freq_hz,angle_deg,spl_db
200,-180,40.9333942751
200,-179,40.9437005073
200,-178,40.9537660471
200,-177,40.9635794362
200,-176,40.9731297126
200,-175,40.982406413
200,-174,40.9913995747
200,-173,41.0000997356
200,-172,41.0084979339
200,-171,41.0165857056
200,-170,41.0243550823
200,-169,41.0317985865
200,-168,41.0389092279
200,-167,41.0456804971
200,-166,41.0521063595
200,-165,41.0581812486
200,-164,41.0639000578
200,-163,41.0692581326
200,-162,41.0742512616
200,-161,41.0788756669
200,-160,41.0831279948
200,-159,41.0870053051
200,-158,41.0905050608
200,-157,41.093625117
200,-156,41.0963637097
200,-155,41.0987194441
200,-154,41.1006912832
200,-153,41.1022785353
200,-152,41.1034808424
200,-151,41.1042981675
200,-150,41.1047307822
200,-149,41.1047792544
200,-148,41.1044444354
200,-147,41.1037274474
200,-146,41.1026296711
200,-145,41.1011527322
200,-144,41.0992984898
200,-143,41.0970690229
200,-142,41.0944666182
200,-141,41.0914937575
200,-140,41.0881531056
200,-139,41.0844474973
200,-138,41.0803799263
200,-137,41.075953532
200,-136,41.0711715886
200,-135,41.0660374933
200,-134,41.0605547543
200,-133,41.0547269803
200,-132,41.0485578694
200,-131,41.042051198
200,-130,41.0352108112
200,-129,41.0280406119
200,-128,41.0205445517
200,-127,41.0127266214
200,-126,41.0045908417
200,-125,40.9961412551
200,-124,40.9873819172
200,-123,40.9783168897
200,-122,40.9689502323
200,-121,40.9592859968
200,-120,40.94932822
200,-119,40.9390809189
200,-118,40.9285480847
200,-117,40.917733679
200,-116,40.9066416294
200,-115,40.8952758262
200,-114,40.8836401199
200,-113,40.8717383193
200,-112,40.8595741897
200,-111,40.8471514528
200,-110,40.8344737869
200,-109,40.821544827
200,-108,40.8083681676
200,-107,40.794947364
200,-106,40.7812859363
200,-105,40.7673873728
200,-104,40.7532551352
200,-103,40.7388926642
200,-102,40.7243033857
200,-101,40.7094907179
200,-100,40.6944580798
200,-99,40.6792088999
200,-98,40.6637466255
200,-97,40.6480747335
200,-96,40.6321967417
200,-95,40.6161162204
200,-94,40.5998368054
200,-93,40.5833622113
200,-92,40.5666962457
200,-91,40.5498428239
200,-90,40.5328059841
200,-89,40.5155899039
200,-88,40.498198916
200,-87,40.4806375257
200,-86,40.4629104281
200,-85,40.4450225257
200,-84,40.4269789466
200,-83,40.4087850629
200,-82,40.3904465085
200,-81,40.3719691982
200,-80,40.3533593462
200,-79,40.3346234839
200,-78,40.3157684786
200,-77,40.2968015514
200,-76,40.2777302947
200,-75,40.258562689
200,-74,40.23930712
200,-73,40.2199723936
200,-72,40.2005677516
200,-71,40.1811028851
200,-70,40.1615879479
200,-69,40.142033568
200,-68,40.1224508583
200,-67,40.1028514254
200,-66,40.0832473773
200,-65,40.0636513288
200,-64,40.044076406
200,-63,40.0245362479
200,-62,40.0050450065
200,-61,39.9856173445
200,-60,39.9662684309
200,-59,39.9470139339
200,-58,39.9278700114
200,-57,39.9088532992
200,-56,39.889980896
200,-55,39.8712703459
200,-54,39.8527396179
200,-53,39.8344070829
200,-52,39.8162914871
200,-51,39.7984119233
200,-50,39.7807877982
200,-49,39.7634387979
200,-48,39.7463848495
200,-47,39.7296460803
200,-46,39.7132427742
200,-45,39.6971953254
200,-44,39.6815241891
200,-43,39.6662498307
200,-42,39.6513926716
200,-41,39.6369730335
200,-40,39.6230110808
200,-39,39.6095267617
200,-38,39.5965397467
200,-37,39.5840693675
200,-36,39.5721345539
200,-35,39.560753771
200,-34,39.5499449556
200,-33,39.5397254532
200,-32,39.5301119555
200,-31,39.5211204383
200,-30,39.5127661015
200,-29,39.5050633098
200,-28,39.4980255363
200,-27,39.4916653074
200,-26,39.4859941518
200,-25,39.481022551
200,-24,39.4767598947
200,-23,39.4732144384
200,-22,39.4703932662
200,-21,39.4683022574
200,-20,39.466946057
200,-19,39.4663280519
200,-18,39.466450351
200,-17,39.4673137706
200,-16,39.468917825
200,-15,39.4712607216
200,-14,39.474339362
200,-13,39.4781493469
200,-12,39.4826849873
200,-11,39.4879393194
200,-10,39.4939041254
200,-9,39.5005699576
200,-8,39.507926168
200,-7,39.5159609411
200,-6,39.5246613314
200,-5,39.534013304
200,-4,39.5440017781
200,-3,39.5546106746
200,-2,39.565822965
200,-1,39.5776207238
200,0,39.5899851818
200,1,39.6028967818
200,2,39.6163352351
200,3,39.6302795793
200,4,39.644708236
200,5,39.6595990699
200,6,39.6749294468
200,7,39.6906762919
200,8,39.7068161475
200,9,39.7233252293
200,10,39.7401794826
200,11,39.7573546364
200,12,39.7748262566
200,13,39.7925697972
200,14,39.8105606498
200,15,39.8287741917
200,16,39.8471858314
200,17,39.8657710524
200,18,39.8845054548
200,19,39.903364795
200,20,39.9223250226
200,21,39.941362316
200,22,39.9604531155
200,23,39.9795741538
200,24,39.9987024853
200,25,40.017815513
200,26,40.0368910131
200,27,40.0559071584
200,28,40.0748425396
200,29,40.0936761845
200,30,40.1123875766
200,31,40.1309566711
200,32,40.1493639101
200,33,40.1675902366
200,34,40.1856171068
200,35,40.2034265015
200,36,40.2210009368
200,37,40.2383234737
200,38,40.2553777265
200,39,40.2721478709
200,40,40.2886186517
200,41,40.3047753892
200,42,40.3206039858
200,43,40.3360909318
200,44,40.3512233113
200,45,40.3659888071
200,46,40.3803757064
200,47,40.3943729053
200,48,40.4079699141
200,49,40.4211568617
200,50,40.4339245006
200,51,40.4462642118
200,52,40.4581680091
200,53,40.4696285444
200,54,40.4806391123
200,55,40.4911936549
200,56,40.5012867667
200,57,40.5109136998
200,58,40.5200703686
200,59,40.5287533549
200,60,40.5369599128
200,61,40.5446879734
200,62,40.55193615
200,63,40.5587037425
200,64,40.5649907419
200,65,40.5707978348
200,66,40.5761264076
200,67,40.5809785496
200,68,40.5853570573
200,69,40.5892654365
200,70,40.5927079053
200,71,40.5956893958
200,72,40.5982155552
200,73,40.6002927466
200,74,40.6019280484
200,75,40.6031292537
200,76,40.6039048675
200,77,40.6042641041
200,78,40.6042168826
200,79,40.6037738218
200,80,40.602946233
200,81,40.6017461122
200,82,40.6001861304
200,83,40.5982796228
200,84,40.5960405759
200,85,40.593483613
200,86,40.5906239785
200,87,40.5874775195
200,88,40.5840606663
200,89,40.5803904105
200,90,40.5764842812
200,91,40.5723603193
200,92,40.5680370498
200,93,40.5635334514
200,94,40.5588689249
200,95,40.5540632591
200,96,40.5491365944
200,97,40.5441093844
200,98,40.5390023562
200,99,40.5338364673
200,100,40.5286328625
200,101,40.5234128268
200,102,40.5181977388
200,103,40.5130090207
200,104,40.5078680878
200,105,40.5027962966
200,106,40.4978148913
200,107,40.4929449501
200,108,40.4882073298
200,109,40.4836226105
200,110,40.4792110397
200,111,40.4749924767
200,112,40.4709863363
200,113,40.4672115339
200,114,40.4636864303
200,115,40.4604287786
200,116,40.4574556711
200,117,40.4547834882
200,118,40.4524278496
200,119,40.4504035667
200,120,40.4487245974
200,121,40.4474040043
200,122,40.4464539145
200,123,40.4458854832
200,124,40.4457088604
200,125,40.445933161
200,126,40.4465664383
200,127,40.4476156619
200,128,40.4490866984
200,129,40.4509842975
200,130,40.4533120813
200,131,40.4560725374
200,132,40.4592670176
200,133,40.4628957392
200,134,40.4669577913
200,135,40.4714511451
200,136,40.4763726679
200,137,40.4817181416
200,138,40.4874822839
200,139,40.4936587743
200,140,40.5002402825
200,141,40.5072185007
200,142,40.5145841786
200,143,40.5223271613
200,144,40.5304364294
200,145,40.5389001419
200,146,40.5477056807
200,147,40.5568396968
200,148,40.5662881585
200,149,40.5760364004
200,150,40.5860691731
200,151,40.5963706941
200,152,40.6069246991
200,153,40.617714493
200,154,40.6287230012
200,155,40.6399328205
200,156,40.6513262698
200,157,40.6628854392
200,158,40.6745922396
200,159,40.6864284498
200,160,40.6983757633
200,161,40.7104158334
200,162,40.7225303169
200,163,40.7347009158
200,164,40.7469094181
200,165,40.7591377359
200,166,40.7713679422
200,167,40.7835823058
200,168,40.7957633239
200,169,40.8078937531
200,170,40.819956638
200,171,40.8319353384
200,172,40.8438135537
200,173,40.8555753462
200,174,40.867205162
200,175,40.8786878498
200,176,40.8900086781
200,177,40.9011533508
200,178,40.9121080206
200,179,40.9228593006
200,180,40.9333942751
220.588662358,-180,42.0241960767
220.588662358,-179,42.0373080905
220.588662358,-178,42.0500725379
220.588662358,-177,42.0624772933
220.588662358,-176,42.074510903
220.588662358,-175,42.0861625802
220.588662358,-174,42.0974222003
220.588662358,-173,42.1082802933
220.588662358,-172,42.118728036
220.588662358,-171,42.1287572432
220.588662358,-170,42.1383603575
220.588662358,-169,42.1475304385
220.588662358,-168,42.1562611513
220.588662358,-167,42.1645467541
220.588662358,-166,42.1723820854
220.588662358,-165,42.1797625501
220.588662358,-164,42.1866841058
220.588662358,-163,42.193143248
220.588662358,-162,42.1991369955
220.588662358,-161,42.2046628748
220.588662358,-160,42.2097189047
220.588662358,-159,42.2143035805
220.588662358,-158,42.2184158576
220.588662358,-157,42.2220551356
220.588662358,-156,42.2252212417
220.588662358,-155,42.227914414
220.588662358,-154,42.2301352851
220.588662358,-153,42.231884865
220.588662358,-152,42.2331645247
220.588662358,-151,42.2339759792
220.588662358,-150,42.2343212705
220.588662358,-149,42.2342027509
220.588662358,-148,42.2336230664
220.588662358,-147,42.2325851397
220.588662358,-146,42.2310921536
220.588662358,-145,42.2291475342
220.588662358,-144,42.2267549349
220.588662358,-143,42.2239182194
220.588662358,-142,42.2206414457
220.588662358,-141,42.2169288501
220.588662358,-140,42.2127848309
220.588662358,-139,42.2082139328
220.588662358,-138,42.2032208312
220.588662358,-137,42.1978103166
220.588662358,-136,42.1919872798
220.588662358,-135,42.1857566966
220.588662358,-134,42.1791236129
220.588662358,-133,42.1720931309
220.588662358,-132,42.1646703943
220.588662358,-131,42.1568605746
220.588662358,-130,42.1486688581
220.588662358,-129,42.1401004319
220.588662358,-128,42.131160472
220.588662358,-127,42.1218541305
220.588662358,-126,42.1121865235
220.588662358,-125,42.1021627205
220.588662358,-124,42.0917877323
220.588662358,-123,42.0810665017
220.588662358,-122,42.070003893
220.588662358,-121,42.0586046827
220.588662358,-120,42.0468735514
220.588662358,-119,42.0348150752
220.588662358,-118,42.0224337188
220.588662358,-117,42.0097338287
220.588662358,-116,41.9967196275
220.588662358,-115,41.9833952089
220.588662358,-114,41.9697645331
220.588662358,-113,41.9558314242
220.588662358,-112,41.9415995669
220.588662358,-111,41.9270725057
220.588662358,-110,41.9122536439
220.588662358,-109,41.8971462439
220.588662358,-108,41.8817534292
220.588662358,-107,41.8660781864
220.588662358,-106,41.8501233687
220.588662358,-105,41.8338917011
220.588662358,-104,41.8173857856
220.588662358,-103,41.8006081086
220.588662358,-102,41.7835610486
220.588662358,-101,41.7662468859
220.588662358,-100,41.7486678127
220.588662358,-99,41.7308259448
220.588662358,-98,41.7127233348
220.588662358,-97,41.694361986
220.588662358,-96,41.6757438675
220.588662358,-95,41.656870931
220.588662358,-94,41.6377451284
220.588662358,-93,41.6183684305
220.588662358,-92,41.5987428471
220.588662358,-91,41.5788704483
220.588662358,-90,41.5587533866
220.588662358,-89,41.5383939201
220.588662358,-88,41.517794437
220.588662358,-87,41.4969574806
220.588662358,-86,41.4758857761
220.588662358,-85,41.4545822569
220.588662358,-84,41.4330500929
220.588662358,-83,41.4112927191
220.588662358,-82,41.3893138647
220.588662358,-81,41.3671175825
220.588662358,-80,41.3447082799
220.588662358,-79,41.3220907487
220.588662358,-78,41.2992701962
220.588662358,-77,41.2762522764
220.588662358,-76,41.2530431202
220.588662358,-75,41.229649367
220.588662358,-74,41.2060781949
220.588662358,-73,41.1823373505
220.588662358,-72,41.158435179
220.588662358,-71,41.1343806525
220.588662358,-70,41.1101833984
220.588662358,-69,41.0858537256
220.588662358,-68,41.0614026504
220.588662358,-67,41.0368419208
220.588662358,-66,41.0121840382
220.588662358,-65,40.9874422786
220.588662358,-64,40.9626307106
220.588662358,-63,40.9377642119
220.588662358,-62,40.9128584824
220.588662358,-61,40.887930056
220.588662358,-60,40.8629963075
220.588662358,-59,40.8380754581
220.588662358,-58,40.8131865764
220.588662358,-57,40.7883495763
220.588662358,-56,40.7635852108
220.588662358,-55,40.7389150619
220.588662358,-54,40.7143615261
220.588662358,-53,40.6899477958
220.588662358,-52,40.6656978357
220.588662358,-51,40.6416363545
220.588662358,-50,40.6177887722
220.588662358,-49,40.5941811818
220.588662358,-48,40.5708403062
220.588662358,-47,40.5477934499
220.588662358,-46,40.5250684454
220.588662358,-45,40.5026935948
220.588662358,-44,40.480697606
220.588662358,-43,40.4591095235
220.588662358,-42,40.4379586553
220.588662358,-41,40.4172744941
220.588662358,-40,40.3970866344
220.588662358,-39,40.3774246855
220.588662358,-38,40.3583181803
220.588662358,-37,40.3397964805
220.588662358,-36,40.3218886789
220.588662358,-35,40.3046234991
220.588662358,-34,40.2880291929
220.588662358,-33,40.2721334356
220.588662358,-32,40.2569632212
220.588662358,-31,40.2425447568
220.588662358,-30,40.228903357
220.588662358,-29,40.2160633393
220.588662358,-28,40.2040479222
220.588662358,-27,40.192879124
220.588662358,-26,40.1825776659
220.588662358,-25,40.1731628787
220.588662358,-24,40.1646526137
220.588662358,-23,40.1570631593
220.588662358,-22,40.1504091627
220.588662358,-21,40.1447035593
220.588662358,-20,40.1399575076
220.588662358,-19,40.136180333
220.588662358,-18,40.1333794791
220.588662358,-17,40.1315604672
220.588662358,-16,40.1307268646
220.588662358,-15,40.1308802624
220.588662358,-14,40.1320202616
220.588662358,-13,40.134144469
220.588662358,-12,40.1372485018
220.588662358,-11,40.1413260018
220.588662358,-10,40.146368658
220.588662358,-9,40.1523662381
220.588662358,-8,40.1593066285
220.588662358,-7,40.1671758817
220.588662358,-6,40.1759582717
220.588662358,-5,40.1856363561
220.588662358,-4,40.1961910447
220.588662358,-3,40.2076016735
220.588662358,-2,40.2198460847
220.588662358,-1,40.23290071
220.588662358,0,40.2467406588
220.588662358,1,40.2613398088
220.588662358,2,40.2766708993
220.588662358,3,40.2927056267
220.588662358,4,40.3094147399
220.588662358,5,40.3267681377
220.588662358,6,40.3447349648
220.588662358,7,40.363283708
220.588662358,8,40.3823822907
220.588662358,9,40.4019981656
220.588662358,10,40.4220984059
220.588662358,11,40.4426497929
220.588662358,12,40.463618902
220.588662358,13,40.484972184
220.588662358,14,40.5066760445
220.588662358,15,40.5286969182
220.588662358,16,40.5510013405
220.588662358,17,40.5735560144
220.588662358,18,40.5963278738
220.588662358,19,40.6192841425
220.588662358,20,40.6423923896
220.588662358,21,40.66562058
220.588662358,22,40.6889371221
220.588662358,23,40.7123109104
220.588662358,24,40.7357113654
220.588662358,25,40.7591084696
220.588662358,26,40.7824727993
220.588662358,27,40.8057755543
220.588662358,28,40.8289885838
220.588662358,29,40.8520844091
220.588662358,30,40.8750362445
220.588662358,31,40.897818015
220.588662358,32,40.9204043714
220.588662358,33,40.9427707043
220.588662358,34,40.9648931551
220.588662358,35,40.986748626
220.588662358,36,41.0083147882
220.588662358,37,41.0295700886
220.588662358,38,41.0504937555
220.588662358,39,41.0710658035
220.588662358,40,41.0912670369
220.588662358,41,41.1110790535
220.588662358,42,41.1304842464
220.588662358,43,41.1494658068
220.588662358,44,41.1680077254
220.588662358,45,41.1860947945
220.588662358,46,41.2037126094
220.588662358,47,41.2208475699
220.588662358,48,41.2374868821
220.588662358,49,41.2536185603
220.588662358,50,41.269231429
220.588662358,51,41.284315125
220.588662358,52,41.2988601002
220.588662358,53,41.3128576246
220.588662358,54,41.3262997893
220.588662358,55,41.3391795102
220.588662358,56,41.351490532
220.588662358,57,41.3632274327
220.588662358,58,41.3743856276
220.588662358,59,41.3849613749
220.588662358,60,41.3949517807
220.588662358,61,41.4043548042
220.588662358,62,41.4131692634
220.588662358,63,41.4213948412
220.588662358,64,41.4290320906
220.588662358,65,41.436082441
220.588662358,66,41.4425482035
220.588662358,67,41.4484325767
220.588662358,68,41.4537396519
220.588662358,69,41.4584744181
220.588662358,70,41.4626427661
220.588662358,71,41.4662514931
220.588662358,72,41.4693083052
220.588662358,73,41.4718218205
220.588662358,74,41.4738015701
220.588662358,75,41.4752579989
220.588662358,76,41.476202465
220.588662358,77,41.4766472374
220.588662358,78,41.4766054929
220.588662358,79,41.4760913109
220.588662358,80,41.475119667
220.588662358,81,41.4737064239
220.588662358,82,41.4718683215
220.588662358,83,41.4696229637
220.588662358,84,41.4669888035
220.588662358,85,41.4639851259
220.588662358,86,41.4606320276
220.588662358,87,41.4569503947
220.588662358,88,41.452961877
220.588662358,89,41.4486888602
220.588662358,90,41.4441544343
220.588662358,91,41.4393823593
220.588662358,92,41.4343970279
220.588662358,93,41.429223425
220.588662358,94,41.4238870833
220.588662358,95,41.4184140368
220.588662358,96,41.41283077
220.588662358,97,41.4071641644
220.588662358,98,41.4014414419
220.588662358,99,41.3956901046
220.588662358,100,41.3899378722
220.588662358,101,41.3842126163
220.588662358,102,41.3785422915
220.588662358,103,41.3729548649
220.588662358,104,41.3674782425
220.588662358,105,41.3621401939
220.588662358,106,41.3569682753
220.588662358,107,41.3519897505
220.588662358,108,41.3472315116
220.588662358,109,41.3427199978
220.588662358,110,41.338481115
220.588662358,111,41.3345401546
220.588662358,112,41.3309217128
220.588662358,113,41.327649611
220.588662358,114,41.3247468174
220.588662358,115,41.3222353707
220.588662358,116,41.320136305
220.588662358,117,41.3184695789
220.588662358,118,41.3172540064
220.588662358,119,41.3165071926
220.588662358,120,41.3162454722
220.588662358,121,41.3164838537
220.588662358,122,41.3172359673
220.588662358,123,41.318514019
220.588662358,124,41.3203287496
220.588662358,125,41.3226893994
220.588662358,126,41.3256036799
220.588662358,127,41.3290777503
220.588662358,128,41.3331162018
220.588662358,129,41.3377220474
220.588662358,130,41.3428967192
220.588662358,131,41.348640071
220.588662358,132,41.3549503887
220.588662358,133,41.3618244064
220.588662358,134,41.3692573288
220.588662358,135,41.3772428599
220.588662358,136,41.3857732376
220.588662358,137,41.3948392734
220.588662358,138,41.4044303977
220.588662358,139,41.4145347099
220.588662358,140,41.425139033
220.588662358,141,41.4362289722
220.588662358,142,41.4477889775
220.588662358,143,41.4598024086
220.588662358,144,41.4722516041
220.588662358,145,41.4851179517
220.588662358,146,41.4983819604
220.588662358,147,41.5120233352
220.588662358,148,41.5260210513
220.588662358,149,41.54035343
220.588662358,150,41.5549982139
220.588662358,151,41.5699326423
220.588662358,152,41.5851335259
220.588662358,153,41.6005773203
220.588662358,154,41.6162401985
220.588662358,155,41.6320981209
220.588662358,156,41.6481269049
220.588662358,157,41.6643022909
220.588662358,158,41.6806000066
220.588662358,159,41.6969958287
220.588662358,160,41.7134656419
220.588662358,161,41.7299854952
220.588662358,162,41.7465316544
220.588662358,163,41.7630806533
220.588662358,164,41.7796093395
220.588662358,165,41.7960949196
220.588662358,166,41.8125149992
220.588662358,167,41.8288476211
220.588662358,168,41.8450712995
220.588662358,169,41.8611650522
220.588662358,170,41.8771084288
220.588662358,171,41.8928815366
220.588662358,172,41.9084650635
220.588662358,173,41.9238402979
220.588662358,174,41.9389891467
220.588662358,175,41.9538941496
220.588662358,176,41.9685384921
220.588662358,177,41.9829060157
220.588662358,178,41.9969812255
220.588662358,179,42.0107492963
220.588662358,180,42.0241960767
243.296789805,-180,43.1735824329
243.296789805,-179,43.1893185221
243.296789805,-178,43.2045715731
243.296789805,-177,43.2193300718
243.296789805,-176,43.2335833573
243.296789805,-175,43.2473216079
243.296789805,-174,43.260535825
243.296789805,-173,43.2732178161
243.296789805,-172,43.2853601771
243.296789805,-171,43.2969562744
243.296789805,-170,43.3080002249
243.296789805,-169,43.3184868776
243.296789805,-168,43.3284117925
243.296789805,-167,43.3377712207
243.296789805,-166,43.3465620833
243.296789805,-165,43.3547819507
243.296789805,-164,43.3624290211
243.296789805,-163,43.3695020989
243.296789805,-162,43.3760005735
243.296789805,-161,43.3819243974
243.296789805,-160,43.3872740646
243.296789805,-159,43.3920505889
243.296789805,-158,43.3962554821
243.296789805,-157,43.3998907325
243.296789805,-156,43.402958783
243.296789805,-155,43.4054625097
243.296789805,-154,43.4074052004
243.296789805,-153,43.4087905331
243.296789805,-152,43.4096225549
243.296789805,-151,43.4099056604
243.296789805,-150,43.4096445709
243.296789805,-149,43.4088443135
243.296789805,-148,43.4075101999
243.296789805,-147,43.405647806
243.296789805,-146,43.403262951
243.296789805,-145,43.4003616773
243.296789805,-144,43.3969502297
243.296789805,-143,43.3930350358
243.296789805,-142,43.3886226854
243.296789805,-141,43.383719911
243.296789805,-140,43.378333568
243.296789805,-139,43.372470615
243.296789805,-138,43.3661380947
243.296789805,-137,43.3593431145
243.296789805,-136,43.3520928276
243.296789805,-135,43.3443944144
243.296789805,-134,43.3362550638
243.296789805,-133,43.3276819548
243.296789805,-132,43.318682239
243.296789805,-131,43.3092630222
243.296789805,-130,43.2994313477
243.296789805,-129,43.2891941788
243.296789805,-128,43.2785583822
243.296789805,-127,43.2675307119
243.296789805,-126,43.2561177931
243.296789805,-125,43.2443261068
243.296789805,-124,43.2321619755
243.296789805,-123,43.2196315479
243.296789805,-122,43.206740786
243.296789805,-121,43.1934954515
243.296789805,-120,43.1799010936
243.296789805,-119,43.1659630372
243.296789805,-118,43.1516863717
243.296789805,-117,43.1370759412
243.296789805,-116,43.1221363351
243.296789805,-115,43.1068718798
243.296789805,-114,43.0912866311
243.296789805,-113,43.075384368
243.296789805,-112,43.0591685875
243.296789805,-111,43.0426425003
243.296789805,-110,43.0258090279
243.296789805,-109,43.0086708011
243.296789805,-108,42.991230159
243.296789805,-107,42.9734891506
243.296789805,-106,42.9554495366
243.296789805,-105,42.9371127936
243.296789805,-104,42.9184801188
243.296789805,-103,42.8995524372
243.296789805,-102,42.8803304099
243.296789805,-101,42.8608144437
243.296789805,-100,42.8410047033
243.296789805,-99,42.8209011239
243.296789805,-98,42.8005034267
243.296789805,-97,42.7798111354
243.296789805,-96,42.7588235945
243.296789805,-95,42.7375399898
243.296789805,-94,42.7159593704
243.296789805,-93,42.6940806718
243.296789805,-92,42.6719027425
243.296789805,-91,42.6494243703
243.296789805,-90,42.6266443119
243.296789805,-89,42.6035613234
243.296789805,-88,42.5801741929
243.296789805,-87,42.5564817749
243.296789805,-86,42.5324830253
243.296789805,-85,42.5081770398
243.296789805,-84,42.4835630919
243.296789805,-83,42.4586406738
243.296789805,-82,42.4334095381
243.296789805,-81,42.4078697407
243.296789805,-80,42.3820216853
243.296789805,-79,42.3558661689
243.296789805,-78,42.3294044281
243.296789805,-77,42.3026381869
243.296789805,-76,42.2755697044
243.296789805,-75,42.2482018243
243.296789805,-74,42.2205380236
243.296789805,-73,42.1925824632
243.296789805,-72,42.1643400368
243.296789805,-71,42.1358164219
243.296789805,-70,42.1070181286
243.296789805,-69,42.0779525495
243.296789805,-68,42.0486280081
243.296789805,-67,42.0190538069
243.296789805,-66,41.9892402737
243.296789805,-65,41.9591988072
243.296789805,-64,41.9289419204
243.296789805,-63,41.8984832824
243.296789805,-62,41.8678377577
243.296789805,-61,41.8370214428
243.296789805,-60,41.8060517
243.296789805,-59,41.7749471879
243.296789805,-58,41.7437278879
243.296789805,-57,41.712415127
243.296789805,-56,41.6810315957
243.296789805,-55,41.6496013614
243.296789805,-54,41.6181498762
243.296789805,-53,41.5867039791
243.296789805,-52,41.5552918922
243.296789805,-51,41.5239432099
243.296789805,-50,41.4926888818
243.296789805,-49,41.4615611876
243.296789805,-48,41.4305937045
243.296789805,-47,41.3998212672
243.296789805,-46,41.3692799181
243.296789805,-45,41.33900685
243.296789805,-44,41.3090403398
243.296789805,-43,41.279419672
243.296789805,-42,41.2501850544
243.296789805,-41,41.2213775236
243.296789805,-40,41.1930388413
243.296789805,-39,41.1652113814
243.296789805,-38,41.1379380083
243.296789805,-37,41.1112619462
243.296789805,-36,41.0852266398
243.296789805,-35,41.0598756078
243.296789805,-34,41.0352522876
243.296789805,-33,41.0113998754
243.296789805,-32,40.9883611581
243.296789805,-31,40.9661783425
243.296789805,-30,40.9448928787
243.296789805,-29,40.9245452817
243.296789805,-28,40.9051749511
243.296789805,-27,40.8868199908
243.296789805,-26,40.8695170288
243.296789805,-25,40.8533010403
243.296789805,-24,40.8382051746
243.296789805,-23,40.8242605868
243.296789805,-22,40.8114962768
243.296789805,-21,40.7999389363
243.296789805,-20,40.7896128057
243.296789805,-19,40.7805395421
243.296789805,-18,40.7727380987
243.296789805,-17,40.7662246189
243.296789805,-16,40.7610123443
243.296789805,-15,40.7571115376
243.296789805,-14,40.7545294223
243.296789805,-13,40.7532701389
243.296789805,-12,40.7533347179
243.296789805,-11,40.75472107
243.296789805,-10,40.7574239941
243.296789805,-9,40.7614352017
243.296789805,-8,40.7667433587
243.296789805,-7,40.7733341425
243.296789805,-6,40.7811903153
243.296789805,-5,40.7902918117
243.296789805,-4,40.8006158399
243.296789805,-3,40.8121369954
243.296789805,-2,40.8248273858
243.296789805,-1,40.8386567655
243.296789805,0,40.8535926797
243.296789805,1,40.8696006139
243.296789805,2,40.8866441514
243.296789805,3,40.9046851328
243.296789805,4,40.9236838202
243.296789805,5,40.9435990622
243.296789805,6,40.9643884593
243.296789805,7,40.9860085282
243.296789805,8,41.0084148647
243.296789805,9,41.0315623024
243.296789805,10,41.0554050686
243.296789805,11,41.0798969342
243.296789805,12,41.1049913586
243.296789805,13,41.1306416284
243.296789805,14,41.1568009887
243.296789805,15,41.1834227681
243.296789805,16,41.2104604957
243.296789805,17,41.2378680101
243.296789805,18,41.2655995617
243.296789805,19,41.2936099059
243.296789805,20,41.3218543893
243.296789805,21,41.350289028
243.296789805,22,41.3788705783
243.296789805,23,41.4075566007
243.296789805,24,41.4363055157
243.296789805,25,41.4650766544
243.296789805,26,41.4938303014
243.296789805,27,41.5225277331
243.296789805,28,41.551131249
243.296789805,29,41.5796041991
243.296789805,30,41.6079110059
243.296789805,31,41.6360171818
243.296789805,32,41.6638893433
243.296789805,33,41.691495221
243.296789805,34,41.7188036671
243.296789805,35,41.7457846592
243.296789805,36,41.7724093027
243.296789805,37,41.7986498306
243.296789805,38,41.8244796015
243.296789805,39,41.8498730967
243.296789805,40,41.8748059155
243.296789805,41,41.8992547703
243.296789805,42,41.9231974808
243.296789805,43,41.9466129677
243.296789805,44,41.9694812467
243.296789805,45,41.991783422
243.296789805,46,42.0135016806
243.296789805,47,42.0346192862
243.296789805,48,42.0551205745
243.296789805,49,42.0749909482
243.296789805,50,42.0942168737
243.296789805,51,42.1127858774
243.296789805,52,42.1306865438
243.296789805,53,42.147908514
243.296789805,54,42.1644424854
243.296789805,55,42.180280212
243.296789805,56,42.1954145058
243.296789805,57,42.2098392392
243.296789805,58,42.223549348
243.296789805,59,42.2365408358
243.296789805,60,42.2488107785
243.296789805,61,42.2603573298
243.296789805,62,42.2711797279
243.296789805,63,42.281278302
243.296789805,64,42.2906544796
243.296789805,65,42.2993107941
243.296789805,66,42.3072508932
243.296789805,67,42.3144795464
243.296789805,68,42.3210026535
243.296789805,69,42.3268272523
243.296789805,70,42.3319615265
243.296789805,71,42.3364148125
243.296789805,72,42.3401976062
243.296789805,73,42.3433215687
243.296789805,74,42.3457995306
243.296789805,75,42.3476454961
243.296789805,76,42.3488746445
243.296789805,77,42.3495033306
243.296789805,78,42.3495490835
243.296789805,79,42.3490306028
243.296789805,80,42.3479677527
243.296789805,81,42.3463815535
243.296789805,82,42.3442941703
243.296789805,83,42.3417288988
243.296789805,84,42.3387101474
243.296789805,85,42.3352634161
243.296789805,86,42.331415272
243.296789805,87,42.3271933199
243.296789805,88,42.3226261695
243.296789805,89,42.3177433979
243.296789805,90,42.3125755078
243.296789805,91,42.3071538806
243.296789805,92,42.3015107246
243.296789805,93,42.295679019
243.296789805,94,42.2896924517
243.296789805,95,42.2835853528
243.296789805,96,42.2773926226
243.296789805,97,42.2711496549
243.296789805,98,42.2648922543
243.296789805,99,42.2586565498
243.296789805,100,42.2524789028
243.296789805,101,42.2463958107
243.296789805,102,42.2404438065
243.296789805,103,42.2346593539
243.296789805,104,42.2290787395
243.296789805,105,42.2237379611
243.296789805,106,42.2186726141
243.296789805,107,42.2139177751
243.296789805,108,42.2095078841
243.296789805,109,42.2054766264
243.296789805,110,42.2018568134
243.296789805,111,42.1986802644
243.296789805,112,42.1959776897
243.296789805,113,42.1937785758
243.296789805,114,42.1921110725
243.296789805,115,42.191001885
243.296789805,116,42.1904761697
243.296789805,117,42.1905574349
243.296789805,118,42.1912674479
243.296789805,119,42.192626149
243.296789805,120,42.1946515723
243.296789805,121,42.1973597748
243.296789805,122,42.2007647745
243.296789805,123,42.204878497
243.296789805,124,42.2097107319
243.296789805,125,42.2152690997
243.296789805,126,42.2215590278
243.296789805,127,42.2285837377
243.296789805,128,42.2363442428
243.296789805,129,42.244839356
243.296789805,130,42.254065708
243.296789805,131,42.2640177759
243.296789805,132,42.2746879216
243.296789805,133,42.2860664395
243.296789805,134,42.2981416134
243.296789805,135,42.3108997821
243.296789805,136,42.3243254123
243.296789805,137,42.3384011799
243.296789805,138,42.3531080566
243.296789805,139,42.3684254032
243.296789805,140,42.384331068
243.296789805,141,42.4008014888
243.296789805,142,42.4178117992
243.296789805,143,42.4353359371
243.296789805,144,42.4533467559
243.296789805,145,42.4718161356
243.296789805,146,42.4907150958
243.296789805,147,42.5100139077
243.296789805,148,42.5296822052
243.296789805,149,42.5496890946
243.296789805,150,42.5700032625
243.296789805,151,42.5905930806
243.296789805,152,42.6114267078
243.296789805,153,42.6324721886
243.296789805,154,42.653697548
243.296789805,155,42.6750708816
243.296789805,156,42.6965604421
243.296789805,157,42.7181347202
243.296789805,158,42.7397625221
243.296789805,159,42.7614130404
243.296789805,160,42.7830559218
243.296789805,161,42.8046613286
243.296789805,162,42.8261999956
243.296789805,163,42.8476432824
243.296789805,164,42.8689632205
243.296789805,165,42.890132556
243.296789805,166,42.911124787
243.296789805,167,42.9319141976
243.296789805,168,42.9524758868
243.296789805,169,42.9727857936
243.296789805,170,42.9928207179
243.296789805,171,43.0125583383
243.296789805,172,43.0319772256
243.296789805,173,43.051056853
243.296789805,174,43.0697776044
243.296789805,175,43.0881207778
243.296789805,176,43.1060685874
243.296789805,177,43.1236041632
243.296789805,178,43.1407115469
243.296789805,179,43.1573756874
243.296789805,180,43.1735824329
268.342567096,-180,44.3760037973
268.342567096,-179,44.393701898
268.342567096,-178,44.4107549412
268.342567096,-177,44.4271537318
268.342567096,-176,44.4428900869
268.342567096,-175,44.4579568084
268.342567096,-174,44.4723476556
268.342567096,-173,44.4860573168
268.342567096,-172,44.499081381
268.342567096,-171,44.5114163097
268.342567096,-170,44.5230594082
268.342567096,-169,44.5340087967
268.342567096,-168,44.5442633826
268.342567096,-167,44.5538228312
268.342567096,-166,44.5626875381
268.342567096,-165,44.5708586008
268.342567096,-164,44.5783377911
268.342567096,-163,44.5851275272
268.342567096,-162,44.5912308463
268.342567096,-161,44.5966513778
268.342567096,-160,44.6013933162
268.342567096,-159,44.6054613943
268.342567096,-158,44.6088608574
268.342567096,-157,44.6115974365
268.342567096,-156,44.6136773234
268.342567096,-155,44.6151071441
268.342567096,-154,44.6158939344
268.342567096,-153,44.6160451141
268.342567096,-152,44.6155684625
268.342567096,-151,44.6144720936
268.342567096,-150,44.6127644315
268.342567096,-149,44.6104541863
268.342567096,-148,44.6075503294
268.342567096,-147,44.6040620703
268.342567096,-146,44.5999988318
268.342567096,-145,44.5953702267
268.342567096,-144,44.5901860343
268.342567096,-143,44.5844561763
268.342567096,-142,44.5781906935
268.342567096,-141,44.5713997227
268.342567096,-140,44.564093473
268.342567096,-139,44.5562822024
268.342567096,-138,44.5479761952
268.342567096,-137,44.5391857383
268.342567096,-136,44.5299210986
268.342567096,-135,44.5201924999
268.342567096,-134,44.5100100997
268.342567096,-133,44.4993839673
268.342567096,-132,44.4883240604
268.342567096,-131,44.4768402031
268.342567096,-130,44.4649420636
268.342567096,-129,44.4526391319
268.342567096,-128,44.4399406985
268.342567096,-127,44.4268558323
268.342567096,-126,44.4133933596
268.342567096,-125,44.3995618433
268.342567096,-124,44.3853695625
268.342567096,-123,44.3708244922
268.342567096,-122,44.3559342839
268.342567096,-121,44.340706247
268.342567096,-120,44.3251473297
268.342567096,-119,44.3092641025
268.342567096,-118,44.2930627401
268.342567096,-117,44.2765490064
268.342567096,-116,44.2597282388
268.342567096,-115,44.2426053342
268.342567096,-114,44.225184736
268.342567096,-113,44.2074704219
268.342567096,-112,44.1894658936
268.342567096,-111,44.1711741667
268.342567096,-110,44.1525977635
268.342567096,-109,44.1337387057
268.342567096,-108,44.1145985095
268.342567096,-107,44.0951781828
268.342567096,-106,44.0754782225
268.342567096,-105,44.0554986155
268.342567096,-104,44.03523884
268.342567096,-103,44.01469787
268.342567096,-102,43.9938741808
268.342567096,-101,43.972765757
268.342567096,-100,43.9513701029
268.342567096,-99,43.9296842547
268.342567096,-98,43.9077047952
268.342567096,-97,43.8854278707
268.342567096,-96,43.8628492102
268.342567096,-95,43.8399641474
268.342567096,-94,43.8167676445
268.342567096,-93,43.7932543191
268.342567096,-92,43.7694184729
268.342567096,-91,43.7452541239
268.342567096,-90,43.7207550399
268.342567096,-89,43.6959147757
268.342567096,-88,43.6707267118
268.342567096,-87,43.6451840964
268.342567096,-86,43.6192800893
268.342567096,-85,43.5930078087
268.342567096,-84,43.5663603804
268.342567096,-83,43.5393309888
268.342567096,-82,43.5119129313
268.342567096,-81,43.4840996738
268.342567096,-80,43.4558849097
268.342567096,-79,43.42726262
268.342567096,-78,43.3982271361
268.342567096,-77,43.3687732042
268.342567096,-76,43.3388960525
268.342567096,-75,43.3085914586
268.342567096,-74,43.2778558206
268.342567096,-73,43.2466862279
268.342567096,-72,43.2150805348
268.342567096,-71,43.1830374347
268.342567096,-70,43.1505565354
268.342567096,-69,43.117638436
268.342567096,-68,43.0842848033
268.342567096,-67,43.0504984505
268.342567096,-66,43.0162834143
268.342567096,-65,42.9816450331
268.342567096,-64,42.9465900254
268.342567096,-63,42.9111265661
268.342567096,-62,42.8752643635
268.342567096,-61,42.8390147342
268.342567096,-60,42.8023906764
268.342567096,-59,42.7654069416
268.342567096,-58,42.7280801033
268.342567096,-57,42.6904286228
268.342567096,-56,42.652472912
268.342567096,-55,42.6142353908
268.342567096,-54,42.5757405416
268.342567096,-53,42.5370149564
268.342567096,-52,42.4980873798
268.342567096,-51,42.4589887439
268.342567096,-50,42.419752196
268.342567096,-49,42.3804131184
268.342567096,-48,42.3410091387
268.342567096,-47,42.3015801301
268.342567096,-46,42.2621682014
268.342567096,-45,42.2228176747
268.342567096,-44,42.1835750514
268.342567096,-43,42.1444889639
268.342567096,-42,42.1056101144
268.342567096,-41,42.0669911978
268.342567096,-40,42.0286868097
268.342567096,-39,41.9907533376
268.342567096,-38,41.9532488362
268.342567096,-37,41.9162328852
268.342567096,-36,41.879766429
268.342567096,-35,41.8439116006
268.342567096,-34,41.8087315259
268.342567096,-33,41.7742901129
268.342567096,-32,41.7406518223
268.342567096,-31,41.7078814237
268.342567096,-30,41.6760437352
268.342567096,-29,41.6452033504
268.342567096,-28,41.615424352
268.342567096,-27,41.5867700153
268.342567096,-26,41.5593025023
268.342567096,-25,41.5330825504
268.342567096,-24,41.5081691555
268.342567096,-23,41.4846192552
268.342567096,-22,41.4624874127
268.342567096,-21,41.441825505
268.342567096,-20,41.4226824194
268.342567096,-19,41.4051037604
268.342567096,-18,41.3891315699
268.342567096,-17,41.3748040657
268.342567096,-16,41.3621553988
268.342567096,-15,41.3512154342
268.342567096,-14,41.3420095569
268.342567096,-13,41.334558506
268.342567096,-12,41.328878238
268.342567096,-11,41.3249798223
268.342567096,-10,41.3228693689
268.342567096,-9,41.3225479893
268.342567096,-8,41.3240117917
268.342567096,-7,41.3272519101
268.342567096,-6,41.3322545652
268.342567096,-5,41.3390011591
268.342567096,-4,41.3474683997
268.342567096,-3,41.357628454
268.342567096,-2,41.3694491282
268.342567096,-1,41.3828940726
268.342567096,0,41.3979230072
268.342567096,1,41.4144919667
268.342567096,2,41.4325535609
268.342567096,3,41.4520572474
268.342567096,4,41.4729496151
268.342567096,5,41.4951746721
268.342567096,6,41.5186741393
268.342567096,7,41.5433877429
268.342567096,8,41.5692535062
268.342567096,9,41.5962080358
268.342567096,10,41.6241868021
268.342567096,11,41.6531244105
268.342567096,12,41.6829548622
268.342567096,13,41.7136118031
268.342567096,14,41.74502876
268.342567096,15,41.777139362
268.342567096,16,41.8098775474
268.342567096,17,41.8431777554
268.342567096,18,41.8769751021
268.342567096,19,41.9112055412
268.342567096,20,41.9458060084
268.342567096,21,41.980714552
268.342567096,22,42.0158704472
268.342567096,23,42.0512142971
268.342567096,24,42.08668812
268.342567096,25,42.1222354235
268.342567096,26,42.1578012671
268.342567096,27,42.1933323127
268.342567096,28,42.2287768654
268.342567096,29,42.2640849046
268.342567096,30,42.2992081061
268.342567096,31,42.3340998567
268.342567096,32,42.3687152623
268.342567096,33,42.4030111484
268.342567096,34,42.4369460572
268.342567096,35,42.4704802384
268.342567096,36,42.5035756374
268.342567096,37,42.5361958794
268.342567096,38,42.5683062516
268.342567096,39,42.5998736828
268.342567096,40,42.6308667224
268.342567096,41,42.6612555175
268.342567096,42,42.6910117902
268.342567096,43,42.7201088144
268.342567096,44,42.7485213933
268.342567096,45,42.7762258371
268.342567096,46,42.8031999415
268.342567096,47,42.8294229678
268.342567096,48,42.8548756243
268.342567096,49,42.8795400481
268.342567096,50,42.9033997904
268.342567096,51,42.926439802
268.342567096,52,42.9486464214
268.342567096,53,42.9700073648
268.342567096,54,42.9905117176
268.342567096,55,43.0101499285
268.342567096,56,43.0289138051
268.342567096,57,43.0467965116
268.342567096,58,43.0637925686
268.342567096,59,43.079897854
268.342567096,60,43.0951096067
268.342567096,61,43.1094264313
268.342567096,62,43.1228483041
268.342567096,63,43.1353765811
268.342567096,64,43.1470140071
268.342567096,65,43.1577647256
268.342567096,66,43.1676342895
268.342567096,67,43.1766296736
268.342567096,68,43.184759286
268.342567096,69,43.1920329808
268.342567096,70,43.1984620711
268.342567096,71,43.2040593407
268.342567096,72,43.208839056
268.342567096,73,43.2128169774
268.342567096,74,43.216010369
268.342567096,75,43.2184380071
268.342567096,76,43.220120187
268.342567096,77,43.2210787279
268.342567096,78,43.221336975
268.342567096,79,43.2209197991
268.342567096,80,43.2198535925
268.342567096,81,43.218166262
268.342567096,82,43.2158872171
268.342567096,83,43.2130473544
268.342567096,84,43.2096790372
268.342567096,85,43.2058160688
268.342567096,86,43.2014936618
268.342567096,87,43.1967483997
268.342567096,88,43.1916181937
268.342567096,89,43.1861422311
268.342567096,90,43.1803609178
268.342567096,91,43.1743158127
268.342567096,92,43.1680495548
268.342567096,93,43.161605782
268.342567096,94,43.1550290422
268.342567096,95,43.1483646961
268.342567096,96,43.1416588115
268.342567096,97,43.1349580494
268.342567096,98,43.1283095429
268.342567096,99,43.1217607667
268.342567096,100,43.1153594003
268.342567096,101,43.1091531834
268.342567096,102,43.1031897645
268.342567096,103,43.0975165437
268.342567096,104,43.0921805097
268.342567096,105,43.0872280727
268.342567096,106,43.0827048929
268.342567096,107,43.0786557069
268.342567096,108,43.0751241519
268.342567096,109,43.0721525903
268.342567096,110,43.0697819338
268.342567096,111,43.0680514713
268.342567096,112,43.0669986983
268.342567096,113,43.0666591531
268.342567096,114,43.0670662578
268.342567096,115,43.0682511678
268.342567096,116,43.0702426296
268.342567096,117,43.0730668496
268.342567096,118,43.0767473738
268.342567096,119,43.0813049808
268.342567096,120,43.086757588
268.342567096,121,43.0931201729
268.342567096,122,43.1004047096
268.342567096,123,43.1086201212
268.342567096,124,43.1177722496
268.342567096,125,43.1278638407
268.342567096,126,43.1388945477
268.342567096,127,43.1508609512
268.342567096,128,43.1637565948
268.342567096,129,43.1775720382
268.342567096,130,43.1922949254
268.342567096,131,43.2079100672
268.342567096,132,43.2243995381
268.342567096,133,43.2417427867
268.342567096,134,43.2599167565
268.342567096,135,43.2788960186
268.342567096,136,43.2986529128
268.342567096,137,43.3191576969
268.342567096,138,43.3403787031
268.342567096,139,43.3622824983
268.342567096,140,43.3848340496
268.342567096,141,43.4079968916
268.342567096,142,43.4317332946
268.342567096,143,43.4560044332
268.342567096,144,43.4807705535
268.342567096,145,43.5059911377
268.342567096,146,43.5316250658
268.342567096,147,43.5576307725
268.342567096,148,43.5839663993
268.342567096,149,43.6105899409
268.342567096,150,43.6374593848
268.342567096,151,43.6645328444
268.342567096,152,43.6917686844
268.342567096,153,43.7191256393
268.342567096,154,43.7465629226
268.342567096,155,43.7740403299
268.342567096,156,43.8015183325
268.342567096,157,43.8289581636
268.342567096,158,43.8563218965
268.342567096,159,43.8835725149
268.342567096,160,43.9106739758
268.342567096,161,43.9375912647
268.342567096,162,43.9642904441
268.342567096,163,43.9907386946
268.342567096,164,44.0169043506
268.342567096,165,44.0427569283
268.342567096,166,44.0682671494
268.342567096,167,44.0934069586
268.342567096,168,44.118149536
268.342567096,169,44.142469305
268.342567096,170,44.166341936
268.342567096,171,44.1897443458
268.342567096,172,44.2126546934
268.342567096,173,44.2350523726
268.342567096,174,44.2569180016
268.342567096,175,44.2782334096
268.342567096,176,44.2989816213
268.342567096,177,44.3191468393
268.342567096,178,44.3387144241
268.342567096,179,44.357670873
268.342567096,180,44.3760037973
295.966639648,-180,45.6190964371
295.966639648,-179,45.6375449646
295.966639648,-178,45.6551647572
295.966639648,-177,45.6719508321
295.966639648,-176,45.6878993235
295.966639648,-175,45.7030074436
295.966639648,-174,45.7172734437
295.966639648,-173,45.7306965766
295.966639648,-172,45.7432770589
295.966639648,-171,45.7550160341
295.966639648,-170,45.7659155365
295.966639648,-169,45.7759784558
295.966639648,-168,45.7852085021
295.966639648,-167,45.7936101717
295.966639648,-166,45.801188714
295.966639648,-165,45.8079500981
295.966639648,-164,45.8139009812
295.966639648,-163,45.8190486764
295.966639648,-162,45.8234011227
295.966639648,-161,45.8269668537
295.966639648,-160,45.8297549684
295.966639648,-159,45.8317751015
295.966639648,-158,45.8330373949
295.966639648,-157,45.8335524692
295.966639648,-156,45.8333313956
295.966639648,-155,45.8323856683
295.966639648,-154,45.8307271772
295.966639648,-153,45.8283681812
295.966639648,-152,45.8253212807
295.966639648,-151,45.8215993918
295.966639648,-150,45.8172157192
295.966639648,-149,45.8121837304
295.966639648,-148,45.8065171295
295.966639648,-147,45.8002298306
295.966639648,-146,45.7933359322
295.966639648,-145,45.7858496906
295.966639648,-144,45.7777854944
295.966639648,-143,45.7691578374
295.966639648,-142,45.7599812931
295.966639648,-141,45.7502704876
295.966639648,-140,45.7400400734
295.966639648,-139,45.7293047027
295.966639648,-138,45.7180790002
295.966639648,-137,45.7063775362
295.966639648,-136,45.6942147994
295.966639648,-135,45.6816051694
295.966639648,-134,45.6685628887
295.966639648,-133,45.6551020357
295.966639648,-132,45.6412364961
295.966639648,-131,45.6269799346
295.966639648,-130,45.6123457675
295.966639648,-129,45.5973471333
295.966639648,-128,45.5819968653
295.966639648,-127,45.5663074622
295.966639648,-126,45.5502910604
295.966639648,-125,45.5339594053
295.966639648,-124,45.517323823
295.966639648,-123,45.5003951925
295.966639648,-122,45.4831839177
295.966639648,-121,45.4656999002
295.966639648,-120,45.447952512
295.966639648,-119,45.429950569
295.966639648,-118,45.4117023053
295.966639648,-117,45.3932153477
295.966639648,-116,45.3744966916
295.966639648,-115,45.3555526772
295.966639648,-114,45.3363889671
295.966639648,-113,45.3170105251
295.966639648,-112,45.2974215959
295.966639648,-111,45.2776256868
295.966639648,-110,45.2576255501
295.966639648,-109,45.237423168
295.966639648,-108,45.2170197385
295.966639648,-107,45.1964156636
295.966639648,-106,45.17561054
295.966639648,-105,45.1546031507
295.966639648,-104,45.1333914601
295.966639648,-103,45.1119726106
295.966639648,-102,45.0903429227
295.966639648,-101,45.0684978965
295.966639648,-100,45.0464322168
295.966639648,-99,45.0241397611
295.966639648,-98,45.0016136096
295.966639648,-97,44.9788460591
295.966639648,-96,44.9558286398
295.966639648,-95,44.9325521349
295.966639648,-94,44.9090066038
295.966639648,-93,44.8851814083
295.966639648,-92,44.8610652423
295.966639648,-91,44.8366461646
295.966639648,-90,44.8119116355
295.966639648,-89,44.7868485564
295.966639648,-88,44.7614433128
295.966639648,-87,44.7356818213
295.966639648,-86,44.7095495788
295.966639648,-85,44.6830317166
295.966639648,-84,44.6561130567
295.966639648,-83,44.6287781718
295.966639648,-82,44.6010114487
295.966639648,-81,44.5727971553
295.966639648,-80,44.5441195099
295.966639648,-79,44.5149627546
295.966639648,-78,44.4853112311
295.966639648,-77,44.4551494607
295.966639648,-76,44.4244622256
295.966639648,-75,44.393234655
295.966639648,-74,44.3614523126
295.966639648,-73,44.3291012879
295.966639648,-72,44.2961682899
295.966639648,-71,44.2626407432
295.966639648,-70,44.2285068872
295.966639648,-69,44.1937558775
295.966639648,-68,44.1583778897
295.966639648,-67,44.1223642257
295.966639648,-66,44.0857074217
295.966639648,-65,44.048401359
295.966639648,-64,44.0104413759
295.966639648,-63,43.9718243816
295.966639648,-62,43.9325489721
295.966639648,-61,43.8926155464
295.966639648,-60,43.8520264249
295.966639648,-59,43.8107859673
295.966639648,-58,43.7689006924
295.966639648,-57,43.7263793963
295.966639648,-56,43.6832332718
295.966639648,-55,43.6394760257
295.966639648,-54,43.5951239955
295.966639648,-53,43.5501962637
295.966639648,-52,43.5047147693
295.966639648,-51,43.4587044161
295.966639648,-50,43.4121931765
295.966639648,-49,43.3652121898
295.966639648,-48,43.3177958545
295.966639648,-47,43.2699819126
295.966639648,-46,43.2218115255
295.966639648,-45,43.1733293394
295.966639648,-44,43.1245835397
295.966639648,-43,43.0756258912
295.966639648,-42,43.0265117645
295.966639648,-41,42.9773001451
295.966639648,-40,42.9280536242
295.966639648,-39,42.8788383698
295.966639648,-38,42.829724075
295.966639648,-37,42.7807838821
295.966639648,-36,42.7320942819
295.966639648,-35,42.6837349839
295.966639648,-34,42.6357887577
295.966639648,-33,42.5883412437
295.966639648,-32,42.5414807307
295.966639648,-31,42.4952979008
295.966639648,-30,42.4498855396
295.966639648,-29,42.4053382119
295.966639648,-28,42.3617519028
295.966639648,-27,42.3192236252
295.966639648,-26,42.2778509934
295.966639648,-25,42.2377317661
295.966639648,-24,42.1989633599
295.966639648,-23,42.1616423377
295.966639648,-22,42.1258638729
295.966639648,-21,42.0917211973
295.966639648,-20,42.0593050349
295.966639648,-19,42.0287030278
295.966639648,-18,41.9999991616
295.966639648,-17,41.973273195
295.966639648,-16,41.9486001012
295.966639648,-15,41.9260495295
295.966639648,-14,41.9056852919
295.966639648,-13,41.8875648842
295.966639648,-12,41.8717390464
295.966639648,-11,41.8582513708
295.966639648,-10,41.8471379627
295.966639648,-9,41.8384271585
295.966639648,-8,41.8321393069
295.966639648,-7,41.8282866148
295.966639648,-6,41.8268730625
295.966639648,-5,41.827894386
295.966639648,-4,41.8313381304
295.966639648,-3,41.8371837693
295.966639648,-2,41.8454028909
295.966639648,-1,41.8559594452
295.966639648,0,41.8688100492
295.966639648,1,41.8839043447
295.966639648,2,41.901185402
295.966639648,3,41.9205901639
295.966639648,4,41.9420499231
295.966639648,5,41.9654908247
295.966639648,6,41.9908343888
295.966639648,7,42.0179980443
295.966639648,8,42.0468956678
295.966639648,9,42.0774381219
295.966639648,10,42.1095337857
295.966639648,11,42.1430890731
295.966639648,12,42.1780089341
295.966639648,13,42.2141973337
295.966639648,14,42.2515577077
295.966639648,15,42.2899933894
295.966639648,16,42.3294080074
295.966639648,17,42.3697058524
295.966639648,18,42.4107922118
295.966639648,19,42.4525736716
295.966639648,20,42.4949583872
295.966639648,21,42.5378563212
295.966639648,22,42.5811794518
295.966639648,23,42.6248419507
295.966639648,24,42.6687603333
295.966639648,25,42.7128535831
295.966639648,26,42.7570432506
295.966639648,27,42.8012535306
295.966639648,28,42.8454113175
295.966639648,29,42.8894462434
295.966639648,30,42.9332906977
295.966639648,31,42.9768798337
295.966639648,32,43.0201515604
295.966639648,33,43.0630465242
295.966639648,34,43.1055080805
295.966639648,35,43.1474822573
295.966639648,36,43.1889177127
295.966639648,37,43.2297656864
295.966639648,38,43.2699799481
295.966639648,39,43.3095167426
295.966639648,40,43.348334733
295.966639648,41,43.3863949436
295.966639648,42,43.4236607023
295.966639648,43,43.4600975839
295.966639648,44,43.4956733542
295.966639648,45,43.530357917
295.966639648,46,43.5641232623
295.966639648,47,43.596943418
295.966639648,48,43.6287944042
295.966639648,49,43.6596541913
295.966639648,50,43.6895026609
295.966639648,51,43.718321571
295.966639648,52,43.746094525
295.966639648,53,43.7728069441
295.966639648,54,43.7984460438
295.966639648,55,43.8230008147
295.966639648,56,43.8464620065
295.966639648,57,43.8688221164
295.966639648,58,43.8900753805
295.966639648,59,43.9102177695
295.966639648,60,43.9292469872
295.966639648,61,43.9471624727
295.966639648,62,43.9639654057
295.966639648,63,43.979658714
295.966639648,64,43.9942470844
295.966639648,65,44.0077369756
295.966639648,66,44.0201366331
295.966639648,67,44.0314561062
295.966639648,68,44.0417072659
295.966639648,69,44.0509038247
295.966639648,70,44.0590613563
295.966639648,71,44.0661973163
295.966639648,72,44.0723310624
295.966639648,73,44.0774838742
295.966639648,74,44.0816789718
295.966639648,75,44.0849415333
295.966639648,76,44.0872987097
295.966639648,77,44.0887796375
295.966639648,78,44.0894154479
295.966639648,79,44.089239272
295.966639648,80,44.0882862419
295.966639648,81,44.0865934863
295.966639648,82,44.0842001204
295.966639648,83,44.0811472289
295.966639648,84,44.0774778422
295.966639648,85,44.0732369045
295.966639648,86,44.0684712325
295.966639648,87,44.0632294658
295.966639648,88,44.0575620066
295.966639648,89,44.0515209482
295.966639648,90,44.0451599933
295.966639648,91,44.0385343591
295.966639648,92,44.031700671
295.966639648,93,44.024716843
295.966639648,94,44.0176419448
295.966639648,95,44.0105360563
295.966639648,96,44.0034601077
295.966639648,97,43.9964757074
295.966639648,98,43.9896449556
295.966639648,99,43.9830302466
295.966639648,100,43.9766940573
295.966639648,101,43.970698726
295.966639648,102,43.9651062198
295.966639648,103,43.9599778931
295.966639648,104,43.955374238
295.966639648,105,43.951354629
295.966639648,106,43.9479770626
295.966639648,107,43.9452978944
295.966639648,108,43.9433715759
295.966639648,109,43.9422503928
295.966639648,110,43.9419842077
295.966639648,111,43.9426202086
295.966639648,112,43.9442026672
295.966639648,113,43.9467727077
295.966639648,114,43.9503680905
295.966639648,115,43.9550230109
295.966639648,116,43.960767917
295.966639648,117,43.9676293481
295.966639648,118,43.9756297951
295.966639648,119,43.9847875852
295.966639648,120,43.9951167921
295.966639648,121,44.0066271721
295.966639648,122,44.0193241281
295.966639648,123,44.0332087005
295.966639648,124,44.0482775867
295.966639648,125,44.0645231867
295.966639648,126,44.0819336764
295.966639648,127,44.1004931066
295.966639648,128,44.1201815257
295.966639648,129,44.1409751266
295.966639648,130,44.1628464134
295.966639648,131,44.1857643885
295.966639648,132,44.2096947556
295.966639648,133,44.2346001382
295.966639648,134,44.2604403097
295.966639648,135,44.287172434
295.966639648,136,44.3147513122
295.966639648,137,44.3431296359
295.966639648,138,44.3722582419
295.966639648,139,44.4020863672
295.966639648,140,44.4325619031
295.966639648,141,44.4636316445
295.966639648,142,44.4952415342
295.966639648,143,44.5273369
295.966639648,144,44.559862683
295.966639648,145,44.5927636561
295.966639648,146,44.6259846319
295.966639648,147,44.6594706582
295.966639648,148,44.6931672023
295.966639648,149,44.7270203216
295.966639648,150,44.7609768214
295.966639648,151,44.7949843995
295.966639648,152,44.8289917779
295.966639648,153,44.8629488208
295.966639648,154,44.8968066406
295.966639648,155,44.9305176908
295.966639648,156,44.9640358472
295.966639648,157,44.9973164776
295.966639648,158,45.0303165002
295.966639648,159,45.0629944325
295.966639648,160,45.0953104291
295.966639648,161,45.127226312
295.966639648,162,45.1587055909
295.966639648,163,45.1897134772
295.966639648,164,45.2202168895
295.966639648,165,45.2501844538
295.966639648,166,45.2795864969
295.966639648,167,45.3083950352
295.966639648,168,45.3365837582
295.966639648,169,45.3641280084
295.966639648,170,45.3910047569
295.966639648,171,45.4171925765
295.966639648,172,45.4426716115
295.966639648,173,45.4674235454
295.966639648,174,45.4914315668
295.966639648,175,45.5146803333
295.966639648,176,45.5371559345
295.966639648,177,45.5588458535
295.966639648,178,45.5797389287
295.966639648,179,45.5998253134
295.966639648,180,45.6190964371
326.434425713,-180,46.886073617
326.434425713,-179,46.9035104865
326.434425713,-178,46.9199192733
326.434425713,-177,46.935300991
326.434425713,-176,46.9496578003
326.434425713,-175,46.9629929625
326.434425713,-174,46.9753107938
326.434425713,-173,46.9866166213
326.434425713,-172,46.9969167406
326.434425713,-171,47.0062183741
326.434425713,-170,47.0145296318
326.434425713,-169,47.0218594724
326.434425713,-168,47.0282176661
326.434425713,-167,47.0336147588
326.434425713,-166,47.0380620365
326.434425713,-165,47.0415714922
326.434425713,-164,47.0441557924
326.434425713,-163,47.0458282455
326.434425713,-162,47.0466027705
326.434425713,-161,47.0464938666
326.434425713,-160,47.0455165839
326.434425713,-159,47.0436864943
326.434425713,-158,47.0410196627
326.434425713,-157,47.0375326199
326.434425713,-156,47.0332423343
326.434425713,-155,47.0281661854
326.434425713,-154,47.0223219369
326.434425713,-153,47.0157277098
326.434425713,-152,47.0084019565
326.434425713,-151,47.0003634343
326.434425713,-150,46.991631179
326.434425713,-149,46.9822244791
326.434425713,-148,46.9721628491
326.434425713,-147,46.9614660031
326.434425713,-146,46.9501538285
326.434425713,-145,46.9382463586
326.434425713,-144,46.9257637461
326.434425713,-143,46.9127262348
326.434425713,-142,46.8991541325
326.434425713,-141,46.8850677823
326.434425713,-140,46.8704875335
326.434425713,-139,46.8554337129
326.434425713,-138,46.8399265946
326.434425713,-137,46.8239863695
326.434425713,-136,46.8076331143
326.434425713,-135,46.7908867599
326.434425713,-134,46.773767059
326.434425713,-133,46.7562935528
326.434425713,-132,46.7384855378
326.434425713,-131,46.720362031
326.434425713,-130,46.7019417353
326.434425713,-129,46.6832430034
326.434425713,-128,46.6642838016
326.434425713,-127,46.6450816731
326.434425713,-126,46.6256537003
326.434425713,-125,46.6060164671
326.434425713,-124,46.5861860202
326.434425713,-123,46.5661778304
326.434425713,-122,46.5460067535
326.434425713,-121,46.5256869913
326.434425713,-120,46.5052320519
326.434425713,-119,46.4846547101
326.434425713,-118,46.4639669691
326.434425713,-117,46.4431800204
326.434425713,-116,46.4223042061
326.434425713,-115,46.4013489807
326.434425713,-114,46.3803228737
326.434425713,-113,46.3592334538
326.434425713,-112,46.3380872931
326.434425713,-111,46.3168899339
326.434425713,-110,46.2956458556
326.434425713,-109,46.2743584449
326.434425713,-108,46.2530299659
326.434425713,-107,46.2316615344
326.434425713,-106,46.2102530931
326.434425713,-105,46.1888033895
326.434425713,-104,46.1673099572
326.434425713,-103,46.1457690995
326.434425713,-102,46.1241758762
326.434425713,-101,46.1025240939
326.434425713,-100,46.0808062996
326.434425713,-99,46.0590137783
326.434425713,-98,46.0371365536
326.434425713,-97,46.0151633933
326.434425713,-96,45.9930818185
326.434425713,-95,45.9708781166
326.434425713,-94,45.9485373594
326.434425713,-93,45.9260434247
326.434425713,-92,45.9033790232
326.434425713,-91,45.8805257292
326.434425713,-90,45.8574640161
326.434425713,-89,45.8341732967
326.434425713,-88,45.8106319672
326.434425713,-87,45.7868174569
326.434425713,-86,45.7627062816
326.434425713,-85,45.7382741015
326.434425713,-84,45.7134957837
326.434425713,-83,45.6883454692
326.434425713,-82,45.6627966436
326.434425713,-81,45.6368222127
326.434425713,-80,45.6103945817
326.434425713,-79,45.5834857384
326.434425713,-78,45.5560673407
326.434425713,-77,45.5281108076
326.434425713,-76,45.4995874142
326.434425713,-75,45.47046839
326.434425713,-74,45.4407250213
326.434425713,-73,45.4103287567
326.434425713,-72,45.3792513162
326.434425713,-71,45.3474648041
326.434425713,-70,45.3149418244
326.434425713,-69,45.2816556004
326.434425713,-68,45.2475800973
326.434425713,-67,45.2126901482
326.434425713,-66,45.1769615831
326.434425713,-65,45.1403713619
326.434425713,-64,45.1028977104
326.434425713,-63,45.0645202593
326.434425713,-62,45.0252201876
326.434425713,-61,44.9849803689
326.434425713,-60,44.9437855211
326.434425713,-59,44.9016223597
326.434425713,-58,44.8584797552
326.434425713,-57,44.8143488934
326.434425713,-56,44.7692234397
326.434425713,-55,44.7230997063
326.434425713,-54,44.6759768233
326.434425713,-53,44.6278569127
326.434425713,-52,44.5787452656
326.434425713,-51,44.5286505219
326.434425713,-50,44.4775848522
326.434425713,-49,44.4255641416
326.434425713,-48,44.3726081748
326.434425713,-47,44.3187408212
326.434425713,-46,44.2639902203
326.434425713,-45,44.2083889643
326.434425713,-44,44.1519742792
326.434425713,-43,44.0947882005
326.434425713,-42,44.0368777433
326.434425713,-41,43.9782950643
326.434425713,-40,43.9190976137
326.434425713,-39,43.859348274
326.434425713,-38,43.7991154831
326.434425713,-37,43.7384733394
326.434425713,-36,43.6775016842
326.434425713,-35,43.6162861584
326.434425713,-34,43.5549182298
326.434425713,-33,43.4934951864
326.434425713,-32,43.432120091
326.434425713,-31,43.3709016939
326.434425713,-30,43.309954297
326.434425713,-29,43.2493975671
326.434425713,-28,43.189356292
326.434425713,-27,43.1299600758
326.434425713,-26,43.0713429699
326.434425713,-25,43.0136430365
326.434425713,-24,42.9570018409
326.434425713,-23,42.9015638718
326.434425713,-22,42.8474758894
326.434425713,-21,42.7948862005
326.434425713,-20,42.7439438644
326.434425713,-19,42.6947978317
326.434425713,-18,42.6475960225
326.434425713,-17,42.6024843511
326.434425713,-16,42.5596057055
326.434425713,-15,42.5190988938
326.434425713,-14,42.481097569
326.434425713,-13,42.4457291477
326.434425713,-12,42.4131137366
326.434425713,-11,42.3833630853
326.434425713,-10,42.3565795813
326.434425713,-9,42.3328553053
326.434425713,-8,42.3122711637
326.434425713,-7,42.2948961147
326.434425713,-6,42.280786503
326.434425713,-5,42.2699855167
326.434425713,-4,42.2625227766
326.434425713,-3,42.2584140663
326.434425713,-2,42.2576612095
326.434425713,-1,42.2602520945
326.434425713,0,42.2661608469
326.434425713,1,42.2753481447
326.434425713,2,42.2877616689
326.434425713,3,42.30333668
326.434425713,4,42.321996707
326.434425713,5,42.343654335
326.434425713,6,42.3682120758
326.434425713,7,42.395563303
326.434425713,8,42.4255932369
326.434425713,9,42.4581799597
326.434425713,10,42.493195445
326.434425713,11,42.530506587
326.434425713,12,42.5699762129
326.434425713,13,42.6114640667
326.434425713,14,42.6548277539
326.434425713,15,42.6999236356
326.434425713,16,42.7466076661
326.434425713,17,42.794736168
326.434425713,18,42.8441665401
326.434425713,19,42.8947578962
326.434425713,20,42.9463716342
326.434425713,21,42.9988719352
326.434425713,22,43.0521261949
326.434425713,23,43.1060053893
326.434425713,24,43.1603843781
326.434425713,25,43.2151421497
326.434425713,26,43.270162012
326.434425713,27,43.3253317339
326.434425713,28,43.3805436408
326.434425713,29,43.4356946711
326.434425713,30,43.490686396
326.434425713,31,43.5454250092
326.434425713,32,43.5998212888
326.434425713,33,43.6537905374
326.434425713,34,43.7072525026
326.434425713,35,43.7601312829
326.434425713,36,43.8123552208
326.434425713,37,43.8638567873
326.434425713,38,43.9145724598
326.434425713,39,43.9644425952
326.434425713,40,44.0134113022
326.434425713,41,44.0614263119
326.434425713,42,44.1084388509
326.434425713,43,44.154403516
326.434425713,44,44.1992781538
326.434425713,45,44.2430237439
326.434425713,46,44.2856042888
326.434425713,47,44.3269867089
326.434425713,48,44.3671407447
326.434425713,49,44.4060388663
326.434425713,50,44.4436561895
326.434425713,51,44.4799704
326.434425713,52,44.5149616849
326.434425713,53,44.548612672
326.434425713,54,44.5809083766
326.434425713,55,44.6118361553
326.434425713,56,44.6413856685
326.434425713,57,44.6695488483
326.434425713,58,44.6963198751
326.434425713,59,44.7216951596
326.434425713,60,44.7456733318
326.434425713,61,44.7682552364
326.434425713,62,44.7894439335
326.434425713,63,44.8092447049
326.434425713,64,44.8276650657
326.434425713,65,44.8447147802
326.434425713,66,44.8604058823
326.434425713,67,44.8747526994
326.434425713,68,44.8877718796
326.434425713,69,44.8994824215
326.434425713,70,44.9099057063
326.434425713,71,44.9190655309
326.434425713,72,44.9269881424
326.434425713,73,44.9337022721
326.434425713,74,44.9392391692
326.434425713,75,44.9436326328
326.434425713,76,44.9469190412
326.434425713,77,44.9491373787
326.434425713,78,44.9503292574
326.434425713,79,44.9505389336
326.434425713,80,44.9498133185
326.434425713,81,44.9482019804
326.434425713,82,44.9457571389
326.434425713,83,44.9425336489
326.434425713,84,44.9385889729
326.434425713,85,44.9339831416
326.434425713,86,44.9287787001
326.434425713,87,44.9230406395
326.434425713,88,44.9168363115
326.434425713,89,44.9102353268
326.434425713,90,44.9033094336
326.434425713,91,44.8961323769
326.434425713,92,44.8887797382
326.434425713,93,44.8813287525
326.434425713,94,44.8738581047
326.434425713,95,44.8664477033
326.434425713,96,44.8591784324
326.434425713,97,44.8521318813
326.434425713,98,44.845390053
326.434425713,99,44.8390350522
326.434425713,100,44.833148754
326.434425713,101,44.8278124545
326.434425713,102,44.8231065068
326.434425713,103,44.8191099427
326.434425713,104,44.8159000844
326.434425713,105,44.8135521493
326.434425713,106,44.8121388503
326.434425713,107,44.8117299969
326.434425713,108,44.8123921001
326.434425713,109,44.8141879857
326.434425713,110,44.8171764206
326.434425713,111,44.8214117565
326.434425713,112,44.8269435949
326.434425713,113,44.833816479
326.434425713,114,44.8420696142
326.434425713,115,44.8517366244
326.434425713,116,44.8628453442
326.434425713,117,44.8754176514
326.434425713,118,44.8894693432
326.434425713,119,44.9050100553
326.434425713,120,44.9220432274
326.434425713,121,44.9405661145
326.434425713,122,44.9605698439
326.434425713,123,44.9820395168
326.434425713,124,45.0049543532
326.434425713,125,45.0292878785
326.434425713,126,45.0550081476
326.434425713,127,45.0820780043
326.434425713,128,45.1104553729
326.434425713,129,45.140093576
326.434425713,130,45.1709416767
326.434425713,131,45.202944839
326.434425713,132,45.2360447026
326.434425713,133,45.2701797682
326.434425713,134,45.3052857876
326.434425713,135,45.3412961562
326.434425713,136,45.3781423024
326.434425713,137,45.4157540716
326.434425713,138,45.4540601001
326.434425713,139,45.4929881775
326.434425713,140,45.5324655941
326.434425713,141,45.572419471
326.434425713,142,45.6127770724
326.434425713,143,45.6534660967
326.434425713,144,45.6944149476
326.434425713,145,45.7355529828
326.434425713,146,45.776810741
326.434425713,147,45.8181201465
326.434425713,148,45.8594146925
326.434425713,149,45.9006296021
326.434425713,150,45.9417019695
326.434425713,151,45.9825708801
326.434425713,152,46.0231775128
326.434425713,153,46.063465223
326.434425713,154,46.1033796098
326.434425713,155,46.1428685666
326.434425713,156,46.1818823178
326.434425713,157,46.2203734417
326.434425713,158,46.2582968817
326.434425713,159,46.2956099458
326.434425713,160,46.3322722972
326.434425713,161,46.3682459353
326.434425713,162,46.4034951698
326.434425713,163,46.4379865873
326.434425713,164,46.4716890126
326.434425713,165,46.5045734653
326.434425713,166,46.5366131114
326.434425713,167,46.5677832127
326.434425713,168,46.5980610726
326.434425713,169,46.62742598
326.434425713,170,46.6558591518
326.434425713,171,46.6833436745
326.434425713,172,46.7098644447
326.434425713,173,46.7354081095
326.434425713,174,46.7599630074
326.434425713,175,46.7835191092
326.434425713,176,46.8060679591
326.434425713,177,46.8276026179
326.434425713,178,46.8481176058
326.434425713,179,46.8676088474
326.434425713,180,46.886073617
360.038666578,-180,48.1592837197
360.038666578,-179,48.173438995
360.038666578,-178,48.1863579633
360.038666578,-177,48.1980491057
360.038666578,-176,48.2085219986
360.038666578,-175,48.217787264
360.038666578,-174,48.2258565238
360.038666578,-173,48.2327423554
360.038666578,-172,48.2384582491
360.038666578,-171,48.2430185689
360.038666578,-170,48.2464385132
360.038666578,-169,48.2487340792
360.038666578,-168,48.2499220274
360.038666578,-167,48.2500198481
360.038666578,-166,48.24904573
360.038666578,-165,48.2470185284
360.038666578,-164,48.2439577365
360.038666578,-163,48.239883456
360.038666578,-162,48.2348163698
360.038666578,-161,48.2287777152
360.038666578,-160,48.2217892574
360.038666578,-159,48.2138732643
360.038666578,-158,48.2050524813
360.038666578,-157,48.195350107
360.038666578,-156,48.1847897693
360.038666578,-155,48.1733955008
360.038666578,-154,48.1611917162
360.038666578,-153,48.1482031879
360.038666578,-152,48.1344550235
360.038666578,-151,48.1199726414
360.038666578,-150,48.1047817482
360.038666578,-149,48.0889083145
360.038666578,-148,48.072378551
360.038666578,-147,48.0552188845
360.038666578,-146,48.0374559334
360.038666578,-145,48.0191164823
360.038666578,-144,48.0002274569
360.038666578,-143,47.9808158974
360.038666578,-142,47.9609089322
360.038666578,-141,47.9405337498
360.038666578,-140,47.919717571
360.038666578,-139,47.8984876193
360.038666578,-138,47.876871091
360.038666578,-137,47.8548951235
360.038666578,-136,47.8325867634
360.038666578,-135,47.8099729332
360.038666578,-134,47.787080396
360.038666578,-133,47.7639357199
360.038666578,-132,47.7405652405
360.038666578,-131,47.7169950223
360.038666578,-130,47.6932508184
360.038666578,-129,47.6693580288
360.038666578,-128,47.6453416573
360.038666578,-127,47.6212262667
360.038666578,-126,47.5970359327
360.038666578,-125,47.5727941958
360.038666578,-124,47.5485240125
360.038666578,-123,47.5242477041
360.038666578,-122,47.499986905
360.038666578,-121,47.4757625087
360.038666578,-120,47.4515946136
360.038666578,-119,47.4275024667
360.038666578,-118,47.4035044072
360.038666578,-117,47.3796178082
360.038666578,-116,47.3558590191
360.038666578,-115,47.3322433061
360.038666578,-114,47.3087847937
360.038666578,-113,47.2854964056
360.038666578,-112,47.2623898057
360.038666578,-111,47.2394753401
360.038666578,-110,47.2167619804
360.038666578,-109,47.1942572666
360.038666578,-108,47.1719672537
360.038666578,-107,47.1498964584
360.038666578,-106,47.1280478091
360.038666578,-105,47.1064225985
360.038666578,-104,47.0850204382
360.038666578,-103,47.0638392183
360.038666578,-102,47.0428750695
360.038666578,-101,47.0221223297
360.038666578,-100,47.0015735151
360.038666578,-99,46.9812192964
360.038666578,-98,46.9610484795
360.038666578,-97,46.941047992
360.038666578,-96,46.9212028756
360.038666578,-95,46.9014962841
360.038666578,-94,46.8819094871
360.038666578,-93,46.8624218815
360.038666578,-92,46.8430110074
360.038666578,-91,46.8236525726
360.038666578,-90,46.8043204818
360.038666578,-89,46.7849868743
360.038666578,-88,46.7656221665
360.038666578,-87,46.7461951027
360.038666578,-86,46.7266728109
360.038666578,-85,46.7070208658
360.038666578,-84,46.6872033582
360.038666578,-83,46.6671829695
360.038666578,-82,46.646921053
360.038666578,-81,46.6263777201
360.038666578,-80,46.6055119324
360.038666578,-79,46.5842815986
360.038666578,-78,46.5626436764
360.038666578,-77,46.5405542784
360.038666578,-76,46.5179687836
360.038666578,-75,46.4948419515
360.038666578,-74,46.4711280409
360.038666578,-73,46.4467809322
360.038666578,-72,46.4217542524
360.038666578,-71,46.3960015044
360.038666578,-70,46.3694761984
360.038666578,-69,46.3421319862
360.038666578,-68,46.313922799
360.038666578,-67,46.2848029874
360.038666578,-66,46.2547274638
360.038666578,-65,46.2236518485
360.038666578,-64,46.1915326175
360.038666578,-63,46.1583272542
360.038666578,-62,46.1239944032
360.038666578,-61,46.0884940282
360.038666578,-60,46.0517875726
360.038666578,-59,46.0138381246
360.038666578,-58,45.974610586
360.038666578,-57,45.9340718452
360.038666578,-56,45.8921909557
360.038666578,-55,45.8489393193
360.038666578,-54,45.8042908748
360.038666578,-53,45.758222294
360.038666578,-52,45.7107131828
360.038666578,-51,45.6617462907
360.038666578,-50,45.6113077268
360.038666578,-49,45.5593871852
360.038666578,-48,45.5059781769
360.038666578,-47,45.4510782727
360.038666578,-46,45.3946893531
360.038666578,-45,45.336817869
360.038666578,-44,45.2774751107
360.038666578,-43,45.2166774869
360.038666578,-42,45.1544468118
360.038666578,-41,45.0908106014
360.038666578,-40,45.0258023772
360.038666578,-39,44.9594619762
360.038666578,-38,44.8918358667
360.038666578,-37,44.8229774667
360.038666578,-36,44.7529474639
360.038666578,-35,44.6818141332
360.038666578,-34,44.6096536495
360.038666578,-33,44.5365503904
360.038666578,-32,44.4625972249
360.038666578,-31,44.3878957821
360.038666578,-30,44.312556693
360.038666578,-29,44.2366997993
360.038666578,-28,44.1604543194
360.038666578,-27,44.0839589639
360.038666578,-26,44.0073619902
360.038666578,-25,43.930821185
360.038666578,-24,43.8545037645
360.038666578,-23,43.7785861798
360.038666578,-22,43.703253816
360.038666578,-21,43.6287005723
360.038666578,-20,43.5551283135
360.038666578,-19,43.4827461802
360.038666578,-18,43.4117697507
360.038666578,-17,43.3424200454
360.038666578,-16,43.2749223713
360.038666578,-15,43.2095050037
360.038666578,-14,43.1463977085
360.038666578,-13,43.0858301114
360.038666578,-12,43.0280299265
360.038666578,-11,42.973221061
360.038666578,-10,42.9216216183
360.038666578,-9,42.8734418278
360.038666578,-8,42.8288819351
360.038666578,-7,42.7881300887
360.038666578,-6,42.751360266
360.038666578,-5,42.718730281
360.038666578,-4,42.6903799204
360.038666578,-3,42.66642925
360.038666578,-2,42.6469771361
360.038666578,-1,42.632100018
360.038666578,0,42.6218509647
360.038666578,1,42.6162590415
360.038666578,2,42.6153290027
360.038666578,3,42.6190413183
360.038666578,4,42.6273525333
360.038666578,5,42.6401959485
360.038666578,6,42.6574826016
360.038666578,7,42.679102522
360.038666578,8,42.7049262241
360.038666578,9,42.7348063996
360.038666578,10,42.7685797646
360.038666578,11,42.8060690195
360.038666578,12,42.847084875
360.038666578,13,42.8914281015
360.038666578,14,42.9388915645
360.038666578,15,42.9892622062
360.038666578,16,43.0423229467
360.038666578,17,43.0978544754
360.038666578,18,43.1556369151
360.038666578,19,43.2154513415
360.038666578,20,43.2770811509
360.038666578,21,43.3403132688
360.038666578,22,43.4049392003
360.038666578,23,43.470755924
360.038666578,24,43.5375666357
360.038666578,25,43.6051813496
360.038666578,26,43.6734173676
360.038666578,27,43.742099626
360.038666578,28,43.8110609338
360.038666578,29,43.8801421123
360.038666578,30,43.9491920497
360.038666578,31,44.018067681
360.038666578,32,44.0866339057
360.038666578,33,44.1547634526
360.038666578,34,44.2223367021
360.038666578,35,44.2892414746
360.038666578,36,44.3553727927
360.038666578,37,44.420632625
360.038666578,38,44.4849296166
360.038666578,39,44.5481788129
360.038666578,40,44.6103013807
360.038666578,41,44.6712243301
360.038666578,42,44.7308802423
360.038666578,43,44.7892070033
360.038666578,44,44.8461475484
360.038666578,45,44.9016496178
360.038666578,46,44.9556655246
360.038666578,47,45.0081519369
360.038666578,48,45.0590696749
360.038666578,49,45.1083835218
360.038666578,50,45.1560620517
360.038666578,51,45.2020774713
360.038666578,52,45.2464054778
360.038666578,53,45.289025132
360.038666578,54,45.3299187457
360.038666578,55,45.3690717846
360.038666578,56,45.4064727844
360.038666578,57,45.4421132808
360.038666578,58,45.4759877535
360.038666578,59,45.5080935813
360.038666578,60,45.5384310106
360.038666578,61,45.5670031348
360.038666578,62,45.5938158844
360.038666578,63,45.6188780272
360.038666578,64,45.6422011789
360.038666578,65,45.6637998211
360.038666578,66,45.6836913286
360.038666578,67,45.7018960032
360.038666578,68,45.7184371143
360.038666578,69,45.7333409455
360.038666578,70,45.7466368448
360.038666578,71,45.7583572794
360.038666578,72,45.7685378934
360.038666578,73,45.7772175655
360.038666578,74,45.7844384688
360.038666578,75,45.790246128
360.038666578,76,45.7946894752
360.038666578,77,45.7978209005
360.038666578,78,45.7996962986
360.038666578,79,45.8003751058
360.038666578,80,45.7999203294
360.038666578,81,45.7983985651
360.038666578,82,45.7958800007
360.038666578,83,45.792438405
360.038666578,84,45.788151098
360.038666578,85,45.7830989017
360.038666578,86,45.777366068
360.038666578,87,45.771040182
360.038666578,88,45.7642120378
360.038666578,89,45.756975486
360.038666578,90,45.7494272483
360.038666578,91,45.7416667003
360.038666578,92,45.7337956189
360.038666578,93,45.7259178929
360.038666578,94,45.7181391979
360.038666578,95,45.7105666319
360.038666578,96,45.7033083155
360.038666578,97,45.6964729534
360.038666578,98,45.690169362
360.038666578,99,45.6845059627
360.038666578,100,45.6795902457
360.038666578,101,45.6755282059
360.038666578,102,45.6724237572
360.038666578,103,45.6703781297
360.038666578,104,45.6694892548
360.038666578,105,45.669851147
360.038666578,106,45.6715532874
360.038666578,107,45.6746800182
360.038666578,108,45.6793099555
360.038666578,109,45.6855154289
360.038666578,110,45.6933619564
360.038666578,111,45.7029077614
360.038666578,112,45.7142033418
360.038666578,113,45.7272910955
360.038666578,114,45.7422050105
360.038666578,115,45.7589704243
360.038666578,116,45.7776038565
360.038666578,117,45.7981129175
360.038666578,118,45.8204962953
360.038666578,119,45.8447438205
360.038666578,120,45.8708366076
360.038666578,121,45.8987472716
360.038666578,122,45.9284402137
360.038666578,123,45.9598719739
360.038666578,124,45.9929916421
360.038666578,125,46.0277413225
360.038666578,126,46.0640566432
360.038666578,127,46.1018673024
360.038666578,128,46.141097644
360.038666578,129,46.1816672545
360.038666578,130,46.2234915715
360.038666578,131,46.2664824973
360.038666578,132,46.3105490102
360.038666578,133,46.3555977658
360.038666578,134,46.4015336827
360.038666578,135,46.4482605073
360.038666578,136,46.4956813522
360.038666578,137,46.5436992055
360.038666578,138,46.5922174067
360.038666578,139,46.6411400883
360.038666578,140,46.6903725793
360.038666578,141,46.7398217728
360.038666578,142,46.7893964544
360.038666578,143,46.8390075936
360.038666578,144,46.8885685982
360.038666578,145,46.9379955328
360.038666578,146,46.9872073035
360.038666578,147,47.0361258097
360.038666578,148,47.0846760662
360.038666578,149,47.1327862955
360.038666578,150,47.1803879956
360.038666578,151,47.2274159829
360.038666578,152,47.2738084136
360.038666578,153,47.3195067858
360.038666578,154,47.3644559242
360.038666578,155,47.4086039498
360.038666578,156,47.4519022362
360.038666578,157,47.4943053545
360.038666578,158,47.5357710086
360.038666578,159,47.576259963
360.038666578,160,47.6157359629
360.038666578,161,47.6541656504
360.038666578,162,47.6915184764
360.038666578,163,47.7277666085
360.038666578,164,47.7628848391
360.038666578,165,47.7968504906
360.038666578,166,47.8296433212
360.038666578,167,47.8612454312
360.038666578,168,47.8916411698
360.038666578,169,47.9208170436
360.038666578,170,47.9487616272
360.038666578,171,47.9754654748
360.038666578,172,48.0009210359
360.038666578,173,48.0251225722
360.038666578,174,48.0480660783
360.038666578,175,48.0697492043
360.038666578,176,48.090171182
360.038666578,177,48.1093327542
360.038666578,178,48.1272361064
360.038666578,179,48.1438848019
360.038666578,180,48.1592837197
397.102239289,-180,49.420853208
397.102239289,-179,49.4289972412
397.102239289,-178,49.4356999312
397.102239289,-177,49.4409783878
397.102239289,-176,49.4448506806
397.102239289,-175,49.4473357955
397.102239289,-174,49.4484535937
397.102239289,-173,49.4482247737
397.102239289,-172,49.4466708354
397.102239289,-171,49.443814046
397.102239289,-170,49.4396774088
397.102239289,-169,49.4342846323
397.102239289,-168,49.4276601021
397.102239289,-167,49.4198288535
397.102239289,-166,49.4108165454
397.102239289,-165,49.4006494357
397.102239289,-164,49.3893543573
397.102239289,-163,49.3769586948
397.102239289,-162,49.3634903622
397.102239289,-161,49.3489777815
397.102239289,-160,49.3334498611
397.102239289,-159,49.3169359752
397.102239289,-158,49.2994659437
397.102239289,-157,49.2810700116
397.102239289,-156,49.2617788296
397.102239289,-155,49.2416234344
397.102239289,-154,49.2206352289
397.102239289,-153,49.1988459632
397.102239289,-152,49.1762877151
397.102239289,-151,49.1529928704
397.102239289,-150,49.1289941038
397.102239289,-149,49.1043243594
397.102239289,-148,49.0790168308
397.102239289,-147,49.0531049414
397.102239289,-146,49.0266223243
397.102239289,-145,48.9996028021
397.102239289,-144,48.9720803659
397.102239289,-143,48.9440891545
397.102239289,-142,48.9156634327
397.102239289,-141,48.886837569
397.102239289,-140,48.8576460132
397.102239289,-139,48.8281232725
397.102239289,-138,48.7983038874
397.102239289,-137,48.7682224062
397.102239289,-136,48.7379133587
397.102239289,-135,48.7074112283
397.102239289,-134,48.6767504233
397.102239289,-133,48.6459652461
397.102239289,-132,48.6150898612
397.102239289,-131,48.5841582607
397.102239289,-130,48.5532042289
397.102239289,-129,48.5222613034
397.102239289,-128,48.4913627346
397.102239289,-127,48.4605414427
397.102239289,-126,48.4298299716
397.102239289,-125,48.3992604405
397.102239289,-124,48.3688644917
397.102239289,-123,48.3386732359
397.102239289,-122,48.3087171943
397.102239289,-121,48.2790262368
397.102239289,-120,48.249629517
397.102239289,-119,48.2205554046
397.102239289,-118,48.1918314128
397.102239289,-117,48.1634841235
397.102239289,-116,48.1355391093
397.102239289,-115,48.1080208511
397.102239289,-114,48.080952654
397.102239289,-113,48.05435656
397.102239289,-112,48.028253258
397.102239289,-111,48.0026619921
397.102239289,-110,47.9776004678
397.102239289,-109,47.9530847573
397.102239289,-108,47.9291292039
397.102239289,-107,47.9057463261
397.102239289,-106,47.8829467227
397.102239289,-105,47.860738978
397.102239289,-104,47.8391295702
397.102239289,-103,47.8181227807
397.102239289,-102,47.7977206083
397.102239289,-101,47.7779226864
397.102239289,-100,47.7587262051
397.102239289,-99,47.74012584
397.102239289,-98,47.7221136856
397.102239289,-97,47.7046791976
397.102239289,-96,47.687809142
397.102239289,-95,47.6714875528
397.102239289,-94,47.6556956992
397.102239289,-93,47.6404120622
397.102239289,-92,47.6256123215
397.102239289,-91,47.6112693524
397.102239289,-90,47.5973532347
397.102239289,-89,47.583831271
397.102239289,-88,47.570668018
397.102239289,-87,47.5578253275
397.102239289,-86,47.5452623994
397.102239289,-85,47.5329358458
397.102239289,-84,47.5207997647
397.102239289,-83,47.5088058258
397.102239289,-82,47.4969033649
397.102239289,-81,47.4850394881
397.102239289,-80,47.4731591856
397.102239289,-79,47.4612054531
397.102239289,-78,47.4491194206
397.102239289,-77,47.4368404895
397.102239289,-76,47.4243064743
397.102239289,-75,47.411453751
397.102239289,-74,47.3982174097
397.102239289,-73,47.3845314115
397.102239289,-72,47.3703287491
397.102239289,-71,47.3555416092
397.102239289,-70,47.340101538
397.102239289,-69,47.323939608
397.102239289,-68,47.3069865854
397.102239289,-67,47.2891730986
397.102239289,-66,47.2704298068
397.102239289,-65,47.2506875684
397.102239289,-64,47.2298776096
397.102239289,-63,47.2079316918
397.102239289,-62,47.1847822793
397.102239289,-61,47.1603627065
397.102239289,-60,47.1346073445
397.102239289,-59,47.1074517681
397.102239289,-58,47.0788329228
397.102239289,-57,47.0486892931
397.102239289,-56,47.0169610712
397.102239289,-55,46.9835903284
397.102239289,-54,46.9485211883
397.102239289,-53,46.9117000041
397.102239289,-52,46.8730755394
397.102239289,-51,46.8325991546
397.102239289,-50,46.7902249988
397.102239289,-49,46.7459102099
397.102239289,-48,46.6996151228
397.102239289,-47,46.6513034865
397.102239289,-46,46.6009426935
397.102239289,-45,46.5485040213
397.102239289,-44,46.4939628867
397.102239289,-43,46.437299117
397.102239289,-42,46.3784972373
397.102239289,-41,46.3175467755
397.102239289,-40,46.2544425887
397.102239289,-39,46.1891852091
397.102239289,-38,46.1217812139
397.102239289,-37,46.0522436187
397.102239289,-36,45.9805922951
397.102239289,-35,45.9068544151
397.102239289,-34,45.8310649212
397.102239289,-33,45.7532670229
397.102239289,-32,45.6735127195
397.102239289,-31,45.5918633473
397.102239289,-30,45.5083901502
397.102239289,-29,45.4231748713
397.102239289,-28,45.3363103602
397.102239289,-27,45.2479011923
397.102239289,-26,45.1580642933
397.102239289,-25,45.0669295601
397.102239289,-24,44.9746404678
397.102239289,-23,44.881354651
397.102239289,-22,44.7872444447
397.102239289,-21,44.692497366
397.102239289,-20,44.5973165184
397.102239289,-19,44.5019208948
397.102239289,-18,44.4065455541
397.102239289,-17,44.3114416432
397.102239289,-16,44.2168762348
397.102239289,-15,44.1231319485
397.102239289,-14,44.0305063233
397.102239289,-13,43.9393109092
397.102239289,-12,43.8498700472
397.102239289,-11,43.7625193101
397.102239289,-10,43.6776035831
397.102239289,-9,43.5954747683
397.102239289,-8,43.5164891089
397.102239289,-7,43.4410041396
397.102239289,-6,43.3693752832
397.102239289,-5,43.3019521315
397.102239289,-4,43.2390744618
397.102239289,-3,43.18106806
397.102239289,-2,43.1282404374
397.102239289,-1,43.0808765415
397.102239289,0,43.039234574
397.102239289,1,43.0035420351
397.102239289,2,42.973992117
397.102239289,3,42.9507405635
397.102239289,4,42.9339031022
397.102239289,5,42.9235535419
397.102239289,6,42.9197226021
397.102239289,7,42.9223975177
397.102239289,8,42.9315224325
397.102239289,9,42.9469995649
397.102239289,10,42.9686910995
397.102239289,11,42.9964217361
397.102239289,12,43.0299818003
397.102239289,13,43.0691308097
397.102239289,14,43.1136013766
397.102239289,15,43.1631033255
397.102239289,16,43.2173279064
397.102239289,17,43.2759519936
397.102239289,18,43.3386421687
397.102239289,19,43.4050586052
397.102239289,20,43.4748586847
397.102239289,21,43.5477002958
397.102239289,22,43.6232447785
397.102239289,23,43.7011594984
397.102239289,24,43.7811200434
397.102239289,25,43.8628120492
397.102239289,26,43.9459326715
397.102239289,27,44.0301917253
397.102239289,28,44.1153125205
397.102239289,29,44.2010324247
397.102239289,30,44.287103185
397.102239289,31,44.3732910419
397.102239289,32,44.4593766675
397.102239289,33,44.5451549558
397.102239289,34,44.6304346961
397.102239289,35,44.7150381521
397.102239289,36,44.7988005709
397.102239289,37,44.88156964
397.102239289,38,44.9632049122
397.102239289,39,45.0435772097
397.102239289,40,45.1225680221
397.102239289,41,45.2000689081
397.102239289,42,45.2759809072
397.102239289,43,45.3502139707
397.102239289,44,45.4226864153
397.102239289,45,45.493324403
397.102239289,46,45.5620614516
397.102239289,47,45.6288379754
397.102239289,48,45.6936008595
397.102239289,49,45.7563030668
397.102239289,50,45.8169032778
397.102239289,51,45.8753655635
397.102239289,52,45.9316590906
397.102239289,53,45.9857578576
397.102239289,54,46.0376404613
397.102239289,55,46.087289893
397.102239289,56,46.1346933617
397.102239289,57,46.179842145
397.102239289,58,46.2227314646
397.102239289,59,46.2633603868
397.102239289,60,46.3017317452
397.102239289,61,46.3378520856
397.102239289,62,46.371731631
397.102239289,63,46.4033842654
397.102239289,64,46.4328275364
397.102239289,65,46.4600826735
397.102239289,66,46.4851746224
397.102239289,67,46.5081320928
397.102239289,68,46.5289876193
397.102239289,69,46.5477776332
397.102239289,70,46.5645425448
397.102239289,71,46.5793268327
397.102239289,72,46.5921791404
397.102239289,73,46.6031523774
397.102239289,74,46.6123038225
397.102239289,75,46.6196952278
397.102239289,76,46.6253929202
397.102239289,77,46.629467899
397.102239289,78,46.6319959251
397.102239289,79,46.6330576
397.102239289,80,46.6327384315
397.102239289,81,46.6311288806
397.102239289,82,46.6283243885
397.102239289,83,46.6244253773
397.102239289,84,46.6195372218
397.102239289,85,46.6137701875
397.102239289,86,46.6072393297
397.102239289,87,46.6000643509
397.102239289,88,46.5923694104
397.102239289,89,46.5842828826
397.102239289,90,46.5759370603
397.102239289,91,46.5674677994
397.102239289,92,46.5590141006
397.102239289,93,46.5507176288
397.102239289,94,46.5427221652
397.102239289,95,46.5351729951
397.102239289,96,46.5282162292
397.102239289,97,46.5219980634
397.102239289,98,46.5166639787
397.102239289,99,46.5123578878
397.102239289,100,46.5092212339
397.102239289,101,46.507392053
397.102239289,102,46.5070040066
397.102239289,103,46.5081853996
397.102239289,104,46.5110581946
397.102239289,105,46.5157370391
397.102239289,106,46.5223283182
397.102239289,107,46.5309292513
397.102239289,108,46.541627047
397.102239289,109,46.5544981327
397.102239289,110,46.5696074729
397.102239289,111,46.58700799
397.102239289,112,46.6067401005
397.102239289,113,46.6288313739
397.102239289,114,46.6532963235
397.102239289,115,46.6801363333
397.102239289,116,46.7093397216
397.102239289,117,46.7408819409
397.102239289,118,46.7747259097
397.102239289,119,46.8108224689
397.102239289,120,46.8491109538
397.102239289,121,46.8895198695
397.102239289,122,46.931967657
397.102239289,123,46.976363535
397.102239289,124,47.0226084014
397.102239289,125,47.0705957791
397.102239289,126,47.1202127901
397.102239289,127,47.1713411421
397.102239289,128,47.223858114
397.102239289,129,47.2776375248
397.102239289,130,47.3325506765
397.102239289,131,47.388467258
397.102239289,132,47.4452562029
397.102239289,133,47.5027864925
397.102239289,134,47.5609279002
397.102239289,135,47.6195516715
397.102239289,136,47.6785311387
397.102239289,137,47.737742268
397.102239289,138,47.7970641406
397.102239289,139,47.8563793675
397.102239289,140,47.9155744416
397.102239289,141,47.9745400288
397.102239289,142,48.0331712022
397.102239289,143,48.091367623
397.102239289,144,48.1490336724
397.102239289,145,48.2060785386
397.102239289,146,48.2624162632
397.102239289,147,48.317965752
397.102239289,148,48.3726507535
397.102239289,149,48.4263998093
397.102239289,150,48.4791461815
397.102239289,151,48.530827759
397.102239289,152,48.581386947
397.102239289,153,48.6307705429
397.102239289,154,48.6789296013
397.102239289,155,48.7258192901
397.102239289,156,48.7713987409
397.102239289,157,48.8156308956
397.102239289,158,48.8584823495
397.102239289,159,48.8999231953
397.102239289,160,48.9399268664
397.102239289,161,48.9784699827
397.102239289,162,49.0155321987
397.102239289,163,49.0510960554
397.102239289,164,49.0851468365
397.102239289,165,49.1176724289
397.102239289,166,49.1486631883
397.102239289,167,49.1781118107
397.102239289,168,49.2060132092
397.102239289,169,49.2323643962
397.102239289,170,49.2571643719
397.102239289,171,49.2804140182
397.102239289,172,49.3021159984
397.102239289,173,49.3222746624
397.102239289,174,49.3408959578
397.102239289,175,49.3579873454
397.102239289,176,49.373557721
397.102239289,177,49.3876173405
397.102239289,178,49.4001777513
397.102239289,179,49.4112517274
397.102239289,180,49.420853208
437.981258921,-180,50.6443275857
437.981258921,-179,50.6432994654
437.981258921,-178,50.6406548821
437.981258921,-177,50.6364207399
437.981258921,-176,50.6306247071
437.981258921,-175,50.6232951846
437.981258921,-174,50.6144612776
437.981258921,-173,50.6041527674
437.981258921,-172,50.5924000871
437.981258921,-171,50.5792342964
437.981258921,-170,50.5646870597
437.981258921,-169,50.5487906232
437.981258921,-168,50.5315777942
437.981258921,-167,50.5130819197
437.981258921,-166,50.4933368661
437.981258921,-165,50.4723769988
437.981258921,-164,50.4502371617
437.981258921,-163,50.4269526568
437.981258921,-162,50.4025592237
437.981258921,-161,50.3770930187
437.981258921,-160,50.3505905941
437.981258921,-159,50.3230888763
437.981258921,-158,50.2946251448
437.981258921,-157,50.2652370099
437.981258921,-156,50.2349623909
437.981258921,-155,50.2038394938
437.981258921,-154,50.1719067887
437.981258921,-153,50.1392029876
437.981258921,-152,50.1057670219
437.981258921,-151,50.0716380199
437.981258921,-150,50.0368552851
437.981258921,-149,50.0014582741
437.981258921,-148,49.9654865758
437.981258921,-147,49.92897989
437.981258921,-146,49.8919780079
437.981258921,-145,49.8545207925
437.981258921,-144,49.8166481604
437.981258921,-143,49.7784000638
437.981258921,-142,49.7398164746
437.981258921,-141,49.7009373685
437.981258921,-140,49.6618027109
437.981258921,-139,49.6224524434
437.981258921,-138,49.582926472
437.981258921,-137,49.5432646554
437.981258921,-136,49.5035067952
437.981258921,-135,49.4636926263
437.981258921,-134,49.4238618081
437.981258921,-133,49.3840539164
437.981258921,-132,49.3443084348
437.981258921,-131,49.3046647473
437.981258921,-130,49.2651621288
437.981258921,-129,49.2258397366
437.981258921,-128,49.1867365993
437.981258921,-127,49.1478916049
437.981258921,-126,49.1093434865
437.981258921,-125,49.0711308051
437.981258921,-124,49.0332919299
437.981258921,-123,48.995865014
437.981258921,-122,48.9588879659
437.981258921,-121,48.9223984169
437.981258921,-120,48.8864336815
437.981258921,-119,48.8510307124
437.981258921,-118,48.8162260491
437.981258921,-117,48.7820557581
437.981258921,-116,48.7485553664
437.981258921,-115,48.7157597859
437.981258921,-114,48.6837032296
437.981258921,-113,48.6524191187
437.981258921,-112,48.6219399809
437.981258921,-111,48.592297339
437.981258921,-110,48.5635215906
437.981258921,-109,48.535641879
437.981258921,-108,48.5086859548
437.981258921,-107,48.4826800303
437.981258921,-106,48.4576486255
437.981258921,-105,48.4336144078
437.981258921,-104,48.4105980254
437.981258921,-103,48.3886179369
437.981258921,-102,48.3676902368
437.981258921,-101,48.3478284792
437.981258921,-100,48.3290435012
437.981258921,-99,48.3113432477
437.981258921,-98,48.2947325991
437.981258921,-97,48.2792132037
437.981258921,-96,48.2647833174
437.981258921,-95,48.2514376521
437.981258921,-94,48.2391672338
437.981258921,-93,48.2279592747
437.981258921,-92,48.2177970579
437.981258921,-91,48.2086598398
437.981258921,-90,48.200522768
437.981258921,-89,48.1933568199
437.981258921,-88,48.1871287596
437.981258921,-87,48.181801117
437.981258921,-86,48.1773321871
437.981258921,-85,48.1736760531
437.981258921,-84,48.1707826297
437.981258921,-83,48.1685977298
437.981258921,-82,48.1670631527
437.981258921,-81,48.1661167931
437.981258921,-80,48.1656927701
437.981258921,-79,48.1657215766
437.981258921,-78,48.166130245
437.981258921,-77,48.1668425306
437.981258921,-76,48.1677791088
437.981258921,-75,48.1688577867
437.981258921,-74,48.1699937242
437.981258921,-73,48.1710996663
437.981258921,-72,48.1720861821
437.981258921,-71,48.172861909
437.981258921,-70,48.173333802
437.981258921,-69,48.1734073838
437.981258921,-68,48.1729869966
437.981258921,-67,48.1719760515
437.981258921,-66,48.1702772761
437.981258921,-65,48.1677929587
437.981258921,-64,48.1644251862
437.981258921,-63,48.160076078
437.981258921,-62,48.1546480114
437.981258921,-61,48.1480438415
437.981258921,-60,48.1401671121
437.981258921,-59,48.1309222601
437.981258921,-58,48.1202148108
437.981258921,-57,48.107951566
437.981258921,-56,48.0940407849
437.981258921,-55,48.0783923576
437.981258921,-54,48.0609179717
437.981258921,-53,48.0415312743
437.981258921,-52,48.0201480279
437.981258921,-51,47.996686263
437.981258921,-50,47.9710664286
437.981258921,-49,47.9432115394
437.981258921,-48,47.9130473254
437.981258921,-47,47.8805023802
437.981258921,-46,47.8455083146
437.981258921,-45,47.8079999139
437.981258921,-44,47.7679153015
437.981258921,-43,47.7251961125
437.981258921,-42,47.6797876765
437.981258921,-41,47.631639215
437.981258921,-40,47.5807040534
437.981258921,-39,47.5269398515
437.981258921,-38,47.4703088552
437.981258921,-37,47.4107781715
437.981258921,-36,47.348320071
437.981258921,-35,47.2829123204
437.981258921,-34,47.2145385488
437.981258921,-33,47.1431886513
437.981258921,-32,47.0688592334
437.981258921,-31,46.9915541003
437.981258921,-30,46.9112847953
437.981258921,-29,46.8280711899
437.981258921,-28,46.7419421313
437.981258921,-27,46.6529361491
437.981258921,-26,46.5611022253
437.981258921,-25,46.4665006304
437.981258921,-24,46.3692038278
437.981258921,-23,46.2692974457
437.981258921,-22,46.1668813195
437.981258921,-21,46.0620705984
437.981258921,-20,45.9549969157
437.981258921,-19,45.8458096123
437.981258921,-18,45.7346770053
437.981258921,-17,45.6217876854
437.981258921,-16,45.5073518229
437.981258921,-15,45.3916024587
437.981258921,-14,45.2747967455
437.981258921,-13,45.1572171019
437.981258921,-12,45.0391722288
437.981258921,-11,44.9209979348
437.981258921,-10,44.8030577019
437.981258921,-9,44.6857429197
437.981258921,-8,44.5694727053
437.981258921,-7,44.454693222
437.981258921,-6,44.3418764048
437.981258921,-5,44.2315180035
437.981258921,-4,44.1241348589
437.981258921,-3,44.0202613383
437.981258921,-2,43.9204448795
437.981258921,-1,43.8252406162
437.981258921,0,43.7352050985
437.981258921,1,43.6508891612
437.981258921,2,43.5728300488
437.981258921,3,43.5015429564
437.981258921,4,43.4375122038
437.981258921,5,43.3811823074
437.981258921,6,43.3329492589
437.981258921,7,43.293152343
437.981258921,8,43.2620668341
437.981258921,9,43.2398978971
437.981258921,10,43.2267759754
437.981258921,11,43.2227538905
437.981258921,12,43.2278057953
437.981258921,13,43.2418280324
437.981258921,14,43.2646418513
437.981258921,15,43.2959978469
437.981258921,16,43.3355819003
437.981258921,17,43.38302234
437.981258921,18,43.4378980008
437.981258921,19,43.4997468422
437.981258921,20,43.5680747913
437.981258921,21,43.6423645016
437.981258921,22,43.7220837601
437.981258921,23,43.8066933239
437.981258921,24,43.8956540217
437.981258921,25,43.9884330139
437.981258921,26,44.0845091502
437.981258921,27,44.183377415
437.981258921,28,44.2845524806
437.981258921,29,44.3875714233
437.981258921,30,44.4919956712
437.981258921,31,44.5974122706
437.981258921,32,44.7034345589
437.981258921,33,44.809702336
437.981258921,34,44.9158816229
437.981258921,35,45.0216640885
437.981258921,36,45.1267662192
437.981258921,37,45.2309282988
437.981258921,38,45.333913253
437.981258921,39,45.4355054105
437.981258921,40,45.5355092172
437.981258921,41,45.633747939
437.981258921,42,45.7300623783
437.981258921,43,45.8243096233
437.981258921,44,45.9163618478
437.981258921,45,46.0061051697
437.981258921,46,46.0934385781
437.981258921,47,46.1782729321
437.981258921,48,46.2605300349
437.981258921,49,46.3401417834
437.981258921,50,46.4170493927
437.981258921,51,46.4912026939
437.981258921,52,46.5625595029
437.981258921,53,46.6310850582
437.981258921,54,46.6967515223
437.981258921,55,46.7595375461
437.981258921,56,46.8194278911
437.981258921,57,46.8764131066
437.981258921,58,46.9304892585
437.981258921,59,46.9816577068
437.981258921,60,47.0299249283
437.981258921,61,47.075302382
437.981258921,62,47.117806414
437.981258921,63,47.1574581992
437.981258921,64,47.1942837186
437.981258921,65,47.2283137669
437.981258921,66,47.2595839915
437.981258921,67,47.2881349576
437.981258921,68,47.3140122387
437.981258921,69,47.3372665296
437.981258921,70,47.3579537787
437.981258921,71,47.3761353387
437.981258921,72,47.3918781301
437.981258921,73,47.4052548175
437.981258921,74,47.4163439925
437.981258921,75,47.4252303613
437.981258921,76,47.4320049318
437.981258921,77,47.4367651962
437.981258921,78,47.4396153033
437.981258921,79,47.4406662162
437.981258921,80,47.4400358471
437.981258921,81,47.4378491651
437.981258921,82,47.4342382671
437.981258921,83,47.429342406
437.981258921,84,47.4233079673
437.981258921,85,47.4162883852
437.981258921,86,47.4084439897
437.981258921,87,47.3999417754
437.981258921,88,47.3909550839
437.981258921,89,47.3816631908
437.981258921,90,47.3722507889
437.981258921,91,47.3629073624
437.981258921,92,47.3538264451
437.981258921,93,47.3452047594
437.981258921,94,47.3372412353
437.981258921,95,47.330135909
437.981258921,96,47.3240887066
437.981258921,97,47.3192981191
437.981258921,98,47.3159597801
437.981258921,99,47.314264961
437.981258921,100,47.3143990015
437.981258921,101,47.3165396985
437.981258921,102,47.3208556768
437.981258921,103,47.3275047728
437.981258921,104,47.3366324586
437.981258921,105,47.3483703411
437.981258921,106,47.3628347661
437.981258921,107,47.3801255606
437.981258921,108,47.400324942
437.981258921,109,47.4234966215
437.981258921,110,47.4496851239
437.981258921,111,47.4789153419
437.981258921,112,47.511192336
437.981258921,113,47.5465013862
437.981258921,114,47.5848082941
437.981258921,115,47.6260599273
437.981258921,116,47.6701849936
437.981258921,117,47.7170950241
437.981258921,118,47.7666855424
437.981258921,119,47.8188373907
437.981258921,120,47.8734181841
437.981258921,121,47.9302838583
437.981258921,122,47.9892802815
437.981258921,123,48.0502448963
437.981258921,124,48.1130083628
437.981258921,125,48.1773961748
437.981258921,126,48.243230225
437.981258921,127,48.3103302975
437.981258921,128,48.3785154712
437.981258921,129,48.447605419
437.981258921,130,48.5174215943
437.981258921,131,48.5877882983
437.981258921,132,48.6585336232
437.981258921,133,48.7294902738
437.981258921,134,48.8004962669
437.981258921,135,48.8713955148
437.981258921,136,48.9420382972
437.981258921,137,49.0122816297
437.981258921,138,49.0819895354
437.981258921,139,49.1510332302
437.981258921,140,49.2192912281
437.981258921,141,49.2866493774
437.981258921,142,49.3530008353
437.981258921,143,49.4182459889
437.981258921,144,49.4822923316
437.981258921,145,49.5450543019
437.981258921,146,49.6064530903
437.981258921,147,49.666416422
437.981258921,148,49.7248783205
437.981258921,149,49.7817788566
437.981258921,150,49.8370638874
437.981258921,151,49.8906847906
437.981258921,152,49.9425981944
437.981258921,153,49.9927657091
437.981258921,154,50.0411536607
437.981258921,155,50.08773283
437.981258921,156,50.1324781966
437.981258921,157,50.1753686925
437.981258921,158,50.2163869631
437.981258921,159,50.2555191385
437.981258921,160,50.2927546147
437.981258921,161,50.3280858456
437.981258921,162,50.3615081456
437.981258921,163,50.3930195035
437.981258921,164,50.4226204069
437.981258921,165,50.4503136775
437.981258921,166,50.4761043173
437.981258921,167,50.4999993647
437.981258921,168,50.5220077606
437.981258921,169,50.5421402245
437.981258921,170,50.5604091395
437.981258921,171,50.5768284459
437.981258921,172,50.5914135437
437.981258921,173,50.6041812023
437.981258921,174,50.6151494778
437.981258921,175,50.6243376377
437.981258921,176,50.631766091
437.981258921,177,50.6374563252
437.981258921,178,50.6414308486
437.981258921,179,50.643713137
437.981258921,180,50.6443275857
483.068500217,-180,51.7750908433
483.068500217,-179,51.7613069469
483.068500217,-178,51.7458107563
483.068500217,-177,51.7286408667
483.068500217,-176,51.7098364678
483.068500217,-175,51.6894373316
483.068500217,-174,51.6674838008
483.068500217,-173,51.6440167772
483.068500217,-172,51.6190777092
483.068500217,-171,51.5927085786
483.068500217,-170,51.5649518859
483.068500217,-169,51.5358506347
483.068500217,-168,51.5054483132
483.068500217,-167,51.4737888741
483.068500217,-166,51.4409167117
483.068500217,-165,51.4068766374
483.068500217,-164,51.3717138507
483.068500217,-163,51.3354739094
483.068500217,-162,51.2982026953
483.068500217,-161,51.2599463783
483.068500217,-160,51.2207513766
483.068500217,-159,51.1806643147
483.068500217,-158,51.1397319793
483.068500217,-157,51.0980012716
483.068500217,-156,51.0555191584
483.068500217,-155,51.0123326209
483.068500217,-154,50.968488602
483.068500217,-153,50.924033952
483.068500217,-152,50.8790153745
483.068500217,-151,50.8334793706
483.068500217,-150,50.7874721838
483.068500217,-149,50.741039746
483.068500217,-148,50.6942276237
483.068500217,-147,50.6470809666
483.068500217,-146,50.5996444581
483.068500217,-145,50.5519622687
483.068500217,-144,50.5040780132
483.068500217,-143,50.4560347112
483.068500217,-142,50.4078747531
483.068500217,-141,50.3596398709
483.068500217,-140,50.311371114
483.068500217,-139,50.2631088323
483.068500217,-138,50.2148926656
483.068500217,-137,50.1667615393
483.068500217,-136,50.1187536682
483.068500217,-135,50.0709065677
483.068500217,-134,50.0232570725
483.068500217,-133,49.9758413634
483.068500217,-132,49.9286950017
483.068500217,-131,49.8818529709
483.068500217,-130,49.8353497267
483.068500217,-129,49.7892192528
483.068500217,-128,49.743495124
483.068500217,-127,49.698210575
483.068500217,-126,49.6533985742
483.068500217,-125,49.6090919013
483.068500217,-124,49.5653232289
483.068500217,-123,49.5221252052
483.068500217,-122,49.4795305379
483.068500217,-121,49.4375720774
483.068500217,-120,49.3962828972
483.068500217,-119,49.355696371
483.068500217,-118,49.315846244
483.068500217,-117,49.2767666964
483.068500217,-116,49.238492398
483.068500217,-115,49.2010585515
483.068500217,-114,49.1645009223
483.068500217,-113,49.1288558536
483.068500217,-112,49.0941602644
483.068500217,-111,49.0604516283
483.068500217,-110,49.0277679321
483.068500217,-109,48.9961476121
483.068500217,-108,48.965629467
483.068500217,-107,48.9362525451
483.068500217,-106,48.9080560067
483.068500217,-105,48.8810789595
483.068500217,-104,48.8553602671
483.068500217,-103,48.8309383304
483.068500217,-102,48.8078508435
483.068500217,-101,48.7861345228
483.068500217,-100,48.7658248131
483.068500217,-99,48.7469555703
483.068500217,-98,48.7295587244
483.068500217,-97,48.7136639257
483.068500217,-96,48.6992981759
483.068500217,-95,48.6864854502
483.068500217,-94,48.675246312
483.068500217,-93,48.6655975273
483.068500217,-92,48.6575516812
483.068500217,-91,48.6511168031
483.068500217,-90,48.6462960059
483.068500217,-89,48.643087143
483.068500217,-88,48.6414824892
483.068500217,-87,48.6414684514
483.068500217,-86,48.6430253112
483.068500217,-85,48.6461270067
483.068500217,-84,48.6507409545
483.068500217,-83,48.656827918
483.068500217,-82,48.6643419209
483.068500217,-81,48.673230212
483.068500217,-80,48.6834332779
483.068500217,-79,48.6948849079
483.068500217,-78,48.7075123069
483.068500217,-77,48.7212362583
483.068500217,-76,48.7359713313
483.068500217,-75,48.7516261334
483.068500217,-74,48.7681036018
483.068500217,-73,48.7853013313
483.068500217,-72,48.8031119341
483.068500217,-71,48.821423426
483.068500217,-70,48.8401196361
483.068500217,-69,48.8590806322
483.068500217,-68,48.8781831599
483.068500217,-67,48.8973010875
483.068500217,-66,48.9163058551
483.068500217,-65,48.9350669209
483.068500217,-64,48.9534522016
483.068500217,-63,48.9713285039
483.068500217,-62,48.9885619425
483.068500217,-61,49.0050183419
483.068500217,-60,49.0205636214
483.068500217,-59,49.0350641582
483.068500217,-58,49.0483871305
483.068500217,-57,49.0604008368
483.068500217,-56,49.0709749928
483.068500217,-55,49.079981004
483.068500217,-54,49.0872922161
483.068500217,-53,49.0927841413
483.068500217,-52,49.0963346638
483.068500217,-51,49.0978242229
483.068500217,-50,49.0971359779
483.068500217,-49,49.0941559534
483.068500217,-48,49.0887731684
483.068500217,-47,49.0808797509
483.068500217,-46,49.0703710388
483.068500217,-45,49.0571456705
483.068500217,-44,49.0411056662
483.068500217,-43,49.0221565032
483.068500217,-42,49.0002071863
483.068500217,-41,48.9751703168
483.068500217,-40,48.9469621618
483.068500217,-39,48.9155027271
483.068500217,-38,48.880715836
483.068500217,-37,48.8425292166
483.068500217,-36,48.8008746017
483.068500217,-35,48.7556878432
483.068500217,-34,48.7069090459
483.068500217,-33,48.6544827223
483.068500217,-32,48.5983579754
483.068500217,-31,48.5384887105
483.068500217,-30,48.4748338832
483.068500217,-29,48.4073577878
483.068500217,-28,48.3360303908
483.068500217,-27,48.2608277169
483.068500217,-26,48.1817322938
483.068500217,-25,48.0987336611
483.068500217,-24,48.011828954
483.068500217,-23,47.9210235673
483.068500217,-22,47.8263319099
483.068500217,-21,47.7277782591
483.068500217,-20,47.6253977236
483.068500217,-19,47.519237326
483.068500217,-18,47.4093572151
483.068500217,-17,47.295832017
483.068500217,-16,47.1787523351
483.068500217,-15,47.0582264066
483.068500217,-14,46.9343819233
483.068500217,-13,46.8073680177
483.068500217,-12,46.6773574164
483.068500217,-11,46.5445487543
483.068500217,-10,46.409169037
483.068500217,-9,46.2714762285
483.068500217,-8,46.1317619325
483.068500217,-7,45.9903541186
483.068500217,-6,45.8476198276
483.068500217,-5,45.7039677722
483.068500217,-4,45.5598507222
483.068500217,-3,45.4157675411
483.068500217,-2,45.2722647103
483.068500217,-1,45.1299371508
483.068500217,0,44.9894281263
483.068500217,1,44.8514279908
483.068500217,2,44.7166715311
483.068500217,3,44.5859336586
483.068500217,4,44.4600232246
483.068500217,5,44.3397747796
483.068500217,6,44.2260381691
483.068500217,7,44.1196659668
483.068500217,8,44.0214988762
483.068500217,9,43.9323493928
483.068500217,10,43.8529841929
483.068500217,11,43.7841058836
483.068500217,12,43.7263349002
483.068500217,13,43.6801924388
483.068500217,14,43.6460853573
483.068500217,15,43.6242939327
483.068500217,16,43.6149632434
483.068500217,17,43.6180987351
483.068500217,18,43.6335662656
483.068500217,19,43.6610966252
483.068500217,20,43.7002942251
483.068500217,21,43.7506493889
483.068500217,22,43.8115534727
483.068500217,23,43.8823159227
483.068500217,24,43.9621823393
483.068500217,25,44.050352661
483.068500217,26,44.145998688
483.068500217,27,44.2482803157
483.068500217,28,44.3563600182
483.068500217,29,44.4694152983
483.068500217,30,44.5866489731
483.068500217,31,44.7072973039
483.068500217,32,44.8306360773
483.068500217,33,44.9559848213
483.068500217,34,45.0827093819
483.068500217,35,45.2102231082
483.068500217,36,45.3379868932
483.068500217,37,45.4655083085
483.068500217,38,45.5923400476
483.068500217,39,45.7180778674
483.068500217,40,45.84235819
483.068500217,41,45.9648554989
483.068500217,42,46.0852796371
483.068500217,43,46.2033730937
483.068500217,44,46.3189083414
483.068500217,45,46.4316852739
483.068500217,46,46.5415287767
483.068500217,47,46.6482864514
483.068500217,48,46.751826509
483.068500217,49,46.8520358352
483.068500217,50,46.9488182305
483.068500217,51,47.0420928211
483.068500217,52,47.1317926345
483.068500217,53,47.2178633324
483.068500217,54,47.3002620929
483.068500217,55,47.3789566316
483.068500217,56,47.4539243531
483.068500217,57,47.5251516231
483.068500217,58,47.5926331535
483.068500217,59,47.6563714901
483.068500217,60,47.7163765967
483.068500217,61,47.7726655278
483.068500217,62,47.8252621825
483.068500217,63,47.8741971348
483.068500217,64,47.9195075329
483.068500217,65,47.9612370635
483.068500217,66,47.9994359752
483.068500217,67,48.0341611573
483.068500217,68,48.0654762679
483.068500217,69,48.0934519083
483.068500217,70,48.118165838
483.068500217,71,48.1397032262
483.068500217,72,48.1581569342
483.068500217,73,48.1736278237
483.068500217,74,48.1862250842
483.068500217,75,48.1960665733
483.068500217,76,48.2032791621
483.068500217,77,48.2079990768
483.068500217,78,48.2103722269
483.068500217,79,48.2105545095
483.068500217,80,48.2087120766
483.068500217,81,48.205021553
483.068500217,82,48.1996701888
483.068500217,83,48.1928559312
483.068500217,84,48.184787398
483.068500217,85,48.1756837348
483.068500217,86,48.1657743364
483.068500217,87,48.1552984147
483.068500217,88,48.1445043935
483.068500217,89,48.1336491129
483.068500217,90,48.122996828
483.068500217,91,48.1128179892
483.068500217,92,48.1033877945
483.068500217,93,48.0949845108
483.068500217,94,48.0878875658
483.068500217,95,48.0823754199
483.068500217,96,48.0787232347
483.068500217,97,48.0772003648
483.068500217,98,48.0780677067
483.068500217,99,48.0815749492
483.068500217,100,48.0879577759
483.068500217,101,48.0974350812
483.068500217,102,48.1102062614
483.068500217,103,48.1264486512
483.068500217,104,48.1463151745
483.068500217,105,48.1699322744
483.068500217,106,48.1973981857
483.068500217,107,48.2287816033
483.068500217,108,48.2641207873
483.068500217,109,48.3034231367
483.068500217,110,48.3466652442
483.068500217,111,48.3937934323
483.068500217,112,48.4447247538
483.068500217,113,48.4993484259
483.068500217,114,48.5575276538
483.068500217,115,48.6191017892
483.068500217,116,48.6838887606
483.068500217,117,48.7516877089
483.068500217,118,48.8222817584
483.068500217,119,48.8954408555
483.068500217,120,48.9709246101
483.068500217,121,49.0484850813
483.068500217,122,49.1278694564
483.068500217,123,49.2088225792
483.068500217,124,49.2910892943
483.068500217,125,49.3744165823
483.068500217,126,49.4585554682
483.068500217,127,49.5432626964
483.068500217,128,49.6283021681
483.068500217,129,49.713446147
483.068500217,130,49.7984762419
483.068500217,131,49.883184179
483.068500217,132,49.9673723792
483.068500217,133,50.0508543582
483.068500217,134,50.1334549673
483.068500217,135,50.215010494
483.068500217,136,50.2953686405
483.068500217,137,50.3743883975
483.068500217,138,50.4519398313
483.068500217,139,50.527903798
483.068500217,140,50.6021716002
483.068500217,141,50.6746445985
483.068500217,142,50.745233789
483.068500217,143,50.8138593574
483.068500217,144,50.8804502175
483.068500217,145,50.9449435416
483.068500217,146,51.0072842899
483.068500217,147,51.067424743
483.068500217,148,51.1253240425
483.068500217,149,51.1809477427
483.068500217,150,51.2342673766
483.068500217,151,51.2852600384
483.068500217,152,51.3339079828
483.068500217,153,51.3801982444
483.068500217,154,51.4241222761
483.068500217,155,51.4656756078
483.068500217,156,51.5048575252
483.068500217,157,51.541670769
483.068500217,158,51.576121254
483.068500217,159,51.6082178074
483.068500217,160,51.6379719267
483.068500217,161,51.6653975557
483.068500217,162,51.6905108777
483.068500217,163,51.7133301271
483.068500217,164,51.7338754157
483.068500217,165,51.7521685756
483.068500217,166,51.7682330158
483.068500217,167,51.7820935937
483.068500217,168,51.7937764984
483.068500217,169,51.8033091469
483.068500217,170,51.8107200915
483.068500217,171,51.8160389376
483.068500217,172,51.8192962707
483.068500217,173,51.8205235936
483.068500217,174,51.8197532702
483.068500217,175,51.8170184778
483.068500217,176,51.8123531652
483.068500217,177,51.8057920175
483.068500217,178,51.7973704251
483.068500217,179,51.7871244579
483.068500217,180,51.7750908433
532.797171452,-180,52.7114087672
532.797171452,-179,52.6809592503
532.797171452,-178,52.648850266
532.797171452,-177,52.6151355256
532.797171452,-176,52.5798693891
532.797171452,-175,52.5431068851
532.797171452,-174,52.5049037274
532.797171452,-173,52.4653163259
532.797171452,-172,52.4244017923
532.797171452,-171,52.3822179394
532.797171452,-170,52.3388232734
532.797171452,-169,52.2942769777
532.797171452,-168,52.2486388891
532.797171452,-167,52.201969465
532.797171452,-166,52.154329741
532.797171452,-165,52.105781279
532.797171452,-164,52.0563861056
532.797171452,-163,52.0062066397
532.797171452,-162,51.9553056113
532.797171452,-161,51.9037459687
532.797171452,-160,51.8515907771
532.797171452,-159,51.7989031071
532.797171452,-158,51.7457459137
532.797171452,-157,51.6921819076
532.797171452,-156,51.6382734176
532.797171452,-155,51.5840822469
532.797171452,-154,51.5296695226
532.797171452,-153,51.4750955402
532.797171452,-152,51.4204196049
532.797171452,-151,51.3656998698
532.797171452,-150,51.3109931734
532.797171452,-149,51.2563548774
532.797171452,-148,51.2018387068
532.797171452,-147,51.1474965941
532.797171452,-146,51.0933785287
532.797171452,-145,51.0395324138
532.797171452,-144,50.9860039329
532.797171452,-143,50.9328364271
532.797171452,-142,50.8800707851
532.797171452,-141,50.827745348
532.797171452,-140,50.7758958297
532.797171452,-139,50.7245552559
532.797171452,-138,50.6737539213
532.797171452,-137,50.6235193674
532.797171452,-136,50.5738763819
532.797171452,-135,50.5248470199
532.797171452,-134,50.4764506484
532.797171452,-133,50.4287040137
532.797171452,-132,50.3816213332
532.797171452,-131,50.3352144096
532.797171452,-130,50.2894927694
532.797171452,-129,50.2444638235
532.797171452,-128,50.2001330504
532.797171452,-127,50.1565042
532.797171452,-126,50.1135795178
532.797171452,-125,50.071359987
532.797171452,-124,50.0298455879
532.797171452,-123,49.9890355721
532.797171452,-122,49.9489287504
532.797171452,-121,49.9095237903
532.797171452,-120,49.8708195237
532.797171452,-119,49.8328152597
532.797171452,-118,49.7955111009
532.797171452,-117,49.7589082612
532.797171452,-116,49.7230093808
532.797171452,-115,49.6878188366
532.797171452,-114,49.6533430444
532.797171452,-113,49.6195907489
532.797171452,-112,49.5865733006
532.797171452,-111,49.5543049126
532.797171452,-110,49.5228028973
532.797171452,-109,49.4920878767
532.797171452,-108,49.462183964
532.797171452,-107,49.4331189124
532.797171452,-106,49.4049242267
532.797171452,-105,49.3776352351
532.797171452,-104,49.3512911162
532.797171452,-103,49.3259348776
532.797171452,-102,49.3016132839
532.797171452,-101,49.2783767286
532.797171452,-100,49.2562790491
532.797171452,-99,49.2353772802
532.797171452,-98,49.2157313459
532.797171452,-97,49.1974036864
532.797171452,-96,49.1804588209
532.797171452,-95,49.1649628459
532.797171452,-94,49.1509828697
532.797171452,-93,49.1385863875
532.797171452,-92,49.1278405974
532.797171452,-91,49.1188116662
532.797171452,-90,49.1115639473
532.797171452,-89,49.1061591618
532.797171452,-88,49.1026555496
532.797171452,-87,49.1011070018
532.797171452,-86,49.1015621852
532.797171452,-85,49.1040636719
532.797171452,-84,49.108647087
532.797171452,-83,49.1153402878
532.797171452,-82,49.1241625883
532.797171452,-81,49.1351240429
532.797171452,-80,49.1482248017
532.797171452,-79,49.1634545501
532.797171452,-78,49.180792043
532.797171452,-77,49.2002047428
532.797171452,-76,49.2216485689
532.797171452,-75,49.2450677619
532.797171452,-74,49.2703948684
532.797171452,-73,49.297550843
532.797171452,-72,49.3264452685
532.797171452,-71,49.3569766869
532.797171452,-70,49.3890330375
532.797171452,-69,49.4224921912
532.797171452,-68,49.457222571
532.797171452,-67,49.4930838491
532.797171452,-66,49.5299277044
532.797171452,-65,49.567598631
532.797171452,-64,49.6059347814
532.797171452,-63,49.644768833
532.797171452,-62,49.6839288632
532.797171452,-61,49.7232392234
532.797171452,-60,49.7625213984
532.797171452,-59,49.8015948422
532.797171452,-58,49.840277782
532.797171452,-57,49.8783879819
532.797171452,-56,49.9157434609
532.797171452,-55,49.9521631606
532.797171452,-54,49.9874675587
532.797171452,-53,50.0214792273
532.797171452,-52,50.0540233334
532.797171452,-51,50.0849280831
532.797171452,-50,50.1140251101
532.797171452,-49,50.1411498092
532.797171452,-48,50.1661416186
532.797171452,-47,50.1888442531
532.797171452,-46,50.2091058908
532.797171452,-45,50.2267793183
532.797171452,-44,50.2417220369
532.797171452,-43,50.2537963336
532.797171452,-42,50.2628693226
532.797171452,-41,50.268812958
532.797171452,-40,50.271504025
532.797171452,-39,50.2708241105
532.797171452,-38,50.2666595595
532.797171452,-37,50.2589014182
532.797171452,-36,50.2474453697
532.797171452,-35,50.2321916645
532.797171452,-34,50.2130450493
532.797171452,-33,50.1899146988
532.797171452,-32,50.162714152
532.797171452,-31,50.1313612579
532.797171452,-30,50.0957781339
532.797171452,-29,50.0558911408
532.797171452,-28,50.0116308778
532.797171452,-27,49.9629322024
532.797171452,-26,49.9097342797
532.797171452,-25,49.851980666
532.797171452,-24,49.7896194322
532.797171452,-23,49.7226033339
532.797171452,-22,49.6508900337
532.797171452,-21,49.574442385
532.797171452,-20,49.4932287851
532.797171452,-19,49.4072236073
532.797171452,-18,49.3164077234
532.797171452,-17,49.2207691284
532.797171452,-16,49.1203036809
532.797171452,-15,49.0150159758
532.797171452,-14,48.9049203644
532.797171452,-13,48.7900421409
532.797171452,-12,48.6704189176
532.797171452,-11,48.5461022068
532.797171452,-10,48.4171592376
532.797171452,-9,48.2836750271
532.797171452,-8,48.1457547347
532.797171452,-7,48.0035263222
532.797171452,-6,47.857143542
532.797171452,-5,47.7067892739
532.797171452,-4,47.5526792233
532.797171452,-3,47.3950659846
532.797171452,-2,47.2342434612
532.797171452,-1,47.0705516144
532.797171452,0,46.9043814886
532.797171452,1,46.7361804282
532.797171452,2,46.5664573583
532.797171452,3,46.3957879533
532.797171452,4,46.2248194532
532.797171452,5,46.054274819
532.797171452,6,45.8849558425
532.797171452,7,45.7177447452
532.797171452,8,45.5536037299
532.797171452,9,45.3935718926
532.797171452,10,45.2387588772
532.797171452,11,45.0903346817
532.797171452,12,44.9495151189
532.797171452,13,44.8175426123
532.797171452,14,44.6956622855
532.797171452,15,44.5850936769
532.797171452,16,44.486998857
532.797171452,17,44.4024482164
532.797171452,18,44.3323856548
532.797171452,19,44.277595264
532.797171452,20,44.2386717876
532.797171452,21,44.2159970816
532.797171452,22,44.2097244783
532.797171452,23,44.2197723749
532.797171452,24,44.2458276009
532.797171452,25,44.2873582737
532.797171452,26,44.3436350446
532.797171452,27,44.4137589923
532.797171452,28,44.4966940088
532.797171452,29,44.5913013878
532.797171452,30,44.6963744395
532.797171452,31,44.8106712714
532.797171452,32,44.9329443199
532.797171452,33,45.0619656995
532.797171452,34,45.1965479061
532.797171452,35,45.3355598092
532.797171452,36,45.4779381761
532.797171452,37,45.6226951776
532.797171452,38,45.7689224479
532.797171452,39,45.9157923123
532.797171452,40,46.0625567891
532.797171452,41,46.2085449209
532.797171452,42,46.3531589261
532.797171452,43,46.4958695791
532.797171452,44,46.6362111539
532.797171452,45,46.7737761904
532.797171452,46,46.9082102803
532.797171452,47,47.0392070151
532.797171452,48,47.1665031936
532.797171452,49,47.2898743516
532.797171452,50,47.4091306504
532.797171452,51,47.5241131387
532.797171452,52,47.6346903874
532.797171452,53,47.7407554907
532.797171452,54,47.8422234139
532.797171452,55,47.9390286696
532.797171452,56,48.0311232991
532.797171452,57,48.1184751362
532.797171452,58,48.2010663293
532.797171452,59,48.2788921017
532.797171452,60,48.3519597279
532.797171452,61,48.4202877078
532.797171452,62,48.4839051213
532.797171452,63,48.5428511474
532.797171452,64,48.5971747337
532.797171452,65,48.6469344037
532.797171452,66,48.6921981904
532.797171452,67,48.7330436852
532.797171452,68,48.769558193
532.797171452,69,48.8018389828
532.797171452,70,48.8299936263
532.797171452,71,48.8541404145
532.797171452,72,48.8744088408
532.797171452,73,48.8909401434
532.797171452,74,48.9038878923
532.797171452,75,48.9134186086
532.797171452,76,48.9197124014
532.797171452,77,48.9229636039
532.797171452,78,48.9233813895
532.797171452,79,48.9211903436
532.797171452,80,48.9166309664
532.797171452,81,48.9099600752
532.797171452,82,48.9014510748
532.797171452,83,48.8913940586
532.797171452,84,48.8800957025
532.797171452,85,48.8678789084
532.797171452,86,48.8550821573
532.797171452,87,48.8420585282
532.797171452,88,48.8291743435
532.797171452,89,48.8168074043
532.797171452,90,48.8053447879
532.797171452,91,48.7951801874
532.797171452,92,48.7867107871
532.797171452,93,48.7803336834
532.797171452,94,48.7764418796
532.797171452,95,48.7754199037
532.797171452,96,48.7776391201
532.797171452,97,48.7834528302
532.797171452,98,48.7931912764
532.797171452,99,48.8071566833
532.797171452,100,48.8256184825
532.797171452,101,48.8488088757
532.797171452,102,48.8769188894
532.797171452,103,48.9100950662
532.797171452,104,48.9484369196
532.797171452,105,48.991995254
532.797171452,106,49.0407714195
532.797171452,107,49.094717534
532.797171452,108,49.1537376651
532.797171452,109,49.2176899267
532.797171452,110,49.2863894089
532.797171452,111,49.3596118297
532.797171452,112,49.4370977733
532.797171452,113,49.5185573669
532.797171452,114,49.6036752401
532.797171452,115,49.6921156131
532.797171452,116,49.7835273723
532.797171452,117,49.8775490019
532.797171452,118,49.973813266
532.797171452,119,50.071951551
532.797171452,120,50.1715978054
532.797171452,121,50.272392035
532.797171452,122,50.3739833292
532.797171452,123,50.4760324156
532.797171452,124,50.578213753
532.797171452,125,50.6802171845
532.797171452,126,50.7817491812
532.797171452,127,50.8825337149
532.797171452,128,50.9823127986
532.797171452,129,51.0808467361
532.797171452,130,51.1779141237
532.797171452,131,51.2733116416
532.797171452,132,51.3668536739
532.797171452,133,51.4583717893
532.797171452,134,51.5477141148
532.797171452,135,51.6347446286
532.797171452,136,51.719342395
532.797171452,137,51.8014007623
532.797171452,138,51.8808265402
532.797171452,139,51.9575391702
532.797171452,140,52.031469901
532.797171452,141,52.1025609778
532.797171452,142,52.1707648521
532.797171452,143,52.2360434185
532.797171452,144,52.2983672813
532.797171452,145,52.3577150549
532.797171452,146,52.4140726989
532.797171452,147,52.4674328896
532.797171452,148,52.5177944278
532.797171452,149,52.5651616834
532.797171452,150,52.6095440761
532.797171452,151,52.6509555914
532.797171452,152,52.6894143306
532.797171452,153,52.7249420953
532.797171452,154,52.7575640021
532.797171452,155,52.7873081304
532.797171452,156,52.8142051978
532.797171452,157,52.8382882647
532.797171452,158,52.8595924659
532.797171452,159,52.8781547674
532.797171452,160,52.8940137477
532.797171452,161,52.9072094021
532.797171452,162,52.9177829692
532.797171452,163,52.9257767778
532.797171452,164,52.931234113
532.797171452,165,52.9341991011
532.797171452,166,52.9347166113
532.797171452,167,52.9328321738
532.797171452,168,52.928591912
532.797171452,169,52.9220424895
532.797171452,170,52.9132310691
532.797171452,171,52.9022052834
532.797171452,172,52.889013216
532.797171452,173,52.8737033925
532.797171452,174,52.8563247786
532.797171452,175,52.8369267868
532.797171452,176,52.8155592883
532.797171452,177,52.7922726299
532.797171452,178,52.7671176557
532.797171452,179,52.7401457308
532.797171452,180,52.7114087672
587.645076794,-180,53.3183322364
587.645076794,-179,53.2677331517
587.645076794,-178,53.2157487704
587.645076794,-177,53.1624518772
587.645076794,-176,53.1079165081
587.645076794,-175,53.0522180343
587.645076794,-174,52.9954332312
587.645076794,-173,52.9376403321
587.645076794,-172,52.878919062
587.645076794,-171,52.8193506533
587.645076794,-170,52.7590178382
587.645076794,-169,52.6980048182
587.645076794,-168,52.6363972096
587.645076794,-167,52.5742819622
587.645076794,-166,52.5117472516
587.645076794,-165,52.4488823439
587.645076794,-164,52.3857774324
587.645076794,-163,52.322523446
587.645076794,-162,52.2592118299
587.645076794,-161,52.1959342984
587.645076794,-160,52.1327825617
587.645076794,-159,52.0698480273
587.645076794,-158,52.0072214773
587.645076794,-157,51.9449927255
587.645076794,-156,51.8832502544
587.645076794,-155,51.8220808375
587.645076794,-154,51.7615691479
587.645076794,-153,51.7017973592
587.645076794,-152,51.6428447411
587.645076794,-151,51.5847872549
587.645076794,-150,51.5276971529
587.645076794,-149,51.4716425877
587.645076794,-148,51.4166872344
587.645076794,-147,51.3628899322
587.645076794,-146,51.3103043501
587.645076794,-145,51.2589786797
587.645076794,-144,51.2089553622
587.645076794,-143,51.160270851
587.645076794,-142,51.112955416
587.645076794,-141,51.0670329908
587.645076794,-140,51.0225210668
587.645076794,-139,50.9794306352
587.645076794,-138,50.9377661793
587.645076794,-137,50.8975257173
587.645076794,-136,50.8587008948
587.645076794,-135,50.8212771283
587.645076794,-134,50.7852337966
587.645076794,-133,50.750544479
587.645076794,-132,50.7171772381
587.645076794,-131,50.6850949435
587.645076794,-130,50.6542556343
587.645076794,-129,50.6246129152
587.645076794,-128,50.5961163845
587.645076794,-127,50.5687120872
587.645076794,-126,50.542342992
587.645076794,-125,50.5169494864
587.645076794,-124,50.4924698864
587.645076794,-123,50.4688409569
587.645076794,-122,50.4459984399
587.645076794,-121,50.4238775861
587.645076794,-120,50.4024136875
587.645076794,-119,50.3815426083
587.645076794,-118,50.3612013115
587.645076794,-117,50.3413283788
587.645076794,-116,50.3218645225
587.645076794,-115,50.3027530876
587.645076794,-114,50.2839405421
587.645076794,-113,50.2653769555
587.645076794,-112,50.2470164638
587.645076794,-111,50.2288177196
587.645076794,-110,50.2107443277
587.645076794,-109,50.1927652635
587.645076794,-108,50.1748552747
587.645076794,-107,50.1569952643
587.645076794,-106,50.1391726528
587.645076794,-105,50.121381719
587.645076794,-104,50.1036239168
587.645076794,-103,50.0859081645
587.645076794,-102,50.0682511046
587.645076794,-101,50.0506773296
587.645076794,-100,50.0332195701
587.645076794,-99,50.0159188404
587.645076794,-98,49.9988245347
587.645076794,-97,49.9819944703
587.645076794,-96,49.9654948689
587.645076794,-95,49.9494002704
587.645076794,-94,49.9337933711
587.645076794,-93,49.9187647788
587.645076794,-92,49.904412677
587.645076794,-91,49.8908423915
587.645076794,-90,49.878165851
587.645076794,-89,49.8665009374
587.645076794,-88,49.8559707193
587.645076794,-87,49.8467025655
587.645076794,-86,49.8388271385
587.645076794,-85,49.8324772667
587.645076794,-84,49.8277867006
587.645076794,-83,49.8248887597
587.645076794,-82,49.8239148794
587.645076794,-81,49.8249930727
587.645076794,-80,49.8282463241
587.645076794,-79,49.833790937
587.645076794,-78,49.8417348577
587.645076794,-77,49.8521760068
587.645076794,-76,49.8652006442
587.645076794,-75,49.8808818024
587.645076794,-74,49.8992778177
587.645076794,-73,49.9204309934
587.645076794,-72,49.9443664237
587.645076794,-71,49.9710910068
587.645076794,-70,50.0005926704
587.645076794,-69,50.0328398296
587.645076794,-68,50.0677810902
587.645076794,-67,50.1053452052
587.645076794,-66,50.1454412841
587.645076794,-65,50.1879592522
587.645076794,-64,50.2327705447
587.645076794,-63,50.2797290203
587.645076794,-62,50.3286720704
587.645076794,-61,50.3794218974
587.645076794,-60,50.4317869322
587.645076794,-59,50.4855633592
587.645076794,-58,50.5405367171
587.645076794,-57,50.5964835414
587.645076794,-56,50.6531730203
587.645076794,-55,50.710368634
587.645076794,-54,50.767829752
587.645076794,-53,50.825313166
587.645076794,-52,50.8825745397
587.645076794,-51,50.9393697601
587.645076794,-50,50.9954561802
587.645076794,-49,51.0505937432
587.645076794,-48,51.104545986
587.645076794,-47,51.1570809189
587.645076794,-46,51.2079717836
587.645076794,-45,51.2569976923
587.645076794,-44,51.3039441525
587.645076794,-43,51.3486034858
587.645076794,-42,51.3907751455
587.645076794,-41,51.4302659431
587.645076794,-40,51.466890192
587.645076794,-39,51.5004697761
587.645076794,-38,51.5308341524
587.645076794,-37,51.5578202975
587.645076794,-36,51.5812726031
587.645076794,-35,51.6010427309
587.645076794,-34,51.6169894328
587.645076794,-33,51.6289783436
587.645076794,-32,51.6368817519
587.645076794,-31,51.6405783556
587.645076794,-30,51.6399530071
587.645076794,-29,51.634896453
587.645076794,-28,51.6253050726
587.645076794,-27,51.6110806209
587.645076794,-26,51.5921299782
587.645076794,-25,51.5683649119
587.645076794,-24,51.5397018539
587.645076794,-23,51.506061697
587.645076794,-22,51.4673696163
587.645076794,-21,51.4235549172
587.645076794,-20,51.3745509175
587.645076794,-19,51.3202948671
587.645076794,-18,51.2607279122
587.645076794,-17,51.1957951089
587.645076794,-16,51.1254454965
587.645076794,-15,51.0496322363
587.645076794,-14,50.968312827
587.645076794,-13,50.8814494086
587.645076794,-12,50.7890091662
587.645076794,-11,50.6909648505
587.645076794,-10,50.5872954311
587.645076794,-9,50.4779869028
587.645076794,-8,50.3630332677
587.645076794,-7,50.2424377183
587.645076794,-6,50.1162140523
587.645076794,-5,49.9843883505
587.645076794,-4,49.8470009554
587.645076794,-3,49.7041087913
587.645076794,-2,49.5557880711
587.645076794,-1,49.4021374361
587.645076794,0,49.2432815805
587.645076794,1,49.0793754108
587.645076794,2,48.9106087896
587.645076794,3,48.7372119084
587.645076794,4,48.5594613219
587.645076794,5,48.3776866608
587.645076794,6,48.1922780121
587.645076794,7,48.0036939148
587.645076794,8,47.8124698675
587.645076794,9,47.6192271639
587.645076794,10,47.4246817807
587.645076794,11,47.2296529182
587.645076794,12,47.0350706464
587.645076794,13,46.8419819462
587.645076794,14,46.6515542547
587.645076794,15,46.4650754523
587.645076794,16,46.2839490947
587.645076794,17,46.1096836277
587.645076794,18,45.9438743813
587.645076794,19,45.7881773727
587.645076794,20,45.6442744005
587.645076794,21,45.5138296103
587.645076794,22,45.3984386356
587.645076794,23,45.2995724926
587.645076794,24,45.2185194907
587.645076794,25,45.1563293139
587.645076794,26,45.1137639117
587.645076794,27,45.0912597367
587.645076794,28,45.0889050867
587.645076794,29,45.1064349138
587.645076794,30,45.1432436576
587.645076794,31,45.1984147529
587.645076794,32,45.2707637969
587.645076794,33,45.3588912088
587.645076794,34,45.4612397191
587.645076794,35,45.5761521929
587.645076794,36,45.7019259687
587.645076794,37,45.8368608976
587.645076794,38,45.9792993651
587.645076794,39,46.1276576076
587.645076794,40,46.2804484645
587.645076794,41,46.4362963051
587.645076794,42,46.5939452237
587.645076794,43,46.752261749
587.645076794,44,46.9102333159
587.645076794,45,47.0669636473
587.645076794,46,47.2216660391
587.645076794,47,47.373655364
587.645076794,48,47.5223394368
587.645076794,49,47.6672102226
587.645076794,50,47.8078352365
587.645076794,51,47.9438493701
587.645076794,52,48.0749472936
587.645076794,53,48.200876518
587.645076794,54,48.3214311514
587.645076794,55,48.4364463509
587.645076794,56,48.5457934494
587.645076794,57,48.6493757218
587.645076794,58,48.7471247471
587.645076794,59,48.8389973203
587.645076794,60,48.9249728675
587.645076794,61,49.0050513188
587.645076794,62,49.0792513959
587.645076794,63,49.1476092774
587.645076794,64,49.2101776047
587.645076794,65,49.2670247985
587.645076794,66,49.3182346571
587.645076794,67,49.3639062114
587.645076794,68,49.4041538137
587.645076794,69,49.4391074395
587.645076794,70,49.4689131815
587.645076794,71,49.4937339164
587.645076794,72,49.5137501235
587.645076794,73,49.5291608324
587.645076794,74,49.5401846758
587.645076794,75,49.5470610173
587.645076794,76,49.5500511219
587.645076794,77,49.5494393295
587.645076794,78,49.5455341846
587.645076794,79,49.5386694683
587.645076794,80,49.5292050702
587.645076794,81,49.5175276275
587.645076794,82,49.5040508511
587.645076794,83,49.4892154497
587.645076794,84,49.4734885564
587.645076794,85,49.4573625592
587.645076794,86,49.4413532348
587.645076794,87,49.4259970947
587.645076794,88,49.4118478602
587.645076794,89,49.3994720054
587.645076794,90,49.3894433381
587.645076794,91,49.3823366222
587.645076794,92,49.3787202969
587.645076794,93,49.3791484001
587.645076794,94,49.3841518626
587.645076794,95,49.3942293991
587.645076794,96,49.409838279
587.645076794,97,49.4313853012
587.645076794,98,49.4592183302
587.645076794,99,49.4936187562
587.645076794,100,49.5347952263
587.645076794,101,49.5828789516
587.645076794,102,49.6379208288
587.645076794,103,49.6998905273
587.645076794,104,49.768677594
587.645076794,105,49.8440945236
587.645076794,106,49.9258816423
587.645076794,107,50.0137135651
587.645076794,108,50.1072069236
587.645076794,109,50.2059290135
587.645076794,110,50.3094069997
587.645076794,111,50.4171373219
587.645076794,112,50.5285949721
587.645076794,113,50.6432423633
587.645076794,114,50.7605375597
587.645076794,115,50.8799417021
587.645076794,116,51.0009255179
587.645076794,117,51.1229748618
587.645076794,118,51.2455952789
587.645076794,119,51.3683156208
587.645076794,120,51.4906907743
587.645076794,121,51.612303582
587.645076794,122,51.7327660471
587.645076794,123,51.8517199181
587.645076794,124,51.9688367521
587.645076794,125,52.0838175474
587.645076794,126,52.1963920331
587.645076794,127,52.3063176931
587.645076794,128,52.4133785906
587.645076794,129,52.5173840548
587.645076794,130,52.6181672761
587.645076794,131,52.7155838528
587.645076794,132,52.8095103203
587.645076794,133,52.8998426898
587.645076794,134,52.9864950158
587.645076794,135,53.0693980079
587.645076794,136,53.1484976966
587.645076794,137,53.2237541611
587.645076794,138,53.2951403225
587.645076794,139,53.3626408053
587.645076794,140,53.4262508678
587.645076794,141,53.4859754001
587.645076794,142,53.5418279873
587.645076794,143,53.5938300379
587.645076794,144,53.6420099719
587.645076794,145,53.6864024677
587.645076794,146,53.7270477632
587.645076794,147,53.7639910099
587.645076794,148,53.7972816748
587.645076794,149,53.8269729897
587.645076794,150,53.8531214429
587.645076794,151,53.8757863136
587.645076794,152,53.8950292439
587.645076794,153,53.9109138492
587.645076794,154,53.9235053631
587.645076794,155,53.9328703162
587.645076794,156,53.9390762478
587.645076794,157,53.9421914479
587.645076794,158,53.9422847294
587.645076794,159,53.9394252294
587.645076794,160,53.9336822375
587.645076794,161,53.925125052
587.645076794,162,53.9138228612
587.645076794,163,53.8998446495
587.645076794,164,53.8832591283
587.645076794,165,53.864134689
587.645076794,166,53.8425393787
587.645076794,167,53.8185408952
587.645076794,168,53.7922066036
587.645076794,169,53.7636035694
587.645076794,170,53.732798609
587.645076794,171,53.699858356
587.645076794,172,53.6648493408
587.645076794,173,53.6278380823
587.645076794,174,53.5888911907
587.645076794,175,53.5480754774
587.645076794,176,53.5054580735
587.645076794,177,53.461106551
587.645076794,178,53.4150890484
587.645076794,179,53.3674743953
587.645076794,180,53.3183322364
648.139207157,-180,53.5227752043
648.139207157,-179,53.4518188242
648.139207157,-178,53.3799875787
648.139207157,-177,53.3073700251
648.139207157,-176,53.234057764
648.139207157,-175,53.1601456617
648.139207157,-174,53.0857320271
648.139207157,-173,53.01091874
648.139207157,-172,52.9358113242
648.139207157,-171,52.8605189633
648.139207157,-170,52.7851544531
648.139207157,-169,52.7098340887
648.139207157,-168,52.6346774842
648.139207157,-167,52.5598073206
648.139207157,-166,52.4853490233
648.139207157,-165,52.411430368
648.139207157,-164,52.3381810148
648.139207157,-163,52.2657319745
648.139207157,-162,52.1942150077
648.139207157,-161,52.1237619631
648.139207157,-160,52.0545040595
648.139207157,-159,51.9865711181
648.139207157,-158,51.9200907543
648.139207157,-157,51.8551875373
648.139207157,-156,51.7919821292
648.139207157,-155,51.7305904137
648.139207157,-154,51.6711226278
648.139207157,-153,51.6136825089
648.139207157,-152,51.5583664705
648.139207157,-151,51.5052628199
648.139207157,-150,51.4544510306
648.139207157,-149,51.4060010808
648.139207157,-148,51.3599728714
648.139207157,-147,51.3164157311
648.139207157,-146,51.2753680177
648.139207157,-145,51.2368568239
648.139207157,-144,51.2008977889
648.139207157,-143,51.1674950213
648.139207157,-142,51.1366411324
648.139207157,-141,51.1083173773
648.139207157,-140,51.0824939014
648.139207157,-139,51.0591300858
648.139207157,-138,51.0381749839
648.139207157,-137,51.0195678406
648.139207157,-136,51.0032386843
648.139207157,-135,50.9891089809
648.139207157,-134,50.9770923372
648.139207157,-133,50.9670952447
648.139207157,-132,50.9590178501
648.139207157,-131,50.9527547429
648.139207157,-130,50.9481957495
648.139207157,-129,50.945226724
648.139207157,-128,50.9437303278
648.139207157,-127,50.9435867906
648.139207157,-126,50.9446746456
648.139207157,-125,50.9468714357
648.139207157,-124,50.9500543848
648.139207157,-123,50.954101033
648.139207157,-122,50.958889833
648.139207157,-121,50.9643007079
648.139207157,-120,50.97021557
648.139207157,-119,50.9765188005
648.139207157,-118,50.9830976943
648.139207157,-117,50.9898428692
648.139207157,-116,50.9966486437
648.139207157,-115,51.0034133854
648.139207157,-114,51.0100398337
648.139207157,-113,51.0164353997
648.139207157,-112,51.0225124468
648.139207157,-111,51.0281885547
648.139207157,-110,51.0333867712
648.139207157,-109,51.0380358542
648.139207157,-108,51.0420705067
648.139207157,-107,51.0454316085
648.139207157,-106,51.0480664464
648.139207157,-105,51.0499289459
648.139207157,-104,51.0509799049
648.139207157,-103,51.0511872338
648.139207157,-102,51.0505262003
648.139207157,-101,51.048979681
648.139207157,-100,51.0465384209
648.139207157,-99,51.0432012987
648.139207157,-98,51.0389755982
648.139207157,-97,51.0338772839
648.139207157,-96,51.0279312782
648.139207157,-95,51.0211717369
648.139207157,-94,51.0136423191
648.139207157,-93,51.0053964456
648.139207157,-92,50.9964975402
648.139207157,-91,50.9870192447
648.139207157,-90,50.9770456013
648.139207157,-89,50.9666711898
648.139207157,-88,50.9560012088
648.139207157,-87,50.9451514897
648.139207157,-86,50.9342484274
648.139207157,-85,50.9234288144
648.139207157,-84,50.9128395623
648.139207157,-83,50.9026372948
648.139207157,-82,50.8929877961
648.139207157,-81,50.8840652994
648.139207157,-80,50.8760516016
648.139207157,-79,50.8691349917
648.139207157,-78,50.8635089836
648.139207157,-77,50.8593708476
648.139207157,-76,50.8569199399
648.139207157,-75,50.8563558343
648.139207157,-74,50.8578762669
648.139207157,-73,50.8616749122
648.139207157,-72,50.8679390158
648.139207157,-71,50.8768469176
648.139207157,-70,50.8885655053
648.139207157,-69,50.9032476464
648.139207157,-68,50.9210296526
648.139207157,-67,50.9420288333
648.139207157,-66,50.9663411993
648.139207157,-65,50.9940393768
648.139207157,-64,51.025170788
648.139207157,-63,51.0597561537
648.139207157,-62,51.09778836
648.139207157,-61,51.1392317264
648.139207157,-60,51.1840216985
648.139207157,-59,51.2320649754
648.139207157,-58,51.2832400696
648.139207157,-57,51.3373982835
648.139207157,-56,51.3943650726
648.139207157,-55,51.4539417573
648.139207157,-54,51.5159075333
648.139207157,-53,51.5800217246
648.139207157,-52,51.6460262214
648.139207157,-51,51.7136480386
648.139207157,-50,51.7826019377
648.139207157,-49,51.8525930521
648.139207157,-48,51.923319465
648.139207157,-47,51.994474693
648.139207157,-46,52.0657500372
648.139207157,-45,52.1368367697
648.139207157,-44,52.2074281324
648.139207157,-43,52.277221133
648.139207157,-42,52.3459181271
648.139207157,-41,52.4132281862
648.139207157,-40,52.4788682516
648.139207157,-39,52.5425640836
648.139207157,-38,52.6040510138
648.139207157,-37,52.6630745161
648.139207157,-36,52.7193906094
648.139207157,-35,52.7727661087
648.139207157,-34,52.8229787409
648.139207157,-33,52.8698171417
648.139207157,-32,52.9130807491
648.139207157,-31,52.9525796094
648.139207157,-30,52.9881341089
648.139207157,-29,53.0195746461
648.139207157,-28,53.0467412547
648.139207157,-27,53.0694831895
648.139207157,-26,53.0876584846
648.139207157,-25,53.1011334929
648.139207157,-24,53.1097824138
648.139207157,-23,53.1134868174
648.139207157,-22,53.1121351705
648.139207157,-21,53.1056223697
648.139207157,-20,53.0938492877
648.139207157,-19,53.0767223357
648.139207157,-18,53.0541530485
648.139207157,-17,53.0260576952
648.139207157,-16,52.9923569195
648.139207157,-15,52.9529754161
648.139207157,-14,52.9078416459
648.139207157,-13,52.8568875965
648.139207157,-12,52.800048595
648.139207157,-11,52.7372631772
648.139207157,-10,52.6684730253
648.139207157,-9,52.5936229794
648.139207157,-8,52.5126611364
648.139207157,-7,52.4255390488
648.139207157,-6,52.3322120366
648.139207157,-5,52.2326396327
648.139207157,-4,52.1267861796
648.139207157,-3,52.0146216036
648.139207157,-2,51.8961223931
648.139207157,-1,51.7712728144
648.139207157,0,51.6400664027
648.139207157,1,51.5025077698
648.139207157,2,51.3586147817
648.139207157,3,51.2084211581
648.139207157,4,51.0519795605
648.139207157,5,50.8893652373
648.139207157,6,50.7206803019
648.139207157,7,50.546058728
648.139207157,8,50.365672143
648.139207157,9,50.1797365057
648.139207157,10,49.9885197414
648.139207157,11,49.792350395
648.139207157,12,49.5916273302
648.139207157,13,49.386830458
648.139207157,14,49.1785324021
648.139207157,15,48.9674109125
648.139207157,16,48.7542616925
648.139207157,17,48.5400111266
648.139207157,18,48.3257281592
648.139207157,19,48.1126343052
648.139207157,20,47.9021104583
648.139207157,21,47.6956988535
648.139207157,22,47.4950982665
648.139207157,23,47.3021503748
648.139207157,24,47.1188152577
648.139207157,25,46.9471343733
648.139207157,26,46.7891801291
648.139207157,27,46.6469924026
648.139207157,28,46.5225040332
648.139207157,29,46.4174592302
648.139207157,30,46.3333307172
648.139207157,31,46.2712428279
648.139207157,32,46.2319082711
648.139207157,33,46.2155855606
648.139207157,34,46.2220621357
648.139207157,35,46.2506652343
648.139207157,36,46.3002992079
648.139207157,37,46.3695048544
648.139207157,38,46.4565341128
648.139207157,39,46.5594324528
648.139207157,40,46.6761215371
648.139207157,41,46.8044759631
648.139207157,42,46.9423896969
648.139207157,43,47.0878297559
648.139207157,44,47.2388764417
648.139207157,45,47.3937507693
648.139207157,46,47.5508306157
648.139207157,47,47.7086575648
648.139207157,48,47.8659365352
648.139207157,49,48.0215301587
648.139207157,50,48.1744496256
648.139207157,51,48.3238434037
648.139207157,52,48.4689849252
648.139207157,53,48.6092600508
648.139207157,54,48.7441548814
648.139207157,55,48.8732442911
648.139207157,56,48.9961814084
648.139207157,57,49.1126881633
648.139207157,58,49.2225469389
648.139207157,59,49.3255933167
648.139207157,60,49.4217098699
648.139207157,61,49.5108209431
648.139207157,62,49.5928883444
648.139207157,63,49.6679078762
648.139207157,64,49.7359066339
648.139207157,65,49.7969410016
648.139207157,66,49.8510952851
648.139207157,67,49.8984809242
648.139207157,68,49.9392362325
648.139207157,69,49.9735266171
648.139207157,70,50.0015452327
648.139207157,71,50.0235140256
648.139207157,72,50.0396851195
648.139207157,73,50.0503424926
648.139207157,74,50.0558038873
648.139207157,75,50.0564228826
648.139207157,76,50.0525910463
648.139207157,77,50.0447400672
648.139207157,78,50.0333437457
648.139207157,79,50.0189196996
648.139207157,80,50.0020306164
648.139207157,81,49.9832848578
648.139207157,82,49.9633362007
648.139207157,83,49.9428824794
648.139207157,84,49.9226628853
648.139207157,85,49.9034536841
648.139207157,86,49.8860621341
648.139207157,87,49.8713184339
648.139207157,88,49.8600656012
648.139207157,89,49.8531472858
648.139207157,90,49.8513936516
648.139207157,91,49.8556056116
648.139207157,92,49.8665378691
648.139207157,93,49.8848813769
648.139207157,94,49.9112459705
648.139207157,95,49.946144027
648.139207157,96,49.9899760397
648.139207157,97,50.0430189597
648.139207157,98,50.105418034
648.139207157,99,50.1771826763
648.139207157,100,50.258186652
648.139207157,101,50.3481725738
648.139207157,102,50.4467604209
648.139207157,103,50.553459539
648.139207157,104,50.6676833886
648.139207157,105,50.7887661858
648.139207157,106,50.9159805461
648.139207157,107,51.048555276
648.139207157,108,51.1856925604
648.139207157,109,51.326583932
648.139207157,110,51.4704245715
648.139207157,111,51.6164256545
648.139207157,112,51.7638246117
648.139207157,113,51.9118932953
648.139207157,114,52.0599441528
648.139207157,115,52.2073345715
648.139207157,116,52.3534696118
648.139207157,117,52.4978033613
648.139207157,118,52.6398391482
648.139207157,119,52.7791288434
648.139207157,120,52.9152714581
648.139207157,121,53.047911223
648.139207157,122,53.176735306
648.139207157,123,53.3014712997
648.139207157,124,53.4218845867
648.139207157,125,53.5377756647
648.139207157,126,53.6489774963
648.139207157,127,53.7553529314
648.139207157,128,53.8567922335
648.139207157,129,53.9532107339
648.139207157,130,54.0445466249
648.139207157,131,54.1307588989
648.139207157,132,54.2118254327
648.139207157,133,54.287741215
648.139207157,134,54.3585167103
648.139207157,135,54.4241763512
648.139207157,136,54.4847571498
648.139207157,137,54.5403074198
648.139207157,138,54.5908855982
648.139207157,139,54.6365591589
648.139207157,140,54.6774036068
648.139207157,141,54.7135015465
648.139207157,142,54.7449418163
648.139207157,143,54.7718186812
648.139207157,144,54.7942310788
648.139207157,145,54.8122819125
648.139207157,146,54.8260773882
648.139207157,147,54.8357263907
648.139207157,148,54.8413398959
648.139207157,149,54.843030419
648.139207157,150,54.8409114946
648.139207157,151,54.8350971902
648.139207157,152,54.8257016509
648.139207157,153,54.8128386773
648.139207157,154,54.7966213357
648.139207157,155,54.7771616023
648.139207157,156,54.7545700431
648.139207157,157,54.7289555292
648.139207157,158,54.7004249904
648.139207157,159,54.6690832085
648.139207157,160,54.6350326501
648.139207157,161,54.598373342
648.139207157,162,54.5592027883
648.139207157,163,54.517615931
648.139207157,164,54.4737051543
648.139207157,165,54.4275603308
648.139207157,166,54.3792689117
648.139207157,167,54.328916057
648.139207157,168,54.2765848059
648.139207157,169,54.2223562854
648.139207157,170,54.1663099528
648.139207157,171,54.1085238708
648.139207157,172,54.0490750111
648.139207157,173,53.9880395822
648.139207157,174,53.9254933777
648.139207157,175,53.8615121394
648.139207157,176,53.7961719318
648.139207157,177,53.7295495218
648.139207157,178,53.661722758
648.139207157,179,53.5927709446
648.139207157,180,53.5227752043
714.860803644,-180,53.4775348181
714.860803644,-179,53.3932082734
714.860803644,-178,53.308443075
714.860803644,-177,53.2233256788
714.860803644,-176,53.1379518038
714.860803644,-175,53.0524268371
714.860803644,-174,52.9668660913
714.860803644,-173,52.8813949042
714.860803644,-172,52.7961485746
714.860803644,-171,52.711272125
714.860803644,-170,52.6269198875
714.860803644,-169,52.5432549091
714.860803644,-168,52.460448175
714.860803644,-167,52.378677652
714.860803644,-166,52.2981271549
714.860803644,-165,52.2189850464
714.860803644,-164,52.1414427784
714.860803644,-163,52.0656932936
714.860803644,-162,51.9919293047
714.860803644,-161,51.9203414755
714.860803644,-160,51.851116532
714.860803644,-159,51.7844353344
714.860803644,-158,51.7204709439
714.860803644,-157,51.6593867225
714.860803644,-156,51.6013345018
714.860803644,-155,51.54645286
714.860803644,-154,51.4948655447
714.860803644,-153,51.4466800747
714.860803644,-152,51.4019865529
714.860803644,-151,51.3608567163
714.860803644,-150,51.3233432421
714.860803644,-149,51.2894793241
714.860803644,-148,51.2592785252
714.860803644,-147,51.2327349039
714.860803644,-146,51.2098234056
714.860803644,-145,51.1905005033
714.860803644,-144,51.1747050651
714.860803644,-143,51.1623594211
714.860803644,-142,51.153370599
714.860803644,-141,51.1476316939
714.860803644,-140,51.1450233374
714.860803644,-139,51.1454152316
714.860803644,-138,51.1486677131
714.860803644,-137,51.1546333162
714.860803644,-136,51.1631583064
714.860803644,-135,51.1740841596
714.860803644,-134,51.1872489665
714.860803644,-133,51.2024887442
714.860803644,-132,51.2196386453
714.860803644,-131,51.2385340537
714.860803644,-130,51.2590115645
714.860803644,-129,51.2809098457
714.860803644,-128,51.3040703842
714.860803644,-127,51.3283381204
714.860803644,-126,51.3535619766
714.860803644,-125,51.3795952883
714.860803644,-124,51.4062961456
714.860803644,-123,51.4335276554
714.860803644,-122,51.461158132
714.860803644,-121,51.4890612279
714.860803644,-120,51.5171160122
714.860803644,-119,51.5452070063
714.860803644,-118,51.5732241848
714.860803644,-117,51.6010629493
714.860803644,-116,51.6286240825
714.860803644,-115,51.6558136871
714.860803644,-114,51.682543117
714.860803644,-113,51.7087289036
714.860803644,-112,51.7342926826
714.860803644,-111,51.7591611233
714.860803644,-110,51.7832658651
714.860803644,-109,51.8065434611
714.860803644,-108,51.8289353334
714.860803644,-107,51.8503877394
714.860803644,-106,51.8708517514
714.860803644,-105,51.8902832511
714.860803644,-104,51.9086429387
714.860803644,-103,51.9258963576
714.860803644,-102,51.9420139366
714.860803644,-101,51.9569710483
714.860803644,-100,51.9707480851
714.860803644,-99,51.9833305544
714.860803644,-98,51.9947091914
714.860803644,-97,52.004880091
714.860803644,-96,52.01384486
714.860803644,-95,52.0216107878
714.860803644,-94,52.0281910383
714.860803644,-93,52.03360486
714.860803644,-92,52.0378778167
714.860803644,-91,52.0410420367
714.860803644,-90,52.0431364785
714.860803644,-89,52.0442072134
714.860803644,-88,52.0443077206
714.860803644,-87,52.043499192
714.860803644,-86,52.0418508432
714.860803644,-85,52.0394402238
714.860803644,-84,52.0363535216
714.860803644,-83,52.0326858511
714.860803644,-82,52.0285415184
714.860803644,-81,52.0240342493
714.860803644,-80,52.0192873687
714.860803644,-79,52.0144339155
714.860803644,-78,52.0096166776
714.860803644,-77,52.0049881285
714.860803644,-76,52.0007102453
714.860803644,-75,51.9969541896
714.860803644,-74,51.9938998294
714.860803644,-73,51.9917350822
714.860803644,-72,51.9906550595
714.860803644,-71,51.9908609967
714.860803644,-70,51.9925589525
714.860803644,-69,51.9959582696
714.860803644,-68,52.0012697919
714.860803644,-67,52.008703841
714.860803644,-66,52.0184679627
714.860803644,-65,52.0307644646
714.860803644,-64,52.0457877723
714.860803644,-63,52.0637216469
714.860803644,-62,52.084736311
714.860803644,-61,52.1089855445
714.860803644,-60,52.1366038149
714.860803644,-59,52.1677035161
714.860803644,-58,52.2023723903
714.860803644,-57,52.2406712093
714.860803644,-56,52.2826317857
714.860803644,-55,52.3282553815
714.860803644,-54,52.3775115656
714.860803644,-53,52.4303375644
714.860803644,-52,52.486638129
714.860803644,-51,52.5462859285
714.860803644,-50,52.60912246
714.860803644,-49,52.6749594486
714.860803644,-48,52.743580695
714.860803644,-47,52.8147443155
714.860803644,-46,52.888185308
714.860803644,-45,52.96361837
714.860803644,-44,53.0407408925
714.860803644,-43,53.1192360512
714.860803644,-42,53.1987759229
714.860803644,-41,53.2790245557
714.860803644,-40,53.3596409341
714.860803644,-39,53.4402817866
714.860803644,-38,53.5206041938
714.860803644,-37,53.600267966
714.860803644,-36,53.6789377681
714.860803644,-35,53.75628498
714.860803644,-34,53.8319892886
714.860803644,-33,53.9057400135
714.860803644,-32,53.9772371778
714.860803644,-31,54.046192334
714.860803644,-30,54.112329166
714.860803644,-29,54.1753838833
714.860803644,-28,54.2351054302
714.860803644,-27,54.2912555302
714.860803644,-26,54.3436085866
714.860803644,-25,54.3919514604
714.860803644,-24,54.4360831444
714.860803644,-23,54.4758143506
714.860803644,-22,54.5109670301
714.860803644,-21,54.5413738373
714.860803644,-20,54.5668775541
714.860803644,-19,54.5873304861
714.860803644,-18,54.6025938401
714.860803644,-17,54.6125370937
714.860803644,-16,54.6170373645
714.860803644,-15,54.6159787874
714.860803644,-14,54.6092519048
714.860803644,-13,54.5967530776
714.860803644,-12,54.5783839217
714.860803644,-11,54.5540507755
714.860803644,-10,54.5236642031
714.860803644,-9,54.4871385407
714.860803644,-8,54.4443914891
714.860803644,-7,54.3953437613
714.860803644,-6,54.339918791
714.860803644,-5,54.2780425097
714.860803644,-4,54.2096432037
714.860803644,-3,54.1346514605
714.860803644,-2,54.0530002178
714.860803644,-1,53.9646249316
714.860803644,0,53.8694638802
714.860803644,1,53.7674586268
714.860803644,2,53.6585546656
714.860803644,3,53.5427022812
714.860803644,4,53.4198576575
714.860803644,5,53.2899842762
714.860803644,6,53.1530546549
714.860803644,7,53.0090524801
714.860803644,8,52.8579752002
714.860803644,9,52.6998371548
714.860803644,10,52.534673323
714.860803644,11,52.3625437889
714.860803644,12,52.1835390281
714.860803644,13,51.99778613
714.860803644,14,51.8054560757
714.860803644,15,51.6067721906
714.860803644,16,51.4020198828
714.860803644,17,51.1915577559
714.860803644,18,50.9758301412
714.860803644,19,50.7553810289
714.860803644,20,50.5308692657
714.860803644,21,50.3030847352
714.860803644,22,50.0729650194
714.860803644,23,49.8416117543
714.860803644,24,49.6103055323
714.860803644,25,49.3805177739
714.860803644,26,49.1539175214
714.860803644,27,48.9323706498
714.860803644,28,48.7179286346
714.860803644,29,48.5128039077
714.860803644,30,48.3193291245
714.860803644,31,48.1398985474
714.860803644,32,47.9768913351
714.860803644,33,47.8325788276
714.860803644,34,47.7090207268
714.860803644,35,47.6079579409
714.860803644,36,47.5307121354
714.860803644,37,47.4781029801
714.860803644,38,47.4503931619
714.860803644,39,47.4472683267
714.860803644,40,47.467854662
714.860803644,41,47.5107717804
714.860803644,42,47.5742140277
714.860803644,43,47.6560503003
714.860803644,44,47.7539313819
714.860803644,45,47.8653946375
714.860803644,46,47.9879580966
714.860803644,47,48.1191988137
714.860803644,48,48.2568132231
714.860803644,49,48.3986595546
714.860803644,50,48.5427840199
714.860803644,51,48.6874334067
714.860803644,52,48.8310570535
714.860803644,53,48.9723010906
714.860803644,54,49.1099974931
714.860803644,55,49.2431500414
714.860803644,56,49.3709188115
714.860803644,57,49.4926043873
714.860803644,58,49.6076326215
714.860803644,59,49.7155404834
714.860803644,60,49.8159633119
714.860803644,61,49.9086236339
714.860803644,62,49.9933216022
714.860803644,63,50.0699270333
714.860803644,64,50.1383729844
714.860803644,65,50.1986507876
714.860803644,66,50.2508064435
714.860803644,67,50.2949382796
714.860803644,68,50.3311957762
714.860803644,69,50.3597794645
714.860803644,70,50.3809418017
714.860803644,71,50.3949889243
714.860803644,72,50.4022831679
714.860803644,73,50.4032462273
714.860803644,74,50.3983628009
714.860803644,75,50.3881845305
714.860803644,76,50.3733339949
714.860803644,77,50.3545084633
714.860803644,78,50.3324830422
714.860803644,79,50.3081127777
714.860803644,80,50.2823332024
714.860803644,81,50.2561587469
714.860803644,82,50.2306783951
714.860803644,83,50.2070479522
714.860803644,84,50.1864783417
714.860803644,85,50.1702194721
714.860803644,86,50.1595394235
714.860803644,87,50.1556990172
714.860803644,88,50.1599222318
714.860803644,89,50.1733634018
714.860803644,90,50.197072622
714.860803644,91,50.2319612226
714.860803644,92,50.2787694984
714.860803644,93,50.3380389881
714.860803644,94,50.4100914562
714.860803644,95,50.4950163181
714.860803644,96,50.5926675953
714.860803644,97,50.7026706789
714.860803644,98,50.8244383298
714.860803644,99,50.9571945771
714.860803644,100,51.1000046006
714.860803644,101,51.251808358
714.860803644,102,51.4114556708
714.860803644,103,51.5777406728
714.860803644,104,51.7494338917
714.860803644,105,51.925310703
714.860803644,106,52.1041753833
714.860803644,107,52.2848804388
714.860803644,108,52.4663412574
714.860803644,109,52.647546409
714.860803644,110,52.8275640948
714.860803644,111,53.0055453401
714.860803644,112,53.1807245504
714.860803644,113,53.3524180216
714.860803644,114,53.5200209437
714.860803644,115,53.6830033596
714.860803644,116,53.8409054645
714.860803644,117,53.9933325527
714.860803644,118,54.1399498493
714.860803644,119,54.2804774031
714.860803644,120,54.414685165
714.860803644,121,54.542388336
714.860803644,122,54.6634430348
714.860803644,123,54.7777423109
714.860803644,124,54.8852125103
714.860803644,125,54.9858099875
714.860803644,126,55.0795181472
714.860803644,127,55.1663447959
714.860803644,128,55.246319776
714.860803644,129,55.3194928561
714.860803644,130,55.3859318499
714.860803644,131,55.4457209354
714.860803644,132,55.4989591482
714.860803644,133,55.545759024
714.860803644,134,55.5862453655
714.860803644,135,55.6205541134
714.860803644,136,55.6488313
714.860803644,137,55.6712320674
714.860803644,138,55.6879197352
714.860803644,139,55.6990649013
714.860803644,140,55.7048445645
714.860803644,141,55.7054412588
714.860803644,142,55.7010421883
714.860803644,143,55.6918383593
714.860803644,144,55.6780237019
714.860803644,145,55.6597941801
714.860803644,146,55.6373468887
714.860803644,147,55.6108791397
714.860803644,148,55.5805875394
714.860803644,149,55.5466670637
714.860803644,150,55.5093101362
714.860803644,151,55.4687057205
714.860803644,152,55.4250384344
714.860803644,153,55.3784876989
714.860803644,154,55.3292269342
714.860803644,155,55.2774228141
714.860803644,156,55.2232345942
714.860803644,157,55.1668135252
714.860803644,158,55.1083023629
714.860803644,159,55.0478349884
714.860803644,160,54.9855361457
714.860803644,161,54.9215213061
714.860803644,162,54.8558966645
714.860803644,163,54.7887592715
714.860803644,164,54.7201973016
714.860803644,165,54.6502904562
714.860803644,166,54.5791104972
714.860803644,167,54.5067219035
714.860803644,168,54.4331826431
714.860803644,169,54.358545047
714.860803644,170,54.282856774
714.860803644,171,54.206161851
714.860803644,172,54.1285017725
714.860803644,173,54.0499166436
714.860803644,174,53.9704463487
714.860803644,175,53.8901317298
714.860803644,176,53.8090157546
714.860803644,177,53.7271446612
714.860803644,178,53.6445690592
714.860803644,179,53.5613449742
714.860803644,180,53.4775348181
788.450942241,-180,53.4263997084
788.450942241,-179,53.3321472722
788.450942241,-178,53.2370732539
788.450942241,-177,53.1413285663
788.450942241,-176,53.0450935082
788.450942241,-175,52.9485774764
788.450942241,-174,52.8520182501
788.450942241,-173,52.7556808194
788.450942241,-172,52.6598557319
788.450942241,-171,52.5648569337
788.450942241,-170,52.471019087
788.450942241,-169,52.3786943555
788.450942241,-168,52.2882486627
788.450942241,-167,52.2000574414
788.450942241,-166,52.1145009149
788.450942241,-165,52.0319589699
788.450942241,-164,51.9528057054
788.450942241,-163,51.8774037653
788.450942241,-162,51.8060985839
788.450942241,-161,51.7392126926
788.450942241,-160,51.67704025
788.450942241,-159,51.6198419625
788.450942241,-158,51.5678405616
788.450942241,-157,51.521216993
788.450942241,-156,51.4801074494
788.450942241,-155,51.4446013532
788.450942241,-154,51.4147403545
788.450942241,-153,51.3905183723
788.450942241,-152,51.3718826627
788.450942241,-151,51.3587358528
788.450942241,-150,51.3509388476
788.450942241,-149,51.3483144796
788.450942241,-148,51.3506517507
788.450942241,-147,51.3577105033
788.450942241,-146,51.3692263513
788.450942241,-145,51.3849157082
788.450942241,-144,51.4044807604
788.450942241,-143,51.4276142541
788.450942241,-142,51.4540039852
788.450942241,-141,51.4833369059
788.450942241,-140,51.5153027883
788.450942241,-139,51.5495974068
788.450942241,-138,51.5859252237
788.450942241,-137,51.6240015815
788.450942241,-136,51.6635544196
788.450942241,-135,51.7043255449
788.450942241,-134,51.7460714956
788.450942241,-133,51.7885640412
788.450942241,-132,51.8315903655
788.450942241,-131,51.8749529808
788.450942241,-130,51.9184694184
788.450942241,-129,51.9619717409
788.450942241,-128,52.0053059174
788.450942241,-127,52.0483310967
788.450942241,-126,52.0909188158
788.450942241,-125,52.1329521688
788.450942241,-124,52.1743249648
788.450942241,-123,52.214940893
788.450942241,-122,52.2547127158
788.450942241,-121,52.2935615013
788.450942241,-120,52.3314159085
788.450942241,-119,52.3682115326
788.450942241,-118,52.4038903167
788.450942241,-117,52.4384000343
788.450942241,-116,52.4716938437
788.450942241,-115,52.5037299158
788.450942241,-114,52.5344711338
788.450942241,-113,52.5638848625
788.450942241,-112,52.5919427848
788.450942241,-111,52.6186207998
788.450942241,-110,52.6438989807
788.450942241,-109,52.6677615833
788.450942241,-108,52.6901971033
788.450942241,-107,52.7111983731
788.450942241,-106,52.7307626938
788.450942241,-105,52.7488919943
788.450942241,-104,52.7655930119
788.450942241,-103,52.7808774866
788.450942241,-102,52.794762362
788.450942241,-101,52.8072699877
788.450942241,-100,52.8184283131
788.450942241,-99,52.8282710697
788.450942241,-98,52.8368379318
788.450942241,-97,52.8441746519
788.450942241,-96,52.8503331637
788.450942241,-95,52.8553716467
788.450942241,-94,52.8593545493
788.450942241,-93,52.8623525632
788.450942241,-92,52.8644425478
788.450942241,-91,52.8657074005
788.450942241,-90,52.8662358716
788.450942241,-89,52.8661223217
788.450942241,-88,52.865466424
788.450942241,-87,52.8643728108
788.450942241,-86,52.862950669
788.450942241,-85,52.8613132873
788.450942241,-84,52.8595775623
788.450942241,-83,52.8578634687
788.450942241,-82,52.8562935033
788.450942241,-81,52.8549921109
788.450942241,-80,52.8540851028
788.450942241,-79,52.8536990779
788.450942241,-78,52.8539608573
788.450942241,-77,52.8549969423
788.450942241,-76,52.8569330063
788.450942241,-75,52.8598934282
788.450942241,-74,52.8640008743
788.450942241,-73,52.8693759332
788.450942241,-72,52.8761368065
788.450942241,-71,52.884399053
788.450942241,-70,52.8942753838
788.450942241,-69,52.9058755
788.450942241,-68,52.9193059634
788.450942241,-67,52.9346700862
788.450942241,-66,52.9520678239
788.450942241,-65,52.9715956532
788.450942241,-64,52.9933464152
788.450942241,-63,53.0174091044
788.450942241,-62,53.0438685836
788.450942241,-61,53.0728052065
788.450942241,-60,53.1042943334
788.450942241,-59,53.138405728
788.450942241,-58,53.175202828
788.450942241,-57,53.21474189
788.450942241,-56,53.2570710109
788.450942241,-55,53.3022290414
788.450942241,-54,53.3502444069
788.450942241,-53,53.4011338637
788.450942241,-52,53.4549012198
788.450942241,-51,53.5115360588
788.450942241,-50,53.5710125053
788.450942241,-49,53.6332880751
788.450942241,-48,53.698302652
788.450942241,-47,53.7659776328
788.450942241,-46,53.8362152772
788.450942241,-45,53.9088982939
788.450942241,-44,53.9838896893
788.450942241,-43,54.0610328922
788.450942241,-42,54.1401521643
788.450942241,-41,54.2210532929
788.450942241,-40,54.3035245533
788.450942241,-39,54.3873379219
788.450942241,-38,54.4722505108
788.450942241,-37,54.5580061892
788.450942241,-36,54.6443373537
788.450942241,-35,54.7309668041
788.450942241,-34,54.8176096829
788.450942241,-33,54.9039754361
788.450942241,-32,54.9897697539
788.450942241,-31,55.0746964569
788.450942241,-30,55.1584592923
788.450942241,-29,55.240763616
788.450942241,-28,55.3213179359
788.450942241,-27,55.3998353018
788.450942241,-26,55.4760345298
788.450942241,-25,55.5496412551
788.450942241,-24,55.6203888124
788.450942241,-23,55.6880189444
788.450942241,-22,55.7522823461
788.450942241,-21,55.8129390523
788.450942241,-20,55.8697586774
788.450942241,-19,55.9225205213
788.450942241,-18,55.9710135534
788.450942241,-17,56.0150362868
788.450942241,-16,56.0543965578
788.450942241,-15,56.0889112229
788.450942241,-14,56.1184057865
788.450942241,-13,56.1427139712
788.450942241,-12,56.161677243
788.450942241,-11,56.1751443014
788.450942241,-10,56.1829705457
788.450942241,-9,56.1850175263
788.450942241,-8,56.1811523903
788.450942241,-7,56.1712473296
788.450942241,-6,56.1551790409
788.450942241,-5,56.1328282034
788.450942241,-4,56.104078984
788.450942241,-3,56.0688185772
788.450942241,-2,56.0269367881
788.450942241,-1,55.9783256681
788.450942241,0,55.9228792125
788.450942241,1,55.8604931308
788.450942241,2,55.7910647043
788.450942241,3,55.7144927428
788.450942241,4,55.6306776588
788.450942241,5,55.5395216802
788.450942241,6,55.4409292216
788.450942241,7,55.3348074454
788.450942241,8,55.2210670432
788.450942241,9,55.0996232766
788.450942241,10,54.9703973233
788.450942241,11,54.8333179827
788.450942241,12,54.6883238036
788.450942241,13,54.5353657085
788.450942241,14,54.3744102014
788.450942241,15,54.2054432587
788.450942241,16,54.0284750174
788.450942241,17,53.8435453913
788.450942241,18,53.6507307566
788.450942241,19,53.4501518663
788.450942241,20,53.2419831538
788.450942241,21,53.0264635908
788.450942241,22,52.8039092475
788.450942241,23,52.5747276672
788.450942241,24,52.3394341007
788.450942241,25,52.0986695357
788.450942241,26,51.8532202818
788.450942241,27,51.6040386233
788.450942241,28,51.3522637054
788.450942241,29,51.0992413626
788.450942241,30,50.8465410335
788.450942241,31,50.5959672531
788.450942241,32,50.3495625397
788.450942241,33,50.1095979105
788.450942241,34,49.8785469638
788.450942241,35,49.6590396922
788.450942241,36,49.4537932246
788.450942241,37,49.2655187586
788.450942241,38,49.0968070787
788.450942241,39,48.9499990184
788.450942241,40,48.8270513348
788.450942241,41,48.729411729
788.450942241,42,48.6579180298
788.450942241,43,48.6127350317
788.450942241,44,48.5933380273
788.450942241,45,48.5985454829
788.450942241,46,48.6265961242
788.450942241,47,48.6752596622
788.450942241,48,48.7419668495
788.450942241,49,48.8239439995
788.450942241,50,48.9183391474
788.450942241,51,49.0223306956
788.450942241,52,49.1332135515
788.450942241,53,49.2484615093
788.450942241,54,49.3657674284
788.450942241,55,49.483064477
788.450942241,56,49.5985324519
788.450942241,57,49.7105932197
788.450942241,58,49.8178989122
788.450942241,59,49.9193158864
788.450942241,60,50.0139067869
788.450942241,61,50.1009124254
788.450942241,62,50.1797346676
788.450942241,63,50.2499211043
788.450942241,64,50.3111519731
788.450942241,65,50.3632295789
788.450942241,66,50.4060703112
788.450942241,67,50.4396992533
788.450942241,68,50.4642473152
788.450942241,69,50.4799507698
788.450942241,70,50.4871530289
788.450942241,71,50.4863084444
788.450942241,72,50.4779878535
788.450942241,73,50.4628854936
788.450942241,74,50.4418267855
788.450942241,75,50.4157763204
788.450942241,76,50.3858451799
788.450942241,77,50.3532964799
788.450942241,78,50.3195477701
788.450942241,79,50.2861686751
788.450942241,80,50.2548719765
788.450942241,81,50.227496277
788.450942241,82,50.2059785419
788.450942241,83,50.1923152637
788.450942241,84,50.1885118204
788.450942241,85,50.1965208019
788.450942241,86,50.2181716116
788.450942241,87,50.2550953137
788.450942241,88,50.3086502205
788.450942241,89,50.3798547173
788.450942241,90,50.4693339856
788.450942241,91,50.577286391
788.450942241,92,50.7034733814
788.450942241,93,50.8472340888
788.450942241,94,51.0075229352
788.450942241,95,51.1829659879
788.450942241,96,51.3719300511
788.450942241,97,51.572597778
788.450942241,98,51.7830424133
788.450942241,99,52.001296896
788.450942241,100,52.2254136242
788.450942241,101,52.4535128363
788.450942241,102,52.6838190489
788.450942241,103,52.9146861246
788.450942241,104,53.1446122955
788.450942241,105,53.3722468548
788.450942241,106,53.5963903346
788.450942241,107,53.8159898916
788.450942241,108,54.0301314144
788.450942241,109,54.238029602
788.450942241,110,54.4390169952
788.450942241,111,54.632532697
788.450942241,112,54.8181113026
788.450942241,113,54.9953723883
788.450942241,114,55.1640107761
788.450942241,115,55.323787685
788.450942241,116,55.4745228142
788.450942241,117,55.6160873476
788.450942241,118,55.7483978403
788.450942241,119,55.8714109265
788.450942241,120,55.9851187775
788.450942241,121,56.0895452342
788.450942241,122,56.1847425388
788.450942241,123,56.2707885929
788.450942241,124,56.3477846716
788.450942241,125,56.4158535315
788.450942241,126,56.4751378499
788.450942241,127,56.5257989436
788.450942241,128,56.5680157132
788.450942241,129,56.6019837687
788.450942241,130,56.6279146914
788.450942241,131,56.6460353908
788.450942241,132,56.6565875183
788.450942241,133,56.6598269017
788.450942241,134,56.6560229635
788.450942241,135,56.645458092
788.450942241,136,56.6284269315
788.450942241,137,56.6052355636
788.450942241,138,56.5762005514
788.450942241,139,56.541647822
788.450942241,140,56.5019113681
788.450942241,141,56.4573317507
788.450942241,142,56.4082543939
788.450942241,143,56.3550276669
788.450942241,144,56.2980007577
788.450942241,145,56.2375213501
788.450942241,146,56.173933125
788.450942241,147,56.1075731186
788.450942241,148,56.0387689772
788.450942241,149,55.9678361586
788.450942241,150,55.8950751407
788.450942241,151,55.8207687001
788.450942241,152,55.7451793331
788.450942241,153,55.6685468912
788.450942241,154,55.5910865023
788.450942241,155,55.5129868452
788.450942241,156,55.4344088396
788.450942241,157,55.3554847994
788.450942241,158,55.2763180896
788.450942241,159,55.1969833065
788.450942241,160,55.1175269912
788.450942241,161,55.0379688634
788.450942241,162,54.9583035528
788.450942241,163,54.8785027871
788.450942241,164,54.7985179849
788.450942241,165,54.7182831923
788.450942241,166,54.637718296
788.450942241,167,54.556732441
788.450942241,168,54.475227582
788.450942241,169,54.3931020989
788.450942241,170,54.3102544129
788.450942241,171,54.2265865431
788.450942241,172,54.142007554
788.450942241,173,54.0564368479
788.450942241,174,53.9698072686
788.450942241,175,53.8820679846
788.450942241,176,53.7931871292
788.450942241,177,53.703154179
788.450942241,178,53.611982053
788.450942241,179,53.5197089217
788.450942241,180,53.4263997084
869.616693421,-180,52.628598561
869.616693421,-179,52.4982812366
869.616693421,-178,52.3675250593
869.616693421,-177,52.2370779006
869.616693421,-176,52.1077796584
869.616693421,-175,51.9805557151
869.616693421,-174,51.8564071935
869.616693421,-173,51.7363975829
869.616693421,-172,51.6216354407
869.616693421,-171,51.5132530758
869.616693421,-170,51.4123814099
869.616693421,-169,51.3201215649
869.616693421,-168,51.2375141187
869.616693421,-167,51.1655073708
869.616693421,-166,51.1049262882
869.616693421,-165,51.0564440221
869.616693421,-164,51.0205579177
869.616693421,-163,50.9975717655
869.616693421,-162,50.9875856491
869.616693421,-161,50.9904941731
869.616693421,-160,51.0059931724
869.616693421,-159,51.0335943115
869.616693421,-158,51.0726463643
869.616693421,-157,51.1223615159
869.616693421,-156,51.1818447815
869.616693421,-155,51.250124613
869.616693421,-154,51.3261829293
869.616693421,-153,51.4089831123
869.616693421,-152,51.4974948946
869.616693421,-151,51.5907154675
869.616693421,-150,51.6876865117
869.616693421,-149,51.7875071628
869.616693421,-148,51.889343161
869.616693421,-147,51.9924325868
869.616693421,-146,52.0960886744
869.616693421,-145,52.19970022
869.616693421,-144,52.3027300896
869.616693421,-143,52.4047122883
869.616693421,-142,52.5052479975
869.616693421,-141,52.6040009204
869.616693421,-140,52.7006922139
869.616693421,-139,52.795095225
869.616693421,-138,52.8870301984
869.616693421,-137,52.9763590783
869.616693421,-136,53.0629804884
869.616693421,-135,53.1468249508
869.616693421,-134,53.2278503752
869.616693421,-133,53.306037841
869.616693421,-132,53.3813876762
869.616693421,-131,53.4539158338
869.616693421,-130,53.5236505589
869.616693421,-129,53.5906293366
869.616693421,-128,53.6548961093
869.616693421,-127,53.7164987536
869.616693421,-126,53.7754868037
869.616693421,-125,53.8319094121
869.616693421,-124,53.8858135374
869.616693421,-123,53.9372423516
869.616693421,-122,53.9862338584
869.616693421,-121,54.0328197154
869.616693421,-120,54.0770242545
869.616693421,-119,54.1188636946
869.616693421,-118,54.1583455391
869.616693421,-117,54.1954681539
869.616693421,-116,54.2302205182
869.616693421,-115,54.2625821436
869.616693421,-114,54.2925231518
869.616693421,-113,54.3200045071
869.616693421,-112,54.3449783937
869.616693421,-111,54.3673887324
869.616693421,-110,54.3871718283
869.616693421,-109,54.4042571436
869.616693421,-108,54.4185681874
869.616693421,-107,54.430023518
869.616693421,-106,54.4385378529
869.616693421,-105,54.4440232808
869.616693421,-104,54.4463905753
869.616693421,-103,54.4455506068
869.616693421,-102,54.4414158553
869.616693421,-101,54.433902023
869.616693421,-100,54.4229297532
869.616693421,-99,54.4084264571
869.616693421,-98,54.3903282576
869.616693421,-97,54.3685820543
869.616693421,-96,54.3431477195
869.616693421,-95,54.3140004315
869.616693421,-94,54.2811331524
869.616693421,-93,54.2445592557
869.616693421,-92,54.2043153051
869.616693421,-91,54.1604639829
869.616693421,-90,54.1130971589
869.616693421,-89,54.0623390821
869.616693421,-88,54.008349667
869.616693421,-87,53.9513278312
869.616693421,-86,53.8915148241
869.616693421,-85,53.8291974645
869.616693421,-84,53.7647111807
869.616693421,-83,53.698442719
869.616693421,-82,53.6308323546
869.616693421,-81,53.5623754091
869.616693421,-80,53.4936228476
869.616693421,-79,53.4251807022
869.616693421,-78,53.357708051
869.616693421,-77,53.2919132799
869.616693421,-76,53.2285483674
869.616693421,-75,53.1684009775
869.616693421,-74,53.112284216
869.616693421,-73,53.0610240135
869.616693421,-72,53.0154442425
869.616693421,-71,52.9763498446
869.616693421,-70,52.9445084374
869.616693421,-69,52.9206310644
869.616693421,-68,52.9053529245
869.616693421,-67,52.8992150485
869.616693421,-66,52.9026479463
869.616693421,-65,52.9159582238
869.616693421,-64,52.9393190391
869.616693421,-63,52.9727650495
869.616693421,-62,53.0161922095
869.616693421,-61,53.0693624442
869.616693421,-60,53.1319128842
869.616693421,-59,53.2033690476
869.616693421,-58,53.283161121
869.616693421,-57,53.3706423475
869.616693421,-56,53.4651084858
869.616693421,-55,53.5658173504
869.616693421,-54,53.6720075612
869.616693421,-53,53.7829157986
869.616693421,-52,53.8977920546
869.616693421,-51,54.0159125617
869.616693421,-50,54.1365902589
869.616693421,-49,54.2591828042
869.616693421,-48,54.3830982535
869.616693421,-47,54.5077986096
869.616693421,-46,54.6328014907
869.616693421,-45,54.7576801911
869.616693421,-44,54.8820624071
869.616693421,-43,55.0056278914
869.616693421,-42,55.1281052725
869.616693421,-41,55.2492682554
869.616693421,-40,55.3689313861
869.616693421,-39,55.4869455396
869.616693421,-38,55.6031932641
869.616693421,-37,55.717584091
869.616693421,-36,55.8300499059
869.616693421,-35,55.9405404529
869.616693421,-34,56.0490190385
869.616693421,-33,56.1554584837
869.616693421,-32,56.2598373683
869.616693421,-31,56.3621366003
869.616693421,-30,56.462336335
869.616693421,-29,56.5604132648
869.616693421,-28,56.6563382886
869.616693421,-27,56.7500745671
869.616693421,-26,56.8415759614
869.616693421,-25,56.9307858453
869.616693421,-24,57.0176362775
869.616693421,-23,57.1020475114
869.616693421,-22,57.1839278171
869.616693421,-21,57.2631735841
869.616693421,-20,57.3396696718
869.616693421,-19,57.4132899699
869.616693421,-18,57.4838981322
869.616693421,-17,57.551348444
869.616693421,-16,57.6154867881
869.616693421,-15,57.6761516715
869.616693421,-14,57.733175282
869.616693421,-13,57.786384543
869.616693421,-12,57.8356021419
869.616693421,-11,57.8806475093
869.616693421,-10,57.9213377308
869.616693421,-9,57.957488378
869.616693421,-8,57.9889142479
869.616693421,-7,58.0154300051
869.616693421,-6,58.0368507236
869.616693421,-5,58.052992328
869.616693421,-4,58.0636719374
869.616693421,-3,58.0687081161
869.616693421,-2,58.0679210396
869.616693421,-1,58.0611325831
869.616693421,0,58.0481663425
869.616693421,1,58.0288475999
869.616693421,2,58.0030032446
869.616693421,3,57.9704616628
869.616693421,4,57.9310526094
869.616693421,5,57.8846070769
869.616693421,6,57.8309571752
869.616693421,7,57.7699360418
869.616693421,8,57.7013777964
869.616693421,9,57.6251175632
869.616693421,10,57.5409915801
869.616693421,11,57.4488374201
869.616693421,12,57.3484943536
869.616693421,13,57.2398038816
869.616693421,14,57.1226104786
869.616693421,15,56.9967625875
869.616693421,16,56.8621139166
869.616693421,17,56.7185250995
869.616693421,18,56.5658657861
869.616693421,19,56.4040172482
869.616693421,20,56.2328755959
869.616693421,21,56.0523557175
869.616693421,22,55.8623960736
869.616693421,23,55.6629644966
869.616693421,24,55.4540651653
869.616693421,25,55.2357469465
869.616693421,26,55.0081133073
869.616693421,27,54.7713340159
869.616693421,28,54.5256588399
869.616693421,29,54.2714334291
869.616693421,30,54.0091175073
869.616693421,31,53.7393053939
869.616693421,32,53.462748691
869.616693421,33,53.1803807055
869.616693421,34,52.8933417732
869.616693421,35,52.6030041169
869.616693421,36,52.310994167
869.616693421,37,52.0192094325
869.616693421,38,51.72982609
869.616693421,39,51.4452925981
869.616693421,40,51.1683040771
869.616693421,41,50.9017522701
869.616693421,42,50.6486469981
869.616693421,43,50.4120075252
869.616693421,44,50.1947262804
869.616693421,45,49.9994126534
869.616693421,46,49.8282302065
869.616693421,47,49.6827451732
869.616693421,48,49.563805906
869.616693421,49,49.4714707633
869.616693421,50,49.4049956609
869.616693421,51,49.3628833852
869.616693421,52,49.3429870972
869.616693421,53,49.342652773
869.616693421,54,49.3588813821
869.616693421,55,49.3884918514
869.616693421,56,49.4282694492
869.616693421,57,49.4750896024
869.616693421,58,49.5260127408
869.616693421,59,49.5783504041
869.616693421,60,49.6297060106
869.616693421,61,49.6779953686
869.616693421,62,49.721452491
869.616693421,63,49.7586259604
869.616693421,64,49.7883703467
869.616693421,65,49.8098362797
869.616693421,66,49.8224618973
869.616693421,67,49.8259675997
869.616693421,68,49.8203553586
869.616693421,69,49.8059132363
869.616693421,70,49.7832251939
869.616693421,71,49.7531856648
869.616693421,72,49.7170176462
869.616693421,73,49.6762921715
869.616693421,74,49.6329459228
869.616693421,75,49.58929244
869.616693421,76,49.5480209913
869.616693421,77,49.51217594
869.616693421,78,49.4851087853
869.616693421,79,49.4703955875
869.616693421,80,49.4717148592
869.616693421,81,49.4926857323
869.616693421,82,49.5366732666
869.616693421,83,49.6065762209
869.616693421,84,49.7046204674
869.616693421,85,49.8321858091
869.616693421,86,49.9896928109
869.616693421,87,50.1765684734
869.616693421,88,50.3912965659
869.616693421,89,50.6315437337
869.616693421,90,50.8943403388
869.616693421,91,51.1762885555
869.616693421,92,51.4737704301
869.616693421,93,51.7831340958
869.616693421,94,52.1008445182
869.616693421,95,52.4235934266
869.616693421,96,52.7483696793
869.616693421,97,53.0724955115
869.616693421,98,53.3936360272
869.616693421,99,53.7097895067
869.616693421,100,54.0192652666
869.616693421,101,54.3206545012
869.616693421,102,54.6127981464
869.616693421,103,54.8947545615
869.616693421,104,55.1657688063
869.616693421,105,55.4252445337
869.616693421,106,55.6727189739
869.616693421,107,55.9078411294
869.616693421,108,56.1303530769
869.616693421,109,56.3400741446
869.616693421,110,56.536887674
869.616693421,111,56.7207300582
869.616693421,112,56.8915817532
869.616693421,113,57.0494599847
869.616693421,114,57.1944129004
869.616693421,115,57.3265149474
869.616693421,116,57.4458632881
869.616693421,117,57.5525750926
869.616693421,118,57.6467855746
869.616693421,119,57.7286466555
869.616693421,120,57.798326164
869.616693421,121,57.8560074903
869.616693421,122,57.9018896286
869.616693421,123,57.9361875505
869.616693421,124,57.9591328594
869.616693421,125,57.9709746796
869.616693421,126,57.9719807388
869.616693421,127,57.9624385995
869.616693421,128,57.9426569991
869.616693421,129,57.9129672478
869.616693421,130,57.8737246361
869.616693421,131,57.8253097901
869.616693421,132,57.7681299105
869.616693421,133,57.7026198174
869.616693421,134,57.6292427164
869.616693421,135,57.5484905904
869.616693421,136,57.4608841121
869.616693421,137,57.3669719683
869.616693421,138,57.2673294796
869.616693421,139,57.1625564048
869.616693421,140,57.0532738254
869.616693421,141,56.9401200238
869.616693421,142,56.8237452943
869.616693421,143,56.7048056654
869.616693421,144,56.583955558
869.616693421,145,56.4618394668
869.616693421,146,56.3390828139
869.616693421,147,56.216282199
869.616693421,148,56.0939953353
869.616693421,149,55.9727310256
869.616693421,150,55.8529395742
869.616693421,151,55.7350040593
869.616693421,152,55.6192328837
869.616693421,153,55.50585399
869.616693421,154,55.395011061
869.616693421,155,55.2867619373
869.616693421,156,55.1810793711
869.616693421,157,55.0778541174
869.616693421,158,54.9769002422
869.616693421,159,54.8779624213
869.616693421,160,54.7807249158
869.616693421,161,54.6848218537
869.616693421,162,54.5898484167
869.616693421,163,54.4953725346
869.616693421,164,54.4009467207
869.616693421,165,54.3061197263
869.616693421,166,54.210447761
869.616693421,167,54.1135050899
869.616693421,168,54.0148938926
869.616693421,169,53.9142533269
869.616693421,170,53.8112678002
869.616693421,171,53.7056744857
869.616693421,172,53.5972701534
869.616693421,173,53.4859173956
869.616693421,174,53.371550327
869.616693421,175,53.2541798239
869.616693421,176,53.133898341
869.616693421,177,53.0108843032
869.616693421,178,52.8854060204
869.616693421,179,52.7578250122
869.616693421,180,52.628598561
959.137915831,-180,53.2811499064
959.137915831,-179,53.4167006381
959.137915831,-178,53.5612052526
959.137915831,-177,53.7146956622
959.137915831,-176,53.8769000367
959.137915831,-175,54.047275255
959.137915831,-174,54.2250483655
959.137915831,-173,54.4092636649
959.137915831,-172,54.5988318754
959.137915831,-171,54.7925782022
959.137915831,-170,54.9892866542
959.137915831,-169,55.1877387876
959.137915831,-168,55.3867458213
959.137915831,-167,55.5851737891
959.137915831,-166,55.7819619613
959.137915831,-165,55.9761351599
959.137915831,-164,56.1668108294
959.137915831,-163,56.3532018158
959.137915831,-162,56.5346158026
959.137915831,-161,56.7104522749
959.137915831,-160,56.8801977714
959.137915831,-159,57.0434200535
959.137915831,-158,57.1997616939
959.137915831,-157,57.3489334692
959.137915831,-156,57.4907078398
959.137915831,-155,57.6249127144
959.137915831,-154,57.7514256293
959.137915831,-153,57.870168422
959.137915831,-152,57.9811024362
959.137915831,-151,58.0842242695
959.137915831,-150,58.1795620535
959.137915831,-149,58.2671722431
959.137915831,-148,58.3471368838
959.137915831,-147,58.4195613204
959.137915831,-146,58.484572307
959.137915831,-145,58.5423164805
959.137915831,-144,58.5929591564
959.137915831,-143,58.6366834098
959.137915831,-142,58.673689402
959.137915831,-141,58.7041939177
959.137915831,-140,58.7284300754
959.137915831,-139,58.7466471751
959.137915831,-138,58.7591106469
959.137915831,-137,58.7661020647
959.137915831,-136,58.7679191842
959.137915831,-135,58.7648759686
959.137915831,-134,58.7573025582
959.137915831,-133,58.7455451407
959.137915831,-132,58.7299656776
959.137915831,-131,58.710941439
959.137915831,-130,58.6888642984
959.137915831,-129,58.6641397395
959.137915831,-128,58.6371855287
959.137915831,-127,58.6084300091
959.137915831,-126,58.5783099774
959.137915831,-125,58.5472681142
959.137915831,-124,58.5157499474
959.137915831,-123,58.4842003433
959.137915831,-122,58.4530595366
959.137915831,-121,58.4227587306
959.137915831,-120,58.3937153197
959.137915831,-119,58.3663278102
959.137915831,-118,58.3409705372
959.137915831,-117,58.3179882979
959.137915831,-116,58.2976910381
959.137915831,-115,58.2803487423
959.137915831,-114,58.2661866834
959.137915831,-113,58.2553811876
959.137915831,-112,58.2480560572
959.137915831,-111,58.2442797771
959.137915831,-110,58.2440636032
959.137915831,-109,58.2473605962
959.137915831,-108,58.2540656277
959.137915831,-107,58.2640163451
959.137915831,-106,58.2769950423
959.137915831,-105,58.2927313485
959.137915831,-104,58.3109056174
959.137915831,-103,58.3311528763
959.137915831,-102,58.3530671825
959.137915831,-101,58.3762062273
959.137915831,-100,58.4000960313
959.137915831,-99,58.424235587
959.137915831,-98,58.4481013161
959.137915831,-97,58.4711512322
959.137915831,-96,58.4928287175
959.137915831,-95,58.5125658472
959.137915831,-94,58.5297862129
959.137915831,-93,58.5439072169
959.137915831,-92,58.5543418254
959.137915831,-91,58.56049978
959.137915831,-90,58.5617882776
959.137915831,-89,58.5576121344
959.137915831,-88,58.5473734532
959.137915831,-87,58.5304708114
959.137915831,-86,58.5062979871
959.137915831,-85,58.4742422349
959.137915831,-84,58.4336821146
959.137915831,-83,58.3839848704
959.137915831,-82,58.3245033445
959.137915831,-81,58.254572399
959.137915831,-80,58.1735048042
959.137915831,-79,58.0805865351
959.137915831,-78,57.9750713983
959.137915831,-77,57.8561748891
959.137915831,-76,57.7230671482
959.137915831,-75,57.5748648592
959.137915831,-74,57.4106218821
959.137915831,-73,57.2293183733
959.137915831,-72,57.0298480782
959.137915831,-71,56.8110034096
959.137915831,-70,56.5714578294
959.137915831,-69,56.3097449387
959.137915831,-68,56.0242335373
959.137915831,-67,55.713097748
959.137915831,-66,55.3742811027
959.137915831,-65,55.0054532775
959.137915831,-64,54.6039579697
959.137915831,-63,54.1667503164
959.137915831,-62,53.6903224436
959.137915831,-61,53.1706166215
959.137915831,-60,52.6029279665
959.137915831,-59,51.9818046156
959.137915831,-58,51.3009670553
959.137915831,-57,50.5532992673
959.137915831,-56,49.7310337699
959.137915831,-55,48.8264082542
959.137915831,-54,47.8334184879
959.137915831,-53,46.7520428112
959.137915831,-52,45.5977762642
959.137915831,-51,44.4212449349
959.137915831,-50,43.3406292402
959.137915831,-49,42.5660004455
959.137915831,-48,42.3385903489
959.137915831,-47,42.7477925083
959.137915831,-46,43.6399043621
959.137915831,-45,44.7678955948
959.137915831,-44,45.948246143
959.137915831,-43,47.0864641856
959.137915831,-42,48.1451484567
959.137915831,-41,49.1149201867
959.137915831,-40,49.9983241866
959.137915831,-39,50.8022662634
959.137915831,-38,51.5347264503
959.137915831,-37,52.2034262091
959.137915831,-36,52.8153542885
959.137915831,-35,53.3766580897
959.137915831,-34,53.8926820521
959.137915831,-33,54.3680573836
959.137915831,-32,54.8068022483
959.137915831,-31,55.2124159671
959.137915831,-30,55.587961591
959.137915831,-29,55.9361358664
959.137915831,-28,56.2593274711
959.137915831,-27,56.5596650235
959.137915831,-26,56.8390564488
959.137915831,-25,57.0992211512
959.137915831,-24,57.3417162456
959.137915831,-23,57.5679578961
959.137915831,-22,57.7792386304
959.137915831,-21,57.9767413436
959.137915831,-20,58.1615505817
959.137915831,-19,58.3346615961
959.137915831,-18,58.4969875776
959.137915831,-17,58.649365421
959.137915831,-16,58.7925603142
959.137915831,-15,58.9272694112
959.137915831,-14,59.0541248102
959.137915831,-13,59.1736960284
959.137915831,-12,59.2864921425
959.137915831,-11,59.3929637337
959.137915831,-10,59.4935047585
959.137915831,-9,59.588454438
959.137915831,-8,59.6780992429
959.137915831,-7,59.7626750243
959.137915831,-6,59.8423693243
959.137915831,-5,59.9173238808
959.137915831,-4,59.9876373237
959.137915831,-3,60.0533680462
959.137915831,-2,60.1145372253
959.137915831,-1,60.171131952
959.137915831,0,60.2231084333
959.137915831,1,60.2703952195
959.137915831,2,60.3128964126
959.137915831,3,60.3504948148
959.137915831,4,60.3830549787
959.137915831,5,60.4104261254
959.137915831,6,60.4324449074
959.137915831,7,60.4489379938
959.137915831,8,60.4597244686
959.137915831,9,60.4646180342
959.137915831,10,60.4634290236
959.137915831,11,60.455966225
959.137915831,12,60.4420385331
959.137915831,13,60.4214564397
959.137915831,14,60.3940333845
959.137915831,15,60.3595869858
959.137915831,16,60.3179401736
959.137915831,17,60.268922251
959.137915831,18,60.2123699058
959.137915831,19,60.1481281991
959.137915831,20,60.0760515556
959.137915831,21,59.9960047785
959.137915831,22,59.9078641151
959.137915831,23,59.811518395
959.137915831,24,59.7068702643
959.137915831,25,59.5938375374
959.137915831,26,59.4723546863
959.137915831,27,59.342374488
959.137915831,28,59.2038698459
959.137915831,29,59.0568358015
959.137915831,30,58.9012917472
959.137915831,31,58.7372838491
959.137915831,32,58.5648876815
959.137915831,33,58.3842110693
959.137915831,34,58.1953971251
959.137915831,35,57.9986274558
959.137915831,36,57.7941255035
959.137915831,37,57.5821599637
959.137915831,38,57.3630482119
959.137915831,39,57.1371596418
959.137915831,40,56.9049188009
959.137915831,41,56.6668081825
959.137915831,42,56.4233705128
959.137915831,43,56.1752103528
959.137915831,44,55.9229948262
959.137915831,45,55.6674532854
959.137915831,46,55.4093757481
959.137915831,47,55.1496099809
959.137915831,48,54.889057176
959.137915831,49,54.6286662709
959.137915831,50,54.3694270947
959.137915831,51,54.1123626876
959.137915831,52,53.8585213174
959.137915831,53,53.6089688962
959.137915831,54,53.3647826548
959.137915831,55,53.1270470277
959.137915831,56,52.8968527097
959.137915831,57,52.6752997284
959.137915831,58,52.4635051063
959.137915831,59,52.2626152445
959.137915831,60,52.0738225465
959.137915831,61,51.8983850235
959.137915831,62,51.7376467357
959.137915831,63,51.5930559881
959.137915831,64,51.4661773369
959.137915831,65,51.3586928273
959.137915831,66,51.2723876897
959.137915831,67,51.2091162072
959.137915831,68,51.1707448752
959.137915831,69,51.1590724247
959.137915831,70,51.1757297234
959.137915831,71,51.222066583
959.137915831,72,51.2990363517
959.137915831,73,51.4070918252
959.137915831,74,51.5461064917
959.137915831,75,51.7153328444
959.137915831,76,51.9134046276
959.137915831,77,52.1383834178
959.137915831,78,52.3878434147
959.137915831,79,52.6589832883
959.137915831,80,52.9487514155
959.137915831,81,53.2539710557
959.137915831,82,53.5714544138
959.137915831,83,53.8980981486
959.137915831,84,54.2309567014
959.137915831,85,54.567293094
959.137915831,86,54.9046091817
959.137915831,87,55.2406586979
959.137915831,88,55.5734469245
959.137915831,89,55.9012207285
959.137915831,90,56.222452247
959.137915831,91,56.5358188914
959.137915831,92,56.8401817063
959.137915831,93,57.1345635423
959.137915831,94,57.418128021
959.137915831,95,57.6901598962
959.137915831,96,57.9500471323
959.137915831,97,58.1972648278
959.137915831,98,58.4313609749
959.137915831,99,58.6519439664
959.137915831,100,58.8586717101
959.137915831,101,59.0512421896
959.137915831,102,59.2293853019
959.137915831,103,59.3928558067
959.137915831,104,59.5414272316
959.137915831,105,59.6748865897
959.137915831,106,59.7930297814
959.137915831,107,59.895657564
959.137915831,108,59.9825719888
959.137915831,109,60.0535732158
959.137915831,110,60.1084566268
959.137915831,111,60.1470101697
959.137915831,112,60.1690118707
959.137915831,113,60.174227464
959.137915831,114,60.1624080896
959.137915831,115,60.1332880182
959.137915831,116,60.0865823672
959.137915831,117,60.021984775
959.137915831,118,59.9391650078
959.137915831,119,59.837766478
959.137915831,120,59.7174036611
959.137915831,121,59.5776594077
959.137915831,122,59.4180821624
959.137915831,123,59.2381831203
959.137915831,124,59.0374333818
959.137915831,125,58.8152612095
959.137915831,126,58.5710495531
959.137915831,127,58.304134102
959.137915831,128,58.0138022609
959.137915831,129,57.6992936438
959.137915831,130,57.3598029808
959.137915831,131,56.9944867692
959.137915831,132,56.6024756516
959.137915831,133,56.1828954655
959.137915831,134,55.7349013285
959.137915831,135,55.257731208
959.137915831,136,54.750788452
959.137915831,137,54.2137670631
959.137915831,138,53.6468394096
959.137915831,139,53.0509336465
959.137915831,140,52.4281365447
959.137915831,141,51.7822635646
959.137915831,142,51.1196335451
959.137915831,143,50.4500521883
959.137915831,144,49.7879139279
959.137915831,145,49.153133348
959.137915831,146,48.5713022679
959.137915831,147,48.0721606843
959.137915831,148,47.6855614055
959.137915831,149,47.4351358124
959.137915831,150,47.3317526323
959.137915831,151,47.3700989182
959.137915831,152,47.530457766
959.137915831,153,47.7845816981
959.137915831,154,48.1024308587
959.137915831,155,48.4570888165
959.137915831,156,48.8270712712
959.137915831,157,49.1966283273
959.137915831,158,49.5549937427
959.137915831,159,49.8953017294
959.137915831,160,50.2135542344
959.137915831,161,50.5077818196
959.137915831,162,50.7774165219
959.137915831,163,51.0228456906
959.137915831,164,51.2451043105
959.137915831,165,51.4456670954
959.137915831,166,51.6263097025
959.137915831,167,51.7890163146
959.137915831,168,51.9359172017
959.137915831,169,52.0692445931
959.137915831,170,52.1912985717
959.137915831,171,52.3044171212
959.137915831,172,52.410946255
959.137915831,173,52.5132075884
959.137915831,174,52.6134619623
959.137915831,175,52.7138688978
959.137915831,176,52.8164427739
959.137915831,177,52.9230076408
959.137915831,178,53.0351534189
959.137915831,179,53.1541967549
959.137915831,180,53.2811499064
1057.87474935,-180,56.7007148234
1057.87474935,-179,56.6724790049
1057.87474935,-178,56.6569939369
1057.87474935,-177,56.6537700383
1057.87474935,-176,56.6620616667
1057.87474935,-175,56.680906571
1057.87474935,-174,56.7091715623
1057.87474935,-173,56.7456008096
1057.87474935,-172,56.7888634309
1057.87474935,-171,56.8375976389
1057.87474935,-170,56.8904494794
1057.87474935,-169,56.9461050096
1057.87474935,-168,57.0033155056
1057.87474935,-167,57.0609158765
1057.87474935,-166,57.1178368877
1057.87474935,-165,57.1731120421
1057.87474935,-164,57.2258800795
1057.87474935,-163,57.2753840527
1057.87474935,-162,57.3209678704
1057.87474935,-161,57.36207108
1057.87474935,-160,57.3982225369
1057.87474935,-159,57.4290334752
1057.87474935,-158,57.4541903742
1057.87474935,-157,57.4734479108
1057.87474935,-156,57.4866222009
1057.87474935,-155,57.4935844631
1057.87474935,-154,57.4942551843
1057.87474935,-153,57.488598824
1057.87474935,-152,57.4766190679
1057.87474935,-151,57.4583546171
1057.87474935,-150,57.4338754877
1057.87474935,-149,57.4032797844
1057.87474935,-148,57.3666909078
1057.87474935,-147,57.3242551523
1057.87474935,-146,57.2761396493
1057.87474935,-145,57.2225306108
1057.87474935,-144,57.1636318318
1057.87474935,-143,57.099663406
1057.87474935,-142,57.0308606169
1057.87474935,-141,56.9574729627
1057.87474935,-140,56.8797632782
1057.87474935,-139,56.7980069178
1057.87474935,-138,56.7124909657
1057.87474935,-137,56.623513442
1057.87474935,-136,56.5313824767
1057.87474935,-135,56.4364154261
1057.87474935,-134,56.3389379123
1057.87474935,-133,56.2392827697
1057.87474935,-132,56.1377888911
1057.87474935,-131,56.03479997
1057.87474935,-130,55.9306631483
1057.87474935,-129,55.8257275844
1057.87474935,-128,55.7203429667
1057.87474935,-127,55.6148580103
1057.87474935,-126,55.5096189813
1057.87474935,-125,55.4049683029
1057.87474935,-124,55.3012433072
1057.87474935,-123,55.1987751986
1057.87474935,-122,55.0978882991
1057.87474935,-121,54.9988996441
1057.87474935,-120,54.9021189914
1057.87474935,-119,54.8078492966
1057.87474935,-118,54.716387691
1057.87474935,-117,54.6280269806
1057.87474935,-116,54.5430576559
1057.87474935,-115,54.4617703769
1057.87474935,-114,54.3844588593
1057.87474935,-113,54.3114230566
1057.87474935,-112,54.2429724922
1057.87474935,-111,54.1794295594
1057.87474935,-110,54.1211325717
1057.87474935,-109,54.0684383155
1057.87474935,-108,54.0217238312
1057.87474935,-107,53.9813871394
1057.87474935,-106,53.9478466239
1057.87474935,-105,53.9215388069
1057.87474935,-104,53.902914287
1057.87474935,-103,53.8924316785
1057.87474935,-102,53.8905494802
1057.87474935,-101,53.897715918
1057.87474935,-100,53.9143569464
1057.87474935,-99,53.9408627443
1057.87474935,-98,53.977573198
1057.87474935,-97,54.0247630048
1057.87474935,-96,54.0826271406
1057.87474935,-95,54.1512674997
1057.87474935,-94,54.23068151
1057.87474935,-93,54.3207534567
1057.87474935,-92,54.4212491066
1057.87474935,-91,54.5318140176
1057.87474935,-90,54.6519756816
1057.87474935,-89,54.7811493868
1057.87474935,-88,54.9186474451
1057.87474935,-87,55.0636912261
1057.87474935,-86,55.2154252965
1057.87474935,-85,55.3729328851
1057.87474935,-84,55.5352518934
1057.87474935,-83,55.7013907253
1057.87474935,-82,55.8703433142
1057.87474935,-81,56.0411028577
1057.87474935,-80,56.2126739196
1057.87474935,-79,56.3840826951
1057.87474935,-78,56.5543853694
1057.87474935,-77,56.7226745997
1057.87474935,-76,56.8880842369
1057.87474935,-75,57.0497924538
1057.87474935,-74,57.2070234848
1057.87474935,-73,57.3590481918
1057.87474935,-72,57.5051836731
1057.87474935,-71,57.6447921195
1057.87474935,-70,57.7772791041
1057.87474935,-69,57.9020914701
1057.87474935,-68,58.0187149592
1057.87474935,-67,58.1266716974
1057.87474935,-66,58.2255176385
1057.87474935,-65,58.3148400426
1057.87474935,-64,58.3942550552
1057.87474935,-63,58.4634054358
1057.87474935,-62,58.5219584792
1057.87474935,-61,58.5696041611
1057.87474935,-60,58.6060535392
1057.87474935,-59,58.631037436
1057.87474935,-58,58.6443054311
1057.87474935,-57,58.6456251939
1057.87474935,-56,58.6347821908
1057.87474935,-55,58.6115798098
1057.87474935,-54,58.5758399541
1057.87474935,-53,58.5274041686
1057.87474935,-52,58.4661353782
1057.87474935,-51,58.3919203362
1057.87474935,-50,58.3046728989
1057.87474935,-49,58.2043382732
1057.87474935,-48,58.0908984074
1057.87474935,-47,57.9643787295
1057.87474935,-46,57.824856473
1057.87474935,-45,57.6724708605
1057.87474935,-44,57.5074354522
1057.87474935,-43,57.3300529864
1057.87474935,-42,57.1407330453
1057.87474935,-41,56.9400128555
1057.87474935,-40,56.7285814547
1057.87474935,-39,56.5073073033
1057.87474935,-38,56.2772691475
1057.87474935,-37,56.0397895107
1057.87474935,-36,55.7964695462
1057.87474935,-35,55.5492230822
1057.87474935,-34,55.3003065075
1057.87474935,-33,55.0523397126
1057.87474935,-32,54.8083117608
1057.87474935,-31,54.5715636022
1057.87474935,-30,54.3457394713
1057.87474935,-29,54.1346993061
1057.87474935,-28,53.9423873515
1057.87474935,-27,53.7726576042
1057.87474935,-26,53.6290647905
1057.87474935,-25,53.5146389631
1057.87474935,-24,53.4316701423
1057.87474935,-23,53.3815336441
1057.87474935,-22,53.3645842433
1057.87474935,-21,53.3801374755
1057.87474935,-20,53.4265412973
1057.87474935,-19,53.5013252753
1057.87474935,-18,53.6014021888
1057.87474935,-17,53.7232914981
1057.87474935,-16,53.8633359527
1057.87474935,-15,54.0178897199
1057.87474935,-14,54.1834657368
1057.87474935,-13,54.3568387655
1057.87474935,-12,54.5351071863
1057.87474935,-11,54.7157203866
1057.87474935,-10,54.8964800527
1057.87474935,-9,55.0755234349
1057.87474935,-8,55.2512954999
1057.87474935,-7,55.4225153615
1057.87474935,-6,55.5881408829
1057.87474935,-5,55.7473340539
1057.87474935,-4,55.8994287302
1057.87474935,-3,56.0439015847
1057.87474935,-2,56.1803466083
1057.87474935,-1,56.308453169
1057.87474935,0,56.427987443
1057.87474935,1,56.5387769254
1057.87474935,2,56.6406976836
1057.87474935,3,56.733664015
1057.87474935,4,56.8176201822
1057.87474935,5,56.8925339322
1057.87474935,6,56.958391538
1057.87474935,7,57.0151941369
1057.87474935,8,57.0629551725
1057.87474935,9,57.1016987801
1057.87474935,10,57.1314589818
1057.87474935,11,57.1522795822
1057.87474935,12,57.164214676
1057.87474935,13,57.1673296999
1057.87474935,14,57.1617029701
1057.87474935,15,57.1474276662
1057.87474935,16,57.1246142233
1057.87474935,17,57.0933931073
1057.87474935,18,57.0539179456
1057.87474935,19,57.0063689888
1057.87474935,20,56.9509568723
1057.87474935,21,56.8879266394
1057.87474935,22,56.8175619723
1057.87474935,23,56.7401895611
1057.87474935,24,56.656183513
1057.87474935,25,56.5659696748
1057.87474935,26,56.4700297031
1057.87474935,27,56.3689046739
1057.87474935,28,56.2631979752
1057.87474935,29,56.1535771768
1057.87474935,30,56.040774527
1057.87474935,31,55.9255856834
1057.87474935,32,55.8088662692
1057.87474935,33,55.6915258481
1057.87474935,34,55.5745189519
1057.87474935,35,55.4588328902
1057.87474935,36,55.3454722118
1057.87474935,37,55.2354398963
1057.87474935,38,55.1297156144
1057.87474935,39,55.029231693
1057.87474935,40,54.9348477366
1057.87474935,41,54.8473251413
1057.87474935,42,54.7673029549
1057.87474935,43,54.6952766433
1057.87474935,44,54.6315812731
1057.87474935,45,54.5763804165
1057.87474935,46,54.5296617184
1057.87474935,47,54.4912395892
1057.87474935,48,54.460764948
1057.87474935,49,54.4377414195
1057.87474935,50,54.4215469414
1057.87474935,51,54.4114594335
1057.87474935,52,54.4066850211
1057.87474935,53,54.4063873225
1057.87474935,54,54.4097164454
1057.87474935,55,54.4158365864
1057.87474935,56,54.4239514086
1057.87474935,57,54.4333266763
1057.87474935,58,54.4433098854
1057.87474935,59,54.4533468443
1057.87474935,60,54.4629953052
1057.87474935,61,54.4719358214
1057.87474935,62,54.4799800216
1057.87474935,63,54.4870764465
1057.87474935,64,54.4933140078
1057.87474935,65,54.4989230131
1057.87474935,66,54.5042735686
1057.87474935,67,54.5098710418
1057.87474935,68,54.516348155
1057.87474935,69,54.5244532159
1057.87474935,70,54.5350339844
1057.87474935,71,54.5490167617
1057.87474935,72,54.567380481
1057.87474935,73,54.5911258867
1057.87474935,74,54.6212403156
1057.87474935,75,54.658659098
1057.87474935,76,54.7042251388
1057.87474935,77,54.758648731
1057.87474935,78,54.8224700125
1057.87474935,79,54.8960266046
1057.87474935,80,54.9794288144
1057.87474935,81,55.0725443091
1057.87474935,82,55.1749934324
1057.87474935,83,55.2861554165
1057.87474935,84,55.4051847883
1057.87474935,85,55.5310364143
1057.87474935,86,55.662497003
1057.87474935,87,55.7982205492
1057.87474935,88,55.936765184
1057.87474935,89,56.0766291405
1057.87474935,90,56.2162839853
1057.87474935,91,56.3542038033
1057.87474935,92,56.4888895748
1057.87474935,93,56.6188884831
1057.87474935,94,56.7428082965
1057.87474935,95,56.8593272592
1057.87474935,96,56.9672001167
1057.87474935,97,57.0652609942
1057.87474935,98,57.1524238721
1057.87474935,99,57.2276813838
1057.87474935,100,57.2901026128
1057.87474935,101,57.3388305106
1057.87474935,102,57.373079509
1057.87474935,103,57.3921338631
1057.87474935,104,57.3953472483
1057.87474935,105,57.3821441499
1057.87474935,106,57.352023627
1057.87474935,107,57.3045661122
1057.87474935,108,57.2394440225
1057.87474935,109,57.1564371081
1057.87474935,110,57.0554536449
1057.87474935,111,56.9365587798
1057.87474935,112,56.8000115312
1057.87474935,113,56.6463120882
1057.87474935,114,56.4762610451
1057.87474935,115,56.2910319149
1057.87474935,116,56.0922574426
1057.87474935,117,55.882128565
1057.87474935,118,55.6635018776
1057.87474935,119,55.4400067055
1057.87474935,120,55.216135976
1057.87474935,121,54.9972962867
1057.87474935,122,54.7897832656
1057.87474935,123,54.6006419723
1057.87474935,124,54.4373744793
1057.87474935,125,54.307474927
1057.87474935,126,54.2178106809
1057.87474935,127,54.1739224366
1057.87474935,128,54.1793685058
1057.87474935,129,54.235261541
1057.87474935,130,54.3401173989
1057.87474935,131,54.4900575745
1057.87474935,132,54.6793098702
1057.87474935,133,54.9008797637
1057.87474935,134,55.1472447248
1057.87474935,135,55.4109529155
1057.87474935,136,55.6850619992
1057.87474935,137,55.9634064092
1057.87474935,138,56.2407167353
1057.87474935,139,56.5126302747
1057.87474935,140,56.7756324366
1057.87474935,141,57.0269615849
1057.87474935,142,57.2645005209
1057.87474935,143,57.4866692359
1057.87474935,144,57.6923269887
1057.87474935,145,57.8806872986
1057.87474935,146,58.0512466812
1057.87474935,147,58.2037264401
1057.87474935,148,58.3380261034
1057.87474935,149,58.4541868585
1057.87474935,150,58.5523633719
1057.87474935,151,58.6328025366
1057.87474935,152,58.6958279002
1057.87474935,153,58.741828738
1057.87474935,154,58.771252929
1057.87474935,155,58.7846029581
1057.87474935,156,58.782434498
1057.87474935,157,58.7653571302
1057.87474935,158,58.7340368314
1057.87474935,159,58.6891998952
1057.87474935,160,58.6316379742
1057.87474935,161,58.5622139124
1057.87474935,162,58.481868
1057.87474935,163,58.3916242153
1057.87474935,164,58.2925959328
1057.87474935,165,58.1859904635
1057.87474935,166,58.0731116817
1057.87474935,167,57.9553598729
1057.87474935,168,57.8342278509
1057.87474935,169,57.7112923501
1057.87474935,170,57.5881997503
1057.87474935,171,57.4666453553
1057.87474935,172,57.3483457748
1057.87474935,173,57.2350044515
1057.87474935,174,57.1282710421
1057.87474935,175,57.0296961376
1057.87474935,176,56.9406836291
1057.87474935,177,56.8624437346
1057.87474935,178,56.7959501778
1057.87474935,179,56.7419050901
1057.87474935,180,56.7007148234
1166.77587951,-180,55.6060607053
1166.77587951,-179,55.6692687962
1166.77587951,-178,55.7420091156
1166.77587951,-177,55.8214091898
1166.77587951,-176,55.9047742311
1166.77587951,-175,55.9896444806
1166.77587951,-174,56.0738273855
1166.77587951,-173,56.1554095204
1166.77587951,-172,56.2327534685
1166.77587951,-171,56.304484458
1166.77587951,-170,56.3694707603
1166.77587951,-169,56.4268009584
1166.77587951,-168,56.4757603383
1166.77587951,-167,56.5158079331
1166.77587951,-166,56.5465551727
1166.77587951,-165,56.5677466683
1166.77587951,-164,56.5792433595
1166.77587951,-163,56.5810080488
1166.77587951,-162,56.5730932242
1166.77587951,-161,56.5556309941
1166.77587951,-160,56.528824921
1166.77587951,-159,56.492943525
1166.77587951,-158,56.448315226
1166.77587951,-157,56.3953244954
1166.77587951,-156,56.3344089986
1166.77587951,-155,56.2660575107
1166.77587951,-154,56.1908083944
1166.77587951,-153,56.1092484278
1166.77587951,-152,56.0220117651
1166.77587951,-151,55.9297788117
1166.77587951,-150,55.8332747809
1166.77587951,-149,55.7332677006
1166.77587951,-148,55.6305656279
1166.77587951,-147,55.5260128375
1166.77587951,-146,55.4204847594
1166.77587951,-145,55.3148814695
1166.77587951,-144,55.210119582
1166.77587951,-143,55.1071224575
1166.77587951,-142,55.006808726
1166.77587951,-141,54.9100792371
1166.77587951,-140,54.8178026702
1166.77587951,-139,54.7308001761
1166.77587951,-138,54.6498295507
1166.77587951,-137,54.5755695599
1166.77587951,-136,54.5086051142
1166.77587951,-135,54.4494140329
1166.77587951,-134,54.3983561086
1166.77587951,-133,54.3556651029
1166.77587951,-132,54.3214441541
1166.77587951,-131,54.295664882
1166.77587951,-130,54.2781702547
1166.77587951,-129,54.2686810426
1166.77587951,-128,54.2668054819
1166.77587951,-127,54.2720515878
1166.77587951,-126,54.2838414482
1166.77587951,-125,54.3015267711
1166.77587951,-124,54.3244049669
1166.77587951,-123,54.3517351115
1166.77587951,-122,54.3827532323
1166.77587951,-121,54.4166864912
1166.77587951,-120,54.4527659681
1166.77587951,-119,54.4902378841
1166.77587951,-118,54.5283732159
1166.77587951,-117,54.5664757564
1166.77587951,-116,54.6038887452
1166.77587951,-115,54.6400002508
1166.77587951,-114,54.6742475153
1166.77587951,-113,54.7061204913
1166.77587951,-112,54.7351647991
1166.77587951,-111,54.7609843279
1166.77587951,-110,54.7832436853
1166.77587951,-109,54.8016706823
1166.77587951,-108,54.8160590134
1166.77587951,-107,54.8262712641
1166.77587951,-106,54.8322423456
1166.77587951,-105,54.8339834205
1166.77587951,-104,54.8315863381
1166.77587951,-103,54.8252285475
1166.77587951,-102,54.8151783917
1166.77587951,-101,54.8018006119
1166.77587951,-100,54.7855617948
1166.77587951,-99,54.7670353933
1166.77587951,-98,54.7469058225
1166.77587951,-97,54.7259710049
1166.77587951,-96,54.7051426028
1166.77587951,-95,54.6854430609
1166.77587951,-94,54.6679985036
1166.77587951,-93,54.6540265205
1166.77587951,-92,54.6448179706
1166.77587951,-91,54.6417121666
1166.77587951,-90,54.6460652016
1166.77587951,-89,54.6592117534
1166.77587951,-88,54.6824214224
1166.77587951,-87,54.7168514689
1166.77587951,-86,54.7634985956
1166.77587951,-85,54.82315304
1166.77587951,-84,54.8963585438
1166.77587951,-83,54.9833816401
1166.77587951,-82,55.0841930904
1166.77587951,-81,55.1984632602
1166.77587951,-80,55.3255718901
1166.77587951,-79,55.4646313108
1166.77587951,-78,55.6145208992
1166.77587951,-77,55.7739296684
1166.77587951,-76,55.9414034499
1166.77587951,-75,56.1153931571
1166.77587951,-74,56.2943010502
1166.77587951,-73,56.476522617
1166.77587951,-72,56.6604824877
1166.77587951,-71,56.8446635912
1166.77587951,-70,57.0276294355
1166.77587951,-69,57.2080399075
1166.77587951,-68,57.3846613253
1166.77587951,-67,57.5563716619
1166.77587951,-66,57.7221619075
1166.77587951,-65,57.8811345076
1166.77587951,-64,58.0324997156
1166.77587951,-63,58.1755705807
1166.77587951,-62,58.3097571548
1166.77587951,-61,58.4345603828
1166.77587951,-60,58.5495660202
1166.77587951,-59,58.6544388301
1166.77587951,-58,58.748917229
1166.77587951,-57,58.8328084878
1166.77587951,-56,58.9059845474
1166.77587951,-55,58.9683784664
1166.77587951,-54,59.019981494
1166.77587951,-53,59.0608407375
1166.77587951,-52,59.0910573792
1166.77587951,-51,59.110785383
1166.77587951,-50,59.1202306223
1166.77587951,-49,59.1196503488
1166.77587951,-48,59.1093529155
1166.77587951,-47,59.0896976544
1166.77587951,-46,59.061094805
1166.77587951,-45,59.0240053746
1166.77587951,-44,58.9789408094
1166.77587951,-43,58.9264623414
1166.77587951,-42,58.8671798775
1166.77587951,-41,58.8017502923
1166.77587951,-40,58.730874992
1166.77587951,-39,58.6552966282
1166.77587951,-38,58.5757948619
1166.77587951,-37,58.4931811043
1166.77587951,-36,58.408292207
1166.77587951,-35,58.3219831197
1166.77587951,-34,58.2351185956
1166.77587951,-33,58.148564089
1166.77587951,-32,58.0631760526
1166.77587951,-31,57.9797919061
1166.77587951,-30,57.8992199917
1166.77587951,-29,57.8222298664
1166.77587951,-28,57.7495432815
1166.77587951,-27,57.6818261811
1166.77587951,-26,57.6196819973
1166.77587951,-25,57.5636464411
1166.77587951,-24,57.5141838915
1166.77587951,-23,57.4716853771
1166.77587951,-22,57.4364680363
1166.77587951,-21,57.4087758501
1166.77587951,-20,57.3887813705
1166.77587951,-19,57.3765881289
1166.77587951,-18,57.372233406
1166.77587951,-17,57.3756910713
1166.77587951,-16,57.386874263
1166.77587951,-15,57.4056377553
1166.77587951,-14,57.4317799497
1166.77587951,-13,57.4650445165
1166.77587951,-12,57.5051217864
1166.77587951,-11,57.5516500524
1166.77587951,-10,57.6042169732
1166.77587951,-9,57.6623612737
1166.77587951,-8,57.7255749217
1166.77587951,-7,57.7933059166
1166.77587951,-6,57.8649617708
1166.77587951,-5,57.9399137028
1166.77587951,-4,58.0175014975
1166.77587951,-3,58.0970389332
1166.77587951,-2,58.1778196314
1166.77587951,-1,58.2591231578
1166.77587951,0,58.340221189
1166.77587951,1,58.4203835624
1166.77587951,2,58.4988840459
1166.77587951,3,58.5750056857
1166.77587951,4,58.6480456268
1166.77587951,5,58.717319335
1166.77587951,6,58.7821641837
1166.77587951,7,58.8419424026
1166.77587951,8,58.8960434153
1166.77587951,9,58.9438856129
1166.77587951,10,58.9849176329
1166.77587951,11,59.0186192232
1166.77587951,12,59.0445017816
1166.77587951,13,59.062108664
1166.77587951,14,59.0710153586
1166.77587951,15,59.070829623
1166.77587951,16,59.0611916791
1166.77587951,17,59.0417745601
1166.77587951,18,59.0122847022
1166.77587951,19,58.9724628722
1166.77587951,20,58.9220855223
1166.77587951,21,58.8609666613
1166.77587951,22,58.7889603361
1166.77587951,23,58.7059638126
1166.77587951,24,58.611921549
1166.77587951,25,58.5068300476
1166.77587951,26,58.3907436691
1166.77587951,27,58.2637814762
1166.77587951,28,58.1261351538
1166.77587951,29,57.9780780168
1166.77587951,30,57.8199750611
1166.77587951,31,57.652293937
1166.77587951,32,57.4756166117
1166.77587951,33,57.2906513448
1166.77587951,34,57.0982444063
1166.77587951,35,56.8993907379
1166.77587951,36,56.6952424813
1166.77587951,37,56.4871140062
1166.77587951,38,56.2764817787
1166.77587951,39,56.0649771861
1166.77587951,40,55.8543703409
1166.77587951,41,55.6465430198
1166.77587951,42,55.4434493557
1166.77587951,43,55.2470637696
1166.77587951,44,55.0593169363
1166.77587951,45,54.8820222529
1166.77587951,46,54.7167971271
1166.77587951,47,54.5649851009
1166.77587951,48,54.4275859652
1166.77587951,49,54.305201221
1166.77587951,50,54.1980012635
1166.77587951,51,54.105718542
1166.77587951,52,54.0276680119
1166.77587951,53,53.9627930143
1166.77587951,54,53.9097319422
1166.77587951,55,53.8668991861
1166.77587951,56,53.83257318
1166.77587951,57,53.8049848195
1166.77587951,58,53.7824008305
1166.77587951,59,53.7631984082
1166.77587951,60,53.7459292248
1166.77587951,61,53.7293724135
1166.77587951,62,53.7125771981
1166.77587951,63,53.6948963991
1166.77587951,64,53.6760121263
1166.77587951,65,53.655954646
1166.77587951,66,53.6351147682
1166.77587951,67,53.6142492448
1166.77587951,68,53.5944776907
1166.77587951,69,53.5772685843
1166.77587951,70,53.5644111257
1166.77587951,71,53.5579693767
1166.77587951,72,53.5602154205
1166.77587951,73,53.5735395632
1166.77587951,74,53.600337992
1166.77587951,75,53.6428817758
1166.77587951,76,53.7031752068
1166.77587951,77,53.7828154235
1166.77587951,78,53.882867901
1166.77587951,79,54.0037726735
1166.77587951,80,54.1452934326
1166.77587951,81,54.3065161721
1166.77587951,82,54.4858969416
1166.77587951,83,54.6813512607
1166.77587951,84,54.8903725082
1166.77587951,85,55.1101641943
1166.77587951,86,55.3377715892
1166.77587951,87,55.5702010356
1166.77587951,88,55.8045193178
1166.77587951,89,56.037929599
1166.77587951,90,56.2678238986
1166.77587951,91,56.4918144774
1166.77587951,92,56.7077478281
1166.77587951,93,56.9137054025
1166.77587951,94,57.1079950406
1166.77587951,95,57.2891365474
1166.77587951,96,57.4558442179
1166.77587951,97,57.6070084532
1166.77587951,98,57.7416780511
1166.77587951,99,57.8590442911
1166.77587951,100,57.9584276077
1166.77587951,101,58.0392674178
1166.77587951,102,58.1011155433
1166.77587951,103,58.14363362
1166.77587951,104,58.166594891
1166.77587951,105,58.1698908436
1166.77587951,106,58.1535432281
1166.77587951,107,58.1177220924
1166.77587951,108,58.0627705426
1166.77587951,109,57.989236964
1166.77587951,110,57.8979153437
1166.77587951,111,57.7898940477
1166.77587951,112,57.6666127945
1166.77587951,113,57.5299264681
1166.77587951,114,57.3821726375
1166.77587951,115,57.2262370115
1166.77587951,116,57.0656074591
1166.77587951,117,56.9044028622
1166.77587951,118,56.7473586039
1166.77587951,119,56.5997474109
1166.77587951,120,56.4672149155
1166.77587951,121,56.355516559
1166.77587951,122,56.2701585386
1166.77587951,123,56.2159698951
1166.77587951,124,56.1966602872
1166.77587951,125,56.2144384113
1166.77587951,126,56.2697679806
1166.77587951,127,56.3613156108
1166.77587951,128,56.4861026892
1166.77587951,129,56.6398264248
1166.77587951,130,56.8172814531
1166.77587951,131,57.0128031509
1166.77587951,132,57.2206662161
1166.77587951,133,57.4353974533
1166.77587951,134,57.651988629
1166.77587951,135,57.8660158477
1166.77587951,136,58.0736834245
1166.77587951,137,58.2718138449
1166.77587951,138,58.4578038439
1166.77587951,139,58.6295626254
1166.77587951,140,58.7854436976
1166.77587951,141,58.9241777683
1166.77587951,142,59.0448110185
1166.77587951,143,59.1466508807
1166.77587951,144,59.2292200337
1166.77587951,145,59.2922184875
1166.77587951,146,59.3354932026
1166.77587951,147,59.3590145073
1166.77587951,148,59.3628585593
1166.77587951,149,59.3471951614
1166.77587951,150,59.31228035
1166.77587951,151,59.2584532936
1166.77587951,152,59.1861371546
1166.77587951,153,59.0958436693
1166.77587951,154,58.9881812721
1166.77587951,155,58.8638666299
1166.77587951,156,58.7237394449
1166.77587951,157,58.5687803094
1166.77587951,158,58.4001312431
1166.77587951,159,58.2191182852
1166.77587951,160,58.0272751167
1166.77587951,161,57.8263661532
1166.77587951,162,57.6184068413
1166.77587951,163,57.4056780626
1166.77587951,164,57.1907306573
1166.77587951,165,56.9763752861
1166.77587951,166,56.7656524056
1166.77587951,167,56.5617773828
1166.77587951,168,56.3680571125
1166.77587951,169,56.1877772449
1166.77587951,170,56.0240633527
1166.77587951,171,55.8797246702
1166.77587951,172,55.7570944428
1166.77587951,173,55.657884955
1166.77587951,174,55.5830763905
1166.77587951,175,55.5328557816
1166.77587951,176,55.5066155426
1166.77587951,177,55.5030118837
1166.77587951,178,55.5200741289
1166.77587951,179,55.5553489906
1166.77587951,180,55.6060607053
1286.88765267,-180,55.3336307074
1286.88765267,-179,55.4851647399
1286.88765267,-178,55.6219754599
1286.88765267,-177,55.7430234534
1286.88765267,-176,55.8477237414
1286.88765267,-175,55.9358527917
1286.88765267,-174,56.0074757389
1286.88765267,-173,56.0628908977
1286.88765267,-172,56.1025885394
1286.88765267,-171,56.1272211219
1286.88765267,-170,56.1375824996
1286.88765267,-169,56.1345939797
1286.88765267,-168,56.119295382
1286.88765267,-167,56.0928394778
1286.88765267,-166,56.0564883372
1286.88765267,-165,56.0116101965
1286.88765267,-164,55.9596755115
1286.88765267,-163,55.902250889
1286.88765267,-162,55.8409896377
1286.88765267,-161,55.7776177766
1286.88765267,-160,55.7139145303
1286.88765267,-159,55.6516866545
1286.88765267,-158,55.5927364037
1286.88765267,-157,55.5388235727
1286.88765267,-156,55.4916227855
1286.88765267,-155,55.4526779939
1286.88765267,-154,55.4233568795
1286.88765267,-153,55.4048083755
1286.88765267,-152,55.3979267236
1286.88765267,-151,55.4033252381
1286.88765267,-150,55.4213222597
1286.88765267,-149,55.4519407004
1286.88765267,-148,55.4949212724
1286.88765267,-147,55.5497481698
1286.88765267,-146,55.6156848371
1286.88765267,-145,55.6918167018
1286.88765267,-144,55.7770974271
1286.88765267,-143,55.8703953678
1286.88765267,-142,55.9705373894
1286.88765267,-141,56.0763479006
1286.88765267,-140,56.1866817291
1286.88765267,-139,56.3004502026
1286.88765267,-138,56.4166404193
1286.88765267,-137,56.5343281469
1286.88765267,-136,56.6526850905
1286.88765267,-135,56.7709814175
1286.88765267,-134,56.8885844696
1286.88765267,-133,57.004954546
1286.88765267,-132,57.1196385529
1286.88765267,-131,57.2322621988
1286.88765267,-130,57.3425212933
1286.88765267,-129,57.4501725945
1286.88765267,-128,57.555024546
1286.88765267,-127,57.6569281609
1286.88765267,-126,57.7557682399
1286.88765267,-125,57.8514550557
1286.88765267,-124,57.9439165936
1286.88765267,-123,58.0330914079
1286.88765267,-122,58.118922128
1286.88765267,-121,58.2013496332
1286.88765267,-120,58.2803078985
1286.88765267,-119,58.3557195074
1286.88765267,-118,58.4274918161
1286.88765267,-117,58.4955137471
1286.88765267,-116,58.5596531865
1286.88765267,-115,58.619754951
1286.88765267,-114,58.6756392884
1286.88765267,-113,58.7271008715
1286.88765267,-112,58.7739082427
1286.88765267,-111,58.815803667
1286.88765267,-110,58.8525033504
1286.88765267,-109,58.8836979851
1286.88765267,-108,58.9090535857
1286.88765267,-107,58.9282125895
1286.88765267,-106,58.9407952008
1286.88765267,-105,58.9464009737
1286.88765267,-104,58.9446106388
1286.88765267,-103,58.9349882011
1286.88765267,-102,58.9170833555
1286.88765267,-101,58.8904342926
1286.88765267,-100,58.8545710018
1286.88765267,-99,58.809019215
1286.88765267,-98,58.7533051847
1286.88765267,-97,58.6869615477
1286.88765267,-96,58.6095345994
1286.88765267,-95,58.5205933926
1286.88765267,-94,58.4197411864
1286.88765267,-93,58.3066298976
1286.88765267,-92,58.1809783695
1286.88765267,-91,58.0425954454
1286.88765267,-90,57.8914090305
1286.88765267,-89,57.7275025093
1286.88765267,-88,57.5511600332
1286.88765267,-87,57.362922222
1286.88765267,-86,57.1636536213
1286.88765267,-85,56.9546226451
1286.88765267,-84,56.7375934157
1286.88765267,-83,56.5149265463
1286.88765267,-82,56.2896820438
1286.88765267,-81,56.0657117999
1286.88765267,-80,55.8477215936
1286.88765267,-79,55.641274031
1286.88765267,-78,55.4526968533
1286.88765267,-77,55.2888600428
1286.88765267,-76,55.1567962416
1286.88765267,-75,55.0631673657
1286.88765267,-74,55.0136254204
1286.88765267,-73,55.0121660978
1286.88765267,-72,55.0606075828
1286.88765267,-71,55.1583206121
1286.88765267,-70,55.3022810223
1286.88765267,-69,55.4874307308
1286.88765267,-68,55.7072539761
1286.88765267,-67,55.9544354636
1286.88765267,-66,56.2214753191
1286.88765267,-65,56.5011776543
1286.88765267,-64,56.7869803793
1286.88765267,-63,57.073134374
1286.88765267,-62,57.354762724
1286.88765267,-61,57.627837322
1286.88765267,-60,57.8891066454
1286.88765267,-59,58.1360006719
1286.88765267,-58,58.3665305327
1286.88765267,-57,58.5791935052
1286.88765267,-56,58.7728888528
1286.88765267,-55,58.9468466838
1286.88765267,-54,59.1005700188
1286.88765267,-53,59.23378921
1286.88765267,-52,59.3464274005
1286.88765267,-51,59.4385756046
1286.88765267,-50,59.5104760561
1286.88765267,-49,59.5625126188
1286.88765267,-48,59.5952072009
1286.88765267,-47,59.6092212435
1286.88765267,-46,59.6053614134
1286.88765267,-45,59.5845886338
1286.88765267,-44,59.5480294927
1286.88765267,-43,59.4969888874
1286.88765267,-42,59.4329624893
1286.88765267,-41,59.3576472412
1286.88765267,-40,59.272947677
1286.88765267,-39,59.1809754155
1286.88765267,-38,59.0840388326
1286.88765267,-37,58.9846197889
1286.88765267,-36,58.8853345544
1286.88765267,-35,58.788876909
1286.88765267,-34,58.6979429584
1286.88765267,-33,58.61513949
1286.88765267,-32,58.5428805454
1286.88765267,-31,58.4832798521
1286.88765267,-30,58.4380491786
1286.88765267,-29,58.4084138124
1286.88765267,-28,58.3950556018
1286.88765267,-27,58.3980911976
1286.88765267,-26,58.4170886702
1286.88765267,-25,58.4511205033
1286.88765267,-24,58.4988462276
1286.88765267,-23,58.5586146908
1286.88765267,-22,58.628574694
1286.88765267,-21,58.7067834312
1286.88765267,-20,58.7913043333
1286.88765267,-19,58.880288798
1286.88765267,-18,58.972039191
1286.88765267,-17,59.0650529308
1286.88765267,-16,59.1580491778
1286.88765267,-15,59.2499806234
1286.88765267,-14,59.340033241
1286.88765267,-13,59.4276167853
1286.88765267,-12,59.5123485034
1286.88765267,-11,59.5940320857
1286.88765267,-10,59.6726334463
1286.88765267,-9,59.7482545393
1286.88765267,-8,59.8211061206
1286.88765267,-7,59.8914801604
1286.88765267,-6,59.9597224904
1286.88765267,-5,60.0262062124
1286.88765267,-4,60.0913063809
1286.88765267,-3,60.1553764803
1286.88765267,-2,60.2187272146
1286.88765267,-1,60.2816081134
1286.88765267,0,60.3441923987
1286.88765267,1,60.406565465
1286.88765267,2,60.4687171909
1286.88765267,3,60.5305381365
1286.88765267,4,60.5918195063
1286.88765267,5,60.652256581
1286.88765267,6,60.7114551699
1286.88765267,7,60.7689405203
1286.88765267,8,60.8241680489
1286.88765267,9,60.8765352397
1286.88765267,10,60.9253940789
1286.88765267,11,60.9700634624
1286.88765267,12,61.0098411052
1286.88765267,13,61.0440145912
1286.88765267,14,61.0718713158
1286.88765267,15,61.0927071844
1286.88765267,16,61.1058340251
1286.88765267,17,61.1105857582
1286.88765267,18,61.106323424
1286.88765267,19,61.0924392216
1286.88765267,20,61.0683597378
1286.88765267,21,61.0335485656
1286.88765267,22,60.9875085171
1286.88765267,23,60.9297836396
1286.88765267,24,60.8599612381
1286.88765267,25,60.7776741019
1286.88765267,26,60.6826031297
1286.88765267,27,60.5744805372
1286.88765267,28,60.4530938298
1286.88765267,29,60.3182907142
1286.88765267,30,60.1699851171
1286.88765267,31,60.0081644661
1286.88765267,32,59.8328983684
1286.88765267,33,59.6443487929
1286.88765267,34,59.4427818035
1286.88765267,35,59.2285808178
1286.88765267,36,59.0022612392
1286.88765267,37,58.7644861431
1286.88765267,38,58.516082465
1286.88765267,39,58.258056828
1286.88765267,40,57.9916097719
1286.88765267,41,57.718146695
1286.88765267,42,57.4392833443
1286.88765267,43,57.1568432451
1286.88765267,44,56.8728441506
1286.88765267,45,56.5894705781
1286.88765267,46,56.3090299387
1286.88765267,47,56.0338908594
1286.88765267,48,55.7664041342
1286.88765267,49,55.5088092874
1286.88765267,50,55.2631327286
1286.88765267,51,55.0310863868
1286.88765267,52,54.8139778311
1286.88765267,53,54.6126434668
1286.88765267,54,54.4274149852
1286.88765267,55,54.2581258395
1286.88765267,56,54.1041597277
1286.88765267,57,53.9645379179
1286.88765267,58,53.8380378875
1286.88765267,59,53.7233330075
1286.88765267,60,53.6191421699
1286.88765267,61,53.5243790259
1286.88765267,62,53.4382921513
1286.88765267,63,53.3605891256
1286.88765267,64,53.2915384731
1286.88765267,65,53.2320432541
1286.88765267,66,53.1836788227
1286.88765267,67,53.1486853926
1286.88765267,68,53.1299046062
1286.88765267,69,53.1306498095
1286.88765267,70,53.1545039183
1286.88765267,71,53.205047938
1286.88765267,72,53.2855372423
1286.88765267,73,53.3985591024
1286.88765267,74,53.5457185323
1286.88765267,75,53.7274039562
1286.88765267,76,53.942675035
1286.88765267,77,54.1892927345
1286.88765267,78,54.463882803
1286.88765267,79,54.7621979405
1286.88765267,80,55.079429314
1286.88765267,81,55.4105176495
1286.88765267,82,55.7504251278
1286.88765267,83,56.0943457138
1286.88765267,84,56.4378474523
1286.88765267,85,56.7769519988
1286.88765267,86,57.1081631771
1286.88765267,87,57.4284584212
1286.88765267,88,57.7352560816
1286.88765267,89,58.0263692207
1286.88765267,90,58.2999537722
1286.88765267,91,58.5544564028
1286.88765267,92,58.7885653816
1286.88765267,93,59.0011662664
1286.88765267,94,59.1913032095
1286.88765267,95,59.3581460626
1286.88765267,96,59.5009631175
1286.88765267,97,59.6190991846
1286.88765267,98,59.7119587079
1286.88765267,99,59.7789937151
1286.88765267,100,59.8196965768
1286.88765267,101,59.8335977876
1286.88765267,102,59.8202692983
1286.88765267,103,59.7793343222
1286.88765267,104,59.7104850441
1286.88765267,105,59.6135102931
1286.88765267,106,59.4883360382
1286.88765267,107,59.3350825338
1286.88765267,108,59.1541430634
1286.88765267,109,58.9462904036
1286.88765267,110,58.7128180695
1286.88765267,111,58.4557235122
1286.88765267,112,58.1779385729
1286.88765267,113,57.8836066406
1286.88765267,114,57.5783930909
1286.88765267,115,57.2697918769
1286.88765267,116,56.9673538321
1286.88765267,117,56.6827140862
1286.88765267,118,56.4292533463
1286.88765267,119,56.2212281277
1286.88765267,120,56.0723009844
1286.88765267,121,55.9936230438
1286.88765267,122,55.9919085763
1286.88765267,123,56.0681198267
1286.88765267,124,56.2172624269
1286.88765267,125,56.4293741342
1286.88765267,126,56.6913187722
1286.88765267,127,56.9887675725
1286.88765267,128,57.3078466794
1286.88765267,129,57.6362047038
1286.88765267,130,57.9635098336
1286.88765267,131,58.2815228755
1286.88765267,132,58.5839185656
1286.88765267,133,58.8659937501
1286.88765267,134,59.1243519591
1286.88765267,135,59.3566122347
1286.88765267,136,59.5611620557
1286.88765267,137,59.7369581934
1286.88765267,138,59.88337156
1286.88765267,139,60.0000692073
1286.88765267,140,60.0869262606
1286.88765267,141,60.1439613456
1286.88765267,142,60.1712902182
1286.88765267,143,60.1690934924
1286.88765267,144,60.1375954254
1286.88765267,145,60.0770516219
1286.88765267,146,59.9877442814
1286.88765267,147,59.869984257
1286.88765267,148,59.7241197655
1286.88765267,149,59.5505521142
1286.88765267,150,59.3497593228
1286.88765267,151,59.1223290364
1286.88765267,152,58.8690026388
1286.88765267,153,58.5907329677
1286.88765267,154,58.2887583981
1286.88765267,155,57.9646961491
1286.88765267,156,57.6206571444
1286.88765267,157,57.2593831148
1286.88765267,158,56.8844030967
1286.88765267,159,56.5002000137
1286.88765267,160,56.1123675993
1286.88765267,161,55.7277230531
1286.88765267,162,55.354322983
1286.88765267,163,55.0013146779
1286.88765267,164,54.6785524216
1286.88765267,165,54.3959346677
1286.88765267,166,54.1624845383
1286.88765267,167,53.9852974066
1286.88765267,168,53.8685784065
1286.88765267,169,53.8130292201
1286.88765267,170,53.815772296
1286.88765267,171,53.8708371678
1286.88765267,172,53.9700572836
1286.88765267,173,54.1041256412
1286.88765267,174,54.263568191
1286.88765267,175,54.43948269
1286.88765267,176,54.6239963335
1286.88765267,177,54.8104729645
1286.88765267,178,54.993536711
1286.88765267,179,55.1689825185
1286.88765267,180,55.3336307074
1419.36412953,-180,60.9086080897
1419.36412953,-179,60.9903499133
1419.36412953,-178,61.0645785508
1419.36412953,-177,61.1325031005
1419.36412953,-176,61.1951754168
1419.36412953,-175,61.2534922467
1419.36412953,-174,61.3081986799
1419.36412953,-173,61.3598932491
1419.36412953,-172,61.4090348567
1419.36412953,-171,61.4559515426
1419.36412953,-170,61.5008509601
1419.36412953,-169,61.5438322982
1419.36412953,-168,61.5848992963
1419.36412953,-167,61.6239739387
1419.36412953,-166,61.6609103987
1419.36412953,-165,61.6955088165
1419.36412953,-164,61.727528539
1419.36412953,-163,61.7567005139
1419.36412953,-162,61.7827386031
1419.36412953,-161,61.8053496615
1419.36412953,-160,61.8242422983
1419.36412953,-159,61.8391343054
1419.36412953,-158,61.8497587914
1419.36412953,-157,61.8558691011
1419.36412953,-156,61.8572426286
1419.36412953,-155,61.8536836513
1419.36412953,-154,61.8450253168
1419.36412953,-153,61.831130918
1419.36412953,-152,61.8118945831
1419.36412953,-151,61.7872414982
1419.36412953,-150,61.7571277691
1419.36412953,-149,61.7215400135
1419.36412953,-148,61.680494763
1419.36412953,-147,61.6340377408
1419.36412953,-146,61.582243068
1419.36412953,-145,61.5252124433
1419.36412953,-144,61.4630743269
1419.36412953,-143,61.3959831577
1419.36412953,-142,61.3241186186
1419.36412953,-141,61.2476849661
1419.36412953,-140,61.1669104307
1419.36412953,-139,61.0820466947
1419.36412953,-138,60.9933684472
1419.36412953,-137,60.9011730189
1419.36412953,-136,60.8057800922
1419.36412953,-135,60.7075314843
1419.36412953,-134,60.6067909983
1419.36412953,-133,60.5039443349
1419.36412953,-132,60.3993990566
1419.36412953,-131,60.2935845926
1419.36412953,-130,60.1869522686
1419.36412953,-129,60.0799753413
1419.36412953,-128,59.9731490088
1419.36412953,-127,59.8669903596
1419.36412953,-126,59.7620382102
1419.36412953,-125,59.6588527667
1419.36412953,-124,59.5580150257
1419.36412953,-123,59.4601258144
1419.36412953,-122,59.3658043413
1419.36412953,-121,59.2756861128
1419.36412953,-120,59.190420048
1419.36412953,-119,59.1106646106
1419.36412953,-118,59.0370827732
1419.36412953,-117,58.9703356372
1419.36412953,-116,58.9110745587
1419.36412953,-115,58.8599316849
1419.36412953,-114,58.8175088778
1419.36412953,-113,58.7843651071
1419.36412953,-112,58.7610025204
1419.36412953,-111,58.7478515384
1419.36412953,-110,58.7452554691
1419.36412953,-109,58.7534552689
1419.36412953,-108,58.7725751776
1419.36412953,-107,58.8026100094
1419.36412953,-106,58.8434148704
1419.36412953,-105,58.8946979854
1419.36412953,-104,58.9560171674
1419.36412953,-103,59.0267802418
1419.36412953,-102,59.1062494895
1419.36412953,-101,59.193549905
1419.36412953,-100,59.2876808237
1419.36412953,-99,59.3875302705
1419.36412953,-98,59.4918912483
1419.36412953,-97,59.5994791245
1419.36412953,-96,59.7089492858
1419.36412953,-95,59.8189143087
1419.36412953,-94,59.9279600161
1419.36412953,-93,60.0346599436
1419.36412953,-92,60.1375879021
1419.36412953,-91,60.2353284822
1419.36412953,-90,60.3264854877
1419.36412953,-89,60.4096884104
1419.36412953,-88,60.4835971544
1419.36412953,-87,60.5469052978
1419.36412953,-86,60.5983422446
1419.36412953,-85,60.6366746696
1419.36412953,-84,60.6607077202
1419.36412953,-83,60.6692864996
1419.36412953,-82,60.6612984457
1419.36412953,-81,60.6356773391
1419.36412953,-80,60.5914098461
1419.36412953,-79,60.5275457406
1419.36412953,-78,60.4432132751
1419.36412953,-77,60.337641614
1419.36412953,-76,60.210192822
1419.36412953,-75,60.0604066411
1419.36412953,-74,59.8880621874
1419.36412953,-73,59.6932617138
1419.36412953,-72,59.4765425525
1419.36412953,-71,59.239023935
1419.36412953,-70,58.9825948613
1419.36412953,-69,58.7101462695
1419.36412953,-68,58.4258433124
1419.36412953,-67,58.1354185647
1419.36412953,-66,57.8464411821
1419.36412953,-65,57.5684791417
1419.36412953,-64,57.3130275153
1419.36412953,-63,57.0930455724
1419.36412953,-62,56.9219684993
1419.36412953,-61,56.8121808079
1419.36412953,-60,56.7731664597
1419.36412953,-59,56.8098014912
1419.36412953,-58,56.9213557914
1419.36412953,-57,57.1015837706
1419.36412953,-56,57.3398676395
1419.36412953,-55,57.6229838641
1419.36412953,-54,57.9369248113
1419.36412953,-53,58.2683447325
1419.36412953,-52,58.6054564667
1419.36412953,-51,58.938418916
1419.36412953,-50,59.259358717
1419.36412953,-49,59.5621808276
1419.36412953,-48,59.8422882012
1419.36412953,-47,60.0962866528
1419.36412953,-46,60.321714941
1419.36412953,-45,60.5168161986
1419.36412953,-44,60.680353304
1419.36412953,-43,60.8114642553
1419.36412953,-42,60.9095512066
1419.36412953,-41,60.9741965705
1419.36412953,-40,61.0051003045
1419.36412953,-39,61.002033544
1419.36412953,-38,60.9648048073
1419.36412953,-37,60.8932359767
1419.36412953,-36,60.7871460978
1419.36412953,-35,60.6463417921
1419.36412953,-34,60.4706137618
1419.36412953,-33,60.2597395566
1419.36412953,-32,60.013493541
1419.36412953,-31,59.73166593
1419.36412953,-30,59.4140939749
1419.36412953,-29,59.0607100245
1419.36412953,-28,58.6716134443
1419.36412953,-27,58.2471764552
1419.36412953,-26,57.788198037
1419.36412953,-25,57.2961251072
1419.36412953,-24,56.773365659
1419.36412953,-23,56.2237224333
1419.36412953,-22,55.652973082
1419.36412953,-21,55.0696032559
1419.36412953,-20,54.4856441446
1419.36412953,-19,53.9174505427
1419.36412953,-18,53.3860643525
1419.36412953,-17,52.9165858508
1419.36412953,-16,52.5359025896
1419.36412953,-15,52.2685279802
1419.36412953,-14,52.1313640213
1419.36412953,-13,52.1294201952
1419.36412953,-12,52.2546758832
1419.36412953,-11,52.4887249859
1419.36412953,-10,52.807732311
1419.36412953,-9,53.1873744701
1419.36412953,-8,53.6061975039
1419.36412953,-7,54.0470974554
1419.36412953,-6,54.4974223074
1419.36412953,-5,54.9483529904
1419.36412953,-4,55.3940517143
1419.36412953,-3,55.8308441452
1419.36412953,-2,56.2565423552
1419.36412953,-1,56.6699284838
1419.36412953,0,57.0703815429
1419.36412953,1,57.4576187095
1419.36412953,2,57.831523014
1419.36412953,3,58.1920338852
1419.36412953,4,58.5390821667
1419.36412953,5,58.8725557437
1419.36412953,6,59.1922855464
1419.36412953,7,59.4980444819
1419.36412953,8,59.7895539701
1419.36412953,9,60.0664943611
1419.36412953,10,60.328516717
1419.36412953,11,60.575254346
1419.36412953,12,60.8063331363
1419.36412953,13,61.0213802085
1419.36412953,14,61.2200307373
1419.36412953,15,61.4019329973
1419.36412953,16,61.5667518236
1419.36412953,17,61.7141707382
1419.36412953,18,61.8438930211
1419.36412953,19,61.9556420015
1419.36412953,20,62.0491608253
1419.36412953,21,62.1242119306
1419.36412953,22,62.1805764331
1419.36412953,23,62.2180535999
1419.36412953,24,62.2364605671
1419.36412953,25,62.2356324388
1419.36412953,26,62.215422901
1419.36412953,27,62.1757054725
1419.36412953,28,62.1163755253
1419.36412953,29,62.0373532119
1419.36412953,30,61.9385874529
1419.36412953,31,61.8200611578
1419.36412953,32,61.6817978784
1419.36412953,33,61.5238701164
1419.36412953,34,61.3464095383
1419.36412953,35,61.1496193695
1419.36412953,36,60.9337892541
1419.36412953,37,60.6993128601
1419.36412953,38,60.4467084688
1419.36412953,39,60.1766426976
1419.36412953,40,59.8899573393
1419.36412953,41,59.5876990244
1419.36412953,42,59.2711509967
1419.36412953,43,58.94186569
1419.36412953,44,58.6016959892
1419.36412953,45,58.2528220404
1419.36412953,46,57.8977693164
1419.36412953,47,57.5394124794
1419.36412953,48,57.1809587119
1419.36412953,49,56.82590403
1419.36412953,50,56.4779572
1419.36412953,51,56.1409287822
1419.36412953,52,55.8185877963
1419.36412953,53,55.514495239
1419.36412953,54,55.2318310257
1419.36412953,55,54.9732369121
1419.36412953,56,54.7407002061
1419.36412953,57,54.535499872
1419.36412953,58,54.3582276903
1419.36412953,59,54.2088842767
1419.36412953,60,54.0870362335
1419.36412953,61,53.9920100231
1419.36412953,62,53.9230926346
1419.36412953,63,53.8797092524
1419.36412953,64,53.8615528408
1419.36412953,65,53.8686480701
1419.36412953,66,53.9013408531
1419.36412953,67,53.9602140828
1419.36412953,68,54.0459396184
1419.36412953,69,54.1590856787
1419.36412953,70,54.2999064757
1419.36412953,71,54.4681453533
1419.36412953,72,54.6628819759
1419.36412953,73,54.8824472669
1419.36412953,74,55.1244177056
1419.36412953,75,55.3856861136
1419.36412953,76,55.6625930522
1419.36412953,77,55.9510947165
1419.36412953,78,56.2469412012
1419.36412953,79,56.5458425547
1419.36412953,80,56.8436069626
1419.36412953,81,57.1362432158
1419.36412953,82,57.4200263644
1419.36412953,83,57.6915301575
1419.36412953,84,57.9476323739
1419.36412953,85,58.1854998758
1419.36412953,86,58.4025597617
1419.36412953,87,58.5964619156
1419.36412953,88,58.7650369827
1419.36412953,89,58.9062525926
1419.36412953,90,59.0181696477
1419.36412953,91,59.0988997401
1419.36412953,92,59.1465642628
1419.36412953,93,59.1592555352
1419.36412953,94,59.1350002843
1419.36412953,95,59.0717261619
1419.36412953,96,58.9672327524
1419.36412953,97,58.8191699997
1419.36412953,98,58.6250295911
1419.36412953,99,58.3821594193
1419.36412953,100,58.0878192536
1419.36412953,101,57.7393097345
1419.36412953,102,57.334231124
1419.36412953,103,56.8709699119
1419.36412953,104,56.3495802847
1419.36412953,105,55.7733323682
1419.36412953,106,55.1513277819
1419.36412953,107,54.5026351197
1419.36412953,108,53.8620165497
1419.36412953,109,53.2856563427
1419.36412953,110,52.8514402749
1419.36412953,111,52.6444177849
1419.36412953,112,52.7240270719
1419.36412953,113,53.0919452188
1419.36412953,114,53.6909882698
1419.36412953,115,54.4362350802
1419.36412953,116,55.2485111656
1419.36412953,117,56.0700011248
1419.36412953,118,56.8645347496
1419.36412953,119,57.6119701698
1419.36412953,120,58.3023959333
1419.36412953,121,58.9318959368
1419.36412953,122,59.499854741
1419.36412953,123,60.0073551285
1419.36412953,124,60.4562604994
1419.36412953,125,60.8487030531
1419.36412953,126,61.1868056059
1419.36412953,127,61.4725356109
1419.36412953,128,61.7076328161
1419.36412953,129,61.8935770175
1419.36412953,130,62.0315767413
1419.36412953,131,62.1225678996
1419.36412953,132,62.1672161428
1419.36412953,133,62.1659193063
1419.36412953,134,62.118807877
1419.36412953,135,62.02574229
1419.36412953,136,61.8863064197
1419.36412953,137,61.6997970406
1419.36412953,138,61.4652094795
1419.36412953,139,61.1812203486
1419.36412953,140,60.8461694157
1419.36412953,141,60.4580448173
1419.36412953,142,60.0144798033
1419.36412953,143,59.512776618
1419.36412953,144,58.9499869472
1419.36412953,145,58.3231041579
1419.36412953,146,57.629470505
1419.36412953,147,56.8675903324
1419.36412953,148,56.0386948622
1419.36412953,149,55.1496496658
1419.36412953,150,54.2180830322
1419.36412953,151,53.2805577613
1419.36412953,152,52.402851032
1419.36412953,153,51.6852657265
1419.36412953,154,51.2460463664
1419.36412953,155,51.1707387259
1419.36412953,156,51.4579902831
1419.36412953,157,52.0208762341
1419.36412953,158,52.7421166628
1419.36412953,159,53.5236325839
1419.36412953,160,54.3019551922
1419.36412953,161,55.0424829007
1419.36412953,162,55.7292146934
1419.36412953,163,56.3567015498
1419.36412953,164,56.9250244953
1419.36412953,165,57.4369569287
1419.36412953,166,57.8964418986
1419.36412953,167,58.3078039918
1419.36412953,168,58.6753575653
1419.36412953,169,59.0032245741
1419.36412953,170,59.2952611635
1419.36412953,171,59.5550390675
1419.36412953,172,59.7858530725
1419.36412953,173,59.9907393445
1419.36412953,174,60.172496701
1419.36412953,175,60.33370685
1419.36412953,176,60.4767517649
1419.36412953,177,60.6038275376
1419.36412953,178,60.7169547086
1419.36412953,179,60.8179854379
1419.36412953,180,60.9086080897
1565.47817367,-180,60.097226905
1565.47817367,-179,59.976796004
1565.47817367,-178,59.8499110649
1565.47817367,-177,59.7160025551
1565.47817367,-176,59.5745575909
1565.47817367,-175,59.4251588579
1565.47817367,-174,59.2675231304
1565.47817367,-173,59.1015394953
1565.47817367,-172,58.9273074696
1565.47817367,-171,58.7451751103
1565.47817367,-170,58.5557769125
1565.47817367,-169,58.3600707344
1565.47817367,-168,58.1593721443
1565.47817367,-167,57.9553834403
1565.47817367,-166,57.7502131973
1565.47817367,-165,57.5463806632
1565.47817367,-164,57.3467979616
1565.47817367,-163,57.1547222977
1565.47817367,-162,56.9736708851
1565.47817367,-161,56.8072938057
1565.47817367,-160,56.6592050413
1565.47817367,-159,56.5327794062
1565.47817367,-158,56.4309320402
1565.47817367,-157,56.3559052908
1565.47817367,-156,56.3090923417
1565.47817367,-155,56.2909252553
1565.47817367,-154,56.3008463724
1565.47817367,-153,56.3373679365
1565.47817367,-152,56.3982093104
1565.47817367,-151,56.4804887291
1565.47817367,-150,56.5809404107
1565.47817367,-149,56.6961287271
1565.47817367,-148,56.822637394
1565.47817367,-147,56.9572204324
1565.47817367,-146,57.0969102538
1565.47817367,-145,57.2390848716
1565.47817367,-144,57.381500305
1565.47817367,-143,57.522295956
1565.47817367,-142,57.659980729
1565.47817367,-141,57.7934066673
1565.47817367,-140,57.9217354522
1565.47817367,-139,58.0444016657
1565.47817367,-138,58.1610754449
1565.47817367,-137,58.2716261586
1565.47817367,-136,58.3760880024
1565.47817367,-135,58.4746279188
1565.47817367,-134,58.5675159487
1565.47817367,-133,58.6550979582
1565.47817367,-132,58.7377706313
1565.47817367,-131,58.8159586206
1565.47817367,-130,58.8900937954
1565.47817367,-129,58.9605965825
1565.47817367,-128,59.0278594577
1565.47817367,-127,59.0922326865
1565.47817367,-126,59.1540124426
1565.47817367,-125,59.2134314287
1565.47817367,-124,59.270652103
1565.47817367,-123,59.3257625655
1565.47817367,-122,59.3787750947
1565.47817367,-121,59.4296272582
1565.47817367,-120,59.4781854438
1565.47817367,-119,59.524250603
1565.47817367,-118,59.567565948
1565.47817367,-117,59.6078263234
1565.47817367,-116,59.6446889716
1565.47817367,-115,59.6777854336
1565.47817367,-114,59.7067343706
1565.47817367,-113,59.7311551477
1565.47817367,-112,59.7506820901
1565.47817367,-111,59.7649793895
1565.47817367,-110,59.7737567027
1565.47817367,-109,59.7767855347
1565.47817367,-108,59.773916527
1565.47817367,-107,59.7650977706
1565.47817367,-106,59.7503942164
1565.47817367,-105,59.7300081547
1565.47817367,-104,59.7043005633
1565.47817367,-103,59.6738128589
1565.47817367,-102,59.6392882186
1565.47817367,-101,59.6016911513
1565.47817367,-100,59.5622234014
1565.47817367,-99,59.5223335843
1565.47817367,-98,59.4837172645
1565.47817367,-97,59.4483036195
1565.47817367,-96,59.4182245938
1565.47817367,-95,59.3957627946
1565.47817367,-94,59.3832755979
1565.47817367,-93,59.3830952248
1565.47817367,-92,59.397407917
1565.47817367,-91,59.428119457
1565.47817367,-90,59.4767183806
1565.47817367,-89,59.5441512548
1565.47817367,-88,59.6307251963
1565.47817367,-87,59.7360506604
1565.47817367,-86,59.8590324747
1565.47817367,-85,59.9979101314
1565.47817367,-84,60.1503411273
1565.47817367,-83,60.3135154242
1565.47817367,-82,60.4842861019
1565.47817367,-81,60.6593013089
1565.47817367,-80,60.8351251254
1565.47817367,-79,61.0083388807
1565.47817367,-78,61.1756186713
1565.47817367,-77,61.3337884597
1565.47817367,-76,61.4798507453
1565.47817367,-75,61.6109983092
1565.47817367,-74,61.7246111179
1565.47817367,-73,61.8182423933
1565.47817367,-72,61.8895974038
1565.47817367,-71,61.9365079269
1565.47817367,-70,61.9569047447
1565.47817367,-69,61.948790076
1565.47817367,-68,61.9102115816
1565.47817367,-67,61.8392395864
1565.47817367,-66,61.73394951
1565.47817367,-65,61.5924123113
1565.47817367,-64,61.4126972598
1565.47817367,-63,61.1928938699
1565.47817367,-62,60.9311639663
1565.47817367,-61,60.6258414566
1565.47817367,-60,60.275607803
1565.47817367,-59,59.8797871761
1565.47817367,-58,59.4388286789
1565.47817367,-57,58.9550740178
1565.47817367,-56,58.4339407659
1565.47817367,-55,57.8856566506
1565.47817367,-54,57.3275836654
1565.47817367,-53,56.7868130877
1565.47817367,-52,56.3018783487
1565.47817367,-51,55.921167855
1565.47817367,-50,55.6950530835
1565.47817367,-49,55.6614206764
1565.47817367,-48,55.830908295
1565.47817367,-47,56.1821816571
1565.47817367,-46,56.6711193768
1565.47817367,-45,57.2466153252
1565.47817367,-44,57.8631052038
1565.47817367,-43,58.4860058248
1565.47817367,-42,59.091819868
1565.47817367,-41,59.6659159399
1565.47817367,-40,60.1999534745
1565.47817367,-39,60.6897545517
1565.47817367,-38,61.1337750122
1565.47817367,-37,61.5320833437
1565.47817367,-36,61.885707391
1565.47817367,-35,62.1962286373
1565.47817367,-34,62.4655368765
1565.47817367,-33,62.6956866424
1565.47817367,-32,62.8888173621
1565.47817367,-31,63.0471129466
1565.47817367,-30,63.1727853346
1565.47817367,-29,63.2680720071
1565.47817367,-28,63.335240851
1565.47817367,-27,63.3765977632
1565.47817367,-26,63.394493563
1565.47817367,-25,63.3913274555
1565.47817367,-24,63.3695447096
1565.47817367,-23,63.3316265542
1565.47817367,-22,63.2800706979
1565.47817367,-21,63.2173614606
1565.47817367,-20,63.1459293395
1565.47817367,-19,63.0681009405
1565.47817367,-18,62.9860415321
1565.47817367,-17,62.9016938664
1565.47817367,-16,62.8167181347
1565.47817367,-15,62.7324386976
1565.47817367,-14,62.6498032949
1565.47817367,-13,62.5693596618
1565.47817367,-12,62.4912528899
1565.47817367,-11,62.4152447013
1565.47817367,-10,62.34075347
1565.47817367,-9,62.26691174
1565.47817367,-8,62.1926365514
1565.47817367,-7,62.1167072773
1565.47817367,-6,62.0378458997
1565.47817367,-5,61.9547955307
1565.47817367,-4,61.8663942404
1565.47817367,-3,61.7716425845
1565.47817367,-2,61.6697643874
1565.47817367,-1,61.560261156
1565.47817367,0,61.4429608735
1565.47817367,1,61.3180618165
1565.47817367,2,61.1861714394
1565.47817367,3,61.0483393005
1565.47817367,4,60.9060815098
1565.47817367,5,60.7613923631
1565.47817367,6,60.6167369184
1565.47817367,7,60.4750166608
1565.47817367,8,60.3394997176
1565.47817367,9,60.2137081303
1565.47817367,10,60.101258311
1565.47817367,11,60.0056574595
1565.47817367,12,59.9300680284
1565.47817367,13,59.8770625741
1565.47817367,14,59.8483995495
1565.47817367,15,59.8448533022
1565.47817367,16,59.8661263252
1565.47817367,17,59.9108588249
1565.47817367,18,59.9767331925
1565.47817367,19,60.060654201
1565.47817367,20,60.158974618
1565.47817367,21,60.2677329026
1565.47817367,22,60.3828741468
1565.47817367,23,60.5004345481
1565.47817367,24,60.6166800168
1565.47817367,25,60.7281983243
1565.47817367,26,60.8319501646
1565.47817367,27,60.9252875182
1565.47817367,28,61.0059483923
1565.47817367,29,61.0720362149
1565.47817367,30,61.1219906434
1565.47817367,31,61.1545548627
1565.47817367,32,61.1687429004
1565.47817367,33,61.1638092198
1565.47817367,34,61.1392218997
1565.47817367,35,61.0946400293
1565.47817367,36,61.029895495
1565.47817367,37,60.9449790431
1565.47817367,38,60.8400303237
1565.47817367,39,60.7153315122
1565.47817367,40,60.5713040331
1565.47817367,41,60.4085078534
1565.47817367,42,60.2276427581
1565.47817367,43,60.0295509527
1565.47817367,44,59.8152202649
1565.47817367,45,59.5857871401
1565.47817367,46,59.3425385541
1565.47817367,47,59.0869119363
1565.47817367,48,58.8204922247
1565.47817367,49,58.5450053137
1565.47817367,50,58.262307441
1565.47817367,51,57.9743705283
1565.47817367,52,57.6832641586
1565.47817367,53,57.3911357065
1565.47817367,54,57.1001910651
1565.47817367,55,56.8126792596
1565.47817367,56,56.5308847993
1565.47817367,57,56.2571315923
1565.47817367,58,55.9938013614
1565.47817367,59,55.7433675038
1565.47817367,60,55.5084421055
1565.47817367,61,55.2918294497
1565.47817367,62,55.0965742029
1565.47817367,63,54.9259873457
1565.47817367,64,54.7836291425
1565.47817367,65,54.6732279428
1565.47817367,66,54.5985185712
1565.47817367,67,54.5629962363
1565.47817367,68,54.569601173
1565.47817367,69,54.6203721661
1565.47817367,70,54.716126519
1565.47817367,71,54.8562309565
1565.47817367,72,55.0385161449
1565.47817367,73,55.2593580196
1565.47817367,74,55.5139114118
1565.47817367,75,55.7964492254
1565.47817367,76,56.1007443782
1565.47817367,77,56.4204346044
1565.47817367,78,56.7493269329
1565.47817367,79,57.0816204838
1565.47817367,80,57.412045603
1565.47817367,81,57.7359303073
1565.47817367,82,58.0492110915
1565.47817367,83,58.3484059571
1565.47817367,84,58.6305652548
1565.47817367,85,58.8932124359
1565.47817367,86,59.1342832727
1565.47817367,87,59.3520691545
1565.47817367,88,59.5451678635
1565.47817367,89,59.7124437726
1565.47817367,90,59.8529985436
1565.47817367,91,59.9661529995
1565.47817367,92,60.0514407688
1565.47817367,93,60.1086144403
1565.47817367,94,60.1376652339
1565.47817367,95,60.1388574972
1565.47817367,96,60.1127795577
1565.47817367,97,60.0604124323
1565.47817367,98,59.9832173565
1565.47817367,99,59.8832416464
1565.47817367,100,59.7632394996
1565.47817367,101,59.6267992836
1565.47817367,102,59.4784610235
1565.47817367,103,59.3237970357
1565.47817367,104,59.1694161527
1565.47817367,105,59.0228414585
1565.47817367,106,58.8922100749
1565.47817367,107,58.7857611549
1565.47817367,108,58.7111229005
1565.47817367,109,58.6744786461
1565.47817367,110,58.6797644881
1565.47817367,111,58.7280887144
1565.47817367,112,58.8175323613
1565.47817367,113,58.9433893564
1565.47817367,114,59.0987760621
1565.47817367,115,59.2754446836
1565.47817367,116,59.4646114722
1565.47817367,117,59.6576535639
1565.47817367,118,59.8466019726
1565.47817367,119,60.0244257957
1565.47817367,120,60.1851447365
1565.47817367,121,60.3238225721
1565.47817367,122,60.4364917503
1565.47817367,123,60.5200486299
1565.47817367,124,60.5721468179
1565.47817367,125,60.5911060505
1565.47817367,126,60.5758471352
1565.47817367,127,60.5258593818
1565.47817367,128,60.4412049977
1565.47817367,129,60.3225642717
1565.47817367,130,60.1713251451
1565.47817367,131,59.9897199472
1565.47817367,132,59.781009257
1565.47817367,133,59.5497060881
1565.47817367,134,59.3018203054
1565.47817367,135,59.0450807966
1565.47817367,136,58.7890607928
1565.47817367,137,58.5450952652
1565.47817367,138,58.3258556957
1565.47817367,139,58.1444685612
1565.47817367,140,58.0131655401
1565.47817367,141,57.9416424684
1565.47817367,142,57.9355151187
1565.47817367,143,57.995356087
1565.47817367,144,58.1166616297
1565.47817367,145,58.2907614672
1565.47817367,146,58.506340787
1565.47817367,147,58.7510911716
1565.47817367,148,59.0130900382
1565.47817367,149,59.2817161253
1565.47817367,150,59.5481021153
1565.47817367,151,59.8052334644
1565.47817367,152,60.0478279037
1565.47817367,153,60.2721081775
1565.47817367,154,60.4755440454
1565.47817367,155,60.6566066021
1565.47817367,156,60.8145545722
1565.47817367,157,60.9492580573
1565.47817367,158,61.0610577692
1565.47817367,159,61.1506545392
1565.47817367,160,61.219023004
1565.47817367,161,61.2673436388
1565.47817367,162,61.2969480722
1565.47817367,163,61.309273531
1565.47817367,164,61.3058231715
1565.47817367,165,61.2881299106
1565.47817367,166,61.2577221526
1565.47817367,167,61.2160905338
1565.47817367,168,61.1646554676
1565.47817367,169,61.1047358552
1565.47817367,170,61.0375198102
1565.47817367,171,60.964038591
1565.47817367,172,60.885145111
1565.47817367,173,60.8014983786
1565.47817367,174,60.713555013
1565.47817367,175,60.621568601
1565.47817367,176,60.5255971745
1565.47817367,177,60.4255185544
1565.47817367,178,60.3210528146
1565.47817367,179,60.2117907381
1565.47817367,180,60.097226905
1726.6336814,-180,59.2428757265
1726.6336814,-179,59.1582299229
1726.6336814,-178,59.0747722373
1726.6336814,-177,58.9937646586
1726.6336814,-176,58.9167962199
1726.6336814,-175,58.8457275808
1726.6336814,-174,58.7826126144
1726.6336814,-173,58.7295981626
1726.6336814,-172,58.6888056879
1726.6336814,-171,58.6622017107
1726.6336814,-170,58.6514670847
1726.6336814,-169,58.6578774627
1726.6336814,-168,58.6822078631
1726.6336814,-167,58.7246724716
1726.6336814,-166,58.7849067147
1726.6336814,-165,58.8619929581
1726.6336814,-164,58.9545251839
1726.6336814,-163,59.0607030776
1726.6336814,-162,59.17844313
1726.6336814,-161,59.3054939873
1726.6336814,-160,59.4395450223
1726.6336814,-159,59.5783201664
1726.6336814,-158,59.7196525342
1726.6336814,-157,59.861538539
1726.6336814,-156,60.0021726155
1726.6336814,-155,60.1399651876
1726.6336814,-154,60.273547233
1726.6336814,-153,60.40176489
1726.6336814,-152,60.5236672592
1726.6336814,-151,60.6384900429
1726.6336814,-150,60.7456371011
1726.6336814,-149,60.8446614585
1726.6336814,-148,60.9352468242
1726.6336814,-147,61.0171903024
1726.6336814,-146,61.0903866756
1726.6336814,-145,61.1548144259
1726.6336814,-144,61.2105235008
1726.6336814,-143,61.2576247332
1726.6336814,-142,61.2962807539
1726.6336814,-141,61.3266982033
1726.6336814,-140,61.3491210345
1726.6336814,-139,61.3638247007
1726.6336814,-138,61.3711110366
1726.6336814,-137,61.3713036654
1726.6336814,-136,61.3647437984
1726.6336814,-135,61.3517863253
1726.6336814,-134,61.3327961407
1726.6336814,-133,61.3081446871
1726.6336814,-132,61.2782067422
1726.6336814,-131,61.2433575089
1726.6336814,-130,61.2039701027
1726.6336814,-129,61.1604135462
1726.6336814,-128,61.1130513912
1726.6336814,-127,61.0622410804
1726.6336814,-126,61.0083341328
1726.6336814,-125,60.9516771971
1726.6336814,-124,60.892613954
1726.6336814,-123,60.8314877715
1726.6336814,-122,60.7686449321
1726.6336814,-121,60.7044381524
1726.6336814,-120,60.6392300234
1726.6336814,-119,60.5733959135
1726.6336814,-118,60.5073258077
1726.6336814,-117,60.4414245192
1726.6336814,-116,60.3761097085
1726.6336814,-115,60.3118072
1726.6336814,-114,60.2489431958
1726.6336814,-113,60.1879331682
1726.6336814,-112,60.1291674529
1726.6336814,-111,60.0729938695
1726.6336814,-110,60.0196980331
1726.6336814,-109,59.9694823674
1726.6336814,-108,59.9224451439
1726.6336814,-107,59.8785611086
1726.6336814,-106,59.8376653796
1726.6336814,-105,59.7994422716
1726.6336814,-104,59.763420529
1726.6336814,-103,59.7289761332
1726.6336814,-102,59.6953434531
1726.6336814,-101,59.6616350772
1726.6336814,-100,59.6268702901
1726.6336814,-99,59.5900118865
1726.6336814,-98,59.5500109019
1726.6336814,-97,59.5058588979
1726.6336814,-96,59.4566476358
1726.6336814,-95,59.4016362534
1726.6336814,-94,59.3403263115
1726.6336814,-93,59.2725451429
1726.6336814,-92,59.1985376102
1726.6336814,-91,59.1190653684
1726.6336814,-90,59.035510686
1726.6336814,-89,58.9499784199
1726.6336814,-88,58.8653845674
1726.6336814,-87,58.7855130028
1726.6336814,-86,58.7150143907
1726.6336814,-85,58.6593151244
1726.6336814,-84,58.6244034701
1726.6336814,-83,58.6164702942
1726.6336814,-82,58.6414073036
1726.6336814,-81,58.704206171
1726.6336814,-80,58.8083474116
1726.6336814,-79,58.955299113
1726.6336814,-78,59.144241787
1726.6336814,-77,59.3720885932
1726.6336814,-76,59.6337943888
1726.6336814,-75,59.9228740984
1726.6336814,-74,60.2320106239
1726.6336814,-73,60.5536355363
1726.6336814,-72,60.8804009519
1726.6336814,-71,61.2055068326
1726.6336814,-70,61.5228863858
1726.6336814,-69,61.8272751768
1726.6336814,-68,62.1141976606
1726.6336814,-67,62.3799029832
1726.6336814,-66,62.6212753275
1726.6336814,-65,62.8357365109
1726.6336814,-64,63.021151961
1726.6336814,-63,63.1757462883
1726.6336814,-62,63.2980314233
1726.6336814,-61,63.386748383
1726.6336814,-60,63.4408228191
1726.6336814,-59,63.4593342907
1726.6336814,-58,63.4414994861
1726.6336814,-57,63.3866702796
1726.6336814,-56,63.2943485019
1726.6336814,-55,63.1642206331
1726.6336814,-54,62.9962173233
1726.6336814,-53,62.7906047117
1726.6336814,-52,62.5481168628
1726.6336814,-51,62.2701409145
1726.6336814,-50,61.9589678296
1726.6336814,-49,61.6181200069
1726.6336814,-48,61.2527587066
1726.6336814,-47,60.8701530585
1726.6336814,-46,60.4801499386
1726.6336814,-45,60.0955132778
1726.6336814,-44,59.7319081576
1726.6336814,-43,59.4072284178
1726.6336814,-42,59.1399969184
1726.6336814,-41,58.9468204114
1726.6336814,-40,58.8393762036
1726.6336814,-39,58.8219107582
1726.6336814,-38,58.8902978819
1726.6336814,-37,59.0330982129
1726.6336814,-36,59.2341332977
1726.6336814,-35,59.4755135429
1726.6336814,-34,59.7401595834
1726.6336814,-33,60.0133694544
1726.6336814,-32,60.2834695343
1726.6336814,-31,60.5418261219
1726.6336814,-30,60.7825160902
1726.6336814,-29,61.001875414
1726.6336814,-28,61.1980512905
1726.6336814,-27,61.3706137836
1726.6336814,-26,61.520241099
1726.6336814,-25,61.6484715809
1726.6336814,-24,61.7575070726
1726.6336814,-23,61.850050506
1726.6336814,-22,61.929162082
1726.6336814,-21,61.9981215475
1726.6336814,-20,62.0602882228
1726.6336814,-19,62.1189552873
1726.6336814,-18,62.1772000987
1726.6336814,-17,62.2377374022
1726.6336814,-16,62.3027863116
1726.6336814,-15,62.373963906
1726.6336814,-14,62.452217435
1726.6336814,-13,62.5378033567
1726.6336814,-12,62.6303154667
1726.6336814,-11,62.7287576735
1726.6336814,-10,62.831651199
1726.6336814,-9,62.9371624642
1726.6336814,-8,63.0432372086
1726.6336814,-7,63.1477281897
1726.6336814,-6,63.2485072343
1726.6336814,-5,63.3435564024
1726.6336814,-4,63.4310366773
1726.6336814,-3,63.5093353859
1726.6336814,-2,63.5770952915
1726.6336814,-1,63.6332290891
1726.6336814,0,63.6769230923
1726.6336814,1,63.707633488
1726.6336814,2,63.7250778758
1726.6336814,3,63.7292240616
1726.6336814,4,63.7202773422
1726.6336814,5,63.6986668598
1726.6336814,6,63.6650310335
1726.6336814,7,63.6202016193
1726.6336814,8,63.5651855972
1726.6336814,9,63.5011438641
1726.6336814,10,63.4293656352
1726.6336814,11,63.3512375513
1726.6336814,12,63.2682067938
1726.6336814,13,63.1817380191
1726.6336814,14,63.0932646533
1726.6336814,15,63.0041359634
1726.6336814,16,62.9155622582
1726.6336814,17,62.8285614154
1726.6336814,18,62.7439105033
1726.6336814,19,62.6621064138
1726.6336814,20,62.5833390252
1726.6336814,21,62.5074794818
1726.6336814,22,62.4340848072
1726.6336814,23,62.3624184965
1726.6336814,24,62.2914852078
1726.6336814,25,62.2200764745
1726.6336814,26,62.1468236436
1726.6336814,27,62.0702540864
1726.6336814,28,61.9888470708
1726.6336814,29,61.9010863919
1726.6336814,30,61.8055077521
1726.6336814,31,61.7007398091
1726.6336814,32,61.5855386211
1726.6336814,33,61.4588158595
1726.6336814,34,61.3196615749
1726.6336814,35,61.1673625224
1726.6336814,36,61.0014170822
1726.6336814,37,60.8215476988
1726.6336814,38,60.6277115352
1726.6336814,39,60.420109722
1726.6336814,40,60.199195196
1726.6336814,41,59.9656786938
1726.6336814,42,59.7205320011
1726.6336814,43,59.4649871078
1726.6336814,44,59.2005295209
1726.6336814,45,58.9288837404
1726.6336814,46,58.6519889011
1726.6336814,47,58.3719629746
1726.6336814,48,58.091054828
1726.6336814,49,57.8115849329
1726.6336814,50,57.5358775777
1726.6336814,51,57.266189869
1726.6336814,52,57.0046452162
1726.6336814,53,56.7531808159
1726.6336814,54,56.5135192858
1726.6336814,55,56.2871735122
1726.6336814,56,56.0754907693
1726.6336814,57,55.8797373659
1726.6336814,58,55.7012189544
1726.6336814,59,55.541424806
1726.6336814,60,55.4021774259
1726.6336814,61,55.2857624264
1726.6336814,62,55.1950083735
1726.6336814,63,55.1332838316
1726.6336814,64,55.104381519
1726.6336814,65,55.1122706218
1726.6336814,66,55.1607204427
1726.6336814,67,55.2528307667
1726.6336814,68,55.3905394263
1726.6336814,69,55.5742020213
1726.6336814,70,55.8023379754
1726.6336814,71,56.0716045974
1726.6336814,72,56.3770051966
1726.6336814,73,56.7122799542
1726.6336814,74,57.0703915001
1726.6336814,75,57.4440117167
1726.6336814,76,57.8259374277
1726.6336814,77,58.2093961143
1726.6336814,78,58.5882344443
1726.6336814,79,58.9570040392
1726.6336814,80,59.3109690851
1726.6336814,81,59.6460617231
1726.6336814,82,59.9588074516
1726.6336814,83,60.246237194
1726.6336814,84,60.5057972183
1726.6336814,85,60.7352636491
1726.6336814,86,60.9326651122
1726.6336814,87,61.0962149903
1726.6336814,88,61.2242536007
1726.6336814,89,61.3152001228
1726.6336814,90,61.3675141198
1726.6336814,91,61.3796669587
1726.6336814,92,61.3501243213
1726.6336814,93,61.2773424431
1726.6336814,94,61.1597829471
1726.6336814,95,60.995954568
1726.6336814,96,60.7844953397
1726.6336814,97,60.5243168925
1726.6336814,98,60.214844648
1726.6336814,99,59.8564052327
1726.6336814,100,59.4508356397
1726.6336814,101,59.0024135468
1726.6336814,102,58.5192182043
1726.6336814,103,58.0149802974
1726.6336814,104,57.5112665842
1726.6336814,105,57.0393156709
1726.6336814,106,56.6399290757
1726.6336814,107,56.3590240911
1726.6336814,108,56.2373626005
1726.6336814,109,56.2971290729
1726.6336814,110,56.5330015498
1726.6336814,111,56.9143200925
1726.6336814,112,57.3966619712
1726.6336814,113,57.9348069472
1726.6336814,114,58.490929415
1726.6336814,115,59.0372041368
1726.6336814,116,59.5549715058
1726.6336814,117,60.0326570566
1726.6336814,118,60.4636787994
1726.6336814,119,60.8447889014
1726.6336814,120,61.1748998471
1726.6336814,121,61.4543069529
1726.6336814,122,61.6841983924
1726.6336814,123,61.8663624852
1726.6336814,124,62.0030270443
1726.6336814,125,62.0967863929
1726.6336814,126,62.1505862867
1726.6336814,127,62.1677461069
1726.6336814,128,62.1520025366
1726.6336814,129,62.107560486
1726.6336814,130,62.0391361515
1726.6336814,131,61.9519746352
1726.6336814,132,61.8518217767
1726.6336814,133,61.7448286345
1726.6336814,134,61.6373699722
1726.6336814,135,61.5357678647
1726.6336814,136,61.4459296242
1726.6336814,137,61.3729339309
1726.6336814,138,61.3206239465
1726.6336814,139,61.2912810614
1726.6336814,140,61.2854480783
1726.6336814,141,61.301943119
1726.6336814,142,61.3380629924
1726.6336814,143,61.3899327081
1726.6336814,144,61.4529315574
1726.6336814,145,61.5221226566
1726.6336814,146,61.592628579
1726.6336814,147,61.6599207272
1726.6336814,148,61.7200143504
1726.6336814,149,61.7695784283
1726.6336814,150,61.8059785256
1726.6336814,151,61.8272726976
1726.6336814,152,61.8321782337
1726.6336814,153,61.8200228357
1726.6336814,154,61.7906893408
1726.6336814,155,61.7445591662
1726.6336814,156,61.6824565727
1726.6336814,157,61.6055936485
1726.6336814,158,61.5155145094
1726.6336814,159,61.4140365067
1726.6336814,160,61.3031861678
1726.6336814,161,61.1851281343
1726.6336814,162,61.0620864836
1726.6336814,163,60.9362594314
1726.6336814,164,60.80973034
1726.6336814,165,60.6843799053
1726.6336814,166,60.5618059448
1726.6336814,167,60.4432579532
1726.6336814,168,60.32959319
1726.6336814,169,60.2212594231
1726.6336814,170,60.1183067894
1726.6336814,171,60.0204280347
1726.6336814,172,59.9270233179
1726.6336814,173,59.8372834004
1726.6336814,174,59.750283782
1726.6336814,175,59.665082251
1726.6336814,176,59.5808131841
1726.6336814,177,59.496773352
1726.6336814,178,59.4124955449
1726.6336814,179,59.3278076532
1726.6336814,180,59.2428757265
1904.37907082,-180,62.8989224381
1904.37907082,-179,62.9970334394
1904.37907082,-178,63.0868574087
1904.37907082,-177,63.1707389093
1904.37907082,-176,63.2505091689
1904.37907082,-175,63.327453047
1904.37907082,-174,63.4022997663
1904.37907082,-173,63.4752393936
1904.37907082,-172,63.5459640728
1904.37907082,-171,63.6137301574
1904.37907082,-170,63.6774352476
1904.37907082,-169,63.7357030813
1904.37907082,-168,63.7869693208
1904.37907082,-167,63.829562322
1904.37907082,-166,63.8617746001
1904.37907082,-165,63.8819225247
1904.37907082,-164,63.8883934507
1904.37907082,-163,63.8796808306
1904.37907082,-162,63.8544087616
1904.37907082,-161,63.8113479323
1904.37907082,-160,63.7494251163
1904.37907082,-159,63.667728312
1904.37907082,-158,63.5655094451
1904.37907082,-157,63.4421862995
1904.37907082,-156,63.2973450898
1904.37907082,-155,63.130744847
1904.37907082,-154,62.9423245916
1904.37907082,-153,62.7322140986
1904.37907082,-152,62.5007489245
1904.37907082,-151,62.2484902321
1904.37907082,-150,61.9762498086
1904.37907082,-149,61.6851204761
1904.37907082,-148,61.376511812
1904.37907082,-147,61.0521906678
1904.37907082,-146,60.7143253374
1904.37907082,-145,60.3655313105
1904.37907082,-144,60.0089152838
1904.37907082,-143,59.6481124544
1904.37907082,-142,59.2873101264
1904.37907082,-141,58.9312484931
1904.37907082,-140,58.5851875068
1904.37907082,-139,58.2548277257
1904.37907082,-138,57.9461739144
1904.37907082,-137,57.6653341458
1904.37907082,-136,57.4182550943
1904.37907082,-135,57.2104060935
1904.37907082,-134,57.0464386778
1904.37907082,-133,56.9298611135
1904.37907082,-132,56.8627740271
1904.37907082,-131,56.8457095495
1904.37907082,-130,56.8776013777
1904.37907082,-129,56.9558901897
1904.37907082,-128,57.0767447554
1904.37907082,-127,57.2353611455
1904.37907082,-126,57.4262951228
1904.37907082,-125,57.6437862347
1904.37907082,-124,57.882042931
1904.37907082,-123,58.1354715238
1904.37907082,-122,58.3988440621
1904.37907082,-121,58.6674090795
1904.37907082,-120,58.9369542461
1904.37907082,-119,59.2038318374
1904.37907082,-118,59.4649576636
1904.37907082,-117,59.7177926491
1904.37907082,-116,59.9603143335
1904.37907082,-115,60.1909836383
1904.37907082,-114,60.4087105094
1904.37907082,-113,60.6128206018
1904.37907082,-112,60.8030239922
1904.37907082,-111,60.9793859635
1904.37907082,-110,61.1422991446
1904.37907082,-109,61.2924556815
1904.37907082,-108,61.430817645
1904.37907082,-107,61.5585835717
1904.37907082,-106,61.6771489268
1904.37907082,-105,61.7880584409
1904.37907082,-104,61.892948791
1904.37907082,-103,61.9934810144
1904.37907082,-102,62.0912633777
1904.37907082,-101,62.1877670752
1904.37907082,-100,62.2842388877
1904.37907082,-99,62.3816164827
1904.37907082,-98,62.480452985
1904.37907082,-97,62.5808574619
1904.37907082,-96,62.6824568591
1904.37907082,-95,62.7843827779
1904.37907082,-94,62.8852836497
1904.37907082,-93,62.9833598939
1904.37907082,-92,63.0764171356
1904.37907082,-91,63.1619309704
1904.37907082,-90,63.2371163127
1904.37907082,-89,63.2989949854
1904.37907082,-88,63.3444566441
1904.37907082,-87,63.3703100255
1904.37907082,-86,63.3733235629
1904.37907082,-85,63.3502564269
1904.37907082,-84,63.2978830257
1904.37907082,-83,63.2130160917
1904.37907082,-82,63.0925360749
1904.37907082,-81,62.9334382562
1904.37907082,-80,62.7329147015
1904.37907082,-79,62.4884972504
1904.37907082,-78,62.1983020298
1904.37907082,-77,61.8614377553
1904.37907082,-76,61.4786708858
1904.37907082,-75,61.0534775984
1904.37907082,-74,60.5936374515
1904.37907082,-73,60.1134785572
1904.37907082,-72,59.636629861
1904.37907082,-71,59.1984349648
1904.37907082,-70,58.8458923133
1904.37907082,-69,58.6318118257
1904.37907082,-68,58.60127319
1904.37907082,-67,58.7747085923
1904.37907082,-66,59.1385735001
1904.37907082,-65,59.6512143035
1904.37907082,-64,60.2590334539
1904.37907082,-63,60.9115780794
1904.37907082,-62,61.5692458793
1904.37907082,-61,62.2044353027
1904.37907082,-60,62.7994740681
1904.37907082,-59,63.3438229919
1904.37907082,-58,63.8316678261
1904.37907082,-57,64.2601648465
1904.37907082,-56,64.6282667536
1904.37907082,-55,64.9359764465
1904.37907082,-54,65.1838922535
1904.37907082,-53,65.372945629
1904.37907082,-52,65.5042662912
1904.37907082,-51,65.5791350403
1904.37907082,-50,65.5990020656
1904.37907082,-49,65.5655605707
1904.37907082,-48,65.4808738058
1904.37907082,-47,65.3475590207
1904.37907082,-46,65.1690343221
1904.37907082,-45,64.9498325249
1904.37907082,-44,64.6959766497
1904.37907082,-43,64.4153896781
1904.37907082,-42,64.1182705285
1904.37907082,-41,63.8173064164
1904.37907082,-40,63.5275198619
1904.37907082,-39,63.2655065625
1904.37907082,-38,63.0478835094
1904.37907082,-37,62.889011315
1904.37907082,-36,62.7984593698
1904.37907082,-35,62.7790332403
1904.37907082,-34,62.8261575145
1904.37907082,-33,62.9288861267
1904.37907082,-32,63.0721022623
1904.37907082,-31,63.2390598306
1904.37907082,-30,63.413511547
1904.37907082,-29,63.5810630133
1904.37907082,-28,63.7297689968
1904.37907082,-27,63.8501837621
1904.37907082,-26,63.9351062824
1904.37907082,-25,63.9792063066
1904.37907082,-24,63.9786461556
1904.37907082,-23,63.930757206
1904.37907082,-22,63.8337957257
1904.37907082,-21,63.686786051
1904.37907082,-20,63.489454118
1904.37907082,-19,63.242256391
1904.37907082,-18,62.9465151599
1904.37907082,-17,62.6046786301
1904.37907082,-16,62.2207301214
1904.37907082,-15,61.8007690767
1904.37907082,-14,61.3537655217
1904.37907082,-13,60.8924281584
1904.37907082,-12,60.4339963921
1904.37907082,-11,60.0005537448
1904.37907082,-10,59.6182220833
1904.37907082,-9,59.3145505129
1904.37907082,-8,59.1139243459
1904.37907082,-7,59.0320402463
1904.37907082,-6,59.0717483643
1904.37907082,-5,59.2224834483
1904.37907082,-4,59.4636177815
1904.37907082,-3,59.7698811267
1904.37907082,-2,60.1163818234
1904.37907082,-1,60.4817884214
1904.37907082,0,60.8495725539
1904.37907082,1,61.2079286924
1904.37907082,2,61.5490554167
1904.37907082,3,61.8682670714
1904.37907082,4,62.1631734301
1904.37907082,5,62.4330115261
1904.37907082,6,62.678135553
1904.37907082,7,62.899640042
1904.37907082,8,63.0990848398
1904.37907082,9,63.2782936718
1904.37907082,10,63.4392043015
1904.37907082,11,63.5837545383
1904.37907082,12,63.7137935776
1904.37907082,13,63.8310121946
1904.37907082,14,63.9368882139
1904.37907082,15,64.0326456011
1904.37907082,16,64.1192266143
1904.37907082,17,64.1972768616
1904.37907082,18,64.2671429996
1904.37907082,19,64.3288823556
1904.37907082,20,64.3822831425
1904.37907082,21,64.4268933434
1904.37907082,22,64.4620559045
1904.37907082,23,64.4869476691
1904.37907082,24,64.5006195504
1904.37907082,25,64.5020357252
1904.37907082,26,64.4901100872
1904.37907082,27,64.4637387378
1904.37907082,28,64.4218278326
1904.37907082,29,64.3633166012
1904.37907082,30,64.2871957624
1904.37907082,31,64.1925218638
1904.37907082,32,64.078428287
1904.37907082,33,63.9441337891
1904.37907082,34,63.7889495233
1904.37907082,35,63.6122855126
1904.37907082,36,63.4136575646
1904.37907082,37,63.1926956241
1904.37907082,38,62.9491545702
1904.37907082,39,62.6829284772
1904.37907082,40,62.3940693739
1904.37907082,41,62.0828115216
1904.37907082,42,61.7496021764
1904.37907082,43,61.3951396424
1904.37907082,44,61.0204191092
1904.37907082,45,60.6267862005
1904.37907082,46,60.2159972446
1904.37907082,47,59.7902839046
1904.37907082,48,59.352417908
1904.37907082,49,58.9057692236
1904.37907082,50,58.4543484053
1904.37907082,51,58.0028215207
1904.37907082,52,57.5564851348
1904.37907082,53,57.1211905704
1904.37907082,54,56.703212459
1904.37907082,55,56.3090669101
1904.37907082,56,55.9452979862
1904.37907082,57,55.6182633746
1904.37907082,58,55.3339547704
1904.37907082,59,55.0978794683
1904.37907082,60,54.9150053396
1904.37907082,61,54.7897379329
1904.37907082,62,54.7258698887
1904.37907082,63,54.7264362782
1904.37907082,64,54.7934366087
1904.37907082,65,54.9274427256
1904.37907082,66,55.1271808536
1904.37907082,67,55.3892217183
1904.37907082,68,55.7079054382
1904.37907082,69,56.0755632582
1904.37907082,70,56.4830046568
1904.37907082,71,56.9201609455
1904.37907082,72,57.3767477164
1904.37907082,73,57.8428306282
1904.37907082,74,58.3092298381
1904.37907082,75,58.7677505236
1904.37907082,76,59.2112631072
1904.37907082,77,59.6336730629
1904.37907082,78,60.029821194
1904.37907082,79,60.3953480529
1904.37907082,80,60.7265464257
1904.37907082,81,61.0202168395
1904.37907082,82,61.2735341956
1904.37907082,83,61.4839290548
1904.37907082,84,61.6489844558
1904.37907082,85,61.7663480235
1904.37907082,86,61.8336591938
1904.37907082,87,61.8484925784
1904.37907082,88,61.808321019
1904.37907082,89,61.7105063848
1904.37907082,90,61.5523339333
1904.37907082,91,61.3311194602
1904.37907082,92,61.0444415786
1904.37907082,93,60.6905909941
1904.37907082,94,60.2693941412
1904.37907082,95,59.7836693143
1904.37907082,96,59.2417011554
1904.37907082,97,58.661188657
1904.37907082,98,58.07481508
1904.37907082,99,57.5361190516
1904.37907082,100,57.1207291152
1904.37907082,101,56.9138201436
1904.37907082,102,56.9789403208
1904.37907082,103,57.3243633714
1904.37907082,104,57.8978740987
1904.37907082,105,58.6155383136
1904.37907082,106,59.3962260996
1904.37907082,107,60.1792667496
1904.37907082,108,60.9259218307
1904.37907082,109,61.6140621991
1904.37907082,110,62.2322708944
1904.37907082,111,62.7754316287
1904.37907082,112,63.2418892246
1904.37907082,113,63.6317499505
1904.37907082,114,63.9459047184
1904.37907082,115,64.1854847623
1904.37907082,116,64.3515705288
1904.37907082,117,64.4450499732
1904.37907082,118,64.4665698529
1904.37907082,119,64.4165535439
1904.37907082,120,64.2952796277
1904.37907082,121,64.103032876
1904.37907082,122,63.8403577502
1904.37907082,123,63.5084677449
1904.37907082,124,63.1098942342
1904.37907082,125,62.6494940516
1904.37907082,126,62.1359606226
1904.37907082,127,61.5839491123
1904.37907082,128,61.0167100048
1904.37907082,129,60.4685134374
1904.37907082,130,59.9849812842
1904.37907082,131,59.6182550559
1904.37907082,132,59.4148241107
1904.37907082,133,59.3992042713
1904.37907082,134,59.5633834542
1904.37907082,135,59.8703888609
1904.37907082,136,60.2690148664
1904.37907082,137,60.7090694069
1904.37907082,138,61.1500186036
1904.37907082,139,61.5629562786
1904.37907082,140,61.9289541215
1904.37907082,141,62.2363889388
1904.37907082,142,62.4785142955
1904.37907082,143,62.6516398753
1904.37907082,144,62.7538889722
1904.37907082,145,62.7843970376
1904.37907082,146,62.7428196624
1904.37907082,147,62.6290546491
1904.37907082,148,62.4431207628
1904.37907082,149,62.1851691098
1904.37907082,150,61.8556339975
1904.37907082,151,61.455563359
1904.37907082,152,60.9872095035
1904.37907082,153,60.4550115802
1904.37907082,154,59.8671529942
1904.37907082,155,59.2378867408
1904.37907082,156,58.5906610048
1904.37907082,157,57.96147005
1904.37907082,158,57.4004585246
1904.37907082,159,56.9679152103
1904.37907082,160,56.7208769677
1904.37907082,161,56.6927440027
1904.37907082,162,56.8783574522
1904.37907082,163,57.2370466123
1904.37907082,164,57.7109288558
1904.37907082,165,58.2440827709
1904.37907082,166,58.7929234419
1904.37907082,167,59.3280317612
1904.37907082,168,59.8317157278
1904.37907082,169,60.2946258005
1904.37907082,170,60.7128752508
1904.37907082,171,61.0859828353
1904.37907082,172,61.4155219273
1904.37907082,173,61.7042716955
1904.37907082,174,61.9556946586
1904.37907082,175,62.1736154243
1904.37907082,176,62.3620181503
1904.37907082,177,62.5249105233
1904.37907082,178,62.6662221906
1904.37907082,179,62.7897188775
1904.37907082,180,62.8989224381
2100.42215927,-180,58.5513952272
2100.42215927,-179,58.4237252939
2100.42215927,-178,58.3892880376
2100.42215927,-177,58.4444788089
2100.42215927,-176,58.5784135297
2100.42215927,-175,58.7753001202
2100.42215927,-174,59.0173390485
2100.42215927,-173,59.287212283
2100.42215927,-172,59.5696827862
2100.42215927,-171,59.852299924
2100.42215927,-170,60.1254585631
2100.42215927,-169,60.3820993141
2100.42215927,-168,60.6172696744
2100.42215927,-167,60.8276777727
2100.42215927,-166,61.0113016583
2100.42215927,-165,61.1670748179
2100.42215927,-164,61.294646984
2100.42215927,-163,61.3942104501
2100.42215927,-162,61.4663799928
2100.42215927,-161,61.5121153969
2100.42215927,-160,61.5326774778
2100.42215927,-159,61.529610402
2100.42215927,-158,61.5047445803
2100.42215927,-157,61.4602152544
2100.42215927,-156,61.3984920232
2100.42215927,-155,61.3224139124
2100.42215927,-154,61.2352231794
2100.42215927,-153,61.1405889546
2100.42215927,-152,61.0426093708
2100.42215927,-151,60.9457786516
2100.42215927,-150,60.8549048169
2100.42215927,-149,60.7749656892
2100.42215927,-148,60.7108972919
2100.42215927,-147,60.6673203262
2100.42215927,-146,60.6482262429
2100.42215927,-145,60.6566609128
2100.42215927,-144,60.6944552036
2100.42215927,-143,60.7620518299
2100.42215927,-142,60.8584637187
2100.42215927,-141,60.9813735884
2100.42215927,-140,61.1273555662
2100.42215927,-139,61.2921772239
2100.42215927,-138,61.4711309831
2100.42215927,-137,61.6593481806
2100.42215927,-136,61.8520628306
2100.42215927,-135,62.0448089588
2100.42215927,-134,62.2335500635
2100.42215927,-133,62.414749114
2100.42215927,-132,62.5853922562
2100.42215927,-131,62.7429802047
2100.42215927,-130,62.8854997351
2100.42215927,-129,63.011385078
2100.42215927,-128,63.1194762815
2100.42215927,-127,63.2089792062
2100.42215927,-126,63.2794299374
2100.42215927,-125,63.3306650203
2100.42215927,-124,63.3627979712
2100.42215927,-123,63.3762018589
2100.42215927,-122,63.3714972988
2100.42215927,-121,63.3495448529
2100.42215927,-120,63.3114405265
2100.42215927,-119,63.2585127508
2100.42215927,-118,63.1923189273
2100.42215927,-117,63.1146392935
2100.42215927,-116,63.0274655955
2100.42215927,-115,62.9329818948
2100.42215927,-114,62.8335349137
2100.42215927,-113,62.7315917551
2100.42215927,-112,62.6296837549
2100.42215927,-111,62.5303367088
2100.42215927,-110,62.4359897201
2100.42215927,-109,62.3489072508
2100.42215927,-108,62.2710912279
2100.42215927,-107,62.204201742
2100.42215927,-106,62.1494954233
2100.42215927,-105,62.1077896012
2100.42215927,-104,62.0794578096
2100.42215927,-103,62.0644584506
2100.42215927,-102,62.0623942038
2100.42215927,-101,62.0725959267
2100.42215927,-100,62.0942220491
2100.42215927,-99,62.1263632101
2100.42215927,-98,62.1681420811
2100.42215927,-97,62.2187996091
2100.42215927,-96,62.2777608188
2100.42215927,-95,62.3446753882
2100.42215927,-94,62.4194301961
2100.42215927,-93,62.5021328756
2100.42215927,-92,62.5930671935
2100.42215927,-91,62.6926229549
2100.42215927,-90,62.8012052055
2100.42215927,-89,62.9191296728
2100.42215927,-88,63.0465133757
2100.42215927,-87,63.1831706528
2100.42215927,-86,63.3285250126
2100.42215927,-85,63.4815458247
2100.42215927,-84,63.6407159542
2100.42215927,-83,63.8040323921
2100.42215927,-82,63.9690375466
2100.42215927,-81,64.1328750228
2100.42215927,-80,64.2923611629
2100.42215927,-79,64.4440627114
2100.42215927,-78,64.584371612
2100.42215927,-77,64.7095697218
2100.42215927,-76,64.8158785556
2100.42215927,-75,64.89949152
2100.42215927,-74,64.9565880914
2100.42215927,-73,64.9833308655
2100.42215927,-72,64.9758473871
2100.42215927,-71,64.9301993419
2100.42215927,-70,64.842342345
2100.42215927,-69,64.708080677
2100.42215927,-68,64.5230235851
2100.42215927,-67,64.2825544469
2100.42215927,-66,63.9818334182
2100.42215927,-65,63.6158724385
2100.42215927,-64,63.1797568056
2100.42215927,-63,62.6691553014
2100.42215927,-62,62.0813883092
2100.42215927,-61,61.4175516321
2100.42215927,-60,60.6865533238
2100.42215927,-59,59.9122883147
2100.42215927,-58,59.1447545964
2100.42215927,-57,58.4721271023
2100.42215927,-56,58.0199215587
2100.42215927,-55,57.9130221567
2100.42215927,-54,58.2033652595
2100.42215927,-53,58.831001883
2100.42215927,-52,59.6679265833
2100.42215927,-51,60.589565993
2100.42215927,-50,61.5096430721
2100.42215927,-49,62.3793793638
2100.42215927,-48,63.1752057319
2100.42215927,-47,63.887890103
2100.42215927,-46,64.5156124658
2100.42215927,-45,65.0600906092
2100.42215927,-44,65.5245481046
2100.42215927,-43,65.912696045
2100.42215927,-42,66.2282516083
2100.42215927,-41,66.4747368722
2100.42215927,-40,66.6554240486
2100.42215927,-39,66.7733588064
2100.42215927,-38,66.8314279235
2100.42215927,-37,66.832455801
2100.42215927,-36,66.7793240844
2100.42215927,-35,66.6751135933
2100.42215927,-34,66.5232696738
2100.42215927,-33,66.3277913546
2100.42215927,-32,66.093440869
2100.42215927,-31,65.8259621025
2100.42215927,-30,65.5322831063
2100.42215927,-29,65.2206585352
2100.42215927,-28,64.9006850935
2100.42215927,-27,64.5831047744
2100.42215927,-26,64.2793126293
2100.42215927,-25,64.000528777
2100.42215927,-24,63.7566913532
2100.42215927,-23,63.5552612091
2100.42215927,-22,63.4002397989
2100.42215927,-21,63.2917072849
2100.42215927,-20,63.2260492449
2100.42215927,-19,63.1968122209
2100.42215927,-18,63.1959328837
2100.42215927,-17,63.2150193821
2100.42215927,-16,63.2464303373
2100.42215927,-15,63.2840268424
2100.42215927,-14,63.3235889135
2100.42215927,-13,63.3629521329
2100.42215927,-12,63.4019346184
2100.42215927,-11,63.4421097474
2100.42215927,-10,63.4864577469
2100.42215927,-9,63.53891418
2100.42215927,-8,63.6038328835
2100.42215927,-7,63.6853956491
2100.42215927,-6,63.787024696
2100.42215927,-5,63.9108746658
2100.42215927,-4,64.05748443
2100.42215927,-3,64.2256468613
2100.42215927,-2,64.4125104169
2100.42215927,-1,64.6138755992
2100.42215927,0,64.8246116867
2100.42215927,1,65.039106975
2100.42215927,2,65.2516787209
2100.42215927,3,65.4568966645
2100.42215927,4,65.6498036755
2100.42215927,5,65.8260398588
2100.42215927,6,65.9818892628
2100.42215927,7,66.1142724275
2100.42215927,8,66.2207064363
2100.42215927,9,66.2992499244
2100.42215927,10,66.3484457469
2100.42215927,11,66.3672698666
2100.42215927,12,66.3550918933
2100.42215927,13,66.3116505857
2100.42215927,14,66.2370463159
2100.42215927,15,66.1317517074
2100.42215927,16,65.9966411049
2100.42215927,17,65.8330388974
2100.42215927,18,65.6427856438
2100.42215927,19,65.4283190296
2100.42215927,20,65.1927634549
2100.42215927,21,64.9400170872
2100.42215927,22,64.6748183441
2100.42215927,23,64.4027655285
2100.42215927,24,64.1302555845
2100.42215927,25,63.8643044833
2100.42215927,26,63.6122183031
2100.42215927,27,63.3811065231
2100.42215927,28,63.1772693437
2100.42215927,29,63.005541556
2100.42215927,30,62.8687174693
2100.42215927,31,62.7671900258
2100.42215927,32,62.6988975984
2100.42215927,33,62.6595933087
2100.42215927,34,62.6433665414
2100.42215927,35,62.6432912789
2100.42215927,36,62.6520690674
2100.42215927,37,62.6625679033
2100.42215927,38,62.6682087516
2100.42215927,39,62.6631965818
2100.42215927,40,62.6426213383
2100.42215927,41,62.6024655326
2100.42215927,42,62.5395543032
2100.42215927,43,62.451476906
2100.42215927,44,62.3365002017
2100.42215927,45,62.1934872434
2100.42215927,46,62.0218284627
2100.42215927,47,61.8213892237
2100.42215927,48,61.5924753242
2100.42215927,49,61.3358169703
2100.42215927,50,61.0525714692
2100.42215927,51,60.7443451155
2100.42215927,52,60.4132352789
2100.42215927,53,60.0618943228
2100.42215927,54,59.6936174025
2100.42215927,55,59.3124558854
2100.42215927,56,58.9233562195
2100.42215927,57,58.5323191
2100.42215927,58,58.1465637726
2100.42215927,59,57.7746651786
2100.42215927,60,57.4266066675
2100.42215927,61,57.1136619566
2100.42215927,62,56.847999479
2100.42215927,63,56.6419142841
2100.42215927,64,56.5066661335
2100.42215927,65,56.4510478015
2100.42215927,66,56.479983457
2100.42215927,67,56.5935619967
2100.42215927,68,56.7868403608
2100.42215927,69,57.0505010888
2100.42215927,70,57.3721464555
2100.42215927,71,57.7378306337
2100.42215927,72,58.1334472725
2100.42215927,73,58.5457434154
2100.42215927,74,58.9629066973
2100.42215927,75,59.3747919329
2100.42215927,76,59.7728992958
2100.42215927,77,60.1502114289
2100.42215927,78,60.5009698821
2100.42215927,79,60.8204418596
2100.42215927,80,61.104705101
2100.42215927,81,61.3504635569
2100.42215927,82,61.5548980404
2100.42215927,83,61.7155523051
2100.42215927,84,61.8302544124
2100.42215927,85,61.8970748214
2100.42215927,86,61.9143259803
2100.42215927,87,61.8806134044
2100.42215927,88,61.7949557818
2100.42215927,89,61.6570022463
2100.42215927,90,61.46738911
2100.42215927,91,61.2282951205
2100.42215927,92,60.9442684362
2100.42215927,93,60.6233937257
2100.42215927,94,60.2788052202
2100.42215927,95,59.9303571869
2100.42215927,96,59.6058431338
2100.42215927,97,59.3405161197
2100.42215927,98,59.1732206886
2100.42215927,99,59.1382631085
2100.42215927,100,59.2550666889
2100.42215927,101,59.5209857002
2100.42215927,102,59.9121125568
2100.42215927,103,60.3914953225
2100.42215927,104,60.9193961054
2100.42215927,105,61.4606679085
2100.42215927,106,61.9878719578
2100.42215927,107,62.4813106454
2100.42215927,108,62.9276398997
2100.42215927,109,63.318184988
2100.42215927,110,63.6474715398
2100.42215927,111,63.9121107456
2100.42215927,112,64.110015281
2100.42215927,113,64.2398758791
2100.42215927,114,64.3008307151
2100.42215927,115,64.2922775987
2100.42215927,116,64.2137994752
2100.42215927,117,64.065193694
2100.42215927,118,63.846615765
2100.42215927,119,63.5588712193
2100.42215927,120,63.2039170736
2100.42215927,121,62.7856672472
2100.42215927,122,62.3112256676
2100.42215927,123,61.7926653603
2100.42215927,124,61.2493493837
2100.42215927,125,60.7103877158
2100.42215927,126,60.2159540495
2100.42215927,127,59.8149978223
2100.42215927,128,59.5566631629
2100.42215927,129,59.4758710193
2100.42215927,130,59.5799219811
2100.42215927,131,59.8456965965
2100.42215927,132,60.2297408038
2100.42215927,133,60.6834786784
2100.42215927,134,61.1645893782
2100.42215927,135,61.6416430131
2100.42215927,136,62.0939277571
2100.42215927,137,62.5092663838
2100.42215927,138,62.881578858
2100.42215927,139,63.2088851545
2100.42215927,140,63.491866267
2100.42215927,141,63.732888348
2100.42215927,142,63.9353546208
2100.42215927,143,64.1032694715
2100.42215927,144,64.2409310088
2100.42215927,145,64.3526968089
2100.42215927,146,64.4427896217
2100.42215927,147,64.5151262969
2100.42215927,148,64.5731652531
2100.42215927,149,64.619776082
2100.42215927,150,64.6571394192
2100.42215927,151,64.6866860242
2100.42215927,152,64.7090814095
2100.42215927,153,64.7242573282
2100.42215927,154,64.731485467
2100.42215927,155,64.7294834792
2100.42215927,156,64.7165403189
2100.42215927,157,64.6906472668
2100.42215927,158,64.6496228324
2100.42215927,159,64.5912230734
2100.42215927,160,64.5132328306
2100.42215927,161,64.4135371032
2100.42215927,162,64.2901748092
2100.42215927,163,64.1413793385
2100.42215927,164,63.9656117406
2100.42215927,165,63.7615933516
2100.42215927,166,63.5283454667
2100.42215927,167,63.2652445711
2100.42215927,168,62.9721028289
2100.42215927,169,62.6492850115
2100.42215927,170,62.2978745339
2100.42215927,171,61.919901909
2100.42215927,172,61.5186468852
2100.42215927,173,61.0990172849
2100.42215927,174,60.667987326
2100.42215927,175,60.2350381938
2100.42215927,176,59.8124774114
2100.42215927,177,59.4154262637
2100.42215927,178,59.0611915535
2100.42215927,179,58.7677617439
2100.42215927,180,58.5513952272
2316.64657251,-180,65.618326145
2316.64657251,-179,65.760144169
2316.64657251,-178,65.8713203284
2316.64657251,-177,65.9553842477
2316.64657251,-176,66.0155916715
2316.64657251,-175,66.0549198913
2316.64657251,-174,66.0760605438
2316.64657251,-173,66.0814112299
2316.64657251,-172,66.0730678329
2316.64657251,-171,66.0528195164
2316.64657251,-170,66.0221482026
2316.64657251,-169,65.9822339184
2316.64657251,-168,65.9339668039
2316.64657251,-167,65.8779659048
2316.64657251,-166,65.8146042044
2316.64657251,-165,65.7440387871
2316.64657251,-164,65.6662446338
2316.64657251,-163,65.5810503655
2316.64657251,-162,65.4881742676
2316.64657251,-161,65.3872591256
2316.64657251,-160,65.2779047138
2316.64657251,-159,65.1596971561
2316.64657251,-158,65.0322347607
2316.64657251,-157,64.8951502776
2316.64657251,-156,64.7481298129
2316.64657251,-155,64.5909288422
2316.64657251,-154,64.4233859015
2316.64657251,-153,64.2454345951
2316.64657251,-152,64.0571145695
2316.64657251,-151,63.8585820606
2316.64657251,-150,63.6501205435
2316.64657251,-149,63.4321519056
2316.64657251,-148,63.2052484283
2316.64657251,-147,62.9701456962
2316.64657251,-146,62.7277563617
2316.64657251,-145,62.4791844585
2316.64657251,-144,62.225739687
2316.64657251,-143,61.9689507767
2316.64657251,-142,61.7105766624
2316.64657251,-141,61.452613811
2316.64657251,-140,61.1972976119
2316.64657251,-139,60.9470953528
2316.64657251,-138,60.704688007
2316.64657251,-137,60.4729379649
2316.64657251,-136,60.2548400897
2316.64657251,-135,60.0534542092
2316.64657251,-134,59.8718185103
2316.64657251,-133,59.7128453341
2316.64657251,-132,59.5792034832
2316.64657251,-131,59.4731940606
2316.64657251,-130,59.3966295285
2316.64657251,-129,59.350727433
2316.64657251,-128,59.3360304273
2316.64657251,-127,59.3523624304
2316.64657251,-126,59.3988270499
2316.64657251,-125,59.473849385
2316.64657251,-124,59.5752570228
2316.64657251,-123,59.7003915844
2316.64657251,-122,59.8462394132
2316.64657251,-121,60.009569303
2316.64657251,-120,60.1870663315
2316.64657251,-119,60.3754533221
2316.64657251,-118,60.5715944591
2316.64657251,-117,60.772578474
2316.64657251,-116,60.9757811622
2316.64657251,-115,61.1789085721
2316.64657251,-114,61.3800230419
2316.64657251,-113,61.5775544574
2316.64657251,-112,61.7702988515
2316.64657251,-111,61.9574059515
2316.64657251,-110,62.1383566604
2316.64657251,-109,62.3129308948
2316.64657251,-108,62.4811657949
2316.64657251,-107,62.6433041797
2316.64657251,-106,62.7997333173
2316.64657251,-105,62.9509146309
2316.64657251,-104,63.0973058653
2316.64657251,-103,63.2392783721
2316.64657251,-102,63.3770333611
2316.64657251,-101,63.510521957
2316.64657251,-100,63.6393744099
2316.64657251,-99,63.7628436275
2316.64657251,-98,63.8797672217
2316.64657251,-97,63.9885506005
2316.64657251,-96,64.0871715757
2316.64657251,-95,64.1732049215
2316.64657251,-94,64.2438637624
2316.64657251,-93,64.2960539819
2316.64657251,-92,64.3264382715
2316.64657251,-91,64.3315081089
2316.64657251,-90,64.3076649588
2316.64657251,-89,64.2513164938
2316.64657251,-88,64.1590000661
2316.64657251,-87,64.0275548482
2316.64657251,-86,63.8543772785
2316.64657251,-85,63.637813292
2316.64657251,-84,63.3777661788
2316.64657251,-83,63.0766279235
2316.64657251,-82,62.7406596596
2316.64657251,-81,62.3819083965
2316.64657251,-80,62.0205479257
2316.64657251,-79,61.6869956987
2316.64657251,-78,61.4221674941
2316.64657251,-77,61.273237147
2316.64657251,-76,61.2829821403
2316.64657251,-75,61.4751940541
2316.64657251,-74,61.8444466205
2316.64657251,-73,62.3579245653
2316.64657251,-72,62.9678332955
2316.64657251,-71,63.6254927459
2316.64657251,-70,64.2901657554
2316.64657251,-69,64.9317377805
2316.64657251,-68,65.52968049
2316.64657251,-67,66.070727437
2316.64657251,-66,66.5465867243
2316.64657251,-65,66.9521456301
2316.64657251,-64,67.2841997948
2316.64657251,-63,67.5406007677
2316.64657251,-62,67.7197012423
2316.64657251,-61,67.8200025469
2316.64657251,-60,67.839940335
2316.64657251,-59,67.7777726106
2316.64657251,-58,67.6315596673
2316.64657251,-57,67.3992526931
2316.64657251,-56,67.0789440083
2316.64657251,-55,66.6693881555
2316.64657251,-54,66.1709951021
2316.64657251,-53,65.5876414954
2316.64657251,-52,64.9298361375
2316.64657251,-51,64.2198843654
2316.64657251,-50,63.49920949
2316.64657251,-49,62.8356045579
2316.64657251,-48,62.3224784965
2316.64657251,-47,62.057035144
2316.64657251,-46,62.0960404726
2316.64657251,-45,62.4211857494
2316.64657251,-44,62.9511114282
2316.64657251,-43,63.5864193969
2316.64657251,-42,64.2451832786
2316.64657251,-41,64.8734016658
2316.64657251,-40,65.4405933089
2316.64657251,-39,65.9320215088
2316.64657251,-38,66.3424004622
2316.64657251,-37,66.6718396778
2316.64657251,-36,66.9235062681
2316.64657251,-35,67.1023811501
2316.64657251,-34,67.2146590197
2316.64657251,-33,67.2675081157
2316.64657251,-32,67.2690123208
2316.64657251,-31,67.2281744151
2316.64657251,-30,67.1548836362
2316.64657251,-29,67.0597603982
2316.64657251,-28,66.9538031111
2316.64657251,-27,66.8477935089
2316.64657251,-26,66.7514794476
2316.64657251,-25,66.6726431187
2316.64657251,-24,66.616247567
2316.64657251,-23,66.5838861004
2316.64657251,-22,66.573700722
2316.64657251,-21,66.5807987369
2316.64657251,-20,66.5980451263
2316.64657251,-19,66.6170164376
2316.64657251,-18,66.6289026615
2316.64657251,-17,66.625214276
2316.64657251,-16,66.5982426931
2316.64657251,-15,66.5412938003
2316.64657251,-14,66.4487516246
2316.64657251,-13,66.3160377398
2316.64657251,-12,66.1395246014
2316.64657251,-11,65.9164488017
2316.64657251,-10,65.6448602134
2316.64657251,-9,65.323638333
2316.64657251,-8,64.9526088037
2316.64657251,-7,64.5328008272
2316.64657251,-6,64.0668982319
2316.64657251,-5,63.5599479823
2316.64657251,-4,63.0203855349
2316.64657251,-3,62.4613836874
2316.64657251,-2,61.902368381
2316.64657251,-1,61.3701906335
2316.64657251,0,60.8988918551
2316.64657251,1,60.5265631153
2316.64657251,2,60.2883387131
2316.64657251,3,60.2069179723
2316.64657251,4,60.2851028856
2316.64657251,5,60.5051062467
2316.64657251,6,60.8351124593
2316.64657251,7,61.238790571
2316.64657251,8,61.6829137777
2316.64657251,9,62.1411305763
2316.64657251,10,62.5945756173
2316.64657251,11,63.0308258302
2316.64657251,12,63.4423632631
2316.64657251,13,63.8251374961
2316.64657251,14,64.177427401
2316.64657251,15,64.4990112351
2316.64657251,16,64.7905875714
2316.64657251,17,65.0533802846
2316.64657251,18,65.2888716596
2316.64657251,19,65.498622384
2316.64657251,20,65.6841499912
2316.64657251,21,65.8468469623
2316.64657251,22,65.9879264216
2316.64657251,23,66.1083878296
2316.64657251,24,66.2089979093
2316.64657251,25,66.2902837259
2316.64657251,26,66.3525357582
2316.64657251,27,66.3958192357
2316.64657251,28,66.4199921716
2316.64657251,29,66.4247285615
2316.64657251,30,66.4095452404
2316.64657251,31,66.3738309629
2316.64657251,32,66.3168764289
2316.64657251,33,66.2379042073
2316.64657251,34,66.1360978127
2316.64657251,35,66.0106295317
2316.64657251,36,65.8606869479
2316.64657251,37,65.6854984706
2316.64657251,38,65.484358499
2316.64657251,39,65.2566531652
2316.64657251,40,65.00188788
2316.64657251,41,64.7197181672
2316.64657251,42,64.4099855113
2316.64657251,43,64.0727601592
2316.64657251,44,63.7083929842
2316.64657251,45,63.317578611
2316.64657251,46,62.9014319362
2316.64657251,47,62.4615798591
2316.64657251,48,62.0002692999
2316.64657251,49,61.520491198
2316.64657251,50,61.0261178852
2316.64657251,51,60.5220476782
2316.64657251,52,60.0143454495
2316.64657251,53,59.5103611147
2316.64657251,54,59.0187995625
2316.64657251,55,58.5497062355
2316.64657251,56,58.1143240496
2316.64657251,57,57.7247729059
2316.64657251,58,57.3935082333
2316.64657251,59,57.132537636
2316.64657251,60,56.9524225047
2316.64657251,61,56.8611650156
2316.64657251,62,56.8631633955
2316.64657251,63,56.9584705472
2316.64657251,64,57.1425669561
2316.64657251,65,57.4067410224
2316.64657251,66,57.7389984567
2316.64657251,67,58.1252781046
2316.64657251,68,58.5507007983
2316.64657251,69,59.000627788
2316.64657251,70,59.4614103788
2316.64657251,71,59.920815635
2316.64657251,72,60.3681802583
2316.64657251,73,60.794371026
2316.64657251,74,61.1916274996
2316.64657251,75,61.5533462582
2316.64657251,76,61.8738466877
2316.64657251,77,62.1481420216
2316.64657251,78,62.3717276386
2316.64657251,79,62.5403914116
2316.64657251,80,62.65004739
2316.64657251,81,62.6965936672
2316.64657251,82,62.6757979538
2316.64657251,83,62.5832211734
2316.64657251,84,62.4142030873
2316.64657251,85,62.1639604226
2316.64657251,86,61.8278988728
2316.64657251,87,61.4023376572
2316.64657251,88,60.8860268614
2316.64657251,89,60.2831530688
2316.64657251,90,59.6089745602
2316.64657251,91,58.8994434502
2316.64657251,92,58.2245145027
2316.64657251,93,57.6972496844
2316.64657251,94,57.4561056004
2316.64657251,95,57.6006850398
2316.64657251,96,58.121474552
2316.64657251,97,58.9064356954
2316.64657251,98,59.8156786863
2316.64657251,99,60.7397372715
2316.64657251,100,61.6118029794
2316.64657251,101,62.3970047716
2316.64657251,102,63.079356998
2316.64657251,103,63.6526911033
2316.64657251,104,64.115404457
2316.64657251,105,64.4676466157
2316.64657251,106,64.7098667008
2316.64657251,107,64.8420845734
2316.64657251,108,64.8635508531
2316.64657251,109,64.7726443909
2316.64657251,110,64.5669787968
2316.64657251,111,64.2438055049
2316.64657251,112,63.8009658186
2316.64657251,113,63.2389353859
2316.64657251,114,62.5650229843
2316.64657251,115,61.8015458779
2316.64657251,116,61.0001130918
2316.64657251,117,60.2606010971
2316.64657251,118,59.7381041562
2316.64657251,119,59.5981113461
2316.64657251,120,59.9114686378
2316.64657251,121,60.5946703122
2316.64657251,122,61.4794997099
2316.64657251,123,62.4152887604
2316.64657251,124,63.3074493726
2316.64657251,125,64.1080694641
2316.64657251,126,64.7970429499
2316.64657251,127,65.3684142279
2316.64657251,128,65.8226864742
2316.64657251,129,66.1629163249
2316.64657251,130,66.392844386
2316.64657251,131,66.5160574296
2316.64657251,132,66.5356689677
2316.64657251,133,66.4542732505
2316.64657251,134,66.2740696513
2316.64657251,135,65.9971348863
2316.64657251,136,65.625876057
2316.64657251,137,65.1637475295
2316.64657251,138,64.616366368
2316.64657251,139,63.9932030986
2316.64657251,140,63.3100027636
2316.64657251,141,62.591859109
2316.64657251,142,61.8761435924
2316.64657251,143,61.2130395941
2316.64657251,144,60.6598801442
2316.64657251,145,60.266613009
2316.64657251,146,60.0566835102
2316.64657251,147,60.0159210219
2316.64657251,148,60.0987953052
2316.64657251,149,60.2466083937
2316.64657251,150,60.4043151828
2316.64657251,151,60.5287926131
2316.64657251,152,60.5897999439
2316.64657251,153,60.5675998737
2316.64657251,154,60.4500952752
2316.64657251,155,60.2307681569
2316.64657251,156,59.9078771517
2316.64657251,157,59.485190157
2316.64657251,158,58.9746900489
2316.64657251,159,58.401863302
2316.64657251,160,57.8136688492
2316.64657251,161,57.2864480607
2316.64657251,162,56.9241347702
2316.64657251,163,56.8314876426
2316.64657251,164,57.0632777067
2316.64657251,165,57.5901389373
2316.64657251,166,58.3196357153
2316.64657251,167,59.1479753774
2316.64657251,168,59.9947681674
2316.64657251,169,60.8099897609
2316.64657251,170,61.567223552
2316.64657251,171,62.2550012843
2316.64657251,172,62.8703534716
2316.64657251,173,63.4148090575
2316.64657251,174,63.8921146316
2316.64657251,175,64.3069924738
2316.64657251,176,64.6644863598
2316.64657251,177,64.9696290586
2316.64657251,178,65.2272819167
2316.64657251,179,65.4420640612
2316.64657251,180,65.618326145
2555.12984293,-180,52.1109552395
2555.12984293,-179,50.167408297
2555.12984293,-178,50.8348877126
2555.12984293,-177,53.213136793
2555.12984293,-176,55.602681826
2555.12984293,-175,57.6025517127
2555.12984293,-174,59.239831925
2555.12984293,-173,60.5909622942
2555.12984293,-172,61.7185340118
2555.12984293,-171,62.6676924494
2555.12984293,-170,63.4704847566
2555.12984293,-169,64.1498769416
2555.12984293,-168,64.7225756089
2555.12984293,-167,65.2009096646
2555.12984293,-166,65.5940818463
2555.12984293,-165,65.9090108491
2555.12984293,-164,66.1509064219
2555.12984293,-163,66.3236674417
2555.12984293,-162,66.4301601489
2555.12984293,-161,66.4724133645
2555.12984293,-160,66.4517547965
2555.12984293,-159,66.3689045224
2555.12984293,-158,66.2240366922
2555.12984293,-157,66.0168174786
2555.12984293,-156,65.7464259019
2555.12984293,-155,65.411564415
2555.12984293,-154,65.0104686789
2555.12984293,-153,64.5409322789
2555.12984293,-152,64.0003753901
2555.12984293,-151,63.3860128337
2555.12984293,-150,62.6952287788
2555.12984293,-149,61.9263653995
2555.12984293,-148,61.0803203058
2555.12984293,-147,60.163673206
2555.12984293,-146,59.1945182702
2555.12984293,-145,58.2123727946
2555.12984293,-144,57.2917083264
2555.12984293,-143,56.5505809477
2555.12984293,-142,56.1308055992
2555.12984293,-141,56.1310475615
2555.12984293,-140,56.5377539001
2555.12984293,-139,57.2367035048
2555.12984293,-138,58.0897619121
2555.12984293,-137,58.9912743722
2555.12984293,-136,59.8783135539
2555.12984293,-135,60.7192835204
2555.12984293,-134,61.5009209887
2555.12984293,-133,62.2194595927
2555.12984293,-132,62.8756008168
2555.12984293,-131,63.4718836012
2555.12984293,-130,64.0113849191
2555.12984293,-129,64.497119755
2555.12984293,-128,64.9317979532
2555.12984293,-127,65.3177582624
2555.12984293,-126,65.6569866149
2555.12984293,-125,65.9511710703
2555.12984293,-124,66.201769616
2555.12984293,-123,66.4100795424
2555.12984293,-122,66.5773037438
2555.12984293,-121,66.7046128038
2555.12984293,-120,66.7932035314
2555.12984293,-119,66.8443554752
2555.12984293,-118,66.8594872283
2555.12984293,-117,66.8402142338
2555.12984293,-116,66.7884093451
2555.12984293,-115,66.7062665405
2555.12984293,-114,66.5963668313
2555.12984293,-113,66.4617433856
2555.12984293,-112,66.3059400945
2555.12984293,-111,66.1330542419
2555.12984293,-110,65.9477499051
2555.12984293,-109,65.7552250342
2555.12984293,-108,65.5611133898
2555.12984293,-107,65.3713048834
2555.12984293,-106,65.1916767979
2555.12984293,-105,65.0277451606
2555.12984293,-104,64.8842685974
2555.12984293,-103,64.764860429
2555.12984293,-102,64.6716791214
2555.12984293,-101,64.6052633794
2555.12984293,-100,64.5645530979
2555.12984293,-99,64.5470976502
2555.12984293,-98,64.5494127409
2555.12984293,-97,64.5674205892
2555.12984293,-96,64.5969025582
2555.12984293,-95,64.6339057841
2555.12984293,-94,64.6750668501
2555.12984293,-93,64.7178365297
2555.12984293,-92,64.7606040819
2555.12984293,-91,64.8027260777
2555.12984293,-90,64.8444652353
2555.12984293,-89,64.8868428277
2555.12984293,-88,64.9314077314
2555.12984293,-87,64.9799290851
2555.12984293,-86,65.0340290889
2555.12984293,-85,65.0947862792
2555.12984293,-84,65.1623532862
2555.12984293,-83,65.2356402155
2555.12984293,-82,65.3121097151
2555.12984293,-81,65.3877109674
2555.12984293,-80,65.4569518149
2555.12984293,-79,65.5130801424
2555.12984293,-78,65.548326858
2555.12984293,-77,65.5541585208
2555.12984293,-76,65.5214972255
2555.12984293,-75,65.4408844037
2555.12984293,-74,65.3025894589
2555.12984293,-73,65.0966933413
2555.12984293,-72,64.8132183674
2555.12984293,-71,64.4424479225
2555.12984293,-70,63.9757236373
2555.12984293,-69,63.4073018817
2555.12984293,-68,62.7384259525
2555.12984293,-67,61.9857214258
2555.12984293,-66,61.1967850942
2555.12984293,-65,60.4727629043
2555.12984293,-64,59.9805047247
2555.12984293,-63,59.9055655644
2555.12984293,-62,60.3279790754
2555.12984293,-61,61.1488803603
2555.12984293,-60,62.175927674
2555.12984293,-59,63.2433553569
2555.12984293,-58,64.2512127355
2555.12984293,-57,65.1505333592
2555.12984293,-56,65.9209499268
2555.12984293,-55,66.5556998398
2555.12984293,-54,67.0535573006
2555.12984293,-53,67.414824633
2555.12984293,-52,67.6393725432
2555.12984293,-51,67.7256436724
2555.12984293,-50,67.6700859364
2555.12984293,-49,67.4667817185
2555.12984293,-48,67.1072360261
2555.12984293,-47,66.5805223025
2555.12984293,-46,65.8744812495
2555.12984293,-45,64.9799453728
2555.12984293,-44,63.9032717479
2555.12984293,-43,62.6997914326
2555.12984293,-42,61.5468178664
2555.12984293,-41,60.8216022341
2555.12984293,-40,60.9433952307
2555.12984293,-39,61.9077599418
2555.12984293,-38,63.2931559384
2555.12984293,-37,64.7264328736
2555.12984293,-36,66.0340445125
2555.12984293,-35,67.1628874567
2555.12984293,-34,68.1080438127
2555.12984293,-33,68.8798665776
2555.12984293,-32,69.491678906
2555.12984293,-31,69.9556348729
2555.12984293,-30,70.2815351694
2555.12984293,-29,70.476640509
2555.12984293,-28,70.5457640612
2555.12984293,-27,70.4913778409
2555.12984293,-26,70.3136295129
2555.12984293,-25,70.0102168754
2555.12984293,-24,69.5760721984
2555.12984293,-23,69.0027890579
2555.12984293,-22,68.2776848475
2555.12984293,-21,67.3823327588
2555.12984293,-20,66.2903333156
2555.12984293,-19,64.9641439416
2555.12984293,-18,63.3515807397
2555.12984293,-17,61.3874818187
2555.12984293,-16,59.0326544854
2555.12984293,-15,56.5089498937
2555.12984293,-14,55.0340821549
2555.12984293,-13,56.064105162
2555.12984293,-12,58.3636016927
2555.12984293,-11,60.576536062
2555.12984293,-10,62.4203180487
2555.12984293,-9,63.9293597356
2555.12984293,-8,65.1751342721
2555.12984293,-7,66.2172886976
2555.12984293,-6,67.1003055661
2555.12984293,-5,67.8568308945
2555.12984293,-4,68.5109205286
2555.12984293,-3,69.0803798298
2555.12984293,-2,69.5783617955
2555.12984293,-1,70.0144686635
2555.12984293,0,70.3955380025
2555.12984293,1,70.7262288324
2555.12984293,2,71.0094767344
2555.12984293,3,71.2468571026
2555.12984293,4,71.4388779292
2555.12984293,5,71.5852138399
2555.12984293,6,71.6848884787
2555.12984293,7,71.7364106031
2555.12984293,8,71.7378688898
2555.12984293,9,71.68699058
2555.12984293,10,71.5811692903
2555.12984293,11,71.4174675791
2555.12984293,12,71.1926004695
2555.12984293,13,70.9029077718
2555.12984293,14,70.544326964
2555.12984293,15,70.1123869131
2555.12984293,16,69.6022604286
2555.12984293,17,69.0089495467
2555.12984293,18,68.3277493687
2555.12984293,19,67.5552781589
2555.12984293,20,66.6916313328
2555.12984293,21,65.7446833662
2555.12984293,22,64.7381595936
2555.12984293,23,63.724992045
2555.12984293,24,62.8033427649
2555.12984293,25,62.1184127396
2555.12984293,26,61.8166123035
2555.12984293,27,61.9535049193
2555.12984293,28,62.4487701127
2555.12984293,29,63.1495319239
2555.12984293,30,63.9180757783
2555.12984293,31,64.6659979303
2555.12984293,32,65.3472220218
2555.12984293,33,65.941786762
2555.12984293,34,66.4435443177
2555.12984293,35,66.8529644177
2555.12984293,36,67.1733498062
2555.12984293,37,67.4089506338
2555.12984293,38,67.5640632045
2555.12984293,39,67.6426232657
2555.12984293,40,67.6480435173
2555.12984293,41,67.5831699959
2555.12984293,42,67.4502955826
2555.12984293,43,67.2512011696
2555.12984293,44,66.9872116484
2555.12984293,45,66.659262796
2555.12984293,46,66.2679803493
2555.12984293,47,65.8137762092
2555.12984293,48,65.2969699425
2555.12984293,49,64.7179472395
2555.12984293,50,64.0773710837
2555.12984293,51,63.3764661035
2555.12984293,52,62.6174013071
2555.12984293,53,61.8037993671
2555.12984293,54,60.9413980069
2555.12984293,55,60.0388737803
2555.12984293,56,59.1088000426
2555.12984293,57,58.1686376781
2555.12984293,58,57.2415469107
2555.12984293,59,56.3566870996
2555.12984293,60,55.5486068132
2555.12984293,61,54.8553979823
2555.12984293,62,54.3154880171
2555.12984293,63,53.9631384644
2555.12984293,64,53.822901983
2555.12984293,65,53.9038782481
2555.12984293,66,54.1957988858
2555.12984293,67,54.669500427
2555.12984293,68,55.2825461929
2555.12984293,69,55.9876509565
2555.12984293,70,56.7402529184
2555.12984293,71,57.5030006387
2555.12984293,72,58.2471071413
2555.12984293,73,58.9516889306
2555.12984293,74,59.6022507564
2555.12984293,75,60.1890575125
2555.12984293,76,60.7057314877
2555.12984293,77,61.1481683604
2555.12984293,78,61.5137543362
2555.12984293,79,61.8008331192
2555.12984293,80,62.0083738012
2555.12984293,81,62.1358076846
2555.12984293,82,62.1830250099
2555.12984293,83,62.1505500239
2555.12984293,84,62.0399464475
2555.12984293,85,61.8545466951
2555.12984293,86,61.6006425894
2555.12984293,87,61.2892975724
2555.12984293,88,60.9388626963
2555.12984293,89,60.5779224508
2555.12984293,90,60.247488449
2555.12984293,91,59.9997592643
2555.12984293,92,59.8898663232
2555.12984293,93,59.9598175538
2555.12984293,94,60.2216420666
2555.12984293,95,60.6519283141
2555.12984293,96,61.2024017162
2555.12984293,97,61.8178182076
2555.12984293,98,62.4496545662
2555.12984293,99,63.0615885758
2555.12984293,100,63.6291411632
2555.12984293,101,64.1369806143
2555.12984293,102,64.5760183956
2555.12984293,103,64.9410855197
2555.12984293,104,65.2292893839
2555.12984293,105,65.4389177252
2555.12984293,106,65.5687260723
2555.12984293,107,65.6174792798
2555.12984293,108,65.5836623071
2555.12984293,109,65.4653163175
2555.12984293,110,65.2599956224
2555.12984293,111,64.964888984
2555.12984293,112,64.577223346
2555.12984293,113,64.0952003628
2555.12984293,114,63.5199568165
2555.12984293,115,62.859447191
2555.12984293,116,62.1356682673
2555.12984293,117,61.3966074518
2555.12984293,118,60.7310245099
2555.12984293,119,60.2724455205
2555.12984293,120,60.1630533046
2555.12984293,121,60.4712790675
2555.12984293,122,61.1381978879
2555.12984293,123,62.0228056249
2555.12984293,124,62.9862043055
2555.12984293,125,63.9330191222
2555.12984293,126,64.8098909258
2555.12984293,127,65.5908414464
2555.12984293,128,66.2648143962
2555.12984293,129,66.82796962
2555.12984293,130,67.2794489101
2555.12984293,131,67.6191405648
2555.12984293,132,67.8464794742
2555.12984293,133,67.9597357415
2555.12984293,134,67.9554854731
2555.12984293,135,67.8280740622
2555.12984293,136,67.5689202095
2555.12984293,137,67.1654866681
2555.12984293,138,66.5996512579
2555.12984293,139,65.8449973121
2555.12984293,140,64.8620638474
2555.12984293,141,63.5894666641
2555.12984293,142,61.9259010591
2555.12984293,143,59.6898530825
2555.12984293,144,56.5204404403
2555.12984293,145,51.6963208255
2555.12984293,146,47.3397025806
2555.12984293,147,52.6001289157
2555.12984293,148,57.2591097124
2555.12984293,149,60.3826072382
2555.12984293,150,62.6433847713
2555.12984293,151,64.3694626208
2555.12984293,152,65.7290139388
2555.12984293,153,66.8178523932
2555.12984293,154,67.6953195959
2555.12984293,155,68.4005643961
2555.12984293,156,68.9606879086
2555.12984293,157,69.3951576031
2555.12984293,158,69.7183566859
2555.12984293,159,69.9411324548
2555.12984293,160,70.0717736674
2555.12984293,161,70.1166441847
2555.12984293,162,70.0805987491
2555.12984293,163,69.9672528914
2555.12984293,164,69.7791486268
2555.12984293,165,69.5178393411
2555.12984293,166,69.1839052597
2555.12984293,167,68.7769018833
2555.12984293,168,68.2952356722
2555.12984293,169,67.7359523441
2555.12984293,170,67.0944115145
2555.12984293,171,66.363804402
2555.12984293,172,65.5344448755
2555.12984293,173,64.592722043
2555.12984293,174,63.5195370837
2555.12984293,175,62.2879575656
2555.12984293,176,60.8597685118
2555.12984293,177,59.1809827161
2555.12984293,178,57.1794846077
2555.12984293,179,54.786900862
2555.12984293,180,52.1109552395
2818.16337102,-180,67.6524098678
2818.16337102,-179,67.5875002972
2818.16337102,-178,67.4813489703
2818.16337102,-177,67.3391262227
2818.16337102,-176,67.1668297486
2818.16337102,-175,66.9712432056
2818.16337102,-174,66.7598065895
2818.16337102,-173,66.5403582213
2818.16337102,-172,66.3207228644
2818.16337102,-171,66.1081527154
2818.16337102,-170,65.908676048
2818.16337102,-169,65.7264589696
2818.16337102,-168,65.5633156015
2818.16337102,-167,65.4184884432
2818.16337102,-166,65.2887590889
2818.16337102,-165,65.1688618875
2818.16337102,-164,65.0520978125
2818.16337102,-163,64.9310132844
2818.16337102,-162,64.7980243955
2818.16337102,-161,64.645913332
2818.16337102,-160,64.4681758769
2818.16337102,-159,64.2592391384
2818.16337102,-158,64.0145916024
2818.16337102,-157,63.730876619
2818.16337102,-156,63.4060021591
2818.16337102,-155,63.0393200251
2818.16337102,-154,62.631929828
2818.16337102,-153,62.1871660798
2818.16337102,-152,61.7113232827
2818.16337102,-151,61.2146449626
2818.16337102,-150,60.7125105653
2818.16337102,-149,60.2265427233
2818.16337102,-148,59.7849882125
2818.16337102,-147,59.4213029289
2818.16337102,-146,59.1698382664
2818.16337102,-145,59.0586130498
2818.16337102,-144,59.10147151
2818.16337102,-143,59.2937038924
2818.16337102,-142,59.6138804681
2818.16337102,-141,60.0306732345
2818.16337102,-140,60.5106874576
2818.16337102,-139,61.0240352221
2818.16337102,-138,61.5468018291
2818.16337102,-137,62.0612268632
2818.16337102,-136,62.5547668157
2818.16337102,-135,63.018865779
2818.16337102,-134,63.447841082
2818.16337102,-133,63.8380151379
2818.16337102,-132,64.1870925364
2818.16337102,-131,64.4937355682
2818.16337102,-130,64.757285669
2818.16337102,-129,64.9775869774
2818.16337102,-128,65.1548797364
2818.16337102,-127,65.2897414001
2818.16337102,-126,65.383061013
2818.16337102,-125,65.4360378716
2818.16337102,-124,65.4501991155
2818.16337102,-123,65.4274331396
2818.16337102,-122,65.3700368568
2818.16337102,-121,65.2807749708
2818.16337102,-120,65.1629485035
2818.16337102,-119,65.0204677004
2818.16337102,-118,64.8579209343
2818.16337102,-117,64.6806262881
2818.16337102,-116,64.4946465217
2818.16337102,-115,64.3067423432
2818.16337102,-114,64.1242357949
2818.16337102,-113,63.9547589031
2818.16337102,-112,63.8058766673
2818.16337102,-111,63.6846001147
2818.16337102,-110,63.596841206
2818.16337102,-109,63.5468958023
2818.16337102,-108,63.5370570923
2818.16337102,-107,63.5674460671
2818.16337102,-106,63.6360973325
2818.16337102,-105,63.7392745487
2818.16337102,-104,63.8719361008
2818.16337102,-103,64.0282482426
2818.16337102,-102,64.2020534352
2818.16337102,-101,64.3872342735
2818.16337102,-100,64.5779513093
2818.16337102,-99,64.7687633556
2818.16337102,-98,64.9546564037
2818.16337102,-97,65.1310132261
2818.16337102,-96,65.2935540175
2818.16337102,-95,65.438273138
2818.16337102,-94,65.5613911841
2818.16337102,-93,65.6593370459
2818.16337102,-92,65.7287722855
2818.16337102,-91,65.7666705865
2818.16337102,-90,65.7704684198
2818.16337102,-89,65.7383094469
2818.16337102,-88,65.6694138404
2818.16337102,-87,65.5646121333
2818.16337102,-86,65.427084602
2818.16337102,-85,65.2633259208
2818.16337102,-84,65.0842807141
2818.16337102,-83,64.9064235589
2818.16337102,-82,64.7522537939
2818.16337102,-81,64.6493127341
2818.16337102,-80,64.6267402981
2818.16337102,-79,64.7091600258
2818.16337102,-78,64.9095408958
2818.16337102,-77,65.2244311389
2818.16337102,-76,65.6344035742
2818.16337102,-75,66.1094146552
2818.16337102,-74,66.6159310906
2818.16337102,-73,67.1226115991
2818.16337102,-72,67.6032474047
2818.16337102,-71,68.0373806532
2818.16337102,-70,68.4096113285
2818.16337102,-69,68.7084312765
2818.16337102,-68,68.9250577307
2818.16337102,-67,69.0524585526
2818.16337102,-66,69.0846127361
2818.16337102,-65,69.0159956352
2818.16337102,-64,68.8412800892
2818.16337102,-63,68.5552838553
2818.16337102,-62,68.1532748139
2818.16337102,-61,67.6318968497
2818.16337102,-60,66.99125812
2818.16337102,-59,66.2391996122
2818.16337102,-58,65.3993748267
2818.16337102,-57,64.5246878363
2818.16337102,-56,63.7135182529
2818.16337102,-55,63.111777462
2818.16337102,-54,62.8669420486
2818.16337102,-53,63.0351713031
2818.16337102,-52,63.5358115639
2818.16337102,-51,64.2155486932
2818.16337102,-50,64.9370928543
2818.16337102,-49,65.6136381291
2818.16337102,-48,66.2019555065
2818.16337102,-47,66.6863964729
2818.16337102,-46,67.066982844
2818.16337102,-45,67.3526980737
2818.16337102,-44,67.5581641891
2818.16337102,-43,67.7020034545
2818.16337102,-42,67.8056928392
2818.16337102,-41,67.8921002475
2818.16337102,-40,67.9832501524
2818.16337102,-39,68.0973748235
2818.16337102,-38,68.2459393565
2818.16337102,-37,68.4317412943
2818.16337102,-36,68.6489551807
2818.16337102,-35,68.8851360612
2818.16337102,-34,69.1243227602
2818.16337102,-33,69.3501122455
2818.16337102,-32,69.5479434253
2818.16337102,-31,69.706399983
2818.16337102,-30,69.8177349476
2818.16337102,-29,69.8779437052
2818.16337102,-28,69.88666122
2818.16337102,-27,69.8470453215
2818.16337102,-26,69.7656908639
2818.16337102,-25,69.6525146785
2818.16337102,-24,69.5204598255
2818.16337102,-23,69.384805012
2818.16337102,-22,69.2618765534
2818.16337102,-21,69.1671093626
2818.16337102,-20,69.1127098089
2818.16337102,-19,69.1055228445
2818.16337102,-18,69.1458459481
2818.16337102,-17,69.2276614021
2818.16337102,-16,69.340177032
2818.16337102,-15,69.470055194
2818.16337102,-14,69.6035846494
2818.16337102,-13,69.7282906028
2818.16337102,-12,69.8338343267
2818.16337102,-11,69.9123098209
2818.16337102,-10,69.9581421254
2818.16337102,-9,69.9677783906
2818.16337102,-8,69.9393061057
2818.16337102,-7,69.8720762312
2818.16337102,-6,69.7663687203
2818.16337102,-5,69.6231149989
2818.16337102,-4,69.4436818966
2818.16337102,-3,69.2297193311
2818.16337102,-2,68.9830759325
2818.16337102,-1,68.7057902299
2818.16337102,0,68.4001682973
2818.16337102,1,68.0689605061
2818.16337102,2,67.7156485202
2818.16337102,3,67.3448459678
2818.16337102,4,66.9627971652
2818.16337102,5,66.5779200687
2818.16337102,6,66.2012742104
2818.16337102,7,65.8467422749
2818.16337102,8,65.5306236921
2818.16337102,9,65.2703293209
2818.16337102,10,65.0820590293
2818.16337102,11,64.9778035844
2818.16337102,12,64.962573015
2818.16337102,13,65.0329811916
2818.16337102,14,65.1778552656
2818.16337102,15,65.3805951441
2818.16337102,16,65.6222699104
2818.16337102,17,65.884381532
2818.16337102,18,66.1507007758
2818.16337102,19,66.4081212507
2818.16337102,20,66.6467864311
2818.16337102,21,66.8598061905
2818.16337102,22,67.0428091957
2818.16337102,23,67.1934783685
2818.16337102,24,67.3111372235
2818.16337102,25,67.396405118
2818.16337102,26,67.4509132527
2818.16337102,27,67.4770620817
2818.16337102,28,67.4777983024
2818.16337102,29,67.4563923243
2818.16337102,30,67.4162034635
2818.16337102,31,67.3604292543
2818.16337102,32,67.2918461467
2818.16337102,33,67.2125595212
2818.16337102,34,67.1237886049
2818.16337102,35,67.0257136569
2818.16337102,36,66.9174071197
2818.16337102,37,66.7968581786
2818.16337102,38,66.6610847497
2818.16337102,39,66.5063130859
2818.16337102,40,66.3281969891
2818.16337102,41,66.1220478281
2818.16337102,42,65.8830523338
2818.16337102,43,65.6064649776
2818.16337102,44,65.2877728834
2818.16337102,45,64.9228418672
2818.16337102,46,64.5080618521
2818.16337102,47,64.040519387
2818.16337102,48,63.5182359224
2818.16337102,49,62.9405247161
2818.16337102,50,62.3085377618
2818.16337102,51,61.6260944618
2818.16337102,52,60.90089372
2818.16337102,53,60.1461756233
2818.16337102,54,59.3827396241
2818.16337102,55,58.6408142291
2818.16337102,56,57.9605177392
2818.16337102,57,57.388838179
2818.16337102,58,56.9713670948
2818.16337102,59,56.7400272596
2818.16337102,60,56.702766508
2818.16337102,61,56.8421897244
2818.16337102,62,57.1239867879
2818.16337102,63,57.5089254631
2818.16337102,64,57.9617289531
2818.16337102,65,58.4546822429
2818.16337102,66,58.9674220915
2818.16337102,67,59.4851162515
2818.16337102,68,59.9964978398
2818.16337102,69,60.4923680399
2818.16337102,70,60.9646651547
2818.16337102,71,61.4059821517
2818.16337102,72,61.8093678859
2818.16337102,73,62.1682739367
2818.16337102,74,62.4765571918
2818.16337102,75,62.7284937782
2818.16337102,76,62.9187947459
2818.16337102,77,63.0426389059
2818.16337102,78,63.0957585535
2818.16337102,79,63.0746364355
2818.16337102,80,62.9769050911
2818.16337102,81,62.8020903835
2818.16337102,82,62.5529131008
2818.16337102,83,62.2374385945
2818.16337102,84,61.8723585299
2818.16337102,85,61.4873418236
2818.16337102,86,61.1291638636
2818.16337102,87,60.8617310869
2818.16337102,88,60.7556135117
2818.16337102,89,60.8642388992
2818.16337102,90,61.1979962057
2818.16337102,91,61.717747654
2818.16337102,92,62.3540465289
2818.16337102,93,63.0342742503
2818.16337102,94,63.6995074203
2818.16337102,95,64.3084519796
2818.16337102,96,64.8344304778
2818.16337102,97,65.2607251789
2818.16337102,98,65.5766094193
2818.16337102,99,65.7745556885
2818.16337102,100,65.8484481641
2818.16337102,101,65.7925382077
2818.16337102,102,65.6009956449
2818.16337102,103,65.2681132018
2818.16337102,104,64.7895538817
2818.16337102,105,64.1656424079
2818.16337102,106,63.4088259917
2818.16337102,107,62.5589861004
2818.16337102,108,61.7096449865
2818.16337102,109,61.0338303511
2818.16337102,110,60.7559863793
2818.16337102,111,61.0128901919
2818.16337102,112,61.72549374
2818.16337102,113,62.6750445189
2818.16337102,114,63.6630954519
2818.16337102,115,64.57153224
2818.16337102,116,65.3449971149
2818.16337102,117,65.9621458722
2818.16337102,118,66.4170527445
2818.16337102,119,66.7097408246
2818.16337102,120,66.841853914
2818.16337102,121,66.8149224909
2818.16337102,122,66.6300381193
2818.16337102,123,66.2886097931
2818.16337102,124,65.7945173689
2818.16337102,125,65.1586819464
2818.16337102,126,64.4079190567
2818.16337102,127,63.6001024814
2818.16337102,128,62.8432257066
2818.16337102,129,62.298769861
2818.16337102,130,62.1283196745
2818.16337102,131,62.385783032
2818.16337102,132,62.9716060472
2818.16337102,133,63.7143669469
2818.16337102,134,64.4685805038
2818.16337102,135,65.1453423117
2818.16337102,136,65.7000516504
2818.16337102,137,66.1137151749
2818.16337102,138,66.3800525759
2818.16337102,139,66.4984026259
2818.16337102,140,66.470238925
2818.16337102,141,66.2976923684
2818.16337102,142,65.9832590841
2818.16337102,143,65.530428706
2818.16337102,144,64.945380724
2818.16337102,145,64.2402744641
2818.16337102,146,63.4389661922
2818.16337102,147,62.585729192
2818.16337102,148,61.7551145974
2818.16337102,149,61.0539475256
2818.16337102,150,60.5978690728
2818.16337102,151,60.4569457839
2818.16337102,152,60.6107660853
2818.16337102,153,60.9643182721
2818.16337102,154,61.405577806
2818.16337102,155,61.8476683528
2818.16337102,156,62.2386696535
2818.16337102,157,62.5548336722
2818.16337102,158,62.7914911291
2818.16337102,159,62.9565652841
2818.16337102,160,63.0667754195
2818.16337102,161,63.1452912529
2818.16337102,162,63.2195022774
2818.16337102,163,63.3178602793
2818.16337102,164,63.4654534455
2818.16337102,165,63.6791139855
2818.16337102,166,63.963887266
2818.16337102,167,64.3125873783
2818.16337102,168,64.7086568386
2818.16337102,169,65.130823376
2818.16337102,170,65.5575291906
2818.16337102,171,65.9698807855
2818.16337102,172,66.3529501245
2818.16337102,173,66.6958889808
2818.16337102,174,66.9914272655
2818.16337102,175,67.2351746719
2818.16337102,176,67.4249559876
2818.16337102,177,67.5602745614
2818.16337102,178,67.6419234149
2818.16337102,179,67.6717300737
2818.16337102,180,67.6524098678
3108.27444161,-180,71.0185579328
3108.27444161,-179,71.3191008115
3108.27444161,-178,71.5496363347
3108.27444161,-177,71.7117927444
3108.27444161,-176,71.8058346007
3108.27444161,-175,71.8309201806
3108.27444161,-174,71.7852716691
3108.27444161,-173,71.6662686589
3108.27444161,-172,71.4704736599
3108.27444161,-171,71.1935975294
3108.27444161,-170,70.8304141918
3108.27444161,-169,70.3746410154
3108.27444161,-168,69.8188215833
3108.27444161,-167,69.1543001121
3108.27444161,-166,68.3715069341
3108.27444161,-165,67.4610933998
3108.27444161,-164,66.4172267878
3108.27444161,-163,65.2461401921
3108.27444161,-162,63.9864974186
3108.27444161,-161,62.7507520695
3108.27444161,-160,61.7769781083
3108.27444161,-159,61.3915081214
3108.27444161,-158,61.7580217431
3108.27444161,-157,62.6917069406
3108.27444161,-156,63.8679093877
3108.27444161,-155,65.0597968672
3108.27444161,-154,66.1631905349
3108.27444161,-153,67.1436184137
3108.27444161,-152,67.9966363943
3108.27444161,-151,68.7286212367
3108.27444161,-150,69.3487617494
3108.27444161,-149,69.8659945282
3108.27444161,-148,70.2879727229
3108.27444161,-147,70.6208398312
3108.27444161,-146,70.8693052959
3108.27444161,-145,71.0368184103
3108.27444161,-144,71.1257604687
3108.27444161,-143,71.1376263443
3108.27444161,-142,71.0731883515
3108.27444161,-141,70.9326449865
3108.27444161,-140,70.7157624642
3108.27444161,-139,70.4220213614
3108.27444161,-138,70.0507861027
3108.27444161,-137,69.601523068
3108.27444161,-136,69.0741054124
3108.27444161,-135,68.469261095
3108.27444161,-134,67.7892462837
3108.27444161,-133,67.0388569277
3108.27444161,-132,66.2269131599
3108.27444161,-131,65.3683212937
3108.27444161,-130,64.4866334229
3108.27444161,-129,63.616503324
3108.27444161,-128,62.8044332136
3108.27444161,-127,62.1051053027
3108.27444161,-126,61.5710858878
3108.27444161,-125,61.2379740775
3108.27444161,-124,61.1132484002
3108.27444161,-123,61.177070262
3108.27444161,-122,61.3940350571
3108.27444161,-121,61.72675955
3108.27444161,-120,62.143930089
3108.27444161,-119,62.6219404274
3108.27444161,-118,63.1429699172
3108.27444161,-117,63.6923656802
3108.27444161,-116,64.2568225357
3108.27444161,-115,64.8236635817
3108.27444161,-114,65.3809073229
3108.27444161,-113,65.9176634905
3108.27444161,-112,66.4245136882
3108.27444161,-111,66.893715173
3108.27444161,-110,67.3192075056
3108.27444161,-109,67.6964730256
3108.27444161,-108,68.0223188762
3108.27444161,-107,68.2946373043
3108.27444161,-106,68.5121822486
3108.27444161,-105,68.6743839571
3108.27444161,-104,68.781212752
3108.27444161,-103,68.8330978935
3108.27444161,-102,68.83090653
3108.27444161,-101,68.7759896486
3108.27444161,-100,68.6703056206
3108.27444161,-99,68.5166360778
3108.27444161,-98,68.3189113438
3108.27444161,-97,68.0826593138
3108.27444161,-96,67.8155747211
3108.27444161,-95,67.5281623059
3108.27444161,-94,67.2343214706
3108.27444161,-93,66.9516041966
3108.27444161,-92,66.7007249165
3108.27444161,-91,66.5038493544
3108.27444161,-90,66.3814465555
3108.27444161,-89,66.3481901222
3108.27444161,-88,66.4092748381
3108.27444161,-87,66.558818296
3108.27444161,-86,66.781171668
3108.27444161,-85,67.0544554573
3108.27444161,-84,67.3546810655
3108.27444161,-83,67.659019849
3108.27444161,-82,67.9476429933
3108.27444161,-81,68.2042977998
3108.27444161,-80,68.4160873708
3108.27444161,-79,68.5728926429
3108.27444161,-78,68.6667304494
3108.27444161,-77,68.6912096288
3108.27444161,-76,68.6411712947
3108.27444161,-75,68.5125792095
3108.27444161,-74,68.302754304
3108.27444161,-73,68.0111228658
3108.27444161,-72,67.6407747773
3108.27444161,-71,67.2012904596
3108.27444161,-70,66.7133710435
3108.27444161,-69,66.2153463759
3108.27444161,-68,65.7695525547
3108.27444161,-67,65.4617324836
3108.27444161,-66,65.3822187591
3108.27444161,-65,65.5869128955
3108.27444161,-64,66.0641441567
3108.27444161,-63,66.7411614669
3108.27444161,-62,67.523043981
3108.27444161,-61,68.3271524761
3108.27444161,-60,69.0956054724
3108.27444161,-59,69.7927495187
3108.27444161,-58,70.3982414479
3108.27444161,-57,70.9009392272
3108.27444161,-56,71.2947582279
3108.27444161,-55,71.5761886524
3108.27444161,-54,71.7429540735
3108.27444161,-53,71.7934394065
3108.27444161,-52,71.7267168677
3108.27444161,-51,71.5431909645
3108.27444161,-50,71.2460859773
3108.27444161,-49,70.8442286044
3108.27444161,-48,70.3567603747
3108.27444161,-47,69.8201560085
3108.27444161,-46,69.2960878671
3108.27444161,-45,68.8735634783
3108.27444161,-44,68.6523234672
3108.27444161,-43,68.7010286969
3108.27444161,-42,69.0157053432
3108.27444161,-41,69.5210951989
3108.27444161,-40,70.113277835
3108.27444161,-39,70.7002889023
3108.27444161,-38,71.2172179245
3108.27444161,-37,71.6232568859
3108.27444161,-36,71.8934833128
3108.27444161,-35,72.0115558913
3108.27444161,-34,71.9645697819
3108.27444161,-33,71.7396006767
3108.27444161,-32,71.3212623517
3108.27444161,-31,70.6898946282
3108.27444161,-30,69.8206763808
3108.27444161,-29,68.6858837522
3108.27444161,-28,67.2690480887
3108.27444161,-27,65.6214198508
3108.27444161,-26,64.0365389245
3108.27444161,-25,63.2847129678
3108.27444161,-24,64.0183011637
3108.27444161,-23,65.7060746402
3108.27444161,-22,67.5327943939
3108.27444161,-21,69.158249657
3108.27444161,-20,70.5180110861
3108.27444161,-19,71.6288815397
3108.27444161,-18,72.5227122585
3108.27444161,-17,73.229250702
3108.27444161,-16,73.7728837036
3108.27444161,-15,74.1728789816
3108.27444161,-14,74.4442879546
3108.27444161,-13,74.5987813921
3108.27444161,-12,74.6452668499
3108.27444161,-11,74.5902854964
3108.27444161,-10,74.4382137643
3108.27444161,-9,74.1912894718
3108.27444161,-8,73.8494662587
3108.27444161,-7,73.410078171
3108.27444161,-6,72.8672636812
3108.27444161,-5,72.2110438375
3108.27444161,-4,71.4258481383
3108.27444161,-3,70.4880791034
3108.27444161,-2,69.3618668904
3108.27444161,-1,67.9911176672
3108.27444161,0,66.2831480538
3108.27444161,1,64.0703577798
3108.27444161,2,61.0014979866
3108.27444161,3,56.1146551455
3108.27444161,4,44.3869548399
3108.27444161,5,50.9951945466
3108.27444161,6,58.4247412146
3108.27444161,7,62.3301345188
3108.27444161,8,64.9428600711
3108.27444161,9,66.8674478398
3108.27444161,10,68.3544693914
3108.27444161,11,69.5312760859
3108.27444161,12,70.4708764443
3108.27444161,13,71.2185005186
3108.27444161,14,71.8036275968
3108.27444161,15,72.2460661255
3108.27444161,16,72.5592791428
3108.27444161,17,72.75230824
3108.27444161,18,72.8309285021
3108.27444161,19,72.7983540073
3108.27444161,20,72.6556671332
3108.27444161,21,72.4020745702
3108.27444161,22,72.0350635732
3108.27444161,23,71.5505339383
3108.27444161,24,70.9430234173
3108.27444161,25,70.2062618614
3108.27444161,26,69.3345687485
3108.27444161,27,68.326238374
3108.27444161,28,67.1913692374
3108.27444161,29,65.9687384364
3108.27444161,30,64.7567249256
3108.27444161,31,63.7477377928
3108.27444161,32,63.2002599188
3108.27444161,33,63.2688771003
3108.27444161,34,63.8496705987
3108.27444161,35,64.6881046824
3108.27444161,36,65.5709395484
3108.27444161,37,66.3819823231
3108.27444161,38,67.0730897126
3108.27444161,39,67.6304319568
3108.27444161,40,68.0549285926
3108.27444161,41,68.3530071878
3108.27444161,42,68.5326351822
3108.27444161,43,68.60176902
3108.27444161,44,68.5678754951
3108.27444161,45,68.4379303002
3108.27444161,46,68.2186390247
3108.27444161,47,67.9167753279
3108.27444161,48,67.5395931678
3108.27444161,49,67.0952885232
3108.27444161,50,66.5934771217
3108.27444161,51,66.0456228601
3108.27444161,52,65.4653007763
3108.27444161,53,64.8681236277
3108.27444161,54,64.2711413411
3108.27444161,55,63.6916021241
3108.27444161,56,63.145197169
3108.27444161,57,62.6442594988
3108.27444161,58,62.1966563478
3108.27444161,59,61.8060372033
3108.27444161,60,61.4735888252
3108.27444161,61,61.2007455842
3108.27444161,62,60.9917854675
3108.27444161,63,60.8551090814
3108.27444161,64,60.8022621741
3108.27444161,65,60.8444706962
3108.27444161,66,60.9876439375
3108.27444161,67,61.2279920063
3108.27444161,68,61.5505184989
3108.27444161,69,61.9311314773
3108.27444161,70,62.3410520743
3108.27444161,71,62.7513125522
3108.27444161,72,63.1358054871
3108.27444161,73,63.4725504637
3108.27444161,74,63.7436200523
3108.27444161,75,63.9343400259
3108.27444161,76,64.0322273979
3108.27444161,77,64.0259216453
3108.27444161,78,63.9042192404
3108.27444161,79,63.655265226
3108.27444161,80,63.2659992649
3108.27444161,81,62.7221611619
3108.27444161,82,62.0097493876
3108.27444161,83,61.120398622
3108.27444161,84,60.0671006687
3108.27444161,85,58.9244790084
3108.27444161,86,57.907834813
3108.27444161,87,57.4216207011
3108.27444161,88,57.8145600044
3108.27444161,89,58.9606038359
3108.27444161,90,60.42520469
3108.27444161,91,61.8850302379
3108.27444161,92,63.1998336418
3108.27444161,93,64.3282448451
3108.27444161,94,65.2668089467
3108.27444161,95,66.0233801658
3108.27444161,96,66.6072141965
3108.27444161,97,67.0255933434
3108.27444161,98,67.2828263215
3108.27444161,99,67.3800767117
3108.27444161,100,67.3155047641
3108.27444161,101,67.0846699981
3108.27444161,102,66.681504478
3108.27444161,103,66.1007595594
3108.27444161,104,65.3441186963
3108.27444161,105,64.4348515039
3108.27444161,106,63.4494928073
3108.27444161,107,62.5687694494
3108.27444161,108,62.093352039
3108.27444161,109,62.2807921191
3108.27444161,110,63.0802265589
3108.27444161,111,64.1890194016
3108.27444161,112,65.3284302176
3108.27444161,113,66.3460855515
3108.27444161,114,67.1785868921
3108.27444161,115,67.8039705218
3108.27444161,116,68.2151025996
3108.27444161,117,68.4073414165
3108.27444161,118,68.3726655955
3108.27444161,119,68.0960293241
3108.27444161,120,67.55174499
3108.27444161,121,66.6984071804
3108.27444161,122,65.4710805852
3108.27444161,123,63.7714976263
3108.27444161,124,61.4768161775
3108.27444161,125,58.6456705569
3108.27444161,126,56.7642739427
3108.27444161,127,58.4204126467
3108.27444161,128,61.450266583
3108.27444161,129,64.0132758476
3108.27444161,130,65.9634396552
3108.27444161,131,67.4189505112
3108.27444161,132,68.48082469
3108.27444161,133,69.2148114867
3108.27444161,134,69.6602969098
3108.27444161,135,69.837589891
3108.27444161,136,69.7515761368
3108.27444161,137,69.3921888106
3108.27444161,138,68.7314818345
3108.27444161,139,67.7155243141
3108.27444161,140,66.2457926458
3108.27444161,141,64.1345567395
3108.27444161,142,60.9844241479
3108.27444161,143,55.8669775781
3108.27444161,144,50.7713572532
3108.27444161,145,57.1894064569
3108.27444161,146,62.0300035778
3108.27444161,147,65.1370182693
3108.27444161,148,67.3181251351
3108.27444161,149,68.9230613919
3108.27444161,150,70.1248784984
3108.27444161,151,71.020152505
3108.27444161,152,71.6674160927
3108.27444161,153,72.1040642095
3108.27444161,154,72.3546236954
3108.27444161,155,72.4351085967
3108.27444161,156,72.3554059067
3108.27444161,157,72.1205657121
3108.27444161,158,71.7314095562
3108.27444161,159,71.1846545655
3108.27444161,160,70.4726487401
3108.27444161,161,69.5827977896
3108.27444161,162,68.496912763
3108.27444161,163,67.1913632698
3108.27444161,164,65.641338693
3108.27444161,165,63.8411147176
3108.27444161,166,61.8793839718
3108.27444161,167,60.147368802
3108.27444161,168,59.4867506007
3108.27444161,169,60.3130635922
3108.27444161,170,61.9121684883
3108.27444161,171,63.5747823826
3108.27444161,172,65.0512871947
3108.27444161,173,66.3069303682
3108.27444161,174,67.3650741347
3108.27444161,175,68.257615254
3108.27444161,176,69.0125326445
3108.27444161,177,69.6517930273
3108.27444161,178,70.1918549959
3108.27444161,179,70.6446580186
3108.27444161,180,71.0185579328
3428.25050658,-180,60.1393057242
3428.25050658,-179,58.7215833463
3428.25050658,-178,57.5547701053
3428.25050658,-177,56.959287222
3428.25050658,-176,57.0978594118
3428.25050658,-175,57.8011349802
3428.25050658,-174,58.7649553772
3428.25050658,-173,59.777610771
3428.25050658,-172,60.7462162854
3428.25050658,-171,61.6461389952
3428.25050658,-170,62.4813934061
3428.25050658,-169,63.2645102829
3428.25050658,-168,64.0076432539
3428.25050658,-167,64.7191439169
3428.25050658,-166,65.4028310699
3428.25050658,-165,66.0586037095
3428.25050658,-164,66.6836158254
3428.25050658,-163,67.2735132219
3428.25050658,-162,67.8234477813
3428.25050658,-161,68.3287628887
3428.25050658,-160,68.785365296
3428.25050658,-159,69.189857835
3428.25050658,-158,69.5395194343
3428.25050658,-157,69.8322059157
3428.25050658,-156,70.066224428
3428.25050658,-155,70.2402157025
3428.25050658,-154,70.3530651178
3428.25050658,-153,70.4038561686
3428.25050658,-152,70.391877508
3428.25050658,-151,70.316696384
3428.25050658,-150,70.1783163854
3428.25050658,-149,69.9774454012
3428.25050658,-148,69.7159093801
3428.25050658,-147,69.3972553423
3428.25050658,-146,69.0275840324
3428.25050658,-145,68.6166184212
3428.25050658,-144,68.1789118537
3428.25050658,-143,67.7348795776
3428.25050658,-142,67.3109830191
3428.25050658,-141,66.9380495151
3428.25050658,-140,66.6468288889
3428.25050658,-139,66.4610890162
3428.25050658,-138,66.39069233
3428.25050658,-137,66.4283605717
3428.25050658,-136,66.5521866638
3428.25050658,-135,66.7323379216
3428.25050658,-134,66.9382869145
3428.25050658,-133,67.1438186481
3428.25050658,-132,67.3292239391
3428.25050658,-131,67.481475231
3428.25050658,-130,67.5934238832
3428.25050658,-129,67.6627364139
3428.25050658,-128,67.6909082073
3428.25050658,-127,67.6824393042
3428.25050658,-126,67.6441279235
3428.25050658,-125,67.5843903114
3428.25050658,-124,67.512519582
3428.25050658,-123,67.4378378953
3428.25050658,-122,67.3687669006
3428.25050658,-121,67.3119222682
3428.25050658,-120,67.2713955104
3428.25050658,-119,67.2483835767
3428.25050658,-118,67.2412510924
3428.25050658,-117,67.2459905373
3428.25050658,-116,67.2569395408
3428.25050658,-115,67.2675696095
3428.25050658,-114,67.2711856019
3428.25050658,-113,67.2614425876
3428.25050658,-112,67.2326587074
3428.25050658,-111,67.1799543979
3428.25050658,-110,67.0992738863
3428.25050658,-109,66.9873506305
3428.25050658,-108,66.8416745164
3428.25050658,-107,66.6605136024
3428.25050658,-106,66.4430422799
3428.25050658,-105,66.1896331279
3428.25050658,-104,65.9023802951
3428.25050658,-103,65.5859307217
3428.25050658,-102,65.2486853823
3428.25050658,-101,64.9043494501
3428.25050658,-100,64.5735743186
3428.25050658,-99,64.2849536551
3428.25050658,-98,64.0739684602
3428.25050658,-97,63.9781774454
3428.25050658,-96,64.0281953318
3428.25050658,-95,64.2373386011
3428.25050658,-94,64.595765741
3428.25050658,-93,65.0731787241
3428.25050658,-92,65.6281430657
3428.25050658,-91,66.218171405
3428.25050658,-90,66.8062411361
3428.25050658,-89,67.3631016991
3428.25050658,-88,67.8668445597
3428.25050658,-87,68.3013602016
3428.25050658,-86,68.6546828728
3428.25050658,-85,68.9176562652
3428.25050658,-84,69.0830512683
3428.25050658,-83,69.1451752795
3428.25050658,-82,69.1000506487
3428.25050658,-81,68.9463688423
3428.25050658,-80,68.6876398901
3428.25050658,-79,68.3362193032
3428.25050658,-78,67.9199640358
3428.25050658,-77,67.4912388343
3428.25050658,-76,67.1338141863
3428.25050658,-75,66.9549243585
3428.25050658,-74,67.0478255289
3428.25050658,-73,67.4379600218
3428.25050658,-72,68.0638523581
3428.25050658,-71,68.8153092157
3428.25050658,-70,69.5855621821
3428.25050658,-69,70.296660255
3428.25050658,-68,70.8996074205
3428.25050658,-67,71.3654206065
3428.25050658,-66,71.6764775091
3428.25050658,-65,71.8204994919
3428.25050658,-64,71.786822039
3428.25050658,-63,71.5642107722
3428.25050658,-62,71.1398245867
3428.25050658,-61,70.4996071734
3428.25050658,-60,69.6317800688
3428.25050658,-59,68.5385151022
3428.25050658,-58,67.2686864343
3428.25050658,-57,65.9932222724
3428.25050658,-56,65.096333382
3428.25050658,-55,65.0300536592
3428.25050658,-54,65.8079642739
3428.25050658,-53,66.9843112925
3428.25050658,-52,68.1618802756
3428.25050658,-51,69.1589877155
3428.25050658,-50,69.9220573166
3428.25050658,-49,70.4487224407
3428.25050658,-48,70.754995998
3428.25050658,-47,70.865452055
3428.25050658,-46,70.8133912025
3428.25050658,-45,70.6456109289
3428.25050658,-44,70.4281911744
3428.25050658,-43,70.2470764218
3428.25050658,-42,70.1937064276
3428.25050658,-41,70.3321439392
3428.25050658,-40,70.6668591882
3428.25050658,-39,71.1420097201
3428.25050658,-38,71.6731979126
3428.25050658,-37,72.181350429
3428.25050658,-36,72.6084364081
3428.25050658,-35,72.9178198041
3428.25050658,-34,73.0888586435
3428.25050658,-33,73.1115829064
3428.25050658,-32,72.9833334108
3428.25050658,-31,72.7075791826
3428.25050658,-30,72.2948322973
3428.25050658,-29,71.765671177
3428.25050658,-28,71.155662017
3428.25050658,-27,70.5205605578
3428.25050658,-26,69.9367176504
3428.25050658,-25,69.4879285056
3428.25050658,-24,69.2348972036
3428.25050658,-23,69.1837156462
3428.25050658,-22,69.282248833
3428.25050658,-21,69.448262555
3428.25050658,-20,69.6023377647
3428.25050658,-19,69.6848002998
3428.25050658,-18,69.65764086
3428.25050658,-17,69.5004539541
3428.25050658,-16,69.2066352802
3428.25050658,-15,68.7824326981
3428.25050658,-14,68.2497986593
3428.25050658,-13,67.6531634543
3428.25050658,-12,67.0678253259
3428.25050658,-11,66.600928163
3428.25050658,-10,66.3681991537
3428.25050658,-9,66.4415558774
3428.25050658,-8,66.8059126662
3428.25050658,-7,67.3736614998
3428.25050658,-6,68.0394043977
3428.25050658,-5,68.720754029
3428.25050658,-4,69.3680810526
3428.25050658,-3,69.9576613454
3428.25050658,-2,70.4820165471
3428.25050658,-1,70.9424839724
3428.25050658,0,71.3444324919
3428.25050658,1,71.6943736735
3428.25050658,2,71.9982738286
3428.25050658,3,72.260633977
3428.25050658,4,72.4840950926
3428.25050658,5,72.669420598
3428.25050658,6,72.8157418502
3428.25050658,7,72.9209630855
3428.25050658,8,72.9822345913
3428.25050658,9,72.9964255615
3428.25050658,10,72.960558409
3428.25050658,11,72.8721970023
3428.25050658,12,72.7298062612
3428.25050658,13,72.5331167694
3428.25050658,14,72.2835344929
3428.25050658,15,71.9846303158
3428.25050658,16,71.6427209456
3428.25050658,17,71.2674998151
3428.25050658,18,70.8725784408
3428.25050658,19,70.4756505756
3428.25050658,20,70.0978350138
3428.25050658,21,69.7617237444
3428.25050658,22,69.4879800204
3428.25050658,23,69.291104627
3428.25050658,24,69.1758692187
3428.25050658,25,69.136087265
3428.25050658,26,69.1563702451
3428.25050658,27,69.2159658572
3428.25050658,28,69.2929528921
3428.25050658,29,69.3674260534
3428.25050658,30,69.4232169197
3428.25050658,31,69.4483963396
3428.25050658,32,69.4350418518
3428.25050658,33,69.3786845773
3428.25050658,34,69.2776858507
3428.25050658,35,69.1326516827
3428.25050658,36,68.9459040394
3428.25050658,37,68.7209854099
3428.25050658,38,68.4621640804
3428.25050658,39,68.1739223186
3428.25050658,40,67.8604413216
3428.25050658,41,67.5251368578
3428.25050658,42,67.1703356863
3428.25050658,43,66.7972010568
3428.25050658,44,66.4060069965
3428.25050658,45,65.9968279619
3428.25050658,46,65.5706638455
3428.25050658,47,65.1309658686
3428.25050658,48,64.6854460969
3428.25050658,49,64.2478837658
3428.25050658,50,63.8393145324
3428.25050658,51,63.4875358962
3428.25050658,52,63.2236451017
3428.25050658,53,63.0751314255
3428.25050658,54,63.0573531101
3428.25050658,55,63.1676414882
3428.25050658,56,63.3857611136
3428.25050658,57,63.6803983207
3428.25050658,58,64.017640238
3428.25050658,59,64.3674563433
3428.25050658,60,64.7067659929
3428.25050658,61,65.0197876573
3428.25050658,62,65.2969559653
3428.25050658,63,65.5333757083
3428.25050658,64,65.7273058422
3428.25050658,65,65.87884266
3428.25050658,66,65.988818905
3428.25050658,67,66.0578898201
3428.25050658,68,66.0857791065
3428.25050658,69,66.0706710462
3428.25050658,70,66.0087406975
3428.25050658,71,65.8938052662
3428.25050658,72,65.7170582113
3428.25050658,73,65.46682043
3428.25050658,74,65.1282186975
3428.25050658,75,64.6826897532
3428.25050658,76,64.1072275594
3428.25050658,77,63.3734069132
3428.25050658,78,62.4466788901
3428.25050658,79,61.2881934951
3428.25050658,80,59.8680747035
3428.25050658,81,58.2230492867
3428.25050658,82,56.6493093404
3428.25050658,83,55.9898532631
3428.25050658,84,56.956854339
3428.25050658,85,58.90883532
3428.25050658,86,60.9619196609
3428.25050658,87,62.7820209753
3428.25050658,88,64.3161055633
3428.25050658,89,65.5851817125
3428.25050658,90,66.620662224
3428.25050658,91,67.4494063279
3428.25050658,92,68.091484218
3428.25050658,93,68.5608257149
3428.25050658,94,68.8662480695
3428.25050658,95,69.0122857177
3428.25050658,96,68.9997456281
3428.25050658,97,68.8260453017
3428.25050658,98,68.4854569155
3428.25050658,99,67.9695081609
3428.25050658,100,67.2681329487
3428.25050658,101,66.3730779625
3428.25050658,102,65.2873972144
3428.25050658,103,64.05002447
3428.25050658,104,62.7902848862
3428.25050658,105,61.8019528015
3428.25050658,106,61.4862924649
3428.25050658,107,61.9886100215
3428.25050658,108,63.0118708536
3428.25050658,109,64.1680445931
3428.25050658,110,65.2320333043
3428.25050658,111,66.1171028295
3428.25050658,112,66.801574435
3428.25050658,113,67.2876344278
3428.25050658,114,67.5842475759
3428.25050658,115,67.7009360305
3428.25050658,116,67.6459201362
3428.25050658,117,67.4261014653
3428.25050658,118,67.0481501411
3428.25050658,119,66.5208624317
3428.25050658,120,65.8596578011
3428.25050658,121,65.0947631246
3428.25050658,122,64.2845500418
3428.25050658,123,63.5314277464
3428.25050658,124,62.9836896924
3428.25050658,125,62.7904561444
3428.25050658,126,63.0107845665
3428.25050658,127,63.5683162731
3428.25050658,128,64.312914445
3428.25050658,129,65.1076302742
3428.25050658,130,65.8632514951
3428.25050658,131,66.531808352
3428.25050658,132,67.0906039262
3428.25050658,133,67.5300282864
3428.25050658,134,67.8464712223
3428.25050658,135,68.0386963672
3428.25050658,136,68.1062033246
3428.25050658,137,68.0487228695
3428.25050658,138,67.8664689116
3428.25050658,139,67.561105529
3428.25050658,140,67.1376617797
3428.25050658,141,66.607881003
3428.25050658,142,65.9956093969
3428.25050658,143,65.344267606
3428.25050658,144,64.7238598336
3428.25050658,145,64.2290915227
3428.25050658,146,63.9557029974
3428.25050658,147,63.9558037915
3428.25050658,148,64.2062552843
3428.25050658,149,64.6244818059
3428.25050658,150,65.1140522549
3428.25050658,151,65.5984905239
3428.25050658,152,66.0305167593
3428.25050658,153,66.3876025725
3428.25050658,154,66.6647557784
3428.25050658,155,66.8688210373
3428.25050658,156,67.0146616843
3428.25050658,157,67.1223369
3428.25050658,158,67.2142967796
3428.25050658,159,67.3120085053
3428.25050658,160,67.4321347572
3428.25050658,161,67.5831724371
3428.25050658,162,67.7637948749
3428.25050658,163,67.963599217
3428.25050658,164,68.1658370005
3428.25050658,165,68.3508769644
3428.25050658,166,68.4991658213
3428.25050658,167,68.5930662637
3428.25050658,168,68.6175800804
3428.25050658,169,68.560284665
3428.25050658,170,68.4108461901
3428.25050658,171,68.1603750653
3428.25050658,172,67.8007771631
3428.25050658,173,67.3241787866
3428.25050658,174,66.7224774039
3428.25050658,175,65.9871026995
3428.25050658,176,65.1091981452
3428.25050658,177,64.0807543788
3428.25050658,178,62.8979952358
3428.25050658,179,61.5700607181
3428.25050658,180,60.1393057242
3781.16596738,-180,66.2730430403
3781.16596738,-179,66.1416070387
3781.16596738,-178,66.0049842051
3781.16596738,-177,65.8603987171
3781.16596738,-176,65.7063482485
3781.16596738,-175,65.5422291849
3781.16596738,-174,65.3684835571
3781.16596738,-173,65.1873523342
3781.16596738,-172,65.0041844336
3781.16596738,-171,64.8290802081
3781.16596738,-170,64.6783878674
3781.16596738,-169,64.5751903424
3781.16596738,-168,64.547572166
3781.16596738,-167,64.6236771371
3781.16596738,-166,64.8240607527
3781.16596738,-165,65.1543173419
3781.16596738,-164,65.6021531548
3781.16596738,-163,66.1407973227
3781.16596738,-162,66.7365084265
3781.16596738,-161,67.3560199553
3781.16596738,-160,67.9712242782
3781.16596738,-159,68.5608258547
3781.16596738,-158,69.1100086013
3781.16596738,-157,69.6092470682
3781.16596738,-156,70.0529797106
3781.16596738,-155,70.4384671338
3781.16596738,-154,70.7649223296
3781.16596738,-153,71.0328948356
3781.16596738,-152,71.2438581489
3781.16596738,-151,71.3999484898
3781.16596738,-150,71.5038116803
3781.16596738,-149,71.5585242651
3781.16596738,-148,71.5675618478
3781.16596738,-147,71.5347913865
3781.16596738,-146,71.4644654153
3781.16596738,-145,71.3611960026
3781.16596738,-144,71.2298864335
3781.16596738,-143,71.0756013519
3781.16596738,-142,70.9033638558
3781.16596738,-141,70.7178824516
3781.16596738,-140,70.5232313181
3781.16596738,-139,70.3225298896
3781.16596738,-138,70.1176847441
3781.16596738,-137,69.909259753
3781.16596738,-136,69.6965247665
3781.16596738,-135,69.4777019444
3781.16596738,-134,69.250392747
3781.16596738,-133,69.012140255
3781.16596738,-132,68.7610684156
3781.16596738,-131,68.4965403424
3781.16596738,-130,68.2197822002
3781.16596738,-129,67.9344146942
3781.16596738,-128,67.6468111616
3781.16596738,-127,67.3661603809
3781.16596738,-126,67.1040727709
3781.16596738,-125,66.8735750749
3781.16596738,-124,66.6874504285
3781.16596738,-123,66.5561261575
3781.16596738,-122,66.4856146627
3781.16596738,-121,66.4761737774
3781.16596738,-120,66.5221807114
3781.16596738,-119,66.6132397606
3781.16596738,-118,66.7360600047
3781.16596738,-117,66.8764466328
3781.16596738,-116,67.0208976447
3781.16596738,-115,67.1576026985
3781.16596738,-114,67.2768978835
3781.16596738,-113,67.3713541581
3781.16596738,-112,67.4356906084
3781.16596738,-111,67.4666637503
3781.16596738,-110,67.4630341669
3781.16596738,-109,67.4256702976
3781.16596738,-108,67.3578159562
3781.16596738,-107,67.2655119345
3781.16596738,-106,67.1581050925
3781.16596738,-105,67.0486818712
3781.16596738,-104,66.9541226617
3781.16596738,-103,66.894333427
3781.16596738,-102,66.8902074536
3781.16596738,-101,66.960210154
3781.16596738,-100,67.1162422943
3781.16596738,-99,67.360253156
3781.16596738,-98,67.6831691419
3781.16596738,-97,68.0666746946
3781.16596738,-96,68.4869194683
3781.16596738,-95,68.9184990459
3781.16596738,-94,69.3374358313
3781.16596738,-93,69.7227590042
3781.16596738,-92,70.0569398915
3781.16596738,-91,70.3256673976
3781.16596738,-90,70.5173983861
3781.16596738,-89,70.6229927382
3781.16596738,-88,70.6356576301
3781.16596738,-87,70.5514183034
3781.16596738,-86,70.370403451
3781.16596738,-85,70.0993507395
3781.16596738,-84,69.7557728176
3781.16596738,-83,69.3737634146
3781.16596738,-82,69.0095337684
3781.16596738,-81,68.7405732124
3781.16596738,-80,68.6486640333
3781.16596738,-79,68.7848734425
3781.16596738,-78,69.1385990405
3781.16596738,-77,69.6407877858
3781.16596738,-76,70.1976497452
3781.16596738,-75,70.7229912175
3781.16596738,-74,71.1513402212
3781.16596738,-73,71.4363922402
3781.16596738,-72,71.5443047979
3781.16596738,-71,71.4470946583
3781.16596738,-70,71.1177203898
3781.16596738,-69,70.5274429608
3781.16596738,-68,69.6477469809
3781.16596738,-67,68.466154597
3781.16596738,-66,67.0473098699
3781.16596738,-65,65.7077875667
3781.16596738,-64,65.1992537481
3781.16596738,-63,66.0622411388
3781.16596738,-62,67.7446204994
3781.16596738,-61,69.4952692548
3781.16596738,-60,70.9984022364
3781.16596738,-59,72.1873580065
3781.16596738,-58,73.0710110491
3781.16596738,-57,73.6731586075
3781.16596738,-56,74.0165299207
3781.16596738,-55,74.1203367614
3781.16596738,-54,74.0021490063
3781.16596738,-53,73.682038527
3781.16596738,-52,73.189190958
3781.16596738,-51,72.5714615683
3781.16596738,-50,71.9059389078
3781.16596738,-49,71.3010863508
3781.16596738,-48,70.8721051801
3781.16596738,-47,70.6844988468
3781.16596738,-46,70.709228331
3781.16596738,-45,70.8419203483
3781.16596738,-44,70.9638602217
3781.16596738,-43,70.9865314629
3781.16596738,-42,70.865818762
3781.16596738,-41,70.6051766839
3781.16596738,-40,70.2636379806
3781.16596738,-39,69.9664628841
3781.16596738,-38,69.8879226778
3781.16596738,-37,70.1652075229
3781.16596738,-36,70.7906894722
3781.16596738,-35,71.6182916574
3781.16596738,-34,72.4732078537
3781.16596738,-33,73.2281736276
3781.16596738,-32,73.8109851152
3781.16596738,-31,74.1854825297
3781.16596738,-30,74.333920843
3781.16596738,-29,74.2463442075
3781.16596738,-28,73.9155102956
3781.16596738,-27,73.3360083803
3781.16596738,-26,72.5083965577
3781.16596738,-25,71.4530377636
3781.16596738,-24,70.2443780107
3781.16596738,-23,69.0749875961
3781.16596738,-22,68.2955010465
3781.16596738,-21,68.232418469
3781.16596738,-20,68.834427638
3781.16596738,-19,69.7400259125
3781.16596738,-18,70.6367235991
3781.16596738,-17,71.3727670512
3781.16596738,-16,71.899218254
3781.16596738,-15,72.2132973169
3781.16596738,-14,72.3315067493
3781.16596738,-13,72.2803902954
3781.16596738,-12,72.0952519477
3781.16596738,-11,71.8218293129
3781.16596738,-10,71.5173120087
3781.16596738,-9,71.2466028083
3781.16596738,-8,71.0703909464
3781.16596738,-7,71.0271985484
3781.16596738,-6,71.1201801845
3781.16596738,-5,71.3196584769
3781.16596738,-4,71.5795793122
3781.16596738,-3,71.8555704216
3781.16596738,-2,72.1155501552
3781.16596738,-1,72.3423689933
3781.16596738,0,72.5319065241
3781.16596738,1,72.6894808944
3781.16596738,2,72.8258436359
3781.16596738,3,72.9531412816
3781.16596738,4,73.0811273318
3781.16596738,5,73.2141641821
3781.16596738,6,73.3496603145
3781.16596738,7,73.4782566118
3781.16596738,8,73.5854531087
3781.16596738,9,73.6538968408
3781.16596738,10,73.6655316546
3781.16596738,11,73.6031549422
3781.16596738,12,73.4513469484
3781.16596738,13,73.1970431366
3781.16596738,14,72.8302072648
3781.16596738,15,72.3452471905
3781.16596738,16,71.7441307403
3781.16596738,17,71.0426352087
3781.16596738,18,70.2813147201
3781.16596738,19,69.5403492152
3781.16596738,20,68.9472340506
3781.16596738,21,68.6489838082
3781.16596738,22,68.732975285
3781.16596738,23,69.1598493707
3781.16596738,24,69.7940269406
3781.16596738,25,70.490466998
3781.16596738,26,71.1455380925
3781.16596738,27,71.7000339141
3781.16596738,28,72.1247797492
3781.16596738,29,72.4072801733
3781.16596738,30,72.5432862114
3781.16596738,31,72.5321991401
3781.16596738,32,72.3747756742
3781.16596738,33,72.0721287336
3781.16596738,34,71.6255132534
3781.16596738,35,71.0367285897
3781.16596738,36,70.3092283596
3781.16596738,37,69.4502799681
3781.16596738,38,68.474778187
3781.16596738,39,67.4114218808
3781.16596738,40,66.3111998575
3781.16596738,41,65.2547990058
3781.16596738,42,64.3484022594
3781.16596738,43,63.6936429092
3781.16596738,44,63.3378621419
3781.16596738,45,63.2481610157
3781.16596738,46,63.339812519
3781.16596738,47,63.5276047299
3781.16596738,48,63.7566139852
3781.16596738,49,64.0061089179
3781.16596738,50,64.2800380996
3781.16596738,51,64.5940342223
3781.16596738,52,64.963048799
3781.16596738,53,65.3921682717
3781.16596738,54,65.8728668442
3781.16596738,55,66.3850764847
3781.16596738,56,66.9027675408
3781.16596738,57,67.3997204174
3781.16596738,58,67.8533671068
3781.16596738,59,68.2463756239
3781.16596738,60,68.5666693184
3781.16596738,61,68.8067115901
3781.16596738,62,68.962624486
3781.16596738,63,69.0334174898
3781.16596738,64,69.0204066237
3781.16596738,65,68.9267979365
3781.16596738,66,68.7573558172
3781.16596738,67,68.5180468509
3781.16596738,68,68.2155336707
3781.16596738,69,67.8563966574
3781.16596738,70,67.4460010349
3781.16596738,71,66.9870158573
3781.16596738,72,66.4777165825
3781.16596738,73,65.9103101933
3781.16596738,74,65.269536838
3781.16596738,75,64.531702448
3781.16596738,76,63.6642138384
3781.16596738,77,62.6260589838
3781.16596738,78,61.3718023442
3781.16596738,79,59.8700605893
3781.16596738,80,58.1765586265
3781.16596738,81,56.6587629066
3781.16596738,82,56.2225169692
3781.16596738,83,57.377174946
3781.16596738,84,59.3219299547
3781.16596738,85,61.2617450651
3781.16596738,86,62.930243687
3781.16596738,87,64.2917716849
3781.16596738,88,65.3674868915
3781.16596738,89,66.1845197045
3781.16596738,90,66.764268456
3781.16596738,91,67.1207958472
3781.16596738,92,67.2615274592
3781.16596738,93,67.1884031656
3781.16596738,94,66.8994015969
3781.16596738,95,66.3913216515
3781.16596738,96,65.6661932011
3781.16596738,97,64.7468574372
3781.16596738,98,63.7122507574
3781.16596738,99,62.7581724593
3781.16596738,100,62.2225366513
3781.16596738,101,62.3938723204
3781.16596738,102,63.196570113
3781.16596738,103,64.2823576813
3781.16596738,104,65.3560130747
3781.16596738,105,66.270376568
3781.16596738,106,66.9730535202
3781.16596738,107,67.4545095918
3781.16596738,108,67.7229571065
3781.16596738,109,67.7957095017
3781.16596738,110,67.6987287114
3781.16596738,111,67.4704517473
3781.16596738,112,67.1671235429
3781.16596738,113,66.8646638728
3781.16596738,114,66.648392957
3781.16596738,115,66.584817866
3781.16596738,116,66.6881459436
3781.16596738,117,66.910807092
3781.16596738,118,67.1678110619
3781.16596738,119,67.3706121194
3781.16596738,120,67.4464401803
3781.16596738,121,67.3412229139
3781.16596738,122,67.0150418689
3781.16596738,123,66.4376110663
3781.16596738,124,65.588880872
3781.16596738,125,64.4725396926
3781.16596738,126,63.1607927695
3781.16596738,127,61.8956936073
3781.16596738,128,61.1665427244
3781.16596738,129,61.384054886
3781.16596738,130,62.3365380917
3781.16596738,131,63.4934715353
3781.16596738,132,64.5210966523
3781.16596738,133,65.304423162
3781.16596738,134,65.8334567796
3781.16596738,135,66.1428136615
3781.16596738,136,66.2933492002
3781.16596738,137,66.3687461321
3781.16596738,138,66.4684651279
3781.16596738,139,66.6837890436
3781.16596738,140,67.0603459603
3781.16596738,141,67.5758720643
3781.16596738,142,68.1563963551
3781.16596738,143,68.7137528583
3781.16596738,144,69.1726625856
3781.16596738,145,69.4779347893
3781.16596738,146,69.5899055701
3781.16596738,147,69.4765049372
3781.16596738,148,69.1052441966
3781.16596738,149,68.434839459
3781.16596738,150,67.4039858099
3781.16596738,151,65.9116893224
3781.16596738,152,63.7753459918
3781.16596738,153,60.6300224409
3781.16596738,154,55.7721740145
3781.16596738,155,51.8142580039
3781.16596738,156,57.0289908694
3781.16596738,157,61.417954874
3781.16596738,158,64.2850947582
3781.16596738,159,66.2682848313
3781.16596738,160,67.6833504085
3781.16596738,161,68.6949729924
3781.16596738,162,69.3988816628
3781.16596738,163,69.8562269435
3781.16596738,164,70.1095414832
3781.16596738,165,70.1910426256
3781.16596738,166,70.1274505469
3781.16596738,167,69.9430761483
3781.16596738,168,69.6619196954
3781.16596738,169,69.3090086564
3781.16596738,170,68.910889352
3781.16596738,171,68.4950191754
3781.16596738,172,68.087871699
3781.16596738,173,67.7119759987
3781.16596738,174,67.3827727816
3781.16596738,175,67.1066238164
3781.16596738,176,66.881002233
3781.16596738,177,66.6968322598
3781.16596738,178,66.5419050083
3781.16596738,179,66.4040259509
3781.16596738,180,66.2730430403
4170.4117145,-180,68.9592728418
4170.4117145,-179,67.9986819857
4170.4117145,-178,66.8475889599
4170.4117145,-177,65.4639677836
4170.4117145,-176,63.8151068741
4170.4117145,-175,61.9372178756
4170.4117145,-174,60.1304996031
4170.4117145,-173,59.2369178232
4170.4117145,-172,59.9408058897
4170.4117145,-171,61.5883330144
4170.4117145,-170,63.3087714814
4170.4117145,-169,64.774080326
4170.4117145,-168,65.9311248714
4170.4117145,-167,66.7992950308
4170.4117145,-166,67.4080875929
4170.4117145,-165,67.7822837679
4170.4117145,-164,67.9396712103
4170.4117145,-163,67.8917353482
4170.4117145,-162,67.6450229816
4170.4117145,-161,67.2030231111
4170.4117145,-160,66.5694893241
4170.4117145,-159,65.7556027719
4170.4117145,-158,64.7961425044
4170.4117145,-157,63.7829570367
4170.4117145,-156,62.9146401034
4170.4117145,-155,62.4988546201
4170.4117145,-154,62.7715210808
4170.4117145,-153,63.6557735136
4170.4117145,-152,64.8552169959
4170.4117145,-151,66.114656921
4170.4117145,-150,67.3013070755
4170.4117145,-149,68.3651503455
4170.4117145,-148,69.2949444428
4170.4117145,-147,70.0944188974
4170.4117145,-146,70.7718430913
4170.4117145,-145,71.335929763
4170.4117145,-144,71.7944482229
4170.4117145,-143,72.1539465374
4170.4117145,-142,72.4199056155
4170.4117145,-141,72.5970423314
4170.4117145,-140,72.6896455541
4170.4117145,-139,72.7018997913
4170.4117145,-138,72.6381806577
4170.4117145,-137,72.5033171357
4170.4117145,-136,72.3028172808
4170.4117145,-135,72.0430512562
4170.4117145,-134,71.7313812796
4170.4117145,-133,71.3762249208
4170.4117145,-132,70.9870390332
4170.4117145,-131,70.5742186644
4170.4117145,-130,70.1489183388
4170.4117145,-129,69.7228170035
4170.4117145,-128,69.3078519548
4170.4117145,-127,68.9159291116
4170.4117145,-126,68.5585743376
4170.4117145,-125,68.2464425636
4170.4117145,-124,67.9885923542
4170.4117145,-123,67.7915101253
4170.4117145,-122,67.6580331952
4170.4117145,-121,67.5864945013
4170.4117145,-120,67.5704588521
4170.4117145,-119,67.5992590615
4170.4117145,-118,67.6592406478
4170.4117145,-117,67.7353715547
4170.4117145,-116,67.8128123918
4170.4117145,-115,67.8781672872
4170.4117145,-114,67.9203323066
4170.4117145,-113,67.9310186642
4170.4117145,-112,67.905108821
4170.4117145,-111,67.8410156095
4170.4117145,-110,67.7411809599
4170.4117145,-109,67.6127774369
4170.4117145,-108,67.4685398632
4170.4117145,-107,67.3274148208
4170.4117145,-106,67.2143658394
4170.4117145,-105,67.1583633637
4170.4117145,-104,67.1877650221
4170.4117145,-103,67.3234975558
4170.4117145,-102,67.572452132
4170.4117145,-101,67.9245495234
4170.4117145,-100,68.3552463686
4170.4117145,-99,68.8318906562
4170.4117145,-98,69.3204825381
4170.4117145,-97,69.7903121358
4170.4117145,-96,70.2159555845
4170.4117145,-95,70.5773924757
4170.4117145,-94,70.8592476344
4170.4117145,-93,71.0498918991
4170.4117145,-92,71.1408298876
4170.4117145,-91,71.1266354619
4170.4117145,-90,71.0056763551
4170.4117145,-89,70.7819489655
4170.4117145,-88,70.4684165297
4170.4117145,-87,70.0920200094
4170.4117145,-86,69.6993121724
4170.4117145,-85,69.3584715173
4170.4117145,-84,69.1492109714
4170.4117145,-83,69.1344527196
4170.4117145,-82,69.3259925479
4170.4117145,-81,69.6739093643
4170.4117145,-80,70.0906466901
4170.4117145,-79,70.4855219772
4170.4117145,-78,70.7848729609
4170.4117145,-77,70.9356764311
4170.4117145,-76,70.9018834735
4170.4117145,-75,70.6614250523
4170.4117145,-74,70.2092900524
4170.4117145,-73,69.5732762411
4170.4117145,-72,68.8520197463
4170.4117145,-71,68.2702841152
4170.4117145,-70,68.1615758863
4170.4117145,-69,68.7274673045
4170.4117145,-68,69.8066062545
4170.4117145,-67,71.0591471849
4170.4117145,-66,72.2340178734
4170.4117145,-65,73.2102045074
4170.4117145,-64,73.9418971449
4170.4117145,-63,74.4148964843
4170.4117145,-62,74.6254299622
4170.4117145,-61,74.5717438997
4170.4117145,-60,74.2522315715
4170.4117145,-59,73.6686225412
4170.4117145,-58,72.8370960873
4170.4117145,-57,71.8155723405
4170.4117145,-56,70.7569863722
4170.4117145,-55,69.9597464798
4170.4117145,-54,69.7632598929
4170.4117145,-53,70.2252027761
4170.4117145,-52,71.0518489771
4170.4117145,-51,71.9133007328
4170.4117145,-50,72.6234706543
4170.4117145,-49,73.1136100695
4170.4117145,-48,73.3757352091
4170.4117145,-47,73.4324321233
4170.4117145,-46,73.3266082957
4170.4117145,-45,73.1192279238
4170.4117145,-44,72.8851674166
4170.4117145,-43,72.698816365
4170.4117145,-42,72.6085992875
4170.4117145,-41,72.6150556081
4170.4117145,-40,72.6719621068
4170.4117145,-39,72.7099661666
4170.4117145,-38,72.663123475
4170.4117145,-37,72.4847262011
4170.4117145,-36,72.1540269647
4170.4117145,-35,71.6815946156
4170.4117145,-34,71.1185715142
4170.4117145,-33,70.5666981988
4170.4117145,-32,70.1694425503
4170.4117145,-31,70.0553607813
4170.4117145,-30,70.2535541528
4170.4117145,-29,70.6737929582
4170.4117145,-28,71.1784338369
4170.4117145,-27,71.6576277662
4170.4117145,-26,72.0537837275
4170.4117145,-25,72.353930089
4170.4117145,-24,72.5752835014
4170.4117145,-23,72.751922257
4170.4117145,-22,72.9216477739
4170.4117145,-21,73.1124247753
4170.4117145,-20,73.3317164706
4170.4117145,-19,73.5636734892
4170.4117145,-18,73.7751914226
4170.4117145,-17,73.9262381513
4170.4117145,-16,73.9787541932
4170.4117145,-15,73.9017692308
4170.4117145,-14,73.6738879826
4170.4117145,-13,73.2859672681
4170.4117145,-12,72.7475127429
4170.4117145,-11,72.1009219915
4170.4117145,-10,71.4454989146
4170.4117145,-9,70.9567101632
4170.4117145,-8,70.8471463357
4170.4117145,-7,71.2299242655
4170.4117145,-6,72.0163336801
4170.4117145,-5,73.0011795656
4170.4117145,-4,74.005102682
4170.4117145,-3,74.9231850887
4170.4117145,-2,75.7076861119
4170.4117145,-1,76.3420713575
4170.4117145,0,76.8241331074
4170.4117145,1,77.1572375017
4170.4117145,2,77.3461872294
4170.4117145,3,77.3953782797
4170.4117145,4,77.3080614211
4170.4117145,5,77.0861697549
4170.4117145,6,76.7305244543
4170.4117145,7,76.241458247
4170.4117145,8,75.6201234275
4170.4117145,9,74.8710799327
4170.4117145,10,74.0072643228
4170.4117145,11,73.0589834149
4170.4117145,12,72.0880209038
4170.4117145,13,71.2023976194
4170.4117145,14,70.5514921974
4170.4117145,15,70.2699601783
4170.4117145,16,70.3882206699
4170.4117145,17,70.8084737637
4170.4117145,18,71.3792500417
4170.4117145,19,71.974032709
4170.4117145,20,72.5152135953
4170.4117145,21,72.964182693
4170.4117145,22,73.3058618258
4170.4117145,23,73.5376343983
4170.4117145,24,73.6629881492
4170.4117145,25,73.6881860701
4170.4117145,26,73.6206010262
4170.4117145,27,73.4679112582
4170.4117145,28,73.2377375081
4170.4117145,29,72.9375206369
4170.4117145,30,72.5745561666
4170.4117145,31,72.1561632747
4170.4117145,32,71.6899919244
4170.4117145,33,71.1844696163
4170.4117145,34,70.6493561575
4170.4117145,35,70.0963045244
4170.4117145,36,69.5392180475
4170.4117145,37,68.9940755248
4170.4117145,38,68.4778498444
4170.4117145,39,68.0063161606
4170.4117145,40,67.5910416858
4170.4117145,41,67.2365322667
4170.4117145,42,66.9388896516
4170.4117145,43,66.6869210693
4170.4117145,44,66.4655868857
4170.4117145,45,66.2607639227
4170.4117145,46,66.0641321546
4170.4117145,47,65.8773334181
4170.4117145,48,65.7146960142
4170.4117145,49,65.6033271945
4170.4117145,50,65.5786674321
4170.4117145,51,65.6742773167
4170.4117145,52,65.9083304128
4170.4117145,53,66.2740270087
4170.4117145,54,66.7405650696
4170.4117145,55,67.2636309469
4170.4117145,56,67.7979113224
4170.4117145,57,68.3053704596
4170.4117145,58,68.7581188604
4170.4117145,59,69.1377929228
4170.4117145,60,69.4335948521
4170.4117145,61,69.6402542057
4170.4117145,62,69.7563839223
4170.4117145,63,69.7832831647
4170.4117145,64,69.7240765344
4170.4117145,65,69.5830385055
4170.4117145,66,69.364957115
4170.4117145,67,69.074414306
4170.4117145,68,68.7148992747
4170.4117145,69,68.2877302741
4170.4117145,70,67.7908380192
4170.4117145,71,67.2175467011
4170.4117145,72,66.5555645331
4170.4117145,73,65.7865020278
4170.4117145,74,64.8865698284
4170.4117145,75,63.8302910054
4170.4117145,76,62.6028452902
4170.4117145,77,61.2370794362
4170.4117145,78,59.9080822309
4170.4117145,79,59.066920605
4170.4117145,80,59.259040921
4170.4117145,81,60.436005401
4170.4117145,82,62.0158202788
4170.4117145,83,63.5594494587
4170.4117145,84,64.8943114568
4170.4117145,85,65.9765876511
4170.4117145,86,66.8040485989
4170.4117145,87,67.3828696858
4170.4117145,88,67.7165374438
4170.4117145,89,67.8020493871
4170.4117145,90,67.6281566039
4170.4117145,91,67.1740077584
4170.4117145,92,66.4084084762
4170.4117145,93,65.2932576372
4170.4117145,94,63.8071306134
4170.4117145,95,62.0511297703
4170.4117145,96,60.578730919
4170.4117145,97,60.5366392571
4170.4117145,98,62.0745102038
4170.4117145,99,64.0493512075
4170.4117145,100,65.7810050473
4170.4117145,101,67.1143328505
4170.4117145,102,68.0510577522
4170.4117145,103,68.6171223499
4170.4117145,104,68.8318211961
4170.4117145,105,68.7035283764
4170.4117145,106,68.2337540998
4170.4117145,107,67.4307692178
4170.4117145,108,66.3486262374
4170.4117145,109,65.1851963051
4170.4117145,110,64.4154774884
4170.4117145,111,64.5879477304
4170.4117145,112,65.6297828298
4170.4117145,113,66.9516308508
4170.4117145,114,68.1218000417
4170.4117145,115,68.9688956293
4170.4117145,116,69.4413142326
4170.4117145,117,69.5214638663
4170.4117145,118,69.1935025339
4170.4117145,119,68.4359075451
4170.4117145,120,67.2367571826
4170.4117145,121,65.6726745458
4170.4117145,122,64.1665108789
4170.4117145,123,63.7358773557
4170.4117145,124,64.8513126848
4170.4117145,125,66.5645714583
4170.4117145,126,68.0721574861
4170.4117145,127,69.1281410766
4170.4117145,128,69.6899481316
4170.4117145,129,69.7443735749
4170.4117145,130,69.250684662
4170.4117145,131,68.1035874879
4170.4117145,132,66.0591593254
4170.4117145,133,62.4887113852
4170.4117145,134,55.1032442444
4170.4117145,135,52.4661950996
4170.4117145,136,61.8460688437
4170.4117145,137,66.2594482219
4170.4117145,138,68.9086987402
4170.4117145,139,70.5980660602
4170.4117145,140,71.630732102
4170.4117145,141,72.1434148016
4170.4117145,142,72.1972427007
4170.4117145,143,71.8086006454
4170.4117145,144,70.9596025102
4170.4117145,145,69.6023985319
4170.4117145,146,67.6802701076
4170.4117145,147,65.2775810533
4170.4117145,148,63.3020653179
4170.4117145,149,63.7110640764
4170.4117145,150,65.8676158542
4170.4117145,151,67.9594202947
4170.4117145,152,69.5059462582
4170.4117145,153,70.5139856593
4170.4117145,154,71.0456008311
4170.4117145,155,71.1412921075
4170.4117145,156,70.8099817078
4170.4117145,157,70.0237596597
4170.4117145,158,68.7016386073
4170.4117145,159,66.6625732488
4170.4117145,160,63.4759446154
4170.4117145,161,57.7896383803
4170.4117145,162,43.6392500143
4170.4117145,163,57.5412754253
4170.4117145,164,63.2864833313
4170.4117145,165,66.5023065824
4170.4117145,166,68.6047498173
4170.4117145,167,70.0558330753
4170.4117145,168,71.0662940806
4170.4117145,169,71.7518882659
4170.4117145,170,72.1846640583
4170.4117145,171,72.4138398338
4170.4117145,172,72.4754636673
4170.4117145,173,72.3971229022
4170.4117145,174,72.2001077813
4170.4117145,175,71.9000984293
4170.4117145,176,71.5069662549
4170.4117145,177,71.0241180873
4170.4117145,178,70.4477310711
4170.4117145,179,69.7661138292
4170.4117145,180,68.9592728418
4599.72770792,-180,70.8358518122
4599.72770792,-179,70.4967523608
4599.72770792,-178,70.0469965002
4599.72770792,-177,69.4583856806
4599.72770792,-176,68.6987403931
4599.72770792,-175,67.7329802655
4599.72770792,-174,66.5271037469
4599.72770792,-173,65.0646025652
4599.72770792,-172,63.4049895935
4599.72770792,-171,61.8464878611
4599.72770792,-170,61.0971169172
4599.72770792,-169,61.694911776
4599.72770792,-168,63.1512067419
4599.72770792,-167,64.7339252347
4599.72770792,-166,66.1159067633
4599.72770792,-165,67.2222380649
4599.72770792,-164,68.0590449516
4599.72770792,-163,68.6500630432
4599.72770792,-162,69.0187371969
4599.72770792,-161,69.1843619793
4599.72770792,-160,69.1622846553
4599.72770792,-159,68.9654335341
4599.72770792,-158,68.6067350424
4599.72770792,-157,68.1028977835
4599.72770792,-156,67.4805936681
4599.72770792,-155,66.7861419311
4599.72770792,-154,66.0978378475
4599.72770792,-153,65.5325709433
4599.72770792,-152,65.2259323426
4599.72770792,-151,65.2717301456
4599.72770792,-150,65.6617608926
4599.72770792,-149,66.2960079428
4599.72770792,-148,67.0502155265
4599.72770792,-147,67.8276883118
4599.72770792,-146,68.5706601018
4599.72770792,-145,69.251072778
4599.72770792,-144,69.8588451695
4599.72770792,-143,70.3935088294
4599.72770792,-142,70.859265391
4599.72770792,-141,71.2622937442
4599.72770792,-140,71.6093332922
4599.72770792,-139,71.9069408949
4599.72770792,-138,72.1610869167
4599.72770792,-137,72.3769170059
4599.72770792,-136,72.5585991172
4599.72770792,-135,72.7092283126
4599.72770792,-134,72.8307903668
4599.72770792,-133,72.9241966055
4599.72770792,-132,72.9894012386
4599.72770792,-131,73.0256031782
4599.72770792,-130,73.0315220551
4599.72770792,-129,73.0057275727
4599.72770792,-128,72.9469953431
4599.72770792,-127,72.8546610893
4599.72770792,-126,72.7289464186
4599.72770792,-125,72.5712301137
4599.72770792,-124,72.3842365127
4599.72770792,-123,72.1721066314
4599.72770792,-122,71.9403111267
4599.72770792,-121,71.695363756
4599.72770792,-120,71.4443093415
4599.72770792,-119,71.1939997474
4599.72770792,-118,70.9502342842
4599.72770792,-117,70.7169096524
4599.72770792,-116,70.4953657198
4599.72770792,-115,70.2840953165
4599.72770792,-114,70.0789048101
4599.72770792,-113,69.8735034107
4599.72770792,-112,69.6604199795
4599.72770792,-111,69.4321373584
4599.72770792,-110,69.1823968609
4599.72770792,-109,68.9077253984
4599.72770792,-108,68.6093203367
4599.72770792,-107,68.2954121244
4599.72770792,-106,67.9839691014
4599.72770792,-105,67.7048922801
4599.72770792,-104,67.4995785439
4599.72770792,-103,67.4146860212
4599.72770792,-102,67.4885367525
4599.72770792,-101,67.734767003
4599.72770792,-100,68.1338604515
4599.72770792,-99,68.6393636618
4599.72770792,-98,69.1936008004
4599.72770792,-97,69.7420309336
4599.72770792,-96,70.2404795332
4599.72770792,-95,70.6561868697
4599.72770792,-94,70.9659152577
4599.72770792,-93,71.1535810875
4599.72770792,-92,71.2086542627
4599.72770792,-91,71.1259239243
4599.72770792,-90,70.9071651435
4599.72770792,-89,70.5654928579
4599.72770792,-88,70.133247622
4599.72770792,-87,69.6726871199
4599.72770792,-86,69.282562647
4599.72770792,-85,69.0826621766
4599.72770792,-84,69.1612913809
4599.72770792,-83,69.5157990081
4599.72770792,-82,70.0515579403
4599.72770792,-81,70.6409589213
4599.72770792,-80,71.1775941156
4599.72770792,-79,71.5940258659
4599.72770792,-78,71.8579778188
4599.72770792,-77,71.9658872074
4599.72770792,-76,71.9416940604
4599.72770792,-75,71.8408794028
4599.72770792,-74,71.7529766872
4599.72770792,-73,71.7871849626
4599.72770792,-72,72.0280046336
4599.72770792,-71,72.4824933228
4599.72770792,-70,73.0722631824
4599.72770792,-69,73.679169586
4599.72770792,-68,74.1942411327
4599.72770792,-67,74.5367945238
4599.72770792,-66,74.6512569646
4599.72770792,-65,74.4980476275
4599.72770792,-64,74.0477379004
4599.72770792,-63,73.2845461287
4599.72770792,-62,72.231777649
4599.72770792,-61,71.0290399677
4599.72770792,-60,70.0723082353
4599.72770792,-59,69.9530550111
4599.72770792,-58,70.8019523554
4599.72770792,-57,72.0842095477
4599.72770792,-56,73.2939019099
4599.72770792,-55,74.210565877
4599.72770792,-54,74.7716510633
4599.72770792,-53,74.9699565195
4599.72770792,-52,74.8163503207
4599.72770792,-51,74.3367217484
4599.72770792,-50,73.5927651463
4599.72770792,-49,72.7297607425
4599.72770792,-48,72.0282590938
4599.72770792,-47,71.8274187364
4599.72770792,-46,72.2266939156
4599.72770792,-45,72.9669511284
4599.72770792,-44,73.710565708
4599.72770792,-43,74.2449881542
4599.72770792,-42,74.4723692152
4599.72770792,-41,74.3524786718
4599.72770792,-40,73.8698978405
4599.72770792,-39,73.028827326
4599.72770792,-38,71.8801067837
4599.72770792,-37,70.6043079924
4599.72770792,-36,69.6360152975
4599.72770792,-35,69.523871628
4599.72770792,-34,70.2972211981
4599.72770792,-33,71.4371758273
4599.72770792,-32,72.5167527139
4599.72770792,-31,73.3718254531
4599.72770792,-30,73.980763524
4599.72770792,-29,74.3770705917
4599.72770792,-28,74.614214706
4599.72770792,-27,74.7511216081
4599.72770792,-26,74.8418527768
4599.72770792,-25,74.92516597
4599.72770792,-24,75.0168375317
4599.72770792,-23,75.1094397764
4599.72770792,-22,75.1801291532
4599.72770792,-21,75.2018091533
4599.72770792,-20,75.152404993
4599.72770792,-19,75.0201649647
4599.72770792,-18,74.8057290129
4599.72770792,-17,74.5223899971
4599.72770792,-16,74.1952698177
4599.72770792,-15,73.8591705548
4599.72770792,-14,73.5543857113
4599.72770792,-13,73.3202919395
4599.72770792,-12,73.1880990731
4599.72770792,-11,73.1755122106
4599.72770792,-10,73.2854576587
4599.72770792,-9,73.5085009363
4599.72770792,-8,73.8266504122
4599.72770792,-7,74.2166312603
4599.72770792,-6,74.6522874728
4599.72770792,-5,75.1066111978
4599.72770792,-4,75.5536651474
4599.72770792,-3,75.9701904395
4599.72770792,-2,76.3365871749
4599.72770792,-1,76.6371671825
4599.72770792,0,76.8598140495
4599.72770792,1,76.9952876752
4599.72770792,2,77.0363938179
4599.72770792,3,76.9771766888
4599.72770792,4,76.8122404929
4599.72770792,5,76.5362915629
4599.72770792,6,76.1440339794
4599.72770792,7,75.6306793624
4599.72770792,8,74.9936143127
4599.72770792,9,74.2363280053
4599.72770792,10,73.3766312976
4599.72770792,11,72.461966362
4599.72770792,12,71.5917386367
4599.72770792,13,70.9301527868
4599.72770792,14,70.6621643086
4599.72770792,15,70.8720526542
4599.72770792,16,71.4668282365
4599.72770792,17,72.2565145261
4599.72770792,18,73.0745599884
4599.72770792,19,73.819819324
4599.72770792,20,74.4431283856
4599.72770792,21,74.925228768
4599.72770792,22,75.2618426045
4599.72770792,23,75.455771546
4599.72770792,24,75.5132273948
4599.72770792,25,75.4424009147
4599.72770792,26,75.2531947399
4599.72770792,27,74.9575823648
4599.72770792,28,74.5702921595
4599.72770792,29,74.1095556875
4599.72770792,30,73.5975620744
4599.72770792,31,73.0600927607
4599.72770792,32,72.5247330119
4599.72770792,33,72.0173488242
4599.72770792,34,71.5573890615
4599.72770792,35,71.153701909
4599.72770792,36,70.802938682
4599.72770792,37,70.491498605
4599.72770792,38,70.2000491341
4599.72770792,39,69.9085669688
4599.72770792,40,69.6002591942
4599.72770792,41,69.2638668743
4599.72770792,42,68.8947299144
4599.72770792,43,68.4952879057
4599.72770792,44,68.0755906067
4599.72770792,45,67.6540930378
4599.72770792,46,67.2585161278
4599.72770792,47,66.9257521233
4599.72770792,48,66.6988353213
4599.72770792,49,66.618924874
4599.72770792,50,66.7128557964
4599.72770792,51,66.9818483184
4599.72770792,52,67.3990910986
4599.72770792,53,67.9182910501
4599.72770792,54,68.4871427717
4599.72770792,55,69.058098009
4599.72770792,56,69.5934056249
4599.72770792,57,70.0656384616
4599.72770792,58,70.4560500235
4599.72770792,59,70.7524178713
4599.72770792,60,70.9471289557
4599.72770792,61,71.0357072293
4599.72770792,62,71.0157443108
4599.72770792,63,70.8861226833
4599.72770792,64,70.6464167686
4599.72770792,65,70.2963738472
4599.72770792,66,69.8354015981
4599.72770792,67,69.2620298374
4599.72770792,68,68.57339867
4599.72770792,69,67.7650181325
4599.72770792,70,66.8314975641
4599.72770792,71,65.7700241754
4599.72770792,72,64.5908833123
4599.72770792,73,63.3441705854
4599.72770792,74,62.1742189166
4599.72770792,75,61.3762665189
4599.72770792,76,61.2983707351
4599.72770792,77,62.0027307697
4599.72770792,78,63.1780769349
4599.72770792,79,64.470341861
4599.72770792,80,65.6743679632
4599.72770792,81,66.7035909367
4599.72770792,82,67.5273178779
4599.72770792,83,68.1350902355
4599.72770792,84,68.520933415
4599.72770792,85,68.67660242
4599.72770792,86,68.5882656635
4599.72770792,87,68.2343994146
4599.72770792,88,67.5846507033
4599.72770792,89,66.6024371635
4599.72770792,90,65.2641043512
4599.72770792,91,63.6438133468
4599.72770792,92,62.1862018424
4599.72770792,93,61.935721555
4599.72770792,94,63.2933624904
4599.72770792,95,65.2600601072
4599.72770792,96,67.0613594921
4599.72770792,97,68.4786051642
4599.72770792,98,69.4900567514
4599.72770792,99,70.1103750856
4599.72770792,100,70.3477377031
4599.72770792,101,70.1928902357
4599.72770792,102,69.6146178982
4599.72770792,103,68.5567907667
4599.72770792,104,66.9479697446
4599.72770792,105,64.800509335
4599.72770792,106,62.7463855966
4599.72770792,107,62.7472300759
4599.72770792,108,64.9094558504
4599.72770792,109,67.2288645345
4599.72770792,110,68.9836475083
4599.72770792,111,70.1265549582
4599.72770792,112,70.7014995011
4599.72770792,113,70.7266567363
4599.72770792,114,70.1725625863
4599.72770792,115,68.9443796972
4599.72770792,116,66.8498966414
4599.72770792,117,63.6324038899
4599.72770792,118,60.3619685516
4599.72770792,119,62.3197976811
4599.72770792,120,66.2232407595
4599.72770792,121,69.0416710077
4599.72770792,122,70.8776071798
4599.72770792,123,71.9650553772
4599.72770792,124,72.4276565069
4599.72770792,125,72.3064492584
4599.72770792,126,71.5728297244
4599.72770792,127,70.1105980036
4599.72770792,128,67.6408702698
4599.72770792,129,63.4928410147
4599.72770792,130,56.9557787594
4599.72770792,131,60.0517674557
4599.72770792,132,65.4962263313
4599.72770792,133,68.6219068425
4599.72770792,134,70.4462145374
4599.72770792,135,71.4089336051
4599.72770792,136,71.6927078705
4599.72770792,137,71.3616265982
4599.72770792,138,70.4052989533
4599.72770792,139,68.7534725027
4599.72770792,140,66.3293635456
4599.72770792,141,63.5188029688
4599.72770792,142,62.7465525452
4599.72770792,143,65.057382349
4599.72770792,144,67.5976475927
4599.72770792,145,69.4242505907
4599.72770792,146,70.5709705518
4599.72770792,147,71.1573087726
4599.72770792,148,71.2751306422
4599.72770792,149,70.9976432004
4599.72770792,150,70.4069057477
4599.72770792,151,69.6337917555
4599.72770792,152,68.8990923468
4599.72770792,153,68.4840824621
4599.72770792,154,68.5466767807
4599.72770792,155,68.9650986236
4599.72770792,156,69.4657960993
4599.72770792,157,69.8215030765
4599.72770792,158,69.8975274108
4599.72770792,159,69.6132000096
4599.72770792,160,68.8979291195
4599.72770792,161,67.6523341943
4599.72770792,162,65.6921184869
4599.72770792,163,62.6049959844
4599.72770792,164,57.1798958968
4599.72770792,165,46.4654926038
4599.72770792,166,56.6257326177
4599.72770792,167,62.2595056785
4599.72770792,168,65.445387077
4599.72770792,169,67.5198198123
4599.72770792,170,68.9420012317
4599.72770792,171,69.9271480385
4599.72770792,172,70.5975972464
4599.72770792,173,71.033160546
4599.72770792,174,71.2913139242
4599.72770792,175,71.4157831763
4599.72770792,176,71.4397450284
4599.72770792,177,71.3863575846
4599.72770792,178,71.268292788
4599.72770792,179,71.087495506
4599.72770792,180,70.8358518122
5073.23891152,-180,70.0170866549
5073.23891152,-179,69.064128415
5073.23891152,-178,67.8786321718
5073.23891152,-177,66.4031712351
5073.23891152,-176,64.5940871607
5073.23891152,-175,62.529865678
5073.23891152,-174,60.7806861451
5073.23891152,-173,60.6190882443
5073.23891152,-172,62.1883004853
5073.23891152,-171,64.208285649
5073.23891152,-170,65.9878589904
5073.23891152,-169,67.4004311383
5073.23891152,-168,68.4722624421
5073.23891152,-167,69.2511745886
5073.23891152,-166,69.7795106609
5073.23891152,-165,70.0913671838
5073.23891152,-164,70.2146795659
5073.23891152,-163,70.1740444923
5073.23891152,-162,69.9936558978
5073.23891152,-161,69.7004784465
5073.23891152,-160,69.3277585214
5073.23891152,-159,68.9184326985
5073.23891152,-158,68.526792502
5073.23891152,-157,68.2152096377
5073.23891152,-156,68.0428078967
5073.23891152,-155,68.0479159815
5073.23891152,-154,68.2343928931
5073.23891152,-153,68.5727584679
5073.23891152,-152,69.0151935154
5073.23891152,-151,69.5127665138
5073.23891152,-150,70.0256785778
5073.23891152,-149,70.5256689906
5073.23891152,-148,70.9940379913
5073.23891152,-147,71.4184959241
5073.23891152,-146,71.7904959598
5073.23891152,-145,72.1035724031
5073.23891152,-144,72.3526632719
5073.23891152,-143,72.5342014696
5073.23891152,-142,72.6467208942
5073.23891152,-141,72.6917379602
5073.23891152,-140,72.6746719899
5073.23891152,-139,72.605517428
5073.23891152,-138,72.4988723714
5073.23891152,-137,72.3728387964
5073.23891152,-136,72.2464315035
5073.23891152,-135,72.1356835343
5073.23891152,-134,72.0495564014
5073.23891152,-133,71.9874316617
5073.23891152,-132,71.939559409
5073.23891152,-131,71.8903821875
5073.23891152,-130,71.823268739
5073.23891152,-129,71.7249112104
5073.23891152,-128,71.5883167504
5073.23891152,-127,71.4141110819
5073.23891152,-126,71.2102377621
5073.23891152,-125,70.9901668676
5073.23891152,-124,70.7698025229
5073.23891152,-123,70.56368192
5073.23891152,-122,70.3816634721
5073.23891152,-121,70.2275292361
5073.23891152,-120,70.1002507494
5073.23891152,-119,69.9973281749
5073.23891152,-118,69.9185223917
5073.23891152,-117,69.8681045634
5073.23891152,-116,69.8543639169
5073.23891152,-115,69.8862171147
5073.23891152,-114,69.9681414352
5073.23891152,-113,70.0958027115
5073.23891152,-112,70.2546911659
5073.23891152,-111,70.4224365314
5073.23891152,-110,70.5734500145
5073.23891152,-109,70.6837920254
5073.23891152,-108,70.7349360219
5073.23891152,-107,70.7163256102
5073.23891152,-106,70.6273608979
5073.23891152,-105,70.4794715087
5073.23891152,-104,70.2982954974
5073.23891152,-103,70.1246374705
5073.23891152,-102,70.0110547146
5073.23891152,-101,70.0104257106
5073.23891152,-100,70.1572643728
5073.23891152,-99,70.4514971788
5073.23891152,-98,70.8571528415
5073.23891152,-97,71.3168791588
5073.23891152,-96,71.7704822146
5073.23891152,-95,72.1668482995
5073.23891152,-94,72.4676121906
5073.23891152,-93,72.6461825398
5073.23891152,-92,72.6858474139
5073.23891152,-91,72.5792848891
5073.23891152,-90,72.3310045341
5073.23891152,-89,71.9641313412
5073.23891152,-88,71.5321801483
5073.23891152,-87,71.1314739612
5073.23891152,-86,70.8962721402
5073.23891152,-85,70.9490869581
5073.23891152,-84,71.3197033477
5073.23891152,-83,71.9179052573
5073.23891152,-82,72.5961972833
5073.23891152,-81,73.2243190504
5073.23891152,-80,73.7171393168
5073.23891152,-79,74.0298640211
5073.23891152,-78,74.1474354012
5073.23891152,-77,74.0799093938
5073.23891152,-76,73.8657297647
5073.23891152,-75,73.5795574757
5073.23891152,-74,73.3326206058
5073.23891152,-73,73.2432014763
5073.23891152,-72,73.3713282617
5073.23891152,-71,73.6697296972
5073.23891152,-70,74.0091202185
5073.23891152,-69,74.2449056361
5073.23891152,-68,74.258944827
5073.23891152,-67,73.9666595204
5073.23891152,-66,73.31714962
5073.23891152,-65,72.3228172203
5073.23891152,-64,71.1797457164
5073.23891152,-63,70.4898104901
5073.23891152,-62,70.9937327027
5073.23891152,-61,72.4879788946
5073.23891152,-60,74.1587902549
5073.23891152,-59,75.541818553
5073.23891152,-58,76.4991105592
5073.23891152,-57,77.0060117282
5073.23891152,-56,77.0614940792
5073.23891152,-55,76.6657159458
5073.23891152,-54,75.8311589686
5073.23891152,-53,74.6436120256
5073.23891152,-52,73.4306512053
5073.23891152,-51,72.920574845
5073.23891152,-50,73.6193883344
5073.23891152,-49,75.0047159849
5073.23891152,-48,76.3551496875
5073.23891152,-47,77.3522463758
5073.23891152,-46,77.9166684273
5073.23891152,-45,78.0441872203
5073.23891152,-44,77.7500724691
5073.23891152,-43,77.0659717106
5073.23891152,-42,76.0730040604
5073.23891152,-41,74.9802891384
5073.23891152,-40,74.1980745723
5073.23891152,-39,74.1372839034
5073.23891152,-38,74.7364888958
5073.23891152,-37,75.5497072964
5073.23891152,-36,76.2172939239
5073.23891152,-35,76.578995992
5073.23891152,-34,76.5885636543
5073.23891152,-33,76.2514385647
5073.23891152,-32,75.6096076631
5073.23891152,-31,74.7612031071
5073.23891152,-30,73.9024861195
5073.23891152,-29,73.3336118731
5073.23891152,-28,73.304128086
5073.23891152,-27,73.7825004409
5073.23891152,-26,74.5117624946
5073.23891152,-25,75.2540777096
5073.23891152,-24,75.8870373483
5073.23891152,-23,76.3733317048
5073.23891152,-22,76.7168285322
5073.23891152,-21,76.936072598
5073.23891152,-20,77.0513066099
5073.23891152,-19,77.0790302505
5073.23891152,-18,77.030864779
5073.23891152,-17,76.9148977596
5073.23891152,-16,76.7380381961
5073.23891152,-15,76.5080919676
5073.23891152,-14,76.2346647558
5073.23891152,-13,75.9286379672
5073.23891152,-12,75.6007535833
5073.23891152,-11,75.2605941033
5073.23891152,-10,74.9175540059
5073.23891152,-9,74.5848159177
5073.23891152,-8,74.2856769111
5073.23891152,-7,74.0589019854
5073.23891152,-6,73.9567971075
5073.23891152,-5,74.0298137182
5073.23891152,-4,74.3008926061
5073.23891152,-3,74.7477524892
5073.23891152,-2,75.3098335823
5073.23891152,-1,75.9131517792
5073.23891152,0,76.4925827623
5073.23891152,1,77.0012944783
5073.23891152,2,77.4102535159
5073.23891152,3,77.7038958712
5073.23891152,4,77.8756258484
5073.23891152,5,77.9243462243
5073.23891152,6,77.852064651
5073.23891152,7,77.6623131402
5073.23891152,8,77.3591599021
5073.23891152,9,76.9467544068
5073.23891152,10,76.4295665173
5073.23891152,11,75.8137727638
5073.23891152,12,75.1106347706
5073.23891152,13,74.3431185896
5073.23891152,14,73.5567597552
5073.23891152,15,72.8325681954
5073.23891152,16,72.2896084662
5073.23891152,17,72.052700662
5073.23891152,18,72.1812142901
5073.23891152,19,72.6213716485
5073.23891152,20,73.2422453357
5073.23891152,21,73.9096916445
5073.23891152,22,74.5270510367
5073.23891152,23,75.03716133
5073.23891152,24,75.4103904232
5073.23891152,25,75.6334706478
5073.23891152,26,75.702523514
5073.23891152,27,75.6196176386
5073.23891152,28,75.3917472459
5073.23891152,29,75.0314946965
5073.23891152,30,74.5589110712
5073.23891152,31,74.0040042143
5073.23891152,32,73.4084559369
5073.23891152,33,72.8238907452
5073.23891152,34,72.303472134
5073.23891152,35,71.8866317324
5073.23891152,36,71.5839661371
5073.23891152,37,71.3733505045
5073.23891152,38,71.2107788418
5073.23891152,39,71.0476196868
5073.23891152,40,70.8440272165
5073.23891152,41,70.5751364634
5073.23891152,42,70.2323052112
5073.23891152,43,69.8225718391
5073.23891152,44,69.3680354148
5073.23891152,45,68.9051450327
5073.23891152,46,68.4824890874
5073.23891152,47,68.1549452491
5073.23891152,48,67.9730273349
5073.23891152,49,67.9697641662
5073.23891152,50,68.1512967295
5073.23891152,51,68.4966358493
5073.23891152,52,68.9659083428
5073.23891152,53,69.5113557319
5073.23891152,54,70.0859659835
5073.23891152,55,70.6481832247
5073.23891152,56,71.1635391529
5073.23891152,57,71.6045259075
5073.23891152,58,71.9496620845
5073.23891152,59,72.1822834779
5073.23891152,60,72.2893190787
5073.23891152,61,72.2601596241
5073.23891152,62,72.0856385346
5073.23891152,63,71.7570928123
5073.23891152,64,71.2654385761
5073.23891152,65,70.6001761614
5073.23891152,66,69.748242827
5073.23891152,67,68.6927140303
5073.23891152,68,67.4117362916
5073.23891152,69,65.8795698033
5073.23891152,70,64.0772645964
5073.23891152,71,62.0407530833
5073.23891152,72,60.0265876945
5073.23891152,73,58.8025907519
5073.23891152,74,59.1722308362
5073.23891152,75,60.6662142685
5073.23891152,76,62.3684571102
5073.23891152,77,63.87886091
5073.23891152,78,65.1115468214
5073.23891152,79,66.0683423052
5073.23891152,80,66.7634329039
5073.23891152,81,67.2042830951
5073.23891152,82,67.3872541939
5073.23891152,83,67.2958517898
5073.23891152,84,66.8980397481
5073.23891152,85,66.141239625
5073.23891152,86,64.9452396781
5073.23891152,87,63.2033512045
5073.23891152,88,60.8759003216
5073.23891152,89,58.6606689296
5073.23891152,90,59.0536535915
5073.23891152,91,61.85071069
5073.23891152,92,64.617252605
5073.23891152,93,66.7545840557
5073.23891152,94,68.3020101792
5073.23891152,95,69.3459443516
5073.23891152,96,69.9411597212
5073.23891152,97,70.10982133
5073.23891152,98,69.8467632565
5073.23891152,99,69.1243490693
5073.23891152,100,67.9068006312
5073.23891152,101,66.2213692748
5073.23891152,102,64.4554925758
5073.23891152,103,63.8572554619
5073.23891152,104,65.1765538633
5073.23891152,105,67.1596697209
5073.23891152,106,68.824648358
5073.23891152,107,69.9364380574
5073.23891152,108,70.4786060806
5073.23891152,109,70.4562787256
5073.23891152,110,69.8554994688
5073.23891152,111,68.6551253796
5073.23891152,112,66.9349337797
5073.23891152,113,65.3108357882
5073.23891152,114,65.2986277935
5073.23891152,115,67.033824734
5073.23891152,116,68.9733617793
5073.23891152,117,70.3809268913
5073.23891152,118,71.1209094656
5073.23891152,119,71.1641383838
5073.23891152,120,70.4330941034
5073.23891152,121,68.7073221564
5073.23891152,122,65.3708322257
5073.23891152,123,57.9169092326
5073.23891152,124,52.9031730076
5073.23891152,125,64.2533375793
5073.23891152,126,68.7634192838
5073.23891152,127,71.2716438945
5073.23891152,128,72.6724435645
5073.23891152,129,73.2665945236
5073.23891152,130,73.1557368387
5073.23891152,131,72.3276968709
5073.23891152,132,70.6495608722
5073.23891152,133,67.7594222787
5073.23891152,134,62.6208528579
5073.23891152,135,53.7817923174
5073.23891152,136,61.1718193078
5073.23891152,137,66.2760734492
5073.23891152,138,68.8565568553
5073.23891152,139,70.112171364
5073.23891152,140,70.4399243441
5073.23891152,141,69.9776295552
5073.23891152,142,68.7513767952
5073.23891152,143,66.7897307344
5073.23891152,144,64.5567514242
5073.23891152,145,63.9207165107
5073.23891152,146,65.730711442
5073.23891152,147,67.9458684247
5073.23891152,148,69.5976689074
5073.23891152,149,70.6152659249
5073.23891152,150,71.0817957544
5073.23891152,151,71.0836471964
5073.23891152,152,70.7050031298
5073.23891152,153,70.0508391289
5073.23891152,154,69.2745960372
5073.23891152,155,68.5776800949
5073.23891152,156,68.127206624
5073.23891152,157,67.9253417261
5073.23891152,158,67.7964394585
5073.23891152,159,67.5074123686
5073.23891152,160,66.8527274298
5073.23891152,161,65.6487122876
5073.23891152,162,63.6946927068
5073.23891152,163,60.8591225887
5073.23891152,164,58.3836094974
5073.23891152,165,60.1692354114
5073.23891152,166,63.7581155359
5073.23891152,167,66.6232542352
5073.23891152,168,68.7044311906
5073.23891152,169,70.1999017142
5073.23891152,170,71.2556918566
5073.23891152,171,71.9693997876
5073.23891152,172,72.409064754
5073.23891152,173,72.624977386
5073.23891152,174,72.6559622778
5073.23891152,175,72.5321735603
5073.23891152,176,72.2756321598
5073.23891152,177,71.8993602286
5073.23891152,178,71.4058929133
5073.23891152,179,70.7858655349
5073.23891152,180,70.0170866549
5595.49492658,-180,68.6455020271
5595.49492658,-179,67.4712126431
5595.49492658,-178,66.4799991408
5595.49492658,-177,65.909588584
5595.49492658,-176,65.9286301059
5595.49492658,-175,66.4652504955
5595.49492658,-174,67.2702326043
5595.49492658,-173,68.1116985797
5595.49492658,-172,68.8542390024
5595.49492658,-171,69.4386387254
5595.49492658,-170,69.8476987851
5595.49492658,-169,70.0851238945
5595.49492658,-168,70.1656527001
5595.49492658,-167,70.1112678568
5595.49492658,-166,69.9501311067
5595.49492658,-165,69.7162428303
5595.49492658,-164,69.4483816048
5595.49492658,-163,69.1872239235
5595.49492658,-162,68.9703384968
5595.49492658,-161,68.8262376352
5595.49492658,-160,68.7700222519
5595.49492658,-159,68.8028420142
5595.49492658,-158,68.9151550205
5595.49492658,-157,69.0915901682
5595.49492658,-156,69.3150051298
5595.49492658,-155,69.5687096249
5595.49492658,-154,69.8371558223
5595.49492658,-153,70.1058356517
5595.49492658,-152,70.3609082442
5595.49492658,-151,70.5887446791
5595.49492658,-150,70.7754083066
5595.49492658,-149,70.9060877258
5595.49492658,-148,70.9645486593
5595.49492658,-147,70.9326770876
5595.49492658,-146,70.79013009
5595.49492658,-145,70.5140307087
5595.49492658,-144,70.0785947462
5595.49492658,-143,69.4546191261
5595.49492658,-142,68.6090066612
5595.49492658,-141,67.5053388435
5595.49492658,-140,66.1093475933
5595.49492658,-139,64.4128077951
5595.49492658,-138,62.5179121972
5595.49492658,-137,60.8499151791
5595.49492658,-136,60.2297124831
5595.49492658,-135,60.9332066172
5595.49492658,-134,62.2203258613
5595.49492658,-133,63.4499460391
5595.49492658,-132,64.4108574511
5595.49492658,-131,65.0888718647
5595.49492658,-130,65.5314023463
5595.49492658,-129,65.8062179819
5595.49492658,-128,65.990443148
5595.49492658,-127,66.1631466795
5595.49492658,-126,66.3925841956
5595.49492658,-125,66.7201591018
5595.49492658,-124,67.1513524576
5595.49492658,-123,67.6614456136
5595.49492658,-122,68.2116673443
5595.49492658,-121,68.7645246339
5595.49492658,-120,69.2917864654
5595.49492658,-119,69.7757890188
5595.49492658,-118,70.2074236552
5595.49492658,-117,70.583400525
5595.49492658,-116,70.9039640569
5595.49492658,-115,71.1713282361
5595.49492658,-114,71.3887090127
5595.49492658,-113,71.5597257563
5595.49492658,-112,71.6879634025
5595.49492658,-111,71.7765578743
5595.49492658,-110,71.8277590862
5595.49492658,-109,71.8425217148
5595.49492658,-108,71.8202584722
5595.49492658,-107,71.7589499196
5595.49492658,-106,71.6558352052
5595.49492658,-105,71.5089217277
5595.49492658,-104,71.319560004
5595.49492658,-103,71.0962817112
5595.49492658,-102,70.8597562595
5595.49492658,-101,70.6475348271
5595.49492658,-100,70.5146751397
5595.49492658,-99,70.5237166853
5595.49492658,-98,70.7207989701
5595.49492658,-97,71.1089759011
5595.49492658,-96,71.6408132447
5595.49492658,-95,72.2373812574
5595.49492658,-94,72.81576205
5595.49492658,-93,73.3062756361
5595.49492658,-92,73.6566231524
5595.49492658,-91,73.8293616592
5595.49492658,-90,73.7988906221
5595.49492658,-89,73.552043162
5595.49492658,-88,73.0965559678
5595.49492658,-87,72.4842497233
5595.49492658,-86,71.85392565
5595.49492658,-85,71.4633768454
5595.49492658,-84,71.5919788113
5595.49492658,-83,72.28525293
5595.49492658,-82,73.2955675728
5595.49492658,-81,74.3241240657
5595.49492658,-80,75.1806876006
5595.49492658,-79,75.7750968727
5595.49492658,-78,76.070789474
5595.49492658,-77,76.0561483808
5595.49492658,-76,75.7353389755
5595.49492658,-75,75.1344499712
5595.49492658,-74,74.3232683642
5595.49492658,-73,73.44871315
5595.49492658,-72,72.7398003058
5595.49492658,-71,72.3965588756
5595.49492658,-70,72.4048941129
5595.49492658,-69,72.543000116
5595.49492658,-68,72.5813186532
5595.49492658,-67,72.4246880801
5595.49492658,-66,72.174177761
5595.49492658,-65,72.1571078598
5595.49492658,-64,72.7448715236
5595.49492658,-63,73.9209336579
5595.49492658,-62,75.2852611814
5595.49492658,-61,76.4694305256
5595.49492658,-60,77.2792664989
5595.49492658,-59,77.623409621
5595.49492658,-58,77.4400578798
5595.49492658,-57,76.6564395005
5595.49492658,-56,75.1721619699
5595.49492658,-55,72.9183085954
5595.49492658,-54,70.4084125217
5595.49492658,-53,70.1153439054
5595.49492658,-52,72.4920094965
5595.49492658,-51,74.8638697041
5595.49492658,-50,76.4416972817
5595.49492658,-49,77.2385070466
5595.49492658,-48,77.3281911316
5595.49492658,-47,76.7524215885
5595.49492658,-46,75.5561508928
5595.49492658,-45,73.9500979069
5595.49492658,-44,72.7281385207
5595.49492658,-43,73.0603202223
5595.49492658,-42,74.5834600539
5595.49492658,-41,76.1220706988
5595.49492658,-40,77.1926179913
5595.49492658,-39,77.7324749243
5595.49492658,-38,77.7976306709
5595.49492658,-37,77.495847603
5595.49492658,-36,77.0052297605
5595.49492658,-35,76.5913900351
5595.49492658,-34,76.5165931098
5595.49492658,-33,76.8376488038
5595.49492658,-32,77.3674114831
5595.49492658,-31,77.8696923963
5595.49492658,-30,78.1991904917
5595.49492658,-29,78.3074993839
5595.49492658,-28,78.2099730908
5595.49492658,-27,77.9600410272
5595.49492658,-26,77.6301291857
5595.49492658,-25,77.2908081
5595.49492658,-24,76.9901114568
5595.49492658,-23,76.7465758071
5595.49492658,-22,76.5643451285
5595.49492658,-21,76.4580155937
5595.49492658,-20,76.4630693351
5595.49492658,-19,76.6172264926
5595.49492658,-18,76.9244315293
5595.49492658,-17,77.3365486433
5595.49492658,-16,77.7721771009
5595.49492658,-15,78.1516252617
5595.49492658,-14,78.4199827237
5595.49492658,-13,78.5530101503
5595.49492658,-12,78.5539838718
5595.49492658,-11,78.4477053306
5595.49492658,-10,78.2725560845
5595.49492658,-9,78.0692304392
5595.49492658,-8,77.8670317621
5595.49492658,-7,77.6734809729
5595.49492658,-6,77.474466935
5595.49492658,-5,77.2465025129
5595.49492658,-4,76.9756866132
5595.49492658,-3,76.676769789
5595.49492658,-2,76.4066402824
5595.49492658,-1,76.2613312161
5595.49492658,0,76.3400511645
5595.49492658,1,76.6829237036
5595.49492658,2,77.2374535891
5595.49492658,3,77.89228168
5595.49492658,4,78.5363681487
5595.49492658,5,79.0909837548
5595.49492658,6,79.5115281426
5595.49492658,7,79.7778832557
5595.49492658,8,79.8849050491
5595.49492658,9,79.8359800107
5595.49492658,10,79.6391609681
5595.49492658,11,79.3048429549
5595.49492658,12,78.8442291605
5595.49492658,13,78.2683039159
5595.49492658,14,77.5875979844
5595.49492658,15,76.8137635456
5595.49492658,16,75.9648772492
5595.49492658,17,75.0770778839
5595.49492658,18,74.2235338195
5595.49492658,19,73.5312827417
5595.49492658,20,73.1620107778
5595.49492658,21,73.222725247
5595.49492658,22,73.6709963719
5595.49492658,23,74.3413928409
5595.49492658,24,75.0557448006
5595.49492658,25,75.6887251184
5595.49492658,26,76.1700787703
5595.49492658,27,76.4658161288
5595.49492658,28,76.5623912955
5595.49492658,29,76.4580797779
5595.49492658,30,76.1600490945
5595.49492658,31,75.6856119856
5595.49492658,32,75.0668588201
5595.49492658,33,74.3573701699
5595.49492658,34,73.636530084
5595.49492658,35,73.0012545944
5595.49492658,36,72.5352130133
5595.49492658,37,72.2668796058
5595.49492658,38,72.1540896548
5595.49492658,39,72.1128731133
5595.49492658,40,72.0607545219
5595.49492658,41,71.9421500856
5595.49492658,42,71.7332684511
5595.49492658,43,71.4376824663
5595.49492658,44,71.0799273938
5595.49492658,45,70.6985020697
5595.49492658,46,70.337318384
5595.49492658,47,70.0359391494
5595.49492658,48,69.8219130372
5595.49492658,49,69.7092740591
5595.49492658,50,69.7032836161
5595.49492658,51,69.8061540808
5595.49492658,52,70.0177950764
5595.49492658,53,70.3305855184
5595.49492658,54,70.7230782333
5595.49492658,55,71.1587351988
5595.49492658,56,71.5911639964
5595.49492658,57,71.972078002
5595.49492658,58,72.2574276838
5595.49492658,59,72.4098827331
5595.49492658,60,72.3983351806
5595.49492658,61,72.1958188627
5595.49492658,62,71.7768885832
5595.49492658,63,71.1150318522
5595.49492658,64,70.1806682708
5595.49492658,65,68.9414748532
5595.49492658,66,67.371807714
5595.49492658,67,65.4962857101
5595.49492658,68,63.5420728447
5595.49492658,69,62.2303758471
5595.49492658,70,62.4137779279
5595.49492658,71,63.7394231227
5595.49492658,72,65.2910764963
5595.49492658,73,66.6474997352
5595.49492658,74,67.7278668205
5595.49492658,75,68.5513736416
5595.49492658,76,69.1523895757
5595.49492658,77,69.557808013
5595.49492658,78,69.7818596764
5595.49492658,79,69.8254429416
5595.49492658,80,69.6763683184
5595.49492658,81,69.3092433182
5595.49492658,82,68.6843058125
5595.49492658,83,67.74513609
5595.49492658,84,66.4181707116
5595.49492658,85,64.6331014298
5595.49492658,86,62.4663932525
5595.49492658,87,60.7431049131
5595.49492658,88,61.2183109962
5595.49492658,89,63.4186440653
5595.49492658,90,65.6380450661
5595.49492658,91,67.335839689
5595.49492658,92,68.4741535487
5595.49492658,93,69.0858248439
5595.49492658,94,69.1860775302
5595.49492658,95,68.7605334125
5595.49492658,96,67.7730279496
5595.49492658,97,66.2209227201
5595.49492658,98,64.4083901143
5595.49492658,99,63.6148680703
5595.49492658,100,64.971934078
5595.49492658,101,67.1610302436
5595.49492658,102,68.9976240157
5595.49492658,103,70.2171141438
5595.49492658,104,70.8147029595
5595.49492658,105,70.8112573766
5595.49492658,106,70.2203511356
5595.49492658,107,69.0948016456
5595.49492658,108,67.7134979198
5595.49492658,109,66.9257360902
5595.49492658,110,67.5879747915
5595.49492658,111,69.092087754
5595.49492658,112,70.4358883099
5595.49492658,113,71.1994493463
5595.49492658,114,71.2472106857
5595.49492658,115,70.4662689124
5595.49492658,116,68.6405039606
5595.49492658,117,65.3553797805
5595.49492658,118,61.0285326391
5595.49492658,119,62.9517738007
5595.49492658,120,67.3775527769
5595.49492658,121,70.1461569466
5595.49492658,122,71.588319535
5595.49492658,123,71.9608541138
5595.49492658,124,71.2769582786
5595.49492658,125,69.2642201679
5595.49492658,126,64.9171089912
5595.49492658,127,53.103998367
5595.49492658,128,62.4726452707
5595.49492658,129,69.0490281991
5595.49492658,130,72.3599720929
5595.49492658,131,74.1754673806
5595.49492658,132,74.9928613119
5595.49492658,133,74.9766664701
5595.49492658,134,74.129558135
5595.49492658,135,72.2953612897
5595.49492658,136,69.0051091791
5595.49492658,137,62.7283383211
5595.49492658,138,55.5350130218
5595.49492658,139,64.9162274442
5595.49492658,140,69.1324448811
5595.49492658,141,71.1534445473
5595.49492658,142,71.9195259616
5595.49492658,143,71.7387968071
5595.49492658,144,70.7153714582
5595.49492658,145,68.9245745983
5595.49492658,146,66.7955972981
5595.49492658,147,65.8970764603
5595.49492658,148,67.1898424685
5595.49492658,149,69.0075554726
5595.49492658,150,70.2911113875
5595.49492658,151,70.8720741144
5595.49492658,152,70.7725011475
5595.49492658,153,70.0128682943
5595.49492658,154,68.5844958969
5595.49492658,155,66.4739355199
5595.49492658,156,63.8041894807
5595.49492658,157,61.3247599241
5595.49492658,158,60.4876030949
5595.49492658,159,61.0136148648
5595.49492658,160,61.4874480725
5595.49492658,161,61.5816831392
5595.49492658,162,61.9624943848
5595.49492658,163,63.5282600784
5595.49492658,164,65.9777632162
5595.49492658,165,68.4343674731
5595.49492658,166,70.5036307175
5595.49492658,167,72.1237375346
5595.49492658,168,73.329375739
5595.49492658,169,74.1703645123
5595.49492658,170,74.6919670925
5595.49492658,171,74.9321124845
5595.49492658,172,74.9225752243
5595.49492658,173,74.6906881731
5595.49492658,174,74.260687925
5595.49492658,175,73.6544524669
5595.49492658,176,72.8916569765
5595.49492658,177,71.9897674617
5595.49492658,178,70.9651203487
5595.49492658,179,69.837840232
5595.49492658,180,68.6455020271
6171.51370543,-180,72.9105930042
6171.51370543,-179,73.4208731397
6171.51370543,-178,73.7157444142
6171.51370543,-177,73.8467878769
6171.51370543,-176,73.8494168072
6171.51370543,-175,73.7455494937
6171.51370543,-174,73.5468540574
6171.51370543,-173,73.2595525971
6171.51370543,-172,72.8908476897
6171.51370543,-171,72.4564408207
6171.51370543,-170,71.9879067834
6171.51370543,-169,71.5368305677
6171.51370543,-168,71.1695660552
6171.51370543,-167,70.9467332831
6171.51370543,-166,70.893124667
6171.51370543,-165,70.980298888
6171.51370543,-164,71.1382928037
6171.51370543,-163,71.2842215143
6171.51370543,-162,71.3442944973
6171.51370543,-161,71.2607008956
6171.51370543,-160,70.9884934022
6171.51370543,-159,70.4893750339
6171.51370543,-158,69.7267952241
6171.51370543,-157,68.6671133595
6171.51370543,-156,67.3011276757
6171.51370543,-155,65.7342199608
6171.51370543,-154,64.435123196
6171.51370543,-153,64.3334870494
6171.51370543,-152,65.6828163223
6171.51370543,-151,67.6057086634
6171.51370543,-150,69.4314659012
6171.51370543,-149,70.9596182697
6171.51370543,-148,72.1728214558
6171.51370543,-147,73.0974460381
6171.51370543,-146,73.7642071782
6171.51370543,-145,74.1996164211
6171.51370543,-144,74.4254894218
6171.51370543,-143,74.4603658142
6171.51370543,-142,74.3213297822
6171.51370543,-141,74.0259659268
6171.51370543,-140,73.5944855118
6171.51370543,-139,73.0520250799
6171.51370543,-138,72.4308440517
6171.51370543,-137,71.7715961391
6171.51370543,-136,71.1221539365
6171.51370543,-135,70.532319455
6171.51370543,-134,70.0443849739
6171.51370543,-133,69.6830706644
6171.51370543,-132,69.4507131549
6171.51370543,-131,69.3307339168
6171.51370543,-130,69.2963219071
6171.51370543,-129,69.3185518867
6171.51370543,-128,69.3707058523
6171.51370543,-127,69.4292312058
6171.51370543,-126,69.473273216
6171.51370543,-125,69.4842607162
6171.51370543,-124,69.4460449635
6171.51370543,-123,69.3454688781
6171.51370543,-122,69.1731123869
6171.51370543,-121,68.9241165901
6171.51370543,-120,68.5992251135
6171.51370543,-119,68.2063939329
6171.51370543,-118,67.7634624838
6171.51370543,-117,67.3022814841
6171.51370543,-116,66.8738017839
6171.51370543,-115,66.5509131962
6171.51370543,-114,66.4212938736
6171.51370543,-113,66.5620943461
6171.51370543,-112,67.0033723606
6171.51370543,-111,67.7093656305
6171.51370543,-110,68.5970678414
6171.51370543,-109,69.5730872662
6171.51370543,-108,70.5593018713
6171.51370543,-107,71.4998818333
6171.51370543,-106,72.3578145018
6171.51370543,-105,73.1088880244
6171.51370543,-104,73.7365566064
6171.51370543,-103,74.2283350361
6171.51370543,-102,74.5734528693
6171.51370543,-101,74.7614134312
6171.51370543,-100,74.7812837821
6171.51370543,-99,74.6218479089
6171.51370543,-98,74.2732933663
6171.51370543,-97,73.7322027197
6171.51370543,-96,73.0138279959
6171.51370543,-95,72.178661651
6171.51370543,-94,71.3765153523
6171.51370543,-93,70.8699375429
6171.51370543,-92,70.9172707203
6171.51370543,-91,71.5264121895
6171.51370543,-90,72.4379294227
6171.51370543,-89,73.3677951881
6171.51370543,-88,74.1431492635
6171.51370543,-87,74.6874303002
6171.51370543,-86,74.978372341
6171.51370543,-85,75.0253626257
6171.51370543,-84,74.8660954805
6171.51370543,-83,74.5754998134
6171.51370543,-82,74.2750993579
6171.51370543,-81,74.1163906598
6171.51370543,-80,74.2125854587
6171.51370543,-79,74.5596426714
6171.51370543,-78,75.0418818633
6171.51370543,-77,75.515487909
6171.51370543,-76,75.8734590909
6171.51370543,-75,76.0586979583
6171.51370543,-74,76.0516454269
6171.51370543,-73,75.8543346215
6171.51370543,-72,75.4767091866
6171.51370543,-71,74.9265800397
6171.51370543,-70,74.2097068561
6171.51370543,-69,73.3585159109
6171.51370543,-68,72.5224374384
6171.51370543,-67,72.1030273808
6171.51370543,-66,72.6048849559
6171.51370543,-65,73.9843371801
6171.51370543,-64,75.6571314349
6171.51370543,-63,77.1523570681
6171.51370543,-62,78.2602180284
6171.51370543,-61,78.8992343365
6171.51370543,-60,79.0229045407
6171.51370543,-59,78.5794371291
6171.51370543,-58,77.4991313032
6171.51370543,-57,75.7315260622
6171.51370543,-56,73.5361860635
6171.51370543,-55,72.4358776957
6171.51370543,-54,73.8984290376
6171.51370543,-53,76.1405187596
6171.51370543,-52,77.8432660581
6171.51370543,-51,78.8153433494
6171.51370543,-50,79.1059437672
6171.51370543,-49,78.7880817126
6171.51370543,-48,77.9738310996
6171.51370543,-47,76.9319837471
6171.51370543,-46,76.2307366162
6171.51370543,-45,76.4268148421
6171.51370543,-44,77.3256766163
6171.51370543,-43,78.3041360304
6171.51370543,-42,78.990046343
6171.51370543,-41,79.2813164714
6171.51370543,-40,79.2050758866
6171.51370543,-39,78.8563790727
6171.51370543,-38,78.3811899392
6171.51370543,-37,77.947216014
6171.51370543,-36,77.6740323133
6171.51370543,-35,77.5706398916
6171.51370543,-34,77.5597602473
6171.51370543,-33,77.5596451959
6171.51370543,-32,77.53267166
6171.51370543,-31,77.4774886183
6171.51370543,-30,77.3960866464
6171.51370543,-29,77.2726373094
6171.51370543,-28,77.085354796
6171.51370543,-27,76.8473290694
6171.51370543,-26,76.6516451243
6171.51370543,-25,76.6710435954
6171.51370543,-24,77.0486858438
6171.51370543,-23,77.7475692952
6171.51370543,-22,78.5676639742
6171.51370543,-21,79.2998842893
6171.51370543,-20,79.814792863
6171.51370543,-19,80.06271998
6171.51370543,-18,80.0538686665
6171.51370543,-17,79.8497720287
6171.51370543,-16,79.5621155353
6171.51370543,-15,79.33510394
6171.51370543,-14,79.286682285
6171.51370543,-13,79.4363750588
6171.51370543,-12,79.7003957169
6171.51370543,-11,79.9625786091
6171.51370543,-10,80.1418614667
6171.51370543,-9,80.2160720644
6171.51370543,-8,80.2174363193
6171.51370543,-7,80.2144108527
6171.51370543,-6,80.2794400755
6171.51370543,-5,80.4481376434
6171.51370543,-4,80.6955302921
6171.51370543,-3,80.9491583768
6171.51370543,-2,81.1228321098
6171.51370543,-1,81.1417068117
6171.51370543,0,80.9494151925
6171.51370543,1,80.5045661653
6171.51370543,2,79.7752824915
6171.51370543,3,78.737752113
6171.51370543,4,77.3869790293
6171.51370543,5,75.7814047143
6171.51370543,6,74.1657568705
6171.51370543,7,73.1228663124
6171.51370543,8,73.2249597466
6171.51370543,9,74.2327117596
6171.51370543,10,75.4875690042
6171.51370543,11,76.6180216423
6171.51370543,12,77.5205363278
6171.51370543,13,78.1959342515
6171.51370543,14,78.6722157055
6171.51370543,15,78.9781855035
6171.51370543,16,79.1353115765
6171.51370543,17,79.1561295221
6171.51370543,18,79.0458393355
6171.51370543,19,78.8062754226
6171.51370543,20,78.4422089753
6171.51370543,21,77.9702869427
6171.51370543,22,77.4304271867
6171.51370543,23,76.895994541
6171.51370543,24,76.470358531
6171.51370543,25,76.251814871
6171.51370543,26,76.2738493204
6171.51370543,27,76.4754193098
6171.51370543,28,76.7368989587
6171.51370543,29,76.9387957971
6171.51370543,30,76.9927318121
6171.51370543,31,76.8430590826
6171.51370543,32,76.4578143949
6171.51370543,33,75.8207313893
6171.51370543,34,74.9281955717
6171.51370543,35,73.7929188252
6171.51370543,36,72.4574004642
6171.51370543,37,71.020710566
6171.51370543,38,69.6693349879
6171.51370543,39,68.6565845653
6171.51370543,40,68.1572410876
6171.51370543,41,68.1164254714
6171.51370543,42,68.3250956505
6171.51370543,43,68.600999851
6171.51370543,44,68.8576457422
6171.51370543,45,69.0829618131
6171.51370543,46,69.3020674497
6171.51370543,47,69.5473745738
6171.51370543,48,69.8384976745
6171.51370543,49,70.1745688743
6171.51370543,50,70.539366979
6171.51370543,51,70.9129640908
6171.51370543,52,71.2809623705
6171.51370543,53,71.636393018
6171.51370543,54,71.9749732222
6171.51370543,55,72.2878812673
6171.51370543,56,72.5568154253
6171.51370543,57,72.753992394
6171.51370543,58,72.8463542322
6171.51370543,59,72.8012577599
6171.51370543,60,72.5915360095
6171.51370543,61,72.1998419872
6171.51370543,62,71.6240361863
6171.51370543,63,70.8864587614
6171.51370543,64,70.049243726
6171.51370543,65,69.2307439786
6171.51370543,66,68.5975985336
6171.51370543,67,68.2937110216
6171.51370543,68,68.3360272311
6171.51370543,69,68.601921959
6171.51370543,70,68.9257159533
6171.51370543,71,69.1804018739
6171.51370543,72,69.2927535273
6171.51370543,73,69.226138432
6171.51370543,74,68.9609972295
6171.51370543,75,68.4808103256
6171.51370543,76,67.7629447819
6171.51370543,77,66.7739877544
6171.51370543,78,65.4750636862
6171.51370543,79,63.864999134
6171.51370543,80,62.1638786485
6171.51370543,81,61.2381778945
6171.51370543,82,62.132682932
6171.51370543,83,64.2254022838
6171.51370543,84,66.3862014911
6171.51370543,85,68.1967547751
6171.51370543,86,69.5901898811
6171.51370543,87,70.5753061689
6171.51370543,88,71.1590945592
6171.51370543,89,71.3265893007
6171.51370543,90,71.0292298063
6171.51370543,91,70.1635432966
6171.51370543,92,68.5155568537
6171.51370543,93,65.5804683543
6171.51370543,94,59.6604684234
6171.51370543,95,43.6802997961
6171.51370543,96,61.8880763664
6171.51370543,97,67.3832945864
6171.51370543,98,70.4181531098
6171.51370543,99,72.2223330471
6171.51370543,100,73.1680523864
6171.51370543,101,73.374825209
6171.51370543,102,72.8272626679
6171.51370543,103,71.3673974183
6171.51370543,104,68.5461716985
6171.51370543,105,62.8621484029
6171.51370543,106,50.9303417009
6171.51370543,107,64.250095684
6171.51370543,108,69.4730594556
6171.51370543,109,72.1955592943
6171.51370543,110,73.6223710601
6171.51370543,111,74.1228476756
6171.51370543,112,73.8089562248
6171.51370543,113,72.6476544338
6171.51370543,114,70.4431013194
6171.51370543,115,66.6784177919
6171.51370543,116,60.3520214548
6171.51370543,117,59.8417053864
6171.51370543,118,65.4384384614
6171.51370543,119,68.4882246767
6171.51370543,120,70.0100862462
6171.51370543,121,70.5756220556
6171.51370543,122,70.4659911143
6171.51370543,123,69.8558359112
6171.51370543,124,68.8739981623
6171.51370543,125,67.6219550064
6171.51370543,126,66.2277285426
6171.51370543,127,65.0725599132
6171.51370543,128,65.0096739268
6171.51370543,129,66.3809208188
6171.51370543,130,68.2657970005
6171.51370543,131,69.8378713332
6171.51370543,132,70.7818327646
6171.51370543,133,70.9714309197
6171.51370543,134,70.2662744136
6171.51370543,135,68.3605667901
6171.51370543,136,64.3808495771
6171.51370543,137,53.7943181173
6171.51370543,138,58.3829665172
6171.51370543,139,66.0841640638
6171.51370543,140,69.4775055366
6171.51370543,141,71.100880442
6171.51370543,142,71.5498677206
6171.51370543,143,71.0100269893
6171.51370543,144,69.5626809836
6171.51370543,145,67.5951247592
6171.51370543,146,66.8085776926
6171.51370543,147,68.4721869274
6171.51370543,148,70.664356122
6171.51370543,149,72.1982275444
6171.51370543,150,72.9135044696
6171.51370543,151,72.8268860372
6171.51370543,152,71.9241860682
6171.51370543,153,70.1387872879
6171.51370543,154,67.5038176852
6171.51370543,155,65.2189147443
6171.51370543,156,66.1644477197
6171.51370543,157,68.732065552
6171.51370543,158,70.7354225618
6171.51370543,159,71.9423432858
6171.51370543,160,72.5005426704
6171.51370543,161,72.5828528405
6171.51370543,162,72.3833283815
6171.51370543,163,72.1349595083
6171.51370543,164,72.0563146276
6171.51370543,165,72.2217379621
6171.51370543,166,72.5108216565
6171.51370543,167,72.71798089
6171.51370543,168,72.6660560169
6171.51370543,169,72.2280958673
6171.51370543,170,71.2984666244
6171.51370543,171,69.7556371092
6171.51370543,172,67.4394698399
6171.51370543,173,64.3044082614
6171.51370543,174,61.892557834
6171.51370543,175,63.6363119721
6171.51370543,176,66.771856157
6171.51370543,177,69.2098731463
6171.51370543,178,70.9274465996
6171.51370543,179,72.113010697
6171.51370543,180,72.9105930042
6806.82976504,-180,71.5289081019
6806.82976504,-179,70.7547149167
6806.82976504,-178,70.5275142723
6806.82976504,-177,70.6930214636
6806.82976504,-176,70.9444924606
6806.82976504,-175,71.0389752975
6806.82976504,-174,70.8361932957
6806.82976504,-173,70.256147021
6806.82976504,-172,69.2502213042
6806.82976504,-171,67.8296679132
6806.82976504,-170,66.2529855424
6806.82976504,-169,65.4426687974
6806.82976504,-168,66.3981158077
6806.82976504,-167,68.4300790032
6806.82976504,-166,70.465903992
6806.82976504,-165,72.1393139068
6806.82976504,-164,73.4132299282
6806.82976504,-163,74.3236327111
6806.82976504,-162,74.9115015268
6806.82976504,-161,75.209976075
6806.82976504,-160,75.2442500889
6806.82976504,-159,75.0341973429
6806.82976504,-158,74.5979308073
6806.82976504,-157,73.9567623783
6806.82976504,-156,73.1430196064
6806.82976504,-155,72.2124811967
6806.82976504,-154,71.2606840223
6806.82976504,-153,70.4314083249
6806.82976504,-152,69.8870122389
6806.82976504,-151,69.7244723008
6806.82976504,-150,69.9069656525
6806.82976504,-149,70.2998769577
6806.82976504,-148,70.7616994126
6806.82976504,-147,71.1938972775
6806.82976504,-146,71.5417473097
6806.82976504,-145,71.7790992635
6806.82976504,-144,71.8955465116
6806.82976504,-143,71.8895992308
6806.82976504,-142,71.766730751
6806.82976504,-141,71.5407290483
6806.82976504,-140,71.2368706689
6806.82976504,-139,70.8947358503
6806.82976504,-138,70.5668710466
6806.82976504,-137,70.3087612687
6806.82976504,-136,70.1599447795
6806.82976504,-135,70.1263781652
6806.82976504,-134,70.1786617291
6806.82976504,-133,70.2683575147
6806.82976504,-132,70.349191369
6806.82976504,-131,70.390378883
6806.82976504,-130,70.3795690345
6806.82976504,-129,70.3190929857
6806.82976504,-128,70.219668814
6806.82976504,-127,70.0946321759
6806.82976504,-126,69.9569315051
6806.82976504,-125,69.819935914
6806.82976504,-124,69.701063339
6806.82976504,-123,69.6250585803
6806.82976504,-122,69.6227857757
6806.82976504,-121,69.7230797629
6806.82976504,-120,69.9402247814
6806.82976504,-119,70.264984517
6806.82976504,-118,70.6660810469
6806.82976504,-117,71.1007362784
6806.82976504,-116,71.5266115047
6806.82976504,-115,71.9092533011
6806.82976504,-114,72.2243319539
6806.82976504,-113,72.4567903245
6806.82976504,-112,72.5990208362
6806.82976504,-111,72.6492386824
6806.82976504,-110,72.6105103059
6806.82976504,-109,72.4906659577
6806.82976504,-108,72.3034271373
6806.82976504,-107,72.0712268847
6806.82976504,-106,71.8298510277
6806.82976504,-105,71.6331820378
6806.82976504,-104,71.5521614156
6806.82976504,-103,71.6585270655
6806.82976504,-102,71.9916009351
6806.82976504,-101,72.5293239002
6806.82976504,-100,73.1921286659
6806.82976504,-99,73.8759125486
6806.82976504,-98,74.4835155607
6806.82976504,-97,74.9374649923
6806.82976504,-96,75.1783138582
6806.82976504,-95,75.1581692086
6806.82976504,-94,74.8358291855
6806.82976504,-93,74.1791900623
6806.82976504,-92,73.1885843937
6806.82976504,-91,71.9794622543
6806.82976504,-90,70.9696513247
6806.82976504,-89,70.8885290327
6806.82976504,-88,71.9332238227
6806.82976504,-87,73.4266591883
6806.82976504,-86,74.7655583597
6806.82976504,-85,75.7151559603
6806.82976504,-84,76.2180092746
6806.82976504,-83,76.2755762828
6806.82976504,-82,75.9244955065
6806.82976504,-81,75.2734120344
6806.82976504,-80,74.5913353832
6806.82976504,-79,74.33309503
6806.82976504,-78,74.8004615936
6806.82976504,-77,75.7526134385
6806.82976504,-76,76.7218464384
6806.82976504,-75,77.4098645774
6806.82976504,-74,77.6996073649
6806.82976504,-73,77.569357421
6806.82976504,-72,77.0541365388
6806.82976504,-71,76.2518105656
6806.82976504,-70,75.3440382422
6806.82976504,-69,74.5680503884
6806.82976504,-68,74.0853558295
6806.82976504,-67,73.894144975
6806.82976504,-66,73.9794809465
6806.82976504,-65,74.4826014423
6806.82976504,-64,75.5314226354
6806.82976504,-63,76.9349824876
6806.82976504,-62,78.3012742942
6806.82976504,-61,79.3210584409
6806.82976504,-60,79.8185587838
6806.82976504,-59,79.6838186272
6806.82976504,-58,78.8186059051
6806.82976504,-57,77.1478165558
6806.82976504,-56,74.9172900791
6806.82976504,-55,73.8112620284
6806.82976504,-54,75.419067778
6806.82976504,-53,77.648614299
6806.82976504,-52,79.1607904602
6806.82976504,-51,79.8120722041
6806.82976504,-50,79.6895107253
6806.82976504,-49,78.9643211542
6806.82976504,-48,78.0349959512
6806.82976504,-47,77.6253856024
6806.82976504,-46,78.1322422367
6806.82976504,-45,79.0282856946
6806.82976504,-44,79.6770880934
6806.82976504,-43,79.8298560773
6806.82976504,-42,79.5225740138
6806.82976504,-41,79.0179980166
6806.82976504,-40,78.7611485659
6806.82976504,-39,79.0317010446
6806.82976504,-38,79.600168514
6806.82976504,-37,80.0379448757
6806.82976504,-36,80.093629553
6806.82976504,-35,79.7442831773
6806.82976504,-34,79.1897030631
6806.82976504,-33,78.837634425
6806.82976504,-32,79.0145582731
6806.82976504,-31,79.5644208516
6806.82976504,-30,80.0550516092
6806.82976504,-29,80.1876814409
6806.82976504,-28,79.8815640758
6806.82976504,-27,79.2677740994
6806.82976504,-26,78.7401669502
6806.82976504,-25,78.8098373117
6806.82976504,-24,79.5409600466
6806.82976504,-23,80.477467276
6806.82976504,-22,81.2102122634
6806.82976504,-21,81.5780571603
6806.82976504,-20,81.5821980742
6806.82976504,-19,81.3183015705
6806.82976504,-18,80.9473217262
6806.82976504,-17,80.6440297449
6806.82976504,-16,80.4973805652
6806.82976504,-15,80.4490111652
6806.82976504,-14,80.355294626
6806.82976504,-13,80.0969956128
6806.82976504,-12,79.6454523035
6806.82976504,-11,79.0941896789
6806.82976504,-10,78.6620774851
6806.82976504,-9,78.58971402
6806.82976504,-8,78.9237408749
6806.82976504,-7,79.4652855145
6806.82976504,-6,79.9630533569
6806.82976504,-5,80.2569120105
6806.82976504,-4,80.2873640701
6806.82976504,-3,80.0712885984
6806.82976504,-2,79.6971660029
6806.82976504,-1,79.3337767386
6806.82976504,0,79.2018768628
6806.82976504,1,79.4532552598
6806.82976504,2,80.0470916665
6806.82976504,3,80.7989902452
6806.82976504,4,81.5261003886
6806.82976504,5,82.1154414337
6806.82976504,6,82.5152307156
6806.82976504,7,82.7092406279
6806.82976504,8,82.6985432339
6806.82976504,9,82.4917251051
6806.82976504,10,82.1002649908
6806.82976504,11,81.5369252895
6806.82976504,12,80.8168230892
6806.82976504,13,79.9626984379
6806.82976504,14,79.0177009788
6806.82976504,15,78.0684894276
6806.82976504,16,77.2690053193
6806.82976504,17,76.8189538933
6806.82976504,18,76.8442856749
6806.82976504,19,77.2748857858
6806.82976504,20,77.8983194025
6806.82976504,21,78.5080066433
6806.82976504,22,78.9711714992
6806.82976504,23,79.219628324
6806.82976504,24,79.2251717307
6806.82976504,25,78.9846702585
6806.82976504,26,78.5172596453
6806.82976504,27,77.8718168781
6806.82976504,28,77.1406797632
6806.82976504,29,76.4643822808
6806.82976504,30,75.9946281547
6806.82976504,31,75.8056779153
6806.82976504,32,75.8350854824
6806.82976504,33,75.9328692809
6806.82976504,34,75.9530946163
6806.82976504,35,75.7983287976
6806.82976504,36,75.4189893281
6806.82976504,37,74.8012287633
6806.82976504,38,73.9602879768
6806.82976504,39,72.9424571321
6806.82976504,40,71.8333602129
6806.82976504,41,70.7650347033
6806.82976504,42,69.9058723398
6806.82976504,43,69.4164705567
6806.82976504,44,69.3819005702
6806.82976504,45,69.7704969569
6806.82976504,46,70.45624442
6806.82976504,47,71.2810995952
6806.82976504,48,72.1082418571
6806.82976504,49,72.8442824176
6806.82976504,50,73.438305636
6806.82976504,51,73.8723680446
6806.82976504,52,74.1517806469
6806.82976504,53,74.2970512937
6806.82976504,54,74.336278136
6806.82976504,55,74.2964513865
6806.82976504,56,74.1938144709
6806.82976504,57,74.0259625441
6806.82976504,58,73.7692081919
6806.82976504,59,73.3823414389
6806.82976504,60,72.8146187573
6806.82976504,61,72.015902284
6806.82976504,62,70.9525251225
6806.82976504,63,69.6455359329
6806.82976504,64,68.2673022389
6806.82976504,65,67.281073309
6806.82976504,66,67.2522991439
6806.82976504,67,68.1286564663
6806.82976504,68,69.3159518085
6806.82976504,69,70.3806189504
6806.82976504,70,71.1639186316
6806.82976504,71,71.6365891694
6806.82976504,72,71.8102135626
6806.82976504,73,71.7034308219
6806.82976504,74,71.3294329838
6806.82976504,75,70.6895082351
6806.82976504,76,69.7669895287
6806.82976504,77,68.519501174
6806.82976504,78,66.870507475
6806.82976504,79,64.7178944774
6806.82976504,80,62.0944240752
6806.82976504,81,60.112464771
6806.82976504,82,61.2406389513
6806.82976504,83,64.1310882578
6806.82976504,84,66.7258583774
6806.82976504,85,68.682305252
6806.82976504,86,70.0499511538
6806.82976504,87,70.8826533813
6806.82976504,88,71.1911506633
6806.82976504,89,70.935919223
6806.82976504,90,70.0082122093
6806.82976504,91,68.1689202172
6806.82976504,92,64.8453405235
6806.82976504,93,58.3234894524
6806.82976504,94,55.3515297651
6806.82976504,95,63.4838949539
6806.82976504,96,67.5108754516
6806.82976504,97,69.6226824166
6806.82976504,98,70.5338517399
6806.82976504,99,70.4728880449
6806.82976504,100,69.4979715837
6806.82976504,101,67.7100549157
6806.82976504,102,65.9441994852
6806.82976504,103,66.319910487
6806.82976504,104,68.4107272319
6806.82976504,105,70.1678555832
6806.82976504,106,70.9606725071
6806.82976504,107,70.6478771224
6806.82976504,108,69.0108161043
6806.82976504,109,65.6005106352
6806.82976504,110,61.9906237807
6806.82976504,111,65.8643591596
6806.82976504,112,70.0383467705
6806.82976504,113,72.3858052053
6806.82976504,114,73.329423552
6806.82976504,115,73.0104128593
6806.82976504,116,71.2263050194
6806.82976504,117,67.0681768675
6806.82976504,118,56.9804840826
6806.82976504,119,64.3261803469
6806.82976504,120,70.4105424934
6806.82976504,121,73.1910396551
6806.82976504,122,74.2449316449
6806.82976504,123,73.9303419464
6806.82976504,124,72.1158867108
6806.82976504,125,67.911485956
6806.82976504,126,55.1366274694
6806.82976504,127,62.9755495846
6806.82976504,128,69.9438698956
6806.82976504,129,72.7975240345
6806.82976504,130,73.8020345667
6806.82976504,131,73.4213198107
6806.82976504,132,71.5956795913
6806.82976504,133,67.6400804406
6806.82976504,134,58.0848903861
6806.82976504,135,59.7292051277
6806.82976504,136,67.2361368024
6806.82976504,137,70.0920426918
6806.82976504,138,70.9819565091
6806.82976504,139,70.5218760805
6806.82976504,140,68.9727886329
6806.82976504,141,66.9946243068
6806.82976504,142,66.6038247253
6806.82976504,143,68.2981208835
6806.82976504,144,70.0101308494
6806.82976504,145,70.8890410608
6806.82976504,146,70.83933259
6806.82976504,147,69.8456511381
6806.82976504,148,67.8436500229
6806.82976504,149,64.901352365
6806.82976504,150,62.6614314214
6806.82976504,151,64.1579844541
6806.82976504,152,66.7997792471
6806.82976504,153,68.6958395091
6806.82976504,154,69.8062837898
6806.82976504,155,70.3078610001
6806.82976504,156,70.3411476197
6806.82976504,157,70.0041533939
6806.82976504,158,69.3621022864
6806.82976504,159,68.4497509574
6806.82976504,160,67.2641853441
6806.82976504,161,65.7512655531
6806.82976504,162,63.8149212273
6806.82976504,163,61.5465028109
6806.82976504,164,60.4281023106
6806.82976504,165,62.6968518907
6806.82976504,166,66.2296129063
6806.82976504,167,69.3021732599
6806.82976504,168,71.7344767989
6806.82976504,169,73.6149862264
6806.82976504,170,75.0297092904
6806.82976504,171,76.0387328177
6806.82976504,172,76.6820840612
6806.82976504,173,76.9860519938
6806.82976504,174,76.9676819895
6806.82976504,175,76.6385351276
6806.82976504,176,76.0095575196
6806.82976504,177,75.1002433764
6806.82976504,178,73.957929875
6806.82976504,179,72.6943941156
6806.82976504,180,71.5289081019
7507.54736385,-180,73.1223420163
7507.54736385,-179,73.85005167
7507.54736385,-178,74.0791883697
7507.54736385,-177,73.9075569677
7507.54736385,-176,73.4101666642
7507.54736385,-175,72.6501730565
7507.54736385,-174,71.6804445434
7507.54736385,-173,70.5406987857
7507.54736385,-172,69.2621033982
7507.54736385,-171,67.90363745
7507.54736385,-170,66.6488340525
7507.54736385,-169,65.9045653449
7507.54736385,-168,66.0667419179
7507.54736385,-167,66.9845589334
7507.54736385,-166,68.1316413806
7507.54736385,-165,69.1341004831
7507.54736385,-164,69.8490194446
7507.54736385,-163,70.2596147628
7507.54736385,-162,70.4123511594
7507.54736385,-161,70.3986060708
7507.54736385,-160,70.3480530599
7507.54736385,-159,70.4025519956
7507.54736385,-158,70.6575147545
7507.54736385,-157,71.111098568
7507.54736385,-156,71.6792100486
7507.54736385,-155,72.2576883056
7507.54736385,-154,72.7683698139
7507.54736385,-153,73.1704694261
7507.54736385,-152,73.4551616932
7507.54736385,-151,73.6384856166
7507.54736385,-150,73.7558123558
7507.54736385,-149,73.8543229327
7507.54736385,-148,73.9791386304
7507.54736385,-147,74.1546546533
7507.54736385,-146,74.3717172251
7507.54736385,-145,74.5913603036
7507.54736385,-144,74.7627569134
7507.54736385,-143,74.8428621125
7507.54736385,-142,74.8088526254
7507.54736385,-141,74.6625769434
7507.54736385,-140,74.4289849552
7507.54736385,-139,74.1488231654
7507.54736385,-138,73.8651791433
7507.54736385,-137,73.6074027624
7507.54736385,-136,73.3816387565
7507.54736385,-135,73.1755656058
7507.54736385,-134,72.9741531277
7507.54736385,-133,72.7750641571
7507.54736385,-132,72.5941491098
7507.54736385,-131,72.4581712017
7507.54736385,-130,72.3888677487
7507.54736385,-129,72.3886681543
7507.54736385,-128,72.438453524
7507.54736385,-127,72.5081128298
7507.54736385,-126,72.5708371448
7507.54736385,-125,72.6122549305
7507.54736385,-124,72.6318190177
7507.54736385,-123,72.6382828857
7507.54736385,-122,72.6422556115
7507.54736385,-121,72.6488572561
7507.54736385,-120,72.6531742194
7507.54736385,-119,72.6399172101
7507.54736385,-118,72.5865860663
7507.54736385,-117,72.4679855246
7507.54736385,-116,72.2600916491
7507.54736385,-115,71.9425319319
7507.54736385,-114,71.5003341173
7507.54736385,-113,70.9268718994
7507.54736385,-112,70.2316374819
7507.54736385,-111,69.4589503396
7507.54736385,-110,68.7230928476
7507.54736385,-109,68.2415756553
7507.54736385,-108,68.2782536638
7507.54736385,-107,68.9328270995
7507.54736385,-106,70.0232217207
7507.54736385,-105,71.260808958
7507.54736385,-104,72.4333957631
7507.54736385,-103,73.4292432004
7507.54736385,-102,74.1978719814
7507.54736385,-101,74.7178964609
7507.54736385,-100,74.981345224
7507.54736385,-99,74.9895005333
7507.54736385,-98,74.7575782688
7507.54736385,-97,74.3293779879
7507.54736385,-96,73.8028756319
7507.54736385,-95,73.3518452629
7507.54736385,-94,73.1874703941
7507.54736385,-93,73.4167145976
7507.54736385,-92,73.9356403057
7507.54736385,-91,74.5209158649
7507.54736385,-90,74.9804973793
7507.54736385,-89,75.2072290209
7507.54736385,-88,75.1695771031
7507.54736385,-87,74.9018382698
7507.54736385,-86,74.5088765161
7507.54736385,-85,74.1606774188
7507.54736385,-84,74.0254908718
7507.54736385,-83,74.1510856875
7507.54736385,-82,74.4363745387
7507.54736385,-81,74.7483757958
7507.54736385,-80,75.0406191021
7507.54736385,-79,75.3764304473
7507.54736385,-78,75.8571488586
7507.54736385,-77,76.500634323
7507.54736385,-76,77.1907292782
7507.54736385,-75,77.7522390599
7507.54736385,-74,78.0469996699
7507.54736385,-73,78.0204662122
7507.54736385,-72,77.7288997701
7507.54736385,-71,77.3693068884
7507.54736385,-70,77.2284701147
7507.54736385,-69,77.4349392232
7507.54736385,-68,77.7728883077
7507.54736385,-67,77.8738281779
7507.54736385,-66,77.4605911715
7507.54736385,-65,76.4611220399
7507.54736385,-64,75.3050293943
7507.54736385,-63,75.3133188002
7507.54736385,-62,76.9451404249
7507.54736385,-61,78.8121783593
7507.54736385,-60,80.0308571639
7507.54736385,-59,80.3759278819
7507.54736385,-58,79.7783321311
7507.54736385,-57,78.2111579506
7507.54736385,-56,76.0397317753
7507.54736385,-55,75.2090318212
7507.54736385,-54,76.9394078169
7507.54736385,-53,78.9171125707
7507.54736385,-52,80.0116345313
7507.54736385,-51,80.1510074905
7507.54736385,-50,79.5014685072
7507.54736385,-49,78.5053431093
7507.54736385,-48,78.0495327297
7507.54736385,-47,78.6345312213
7507.54736385,-46,79.5673660933
7507.54736385,-45,80.1146543515
7507.54736385,-44,80.0674964284
7507.54736385,-43,79.5959604997
7507.54736385,-42,79.2130945364
7507.54736385,-41,79.4847692016
7507.54736385,-40,80.3269328643
7507.54736385,-39,81.1810677421
7507.54736385,-38,81.6836886797
7507.54736385,-37,81.7554795773
7507.54736385,-36,81.4795944729
7507.54736385,-35,81.028457493
7507.54736385,-34,80.6043306297
7507.54736385,-33,80.3646868203
7507.54736385,-32,80.3828817773
7507.54736385,-31,80.6617493672
7507.54736385,-30,81.1292303426
7507.54736385,-29,81.6252471174
7507.54736385,-28,81.9496068115
7507.54736385,-27,81.9383944413
7507.54736385,-26,81.5183829315
7507.54736385,-25,80.7726846892
7507.54736385,-24,80.0539361705
7507.54736385,-23,79.9145858624
7507.54736385,-22,80.4892497381
7507.54736385,-21,81.2735422331
7507.54736385,-20,81.7717002003
7507.54736385,-19,81.7814637333
7507.54736385,-18,81.3276869322
7507.54736385,-17,80.6572772563
7507.54736385,-16,80.2536189339
7507.54736385,-15,80.4944726688
7507.54736385,-14,81.1699462014
7507.54736385,-13,81.785157947
7507.54736385,-12,82.0303501342
7507.54736385,-11,81.8195722577
7507.54736385,-10,81.233010199
7507.54736385,-9,80.5408496912
7507.54736385,-8,80.1931771357
7507.54736385,-7,80.4895017265
7507.54736385,-6,81.2293127344
7507.54736385,-5,82.0063570523
7507.54736385,-4,82.5767310966
7507.54736385,-3,82.8770144355
7507.54736385,-2,82.9404660128
7507.54736385,-1,82.8390549771
7507.54736385,0,82.64469958
7507.54736385,1,82.398638442
7507.54736385,2,82.0982997736
7507.54736385,3,81.7118555105
7507.54736385,4,81.2123450027
7507.54736385,5,80.6143731657
7507.54736385,6,80.0000336068
7507.54736385,7,79.5112702348
7507.54736385,8,79.2759426308
7507.54736385,9,79.3031685155
7507.54736385,10,79.4741930903
7507.54736385,11,79.6433957307
7507.54736385,12,79.7251789714
7507.54736385,13,79.7139508702
7507.54736385,14,79.6628391546
7507.54736385,15,79.6390533198
7507.54736385,16,79.6687066251
7507.54736385,17,79.7055947943
7507.54736385,18,79.6490213737
7507.54736385,19,79.3874477959
7507.54736385,20,78.8343205983
7507.54736385,21,77.9607634152
7507.54736385,22,76.8695317126
7507.54736385,23,75.9471184917
7507.54736385,24,75.8380729112
7507.54736385,25,76.7245651452
7507.54736385,26,78.0302282233
7507.54736385,27,79.2047393083
7507.54736385,28,80.0183490338
7507.54736385,29,80.4115926814
7507.54736385,30,80.3806364521
7507.54736385,31,79.9360267632
7507.54736385,32,79.0949312218
7507.54736385,33,77.8907734175
7507.54736385,34,76.4007804401
7507.54736385,35,74.7932723092
7507.54736385,36,73.3557943056
7507.54736385,37,72.3795226544
7507.54736385,38,71.9096092278
7507.54736385,39,71.7357056103
7507.54736385,40,71.6486889844
7507.54736385,41,71.5740330742
7507.54736385,42,71.5334858106
7507.54736385,43,71.5675092151
7507.54736385,44,71.6889563641
7507.54736385,45,71.885729026
7507.54736385,46,72.1484707114
7507.54736385,47,72.4857577549
7507.54736385,48,72.9123766665
7507.54736385,49,73.4243915012
7507.54736385,50,73.9854575259
7507.54736385,51,74.5354689413
7507.54736385,52,75.0104586932
7507.54736385,53,75.3576970187
7507.54736385,54,75.5407830546
7507.54736385,55,75.5381248449
7507.54736385,56,75.3392387542
7507.54736385,57,74.9414564033
7507.54736385,58,74.3484365145
7507.54736385,59,73.5720509885
7507.54736385,60,72.6403910912
7507.54736385,61,71.6154162104
7507.54736385,62,70.6183026164
7507.54736385,63,69.8351802714
7507.54736385,64,69.4424630668
7507.54736385,65,69.4638261363
7507.54736385,66,69.7371118132
7507.54736385,67,70.0444766687
7507.54736385,68,70.2245563082
7507.54736385,69,70.1905795744
7507.54736385,70,69.9102842317
7507.54736385,71,69.3910064244
7507.54736385,72,68.6806441658
7507.54736385,73,67.8822132208
7507.54736385,74,67.1647818393
7507.54736385,75,66.7252439795
7507.54736385,76,66.673908599
7507.54736385,77,66.9502180574
7507.54736385,78,67.3896360217
7507.54736385,79,67.844602905
7507.54736385,80,68.2323297452
7507.54736385,81,68.5200894013
7507.54736385,82,68.6939682743
7507.54736385,83,68.7311429035
7507.54736385,84,68.5818388418
7507.54736385,85,68.1635327499
7507.54736385,86,67.3687380224
7507.54736385,87,66.1040498238
7507.54736385,88,64.4725286589
7507.54736385,89,63.3782141702
7507.54736385,90,64.3084575384
7507.54736385,91,66.4968089505
7507.54736385,92,68.4182207117
7507.54736385,93,69.5609958051
7507.54736385,94,69.7817220126
7507.54736385,95,68.8977509723
7507.54736385,96,66.4714706919
7507.54736385,97,61.7498880677
7507.54736385,98,61.3690053542
7507.54736385,99,67.458609763
7507.54736385,100,71.2755285443
7507.54736385,101,73.389478387
7507.54736385,102,74.2541292318
7507.54736385,103,73.9649830551
7507.54736385,104,72.321689627
7507.54736385,105,68.5169772724
7507.54736385,106,58.5658245004
7507.54736385,107,62.7713173541
7507.54736385,108,70.1111823514
7507.54736385,109,73.2219826729
7507.54736385,110,74.4209368211
7507.54736385,111,74.1975444996
7507.54736385,112,72.5091731574
7507.54736385,113,68.7209350805
7507.54736385,114,59.5903395634
7507.54736385,115,58.1454930475
7507.54736385,116,66.6264452724
7507.54736385,117,69.2157044949
7507.54736385,118,69.5127727239
7507.54736385,119,68.4902356891
7507.54736385,120,67.7416700333
7507.54736385,121,69.0150275044
7507.54736385,122,70.8437635823
7507.54736385,123,71.6861525113
7507.54736385,124,71.0435417243
7507.54736385,125,68.3147075213
7507.54736385,126,61.194994205
7507.54736385,127,59.0240619624
7507.54736385,128,67.6668802225
7507.54736385,129,70.9135264215
7507.54736385,130,71.6829255529
7507.54736385,131,70.3322087294
7507.54736385,132,65.8067386911
7507.54736385,133,49.7349855124
7507.54736385,134,65.8269253559
7507.54736385,135,71.2743529223
7507.54736385,136,73.5247040348
7507.54736385,137,73.9656577952
7507.54736385,138,72.8419962044
7507.54736385,139,69.8708700164
7507.54736385,140,64.1462735355
7507.54736385,141,61.3911386268
7507.54736385,142,66.5832665544
7507.54736385,143,68.8888295983
7507.54736385,144,68.9896761262
7507.54736385,145,67.9106790648
7507.54736385,146,68.2596591131
7507.54736385,147,71.1352669987
7507.54736385,148,73.8944256985
7507.54736385,149,75.6191750763
7507.54736385,150,76.3145194245
7507.54736385,151,76.0429541637
7507.54736385,152,74.7874365115
7507.54736385,153,72.4205855822
7507.54736385,154,68.7099296506
7507.54736385,155,64.0324748025
7507.54736385,156,62.7987052138
7507.54736385,157,64.594180514
7507.54736385,158,65.1698094433
7507.54736385,159,64.5039001417
7507.54736385,160,64.2934254367
7507.54736385,161,66.200637885
7507.54736385,162,68.6534632462
7507.54736385,163,70.3544601813
7507.54736385,164,71.1097094006
7507.54736385,165,70.9645979506
7507.54736385,166,69.9967338408
7507.54736385,167,68.4266305147
7507.54736385,168,67.0092280983
7507.54736385,169,66.9077241719
7507.54736385,170,67.844905633
7507.54736385,171,68.5961345236
7507.54736385,172,68.5273942224
7507.54736385,173,67.3240961312
7507.54736385,174,64.5204434168
7507.54736385,175,59.4999918116
7507.54736385,176,59.9589230037
7507.54736385,177,65.7753687698
7507.54736385,178,69.4722098658
7507.54736385,179,71.7489509547
7507.54736385,180,73.1223420163
8280.39915292,-180,67.5360846792
8280.39915292,-179,69.1484068388
8280.39915292,-178,70.0241229112
8280.39915292,-177,70.3455210529
8280.39915292,-176,70.2786881294
8280.39915292,-175,69.9992497732
8280.39915292,-174,69.7185821349
8280.39915292,-173,69.6562463435
8280.39915292,-172,69.9340428563
8280.39915292,-171,70.4931622078
8280.39915292,-170,71.1546775034
8280.39915292,-169,71.7366133064
8280.39915292,-168,72.1033530392
8280.39915292,-167,72.1542971402
8280.39915292,-166,71.7947126122
8280.39915292,-165,70.901013887
8280.39915292,-164,69.2628724989
8280.39915292,-163,66.4277295731
8280.39915292,-162,61.0356639805
8280.39915292,-161,48.8408138263
8280.39915292,-160,61.4646620104
8280.39915292,-159,67.1511647255
8280.39915292,-158,70.3082781617
8280.39915292,-157,72.2736736816
8280.39915292,-156,73.4905169158
8280.39915292,-155,74.1572755965
8280.39915292,-154,74.3765399519
8280.39915292,-153,74.2039829614
8280.39915292,-152,73.6682422391
8280.39915292,-151,72.7798772061
8280.39915292,-150,71.5350428811
8280.39915292,-149,69.919515784
8280.39915292,-148,67.9436958091
8280.39915292,-147,65.8629152586
8280.39915292,-146,64.8574216788
8280.39915292,-145,66.282874285
8280.39915292,-144,68.9233641183
8280.39915292,-143,71.4001422586
8280.39915292,-142,73.3691888178
8280.39915292,-141,74.8198321549
8280.39915292,-140,75.7981944193
8280.39915292,-139,76.3568419181
8280.39915292,-138,76.5526654021
8280.39915292,-137,76.4541320733
8280.39915292,-136,76.1493936333
8280.39915292,-135,75.7496135605
8280.39915292,-134,75.379728214
8280.39915292,-133,75.1519711478
8280.39915292,-132,75.1316845866
8280.39915292,-131,75.3176072091
8280.39915292,-130,75.6496688306
8280.39915292,-129,76.0362098288
8280.39915292,-128,76.3838283985
8280.39915292,-127,76.6180624962
8280.39915292,-126,76.691908722
8280.39915292,-125,76.5852613924
8280.39915292,-124,76.2995379043
8280.39915292,-123,75.8502089198
8280.39915292,-122,75.2588344294
8280.39915292,-121,74.5466516189
8280.39915292,-120,73.7325441218
8280.39915292,-119,72.8371993764
8280.39915292,-118,71.8918478347
8280.39915292,-117,70.9461337986
8280.39915292,-116,70.0683193904
8280.39915292,-115,69.3347477145
8280.39915292,-114,68.8136706642
8280.39915292,-113,68.5525593111
8280.39915292,-112,68.571846807
8280.39915292,-111,68.8640982257
8280.39915292,-110,69.4010050227
8280.39915292,-109,70.1442816279
8280.39915292,-108,71.0474173065
8280.39915292,-107,72.0469974098
8280.39915292,-106,73.0592732885
8280.39915292,-105,73.9908574632
8280.39915292,-104,74.7542725683
8280.39915292,-103,75.2766594635
8280.39915292,-102,75.499894404
8280.39915292,-101,75.3773338051
8280.39915292,-100,74.8750891148
8280.39915292,-99,73.9930483988
8280.39915292,-98,72.8446952049
8280.39915292,-97,71.8451756668
8280.39915292,-96,71.7378234803
8280.39915292,-95,72.7502485503
8280.39915292,-94,74.2064913309
8280.39915292,-93,75.4906053567
8280.39915292,-92,76.36320637
8280.39915292,-91,76.7668754132
8280.39915292,-90,76.7048630868
8280.39915292,-89,76.2188214882
8280.39915292,-88,75.4312391932
8280.39915292,-87,74.6394106058
8280.39915292,-86,74.3176936036
8280.39915292,-85,74.7243699814
8280.39915292,-84,75.5627424521
8280.39915292,-83,76.3750518345
8280.39915292,-82,76.9035226207
8280.39915292,-81,77.0718406157
8280.39915292,-80,76.8978434877
8280.39915292,-79,76.4504267322
8280.39915292,-78,75.8367184066
8280.39915292,-77,75.2052725166
8280.39915292,-76,74.7616125449
8280.39915292,-75,74.7514564392
8280.39915292,-74,75.3102002575
8280.39915292,-73,76.2883243704
8280.39915292,-72,77.3572691971
8280.39915292,-71,78.2457198406
8280.39915292,-70,78.8241190854
8280.39915292,-69,79.0835590583
8280.39915292,-68,79.1007277083
8280.39915292,-67,78.9873734936
8280.39915292,-66,78.8030680483
8280.39915292,-65,78.4899479664
8280.39915292,-64,77.9424898218
8280.39915292,-63,77.2585465835
8280.39915292,-62,77.0820640922
8280.39915292,-61,78.125975458
8280.39915292,-60,79.8546867703
8280.39915292,-59,81.298346725
8280.39915292,-58,81.9944001875
8280.39915292,-57,81.7816405051
8280.39915292,-56,80.6259908689
8280.39915292,-55,78.8853453991
8280.39915292,-54,78.1811496945
8280.39915292,-53,79.6016388951
8280.39915292,-52,81.2842881239
8280.39915292,-51,82.0496999204
8280.39915292,-50,81.6969519581
8280.39915292,-49,80.391278914
8280.39915292,-48,79.1608040799
8280.39915292,-47,79.8585360961
8280.39915292,-46,81.7000641514
8280.39915292,-45,82.9911103614
8280.39915292,-44,83.2817368738
8280.39915292,-43,82.6232568259
8280.39915292,-42,81.3981900381
8280.39915292,-41,80.583827922
8280.39915292,-40,80.9250259343
8280.39915292,-39,81.6219611026
8280.39915292,-38,81.7308613776
8280.39915292,-37,80.9856856721
8280.39915292,-36,79.7398581664
8280.39915292,-35,79.1809217746
8280.39915292,-34,80.0040185717
8280.39915292,-33,81.0839965358
8280.39915292,-32,81.5260197371
8280.39915292,-31,81.2477544945
8280.39915292,-30,80.7329587547
8280.39915292,-29,80.8466862446
8280.39915292,-28,81.7816847621
8280.39915292,-27,82.7856135093
8280.39915292,-26,83.288658807
8280.39915292,-25,83.161356133
8280.39915292,-24,82.5515092984
8280.39915292,-23,81.8425960253
8280.39915292,-22,81.4828588689
8280.39915292,-21,81.5161309608
8280.39915292,-20,81.5499750397
8280.39915292,-19,81.2533922489
8280.39915292,-18,80.6196606875
8280.39915292,-17,80.0271285766
8280.39915292,-16,80.0437262336
8280.39915292,-15,80.7366760328
8280.39915292,-14,81.6018694831
8280.39915292,-13,82.2406397267
8280.39915292,-12,82.5571379436
8280.39915292,-11,82.6383945547
8280.39915292,-10,82.6418698076
8280.39915292,-9,82.6947668128
8280.39915292,-8,82.8198777472
8280.39915292,-7,82.9523499329
8280.39915292,-6,83.0231518949
8280.39915292,-5,83.0202109032
8280.39915292,-4,82.9921369083
8280.39915292,-3,83.0055124763
8280.39915292,-2,83.0839664294
8280.39915292,-1,83.1775988378
8280.39915292,0,83.1880158429
8280.39915292,1,83.0157062234
8280.39915292,2,82.5916693092
8280.39915292,3,81.8950761506
8280.39915292,4,80.9832706189
8280.39915292,5,80.0565404782
8280.39915292,6,79.5007755862
8280.39915292,7,79.6704498939
8280.39915292,8,80.4832197822
8280.39915292,9,81.5313093073
8280.39915292,10,82.4855131305
8280.39915292,11,83.1892525114
8280.39915292,12,83.5833504444
8280.39915292,13,83.6451922607
8280.39915292,14,83.3618914777
8280.39915292,15,82.7226859064
8280.39915292,16,81.7244660411
8280.39915292,17,80.3982511593
8280.39915292,18,78.8830768299
8280.39915292,19,77.5592632416
8280.39915292,20,77.0091892101
8280.39915292,21,77.4146125607
8280.39915292,22,78.3008554642
8280.39915292,23,79.1801829749
8280.39915292,24,79.8405845593
8280.39915292,25,80.2327311855
8280.39915292,26,80.3627922795
8280.39915292,27,80.2476643254
8280.39915292,28,79.9023380124
8280.39915292,29,79.3426745931
8280.39915292,30,78.5981652876
8280.39915292,31,77.7318268805
8280.39915292,32,76.8573294407
8280.39915292,33,76.1242806813
8280.39915292,34,75.6417591217
8280.39915292,35,75.3901422178
8280.39915292,36,75.2334677662
8280.39915292,37,75.0166496139
8280.39915292,38,74.6351814943
8280.39915292,39,74.0488812483
8280.39915292,40,73.274888901
8280.39915292,41,72.3839574803
8280.39915292,42,71.503426146
8280.39915292,43,70.8194245193
8280.39915292,44,70.554904566
8280.39915292,45,70.8764287256
8280.39915292,46,71.7527521432
8280.39915292,47,72.9473335285
8280.39915292,48,74.1795367775
8280.39915292,49,75.2479136057
8280.39915292,50,76.0431338462
8280.39915292,51,76.5187555268
8280.39915292,52,76.6662184467
8280.39915292,53,76.5023177738
8280.39915292,54,76.0654776362
8280.39915292,55,75.4152772032
8280.39915292,56,74.6288059997
8280.39915292,57,73.7891942652
8280.39915292,58,72.9724224508
8280.39915292,59,72.2527015631
8280.39915292,60,71.7335886749
8280.39915292,61,71.5542683721
8280.39915292,62,71.7967174201
8280.39915292,63,72.3684221382
8280.39915292,64,73.0444914702
8280.39915292,65,73.6096111821
8280.39915292,66,73.9262310873
8280.39915292,67,73.9247151065
8280.39915292,68,73.5771823408
8280.39915292,69,72.8824901375
8280.39915292,70,71.8679187855
8280.39915292,71,70.6124356434
8280.39915292,72,69.2960033505
8280.39915292,73,68.2361469681
8280.39915292,74,67.7618680665
8280.39915292,75,67.9094305923
8280.39915292,76,68.3936117104
8280.39915292,77,68.9012410757
8280.39915292,78,69.2374623839
8280.39915292,79,69.2906226765
8280.39915292,80,68.9696083047
8280.39915292,81,68.1540440186
8280.39915292,82,66.6342975902
8280.39915292,83,63.9792047296
8280.39915292,84,59.2137158928
8280.39915292,85,55.1388495543
8280.39915292,86,61.9112074254
8280.39915292,87,66.6610246857
8280.39915292,88,69.5301544435
8280.39915292,89,71.2119932187
8280.39915292,90,71.9426103176
8280.39915292,91,71.731623888
8280.39915292,92,70.3757943258
8280.39915292,93,67.2158578992
8280.39915292,94,59.4183944437
8280.39915292,95,57.1471396672
8280.39915292,96,67.146752809
8280.39915292,97,71.152418739
8280.39915292,98,73.0154165603
8280.39915292,99,73.4354453181
8280.39915292,100,72.4745844242
8280.39915292,101,69.6986548421
8280.39915292,102,63.1569101927
8280.39915292,103,54.1015813124
8280.39915292,104,66.4439854379
8280.39915292,105,70.2866262006
8280.39915292,106,71.3742549977
8280.39915292,107,70.3865796496
8280.39915292,108,66.7462972967
8280.39915292,109,58.2745492469
8280.39915292,110,64.2834250667
8280.39915292,111,69.7004573173
8280.39915292,112,71.6935866952
8280.39915292,113,71.4163022749
8280.39915292,114,68.5889909036
8280.39915292,115,61.3177464464
8280.39915292,116,64.7422652246
8280.39915292,117,70.9925011292
8280.39915292,118,73.6230148563
8280.39915292,119,74.0814589556
8280.39915292,120,72.5432990036
8280.39915292,121,68.5402254032
8280.39915292,122,65.6979796305
8280.39915292,123,70.8360466738
8280.39915292,124,74.1557906234
8280.39915292,125,75.2412887645
8280.39915292,126,74.3641302351
8280.39915292,127,70.9214869444
8280.39915292,128,60.3806850997
8280.39915292,129,64.5489173394
8280.39915292,130,71.9219841442
8280.39915292,131,74.4343684506
8280.39915292,132,74.6089349281
8280.39915292,133,72.6896784145
8280.39915292,134,68.0228764115
8280.39915292,135,64.40769724
8280.39915292,136,70.0420272015
8280.39915292,137,73.2069068237
8280.39915292,138,74.0232392766
8280.39915292,139,72.8566543433
8280.39915292,140,69.1390459443
8280.39915292,141,59.2958986966
8280.39915292,142,63.4512000434
8280.39915292,143,69.8903124966
8280.39915292,144,72.1534001169
8280.39915292,145,72.2677326361
8280.39915292,146,70.523589762
8280.39915292,147,66.4389392357
8280.39915292,148,60.5731803915
8280.39915292,149,64.8530386449
8280.39915292,150,69.0795920958
8280.39915292,151,71.1292035988
8280.39915292,152,71.9934168538
8280.39915292,153,72.2975153051
8280.39915292,154,72.5003915615
8280.39915292,155,72.7979268117
8280.39915292,156,73.0589413544
8280.39915292,157,73.0138459631
8280.39915292,158,72.4216177917
8280.39915292,159,71.057288867
8280.39915292,160,68.5770127377
8280.39915292,161,64.203375422
8280.39915292,162,57.8757782371
8280.39915292,163,63.0363993456
8280.39915292,164,68.3697789085
8280.39915292,165,71.627421487
8280.39915292,166,73.7895352262
8280.39915292,167,75.2697504204
8280.39915292,168,76.2565615626
8280.39915292,169,76.8397473693
8280.39915292,170,77.0571036916
8280.39915292,171,76.913627991
8280.39915292,172,76.3887690565
8280.39915292,173,75.4364214346
8280.39915292,174,73.9783434524
8280.39915292,175,71.8918902066
8280.39915292,176,69.0171843944
8280.39915292,177,65.4482437309
8280.39915292,178,63.3436319461
8280.39915292,179,65.131568638
8280.39915292,180,67.5360846792
9132.81086468,-180,65.8932813245
9132.81086468,-179,64.8909514319
9132.81086468,-178,66.4122586198
9132.81086468,-177,67.8857673326
9132.81086468,-176,68.5593149524
9132.81086468,-175,68.4461586932
9132.81086468,-174,67.6462341361
9132.81086468,-173,66.3439155454
9132.81086468,-172,65.0930212783
9132.81086468,-171,64.9674905942
9132.81086468,-170,66.2191476842
9132.81086468,-169,67.818023278
9132.81086468,-168,69.0340772959
9132.81086468,-167,69.6290607362
9132.81086468,-166,69.5070605489
9132.81086468,-165,68.5539301602
9132.81086468,-164,66.5931068618
9132.81086468,-163,63.7030257507
9132.81086468,-162,62.6844726215
9132.81086468,-161,65.9884972212
9132.81086468,-160,69.396616323
9132.81086468,-159,71.8098719005
9132.81086468,-158,73.4162604341
9132.81086468,-157,74.4240804167
9132.81086468,-156,74.9866654929
9132.81086468,-155,75.227586426
9132.81086468,-154,75.258032954
9132.81086468,-153,75.1788486247
9132.81086468,-152,75.0672726495
9132.81086468,-151,74.9567540445
9132.81086468,-150,74.8276878406
9132.81086468,-149,74.6204604684
9132.81086468,-148,74.2626426964
9132.81086468,-147,73.6955626878
9132.81086468,-146,72.8972944778
9132.81086468,-145,71.9113563918
9132.81086468,-144,70.8868944823
9132.81086468,-143,70.0926053587
9132.81086468,-142,69.7967818927
9132.81086468,-141,70.0429389236
9132.81086468,-140,70.6411199958
9132.81086468,-139,71.3776661822
9132.81086468,-138,72.1240614858
9132.81086468,-137,72.8175138051
9132.81086468,-136,73.4254142863
9132.81086468,-135,73.9302736173
9132.81086468,-134,74.3260916319
9132.81086468,-133,74.6159650276
9132.81086468,-132,74.809213372
9132.81086468,-131,74.9203326537
9132.81086468,-130,74.9706066901
9132.81086468,-129,74.9893717776
9132.81086468,-128,75.0098209782
9132.81086468,-127,75.0572895829
9132.81086468,-126,75.1358596123
9132.81086468,-125,75.224004926
9132.81086468,-124,75.2835263502
9132.81086468,-123,75.2745788827
9132.81086468,-122,75.1669122271
9132.81086468,-121,74.9435841199
9132.81086468,-120,74.5990540256
9132.81086468,-119,74.1350505324
9132.81086468,-118,73.5569982235
9132.81086468,-117,72.8731299304
9132.81086468,-116,72.098145462
9132.81086468,-115,71.2630706719
9132.81086468,-114,70.4316118762
9132.81086468,-113,69.7168318779
9132.81086468,-112,69.2752369655
9132.81086468,-111,69.2456539944
9132.81086468,-110,69.6559047327
9132.81086468,-109,70.4008037581
9132.81086468,-108,71.3173882446
9132.81086468,-107,72.2590665688
9132.81086468,-106,73.1158965133
9132.81086468,-105,73.8046813341
9132.81086468,-104,74.2551779016
9132.81086468,-103,74.400006168
9132.81086468,-102,74.168131454
9132.81086468,-101,73.4844012985
9132.81086468,-100,72.2958209784
9132.81086468,-99,70.721441516
9132.81086468,-98,69.5551209144
9132.81086468,-97,70.2104947507
9132.81086468,-96,72.2635966824
9132.81086468,-95,74.2841535297
9132.81086468,-94,75.7331653712
9132.81086468,-93,76.5286827487
9132.81086468,-92,76.6733621827
9132.81086468,-91,76.1710863727
9132.81086468,-90,75.054589328
9132.81086468,-89,73.5621079084
9132.81086468,-88,72.5523926557
9132.81086468,-87,73.0858002843
9132.81086468,-86,74.6051653833
9132.81086468,-85,75.9937837129
9132.81086468,-84,76.8353136779
9132.81086468,-83,77.0963326933
9132.81086468,-82,76.8857674574
9132.81086468,-81,76.4486193628
9132.81086468,-80,76.1978429169
9132.81086468,-79,76.5081670456
9132.81086468,-78,77.3202257423
9132.81086468,-77,78.2350469798
9132.81086468,-76,78.9075572129
9132.81086468,-75,79.1453510716
9132.81086468,-74,78.8409232668
9132.81086468,-73,77.9392441779
9132.81086468,-72,76.5373528743
9132.81086468,-71,75.2684434335
9132.81086468,-70,75.3651407364
9132.81086468,-69,76.7497202305
9132.81086468,-68,78.1791985706
9132.81086468,-67,79.1097112
9132.81086468,-66,79.5857777959
9132.81086468,-65,79.8559100201
9132.81086468,-64,80.1003205416
9132.81086468,-63,80.2105465304
9132.81086468,-62,79.8578779543
9132.81086468,-61,78.7840826524
9132.81086468,-60,77.3857321421
9132.81086468,-59,77.6405736654
9132.81086468,-58,79.9082910666
9132.81086468,-57,81.9422813682
9132.81086468,-56,82.8448211434
9132.81086468,-55,82.4570669967
9132.81086468,-54,80.752185367
9132.81086468,-53,78.4090439216
9132.81086468,-52,78.3880486235
9132.81086468,-51,80.5127929574
9132.81086468,-50,81.8411755745
9132.81086468,-49,81.75106891
9132.81086468,-48,80.5023803788
9132.81086468,-47,79.4619007326
9132.81086468,-46,80.4393139626
9132.81086468,-45,82.0168564121
9132.81086468,-44,82.6031011914
9132.81086468,-43,81.8797163798
9132.81086468,-42,80.2379743909
9132.81086468,-41,79.565431026
9132.81086468,-40,81.078967458
9132.81086468,-39,82.661255704
9132.81086468,-38,83.2321001505
9132.81086468,-37,82.8600056966
9132.81086468,-36,82.124091997
9132.81086468,-35,81.8797542468
9132.81086468,-34,82.2579052572
9132.81086468,-33,82.6066855084
9132.81086468,-32,82.6534109383
9132.81086468,-31,82.754437609
9132.81086468,-30,83.2933323386
9132.81086468,-29,83.9921344794
9132.81086468,-28,84.2967978089
9132.81086468,-27,83.9664933367
9132.81086468,-26,83.2510413672
9132.81086468,-25,82.9535790319
9132.81086468,-24,83.5832403923
9132.81086468,-23,84.4698709432
9132.81086468,-22,84.8493927765
9132.81086468,-21,84.4658543431
9132.81086468,-20,83.4584852318
9132.81086468,-19,82.4496604545
9132.81086468,-18,82.3108539858
9132.81086468,-17,82.9414776649
9132.81086468,-16,83.5148889687
9132.81086468,-15,83.6425377647
9132.81086468,-14,83.445418484
9132.81086468,-13,83.3268802729
9132.81086468,-12,83.5961485499
9132.81086468,-11,84.1139266664
9132.81086468,-10,84.5237644287
9132.81086468,-9,84.6197099962
9132.81086468,-8,84.4150630223
9132.81086468,-7,84.0907469691
9132.81086468,-6,83.8921709675
9132.81086468,-5,83.9422564932
9132.81086468,-4,84.1399172827
9132.81086468,-3,84.2880405882
9132.81086468,-2,84.2499521593
9132.81086468,-1,83.9873466907
9132.81086468,0,83.5346407961
9132.81086468,1,82.9659847927
9132.81086468,2,82.3693756318
9132.81086468,3,81.8369009793
9132.81086468,4,81.4761485225
9132.81086468,5,81.4118857447
9132.81086468,6,81.7232239258
9132.81086468,7,82.3535000818
9132.81086468,8,83.1257553941
9132.81086468,9,83.8525858378
9132.81086468,10,84.4090289742
9132.81086468,11,84.7381962554
9132.81086468,12,84.8314748353
9132.81086468,13,84.7081867872
9132.81086468,14,84.3970286083
9132.81086468,15,83.9170608664
9132.81086468,16,83.2624080322
9132.81086468,17,82.4029259686
9132.81086468,18,81.317680423
9132.81086468,19,80.087284881
9132.81086468,20,79.0572683734
9132.81086468,21,78.8129361485
9132.81086468,22,79.4965264173
9132.81086468,23,80.5336970178
9132.81086468,24,81.3718110465
9132.81086468,25,81.7667550122
9132.81086468,26,81.6464975529
9132.81086468,27,81.0114412748
9132.81086468,28,79.9300767656
9132.81086468,29,78.6215230687
9132.81086468,30,77.5627373111
9132.81086468,31,77.2448416392
9132.81086468,32,77.5414170055
9132.81086468,33,77.8778925512
9132.81086468,34,77.8388761084
9132.81086468,35,77.2494612539
9132.81086468,36,76.0607030249
9132.81086468,37,74.3105909342
9132.81086468,38,72.1992764798
9132.81086468,39,70.2801657851
9132.81086468,40,69.4179574956
9132.81086468,41,69.9227927527
9132.81086468,42,71.2430363124
9132.81086468,43,72.7677578055
9132.81086468,44,74.1249881652
9132.81086468,45,75.1244828025
9132.81086468,46,75.6980619726
9132.81086468,47,75.8616104671
9132.81086468,48,75.7010105737
9132.81086468,49,75.3722021695
9132.81086468,50,75.0758442609
9132.81086468,51,74.9610011083
9132.81086468,52,75.0157189796
9132.81086468,53,75.0873996147
9132.81086468,54,75.0045472472
9132.81086468,55,74.6571705502
9132.81086468,56,74.0143982442
9132.81086468,57,73.1322161941
9132.81086468,58,72.1792477429
9132.81086468,59,71.4442512092
9132.81086468,60,71.2080982243
9132.81086468,61,71.499977472
9132.81086468,62,72.0797144747
9132.81086468,63,72.6640926826
9132.81086468,64,73.0539952351
9132.81086468,65,73.122313895
9132.81086468,66,72.7744754618
9132.81086468,67,71.9232756865
9132.81086468,68,70.4868982028
9132.81086468,69,68.4664999849
9132.81086468,70,66.3686008192
9132.81086468,71,65.8900785252
9132.81086468,72,67.5353880191
9132.81086468,73,69.5224504062
9132.81086468,74,70.9968862211
9132.81086468,75,71.8637084236
9132.81086468,76,72.1683172777
9132.81086468,77,71.9438528281
9132.81086468,78,71.1799606146
9132.81086468,79,69.8058401799
9132.81086468,80,67.6733540495
9132.81086468,81,64.6556081628
9132.81086468,82,61.9547688515
9132.81086468,83,63.5549051857
9132.81086468,84,66.9455253983
9132.81086468,85,69.4666984749
9132.81086468,86,70.9774282538
9132.81086468,87,71.5561731394
9132.81086468,88,71.1520794696
9132.81086468,89,69.4913221069
9132.81086468,90,65.751962497
9132.81086468,91,57.7049000173
9132.81086468,92,62.6567224344
9132.81086468,93,68.8871049794
9132.81086468,94,71.918321822
9132.81086468,95,73.1877842266
9132.81086468,96,73.0416310049
9132.81086468,97,71.3408548033
9132.81086468,98,67.2263856587
9132.81086468,99,56.7375142644
9132.81086468,100,62.8698221786
9132.81086468,101,68.8253403811
9132.81086468,102,70.8976583428
9132.81086468,103,70.7327815863
9132.81086468,104,68.3685287523
9132.81086468,105,63.2765483537
9132.81086468,106,63.0471863196
9132.81086468,107,68.0035166901
9132.81086468,108,70.1359177914
9132.81086468,109,69.8315368953
9132.81086468,110,66.8589256702
9132.81086468,111,61.1589560899
9132.81086468,112,65.2465143658
9132.81086468,113,69.6882666585
9132.81086468,114,71.0488530475
9132.81086468,115,69.7355885008
9132.81086468,116,64.627148052
9132.81086468,117,62.7811821461
9132.81086468,118,70.4456771352
9132.81086468,119,73.9605902741
9132.81086468,120,75.0029776919
9132.81086468,121,73.9687381256
9132.81086468,122,70.3649152629
9132.81086468,123,64.6971152031
9132.81086468,124,69.5455954594
9132.81086468,125,73.6916399197
9132.81086468,126,75.1207221996
9132.81086468,127,74.5056738586
9132.81086468,128,71.8941473368
9132.81086468,129,68.1886481905
9132.81086468,130,69.3798645996
9132.81086468,131,72.3360079455
9132.81086468,132,73.3255873805
9132.81086468,133,72.1954521268
9132.81086468,134,68.4241068993
9132.81086468,135,61.2427213727
9132.81086468,136,65.2405791128
9132.81086468,137,69.4178866821
9132.81086468,138,70.3528931755
9132.81086468,139,68.7470279859
9132.81086468,140,63.6993321703
9132.81086468,141,50.8962149397
9132.81086468,142,62.5552905478
9132.81086468,143,66.6530898029
9132.81086468,144,67.7778180633
9132.81086468,145,67.9402409044
9132.81086468,146,68.6594350634
9132.81086468,147,69.9441045225
9132.81086468,148,70.6534149306
9132.81086468,149,70.0141572598
9132.81086468,150,67.3237956962
9132.81086468,151,61.7325416611
9132.81086468,152,64.2546175595
9132.81086468,153,70.0693026762
9132.81086468,154,73.1962134256
9132.81086468,155,74.70233178
9132.81086468,156,75.0839731609
9132.81086468,157,74.5683134455
9132.81086468,158,73.2705636515
9132.81086468,159,71.2371100906
9132.81086468,160,68.3988901546
9132.81086468,161,64.3667220128
9132.81086468,162,58.5964711228
9132.81086468,163,60.0373486228
9132.81086468,164,65.8872909922
9132.81086468,165,69.6610935916
9132.81086468,166,72.1153511014
9132.81086468,167,73.7366063619
9132.81086468,168,74.8151550353
9132.81086468,169,75.5702192728
9132.81086468,170,76.1676246153
9132.81086468,171,76.6887979581
9132.81086468,172,77.113188839
9132.81086468,173,77.3502130708
9132.81086468,174,77.290448397
9132.81086468,175,76.8335106867
9132.81086468,176,75.8873339016
9132.81086468,177,74.3535732064
9132.81086468,178,72.1174496253
9132.81086468,179,69.1134075719
9132.81086468,180,65.8932813245
10072.9726611,-180,67.4356387578
10072.9726611,-179,70.503749869
10072.9726611,-178,72.6267122968
10072.9726611,-177,74.0008868055
10072.9726611,-176,74.7642776186
10072.9726611,-175,75.0254476035
10072.9726611,-174,74.8857774856
10072.9726611,-173,74.4553919428
10072.9726611,-172,73.8581079213
10072.9726611,-171,73.2141224375
10072.9726611,-170,72.5982881968
10072.9726611,-169,72.003206575
10072.9726611,-168,71.3447311749
10072.9726611,-167,70.5011865233
10072.9726611,-166,69.3491397353
10072.9726611,-165,67.7969831894
10072.9726611,-164,65.9080515238
10072.9726611,-163,64.3485237805
10072.9726611,-162,64.5391254423
10072.9726611,-161,66.3515333989
10072.9726611,-160,68.342208357
10072.9726611,-159,69.8973476646
10072.9726611,-158,70.9428920949
10072.9726611,-157,71.5288738163
10072.9726611,-156,71.7240463606
10072.9726611,-155,71.6077921763
10072.9726611,-154,71.29000694
10072.9726611,-153,70.9334669899
10072.9726611,-152,70.732576114
10072.9726611,-151,70.8036850628
10072.9726611,-150,71.0777783181
10072.9726611,-149,71.3532637771
10072.9726611,-148,71.4345465394
10072.9726611,-147,71.2017446452
10072.9726611,-146,70.6165227923
10072.9726611,-145,69.7312553451
10072.9726611,-144,68.7428843585
10072.9726611,-143,68.0563823921
10072.9726611,-142,68.108186645
10072.9726611,-141,68.8858696177
10072.9726611,-140,69.9459577698
10072.9726611,-139,70.8905108522
10072.9726611,-138,71.5207449845
10072.9726611,-137,71.7649238955
10072.9726611,-136,71.6164256079
10072.9726611,-135,71.1112149939
10072.9726611,-134,70.3204926166
10072.9726611,-133,69.3306727175
10072.9726611,-132,68.1871831675
10072.9726611,-131,66.8131941954
10072.9726611,-130,64.9441524649
10072.9726611,-129,62.022045355
10072.9726611,-128,56.5864068275
10072.9726611,-127,45.7380684663
10072.9726611,-126,57.4250908369
10072.9726611,-125,62.9066137563
10072.9726611,-124,65.9257254193
10072.9726611,-123,67.7533933303
10072.9726611,-122,68.8474296261
10072.9726611,-121,69.4583909427
10072.9726611,-120,69.7841646506
10072.9726611,-119,70.0210863716
10072.9726611,-118,70.3525720827
10072.9726611,-117,70.883114188
10072.9726611,-116,71.5832173077
10072.9726611,-115,72.3201094675
10072.9726611,-114,72.9374242099
10072.9726611,-113,73.304008762
10072.9726611,-112,73.3198439849
10072.9726611,-111,72.9070033535
10072.9726611,-110,72.0142001163
10072.9726611,-109,70.6887917538
10072.9726611,-108,69.3626899418
10072.9726611,-107,69.1889959779
10072.9726611,-106,70.6950810922
10072.9726611,-105,72.7666183675
10072.9726611,-104,74.5565784245
10072.9726611,-103,75.8477152369
10072.9726611,-102,76.6246968539
10072.9726611,-101,76.901655366
10072.9726611,-100,76.684145748
10072.9726611,-99,75.973665484
10072.9726611,-98,74.8118270185
10072.9726611,-97,73.4250595312
10072.9726611,-96,72.4893913413
10072.9726611,-95,72.8101822764
10072.9726611,-94,74.0959068337
10072.9726611,-93,75.4665256966
10072.9726611,-92,76.4722198405
10072.9726611,-91,76.9914767958
10072.9726611,-90,76.9998916471
10072.9726611,-89,76.4922810004
10072.9726611,-88,75.5121715648
10072.9726611,-87,74.343565029
10072.9726611,-86,73.8441842175
10072.9726611,-85,74.7751015542
10072.9726611,-84,76.4156584708
10072.9726611,-83,77.7609751323
10072.9726611,-82,78.3878999982
10072.9726611,-81,78.1474866264
10072.9726611,-80,76.9766129085
10072.9726611,-79,75.0803565085
10072.9726611,-78,73.8041161654
10072.9726611,-77,74.7617503293
10072.9726611,-76,76.3642697655
10072.9726611,-75,77.1104986753
10072.9726611,-74,76.754317464
10072.9726611,-73,75.7268726654
10072.9726611,-72,75.5292175544
10072.9726611,-71,77.0419028172
10072.9726611,-70,78.7519315552
10072.9726611,-69,79.6552050135
10072.9726611,-68,79.626130926
10072.9726611,-67,78.8613067483
10072.9726611,-66,77.773822455
10072.9726611,-65,76.8134350202
10072.9726611,-64,76.132364151
10072.9726611,-63,76.0056064255
10072.9726611,-62,77.1076443865
10072.9726611,-61,78.9289475319
10072.9726611,-60,80.2211211721
10072.9726611,-59,80.320414172
10072.9726611,-58,78.9349236381
10072.9726611,-57,76.3382295188
10072.9726611,-56,75.7942667943
10072.9726611,-55,78.3027940451
10072.9726611,-54,79.8625846618
10072.9726611,-53,79.61884143
10072.9726611,-52,77.9186454782
10072.9726611,-51,77.0897786594
10072.9726611,-50,79.0736241148
10072.9726611,-49,80.8424145144
10072.9726611,-48,81.1220029927
10072.9726611,-47,80.1495337996
10072.9726611,-46,79.3296452327
10072.9726611,-45,80.2943282944
10072.9726611,-44,81.7298414047
10072.9726611,-43,82.3420723036
10072.9726611,-42,82.2071151601
10072.9726611,-41,82.0878640539
10072.9726611,-40,82.510466782
10072.9726611,-39,82.987221558
10072.9726611,-38,82.9326510688
10072.9726611,-37,82.3925108383
10072.9726611,-36,81.9937923142
10072.9726611,-35,82.1703273991
10072.9726611,-34,82.491323214
10072.9726611,-33,82.5477823238
10072.9726611,-32,82.5918940959
10072.9726611,-31,83.06122165
10072.9726611,-30,83.7333713723
10072.9726611,-29,84.0421390964
10072.9726611,-28,83.803421106
10072.9726611,-27,83.3958250648
10072.9726611,-26,83.4743100342
10072.9726611,-25,84.0521119076
10072.9726611,-24,84.5204817554
10072.9726611,-23,84.5622651131
10072.9726611,-22,84.3766914444
10072.9726611,-21,84.4077619378
10072.9726611,-20,84.7630610744
10072.9726611,-19,85.0733627959
10072.9726611,-18,85.0161891376
10072.9726611,-17,84.6052240873
10072.9726611,-16,84.1595407754
10072.9726611,-15,84.023901404
10072.9726611,-14,84.1695206541
10072.9726611,-13,84.3051180286
10072.9726611,-12,84.2839636443
10072.9726611,-11,84.2015125401
10072.9726611,-10,84.2253632464
10072.9726611,-9,84.3867148348
10072.9726611,-8,84.584619807
10072.9726611,-7,84.7623579066
10072.9726611,-6,84.9859562626
10072.9726611,-5,85.3456407505
10072.9726611,-4,85.815440539
10072.9726611,-3,86.2561686932
10072.9726611,-2,86.5333710306
10072.9726611,-1,86.5941763783
10072.9726611,0,86.4703566999
10072.9726611,1,86.243411457
10072.9726611,2,85.9896127292
10072.9726611,3,85.7279172034
10072.9726611,4,85.4105589027
10072.9726611,5,84.9631762046
10072.9726611,6,84.3374937141
10072.9726611,7,83.5517742063
10072.9726611,8,82.7210195057
10072.9726611,9,82.0589665283
10072.9726611,10,81.7850167009
10072.9726611,11,81.9496656315
10072.9726611,12,82.3955870491
10072.9726611,13,82.9079023542
10072.9726611,14,83.3313263959
10072.9726611,15,83.580877772
10072.9726611,16,83.6183406052
10072.9726611,17,83.4386220174
10072.9726611,18,83.071126736
10072.9726611,19,82.5882518073
10072.9726611,20,82.1036680534
10072.9726611,21,81.734631719
10072.9726611,22,81.5300156267
10072.9726611,23,81.4318278077
10072.9726611,24,81.3224691649
10072.9726611,25,81.1053748691
10072.9726611,26,80.7543480987
10072.9726611,27,80.3261281203
10072.9726611,28,79.9391572706
10072.9726611,29,79.7035854608
10072.9726611,30,79.6311810794
10072.9726611,31,79.6193450133
10072.9726611,32,79.5260218899
10072.9726611,33,79.2426404823
10072.9726611,34,78.7168681811
10072.9726611,35,77.9473623111
10072.9726611,36,76.9761542469
10072.9726611,37,75.8864081324
10072.9726611,38,74.8017077527
10072.9726611,39,73.8755142768
10072.9726611,40,73.2578350066
10072.9726611,41,73.0426315356
10072.9726611,42,73.2262751295
10072.9726611,43,73.707425149
10072.9726611,44,74.3299526065
10072.9726611,45,74.9437201006
10072.9726611,46,75.4509208222
10072.9726611,47,75.82206561
10072.9726611,48,76.0815374857
10072.9726611,49,76.2663518635
10072.9726611,50,76.3754184236
10072.9726611,51,76.346388576
10072.9726611,52,76.0776741781
10072.9726611,53,75.4688558811
10072.9726611,54,74.4512553182
10072.9726611,55,73.0150706943
10072.9726611,56,71.2679974654
10072.9726611,57,69.5558911534
10072.9726611,58,68.4907662195
10072.9726611,59,68.4504572343
10072.9726611,60,69.1279408207
10072.9726611,61,70.0342222013
10072.9726611,62,70.878975619
10072.9726611,63,71.5065470677
10072.9726611,64,71.8163149041
10072.9726611,65,71.7520494464
10072.9726611,66,71.3285979045
10072.9726611,67,70.6937383763
10072.9726611,68,70.1883673414
10072.9726611,69,70.1887122221
10072.9726611,70,70.6777753618
10072.9726611,71,71.2387448316
10072.9726611,72,71.4710811435
10072.9726611,73,71.1330110344
10072.9726611,74,70.0618669442
10072.9726611,75,68.1156561675
10072.9726611,76,65.4063938823
10072.9726611,77,63.8279566863
10072.9726611,78,65.7814669359
10072.9726611,79,68.4570212186
10072.9726611,80,70.288449363
10072.9726611,81,71.2029559062
10072.9726611,82,71.2599336997
10072.9726611,83,70.4174751937
10072.9726611,84,68.4401706743
10072.9726611,85,64.6509973874
10072.9726611,86,58.1947517946
10072.9726611,87,62.0290148195
10072.9726611,88,67.7786512698
10072.9726611,89,70.9853108473
10072.9726611,90,72.6538827503
10072.9726611,91,73.0814919423
10072.9726611,92,72.1639014915
10072.9726611,93,69.2504061155
10072.9726611,94,61.4353521778
10072.9726611,95,61.5759494624
10072.9726611,96,70.3580028953
10072.9726611,97,74.0098970361
10072.9726611,98,75.4491283781
10072.9726611,99,75.211039012
10072.9726611,100,73.1962428257
10072.9726611,101,69.102726412
10072.9726611,102,67.5472527321
10072.9726611,103,71.8079590908
10072.9726611,104,74.3309213129
10072.9726611,105,74.7234774106
10072.9726611,106,73.041317136
10072.9726611,107,68.7256397796
10072.9726611,108,64.2731959039
10072.9726611,109,68.7496945762
10072.9726611,110,71.2979183718
10072.9726611,111,70.9898058826
10072.9726611,112,67.8967204966
10072.9726611,113,63.2078911076
10072.9726611,114,65.7598956569
10072.9726611,115,67.932166843
10072.9726611,116,66.1215213387
10072.9726611,117,54.9470391928
10072.9726611,118,63.7145149275
10072.9726611,119,70.2853334532
10072.9726611,120,72.0388402811
10072.9726611,121,70.4919949513
10072.9726611,122,64.4473632294
10072.9726611,123,66.5769905308
10072.9726611,124,72.9368808073
10072.9726611,125,75.363455971
10072.9726611,126,75.217541266
10072.9726611,127,72.4507602131
10072.9726611,128,65.7411991823
10072.9726611,129,65.4693359113
10072.9726611,130,70.6407628512
10072.9726611,131,71.7009001135
10072.9726611,132,69.6015707784
10072.9726611,133,63.7477923716
10072.9726611,134,62.1049819079
10072.9726611,135,66.4585606436
10072.9726611,136,66.5996666907
10072.9726611,137,63.0928196074
10072.9726611,138,63.5299534327
10072.9726611,139,68.3821450077
10072.9726611,140,70.2272459082
10072.9726611,141,69.1734278937
10072.9726611,142,64.8966294204
10072.9726611,143,64.2027671496
10072.9726611,144,69.7807651525
10072.9726611,145,72.5622036073
10072.9726611,146,73.2359692004
10072.9726611,147,72.4640152199
10072.9726611,148,70.9942115831
10072.9726611,149,70.0048730549
10072.9726611,150,69.7841120176
10072.9726611,151,69.2318316807
10072.9726611,152,67.5428447995
10072.9726611,153,64.6517737839
10072.9726611,154,62.2753157858
10072.9726611,155,63.3264906662
10072.9726611,156,65.7670276151
10072.9726611,157,67.9897990722
10072.9726611,158,69.6633993487
10072.9726611,159,70.4964846998
10072.9726611,160,70.2351202623
10072.9726611,161,68.732715583
10072.9726611,162,66.6271409549
10072.9726611,163,67.1814328478
10072.9726611,164,70.2189714085
10072.9726611,165,72.6918659258
10072.9726611,166,74.1671419955
10072.9726611,167,74.8750674813
10072.9726611,168,75.0663492225
10072.9726611,169,74.9277969246
10072.9726611,170,74.5366470099
10072.9726611,171,73.8485099541
10072.9726611,172,72.7448257437
10072.9726611,173,71.0985941516
10072.9726611,174,68.8192628124
10072.9726611,175,65.8775765811
10072.9726611,176,62.2931475493
10072.9726611,177,58.4021099503
10072.9726611,178,58.3432095035
10072.9726611,179,63.1783968458
10072.9726611,180,67.4356387578
11109.9178264,-180,70.3646173237
11109.9178264,-179,69.9208773209
11109.9178264,-178,68.3607930683
11109.9178264,-177,65.0583719581
11109.9178264,-176,57.8997612294
11109.9178264,-175,56.4687149716
11109.9178264,-174,64.5698617472
11109.9178264,-173,68.3087702007
11109.9178264,-172,70.2057931232
11109.9178264,-171,71.0643391195
11109.9178264,-170,71.3245258704
11109.9178264,-169,71.3724978004
11109.9178264,-168,71.5309855323
11109.9178264,-167,71.8978060776
11109.9178264,-166,72.3397966032
11109.9178264,-165,72.700043084
11109.9178264,-164,72.9347810624
11109.9178264,-163,73.0960752248
11109.9178264,-162,73.238631124
11109.9178264,-161,73.3293778914
11109.9178264,-160,73.2294357382
11109.9178264,-159,72.742489378
11109.9178264,-158,71.6683101419
11109.9178264,-157,69.892588796
11109.9178264,-156,67.8660575104
11109.9178264,-155,67.5934666791
11109.9178264,-154,69.5826787065
11109.9178264,-153,71.6095218476
11109.9178264,-152,72.8176235261
11109.9178264,-151,73.1858982834
11109.9178264,-150,72.8477008021
11109.9178264,-149,72.0023119402
11109.9178264,-148,70.9523108713
11109.9178264,-147,70.0865790216
11109.9178264,-146,69.6856907973
11109.9178264,-145,69.7190086384
11109.9178264,-144,69.935881051
11109.9178264,-143,70.0751615917
11109.9178264,-142,69.9730908293
11109.9178264,-141,69.623911452
11109.9178264,-140,69.2475269814
11109.9178264,-139,69.2461771889
11109.9178264,-138,69.8360888268
11109.9178264,-137,70.7805944935
11109.9178264,-136,71.7181417671
11109.9178264,-135,72.4550966367
11109.9178264,-134,72.9500960322
11109.9178264,-133,73.2344564613
11109.9178264,-132,73.3671220951
11109.9178264,-131,73.4104018055
11109.9178264,-130,73.4044505205
11109.9178264,-129,73.340797695
11109.9178264,-128,73.1567317375
11109.9178264,-127,72.7626072127
11109.9178264,-126,72.0867860808
11109.9178264,-125,71.1213614565
11109.9178264,-124,69.9665146724
11109.9178264,-123,68.8539568124
11109.9178264,-122,68.0765361703
11109.9178264,-121,67.810557618
11109.9178264,-120,68.0220748148
11109.9178264,-119,68.5311814629
11109.9178264,-118,69.098101719
11109.9178264,-117,69.5159294975
11109.9178264,-116,69.7069542377
11109.9178264,-115,69.7884080016
11109.9178264,-114,70.0573617547
11109.9178264,-113,70.764535856
11109.9178264,-112,71.8298434737
11109.9178264,-111,72.9523349163
11109.9178264,-110,73.8912755284
11109.9178264,-109,74.5333551336
11109.9178264,-108,74.8350487935
11109.9178264,-107,74.766836158
11109.9178264,-106,74.2811713525
11109.9178264,-105,73.2993527314
11109.9178264,-104,71.7358949985
11109.9178264,-103,69.7153771458
11109.9178264,-102,68.463945473
11109.9178264,-101,69.8429073905
11109.9178264,-100,72.4151218627
11109.9178264,-99,74.5329989953
11109.9178264,-98,75.8720685054
11109.9178264,-97,76.4292031628
11109.9178264,-96,76.2022434135
11109.9178264,-95,75.1505974309
11109.9178264,-94,73.3001329935
11109.9178264,-93,71.3965557022
11109.9178264,-92,71.7117329647
11109.9178264,-91,73.9811733074
11109.9178264,-90,75.9584927616
11109.9178264,-89,76.9844217049
11109.9178264,-88,76.9908399083
11109.9178264,-87,75.9871904578
11109.9178264,-86,74.2644274765
11109.9178264,-85,73.3470196816
11109.9178264,-84,74.7050458378
11109.9178264,-83,76.5033108049
11109.9178264,-82,77.3121645818
11109.9178264,-81,76.781937122
11109.9178264,-80,74.8336452559
11109.9178264,-79,72.513074551
11109.9178264,-78,73.5299165624
11109.9178264,-77,76.1442036258
11109.9178264,-76,77.5846708359
11109.9178264,-75,77.7765305832
11109.9178264,-74,77.4975143253
11109.9178264,-73,77.9823511267
11109.9178264,-72,79.1830601038
11109.9178264,-71,79.8832748932
11109.9178264,-70,79.3850664729
11109.9178264,-69,77.6613109705
11109.9178264,-68,76.2711857786
11109.9178264,-67,77.5788573237
11109.9178264,-66,79.3667400885
11109.9178264,-65,79.9879926986
11109.9178264,-64,79.6414113666
11109.9178264,-63,79.2880609111
11109.9178264,-62,79.4549201968
11109.9178264,-61,79.2263917034
11109.9178264,-60,77.8083193137
11109.9178264,-59,76.8541951093
11109.9178264,-58,79.3107162681
11109.9178264,-57,81.7921599141
11109.9178264,-56,82.4822202846
11109.9178264,-55,81.338831227
11109.9178264,-54,79.5015820526
11109.9178264,-53,80.3037524592
11109.9178264,-52,82.2957329941
11109.9178264,-51,82.8163333072
11109.9178264,-50,81.6684820462
11109.9178264,-49,80.3758018321
11109.9178264,-48,81.4764364378
11109.9178264,-47,83.0520691349
11109.9178264,-46,83.2907721304
11109.9178264,-45,82.2924097709
11109.9178264,-44,81.3142682445
11109.9178264,-43,81.5389505227
11109.9178264,-42,81.9584067963
11109.9178264,-41,81.8517915359
11109.9178264,-40,81.9410359332
11109.9178264,-39,82.66170144
11109.9178264,-38,83.093883166
11109.9178264,-37,82.6435554328
11109.9178264,-36,81.9736207583
11109.9178264,-35,82.4354132018
11109.9178264,-34,83.4537992363
11109.9178264,-33,83.7440933566
11109.9178264,-32,83.2759248349
11109.9178264,-31,83.1556875826
11109.9178264,-30,84.0244880578
11109.9178264,-29,84.8506603432
11109.9178264,-28,84.9248364604
11109.9178264,-27,84.5237062665
11109.9178264,-26,84.4556672733
11109.9178264,-25,84.8750479751
11109.9178264,-24,85.076456695
11109.9178264,-23,84.7091812973
11109.9178264,-22,84.2074813502
11109.9178264,-21,84.3202524148
11109.9178264,-20,84.9121932558
11109.9178264,-19,85.2909121002
11109.9178264,-18,85.2852229935
11109.9178264,-17,85.2776286329
11109.9178264,-16,85.6325051205
11109.9178264,-15,86.1631741036
11109.9178264,-14,86.4942709007
11109.9178264,-13,86.5498561419
11109.9178264,-12,86.5523723934
11109.9178264,-11,86.7451815581
11109.9178264,-10,87.1193728403
11109.9178264,-9,87.4995705606
11109.9178264,-8,87.7844435339
11109.9178264,-7,87.9817970492
11109.9178264,-6,88.0998607569
11109.9178264,-5,88.0802333426
11109.9178264,-4,87.8438760749
11109.9178264,-3,87.3859838215
11109.9178264,-2,86.8418972357
11109.9178264,-1,86.4551059233
11109.9178264,0,86.3818799816
11109.9178264,1,86.5218736137
11109.9178264,2,86.6464822226
11109.9178264,3,86.6143314159
11109.9178264,4,86.4346687532
11109.9178264,5,86.2195336119
11109.9178264,6,86.0780088111
11109.9178264,7,86.0081460724
11109.9178264,8,85.8921773097
11109.9178264,9,85.5954545772
11109.9178264,10,85.0655314241
11109.9178264,11,84.3956444492
11109.9178264,12,83.8434732799
11109.9178264,13,83.6924393785
11109.9178264,14,83.9650649664
11109.9178264,15,84.4040110377
11109.9178264,16,84.7436717484
11109.9178264,17,84.8429222481
11109.9178264,18,84.6473512784
11109.9178264,19,84.130442251
11109.9178264,20,83.277343804
11109.9178264,21,82.1391038376
11109.9178264,22,80.9859746741
11109.9178264,23,80.4079977284
11109.9178264,24,80.7699242122
11109.9178264,25,81.6082438129
11109.9178264,26,82.28854662
11109.9178264,27,82.5157246978
11109.9178264,28,82.2393094914
11109.9178264,29,81.539236893
11109.9178264,30,80.6040609798
11109.9178264,31,79.706346664
11109.9178264,32,79.0532376523
11109.9178264,33,78.6014397352
11109.9178264,34,78.1290546617
11109.9178264,35,77.4661124792
11109.9178264,36,76.6041596041
11109.9178264,37,75.6785437793
11109.9178264,38,74.8916672159
11109.9178264,39,74.4242482758
11109.9178264,40,74.3570942191
11109.9178264,41,74.584889218
11109.9178264,42,74.838401293
11109.9178264,43,74.8714163991
11109.9178264,44,74.6271558143
11109.9178264,45,74.2994137612
11109.9178264,46,74.2282038728
11109.9178264,47,74.543672302
11109.9178264,48,74.9882688119
11109.9178264,49,75.2103488232
11109.9178264,50,74.9956326562
11109.9178264,51,74.2705298391
11109.9178264,52,73.0799790985
11109.9178264,53,71.6315966717
11109.9178264,54,70.3817220089
11109.9178264,55,69.9657226558
11109.9178264,56,70.6970164614
11109.9178264,57,72.1754209213
11109.9178264,58,73.7347113721
11109.9178264,59,74.923927151
11109.9178264,60,75.5300586157
11109.9178264,61,75.4599470935
11109.9178264,62,74.6549751979
11109.9178264,63,73.0429003471
11109.9178264,64,70.5290118182
11109.9178264,65,67.2581466814
11109.9178264,66,65.3455421488
11109.9178264,67,67.417922587
11109.9178264,68,70.3169874825
11109.9178264,69,72.5022193035
11109.9178264,70,73.9221177472
11109.9178264,71,74.6195981732
11109.9178264,72,74.5637772616
11109.9178264,73,73.634243733
11109.9178264,74,71.572262877
11109.9178264,75,67.9038339133
11109.9178264,76,63.4941506428
11109.9178264,77,66.1756160174
11109.9178264,78,70.1648215715
11109.9178264,79,72.3421228703
11109.9178264,80,73.1050737192
11109.9178264,81,72.6258490083
11109.9178264,82,70.7388226618
11109.9178264,83,66.6439344181
11109.9178264,84,57.2782238198
11109.9178264,85,62.1942007626
11109.9178264,86,68.3430462957
11109.9178264,87,70.8731831539
11109.9178264,88,71.3839408685
11109.9178264,89,69.9953708868
11109.9178264,90,65.6788511455
11109.9178264,91,53.864769613
11109.9178264,92,65.3451127883
11109.9178264,93,70.6789837572
11109.9178264,94,72.6718014169
11109.9178264,95,72.4586776668
11109.9178264,96,69.7182849201
11109.9178264,97,61.8609116342
11109.9178264,98,63.888744976
11109.9178264,99,70.879640488
11109.9178264,100,73.337268963
11109.9178264,101,73.1571275319
11109.9178264,102,70.1122752936
11109.9178264,103,60.7775932953
11109.9178264,104,64.0899708799
11109.9178264,105,70.4368954782
11109.9178264,106,71.8188819832
11109.9178264,107,69.9450340298
11109.9178264,108,64.4182109032
11109.9178264,109,65.8020019111
11109.9178264,110,70.5334242649
11109.9178264,111,71.499825743
11109.9178264,112,68.777340845
11109.9178264,113,58.4573384212
11109.9178264,114,66.128116092
11109.9178264,115,71.5936154486
11109.9178264,116,72.7163858125
11109.9178264,117,70.8320701414
11109.9178264,118,66.0316125736
11109.9178264,119,65.3926720505
11109.9178264,120,68.3556600828
11109.9178264,121,67.5399789995
11109.9178264,122,60.6781187774
11109.9178264,123,62.8642155705
11109.9178264,124,69.4126671898
11109.9178264,125,70.7219331377
11109.9178264,126,67.864566286
11109.9178264,127,54.4581201659
11109.9178264,128,65.990089209
11109.9178264,129,71.0801722829
11109.9178264,130,71.6238873512
11109.9178264,131,68.428111523
11109.9178264,132,57.7312412032
11109.9178264,133,64.0288395744
11109.9178264,134,68.5647743257
11109.9178264,135,68.227414702
11109.9178264,136,64.4573721137
11109.9178264,137,64.1971326912
11109.9178264,138,67.9654617488
11109.9178264,139,68.6097368402
11109.9178264,140,65.7988347231
11109.9178264,141,62.432401243
11109.9178264,142,67.0474645818
11109.9178264,143,69.6787084697
11109.9178264,144,69.2039348125
11109.9178264,145,65.5089093797
11109.9178264,146,61.0952004394
11109.9178264,147,65.0935827257
11109.9178264,148,66.7448723589
11109.9178264,149,64.4485976719
11109.9178264,150,61.229520388
11109.9178264,151,67.7332876387
11109.9178264,152,72.0578630345
11109.9178264,153,74.0681303557
11109.9178264,154,74.7264297112
11109.9178264,155,74.6931910035
11109.9178264,156,74.4283066394
11109.9178264,157,73.9369028861
11109.9178264,158,72.7641596829
11109.9178264,159,70.1976284924
11109.9178264,160,64.7147217442
11109.9178264,161,38.846479071
11109.9178264,162,63.5743690346
11109.9178264,163,68.996166784
11109.9178264,164,71.7968398196
11109.9178264,165,73.6025925938
11109.9178264,166,74.7898866646
11109.9178264,167,75.362947424
11109.9178264,168,75.2408939424
11109.9178264,169,74.364193957
11109.9178264,170,72.7486424135
11109.9178264,171,70.6210648173
11109.9178264,172,68.6627543251
11109.9178264,173,67.6416693439
11109.9178264,174,67.2889490223
11109.9178264,175,67.0048700935
11109.9178264,176,66.9714057047
11109.9178264,177,67.6942429867
11109.9178264,178,68.9225083081
11109.9178264,179,69.9568468338
11109.9178264,180,70.3646173237
12253.6095611,-180,61.2274124601
12253.6095611,-179,58.3456041613
12253.6095611,-178,62.7558160945
12253.6095611,-177,64.7452797592
12253.6095611,-176,64.8867144345
12253.6095611,-175,63.9997192215
12253.6095611,-174,62.9968902769
12253.6095611,-173,62.5530059126
12253.6095611,-172,62.2475943588
12253.6095611,-171,61.554688729
12253.6095611,-170,61.5392416024
12253.6095611,-169,63.868345395
12253.6095611,-168,66.9310648605
12253.6095611,-167,69.2804784105
12253.6095611,-166,70.723006204
12253.6095611,-165,71.3710330506
12253.6095611,-164,71.4314565011
12253.6095611,-163,71.2828979834
12253.6095611,-162,71.4862976128
12253.6095611,-161,72.329915036
12253.6095611,-160,73.4678005173
12253.6095611,-159,74.4100643436
12253.6095611,-158,74.8995686711
12253.6095611,-157,74.8641235218
12253.6095611,-156,74.3200984159
12253.6095611,-155,73.3280133358
12253.6095611,-154,71.9665868121
12253.6095611,-153,70.287148232
12253.6095611,-152,68.2301227479
12253.6095611,-151,65.4897646318
12253.6095611,-150,61.1357269637
12253.6095611,-149,51.8622895327
12253.6095611,-148,57.810398626
12253.6095611,-147,64.944103078
12253.6095611,-146,68.7499788725
12253.6095611,-145,70.9175900562
12253.6095611,-144,71.9253142948
12253.6095611,-143,71.9765785979
12253.6095611,-142,71.2522931685
12253.6095611,-141,70.1183046802
12253.6095611,-140,69.3325602516
12253.6095611,-139,69.6422104303
12253.6095611,-138,70.8713252833
12253.6095611,-137,72.3631170192
12253.6095611,-136,73.6699432299
12253.6095611,-135,74.5400090583
12253.6095611,-134,74.8268060645
12253.6095611,-133,74.4560609313
12253.6095611,-132,73.412443146
12253.6095611,-131,71.7509371519
12253.6095611,-130,69.6504828321
12253.6095611,-129,67.5054048796
12253.6095611,-128,65.9289758779
12253.6095611,-127,65.3977395215
12253.6095611,-126,65.74441076
12253.6095611,-125,66.3187599616
12253.6095611,-124,66.5501091889
12253.6095611,-123,66.1822082874
12253.6095611,-122,65.4124428353
12253.6095611,-121,65.2244322562
12253.6095611,-120,66.506571491
12253.6095611,-119,68.3995903709
12253.6095611,-118,69.9172615566
12253.6095611,-117,70.8195683642
12253.6095611,-116,71.2216945345
12253.6095611,-115,71.3917179832
12253.6095611,-114,71.6323014632
12253.6095611,-113,72.0786716379
12253.6095611,-112,72.5989673567
12253.6095611,-111,72.9487310469
12253.6095611,-110,72.9318762847
12253.6095611,-109,72.4278686036
12253.6095611,-108,71.3846264409
12253.6095611,-107,69.9257815705
12253.6095611,-106,68.7837168253
12253.6095611,-105,69.3160165059
12253.6095611,-104,71.28954651
12253.6095611,-103,73.3345423466
12253.6095611,-102,74.8609543702
12253.6095611,-101,75.7546670535
12253.6095611,-100,75.9916295276
12253.6095611,-99,75.5265840753
12253.6095611,-98,74.2742581572
12253.6095611,-97,72.2220731716
12253.6095611,-96,70.2566141406
12253.6095611,-95,71.0446833776
12253.6095611,-94,73.7129672359
12253.6095611,-93,75.8285284891
12253.6095611,-92,76.8637318712
12253.6095611,-91,76.7549744261
12253.6095611,-90,75.4402394944
12253.6095611,-89,73.1895779848
12253.6095611,-88,72.3330805202
12253.6095611,-87,74.4519450475
12253.6095611,-86,76.3734929556
12253.6095611,-85,76.786585498
12253.6095611,-84,75.4462813705
12253.6095611,-83,72.5633712717
12253.6095611,-82,72.0941322603
12253.6095611,-81,75.2723011067
12253.6095611,-80,77.182718887
12253.6095611,-79,77.1234314453
12253.6095611,-78,75.3982197757
12253.6095611,-77,74.1849322256
12253.6095611,-76,76.1666189041
12253.6095611,-75,78.1408972293
12253.6095611,-74,78.5999686747
12253.6095611,-73,77.9534863899
12253.6095611,-72,77.6183742801
12253.6095611,-71,78.3089605517
12253.6095611,-70,78.6102192904
12253.6095611,-69,77.6249917332
12253.6095611,-68,76.5243772173
12253.6095611,-67,78.0066556273
12253.6095611,-66,80.0919468627
12253.6095611,-65,80.8485596264
12253.6095611,-64,80.325709695
12253.6095611,-63,79.3449118022
12253.6095611,-62,78.7770557176
12253.6095611,-61,78.5777854306
12253.6095611,-60,79.1217394121
12253.6095611,-59,80.7445651735
12253.6095611,-58,81.9074278935
12253.6095611,-57,81.3197681532
12253.6095611,-56,78.7014502666
12253.6095611,-55,77.9576876355
12253.6095611,-54,81.0767134754
12253.6095611,-53,82.4104535344
12253.6095611,-52,81.2960057242
12253.6095611,-51,79.7611277717
12253.6095611,-50,81.6305732904
12253.6095611,-49,83.4254983148
12253.6095611,-48,83.2186270122
12253.6095611,-47,82.0783985411
12253.6095611,-46,82.6943393352
12253.6095611,-45,83.9793039199
12253.6095611,-44,83.844357242
12253.6095611,-43,82.7512358213
12253.6095611,-42,82.9707852268
12253.6095611,-41,84.0226544672
12253.6095611,-40,83.9217263489
12253.6095611,-39,83.0802577705
12253.6095611,-38,83.6309368237
12253.6095611,-37,84.8826439336
12253.6095611,-36,85.0477787766
12253.6095611,-35,84.470669124
12253.6095611,-34,84.8136815985
12253.6095611,-33,85.7662839201
12253.6095611,-32,85.7526471978
12253.6095611,-31,84.6132167414
12253.6095611,-30,83.8802647172
12253.6095611,-29,84.5648051927
12253.6095611,-28,85.0454402594
12253.6095611,-27,84.6989885376
12253.6095611,-26,84.5017391615
12253.6095611,-25,85.0712052558
12253.6095611,-24,85.4624203789
12253.6095611,-23,85.2040630677
12253.6095611,-22,85.0323725672
12253.6095611,-21,85.6456223166
12253.6095611,-20,86.3669281573
12253.6095611,-19,86.5365513484
12253.6095611,-18,86.3251189279
12253.6095611,-17,86.2939884843
12253.6095611,-16,86.5898691979
12253.6095611,-15,86.8883997071
12253.6095611,-14,87.0633616373
12253.6095611,-13,87.2669949846
12253.6095611,-12,87.5692343395
12253.6095611,-11,87.8573040643
12253.6095611,-10,88.064521769
12253.6095611,-9,88.25019095
12253.6095611,-8,88.4470673971
12253.6095611,-7,88.5715382307
12253.6095611,-6,88.5364894332
12253.6095611,-5,88.3818234899
12253.6095611,-4,88.2644428713
12253.6095611,-3,88.3115057044
12253.6095611,-2,88.4935114082
12253.6095611,-1,88.6749396167
12253.6095611,0,88.7339085748
12253.6095611,1,88.6062796932
12253.6095611,2,88.281013315
12253.6095611,3,87.802764532
12253.6095611,4,87.2736100848
12253.6095611,5,86.8025050295
12253.6095611,6,86.4039843798
12253.6095611,7,85.9762758514
12253.6095611,8,85.4401097819
12253.6095611,9,84.9321540301
12253.6095611,10,84.8363863337
12253.6095611,11,85.3679711518
12253.6095611,12,86.2037176419
12253.6095611,13,86.8738177616
12253.6095611,14,87.1247017193
12253.6095611,15,86.8994560336
12253.6095611,16,86.2584105221
12253.6095611,17,85.3525370675
12253.6095611,18,84.4155369163
12253.6095611,19,83.7054582854
12253.6095611,20,83.3668206826
12253.6095611,21,83.3356952105
12253.6095611,22,83.4097765211
12253.6095611,23,83.3828096952
12253.6095611,24,83.1247237094
12253.6095611,25,82.6184751721
12253.6095611,26,81.9838524335
12253.6095611,27,81.4405525757
12253.6095611,28,81.1237001143
12253.6095611,29,80.9082020602
12253.6095611,30,80.5216711563
12253.6095611,31,79.7705352724
12253.6095611,32,78.6480594445
12253.6095611,33,77.3785778579
12253.6095611,34,76.3731020272
12253.6095611,35,75.9041235997
12253.6095611,36,75.8190588298
12253.6095611,37,75.8127123732
12253.6095611,38,75.7465700514
12253.6095611,39,75.6617915657
12253.6095611,40,75.6713382877
12253.6095611,41,75.8563268287
12253.6095611,42,76.2213563199
12253.6095611,43,76.7008576979
12253.6095611,44,77.1714518456
12253.6095611,45,77.4816907469
12253.6095611,46,77.5073416675
12253.6095611,47,77.1955170013
12253.6095611,48,76.577127419
12253.6095611,49,75.7492241239
12253.6095611,50,74.8274185684
12253.6095611,51,73.8947898468
12253.6095611,52,73.0227859154
12253.6095611,53,72.3876998883
12253.6095611,54,72.2885503269
12253.6095611,55,72.8178162325
12253.6095611,56,73.6485667081
12253.6095611,57,74.3769736016
12253.6095611,58,74.7821610209
12253.6095611,59,74.7837665659
12253.6095611,60,74.3434209083
12253.6095611,61,73.4179257024
12253.6095611,62,71.991960976
12253.6095611,63,70.2689939764
12253.6095611,64,69.0861775927
12253.6095611,65,69.446064402
12253.6095611,66,70.7547056985
12253.6095611,67,71.9123160678
12253.6095611,68,72.4784359771
12253.6095611,69,72.3139243493
12253.6095611,70,71.270237646
12253.6095611,71,69.0327772248
12253.6095611,72,65.1019742789
12253.6095611,73,62.400539014
12253.6095611,74,66.9047543703
12253.6095611,75,70.6404868357
12253.6095611,76,72.6010096424
12253.6095611,77,73.1514494543
12253.6095611,78,72.3484590271
12253.6095611,79,69.8758861996
12253.6095611,80,64.6185233275
12253.6095611,81,59.0264584554
12253.6095611,82,66.2309269258
12253.6095611,83,70.0479958666
12253.6095611,84,71.4567880645
12253.6095611,85,71.107076166
12253.6095611,86,68.8300960225
12253.6095611,87,63.4924136345
12253.6095611,88,60.8739043568
12253.6095611,89,67.80890859
12253.6095611,90,71.2075350033
12253.6095611,91,72.1655648898
12253.6095611,92,70.8820132206
12253.6095611,93,66.0741087846
12253.6095611,94,54.5593471618
12253.6095611,95,67.7591206693
12253.6095611,96,72.102931414
12253.6095611,97,73.0887449076
12253.6095611,98,71.4101946498
12253.6095611,99,66.3118745833
12253.6095611,100,64.0897257831
12253.6095611,101,69.5421718252
12253.6095611,102,71.1890848727
12253.6095611,103,69.3196996243
12253.6095611,104,62.316053745
12253.6095611,105,62.4633166739
12253.6095611,106,68.0409366921
12253.6095611,107,67.9500189796
12253.6095611,108,61.7966101589
12253.6095611,109,63.6179412467
12253.6095611,110,70.3678116691
12253.6095611,111,71.9536438692
12253.6095611,112,69.8839525464
12253.6095611,113,65.7643930654
12253.6095611,114,69.819437577
12253.6095611,115,72.9582876825
12253.6095611,116,72.6922244536
12253.6095611,117,68.7937512601
12253.6095611,118,64.6586454299
12253.6095611,119,69.7463918241
12253.6095611,120,71.5446286542
12253.6095611,121,69.4789770798
12253.6095611,122,60.6967078381
12253.6095611,123,60.5426955268
12253.6095611,124,68.2724871495
12253.6095611,125,70.0445996032
12253.6095611,126,69.2768044385
12253.6095611,127,66.2074205945
12253.6095611,128,59.0153796245
12253.6095611,129,60.0033513123
12253.6095611,130,65.7871873061
12253.6095611,131,66.7615608047
12253.6095611,132,64.2808864382
12253.6095611,133,62.7272713217
12253.6095611,134,65.9107170422
12253.6095611,135,66.3168945046
12253.6095611,136,62.3948465233
12253.6095611,137,62.3703005309
12253.6095611,138,67.4872245718
12253.6095611,139,68.3134433472
12253.6095611,140,65.764881759
12253.6095611,141,67.1600347986
12253.6095611,142,71.5065075161
12253.6095611,143,72.9662437618
12253.6095611,144,71.4795896227
12253.6095611,145,67.0047326309
12253.6095611,146,65.2718197375
12253.6095611,147,67.6772336901
12253.6095611,148,66.1023683675
12253.6095611,149,59.5486255796
12253.6095611,150,66.8200300318
12253.6095611,151,71.2110324346
12253.6095611,152,71.7694552222
12253.6095611,153,69.0561545985
12253.6095611,154,62.9551949146
12253.6095611,155,65.2882994831
12253.6095611,156,68.8768737507
12253.6095611,157,69.5538280464
12253.6095611,158,69.5612964484
12253.6095611,159,70.8026524024
12253.6095611,160,72.0709144778
12253.6095611,161,71.9326478604
12253.6095611,162,69.8160605418
12253.6095611,163,64.8539690986
12253.6095611,164,55.0096813929
12253.6095611,165,60.9195224315
12253.6095611,166,66.6896279002
12253.6095611,167,70.7165995552
12253.6095611,168,73.7428035381
12253.6095611,169,75.6910971939
12253.6095611,170,76.5869272603
12253.6095611,171,76.5644805494
12253.6095611,172,75.8877087661
12253.6095611,173,75.0452378384
12253.6095611,174,74.5795906577
12253.6095611,175,74.4765101489
12253.6095611,176,74.1793957569
12253.6095611,177,73.1724844215
12253.6095611,178,71.0723744999
12253.6095611,179,67.3739442361
12253.6095611,180,61.2274124601
13515.0367108,-180,66.9239329319
13515.0367108,-179,58.259116699
13515.0367108,-178,53.2932327631
13515.0367108,-177,61.6630433798
13515.0367108,-176,63.5183507409
13515.0367108,-175,63.0928941197
13515.0367108,-174,62.5427991081
13515.0367108,-173,63.8318170717
13515.0367108,-172,65.5411179192
13515.0367108,-171,66.1287294749
13515.0367108,-170,65.1374254305
13515.0367108,-169,62.4283087621
13515.0367108,-168,60.3721854133
13515.0367108,-167,63.4235858919
13515.0367108,-166,66.5447015279
13515.0367108,-165,68.2690043542
13515.0367108,-164,69.1742306426
13515.0367108,-163,69.9772448032
13515.0367108,-162,71.0004503534
13515.0367108,-161,71.9310273714
13515.0367108,-160,72.3300290651
13515.0367108,-159,71.9692885292
13515.0367108,-158,70.8063716814
13515.0367108,-157,68.9729567448
13515.0367108,-156,66.8941792267
13515.0367108,-155,65.2165027246
13515.0367108,-154,63.8980502058
13515.0367108,-153,61.7216399934
13515.0367108,-152,56.967776407
13515.0367108,-151,58.1016956057
13515.0367108,-150,65.0853994033
13515.0367108,-149,69.1165936052
13515.0367108,-148,71.3376205226
13515.0367108,-147,72.3912590798
13515.0367108,-146,72.6498147848
13515.0367108,-145,72.373713477
13515.0367108,-144,71.7311339959
13515.0367108,-143,70.8338800937
13515.0367108,-142,69.8517201155
13515.0367108,-141,69.0399767054
13515.0367108,-140,68.4861400632
13515.0367108,-139,67.9841363585
13515.0367108,-138,67.4240181774
13515.0367108,-137,67.1257556282
13515.0367108,-136,67.4678279699
13515.0367108,-135,68.1967772881
13515.0367108,-134,68.7724780927
13515.0367108,-133,68.9440842018
13515.0367108,-132,68.7739372679
13515.0367108,-131,68.5427531051
13515.0367108,-130,68.649536816
13515.0367108,-129,69.3384472487
13515.0367108,-128,70.4127542967
13515.0367108,-127,71.4140999003
13515.0367108,-126,71.9751878428
13515.0367108,-125,71.9105070494
13515.0367108,-124,71.1603839148
13515.0367108,-123,69.7277563209
13515.0367108,-122,67.6086169955
13515.0367108,-121,64.6475831612
13515.0367108,-120,60.0478799073
13515.0367108,-119,48.2723438462
13515.0367108,-118,56.4701457332
13515.0367108,-117,64.8416919854
13515.0367108,-116,69.3809969108
13515.0367108,-115,72.1851126591
13515.0367108,-114,73.7397035866
13515.0367108,-113,74.2117082876
13515.0367108,-112,73.6560286014
13515.0367108,-111,72.0902602851
13515.0367108,-110,69.6856777753
13515.0367108,-109,67.5824202221
13515.0367108,-108,67.964644003
13515.0367108,-107,69.9127951818
13515.0367108,-106,71.6833032901
13515.0367108,-105,72.9374983603
13515.0367108,-104,73.709652858
13515.0367108,-103,74.0436662093
13515.0367108,-102,73.9788172611
13515.0367108,-101,73.5727704378
13515.0367108,-100,72.8725231973
13515.0367108,-99,71.823047751
13515.0367108,-98,70.2459481516
13515.0367108,-97,68.3666558655
13515.0367108,-96,68.5172232515
13515.0367108,-95,71.4689725298
13515.0367108,-94,74.1823877307
13515.0367108,-93,75.6232137484
13515.0367108,-92,75.6290616668
13515.0367108,-91,74.0009882167
13515.0367108,-90,70.9139055163
13515.0367108,-89,70.9537582276
13515.0367108,-88,74.6574506252
13515.0367108,-87,76.8951624542
13515.0367108,-86,77.1740934925
13515.0367108,-85,75.4882237044
13515.0367108,-84,72.3701374096
13515.0367108,-83,72.697216117
13515.0367108,-82,75.6958296276
13515.0367108,-81,76.9483589262
13515.0367108,-80,76.1214147396
13515.0367108,-79,73.6094917547
13515.0367108,-78,72.0400508938
13515.0367108,-77,73.5575560132
13515.0367108,-76,74.9848987417
13515.0367108,-75,76.0105778901
13515.0367108,-74,77.381484362
13515.0367108,-73,78.5122434321
13515.0367108,-72,78.6166328391
13515.0367108,-71,77.7428089731
13515.0367108,-70,76.9605324387
13515.0367108,-69,77.0438418481
13515.0367108,-68,77.0007256118
13515.0367108,-67,76.6168019331
13515.0367108,-66,77.3491085929
13515.0367108,-65,78.9125757009
13515.0367108,-64,79.6576345651
13515.0367108,-63,79.0891307602
13515.0367108,-62,77.6590664116
13515.0367108,-61,77.3765201261
13515.0367108,-60,79.4393404215
13515.0367108,-59,81.3926655602
13515.0367108,-58,81.7819029941
13515.0367108,-57,80.3913637498
13515.0367108,-56,79.0777268626
13515.0367108,-55,80.734237766
13515.0367108,-54,81.9724040333
13515.0367108,-53,81.0656996947
13515.0367108,-52,79.9810215485
13515.0367108,-51,81.8330363437
13515.0367108,-50,83.0878942508
13515.0367108,-49,82.1785288782
13515.0367108,-48,81.1425061223
13515.0367108,-47,82.6541580223
13515.0367108,-46,83.5834943291
13515.0367108,-45,82.8856965329
13515.0367108,-44,82.8349129929
13515.0367108,-43,84.1486456186
13515.0367108,-42,84.3186354719
13515.0367108,-41,83.1661882956
13515.0367108,-40,83.2059975437
13515.0367108,-39,84.4241672196
13515.0367108,-38,84.502593122
13515.0367108,-37,83.9636700748
13515.0367108,-36,84.7773462478
13515.0367108,-35,85.9747788967
13515.0367108,-34,86.2308740484
13515.0367108,-33,86.051692332
13515.0367108,-32,86.2587446862
13515.0367108,-31,86.4542143448
13515.0367108,-30,86.1938304862
13515.0367108,-29,85.9811744791
13515.0367108,-28,86.2182503002
13515.0367108,-27,86.4483327472
13515.0367108,-26,86.4767290204
13515.0367108,-25,86.6132917585
13515.0367108,-24,86.8701807522
13515.0367108,-23,86.9634642732
13515.0367108,-22,86.896434091
13515.0367108,-21,86.8840308142
13515.0367108,-20,86.9995085522
13515.0367108,-19,87.2399226516
13515.0367108,-18,87.6018292382
13515.0367108,-17,87.9016138942
13515.0367108,-16,87.9260989172
13515.0367108,-15,87.7878885898
13515.0367108,-14,87.8865954992
13515.0367108,-13,88.3194736482
13515.0367108,-12,88.7176350551
13515.0367108,-11,88.8262576574
13515.0367108,-10,88.7601301399
13515.0367108,-9,88.7979025325
13515.0367108,-8,89.0312238306
13515.0367108,-7,89.3053434406
13515.0367108,-6,89.4696196139
13515.0367108,-5,89.5109943157
13515.0367108,-4,89.5144397807
13515.0367108,-3,89.5803008772
13515.0367108,-2,89.7467300439
13515.0367108,-1,89.9554242826
13515.0367108,0,90.0979456261
13515.0367108,1,90.0959953643
13515.0367108,2,89.9378638583
13515.0367108,3,89.6535702073
13515.0367108,4,89.2634689692
13515.0367108,5,88.753287293
13515.0367108,6,88.1006745175
13515.0367108,7,87.328527998
13515.0367108,8,86.5542424412
13515.0367108,9,86.0046348219
13515.0367108,10,85.9023911383
13515.0367108,11,86.2211004617
13515.0367108,12,86.6572494078
13515.0367108,13,86.8936682811
13515.0367108,14,86.7793169675
13515.0367108,15,86.3544273279
13515.0367108,16,85.8177332889
13515.0367108,17,85.399882556
13515.0367108,18,85.1590439288
13515.0367108,19,84.9612768641
13515.0367108,20,84.6748715148
13515.0367108,21,84.2770665366
13515.0367108,22,83.8038008672
13515.0367108,23,83.2941527295
13515.0367108,24,82.8336775398
13515.0367108,25,82.5873758727
13515.0367108,26,82.627887612
13515.0367108,27,82.749492791
13515.0367108,28,82.6147145159
13515.0367108,29,81.986773654
13515.0367108,30,80.8105317357
13515.0367108,31,79.2725101337
13515.0367108,32,77.8727561528
13515.0367108,33,77.091278749
13515.0367108,34,76.7365127061
13515.0367108,35,76.274427892
13515.0367108,36,75.4806824732
13515.0367108,37,74.523187991
13515.0367108,38,73.8308121964
13515.0367108,39,73.8181376539
13515.0367108,40,74.5255599899
13515.0367108,41,75.6052555304
13515.0367108,42,76.6546849896
13515.0367108,43,77.4307033995
13515.0367108,44,77.8514701743
13515.0367108,45,77.9349646327
13515.0367108,46,77.7429007014
13515.0367108,47,77.333124226
13515.0367108,48,76.7257846132
13515.0367108,49,75.9033897482
13515.0367108,50,74.8534523259
13515.0367108,51,73.6429200903
13515.0367108,52,72.5001752232
13515.0367108,53,71.797650801
13515.0367108,54,71.7684489202
13515.0367108,55,72.248263659
13515.0367108,56,72.8815509049
13515.0367108,57,73.3873212597
13515.0367108,58,73.5972847335
13515.0367108,59,73.4291067938
13515.0367108,60,72.8921072241
13515.0367108,61,72.1320147966
13515.0367108,62,71.4671324247
13515.0367108,63,71.2365103905
13515.0367108,64,71.4361333985
13515.0367108,65,71.6920234116
13515.0367108,66,71.5883227199
13515.0367108,67,70.7809069118
13515.0367108,68,68.8856763641
13515.0367108,69,65.471762958
13515.0367108,70,63.0729664085
13515.0367108,71,67.0875347121
13515.0367108,72,70.7374322241
13515.0367108,73,72.5970376015
13515.0367108,74,72.8884266644
13515.0367108,75,71.5502312005
13515.0367108,76,68.1286659135
13515.0367108,77,63.6613930459
13515.0367108,78,67.0717678011
13515.0367108,79,70.7904670701
13515.0367108,80,72.130873633
13515.0367108,81,71.3453515219
13515.0367108,82,67.7689328339
13515.0367108,83,56.6193605898
13515.0367108,84,64.4759754505
13515.0367108,85,70.8182879157
13515.0367108,86,73.246871444
13515.0367108,87,73.5325405582
13515.0367108,88,71.8004491428
13515.0367108,89,67.0936946204
13515.0367108,90,60.9112048145
13515.0367108,91,68.4589475632
13515.0367108,92,72.3004972494
13515.0367108,93,73.2329310878
13515.0367108,94,71.6350749613
13515.0367108,95,66.3981453135
13515.0367108,96,63.6128729877
13515.0367108,97,70.5184855731
13515.0367108,98,73.0836026574
13515.0367108,99,72.4968551131
13515.0367108,100,68.2553244219
13515.0367108,101,60.4712919409
13515.0367108,102,67.8731779474
13515.0367108,103,70.5122671364
13515.0367108,104,68.7655111385
13515.0367108,105,60.0361563843
13515.0367108,106,59.2722381267
13515.0367108,107,65.7258109008
13515.0367108,108,63.9185714844
13515.0367108,109,58.8955222581
13515.0367108,110,66.6379512678
13515.0367108,111,68.8011370133
13515.0367108,112,65.0740246376
13515.0367108,113,62.1474304447
13515.0367108,114,71.0563232758
13515.0367108,115,73.730666565
13515.0367108,116,72.4175921068
13515.0367108,117,65.5464958518
13515.0367108,118,61.2773343478
13515.0367108,119,68.576415324
13515.0367108,120,67.7876087097
13515.0367108,121,56.9924375523
13515.0367108,122,63.4433606089
13515.0367108,123,68.7596916024
13515.0367108,124,68.3209609403
13515.0367108,125,63.9224212526
13515.0367108,126,57.5850573631
13515.0367108,127,51.1036302651
13515.0367108,128,57.4191257174
13515.0367108,129,65.5025313964
13515.0367108,130,67.5683919887
13515.0367108,131,66.0180794625
13515.0367108,132,64.8680037778
13515.0367108,133,67.1730723744
13515.0367108,134,66.8349174429
13515.0367108,135,60.7866229838
13515.0367108,136,61.1311593085
13515.0367108,137,67.5477428539
13515.0367108,138,69.0946069761
13515.0367108,139,69.0367041722
13515.0367108,140,69.1536466816
13515.0367108,141,68.224290286
13515.0367108,142,64.3062585444
13515.0367108,143,64.0283215217
13515.0367108,144,68.8906721129
13515.0367108,145,70.33295283
13515.0367108,146,69.0119772687
13515.0367108,147,66.5930815505
13515.0367108,148,65.8524986233
13515.0367108,149,64.6623535038
13515.0367108,150,61.2159979177
13515.0367108,151,64.8820042852
13515.0367108,152,69.7486919139
13515.0367108,153,72.2728282493
13515.0367108,154,73.3796832456
13515.0367108,155,73.4966379705
13515.0367108,156,72.6023457821
13515.0367108,157,70.5113344573
13515.0367108,158,67.3036568617
13515.0367108,159,64.4078551037
13515.0367108,160,64.3763416747
13515.0367108,161,66.3912404909
13515.0367108,162,68.4188876779
13515.0367108,163,69.2183294399
13515.0367108,164,67.968991969
13515.0367108,165,63.3230011198
13515.0367108,166,59.388279264
13515.0367108,167,67.4507216708
13515.0367108,168,71.7801221433
13515.0367108,169,74.2753389606
13515.0367108,170,75.9362308349
13515.0367108,171,77.0680131079
13515.0367108,172,77.6679022269
13515.0367108,173,77.6983875357
13515.0367108,174,77.2331673332
13515.0367108,175,76.4841664506
13515.0367108,176,75.6737756882
13515.0367108,177,74.7728827765
13515.0367108,178,73.4248665827
13515.0367108,179,71.0896033747
13515.0367108,180,66.9239329319
14906.3193488,-180,78.5325330632
14906.3193488,-179,77.3387232265
14906.3193488,-178,76.3524160226
14906.3193488,-177,75.5389772091
14906.3193488,-176,74.2977035071
14906.3193488,-175,72.1059561404
14906.3193488,-174,69.0486417349
14906.3193488,-173,66.4891332332
14906.3193488,-172,64.7814231684
14906.3193488,-171,60.3512796667
14906.3193488,-170,54.7179036411
14906.3193488,-169,65.7134343795
14906.3193488,-168,70.1391334606
14906.3193488,-167,71.772183132
14906.3193488,-166,71.6333323749
14906.3193488,-165,70.2142736582
14906.3193488,-164,68.0017142069
14906.3193488,-163,65.3958723488
14906.3193488,-162,62.2639112588
14906.3193488,-161,59.4684708981
14906.3193488,-160,60.868587452
14906.3193488,-159,63.410790997
14906.3193488,-158,64.6953477379
14906.3193488,-157,64.9752972662
14906.3193488,-156,64.9722292749
14906.3193488,-155,65.8064891591
14906.3193488,-154,67.8054488112
14906.3193488,-153,69.8856188861
14906.3193488,-152,71.3058788422
14906.3193488,-151,72.0015944273
14906.3193488,-150,72.2154427564
14906.3193488,-149,72.2263135955
14906.3193488,-148,72.0849543461
14906.3193488,-147,71.5778388231
14906.3193488,-146,70.4847697658
14906.3193488,-145,68.854889431
14906.3193488,-144,67.2057659641
14906.3193488,-143,66.3472873623
14906.3193488,-142,66.6521870767
14906.3193488,-141,67.6780489229
14906.3193488,-140,68.4734367797
14906.3193488,-139,68.2744632779
14906.3193488,-138,66.7400298069
14906.3193488,-137,64.1176690822
14906.3193488,-136,62.3573328494
14906.3193488,-135,63.2226100821
14906.3193488,-134,64.7092537904
14906.3193488,-133,65.7495770163
14906.3193488,-132,66.318727783
14906.3193488,-131,66.6261977777
14906.3193488,-130,66.9888061106
14906.3193488,-129,67.5558062352
14906.3193488,-128,68.1785135815
14906.3193488,-127,68.6375997006
14906.3193488,-126,68.8721446051
14906.3193488,-125,69.0706875707
14906.3193488,-124,69.5472609844
14906.3193488,-123,70.448403025
14906.3193488,-122,71.7008307971
14906.3193488,-121,73.0928022645
14906.3193488,-120,74.2912161547
14906.3193488,-119,74.98144523
14906.3193488,-118,74.979689753
14906.3193488,-117,74.2104392481
14906.3193488,-116,72.6306837359
14906.3193488,-115,70.1526456518
14906.3193488,-114,66.7211013805
14906.3193488,-113,64.0377468176
14906.3193488,-112,66.2170224452
14906.3193488,-111,69.4805821028
14906.3193488,-110,71.5409883626
14906.3193488,-109,72.3074510834
14906.3193488,-108,71.739201108
14906.3193488,-107,69.6360152443
14906.3193488,-106,66.3994185105
14906.3193488,-105,67.0545668417
14906.3193488,-104,70.7650690784
14906.3193488,-103,73.0577192377
14906.3193488,-102,73.6906285723
14906.3193488,-101,72.7014502209
14906.3193488,-100,69.8149523784
14906.3193488,-99,65.3192493388
14906.3193488,-98,66.7209269639
14906.3193488,-97,70.9051170972
14906.3193488,-96,73.3416854101
14906.3193488,-95,74.5503312011
14906.3193488,-94,74.8911866737
14906.3193488,-93,74.2554717441
14906.3193488,-92,71.9761179782
14906.3193488,-91,66.2078743997
14906.3193488,-90,63.8204446097
14906.3193488,-89,71.3962658288
14906.3193488,-88,74.1552748383
14906.3193488,-87,73.6830740085
14906.3193488,-86,69.6805039322
14906.3193488,-85,67.9484700285
14906.3193488,-84,73.7459673694
14906.3193488,-83,75.9966852134
14906.3193488,-82,75.1024606351
14906.3193488,-81,72.4933148971
14906.3193488,-80,74.4710632135
14906.3193488,-79,77.350245416
14906.3193488,-78,77.4572002011
14906.3193488,-77,74.7395092508
14906.3193488,-76,73.2706575767
14906.3193488,-75,76.1232489825
14906.3193488,-74,76.4589529636
14906.3193488,-73,72.8088271904
14906.3193488,-72,72.1367609622
14906.3193488,-71,77.1279030348
14906.3193488,-70,78.4020249152
14906.3193488,-69,76.7759303295
14906.3193488,-68,75.5273859875
14906.3193488,-67,76.961366572
14906.3193488,-66,77.1269725547
14906.3193488,-65,76.6028611863
14906.3193488,-64,78.2732366941
14906.3193488,-63,79.4643721598
14906.3193488,-62,78.1331903687
14906.3193488,-61,75.3868923569
14906.3193488,-60,77.5743266936
14906.3193488,-59,80.4694387638
14906.3193488,-58,80.9841783568
14906.3193488,-57,79.2352161812
14906.3193488,-56,77.9329144297
14906.3193488,-55,80.6324082133
14906.3193488,-54,82.0916104816
14906.3193488,-53,80.7782205415
14906.3193488,-52,79.7716430653
14906.3193488,-51,82.273470946
14906.3193488,-50,82.8994673359
14906.3193488,-49,80.7686101489
14906.3193488,-48,81.0034569652
14906.3193488,-47,83.3624790424
14906.3193488,-46,83.0657991786
14906.3193488,-45,81.863124701
14906.3193488,-44,83.4549077826
14906.3193488,-43,84.1823430018
14906.3193488,-42,82.8324988735
14906.3193488,-41,83.0097122906
14906.3193488,-40,84.6459060059
14906.3193488,-39,84.4879234772
14906.3193488,-38,83.3327122599
14906.3193488,-37,83.6164413474
14906.3193488,-36,84.3825565931
14906.3193488,-35,84.828748171
14906.3193488,-34,85.5113407994
14906.3193488,-33,86.0315908889
14906.3193488,-32,86.1743569247
14906.3193488,-31,86.2499582098
14906.3193488,-30,86.1779244681
14906.3193488,-29,86.1731357391
14906.3193488,-28,86.6668023587
14906.3193488,-27,86.9536952378
14906.3193488,-26,86.6328434441
14906.3193488,-25,86.6736425012
14906.3193488,-24,87.3482864828
14906.3193488,-23,87.697492493
14906.3193488,-22,87.8557815028
14906.3193488,-21,88.3964095482
14906.3193488,-20,88.8110756042
14906.3193488,-19,88.7031682792
14906.3193488,-18,88.5981798352
14906.3193488,-17,88.783326875
14906.3193488,-16,88.7366934917
14906.3193488,-15,88.4122191128
14906.3193488,-14,88.4454566483
14906.3193488,-13,88.8814801229
14906.3193488,-12,89.2275515403
14906.3193488,-11,89.4669611075
14906.3193488,-10,89.7678959379
14906.3193488,-9,90.0091117281
14906.3193488,-8,90.1007805772
14906.3193488,-7,90.2054999859
14906.3193488,-6,90.3955835894
14906.3193488,-5,90.5088854215
14906.3193488,-4,90.473919793
14906.3193488,-3,90.4044005419
14906.3193488,-2,90.3253025808
14906.3193488,-1,90.0774174413
14906.3193488,0,89.5773862828
14906.3193488,1,88.9843541583
14906.3193488,2,88.5103045823
14906.3193488,3,88.110924642
14906.3193488,4,87.5965270279
14906.3193488,5,86.9914408106
14906.3193488,6,86.6017002077
14906.3193488,7,86.672262242
14906.3193488,8,87.1171253608
14906.3193488,9,87.7583518238
14906.3193488,10,88.5102884883
14906.3193488,11,89.2756473808
14906.3193488,12,89.8817227221
14906.3193488,13,90.1406920495
14906.3193488,14,89.9059181967
14906.3193488,15,89.0905290041
14906.3193488,16,87.7132124417
14906.3193488,17,86.0673338335
14906.3193488,18,84.9193338538
14906.3193488,19,84.8393601344
14906.3193488,20,85.2654333511
14906.3193488,21,85.4723235697
14906.3193488,22,85.2483422753
14906.3193488,23,84.7041446958
14906.3193488,24,84.0663182115
14906.3193488,25,83.5205084052
14906.3193488,26,83.1063716161
14906.3193488,27,82.7417440124
14906.3193488,28,82.319864058
14906.3193488,29,81.7831037061
14906.3193488,30,81.1597285942
14906.3193488,31,80.5536678518
14906.3193488,32,80.0585398717
14906.3193488,33,79.647138787
14906.3193488,34,79.1711450761
14906.3193488,35,78.4832346712
14906.3193488,36,77.5682379424
14906.3193488,37,76.6195837534
14906.3193488,38,75.9902075695
14906.3193488,39,75.9376189696
14906.3193488,40,76.3983030051
14906.3193488,41,77.0905608284
14906.3193488,42,77.7415294248
14906.3193488,43,78.189740718
14906.3193488,44,78.3580757815
14906.3193488,45,78.1842496528
14906.3193488,46,77.5926610595
14906.3193488,47,76.5392939025
14906.3193488,48,75.1252374991
14906.3193488,49,73.753299455
14906.3193488,50,73.0493502519
14906.3193488,51,73.2109215652
14906.3193488,52,73.8201923381
14906.3193488,53,74.4478331465
14906.3193488,54,74.8433155537
14906.3193488,55,74.8279542414
14906.3193488,56,74.2323197172
14906.3193488,57,72.8639115894
14906.3193488,58,70.4633239329
14906.3193488,59,66.9189035675
14906.3193488,60,65.3568076827
14906.3193488,61,68.9855817784
14906.3193488,62,72.2885057339
14906.3193488,63,74.1548288807
14906.3193488,64,74.7348791428
14906.3193488,65,74.0398517018
14906.3193488,66,71.7551058
14906.3193488,67,66.5159893401
14906.3193488,68,43.168411294
14906.3193488,69,66.8801659812
14906.3193488,70,72.4766302132
14906.3193488,71,75.1073489617
14906.3193488,72,76.0879269488
14906.3193488,73,75.6100715869
14906.3193488,74,73.3111253048
14906.3193488,75,67.533958929
14906.3193488,76,56.9645448161
14906.3193488,77,69.5838347032
14906.3193488,78,73.5527287918
14906.3193488,79,74.4559176112
14906.3193488,80,72.9204844965
14906.3193488,81,67.7290129731
14906.3193488,82,45.2451094418
14906.3193488,83,67.7930060584
14906.3193488,84,71.747639299
14906.3193488,85,71.9543085222
14906.3193488,86,68.876136508
14906.3193488,87,58.5255364056
14906.3193488,88,62.2940101442
14906.3193488,89,68.4987059677
14906.3193488,90,69.5914263347
14906.3193488,91,67.9708434815
14906.3193488,92,64.8222051592
14906.3193488,93,62.5230804137
14906.3193488,94,59.5373841513
14906.3193488,95,53.1718416898
14906.3193488,96,63.0721555755
14906.3193488,97,67.3464882233
14906.3193488,98,67.5245376283
14906.3193488,99,63.4473774534
14906.3193488,100,62.643007182
14906.3193488,101,69.3065018083
14906.3193488,102,71.8140098048
14906.3193488,103,71.3018791609
14906.3193488,104,69.8888823953
14906.3193488,105,72.4140494259
14906.3193488,106,74.9989440097
14906.3193488,107,74.9900331665
14906.3193488,108,72.7793747567
14906.3193488,109,73.7435497432
14906.3193488,110,77.108215069
14906.3193488,111,78.1380046156
14906.3193488,112,76.6690321325
14906.3193488,113,74.2161927604
14906.3193488,114,74.2788543059
14906.3193488,115,74.3623101144
14906.3193488,116,71.766296442
14906.3193488,117,67.2279726367
14906.3193488,118,65.4979657868
14906.3193488,119,61.0776117949
14906.3193488,120,51.0499589508
14906.3193488,121,62.867299009
14906.3193488,122,61.834241999
14906.3193488,123,61.2829031381
14906.3193488,124,64.40772267
14906.3193488,125,57.6702422421
14906.3193488,126,63.5173312775
14906.3193488,127,70.9748143671
14906.3193488,128,71.2896588374
14906.3193488,129,64.5433742392
14906.3193488,130,65.6216429558
14906.3193488,131,70.6561423897
14906.3193488,132,67.8917591852
14906.3193488,133,61.0234827832
14906.3193488,134,70.7516404258
14906.3193488,135,72.1927677934
14906.3193488,136,67.713155667
14906.3193488,137,56.4431077206
14906.3193488,138,65.6139108113
14906.3193488,139,64.2613162831
14906.3193488,140,56.5191161205
14906.3193488,141,64.1023994133
14906.3193488,142,65.7533055322
14906.3193488,143,64.8608014353
14906.3193488,144,65.1752104376
14906.3193488,145,64.7881492128
14906.3193488,146,65.1513520773
14906.3193488,147,66.9923037262
14906.3193488,148,65.9184606318
14906.3193488,149,63.0318140158
14906.3193488,150,67.7424581819
14906.3193488,151,70.1745957902
14906.3193488,152,68.6303733178
14906.3193488,153,65.347852557
14906.3193488,154,68.4969989744
14906.3193488,155,70.8089905317
14906.3193488,156,70.3410733768
14906.3193488,157,67.877700421
14906.3193488,158,63.3389738918
14906.3193488,159,55.4290198403
14906.3193488,160,67.0125297185
14906.3193488,161,72.8087587326
14906.3193488,162,75.6203060566
14906.3193488,163,76.8787756391
14906.3193488,164,77.4582781321
14906.3193488,165,78.0039258628
14906.3193488,166,78.6690182297
14906.3193488,167,79.2138567181
14906.3193488,168,79.4341786355
14906.3193488,169,79.3784718526
14906.3193488,170,79.3676747099
14906.3193488,171,79.6948913336
14906.3193488,172,80.1754517958
14906.3193488,173,80.3726357456
14906.3193488,174,80.1066063296
14906.3193488,175,79.6324068905
14906.3193488,176,79.4633010592
14906.3193488,177,79.6984857531
14906.3193488,178,79.8451133468
14906.3193488,179,79.4742462012
14906.3193488,180,78.5325330632
16440.8252291,-180,73.7146559167
16440.8252291,-179,73.0580210269
16440.8252291,-178,70.9062028067
16440.8252291,-177,65.8255883526
16440.8252291,-176,62.4576729124
16440.8252291,-175,67.9382588509
16440.8252291,-174,70.1435158892
16440.8252291,-173,69.9316833431
16440.8252291,-172,68.9526744223
16440.8252291,-171,69.3565195317
16440.8252291,-170,70.3364504455
16440.8252291,-169,70.1193653775
16440.8252291,-168,68.3848256253
16440.8252291,-167,66.57608461
16440.8252291,-166,67.4064146237
16440.8252291,-165,69.0321862251
16440.8252291,-164,69.68673327
16440.8252291,-163,69.356899459
16440.8252291,-162,68.27953878
16440.8252291,-161,66.4745166359
16440.8252291,-160,63.777959605
16440.8252291,-159,61.9182678198
16440.8252291,-158,64.5385906517
16440.8252291,-157,67.3493725584
16440.8252291,-156,68.3002385145
16440.8252291,-155,67.4055680647
16440.8252291,-154,65.3645272964
16440.8252291,-153,64.6332869557
16440.8252291,-152,65.7955428713
16440.8252291,-151,66.6373368198
16440.8252291,-150,66.7878555041
16440.8252291,-149,66.5428375753
16440.8252291,-148,65.8306862043
16440.8252291,-147,64.4800467338
16440.8252291,-146,63.113050871
16440.8252291,-145,63.4804146687
16440.8252291,-144,65.7349334625
16440.8252291,-143,68.3252141484
16440.8252291,-142,70.2595111655
16440.8252291,-141,71.0371041265
16440.8252291,-140,70.3812350714
16440.8252291,-139,68.0989485411
16440.8252291,-138,64.0816855464
16440.8252291,-137,58.9162894496
16440.8252291,-136,55.2007206688
16440.8252291,-135,52.8655811057
16440.8252291,-134,48.0010650324
16440.8252291,-133,35.8967545479
16440.8252291,-132,55.4819194559
16440.8252291,-131,62.9974607393
16440.8252291,-130,67.6546476482
16440.8252291,-129,70.4115043852
16440.8252291,-128,71.6102123868
16440.8252291,-127,71.4847192553
16440.8252291,-126,70.2954757356
16440.8252291,-125,68.3968113002
16440.8252291,-124,66.1707826879
16440.8252291,-123,63.7657943123
16440.8252291,-122,60.9480574902
16440.8252291,-121,57.4994562492
16440.8252291,-120,54.7918128072
16440.8252291,-119,54.8752362973
16440.8252291,-118,55.9739028703
16440.8252291,-117,59.2446236427
16440.8252291,-116,63.9535642848
16440.8252291,-115,67.6355841662
16440.8252291,-114,69.8911971879
16440.8252291,-113,70.9249696421
16440.8252291,-112,71.1155936998
16440.8252291,-111,71.0278432444
16440.8252291,-110,71.1084224442
16440.8252291,-109,71.2384354398
16440.8252291,-108,71.1040662353
16440.8252291,-107,70.7363651979
16440.8252291,-106,70.2885067865
16440.8252291,-105,69.3224197648
16440.8252291,-104,66.4953724966
16440.8252291,-103,58.0413549166
16440.8252291,-102,62.9324403348
16440.8252291,-101,70.0646864184
16440.8252291,-100,73.0321573474
16440.8252291,-99,73.8430509221
16440.8252291,-98,72.916512401
16440.8252291,-97,69.8527699749
16440.8252291,-96,61.2903359409
16440.8252291,-95,61.6936097494
16440.8252291,-94,71.3272611869
16440.8252291,-93,75.1476461221
16440.8252291,-92,76.5029127824
16440.8252291,-91,75.6806892475
16440.8252291,-90,71.6163190098
16440.8252291,-89,50.0158851182
16440.8252291,-88,70.7888586131
16440.8252291,-87,76.1236710149
16440.8252291,-86,77.6233612591
16440.8252291,-85,76.6933447298
16440.8252291,-84,73.3975413656
16440.8252291,-83,68.6605999608
16440.8252291,-82,69.6759691888
16440.8252291,-81,72.2235241825
16440.8252291,-80,72.7987475191
16440.8252291,-79,71.7266423513
16440.8252291,-78,70.3788648267
16440.8252291,-77,71.7009373364
16440.8252291,-76,73.5613681825
16440.8252291,-75,73.9064725081
16440.8252291,-74,73.9693122668
16440.8252291,-73,75.2446203796
16440.8252291,-72,75.9466715441
16440.8252291,-71,74.9375682132
16440.8252291,-70,73.5418335827
16440.8252291,-69,73.8417718288
16440.8252291,-68,74.8524459332
16440.8252291,-67,76.3349042754
16440.8252291,-66,77.1321220879
16440.8252291,-65,75.610909698
16440.8252291,-64,74.075573246
16440.8252291,-63,77.5007684525
16440.8252291,-62,79.4063936976
16440.8252291,-61,78.5954543332
16440.8252291,-60,76.24305268
16440.8252291,-59,75.509149928
16440.8252291,-58,77.6123406942
16440.8252291,-57,79.2944754739
16440.8252291,-56,78.8902444439
16440.8252291,-55,78.1479544981
16440.8252291,-54,80.1289668828
16440.8252291,-53,80.9671110443
16440.8252291,-52,79.7492844099
16440.8252291,-51,80.4023350816
16440.8252291,-50,82.0051558452
16440.8252291,-49,81.6820230278
16440.8252291,-48,81.4826649484
16440.8252291,-47,82.6981826667
16440.8252291,-46,82.8281525128
16440.8252291,-45,82.0921585598
16440.8252291,-44,82.3178745505
16440.8252291,-43,82.7278562969
16440.8252291,-42,82.6326472178
16440.8252291,-41,82.9735165402
16440.8252291,-40,83.8085076398
16440.8252291,-39,84.3465864918
16440.8252291,-38,84.4080390379
16440.8252291,-37,84.4564457934
16440.8252291,-36,84.7418628165
16440.8252291,-35,84.7435703735
16440.8252291,-34,84.5118592572
16440.8252291,-33,85.0269366436
16440.8252291,-32,86.0474769504
16440.8252291,-31,86.7263702461
16440.8252291,-30,87.1218473211
16440.8252291,-29,87.3754709863
16440.8252291,-28,87.4062483219
16440.8252291,-27,87.434005412
16440.8252291,-26,87.4985298953
16440.8252291,-25,87.2369929164
16440.8252291,-24,86.9837463754
16440.8252291,-23,87.4538897408
16440.8252291,-22,88.1693281923
16440.8252291,-21,88.6166242107
16440.8252291,-20,88.9105463311
16440.8252291,-19,89.0329933381
16440.8252291,-18,88.984268708
16440.8252291,-17,89.0670785844
16440.8252291,-16,89.2461874614
16440.8252291,-15,89.2854240516
16440.8252291,-14,89.4255993545
16440.8252291,-13,89.772174519
16440.8252291,-12,89.9075737294
16440.8252291,-11,89.8081615867
16440.8252291,-10,89.9898873411
16440.8252291,-9,90.4710247171
16440.8252291,-8,90.7452468825
16440.8252291,-7,90.7152592419
16440.8252291,-6,90.7428958971
16440.8252291,-5,91.0457304757
16440.8252291,-4,91.3963785099
16440.8252291,-3,91.5230670799
16440.8252291,-2,91.4085169364
16440.8252291,-1,91.2208743103
16440.8252291,0,91.0551569619
16440.8252291,1,90.7932820121
16440.8252291,2,90.3224677815
16440.8252291,3,89.7810042693
16440.8252291,4,89.4325037783
16440.8252291,5,89.2960546385
16440.8252291,6,89.2220089203
16440.8252291,7,89.239885877
16440.8252291,8,89.4297269299
16440.8252291,9,89.6196096984
16440.8252291,10,89.5530564629
16440.8252291,11,89.1885864133
16440.8252291,12,88.714642136
16440.8252291,13,88.3515213771
16440.8252291,14,88.18230008
16440.8252291,15,88.1616268847
16440.8252291,16,88.1261902556
16440.8252291,17,87.8246545663
16440.8252291,18,87.1098670171
16440.8252291,19,86.1736134407
16440.8252291,20,85.5393394326
16440.8252291,21,85.4324633928
16440.8252291,22,85.4609458196
16440.8252291,23,85.2960256922
16440.8252291,24,84.9426790348
16440.8252291,25,84.4480843029
16440.8252291,26,83.7112425396
16440.8252291,27,82.6487554052
16440.8252291,28,81.4109126111
16440.8252291,29,80.2809239805
16440.8252291,30,79.3125033533
16440.8252291,31,78.383987072
16440.8252291,32,77.5942442249
16440.8252291,33,77.1047838775
16440.8252291,34,76.6901661325
16440.8252291,35,76.0038541254
16440.8252291,36,75.0654889842
16440.8252291,37,74.2887683199
16440.8252291,38,74.1752680958
16440.8252291,39,74.9397529479
16440.8252291,40,76.1747407791
16440.8252291,41,77.185227387
16440.8252291,42,77.5969986233
16440.8252291,43,77.424224928
16440.8252291,44,76.9168550736
16440.8252291,45,76.3605650331
16440.8252291,46,75.9094122147
16440.8252291,47,75.6320131066
16440.8252291,48,75.5582836303
16440.8252291,49,75.5530963211
16440.8252291,50,75.3194171287
16440.8252291,51,74.6020968689
16440.8252291,52,73.395690894
16440.8252291,53,72.0510733693
16440.8252291,54,71.0456295393
16440.8252291,55,70.4482039568
16440.8252291,56,69.9727225168
16440.8252291,57,69.6615353133
16440.8252291,58,70.0852100939
16440.8252291,59,71.1124547134
16440.8252291,60,71.8004763587
16440.8252291,61,71.6335359998
16440.8252291,62,70.5588915806
16440.8252291,63,68.6722314268
16440.8252291,64,66.4336616798
16440.8252291,65,66.2933942229
16440.8252291,66,69.3165631576
16440.8252291,67,72.2279226041
16440.8252291,68,73.8639464955
16440.8252291,69,74.1096699613
16440.8252291,70,72.8224117901
16440.8252291,71,69.3526325605
16440.8252291,72,60.6498147906
16440.8252291,73,62.8156756385
16440.8252291,74,70.1571619197
16440.8252291,75,72.9910678286
16440.8252291,76,73.4833919529
16440.8252291,77,71.8048498167
16440.8252291,78,67.120085113
16440.8252291,79,61.9746360152
16440.8252291,80,67.6229184009
16440.8252291,81,69.9292104963
16440.8252291,82,68.5805415339
16440.8252291,83,62.1475683809
16440.8252291,84,61.6669060972
16440.8252291,85,68.7069422167
16440.8252291,86,70.6479274464
16440.8252291,87,69.4472961295
16440.8252291,88,64.657034724
16440.8252291,89,48.0870660237
16440.8252291,90,59.4602414317
16440.8252291,91,64.9467803357
16440.8252291,92,67.738955801
16440.8252291,93,68.8259473864
16440.8252291,94,67.2799934367
16440.8252291,95,60.1362858464
16440.8252291,96,57.5562667809
16440.8252291,97,66.3112706703
16440.8252291,98,67.9319463392
16440.8252291,99,65.7041956926
16440.8252291,100,57.8871270273
16440.8252291,101,63.1047328401
16440.8252291,102,69.1097119022
16440.8252291,103,70.3869068137
16440.8252291,104,67.603221504
16440.8252291,105,66.1663540901
16440.8252291,106,71.3900696772
16440.8252291,107,72.9282909208
16440.8252291,108,71.5101464115
16440.8252291,109,70.692690703
16440.8252291,110,70.7346513623
16440.8252291,111,66.9432312984
16440.8252291,112,66.7203562047
16440.8252291,113,71.0790733967
16440.8252291,114,68.9590491191
16440.8252291,115,41.9876813764
16440.8252291,116,68.7383429864
16440.8252291,117,69.8674846203
16440.8252291,118,60.4661995155
16440.8252291,119,63.0409411645
16440.8252291,120,66.0150086736
16440.8252291,121,57.1027483573
16440.8252291,122,68.0573403122
16440.8252291,123,70.4991607219
16440.8252291,124,66.5830735753
16440.8252291,125,62.3328247037
16440.8252291,126,63.7775280127
16440.8252291,127,52.4701174868
16440.8252291,128,60.8622766075
16440.8252291,129,62.5391881793
16440.8252291,130,61.0668703573
16440.8252291,131,66.0545046423
16440.8252291,132,64.4509107412
16440.8252291,133,61.9203421341
16440.8252291,134,67.4060967234
16440.8252291,135,65.188922013
16440.8252291,136,57.8897467379
16440.8252291,137,66.822724766
16440.8252291,138,64.0617520692
16440.8252291,139,61.6374625239
16440.8252291,140,71.4164597898
16440.8252291,141,72.7657155403
16440.8252291,142,69.4040514057
16440.8252291,143,61.7636304752
16440.8252291,144,58.1400758778
16440.8252291,145,64.1356338589
16440.8252291,146,69.1557759717
16440.8252291,147,70.5860332896
16440.8252291,148,70.2414914158
16440.8252291,149,70.0944045009
16440.8252291,150,69.2967885847
16440.8252291,151,67.528868982
16440.8252291,152,67.2119043522
16440.8252291,153,66.4394731973
16440.8252291,154,62.7149682512
16440.8252291,155,60.5809110767
16440.8252291,156,60.9126572422
16440.8252291,157,58.0065661506
16440.8252291,158,62.5689456521
16440.8252291,159,67.1081355399
16440.8252291,160,69.3311518664
16440.8252291,161,70.0519923022
16440.8252291,162,68.7348580716
16440.8252291,163,63.5863575103
16440.8252291,164,50.1525245138
16440.8252291,165,61.6969599893
16440.8252291,166,64.2521836064
16440.8252291,167,66.3070022987
16440.8252291,168,69.2026490467
16440.8252291,169,70.6408590611
16440.8252291,170,70.3993316193
16440.8252291,171,69.4492627434
16440.8252291,172,69.0252718731
16440.8252291,173,69.5663170373
16440.8252291,174,71.446879752
16440.8252291,175,73.8415393087
16440.8252291,176,75.4097463228
16440.8252291,177,75.7449321996
16440.8252291,178,75.0791328923
16440.8252291,179,74.176055741
16440.8252291,180,73.7146559167
18133.2982268,-180,66.274249408
18133.2982268,-179,68.5401806882
18133.2982268,-178,70.612161598
18133.2982268,-177,71.5553002132
18133.2982268,-176,70.8064922051
18133.2982268,-175,68.5466293062
18133.2982268,-174,66.6976685909
18133.2982268,-173,66.8747708491
18133.2982268,-172,66.366587981
18133.2982268,-171,64.2456210413
18133.2982268,-170,65.1212590702
18133.2982268,-169,69.0077964949
18133.2982268,-168,71.6470633244
18133.2982268,-167,73.0193823792
18133.2982268,-166,73.6507267538
18133.2982268,-165,73.9583786402
18133.2982268,-164,74.0409200206
18133.2982268,-163,73.5125379207
18133.2982268,-162,71.6250040335
18133.2982268,-161,67.0651458022
18133.2982268,-160,54.7113862089
18133.2982268,-159,62.0692638743
18133.2982268,-158,66.9911694007
18133.2982268,-157,68.5830535039
18133.2982268,-156,69.288956444
18133.2982268,-155,70.0462970929
18133.2982268,-154,70.7820015592
18133.2982268,-153,70.7584322428
18133.2982268,-152,69.0379079857
18133.2982268,-151,64.0334656693
18133.2982268,-150,56.6193926392
18133.2982268,-149,65.4356508686
18133.2982268,-148,69.17759718
18133.2982268,-147,70.2775611528
18133.2982268,-146,69.7602551601
18133.2982268,-145,67.9016977443
18133.2982268,-144,64.6448709393
18133.2982268,-143,59.8324643173
18133.2982268,-142,53.8978074555
18133.2982268,-141,49.4461133094
18133.2982268,-140,47.5494443915
18133.2982268,-139,45.0934629351
18133.2982268,-138,47.1885443334
18133.2982268,-137,54.8350407289
18133.2982268,-136,61.4785824359
18133.2982268,-135,66.103269675
18133.2982268,-134,68.7356606678
18133.2982268,-133,69.7119311241
18133.2982268,-132,69.4809871542
18133.2982268,-131,68.5215921365
18133.2982268,-130,67.1209929968
18133.2982268,-129,65.1479096
18133.2982268,-128,61.9675270954
18133.2982268,-127,56.3300976896
18133.2982268,-126,47.3657411801
18133.2982268,-125,46.2482574246
18133.2982268,-124,44.3415831221
18133.2982268,-123,42.3740412053
18133.2982268,-122,49.7822041128
18133.2982268,-121,60.7564686825
18133.2982268,-120,66.8917584872
18133.2982268,-119,70.1865618989
18133.2982268,-118,71.3935734038
18133.2982268,-117,70.7919071177
18133.2982268,-116,68.4443887769
18133.2982268,-115,64.4675123147
18133.2982268,-114,61.4780613142
18133.2982268,-113,63.849966748
18133.2982268,-112,66.5480386385
18133.2982268,-111,67.7794435471
18133.2982268,-110,67.4414200188
18133.2982268,-109,65.0778060684
18133.2982268,-108,58.8544664135
18133.2982268,-107,55.9457108976
18133.2982268,-106,64.6832723216
18133.2982268,-105,68.9923699677
18133.2982268,-104,71.4799759736
18133.2982268,-103,72.5742051726
18133.2982268,-102,72.0220099986
18133.2982268,-101,69.0007085397
18133.2982268,-100,59.5803776573
18133.2982268,-99,62.2564662003
18133.2982268,-98,69.9891018896
18133.2982268,-97,72.7159499737
18133.2982268,-96,73.1132409627
18133.2982268,-95,71.434186856
18133.2982268,-94,66.5995717934
18133.2982268,-93,53.9425640943
18133.2982268,-92,66.1086446004
18133.2982268,-91,70.758917672
18133.2982268,-90,72.0860655115
18133.2982268,-89,71.0594983785
18133.2982268,-88,67.2397267585
18133.2982268,-87,62.6248454787
18133.2982268,-86,67.6729675758
18133.2982268,-85,70.9593004095
18133.2982268,-84,71.896567739
18133.2982268,-83,71.4025135107
18133.2982268,-82,69.9555332228
18133.2982268,-81,69.0870460472
18133.2982268,-80,71.173809339
18133.2982268,-79,73.362620166
18133.2982268,-78,73.5637442123
18133.2982268,-77,70.9810212106
18133.2982268,-76,64.0734729006
18133.2982268,-75,69.2797335572
18133.2982268,-74,74.800242472
18133.2982268,-73,76.0874443208
18133.2982268,-72,73.2264126996
18133.2982268,-71,65.5298060083
18133.2982268,-70,73.1416466397
18133.2982268,-69,76.3594382569
18133.2982268,-68,75.7301550101
18133.2982268,-67,72.42645901
18133.2982268,-66,71.1894316499
18133.2982268,-65,75.0964085196
18133.2982268,-64,76.2559092037
18133.2982268,-63,74.1850592178
18133.2982268,-62,74.7510079381
18133.2982268,-61,76.2435675096
18133.2982268,-60,74.3087304088
18133.2982268,-59,77.1614298632
18133.2982268,-58,79.6521105949
18133.2982268,-57,77.2135645938
18133.2982268,-56,75.2571989783
18133.2982268,-55,78.5318784799
18133.2982268,-54,77.0066843797
18133.2982268,-53,75.8834015364
18133.2982268,-52,79.6309827431
18133.2982268,-51,80.0672648556
18133.2982268,-50,79.2706352509
18133.2982268,-49,80.0633548869
18133.2982268,-48,80.6897867753
18133.2982268,-47,80.8142825648
18133.2982268,-46,80.8735521762
18133.2982268,-45,81.2390612246
18133.2982268,-44,82.5106954194
18133.2982268,-43,83.3230752153
18133.2982268,-42,82.6958931015
18133.2982268,-41,82.6631870328
18133.2982268,-40,83.7824345333
18133.2982268,-39,83.2774351461
18133.2982268,-38,82.8350016182
18133.2982268,-37,84.4497976577
18133.2982268,-36,84.7815556793
18133.2982268,-35,84.3692874242
18133.2982268,-34,85.0373142803
18133.2982268,-33,85.399646409
18133.2982268,-32,85.4329703653
18133.2982268,-31,86.1228217831
18133.2982268,-30,86.9985439113
18133.2982268,-29,87.4228039018
18133.2982268,-28,87.3128030648
18133.2982268,-27,87.1238836354
18133.2982268,-26,87.0856182392
18133.2982268,-25,87.1513603235
18133.2982268,-24,87.5120828728
18133.2982268,-23,87.9180244595
18133.2982268,-22,88.3533830533
18133.2982268,-21,88.9631632454
18133.2982268,-20,89.3278967939
18133.2982268,-19,89.4161781124
18133.2982268,-18,89.5815071727
18133.2982268,-17,89.7869290595
18133.2982268,-16,89.9356412655
18133.2982268,-15,90.0436760188
18133.2982268,-14,90.0871272652
18133.2982268,-13,90.1201057086
18133.2982268,-12,90.160809988
18133.2982268,-11,90.3101122147
18133.2982268,-10,90.7177029969
18133.2982268,-9,91.1025270168
18133.2982268,-8,91.2315565539
18133.2982268,-7,91.3912937728
18133.2982268,-6,91.748353787
18133.2982268,-5,92.0160785078
18133.2982268,-4,92.0662949807
18133.2982268,-3,92.0346302214
18133.2982268,-2,91.9824284123
18133.2982268,-1,91.8862456703
18133.2982268,0,91.7838240006
18133.2982268,1,91.7380328758
18133.2982268,2,91.7926640012
18133.2982268,3,91.918892287
18133.2982268,4,91.9615137478
18133.2982268,5,91.7928841574
18133.2982268,6,91.4732117608
18133.2982268,7,91.1371500143
18133.2982268,8,90.7786186356
18133.2982268,9,90.3015705526
18133.2982268,10,89.6882166229
18133.2982268,11,88.9744123166
18133.2982268,12,88.1824978286
18133.2982268,13,87.4174193338
18133.2982268,14,86.951089858
18133.2982268,15,87.0374340233
18133.2982268,16,87.568152596
18133.2982268,17,88.048215483
18133.2982268,18,87.9530140491
18133.2982268,19,87.0037862908
18133.2982268,20,85.4003275318
18133.2982268,21,84.2723142263
18133.2982268,22,84.669052516
18133.2982268,23,85.6534716794
18133.2982268,24,86.2383255475
18133.2982268,25,86.1160631906
18133.2982268,26,85.096761235
18133.2982268,27,82.9562195663
18133.2982268,28,79.7922563147
18133.2982268,29,77.668459673
18133.2982268,30,78.4912218682
18133.2982268,31,79.374355672
18133.2982268,32,79.1430112639
18133.2982268,33,78.0671298504
18133.2982268,34,76.7689050532
18133.2982268,35,75.9175251374
18133.2982268,36,75.8020646157
18133.2982268,37,76.3059436797
18133.2982268,38,77.1079054345
18133.2982268,39,77.7776188946
18133.2982268,40,78.0404338225
18133.2982268,41,77.9096732002
18133.2982268,42,77.5609144897
18133.2982268,43,77.1445951734
18133.2982268,44,76.7560448956
18133.2982268,45,76.4229366833
18133.2982268,46,76.0278609564
18133.2982268,47,75.4191264355
18133.2982268,48,74.5707296898
18133.2982268,49,73.6151800782
18133.2982268,50,72.7187493969
18133.2982268,51,71.8050381719
18133.2982268,52,70.6301036498
18133.2982268,53,69.5056791432
18133.2982268,54,69.6237111966
18133.2982268,55,70.7653182299
18133.2982268,56,71.5371826157
18133.2982268,57,71.524631876
18133.2982268,58,70.9106219226
18133.2982268,59,69.8325473316
18133.2982268,60,68.0912648143
18133.2982268,61,65.5662728752
18133.2982268,62,64.723079178
18133.2982268,63,67.5628060346
18133.2982268,64,70.1748673001
18133.2982268,65,71.5230239348
18133.2982268,66,71.8120817074
18133.2982268,67,71.253433922
18133.2982268,68,70.1213649465
18133.2982268,69,69.1831918642
18133.2982268,70,69.2789987229
18133.2982268,71,69.7962289339
18133.2982268,72,69.8094985207
18133.2982268,73,69.3544948026
18133.2982268,74,69.1322801443
18133.2982268,75,69.2783237795
18133.2982268,76,68.9550914383
18133.2982268,77,67.4135749149
18133.2982268,78,64.5042528667
18133.2982268,79,62.8230934963
18133.2982268,80,65.3409699418
18133.2982268,81,67.4828217761
18133.2982268,82,67.4364619395
18133.2982268,83,64.0034240407
18133.2982268,84,45.8756126631
18133.2982268,85,62.8418326591
18133.2982268,86,68.0447343972
18133.2982268,87,68.9924065059
18133.2982268,88,67.3563002034
18133.2982268,89,65.2189358695
18133.2982268,90,66.1381481318
18133.2982268,91,66.9051744772
18133.2982268,92,64.7312318195
18133.2982268,93,58.0228201732
18133.2982268,94,63.0649744269
18133.2982268,95,67.8956543194
18133.2982268,96,68.4204137092
18133.2982268,97,65.6273006816
18133.2982268,98,66.3586069914
18133.2982268,99,70.0744742469
18133.2982268,100,70.2619667419
18133.2982268,101,66.4478215335
18133.2982268,102,61.5199473747
18133.2982268,103,61.6319837101
18133.2982268,104,61.0456286058
18133.2982268,105,65.5790926708
18133.2982268,106,64.6006198946
18133.2982268,107,54.6310587102
18133.2982268,108,68.8872494255
18133.2982268,109,70.4763120922
18133.2982268,110,64.1102583852
18133.2982268,111,69.2511324753
18133.2982268,112,72.7311546168
18133.2982268,113,69.2448436285
18133.2982268,114,67.1471260379
18133.2982268,115,71.8936568441
18133.2982268,116,70.2553493289
18133.2982268,117,60.8586563045
18133.2982268,118,47.7467801781
18133.2982268,119,54.9881516267
18133.2982268,120,63.5261825947
18133.2982268,121,62.8832301166
18133.2982268,122,61.0835957009
18133.2982268,123,60.7067557253
18133.2982268,124,53.7731676919
18133.2982268,125,66.1500897414
18133.2982268,126,63.5842060484
18133.2982268,127,61.7079759379
18133.2982268,128,69.4914190451
18133.2982268,129,64.8026280909
18133.2982268,130,65.8211615298
18133.2982268,131,71.5517154671
18133.2982268,132,66.7320135857
18133.2982268,133,67.0101169763
18133.2982268,134,71.232156424
18133.2982268,135,64.0840093136
18133.2982268,136,66.2938683864
18133.2982268,137,70.3631944473
18133.2982268,138,64.9872339102
18133.2982268,139,65.3441430278
18133.2982268,140,67.7711532115
18133.2982268,141,66.8839838683
18133.2982268,142,67.3117675003
18133.2982268,143,65.3290180927
18133.2982268,144,68.8947712468
18133.2982268,145,70.7320848631
18133.2982268,146,67.4450907313
18133.2982268,147,60.4955466219
18133.2982268,148,63.2841920306
18133.2982268,149,71.1865942353
18133.2982268,150,75.3040638568
18133.2982268,151,76.3679569875
18133.2982268,152,76.222464037
18133.2982268,153,76.5370493486
18133.2982268,154,76.64674705
18133.2982268,155,75.8551607321
18133.2982268,156,74.9011093103
18133.2982268,157,75.1320499624
18133.2982268,158,75.9689235839
18133.2982268,159,75.8096015706
18133.2982268,160,74.2293079535
18133.2982268,161,71.7148788489
18133.2982268,162,68.7200928323
18133.2982268,163,67.0435248399
18133.2982268,164,68.88909204
18133.2982268,165,70.8095102764
18133.2982268,166,72.9548526197
18133.2982268,167,74.9642964955
18133.2982268,168,75.4718205034
18133.2982268,169,74.5388843395
18133.2982268,170,74.1070132816
18133.2982268,171,74.8572320769
18133.2982268,172,74.7042244213
18133.2982268,173,73.2346846382
18133.2982268,174,72.2160504561
18133.2982268,175,72.2035848581
18133.2982268,176,70.7941150764
18133.2982268,177,65.7793424456
18133.2982268,178,41.8610905144
18133.2982268,179,62.1812170191
18133.2982268,180,66.274249408
20000,-180,75.2353314726
20000,-179,76.5314349616
20000,-178,77.1040709054
20000,-177,76.5326845178
20000,-176,75.0036256144
20000,-175,73.0425792193
20000,-174,71.023974287
20000,-173,68.8019849535
20000,-172,66.596257973
20000,-171,65.5850140244
20000,-170,65.6337816447
20000,-169,65.2782681472
20000,-168,63.8724495229
20000,-167,62.1016481597
20000,-166,61.6425246728
20000,-165,61.6982458033
20000,-164,61.3790784505
20000,-163,61.4639450812
20000,-162,60.8762054811
20000,-161,57.0167286196
20000,-160,35.3720493736
20000,-159,55.8211200336
20000,-158,61.0430475297
20000,-157,63.3518013118
20000,-156,64.4176102882
20000,-155,64.2738112811
20000,-154,62.6483844118
20000,-153,59.6321657026
20000,-152,56.461778197
20000,-151,56.1849778598
20000,-150,59.1684023738
20000,-149,61.6076715066
20000,-148,62.9441512617
20000,-147,64.2803736337
20000,-146,65.8051399197
20000,-145,66.8400706671
20000,-144,67.1119990878
20000,-143,66.7378968418
20000,-142,66.0169464087
20000,-141,65.3918707349
20000,-140,65.4785322001
20000,-139,66.5375458328
20000,-138,67.8366591046
20000,-137,68.5211684528
20000,-136,68.3814186621
20000,-135,67.8846102895
20000,-134,67.8501333596
20000,-133,68.515315803
20000,-132,69.0808785537
20000,-131,68.6269978693
20000,-130,66.6260281453
20000,-129,62.8362624603
20000,-128,59.3783400352
20000,-127,61.8486401172
20000,-126,64.9373515366
20000,-125,66.9095906408
20000,-124,68.0450478352
20000,-123,68.2720150769
20000,-122,67.2635050176
20000,-121,64.5271880365
20000,-120,58.9431113982
20000,-119,50.0298663871
20000,-118,59.4593445541
20000,-117,65.1724668294
20000,-116,68.7275174665
20000,-115,70.8629384928
20000,-114,71.6821730446
20000,-113,71.2100268881
20000,-112,69.4391314224
20000,-111,66.0241072194
20000,-110,58.6321499435
20000,-109,54.5159496181
20000,-108,65.2255185265
20000,-107,69.3033773175
20000,-106,70.9268141103
20000,-105,70.7176691216
20000,-104,68.3625447964
20000,-103,61.6354305708
20000,-102,55.2517174917
20000,-101,66.0264660407
20000,-100,68.7185067062
20000,-99,67.8810240635
20000,-98,63.146244713
20000,-97,58.6008160554
20000,-96,65.9968848062
20000,-95,69.4543460465
20000,-94,70.5045145213
20000,-93,69.5090316632
20000,-92,65.59725381
20000,-91,62.4343005266
20000,-90,68.5891458999
20000,-89,71.5080186342
20000,-88,71.7024988373
20000,-87,70.137197871
20000,-86,66.7466826939
20000,-85,58.0662805961
20000,-84,67.26889365
20000,-83,72.6322584827
20000,-82,73.3638360733
20000,-81,70.0397669581
20000,-80,61.7582540013
20000,-79,63.8652612451
20000,-78,67.2280659936
20000,-77,68.353400911
20000,-76,66.4956015714
20000,-75,66.90140518
20000,-74,71.4556169875
20000,-73,72.996329052
20000,-72,73.9101544003
20000,-71,73.6318053939
20000,-70,65.7025220523
20000,-69,69.6242358276
20000,-68,75.697870428
20000,-67,74.4206234202
20000,-66,71.0975796191
20000,-65,71.8087913757
20000,-64,71.4379768665
20000,-63,74.7259763816
20000,-62,73.3153791577
20000,-61,67.8356706939
20000,-60,76.2271287088
20000,-59,75.6614648276
20000,-58,69.8311623439
20000,-57,75.0285717669
20000,-56,75.4423846815
20000,-55,75.9701304814
20000,-54,76.8775590203
20000,-53,76.6432884264
20000,-52,77.4827052566
20000,-51,74.4428182214
20000,-50,76.5596691867
20000,-49,79.2195442463
20000,-48,75.9931142151
20000,-47,78.9156387829
20000,-46,81.0521086538
20000,-45,79.343108107
20000,-44,79.7304588688
20000,-43,80.744540257
20000,-42,81.3694562242
20000,-41,81.5354833345
20000,-40,82.0046148612
20000,-39,83.5124423197
20000,-38,82.9985813116
20000,-37,81.2816776485
20000,-36,82.1285574257
20000,-35,83.6912579759
20000,-34,84.1852522763
20000,-33,84.5938094713
20000,-32,85.8536133161
20000,-31,85.7603824808
20000,-30,84.912182812
20000,-29,86.1403200538
20000,-28,86.9705270532
20000,-27,87.1797185674
20000,-26,87.8510611498
20000,-25,88.1891626388
20000,-24,88.2286664065
20000,-23,88.3753235206
20000,-22,88.5199564163
20000,-21,88.5821042971
20000,-20,88.6137633738
20000,-19,88.8700414046
20000,-18,89.3799021141
20000,-17,90.012783068
20000,-16,90.510299268
20000,-15,90.7826270838
20000,-14,91.1062009871
20000,-13,91.3942062093
20000,-12,91.4751726882
20000,-11,91.4887247039
20000,-10,91.4226592248
20000,-9,91.4025369749
20000,-8,91.6995168733
20000,-7,92.1105822154
20000,-6,92.4508061133
20000,-5,92.7727546422
20000,-4,93.0235519171
20000,-3,93.1004762224
20000,-2,92.9354125434
20000,-1,92.5938160487
20000,0,92.3588507038
20000,1,92.3087508979
20000,2,92.1953009323
20000,3,91.9827219477
20000,4,91.7511681743
20000,5,91.3215254078
20000,6,90.6618188779
20000,7,90.2291964643
20000,8,90.2168569411
20000,9,90.1714469497
20000,10,89.8354796543
20000,11,89.3303250278
20000,12,88.8275529502
20000,13,88.5150494115
20000,14,88.5020196786
20000,15,88.5688724724
20000,16,88.4725444784
20000,17,88.181318095
20000,18,87.6671781536
20000,19,86.9813669262
20000,20,86.5256616253
20000,21,86.4276017806
20000,22,86.0460413337
20000,23,84.9824612368
20000,24,83.795924314
20000,25,83.3101075477
20000,26,83.0680532448
20000,27,82.3724673182
20000,28,81.4127933482
20000,29,80.7040044315
20000,30,80.0745707459
20000,31,79.002874468
20000,32,77.5204785828
20000,33,76.3809296622
20000,34,76.4124786961
20000,35,77.319951163
20000,36,78.0547263411
20000,37,78.0685287476
20000,38,77.5465164936
20000,39,77.0551338982
20000,40,76.8638464345
20000,41,76.6049265186
20000,42,76.0054202524
20000,43,75.4851486949
20000,44,75.5425449762
20000,45,75.8262147482
20000,46,75.5849114368
20000,47,74.5127822076
20000,48,72.9580379158
20000,49,71.5078361822
20000,50,70.1227795685
20000,51,68.3769162566
20000,52,67.8007146191
20000,53,69.9707457735
20000,54,72.0589770942
20000,55,72.8035904391
20000,56,72.2280228441
20000,57,70.4418055282
20000,58,66.8484527092
20000,59,56.5552292569
20000,60,62.590811808
20000,61,70.3408199682
20000,62,73.4050149067
20000,63,74.3058204931
20000,64,73.860690927
20000,65,72.4322961358
20000,66,69.7615977573
20000,67,64.6644958618
20000,68,63.119326439
20000,69,69.2790436067
20000,70,72.2746408756
20000,71,72.8889976281
20000,72,71.4827034669
20000,73,67.5217948118
20000,74,57.2258651224
20000,75,59.9314632557
20000,76,66.3872006512
20000,77,68.2640110345
20000,78,68.1840580436
20000,79,66.6186127143
20000,80,62.5116379408
20000,81,56.1060299717
20000,82,64.98969565
20000,83,69.5420232012
20000,84,71.0581440279
20000,85,70.4557397061
20000,86,67.9500513644
20000,87,63.2721828314
20000,88,55.4245137807
20000,89,58.5263752502
20000,90,63.5791074815
20000,91,64.6728879702
20000,92,62.3979215162
20000,93,62.1774887249
20000,94,67.2174757857
20000,95,69.4900552516
20000,96,68.4172796668
20000,97,62.7721243701
20000,98,62.0501436914
20000,99,67.4794675029
20000,100,67.6380829544
20000,101,62.9504460986
20000,102,52.4883889456
20000,103,61.0417714587
20000,104,65.3257134585
20000,105,65.3208589556
20000,106,57.0935776725
20000,107,61.2213871779
20000,108,64.7567297142
20000,109,54.757286384
20000,110,62.3761736743
20000,111,65.9823140609
20000,112,59.8670476103
20000,113,56.8428822777
20000,114,61.6069529378
20000,115,64.5691296541
20000,116,64.3885856619
20000,117,50.0475388914
20000,118,65.4650365296
20000,119,65.8241553204
20000,120,58.5085835578
20000,121,65.7987437799
20000,122,66.4914294831
20000,123,65.6594096176
20000,124,62.935087942
20000,125,61.213481285
20000,126,66.4448979437
20000,127,63.6900157028
20000,128,63.9936939554
20000,129,66.0624595155
20000,130,59.4447458647
20000,131,60.6126530213
20000,132,58.7628571987
20000,133,57.4768481031
20000,134,66.5610229689
20000,135,66.0604403994
20000,136,58.008195686
20000,137,52.8274550797
20000,138,55.8758425645
20000,139,61.8616094221
20000,140,65.3635317751
20000,141,65.3994119988
20000,142,65.2373370746
20000,143,67.7690807425
20000,144,70.9559425193
20000,145,72.5870034527
20000,146,72.482576692
20000,147,70.9496600344
20000,148,67.2190867324
20000,149,56.9799454437
20000,150,57.9160375712
20000,151,65.4043284563
20000,152,67.7873337759
20000,153,67.1962769152
20000,154,64.4243868903
20000,155,65.8014469901
20000,156,70.021478509
20000,157,72.1375090255
20000,158,71.5607083032
20000,159,67.52089073
20000,160,56.7085905085
20000,161,57.3928077276
20000,162,62.7636751208
20000,163,66.5647612498
20000,164,69.3310884996
20000,165,70.810268258
20000,166,71.6693652678
20000,167,72.0297998561
20000,168,71.2458965596
20000,169,68.9416601802
20000,170,67.3678099818
20000,171,69.8556107104
20000,172,72.9332208389
20000,173,75.1333370329
20000,174,76.1983933785
20000,175,76.0650369109
20000,176,75.1848236018
20000,177,74.5037023451
20000,178,74.2877696269
20000,179,74.3523857823
20000,180,75.2353314726
