$MeshFormat
2.2 0 8
$EndMeshFormat
$Nodes
1784
1 12.7 0 0
2 12.575 1.78 0
3 12.201 3.525 0
4 11.586 5.201 0
5 10.743 6.774 0
6 9.686999999999999 8.212999999999999 0
7 9.488 8.443 0
8 9.257 8.695 0
9 9.010999999999999 8.949 0
10 8.769 9.186 0
11 8.551 9.390000000000001 0
12 7.334 10.369 0
13 6.005 11.191 0
14 4.585 11.844 0
15 3.096 12.317 0
16 1.56 12.604 0
17 0 12.7 0
18 -1.56 12.604 0
19 -3.096 12.317 0
20 -4.585 11.844 0
21 -6.005 11.191 0
22 -7.334 10.369 0
23 -8.551 9.390000000000001 0
24 -8.769 9.186 0
25 -9.010999999999999 8.949 0
26 -9.257 8.695 0
27 -9.488 8.443 0
28 -9.686999999999999 8.212999999999999 0
29 -10.743 6.774 0
30 -11.586 5.201 0
31 -12.201 3.525 0
32 -12.575 1.78 0
33 -12.7 0 0
34 -12.575 -1.78 0
35 -12.201 -3.525 0
36 -11.586 -5.201 0
37 -10.743 -6.774 0
38 -9.686999999999999 -8.212999999999999 0
39 -9.488 -8.443 0
40 -9.257 -8.695 0
41 -9.010999999999999 -8.949 0
42 -8.769 -9.186 0
43 -8.551 -9.390000000000001 0
44 -7.334 -10.369 0
45 -6.005 -11.191 0
46 -4.585 -11.844 0
47 -3.096 -12.317 0
48 -1.56 -12.604 0
49 0 -12.7 0
50 1.56 -12.604 0
51 3.096 -12.317 0
52 4.585 -11.844 0
53 6.005 -11.191 0
54 7.334 -10.369 0
55 8.551 -9.390000000000001 0
56 8.769 -9.186 0
57 9.010999999999999 -8.949 0
58 9.257 -8.695 0
59 9.488 -8.443 0
60 9.686999999999999 -8.212999999999999 0
61 10.743 -6.774 0
62 11.586 -5.201 0
63 12.201 -3.525 0
64 12.575 -1.78 0
65 13.269 0 3.166
66 13.139 1.86 3.166
67 12.751 3.684 3.166
68 12.112 5.437 3.166
69 11.235 7.084 3.166
70 10.138 8.595000000000001 3.166
71 9.936999999999999 8.843 3.166
72 9.692 9.103999999999999 3.166
73 9.43 9.365 3.166
74 9.172000000000001 9.608000000000001 3.166
75 8.939 9.816000000000001 3.166
76 7.663 10.835 3.166
77 6.273 11.69 3.166
78 4.788 12.368 3.166
79 3.232 12.86 3.166
80 1.628 13.158 3.166
81 0 13.257 3.166
82 -1.628 13.158 3.166
83 -3.232 12.86 3.166
84 -4.788 12.368 3.166
85 -6.273 11.69 3.166
86 -7.663 10.835 3.166
87 -8.939 9.816000000000001 3.166
88 -9.172000000000001 9.608000000000001 3.166
89 -9.43 9.365 3.166
90 -9.692 9.103999999999999 3.166
91 -9.936999999999999 8.843 3.166
92 -10.138 8.595000000000001 3.166
93 -11.235 7.084 3.166
94 -12.112 5.437 3.166
95 -12.751 3.684 3.166
96 -13.139 1.86 3.166
97 -13.269 0 3.166
98 -13.139 -1.86 3.166
99 -12.751 -3.684 3.166
100 -12.112 -5.437 3.166
101 -11.235 -7.084 3.166
102 -10.138 -8.595000000000001 3.166
103 -9.936999999999999 -8.843 3.166
104 -9.692 -9.103999999999999 3.166
105 -9.43 -9.365 3.166
106 -9.172000000000001 -9.608000000000001 3.166
107 -8.939 -9.816000000000001 3.166
108 -7.663 -10.835 3.166
109 -6.273 -11.69 3.166
110 -4.788 -12.368 3.166
111 -3.232 -12.86 3.166
112 -1.628 -13.158 3.166
113 0 -13.257 3.166
114 1.628 -13.158 3.166
115 3.232 -12.86 3.166
116 4.788 -12.368 3.166
117 6.273 -11.69 3.166
118 7.663 -10.835 3.166
119 8.939 -9.816000000000001 3.166
120 9.172000000000001 -9.608000000000001 3.166
121 9.43 -9.365 3.166
122 9.692 -9.103999999999999 3.166
123 9.936999999999999 -8.843 3.166
124 10.138 -8.595000000000001 3.166
125 11.235 -7.084 3.166
126 12.112 -5.437 3.166
127 12.751 -3.684 3.166
128 13.139 -1.86 3.166
129 14.094 0 7.564
130 13.958 1.976 7.564
131 13.554 3.916 7.564
132 12.889 5.786 7.564
133 11.979 7.553 7.564
134 10.84 9.19 7.564
135 10.659 9.484999999999999 7.564
136 10.381 9.750999999999999 7.564
137 10.081 10.011 7.564
138 9.782 10.247 7.564
139 9.515000000000001 10.448 7.564
140 8.143000000000001 11.513 7.564
141 6.657 12.407 7.564
142 5.074 13.108 7.564
143 3.422 13.617 7.564
144 1.723 13.926 7.564
145 0 14.029 7.564
146 -1.723 13.926 7.564
147 -3.422 13.617 7.564
148 -5.074 13.108 7.564
149 -6.657 12.407 7.564
150 -8.143000000000001 11.513 7.564
151 -9.515000000000001 10.448 7.564
152 -9.782 10.247 7.564
153 -10.081 10.011 7.564
154 -10.381 9.750999999999999 7.564
155 -10.659 9.484999999999999 7.564
156 -10.84 9.19 7.564
157 -11.979 7.553 7.564
158 -12.889 5.786 7.564
159 -13.554 3.916 7.564
160 -13.958 1.976 7.564
161 -14.094 0 7.564
162 -13.958 -1.976 7.564
163 -13.554 -3.916 7.564
164 -12.889 -5.786 7.564
165 -11.979 -7.553 7.564
166 -10.84 -9.19 7.564
167 -10.659 -9.484999999999999 7.564
168 -10.381 -9.750999999999999 7.564
169 -10.081 -10.011 7.564
170 -9.782 -10.247 7.564
171 -9.515000000000001 -10.448 7.564
172 -8.143000000000001 -11.513 7.564
173 -6.657 -12.407 7.564
174 -5.074 -13.108 7.564
175 -3.422 -13.617 7.564
176 -1.723 -13.926 7.564
177 0 -14.029 7.564
178 1.723 -13.926 7.564
179 3.422 -13.617 7.564
180 5.074 -13.108 7.564
181 6.657 -12.407 7.564
182 8.143000000000001 -11.513 7.564
183 9.515000000000001 -10.448 7.564
184 9.782 -10.247 7.564
185 10.081 -10.011 7.564
186 10.381 -9.750999999999999 7.564
187 10.659 -9.484999999999999 7.564
188 10.84 -9.19 7.564
189 11.979 -7.553 7.564
190 12.889 -5.786 7.564
191 13.554 -3.916 7.564
192 13.958 -1.976 7.564
193 15.285 0 13.631
194 15.144 2.144 13.631
195 14.725 4.255 13.631
196 14.038 6.301 13.631
197 13.098 8.259 13.631
198 11.926 10.111 13.631
199 11.803 10.502 13.631
200 11.462 10.766 13.631
201 11.084 11.007 13.631
202 10.704 11.213 13.631
203 10.366 11.382 13.631
204 8.84 12.499 13.631
205 7.208 13.433 13.631
206 5.477 14.148 13.631
207 3.687 14.668 13.631
208 1.854 14.984 13.631
209 0 15.09 13.631
210 -1.854 14.984 13.631
211 -3.687 14.668 13.631
212 -5.477 14.148 13.631
213 -7.208 13.433 13.631
214 -8.84 12.499 13.631
215 -10.366 11.382 13.631
216 -10.704 11.213 13.631
217 -11.084 11.007 13.631
218 -11.462 10.766 13.631
219 -11.803 10.502 13.631
220 -11.926 10.111 13.631
221 -13.098 8.259 13.631
222 -14.038 6.301 13.631
223 -14.725 4.255 13.631
224 -15.144 2.144 13.631
225 -15.285 0 13.631
226 -15.144 -2.144 13.631
227 -14.725 -4.255 13.631
228 -14.038 -6.301 13.631
229 -13.098 -8.259 13.631
230 -11.926 -10.111 13.631
231 -11.803 -10.502 13.631
232 -11.462 -10.766 13.631
233 -11.084 -11.007 13.631
234 -10.704 -11.213 13.631
235 -10.366 -11.382 13.631
236 -8.84 -12.499 13.631
237 -7.208 -13.433 13.631
238 -5.477 -14.148 13.631
239 -3.687 -14.668 13.631
240 -1.854 -14.984 13.631
241 0 -15.09 13.631
242 1.854 -14.984 13.631
243 3.687 -14.668 13.631
244 5.477 -14.148 13.631
245 7.208 -13.433 13.631
246 8.84 -12.499 13.631
247 10.366 -11.382 13.631
248 10.704 -11.213 13.631
249 11.084 -11.007 13.631
250 11.462 -10.766 13.631
251 11.803 -10.502 13.631
252 11.926 -10.111 13.631
253 13.098 -8.259 13.631
254 14.038 -6.301 13.631
255 14.725 -4.255 13.631
256 15.144 -2.144 13.631
257 16.823 0 21.126
258 16.679 2.361 21.126
259 16.252 4.696 21.126
260 15.551 6.981 21.126
261 14.598 9.205 21.126
262 13.409 11.368 21.126
263 13.393 11.918 21.126
264 12.954 12.168 21.126
265 12.452 12.366 21.126
266 11.942 12.51 21.126
267 11.49 12.616 21.126
268 9.746 13.779 21.126
269 7.913 14.747 21.126
270 5.983 15.456 21.126
271 4.015 15.974 21.126
272 2.016 16.29 21.126
273 0 16.396 21.126
274 -2.016 16.29 21.126
275 -4.015 15.974 21.126
276 -5.983 15.456 21.126
277 -7.913 14.747 21.126
278 -9.746 13.779 21.126
279 -11.49 12.616 21.126
280 -11.942 12.51 21.126
281 -12.452 12.366 21.126
282 -12.954 12.168 21.126
283 -13.393 11.918 21.126
284 -13.409 11.368 21.126
285 -14.598 9.205 21.126
286 -15.551 6.981 21.126
287 -16.252 4.696 21.126
288 -16.679 2.361 21.126
289 -16.823 0 21.126
290 -16.679 -2.361 21.126
291 -16.252 -4.696 21.126
292 -15.551 -6.981 21.126
293 -14.598 -9.205 21.126
294 -13.409 -11.368 21.126
295 -13.393 -11.918 21.126
296 -12.954 -12.168 21.126
297 -12.452 -12.366 21.126
298 -11.942 -12.51 21.126
299 -11.49 -12.616 21.126
300 -9.746 -13.779 21.126
301 -7.913 -14.747 21.126
302 -5.983 -15.456 21.126
303 -4.015 -15.974 21.126
304 -2.016 -16.29 21.126
305 0 -16.396 21.126
306 2.016 -16.29 21.126
307 4.015 -15.974 21.126
308 5.983 -15.456 21.126
309 7.913 -14.747 21.126
310 9.746 -13.779 21.126
311 11.49 -12.616 21.126
312 11.942 -12.51 21.126
313 12.452 -12.366 21.126
314 12.954 -12.168 21.126
315 13.393 -11.918 21.126
316 13.409 -11.368 21.126
317 14.598 -9.205 21.126
318 15.551 -6.981 21.126
319 16.252 -4.696 21.126
320 16.679 -2.361 21.126
321 18.848 0 30.59
322 18.704 2.648 30.59
323 18.275 5.28 30.59
324 17.574 7.889 30.59
325 16.625 10.483 30.59
326 15.441 13.091 30.59
327 15.595 13.877 30.59
328 15.011 14.099 30.59
329 14.325 14.227 30.59
330 13.619 14.266 30.59
331 12.993 14.266 30.59
332 10.942 15.471 30.59
333 8.834 16.464 30.59
334 6.635 17.139 30.59
335 4.432 17.635 30.59
336 2.22 17.939 30.59
337 0 18.041 30.59
338 -2.22 17.939 30.59
339 -4.432 17.635 30.59
340 -6.635 17.139 30.59
341 -8.834 16.464 30.59
342 -10.942 15.471 30.59
343 -12.993 14.266 30.59
344 -13.619 14.266 30.59
345 -14.325 14.227 30.59
346 -15.011 14.099 30.59
347 -15.595 13.877 30.59
348 -15.441 13.091 30.59
349 -16.625 10.483 30.59
350 -17.574 7.889 30.59
351 -18.275 5.28 30.59
352 -18.704 2.648 30.59
353 -18.848 0 30.59
354 -18.704 -2.648 30.59
355 -18.275 -5.28 30.59
356 -17.574 -7.889 30.59
357 -16.625 -10.483 30.59
358 -15.441 -13.091 30.59
359 -15.595 -13.877 30.59
360 -15.011 -14.099 30.59
361 -14.325 -14.227 30.59
362 -13.619 -14.266 30.59
363 -12.993 -14.266 30.59
364 -10.942 -15.471 30.59
365 -8.834 -16.464 30.59
366 -6.635 -17.139 30.59
367 -4.432 -17.635 30.59
368 -2.22 -17.939 30.59
369 0 -18.041 30.59
370 2.22 -17.939 30.59
371 4.432 -17.635 30.59
372 6.635 -17.139 30.59
373 8.834 -16.464 30.59
374 10.942 -15.471 30.59
375 12.993 -14.266 30.59
376 13.619 -14.266 30.59
377 14.325 -14.227 30.59
378 15.011 -14.099 30.59
379 15.595 -13.877 30.59
380 15.441 -13.091 30.59
381 16.625 -10.483 30.59
382 17.574 -7.889 30.59
383 18.275 -5.28 30.59
384 18.704 -2.648 30.59
385 21.357 0 41.89
386 21.215 3.004 41.89
387 20.793 6.008 41.89
388 20.109 9.026999999999999 41.89
389 19.184 12.096 41.89
390 18.025 15.282 41.89
391 18.408 16.38 41.89
392 17.634 16.563 41.89
393 16.706 16.591 41.89
394 15.737 16.485 41.89
395 14.877 16.335 41.89
396 12.428 17.572 41.89
397 9.968999999999999 18.58 41.89
398 7.428 19.187 41.89
399 4.935 19.636 41.89
400 2.464 19.912 41.89
401 0 20.006 41.89
402 -2.464 19.912 41.89
403 -4.935 19.636 41.89
404 -7.428 19.187 41.89
405 -9.968999999999999 18.58 41.89
406 -12.428 17.572 41.89
407 -14.877 16.335 41.89
408 -15.737 16.485 41.89
409 -16.706 16.591 41.89
410 -17.634 16.563 41.89
411 -18.408 16.38 41.89
412 -18.025 15.282 41.89
413 -19.184 12.096 41.89
414 -20.109 9.026999999999999 41.89
415 -20.793 6.008 41.89
416 -21.215 3.004 41.89
417 -21.357 0 41.89
418 -21.215 -3.004 41.89
419 -20.793 -6.008 41.89
420 -20.109 -9.026999999999999 41.89
421 -19.184 -12.096 41.89
422 -18.025 -15.282 41.89
423 -18.408 -16.38 41.89
424 -17.634 -16.563 41.89
425 -16.706 -16.591 41.89
426 -15.737 -16.485 41.89
427 -14.877 -16.335 41.89
428 -12.428 -17.572 41.89
429 -9.968999999999999 -18.58 41.89
430 -7.428 -19.187 41.89
431 -4.935 -19.636 41.89
432 -2.464 -19.912 41.89
433 0 -20.006 41.89
434 2.464 -19.912 41.89
435 4.935 -19.636 41.89
436 7.428 -19.187 41.89
437 9.968999999999999 -18.58 41.89
438 12.428 -17.572 41.89
439 14.877 -16.335 41.89
440 15.737 -16.485 41.89
441 16.706 -16.591 41.89
442 17.634 -16.563 41.89
443 18.408 -16.38 41.89
444 18.025 -15.282 41.89
445 19.184 -12.096 41.89
446 20.109 -9.026999999999999 41.89
447 20.793 -6.008 41.89
448 21.215 -3.004 41.89
449 24.535 0 55.729
450 24.399 3.454 55.729
451 23.996 6.933 55.729
452 23.342 10.478 55.729
453 22.463 14.164 55.729
454 21.348 18.099 55.729
455 22.03 19.604 55.729
456 21.01 19.735 55.729
457 19.766 19.63 55.729
458 18.453 19.33 55.729
459 17.282 18.976 55.729
460 14.316 20.241 55.729
461 11.402 21.25 55.729
462 8.419 21.747 55.729
463 5.559 22.119 55.729
464 2.765 22.348 55.729
465 0 22.426 55.729
466 -2.765 22.348 55.729
467 -5.559 22.119 55.729
468 -8.419 21.747 55.729
469 -11.402 21.25 55.729
470 -14.316 20.241 55.729
471 -17.282 18.976 55.729
472 -18.453 19.33 55.729
473 -19.766 19.63 55.729
474 -21.01 19.735 55.729
475 -22.03 19.604 55.729
476 -21.348 18.099 55.729
477 -22.463 14.164 55.729
478 -23.342 10.478 55.729
479 -23.996 6.933 55.729
480 -24.399 3.454 55.729
481 -24.535 0 55.729
482 -24.399 -3.454 55.729
483 -23.996 -6.933 55.729
484 -23.342 -10.478 55.729
485 -22.463 -14.164 55.729
486 -21.348 -18.099 55.729
487 -22.03 -19.604 55.729
488 -21.01 -19.735 55.729
489 -19.766 -19.63 55.729
490 -18.453 -19.33 55.729
491 -17.282 -18.976 55.729
492 -14.316 -20.241 55.729
493 -11.402 -21.25 55.729
494 -8.419 -21.747 55.729
495 -5.559 -22.119 55.729
496 -2.765 -22.348 55.729
497 0 -22.426 55.729
498 2.765 -22.348 55.729
499 5.559 -22.119 55.729
500 8.419 -21.747 55.729
501 11.402 -21.25 55.729
502 14.316 -20.241 55.729
503 17.282 -18.976 55.729
504 18.453 -19.33 55.729
505 19.766 -19.63 55.729
506 21.01 -19.735 55.729
507 22.03 -19.604 55.729
508 21.348 -18.099 55.729
509 22.463 -14.164 55.729
510 23.342 -10.478 55.729
511 23.996 -6.933 55.729
512 24.399 -3.454 55.729
513 28.379 0 71.89100000000001
514 28.252 4 71.89100000000001
515 27.875 8.054 71.89100000000001
516 27.267 12.24 71.89100000000001
517 26.448 16.677 71.89100000000001
518 25.39 21.525 71.89100000000001
519 26.433 23.522 71.89100000000001
520 25.116 23.591 71.89100000000001
521 23.488 23.327 71.89100000000001
522 21.754 22.789 71.89100000000001
523 20.202 22.182 71.89100000000001
524 16.601 23.471 71.89100000000001
525 13.131 24.472 71.89100000000001
526 9.608000000000001 24.819 71.89100000000001
527 6.303 25.08 71.89100000000001
528 3.124 25.242 71.89100000000001
529 0 25.298 71.89100000000001
530 -3.124 25.242 71.89100000000001
531 -6.303 25.08 71.89100000000001
532 -9.608000000000001 24.819 71.89100000000001
533 -13.131 24.472 71.89100000000001
534 -16.601 23.471 71.89100000000001
535 -20.202 22.182 71.89100000000001
536 -21.754 22.789 71.89100000000001
537 -23.488 23.327 71.89100000000001
538 -25.116 23.591 71.89100000000001
539 -26.433 23.522 71.89100000000001
540 -25.39 21.525 71.89100000000001
541 -26.448 16.677 71.89100000000001
542 -27.267 12.24 71.89100000000001
543 -27.875 8.054 71.89100000000001
544 -28.252 4 71.89100000000001
545 -28.379 0 71.89100000000001
546 -28.252 -4 71.89100000000001
547 -27.875 -8.054 71.89100000000001
548 -27.267 -12.24 71.89100000000001
549 -26.448 -16.677 71.89100000000001
550 -25.39 -21.525 71.89100000000001
551 -26.433 -23.522 71.89100000000001
552 -25.116 -23.591 71.89100000000001
553 -23.488 -23.327 71.89100000000001
554 -21.754 -22.789 71.89100000000001
555 -20.202 -22.182 71.89100000000001
556 -16.601 -23.471 71.89100000000001
557 -13.131 -24.472 71.89100000000001
558 -9.608000000000001 -24.819 71.89100000000001
559 -6.303 -25.08 71.89100000000001
560 -3.124 -25.242 71.89100000000001
561 0 -25.298 71.89100000000001
562 3.124 -25.242 71.89100000000001
563 6.303 -25.08 71.89100000000001
564 9.608000000000001 -24.819 71.89100000000001
565 13.131 -24.472 71.89100000000001
566 16.601 -23.471 71.89100000000001
567 20.202 -22.182 71.89100000000001
568 21.754 -22.789 71.89100000000001
569 23.488 -23.327 71.89100000000001
570 25.116 -23.591 71.89100000000001
571 26.433 -23.522 71.89100000000001
572 25.39 -21.525 71.89100000000001
573 26.448 -16.677 71.89100000000001
574 27.267 -12.24 71.89100000000001
575 27.875 -8.054 71.89100000000001
576 28.252 -4 71.89100000000001
577 32.856 0 89.96599999999999
578 32.74 4.635 89.96599999999999
579 32.395 9.361000000000001 89.96599999999999
580 31.839 14.292 89.96599999999999
581 31.09 19.603 89.96599999999999
582 30.089 25.509 89.96599999999999
583 31.542 28.067 89.96599999999999
584 29.884 28.07 89.96599999999999
585 27.817 27.626 89.96599999999999
586 25.599 26.817 89.96599999999999
587 23.604 25.918 89.96599999999999
588 19.263 27.235 89.96599999999999
589 15.143 28.222 89.96599999999999
590 10.989 28.386 89.96599999999999
591 7.166 28.51 89.96599999999999
592 3.538 28.588 89.96599999999999
593 0 28.615 89.96599999999999
594 -3.538 28.588 89.96599999999999
595 -7.166 28.51 89.96599999999999
596 -10.989 28.386 89.96599999999999
597 -15.143 28.222 89.96599999999999
598 -19.263 27.235 89.96599999999999
599 -23.604 25.918 89.96599999999999
600 -25.599 26.817 89.96599999999999
601 -27.817 27.626 89.96599999999999
602 -29.884 28.07 89.96599999999999
603 -31.542 28.067 89.96599999999999
604 -30.089 25.509 89.96599999999999
605 -31.09 19.603 89.96599999999999
606 -31.839 14.292 89.96599999999999
607 -32.395 9.361000000000001 89.96599999999999
608 -32.74 4.635 89.96599999999999
609 -32.856 0 89.96599999999999
610 -32.74 -4.635 89.96599999999999
611 -32.395 -9.361000000000001 89.96599999999999
612 -31.839 -14.292 89.96599999999999
613 -31.09 -19.603 89.96599999999999
614 -30.089 -25.509 89.96599999999999
615 -31.542 -28.067 89.96599999999999
616 -29.884 -28.07 89.96599999999999
617 -27.817 -27.626 89.96599999999999
618 -25.599 -26.817 89.96599999999999
619 -23.604 -25.918 89.96599999999999
620 -19.263 -27.235 89.96599999999999
621 -15.143 -28.222 89.96599999999999
622 -10.989 -28.386 89.96599999999999
623 -7.166 -28.51 89.96599999999999
624 -3.538 -28.588 89.96599999999999
625 0 -28.615 89.96599999999999
626 3.538 -28.588 89.96599999999999
627 7.166 -28.51 89.96599999999999
628 10.989 -28.386 89.96599999999999
629 15.143 -28.222 89.96599999999999
630 19.263 -27.235 89.96599999999999
631 23.604 -25.918 89.96599999999999
632 25.599 -26.817 89.96599999999999
633 27.817 -27.626 89.96599999999999
634 29.884 -28.07 89.96599999999999
635 31.542 -28.067 89.96599999999999
636 30.089 -25.509 89.96599999999999
637 31.09 -19.603 89.96599999999999
638 31.839 -14.292 89.96599999999999
639 32.395 -9.361000000000001 89.96599999999999
640 32.74 -4.635 89.96599999999999
641 38.278 0 110.589
642 38.173 5.404 110.589
643 37.864 10.941 110.589
644 37.364 16.772 110.589
645 36.684 23.131 110.589
646 35.735 30.296 110.589
647 37.653 33.505 110.589
648 35.6 33.439 110.589
649 33.022 32.795 110.589
650 30.24 31.679 110.589
651 27.727 30.445 110.589
652 22.494 31.803 110.589
653 17.588 32.779 110.589
654 12.669 32.727 110.589
655 8.215 32.687 110.589
656 4.042 32.662 110.589
657 0 32.654 110.589
658 -4.042 32.662 110.589
659 -8.215 32.687 110.589
660 -12.669 32.727 110.589
661 -17.588 32.779 110.589
662 -22.494 31.803 110.589
663 -27.727 30.445 110.589
664 -30.24 31.679 110.589
665 -33.022 32.795 110.589
666 -35.6 33.439 110.589
667 -37.653 33.505 110.589
668 -35.735 30.296 110.589
669 -36.684 23.131 110.589
670 -37.364 16.772 110.589
671 -37.864 10.941 110.589
672 -38.173 5.404 110.589
673 -38.278 0 110.589
674 -38.173 -5.404 110.589
675 -37.864 -10.941 110.589
676 -37.364 -16.772 110.589
677 -36.684 -23.131 110.589
678 -35.735 -30.296 110.589
679 -37.653 -33.505 110.589
680 -35.6 -33.439 110.589
681 -33.022 -32.795 110.589
682 -30.24 -31.679 110.589
683 -27.727 -30.445 110.589
684 -22.494 -31.803 110.589
685 -17.588 -32.779 110.589
686 -12.669 -32.727 110.589
687 -8.215 -32.687 110.589
688 -4.042 -32.662 110.589
689 0 -32.654 110.589
690 4.042 -32.662 110.589
691 8.215 -32.687 110.589
692 12.669 -32.727 110.589
693 17.588 -32.779 110.589
694 22.494 -31.803 110.589
695 27.727 -30.445 110.589
696 30.24 -31.679 110.589
697 33.022 -32.795 110.589
698 35.6 -33.439 110.589
699 37.653 -33.505 110.589
700 35.735 -30.296 110.589
701 36.684 -23.131 110.589
702 37.364 -16.772 110.589
703 37.864 -10.941 110.589
704 38.173 -5.404 110.589
705 44.742 0 132.741
706 44.649 6.321 132.741
707 44.374 12.822 132.741
708 43.928 19.719 132.741
709 43.312 27.31 132.741
710 42.403 35.949 132.741
711 44.803 39.868 132.741
712 42.322 39.753 132.741
713 39.187 38.917 132.741
714 35.787 37.489 132.741
715 32.7 35.906 132.741
716 26.394 37.317 132.741
717 20.544 38.287 132.741
718 14.713 38.005 132.741
719 9.497 37.786 132.741
720 4.659 37.65 132.741
721 0 37.604 132.741
722 -4.659 37.65 132.741
723 -9.497 37.786 132.741
724 -14.713 38.005 132.741
725 -20.544 38.287 132.741
726 -26.394 37.317 132.741
727 -32.7 35.906 132.741
728 -35.787 37.489 132.741
729 -39.187 38.917 132.741
730 -42.322 39.753 132.741
731 -44.803 39.868 132.741
732 -42.403 35.949 132.741
733 -43.312 27.31 132.741
734 -43.928 19.719 132.741
735 -44.374 12.822 132.741
736 -44.649 6.321 132.741
737 -44.742 0 132.741
738 -44.649 -6.321 132.741
739 -44.374 -12.822 132.741
740 -43.928 -19.719 132.741
741 -43.312 -27.31 132.741
742 -42.403 -35.949 132.741
743 -44.803 -39.868 132.741
744 -42.322 -39.753 132.741
745 -39.187 -38.917 132.741
746 -35.787 -37.489 132.741
747 -32.7 -35.906 132.741
748 -26.394 -37.317 132.741
749 -20.544 -38.287 132.741
750 -14.713 -38.005 132.741
751 -9.497 -37.786 132.741
752 -4.659 -37.65 132.741
753 0 -37.604 132.741
754 4.659 -37.65 132.741
755 9.497 -37.786 132.741
756 14.713 -38.005 132.741
757 20.544 -38.287 132.741
758 26.394 -37.317 132.741
759 32.7 -35.906 132.741
760 35.787 -37.489 132.741
761 39.187 -38.917 132.741
762 42.322 -39.753 132.741
763 44.803 -39.868 132.741
764 42.403 -35.949 132.741
765 43.312 -27.31 132.741
766 43.928 -19.719 132.741
767 44.374 -12.822 132.741
768 44.649 -6.321 132.741
769 52.699 0 155.625
770 52.619 7.45 155.625
771 52.381 15.135 155.625
772 51.991 23.338 155.625
773 51.443 32.437 155.625
774 50.575 42.878 155.625
775 53.427 47.542 155.625
776 50.505 47.44 155.625
777 46.791 46.469 155.625
778 42.739 44.771 155.625
779 39.035 42.861 155.625
780 31.344 44.316 155.625
781 24.292 45.272 155.625
782 17.327 44.757 155.625
783 11.149 44.357 155.625
784 5.458 44.105 155.625
785 0 44.019 155.625
786 -5.458 44.105 155.625
787 -11.149 44.357 155.625
788 -17.327 44.757 155.625
789 -24.292 45.272 155.625
790 -31.344 44.316 155.625
791 -39.035 42.861 155.625
792 -42.739 44.771 155.625
793 -46.791 46.469 155.625
794 -50.505 47.44 155.625
795 -53.427 47.542 155.625
796 -50.575 42.878 155.625
797 -51.443 32.437 155.625
798 -51.991 23.338 155.625
799 -52.381 15.135 155.625
800 -52.619 7.45 155.625
801 -52.699 0 155.625
802 -52.619 -7.45 155.625
803 -52.381 -15.135 155.625
804 -51.991 -23.338 155.625
805 -51.443 -32.437 155.625
806 -50.575 -42.878 155.625
807 -53.427 -47.542 155.625
808 -50.505 -47.44 155.625
809 -46.791 -46.469 155.625
810 -42.739 -44.771 155.625
811 -39.035 -42.861 155.625
812 -31.344 -44.316 155.625
813 -24.292 -45.272 155.625
814 -17.327 -44.757 155.625
815 -11.149 -44.357 155.625
816 -5.458 -44.105 155.625
817 0 -44.019 155.625
818 5.458 -44.105 155.625
819 11.149 -44.357 155.625
820 17.327 -44.757 155.625
821 24.292 -45.272 155.625
822 31.344 -44.316 155.625
823 39.035 -42.861 155.625
824 42.739 -44.771 155.625
825 46.791 -46.469 155.625
826 50.505 -47.44 155.625
827 53.427 -47.542 155.625
828 50.575 -42.878 155.625
829 51.443 -32.437 155.625
830 51.991 -23.338 155.625
831 52.381 -15.135 155.625
832 52.619 -7.45 155.625
833 63.085 0 178.783
834 63.022 8.923 178.783
835 62.836 18.156 178.783
836 62.526 28.067 178.783
837 62.077 39.142 178.783
838 61.296 51.967 178.783
839 64.505 57.4 178.783
840 61.155 57.443 178.783
841 56.856 56.464 178.783
842 52.128 54.607 178.783
843 47.758 52.439 178.783
844 38.107 53.879 178.783
845 29.392 54.778 178.783
846 20.916 54.029 178.783
847 13.433 53.445 178.783
848 6.568 53.076 178.783
849 0 52.95 178.783
850 -6.568 53.076 178.783
851 -13.433 53.445 178.783
852 -20.916 54.029 178.783
853 -29.392 54.778 178.783
854 -38.107 53.879 178.783
855 -47.758 52.439 178.783
856 -52.128 54.607 178.783
857 -56.856 56.464 178.783
858 -61.155 57.443 178.783
859 -64.505 57.4 178.783
860 -61.296 51.967 178.783
861 -62.077 39.142 178.783
862 -62.526 28.067 178.783
863 -62.836 18.156 178.783
864 -63.022 8.923 178.783
865 -63.085 0 178.783
866 -63.022 -8.923 178.783
867 -62.836 -18.156 178.783
868 -62.526 -28.067 178.783
869 -62.077 -39.142 178.783
870 -61.296 -51.967 178.783
871 -64.505 -57.4 178.783
872 -61.155 -57.443 178.783
873 -56.856 -56.464 178.783
874 -52.128 -54.607 178.783
875 -47.758 -52.439 178.783
876 -38.107 -53.879 178.783
877 -29.392 -54.778 178.783
878 -20.916 -54.029 178.783
879 -13.433 -53.445 178.783
880 -6.568 -53.076 178.783
881 0 -52.95 178.783
882 6.568 -53.076 178.783
883 13.433 -53.445 178.783
884 20.916 -54.029 178.783
885 29.392 -54.778 178.783
886 38.107 -53.879 178.783
887 47.758 -52.439 178.783
888 52.128 -54.607 178.783
889 56.856 -56.464 178.783
890 61.155 -57.443 178.783
891 64.505 -57.4 178.783
892 61.296 -51.967 178.783
893 62.077 -39.142 178.783
894 62.526 -28.067 178.783
895 62.836 -18.156 178.783
896 63.022 -8.923 178.783
897 76.334 0 200.521
898 76.29900000000001 10.802 200.521
899 76.191 22.015 200.521
900 76.008 34.119 200.521
901 75.724 47.747 200.521
902 75.126 63.691 200.521
903 78.509 69.861 200.521
904 74.794 70.254 200.521
905 69.95699999999999 69.47499999999999 200.521
906 64.575 67.646 200.521
907 59.521 65.35599999999999 200.521
908 47.146 66.65900000000001 200.521
909 36.173 67.416 200.521
910 25.72 66.43899999999999 200.521
911 16.507 65.678 200.521
912 8.068 65.19799999999999 200.521
913 0 65.03400000000001 200.521
914 -8.068 65.19799999999999 200.521
915 -16.507 65.678 200.521
916 -25.72 66.43899999999999 200.521
917 -36.173 67.416 200.521
918 -47.146 66.65900000000001 200.521
919 -59.521 65.35599999999999 200.521
920 -64.575 67.646 200.521
921 -69.95699999999999 69.47499999999999 200.521
922 -74.794 70.254 200.521
923 -78.509 69.861 200.521
924 -75.126 63.691 200.521
925 -75.724 47.747 200.521
926 -76.008 34.119 200.521
927 -76.191 22.015 200.521
928 -76.29900000000001 10.802 200.521
929 -76.334 0 200.521
930 -76.29900000000001 -10.802 200.521
931 -76.191 -22.015 200.521
932 -76.008 -34.119 200.521
933 -75.724 -47.747 200.521
934 -75.126 -63.691 200.521
935 -78.509 -69.861 200.521
936 -74.794 -70.254 200.521
937 -69.95699999999999 -69.47499999999999 200.521
938 -64.575 -67.646 200.521
939 -59.521 -65.35599999999999 200.521
940 -47.146 -66.65900000000001 200.521
941 -36.173 -67.416 200.521
942 -25.72 -66.43899999999999 200.521
943 -16.507 -65.678 200.521
944 -8.068 -65.19799999999999 200.521
945 0 -65.03400000000001 200.521
946 8.068 -65.19799999999999 200.521
947 16.507 -65.678 200.521
948 25.72 -66.43899999999999 200.521
949 36.173 -67.416 200.521
950 47.146 -66.65900000000001 200.521
951 59.521 -65.35599999999999 200.521
952 64.575 -67.646 200.521
953 69.95699999999999 -69.47499999999999 200.521
954 74.794 -70.254 200.521
955 78.509 -69.861 200.521
956 75.126 -63.691 200.521
957 75.724 -47.747 200.521
958 76.008 -34.119 200.521
959 76.191 -22.015 200.521
960 76.29900000000001 -10.802 200.521
961 93.07599999999999 0 220.49
962 93.081 13.178 220.49
963 93.09099999999999 26.898 220.49
964 93.099 41.791 220.49
965 93.07299999999999 58.686 220.49
966 92.788 78.666 220.49
967 96.119 85.532 220.49
968 92.119 86.527 220.49
969 86.806 86.208 220.49
970 80.803 84.646 220.49
971 75.044 82.40000000000001 220.49
972 58.99 83.404 220.49
973 45.02 83.90300000000001 220.49
974 32.016 82.702 220.49
975 20.552 81.77200000000001 220.49
976 10.046 81.18600000000001 220.49
977 0 80.986 220.49
978 -10.046 81.18600000000001 220.49
979 -20.552 81.77200000000001 220.49
980 -32.016 82.702 220.49
981 -45.02 83.90300000000001 220.49
982 -58.99 83.404 220.49
983 -75.044 82.40000000000001 220.49
984 -80.803 84.646 220.49
985 -86.806 86.208 220.49
986 -92.119 86.527 220.49
987 -96.119 85.532 220.49
988 -92.788 78.666 220.49
989 -93.07299999999999 58.686 220.49
990 -93.099 41.791 220.49
991 -93.09099999999999 26.898 220.49
992 -93.081 13.178 220.49
993 -93.07599999999999 0 220.49
994 -93.081 -13.178 220.49
995 -93.09099999999999 -26.898 220.49
996 -93.099 -41.791 220.49
997 -93.07299999999999 -58.686 220.49
998 -92.788 -78.666 220.49
999 -96.119 -85.532 220.49
1000 -92.119 -86.527 220.49
1001 -86.806 -86.208 220.49
1002 -80.803 -84.646 220.49
1003 -75.044 -82.40000000000001 220.49
1004 -58.99 -83.404 220.49
1005 -45.02 -83.90300000000001 220.49
1006 -32.016 -82.702 220.49
1007 -20.552 -81.77200000000001 220.49
1008 -10.046 -81.18600000000001 220.49
1009 0 -80.986 220.49
1010 10.046 -81.18600000000001 220.49
1011 20.552 -81.77200000000001 220.49
1012 32.016 -82.702 220.49
1013 45.02 -83.90300000000001 220.49
1014 58.99 -83.404 220.49
1015 75.044 -82.40000000000001 220.49
1016 80.803 -84.646 220.49
1017 86.806 -86.208 220.49
1018 92.119 -86.527 220.49
1019 96.119 -85.532 220.49
1020 92.788 -78.666 220.49
1021 93.07299999999999 -58.686 220.49
1022 93.099 -41.791 220.49
1023 93.09099999999999 -26.898 220.49
1024 93.081 -13.178 220.49
1025 112.623 0 237.739
1026 112.677 15.953 237.739
1027 112.836 32.604 237.739
1028 113.088 50.764 237.739
1029 113.396 71.501 237.739
1030 113.539 96.259 237.739
1031 116.589 103.746 237.739
1032 112.398 105.575 237.739
1033 106.692 105.957 237.739
1034 100.127 104.889 237.739
1035 93.67400000000001 102.857 237.739
1036 73.145 103.418 237.739
1037 55.567 103.56 237.739
1038 39.546 102.153 237.739
1039 25.403 101.073 237.739
1040 12.423 100.396 237.739
1041 0 100.165 237.739
1042 -12.423 100.396 237.739
1043 -25.403 101.073 237.739
1044 -39.546 102.153 237.739
1045 -55.567 103.56 237.739
1046 -73.145 103.418 237.739
1047 -93.67400000000001 102.857 237.739
1048 -100.127 104.889 237.739
1049 -106.692 105.957 237.739
1050 -112.398 105.575 237.739
1051 -116.589 103.746 237.739
1052 -113.539 96.259 237.739
1053 -113.396 71.501 237.739
1054 -113.088 50.764 237.739
1055 -112.836 32.604 237.739
1056 -112.677 15.953 237.739
1057 -112.623 0 237.739
1058 -112.677 -15.953 237.739
1059 -112.836 -32.604 237.739
1060 -113.088 -50.764 237.739
1061 -113.396 -71.501 237.739
1062 -113.539 -96.259 237.739
1063 -116.589 -103.746 237.739
1064 -112.398 -105.575 237.739
1065 -106.692 -105.957 237.739
1066 -100.127 -104.889 237.739
1067 -93.67400000000001 -102.857 237.739
1068 -73.145 -103.418 237.739
1069 -55.567 -103.56 237.739
1070 -39.546 -102.153 237.739
1071 -25.403 -101.073 237.739
1072 -12.423 -100.396 237.739
1073 0 -100.165 237.739
1074 12.423 -100.396 237.739
1075 25.403 -101.073 237.739
1076 39.546 -102.153 237.739
1077 55.567 -103.56 237.739
1078 73.145 -103.418 237.739
1079 93.67400000000001 -102.857 237.739
1080 100.127 -104.889 237.739
1081 106.692 -105.957 237.739
1082 112.398 -105.575 237.739
1083 116.589 -103.746 237.739
1084 113.539 -96.259 237.739
1085 113.396 -71.501 237.739
1086 113.088 -50.764 237.739
1087 112.836 -32.604 237.739
1088 112.677 -15.953 237.739
1089 135.245 0 252.909
1090 135.357 19.164 252.909
1091 135.687 39.206 252.909
1092 136.219 61.147 252.909
1093 136.914 86.33 252.909
1094 137.565 116.628 252.909
1095 140.125 124.69 252.909
1096 135.817 127.573 252.909
1097 129.779 128.885 252.909
1098 122.689 128.524 252.909
1099 115.536 126.861 252.909
1100 89.73099999999999 126.868 252.909
1101 67.919 126.58 252.909
1102 48.389 124.996 252.909
1103 31.113 123.791 252.909
1104 15.225 123.04 252.909
1105 0 122.784 252.909
1106 -15.225 123.04 252.909
1107 -31.113 123.791 252.909
1108 -48.389 124.996 252.909
1109 -67.919 126.58 252.909
1110 -89.73099999999999 126.868 252.909
1111 -115.536 126.861 252.909
1112 -122.689 128.524 252.909
1113 -129.779 128.885 252.909
1114 -135.817 127.573 252.909
1115 -140.125 124.69 252.909
1116 -137.565 116.628 252.909
1117 -136.914 86.33 252.909
1118 -136.219 61.147 252.909
1119 -135.687 39.206 252.909
1120 -135.357 19.164 252.909
1121 -135.245 0 252.909
1122 -135.357 -19.164 252.909
1123 -135.687 -39.206 252.909
1124 -136.219 -61.147 252.909
1125 -136.914 -86.33 252.909
1126 -137.565 -116.628 252.909
1127 -140.125 -124.69 252.909
1128 -135.817 -127.573 252.909
1129 -129.779 -128.885 252.909
1130 -122.689 -128.524 252.909
1131 -115.536 -126.861 252.909
1132 -89.73099999999999 -126.868 252.909
1133 -67.919 -126.58 252.909
1134 -48.389 -124.996 252.909
1135 -31.113 -123.791 252.909
1136 -15.225 -123.04 252.909
1137 0 -122.784 252.909
1138 15.225 -123.04 252.909
1139 31.113 -123.791 252.909
1140 48.389 -124.996 252.909
1141 67.919 -126.58 252.909
1142 89.73099999999999 -126.868 252.909
1143 115.536 -126.861 252.909
1144 122.689 -128.524 252.909
1145 129.779 -128.885 252.909
1146 135.817 -127.573 252.909
1147 140.125 -124.69 252.909
1148 137.565 -116.628 252.909
1149 136.914 -86.33 252.909
1150 136.219 -61.147 252.909
1151 135.687 -39.206 252.909
1152 135.357 -19.164 252.909
1153 159.65 0 265.642
1154 159.816 22.626 265.642
1155 160.308 46.321 265.642
1156 161.108 72.31999999999999 265.642
1157 162.175 102.258 265.642
1158 163.328 138.469 265.642
1159 165.25 147.047 265.642
1160 160.879 151.114 265.642
1161 154.563 153.499 265.642
1162 146.996 153.987 265.642
1163 139.164 152.805 265.642
1164 107.677 152.242 265.642
1165 81.30200000000001 151.523 265.642
1166 57.999 149.822 265.642
1167 37.334 148.54 265.642
1168 18.283 147.745 265.642
1169 0 147.475 265.642
1170 -18.283 147.745 265.642
1171 -37.334 148.54 265.642
1172 -57.999 149.822 265.642
1173 -81.30200000000001 151.523 265.642
1174 -107.677 152.242 265.642
1175 -139.164 152.805 265.642
1176 -146.996 153.987 265.642
1177 -154.563 153.499 265.642
1178 -160.879 151.114 265.642
1179 -165.25 147.047 265.642
1180 -163.328 138.469 265.642
1181 -162.175 102.258 265.642
1182 -161.108 72.31999999999999 265.642
1183 -160.308 46.321 265.642
1184 -159.816 22.626 265.642
1185 -159.65 0 265.642
1186 -159.816 -22.626 265.642
1187 -160.308 -46.321 265.642
1188 -161.108 -72.31999999999999 265.642
1189 -162.175 -102.258 265.642
1190 -163.328 -138.469 265.642
1191 -165.25 -147.047 265.642
1192 -160.879 -151.114 265.642
1193 -154.563 -153.499 265.642
1194 -146.996 -153.987 265.642
1195 -139.164 -152.805 265.642
1196 -107.677 -152.242 265.642
1197 -81.30200000000001 -151.523 265.642
1198 -57.999 -149.822 265.642
1199 -37.334 -148.54 265.642
1200 -18.283 -147.745 265.642
1201 0 -147.475 265.642
1202 18.283 -147.745 265.642
1203 37.334 -148.54 265.642
1204 57.999 -149.822 265.642
1205 81.30200000000001 -151.523 265.642
1206 107.677 -152.242 265.642
1207 139.164 -152.805 265.642
1208 146.996 -153.987 265.642
1209 154.563 -153.499 265.642
1210 160.879 -151.114 265.642
1211 165.25 -147.047 265.642
1212 163.328 -138.469 265.642
1213 162.175 -102.258 265.642
1214 161.108 -72.31999999999999 265.642
1215 160.308 -46.321 265.642
1216 159.816 -22.626 265.642
1217 184.082 0 275.791
1218 184.289 26.091 275.791
1219 184.902 53.427 275.791
1220 185.902 83.449 275.791
1221 187.251 118.069 275.791
1222 188.794 160.06 275.791
1223 190.02 169.09 275.791
1224 185.613 174.346 275.791
1225 179.062 177.828 275.791
1226 171.07 179.206 275.791
1227 162.613 178.553 275.791
1228 125.551 177.514 275.791
1229 94.67700000000001 176.448 275.791
1230 67.63800000000001 174.72 275.791
1231 43.589 173.428 275.791
1232 21.362 172.63 275.791
1233 0 172.36 275.791
1234 -21.362 172.63 275.791
1235 -43.589 173.428 275.791
1236 -67.63800000000001 174.72 275.791
1237 -94.67700000000001 176.448 275.791
1238 -125.551 177.514 275.791
1239 -162.613 178.553 275.791
1240 -171.07 179.206 275.791
1241 -179.062 177.828 275.791
1242 -185.613 174.346 275.791
1243 -190.02 169.09 275.791
1244 -188.794 160.06 275.791
1245 -187.251 118.069 275.791
1246 -185.902 83.449 275.791
1247 -184.902 53.427 275.791
1248 -184.289 26.091 275.791
1249 -184.082 0 275.791
1250 -184.289 -26.091 275.791
1251 -184.902 -53.427 275.791
1252 -185.902 -83.449 275.791
1253 -187.251 -118.069 275.791
1254 -188.794 -160.06 275.791
1255 -190.02 -169.09 275.791
1256 -185.613 -174.346 275.791
1257 -179.062 -177.828 275.791
1258 -171.07 -179.206 275.791
1259 -162.613 -178.553 275.791
1260 -125.551 -177.514 275.791
1261 -94.67700000000001 -176.448 275.791
1262 -67.63800000000001 -174.72 275.791
1263 -43.589 -173.428 275.791
1264 -21.362 -172.63 275.791
1265 0 -172.36 275.791
1266 21.362 -172.63 275.791
1267 43.589 -173.428 275.791
1268 67.63800000000001 -174.72 275.791
1269 94.67700000000001 -176.448 275.791
1270 125.551 -177.514 275.791
1271 162.613 -178.553 275.791
1272 171.07 -179.206 275.791
1273 179.062 -177.828 275.791
1274 185.613 -174.346 275.791
1275 190.02 -169.09 275.791
1276 188.794 -160.06 275.791
1277 187.251 -118.069 275.791
1278 185.902 -83.449 275.791
1279 184.902 -53.427 275.791
1280 184.289 -26.091 275.791
1281 208.755 0 284.033
1282 208.981 29.587 284.033
1283 209.653 60.579 284.033
1284 210.752 94.604 284.033
1285 212.242 133.827 284.033
1286 214.004 181.433 284.033
1287 214.508 190.88 284.033
1288 210.06 197.309 284.033
1289 203.285 201.885 284.033
1290 194.894 204.163 284.033
1291 185.848 204.066 284.033
1292 143.373 202.712 284.033
1293 108.085 201.437 284.033
1294 77.34399999999999 199.792 284.033
1295 49.908 198.571 284.033
1296 24.479 197.82 284.033
1297 0 197.567 284.033
1298 -24.479 197.82 284.033
1299 -49.908 198.571 284.033
1300 -77.34399999999999 199.792 284.033
1301 -108.085 201.437 284.033
1302 -143.373 202.712 284.033
1303 -185.848 204.066 284.033
1304 -194.894 204.163 284.033
1305 -203.285 201.885 284.033
1306 -210.06 197.309 284.033
1307 -214.508 190.88 284.033
1308 -214.004 181.433 284.033
1309 -212.242 133.827 284.033
1310 -210.752 94.604 284.033
1311 -209.653 60.579 284.033
1312 -208.981 29.587 284.033
1313 -208.755 0 284.033
1314 -208.981 -29.587 284.033
1315 -209.653 -60.579 284.033
1316 -210.752 -94.604 284.033
1317 -212.242 -133.827 284.033
1318 -214.004 -181.433 284.033
1319 -214.508 -190.88 284.033
1320 -210.06 -197.309 284.033
1321 -203.285 -201.885 284.033
1322 -194.894 -204.163 284.033
1323 -185.848 -204.066 284.033
1324 -143.373 -202.712 284.033
1325 -108.085 -201.437 284.033
1326 -77.34399999999999 -199.792 284.033
1327 -49.908 -198.571 284.033
1328 -24.479 -197.82 284.033
1329 0 -197.567 284.033
1330 24.479 -197.82 284.033
1331 49.908 -198.571 284.033
1332 77.34399999999999 -199.792 284.033
1333 108.085 -201.437 284.033
1334 143.373 -202.712 284.033
1335 185.848 -204.066 284.033
1336 194.894 -204.163 284.033
1337 203.285 -201.885 284.033
1338 210.06 -197.309 284.033
1339 214.508 -190.88 284.033
1340 214.004 -181.433 284.033
1341 212.242 -133.827 284.033
1342 210.752 -94.604 284.033
1343 209.653 -60.579 284.033
1344 208.981 -29.587 284.033
1345 232.217 0 290.293
1346 232.434 32.908 290.293
1347 233.079 67.348 290.293
1348 234.137 105.101 290.293
1349 235.576 148.54 290.293
1350 237.311 201.192 290.293
1351 237.138 211.018 290.293
1352 232.625 218.504 290.293
1353 225.629 224.075 290.293
1354 216.87 227.184 290.293
1355 207.297 227.617 290.293
1356 159.978 226.188 290.293
1357 120.674 224.9 290.293
1358 86.509 223.468 290.293
1359 55.9 222.411 290.293
1360 27.442 221.763 290.293
1361 0 221.545 290.293
1362 -27.442 221.763 290.293
1363 -55.9 222.411 290.293
1364 -86.509 223.468 290.293
1365 -120.674 224.9 290.293
1366 -159.978 226.188 290.293
1367 -207.297 227.617 290.293
1368 -216.87 227.184 290.293
1369 -225.629 224.075 290.293
1370 -232.625 218.504 290.293
1371 -237.138 211.018 290.293
1372 -237.311 201.192 290.293
1373 -235.576 148.54 290.293
1374 -234.137 105.101 290.293
1375 -233.079 67.348 290.293
1376 -232.434 32.908 290.293
1377 -232.217 0 290.293
1378 -232.434 -32.908 290.293
1379 -233.079 -67.348 290.293
1380 -234.137 -105.101 290.293
1381 -235.576 -148.54 290.293
1382 -237.311 -201.192 290.293
1383 -237.138 -211.018 290.293
1384 -232.625 -218.504 290.293
1385 -225.629 -224.075 290.293
1386 -216.87 -227.184 290.293
1387 -207.297 -227.617 290.293
1388 -159.978 -226.188 290.293
1389 -120.674 -224.9 290.293
1390 -86.509 -223.468 290.293
1391 -55.9 -222.411 290.293
1392 -27.442 -221.763 290.293
1393 0 -221.545 290.293
1394 27.442 -221.763 290.293
1395 55.9 -222.411 290.293
1396 86.509 -223.468 290.293
1397 120.674 -224.9 290.293
1398 159.978 -226.188 290.293
1399 207.297 -227.617 290.293
1400 216.87 -227.184 290.293
1401 225.629 -224.075 290.293
1402 232.625 -218.504 290.293
1403 237.138 -211.018 290.293
1404 237.311 -201.192 290.293
1405 235.576 -148.54 290.293
1406 234.137 -105.101 290.293
1407 233.079 -67.348 290.293
1408 232.434 -32.908 290.293
1409 255.261 0 295.059
1410 255.434 36.164 295.059
1411 255.949 73.956 295.059
1412 256.794 115.272 295.059
1413 257.947 162.646 295.059
1414 259.355 219.881 295.059
1415 258.552 230.073 295.059
1416 253.926 238.513 295.059
1417 246.688 244.989 295.059
1418 237.565 248.863 295.059
1419 227.502 249.802 295.059
1420 175.824 248.593 295.059
1421 132.817 247.53 295.059
1422 95.413 246.467 295.059
1423 61.75 245.687 295.059
1424 30.343 245.21 295.059
1425 0 245.05 295.059
1426 -30.343 245.21 295.059
1427 -61.75 245.687 295.059
1428 -95.413 246.467 295.059
1429 -132.817 247.53 295.059
1430 -175.824 248.593 295.059
1431 -227.502 249.802 295.059
1432 -237.565 248.863 295.059
1433 -246.688 244.989 295.059
1434 -253.926 238.513 295.059
1435 -258.552 230.073 295.059
1436 -259.355 219.881 295.059
1437 -257.947 162.646 295.059
1438 -256.794 115.272 295.059
1439 -255.949 73.956 295.059
1440 -255.434 36.164 295.059
1441 -255.261 0 295.059
1442 -255.434 -36.164 295.059
1443 -255.949 -73.956 295.059
1444 -256.794 -115.272 295.059
1445 -257.947 -162.646 295.059
1446 -259.355 -219.881 295.059
1447 -258.552 -230.073 295.059
1448 -253.926 -238.513 295.059
1449 -246.688 -244.989 295.059
1450 -237.565 -248.863 295.059
1451 -227.502 -249.802 295.059
1452 -175.824 -248.593 295.059
1453 -132.817 -247.53 295.059
1454 -95.413 -246.467 295.059
1455 -61.75 -245.687 295.059
1456 -30.343 -245.21 295.059
1457 0 -245.05 295.059
1458 30.343 -245.21 295.059
1459 61.75 -245.687 295.059
1460 95.413 -246.467 295.059
1461 132.817 -247.53 295.059
1462 175.824 -248.593 295.059
1463 227.502 -249.802 295.059
1464 237.565 -248.863 295.059
1465 246.688 -244.989 295.059
1466 253.926 -238.513 295.059
1467 258.552 -230.073 295.059
1468 259.355 -219.881 295.059
1469 257.947 -162.646 295.059
1470 256.794 -115.272 295.059
1471 255.949 -73.956 295.059
1472 255.434 -36.164 295.059
1473 275.921 0 298.186
1474 276.017 39.078 298.186
1475 276.305 79.83799999999999 298.186
1476 276.777 124.242 298.186
1477 277.422 174.926 298.186
1478 278.217 235.872 298.186
1479 276.897 246.397 298.186
1480 272.113 255.595 298.186
1481 264.62 262.797 298.186
1482 255.161 267.296 298.186
1483 244.682 268.666 298.186
1484 189.526 267.966 298.186
1485 143.457 267.36 298.186
1486 103.283 266.796 298.186
1487 66.952 266.383 298.186
1488 32.932 266.132 298.186
1489 0 266.047 298.186
1490 -32.932 266.132 298.186
1491 -66.952 266.383 298.186
1492 -103.283 266.796 298.186
1493 -143.457 267.36 298.186
1494 -189.526 267.966 298.186
1495 -244.682 268.666 298.186
1496 -255.161 267.296 298.186
1497 -264.62 262.797 298.186
1498 -272.113 255.595 298.186
1499 -276.897 246.397 298.186
1500 -278.217 235.872 298.186
1501 -277.422 174.926 298.186
1502 -276.777 124.242 298.186
1503 -276.305 79.83799999999999 298.186
1504 -276.017 39.078 298.186
1505 -275.921 0 298.186
1506 -276.017 -39.078 298.186
1507 -276.305 -79.83799999999999 298.186
1508 -276.777 -124.242 298.186
1509 -277.422 -174.926 298.186
1510 -278.217 -235.872 298.186
1511 -276.897 -246.397 298.186
1512 -272.113 -255.595 298.186
1513 -264.62 -262.797 298.186
1514 -255.161 -267.296 298.186
1515 -244.682 -268.666 298.186
1516 -189.526 -267.966 298.186
1517 -143.457 -267.36 298.186
1518 -103.283 -266.796 298.186
1519 -66.952 -266.383 298.186
1520 -32.932 -266.132 298.186
1521 0 -266.047 298.186
1522 32.932 -266.132 298.186
1523 66.952 -266.383 298.186
1524 103.283 -266.796 298.186
1525 143.457 -267.36 298.186
1526 189.526 -267.966 298.186
1527 244.682 -268.666 298.186
1528 255.161 -267.296 298.186
1529 264.62 -262.797 298.186
1530 272.113 -255.595 298.186
1531 276.897 -246.397 298.186
1532 278.217 -235.872 298.186
1533 277.422 -174.926 298.186
1534 276.777 -124.242 298.186
1535 276.305 -79.83799999999999 298.186
1536 276.017 -39.078 298.186
1537 293.462 0 300
1538 293.462 41.548 300
1539 293.462 84.795 300
1540 293.462 131.732 300
1541 293.462 185.039 300
1542 293.462 248.797 300
1543 291.749 259.613 300
1544 286.778 269.37 300
1545 279.035 277.113 300
1546 269.278 282.084 300
1547 258.462 283.797 300
1548 200.723 283.797 300
1549 152.277 283.797 300
1550 109.864 283.797 300
1551 71.32899999999999 283.797 300
1552 35.118 283.797 300
1553 0 283.797 300
1554 -35.118 283.797 300
1555 -71.32899999999999 283.797 300
1556 -109.864 283.797 300
1557 -152.277 283.797 300
1558 -200.723 283.797 300
1559 -258.462 283.797 300
1560 -269.278 282.084 300
1561 -279.035 277.113 300
1562 -286.778 269.37 300
1563 -291.749 259.613 300
1564 -293.462 248.797 300
1565 -293.462 185.039 300
1566 -293.462 131.732 300
1567 -293.462 84.795 300
1568 -293.462 41.548 300
1569 -293.462 0 300
1570 -293.462 -41.548 300
1571 -293.462 -84.795 300
1572 -293.462 -131.732 300
1573 -293.462 -185.039 300
1574 -293.462 -248.797 300
1575 -291.749 -259.613 300
1576 -286.778 -269.37 300
1577 -279.035 -277.113 300
1578 -269.278 -282.084 300
1579 -258.462 -283.797 300
1580 -200.723 -283.797 300
1581 -152.277 -283.797 300
1582 -109.864 -283.797 300
1583 -71.32899999999999 -283.797 300
1584 -35.118 -283.797 300
1585 0 -283.797 300
1586 35.118 -283.797 300
1587 71.32899999999999 -283.797 300
1588 109.864 -283.797 300
1589 152.277 -283.797 300
1590 200.723 -283.797 300
1591 258.462 -283.797 300
1592 269.278 -282.084 300
1593 279.035 -277.113 300
1594 286.778 -269.37 300
1595 291.749 -259.613 300
1596 293.462 -248.797 300
1597 293.462 -185.039 300
1598 293.462 -131.732 300
1599 293.462 -84.795 300
1600 293.462 -41.548 300
1601 236.4434999999982 174.8659999999445 290.293
1602 -236.4435000000018 174.8660000000555 290.293
1603 -236.4434999999982 -174.8659999999445 290.293
1604 236.4435000000018 -174.8660000000555 290.293
1605 258.6509999999981 191.2634999999223 295.059
1606 201.6630000000666 249.1975000000016 295.059
1607 -201.6629999999334 249.1974999999984 295.059
1608 -258.6510000000019 191.2635000000777 295.059
1609 -258.6509999999981 -191.2634999999223 295.059
1610 -201.6630000000666 -249.1975000000016 295.059
1611 201.6629999999334 -249.1974999999984 295.059
1612 258.6510000000019 -191.2635000000777 295.059
1613 277.0994999999995 149.5839999999583 298.186
1614 277.8194999999992 205.3989999999334 298.186
1615 217.1040000000721 268.3160000000009 298.186
1616 -217.1039999999223 268.315999999999 298.186
1617 -277.8195000000009 205.3990000000666 298.186
1618 -277.0995000000009 149.584000000075 298.186
1619 -277.0994999999995 -149.5839999999583 298.186
1620 -277.8194999999992 -205.3989999999334 298.186
1621 -217.1040000000721 -268.3160000000009 298.186
1622 217.1039999999223 -268.315999999999 298.186
1623 277.8195000000009 -205.3990000000666 298.186
1624 277.0995000000009 -149.584000000075 298.186
1625 293.462 158.3854999999334 300
1626 293.462 216.9179999998834 300
1627 229.5925000000833 283.797 300
1628 -229.5924999999056 283.797 300
1629 -293.462 216.9180000000722 300
1630 -293.462 158.3855000000611 300
1631 -293.462 -158.3854999999334 300
1632 -293.462 -216.9179999998834 300
1633 -229.5925000000833 -283.797 300
1634 229.5924999999056 -283.797 300
1635 293.462 -216.9180000000722 300
1636 293.462 -158.3855000000611 300
1637 12.92288514477887 0.9100409969052039 1.594073547890342
1638 12.66909900617254 2.712744918362333 1.59391489799422
1639 12.16525495003459 4.462714929051211 1.59388237642509
1640 11.42183766589221 6.125405048157644 1.593857800497628
1641 10.45417480228646 7.668988767981657 1.593656184207438
1642 8.121964320201856 10.10257774114532 1.591725830822572
1643 6.819020949138854 11.02173498462327 1.591441349446933
1644 5.412822990999524 11.77370195574254 1.591429999411702
1645 3.925537389668926 12.34819253472333 1.59150283415766
1646 2.379435860470261 12.73577606659262 1.591442772841521
1647 0.7971654164082336 12.93093153107411 1.591369001833686
1648 -0.7971981965989932 12.93147718108492 1.591272808002433
1649 -2.379576576095541 12.73653788038273 1.591306464747403
1650 -3.925838999658913 12.34915089906955 1.591324844551999
1651 -5.413669667396436 11.77556998757567 1.591063766275702
1652 -6.819989305156729 11.02331809444513 1.591107592258331
1653 -8.123627748626154 10.10467614748623 1.591239382809038
1654 -10.4506182565392 7.66643474050089 1.594471655370445
1655 -11.41981205128322 6.124333480591533 1.594277689622284
1656 -12.16352749183291 4.462089485480992 1.594216115441985
1657 -12.66780811638178 2.712472424178782 1.594152897375731
1658 -12.92260205351305 0.9100213063394978 1.594124478883844
1659 -12.92288514477887 -0.9100409969052039 1.594073547890342
1660 -12.66909900617254 -2.712744918362333 1.59391489799422
1661 -12.16525495003459 -4.462714929051211 1.59388237642509
1662 -11.42183766589221 -6.125405048157644 1.593857800497628
1663 -10.45417480228646 -7.668988767981657 1.593656184207438
1664 -8.121964320201856 -10.10257774114532 1.591725830822572
1665 -6.819020949138854 -11.02173498462327 1.591441349446933
1666 -5.412822990999524 -11.77370195574254 1.591429999411702
1667 -3.925537389668926 -12.34819253472333 1.59150283415766
1668 -2.379435860470261 -12.73577606659262 1.591442772841521
1669 -0.7971654164082336 -12.93093153107411 1.591369001833686
1670 0.7971981965989932 -12.93147718108492 1.591272808002433
1671 2.379576576095541 -12.73653788038273 1.591306464747403
1672 3.925838999658913 -12.34915089906955 1.591324844551999
1673 5.413669667396436 -11.77556998757567 1.591063766275702
1674 6.819989305156729 -11.02331809444513 1.591107592258331
1675 8.123627748626154 -10.10467614748623 1.591239382809038
1676 10.4506182565392 -7.66643474050089 1.594471655370445
1677 11.41981205128322 -6.124333480591533 1.594277689622284
1678 12.16352749183291 -4.462089485480992 1.594216115441985
1679 12.66780811638178 -2.712472424178782 1.594152897375731
1680 12.92260205351305 -0.9100213063394978 1.594124478883844
1681 13.61774510981182 0.95891665165562 5.376959478036664
1682 13.35467335308362 2.859128543149238 5.376271740068034
1683 12.83226901849741 4.706527976369753 5.375648246391268
1684 12.06193179154405 6.467141604333895 5.374583578457877
1685 11.05879109434286 8.109339602115307 5.373404650390369
1686 -11.04389445571781 8.099417377334172 5.377135905913081
1687 -12.05095517484498 6.46167999548667 5.377027916086425
1688 -12.82560412961478 4.704217495899604 5.377010722228007
1689 -13.35091602198704 2.858363045209388 5.37699862271016
1690 -13.61679656324158 0.9588523898436841 5.377137841567423
1691 -13.61774510981182 -0.95891665165562 5.376959478036664
1692 -13.35467335308362 -2.859128543149238 5.376271740068034
1693 -12.83226901849741 -4.706527976369753 5.375648246391268
1694 -12.06193179154405 -6.467141604333895 5.374583578457877
1695 -11.05879109434286 -8.109339602115307 5.373404650390369
1696 11.04389445571781 -8.099417377334172 5.377135905913081
1697 12.05095517484498 -6.46167999548667 5.377027916086425
1698 12.82560412961478 -4.704217495899604 5.377010722228007
1699 13.35091602198704 -2.858363045209388 5.37699862271016
1700 13.61679656324158 -0.9588523898436841 5.377137841567423
1701 84.70323994045519 5.994997822150381 210.5006876366818
1702 -84.69177111734719 5.995002173654064 210.5103143093834
1703 -84.70323994045519 -5.994997822150381 210.5006876366818
1704 84.69177111734719 -5.995002173654063 210.5103143093834
1705 102.865920221968 7.083457497771092 229.1078315281079
1706 -102.8572600552271 7.083494247283145 229.1176582148873
1707 -102.865920221968 -7.083457497771092 229.1078315281079
1708 102.8572600552271 -7.083494247283146 229.1176582148873
1709 123.9637744341807 8.367317967297254 245.3111739600826
1710 6.652182876820259 111.5726254839124 245.3073614823838
1711 -6.652238971141021 111.5691862910858 245.3124862202045
1712 -123.9576918190664 8.367360825094057 245.320256249555
1713 -123.9637744341807 -8.367317967297254 245.3111739600826
1714 -6.652182876820259 -111.5726254839124 245.3073614823838
1715 6.652238971141021 -111.5691862910858 245.3124862202045
1716 123.9576918190664 -8.367360825094057 245.320256249555
1717 147.4828747334712 9.852235463956582 259.2562436727422
1718 8.099735356355691 135.232108383405 259.2586738358607
1719 -8.09978194683802 135.2288248355117 259.2650359179709
1720 -147.479810888474 9.852260831633833 259.2621216723561
1721 -147.4828747334712 -9.852235463956582 259.2562436727422
1722 -8.099735356355691 -135.232108383405 259.2586738358607
1723 8.09978194683802 -135.2288248355117 259.2650359179709
1724 147.479810888474 -9.852260831633835 259.2621216723562
1725 171.8791044265433 11.22388717565394 270.6849533107397
1726 9.445063615155721 159.9963706091579 270.6920053112542
1727 -9.445096021520254 159.9935795692015 270.6988408983705
1728 -171.8781051564504 11.2238956934597 270.6873602063057
1729 -171.8791044265433 -11.22388717565394 270.6849533107397
1730 -9.445063615155721 -159.9963706091579 270.6920053112542
1731 9.445096021520254 -159.9935795692015 270.6988408983705
1732 171.8781051564504 -11.2238956934597 270.6873602063057
1733 196.5265566519199 13.91950147688736 279.9125788009195
1734 10.76715532312015 185.0073940298873 279.8818608404039
1735 -10.76717608623682 185.0049962710613 279.8891816606183
1736 -196.5269434567482 13.91949852228259 279.9114210546073
1737 -196.5265566519199 -13.91950147688736 279.9125788009195
1738 -10.76715532312015 -185.0073940298873 279.8818608404039
1739 10.76717608623682 -185.0049962710613 279.8891816606183
1740 196.5269434567482 -13.91949852228259 279.9114210546073
1741 220.596236621933 15.62375338528748 287.1649241016306
1742 218.9235248853171 44.87469253478032 286.617259098507
1743 -218.9271421335727 44.87463225296724 286.6037842055812
1744 -220.5972646426967 15.62374660637337 287.1610736988927
1745 -220.596236621933 -15.62375338528748 287.1649241016306
1746 -218.9235248853171 -44.87469253478032 286.617259098507
1747 218.9271421335727 -44.87463225296724 286.6037842055812
1748 220.5972646426967 -15.62374660637337 287.1610736988927
1749 243.8358890409784 17.26800292268307 292.6789540368636
1750 41.44513458765513 232.0077124551076 292.3106794781173
1751 14.44624616131456 233.3927279827007 292.6724209243897
1752 -14.44625381572592 233.391276371428 292.6795687976473
1753 -41.44518248239186 232.0027218882273 292.3350040925974
1754 -243.8371139996139 17.26799706277145 292.6730389367386
1755 -243.8358890409784 -17.26800292268307 292.6789540368636
1756 -41.44513458765513 -232.0077124551076 292.3106794781173
1757 -14.44624616131456 -233.3927279827007 292.6724209243897
1758 14.44625381572592 -233.391276371428 292.6795687976473
1759 41.44518248239186 -232.0027218882273 292.3350040925974
1760 243.8371139996139 -17.26799706277145 292.6730389367386
1761 265.6577788091402 18.81050115753934 296.6256131445995
1762 46.97702794105526 254.9206859445139 296.4732270247778
1763 15.81874884762072 255.6101964724072 296.6195137153202
1764 -15.81875114362493 255.6093069193388 296.6254751725755
1765 -46.97704134767783 254.9177227037464 296.4928817368208
1766 -265.6587249660471 18.81049883318643 296.6193746958577
1767 -265.6577788091402 -18.81050115753934 296.6256131445995
1768 -46.97702794105526 -254.9206859445139 296.4732270247778
1769 -15.81874884762072 -255.6101964724072 296.6195137153202
1770 15.81875114362493 -255.6093069193388 296.6254751725755
1771 46.97704134767783 -254.9177227037464 296.4928817368208
1772 265.6587249660471 -18.81049883318643 296.6193746958577
1773 284.7152460447759 20.1565 299.0954556938158
1774 275.6367935816978 266.2190435816977 299.0883972086638
1775 17.0125 274.943471743323 299.0908406307607
1776 -17.0125 274.9430303534318 299.0951492428804
1777 -275.6362122884296 266.2184622884296 299.0975569135228
1778 -284.7157567279696 20.1565 299.0905310807989
1779 -284.7152460447759 -20.1565 299.0954556938158
1780 -275.6367935816978 -266.2190435816977 299.0883972086638
1781 -17.0125 -274.943471743323 299.0908406307607
1782 17.0125 -274.9430303534318 299.0951492428804
1783 275.6362122884296 -266.2184622884296 299.0975569135228
1784 284.7157567279696 -20.1565 299.0905310807989
$EndNodes
$Elements
8200
1 15 2 0 1 1
2 15 2 0 2 2
3 15 2 0 3 3
4 15 2 0 4 4
5 15 2 0 5 5
6 15 2 0 6 6
7 15 2 0 7 7
8 15 2 0 8 8
9 15 2 0 9 9
10 15 2 0 10 10
11 15 2 0 11 11
12 15 2 0 12 12
13 15 2 0 13 13
14 15 2 0 14 14
15 15 2 0 15 15
16 15 2 0 16 16
17 15 2 0 17 17
18 15 2 0 18 18
19 15 2 0 19 19
20 15 2 0 20 20
21 15 2 0 21 21
22 15 2 0 22 22
23 15 2 0 23 23
24 15 2 0 24 24
25 15 2 0 25 25
26 15 2 0 26 26
27 15 2 0 27 27
28 15 2 0 28 28
29 15 2 0 29 29
30 15 2 0 30 30
31 15 2 0 31 31
32 15 2 0 32 32
33 15 2 0 33 33
34 15 2 0 34 34
35 15 2 0 35 35
36 15 2 0 36 36
37 15 2 0 37 37
38 15 2 0 38 38
39 15 2 0 39 39
40 15 2 0 40 40
41 15 2 0 41 41
42 15 2 0 42 42
43 15 2 0 43 43
44 15 2 0 44 44
45 15 2 0 45 45
46 15 2 0 46 46
47 15 2 0 47 47
48 15 2 0 48 48
49 15 2 0 49 49
50 15 2 0 50 50
51 15 2 0 51 51
52 15 2 0 52 52
53 15 2 0 53 53
54 15 2 0 54 54
55 15 2 0 55 55
56 15 2 0 56 56
57 15 2 0 57 57
58 15 2 0 58 58
59 15 2 0 59 59
60 15 2 0 60 60
61 15 2 0 61 61
62 15 2 0 62 62
63 15 2 0 63 63
64 15 2 0 64 64
65 15 2 0 65 65
66 15 2 0 66 66
67 15 2 0 67 67
68 15 2 0 68 68
69 15 2 0 69 69
70 15 2 0 70 70
71 15 2 0 71 71
72 15 2 0 72 72
73 15 2 0 73 73
74 15 2 0 74 74
75 15 2 0 75 75
76 15 2 0 76 76
77 15 2 0 77 77
78 15 2 0 78 78
79 15 2 0 79 79
80 15 2 0 80 80
81 15 2 0 81 81
82 15 2 0 82 82
83 15 2 0 83 83
84 15 2 0 84 84
85 15 2 0 85 85
86 15 2 0 86 86
87 15 2 0 87 87
88 15 2 0 88 88
89 15 2 0 89 89
90 15 2 0 90 90
91 15 2 0 91 91
92 15 2 0 92 92
93 15 2 0 93 93
94 15 2 0 94 94
95 15 2 0 95 95
96 15 2 0 96 96
97 15 2 0 97 97
98 15 2 0 98 98
99 15 2 0 99 99
100 15 2 0 100 100
101 15 2 0 101 101
102 15 2 0 102 102
103 15 2 0 103 103
104 15 2 0 104 104
105 15 2 0 105 105
106 15 2 0 106 106
107 15 2 0 107 107
108 15 2 0 108 108
109 15 2 0 109 109
110 15 2 0 110 110
111 15 2 0 111 111
112 15 2 0 112 112
113 15 2 0 113 113
114 15 2 0 114 114
115 15 2 0 115 115
116 15 2 0 116 116
117 15 2 0 117 117
118 15 2 0 118 118
119 15 2 0 119 119
120 15 2 0 120 120
121 15 2 0 121 121
122 15 2 0 122 122
123 15 2 0 123 123
124 15 2 0 124 124
125 15 2 0 125 125
126 15 2 0 126 126
127 15 2 0 127 127
128 15 2 0 128 128
129 15 2 0 129 129
130 15 2 0 130 130
131 15 2 0 131 131
132 15 2 0 132 132
133 15 2 0 133 133
134 15 2 0 134 134
135 15 2 0 135 135
136 15 2 0 136 136
137 15 2 0 137 137
138 15 2 0 138 138
139 15 2 0 139 139
140 15 2 0 140 140
141 15 2 0 141 141
142 15 2 0 142 142
143 15 2 0 143 143
144 15 2 0 144 144
145 15 2 0 145 145
146 15 2 0 146 146
147 15 2 0 147 147
148 15 2 0 148 148
149 15 2 0 149 149
150 15 2 0 150 150
151 15 2 0 151 151
152 15 2 0 152 152
153 15 2 0 153 153
154 15 2 0 154 154
155 15 2 0 155 155
156 15 2 0 156 156
157 15 2 0 157 157
158 15 2 0 158 158
159 15 2 0 159 159
160 15 2 0 160 160
161 15 2 0 161 161
162 15 2 0 162 162
163 15 2 0 163 163
164 15 2 0 164 164
165 15 2 0 165 165
166 15 2 0 166 166
167 15 2 0 167 167
168 15 2 0 168 168
169 15 2 0 169 169
170 15 2 0 170 170
171 15 2 0 171 171
172 15 2 0 172 172
173 15 2 0 173 173
174 15 2 0 174 174
175 15 2 0 175 175
176 15 2 0 176 176
177 15 2 0 177 177
178 15 2 0 178 178
179 15 2 0 179 179
180 15 2 0 180 180
181 15 2 0 181 181
182 15 2 0 182 182
183 15 2 0 183 183
184 15 2 0 184 184
185 15 2 0 185 185
186 15 2 0 186 186
187 15 2 0 187 187
188 15 2 0 188 188
189 15 2 0 189 189
190 15 2 0 190 190
191 15 2 0 191 191
192 15 2 0 192 192
193 15 2 0 193 193
194 15 2 0 194 194
195 15 2 0 195 195
196 15 2 0 196 196
197 15 2 0 197 197
198 15 2 0 198 198
199 15 2 0 199 199
200 15 2 0 200 200
201 15 2 0 201 201
202 15 2 0 202 202
203 15 2 0 203 203
204 15 2 0 204 204
205 15 2 0 205 205
206 15 2 0 206 206
207 15 2 0 207 207
208 15 2 0 208 208
209 15 2 0 209 209
210 15 2 0 210 210
211 15 2 0 211 211
212 15 2 0 212 212
213 15 2 0 213 213
214 15 2 0 214 214
215 15 2 0 215 215
216 15 2 0 216 216
217 15 2 0 217 217
218 15 2 0 218 218
219 15 2 0 219 219
220 15 2 0 220 220
221 15 2 0 221 221
222 15 2 0 222 222
223 15 2 0 223 223
224 15 2 0 224 224
225 15 2 0 225 225
226 15 2 0 226 226
227 15 2 0 227 227
228 15 2 0 228 228
229 15 2 0 229 229
230 15 2 0 230 230
231 15 2 0 231 231
232 15 2 0 232 232
233 15 2 0 233 233
234 15 2 0 234 234
235 15 2 0 235 235
236 15 2 0 236 236
237 15 2 0 237 237
238 15 2 0 238 238
239 15 2 0 239 239
240 15 2 0 240 240
241 15 2 0 241 241
242 15 2 0 242 242
243 15 2 0 243 243
244 15 2 0 244 244
245 15 2 0 245 245
246 15 2 0 246 246
247 15 2 0 247 247
248 15 2 0 248 248
249 15 2 0 249 249
250 15 2 0 250 250
251 15 2 0 251 251
252 15 2 0 252 252
253 15 2 0 253 253
254 15 2 0 254 254
255 15 2 0 255 255
256 15 2 0 256 256
257 15 2 0 257 257
258 15 2 0 258 258
259 15 2 0 259 259
260 15 2 0 260 260
261 15 2 0 261 261
262 15 2 0 262 262
263 15 2 0 263 263
264 15 2 0 264 264
265 15 2 0 265 265
266 15 2 0 266 266
267 15 2 0 267 267
268 15 2 0 268 268
269 15 2 0 269 269
270 15 2 0 270 270
271 15 2 0 271 271
272 15 2 0 272 272
273 15 2 0 273 273
274 15 2 0 274 274
275 15 2 0 275 275
276 15 2 0 276 276
277 15 2 0 277 277
278 15 2 0 278 278
279 15 2 0 279 279
280 15 2 0 280 280
281 15 2 0 281 281
282 15 2 0 282 282
283 15 2 0 283 283
284 15 2 0 284 284
285 15 2 0 285 285
286 15 2 0 286 286
287 15 2 0 287 287
288 15 2 0 288 288
289 15 2 0 289 289
290 15 2 0 290 290
291 15 2 0 291 291
292 15 2 0 292 292
293 15 2 0 293 293
294 15 2 0 294 294
295 15 2 0 295 295
296 15 2 0 296 296
297 15 2 0 297 297
298 15 2 0 298 298
299 15 2 0 299 299
300 15 2 0 300 300
301 15 2 0 301 301
302 15 2 0 302 302
303 15 2 0 303 303
304 15 2 0 304 304
305 15 2 0 305 305
306 15 2 0 306 306
307 15 2 0 307 307
308 15 2 0 308 308
309 15 2 0 309 309
310 15 2 0 310 310
311 15 2 0 311 311
312 15 2 0 312 312
313 15 2 0 313 313
314 15 2 0 314 314
315 15 2 0 315 315
316 15 2 0 316 316
317 15 2 0 317 317
318 15 2 0 318 318
319 15 2 0 319 319
320 15 2 0 320 320
321 15 2 0 321 321
322 15 2 0 322 322
323 15 2 0 323 323
324 15 2 0 324 324
325 15 2 0 325 325
326 15 2 0 326 326
327 15 2 0 327 327
328 15 2 0 328 328
329 15 2 0 329 329
330 15 2 0 330 330
331 15 2 0 331 331
332 15 2 0 332 332
333 15 2 0 333 333
334 15 2 0 334 334
335 15 2 0 335 335
336 15 2 0 336 336
337 15 2 0 337 337
338 15 2 0 338 338
339 15 2 0 339 339
340 15 2 0 340 340
341 15 2 0 341 341
342 15 2 0 342 342
343 15 2 0 343 343
344 15 2 0 344 344
345 15 2 0 345 345
346 15 2 0 346 346
347 15 2 0 347 347
348 15 2 0 348 348
349 15 2 0 349 349
350 15 2 0 350 350
351 15 2 0 351 351
352 15 2 0 352 352
353 15 2 0 353 353
354 15 2 0 354 354
355 15 2 0 355 355
356 15 2 0 356 356
357 15 2 0 357 357
358 15 2 0 358 358
359 15 2 0 359 359
360 15 2 0 360 360
361 15 2 0 361 361
362 15 2 0 362 362
363 15 2 0 363 363
364 15 2 0 364 364
365 15 2 0 365 365
366 15 2 0 366 366
367 15 2 0 367 367
368 15 2 0 368 368
369 15 2 0 369 369
370 15 2 0 370 370
371 15 2 0 371 371
372 15 2 0 372 372
373 15 2 0 373 373
374 15 2 0 374 374
375 15 2 0 375 375
376 15 2 0 376 376
377 15 2 0 377 377
378 15 2 0 378 378
379 15 2 0 379 379
380 15 2 0 380 380
381 15 2 0 381 381
382 15 2 0 382 382
383 15 2 0 383 383
384 15 2 0 384 384
385 15 2 0 385 385
386 15 2 0 386 386
387 15 2 0 387 387
388 15 2 0 388 388
389 15 2 0 389 389
390 15 2 0 390 390
391 15 2 0 391 391
392 15 2 0 392 392
393 15 2 0 393 393
394 15 2 0 394 394
395 15 2 0 395 395
396 15 2 0 396 396
397 15 2 0 397 397
398 15 2 0 398 398
399 15 2 0 399 399
400 15 2 0 400 400
401 15 2 0 401 401
402 15 2 0 402 402
403 15 2 0 403 403
404 15 2 0 404 404
405 15 2 0 405 405
406 15 2 0 406 406
407 15 2 0 407 407
408 15 2 0 408 408
409 15 2 0 409 409
410 15 2 0 410 410
411 15 2 0 411 411
412 15 2 0 412 412
413 15 2 0 413 413
414 15 2 0 414 414
415 15 2 0 415 415
416 15 2 0 416 416
417 15 2 0 417 417
418 15 2 0 418 418
419 15 2 0 419 419
420 15 2 0 420 420
421 15 2 0 421 421
422 15 2 0 422 422
423 15 2 0 423 423
424 15 2 0 424 424
425 15 2 0 425 425
426 15 2 0 426 426
427 15 2 0 427 427
428 15 2 0 428 428
429 15 2 0 429 429
430 15 2 0 430 430
431 15 2 0 431 431
432 15 2 0 432 432
433 15 2 0 433 433
434 15 2 0 434 434
435 15 2 0 435 435
436 15 2 0 436 436
437 15 2 0 437 437
438 15 2 0 438 438
439 15 2 0 439 439
440 15 2 0 440 440
441 15 2 0 441 441
442 15 2 0 442 442
443 15 2 0 443 443
444 15 2 0 444 444
445 15 2 0 445 445
446 15 2 0 446 446
447 15 2 0 447 447
448 15 2 0 448 448
449 15 2 0 449 449
450 15 2 0 450 450
451 15 2 0 451 451
452 15 2 0 452 452
453 15 2 0 453 453
454 15 2 0 454 454
455 15 2 0 455 455
456 15 2 0 456 456
457 15 2 0 457 457
458 15 2 0 458 458
459 15 2 0 459 459
460 15 2 0 460 460
461 15 2 0 461 461
462 15 2 0 462 462
463 15 2 0 463 463
464 15 2 0 464 464
465 15 2 0 465 465
466 15 2 0 466 466
467 15 2 0 467 467
468 15 2 0 468 468
469 15 2 0 469 469
470 15 2 0 470 470
471 15 2 0 471 471
472 15 2 0 472 472
473 15 2 0 473 473
474 15 2 0 474 474
475 15 2 0 475 475
476 15 2 0 476 476
477 15 2 0 477 477
478 15 2 0 478 478
479 15 2 0 479 479
480 15 2 0 480 480
481 15 2 0 481 481
482 15 2 0 482 482
483 15 2 0 483 483
484 15 2 0 484 484
485 15 2 0 485 485
486 15 2 0 486 486
487 15 2 0 487 487
488 15 2 0 488 488
489 15 2 0 489 489
490 15 2 0 490 490
491 15 2 0 491 491
492 15 2 0 492 492
493 15 2 0 493 493
494 15 2 0 494 494
495 15 2 0 495 495
496 15 2 0 496 496
497 15 2 0 497 497
498 15 2 0 498 498
499 15 2 0 499 499
500 15 2 0 500 500
501 15 2 0 501 501
502 15 2 0 502 502
503 15 2 0 503 503
504 15 2 0 504 504
505 15 2 0 505 505
506 15 2 0 506 506
507 15 2 0 507 507
508 15 2 0 508 508
509 15 2 0 509 509
510 15 2 0 510 510
511 15 2 0 511 511
512 15 2 0 512 512
513 15 2 0 513 513
514 15 2 0 514 514
515 15 2 0 515 515
516 15 2 0 516 516
517 15 2 0 517 517
518 15 2 0 518 518
519 15 2 0 519 519
520 15 2 0 520 520
521 15 2 0 521 521
522 15 2 0 522 522
523 15 2 0 523 523
524 15 2 0 524 524
525 15 2 0 525 525
526 15 2 0 526 526
527 15 2 0 527 527
528 15 2 0 528 528
529 15 2 0 529 529
530 15 2 0 530 530
531 15 2 0 531 531
532 15 2 0 532 532
533 15 2 0 533 533
534 15 2 0 534 534
535 15 2 0 535 535
536 15 2 0 536 536
537 15 2 0 537 537
538 15 2 0 538 538
539 15 2 0 539 539
540 15 2 0 540 540
541 15 2 0 541 541
542 15 2 0 542 542
543 15 2 0 543 543
544 15 2 0 544 544
545 15 2 0 545 545
546 15 2 0 546 546
547 15 2 0 547 547
548 15 2 0 548 548
549 15 2 0 549 549
550 15 2 0 550 550
551 15 2 0 551 551
552 15 2 0 552 552
553 15 2 0 553 553
554 15 2 0 554 554
555 15 2 0 555 555
556 15 2 0 556 556
557 15 2 0 557 557
558 15 2 0 558 558
559 15 2 0 559 559
560 15 2 0 560 560
561 15 2 0 561 561
562 15 2 0 562 562
563 15 2 0 563 563
564 15 2 0 564 564
565 15 2 0 565 565
566 15 2 0 566 566
567 15 2 0 567 567
568 15 2 0 568 568
569 15 2 0 569 569
570 15 2 0 570 570
571 15 2 0 571 571
572 15 2 0 572 572
573 15 2 0 573 573
574 15 2 0 574 574
575 15 2 0 575 575
576 15 2 0 576 576
577 15 2 0 577 577
578 15 2 0 578 578
579 15 2 0 579 579
580 15 2 0 580 580
581 15 2 0 581 581
582 15 2 0 582 582
583 15 2 0 583 583
584 15 2 0 584 584
585 15 2 0 585 585
586 15 2 0 586 586
587 15 2 0 587 587
588 15 2 0 588 588
589 15 2 0 589 589
590 15 2 0 590 590
591 15 2 0 591 591
592 15 2 0 592 592
593 15 2 0 593 593
594 15 2 0 594 594
595 15 2 0 595 595
596 15 2 0 596 596
597 15 2 0 597 597
598 15 2 0 598 598
599 15 2 0 599 599
600 15 2 0 600 600
601 15 2 0 601 601
602 15 2 0 602 602
603 15 2 0 603 603
604 15 2 0 604 604
605 15 2 0 605 605
606 15 2 0 606 606
607 15 2 0 607 607
608 15 2 0 608 608
609 15 2 0 609 609
610 15 2 0 610 610
611 15 2 0 611 611
612 15 2 0 612 612
613 15 2 0 613 613
614 15 2 0 614 614
615 15 2 0 615 615
616 15 2 0 616 616
617 15 2 0 617 617
618 15 2 0 618 618
619 15 2 0 619 619
620 15 2 0 620 620
621 15 2 0 621 621
622 15 2 0 622 622
623 15 2 0 623 623
624 15 2 0 624 624
625 15 2 0 625 625
626 15 2 0 626 626
627 15 2 0 627 627
628 15 2 0 628 628
629 15 2 0 629 629
630 15 2 0 630 630
631 15 2 0 631 631
632 15 2 0 632 632
633 15 2 0 633 633
634 15 2 0 634 634
635 15 2 0 635 635
636 15 2 0 636 636
637 15 2 0 637 637
638 15 2 0 638 638
639 15 2 0 639 639
640 15 2 0 640 640
641 15 2 0 641 641
642 15 2 0 642 642
643 15 2 0 643 643
644 15 2 0 644 644
645 15 2 0 645 645
646 15 2 0 646 646
647 15 2 0 647 647
648 15 2 0 648 648
649 15 2 0 649 649
650 15 2 0 650 650
651 15 2 0 651 651
652 15 2 0 652 652
653 15 2 0 653 653
654 15 2 0 654 654
655 15 2 0 655 655
656 15 2 0 656 656
657 15 2 0 657 657
658 15 2 0 658 658
659 15 2 0 659 659
660 15 2 0 660 660
661 15 2 0 661 661
662 15 2 0 662 662
663 15 2 0 663 663
664 15 2 0 664 664
665 15 2 0 665 665
666 15 2 0 666 666
667 15 2 0 667 667
668 15 2 0 668 668
669 15 2 0 669 669
670 15 2 0 670 670
671 15 2 0 671 671
672 15 2 0 672 672
673 15 2 0 673 673
674 15 2 0 674 674
675 15 2 0 675 675
676 15 2 0 676 676
677 15 2 0 677 677
678 15 2 0 678 678
679 15 2 0 679 679
680 15 2 0 680 680
681 15 2 0 681 681
682 15 2 0 682 682
683 15 2 0 683 683
684 15 2 0 684 684
685 15 2 0 685 685
686 15 2 0 686 686
687 15 2 0 687 687
688 15 2 0 688 688
689 15 2 0 689 689
690 15 2 0 690 690
691 15 2 0 691 691
692 15 2 0 692 692
693 15 2 0 693 693
694 15 2 0 694 694
695 15 2 0 695 695
696 15 2 0 696 696
697 15 2 0 697 697
698 15 2 0 698 698
699 15 2 0 699 699
700 15 2 0 700 700
701 15 2 0 701 701
702 15 2 0 702 702
703 15 2 0 703 703
704 15 2 0 704 704
705 15 2 0 705 705
706 15 2 0 706 706
707 15 2 0 707 707
708 15 2 0 708 708
709 15 2 0 709 709
710 15 2 0 710 710
711 15 2 0 711 711
712 15 2 0 712 712
713 15 2 0 713 713
714 15 2 0 714 714
715 15 2 0 715 715
716 15 2 0 716 716
717 15 2 0 717 717
718 15 2 0 718 718
719 15 2 0 719 719
720 15 2 0 720 720
721 15 2 0 721 721
722 15 2 0 722 722
723 15 2 0 723 723
724 15 2 0 724 724
725 15 2 0 725 725
726 15 2 0 726 726
727 15 2 0 727 727
728 15 2 0 728 728
729 15 2 0 729 729
730 15 2 0 730 730
731 15 2 0 731 731
732 15 2 0 732 732
733 15 2 0 733 733
734 15 2 0 734 734
735 15 2 0 735 735
736 15 2 0 736 736
737 15 2 0 737 737
738 15 2 0 738 738
739 15 2 0 739 739
740 15 2 0 740 740
741 15 2 0 741 741
742 15 2 0 742 742
743 15 2 0 743 743
744 15 2 0 744 744
745 15 2 0 745 745
746 15 2 0 746 746
747 15 2 0 747 747
748 15 2 0 748 748
749 15 2 0 749 749
750 15 2 0 750 750
751 15 2 0 751 751
752 15 2 0 752 752
753 15 2 0 753 753
754 15 2 0 754 754
755 15 2 0 755 755
756 15 2 0 756 756
757 15 2 0 757 757
758 15 2 0 758 758
759 15 2 0 759 759
760 15 2 0 760 760
761 15 2 0 761 761
762 15 2 0 762 762
763 15 2 0 763 763
764 15 2 0 764 764
765 15 2 0 765 765
766 15 2 0 766 766
767 15 2 0 767 767
768 15 2 0 768 768
769 15 2 0 769 769
770 15 2 0 770 770
771 15 2 0 771 771
772 15 2 0 772 772
773 15 2 0 773 773
774 15 2 0 774 774
775 15 2 0 775 775
776 15 2 0 776 776
777 15 2 0 777 777
778 15 2 0 778 778
779 15 2 0 779 779
780 15 2 0 780 780
781 15 2 0 781 781
782 15 2 0 782 782
783 15 2 0 783 783
784 15 2 0 784 784
785 15 2 0 785 785
786 15 2 0 786 786
787 15 2 0 787 787
788 15 2 0 788 788
789 15 2 0 789 789
790 15 2 0 790 790
791 15 2 0 791 791
792 15 2 0 792 792
793 15 2 0 793 793
794 15 2 0 794 794
795 15 2 0 795 795
796 15 2 0 796 796
797 15 2 0 797 797
798 15 2 0 798 798
799 15 2 0 799 799
800 15 2 0 800 800
801 15 2 0 801 801
802 15 2 0 802 802
803 15 2 0 803 803
804 15 2 0 804 804
805 15 2 0 805 805
806 15 2 0 806 806
807 15 2 0 807 807
808 15 2 0 808 808
809 15 2 0 809 809
810 15 2 0 810 810
811 15 2 0 811 811
812 15 2 0 812 812
813 15 2 0 813 813
814 15 2 0 814 814
815 15 2 0 815 815
816 15 2 0 816 816
817 15 2 0 817 817
818 15 2 0 818 818
819 15 2 0 819 819
820 15 2 0 820 820
821 15 2 0 821 821
822 15 2 0 822 822
823 15 2 0 823 823
824 15 2 0 824 824
825 15 2 0 825 825
826 15 2 0 826 826
827 15 2 0 827 827
828 15 2 0 828 828
829 15 2 0 829 829
830 15 2 0 830 830
831 15 2 0 831 831
832 15 2 0 832 832
833 15 2 0 833 833
834 15 2 0 834 834
835 15 2 0 835 835
836 15 2 0 836 836
837 15 2 0 837 837
838 15 2 0 838 838
839 15 2 0 839 839
840 15 2 0 840 840
841 15 2 0 841 841
842 15 2 0 842 842
843 15 2 0 843 843
844 15 2 0 844 844
845 15 2 0 845 845
846 15 2 0 846 846
847 15 2 0 847 847
848 15 2 0 848 848
849 15 2 0 849 849
850 15 2 0 850 850
851 15 2 0 851 851
852 15 2 0 852 852
853 15 2 0 853 853
854 15 2 0 854 854
855 15 2 0 855 855
856 15 2 0 856 856
857 15 2 0 857 857
858 15 2 0 858 858
859 15 2 0 859 859
860 15 2 0 860 860
861 15 2 0 861 861
862 15 2 0 862 862
863 15 2 0 863 863
864 15 2 0 864 864
865 15 2 0 865 865
866 15 2 0 866 866
867 15 2 0 867 867
868 15 2 0 868 868
869 15 2 0 869 869
870 15 2 0 870 870
871 15 2 0 871 871
872 15 2 0 872 872
873 15 2 0 873 873
874 15 2 0 874 874
875 15 2 0 875 875
876 15 2 0 876 876
877 15 2 0 877 877
878 15 2 0 878 878
879 15 2 0 879 879
880 15 2 0 880 880
881 15 2 0 881 881
882 15 2 0 882 882
883 15 2 0 883 883
884 15 2 0 884 884
885 15 2 0 885 885
886 15 2 0 886 886
887 15 2 0 887 887
888 15 2 0 888 888
889 15 2 0 889 889
890 15 2 0 890 890
891 15 2 0 891 891
892 15 2 0 892 892
893 15 2 0 893 893
894 15 2 0 894 894
895 15 2 0 895 895
896 15 2 0 896 896
897 15 2 0 897 897
898 15 2 0 898 898
899 15 2 0 899 899
900 15 2 0 900 900
901 15 2 0 901 901
902 15 2 0 902 902
903 15 2 0 903 903
904 15 2 0 904 904
905 15 2 0 905 905
906 15 2 0 906 906
907 15 2 0 907 907
908 15 2 0 908 908
909 15 2 0 909 909
910 15 2 0 910 910
911 15 2 0 911 911
912 15 2 0 912 912
913 15 2 0 913 913
914 15 2 0 914 914
915 15 2 0 915 915
916 15 2 0 916 916
917 15 2 0 917 917
918 15 2 0 918 918
919 15 2 0 919 919
920 15 2 0 920 920
921 15 2 0 921 921
922 15 2 0 922 922
923 15 2 0 923 923
924 15 2 0 924 924
925 15 2 0 925 925
926 15 2 0 926 926
927 15 2 0 927 927
928 15 2 0 928 928
929 15 2 0 929 929
930 15 2 0 930 930
931 15 2 0 931 931
932 15 2 0 932 932
933 15 2 0 933 933
934 15 2 0 934 934
935 15 2 0 935 935
936 15 2 0 936 936
937 15 2 0 937 937
938 15 2 0 938 938
939 15 2 0 939 939
940 15 2 0 940 940
941 15 2 0 941 941
942 15 2 0 942 942
943 15 2 0 943 943
944 15 2 0 944 944
945 15 2 0 945 945
946 15 2 0 946 946
947 15 2 0 947 947
948 15 2 0 948 948
949 15 2 0 949 949
950 15 2 0 950 950
951 15 2 0 951 951
952 15 2 0 952 952
953 15 2 0 953 953
954 15 2 0 954 954
955 15 2 0 955 955
956 15 2 0 956 956
957 15 2 0 957 957
958 15 2 0 958 958
959 15 2 0 959 959
960 15 2 0 960 960
961 15 2 0 961 961
962 15 2 0 962 962
963 15 2 0 963 963
964 15 2 0 964 964
965 15 2 0 965 965
966 15 2 0 966 966
967 15 2 0 967 967
968 15 2 0 968 968
969 15 2 0 969 969
970 15 2 0 970 970
971 15 2 0 971 971
972 15 2 0 972 972
973 15 2 0 973 973
974 15 2 0 974 974
975 15 2 0 975 975
976 15 2 0 976 976
977 15 2 0 977 977
978 15 2 0 978 978
979 15 2 0 979 979
980 15 2 0 980 980
981 15 2 0 981 981
982 15 2 0 982 982
983 15 2 0 983 983
984 15 2 0 984 984
985 15 2 0 985 985
986 15 2 0 986 986
987 15 2 0 987 987
988 15 2 0 988 988
989 15 2 0 989 989
990 15 2 0 990 990
991 15 2 0 991 991
992 15 2 0 992 992
993 15 2 0 993 993
994 15 2 0 994 994
995 15 2 0 995 995
996 15 2 0 996 996
997 15 2 0 997 997
998 15 2 0 998 998
999 15 2 0 999 999
1000 15 2 0 1000 1000
1001 15 2 0 1001 1001
1002 15 2 0 1002 1002
1003 15 2 0 1003 1003
1004 15 2 0 1004 1004
1005 15 2 0 1005 1005
1006 15 2 0 1006 1006
1007 15 2 0 1007 1007
1008 15 2 0 1008 1008
1009 15 2 0 1009 1009
1010 15 2 0 1010 1010
1011 15 2 0 1011 1011
1012 15 2 0 1012 1012
1013 15 2 0 1013 1013
1014 15 2 0 1014 1014
1015 15 2 0 1015 1015
1016 15 2 0 1016 1016
1017 15 2 0 1017 1017
1018 15 2 0 1018 1018
1019 15 2 0 1019 1019
1020 15 2 0 1020 1020
1021 15 2 0 1021 1021
1022 15 2 0 1022 1022
1023 15 2 0 1023 1023
1024 15 2 0 1024 1024
1025 15 2 0 1025 1025
1026 15 2 0 1026 1026
1027 15 2 0 1027 1027
1028 15 2 0 1028 1028
1029 15 2 0 1029 1029
1030 15 2 0 1030 1030
1031 15 2 0 1031 1031
1032 15 2 0 1032 1032
1033 15 2 0 1033 1033
1034 15 2 0 1034 1034
1035 15 2 0 1035 1035
1036 15 2 0 1036 1036
1037 15 2 0 1037 1037
1038 15 2 0 1038 1038
1039 15 2 0 1039 1039
1040 15 2 0 1040 1040
1041 15 2 0 1041 1041
1042 15 2 0 1042 1042
1043 15 2 0 1043 1043
1044 15 2 0 1044 1044
1045 15 2 0 1045 1045
1046 15 2 0 1046 1046
1047 15 2 0 1047 1047
1048 15 2 0 1048 1048
1049 15 2 0 1049 1049
1050 15 2 0 1050 1050
1051 15 2 0 1051 1051
1052 15 2 0 1052 1052
1053 15 2 0 1053 1053
1054 15 2 0 1054 1054
1055 15 2 0 1055 1055
1056 15 2 0 1056 1056
1057 15 2 0 1057 1057
1058 15 2 0 1058 1058
1059 15 2 0 1059 1059
1060 15 2 0 1060 1060
1061 15 2 0 1061 1061
1062 15 2 0 1062 1062
1063 15 2 0 1063 1063
1064 15 2 0 1064 1064
1065 15 2 0 1065 1065
1066 15 2 0 1066 1066
1067 15 2 0 1067 1067
1068 15 2 0 1068 1068
1069 15 2 0 1069 1069
1070 15 2 0 1070 1070
1071 15 2 0 1071 1071
1072 15 2 0 1072 1072
1073 15 2 0 1073 1073
1074 15 2 0 1074 1074
1075 15 2 0 1075 1075
1076 15 2 0 1076 1076
1077 15 2 0 1077 1077
1078 15 2 0 1078 1078
1079 15 2 0 1079 1079
1080 15 2 0 1080 1080
1081 15 2 0 1081 1081
1082 15 2 0 1082 1082
1083 15 2 0 1083 1083
1084 15 2 0 1084 1084
1085 15 2 0 1085 1085
1086 15 2 0 1086 1086
1087 15 2 0 1087 1087
1088 15 2 0 1088 1088
1089 15 2 0 1089 1089
1090 15 2 0 1090 1090
1091 15 2 0 1091 1091
1092 15 2 0 1092 1092
1093 15 2 0 1093 1093
1094 15 2 0 1094 1094
1095 15 2 0 1095 1095
1096 15 2 0 1096 1096
1097 15 2 0 1097 1097
1098 15 2 0 1098 1098
1099 15 2 0 1099 1099
1100 15 2 0 1100 1100
1101 15 2 0 1101 1101
1102 15 2 0 1102 1102
1103 15 2 0 1103 1103
1104 15 2 0 1104 1104
1105 15 2 0 1105 1105
1106 15 2 0 1106 1106
1107 15 2 0 1107 1107
1108 15 2 0 1108 1108
1109 15 2 0 1109 1109
1110 15 2 0 1110 1110
1111 15 2 0 1111 1111
1112 15 2 0 1112 1112
1113 15 2 0 1113 1113
1114 15 2 0 1114 1114
1115 15 2 0 1115 1115
1116 15 2 0 1116 1116
1117 15 2 0 1117 1117
1118 15 2 0 1118 1118
1119 15 2 0 1119 1119
1120 15 2 0 1120 1120
1121 15 2 0 1121 1121
1122 15 2 0 1122 1122
1123 15 2 0 1123 1123
1124 15 2 0 1124 1124
1125 15 2 0 1125 1125
1126 15 2 0 1126 1126
1127 15 2 0 1127 1127
1128 15 2 0 1128 1128
1129 15 2 0 1129 1129
1130 15 2 0 1130 1130
1131 15 2 0 1131 1131
1132 15 2 0 1132 1132
1133 15 2 0 1133 1133
1134 15 2 0 1134 1134
1135 15 2 0 1135 1135
1136 15 2 0 1136 1136
1137 15 2 0 1137 1137
1138 15 2 0 1138 1138
1139 15 2 0 1139 1139
1140 15 2 0 1140 1140
1141 15 2 0 1141 1141
1142 15 2 0 1142 1142
1143 15 2 0 1143 1143
1144 15 2 0 1144 1144
1145 15 2 0 1145 1145
1146 15 2 0 1146 1146
1147 15 2 0 1147 1147
1148 15 2 0 1148 1148
1149 15 2 0 1149 1149
1150 15 2 0 1150 1150
1151 15 2 0 1151 1151
1152 15 2 0 1152 1152
1153 15 2 0 1153 1153
1154 15 2 0 1154 1154
1155 15 2 0 1155 1155
1156 15 2 0 1156 1156
1157 15 2 0 1157 1157
1158 15 2 0 1158 1158
1159 15 2 0 1159 1159
1160 15 2 0 1160 1160
1161 15 2 0 1161 1161
1162 15 2 0 1162 1162
1163 15 2 0 1163 1163
1164 15 2 0 1164 1164
1165 15 2 0 1165 1165
1166 15 2 0 1166 1166
1167 15 2 0 1167 1167
1168 15 2 0 1168 1168
1169 15 2 0 1169 1169
1170 15 2 0 1170 1170
1171 15 2 0 1171 1171
1172 15 2 0 1172 1172
1173 15 2 0 1173 1173
1174 15 2 0 1174 1174
1175 15 2 0 1175 1175
1176 15 2 0 1176 1176
1177 15 2 0 1177 1177
1178 15 2 0 1178 1178
1179 15 2 0 1179 1179
1180 15 2 0 1180 1180
1181 15 2 0 1181 1181
1182 15 2 0 1182 1182
1183 15 2 0 1183 1183
1184 15 2 0 1184 1184
1185 15 2 0 1185 1185
1186 15 2 0 1186 1186
1187 15 2 0 1187 1187
1188 15 2 0 1188 1188
1189 15 2 0 1189 1189
1190 15 2 0 1190 1190
1191 15 2 0 1191 1191
1192 15 2 0 1192 1192
1193 15 2 0 1193 1193
1194 15 2 0 1194 1194
1195 15 2 0 1195 1195
1196 15 2 0 1196 1196
1197 15 2 0 1197 1197
1198 15 2 0 1198 1198
1199 15 2 0 1199 1199
1200 15 2 0 1200 1200
1201 15 2 0 1201 1201
1202 15 2 0 1202 1202
1203 15 2 0 1203 1203
1204 15 2 0 1204 1204
1205 15 2 0 1205 1205
1206 15 2 0 1206 1206
1207 15 2 0 1207 1207
1208 15 2 0 1208 1208
1209 15 2 0 1209 1209
1210 15 2 0 1210 1210
1211 15 2 0 1211 1211
1212 15 2 0 1212 1212
1213 15 2 0 1213 1213
1214 15 2 0 1214 1214
1215 15 2 0 1215 1215
1216 15 2 0 1216 1216
1217 15 2 0 1217 1217
1218 15 2 0 1218 1218
1219 15 2 0 1219 1219
1220 15 2 0 1220 1220
1221 15 2 0 1221 1221
1222 15 2 0 1222 1222
1223 15 2 0 1223 1223
1224 15 2 0 1224 1224
1225 15 2 0 1225 1225
1226 15 2 0 1226 1226
1227 15 2 0 1227 1227
1228 15 2 0 1228 1228
1229 15 2 0 1229 1229
1230 15 2 0 1230 1230
1231 15 2 0 1231 1231
1232 15 2 0 1232 1232
1233 15 2 0 1233 1233
1234 15 2 0 1234 1234
1235 15 2 0 1235 1235
1236 15 2 0 1236 1236
1237 15 2 0 1237 1237
1238 15 2 0 1238 1238
1239 15 2 0 1239 1239
1240 15 2 0 1240 1240
1241 15 2 0 1241 1241
1242 15 2 0 1242 1242
1243 15 2 0 1243 1243
1244 15 2 0 1244 1244
1245 15 2 0 1245 1245
1246 15 2 0 1246 1246
1247 15 2 0 1247 1247
1248 15 2 0 1248 1248
1249 15 2 0 1249 1249
1250 15 2 0 1250 1250
1251 15 2 0 1251 1251
1252 15 2 0 1252 1252
1253 15 2 0 1253 1253
1254 15 2 0 1254 1254
1255 15 2 0 1255 1255
1256 15 2 0 1256 1256
1257 15 2 0 1257 1257
1258 15 2 0 1258 1258
1259 15 2 0 1259 1259
1260 15 2 0 1260 1260
1261 15 2 0 1261 1261
1262 15 2 0 1262 1262
1263 15 2 0 1263 1263
1264 15 2 0 1264 1264
1265 15 2 0 1265 1265
1266 15 2 0 1266 1266
1267 15 2 0 1267 1267
1268 15 2 0 1268 1268
1269 15 2 0 1269 1269
1270 15 2 0 1270 1270
1271 15 2 0 1271 1271
1272 15 2 0 1272 1272
1273 15 2 0 1273 1273
1274 15 2 0 1274 1274
1275 15 2 0 1275 1275
1276 15 2 0 1276 1276
1277 15 2 0 1277 1277
1278 15 2 0 1278 1278
1279 15 2 0 1279 1279
1280 15 2 0 1280 1280
1281 15 2 0 1281 1281
1282 15 2 0 1282 1282
1283 15 2 0 1283 1283
1284 15 2 0 1284 1284
1285 15 2 0 1285 1285
1286 15 2 0 1286 1286
1287 15 2 0 1287 1287
1288 15 2 0 1288 1288
1289 15 2 0 1289 1289
1290 15 2 0 1290 1290
1291 15 2 0 1291 1291
1292 15 2 0 1292 1292
1293 15 2 0 1293 1293
1294 15 2 0 1294 1294
1295 15 2 0 1295 1295
1296 15 2 0 1296 1296
1297 15 2 0 1297 1297
1298 15 2 0 1298 1298
1299 15 2 0 1299 1299
1300 15 2 0 1300 1300
1301 15 2 0 1301 1301
1302 15 2 0 1302 1302
1303 15 2 0 1303 1303
1304 15 2 0 1304 1304
1305 15 2 0 1305 1305
1306 15 2 0 1306 1306
1307 15 2 0 1307 1307
1308 15 2 0 1308 1308
1309 15 2 0 1309 1309
1310 15 2 0 1310 1310
1311 15 2 0 1311 1311
1312 15 2 0 1312 1312
1313 15 2 0 1313 1313
1314 15 2 0 1314 1314
1315 15 2 0 1315 1315
1316 15 2 0 1316 1316
1317 15 2 0 1317 1317
1318 15 2 0 1318 1318
1319 15 2 0 1319 1319
1320 15 2 0 1320 1320
1321 15 2 0 1321 1321
1322 15 2 0 1322 1322
1323 15 2 0 1323 1323
1324 15 2 0 1324 1324
1325 15 2 0 1325 1325
1326 15 2 0 1326 1326
1327 15 2 0 1327 1327
1328 15 2 0 1328 1328
1329 15 2 0 1329 1329
1330 15 2 0 1330 1330
1331 15 2 0 1331 1331
1332 15 2 0 1332 1332
1333 15 2 0 1333 1333
1334 15 2 0 1334 1334
1335 15 2 0 1335 1335
1336 15 2 0 1336 1336
1337 15 2 0 1337 1337
1338 15 2 0 1338 1338
1339 15 2 0 1339 1339
1340 15 2 0 1340 1340
1341 15 2 0 1341 1341
1342 15 2 0 1342 1342
1343 15 2 0 1343 1343
1344 15 2 0 1344 1344
1345 15 2 0 1345 1345
1346 15 2 0 1346 1346
1347 15 2 0 1347 1347
1348 15 2 0 1348 1348
1349 15 2 0 1349 1349
1350 15 2 0 1350 1350
1351 15 2 0 1351 1351
1352 15 2 0 1352 1352
1353 15 2 0 1353 1353
1354 15 2 0 1354 1354
1355 15 2 0 1355 1355
1356 15 2 0 1356 1356
1357 15 2 0 1357 1357
1358 15 2 0 1358 1358
1359 15 2 0 1359 1359
1360 15 2 0 1360 1360
1361 15 2 0 1361 1361
1362 15 2 0 1362 1362
1363 15 2 0 1363 1363
1364 15 2 0 1364 1364
1365 15 2 0 1365 1365
1366 15 2 0 1366 1366
1367 15 2 0 1367 1367
1368 15 2 0 1368 1368
1369 15 2 0 1369 1369
1370 15 2 0 1370 1370
1371 15 2 0 1371 1371
1372 15 2 0 1372 1372
1373 15 2 0 1373 1373
1374 15 2 0 1374 1374
1375 15 2 0 1375 1375
1376 15 2 0 1376 1376
1377 15 2 0 1377 1377
1378 15 2 0 1378 1378
1379 15 2 0 1379 1379
1380 15 2 0 1380 1380
1381 15 2 0 1381 1381
1382 15 2 0 1382 1382
1383 15 2 0 1383 1383
1384 15 2 0 1384 1384
1385 15 2 0 1385 1385
1386 15 2 0 1386 1386
1387 15 2 0 1387 1387
1388 15 2 0 1388 1388
1389 15 2 0 1389 1389
1390 15 2 0 1390 1390
1391 15 2 0 1391 1391
1392 15 2 0 1392 1392
1393 15 2 0 1393 1393
1394 15 2 0 1394 1394
1395 15 2 0 1395 1395
1396 15 2 0 1396 1396
1397 15 2 0 1397 1397
1398 15 2 0 1398 1398
1399 15 2 0 1399 1399
1400 15 2 0 1400 1400
1401 15 2 0 1401 1401
1402 15 2 0 1402 1402
1403 15 2 0 1403 1403
1404 15 2 0 1404 1404
1405 15 2 0 1405 1405
1406 15 2 0 1406 1406
1407 15 2 0 1407 1407
1408 15 2 0 1408 1408
1409 15 2 0 1409 1409
1410 15 2 0 1410 1410
1411 15 2 0 1411 1411
1412 15 2 0 1412 1412
1413 15 2 0 1413 1413
1414 15 2 0 1414 1414
1415 15 2 0 1415 1415
1416 15 2 0 1416 1416
1417 15 2 0 1417 1417
1418 15 2 0 1418 1418
1419 15 2 0 1419 1419
1420 15 2 0 1420 1420
1421 15 2 0 1421 1421
1422 15 2 0 1422 1422
1423 15 2 0 1423 1423
1424 15 2 0 1424 1424
1425 15 2 0 1425 1425
1426 15 2 0 1426 1426
1427 15 2 0 1427 1427
1428 15 2 0 1428 1428
1429 15 2 0 1429 1429
1430 15 2 0 1430 1430
1431 15 2 0 1431 1431
1432 15 2 0 1432 1432
1433 15 2 0 1433 1433
1434 15 2 0 1434 1434
1435 15 2 0 1435 1435
1436 15 2 0 1436 1436
1437 15 2 0 1437 1437
1438 15 2 0 1438 1438
1439 15 2 0 1439 1439
1440 15 2 0 1440 1440
1441 15 2 0 1441 1441
1442 15 2 0 1442 1442
1443 15 2 0 1443 1443
1444 15 2 0 1444 1444
1445 15 2 0 1445 1445
1446 15 2 0 1446 1446
1447 15 2 0 1447 1447
1448 15 2 0 1448 1448
1449 15 2 0 1449 1449
1450 15 2 0 1450 1450
1451 15 2 0 1451 1451
1452 15 2 0 1452 1452
1453 15 2 0 1453 1453
1454 15 2 0 1454 1454
1455 15 2 0 1455 1455
1456 15 2 0 1456 1456
1457 15 2 0 1457 1457
1458 15 2 0 1458 1458
1459 15 2 0 1459 1459
1460 15 2 0 1460 1460
1461 15 2 0 1461 1461
1462 15 2 0 1462 1462
1463 15 2 0 1463 1463
1464 15 2 0 1464 1464
1465 15 2 0 1465 1465
1466 15 2 0 1466 1466
1467 15 2 0 1467 1467
1468 15 2 0 1468 1468
1469 15 2 0 1469 1469
1470 15 2 0 1470 1470
1471 15 2 0 1471 1471
1472 15 2 0 1472 1472
1473 15 2 0 1473 1473
1474 15 2 0 1474 1474
1475 15 2 0 1475 1475
1476 15 2 0 1476 1476
1477 15 2 0 1477 1477
1478 15 2 0 1478 1478
1479 15 2 0 1479 1479
1480 15 2 0 1480 1480
1481 15 2 0 1481 1481
1482 15 2 0 1482 1482
1483 15 2 0 1483 1483
1484 15 2 0 1484 1484
1485 15 2 0 1485 1485
1486 15 2 0 1486 1486
1487 15 2 0 1487 1487
1488 15 2 0 1488 1488
1489 15 2 0 1489 1489
1490 15 2 0 1490 1490
1491 15 2 0 1491 1491
1492 15 2 0 1492 1492
1493 15 2 0 1493 1493
1494 15 2 0 1494 1494
1495 15 2 0 1495 1495
1496 15 2 0 1496 1496
1497 15 2 0 1497 1497
1498 15 2 0 1498 1498
1499 15 2 0 1499 1499
1500 15 2 0 1500 1500
1501 15 2 0 1501 1501
1502 15 2 0 1502 1502
1503 15 2 0 1503 1503
1504 15 2 0 1504 1504
1505 15 2 0 1505 1505
1506 15 2 0 1506 1506
1507 15 2 0 1507 1507
1508 15 2 0 1508 1508
1509 15 2 0 1509 1509
1510 15 2 0 1510 1510
1511 15 2 0 1511 1511
1512 15 2 0 1512 1512
1513 15 2 0 1513 1513
1514 15 2 0 1514 1514
1515 15 2 0 1515 1515
1516 15 2 0 1516 1516
1517 15 2 0 1517 1517
1518 15 2 0 1518 1518
1519 15 2 0 1519 1519
1520 15 2 0 1520 1520
1521 15 2 0 1521 1521
1522 15 2 0 1522 1522
1523 15 2 0 1523 1523
1524 15 2 0 1524 1524
1525 15 2 0 1525 1525
1526 15 2 0 1526 1526
1527 15 2 0 1527 1527
1528 15 2 0 1528 1528
1529 15 2 0 1529 1529
1530 15 2 0 1530 1530
1531 15 2 0 1531 1531
1532 15 2 0 1532 1532
1533 15 2 0 1533 1533
1534 15 2 0 1534 1534
1535 15 2 0 1535 1535
1536 15 2 0 1536 1536
1537 15 2 0 1537 1537
1538 15 2 0 1538 1538
1539 15 2 0 1539 1539
1540 15 2 0 1540 1540
1541 15 2 0 1541 1541
1542 15 2 0 1542 1542
1543 15 2 0 1543 1543
1544 15 2 0 1544 1544
1545 15 2 0 1545 1545
1546 15 2 0 1546 1546
1547 15 2 0 1547 1547
1548 15 2 0 1548 1548
1549 15 2 0 1549 1549
1550 15 2 0 1550 1550
1551 15 2 0 1551 1551
1552 15 2 0 1552 1552
1553 15 2 0 1553 1553
1554 15 2 0 1554 1554
1555 15 2 0 1555 1555
1556 15 2 0 1556 1556
1557 15 2 0 1557 1557
1558 15 2 0 1558 1558
1559 15 2 0 1559 1559
1560 15 2 0 1560 1560
1561 15 2 0 1561 1561
1562 15 2 0 1562 1562
1563 15 2 0 1563 1563
1564 15 2 0 1564 1564
1565 15 2 0 1565 1565
1566 15 2 0 1566 1566
1567 15 2 0 1567 1567
1568 15 2 0 1568 1568
1569 15 2 0 1569 1569
1570 15 2 0 1570 1570
1571 15 2 0 1571 1571
1572 15 2 0 1572 1572
1573 15 2 0 1573 1573
1574 15 2 0 1574 1574
1575 15 2 0 1575 1575
1576 15 2 0 1576 1576
1577 15 2 0 1577 1577
1578 15 2 0 1578 1578
1579 15 2 0 1579 1579
1580 15 2 0 1580 1580
1581 15 2 0 1581 1581
1582 15 2 0 1582 1582
1583 15 2 0 1583 1583
1584 15 2 0 1584 1584
1585 15 2 0 1585 1585
1586 15 2 0 1586 1586
1587 15 2 0 1587 1587
1588 15 2 0 1588 1588
1589 15 2 0 1589 1589
1590 15 2 0 1590 1590
1591 15 2 0 1591 1591
1592 15 2 0 1592 1592
1593 15 2 0 1593 1593
1594 15 2 0 1594 1594
1595 15 2 0 1595 1595
1596 15 2 0 1596 1596
1597 15 2 0 1597 1597
1598 15 2 0 1598 1598
1599 15 2 0 1599 1599
1600 15 2 0 1600 1600
1601 1 2 0 1 1 65
1602 1 2 0 2 1 2
1603 1 2 0 3 2 66
1604 1 2 0 4 2 3
1605 1 2 0 5 3 67
1606 1 2 0 6 3 4
1607 1 2 0 7 4 68
1608 1 2 0 8 4 5
1609 1 2 0 9 5 69
1610 1 2 0 10 5 6
1611 1 2 0 11 6 70
1612 1 2 0 12 6 7
1613 1 2 0 13 7 71
1614 1 2 0 14 7 8
1615 1 2 0 15 8 72
1616 1 2 0 16 8 9
1617 1 2 0 17 9 73
1618 1 2 0 18 9 10
1619 1 2 0 19 10 74
1620 1 2 0 20 10 11
1621 1 2 0 21 11 75
1622 1 2 0 22 11 12
1623 1 2 0 23 12 76
1624 1 2 0 24 12 13
1625 1 2 0 25 13 77
1626 1 2 0 26 13 14
1627 1 2 0 27 14 78
1628 1 2 0 28 14 15
1629 1 2 0 29 15 79
1630 1 2 0 30 15 16
1631 1 2 0 31 16 80
1632 1 2 0 32 16 17
1633 1 2 0 33 17 81
1634 1 2 0 34 17 18
1635 1 2 0 35 18 82
1636 1 2 0 36 18 19
1637 1 2 0 37 19 83
1638 1 2 0 38 19 20
1639 1 2 0 39 20 84
1640 1 2 0 40 20 21
1641 1 2 0 41 21 85
1642 1 2 0 42 21 22
1643 1 2 0 43 22 86
1644 1 2 0 44 22 23
1645 1 2 0 45 23 87
1646 1 2 0 46 23 24
1647 1 2 0 47 24 88
1648 1 2 0 48 24 25
1649 1 2 0 49 25 89
1650 1 2 0 50 25 26
1651 1 2 0 51 26 90
1652 1 2 0 52 26 27
1653 1 2 0 53 27 91
1654 1 2 0 54 27 28
1655 1 2 0 55 28 92
1656 1 2 0 56 28 29
1657 1 2 0 57 29 93
1658 1 2 0 58 29 30
1659 1 2 0 59 30 94
1660 1 2 0 60 30 31
1661 1 2 0 61 31 95
1662 1 2 0 62 31 32
1663 1 2 0 63 32 96
1664 1 2 0 64 32 33
1665 1 2 0 65 33 97
1666 1 2 0 66 33 34
1667 1 2 0 67 34 98
1668 1 2 0 68 34 35
1669 1 2 0 69 35 99
1670 1 2 0 70 35 36
1671 1 2 0 71 36 100
1672 1 2 0 72 36 37
1673 1 2 0 73 37 101
1674 1 2 0 74 37 38
1675 1 2 0 75 38 102
1676 1 2 0 76 38 39
1677 1 2 0 77 39 103
1678 1 2 0 78 39 40
1679 1 2 0 79 40 104
1680 1 2 0 80 40 41
1681 1 2 0 81 41 105
1682 1 2 0 82 41 42
1683 1 2 0 83 42 106
1684 1 2 0 84 42 43
1685 1 2 0 85 43 107
1686 1 2 0 86 43 44
1687 1 2 0 87 44 108
1688 1 2 0 88 44 45
1689 1 2 0 89 45 109
1690 1 2 0 90 45 46
1691 1 2 0 91 46 110
1692 1 2 0 92 46 47
1693 1 2 0 93 47 111
1694 1 2 0 94 47 48
1695 1 2 0 95 48 112
1696 1 2 0 96 48 49
1697 1 2 0 97 49 113
1698 1 2 0 98 49 50
1699 1 2 0 99 50 114
1700 1 2 0 100 50 51
1701 1 2 0 101 51 115
1702 1 2 0 102 51 52
1703 1 2 0 103 52 116
1704 1 2 0 104 52 53
1705 1 2 0 105 53 117
1706 1 2 0 106 53 54
1707 1 2 0 107 54 118
1708 1 2 0 108 54 55
1709 1 2 0 109 55 119
1710 1 2 0 110 55 56
1711 1 2 0 111 56 120
1712 1 2 0 112 56 57
1713 1 2 0 113 57 121
1714 1 2 0 114 57 58
1715 1 2 0 115 58 122
1716 1 2 0 116 58 59
1717 1 2 0 117 59 123
1718 1 2 0 118 59 60
1719 1 2 0 119 60 124
1720 1 2 0 120 60 61
1721 1 2 0 121 61 125
1722 1 2 0 122 61 62
1723 1 2 0 123 62 126
1724 1 2 0 124 62 63
1725 1 2 0 125 63 127
1726 1 2 0 126 63 64
1727 1 2 0 127 64 128
1728 1 2 0 128 64 1
1729 1 2 0 129 65 129
1730 1 2 0 130 65 66
1731 1 2 0 131 66 130
1732 1 2 0 132 66 67
1733 1 2 0 133 67 131
1734 1 2 0 134 67 68
1735 1 2 0 135 68 132
1736 1 2 0 136 68 69
1737 1 2 0 137 69 133
1738 1 2 0 138 69 70
1739 1 2 0 139 70 134
1740 1 2 0 140 70 71
1741 1 2 0 141 71 135
1742 1 2 0 142 71 72
1743 1 2 0 143 72 136
1744 1 2 0 144 72 73
1745 1 2 0 145 73 137
1746 1 2 0 146 73 74
1747 1 2 0 147 74 138
1748 1 2 0 148 74 75
1749 1 2 0 149 75 139
1750 1 2 0 150 75 76
1751 1 2 0 151 76 140
1752 1 2 0 152 76 77
1753 1 2 0 153 77 141
1754 1 2 0 154 77 78
1755 1 2 0 155 78 142
1756 1 2 0 156 78 79
1757 1 2 0 157 79 143
1758 1 2 0 158 79 80
1759 1 2 0 159 80 144
1760 1 2 0 160 80 81
1761 1 2 0 161 81 145
1762 1 2 0 162 81 82
1763 1 2 0 163 82 146
1764 1 2 0 164 82 83
1765 1 2 0 165 83 147
1766 1 2 0 166 83 84
1767 1 2 0 167 84 148
1768 1 2 0 168 84 85
1769 1 2 0 169 85 149
1770 1 2 0 170 85 86
1771 1 2 0 171 86 150
1772 1 2 0 172 86 87
1773 1 2 0 173 87 151
1774 1 2 0 174 87 88
1775 1 2 0 175 88 152
1776 1 2 0 176 88 89
1777 1 2 0 177 89 153
1778 1 2 0 178 89 90
1779 1 2 0 179 90 154
1780 1 2 0 180 90 91
1781 1 2 0 181 91 155
1782 1 2 0 182 91 92
1783 1 2 0 183 92 156
1784 1 2 0 184 92 93
1785 1 2 0 185 93 157
1786 1 2 0 186 93 94
1787 1 2 0 187 94 158
1788 1 2 0 188 94 95
1789 1 2 0 189 95 159
1790 1 2 0 190 95 96
1791 1 2 0 191 96 160
1792 1 2 0 192 96 97
1793 1 2 0 193 97 161
1794 1 2 0 194 97 98
1795 1 2 0 195 98 162
1796 1 2 0 196 98 99
1797 1 2 0 197 99 163
1798 1 2 0 198 99 100
1799 1 2 0 199 100 164
1800 1 2 0 200 100 101
1801 1 2 0 201 101 165
1802 1 2 0 202 101 102
1803 1 2 0 203 102 166
1804 1 2 0 204 102 103
1805 1 2 0 205 103 167
1806 1 2 0 206 103 104
1807 1 2 0 207 104 168
1808 1 2 0 208 104 105
1809 1 2 0 209 105 169
1810 1 2 0 210 105 106
1811 1 2 0 211 106 170
1812 1 2 0 212 106 107
1813 1 2 0 213 107 171
1814 1 2 0 214 107 108
1815 1 2 0 215 108 172
1816 1 2 0 216 108 109
1817 1 2 0 217 109 173
1818 1 2 0 218 109 110
1819 1 2 0 219 110 174
1820 1 2 0 220 110 111
1821 1 2 0 221 111 175
1822 1 2 0 222 111 112
1823 1 2 0 223 112 176
1824 1 2 0 224 112 113
1825 1 2 0 225 113 177
1826 1 2 0 226 113 114
1827 1 2 0 227 114 178
1828 1 2 0 228 114 115
1829 1 2 0 229 115 179
1830 1 2 0 230 115 116
1831 1 2 0 231 116 180
1832 1 2 0 232 116 117
1833 1 2 0 233 117 181
1834 1 2 0 234 117 118
1835 1 2 0 235 118 182
1836 1 2 0 236 118 119
1837 1 2 0 237 119 183
1838 1 2 0 238 119 120
1839 1 2 0 239 120 184
1840 1 2 0 240 120 121
1841 1 2 0 241 121 185
1842 1 2 0 242 121 122
1843 1 2 0 243 122 186
1844 1 2 0 244 122 123
1845 1 2 0 245 123 187
1846 1 2 0 246 123 124
1847 1 2 0 247 124 188
1848 1 2 0 248 124 125
1849 1 2 0 249 125 189
1850 1 2 0 250 125 126
1851 1 2 0 251 126 190
1852 1 2 0 252 126 127
1853 1 2 0 253 127 191
1854 1 2 0 254 127 128
1855 1 2 0 255 128 192
1856 1 2 0 256 128 65
1857 1 2 0 257 129 193
1858 1 2 0 258 129 130
1859 1 2 0 259 130 194
1860 1 2 0 260 130 131
1861 1 2 0 261 131 195
1862 1 2 0 262 131 132
1863 1 2 0 263 132 196
1864 1 2 0 264 132 133
1865 1 2 0 265 133 197
1866 1 2 0 266 133 134
1867 1 2 0 267 134 198
1868 1 2 0 268 134 135
1869 1 2 0 269 135 199
1870 1 2 0 270 135 136
1871 1 2 0 271 136 200
1872 1 2 0 272 136 137
1873 1 2 0 273 137 201
1874 1 2 0 274 137 138
1875 1 2 0 275 138 202
1876 1 2 0 276 138 139
1877 1 2 0 277 139 203
1878 1 2 0 278 139 140
1879 1 2 0 279 140 204
1880 1 2 0 280 140 141
1881 1 2 0 281 141 205
1882 1 2 0 282 141 142
1883 1 2 0 283 142 206
1884 1 2 0 284 142 143
1885 1 2 0 285 143 207
1886 1 2 0 286 143 144
1887 1 2 0 287 144 208
1888 1 2 0 288 144 145
1889 1 2 0 289 145 209
1890 1 2 0 290 145 146
1891 1 2 0 291 146 210
1892 1 2 0 292 146 147
1893 1 2 0 293 147 211
1894 1 2 0 294 147 148
1895 1 2 0 295 148 212
1896 1 2 0 296 148 149
1897 1 2 0 297 149 213
1898 1 2 0 298 149 150
1899 1 2 0 299 150 214
1900 1 2 0 300 150 151
1901 1 2 0 301 151 215
1902 1 2 0 302 151 152
1903 1 2 0 303 152 216
1904 1 2 0 304 152 153
1905 1 2 0 305 153 217
1906 1 2 0 306 153 154
1907 1 2 0 307 154 218
1908 1 2 0 308 154 155
1909 1 2 0 309 155 219
1910 1 2 0 310 155 156
1911 1 2 0 311 156 220
1912 1 2 0 312 156 157
1913 1 2 0 313 157 221
1914 1 2 0 314 157 158
1915 1 2 0 315 158 222
1916 1 2 0 316 158 159
1917 1 2 0 317 159 223
1918 1 2 0 318 159 160
1919 1 2 0 319 160 224
1920 1 2 0 320 160 161
1921 1 2 0 321 161 225
1922 1 2 0 322 161 162
1923 1 2 0 323 162 226
1924 1 2 0 324 162 163
1925 1 2 0 325 163 227
1926 1 2 0 326 163 164
1927 1 2 0 327 164 228
1928 1 2 0 328 164 165
1929 1 2 0 329 165 229
1930 1 2 0 330 165 166
1931 1 2 0 331 166 230
1932 1 2 0 332 166 167
1933 1 2 0 333 167 231
1934 1 2 0 334 167 168
1935 1 2 0 335 168 232
1936 1 2 0 336 168 169
1937 1 2 0 337 169 233
1938 1 2 0 338 169 170
1939 1 2 0 339 170 234
1940 1 2 0 340 170 171
1941 1 2 0 341 171 235
1942 1 2 0 342 171 172
1943 1 2 0 343 172 236
1944 1 2 0 344 172 173
1945 1 2 0 345 173 237
1946 1 2 0 346 173 174
1947 1 2 0 347 174 238
1948 1 2 0 348 174 175
1949 1 2 0 349 175 239
1950 1 2 0 350 175 176
1951 1 2 0 351 176 240
1952 1 2 0 352 176 177
1953 1 2 0 353 177 241
1954 1 2 0 354 177 178
1955 1 2 0 355 178 242
1956 1 2 0 356 178 179
1957 1 2 0 357 179 243
1958 1 2 0 358 179 180
1959 1 2 0 359 180 244
1960 1 2 0 360 180 181
1961 1 2 0 361 181 245
1962 1 2 0 362 181 182
1963 1 2 0 363 182 246
1964 1 2 0 364 182 183
1965 1 2 0 365 183 247
1966 1 2 0 366 183 184
1967 1 2 0 367 184 248
1968 1 2 0 368 184 185
1969 1 2 0 369 185 249
1970 1 2 0 370 185 186
1971 1 2 0 371 186 250
1972 1 2 0 372 186 187
1973 1 2 0 373 187 251
1974 1 2 0 374 187 188
1975 1 2 0 375 188 252
1976 1 2 0 376 188 189
1977 1 2 0 377 189 253
1978 1 2 0 378 189 190
1979 1 2 0 379 190 254
1980 1 2 0 380 190 191
1981 1 2 0 381 191 255
1982 1 2 0 382 191 192
1983 1 2 0 383 192 256
1984 1 2 0 384 192 129
1985 1 2 0 385 193 257
1986 1 2 0 386 193 194
1987 1 2 0 387 194 258
1988 1 2 0 388 194 195
1989 1 2 0 389 195 259
1990 1 2 0 390 195 196
1991 1 2 0 391 196 260
1992 1 2 0 392 196 197
1993 1 2 0 393 197 261
1994 1 2 0 394 197 198
1995 1 2 0 395 198 262
1996 1 2 0 396 198 199
1997 1 2 0 397 199 263
1998 1 2 0 398 199 200
1999 1 2 0 399 200 264
2000 1 2 0 400 200 201
2001 1 2 0 401 201 265
2002 1 2 0 402 201 202
2003 1 2 0 403 202 266
2004 1 2 0 404 202 203
2005 1 2 0 405 203 267
2006 1 2 0 406 203 204
2007 1 2 0 407 204 268
2008 1 2 0 408 204 205
2009 1 2 0 409 205 269
2010 1 2 0 410 205 206
2011 1 2 0 411 206 270
2012 1 2 0 412 206 207
2013 1 2 0 413 207 271
2014 1 2 0 414 207 208
2015 1 2 0 415 208 272
2016 1 2 0 416 208 209
2017 1 2 0 417 209 273
2018 1 2 0 418 209 210
2019 1 2 0 419 210 274
2020 1 2 0 420 210 211
2021 1 2 0 421 211 275
2022 1 2 0 422 211 212
2023 1 2 0 423 212 276
2024 1 2 0 424 212 213
2025 1 2 0 425 213 277
2026 1 2 0 426 213 214
2027 1 2 0 427 214 278
2028 1 2 0 428 214 215
2029 1 2 0 429 215 279
2030 1 2 0 430 215 216
2031 1 2 0 431 216 280
2032 1 2 0 432 216 217
2033 1 2 0 433 217 281
2034 1 2 0 434 217 218
2035 1 2 0 435 218 282
2036 1 2 0 436 218 219
2037 1 2 0 437 219 283
2038 1 2 0 438 219 220
2039 1 2 0 439 220 284
2040 1 2 0 440 220 221
2041 1 2 0 441 221 285
2042 1 2 0 442 221 222
2043 1 2 0 443 222 286
2044 1 2 0 444 222 223
2045 1 2 0 445 223 287
2046 1 2 0 446 223 224
2047 1 2 0 447 224 288
2048 1 2 0 448 224 225
2049 1 2 0 449 225 289
2050 1 2 0 450 225 226
2051 1 2 0 451 226 290
2052 1 2 0 452 226 227
2053 1 2 0 453 227 291
2054 1 2 0 454 227 228
2055 1 2 0 455 228 292
2056 1 2 0 456 228 229
2057 1 2 0 457 229 293
2058 1 2 0 458 229 230
2059 1 2 0 459 230 294
2060 1 2 0 460 230 231
2061 1 2 0 461 231 295
2062 1 2 0 462 231 232
2063 1 2 0 463 232 296
2064 1 2 0 464 232 233
2065 1 2 0 465 233 297
2066 1 2 0 466 233 234
2067 1 2 0 467 234 298
2068 1 2 0 468 234 235
2069 1 2 0 469 235 299
2070 1 2 0 470 235 236
2071 1 2 0 471 236 300
2072 1 2 0 472 236 237
2073 1 2 0 473 237 301
2074 1 2 0 474 237 238
2075 1 2 0 475 238 302
2076 1 2 0 476 238 239
2077 1 2 0 477 239 303
2078 1 2 0 478 239 240
2079 1 2 0 479 240 304
2080 1 2 0 480 240 241
2081 1 2 0 481 241 305
2082 1 2 0 482 241 242
2083 1 2 0 483 242 306
2084 1 2 0 484 242 243
2085 1 2 0 485 243 307
2086 1 2 0 486 243 244
2087 1 2 0 487 244 308
2088 1 2 0 488 244 245
2089 1 2 0 489 245 309
2090 1 2 0 490 245 246
2091 1 2 0 491 246 310
2092 1 2 0 492 246 247
2093 1 2 0 493 247 311
2094 1 2 0 494 247 248
2095 1 2 0 495 248 312
2096 1 2 0 496 248 249
2097 1 2 0 497 249 313
2098 1 2 0 498 249 250
2099 1 2 0 499 250 314
2100 1 2 0 500 250 251
2101 1 2 0 501 251 315
2102 1 2 0 502 251 252
2103 1 2 0 503 252 316
2104 1 2 0 504 252 253
2105 1 2 0 505 253 317
2106 1 2 0 506 253 254
2107 1 2 0 507 254 318
2108 1 2 0 508 254 255
2109 1 2 0 509 255 319
2110 1 2 0 510 255 256
2111 1 2 0 511 256 320
2112 1 2 0 512 256 193
2113 1 2 0 513 257 321
2114 1 2 0 514 257 258
2115 1 2 0 515 258 322
2116 1 2 0 516 258 259
2117 1 2 0 517 259 323
2118 1 2 0 518 259 260
2119 1 2 0 519 260 324
2120 1 2 0 520 260 261
2121 1 2 0 521 261 325
2122 1 2 0 522 261 262
2123 1 2 0 523 262 326
2124 1 2 0 524 262 263
2125 1 2 0 525 263 327
2126 1 2 0 526 263 264
2127 1 2 0 527 264 328
2128 1 2 0 528 264 265
2129 1 2 0 529 265 329
2130 1 2 0 530 265 266
2131 1 2 0 531 266 330
2132 1 2 0 532 266 267
2133 1 2 0 533 267 331
2134 1 2 0 534 267 268
2135 1 2 0 535 268 332
2136 1 2 0 536 268 269
2137 1 2 0 537 269 333
2138 1 2 0 538 269 270
2139 1 2 0 539 270 334
2140 1 2 0 540 270 271
2141 1 2 0 541 271 335
2142 1 2 0 542 271 272
2143 1 2 0 543 272 336
2144 1 2 0 544 272 273
2145 1 2 0 545 273 337
2146 1 2 0 546 273 274
2147 1 2 0 547 274 338
2148 1 2 0 548 274 275
2149 1 2 0 549 275 339
2150 1 2 0 550 275 276
2151 1 2 0 551 276 340
2152 1 2 0 552 276 277
2153 1 2 0 553 277 341
2154 1 2 0 554 277 278
2155 1 2 0 555 278 342
2156 1 2 0 556 278 279
2157 1 2 0 557 279 343
2158 1 2 0 558 279 280
2159 1 2 0 559 280 344
2160 1 2 0 560 280 281
2161 1 2 0 561 281 345
2162 1 2 0 562 281 282
2163 1 2 0 563 282 346
2164 1 2 0 564 282 283
2165 1 2 0 565 283 347
2166 1 2 0 566 283 284
2167 1 2 0 567 284 348
2168 1 2 0 568 284 285
2169 1 2 0 569 285 349
2170 1 2 0 570 285 286
2171 1 2 0 571 286 350
2172 1 2 0 572 286 287
2173 1 2 0 573 287 351
2174 1 2 0 574 287 288
2175 1 2 0 575 288 352
2176 1 2 0 576 288 289
2177 1 2 0 577 289 353
2178 1 2 0 578 289 290
2179 1 2 0 579 290 354
2180 1 2 0 580 290 291
2181 1 2 0 581 291 355
2182 1 2 0 582 291 292
2183 1 2 0 583 292 356
2184 1 2 0 584 292 293
2185 1 2 0 585 293 357
2186 1 2 0 586 293 294
2187 1 2 0 587 294 358
2188 1 2 0 588 294 295
2189 1 2 0 589 295 359
2190 1 2 0 590 295 296
2191 1 2 0 591 296 360
2192 1 2 0 592 296 297
2193 1 2 0 593 297 361
2194 1 2 0 594 297 298
2195 1 2 0 595 298 362
2196 1 2 0 596 298 299
2197 1 2 0 597 299 363
2198 1 2 0 598 299 300
2199 1 2 0 599 300 364
2200 1 2 0 600 300 301
2201 1 2 0 601 301 365
2202 1 2 0 602 301 302
2203 1 2 0 603 302 366
2204 1 2 0 604 302 303
2205 1 2 0 605 303 367
2206 1 2 0 606 303 304
2207 1 2 0 607 304 368
2208 1 2 0 608 304 305
2209 1 2 0 609 305 369
2210 1 2 0 610 305 306
2211 1 2 0 611 306 370
2212 1 2 0 612 306 307
2213 1 2 0 613 307 371
2214 1 2 0 614 307 308
2215 1 2 0 615 308 372
2216 1 2 0 616 308 309
2217 1 2 0 617 309 373
2218 1 2 0 618 309 310
2219 1 2 0 619 310 374
2220 1 2 0 620 310 311
2221 1 2 0 621 311 375
2222 1 2 0 622 311 312
2223 1 2 0 623 312 376
2224 1 2 0 624 312 313
2225 1 2 0 625 313 377
2226 1 2 0 626 313 314
2227 1 2 0 627 314 378
2228 1 2 0 628 314 315
2229 1 2 0 629 315 379
2230 1 2 0 630 315 316
2231 1 2 0 631 316 380
2232 1 2 0 632 316 317
2233 1 2 0 633 317 381
2234 1 2 0 634 317 318
2235 1 2 0 635 318 382
2236 1 2 0 636 318 319
2237 1 2 0 637 319 383
2238 1 2 0 638 319 320
2239 1 2 0 639 320 384
2240 1 2 0 640 320 257
2241 1 2 0 641 321 385
2242 1 2 0 642 321 322
2243 1 2 0 643 322 386
2244 1 2 0 644 322 323
2245 1 2 0 645 323 387
2246 1 2 0 646 323 324
2247 1 2 0 647 324 388
2248 1 2 0 648 324 325
2249 1 2 0 649 325 389
2250 1 2 0 650 325 326
2251 1 2 0 651 326 390
2252 1 2 0 652 326 327
2253 1 2 0 653 327 391
2254 1 2 0 654 327 328
2255 1 2 0 655 328 392
2256 1 2 0 656 328 329
2257 1 2 0 657 329 393
2258 1 2 0 658 329 330
2259 1 2 0 659 330 394
2260 1 2 0 660 330 331
2261 1 2 0 661 331 395
2262 1 2 0 662 331 332
2263 1 2 0 663 332 396
2264 1 2 0 664 332 333
2265 1 2 0 665 333 397
2266 1 2 0 666 333 334
2267 1 2 0 667 334 398
2268 1 2 0 668 334 335
2269 1 2 0 669 335 399
2270 1 2 0 670 335 336
2271 1 2 0 671 336 400
2272 1 2 0 672 336 337
2273 1 2 0 673 337 401
2274 1 2 0 674 337 338
2275 1 2 0 675 338 402
2276 1 2 0 676 338 339
2277 1 2 0 677 339 403
2278 1 2 0 678 339 340
2279 1 2 0 679 340 404
2280 1 2 0 680 340 341
2281 1 2 0 681 341 405
2282 1 2 0 682 341 342
2283 1 2 0 683 342 406
2284 1 2 0 684 342 343
2285 1 2 0 685 343 407
2286 1 2 0 686 343 344
2287 1 2 0 687 344 408
2288 1 2 0 688 344 345
2289 1 2 0 689 345 409
2290 1 2 0 690 345 346
2291 1 2 0 691 346 410
2292 1 2 0 692 346 347
2293 1 2 0 693 347 411
2294 1 2 0 694 347 348
2295 1 2 0 695 348 412
2296 1 2 0 696 348 349
2297 1 2 0 697 349 413
2298 1 2 0 698 349 350
2299 1 2 0 699 350 414
2300 1 2 0 700 350 351
2301 1 2 0 701 351 415
2302 1 2 0 702 351 352
2303 1 2 0 703 352 416
2304 1 2 0 704 352 353
2305 1 2 0 705 353 417
2306 1 2 0 706 353 354
2307 1 2 0 707 354 418
2308 1 2 0 708 354 355
2309 1 2 0 709 355 419
2310 1 2 0 710 355 356
2311 1 2 0 711 356 420
2312 1 2 0 712 356 357
2313 1 2 0 713 357 421
2314 1 2 0 714 357 358
2315 1 2 0 715 358 422
2316 1 2 0 716 358 359
2317 1 2 0 717 359 423
2318 1 2 0 718 359 360
2319 1 2 0 719 360 424
2320 1 2 0 720 360 361
2321 1 2 0 721 361 425
2322 1 2 0 722 361 362
2323 1 2 0 723 362 426
2324 1 2 0 724 362 363
2325 1 2 0 725 363 427
2326 1 2 0 726 363 364
2327 1 2 0 727 364 428
2328 1 2 0 728 364 365
2329 1 2 0 729 365 429
2330 1 2 0 730 365 366
2331 1 2 0 731 366 430
2332 1 2 0 732 366 367
2333 1 2 0 733 367 431
2334 1 2 0 734 367 368
2335 1 2 0 735 368 432
2336 1 2 0 736 368 369
2337 1 2 0 737 369 433
2338 1 2 0 738 369 370
2339 1 2 0 739 370 434
2340 1 2 0 740 370 371
2341 1 2 0 741 371 435
2342 1 2 0 742 371 372
2343 1 2 0 743 372 436
2344 1 2 0 744 372 373
2345 1 2 0 745 373 437
2346 1 2 0 746 373 374
2347 1 2 0 747 374 438
2348 1 2 0 748 374 375
2349 1 2 0 749 375 439
2350 1 2 0 750 375 376
2351 1 2 0 751 376 440
2352 1 2 0 752 376 377
2353 1 2 0 753 377 441
2354 1 2 0 754 377 378
2355 1 2 0 755 378 442
2356 1 2 0 756 378 379
2357 1 2 0 757 379 443
2358 1 2 0 758 379 380
2359 1 2 0 759 380 444
2360 1 2 0 760 380 381
2361 1 2 0 761 381 445
2362 1 2 0 762 381 382
2363 1 2 0 763 382 446
2364 1 2 0 764 382 383
2365 1 2 0 765 383 447
2366 1 2 0 766 383 384
2367 1 2 0 767 384 448
2368 1 2 0 768 384 321
2369 1 2 0 769 385 449
2370 1 2 0 770 385 386
2371 1 2 0 771 386 450
2372 1 2 0 772 386 387
2373 1 2 0 773 387 451
2374 1 2 0 774 387 388
2375 1 2 0 775 388 452
2376 1 2 0 776 388 389
2377 1 2 0 777 389 453
2378 1 2 0 778 389 390
2379 1 2 0 779 390 454
2380 1 2 0 780 390 391
2381 1 2 0 781 391 455
2382 1 2 0 782 391 392
2383 1 2 0 783 392 456
2384 1 2 0 784 392 393
2385 1 2 0 785 393 457
2386 1 2 0 786 393 394
2387 1 2 0 787 394 458
2388 1 2 0 788 394 395
2389 1 2 0 789 395 459
2390 1 2 0 790 395 396
2391 1 2 0 791 396 460
2392 1 2 0 792 396 397
2393 1 2 0 793 397 461
2394 1 2 0 794 397 398
2395 1 2 0 795 398 462
2396 1 2 0 796 398 399
2397 1 2 0 797 399 463
2398 1 2 0 798 399 400
2399 1 2 0 799 400 464
2400 1 2 0 800 400 401
2401 1 2 0 801 401 465
2402 1 2 0 802 401 402
2403 1 2 0 803 402 466
2404 1 2 0 804 402 403
2405 1 2 0 805 403 467
2406 1 2 0 806 403 404
2407 1 2 0 807 404 468
2408 1 2 0 808 404 405
2409 1 2 0 809 405 469
2410 1 2 0 810 405 406
2411 1 2 0 811 406 470
2412 1 2 0 812 406 407
2413 1 2 0 813 407 471
2414 1 2 0 814 407 408
2415 1 2 0 815 408 472
2416 1 2 0 816 408 409
2417 1 2 0 817 409 473
2418 1 2 0 818 409 410
2419 1 2 0 819 410 474
2420 1 2 0 820 410 411
2421 1 2 0 821 411 475
2422 1 2 0 822 411 412
2423 1 2 0 823 412 476
2424 1 2 0 824 412 413
2425 1 2 0 825 413 477
2426 1 2 0 826 413 414
2427 1 2 0 827 414 478
2428 1 2 0 828 414 415
2429 1 2 0 829 415 479
2430 1 2 0 830 415 416
2431 1 2 0 831 416 480
2432 1 2 0 832 416 417
2433 1 2 0 833 417 481
2434 1 2 0 834 417 418
2435 1 2 0 835 418 482
2436 1 2 0 836 418 419
2437 1 2 0 837 419 483
2438 1 2 0 838 419 420
2439 1 2 0 839 420 484
2440 1 2 0 840 420 421
2441 1 2 0 841 421 485
2442 1 2 0 842 421 422
2443 1 2 0 843 422 486
2444 1 2 0 844 422 423
2445 1 2 0 845 423 487
2446 1 2 0 846 423 424
2447 1 2 0 847 424 488
2448 1 2 0 848 424 425
2449 1 2 0 849 425 489
2450 1 2 0 850 425 426
2451 1 2 0 851 426 490
2452 1 2 0 852 426 427
2453 1 2 0 853 427 491
2454 1 2 0 854 427 428
2455 1 2 0 855 428 492
2456 1 2 0 856 428 429
2457 1 2 0 857 429 493
2458 1 2 0 858 429 430
2459 1 2 0 859 430 494
2460 1 2 0 860 430 431
2461 1 2 0 861 431 495
2462 1 2 0 862 431 432
2463 1 2 0 863 432 496
2464 1 2 0 864 432 433
2465 1 2 0 865 433 497
2466 1 2 0 866 433 434
2467 1 2 0 867 434 498
2468 1 2 0 868 434 435
2469 1 2 0 869 435 499
2470 1 2 0 870 435 436
2471 1 2 0 871 436 500
2472 1 2 0 872 436 437
2473 1 2 0 873 437 501
2474 1 2 0 874 437 438
2475 1 2 0 875 438 502
2476 1 2 0 876 438 439
2477 1 2 0 877 439 503
2478 1 2 0 878 439 440
2479 1 2 0 879 440 504
2480 1 2 0 880 440 441
2481 1 2 0 881 441 505
2482 1 2 0 882 441 442
2483 1 2 0 883 442 506
2484 1 2 0 884 442 443
2485 1 2 0 885 443 507
2486 1 2 0 886 443 444
2487 1 2 0 887 444 508
2488 1 2 0 888 444 445
2489 1 2 0 889 445 509
2490 1 2 0 890 445 446
2491 1 2 0 891 446 510
2492 1 2 0 892 446 447
2493 1 2 0 893 447 511
2494 1 2 0 894 447 448
2495 1 2 0 895 448 512
2496 1 2 0 896 448 385
2497 1 2 0 897 449 513
2498 1 2 0 898 449 450
2499 1 2 0 899 450 514
2500 1 2 0 900 450 451
2501 1 2 0 901 451 515
2502 1 2 0 902 451 452
2503 1 2 0 903 452 516
2504 1 2 0 904 452 453
2505 1 2 0 905 453 517
2506 1 2 0 906 453 454
2507 1 2 0 907 454 518
2508 1 2 0 908 454 455
2509 1 2 0 909 455 519
2510 1 2 0 910 455 456
2511 1 2 0 911 456 520
2512 1 2 0 912 456 457
2513 1 2 0 913 457 521
2514 1 2 0 914 457 458
2515 1 2 0 915 458 522
2516 1 2 0 916 458 459
2517 1 2 0 917 459 523
2518 1 2 0 918 459 460
2519 1 2 0 919 460 524
2520 1 2 0 920 460 461
2521 1 2 0 921 461 525
2522 1 2 0 922 461 462
2523 1 2 0 923 462 526
2524 1 2 0 924 462 463
2525 1 2 0 925 463 527
2526 1 2 0 926 463 464
2527 1 2 0 927 464 528
2528 1 2 0 928 464 465
2529 1 2 0 929 465 529
2530 1 2 0 930 465 466
2531 1 2 0 931 466 530
2532 1 2 0 932 466 467
2533 1 2 0 933 467 531
2534 1 2 0 934 467 468
2535 1 2 0 935 468 532
2536 1 2 0 936 468 469
2537 1 2 0 937 469 533
2538 1 2 0 938 469 470
2539 1 2 0 939 470 534
2540 1 2 0 940 470 471
2541 1 2 0 941 471 535
2542 1 2 0 942 471 472
2543 1 2 0 943 472 536
2544 1 2 0 944 472 473
2545 1 2 0 945 473 537
2546 1 2 0 946 473 474
2547 1 2 0 947 474 538
2548 1 2 0 948 474 475
2549 1 2 0 949 475 539
2550 1 2 0 950 475 476
2551 1 2 0 951 476 540
2552 1 2 0 952 476 477
2553 1 2 0 953 477 541
2554 1 2 0 954 477 478
2555 1 2 0 955 478 542
2556 1 2 0 956 478 479
2557 1 2 0 957 479 543
2558 1 2 0 958 479 480
2559 1 2 0 959 480 544
2560 1 2 0 960 480 481
2561 1 2 0 961 481 545
2562 1 2 0 962 481 482
2563 1 2 0 963 482 546
2564 1 2 0 964 482 483
2565 1 2 0 965 483 547
2566 1 2 0 966 483 484
2567 1 2 0 967 484 548
2568 1 2 0 968 484 485
2569 1 2 0 969 485 549
2570 1 2 0 970 485 486
2571 1 2 0 971 486 550
2572 1 2 0 972 486 487
2573 1 2 0 973 487 551
2574 1 2 0 974 487 488
2575 1 2 0 975 488 552
2576 1 2 0 976 488 489
2577 1 2 0 977 489 553
2578 1 2 0 978 489 490
2579 1 2 0 979 490 554
2580 1 2 0 980 490 491
2581 1 2 0 981 491 555
2582 1 2 0 982 491 492
2583 1 2 0 983 492 556
2584 1 2 0 984 492 493
2585 1 2 0 985 493 557
2586 1 2 0 986 493 494
2587 1 2 0 987 494 558
2588 1 2 0 988 494 495
2589 1 2 0 989 495 559
2590 1 2 0 990 495 496
2591 1 2 0 991 496 560
2592 1 2 0 992 496 497
2593 1 2 0 993 497 561
2594 1 2 0 994 497 498
2595 1 2 0 995 498 562
2596 1 2 0 996 498 499
2597 1 2 0 997 499 563
2598 1 2 0 998 499 500
2599 1 2 0 999 500 564
2600 1 2 0 1000 500 501
2601 1 2 0 1001 501 565
2602 1 2 0 1002 501 502
2603 1 2 0 1003 502 566
2604 1 2 0 1004 502 503
2605 1 2 0 1005 503 567
2606 1 2 0 1006 503 504
2607 1 2 0 1007 504 568
2608 1 2 0 1008 504 505
2609 1 2 0 1009 505 569
2610 1 2 0 1010 505 506
2611 1 2 0 1011 506 570
2612 1 2 0 1012 506 507
2613 1 2 0 1013 507 571
2614 1 2 0 1014 507 508
2615 1 2 0 1015 508 572
2616 1 2 0 1016 508 509
2617 1 2 0 1017 509 573
2618 1 2 0 1018 509 510
2619 1 2 0 1019 510 574
2620 1 2 0 1020 510 511
2621 1 2 0 1021 511 575
2622 1 2 0 1022 511 512
2623 1 2 0 1023 512 576
2624 1 2 0 1024 512 449
2625 1 2 0 1025 513 577
2626 1 2 0 1026 513 514
2627 1 2 0 1027 514 578
2628 1 2 0 1028 514 515
2629 1 2 0 1029 515 579
2630 1 2 0 1030 515 516
2631 1 2 0 1031 516 580
2632 1 2 0 1032 516 517
2633 1 2 0 1033 517 581
2634 1 2 0 1034 517 518
2635 1 2 0 1035 518 582
2636 1 2 0 1036 518 519
2637 1 2 0 1037 519 583
2638 1 2 0 1038 519 520
2639 1 2 0 1039 520 584
2640 1 2 0 1040 520 521
2641 1 2 0 1041 521 585
2642 1 2 0 1042 521 522
2643 1 2 0 1043 522 586
2644 1 2 0 1044 522 523
2645 1 2 0 1045 523 587
2646 1 2 0 1046 523 524
2647 1 2 0 1047 524 588
2648 1 2 0 1048 524 525
2649 1 2 0 1049 525 589
2650 1 2 0 1050 525 526
2651 1 2 0 1051 526 590
2652 1 2 0 1052 526 527
2653 1 2 0 1053 527 591
2654 1 2 0 1054 527 528
2655 1 2 0 1055 528 592
2656 1 2 0 1056 528 529
2657 1 2 0 1057 529 593
2658 1 2 0 1058 529 530
2659 1 2 0 1059 530 594
2660 1 2 0 1060 530 531
2661 1 2 0 1061 531 595
2662 1 2 0 1062 531 532
2663 1 2 0 1063 532 596
2664 1 2 0 1064 532 533
2665 1 2 0 1065 533 597
2666 1 2 0 1066 533 534
2667 1 2 0 1067 534 598
2668 1 2 0 1068 534 535
2669 1 2 0 1069 535 599
2670 1 2 0 1070 535 536
2671 1 2 0 1071 536 600
2672 1 2 0 1072 536 537
2673 1 2 0 1073 537 601
2674 1 2 0 1074 537 538
2675 1 2 0 1075 538 602
2676 1 2 0 1076 538 539
2677 1 2 0 1077 539 603
2678 1 2 0 1078 539 540
2679 1 2 0 1079 540 604
2680 1 2 0 1080 540 541
2681 1 2 0 1081 541 605
2682 1 2 0 1082 541 542
2683 1 2 0 1083 542 606
2684 1 2 0 1084 542 543
2685 1 2 0 1085 543 607
2686 1 2 0 1086 543 544
2687 1 2 0 1087 544 608
2688 1 2 0 1088 544 545
2689 1 2 0 1089 545 609
2690 1 2 0 1090 545 546
2691 1 2 0 1091 546 610
2692 1 2 0 1092 546 547
2693 1 2 0 1093 547 611
2694 1 2 0 1094 547 548
2695 1 2 0 1095 548 612
2696 1 2 0 1096 548 549
2697 1 2 0 1097 549 613
2698 1 2 0 1098 549 550
2699 1 2 0 1099 550 614
2700 1 2 0 1100 550 551
2701 1 2 0 1101 551 615
2702 1 2 0 1102 551 552
2703 1 2 0 1103 552 616
2704 1 2 0 1104 552 553
2705 1 2 0 1105 553 617
2706 1 2 0 1106 553 554
2707 1 2 0 1107 554 618
2708 1 2 0 1108 554 555
2709 1 2 0 1109 555 619
2710 1 2 0 1110 555 556
2711 1 2 0 1111 556 620
2712 1 2 0 1112 556 557
2713 1 2 0 1113 557 621
2714 1 2 0 1114 557 558
2715 1 2 0 1115 558 622
2716 1 2 0 1116 558 559
2717 1 2 0 1117 559 623
2718 1 2 0 1118 559 560
2719 1 2 0 1119 560 624
2720 1 2 0 1120 560 561
2721 1 2 0 1121 561 625
2722 1 2 0 1122 561 562
2723 1 2 0 1123 562 626
2724 1 2 0 1124 562 563
2725 1 2 0 1125 563 627
2726 1 2 0 1126 563 564
2727 1 2 0 1127 564 628
2728 1 2 0 1128 564 565
2729 1 2 0 1129 565 629
2730 1 2 0 1130 565 566
2731 1 2 0 1131 566 630
2732 1 2 0 1132 566 567
2733 1 2 0 1133 567 631
2734 1 2 0 1134 567 568
2735 1 2 0 1135 568 632
2736 1 2 0 1136 568 569
2737 1 2 0 1137 569 633
2738 1 2 0 1138 569 570
2739 1 2 0 1139 570 634
2740 1 2 0 1140 570 571
2741 1 2 0 1141 571 635
2742 1 2 0 1142 571 572
2743 1 2 0 1143 572 636
2744 1 2 0 1144 572 573
2745 1 2 0 1145 573 637
2746 1 2 0 1146 573 574
2747 1 2 0 1147 574 638
2748 1 2 0 1148 574 575
2749 1 2 0 1149 575 639
2750 1 2 0 1150 575 576
2751 1 2 0 1151 576 640
2752 1 2 0 1152 576 513
2753 1 2 0 1153 577 641
2754 1 2 0 1154 577 578
2755 1 2 0 1155 578 642
2756 1 2 0 1156 578 579
2757 1 2 0 1157 579 643
2758 1 2 0 1158 579 580
2759 1 2 0 1159 580 644
2760 1 2 0 1160 580 581
2761 1 2 0 1161 581 645
2762 1 2 0 1162 581 582
2763 1 2 0 1163 582 646
2764 1 2 0 1164 582 583
2765 1 2 0 1165 583 647
2766 1 2 0 1166 583 584
2767 1 2 0 1167 584 648
2768 1 2 0 1168 584 585
2769 1 2 0 1169 585 649
2770 1 2 0 1170 585 586
2771 1 2 0 1171 586 650
2772 1 2 0 1172 586 587
2773 1 2 0 1173 587 651
2774 1 2 0 1174 587 588
2775 1 2 0 1175 588 652
2776 1 2 0 1176 588 589
2777 1 2 0 1177 589 653
2778 1 2 0 1178 589 590
2779 1 2 0 1179 590 654
2780 1 2 0 1180 590 591
2781 1 2 0 1181 591 655
2782 1 2 0 1182 591 592
2783 1 2 0 1183 592 656
2784 1 2 0 1184 592 593
2785 1 2 0 1185 593 657
2786 1 2 0 1186 593 594
2787 1 2 0 1187 594 658
2788 1 2 0 1188 594 595
2789 1 2 0 1189 595 659
2790 1 2 0 1190 595 596
2791 1 2 0 1191 596 660
2792 1 2 0 1192 596 597
2793 1 2 0 1193 597 661
2794 1 2 0 1194 597 598
2795 1 2 0 1195 598 662
2796 1 2 0 1196 598 599
2797 1 2 0 1197 599 663
2798 1 2 0 1198 599 600
2799 1 2 0 1199 600 664
2800 1 2 0 1200 600 601
2801 1 2 0 1201 601 665
2802 1 2 0 1202 601 602
2803 1 2 0 1203 602 666
2804 1 2 0 1204 602 603
2805 1 2 0 1205 603 667
2806 1 2 0 1206 603 604
2807 1 2 0 1207 604 668
2808 1 2 0 1208 604 605
2809 1 2 0 1209 605 669
2810 1 2 0 1210 605 606
2811 1 2 0 1211 606 670
2812 1 2 0 1212 606 607
2813 1 2 0 1213 607 671
2814 1 2 0 1214 607 608
2815 1 2 0 1215 608 672
2816 1 2 0 1216 608 609
2817 1 2 0 1217 609 673
2818 1 2 0 1218 609 610
2819 1 2 0 1219 610 674
2820 1 2 0 1220 610 611
2821 1 2 0 1221 611 675
2822 1 2 0 1222 611 612
2823 1 2 0 1223 612 676
2824 1 2 0 1224 612 613
2825 1 2 0 1225 613 677
2826 1 2 0 1226 613 614
2827 1 2 0 1227 614 678
2828 1 2 0 1228 614 615
2829 1 2 0 1229 615 679
2830 1 2 0 1230 615 616
2831 1 2 0 1231 616 680
2832 1 2 0 1232 616 617
2833 1 2 0 1233 617 681
2834 1 2 0 1234 617 618
2835 1 2 0 1235 618 682
2836 1 2 0 1236 618 619
2837 1 2 0 1237 619 683
2838 1 2 0 1238 619 620
2839 1 2 0 1239 620 684
2840 1 2 0 1240 620 621
2841 1 2 0 1241 621 685
2842 1 2 0 1242 621 622
2843 1 2 0 1243 622 686
2844 1 2 0 1244 622 623
2845 1 2 0 1245 623 687
2846 1 2 0 1246 623 624
2847 1 2 0 1247 624 688
2848 1 2 0 1248 624 625
2849 1 2 0 1249 625 689
2850 1 2 0 1250 625 626
2851 1 2 0 1251 626 690
2852 1 2 0 1252 626 627
2853 1 2 0 1253 627 691
2854 1 2 0 1254 627 628
2855 1 2 0 1255 628 692
2856 1 2 0 1256 628 629
2857 1 2 0 1257 629 693
2858 1 2 0 1258 629 630
2859 1 2 0 1259 630 694
2860 1 2 0 1260 630 631
2861 1 2 0 1261 631 695
2862 1 2 0 1262 631 632
2863 1 2 0 1263 632 696
2864 1 2 0 1264 632 633
2865 1 2 0 1265 633 697
2866 1 2 0 1266 633 634
2867 1 2 0 1267 634 698
2868 1 2 0 1268 634 635
2869 1 2 0 1269 635 699
2870 1 2 0 1270 635 636
2871 1 2 0 1271 636 700
2872 1 2 0 1272 636 637
2873 1 2 0 1273 637 701
2874 1 2 0 1274 637 638
2875 1 2 0 1275 638 702
2876 1 2 0 1276 638 639
2877 1 2 0 1277 639 703
2878 1 2 0 1278 639 640
2879 1 2 0 1279 640 704
2880 1 2 0 1280 640 577
2881 1 2 0 1281 641 705
2882 1 2 0 1282 641 642
2883 1 2 0 1283 642 706
2884 1 2 0 1284 642 643
2885 1 2 0 1285 643 707
2886 1 2 0 1286 643 644
2887 1 2 0 1287 644 708
2888 1 2 0 1288 644 645
2889 1 2 0 1289 645 709
2890 1 2 0 1290 645 646
2891 1 2 0 1291 646 710
2892 1 2 0 1292 646 647
2893 1 2 0 1293 647 711
2894 1 2 0 1294 647 648
2895 1 2 0 1295 648 712
2896 1 2 0 1296 648 649
2897 1 2 0 1297 649 713
2898 1 2 0 1298 649 650
2899 1 2 0 1299 650 714
2900 1 2 0 1300 650 651
2901 1 2 0 1301 651 715
2902 1 2 0 1302 651 652
2903 1 2 0 1303 652 716
2904 1 2 0 1304 652 653
2905 1 2 0 1305 653 717
2906 1 2 0 1306 653 654
2907 1 2 0 1307 654 718
2908 1 2 0 1308 654 655
2909 1 2 0 1309 655 719
2910 1 2 0 1310 655 656
2911 1 2 0 1311 656 720
2912 1 2 0 1312 656 657
2913 1 2 0 1313 657 721
2914 1 2 0 1314 657 658
2915 1 2 0 1315 658 722
2916 1 2 0 1316 658 659
2917 1 2 0 1317 659 723
2918 1 2 0 1318 659 660
2919 1 2 0 1319 660 724
2920 1 2 0 1320 660 661
2921 1 2 0 1321 661 725
2922 1 2 0 1322 661 662
2923 1 2 0 1323 662 726
2924 1 2 0 1324 662 663
2925 1 2 0 1325 663 727
2926 1 2 0 1326 663 664
2927 1 2 0 1327 664 728
2928 1 2 0 1328 664 665
2929 1 2 0 1329 665 729
2930 1 2 0 1330 665 666
2931 1 2 0 1331 666 730
2932 1 2 0 1332 666 667
2933 1 2 0 1333 667 731
2934 1 2 0 1334 667 668
2935 1 2 0 1335 668 732
2936 1 2 0 1336 668 669
2937 1 2 0 1337 669 733
2938 1 2 0 1338 669 670
2939 1 2 0 1339 670 734
2940 1 2 0 1340 670 671
2941 1 2 0 1341 671 735
2942 1 2 0 1342 671 672
2943 1 2 0 1343 672 736
2944 1 2 0 1344 672 673
2945 1 2 0 1345 673 737
2946 1 2 0 1346 673 674
2947 1 2 0 1347 674 738
2948 1 2 0 1348 674 675
2949 1 2 0 1349 675 739
2950 1 2 0 1350 675 676
2951 1 2 0 1351 676 740
2952 1 2 0 1352 676 677
2953 1 2 0 1353 677 741
2954 1 2 0 1354 677 678
2955 1 2 0 1355 678 742
2956 1 2 0 1356 678 679
2957 1 2 0 1357 679 743
2958 1 2 0 1358 679 680
2959 1 2 0 1359 680 744
2960 1 2 0 1360 680 681
2961 1 2 0 1361 681 745
2962 1 2 0 1362 681 682
2963 1 2 0 1363 682 746
2964 1 2 0 1364 682 683
2965 1 2 0 1365 683 747
2966 1 2 0 1366 683 684
2967 1 2 0 1367 684 748
2968 1 2 0 1368 684 685
2969 1 2 0 1369 685 749
2970 1 2 0 1370 685 686
2971 1 2 0 1371 686 750
2972 1 2 0 1372 686 687
2973 1 2 0 1373 687 751
2974 1 2 0 1374 687 688
2975 1 2 0 1375 688 752
2976 1 2 0 1376 688 689
2977 1 2 0 1377 689 753
2978 1 2 0 1378 689 690
2979 1 2 0 1379 690 754
2980 1 2 0 1380 690 691
2981 1 2 0 1381 691 755
2982 1 2 0 1382 691 692
2983 1 2 0 1383 692 756
2984 1 2 0 1384 692 693
2985 1 2 0 1385 693 757
2986 1 2 0 1386 693 694
2987 1 2 0 1387 694 758
2988 1 2 0 1388 694 695
2989 1 2 0 1389 695 759
2990 1 2 0 1390 695 696
2991 1 2 0 1391 696 760
2992 1 2 0 1392 696 697
2993 1 2 0 1393 697 761
2994 1 2 0 1394 697 698
2995 1 2 0 1395 698 762
2996 1 2 0 1396 698 699
2997 1 2 0 1397 699 763
2998 1 2 0 1398 699 700
2999 1 2 0 1399 700 764
3000 1 2 0 1400 700 701
3001 1 2 0 1401 701 765
3002 1 2 0 1402 701 702
3003 1 2 0 1403 702 766
3004 1 2 0 1404 702 703
3005 1 2 0 1405 703 767
3006 1 2 0 1406 703 704
3007 1 2 0 1407 704 768
3008 1 2 0 1408 704 641
3009 1 2 0 1409 705 769
3010 1 2 0 1410 705 706
3011 1 2 0 1411 706 770
3012 1 2 0 1412 706 707
3013 1 2 0 1413 707 771
3014 1 2 0 1414 707 708
3015 1 2 0 1415 708 772
3016 1 2 0 1416 708 709
3017 1 2 0 1417 709 773
3018 1 2 0 1418 709 710
3019 1 2 0 1419 710 774
3020 1 2 0 1420 710 711
3021 1 2 0 1421 711 775
3022 1 2 0 1422 711 712
3023 1 2 0 1423 712 776
3024 1 2 0 1424 712 713
3025 1 2 0 1425 713 777
3026 1 2 0 1426 713 714
3027 1 2 0 1427 714 778
3028 1 2 0 1428 714 715
3029 1 2 0 1429 715 779
3030 1 2 0 1430 715 716
3031 1 2 0 1431 716 780
3032 1 2 0 1432 716 717
3033 1 2 0 1433 717 781
3034 1 2 0 1434 717 718
3035 1 2 0 1435 718 782
3036 1 2 0 1436 718 719
3037 1 2 0 1437 719 783
3038 1 2 0 1438 719 720
3039 1 2 0 1439 720 784
3040 1 2 0 1440 720 721
3041 1 2 0 1441 721 785
3042 1 2 0 1442 721 722
3043 1 2 0 1443 722 786
3044 1 2 0 1444 722 723
3045 1 2 0 1445 723 787
3046 1 2 0 1446 723 724
3047 1 2 0 1447 724 788
3048 1 2 0 1448 724 725
3049 1 2 0 1449 725 789
3050 1 2 0 1450 725 726
3051 1 2 0 1451 726 790
3052 1 2 0 1452 726 727
3053 1 2 0 1453 727 791
3054 1 2 0 1454 727 728
3055 1 2 0 1455 728 792
3056 1 2 0 1456 728 729
3057 1 2 0 1457 729 793
3058 1 2 0 1458 729 730
3059 1 2 0 1459 730 794
3060 1 2 0 1460 730 731
3061 1 2 0 1461 731 795
3062 1 2 0 1462 731 732
3063 1 2 0 1463 732 796
3064 1 2 0 1464 732 733
3065 1 2 0 1465 733 797
3066 1 2 0 1466 733 734
3067 1 2 0 1467 734 798
3068 1 2 0 1468 734 735
3069 1 2 0 1469 735 799
3070 1 2 0 1470 735 736
3071 1 2 0 1471 736 800
3072 1 2 0 1472 736 737
3073 1 2 0 1473 737 801
3074 1 2 0 1474 737 738
3075 1 2 0 1475 738 802
3076 1 2 0 1476 738 739
3077 1 2 0 1477 739 803
3078 1 2 0 1478 739 740
3079 1 2 0 1479 740 804
3080 1 2 0 1480 740 741
3081 1 2 0 1481 741 805
3082 1 2 0 1482 741 742
3083 1 2 0 1483 742 806
3084 1 2 0 1484 742 743
3085 1 2 0 1485 743 807
3086 1 2 0 1486 743 744
3087 1 2 0 1487 744 808
3088 1 2 0 1488 744 745
3089 1 2 0 1489 745 809
3090 1 2 0 1490 745 746
3091 1 2 0 1491 746 810
3092 1 2 0 1492 746 747
3093 1 2 0 1493 747 811
3094 1 2 0 1494 747 748
3095 1 2 0 1495 748 812
3096 1 2 0 1496 748 749
3097 1 2 0 1497 749 813
3098 1 2 0 1498 749 750
3099 1 2 0 1499 750 814
3100 1 2 0 1500 750 751
3101 1 2 0 1501 751 815
3102 1 2 0 1502 751 752
3103 1 2 0 1503 752 816
3104 1 2 0 1504 752 753
3105 1 2 0 1505 753 817
3106 1 2 0 1506 753 754
3107 1 2 0 1507 754 818
3108 1 2 0 1508 754 755
3109 1 2 0 1509 755 819
3110 1 2 0 1510 755 756
3111 1 2 0 1511 756 820
3112 1 2 0 1512 756 757
3113 1 2 0 1513 757 821
3114 1 2 0 1514 757 758
3115 1 2 0 1515 758 822
3116 1 2 0 1516 758 759
3117 1 2 0 1517 759 823
3118 1 2 0 1518 759 760
3119 1 2 0 1519 760 824
3120 1 2 0 1520 760 761
3121 1 2 0 1521 761 825
3122 1 2 0 1522 761 762
3123 1 2 0 1523 762 826
3124 1 2 0 1524 762 763
3125 1 2 0 1525 763 827
3126 1 2 0 1526 763 764
3127 1 2 0 1527 764 828
3128 1 2 0 1528 764 765
3129 1 2 0 1529 765 829
3130 1 2 0 1530 765 766
3131 1 2 0 1531 766 830
3132 1 2 0 1532 766 767
3133 1 2 0 1533 767 831
3134 1 2 0 1534 767 768
3135 1 2 0 1535 768 832
3136 1 2 0 1536 768 705
3137 1 2 0 1537 769 833
3138 1 2 0 1538 769 770
3139 1 2 0 1539 770 834
3140 1 2 0 1540 770 771
3141 1 2 0 1541 771 835
3142 1 2 0 1542 771 772
3143 1 2 0 1543 772 836
3144 1 2 0 1544 772 773
3145 1 2 0 1545 773 837
3146 1 2 0 1546 773 774
3147 1 2 0 1547 774 838
3148 1 2 0 1548 774 775
3149 1 2 0 1549 775 839
3150 1 2 0 1550 775 776
3151 1 2 0 1551 776 840
3152 1 2 0 1552 776 777
3153 1 2 0 1553 777 841
3154 1 2 0 1554 777 778
3155 1 2 0 1555 778 842
3156 1 2 0 1556 778 779
3157 1 2 0 1557 779 843
3158 1 2 0 1558 779 780
3159 1 2 0 1559 780 844
3160 1 2 0 1560 780 781
3161 1 2 0 1561 781 845
3162 1 2 0 1562 781 782
3163 1 2 0 1563 782 846
3164 1 2 0 1564 782 783
3165 1 2 0 1565 783 847
3166 1 2 0 1566 783 784
3167 1 2 0 1567 784 848
3168 1 2 0 1568 784 785
3169 1 2 0 1569 785 849
3170 1 2 0 1570 785 786
3171 1 2 0 1571 786 850
3172 1 2 0 1572 786 787
3173 1 2 0 1573 787 851
3174 1 2 0 1574 787 788
3175 1 2 0 1575 788 852
3176 1 2 0 1576 788 789
3177 1 2 0 1577 789 853
3178 1 2 0 1578 789 790
3179 1 2 0 1579 790 854
3180 1 2 0 1580 790 791
3181 1 2 0 1581 791 855
3182 1 2 0 1582 791 792
3183 1 2 0 1583 792 856
3184 1 2 0 1584 792 793
3185 1 2 0 1585 793 857
3186 1 2 0 1586 793 794
3187 1 2 0 1587 794 858
3188 1 2 0 1588 794 795
3189 1 2 0 1589 795 859
3190 1 2 0 1590 795 796
3191 1 2 0 1591 796 860
3192 1 2 0 1592 796 797
3193 1 2 0 1593 797 861
3194 1 2 0 1594 797 798
3195 1 2 0 1595 798 862
3196 1 2 0 1596 798 799
3197 1 2 0 1597 799 863
3198 1 2 0 1598 799 800
3199 1 2 0 1599 800 864
3200 1 2 0 1600 800 801
3201 1 2 0 1601 801 865
3202 1 2 0 1602 801 802
3203 1 2 0 1603 802 866
3204 1 2 0 1604 802 803
3205 1 2 0 1605 803 867
3206 1 2 0 1606 803 804
3207 1 2 0 1607 804 868
3208 1 2 0 1608 804 805
3209 1 2 0 1609 805 869
3210 1 2 0 1610 805 806
3211 1 2 0 1611 806 870
3212 1 2 0 1612 806 807
3213 1 2 0 1613 807 871
3214 1 2 0 1614 807 808
3215 1 2 0 1615 808 872
3216 1 2 0 1616 808 809
3217 1 2 0 1617 809 873
3218 1 2 0 1618 809 810
3219 1 2 0 1619 810 874
3220 1 2 0 1620 810 811
3221 1 2 0 1621 811 875
3222 1 2 0 1622 811 812
3223 1 2 0 1623 812 876
3224 1 2 0 1624 812 813
3225 1 2 0 1625 813 877
3226 1 2 0 1626 813 814
3227 1 2 0 1627 814 878
3228 1 2 0 1628 814 815
3229 1 2 0 1629 815 879
3230 1 2 0 1630 815 816
3231 1 2 0 1631 816 880
3232 1 2 0 1632 816 817
3233 1 2 0 1633 817 881
3234 1 2 0 1634 817 818
3235 1 2 0 1635 818 882
3236 1 2 0 1636 818 819
3237 1 2 0 1637 819 883
3238 1 2 0 1638 819 820
3239 1 2 0 1639 820 884
3240 1 2 0 1640 820 821
3241 1 2 0 1641 821 885
3242 1 2 0 1642 821 822
3243 1 2 0 1643 822 886
3244 1 2 0 1644 822 823
3245 1 2 0 1645 823 887
3246 1 2 0 1646 823 824
3247 1 2 0 1647 824 888
3248 1 2 0 1648 824 825
3249 1 2 0 1649 825 889
3250 1 2 0 1650 825 826
3251 1 2 0 1651 826 890
3252 1 2 0 1652 826 827
3253 1 2 0 1653 827 891
3254 1 2 0 1654 827 828
3255 1 2 0 1655 828 892
3256 1 2 0 1656 828 829
3257 1 2 0 1657 829 893
3258 1 2 0 1658 829 830
3259 1 2 0 1659 830 894
3260 1 2 0 1660 830 831
3261 1 2 0 1661 831 895
3262 1 2 0 1662 831 832
3263 1 2 0 1663 832 896
3264 1 2 0 1664 832 769
3265 1 2 0 1665 833 897
3266 1 2 0 1666 833 834
3267 1 2 0 1667 834 898
3268 1 2 0 1668 834 835
3269 1 2 0 1669 835 899
3270 1 2 0 1670 835 836
3271 1 2 0 1671 836 900
3272 1 2 0 1672 836 837
3273 1 2 0 1673 837 901
3274 1 2 0 1674 837 838
3275 1 2 0 1675 838 902
3276 1 2 0 1676 838 839
3277 1 2 0 1677 839 903
3278 1 2 0 1678 839 840
3279 1 2 0 1679 840 904
3280 1 2 0 1680 840 841
3281 1 2 0 1681 841 905
3282 1 2 0 1682 841 842
3283 1 2 0 1683 842 906
3284 1 2 0 1684 842 843
3285 1 2 0 1685 843 907
3286 1 2 0 1686 843 844
3287 1 2 0 1687 844 908
3288 1 2 0 1688 844 845
3289 1 2 0 1689 845 909
3290 1 2 0 1690 845 846
3291 1 2 0 1691 846 910
3292 1 2 0 1692 846 847
3293 1 2 0 1693 847 911
3294 1 2 0 1694 847 848
3295 1 2 0 1695 848 912
3296 1 2 0 1696 848 849
3297 1 2 0 1697 849 913
3298 1 2 0 1698 849 850
3299 1 2 0 1699 850 914
3300 1 2 0 1700 850 851
3301 1 2 0 1701 851 915
3302 1 2 0 1702 851 852
3303 1 2 0 1703 852 916
3304 1 2 0 1704 852 853
3305 1 2 0 1705 853 917
3306 1 2 0 1706 853 854
3307 1 2 0 1707 854 918
3308 1 2 0 1708 854 855
3309 1 2 0 1709 855 919
3310 1 2 0 1710 855 856
3311 1 2 0 1711 856 920
3312 1 2 0 1712 856 857
3313 1 2 0 1713 857 921
3314 1 2 0 1714 857 858
3315 1 2 0 1715 858 922
3316 1 2 0 1716 858 859
3317 1 2 0 1717 859 923
3318 1 2 0 1718 859 860
3319 1 2 0 1719 860 924
3320 1 2 0 1720 860 861
3321 1 2 0 1721 861 925
3322 1 2 0 1722 861 862
3323 1 2 0 1723 862 926
3324 1 2 0 1724 862 863
3325 1 2 0 1725 863 927
3326 1 2 0 1726 863 864
3327 1 2 0 1727 864 928
3328 1 2 0 1728 864 865
3329 1 2 0 1729 865 929
3330 1 2 0 1730 865 866
3331 1 2 0 1731 866 930
3332 1 2 0 1732 866 867
3333 1 2 0 1733 867 931
3334 1 2 0 1734 867 868
3335 1 2 0 1735 868 932
3336 1 2 0 1736 868 869
3337 1 2 0 1737 869 933
3338 1 2 0 1738 869 870
3339 1 2 0 1739 870 934
3340 1 2 0 1740 870 871
3341 1 2 0 1741 871 935
3342 1 2 0 1742 871 872
3343 1 2 0 1743 872 936
3344 1 2 0 1744 872 873
3345 1 2 0 1745 873 937
3346 1 2 0 1746 873 874
3347 1 2 0 1747 874 938
3348 1 2 0 1748 874 875
3349 1 2 0 1749 875 939
3350 1 2 0 1750 875 876
3351 1 2 0 1751 876 940
3352 1 2 0 1752 876 877
3353 1 2 0 1753 877 941
3354 1 2 0 1754 877 878
3355 1 2 0 1755 878 942
3356 1 2 0 1756 878 879
3357 1 2 0 1757 879 943
3358 1 2 0 1758 879 880
3359 1 2 0 1759 880 944
3360 1 2 0 1760 880 881
3361 1 2 0 1761 881 945
3362 1 2 0 1762 881 882
3363 1 2 0 1763 882 946
3364 1 2 0 1764 882 883
3365 1 2 0 1765 883 947
3366 1 2 0 1766 883 884
3367 1 2 0 1767 884 948
3368 1 2 0 1768 884 885
3369 1 2 0 1769 885 949
3370 1 2 0 1770 885 886
3371 1 2 0 1771 886 950
3372 1 2 0 1772 886 887
3373 1 2 0 1773 887 951
3374 1 2 0 1774 887 888
3375 1 2 0 1775 888 952
3376 1 2 0 1776 888 889
3377 1 2 0 1777 889 953
3378 1 2 0 1778 889 890
3379 1 2 0 1779 890 954
3380 1 2 0 1780 890 891
3381 1 2 0 1781 891 955
3382 1 2 0 1782 891 892
3383 1 2 0 1783 892 956
3384 1 2 0 1784 892 893
3385 1 2 0 1785 893 957
3386 1 2 0 1786 893 894
3387 1 2 0 1787 894 958
3388 1 2 0 1788 894 895
3389 1 2 0 1789 895 959
3390 1 2 0 1790 895 896
3391 1 2 0 1791 896 960
3392 1 2 0 1792 896 833
3393 1 2 0 1793 897 961
3394 1 2 0 1794 897 898
3395 1 2 0 1795 898 962
3396 1 2 0 1796 898 899
3397 1 2 0 1797 899 963
3398 1 2 0 1798 899 900
3399 1 2 0 1799 900 964
3400 1 2 0 1800 900 901
3401 1 2 0 1801 901 965
3402 1 2 0 1802 901 902
3403 1 2 0 1803 902 966
3404 1 2 0 1804 902 903
3405 1 2 0 1805 903 967
3406 1 2 0 1806 903 904
3407 1 2 0 1807 904 968
3408 1 2 0 1808 904 905
3409 1 2 0 1809 905 969
3410 1 2 0 1810 905 906
3411 1 2 0 1811 906 970
3412 1 2 0 1812 906 907
3413 1 2 0 1813 907 971
3414 1 2 0 1814 907 908
3415 1 2 0 1815 908 972
3416 1 2 0 1816 908 909
3417 1 2 0 1817 909 973
3418 1 2 0 1818 909 910
3419 1 2 0 1819 910 974
3420 1 2 0 1820 910 911
3421 1 2 0 1821 911 975
3422 1 2 0 1822 911 912
3423 1 2 0 1823 912 976
3424 1 2 0 1824 912 913
3425 1 2 0 1825 913 977
3426 1 2 0 1826 913 914
3427 1 2 0 1827 914 978
3428 1 2 0 1828 914 915
3429 1 2 0 1829 915 979
3430 1 2 0 1830 915 916
3431 1 2 0 1831 916 980
3432 1 2 0 1832 916 917
3433 1 2 0 1833 917 981
3434 1 2 0 1834 917 918
3435 1 2 0 1835 918 982
3436 1 2 0 1836 918 919
3437 1 2 0 1837 919 983
3438 1 2 0 1838 919 920
3439 1 2 0 1839 920 984
3440 1 2 0 1840 920 921
3441 1 2 0 1841 921 985
3442 1 2 0 1842 921 922
3443 1 2 0 1843 922 986
3444 1 2 0 1844 922 923
3445 1 2 0 1845 923 987
3446 1 2 0 1846 923 924
3447 1 2 0 1847 924 988
3448 1 2 0 1848 924 925
3449 1 2 0 1849 925 989
3450 1 2 0 1850 925 926
3451 1 2 0 1851 926 990
3452 1 2 0 1852 926 927
3453 1 2 0 1853 927 991
3454 1 2 0 1854 927 928
3455 1 2 0 1855 928 992
3456 1 2 0 1856 928 929
3457 1 2 0 1857 929 993
3458 1 2 0 1858 929 930
3459 1 2 0 1859 930 994
3460 1 2 0 1860 930 931
3461 1 2 0 1861 931 995
3462 1 2 0 1862 931 932
3463 1 2 0 1863 932 996
3464 1 2 0 1864 932 933
3465 1 2 0 1865 933 997
3466 1 2 0 1866 933 934
3467 1 2 0 1867 934 998
3468 1 2 0 1868 934 935
3469 1 2 0 1869 935 999
3470 1 2 0 1870 935 936
3471 1 2 0 1871 936 1000
3472 1 2 0 1872 936 937
3473 1 2 0 1873 937 1001
3474 1 2 0 1874 937 938
3475 1 2 0 1875 938 1002
3476 1 2 0 1876 938 939
3477 1 2 0 1877 939 1003
3478 1 2 0 1878 939 940
3479 1 2 0 1879 940 1004
3480 1 2 0 1880 940 941
3481 1 2 0 1881 941 1005
3482 1 2 0 1882 941 942
3483 1 2 0 1883 942 1006
3484 1 2 0 1884 942 943
3485 1 2 0 1885 943 1007
3486 1 2 0 1886 943 944
3487 1 2 0 1887 944 1008
3488 1 2 0 1888 944 945
3489 1 2 0 1889 945 1009
3490 1 2 0 1890 945 946
3491 1 2 0 1891 946 1010
3492 1 2 0 1892 946 947
3493 1 2 0 1893 947 1011
3494 1 2 0 1894 947 948
3495 1 2 0 1895 948 1012
3496 1 2 0 1896 948 949
3497 1 2 0 1897 949 1013
3498 1 2 0 1898 949 950
3499 1 2 0 1899 950 1014
3500 1 2 0 1900 950 951
3501 1 2 0 1901 951 1015
3502 1 2 0 1902 951 952
3503 1 2 0 1903 952 1016
3504 1 2 0 1904 952 953
3505 1 2 0 1905 953 1017
3506 1 2 0 1906 953 954
3507 1 2 0 1907 954 1018
3508 1 2 0 1908 954 955
3509 1 2 0 1909 955 1019
3510 1 2 0 1910 955 956
3511 1 2 0 1911 956 1020
3512 1 2 0 1912 956 957
3513 1 2 0 1913 957 1021
3514 1 2 0 1914 957 958
3515 1 2 0 1915 958 1022
3516 1 2 0 1916 958 959
3517 1 2 0 1917 959 1023
3518 1 2 0 1918 959 960
3519 1 2 0 1919 960 1024
3520 1 2 0 1920 960 897
3521 1 2 0 1921 961 1025
3522 1 2 0 1922 961 962
3523 1 2 0 1923 962 1026
3524 1 2 0 1924 962 963
3525 1 2 0 1925 963 1027
3526 1 2 0 1926 963 964
3527 1 2 0 1927 964 1028
3528 1 2 0 1928 964 965
3529 1 2 0 1929 965 1029
3530 1 2 0 1930 965 966
3531 1 2 0 1931 966 1030
3532 1 2 0 1932 966 967
3533 1 2 0 1933 967 1031
3534 1 2 0 1934 967 968
3535 1 2 0 1935 968 1032
3536 1 2 0 1936 968 969
3537 1 2 0 1937 969 1033
3538 1 2 0 1938 969 970
3539 1 2 0 1939 970 1034
3540 1 2 0 1940 970 971
3541 1 2 0 1941 971 1035
3542 1 2 0 1942 971 972
3543 1 2 0 1943 972 1036
3544 1 2 0 1944 972 973
3545 1 2 0 1945 973 1037
3546 1 2 0 1946 973 974
3547 1 2 0 1947 974 1038
3548 1 2 0 1948 974 975
3549 1 2 0 1949 975 1039
3550 1 2 0 1950 975 976
3551 1 2 0 1951 976 1040
3552 1 2 0 1952 976 977
3553 1 2 0 1953 977 1041
3554 1 2 0 1954 977 978
3555 1 2 0 1955 978 1042
3556 1 2 0 1956 978 979
3557 1 2 0 1957 979 1043
3558 1 2 0 1958 979 980
3559 1 2 0 1959 980 1044
3560 1 2 0 1960 980 981
3561 1 2 0 1961 981 1045
3562 1 2 0 1962 981 982
3563 1 2 0 1963 982 1046
3564 1 2 0 1964 982 983
3565 1 2 0 1965 983 1047
3566 1 2 0 1966 983 984
3567 1 2 0 1967 984 1048
3568 1 2 0 1968 984 985
3569 1 2 0 1969 985 1049
3570 1 2 0 1970 985 986
3571 1 2 0 1971 986 1050
3572 1 2 0 1972 986 987
3573 1 2 0 1973 987 1051
3574 1 2 0 1974 987 988
3575 1 2 0 1975 988 1052
3576 1 2 0 1976 988 989
3577 1 2 0 1977 989 1053
3578 1 2 0 1978 989 990
3579 1 2 0 1979 990 1054
3580 1 2 0 1980 990 991
3581 1 2 0 1981 991 1055
3582 1 2 0 1982 991 992
3583 1 2 0 1983 992 1056
3584 1 2 0 1984 992 993
3585 1 2 0 1985 993 1057
3586 1 2 0 1986 993 994
3587 1 2 0 1987 994 1058
3588 1 2 0 1988 994 995
3589 1 2 0 1989 995 1059
3590 1 2 0 1990 995 996
3591 1 2 0 1991 996 1060
3592 1 2 0 1992 996 997
3593 1 2 0 1993 997 1061
3594 1 2 0 1994 997 998
3595 1 2 0 1995 998 1062
3596 1 2 0 1996 998 999
3597 1 2 0 1997 999 1063
3598 1 2 0 1998 999 1000
3599 1 2 0 1999 1000 1064
3600 1 2 0 2000 1000 1001
3601 1 2 0 2001 1001 1065
3602 1 2 0 2002 1001 1002
3603 1 2 0 2003 1002 1066
3604 1 2 0 2004 1002 1003
3605 1 2 0 2005 1003 1067
3606 1 2 0 2006 1003 1004
3607 1 2 0 2007 1004 1068
3608 1 2 0 2008 1004 1005
3609 1 2 0 2009 1005 1069
3610 1 2 0 2010 1005 1006
3611 1 2 0 2011 1006 1070
3612 1 2 0 2012 1006 1007
3613 1 2 0 2013 1007 1071
3614 1 2 0 2014 1007 1008
3615 1 2 0 2015 1008 1072
3616 1 2 0 2016 1008 1009
3617 1 2 0 2017 1009 1073
3618 1 2 0 2018 1009 1010
3619 1 2 0 2019 1010 1074
3620 1 2 0 2020 1010 1011
3621 1 2 0 2021 1011 1075
3622 1 2 0 2022 1011 1012
3623 1 2 0 2023 1012 1076
3624 1 2 0 2024 1012 1013
3625 1 2 0 2025 1013 1077
3626 1 2 0 2026 1013 1014
3627 1 2 0 2027 1014 1078
3628 1 2 0 2028 1014 1015
3629 1 2 0 2029 1015 1079
3630 1 2 0 2030 1015 1016
3631 1 2 0 2031 1016 1080
3632 1 2 0 2032 1016 1017
3633 1 2 0 2033 1017 1081
3634 1 2 0 2034 1017 1018
3635 1 2 0 2035 1018 1082
3636 1 2 0 2036 1018 1019
3637 1 2 0 2037 1019 1083
3638 1 2 0 2038 1019 1020
3639 1 2 0 2039 1020 1084
3640 1 2 0 2040 1020 1021
3641 1 2 0 2041 1021 1085
3642 1 2 0 2042 1021 1022
3643 1 2 0 2043 1022 1086
3644 1 2 0 2044 1022 1023
3645 1 2 0 2045 1023 1087
3646 1 2 0 2046 1023 1024
3647 1 2 0 2047 1024 1088
3648 1 2 0 2048 1024 961
3649 1 2 0 2049 1025 1089
3650 1 2 0 2050 1025 1026
3651 1 2 0 2051 1026 1090
3652 1 2 0 2052 1026 1027
3653 1 2 0 2053 1027 1091
3654 1 2 0 2054 1027 1028
3655 1 2 0 2055 1028 1092
3656 1 2 0 2056 1028 1029
3657 1 2 0 2057 1029 1093
3658 1 2 0 2058 1029 1030
3659 1 2 0 2059 1030 1094
3660 1 2 0 2060 1030 1031
3661 1 2 0 2061 1031 1095
3662 1 2 0 2062 1031 1032
3663 1 2 0 2063 1032 1096
3664 1 2 0 2064 1032 1033
3665 1 2 0 2065 1033 1097
3666 1 2 0 2066 1033 1034
3667 1 2 0 2067 1034 1098
3668 1 2 0 2068 1034 1035
3669 1 2 0 2069 1035 1099
3670 1 2 0 2070 1035 1036
3671 1 2 0 2071 1036 1100
3672 1 2 0 2072 1036 1037
3673 1 2 0 2073 1037 1101
3674 1 2 0 2074 1037 1038
3675 1 2 0 2075 1038 1102
3676 1 2 0 2076 1038 1039
3677 1 2 0 2077 1039 1103
3678 1 2 0 2078 1039 1040
3679 1 2 0 2079 1040 1104
3680 1 2 0 2080 1040 1041
3681 1 2 0 2081 1041 1105
3682 1 2 0 2082 1041 1042
3683 1 2 0 2083 1042 1106
3684 1 2 0 2084 1042 1043
3685 1 2 0 2085 1043 1107
3686 1 2 0 2086 1043 1044
3687 1 2 0 2087 1044 1108
3688 1 2 0 2088 1044 1045
3689 1 2 0 2089 1045 1109
3690 1 2 0 2090 1045 1046
3691 1 2 0 2091 1046 1110
3692 1 2 0 2092 1046 1047
3693 1 2 0 2093 1047 1111
3694 1 2 0 2094 1047 1048
3695 1 2 0 2095 1048 1112
3696 1 2 0 2096 1048 1049
3697 1 2 0 2097 1049 1113
3698 1 2 0 2098 1049 1050
3699 1 2 0 2099 1050 1114
3700 1 2 0 2100 1050 1051
3701 1 2 0 2101 1051 1115
3702 1 2 0 2102 1051 1052
3703 1 2 0 2103 1052 1116
3704 1 2 0 2104 1052 1053
3705 1 2 0 2105 1053 1117
3706 1 2 0 2106 1053 1054
3707 1 2 0 2107 1054 1118
3708 1 2 0 2108 1054 1055
3709 1 2 0 2109 1055 1119
3710 1 2 0 2110 1055 1056
3711 1 2 0 2111 1056 1120
3712 1 2 0 2112 1056 1057
3713 1 2 0 2113 1057 1121
3714 1 2 0 2114 1057 1058
3715 1 2 0 2115 1058 1122
3716 1 2 0 2116 1058 1059
3717 1 2 0 2117 1059 1123
3718 1 2 0 2118 1059 1060
3719 1 2 0 2119 1060 1124
3720 1 2 0 2120 1060 1061
3721 1 2 0 2121 1061 1125
3722 1 2 0 2122 1061 1062
3723 1 2 0 2123 1062 1126
3724 1 2 0 2124 1062 1063
3725 1 2 0 2125 1063 1127
3726 1 2 0 2126 1063 1064
3727 1 2 0 2127 1064 1128
3728 1 2 0 2128 1064 1065
3729 1 2 0 2129 1065 1129
3730 1 2 0 2130 1065 1066
3731 1 2 0 2131 1066 1130
3732 1 2 0 2132 1066 1067
3733 1 2 0 2133 1067 1131
3734 1 2 0 2134 1067 1068
3735 1 2 0 2135 1068 1132
3736 1 2 0 2136 1068 1069
3737 1 2 0 2137 1069 1133
3738 1 2 0 2138 1069 1070
3739 1 2 0 2139 1070 1134
3740 1 2 0 2140 1070 1071
3741 1 2 0 2141 1071 1135
3742 1 2 0 2142 1071 1072
3743 1 2 0 2143 1072 1136
3744 1 2 0 2144 1072 1073
3745 1 2 0 2145 1073 1137
3746 1 2 0 2146 1073 1074
3747 1 2 0 2147 1074 1138
3748 1 2 0 2148 1074 1075
3749 1 2 0 2149 1075 1139
3750 1 2 0 2150 1075 1076
3751 1 2 0 2151 1076 1140
3752 1 2 0 2152 1076 1077
3753 1 2 0 2153 1077 1141
3754 1 2 0 2154 1077 1078
3755 1 2 0 2155 1078 1142
3756 1 2 0 2156 1078 1079
3757 1 2 0 2157 1079 1143
3758 1 2 0 2158 1079 1080
3759 1 2 0 2159 1080 1144
3760 1 2 0 2160 1080 1081
3761 1 2 0 2161 1081 1145
3762 1 2 0 2162 1081 1082
3763 1 2 0 2163 1082 1146
3764 1 2 0 2164 1082 1083
3765 1 2 0 2165 1083 1147
3766 1 2 0 2166 1083 1084
3767 1 2 0 2167 1084 1148
3768 1 2 0 2168 1084 1085
3769 1 2 0 2169 1085 1149
3770 1 2 0 2170 1085 1086
3771 1 2 0 2171 1086 1150
3772 1 2 0 2172 1086 1087
3773 1 2 0 2173 1087 1151
3774 1 2 0 2174 1087 1088
3775 1 2 0 2175 1088 1152
3776 1 2 0 2176 1088 1025
3777 1 2 0 2177 1089 1153
3778 1 2 0 2178 1089 1090
3779 1 2 0 2179 1090 1154
3780 1 2 0 2180 1090 1091
3781 1 2 0 2181 1091 1155
3782 1 2 0 2182 1091 1092
3783 1 2 0 2183 1092 1156
3784 1 2 0 2184 1092 1093
3785 1 2 0 2185 1093 1157
3786 1 2 0 2186 1093 1094
3787 1 2 0 2187 1094 1158
3788 1 2 0 2188 1094 1095
3789 1 2 0 2189 1095 1159
3790 1 2 0 2190 1095 1096
3791 1 2 0 2191 1096 1160
3792 1 2 0 2192 1096 1097
3793 1 2 0 2193 1097 1161
3794 1 2 0 2194 1097 1098
3795 1 2 0 2195 1098 1162
3796 1 2 0 2196 1098 1099
3797 1 2 0 2197 1099 1163
3798 1 2 0 2198 1099 1100
3799 1 2 0 2199 1100 1164
3800 1 2 0 2200 1100 1101
3801 1 2 0 2201 1101 1165
3802 1 2 0 2202 1101 1102
3803 1 2 0 2203 1102 1166
3804 1 2 0 2204 1102 1103
3805 1 2 0 2205 1103 1167
3806 1 2 0 2206 1103 1104
3807 1 2 0 2207 1104 1168
3808 1 2 0 2208 1104 1105
3809 1 2 0 2209 1105 1169
3810 1 2 0 2210 1105 1106
3811 1 2 0 2211 1106 1170
3812 1 2 0 2212 1106 1107
3813 1 2 0 2213 1107 1171
3814 1 2 0 2214 1107 1108
3815 1 2 0 2215 1108 1172
3816 1 2 0 2216 1108 1109
3817 1 2 0 2217 1109 1173
3818 1 2 0 2218 1109 1110
3819 1 2 0 2219 1110 1174
3820 1 2 0 2220 1110 1111
3821 1 2 0 2221 1111 1175
3822 1 2 0 2222 1111 1112
3823 1 2 0 2223 1112 1176
3824 1 2 0 2224 1112 1113
3825 1 2 0 2225 1113 1177
3826 1 2 0 2226 1113 1114
3827 1 2 0 2227 1114 1178
3828 1 2 0 2228 1114 1115
3829 1 2 0 2229 1115 1179
3830 1 2 0 2230 1115 1116
3831 1 2 0 2231 1116 1180
3832 1 2 0 2232 1116 1117
3833 1 2 0 2233 1117 1181
3834 1 2 0 2234 1117 1118
3835 1 2 0 2235 1118 1182
3836 1 2 0 2236 1118 1119
3837 1 2 0 2237 1119 1183
3838 1 2 0 2238 1119 1120
3839 1 2 0 2239 1120 1184
3840 1 2 0 2240 1120 1121
3841 1 2 0 2241 1121 1185
3842 1 2 0 2242 1121 1122
3843 1 2 0 2243 1122 1186
3844 1 2 0 2244 1122 1123
3845 1 2 0 2245 1123 1187
3846 1 2 0 2246 1123 1124
3847 1 2 0 2247 1124 1188
3848 1 2 0 2248 1124 1125
3849 1 2 0 2249 1125 1189
3850 1 2 0 2250 1125 1126
3851 1 2 0 2251 1126 1190
3852 1 2 0 2252 1126 1127
3853 1 2 0 2253 1127 1191
3854 1 2 0 2254 1127 1128
3855 1 2 0 2255 1128 1192
3856 1 2 0 2256 1128 1129
3857 1 2 0 2257 1129 1193
3858 1 2 0 2258 1129 1130
3859 1 2 0 2259 1130 1194
3860 1 2 0 2260 1130 1131
3861 1 2 0 2261 1131 1195
3862 1 2 0 2262 1131 1132
3863 1 2 0 2263 1132 1196
3864 1 2 0 2264 1132 1133
3865 1 2 0 2265 1133 1197
3866 1 2 0 2266 1133 1134
3867 1 2 0 2267 1134 1198
3868 1 2 0 2268 1134 1135
3869 1 2 0 2269 1135 1199
3870 1 2 0 2270 1135 1136
3871 1 2 0 2271 1136 1200
3872 1 2 0 2272 1136 1137
3873 1 2 0 2273 1137 1201
3874 1 2 0 2274 1137 1138
3875 1 2 0 2275 1138 1202
3876 1 2 0 2276 1138 1139
3877 1 2 0 2277 1139 1203
3878 1 2 0 2278 1139 1140
3879 1 2 0 2279 1140 1204
3880 1 2 0 2280 1140 1141
3881 1 2 0 2281 1141 1205
3882 1 2 0 2282 1141 1142
3883 1 2 0 2283 1142 1206
3884 1 2 0 2284 1142 1143
3885 1 2 0 2285 1143 1207
3886 1 2 0 2286 1143 1144
3887 1 2 0 2287 1144 1208
3888 1 2 0 2288 1144 1145
3889 1 2 0 2289 1145 1209
3890 1 2 0 2290 1145 1146
3891 1 2 0 2291 1146 1210
3892 1 2 0 2292 1146 1147
3893 1 2 0 2293 1147 1211
3894 1 2 0 2294 1147 1148
3895 1 2 0 2295 1148 1212
3896 1 2 0 2296 1148 1149
3897 1 2 0 2297 1149 1213
3898 1 2 0 2298 1149 1150
3899 1 2 0 2299 1150 1214
3900 1 2 0 2300 1150 1151
3901 1 2 0 2301 1151 1215
3902 1 2 0 2302 1151 1152
3903 1 2 0 2303 1152 1216
3904 1 2 0 2304 1152 1089
3905 1 2 0 2305 1153 1217
3906 1 2 0 2306 1153 1154
3907 1 2 0 2307 1154 1218
3908 1 2 0 2308 1154 1155
3909 1 2 0 2309 1155 1219
3910 1 2 0 2310 1155 1156
3911 1 2 0 2311 1156 1220
3912 1 2 0 2312 1156 1157
3913 1 2 0 2313 1157 1221
3914 1 2 0 2314 1157 1158
3915 1 2 0 2315 1158 1222
3916 1 2 0 2316 1158 1159
3917 1 2 0 2317 1159 1223
3918 1 2 0 2318 1159 1160
3919 1 2 0 2319 1160 1224
3920 1 2 0 2320 1160 1161
3921 1 2 0 2321 1161 1225
3922 1 2 0 2322 1161 1162
3923 1 2 0 2323 1162 1226
3924 1 2 0 2324 1162 1163
3925 1 2 0 2325 1163 1227
3926 1 2 0 2326 1163 1164
3927 1 2 0 2327 1164 1228
3928 1 2 0 2328 1164 1165
3929 1 2 0 2329 1165 1229
3930 1 2 0 2330 1165 1166
3931 1 2 0 2331 1166 1230
3932 1 2 0 2332 1166 1167
3933 1 2 0 2333 1167 1231
3934 1 2 0 2334 1167 1168
3935 1 2 0 2335 1168 1232
3936 1 2 0 2336 1168 1169
3937 1 2 0 2337 1169 1233
3938 1 2 0 2338 1169 1170
3939 1 2 0 2339 1170 1234
3940 1 2 0 2340 1170 1171
3941 1 2 0 2341 1171 1235
3942 1 2 0 2342 1171 1172
3943 1 2 0 2343 1172 1236
3944 1 2 0 2344 1172 1173
3945 1 2 0 2345 1173 1237
3946 1 2 0 2346 1173 1174
3947 1 2 0 2347 1174 1238
3948 1 2 0 2348 1174 1175
3949 1 2 0 2349 1175 1239
3950 1 2 0 2350 1175 1176
3951 1 2 0 2351 1176 1240
3952 1 2 0 2352 1176 1177
3953 1 2 0 2353 1177 1241
3954 1 2 0 2354 1177 1178
3955 1 2 0 2355 1178 1242
3956 1 2 0 2356 1178 1179
3957 1 2 0 2357 1179 1243
3958 1 2 0 2358 1179 1180
3959 1 2 0 2359 1180 1244
3960 1 2 0 2360 1180 1181
3961 1 2 0 2361 1181 1245
3962 1 2 0 2362 1181 1182
3963 1 2 0 2363 1182 1246
3964 1 2 0 2364 1182 1183
3965 1 2 0 2365 1183 1247
3966 1 2 0 2366 1183 1184
3967 1 2 0 2367 1184 1248
3968 1 2 0 2368 1184 1185
3969 1 2 0 2369 1185 1249
3970 1 2 0 2370 1185 1186
3971 1 2 0 2371 1186 1250
3972 1 2 0 2372 1186 1187
3973 1 2 0 2373 1187 1251
3974 1 2 0 2374 1187 1188
3975 1 2 0 2375 1188 1252
3976 1 2 0 2376 1188 1189
3977 1 2 0 2377 1189 1253
3978 1 2 0 2378 1189 1190
3979 1 2 0 2379 1190 1254
3980 1 2 0 2380 1190 1191
3981 1 2 0 2381 1191 1255
3982 1 2 0 2382 1191 1192
3983 1 2 0 2383 1192 1256
3984 1 2 0 2384 1192 1193
3985 1 2 0 2385 1193 1257
3986 1 2 0 2386 1193 1194
3987 1 2 0 2387 1194 1258
3988 1 2 0 2388 1194 1195
3989 1 2 0 2389 1195 1259
3990 1 2 0 2390 1195 1196
3991 1 2 0 2391 1196 1260
3992 1 2 0 2392 1196 1197
3993 1 2 0 2393 1197 1261
3994 1 2 0 2394 1197 1198
3995 1 2 0 2395 1198 1262
3996 1 2 0 2396 1198 1199
3997 1 2 0 2397 1199 1263
3998 1 2 0 2398 1199 1200
3999 1 2 0 2399 1200 1264
4000 1 2 0 2400 1200 1201
4001 1 2 0 2401 1201 1265
4002 1 2 0 2402 1201 1202
4003 1 2 0 2403 1202 1266
4004 1 2 0 2404 1202 1203
4005 1 2 0 2405 1203 1267
4006 1 2 0 2406 1203 1204
4007 1 2 0 2407 1204 1268
4008 1 2 0 2408 1204 1205
4009 1 2 0 2409 1205 1269
4010 1 2 0 2410 1205 1206
4011 1 2 0 2411 1206 1270
4012 1 2 0 2412 1206 1207
4013 1 2 0 2413 1207 1271
4014 1 2 0 2414 1207 1208
4015 1 2 0 2415 1208 1272
4016 1 2 0 2416 1208 1209
4017 1 2 0 2417 1209 1273
4018 1 2 0 2418 1209 1210
4019 1 2 0 2419 1210 1274
4020 1 2 0 2420 1210 1211
4021 1 2 0 2421 1211 1275
4022 1 2 0 2422 1211 1212
4023 1 2 0 2423 1212 1276
4024 1 2 0 2424 1212 1213
4025 1 2 0 2425 1213 1277
4026 1 2 0 2426 1213 1214
4027 1 2 0 2427 1214 1278
4028 1 2 0 2428 1214 1215
4029 1 2 0 2429 1215 1279
4030 1 2 0 2430 1215 1216
4031 1 2 0 2431 1216 1280
4032 1 2 0 2432 1216 1153
4033 1 2 0 2433 1217 1281
4034 1 2 0 2434 1217 1218
4035 1 2 0 2435 1218 1282
4036 1 2 0 2436 1218 1219
4037 1 2 0 2437 1219 1283
4038 1 2 0 2438 1219 1220
4039 1 2 0 2439 1220 1284
4040 1 2 0 2440 1220 1221
4041 1 2 0 2441 1221 1285
4042 1 2 0 2442 1221 1222
4043 1 2 0 2443 1222 1286
4044 1 2 0 2444 1222 1223
4045 1 2 0 2445 1223 1287
4046 1 2 0 2446 1223 1224
4047 1 2 0 2447 1224 1288
4048 1 2 0 2448 1224 1225
4049 1 2 0 2449 1225 1289
4050 1 2 0 2450 1225 1226
4051 1 2 0 2451 1226 1290
4052 1 2 0 2452 1226 1227
4053 1 2 0 2453 1227 1291
4054 1 2 0 2454 1227 1228
4055 1 2 0 2455 1228 1292
4056 1 2 0 2456 1228 1229
4057 1 2 0 2457 1229 1293
4058 1 2 0 2458 1229 1230
4059 1 2 0 2459 1230 1294
4060 1 2 0 2460 1230 1231
4061 1 2 0 2461 1231 1295
4062 1 2 0 2462 1231 1232
4063 1 2 0 2463 1232 1296
4064 1 2 0 2464 1232 1233
4065 1 2 0 2465 1233 1297
4066 1 2 0 2466 1233 1234
4067 1 2 0 2467 1234 1298
4068 1 2 0 2468 1234 1235
4069 1 2 0 2469 1235 1299
4070 1 2 0 2470 1235 1236
4071 1 2 0 2471 1236 1300
4072 1 2 0 2472 1236 1237
4073 1 2 0 2473 1237 1301
4074 1 2 0 2474 1237 1238
4075 1 2 0 2475 1238 1302
4076 1 2 0 2476 1238 1239
4077 1 2 0 2477 1239 1303
4078 1 2 0 2478 1239 1240
4079 1 2 0 2479 1240 1304
4080 1 2 0 2480 1240 1241
4081 1 2 0 2481 1241 1305
4082 1 2 0 2482 1241 1242
4083 1 2 0 2483 1242 1306
4084 1 2 0 2484 1242 1243
4085 1 2 0 2485 1243 1307
4086 1 2 0 2486 1243 1244
4087 1 2 0 2487 1244 1308
4088 1 2 0 2488 1244 1245
4089 1 2 0 2489 1245 1309
4090 1 2 0 2490 1245 1246
4091 1 2 0 2491 1246 1310
4092 1 2 0 2492 1246 1247
4093 1 2 0 2493 1247 1311
4094 1 2 0 2494 1247 1248
4095 1 2 0 2495 1248 1312
4096 1 2 0 2496 1248 1249
4097 1 2 0 2497 1249 1313
4098 1 2 0 2498 1249 1250
4099 1 2 0 2499 1250 1314
4100 1 2 0 2500 1250 1251
4101 1 2 0 2501 1251 1315
4102 1 2 0 2502 1251 1252
4103 1 2 0 2503 1252 1316
4104 1 2 0 2504 1252 1253
4105 1 2 0 2505 1253 1317
4106 1 2 0 2506 1253 1254
4107 1 2 0 2507 1254 1318
4108 1 2 0 2508 1254 1255
4109 1 2 0 2509 1255 1319
4110 1 2 0 2510 1255 1256
4111 1 2 0 2511 1256 1320
4112 1 2 0 2512 1256 1257
4113 1 2 0 2513 1257 1321
4114 1 2 0 2514 1257 1258
4115 1 2 0 2515 1258 1322
4116 1 2 0 2516 1258 1259
4117 1 2 0 2517 1259 1323
4118 1 2 0 2518 1259 1260
4119 1 2 0 2519 1260 1324
4120 1 2 0 2520 1260 1261
4121 1 2 0 2521 1261 1325
4122 1 2 0 2522 1261 1262
4123 1 2 0 2523 1262 1326
4124 1 2 0 2524 1262 1263
4125 1 2 0 2525 1263 1327
4126 1 2 0 2526 1263 1264
4127 1 2 0 2527 1264 1328
4128 1 2 0 2528 1264 1265
4129 1 2 0 2529 1265 1329
4130 1 2 0 2530 1265 1266
4131 1 2 0 2531 1266 1330
4132 1 2 0 2532 1266 1267
4133 1 2 0 2533 1267 1331
4134 1 2 0 2534 1267 1268
4135 1 2 0 2535 1268 1332
4136 1 2 0 2536 1268 1269
4137 1 2 0 2537 1269 1333
4138 1 2 0 2538 1269 1270
4139 1 2 0 2539 1270 1334
4140 1 2 0 2540 1270 1271
4141 1 2 0 2541 1271 1335
4142 1 2 0 2542 1271 1272
4143 1 2 0 2543 1272 1336
4144 1 2 0 2544 1272 1273
4145 1 2 0 2545 1273 1337
4146 1 2 0 2546 1273 1274
4147 1 2 0 2547 1274 1338
4148 1 2 0 2548 1274 1275
4149 1 2 0 2549 1275 1339
4150 1 2 0 2550 1275 1276
4151 1 2 0 2551 1276 1340
4152 1 2 0 2552 1276 1277
4153 1 2 0 2553 1277 1341
4154 1 2 0 2554 1277 1278
4155 1 2 0 2555 1278 1342
4156 1 2 0 2556 1278 1279
4157 1 2 0 2557 1279 1343
4158 1 2 0 2558 1279 1280
4159 1 2 0 2559 1280 1344
4160 1 2 0 2560 1280 1217
4161 1 2 0 2561 1281 1345
4162 1 2 0 2562 1281 1282
4163 1 2 0 2563 1282 1346
4164 1 2 0 2564 1282 1283
4165 1 2 0 2565 1283 1347
4166 1 2 0 2566 1283 1284
4167 1 2 0 2567 1284 1348
4168 1 2 0 2568 1284 1285
4169 1 2 0 2569 1285 1349
4170 1 2 0 2570 1285 1286
4171 1 2 0 2571 1286 1350
4172 1 2 0 2572 1286 1287
4173 1 2 0 2573 1287 1351
4174 1 2 0 2574 1287 1288
4175 1 2 0 2575 1288 1352
4176 1 2 0 2576 1288 1289
4177 1 2 0 2577 1289 1353
4178 1 2 0 2578 1289 1290
4179 1 2 0 2579 1290 1354
4180 1 2 0 2580 1290 1291
4181 1 2 0 2581 1291 1355
4182 1 2 0 2582 1291 1292
4183 1 2 0 2583 1292 1356
4184 1 2 0 2584 1292 1293
4185 1 2 0 2585 1293 1357
4186 1 2 0 2586 1293 1294
4187 1 2 0 2587 1294 1358
4188 1 2 0 2588 1294 1295
4189 1 2 0 2589 1295 1359
4190 1 2 0 2590 1295 1296
4191 1 2 0 2591 1296 1360
4192 1 2 0 2592 1296 1297
4193 1 2 0 2593 1297 1361
4194 1 2 0 2594 1297 1298
4195 1 2 0 2595 1298 1362
4196 1 2 0 2596 1298 1299
4197 1 2 0 2597 1299 1363
4198 1 2 0 2598 1299 1300
4199 1 2 0 2599 1300 1364
4200 1 2 0 2600 1300 1301
4201 1 2 0 2601 1301 1365
4202 1 2 0 2602 1301 1302
4203 1 2 0 2603 1302 1366
4204 1 2 0 2604 1302 1303
4205 1 2 0 2605 1303 1367
4206 1 2 0 2606 1303 1304
4207 1 2 0 2607 1304 1368
4208 1 2 0 2608 1304 1305
4209 1 2 0 2609 1305 1369
4210 1 2 0 2610 1305 1306
4211 1 2 0 2611 1306 1370
4212 1 2 0 2612 1306 1307
4213 1 2 0 2613 1307 1371
4214 1 2 0 2614 1307 1308
4215 1 2 0 2615 1308 1372
4216 1 2 0 2616 1308 1309
4217 1 2 0 2617 1309 1373
4218 1 2 0 2618 1309 1310
4219 1 2 0 2619 1310 1374
4220 1 2 0 2620 1310 1311
4221 1 2 0 2621 1311 1375
4222 1 2 0 2622 1311 1312
4223 1 2 0 2623 1312 1376
4224 1 2 0 2624 1312 1313
4225 1 2 0 2625 1313 1377
4226 1 2 0 2626 1313 1314
4227 1 2 0 2627 1314 1378
4228 1 2 0 2628 1314 1315
4229 1 2 0 2629 1315 1379
4230 1 2 0 2630 1315 1316
4231 1 2 0 2631 1316 1380
4232 1 2 0 2632 1316 1317
4233 1 2 0 2633 1317 1381
4234 1 2 0 2634 1317 1318
4235 1 2 0 2635 1318 1382
4236 1 2 0 2636 1318 1319
4237 1 2 0 2637 1319 1383
4238 1 2 0 2638 1319 1320
4239 1 2 0 2639 1320 1384
4240 1 2 0 2640 1320 1321
4241 1 2 0 2641 1321 1385
4242 1 2 0 2642 1321 1322
4243 1 2 0 2643 1322 1386
4244 1 2 0 2644 1322 1323
4245 1 2 0 2645 1323 1387
4246 1 2 0 2646 1323 1324
4247 1 2 0 2647 1324 1388
4248 1 2 0 2648 1324 1325
4249 1 2 0 2649 1325 1389
4250 1 2 0 2650 1325 1326
4251 1 2 0 2651 1326 1390
4252 1 2 0 2652 1326 1327
4253 1 2 0 2653 1327 1391
4254 1 2 0 2654 1327 1328
4255 1 2 0 2655 1328 1392
4256 1 2 0 2656 1328 1329
4257 1 2 0 2657 1329 1393
4258 1 2 0 2658 1329 1330
4259 1 2 0 2659 1330 1394
4260 1 2 0 2660 1330 1331
4261 1 2 0 2661 1331 1395
4262 1 2 0 2662 1331 1332
4263 1 2 0 2663 1332 1396
4264 1 2 0 2664 1332 1333
4265 1 2 0 2665 1333 1397
4266 1 2 0 2666 1333 1334
4267 1 2 0 2667 1334 1398
4268 1 2 0 2668 1334 1335
4269 1 2 0 2669 1335 1399
4270 1 2 0 2670 1335 1336
4271 1 2 0 2671 1336 1400
4272 1 2 0 2672 1336 1337
4273 1 2 0 2673 1337 1401
4274 1 2 0 2674 1337 1338
4275 1 2 0 2675 1338 1402
4276 1 2 0 2676 1338 1339
4277 1 2 0 2677 1339 1403
4278 1 2 0 2678 1339 1340
4279 1 2 0 2679 1340 1404
4280 1 2 0 2680 1340 1341
4281 1 2 0 2681 1341 1405
4282 1 2 0 2682 1341 1342
4283 1 2 0 2683 1342 1406
4284 1 2 0 2684 1342 1343
4285 1 2 0 2685 1343 1407
4286 1 2 0 2686 1343 1344
4287 1 2 0 2687 1344 1408
4288 1 2 0 2688 1344 1281
4289 1 2 0 2689 1345 1409
4290 1 2 0 2690 1345 1346
4291 1 2 0 2691 1346 1410
4292 1 2 0 2692 1346 1347
4293 1 2 0 2693 1347 1411
4294 1 2 0 2694 1347 1348
4295 1 2 0 2695 1348 1412
4296 1 2 0 2696 1348 1349
4297 1 2 0 2697 1349 1413
4298 1 2 0 2698 1349 1601
4299 1 2 0 2698 1601 1350
4300 1 2 0 2699 1350 1414
4301 1 2 0 2700 1350 1351
4302 1 2 0 2701 1351 1415
4303 1 2 0 2702 1351 1352
4304 1 2 0 2703 1352 1416
4305 1 2 0 2704 1352 1353
4306 1 2 0 2705 1353 1417
4307 1 2 0 2706 1353 1354
4308 1 2 0 2707 1354 1418
4309 1 2 0 2708 1354 1355
4310 1 2 0 2709 1355 1419
4311 1 2 0 2710 1355 1356
4312 1 2 0 2711 1356 1420
4313 1 2 0 2712 1356 1357
4314 1 2 0 2713 1357 1421
4315 1 2 0 2714 1357 1358
4316 1 2 0 2715 1358 1422
4317 1 2 0 2716 1358 1359
4318 1 2 0 2717 1359 1423
4319 1 2 0 2718 1359 1360
4320 1 2 0 2719 1360 1424
4321 1 2 0 2720 1360 1361
4322 1 2 0 2721 1361 1425
4323 1 2 0 2722 1361 1362
4324 1 2 0 2723 1362 1426
4325 1 2 0 2724 1362 1363
4326 1 2 0 2725 1363 1427
4327 1 2 0 2726 1363 1364
4328 1 2 0 2727 1364 1428
4329 1 2 0 2728 1364 1365
4330 1 2 0 2729 1365 1429
4331 1 2 0 2730 1365 1366
4332 1 2 0 2731 1366 1430
4333 1 2 0 2732 1366 1367
4334 1 2 0 2733 1367 1431
4335 1 2 0 2734 1367 1368
4336 1 2 0 2735 1368 1432
4337 1 2 0 2736 1368 1369
4338 1 2 0 2737 1369 1433
4339 1 2 0 2738 1369 1370
4340 1 2 0 2739 1370 1434
4341 1 2 0 2740 1370 1371
4342 1 2 0 2741 1371 1435
4343 1 2 0 2742 1371 1372
4344 1 2 0 2743 1372 1436
4345 1 2 0 2744 1372 1602
4346 1 2 0 2744 1602 1373
4347 1 2 0 2745 1373 1437
4348 1 2 0 2746 1373 1374
4349 1 2 0 2747 1374 1438
4350 1 2 0 2748 1374 1375
4351 1 2 0 2749 1375 1439
4352 1 2 0 2750 1375 1376
4353 1 2 0 2751 1376 1440
4354 1 2 0 2752 1376 1377
4355 1 2 0 2753 1377 1441
4356 1 2 0 2754 1377 1378
4357 1 2 0 2755 1378 1442
4358 1 2 0 2756 1378 1379
4359 1 2 0 2757 1379 1443
4360 1 2 0 2758 1379 1380
4361 1 2 0 2759 1380 1444
4362 1 2 0 2760 1380 1381
4363 1 2 0 2761 1381 1445
4364 1 2 0 2762 1381 1603
4365 1 2 0 2762 1603 1382
4366 1 2 0 2763 1382 1446
4367 1 2 0 2764 1382 1383
4368 1 2 0 2765 1383 1447
4369 1 2 0 2766 1383 1384
4370 1 2 0 2767 1384 1448
4371 1 2 0 2768 1384 1385
4372 1 2 0 2769 1385 1449
4373 1 2 0 2770 1385 1386
4374 1 2 0 2771 1386 1450
4375 1 2 0 2772 1386 1387
4376 1 2 0 2773 1387 1451
4377 1 2 0 2774 1387 1388
4378 1 2 0 2775 1388 1452
4379 1 2 0 2776 1388 1389
4380 1 2 0 2777 1389 1453
4381 1 2 0 2778 1389 1390
4382 1 2 0 2779 1390 1454
4383 1 2 0 2780 1390 1391
4384 1 2 0 2781 1391 1455
4385 1 2 0 2782 1391 1392
4386 1 2 0 2783 1392 1456
4387 1 2 0 2784 1392 1393
4388 1 2 0 2785 1393 1457
4389 1 2 0 2786 1393 1394
4390 1 2 0 2787 1394 1458
4391 1 2 0 2788 1394 1395
4392 1 2 0 2789 1395 1459
4393 1 2 0 2790 1395 1396
4394 1 2 0 2791 1396 1460
4395 1 2 0 2792 1396 1397
4396 1 2 0 2793 1397 1461
4397 1 2 0 2794 1397 1398
4398 1 2 0 2795 1398 1462
4399 1 2 0 2796 1398 1399
4400 1 2 0 2797 1399 1463
4401 1 2 0 2798 1399 1400
4402 1 2 0 2799 1400 1464
4403 1 2 0 2800 1400 1401
4404 1 2 0 2801 1401 1465
4405 1 2 0 2802 1401 1402
4406 1 2 0 2803 1402 1466
4407 1 2 0 2804 1402 1403
4408 1 2 0 2805 1403 1467
4409 1 2 0 2806 1403 1404
4410 1 2 0 2807 1404 1468
4411 1 2 0 2808 1404 1604
4412 1 2 0 2808 1604 1405
4413 1 2 0 2809 1405 1469
4414 1 2 0 2810 1405 1406
4415 1 2 0 2811 1406 1470
4416 1 2 0 2812 1406 1407
4417 1 2 0 2813 1407 1471
4418 1 2 0 2814 1407 1408
4419 1 2 0 2815 1408 1472
4420 1 2 0 2816 1408 1345
4421 1 2 0 2817 1409 1473
4422 1 2 0 2818 1409 1410
4423 1 2 0 2819 1410 1474
4424 1 2 0 2820 1410 1411
4425 1 2 0 2821 1411 1475
4426 1 2 0 2822 1411 1412
4427 1 2 0 2823 1412 1476
4428 1 2 0 2824 1412 1413
4429 1 2 0 2825 1413 1477
4430 1 2 0 2826 1413 1605
4431 1 2 0 2826 1605 1414
4432 1 2 0 2827 1414 1478
4433 1 2 0 2828 1414 1415
4434 1 2 0 2829 1415 1479
4435 1 2 0 2830 1415 1416
4436 1 2 0 2831 1416 1480
4437 1 2 0 2832 1416 1417
4438 1 2 0 2833 1417 1481
4439 1 2 0 2834 1417 1418
4440 1 2 0 2835 1418 1482
4441 1 2 0 2836 1418 1419
4442 1 2 0 2837 1419 1483
4443 1 2 0 2838 1419 1606
4444 1 2 0 2838 1606 1420
4445 1 2 0 2839 1420 1484
4446 1 2 0 2840 1420 1421
4447 1 2 0 2841 1421 1485
4448 1 2 0 2842 1421 1422
4449 1 2 0 2843 1422 1486
4450 1 2 0 2844 1422 1423
4451 1 2 0 2845 1423 1487
4452 1 2 0 2846 1423 1424
4453 1 2 0 2847 1424 1488
4454 1 2 0 2848 1424 1425
4455 1 2 0 2849 1425 1489
4456 1 2 0 2850 1425 1426
4457 1 2 0 2851 1426 1490
4458 1 2 0 2852 1426 1427
4459 1 2 0 2853 1427 1491
4460 1 2 0 2854 1427 1428
4461 1 2 0 2855 1428 1492
4462 1 2 0 2856 1428 1429
4463 1 2 0 2857 1429 1493
4464 1 2 0 2858 1429 1430
4465 1 2 0 2859 1430 1494
4466 1 2 0 2860 1430 1607
4467 1 2 0 2860 1607 1431
4468 1 2 0 2861 1431 1495
4469 1 2 0 2862 1431 1432
4470 1 2 0 2863 1432 1496
4471 1 2 0 2864 1432 1433
4472 1 2 0 2865 1433 1497
4473 1 2 0 2866 1433 1434
4474 1 2 0 2867 1434 1498
4475 1 2 0 2868 1434 1435
4476 1 2 0 2869 1435 1499
4477 1 2 0 2870 1435 1436
4478 1 2 0 2871 1436 1500
4479 1 2 0 2872 1436 1608
4480 1 2 0 2872 1608 1437
4481 1 2 0 2873 1437 1501
4482 1 2 0 2874 1437 1438
4483 1 2 0 2875 1438 1502
4484 1 2 0 2876 1438 1439
4485 1 2 0 2877 1439 1503
4486 1 2 0 2878 1439 1440
4487 1 2 0 2879 1440 1504
4488 1 2 0 2880 1440 1441
4489 1 2 0 2881 1441 1505
4490 1 2 0 2882 1441 1442
4491 1 2 0 2883 1442 1506
4492 1 2 0 2884 1442 1443
4493 1 2 0 2885 1443 1507
4494 1 2 0 2886 1443 1444
4495 1 2 0 2887 1444 1508
4496 1 2 0 2888 1444 1445
4497 1 2 0 2889 1445 1509
4498 1 2 0 2890 1445 1609
4499 1 2 0 2890 1609 1446
4500 1 2 0 2891 1446 1510
4501 1 2 0 2892 1446 1447
4502 1 2 0 2893 1447 1511
4503 1 2 0 2894 1447 1448
4504 1 2 0 2895 1448 1512
4505 1 2 0 2896 1448 1449
4506 1 2 0 2897 1449 1513
4507 1 2 0 2898 1449 1450
4508 1 2 0 2899 1450 1514
4509 1 2 0 2900 1450 1451
4510 1 2 0 2901 1451 1515
4511 1 2 0 2902 1451 1610
4512 1 2 0 2902 1610 1452
4513 1 2 0 2903 1452 1516
4514 1 2 0 2904 1452 1453
4515 1 2 0 2905 1453 1517
4516 1 2 0 2906 1453 1454
4517 1 2 0 2907 1454 1518
4518 1 2 0 2908 1454 1455
4519 1 2 0 2909 1455 1519
4520 1 2 0 2910 1455 1456
4521 1 2 0 2911 1456 1520
4522 1 2 0 2912 1456 1457
4523 1 2 0 2913 1457 1521
4524 1 2 0 2914 1457 1458
4525 1 2 0 2915 1458 1522
4526 1 2 0 2916 1458 1459
4527 1 2 0 2917 1459 1523
4528 1 2 0 2918 1459 1460
4529 1 2 0 2919 1460 1524
4530 1 2 0 2920 1460 1461
4531 1 2 0 2921 1461 1525
4532 1 2 0 2922 1461 1462
4533 1 2 0 2923 1462 1526
4534 1 2 0 2924 1462 1611
4535 1 2 0 2924 1611 1463
4536 1 2 0 2925 1463 1527
4537 1 2 0 2926 1463 1464
4538 1 2 0 2927 1464 1528
4539 1 2 0 2928 1464 1465
4540 1 2 0 2929 1465 1529
4541 1 2 0 2930 1465 1466
4542 1 2 0 2931 1466 1530
4543 1 2 0 2932 1466 1467
4544 1 2 0 2933 1467 1531
4545 1 2 0 2934 1467 1468
4546 1 2 0 2935 1468 1532
4547 1 2 0 2936 1468 1612
4548 1 2 0 2936 1612 1469
4549 1 2 0 2937 1469 1533
4550 1 2 0 2938 1469 1470
4551 1 2 0 2939 1470 1534
4552 1 2 0 2940 1470 1471
4553 1 2 0 2941 1471 1535
4554 1 2 0 2942 1471 1472
4555 1 2 0 2943 1472 1536
4556 1 2 0 2944 1472 1409
4557 1 2 0 2945 1473 1537
4558 1 2 0 2946 1473 1474
4559 1 2 0 2947 1474 1538
4560 1 2 0 2948 1474 1475
4561 1 2 0 2949 1475 1539
4562 1 2 0 2950 1475 1476
4563 1 2 0 2951 1476 1540
4564 1 2 0 2952 1476 1613
4565 1 2 0 2952 1613 1477
4566 1 2 0 2953 1477 1541
4567 1 2 0 2954 1477 1614
4568 1 2 0 2954 1614 1478
4569 1 2 0 2955 1478 1542
4570 1 2 0 2956 1478 1479
4571 1 2 0 2957 1479 1543
4572 1 2 0 2958 1479 1480
4573 1 2 0 2959 1480 1544
4574 1 2 0 2960 1480 1481
4575 1 2 0 2961 1481 1545
4576 1 2 0 2962 1481 1482
4577 1 2 0 2963 1482 1546
4578 1 2 0 2964 1482 1483
4579 1 2 0 2965 1483 1547
4580 1 2 0 2966 1483 1615
4581 1 2 0 2966 1615 1484
4582 1 2 0 2967 1484 1548
4583 1 2 0 2968 1484 1485
4584 1 2 0 2969 1485 1549
4585 1 2 0 2970 1485 1486
4586 1 2 0 2971 1486 1550
4587 1 2 0 2972 1486 1487
4588 1 2 0 2973 1487 1551
4589 1 2 0 2974 1487 1488
4590 1 2 0 2975 1488 1552
4591 1 2 0 2976 1488 1489
4592 1 2 0 2977 1489 1553
4593 1 2 0 2978 1489 1490
4594 1 2 0 2979 1490 1554
4595 1 2 0 2980 1490 1491
4596 1 2 0 2981 1491 1555
4597 1 2 0 2982 1491 1492
4598 1 2 0 2983 1492 1556
4599 1 2 0 2984 1492 1493
4600 1 2 0 2985 1493 1557
4601 1 2 0 2986 1493 1494
4602 1 2 0 2987 1494 1558
4603 1 2 0 2988 1494 1616
4604 1 2 0 2988 1616 1495
4605 1 2 0 2989 1495 1559
4606 1 2 0 2990 1495 1496
4607 1 2 0 2991 1496 1560
4608 1 2 0 2992 1496 1497
4609 1 2 0 2993 1497 1561
4610 1 2 0 2994 1497 1498
4611 1 2 0 2995 1498 1562
4612 1 2 0 2996 1498 1499
4613 1 2 0 2997 1499 1563
4614 1 2 0 2998 1499 1500
4615 1 2 0 2999 1500 1564
4616 1 2 0 3000 1500 1617
4617 1 2 0 3000 1617 1501
4618 1 2 0 3001 1501 1565
4619 1 2 0 3002 1501 1618
4620 1 2 0 3002 1618 1502
4621 1 2 0 3003 1502 1566
4622 1 2 0 3004 1502 1503
4623 1 2 0 3005 1503 1567
4624 1 2 0 3006 1503 1504
4625 1 2 0 3007 1504 1568
4626 1 2 0 3008 1504 1505
4627 1 2 0 3009 1505 1569
4628 1 2 0 3010 1505 1506
4629 1 2 0 3011 1506 1570
4630 1 2 0 3012 1506 1507
4631 1 2 0 3013 1507 1571
4632 1 2 0 3014 1507 1508
4633 1 2 0 3015 1508 1572
4634 1 2 0 3016 1508 1619
4635 1 2 0 3016 1619 1509
4636 1 2 0 3017 1509 1573
4637 1 2 0 3018 1509 1620
4638 1 2 0 3018 1620 1510
4639 1 2 0 3019 1510 1574
4640 1 2 0 3020 1510 1511
4641 1 2 0 3021 1511 1575
4642 1 2 0 3022 1511 1512
4643 1 2 0 3023 1512 1576
4644 1 2 0 3024 1512 1513
4645 1 2 0 3025 1513 1577
4646 1 2 0 3026 1513 1514
4647 1 2 0 3027 1514 1578
4648 1 2 0 3028 1514 1515
4649 1 2 0 3029 1515 1579
4650 1 2 0 3030 1515 1621
4651 1 2 0 3030 1621 1516
4652 1 2 0 3031 1516 1580
4653 1 2 0 3032 1516 1517
4654 1 2 0 3033 1517 1581
4655 1 2 0 3034 1517 1518
4656 1 2 0 3035 1518 1582
4657 1 2 0 3036 1518 1519
4658 1 2 0 3037 1519 1583
4659 1 2 0 3038 1519 1520
4660 1 2 0 3039 1520 1584
4661 1 2 0 3040 1520 1521
4662 1 2 0 3041 1521 1585
4663 1 2 0 3042 1521 1522
4664 1 2 0 3043 1522 1586
4665 1 2 0 3044 1522 1523
4666 1 2 0 3045 1523 1587
4667 1 2 0 3046 1523 1524
4668 1 2 0 3047 1524 1588
4669 1 2 0 3048 1524 1525
4670 1 2 0 3049 1525 1589
4671 1 2 0 3050 1525 1526
4672 1 2 0 3051 1526 1590
4673 1 2 0 3052 1526 1622
4674 1 2 0 3052 1622 1527
4675 1 2 0 3053 1527 1591
4676 1 2 0 3054 1527 1528
4677 1 2 0 3055 1528 1592
4678 1 2 0 3056 1528 1529
4679 1 2 0 3057 1529 1593
4680 1 2 0 3058 1529 1530
4681 1 2 0 3059 1530 1594
4682 1 2 0 3060 1530 1531
4683 1 2 0 3061 1531 1595
4684 1 2 0 3062 1531 1532
4685 1 2 0 3063 1532 1596
4686 1 2 0 3064 1532 1623
4687 1 2 0 3064 1623 1533
4688 1 2 0 3065 1533 1597
4689 1 2 0 3066 1533 1624
4690 1 2 0 3066 1624 1534
4691 1 2 0 3067 1534 1598
4692 1 2 0 3068 1534 1535
4693 1 2 0 3069 1535 1599
4694 1 2 0 3070 1535 1536
4695 1 2 0 3071 1536 1600
4696 1 2 0 3072 1536 1473
4697 1 2 0 3074 1537 1538
4698 1 2 0 3076 1538 1539
4699 1 2 0 3078 1539 1540
4700 1 2 0 3080 1540 1625
4701 1 2 0 3080 1625 1541
4702 1 2 0 3082 1541 1626
4703 1 2 0 3082 1626 1542
4704 1 2 0 3084 1542 1543
4705 1 2 0 3086 1543 1544
4706 1 2 0 3088 1544 1545
4707 1 2 0 3090 1545 1546
4708 1 2 0 3092 1546 1547
4709 1 2 0 3094 1547 1627
4710 1 2 0 3094 1627 1548
4711 1 2 0 3096 1548 1549
4712 1 2 0 3098 1549 1550
4713 1 2 0 3100 1550 1551
4714 1 2 0 3102 1551 1552
4715 1 2 0 3104 1552 1553
4716 1 2 0 3106 1553 1554
4717 1 2 0 3108 1554 1555
4718 1 2 0 3110 1555 1556
4719 1 2 0 3112 1556 1557
4720 1 2 0 3114 1557 1558
4721 1 2 0 3116 1558 1628
4722 1 2 0 3116 1628 1559
4723 1 2 0 3118 1559 1560
4724 1 2 0 3120 1560 1561
4725 1 2 0 3122 1561 1562
4726 1 2 0 3124 1562 1563
4727 1 2 0 3126 1563 1564
4728 1 2 0 3128 1564 1629
4729 1 2 0 3128 1629 1565
4730 1 2 0 3130 1565 1630
4731 1 2 0 3130 1630 1566
4732 1 2 0 3132 1566 1567
4733 1 2 0 3134 1567 1568
4734 1 2 0 3136 1568 1569
4735 1 2 0 3138 1569 1570
4736 1 2 0 3140 1570 1571
4737 1 2 0 3142 1571 1572
4738 1 2 0 3144 1572 1631
4739 1 2 0 3144 1631 1573
4740 1 2 0 3146 1573 1632
4741 1 2 0 3146 1632 1574
4742 1 2 0 3148 1574 1575
4743 1 2 0 3150 1575 1576
4744 1 2 0 3152 1576 1577
4745 1 2 0 3154 1577 1578
4746 1 2 0 3156 1578 1579
4747 1 2 0 3158 1579 1633
4748 1 2 0 3158 1633 1580
4749 1 2 0 3160 1580 1581
4750 1 2 0 3162 1581 1582
4751 1 2 0 3164 1582 1583
4752 1 2 0 3166 1583 1584
4753 1 2 0 3168 1584 1585
4754 1 2 0 3170 1585 1586
4755 1 2 0 3172 1586 1587
4756 1 2 0 3174 1587 1588
4757 1 2 0 3176 1588 1589
4758 1 2 0 3178 1589 1590
4759 1 2 0 3180 1590 1634
4760 1 2 0 3180 1634 1591
4761 1 2 0 3182 1591 1592
4762 1 2 0 3184 1592 1593
4763 1 2 0 3186 1593 1594
4764 1 2 0 3188 1594 1595
4765 1 2 0 3190 1595 1596
4766 1 2 0 3192 1596 1635
4767 1 2 0 3192 1635 1597
4768 1 2 0 3194 1597 1636
4769 1 2 0 3194 1636 1598
4770 1 2 0 3196 1598 1599
4771 1 2 0 3198 1599 1600
4772 1 2 0 3200 1600 1537
4773 2 2 0 62 2 1 1637
4774 2 2 0 62 65 66 1637
4775 2 2 0 62 1 65 1637
4776 2 2 0 62 66 2 1637
4777 2 2 0 63 3 2 1638
4778 2 2 0 63 66 67 1638
4779 2 2 0 63 2 66 1638
4780 2 2 0 63 67 3 1638
4781 2 2 0 64 4 3 1639
4782 2 2 0 64 67 68 1639
4783 2 2 0 64 3 67 1639
4784 2 2 0 64 68 4 1639
4785 2 2 0 65 5 4 1640
4786 2 2 0 65 68 69 1640
4787 2 2 0 65 4 68 1640
4788 2 2 0 65 69 5 1640
4789 2 2 0 66 6 5 1641
4790 2 2 0 66 69 70 1641
4791 2 2 0 66 5 69 1641
4792 2 2 0 66 70 6 1641
4793 2 2 0 67 70 7 6
4794 2 2 0 67 7 70 71
4795 2 2 0 68 72 8 7
4796 2 2 0 68 71 72 7
4797 2 2 0 69 73 9 8
4798 2 2 0 69 72 73 8
4799 2 2 0 70 74 10 9
4800 2 2 0 70 73 74 9
4801 2 2 0 71 75 11 10
4802 2 2 0 71 74 75 10
4803 2 2 0 72 75 76 1642
4804 2 2 0 72 12 11 1642
4805 2 2 0 72 11 75 1642
4806 2 2 0 72 76 12 1642
4807 2 2 0 73 76 77 1643
4808 2 2 0 73 13 12 1643
4809 2 2 0 73 12 76 1643
4810 2 2 0 73 77 13 1643
4811 2 2 0 74 77 78 1644
4812 2 2 0 74 14 13 1644
4813 2 2 0 74 13 77 1644
4814 2 2 0 74 78 14 1644
4815 2 2 0 75 78 79 1645
4816 2 2 0 75 15 14 1645
4817 2 2 0 75 14 78 1645
4818 2 2 0 75 79 15 1645
4819 2 2 0 76 79 80 1646
4820 2 2 0 76 16 15 1646
4821 2 2 0 76 15 79 1646
4822 2 2 0 76 80 16 1646
4823 2 2 0 77 80 81 1647
4824 2 2 0 77 17 16 1647
4825 2 2 0 77 16 80 1647
4826 2 2 0 77 81 17 1647
4827 2 2 0 78 81 82 1648
4828 2 2 0 78 18 17 1648
4829 2 2 0 78 17 81 1648
4830 2 2 0 78 82 18 1648
4831 2 2 0 79 82 83 1649
4832 2 2 0 79 19 18 1649
4833 2 2 0 79 18 82 1649
4834 2 2 0 79 83 19 1649
4835 2 2 0 80 83 84 1650
4836 2 2 0 80 20 19 1650
4837 2 2 0 80 19 83 1650
4838 2 2 0 80 84 20 1650
4839 2 2 0 81 84 85 1651
4840 2 2 0 81 21 20 1651
4841 2 2 0 81 20 84 1651
4842 2 2 0 81 85 21 1651
4843 2 2 0 82 85 86 1652
4844 2 2 0 82 22 21 1652
4845 2 2 0 82 21 85 1652
4846 2 2 0 82 86 22 1652
4847 2 2 0 83 86 87 1653
4848 2 2 0 83 23 22 1653
4849 2 2 0 83 22 86 1653
4850 2 2 0 83 87 23 1653
4851 2 2 0 84 87 24 23
4852 2 2 0 84 24 87 88
4853 2 2 0 85 88 25 24
4854 2 2 0 85 25 88 89
4855 2 2 0 86 89 26 25
4856 2 2 0 86 26 89 90
4857 2 2 0 87 90 27 26
4858 2 2 0 87 27 90 91
4859 2 2 0 88 92 28 27
4860 2 2 0 88 91 92 27
4861 2 2 0 89 29 28 1654
4862 2 2 0 89 92 93 1654
4863 2 2 0 89 28 92 1654
4864 2 2 0 89 93 29 1654
4865 2 2 0 90 30 29 1655
4866 2 2 0 90 93 94 1655
4867 2 2 0 90 29 93 1655
4868 2 2 0 90 94 30 1655
4869 2 2 0 91 31 30 1656
4870 2 2 0 91 94 95 1656
4871 2 2 0 91 30 94 1656
4872 2 2 0 91 95 31 1656
4873 2 2 0 92 32 31 1657
4874 2 2 0 92 95 96 1657
4875 2 2 0 92 31 95 1657
4876 2 2 0 92 96 32 1657
4877 2 2 0 93 33 32 1658
4878 2 2 0 93 96 97 1658
4879 2 2 0 93 32 96 1658
4880 2 2 0 93 97 33 1658
4881 2 2 0 94 34 33 1659
4882 2 2 0 94 97 98 1659
4883 2 2 0 94 33 97 1659
4884 2 2 0 94 98 34 1659
4885 2 2 0 95 35 34 1660
4886 2 2 0 95 98 99 1660
4887 2 2 0 95 34 98 1660
4888 2 2 0 95 99 35 1660
4889 2 2 0 96 36 35 1661
4890 2 2 0 96 99 100 1661
4891 2 2 0 96 35 99 1661
4892 2 2 0 96 100 36 1661
4893 2 2 0 97 37 36 1662
4894 2 2 0 97 100 101 1662
4895 2 2 0 97 36 100 1662
4896 2 2 0 97 101 37 1662
4897 2 2 0 98 38 37 1663
4898 2 2 0 98 101 102 1663
4899 2 2 0 98 37 101 1663
4900 2 2 0 98 102 38 1663
4901 2 2 0 99 102 39 38
4902 2 2 0 99 39 102 103
4903 2 2 0 100 104 40 39
4904 2 2 0 100 103 104 39
4905 2 2 0 101 105 41 40
4906 2 2 0 101 104 105 40
4907 2 2 0 102 106 42 41
4908 2 2 0 102 105 106 41
4909 2 2 0 103 107 43 42
4910 2 2 0 103 106 107 42
4911 2 2 0 104 107 108 1664
4912 2 2 0 104 44 43 1664
4913 2 2 0 104 43 107 1664
4914 2 2 0 104 108 44 1664
4915 2 2 0 105 108 109 1665
4916 2 2 0 105 45 44 1665
4917 2 2 0 105 44 108 1665
4918 2 2 0 105 109 45 1665
4919 2 2 0 106 109 110 1666
4920 2 2 0 106 46 45 1666
4921 2 2 0 106 45 109 1666
4922 2 2 0 106 110 46 1666
4923 2 2 0 107 110 111 1667
4924 2 2 0 107 47 46 1667
4925 2 2 0 107 46 110 1667
4926 2 2 0 107 111 47 1667
4927 2 2 0 108 111 112 1668
4928 2 2 0 108 48 47 1668
4929 2 2 0 108 47 111 1668
4930 2 2 0 108 112 48 1668
4931 2 2 0 109 112 113 1669
4932 2 2 0 109 49 48 1669
4933 2 2 0 109 48 112 1669
4934 2 2 0 109 113 49 1669
4935 2 2 0 110 113 114 1670
4936 2 2 0 110 50 49 1670
4937 2 2 0 110 49 113 1670
4938 2 2 0 110 114 50 1670
4939 2 2 0 111 114 115 1671
4940 2 2 0 111 51 50 1671
4941 2 2 0 111 50 114 1671
4942 2 2 0 111 115 51 1671
4943 2 2 0 112 115 116 1672
4944 2 2 0 112 52 51 1672
4945 2 2 0 112 51 115 1672
4946 2 2 0 112 116 52 1672
4947 2 2 0 113 116 117 1673
4948 2 2 0 113 53 52 1673
4949 2 2 0 113 52 116 1673
4950 2 2 0 113 117 53 1673
4951 2 2 0 114 117 118 1674
4952 2 2 0 114 54 53 1674
4953 2 2 0 114 53 117 1674
4954 2 2 0 114 118 54 1674
4955 2 2 0 115 118 119 1675
4956 2 2 0 115 55 54 1675
4957 2 2 0 115 54 118 1675
4958 2 2 0 115 119 55 1675
4959 2 2 0 116 119 56 55
4960 2 2 0 116 56 119 120
4961 2 2 0 117 120 57 56
4962 2 2 0 117 57 120 121
4963 2 2 0 118 121 58 57
4964 2 2 0 118 58 121 122
4965 2 2 0 119 122 59 58
4966 2 2 0 119 59 122 123
4967 2 2 0 120 124 60 59
4968 2 2 0 120 123 124 59
4969 2 2 0 121 61 60 1676
4970 2 2 0 121 124 125 1676
4971 2 2 0 121 60 124 1676
4972 2 2 0 121 125 61 1676
4973 2 2 0 122 62 61 1677
4974 2 2 0 122 125 126 1677
4975 2 2 0 122 61 125 1677
4976 2 2 0 122 126 62 1677
4977 2 2 0 123 63 62 1678
4978 2 2 0 123 126 127 1678
4979 2 2 0 123 62 126 1678
4980 2 2 0 123 127 63 1678
4981 2 2 0 124 64 63 1679
4982 2 2 0 124 127 128 1679
4983 2 2 0 124 63 127 1679
4984 2 2 0 124 128 64 1679
4985 2 2 0 125 1 64 1680
4986 2 2 0 125 128 65 1680
4987 2 2 0 125 65 1 1680
4988 2 2 0 125 64 128 1680
4989 2 2 0 126 129 130 1681
4990 2 2 0 126 66 65 1681
4991 2 2 0 126 65 129 1681
4992 2 2 0 126 130 66 1681
4993 2 2 0 127 130 131 1682
4994 2 2 0 127 67 66 1682
4995 2 2 0 127 66 130 1682
4996 2 2 0 127 131 67 1682
4997 2 2 0 128 131 132 1683
4998 2 2 0 128 68 67 1683
4999 2 2 0 128 67 131 1683
5000 2 2 0 128 132 68 1683
5001 2 2 0 129 132 133 1684
5002 2 2 0 129 69 68 1684
5003 2 2 0 129 68 132 1684
5004 2 2 0 129 133 69 1684
5005 2 2 0 130 133 134 1685
5006 2 2 0 130 70 69 1685
5007 2 2 0 130 69 133 1685
5008 2 2 0 130 134 70 1685
5009 2 2 0 131 134 71 70
5010 2 2 0 131 71 134 135
5011 2 2 0 132 136 72 71
5012 2 2 0 132 135 136 71
5013 2 2 0 133 137 73 72
5014 2 2 0 133 136 137 72
5015 2 2 0 134 138 74 73
5016 2 2 0 134 137 138 73
5017 2 2 0 135 139 75 74
5018 2 2 0 135 138 139 74
5019 2 2 0 136 140 76 75
5020 2 2 0 136 139 140 75
5021 2 2 0 137 141 77 76
5022 2 2 0 137 140 141 76
5023 2 2 0 138 142 78 77
5024 2 2 0 138 141 142 77
5025 2 2 0 139 143 79 78
5026 2 2 0 139 142 143 78
5027 2 2 0 140 144 80 79
5028 2 2 0 140 143 144 79
5029 2 2 0 141 145 81 80
5030 2 2 0 141 144 145 80
5031 2 2 0 142 145 82 81
5032 2 2 0 142 82 145 146
5033 2 2 0 143 146 83 82
5034 2 2 0 143 83 146 147
5035 2 2 0 144 147 84 83
5036 2 2 0 144 84 147 148
5037 2 2 0 145 148 85 84
5038 2 2 0 145 85 148 149
5039 2 2 0 146 149 86 85
5040 2 2 0 146 86 149 150
5041 2 2 0 147 150 87 86
5042 2 2 0 147 87 150 151
5043 2 2 0 148 151 88 87
5044 2 2 0 148 88 151 152
5045 2 2 0 149 152 89 88
5046 2 2 0 149 89 152 153
5047 2 2 0 150 153 90 89
5048 2 2 0 150 90 153 154
5049 2 2 0 151 154 91 90
5050 2 2 0 151 91 154 155
5051 2 2 0 152 156 92 91
5052 2 2 0 152 155 156 91
5053 2 2 0 153 156 157 1686
5054 2 2 0 153 93 92 1686
5055 2 2 0 153 92 156 1686
5056 2 2 0 153 157 93 1686
5057 2 2 0 154 157 158 1687
5058 2 2 0 154 94 93 1687
5059 2 2 0 154 93 157 1687
5060 2 2 0 154 158 94 1687
5061 2 2 0 155 158 159 1688
5062 2 2 0 155 95 94 1688
5063 2 2 0 155 94 158 1688
5064 2 2 0 155 159 95 1688
5065 2 2 0 156 159 160 1689
5066 2 2 0 156 96 95 1689
5067 2 2 0 156 95 159 1689
5068 2 2 0 156 160 96 1689
5069 2 2 0 157 160 161 1690
5070 2 2 0 157 97 96 1690
5071 2 2 0 157 96 160 1690
5072 2 2 0 157 161 97 1690
5073 2 2 0 158 161 162 1691
5074 2 2 0 158 98 97 1691
5075 2 2 0 158 97 161 1691
5076 2 2 0 158 162 98 1691
5077 2 2 0 159 162 163 1692
5078 2 2 0 159 99 98 1692
5079 2 2 0 159 98 162 1692
5080 2 2 0 159 163 99 1692
5081 2 2 0 160 163 164 1693
5082 2 2 0 160 100 99 1693
5083 2 2 0 160 99 163 1693
5084 2 2 0 160 164 100 1693
5085 2 2 0 161 164 165 1694
5086 2 2 0 161 101 100 1694
5087 2 2 0 161 100 164 1694
5088 2 2 0 161 165 101 1694
5089 2 2 0 162 165 166 1695
5090 2 2 0 162 102 101 1695
5091 2 2 0 162 101 165 1695
5092 2 2 0 162 166 102 1695
5093 2 2 0 163 166 103 102
5094 2 2 0 163 103 166 167
5095 2 2 0 164 168 104 103
5096 2 2 0 164 167 168 103
5097 2 2 0 165 169 105 104
5098 2 2 0 165 168 169 104
5099 2 2 0 166 170 106 105
5100 2 2 0 166 169 170 105
5101 2 2 0 167 171 107 106
5102 2 2 0 167 170 171 106
5103 2 2 0 168 172 108 107
5104 2 2 0 168 171 172 107
5105 2 2 0 169 173 109 108
5106 2 2 0 169 172 173 108
5107 2 2 0 170 174 110 109
5108 2 2 0 170 173 174 109
5109 2 2 0 171 175 111 110
5110 2 2 0 171 174 175 110
5111 2 2 0 172 176 112 111
5112 2 2 0 172 175 176 111
5113 2 2 0 173 177 113 112
5114 2 2 0 173 176 177 112
5115 2 2 0 174 177 114 113
5116 2 2 0 174 114 177 178
5117 2 2 0 175 178 115 114
5118 2 2 0 175 115 178 179
5119 2 2 0 176 179 116 115
5120 2 2 0 176 116 179 180
5121 2 2 0 177 180 117 116
5122 2 2 0 177 117 180 181
5123 2 2 0 178 181 118 117
5124 2 2 0 178 118 181 182
5125 2 2 0 179 182 119 118
5126 2 2 0 179 119 182 183
5127 2 2 0 180 183 120 119
5128 2 2 0 180 120 183 184
5129 2 2 0 181 184 121 120
5130 2 2 0 181 121 184 185
5131 2 2 0 182 185 122 121
5132 2 2 0 182 122 185 186
5133 2 2 0 183 186 123 122
5134 2 2 0 183 123 186 187
5135 2 2 0 184 188 124 123
5136 2 2 0 184 187 188 123
5137 2 2 0 185 188 189 1696
5138 2 2 0 185 125 124 1696
5139 2 2 0 185 124 188 1696
5140 2 2 0 185 189 125 1696
5141 2 2 0 186 189 190 1697
5142 2 2 0 186 126 125 1697
5143 2 2 0 186 125 189 1697
5144 2 2 0 186 190 126 1697
5145 2 2 0 187 190 191 1698
5146 2 2 0 187 127 126 1698
5147 2 2 0 187 126 190 1698
5148 2 2 0 187 191 127 1698
5149 2 2 0 188 191 192 1699
5150 2 2 0 188 128 127 1699
5151 2 2 0 188 127 191 1699
5152 2 2 0 188 192 128 1699
5153 2 2 0 189 192 129 1700
5154 2 2 0 189 65 128 1700
5155 2 2 0 189 129 65 1700
5156 2 2 0 189 128 192 1700
5157 2 2 0 190 193 130 129
5158 2 2 0 190 130 193 194
5159 2 2 0 191 194 131 130
5160 2 2 0 191 131 194 195
5161 2 2 0 192 195 132 131
5162 2 2 0 192 132 195 196
5163 2 2 0 193 196 133 132
5164 2 2 0 193 133 196 197
5165 2 2 0 194 197 134 133
5166 2 2 0 194 134 197 198
5167 2 2 0 195 135 198 199
5168 2 2 0 195 198 135 134
5169 2 2 0 196 200 136 135
5170 2 2 0 196 199 200 135
5171 2 2 0 197 201 137 136
5172 2 2 0 197 200 201 136
5173 2 2 0 198 202 138 137
5174 2 2 0 198 201 202 137
5175 2 2 0 199 202 203 138
5176 2 2 0 199 203 139 138
5177 2 2 0 200 204 140 139
5178 2 2 0 200 203 204 139
5179 2 2 0 201 205 141 140
5180 2 2 0 201 204 205 140
5181 2 2 0 202 206 142 141
5182 2 2 0 202 205 206 141
5183 2 2 0 203 207 143 142
5184 2 2 0 203 206 207 142
5185 2 2 0 204 208 144 143
5186 2 2 0 204 207 208 143
5187 2 2 0 205 209 145 144
5188 2 2 0 205 208 209 144
5189 2 2 0 206 209 146 145
5190 2 2 0 206 146 209 210
5191 2 2 0 207 210 147 146
5192 2 2 0 207 147 210 211
5193 2 2 0 208 211 148 147
5194 2 2 0 208 148 211 212
5195 2 2 0 209 212 149 148
5196 2 2 0 209 149 212 213
5197 2 2 0 210 213 150 149
5198 2 2 0 210 150 213 214
5199 2 2 0 211 214 151 150
5200 2 2 0 211 151 214 215
5201 2 2 0 212 152 215 216
5202 2 2 0 212 215 152 151
5203 2 2 0 213 216 153 152
5204 2 2 0 213 153 216 217
5205 2 2 0 214 217 154 153
5206 2 2 0 214 154 217 218
5207 2 2 0 215 218 155 154
5208 2 2 0 215 155 218 219
5209 2 2 0 216 219 220 155
5210 2 2 0 216 220 156 155
5211 2 2 0 217 221 157 156
5212 2 2 0 217 220 221 156
5213 2 2 0 218 222 158 157
5214 2 2 0 218 221 222 157
5215 2 2 0 219 223 159 158
5216 2 2 0 219 222 223 158
5217 2 2 0 220 224 160 159
5218 2 2 0 220 223 224 159
5219 2 2 0 221 225 161 160
5220 2 2 0 221 224 225 160
5221 2 2 0 222 225 162 161
5222 2 2 0 222 162 225 226
5223 2 2 0 223 226 163 162
5224 2 2 0 223 163 226 227
5225 2 2 0 224 227 164 163
5226 2 2 0 224 164 227 228
5227 2 2 0 225 228 165 164
5228 2 2 0 225 165 228 229
5229 2 2 0 226 229 166 165
5230 2 2 0 226 166 229 230
5231 2 2 0 227 167 230 231
5232 2 2 0 227 230 167 166
5233 2 2 0 228 232 168 167
5234 2 2 0 228 231 232 167
5235 2 2 0 229 233 169 168
5236 2 2 0 229 232 233 168
5237 2 2 0 230 234 170 169
5238 2 2 0 230 233 234 169
5239 2 2 0 231 234 235 170
5240 2 2 0 231 235 171 170
5241 2 2 0 232 236 172 171
5242 2 2 0 232 235 236 171
5243 2 2 0 233 237 173 172
5244 2 2 0 233 236 237 172
5245 2 2 0 234 238 174 173
5246 2 2 0 234 237 238 173
5247 2 2 0 235 239 175 174
5248 2 2 0 235 238 239 174
5249 2 2 0 236 240 176 175
5250 2 2 0 236 239 240 175
5251 2 2 0 237 241 177 176
5252 2 2 0 237 240 241 176
5253 2 2 0 238 241 178 177
5254 2 2 0 238 178 241 242
5255 2 2 0 239 242 179 178
5256 2 2 0 239 179 242 243
5257 2 2 0 240 243 180 179
5258 2 2 0 240 180 243 244
5259 2 2 0 241 244 181 180
5260 2 2 0 241 181 244 245
5261 2 2 0 242 245 182 181
5262 2 2 0 242 182 245 246
5263 2 2 0 243 246 183 182
5264 2 2 0 243 183 246 247
5265 2 2 0 244 184 247 248
5266 2 2 0 244 247 184 183
5267 2 2 0 245 248 185 184
5268 2 2 0 245 185 248 249
5269 2 2 0 246 249 186 185
5270 2 2 0 246 186 249 250
5271 2 2 0 247 250 187 186
5272 2 2 0 247 187 250 251
5273 2 2 0 248 251 252 187
5274 2 2 0 248 252 188 187
5275 2 2 0 249 253 189 188
5276 2 2 0 249 252 253 188
5277 2 2 0 250 254 190 189
5278 2 2 0 250 253 254 189
5279 2 2 0 251 255 191 190
5280 2 2 0 251 254 255 190
5281 2 2 0 252 256 192 191
5282 2 2 0 252 255 256 191
5283 2 2 0 253 193 129 192
5284 2 2 0 253 256 193 192
5285 2 2 0 254 257 194 193
5286 2 2 0 254 194 257 258
5287 2 2 0 255 258 195 194
5288 2 2 0 255 195 258 259
5289 2 2 0 256 259 196 195
5290 2 2 0 256 196 259 260
5291 2 2 0 257 260 197 196
5292 2 2 0 257 197 260 261
5293 2 2 0 258 261 198 197
5294 2 2 0 258 198 261 262
5295 2 2 0 259 262 199 198
5296 2 2 0 259 199 262 263
5297 2 2 0 260 263 264 199
5298 2 2 0 260 264 200 199
5299 2 2 0 261 264 265 200
5300 2 2 0 261 265 201 200
5301 2 2 0 262 266 202 201
5302 2 2 0 262 265 266 201
5303 2 2 0 263 267 203 202
5304 2 2 0 263 266 267 202
5305 2 2 0 264 268 204 203
5306 2 2 0 264 267 268 203
5307 2 2 0 265 269 205 204
5308 2 2 0 265 268 269 204
5309 2 2 0 266 270 206 205
5310 2 2 0 266 269 270 205
5311 2 2 0 267 271 207 206
5312 2 2 0 267 270 271 206
5313 2 2 0 268 272 208 207
5314 2 2 0 268 271 272 207
5315 2 2 0 269 273 209 208
5316 2 2 0 269 272 273 208
5317 2 2 0 270 273 210 209
5318 2 2 0 270 210 273 274
5319 2 2 0 271 274 211 210
5320 2 2 0 271 211 274 275
5321 2 2 0 272 275 212 211
5322 2 2 0 272 212 275 276
5323 2 2 0 273 276 213 212
5324 2 2 0 273 213 276 277
5325 2 2 0 274 277 214 213
5326 2 2 0 274 214 277 278
5327 2 2 0 275 278 215 214
5328 2 2 0 275 215 278 279
5329 2 2 0 276 279 216 215
5330 2 2 0 276 216 279 280
5331 2 2 0 277 280 217 216
5332 2 2 0 277 217 280 281
5333 2 2 0 278 218 281 282
5334 2 2 0 278 281 218 217
5335 2 2 0 279 219 282 283
5336 2 2 0 279 282 219 218
5337 2 2 0 280 284 220 219
5338 2 2 0 280 283 284 219
5339 2 2 0 281 285 221 220
5340 2 2 0 281 284 285 220
5341 2 2 0 282 286 222 221
5342 2 2 0 282 285 286 221
5343 2 2 0 283 287 223 222
5344 2 2 0 283 286 287 222
5345 2 2 0 284 288 224 223
5346 2 2 0 284 287 288 223
5347 2 2 0 285 289 225 224
5348 2 2 0 285 288 289 224
5349 2 2 0 286 289 226 225
5350 2 2 0 286 226 289 290
5351 2 2 0 287 290 227 226
5352 2 2 0 287 227 290 291
5353 2 2 0 288 291 228 227
5354 2 2 0 288 228 291 292
5355 2 2 0 289 292 229 228
5356 2 2 0 289 229 292 293
5357 2 2 0 290 293 230 229
5358 2 2 0 290 230 293 294
5359 2 2 0 291 294 231 230
5360 2 2 0 291 231 294 295
5361 2 2 0 292 295 296 231
5362 2 2 0 292 296 232 231
5363 2 2 0 293 296 297 232
5364 2 2 0 293 297 233 232
5365 2 2 0 294 298 234 233
5366 2 2 0 294 297 298 233
5367 2 2 0 295 299 235 234
5368 2 2 0 295 298 299 234
5369 2 2 0 296 300 236 235
5370 2 2 0 296 299 300 235
5371 2 2 0 297 301 237 236
5372 2 2 0 297 300 301 236
5373 2 2 0 298 302 238 237
5374 2 2 0 298 301 302 237
5375 2 2 0 299 303 239 238
5376 2 2 0 299 302 303 238
5377 2 2 0 300 304 240 239
5378 2 2 0 300 303 304 239
5379 2 2 0 301 305 241 240
5380 2 2 0 301 304 305 240
5381 2 2 0 302 305 242 241
5382 2 2 0 302 242 305 306
5383 2 2 0 303 306 243 242
5384 2 2 0 303 243 306 307
5385 2 2 0 304 307 244 243
5386 2 2 0 304 244 307 308
5387 2 2 0 305 308 245 244
5388 2 2 0 305 245 308 309
5389 2 2 0 306 309 246 245
5390 2 2 0 306 246 309 310
5391 2 2 0 307 310 247 246
5392 2 2 0 307 247 310 311
5393 2 2 0 308 311 248 247
5394 2 2 0 308 248 311 312
5395 2 2 0 309 312 249 248
5396 2 2 0 309 249 312 313
5397 2 2 0 310 250 313 314
5398 2 2 0 310 313 250 249
5399 2 2 0 311 251 314 315
5400 2 2 0 311 314 251 250
5401 2 2 0 312 316 252 251
5402 2 2 0 312 315 316 251
5403 2 2 0 313 317 253 252
5404 2 2 0 313 316 317 252
5405 2 2 0 314 318 254 253
5406 2 2 0 314 317 318 253
5407 2 2 0 315 319 255 254
5408 2 2 0 315 318 319 254
5409 2 2 0 316 320 256 255
5410 2 2 0 316 319 320 255
5411 2 2 0 317 257 193 256
5412 2 2 0 317 320 257 256
5413 2 2 0 318 321 258 257
5414 2 2 0 318 258 321 322
5415 2 2 0 319 322 259 258
5416 2 2 0 319 259 322 323
5417 2 2 0 320 323 260 259
5418 2 2 0 320 260 323 324
5419 2 2 0 321 324 261 260
5420 2 2 0 321 261 324 325
5421 2 2 0 322 325 262 261
5422 2 2 0 322 262 325 326
5423 2 2 0 323 326 263 262
5424 2 2 0 323 263 326 327
5425 2 2 0 324 328 264 263
5426 2 2 0 324 327 328 263
5427 2 2 0 325 329 265 264
5428 2 2 0 325 328 329 264
5429 2 2 0 326 330 266 265
5430 2 2 0 326 329 330 265
5431 2 2 0 327 331 267 266
5432 2 2 0 327 330 331 266
5433 2 2 0 328 332 268 267
5434 2 2 0 328 331 332 267
5435 2 2 0 329 333 269 268
5436 2 2 0 329 332 333 268
5437 2 2 0 330 334 270 269
5438 2 2 0 330 333 334 269
5439 2 2 0 331 335 271 270
5440 2 2 0 331 334 335 270
5441 2 2 0 332 336 272 271
5442 2 2 0 332 335 336 271
5443 2 2 0 333 337 273 272
5444 2 2 0 333 336 337 272
5445 2 2 0 334 337 274 273
5446 2 2 0 334 274 337 338
5447 2 2 0 335 338 275 274
5448 2 2 0 335 275 338 339
5449 2 2 0 336 339 276 275
5450 2 2 0 336 276 339 340
5451 2 2 0 337 340 277 276
5452 2 2 0 337 277 340 341
5453 2 2 0 338 341 278 277
5454 2 2 0 338 278 341 342
5455 2 2 0 339 342 279 278
5456 2 2 0 339 279 342 343
5457 2 2 0 340 343 280 279
5458 2 2 0 340 280 343 344
5459 2 2 0 341 344 281 280
5460 2 2 0 341 281 344 345
5461 2 2 0 342 345 282 281
5462 2 2 0 342 282 345 346
5463 2 2 0 343 346 283 282
5464 2 2 0 343 283 346 347
5465 2 2 0 344 348 284 283
5466 2 2 0 344 347 348 283
5467 2 2 0 345 349 285 284
5468 2 2 0 345 348 349 284
5469 2 2 0 346 350 286 285
5470 2 2 0 346 349 350 285
5471 2 2 0 347 351 287 286
5472 2 2 0 347 350 351 286
5473 2 2 0 348 352 288 287
5474 2 2 0 348 351 352 287
5475 2 2 0 349 353 289 288
5476 2 2 0 349 352 353 288
5477 2 2 0 350 353 290 289
5478 2 2 0 350 290 353 354
5479 2 2 0 351 354 291 290
5480 2 2 0 351 291 354 355
5481 2 2 0 352 355 292 291
5482 2 2 0 352 292 355 356
5483 2 2 0 353 356 293 292
5484 2 2 0 353 293 356 357
5485 2 2 0 354 357 294 293
5486 2 2 0 354 294 357 358
5487 2 2 0 355 358 295 294
5488 2 2 0 355 295 358 359
5489 2 2 0 356 360 296 295
5490 2 2 0 356 359 360 295
5491 2 2 0 357 361 297 296
5492 2 2 0 357 360 361 296
5493 2 2 0 358 362 298 297
5494 2 2 0 358 361 362 297
5495 2 2 0 359 363 299 298
5496 2 2 0 359 362 363 298
5497 2 2 0 360 364 300 299
5498 2 2 0 360 363 364 299
5499 2 2 0 361 365 301 300
5500 2 2 0 361 364 365 300
5501 2 2 0 362 366 302 301
5502 2 2 0 362 365 366 301
5503 2 2 0 363 367 303 302
5504 2 2 0 363 366 367 302
5505 2 2 0 364 368 304 303
5506 2 2 0 364 367 368 303
5507 2 2 0 365 369 305 304
5508 2 2 0 365 368 369 304
5509 2 2 0 366 369 306 305
5510 2 2 0 366 306 369 370
5511 2 2 0 367 370 307 306
5512 2 2 0 367 307 370 371
5513 2 2 0 368 371 308 307
5514 2 2 0 368 308 371 372
5515 2 2 0 369 372 309 308
5516 2 2 0 369 309 372 373
5517 2 2 0 370 373 310 309
5518 2 2 0 370 310 373 374
5519 2 2 0 371 374 311 310
5520 2 2 0 371 311 374 375
5521 2 2 0 372 375 312 311
5522 2 2 0 372 312 375 376
5523 2 2 0 373 376 313 312
5524 2 2 0 373 313 376 377
5525 2 2 0 374 377 314 313
5526 2 2 0 374 314 377 378
5527 2 2 0 375 378 315 314
5528 2 2 0 375 315 378 379
5529 2 2 0 376 380 316 315
5530 2 2 0 376 379 380 315
5531 2 2 0 377 381 317 316
5532 2 2 0 377 380 381 316
5533 2 2 0 378 382 318 317
5534 2 2 0 378 381 382 317
5535 2 2 0 379 383 319 318
5536 2 2 0 379 382 383 318
5537 2 2 0 380 384 320 319
5538 2 2 0 380 383 384 319
5539 2 2 0 381 321 257 320
5540 2 2 0 381 384 321 320
5541 2 2 0 382 385 322 321
5542 2 2 0 382 322 385 386
5543 2 2 0 383 386 323 322
5544 2 2 0 383 323 386 387
5545 2 2 0 384 387 324 323
5546 2 2 0 384 324 387 388
5547 2 2 0 385 388 325 324
5548 2 2 0 385 325 388 389
5549 2 2 0 386 389 326 325
5550 2 2 0 386 326 389 390
5551 2 2 0 387 390 327 326
5552 2 2 0 387 390 391 327
5553 2 2 0 388 392 328 327
5554 2 2 0 388 391 392 327
5555 2 2 0 389 393 329 328
5556 2 2 0 389 392 393 328
5557 2 2 0 390 394 330 329
5558 2 2 0 390 393 394 329
5559 2 2 0 391 395 331 330
5560 2 2 0 391 394 395 330
5561 2 2 0 392 396 332 331
5562 2 2 0 392 395 396 331
5563 2 2 0 393 397 333 332
5564 2 2 0 393 396 397 332
5565 2 2 0 394 398 334 333
5566 2 2 0 394 397 398 333
5567 2 2 0 395 399 335 334
5568 2 2 0 395 398 399 334
5569 2 2 0 396 400 336 335
5570 2 2 0 396 399 400 335
5571 2 2 0 397 401 337 336
5572 2 2 0 397 400 401 336
5573 2 2 0 398 401 338 337
5574 2 2 0 398 338 401 402
5575 2 2 0 399 402 339 338
5576 2 2 0 399 339 402 403
5577 2 2 0 400 403 340 339
5578 2 2 0 400 340 403 404
5579 2 2 0 401 404 341 340
5580 2 2 0 401 341 404 405
5581 2 2 0 402 405 342 341
5582 2 2 0 402 342 405 406
5583 2 2 0 403 406 343 342
5584 2 2 0 403 343 406 407
5585 2 2 0 404 407 344 343
5586 2 2 0 404 344 407 408
5587 2 2 0 405 408 345 344
5588 2 2 0 405 345 408 409
5589 2 2 0 406 409 346 345
5590 2 2 0 406 346 409 410
5591 2 2 0 407 410 347 346
5592 2 2 0 407 347 410 411
5593 2 2 0 408 412 348 347
5594 2 2 0 408 411 412 347
5595 2 2 0 409 413 349 348
5596 2 2 0 409 412 413 348
5597 2 2 0 410 414 350 349
5598 2 2 0 410 413 414 349
5599 2 2 0 411 415 351 350
5600 2 2 0 411 414 415 350
5601 2 2 0 412 416 352 351
5602 2 2 0 412 415 416 351
5603 2 2 0 413 417 353 352
5604 2 2 0 413 416 417 352
5605 2 2 0 414 417 354 353
5606 2 2 0 414 354 417 418
5607 2 2 0 415 418 355 354
5608 2 2 0 415 355 418 419
5609 2 2 0 416 419 356 355
5610 2 2 0 416 356 419 420
5611 2 2 0 417 420 357 356
5612 2 2 0 417 357 420 421
5613 2 2 0 418 421 358 357
5614 2 2 0 418 358 421 422
5615 2 2 0 419 422 359 358
5616 2 2 0 419 422 423 359
5617 2 2 0 420 424 360 359
5618 2 2 0 420 423 424 359
5619 2 2 0 421 425 361 360
5620 2 2 0 421 424 425 360
5621 2 2 0 422 426 362 361
5622 2 2 0 422 425 426 361
5623 2 2 0 423 427 363 362
5624 2 2 0 423 426 427 362
5625 2 2 0 424 428 364 363
5626 2 2 0 424 427 428 363
5627 2 2 0 425 429 365 364
5628 2 2 0 425 428 429 364
5629 2 2 0 426 430 366 365
5630 2 2 0 426 429 430 365
5631 2 2 0 427 431 367 366
5632 2 2 0 427 430 431 366
5633 2 2 0 428 432 368 367
5634 2 2 0 428 431 432 367
5635 2 2 0 429 433 369 368
5636 2 2 0 429 432 433 368
5637 2 2 0 430 433 370 369
5638 2 2 0 430 370 433 434
5639 2 2 0 431 434 371 370
5640 2 2 0 431 371 434 435
5641 2 2 0 432 435 372 371
5642 2 2 0 432 372 435 436
5643 2 2 0 433 436 373 372
5644 2 2 0 433 373 436 437
5645 2 2 0 434 437 374 373
5646 2 2 0 434 374 437 438
5647 2 2 0 435 438 375 374
5648 2 2 0 435 375 438 439
5649 2 2 0 436 439 376 375
5650 2 2 0 436 376 439 440
5651 2 2 0 437 440 377 376
5652 2 2 0 437 377 440 441
5653 2 2 0 438 441 378 377
5654 2 2 0 438 378 441 442
5655 2 2 0 439 442 379 378
5656 2 2 0 439 379 442 443
5657 2 2 0 440 444 380 379
5658 2 2 0 440 443 444 379
5659 2 2 0 441 445 381 380
5660 2 2 0 441 444 445 380
5661 2 2 0 442 446 382 381
5662 2 2 0 442 445 446 381
5663 2 2 0 443 447 383 382
5664 2 2 0 443 446 447 382
5665 2 2 0 444 448 384 383
5666 2 2 0 444 447 448 383
5667 2 2 0 445 385 321 384
5668 2 2 0 445 448 385 384
5669 2 2 0 446 449 386 385
5670 2 2 0 446 386 449 450
5671 2 2 0 447 450 387 386
5672 2 2 0 447 387 450 451
5673 2 2 0 448 451 388 387
5674 2 2 0 448 388 451 452
5675 2 2 0 449 452 389 388
5676 2 2 0 449 389 452 453
5677 2 2 0 450 453 390 389
5678 2 2 0 450 390 453 454
5679 2 2 0 451 454 391 390
5680 2 2 0 451 454 455 391
5681 2 2 0 452 456 392 391
5682 2 2 0 452 455 456 391
5683 2 2 0 453 457 393 392
5684 2 2 0 453 456 457 392
5685 2 2 0 454 458 394 393
5686 2 2 0 454 457 458 393
5687 2 2 0 455 459 395 394
5688 2 2 0 455 458 459 394
5689 2 2 0 456 460 396 395
5690 2 2 0 456 459 460 395
5691 2 2 0 457 461 397 396
5692 2 2 0 457 460 461 396
5693 2 2 0 458 462 398 397
5694 2 2 0 458 461 462 397
5695 2 2 0 459 463 399 398
5696 2 2 0 459 462 463 398
5697 2 2 0 460 464 400 399
5698 2 2 0 460 463 464 399
5699 2 2 0 461 465 401 400
5700 2 2 0 461 464 465 400
5701 2 2 0 462 465 402 401
5702 2 2 0 462 402 465 466
5703 2 2 0 463 466 403 402
5704 2 2 0 463 403 466 467
5705 2 2 0 464 467 404 403
5706 2 2 0 464 404 467 468
5707 2 2 0 465 468 405 404
5708 2 2 0 465 405 468 469
5709 2 2 0 466 469 406 405
5710 2 2 0 466 406 469 470
5711 2 2 0 467 470 407 406
5712 2 2 0 467 407 470 471
5713 2 2 0 468 471 408 407
5714 2 2 0 468 408 471 472
5715 2 2 0 469 472 409 408
5716 2 2 0 469 409 472 473
5717 2 2 0 470 473 410 409
5718 2 2 0 470 410 473 474
5719 2 2 0 471 474 411 410
5720 2 2 0 471 411 474 475
5721 2 2 0 472 411 476 412
5722 2 2 0 472 475 476 411
5723 2 2 0 473 477 413 412
5724 2 2 0 473 476 477 412
5725 2 2 0 474 478 414 413
5726 2 2 0 474 477 478 413
5727 2 2 0 475 479 415 414
5728 2 2 0 475 478 479 414
5729 2 2 0 476 480 416 415
5730 2 2 0 476 479 480 415
5731 2 2 0 477 481 417 416
5732 2 2 0 477 480 481 416
5733 2 2 0 478 481 418 417
5734 2 2 0 478 418 481 482
5735 2 2 0 479 482 419 418
5736 2 2 0 479 419 482 483
5737 2 2 0 480 483 420 419
5738 2 2 0 480 420 483 484
5739 2 2 0 481 484 421 420
5740 2 2 0 481 421 484 485
5741 2 2 0 482 485 422 421
5742 2 2 0 482 422 485 486
5743 2 2 0 483 486 423 422
5744 2 2 0 483 486 487 423
5745 2 2 0 484 488 424 423
5746 2 2 0 484 487 488 423
5747 2 2 0 485 489 425 424
5748 2 2 0 485 488 489 424
5749 2 2 0 486 490 426 425
5750 2 2 0 486 489 490 425
5751 2 2 0 487 491 427 426
5752 2 2 0 487 490 491 426
5753 2 2 0 488 492 428 427
5754 2 2 0 488 491 492 427
5755 2 2 0 489 493 429 428
5756 2 2 0 489 492 493 428
5757 2 2 0 490 494 430 429
5758 2 2 0 490 493 494 429
5759 2 2 0 491 495 431 430
5760 2 2 0 491 494 495 430
5761 2 2 0 492 496 432 431
5762 2 2 0 492 495 496 431
5763 2 2 0 493 497 433 432
5764 2 2 0 493 496 497 432
5765 2 2 0 494 497 434 433
5766 2 2 0 494 434 497 498
5767 2 2 0 495 498 435 434
5768 2 2 0 495 435 498 499
5769 2 2 0 496 499 436 435
5770 2 2 0 496 436 499 500
5771 2 2 0 497 500 437 436
5772 2 2 0 497 437 500 501
5773 2 2 0 498 501 438 437
5774 2 2 0 498 438 501 502
5775 2 2 0 499 502 439 438
5776 2 2 0 499 439 502 503
5777 2 2 0 500 503 440 439
5778 2 2 0 500 440 503 504
5779 2 2 0 501 504 441 440
5780 2 2 0 501 441 504 505
5781 2 2 0 502 505 442 441
5782 2 2 0 502 442 505 506
5783 2 2 0 503 506 443 442
5784 2 2 0 503 443 506 507
5785 2 2 0 504 443 508 444
5786 2 2 0 504 507 508 443
5787 2 2 0 505 509 445 444
5788 2 2 0 505 508 509 444
5789 2 2 0 506 510 446 445
5790 2 2 0 506 509 510 445
5791 2 2 0 507 511 447 446
5792 2 2 0 507 510 511 446
5793 2 2 0 508 512 448 447
5794 2 2 0 508 511 512 447
5795 2 2 0 509 449 385 448
5796 2 2 0 509 512 449 448
5797 2 2 0 510 513 450 449
5798 2 2 0 510 450 513 514
5799 2 2 0 511 514 451 450
5800 2 2 0 511 451 514 515
5801 2 2 0 512 515 452 451
5802 2 2 0 512 452 515 516
5803 2 2 0 513 516 453 452
5804 2 2 0 513 453 516 517
5805 2 2 0 514 517 454 453
5806 2 2 0 514 454 517 518
5807 2 2 0 515 518 455 454
5808 2 2 0 515 518 519 455
5809 2 2 0 516 520 456 455
5810 2 2 0 516 519 520 455
5811 2 2 0 517 521 457 456
5812 2 2 0 517 520 521 456
5813 2 2 0 518 522 458 457
5814 2 2 0 518 521 522 457
5815 2 2 0 519 523 459 458
5816 2 2 0 519 522 523 458
5817 2 2 0 520 524 460 459
5818 2 2 0 520 523 524 459
5819 2 2 0 521 525 461 460
5820 2 2 0 521 524 525 460
5821 2 2 0 522 526 462 461
5822 2 2 0 522 525 526 461
5823 2 2 0 523 527 463 462
5824 2 2 0 523 526 527 462
5825 2 2 0 524 528 464 463
5826 2 2 0 524 527 528 463
5827 2 2 0 525 529 465 464
5828 2 2 0 525 528 529 464
5829 2 2 0 526 529 466 465
5830 2 2 0 526 466 529 530
5831 2 2 0 527 530 467 466
5832 2 2 0 527 467 530 531
5833 2 2 0 528 531 468 467
5834 2 2 0 528 468 531 532
5835 2 2 0 529 532 469 468
5836 2 2 0 529 469 532 533
5837 2 2 0 530 533 470 469
5838 2 2 0 530 470 533 534
5839 2 2 0 531 534 471 470
5840 2 2 0 531 471 534 535
5841 2 2 0 532 535 472 471
5842 2 2 0 532 472 535 536
5843 2 2 0 533 536 473 472
5844 2 2 0 533 473 536 537
5845 2 2 0 534 537 474 473
5846 2 2 0 534 537 538 474
5847 2 2 0 535 538 475 474
5848 2 2 0 535 475 538 539
5849 2 2 0 536 475 540 476
5850 2 2 0 536 539 540 475
5851 2 2 0 537 541 477 476
5852 2 2 0 537 540 541 476
5853 2 2 0 538 542 478 477
5854 2 2 0 538 541 542 477
5855 2 2 0 539 543 479 478
5856 2 2 0 539 542 543 478
5857 2 2 0 540 544 480 479
5858 2 2 0 540 543 544 479
5859 2 2 0 541 545 481 480
5860 2 2 0 541 544 545 480
5861 2 2 0 542 545 482 481
5862 2 2 0 542 482 545 546
5863 2 2 0 543 546 483 482
5864 2 2 0 543 483 546 547
5865 2 2 0 544 547 484 483
5866 2 2 0 544 484 547 548
5867 2 2 0 545 548 485 484
5868 2 2 0 545 485 548 549
5869 2 2 0 546 549 486 485
5870 2 2 0 546 486 549 550
5871 2 2 0 547 550 487 486
5872 2 2 0 547 550 551 487
5873 2 2 0 548 552 488 487
5874 2 2 0 548 551 552 487
5875 2 2 0 549 553 489 488
5876 2 2 0 549 552 553 488
5877 2 2 0 550 554 490 489
5878 2 2 0 550 553 554 489
5879 2 2 0 551 555 491 490
5880 2 2 0 551 554 555 490
5881 2 2 0 552 556 492 491
5882 2 2 0 552 555 556 491
5883 2 2 0 553 557 493 492
5884 2 2 0 553 556 557 492
5885 2 2 0 554 558 494 493
5886 2 2 0 554 557 558 493
5887 2 2 0 555 559 495 494
5888 2 2 0 555 558 559 494
5889 2 2 0 556 560 496 495
5890 2 2 0 556 559 560 495
5891 2 2 0 557 561 497 496
5892 2 2 0 557 560 561 496
5893 2 2 0 558 561 498 497
5894 2 2 0 558 498 561 562
5895 2 2 0 559 562 499 498
5896 2 2 0 559 499 562 563
5897 2 2 0 560 563 500 499
5898 2 2 0 560 500 563 564
5899 2 2 0 561 564 501 500
5900 2 2 0 561 501 564 565
5901 2 2 0 562 565 502 501
5902 2 2 0 562 502 565 566
5903 2 2 0 563 566 503 502
5904 2 2 0 563 503 566 567
5905 2 2 0 564 567 504 503
5906 2 2 0 564 504 567 568
5907 2 2 0 565 568 505 504
5908 2 2 0 565 505 568 569
5909 2 2 0 566 569 506 505
5910 2 2 0 566 569 570 506
5911 2 2 0 567 570 507 506
5912 2 2 0 567 507 570 571
5913 2 2 0 568 507 572 508
5914 2 2 0 568 571 572 507
5915 2 2 0 569 573 509 508
5916 2 2 0 569 572 573 508
5917 2 2 0 570 574 510 509
5918 2 2 0 570 573 574 509
5919 2 2 0 571 575 511 510
5920 2 2 0 571 574 575 510
5921 2 2 0 572 576 512 511
5922 2 2 0 572 575 576 511
5923 2 2 0 573 513 449 512
5924 2 2 0 573 576 513 512
5925 2 2 0 574 577 514 513
5926 2 2 0 574 514 577 578
5927 2 2 0 575 578 515 514
5928 2 2 0 575 515 578 579
5929 2 2 0 576 579 516 515
5930 2 2 0 576 516 579 580
5931 2 2 0 577 580 517 516
5932 2 2 0 577 517 580 581
5933 2 2 0 578 581 518 517
5934 2 2 0 578 518 581 582
5935 2 2 0 579 582 519 518
5936 2 2 0 579 582 583 519
5937 2 2 0 580 584 520 519
5938 2 2 0 580 583 584 519
5939 2 2 0 581 585 521 520
5940 2 2 0 581 584 585 520
5941 2 2 0 582 586 522 521
5942 2 2 0 582 585 586 521
5943 2 2 0 583 587 523 522
5944 2 2 0 583 586 587 522
5945 2 2 0 584 588 524 523
5946 2 2 0 584 587 588 523
5947 2 2 0 585 589 525 524
5948 2 2 0 585 588 589 524
5949 2 2 0 586 590 526 525
5950 2 2 0 586 589 590 525
5951 2 2 0 587 591 527 526
5952 2 2 0 587 590 591 526
5953 2 2 0 588 592 528 527
5954 2 2 0 588 591 592 527
5955 2 2 0 589 593 529 528
5956 2 2 0 589 592 593 528
5957 2 2 0 590 593 530 529
5958 2 2 0 590 530 593 594
5959 2 2 0 591 594 531 530
5960 2 2 0 591 531 594 595
5961 2 2 0 592 595 532 531
5962 2 2 0 592 532 595 596
5963 2 2 0 593 596 533 532
5964 2 2 0 593 533 596 597
5965 2 2 0 594 597 534 533
5966 2 2 0 594 534 597 598
5967 2 2 0 595 598 535 534
5968 2 2 0 595 535 598 599
5969 2 2 0 596 599 536 535
5970 2 2 0 596 536 599 600
5971 2 2 0 597 600 537 536
5972 2 2 0 597 537 600 601
5973 2 2 0 598 601 538 537
5974 2 2 0 598 601 602 538
5975 2 2 0 599 602 539 538
5976 2 2 0 599 539 602 603
5977 2 2 0 600 539 604 540
5978 2 2 0 600 603 604 539
5979 2 2 0 601 605 541 540
5980 2 2 0 601 604 605 540
5981 2 2 0 602 606 542 541
5982 2 2 0 602 605 606 541
5983 2 2 0 603 607 543 542
5984 2 2 0 603 606 607 542
5985 2 2 0 604 608 544 543
5986 2 2 0 604 607 608 543
5987 2 2 0 605 609 545 544
5988 2 2 0 605 608 609 544
5989 2 2 0 606 609 546 545
5990 2 2 0 606 546 609 610
5991 2 2 0 607 610 547 546
5992 2 2 0 607 547 610 611
5993 2 2 0 608 611 548 547
5994 2 2 0 608 548 611 612
5995 2 2 0 609 612 549 548
5996 2 2 0 609 549 612 613
5997 2 2 0 610 613 550 549
5998 2 2 0 610 550 613 614
5999 2 2 0 611 614 551 550
6000 2 2 0 611 614 615 551
6001 2 2 0 612 616 552 551
6002 2 2 0 612 615 616 551
6003 2 2 0 613 617 553 552
6004 2 2 0 613 616 617 552
6005 2 2 0 614 618 554 553
6006 2 2 0 614 617 618 553
6007 2 2 0 615 619 555 554
6008 2 2 0 615 618 619 554
6009 2 2 0 616 620 556 555
6010 2 2 0 616 619 620 555
6011 2 2 0 617 621 557 556
6012 2 2 0 617 620 621 556
6013 2 2 0 618 622 558 557
6014 2 2 0 618 621 622 557
6015 2 2 0 619 623 559 558
6016 2 2 0 619 622 623 558
6017 2 2 0 620 624 560 559
6018 2 2 0 620 623 624 559
6019 2 2 0 621 625 561 560
6020 2 2 0 621 624 625 560
6021 2 2 0 622 625 562 561
6022 2 2 0 622 562 625 626
6023 2 2 0 623 626 563 562
6024 2 2 0 623 563 626 627
6025 2 2 0 624 627 564 563
6026 2 2 0 624 564 627 628
6027 2 2 0 625 628 565 564
6028 2 2 0 625 565 628 629
6029 2 2 0 626 629 566 565
6030 2 2 0 626 566 629 630
6031 2 2 0 627 630 567 566
6032 2 2 0 627 567 630 631
6033 2 2 0 628 631 568 567
6034 2 2 0 628 568 631 632
6035 2 2 0 629 632 569 568
6036 2 2 0 629 569 632 633
6037 2 2 0 630 633 570 569
6038 2 2 0 630 633 634 570
6039 2 2 0 631 634 571 570
6040 2 2 0 631 571 634 635
6041 2 2 0 632 571 636 572
6042 2 2 0 632 635 636 571
6043 2 2 0 633 637 573 572
6044 2 2 0 633 636 637 572
6045 2 2 0 634 638 574 573
6046 2 2 0 634 637 638 573
6047 2 2 0 635 639 575 574
6048 2 2 0 635 638 639 574
6049 2 2 0 636 640 576 575
6050 2 2 0 636 639 640 575
6051 2 2 0 637 577 513 576
6052 2 2 0 637 640 577 576
6053 2 2 0 638 641 578 577
6054 2 2 0 638 578 641 642
6055 2 2 0 639 642 579 578
6056 2 2 0 639 579 642 643
6057 2 2 0 640 643 580 579
6058 2 2 0 640 580 643 644
6059 2 2 0 641 644 581 580
6060 2 2 0 641 581 644 645
6061 2 2 0 642 645 582 581
6062 2 2 0 642 582 645 646
6063 2 2 0 643 646 583 582
6064 2 2 0 643 646 647 583
6065 2 2 0 644 583 648 584
6066 2 2 0 644 647 648 583
6067 2 2 0 645 584 649 585
6068 2 2 0 645 648 649 584
6069 2 2 0 646 650 586 585
6070 2 2 0 646 649 650 585
6071 2 2 0 647 651 587 586
6072 2 2 0 647 650 651 586
6073 2 2 0 648 652 588 587
6074 2 2 0 648 651 652 587
6075 2 2 0 649 653 589 588
6076 2 2 0 649 652 653 588
6077 2 2 0 650 654 590 589
6078 2 2 0 650 653 654 589
6079 2 2 0 651 655 591 590
6080 2 2 0 651 654 655 590
6081 2 2 0 652 656 592 591
6082 2 2 0 652 655 656 591
6083 2 2 0 653 657 593 592
6084 2 2 0 653 656 657 592
6085 2 2 0 654 657 594 593
6086 2 2 0 654 594 657 658
6087 2 2 0 655 658 595 594
6088 2 2 0 655 595 658 659
6089 2 2 0 656 659 596 595
6090 2 2 0 656 596 659 660
6091 2 2 0 657 660 597 596
6092 2 2 0 657 597 660 661
6093 2 2 0 658 661 598 597
6094 2 2 0 658 598 661 662
6095 2 2 0 659 662 599 598
6096 2 2 0 659 599 662 663
6097 2 2 0 660 663 600 599
6098 2 2 0 660 600 663 664
6099 2 2 0 661 664 601 600
6100 2 2 0 661 664 665 601
6101 2 2 0 662 665 602 601
6102 2 2 0 662 665 666 602
6103 2 2 0 663 666 603 602
6104 2 2 0 663 666 667 603
6105 2 2 0 664 603 668 604
6106 2 2 0 664 667 668 603
6107 2 2 0 665 669 605 604
6108 2 2 0 665 668 669 604
6109 2 2 0 666 670 606 605
6110 2 2 0 666 669 670 605
6111 2 2 0 667 671 607 606
6112 2 2 0 667 670 671 606
6113 2 2 0 668 672 608 607
6114 2 2 0 668 671 672 607
6115 2 2 0 669 673 609 608
6116 2 2 0 669 672 673 608
6117 2 2 0 670 673 610 609
6118 2 2 0 670 610 673 674
6119 2 2 0 671 674 611 610
6120 2 2 0 671 611 674 675
6121 2 2 0 672 675 612 611
6122 2 2 0 672 612 675 676
6123 2 2 0 673 676 613 612
6124 2 2 0 673 613 676 677
6125 2 2 0 674 677 614 613
6126 2 2 0 674 614 677 678
6127 2 2 0 675 678 615 614
6128 2 2 0 675 678 679 615
6129 2 2 0 676 615 680 616
6130 2 2 0 676 679 680 615
6131 2 2 0 677 616 681 617
6132 2 2 0 677 680 681 616
6133 2 2 0 678 682 618 617
6134 2 2 0 678 681 682 617
6135 2 2 0 679 683 619 618
6136 2 2 0 679 682 683 618
6137 2 2 0 680 684 620 619
6138 2 2 0 680 683 684 619
6139 2 2 0 681 685 621 620
6140 2 2 0 681 684 685 620
6141 2 2 0 682 686 622 621
6142 2 2 0 682 685 686 621
6143 2 2 0 683 687 623 622
6144 2 2 0 683 686 687 622
6145 2 2 0 684 688 624 623
6146 2 2 0 684 687 688 623
6147 2 2 0 685 689 625 624
6148 2 2 0 685 688 689 624
6149 2 2 0 686 689 626 625
6150 2 2 0 686 626 689 690
6151 2 2 0 687 690 627 626
6152 2 2 0 687 627 690 691
6153 2 2 0 688 691 628 627
6154 2 2 0 688 628 691 692
6155 2 2 0 689 692 629 628
6156 2 2 0 689 629 692 693
6157 2 2 0 690 693 630 629
6158 2 2 0 690 630 693 694
6159 2 2 0 691 694 631 630
6160 2 2 0 691 631 694 695
6161 2 2 0 692 695 632 631
6162 2 2 0 692 632 695 696
6163 2 2 0 693 696 633 632
6164 2 2 0 693 696 697 633
6165 2 2 0 694 697 634 633
6166 2 2 0 694 697 698 634
6167 2 2 0 695 698 635 634
6168 2 2 0 695 698 699 635
6169 2 2 0 696 635 700 636
6170 2 2 0 696 699 700 635
6171 2 2 0 697 701 637 636
6172 2 2 0 697 700 701 636
6173 2 2 0 698 702 638 637
6174 2 2 0 698 701 702 637
6175 2 2 0 699 703 639 638
6176 2 2 0 699 702 703 638
6177 2 2 0 700 704 640 639
6178 2 2 0 700 703 704 639
6179 2 2 0 701 641 577 640
6180 2 2 0 701 704 641 640
6181 2 2 0 702 705 642 641
6182 2 2 0 702 642 705 706
6183 2 2 0 703 706 643 642
6184 2 2 0 703 643 706 707
6185 2 2 0 704 707 644 643
6186 2 2 0 704 644 707 708
6187 2 2 0 705 708 645 644
6188 2 2 0 705 645 708 709
6189 2 2 0 706 709 646 645
6190 2 2 0 706 646 709 710
6191 2 2 0 707 710 647 646
6192 2 2 0 707 710 711 647
6193 2 2 0 708 647 712 648
6194 2 2 0 708 711 712 647
6195 2 2 0 709 648 713 649
6196 2 2 0 709 712 713 648
6197 2 2 0 710 649 714 650
6198 2 2 0 710 713 714 649
6199 2 2 0 711 650 715 651
6200 2 2 0 711 714 715 650
6201 2 2 0 712 716 652 651
6202 2 2 0 712 715 716 651
6203 2 2 0 713 717 653 652
6204 2 2 0 713 716 717 652
6205 2 2 0 714 718 654 653
6206 2 2 0 714 717 718 653
6207 2 2 0 715 719 655 654
6208 2 2 0 715 718 719 654
6209 2 2 0 716 720 656 655
6210 2 2 0 716 719 720 655
6211 2 2 0 717 721 657 656
6212 2 2 0 717 720 721 656
6213 2 2 0 718 721 658 657
6214 2 2 0 718 658 721 722
6215 2 2 0 719 722 659 658
6216 2 2 0 719 659 722 723
6217 2 2 0 720 723 660 659
6218 2 2 0 720 660 723 724
6219 2 2 0 721 724 661 660
6220 2 2 0 721 661 724 725
6221 2 2 0 722 725 662 661
6222 2 2 0 722 662 725 726
6223 2 2 0 723 726 663 662
6224 2 2 0 723 663 726 727
6225 2 2 0 724 727 664 663
6226 2 2 0 724 727 728 664
6227 2 2 0 725 728 665 664
6228 2 2 0 725 728 729 665
6229 2 2 0 726 729 666 665
6230 2 2 0 726 729 730 666
6231 2 2 0 727 730 667 666
6232 2 2 0 727 730 731 667
6233 2 2 0 728 667 732 668
6234 2 2 0 728 731 732 667
6235 2 2 0 729 733 669 668
6236 2 2 0 729 732 733 668
6237 2 2 0 730 734 670 669
6238 2 2 0 730 733 734 669
6239 2 2 0 731 735 671 670
6240 2 2 0 731 734 735 670
6241 2 2 0 732 736 672 671
6242 2 2 0 732 735 736 671
6243 2 2 0 733 737 673 672
6244 2 2 0 733 736 737 672
6245 2 2 0 734 737 674 673
6246 2 2 0 734 674 737 738
6247 2 2 0 735 738 675 674
6248 2 2 0 735 675 738 739
6249 2 2 0 736 739 676 675
6250 2 2 0 736 676 739 740
6251 2 2 0 737 740 677 676
6252 2 2 0 737 677 740 741
6253 2 2 0 738 741 678 677
6254 2 2 0 738 678 741 742
6255 2 2 0 739 742 679 678
6256 2 2 0 739 742 743 679
6257 2 2 0 740 679 744 680
6258 2 2 0 740 743 744 679
6259 2 2 0 741 680 745 681
6260 2 2 0 741 744 745 680
6261 2 2 0 742 681 746 682
6262 2 2 0 742 745 746 681
6263 2 2 0 743 682 747 683
6264 2 2 0 743 746 747 682
6265 2 2 0 744 748 684 683
6266 2 2 0 744 747 748 683
6267 2 2 0 745 749 685 684
6268 2 2 0 745 748 749 684
6269 2 2 0 746 750 686 685
6270 2 2 0 746 749 750 685
6271 2 2 0 747 751 687 686
6272 2 2 0 747 750 751 686
6273 2 2 0 748 752 688 687
6274 2 2 0 748 751 752 687
6275 2 2 0 749 753 689 688
6276 2 2 0 749 752 753 688
6277 2 2 0 750 753 690 689
6278 2 2 0 750 690 753 754
6279 2 2 0 751 754 691 690
6280 2 2 0 751 691 754 755
6281 2 2 0 752 755 692 691
6282 2 2 0 752 692 755 756
6283 2 2 0 753 756 693 692
6284 2 2 0 753 693 756 757
6285 2 2 0 754 757 694 693
6286 2 2 0 754 694 757 758
6287 2 2 0 755 758 695 694
6288 2 2 0 755 695 758 759
6289 2 2 0 756 759 696 695
6290 2 2 0 756 759 760 696
6291 2 2 0 757 760 697 696
6292 2 2 0 757 760 761 697
6293 2 2 0 758 761 698 697
6294 2 2 0 758 761 762 698
6295 2 2 0 759 762 699 698
6296 2 2 0 759 762 763 699
6297 2 2 0 760 699 764 700
6298 2 2 0 760 763 764 699
6299 2 2 0 761 765 701 700
6300 2 2 0 761 764 765 700
6301 2 2 0 762 766 702 701
6302 2 2 0 762 765 766 701
6303 2 2 0 763 767 703 702
6304 2 2 0 763 766 767 702
6305 2 2 0 764 768 704 703
6306 2 2 0 764 767 768 703
6307 2 2 0 765 705 641 704
6308 2 2 0 765 768 705 704
6309 2 2 0 766 769 706 705
6310 2 2 0 766 706 769 770
6311 2 2 0 767 770 707 706
6312 2 2 0 767 707 770 771
6313 2 2 0 768 771 708 707
6314 2 2 0 768 708 771 772
6315 2 2 0 769 772 709 708
6316 2 2 0 769 709 772 773
6317 2 2 0 770 773 710 709
6318 2 2 0 770 710 773 774
6319 2 2 0 771 774 711 710
6320 2 2 0 771 774 775 711
6321 2 2 0 772 711 776 712
6322 2 2 0 772 775 776 711
6323 2 2 0 773 712 777 713
6324 2 2 0 773 776 777 712
6325 2 2 0 774 713 778 714
6326 2 2 0 774 777 778 713
6327 2 2 0 775 714 779 715
6328 2 2 0 775 778 779 714
6329 2 2 0 776 780 716 715
6330 2 2 0 776 779 780 715
6331 2 2 0 777 781 717 716
6332 2 2 0 777 780 781 716
6333 2 2 0 778 782 718 717
6334 2 2 0 778 781 782 717
6335 2 2 0 779 783 719 718
6336 2 2 0 779 782 783 718
6337 2 2 0 780 784 720 719
6338 2 2 0 780 783 784 719
6339 2 2 0 781 785 721 720
6340 2 2 0 781 784 785 720
6341 2 2 0 782 785 722 721
6342 2 2 0 782 722 785 786
6343 2 2 0 783 786 723 722
6344 2 2 0 783 723 786 787
6345 2 2 0 784 787 724 723
6346 2 2 0 784 724 787 788
6347 2 2 0 785 788 725 724
6348 2 2 0 785 725 788 789
6349 2 2 0 786 789 726 725
6350 2 2 0 786 726 789 790
6351 2 2 0 787 790 727 726
6352 2 2 0 787 727 790 791
6353 2 2 0 788 791 728 727
6354 2 2 0 788 791 792 728
6355 2 2 0 789 792 729 728
6356 2 2 0 789 792 793 729
6357 2 2 0 790 793 730 729
6358 2 2 0 790 793 794 730
6359 2 2 0 791 794 731 730
6360 2 2 0 791 794 795 731
6361 2 2 0 792 731 796 732
6362 2 2 0 792 795 796 731
6363 2 2 0 793 797 733 732
6364 2 2 0 793 796 797 732
6365 2 2 0 794 798 734 733
6366 2 2 0 794 797 798 733
6367 2 2 0 795 799 735 734
6368 2 2 0 795 798 799 734
6369 2 2 0 796 800 736 735
6370 2 2 0 796 799 800 735
6371 2 2 0 797 801 737 736
6372 2 2 0 797 800 801 736
6373 2 2 0 798 801 738 737
6374 2 2 0 798 738 801 802
6375 2 2 0 799 802 739 738
6376 2 2 0 799 739 802 803
6377 2 2 0 800 803 740 739
6378 2 2 0 800 740 803 804
6379 2 2 0 801 804 741 740
6380 2 2 0 801 741 804 805
6381 2 2 0 802 805 742 741
6382 2 2 0 802 742 805 806
6383 2 2 0 803 806 743 742
6384 2 2 0 803 806 807 743
6385 2 2 0 804 743 808 744
6386 2 2 0 804 807 808 743
6387 2 2 0 805 744 809 745
6388 2 2 0 805 808 809 744
6389 2 2 0 806 745 810 746
6390 2 2 0 806 809 810 745
6391 2 2 0 807 746 811 747
6392 2 2 0 807 810 811 746
6393 2 2 0 808 812 748 747
6394 2 2 0 808 811 812 747
6395 2 2 0 809 813 749 748
6396 2 2 0 809 812 813 748
6397 2 2 0 810 814 750 749
6398 2 2 0 810 813 814 749
6399 2 2 0 811 815 751 750
6400 2 2 0 811 814 815 750
6401 2 2 0 812 816 752 751
6402 2 2 0 812 815 816 751
6403 2 2 0 813 817 753 752
6404 2 2 0 813 816 817 752
6405 2 2 0 814 817 754 753
6406 2 2 0 814 754 817 818
6407 2 2 0 815 818 755 754
6408 2 2 0 815 755 818 819
6409 2 2 0 816 819 756 755
6410 2 2 0 816 756 819 820
6411 2 2 0 817 820 757 756
6412 2 2 0 817 757 820 821
6413 2 2 0 818 821 758 757
6414 2 2 0 818 758 821 822
6415 2 2 0 819 822 759 758
6416 2 2 0 819 759 822 823
6417 2 2 0 820 823 760 759
6418 2 2 0 820 823 824 760
6419 2 2 0 821 824 761 760
6420 2 2 0 821 824 825 761
6421 2 2 0 822 825 762 761
6422 2 2 0 822 825 826 762
6423 2 2 0 823 826 763 762
6424 2 2 0 823 826 827 763
6425 2 2 0 824 763 828 764
6426 2 2 0 824 827 828 763
6427 2 2 0 825 829 765 764
6428 2 2 0 825 828 829 764
6429 2 2 0 826 830 766 765
6430 2 2 0 826 829 830 765
6431 2 2 0 827 831 767 766
6432 2 2 0 827 830 831 766
6433 2 2 0 828 832 768 767
6434 2 2 0 828 831 832 767
6435 2 2 0 829 769 705 768
6436 2 2 0 829 832 769 768
6437 2 2 0 830 833 770 769
6438 2 2 0 830 770 833 834
6439 2 2 0 831 834 771 770
6440 2 2 0 831 771 834 835
6441 2 2 0 832 835 772 771
6442 2 2 0 832 772 835 836
6443 2 2 0 833 836 773 772
6444 2 2 0 833 773 836 837
6445 2 2 0 834 837 774 773
6446 2 2 0 834 774 837 838
6447 2 2 0 835 838 775 774
6448 2 2 0 835 838 839 775
6449 2 2 0 836 775 840 776
6450 2 2 0 836 839 840 775
6451 2 2 0 837 776 841 777
6452 2 2 0 837 840 841 776
6453 2 2 0 838 777 842 778
6454 2 2 0 838 841 842 777
6455 2 2 0 839 778 843 779
6456 2 2 0 839 842 843 778
6457 2 2 0 840 844 780 779
6458 2 2 0 840 843 844 779
6459 2 2 0 841 845 781 780
6460 2 2 0 841 844 845 780
6461 2 2 0 842 846 782 781
6462 2 2 0 842 845 846 781
6463 2 2 0 843 847 783 782
6464 2 2 0 843 846 847 782
6465 2 2 0 844 848 784 783
6466 2 2 0 844 847 848 783
6467 2 2 0 845 849 785 784
6468 2 2 0 845 848 849 784
6469 2 2 0 846 849 786 785
6470 2 2 0 846 786 849 850
6471 2 2 0 847 850 787 786
6472 2 2 0 847 787 850 851
6473 2 2 0 848 851 788 787
6474 2 2 0 848 788 851 852
6475 2 2 0 849 852 789 788
6476 2 2 0 849 789 852 853
6477 2 2 0 850 853 790 789
6478 2 2 0 850 790 853 854
6479 2 2 0 851 854 791 790
6480 2 2 0 851 791 854 855
6481 2 2 0 852 855 792 791
6482 2 2 0 852 855 856 792
6483 2 2 0 853 856 793 792
6484 2 2 0 853 856 857 793
6485 2 2 0 854 857 794 793
6486 2 2 0 854 857 858 794
6487 2 2 0 855 858 795 794
6488 2 2 0 855 858 859 795
6489 2 2 0 856 795 860 796
6490 2 2 0 856 859 860 795
6491 2 2 0 857 861 797 796
6492 2 2 0 857 860 861 796
6493 2 2 0 858 862 798 797
6494 2 2 0 858 861 862 797
6495 2 2 0 859 863 799 798
6496 2 2 0 859 862 863 798
6497 2 2 0 860 864 800 799
6498 2 2 0 860 863 864 799
6499 2 2 0 861 865 801 800
6500 2 2 0 861 864 865 800
6501 2 2 0 862 865 802 801
6502 2 2 0 862 802 865 866
6503 2 2 0 863 866 803 802
6504 2 2 0 863 803 866 867
6505 2 2 0 864 867 804 803
6506 2 2 0 864 804 867 868
6507 2 2 0 865 868 805 804
6508 2 2 0 865 805 868 869
6509 2 2 0 866 869 806 805
6510 2 2 0 866 806 869 870
6511 2 2 0 867 870 807 806
6512 2 2 0 867 870 871 807
6513 2 2 0 868 807 872 808
6514 2 2 0 868 871 872 807
6515 2 2 0 869 808 873 809
6516 2 2 0 869 872 873 808
6517 2 2 0 870 809 874 810
6518 2 2 0 870 873 874 809
6519 2 2 0 871 810 875 811
6520 2 2 0 871 874 875 810
6521 2 2 0 872 876 812 811
6522 2 2 0 872 875 876 811
6523 2 2 0 873 877 813 812
6524 2 2 0 873 876 877 812
6525 2 2 0 874 878 814 813
6526 2 2 0 874 877 878 813
6527 2 2 0 875 879 815 814
6528 2 2 0 875 878 879 814
6529 2 2 0 876 880 816 815
6530 2 2 0 876 879 880 815
6531 2 2 0 877 881 817 816
6532 2 2 0 877 880 881 816
6533 2 2 0 878 881 818 817
6534 2 2 0 878 818 881 882
6535 2 2 0 879 882 819 818
6536 2 2 0 879 819 882 883
6537 2 2 0 880 883 820 819
6538 2 2 0 880 820 883 884
6539 2 2 0 881 884 821 820
6540 2 2 0 881 821 884 885
6541 2 2 0 882 885 822 821
6542 2 2 0 882 822 885 886
6543 2 2 0 883 886 823 822
6544 2 2 0 883 823 886 887
6545 2 2 0 884 887 824 823
6546 2 2 0 884 887 888 824
6547 2 2 0 885 888 825 824
6548 2 2 0 885 888 889 825
6549 2 2 0 886 889 826 825
6550 2 2 0 886 889 890 826
6551 2 2 0 887 890 827 826
6552 2 2 0 887 890 891 827
6553 2 2 0 888 827 892 828
6554 2 2 0 888 891 892 827
6555 2 2 0 889 893 829 828
6556 2 2 0 889 892 893 828
6557 2 2 0 890 894 830 829
6558 2 2 0 890 893 894 829
6559 2 2 0 891 895 831 830
6560 2 2 0 891 894 895 830
6561 2 2 0 892 896 832 831
6562 2 2 0 892 895 896 831
6563 2 2 0 893 833 769 832
6564 2 2 0 893 896 833 832
6565 2 2 0 894 897 834 833
6566 2 2 0 894 834 897 898
6567 2 2 0 895 898 835 834
6568 2 2 0 895 835 898 899
6569 2 2 0 896 899 836 835
6570 2 2 0 896 836 899 900
6571 2 2 0 897 900 837 836
6572 2 2 0 897 837 900 901
6573 2 2 0 898 901 838 837
6574 2 2 0 898 838 901 902
6575 2 2 0 899 902 839 838
6576 2 2 0 899 902 903 839
6577 2 2 0 900 839 904 840
6578 2 2 0 900 903 904 839
6579 2 2 0 901 840 905 841
6580 2 2 0 901 904 905 840
6581 2 2 0 902 841 906 842
6582 2 2 0 902 905 906 841
6583 2 2 0 903 842 907 843
6584 2 2 0 903 906 907 842
6585 2 2 0 904 908 844 843
6586 2 2 0 904 907 908 843
6587 2 2 0 905 909 845 844
6588 2 2 0 905 908 909 844
6589 2 2 0 906 910 846 845
6590 2 2 0 906 909 910 845
6591 2 2 0 907 911 847 846
6592 2 2 0 907 910 911 846
6593 2 2 0 908 912 848 847
6594 2 2 0 908 911 912 847
6595 2 2 0 909 913 849 848
6596 2 2 0 909 912 913 848
6597 2 2 0 910 913 850 849
6598 2 2 0 910 850 913 914
6599 2 2 0 911 914 851 850
6600 2 2 0 911 851 914 915
6601 2 2 0 912 915 852 851
6602 2 2 0 912 852 915 916
6603 2 2 0 913 916 853 852
6604 2 2 0 913 853 916 917
6605 2 2 0 914 917 854 853
6606 2 2 0 914 854 917 918
6607 2 2 0 915 918 855 854
6608 2 2 0 915 855 918 919
6609 2 2 0 916 919 856 855
6610 2 2 0 916 919 920 856
6611 2 2 0 917 920 857 856
6612 2 2 0 917 920 921 857
6613 2 2 0 918 921 858 857
6614 2 2 0 918 921 922 858
6615 2 2 0 919 922 859 858
6616 2 2 0 919 922 923 859
6617 2 2 0 920 859 924 860
6618 2 2 0 920 923 924 859
6619 2 2 0 921 925 861 860
6620 2 2 0 921 924 925 860
6621 2 2 0 922 926 862 861
6622 2 2 0 922 925 926 861
6623 2 2 0 923 927 863 862
6624 2 2 0 923 926 927 862
6625 2 2 0 924 928 864 863
6626 2 2 0 924 927 928 863
6627 2 2 0 925 929 865 864
6628 2 2 0 925 928 929 864
6629 2 2 0 926 929 866 865
6630 2 2 0 926 866 929 930
6631 2 2 0 927 930 867 866
6632 2 2 0 927 867 930 931
6633 2 2 0 928 931 868 867
6634 2 2 0 928 868 931 932
6635 2 2 0 929 932 869 868
6636 2 2 0 929 869 932 933
6637 2 2 0 930 933 870 869
6638 2 2 0 930 870 933 934
6639 2 2 0 931 934 871 870
6640 2 2 0 931 934 935 871
6641 2 2 0 932 871 936 872
6642 2 2 0 932 935 936 871
6643 2 2 0 933 872 937 873
6644 2 2 0 933 936 937 872
6645 2 2 0 934 873 938 874
6646 2 2 0 934 937 938 873
6647 2 2 0 935 874 939 875
6648 2 2 0 935 938 939 874
6649 2 2 0 936 940 876 875
6650 2 2 0 936 939 940 875
6651 2 2 0 937 941 877 876
6652 2 2 0 937 940 941 876
6653 2 2 0 938 942 878 877
6654 2 2 0 938 941 942 877
6655 2 2 0 939 943 879 878
6656 2 2 0 939 942 943 878
6657 2 2 0 940 944 880 879
6658 2 2 0 940 943 944 879
6659 2 2 0 941 945 881 880
6660 2 2 0 941 944 945 880
6661 2 2 0 942 945 882 881
6662 2 2 0 942 882 945 946
6663 2 2 0 943 946 883 882
6664 2 2 0 943 883 946 947
6665 2 2 0 944 947 884 883
6666 2 2 0 944 884 947 948
6667 2 2 0 945 948 885 884
6668 2 2 0 945 885 948 949
6669 2 2 0 946 949 886 885
6670 2 2 0 946 886 949 950
6671 2 2 0 947 950 887 886
6672 2 2 0 947 887 950 951
6673 2 2 0 948 951 888 887
6674 2 2 0 948 951 952 888
6675 2 2 0 949 952 889 888
6676 2 2 0 949 952 953 889
6677 2 2 0 950 953 890 889
6678 2 2 0 950 953 954 890
6679 2 2 0 951 954 891 890
6680 2 2 0 951 954 955 891
6681 2 2 0 952 891 956 892
6682 2 2 0 952 955 956 891
6683 2 2 0 953 957 893 892
6684 2 2 0 953 956 957 892
6685 2 2 0 954 958 894 893
6686 2 2 0 954 957 958 893
6687 2 2 0 955 959 895 894
6688 2 2 0 955 958 959 894
6689 2 2 0 956 960 896 895
6690 2 2 0 956 959 960 895
6691 2 2 0 957 897 833 896
6692 2 2 0 957 960 897 896
6693 2 2 0 958 961 962 1701
6694 2 2 0 958 898 897 1701
6695 2 2 0 958 897 961 1701
6696 2 2 0 958 962 898 1701
6697 2 2 0 959 962 899 898
6698 2 2 0 959 899 962 963
6699 2 2 0 960 963 900 899
6700 2 2 0 960 900 963 964
6701 2 2 0 961 964 901 900
6702 2 2 0 961 901 964 965
6703 2 2 0 962 965 902 901
6704 2 2 0 962 902 965 966
6705 2 2 0 963 966 903 902
6706 2 2 0 963 966 967 903
6707 2 2 0 964 903 968 904
6708 2 2 0 964 967 968 903
6709 2 2 0 965 904 969 905
6710 2 2 0 965 968 969 904
6711 2 2 0 966 905 970 906
6712 2 2 0 966 969 970 905
6713 2 2 0 967 906 971 907
6714 2 2 0 967 970 971 906
6715 2 2 0 968 972 908 907
6716 2 2 0 968 971 972 907
6717 2 2 0 969 973 909 908
6718 2 2 0 969 972 973 908
6719 2 2 0 970 974 910 909
6720 2 2 0 970 973 974 909
6721 2 2 0 971 975 911 910
6722 2 2 0 971 974 975 910
6723 2 2 0 972 976 912 911
6724 2 2 0 972 975 976 911
6725 2 2 0 973 977 913 912
6726 2 2 0 973 976 977 912
6727 2 2 0 974 977 914 913
6728 2 2 0 974 914 977 978
6729 2 2 0 975 978 915 914
6730 2 2 0 975 915 978 979
6731 2 2 0 976 979 916 915
6732 2 2 0 976 916 979 980
6733 2 2 0 977 980 917 916
6734 2 2 0 977 917 980 981
6735 2 2 0 978 981 918 917
6736 2 2 0 978 918 981 982
6737 2 2 0 979 982 919 918
6738 2 2 0 979 919 982 983
6739 2 2 0 980 983 920 919
6740 2 2 0 980 983 984 920
6741 2 2 0 981 984 921 920
6742 2 2 0 981 984 985 921
6743 2 2 0 982 985 922 921
6744 2 2 0 982 985 986 922
6745 2 2 0 983 986 923 922
6746 2 2 0 983 986 987 923
6747 2 2 0 984 923 988 924
6748 2 2 0 984 987 988 923
6749 2 2 0 985 989 925 924
6750 2 2 0 985 988 989 924
6751 2 2 0 986 990 926 925
6752 2 2 0 986 989 990 925
6753 2 2 0 987 991 927 926
6754 2 2 0 987 990 991 926
6755 2 2 0 988 992 928 927
6756 2 2 0 988 991 992 927
6757 2 2 0 989 992 993 1702
6758 2 2 0 989 929 928 1702
6759 2 2 0 989 928 992 1702
6760 2 2 0 989 993 929 1702
6761 2 2 0 990 993 994 1703
6762 2 2 0 990 930 929 1703
6763 2 2 0 990 929 993 1703
6764 2 2 0 990 994 930 1703
6765 2 2 0 991 994 931 930
6766 2 2 0 991 931 994 995
6767 2 2 0 992 995 932 931
6768 2 2 0 992 932 995 996
6769 2 2 0 993 996 933 932
6770 2 2 0 993 933 996 997
6771 2 2 0 994 997 934 933
6772 2 2 0 994 934 997 998
6773 2 2 0 995 998 935 934
6774 2 2 0 995 998 999 935
6775 2 2 0 996 935 1000 936
6776 2 2 0 996 999 1000 935
6777 2 2 0 997 936 1001 937
6778 2 2 0 997 1000 1001 936
6779 2 2 0 998 937 1002 938
6780 2 2 0 998 1001 1002 937
6781 2 2 0 999 938 1003 939
6782 2 2 0 999 1002 1003 938
6783 2 2 0 1000 1004 940 939
6784 2 2 0 1000 1003 1004 939
6785 2 2 0 1001 1005 941 940
6786 2 2 0 1001 1004 1005 940
6787 2 2 0 1002 1006 942 941
6788 2 2 0 1002 1005 1006 941
6789 2 2 0 1003 1007 943 942
6790 2 2 0 1003 1006 1007 942
6791 2 2 0 1004 1008 944 943
6792 2 2 0 1004 1007 1008 943
6793 2 2 0 1005 1009 945 944
6794 2 2 0 1005 1008 1009 944
6795 2 2 0 1006 1009 946 945
6796 2 2 0 1006 946 1009 1010
6797 2 2 0 1007 1010 947 946
6798 2 2 0 1007 947 1010 1011
6799 2 2 0 1008 1011 948 947
6800 2 2 0 1008 948 1011 1012
6801 2 2 0 1009 1012 949 948
6802 2 2 0 1009 949 1012 1013
6803 2 2 0 1010 1013 950 949
6804 2 2 0 1010 950 1013 1014
6805 2 2 0 1011 1014 951 950
6806 2 2 0 1011 951 1014 1015
6807 2 2 0 1012 1015 952 951
6808 2 2 0 1012 1015 1016 952
6809 2 2 0 1013 1016 953 952
6810 2 2 0 1013 1016 1017 953
6811 2 2 0 1014 1017 954 953
6812 2 2 0 1014 1017 1018 954
6813 2 2 0 1015 1018 955 954
6814 2 2 0 1015 1018 1019 955
6815 2 2 0 1016 955 1020 956
6816 2 2 0 1016 1019 1020 955
6817 2 2 0 1017 1021 957 956
6818 2 2 0 1017 1020 1021 956
6819 2 2 0 1018 1022 958 957
6820 2 2 0 1018 1021 1022 957
6821 2 2 0 1019 1023 959 958
6822 2 2 0 1019 1022 1023 958
6823 2 2 0 1020 1024 960 959
6824 2 2 0 1020 1023 1024 959
6825 2 2 0 1021 1024 961 1704
6826 2 2 0 1021 897 960 1704
6827 2 2 0 1021 961 897 1704
6828 2 2 0 1021 960 1024 1704
6829 2 2 0 1022 962 961 1705
6830 2 2 0 1022 1025 1026 1705
6831 2 2 0 1022 961 1025 1705
6832 2 2 0 1022 1026 962 1705
6833 2 2 0 1023 1026 963 962
6834 2 2 0 1023 963 1026 1027
6835 2 2 0 1024 1027 964 963
6836 2 2 0 1024 964 1027 1028
6837 2 2 0 1025 1028 965 964
6838 2 2 0 1025 965 1028 1029
6839 2 2 0 1026 1029 966 965
6840 2 2 0 1026 966 1029 1030
6841 2 2 0 1027 1030 967 966
6842 2 2 0 1027 1030 1031 967
6843 2 2 0 1028 967 1032 968
6844 2 2 0 1028 1031 1032 967
6845 2 2 0 1029 968 1033 969
6846 2 2 0 1029 1032 1033 968
6847 2 2 0 1030 969 1034 970
6848 2 2 0 1030 1033 1034 969
6849 2 2 0 1031 970 1035 971
6850 2 2 0 1031 1034 1035 970
6851 2 2 0 1032 1036 972 971
6852 2 2 0 1032 1035 1036 971
6853 2 2 0 1033 1037 973 972
6854 2 2 0 1033 1036 1037 972
6855 2 2 0 1034 1038 974 973
6856 2 2 0 1034 1037 1038 973
6857 2 2 0 1035 1039 975 974
6858 2 2 0 1035 1038 1039 974
6859 2 2 0 1036 1040 976 975
6860 2 2 0 1036 1039 1040 975
6861 2 2 0 1037 1041 977 976
6862 2 2 0 1037 1040 1041 976
6863 2 2 0 1038 1041 978 977
6864 2 2 0 1038 978 1041 1042
6865 2 2 0 1039 1042 979 978
6866 2 2 0 1039 979 1042 1043
6867 2 2 0 1040 1043 980 979
6868 2 2 0 1040 980 1043 1044
6869 2 2 0 1041 1044 981 980
6870 2 2 0 1041 981 1044 1045
6871 2 2 0 1042 1045 982 981
6872 2 2 0 1042 982 1045 1046
6873 2 2 0 1043 1046 983 982
6874 2 2 0 1043 983 1046 1047
6875 2 2 0 1044 1047 984 983
6876 2 2 0 1044 1047 1048 984
6877 2 2 0 1045 1048 985 984
6878 2 2 0 1045 1048 1049 985
6879 2 2 0 1046 1049 986 985
6880 2 2 0 1046 1049 1050 986
6881 2 2 0 1047 1050 987 986
6882 2 2 0 1047 1050 1051 987
6883 2 2 0 1048 987 1052 988
6884 2 2 0 1048 1051 1052 987
6885 2 2 0 1049 1053 989 988
6886 2 2 0 1049 1052 1053 988
6887 2 2 0 1050 1054 990 989
6888 2 2 0 1050 1053 1054 989
6889 2 2 0 1051 1055 991 990
6890 2 2 0 1051 1054 1055 990
6891 2 2 0 1052 1056 992 991
6892 2 2 0 1052 1055 1056 991
6893 2 2 0 1053 993 992 1706
6894 2 2 0 1053 1056 1057 1706
6895 2 2 0 1053 992 1056 1706
6896 2 2 0 1053 1057 993 1706
6897 2 2 0 1054 994 993 1707
6898 2 2 0 1054 1057 1058 1707
6899 2 2 0 1054 993 1057 1707
6900 2 2 0 1054 1058 994 1707
6901 2 2 0 1055 1058 995 994
6902 2 2 0 1055 995 1058 1059
6903 2 2 0 1056 1059 996 995
6904 2 2 0 1056 996 1059 1060
6905 2 2 0 1057 1060 997 996
6906 2 2 0 1057 997 1060 1061
6907 2 2 0 1058 1061 998 997
6908 2 2 0 1058 998 1061 1062
6909 2 2 0 1059 1062 999 998
6910 2 2 0 1059 1062 1063 999
6911 2 2 0 1060 999 1064 1000
6912 2 2 0 1060 1063 1064 999
6913 2 2 0 1061 1000 1065 1001
6914 2 2 0 1061 1064 1065 1000
6915 2 2 0 1062 1001 1066 1002
6916 2 2 0 1062 1065 1066 1001
6917 2 2 0 1063 1002 1067 1003
6918 2 2 0 1063 1066 1067 1002
6919 2 2 0 1064 1068 1004 1003
6920 2 2 0 1064 1067 1068 1003
6921 2 2 0 1065 1069 1005 1004
6922 2 2 0 1065 1068 1069 1004
6923 2 2 0 1066 1070 1006 1005
6924 2 2 0 1066 1069 1070 1005
6925 2 2 0 1067 1071 1007 1006
6926 2 2 0 1067 1070 1071 1006
6927 2 2 0 1068 1072 1008 1007
6928 2 2 0 1068 1071 1072 1007
6929 2 2 0 1069 1073 1009 1008
6930 2 2 0 1069 1072 1073 1008
6931 2 2 0 1070 1073 1010 1009
6932 2 2 0 1070 1010 1073 1074
6933 2 2 0 1071 1074 1011 1010
6934 2 2 0 1071 1011 1074 1075
6935 2 2 0 1072 1075 1012 1011
6936 2 2 0 1072 1012 1075 1076
6937 2 2 0 1073 1076 1013 1012
6938 2 2 0 1073 1013 1076 1077
6939 2 2 0 1074 1077 1014 1013
6940 2 2 0 1074 1014 1077 1078
6941 2 2 0 1075 1078 1015 1014
6942 2 2 0 1075 1015 1078 1079
6943 2 2 0 1076 1079 1016 1015
6944 2 2 0 1076 1079 1080 1016
6945 2 2 0 1077 1080 1017 1016
6946 2 2 0 1077 1080 1081 1017
6947 2 2 0 1078 1081 1018 1017
6948 2 2 0 1078 1081 1082 1018
6949 2 2 0 1079 1082 1019 1018
6950 2 2 0 1079 1082 1083 1019
6951 2 2 0 1080 1019 1084 1020
6952 2 2 0 1080 1083 1084 1019
6953 2 2 0 1081 1085 1021 1020
6954 2 2 0 1081 1084 1085 1020
6955 2 2 0 1082 1086 1022 1021
6956 2 2 0 1082 1085 1086 1021
6957 2 2 0 1083 1087 1023 1022
6958 2 2 0 1083 1086 1087 1022
6959 2 2 0 1084 1088 1024 1023
6960 2 2 0 1084 1087 1088 1023
6961 2 2 0 1085 961 1024 1708
6962 2 2 0 1085 1088 1025 1708
6963 2 2 0 1085 1025 961 1708
6964 2 2 0 1085 1024 1088 1708
6965 2 2 0 1086 1026 1025 1709
6966 2 2 0 1086 1089 1090 1709
6967 2 2 0 1086 1025 1089 1709
6968 2 2 0 1086 1090 1026 1709
6969 2 2 0 1087 1090 1027 1026
6970 2 2 0 1087 1027 1090 1091
6971 2 2 0 1088 1091 1028 1027
6972 2 2 0 1088 1028 1091 1092
6973 2 2 0 1089 1092 1029 1028
6974 2 2 0 1089 1029 1092 1093
6975 2 2 0 1090 1030 1093 1094
6976 2 2 0 1090 1093 1030 1029
6977 2 2 0 1091 1094 1031 1030
6978 2 2 0 1091 1094 1095 1031
6979 2 2 0 1092 1031 1096 1032
6980 2 2 0 1092 1095 1096 1031
6981 2 2 0 1093 1032 1097 1033
6982 2 2 0 1093 1096 1097 1032
6983 2 2 0 1094 1033 1098 1034
6984 2 2 0 1094 1097 1098 1033
6985 2 2 0 1095 1034 1099 1035
6986 2 2 0 1095 1098 1099 1034
6987 2 2 0 1096 1100 1036 1035
6988 2 2 0 1096 1099 1100 1035
6989 2 2 0 1097 1101 1037 1036
6990 2 2 0 1097 1100 1101 1036
6991 2 2 0 1098 1102 1038 1037
6992 2 2 0 1098 1101 1102 1037
6993 2 2 0 1099 1103 1039 1038
6994 2 2 0 1099 1102 1103 1038
6995 2 2 0 1100 1104 1040 1039
6996 2 2 0 1100 1103 1104 1039
6997 2 2 0 1101 1104 1105 1710
6998 2 2 0 1101 1041 1040 1710
6999 2 2 0 1101 1040 1104 1710
7000 2 2 0 1101 1105 1041 1710
7001 2 2 0 1102 1105 1106 1711
7002 2 2 0 1102 1042 1041 1711
7003 2 2 0 1102 1041 1105 1711
7004 2 2 0 1102 1106 1042 1711
7005 2 2 0 1103 1106 1043 1042
7006 2 2 0 1103 1043 1106 1107
7007 2 2 0 1104 1107 1044 1043
7008 2 2 0 1104 1044 1107 1108
7009 2 2 0 1105 1108 1045 1044
7010 2 2 0 1105 1045 1108 1109
7011 2 2 0 1106 1109 1046 1045
7012 2 2 0 1106 1046 1109 1110
7013 2 2 0 1107 1110 1047 1046
7014 2 2 0 1107 1047 1110 1111
7015 2 2 0 1108 1111 1048 1047
7016 2 2 0 1108 1111 1112 1048
7017 2 2 0 1109 1112 1049 1048
7018 2 2 0 1109 1112 1113 1049
7019 2 2 0 1110 1113 1050 1049
7020 2 2 0 1110 1113 1114 1050
7021 2 2 0 1111 1114 1051 1050
7022 2 2 0 1111 1051 1114 1115
7023 2 2 0 1112 1051 1116 1052
7024 2 2 0 1112 1115 1116 1051
7025 2 2 0 1113 1116 1117 1052
7026 2 2 0 1113 1117 1053 1052
7027 2 2 0 1114 1118 1054 1053
7028 2 2 0 1114 1117 1118 1053
7029 2 2 0 1115 1119 1055 1054
7030 2 2 0 1115 1118 1119 1054
7031 2 2 0 1116 1120 1056 1055
7032 2 2 0 1116 1119 1120 1055
7033 2 2 0 1117 1057 1056 1712
7034 2 2 0 1117 1120 1121 1712
7035 2 2 0 1117 1056 1120 1712
7036 2 2 0 1117 1121 1057 1712
7037 2 2 0 1118 1058 1057 1713
7038 2 2 0 1118 1121 1122 1713
7039 2 2 0 1118 1057 1121 1713
7040 2 2 0 1118 1122 1058 1713
7041 2 2 0 1119 1122 1059 1058
7042 2 2 0 1119 1059 1122 1123
7043 2 2 0 1120 1123 1060 1059
7044 2 2 0 1120 1060 1123 1124
7045 2 2 0 1121 1124 1061 1060
7046 2 2 0 1121 1061 1124 1125
7047 2 2 0 1122 1062 1125 1126
7048 2 2 0 1122 1125 1062 1061
7049 2 2 0 1123 1126 1063 1062
7050 2 2 0 1123 1126 1127 1063
7051 2 2 0 1124 1063 1128 1064
7052 2 2 0 1124 1127 1128 1063
7053 2 2 0 1125 1064 1129 1065
7054 2 2 0 1125 1128 1129 1064
7055 2 2 0 1126 1065 1130 1066
7056 2 2 0 1126 1129 1130 1065
7057 2 2 0 1127 1066 1131 1067
7058 2 2 0 1127 1130 1131 1066
7059 2 2 0 1128 1132 1068 1067
7060 2 2 0 1128 1131 1132 1067
7061 2 2 0 1129 1133 1069 1068
7062 2 2 0 1129 1132 1133 1068
7063 2 2 0 1130 1134 1070 1069
7064 2 2 0 1130 1133 1134 1069
7065 2 2 0 1131 1135 1071 1070
7066 2 2 0 1131 1134 1135 1070
7067 2 2 0 1132 1136 1072 1071
7068 2 2 0 1132 1135 1136 1071
7069 2 2 0 1133 1136 1137 1714
7070 2 2 0 1133 1073 1072 1714
7071 2 2 0 1133 1072 1136 1714
7072 2 2 0 1133 1137 1073 1714
7073 2 2 0 1134 1137 1138 1715
7074 2 2 0 1134 1074 1073 1715
7075 2 2 0 1134 1073 1137 1715
7076 2 2 0 1134 1138 1074 1715
7077 2 2 0 1135 1138 1075 1074
7078 2 2 0 1135 1075 1138 1139
7079 2 2 0 1136 1139 1076 1075
7080 2 2 0 1136 1076 1139 1140
7081 2 2 0 1137 1140 1077 1076
7082 2 2 0 1137 1077 1140 1141
7083 2 2 0 1138 1141 1078 1077
7084 2 2 0 1138 1078 1141 1142
7085 2 2 0 1139 1142 1079 1078
7086 2 2 0 1139 1079 1142 1143
7087 2 2 0 1140 1143 1080 1079
7088 2 2 0 1140 1143 1144 1080
7089 2 2 0 1141 1144 1081 1080
7090 2 2 0 1141 1144 1145 1081
7091 2 2 0 1142 1145 1082 1081
7092 2 2 0 1142 1145 1146 1082
7093 2 2 0 1143 1146 1083 1082
7094 2 2 0 1143 1083 1146 1147
7095 2 2 0 1144 1083 1148 1084
7096 2 2 0 1144 1147 1148 1083
7097 2 2 0 1145 1148 1149 1084
7098 2 2 0 1145 1149 1085 1084
7099 2 2 0 1146 1150 1086 1085
7100 2 2 0 1146 1149 1150 1085
7101 2 2 0 1147 1151 1087 1086
7102 2 2 0 1147 1150 1151 1086
7103 2 2 0 1148 1152 1088 1087
7104 2 2 0 1148 1151 1152 1087
7105 2 2 0 1149 1025 1088 1716
7106 2 2 0 1149 1152 1089 1716
7107 2 2 0 1149 1089 1025 1716
7108 2 2 0 1149 1088 1152 1716
7109 2 2 0 1150 1089 1153 1717
7110 2 2 0 1150 1154 1090 1717
7111 2 2 0 1150 1153 1154 1717
7112 2 2 0 1150 1090 1089 1717
7113 2 2 0 1151 1154 1091 1090
7114 2 2 0 1151 1091 1154 1155
7115 2 2 0 1152 1155 1092 1091
7116 2 2 0 1152 1092 1155 1156
7117 2 2 0 1153 1093 1156 1157
7118 2 2 0 1153 1156 1093 1092
7119 2 2 0 1154 1094 1157 1158
7120 2 2 0 1154 1157 1094 1093
7121 2 2 0 1155 1158 1095 1094
7122 2 2 0 1155 1158 1159 1095
7123 2 2 0 1156 1160 1096 1095
7124 2 2 0 1156 1159 1160 1095
7125 2 2 0 1157 1096 1161 1097
7126 2 2 0 1157 1160 1161 1096
7127 2 2 0 1158 1097 1162 1098
7128 2 2 0 1158 1161 1162 1097
7129 2 2 0 1159 1098 1163 1099
7130 2 2 0 1159 1162 1163 1098
7131 2 2 0 1160 1163 1164 1099
7132 2 2 0 1160 1164 1100 1099
7133 2 2 0 1161 1164 1165 1100
7134 2 2 0 1161 1165 1101 1100
7135 2 2 0 1162 1166 1102 1101
7136 2 2 0 1162 1165 1166 1101
7137 2 2 0 1163 1167 1103 1102
7138 2 2 0 1163 1166 1167 1102
7139 2 2 0 1164 1168 1104 1103
7140 2 2 0 1164 1167 1168 1103
7141 2 2 0 1165 1105 1104 1718
7142 2 2 0 1165 1168 1169 1718
7143 2 2 0 1165 1104 1168 1718
7144 2 2 0 1165 1169 1105 1718
7145 2 2 0 1166 1106 1105 1719
7146 2 2 0 1166 1169 1170 1719
7147 2 2 0 1166 1105 1169 1719
7148 2 2 0 1166 1170 1106 1719
7149 2 2 0 1167 1170 1107 1106
7150 2 2 0 1167 1107 1170 1171
7151 2 2 0 1168 1171 1108 1107
7152 2 2 0 1168 1108 1171 1172
7153 2 2 0 1169 1172 1109 1108
7154 2 2 0 1169 1109 1172 1173
7155 2 2 0 1170 1110 1173 1174
7156 2 2 0 1170 1173 1110 1109
7157 2 2 0 1171 1111 1174 1175
7158 2 2 0 1171 1174 1111 1110
7159 2 2 0 1172 1175 1112 1111
7160 2 2 0 1172 1175 1176 1112
7161 2 2 0 1173 1176 1113 1112
7162 2 2 0 1173 1176 1177 1113
7163 2 2 0 1174 1177 1114 1113
7164 2 2 0 1174 1177 1178 1114
7165 2 2 0 1175 1178 1115 1114
7166 2 2 0 1175 1115 1178 1179
7167 2 2 0 1176 1115 1180 1116
7168 2 2 0 1176 1179 1180 1115
7169 2 2 0 1177 1180 1181 1116
7170 2 2 0 1177 1181 1117 1116
7171 2 2 0 1178 1181 1182 1117
7172 2 2 0 1178 1182 1118 1117
7173 2 2 0 1179 1183 1119 1118
7174 2 2 0 1179 1182 1183 1118
7175 2 2 0 1180 1184 1120 1119
7176 2 2 0 1180 1183 1184 1119
7177 2 2 0 1181 1185 1121 1720
7178 2 2 0 1181 1120 1184 1720
7179 2 2 0 1181 1184 1185 1720
7180 2 2 0 1181 1121 1120 1720
7181 2 2 0 1182 1121 1185 1721
7182 2 2 0 1182 1186 1122 1721
7183 2 2 0 1182 1185 1186 1721
7184 2 2 0 1182 1122 1121 1721
7185 2 2 0 1183 1186 1123 1122
7186 2 2 0 1183 1123 1186 1187
7187 2 2 0 1184 1187 1124 1123
7188 2 2 0 1184 1124 1187 1188
7189 2 2 0 1185 1125 1188 1189
7190 2 2 0 1185 1188 1125 1124
7191 2 2 0 1186 1126 1189 1190
7192 2 2 0 1186 1189 1126 1125
7193 2 2 0 1187 1190 1127 1126
7194 2 2 0 1187 1190 1191 1127
7195 2 2 0 1188 1192 1128 1127
7196 2 2 0 1188 1191 1192 1127
7197 2 2 0 1189 1128 1193 1129
7198 2 2 0 1189 1192 1193 1128
7199 2 2 0 1190 1129 1194 1130
7200 2 2 0 1190 1193 1194 1129
7201 2 2 0 1191 1130 1195 1131
7202 2 2 0 1191 1194 1195 1130
7203 2 2 0 1192 1195 1196 1131
7204 2 2 0 1192 1196 1132 1131
7205 2 2 0 1193 1196 1197 1132
7206 2 2 0 1193 1197 1133 1132
7207 2 2 0 1194 1198 1134 1133
7208 2 2 0 1194 1197 1198 1133
7209 2 2 0 1195 1199 1135 1134
7210 2 2 0 1195 1198 1199 1134
7211 2 2 0 1196 1200 1136 1135
7212 2 2 0 1196 1199 1200 1135
7213 2 2 0 1197 1137 1136 1722
7214 2 2 0 1197 1200 1201 1722
7215 2 2 0 1197 1136 1200 1722
7216 2 2 0 1197 1201 1137 1722
7217 2 2 0 1198 1138 1137 1723
7218 2 2 0 1198 1201 1202 1723
7219 2 2 0 1198 1137 1201 1723
7220 2 2 0 1198 1202 1138 1723
7221 2 2 0 1199 1202 1139 1138
7222 2 2 0 1199 1139 1202 1203
7223 2 2 0 1200 1203 1140 1139
7224 2 2 0 1200 1140 1203 1204
7225 2 2 0 1201 1204 1141 1140
7226 2 2 0 1201 1141 1204 1205
7227 2 2 0 1202 1142 1205 1206
7228 2 2 0 1202 1205 1142 1141
7229 2 2 0 1203 1143 1206 1207
7230 2 2 0 1203 1206 1143 1142
7231 2 2 0 1204 1207 1144 1143
7232 2 2 0 1204 1207 1208 1144
7233 2 2 0 1205 1208 1145 1144
7234 2 2 0 1205 1208 1209 1145
7235 2 2 0 1206 1209 1146 1145
7236 2 2 0 1206 1209 1210 1146
7237 2 2 0 1207 1210 1147 1146
7238 2 2 0 1207 1147 1210 1211
7239 2 2 0 1208 1147 1212 1148
7240 2 2 0 1208 1211 1212 1147
7241 2 2 0 1209 1212 1213 1148
7242 2 2 0 1209 1213 1149 1148
7243 2 2 0 1210 1213 1214 1149
7244 2 2 0 1210 1214 1150 1149
7245 2 2 0 1211 1215 1151 1150
7246 2 2 0 1211 1214 1215 1150
7247 2 2 0 1212 1216 1152 1151
7248 2 2 0 1212 1215 1216 1151
7249 2 2 0 1213 1153 1089 1724
7250 2 2 0 1213 1152 1216 1724
7251 2 2 0 1213 1216 1153 1724
7252 2 2 0 1213 1089 1152 1724
7253 2 2 0 1214 1153 1217 1725
7254 2 2 0 1214 1218 1154 1725
7255 2 2 0 1214 1217 1218 1725
7256 2 2 0 1214 1154 1153 1725
7257 2 2 0 1215 1218 1155 1154
7258 2 2 0 1215 1155 1218 1219
7259 2 2 0 1216 1156 1219 1220
7260 2 2 0 1216 1219 1156 1155
7261 2 2 0 1217 1157 1220 1221
7262 2 2 0 1217 1220 1157 1156
7263 2 2 0 1218 1158 1221 1222
7264 2 2 0 1218 1221 1158 1157
7265 2 2 0 1219 1222 1159 1158
7266 2 2 0 1219 1222 1223 1159
7267 2 2 0 1220 1224 1160 1159
7268 2 2 0 1220 1223 1224 1159
7269 2 2 0 1221 1160 1225 1161
7270 2 2 0 1221 1224 1225 1160
7271 2 2 0 1222 1161 1226 1162
7272 2 2 0 1222 1225 1226 1161
7273 2 2 0 1223 1162 1227 1163
7274 2 2 0 1223 1226 1227 1162
7275 2 2 0 1224 1227 1228 1163
7276 2 2 0 1224 1228 1164 1163
7277 2 2 0 1225 1228 1229 1164
7278 2 2 0 1225 1229 1165 1164
7279 2 2 0 1226 1229 1230 1165
7280 2 2 0 1226 1230 1166 1165
7281 2 2 0 1227 1231 1167 1166
7282 2 2 0 1227 1230 1231 1166
7283 2 2 0 1228 1232 1168 1167
7284 2 2 0 1228 1231 1232 1167
7285 2 2 0 1229 1168 1232 1726
7286 2 2 0 1229 1232 1233 1726
7287 2 2 0 1229 1169 1168 1726
7288 2 2 0 1229 1233 1169 1726
7289 2 2 0 1230 1234 1170 1727
7290 2 2 0 1230 1233 1234 1727
7291 2 2 0 1230 1170 1169 1727
7292 2 2 0 1230 1169 1233 1727
7293 2 2 0 1231 1234 1171 1170
7294 2 2 0 1231 1171 1234 1235
7295 2 2 0 1232 1235 1172 1171
7296 2 2 0 1232 1172 1235 1236
7297 2 2 0 1233 1173 1236 1237
7298 2 2 0 1233 1236 1173 1172
7299 2 2 0 1234 1174 1237 1238
7300 2 2 0 1234 1237 1174 1173
7301 2 2 0 1235 1175 1238 1239
7302 2 2 0 1235 1238 1175 1174
7303 2 2 0 1236 1239 1176 1175
7304 2 2 0 1236 1239 1240 1176
7305 2 2 0 1237 1240 1177 1176
7306 2 2 0 1237 1240 1241 1177
7307 2 2 0 1238 1241 1178 1177
7308 2 2 0 1238 1178 1241 1242
7309 2 2 0 1239 1242 1179 1178
7310 2 2 0 1239 1179 1242 1243
7311 2 2 0 1240 1179 1244 1180
7312 2 2 0 1240 1243 1244 1179
7313 2 2 0 1241 1244 1245 1180
7314 2 2 0 1241 1245 1181 1180
7315 2 2 0 1242 1245 1246 1181
7316 2 2 0 1242 1246 1182 1181
7317 2 2 0 1243 1246 1247 1182
7318 2 2 0 1243 1247 1183 1182
7319 2 2 0 1244 1248 1184 1183
7320 2 2 0 1244 1247 1248 1183
7321 2 2 0 1245 1249 1185 1728
7322 2 2 0 1245 1184 1248 1728
7323 2 2 0 1245 1248 1249 1728
7324 2 2 0 1245 1185 1184 1728
7325 2 2 0 1246 1185 1249 1729
7326 2 2 0 1246 1250 1186 1729
7327 2 2 0 1246 1249 1250 1729
7328 2 2 0 1246 1186 1185 1729
7329 2 2 0 1247 1250 1187 1186
7330 2 2 0 1247 1187 1250 1251
7331 2 2 0 1248 1188 1251 1252
7332 2 2 0 1248 1251 1188 1187
7333 2 2 0 1249 1189 1252 1253
7334 2 2 0 1249 1252 1189 1188
7335 2 2 0 1250 1190 1253 1254
7336 2 2 0 1250 1253 1190 1189
7337 2 2 0 1251 1254 1191 1190
7338 2 2 0 1251 1254 1255 1191
7339 2 2 0 1252 1256 1192 1191
7340 2 2 0 1252 1255 1256 1191
7341 2 2 0 1253 1192 1257 1193
7342 2 2 0 1253 1256 1257 1192
7343 2 2 0 1254 1193 1258 1194
7344 2 2 0 1254 1257 1258 1193
7345 2 2 0 1255 1194 1259 1195
7346 2 2 0 1255 1258 1259 1194
7347 2 2 0 1256 1259 1260 1195
7348 2 2 0 1256 1260 1196 1195
7349 2 2 0 1257 1260 1261 1196
7350 2 2 0 1257 1261 1197 1196
7351 2 2 0 1258 1261 1262 1197
7352 2 2 0 1258 1262 1198 1197
7353 2 2 0 1259 1263 1199 1198
7354 2 2 0 1259 1262 1263 1198
7355 2 2 0 1260 1264 1200 1199
7356 2 2 0 1260 1263 1264 1199
7357 2 2 0 1261 1200 1264 1730
7358 2 2 0 1261 1264 1265 1730
7359 2 2 0 1261 1201 1200 1730
7360 2 2 0 1261 1265 1201 1730
7361 2 2 0 1262 1266 1202 1731
7362 2 2 0 1262 1265 1266 1731
7363 2 2 0 1262 1202 1201 1731
7364 2 2 0 1262 1201 1265 1731
7365 2 2 0 1263 1266 1203 1202
7366 2 2 0 1263 1203 1266 1267
7367 2 2 0 1264 1267 1204 1203
7368 2 2 0 1264 1204 1267 1268
7369 2 2 0 1265 1205 1268 1269
7370 2 2 0 1265 1268 1205 1204
7371 2 2 0 1266 1206 1269 1270
7372 2 2 0 1266 1269 1206 1205
7373 2 2 0 1267 1207 1270 1271
7374 2 2 0 1267 1270 1207 1206
7375 2 2 0 1268 1271 1208 1207
7376 2 2 0 1268 1271 1272 1208
7377 2 2 0 1269 1272 1209 1208
7378 2 2 0 1269 1272 1273 1209
7379 2 2 0 1270 1273 1210 1209
7380 2 2 0 1270 1210 1273 1274
7381 2 2 0 1271 1274 1211 1210
7382 2 2 0 1271 1211 1274 1275
7383 2 2 0 1272 1211 1276 1212
7384 2 2 0 1272 1275 1276 1211
7385 2 2 0 1273 1276 1277 1212
7386 2 2 0 1273 1277 1213 1212
7387 2 2 0 1274 1277 1278 1213
7388 2 2 0 1274 1278 1214 1213
7389 2 2 0 1275 1278 1279 1214
7390 2 2 0 1275 1279 1215 1214
7391 2 2 0 1276 1280 1216 1215
7392 2 2 0 1276 1279 1280 1215
7393 2 2 0 1277 1217 1153 1732
7394 2 2 0 1277 1216 1280 1732
7395 2 2 0 1277 1280 1217 1732
7396 2 2 0 1277 1153 1216 1732
7397 2 2 0 1278 1281 1282 1733
7398 2 2 0 1278 1218 1217 1733
7399 2 2 0 1278 1217 1281 1733
7400 2 2 0 1278 1282 1218 1733
7401 2 2 0 1279 1219 1282 1283
7402 2 2 0 1279 1282 1219 1218
7403 2 2 0 1280 1220 1283 1284
7404 2 2 0 1280 1283 1220 1219
7405 2 2 0 1281 1221 1284 1285
7406 2 2 0 1281 1284 1221 1220
7407 2 2 0 1282 1285 1222 1221
7408 2 2 0 1282 1222 1285 1286
7409 2 2 0 1283 1286 1223 1222
7410 2 2 0 1283 1286 1287 1223
7411 2 2 0 1284 1287 1224 1223
7412 2 2 0 1284 1224 1287 1288
7413 2 2 0 1285 1289 1225 1224
7414 2 2 0 1285 1288 1289 1224
7415 2 2 0 1286 1225 1290 1226
7416 2 2 0 1286 1289 1290 1225
7417 2 2 0 1287 1226 1291 1227
7418 2 2 0 1287 1290 1291 1226
7419 2 2 0 1288 1291 1292 1227
7420 2 2 0 1288 1292 1228 1227
7421 2 2 0 1289 1292 1293 1228
7422 2 2 0 1289 1293 1229 1228
7423 2 2 0 1290 1293 1294 1229
7424 2 2 0 1290 1294 1230 1229
7425 2 2 0 1291 1295 1231 1230
7426 2 2 0 1291 1294 1295 1230
7427 2 2 0 1292 1296 1232 1231
7428 2 2 0 1292 1295 1296 1231
7429 2 2 0 1293 1297 1233 1734
7430 2 2 0 1293 1232 1296 1734
7431 2 2 0 1293 1296 1297 1734
7432 2 2 0 1293 1233 1232 1734
7433 2 2 0 1294 1233 1297 1735
7434 2 2 0 1294 1298 1234 1735
7435 2 2 0 1294 1297 1298 1735
7436 2 2 0 1294 1234 1233 1735
7437 2 2 0 1295 1298 1235 1234
7438 2 2 0 1295 1235 1298 1299
7439 2 2 0 1296 1299 1236 1235
7440 2 2 0 1296 1236 1299 1300
7441 2 2 0 1297 1237 1300 1301
7442 2 2 0 1297 1300 1237 1236
7443 2 2 0 1298 1238 1301 1302
7444 2 2 0 1298 1301 1238 1237
7445 2 2 0 1299 1239 1302 1303
7446 2 2 0 1299 1302 1239 1238
7447 2 2 0 1300 1303 1240 1239
7448 2 2 0 1300 1303 1304 1240
7449 2 2 0 1301 1304 1241 1240
7450 2 2 0 1301 1304 1305 1241
7451 2 2 0 1302 1305 1242 1241
7452 2 2 0 1302 1242 1305 1306
7453 2 2 0 1303 1307 1243 1242
7454 2 2 0 1303 1306 1307 1242
7455 2 2 0 1304 1243 1308 1244
7456 2 2 0 1304 1307 1308 1243
7457 2 2 0 1305 1309 1245 1244
7458 2 2 0 1305 1308 1309 1244
7459 2 2 0 1306 1309 1310 1245
7460 2 2 0 1306 1310 1246 1245
7461 2 2 0 1307 1310 1311 1246
7462 2 2 0 1307 1311 1247 1246
7463 2 2 0 1308 1311 1312 1247
7464 2 2 0 1308 1312 1248 1247
7465 2 2 0 1309 1312 1313 1736
7466 2 2 0 1309 1249 1248 1736
7467 2 2 0 1309 1313 1249 1736
7468 2 2 0 1309 1248 1312 1736
7469 2 2 0 1310 1313 1314 1737
7470 2 2 0 1310 1250 1249 1737
7471 2 2 0 1310 1249 1313 1737
7472 2 2 0 1310 1314 1250 1737
7473 2 2 0 1311 1251 1314 1315
7474 2 2 0 1311 1314 1251 1250
7475 2 2 0 1312 1252 1315 1316
7476 2 2 0 1312 1315 1252 1251
7477 2 2 0 1313 1253 1316 1317
7478 2 2 0 1313 1316 1253 1252
7479 2 2 0 1314 1317 1254 1253
7480 2 2 0 1314 1254 1317 1318
7481 2 2 0 1315 1318 1255 1254
7482 2 2 0 1315 1318 1319 1255
7483 2 2 0 1316 1319 1256 1255
7484 2 2 0 1316 1256 1319 1320
7485 2 2 0 1317 1321 1257 1256
7486 2 2 0 1317 1320 1321 1256
7487 2 2 0 1318 1257 1322 1258
7488 2 2 0 1318 1321 1322 1257
7489 2 2 0 1319 1258 1323 1259
7490 2 2 0 1319 1322 1323 1258
7491 2 2 0 1320 1323 1324 1259
7492 2 2 0 1320 1324 1260 1259
7493 2 2 0 1321 1324 1325 1260
7494 2 2 0 1321 1325 1261 1260
7495 2 2 0 1322 1325 1326 1261
7496 2 2 0 1322 1326 1262 1261
7497 2 2 0 1323 1327 1263 1262
7498 2 2 0 1323 1326 1327 1262
7499 2 2 0 1324 1328 1264 1263
7500 2 2 0 1324 1327 1328 1263
7501 2 2 0 1325 1329 1265 1738
7502 2 2 0 1325 1264 1328 1738
7503 2 2 0 1325 1328 1329 1738
7504 2 2 0 1325 1265 1264 1738
7505 2 2 0 1326 1265 1329 1739
7506 2 2 0 1326 1330 1266 1739
7507 2 2 0 1326 1329 1330 1739
7508 2 2 0 1326 1266 1265 1739
7509 2 2 0 1327 1330 1267 1266
7510 2 2 0 1327 1267 1330 1331
7511 2 2 0 1328 1331 1268 1267
7512 2 2 0 1328 1268 1331 1332
7513 2 2 0 1329 1269 1332 1333
7514 2 2 0 1329 1332 1269 1268
7515 2 2 0 1330 1270 1333 1334
7516 2 2 0 1330 1333 1270 1269
7517 2 2 0 1331 1271 1334 1335
7518 2 2 0 1331 1334 1271 1270
7519 2 2 0 1332 1335 1272 1271
7520 2 2 0 1332 1335 1336 1272
7521 2 2 0 1333 1336 1273 1272
7522 2 2 0 1333 1336 1337 1273
7523 2 2 0 1334 1337 1274 1273
7524 2 2 0 1334 1274 1337 1338
7525 2 2 0 1335 1339 1275 1274
7526 2 2 0 1335 1338 1339 1274
7527 2 2 0 1336 1275 1340 1276
7528 2 2 0 1336 1339 1340 1275
7529 2 2 0 1337 1341 1277 1276
7530 2 2 0 1337 1340 1341 1276
7531 2 2 0 1338 1341 1342 1277
7532 2 2 0 1338 1342 1278 1277
7533 2 2 0 1339 1342 1343 1278
7534 2 2 0 1339 1343 1279 1278
7535 2 2 0 1340 1343 1344 1279
7536 2 2 0 1340 1344 1280 1279
7537 2 2 0 1341 1344 1281 1740
7538 2 2 0 1341 1217 1280 1740
7539 2 2 0 1341 1281 1217 1740
7540 2 2 0 1341 1280 1344 1740
7541 2 2 0 1342 1282 1281 1741
7542 2 2 0 1342 1281 1345 1741
7543 2 2 0 1342 1346 1282 1741
7544 2 2 0 1342 1345 1346 1741
7545 2 2 0 1343 1346 1347 1742
7546 2 2 0 1343 1283 1282 1742
7547 2 2 0 1343 1347 1283 1742
7548 2 2 0 1343 1282 1346 1742
7549 2 2 0 1344 1347 1284 1283
7550 2 2 0 1344 1284 1347 1348
7551 2 2 0 1345 1348 1285 1284
7552 2 2 0 1345 1285 1348 1349
7553 2 2 0 1346 1286 1601 1350
7554 2 2 0 1346 1349 1286 1285
7555 2 2 0 1346 1601 1286 1349
7556 2 2 0 1347 1350 1287 1286
7557 2 2 0 1347 1350 1351 1287
7558 2 2 0 1348 1351 1288 1287
7559 2 2 0 1348 1288 1351 1352
7560 2 2 0 1349 1353 1289 1288
7561 2 2 0 1349 1352 1353 1288
7562 2 2 0 1350 1289 1354 1290
7563 2 2 0 1350 1353 1354 1289
7564 2 2 0 1351 1290 1355 1291
7565 2 2 0 1351 1354 1355 1290
7566 2 2 0 1352 1356 1292 1291
7567 2 2 0 1352 1355 1356 1291
7568 2 2 0 1353 1356 1357 1292
7569 2 2 0 1353 1357 1293 1292
7570 2 2 0 1354 1357 1358 1293
7571 2 2 0 1354 1358 1294 1293
7572 2 2 0 1355 1358 1359 1294
7573 2 2 0 1355 1359 1295 1294
7574 2 2 0 1356 1359 1360 1295
7575 2 2 0 1356 1360 1296 1295
7576 2 2 0 1357 1360 1361 1296
7577 2 2 0 1357 1361 1297 1296
7578 2 2 0 1358 1298 1361 1362
7579 2 2 0 1358 1361 1298 1297
7580 2 2 0 1359 1299 1362 1363
7581 2 2 0 1359 1362 1299 1298
7582 2 2 0 1360 1300 1363 1364
7583 2 2 0 1360 1363 1300 1299
7584 2 2 0 1361 1301 1364 1365
7585 2 2 0 1361 1364 1301 1300
7586 2 2 0 1362 1302 1365 1366
7587 2 2 0 1362 1365 1302 1301
7588 2 2 0 1363 1366 1303 1302
7589 2 2 0 1363 1303 1366 1367
7590 2 2 0 1364 1367 1304 1303
7591 2 2 0 1364 1367 1368 1304
7592 2 2 0 1365 1368 1305 1304
7593 2 2 0 1365 1305 1368 1369
7594 2 2 0 1366 1369 1306 1305
7595 2 2 0 1366 1306 1369 1370
7596 2 2 0 1367 1371 1307 1306
7597 2 2 0 1367 1370 1371 1306
7598 2 2 0 1368 1307 1372 1308
7599 2 2 0 1368 1371 1372 1307
7600 2 2 0 1369 1372 1602 1308
7601 2 2 0 1369 1373 1309 1308
7602 2 2 0 1369 1602 1373 1308
7603 2 2 0 1370 1374 1310 1309
7604 2 2 0 1370 1373 1374 1309
7605 2 2 0 1371 1375 1311 1310
7606 2 2 0 1371 1374 1375 1310
7607 2 2 0 1372 1375 1376 1743
7608 2 2 0 1372 1312 1311 1743
7609 2 2 0 1372 1311 1375 1743
7610 2 2 0 1372 1376 1312 1743
7611 2 2 0 1373 1313 1312 1744
7612 2 2 0 1373 1377 1313 1744
7613 2 2 0 1373 1312 1376 1744
7614 2 2 0 1373 1376 1377 1744
7615 2 2 0 1374 1314 1313 1745
7616 2 2 0 1374 1313 1377 1745
7617 2 2 0 1374 1378 1314 1745
7618 2 2 0 1374 1377 1378 1745
7619 2 2 0 1375 1378 1379 1746
7620 2 2 0 1375 1315 1314 1746
7621 2 2 0 1375 1379 1315 1746
7622 2 2 0 1375 1314 1378 1746
7623 2 2 0 1376 1379 1316 1315
7624 2 2 0 1376 1316 1379 1380
7625 2 2 0 1377 1380 1317 1316
7626 2 2 0 1377 1317 1380 1381
7627 2 2 0 1378 1318 1603 1382
7628 2 2 0 1378 1381 1318 1317
7629 2 2 0 1378 1318 1381 1603
7630 2 2 0 1379 1382 1319 1318
7631 2 2 0 1379 1382 1383 1319
7632 2 2 0 1380 1383 1320 1319
7633 2 2 0 1380 1320 1383 1384
7634 2 2 0 1381 1385 1321 1320
7635 2 2 0 1381 1384 1385 1320
7636 2 2 0 1382 1321 1386 1322
7637 2 2 0 1382 1385 1386 1321
7638 2 2 0 1383 1322 1387 1323
7639 2 2 0 1383 1386 1387 1322
7640 2 2 0 1384 1388 1324 1323
7641 2 2 0 1384 1387 1388 1323
7642 2 2 0 1385 1388 1389 1324
7643 2 2 0 1385 1389 1325 1324
7644 2 2 0 1386 1389 1390 1325
7645 2 2 0 1386 1390 1326 1325
7646 2 2 0 1387 1390 1391 1326
7647 2 2 0 1387 1391 1327 1326
7648 2 2 0 1388 1391 1392 1327
7649 2 2 0 1388 1392 1328 1327
7650 2 2 0 1389 1392 1393 1328
7651 2 2 0 1389 1393 1329 1328
7652 2 2 0 1390 1330 1393 1394
7653 2 2 0 1390 1393 1330 1329
7654 2 2 0 1391 1331 1394 1395
7655 2 2 0 1391 1394 1331 1330
7656 2 2 0 1392 1332 1395 1396
7657 2 2 0 1392 1395 1332 1331
7658 2 2 0 1393 1333 1396 1397
7659 2 2 0 1393 1396 1333 1332
7660 2 2 0 1394 1334 1397 1398
7661 2 2 0 1394 1397 1334 1333
7662 2 2 0 1395 1398 1335 1334
7663 2 2 0 1395 1335 1398 1399
7664 2 2 0 1396 1399 1336 1335
7665 2 2 0 1396 1399 1400 1336
7666 2 2 0 1397 1400 1337 1336
7667 2 2 0 1397 1337 1400 1401
7668 2 2 0 1398 1401 1338 1337
7669 2 2 0 1398 1338 1401 1402
7670 2 2 0 1399 1403 1339 1338
7671 2 2 0 1399 1402 1403 1338
7672 2 2 0 1400 1339 1404 1340
7673 2 2 0 1400 1403 1404 1339
7674 2 2 0 1401 1404 1604 1340
7675 2 2 0 1401 1405 1341 1340
7676 2 2 0 1401 1604 1405 1340
7677 2 2 0 1402 1406 1342 1341
7678 2 2 0 1402 1405 1406 1341
7679 2 2 0 1403 1407 1343 1342
7680 2 2 0 1403 1406 1407 1342
7681 2 2 0 1404 1407 1408 1747
7682 2 2 0 1404 1344 1343 1747
7683 2 2 0 1404 1343 1407 1747
7684 2 2 0 1404 1408 1344 1747
7685 2 2 0 1405 1281 1344 1748
7686 2 2 0 1405 1345 1281 1748
7687 2 2 0 1405 1344 1408 1748
7688 2 2 0 1405 1408 1345 1748
7689 2 2 0 1406 1410 1346 1749
7690 2 2 0 1406 1345 1409 1749
7691 2 2 0 1406 1346 1345 1749
7692 2 2 0 1406 1409 1410 1749
7693 2 2 0 1407 1410 1347 1346
7694 2 2 0 1407 1347 1410 1411
7695 2 2 0 1408 1411 1348 1347
7696 2 2 0 1408 1348 1411 1412
7697 2 2 0 1409 1412 1349 1348
7698 2 2 0 1409 1349 1412 1413
7699 2 2 0 1410 1605 1601 1413
7700 2 2 0 1410 1350 1605 1414
7701 2 2 0 1410 1350 1601 1605
7702 2 2 0 1410 1413 1601 1349
7703 2 2 0 1411 1414 1351 1350
7704 2 2 0 1411 1414 1415 1351
7705 2 2 0 1412 1415 1352 1351
7706 2 2 0 1412 1352 1415 1416
7707 2 2 0 1413 1417 1353 1352
7708 2 2 0 1413 1416 1417 1352
7709 2 2 0 1414 1418 1354 1353
7710 2 2 0 1414 1417 1418 1353
7711 2 2 0 1415 1354 1419 1355
7712 2 2 0 1415 1418 1419 1354
7713 2 2 0 1416 1419 1606 1355
7714 2 2 0 1416 1420 1356 1355
7715 2 2 0 1416 1606 1420 1355
7716 2 2 0 1417 1421 1357 1356
7717 2 2 0 1417 1420 1421 1356
7718 2 2 0 1418 1422 1358 1357
7719 2 2 0 1418 1421 1422 1357
7720 2 2 0 1419 1423 1359 1358
7721 2 2 0 1419 1422 1423 1358
7722 2 2 0 1420 1423 1424 1750
7723 2 2 0 1420 1360 1359 1750
7724 2 2 0 1420 1359 1423 1750
7725 2 2 0 1420 1424 1360 1750
7726 2 2 0 1421 1424 1425 1751
7727 2 2 0 1421 1361 1360 1751
7728 2 2 0 1421 1425 1361 1751
7729 2 2 0 1421 1360 1424 1751
7730 2 2 0 1422 1425 1426 1752
7731 2 2 0 1422 1362 1361 1752
7732 2 2 0 1422 1361 1425 1752
7733 2 2 0 1422 1426 1362 1752
7734 2 2 0 1423 1426 1427 1753
7735 2 2 0 1423 1363 1362 1753
7736 2 2 0 1423 1427 1363 1753
7737 2 2 0 1423 1362 1426 1753
7738 2 2 0 1424 1427 1364 1363
7739 2 2 0 1424 1364 1427 1428
7740 2 2 0 1425 1428 1365 1364
7741 2 2 0 1425 1365 1428 1429
7742 2 2 0 1426 1429 1366 1365
7743 2 2 0 1426 1366 1429 1430
7744 2 2 0 1427 1367 1607 1431
7745 2 2 0 1427 1430 1367 1366
7746 2 2 0 1427 1607 1367 1430
7747 2 2 0 1428 1431 1368 1367
7748 2 2 0 1428 1431 1432 1368
7749 2 2 0 1429 1432 1369 1368
7750 2 2 0 1429 1369 1432 1433
7751 2 2 0 1430 1433 1370 1369
7752 2 2 0 1430 1370 1433 1434
7753 2 2 0 1431 1435 1371 1370
7754 2 2 0 1431 1434 1435 1370
7755 2 2 0 1432 1371 1436 1372
7756 2 2 0 1432 1435 1436 1371
7757 2 2 0 1433 1602 1608 1437
7758 2 2 0 1433 1436 1608 1372
7759 2 2 0 1433 1608 1602 1372
7760 2 2 0 1433 1373 1602 1437
7761 2 2 0 1434 1438 1374 1373
7762 2 2 0 1434 1437 1438 1373
7763 2 2 0 1435 1439 1375 1374
7764 2 2 0 1435 1438 1439 1374
7765 2 2 0 1436 1440 1376 1375
7766 2 2 0 1436 1439 1440 1375
7767 2 2 0 1437 1376 1440 1754
7768 2 2 0 1437 1441 1377 1754
7769 2 2 0 1437 1377 1376 1754
7770 2 2 0 1437 1440 1441 1754
7771 2 2 0 1438 1442 1378 1755
7772 2 2 0 1438 1377 1441 1755
7773 2 2 0 1438 1378 1377 1755
7774 2 2 0 1438 1441 1442 1755
7775 2 2 0 1439 1442 1379 1378
7776 2 2 0 1439 1379 1442 1443
7777 2 2 0 1440 1443 1380 1379
7778 2 2 0 1440 1380 1443 1444
7779 2 2 0 1441 1444 1381 1380
7780 2 2 0 1441 1381 1444 1445
7781 2 2 0 1442 1609 1603 1445
7782 2 2 0 1442 1382 1609 1446
7783 2 2 0 1442 1382 1603 1609
7784 2 2 0 1442 1445 1603 1381
7785 2 2 0 1443 1446 1383 1382
7786 2 2 0 1443 1446 1447 1383
7787 2 2 0 1444 1447 1384 1383
7788 2 2 0 1444 1384 1447 1448
7789 2 2 0 1445 1449 1385 1384
7790 2 2 0 1445 1448 1449 1384
7791 2 2 0 1446 1450 1386 1385
7792 2 2 0 1446 1449 1450 1385
7793 2 2 0 1447 1386 1451 1387
7794 2 2 0 1447 1450 1451 1386
7795 2 2 0 1448 1451 1610 1387
7796 2 2 0 1448 1452 1388 1387
7797 2 2 0 1448 1610 1452 1387
7798 2 2 0 1449 1453 1389 1388
7799 2 2 0 1449 1452 1453 1388
7800 2 2 0 1450 1454 1390 1389
7801 2 2 0 1450 1453 1454 1389
7802 2 2 0 1451 1455 1391 1390
7803 2 2 0 1451 1454 1455 1390
7804 2 2 0 1452 1455 1456 1756
7805 2 2 0 1452 1392 1391 1756
7806 2 2 0 1452 1391 1455 1756
7807 2 2 0 1452 1456 1392 1756
7808 2 2 0 1453 1456 1457 1757
7809 2 2 0 1453 1393 1392 1757
7810 2 2 0 1453 1457 1393 1757
7811 2 2 0 1453 1392 1456 1757
7812 2 2 0 1454 1457 1458 1758
7813 2 2 0 1454 1394 1393 1758
7814 2 2 0 1454 1393 1457 1758
7815 2 2 0 1454 1458 1394 1758
7816 2 2 0 1455 1458 1459 1759
7817 2 2 0 1455 1395 1394 1759
7818 2 2 0 1455 1459 1395 1759
7819 2 2 0 1455 1394 1458 1759
7820 2 2 0 1456 1459 1396 1395
7821 2 2 0 1456 1396 1459 1460
7822 2 2 0 1457 1460 1397 1396
7823 2 2 0 1457 1397 1460 1461
7824 2 2 0 1458 1461 1398 1397
7825 2 2 0 1458 1398 1461 1462
7826 2 2 0 1459 1399 1611 1463
7827 2 2 0 1459 1462 1399 1398
7828 2 2 0 1459 1611 1399 1462
7829 2 2 0 1460 1463 1400 1399
7830 2 2 0 1460 1463 1464 1400
7831 2 2 0 1461 1464 1401 1400
7832 2 2 0 1461 1401 1464 1465
7833 2 2 0 1462 1465 1402 1401
7834 2 2 0 1462 1402 1465 1466
7835 2 2 0 1463 1467 1403 1402
7836 2 2 0 1463 1466 1467 1402
7837 2 2 0 1464 1403 1468 1404
7838 2 2 0 1464 1467 1468 1403
7839 2 2 0 1465 1604 1612 1469
7840 2 2 0 1465 1468 1612 1404
7841 2 2 0 1465 1612 1604 1404
7842 2 2 0 1465 1405 1604 1469
7843 2 2 0 1466 1470 1406 1405
7844 2 2 0 1466 1469 1470 1405
7845 2 2 0 1467 1471 1407 1406
7846 2 2 0 1467 1470 1471 1406
7847 2 2 0 1468 1472 1408 1407
7848 2 2 0 1468 1471 1472 1407
7849 2 2 0 1469 1408 1472 1760
7850 2 2 0 1469 1409 1345 1760
7851 2 2 0 1469 1345 1408 1760
7852 2 2 0 1469 1472 1409 1760
7853 2 2 0 1470 1474 1410 1761
7854 2 2 0 1470 1409 1473 1761
7855 2 2 0 1470 1410 1409 1761
7856 2 2 0 1470 1473 1474 1761
7857 2 2 0 1471 1474 1411 1410
7858 2 2 0 1471 1411 1474 1475
7859 2 2 0 1472 1475 1412 1411
7860 2 2 0 1472 1412 1475 1476
7861 2 2 0 1473 1413 1613 1477
7862 2 2 0 1473 1613 1413 1412
7863 2 2 0 1473 1476 1613 1412
7864 2 2 0 1474 1614 1605 1477
7865 2 2 0 1474 1414 1614 1478
7866 2 2 0 1474 1477 1605 1413
7867 2 2 0 1474 1414 1605 1614
7868 2 2 0 1475 1478 1415 1414
7869 2 2 0 1475 1478 1479 1415
7870 2 2 0 1476 1479 1416 1415
7871 2 2 0 1476 1416 1479 1480
7872 2 2 0 1477 1481 1417 1416
7873 2 2 0 1477 1480 1481 1416
7874 2 2 0 1478 1482 1418 1417
7875 2 2 0 1478 1481 1482 1417
7876 2 2 0 1479 1418 1483 1419
7877 2 2 0 1479 1482 1483 1418
7878 2 2 0 1480 1606 1615 1484
7879 2 2 0 1480 1615 1606 1419
7880 2 2 0 1480 1483 1615 1419
7881 2 2 0 1480 1420 1606 1484
7882 2 2 0 1481 1484 1485 1420
7883 2 2 0 1481 1485 1421 1420
7884 2 2 0 1482 1486 1422 1421
7885 2 2 0 1482 1485 1486 1421
7886 2 2 0 1483 1487 1423 1422
7887 2 2 0 1483 1486 1487 1422
7888 2 2 0 1484 1423 1487 1762
7889 2 2 0 1484 1488 1424 1762
7890 2 2 0 1484 1424 1423 1762
7891 2 2 0 1484 1487 1488 1762
7892 2 2 0 1485 1489 1425 1763
7893 2 2 0 1485 1424 1488 1763
7894 2 2 0 1485 1425 1424 1763
7895 2 2 0 1485 1488 1489 1763
7896 2 2 0 1486 1425 1489 1764
7897 2 2 0 1486 1490 1426 1764
7898 2 2 0 1486 1426 1425 1764
7899 2 2 0 1486 1489 1490 1764
7900 2 2 0 1487 1491 1427 1765
7901 2 2 0 1487 1426 1490 1765
7902 2 2 0 1487 1427 1426 1765
7903 2 2 0 1487 1490 1491 1765
7904 2 2 0 1488 1491 1428 1427
7905 2 2 0 1488 1428 1491 1492
7906 2 2 0 1489 1492 1429 1428
7907 2 2 0 1489 1429 1492 1493
7908 2 2 0 1490 1430 1493 1494
7909 2 2 0 1490 1493 1430 1429
7910 2 2 0 1491 1616 1607 1494
7911 2 2 0 1491 1431 1607 1616
7912 2 2 0 1491 1431 1616 1495
7913 2 2 0 1491 1494 1607 1430
7914 2 2 0 1492 1495 1432 1431
7915 2 2 0 1492 1495 1496 1432
7916 2 2 0 1493 1496 1433 1432
7917 2 2 0 1493 1433 1496 1497
7918 2 2 0 1494 1497 1434 1433
7919 2 2 0 1494 1434 1497 1498
7920 2 2 0 1495 1499 1435 1434
7921 2 2 0 1495 1498 1499 1434
7922 2 2 0 1496 1435 1500 1436
7923 2 2 0 1496 1499 1500 1435
7924 2 2 0 1497 1608 1617 1501
7925 2 2 0 1497 1500 1617 1436
7926 2 2 0 1497 1437 1608 1501
7927 2 2 0 1497 1617 1608 1436
7928 2 2 0 1498 1501 1618 1437
7929 2 2 0 1498 1618 1438 1437
7930 2 2 0 1498 1438 1618 1502
7931 2 2 0 1499 1503 1439 1438
7932 2 2 0 1499 1502 1503 1438
7933 2 2 0 1500 1504 1440 1439
7934 2 2 0 1500 1503 1504 1439
7935 2 2 0 1501 1440 1504 1766
7936 2 2 0 1501 1505 1441 1766
7937 2 2 0 1501 1441 1440 1766
7938 2 2 0 1501 1504 1505 1766
7939 2 2 0 1502 1506 1442 1767
7940 2 2 0 1502 1441 1505 1767
7941 2 2 0 1502 1442 1441 1767
7942 2 2 0 1502 1505 1506 1767
7943 2 2 0 1503 1506 1443 1442
7944 2 2 0 1503 1443 1506 1507
7945 2 2 0 1504 1507 1444 1443
7946 2 2 0 1504 1444 1507 1508
7947 2 2 0 1505 1445 1619 1509
7948 2 2 0 1505 1619 1445 1444
7949 2 2 0 1505 1508 1619 1444
7950 2 2 0 1506 1620 1609 1509
7951 2 2 0 1506 1446 1620 1510
7952 2 2 0 1506 1509 1609 1445
7953 2 2 0 1506 1446 1609 1620
7954 2 2 0 1507 1510 1447 1446
7955 2 2 0 1507 1510 1511 1447
7956 2 2 0 1508 1511 1448 1447
7957 2 2 0 1508 1448 1511 1512
7958 2 2 0 1509 1513 1449 1448
7959 2 2 0 1509 1512 1513 1448
7960 2 2 0 1510 1514 1450 1449
7961 2 2 0 1510 1513 1514 1449
7962 2 2 0 1511 1450 1515 1451
7963 2 2 0 1511 1514 1515 1450
7964 2 2 0 1512 1610 1621 1516
7965 2 2 0 1512 1621 1610 1451
7966 2 2 0 1512 1515 1621 1451
7967 2 2 0 1512 1452 1610 1516
7968 2 2 0 1513 1516 1517 1452
7969 2 2 0 1513 1517 1453 1452
7970 2 2 0 1514 1518 1454 1453
7971 2 2 0 1514 1517 1518 1453
7972 2 2 0 1515 1519 1455 1454
7973 2 2 0 1515 1518 1519 1454
7974 2 2 0 1516 1455 1519 1768
7975 2 2 0 1516 1520 1456 1768
7976 2 2 0 1516 1456 1455 1768
7977 2 2 0 1516 1519 1520 1768
7978 2 2 0 1517 1521 1457 1769
7979 2 2 0 1517 1456 1520 1769
7980 2 2 0 1517 1457 1456 1769
7981 2 2 0 1517 1520 1521 1769
7982 2 2 0 1518 1457 1521 1770
7983 2 2 0 1518 1522 1458 1770
7984 2 2 0 1518 1458 1457 1770
7985 2 2 0 1518 1521 1522 1770
7986 2 2 0 1519 1523 1459 1771
7987 2 2 0 1519 1458 1522 1771
7988 2 2 0 1519 1459 1458 1771
7989 2 2 0 1519 1522 1523 1771
7990 2 2 0 1520 1523 1460 1459
7991 2 2 0 1520 1460 1523 1524
7992 2 2 0 1521 1524 1461 1460
7993 2 2 0 1521 1461 1524 1525
7994 2 2 0 1522 1462 1525 1526
7995 2 2 0 1522 1525 1462 1461
7996 2 2 0 1523 1622 1611 1526
7997 2 2 0 1523 1463 1611 1622
7998 2 2 0 1523 1463 1622 1527
7999 2 2 0 1523 1526 1611 1462
8000 2 2 0 1524 1527 1464 1463
8001 2 2 0 1524 1527 1528 1464
8002 2 2 0 1525 1528 1465 1464
8003 2 2 0 1525 1465 1528 1529
8004 2 2 0 1526 1529 1466 1465
8005 2 2 0 1526 1466 1529 1530
8006 2 2 0 1527 1531 1467 1466
8007 2 2 0 1527 1530 1531 1466
8008 2 2 0 1528 1467 1532 1468
8009 2 2 0 1528 1531 1532 1467
8010 2 2 0 1529 1612 1623 1533
8011 2 2 0 1529 1532 1623 1468
8012 2 2 0 1529 1469 1612 1533
8013 2 2 0 1529 1623 1612 1468
8014 2 2 0 1530 1533 1624 1469
8015 2 2 0 1530 1624 1470 1469
8016 2 2 0 1530 1470 1624 1534
8017 2 2 0 1531 1535 1471 1470
8018 2 2 0 1531 1534 1535 1470
8019 2 2 0 1532 1536 1472 1471
8020 2 2 0 1532 1535 1536 1471
8021 2 2 0 1533 1472 1536 1772
8022 2 2 0 1533 1473 1409 1772
8023 2 2 0 1533 1409 1472 1772
8024 2 2 0 1533 1536 1473 1772
8025 2 2 0 1534 1538 1474 1773
8026 2 2 0 1534 1473 1537 1773
8027 2 2 0 1534 1474 1473 1773
8028 2 2 0 1534 1537 1538 1773
8029 2 2 0 1535 1538 1475 1474
8030 2 2 0 1535 1475 1538 1539
8031 2 2 0 1536 1476 1539 1540
8032 2 2 0 1536 1539 1476 1475
8033 2 2 0 1537 1477 1613 1625
8034 2 2 0 1537 1540 1613 1476
8035 2 2 0 1537 1477 1625 1541
8036 2 2 0 1537 1625 1613 1540
8037 2 2 0 1538 1478 1626 1542
8038 2 2 0 1538 1541 1614 1477
8039 2 2 0 1538 1478 1614 1626
8040 2 2 0 1538 1626 1614 1541
8041 2 2 0 1539 1542 1479 1478
8042 2 2 0 1539 1479 1542 1543
8043 2 2 0 1540 1543 1480 1479
8044 2 2 0 1540 1480 1543 1544
8045 2 2 0 1541 1481 1480 1774
8046 2 2 0 1541 1544 1545 1774
8047 2 2 0 1541 1480 1544 1774
8048 2 2 0 1541 1545 1481 1774
8049 2 2 0 1542 1546 1482 1481
8050 2 2 0 1542 1545 1546 1481
8051 2 2 0 1543 1547 1483 1482
8052 2 2 0 1543 1546 1547 1482
8053 2 2 0 1544 1627 1615 1483
8054 2 2 0 1544 1547 1627 1483
8055 2 2 0 1544 1484 1615 1548
8056 2 2 0 1544 1615 1627 1548
8057 2 2 0 1545 1549 1485 1484
8058 2 2 0 1545 1548 1549 1484
8059 2 2 0 1546 1549 1550 1485
8060 2 2 0 1546 1550 1486 1485
8061 2 2 0 1547 1551 1487 1486
8062 2 2 0 1547 1550 1551 1486
8063 2 2 0 1548 1552 1488 1487
8064 2 2 0 1548 1551 1552 1487
8065 2 2 0 1549 1488 1552 1775
8066 2 2 0 1549 1553 1489 1775
8067 2 2 0 1549 1489 1488 1775
8068 2 2 0 1549 1552 1553 1775
8069 2 2 0 1550 1554 1490 1776
8070 2 2 0 1550 1489 1553 1776
8071 2 2 0 1550 1490 1489 1776
8072 2 2 0 1550 1553 1554 1776
8073 2 2 0 1551 1554 1491 1490
8074 2 2 0 1551 1491 1554 1555
8075 2 2 0 1552 1555 1492 1491
8076 2 2 0 1552 1492 1555 1556
8077 2 2 0 1553 1493 1556 1557
8078 2 2 0 1553 1556 1493 1492
8079 2 2 0 1554 1557 1494 1493
8080 2 2 0 1554 1494 1557 1558
8081 2 2 0 1555 1495 1616 1628
8082 2 2 0 1555 1558 1616 1494
8083 2 2 0 1555 1495 1628 1559
8084 2 2 0 1555 1628 1616 1558
8085 2 2 0 1556 1559 1496 1495
8086 2 2 0 1556 1496 1559 1560
8087 2 2 0 1557 1560 1497 1496
8088 2 2 0 1557 1497 1560 1561
8089 2 2 0 1558 1498 1497 1777
8090 2 2 0 1558 1561 1562 1777
8091 2 2 0 1558 1497 1561 1777
8092 2 2 0 1558 1562 1498 1777
8093 2 2 0 1559 1563 1499 1498
8094 2 2 0 1559 1562 1563 1498
8095 2 2 0 1560 1564 1500 1499
8096 2 2 0 1560 1563 1564 1499
8097 2 2 0 1561 1564 1629 1500
8098 2 2 0 1561 1629 1617 1500
8099 2 2 0 1561 1501 1617 1565
8100 2 2 0 1561 1617 1629 1565
8101 2 2 0 1562 1630 1618 1501
8102 2 2 0 1562 1565 1630 1501
8103 2 2 0 1562 1502 1618 1566
8104 2 2 0 1562 1618 1630 1566
8105 2 2 0 1563 1566 1567 1502
8106 2 2 0 1563 1567 1503 1502
8107 2 2 0 1564 1568 1504 1503
8108 2 2 0 1564 1567 1568 1503
8109 2 2 0 1565 1504 1568 1778
8110 2 2 0 1565 1569 1505 1778
8111 2 2 0 1565 1505 1504 1778
8112 2 2 0 1565 1568 1569 1778
8113 2 2 0 1566 1570 1506 1779
8114 2 2 0 1566 1505 1569 1779
8115 2 2 0 1566 1506 1505 1779
8116 2 2 0 1566 1569 1570 1779
8117 2 2 0 1567 1570 1507 1506
8118 2 2 0 1567 1507 1570 1571
8119 2 2 0 1568 1508 1571 1572
8120 2 2 0 1568 1571 1508 1507
8121 2 2 0 1569 1509 1619 1631
8122 2 2 0 1569 1572 1619 1508
8123 2 2 0 1569 1509 1631 1573
8124 2 2 0 1569 1631 1619 1572
8125 2 2 0 1570 1510 1632 1574
8126 2 2 0 1570 1573 1620 1509
8127 2 2 0 1570 1510 1620 1632
8128 2 2 0 1570 1632 1620 1573
8129 2 2 0 1571 1574 1511 1510
8130 2 2 0 1571 1511 1574 1575
8131 2 2 0 1572 1575 1512 1511
8132 2 2 0 1572 1512 1575 1576
8133 2 2 0 1573 1513 1512 1780
8134 2 2 0 1573 1576 1577 1780
8135 2 2 0 1573 1512 1576 1780
8136 2 2 0 1573 1577 1513 1780
8137 2 2 0 1574 1578 1514 1513
8138 2 2 0 1574 1577 1578 1513
8139 2 2 0 1575 1579 1515 1514
8140 2 2 0 1575 1578 1579 1514
8141 2 2 0 1576 1633 1621 1515
8142 2 2 0 1576 1579 1633 1515
8143 2 2 0 1576 1516 1621 1580
8144 2 2 0 1576 1621 1633 1580
8145 2 2 0 1577 1581 1517 1516
8146 2 2 0 1577 1580 1581 1516
8147 2 2 0 1578 1581 1582 1517
8148 2 2 0 1578 1582 1518 1517
8149 2 2 0 1579 1583 1519 1518
8150 2 2 0 1579 1582 1583 1518
8151 2 2 0 1580 1584 1520 1519
8152 2 2 0 1580 1583 1584 1519
8153 2 2 0 1581 1520 1584 1781
8154 2 2 0 1581 1585 1521 1781
8155 2 2 0 1581 1521 1520 1781
8156 2 2 0 1581 1584 1585 1781
8157 2 2 0 1582 1586 1522 1782
8158 2 2 0 1582 1521 1585 1782
8159 2 2 0 1582 1522 1521 1782
8160 2 2 0 1582 1585 1586 1782
8161 2 2 0 1583 1586 1523 1522
8162 2 2 0 1583 1523 1586 1587
8163 2 2 0 1584 1587 1524 1523
8164 2 2 0 1584 1524 1587 1588
8165 2 2 0 1585 1525 1588 1589
8166 2 2 0 1585 1588 1525 1524
8167 2 2 0 1586 1589 1526 1525
8168 2 2 0 1586 1526 1589 1590
8169 2 2 0 1587 1527 1622 1634
8170 2 2 0 1587 1590 1622 1526
8171 2 2 0 1587 1527 1634 1591
8172 2 2 0 1587 1634 1622 1590
8173 2 2 0 1588 1591 1528 1527
8174 2 2 0 1588 1528 1591 1592
8175 2 2 0 1589 1592 1529 1528
8176 2 2 0 1589 1529 1592 1593
8177 2 2 0 1590 1530 1529 1783
8178 2 2 0 1590 1593 1594 1783
8179 2 2 0 1590 1529 1593 1783
8180 2 2 0 1590 1594 1530 1783
8181 2 2 0 1591 1595 1531 1530
8182 2 2 0 1591 1594 1595 1530
8183 2 2 0 1592 1596 1532 1531
8184 2 2 0 1592 1595 1596 1531
8185 2 2 0 1593 1596 1635 1532
8186 2 2 0 1593 1635 1623 1532
8187 2 2 0 1593 1533 1623 1597
8188 2 2 0 1593 1623 1635 1597
8189 2 2 0 1594 1636 1624 1533
8190 2 2 0 1594 1597 1636 1533
8191 2 2 0 1594 1534 1624 1598
8192 2 2 0 1594 1624 1636 1598
8193 2 2 0 1595 1598 1599 1534
8194 2 2 0 1595 1599 1535 1534
8195 2 2 0 1596 1600 1536 1535
8196 2 2 0 1596 1599 1600 1535
8197 2 2 0 1597 1536 1600 1784
8198 2 2 0 1597 1537 1473 1784
8199 2 2 0 1597 1473 1536 1784
8200 2 2 0 1597 1600 1537 1784
$EndElements
