$MeshFormat
2.2 0 8
$EndMeshFormat
$PhysicalNames
4
2 1 "SD1G0"
2 2 "SD1D1001"
2 3 "SD2G0"
2 4 "I1-2"
$EndPhysicalNames
$Nodes
1216
1 12.7 0 0
2 9.307 8.641999999999999 0
3 0 12.7 0
4 12.733 0 3.166
5 9.35 8.682 3.166
6 0 12.719 3.166
7 12.89 0 7.564
8 9.553000000000001 8.871 7.564
9 0 12.808 7.564
10 13.316 0 13.631
11 10.092 9.371 13.631
12 0 13.056 13.631
13 14.153 0 21.126
14 11.115 10.321 21.126
15 0 13.558 21.126
16 15.642 0 30.59
17 12.85 11.932 30.59
18 0 14.484 30.59
19 17.933 0 41.89
20 15.384 14.285 41.89
21 0 15.98 41.89
22 21.335 0 55.729
23 18.96 17.606 55.729
24 0 18.317 55.729
25 25.959 0 71.89100000000001
26 23.614 21.927 71.89100000000001
27 0 21.656 71.89100000000001
28 31.828 0 89.96599999999999
29 29.31 27.216 89.96599999999999
30 0 26.084 89.96599999999999
31 39.355 0 110.589
32 36.402 33.801 110.589
33 0 31.984 110.589
34 48.445 0 132.741
35 44.776 41.578 132.741
36 0 39.349 132.741
37 59.043 0 155.625
38 54.424 50.536 155.625
39 0 48.183 155.625
40 71.232 0 178.783
41 65.536 60.854 178.783
42 0 58.6 178.783
43 84.32899999999999 0 200.521
44 77.645 72.098 200.521
45 0 70.038 200.521
46 98.185 0 220.49
47 90.739 84.25700000000001 220.49
48 0 82.37 220.49
49 112.051 0 237.739
50 104.137 96.69799999999999 237.739
51 0 94.91500000000001 237.739
52 126.292 0 252.909
53 118.126 109.687 252.909
54 0 107.988 252.909
55 140.433 0 265.642
56 132.103 122.666 265.642
57 0 121.141 265.642
58 153.933 0 275.791
59 145.369 134.984 275.791
60 0 133.849 275.791
61 167.315 0 284.033
62 158.279 146.972 284.033
63 0 146.583 284.033
64 180.07 0 290.293
65 170.226 158.065 290.293
66 0 158.843 290.293
67 192.773 0 295.059
68 181.663 168.686 295.059
69 0 171.167 295.059
70 204.292 0 298.186
71 191.577 177.891 298.186
72 0 182.437 298.186
73 214 0 300
74 199.572 185.316 300
75 0 192 300
76 0 0 300
77 0 0 0
78 0 0 -10
79 215 0 300
80 225 0 290
81 225 0 0
82 215 0 -10
83 0 193 300
84 0 203 290
85 0 203 0
86 0 193 -10
87 215 193 300
88 225 193 290
89 225 193 0
90 215 193 -10
91 215 203 290
92 215 203 0
93 11.82104104458356 4.642238104429206 0
94 5.076815671006503 11.64144556636131 0
95 11.85860853549987 4.660202266394209 3.166
96 5.093115469380302 11.66636802775001 3.165999999999999
97 12.03430002140811 4.744377697288835 7.563999999999998
98 5.171937846613213 11.7875432345035 7.564
99 12.50927359797363 4.971992468760392 13.631
100 5.3920714745306 12.12096290727226 13.631
101 13.43892240538477 5.419003951531059 21.126
102 5.842223920475739 12.79675094088615 21.126
103 10.59586400791305 9.838908902754049 17.32255497488589
104 13.72825237011067 0 17.32255497488587
105 0 13.30325291493028 17.32255497490522
106 15.07885486310743 6.202422333609865 30.59
107 6.661905838609155 14.05402812633723 30.59
108 11.97327036192647 11.11793000176573 25.80765458517125
109 14.88957900225274 0 25.80765458517123
110 0 14.01607397991234 25.80765458519484
111 17.57802824261611 7.374756009217041 41.89
112 10.54498585103093 16.05408458408311 41.89
113 5.272996521569047 16.01430919898754 41.88999999999999
114 14.0998754563348 13.09259863802517 36.16363561822543
115 16.77201762843839 0 36.16363561822516
116 0 15.22189016680827 36.16363561827101
117 21.29497565957146 6.034520869670832 55.729
118 21.02830001341914 12.05958964857844 55.729
119 12.9223277921635 19.43335248470568 55.729
120 6.471560415691952 18.74314195716809 55.72900000000001
121 17.13803889228311 15.91396061556829 48.67807165277012
122 19.60169136228946 0 48.67807165277011
123 0 17.12630561836929 48.67807165280811
124 26.05289214361975 7.497656961389599 71.89100000000001
125 26.00844337463117 14.99098657412495 71.89100000000001
126 16.02464298880314 23.94509487557135 71.89100000000001
127 8.039728428465093 22.57627934707062 71.89100000000001
128 20.46917112543144 19.00718788848071 60.96991614293573
129 22.02011956146105 20.44716386443343 66.35591283891998
130 23.59965920011649 0 63.64453243777742
131 0 19.95231511012789 63.64453243782178
132 32.04459218759161 9.296881601486872 89.96599999999999
133 32.17408502352612 18.58951172667141 89.96599999999999
134 22.35586538020294 29.60654624975623 89.96599999999999
135 14.86751371385079 28.70704369161638 89.96599999999998
136 7.502407418628914 26.96936187530916 89.96599999999999
137 25.46495660901806 23.6456990001925 77.76460265238788
138 27.36322054172179 25.40832504304188 83.78832466496161
139 27.86617421670074 0 77.76460265238812
140 29.8220925841583 0 83.78832466496188
141 0 24.57059771046179 83.78832466499479
142 0 23.09491079086642 77.76460265241883
143 39.5450500745924 8.658600657089416 110.589
144 39.93654271051086 17.31085806951378 110.589
145 39.58231047990701 25.94761680892325 110.589
146 27.74097246747128 36.73039217588175 110.589
147 18.43830712875882 35.52212292631955 110.589
148 9.313867258331458 33.20855285400346 110.589
149 31.61121452787638 29.35270299859927 96.65775792560557
150 33.97465440655681 31.54718291979366 103.5304624684745
151 34.27036347311411 0 96.65775792560545
152 36.77876899579179 0 103.5304624684754
153 0 29.96463465859614 103.5304624685132
154 0 27.99843396990267 96.65775792564455
155 48.67789174889741 10.65191443077578 132.741
156 49.14696201758768 21.29651897133174 132.741
157 48.69781386098421 31.92113544970159 132.741
158 36.41953546995153 44.91546687883962 132.741
159 27.21711063384538 44.62237061464957 132.741
160 18.18653781117544 42.58001336340511 132.741
161 9.189633560579818 40.38344336188143 132.741
162 39.11647527173488 36.32195464393147 117.7696850035193
163 41.90709758278781 38.91362764525207 125.1518041143917
164 42.30157034911281 0 117.7696849695871
165 45.33079853923976 0 125.151804096946
166 0 36.82577736088773 125.1518040866782
167 0 34.37140270195192 117.7696849495776
168 59.20920546274348 10.36033324549221 155.625
169 59.62771392174562 20.7137430566837 155.625
170 59.89587138643941 31.07136558263585 155.625
171 58.82263444441928 41.36865640302887 155.625
172 44.26568647710116 54.56664800932366 155.625
173 33.0919728892635 54.29036877936613 155.625
174 22.10649150654917 51.93034564485519 155.625
175 11.16029813011822 49.38075886322862 155.625
176 47.9102085839569 44.48805809443262 140.1749997134401
177 51.12550981004829 47.47340929502619 147.8013422982116
178 51.88782157678026 0 140.1749997134402
179 55.41972066406443 0 147.801342298212
180 0 45.16280282567941 147.8013422982621
181 0 42.21877597749321 140.1749997134882
182 71.40542742480541 12.47609712358871 178.783
183 71.8394848122514 24.94603359481016 178.783
184 72.08764551350428 37.42016551625059 178.783
185 70.82356461522295 49.82428672136243 178.783
186 55.49843689848809 65.21975653778107 178.783
187 44.3104835970336 65.92535108008461 178.783
188 33.19890380615193 64.2058957982818 178.783
189 22.22265638520423 61.75372911375765 178.783
190 11.1988069835593 59.5356690861414 178.783
191 58.04047803039296 53.89406518336884 163.1619328858747
192 61.74378320074153 57.33275333560576 170.879818157197
193 63.00999520450503 0 163.1619328858748
194 67.07223303040332 0 170.8798181571975
195 0 53.29883050070768 166.997986727022
196 84.45352551150737 12.31582511724534 200.521
197 84.78941892129413 24.62775063623339 200.521
198 85.13435806817749 36.93922165208269 200.521
199 84.95612978449012 49.2476617920318 200.521
200 83.4930608761576 61.47477966474192 200.521
201 65.6756458786261 76.9948637988428 200.521
202 52.45729060062787 77.78998981600492 200.521
203 39.30977003038838 75.97695696751745 200.521
204 26.29511845887359 73.35985640932117 200.521
205 13.23097065356918 71.01402950094136 200.521
206 69.48327395000553 64.51930252653912 185.8691211598992
207 73.51894689539975 68.26668931306259 193.1139356356594
208 77.67173179989879 0 189.4714698683821
209 0 64.22400949282992 189.471469868433
210 98.32069806066576 14.38779525800345 220.49
211 98.68449608601722 28.77168007464784 220.49
212 99.06596794975933 43.15495681247942 220.49
213 98.91714725889426 57.53684126658972 220.49
214 97.50903379335763 71.85418217599839 220.49
215 78.81364994828027 89.23016827572313 220.49
216 65.63240457839012 90.42800476347723 220.49
217 52.44540290690487 89.34858388782246 220.49
218 39.36356162967007 87.30191776387672 220.49
219 26.3270851419367 84.9710902008879 220.49
220 13.2190404125827 83.09865797130112 220.49
221 84.10105285415804 78.09304709437205 210.3668010878786
222 91.16076022202546 0 210.3668010878772
223 0 76.11834548631948 210.3668010879268
224 112.1620831761641 14.14915285426482 237.7389999999999
225 112.4770461519683 28.29521673564719 237.739
226 112.8999584137765 42.43849798752154 237.739
227 113.1993217099879 56.58482907321068 237.739
228 112.7552255778397 70.72414462447713 237.739
229 111.4758743643043 84.81029795919639 237.739
230 90.30162353362097 101.8989830120824 237.739
231 75.19995664413618 102.9143534974959 237.7390000000001
232 60.10864076592944 101.8331010478264 237.739
233 45.10973092061295 99.77842632467022 237.739
234 30.14778040855728 97.45858352571943 237.739
235 15.1209279379081 95.62029591718192 237.739
236 97.36060966228258 90.40563754354811 229.0148652832298
237 105.0379063723866 0 229.0148652832321
238 0 88.57003681249294 229.0148652832755
239 126.4193483006003 16.0473913633238 252.909
240 126.7762217348043 32.09129558639903 252.909
241 127.2657259689171 48.1317535418445 252.909
242 127.6667290917822 64.17460041851037 252.909
243 127.4270993344946 80.21881778801622 252.909
244 126.4094715476005 96.22825597154417 252.909
245 104.4120919880115 114.8518587502588 252.909
246 89.45642358699412 115.6542868168875 252.909
247 74.4922302038764 115.2423339742226 252.909
248 59.59127945182445 113.7224396168491 252.909
249 44.74213515229311 111.7591182942938 252.909
250 29.88223718760415 109.8777066715046 252.909
251 14.96856262601794 108.4976830858897 252.909
252 111.0650912173307 103.1308384317613 245.2519847570882
253 119.1038981559787 0 245.2519882049151
254 0 101.3894426370083 245.251988204958
255 140.5434685667731 15.70395284566445 265.642
256 140.8536376176825 31.40514933613475 265.642
257 141.3133496026992 47.1027241185098 265.642
258 141.788185230856 62.79989002213927 265.642
259 142.1155018395297 78.5002389813599 265.6419999999999
260 141.9647477210086 94.20360813051175 265.642
261 140.7204501835561 109.7952735013814 265.642
262 118.4811695628747 127.8480129904873 265.642
263 103.6386783009653 128.3511143891292 265.642
264 88.78983390636047 128.2195294451696 265.6419999999999
265 73.981343137027 127.1031041495353 265.6420000000001
266 59.20267972732007 125.6346973533315 265.642
267 44.44152230183419 123.9961035701414 265.642
268 29.66292500144749 122.5259693460388 265.642
269 14.84694515092454 121.5064941399751 265.6419999999999
270 125.0610712365369 116.1268862115627 259.2268265761482
271 133.3084443268184 0 259.226826576153
272 0 114.5142210756722 259.2268265761829
273 154.0288514793895 15.36355386521267 275.7909999999999
274 154.2864398046199 30.72515297895612 275.791
275 154.6843155562549 46.08382246990735 275.7909999999999
276 155.1588596997979 61.44035051024697 275.791
277 155.630432532403 76.79695995056632 275.791
278 155.8827997908363 92.1584511265303 275.791
279 155.9094798104259 107.5221403546758 275.791
280 154.2340584048674 122.6749018509382 275.791
281 130.2683252605676 140.3088284124793 275.7910000000001
282 113.9565813333108 140.5129727286779 275.7909999999999
283 97.64653313594404 140.2132996004829 275.791
284 81.36798425411551 139.1537642962354 275.791
285 65.10981176808535 137.8097058329462 275.791
286 48.8618596856964 136.3452664753567 275.791
287 32.5996554902839 135.051357359379 275.791
288 16.31051040562199 134.1650103561231 275.791
289 138.6965187310824 128.7883400972013 270.6862953114544
290 167.4083265483496 16.73170654262022 284.033
291 167.6608071509726 33.46168602770491 284.033
292 168.0532391326344 50.18902270574802 284.0330000000001
293 168.5291685766429 66.91422656967411 284.033
294 169.0244816463671 83.63886285879953 284.033
295 169.3805889545207 100.3669527424983 284.033
296 169.6038550368859 117.0973272019963 284.033
297 167.9827937972461 133.6204712037614 284.033
298 143.5274370265771 152.4139506758914 284.033
299 127.5630409869613 152.4792767247362 284.0330000000001
300 111.6002419313712 152.1742652279553 284.033
301 95.65043693182199 151.4737389847 284.033
302 79.71530241707242 150.4836592807614 284.033
303 63.78907248448404 149.359863407112 284.033
304 47.85909856743047 148.290132786649 284.033
305 31.91878599749473 147.3905631508133 284.033
306 15.96436114766592 146.7966183120926 284.033
307 151.7864718020445 140.94315197234 279.8880412542564
308 180.1411967225449 16.19820893184469 290.293
309 180.3186690097697 32.39554525044068 290.293
310 180.6075599149493 48.59131974649459 290.293
311 180.9809522849371 64.78537289935029 290.293
312 181.3834783807105 80.9787341317674 290.293
313 181.7850946419952 97.17210451536849 290.2929999999999
314 182.1254815605423 113.3668929267821 290.2929999999999
315 182.3681189529419 129.5632283208696 290.293
316 180.0755213891728 145.4322512801543 290.293
317 154.3074505563463 163.7332345612631 290.2930000000001
318 137.1526053979273 163.6774193787192 290.2930000000001
319 120.0008283036457 163.2804013020165 290.2929999999999
320 102.8558461359594 162.6615436546752 290.293
321 85.71847457417032 161.8533296330861 290.293
322 68.58490160679017 160.9684217042735 290.293
323 51.44852577561561 160.1396214937226 290.293
324 34.30596917484053 159.4528363450941 290.293
325 17.1556197622465 159.0045500557903 290.2929999999999
326 192.8251303292767 17.28943876023348 295.059
327 192.9563475843093 34.57842843510389 295.059
328 193.1715880134509 51.86659770548696 295.0590000000001
329 193.4503363412321 69.15386319647587 295.059
330 193.7591433045247 86.44062108588581 295.059
331 194.0784358710402 103.7271876146383 295.059
332 194.4024383801776 121.0136452915379 295.0590000000001
333 194.6575392618327 138.3010703590012 295.059
334 192.2231258216889 155.241601960867 295.059
335 166.3121148423888 174.579909385427 295.059
336 149.6785636285024 174.6265694714503 295.059
337 133.0459973849557 174.2899635756985 295.059
338 116.4145143082867 173.9032719751836 295.059
339 99.78598374869236 173.4052807345429 295.0590000000001
340 83.15822842226386 172.8817946917768 295.059
341 66.53080234432015 172.3480183054788 295.059
342 49.90167215202477 171.8703607949079 295.059
343 33.26997532179474 171.4935426840042 295.059
344 16.63575302866142 171.2561373392234 295.059
345 204.3161330746477 16.5776833153538 298.1859999999999
346 204.3712718029487 33.15528621868857 298.186
347 204.466575478764 49.73271051009038 298.186
348 204.5906300049237 66.30994567569016 298.1859999999999
349 204.7344588441078 82.88702349515333 298.186
350 204.8930635247971 99.46396580767119 298.186
351 205.0495324136606 116.040927230251 298.186
352 205.2819332945311 132.6169948882093 298.1859999999999
353 205.3566947836738 149.1940119074863 298.186
354 202.0770516839706 165.2523413460091 298.186
355 175.3891533607837 184.1020847812892 298.186
356 157.8517424659442 184.2347125554236 298.186
357 140.3131631618127 183.9847103599773 298.186
358 122.7742469413209 183.7592740929023 298.186
359 105.2356883536891 183.507019907472 298.186
360 87.69721509836965 183.2487777539621 298.186
361 70.15871352100365 182.9927072957059 298.1859999999999
362 52.61980385058617 182.7662695233225 298.186
363 35.08033042364944 182.5892681033992 298.186
364 17.54032283999263 182.4786304909344 298.186
365 214 17.272172509828 300
366 214 34.54434511390283 300
367 214 51.81651730917017 300
368 214 69.08868970554747 300
369 214 86.36086251478876 300
370 214 103.6330353381421 300
371 214.0029269489539 120.9052052501877 300
372 214.1014329581923 138.1770894046984 300
373 214.0447633141913 155.448650597384 299.9999999999999
374 210.5364531350484 172.1636331665414 300
375 184.2456258783964 191.733081396171 300.0000000000001
376 167.503711353746 192.1268886090647 300
377 150.7535037767844 192.0513585362496 300
378 134.0032263126391 192 300
379 117.2528234099791 192 299.9999999999999
380 100.5024179395363 192 300
381 83.75201583293021 192 300.0000000000001
382 67.00161339014254 192 300.0000000000001
383 50.25121011728245 192 300
384 33.50080670791815 192 300
385 16.75040305074857 192 300
386 196.1666666666667 0 300
387 178.3333333333334 0 300
388 160.5000000000001 0 300
389 142.6666666666667 0 300
390 124.8333333333334 0 300
391 107 0 300
392 89.16666666666669 0 300
393 71.33333333333334 0 300
394 53.50000000000003 0 300
395 35.66666666666669 0 300
396 17.83333333333334 0 300
397 0 17.45454545447241 300
398 0 34.90909090894043 300
399 0 52.36363636342372 300
400 0 69.818181817907 300
401 0 87.27272727239021 300
402 0 104.7272727269381 300
403 0 122.1818181815505 300
404 0 139.636363636163 300
405 0 157.0909090907754 300
406 0 174.5454545453877 300
407 4.233333333322931 0 0
408 8.46666666665539 0 0
409 0 8.466666666676733 0
410 0 4.233333333344325 0
411 222.0710678293676 0 297.0710677943634
412 225 0 265.8333333334231
413 225 0 241.6666666668461
414 225 0 217.5000000002692
415 225 0 193.3333333336923
416 225 0 169.1666666671154
417 225 0 145.0000000005329
418 225 0 120.8333333337247
419 225 0 96.66666666691091
420 225 0 72.50000000009715
421 225 0 48.33333333328335
422 225 0 24.16666666657693
423 222.0710677830066 0 -7.071067840724301
424 191.1111111111265 0 -10
425 167.2222222222531 0 -10
426 143.3333333333796 0 -10
427 119.4444444445061 0 -10
428 95.55555555555371 0 -10
429 71.66666666662042 0 -10
430 47.77777777774693 0 -10
431 23.88888888887348 0 -10
432 0 200.0710678293676 297.0710677943634
433 0 203 265.8333333334231
434 0 203 241.6666666668461
435 0 203 217.5000000002692
436 0 203 193.3333333336923
437 0 203 169.1666666671154
438 0 203 145.0000000005329
439 0 203 120.8333333337247
440 0 203 96.66666666691091
441 0 203 72.50000000009715
442 0 203 48.33333333328335
443 0 203 24.16666666657693
444 0 200.0710677830066 -7.071067840724301
445 0 168.8749999999008 -10
446 0 144.7500000001457 -10
447 0 120.6250000003462 -10
448 0 96.50000000041634 -10
449 0 72.37500000031432 -10
450 0 48.25000000020952 -10
451 0 24.12500000010479 -10
452 23.88888888887713 193 300
453 47.77777777774163 193 300
454 71.66666666661587 193 300
455 95.55555555549009 193 300
456 119.4444444444433 193 300
457 143.3333333333773 193 300
458 167.2222222222515 193 300
459 191.1111111111258 193 300
460 222.0710678293676 193 297.0710677943634
461 225 193 265.8333333334231
462 225 193 241.6666666668461
463 225 193 217.5000000002692
464 225 193 193.3333333336923
465 225 193 169.1666666671154
466 225 193 145.0000000005329
467 225 193 120.8333333337247
468 225 193 96.66666666691091
469 225 193 72.50000000009715
470 225 193 48.33333333328335
471 225 193 24.16666666657693
472 222.0710677830066 193 -7.071067840724301
473 191.1111111111265 193 -10
474 167.2222222222531 193 -10
475 143.3333333333796 193 -10
476 119.4444444445061 193 -10
477 95.55555555555371 193 -10
478 71.66666666662042 193 -10
479 47.77777777774693 193 -10
480 23.88888888887348 193 -10
481 23.88888888887713 203 290
482 47.77777777774163 203 290
483 71.66666666661587 203 290
484 95.55555555549009 203 290
485 119.4444444444433 203 290
486 143.3333333333773 203 290
487 167.2222222222515 203 290
488 191.1111111111258 203 290
489 215 203 265.8333333334231
490 215 203 241.6666666668461
491 215 203 217.5000000002692
492 215 203 193.3333333336923
493 215 203 169.1666666671154
494 215 203 145.0000000005329
495 215 203 120.8333333337247
496 215 203 96.66666666691091
497 215 203 72.50000000009715
498 215 203 48.33333333328335
499 215 203 24.16666666657693
500 191.1111111111265 203 0
501 167.2222222222531 203 0
502 143.3333333333796 203 0
503 119.4444444445061 203 0
504 95.55555555555371 203 0
505 71.66666666662042 203 0
506 47.77777777774693 203 0
507 23.88888888887348 203 0
508 215 200.0710678293676 297.0710677943634
509 222.0710677858446 200.0710678378863 290
510 222.0710677858446 200.0710678378863 0
511 215 200.07106782495 -7.071067798780907
512 215 24.12499999993545 300
513 215 48.24999999984377 300
514 215 72.37499999975138 300
515 215 96.49999999966177 300
516 215 120.6249999997442 300
517 215 144.7499999998295 300
518 215 168.8749999999148 300
519 225 24.12499999993545 290
520 225 48.24999999984377 290
521 225 72.37499999975138 290
522 225 96.49999999966177 290
523 225 120.6249999997442 290
524 225 144.7499999998295 290
525 225 168.8749999999148 290
526 225 24.12499999993545 0
527 225 48.24999999984377 0
528 225 72.37499999975138 0
529 225 96.49999999966177 0
530 225 120.6249999997442 0
531 225 144.7499999998295 0
532 225 168.8749999999148 0
533 215 24.12499999993545 -10
534 215 48.24999999984377 -10
535 215 72.37499999975138 -10
536 215 96.49999999966177 -10
537 215 120.6249999997442 -10
538 215 144.7499999998295 -10
539 215 168.8749999999148 -10
540 10.49868993658166 7.458347538773625 5.36804518578376
541 12.8944415152156 2.449774633356002 10.5975
542 10.76569873817068 7.930325873279011 10.60408249734126
543 2.661019617979127 12.68544571470567 10.5975
544 8.080875284393525 10.55458684029185 10.60209302327017
545 13.47081250518712 3.029730726068332 17.34941700930044
546 12.26748868423335 7.133643919049574 17.31095074386561
547 7.765997161144073 11.70163943891131 17.37328924808251
548 3.266826533940996 13.01167065820716 17.38345385232907
549 13.83950602509601 7.49037931452242 25.86666544703137
550 15.11158981435439 2.985843879413091 28.19882729258562
551 14.43140259540269 3.285194954955964 24.33637608737686
552 3.571022392930469 13.80684640892937 25.87244133685213
553 8.665849174231752 12.90611177047974 25.85297524173307
554 17.2492462382195 3.471092124242925 39.02681780911257
555 16.0784015004373 3.176956600576353 33.37681780911259
556 16.05108624571444 7.863709452361427 35.73565747786375
557 9.179320782049361 14.89139967160207 35.99312981652735
558 3.522266486120672 15.16164118462392 36.16188731733211
559 19.55595155854027 3.991241033588427 48.72094718597042
560 19.19292145806395 10.05818390834861 48.55556128374292
561 11.93259455619982 17.49262218370147 47.83215026486003
562 6.773548488132052 16.98598528782876 46.5254705329251
563 6.351925640974468 17.96524362411823 51.7015037182615
564 23.17457332800923 8.855236454524874 62.10996433494752
565 24.70613672318071 5.325467494674989 67.39409782072862
566 23.61197307916289 14.70452578954631 64.60026826659153
567 21.96401100473361 14.45251274688393 59.67141900915898
568 24.79260454154599 10.08633552430282 67.51237227743972
569 16.50605974183392 21.21425258958459 62.54633173611149
570 4.978161123761343 20.64943180512635 65.3587059572539
571 10.78238724943375 21.23433790305446 63.74015829579473
572 30.16772166124773 4.636059728107227 84.68949639345114
573 28.16386990539297 3.862676265360614 78.58148177145165
574 29.18435600612946 10.87935507664873 81.08262443801075
575 28.68574810373275 18.29785082746061 80.33773799411136
576 26.29688816793114 20.42886726580358 75.30236986934571
577 2.854022990382826 23.09895314471633 77.23254967278172
578 4.901953760835111 25.56270802969115 86.2041730929306
579 10.74401145012384 26.52495231047961 85.23590537870332
580 6.566620167429045 24.46238739071414 80.59018168459684
581 19.5882600623459 25.65237307076654 77.43860259050801
582 13.07520120117458 25.42269335629136 78.86985193818292
583 16.86784376172182 27.57313914949224 84.36228195221176
584 22.38486264357006 27.10509010640373 82.75524669522825
585 35.32723167300266 17.6356464797905 98.08735176603408
586 33.73245565397713 23.54270725646339 95.42963151839449
587 36.87358171305969 23.62437038883025 103.1417308678995
588 35.73934573275265 5.791226330956256 100.4419009882971
589 33.725006287943 5.361772136839893 94.95584240145152
590 34.45587255666193 11.45090816869894 96.29140285333358
591 37.41271355104445 12.87240706676994 104.1961597247716
592 37.71512090282516 5.399665557127225 105.890288010095
593 6.203142045444708 30.73288990774636 104.120553215225
594 27.330479634884 30.29752525727982 93.7987088131247
595 23.93565496938375 32.1318695290358 97.21338345512724
596 12.81429099041555 32.2102492310241 103.9819518904619
597 10.59670692305231 29.73476685383411 97.17338796986078
598 4.891599100272723 28.84266130716536 98.24775776370404
599 19.95111275276254 33.45194710351976 102.5837782524123
600 17.27835985887385 31.19076444149407 96.73718002030017
601 25.92879067872713 34.27576170142279 103.4923474439079
602 42.39051209415355 5.125306567566885 117.8334564880432
603 42.72186930737249 13.18475065039567 117.8617003751849
604 45.46524193026509 7.547271943466933 125.1702310735359
605 42.08514251996579 29.05514600947472 117.1458494389439
606 42.64785593823226 20.4251191893718 116.9323943754129
607 45.81587774589659 24.87647067202867 124.5544332176837
608 44.57416018817422 32.26047145491222 123.7458505708925
609 45.57574457910415 16.15411048498545 124.4930725620465
610 5.190907095257533 34.92551367336457 118.2670993236176
611 14.05425008517723 37.19040009408364 119.2572354570004
612 6.91663407234079 37.71153179471993 125.8988359430894
613 29.48706946094767 42.03179028683984 124.4076639718685
614 36.38799641894102 40.9106780358039 123.4938396570163
615 13.47140027834788 39.46704710012854 126.8004315631415
616 32.93663638776169 38.60579395565695 116.7267322234494
617 21.30962158095272 40.78420874714752 124.7056639420622
618 24.4363531575577 38.94559306960144 117.3345629119185
619 56.54411816151394 24.13111455842132 148.6584677547591
620 56.29374681052579 15.13671589643974 148.9132036125833
621 52.82021977876522 18.46327186710339 140.9835404864692
622 55.8827391479524 7.078080310976432 148.6181158987156
623 52.19671999861542 4.906016593005642 140.7339663907287
624 53.04403380017499 11.29397783253479 142.1738671178993
625 53.106042076763 27.80000627107646 141.036109387689
626 52.08974999280701 37.74885745436859 141.2223694545804
627 56.35841418644394 32.12563740736175 148.3003948761554
628 56.16848078252038 40.41594092105071 150.0979350603123
629 7.393265152401547 45.76562534919053 147.8356598828377
630 22.80437519145838 48.56252641217753 145.894225710959
631 26.13738376157121 47.17958756791178 140.1392345341069
632 20.23356690932049 45.63636453550352 139.6706614792846
633 12.54090397913526 43.72706086049253 139.7302625556482
634 5.016231031527806 42.48858136551294 140.0909710625243
635 44.48581026028778 49.69725824323302 145.6315581618695
636 37.63488787338405 51.09945801058956 146.5469402351896
637 15.6379713127676 47.30349314333365 147.3601380406864
638 33.83932267613711 47.90053465127615 139.0259163106479
639 29.53933385510018 50.35105937672451 146.869566588445
640 41.23582614903847 47.11346917033694 139.0445895460246
641 61.81919466840632 48.2335341298492 163.3268236825247
642 67.06158082703118 45.05590338904624 170.9733764380272
643 63.83619560813469 37.45885551650127 163.5751808909196
644 67.74356316904752 9.056553457854882 171.9653882977097
645 63.4225936808575 6.03447954166461 163.8413068203089
646 64.29269912072931 14.99842732783513 165.0411044331423
647 64.39121391910589 25.43792180987678 164.4631636602402
648 68.37301396538534 31.6240117414657 171.7776035164025
649 68.55532109300552 19.91398059386782 172.8641563454874
650 49.77164266794065 57.39298441237293 162.5683019171435
651 51.29505793661996 61.31833562903534 170.2677692605744
652 6.946787038143924 53.81204047416617 167.2003094328364
653 40.04650440951025 60.06861586600358 166.6331175606989
654 27.66766342486635 58.1184720708676 167.1772527614773
655 17.01679177709126 55.63552328608808 167.2350907150562
656 78.49632470474056 42.60179684379845 189.4939706854797
657 76.80619129812655 55.3129236725169 189.0499635735307
658 76.42009861719022 62.75067998423469 191.8662202576953
659 77.77457492851522 8.114694268056908 189.5326012526589
660 78.4874724917791 31.42581904349492 189.6126871132687
661 77.99812993033942 19.4182490383887 189.442298230569
662 57.10591924109141 73.98599937546676 193.6683851608558
663 65.95689735922714 69.95252872047259 189.3926353774875
664 47.91467006712943 71.76820933430022 189.5558976003807
665 36.5661436650182 70.20131326014175 189.7591577928404
666 58.51270159291774 68.87374068285203 185.4908808283695
667 8.620490197978281 65.72405701499184 191.4170162460241
668 27.33575872021927 67.39708066924096 188.0174842635033
669 18.19460850415611 66.34425376191184 189.7525674516084
670 91.25287748020044 8.621824916754036 210.4127527042069
671 90.50107236230805 66.66242619534488 210.5055
672 91.8837243150997 53.91217665450723 210.4876510420887
673 91.66613913595287 20.79902790468948 210.6490859373131
674 92.02975484542465 32.7748959223292 210.638254885907
675 91.15912145912695 43.19356885877329 209.049488375004
676 75.18287670468111 83.02422348614047 211.0322577730977
677 8.008967441614811 76.43005090553343 210.3388410848376
678 63.3592181147547 84.92199130340843 211.787645495265
679 55.50623952685577 82.85753194899793 208.6713236941523
680 32.86444888706433 80.37597448574526 210.5212898183457
681 19.22240211682906 77.92523003327024 210.5624634021604
682 44.59459520457784 82.48324828007114 210.4446128793906
683 105.1705907762368 9.3492783924473 229.1048396495727
684 104.4825357042569 78.45113454737785 229.1145
685 105.3915994534799 22.51505815429761 229.079342033809
686 105.7986324478362 35.73465327389805 229.1062303053931
687 106.1113839402109 50.05907062486041 229.0699961491039
688 105.834541176281 64.37941227947795 229.1509779411593
689 71.74714080346264 96.71166822096333 229.2093512646874
690 56.26338598182984 95.59704190052938 229.1244304166586
691 8.546694804434324 88.90256392568764 229.0766608972881
692 43.16540054318989 93.76807750167831 229.2150723090394
693 84.60723860052784 95.22588509174059 228.7092133903776
694 33.6515874790236 90.88961998950074 227.3260495333912
695 20.52339460583963 90.26030354600329 229.3495380081754
696 119.4555409726629 23.13857098886389 245.3301333195829
697 119.8962570637463 37.73421352855609 245.370927949658
698 119.3598787201915 9.705088016207249 245.4606476789571
699 117.9474228037897 91.3299779816878 244.6868966313511
700 120.3102155779498 52.82947478273113 245.3667844235033
701 120.3298563309119 67.47069842462048 245.2583397216852
702 118.3734688578817 80.23480876637832 243.8864859565376
703 99.3843864454997 107.8804089261781 245.0238320930355
704 9.590910132943902 101.7733711503498 245.3857463293836
705 22.80573340680017 102.7819733292376 245.324
706 37.60261964184756 104.6914336736807 245.3240000000001
707 52.51965583680364 106.8448864321106 245.324
708 83.59818516787939 108.9136494697966 244.9424808694014
709 67.64740415253141 108.6135634515855 245.324
710 132.540565112753 105.041223450079 259.0697616873665
711 133.8418332360353 10.23195474262262 259.6510547857902
712 133.6134659352439 23.33558444654291 259.2755
713 134.0249792039546 39.25866962125441 259.2755000000001
714 134.5590585922977 87.6845667276729 259.1897569987444
715 134.506803068236 55.18145475201857 259.2755
716 134.8912891042852 71.11533025660363 259.2754999999999
717 110.9416923483612 120.6448377207966 258.6122864619813
718 96.53470250779954 121.8222195372386 259.1158592486931
719 9.14809998481693 114.7932055119837 259.3037140322051
720 21.33394327352865 115.3266251998371 259.1727093992911
721 36.80624922268886 116.9021981274448 259.2408802817842
722 52.13134890151356 118.7616065756556 259.2755
723 81.77287749814997 121.7690357360034 259.2755
724 66.9191420184506 120.454817964738 259.2755
725 148.8976278412659 84.85292724008997 270.6533714556124
726 148.7607343511851 98.79717793787108 270.5823844365141
727 148.6892706791608 69.74129980615763 270.7010146358218
728 147.3947969111375 22.88826221349721 270.7165
729 147.7493980412869 38.6080147549862 270.7099619221455
730 148.2283710986254 54.10991336080686 270.7107146194612
731 147.2261211340356 7.334955276154536 270.7165
732 141.3758734364644 121.3626288042606 268.9064335073251
733 7.728522110189221 127.6269950935381 270.7165
734 154.602646734343 133.7115290125957 278.4363573663152
735 181.9375253620289 157.5445744121702 292.6760000000001
736 110.4045767816941 96.46295199569796 300
737 60.01986369489163 131.8858629808777 300
738 59.74119431105611 61.09090909066536 300
739 155.2363282299528 134.2032296224284 300
740 155.2680757520499 61.57718829500256 300
741 107.7455307408433 145.8726219834338 300
742 109.2341542799184 48.06145357248088 300
743 169.2083901489632 97.42174254517136 300
744 42.67673366799445 97.01811815930746 300
745 35.19785520996985 156.8422000983194 300
746 179.6117941170911 157.6747111650696 300
747 34.90456861077341 34.65201349549329 300
748 74.38441734841156 100.2607691623816 300
749 183.4667537030127 35.14067408704071 300
750 81.32705119524789 158.8972420554623 300
751 79.53712852799578 32.8781461679546 300
752 141.296705430893 102.961504654391 300
753 136.629207979371 160.6870794275977 300
754 139.7511283113585 30.88208621216712 300
755 88.40922011507736 74.65478109209637 300
756 27.27381400521954 125.3895457494412 300
757 187.3737268724418 126.0558107960091 300
758 127.7271086548789 70.25177212602267 300
759 27.6830905193837 67.94434521774889 300
760 186.0427563896073 68.46504102293602 300
761 89.16246923161479 121.5178235296013 300
762 120.6908017514844 120.5641974476362 300
763 108.6243621500364 167.9507057965067 300
764 56.48582411708651 168.5289906221985 300
765 114.8890313822451 23.71593001191905 300
766 158.7974864616209 169.8821310890073 300
767 55.12298563936166 27.6421574910149 300
768 156.7889298050237 81.16330952659867 300
769 159.2996395374893 23.06785338029689 300
770 57.36627904052999 81.15454532944142 300
771 135.0413873401857 135.7435389974448 300
772 191.9668734535912 108.807496433815 300
773 55.92312281561433 111.2375638906624 300
774 24.36295188706817 106.2995299295094 300
775 158.7924887064835 113.3142759368929 300
776 20.55946040991591 171.5799995691028 300
777 192.8069963898765 50.81620392402256 300
778 24.97492351833703 87.25272504272542 300
779 136.2024633289946 53.28457096024804 300
780 189.7010583187066 84.31846146887125 300
781 20.61159758490269 20.67599988940756 300
782 79.13157992792146 53.78550405600186 300
783 195.7532484603067 144.308785008899 300
784 21.49304044688029 50.74150461284319 300
785 193.7441539394535 20.34366766903328 300
786 98.57993671837679 19.36923160356971 300
787 21.14772654437238 142.3355876296154 300
788 108.5837966321458 76.52226023167624 300
789 93.20986415489723 175.3923319410449 300
790 93.08442503239455 102.4052646643232 300
791 52.97179075768804 149.6980966204118 300
792 162.3492327652881 150.3306375136104 300
793 172.4451155489372 51.16405839123264 300
794 124.2072018483115 175.5288250531904 300
795 89.81589780356484 141.0191816059389 300
796 52.50560867114549 43.27631850401075 300
797 125.7638266752889 89.66881374410011 300
798 154.8735277722187 42.14282754621613 300
799 39.67911960441896 174.9479723755369 300
800 175.640908507245 175.5867439455587 300
801 139.9698435247419 119.5603618390917 300
802 192.8610608853716 169.4317800013646 300
803 72.1889604475394 175.0987846314908 300
804 40.77168670328012 15.60593751794547 300
805 71.65160834107498 118.6108821725245 300
806 87.65171645845803 89.76166185806598 300
807 105.5530175005571 128.9579202563957 300
808 144.8682933318598 176.0614152969338 300
809 70.86812977751921 144.8904091092476 300
810 133.1164243166403 13.47750059512198 300
811 119.3634834738451 156.0219474411795 300
812 176.0956667624123 18.65995579241742 300
813 38.63162447560381 52.55298407045159 300
814 176.0774194776936 82.49879568644872 300
815 95.05061167876057 40.98728576992771 300
816 71.92799868305181 71.4362761163009 300
817 177.1657175025124 111.7011474133953 300
818 174.9697655422146 141.2044697705227 300
819 39.6768434520521 79.77064089193422 300
820 78.2330478989347 15.04270383350052 300
821 39.05381978371827 140.7534306360493 300
822 39.34550885681212 113.1513685885658 300
823 97.22913969788794 158.3851475732528 300
824 122.6956909039867 38.35873592769683 300
825 99.31221800237519 59.40881032463118 300
826 143.2452660070583 70.35732598253718 300
827 201.6735229747523 129.4346686977516 300
828 13.13876114000695 129.1442390396714 300
829 107.5355500399121 112.4678677408631 300
830 145.6502083348208 147.887146594211 300
831 12.05990802102782 63.6246494310914 300
832 198.3256829104309 35.35538278124836 300
833 170.707605370721 125.2957867078497 300
834 115.4639453804276 62.44157722560404 300
835 202.0259153390925 63.58224561436884 300
836 126.3310200577769 106.3046044519989 300
837 44.95034622377808 125.7259314098331 300
838 15.38023867186017 35.14107655235914 300
839 154.6266269168153 97.63401873816903 300
840 14.72720608345653 158.0246576388136 300
841 67.55990286927042 42.81076571154713 300
842 119.819848832557 139.5179783006328 300
843 45.14064757815298 67.0238861235093 300
844 141.1933177948078 85.38812361706809 300
845 64.54398909797601 157.8363586471075 300
846 148.2439733267961 13.5090000591115 300
847 61.06845457864489 95.23332751101849 300
848 169.3244593946623 68.97367858444372 300
849 12.02816894033884 96.51246515045787 300
850 202.5418452326493 77.93500032048783 300
851 61.34946972900386 13.87685124378919 300
852 74.21431917884834 85.94525963485634 300
853 57.85852082594794 181.0764568865782 300
854 200.2536279812866 158.3418974704413 300
855 201.7591324061316 97.99448773320091 300
856 151.0660738136766 160.0644954136244 300
857 108.7931301217537 181.02491534242 300
858 11.97422854073197 78.01166920060183 300
859 116.3594293760246 11.14147774185875 300
860 122.774346606046 52.64772764679275 300
861 159.1715680323286 182.5618357772829 300
862 12.10601149486868 115.4562868442383 300
863 168.32371576629 34.1344335885421 300
864 76.26091912837046 131.3121072411911 300
865 12.15985831929685 181.9963048848256 300
866 201.8420700955251 116.8496436403379 300
867 108.0898849926575 34.09852737711883 300
868 12.28901470287683 10.41380519363242 300
869 187.9429649121906 180.3215706040689 300
870 201.8502530238689 10.21662977726541 300
871 99.13270192508135 87.24638577939263 300
872 25.12560487933324 182.9970107863572 300
873 26.75000000000001 9.326514153000909 300
874 187.7674965496529 9.407800529714612 300
875 47.73165455310692 160.8183045723189 300
876 108.241789145692 157.077514869844 300
877 126.3049221169748 24.86442461282934 300
878 186.205041319088 97.37490160177255 300
879 167.4829579973554 161.4346248570773 300
880 131.3008271921559 147.9715381522132 300
881 69.1357647991133 24.97030862027425 300
882 81.7617666220231 110.6770509959414 300
883 164.803564264549 11.78909828821509 300
884 5.226989885858809 5.226989885853792 0
885 8.461565009758525 3.450072362667293 0
886 3.494811991908982 8.420138323237408 0
887 2.951601235200845 2.951601235207322 0
888 221.2219965427088 179.7679599163293 297.8285860168053
889 221.2219978643728 13.23204001573767 297.8285849663741
890 225 97.23530094124708 178.3405215212563
891 225 103.2373999943805 84.23819250927268
892 225 60.56788151622183 228.6333596987268
893 225 131.6810603387121 229.8606005638607
894 225 60.44935423856472 133.2780961668394
895 225 135.4146147586982 138.2735606683628
896 225 58.67102964714647 58.14393589748362
897 225 140.5748814905155 51.83065855247403
898 225 49.4530140627696 180.3394876432297
899 225 151.0190273297982 189.9522378106445
900 225 149.4794592155866 93.35562535467744
901 225 100.4096184877222 40.13737003145189
902 225 41.35881373807321 94.60649247421641
903 225 95.44664762373372 249.9887826741958
904 225 97.86684942788807 129.0291369977802
905 225 33.75245905782121 250.0890350249108
906 225 159.3877073658154 252.6981368776488
907 225 89.73303878199468 216.0305204391041
908 225 36.75228717127238 31.98714308308514
909 225 31.87911821408543 210.6603159158338
910 225 32.34456906952941 151.175787175766
911 225 162.4975115931481 156.2744280065897
912 225 163.3585081086681 215.0348858083394
913 225 68.67510396966601 101.2248868144892
914 225 161.4097083661367 31.62551615087681
915 225 121.1038439893207 206.1593637038922
916 225 72.91643160527649 162.7936195450355
917 225 162.4499109601952 123.7507502886182
918 225 69.35750292640328 257.876490108021
919 225 125.0653266338523 261.1926109560646
920 225 120.3084959800398 161.8084899108662
921 225 70.78617819645281 30.03628293969936
922 225 28.13612369830179 71.12941457192926
923 225 29.54965268695065 122.5258808794528
924 225 120.4340360492101 112.3097999625768
925 225 163.5764503899635 70.68821808649244
926 225 81.3252671736326 69.64951209739765
927 225 123.2740793602879 29.06955418640401
928 225 121.3013293421619 67.33406602165988
929 225 65.61407897450373 202.6455291219729
930 225 97.84965831801804 153.8155297970902
931 225 23.51844807073368 184.3751517713815
932 225 171.1143213030876 175.7111687028148
933 225 63.36931990269061 80.44168916771316
934 225 19.6332144223639 229.2500188025181
935 225 126.4085965952714 86.92826115251202
936 225 172.910470137729 236.0933602979577
937 225 106.2173502673706 226.9262078229707
938 225 170.5965197028915 103.345959399639
939 225 90.64826886186347 21.97964282175752
940 225 105.1152841037468 269.4404075913558
941 225 19.37571431606537 88.75080379252347
942 225 79.80290592465008 141.4373385339084
943 225 171.392452262704 50.43454386112846
944 225 53.13866989422789 19.01829634481316
945 225 74.70951996452209 183.6006482205202
946 225 82.39479631611881 232.9932371425008
947 225 143.1292499466639 21.27036315978171
948 225 140.927347370068 210.4430790073248
949 225 53.59112668720458 115.7083265029096
950 225 87.7588869306594 271.4611360747145
951 225 114.5641261883027 140.6981521029355
952 225 141.511773692484 73.91935243766588
953 225 53.04069681910518 153.5093288886912
954 225 19.58034413516315 48.06497462083798
955 225 144.6014398322034 163.8480172708018
956 225 92.34247640514707 106.9529219947423
957 225 48.24764528106364 269.9562301782141
958 225 144.4135028189162 270.1809599347935
959 225 143.4368286777179 116.0254316977564
960 225 20.36307497364806 269.5712865211672
961 225 172.9870431714719 269.9799175223555
962 225 78.2760641472282 48.90268608279098
963 225 174.1421276599086 140.4945278008229
964 225 17.11078643745913 106.3303894110976
965 225 19.32078413879618 19.59552567189047
966 225 151.541333643679 232.6914119722181
967 225 18.30986949977716 138.4109222780939
968 225 175.6840049963087 85.79867831664785
969 225 51.11701034331259 247.1973412502069
970 225 174.2983713483108 198.3063251311521
971 225 75.45463610885341 121.2717845017782
972 225 81.78991348910336 88.50144051672299
973 225 106.2913933418559 18.23731340792268
974 225 125.8431257287508 186.2663612956225
975 225 14.56920639345971 205.4166666669807
976 225 116.6749149336625 48.8922772045075
977 225 102.0910504722686 200.1607602240011
978 225 40.71306187295387 227.5984796997672
979 225 15.12220563713847 251.3583687899679
980 225 175.4931094944824 17.51833695862094
981 225 18.17073986031118 159.5616027773311
982 225 178.2570441350033 253.2542829396463
983 225 40.85932735030535 53.20992897178191
984 225 46.79824362448808 201.3090980976741
985 225 153.7739522212959 140.025321841648
986 225 41.46705031111913 136.2998843849625
987 225 56.41392606777218 40.21637888660902
988 225 83.73822431925414 199.8803402731402
989 225 179.4270039023719 157.2088562428808
990 225 46.81469897830741 71.20212327210378
991 225 137.6575334338195 248.8170855212191
992 225 113.8562698019422 246.278792822729
993 225 36.31734824081513 14.12019301995775
994 225 76.40960398161863 216.0365973350889
995 225 179.1984672630956 34.83469538575307
996 225 35.08315510073651 167.4814881997618
997 225 100.2040990131313 59.85901732451342
998 225 158.7314135614055 14.08284325385589
999 223.222438806727 179.7368262017338 -5.691353096551778
1000 223.222697662634 13.26331974697326 -5.690979102835657
1001 107.5000000000258 96.50000000000028 -10
1002 61.51001960666625 132.5914528418803 -10
1003 64.57620818501256 61.92402527276307 -10
1004 150.4237918149969 131.0759747272433 -10
1005 153.48998039335 60.40854715809802 -10
1006 106.7365802550219 50.05599870232231 -10
1007 108.2634197450305 142.9440012976747 -10
1008 177.4630449173723 98.99210208544741 -10
1009 37.53695508261355 94.00789791454942 -10
1010 39.63468944769054 159.434893361682 -10
1011 175.3653105523149 33.56510663832448 -10
1012 175.3653105523179 159.4348933616915 -10
1013 39.63468944768999 33.56510663831338 -10
1014 73.56146465808962 103.1455113853101 -10
1015 141.4385353419302 89.85448861467916 -10
1016 78.67741152066299 161.503081654996 -10
1017 136.3225884793646 31.49691834499011 -10
1018 77.77097307907938 32.43617463581951 -10
1019 137.2290269209479 160.5638253641937 -10
1020 87.28037740723893 70.35412843604007 -10
1021 127.7196225927925 122.6458715639604 -10
1022 31.89276912511068 123.413045639726 -10
1023 183.1072308748922 69.58695436027737 -10
1024 185.8605804649983 123.2783262021607 -10
1025 29.13941953499307 69.72167379784236 -10
1026 86.49756647582954 127.9155122338278 -10
1027 128.5024335242057 65.08448776615067 -10
1028 104.4280465730859 169.4937471132276 -10
1029 110.5719534269624 23.50625288676972 -10
1030 60.16489525739147 173.5639037438959 -10
1031 154.8351047426136 19.43609625610512 -10
1032 58.8452322724637 20.53419003810029 -10
1033 156.1547677275504 172.4658099619041 -10
1034 151.7774082478213 108.0972732138579 -10
1035 63.22259175216948 84.90272678614434 -10
1036 17.90251496675399 88.22634526727801 -10
1037 197.0974850332299 104.7736547327423 -10
1038 106.3542651670715 117.4671158422346 -10
1039 108.6457348329672 75.53288415776035 -10
1040 55.87691931951355 111.210938739265 -10
1041 159.1230806805037 81.78906126071111 -10
1042 131.3851055648565 143.8031404524509 -10
1043 83.61489443518148 49.1968595475532 -10
1044 17.39555993033237 105.7514449706045 -10
1045 197.6044400696523 87.24855502942678 -10
1046 20.03191573317257 144.7579836213726 -10
1047 194.9680842668398 48.24201637863803 -10
1048 195.1114281646885 144.7509699063496 -10
1049 19.8885718353131 48.24903009365299 -10
1050 20.27464688560095 172.688138094658 -10
1051 194.7253531143972 20.31186190532199 -10
1052 194.7492437640446 172.6869691421586 -10
1053 20.2507562359574 20.31303085784621 -10
1054 42.58457446507633 142.0162900776024 -10
1055 172.4154255349314 50.98370992239498 -10
1056 171.2573425552975 138.6028877823454 -10
1057 43.74265744470289 54.3971122176607 -10
1058 89.16269761972184 91.09809142011966 -10
1059 125.8373023803391 101.9019085798785 -10
1060 61.96175054946224 152.522275833834 -10
1061 153.0382494505563 40.47772416615867 -10
1062 61.69422303406303 40.72851538563635 -10
1063 153.3057769659474 152.271484614382 -10
1064 83.61111111108706 178.6769149912371 -10
1065 131.3888888889428 14.32308500876294 -10
1066 84.11459367794809 15.86708818432779 -10
1067 130.8854063220824 177.1329118156732 -10
1068 38.27509610643451 177.9726911957459 -10
1069 176.7249038935585 15.02730880425994 -10
1070 176.9123205984539 177.4460036652273 -10
1071 38.08767940154949 15.55399633477503 -10
1072 87.73011252010284 146.4937104990268 -10
1073 127.2698874799421 46.50628950096048 -10
1074 167.3564336000973 120.0093128022109 -10
1075 47.6435663998983 72.99068719779198 -10
1076 93.41432002392565 34.40387078650962 -10
1077 121.585679976114 158.5961292134922 -10
1078 88.99820761330375 109.4039213934655 -10
1079 126.0017923867366 83.59607860652137 -10
1080 73.28883553468054 116.8534673187498 -10
1081 141.7111644653453 76.14653268123207 -10
1082 13.11651060440577 198.7417056763346 298.1873570782241
1083 201.8834892293167 198.7417057861063 298.1873570012424
1084 222.7742384353268 197.4475395998501 294.4475395735678
1085 223.2231635758372 198.690305862168 13.28635404862371
1086 223.2231083947958 198.6903856044592 276.713674298162
1087 13.11651064167259 201.1873575094414 -5.74170506144234
1088 201.8834894044984 198.7417049929216 -8.187357557494281
1089 105.5630572570452 203 179.282839693794
1090 107.6789048472164 203 88.10330369246793
1091 64.16431663676785 203 137.9685849863517
1092 150.9656843400796 203 136.9942009370171
1093 152.5363058652842 203 226.7872903721459
1094 69.92314039428655 203 229.5549071294243
1095 64.90981331863389 203 60.69950493316296
1096 150.0901866813759 203 60.69950493316074
1097 109.1577028820192 203 244.6807797291206
1098 46.7032370259726 203 181.9290127526548
1099 167.0410847291017 203 183.8026404674716
1100 107.5000000000264 203 42.1685303248843
1101 107.9840124208816 203 134.125035471318
1102 175.6212395764353 203 96.22588404766877
1103 39.37876042354966 203 96.22588404764116
1104 179.0674373353283 203 254.1061851788541
1105 35.93256266466278 203 254.1061851788684
1106 35.46997035664904 203 33.75663429785539
1107 179.5300296433591 203 33.75663429785022
1108 77.89623505358593 203 105.0016018402521
1109 137.0597861496746 203 104.467180612952
1110 137.7279002332789 203 167.513188516338
1111 76.80520996488829 203 165.809208460372
1112 122.935702113787 203 211.8251077488009
1113 32.962698771718 203 151.3096036064568
1114 182.0373012282903 203 151.3096036064783
1115 139.3973909104873 203 256.4566633715564
1116 77.12029786652212 203 257.2050048665561
1117 29.07741530077225 203 213.5689340351959
1118 186.3054869861519 203 214.147010630575
1119 77.08933903440543 203 31.78766866536024
1120 137.9106609656311 203 31.78766866535508
1121 78.55074251774315 203 204.9990505387517
1122 87.38525935214209 203 67.80136935358864
1123 127.6147406478978 203 67.80136935358861
1124 185.2110622518653 203 71.48119782453907
1125 29.7889377481297 203 71.48119782451356
1126 186.5271738825503 203 123.10165845746
1127 28.47282611744695 203 123.1016584574443
1128 144.4665534499746 203 196.1863656921111
1129 89.05856929470451 203 223.9042059850606
1130 149.6235892355299 203 85.65205385354044
1131 65.37192313214601 203 85.70658663182299
1132 21.79341938810872 203 181.2500000004039
1133 193.1295877749369 203 181.8353576815191
1134 103.1966397327848 203 266.4269015227927
1135 114.5428962982322 203 158.9339634737266
1136 58.06344930200251 203 20.36214502180373
1137 156.9365506980157 203 20.36214502179934
1138 107.5000000000247 203 19.75352215564228
1139 52.62898480290961 203 205.7855508106551
1140 21.66336850358569 203 234.4364694297467
1141 193.3691912146943 203 234.4856256028254
1142 156.6469271115387 203 269.5151269721345
1143 58.56988557087821 203 269.6220328999971
1144 90.4248904268598 203 148.0482931145989
1145 98.47568802566823 203 111.7637235664162
1146 132.8606831546859 203 125.3570272454799
1147 160.0352763160647 203 159.8288940267014
1148 52.24600110392103 203 160.8292080101289
1149 129.4051983257787 203 235.3449115051723
1150 196.7041597736959 203 89.88923022543665
1151 18.29584022629626 203 89.88923022541344
1152 102.3804496696341 203 202.3688578981754
1153 157.9235514235036 203 115.6220464444566
1154 57.07644857651321 203 115.6220464443936
1155 162.2045646523298 203 208.0591640352872
1156 195.1978831921559 203 52.20135727480057
1157 19.80211680784431 203 52.20135727480028
1158 194.0740336663903 203 269.0383806612949
1159 20.92596633360248 203 269.0383806613024
1160 154.8870437904615 203 245.5321383314664
1161 56.4225909052431 203 247.8540241158274
1162 132.932660507235 203 147.5114086559528
1163 82.67026519004608 203 125.4215475705551
1164 107.5298174745567 203 60.40961033738282
1165 127.8663416401695 203 89.47825160754107
1166 87.36081988581746 203 88.13311334937653
1167 172.2690031943522 203 230.9826525889356
1168 44.27467709524332 203 230.8843451166196
1169 118.654236039716 203 108.8824203660292
1170 66.69083070658429 203 184.6941913680712
1171 19.12776385959661 203 19.13178310028173
1172 195.872236140409 203 19.1317831002765
1173 126.5280967915488 203 184.4254897991975
1174 85.77486532614925 203 47.90805853437293
1175 129.2336539523255 203 47.9080585343718
1176 171.8014959991906 203 136.4253735864049
1177 42.64835541781212 203 137.1814941205445
1178 95.02466676776018 203 167.0006843575353
1179 83.61111111105299 203 275.1353445041759
1180 130.661406074953 203 272.4726798109689
1181 197.9417087783442 203 200.3171617815233
1182 17.11947311164881 203 200.0844749262171
1183 43.2720705690482 203 55.27916419420217
1184 171.7279294309556 203 55.27916419420707
1185 18.19568006273479 203 139.1987771106097
1186 196.8043199372634 203 139.1987771106221
1187 16.25478747933459 203 107.3188594489017
1188 198.7452125206595 203 107.3188594489217
1189 17.89526385697904 203 160.1682316078409
1190 197.063152819866 203 159.2469133274084
1191 131.3888888889428 203 14.33128816282324
1192 83.61111111108706 203 14.33128816281666
1193 87.50249281394252 203 184.0258053861166
1194 107.5451728043622 203 225.1058951730089
1195 36.86557003697371 203 14.65011248398817
1196 178.1344299630327 203 14.65011248398521
1197 15.75369966661165 203 252.5011336604804
1198 199.2509517217146 203 252.5081559709182
1199 140.8215195978158 203 213.9319311067047
1200 90.39441632981718 203 242.4590265651025
1201 177.6243462893269 203 274.5319385624567
1202 37.41901624715245 203 274.5533197480336
1203 61.06312543651616 203 40.69157598217464
1204 153.9373920123938 203 40.69157598216556
1205 166.4548014352324 203 73.86756097062322
1206 48.54430103830149 203 73.87846752626857
1207 121.3057449297195 203 255.5517853337332
1208 34.39788631275692 203 167.6326008248314
1209 180.2654684417797 203 168.5112682873257
1210 149.9346547963248 203 178.9617897256154
1211 34.08264059207703 203 195.6647436102492
1212 180.8097025252959 203 196.2303928012112
1213 200.1200297951848 203 35.51795493455751
1214 14.87997020481799 203 35.51795493455953
1215 93.00354692389439 203 31.51772296352385
1216 121.9976701159238 203 31.51772296352748
$EndNodes
$Elements
2286
1 2 2 1 1 1 4 93
2 2 2 1 1 95 5 2
3 2 2 1 1 93 95 2
4 2 2 1 1 93 4 95
5 2 2 1 2 94 2 96
6 2 2 1 2 6 3 94
7 2 2 1 2 96 2 5
8 2 2 1 2 6 94 96
9 2 2 1 3 4 7 95
10 2 2 1 3 95 7 97
11 2 2 1 3 540 5 95
12 2 2 1 3 540 97 8
13 2 2 1 3 5 540 8
14 2 2 1 3 97 540 95
15 2 2 1 4 96 5 98
16 2 2 1 4 9 6 96
17 2 2 1 4 98 5 8
18 2 2 1 4 9 96 98
19 2 2 1 5 10 541 7
20 2 2 1 5 97 541 99
21 2 2 1 5 541 97 7
22 2 2 1 5 541 10 99
23 2 2 1 5 8 542 11
24 2 2 1 5 99 542 97
25 2 2 1 5 542 99 11
26 2 2 1 5 542 8 97
27 2 2 1 6 543 12 9
28 2 2 1 6 543 98 100
29 2 2 1 6 98 543 9
30 2 2 1 6 12 543 100
31 2 2 1 6 544 8 11
32 2 2 1 6 544 100 98
33 2 2 1 6 100 544 11
34 2 2 1 6 8 544 98
35 2 2 1 7 545 104 13
36 2 2 1 7 545 101 546
37 2 2 1 7 101 545 13
38 2 2 1 7 104 545 10
39 2 2 1 7 545 99 10
40 2 2 1 7 99 545 546
41 2 2 1 7 101 14 546
42 2 2 1 7 546 103 11
43 2 2 1 7 99 546 11
44 2 2 1 7 14 103 546
45 2 2 1 8 103 14 547
46 2 2 1 8 14 102 547
47 2 2 1 8 547 102 548
48 2 2 1 8 548 105 12
49 2 2 1 8 547 548 100
50 2 2 1 8 100 548 12
51 2 2 1 8 105 548 15
52 2 2 1 8 548 102 15
53 2 2 1 8 547 100 11
54 2 2 1 8 103 547 11
55 2 2 1 9 549 551 550
56 2 2 1 9 550 551 109
57 2 2 1 9 550 106 549
58 2 2 1 9 550 109 16
59 2 2 1 9 106 550 16
60 2 2 1 9 108 14 549
61 2 2 1 9 14 101 549
62 2 2 1 9 17 108 549
63 2 2 1 9 106 17 549
64 2 2 1 9 101 551 549
65 2 2 1 9 109 551 13
66 2 2 1 9 551 101 13
67 2 2 1 10 110 552 18
68 2 2 1 10 107 552 553
69 2 2 1 10 108 553 14
70 2 2 1 10 553 102 14
71 2 2 1 10 553 108 17
72 2 2 1 10 107 553 17
73 2 2 1 10 552 102 553
74 2 2 1 10 552 110 15
75 2 2 1 10 102 552 15
76 2 2 1 10 552 107 18
77 2 2 1 11 554 556 555
78 2 2 1 11 554 555 115
79 2 2 1 11 106 555 556
80 2 2 1 11 115 555 16
81 2 2 1 11 114 111 20
82 2 2 1 11 555 106 16
83 2 2 1 11 554 111 556
84 2 2 1 11 554 115 19
85 2 2 1 11 111 554 19
86 2 2 1 11 556 114 17
87 2 2 1 11 556 111 114
88 2 2 1 11 106 556 17
89 2 2 1 12 17 114 557
90 2 2 1 12 107 17 557
91 2 2 1 12 116 558 21
92 2 2 1 12 558 113 21
93 2 2 1 12 114 20 112
94 2 2 1 12 558 116 18
95 2 2 1 12 107 558 18
96 2 2 1 12 113 558 557
97 2 2 1 12 558 107 557
98 2 2 1 12 112 557 114
99 2 2 1 12 557 112 113
100 2 2 1 13 19 122 559
101 2 2 1 13 19 559 111
102 2 2 1 13 559 122 22
103 2 2 1 13 118 23 121
104 2 2 1 13 117 559 22
105 2 2 1 13 121 20 560
106 2 2 1 13 20 111 560
107 2 2 1 13 559 117 560
108 2 2 1 13 560 118 121
109 2 2 1 13 118 560 117
110 2 2 1 13 111 559 560
111 2 2 1 14 20 121 561
112 2 2 1 14 562 123 113
113 2 2 1 14 23 119 121
114 2 2 1 14 123 21 113
115 2 2 1 14 561 563 562
116 2 2 1 14 561 562 112
117 2 2 1 14 112 20 561
118 2 2 1 14 562 113 112
119 2 2 1 14 563 123 562
120 2 2 1 14 123 563 24
121 2 2 1 14 563 120 24
122 2 2 1 14 120 563 119
123 2 2 1 14 119 561 121
124 2 2 1 14 561 119 563
125 2 2 1 15 130 565 564
126 2 2 1 15 130 564 117
127 2 2 1 15 125 26 129
128 2 2 1 15 566 567 564
129 2 2 1 15 564 567 118
130 2 2 1 15 568 566 564
131 2 2 1 15 568 564 565
132 2 2 1 15 117 564 118
133 2 2 1 15 117 22 130
134 2 2 1 15 128 566 129
135 2 2 1 15 566 125 129
136 2 2 1 15 565 130 25
137 2 2 1 15 124 565 25
138 2 2 1 15 567 128 23
139 2 2 1 15 128 567 566
140 2 2 1 15 118 567 23
141 2 2 1 15 565 124 568
142 2 2 1 15 568 124 125
143 2 2 1 15 125 566 568
144 2 2 1 16 128 129 569
145 2 2 1 16 129 126 569
146 2 2 1 16 131 24 120
147 2 2 1 16 131 570 27
148 2 2 1 16 570 127 27
149 2 2 1 16 23 128 569
150 2 2 1 16 129 26 126
151 2 2 1 16 119 23 569
152 2 2 1 16 569 126 571
153 2 2 1 16 119 569 571
154 2 2 1 16 119 571 120
155 2 2 1 16 127 571 126
156 2 2 1 16 120 570 131
157 2 2 1 16 127 570 571
158 2 2 1 16 570 120 571
159 2 2 1 17 572 574 573
160 2 2 1 17 573 574 124
161 2 2 1 17 133 29 138
162 2 2 1 17 140 28 572
163 2 2 1 17 28 132 572
164 2 2 1 17 137 575 138
165 2 2 1 17 575 133 138
166 2 2 1 17 139 573 25
167 2 2 1 17 573 124 25
168 2 2 1 17 576 125 575
169 2 2 1 17 576 137 26
170 2 2 1 17 137 576 575
171 2 2 1 17 125 576 26
172 2 2 1 17 575 125 574
173 2 2 1 17 572 132 574
174 2 2 1 17 133 575 574
175 2 2 1 17 574 125 124
176 2 2 1 17 574 132 133
177 2 2 1 17 140 573 139
178 2 2 1 17 573 140 572
179 2 2 1 18 142 27 577
180 2 2 1 18 577 27 127
181 2 2 1 18 578 580 579
182 2 2 1 18 141 578 30
183 2 2 1 18 578 141 580
184 2 2 1 18 578 136 30
185 2 2 1 18 578 579 136
186 2 2 1 18 581 583 582
187 2 2 1 18 26 137 581
188 2 2 1 18 138 29 134
189 2 2 1 18 126 26 581
190 2 2 1 18 577 127 580
191 2 2 1 18 577 141 142
192 2 2 1 18 141 577 580
193 2 2 1 18 126 581 582
194 2 2 1 18 581 137 584
195 2 2 1 18 584 137 138
196 2 2 1 18 580 127 582
197 2 2 1 18 582 583 579
198 2 2 1 18 579 583 135
199 2 2 1 18 126 582 127
200 2 2 1 18 583 584 134
201 2 2 1 18 583 134 135
202 2 2 1 18 136 579 135
203 2 2 1 18 582 579 580
204 2 2 1 18 584 138 134
205 2 2 1 18 584 583 581
206 2 2 1 19 585 587 586
207 2 2 1 19 585 586 133
208 2 2 1 19 145 32 150
209 2 2 1 19 588 589 151
210 2 2 1 19 588 151 152
211 2 2 1 19 588 590 589
212 2 2 1 19 589 590 132
213 2 2 1 19 588 592 591
214 2 2 1 19 592 152 31
215 2 2 1 19 152 592 588
216 2 2 1 19 143 592 31
217 2 2 1 19 586 149 29
218 2 2 1 19 149 586 587
219 2 2 1 19 133 586 29
220 2 2 1 19 149 587 150
221 2 2 1 19 587 145 150
222 2 2 1 19 151 589 28
223 2 2 1 19 589 132 28
224 2 2 1 19 585 133 590
225 2 2 1 19 145 587 144
226 2 2 1 19 591 592 143
227 2 2 1 19 132 590 133
228 2 2 1 19 587 585 591
229 2 2 1 19 587 591 144
230 2 2 1 19 590 588 591
231 2 2 1 19 144 591 143
232 2 2 1 19 590 591 585
233 2 2 1 20 153 593 33
234 2 2 1 20 32 146 150
235 2 2 1 20 594 595 134
236 2 2 1 20 593 596 148
237 2 2 1 20 593 148 33
238 2 2 1 20 593 598 597
239 2 2 1 20 597 598 136
240 2 2 1 20 599 596 600
241 2 2 1 20 596 597 600
242 2 2 1 20 30 136 154
243 2 2 1 20 600 597 135
244 2 2 1 20 599 600 595
245 2 2 1 20 595 600 134
246 2 2 1 20 594 149 595
247 2 2 1 20 595 601 599
248 2 2 1 20 601 595 149
249 2 2 1 20 149 150 601
250 2 2 1 20 597 596 593
251 2 2 1 20 148 596 147
252 2 2 1 20 598 153 154
253 2 2 1 20 597 136 135
254 2 2 1 20 594 134 29
255 2 2 1 20 134 600 135
256 2 2 1 20 596 599 147
257 2 2 1 20 147 599 601
258 2 2 1 20 136 598 154
259 2 2 1 20 149 594 29
260 2 2 1 20 601 146 147
261 2 2 1 20 146 601 150
262 2 2 1 20 153 598 593
263 2 2 1 21 602 604 603
264 2 2 1 21 602 603 143
265 2 2 1 21 162 32 605
266 2 2 1 21 35 163 157
267 2 2 1 21 603 606 144
268 2 2 1 21 607 605 606
269 2 2 1 21 606 605 145
270 2 2 1 21 32 145 605
271 2 2 1 21 608 607 157
272 2 2 1 21 608 605 607
273 2 2 1 21 31 164 602
274 2 2 1 21 31 602 143
275 2 2 1 21 607 156 157
276 2 2 1 21 604 165 34
277 2 2 1 21 155 604 34
278 2 2 1 21 609 603 604
279 2 2 1 21 143 603 144
280 2 2 1 21 609 606 603
281 2 2 1 21 144 606 145
282 2 2 1 21 607 606 609
283 2 2 1 21 609 156 607
284 2 2 1 21 604 155 609
285 2 2 1 21 602 165 604
286 2 2 1 21 165 602 164
287 2 2 1 21 608 157 163
288 2 2 1 21 608 162 605
289 2 2 1 21 609 155 156
290 2 2 1 21 162 608 163
291 2 2 1 22 35 158 163
292 2 2 1 22 167 33 610
293 2 2 1 22 610 33 148
294 2 2 1 22 611 612 610
295 2 2 1 22 611 610 148
296 2 2 1 22 158 159 613
297 2 2 1 22 614 158 613
298 2 2 1 22 163 158 614
299 2 2 1 22 612 611 615
300 2 2 1 22 612 615 161
301 2 2 1 22 162 616 32
302 2 2 1 22 616 146 32
303 2 2 1 22 614 616 162
304 2 2 1 22 617 611 618
305 2 2 1 22 611 148 147
306 2 2 1 22 616 614 613
307 2 2 1 22 611 147 618
308 2 2 1 22 36 166 612
309 2 2 1 22 161 36 612
310 2 2 1 22 618 613 617
311 2 2 1 22 613 618 616
312 2 2 1 22 613 159 617
313 2 2 1 22 618 146 616
314 2 2 1 22 160 617 159
315 2 2 1 22 610 166 167
316 2 2 1 22 166 610 612
317 2 2 1 22 160 615 617
318 2 2 1 22 146 618 147
319 2 2 1 22 614 162 163
320 2 2 1 22 615 611 617
321 2 2 1 22 615 160 161
322 2 2 1 23 619 621 620
323 2 2 1 23 622 624 623
324 2 2 1 23 623 624 155
325 2 2 1 23 625 627 626
326 2 2 1 23 625 626 157
327 2 2 1 23 621 625 156
328 2 2 1 23 38 177 628
329 2 2 1 23 38 628 171
330 2 2 1 23 628 170 171
331 2 2 1 23 626 176 35
332 2 2 1 23 157 626 35
333 2 2 1 23 626 628 177
334 2 2 1 23 628 626 627
335 2 2 1 23 176 626 177
336 2 2 1 23 622 179 37
337 2 2 1 23 168 622 37
338 2 2 1 23 34 178 623
339 2 2 1 23 155 34 623
340 2 2 1 23 170 628 627
341 2 2 1 23 619 625 621
342 2 2 1 23 619 620 169
343 2 2 1 23 624 622 620
344 2 2 1 23 620 622 168
345 2 2 1 23 170 627 619
346 2 2 1 23 156 625 157
347 2 2 1 23 170 619 169
348 2 2 1 23 624 620 621
349 2 2 1 23 179 623 178
350 2 2 1 23 623 179 622
351 2 2 1 23 169 620 168
352 2 2 1 23 625 619 627
353 2 2 1 23 621 156 155
354 2 2 1 23 624 621 155
355 2 2 1 24 39 180 629
356 2 2 1 24 630 632 631
357 2 2 1 24 629 634 633
358 2 2 1 24 633 634 161
359 2 2 1 24 172 177 38
360 2 2 1 24 175 39 629
361 2 2 1 24 632 633 160
362 2 2 1 24 172 635 177
363 2 2 1 24 635 172 636
364 2 2 1 24 637 633 632
365 2 2 1 24 181 36 634
366 2 2 1 24 634 36 161
367 2 2 1 24 631 632 159
368 2 2 1 24 637 632 630
369 2 2 1 24 159 632 160
370 2 2 1 24 633 637 629
371 2 2 1 24 633 161 160
372 2 2 1 24 175 629 637
373 2 2 1 24 636 639 638
374 2 2 1 24 638 640 636
375 2 2 1 24 172 173 636
376 2 2 1 24 635 636 640
377 2 2 1 24 176 640 35
378 2 2 1 24 640 638 158
379 2 2 1 24 640 158 35
380 2 2 1 24 639 636 173
381 2 2 1 24 639 631 638
382 2 2 1 24 631 639 630
383 2 2 1 24 638 159 158
384 2 2 1 24 635 176 177
385 2 2 1 24 631 159 638
386 2 2 1 24 630 174 637
387 2 2 1 24 174 630 639
388 2 2 1 24 640 176 635
389 2 2 1 24 180 634 629
390 2 2 1 24 637 174 175
391 2 2 1 24 634 180 181
392 2 2 1 24 639 173 174
393 2 2 1 25 641 643 642
394 2 2 1 25 644 646 645
395 2 2 1 25 645 646 168
396 2 2 1 25 41 192 185
397 2 2 1 25 647 648 643
398 2 2 1 25 647 643 170
399 2 2 1 25 194 40 644
400 2 2 1 25 40 182 644
401 2 2 1 25 642 648 184
402 2 2 1 25 648 642 643
403 2 2 1 25 642 184 185
404 2 2 1 25 37 193 645
405 2 2 1 25 194 645 193
406 2 2 1 25 645 194 644
407 2 2 1 25 168 37 645
408 2 2 1 25 642 192 641
409 2 2 1 25 191 641 192
410 2 2 1 25 641 191 38
411 2 2 1 25 171 641 38
412 2 2 1 25 646 644 649
413 2 2 1 25 647 169 646
414 2 2 1 25 641 171 643
415 2 2 1 25 171 170 643
416 2 2 1 25 649 644 182
417 2 2 1 25 647 170 169
418 2 2 1 25 184 648 183
419 2 2 1 25 646 169 168
420 2 2 1 25 648 647 649
421 2 2 1 25 648 649 183
422 2 2 1 25 192 642 185
423 2 2 1 25 183 649 182
424 2 2 1 25 646 649 647
425 2 2 1 26 650 191 651
426 2 2 1 26 651 191 192
427 2 2 1 26 195 39 652
428 2 2 1 26 652 39 175
429 2 2 1 26 186 192 41
430 2 2 1 26 651 653 650
431 2 2 1 26 651 192 186
432 2 2 1 26 650 172 38
433 2 2 1 26 187 651 186
434 2 2 1 26 38 191 650
435 2 2 1 26 650 653 172
436 2 2 1 26 195 652 42
437 2 2 1 26 652 190 42
438 2 2 1 26 651 187 653
439 2 2 1 26 188 654 653
440 2 2 1 26 654 173 653
441 2 2 1 26 654 189 655
442 2 2 1 26 174 654 655
443 2 2 1 26 652 175 655
444 2 2 1 26 190 652 655
445 2 2 1 26 174 655 175
446 2 2 1 26 190 655 189
447 2 2 1 26 188 653 187
448 2 2 1 26 172 653 173
449 2 2 1 26 173 654 174
450 2 2 1 26 189 654 188
451 2 2 1 27 656 199 657
452 2 2 1 27 657 199 200
453 2 2 1 27 656 657 185
454 2 2 1 27 44 207 200
455 2 2 1 27 656 185 184
456 2 2 1 27 658 206 657
457 2 2 1 27 657 206 41
458 2 2 1 27 185 657 41
459 2 2 1 27 659 208 43
460 2 2 1 27 196 659 43
461 2 2 1 27 40 208 659
462 2 2 1 27 40 659 182
463 2 2 1 27 199 656 198
464 2 2 1 27 198 656 660
465 2 2 1 27 656 184 660
466 2 2 1 27 200 658 657
467 2 2 1 27 197 660 661
468 2 2 1 27 660 183 661
469 2 2 1 27 198 660 197
470 2 2 1 27 183 660 184
471 2 2 1 27 661 183 182
472 2 2 1 27 661 196 197
473 2 2 1 27 659 196 661
474 2 2 1 27 182 659 661
475 2 2 1 27 658 200 207
476 2 2 1 27 206 658 207
477 2 2 1 28 662 663 201
478 2 2 1 28 207 201 663
479 2 2 1 28 203 665 664
480 2 2 1 28 665 187 664
481 2 2 1 28 207 44 201
482 2 2 1 28 42 190 209
483 2 2 1 28 663 666 41
484 2 2 1 28 41 206 663
485 2 2 1 28 186 41 666
486 2 2 1 28 209 667 45
487 2 2 1 28 667 205 45
488 2 2 1 28 666 664 186
489 2 2 1 28 186 664 187
490 2 2 1 28 664 662 202
491 2 2 1 28 662 664 666
492 2 2 1 28 663 662 666
493 2 2 1 28 204 668 665
494 2 2 1 28 668 188 665
495 2 2 1 28 202 662 201
496 2 2 1 28 665 203 204
497 2 2 1 28 665 188 187
498 2 2 1 28 205 669 204
499 2 2 1 28 664 202 203
500 2 2 1 28 189 669 190
501 2 2 1 28 668 189 188
502 2 2 1 28 668 204 669
503 2 2 1 28 189 668 669
504 2 2 1 28 190 667 209
505 2 2 1 28 205 667 669
506 2 2 1 28 667 190 669
507 2 2 1 28 663 206 207
508 2 2 1 29 43 222 670
509 2 2 1 29 43 670 196
510 2 2 1 29 47 221 214
511 2 2 1 29 671 221 44
512 2 2 1 29 200 671 44
513 2 2 1 29 670 222 46
514 2 2 1 29 210 670 46
515 2 2 1 29 213 671 672
516 2 2 1 29 671 200 672
517 2 2 1 29 211 674 673
518 2 2 1 29 674 197 673
519 2 2 1 29 196 670 673
520 2 2 1 29 670 210 673
521 2 2 1 29 212 675 674
522 2 2 1 29 675 198 674
523 2 2 1 29 671 214 221
524 2 2 1 29 214 671 213
525 2 2 1 29 673 197 196
526 2 2 1 29 673 210 211
527 2 2 1 29 213 672 212
528 2 2 1 29 199 672 200
529 2 2 1 29 199 675 672
530 2 2 1 29 675 212 672
531 2 2 1 29 675 199 198
532 2 2 1 29 674 211 212
533 2 2 1 29 674 198 197
534 2 2 1 30 221 47 676
535 2 2 1 30 676 47 215
536 2 2 1 30 223 677 48
537 2 2 1 30 677 220 48
538 2 2 1 30 676 678 201
539 2 2 1 30 678 679 201
540 2 2 1 30 201 679 202
541 2 2 1 30 216 676 215
542 2 2 1 30 223 45 677
543 2 2 1 30 677 45 205
544 2 2 1 30 678 676 216
545 2 2 1 30 680 219 681
546 2 2 1 30 204 680 681
547 2 2 1 30 682 218 680
548 2 2 1 30 203 682 680
549 2 2 1 30 221 676 44
550 2 2 1 30 676 201 44
551 2 2 1 30 678 216 217
552 2 2 1 30 204 681 205
553 2 2 1 30 220 681 219
554 2 2 1 30 202 682 203
555 2 2 1 30 218 682 217
556 2 2 1 30 203 680 204
557 2 2 1 30 219 680 218
558 2 2 1 30 220 677 681
559 2 2 1 30 677 205 681
560 2 2 1 30 679 217 682
561 2 2 1 30 217 679 678
562 2 2 1 30 202 679 682
563 2 2 1 31 683 237 49
564 2 2 1 31 224 683 49
565 2 2 1 31 684 236 47
566 2 2 1 31 50 236 229
567 2 2 1 31 214 684 47
568 2 2 1 31 237 683 46
569 2 2 1 31 683 210 46
570 2 2 1 31 225 686 685
571 2 2 1 31 686 211 685
572 2 2 1 31 226 687 686
573 2 2 1 31 687 212 686
574 2 2 1 31 227 688 687
575 2 2 1 31 688 213 687
576 2 2 1 31 688 228 684
577 2 2 1 31 214 688 684
578 2 2 1 31 685 224 225
579 2 2 1 31 685 211 210
580 2 2 1 31 210 683 685
581 2 2 1 31 683 224 685
582 2 2 1 31 211 686 212
583 2 2 1 31 226 686 225
584 2 2 1 31 212 687 213
585 2 2 1 31 227 687 226
586 2 2 1 31 213 688 214
587 2 2 1 31 228 688 227
588 2 2 1 31 684 229 236
589 2 2 1 31 229 684 228
590 2 2 1 32 689 231 232
591 2 2 1 32 689 232 690
592 2 2 1 32 230 236 50
593 2 2 1 32 216 689 690
594 2 2 1 32 51 238 691
595 2 2 1 32 238 48 691
596 2 2 1 32 691 48 220
597 2 2 1 32 235 51 691
598 2 2 1 32 233 692 690
599 2 2 1 32 692 217 690
600 2 2 1 32 689 693 231
601 2 2 1 32 689 215 693
602 2 2 1 32 231 693 230
603 2 2 1 32 689 216 215
604 2 2 1 32 694 234 695
605 2 2 1 32 219 694 695
606 2 2 1 32 694 218 692
607 2 2 1 32 236 230 693
608 2 2 1 32 236 693 47
609 2 2 1 32 693 215 47
610 2 2 1 32 234 694 692
611 2 2 1 32 219 695 220
612 2 2 1 32 691 220 695
613 2 2 1 32 235 691 695
614 2 2 1 32 235 695 234
615 2 2 1 32 690 217 216
616 2 2 1 32 690 232 233
617 2 2 1 32 692 218 217
618 2 2 1 32 692 233 234
619 2 2 1 32 218 694 219
620 2 2 1 33 240 697 696
621 2 2 1 33 698 696 224
622 2 2 1 33 697 225 696
623 2 2 1 33 699 252 50
624 2 2 1 33 229 699 50
625 2 2 1 33 698 253 52
626 2 2 1 33 239 696 698
627 2 2 1 33 253 698 49
628 2 2 1 33 239 698 52
629 2 2 1 33 698 224 49
630 2 2 1 33 252 244 53
631 2 2 1 33 697 241 700
632 2 2 1 33 226 697 700
633 2 2 1 33 242 701 700
634 2 2 1 33 701 227 700
635 2 2 1 33 227 701 228
636 2 2 1 33 243 701 242
637 2 2 1 33 701 243 702
638 2 2 1 33 228 701 702
639 2 2 1 33 699 244 252
640 2 2 1 33 244 699 243
641 2 2 1 33 696 239 240
642 2 2 1 33 696 225 224
643 2 2 1 33 702 229 228
644 2 2 1 33 700 241 242
645 2 2 1 33 700 227 226
646 2 2 1 33 702 243 699
647 2 2 1 33 229 702 699
648 2 2 1 33 697 226 225
649 2 2 1 33 697 240 241
650 2 2 1 34 246 703 245
651 2 2 1 34 703 252 245
652 2 2 1 34 245 252 53
653 2 2 1 34 704 254 51
654 2 2 1 34 705 704 235
655 2 2 1 34 705 251 704
656 2 2 1 34 250 705 706
657 2 2 1 34 706 705 234
658 2 2 1 34 707 249 706
659 2 2 1 34 707 706 233
660 2 2 1 34 708 247 709
661 2 2 1 34 708 709 231
662 2 2 1 34 708 703 246
663 2 2 1 34 709 248 707
664 2 2 1 34 709 707 232
665 2 2 1 34 235 704 51
666 2 2 1 34 703 708 230
667 2 2 1 34 231 709 232
668 2 2 1 34 248 709 247
669 2 2 1 34 708 231 230
670 2 2 1 34 708 246 247
671 2 2 1 34 703 230 50
672 2 2 1 34 252 703 50
673 2 2 1 34 254 704 54
674 2 2 1 34 704 251 54
675 2 2 1 34 250 706 249
676 2 2 1 34 233 706 234
677 2 2 1 34 249 707 248
678 2 2 1 34 232 707 233
679 2 2 1 34 251 705 250
680 2 2 1 34 234 705 235
681 2 2 1 35 710 270 53
682 2 2 1 35 244 710 53
683 2 2 1 35 255 712 711
684 2 2 1 35 712 256 713
685 2 2 1 35 712 713 240
686 2 2 1 35 260 710 714
687 2 2 1 35 714 710 244
688 2 2 1 35 713 257 715
689 2 2 1 35 713 715 241
690 2 2 1 35 716 259 714
691 2 2 1 35 716 714 243
692 2 2 1 35 715 258 716
693 2 2 1 35 715 716 242
694 2 2 1 35 56 270 710
695 2 2 1 35 56 710 261
696 2 2 1 35 271 711 52
697 2 2 1 35 711 712 239
698 2 2 1 35 711 239 52
699 2 2 1 35 711 271 55
700 2 2 1 35 255 711 55
701 2 2 1 35 243 714 244
702 2 2 1 35 260 714 259
703 2 2 1 35 242 716 243
704 2 2 1 35 259 716 258
705 2 2 1 35 258 715 257
706 2 2 1 35 241 715 242
707 2 2 1 35 710 260 261
708 2 2 1 35 239 712 240
709 2 2 1 35 256 712 255
710 2 2 1 35 240 713 241
711 2 2 1 35 257 713 256
712 2 2 1 36 717 245 53
713 2 2 1 36 270 717 53
714 2 2 1 36 262 270 56
715 2 2 1 36 263 718 717
716 2 2 1 36 245 717 718
717 2 2 1 36 719 272 54
718 2 2 1 36 720 719 251
719 2 2 1 36 720 269 719
720 2 2 1 36 268 720 721
721 2 2 1 36 721 720 250
722 2 2 1 36 267 721 722
723 2 2 1 36 722 721 249
724 2 2 1 36 718 264 723
725 2 2 1 36 718 723 246
726 2 2 1 36 724 266 722
727 2 2 1 36 724 722 248
728 2 2 1 36 723 265 724
729 2 2 1 36 723 724 247
730 2 2 1 36 251 719 54
731 2 2 1 36 264 718 263
732 2 2 1 36 263 717 262
733 2 2 1 36 717 270 262
734 2 2 1 36 245 718 246
735 2 2 1 36 246 723 247
736 2 2 1 36 265 723 264
737 2 2 1 36 250 720 251
738 2 2 1 36 269 720 268
739 2 2 1 36 249 721 250
740 2 2 1 36 272 719 57
741 2 2 1 36 719 269 57
742 2 2 1 36 267 722 266
743 2 2 1 36 248 722 249
744 2 2 1 36 266 724 265
745 2 2 1 36 247 724 248
746 2 2 1 36 268 721 267
747 2 2 1 37 725 278 726
748 2 2 1 37 725 726 260
749 2 2 1 37 727 277 725
750 2 2 1 37 727 725 259
751 2 2 1 37 728 274 729
752 2 2 1 37 728 729 256
753 2 2 1 37 59 289 280
754 2 2 1 37 729 275 730
755 2 2 1 37 729 730 257
756 2 2 1 37 730 276 727
757 2 2 1 37 730 727 258
758 2 2 1 37 273 728 731
759 2 2 1 37 731 728 255
760 2 2 1 37 260 726 261
761 2 2 1 37 279 726 278
762 2 2 1 37 726 279 261
763 2 2 1 37 259 725 260
764 2 2 1 37 278 725 277
765 2 2 1 37 55 731 255
766 2 2 1 37 273 731 58
767 2 2 1 37 731 55 58
768 2 2 1 37 277 727 276
769 2 2 1 37 258 727 259
770 2 2 1 37 276 730 275
771 2 2 1 37 257 730 258
772 2 2 1 37 275 729 274
773 2 2 1 37 256 729 257
774 2 2 1 37 279 280 261
775 2 2 1 37 261 732 56
776 2 2 1 37 289 732 280
777 2 2 1 37 732 289 56
778 2 2 1 37 732 261 280
779 2 2 1 37 255 728 256
780 2 2 1 37 274 728 273
781 2 2 1 38 281 262 56
782 2 2 1 38 281 282 262
783 2 2 1 38 289 281 56
784 2 2 1 38 263 283 264
785 2 2 1 38 286 267 266
786 2 2 1 38 57 733 60
787 2 2 1 38 288 733 269
788 2 2 1 38 266 265 285
789 2 2 1 38 733 288 60
790 2 2 1 38 733 57 269
791 2 2 1 38 264 283 284
792 2 2 1 38 281 289 59
793 2 2 1 38 263 282 283
794 2 2 1 38 264 284 265
795 2 2 1 38 268 287 288
796 2 2 1 38 268 288 269
797 2 2 1 38 286 266 285
798 2 2 1 38 262 282 263
799 2 2 1 38 285 265 284
800 2 2 1 38 267 287 268
801 2 2 1 38 286 287 267
802 2 2 1 39 734 280 297
803 2 2 1 39 294 295 278
804 2 2 1 39 734 307 59
805 2 2 1 39 307 734 297
806 2 2 1 39 62 307 297
807 2 2 1 39 294 278 277
808 2 2 1 39 280 734 59
809 2 2 1 39 296 297 280
810 2 2 1 39 293 294 277
811 2 2 1 39 273 58 61
812 2 2 1 39 292 293 276
813 2 2 1 39 275 291 292
814 2 2 1 39 290 291 274
815 2 2 1 39 274 291 275
816 2 2 1 39 275 292 276
817 2 2 1 39 61 290 273
818 2 2 1 39 273 290 274
819 2 2 1 39 296 280 279
820 2 2 1 39 276 293 277
821 2 2 1 39 295 279 278
822 2 2 1 39 296 279 295
823 2 2 1 40 298 299 281
824 2 2 1 40 307 62 298
825 2 2 1 40 307 298 59
826 2 2 1 40 306 63 60
827 2 2 1 40 304 287 286
828 2 2 1 40 305 287 304
829 2 2 1 40 304 286 303
830 2 2 1 40 303 286 285
831 2 2 1 40 302 285 284
832 2 2 1 40 306 288 305
833 2 2 1 40 305 288 287
834 2 2 1 40 59 298 281
835 2 2 1 40 299 282 281
836 2 2 1 40 300 282 299
837 2 2 1 40 300 283 282
838 2 2 1 40 306 60 288
839 2 2 1 40 303 285 302
840 2 2 1 40 300 301 283
841 2 2 1 40 302 284 301
842 2 2 1 40 301 284 283
843 2 2 1 41 65 62 316
844 2 2 1 41 293 312 294
845 2 2 1 41 315 316 297
846 2 2 1 41 316 62 297
847 2 2 1 41 311 312 293
848 2 2 1 41 310 311 292
849 2 2 1 41 290 61 308
850 2 2 1 41 296 315 297
851 2 2 1 41 309 310 291
852 2 2 1 41 295 313 314
853 2 2 1 41 290 308 309
854 2 2 1 41 294 313 295
855 2 2 1 41 292 311 293
856 2 2 1 41 291 310 292
857 2 2 1 41 314 315 296
858 2 2 1 41 290 309 291
859 2 2 1 41 294 312 313
860 2 2 1 41 308 61 64
861 2 2 1 41 295 314 296
862 2 2 1 42 321 322 302
863 2 2 1 42 62 65 317
864 2 2 1 42 301 300 320
865 2 2 1 42 63 306 325
866 2 2 1 42 302 322 303
867 2 2 1 42 325 66 63
868 2 2 1 42 323 324 304
869 2 2 1 42 304 324 305
870 2 2 1 42 321 302 301
871 2 2 1 42 303 322 323
872 2 2 1 42 303 323 304
873 2 2 1 42 305 324 325
874 2 2 1 42 318 298 317
875 2 2 1 42 321 301 320
876 2 2 1 42 317 298 62
877 2 2 1 42 320 300 319
878 2 2 1 42 305 325 306
879 2 2 1 42 319 300 299
880 2 2 1 42 319 299 318
881 2 2 1 42 318 299 298
882 2 2 1 43 735 68 65
883 2 2 1 43 735 316 334
884 2 2 1 43 333 334 316
885 2 2 1 43 332 333 315
886 2 2 1 43 316 735 65
887 2 2 1 43 68 735 334
888 2 2 1 43 327 309 326
889 2 2 1 43 315 333 316
890 2 2 1 43 308 64 326
891 2 2 1 43 314 332 315
892 2 2 1 43 326 309 308
893 2 2 1 43 328 310 327
894 2 2 1 43 327 310 309
895 2 2 1 43 330 312 329
896 2 2 1 43 329 312 311
897 2 2 1 43 332 314 331
898 2 2 1 43 326 64 67
899 2 2 1 43 331 314 313
900 2 2 1 43 331 313 330
901 2 2 1 43 330 313 312
902 2 2 1 43 328 311 310
903 2 2 1 43 329 311 328
904 2 2 1 44 342 324 323
905 2 2 1 44 65 68 335
906 2 2 1 44 318 317 336
907 2 2 1 44 344 325 343
908 2 2 1 44 342 323 341
909 2 2 1 44 344 69 66
910 2 2 1 44 341 323 322
911 2 2 1 44 66 325 344
912 2 2 1 44 341 322 340
913 2 2 1 44 343 324 342
914 2 2 1 44 338 319 337
915 2 2 1 44 322 321 340
916 2 2 1 44 340 321 339
917 2 2 1 44 339 320 338
918 2 2 1 44 336 317 335
919 2 2 1 44 338 320 319
920 2 2 1 44 335 317 65
921 2 2 1 44 343 325 324
922 2 2 1 44 337 319 318
923 2 2 1 44 337 318 336
924 2 2 1 44 339 321 320
925 2 2 1 45 353 354 334
926 2 2 1 45 352 353 333
927 2 2 1 45 68 354 71
928 2 2 1 45 345 346 326
929 2 2 1 45 351 352 332
930 2 2 1 45 334 354 68
931 2 2 1 45 350 351 331
932 2 2 1 45 332 352 333
933 2 2 1 45 349 350 330
934 2 2 1 45 330 350 331
935 2 2 1 45 348 349 329
936 2 2 1 45 329 349 330
937 2 2 1 45 327 346 347
938 2 2 1 45 328 348 329
939 2 2 1 45 70 345 67
940 2 2 1 45 328 347 348
941 2 2 1 45 333 353 334
942 2 2 1 45 67 345 326
943 2 2 1 45 326 346 327
944 2 2 1 45 327 347 328
945 2 2 1 45 331 351 332
946 2 2 1 46 356 357 336
947 2 2 1 46 336 357 337
948 2 2 1 46 68 71 355
949 2 2 1 46 361 362 341
950 2 2 1 46 341 362 342
951 2 2 1 46 355 356 335
952 2 2 1 46 335 356 336
953 2 2 1 46 337 357 358
954 2 2 1 46 364 72 69
955 2 2 1 46 337 358 338
956 2 2 1 46 358 359 338
957 2 2 1 46 69 344 364
958 2 2 1 46 338 359 339
959 2 2 1 46 359 360 339
960 2 2 1 46 355 335 68
961 2 2 1 46 339 360 340
962 2 2 1 46 342 362 363
963 2 2 1 46 342 363 343
964 2 2 1 46 343 363 364
965 2 2 1 46 343 364 344
966 2 2 1 46 340 360 361
967 2 2 1 46 340 361 341
968 2 2 1 47 367 347 366
969 2 2 1 47 365 345 70
970 2 2 1 47 366 347 346
971 2 2 1 47 372 373 353
972 2 2 1 47 70 73 365
973 2 2 1 47 372 353 352
974 2 2 1 47 368 348 367
975 2 2 1 47 354 374 74
976 2 2 1 47 74 71 354
977 2 2 1 47 367 348 347
978 2 2 1 47 369 349 368
979 2 2 1 47 368 349 348
980 2 2 1 47 371 351 370
981 2 2 1 47 370 351 350
982 2 2 1 47 372 352 371
983 2 2 1 47 371 352 351
984 2 2 1 47 374 354 373
985 2 2 1 47 373 354 353
986 2 2 1 47 365 366 346
987 2 2 1 47 365 346 345
988 2 2 1 47 370 350 369
989 2 2 1 47 369 350 349
990 2 2 1 48 379 359 358
991 2 2 1 48 364 363 384
992 2 2 1 48 355 71 375
993 2 2 1 48 384 363 383
994 2 2 1 48 379 358 378
995 2 2 1 48 383 362 382
996 2 2 1 48 378 358 357
997 2 2 1 48 360 380 381
998 2 2 1 48 379 380 359
999 2 2 1 48 381 361 360
1000 2 2 1 48 377 357 356
1001 2 2 1 48 385 75 72
1002 2 2 1 48 377 356 376
1003 2 2 1 48 382 362 361
1004 2 2 1 48 376 355 375
1005 2 2 1 48 359 380 360
1006 2 2 1 48 375 71 74
1007 2 2 1 48 356 355 376
1008 2 2 1 48 383 363 362
1009 2 2 1 48 364 384 385
1010 2 2 1 48 72 364 385
1011 2 2 1 48 378 357 377
1012 2 2 1 48 382 361 381
1013 2 2 4 49 774 744 778
1014 2 2 4 49 788 736 797
1015 2 2 4 49 767 747 796
1016 2 2 4 49 758 788 797
1017 2 2 4 49 780 760 814
1018 2 2 4 49 790 761 829
1019 2 2 4 49 780 814 878
1020 2 2 4 49 365 785 832
1021 2 2 4 49 761 807 829
1022 2 2 4 49 740 768 848
1023 2 2 4 49 366 365 832
1024 2 2 4 49 394 804 851
1025 2 2 4 49 825 788 834
1026 2 2 4 49 751 782 815
1027 2 2 4 49 747 767 804
1028 2 2 4 49 391 786 859
1029 2 2 4 49 762 771 801
1030 2 2 4 49 779 740 798
1031 2 2 4 49 770 738 843
1032 2 2 4 49 755 788 825
1033 2 2 4 49 778 744 819
1034 2 2 4 49 787 404 840
1035 2 2 4 49 754 779 798
1036 2 2 4 49 391 392 786
1037 2 2 4 49 781 397 838
1038 2 2 4 49 769 754 798
1039 2 2 4 49 404 405 840
1040 2 2 4 49 739 775 801
1041 2 2 4 49 815 782 825
1042 2 2 4 49 777 367 832
1043 2 2 4 49 804 767 851
1044 2 2 4 49 775 752 801
1045 2 2 4 49 759 778 819
1046 2 2 4 49 768 743 814
1047 2 2 4 49 814 743 878
1048 2 2 4 49 743 768 839
1049 2 2 4 49 791 737 821
1050 2 2 4 49 399 784 838
1051 2 2 4 49 768 740 826
1052 2 2 4 49 754 769 846
1053 2 2 4 49 397 398 838
1054 2 2 4 49 771 739 801
1055 2 2 4 49 738 796 813
1056 2 2 4 49 770 744 847
1057 2 2 4 49 740 793 798
1058 2 2 4 49 795 741 807
1059 2 2 4 49 760 777 793
1060 2 2 4 49 373 372 783
1061 2 2 4 49 821 737 837
1062 2 2 4 49 738 813 843
1063 2 2 4 49 761 795 807
1064 2 2 4 49 777 749 793
1065 2 2 4 49 786 765 859
1066 2 2 4 49 406 776 840
1067 2 2 4 49 398 399 838
1068 2 2 4 49 367 366 832
1069 2 2 4 49 745 776 799
1070 2 2 4 49 738 770 816
1071 2 2 4 49 746 783 818
1072 2 2 4 49 744 770 819
1073 2 2 4 49 739 792 818
1074 2 2 4 49 783 746 854
1075 2 2 4 49 767 796 841
1076 2 2 4 49 783 757 818
1077 2 2 4 49 737 791 809
1078 2 2 4 49 755 782 816
1079 2 2 4 49 394 395 804
1080 2 2 4 49 771 762 842
1081 2 2 4 49 381 380 789
1082 2 2 4 49 748 773 805
1083 2 2 4 49 782 738 816
1084 2 2 4 49 767 841 881
1085 2 2 4 49 741 811 842
1086 2 2 4 49 842 811 880
1087 2 2 4 49 762 801 836
1088 2 2 4 49 768 814 848
1089 2 2 4 49 772 757 866
1090 2 2 4 49 739 771 830
1091 2 2 4 49 744 773 847
1092 2 2 4 49 799 383 853
1093 2 2 4 49 819 770 843
1094 2 2 4 49 746 802 854
1095 2 2 4 49 756 774 862
1096 2 2 4 49 384 383 799
1097 2 2 4 49 776 745 840
1098 2 2 4 49 773 737 805
1099 2 2 4 49 774 756 822
1100 2 2 4 49 744 774 822
1101 2 2 4 49 381 789 803
1102 2 2 4 49 373 783 854
1103 2 2 4 49 757 772 817
1104 2 2 4 49 781 747 804
1105 2 2 4 49 737 773 837
1106 2 2 4 49 405 406 840
1107 2 2 4 49 779 754 824
1108 2 2 4 49 778 759 858
1109 2 2 4 49 776 406 865
1110 2 2 4 49 779 758 826
1111 2 2 4 49 740 779 826
1112 2 2 4 49 760 780 850
1113 2 2 4 49 798 793 863
1114 2 2 4 49 787 745 821
1115 2 2 4 49 789 380 857
1116 2 2 4 49 790 736 871
1117 2 2 4 49 367 777 835
1118 2 2 4 49 758 779 860
1119 2 2 4 49 756 787 821
1120 2 2 4 49 745 787 840
1121 2 2 4 49 379 378 794
1122 2 2 4 49 739 818 833
1123 2 2 4 49 747 781 838
1124 2 2 4 49 736 829 836
1125 2 2 4 49 806 790 871
1126 2 2 4 49 784 759 813
1127 2 2 4 49 801 752 836
1128 2 2 4 49 784 747 838
1129 2 2 4 49 773 748 847
1130 2 2 4 49 749 777 832
1131 2 2 4 49 773 744 822
1132 2 2 4 49 747 784 813
1133 2 2 4 49 786 392 820
1134 2 2 4 49 743 775 817
1135 2 2 4 49 775 743 839
1136 2 2 4 49 775 739 833
1137 2 2 4 49 784 399 831
1138 2 2 4 49 763 794 811
1139 2 2 4 49 382 381 803
1140 2 2 4 49 746 800 802
1141 2 2 4 49 794 753 811
1142 2 2 4 49 749 785 812
1143 2 2 4 49 397 781 868
1144 2 2 4 49 738 782 841
1145 2 2 4 49 785 749 832
1146 2 2 4 49 764 799 853
1147 2 2 4 49 809 791 845
1148 2 2 4 49 376 375 800
1149 2 2 4 49 789 750 803
1150 2 2 4 49 763 789 857
1151 2 2 4 49 797 736 836
1152 2 2 4 49 765 786 867
1153 2 2 4 49 741 795 823
1154 2 2 4 49 810 754 846
1155 2 2 4 49 764 803 845
1156 2 2 4 49 794 378 808
1157 2 2 4 49 786 751 815
1158 2 2 4 49 759 831 858
1159 2 2 4 49 828 756 862
1160 2 2 4 49 753 794 808
1161 2 2 4 49 748 790 806
1162 2 2 4 49 785 365 870
1163 2 2 4 49 752 775 839
1164 2 2 4 49 834 758 860
1165 2 2 4 49 757 783 827
1166 2 2 4 49 379 794 857
1167 2 2 4 49 751 786 820
1168 2 2 4 49 803 750 845
1169 2 2 4 49 783 372 827
1170 2 2 4 49 782 755 825
1171 2 2 4 49 835 760 850
1172 2 2 4 49 742 825 834
1173 2 2 4 49 404 787 828
1174 2 2 4 49 777 760 835
1175 2 2 4 49 74 374 802
1176 2 2 4 49 774 778 849
1177 2 2 4 49 750 789 823
1178 2 2 4 49 750 795 809
1179 2 2 4 49 796 738 841
1180 2 2 4 49 793 749 863
1181 2 2 4 49 796 747 813
1182 2 2 4 49 759 784 831
1183 2 2 4 49 752 839 844
1184 2 2 4 49 795 750 823
1185 2 2 4 49 792 746 818
1186 2 2 4 49 794 763 857
1187 2 2 4 49 757 827 866
1188 2 2 4 49 369 850 855
1189 2 2 4 49 806 755 852
1190 2 2 4 49 368 367 835
1191 2 2 4 49 795 761 864
1192 2 2 4 49 392 393 820
1193 2 2 4 49 850 780 855
1194 2 2 4 49 787 756 828
1195 2 2 4 49 789 763 823
1196 2 2 4 49 378 377 808
1197 2 2 4 49 745 791 821
1198 2 2 4 49 742 815 825
1199 2 2 4 49 782 751 841
1200 2 2 4 49 755 816 852
1201 2 2 4 49 788 755 871
1202 2 2 4 49 786 815 867
1203 2 2 4 49 792 739 830
1204 2 2 4 49 736 788 871
1205 2 2 4 49 376 800 861
1206 2 2 4 49 829 762 836
1207 2 2 4 49 399 400 831
1208 2 2 4 49 779 824 860
1209 2 2 4 49 788 758 834
1210 2 2 4 49 758 797 844
1211 2 2 4 49 736 790 829
1212 2 2 4 49 839 768 844
1213 2 2 4 49 753 808 856
1214 2 2 4 49 389 390 810
1215 2 2 4 49 809 795 864
1216 2 2 4 49 790 748 882
1217 2 2 4 49 800 766 861
1218 2 2 4 49 746 792 879
1219 2 2 4 49 401 849 858
1220 2 2 4 49 773 822 837
1221 2 2 4 49 370 855 866
1222 2 2 4 49 810 859 877
1223 2 2 4 49 797 752 844
1224 2 2 4 49 749 812 863
1225 2 2 4 49 741 823 876
1226 2 2 4 49 791 745 875
1227 2 2 4 49 812 769 863
1228 2 2 4 49 849 778 858
1229 2 2 4 49 808 766 856
1230 2 2 4 49 403 404 828
1231 2 2 4 49 761 790 882
1232 2 2 4 49 799 776 872
1233 2 2 4 49 849 402 862
1234 2 2 4 49 760 793 848
1235 2 2 4 49 752 797 836
1236 2 2 4 49 859 765 877
1237 2 2 4 49 802 374 854
1238 2 2 4 49 817 775 833
1239 2 2 4 49 755 806 871
1240 2 2 4 49 807 762 829
1241 2 2 4 49 384 799 872
1242 2 2 4 49 388 389 846
1243 2 2 4 49 817 772 878
1244 2 2 4 49 743 817 878
1245 2 2 4 49 793 740 848
1246 2 2 4 49 766 800 879
1247 2 2 4 49 810 390 859
1248 2 2 4 49 800 746 879
1249 2 2 4 49 802 800 869
1250 2 2 4 49 774 849 862
1251 2 2 4 49 803 764 853
1252 2 2 4 49 826 758 844
1253 2 2 4 49 770 847 852
1254 2 2 4 49 372 371 827
1255 2 2 4 49 799 764 875
1256 2 2 4 49 371 370 866
1257 2 2 4 49 374 373 854
1258 2 2 4 49 745 799 875
1259 2 2 4 49 855 772 866
1260 2 2 4 49 807 741 842
1261 2 2 4 49 762 807 842
1262 2 2 4 49 800 375 869
1263 2 2 4 49 781 804 873
1264 2 2 4 49 748 805 882
1265 2 2 4 49 771 842 880
1266 2 2 4 49 808 377 861
1267 2 2 4 49 750 809 845
1268 2 2 4 49 382 803 853
1269 2 2 4 49 766 808 861
1270 2 2 4 49 769 798 863
1271 2 2 4 49 370 369 855
1272 2 2 4 49 387 388 883
1273 2 2 4 49 757 817 833
1274 2 2 4 49 764 845 875
1275 2 2 4 49 812 387 883
1276 2 2 4 49 845 791 875
1277 2 2 4 49 818 757 833
1278 2 2 4 49 406 75 865
1279 2 2 4 49 805 737 864
1280 2 2 4 49 805 761 882
1281 2 2 4 49 74 802 869
1282 2 2 4 49 841 751 881
1283 2 2 4 49 813 759 843
1284 2 2 4 49 847 748 852
1285 2 2 4 49 816 770 852
1286 2 2 4 49 75 385 865
1287 2 2 4 49 388 846 883
1288 2 2 4 49 756 821 837
1289 2 2 4 49 402 403 862
1290 2 2 4 49 822 756 837
1291 2 2 4 49 814 760 848
1292 2 2 4 49 737 809 864
1293 2 2 4 49 396 76 868
1294 2 2 4 49 759 819 843
1295 2 2 4 49 73 386 870
1296 2 2 4 49 401 402 849
1297 2 2 4 49 76 397 868
1298 2 2 4 49 820 393 851
1299 2 2 4 49 365 73 870
1300 2 2 4 49 804 395 873
1301 2 2 4 49 389 810 846
1302 2 2 4 49 748 806 852
1303 2 2 4 49 400 401 858
1304 2 2 4 49 761 805 864
1305 2 2 4 49 812 785 874
1306 2 2 4 49 393 394 851
1307 2 2 4 49 369 368 850
1308 2 2 4 49 383 382 853
1309 2 2 4 49 792 856 879
1310 2 2 4 49 380 379 857
1311 2 2 4 49 856 766 879
1312 2 2 4 49 390 391 859
1313 2 2 4 49 375 74 869
1314 2 2 4 49 377 376 861
1315 2 2 4 49 754 810 877
1316 2 2 4 49 768 826 844
1317 2 2 4 49 386 387 874
1318 2 2 4 49 395 396 873
1319 2 2 4 49 387 812 874
1320 2 2 4 49 753 830 880
1321 2 2 4 49 763 811 876
1322 2 2 4 49 830 771 880
1323 2 2 4 49 385 384 872
1324 2 2 4 49 811 741 876
1325 2 2 4 49 811 753 880
1326 2 2 4 49 769 812 883
1327 2 2 4 49 815 742 867
1328 2 2 4 49 824 742 860
1329 2 2 4 49 742 824 867
1330 2 2 4 49 824 765 867
1331 2 2 4 49 820 851 881
1332 2 2 4 49 751 820 881
1333 2 2 4 49 846 769 883
1334 2 2 4 49 792 830 856
1335 2 2 4 49 368 835 850
1336 2 2 4 49 823 763 876
1337 2 2 4 49 742 834 860
1338 2 2 4 49 830 753 856
1339 2 2 4 49 824 754 877
1340 2 2 4 49 765 824 877
1341 2 2 4 49 831 400 858
1342 2 2 4 49 827 371 866
1343 2 2 4 49 403 828 862
1344 2 2 4 49 772 855 878
1345 2 2 4 49 855 780 878
1346 2 2 4 49 851 767 881
1347 2 2 4 49 785 870 874
1348 2 2 4 49 870 386 874
1349 2 2 4 49 868 781 873
1350 2 2 4 49 396 868 873
1351 2 2 4 49 865 385 872
1352 2 2 4 49 776 865 872
1353 2 2 2 50 407 884 887
1354 2 2 2 50 884 410 887
1355 2 2 2 50 884 407 885
1356 2 2 2 50 408 1 885
1357 2 2 2 50 410 884 886
1358 2 2 2 50 3 409 886
1359 2 2 2 50 884 2 886
1360 2 2 2 50 407 408 885
1361 2 2 2 50 409 410 886
1362 2 2 2 50 1 93 885
1363 2 2 2 50 94 3 886
1364 2 2 2 50 2 884 885
1365 2 2 2 50 2 94 886
1366 2 2 2 50 93 2 885
1367 2 2 2 50 410 77 887
1368 2 2 2 50 77 407 887
1369 2 2 3 51 459 74 87
1370 2 2 3 51 74 459 375
1371 2 2 3 51 512 365 79
1372 2 2 3 51 385 452 83
1373 2 2 3 51 518 87 374
1374 2 2 3 51 366 365 512
1375 2 2 3 51 367 366 513
1376 2 2 3 51 513 366 512
1377 2 2 3 51 367 514 368
1378 2 2 3 51 367 513 514
1379 2 2 3 51 514 369 368
1380 2 2 3 51 369 515 370
1381 2 2 3 51 515 369 514
1382 2 2 3 51 370 516 371
1383 2 2 3 51 515 516 370
1384 2 2 3 51 516 372 371
1385 2 2 3 51 372 517 373
1386 2 2 3 51 516 517 372
1387 2 2 3 51 373 518 374
1388 2 2 3 51 517 518 373
1389 2 2 3 51 458 376 375
1390 2 2 3 51 459 458 375
1391 2 2 3 51 458 377 376
1392 2 2 3 51 457 378 377
1393 2 2 3 51 377 458 457
1394 2 2 3 51 456 379 378
1395 2 2 3 51 378 457 456
1396 2 2 3 51 456 380 379
1397 2 2 3 51 381 380 455
1398 2 2 3 51 380 456 455
1399 2 2 3 51 382 381 454
1400 2 2 3 51 454 381 455
1401 2 2 3 51 383 382 453
1402 2 2 3 51 453 382 454
1403 2 2 3 51 384 383 453
1404 2 2 3 51 452 385 384
1405 2 2 3 51 452 384 453
1406 2 2 3 51 365 73 79
1407 2 2 3 51 87 74 374
1408 2 2 3 51 75 385 83
1409 2 2 3 52 888 525 88
1410 2 2 3 52 460 888 88
1411 2 2 3 52 519 889 80
1412 2 2 3 52 889 411 80
1413 2 2 3 52 522 514 521
1414 2 2 3 52 523 524 516
1415 2 2 3 52 515 514 522
1416 2 2 3 52 517 516 524
1417 2 2 3 52 518 888 87
1418 2 2 3 52 888 518 525
1419 2 2 3 52 888 460 87
1420 2 2 3 52 889 512 79
1421 2 2 3 52 512 889 519
1422 2 2 3 52 411 889 79
1423 2 2 3 52 524 525 518
1424 2 2 3 52 524 518 517
1425 2 2 3 52 521 514 520
1426 2 2 3 52 520 514 513
1427 2 2 3 52 513 512 519
1428 2 2 3 52 515 522 523
1429 2 2 3 52 519 520 513
1430 2 2 3 52 516 515 523
1431 2 2 3 53 912 899 970
1432 2 2 3 53 914 897 947
1433 2 2 3 53 954 422 965
1434 2 2 3 53 897 914 943
1435 2 2 3 53 912 463 936
1436 2 2 3 53 957 519 960
1437 2 2 3 53 525 958 961
1438 2 2 3 53 904 924 951
1439 2 2 3 53 915 893 937
1440 2 2 3 53 892 978 984
1441 2 2 3 53 890 916 930
1442 2 2 3 53 421 422 954
1443 2 2 3 53 520 519 957
1444 2 2 3 53 525 524 958
1445 2 2 3 53 913 902 933
1446 2 2 3 53 929 892 984
1447 2 2 3 53 911 932 955
1448 2 2 3 53 909 931 984
1449 2 2 3 53 932 899 955
1450 2 2 3 53 897 927 947
1451 2 2 3 53 902 913 949
1452 2 2 3 53 924 904 956
1453 2 2 3 53 925 897 943
1454 2 2 3 53 899 932 970
1455 2 2 3 53 924 895 951
1456 2 2 3 53 523 919 958
1457 2 2 3 53 918 521 957
1458 2 2 3 53 899 912 948
1459 2 2 3 53 463 912 970
1460 2 2 3 53 469 925 943
1461 2 2 3 53 528 921 944
1462 2 2 3 53 927 530 947
1463 2 2 3 53 467 917 938
1464 2 2 3 53 922 420 954
1465 2 2 3 53 890 920 974
1466 2 2 3 53 890 974 977
1467 2 2 3 53 916 898 953
1468 2 2 3 53 920 890 930
1469 2 2 3 53 891 924 956
1470 2 2 3 53 900 925 968
1471 2 2 3 53 921 528 939
1472 2 2 3 53 903 918 946
1473 2 2 3 53 918 892 946
1474 2 2 3 53 898 916 945
1475 2 2 3 53 915 937 977
1476 2 2 3 53 892 918 969
1477 2 2 3 53 931 909 975
1478 2 2 3 53 908 954 965
1479 2 2 3 53 927 901 973
1480 2 2 3 53 974 915 977
1481 2 2 3 53 893 915 948
1482 2 2 3 53 918 903 950
1483 2 2 3 53 919 523 940
1484 2 2 3 53 916 890 945
1485 2 2 3 53 891 926 997
1486 2 2 3 53 931 898 984
1487 2 2 3 53 917 467 963
1488 2 2 3 53 938 900 968
1489 2 2 3 53 530 531 947
1490 2 2 3 53 470 469 943
1491 2 2 3 53 920 895 955
1492 2 2 3 53 902 923 964
1493 2 2 3 53 937 907 977
1494 2 2 3 53 420 421 954
1495 2 2 3 53 928 891 997
1496 2 2 3 53 928 897 952
1497 2 2 3 53 521 918 950
1498 2 2 3 53 524 523 958
1499 2 2 3 53 521 520 957
1500 2 2 3 53 420 922 941
1501 2 2 3 53 934 414 975
1502 2 2 3 53 896 926 933
1503 2 2 3 53 895 920 951
1504 2 2 3 53 924 891 935
1505 2 2 3 53 900 924 935
1506 2 2 3 53 948 912 966
1507 2 2 3 53 900 938 959
1508 2 2 3 53 938 917 959
1509 2 2 3 53 527 528 944
1510 2 2 3 53 923 902 949
1511 2 2 3 53 921 939 962
1512 2 2 3 53 939 901 962
1513 2 2 3 53 929 898 945
1514 2 2 3 53 901 939 973
1515 2 2 3 53 893 948 966
1516 2 2 3 53 413 414 934
1517 2 2 3 53 418 923 967
1518 2 2 3 53 463 462 936
1519 2 2 3 53 528 529 939
1520 2 2 3 53 925 469 968
1521 2 2 3 53 922 902 941
1522 2 2 3 53 891 928 935
1523 2 2 3 53 901 927 976
1524 2 2 3 53 902 922 990
1525 2 2 3 53 905 957 960
1526 2 2 3 53 958 906 961
1527 2 2 3 53 468 467 938
1528 2 2 3 53 909 934 975
1529 2 2 3 53 895 924 959
1530 2 2 3 53 923 418 964
1531 2 2 3 53 925 900 952
1532 2 2 3 53 530 927 973
1533 2 2 3 53 935 928 952
1534 2 2 3 53 926 891 972
1535 2 2 3 53 893 991 992
1536 2 2 3 53 924 900 959
1537 2 2 3 53 897 925 952
1538 2 2 3 53 899 948 974
1539 2 2 3 53 937 903 946
1540 2 2 3 53 907 937 946
1541 2 2 3 53 927 897 976
1542 2 2 3 53 926 896 962
1543 2 2 3 53 894 942 953
1544 2 2 3 53 942 916 953
1545 2 2 3 53 978 909 984
1546 2 2 3 53 892 929 994
1547 2 2 3 53 519 80 960
1548 2 2 3 53 88 525 961
1549 2 2 3 53 80 412 960
1550 2 2 3 53 461 88 961
1551 2 2 3 53 905 934 978
1552 2 2 3 53 415 416 931
1553 2 2 3 53 953 898 996
1554 2 2 3 53 948 915 974
1555 2 2 3 53 969 905 978
1556 2 2 3 53 991 919 992
1557 2 2 3 53 941 902 964
1558 2 2 3 53 465 464 932
1559 2 2 3 53 897 928 976
1560 2 2 3 53 930 916 942
1561 2 2 3 53 898 929 984
1562 2 2 3 53 955 895 985
1563 2 2 3 53 920 930 951
1564 2 2 3 53 419 420 941
1565 2 2 3 53 467 466 963
1566 2 2 3 53 923 949 986
1567 2 2 3 53 523 522 940
1568 2 2 3 53 932 911 989
1569 2 2 3 53 904 930 942
1570 2 2 3 53 894 949 971
1571 2 2 3 53 81 526 965
1572 2 2 3 53 422 81 965
1573 2 2 3 53 903 940 950
1574 2 2 3 53 415 931 975
1575 2 2 3 53 931 416 981
1576 2 2 3 53 912 936 966
1577 2 2 3 53 465 932 989
1578 2 2 3 53 949 913 971
1579 2 2 3 53 895 959 985
1580 2 2 3 53 417 418 967
1581 2 2 3 53 930 904 951
1582 2 2 3 53 464 463 970
1583 2 2 3 53 913 933 972
1584 2 2 3 53 949 894 986
1585 2 2 3 53 933 902 990
1586 2 2 3 53 900 935 952
1587 2 2 3 53 89 471 980
1588 2 2 3 53 532 89 980
1589 2 2 3 53 931 981 996
1590 2 2 3 53 911 955 985
1591 2 2 3 53 959 917 985
1592 2 2 3 53 937 893 992
1593 2 2 3 53 933 926 972
1594 2 2 3 53 962 896 987
1595 2 2 3 53 955 899 974
1596 2 2 3 53 920 955 974
1597 2 2 3 53 522 521 950
1598 2 2 3 53 919 940 992
1599 2 2 3 53 940 903 992
1600 2 2 3 53 921 962 987
1601 2 2 3 53 932 464 970
1602 2 2 3 53 898 931 996
1603 2 2 3 53 412 413 979
1604 2 2 3 53 418 419 964
1605 2 2 3 53 529 530 973
1606 2 2 3 53 934 905 979
1607 2 2 3 53 469 468 968
1608 2 2 3 53 413 934 979
1609 2 2 3 53 462 461 982
1610 2 2 3 53 940 522 950
1611 2 2 3 53 934 909 978
1612 2 2 3 53 910 953 996
1613 2 2 3 53 896 933 990
1614 2 2 3 53 942 894 971
1615 2 2 3 53 414 415 975
1616 2 2 3 53 908 944 987
1617 2 2 3 53 891 956 972
1618 2 2 3 53 956 913 972
1619 2 2 3 53 416 417 981
1620 2 2 3 53 936 906 966
1621 2 2 3 53 531 532 998
1622 2 2 3 53 471 470 995
1623 2 2 3 53 526 527 993
1624 2 2 3 53 906 936 982
1625 2 2 3 53 466 465 989
1626 2 2 3 53 468 938 968
1627 2 2 3 53 981 910 996
1628 2 2 3 53 983 908 987
1629 2 2 3 53 936 462 982
1630 2 2 3 53 939 529 973
1631 2 2 3 53 962 901 997
1632 2 2 3 53 926 962 997
1633 2 2 3 53 892 969 978
1634 2 2 3 53 967 923 986
1635 2 2 3 53 910 967 986
1636 2 2 3 53 922 983 990
1637 2 2 3 53 893 966 991
1638 2 2 3 53 419 941 964
1639 2 2 3 53 918 957 969
1640 2 2 3 53 957 905 969
1641 2 2 3 53 945 890 988
1642 2 2 3 53 903 937 992
1643 2 2 3 53 904 942 971
1644 2 2 3 53 960 412 979
1645 2 2 3 53 922 954 983
1646 2 2 3 53 901 976 997
1647 2 2 3 53 976 928 997
1648 2 2 3 53 983 896 990
1649 2 2 3 53 956 904 971
1650 2 2 3 53 894 953 986
1651 2 2 3 53 953 910 986
1652 2 2 3 53 929 988 994
1653 2 2 3 53 461 961 982
1654 2 2 3 53 988 907 994
1655 2 2 3 53 944 908 993
1656 2 2 3 53 470 943 995
1657 2 2 3 53 913 956 971
1658 2 2 3 53 890 977 988
1659 2 2 3 53 947 531 998
1660 2 2 3 53 961 906 982
1661 2 2 3 53 929 945 988
1662 2 2 3 53 527 944 993
1663 2 2 3 53 917 963 985
1664 2 2 3 53 963 911 985
1665 2 2 3 53 905 960 979
1666 2 2 3 53 944 921 987
1667 2 2 3 53 954 908 983
1668 2 2 3 53 943 914 995
1669 2 2 3 53 907 946 994
1670 2 2 3 53 946 892 994
1671 2 2 3 53 967 910 981
1672 2 2 3 53 417 967 981
1673 2 2 3 53 914 947 998
1674 2 2 3 53 908 965 993
1675 2 2 3 53 906 958 991
1676 2 2 3 53 958 919 991
1677 2 2 3 53 896 983 987
1678 2 2 3 53 911 963 989
1679 2 2 3 53 963 466 989
1680 2 2 3 53 966 906 991
1681 2 2 3 53 965 526 993
1682 2 2 3 53 977 907 988
1683 2 2 3 53 914 980 995
1684 2 2 3 53 980 471 995
1685 2 2 3 53 980 914 998
1686 2 2 3 53 532 980 998
1687 2 2 3 54 533 534 527
1688 2 2 3 54 533 527 526
1689 2 2 3 54 999 539 90
1690 2 2 3 54 472 999 90
1691 2 2 3 54 533 1000 82
1692 2 2 3 54 1000 423 82
1693 2 2 3 54 529 537 530
1694 2 2 3 54 529 536 537
1695 2 2 3 54 529 528 535
1696 2 2 3 54 531 538 532
1697 2 2 3 54 532 999 89
1698 2 2 3 54 999 532 539
1699 2 2 3 54 999 472 89
1700 2 2 3 54 1000 526 81
1701 2 2 3 54 526 1000 533
1702 2 2 3 54 423 1000 81
1703 2 2 3 54 530 537 538
1704 2 2 3 54 530 538 531
1705 2 2 3 54 535 528 534
1706 2 2 3 54 534 528 527
1707 2 2 3 54 538 539 532
1708 2 2 3 54 536 529 535
1709 2 2 3 55 1046 445 1050
1710 2 2 3 55 1047 533 1051
1711 2 2 3 55 539 1048 1052
1712 2 2 3 55 451 1049 1053
1713 2 2 3 55 1020 1003 1035
1714 2 2 3 55 1021 1004 1034
1715 2 2 3 55 446 445 1046
1716 2 2 3 55 534 533 1047
1717 2 2 3 55 539 538 1048
1718 2 2 3 55 451 450 1049
1719 2 2 3 55 1022 447 1046
1720 2 2 3 55 449 1025 1049
1721 2 2 3 55 537 1024 1048
1722 2 2 3 55 1023 535 1047
1723 2 2 3 55 1016 1028 1072
1724 2 2 3 55 1017 1029 1073
1725 2 2 3 55 1002 1060 1072
1726 2 2 3 55 1005 1061 1073
1727 2 2 3 55 1003 1020 1043
1728 2 2 3 55 1004 1021 1042
1729 2 2 3 55 1026 1002 1072
1730 2 2 3 55 1027 1005 1073
1731 2 2 3 55 1006 1020 1039
1732 2 2 3 55 1007 1021 1038
1733 2 2 3 55 1022 1002 1040
1734 2 2 3 55 1023 1005 1041
1735 2 2 3 55 1009 1022 1040
1736 2 2 3 55 1008 1023 1041
1737 2 2 3 55 1002 1022 1054
1738 2 2 3 55 1005 1023 1055
1739 2 2 3 55 1020 1006 1043
1740 2 2 3 55 1021 1007 1042
1741 2 2 3 55 1022 1009 1044
1742 2 2 3 55 1023 1008 1045
1743 2 2 3 55 1024 537 1037
1744 2 2 3 55 1025 449 1036
1745 2 2 3 55 1028 1016 1064
1746 2 2 3 55 1029 1017 1065
1747 2 2 3 55 1028 1007 1072
1748 2 2 3 55 1029 1006 1073
1749 2 2 3 55 1020 1035 1058
1750 2 2 3 55 1021 1034 1059
1751 2 2 3 55 1008 1024 1037
1752 2 2 3 55 1009 1025 1036
1753 2 2 3 55 447 1022 1044
1754 2 2 3 55 535 1023 1045
1755 2 2 3 55 1024 1008 1074
1756 2 2 3 55 1025 1009 1075
1757 2 2 3 55 450 449 1049
1758 2 2 3 55 538 537 1048
1759 2 2 3 55 447 446 1046
1760 2 2 3 55 535 534 1047
1761 2 2 3 55 1015 1034 1041
1762 2 2 3 55 1014 1035 1040
1763 2 2 3 55 1034 1008 1041
1764 2 2 3 55 1035 1009 1040
1765 2 2 3 55 1031 426 1065
1766 2 2 3 55 1030 478 1064
1767 2 2 3 55 475 1033 1067
1768 2 2 3 55 429 1032 1066
1769 2 2 3 55 1026 1007 1038
1770 2 2 3 55 1027 1006 1039
1771 2 2 3 55 1010 1046 1050
1772 2 2 3 55 1011 1047 1051
1773 2 2 3 55 1048 1012 1052
1774 2 2 3 55 1049 1013 1053
1775 2 2 3 55 1003 1043 1062
1776 2 2 3 55 1004 1042 1063
1777 2 2 3 55 425 426 1031
1778 2 2 3 55 479 478 1030
1779 2 2 3 55 475 474 1033
1780 2 2 3 55 429 430 1032
1781 2 2 3 55 1017 1031 1065
1782 2 2 3 55 1016 1030 1064
1783 2 2 3 55 1033 1019 1067
1784 2 2 3 55 1032 1018 1066
1785 2 2 3 55 1035 1014 1058
1786 2 2 3 55 1034 1015 1059
1787 2 2 3 55 427 428 1029
1788 2 2 3 55 477 476 1028
1789 2 2 3 55 86 480 1050
1790 2 2 3 55 82 424 1051
1791 2 2 3 55 431 78 1053
1792 2 2 3 55 473 90 1052
1793 2 2 3 55 445 86 1050
1794 2 2 3 55 533 82 1051
1795 2 2 3 55 90 539 1052
1796 2 2 3 55 78 451 1053
1797 2 2 3 55 1060 1016 1072
1798 2 2 3 55 1061 1017 1073
1799 2 2 3 55 1010 1030 1060
1800 2 2 3 55 1011 1031 1061
1801 2 2 3 55 1033 1012 1063
1802 2 2 3 55 1032 1013 1062
1803 2 2 3 55 1054 1010 1060
1804 2 2 3 55 1055 1011 1061
1805 2 2 3 55 1012 1056 1063
1806 2 2 3 55 1013 1057 1062
1807 2 2 3 55 1002 1026 1080
1808 2 2 3 55 1005 1027 1081
1809 2 2 3 55 537 536 1037
1810 2 2 3 55 449 448 1036
1811 2 2 3 55 1009 1036 1044
1812 2 2 3 55 1008 1037 1045
1813 2 2 3 55 1007 1026 1072
1814 2 2 3 55 1006 1027 1073
1815 2 2 3 55 1043 1018 1062
1816 2 2 3 55 1042 1019 1063
1817 2 2 3 55 427 1029 1065
1818 2 2 3 55 1028 476 1067
1819 2 2 3 55 477 1028 1064
1820 2 2 3 55 1029 428 1066
1821 2 2 3 55 1001 1038 1059
1822 2 2 3 55 1001 1039 1058
1823 2 2 3 55 1038 1021 1059
1824 2 2 3 55 1039 1020 1058
1825 2 2 3 55 1029 1066 1076
1826 2 2 3 55 1028 1067 1077
1827 2 2 3 55 1008 1034 1074
1828 2 2 3 55 1009 1035 1075
1829 2 2 3 55 448 447 1044
1830 2 2 3 55 536 535 1045
1831 2 2 3 55 1007 1028 1077
1832 2 2 3 55 1006 1029 1076
1833 2 2 3 55 424 425 1069
1834 2 2 3 55 480 479 1068
1835 2 2 3 55 474 473 1070
1836 2 2 3 55 430 431 1071
1837 2 2 3 55 479 1030 1068
1838 2 2 3 55 425 1031 1069
1839 2 2 3 55 1032 430 1071
1840 2 2 3 55 1033 474 1070
1841 2 2 3 55 1030 1010 1068
1842 2 2 3 55 1031 1011 1069
1843 2 2 3 55 1013 1032 1071
1844 2 2 3 55 1012 1033 1070
1845 2 2 3 55 1037 536 1045
1846 2 2 3 55 1036 448 1044
1847 2 2 3 55 1030 1016 1060
1848 2 2 3 55 1031 1017 1061
1849 2 2 3 55 1018 1032 1062
1850 2 2 3 55 1019 1033 1063
1851 2 2 3 55 478 477 1064
1852 2 2 3 55 428 429 1066
1853 2 2 3 55 426 427 1065
1854 2 2 3 55 476 475 1067
1855 2 2 3 55 1027 1079 1081
1856 2 2 3 55 1026 1078 1080
1857 2 2 3 55 1066 1018 1076
1858 2 2 3 55 1067 1019 1077
1859 2 2 3 55 1034 1004 1074
1860 2 2 3 55 1035 1003 1075
1861 2 2 3 55 1002 1054 1060
1862 2 2 3 55 1005 1055 1061
1863 2 2 3 55 1056 1004 1063
1864 2 2 3 55 1057 1003 1062
1865 2 2 3 55 1046 1010 1054
1866 2 2 3 55 1047 1011 1055
1867 2 2 3 55 1012 1048 1056
1868 2 2 3 55 1013 1049 1057
1869 2 2 3 55 1022 1046 1054
1870 2 2 3 55 1023 1047 1055
1871 2 2 3 55 1048 1024 1056
1872 2 2 3 55 1049 1025 1057
1873 2 2 3 55 1079 1015 1081
1874 2 2 3 55 1078 1014 1080
1875 2 2 3 55 1050 480 1068
1876 2 2 3 55 1051 424 1069
1877 2 2 3 55 473 1052 1070
1878 2 2 3 55 431 1053 1071
1879 2 2 3 55 1038 1001 1078
1880 2 2 3 55 1039 1001 1079
1881 2 2 3 55 1027 1039 1079
1882 2 2 3 55 1026 1038 1078
1883 2 2 3 55 1004 1056 1074
1884 2 2 3 55 1003 1057 1075
1885 2 2 3 55 1056 1024 1074
1886 2 2 3 55 1057 1025 1075
1887 2 2 3 55 1010 1050 1068
1888 2 2 3 55 1011 1051 1069
1889 2 2 3 55 1052 1012 1070
1890 2 2 3 55 1053 1013 1071
1891 2 2 3 55 1042 1007 1077
1892 2 2 3 55 1043 1006 1076
1893 2 2 3 55 1019 1042 1077
1894 2 2 3 55 1018 1043 1076
1895 2 2 3 55 1040 1002 1080
1896 2 2 3 55 1041 1005 1081
1897 2 2 3 55 1014 1040 1080
1898 2 2 3 55 1015 1041 1081
1899 2 2 3 55 1001 1058 1078
1900 2 2 3 55 1001 1059 1079
1901 2 2 3 55 1058 1014 1078
1902 2 2 3 55 1059 1015 1079
1903 2 2 3 56 485 484 456
1904 2 2 3 56 456 484 455
1905 2 2 3 56 1082 481 84
1906 2 2 3 56 432 1082 84
1907 2 2 3 56 1083 508 91
1908 2 2 3 56 488 1083 91
1909 2 2 3 56 484 483 455
1910 2 2 3 56 454 455 483
1911 2 2 3 56 486 485 456
1912 2 2 3 56 457 486 456
1913 2 2 3 56 459 1083 488
1914 2 2 3 56 508 1083 87
1915 2 2 3 56 1083 459 87
1916 2 2 3 56 452 1082 83
1917 2 2 3 56 1082 452 481
1918 2 2 3 56 1082 432 83
1919 2 2 3 56 487 458 488
1920 2 2 3 56 488 458 459
1921 2 2 3 56 453 482 481
1922 2 2 3 56 453 481 452
1923 2 2 3 56 458 487 457
1924 2 2 3 56 483 482 453
1925 2 2 3 56 453 454 483
1926 2 2 3 56 457 487 486
1927 2 2 3 57 508 87 460
1928 2 2 3 57 88 1084 460
1929 2 2 3 57 508 1084 509
1930 2 2 3 57 509 91 508
1931 2 2 3 57 1084 88 509
1932 2 2 3 57 1084 508 460
1933 2 2 3 58 490 462 491
1934 2 2 3 58 491 462 463
1935 2 2 3 58 1085 510 92
1936 2 2 3 58 499 1085 92
1937 2 2 3 58 509 1086 91
1938 2 2 3 58 1086 489 91
1939 2 2 3 58 467 496 495
1940 2 2 3 58 492 463 464
1941 2 2 3 58 467 494 466
1942 2 2 3 58 495 494 467
1943 2 2 3 58 471 1085 499
1944 2 2 3 58 510 1085 89
1945 2 2 3 58 1085 471 89
1946 2 2 3 58 1086 461 489
1947 2 2 3 58 1086 509 88
1948 2 2 3 58 461 1086 88
1949 2 2 3 58 471 499 470
1950 2 2 3 58 498 497 470
1951 2 2 3 58 470 497 469
1952 2 2 3 58 470 499 498
1953 2 2 3 58 497 496 469
1954 2 2 3 58 469 496 468
1955 2 2 3 58 489 461 490
1956 2 2 3 58 462 490 461
1957 2 2 3 58 463 492 491
1958 2 2 3 58 468 496 467
1959 2 2 3 58 465 493 492
1960 2 2 3 58 465 492 464
1961 2 2 3 58 494 493 465
1962 2 2 3 58 494 465 466
1963 2 2 3 59 510 89 472
1964 2 2 3 59 472 90 511
1965 2 2 3 59 510 472 511
1966 2 2 3 59 510 511 92
1967 2 2 3 60 502 475 503
1968 2 2 3 60 503 475 476
1969 2 2 3 60 1087 480 86
1970 2 2 3 60 444 1087 86
1971 2 2 3 60 511 1088 92
1972 2 2 3 60 1088 500 92
1973 2 2 3 60 504 503 477
1974 2 2 3 60 503 476 477
1975 2 2 3 60 477 478 504
1976 2 2 3 60 504 478 505
1977 2 2 3 60 507 1087 85
1978 2 2 3 60 1087 507 480
1979 2 2 3 60 1087 444 85
1980 2 2 3 60 1088 473 500
1981 2 2 3 60 1088 511 90
1982 2 2 3 60 473 1088 90
1983 2 2 3 60 474 501 500
1984 2 2 3 60 474 500 473
1985 2 2 3 60 505 478 506
1986 2 2 3 60 506 478 479
1987 2 2 3 60 507 506 480
1988 2 2 3 60 506 479 480
1989 2 2 3 60 501 474 502
1990 2 2 3 60 475 502 474
1991 2 2 3 61 1117 435 1140
1992 2 2 3 61 491 1118 1141
1993 2 2 3 61 1094 1116 1200
1994 2 2 3 61 1091 1111 1144
1995 2 2 3 61 1111 1091 1148
1996 2 2 3 61 1121 1094 1129
1997 2 2 3 61 435 1117 1182
1998 2 2 3 61 1118 491 1181
1999 2 2 3 61 1116 1094 1161
2000 2 2 3 61 1116 1134 1200
2001 2 2 3 61 1152 1112 1173
2002 2 2 3 61 1130 1109 1153
2003 2 2 3 61 1108 1131 1154
2004 2 2 3 61 1102 1130 1153
2005 2 2 3 61 1131 1103 1154
2006 2 2 3 61 1095 1122 1174
2007 2 2 3 61 1123 1096 1175
2008 2 2 3 61 1122 1095 1131
2009 2 2 3 61 1096 1123 1130
2010 2 2 3 61 1089 1152 1173
2011 2 2 3 61 1134 1116 1179
2012 2 2 3 61 1094 1121 1139
2013 2 2 3 61 1149 1115 1160
2014 2 2 3 61 1124 497 1156
2015 2 2 3 61 441 1125 1157
2016 2 2 3 61 1093 1149 1160
2017 2 2 3 61 1135 1101 1144
2018 2 2 3 61 497 1124 1150
2019 2 2 3 61 1125 441 1151
2020 2 2 3 61 1135 1144 1178
2021 2 2 3 61 1095 1174 1203
2022 2 2 3 61 1175 1096 1204
2023 2 2 3 61 1103 1127 1154
2024 2 2 3 61 1126 1102 1153
2025 2 2 3 61 1134 1097 1200
2026 2 2 3 61 1129 1094 1200
2027 2 2 3 61 1122 1090 1164
2028 2 2 3 61 1090 1123 1164
2029 2 2 3 61 1147 1092 1162
2030 2 2 3 61 1090 1122 1166
2031 2 2 3 61 1123 1090 1165
2032 2 2 3 61 1102 1126 1188
2033 2 2 3 61 1127 1103 1187
2034 2 2 3 61 1137 502 1191
2035 2 2 3 61 505 1136 1192
2036 2 2 3 61 1112 1128 1173
2037 2 2 3 61 1109 1146 1153
2038 2 2 3 61 1110 1147 1162
2039 2 2 3 61 1146 1092 1153
2040 2 2 3 61 1124 1102 1150
2041 2 2 3 61 1103 1125 1151
2042 2 2 3 61 1102 1124 1205
2043 2 2 3 61 1125 1103 1206
2044 2 2 3 61 1139 1117 1168
2045 2 2 3 61 442 441 1157
2046 2 2 3 61 497 498 1156
2047 2 2 3 61 1143 483 1179
2048 2 2 3 61 486 1142 1180
2049 2 2 3 61 1094 1139 1168
2050 2 2 3 61 488 91 1158
2051 2 2 3 61 84 481 1159
2052 2 2 3 61 1101 1146 1169
2053 2 2 3 61 91 489 1158
2054 2 2 3 61 433 84 1159
2055 2 2 3 61 1150 1102 1188
2056 2 2 3 61 1103 1151 1187
2057 2 2 3 61 501 502 1137
2058 2 2 3 61 505 506 1136
2059 2 2 3 61 1136 1119 1192
2060 2 2 3 61 1120 1137 1191
2061 2 2 3 61 1099 1128 1155
2062 2 2 3 61 1145 1101 1169
2063 2 2 3 61 496 497 1150
2064 2 2 3 61 441 440 1151
2065 2 2 3 61 435 434 1140
2066 2 2 3 61 490 491 1141
2067 2 2 3 61 1154 1127 1177
2068 2 2 3 61 1126 1153 1176
2069 2 2 3 61 482 483 1143
2070 2 2 3 61 486 487 1142
2071 2 2 3 61 1128 1099 1210
2072 2 2 3 61 1142 1115 1180
2073 2 2 3 61 1116 1143 1179
2074 2 2 3 61 495 1126 1186
2075 2 2 3 61 1127 439 1185
2076 2 2 3 61 1122 1131 1166
2077 2 2 3 61 1130 1123 1165
2078 2 2 3 61 1136 1106 1203
2079 2 2 3 61 1107 1137 1204
2080 2 2 3 61 1110 1135 1173
2081 2 2 3 61 1126 495 1188
2082 2 2 3 61 439 1127 1187
2083 2 2 3 61 1106 1183 1203
2084 2 2 3 61 1184 1107 1204
2085 2 2 3 61 1135 1089 1173
2086 2 2 3 61 1174 1119 1203
2087 2 2 3 61 1120 1175 1204
2088 2 2 3 61 1128 1112 1199
2089 2 2 3 61 1101 1135 1162
2090 2 2 3 61 484 485 1134
2091 2 2 3 61 437 436 1132
2092 2 2 3 61 492 493 1133
2093 2 2 3 61 507 85 1171
2094 2 2 3 61 92 500 1172
2095 2 2 3 61 85 443 1171
2096 2 2 3 61 499 92 1172
2097 2 2 3 61 1121 1129 1152
2098 2 2 3 61 1145 1090 1166
2099 2 2 3 61 1108 1145 1166
2100 2 2 3 61 1146 1101 1162
2101 2 2 3 61 1148 1098 1170
2102 2 2 3 61 1111 1148 1170
2103 2 2 3 61 1144 1101 1163
2104 2 2 3 61 1101 1145 1163
2105 2 2 3 61 1148 1091 1177
2106 2 2 3 61 1092 1147 1176
2107 2 2 3 61 1154 1091 1163
2108 2 2 3 61 503 504 1138
2109 2 2 3 61 1147 1114 1176
2110 2 2 3 61 1113 1148 1177
2111 2 2 3 61 1108 1154 1163
2112 2 2 3 61 1130 1102 1205
2113 2 2 3 61 1103 1131 1206
2114 2 2 3 61 1131 1108 1166
2115 2 2 3 61 1109 1130 1165
2116 2 2 3 61 494 495 1186
2117 2 2 3 61 439 438 1185
2118 2 2 3 61 484 1134 1179
2119 2 2 3 61 1134 485 1180
2120 2 2 3 61 1099 1155 1212
2121 2 2 3 61 1118 1155 1167
2122 2 2 3 61 1115 1142 1160
2123 2 2 3 61 1143 1116 1161
2124 2 2 3 61 1155 1093 1167
2125 2 2 3 61 436 435 1182
2126 2 2 3 61 491 492 1181
2127 2 2 3 61 438 437 1189
2128 2 2 3 61 493 494 1190
2129 2 2 3 61 503 1138 1191
2130 2 2 3 61 1138 504 1192
2131 2 2 3 61 1104 1141 1167
2132 2 2 3 61 1140 1105 1168
2133 2 2 3 61 1149 1093 1199
2134 2 2 3 61 1185 438 1189
2135 2 2 3 61 494 1186 1190
2136 2 2 3 61 1144 1111 1178
2137 2 2 3 61 1152 1089 1193
2138 2 2 3 61 1112 1149 1199
2139 2 2 3 61 1100 1164 1175
2140 2 2 3 61 1164 1100 1174
2141 2 2 3 61 1126 1176 1186
2142 2 2 3 61 1177 1127 1185
2143 2 2 3 61 1176 1114 1186
2144 2 2 3 61 1113 1177 1185
2145 2 2 3 61 1164 1123 1175
2146 2 2 3 61 1122 1164 1174
2147 2 2 3 61 1121 1152 1193
2148 2 2 3 61 1092 1146 1162
2149 2 2 3 61 1097 1194 1200
2150 2 2 3 61 1097 1149 1194
2151 2 2 3 61 1117 1139 1211
2152 2 2 3 61 1194 1129 1200
2153 2 2 3 61 1091 1144 1163
2154 2 2 3 61 1149 1112 1194
2155 2 2 3 61 1146 1109 1169
2156 2 2 3 61 1134 1180 1207
2157 2 2 3 61 1098 1139 1170
2158 2 2 3 61 1139 1121 1170
2159 2 2 3 61 1096 1130 1205
2160 2 2 3 61 1131 1095 1206
2161 2 2 3 61 1135 1110 1162
2162 2 2 3 61 1139 1098 1211
2163 2 2 3 61 1152 1129 1194
2164 2 2 3 61 1142 1104 1160
2165 2 2 3 61 1105 1143 1161
2166 2 2 3 61 1117 1140 1168
2167 2 2 3 61 1141 1118 1167
2168 2 2 3 61 1160 1104 1167
2169 2 2 3 61 1105 1161 1168
2170 2 2 3 61 1138 1192 1215
2171 2 2 3 61 1191 1138 1216
2172 2 2 3 61 1091 1154 1177
2173 2 2 3 61 1153 1092 1176
2174 2 2 3 61 1132 436 1182
2175 2 2 3 61 492 1133 1181
2176 2 2 3 61 487 488 1201
2177 2 2 3 61 481 482 1202
2178 2 2 3 61 434 433 1197
2179 2 2 3 61 489 490 1198
2180 2 2 3 61 1089 1135 1178
2181 2 2 3 61 1145 1108 1163
2182 2 2 3 61 437 1132 1189
2183 2 2 3 61 1133 493 1190
2184 2 2 3 61 1115 1149 1207
2185 2 2 3 61 1149 1097 1207
2186 2 2 3 61 1090 1145 1169
2187 2 2 3 61 1098 1132 1211
2188 2 2 3 61 1133 1099 1212
2189 2 2 3 61 1147 1099 1209
2190 2 2 3 61 1098 1148 1208
2191 2 2 3 61 1114 1147 1209
2192 2 2 3 61 1148 1113 1208
2193 2 2 3 61 506 507 1195
2194 2 2 3 61 500 501 1196
2195 2 2 3 61 1132 1098 1208
2196 2 2 3 61 1099 1133 1209
2197 2 2 3 61 1097 1134 1207
2198 2 2 3 61 1124 1184 1205
2199 2 2 3 61 1183 1125 1206
2200 2 2 3 61 495 496 1188
2201 2 2 3 61 440 439 1187
2202 2 2 3 61 1105 1140 1197
2203 2 2 3 61 1141 1104 1198
2204 2 2 3 61 1136 506 1195
2205 2 2 3 61 501 1137 1196
2206 2 2 3 61 485 486 1180
2207 2 2 3 61 483 484 1179
2208 2 2 3 61 1106 1136 1195
2209 2 2 3 61 1137 1107 1196
2210 2 2 3 61 1104 1142 1201
2211 2 2 3 61 1143 1105 1202
2212 2 2 3 61 1173 1128 1210
2213 2 2 3 61 1110 1173 1210
2214 2 2 3 61 1099 1147 1210
2215 2 2 3 61 1147 1110 1210
2216 2 2 3 61 504 505 1192
2217 2 2 3 61 502 503 1191
2218 2 2 3 61 1119 1136 1203
2219 2 2 3 61 1137 1120 1204
2220 2 2 3 61 1155 1118 1212
2221 2 2 3 61 1140 434 1197
2222 2 2 3 61 490 1141 1198
2223 2 2 3 61 1112 1152 1194
2224 2 2 3 61 1142 487 1201
2225 2 2 3 61 482 1143 1202
2226 2 2 3 61 498 499 1213
2227 2 2 3 61 443 442 1214
2228 2 2 3 61 1124 1156 1184
2229 2 2 3 61 1157 1125 1183
2230 2 2 3 61 1113 1185 1189
2231 2 2 3 61 1186 1114 1190
2232 2 2 3 61 1183 1095 1203
2233 2 2 3 61 1096 1184 1204
2234 2 2 3 61 1100 1138 1215
2235 2 2 3 61 1138 1100 1216
2236 2 2 3 61 1165 1090 1169
2237 2 2 3 61 1109 1165 1169
2238 2 2 3 61 1184 1096 1205
2239 2 2 3 61 1095 1183 1206
2240 2 2 3 61 1093 1155 1199
2241 2 2 3 61 1155 1128 1199
2242 2 2 3 61 488 1158 1201
2243 2 2 3 61 1159 481 1202
2244 2 2 3 61 496 1150 1188
2245 2 2 3 61 1151 440 1187
2246 2 2 3 61 433 1159 1197
2247 2 2 3 61 1158 489 1198
2248 2 2 3 61 1093 1160 1167
2249 2 2 3 61 1161 1094 1168
2250 2 2 3 61 1107 1156 1213
2251 2 2 3 61 1157 1106 1214
2252 2 2 3 61 1104 1158 1198
2253 2 2 3 61 1159 1105 1197
2254 2 2 3 61 1158 1104 1201
2255 2 2 3 61 1105 1159 1202
2256 2 2 3 61 1106 1157 1183
2257 2 2 3 61 1156 1107 1184
2258 2 2 3 61 1170 1121 1193
2259 2 2 3 61 1180 1115 1207
2260 2 2 3 61 1111 1170 1193
2261 2 2 3 61 507 1171 1195
2262 2 2 3 61 1172 500 1196
2263 2 2 3 61 1106 1171 1214
2264 2 2 3 61 1172 1107 1213
2265 2 2 3 61 1120 1191 1216
2266 2 2 3 61 1192 1119 1215
2267 2 2 3 61 1156 498 1213
2268 2 2 3 61 442 1157 1214
2269 2 2 3 61 1089 1178 1193
2270 2 2 3 61 1171 1106 1195
2271 2 2 3 61 1107 1172 1196
2272 2 2 3 61 1178 1111 1193
2273 2 2 3 61 1181 1133 1212
2274 2 2 3 61 1132 1182 1211
2275 2 2 3 61 499 1172 1213
2276 2 2 3 61 1171 443 1214
2277 2 2 3 61 1174 1100 1215
2278 2 2 3 61 1100 1175 1216
2279 2 2 3 61 1119 1174 1215
2280 2 2 3 61 1175 1120 1216
2281 2 2 3 61 1113 1189 1208
2282 2 2 3 61 1190 1114 1209
2283 2 2 3 61 1189 1132 1208
2284 2 2 3 61 1133 1190 1209
2285 2 2 3 61 1182 1117 1211
2286 2 2 3 61 1118 1181 1212
$EndElements
