$MeshFormat
2.2 0 8
$EndMeshFormat
$PhysicalNames
4
2 1 "SD1G0"
2 2 "SD1D1001"
2 3 "SD2G0"
2 4 "I1-2"
$EndPhysicalNames
$Nodes
2299
1 12.7 0 0
2 9.355 8.589 0
3 0 12.7 0
4 12.94 0 3.166
5 9.629 8.84 3.166
6 0 12.861 3.166
7 14.015 0 7.564
8 10.825 9.939 7.564
9 0 13.595 7.564
10 16.595 0 13.631
11 13.56 12.449 13.631
12 0 15.419 13.631
13 20.866 0 21.126
14 17.859 16.396 21.126
15 0 18.572 21.126
16 27.129 0 30.59
17 23.932 21.972 30.59
18 0 23.373 30.59
19 35.202 0 41.89
20 31.584 28.997 41.89
21 0 29.722 41.89
22 45.494 0 55.729
23 41.215 37.84 55.729
24 0 37.947 55.729
25 57.797 0 71.89100000000001
26 52.64 48.328 71.89100000000001
27 0 47.874 71.89100000000001
28 71.76900000000001 0 89.96599999999999
29 65.568 60.198 89.96599999999999
30 0 59.222 89.96599999999999
31 87.94 0 110.589
32 80.592 73.991 110.589
33 0 72.45399999999999 110.589
34 105.634 0 132.741
35 97.248 89.283 132.741
36 0 87.08499999999999 132.741
37 124.41 0 155.625
38 115.309 105.865 155.625
39 0 102.844 155.625
40 144.189 0 178.783
41 134.856 123.81 178.783
42 0 119.77 178.783
43 163.841 0 200.521
44 154.815 142.135 200.521
45 0 136.973 200.521
46 183.306 0 220.49
47 175.024 160.689 220.49
48 0 154.423 220.49
49 201.789 0 237.739
50 194.452 178.525 237.739
51 0 171.371 237.739
52 220.042 0 252.909
53 213.646 196.147 252.909
54 0 188.453 252.909
55 237.696 0 265.642
56 231.977 212.977 265.642
57 0 205.264 265.642
58 254.35 0 275.791
59 248.841 228.459 275.791
60 0 221.343 275.791
61 270.906 0 284.033
62 265.011 243.305 284.033
63 0 237.5 284.033
64 287.008 0 290.293
65 280.04 257.103 290.293
66 0 253.339 290.293
67 303.724 0 295.059
68 294.855 270.705 295.059
69 0 269.881 295.059
70 319.956 0 298.186
71 308.497 283.229 298.186
72 0 286.011 298.186
73 335 0 300
74 320.572 294.316 300
75 0 301 300
76 0 0 300
77 0 0 0
78 0 0 -10
79 336 0 300
80 346 0 290
81 346 0 0
82 336 0 -10
83 0 302 300
84 0 312 290
85 0 312 0
86 0 302 -10
87 336 302 300
88 346 302 290
89 346 302 0
90 336 302 -10
91 336 312 290
92 336 312 0
93 11.83378108112553 4.609344248732973 0
94 5.109926942996751 11.62627281656197 0
95 12.09106315685645 4.725464480227138 3.166
96 5.225763428879802 11.82145136616963 3.166
97 13.2359023338656 5.245842487433896 7.564000000000002
98 5.757503660343136 12.70647709430541 7.564
99 15.96174112898577 6.479221160420991 13.631
100 9.404115508795998 14.52258410578309 13.631
101 4.722306574544003 15.17852943477141 13.631
102 12.18181640603379 11.18419531230158 10.57380078077039
103 15.29492187479615 0 10.57380078077064
104 20.66443275781261 5.649692551214071 21.126
105 20.03769083506932 11.26640217122493 21.126
106 12.29806631182936 18.61856834460025 21.126
107 6.150144129624329 18.64259178884426 21.126
108 15.67741091888366 14.39303835702112 17.32255497488556
109 18.69861991964494 0 17.32255497488617
110 0 16.9719650214645 17.32255497490531
111 27.07420856073165 5.652172480430381 30.59
112 26.88871338510731 11.30126525774598 30.59
113 26.1995892083188 16.89965802306472 30.59
114 18.45151649979979 24.45265802570401 30.59
115 12.29386766105901 24.35161775469408 30.59
116 6.16036582905399 23.68099298034767 30.59
117 20.86319360690392 19.15433748593714 25.80765458517021
118 23.96418286844075 0 25.80765458517057
119 0 20.94696023494508 25.80765458519481
120 35.20562107579143 7.443679909398816 41.89
121 35.1521671426264 14.88681578493357 41.89000000000001
122 34.45230026102315 22.28039704889649 41.89
123 25.88832382034742 31.78666800424365 41.88999999999999
124 19.41035042259935 32.007493645183 41.89
125 12.95237241451764 31.12008403278361 41.89000000000001
126 6.504532100730675 30.14464876262903 41.89000000000001
127 26.436838578663 24.27159370296754 34.28899058270935
128 28.9872289403833 26.61300670493893 38.05524921933237
129 31.11094339344631 0 36.1636356182266
130 0 26.50459403012264 36.16363561826837
131 45.53476000830381 7.763092337728615 55.729
132 45.63195158977234 15.52569503738052 55.729
133 45.56668698730589 23.28811055882224 55.72899999999999
134 44.40570423108777 30.94247778289673 55.729
135 35.10768219749718 41.00087546528734 55.72900000000001
136 28.10490547463522 41.79399482616677 55.729
137 21.05600056033814 40.95212615613089 55.72899999999999
138 14.08160214529769 39.61511164365478 55.72900000000001
139 7.081239009316974 38.42910152534881 55.729
140 34.71337270457437 31.87033016577211 46.38666585594483
141 37.92302016815312 34.81736707994789 50.99868031430496
142 38.5461495042566 0 46.38666585594707
143 41.97608322818126 0 50.99868031430241
144 0 35.13560615545178 50.99868031432184
145 0 32.39452523053112 46.38666585596599
146 57.85162792124679 8.258386330219851 71.89100000000001
147 57.99695835947975 16.51569070216859 71.89100000000001
148 58.11574252498052 24.77293128200937 71.89099999999999
149 57.90178334463599 33.02587805041045 71.89100000000001
150 56.25164629783481 41.1074616947764 71.89100000000001
151 46.05095198969513 51.92018648540527 71.89100000000001
152 38.44819200279987 53.3680801306169 71.89100000000001
153 30.70353204065028 52.66395406218513 71.89099999999998
154 23.0509590237681 51.27064447439449 71.89099999999999
155 15.43294987067674 49.68260953236103 71.89100000000001
156 7.761745744688856 48.38468975423687 71.89100000000001
157 44.91983024203837 41.24098552109395 60.96991609381392
158 48.72721761606843 44.73611714287315 66.35591125697138
159 49.48354286810732 0 60.96991618583683
160 53.58352536371976 0 66.3559128609639
161 0 44.47424686081332 66.3559128401798
162 0 41.1660678489681 60.96991614536338
163 71.83035404209092 8.814763962317262 89.96600000000002
164 72.00514763085752 17.62797543451689 89.96599999999999
165 72.2277678794476 26.44011348062105 89.96599999999999
166 72.26792653829297 35.25475291254797 89.96599999999999
167 71.67445787802941 44.03876132440286 89.96599999999998
168 69.65981752938987 52.61725358468864 89.96599999999999
169 58.48967391410199 64.24501198689283 89.96599999999999
170 50.28237013696668 66.31021452438374 89.96600000000001
171 41.82039283550026 65.93296923185824 89.96599999999999
172 33.43031768929878 64.67889593346713 89.96599999999999
173 25.13550943827347 62.89138236571337 89.96599999999999
174 16.84079485775451 61.10350388086827 89.96600000000001
175 8.467017684118762 59.74250403368494 89.96600000000001
176 56.84104760286122 52.18524280986716 77.7646026780412
177 61.14946685691473 56.14107020355645 83.78832467811986
178 62.33730297422539 0 77.76460265238505
179 66.99364842151277 0 83.78832466496159
180 0 55.3434794079331 83.7883246649974
181 0 51.56161509818201 77.76460265241802
182 88.0080816277852 9.47579392723245 110.589
183 88.19380990686186 18.94992560447246 110.589
184 88.44705959213175 28.4225453922358 110.589
185 88.63550358832855 37.89611078910215 110.589
186 88.60446456482418 47.37147822412871 110.589
187 87.47633284753941 56.76645424251572 110.589
188 85.23295445336726 65.9718479025115 110.589
189 72.94850111903565 78.5037820493925 110.589
190 64.04672133218661 81.04519907510034 110.589
191 54.80958206570601 81.23084352173078 110.589
192 45.61566254692742 80.0756314583826 110.589
193 36.52371935317923 78.29645832471688 110.589
194 27.47437027161186 76.29978216132784 110.589
195 18.40835845337861 74.38369473148173 110.589
196 9.250832429477683 72.97818304928032 110.589
197 70.44299223192493 64.67355696585068 96.65775750791984
198 75.449804241294 69.27013298057562 103.5304601216857
199 77.01617117815863 0 96.6577575417207
200 82.40522767339044 0 103.530462513656
201 0 67.92514540338297 103.5304624889636
202 0 63.51552380347196 96.65775796546268
203 105.7082171542925 10.15494182717996 132.741
204 105.8972043844922 20.30827365304513 132.741
205 106.1732848106159 30.45973583084941 132.741
206 106.5013444970815 40.60960578459819 132.741
207 106.6126371539059 50.76406031334764 132.741
208 106.3806638481676 60.91321042204559 132.741
209 104.8040696263887 70.93721219552053 132.741
210 102.4664530017033 80.81918711940015 132.741
211 87.93686055527364 94.5402301608099 132.741
212 77.1629572795661 97.42470571167046 132.741
213 66.03326775564456 97.6178760351093 132.741
214 54.9591454725249 96.2176273709584 132.741
215 44.00374580815892 94.08962665790227 132.741
216 33.10026641699992 91.69519581427326 132.741
217 22.17676664175237 89.39801734879819 132.741
218 11.14395862668535 87.71375903182559 132.741
219 85.99112814423522 78.94798052243306 117.7696848373618
220 91.54171248255814 84.04401412603741 125.1518020481285
221 93.67560120297031 0 117.7696848563467
222 99.5720973334397 0 125.1518020871683
223 0 82.07247180242511 125.151804139657
224 0 77.19671399835296 117.7696848808362
225 124.5056033168798 12.0252544794964 155.625
226 124.7487225075993 24.04826782338995 155.625
227 125.1070379496572 36.0685657731914 155.625
228 125.5350086931736 48.0865384291462 155.625
229 125.7297183730518 60.11046369725766 155.625
230 125.5336454600957 72.13082069343878 155.625
231 123.865060103339 84.03255355859747 155.625
232 121.3876814706776 95.79970709303882 155.625
233 105.3712573957952 111.352585961639 155.625
234 93.87767751413949 114.3302466222503 155.625
235 82.06819904434842 115.2424175071672 155.625
236 70.25411774610187 114.0646065377712 155.625
237 58.51772176471894 112.2549678772221 155.625
238 46.90291343788469 109.7733619463933 155.625
239 35.2870407890087 107.2959660390615 155.625
240 23.6269872779469 105.0411385551554 155.625
241 11.86128616741177 103.4418484191107 155.625
242 103.1152194404595 94.66975780752443 140.1749986532016
243 109.1342455454986 100.1958909603819 147.801342343347
244 111.733492161317 0 140.1749997134415
245 117.9907989421087 0 147.8013422982113
246 0 97.45626089312661 147.8013422982619
247 0 92.20440226729602 140.1749997134845
248 144.2953009408437 12.63745525776324 178.783
249 144.5374982545372 25.27285942051495 178.783
250 144.935571206445 37.90448205817462 178.783
251 145.4211595312931 50.53297492233597 178.783
252 145.7875064489037 63.16512616687437 178.783
253 146.0297805813824 75.80051997260209 178.783
254 145.514464058182 88.42210275370259 178.783
255 143.7664168839096 100.9364254631959 178.783
256 141.5298654882697 113.3745852232212 178.783
257 124.2228356782353 129.3905327470106 178.783
258 111.9593370543253 132.1722843249614 178.783
259 99.48048459383864 133.5862639779127 178.783
260 86.93497078957392 132.8236189157498 178.783
261 74.46435157646854 131.1951414955723 178.783
262 62.09009095917622 128.9598759915914 178.783
263 49.7679534349425 126.4429559919798 178.783
264 37.44482434277776 123.9302157255532 178.783
265 25.05180974921792 121.793329777807 178.783
266 12.56368556180335 120.3330865637211 178.783
267 121.6707077087927 111.7053256169379 163.1619328858762
268 128.185152108076 117.6858701887463 170.8798181572018
269 130.8472137295829 0 163.161932885873
270 137.4389769553155 0 170.8798181571968
271 0 113.9936265709316 170.8798181572512
272 0 108.3526849480493 163.1619328859107
273 163.956764869643 13.16983351289343 200.521
274 164.1955378436053 26.33783405525496 200.521
275 164.621003434483 39.50126672087808 200.521
276 165.1325592929922 52.66160001252453 200.521
277 165.6854937659486 65.82025552762427 200.521
278 166.0670263173754 78.98502116150782 200.521
279 166.2578276854344 92.1529177723837 200.521
280 165.5172606286253 105.297955513965 200.521
281 163.980114359853 118.3776315912239 200.521
282 162.0853711101898 131.4101856584896 200.521
283 143.5190071250483 147.6880228418196 200.521
284 130.5552684910909 150.0501399173196 200.521
285 117.4741505003731 151.5975413122858 200.521
286 104.3092123348703 151.3200854056535 200.521
287 91.21447268952573 149.8550894585197 200.521
288 78.16861937229756 148.0032418470494 200.521
289 65.21957512068177 145.5602242893814 200.521
290 52.2681675315507 143.1282894003805 200.521
291 39.31015058151837 140.7328753839946 200.521
292 26.27950127868377 138.7726568115413 200.521
293 13.16742639091861 137.4912705646468 200.521
294 141.3622053652802 129.7835564566741 185.8691211599008
295 148.014116862272 135.8908904003775 193.1139356356565
296 150.5951299583405 0 185.8691211599026
297 157.1447248648467 0 193.1139356356624
298 0 131.1112036866818 193.1139356357082
299 0 125.3778085525088 185.8691211599394
300 183.431234696923 13.63278111678993 220.49
301 183.6633832068855 27.26400275612653 220.49
302 184.0982230270859 40.89036498509462 220.49
303 184.6270437497332 54.51344425833064 220.49
304 185.2665176343069 68.13179306864838 220.49
305 185.7819057820796 81.75526266143864 220.49
306 186.2714689058568 95.37977931850901 220.4900000000001
307 186.349059971052 109.0113834691256 220.49
308 185.6152485303508 122.6234749139467 220.49
309 184.4377785140571 136.205646489286 220.49
310 182.8739480028859 149.7436963528089 220.49
311 163.1152313033877 166.15792671445 220.49
312 149.5400253404869 167.9763158462847 220.49
313 135.9095575623197 169.3051902872259 220.49
314 122.2215945897416 169.4249895717867 220.49
315 108.576295312394 168.2676658231288 220.49
316 94.97963917451193 166.6156062519598 220.49
317 81.4416196936908 164.5449518705827 220.49
318 67.95194059117003 162.1727848672165 220.49
319 54.4491006617572 159.8767208936788 220.49
320 40.92400168406851 157.7189111232394 220.49
321 27.33973330566122 155.9720486141297 220.49
322 13.68866783511152 154.8888894207502 220.49
323 161.4269482273594 148.2054679801289 207.054425412051
324 168.1625102332206 154.389426486574 213.7099965781178
325 173.4383017264513 0 210.366801087876
326 0 145.5767973350767 210.3668010879167
327 201.9295433085015 15.13519897200306 237.739
328 202.1956507957755 30.26852072222444 237.739
329 202.6913600739544 45.3961849386803 237.739
330 203.3028567979632 60.51965255877381 237.739
331 204.0376969600513 75.63765496891843 237.7389999999999
332 204.6743672975395 90.76003432339039 237.739
333 205.3032891822576 105.8827745510255 237.739
334 205.5480818079765 121.0155155788196 237.739
335 205.1033058840607 136.1440165675421 237.739
336 204.3012312339626 151.2584426769344 237.739
337 203.0879080459159 166.3396823460641 237.739
338 180.9794747167209 184.0104784059326 237.739
339 165.8718628630133 185.3487842321558 237.739
340 150.7345605880462 186.2826583724272 237.739
341 135.57299814344 186.2531683648517 237.739
342 120.4557279514003 185.0521151629584 237.739
343 105.3847788493358 183.3487159842638 237.739
344 90.35884504771315 181.292950953773 237.739
345 75.37601355179787 178.9369305031238 237.739
346 60.37880770287878 176.6741243084548 237.739
347 45.36009760142787 174.5622027567143 237.739
348 30.2887794589903 172.8662388966846 237.739
349 15.16020689612291 171.8207548063547 237.739
350 181.4005020720118 166.5429886224214 226.1513281984832
351 187.8759912621977 172.4878530035289 231.9005413465951
352 192.4407373778161 0 229.0148652832306
353 0 162.7991039376762 229.0148652832769
354 220.1826737606521 15.34418059867111 252.909
355 220.4230032568023 30.68698078280244 252.909
356 220.8886723874643 46.02466517431688 252.909
357 221.4809620091916 61.35804719875868 252.909
358 222.1982953790953 76.68605691453824 252.909
359 222.9278362799818 92.01351238625887 252.909
360 223.6165280740547 107.3428470178711 252.909
361 224.2353204210807 122.6750050091882 252.909
362 224.434988251717 138.017736497218 252.909
363 224.2274802721683 153.3609953025336 252.909
364 223.8170044969142 168.7002521536181 252.909
365 222.3435798375815 183.7241178926228 252.909
366 199.8160905225812 201.5396618565079 252.909
367 184.4039831653858 202.3422442252512 252.909
368 168.9805085175696 202.8797248799785 252.909
369 153.549103197171 202.9079517016447 252.909
370 138.1430035421041 202.027085819239 252.909
371 122.7817245078074 200.5434840634668 252.909
372 107.4391219341519 198.876353001916 252.909
373 92.1404501951759 196.8452178306286 252.909
374 76.84383062280646 194.7980361407523 252.909
375 61.54002107174058 192.8044571024891 252.909
376 46.20734992565169 191.0500294977409 252.909
377 30.83811962933783 189.6523515896172 252.909
378 15.42839812365657 188.8325993133394 252.909
379 203.9578819662204 187.2523445873052 245.2519847570889
380 210.8288491160014 0 245.2519847745434
381 0 179.8309120094632 245.2519882439736
382 237.8312013528233 15.46823624865269 265.6420000000001
383 238.0399503372124 30.93556387992335 265.6419999999999
384 238.4576911742582 46.39868057914229 265.642
385 239.0089203562894 61.8576649345037 265.6420000000001
386 239.6639202783307 77.31257042232173 265.642
387 240.3992900484773 92.76391529808615 265.6419999999999
388 241.0941952179766 108.2171228467495 265.642
389 241.8235375783064 123.6687450906084 265.6419999999999
390 242.3909992942759 139.1269603257903 265.6419999999999
391 242.6336469926489 154.5936523566571 265.642
392 242.679291826551 170.0623711729318 265.642
393 242.586365486812 185.530861092267 265.642
394 240.9259617133922 200.59625030562 265.6420000000001
395 217.9024820685497 218.3457420560969 265.642
396 202.2979744108985 218.7252838015967 265.642
397 186.6898088378638 218.9018602384868 265.642
398 171.0811736201688 218.8091875377347 265.6419999999999
399 155.4868973597935 218.1538506456593 265.642
400 139.924916333001 216.9457014547688 265.6420000000001
401 124.3824592424044 215.5031073800956 265.6420000000001
402 108.8565994914975 213.8948657339269 265.6419999999999
403 93.35262400489975 212.0849444193054 265.642
404 77.83806388306519 210.3682636481726 265.6419999999999
405 62.31738173874965 208.7081854593913 265.6419999999999
406 46.77170855016881 207.3029567458348 265.642
407 31.20205841797387 206.196532720563 265.642
408 15.60611171502303 205.5762799665964 265.642
409 222.7414275478947 204.4976653009148 259.2268265761466
410 228.8015154618341 0 259.2268265761603
411 0 196.7942379307538 259.2268265761875
412 254.4825499414801 16.59167886687088 275.7910000000001
413 254.6880855988712 33.18253097273894 275.7909999999999
414 255.0977802348671 49.76962077391258 275.7909999999999
415 255.6406108460492 66.35292746772697 275.791
416 256.2896814181499 82.93239533151164 275.791
417 257.0221002064227 99.50843588853695 275.791
418 257.7387627446897 116.0851607751385 275.791
419 258.4949958661259 132.6601308107499 275.7909999999999
420 259.1309719864748 149.2400404824068 275.791
421 259.5341030177743 165.8272694128343 275.791
422 259.8098465227766 182.417170545916 275.791
423 259.9668840972458 199.0085835321559 275.791
424 258.4446336612385 215.2064514607861 275.791
425 233.6151377937101 233.8931645433259 275.7909999999999
426 216.8952378860926 233.967062508405 275.791
427 200.1754725642286 233.8453077311845 275.791
428 183.4583701319363 233.5279309451737 275.791
429 166.7539778982219 232.8147851843665 275.7910000000001
430 150.0734512208456 231.6666977014515 275.791
431 133.4068920176422 230.3276526648126 275.7910000000001
432 116.7501306927429 228.8739142492773 275.791
433 100.1071496772808 227.2681440636378 275.791
434 83.45560762678323 225.7539076746793 275.791
435 66.79804483423239 224.307791866889 275.7909999999999
436 50.12225767635419 223.091097650398 275.791
437 33.42929776522826 222.1403426360436 275.7910000000001
438 16.71810016929135 221.6108417563368 275.7909999999999
439 240.3588106347737 220.6719236389686 270.6862953114515
440 245.9734356209262 0 270.6862953114435
441 0 213.2556468926375 270.6862953114857
442 271.0200327742807 16.49112548926682 284.033
443 271.1804163887351 32.98182518995214 284.0330000000001
444 271.506717759164 49.4700681517765 284.0330000000001
445 271.9515651189861 65.95556901171354 284.033
446 272.4816335484169 82.43855173230841 284.033
447 273.1015277903136 98.91841349097376 284.033
448 273.7419026572442 115.3975005280364 284.033
449 274.4047560251504 131.8756853874371 284.033
450 275.0700568149762 148.3537751524207 284.033
451 275.6210629879996 164.8360280895673 284.033
452 276.0650343249083 181.3215720254193 284.033
453 276.4506317396551 197.8085786506459 284.033
454 276.7291898954859 214.2976789033916 284.033
455 274.8537186074269 230.3277514326704 284.033
456 249.8135897428906 248.8437918194424 284.033
457 233.1381558272092 248.7457169852716 284.033
458 216.4646818888076 248.4543155323331 284.033
459 199.7936738720717 248.045678943156 284.033
460 183.1283782826156 247.4520582066046 284.0330000000001
461 166.4761466272276 246.5643646463378 284.033
462 149.835101978553 245.4848535016272 284.033
463 133.1965872389453 244.3668078010795 284.033
464 116.5667646106138 243.1262884831715 284.0330000000001
465 99.93703370855957 241.8845971869212 284.033
466 83.30184460274862 240.7179079948003 284.033
467 66.66059972721639 239.642051592538 284.033
468 50.00839116754037 238.7519275299595 284.033
469 33.34652590090413 238.0679126883413 284.033
470 16.67480248646782 237.7028876011051 284.033
471 256.8789952780123 235.8388440258114 279.8880412542596
472 262.5798732110549 0 279.8880412542592
473 0 229.3745330678612 279.8880412542744
474 287.1038064532035 17.42532960338249 290.293
475 287.2384320113559 34.85037548240642 290.2930000000001
476 287.5130522933578 52.27377214537735 290.293
477 287.8886960153104 69.69530280920875 290.293
478 288.3388954186835 87.11506845561391 290.293
479 288.8656317509437 104.5326947395121 290.293
480 289.4197318447186 121.9494794850389 290.2930000000001
481 289.999704083462 139.365413675836 290.2929999999999
482 290.5910743010522 156.780970341729 290.293
483 291.1128017017301 174.1987301276787 290.2929999999999
484 291.5884982533343 191.617835205054 290.293
485 292.0339257824056 209.0377334884808 290.293
486 292.3783421839188 226.4598521826311 290.293
487 290.4656772012875 243.4175532943957 290.293
488 263.9221626571093 262.8206182186746 290.293
489 246.315156548588 262.6316889577451 290.293
490 228.7110557503624 262.2428604594452 290.293
491 211.1090589604037 261.7678722697532 290.293
492 193.5101552481519 261.1907879579403 290.2929999999999
493 175.918341338239 260.4279890180472 290.2930000000001
494 158.3323554718561 259.5397013835431 290.293
495 140.7473164503614 258.632763780578 290.2929999999999
496 123.1662545979959 257.6517712703958 290.293
497 105.5844099590145 256.6851237605335 290.2930000000001
498 87.9991557819354 255.7823083304881 290.2930000000001
499 70.40995348331349 254.9608078603548 290.293
500 52.81459645301558 254.2838320112516 290.293
501 35.21383865096076 253.7674073982451 290.293
502 17.60773089606237 253.4934374086463 290.2930000000001
503 272.5040306078918 250.184289129529 287.1540573960611
504 303.7892359716203 17.19936520250894 295.0590000000001
505 303.8727624035783 34.3986434994745 295.059
506 304.0436863887476 51.59726645423137 295.059
507 304.2840022358969 68.79506983758144 295.0590000000001
508 304.5751041165772 85.99209266765124 295.0590000000001
509 304.9174419593614 103.1881696862482 295.059
510 305.2946162035327 120.3835232215327 295.059
511 305.6847924615695 137.5785868384335 295.059
512 306.1021537948184 154.7730124660748 295.059
513 306.5122546463055 171.9676111737989 295.059
514 306.8903221226894 189.1629440872765 295.059
515 307.2846758496994 206.357915693714 295.059
516 307.6567099503716 223.553378430384 295.059
517 307.9174900941748 240.7507852027636 295.059
518 305.4345232690765 257.384809253145 295.059
519 278.9460659154361 276.666842749986 295.0590000000001
520 261.5068284206438 276.5462984203137 295.059
521 244.0699458667032 276.2069831444508 295.0590000000001
522 226.6343789960658 275.8049935741043 295.0590000000001
523 209.1995194136844 275.3732907830187 295.0590000000001
524 191.7664906105391 274.8739923503589 295.059
525 174.3358566713608 274.2965900335876 295.059
526 156.9058717835598 273.6997203299838 295.059
527 139.4764425951745 273.0869725846705 295.0590000000001
528 122.047666545463 272.455787446747 295.059
529 104.617455264395 271.8657261497767 295.059
530 87.18608369011503 271.3109634615845 295.059
531 69.75265343677718 270.8257307966842 295.0590000000001
532 52.31704669469921 270.4261877688941 295.059
533 34.87943067620297 270.1276233821662 295.059
534 17.43993975719352 269.9759052078756 295.059
535 287.4265754483675 263.8847886769285 292.6692685512602
536 319.9900752140429 17.99442723341102 298.1859999999999
537 320.0332627520047 35.98883312314403 298.186
538 320.1212670714771 53.98307316574094 298.1859999999999
539 320.2452294644361 71.97710359389004 298.1859999999999
540 320.3965987274035 89.97092588154911 298.186
541 320.5751190861313 107.9644982806183 298.186
542 320.7736244003136 125.9578628604042 298.1859999999999
543 320.9814822306344 143.9511220916191 298.186
544 321.2043901687347 161.9442006802196 298.186
545 321.4278105715218 179.9372739517388 298.186
546 321.6450124202009 197.9304198596086 298.1859999999999
547 321.9029604103446 215.9230322435193 298.186
548 322.1483207892736 233.9158159785966 298.1859999999999
549 322.2826124249984 251.9096672111629 298.186
550 319.5944899091214 269.3117033605773 298.186
551 292.8654604481595 289.4757084434073 298.186
552 275.6373131667164 289.5209426907803 298.186
553 258.4095436770001 289.324556738852 298.186
554 241.1824624474429 289.0737965641225 298.186
555 223.9554637481408 288.8173255166 298.186
556 206.7283033532197 288.5722757072229 298.1859999999999
557 189.5016037316442 288.2966779898495 298.186
558 172.2751306793069 288.0071863688344 298.186
559 155.0486051969194 287.7207928868797 298.186
560 137.8222417726655 287.4248162793484 298.186
561 120.5957287800726 287.1377708386873 298.186
562 103.3688726709421 286.8720304237392 298.1859999999999
563 86.14172257388327 286.6262100869111 298.186
564 68.91410290289986 286.4159473158139 298.186
565 51.68607013522927 286.2429350240411 298.186
566 34.45763672799784 286.1163268544366 298.1859999999999
567 17.22885082059781 286.0540294526803 298.186
568 301.6569474615831 276.9495088703171 296.6181328040148
569 335 17.59951942251771 300
570 335 35.19903864825582 299.9999999999999
571 335 52.79855831810491 300
572 335 70.39807745537702 300.0000000000001
573 335.0000000000001 87.99759669397417 300
574 335.0000000000001 105.5971163827593 300
575 335 123.1966353247977 300
576 334.9999999999999 140.7961548415561 299.9999999999999
577 335 158.395674296585 300
578 335 175.9951932679868 300
579 335.0000000000001 193.5947124969442 300.0000000000001
580 335.0217486949948 211.1942078016086 299.9999999999999
581 335.0850732556364 228.7936153532297 300.0000000000001
582 335.1266454784089 246.3930809738401 300
583 335.0374669328803 263.992208140208 299.9999999999999
584 331.6772111522632 280.8680960288001 300
585 304.3480173943989 300.8842456952424 300
586 286.4473270324818 301.1203724719463 300
587 268.5443785467419 301.1084302666048 300
588 250.6415068261921 301.0486508168911 300
589 232.7386035804436 301.0011622798968 300
590 214.8356331792409 301 300.0000000000001
591 196.9326640477229 301 300
592 179.0296949122784 300.9999999999999 300
593 161.1267247839391 301.0000000000001 300
594 143.2237555043795 301.0000000000001 300
595 125.3207861258318 301 300.0000000000001
596 107.4178166021807 301 300
597 89.51484660412682 301.0000000000001 300
598 71.61187670453272 301 300
599 53.70890797748672 301.0000000000001 300
600 35.80593771807782 301.0000000000001 300
601 17.90296921064022 300.9999999999999 299.9999999999999
602 317.3684210526707 0 300
603 299.7368421053415 0 300
604 282.1052631580122 0 300
605 264.4736842106829 0 300
606 246.8421052633537 0 300
607 229.2105263160244 0 300
608 211.5789473686952 0 300
609 193.947368421366 0 300
610 176.3157894740368 0 300
611 158.6842105266327 0 300
612 141.0526315791537 0 300
613 123.4210526316748 0 300
614 105.7894736841959 0 300
615 88.15789473671688 0 300
616 70.52631578931693 0 300
617 52.89473684198771 0 300
618 35.26315789465843 0 300
619 17.63157894732922 0 300
620 0 17.70588235288219 300
621 0 35.41176470577219 300
622 0 53.11764705864236 300
623 0 70.82352941150724 300
624 0 88.5294117643721 300
625 0 106.235294117237 300
626 0 123.9411764701019 300
627 0 141.6470588230304 300
628 0 159.3529411759789 300
629 0 177.0588235289274 300
630 0 194.7647058818759 300
631 0 212.4705882348244 300
632 0 230.176470587773 300
633 0 247.8823529407215 300
634 0 265.5882352937686 300
635 0 283.2941176468842 300
636 4.233333333322931 0 0
637 8.46666666665539 0 0
638 0 8.466666666676733 0
639 0 4.233333333344325 0
640 343.0710678217876 0 297.0710678019434
641 346 0 265.8333333334231
642 346 0 241.6666666668461
643 346 0 217.5000000002692
644 346 0 193.3333333336923
645 346 0 169.1666666671154
646 346 0 145.0000000005329
647 346 0 120.8333333337247
648 346 0 96.66666666691091
649 346 0 72.50000000009715
650 346 0 48.33333333328335
651 346 0 24.16666666657693
652 343.0710677915254 0 -7.071067832205529
653 311.9999999999754 0 -10
654 287.9999999999508 0 -10
655 263.9999999999263 0 -10
656 239.9999999999017 0 -10
657 215.9999999998771 0 -10
658 191.9999999999937 0 -10
659 168.0000000001666 0 -10
660 144.0000000001475 0 -10
661 120.0000000001229 0 -10
662 96.00000000009834 0 -10
663 72.00000000007378 0 -10
664 48.00000000004917 0 -10
665 24.00000000002461 0 -10
666 0 309.0710678217876 297.0710678019434
667 0 312 265.8333333334231
668 0 312 241.6666666668461
669 0 312 217.5000000002692
670 0 312 193.3333333336923
671 0 312 169.1666666671154
672 0 312 145.0000000005329
673 0 312 120.8333333337247
674 0 312 96.66666666691091
675 0 312 72.50000000009715
676 0 312 48.33333333328335
677 0 312 24.16666666657693
678 0 309.0710677915254 -7.071067832205529
679 0 278.7692307692308 -10
680 0 255.5384615384615 -10
681 0 232.3076923076923 -10
682 0 209.0769230769231 -10
683 0 185.8461538461539 -10
684 0 162.6153846153846 -10
685 0 139.3846153846154 -10
686 0 116.1538461538462 -10
687 0 92.92307692307693 -10
688 0 69.69230769230771 -10
689 0 46.46153846153851 -10
690 0 23.23076923076923 -10
691 23.999999999966 302 300
692 47.9999999999358 302 300
693 71.99999999989627 302 300
694 95.99999999985675 302 300
695 119.9999999998172 302 300
696 143.9999999997071 302 300
697 167.9999999995717 302 300
698 191.9999999996281 302 300
699 215.9999999996901 302 300
700 239.999999999752 302 300
701 263.9999999998141 302 300
702 287.999999999876 302 300
703 311.999999999938 302 300
704 343.0710678217876 302 297.0710678019434
705 346 302 265.8333333334231
706 346 302 241.6666666668461
707 346 302 217.5000000002692
708 346 302 193.3333333336923
709 346 302 169.1666666671154
710 346 302 145.0000000005329
711 346 302 120.8333333337247
712 346 302 96.66666666691091
713 346 302 72.50000000009715
714 346 302 48.33333333328335
715 346 302 24.16666666657693
716 343.0710677915254 302 -7.071067832205529
717 311.9999999999754 302 -10
718 287.9999999999508 302 -10
719 263.9999999999263 302 -10
720 239.9999999999017 302 -10
721 215.9999999998771 302 -10
722 191.9999999999937 302 -10
723 168.0000000001666 302 -10
724 144.0000000001475 302 -10
725 120.0000000001229 302 -10
726 96.00000000009834 302 -10
727 72.00000000007378 302 -10
728 48.00000000004917 302 -10
729 24.00000000002461 302 -10
730 23.999999999966 312 290
731 47.9999999999358 312 290
732 71.99999999989627 312 290
733 95.99999999985675 312 290
734 119.9999999998172 312 290
735 143.9999999997071 312 290
736 167.9999999995717 312 290
737 191.9999999996281 312 290
738 215.9999999996901 312 290
739 239.999999999752 312 290
740 263.9999999998141 312 290
741 287.999999999876 312 290
742 311.999999999938 312 290
743 336 312 265.8333333334231
744 336 312 241.6666666668461
745 336 312 217.5000000002692
746 336 312 193.3333333336923
747 336 312 169.1666666671154
748 336 312 145.0000000005329
749 336 312 120.8333333337247
750 336 312 96.66666666691091
751 336 312 72.50000000009715
752 336 312 48.33333333328335
753 336 312 24.16666666657693
754 311.9999999999754 312 0
755 287.9999999999508 312 0
756 263.9999999999263 312 0
757 239.9999999999017 312 0
758 215.9999999998771 312 0
759 191.9999999999937 312 0
760 168.0000000001666 312 0
761 144.0000000001475 312 0
762 120.0000000001229 312 0
763 96.00000000009834 312 0
764 72.00000000007378 312 0
765 48.00000000004917 312 0
766 24.00000000002461 312 0
767 336 309.0710678217876 297.0710678019434
768 343.0710678019434 309.0710678217876 290
769 343.0710678019434 309.0710678217876 0
770 336 309.07106781737 -7.071067806360912
771 336 23.23076923074925 300
772 336 46.46153846148346 300
773 336 69.69230769218349 300
774 336 92.92307692288355 300
775 336 116.1538461535836 300
776 336 139.3846153843345 300
777 336 162.6153846151438 300
778 336 185.8461538459532 300
779 336 209.0769230767626 300
780 336 232.307692307572 300
781 336 255.5384615383813 300
782 336 278.7692307691906 300
783 346 23.23076923074925 290
784 346 46.46153846148346 290
785 346 69.69230769218349 290
786 346 92.92307692288355 290
787 346 116.1538461535836 290
788 346 139.3846153843345 290
789 346 162.6153846151438 290
790 346 185.8461538459532 290
791 346 209.0769230767626 290
792 346 232.307692307572 290
793 346 255.5384615383813 290
794 346 278.7692307691906 290
795 346 23.23076923074925 0
796 346 46.46153846148346 0
797 346 69.69230769218349 0
798 346 92.92307692288355 0
799 346 116.1538461535836 0
800 346 139.3846153843345 0
801 346 162.6153846151438 0
802 346 185.8461538459532 0
803 346 209.0769230767626 0
804 346 232.307692307572 0
805 346 255.5384615383813 0
806 346 278.7692307691906 0
807 336 23.23076923074925 -10
808 336 46.46153846148346 -10
809 336 69.69230769218349 -10
810 336 92.92307692288355 -10
811 336 116.1538461535836 -10
812 336 139.3846153843345 -10
813 336 162.6153846151438 -10
814 336 185.8461538459532 -10
815 336 209.0769230767626 -10
816 336 232.307692307572 -10
817 336 255.5384615383813 -10
818 336 278.7692307691906 -10
819 11.25446441402495 8.000970935393372 5.376876754181486
820 15.04586805304888 3.405804671022195 10.5604215986105
821 13.89510656856028 8.139064537797712 10.55169197651477
822 2.191069558794191 14.41863776312969 10.5975
823 9.973927299637918 12.580517251586 10.35413788940359
824 18.54840122756296 3.67962651965133 17.29960175112615
825 17.66719200956912 9.556084888699464 17.12970549116578
826 3.251821925163931 16.97114236761757 17.40973724678211
827 7.951164732052112 16.790957404473 17.34485980273176
828 11.956844473223 16.14184518417841 17.0182321890925
829 24.9567260287624 3.479945187735059 27.36144879885871
830 22.37053246378758 3.003129091918755 23.46682729258528
831 23.6502756831364 7.895699191052582 25.66417531643409
832 23.00365110976414 13.88899272746302 25.64762899995994
833 16.04798583689736 21.66776080530984 26.16061198893133
834 9.827223528203435 21.50327256582505 25.9458396049241
835 3.842469836023936 21.06827668892714 25.87507760231699
836 30.0271744673368 15.34395357167268 35.06532192814399
837 27.79638525483154 19.90579309422429 33.41942629065345
838 31.291859914334 20.52717631555963 37.65402717333954
839 31.14523870098941 4.006259728580434 36.22696330433799
840 30.94541243185343 9.67231993858061 36.0236063575023
841 3.917079525772825 26.69394900669169 36.23608907014261
842 26.43995610864889 28.11276520895558 37.89889796317139
843 22.73211486526844 26.15104623259532 34.09318284389349
844 22.74347341970823 29.61538532407967 38.27694867659427
845 15.13237443953794 28.07280535617128 36.1851142314107
846 9.57891856669926 27.31516234931217 36.19137893529209
847 19.35804500135611 28.24801402180344 36.04670488627015
848 42.32283425529 4.20868927189186 51.45081189786176
849 39.04105574040607 3.943273487031694 47.04435412115868
850 40.36853486282158 10.85124008879743 48.77387684381039
851 40.3425624229078 19.10145631092758 48.80053117606073
852 37.02226902936121 25.75081891599259 45.82584060866515
853 40.69413040966249 27.57239062213765 50.52658945510377
854 32.29504605332005 37.30832194285999 50.5012275637514
855 27.01837420577542 36.64086191740092 48.29172579474509
856 15.51385631676419 33.97022086038898 45.87806175915769
857 11.76517371295991 35.80513844966527 50.04721758351663
858 18.05189141001015 37.2235945069691 50.48942999162045
859 22.59744986729277 35.04509171010184 46.12376651819724
860 23.45536900110007 38.57605188152343 51.44713412946195
861 3.595868732996231 32.35829515226293 46.09429654896135
862 5.314130495538292 35.2447297068504 50.70793759444265
863 8.963127154929552 32.57418331560159 45.40828274800347
864 30.2873752710648 33.56104207386225 45.54345932587643
865 48.52268670375233 25.56280944099729 59.58123302323058
866 50.16321920200929 30.14025361510261 62.11485083695734
867 52.51046259726872 24.75455580918944 64.66039268592817
868 54.50221322077024 29.54224948243963 67.35234941523058
869 49.4968929946443 4.720125904008007 60.96277829784228
870 49.53709749924231 11.73909356178997 60.90699373906624
871 53.70154722545257 6.465663433815422 66.46718481914789
872 49.26148363368569 18.66819054367931 60.41296355551275
873 52.95154153517905 34.56889512347512 66.35156161333353
874 47.15670042458863 35.54453560753206 60.15991836611301
875 54.34554527124615 19.67853416134581 67.02045167605623
876 53.79023572845996 13.48444738130889 66.44539383593438
877 50.08224081540497 39.32385421704691 64.54487728325482
878 26.28282442319814 48.56286675120407 66.44727975499968
879 33.92282419948386 50.37843091937765 67.83670850489086
880 34.43277241342197 47.05091945230647 63.02854178746329
881 29.68083985008204 44.98491051441026 60.29969450052091
882 23.58669324334572 44.2531230881437 60.30598607330704
883 18.2290273854913 45.55994641013345 64.13732724825708
884 5.127233156066536 46.18382295098387 68.74654088176104
885 11.93875454534586 46.76095878791639 68.16430083155566
886 6.815592939230282 44.06303687705662 65.00620612282023
887 11.46328355649806 42.55627116166083 61.38837411828916
888 4.510291795747796 41.3505896044832 60.94432995091729
889 19.22399542577906 48.33416549731795 68.35819943039648
890 41.08201408422094 48.75500788286499 66.56527355499526
891 45.26300735449906 44.98689683875254 64.07461016197628
892 17.46582028461596 42.6483272643034 59.62305898175492
893 39.74663743749024 43.68670214591334 60.44500349107423
894 67.43425492334985 11.88602985156156 84.21257999831364
895 68.2023599479504 5.261976922234958 85.31374681634
896 63.09770519042024 5.550740930830973 78.70959385904726
897 61.5116619403622 27.03102665808833 76.23681334306949
898 62.57891505986229 32.31785619006163 77.63796055620381
899 66.15247931888698 26.25217426175866 82.15439399829066
900 66.61701747043439 47.47229663891052 85.12710374177946
901 61.90654128734064 47.7394657283119 80.04601461427431
902 67.26328126308074 19.20240032932596 83.79322119210845
903 58.06341380528831 45.95981447974142 75.32297568798199
904 62.66172736218205 13.64872880722089 77.9893681748789
905 62.40222077149944 19.99633532415731 77.47992707603755
906 65.74598004941816 34.97853257519824 81.71569903946153
907 69.082630064143 31.8583858007249 85.90378579616127
908 68.96804197789419 39.166763605573 86.00692151226161
909 61.22548718618921 39.46701616554802 76.97489499785615
910 64.80927173078848 41.61541877084888 81.55572090185549
911 42.98862055535334 61.01831916049749 82.53563977297603
912 48.55863894690539 62.13225276159363 84.39626006880295
913 36.96488024469335 60.70818692242902 82.94536847958706
914 24.48199861636256 58.36116779179791 82.86742798550199
915 27.21960113700969 55.37972913468629 77.08585761120776
916 19.37435453018742 54.75846609633997 78.7779108638136
917 6.901246099020764 54.69326399959552 82.1565091404901
918 11.36250163808137 52.75456751093564 78.06251928799307
919 4.447674872314385 51.750956844163 77.75716666900327
920 54.24831753864963 57.14215992383444 80.68987179628384
921 55.21618947646324 61.4067785814856 85.64812418648559
922 5.545941268434609 57.29661829029953 86.4889526903132
923 12.56706243163561 57.23331136265444 84.96203357331069
924 19.61428112879638 58.79417983279932 85.26356554150394
925 51.63990911154691 53.53709929991852 75.81230793142383
926 47.36429367413444 57.25202785488928 78.2965708348449
927 33.49585332483352 55.98020016461327 76.40975
928 30.35297811894355 59.76205809014451 83.08613978108909
929 40.91672532118666 57.11098204534217 77.08673829572088
930 76.72899468865761 15.47595440918955 96.0583526043383
931 80.48462907428495 13.50581939919962 100.9085224531024
932 77.41217583364659 6.542622438722804 97.11115956924726
933 83.36279818761753 7.714074618363455 104.6868717846587
934 84.27665896077981 15.59484692841531 105.6911843348457
935 79.63844949252724 40.49767055320519 99.25071107814068
936 79.51141716000031 47.49231670401774 99.63482594871851
937 83.98750625729076 47.73022679846459 104.9775868558074
938 80.90829232593806 54.36270285637946 102.6963144868377
939 81.49085085965466 61.43882488642611 105.2556560022165
940 76.52312065354124 61.08028359259744 99.80102847958813
941 75.62565447174396 46.39455622050615 94.94809303028953
942 75.74688799799725 53.86005825096675 96.90131383844592
943 71.69041114726228 59.15831500550121 94.35865774452512
944 80.50229586529419 31.45491975112306 100.3595043066546
945 76.16258819701864 32.40551114959043 94.87465223998795
946 84.39882442404176 39.35807538968466 105.2372358802037
947 81.1860401195907 21.99634092717077 101.5504488592678
948 84.78882046382785 30.8912313462164 105.8233947763587
949 76.61731549312685 23.84639165888745 95.658066124817
950 75.19615685289108 39.91848548596322 93.71177884739413
951 85.38636139722072 23.86614725670868 106.8524524411183
952 25.71961426327377 67.93356124099046 97.81446654472384
953 33.16010871081373 69.89390886375116 98.34908913234187
954 13.01730579807508 63.90015937971363 95.48598081211109
955 38.71355382218635 69.19517873157707 95.53306575779312
956 5.363269486809919 63.5091158841808 96.27020806094708
957 9.115013070280003 67.19669524964014 101.5461745638339
958 6.178344034721094 70.15182451447498 106.5567057578784
959 68.71863150685724 74.94181026058163 105.2069484073581
960 61.50656012324023 75.77437636062895 103.7387312184735
961 54.73986598072307 75.21740182544633 102.0545761526068
962 48.75404398010911 76.82741390915734 105.0310811496042
963 30.20291720302043 73.07021275949567 104.4738982903044
964 22.15010280028854 71.69437936581633 105.1140014087633
965 16.75080822535016 67.59639911622911 100.3029444699665
966 19.98156667092496 64.87118939007469 94.94580921754986
967 67.55467961996646 70.26968544640187 99.8140678383036
968 59.99866484738 70.35679739166282 97.13858640268145
969 36.97496208258596 73.42584839915254 102.653075573119
970 42.83480425538809 72.44405973913578 99.59924285020406
971 41.67023288775126 76.2244352470404 105.6257399789191
972 46.15230895642547 69.48096505448473 94.52523217921306
973 49.38384690800688 73.14043991955529 99.45613737130023
974 13.55106046085427 70.63700989694881 105.9949852499052
975 53.21041958103871 70.33058155602561 95.46543565158574
976 64.70644036470654 65.84297282195971 94.05248179032783
977 93.02588391868919 16.7942503627051 116.7128571896702
978 97.47772381792684 14.74171288533579 122.3489647960468
979 94.14754668252054 7.193609418783751 118.3002323414421
980 100.67436039249 8.359491356901245 126.4592769138735
981 93.05471816889433 52.19386860085271 116.2145264432692
982 91.6219007122607 59.75707579246434 115.799881286994
983 97.15844435454626 55.15196708922399 121.3262659230106
984 95.97040061528826 61.72272367813656 121.0076193308518
985 98.42124236191493 73.91576993906872 126.6371968025525
986 92.05370753440904 75.89096414905279 120.7662962353177
987 101.6060915371576 16.72032685974772 127.4705974578436
988 98.20344098670377 24.06593942642304 122.9681430817786
989 93.25827886377721 26.4823450703438 116.6964884662213
990 97.01931255369875 44.8752748073741 120.9209049173479
991 101.7178374048849 53.09557948427662 126.7104369419043
992 91.25615636007458 67.54324426063394 117.3567701617897
993 87.43370056629345 72.73146738314183 115.3220629426306
994 97.61650331078647 34.65118519430172 121.8323281234607
995 102.0705038005924 33.52624250064274 127.4641098150728
996 93.01460988378687 35.58203015027055 116.0487480897671
997 101.9358156624836 43.29149197193932 127.0223738132714
998 95.82085313241791 68.8315473459742 122.5454910498324
999 100.3805558249811 63.54312283922275 126.2668347838898
1000 91.9537199944308 42.8472022020716 114.6655865872705
1001 102.8363409526601 25.5809587060063 128.7239251286999
1002 73.96619193220269 92.65162897244917 126.4195564512448
1003 80.83811162417577 86.31542165773664 121.5905702403001
1004 70.87791734113104 85.86120680522902 117.8345894376321
1005 38.210742925666 83.5821449903366 118.2938288665493
1006 39.29403188452099 88.71227854863596 125.9664995164778
1007 45.03895952929308 87.13272649560717 121.5145513343029
1008 77.26296024030867 82.10353726982956 115.9071220166988
1009 52.33159517411347 86.6369908168725 118.9953047472658
1010 47.18137798015401 83.70324949682586 115.6843766984538
1011 48.63209124417513 90.95551296634221 126.3385201697395
1012 30.35584741484312 81.43164568013283 117.6194961477975
1013 28.35937789677462 85.69201705359379 125.0009587215039
1014 9.781120496184979 82.23622109865546 124.6056391839777
1015 82.93623367973156 91.16348911809273 127.4349116104424
1016 20.76953595506273 80.13522823911975 118.8091920738963
1017 18.79961360840385 84.32218079437241 125.8392938130868
1018 5.484161868064599 77.37392394372019 117.6676637430101
1019 12.57871755135928 77.76967712146754 117.2843345444239
1020 60.36177119984785 86.52307103724496 117.5409236291107
1021 55.96917213080535 90.50261914515283 124.0122320693806
1022 63.90390668632062 92.16407518919512 125.1910233763025
1023 118.3161084311616 31.17285432016993 147.5201776084481
1024 118.62824943575 41.09668598868342 147.4869819981773
1025 111.5851872572015 65.65883256583516 139.1288385793636
1026 110.1024967684409 75.97361207242068 139.4093902318799
1027 118.2579236229743 69.71496612331164 147.1096393180795
1028 119.9597506343435 79.06646757363465 150.479954054591
1029 114.4801376010684 80.5816451097394 145.0092335664528
1030 118.6122301523636 58.35136714400182 147.0814004287233
1031 115.8470933156099 10.88330732099151 145.0876203197766
1032 117.3040418185233 20.92344665056382 146.6414248775823
1033 120.723393392492 11.44250506971844 151.0231832848288
1034 108.4378803139373 87.79373202929872 140.5279926750784
1035 111.2317762045979 16.20358139897433 139.3662651731203
1036 112.3111266059178 35.21279087636118 140.0375638906443
1037 111.4901051456806 55.21673608671834 138.5580532716672
1038 111.2915141948405 6.518450225685016 139.5794996130226
1039 117.1263165316965 50.17293899345903 145.4153904187824
1040 111.7081048735109 26.41064944056279 139.6259446068024
1041 111.7809545425464 46.32229920137212 139.0112686309715
1042 116.2619018517664 89.76450656377024 148.9634810045441
1043 106.1771880996309 106.3161582460978 150.6704924055386
1044 98.40815045606486 109.0641509883548 151.1062727940232
1045 10.67363916781258 96.87775238452768 146.190332336765
1046 15.51543563822403 92.24097710271205 138.5891763870489
1047 6.526756786760931 92.19857112966592 139.7502764398456
1048 99.05545195433352 103.4616796194389 145.4963917153953
1049 89.01279009917886 107.5437665459937 146.8651528531549
1050 41.21984880095286 102.0445836199054 145.7384208750444
1051 50.60397493546866 101.9805937126369 142.5432003795564
1052 72.99801597185485 103.1960321970007 139.8012831721875
1053 60.52585630296055 102.7052957702869 141.0599046536773
1054 65.61039734965649 108.6213722056478 148.6403030066408
1055 77.45281835943416 109.0059644478918 147.4283505197434
1056 25.29563929584043 94.09176892704826 138.8757797727638
1057 20.1246685381899 98.34082143849751 146.5587441054446
1058 30.87600706589914 100.1811024074251 146.3196379207949
1059 93.41211201551749 99.09085586219659 139.1925867290633
1060 83.93239142477957 101.9837593747083 139.4275651090875
1061 35.42378662286872 96.55190973356207 139.3198778579353
1062 55.90215001107178 107.1743341554539 148.7534002685862
1063 5.743701220243503 100.3987069086535 151.713171149131
1064 136.0487629166764 108.2142511448037 172.4146019579961
1065 138.1469466407326 95.94013882148775 172.2210086565827
1066 138.3056512609953 9.986169781769135 171.8008572529421
1067 138.6273389395788 69.38647490562968 170.3441412071625
1068 131.5950995436168 66.12511880714464 162.2952475075259
1069 131.5768304474582 78.04020944242461 162.7136454717851
1070 127.9350061146172 91.18388286429504 161.0799165283543
1071 133.8621273318406 88.73395720390623 166.6194177192483
1072 139.2892523760685 82.89333982013245 171.518372637034
1073 138.7445143246516 43.72535044945437 171.2794246084652
1074 137.285506574879 32.02790183510987 170.0389027244462
1075 131.455947434836 42.19484233897433 162.801272760765
1076 130.3347371080935 30.13727000794819 161.9605669677637
1077 131.8010333310759 53.3708508097448 162.7669785401078
1078 131.5552923076903 7.562891833998683 163.9216948881477
1079 132.3624132923314 18.8208353008411 164.7005601456456
1080 138.7226396858084 56.62984511988007 170.7257676196628
1081 139.3634112904969 21.14299973376544 172.8429723466234
1082 131.6707165777123 99.50430122084109 166.4143497631294
1083 124.4742408224172 102.6199686738336 160.4173449080517
1084 128.2354275757799 108.6682764929593 166.1038863446108
1085 77.89891270144643 121.1903768746787 164.1723096285471
1086 72.08268897524965 125.9269903662807 171.8692852974214
1087 84.20592220352859 126.8555062728184 170.9912618218447
1088 90.26221025296135 121.2479633076445 163.1757942296771
1089 66.08938024484829 120.428663786351 165.3900535319485
1090 117.677603128019 119.7166346524419 167.3481499448257
1091 107.7477775903557 125.3554614491613 170.5468230865439
1092 118.3162520126668 125.3623614142418 173.1790596954833
1093 8.970372374185327 114.2342707667895 170.6978425919395
1094 15.08608389065677 109.0024762864311 162.8582111294921
1095 6.357365669939886 108.4441717579761 162.9208307578514
1096 30.6444499352363 115.5776789845931 168.7437147946072
1097 19.26316576257044 114.6532621690255 169.9844916143549
1098 111.3299919774317 116.117744732546 162.0307132351765
1099 25.29428887694378 110.2142519213866 162.4980173392829
1100 41.58592669668491 116.7651777303628 167.3000953368144
1101 57.50782612331174 121.2818285293796 169.0293975097191
1102 100.5994466452354 119.253394986289 162.4141916152668
1103 97.13465602869711 127.1782836249306 170.7858808862024
1104 50.66926639471694 117.2791148567512 165.3387299110188
1105 154.9910293835294 97.62913970565803 189.2259811895561
1106 148.6058267188599 106.5241026905036 184.2174999999999
1107 156.7791491316059 110.6776493250768 192.5954307294013
1108 152.6946009095144 132.4928849502186 194.2058044538833
1109 149.5546243968267 115.0191958431052 186.4180425763586
1110 154.0016053478192 122.9860051208008 191.7617059147587
1111 144.567905479907 121.5014285205764 183.9346536719592
1112 149.9588687654185 5.613287397315316 185.1103915507008
1113 156.1262399543468 83.91643450028771 189.630070295896
1114 154.325795471799 20.47802471753803 189.7494778131312
1115 154.6349675157373 32.27300123389724 189.7315551122717
1116 155.0852983022219 45.1770484621839 189.7363360341435
1117 155.5997855864725 58.08347793907327 189.704591447393
1118 155.9687937795224 70.99046826255405 189.7179562170989
1119 160.551225631348 6.454941208090715 196.8174678178312
1120 154.8884121559737 10.59541508293823 190.5188352259773
1121 19.54971807728885 129.4128829670811 189.5451375856462
1122 7.211878171370707 126.5535792807512 186.9984561141905
1123 8.828769121636334 132.1190901561812 193.9656681081616
1124 135.5116907963493 140.3325774542298 191.7467917358558
1125 115.6926221765663 145.8007773835902 193.8403895959341
1126 126.4127787872813 144.6800763985889 194.2700690786281
1127 120.9861656160171 137.935000098047 186.3950846051257
1128 107.9598018739543 141.0400106479491 187.8103092191956
1129 131.0592511091916 132.6858422010696 183.463559021163
1130 32.0529615356014 131.2588708091977 189.6708629430103
1131 78.89640528026794 136.786433996017 185.3904345434708
1132 69.60917234595357 136.8371633104557 187.4905365385649
1133 74.9634950757016 142.1488697967548 193.3682332102362
1134 83.91984362548041 142.1384013461692 191.5884166335513
1135 95.72449783110898 142.1036105939133 189.6521649455401
1136 57.41301770677559 135.9974553958202 189.652
1137 44.70215938191066 133.550553808434 189.6891804363779
1138 172.6383583300619 125.5914999245553 208.9603337174083
1139 177.0723665261809 134.7647351566357 213.8106531387148
1140 177.0942679751198 147.1012420276876 215.9327676327968
1141 166.8327513256353 137.937026719297 205.9338724299417
1142 174.2114015499741 20.14536677613063 210.9456425662883
1143 177.2413522470073 9.908247168248927 214.175854900081
1144 170.2022048834324 8.774787623746528 206.9659057061375
1145 170.7171693233038 144.5284998496248 210.7617317930152
1146 175.4737073179953 113.4965074741496 210.4093389133141
1147 174.1928791272426 33.5130787345773 210.5708700296403
1148 174.670258562221 46.91254866884029 210.5689833290907
1149 176.2672354588314 100.5342970433104 210.4738553069736
1150 175.2410207324077 60.3106997246929 210.5560999426231
1151 175.7697873246393 73.71058199612465 210.5501802943635
1152 176.1836376411801 87.11655867451699 210.5264680441281
1153 144.1144578518509 162.2182352444186 214.1890060614463
1154 133.4647432476783 163.0584581739898 213.7967660574456
1155 155.4660894666616 161.1365634568835 214.7395536595778
1156 150.2493979642959 153.403181870064 206.8212938064331
1157 159.7080281289551 155.357941227543 210.2877156252405
1158 138.8853763724456 156.225012955754 207.6832346155422
1159 165.0935622286177 160.1571474093127 215.6712668537298
1160 8.699295679914927 146.0635336466914 210.5778585621989
1161 126.3644744035273 158.8735012855142 208.8358271383573
1162 113.6443238305406 160.229085452928 210.2874757276352
1163 99.83160858186966 159.1048168918527 210.5455393240951
1164 33.48605066996765 148.2960527578506 210.5762745742338
1165 20.83710983622001 146.7750287754765 210.5705959798714
1166 46.77022934739408 150.3878930391159 210.6054757826121
1167 73.25083430185684 155.090251625017 210.5222582040211
1168 60.01374436973977 152.6827819500077 210.5055
1169 86.50260308849658 157.3663849852155 210.5277052294094
1170 191.9446003464077 166.5328086183187 231.3057374354522
1171 194.5069173871369 155.5564808609138 230.0308576418361
1172 185.5148425140169 160.0535941830146 225.4306316852177
1173 194.5606483370455 142.41274889735 229.1906388926433
1174 192.7589723647984 9.552780146523222 229.2280269748071
1175 192.7684276411668 23.12678596803345 229.0841916139638
1176 193.1698720686121 35.95223941765098 229.1399532512883
1177 195.4334983220319 129.1371540578536 229.1690791686661
1178 193.7081828149197 49.00833069860425 229.1989869120906
1179 195.3660713454026 85.9489730284477 229.2547405271469
1180 195.8796334649652 100.3646040404672 229.2087230758773
1181 195.9897433568302 114.7319786563923 229.1504001475095
1182 194.7544966443137 72.52108706653742 229.1829678130849
1183 193.0237571605833 61.28517425409771 228.0679703265391
1184 156.3061264974972 175.317798790278 227.7735417087564
1185 169.1047502426297 173.0632390367253 227.0672668035099
1186 143.5337530735494 177.4860590474935 228.8344095251754
1187 176.6986620652796 177.3314854048515 231.5198456338668
1188 20.73204092003609 163.9018995128723 229.3198370157844
1189 8.795279319323004 163.109964969309 229.0550103425919
1190 129.1744108301781 177.4768244096176 228.7170919525451
1191 114.2839962576638 176.6654836826456 229.1466444835316
1192 34.37393178957635 165.1543671956049 229.2416747172388
1193 99.81308075018921 174.9865563124554 229.1660764439754
1194 85.56225491224751 172.9910801178588 229.2549007737457
1195 71.31612515795497 170.6674261696513 229.2978598338053
1196 57.09212624543203 168.4029047067174 229.3084844658564
1197 44.87378589214869 164.6803421864024 227.3109197368368
1198 212.7638647787509 175.2055862556186 245.324
1199 211.0283311071969 10.04012425050856 245.3388927001543
1200 211.1948506523219 24.23754646558005 245.3416436977923
1201 211.5398665585949 38.11939095047315 245.3336999211229
1202 214.9450329569464 129.5192376326064 245.2995399101178
1203 214.57650992031 144.8828792326014 245.2794508896699
1204 213.490140646456 83.84269032472986 245.327195390008
1205 214.1416921921989 99.09410249167385 245.3262791531846
1206 212.0907702125353 53.35754752095406 245.332272359893
1207 212.7541621902868 68.60648682166656 245.3306679856159
1208 214.7644495524263 114.3406420893083 245.3202548878093
1209 213.9321478168025 160.2392435430375 245.2531735492104
1210 174.4462749414609 193.6205645600247 245.1224926002303
1211 190.0890946782403 192.0103179650658 244.7045409055142
1212 145.367410395534 194.4004433693116 245.1210258044231
1213 129.3166118661445 193.562058522495 245.3210479823774
1214 158.8871520916483 194.1110912496959 244.9040628997548
1215 10.04501799777986 180.2113093481872 245.3542049216746
1216 38.17151348038694 181.9871291713544 245.3443474922556
1217 24.22977693084048 180.798326113883 245.3552241803204
1218 114.0742144574692 191.9653509803401 245.3277619550794
1219 98.86569820652214 190.1408097726111 245.330438724231
1220 53.38975708838478 183.7196447217578 245.3427700137008
1221 83.71470183589976 187.9366069126162 245.3374403135468
1222 68.55092005968375 185.7963318857904 245.3370191984066
1223 231.6547309632975 191.9937838970154 259.2755
1224 228.9699157633531 9.778819493915721 259.2825402533471
1225 229.1220486689577 23.18796547115721 259.2963479593031
1226 233.4827002161343 146.3198827096712 259.2526580496753
1227 233.3695448627406 161.9088415737785 259.2334023493868
1228 233.2888083420779 130.923718722803 259.2601889883241
1229 229.456984832591 38.53403546575251 259.2950817928684
1230 229.9496760948365 53.94822265995042 259.2773071224939
1231 232.7243793594728 115.5659132124437 259.2761643801501
1232 232.9747713860332 177.4931533454721 259.1394989923599
1233 232.0211996774599 100.1406882153151 259.2874260314812
1234 230.5942721113148 69.34185118975687 259.2945249988203
1235 231.3130414124432 84.7424086431233 259.2817129894058
1236 194.155016323968 211.0133172249855 259.6687964050095
1237 209.0140446632993 209.0296991415909 258.6295780796518
1238 162.1201639791664 210.9942130164752 259.3919703647524
1239 146.9360279824425 210.1171454081442 259.2755000000001
1240 115.898171498883 207.2333540874055 259.2754999999999
1241 178.1549725107249 211.162498566475 259.5089410652703
1242 9.881523478270527 197.0956934200083 259.2884800963017
1243 23.48571986907999 197.4805892327913 259.2755
1244 38.94840144251256 198.5046056942916 259.2754999999999
1245 54.36209914720762 199.918259446562 259.2755
1246 69.71877417416866 201.6403449621188 259.2755
1247 85.10743599571811 203.4817843702648 259.2755
1248 100.4984991193285 205.421361496298 259.2755
1249 131.395318520015 208.7734442684018 259.2755
1250 248.0233569301649 207.699771715239 269.9480947237639
1251 250.9192924581344 176.9868489529225 270.5210449065333
1252 250.9219297799293 192.4780244334711 270.5109767984608
1253 246.2026298101744 10.27304806148684 270.7713181913796
1254 246.4586486984665 24.48124666813763 270.8485371784578
1255 246.6293330720731 39.77005603705589 270.7697364645953
1256 247.057938069431 53.88272222792931 270.7743387685287
1257 251.1082496042925 162.3466125861191 270.7148189394275
1258 226.3952440003992 225.0614215474656 270.0588963564809
1259 212.3806522438791 225.9295707617229 270.4589067724809
1260 9.520740437547047 213.5537136726185 270.7641205226453
1261 21.6627524238135 213.6907817208664 270.6940815892152
1262 262.7013112477036 10.54514903604061 279.9074951087254
1263 262.8244761720692 25.06404644670273 279.912
1264 263.1027510918769 41.64386284494763 279.912
1265 263.5382733082329 58.1089837311419 279.912
1266 268.1219444067763 190.0617732815434 279.9120000000001
1267 268.3432139979041 206.6371087989898 279.912
1268 264.0767296801326 74.65827238074617 279.912
1269 264.7509574230685 222.6072420533583 279.1837968508301
1270 266.7851546711086 140.3789050482446 279.912
1271 267.3731783969475 156.9215873107414 279.912
1272 267.7897469244426 173.4773814288628 279.912
1273 264.7171603383057 91.14315874816103 279.9120000000001
1274 265.4009478817558 107.6129697571184 279.912
1275 266.0739216050048 123.8392145419582 279.912
1276 241.8693805007828 240.1718640225358 279.2669720664498
1277 227.3246811292372 241.2177879599941 279.8285762119359
1278 208.2563021935984 241.139903909022 279.9120000000001
1279 56.18166551138483 231.3010764435049 279.9298264124424
1280 10.63468562322309 229.5717779140757 279.9108701833865
1281 41.86825140395317 230.4754815174211 279.9131424283554
1282 25.28225808964911 229.8264153897858 279.912
1283 280.2922725475431 240.5986250421916 286.9844020901803
1284 279.0143695595104 8.481999615779774 287.163
1285 8.539817550860318 245.5145572192735 287.163
1286 295.3091589734767 254.254144080783 292.511233306313
1287 295.4022535400975 10.87601697713414 292.6711300441922
1288 295.4872497407163 25.66379092936271 292.6759999999999
1289 8.464868330136206 261.674563720239 292.676
1290 305.4791567734471 272.2461673079644 296.4739299262252
1291 306.6095769870366 292.0298352444202 298.9863394675689
1292 185.1315789477013 149.8526248628698 300
1293 98.79193293895341 98.59163906193362 300
1294 98.40628574836532 199.8113148094275 300
1295 245.1386126577404 86.07319179318554 300
1296 246.668403557353 213.873846736162 300
1297 169.8314437506164 74.78371663179045 300
1298 172.4599167736599 225.0006699759933 300
1299 272.4677084751756 157.0126583779989 300
1300 60.69389539286644 147.1379439193821 300
1301 55.63377687789339 58.97159121355509 300
1302 57.40123019478871 240.8196750190246 300
1303 125.0624295797239 147.4060081799087 300
1304 123.6770560377952 52.66069762356931 300
1305 125.3260391878387 248.2527757349389 300
1306 284.2904387463566 51.90420916046403 300
1307 282.9997272307725 247.9580204747176 300
1308 214.2813845437989 50.0284709950753 300
1309 214.9465662879238 251.9765862742224 300
1310 47.65645856369268 104.3290234880087 300
1311 47.81097870707187 196.0367048979855 300
1312 204.9744990246454 107.6183141686275 300
1313 228.4234996809391 170.9226070405442 300
1314 288.4803304467577 191.0436762202805 300
1315 288.7288947221562 108.4115920333524 300
1316 143.1282046946396 110.5600923407849 300
1317 156.3785224092681 183.26068639395 300
1318 207.9169593618587 205.8990667859506 300
1319 239.2499847467678 125.7213715254032 300
1320 161.228756795235 261.859200017357 300
1321 161.6003411430555 37.79375234286466 300
1322 89.7146411380298 38.2041009928495 300
1323 91.07065077675149 259.6048667110948 300
1324 250.4775101447729 35.78344045656252 300
1325 248.6453176795254 264.4438707787962 300
1326 135.7347461067627 212.848390985052 300
1327 95.60079070983787 134.1413946068909 300
1328 32.31744479170516 32.43227349899002 300
1329 301.2432114290023 161.1756311959432 300
1330 32.40858511640464 268.5431503727058 300
1331 90.91528060610204 167.7937052838835 300
1332 31.73441338377204 135.7738604022156 300
1333 302.8298012394104 78.40761266466887 300
1334 303.7235287806733 220.8296483328134 300
1335 171.8626149219036 121.6421586428347 300
1336 32.92462382723555 168.3464112299628 300
1337 257.9436951386007 181.1453092578872 300
1338 29.86470356269589 76.39489533844616 300
1339 31.76961154186132 224.1198847265873 300
1340 88.75249584816089 65.51741159392516 300
1341 88.11729262839206 231.2953942410809 300
1342 125.508739319945 181.4354586751251 300
1343 186.8698508392924 181.854391308127 300
1344 189.8364669181157 30.41008150651733 300
1345 142.4664573533765 79.25482130833812 300
1346 190.936473412391 271.408734957043 300
1347 305.9677175116607 28.23673784063395 300
1348 218.3058864581096 78.95110122845276 300
1349 213.0639245902007 141.6194528593305 300
1350 155.4077189489282 140.831702815294 300
1351 306.531305053498 131.3294195951989 300
1352 303.536607579702 270.6112159133967 300
1353 61.79841367442904 27.44645939802929 300
1354 62.16402491363479 273.4920061119205 300
1355 274.3143216796417 80.79024670175637 300
1356 272.8691278609351 219.8526793807584 300
1357 73.38894505234823 115.7486376323873 300
1358 136.0527214158198 25.82255397249376 300
1359 137.2282275120071 274.0445401052317 300
1360 69.91158745076268 210.9292598022864 300
1361 273.9956883237189 25.96149281359748 300
1362 117.3746885632044 119.7660418502146 300
1363 236.6006268200878 62.23584706524877 300
1364 261.7408828691001 110.6391241826577 300
1365 66.10729898539456 85.20353230758015 300
1366 241.1912777985346 239.1707854414828 300
1367 273.9303236894 275.7025466386504 300
1368 113.6928005141435 76.61242154886531 300
1369 225.1109291441751 275.409518363312 300
1370 225.7794579962767 26.22135615604631 300
1371 65.90841233375123 176.7322106081602 300
1372 197.7299597407009 230.3303186284041 300
1373 149.1619567908411 238.2388123553804 300
1374 189.1993355144512 56.81546856281223 300
1375 242.392595818195 151.0521033840428 300
1376 113.782725788967 225.1780173841861 300
1377 311.6857121032245 53.79869967398454 300
1378 310.4903855956143 245.8664769855554 300
1379 311.9667179324443 184.7949528824657 300
1380 191.3627817610208 87.98826785751294 300
1381 23.60814541126069 109.9000898550018 300
1382 231.2485313172607 193.8026999850686 300
1383 110.3365991653854 24.2980909732051 300
1384 111.1914680596713 276.3421661417073 300
1385 25.2281790053917 199.072991207221 300
1386 228.934841039342 103.7522513446787 300
1387 180.7655137498882 248.5616715643547 300
1388 310.8401947981104 104.054549720734 300
1389 178.0470914670463 196.7838236404212 300
1390 283.6657249062376 131.9437950940261 300
1391 56.33220627653562 127.9135261527008 300
1392 163.1831465508412 97.73990426230597 300
1393 204.9575579616628 162.7885145661481 300
1394 25.1513958782895 55.47175909044408 300
1395 23.15016092443713 247.558248411915 300
1396 198.6358704482978 133.2318690633688 300
1397 260.162849885599 59.92223413029922 300
1398 281.156531312872 174.1015192288072 300
1399 261.5883256929399 241.9503528519278 300
1400 219.411887841579 223.1083518709556 300
1401 145.8665977776115 163.1178505844973 300
1402 141.6864294648873 60.36466704888338 300
1403 122.2639941779019 102.9211513868216 300
1404 53.98567610789021 220.6318759066745 300
1405 167.4565836088145 164.3258987793031 300
1406 269.3512870374252 199.9196072442898 300
1407 139.5815620986496 131.2041469979507 300
1408 171.0878886259439 20.64447963069852 300
1409 171.5389410972393 280.7882151557916 300
1410 106.1779654654645 152.7268853342137 300
1411 209.3829306403667 188.5816890354672 300
1412 102.1939437062102 245.5362203907748 300
1413 102.5603942487892 54.04456429793366 300
1414 259.9423354210902 129.827396965701 300
1415 314.8672449359206 205.5287127653768 300
1416 19.64710702842836 150.8325136699713 300
1417 83.47460961283268 188.1292754672376 300
1418 151.2404777589052 211.348301276174 300
1419 222.8140036373819 125.8024200574052 300
1420 80.88682012709145 280.802339173211 300
1421 79.9872398756213 19.68039193907166 300
1422 206.5287137541034 19.60245239931241 300
1423 255.5277304203071 18.09650355262747 300
1424 76.8292833902704 135.303833974388 300
1425 19.88422563769853 19.87492822911517 300
1426 317.0339431182747 148.73430784588 300
1427 19.92372920295414 281.0526805097579 300
1428 19.90800123044051 92.81585828181463 300
1429 170.1586660473907 56.72995032861728 300
1430 206.8132933248485 284.0844494749212 300
1431 77.16517570688175 52.94346072521788 300
1432 75.80662698733354 247.0618692789319 300
1433 188.5268192682298 215.0513125365007 300
1434 45.47376097101426 17.66252781084108 300
1435 105.8186760495119 181.7378570767059 300
1436 46.61474833031165 284.2642211220757 300
1437 151.7656956948685 18.20525014088847 300
1438 242.7119610603492 282.5562765732915 300
1439 42.92332527952814 151.5418558662792 300
1440 189.5309267202105 100.6832967168848 300
1441 141.044224949152 195.0197854440975 300
1442 119.1736075401809 200.7180845548136 300
1443 16.78089532880944 185.1874612294815 300
1444 290.3085310752342 16.62462728352024 300
1445 152.3538761898975 283.6927682283837 300
1446 155.6762881359415 123.925248480089 300
1447 81.52358576969826 96.92468882879388 300
1448 80.40603772904085 152.1999576570556 300
1449 142.2720979587108 255.9464045905864 300
1450 291.2888374523217 283.4534959557313 300
1451 205.3186534575183 65.43646810356584 300
1452 231.9512406436367 44.57383232414949 300
1453 317.3613580241158 167.5926234946072 300
1454 275.1325244531975 100.7182282121568 300
1455 49.09298443592737 179.8563523826794 300
1456 232.9941029739493 255.1299595164634 300
1457 130.394876652675 230.8462858288246 300
1458 287.492530154526 211.0071122184336 300
1459 287.5331744823745 148.4993413971285 300
1460 42.09783089327323 48.48941940385726 300
1461 92.72955842768047 115.1044222432719 300
1462 41.71536135108702 250.8975420091843 300
1463 49.89323176277063 75.00497762258803 300
1464 319.4281841599359 115.7707280006919 300
1465 71.67322102997514 227.9311132493143 300
1466 254.6929850710426 164.0550172327956 300
1467 171.6081838100774 136.9757325831864 300
1468 113.3812029097698 136.1200178848746 300
1469 267.4292065514913 43.48127005672601 300
1470 14.52836374756228 131.9652767332664 300
1471 247.9309963606309 197.8743085242597 300
1472 320.303296331867 14.55910153831453 300
1473 288.1623734448601 71.68070057326857 300
1474 291.288892408173 89.83303264756545 300
1475 287.1723522787265 228.6860619011691 300
1476 117.7207028419678 165.8721578413893 300
1477 266.0766367774591 258.9490500180634 300
1478 14.88322742355357 39.75625405670522 300
1479 15.61985554765535 263.3092562407101 300
1480 321.1928230316644 80.48141303308792 300
1481 236.0590054964966 14.16610779175933 300
1482 317.9460227973346 230.3552188189029 300
1483 197.3411863054075 254.7005323347024 300
1484 286.5854405198857 35.48556605970382 300
1485 13.77736124142173 220.3323992747393 300
1486 262.2826427978305 286.9167052492653 300
1487 297.136457633221 176.0349095196511 300
1488 317.5821419635491 256.9161847436555 300
1489 318.7369992195831 39.91925892356333 300
1490 243.0382317185083 106.1419523059784 300
1491 165.9758415840145 240.7267652453945 300
1492 64.34611491678831 101.0605274701755 300
1493 88.57290820958868 214.3245308131018 300
1494 288.1921085806358 265.659857378196 300
1495 39.50684591484296 119.4417517743562 300
1496 65.50376722785884 194.2566604541005 300
1497 240.8093941858061 179.5103219462654 300
1498 156.6890486989087 67.76048207282646 300
1499 96.50731993336754 82.65187368715884 300
1500 70.72917561667275 68.86627544165823 300
1501 177.8203357756111 40.80476188678023 300
1502 37.17570546583909 92.12912809873933 300
1503 96.64037391504495 14.29777928549152 300
1504 257.2598066834105 226.026498676307 300
1505 258.9970972766385 75.78332492878434 300
1506 108.3443814014139 39.19546492269138 300
1507 231.1881257509661 139.6530895619207 300
1508 204.2853536442493 39.25076538002239 300
1509 16.32105061545746 69.72284456153528 300
1510 186.4618584124612 14.68965643541227 300
1511 97.42103065581199 286.2980366727733 300
1512 195.1542866477886 194.1739426178901 300
1513 229.6401490838021 207.8900631214769 300
1514 112.1234114333321 259.3909846782897 300
1515 222.3058843061163 64.35078674497659 300
1516 232.6304390723133 75.7147283986728 300
1517 149.8201285156489 96.57811116564304 300
1518 189.050213358896 287.6562799175512 300
1519 208.83956299255 266.4999524687588 300
1520 38.67366309188182 207.8443670167261 300
1521 127.5220040165584 68.75940223063138 300
1522 14.37992803268087 167.0215982210937 300
1523 142.6678983760301 40.68066244358548 300
1524 59.62954854229561 42.8204844860216 300
1525 59.79860511233083 257.5280909476993 300
1526 273.4481345992772 185.0087875669184 300
1527 35.08522073271962 189.390714660676 300
1528 44.51468639409423 234.1085455058427 300
1529 307.5431533501478 285.1205324210947 300
1530 142.1609102744691 177.0166735002197 300
1531 176.5614502686453 89.60817896734187 300
1532 302.4050130392387 113.534416455556 300
1533 185.1701540881054 164.746860490253 300
1534 170.5015918546489 179.8011758991993 300
1535 224.96022285999 157.6339180936207 300
1536 124.3474561859683 19.00425878251986 300
1537 215.0282069023252 94.96041584229218 300
1538 125.1800461657813 281.7795161924057 300
1539 275.8093182245912 119.9820975138929 300
1540 176.6956811494103 263.3696130071369 300
1541 53.62284637671144 164.0248345784983 300
1542 73.79268893854156 36.99446007470184 300
1543 186.7728346132175 72.94855828828081 300
1544 322.1982452793009 132.358607151875 300
1545 74.07482839932683 263.5499479263374 300
1546 199.1966660655283 149.083330963714 300
1547 62.13609343047384 12.95787582958841 300
1548 53.03576193889705 91.54543779741834 300
1549 145.4552372857959 223.6673500539767 300
1550 62.99727561061147 288.1117132814414 300
1551 299.8680675063711 253.8941940785365 300
1552 319.3455621091522 64.55612689852495 300
1553 142.2752480844572 149.6793576337404 300
1554 300.5645317186543 202.1202878526209 300
1555 301.9120900496929 145.9518683676154 300
1556 220.7686938769182 12.00077245135259 300
1557 318.1650598835387 275.2124598705723 300
1558 225.3540053992032 238.7859050894996 300
1559 71.14314429745156 163.020336100431 300
1560 259.5938346231772 94.67546195959548 300
1561 276.4987019037552 289.6603101164396 300
1562 299.5402783767105 46.20251594866564 300
1563 248.8799801523228 51.74785001049241 300
1564 183.3944575307797 233.6994163867589 300
1565 125.8557912253422 85.51846580414339 300
1566 80.72397523065879 79.83275637182324 300
1567 55.96116046576758 206.1201723294092 300
1568 249.5240117521718 250.6274101759282 300
1569 273.2894736843474 11.49355525254686 300
1570 102.5240297609379 68.56876159367141 300
1571 237.3981522623214 224.4227750499716 300
1572 238.2557395231945 164.6347935394538 300
1573 159.5753096934283 197.2017699673484 300
1574 15.10486125731051 235.0679834757129 300
1575 108.2973023815911 212.4572676496001 300
1576 159.1215971101188 84.25729878064595 300
1577 274.4728840903159 63.23965218669249 300
1578 126.3158278989295 264.1627500413881 300
1579 107.6942288874819 108.7017159702527 300
1580 224.1216427208295 289.2638980212741 300
1581 124.8440006465626 35.06842888850323 300
1582 40.52818779498453 62.86652853377812 300
1583 56.24611414484156 113.6986933035257 300
1584 168.2335439394733 150.1095255915535 300
1585 131.3890332134131 117.844876549314 300
1586 272.3778679493569 232.894722656976 300
1587 189.9838617715829 118.1117437649925 300
1588 148.2707396139626 268.8857282353897 300
1589 110.6888599421257 91.53642182696092 300
1590 206.1920375351237 220.7139744307929 300
1591 207.7126733888913 237.43699249712 300
1592 322.1673643710492 217.7504517910026 300
1593 136.2566038172984 12.92193922729697 300
1594 138.0929830883851 287.8484139487917 300
1595 257.2385402141609 145.8980029114544 300
1596 304.9192198606174 12.81238795934631 300
1597 133.0991046463624 164.0879177358134 300
1598 105.0773945667242 123.3599042894501 300
1599 32.14888837153625 13.47768513296589 300
1600 193.6663208145445 44.05028411023969 300
1601 12.55006531379129 116.5206641344221 300
1602 32.24953845749968 287.5352045625136 300
1603 46.23400939729119 138.1235230135833 300
1604 251.3208978045644 120.6736310226863 300
1605 104.9710583603436 168.2798072750938 300
1606 158.5220510482128 109.4315668667454 300
1607 102.5780385318451 227.9791915887963 300
1608 322.7889315211326 96.94187077009468 300
1609 230.5127029747231 90.93227348554339 300
1610 158.6760510250292 226.665147811344 300
1611 259.2113164656772 273.2022845557692 300
1612 113.9952569156448 64.12916945893421 300
1613 11.93651213723734 203.9299556705703 300
1614 259.8724569491977 212.0649557611953 300
1615 238.5994761406579 28.67703303720437 300
1616 301.1557973155551 62.20145293434723 300
1617 301.3035702242816 235.9592489253561 300
1618 78.95248360507262 174.9190126280399 300
1619 47.94532835239846 33.05580175511564 300
1620 322.874040221252 194.0658186700817 300
1621 114.5040584763219 239.0837190540342 300
1622 48.18757548570075 267.7370648337644 300
1623 81.17383164988163 201.4902082692308 300
1624 246.3764234234986 136.1178284885406 300
1625 236.7218560498646 269.9849232821644 300
1626 217.171051524598 36.39551792996932 300
1627 154.6596632822003 249.1927955521795 300
1628 272.372517075251 138.4491148295341 300
1629 266.9302317253481 171.4738122247725 300
1630 136.7887426475164 243.3210696274326 300
1631 89.29712852467182 245.8745876554706 300
1632 199.9537125103282 177.0105091095568 300
1633 261.8575338600725 30.83067671987837 300
1634 207.8551597044143 122.7388327494428 300
1635 92.8351918415478 148.106922184074 300
1636 11.86785194669819 81.46030591405398 300
1637 223.4632232407739 183.5764161335205 300
1638 89.5481767354654 52.67738440248154 300
1639 220.3303587288124 195.9499870122968 300
1640 97.41780913152024 27.25155483802313 300
1641 121.9801424812686 216.3871904722309 300
1642 322.8908174917982 242.2794238891704 300
1643 156.3503070738009 155.9999480234543 300
1644 98.25320358179121 273.2816070881389 300
1645 174.4513542181148 106.1114711434359 300
1646 193.3887581431335 240.945786282268 300
1647 203.7186326100509 81.61215989103293 300
1648 230.2683118966739 114.9568890489437 300
1649 156.4524188331021 170.5870388634373 300
1650 84.63714439503424 125.0745721142345 300
1651 217.6587987543777 110.049196582932 300
1652 201.6964528709193 94.77721712063601 300
1653 24.85105765735242 123.8570347053486 300
1654 323.8910867885323 28.04698666472349 300
1655 10.05064985802282 11.85343474623101 300
1656 10.10979925599304 289.1634014005761 300
1657 185.9160965630216 135.9015814440344 300
1658 201.7339970662883 52.52070312891721 300
1659 112.1069911164538 11.52002580824329 300
1660 154.5604767460545 52.66590284735544 300
1661 221.2649280183039 263.120573066533 300
1662 215.1901911490101 173.4189423298096 300
1663 307.9584588352885 91.74077870640636 300
1664 135.5654254997891 98.14783117235909 300
1665 168.0876109977164 212.0085042012969 300
1666 300.2442907605933 101.5148739127228 300
1667 9.094704634506725 26.55882352932719 300
1668 34.04326306424331 104.2583964539727 300
1669 9.091982726977422 274.4411764703264 300
1670 247.0682676441169 68.5795293877805 300
1671 31.67213508298981 237.5958578527606 300
1672 24.42105034322901 211.7715099284541 300
1673 124.8021042737944 130.0160116234603 300
1674 113.3062295218554 289.2839438013772 300
1675 294.3468785489673 135.8622799145992 300
1676 291.3936272936985 122.768718923952 300
1677 288.2798126841627 162.5392092665874 300
1678 11.33522105419523 58.63204988648571 300
1679 11.45114889223214 102.7354259904969 300
1680 322.5367021002507 51.82877341084959 300
1681 5.228259076471651 5.228259076466617 0
1682 8.465548182220498 3.446927596364514 0
1683 3.574398009224587 8.397771845795269 0
1684 2.952529604652213 2.952529604658686 0
1685 342.2279384252465 12.74829222564151 297.8238598512074
1686 342.238839983761 289.2487078169014 297.8151695859415
1687 346 151.7349779225472 148.4991939828369
1688 346 214.8208676020456 202.4797512239628
1689 346 87.60773379560429 200.3418668145609
1690 346 216.397438577508 88.29951456651949
1691 346 85.60256142230608 88.29951456636039
1692 346 150.9999999997392 223.3626352665127
1693 346 150.691928699512 71.04903695145477
1694 346 64.77503985433411 147.3707759167669
1695 346 237.2249601456199 147.3707759167954
1696 346 50.73214594869098 239.396996668675
1697 346 251.267854051219 239.3969966685764
1698 346 50.73214594868744 50.60300333131551
1699 346 251.2678540512225 50.60300333141404
1700 346 191.6474279162146 160.6939564291206
1701 346 106.9237484640058 161.0688683412083
1702 346 187.1254806656356 244.3578913774547
1703 346 109.1062870869499 241.8871352599492
1704 346 193.2473906541722 47.87140837462353
1705 346 108.7526093454606 47.87140837453273
1706 346 171.7226999833264 106.2616268053945
1707 346 131.9260570853143 108.7344676241282
1708 346 43.18462441589122 181.8733680176092
1709 346 258.8153755840361 181.8733680175912
1710 346 43.43177867819271 105.9372356403953
1711 346 258.5682213217769 105.9372356404114
1712 346 161.8853743716116 184.1046297339496
1713 346 124.2305791636799 195.5634021677482
1714 346 209.9915064152929 121.8058611632356
1715 346 92.00849358452879 121.8058611631515
1716 346 150.8795953663398 256.3590672473647
1717 346 150.9697414814994 33.88589156234721
1718 346 181.947850692949 209.5430573710701
1719 346 78.70850177102265 257.7682305314754
1720 346 223.2914982287554 257.7682305313627
1721 346 78.70850177102261 32.23176946852316
1722 346 223.2914982287554 32.23176946863588
1723 346 32.48782026087125 127.7226181623492
1724 346 269.5121797391498 127.7226181623342
1725 346 80.39691587741382 171.7292471645319
1726 346 225.984311673171 171.5695889333525
1727 346 121.7559176811438 71.9035573213892
1728 346 177.7611244788673 70.08898199280209
1729 346 31.28534860118208 214.7344004808385
1730 346 270.7146513988404 214.7344004808595
1731 346 26.49637073084981 73.59380889323118
1732 346 275.5036292691486 73.59380889325051
1733 346 122.5329841112276 135.4002503540337
1734 346 180.6744697178302 139.2082891903437
1735 346 269.7762103296943 257.7947604279288
1736 346 32.22378967024712 257.7947604279708
1737 346 269.7762103296911 32.20523957208491
1738 346 32.22378967025038 32.20523957204301
1739 346 133.3678904768048 168.3435379579463
1740 346 272.2789289136014 165.5344347490671
1741 346 29.72107108635083 165.5344347490791
1742 346 243.2046566693507 219.2378727156197
1743 346 58.79534333055388 219.2378727157302
1744 346 243.6509238213727 72.32457852229304
1745 346 58.34907617853665 72.32457852215461
1746 346 87.40419672189867 231.8936490313325
1747 346 216.700583892283 228.5068204965896
1748 346 87.14927952995065 58.09408608149249
1749 346 214.8507204697532 58.09408608161232
1750 346 230.7466307617392 109.3996969052135
1751 346 71.25336923813728 109.3996969049197
1752 346 172.4033037589303 266.327627857446
1753 346 128.6781044470179 266.3861934981014
1754 346 173.2907403451734 24.02583765138666
1755 346 128.7006143634513 24.02583765135755
1756 346 151.1504028588288 114.2203722428297
1757 346 124.9153974628704 217.815065037498
1758 346 194.5108215477822 187.4253232920188
1759 346 150.5845121424288 94.42935667315385
1760 346 245.0502823035753 266.0791172967843
1761 346 56.94971769626626 266.0791172968552
1762 346 245.0502823035764 23.92088270321548
1763 346 56.94971769626521 23.92088270314455
1764 346 169.0781539620939 159.1427368336012
1765 346 165.9049512597206 241.4089214894078
1766 346 168.5250310597925 49.47186172823186
1767 346 133.4749689397834 49.47186172823191
1768 346 201.2001026341478 267.281395316056
1769 346 101.1685192397611 267.1133876126794
1770 346 200.8314807599137 22.88661238743219
1771 346 101.1685192397587 22.88661238731919
1772 346 102.8379232927007 184.7662486044275
1773 346 87.07072890785091 147.0407768093799
1774 346 214.4501549837373 147.9873403688065
1775 346 198.1274026821194 100.3616713694178
1776 346 107.1061178563108 98.32345631301951
1777 346 283.9062794921824 111.8171232687327
1778 346 18.09372050782103 111.8171232687295
1779 346 24.79293026877529 235.4033796298076
1780 346 277.2070697311924 235.4033796297727
1781 346 24.10879057301147 54.35779313799484
1782 346 277.8912094269527 54.35779313803552
1783 346 133.053867898417 243.4088538737776
1784 346 145.2378760041774 201.2185727048487
1785 346 278.6424046025966 190.5271761695337
1786 346 23.35759539739765 190.5271761695288
1787 346 246.1516465990226 166.5840857724857
1788 346 55.84835340081169 166.5840857723784
1789 346 54.82199677258274 127.0984911347316
1790 346 247.1780032274032 127.098491134793
1791 346 100.757508802261 218.1677517159723
1792 346 238.916547839427 194.5541137328647
1793 346 63.77057058169318 194.2715099931278
1794 346 201.5798767003907 75.70186048657575
1795 346 99.88127461425232 72.33438171384736
1796 346 196.8401586738511 222.6169875282233
1797 346 73.98592567148677 130.5431203857899
1798 346 227.9182511067585 130.7324330977688
1799 346 42.65816913701775 146.9081257317366
1800 346 259.341830862936 146.9081257317618
1801 346 164.8714911570468 204.9436380298322
1802 346 19.1260598027284 89.94744504581448
1803 346 282.8739401972707 89.94744504581703
1804 346 114.5262263705227 119.7733796259329
1805 346 187.3592309060305 121.176683599485
1806 346 230.7906101368126 239.1622263236529
1807 346 70.47045035198693 240.5419938164301
1808 346 231.1679230473781 49.98949464974117
1809 346 70.83207695244046 49.98949464961893
1810 346 196.7971835072511 142.4420172050225
1811 346 105.2028164927006 142.4420172055983
1812 346 178.9434861473763 177.2359157136085
1813 346 167.3755687586491 87.17292895044375
1814 346 131.2115118684337 150.6411169662259
1815 346 13.66073599964493 204.0237274960822
1816 346 288.3392640003592 204.0237274960887
1817 346 150.796566701089 166.7507221571253
1818 346 80.58357616308959 275.015048311198
1819 346 221.7587305621639 274.6961739020582
1820 346 80.58357616308922 14.98495168880129
1821 346 221.416423836631 14.98495168885595
1822 346 150.9960302233011 15.2499996427588
1823 346 150.8939799561749 274.8531080580634
1824 346 117.8719235420143 175.523438050136
1825 346 282.5547807651537 147.3430416446187
1826 346 19.44521923483429 147.3430416446227
1827 346 174.6149887414903 224.3721885104168
1828 346 132.4129066929419 88.88797497662911
1829 346 16.52032132586415 273.2016824123706
1830 346 285.4796786740934 273.2016824123465
1831 346 16.52032132586151 16.79831758762671
1832 346 285.479678674096 16.79831758765089
1833 346 206.6812962554382 174.5021261627077
1834 346 141.4441749008442 182.7403058338713
1835 346 63.19963479480376 89.30448269446785
1836 346 238.8003652051144 89.30448269457625
1837 346 137.9243221555283 129.8615917526637
1838 346 162.3880948718237 131.7623614726588
1839 346 14.25386841702033 254.485688924384
1840 346 287.7461315829572 254.4856889243695
1841 346 14.15613417476487 35.48019289962645
1842 346 287.8438658252122 35.48019289964169
1843 346 91.34165494232037 246.9553950240676
1844 346 209.7983726690996 245.7687486644754
1845 346 91.32879736562629 43.05906599288073
1846 346 210.6712026340736 43.05906599296004
1847 346 35.01120629669185 275.9126476121349
1848 346 35.01120629669179 14.08735238786623
1849 346 266.9887937032153 275.9126476121072
1850 346 266.9887937032154 14.08735238789398
1851 346 107.8768923933409 201.4142595169937
1852 346 150.2096036310541 241.1348694692657
1853 346 150.8379153394044 50.54171977418514
1854 346 197.1129738445952 203.9309814146424
1855 346 44.43044852681616 203.9375267567922
1856 346 257.6840712099973 203.9846273800438
1857 346 42.79868816988144 83.0211196053545
1858 346 259.2013118300695 83.02111960542277
1859 346 213.8157446091649 104.9666860010966
1860 346 88.51780310605102 104.2560621299109
1861 346 14.5654208151939 130.2176677317422
1862 346 287.4345791848385 130.2176677317558
1863 346 183.3133345206706 87.91741392092678
1864 346 256.9053531832224 222.8690626023562
1865 346 45.10060890212588 222.8666104667225
1866 346 261.5029856797532 66.78006069808318
1867 346 40.49701432019337 66.78006069801012
1868 346 227.4994000428528 216.6483736971047
1869 346 78.13430059733298 217.409107347859
1870 346 224.8782946382755 72.63183072998299
1871 346 77.50231724871499 71.72442303799025
1872 346 179.2052630911125 193.8225335665163
1873 344.0161582077734 289.3586154084638 -5.97839506790473
1874 344.016158091376 12.64138467532023 -5.978395223976621
1875 187.0770277919087 151.603526815826 -10
1876 100.920369329439 195.2342555858964 -10
1877 98.57818051395694 98.71449316470201 -10
1878 247.992343688668 214.7337579528704 -10
1879 247.6271609542033 88.17122648234349 -10
1880 166.7872136706148 225.509527957918 -10
1881 168.5721441884546 75.58896282542106 -10
1882 270.2428260286637 150.9999999997392 -10
1883 60.01230943012618 144.8683153098786 -10
1884 59.04648720174197 243.0158682135658 -10
1885 56.98092903392322 58.07692307692312 -10
1886 126.514077954887 146.5370534588087 -10
1887 121.8039220589863 246.6944459308109 -10
1888 125.7925397911114 50.7364401476177 -10
1889 284.3857340967538 52.0091353758595 -10
1890 284.0628544887804 250.1239566114167 -10
1891 214.1124051891212 250.2920132353385 -10
1892 217.67047456105 49.01837865907755 -10
1893 49.73536221808654 195.0669883514482 -10
1894 47.32136718444112 102.6523218274137 -10
1895 290.7448191876465 192.0949452979444 -10
1896 290.2723926871642 109.5761398993861 -10
1897 206.6346547171434 194.3092539027872 -10
1898 224.5067855430991 131.7657450707591 -10
1899 139.4081766424167 189.5037673653895 -10
1900 139.7020894731689 109.3474551437058 -10
1901 207.8697198951646 95.59398797970738 -10
1902 156.1133443867342 263.6388202188466 -10
1903 239.0264266656924 173.2607440993345 -10
1904 162.0556498913639 37.60442106102666 -10
1905 90.24320215882574 36.65704943388393 -10
1906 248.1364238122962 263.5593839506018 -10
1907 250.2123837120835 36.17354321651399 -10
1908 86.57682572907369 265.9837475368786 -10
1909 177.0712065767879 115.3478298277042 -10
1910 95.43381985117462 161.457295331925 -10
1911 33.31453450148312 267.1538461538463 -10
1912 32.98839737221753 33.29876203304935 -10
1913 302.9603964822263 150.9400768923889 -10
1914 86.75801515317418 228.0444344434709 -10
1915 33.64756161986167 165.8577700131184 -10
1916 304.0130445751255 223.5131785013099 -10
1917 304.0130445752386 78.48682149846483 -10
1918 32.49606380251087 226.3767969902666 -10
1919 258.9336687202005 120.0258384021314 -10
1920 31.00672702853034 132.4238744576261 -10
1921 173.6710261680818 183.8207722598043 -10
1922 87.62831250798104 129.0205099410076 -10
1923 36.51927549889449 69.38083114279175 -10
1924 187.4192605345751 270.3187881619619 -10
1925 87.79809273733653 68.96552325248014 -10
1926 126.3330467221435 218.6736901198172 -10
1927 307.2782789837916 270.1146329420429 -10
1928 307.2418327319064 31.89096763797481 -10
1929 189.8159869828382 30.34550379831845 -10
1930 156.8006287582383 141.1457866761641 -10
1931 259.2913817485975 185.3820982980418 -10
1932 218.8676350540459 220.0044156400913 -10
1933 123.8016735999463 82.63630706335306 -10
1934 61.90294085204593 27.67231665118148 -10
1935 272.7254665246413 80.73413018642981 -10
1936 273.6278948096817 222.0079232771583 -10
1937 70.10642078765254 181.5196495596085 -10
1938 119.0507302627571 123.0707473698958 -10
1939 129.3972788564112 274.6674279351818 -10
1940 59.24524665269158 276.8966263690972 -10
1941 133.4729578708307 26.53108656859382 -10
1942 68.15708830110832 94.73035412310139 -10
1943 66.35717336128315 216.1972297507434 -10
1944 115.2713372231231 177.9708233311817 -10
1945 272.0427991254947 21.03221886864501 -10
1946 275.5906975227834 283.447823242588 -10
1947 207.3523043887869 166.9765275143184 -10
1948 239.4799903422316 60.2997027067194 -10
1949 237.9901809554604 240.2243479437236 -10
1950 312.6023241564582 173.2157712425843 -10
1951 312.5348346564053 128.7201200402506 -10
1952 143.4727465148138 234.1992717891916 -10
1953 224.9598400973676 276.1592291094531 -10
1954 198.6472521120913 128.993302396025 -10
1955 152.484449971129 165.4117243111394 -10
1956 226.9849562456291 24.68889111616831 -10
1957 140.5569263735624 67.19085171575321 -10
1958 198.5566663562611 70.69468941507404 -10
1959 193.1520524629803 230.8936080375295 -10
1960 24.67522558060927 201.5623417737593 -10
1961 67.03779213820702 121.126014363378 -10
1962 230.091421038789 196.0041534261678 -10
1963 310.1595365978726 246.600591873141 -10
1964 310.7353933969094 55.17416673252344 -10
1965 285.2282275024845 166.5529879106617 -10
1966 286.0760441623789 134.635370319214 -10
1967 229.6304722180628 105.8844308275274 -10
1968 22.63420871558056 107.3004893993299 -10
1969 313.0190100725806 202.3340657379761 -10
1970 312.9418792154097 99.60978804467445 -10
1971 245.643169742102 148.0286195680826 -10
1972 182.4414284444915 205.0060022806476 -10
1973 19.46734848698479 245.1912311931067 -10
1974 106.0334631614231 19.9707885400038 -10
1975 179.9378378047881 53.17476613802027 -10
1976 175.9274215016575 248.1175150146456 -10
1977 264.0297624958658 240.6505242392946 -10
1978 19.82259039854925 55.31211144241615 -10
1979 104.4543997114726 282.3145187257354 -10
1980 223.4724140544955 78.27706934507486 -10
1981 149.1299709951729 212.7595832356095 -10
1982 162.3481023843495 98.19184427997378 -10
1983 264.0617139269207 60.70140206993219 -10
1984 52.24456112627414 168.8064540039373 -10
1985 51.80620032252328 81.49399654575183 -10
1986 184.8818764696175 94.28874766159312 -10
1987 102.9063334477329 140.0896192660804 -10
1988 269.1983778388214 100.413526103105 -10
1989 140.6967799891947 131.5350960038025 -10
1990 102.1692050842507 56.0049203053379 -10
1991 19.5453723658173 150.5053600982235 -10
1992 223.5650508636653 157.8998718934292 -10
1993 205.0257270115515 283.402601054619 -10
1994 156.6716772217237 16.47201432019605 -10
1995 169.6005940041478 282.4108923063063 -10
1996 84.00000000008606 17.41331152645658 -10
1997 260.7820940635792 167.3098844539291 -10
1998 78.25824418028309 246.3203926573109 -10
1999 252.4701380160715 283.7586684593966 -10
2000 84.65058243706662 107.6856996938961 -10
2001 269.3514875186245 200.7850986596409 -10
2002 19.88997247981809 282.2333855379202 -10
2003 99.19107131603097 249.6478029722515 -10
2004 148.1480738139852 282.2167302753327 -10
2005 206.7437078569635 20.59493397789678 -10
2006 139.5167297834008 253.8716554666661 -10
2007 103.9929519196948 79.38476997264588 -10
2008 18.50659560381387 176.6076918865919 -10
2009 251.9999999999139 16.14053666017619 -10
2010 119.2303290611381 100.4125196638759 -10
2011 83.65529441868199 285.8389785263423 -10
2012 77.43475406820252 52.97103169072532 -10
2013 157.8946453954794 119.8340987137281 -10
2014 19.2801095546126 19.13655740027739 -10
2015 117.738611451053 197.8204394337513 -10
2016 74.77877252603011 162.8910669616176 -10
2017 78.73496637013774 200.9000319508388 -10
2018 144.3435347674164 48.80417826623783 -10
2019 173.7086628192172 16.88438783590823 -10
2020 103.7605964841848 215.2151330694973 -10
2021 200.2156053161698 212.8940598713982 -10
2022 162.9555832704557 199.1394176544091 -10
2023 43.15436479673002 249.6428333080973 -10
2024 206.3342071210552 147.5569656099966 -10
2025 142.3685441801033 88.8946567820138 -10
2026 40.89167629509366 147.8073387079088 -10
2027 131.9753837449458 164.8818878586447 -10
2028 191.6460395996426 178.5497691141402 -10
2029 159.0932186051171 56.4726360012918 -10
2030 231.2997125135613 257.5587435597793 -10
2031 41.52970111705464 284.1811756692181 -10
2032 211.6467708554771 114.3685376136866 -10
2033 175.7377328352128 134.4308754390708 -10
2034 41.11767108883598 17.35992366212566 -10
2035 46.82238804888189 213.9397151791195 -10
2036 194.1987024086185 252.625456837516 -10
2037 14.28518662759714 127.7692307692308 -10
2038 233.5869512152486 42.54512892461982 -10
2039 170.7664220090208 162.6880990253449 -10
2040 14.39250905734913 221.267768275409 -10
2041 41.6428266311261 48.74818886927238 -10
2042 320.9436220301951 80.22072285376434 -10
2043 320.4533927200894 222.1738666972995 -10
2044 269.0149213423443 264.693733975151 -10
2045 289.7818036913103 211.8991805091111 -10
2046 289.7818036914861 90.10081949061896 -10
2047 91.08280398301878 179.9860061558777 -10
2048 270.8583677459929 41.27195536575414 -10
2049 321.0833286329564 150.9873436911684 -10
2050 196.0233651818277 109.7184810957433 -10
2051 317.7912364264487 17.95370815048546 -10
2052 317.8191822339331 284.0604178712547 -10
2053 18.67866869932433 81.17962781929913 -10
2054 297.8040862225878 17.70061577654702 -10
2055 14.41821946507588 35.48794771361013 -10
2056 113.7240046444808 159.1892558774459 -10
2057 298.4146350764505 284.7074869005824 -10
2058 112.0038305073061 38.58898436823079 -10
2059 14.5343710936572 265.7772310385131 -10
2060 45.61769614373474 121.5434115946593 -10
2061 70.74312940728245 73.15714276107818 -10
2062 220.5018669492307 179.6969098398291 -10
2063 78.77123772663276 144.788189624201 -10
2064 35.18422588005323 183.1584971312395 -10
2065 107.6706443124666 232.2432487060422 -10
2066 157.893955546422 245.7188888741017 -10
2067 109.49331707659 263.5882529386981 -10
2068 289.3452488510285 68.6607962358992 -10
2069 289.3452488509467 233.3392037639845 -10
2070 322.9456718664455 34.84615384611635 -10
2071 322.945671866418 267.153846153786 -10
2072 249.1093204555442 107.3806918121148 -10
2073 275.0641564484137 119.7883824238616 -10
2074 65.46080319334862 257.1479181792092 -10
2075 101.2816221239258 116.4168634144955 -10
2076 198.5449347123802 44.76565439767742 -10
2077 204.7495344259439 266.5349880016802 -10
2078 263.4500836717671 133.8179502047375 -10
2079 289.7486490517511 35.32680000217687 -10
2080 290.4809628733175 266.616802283236 -10
2081 286.4320686907928 150.5624851175403 -10
2082 274.1808687385407 182.4418369496767 -10
2083 244.9812558725271 126.9062194943907 -10
2084 33.69360691372945 91.41014748138801 -10
2085 50.44003973660428 230.4930244239339 -10
2086 156.8368022490194 181.9204343902266 -10
2087 119.2626593537131 67.19065784094154 -10
2088 247.0881339300414 196.8938632686011 -10
2089 70.60802870555287 232.3872996888829 -10
2090 85.65333755274094 87.10633049465061 -10
2091 141.694264083679 149.9023096617119 -10
2092 13.17690862648158 307.7415942282491 298.1874352344391
2093 322.8230915415629 307.7415950293578 298.1874346726464
2094 344.2231944280357 307.6902612768415 276.7136296278159
2095 344.2232543395145 307.690174695706 13.28640363789282
2096 13.17690859753799 310.1874348545088 -5.741594770024479
2097 322.8230914712279 307.7415946158901 -8.187434962598548
2098 180.8665481100455 312 149.3217914863494
2099 96.52704678365878 312 193.4742891711724
2100 93.43421144801576 312 91.28600992240673
2101 249.2490733946517 312 198.4794686746752
2102 245.9772918792641 312 87.33072687270445
2103 167.4057318092027 312 217.193560461595
2104 167.094744572654 312 72.45267873899166
2105 270.2868132249358 312 148.193758099014
2106 59.67278705238576 312 142.1709707270747
2107 55.70476656745136 312 231.5372767035858
2108 56.68077822077279 312 59.26274117953685
2109 126.230292711753 312 144.4374838025838
2110 284.4000268379414 312 238.4237048137505
2111 284.400026837943 312 51.57629518623374
2112 210.2933193125526 312 53.79180900813887
2113 213.5558962681445 312 238.3814179997753
2114 122.4036446953491 312 241.4328192092697
2115 122.4036446955649 312 48.56718079065976
2116 223.2772731512016 312 158.529837746577
2117 202.4149462576441 312 109.7845568276034
2118 42.49534470166222 312 191.3798521292314
2119 44.4217803479434 312 98.58187159346853
2120 291.6454924911339 312 183.3261135589832
2121 291.1127773375522 312 103.7572993359181
2122 204.318255526215 312 195.6847535434106
2123 152.0934700528992 312 116.5278862606246
2124 152.094282428419 312 176.8212413565122
2125 247.570645604256 312 251.2775376452462
2126 248.416370985828 312 37.65394934846867
2127 155.6625640872381 312 252.9880645592004
2128 156.0148041940589 312 37.01404736047276
2129 242.7530877348755 312 124.7386562700314
2130 85.77875360944701 312 255.7033756816477
2131 85.77875360948296 312 34.29662431831612
2132 130.2267778331819 312 204.8884194343262
2133 130.2267778331674 312 85.11158056566143
2134 92.31179104431203 312 158.9393109833678
2135 29.97156757625577 312 253.2434789224013
2136 29.96221977110221 312 36.8512701527048
2137 303.9518492822901 312 128.9402518068607
2138 30.47360106114578 312 163.0136197410372
2139 86.58510114053257 312 123.445822986901
2140 188.5418779729417 312 259.7630399261084
2141 187.4158636088367 312 28.1627937108496
2142 258.9660569392514 312 170.4310242259815
2143 87.05139893519471 312 215.4901419007452
2144 85.95004105632887 312 70.89971027736991
2145 25.69855887460838 312 126.68439399567
2146 306.4312146645507 312 214.1473842068616
2147 309.3303046043486 312 73.72632663481465
2148 29.11823572278969 312 216.1223915562173
2149 30.95351391461343 312 74.06739642005236
2150 210.458867395688 312 135.3711331691803
2151 121.334796542993 312 175.208923617551
2152 120.7573713943006 312 114.4744076099682
2153 307.3764374503326 312 258.2307719376317
2154 307.376437450346 312 31.76922806238614
2155 185.6461729977207 312 174.9239140361034
2156 305.7437330679452 312 165.6124361128449
2157 195.0144009070111 312 73.93843755273147
2158 271.8129968565582 312 209.0578856728723
2159 274.9033982588543 312 71.04372007789785
2160 61.60880283337318 312 265.5919529393893
2161 61.60880283339394 312 24.40804706055286
2162 72.3503627087929 312 178.900495591569
2163 149.1033237709617 312 140.1340448421495
2164 275.5013242027968 312 271.475610003709
2165 272.7613669603935 312 22.94185912112085
2166 130.3253469555928 312 265.7974237937734
2167 130.325346955954 312 24.2025762062557
2168 222.8937208422953 312 76.43784565748406
2169 179.2538531405939 312 117.5077201105685
2170 235.4583883207333 312 226.1741470594611
2171 223.5518345392438 312 26.27924697905643
2172 224.4395600990064 312 263.9615265290647
2173 69.5219792595566 312 90.73910511099292
2174 192.8849536434631 312 220.5399926788146
2175 264.997468568335 312 112.2220909225185
2176 63.8802012937421 312 208.2971495189751
2177 225.789531667453 312 183.7603745591913
2178 253.3061657504859 312 66.02542166982249
2179 146.0914540307466 312 228.2004746508997
2180 144.632707911991 312 62.13123741983109
2181 200.5256161104604 312 155.4975848160365
2182 227.1959999699261 312 101.7887583292352
2183 63.97143910967269 312 119.3539822943318
2184 21.0731361034889 312 182.796789555497
2185 317.7783532353251 312 111.6805886526203
2186 262.8083908163583 312 228.6747659886394
2187 105.7452326428969 312 24.02027551016625
2188 105.7452326426898 312 265.9797244898488
2189 179.9376534815121 312 93.42082870116661
2190 110.0613442207615 312 216.6063980509713
2191 109.3587849371301 312 72.87767764468748
2192 184.5331932784948 312 52.22426476714675
2193 246.2569541118571 312 148.4948654171013
2194 22.11253991475881 312 107.4462237073139
2195 173.8540559350564 312 240.0684510029177
2196 308.955035436893 312 237.5109080450304
2197 309.317421679376 312 52.22330581024789
2198 178.3239327837536 312 198.9515179443764
2199 215.158147903988 312 216.6836579855053
2200 312.6129258262385 312 190.7762579648709
2201 278.5132615981288 312 167.5874806260628
2202 53.13608265588138 312 164.854696155455
2203 19.74291093609745 312 236.0787899721653
2204 18.9913390640589 312 54.46309964454541
2205 280.9076200132007 312 128.4931877317182
2206 271.0962587136604 312 189.2403635786499
2207 154.0296434328054 312 199.8928421296938
2208 153.9393568298761 312 91.13026189052833
2209 234.1134878994208 312 54.46170686823989
2210 51.96610445858276 312 76.6000737017382
2211 205.1073402219603 312 271.668327804291
2212 204.7045922373609 312 17.96499362470315
2213 163.3229256851298 312 159.7090631634293
2214 137.0790583520248 312 163.1406194976308
2215 107.106243690872 312 135.7395427723822
2216 251.9999999999139 312 17.0853565258178
2217 252.3751715848975 312 271.5836837944482
2218 169.6730320629322 312 269.3259148109221
2219 169.6730320633388 312 20.67408518900337
2220 98.75090943831802 312 238.6981528682479
2221 98.85047045904233 312 51.17908589171374
2222 81.08419796761987 312 107.7114191032427
2223 135.9458832033947 312 126.8492133643177
2224 228.889389602008 312 137.6312937423005
2225 207.9113698906102 312 173.6792929402637
2226 83.99999999987652 312 274.1864299809267
2227 84.00000000008606 312 15.81357001901707
2228 261.3568564947496 312 131.4013317975823
2229 292.808930106266 312 147.6284697270407
2230 18.53734330558816 312 200.2264733149814
2231 18.73105773358754 312 271.2320300209095
2232 18.73105773359343 312 18.76796997908346
2233 267.3551546955816 312 47.12689333043026
2234 316.3110758287696 312 89.95507522407689
2235 74.95247733195666 312 239.0364540395267
2236 72.30104034388462 312 49.92161381954755
2237 230.3047117052836 312 245.471807873047
2238 19.36124880902764 312 144.2999496740512
2239 71.92304109353414 312 157.8374010176422
2240 19.49756683546313 312 89.85243167756857
2241 150.2948873552748 312 269.9345606774102
2242 150.3368207017074 312 20.065690741564
2243 102.3427673386376 312 175.2396953714199
2244 162.6477057848238 312 54.1280506894639
2245 193.8188861774309 312 241.2749083801297
2246 322.7610351226973 312 203.9392438764235
2247 38.9453296385357 312 143.3215125938698
2248 116.1361091405548 312 192.0840486076835
2249 115.070219023699 312 96.85363582285382
2250 135.8961484959012 312 186.4498251502861
2251 135.4811964091867 312 104.058534468544
2252 113.4702650193528 312 158.7279058245482
2253 268.7311073883087 312 252.6883707609375
2254 316.7290432000508 312 147.3701445498609
2255 79.95225243034712 312 199.0405190456154
2256 247.7753372726228 312 105.0972269255424
2257 38.54874672164672 312 270.0355185012966
2258 38.5471887541589 312 19.98027301120617
2259 318.153766394255 312 272.0726460136373
2260 318.1537663942709 312 17.92735398637069
2261 227.7474465783353 312 203.4127244207504
2262 100.6728907775066 312 111.5851397029591
2263 168.2837037006336 312 131.4670677985387
2264 13.68910724918815 312 253.6108597831491
2265 13.68986868794516 312 36.52106884007265
2266 138.6612920875087 312 248.1363048938287
2267 138.661292088151 312 41.8636951059052
2268 167.4659939316623 312 185.054283496215
2269 298.4604355551334 312 272.745658379135
2270 298.0037760147624 312 17.99058647501094
2271 221.7007656164177 312 121.0219761086123
2272 127.1958051950098 312 222.7820278363667
2273 127.0583747237136 312 67.17178164496772
2274 49.96708607280934 312 248.586524774644
2275 49.67668308308658 312 41.48632868875428
2276 322.2352442871862 312 254.2284494167451
2277 322.2616572786299 312 35.75217841532476
2278 67.5621016316984 312 69.50353119401149
2279 47.72809097831156 312 216.9891458645411
2280 81.45815862762501 312 142.5939952481662
2281 190.3005891191776 312 133.1583090347128
2282 43.28734683875016 312 121.7776218523289
2283 202.8013327220278 312 35.59842327958773
2284 205.0927121478968 312 255.0098441278739
2285 239.2719594733875 312 71.50113825983451
2286 206.2688225392798 312 89.79464421432672
2287 39.34018992392933 312 57.79392047474849
2288 38.90292201311365 312 232.6885833424156
2289 288.9283183024423 312 221.6738144149177
2290 293.8144325082363 312 66.82768850033436
2291 290.621146861922 312 202.244846654219
2292 291.6553388356164 312 82.90791259306886
2293 239.6207834584105 312 171.3089972006803
2294 172.2355350723634 312 38.95092701207249
2295 290.570727811901 312 255.179170656699
2296 289.7310852836379 312 35.30507768018792
2297 167.0604585705382 312 107.0511866021009
2298 322.0918491435332 312 130.7648636687199
2299 267.1039682718187 312 89.76919977106752
$EndNodes
$Elements
4429
1 2 2 1 1 1 4 93
2 2 2 1 1 95 5 2
3 2 2 1 1 93 95 2
4 2 2 1 1 93 4 95
5 2 2 1 2 94 2 96
6 2 2 1 2 6 3 94
7 2 2 1 2 96 2 5
8 2 2 1 2 6 94 96
9 2 2 1 3 4 7 95
10 2 2 1 3 95 7 97
11 2 2 1 3 819 5 95
12 2 2 1 3 819 97 8
13 2 2 1 3 5 819 8
14 2 2 1 3 97 819 95
15 2 2 1 4 96 5 98
16 2 2 1 4 9 6 96
17 2 2 1 4 98 5 8
18 2 2 1 4 9 96 98
19 2 2 1 5 99 821 820
20 2 2 1 5 820 821 97
21 2 2 1 5 102 821 11
22 2 2 1 5 821 99 11
23 2 2 1 5 820 103 10
24 2 2 1 5 99 820 10
25 2 2 1 5 103 820 7
26 2 2 1 5 820 97 7
27 2 2 1 5 97 821 8
28 2 2 1 5 821 102 8
29 2 2 1 6 9 822 12
30 2 2 1 6 101 822 98
31 2 2 1 6 822 101 12
32 2 2 1 6 822 9 98
33 2 2 1 6 101 98 100
34 2 2 1 6 823 102 11
35 2 2 1 6 100 823 11
36 2 2 1 6 823 8 102
37 2 2 1 6 8 823 98
38 2 2 1 6 823 100 98
39 2 2 1 7 824 10 109
40 2 2 1 7 824 109 13
41 2 2 1 7 105 14 108
42 2 2 1 7 104 824 13
43 2 2 1 7 99 10 824
44 2 2 1 7 108 11 825
45 2 2 1 7 11 99 825
46 2 2 1 7 825 105 108
47 2 2 1 7 105 825 104
48 2 2 1 7 99 824 825
49 2 2 1 7 824 104 825
50 2 2 1 8 107 15 826
51 2 2 1 8 826 15 110
52 2 2 1 8 107 826 827
53 2 2 1 8 826 110 12
54 2 2 1 8 101 826 12
55 2 2 1 8 826 101 827
56 2 2 1 8 108 14 106
57 2 2 1 8 108 828 11
58 2 2 1 8 828 100 11
59 2 2 1 8 100 828 827
60 2 2 1 8 100 827 101
61 2 2 1 8 828 106 827
62 2 2 1 8 106 828 108
63 2 2 1 8 107 827 106
64 2 2 1 9 829 831 830
65 2 2 1 9 830 831 104
66 2 2 1 9 113 17 117
67 2 2 1 9 112 832 831
68 2 2 1 9 832 105 831
69 2 2 1 9 117 14 832
70 2 2 1 9 14 105 832
71 2 2 1 9 118 830 13
72 2 2 1 9 830 118 829
73 2 2 1 9 830 104 13
74 2 2 1 9 829 118 16
75 2 2 1 9 111 829 16
76 2 2 1 9 113 832 112
77 2 2 1 9 832 113 117
78 2 2 1 9 829 111 831
79 2 2 1 9 112 831 111
80 2 2 1 9 104 831 105
81 2 2 1 10 833 115 834
82 2 2 1 10 106 833 834
83 2 2 1 10 119 835 18
84 2 2 1 10 835 116 18
85 2 2 1 10 835 119 15
86 2 2 1 10 117 17 114
87 2 2 1 10 107 835 15
88 2 2 1 10 14 117 833
89 2 2 1 10 106 14 833
90 2 2 1 10 116 834 115
91 2 2 1 10 106 834 107
92 2 2 1 10 833 114 115
93 2 2 1 10 114 833 117
94 2 2 1 10 835 107 834
95 2 2 1 10 116 835 834
96 2 2 1 11 836 838 837
97 2 2 1 11 836 837 113
98 2 2 1 11 129 839 16
99 2 2 1 11 839 111 16
100 2 2 1 11 122 20 128
101 2 2 1 11 839 129 19
102 2 2 1 11 120 839 19
103 2 2 1 11 127 838 128
104 2 2 1 11 838 122 128
105 2 2 1 11 840 121 836
106 2 2 1 11 112 840 836
107 2 2 1 11 837 127 17
108 2 2 1 11 127 837 838
109 2 2 1 11 113 837 17
110 2 2 1 11 836 121 838
111 2 2 1 11 836 113 112
112 2 2 1 11 840 120 121
113 2 2 1 11 840 112 111
114 2 2 1 11 111 839 840
115 2 2 1 11 839 120 840
116 2 2 1 11 122 838 121
117 2 2 1 12 130 841 21
118 2 2 1 12 841 126 21
119 2 2 1 12 130 18 841
120 2 2 1 12 842 844 843
121 2 2 1 12 841 18 116
122 2 2 1 12 845 125 846
123 2 2 1 12 115 845 846
124 2 2 1 12 844 847 843
125 2 2 1 12 114 843 847
126 2 2 1 12 844 842 123
127 2 2 1 12 844 124 847
128 2 2 1 12 124 844 123
129 2 2 1 12 842 843 127
130 2 2 1 12 128 20 842
131 2 2 1 12 114 845 115
132 2 2 1 12 125 845 124
133 2 2 1 12 115 846 116
134 2 2 1 12 126 846 125
135 2 2 1 12 127 843 17
136 2 2 1 12 847 124 845
137 2 2 1 12 843 114 17
138 2 2 1 12 842 127 128
139 2 2 1 12 114 847 845
140 2 2 1 12 842 20 123
141 2 2 1 12 841 116 846
142 2 2 1 12 126 841 846
143 2 2 1 13 848 850 849
144 2 2 1 13 849 850 120
145 2 2 1 13 851 853 852
146 2 2 1 13 851 133 853
147 2 2 1 13 851 852 122
148 2 2 1 13 141 134 23
149 2 2 1 13 19 142 849
150 2 2 1 13 120 19 849
151 2 2 1 13 848 143 22
152 2 2 1 13 131 848 22
153 2 2 1 13 132 851 850
154 2 2 1 13 851 121 850
155 2 2 1 13 140 853 141
156 2 2 1 13 852 140 20
157 2 2 1 13 140 852 853
158 2 2 1 13 122 852 20
159 2 2 1 13 853 134 141
160 2 2 1 13 851 122 121
161 2 2 1 13 851 132 133
162 2 2 1 13 850 131 132
163 2 2 1 13 143 849 142
164 2 2 1 13 849 143 848
165 2 2 1 13 848 131 850
166 2 2 1 13 850 121 120
167 2 2 1 13 134 853 133
168 2 2 1 14 23 135 141
169 2 2 1 14 136 854 135
170 2 2 1 14 854 136 855
171 2 2 1 14 856 858 857
172 2 2 1 14 859 856 124
173 2 2 1 14 138 857 858
174 2 2 1 14 855 860 859
175 2 2 1 14 855 859 123
176 2 2 1 14 145 21 861
177 2 2 1 14 861 21 126
178 2 2 1 14 862 861 863
179 2 2 1 14 859 858 856
180 2 2 1 14 856 125 124
181 2 2 1 14 859 860 858
182 2 2 1 14 137 858 860
183 2 2 1 14 854 855 864
184 2 2 1 14 123 864 855
185 2 2 1 14 141 135 854
186 2 2 1 14 854 140 141
187 2 2 1 14 854 864 140
188 2 2 1 14 859 124 123
189 2 2 1 14 138 858 137
190 2 2 1 14 863 861 126
191 2 2 1 14 139 857 138
192 2 2 1 14 139 862 857
193 2 2 1 14 856 857 863
194 2 2 1 14 855 136 860
195 2 2 1 14 144 861 862
196 2 2 1 14 137 860 136
197 2 2 1 14 24 144 862
198 2 2 1 14 139 24 862
199 2 2 1 14 863 857 862
200 2 2 1 14 863 126 125
201 2 2 1 14 140 864 20
202 2 2 1 14 864 123 20
203 2 2 1 14 861 144 145
204 2 2 1 14 856 863 125
205 2 2 1 15 865 867 866
206 2 2 1 15 866 867 868
207 2 2 1 15 869 871 870
208 2 2 1 15 869 870 131
209 2 2 1 15 871 160 25
210 2 2 1 15 870 872 132
211 2 2 1 15 867 865 872
212 2 2 1 15 872 865 133
213 2 2 1 15 873 874 866
214 2 2 1 15 866 874 134
215 2 2 1 15 875 867 872
216 2 2 1 15 146 871 25
217 2 2 1 15 22 159 869
218 2 2 1 15 22 869 131
219 2 2 1 15 158 150 26
220 2 2 1 15 876 870 871
221 2 2 1 15 131 870 132
222 2 2 1 15 866 134 865
223 2 2 1 15 866 868 873
224 2 2 1 15 877 157 874
225 2 2 1 15 132 872 133
226 2 2 1 15 133 865 134
227 2 2 1 15 874 157 23
228 2 2 1 15 134 874 23
229 2 2 1 15 876 872 870
230 2 2 1 15 875 872 876
231 2 2 1 15 876 147 875
232 2 2 1 15 150 158 877
233 2 2 1 15 150 877 873
234 2 2 1 15 874 873 877
235 2 2 1 15 149 150 873
236 2 2 1 15 160 869 159
237 2 2 1 15 869 160 871
238 2 2 1 15 148 867 875
239 2 2 1 15 157 877 158
240 2 2 1 15 867 148 868
241 2 2 1 15 868 148 149
242 2 2 1 15 871 146 876
243 2 2 1 15 149 873 868
244 2 2 1 15 875 147 148
245 2 2 1 15 876 146 147
246 2 2 1 16 878 880 879
247 2 2 1 16 881 880 878
248 2 2 1 16 151 158 26
249 2 2 1 16 882 878 883
250 2 2 1 16 878 882 881
251 2 2 1 16 884 886 885
252 2 2 1 16 884 885 156
253 2 2 1 16 886 888 887
254 2 2 1 16 887 888 139
255 2 2 1 16 887 139 138
256 2 2 1 16 885 889 155
257 2 2 1 16 890 891 158
258 2 2 1 16 892 887 138
259 2 2 1 16 890 158 151
260 2 2 1 16 883 892 882
261 2 2 1 16 882 892 137
262 2 2 1 16 880 881 135
263 2 2 1 16 889 878 154
264 2 2 1 16 893 880 135
265 2 2 1 16 881 136 135
266 2 2 1 16 152 890 151
267 2 2 1 16 881 882 136
268 2 2 1 16 886 887 885
269 2 2 1 16 889 883 878
270 2 2 1 16 878 879 153
271 2 2 1 16 893 157 891
272 2 2 1 16 891 890 893
273 2 2 1 16 162 24 888
274 2 2 1 16 888 24 139
275 2 2 1 16 893 890 880
276 2 2 1 16 885 155 156
277 2 2 1 16 885 883 889
278 2 2 1 16 155 889 154
279 2 2 1 16 883 887 892
280 2 2 1 16 885 887 883
281 2 2 1 16 157 893 23
282 2 2 1 16 893 135 23
283 2 2 1 16 154 878 153
284 2 2 1 16 152 879 890
285 2 2 1 16 879 880 890
286 2 2 1 16 879 152 153
287 2 2 1 16 161 888 886
288 2 2 1 16 892 138 137
289 2 2 1 16 888 161 162
290 2 2 1 16 884 156 27
291 2 2 1 16 891 157 158
292 2 2 1 16 884 161 886
293 2 2 1 16 161 884 27
294 2 2 1 16 882 137 136
295 2 2 1 17 894 896 895
296 2 2 1 17 895 896 179
297 2 2 1 17 897 899 898
298 2 2 1 17 177 901 900
299 2 2 1 17 177 900 168
300 2 2 1 17 899 902 165
301 2 2 1 17 165 902 164
302 2 2 1 17 176 903 901
303 2 2 1 17 901 177 176
304 2 2 1 17 177 168 29
305 2 2 1 17 896 894 904
306 2 2 1 17 905 904 902
307 2 2 1 17 28 895 179
308 2 2 1 17 902 904 894
309 2 2 1 17 902 894 164
310 2 2 1 17 164 894 163
311 2 2 1 17 898 899 906
312 2 2 1 17 899 907 906
313 2 2 1 17 896 904 146
314 2 2 1 17 907 899 165
315 2 2 1 17 894 895 163
316 2 2 1 17 900 908 167
317 2 2 1 17 900 167 168
318 2 2 1 17 906 909 898
319 2 2 1 17 910 909 906
320 2 2 1 17 909 150 149
321 2 2 1 17 898 909 149
322 2 2 1 17 906 907 908
323 2 2 1 17 908 907 166
324 2 2 1 17 899 897 905
325 2 2 1 17 905 902 899
326 2 2 1 17 910 906 908
327 2 2 1 17 25 178 896
328 2 2 1 17 25 896 146
329 2 2 1 17 905 897 148
330 2 2 1 17 895 28 163
331 2 2 1 17 905 147 904
332 2 2 1 17 903 150 909
333 2 2 1 17 903 909 901
334 2 2 1 17 179 896 178
335 2 2 1 17 150 903 26
336 2 2 1 17 903 176 26
337 2 2 1 17 910 901 909
338 2 2 1 17 901 910 900
339 2 2 1 17 898 149 897
340 2 2 1 17 148 897 149
341 2 2 1 17 147 905 148
342 2 2 1 17 146 904 147
343 2 2 1 17 167 908 166
344 2 2 1 17 910 908 900
345 2 2 1 17 166 907 165
346 2 2 1 18 911 912 171
347 2 2 1 18 177 29 169
348 2 2 1 18 911 171 913
349 2 2 1 18 914 916 915
350 2 2 1 18 915 916 154
351 2 2 1 18 917 919 918
352 2 2 1 18 918 919 156
353 2 2 1 18 918 156 155
354 2 2 1 18 177 921 920
355 2 2 1 18 922 917 923
356 2 2 1 18 922 923 175
357 2 2 1 18 921 177 169
358 2 2 1 18 916 918 155
359 2 2 1 18 916 155 154
360 2 2 1 18 923 924 174
361 2 2 1 18 925 920 926
362 2 2 1 18 912 926 920
363 2 2 1 18 920 925 176
364 2 2 1 18 912 920 921
365 2 2 1 18 170 912 921
366 2 2 1 18 171 172 913
367 2 2 1 18 927 915 153
368 2 2 1 18 917 918 923
369 2 2 1 18 928 915 927
370 2 2 1 18 913 927 929
371 2 2 1 18 929 927 152
372 2 2 1 18 171 912 170
373 2 2 1 18 924 914 173
374 2 2 1 18 181 27 919
375 2 2 1 18 919 27 156
376 2 2 1 18 929 911 913
377 2 2 1 18 911 929 926
378 2 2 1 18 914 928 173
379 2 2 1 18 923 174 175
380 2 2 1 18 173 928 172
381 2 2 1 18 914 915 928
382 2 2 1 18 170 921 169
383 2 2 1 18 923 916 924
384 2 2 1 18 914 924 916
385 2 2 1 18 174 924 173
386 2 2 1 18 923 918 916
387 2 2 1 18 920 176 177
388 2 2 1 18 151 925 926
389 2 2 1 18 172 928 913
390 2 2 1 18 912 911 926
391 2 2 1 18 180 922 30
392 2 2 1 18 151 926 929
393 2 2 1 18 151 929 152
394 2 2 1 18 153 915 154
395 2 2 1 18 180 919 917
396 2 2 1 18 919 180 181
397 2 2 1 18 925 151 26
398 2 2 1 18 176 925 26
399 2 2 1 18 922 175 30
400 2 2 1 18 922 180 917
401 2 2 1 18 927 913 928
402 2 2 1 18 927 153 152
403 2 2 1 19 930 932 931
404 2 2 1 19 198 188 32
405 2 2 1 19 931 932 933
406 2 2 1 19 933 200 31
407 2 2 1 19 182 933 31
408 2 2 1 19 933 182 934
409 2 2 1 19 935 937 936
410 2 2 1 19 933 934 931
411 2 2 1 19 937 186 187
412 2 2 1 19 938 937 187
413 2 2 1 19 938 187 939
414 2 2 1 19 939 198 940
415 2 2 1 19 198 939 188
416 2 2 1 19 941 942 168
417 2 2 1 19 943 168 942
418 2 2 1 19 941 168 167
419 2 2 1 19 163 932 930
420 2 2 1 19 932 199 200
421 2 2 1 19 932 200 933
422 2 2 1 19 935 945 944
423 2 2 1 19 946 935 944
424 2 2 1 19 947 948 944
425 2 2 1 19 949 947 944
426 2 2 1 19 197 940 198
427 2 2 1 19 941 935 936
428 2 2 1 19 935 941 950
429 2 2 1 19 941 167 950
430 2 2 1 19 163 930 164
431 2 2 1 19 28 199 932
432 2 2 1 19 28 932 163
433 2 2 1 19 944 945 949
434 2 2 1 19 165 949 945
435 2 2 1 19 165 945 166
436 2 2 1 19 947 949 930
437 2 2 1 19 164 930 949
438 2 2 1 19 164 949 165
439 2 2 1 19 947 930 931
440 2 2 1 19 935 946 937
441 2 2 1 19 186 937 946
442 2 2 1 19 186 946 185
443 2 2 1 19 944 948 946
444 2 2 1 19 185 946 948
445 2 2 1 19 185 948 184
446 2 2 1 19 938 939 940
447 2 2 1 19 937 938 936
448 2 2 1 19 939 187 188
449 2 2 1 19 941 936 942
450 2 2 1 19 938 942 936
451 2 2 1 19 943 197 29
452 2 2 1 19 168 943 29
453 2 2 1 19 935 950 945
454 2 2 1 19 166 945 950
455 2 2 1 19 947 951 948
456 2 2 1 19 184 948 951
457 2 2 1 19 934 947 931
458 2 2 1 19 947 934 951
459 2 2 1 19 934 183 951
460 2 2 1 19 183 934 182
461 2 2 1 19 942 938 940
462 2 2 1 19 943 942 940
463 2 2 1 19 940 197 943
464 2 2 1 19 166 950 167
465 2 2 1 19 184 951 183
466 2 2 1 20 952 172 953
467 2 2 1 20 954 175 174
468 2 2 1 20 198 32 189
469 2 2 1 20 953 172 955
470 2 2 1 20 956 957 201
471 2 2 1 20 201 957 958
472 2 2 1 20 954 957 956
473 2 2 1 20 956 175 954
474 2 2 1 20 190 960 959
475 2 2 1 20 961 191 962
476 2 2 1 20 191 961 960
477 2 2 1 20 959 198 189
478 2 2 1 20 963 964 952
479 2 2 1 20 965 952 964
480 2 2 1 20 965 966 952
481 2 2 1 20 960 968 967
482 2 2 1 20 955 970 969
483 2 2 1 20 955 969 953
484 2 2 1 20 952 953 963
485 2 2 1 20 964 963 194
486 2 2 1 20 971 970 962
487 2 2 1 20 972 973 970
488 2 2 1 20 970 973 962
489 2 2 1 20 172 952 173
490 2 2 1 20 191 960 190
491 2 2 1 20 960 967 959
492 2 2 1 20 198 959 967
493 2 2 1 20 974 965 964
494 2 2 1 20 969 970 971
495 2 2 1 20 969 971 193
496 2 2 1 20 958 957 974
497 2 2 1 20 958 974 196
498 2 2 1 20 975 961 973
499 2 2 1 20 971 962 192
500 2 2 1 20 974 195 196
501 2 2 1 20 973 972 975
502 2 2 1 20 198 967 197
503 2 2 1 20 202 30 956
504 2 2 1 20 956 30 175
505 2 2 1 20 972 170 975
506 2 2 1 20 972 970 955
507 2 2 1 20 171 972 955
508 2 2 1 20 169 976 968
509 2 2 1 20 169 968 975
510 2 2 1 20 169 975 170
511 2 2 1 20 957 954 965
512 2 2 1 20 966 173 952
513 2 2 1 20 959 189 190
514 2 2 1 20 974 957 965
515 2 2 1 20 976 967 968
516 2 2 1 20 967 976 197
517 2 2 1 20 965 954 966
518 2 2 1 20 956 201 202
519 2 2 1 20 954 174 966
520 2 2 1 20 976 169 29
521 2 2 1 20 197 976 29
522 2 2 1 20 958 196 33
523 2 2 1 20 201 958 33
524 2 2 1 20 974 964 195
525 2 2 1 20 960 961 968
526 2 2 1 20 972 171 170
527 2 2 1 20 173 966 174
528 2 2 1 20 171 955 172
529 2 2 1 20 192 962 191
530 2 2 1 20 961 962 973
531 2 2 1 20 195 964 194
532 2 2 1 20 193 971 192
533 2 2 1 20 194 963 193
534 2 2 1 20 969 963 953
535 2 2 1 20 963 969 193
536 2 2 1 20 961 975 968
537 2 2 1 21 977 979 978
538 2 2 1 21 220 210 35
539 2 2 1 21 978 979 980
540 2 2 1 21 981 983 982
541 2 2 1 21 982 983 984
542 2 2 1 21 985 220 986
543 2 2 1 21 220 985 210
544 2 2 1 21 980 222 34
545 2 2 1 21 203 980 34
546 2 2 1 21 980 203 987
547 2 2 1 21 988 989 977
548 2 2 1 21 988 977 978
549 2 2 1 21 183 977 989
550 2 2 1 21 980 987 978
551 2 2 1 21 990 991 983
552 2 2 1 21 981 990 983
553 2 2 1 21 982 992 188
554 2 2 1 21 993 188 992
555 2 2 1 21 982 188 187
556 2 2 1 21 182 979 977
557 2 2 1 21 982 187 981
558 2 2 1 21 219 986 220
559 2 2 1 21 988 995 994
560 2 2 1 21 989 988 994
561 2 2 1 21 990 996 994
562 2 2 1 21 997 990 994
563 2 2 1 21 979 221 222
564 2 2 1 21 979 222 980
565 2 2 1 21 998 999 985
566 2 2 1 21 985 999 209
567 2 2 1 21 209 999 208
568 2 2 1 21 182 977 183
569 2 2 1 21 31 221 979
570 2 2 1 21 31 979 182
571 2 2 1 21 982 984 992
572 2 2 1 21 998 992 984
573 2 2 1 21 998 985 986
574 2 2 1 21 994 996 989
575 2 2 1 21 184 989 996
576 2 2 1 21 184 996 185
577 2 2 1 21 183 989 184
578 2 2 1 21 983 991 999
579 2 2 1 21 208 999 991
580 2 2 1 21 208 991 207
581 2 2 1 21 990 997 991
582 2 2 1 21 207 991 997
583 2 2 1 21 207 997 206
584 2 2 1 21 994 995 997
585 2 2 1 21 206 997 995
586 2 2 1 21 206 995 205
587 2 2 1 21 985 209 210
588 2 2 1 21 983 999 984
589 2 2 1 21 993 219 32
590 2 2 1 21 188 993 32
591 2 2 1 21 990 1000 996
592 2 2 1 21 185 996 1000
593 2 2 1 21 988 1001 995
594 2 2 1 21 205 995 1001
595 2 2 1 21 204 987 203
596 2 2 1 21 987 988 978
597 2 2 1 21 988 987 1001
598 2 2 1 21 987 204 1001
599 2 2 1 21 990 981 1000
600 2 2 1 21 981 186 1000
601 2 2 1 21 992 998 986
602 2 2 1 21 993 992 986
603 2 2 1 21 986 219 993
604 2 2 1 21 186 981 187
605 2 2 1 21 185 1000 186
606 2 2 1 21 205 1001 204
607 2 2 1 21 999 998 984
608 2 2 1 22 1002 1004 1003
609 2 2 1 22 1005 1007 1006
610 2 2 1 22 1003 1008 219
611 2 2 1 22 1008 1003 1004
612 2 2 1 22 1007 1010 1009
613 2 2 1 22 1007 1009 1011
614 2 2 1 22 1012 1005 1013
615 2 2 1 22 1013 1005 1006
616 2 2 1 22 223 1014 36
617 2 2 1 22 211 220 35
618 2 2 1 22 1014 218 36
619 2 2 1 22 220 1015 1003
620 2 2 1 22 1015 220 211
621 2 2 1 22 1010 1007 1005
622 2 2 1 22 1010 1005 192
623 2 2 1 22 192 1005 193
624 2 2 1 22 1005 1012 193
625 2 2 1 22 193 1012 194
626 2 2 1 22 1012 1016 194
627 2 2 1 22 194 1016 195
628 2 2 1 22 1016 1013 1017
629 2 2 1 22 1013 1006 216
630 2 2 1 22 1012 1013 1016
631 2 2 1 22 1018 1014 223
632 2 2 1 22 1007 1011 1006
633 2 2 1 22 1006 1011 215
634 2 2 1 22 1018 1019 1014
635 2 2 1 22 1014 1016 1017
636 2 2 1 22 1014 1019 1016
637 2 2 1 22 1017 1013 217
638 2 2 1 22 195 1016 1019
639 2 2 1 22 1004 190 189
640 2 2 1 22 1020 1021 1009
641 2 2 1 22 1020 1009 191
642 2 2 1 22 1004 189 1008
643 2 2 1 22 1014 1017 218
644 2 2 1 22 32 219 1008
645 2 2 1 22 189 32 1008
646 2 2 1 22 1022 1002 213
647 2 2 1 22 224 33 1018
648 2 2 1 22 1018 33 196
649 2 2 1 22 1002 1022 1004
650 2 2 1 22 190 1004 1020
651 2 2 1 22 190 1020 191
652 2 2 1 22 1002 1003 1015
653 2 2 1 22 1015 212 1002
654 2 2 1 22 1015 211 212
655 2 2 1 22 213 1002 212
656 2 2 1 22 214 1021 1022
657 2 2 1 22 1021 214 1011
658 2 2 1 22 191 1009 1010
659 2 2 1 22 1011 1009 1021
660 2 2 1 22 1018 223 224
661 2 2 1 22 218 1017 217
662 2 2 1 22 1010 192 191
663 2 2 1 22 1018 196 1019
664 2 2 1 22 195 1019 196
665 2 2 1 22 1013 216 217
666 2 2 1 22 215 1011 214
667 2 2 1 22 216 1006 215
668 2 2 1 22 1003 219 220
669 2 2 1 22 1022 213 214
670 2 2 1 22 1020 1022 1021
671 2 2 1 22 1022 1020 1004
672 2 2 1 23 1023 227 1024
673 2 2 1 23 1024 227 228
674 2 2 1 23 1025 1027 1026
675 2 2 1 23 243 232 38
676 2 2 1 23 1028 1029 1027
677 2 2 1 23 1029 1026 1027
678 2 2 1 23 1028 1027 230
679 2 2 1 23 1027 1030 229
680 2 2 1 23 1027 229 230
681 2 2 1 23 1031 1033 1032
682 2 2 1 23 1033 226 1032
683 2 2 1 23 226 1033 225
684 2 2 1 23 1034 210 1026
685 2 2 1 23 1026 1029 1034
686 2 2 1 23 1035 1031 1032
687 2 2 1 23 1023 1024 1036
688 2 2 1 23 1030 1025 1037
689 2 2 1 23 1027 1025 1030
690 2 2 1 23 1038 1031 1035
691 2 2 1 23 1038 1035 203
692 2 2 1 23 203 1035 204
693 2 2 1 23 1024 228 1039
694 2 2 1 23 1039 228 1030
695 2 2 1 23 1030 228 229
696 2 2 1 23 205 1040 1036
697 2 2 1 23 1039 1041 1024
698 2 2 1 23 1024 1041 1036
699 2 2 1 23 206 1036 1041
700 2 2 1 23 210 1034 35
701 2 2 1 23 1034 242 35
702 2 2 1 23 1042 243 1034
703 2 2 1 23 242 1034 243
704 2 2 1 23 34 244 1038
705 2 2 1 23 34 1038 203
706 2 2 1 23 1042 1029 1028
707 2 2 1 23 231 1042 1028
708 2 2 1 23 1023 1040 1032
709 2 2 1 23 226 1023 1032
710 2 2 1 23 1023 226 227
711 2 2 1 23 1026 210 209
712 2 2 1 23 243 1042 232
713 2 2 1 23 1039 1037 1041
714 2 2 1 23 1030 1037 1039
715 2 2 1 23 1037 207 1041
716 2 2 1 23 1036 206 205
717 2 2 1 23 1036 1040 1023
718 2 2 1 23 1028 230 231
719 2 2 1 23 1025 208 1037
720 2 2 1 23 209 1025 1026
721 2 2 1 23 1029 1042 1034
722 2 2 1 23 1035 1032 1040
723 2 2 1 23 204 1035 1040
724 2 2 1 23 204 1040 205
725 2 2 1 23 1042 231 232
726 2 2 1 23 1038 245 1031
727 2 2 1 23 245 1038 244
728 2 2 1 23 225 1033 37
729 2 2 1 23 245 1033 1031
730 2 2 1 23 1033 245 37
731 2 2 1 23 1025 209 208
732 2 2 1 23 1037 208 207
733 2 2 1 23 1041 207 206
734 2 2 1 24 1043 233 1044
735 2 2 1 24 1045 1047 1046
736 2 2 1 24 1044 233 234
737 2 2 1 24 1048 1044 1049
738 2 2 1 24 1049 1044 234
739 2 2 1 24 1050 215 1051
740 2 2 1 24 1051 215 214
741 2 2 1 24 1052 1054 1053
742 2 2 1 24 1054 1055 236
743 2 2 1 24 235 1055 1049
744 2 2 1 24 1055 235 236
745 2 2 1 24 1056 1058 1057
746 2 2 1 24 240 1057 1058
747 2 2 1 24 1046 1047 218
748 2 2 1 24 1049 1060 1059
749 2 2 1 24 1049 1059 1048
750 2 2 1 24 1061 1056 216
751 2 2 1 24 1048 1059 242
752 2 2 1 24 1062 1051 1053
753 2 2 1 24 1053 1051 214
754 2 2 1 24 1062 1053 1054
755 2 2 1 24 1062 1054 237
756 2 2 1 24 1054 1052 1055
757 2 2 1 24 1053 213 1052
758 2 2 1 24 1061 1050 1058
759 2 2 1 24 247 36 1047
760 2 2 1 24 1047 36 218
761 2 2 1 24 239 1058 1050
762 2 2 1 24 237 1054 236
763 2 2 1 24 1050 1061 215
764 2 2 1 24 1044 1048 1043
765 2 2 1 24 1056 217 216
766 2 2 1 24 243 1043 1048
767 2 2 1 24 1061 1058 1056
768 2 2 1 24 235 1049 234
769 2 2 1 24 35 242 1059
770 2 2 1 24 211 35 1059
771 2 2 1 24 1061 216 215
772 2 2 1 24 1060 212 211
773 2 2 1 24 1060 211 1059
774 2 2 1 24 1053 214 213
775 2 2 1 24 1046 1057 1045
776 2 2 1 24 1055 1052 1060
777 2 2 1 24 1046 218 217
778 2 2 1 24 1056 1057 1046
779 2 2 1 24 212 1060 1052
780 2 2 1 24 212 1052 213
781 2 2 1 24 1062 237 238
782 2 2 1 24 240 1058 239
783 2 2 1 24 1050 238 239
784 2 2 1 24 1051 238 1050
785 2 2 1 24 238 1051 1062
786 2 2 1 24 241 1045 1057
787 2 2 1 24 241 1057 240
788 2 2 1 24 1056 1046 217
789 2 2 1 24 243 38 1043
790 2 2 1 24 246 1047 1045
791 2 2 1 24 1047 246 247
792 2 2 1 24 1043 38 233
793 2 2 1 24 1049 1055 1060
794 2 2 1 24 241 1063 1045
795 2 2 1 24 246 1063 39
796 2 2 1 24 1063 246 1045
797 2 2 1 24 1063 241 39
798 2 2 1 24 1048 242 243
799 2 2 1 25 1064 1065 255
800 2 2 1 25 1064 255 256
801 2 2 1 25 1066 270 40
802 2 2 1 25 248 1066 40
803 2 2 1 25 1067 1069 1068
804 2 2 1 25 1069 1071 1070
805 2 2 1 25 1072 1069 1067
806 2 2 1 25 1067 253 1072
807 2 2 1 25 1073 1075 1074
808 2 2 1 25 1074 250 1073
809 2 2 1 25 1074 1075 1076
810 2 2 1 25 1073 1077 1075
811 2 2 1 25 1066 1079 1078
812 2 2 1 25 1078 1079 225
813 2 2 1 25 1080 1077 1073
814 2 2 1 25 1075 1077 228
815 2 2 1 25 1073 251 1080
816 2 2 1 25 1077 1068 229
817 2 2 1 25 1080 1068 1077
818 2 2 1 25 1068 1069 230
819 2 2 1 25 256 41 268
820 2 2 1 25 1067 1068 1080
821 2 2 1 25 1080 252 1067
822 2 2 1 25 37 269 1078
823 2 2 1 25 1072 1071 1069
824 2 2 1 25 1069 1070 231
825 2 2 1 25 225 37 1078
826 2 2 1 25 1079 1066 1081
827 2 2 1 25 1076 1075 227
828 2 2 1 25 1065 1064 1082
829 2 2 1 25 1082 1071 1065
830 2 2 1 25 227 1075 228
831 2 2 1 25 1083 1082 1084
832 2 2 1 25 228 1077 229
833 2 2 1 25 1082 1064 1084
834 2 2 1 25 230 1069 231
835 2 2 1 25 1083 1084 267
836 2 2 1 25 1084 1064 268
837 2 2 1 25 268 1064 256
838 2 2 1 25 1083 267 38
839 2 2 1 25 229 1068 230
840 2 2 1 25 232 1083 38
841 2 2 1 25 1081 1066 248
842 2 2 1 25 1082 1083 1070
843 2 2 1 25 1070 1083 232
844 2 2 1 25 1070 1071 1082
845 2 2 1 25 1079 226 225
846 2 2 1 25 1076 226 1079
847 2 2 1 25 1065 254 255
848 2 2 1 25 1074 249 250
849 2 2 1 25 1072 253 254
850 2 2 1 25 1067 252 253
851 2 2 1 25 1070 232 231
852 2 2 1 25 1073 250 251
853 2 2 1 25 1080 251 252
854 2 2 1 25 267 1084 268
855 2 2 1 25 1081 249 1074
856 2 2 1 25 1078 270 1066
857 2 2 1 25 270 1078 269
858 2 2 1 25 1065 1071 1072
859 2 2 1 25 254 1065 1072
860 2 2 1 25 1079 1081 1074
861 2 2 1 25 249 1081 248
862 2 2 1 25 226 1076 227
863 2 2 1 25 1074 1076 1079
864 2 2 1 26 1085 1087 1086
865 2 2 1 26 1086 1087 261
866 2 2 1 26 1087 1085 1088
867 2 2 1 26 1088 1085 235
868 2 2 1 26 1086 1089 1085
869 2 2 1 26 1085 1089 236
870 2 2 1 26 1085 236 235
871 2 2 1 26 1090 1092 1091
872 2 2 1 26 257 268 41
873 2 2 1 26 1093 1095 1094
874 2 2 1 26 1092 1090 268
875 2 2 1 26 1092 268 257
876 2 2 1 26 1096 265 1097
877 2 2 1 26 1091 1098 1090
878 2 2 1 26 239 1096 1099
879 2 2 1 26 264 1096 1100
880 2 2 1 26 1096 239 1100
881 2 2 1 26 1101 237 1089
882 2 2 1 26 1089 237 236
883 2 2 1 26 1102 1098 1091
884 2 2 1 26 1091 1103 1102
885 2 2 1 26 1098 267 1090
886 2 2 1 26 1090 267 268
887 2 2 1 26 272 39 1095
888 2 2 1 26 1095 39 241
889 2 2 1 26 1088 1103 1087
890 2 2 1 26 1103 1088 1102
891 2 2 1 26 1092 258 1091
892 2 2 1 26 1094 1095 241
893 2 2 1 26 1092 257 258
894 2 2 1 26 263 1104 1101
895 2 2 1 26 1104 237 1101
896 2 2 1 26 1102 234 233
897 2 2 1 26 1102 233 1098
898 2 2 1 26 38 267 1098
899 2 2 1 26 233 38 1098
900 2 2 1 26 234 1102 1088
901 2 2 1 26 234 1088 235
902 2 2 1 26 259 1103 1091
903 2 2 1 26 266 1097 265
904 2 2 1 26 1103 259 260
905 2 2 1 26 260 1087 1103
906 2 2 1 26 1094 1097 1093
907 2 2 1 26 1094 241 240
908 2 2 1 26 1087 260 261
909 2 2 1 26 42 271 1093
910 2 2 1 26 266 42 1093
911 2 2 1 26 239 1099 240
912 2 2 1 26 266 1093 1097
913 2 2 1 26 240 1099 1094
914 2 2 1 26 265 1096 264
915 2 2 1 26 1086 261 262
916 2 2 1 26 1101 262 263
917 2 2 1 26 259 1091 258
918 2 2 1 26 1095 271 272
919 2 2 1 26 271 1095 1093
920 2 2 1 26 238 1100 239
921 2 2 1 26 264 1100 263
922 2 2 1 26 1089 262 1101
923 2 2 1 26 262 1089 1086
924 2 2 1 26 1104 238 237
925 2 2 1 26 1104 263 1100
926 2 2 1 26 238 1104 1100
927 2 2 1 26 1097 1099 1096
928 2 2 1 26 1099 1097 1094
929 2 2 1 27 1105 1107 1106
930 2 2 1 27 1108 44 295
931 2 2 1 27 280 1107 1105
932 2 2 1 27 1105 1106 255
933 2 2 1 27 1107 1109 1106
934 2 2 1 27 1106 1109 256
935 2 2 1 27 1110 1108 294
936 2 2 1 27 1111 1110 294
937 2 2 1 27 1110 1111 1109
938 2 2 1 27 296 1112 40
939 2 2 1 27 1112 248 40
940 2 2 1 27 1113 279 1105
941 2 2 1 27 254 1113 1105
942 2 2 1 27 255 1106 256
943 2 2 1 27 281 1110 1107
944 2 2 1 27 280 281 1107
945 2 2 1 27 274 1115 1114
946 2 2 1 27 1115 249 1114
947 2 2 1 27 1115 275 1116
948 2 2 1 27 250 1115 1116
949 2 2 1 27 1116 276 1117
950 2 2 1 27 256 1109 1111
951 2 2 1 27 1110 1109 1107
952 2 2 1 27 251 1116 1117
953 2 2 1 27 1118 278 1113
954 2 2 1 27 253 1118 1113
955 2 2 1 27 1117 277 1118
956 2 2 1 27 252 1117 1118
957 2 2 1 27 1108 1110 282
958 2 2 1 27 1110 281 282
959 2 2 1 27 1119 273 1120
960 2 2 1 27 1119 297 43
961 2 2 1 27 297 1119 1120
962 2 2 1 27 273 1119 43
963 2 2 1 27 1111 294 41
964 2 2 1 27 256 1111 41
965 2 2 1 27 248 1112 1120
966 2 2 1 27 297 1112 296
967 2 2 1 27 1112 297 1120
968 2 2 1 27 1108 282 44
969 2 2 1 27 248 1120 1114
970 2 2 1 27 1120 273 1114
971 2 2 1 27 1105 255 254
972 2 2 1 27 1105 279 280
973 2 2 1 27 294 1108 295
974 2 2 1 27 1114 249 248
975 2 2 1 27 1114 273 274
976 2 2 1 27 1113 254 253
977 2 2 1 27 1113 278 279
978 2 2 1 27 1115 274 275
979 2 2 1 27 1115 250 249
980 2 2 1 27 1116 275 276
981 2 2 1 27 1116 251 250
982 2 2 1 27 1118 253 252
983 2 2 1 27 1118 277 278
984 2 2 1 27 1117 276 277
985 2 2 1 27 1117 252 251
986 2 2 1 28 295 44 283
987 2 2 1 28 1121 1123 1122
988 2 2 1 28 1124 295 283
989 2 2 1 28 1121 1122 266
990 2 2 1 28 1125 1127 1126
991 2 2 1 28 1126 1127 1124
992 2 2 1 28 45 298 1123
993 2 2 1 28 293 45 1123
994 2 2 1 28 1127 258 257
995 2 2 1 28 1127 1128 258
996 2 2 1 28 1129 1124 1127
997 2 2 1 28 258 1128 259
998 2 2 1 28 1124 1129 294
999 2 2 1 28 1130 292 1121
1000 2 2 1 28 265 1130 1121
1001 2 2 1 28 1131 1133 1132
1002 2 2 1 28 1131 1132 261
1003 2 2 1 28 1131 1134 1133
1004 2 2 1 28 1133 1134 288
1005 2 2 1 28 1128 286 1135
1006 2 2 1 28 1135 286 287
1007 2 2 1 28 1122 299 42
1008 2 2 1 28 266 1122 42
1009 2 2 1 28 290 1137 1136
1010 2 2 1 28 1137 263 1136
1011 2 2 1 28 291 1130 1137
1012 2 2 1 28 1130 264 1137
1013 2 2 1 28 1132 289 1136
1014 2 2 1 28 262 1132 1136
1015 2 2 1 28 1126 1124 284
1016 2 2 1 28 1124 283 284
1017 2 2 1 28 1124 294 295
1018 2 2 1 28 289 1132 1133
1019 2 2 1 28 1129 1127 257
1020 2 2 1 28 285 1126 284
1021 2 2 1 28 1126 285 1125
1022 2 2 1 28 286 1125 285
1023 2 2 1 28 1128 1125 286
1024 2 2 1 28 1125 1128 1127
1025 2 2 1 28 294 1129 41
1026 2 2 1 28 1129 257 41
1027 2 2 1 28 292 1130 291
1028 2 2 1 28 264 1130 265
1029 2 2 1 28 265 1121 266
1030 2 2 1 28 293 1121 292
1031 2 2 1 28 259 1135 260
1032 2 2 1 28 1135 259 1128
1033 2 2 1 28 263 1137 264
1034 2 2 1 28 291 1137 290
1035 2 2 1 28 287 1134 1135
1036 2 2 1 28 1134 287 288
1037 2 2 1 28 1134 260 1135
1038 2 2 1 28 260 1131 261
1039 2 2 1 28 1131 260 1134
1040 2 2 1 28 290 1136 289
1041 2 2 1 28 262 1136 263
1042 2 2 1 28 1133 288 289
1043 2 2 1 28 1122 298 299
1044 2 2 1 28 298 1122 1123
1045 2 2 1 28 293 1123 1121
1046 2 2 1 28 261 1132 262
1047 2 2 1 29 1138 308 1139
1048 2 2 1 29 47 1140 310
1049 2 2 1 29 1138 1139 1141
1050 2 2 1 29 1138 1141 282
1051 2 2 1 29 1139 308 309
1052 2 2 1 29 1142 1144 1143
1053 2 2 1 29 43 325 1144
1054 2 2 1 29 43 1144 273
1055 2 2 1 29 309 1140 1139
1056 2 2 1 29 1140 1145 1139
1057 2 2 1 29 1140 309 310
1058 2 2 1 29 1142 1143 300
1059 2 2 1 29 1145 1141 1139
1060 2 2 1 29 1141 323 44
1061 2 2 1 29 323 1141 1145
1062 2 2 1 29 1143 325 46
1063 2 2 1 29 325 1143 1144
1064 2 2 1 29 300 1143 46
1065 2 2 1 29 282 1141 44
1066 2 2 1 29 1146 308 1138
1067 2 2 1 29 281 1146 1138
1068 2 2 1 29 301 1147 1142
1069 2 2 1 29 1147 274 1142
1070 2 2 1 29 273 1144 1142
1071 2 2 1 29 1147 302 1148
1072 2 2 1 29 275 1147 1148
1073 2 2 1 29 1149 307 1146
1074 2 2 1 29 280 1149 1146
1075 2 2 1 29 1148 303 1150
1076 2 2 1 29 276 1148 1150
1077 2 2 1 29 1150 304 1151
1078 2 2 1 29 277 1150 1151
1079 2 2 1 29 1152 306 1149
1080 2 2 1 29 279 1152 1149
1081 2 2 1 29 1151 305 1152
1082 2 2 1 29 278 1151 1152
1083 2 2 1 29 47 324 1140
1084 2 2 1 29 324 1145 1140
1085 2 2 1 29 324 323 1145
1086 2 2 1 29 281 1138 282
1087 2 2 1 29 1146 281 280
1088 2 2 1 29 1146 307 308
1089 2 2 1 29 1142 274 273
1090 2 2 1 29 1142 300 301
1091 2 2 1 29 1149 280 279
1092 2 2 1 29 1149 306 307
1093 2 2 1 29 1147 275 274
1094 2 2 1 29 1147 301 302
1095 2 2 1 29 1148 276 275
1096 2 2 1 29 1148 302 303
1097 2 2 1 29 1152 305 306
1098 2 2 1 29 1152 279 278
1099 2 2 1 29 1150 277 276
1100 2 2 1 29 1151 278 277
1101 2 2 1 29 1151 304 305
1102 2 2 1 29 1150 303 304
1103 2 2 1 30 1153 313 1154
1104 2 2 1 30 1154 313 314
1105 2 2 1 30 1155 1153 1156
1106 2 2 1 30 1155 1156 1157
1107 2 2 1 30 1153 1155 312
1108 2 2 1 30 1153 312 313
1109 2 2 1 30 1154 1158 1153
1110 2 2 1 30 1153 1158 1156
1111 2 2 1 30 324 47 1159
1112 2 2 1 30 1159 47 311
1113 2 2 1 30 326 1160 48
1114 2 2 1 30 1160 322 48
1115 2 2 1 30 284 1161 285
1116 2 2 1 30 315 1163 1162
1117 2 2 1 30 1163 286 1162
1118 2 2 1 30 1164 321 1165
1119 2 2 1 30 292 1164 1165
1120 2 2 1 30 1166 320 1164
1121 2 2 1 30 291 1166 1164
1122 2 2 1 30 1167 318 1168
1123 2 2 1 30 326 45 1160
1124 2 2 1 30 1160 45 293
1125 2 2 1 30 289 1167 1168
1126 2 2 1 30 1169 317 1167
1127 2 2 1 30 288 1169 1167
1128 2 2 1 30 1163 316 1169
1129 2 2 1 30 287 1163 1169
1130 2 2 1 30 1168 319 1166
1131 2 2 1 30 290 1168 1166
1132 2 2 1 30 283 1158 284
1133 2 2 1 30 284 1158 1161
1134 2 2 1 30 1158 283 1156
1135 2 2 1 30 283 44 1156
1136 2 2 1 30 44 323 1156
1137 2 2 1 30 1161 1154 314
1138 2 2 1 30 1154 1161 1158
1139 2 2 1 30 1159 311 1155
1140 2 2 1 30 1155 1157 1159
1141 2 2 1 30 324 1159 1157
1142 2 2 1 30 1155 311 312
1143 2 2 1 30 1160 293 1165
1144 2 2 1 30 322 1160 1165
1145 2 2 1 30 292 1165 293
1146 2 2 1 30 322 1165 321
1147 2 2 1 30 291 1164 292
1148 2 2 1 30 321 1164 320
1149 2 2 1 30 285 1162 286
1150 2 2 1 30 315 1162 314
1151 2 2 1 30 1156 323 1157
1152 2 2 1 30 290 1166 291
1153 2 2 1 30 320 1166 319
1154 2 2 1 30 1161 314 1162
1155 2 2 1 30 285 1161 1162
1156 2 2 1 30 286 1163 287
1157 2 2 1 30 1157 323 324
1158 2 2 1 30 316 1163 315
1159 2 2 1 30 289 1168 290
1160 2 2 1 30 319 1168 318
1161 2 2 1 30 317 1169 316
1162 2 2 1 30 287 1169 288
1163 2 2 1 30 288 1167 289
1164 2 2 1 30 318 1167 317
1165 2 2 1 31 1170 1172 1171
1166 2 2 1 31 1170 350 1172
1167 2 2 1 31 1173 1171 310
1168 2 2 1 31 310 1171 1172
1169 2 2 1 31 46 352 1174
1170 2 2 1 31 46 1174 300
1171 2 2 1 31 50 351 1170
1172 2 2 1 31 50 1170 337
1173 2 2 1 31 1174 352 49
1174 2 2 1 31 327 1174 49
1175 2 2 1 31 328 1176 1175
1176 2 2 1 31 1176 301 1175
1177 2 2 1 31 1177 335 1173
1178 2 2 1 31 309 1177 1173
1179 2 2 1 31 329 1178 1176
1180 2 2 1 31 1178 302 1176
1181 2 2 1 31 332 1180 1179
1182 2 2 1 31 1180 306 1179
1183 2 2 1 31 1172 350 47
1184 2 2 1 31 1181 334 1177
1185 2 2 1 31 310 1172 47
1186 2 2 1 31 300 1174 1175
1187 2 2 1 31 1174 327 1175
1188 2 2 1 31 308 1181 1177
1189 2 2 1 31 331 1179 1182
1190 2 2 1 31 1179 305 1182
1191 2 2 1 31 333 1181 1180
1192 2 2 1 31 1181 307 1180
1193 2 2 1 31 1170 1171 337
1194 2 2 1 31 1171 336 337
1195 2 2 1 31 1183 330 1182
1196 2 2 1 31 304 1183 1182
1197 2 2 1 31 336 1173 335
1198 2 2 1 31 309 1173 310
1199 2 2 1 31 335 1177 334
1200 2 2 1 31 308 1177 309
1201 2 2 1 31 307 1181 308
1202 2 2 1 31 334 1181 333
1203 2 2 1 31 336 1171 1173
1204 2 2 1 31 1175 301 300
1205 2 2 1 31 1175 327 328
1206 2 2 1 31 306 1180 307
1207 2 2 1 31 333 1180 332
1208 2 2 1 31 350 1170 351
1209 2 2 1 31 1176 328 329
1210 2 2 1 31 1176 302 301
1211 2 2 1 31 305 1179 306
1212 2 2 1 31 1183 303 1178
1213 2 2 1 31 330 1183 1178
1214 2 2 1 31 303 1183 304
1215 2 2 1 31 332 1179 331
1216 2 2 1 31 1178 303 302
1217 2 2 1 31 1178 329 330
1218 2 2 1 31 304 1182 305
1219 2 2 1 31 331 1182 330
1220 2 2 1 32 340 1184 339
1221 2 2 1 32 50 338 351
1222 2 2 1 32 1185 1184 311
1223 2 2 1 32 339 1184 1185
1224 2 2 1 32 1186 340 341
1225 2 2 1 32 339 1185 1187
1226 2 2 1 32 1184 340 1186
1227 2 2 1 32 349 1189 1188
1228 2 2 1 32 1185 350 1187
1229 2 2 1 32 1187 350 351
1230 2 2 1 32 342 1191 1190
1231 2 2 1 32 1191 314 1190
1232 2 2 1 32 51 353 1189
1233 2 2 1 32 312 1186 313
1234 2 2 1 32 349 51 1189
1235 2 2 1 32 313 1186 1190
1236 2 2 1 32 1192 348 1188
1237 2 2 1 32 321 1192 1188
1238 2 2 1 32 1186 341 1190
1239 2 2 1 32 1189 322 1188
1240 2 2 1 32 343 1193 1191
1241 2 2 1 32 1193 315 1191
1242 2 2 1 32 1194 345 1195
1243 2 2 1 32 353 48 1189
1244 2 2 1 32 1189 48 322
1245 2 2 1 32 317 1194 1195
1246 2 2 1 32 344 1194 1193
1247 2 2 1 32 1194 316 1193
1248 2 2 1 32 1195 346 1196
1249 2 2 1 32 318 1195 1196
1250 2 2 1 32 320 1197 1192
1251 2 2 1 32 1187 338 339
1252 2 2 1 32 347 1197 1196
1253 2 2 1 32 1197 319 1196
1254 2 2 1 32 1187 351 338
1255 2 2 1 32 311 1184 312
1256 2 2 1 32 312 1184 1186
1257 2 2 1 32 350 1185 47
1258 2 2 1 32 1185 311 47
1259 2 2 1 32 1191 315 314
1260 2 2 1 32 1191 342 343
1261 2 2 1 32 321 1188 322
1262 2 2 1 32 349 1188 348
1263 2 2 1 32 1193 316 315
1264 2 2 1 32 1193 343 344
1265 2 2 1 32 1190 341 342
1266 2 2 1 32 1190 314 313
1267 2 2 1 32 1194 317 316
1268 2 2 1 32 1194 344 345
1269 2 2 1 32 348 1192 347
1270 2 2 1 32 320 1192 321
1271 2 2 1 32 1195 318 317
1272 2 2 1 32 1195 345 346
1273 2 2 1 32 1196 319 318
1274 2 2 1 32 1196 346 347
1275 2 2 1 32 1197 320 319
1276 2 2 1 32 1197 347 1192
1277 2 2 1 33 1198 379 50
1278 2 2 1 33 337 1198 50
1279 2 2 1 33 49 380 1199
1280 2 2 1 33 327 49 1199
1281 2 2 1 33 1199 380 52
1282 2 2 1 33 354 1199 52
1283 2 2 1 33 355 1201 1200
1284 2 2 1 33 1201 328 1200
1285 2 2 1 33 362 1203 1202
1286 2 2 1 33 1203 335 1202
1287 2 2 1 33 359 1205 1204
1288 2 2 1 33 1205 332 1204
1289 2 2 1 33 357 1207 1206
1290 2 2 1 33 1207 330 1206
1291 2 2 1 33 360 1208 1205
1292 2 2 1 33 1208 333 1205
1293 2 2 1 33 358 1204 1207
1294 2 2 1 33 1204 331 1207
1295 2 2 1 33 356 1206 1201
1296 2 2 1 33 1206 329 1201
1297 2 2 1 33 1203 363 1209
1298 2 2 1 33 365 53 379
1299 2 2 1 33 336 1203 1209
1300 2 2 1 33 1208 361 1202
1301 2 2 1 33 334 1208 1202
1302 2 2 1 33 364 1198 1209
1303 2 2 1 33 1198 337 1209
1304 2 2 1 33 1209 337 336
1305 2 2 1 33 1209 363 364
1306 2 2 1 33 327 1199 1200
1307 2 2 1 33 1199 354 1200
1308 2 2 1 33 1198 365 379
1309 2 2 1 33 365 1198 364
1310 2 2 1 33 1203 336 335
1311 2 2 1 33 1203 362 363
1312 2 2 1 33 1202 335 334
1313 2 2 1 33 1202 361 362
1314 2 2 1 33 1200 328 327
1315 2 2 1 33 1200 354 355
1316 2 2 1 33 1201 329 328
1317 2 2 1 33 1201 355 356
1318 2 2 1 33 1206 330 329
1319 2 2 1 33 1206 356 357
1320 2 2 1 33 1208 334 333
1321 2 2 1 33 1208 360 361
1322 2 2 1 33 1207 331 330
1323 2 2 1 33 1207 357 358
1324 2 2 1 33 1204 332 331
1325 2 2 1 33 1204 358 359
1326 2 2 1 33 1205 333 332
1327 2 2 1 33 1205 359 360
1328 2 2 1 34 53 366 379
1329 2 2 1 34 1210 1211 367
1330 2 2 1 34 338 1210 339
1331 2 2 1 34 1210 367 368
1332 2 2 1 34 370 1213 1212
1333 2 2 1 34 1213 341 1212
1334 2 2 1 34 379 366 1211
1335 2 2 1 34 366 367 1211
1336 2 2 1 34 340 1214 1212
1337 2 2 1 34 339 1210 1214
1338 2 2 1 34 339 1214 340
1339 2 2 1 34 1214 369 1212
1340 2 2 1 34 381 51 1215
1341 2 2 1 34 51 349 1215
1342 2 2 1 34 381 1215 54
1343 2 2 1 34 1215 378 54
1344 2 2 1 34 1216 377 1217
1345 2 2 1 34 348 1216 1217
1346 2 2 1 34 1215 349 1217
1347 2 2 1 34 1213 371 1218
1348 2 2 1 34 342 1213 1218
1349 2 2 1 34 378 1215 1217
1350 2 2 1 34 1218 372 1219
1351 2 2 1 34 343 1218 1219
1352 2 2 1 34 1220 376 1216
1353 2 2 1 34 347 1220 1216
1354 2 2 1 34 1221 374 1222
1355 2 2 1 34 345 1221 1222
1356 2 2 1 34 1219 373 1221
1357 2 2 1 34 344 1219 1221
1358 2 2 1 34 1222 375 1220
1359 2 2 1 34 346 1222 1220
1360 2 2 1 34 368 1214 1210
1361 2 2 1 34 1214 368 369
1362 2 2 1 34 1210 338 1211
1363 2 2 1 34 338 50 1211
1364 2 2 1 34 50 379 1211
1365 2 2 1 34 348 1217 349
1366 2 2 1 34 378 1217 377
1367 2 2 1 34 347 1216 348
1368 2 2 1 34 377 1216 376
1369 2 2 1 34 346 1220 347
1370 2 2 1 34 376 1220 375
1371 2 2 1 34 340 1212 341
1372 2 2 1 34 370 1212 369
1373 2 2 1 34 375 1222 374
1374 2 2 1 34 345 1222 346
1375 2 2 1 34 341 1213 342
1376 2 2 1 34 371 1213 370
1377 2 2 1 34 374 1221 373
1378 2 2 1 34 344 1221 345
1379 2 2 1 34 372 1218 371
1380 2 2 1 34 342 1218 343
1381 2 2 1 34 373 1219 372
1382 2 2 1 34 343 1219 344
1383 2 2 1 35 1223 409 53
1384 2 2 1 35 56 409 394
1385 2 2 1 35 365 1223 53
1386 2 2 1 35 410 1224 52
1387 2 2 1 35 1224 354 52
1388 2 2 1 35 1224 382 1225
1389 2 2 1 35 354 1224 1225
1390 2 2 1 35 1226 391 1227
1391 2 2 1 35 363 1226 1227
1392 2 2 1 35 390 1226 1228
1393 2 2 1 35 1226 362 1228
1394 2 2 1 35 384 1230 1229
1395 2 2 1 35 1230 356 1229
1396 2 2 1 35 1231 389 1228
1397 2 2 1 35 361 1231 1228
1398 2 2 1 35 1227 392 1232
1399 2 2 1 35 364 1227 1232
1400 2 2 1 35 388 1231 1233
1401 2 2 1 35 1231 360 1233
1402 2 2 1 35 383 1229 1225
1403 2 2 1 35 1229 355 1225
1404 2 2 1 35 385 1234 1230
1405 2 2 1 35 1234 357 1230
1406 2 2 1 35 386 1235 1234
1407 2 2 1 35 1235 358 1234
1408 2 2 1 35 387 1233 1235
1409 2 2 1 35 1233 359 1235
1410 2 2 1 35 393 1223 1232
1411 2 2 1 35 1223 365 1232
1412 2 2 1 35 1223 394 409
1413 2 2 1 35 394 1223 393
1414 2 2 1 35 393 1232 392
1415 2 2 1 35 364 1232 365
1416 2 2 1 35 1227 364 363
1417 2 2 1 35 1227 391 392
1418 2 2 1 35 1225 355 354
1419 2 2 1 35 1225 382 383
1420 2 2 1 35 1226 363 362
1421 2 2 1 35 1226 390 391
1422 2 2 1 35 1229 383 384
1423 2 2 1 35 1229 356 355
1424 2 2 1 35 1224 410 55
1425 2 2 1 35 382 1224 55
1426 2 2 1 35 1230 384 385
1427 2 2 1 35 1230 357 356
1428 2 2 1 35 1228 362 361
1429 2 2 1 35 1228 389 390
1430 2 2 1 35 1234 358 357
1431 2 2 1 35 1234 385 386
1432 2 2 1 35 1235 359 358
1433 2 2 1 35 1235 386 387
1434 2 2 1 35 1233 360 359
1435 2 2 1 35 1233 387 388
1436 2 2 1 35 1231 361 360
1437 2 2 1 35 1231 388 389
1438 2 2 1 36 366 1237 1236
1439 2 2 1 36 395 409 56
1440 2 2 1 36 366 1236 367
1441 2 2 1 36 399 1239 1238
1442 2 2 1 36 1238 1239 369
1443 2 2 1 36 1236 1237 396
1444 2 2 1 36 396 1237 395
1445 2 2 1 36 1237 409 395
1446 2 2 1 36 402 1240 401
1447 2 2 1 36 397 1236 396
1448 2 2 1 36 1241 1236 397
1449 2 2 1 36 1241 397 398
1450 2 2 1 36 1237 366 53
1451 2 2 1 36 409 1237 53
1452 2 2 1 36 371 1240 372
1453 2 2 1 36 367 1241 368
1454 2 2 1 36 368 1241 1238
1455 2 2 1 36 368 1238 369
1456 2 2 1 36 1242 411 54
1457 2 2 1 36 1241 398 1238
1458 2 2 1 36 1238 398 399
1459 2 2 1 36 1243 1242 378
1460 2 2 1 36 378 1242 54
1461 2 2 1 36 367 1236 1241
1462 2 2 1 36 1243 408 1242
1463 2 2 1 36 407 1243 1244
1464 2 2 1 36 1244 1243 377
1465 2 2 1 36 406 1244 1245
1466 2 2 1 36 1245 1244 376
1467 2 2 1 36 405 1245 1246
1468 2 2 1 36 1246 1245 375
1469 2 2 1 36 404 1246 1247
1470 2 2 1 36 1247 1246 374
1471 2 2 1 36 403 1247 1248
1472 2 2 1 36 1248 1247 373
1473 2 2 1 36 402 1248 1240
1474 2 2 1 36 1240 1248 372
1475 2 2 1 36 1239 400 1249
1476 2 2 1 36 1239 1249 370
1477 2 2 1 36 401 1240 1249
1478 2 2 1 36 1249 1240 371
1479 2 2 1 36 370 1249 371
1480 2 2 1 36 401 1249 400
1481 2 2 1 36 1242 408 57
1482 2 2 1 36 411 1242 57
1483 2 2 1 36 377 1243 378
1484 2 2 1 36 408 1243 407
1485 2 2 1 36 376 1244 377
1486 2 2 1 36 407 1244 406
1487 2 2 1 36 375 1245 376
1488 2 2 1 36 406 1245 405
1489 2 2 1 36 374 1246 375
1490 2 2 1 36 405 1246 404
1491 2 2 1 36 373 1247 374
1492 2 2 1 36 404 1247 403
1493 2 2 1 36 369 1239 370
1494 2 2 1 36 400 1239 399
1495 2 2 1 36 372 1248 373
1496 2 2 1 36 403 1248 402
1497 2 2 1 37 1250 439 56
1498 2 2 1 37 59 439 424
1499 2 2 1 37 394 1250 56
1500 2 2 1 37 422 1252 1251
1501 2 2 1 37 1252 1250 394
1502 2 2 1 37 412 1254 1253
1503 2 2 1 37 1255 414 1256
1504 2 2 1 37 1255 1256 384
1505 2 2 1 37 423 1252 422
1506 2 2 1 37 1251 1252 393
1507 2 2 1 37 1254 413 1255
1508 2 2 1 37 1254 1255 383
1509 2 2 1 37 421 1251 1257
1510 2 2 1 37 1257 1251 392
1511 2 2 1 37 440 1253 55
1512 2 2 1 37 1253 1254 382
1513 2 2 1 37 393 1252 394
1514 2 2 1 37 385 1256 415
1515 2 2 1 37 1256 414 415
1516 2 2 1 37 1256 385 384
1517 2 2 1 37 391 1257 392
1518 2 2 1 37 421 1257 420
1519 2 2 1 37 1257 391 420
1520 2 2 1 37 1253 382 55
1521 2 2 1 37 1252 423 1250
1522 2 2 1 37 417 388 387
1523 2 2 1 37 1255 413 414
1524 2 2 1 37 1255 384 383
1525 2 2 1 37 392 1251 393
1526 2 2 1 37 422 1251 421
1527 2 2 1 37 1253 440 58
1528 2 2 1 37 412 1253 58
1529 2 2 1 37 420 391 390
1530 2 2 1 37 418 388 417
1531 2 2 1 37 418 389 388
1532 2 2 1 37 418 419 389
1533 2 2 1 37 416 387 386
1534 2 2 1 37 1254 412 413
1535 2 2 1 37 1254 383 382
1536 2 2 1 37 417 387 416
1537 2 2 1 37 419 390 389
1538 2 2 1 37 420 390 419
1539 2 2 1 37 424 1250 423
1540 2 2 1 37 1250 424 439
1541 2 2 1 37 416 386 415
1542 2 2 1 37 415 386 385
1543 2 2 1 38 396 427 397
1544 2 2 1 38 1258 426 1259
1545 2 2 1 38 427 396 1259
1546 2 2 1 38 425 439 59
1547 2 2 1 38 427 428 397
1548 2 2 1 38 1258 395 56
1549 2 2 1 38 1259 395 1258
1550 2 2 1 38 1259 426 427
1551 2 2 1 38 439 1258 56
1552 2 2 1 38 439 425 1258
1553 2 2 1 38 1258 425 426
1554 2 2 1 38 1260 441 57
1555 2 2 1 38 397 428 398
1556 2 2 1 38 399 429 430
1557 2 2 1 38 430 431 400
1558 2 2 1 38 400 431 401
1559 2 2 1 38 1259 396 395
1560 2 2 1 38 441 1260 60
1561 2 2 1 38 438 1260 1261
1562 2 2 1 38 398 428 429
1563 2 2 1 38 1260 438 60
1564 2 2 1 38 1261 1260 408
1565 2 2 1 38 432 433 402
1566 2 2 1 38 432 402 401
1567 2 2 1 38 408 1260 57
1568 2 2 1 38 399 430 400
1569 2 2 1 38 407 1261 408
1570 2 2 1 38 437 407 406
1571 2 2 1 38 436 437 406
1572 2 2 1 38 436 406 405
1573 2 2 1 38 438 1261 437
1574 2 2 1 38 435 436 405
1575 2 2 1 38 432 401 431
1576 2 2 1 38 435 405 404
1577 2 2 1 38 434 435 404
1578 2 2 1 38 434 404 403
1579 2 2 1 38 433 434 403
1580 2 2 1 38 433 403 402
1581 2 2 1 38 1261 407 437
1582 2 2 1 38 398 429 399
1583 2 2 1 39 442 1263 1262
1584 2 2 1 39 1262 1263 412
1585 2 2 1 39 1263 443 1264
1586 2 2 1 39 1263 1264 413
1587 2 2 1 39 62 471 455
1588 2 2 1 39 1264 444 1265
1589 2 2 1 39 1264 1265 414
1590 2 2 1 39 453 1267 1266
1591 2 2 1 39 1266 1267 423
1592 2 2 1 39 1265 445 1268
1593 2 2 1 39 1265 1268 415
1594 2 2 1 39 1267 454 1269
1595 2 2 1 39 1267 1269 424
1596 2 2 1 39 1270 450 1271
1597 2 2 1 39 1270 1271 420
1598 2 2 1 39 452 1266 1272
1599 2 2 1 39 1272 1266 422
1600 2 2 1 39 1268 446 1273
1601 2 2 1 39 1268 1273 416
1602 2 2 1 39 447 1274 1273
1603 2 2 1 39 1273 1274 417
1604 2 2 1 39 1275 449 1270
1605 2 2 1 39 1275 1270 419
1606 2 2 1 39 1271 451 1272
1607 2 2 1 39 1271 1272 421
1608 2 2 1 39 1274 448 1275
1609 2 2 1 39 1274 1275 418
1610 2 2 1 39 1269 471 59
1611 2 2 1 39 455 1269 454
1612 2 2 1 39 471 1269 455
1613 2 2 1 39 421 1272 422
1614 2 2 1 39 452 1272 451
1615 2 2 1 39 422 1266 423
1616 2 2 1 39 453 1266 452
1617 2 2 1 39 454 1267 453
1618 2 2 1 39 423 1267 424
1619 2 2 1 39 451 1271 450
1620 2 2 1 39 420 1271 421
1621 2 2 1 39 424 1269 59
1622 2 2 1 39 472 1262 58
1623 2 2 1 39 1262 412 58
1624 2 2 1 39 1263 442 443
1625 2 2 1 39 419 1270 420
1626 2 2 1 39 450 1270 449
1627 2 2 1 39 1262 472 61
1628 2 2 1 39 442 1262 61
1629 2 2 1 39 418 1275 419
1630 2 2 1 39 449 1275 448
1631 2 2 1 39 1273 417 416
1632 2 2 1 39 1273 446 447
1633 2 2 1 39 1274 447 448
1634 2 2 1 39 1274 418 417
1635 2 2 1 39 1268 445 446
1636 2 2 1 39 1268 416 415
1637 2 2 1 39 1265 415 414
1638 2 2 1 39 1265 444 445
1639 2 2 1 39 1264 414 413
1640 2 2 1 39 1264 443 444
1641 2 2 1 39 1263 413 412
1642 2 2 1 40 459 460 427
1643 2 2 1 40 456 471 62
1644 2 2 1 40 427 460 428
1645 2 2 1 40 471 456 1276
1646 2 2 1 40 471 1276 59
1647 2 2 1 40 1276 457 1277
1648 2 2 1 40 1276 1277 425
1649 2 2 1 40 1277 426 425
1650 2 2 1 40 1278 458 459
1651 2 2 1 40 1278 427 426
1652 2 2 1 40 435 1279 436
1653 2 2 1 40 1280 473 60
1654 2 2 1 40 438 1280 60
1655 2 2 1 40 427 1278 459
1656 2 2 1 40 458 1278 426
1657 2 2 1 40 468 1279 467
1658 2 2 1 40 1279 435 467
1659 2 2 1 40 429 461 462
1660 2 2 1 40 436 1281 437
1661 2 2 1 40 428 461 429
1662 2 2 1 40 469 1281 468
1663 2 2 1 40 437 1282 438
1664 2 2 1 40 434 466 467
1665 2 2 1 40 434 467 435
1666 2 2 1 40 1280 470 63
1667 2 2 1 40 470 1280 1282
1668 2 2 1 40 1282 1280 438
1669 2 2 1 40 469 1282 1281
1670 2 2 1 40 1281 1282 437
1671 2 2 1 40 468 1281 1279
1672 2 2 1 40 1279 1281 436
1673 2 2 1 40 433 465 466
1674 2 2 1 40 433 466 434
1675 2 2 1 40 431 463 464
1676 2 2 1 40 431 464 432
1677 2 2 1 40 473 1280 63
1678 2 2 1 40 428 460 461
1679 2 2 1 40 430 463 431
1680 2 2 1 40 464 465 432
1681 2 2 1 40 432 465 433
1682 2 2 1 40 463 430 462
1683 2 2 1 40 462 430 429
1684 2 2 1 40 470 1282 469
1685 2 2 1 40 1276 425 59
1686 2 2 1 40 1276 456 457
1687 2 2 1 40 1277 457 458
1688 2 2 1 40 426 1277 458
1689 2 2 1 41 486 487 1283
1690 2 2 1 41 486 1283 455
1691 2 2 1 41 65 503 1283
1692 2 2 1 41 487 65 1283
1693 2 2 1 41 484 452 483
1694 2 2 1 41 483 452 451
1695 2 2 1 41 1284 61 64
1696 2 2 1 41 1284 474 442
1697 2 2 1 41 474 1284 64
1698 2 2 1 41 61 1284 442
1699 2 2 1 41 1283 503 62
1700 2 2 1 41 455 1283 62
1701 2 2 1 41 486 455 454
1702 2 2 1 41 485 486 454
1703 2 2 1 41 482 483 451
1704 2 2 1 41 485 454 453
1705 2 2 1 41 484 485 453
1706 2 2 1 41 484 453 452
1707 2 2 1 41 479 447 478
1708 2 2 1 41 478 447 446
1709 2 2 1 41 475 476 444
1710 2 2 1 41 475 444 443
1711 2 2 1 41 476 477 445
1712 2 2 1 41 476 445 444
1713 2 2 1 41 450 449 481
1714 2 2 1 41 478 446 477
1715 2 2 1 41 450 482 451
1716 2 2 1 41 481 482 450
1717 2 2 1 41 477 446 445
1718 2 2 1 41 479 480 448
1719 2 2 1 41 479 448 447
1720 2 2 1 41 474 443 442
1721 2 2 1 41 474 475 443
1722 2 2 1 41 480 449 448
1723 2 2 1 41 480 481 449
1724 2 2 1 42 488 62 503
1725 2 2 1 42 456 62 488
1726 2 2 1 42 488 489 456
1727 2 2 1 42 498 499 466
1728 2 2 1 42 456 489 457
1729 2 2 1 42 457 489 490
1730 2 2 1 42 457 490 458
1731 2 2 1 42 488 503 65
1732 2 2 1 42 466 499 467
1733 2 2 1 42 469 501 502
1734 2 2 1 42 469 502 470
1735 2 2 1 42 461 494 462
1736 2 2 1 42 462 495 463
1737 2 2 1 42 458 490 491
1738 2 2 1 42 458 491 459
1739 2 2 1 42 463 495 496
1740 2 2 1 42 463 496 464
1741 2 2 1 42 496 497 464
1742 2 2 1 42 464 497 465
1743 2 2 1 42 500 501 468
1744 2 2 1 42 468 501 469
1745 2 2 1 42 494 495 462
1746 2 2 1 42 459 491 492
1747 2 2 1 42 461 493 494
1748 2 2 1 42 497 498 465
1749 2 2 1 42 459 492 460
1750 2 2 1 42 465 498 466
1751 2 2 1 42 492 493 460
1752 2 2 1 42 460 493 461
1753 2 2 1 42 1285 63 470
1754 2 2 1 42 1285 502 66
1755 2 2 1 42 502 1285 470
1756 2 2 1 42 63 1285 66
1757 2 2 1 42 467 500 468
1758 2 2 1 42 499 500 467
1759 2 2 1 43 517 518 1286
1760 2 2 1 43 517 1286 487
1761 2 2 1 43 512 481 511
1762 2 2 1 43 1287 504 1288
1763 2 2 1 43 513 482 512
1764 2 2 1 43 1287 1288 474
1765 2 2 1 43 483 482 513
1766 2 2 1 43 474 1288 475
1767 2 2 1 43 505 1288 504
1768 2 2 1 43 1288 505 475
1769 2 2 1 43 64 1287 474
1770 2 2 1 43 504 1287 67
1771 2 2 1 43 1287 64 67
1772 2 2 1 43 68 535 1286
1773 2 2 1 43 483 513 514
1774 2 2 1 43 518 68 1286
1775 2 2 1 43 512 482 481
1776 2 2 1 43 515 485 484
1777 2 2 1 43 509 479 478
1778 2 2 1 43 511 480 510
1779 2 2 1 43 478 508 509
1780 2 2 1 43 507 508 477
1781 2 2 1 43 476 475 506
1782 2 2 1 43 515 516 485
1783 2 2 1 43 1286 535 65
1784 2 2 1 43 510 479 509
1785 2 2 1 43 477 476 507
1786 2 2 1 43 481 480 511
1787 2 2 1 43 506 475 505
1788 2 2 1 43 477 508 478
1789 2 2 1 43 507 476 506
1790 2 2 1 43 480 479 510
1791 2 2 1 43 514 484 483
1792 2 2 1 43 487 1286 65
1793 2 2 1 43 515 484 514
1794 2 2 1 43 517 487 486
1795 2 2 1 43 516 517 486
1796 2 2 1 43 516 486 485
1797 2 2 1 44 532 500 531
1798 2 2 1 44 519 535 68
1799 2 2 1 44 534 502 533
1800 2 2 1 44 533 501 532
1801 2 2 1 44 531 500 499
1802 2 2 1 44 532 501 500
1803 2 2 1 44 531 499 530
1804 2 2 1 44 488 65 519
1805 2 2 1 44 530 499 498
1806 2 2 1 44 519 65 535
1807 2 2 1 44 530 498 529
1808 2 2 1 44 522 490 521
1809 2 2 1 44 529 497 528
1810 2 2 1 44 520 488 519
1811 2 2 1 44 488 520 489
1812 2 2 1 44 489 520 521
1813 2 2 1 44 489 521 490
1814 2 2 1 44 528 496 527
1815 2 2 1 44 533 502 501
1816 2 2 1 44 523 524 492
1817 2 2 1 44 498 497 529
1818 2 2 1 44 527 495 526
1819 2 2 1 44 492 524 493
1820 2 2 1 44 491 523 492
1821 2 2 1 44 497 496 528
1822 2 2 1 44 66 1289 69
1823 2 2 1 44 534 1289 502
1824 2 2 1 44 1289 534 69
1825 2 2 1 44 496 495 527
1826 2 2 1 44 1289 66 502
1827 2 2 1 44 490 522 491
1828 2 2 1 44 493 524 525
1829 2 2 1 44 525 526 494
1830 2 2 1 44 494 526 495
1831 2 2 1 44 493 525 494
1832 2 2 1 44 491 522 523
1833 2 2 1 45 550 518 549
1834 2 2 1 45 518 517 549
1835 2 2 1 45 71 568 1290
1836 2 2 1 45 550 71 1290
1837 2 2 1 45 1290 518 550
1838 2 2 1 45 1290 568 68
1839 2 2 1 45 518 1290 68
1840 2 2 1 45 546 514 545
1841 2 2 1 45 545 514 513
1842 2 2 1 45 544 545 513
1843 2 2 1 45 544 513 512
1844 2 2 1 45 548 549 517
1845 2 2 1 45 548 517 516
1846 2 2 1 45 547 548 516
1847 2 2 1 45 547 516 515
1848 2 2 1 45 543 511 542
1849 2 2 1 45 542 511 510
1850 2 2 1 45 547 515 546
1851 2 2 1 45 539 540 508
1852 2 2 1 45 539 508 507
1853 2 2 1 45 544 512 543
1854 2 2 1 45 543 512 511
1855 2 2 1 45 540 541 509
1856 2 2 1 45 540 509 508
1857 2 2 1 45 541 542 510
1858 2 2 1 45 536 504 67
1859 2 2 1 45 541 510 509
1860 2 2 1 45 537 538 506
1861 2 2 1 45 537 506 505
1862 2 2 1 45 536 67 70
1863 2 2 1 45 546 515 514
1864 2 2 1 45 538 539 507
1865 2 2 1 45 538 507 506
1866 2 2 1 45 536 505 504
1867 2 2 1 45 536 537 505
1868 2 2 1 46 566 534 533
1869 2 2 1 46 567 72 69
1870 2 2 1 46 554 521 553
1871 2 2 1 46 553 521 520
1872 2 2 1 46 563 530 562
1873 2 2 1 46 553 520 552
1874 2 2 1 46 562 530 529
1875 2 2 1 46 551 568 71
1876 2 2 1 46 562 529 561
1877 2 2 1 46 567 534 566
1878 2 2 1 46 561 529 528
1879 2 2 1 46 566 533 565
1880 2 2 1 46 561 528 560
1881 2 2 1 46 565 533 532
1882 2 2 1 46 560 527 559
1883 2 2 1 46 564 532 531
1884 2 2 1 46 564 531 563
1885 2 2 1 46 552 520 519
1886 2 2 1 46 68 568 551
1887 2 2 1 46 526 558 559
1888 2 2 1 46 68 551 519
1889 2 2 1 46 563 531 530
1890 2 2 1 46 69 534 567
1891 2 2 1 46 565 532 564
1892 2 2 1 46 551 552 519
1893 2 2 1 46 522 554 555
1894 2 2 1 46 528 527 560
1895 2 2 1 46 524 557 525
1896 2 2 1 46 556 557 524
1897 2 2 1 46 523 556 524
1898 2 2 1 46 527 526 559
1899 2 2 1 46 557 558 525
1900 2 2 1 46 521 554 522
1901 2 2 1 46 525 558 526
1902 2 2 1 46 555 523 522
1903 2 2 1 46 556 523 555
1904 2 2 1 47 540 539 573
1905 2 2 1 47 572 539 538
1906 2 2 1 47 577 544 543
1907 2 2 1 47 537 536 570
1908 2 2 1 47 569 536 70
1909 2 2 1 47 572 538 571
1910 2 2 1 47 74 71 584
1911 2 2 1 47 584 550 583
1912 2 2 1 47 574 575 541
1913 2 2 1 47 549 582 583
1914 2 2 1 47 550 549 583
1915 2 2 1 47 548 582 549
1916 2 2 1 47 581 582 548
1917 2 2 1 47 545 579 546
1918 2 2 1 47 580 581 547
1919 2 2 1 47 546 580 547
1920 2 2 1 47 545 578 579
1921 2 2 1 47 547 581 548
1922 2 2 1 47 577 543 576
1923 2 2 1 47 578 544 577
1924 2 2 1 47 542 575 576
1925 2 2 1 47 540 573 574
1926 2 2 1 47 573 539 572
1927 2 2 1 47 584 71 550
1928 2 2 1 47 579 580 546
1929 2 2 1 47 569 70 73
1930 2 2 1 47 545 544 578
1931 2 2 1 47 571 538 537
1932 2 2 1 47 541 540 574
1933 2 2 1 47 570 536 569
1934 2 2 1 47 543 542 576
1935 2 2 1 47 571 537 570
1936 2 2 1 47 541 575 542
1937 2 2 1 48 74 1291 71
1938 2 2 1 48 551 1291 585
1939 2 2 1 48 1291 551 71
1940 2 2 1 48 1291 74 585
1941 2 2 1 48 556 590 591
1942 2 2 1 48 556 591 557
1943 2 2 1 48 585 586 551
1944 2 2 1 48 551 586 552
1945 2 2 1 48 586 587 552
1946 2 2 1 48 552 587 553
1947 2 2 1 48 557 591 592
1948 2 2 1 48 557 592 558
1949 2 2 1 48 588 589 554
1950 2 2 1 48 601 75 72
1951 2 2 1 48 554 589 555
1952 2 2 1 48 553 587 588
1953 2 2 1 48 553 588 554
1954 2 2 1 48 589 590 555
1955 2 2 1 48 72 567 601
1956 2 2 1 48 555 590 556
1957 2 2 1 48 558 592 593
1958 2 2 1 48 558 593 559
1959 2 2 1 48 593 594 559
1960 2 2 1 48 559 594 560
1961 2 2 1 48 594 595 560
1962 2 2 1 48 560 595 561
1963 2 2 1 48 595 596 561
1964 2 2 1 48 561 596 562
1965 2 2 1 48 565 599 600
1966 2 2 1 48 565 600 566
1967 2 2 1 48 596 597 562
1968 2 2 1 48 562 597 563
1969 2 2 1 48 566 600 601
1970 2 2 1 48 566 601 567
1971 2 2 1 48 563 597 598
1972 2 2 1 48 563 598 564
1973 2 2 1 48 564 599 565
1974 2 2 1 48 564 598 599
1975 2 2 4 49 1332 1416 1439
1976 2 2 4 49 1416 1336 1439
1977 2 2 4 49 1318 1400 1513
1978 2 2 4 49 1320 1387 1491
1979 2 2 4 49 578 1379 1620
1980 2 2 4 49 1379 578 1453
1981 2 2 4 49 610 611 1408
1982 2 2 4 49 569 73 1472
1983 2 2 4 49 1357 1391 1424
1984 2 2 4 49 73 602 1472
1985 2 2 4 49 1391 1300 1424
1986 2 2 4 49 1408 611 1437
1987 2 2 4 49 1395 633 1479
1988 2 2 4 49 1379 1314 1554
1989 2 2 4 49 1301 1431 1524
1990 2 2 4 49 1314 1379 1487
1991 2 2 4 49 1445 1320 1588
1992 2 2 4 49 1409 1320 1445
1993 2 2 4 49 1524 1431 1542
1994 2 2 4 49 1349 1393 1535
1995 2 2 4 49 1387 1320 1540
1996 2 2 4 49 1326 1418 1441
1997 2 2 4 49 1432 1302 1525
1998 2 2 4 49 1396 1349 1634
1999 2 2 4 49 1366 1399 1504
2000 2 2 4 49 1314 1406 1458
2001 2 2 4 49 1406 1356 1458
2002 2 2 4 49 1304 1402 1523
2003 2 2 4 49 1293 1447 1461
2004 2 2 4 49 1447 1357 1461
2005 2 2 4 49 1432 1525 1545
2006 2 2 4 49 1400 1318 1590
2007 2 2 4 49 1321 1437 1523
2008 2 2 4 49 1379 1453 1487
2009 2 2 4 49 1453 1329 1487
2010 2 2 4 49 1343 1389 1512
2011 2 2 4 49 1389 1343 1534
2012 2 2 4 49 1321 1408 1437
2013 2 2 4 49 1391 1357 1583
2014 2 2 4 49 1331 1417 1435
2015 2 2 4 49 1417 1294 1435
2016 2 2 4 49 1360 1465 1493
2017 2 2 4 49 1536 1383 1581
2018 2 2 4 49 1342 1435 1442
2019 2 2 4 49 1435 1294 1442
2020 2 2 4 49 1322 1413 1506
2021 2 2 4 49 1349 1419 1634
2022 2 2 4 49 1469 1306 1484
2023 2 2 4 49 1473 1355 1474
2024 2 2 4 49 593 592 1409
2025 2 2 4 49 1443 630 1613
2026 2 2 4 49 1607 1412 1621
2027 2 2 4 49 1412 1323 1514
2028 2 2 4 49 608 609 1422
2029 2 2 4 49 1355 1505 1560
2030 2 2 4 49 1437 1358 1523
2031 2 2 4 49 1393 1349 1546
2032 2 2 4 49 1299 1398 1677
2033 2 2 4 49 1328 1394 1460
2034 2 2 4 49 1402 1304 1521
2035 2 2 4 49 1360 1404 1465
2036 2 2 4 49 1345 1402 1521
2037 2 2 4 49 1406 1337 1471
2038 2 2 4 49 1341 1412 1607
2039 2 2 4 49 1395 1330 1462
2040 2 2 4 49 1399 1366 1568
2041 2 2 4 49 1422 609 1510
2042 2 2 4 49 1349 1396 1546
2043 2 2 4 49 1300 1391 1603
2044 2 2 4 49 1318 1513 1639
2045 2 2 4 49 1307 1399 1477
2046 2 2 4 49 1384 1538 1578
2047 2 2 4 49 593 1409 1445
2048 2 2 4 49 1490 1295 1609
2049 2 2 4 49 1358 1536 1581
2050 2 2 4 49 1471 1382 1513
2051 2 2 4 49 1407 1350 1446
2052 2 2 4 49 1296 1471 1513
2053 2 2 4 49 1361 1469 1484
2054 2 2 4 49 1374 1429 1543
2055 2 2 4 49 1429 1297 1543
2056 2 2 4 49 1394 1328 1478
2057 2 2 4 49 1307 1477 1494
2058 2 2 4 49 1320 1491 1627
2059 2 2 4 49 1371 1455 1496
2060 2 2 4 49 1465 1341 1493
2061 2 2 4 49 1455 1311 1496
2062 2 2 4 49 1327 1424 1635
2063 2 2 4 49 1424 1448 1635
2064 2 2 4 49 1399 1307 1586
2065 2 2 4 49 1533 1393 1546
2066 2 2 4 49 1316 1407 1446
2067 2 2 4 49 1398 1299 1629
2068 2 2 4 49 1441 1342 1442
2069 2 2 4 49 1326 1441 1442
2070 2 2 4 49 1304 1523 1581
2071 2 2 4 49 1330 1395 1479
2072 2 2 4 49 1394 1338 1582
2073 2 2 4 49 1338 1394 1509
2074 2 2 4 49 629 630 1443
2075 2 2 4 49 633 1395 1574
2076 2 2 4 49 1398 1314 1487
2077 2 2 4 49 1386 1490 1609
2078 2 2 4 49 1333 1552 1616
2079 2 2 4 49 1333 1480 1552
2080 2 2 4 49 1314 1398 1526
2081 2 2 4 49 1292 1533 1546
2082 2 2 4 49 1463 1338 1502
2083 2 2 4 49 1446 1350 1467
2084 2 2 4 49 1403 1362 1585
2085 2 2 4 49 1441 1418 1573
2086 2 2 4 49 1463 1502 1548
2087 2 2 4 49 615 616 1421
2088 2 2 4 49 586 585 1450
2089 2 2 4 49 627 628 1416
2090 2 2 4 49 1306 1469 1577
2091 2 2 4 49 1333 1473 1474
2092 2 2 4 49 1322 1506 1640
2093 2 2 4 49 1335 1446 1467
2094 2 2 4 49 1477 1367 1494
2095 2 2 4 49 1376 1607 1621
2096 2 2 4 49 1385 1443 1613
2097 2 2 4 49 1366 1504 1571
2098 2 2 4 49 1454 1355 1560
2099 2 2 4 49 1339 1404 1520
2100 2 2 4 49 1538 1359 1578
2101 2 2 4 49 1318 1411 1512
2102 2 2 4 49 1362 1403 1579
2103 2 2 4 49 1469 1397 1577
2104 2 2 4 49 1364 1414 1539
2105 2 2 4 49 1535 1393 1662
2106 2 2 4 49 1514 1323 1644
2107 2 2 4 49 1404 1302 1465
2108 2 2 4 49 1327 1410 1468
2109 2 2 4 49 598 597 1420
2110 2 2 4 49 1344 1408 1501
2111 2 2 4 49 1408 1321 1501
2112 2 2 4 49 633 634 1479
2113 2 2 4 49 1489 1347 1562
2114 2 2 4 49 1464 574 1608
2115 2 2 4 49 621 622 1478
2116 2 2 4 49 1407 1316 1585
2117 2 2 4 49 1447 1293 1499
2118 2 2 4 49 1435 1342 1476
2119 2 2 4 49 1478 622 1678
2120 2 2 4 49 1562 1306 1616
2121 2 2 4 49 1337 1466 1497
2122 2 2 4 49 1319 1419 1507
2123 2 2 4 49 1404 1360 1567
2124 2 2 4 49 1419 1349 1507
2125 2 2 4 49 611 612 1437
2126 2 2 4 49 1450 585 1529
2127 2 2 4 49 1306 1473 1616
2128 2 2 4 49 1406 1471 1614
2129 2 2 4 49 1410 1327 1635
2130 2 2 4 49 1402 1345 1498
2131 2 2 4 49 1363 1452 1515
2132 2 2 4 49 1452 1308 1515
2133 2 2 4 49 1415 580 1620
2134 2 2 4 49 1439 1336 1541
2135 2 2 4 49 1389 1534 1573
2136 2 2 4 49 1459 1299 1677
2137 2 2 4 49 583 582 1488
2138 2 2 4 49 1301 1463 1500
2139 2 2 4 49 1463 1365 1500
2140 2 2 4 49 579 578 1620
2141 2 2 4 49 1433 1298 1564
2142 2 2 4 49 1307 1551 1617
2143 2 2 4 49 589 588 1438
2144 2 2 4 49 1421 616 1547
2145 2 2 4 49 1397 1563 1670
2146 2 2 4 49 577 576 1426
2147 2 2 4 49 1334 1458 1475
2148 2 2 4 49 1303 1407 1673
2149 2 2 4 49 1497 1466 1572
2150 2 2 4 49 605 606 1423
2151 2 2 4 49 1411 1318 1639
2152 2 2 4 49 1458 1356 1475
2153 2 2 4 49 1404 1339 1528
2154 2 2 4 49 617 618 1434
2155 2 2 4 49 1302 1404 1528
2156 2 2 4 49 1424 1300 1448
2157 2 2 4 49 1415 1379 1554
2158 2 2 4 49 1370 1422 1626
2159 2 2 4 49 1350 1407 1553
2160 2 2 4 49 1407 1303 1553
2161 2 2 4 49 1385 1520 1527
2162 2 2 4 49 1377 1489 1562
2163 2 2 4 49 1334 1415 1554
2164 2 2 4 49 1302 1432 1465
2165 2 2 4 49 1336 1455 1541
2166 2 2 4 49 1432 1341 1465
2167 2 2 4 49 591 590 1430
2168 2 2 4 49 1475 1307 1617
2169 2 2 4 49 1447 1499 1566
2170 2 2 4 49 1429 1374 1501
2171 2 2 4 49 1417 1371 1496
2172 2 2 4 49 1413 1322 1638
2173 2 2 4 49 577 1426 1453
2174 2 2 4 49 1539 1414 1628
2175 2 2 4 49 1483 1387 1540
2176 2 2 4 49 1412 1341 1631
2177 2 2 4 49 1346 1483 1540
2178 2 2 4 49 1352 1488 1551
2179 2 2 4 49 1410 1303 1468
2180 2 2 4 49 1337 1406 1526
2181 2 2 4 49 1319 1490 1648
2182 2 2 4 49 1406 1314 1526
2183 2 2 4 49 627 1416 1470
2184 2 2 4 49 1344 1422 1510
2185 2 2 4 49 1520 1311 1527
2186 2 2 4 49 1356 1406 1614
2187 2 2 4 49 1372 1433 1564
2188 2 2 4 49 575 574 1464
2189 2 2 4 49 1587 1335 1657
2190 2 2 4 49 1512 1411 1632
2191 2 2 4 49 600 599 1436
2192 2 2 4 49 1331 1410 1635
2193 2 2 4 49 1533 1292 1584
2194 2 2 4 49 1405 1533 1584
2195 2 2 4 49 1416 1332 1470
2196 2 2 4 49 1388 1464 1608
2197 2 2 4 49 589 1438 1580
2198 2 2 4 49 1303 1410 1476
2199 2 2 4 49 1490 1319 1604
2200 2 2 4 49 1415 1334 1592
2201 2 2 4 49 1422 1508 1626
2202 2 2 4 49 1355 1454 1474
2203 2 2 4 49 1297 1429 1498
2204 2 2 4 49 1488 582 1642
2205 2 2 4 49 1435 1476 1605
2206 2 2 4 49 1403 1585 1664
2207 2 2 4 49 1426 1329 1453
2208 2 2 4 49 1488 1378 1551
2209 2 2 4 49 1389 1433 1512
2210 2 2 4 49 598 1420 1550
2211 2 2 4 49 610 1408 1510
2212 2 2 4 49 1383 1506 1581
2213 2 2 4 49 1421 1353 1542
2214 2 2 4 49 1322 1421 1542
2215 2 2 4 49 1353 1421 1547
2216 2 2 4 49 580 579 1620
2217 2 2 4 49 1417 1496 1623
2218 2 2 4 49 1420 1323 1545
2219 2 2 4 49 1354 1420 1545
2220 2 2 4 49 1328 1425 1478
2221 2 2 4 49 1346 1409 1518
2222 2 2 4 49 1320 1409 1540
2223 2 2 4 49 1409 1346 1540
2224 2 2 4 49 1409 592 1518
2225 2 2 4 49 1339 1574 1671
2226 2 2 4 49 1534 1317 1573
2227 2 2 4 49 1339 1485 1574
2228 2 2 4 49 1335 1467 1657
2229 2 2 4 49 1427 1330 1479
2230 2 2 4 49 594 593 1445
2231 2 2 4 49 1331 1448 1559
2232 2 2 4 49 1420 1354 1550
2233 2 2 4 49 1425 1328 1599
2234 2 2 4 49 603 604 1444
2235 2 2 4 49 1408 1344 1510
2236 2 2 4 49 1428 1338 1636
2237 2 2 4 49 591 1430 1518
2238 2 2 4 49 1298 1433 1665
2239 2 2 4 49 1471 1296 1614
2240 2 2 4 49 1379 1415 1620
2241 2 2 4 49 1413 1304 1506
2242 2 2 4 49 1563 1363 1670
2243 2 2 4 49 1330 1427 1602
2244 2 2 4 49 1579 1461 1598
2245 2 2 4 49 1438 1369 1580
2246 2 2 4 49 1328 1434 1599
2247 2 2 4 49 1340 1413 1638
2248 2 2 4 49 1315 1454 1539
2249 2 2 4 49 1336 1443 1527
2250 2 2 4 49 1454 1364 1539
2251 2 2 4 49 1323 1412 1631
2252 2 2 4 49 1414 1364 1604
2253 2 2 4 49 1419 1319 1648
2254 2 2 4 49 1437 612 1593
2255 2 2 4 49 1336 1416 1522
2256 2 2 4 49 1436 1330 1602
2257 2 2 4 49 1496 1360 1623
2258 2 2 4 49 1520 1404 1567
2259 2 2 4 49 1505 1355 1577
2260 2 2 4 49 1458 1334 1554
2261 2 2 4 49 1410 1331 1605
2262 2 2 4 49 1430 1346 1518
2263 2 2 4 49 1294 1493 1575
2264 2 2 4 49 1514 1384 1578
2265 2 2 4 49 1324 1423 1615
2266 2 2 4 49 1575 1493 1607
2267 2 2 4 49 1371 1417 1618
2268 2 2 4 49 1417 1331 1618
2269 2 2 4 49 1293 1461 1579
2270 2 2 4 49 1428 1381 1668
2271 2 2 4 49 619 1425 1599
2272 2 2 4 49 1299 1466 1629
2273 2 2 4 49 1439 1300 1603
2274 2 2 4 49 1416 628 1522
2275 2 2 4 49 1423 606 1481
2276 2 2 4 49 1397 1505 1577
2277 2 2 4 49 1346 1430 1519
2278 2 2 4 49 1501 1374 1600
2279 2 2 4 49 1413 1340 1570
2280 2 2 4 49 1433 1389 1665
2281 2 2 4 49 1546 1396 1657
2282 2 2 4 49 1304 1413 1612
2283 2 2 4 49 1448 1331 1635
2284 2 2 4 49 580 1415 1592
2285 2 2 4 49 578 577 1453
2286 2 2 4 49 605 1423 1569
2287 2 2 4 49 584 583 1557
2288 2 2 4 49 1430 1369 1519
2289 2 2 4 49 1438 588 1486
2290 2 2 4 49 1393 1533 1632
2291 2 2 4 49 1423 1361 1569
2292 2 2 4 49 1505 1295 1560
2293 2 2 4 49 615 1421 1503
2294 2 2 4 49 1455 1336 1527
2295 2 2 4 49 1451 1543 1647
2296 2 2 4 49 1347 1444 1484
2297 2 2 4 49 1444 1361 1484
2298 2 2 4 49 1451 1374 1543
2299 2 2 4 49 1505 1397 1670
2300 2 2 4 49 1483 1309 1591
2301 2 2 4 49 1325 1438 1611
2302 2 2 4 49 1420 597 1511
2303 2 2 4 49 1331 1559 1618
2304 2 2 4 49 1338 1509 1636
2305 2 2 4 49 1427 601 1602
2306 2 2 4 49 583 1488 1557
2307 2 2 4 49 1483 1591 1646
2308 2 2 4 49 1323 1420 1644
2309 2 2 4 49 1318 1433 1590
2310 2 2 4 49 1433 1372 1590
2311 2 2 4 49 1312 1440 1587
2312 2 2 4 49 1446 1335 1606
2313 2 2 4 49 571 570 1680
2314 2 2 4 49 1498 1429 1660
2315 2 2 4 49 1343 1512 1632
2316 2 2 4 49 1421 1322 1640
2317 2 2 4 49 1394 1478 1678
2318 2 2 4 49 1328 1460 1619
2319 2 2 4 49 1294 1417 1623
2320 2 2 4 49 1422 1344 1508
2321 2 2 4 49 570 1489 1680
2322 2 2 4 49 1495 1391 1583
2323 2 2 4 49 1418 1326 1549
2324 2 2 4 49 629 1443 1522
2325 2 2 4 49 1462 1330 1622
2326 2 2 4 49 1317 1441 1573
2327 2 2 4 49 1531 1380 1543
2328 2 2 4 49 1400 1558 1571
2329 2 2 4 49 612 613 1593
2330 2 2 4 49 1334 1482 1592
2331 2 2 4 49 1412 1514 1621
2332 2 2 4 49 1514 1305 1621
2333 2 2 4 49 1391 1495 1603
2334 2 2 4 49 1553 1303 1597
2335 2 2 4 49 1382 1471 1497
2336 2 2 4 49 1457 1376 1621
2337 2 2 4 49 1340 1431 1500
2338 2 2 4 49 1663 1474 1666
2339 2 2 4 49 1333 1474 1663
2340 2 2 4 49 1338 1428 1502
2341 2 2 4 49 1321 1429 1501
2342 2 2 4 49 1434 618 1599
2343 2 2 4 49 1431 1301 1500
2344 2 2 4 49 613 1536 1593
2345 2 2 4 49 1301 1460 1582
2346 2 2 4 49 1426 576 1544
2347 2 2 4 49 1454 1315 1474
2348 2 2 4 49 1351 1426 1544
2349 2 2 4 49 1469 1324 1563
2350 2 2 4 49 1463 1301 1582
2351 2 2 4 49 1397 1469 1563
2352 2 2 4 49 1345 1565 1664
2353 2 2 4 49 1369 1430 1580
2354 2 2 4 49 1430 590 1580
2355 2 2 4 49 1431 1340 1638
2356 2 2 4 49 1357 1424 1650
2357 2 2 4 49 1468 1303 1673
2358 2 2 4 49 1443 1385 1527
2359 2 2 4 49 1297 1531 1543
2360 2 2 4 49 1354 1436 1550
2361 2 2 4 49 1502 1428 1668
2362 2 2 4 49 1433 1318 1512
2363 2 2 4 49 1436 599 1550
2364 2 2 4 49 1390 1539 1628
2365 2 2 4 49 1425 619 1655
2366 2 2 4 49 1450 1352 1494
2367 2 2 4 49 74 584 1557
2368 2 2 4 49 1460 1524 1619
2369 2 2 4 49 1447 1365 1492
2370 2 2 4 49 1525 1462 1622
2371 2 2 4 49 1357 1447 1492
2372 2 2 4 49 1443 1336 1522
2373 2 2 4 49 1459 1390 1628
2374 2 2 4 49 1513 1382 1639
2375 2 2 4 49 1299 1459 1628
2376 2 2 4 49 617 1434 1547
2377 2 2 4 49 1361 1423 1633
2378 2 2 4 49 1444 604 1569
2379 2 2 4 49 1517 1345 1664
2380 2 2 4 49 1440 1380 1531
2381 2 2 4 49 1432 1323 1631
2382 2 2 4 49 1361 1444 1569
2383 2 2 4 49 1434 1353 1547
2384 2 2 4 49 1310 1495 1583
2385 2 2 4 49 1464 1388 1532
2386 2 2 4 49 1313 1535 1662
2387 2 2 4 49 1367 1450 1494
2388 2 2 4 49 1558 1366 1571
2389 2 2 4 49 1441 1317 1530
2390 2 2 4 49 1401 1553 1597
2391 2 2 4 49 618 619 1599
2392 2 2 4 49 608 1422 1556
2393 2 2 4 49 626 627 1470
2394 2 2 4 49 1422 1370 1556
2395 2 2 4 49 1356 1504 1586
2396 2 2 4 49 1455 1371 1541
2397 2 2 4 49 588 587 1486
2398 2 2 4 49 1428 624 1679
2399 2 2 4 49 1504 1399 1586
2400 2 2 4 49 1495 1332 1603
2401 2 2 4 49 601 1427 1656
2402 2 2 4 49 1456 1366 1558
2403 2 2 4 49 1423 1481 1615
2404 2 2 4 49 1309 1456 1558
2405 2 2 4 49 606 607 1481
2406 2 2 4 49 1311 1520 1567
2407 2 2 4 49 1477 1399 1568
2408 2 2 4 49 1438 1486 1611
2409 2 2 4 49 1325 1477 1568
2410 2 2 4 49 1606 1335 1645
2411 2 2 4 49 1380 1440 1652
2412 2 2 4 49 1440 1312 1652
2413 2 2 4 49 1312 1587 1634
2414 2 2 4 49 1376 1457 1641
2415 2 2 4 49 1585 1316 1664
2416 2 2 4 49 1308 1451 1515
2417 2 2 4 49 1451 1348 1515
2418 2 2 4 49 1504 1296 1571
2419 2 2 4 49 600 1436 1602
2420 2 2 4 49 1429 1321 1660
2421 2 2 4 49 573 572 1480
2422 2 2 4 49 1423 1324 1633
2423 2 2 4 49 1370 1452 1615
2424 2 2 4 49 1525 1354 1545
2425 2 2 4 49 1483 1346 1519
2426 2 2 4 49 1327 1468 1598
2427 2 2 4 49 1375 1535 1572
2428 2 2 4 49 601 600 1602
2429 2 2 4 49 1324 1452 1563
2430 2 2 4 49 1506 1383 1640
2431 2 2 4 49 1424 1327 1650
2432 2 2 4 49 1452 1363 1563
2433 2 2 4 49 1460 1394 1582
2434 2 2 4 49 1353 1524 1542
2435 2 2 4 49 1431 1322 1542
2436 2 2 4 49 1342 1441 1530
2437 2 2 4 49 628 629 1522
2438 2 2 4 49 1543 1380 1647
2439 2 2 4 49 609 610 1510
2440 2 2 4 49 1305 1457 1621
2441 2 2 4 49 1531 1297 1576
2442 2 2 4 49 1352 1450 1529
2443 2 2 4 49 1426 1351 1555
2444 2 2 4 49 1329 1426 1555
2445 2 2 4 49 631 632 1485
2446 2 2 4 49 624 1428 1636
2447 2 2 4 49 1351 1532 1676
2448 2 2 4 49 1675 1351 1676
2449 2 2 4 49 1323 1432 1545
2450 2 2 4 49 1490 1386 1648
2451 2 2 4 49 1529 74 1557
2452 2 2 4 49 1322 1431 1638
2453 2 2 4 49 597 596 1511
2454 2 2 4 49 1300 1439 1541
2455 2 2 4 49 1481 607 1556
2456 2 2 4 49 1366 1456 1568
2457 2 2 4 49 1456 1325 1568
2458 2 2 4 49 1320 1449 1588
2459 2 2 4 49 1392 1531 1576
2460 2 2 4 49 1375 1507 1535
2461 2 2 4 49 1382 1497 1637
2462 2 2 4 49 1552 1377 1616
2463 2 2 4 49 1449 1320 1627
2464 2 2 4 49 1381 1428 1679
2465 2 2 4 49 1341 1432 1631
2466 2 2 4 49 1295 1516 1609
2467 2 2 4 49 1452 1370 1626
2468 2 2 4 49 614 615 1503
2469 2 2 4 49 1541 1371 1559
2470 2 2 4 49 1472 1347 1654
2471 2 2 4 49 1444 1347 1596
2472 2 2 4 49 1384 1514 1644
2473 2 2 4 49 1311 1455 1527
2474 2 2 4 49 1396 1587 1657
2475 2 2 4 49 1471 1337 1497
2476 2 2 4 49 1370 1481 1556
2477 2 2 4 49 1533 1343 1632
2478 2 2 4 49 602 603 1596
2479 2 2 4 49 1353 1434 1619
2480 2 2 4 49 1460 1301 1524
2481 2 2 4 49 1347 1484 1562
2482 2 2 4 49 1472 602 1596
2483 2 2 4 49 1436 1354 1622
2484 2 2 4 49 572 571 1552
2485 2 2 4 49 1330 1436 1622
2486 2 2 4 49 1363 1515 1516
2487 2 2 4 49 1302 1462 1525
2488 2 2 4 49 1515 1348 1516
2489 2 2 4 49 1347 1489 1654
2490 2 2 4 49 1434 1328 1619
2491 2 2 4 49 1331 1435 1605
2492 2 2 4 49 1438 1325 1625
2493 2 2 4 49 1369 1438 1625
2494 2 2 4 49 1498 1345 1576
2495 2 2 4 49 1462 1302 1528
2496 2 2 4 49 1326 1442 1641
2497 2 2 4 49 1537 1647 1652
2498 2 2 4 49 1298 1491 1564
2499 2 2 4 49 1537 1348 1647
2500 2 2 4 49 1466 1299 1595
2501 2 2 4 49 632 633 1574
2502 2 2 4 49 1358 1437 1593
2503 2 2 4 49 1491 1387 1564
2504 2 2 4 49 1375 1466 1595
2505 2 2 4 49 1499 1340 1566
2506 2 2 4 49 1402 1498 1660
2507 2 2 4 49 1332 1439 1603
2508 2 2 4 49 1442 1294 1575
2509 2 2 4 49 1452 1324 1615
2510 2 2 4 49 1345 1517 1576
2511 2 2 4 49 1533 1405 1534
2512 2 2 4 49 1343 1533 1534
2513 2 2 4 49 626 1470 1601
2514 2 2 4 49 595 594 1594
2515 2 2 4 49 592 591 1518
2516 2 2 4 49 1362 1579 1598
2517 2 2 4 49 1449 1305 1578
2518 2 2 4 49 594 1445 1594
2519 2 2 4 49 1359 1449 1578
2520 2 2 4 49 1378 1488 1642
2521 2 2 4 49 1457 1326 1641
2522 2 2 4 49 1365 1447 1566
2523 2 2 4 49 1448 1300 1559
2524 2 2 4 49 573 1480 1608
2525 2 2 4 49 624 625 1679
2526 2 2 4 49 1351 1464 1532
2527 2 2 4 49 1445 1359 1594
2528 2 2 4 49 582 581 1642
2529 2 2 4 49 1420 1511 1644
2530 2 2 4 49 1449 1359 1588
2531 2 2 4 49 575 1464 1544
2532 2 2 4 49 1359 1445 1588
2533 2 2 4 49 1309 1483 1519
2534 2 2 4 49 1292 1546 1657
2535 2 2 4 49 1326 1457 1549
2536 2 2 4 49 603 1444 1596
2537 2 2 4 49 1457 1373 1549
2538 2 2 4 49 585 74 1529
2539 2 2 4 49 631 1485 1613
2540 2 2 4 49 1316 1446 1606
2541 2 2 4 49 1344 1501 1600
2542 2 2 4 49 1503 1421 1640
2543 2 2 4 49 1532 1388 1666
2544 2 2 4 49 1365 1463 1548
2545 2 2 4 49 1373 1449 1627
2546 2 2 4 49 1414 1604 1624
2547 2 2 4 49 581 1482 1642
2548 2 2 4 49 1392 1517 1606
2549 2 2 4 49 1450 1367 1561
2550 2 2 4 49 1517 1316 1606
2551 2 2 4 49 586 1450 1561
2552 2 2 4 49 1418 1610 1665
2553 2 2 4 49 1613 1485 1672
2554 2 2 4 49 1492 1365 1548
2555 2 2 4 49 1310 1492 1548
2556 2 2 4 49 1601 1470 1653
2557 2 2 4 49 1464 1351 1544
2558 2 2 4 49 581 580 1592
2559 2 2 4 49 1292 1467 1584
2560 2 2 4 49 1535 1313 1572
2561 2 2 4 49 1367 1486 1561
2562 2 2 4 49 576 575 1544
2563 2 2 4 49 1494 1352 1551
2564 2 2 4 49 1486 587 1561
2565 2 2 4 49 1314 1458 1554
2566 2 2 4 49 1398 1487 1677
2567 2 2 4 49 1364 1454 1560
2568 2 2 4 49 1449 1373 1630
2569 2 2 4 49 1459 1329 1555
2570 2 2 4 49 1305 1449 1630
2571 2 2 4 49 1478 1425 1667
2572 2 2 4 49 1466 1375 1572
2573 2 2 4 49 1400 1590 1591
2574 2 2 4 49 1476 1342 1597
2575 2 2 4 49 1378 1482 1617
2576 2 2 4 49 1377 1562 1616
2577 2 2 4 49 1308 1508 1658
2578 2 2 4 49 1530 1317 1649
2579 2 2 4 49 1482 1334 1617
2580 2 2 4 49 1308 1452 1626
2581 2 2 4 49 1482 581 1592
2582 2 2 4 49 1347 1472 1596
2583 2 2 4 49 596 595 1674
2584 2 2 4 49 1303 1476 1597
2585 2 2 4 49 1604 1319 1624
2586 2 2 4 49 1427 1479 1669
2587 2 2 4 49 1468 1362 1598
2588 2 2 4 49 1538 595 1594
2589 2 2 4 49 1513 1400 1571
2590 2 2 4 49 1574 1395 1671
2591 2 2 4 49 1551 1378 1617
2592 2 2 4 49 616 617 1547
2593 2 2 4 49 1451 1308 1658
2594 2 2 4 49 1325 1456 1625
2595 2 2 4 49 1348 1451 1647
2596 2 2 4 49 1374 1451 1658
2597 2 2 4 49 1487 1329 1677
2598 2 2 4 49 1587 1440 1645
2599 2 2 4 49 1395 1462 1671
2600 2 2 4 49 1335 1587 1645
2601 2 2 4 49 1608 1480 1663
2602 2 2 4 49 1327 1461 1650
2603 2 2 4 49 599 598 1550
2604 2 2 4 49 1497 1313 1637
2605 2 2 4 49 1300 1541 1559
2606 2 2 4 49 1401 1530 1649
2607 2 2 4 49 1507 1349 1535
2608 2 2 4 49 613 614 1659
2609 2 2 4 49 1523 1358 1581
2610 2 2 4 49 1610 1298 1665
2611 2 2 4 49 607 608 1556
2612 2 2 4 49 1338 1463 1582
2613 2 2 4 49 1390 1459 1675
2614 2 2 4 49 1490 1364 1560
2615 2 2 4 49 1295 1490 1560
2616 2 2 4 49 1456 1309 1661
2617 2 2 4 49 622 623 1678
2618 2 2 4 49 1461 1327 1598
2619 2 2 4 49 1355 1473 1577
2620 2 2 4 49 587 586 1561
2621 2 2 4 49 1480 572 1552
2622 2 2 4 49 1364 1490 1604
2623 2 2 4 49 1373 1457 1630
2624 2 2 4 49 1321 1523 1660
2625 2 2 4 49 1307 1475 1586
2626 2 2 4 49 1523 1402 1660
2627 2 2 4 49 1457 1305 1630
2628 2 2 4 49 1508 1600 1658
2629 2 2 4 49 1519 1369 1661
2630 2 2 4 49 1329 1459 1677
2631 2 2 4 49 623 624 1636
2632 2 2 4 49 1534 1405 1649
2633 2 2 4 49 1317 1534 1649
2634 2 2 4 49 1565 1368 1589
2635 2 2 4 49 1403 1565 1589
2636 2 2 4 49 1461 1357 1650
2637 2 2 4 49 1357 1492 1583
2638 2 2 4 49 604 605 1569
2639 2 2 4 49 1587 1396 1634
2640 2 2 4 49 1476 1410 1605
2641 2 2 4 49 1590 1372 1591
2642 2 2 4 49 1342 1530 1597
2643 2 2 4 49 1504 1356 1614
2644 2 2 4 49 1467 1350 1584
2645 2 2 4 49 1502 1310 1548
2646 2 2 4 49 1625 1456 1661
2647 2 2 4 49 1484 1306 1562
2648 2 2 4 49 1307 1494 1551
2649 2 2 4 49 590 589 1580
2650 2 2 4 49 75 601 1656
2651 2 2 4 49 76 620 1655
2652 2 2 4 49 1340 1500 1566
2653 2 2 4 49 1473 1306 1577
2654 2 2 4 49 619 76 1655
2655 2 2 4 49 570 569 1654
2656 2 2 4 49 1488 1352 1557
2657 2 2 4 49 595 1538 1674
2658 2 2 4 49 635 75 1656
2659 2 2 4 49 569 1472 1654
2660 2 2 4 49 1500 1365 1566
2661 2 2 4 49 1324 1469 1633
2662 2 2 4 49 625 626 1601
2663 2 2 4 49 1475 1356 1586
2664 2 2 4 49 1297 1498 1576
2665 2 2 4 49 1466 1337 1629
2666 2 2 4 49 623 1509 1678
2667 2 2 4 49 1485 632 1574
2668 2 2 4 49 574 573 1608
2669 2 2 4 49 1521 1368 1565
2670 2 2 4 49 1345 1521 1565
2671 2 2 4 49 1552 571 1680
2672 2 2 4 49 630 631 1613
2673 2 2 4 49 1360 1496 1567
2674 2 2 4 49 1511 596 1674
2675 2 2 4 49 1362 1468 1673
2676 2 2 4 49 1467 1292 1657
2677 2 2 4 49 1369 1625 1661
2678 2 2 4 49 1477 1325 1611
2679 2 2 4 49 1367 1477 1611
2680 2 2 4 49 1418 1549 1610
2681 2 2 4 49 1340 1499 1570
2682 2 2 4 49 1499 1368 1570
2683 2 2 4 49 1473 1333 1616
2684 2 2 4 49 1496 1311 1567
2685 2 2 4 49 1509 623 1636
2686 2 2 4 49 1469 1361 1633
2687 2 2 4 49 1337 1526 1629
2688 2 2 4 49 1334 1475 1617
2689 2 2 4 49 621 1478 1667
2690 2 2 4 49 1313 1497 1572
2691 2 2 4 49 1368 1499 1589
2692 2 2 4 49 1479 634 1669
2693 2 2 4 49 1499 1293 1589
2694 2 2 4 49 1493 1294 1623
2695 2 2 4 49 1536 613 1659
2696 2 2 4 49 620 621 1667
2697 2 2 4 49 634 635 1669
2698 2 2 4 49 1470 1332 1653
2699 2 2 4 49 1388 1663 1666
2700 2 2 4 49 1392 1606 1645
2701 2 2 4 49 1352 1529 1557
2702 2 2 4 49 1296 1513 1571
2703 2 2 4 49 1492 1310 1583
2704 2 2 4 49 1526 1398 1629
2705 2 2 4 49 1315 1532 1666
2706 2 2 4 49 614 1503 1659
2707 2 2 4 49 1389 1573 1665
2708 2 2 4 49 1573 1418 1665
2709 2 2 4 49 1481 1370 1615
2710 2 2 4 49 1486 1367 1611
2711 2 2 4 49 1385 1613 1672
2712 2 2 4 49 1474 1315 1666
2713 2 2 4 49 1591 1372 1646
2714 2 2 4 49 1491 1298 1610
2715 2 2 4 49 1558 1400 1591
2716 2 2 4 49 1373 1491 1610
2717 2 2 4 49 1524 1353 1619
2718 2 2 4 49 1506 1304 1581
2719 2 2 4 49 1354 1525 1622
2720 2 2 4 49 1531 1392 1645
2721 2 2 4 49 1440 1531 1645
2722 2 2 4 49 1305 1514 1578
2723 2 2 4 49 1495 1381 1653
2724 2 2 4 49 1332 1495 1653
2725 2 2 4 49 1381 1601 1653
2726 2 2 4 49 1462 1528 1671
2727 2 2 4 49 1517 1392 1576
2728 2 2 4 49 1295 1505 1670
2729 2 2 4 49 1414 1595 1628
2730 2 2 4 49 1595 1299 1628
2731 2 2 4 49 1536 1358 1593
2732 2 2 4 49 1480 1333 1663
2733 2 2 4 49 1503 1383 1659
2734 2 2 4 49 1493 1341 1607
2735 2 2 4 49 1387 1483 1646
2736 2 2 4 49 1482 1378 1642
2737 2 2 4 49 1516 1295 1670
2738 2 2 4 49 1319 1507 1624
2739 2 2 4 49 1507 1375 1624
2740 2 2 4 49 1508 1344 1600
2741 2 2 4 49 1360 1493 1623
2742 2 2 4 49 1516 1348 1609
2743 2 2 4 49 1485 1339 1672
2744 2 2 4 49 1384 1511 1674
2745 2 2 4 49 1495 1310 1668
2746 2 2 4 49 1381 1495 1668
2747 2 2 4 49 1296 1504 1614
2748 2 2 4 49 1491 1373 1627
2749 2 2 4 49 1350 1553 1643
2750 2 2 4 49 1553 1401 1643
2751 2 2 4 49 1565 1403 1664
2752 2 2 4 49 1489 570 1654
2753 2 2 4 49 1368 1521 1612
2754 2 2 4 49 1489 1377 1680
2755 2 2 4 49 1579 1403 1589
2756 2 2 4 49 1293 1579 1589
2757 2 2 4 49 1508 1308 1626
2758 2 2 4 49 1521 1304 1612
2759 2 2 4 49 1530 1401 1597
2760 2 2 4 49 1383 1503 1640
2761 2 2 4 49 1359 1538 1594
2762 2 2 4 49 1348 1537 1609
2763 2 2 4 49 1413 1570 1612
2764 2 2 4 49 1309 1519 1661
2765 2 2 4 49 1310 1502 1668
2766 2 2 4 49 1376 1575 1607
2767 2 2 4 49 1511 1384 1644
2768 2 2 4 49 1520 1385 1672
2769 2 2 4 49 1339 1520 1672
2770 2 2 4 49 1386 1537 1651
2771 2 2 4 49 1537 1312 1651
2772 2 2 4 49 1442 1575 1641
2773 2 2 4 49 1537 1386 1609
2774 2 2 4 49 1509 1394 1678
2775 2 2 4 49 1559 1371 1618
2776 2 2 4 49 1315 1539 1676
2777 2 2 4 49 1539 1390 1676
2778 2 2 4 49 1388 1608 1663
2779 2 2 4 49 1595 1414 1624
2780 2 2 4 49 1316 1517 1664
2781 2 2 4 49 1363 1516 1670
2782 2 2 4 49 1459 1555 1675
2783 2 2 4 49 1309 1558 1591
2784 2 2 4 49 1549 1373 1610
2785 2 2 4 49 1528 1339 1671
2786 2 2 4 49 1634 1419 1651
2787 2 2 4 49 1312 1634 1651
2788 2 2 4 49 1647 1380 1652
2789 2 2 4 49 1570 1368 1612
2790 2 2 4 49 1312 1537 1652
2791 2 2 4 49 1425 1655 1667
2792 2 2 4 49 1383 1536 1659
2793 2 2 4 49 1655 620 1667
2794 2 2 4 49 635 1656 1669
2795 2 2 4 49 1656 1427 1669
2796 2 2 4 49 1390 1675 1676
2797 2 2 4 49 1532 1315 1676
2798 2 2 4 49 1538 1384 1674
2799 2 2 4 49 1601 1381 1679
2800 2 2 4 49 1405 1643 1649
2801 2 2 4 49 1405 1584 1643
2802 2 2 4 49 1382 1637 1639
2803 2 2 4 49 1637 1411 1639
2804 2 2 4 49 1393 1632 1662
2805 2 2 4 49 1632 1411 1662
2806 2 2 4 49 1377 1552 1680
2807 2 2 4 49 1564 1387 1646
2808 2 2 4 49 1555 1351 1675
2809 2 2 4 49 1637 1313 1662
2810 2 2 4 49 1411 1637 1662
2811 2 2 4 49 1372 1564 1646
2812 2 2 4 49 1585 1362 1673
2813 2 2 4 49 1375 1595 1624
2814 2 2 4 49 1407 1585 1673
2815 2 2 4 49 1643 1401 1649
2816 2 2 4 49 1575 1376 1641
2817 2 2 4 49 1584 1350 1643
2818 2 2 4 49 1648 1386 1651
2819 2 2 4 49 1419 1648 1651
2820 2 2 4 49 1600 1374 1658
2821 2 2 4 49 625 1601 1679
2822 2 2 2 50 636 1681 1684
2823 2 2 2 50 1681 639 1684
2824 2 2 2 50 1681 636 1682
2825 2 2 2 50 637 1 1682
2826 2 2 2 50 639 1681 1683
2827 2 2 2 50 1681 2 1683
2828 2 2 2 50 3 638 1683
2829 2 2 2 50 636 637 1682
2830 2 2 2 50 1 93 1682
2831 2 2 2 50 638 639 1683
2832 2 2 2 50 2 1681 1682
2833 2 2 2 50 94 3 1683
2834 2 2 2 50 2 94 1683
2835 2 2 2 50 93 2 1682
2836 2 2 2 50 639 77 1684
2837 2 2 2 50 77 636 1684
2838 2 2 3 51 703 74 87
2839 2 2 3 51 703 585 74
2840 2 2 3 51 771 569 79
2841 2 2 3 51 601 691 83
2842 2 2 3 51 87 584 782
2843 2 2 3 51 569 771 570
2844 2 2 3 51 570 772 571
2845 2 2 3 51 771 772 570
2846 2 2 3 51 773 572 571
2847 2 2 3 51 772 773 571
2848 2 2 3 51 573 572 773
2849 2 2 3 51 574 573 774
2850 2 2 3 51 774 573 773
2851 2 2 3 51 575 574 775
2852 2 2 3 51 775 574 774
2853 2 2 3 51 576 575 776
2854 2 2 3 51 776 575 775
2855 2 2 3 51 577 576 776
2856 2 2 3 51 577 777 578
2857 2 2 3 51 777 577 776
2858 2 2 3 51 578 778 579
2859 2 2 3 51 777 778 578
2860 2 2 3 51 580 579 779
2861 2 2 3 51 579 778 779
2862 2 2 3 51 581 580 779
2863 2 2 3 51 582 581 780
2864 2 2 3 51 581 779 780
2865 2 2 3 51 583 582 781
2866 2 2 3 51 781 582 780
2867 2 2 3 51 584 583 782
2868 2 2 3 51 583 781 782
2869 2 2 3 51 585 702 586
2870 2 2 3 51 703 702 585
2871 2 2 3 51 586 702 587
2872 2 2 3 51 701 588 587
2873 2 2 3 51 702 701 587
2874 2 2 3 51 700 589 588
2875 2 2 3 51 701 700 588
2876 2 2 3 51 589 699 590
2877 2 2 3 51 700 699 589
2878 2 2 3 51 590 699 591
2879 2 2 3 51 592 591 698
2880 2 2 3 51 591 699 698
2881 2 2 3 51 593 592 697
2882 2 2 3 51 697 592 698
2883 2 2 3 51 594 593 696
2884 2 2 3 51 696 593 697
2885 2 2 3 51 594 696 595
2886 2 2 3 51 695 596 595
2887 2 2 3 51 696 695 595
2888 2 2 3 51 694 597 596
2889 2 2 3 51 695 694 596
2890 2 2 3 51 693 598 597
2891 2 2 3 51 694 693 597
2892 2 2 3 51 693 599 598
2893 2 2 3 51 692 600 599
2894 2 2 3 51 693 692 599
2895 2 2 3 51 691 601 600
2896 2 2 3 51 692 691 600
2897 2 2 3 51 569 73 79
2898 2 2 3 51 74 584 87
2899 2 2 3 51 75 601 83
2900 2 2 3 52 784 772 783
2901 2 2 3 52 783 772 771
2902 2 2 3 52 786 774 785
2903 2 2 3 52 785 774 773
2904 2 2 3 52 787 775 786
2905 2 2 3 52 786 775 774
2906 2 2 3 52 783 1685 80
2907 2 2 3 52 1685 640 80
2908 2 2 3 52 1686 794 88
2909 2 2 3 52 704 1686 88
2910 2 2 3 52 778 777 789
2911 2 2 3 52 789 790 778
2912 2 2 3 52 777 776 789
2913 2 2 3 52 779 778 790
2914 2 2 3 52 782 1686 87
2915 2 2 3 52 1686 782 794
2916 2 2 3 52 1686 704 87
2917 2 2 3 52 1685 771 79
2918 2 2 3 52 771 1685 783
2919 2 2 3 52 640 1685 79
2920 2 2 3 52 793 794 782
2921 2 2 3 52 793 782 781
2922 2 2 3 52 792 793 781
2923 2 2 3 52 792 781 780
2924 2 2 3 52 784 785 773
2925 2 2 3 52 784 773 772
2926 2 2 3 52 787 788 776
2927 2 2 3 52 787 776 775
2928 2 2 3 52 789 776 788
2929 2 2 3 52 791 792 780
2930 2 2 3 52 780 779 791
2931 2 2 3 52 790 791 779
2932 2 2 3 53 1727 1705 1767
2933 2 2 3 53 1704 1728 1766
2934 2 2 3 53 1710 1723 1778
2935 2 2 3 53 1724 1711 1777
2936 2 2 3 53 1693 1727 1767
2937 2 2 3 53 1728 1693 1766
2938 2 2 3 53 643 1729 1779
2939 2 2 3 53 1730 707 1780
2940 2 2 3 53 1731 649 1781
2941 2 2 3 53 713 1732 1782
2942 2 2 3 53 1776 1727 1828
2943 2 2 3 53 1727 1776 1795
2944 2 2 3 53 1729 643 1815
2945 2 2 3 53 707 1730 1816
2946 2 2 3 53 1796 1702 1827
2947 2 2 3 53 1723 1710 1789
2948 2 2 3 53 1711 1724 1790
2949 2 2 3 53 1725 1701 1772
2950 2 2 3 53 1701 1725 1773
2951 2 2 3 53 1689 1725 1772
2952 2 2 3 53 1725 1694 1773
2953 2 2 3 53 1695 1726 1774
2954 2 2 3 53 1702 1765 1827
2955 2 2 3 53 1726 1688 1833
2956 2 2 3 53 1734 1700 1764
2957 2 2 3 53 1705 1727 1795
2958 2 2 3 53 1728 1704 1794
2959 2 2 3 53 1707 1776 1828
2960 2 2 3 53 1727 1693 1828
2961 2 2 3 53 1736 1696 1761
2962 2 2 3 53 1697 1735 1760
2963 2 2 3 53 1698 1738 1763
2964 2 2 3 53 1737 1699 1762
2965 2 2 3 53 1693 1728 1813
2966 2 2 3 53 1725 1689 1793
2967 2 2 3 53 1688 1726 1792
2968 2 2 3 53 1692 1757 1784
2969 2 2 3 53 1757 1713 1784
2970 2 2 3 53 1700 1734 1810
2971 2 2 3 53 1729 1786 1855
2972 2 2 3 53 1785 1730 1856
2973 2 2 3 53 1735 1697 1780
2974 2 2 3 53 1696 1736 1779
2975 2 2 3 53 1699 1737 1782
2976 2 2 3 53 1738 1698 1781
2977 2 2 3 53 1694 1725 1788
2978 2 2 3 53 1726 1695 1787
2979 2 2 3 53 1786 1729 1815
2980 2 2 3 53 1730 1785 1816
2981 2 2 3 53 1742 1697 1806
2982 2 2 3 53 1696 1743 1807
2983 2 2 3 53 1699 1744 1808
2984 2 2 3 53 1745 1698 1809
2985 2 2 3 53 1706 1756 1759
2986 2 2 3 53 790 789 1752
2987 2 2 3 53 801 802 1754
2988 2 2 3 53 788 787 1753
2989 2 2 3 53 799 800 1755
2990 2 2 3 53 649 1731 1802
2991 2 2 3 53 1732 713 1803
2992 2 2 3 53 649 650 1781
2993 2 2 3 53 642 643 1779
2994 2 2 3 53 714 713 1782
2995 2 2 3 53 707 706 1780
2996 2 2 3 53 1701 1811 1814
2997 2 2 3 53 1734 1764 1838
2998 2 2 3 53 1706 1805 1838
2999 2 2 3 53 1804 1707 1837
3000 2 2 3 53 1742 1806 1868
3001 2 2 3 53 1807 1743 1869
3002 2 2 3 53 1808 1744 1870
3003 2 2 3 53 1745 1809 1871
3004 2 2 3 53 1697 1742 1864
3005 2 2 3 53 1743 1696 1865
3006 2 2 3 53 1744 1699 1866
3007 2 2 3 53 1698 1745 1867
3008 2 2 3 53 1740 1709 1787
3009 2 2 3 53 1708 1741 1788
3010 2 2 3 53 790 1752 1768
3011 2 2 3 53 1754 802 1770
3012 2 2 3 53 1753 787 1769
3013 2 2 3 53 799 1755 1771
3014 2 2 3 53 1794 1775 1863
3015 2 2 3 53 1776 1691 1795
3016 2 2 3 53 1690 1775 1794
3017 2 2 3 53 1739 1701 1814
3018 2 2 3 53 1760 792 1819
3019 2 2 3 53 804 1762 1821
3020 2 2 3 53 785 1761 1818
3021 2 2 3 53 1763 797 1820
3022 2 2 3 53 793 792 1760
3023 2 2 3 53 785 784 1761
3024 2 2 3 53 804 805 1762
3025 2 2 3 53 796 797 1763
3026 2 2 3 53 1764 1687 1838
3027 2 2 3 53 1756 1707 1759
3028 2 2 3 53 1688 1758 1833
3029 2 2 3 53 1811 1733 1814
3030 2 2 3 53 1752 789 1823
3031 2 2 3 53 801 1754 1822
3032 2 2 3 53 788 1753 1823
3033 2 2 3 53 1755 800 1822
3034 2 2 3 53 1805 1734 1838
3035 2 2 3 53 1733 1804 1837
3036 2 2 3 53 1701 1739 1824
3037 2 2 3 53 1740 709 1785
3038 2 2 3 53 645 1741 1786
3039 2 2 3 53 1752 1716 1765
3040 2 2 3 53 1755 1717 1767
3041 2 2 3 53 1717 1754 1766
3042 2 2 3 53 1705 1755 1767
3043 2 2 3 53 1702 1752 1765
3044 2 2 3 53 1754 1704 1766
3045 2 2 3 53 1703 1746 1791
3046 2 2 3 53 1710 1802 1857
3047 2 2 3 53 1803 1711 1858
3048 2 2 3 53 1704 1749 1794
3049 2 2 3 53 1748 1705 1795
3050 2 2 3 53 1757 1692 1783
3051 2 2 3 53 1688 1747 1796
3052 2 2 3 53 709 1740 1825
3053 2 2 3 53 1741 645 1826
3054 2 2 3 53 1774 1726 1833
3055 2 2 3 53 1710 1778 1802
3056 2 2 3 53 1777 1711 1803
3057 2 2 3 53 1697 1760 1806
3058 2 2 3 53 1761 1696 1807
3059 2 2 3 53 1762 1699 1808
3060 2 2 3 53 1698 1763 1809
3061 2 2 3 53 1718 1796 1827
3062 2 2 3 53 791 790 1768
3063 2 2 3 53 802 803 1770
3064 2 2 3 53 787 786 1769
3065 2 2 3 53 798 799 1771
3066 2 2 3 53 1757 1703 1791
3067 2 2 3 53 1747 1688 1868
3068 2 2 3 53 1756 1706 1838
3069 2 2 3 53 1707 1756 1837
3070 2 2 3 53 1703 1753 1769
3071 2 2 3 53 1752 1702 1768
3072 2 2 3 53 1755 1705 1771
3073 2 2 3 53 1704 1754 1770
3074 2 2 3 53 1786 1708 1855
3075 2 2 3 53 1709 1785 1856
3076 2 2 3 53 1693 1759 1828
3077 2 2 3 53 1720 1760 1819
3078 2 2 3 53 1762 1722 1821
3079 2 2 3 53 1761 1719 1818
3080 2 2 3 53 1721 1763 1820
3081 2 2 3 53 1716 1752 1823
3082 2 2 3 53 1754 1717 1822
3083 2 2 3 53 1753 1716 1823
3084 2 2 3 53 1717 1755 1822
3085 2 2 3 53 1760 1720 1806
3086 2 2 3 53 1719 1761 1807
3087 2 2 3 53 1722 1762 1808
3088 2 2 3 53 1763 1721 1809
3089 2 2 3 53 1709 1740 1785
3090 2 2 3 53 1741 1708 1786
3091 2 2 3 53 1700 1774 1833
3092 2 2 3 53 1750 1690 1836
3093 2 2 3 53 1691 1751 1835
3094 2 2 3 53 1759 1693 1813
3095 2 2 3 53 1746 1703 1843
3096 2 2 3 53 1705 1748 1845
3097 2 2 3 53 1749 1704 1846
3098 2 2 3 53 1753 1703 1783
3099 2 2 3 53 1703 1757 1783
3100 2 2 3 53 1691 1835 1871
3101 2 2 3 53 1836 1690 1870
3102 2 2 3 53 1723 1789 1799
3103 2 2 3 53 1790 1724 1800
3104 2 2 3 53 1716 1753 1783
3105 2 2 3 53 1713 1824 1834
3106 2 2 3 53 1690 1750 1859
3107 2 2 3 53 1751 1691 1860
3108 2 2 3 53 1780 1697 1864
3109 2 2 3 53 1696 1779 1865
3110 2 2 3 53 1699 1782 1866
3111 2 2 3 53 1781 1698 1867
3112 2 2 3 53 1713 1757 1851
3113 2 2 3 53 710 709 1825
3114 2 2 3 53 645 646 1826
3115 2 2 3 53 1824 1739 1834
3116 2 2 3 53 1750 1711 1790
3117 2 2 3 53 1710 1751 1789
3118 2 2 3 53 1789 1694 1799
3119 2 2 3 53 1695 1790 1800
3120 2 2 3 53 709 708 1785
3121 2 2 3 53 644 645 1786
3122 2 2 3 53 1706 1759 1813
3123 2 2 3 53 1783 1692 1852
3124 2 2 3 53 1788 1725 1793
3125 2 2 3 53 1726 1787 1792
3126 2 2 3 53 1740 1787 1800
3127 2 2 3 53 1788 1741 1799
3128 2 2 3 53 1708 1788 1793
3129 2 2 3 53 1787 1709 1792
3130 2 2 3 53 1688 1796 1854
3131 2 2 3 53 1711 1750 1836
3132 2 2 3 53 1751 1710 1835
3133 2 2 3 53 1835 1745 1871
3134 2 2 3 53 1744 1836 1870
3135 2 2 3 53 1714 1750 1798
3136 2 2 3 53 1751 1715 1797
3137 2 2 3 53 712 711 1777
3138 2 2 3 53 647 648 1778
3139 2 2 3 53 1688 1792 1868
3140 2 2 3 53 1793 1689 1869
3141 2 2 3 53 1814 1687 1817
3142 2 2 3 53 1750 1714 1859
3143 2 2 3 53 1715 1751 1860
3144 2 2 3 53 1778 1723 1861
3145 2 2 3 53 1724 1777 1862
3146 2 2 3 53 1700 1758 1812
3147 2 2 3 53 1791 1746 1869
3148 2 2 3 53 1689 1791 1869
3149 2 2 3 53 1730 1780 1864
3150 2 2 3 53 1779 1729 1865
3151 2 2 3 53 1782 1732 1866
3152 2 2 3 53 1731 1781 1867
3153 2 2 3 53 1792 1742 1868
3154 2 2 3 53 1743 1793 1869
3155 2 2 3 53 1758 1688 1854
3156 2 2 3 53 1757 1791 1851
3157 2 2 3 53 1739 1814 1817
3158 2 2 3 53 1758 1700 1833
3159 2 2 3 53 1802 1731 1857
3160 2 2 3 53 1732 1803 1858
3161 2 2 3 53 1715 1804 1811
3162 2 2 3 53 1805 1714 1810
3163 2 2 3 53 1692 1784 1801
3164 2 2 3 53 1761 784 1847
3165 2 2 3 53 793 1760 1849
3166 2 2 3 53 796 1763 1848
3167 2 2 3 53 1762 805 1850
3168 2 2 3 53 1687 1764 1817
3169 2 2 3 53 1764 1700 1812
3170 2 2 3 53 1759 1707 1828
3171 2 2 3 53 1760 1735 1849
3172 2 2 3 53 1736 1761 1847
3173 2 2 3 53 1737 1762 1850
3174 2 2 3 53 1763 1738 1848
3175 2 2 3 53 648 649 1802
3176 2 2 3 53 713 712 1803
3177 2 2 3 53 1728 1794 1863
3178 2 2 3 53 1746 1807 1869
3179 2 2 3 53 1809 1748 1871
3180 2 2 3 53 1806 1747 1868
3181 2 2 3 53 1749 1808 1870
3182 2 2 3 53 1702 1796 1844
3183 2 2 3 53 1796 1747 1844
3184 2 2 3 53 80 641 1829
3185 2 2 3 53 651 81 1831
3186 2 2 3 53 705 88 1830
3187 2 2 3 53 89 715 1832
3188 2 2 3 53 1715 1773 1797
3189 2 2 3 53 1774 1714 1798
3190 2 2 3 53 1703 1769 1843
3191 2 2 3 53 1771 1705 1845
3192 2 2 3 53 1768 1702 1844
3193 2 2 3 53 1704 1770 1846
3194 2 2 3 53 1804 1733 1811
3195 2 2 3 53 1734 1805 1810
3196 2 2 3 53 1773 1694 1797
3197 2 2 3 53 1695 1774 1798
3198 2 2 3 53 783 80 1829
3199 2 2 3 53 81 795 1831
3200 2 2 3 53 88 794 1830
3201 2 2 3 53 806 89 1832
3202 2 2 3 53 1769 786 1818
3203 2 2 3 53 791 1768 1819
3204 2 2 3 53 798 1771 1820
3205 2 2 3 53 1770 803 1821
3206 2 2 3 53 1768 1720 1819
3207 2 2 3 53 1719 1769 1818
3208 2 2 3 53 1722 1770 1821
3209 2 2 3 53 1771 1721 1820
3210 2 2 3 53 1769 1719 1843
3211 2 2 3 53 1720 1768 1844
3212 2 2 3 53 1721 1771 1845
3213 2 2 3 53 1770 1722 1846
3214 2 2 3 53 1692 1801 1827
3215 2 2 3 53 1773 1715 1811
3216 2 2 3 53 1714 1774 1810
3217 2 2 3 53 1723 1799 1826
3218 2 2 3 53 1800 1724 1825
3219 2 2 3 53 1712 1764 1812
3220 2 2 3 53 1799 1741 1826
3221 2 2 3 53 1740 1800 1825
3222 2 2 3 53 1764 1712 1817
3223 2 2 3 53 1713 1772 1824
3224 2 2 3 53 1742 1792 1856
3225 2 2 3 53 1793 1743 1855
3226 2 2 3 53 1689 1772 1851
3227 2 2 3 53 1792 1709 1856
3228 2 2 3 53 1708 1793 1855
3229 2 2 3 53 1784 1713 1834
3230 2 2 3 53 1794 1749 1870
3231 2 2 3 53 1748 1795 1871
3232 2 2 3 53 1690 1794 1870
3233 2 2 3 53 1795 1691 1871
3234 2 2 3 53 1765 1716 1852
3235 2 2 3 53 1717 1766 1853
3236 2 2 3 53 1767 1717 1853
3237 2 2 3 53 1692 1765 1852
3238 2 2 3 53 1765 1692 1827
3239 2 2 3 53 1766 1693 1853
3240 2 2 3 53 1693 1767 1853
3241 2 2 3 53 1775 1714 1805
3242 2 2 3 53 1715 1776 1804
3243 2 2 3 53 1774 1700 1810
3244 2 2 3 53 1701 1773 1811
3245 2 2 3 53 1777 711 1862
3246 2 2 3 53 647 1778 1861
3247 2 2 3 53 1750 1790 1798
3248 2 2 3 53 1789 1751 1797
3249 2 2 3 53 1790 1695 1798
3250 2 2 3 53 1694 1789 1797
3251 2 2 3 53 1772 1701 1824
3252 2 2 3 53 1714 1775 1859
3253 2 2 3 53 1776 1715 1860
3254 2 2 3 53 1706 1775 1805
3255 2 2 3 53 1776 1707 1804
3256 2 2 3 53 1772 1713 1851
3257 2 2 3 53 712 1777 1803
3258 2 2 3 53 1778 648 1802
3259 2 2 3 53 1787 1695 1800
3260 2 2 3 53 1694 1788 1799
3261 2 2 3 53 1785 708 1816
3262 2 2 3 53 644 1786 1815
3263 2 2 3 53 646 647 1861
3264 2 2 3 53 711 710 1862
3265 2 2 3 53 1779 1736 1839
3266 2 2 3 53 1738 1781 1841
3267 2 2 3 53 1735 1780 1840
3268 2 2 3 53 1782 1737 1842
3269 2 2 3 53 643 644 1815
3270 2 2 3 53 708 707 1816
3271 2 2 3 53 792 791 1819
3272 2 2 3 53 786 785 1818
3273 2 2 3 53 803 804 1821
3274 2 2 3 53 797 798 1820
3275 2 2 3 53 789 788 1823
3276 2 2 3 53 800 801 1822
3277 2 2 3 53 642 1779 1839
3278 2 2 3 53 1780 706 1840
3279 2 2 3 53 1781 650 1841
3280 2 2 3 53 714 1782 1842
3281 2 2 3 53 1784 1712 1801
3282 2 2 3 53 1775 1706 1863
3283 2 2 3 53 1791 1689 1851
3284 2 2 3 53 1775 1690 1859
3285 2 2 3 53 1691 1776 1860
3286 2 2 3 53 1806 1720 1844
3287 2 2 3 53 1722 1808 1846
3288 2 2 3 53 1719 1807 1843
3289 2 2 3 53 1809 1721 1845
3290 2 2 3 53 650 651 1841
3291 2 2 3 53 715 714 1842
3292 2 2 3 53 641 642 1839
3293 2 2 3 53 706 705 1840
3294 2 2 3 53 1747 1806 1844
3295 2 2 3 53 1808 1749 1846
3296 2 2 3 53 1807 1746 1843
3297 2 2 3 53 1748 1809 1845
3298 2 2 3 53 784 783 1847
3299 2 2 3 53 795 796 1848
3300 2 2 3 53 794 793 1849
3301 2 2 3 53 805 806 1850
3302 2 2 3 53 1687 1837 1838
3303 2 2 3 53 1716 1783 1852
3304 2 2 3 53 1837 1756 1838
3305 2 2 3 53 1712 1784 1834
3306 2 2 3 53 1796 1718 1854
3307 2 2 3 53 1854 1718 1872
3308 2 2 3 53 1758 1854 1872
3309 2 2 3 53 1801 1718 1827
3310 2 2 3 53 1801 1712 1872
3311 2 2 3 53 1687 1814 1837
3312 2 2 3 53 1814 1733 1837
3313 2 2 3 53 1712 1812 1872
3314 2 2 3 53 1826 646 1861
3315 2 2 3 53 710 1825 1862
3316 2 2 3 53 1831 1738 1841
3317 2 2 3 53 1736 1829 1839
3318 2 2 3 53 1737 1832 1842
3319 2 2 3 53 1830 1735 1840
3320 2 2 3 53 651 1831 1841
3321 2 2 3 53 1832 715 1842
3322 2 2 3 53 1829 641 1839
3323 2 2 3 53 705 1830 1840
3324 2 2 3 53 1739 1817 1834
3325 2 2 3 53 1817 1712 1834
3326 2 2 3 53 783 1829 1847
3327 2 2 3 53 1830 794 1849
3328 2 2 3 53 1831 795 1848
3329 2 2 3 53 806 1832 1850
3330 2 2 3 53 1735 1830 1849
3331 2 2 3 53 1829 1736 1847
3332 2 2 3 53 1832 1737 1850
3333 2 2 3 53 1738 1831 1848
3334 2 2 3 53 1855 1743 1865
3335 2 2 3 53 1745 1857 1867
3336 2 2 3 53 1742 1856 1864
3337 2 2 3 53 1858 1744 1866
3338 2 2 3 53 1729 1855 1865
3339 2 2 3 53 1857 1731 1867
3340 2 2 3 53 1856 1730 1864
3341 2 2 3 53 1732 1858 1866
3342 2 2 3 53 1718 1801 1872
3343 2 2 3 53 1706 1813 1863
3344 2 2 3 53 1836 1744 1858
3345 2 2 3 53 1745 1835 1857
3346 2 2 3 53 1711 1836 1858
3347 2 2 3 53 1835 1710 1857
3348 2 2 3 53 1813 1728 1863
3349 2 2 3 53 1812 1758 1872
3350 2 2 3 53 1723 1826 1861
3351 2 2 3 53 1825 1724 1862
3352 2 2 3 54 810 798 809
3353 2 2 3 54 809 798 797
3354 2 2 3 54 811 799 810
3355 2 2 3 54 810 799 798
3356 2 2 3 54 808 809 796
3357 2 2 3 54 796 809 797
3358 2 2 3 54 1873 818 90
3359 2 2 3 54 716 1873 90
3360 2 2 3 54 807 1874 82
3361 2 2 3 54 1874 652 82
3362 2 2 3 54 801 800 812
3363 2 2 3 54 815 804 803
3364 2 2 3 54 816 804 815
3365 2 2 3 54 805 804 816
3366 2 2 3 54 806 1873 89
3367 2 2 3 54 1873 806 818
3368 2 2 3 54 1873 716 89
3369 2 2 3 54 1874 795 81
3370 2 2 3 54 795 1874 807
3371 2 2 3 54 652 1874 81
3372 2 2 3 54 796 795 807
3373 2 2 3 54 807 808 796
3374 2 2 3 54 811 812 799
3375 2 2 3 54 799 812 800
3376 2 2 3 54 805 817 818
3377 2 2 3 54 805 818 806
3378 2 2 3 54 805 816 817
3379 2 2 3 54 814 815 803
3380 2 2 3 54 814 803 802
3381 2 2 3 54 813 814 802
3382 2 2 3 54 813 802 801
3383 2 2 3 54 812 813 801
3384 2 2 3 55 1936 1878 1977
3385 2 2 3 55 1879 1935 1983
3386 2 2 3 55 722 1924 1995
3387 2 2 3 55 1926 1887 1952
3388 2 2 3 55 1892 2005 2076
3389 2 2 3 55 1911 1940 2023
3390 2 2 3 55 1892 1956 2005
3391 2 2 3 55 1948 1879 1983
3392 2 2 3 55 1932 1878 1962
3393 2 2 3 55 1878 1949 1977
3394 2 2 3 55 2023 1940 2074
3395 2 2 3 55 1932 1891 1949
3396 2 2 3 55 1967 1879 1980
3397 2 2 3 55 1942 1894 1961
3398 2 2 3 55 1897 1932 1962
3399 2 2 3 55 1878 1932 1949
3400 2 2 3 55 663 664 1934
3401 2 2 3 55 1934 664 2034
3402 2 2 3 55 1885 1934 2041
3403 2 2 3 55 2017 1914 2020
3404 2 2 3 55 725 724 1939
3405 2 2 3 55 1899 1926 1981
3406 2 2 3 55 1934 1912 2041
3407 2 2 3 55 1937 1893 2017
3408 2 2 3 55 1943 1914 2017
3409 2 2 3 55 1902 1924 1976
3410 2 2 3 55 1924 1902 1995
3411 2 2 3 55 1891 1932 1959
3412 2 2 3 55 1887 1926 2065
3413 2 2 3 55 1968 1920 2060
3414 2 2 3 55 1924 722 1993
3415 2 2 3 55 1881 1957 2025
3416 2 2 3 55 1904 1941 2018
3417 2 2 3 55 1923 1885 2041
3418 2 2 3 55 1941 1904 1994
3419 2 2 3 55 1982 1881 2025
3420 2 2 3 55 1893 1943 2017
3421 2 2 3 55 1885 1923 1985
3422 2 2 3 55 1965 1882 1997
3423 2 2 3 55 1934 1885 2012
3424 2 2 3 55 1965 1997 2082
3425 2 2 3 55 721 720 1953
3426 2 2 3 55 1926 1899 2015
3427 2 2 3 55 1953 720 1999
3428 2 2 3 55 728 727 1940
3429 2 2 3 55 2005 1929 2076
3430 2 2 3 55 1901 1967 1980
3431 2 2 3 55 2026 1883 2060
3432 2 2 3 55 812 811 1951
3433 2 2 3 55 814 813 1950
3434 2 2 3 55 1880 1959 1972
3435 2 2 3 55 1929 1904 1975
3436 2 2 3 55 1931 1903 2088
3437 2 2 3 55 1939 724 2004
3438 2 2 3 55 1960 1918 2035
3439 2 2 3 55 723 722 1995
3440 2 2 3 55 1920 1968 2037
3441 2 2 3 55 1883 1961 2060
3442 2 2 3 55 1879 1948 1980
3443 2 2 3 55 814 1950 1969
3444 2 2 3 55 1951 811 1970
3445 2 2 3 55 660 661 1941
3446 2 2 3 55 1905 1934 2012
3447 2 2 3 55 1950 813 2049
3448 2 2 3 55 812 1951 2049
3449 2 2 3 55 656 657 1956
3450 2 2 3 55 1893 1937 1984
3451 2 2 3 55 654 655 1945
3452 2 2 3 55 1942 1961 2000
3453 2 2 3 55 719 718 1946
3454 2 2 3 55 1904 1929 2019
3455 2 2 3 55 1932 1897 2021
3456 2 2 3 55 1929 658 2019
3457 2 2 3 55 658 1929 2005
3458 2 2 3 55 1963 816 2043
3459 2 2 3 55 809 1964 2042
3460 2 2 3 55 1893 1960 2035
3461 2 2 3 55 1933 1957 2087
3462 2 2 3 55 1957 1888 2087
3463 2 2 3 55 817 816 1963
3464 2 2 3 55 809 808 1964
3465 2 2 3 55 2033 1930 2039
3466 2 2 3 55 1889 1964 2079
3467 2 2 3 55 1972 1959 2021
3468 2 2 3 55 1903 1931 1997
3469 2 2 3 55 1963 1890 2080
3470 2 2 3 55 1906 1953 1999
3471 2 2 3 55 656 1956 2009
3472 2 2 3 55 725 1939 1979
3473 2 2 3 55 1948 1892 1980
3474 2 2 3 55 1912 1934 2034
3475 2 2 3 55 1878 1936 2001
3476 2 2 3 55 1991 684 2008
3477 2 2 3 55 1894 1968 2060
3478 2 2 3 55 1978 688 2053
3479 2 2 3 55 1935 1879 1988
3480 2 2 3 55 1947 1875 2028
3481 2 2 3 55 1876 2017 2020
3482 2 2 3 55 1907 1948 1983
3483 2 2 3 55 1913 1951 1966
3484 2 2 3 55 1950 1913 1965
3485 2 2 3 55 1951 1896 1966
3486 2 2 3 55 1895 1950 1965
3487 2 2 3 55 1903 1962 2088
3488 2 2 3 55 1964 1928 2079
3489 2 2 3 55 1898 1954 2024
3490 2 2 3 55 1934 1905 1996
3491 2 2 3 55 1941 661 1974
3492 2 2 3 55 1927 1963 2080
3493 2 2 3 55 1913 1950 2049
3494 2 2 3 55 1951 1913 2049
3495 2 2 3 55 815 814 1969
3496 2 2 3 55 811 810 1970
3497 2 2 3 55 663 1934 1996
3498 2 2 3 55 1892 1958 1980
3499 2 2 3 55 1926 1952 1981
3500 2 2 3 55 1875 2033 2039
3501 2 2 3 55 1900 1938 1989
3502 2 2 3 55 1949 1906 1977
3503 2 2 3 55 1896 1951 1970
3504 2 2 3 55 1950 1895 1969
3505 2 2 3 55 1938 1900 2010
3506 2 2 3 55 2028 1875 2039
3507 2 2 3 55 1886 1938 1987
3508 2 2 3 55 1901 1958 1986
3509 2 2 3 55 1894 1942 1985
3510 2 2 3 55 728 1940 2031
3511 2 2 3 55 1958 1881 1986
3512 2 2 3 55 2007 1877 2010
3513 2 2 3 55 1916 1963 2043
3514 2 2 3 55 1964 1917 2042
3515 2 2 3 55 1930 1955 2039
3516 2 2 3 55 1956 1907 2009
3517 2 2 3 55 1908 1940 2011
3518 2 2 3 55 683 682 1960
3519 2 2 3 55 689 688 1978
3520 2 2 3 55 1933 2007 2010
3521 2 2 3 55 1940 727 2011
3522 2 2 3 55 1938 1886 1989
3523 2 2 3 55 665 2014 2034
3524 2 2 3 55 1999 1946 2044
3525 2 2 3 55 1941 1888 2018
3526 2 2 3 55 1964 1889 2068
3527 2 2 3 55 1890 1963 2069
3528 2 2 3 55 660 1941 1994
3529 2 2 3 55 1936 1977 2069
3530 2 2 3 55 1977 1890 2069
3531 2 2 3 55 1915 1991 2008
3532 2 2 3 55 1918 1960 2040
3533 2 2 3 55 1923 1978 2053
3534 2 2 3 55 679 86 2002
3535 2 2 3 55 1959 1880 1976
3536 2 2 3 55 1881 1958 1975
3537 2 2 3 55 1940 1911 2031
3538 2 2 3 55 719 1946 1999
3539 2 2 3 55 681 680 1973
3540 2 2 3 55 1906 1999 2044
3541 2 2 3 55 86 729 2002
3542 2 2 3 55 1907 1945 2009
3543 2 2 3 55 1887 1939 2006
3544 2 2 3 55 1939 1887 2067
3545 2 2 3 55 1939 1902 2006
3546 2 2 3 55 1945 655 2009
3547 2 2 3 55 1992 1898 2024
3548 2 2 3 55 1914 1943 2089
3549 2 2 3 55 1902 1939 2004
3550 2 2 3 55 1899 1944 2015
3551 2 2 3 55 1910 1987 2063
3552 2 2 3 55 1876 1944 2047
3553 2 2 3 55 1944 1910 2047
3554 2 2 3 55 1952 1880 1981
3555 2 2 3 55 1944 1899 2027
3556 2 2 3 55 1940 1908 2074
3557 2 2 3 55 1972 1897 2028
3558 2 2 3 55 1921 1972 2028
3559 2 2 3 55 681 1973 2040
3560 2 2 3 55 1958 1901 1980
3561 2 2 3 55 1961 1883 2063
3562 2 2 3 55 664 665 2034
3563 2 2 3 55 724 723 2004
3564 2 2 3 55 1922 1961 2063
3565 2 2 3 55 687 686 1968
3566 2 2 3 55 654 1945 2054
3567 2 2 3 55 78 690 2014
3568 2 2 3 55 1882 1966 2078
3569 2 2 3 55 1920 2026 2060
3570 2 2 3 55 1954 1909 2033
3571 2 2 3 55 1888 1941 2058
3572 2 2 3 55 1966 2073 2078
3573 2 2 3 55 1875 1954 2033
3574 2 2 3 55 665 78 2014
3575 2 2 3 55 1943 1893 2035
3576 2 2 3 55 1983 1935 2068
3577 2 2 3 55 1899 1955 2027
3578 2 2 3 55 1918 1973 2023
3579 2 2 3 55 1946 718 2057
3580 2 2 3 55 1889 1983 2068
3581 2 2 3 55 1945 1907 2048
3582 2 2 3 55 1880 1972 2022
3583 2 2 3 55 1917 1964 2068
3584 2 2 3 55 1963 1916 2069
3585 2 2 3 55 2051 653 2054
3586 2 2 3 55 1910 1944 2056
3587 2 2 3 55 1955 1930 2091
3588 2 2 3 55 1903 1992 2062
3589 2 2 3 55 723 1995 2004
3590 2 2 3 55 661 662 1974
3591 2 2 3 55 1992 1947 2062
3592 2 2 3 55 1949 1891 2030
3593 2 2 3 55 726 725 1979
3594 2 2 3 55 1978 1923 2041
3595 2 2 3 55 717 2052 2057
3596 2 2 3 55 1955 1899 2086
3597 2 2 3 55 1967 1898 2083
3598 2 2 3 55 1944 1876 2015
3599 2 2 3 55 1878 2001 2088
3600 2 2 3 55 2072 1967 2083
3601 2 2 3 55 1981 1880 2022
3602 2 2 3 55 1987 1922 2063
3603 2 2 3 55 1973 1918 2040
3604 2 2 3 55 1893 1984 2064
3605 2 2 3 55 721 1953 1993
3606 2 2 3 55 1960 682 2040
3607 2 2 3 55 1987 1938 2075
3608 2 2 3 55 2002 729 2031
3609 2 2 3 55 1947 1897 2062
3610 2 2 3 55 1897 1947 2028
3611 2 2 3 55 1948 1907 2038
3612 2 2 3 55 1922 1987 2075
3613 2 2 3 55 1925 1990 2012
3614 2 2 3 55 1875 1947 2024
3615 2 2 3 55 1892 1948 2038
3616 2 2 3 55 1990 1905 2012
3617 2 2 3 55 1896 1970 2046
3618 2 2 3 55 1969 1895 2045
3619 2 2 3 55 1954 1898 2032
3620 2 2 3 55 729 728 2031
3621 2 2 3 55 1918 2023 2085
3622 2 2 3 55 1880 1952 2066
3623 2 2 3 55 1916 1969 2045
3624 2 2 3 55 1970 1917 2046
3625 2 2 3 55 1952 1887 2006
3626 2 2 3 55 1906 1949 2030
3627 2 2 3 55 1953 1906 2030
3628 2 2 3 55 1891 1953 2030
3629 2 2 3 55 1953 1891 2077
3630 2 2 3 55 1909 1954 2050
3631 2 2 3 55 653 654 2054
3632 2 2 3 55 1954 1875 2024
3633 2 2 3 55 1884 2023 2074
3634 2 2 3 55 1958 1892 2076
3635 2 2 3 55 718 717 2057
3636 2 2 3 55 1956 657 2005
3637 2 2 3 55 1907 1956 2038
3638 2 2 3 55 1905 1974 1996
3639 2 2 3 55 1956 1892 2038
3640 2 2 3 55 1974 662 1996
3641 2 2 3 55 1968 686 2037
3642 2 2 3 55 1997 1931 2082
3643 2 2 3 55 1957 1881 2029
3644 2 2 3 55 2010 1877 2075
3645 2 2 3 55 1888 1957 2018
3646 2 2 3 55 687 1968 2053
3647 2 2 3 55 1961 1922 2000
3648 2 2 3 55 1903 1971 1992
3649 2 2 3 55 1957 1933 2025
3650 2 2 3 55 1971 1898 1992
3651 2 2 3 55 1907 1983 2048
3652 2 2 3 55 684 683 2008
3653 2 2 3 55 1921 2028 2039
3654 2 2 3 55 685 684 1991
3655 2 2 3 55 1928 2051 2054
3656 2 2 3 55 683 1960 2008
3657 2 2 3 55 1964 808 2070
3658 2 2 3 55 817 1963 2071
3659 2 2 3 55 1959 1932 2021
3660 2 2 3 55 658 659 2019
3661 2 2 3 55 2052 1927 2057
3662 2 2 3 55 1982 1909 1986
3663 2 2 3 55 1891 1959 2036
3664 2 2 3 55 1881 1982 1986
3665 2 2 3 55 1963 1927 2071
3666 2 2 3 55 1928 1964 2070
3667 2 2 3 55 82 653 2051
3668 2 2 3 55 717 90 2052
3669 2 2 3 55 1938 2010 2075
3670 2 2 3 55 807 82 2051
3671 2 2 3 55 90 818 2052
3672 2 2 3 55 2014 1912 2034
3673 2 2 3 55 1962 1878 2088
3674 2 2 3 55 1961 1894 2060
3675 2 2 3 55 1882 1971 1997
3676 2 2 3 55 1897 1962 2062
3677 2 2 3 55 1943 2085 2089
3678 2 2 3 55 1971 1903 1997
3679 2 2 3 55 1941 1974 2058
3680 2 2 3 55 1894 1985 2084
3681 2 2 3 55 657 658 2005
3682 2 2 3 55 1898 1967 2032
3683 2 2 3 55 1915 1984 2026
3684 2 2 3 55 1960 1893 2064
3685 2 2 3 55 1984 1883 2026
3686 2 2 3 55 1933 2010 2025
3687 2 2 3 55 2010 1900 2025
3688 2 2 3 55 2001 1931 2088
3689 2 2 3 55 722 721 1993
3690 2 2 3 55 1979 1908 2011
3691 2 2 3 55 1990 1925 2007
3692 2 2 3 55 1962 1903 2062
3693 2 2 3 55 726 1979 2011
3694 2 2 3 55 1994 1904 2019
3695 2 2 3 55 1975 1958 2076
3696 2 2 3 55 1974 1905 2058
3697 2 2 3 55 1977 1906 2044
3698 2 2 3 55 1970 810 2042
3699 2 2 3 55 815 1969 2043
3700 2 2 3 55 1899 1981 2022
3701 2 2 3 55 659 660 1994
3702 2 2 3 55 2053 1968 2084
3703 2 2 3 55 1984 1915 2064
3704 2 2 3 55 1969 1916 2043
3705 2 2 3 55 1917 1970 2042
3706 2 2 3 55 1988 1879 2072
3707 2 2 3 55 662 663 1996
3708 2 2 3 55 1976 1880 2066
3709 2 2 3 55 1908 1979 2067
3710 2 2 3 55 1991 1915 2026
3711 2 2 3 55 1920 1991 2026
3712 2 2 3 55 2016 1937 2047
3713 2 2 3 55 1910 2016 2047
3714 2 2 3 55 1937 2017 2047
3715 2 2 3 55 1959 1976 2036
3716 2 2 3 55 2017 1876 2047
3717 2 2 3 55 1982 1900 2013
3718 2 2 3 55 1909 1982 2013
3719 2 2 3 55 720 719 1999
3720 2 2 3 55 1897 1972 2021
3721 2 2 3 55 1975 1904 2029
3722 2 2 3 55 1967 1901 2032
3723 2 2 3 55 1881 1975 2029
3724 2 2 3 55 1965 1913 2081
3725 2 2 3 55 1913 1966 2081
3726 2 2 3 55 1900 1982 2025
3727 2 2 3 55 1895 1965 2082
3728 2 2 3 55 1972 1921 2022
3729 2 2 3 55 1973 680 2059
3730 2 2 3 55 1882 1965 2081
3731 2 2 3 55 1966 1882 2081
3732 2 2 3 55 1988 1896 2046
3733 2 2 3 55 1966 1896 2073
3734 2 2 3 55 1935 1988 2046
3735 2 2 3 55 1985 1923 2084
3736 2 2 3 55 1973 1911 2023
3737 2 2 3 55 1879 1967 2072
3738 2 2 3 55 655 656 2009
3739 2 2 3 55 1942 2000 2090
3740 2 2 3 55 1911 1973 2059
3741 2 2 3 55 727 726 2011
3742 2 2 3 55 2000 1877 2090
3743 2 2 3 55 680 679 2059
3744 2 2 3 55 2085 1884 2089
3745 2 2 3 55 1979 1939 2067
3746 2 2 3 55 685 1991 2037
3747 2 2 3 55 1971 1882 2078
3748 2 2 3 55 1968 1894 2084
3749 2 2 3 55 2013 1930 2033
3750 2 2 3 55 1909 2013 2033
3751 2 2 3 55 690 689 2055
3752 2 2 3 55 1991 1920 2037
3753 2 2 3 55 2015 1876 2020
3754 2 2 3 55 1989 1930 2013
3755 2 2 3 55 1900 1989 2013
3756 2 2 3 55 1898 1971 2083
3757 2 2 3 55 1883 1984 2016
3758 2 2 3 55 1926 2015 2020
3759 2 2 3 55 1984 1937 2016
3760 2 2 3 55 1890 1977 2044
3761 2 2 3 55 1976 1924 2036
3762 2 2 3 55 1911 2002 2031
3763 2 2 3 55 1905 1990 2058
3764 2 2 3 55 2073 1919 2078
3765 2 2 3 55 2061 1942 2090
3766 2 2 3 55 1990 2007 2087
3767 2 2 3 55 1929 1975 2076
3768 2 2 3 55 686 685 2037
3769 2 2 3 55 1989 1886 2091
3770 2 2 3 55 689 1978 2055
3771 2 2 3 55 1902 1976 2066
3772 2 2 3 55 1930 1989 2091
3773 2 2 3 55 1943 2035 2085
3774 2 2 3 55 682 681 2040
3775 2 2 3 55 816 815 2043
3776 2 2 3 55 810 809 2042
3777 2 2 3 55 1890 2044 2080
3778 2 2 3 55 813 812 2049
3779 2 2 3 55 1978 1912 2055
3780 2 2 3 55 1919 1988 2072
3781 2 2 3 55 1926 2020 2065
3782 2 2 3 55 1912 1978 2041
3783 2 2 3 55 688 687 2053
3784 2 2 3 55 1985 1942 2061
3785 2 2 3 55 2003 1908 2067
3786 2 2 3 55 2016 1910 2063
3787 2 2 3 55 1914 1998 2003
3788 2 2 3 55 808 807 2070
3789 2 2 3 55 818 817 2071
3790 2 2 3 55 1919 2072 2083
3791 2 2 3 55 1983 1889 2048
3792 2 2 3 55 1995 1902 2004
3793 2 2 3 55 1908 1998 2074
3794 2 2 3 55 2044 1946 2080
3795 2 2 3 55 1896 1988 2073
3796 2 2 3 55 2039 1955 2086
3797 2 2 3 55 1921 2039 2086
3798 2 2 3 55 1925 2061 2090
3799 2 2 3 55 2048 1889 2079
3800 2 2 3 55 1988 1919 2073
3801 2 2 3 55 1901 1986 2050
3802 2 2 3 55 1899 2022 2086
3803 2 2 3 55 1993 1953 2077
3804 2 2 3 55 1998 1908 2003
3805 2 2 3 55 659 1994 2019
3806 2 2 3 55 1987 1910 2056
3807 2 2 3 55 1945 2048 2079
3808 2 2 3 55 1947 1992 2024
3809 2 2 3 55 679 2002 2059
3810 2 2 3 55 1986 1909 2050
3811 2 2 3 55 1885 1985 2061
3812 2 2 3 55 1886 1987 2056
3813 2 2 3 55 1923 2053 2084
3814 2 2 3 55 1952 2006 2066
3815 2 2 3 55 2006 1902 2066
3816 2 2 3 55 2001 1895 2082
3817 2 2 3 55 1931 2001 2082
3818 2 2 3 55 2014 690 2055
3819 2 2 3 55 2018 1957 2029
3820 2 2 3 55 1895 2001 2045
3821 2 2 3 55 1904 2018 2029
3822 2 2 3 55 1990 1888 2058
3823 2 2 3 55 2001 1936 2045
3824 2 2 3 55 1916 2045 2069
3825 2 2 3 55 2046 1917 2068
3826 2 2 3 55 1944 2027 2056
3827 2 2 3 55 2027 1886 2056
3828 2 2 3 55 2012 1885 2061
3829 2 2 3 55 2045 1936 2069
3830 2 2 3 55 1935 2046 2068
3831 2 2 3 55 1925 2012 2061
3832 2 2 3 55 1914 2003 2065
3833 2 2 3 55 1888 1990 2087
3834 2 2 3 55 1924 1993 2077
3835 2 2 3 55 2008 1960 2064
3836 2 2 3 55 2032 1901 2050
3837 2 2 3 55 2000 1922 2075
3838 2 2 3 55 2002 1911 2059
3839 2 2 3 55 1877 2000 2075
3840 2 2 3 55 1954 2032 2050
3841 2 2 3 55 2023 1884 2085
3842 2 2 3 55 1998 1914 2089
3843 2 2 3 55 1912 2014 2055
3844 2 2 3 55 2003 1887 2065
3845 2 2 3 55 1886 2027 2091
3846 2 2 3 55 1998 1884 2074
3847 2 2 3 55 2027 1955 2091
3848 2 2 3 55 1915 2008 2064
3849 2 2 3 55 1887 2003 2067
3850 2 2 3 55 1883 2016 2063
3851 2 2 3 55 2020 1914 2065
3852 2 2 3 55 2007 1925 2090
3853 2 2 3 55 1877 2007 2090
3854 2 2 3 55 1884 1998 2089
3855 2 2 3 55 807 2051 2070
3856 2 2 3 55 2052 818 2071
3857 2 2 3 55 2022 1921 2086
3858 2 2 3 55 1927 2052 2071
3859 2 2 3 55 2051 1928 2070
3860 2 2 3 55 2007 1933 2087
3861 2 2 3 55 2036 1924 2077
3862 2 2 3 55 1891 2036 2077
3863 2 2 3 55 2057 1927 2080
3864 2 2 3 55 1928 2054 2079
3865 2 2 3 55 1946 2057 2080
3866 2 2 3 55 2054 1945 2079
3867 2 2 3 55 2035 1918 2085
3868 2 2 3 55 1971 2078 2083
3869 2 2 3 55 2078 1919 2083
3870 2 2 3 56 732 693 733
3871 2 2 3 56 733 693 694
3872 2 2 3 56 692 731 730
3873 2 2 3 56 692 730 691
3874 2 2 3 56 737 736 698
3875 2 2 3 56 698 736 697
3876 2 2 3 56 2092 730 84
3877 2 2 3 56 666 2092 84
3878 2 2 3 56 2093 767 91
3879 2 2 3 56 742 2093 91
3880 2 2 3 56 699 738 698
3881 2 2 3 56 739 738 699
3882 2 2 3 56 695 735 734
3883 2 2 3 56 702 741 701
3884 2 2 3 56 703 2093 742
3885 2 2 3 56 767 2093 87
3886 2 2 3 56 2093 703 87
3887 2 2 3 56 691 2092 83
3888 2 2 3 56 2092 691 730
3889 2 2 3 56 2092 666 83
3890 2 2 3 56 742 741 703
3891 2 2 3 56 703 741 702
3892 2 2 3 56 701 740 739
3893 2 2 3 56 701 739 700
3894 2 2 3 56 692 732 731
3895 2 2 3 56 695 734 733
3896 2 2 3 56 695 733 694
3897 2 2 3 56 700 739 699
3898 2 2 3 56 697 736 735
3899 2 2 3 56 697 735 696
3900 2 2 3 56 701 741 740
3901 2 2 3 56 693 732 692
3902 2 2 3 56 696 735 695
3903 2 2 3 56 738 737 698
3904 2 2 3 57 767 87 704
3905 2 2 3 57 768 91 767
3906 2 2 3 57 704 88 768
3907 2 2 3 57 767 704 768
3908 2 2 3 58 744 706 745
3909 2 2 3 58 745 706 707
3910 2 2 3 58 768 2094 91
3911 2 2 3 58 2094 743 91
3912 2 2 3 58 2095 769 92
3913 2 2 3 58 753 2095 92
3914 2 2 3 58 711 748 710
3915 2 2 3 58 746 709 747
3916 2 2 3 58 749 748 711
3917 2 2 3 58 748 709 710
3918 2 2 3 58 715 2095 753
3919 2 2 3 58 769 2095 89
3920 2 2 3 58 2095 715 89
3921 2 2 3 58 2094 705 743
3922 2 2 3 58 2094 768 88
3923 2 2 3 58 705 2094 88
3924 2 2 3 58 752 714 753
3925 2 2 3 58 753 714 715
3926 2 2 3 58 751 714 752
3927 2 2 3 58 745 707 746
3928 2 2 3 58 746 707 708
3929 2 2 3 58 746 708 709
3930 2 2 3 58 714 751 713
3931 2 2 3 58 713 751 750
3932 2 2 3 58 743 705 744
3933 2 2 3 58 713 750 712
3934 2 2 3 58 744 705 706
3935 2 2 3 58 712 750 749
3936 2 2 3 58 712 749 711
3937 2 2 3 58 748 747 709
3938 2 2 3 59 769 89 716
3939 2 2 3 59 716 90 770
3940 2 2 3 59 769 716 770
3941 2 2 3 59 770 92 769
3942 2 2 3 60 755 718 756
3943 2 2 3 60 756 718 719
3944 2 2 3 60 720 757 756
3945 2 2 3 60 720 756 719
3946 2 2 3 60 761 760 724
3947 2 2 3 60 724 760 723
3948 2 2 3 60 2096 729 86
3949 2 2 3 60 678 2096 86
3950 2 2 3 60 770 2097 92
3951 2 2 3 60 2097 754 92
3952 2 2 3 60 766 2096 85
3953 2 2 3 60 2096 766 729
3954 2 2 3 60 2096 678 85
3955 2 2 3 60 758 721 722
3956 2 2 3 60 759 722 723
3957 2 2 3 60 759 758 722
3958 2 2 3 60 725 726 762
3959 2 2 3 60 2097 717 754
3960 2 2 3 60 2097 770 90
3961 2 2 3 60 717 2097 90
3962 2 2 3 60 764 727 765
3963 2 2 3 60 765 727 728
3964 2 2 3 60 765 728 729
3965 2 2 3 60 763 726 764
3966 2 2 3 60 764 726 727
3967 2 2 3 60 766 765 729
3968 2 2 3 60 718 755 717
3969 2 2 3 60 754 717 755
3970 2 2 3 60 762 726 763
3971 2 2 3 60 721 758 757
3972 2 2 3 60 721 757 720
3973 2 2 3 60 762 761 725
3974 2 2 3 60 759 723 760
3975 2 2 3 60 725 761 724
3976 2 2 3 61 2121 2137 2185
3977 2 2 3 61 671 2138 2238
3978 2 2 3 61 2180 2133 2208
3979 2 2 3 61 2132 2179 2207
3980 2 2 3 61 2158 2101 2186
3981 2 2 3 61 2159 2111 2233
3982 2 2 3 61 2101 2142 2293
3983 2 2 3 61 2178 2159 2233
3984 2 2 3 61 745 2146 2196
3985 2 2 3 61 2147 751 2197
3986 2 2 3 61 2137 2121 2205
3987 2 2 3 61 2100 2144 2173
3988 2 2 3 61 2188 2114 2220
3989 2 2 3 61 2115 2187 2221
3990 2 2 3 61 2119 2149 2240
3991 2 2 3 61 2166 2114 2188
3992 2 2 3 61 2115 2167 2187
3993 2 2 3 61 2146 745 2246
3994 2 2 3 61 2141 759 2219
3995 2 2 3 61 737 2140 2218
3996 2 2 3 61 2101 2170 2186
3997 2 2 3 61 2162 2118 2176
3998 2 2 3 61 2138 671 2184
3999 2 2 3 61 2157 2112 2192
4000 2 2 3 61 2118 2138 2184
4001 2 2 3 61 2173 2119 2183
4002 2 2 3 61 2162 2176 2255
4003 2 2 3 61 2148 669 2203
4004 2 2 3 61 675 2149 2204
4005 2 2 3 61 2104 2180 2208
4006 2 2 3 61 2179 2103 2207
4007 2 2 3 61 2143 2176 2235
4008 2 2 3 61 2177 2101 2293
4009 2 2 3 61 2176 2107 2235
4010 2 2 3 61 2112 2157 2168
4011 2 2 3 61 2138 2118 2202
4012 2 2 3 61 2148 2118 2230
4013 2 2 3 61 757 2171 2216
4014 2 2 3 61 2172 739 2217
4015 2 2 3 61 2099 2143 2190
4016 2 2 3 61 2144 2100 2191
4017 2 2 3 61 2145 673 2238
4018 2 2 3 61 2194 2119 2240
4019 2 2 3 61 2134 2215 2280
4020 2 2 3 61 757 758 2171
4021 2 2 3 61 738 739 2172
4022 2 2 3 61 673 2145 2194
4023 2 2 3 61 2215 2134 2252
4024 2 2 3 61 2142 2105 2193
4025 2 2 3 61 2146 2200 2291
4026 2 2 3 61 2116 2150 2181
4027 2 2 3 61 2173 2183 2222
4028 2 2 3 61 759 2141 2212
4029 2 2 3 61 2140 737 2211
4030 2 2 3 61 2200 2146 2246
4031 2 2 3 61 2179 2127 2195
4032 2 2 3 61 2103 2179 2195
4033 2 2 3 61 2150 2117 2281
4034 2 2 3 61 2192 2112 2283
4035 2 2 3 61 2120 2156 2201
4036 2 2 3 61 2142 2101 2206
4037 2 2 3 61 2105 2142 2201
4038 2 2 3 61 2143 2099 2255
4039 2 2 3 61 2098 2155 2181
4040 2 2 3 61 2118 2148 2279
4041 2 2 3 61 672 671 2238
4042 2 2 3 61 731 732 2160
4043 2 2 3 61 764 765 2161
4044 2 2 3 61 734 735 2166
4045 2 2 3 61 761 762 2167
4046 2 2 3 61 2171 2112 2209
4047 2 2 3 61 2126 2171 2209
4048 2 2 3 61 2183 2106 2280
4049 2 2 3 61 2133 2180 2273
4050 2 2 3 61 2179 2132 2272
4051 2 2 3 61 2150 2116 2224
4052 2 2 3 61 2102 2168 2182
4053 2 2 3 61 2149 2119 2210
4054 2 2 3 61 751 2147 2234
4055 2 2 3 61 2111 2159 2290
4056 2 2 3 61 2149 675 2240
4057 2 2 3 61 2162 2099 2243
4058 2 2 3 61 2134 2162 2243
4059 2 2 3 61 2139 2183 2280
4060 2 2 3 61 2155 2122 2225
4061 2 2 3 61 751 752 2197
4062 2 2 3 61 744 745 2196
4063 2 2 3 61 747 2156 2200
4064 2 2 3 61 2171 2126 2216
4065 2 2 3 61 2125 2172 2217
4066 2 2 3 61 2195 2127 2218
4067 2 2 3 61 2140 2195 2218
4068 2 2 3 61 669 2148 2230
4069 2 2 3 61 740 741 2164
4070 2 2 3 61 755 756 2165
4071 2 2 3 61 2118 2184 2230
4072 2 2 3 61 2178 2102 2299
4073 2 2 3 61 2117 2150 2271
4074 2 2 3 61 2159 2178 2299
4075 2 2 3 61 2122 2155 2198
4076 2 2 3 61 2156 747 2254
4077 2 2 3 61 2126 2165 2216
4078 2 2 3 61 2130 2188 2220
4079 2 2 3 61 2187 2131 2221
4080 2 2 3 61 2160 2130 2235
4081 2 2 3 61 2131 2161 2236
4082 2 2 3 61 2117 2169 2281
4083 2 2 3 61 759 760 2219
4084 2 2 3 61 736 737 2218
4085 2 2 3 61 2155 2098 2213
4086 2 2 3 61 2157 2104 2189
4087 2 2 3 61 2104 2157 2192
4088 2 2 3 61 2165 2126 2233
4089 2 2 3 61 2160 2235 2274
4090 2 2 3 61 2236 2161 2275
4091 2 2 3 61 673 672 2238
4092 2 2 3 61 2121 2234 2292
4093 2 2 3 61 2200 2120 2291
4094 2 2 3 61 676 675 2204
4095 2 2 3 61 669 668 2203
4096 2 2 3 61 2247 2106 2282
4097 2 2 3 61 2106 2183 2282
4098 2 2 3 61 2141 2192 2283
4099 2 2 3 61 2121 2185 2234
4100 2 2 3 61 734 2166 2188
4101 2 2 3 61 2167 762 2187
4102 2 2 3 61 2156 2120 2200
4103 2 2 3 61 2196 2110 2295
4104 2 2 3 61 2111 2197 2296
4105 2 2 3 61 2169 2117 2189
4106 2 2 3 61 2181 2150 2281
4107 2 2 3 61 2174 2103 2195
4108 2 2 3 61 2110 2196 2289
4109 2 2 3 61 2197 2111 2290
4110 2 2 3 61 2189 2117 2286
4111 2 2 3 61 2098 2181 2281
4112 2 2 3 61 2103 2198 2207
4113 2 2 3 61 2157 2189 2286
4114 2 2 3 61 2170 2125 2186
4115 2 2 3 61 2101 2158 2206
4116 2 2 3 61 2215 2109 2223
4117 2 2 3 61 2151 2214 2252
4118 2 2 3 61 2152 2215 2223
4119 2 2 3 61 2176 2118 2279
4120 2 2 3 61 2121 2292 2299
4121 2 2 3 61 2160 732 2226
4122 2 2 3 61 764 2161 2227
4123 2 2 3 61 2215 2139 2280
4124 2 2 3 61 2130 2160 2226
4125 2 2 3 61 2161 2131 2227
4126 2 2 3 61 2201 2156 2229
4127 2 2 3 61 2186 2110 2289
4128 2 2 3 61 2158 2186 2289
4129 2 2 3 61 2166 735 2241
4130 2 2 3 61 761 2167 2242
4131 2 2 3 61 2175 2121 2299
4132 2 2 3 61 2207 2198 2268
4133 2 2 3 61 2112 2168 2209
4134 2 2 3 61 2214 2109 2252
4135 2 2 3 61 2103 2174 2198
4136 2 2 3 61 2174 2122 2198
4137 2 2 3 61 2118 2162 2202
4138 2 2 3 61 731 2160 2257
4139 2 2 3 61 2161 765 2258
4140 2 2 3 61 740 2164 2217
4141 2 2 3 61 2165 756 2216
4142 2 2 3 61 2174 2113 2199
4143 2 2 3 61 2122 2174 2199
4144 2 2 3 61 2113 2170 2199
4145 2 2 3 61 747 748 2254
4146 2 2 3 61 2189 2104 2208
4147 2 2 3 61 674 673 2194
4148 2 2 3 61 2176 2143 2255
4149 2 2 3 61 2257 2160 2274
4150 2 2 3 61 2161 2258 2275
4151 2 2 3 61 2214 2151 2250
4152 2 2 3 61 2217 2164 2253
4153 2 2 3 61 2153 2196 2295
4154 2 2 3 61 2197 2154 2296
4155 2 2 3 61 2181 2155 2225
4156 2 2 3 61 2182 2168 2286
4157 2 2 3 61 2121 2175 2205
4158 2 2 3 61 746 747 2200
4159 2 2 3 61 2135 2257 2274
4160 2 2 3 61 2258 2136 2275
4161 2 2 3 61 671 670 2184
4162 2 2 3 61 2119 2173 2210
4163 2 2 3 61 2099 2162 2255
4164 2 2 3 61 2168 2157 2286
4165 2 2 3 61 2235 2107 2274
4166 2 2 3 61 2108 2236 2275
4167 2 2 3 61 2292 2159 2299
4168 2 2 3 61 762 763 2187
4169 2 2 3 61 733 734 2188
4170 2 2 3 61 2170 2101 2261
4171 2 2 3 61 2196 2146 2289
4172 2 2 3 61 2147 2197 2290
4173 2 2 3 61 2123 2163 2263
4174 2 2 3 61 2168 2102 2285
4175 2 2 3 61 2163 2109 2214
4176 2 2 3 61 2109 2163 2223
4177 2 2 3 61 2124 2214 2250
4178 2 2 3 61 2162 2134 2239
4179 2 2 3 61 2164 741 2269
4180 2 2 3 61 755 2165 2270
4181 2 2 3 61 2163 2123 2223
4182 2 2 3 61 2125 2217 2253
4183 2 2 3 61 742 2259 2269
4184 2 2 3 61 2260 754 2270
4185 2 2 3 61 2177 2122 2261
4186 2 2 3 61 749 750 2185
4187 2 2 3 61 2177 2116 2225
4188 2 2 3 61 2155 2213 2268
4189 2 2 3 61 2171 758 2212
4190 2 2 3 61 738 2172 2211
4191 2 2 3 61 760 761 2242
4192 2 2 3 61 735 736 2241
4193 2 2 3 61 2099 2190 2248
4194 2 2 3 61 2191 2100 2249
4195 2 2 3 61 2213 2098 2263
4196 2 2 3 61 2163 2213 2263
4197 2 2 3 61 2109 2215 2252
4198 2 2 3 61 2114 2166 2266
4199 2 2 3 61 2167 2115 2267
4200 2 2 3 61 2117 2182 2286
4201 2 2 3 61 2189 2208 2297
4202 2 2 3 61 84 730 2231
4203 2 2 3 61 766 85 2232
4204 2 2 3 61 667 84 2231
4205 2 2 3 61 85 677 2232
4206 2 2 3 61 2170 2113 2237
4207 2 2 3 61 2219 760 2242
4208 2 2 3 61 736 2218 2241
4209 2 2 3 61 2125 2170 2237
4210 2 2 3 61 2116 2181 2225
4211 2 2 3 61 2182 2117 2271
4212 2 2 3 61 2165 2233 2296
4213 2 2 3 61 2112 2171 2283
4214 2 2 3 61 2172 2113 2284
4215 2 2 3 61 2213 2124 2268
4216 2 2 3 61 2113 2172 2237
4217 2 2 3 61 2172 2125 2237
4218 2 2 3 61 2100 2173 2222
4219 2 2 3 61 2178 2126 2209
4220 2 2 3 61 2173 2144 2278
4221 2 2 3 61 2119 2194 2282
4222 2 2 3 61 2194 2145 2282
4223 2 2 3 61 2113 2174 2245
4224 2 2 3 61 741 742 2269
4225 2 2 3 61 754 755 2270
4226 2 2 3 61 2206 2158 2291
4227 2 2 3 61 2120 2206 2291
4228 2 2 3 61 2234 2147 2292
4229 2 2 3 61 2175 2129 2228
4230 2 2 3 61 2122 2199 2261
4231 2 2 3 61 2136 2204 2287
4232 2 2 3 61 2129 2175 2256
4233 2 2 3 61 2205 2105 2229
4234 2 2 3 61 2233 2111 2296
4235 2 2 3 61 2137 2205 2229
4236 2 2 3 61 2123 2263 2297
4237 2 2 3 61 2201 2142 2206
4238 2 2 3 61 2120 2201 2206
4239 2 2 3 61 2275 2136 2287
4240 2 2 3 61 2116 2177 2293
4241 2 2 3 61 2199 2170 2261
4242 2 2 3 61 2107 2176 2279
4243 2 2 3 61 2193 2105 2228
4244 2 2 3 61 750 751 2234
4245 2 2 3 61 2185 2137 2298
4246 2 2 3 61 2122 2177 2225
4247 2 2 3 61 2203 2135 2288
4248 2 2 3 61 2202 2106 2247
4249 2 2 3 61 2138 2202 2247
4250 2 2 3 61 2174 2195 2245
4251 2 2 3 61 2114 2190 2220
4252 2 2 3 61 2191 2115 2221
4253 2 2 3 61 2190 2143 2220
4254 2 2 3 61 2144 2191 2221
4255 2 2 3 61 2259 2153 2269
4256 2 2 3 61 2154 2260 2270
4257 2 2 3 61 2190 2132 2248
4258 2 2 3 61 2133 2191 2249
4259 2 2 3 61 2263 2169 2297
4260 2 2 3 61 2101 2177 2261
4261 2 2 3 61 2135 2274 2288
4262 2 2 3 61 733 2188 2226
4263 2 2 3 61 2187 763 2227
4264 2 2 3 61 2188 2130 2226
4265 2 2 3 61 2131 2187 2227
4266 2 2 3 61 2126 2178 2233
4267 2 2 3 61 670 669 2230
4268 2 2 3 61 2183 2139 2222
4269 2 2 3 61 2102 2178 2285
4270 2 2 3 61 2129 2193 2228
4271 2 2 3 61 2193 2116 2293
4272 2 2 3 61 2142 2193 2293
4273 2 2 3 61 2116 2193 2224
4274 2 2 3 61 2193 2129 2224
4275 2 2 3 61 2115 2180 2267
4276 2 2 3 61 2179 2114 2266
4277 2 2 3 61 753 92 2260
4278 2 2 3 61 91 743 2259
4279 2 2 3 61 92 754 2260
4280 2 2 3 61 742 91 2259
4281 2 2 3 61 758 759 2212
4282 2 2 3 61 737 738 2211
4283 2 2 3 61 2180 2104 2244
4284 2 2 3 61 2128 2180 2244
4285 2 2 3 61 2129 2182 2271
4286 2 2 3 61 2127 2179 2266
4287 2 2 3 61 2180 2128 2267
4288 2 2 3 61 2114 2179 2272
4289 2 2 3 61 2180 2115 2273
4290 2 2 3 61 2205 2175 2228
4291 2 2 3 61 2124 2213 2214
4292 2 2 3 61 2213 2163 2214
4293 2 2 3 61 2105 2201 2229
4294 2 2 3 61 756 757 2216
4295 2 2 3 61 739 740 2217
4296 2 2 3 61 675 674 2240
4297 2 2 3 61 2182 2129 2256
4298 2 2 3 61 2102 2182 2256
4299 2 2 3 61 2241 2127 2266
4300 2 2 3 61 2128 2242 2267
4301 2 2 3 61 2166 2241 2266
4302 2 2 3 61 2242 2167 2267
4303 2 2 3 61 749 2185 2298
4304 2 2 3 61 2183 2119 2282
4305 2 2 3 61 2130 2220 2235
4306 2 2 3 61 2221 2131 2236
4307 2 2 3 61 2220 2143 2235
4308 2 2 3 61 2144 2221 2236
4309 2 2 3 61 2209 2168 2285
4310 2 2 3 61 2184 670 2230
4311 2 2 3 61 2223 2123 2251
4312 2 2 3 61 2145 2247 2282
4313 2 2 3 61 2152 2223 2251
4314 2 2 3 61 2110 2186 2253
4315 2 2 3 61 732 733 2226
4316 2 2 3 61 763 764 2227
4317 2 2 3 61 2186 2125 2253
4318 2 2 3 61 2105 2205 2228
4319 2 2 3 61 2185 750 2234
4320 2 2 3 61 2137 2229 2254
4321 2 2 3 61 2229 2156 2254
4322 2 2 3 61 746 2200 2246
4323 2 2 3 61 2104 2192 2244
4324 2 2 3 61 2152 2249 2262
4325 2 2 3 61 2190 2114 2272
4326 2 2 3 61 2115 2191 2273
4327 2 2 3 61 2132 2190 2272
4328 2 2 3 61 2191 2133 2273
4329 2 2 3 61 674 2194 2240
4330 2 2 3 61 2202 2162 2239
4331 2 2 3 61 2106 2202 2239
4332 2 2 3 61 745 746 2246
4333 2 2 3 61 730 731 2257
4334 2 2 3 61 765 766 2258
4335 2 2 3 61 748 749 2298
4336 2 2 3 61 677 676 2265
4337 2 2 3 61 668 667 2264
4338 2 2 3 61 2110 2253 2295
4339 2 2 3 61 2210 2108 2287
4340 2 2 3 61 2149 2210 2287
4341 2 2 3 61 2195 2140 2245
4342 2 2 3 61 2169 2189 2297
4343 2 2 3 61 2192 2141 2294
4344 2 2 3 61 752 753 2277
4345 2 2 3 61 743 744 2276
4346 2 2 3 61 2196 2153 2276
4347 2 2 3 61 2154 2197 2277
4348 2 2 3 61 744 2196 2276
4349 2 2 3 61 2197 752 2277
4350 2 2 3 61 2253 2164 2295
4351 2 2 3 61 2198 2155 2268
4352 2 2 3 61 2222 2139 2262
4353 2 2 3 61 2249 2100 2262
4354 2 2 3 61 2124 2207 2268
4355 2 2 3 61 2208 2123 2297
4356 2 2 3 61 2207 2124 2250
4357 2 2 3 61 2123 2208 2251
4358 2 2 3 61 2132 2207 2250
4359 2 2 3 61 2208 2133 2251
4360 2 2 3 61 2218 2127 2241
4361 2 2 3 61 2128 2219 2242
4362 2 2 3 61 2263 2098 2281
4363 2 2 3 61 2169 2263 2281
4364 2 2 3 61 2100 2222 2262
4365 2 2 3 61 2215 2152 2262
4366 2 2 3 61 2135 2203 2264
4367 2 2 3 61 2204 2136 2265
4368 2 2 3 61 2151 2243 2248
4369 2 2 3 61 2243 2099 2248
4370 2 2 3 61 2145 2238 2247
4371 2 2 3 61 2238 2138 2247
4372 2 2 3 61 2102 2256 2299
4373 2 2 3 61 2256 2175 2299
4374 2 2 3 61 2211 2172 2284
4375 2 2 3 61 2171 2212 2283
4376 2 2 3 61 2203 668 2264
4377 2 2 3 61 676 2204 2265
4378 2 2 3 61 2248 2132 2250
4379 2 2 3 61 2133 2249 2251
4380 2 2 3 61 2151 2248 2250
4381 2 2 3 61 2249 2152 2251
4382 2 2 3 61 2148 2203 2288
4383 2 2 3 61 2224 2129 2271
4384 2 2 3 61 2204 2149 2287
4385 2 2 3 61 2210 2173 2278
4386 2 2 3 61 2178 2209 2285
4387 2 2 3 61 2106 2239 2280
4388 2 2 3 61 2139 2215 2262
4389 2 2 3 61 2219 2128 2294
4390 2 2 3 61 2141 2219 2294
4391 2 2 3 61 2108 2210 2278
4392 2 2 3 61 2243 2151 2252
4393 2 2 3 61 2140 2211 2284
4394 2 2 3 61 2212 2141 2283
4395 2 2 3 61 2108 2275 2287
4396 2 2 3 61 2231 730 2257
4397 2 2 3 61 766 2232 2258
4398 2 2 3 61 2144 2236 2278
4399 2 2 3 61 2236 2108 2278
4400 2 2 3 61 2134 2243 2252
4401 2 2 3 61 2231 2135 2264
4402 2 2 3 61 2136 2232 2265
4403 2 2 3 61 2274 2107 2288
4404 2 2 3 61 2150 2224 2271
4405 2 2 3 61 2254 748 2298
4406 2 2 3 61 667 2231 2264
4407 2 2 3 61 2232 677 2265
4408 2 2 3 61 2135 2231 2257
4409 2 2 3 61 2232 2136 2258
4410 2 2 3 61 2260 2154 2277
4411 2 2 3 61 2153 2259 2276
4412 2 2 3 61 753 2260 2277
4413 2 2 3 61 2259 743 2276
4414 2 2 3 61 2239 2134 2280
4415 2 2 3 61 2245 2140 2284
4416 2 2 3 61 2113 2245 2284
4417 2 2 3 61 2244 2192 2294
4418 2 2 3 61 2128 2244 2294
4419 2 2 3 61 2164 2269 2295
4420 2 2 3 61 2270 2165 2296
4421 2 2 3 61 2269 2153 2295
4422 2 2 3 61 2154 2270 2296
4423 2 2 3 61 2279 2148 2288
4424 2 2 3 61 2137 2254 2298
4425 2 2 3 61 2107 2279 2288
4426 2 2 3 61 2158 2289 2291
4427 2 2 3 61 2290 2159 2292
4428 2 2 3 61 2289 2146 2291
4429 2 2 3 61 2147 2290 2292
$EndElements
