$MeshFormat
2.2 0 8
$EndMeshFormat
$PhysicalNames
4
2 1 "SD1G0"
2 2 "SD1D1001"
2 3 "SD2G0"
2 4 "I1-2"
$EndPhysicalNames
$Nodes
4337
1 12.802 0 0
2 9.364000000000001 8.73 0
3 0 12.802 0
4 13.451 0 2.435
5 9.932 9.259 2.435
6 0 13.375 2.435
7 14.989 0 5.816
8 11.432 10.658 5.816
9 0 14.594 5.816
10 17.982 0 10.481
11 14.389 13.415 10.481
12 0 16.894 10.481
13 22.507 0 16.244
14 18.784 17.512 16.244
15 0 20.383 16.244
16 28.893 0 23.521
17 24.863 23.18 23.521
18 0 25.373 23.521
19 36.993 0 32.21
20 32.463 30.265 32.21
21 0 31.783 32.21
22 47.25 0 42.85
23 41.999 39.154 42.85
24 0 39.979 42.85
25 59.47 0 55.278
26 53.293 49.684 55.278
27 0 49.807 55.278
28 73.432 0 69.176
29 66.173 61.691 69.176
30 0 61.111 69.176
31 90.423 0 85.033
32 81.992 76.44 85.033
33 0 75.09099999999999 85.033
34 111.067 0 102.066
35 101.614 94.733 102.066
36 0 92.53700000000001 102.066
37 136.406 0 119.662
38 126.314 117.76 119.662
39 0 114.618 119.662
40 167.788 0 137.468
41 157.636 146.96 137.468
42 0 142.767 137.468
43 204.057 0 154.184
44 194.491 181.32 154.184
45 0 176.071 154.184
46 244.591 0 169.538
47 236.167 220.173 169.538
48 0 213.955 169.538
49 286.34 0 182.801
50 279.351 260.433 182.801
51 0 253.476 182.801
52 329.264 0 194.465
53 323.806 301.877 194.465
54 0 294.495 194.465
55 370.769 0 204.256
56 366.651 341.821 204.256
57 0 334.444 204.256
58 408.411 0 212.06
59 405.204 377.763 212.06
60 0 370.875 212.06
61 443.083 0 218.397
62 440.248 410.434 218.397
63 0 404.583 218.397
64 473.233 0 223.21
65 470.112 438.276 223.21
66 0 434.014 223.21
67 500.271 0 226.875
68 496.11 462.512 226.875
69 0 460.512 226.875
70 522.377 0 229.279
71 516.491 481.513 229.279
72 0 482.267 229.279
73 539.644 0 230.674
74 531.614 495.612 230.674
75 0 499.333 230.674
76 0 0 230.674
77 0 0 0
78 0 0 -79.32599999999999
79 540 0 230.674
80 550 0 220.674
81 550 0 -69.32599999999999
82 540 0 -79.32599999999999
83 0 500 230.674
84 0 510 220.674
85 0 510 -69.32599999999999
86 0 500 -79.32599999999999
87 540 500 230.674
88 550 500 220.674
89 550 500 -69.32599999999999
90 540 500 -79.32599999999999
91 540 510 220.674
92 540 510 -69.32599999999999
93 11.88384017188468 4.761517263967193 0
94 5.167471805579805 11.71302925838059 0
95 12.50880885505171 5.023754103759027 2.435
96 5.435827802676562 12.26689766594852 2.435
97 14.02431908463482 5.70335300374455 5.816
98 6.11172231365615 13.50434830868862 5.816
99 17.53218172609229 4.757371327349854 10.481
100 16.25357567568094 9.362827684034524 10.481
101 9.943693067931253 15.16929984474962 10.481
102 5.041441680910795 16.43699661584561 10.481
103 22.03798001292685 6.152915716747455 16.244
104 20.71498582635735 12.18132168618878 16.244
105 12.8882909425509 18.99183164327284 16.244
106 6.47977144116604 20.01664826979713 16.244
107 16.56171338539126 15.44039402501662 13.32999823435947
108 20.21898022045295 0 13.32999823435809
109 0 18.61882365909539 13.32999935436136
110 28.61114614448045 6.08627986970119 23.521
111 27.79005280149251 12.12325734478926 23.521
112 26.30209873800314 18.01549575363624 23.521
113 19.10872273496837 24.08402835328431 23.521
114 12.77426887691655 24.91069711625759 23.521
115 6.391360317503488 25.25700709747375 23.521
116 21.78007008149819 20.30550636978644 19.83051126551445
117 25.65437679559935 0 19.83051126551463
118 0 22.8423501738376 19.83051126553431
119 36.79586690331774 6.343018992646084 32.20999999999999
120 36.21756227771008 12.66240553891567 32.20999999999999
121 35.28507782181889 18.93960649295431 32.21
122 33.28934498967654 24.91548595553643 32.21000000000001
123 26.54381272413178 30.63529088814157 32.21
124 19.96939890822658 31.57568332073579 32.21
125 13.31590647382445 31.78629963808521 32.21000000000001
126 6.65797722767096 31.79414045931578 32.21
127 28.59922414165913 26.66304579521776 27.79258573248371
128 32.87502836149942 0 27.79258573247758
129 0 28.52421009844307 27.79258573250731
130 47.03040023581055 8.193885277092958 42.85
131 46.38329879377755 16.36481650803515 42.84999999999999
132 45.32658544085091 24.49320057801728 42.85000000000001
133 42.82775543889657 32.23180933811658 42.85
134 35.7189075686497 38.97893814929469 42.85
135 28.67804408881713 40.23913115747283 42.85000000000001
136 21.50971268112842 40.42385676590771 42.84999999999999
137 14.33983149324259 40.26766267932484 42.84999999999999
138 7.171077025781411 40.06371791983023 42.85000000000001
139 35.57524497038323 33.16608489321902 35.68255521024304
140 38.75344506581403 36.12864997798038 39.22870128987639
141 42.04084332447007 0 37.44633157573964
142 0 35.81655014990566 37.44633157576821
143 59.29591214007208 8.658387830024637 55.278
144 58.78187651368103 17.30287882392878 55.27799999999998
145 57.91570213494681 25.91898788948801 55.27799999999999
146 56.6995243546186 34.4910393862789 55.278
147 53.29366030517171 42.40223466311456 55.278
148 46.58362559267336 48.94591021838502 55.278
149 38.96496493006483 50.56425091973831 55.278
150 31.17399817053799 50.83236507313001 55.27800000000001
151 23.37872615120814 50.64632926274049 55.278
152 15.5891203842861 50.26961194697125 55.27799999999998
153 7.797531744380514 49.93652046451304 55.27800000000001
154 45.66135040524409 42.5686050794422 46.88007710610709
155 49.42508302022776 46.07773421312186 51.02171593548704
156 51.21262809470793 0 46.88007708355403
157 55.28495080383345 0 51.02171592389871
158 0 44.79238032415008 48.93676136228503
159 73.28382553649813 9.208192227491711 69.176
160 72.8578266266928 18.40740091437554 69.17599999999999
161 72.13623502549878 27.58824795739074 69.176
162 71.10017273298722 36.73882834354971 69.176
163 69.44208943567074 45.78029627456269 69.176
164 65.28132582110811 53.98056172344933 69.176
165 59.02181060135241 60.37628464928085 69.176
166 50.76723865209418 62.2782176082701 69.176
167 42.31990746783381 62.81453397791338 69.176
168 33.84858239382686 62.69337810703929 69.17600000000002
169 25.38879949392432 62.22669213258749 69.176
170 16.93340105252296 61.68537098456378 69.17599999999999
171 8.471127693778101 61.267694692536 69.17600000000002
172 57.47844963555856 53.58576193898693 59.79425613625721
173 61.77087229237813 57.58724632100809 64.42594014902727
174 64.0070534015293 0 59.79425613625944
175 68.66006622252881 0 64.42594014902632
176 0 55.35203356042495 62.09548729854794
177 90.2882030381801 9.960580709425358 85.03300000000002
178 89.92630617385433 19.91520455159953 85.033
179 89.29559488481931 29.85644623523923 85.033
180 88.39242126179489 39.77627602864465 85.03299999999999
181 87.28958117615063 49.67620313553687 85.03300000000002
182 84.80634141546602 59.28424129359683 85.03300000000002
183 80.21700674740754 68.12292931656813 85.03300000000002
184 73.10882752909237 74.79052267195553 85.033
185 62.85382625492219 76.99683249557293 85.03300000000003
186 52.38750484832922 77.5622443160669 85.03300000000002
187 41.89923954964057 77.3177949026974 85.033
188 31.4290399734782 76.64752948704077 85.03300000000002
189 20.96450776606415 75.89281193335309 85.03300000000002
190 10.48919491318244 75.31025825501723 85.033
191 71.28929974716 66.46123231372798 74.30458999245946
192 76.56073158304652 71.37610355384999 79.58868472800863
193 78.927356795289 0 74.30459000075909
194 84.58933912494032 0 79.58868474511087
195 0 70.29113123170939 79.58868533198968
196 0 65.63251659140469 74.30459002789014
197 110.9439708272002 10.92055306299276 102.066
198 110.64156225642 21.83736075160235 102.066
199 110.1050403420514 32.74518070152296 102.066
200 109.3544631360755 43.640439743484 102.066
201 108.321247211471 54.51242496369277 102.066
202 107.0654915626189 65.35762171731511 102.066
203 103.8102633461039 75.74653368715089 102.066
204 99.13522612525264 85.61564524913665 102.066
205 93.07242034427344 92.38497984176804 102.066
206 82.88215796765488 94.38137795438452 102.066
207 72.5933727359139 95.70334807980275 102.066
208 62.21096435616196 95.76629673766648 102.066
209 51.83201154622541 95.42869613921789 102.066
210 41.47130766057773 94.72216252937882 102.066
211 31.11516493068526 93.950799324261 102.066
212 20.75526670529995 93.23232915344478 102.066
213 10.38309218554898 92.72780524564838 102.066
214 88.37324953148124 82.38904686980869 90.5722836239792
215 94.91261083900419 88.48549658943551 96.2488171654652
216 97.13661302209604 0 90.57228359839964
217 104.0165730225659 0 96.24881715236215
218 0 86.57876762992666 96.24881715238685
219 0 80.76459488394968 90.57228359843604
220 136.297132099593 12.13662533936717 119.662
221 136.054941453704 24.27114081647198 119.662
222 135.6223517616527 36.40041681843482 119.662
223 134.9991938381966 48.52146447740829 119.662
224 134.1556082810632 60.62884016914283 119.662
225 133.1986111262449 72.72798028348271 119.662
226 131.6089506058836 84.75285255533767 119.662
227 127.9315680522201 96.30271611275121 119.662
228 123.4820714370927 107.5934061386388 119.662
229 116.6806891568139 115.1312974288112 119.662
230 105.1209662904166 116.968383776292 119.662
231 93.5200478145116 118.4944203693157 119.662
232 81.8196651793924 118.7415083606521 119.662
233 70.1179999143568 118.4251706576376 119.662
234 58.42995423120851 117.7899617485207 119.662
235 46.75344591283378 116.9585076774747 119.662
236 35.0809803016554 116.0720246820745 119.662
237 23.39902704530063 115.3219810065517 119.662
238 11.70433869182632 114.8181982369464 119.662
239 107.6126963628777 100.3253879007281 106.3394032874978
240 113.7274241701148 106.0259481119528 110.6954660606211
241 119.9604301425005 111.8367751777879 115.1357888577911
242 119.2985206854649 0 107.7821623576874
243 127.7430187823894 0 113.6462212595179
244 0 107.0688745974332 113.6462212497819
245 0 99.71014052060215 107.7821623386855
246 167.7078466173527 12.53535357579829 137.468
247 167.5643359068804 25.07006890456378 137.468
248 167.2915952254956 37.60268032564368 137.468
249 166.8895153196334 50.13176688389239 137.468
250 166.3797972631725 62.65698297495481 137.468
251 165.6956337567052 75.1737042680807 137.468
252 164.9515794492263 87.68704808228833 137.468
253 163.9478096632246 100.1805233831906 137.468
254 161.7062757686204 112.5030964566657 137.468
255 158.1817412299739 124.5315222835783 137.468
256 154.63215049643 136.5509350770336 137.468
257 147.5700110601208 144.2185719523652 137.468
258 135.3246792845644 145.604424540528 137.468
259 123.0893288565078 147.0867807801613 137.468
260 110.7866315104364 147.7563532959305 137.468
261 98.46290228525643 147.6383024574562 137.468
262 86.14462946745832 147.224014498425 137.468
263 73.83813901384242 146.552083237829 137.468
264 61.54159787144622 145.7114130103212 137.468
265 49.24683481013214 144.8453771798061 137.468
266 36.94884312963755 144.0276464642458 137.468
267 24.64204703428296 143.3550069330969 137.468
268 12.32385557385154 142.9519514734302 137.468
269 133.9147066763238 124.8457746934632 123.9828665819112
270 141.6665932281747 132.0724871420312 128.3896762346236
271 149.5726695401015 139.4429433168688 132.8841400239783
272 146.5932009531185 0 125.4421701666952
273 157.0514633697566 0 131.376139339809
274 0 133.1365538468086 131.3761415253215
275 0 123.7557069913135 125.4421701903204
276 204.0027427647216 13.18898168267214 154.184
277 203.9249002115619 26.37783089313734 154.184
278 203.7641642464839 39.56593611625601 154.184
279 203.5363060574596 52.75304193510445 154.184
280 203.2199707311031 65.93832608714351 154.184
281 202.8463102767702 79.12210310195309 154.184
282 202.3360763693845 92.30122161001283 154.184
283 201.8017155687928 105.4793603372147 154.184
284 201.1704880455998 118.6528337755333 154.184
285 199.8734064317853 131.7751959043154 154.184
286 197.484616161952 144.7434360075306 154.184
287 194.5950089667531 157.6119548883993 154.184
288 191.9124631210773 170.5222030200204 154.184
289 182.8365540972998 178.8213249446302 154.184
290 168.7956961612362 179.9220986758371 154.184
291 154.7648526670016 181.1546204883395 154.184
292 140.6998749169777 181.8540793524006 154.184
293 126.6159433360404 181.7929205801206 154.184
294 112.5384028436129 181.3392486582129 154.184
295 98.46608564118566 180.7479759893277 154.184
296 84.4074185783668 179.8886949203516 154.184
297 70.3500421875375 179.0074606875382 154.184
298 56.29493651579131 178.0905159122647 154.184
299 42.23297119922778 177.2869099419128 154.184
300 28.16339497253124 176.6306413222735 154.184
301 14.08373885340571 176.2574674861455 154.184
302 166.62312351526 155.3387156148239 141.5442110074911
303 175.7596682875715 163.8567370061309 145.6881937076392
304 185.0481223695421 172.5163837910044 149.901076584704
305 179.6128632552601 0 142.9179548974311
306 191.7005806436822 0 148.4890564956241
307 0 164.7247210774859 148.4890564956538
308 0 153.6251776683978 142.9179548974579
309 244.5608452530763 14.9074907530699 169.538
310 244.5203004788685 29.81495378711586 169.538
311 244.4333665419914 44.72221859803584 169.538
312 244.3114674421366 59.62923622588577 169.538
313 244.1300390974069 74.53564067453232 169.538
314 243.9146734713085 89.44160414473798 169.538
315 243.6279235984906 104.346332669999 169.538
316 243.2378577392548 119.2487188105657 169.538
317 242.9167961170705 134.1527608043488 169.538
318 242.3167066344041 149.0475298412254 169.538
319 241.0373602098919 163.8977579338603 169.538
320 238.9932640417143 178.6638197628754 169.538
321 236.6799069074672 193.3907243310371 169.538
322 234.5563785203026 208.1447186928892 169.538
323 224.7759943158218 218.1064226675191 169.538
324 210.7284619230928 218.7167396392992 169.538
325 196.6908551259039 219.5391463796344 169.538
326 182.647174435566 220.2467097944259 169.538
327 168.5889303132302 220.504858011956 169.538
328 154.5288975346504 220.3147250591361 169.538
329 140.4746603193799 219.8601017913824 169.538
330 126.423038845595 219.3286714594703 169.538
331 112.3788334455973 218.6302225764629 169.538
332 98.3408124356034 217.8149554456219 169.538
333 84.30129147910112 217.0259994606842 169.538
334 70.26326803737513 216.2107179939683 169.538
335 56.22084893399789 215.4761160412292 169.538
336 42.17336901460541 214.8450545827697 169.538
337 28.12014172639854 214.360753487258 169.538
338 14.06075964287905 214.1147937472055 169.538
339 202.6432281289807 188.9200220629447 157.1873906971007
340 210.8859342272765 196.6043934046543 160.2241146973223
341 219.220116806945 204.3740449011478 163.294539865962
342 227.6468000658905 212.2299313744131 166.3990435313294
343 217.3205650188755 0 159.2081470691226
344 230.8303727830637 0 164.3255691940386
345 0 201.0940042560876 164.3255691940653
346 0 188.4674300877683 159.2081470691478
347 286.3338659866189 14.68866846302336 182.801
348 286.3271524665738 29.37733660375019 182.801
349 286.3096346791842 44.06599545825684 182.801
350 286.2875578112271 58.7546484429078 182.801
351 286.2528893911822 73.44327597879519 182.801
352 286.1892977474353 88.13180535099433 182.801
353 286.1188981629512 102.8203062604236 182.801
354 286.019494685889 117.5086316860013 182.801
355 285.8490847731059 132.1962902049229 182.801
356 285.697825394478 146.8841324547743 182.801
357 285.5499616388693 161.572013295583 182.801
358 285.1797378306779 176.2557244018951 182.801
359 284.3998768947924 190.9229296433994 182.801
360 283.13541602664 205.5567350376496 182.801
361 281.6489404911747 220.1699507384805 182.801
362 280.1078963961234 234.7775570396172 182.801
363 278.8143407492984 249.4076686019228 182.801
364 267.5906116778939 259.0207007400363 182.801
365 252.7189868265474 259.337592598815 182.801
366 237.8519796936916 259.8410925326949 182.801
367 222.9839736229789 260.3134206325648 182.801
368 208.111268629588 260.5874841164519 182.801
369 193.2363408776337 260.4858198268795 182.801
370 178.3653475868026 260.1236589341556 182.801
371 163.4988856254641 259.6049223866829 182.801
372 148.6337045207948 259.0503236828395 182.801
373 133.7739293107842 258.3670262041201 182.801
374 118.9184425872203 257.5950711481927 182.801
375 104.0616455481968 256.8488715521224 182.801
376 89.20542155642602 256.0911848448 182.801
377 74.34755446116982 255.3668097479173 182.801
378 59.48515856270384 254.7421620511651 182.801
379 44.61933961764269 254.2056380087739 182.801
380 29.74901953920097 253.8156700561396 182.801
381 14.87480443503375 253.6222939363406 182.801
382 246.8037004184064 230.0894866349815 172.8048246954734
383 257.545902819074 240.104331685252 176.10405196576
384 268.394648726222 250.2185061531516 179.436001691735
385 258.3246089505112 0 173.9009513404065
386 272.2401399784685 0 178.3216964606201
387 0 240.1286008309479 178.3216964606377
388 0 226.9556936534082 173.9009513404305
389 329.2781253288118 16.14826481201788 194.465
390 329.2923288646831 32.29652931769499 194.465
391 329.3144122145641 48.44478517858036 194.465
392 329.3520236922565 64.5930116168237 194.465
393 329.3968013707513 80.74122041275751 194.465
394 329.4332351478124 96.88944933361245 194.465
395 329.4685759864821 113.0376809531596 194.465
396 329.5037703018188 129.1859127022003 194.465
397 329.5031528036039 145.3341762263491 194.465
398 329.4687992862267 161.482398578665 194.465
399 329.4962440476153 177.6306446145994 194.465
400 329.4439868529316 193.7787651228319 194.465
401 329.1667024414062 209.9244439377915 194.465
402 328.5451166405159 226.0603314556479 194.465
403 327.6327845693563 242.1827248415573 194.465
404 326.5995969979965 258.2978986496136 194.465
405 325.5418189363815 274.4114874125655 194.465
406 324.6682868125522 290.5354196789088 194.465
407 312.0988535250065 301.2628016418559 194.465
408 296.4874234196529 301.3480317787873 194.465
409 280.8772509265283 301.5841277777251 194.465
410 265.2670924577653 301.8212527840528 194.465
411 249.6559543106915 301.9772570621748 194.465
412 234.0443363069767 301.9174451222677 194.465
413 218.4351746702247 301.6269080159932 194.465
414 202.8298081738968 301.1747668685821 194.465
415 187.2272288078843 300.6337690366743 194.465
416 171.6251632241436 300.0782238118378 194.465
417 156.0267771415611 299.4279313539347 194.465
418 140.4311451434421 298.7141331199389 194.465
419 124.8346679112502 298.0192070017424 194.465
420 109.237772786782 297.3335158075851 194.465
421 93.64042344285767 296.6583296379503 194.465
422 78.04012786263546 296.0555748731051 194.465
423 62.43717390539041 295.525707849859 194.465
424 46.83148536273812 295.0843125500771 194.465
425 31.22258431177595 294.7795201578216 194.465
426 15.61140374384146 294.6259820524193 194.465
427 290.2813435497308 270.6230159279056 185.6688782401093
428 301.3330596687732 280.9261836894081 188.5686019340135
429 312.5074884528354 291.3437526136387 191.5005226929225
430 300.437858358669 0 186.6318969316819
431 314.744826871441 0 190.519616639374
432 0 280.6201988967471 190.5196166394027
433 0 266.9481846057876 186.6318969317123
434 370.7981059748247 16.5747543378286 204.256
435 370.8256879323265 33.14951115835545 204.256
436 370.8691029997626 49.72423275337158 204.256
437 370.9408486660545 66.2988560567547 204.256
438 371.0342983165826 82.87337182806533 204.256
439 371.1379652564218 99.4478275880959 204.256
440 371.243101652556 116.0222744903111 204.256
441 371.3642499917058 132.5966108917671 204.256
442 371.4866565942245 149.1709390497692 204.256
443 371.5875589783381 165.7454085029136 204.256
444 371.6741445962627 182.3199546052516 204.256
445 371.8113932718874 198.8941655053011 204.256
446 371.9093091420322 215.4686369722305 204.256
447 371.8783670875453 232.0433186122308 204.256
448 371.6490959997599 248.6163737018204 204.256
449 371.199979864825 265.1850039947051 204.256
450 370.6391086711466 281.7502803436287 204.256
451 370.0285695791576 298.3138111526051 204.256
452 369.4161665217495 314.8772755297753 204.256
453 368.9481579632574 331.4450474767622 204.256
454 355.4887659324176 342.063027812155 204.256
455 339.3250709320939 341.9858084669116 204.256
456 323.1610764596909 342.0216617004946 204.256
457 306.9971049951904 342.0679897219035 204.256
458 290.8330800173418 342.0803475514552 204.256
459 274.6692875730315 342.0007505335071 204.256
460 258.5072574847584 341.7500170605126 204.256
461 242.3478142493288 341.3662186326312 204.256
462 226.1909538643987 340.8851491190767 204.256
463 210.0355430513706 340.3572170457552 204.256
464 193.8802653054226 339.8253475405002 204.256
465 177.7273131211412 339.2271529615629 204.256
466 161.5759890064854 338.5862693750111 204.256
467 145.4242494787249 337.956037214326 204.256
468 129.27155661761 337.3505877012067 204.256
469 113.118775685904 336.7475332928396 204.256
470 96.96448695829727 336.186589651773 204.256
471 80.80793522105002 335.6950278457999 204.256
472 64.64972528617574 335.2615383832712 204.256
473 48.48952791765641 334.9103831647113 204.256
474 32.32719501368398 334.6797663437295 204.256
475 16.16362737150349 334.5580721273989 204.256
476 334.3954649118111 311.7494608807885 196.8849194993942
477 345.0657059080876 321.6972285632548 199.3232980638601
478 355.8173463009104 331.7208841555272 201.7802781335562
479 342.9590585036394 0 197.6956545671397
480 356.793584166888 0 200.9592093381038
481 0 320.9925149472395 200.9592093381166
482 0 307.676638168038 197.6956545671546
483 408.4481439426443 16.75823304019579 212.06
484 408.4815824192642 33.51647411061155 212.06
485 408.5313072098312 50.2746729344964 212.06
486 408.6140821738534 67.03274030485673 212.06
487 408.7257012926264 83.79064162718358 212.06
488 408.8568762164851 100.5484018450284 212.06
489 408.9995907559915 117.3060686915109 212.06
490 409.1531180473236 134.0636390971993 212.06
491 409.3251324929249 150.8210308242764 212.06
492 409.5003177065242 167.5783885312327 212.06
493 409.6641698698991 184.3358609834566 212.06
494 409.8247909554156 201.0933611989574 212.06
495 410.0246979824256 217.8504433180428 212.06
496 410.2080034500262 234.6077087604715 212.06
497 410.32021449082 251.3655849649831 212.06
498 410.3198491065583 268.1238176624144 212.06
499 410.1789964553111 284.8814583077132 212.06
500 409.9456423215847 301.6380992196782 212.06
501 409.6662922684163 318.3940433428866 212.06
502 409.3649072989065 335.1496076719187 212.06
503 409.065622545187 351.9052096953594 212.06
504 408.8648234727357 368.6620837386853 212.06
505 394.9717941155689 378.8291627339652 212.06
506 378.5113289461208 378.6599795366366 212.06
507 362.0501912982384 378.5666553564015 212.06
508 345.5890006048345 378.4827778867436 212.06
509 329.1278929656875 378.3841920539068 212.06
510 312.6670743869051 378.2462480181999 212.06
511 296.2072362803618 378.0217683869959 212.06
512 279.7491284662682 377.6933870631238 212.06
513 263.2927984196976 377.2852267905074 212.06
514 246.8379386184571 376.8213079385736 212.06
515 230.3837002448473 376.3356520772119 212.0599999999999
516 213.9294470473158 375.8505929482965 212.06
517 197.4765611760736 375.3212790952713 212.06
518 181.0245498280705 374.7652753846287 212.06
519 164.5723152956147 374.21598829585 212.06
520 148.1191687311158 373.69466408328 212.06
521 131.6659078174048 373.1769803976259 212.06
522 115.2118971464768 372.6838168869456 212.06
523 98.75643375251478 372.2419667473943 212.06
524 82.29976193452048 371.8475083531839 212.06
525 65.84190946701041 371.5060842416609 212.06
526 49.3827525901261 371.2350425188495 212.06
527 32.92224321353734 371.0663653135294 212.06
528 16.46111916257937 370.9710961733678 212.0599999999999
529 376.2038745908353 350.7269066361581 206.1897180843742
530 385.8134404272119 359.6856651060838 208.1349117602771
531 395.480037048736 368.6975919540806 210.0916497582117
532 383.2174731878135 0 206.8368374889139
533 395.7645402257735 0 209.438115613462
534 0 358.6353959398837 209.4381156134845
535 0 346.4919870014207 206.8368374889267
536 443.1226358958502 16.78227477293478 218.397
537 443.1570416593689 33.56456139493253 218.397
538 443.2046550445871 50.34681445768028 218.397
539 443.2825697924012 67.12895266368 218.397
540 443.3915109712382 83.91091961713968 218.397
541 443.5225882879541 100.6927286971172 218.397
542 443.6703171008388 117.4743993991862 218.397
543 443.8292542323176 134.2559694968588 218.397
544 444.0047399660524 151.037372727649 218.397
545 444.1951745013784 167.8186140395098 218.397
546 444.3902818626736 184.5998014934979 218.397
547 444.5810967852656 201.3810385516214 218.397
548 444.7744811789772 218.1622432993921 218.397
549 444.9967907373898 234.9430918361731 218.397
550 445.2149821196824 251.7239952984071 218.397
551 445.3971217954497 268.5053207973114 218.397
552 445.518335195709 285.287192741037 218.397
553 445.5607200554139 302.0694449751246 218.397
554 445.538077038559 318.8517477240771 218.397
555 445.4809209879689 335.633971244649 218.397
556 445.4032643527108 352.4161134891557 218.397
557 445.3136928891016 369.1981972264462 218.397
558 445.2214986044434 385.9802670419657 218.397
559 445.1751547014561 402.7624600236162 218.397
560 430.5166046168715 412.2594171517945 218.397
561 413.2939163435988 412.0573103283005 218.397
562 396.0708312211415 411.8905438802204 218.397
563 378.8477277010519 411.7257104953279 218.397
564 361.6247220137582 411.5510001834779 218.397
565 344.4019519286302 411.3545546443998 218.397
566 327.1797435497332 411.1144077539519 218.397
567 309.9586402535463 410.8049261027758 218.397
568 292.7386617865504 410.4381064566016 218.397
569 275.5196615671962 410.0278098565507 218.397
570 258.3012243005912 409.5944256871126 218.397
571 241.0827177240226 409.1637936881067 218.397
572 223.864625748155 408.7169553092992 218.397
573 206.6471981915098 408.2451340276658 218.397
574 189.4299061557585 407.7684117268973 218.397
575 172.2120707399459 407.3118041560549 218.397
576 154.9938318202243 406.8705530724541 218.397
577 137.7753252867181 406.4399408587844 218.397
578 120.5561289311961 406.0379533225557 218.397
579 103.3359546140683 405.6803150130622 218.397
580 86.11504199223084 405.3602094419639 218.397
581 68.89333435351922 405.0863740508865 218.397
582 51.67079654442907 404.8712878412875 218.397
583 34.44741977400854 404.7402280003748 218.397
584 17.22370234899531 404.6631806579795 218.397
585 416.8176841043283 388.5902649632607 214.1601003358386
586 428.4988834874762 399.4804734168285 216.2724094469849
587 419.9014022162248 0 214.1601003358392
588 431.4586030213046 0 216.2724094469891
589 0 387.6557239466049 215.2147243280419
590 473.2702134020242 17.25717557177001 223.21
591 473.3019972372018 34.51436230040868 223.21
592 473.3446611497237 51.7715245349674 223.21
593 473.4136006382333 69.02860060119207 223.21
594 473.5121488997138 86.2855340344759 223.21
595 473.6315354041491 103.5423358413693 223.21
596 473.7679174756985 120.799012259303 223.21
597 473.9172180611831 138.0555820970846 223.21
598 474.0795069830467 155.3120346049754 223.21
599 474.2579904168904 172.5683269170598 223.21
600 474.4458295242406 189.8245206417566 223.21
601 474.6363970671787 207.0806837013787 223.21
602 474.8247699023506 224.3368728076451 223.21
603 475.0307867003538 241.5928568763955 223.21
604 475.2482948485581 258.8487016760124 223.21
605 475.4561962554434 276.1046646030976 223.21
606 475.6371650236522 293.3609300428131 223.21
607 475.7780963412945 310.6175633571683 223.21
608 475.8750370944365 327.8745065288758 223.21
609 475.9452799581305 345.1315792690263 223.21
610 475.9993562174089 362.3887107812989 223.21
611 476.0414934469392 379.6458759331668 223.21
612 476.0732598148067 396.9030626823641 223.21
613 476.0936477712331 414.1602676418281 223.21
614 476.0997337087034 431.4174810461296 223.21
615 461.6366630432588 440.757672888191 223.21
616 444.5378877807489 440.5768391928585 223.21
617 427.4391039178117 440.3967119410694 223.21
618 410.3403737997602 440.2115922796619 223.21
619 393.2417234194726 440.0192450640596 223.21
620 376.1431927878014 439.8165361538738 223.21
621 359.0448629669718 439.5975812450841 223.21
622 341.9469399435092 439.348979091127 223.21
623 324.8495903452853 439.0638180646457 223.21
624 307.7527747119953 438.7480946264638 223.21
625 290.6563705878482 438.4108139305681 223.21
626 273.5601474172943 438.0644851400154 223.21
627 256.4638170956912 437.7233767698374 223.21
628 239.3676932352508 437.3721891963624 223.21
629 222.2718341026745 437.0083420916971 223.21
630 205.1759985121884 436.6433352663984 223.21
631 188.079892624682 436.2913106399308 223.21
632 170.9834653165193 435.9551422142958 223.21
633 153.8868958723093 435.6262931724511 223.21
634 136.79000677552 435.3146079459949 223.21
635 119.6926272624617 435.0311550230471 223.21
636 102.5947849237379 434.7770499571017 223.21
637 85.49654852385197 434.5511273206767 223.21
638 68.39788001245179 434.3607893079467 223.21
639 51.29877542692653 434.2152237568909 223.21
640 34.19926866041675 434.1287153861885 223.21
641 17.09962529044057 434.0739446122896 223.21
642 450.1460015288359 419.6618381518165 219.992200956278
643 460.1005579143617 428.9424020041407 221.5965165162679
644 458.0935788714556 0 220.7932161229955
645 0 419.2356151498449 220.7932161230065
646 500.3000877902884 17.55693311579567 226.875
647 500.324650643871 35.11387301017157 226.875
648 500.3564548370842 52.67080089055201 226.875
649 500.4067071034979 70.22768471551844 226.875
650 500.4800179754569 87.78448879856855 226.875
651 500.569358011177 105.3412183281758 226.875
652 500.6722903759221 122.8978729202086 226.875
653 500.7862941612445 140.4544605233482 226.875
654 500.9096764272211 158.010984128865 226.875
655 501.0454230990583 175.567415917921 226.875
656 501.1906142632994 193.1237721144539 226.8749999999999
657 501.3411992879561 210.6800840001867 226.875
658 501.4935296946019 228.2363794586141 226.875
659 501.6498435451198 245.79264111334 226.875
660 501.8190221342464 263.3487834633145 226.875
661 501.9907463943446 280.9049004213294 226.875
662 502.1549388274796 298.4610880249119 226.875
663 502.3035119576178 316.0174151382588 226.875
664 502.4307441423457 333.5739122258296 226.875
665 502.5440507308319 351.1305048637171 226.875
666 502.6502071465247 368.6871417170311 226.875
667 502.749644981419 386.2438179500119 226.875
668 502.841343102658 403.8005364544045 226.875
669 502.9222582233845 421.3573069978014 226.875
670 502.9832375901201 438.9141580456309 226.875
671 502.9704874082411 456.4710369949357 226.875
672 488.2827735293243 465.5379134679831 226.875
673 470.8434618785744 465.4208265542804 226.875
674 453.4043976618742 465.2706889923271 226.875
675 435.9654459133396 465.1078452131974 226.875
676 418.5265711879302 464.9370218328613 226.875
677 401.0877602992473 464.759782245673 226.875
678 383.6490150937234 464.5762212095016 226.875
679 366.2103543243752 464.3845419859306 226.875
680 348.7718849985566 464.1766232980012 226.875
681 331.3336271685799 463.9515209800765 226.875
682 313.8955399941771 463.7135995945561 226.875
683 296.457545898747 463.46903565574 226.875
684 279.0195321163859 463.2257404961017 226.875
685 261.5814902585977 462.9843621637359 226.875
686 244.1435579807834 462.7353968813414 226.875
687 226.705657787588 462.4841348491394 226.875
688 209.2676876738095 462.2377125668571 226.8750000000001
689 191.8295488364908 462.0035818578948 226.875
690 174.3913147563375 461.7766458351459 226.875
691 156.9529743897962 461.558043030413 226.875
692 139.5144611004333 461.3537509003496 226.875
693 122.0757232761552 461.1695840930159 226.875
694 104.6368026113131 461.0036705322061 226.875
695 87.19770463786145 460.857625979647 226.875
696 69.75842375873295 460.7354228560639 226.875
697 52.31895951551889 460.6433505514565 226.875
698 34.87933651026534 460.588615833144 226.875
699 17.43966347401769 460.5524273173971 226.875
700 478.761731966714 446.3395011902946 224.4293733232559
701 487.427721538827 454.4181581358185 225.6510385198785
702 486.7329594983993 0 225.0399190606418
703 0 447.2443397732516 225.0399190606448
704 522.3926689332196 17.63785502882071 229.279
705 522.4057456591036 35.2757121170454 229.279
706 522.4221394390486 52.91356618871889 229.279
707 522.4475255238203 70.5514098340787 229.279
708 522.4852286466665 88.18923128983153 229.279
709 522.5316108533664 105.8270318221875 229.279
710 522.5854150012548 123.4648120476938 229.279
711 522.6455762969379 141.102570336971 229.279
712 522.7109898159741 158.7403118587563 229.279
713 522.7826253226305 176.3780277639139 229.279
714 522.8601313984758 194.0157191759094 229.279
715 522.9416779110211 211.653392029425 229.279
716 523.0255322044484 229.2910545747414 229.279
717 523.110315377562 246.9287136515019 229.279
718 523.2001192239547 264.5663466475327 229.279
719 523.2940747181036 282.2039575982836 229.279
720 523.3880780096961 299.8415682587621 229.279
721 523.4786298502605 317.4791969271784 229.279
722 523.5629630121168 335.1168594858833 229.279
723 523.6412860805206 352.7545473605918 229.279
724 523.7235157564096 370.3922185389766 229.279
725 523.8066528468221 388.0298852199418 229.279
726 523.8872034320769 405.6675637395691 229.279
727 523.9615743556629 423.3052693909012 229.279
728 524.0239586289433 440.9430211994721 229.279
729 524.0593870541692 458.5808433093731 229.279
730 523.9630299665113 476.2180309999092 229.279
731 509.2725657239404 484.9334383305521 229.2789999999999
732 491.7112051306403 484.914287066918 229.279
733 474.1499785980707 484.8362642298513 229.279
734 456.5888436486019 484.7396418660599 229.279
735 439.0277609212134 484.6339234651261 229.279
736 421.46670714623 484.523513142624 229.279
737 403.9056625090059 484.4115660125305 229.279
738 386.3446040161617 484.3018353229934 229.279
739 368.7835415801953 484.1927009630074 229.279
740 351.2225266436469 484.0765184689408 229.279
741 333.6615476958747 483.9548528593637 229.279
742 316.1005930638094 483.8300272507848 229.279
743 298.5396369610328 483.7050598505613 229.279
744 280.9786632707094 483.5827003935675 229.279
745 263.4177002382772 483.4586361829145 229.279
746 245.8567475196226 483.3332813296133 229.279
747 228.2957858362161 483.2092711870722 229.279
748 210.7347930685647 483.089717671092 229.279
749 193.173760831637 482.9760459728797 229.279
750 175.6127059854168 482.8658199636441 229.279
751 158.0516191420991 482.7610311494733 229.279
752 140.4904867109858 482.6641082164088 229.279
753 122.9293031370909 482.5767486064781 229.279
754 105.3680811187828 482.4977827016794 229.279
755 87.80681702242597 482.428691316267 229.2790000000001
756 70.24551140225758 482.3712190030977 229.279
757 52.68416279503077 482.3288941441425 229.279
758 35.12278094260721 482.3037678951878 229.279
759 17.56138924697313 482.2865926984351 229.279
760 506.2720357142915 471.9859630345544 228.0736425522377
761 511.2931265640063 0 228.0736425522424
762 0 471.3591167737509 228.0736425522453
763 539.644 17.53482775169645 230.674
764 539.6440000000001 35.06965534585589 230.674
765 539.6440000000001 52.60448282613707 230.6740000000001
766 539.644 70.13931054386042 230.674
767 539.644 87.67413842925458 230.674
768 539.644 105.208966017895 230.674
769 539.644 122.7437935603404 230.674
770 539.6440000000001 140.2786204152615 230.674
771 539.644 157.8134477937756 230.674
772 539.6439999999999 175.3482761953721 230.674
773 539.644 192.8831043410294 230.674
774 539.644 210.4179314333696 230.674
775 539.644 227.9527589145559 230.674
776 539.6440000000001 245.4875864271409 230.6740000000001
777 539.644 263.0224145333824 230.674
778 539.644 280.5572417906144 230.674
779 539.644 298.0920693919341 230.674
780 539.6440000000001 315.6268969080838 230.6740000000001
781 539.644 333.1617230797491 230.674
782 539.644 350.6965508811919 230.674
783 539.6491985765044 368.2313783325181 230.674
784 539.6648187327517 385.7661999120758 230.674
785 539.6837816100087 403.301017791391 230.674
786 539.7014104387263 420.8358372946722 230.674
787 539.7130414212683 438.3706614865877 230.674
788 539.7113874340874 455.9054884504384 230.674
789 539.6776759500472 473.4402784915153 230.674
790 539.3949616230964 490.7867024734228 230.674
791 524.9414755736415 499.290857154763 230.674
792 507.4437232759097 499.3854677115389 230.674
793 489.9456733921834 499.4033722028043 230.6740000000001
794 472.4476130022786 499.3986631961915 230.674
795 454.9495576360995 499.3838520846209 230.674
796 437.4515062227148 499.3649183285287 230.674
797 419.953454505989 499.3464330160787 230.674
798 402.4553971672754 499.3340788104786 230.674
799 384.9573366672708 499.333 230.674
800 367.4592737617693 499.333 230.674
801 349.9612133460949 499.333 230.674
802 332.4631539842649 499.3330000000001 230.674
803 314.9650931861273 499.3330000000001 230.674
804 297.4670329370086 499.333 230.674
805 279.9689709225659 499.333 230.674
806 262.4709116510155 499.333 230.674
807 244.9728501925894 499.333 230.674
808 227.4747898546944 499.3330000000001 230.674
809 209.9767285444793 499.3330000000001 230.674
810 192.4786681608832 499.333 230.674
811 174.9806075453809 499.3329999999999 230.674
812 157.4825472888905 499.333 230.674
813 139.9844865532192 499.333 230.674
814 122.48642555833 499.333 230.674
815 104.988364560901 499.333 230.674
816 87.49030420271717 499.3330000000001 230.674
817 69.99224341440555 499.3329999999999 230.674
818 52.49418224031935 499.333 230.674
819 34.99612154458113 499.333 230.674
820 17.49806091689651 499.333 230.674
821 524.0525000000064 488.5625000000059 229.9765000000006
822 521.6558666667843 0 230.674
823 503.6677333335235 0 230.674
824 485.6796000002131 0 230.674
825 467.6914666669027 0 230.674
826 449.7033333335922 0 230.674
827 431.7152000002819 0 230.674
828 413.7270666669714 0 230.674
829 395.7389333335803 0 230.674
830 377.7508000002174 0 230.674
831 359.762666666907 0 230.674
832 341.7745333335967 0 230.674
833 323.7864000002862 0 230.674
834 305.7982666670417 0 230.674
835 287.810133333826 0 230.674
836 269.8220000005991 0 230.674
837 251.8338666672051 0 230.674
838 233.8457333338 0 230.674
839 215.8576000004037 0 230.674
840 197.8694666670912 0 230.674
841 179.8813333337401 0 230.674
842 161.8932000003351 0 230.674
843 143.9050666669299 0 230.674
844 125.9169333335249 0 230.674
845 107.9288000001198 0 230.674
846 89.94066666671478 0 230.674
847 71.9525333333637 0 230.674
848 53.96440000005106 0 230.674
849 35.97626666665479 0 230.674
850 17.98813333324972 0 230.674
851 0 17.83332142853784 230.674
852 0 35.66664285707412 230.674
853 0 53.49996428561978 230.674
854 0 71.33328571415272 230.674
855 0 89.16660714267297 230.674
856 0 106.9999285711932 230.674
857 0 124.8332499997135 230.674
858 0 142.6665714282337 230.674
859 0 160.4998928567541 230.674
860 0 178.3332142852744 230.674
861 0 196.1665357137947 230.674
862 0 213.9998571423151 230.674
863 0 231.8331785708354 230.674
864 0 249.6664999993557 230.674
865 0 267.4998214279386 230.674
866 0 285.3331428565493 230.674
867 0 303.1664642851853 230.674
868 0 320.9997857138151 230.674
869 0 338.8331071424465 230.674
870 0 356.6664285710524 230.674
871 0 374.4997499996695 230.674
872 0 392.3330714282849 230.674
873 0 410.1663928569226 230.674
874 0 427.999714285535 230.674
875 0 445.8330357141489 230.674
876 0 463.6663571427565 230.674
877 0 481.4996785713671 230.674
878 4.267333333322742 0 0
879 8.53466666665507 0 0
880 0 8.534666666677655 0
881 0 4.267333333344782 0
882 547.0710677983539 0 227.7450678253772
883 550 0 196.5073333334629
884 550 0 172.3406666668924
885 550 0 148.1740000002775
886 550 0 124.0073333335276
887 550 0 99.84066666687207
888 550 0 75.67400000029423
889 550 0 51.50733333352576
890 550 0 27.34066666675182
891 550 0 3.173999999977781
892 550 0 -20.99266666679617
893 550 0 -45.15933333346285
894 547.0710677830675 0 -76.39706784066341
895 515.4545454546616 0 -79.32599999999999
896 490.909090909323 0 -79.32599999999999
897 466.3636363639846 0 -79.32599999999999
898 441.8181818186461 0 -79.32599999999999
899 417.2727272733076 0 -79.32599999999999
900 392.7272727279691 0 -79.32599999999999
901 368.1818181826306 0 -79.32599999999999
902 343.6363636372922 0 -79.32599999999999
903 319.0909090919537 0 -79.32599999999999
904 294.5454545466152 0 -79.32599999999999
905 270.0000000012657 0 -79.32599999999999
906 245.4545454556799 0 -79.32599999999999
907 220.909090910083 0 -79.32599999999999
908 196.3636363644862 0 -79.32599999999999
909 171.8181818188894 0 -79.32599999999999
910 147.2727272732925 0 -79.32599999999999
911 122.7272727276957 0 -79.32599999999999
912 98.18181818209871 0 -79.32599999999999
913 73.63636363650187 0 -79.32599999999999
914 49.09090909090509 0 -79.32599999999999
915 24.54545454533843 0 -79.32599999999999
916 0 507.0710678214817 227.7450678022492
917 0 510 196.5073333334629
918 0 510 172.3406666668924
919 0 510 148.1740000002775
920 0 510 124.0073333335276
921 0 510 99.84066666687207
922 0 510 75.67400000029423
923 0 510 51.50733333352576
924 0 510 27.34066666675182
925 0 510 3.173999999977781
926 0 510 -20.99266666679617
927 0 510 -45.15933333346285
928 0 507.0710677888383 -76.39706783489262
929 0 475.0000000000016 -79.32599999999999
930 0 450.0000000000034 -79.32599999999999
931 0 425.000000000005 -79.32599999999999
932 0 400.0000000000067 -79.32599999999999
933 0 375.0000000000083 -79.32599999999999
934 0 350.00000000001 -79.32599999999999
935 0 325.0000000000117 -79.32599999999999
936 0 300.0000000000133 -79.32599999999999
937 0 275.000000000015 -79.32599999999999
938 0 250.0000000000111 -79.32599999999999
939 0 224.9999999999851 -79.32599999999999
940 0 199.9999999999868 -79.32599999999999
941 0 174.9999999999884 -79.32599999999999
942 0 149.9999999999901 -79.32599999999999
943 0 124.9999999999917 -79.32599999999999
944 0 99.99999999999335 -79.32599999999999
945 0 74.999999999995 -79.32599999999999
946 0 49.9999999999967 -79.32599999999999
947 0 24.99999999999829 -79.32599999999999
948 24.54545454537062 500 230.674
949 49.09090909075525 500 230.674
950 73.63636363613584 500 230.674
951 98.18181818146797 500 230.674
952 122.7272727268001 500 230.674
953 147.2727272721322 500 230.674
954 171.8181818174644 500 230.674
955 196.3636363627965 500 230.674
956 220.9090909081287 500 230.674
957 245.4545454534608 500 230.674
958 269.9999999988041 500 230.674
959 294.5454545443835 500 230.674
960 319.090909089974 500 230.674
961 343.6363636355645 500 230.674
962 368.1818181811551 500 230.674
963 392.7272727267456 500 230.674
964 417.2727272723361 500 230.674
965 441.8181818179266 500 230.674
966 466.3636363635171 500 230.674
967 490.9090909091076 500 230.674
968 515.4545454546678 500 230.674
969 547.0710677983539 500 227.7450678253772
970 550 500 196.5073333334629
971 550 500 172.3406666668924
972 550 500 148.1740000002775
973 550 500 124.0073333335276
974 550 500 99.84066666687207
975 550 500 75.67400000029423
976 550 500 51.50733333352576
977 550 500 27.34066666675182
978 550 500 3.173999999977781
979 550 500 -20.99266666679617
980 550 500 -45.15933333346285
981 547.0710677830675 500 -76.39706784066341
982 515.4545454546616 500 -79.32599999999999
983 490.909090909323 500 -79.32599999999999
984 466.3636363639846 500 -79.32599999999999
985 441.8181818186461 500 -79.32599999999999
986 417.2727272733076 500 -79.32599999999999
987 392.7272727279691 500 -79.32599999999999
988 368.1818181826306 500 -79.32599999999999
989 343.6363636372922 500 -79.32599999999999
990 319.0909090919537 500 -79.32599999999999
991 294.5454545466152 500 -79.32599999999999
992 270.0000000012657 500 -79.32599999999999
993 245.4545454556799 500 -79.32599999999999
994 220.909090910083 500 -79.32599999999999
995 196.3636363644862 500 -79.32599999999999
996 171.8181818188894 500 -79.32599999999999
997 147.2727272732925 500 -79.32599999999999
998 122.7272727276957 500 -79.32599999999999
999 98.18181818209871 500 -79.32599999999999
1000 73.63636363650187 500 -79.32599999999999
1001 49.09090909090509 500 -79.32599999999999
1002 24.54545454533843 500 -79.32599999999999
1003 24.54545454537062 510 220.674
1004 49.09090909075525 510 220.674
1005 73.63636363613584 510 220.674
1006 98.18181818146797 510 220.674
1007 122.7272727268001 510 220.674
1008 147.2727272721322 510 220.674
1009 171.8181818174644 510 220.674
1010 196.3636363627965 510 220.674
1011 220.9090909081287 510 220.674
1012 245.4545454534608 510 220.674
1013 269.9999999988041 510 220.674
1014 294.5454545443835 510 220.674
1015 319.090909089974 510 220.674
1016 343.6363636355645 510 220.674
1017 368.1818181811551 510 220.674
1018 392.7272727267456 510 220.674
1019 417.2727272723361 510 220.674
1020 441.8181818179266 510 220.674
1021 466.3636363635171 510 220.674
1022 490.9090909091076 510 220.674
1023 515.4545454546678 510 220.674
1024 540 510 196.5073333334629
1025 540 510 172.3406666668924
1026 540 510 148.1740000002775
1027 540 510 124.0073333335276
1028 540 510 99.84066666687207
1029 540 510 75.67400000029423
1030 540 510 51.50733333352576
1031 540 510 27.34066666675182
1032 540 510 3.173999999977781
1033 540 510 -20.99266666679617
1034 540 510 -45.15933333346285
1035 515.4545454546616 510 -69.32599999999999
1036 490.909090909323 510 -69.32599999999999
1037 466.3636363639846 510 -69.32599999999999
1038 441.8181818186461 510 -69.32599999999999
1039 417.2727272733076 510 -69.32599999999999
1040 392.7272727279691 510 -69.32599999999999
1041 368.1818181826306 510 -69.32599999999999
1042 343.6363636372922 510 -69.32599999999999
1043 319.0909090919537 510 -69.32599999999999
1044 294.5454545466152 510 -69.32599999999999
1045 270.0000000012657 510 -69.32599999999999
1046 245.4545454556799 510 -69.32599999999999
1047 220.909090910083 510 -69.32599999999999
1048 196.3636363644862 510 -69.32599999999999
1049 171.8181818188894 510 -69.32599999999999
1050 147.2727272732925 510 -69.32599999999999
1051 122.7272727276957 510 -69.32599999999999
1052 98.18181818209871 510 -69.32599999999999
1053 73.63636363650187 510 -69.32599999999999
1054 49.09090909090509 510 -69.32599999999999
1055 24.54545454533843 510 -69.32599999999999
1056 540 507.0710678214817 227.7450678022492
1057 547.0710677989613 507.0710678247697 220.674
1058 547.0710677989613 507.0710678247697 -69.32599999999999
1059 540 507.071067815132 -76.39706780859896
1060 540 24.99999999998364 230.674
1061 540 49.99999999998251 230.674
1062 540 74.9999999999589 230.674
1063 540 99.99999999989699 230.674
1064 540 124.9999999998351 230.674
1065 540 149.9999999998386 230.674
1066 540 174.9999999998478 230.674
1067 540 199.999999999857 230.674
1068 540 224.9999999998661 230.674
1069 540 249.9999999998808 230.674
1070 540 274.9999999999177 230.674
1071 540 299.9999999999268 230.674
1072 540 324.9999999999359 230.674
1073 540 349.9999999999451 230.674
1074 540 374.9999999999542 230.674
1075 540 399.9999999999634 230.674
1076 540 424.9999999999725 230.674
1077 540 449.9999999999817 230.674
1078 540 474.9999999999908 230.674
1079 550 24.99999999998364 220.674
1080 550 49.99999999998251 220.674
1081 550 74.9999999999589 220.674
1082 550 99.99999999989699 220.674
1083 550 124.9999999998351 220.674
1084 550 149.9999999998386 220.674
1085 550 174.9999999998478 220.674
1086 550 199.999999999857 220.674
1087 550 224.9999999998661 220.674
1088 550 249.9999999998808 220.674
1089 550 274.9999999999177 220.674
1090 550 299.9999999999268 220.674
1091 550 324.9999999999359 220.674
1092 550 349.9999999999451 220.674
1093 550 374.9999999999542 220.674
1094 550 399.9999999999634 220.674
1095 550 424.9999999999725 220.674
1096 550 449.9999999999817 220.674
1097 550 474.9999999999908 220.674
1098 550 24.99999999998364 -69.32599999999999
1099 550 49.99999999998251 -69.32599999999999
1100 550 74.9999999999589 -69.32599999999999
1101 550 99.99999999989699 -69.32599999999999
1102 550 124.9999999998351 -69.32599999999999
1103 550 149.9999999998386 -69.32599999999999
1104 550 174.9999999998478 -69.32599999999999
1105 550 199.999999999857 -69.32599999999999
1106 550 224.9999999998661 -69.32599999999999
1107 550 249.9999999998808 -69.32599999999999
1108 550 274.9999999999177 -69.32599999999999
1109 550 299.9999999999268 -69.32599999999999
1110 550 324.9999999999359 -69.32599999999999
1111 550 349.9999999999451 -69.32599999999999
1112 550 374.9999999999542 -69.32599999999999
1113 550 399.9999999999634 -69.32599999999999
1114 550 424.9999999999725 -69.32599999999999
1115 550 449.9999999999817 -69.32599999999999
1116 550 474.9999999999908 -69.32599999999999
1117 540 24.99999999998364 -79.32599999999999
1118 540 49.99999999998251 -79.32599999999999
1119 540 74.9999999999589 -79.32599999999999
1120 540 99.99999999989699 -79.32599999999999
1121 540 124.9999999998351 -79.32599999999999
1122 540 149.9999999998386 -79.32599999999999
1123 540 174.9999999998478 -79.32599999999999
1124 540 199.999999999857 -79.32599999999999
1125 540 224.9999999998661 -79.32599999999999
1126 540 249.9999999998808 -79.32599999999999
1127 540 274.9999999999177 -79.32599999999999
1128 540 299.9999999999268 -79.32599999999999
1129 540 324.9999999999359 -79.32599999999999
1130 540 349.9999999999451 -79.32599999999999
1131 540 374.9999999999542 -79.32599999999999
1132 540 399.9999999999634 -79.32599999999999
1133 540 424.9999999999725 -79.32599999999999
1134 540 449.9999999999817 -79.32599999999999
1135 540 474.9999999999908 -79.32599999999999
1136 19.35996522331131 8.550013849825554 13.63632334475048
1137 17.80741952228633 12.58898507077749 13.49476721617051
1138 20.06101883681949 3.543638128803695 13.3771649827602
1139 3.423954107384635 18.38308500042889 13.19440506777632
1140 8.503248650650441 17.75450354549649 13.3625
1141 12.98342129995799 16.14992369601491 12.86846495171936
1142 23.48276674132713 15.13859153647528 19.84447382979405
1143 24.82542580627831 10.05197151154368 19.96643088193648
1144 25.54765377232868 4.100012059701854 19.89314754350395
1145 15.38400368052498 21.58711241590931 19.8213154683108
1146 10.08779419185516 22.21272538920523 19.6868948984367
1147 4.087974359381552 22.72290499871977 19.7883683143854
1148 30.05513205295213 21.18196609283369 27.94504662169363
1149 32.82374365178293 4.010992911046209 27.84546764303785
1150 32.3803418303559 9.596705442635283 27.85267262293658
1151 31.61112114011526 15.63255451888828 27.98250183040388
1152 27.48569295789833 28.46080498004625 30.35850220205492
1153 22.55734520012767 27.68881994908291 28.12785615744687
1154 16.427021443497 28.18359021719326 27.82790272030708
1155 4.169094060179861 28.55113478916745 27.85219771206215
1156 10.30340090145821 28.46962666698592 27.86426984205018
1157 42.41913881910689 21.81139846252441 39.61971463783597
1158 40.1354872813712 17.23630183787758 36.70784308174546
1159 38.64932134265841 22.7720489389973 36.11133083908497
1160 35.50915137639763 27.96652664940438 35.29291030514995
1161 39.8898762059278 28.8106607108477 39.06875557478577
1162 41.95901819157197 4.56352328961148 37.45459943475583
1163 41.40546226971412 10.85030151356507 37.26958443005556
1164 4.465893712984631 35.88577240752089 37.50594843011617
1165 17.34428150242872 36.10224068543197 37.5628577393813
1166 10.76169797432105 35.95132248248512 37.47422740373978
1167 23.75081393681237 35.8961893265685 37.49504551879232
1168 28.41186936835756 35.48197130488048 37.53734886177523
1169 33.18363451269749 36.2582316857543 39.51243634421455
1170 31.15685249928039 32.64738554709231 35.46307515232499
1171 55.44029795022558 4.413277012661665 51.24958778031062
1172 51.47343421847994 4.182973983286407 47.21420778292828
1173 52.70952757021632 12.03988105914884 48.80249867719935
1174 50.95040048439384 29.43249590388518 48.97333790035842
1175 46.24243399915233 35.79800938343396 47.01243985303714
1176 50.28028799564509 38.17876593780528 51.13270143059339
1177 52.18938295380455 21.06768931386644 49.08604716737182
1178 4.869159828831591 45.00398582246552 49.14017582845152
1179 42.18672107224248 46.00453382948027 51.30866306957974
1180 39.16658479646597 42.7946794072051 47.42707463984382
1181 34.64071857088496 45.05425983216605 48.75835779898005
1182 26.24741858547702 45.65851338921936 49.10060856968125
1183 18.74588719436544 45.49053197207189 49.1333847588971
1184 11.67269120326105 45.10400310643131 49.01133943883428
1185 62.05002725122915 47.51009660405332 64.00210187586012
1186 59.99527439614226 41.00617017956433 59.84692279650248
1187 56.36348504551439 46.8121061587139 59.45698673474157
1188 67.92394791133171 5.915750202936449 63.77726896512996
1189 65.75853226529573 40.13741867937405 64.60212808277517
1190 64.55012542885937 31.23973584677196 62.27822187283756
1191 63.57332022279401 3.929252128116428 59.41979130299407
1192 66.98629816501715 13.80362453656361 63.12395321454954
1193 65.5172333273045 22.34945698246825 62.27219343922142
1194 63.4443787552818 9.438093828563369 59.42074962524927
1195 5.302278468832309 55.60012014090382 62.31276661784202
1196 55.27893293451484 57.17058826302044 65.22388869620991
1197 48.74266167952207 58.58696454928413 65.07892053150611
1198 51.19368785386767 53.39414765640126 60.63705656840204
1199 43.87672966217028 55.55085580680196 61.16367975807966
1200 20.35861316128069 56.29682775865286 62.31288727417704
1201 12.72574755879746 55.75612008385869 62.17253109461235
1202 36.35742461034478 56.58097101487665 61.95266389326699
1203 28.50145109628608 56.71282658183719 62.29135144641477
1204 85.42141451811462 6.192282707947927 80.43858340433903
1205 79.67578111908945 4.802732095941849 75.06239040227098
1206 81.44930171182612 13.43532949684035 76.90494646595639
1207 80.28371670675237 48.69361306067022 78.77582846782764
1208 76.07510964093071 42.77953323670155 74.27010999530015
1209 73.94799052989848 52.35691499683444 74.65842890318984
1210 82.32610735149169 42.80506066725721 79.87315406647679
1211 75.06308625439759 61.95139387526046 79.07914486710158
1212 69.70362014727917 58.30621635805907 73.93046321522371
1213 80.43117714755031 56.76586519416634 80.94339220683821
1214 80.35334401540975 33.63624666160702 77.17396481025885
1215 81.1815588884734 23.98690617183958 77.18756514013137
1216 12.69138603789069 68.21052054112646 76.85313659263977
1217 4.312831260427939 66.2933012104277 74.98195689746017
1218 6.159174543316825 71.10713775718332 80.40465275287882
1219 58.00671066820921 71.41992591003476 78.98514417513977
1220 55.49714011479709 66.2635577293663 73.71740412261643
1221 47.02121775421507 70.18718330055512 77.1045
1222 67.26147452871453 70.44907404554962 79.93000281447186
1223 62.92654271334247 65.75515588120766 74.81335666248368
1224 37.43020420700755 70.18881451516927 77.33242844836711
1225 28.16666232548444 69.47122914580171 77.16080350308161
1226 20.7371835863966 67.88615771210917 75.9477268495683
1227 95.34461364846538 79.84499104113857 97.99478053198348
1228 90.44080986727988 73.87046194162289 93.11346240387095
1229 99.59514356064126 70.35732309631749 97.7998407017366
1230 102.0516672629079 59.51555931767776 97.52315178314939
1231 94.87594639734495 65.80714075763936 93.44765909031756
1232 92.56684422266176 58.61810785072015 90.23781388778454
1233 96.56617083223811 51.18012893681532 92.46158923819878
1234 92.7179265056552 45.1079974660845 88.93170835327487
1235 104.092356074874 8.545725009372422 96.39116369990055
1236 97.02234607326889 6.051467713460016 90.53734484326367
1237 96.5430833536002 14.52122081692604 90.27937662606712
1238 95.76724689470161 24.63832922547649 90.00524399019437
1239 103.5855118749214 18.33477969952327 96.17072949201274
1240 95.51428655079319 34.98879467469317 90.36871637296477
1241 100.1264091747261 43.5595736668781 94.67141756458187
1242 103.387197468012 27.91127083628139 96.36608580923809
1243 103.4454588762533 50.61496666183239 97.89291770998334
1244 103.5344085470283 35.96277140978805 96.90541689072137
1245 87.34754217675373 67.51992236917792 89.18423406296698
1246 85.47022300352864 87.40556315477954 96.9719073836748
1247 68.4710440894381 88.8511785275229 95.74189427773939
1248 68.17095084593042 81.85021854783378 89.74067535532667
1249 57.55822026763659 86.53888155770827 93.42106976664927
1250 14.65314120108398 83.91866807969876 93.27467977863893
1251 5.473460136667439 81.61901191668615 91.32116121208949
1252 6.678652061944226 87.5698734492552 97.11066823912759
1253 77.51032007067872 89.32101322772549 97.17613172974461
1254 26.10910525978927 84.91085812974919 93.54355910934066
1255 77.60159912303119 81.70713663562961 91.19864457071434
1256 46.98527029609413 86.3029996842926 93.47566136349072
1257 36.54076225725427 85.6608090743735 93.52227948752829
1258 127.2896290718851 51.66961978488034 114.571352855924
1259 129.1489189859132 40.55578769057809 115.3721448534436
1260 122.2725687943218 45.20516277721087 110.8749864655682
1261 129.9390392990916 27.94984175218348 115.5212577396135
1262 130.7031803345793 13.26685822981841 115.7910815299233
1263 124.4415545658595 21.49686353450038 111.5822482943567
1264 118.7285391020217 54.84392574650148 109.012218432271
1265 115.004657382881 47.32686165252584 106.0689952871568
1266 123.5131204963759 34.20229206985736 111.287586495493
1267 124.1096552595259 11.18583610804861 111.1997160175251
1268 114.1631234901227 81.41741836880513 108.9362284659878
1269 114.364304003022 66.69355904567085 106.8600990976644
1270 122.1851464397964 72.57398463476818 112.4157449004804
1271 106.5250290729784 90.39159801415758 106.9975951486661
1272 105.8139273620684 83.79341318839118 105.0638232031275
1273 125.0886899092357 63.22043733352385 113.7454852231842
1274 117.094829762102 26.76080932841406 106.6454792976319
1275 117.7967340155049 16.94822101355334 106.8984362034437
1276 116.0375016256901 37.73531911848075 106.31777791989
1277 118.3617085288122 6.776854217977668 107.180075375982
1278 124.6959772894702 80.18176092807097 114.8200444504594
1279 121.4448019004765 89.37575671150282 114.6380415869348
1280 113.3135850506482 94.07426841073395 111.3818951753015
1281 119.3414632085627 100.8159984465663 116.052258952562
1282 74.53162034939315 111.426892808501 114.0741623213595
1283 86.3700848435622 112.1097764652144 114.6795377883169
1284 80.5702011803304 107.2319228378572 110.8763852782985
1285 97.34547464472816 110.846001261962 114.6988403329086
1286 105.1180662910636 105.5916706365804 112.1268156395158
1287 97.92685818870416 101.1991892520647 108.4224817237864
1288 109.1528253296252 110.8444441485993 116.054222204686
1289 30.81099166874435 110.8658355606884 115.7119497218128
1290 42.29822562099174 110.6224909693926 114.820832894587
1291 33.4225573768026 105.2947375945711 111.0748333793562
1292 89.11860826972628 105.4821610836781 110.1876870375287
1293 9.863701935612022 107.2174933724074 113.6340073094061
1294 16.69310701265407 100.0404168364355 107.7074007237225
1295 6.836391741666321 99.85925049421527 107.8131879528327
1296 21.00489536185523 107.3096915740905 113.3471844452472
1297 52.54565151615292 111.2686469867207 114.7510901027117
1298 26.31986647403893 99.41786209050899 106.7477213616456
1299 45.20558338782406 103.5201382317483 108.9359824925363
1300 35.93053619093492 99.60262466437224 106.3236453098247
1301 63.33098373481675 111.5471281844382 114.4330789415247
1302 65.63900702069779 105.0265710366282 109.2461718778194
1303 55.54983366162183 104.2188132541027 108.9184158365281
1304 72.28690154390009 102.888745368977 107.4838409064456
1305 80.67695252740825 100.868294260503 106.2291679881731
1306 90.86573002361995 98.52881656445213 105.8009303957295
1307 149.9305756398214 127.9026961474455 134.2466681960498
1308 144.9739162302656 122.1474528969804 131.2297366296329
1309 148.2081642846258 84.75791883067119 128.279818336177
1310 156.2549879683012 91.78016073453196 132.9258314728492
1311 156.8592927815583 80.23172269161708 132.8070455548667
1312 148.5909717225296 95.51158442827376 129.1990270886416
1313 146.0739660233653 104.5428433635646 129.0785102674306
1314 140.2966000836022 93.36267222918431 124.8683871701356
1315 135.8309811206142 106.6298521244129 124.8214402555452
1316 149.2314465850594 72.41216815930319 128.3703814429279
1317 138.0762127224907 118.9699504153283 127.7229000446006
1318 131.119008733038 114.4417045932091 124.0035512696808
1319 143.4346748151502 112.9700191079864 129.1638333218243
1320 155.2418104304569 104.4876639619668 133.4052686944606
1321 159.5035081613274 32.39974887806616 133.0046637404771
1322 159.0016353744155 19.24038919426388 132.5706055000739
1323 152.0260797907731 28.254418750311 128.7295453039606
1324 143.9444210037821 20.4109426023566 124.0628266909079
1325 144.0196534606053 31.9682834086138 124.2786687275151
1326 151.2621322535358 17.81107186481998 128.1777280890209
1327 152.2468558918602 114.5683539296166 133.3488349872488
1328 146.551284982608 9.037763438004738 125.4593030848131
1329 154.6330197034744 10.62735572587258 130.0478887030565
1330 151.3605832666881 40.49947662205448 128.5682231070515
1331 141.9902924584136 66.84691647795043 124.2018776601126
1332 140.6496111781115 79.53876478112964 123.9806675754842
1333 158.4005478793974 44.93897748339597 132.606189816895
1334 150.8411034822646 51.66641569550158 128.5477199048793
1335 143.9423966417052 44.23229115945487 124.5110821363755
1336 161.5180469005576 8.222589103410881 133.9432161695195
1337 157.5926331711069 66.75941632854963 132.726845562436
1338 150.3747495538419 61.2522087683121 128.5684257730936
1339 143.1431121438984 56.23243507183627 124.4139509827838
1340 158.0588982260249 56.83260295193823 132.6956621625974
1341 89.44465125771042 139.330462133267 132.4235445432265
1342 77.59265754884056 138.2984851152549 132.0459587936922
1343 139.0056793691944 138.3582663438872 133.7655820977009
1344 128.7047211747989 138.9229448530066 133.3578930260781
1345 61.13315334058942 126.5857337147572 125.1979701447177
1346 73.44590012112953 128.8441505246064 126.1644830116114
1347 90.43619442667129 124.9821589352931 123.4814247273086
1348 84.44864690392367 130.6314535317749 127.0541808731253
1349 131.9132880931825 131.4166594978264 129.5232685654198
1350 64.68274048535037 136.4201146467063 131.3625035991591
1351 53.10258838444181 132.3181654604037 129.2402140593356
1352 54.86150467413388 139.3567923548626 133.6813717215876
1353 29.07995639413443 129.5992219693431 128.5572012004553
1354 18.18910616802933 128.1215790760863 127.9661878543305
1355 20.90295647906464 135.9754353136298 132.8835311109953
1356 32.99399410464994 136.992759105388 133.12768710439
1357 10.45121550645993 134.7744257608524 132.3126422991608
1358 101.0617582186616 140.3507384427717 132.9107213154937
1359 95.00040844672972 132.2505329302251 127.9404171254446
1360 99.56136094605078 125.0181517110445 123.6882354600199
1361 103.57971560791 132.863361575086 128.4186456179337
1362 110.576841235624 139.1057111123649 132.3019180548114
1363 119.6540337846804 140.0087872466931 133.298762930805
1364 114.5483011040056 132.3321656824832 128.7120068423249
1365 123.9323374727627 132.4754762138325 129.5154868318939
1366 122.5081094904755 125.0680156305892 125.435497362853
1367 16.69831224843185 120.6718397183677 123.2737070273909
1368 9.480335995626803 125.8249304856243 126.6587983728656
1369 44.23167712278613 138.1365250413018 133.3942239635376
1370 41.71949764979446 130.1527951109121 128.3873209691372
1371 51.24216694533945 124.31155281926 124.1816841107514
1372 25.18102340398571 123.6551047206222 124.9095937099836
1373 32.74534295462906 122.8513940964111 124.1036031938464
1374 109.6985490571678 124.2163015261449 123.928052497611
1375 40.81271811379789 121.6128843006693 122.9451985315143
1376 194.1435350703887 69.55541635784786 150.1134461566316
1377 194.3464947379512 56.93497958757055 150.0399749072603
1378 185.1822805006869 60.793348443304 145.9295866822938
1379 185.089900243887 49.22465310673624 145.7298308599623
1380 179.6924353461194 153.8453849111839 148.2739717008698
1381 186.2410841896291 144.9676872934087 149.8995536730246
1382 185.0946501446786 162.6584982891585 151.020284817529
1383 178.3553949479571 126.5244842918283 145.1893341212145
1384 181.3268583365803 134.6879804094866 147.0816996850281
1385 189.7277363679573 125.1617628217926 149.6055302666047
1386 172.2998068193625 143.6959947770661 144.6058812740851
1387 182.8980580681923 94.66063450673508 145.5716130309284
1388 182.1713216399232 105.8671307166717 145.5208612709306
1389 190.8240943632147 102.8475789628941 149.2526256066778
1390 186.1887257046463 23.47013175030678 146.0147083157676
1391 176.5441431891164 13.41272832424035 141.5391585465985
1392 178.0401175958411 26.31775115701629 142.2874572396769
1393 187.1976789724631 10.68721143132138 146.4390140311743
1394 170.2308347164914 131.1483697519021 142.5752961389294
1395 163.0568375283174 137.8705596185734 140.6632369225928
1396 163.7910429292097 147.6628130977025 140.7501746024697
1397 196.9512231602182 8.470949361133687 150.9275924333787
1398 176.6922412153252 70.35788904938177 142.2573162122328
1399 186.1862455425508 72.83475266924137 146.572397680638
1400 184.9526901038624 36.83449588645729 145.5408277230368
1401 174.812756019712 34.22042428091123 140.872589272857
1402 194.4917452763373 33.53590272163545 149.8902344720881
1403 180.6541776673983 116.6660833754835 145.3501176739264
1404 191.0203317370046 114.3742828528283 149.6400263866098
1405 195.5830649600753 19.92780501508027 150.3227114831614
1406 169.9688147107488 120.0259009351479 141.3590716770263
1407 172.0437555234294 107.3039345919547 141.2402523553471
1408 176.08909567399 55.66234363657613 141.7297963288174
1409 194.0959572787075 45.03665033781351 149.7982359782805
1410 175.6476054676701 44.77430973041784 141.3702279381923
1411 184.3719970062269 83.27325406089076 145.9742550710776
1412 174.7346581834673 84.46811487609236 141.7266624833624
1413 173.4716875985895 96.40383136626039 141.4431152970835
1414 193.6221096191541 82.01713685202407 150.0812544777505
1415 192.9463757991711 93.4622541079935 150.0234613338837
1416 191.5793128802717 135.6733117109227 151.127198254415
1417 27.57609448318284 159.6675620895267 145.637833987375
1418 22.77580030542569 169.0256929519879 150.4493229959411
1419 35.4058882169854 167.0006941359493 149.1552744906346
1420 107.1603750353556 163.5754809503526 145.3327738801972
1421 117.1990933084503 156.1228753686332 141.5652615230302
1422 105.8835213639767 155.4169724809095 141.261821541303
1423 121.0794373075292 164.6148150183545 145.7178275879804
1424 158.289823464277 173.0932566751312 150.692988788089
1425 153.7314843647623 166.1226625407334 147.3926981399882
1426 146.0542404200312 173.0941267012666 150.1895675980861
1427 142.25204624904 163.555558737945 145.7214410286701
1428 152.4121407083682 157.8952313919543 143.7097185133211
1429 166.4866822551556 167.0949398905512 148.3788331166216
1430 176.2763512719897 172.3024679230521 151.0365591973645
1431 117.0015675647714 172.7316508257897 149.7766843272637
1432 131.3649245298076 171.3104344670493 149.0167364768467
1433 9.949406971825724 169.294145161066 150.7154512085064
1434 14.6547810156244 161.1121694762068 146.5710791644303
1435 41.323163087588 154.6094474123089 142.7092098366616
1436 49.66263930157783 162.6897661198685 146.557602149189
1437 7.741911582991437 152.9230591074327 142.5096847055016
1438 19.44031957017582 151.6415038289975 141.750313698626
1439 130.3606040197444 157.5396650677338 142.5058553240211
1440 54.76050640842806 153.846335572871 141.8674029034779
1441 59.33551430141105 170.4805289470118 150.2024899789704
1442 63.29023508900379 162.4197398440076 145.9485027325853
1443 48.16549212268345 170.8150873958105 150.736492183683
1444 102.6052038374089 172.0440953360001 149.6801535959963
1445 68.83457078226354 154.6362537401004 141.7872871992288
1446 77.07192114842175 163.9875325580368 146.2919979156312
1447 68.42506837147309 168.5825716097728 148.9245359966569
1448 77.51848048724678 172.4707182915768 150.6184861720125
1449 156.2047662649342 150.6533941111931 140.6182364558354
1450 141.4447763403891 153.4995891554684 141.2349843912924
1451 30.19115814693068 151.7900675001299 141.5941657733476
1452 81.56920562251 155.5618174790142 141.826739980482
1453 92.07086737199415 163.9335590765352 145.7988634882548
1454 89.15264425970324 172.077358914453 150.0323643598516
1455 94.99214923886414 155.9829397835762 141.7245177893237
1456 160.782393213424 160.6018153025009 145.2678326033965
1457 211.3249115216878 126.8271908194979 157.9952903486434
1458 209.5148651402916 140.1365185590282 157.8285165037093
1459 220.6191381063169 136.0495416458814 161.5232593451307
1460 218.7669987656981 147.6074074299962 161.2931857499802
1461 221.2872316367141 189.9942531579766 164.4612730908931
1462 228.0785201062945 180.9511641009288 166.124052489023
1463 227.3737612682529 199.4220062356492 166.856300708803
1464 228.5291393441252 167.7259498543949 165.5499456498604
1465 215.5464743889073 22.98986560027489 158.5683284453489
1466 224.1586919048686 11.71546453387237 161.811924719055
1467 213.3096837192889 10.02926458617493 157.7029637024998
1468 228.0715940679172 23.8538218636066 163.3073617842747
1469 234.3217916282257 69.95782140449975 165.8381856156838
1470 233.7928869591228 55.41597291147188 165.5640871655892
1471 222.7017452479994 61.8585375865655 161.4332314426922
1472 223.7136852850569 77.31404897563736 161.9223557877332
1473 212.3104618931235 72.9795987836863 157.6364132159375
1474 210.36751896835 184.866740379167 160.7420489064831
1475 202.9184618914362 176.3350943260195 157.9501219828294
1476 204.9600396396126 165.117168448217 157.8861813174145
1477 212.4782378626124 115.245030091297 158.206548281796
1478 222.4386111142105 123.8386690706774 161.9463988873688
1479 216.4880628918606 174.5069238997202 162.0761886226763
1480 234.9329391483216 12.25829602175967 165.8912521484244
1481 237.7820984774623 22.04922915667236 166.9786251288249
1482 232.4629103165676 113.6534252329121 165.5195331919743
1483 232.9528829245108 98.49152574177123 165.5330909590677
1484 222.6907836324412 109.5168114799162 161.88448785707
1485 213.0851444797657 100.2583510275118 158.2444096832165
1486 222.9086559772097 99.60773619500388 161.8388619164226
1487 207.0573266406721 153.2173355733258 157.7763143510166
1488 217.5195967327372 160.471842090647 161.571457022411
1489 224.4017448356902 33.0167955522223 161.9417991117865
1490 231.8449466549283 127.7480586460627 165.423401924159
1491 229.7839387730077 154.0449195790399 165.3052660398618
1492 230.8739785194355 141.1601930546722 165.2870662582019
1493 214.3740836318885 36.96368125245578 158.1711192204044
1494 223.2930351975933 89.94801790971525 161.8731798992771
1495 212.1586985877324 86.17019793498527 157.7114994697957
1496 234.0229702137727 34.72540896843057 165.580987640349
1497 224.7154053961327 45.30543321714413 162.1041837566551
1498 214.0213804453521 49.42295373886756 158.0986340471964
1499 234.215364124552 44.74085699183943 165.6833565703434
1500 211.4029986452752 60.77904662357062 157.1938660460919
1501 234.4653426927073 83.50199737262236 165.976149698022
1502 215.0956062908053 211.2799244696093 166.8464489411501
1503 38.90947048131926 203.9792936558026 165.1591483445997
1504 27.76112829375447 197.2559151569715 162.5865938400651
1505 23.03860653602015 205.3252523207382 165.9163541652379
1506 37.33678057458603 192.8439020944592 160.6418523826505
1507 202.0173197254649 209.7410388389108 166.0182674889485
1508 206.8075558164805 199.9430200719293 162.4536067956508
1509 199.116490323611 193.6069326075188 159.971846216836
1510 188.8061265623765 209.5921835063809 165.644174163204
1511 183.121201038042 199.8627829042318 161.8957630326782
1512 194.7368008190787 201.0441441041253 162.6368996172819
1513 177.4488709873251 190.3025407668235 158.2277784387076
1514 164.2604768499874 190.7012505932067 157.9917322689129
1515 162.2278506592295 210.2165511229917 165.45098739621
1516 168.9664759900268 200.2640122940399 161.687080108164
1517 154.6113006692603 200.2840954775375 161.5046842938805
1518 148.3173906973755 211.766910753896 166.1314296610063
1519 8.964412608756312 187.762894388793 158.8760533965604
1520 15.32873932366094 197.8760388687517 162.9461167422047
1521 24.47006128163622 187.0952722971952 158.4947650641059
1522 35.51194398448273 184.5433517294308 157.2859052498532
1523 141.1729698176203 194.1173177316678 159.0564182012758
1524 131.0757721814372 189.5197163408041 157.2750740645693
1525 127.8973946963524 199.935916811288 161.5681309959205
1526 133.6812387063469 210.4331442022515 165.7799425589939
1527 141.3280405904493 203.3340057862903 162.7791417048085
1528 78.97128271434468 207.5219267122284 165.745339466101
1529 90.65042396273164 208.081362205913 165.6987398699295
1530 84.50128318464488 197.9351002958896 161.6534116684405
1531 112.7593855368342 199.6064030652342 161.6725617169036
1532 118.8960403340451 210.0401496951046 165.8530244272111
1533 104.8985338644216 209.6365211986058 165.9925924936626
1534 174.6549326161229 208.6752405130572 164.9862020588445
1535 98.67010819974345 199.6957242546002 162.027795560455
1536 90.29372412704868 188.5070422412242 157.6034262209828
1537 10.57728018888963 206.3355542565273 166.3990446439443
1538 151.2235478262964 189.7067476494559 157.3407135530551
1539 47.6912943160166 185.9332767132847 157.6095330879278
1540 49.16844609409567 195.6276444581514 161.5508738729618
1541 190.65723621963 190.2144593838946 158.5586394494414
1542 118.4835315567116 189.8984004066553 157.5997079781135
1543 61.57473134033845 187.7367408934318 158.0236383780887
1544 59.88736857371366 197.6020066039701 162.1273584162107
1545 50.90977013596594 206.0903244388767 165.8000115036469
1546 104.3797145546656 189.2858565904418 157.5841275443188
1547 76.18714435979916 187.6469841035893 157.6054380868906
1548 70.61902863980336 197.4988104562776 161.8180785278816
1549 64.86790030714471 206.9076648248817 165.8372034851292
1550 272.7073224312201 240.0917612031481 180.8995966629247
1551 271.521606562329 227.6363555224052 180.2213654679771
1552 270.3498549157118 213.5001004188549 179.448434858246
1553 270.3642189398795 199.8643760389337 179.0139157463886
1554 264.2247901277657 166.5213324145359 176.3728252817485
1555 273.4012906184469 177.8163015886466 179.2990142357906
1556 275.0153954644771 165.7022714638459 179.6100651604905
1557 260.3810065212863 180.281412773593 175.5735454684608
1558 246.6951377034182 214.5150600303992 173.0342897915361
1559 256.6218085960488 218.4287957386375 175.8546147209422
1560 260.824339942739 227.342592483172 177.2814635036049
1561 255.2524118935235 12.08968955379289 172.9311883440813
1562 258.0594470867128 206.4973639785695 175.8267911455341
1563 255.1072441932557 193.9563887007027 174.5600979327031
1564 244.3414450404981 203.1374114890821 171.9845096290621
1565 254.7174979351855 122.9676288457032 173.1080049406524
1566 265.2664919115733 126.4243163125396 176.3917386905257
1567 265.2651936755788 111.324571289952 176.3040837547454
1568 275.6438898966221 114.2206507050895 179.5511814437375
1569 275.3372940577574 56.25959593982416 179.3340248421412
1570 264.1715012321271 51.50071930351599 175.7954522229916
1571 264.9987558773787 66.98468719467328 176.082808555977
1572 254.5812116668018 64.22723985314019 172.7901358868808
1573 254.8326670785072 93.42358633035843 172.969895516503
1574 265.2576481828143 96.67806508650395 176.2451078450082
1575 265.184786601306 81.9661974612233 176.1796987063638
1576 275.7010797943009 84.99083925600766 179.4945366311015
1577 275.6217091126836 70.37136104369239 179.4411268284228
1578 254.8168963856158 78.79288298551863 172.9112669455275
1579 251.6086518056258 169.7103797793515 172.7430886498181
1580 275.810995301534 128.2071994060216 179.667383232053
1581 266.5882269781168 142.0002535480444 176.8682351318841
1582 254.9413067449848 138.209366373986 173.2581306960548
1583 254.7488486138392 108.1057703170682 173.0153188902911
1584 275.6882160528768 99.68663411621776 179.5223657517889
1585 248.6721086359597 183.65523673443 172.3979805176839
1586 276.2003205856085 151.5488248717862 179.8755135927851
1587 277.867539340984 139.5158406212522 180.3520231501512
1588 266.2071195019996 153.979827105236 176.8212526644403
1589 254.5256244741038 154.5082723733492 173.2831532457551
1590 254.7619059186921 25.70090350721395 172.7826751920633
1591 254.4505377832372 39.53262282696749 172.7002236147128
1592 265.0976408842531 36.51368745508235 176.0706276635617
1593 266.5904279606535 22.34309115061126 176.5347001033888
1594 275.9483567496163 33.33564423319901 179.5093766709032
1595 265.6841533126359 9.588615232704294 176.2427906383061
1596 268.6082770520644 188.6353779858502 178.1727486738498
1597 252.0669146859121 52.79889036738957 171.969324160337
1598 274.7665855080308 44.54490986475399 179.1430091643345
1599 264.7098601596318 238.6378989466569 178.0900371511513
1600 276.0728964231773 11.91117301113729 179.5423582694782
1601 278.624958930084 22.71748959009486 180.3548201927709
1602 116.8966522983459 238.2898543342651 176.2121761846798
1603 116.9260321045714 227.6742663834522 172.562363982859
1604 102.8760711987183 231.2593665530472 174.0652530596104
1605 215.0689364342998 245.9549503155693 178.1294451510411
1606 229.805107385795 247.6500112623477 178.8525001334237
1607 88.06598665833398 228.0431790112667 173.2375852395509
1608 61.9672484971683 234.6029551009911 175.9400508971314
1609 73.17522285171529 226.0621590415917 172.845022947541
1610 60.20646260508441 224.4964327894344 172.5368116769956
1611 191.8531033662478 250.8419471471803 179.5823461695817
1612 199.6099974073241 240.1969557468129 176.1182564820949
1613 182.8312795630708 243.8327701524878 177.2720698296302
1614 75.87782589158829 235.8737692331886 176.1418321933617
1615 25.61185649219945 224.8617681645057 173.091085148289
1616 50.33624459038211 243.2991507282666 179.0501796389447
1617 65.13282918892629 244.9519528568808 179.4037963170686
1618 49.57013006374574 232.2619254448311 175.32747610482
1619 203.167426869169 250.884732610103 179.6058383688693
1620 233.5197634462467 228.0429660222591 172.7509424716964
1621 201.2543092597232 228.6663311055684 172.4723509099204
1622 187.5388136302405 232.2997104550394 173.4661997732044
1623 236.0227916063916 237.2757618994635 175.6806775644959
1624 224.8624933427155 234.5118461296389 174.6679967115345
1625 212.8733739043455 231.4330187178188 173.5228364538463
1626 252.0954040680792 251.107698561782 180.1965411053888
1627 243.7406288184243 244.315935787402 177.9758915351594
1628 89.82778504220279 240.0351461508442 177.3067152269405
1629 101.1327162934508 244.7960687862627 178.7308579904979
1630 79.2497771451157 246.4660120454349 179.6924399556109
1631 170.1394490632337 248.2511232450012 178.8558927484339
1632 11.37037389628504 242.3765688222148 179.0361610638521
1633 22.26458208630357 247.1126850109021 180.5880473205112
1634 159.5054718737341 240.0045257770853 176.1698952585859
1635 170.3289226264992 232.969272764466 173.6911967392805
1636 157.1551868661079 230.2686072196591 172.885869834697
1637 11.09114899409125 227.9121543820266 174.1809909987001
1638 23.63492339692054 235.8248946066164 176.7885787443149
1639 36.86860088263615 234.313719026285 176.1747283774969
1640 34.47233587559864 244.6031519650143 179.6647111544913
1641 154.8928617684292 249.4813438778779 179.4576389600178
1642 38.15237512683445 223.8142872192885 172.6191196856242
1643 132.8787741819774 238.9815844062913 176.1678507631681
1644 145.7345264340374 239.3107862760022 176.1053421087427
1645 143.7549795075489 229.464411150538 172.7722177477168
1646 140.2721275000233 249.1021160253925 179.5198691015357
1647 129.3875057858233 229.0782044282917 172.8300711087659
1648 125.8934566768016 248.5767599618102 179.5795695054097
1649 113.8608400471437 248.5925478331549 179.8059740178042
1650 49.17222357704664 222.3762702299251 171.987039049425
1651 313.91831573068 268.8519620328605 191.5619610403271
1652 319.4599958701525 279.1380840896728 193.0618762461901
1653 301.5139172473162 261.0766152748263 188.4451530046364
1654 308.8002135938086 130.5063073323316 188.9147871872908
1655 297.4367728091796 123.4813514865431 185.8652706089188
1656 297.2839484922255 135.955006486927 185.8530566510052
1657 308.4857997125049 115.4802748678927 188.8188697051683
1658 297.7124059467087 109.2664619951334 185.9213587488057
1659 297.5853446244896 28.61445439999196 185.857122312788
1660 307.9105588799581 100.9371526968138 188.6603404185568
1661 313.1303288732447 282.2875638435224 191.200553031706
1662 314.0410024841175 250.0636143712266 191.2554143550655
1663 301.9172794838759 244.121322728443 188.2063851401842
1664 311.973261656821 231.516465465162 190.407757176729
1665 317.9072445560228 217.5288110518227 191.6592611516587
1666 289.7783031654193 250.366518176936 185.4392603764551
1667 294.1723367746336 233.2921594027891 186.1115032055518
1668 312.4439834051142 11.8618967470281 189.8930659216268
1669 319.8243825763295 25.15120659526548 191.8957521769832
1670 315.9627397886104 86.99028403116591 190.830189233062
1671 305.9149676020631 75.07118131358759 188.1152275752635
1672 299.6356644720153 91.86383241646726 186.4268845566469
1673 307.8401181545285 40.79983069676611 188.640450276078
1674 309.5939698264887 27.08535157328586 189.1175527505174
1675 319.1302737837291 37.87915173264882 191.7048642931722
1676 292.9354642865903 196.1582588751815 185.0353889516144
1677 295.1076859139305 208.2407669831897 185.7990593904141
1678 304.877134063802 192.4241299807023 188.0394199286545
1679 307.5746689104104 211.6098632634872 188.9676018106286
1680 317.8115372978108 202.3926507722019 191.4674728130376
1681 297.1305930613668 8.860933369849395 185.7334157974434
1682 300.7184119735596 18.31447870496162 186.7078319211472
1683 317.018497495542 68.40794480528747 191.1214107710853
1684 305.8796122306493 56.66898353556499 188.1073462618907
1685 318.0573448330816 52.39353389900623 191.4097862673128
1686 296.0178663072006 64.99041129955253 185.4367265960502
1687 296.836134892883 41.54630039269198 185.6550546537702
1688 297.0014746209903 151.1942843665867 185.8104360487137
1689 308.0279491037135 145.552252423784 188.7364993485931
1690 319.920361843163 136.3779503381336 191.8958022402113
1691 319.3745579799909 122.6052316117571 191.7452115507649
1692 318.7172927677246 105.3875603574897 191.5716453524531
1693 307.992590927052 161.7485623390542 188.7423699810829
1694 297.7110933389484 161.7576918797549 186.0134333374536
1695 297.8725281926078 173.5339781105623 186.0906909838882
1696 309.484264332207 176.3131378602688 189.1575634921546
1697 319.2288297274989 168.9092472424655 191.7336260183507
1698 298.5245797269524 220.8887144822708 186.8974445287273
1699 319.867347045152 152.2233058936437 191.9002463553543
1700 318.4432315501288 185.6350456429196 191.5448094040205
1701 293.1441325841906 183.5637344364455 184.9278628773368
1702 295.2683107518909 78.83751200489201 185.2394877455633
1703 294.2559473580816 51.70341419767658 184.9572452605695
1704 26.74800401139866 274.58627890079 188.7314781070124
1705 12.46384787585921 283.0326120540331 191.1737903813812
1706 24.38406451354326 284.6525200469721 191.605186616565
1707 12.07232900934068 270.2711880648132 187.5444319137478
1708 287.3304378677075 288.6142198761582 190.9506901050015
1709 301.9768094726041 294.3512159506208 192.5595175640765
1710 157.8953038591819 269.5560227877984 185.7497949791566
1711 153.4313182619422 279.5605826314684 188.7129275619315
1712 169.4420676516618 279.8419430267829 188.6147540119359
1713 163.4973994675665 289.7485855107374 191.5552720472785
1714 183.5668236570731 273.5842619677229 186.6520684129098
1715 170.8099211858822 268.848635008907 185.4080949111636
1716 180.0254977879779 289.2995218476816 191.2497458582264
1717 139.4539727962497 279.1376553628766 188.7787065569952
1718 143.3543430740655 269.1455926001278 185.8104260031632
1719 147.1058572281021 289.1406999809991 191.5875337535404
1720 257.1195631422099 286.1455053683837 190.1092328740861
1721 261.3947055514979 271.5737492526533 186.171810600878
1722 247.0503103546575 271.9442161406334 186.1622966047384
1723 273.3948708353361 280.6280450007275 188.7063635943522
1724 36.42778772420202 265.0250055435166 185.9568792088662
1725 24.58100057653471 263.1114991295511 185.4721746800991
1726 41.77873591814334 274.7760304977792 188.7025008817903
1727 241.2185563549397 281.5449645941606 188.7556406779411
1728 241.7186291315492 291.6851899256351 191.5724247626204
1729 226.4436695902958 285.1269080836884 189.7165644091827
1730 208.0049352740844 284.1683729403183 189.5117491711062
1731 218.5134223898947 272.6163024325356 186.1910112927869
1732 205.3188792748845 270.565552593027 185.6304151293549
1733 232.4827206802385 272.322793050834 186.1642688579951
1734 289.2151534162676 276.1345199432876 187.5081712987171
1735 274.0751796517368 269.2753189367509 185.6256662908061
1736 272.4032838090398 291.6993404892742 191.7160372651466
1737 192.377981651608 282.639655583868 189.1928435895039
1738 194.7702769291128 291.8036989044753 191.8259450564194
1739 71.1732693379258 269.4518081082103 186.8943127530783
1740 54.41933473813636 268.3688794302166 186.7623045358656
1741 66.61131650912229 282.4897556497045 190.6882630940142
1742 51.64723711902485 283.6349027399928 191.1563830405189
1743 87.97539864538874 274.3797186897692 188.1078573030871
1744 82.79937267075773 284.3504012077689 191.0473764947417
1745 37.27805459042622 284.5700525882839 191.5267178998498
1746 100.233006654584 285.5714571121816 191.1800557924966
1747 101.34734725281 275.0023977479299 188.1058226108673
1748 96.27777362887674 265.664966258803 185.4720013098531
1749 196.3534485736097 273.9138886813062 186.6388060041131
1750 130.105045661163 286.1174332635024 190.9425447568533
1751 128.0100819565461 270.6454598183126 186.4688093208159
1752 115.1536429254332 278.7124199055849 188.9925380637974
1753 115.9297841569272 289.0250266883155 191.9723601696323
1754 112.4972076987919 266.8245483636366 185.5785959686052
1755 81.82556716350317 263.165828526038 184.9518040171585
1756 359.87304139612 324.4248193831064 202.0510459397218
1757 358.0455929735365 308.9479657531217 201.7621538177174
1758 347.2263659862651 305.909108360437 199.4189957562323
1759 356.3602911201951 290.9775935874016 201.2326327178955
1760 340.7327690655554 247.1197591042379 197.3756423703397
1761 340.0629348905512 232.1817417769196 197.0746286575728
1762 343.0056967943427 259.4495251306125 198.0096565287934
1763 356.9052991210569 251.8090900189785 200.9820406289846
1764 351.1106352270881 236.5503480092199 199.5717871040929
1765 354.1383546697571 271.1405256527111 200.5541413928346
1766 339.8580946403841 215.5670182206374 196.91275
1767 341.3296601011434 295.8940408350389 198.0673469141455
1768 345.0477206491711 281.6453641181925 198.7036105238381
1769 338.0019036020072 270.6018148889805 197.0639779110071
1770 361.124295236231 177.3945263002456 201.8082499999999
1771 361.0649725137794 160.8544731250709 201.8082499999999
1772 350.6156858756114 172.0060213458279 199.3707314796111
1773 340.0206158709107 166.958564347376 196.91275
1774 340.0777936750299 183.2228350159938 196.91275
1775 349.7256820738074 141.7963743484125 199.1793436789487
1776 360.9886136976957 144.3793836316065 201.80825
1777 354.8635490438434 131.9493807591461 200.3917596774429
1778 339.996367188704 134.369323917535 196.91275
1779 340.0219173989467 150.6331801158842 196.91275
1780 361.2363287967837 193.869650636461 201.80825
1781 350.6441723639261 188.3991344051478 199.3575245937066
1782 340.0650737571916 199.4905539925908 196.91275
1783 350.5016370062015 155.7593408630148 199.3509366344487
1784 362.4034802862614 231.0903259198926 202.0922066685845
1785 361.7482093454043 211.1579617591198 201.9118627807627
1786 350.6537763059404 204.7216096178292 199.3534107810801
1787 352.4829690247724 221.0777029087946 199.8023528519385
1788 342.7782858711157 9.877910855158724 197.6500944565408
1789 343.0863215532511 23.95389971379469 197.7191550219241
1790 357.1374572076039 13.15635236236133 201.0355874212759
1791 331.0503167153504 298.456741252927 195.626801459595
1792 334.0312006702226 284.6030711239698 196.3911240178139
1793 343.24360297998 39.3649634882165 197.7511661010047
1794 354.5322546836018 49.08877430308789 200.4063824013411
1795 339.8281922292041 56.27915216183211 196.9372115816174
1796 352.3601659026728 67.98005096512318 199.8783297344543
1797 338.7858615227165 72.23359744387272 196.6793264115661
1798 346.9621389374134 80.90274459071063 198.5947060511952
1799 357.6329584939834 92.51734889209742 201.0907940371033
1800 360.3912092938301 77.71907748520195 201.7579149740062
1801 358.8804533353199 108.7284705450516 201.3644409829462
1802 360.4845544301255 122.1706818194009 201.7224650326825
1803 345.2145027127438 119.8286855942841 198.1467822035165
1804 341.9604844217843 91.57047433127488 197.408950055742
1805 357.1880053471272 27.55833823422327 201.0429191659854
1806 359.3896265359198 39.61445603532321 201.556846018414
1807 345.5685811185627 105.9218513109748 198.2439026773045
1808 357.4308972361092 57.89724898019632 201.082357178691
1809 263.9885159689591 327.9437187335778 200.8152302812887
1810 279.4693735507969 330.6693197220591 201.4732496573106
1811 164.0143122204589 314.026141391354 198.0556999042821
1812 149.6073281551973 314.0220991994401 198.2115574188839
1813 154.975839065415 326.7291294761768 201.3468925939611
1814 234.403656022695 328.6378693686046 201.1215157990152
1815 250.233501138673 327.2949100685825 200.6983645564332
1816 208.1901650650975 315.7654383690769 198.089417850549
1817 219.3436508923359 328.5267044136434 201.2057216434339
1818 225.693539003985 315.0924597994085 197.7876929991643
1819 275.7221495644482 316.3556954089833 197.9951273491924
1820 172.7753805915722 327.549430241835 201.368589323697
1821 179.4294884564791 313.9546508554507 197.8829823080036
1822 317.944931309979 330.7322545364243 201.5348300965891
1823 308.0331205852101 325.7130914751216 200.3140121362916
1824 293.3906996642141 326.7803918834518 200.5443830589854
1825 303.4879549404837 313.4144339782288 197.3602894692674
1826 289.4820122105432 312.3934278159449 197.0769910698595
1827 321.4100755109966 315.4366515957753 197.873433024041
1828 258.6028968113392 313.0671084898805 197.1739390323677
1829 330.4502118692455 328.8166821441914 201.0884012673697
1830 194.8315223302335 314.9862332674656 198.0083897221898
1831 342.4873694027963 331.1313727268761 201.6371173886418
1832 186.9831146428589 327.2550629645044 201.1583471536438
1833 241.9296760240921 313.7071647325888 197.3587336413514
1834 202.08696647824 329.6966926554821 201.6439892470852
1835 53.43735830995089 306.6680580117037 197.2775809968714
1836 67.37828416541936 305.6991496516222 196.9407085163748
1837 138.8073121140885 326.2300593856293 201.385690924387
1838 123.7136698479597 325.3203885044673 201.306275769696
1839 28.96004898640733 320.9888336105985 200.9044497896968
1840 13.33819380348414 321.957582074375 201.1708207622455
1841 106.86045553206 324.1469632641969 201.1778358708556
1842 9.617890363458805 307.7894482906544 197.7033446439985
1843 23.09165936888324 307.9419053175294 197.7164886003432
1844 77.52151818251839 313.1404002327082 198.7015584385027
1845 89.53416508759715 308.7689889552884 197.516361956942
1846 37.44720173640393 305.8550749055714 197.1623330266163
1847 42.50335855578955 320.6327125568385 200.7726696922819
1848 90.35790341677892 322.6292790160963 200.9482018350447
1849 55.00172396384269 322.9713728775008 201.2844550321691
1850 74.88434176220514 325.9393924283885 201.8870480138231
1851 65.70599607611885 317.9632314627724 199.98196514753
1852 133.9093012297936 312.9949519093506 198.1214722209485
1853 119.2646512313826 312.2817839731655 198.0939516533554
1854 102.6224858291402 311.3396826679747 198.0300177008351
1855 381.6941231054341 326.5580139647666 206.6760762675316
1856 391.2493468809632 337.8126747058452 208.567785633501
1857 395.8593975828998 322.9727974784405 209.3867110801151
1858 382.3993138558026 312.1900891265037 206.7277494657997
1859 395.0691614922004 359.0698424343204 209.3157073674362
1860 387.5393856656595 349.3658778716011 207.7671664052226
1861 395.9928412337651 308.2648611566095 209.3435850949627
1862 384.563671037811 299.0528543901798 207.0697977156977
1863 388.5708911420942 258.3476409535498 207.669596002679
1864 399.3973727009137 270.5933025763926 209.869520461313
1865 396.5219545235073 289.5772539650391 209.3646475817903
1866 385.2765605496632 275.489131229334 207.0830355027704
1867 399.9899519428502 349.5074232941511 210.2987608422131
1868 378.0559184060192 340.8262843638597 205.8937235081441
1869 381.500717719206 288.4099798440582 206.4119442934393
1870 402.3995852910222 362.7619430071469 210.7011183818562
1871 381.754932761721 7.303621361670597 206.5304459523782
1872 389.7028428806534 26.45419370015038 208.1709535431404
1873 389.7113760347853 41.68108163382728 208.1656869808646
1874 389.7733203281749 58.35347571226539 208.1657179255884
1875 389.8633495175184 75.02561083879489 208.1652327827564
1876 389.9734546588674 91.69739766039001 208.1647098340693
1877 391.0400992505342 225.0681868471554 208.153288073361
1878 390.0942115345051 108.3692396380716 208.1641645840151
1879 390.2249039930518 125.0403993373144 208.1644099299641
1880 390.3673147175908 141.7114016992188 208.1633350922599
1881 390.5100079110158 158.3822917338833 208.1619180877702
1882 390.6416876392811 175.0532316220989 208.1615692535756
1883 390.9278568231103 208.395316176612 208.1596870017235
1884 390.7789744118637 191.7223537502588 208.1640447810396
1885 391.0487036769323 241.7314676593933 208.1455808520634
1886 402.1071528692015 8.264892933720553 210.749057806731
1887 391.117700746315 13.68764663365875 208.4688548154039
1888 318.7526893457989 354.6414662150819 206.952947273045
1889 318.9993813010207 367.0309155677177 209.6195834830929
1890 335.1692786436912 365.1531190725558 209.2034460988321
1891 362.4382421256123 355.8508773823979 207.2001995278774
1892 376.5721006727927 361.7286105579572 208.4303894350899
1893 352.5745196522072 367.69306338813 209.7381503530884
1894 347.2000170826128 354.6266635671723 206.9485915462061
1895 282.6968438495587 355.2651801502717 207.1275729080343
1896 272.5873948323099 366.3766569067487 209.6048500462822
1897 287.2385179705325 367.2335059424989 209.7301717720223
1898 301.9075764160674 359.6266440747449 208.038019823266
1899 265.5691490508397 355.4379928908359 207.2323142825063
1900 24.44654430447105 352.3052589022828 208.0494037815843
1901 10.10986620229422 347.0232608121213 206.9353276350515
1902 11.08811233048219 360.0059281649692 209.7161812052988
1903 251.0040134228369 352.9680051768566 206.7656802602669
1904 368.1711342494818 369.7195847334332 210.1591001920688
1905 333.405781515578 352.1506248699236 206.4203742593633
1906 381.2398566163066 369.6121982621142 210.115381770997
1907 73.42215075728534 353.6333290811609 208.1734788005485
1908 255.5095931402881 365.2282591768806 209.4451630579827
1909 236.8233125246508 359.3667462683958 208.2699000512378
1910 57.10836754377645 353.2836755471876 208.1733588319942
1911 40.79292958720379 353.0277912254203 208.1738331540345
1912 220.1974108427025 358.4134045246466 208.1732083493815
1913 203.8895539513819 357.8943824813945 208.1706670178006
1914 187.58101093592 357.3410766592975 208.1726641811464
1915 171.2739377291969 356.7555054656131 208.1750584818681
1916 89.73446802646049 354.0488753005102 208.1736162067401
1917 106.0442605929365 354.5213822139046 208.1750822727603
1918 122.3528490957997 355.0463740710539 208.1746883190268
1919 154.96709659405 356.1700751702811 208.1756596670268
1920 138.6606916489388 355.6011884471101 208.1738665104776
1921 428.4426573852061 383.38674914036 215.476675242191
1922 437.155724401387 395.2499703784529 217.006372962255
1923 434.7125048704431 367.5094501380833 216.5432853205205
1924 422.1944814301565 371.3033316022565 214.3765033063707
1925 421.4858672535096 358.5765253989578 214.2268785196652
1926 433.6476963889821 349.1096416630005 216.3278754886593
1927 432.4313049578028 333.1008564394005 216.0885334532834
1928 416.5482979360199 378.249963001334 213.3627648470281
1929 427.6452497763581 321.5020897194835 215.2253673468131
1930 427.6970368863282 308.7709304750792 215.2135786303186
1931 419.8202439443468 330.012266985808 213.8679574285051
1932 425.776322229125 11.03297913619039 215.2289682726517
1933 426.7609571528749 159.3527510744016 215.2287703493042
1934 420.9214025586538 345.1062007136698 214.0969025566372
1935 426.582549050514 142.5803567054211 215.2293491783713
1936 425.8185985926541 26.61628205838126 215.2310507827958
1937 425.8477266752021 41.93676665857858 215.2297871153986
1938 426.9422266349665 176.125282709407 215.2280323896198
1939 427.8076456883813 293.4981123800987 215.2139153989406
1940 427.5060578019128 226.4432375724306 215.2274453507859
1941 425.9122239681255 58.71128923566036 215.2300893355184
1942 426.0076492188935 75.48568696792925 215.229769683649
1943 426.1284388934787 92.25947533886873 215.2295758095291
1944 426.2667030093074 109.0332051807935 215.2293189891143
1945 426.4174897189137 125.8071072233487 215.2293071277358
1946 427.119847596075 192.8984429244316 215.2280310831855
1947 427.8597127159642 276.7355382929608 215.2158009680277
1948 427.3059524678287 209.6700450979131 215.2295548688717
1949 427.690275609165 243.2167365869535 215.2242024990623
1950 427.8186376888817 259.9820646195111 215.2202582761818
1951 334.1923120659197 389.6754734661773 214.2278688936424
1952 316.5690241693649 392.5954264024938 214.8306512329761
1953 329.6674102881058 401.6025094744421 216.5436107356722
1954 382.7815669953937 393.0037836562004 214.7976042749293
1955 397.0817292587691 387.6783397992211 213.7558234917162
1956 408.7058185541238 400.0679630507334 216.1076454303058
1957 424.3023744496233 405.6774860244723 217.1466473234132
1958 366.6718260094657 395.2657317634336 215.2536398078382
1959 348.1529521044029 397.2333048207602 215.6610767642365
1960 302.2089469438719 394.2222636034107 215.1939439119766
1961 126.3388650262199 389.7137251377333 215.2554320261025
1962 284.6154925116747 395.7084160607075 215.5573035516305
1963 355.6864568689699 386.5969741007422 213.6047921978828
1964 392.5836742507338 400.9542510830991 216.3055877402197
1965 27.02895631204758 387.9522371569116 215.2449476694217
1966 11.16444846571933 387.8915480223612 215.2474348303946
1967 159.0819232114719 390.5168677678063 215.2340587781793
1968 173.0374040595791 388.8600387008439 214.8370384585014
1969 267.179631678179 394.3419982103429 215.3752284459375
1970 251.4992278989382 393.3052598789251 215.2551639730831
1971 42.11643932602068 388.1052480264644 215.2548286287267
1972 218.7304039077819 392.4090096146327 215.2556897371963
1973 201.8917709078617 391.9166763047584 215.2576270849938
1974 235.5724784796703 392.8805483440538 215.2567829555991
1975 143.1992478081098 390.0687615645816 215.2347391194706
1976 58.96184382817259 388.3021624737858 215.2546475689476
1977 75.80892104654748 388.5779127660327 215.2546500168225
1978 92.6596434235626 388.8164809755049 215.236736319798
1979 109.495858360108 389.2896774703758 215.2553358462163
1980 186.2006297957188 391.3574452034765 215.2425514970217
1981 460.5842820074549 306.7361054720432 220.787164002272
1982 460.8046258174317 322.4290675718963 220.8160429301032
1983 468.5263317495498 423.4129926982495 222.0406088237585
1984 459.8714095395426 403.4850261306339 220.68267905154
1985 459.8011635474197 416.8172396878671 220.762964111395
1986 468.2786894447842 409.9094652651573 221.9921864559324
1987 460.4964664673301 390.431367205216 220.7755906547494
1988 461.9990361367672 362.2137522369455 221.0041220659675
1989 458.542239272317 348.8396421038364 220.4581567429761
1990 457.3675394218682 376.5451736950577 220.2822253832322
1991 458.2402959722919 11.30909126516791 220.8123328971892
1992 463.0217592194074 336.2729161321343 221.1651232432295
1993 458.2584296363283 27.4069018498036 220.8102605364735
1994 458.3221317687509 42.56008276472276 220.8151099921827
1995 457.9413029862203 292.5928118121433 220.3764569060152
1996 451.7703039589862 410.5218974689354 219.4136067643852
1997 458.3814574160784 59.58561003147684 220.8154414726738
1998 458.4701647406674 76.61085945068834 220.8152497307346
1999 458.5847394788167 93.63461529652466 220.8152047071423
2000 458.7184556192096 110.6583763208492 220.8151402069695
2001 458.8665885156665 127.6814037150935 220.8150617972934
2002 459.0281926568348 144.7053612365942 220.8153196811047
2003 459.7747772872634 212.7961771537429 220.8151082321031
2004 459.9777539961625 229.822606112136 220.8155227681132
2005 459.204968140634 161.729954228546 220.8151861278758
2006 460.193486295267 246.8492496308003 220.8147351414047
2007 459.3929097637773 178.7530165229594 220.8149841322363
2008 459.5838876894626 195.7744201706785 220.8147441535683
2009 460.3989725978095 263.8579974511638 220.8136770580047
2010 460.4678627231805 279.59374623075 220.7977961948342
2011 436.4486111046382 431.9191039298947 221.7464525384406
2012 450.5079238153872 426.9204279258644 220.8326199416352
2013 440.972638287245 421.8680407560551 220.0196367188205
2014 440.4331367044512 416.0760060502256 219.0208183149798
2015 457.6786361545747 433.7157612353176 221.9994760387856
2016 422.4363841596562 426.1318637619101 220.7832372372743
2017 405.5526556734628 426.4703719057138 220.8702478498165
2018 389.0804266411139 425.3954560090938 220.7156622253717
2019 334.9603160622456 425.4127802565832 220.8338996564693
2020 317.6611578445202 424.9230424909043 220.8014177363174
2021 368.7136590307379 425.6471581113072 220.7970069361436
2022 298.0632461049753 424.5398278193189 220.8030895125663
2023 351.0760404247117 425.5250154618279 220.8131299540172
2024 463.1614275805259 435.6782914821179 222.5035851780688
2025 77.2458591673131 419.8218895604151 220.8025353614084
2026 128.7753521082601 420.6970938535358 220.8050717852963
2027 11.39169912717599 419.3296748858765 220.8005651826334
2028 27.59945711975616 419.3878420290959 220.8006195987936
2029 283.2153701946003 424.2308794144243 220.8057742418484
2030 266.0762245967398 423.8441722752693 220.8060290074548
2031 248.9056521303994 423.4596170507702 220.8060313182204
2032 231.6930261859609 423.0484178836627 220.8038889919571
2033 214.5464514558876 422.6366031794582 220.8045320051587
2034 197.490275461646 422.2221667863201 220.8048805479033
2035 180.3207978481739 421.8192367588513 220.8049485485635
2036 42.91601953582994 419.4709539662399 220.8021827840507
2037 163.1235189545257 421.435005847876 220.8055012074992
2038 145.9056676450532 421.0456453065779 220.8038701068702
2039 111.5736295502259 420.3640633428025 220.8030870118316
2040 60.08108878252774 419.6155721501807 220.8024467335121
2041 94.40982158421926 420.0745358043138 220.8027471894142
2042 489.6098311187048 392.8940661677779 225.0652943878007
2043 489.3276781384186 374.3195929783419 225.036379624735
2044 487.0396460832566 425.1821521583265 224.7018098278684
2045 483.7652304630303 437.2978820877352 224.3382600777324
2046 494.1458476558435 433.9483711855081 225.6698146244158
2047 492.9943384914894 446.8807172491775 225.5323747078425
2048 489.3837047296756 409.1968185043659 225.0270483023296
2049 489.2230128044838 357.686514260388 225.0320353358787
2050 486.8080270484844 28.06613153198857 225.0433206058393
2051 486.8039802343364 11.57596725096042 225.0463961450658
2052 486.8368451091035 43.5315674687719 225.0434661004957
2053 486.8833289944496 60.94505311250441 225.043458865144
2054 486.9565066212957 78.36400218182898 225.0434252154284
2055 489.2371267324837 339.3748354673674 225.0466794044376
2056 488.0751866181469 217.6619824153925 225.0431698819717
2057 488.2469417540018 235.0801822501633 225.0431695546232
2058 487.2886083696216 130.6005155671372 225.0433428708976
2059 487.4246890078606 148.0178062034782 225.0433276872316
2060 487.051476097887 95.77683260008985 225.0434078527455
2061 487.5740717138543 165.4313242770866 225.0432866915502
2062 487.163319775351 113.188301627576 225.0433926706328
2063 487.9046992304303 200.2502763125873 225.0432270350199
2064 487.7359838462766 182.8409567465074 225.0432639885371
2065 488.6678236101421 269.8404801811948 225.0485384764499
2066 488.8486120532906 287.2457785524745 225.0480003696752
2067 489.0066030393827 304.6418238275469 225.0473192677887
2068 489.1344154779515 322.0447578073299 225.0467234220751
2069 488.4765993773301 252.4373330780061 225.0489297585361
2070 485.0697489190403 459.6727881265861 226.0498311765265
2071 479.6064152344901 454.4944886629537 225.2728942242217
2072 470.6963201961303 450.0270264118804 224.5820621855235
2073 456.8976629801001 452.9133335355923 225.0307478922789
2074 413.5537793517139 452.5554243016446 225.0417172375231
2075 399.4406811946 450.5398400851165 224.7645060315586
2076 198.6630361835765 449.2881182093954 225.0436611975637
2077 426.3468381004257 454.5168026527704 225.3138239100125
2078 386.913185000261 452.2629369717954 225.0413605637127
2079 371.0612307570966 452.0362795017791 225.0350897835087
2080 440.9098580984722 452.9429750611258 225.0579476194272
2081 215.9331870085357 449.5872039007518 225.0436118103142
2082 354.3361826658158 452.1353565311784 225.0811193891801
2083 336.9553401100021 451.2737296746244 224.9899113784735
2084 181.3846950335513 449.0039753135103 225.0436643778926
2085 146.8430348314362 448.4613922270784 225.043743863757
2086 129.5706462446509 448.2162032124631 225.0437634312319
2087 112.2908642753147 447.9965506415643 225.0437609783951
2088 95.0172210706596 447.7993936227955 225.0438056667542
2089 77.74379565327146 447.6288640296069 225.0438099163825
2090 27.809699201878 447.3485127026001 225.0437802674087
2091 60.46590296559424 447.4906763750457 225.0438407644185
2092 43.18714811022599 447.3979305442351 225.0438310311831
2093 320.1174989236993 451.1286128263149 225.0072457642879
2094 164.1132530326806 448.7268609119732 225.0437261830346
2095 11.47373781944956 447.3300666592236 225.0469042910147
2096 302.8615472242615 451.0460140877839 225.0372239895643
2097 285.0044668519198 450.791548758649 225.0445736372974
2098 267.6552448159123 450.5160413490345 225.0470784636024
2099 250.4146417076732 450.2137091245434 225.045822695145
2100 233.1912207197834 449.894384784564 225.0436160777635
2101 511.3448542691208 11.19395832070981 228.0776333912608
2102 511.355702253953 26.57528149596834 228.077
2103 511.7582921794429 149.7122129628791 228.077
2104 511.8563853431795 167.3519097429027 228.077
2105 511.6682672246511 132.1141052935544 228.077
2106 511.586147654116 114.5400060950942 228.077
2107 511.5135962649837 96.9649690471435 228.077
2108 513.8199421316953 449.2858130537367 228.1109557088882
2109 514.534124338518 465.0395077647626 228.2361014286281
2110 511.3759073436377 44.15948492293111 228.077
2111 511.4055149547798 61.74130252558502 228.077
2112 511.4522320921909 79.3768104791165 228.077
2113 513.5235811508585 431.6066158274355 228.0825228230844
2114 511.9631731641402 184.916011562059 228.077
2115 513.4257700036577 413.9284186837299 228.0795191705462
2116 513.3215358411774 396.4293581994956 228.077
2117 513.2301286878937 378.4747061644318 228.077
2118 512.0762539777146 202.4810513056642 228.077
2119 513.1339186692437 360.4857286258544 228.077
2120 512.192848399731 220.0488089997593 228.077
2121 513.0350823424715 342.5127915195535 228.077
2122 512.310861914257 237.6773815709718 228.077
2123 512.4344611825081 255.3127393603795 228.077
2124 512.5655361723353 272.8649101539917 228.077
2125 512.6971919476507 290.4228355218043 228.077
2126 512.8229639212194 307.9879821213868 228.077
2127 512.9375199942141 325.5327067519833 228.077
2128 376.1481361592128 474.3707135852237 228.0797882632021
2129 393.5751942082873 474.5199294402631 228.0798832567368
2130 480.7885103329844 473.8649407381479 227.9155276423377
2131 491.8760672932436 478.8426802169488 228.5264732018458
2132 499.1408064907043 473.0068688910717 227.859954373225
2133 443.6445562072964 474.9296920244073 228.0799816183003
2134 427.8890289037849 474.8029411296313 228.0797111199161
2135 410.7634700111487 474.6650335384368 228.079993314488
2136 78.93399721844754 471.5939957260601 228.077
2137 61.41049435592946 471.5148807629134 228.077
2138 306.3303733188052 473.6613768621581 228.077
2139 323.7772323601434 473.8443919068428 228.077
2140 358.7570538867086 474.210793217288 228.0793108465786
2141 341.2341336246966 474.0223593467798 228.077
2142 11.13117438371447 471.4184751955841 228.0779670807824
2143 288.8680507513939 473.4782873898592 228.077
2144 271.2637131094277 473.2967915987858 228.077
2145 253.7934803685441 473.1120307693478 228.077
2146 236.3346263107729 472.9252124880625 228.077
2147 218.8811301041862 472.7409264157347 228.077
2148 201.3653208562516 472.5639463935107 228.077
2149 183.8378194160522 472.3941546784724 228.077
2150 166.3721572558041 472.2301469682463 228.077
2151 43.91113757383576 471.4631545829157 228.077
2152 148.9081134727717 472.0752751139806 228.077
2153 26.4274232338261 471.4322084991763 228.077
2154 131.4096222621204 471.9334569695566 228.077
2155 113.8829488030904 471.8057761608828 228.077
2156 96.40944158321693 471.6918019555234 228.077
2157 532.1394544203835 483.7730779976612 230.0261767212582
2158 531.0146235276377 8.641672154514717 229.9765
2159 517.7290050293216 490.6209505156041 229.8998626931816
2160 253.7218809218031 249.7395784274975 230.674
2161 379.9315737781127 340.884402821583 230.674
2162 383.8616034295562 159.3341618447621 230.674
2163 149.707499675686 351.4746999027445 230.674
2164 148.7311815408761 150.1792585612652 230.674
2165 266.8411509942511 380.6632737086396 230.674
2166 265.659509717613 123.2689591698608 230.674
2167 109.5653500505265 250.2816832482859 230.674
2168 434.0565037423423 251.4091223816438 230.674
2169 450.3649012700428 405.4989807545732 230.674
2170 446.2497386082335 93.38513687953919 230.674
2171 343.6084696777344 260.7494159411482 230.674
2172 88.81325503952287 409.9127513294221 230.674
2173 86.74276306370697 86.2146311107867 230.674
2174 342.2701340680986 415.6869294293112 230.674
2175 341.3514361010272 84.06327586719614 230.674
2176 195.8219432812317 419.6752546330837 230.674
2177 195.0544175242464 81.39617711861126 230.674
2178 459.6862279777234 326.7744697537821 230.674
2179 460.6272911462412 174.5932327568809 230.674
2180 308.7377202857832 188.420679927906 230.674
2181 181.9392996988623 280.585382531836 230.674
2182 78.90159466417833 321.1517594683935 230.674
2183 216.0513820194511 181.7527580460253 230.674
2184 77.29897875044833 180.0189262304333 230.674
2185 293.454333810356 308.5416667784355 230.674
2186 214.7859406109285 336.6428973934202 230.674
2187 159.670692132146 210.5376999272267 230.674
2188 285.9985806151856 439.6425512231796 230.674
2189 283.9083764100993 60.91843639806616 230.674
2190 396.2442216375574 439.0564792253558 230.674
2191 140.2543688413154 439.3755656676377 230.674
2192 396.4737600860993 59.38975405047755 230.674
2193 384.681022000345 216.8846951257536 230.674
2194 325.2109457310985 357.6210758630884 230.674
2195 139.8718921171331 58.33012930854227 230.674
2196 484.6422340157754 274.1183602437734 230.674
2197 56.36342058366736 268.9496180900452 230.674
2198 392.5962080488362 287.0485347904684 230.674
2199 330.4496257481744 138.0351744805232 230.674
2200 131.5319371114074 299.9076244355383 230.674
2201 485.6331218375434 445.3827624696333 230.674
2202 54.75795673952331 131.6995692734958 230.674
2203 483.9840566330574 221.2440626692693 230.674
2204 485.5485597856006 54.11640594086671 230.674
2205 53.02607907146706 367.413290424104 230.674
2206 486.8301539370544 370.2641312249971 230.674
2207 486.2690397272281 130.5672272792806 230.674
2208 214.8762937217763 128.4789643724664 230.674
2209 204.5358214442467 235.419114881292 230.674
2210 400.6974782030358 390.0493388182728 230.674
2211 50.6447864591005 448.6439913088857 230.674
2212 235.168565669578 449.6367678280038 230.674
2213 344.496380255919 308.4971294990094 230.674
2214 400.6681854668182 112.3708779687444 230.674
2215 243.6269147286197 299.0131579278479 230.674
2216 49.84735518979525 50.09015760724924 230.674
2217 234.2663362107609 49.4351588769047 230.674
2218 51.11685909536068 220.914609646762 230.674
2219 301.1381855326682 237.348966825434 230.674
2220 260.3867392046322 203.6738760569239 230.674
2221 102.8455258193896 364.9249356606602 230.674
2222 101.3651022536418 131.9948395106921 230.674
2223 440.1465075728882 454.4183932446776 230.674
2224 439.096743821934 45.49396128014374 230.674
2225 155.3881736978372 396.6317970468261 230.674
2226 436.689240638263 363.4086958420591 230.674
2227 156.0459711840182 103.99521637912 230.674
2228 114.8419673789671 205.3184011579272 230.674
2229 427.9443467405383 205.3992208425232 230.674
2230 99.52257592512069 456.7800606172451 230.674
2231 437.4347564149505 137.1392329347836 230.674
2232 223.5948626311492 379.7543728483151 230.674
2233 324.6410995890254 455.0813491646802 230.674
2234 98.52842489635843 42.30578027207405 230.674
2235 319.2921722198645 48.38160785694825 230.674
2236 345.4068923848084 217.2320395831011 230.674
2237 178.4540734502017 454.2706037576506 230.674
2238 303.201911974509 399.9333713596353 230.674
2239 418.5204090654602 320.2098690963297 230.674
2240 150.6130150234282 250.8006447555611 230.674
2241 177.5056964577043 45.40187065602414 230.674
2242 305.5112675153358 104.9738024445929 230.674
2243 275.9442912402985 162.1487584785682 230.674
2244 261.5316964063086 340.7355239609001 230.674
2245 235.7039649273981 89.65175323183169 230.674
2246 40.77142093043577 91.40448059910942 230.674
2247 177.083501183577 321.386741649318 230.674
2248 497.5183177199155 312.0597794972055 230.674
2249 40.20283447174229 409.1877528868444 230.674
2250 499.8863193483403 166.715585116151 230.674
2251 361.8461616308684 383.3263858722521 230.674
2252 442.1594052546778 286.7310720346633 230.674
2253 185.1531868759057 369.2644213683477 230.674
2254 41.31265820930135 306.7431581243339 230.674
2255 500.3483896668017 408.4156331094033 230.674
2256 180.8526586600254 177.8592158058545 230.674
2257 346.8576043253964 177.0311203068507 230.674
2258 500.1526397733332 90.95455927679333 230.674
2259 363.5948597704125 460.2339272300192 230.674
2260 37.66914901644273 166.9797014452052 230.674
2261 246.5242026363854 411.8072632408544 230.674
2262 362.5616284114487 38.54862518263201 230.674
2263 307.6741221714099 274.5570371666783 230.674
2264 94.84932213508256 285.7527650444672 230.674
2265 361.5973248329566 116.8317550492329 230.674
2266 416.2740070560202 167.9310146433272 230.674
2267 216.3919266651278 272.1472247865769 230.674
2268 115.0421667126489 167.3268395899288 230.674
2269 398.4763075072169 250.7586798029234 230.674
2270 117.3674148848813 398.8448896087482 230.674
2271 110.6758575580305 332.9619419196116 230.674
2272 240.7321729128554 154.0169815317215 230.674
2273 178.6305022848163 129.4058005882331 230.674
2274 84.51884248453629 224.5511205438413 230.674
2275 516.9682029826157 479.3566257880923 230.674
2276 273.0024060747554 279.75249111311 230.674
2277 116.0295960583799 101.4732530032109 230.674
2278 291.5386401536375 353.2638819434174 230.674
2279 210.5537315003806 300.9245728985905 230.674
2280 33.17057722857083 340.5862672533489 230.674
2281 377.8418026821493 415.0804959807734 230.674
2282 266.2319572887572 468.2681590289598 230.674
2283 507.4601916444695 250.0985919722908 230.674
2284 506.7452938816368 344.8477974999246 230.674
2285 229.5614084997069 211.0060701852178 230.674
2286 265.5540808515894 34.06848317860714 230.674
2287 194.6248841016725 207.3735763684991 230.674
2288 376.3998507619467 88.50925446711932 230.674
2289 466.6020794250195 246.7443756485954 230.674
2290 296.6044869247912 135.4658092737025 230.674
2291 146.0229401705147 177.3884582189205 230.674
2292 413.6352753645635 468.5541643675462 230.674
2293 208.0732241252525 469.8627565975206 230.674
2294 508.1459531548278 197.4530129365614 230.674
2295 32.13422070883944 247.7551034517674 230.674
2296 126.6793162874774 467.311974524018 230.674
2297 511.1793260326491 33.38585586718313 230.674
2298 205.8943296676382 30.49456061538746 230.674
2299 417.2294490691984 415.6546075807091 230.674
2300 264.8998478448858 92.26610879222503 230.674
2301 412.7169566085031 32.66450420472975 230.674
2302 460.0449064050687 207.3784845257613 230.674
2303 351.869919171162 341.0681353256271 230.674
2304 317.037417929123 330.3516965312583 230.674
2305 417.0231100794891 84.23201540618557 230.674
2306 296.3009172907593 469.383328011509 230.674
2307 371.491335058267 313.9300051656114 230.674
2308 392.0400808134279 186.914006051689 230.674
2309 467.0391968561075 469.3323474394271 230.674
2310 295.3877862058873 30.32890580526268 230.674
2311 312.9822744528931 74.94661700475439 230.674
2312 126.7235608770759 31.12569184061848 230.674
2313 408.6464340850825 357.6725280545068 230.674
2314 362.4431295568914 285.0543211067223 230.674
2315 407.6632630786715 140.7109064357447 230.674
2316 167.4897723539382 427.0368667779999 230.674
2317 365.8166738073767 239.232416844202 230.674
2318 312.9942296025172 428.3016616170262 230.674
2319 110.7282706419176 429.8274036346115 230.674
2320 72.57875104108049 469.3131620454249 230.674
2321 77.84354307178953 149.6676848383942 230.674
2322 467.3174812534727 30.09180311103709 230.674
2323 31.74184225797568 468.4695706801072 230.674
2324 30.2477606006551 196.4175563167203 230.674
2325 236.2395406628648 357.7262152955769 230.674
2326 331.5619067670439 387.8354030692363 230.674
2327 164.8176988619852 76.64580276806154 230.674
2328 76.528112591724 349.716290973474 230.674
2329 28.91657968163682 29.92228757569317 230.674
2330 199.7570505414994 155.6635405084592 230.674
2331 111.680319524765 70.32671966671921 230.674
2332 131.3685553726851 230.0491179178159 230.674
2333 512.5991643201493 283.746921168218 230.674
2334 70.08934151801897 29.38834860840068 230.674
2335 152.4489267073299 277.7649491083458 230.674
2336 28.80085517887218 280.2371295058553 230.674
2337 79.03358553026186 384.5301691578458 230.674
2338 474.1710462351842 419.1847048516796 230.674
2339 418.362137937055 273.9492616633559 230.674
2340 28.24782568410627 117.149456787639 230.674
2341 180.783722998546 252.226066245041 230.674
2342 27.27611214111112 382.5344961894385 230.674
2343 273.1521364315064 229.204273183072 230.674
2344 456.6074483710531 379.7861668410792 230.674
2345 77.4136839613986 114.1941133517042 230.674
2346 83.74913083255008 254.401743122652 230.674
2347 462.4691519586684 353.0461156710189 230.674
2348 464.2859839139397 145.8120850293694 230.674
2349 473.8230621707032 80.43140841784117 230.674
2350 276.5664230790003 410.2327723736774 230.674
2351 147.5628662605002 324.4152368320078 230.674
2352 511.7305306097988 65.05074206022796 230.674
2353 511.8587251534806 434.1321641940714 230.674
2354 460.4429229444305 119.3127286658889 230.674
2355 512.2279015553736 116.3780392627755 230.674
2356 469.5882616362999 298.3870785956223 230.674
2357 314.9352819366233 160.9829498000757 230.674
2358 512.6157597966742 382.4633099205114 230.674
2359 67.75810422896623 294.7471947977825 230.674
2360 155.2447276341376 471.6182092237909 230.674
2361 125.4569166369778 273.3544215734424 230.674
2362 223.9768960380344 426.1999255192911 230.674
2363 76.35482991123192 440.1237265359326 230.674
2364 27.26512685824641 433.0271016623668 230.674
2365 156.0628054945355 26.58624382442657 230.674
2366 27.33258212016915 66.42009093413918 230.674
2367 357.6991311748964 143.8588707757106 230.674
2368 129.198990917844 374.366529961019 230.674
2369 365.5536903791826 199.0312330138831 230.674
2370 129.057239777588 125.0386624960768 230.674
2371 331.9613133339349 110.2535406747886 230.674
2372 414.9688469923676 229.3026560394663 230.674
2373 426.8811199821804 388.1916548885313 230.674
2374 482.6655774980859 190.0344909338314 230.674
2375 76.33734069667588 60.54926132391635 230.674
2376 317.0515095927709 300.1110154485954 230.674
2377 200.7313711371766 107.1300590187905 230.674
2378 512.9410844011007 143.2346006774665 230.674
2379 427.2290056533745 110.5951325115091 230.674
2380 236.3477229202862 324.9532913723478 230.674
2381 244.3817428527273 182.112045749122 230.674
2382 291.0068441082198 209.4975967129044 230.674
2383 239.303447092183 118.8719699038466 230.674
2384 514.4021632447644 223.4999238505273 230.674
2385 210.0388335305507 59.61193637475908 230.674
2386 26.76428434333543 143.9010934893536 230.674
2387 283.6620493942293 255.5581072927793 230.674
2388 327.2663665847481 239.1086364986862 230.674
2389 180.8053764723335 397.4376682499994 230.674
2390 386.4264487204812 473.144902557386 230.674
2391 256.8957422397216 64.91715975180185 230.674
2392 360.7372509383446 434.2242789403012 230.674
2393 258.3421137949127 436.6909068480294 230.674
2394 385.3443485718003 25.92661318259391 230.674
2395 266.427132896004 311.7900156344615 230.674
2396 492.8417904750511 470.3212678018662 230.674
2397 437.6826268245215 336.8754785642608 230.674
2398 342.2667392749135 474.7234485736526 230.674
2399 227.9248623184472 246.7146504951091 230.674
2400 236.2238200236417 475.2884901947878 230.674
2401 58.88532350555391 196.0556922253637 230.674
2402 441.9905748110414 224.6955141835359 230.674
2403 282.7635825221361 186.6918318787468 230.674
2404 305.7654683655821 374.5005662050593 230.674
2405 200.4737419460992 443.6635892272188 230.674
2406 345.0964083879232 58.37835584443125 230.674
2407 381.8192970651314 131.4098036334844 230.674
2408 243.7500092658606 273.3674799147773 230.674
2409 181.3098626415635 226.4433537555566 230.674
2410 484.389192698547 332.9068853518327 230.674
2411 379.9432336620835 366.3000685010666 230.674
2412 237.1260627160353 25.93110598086217 230.674
2413 184.3012104279007 347.1057367886348 230.674
2414 337.1882107667894 284.2082941797115 230.674
2415 342.260849553378 25.52946704822695 230.674
2416 23.69327917034951 222.9165178565751 230.674
2417 452.0912474614463 66.98462176166481 230.674
2418 61.81222377742166 242.0399148987883 230.674
2419 452.3868621535448 432.0158960243292 230.674
2420 139.0018195084087 415.0528485899093 230.674
2421 459.8067669685779 270.425489702185 230.674
2422 103.8556018932919 308.6820399750657 230.674
2423 478.3759632306031 395.9604850931595 230.674
2424 138.1080203457589 83.84046588392614 230.674
2425 90.17261773523531 200.9943893808349 230.674
2426 377.7395525293406 265.0634271538856 230.674
2427 422.0123693379405 436.8761543370853 230.674
2428 208.2230400631479 362.102592738529 230.674
2429 161.4079991025149 372.7452708200274 230.674
2430 317.1660197946512 214.8174134181053 230.674
2431 438.576003015934 182.3562431091857 230.674
2432 62.52647527666073 419.5821456811309 230.674
2433 416.8655102657978 60.28685674328923 230.674
2434 440.8986502393363 158.5906162154516 230.674
2435 159.7454026933226 303.4723038135736 230.674
2436 480.6157545526108 104.6634827582171 230.674
2437 53.75549159043624 324.8546733961164 230.674
2438 245.780116873282 388.9829407035302 230.674
2439 444.6688215301073 476.8843359772062 230.674
2440 374.4218774480379 62.55619106534012 230.674
2441 248.9476434448112 226.3971455082687 230.674
2442 63.06453864227363 80.5498160440433 230.674
2443 331.4167075310819 195.1010414216437 230.674
2444 440.6137626972529 312.0627274968135 230.674
2445 415.4609705387365 297.9824942794674 230.674
2446 396.0057319851573 320.1498052530202 230.674
2447 291.9536794098041 85.26279687430203 230.674
2448 169.4078378525683 152.4174933314205 230.674
2449 439.9412133153849 21.71998977858125 230.674
2450 284.6081415802278 331.3291345306486 230.674
2451 518.2973671553923 328.2905301170572 230.674
2452 97.04492651326458 476.435198399732 230.674
2453 174.7070453894592 99.49865908940853 230.674
2454 158.5690531921524 123.2810433346997 230.674
2455 141.835553388518 204.482409316897 230.674
2456 218.0459399552607 405.6456120729372 230.674
2457 370.1001350368587 176.4357634909442 230.674
2458 105.4841573976531 228.3390266939624 230.674
2459 261.093983022171 143.0867463082214 230.674
2460 56.69378780383909 392.3980989011151 230.674
2461 22.84918821937316 360.2026603646036 230.674
2462 404.976919905978 206.2570946085439 230.674
2463 337.7325790031231 442.0526670548271 230.674
2464 50.92868029214932 476.7569324516897 230.674
2465 23.26745920994698 324.8278970231714 230.674
2466 125.7970406601595 348.4933404136677 230.674
2467 510.5975785056872 456.5605829143913 230.674
2468 312.590944895178 22.35801760265229 230.674
2469 187.4688939815445 473.6340094969549 230.674
2470 316.1272864753132 477.3379437177499 230.674
2471 188.8151383483337 18.92638042733019 230.674
2472 57.45714878738801 108.0848855440212 230.674
2473 98.98323583422695 19.33567363090845 230.674
2474 216.1159942427678 77.38914978842143 230.674
2475 214.96656322727 110.3742701726602 230.674
2476 486.7162909578511 22.42797158365151 230.674
2477 51.87650657874772 21.95151392215007 230.674
2478 283.2286277588161 107.9620381367499 230.674
2479 478.3661426422908 162.3288398882752 230.674
2480 62.54695458849168 161.4588623150647 230.674
2481 348.4739262061412 361.5084193434368 230.674
2482 305.4618197232506 446.5727085014289 230.674
2483 100.2999782278105 396.0971658051305 230.674
2484 127.1399296044162 146.7848770893192 230.674
2485 360.5511369569739 223.8847377234059 230.674
2486 270.4941677964036 356.2244290564157 230.674
2487 198.3350090928554 324.9469528420819 230.674
2488 185.0939284293882 301.989077754829 230.674
2489 515.6390145605483 178.3788893115898 230.674
2490 201.5378606177215 384.5151246894954 230.674
2491 59.13902162341697 352.0830608677948 230.674
2492 300.6606431029957 50.32268880828816 230.674
2493 515.9963794760736 363.2637753431261 230.674
2494 357.2920228678129 401.1452673121126 230.674
2495 378.4614602225207 391.1328484180649 230.674
2496 94.01416316776863 168.1149915095662 230.674
2497 21.10734243686126 98.46566109900263 230.674
2498 287.848386650069 382.6328529551505 230.674
2499 160.8738408337006 454.8290952340607 230.674
2500 167.5528691554917 341.8699545949736 230.674
2501 398.4111320258734 87.27004102419522 230.674
2502 118.4276101196874 448.7508987332907 230.674
2503 519.0390545818154 265.3840588993293 230.674
2504 197.6035522264768 271.3861100718239 230.674
2505 332.5724142290568 159.6525520393279 230.674
2506 292.8606466023704 288.8680595909741 230.674
2507 102.4442858192422 110.7045814990522 230.674
2508 20.29295675488748 402.930619204097 230.674
2509 313.8575365992568 124.1733966794623 230.674
2510 465.1576168195464 448.3309135762488 230.674
2511 466.5738131574444 225.3838585178966 230.674
2512 322.5483024366698 408.263873915137 230.674
2513 159.1533820181024 231.7578399207686 230.674
2514 396.8012374207324 419.7883301297239 230.674
2515 520.490353850228 96.44155222357482 230.674
2516 77.15125106669912 273.2551183517164 230.674
2517 322.7987539877574 259.4094018076071 230.674
2518 183.9036330990606 63.09848471503783 230.674
2519 157.4250920476168 52.82628471875723 230.674
2520 408.2635694985098 343.1793324368276 230.674
2521 346.1055261886509 234.4474874263372 230.674
2522 119.9629183483397 187.7223688484124 230.674
2523 130.5641866809338 252.8276385578993 230.674
2524 520.971656693079 411.7196038244344 230.674
2525 224.2186849702922 290.9554532044857 230.674
2526 17.74310939970801 295.2639974471653 230.674
2527 465.0833762703486 50.60276265532081 230.674
2528 171.6443948506685 194.2596584278426 230.674
2529 197.1604432162585 182.1771362478924 230.674
2530 520.0707819981935 301.0506558553928 230.674
2531 20.94788466588391 177.634190986037 230.674
2532 485.9850861952243 253.2847898465278 230.674
2533 120.0194768561457 50.36246188212768 230.674
2534 97.42889219272909 346.6875869936226 230.674
2535 237.9841436119813 72.7834994946603 230.674
2536 379.6516096473216 105.9898503091737 230.674
2537 488.3315265055667 294.2155323137683 230.674
2538 295.8645840553766 166.9086185022534 230.674
2539 104.5080549944456 181.5605533714988 230.674
2540 221.280161177587 161.2089673208983 230.674
2541 375.6898091112914 444.3038964084096 230.674
2542 294.4495933386858 419.9339916735402 230.674
2543 67.90903662800743 212.3170308346724 230.674
2544 495.3447995847719 147.4301601390432 230.674
2545 19.76224536045881 47.826665255953 230.674
2546 365.4069015217117 355.1999872272636 230.674
2547 417.4444484703301 196.3870543732691 230.674
2548 19.90664139574857 451.5502436495287 230.674
2549 321.8248085199521 93.07712601776461 230.674
2550 209.5963398557913 214.4031148330143 230.674
2551 279.5569387252128 19.5843089244076 230.674
2552 355.0792156256264 93.2203320031779 230.674
2553 364.1124213452283 482.6189885633204 230.674
2554 264.4445209490544 178.1784777656542 230.674
2555 169.3876320657863 268.0009326895824 230.674
2556 98.71238931019728 264.5646449275171 230.674
2557 250.648573615436 102.9451416649569 230.674
2558 439.7906369199006 268.8858283730607 230.674
2559 47.95337982017402 287.0951404821819 230.674
2560 368.3510924272017 19.04657158946061 230.674
2561 280.1083708194487 478.4498178546736 230.674
2562 492.6532838781554 427.0996950251577 230.674
2563 522.363488337622 47.00385819735522 230.674
2564 206.9677563910963 285.0991937541172 230.674
2565 300.3641404222546 255.8941672415325 230.674
2566 48.07886777325595 149.5501756202124 230.674
2567 310.3480581746499 347.1740659151254 230.674
2568 493.3058292771879 72.3550118904182 230.674
2569 529.4680539459047 482.4552292816145 230.674
2570 137.924204879209 390.3688740295178 230.674
2571 130.6585304799635 318.6597986485939 230.674
2572 327.8461332278681 178.4127410719969 230.674
2573 114.8454647207992 289.1265082302154 230.674
2574 488.6508864076251 350.2475599622854 230.674
2575 397.4612337053655 167.1017170371148 230.674
2576 252.5097840362571 482.4850968333318 230.674
2577 46.01612731244798 427.4832289708227 230.674
2578 383.6867475832283 45.14219827720135 230.674
2579 180.818757762259 437.7996788881467 230.674
2580 434.1038505296257 425.0525789298591 230.674
2581 423.3518221631821 151.2031241490056 230.674
2582 196.6296973592334 137.1283052531549 230.674
2583 18.64907636799241 261.6780886410654 230.674
2584 87.0621363236467 303.1862216331115 230.674
2585 156.3052877445481 164.8442030691856 230.674
2586 429.8080139875509 484.1807967566212 230.674
2587 367.3792616153962 330.0194376187706 230.674
2588 46.47874810276756 69.29641146505091 230.674
2589 345.3218733330013 126.2039504729517 230.674
2590 355.7539643280011 73.04508642833686 230.674
2591 344.6757442687457 457.3168622811664 230.674
2592 479.3615256698997 310.114843498938 230.674
2593 136.6141429889724 163.4975337294332 230.674
2594 435.1218484754846 77.52373520403651 230.674
2595 231.910484777941 136.6139781864743 230.674
2596 112.3392982968354 483.6674599065282 230.674
2597 424.9305740716599 350.7807319900321 230.674
2598 107.7384647354948 150.0594988254567 230.674
2599 263.067649049994 397.2421258528194 230.674
2600 396.0505642710781 232.7768564545167 230.674
2601 281.8096172792247 457.3548976048942 230.674
2602 332.3454894454293 341.1896419675764 230.674
2603 216.7945229697492 320.2522197899678 230.674
2604 415.7027480323881 256.1637771793692 230.674
2605 400.2719326300889 270.4300185697926 230.674
2606 92.73528413091655 438.94312376221 230.674
2607 136.4600612011812 108.2884011537521 230.674
2608 281.8331674903909 41.78214555619836 230.674
2609 278.4948182794871 135.6369983839145 230.674
2610 223.8614824350933 16.77676207330047 230.674
2611 327.3062706772122 62.91693140188477 230.674
2612 521.1649876502017 159.9157583895208 230.674
2613 232.7079352586082 402.2021293981487 230.674
2614 249.9965166078738 370.8674329968175 230.674
2615 240.0641856153622 433.7101503109404 230.674
2616 220.8250905325869 483.1626125208106 230.674
2617 358.6172260562607 162.5166941294756 230.674
2618 168.7577104032513 483.7428250837386 230.674
2619 424.0461177217533 16.25238150630067 230.674
2620 523.1009569511873 236.6103118674841 230.674
2621 211.3306895112785 253.6045902118784 230.674
2622 244.834256334961 198.0183766207676 230.674
2623 261.8096889134223 295.4620658380055 230.674
2624 214.8433112153593 450.8167214047742 230.674
2625 103.315068719272 88.6800039329307 230.674
2626 395.2250091427622 459.1817018144156 230.674
2627 420.8783074356028 370.8056801461747 230.674
2628 92.84976555802405 69.48025788512021 230.674
2629 521.7785099553117 18.13531730058289 230.674
2630 96.58820898375846 323.6494985528377 230.674
2631 421.4243697967983 128.6584253555646 230.674
2632 481.1498526350738 481.1318493848258 230.674
2633 500.4740635501577 266.3894786087726 230.674
2634 112.6322947158689 380.8056981580705 230.674
2635 106.4957235272714 411.0030190387198 230.674
2636 93.96941349469367 240.4073964266449 230.674
2637 169.7299780193904 113.1962049738515 230.674
2638 73.7280187698006 131.3195359251938 230.674
2639 143.2770732110936 39.43258408842349 230.674
2640 169.3496641828358 14.43622629751202 230.674
2641 220.5047820817029 229.0963390504756 230.674
2642 360.317163199035 301.7749888062826 230.674
2643 524.5708203331512 76.6815703545995 230.674
2644 140.3331852452726 480.1026509636902 230.674
2645 288.5894017631182 270.0710111741796 230.674
2646 259.4368436398238 159.748400429187 230.674
2647 72.05105216521889 94.17088302807959 230.674
2648 144.0535201888919 457.3377008775144 230.674
2649 397.7005698110445 301.8163161831936 230.674
2650 466.1321589327761 95.0431267528666 230.674
2651 139.076203559696 17.63942405707834 230.674
2652 259.1883874953862 264.6311368239096 230.674
2653 297.1940198959584 323.6750525558533 230.674
2654 196.8881553456791 49.29366516120384 230.674
2655 217.5002720803666 199.4921626758209 230.674
2656 20.59646495304459 160.0737658936713 230.674
2657 117.6909355321989 16.57990169609241 230.674
2658 86.40093552372394 365.0146409485763 230.674
2659 252.4265390660852 47.34593829039052 230.674
2660 503.0421345927766 48.88393232148216 230.674
2661 260.442440951912 15.25249174992001 230.674
2662 524.9346289449795 345.2805802171528 230.674
2663 248.1354690205783 462.2252245479115 230.674
2664 453.3865369977666 256.1561740935638 230.674
2665 17.43415686328994 238.4114460702982 230.674
2666 72.89298532308405 401.2736505229988 230.674
2667 38.65105687570806 265.2946198945987 230.674
2668 42.48558810119173 355.0513001483026 230.674
2669 250.8326749950211 82.73838414626837 230.674
2670 179.5437305753198 412.9549505294838 230.674
2671 141.9741908220002 266.6946904960726 230.674
2672 378.7308272278139 297.374445005114 230.674
2673 493.9423150804537 386.0945452036681 230.674
2674 295.1584197358801 116.5538439752573 230.674
2675 522.191128107105 207.8767477427266 230.674
2676 15.73775265559027 342.2530690819133 230.674
2677 492.2953650244445 237.3872258317396 230.674
2678 441.2312863068003 119.917575468973 230.674
2679 401.2718425506249 17.02312330448423 230.674
2680 362.3678222636702 267.6051889772402 230.674
2681 401.496165151109 481.9213665655379 230.674
2682 380.7668678158577 199.7095061963716 230.674
2683 206.6778580226189 94.23120972168461 230.674
2684 173.0938309788675 359.7906067062456 230.674
2685 15.63086465015951 79.71465321972559 230.674
2686 280.9953330423795 368.0174233375337 230.674
2687 524.902360440853 392.9502468780934 230.674
2688 15.06890893878483 421.6239341745939 230.674
2689 523.0854504288678 130.4883215193085 230.674
2690 466.5784923754961 406.3888220455815 230.674
2691 491.4807615941816 202.8081116942216 230.674
2692 16.29364480787935 207.9736449278003 230.674
2693 443.1215127964068 391.8536790581219 230.674
2694 525.6661995443667 446.3635095987183 230.674
2695 274.9745754195836 213.8742141570766 230.674
2696 66.54215079394926 334.3526588823603 230.674
2697 383.3610222135958 428.7594944332927 230.674
2698 287.5205705034656 150.0529304193752 230.674
2699 65.84672739433411 228.6069209883916 230.674
2700 313.7498610098188 143.1188889523676 230.674
2701 499.9012352049615 360.9013887287282 230.674
2702 497.6949026859168 184.1795850873806 230.674
2703 57.67901597291866 307.7857951228309 230.674
2704 18.01654988645224 483.3558666094364 230.674
2705 225.966103032896 34.7399721549858 230.674
2706 144.0603355676489 221.5651587433854 230.674
2707 242.0697154993473 339.2704107262795 230.674
2708 80.59122687491727 15.37461015624702 230.674
2709 82.17950314625969 454.7020924514107 230.674
2710 455.6660932524948 15.6803859497418 230.674
2711 229.0510516289746 308.1435506614637 230.674
2712 16.97974812714425 131.6321510329902 230.674
2713 277.867439118862 299.5667835707775 230.674
2714 44.06996534648398 185.2077232083189 230.674
2715 138.8547314605071 338.6355351840584 230.674
2716 426.3240385088318 452.8056601772057 230.674
2717 494.5902762537221 114.5233708712949 230.674
2718 154.1257261286036 192.9057247804986 230.674
2719 271.0237964395842 428.0765409580656 230.674
2720 433.1134780621124 406.5111809557827 230.674
2721 414.9714534891135 398.8931739284425 230.674
2722 81.86958515865405 484.1151326130313 230.674
2723 451.3820992598397 190.5776108762365 230.674
2724 17.16522722783658 17.15875550583458 230.674
2725 500.6519903291804 328.3574818178761 230.674
2726 252.9785526746945 322.0075337454181 230.674
2727 345.2557094210962 377.9195262419693 230.674
2728 66.63556404188502 46.38403446991789 230.674
2729 475.7828582884127 207.8756310993101 230.674
2730 327.2126852973865 313.2648357151807 230.674
2731 339.1994726613028 325.8164356322185 230.674
2732 429.1071523989092 33.15344001486366 230.674
2733 114.5225388247897 119.3515925147259 230.674
2734 430.1924947649977 94.43936722247631 230.674
2735 74.52344502159706 196.3075683436136 230.674
2736 388.5153049322253 74.53411990269291 230.674
2737 248.5878119280019 132.3645907652412 230.674
2738 411.2798172364106 100.744458600257 230.674
2739 361.0604562140759 417.3481023849329 230.674
2740 453.7086322994198 133.2607210767636 230.674
2741 447.8855167618784 350.782488919302 230.674
2742 388.0000790139371 400.9466402282408 230.674
2743 408.9013542434468 47.39094782369695 230.674
2744 469.7108091982857 368.4297669200365 230.674
2745 433.6574212115738 298.9185423379431 230.674
2746 502.1869648245652 483.8263521431202 230.674
2747 37.5506287024175 131.0823079841406 230.674
2748 150.5388058594517 426.434005866865 230.674
2749 459.237194292956 311.0158446088445 230.674
2750 480.754812421163 38.3776675790274 230.674
2751 122.4216465650057 415.4133317617423 230.674
2752 346.8690708450695 40.60518108917557 230.674
2753 461.0776595120242 485.9848844468956 230.674
2754 503.3271689268029 130.1574971516006 230.674
2755 451.7327212507931 365.5829881414541 230.674
2756 111.235117796284 466.1640065218936 230.674
2757 524.0915685035656 466.251107913875 230.674
2758 206.270248029661 13.67773409056854 230.674
2759 253.7236479639431 355.2471548550507 230.674
2760 470.0562412536729 131.7454226059995 230.674
2761 195.1483589934685 458.8932708642079 230.674
2762 269.7986710686509 74.49738915619923 230.674
2763 198.5568093848783 401.3504847422176 230.674
2764 302.0362295228643 483.6910346725543 230.674
2765 215.4381698581971 144.7922623230753 230.674
2766 145.9037100758731 370.0233139888212 230.674
2767 83.98872098616287 335.5652636363943 230.674
2768 346.7656467194176 201.069301402703 230.674
2769 121.3598714175369 84.9141600897709 230.674
2770 136.181472421219 284.8066514713324 230.674
2771 167.1157802251138 290.6347525076522 230.674
2772 222.8635547443314 367.0723267111214 230.674
2773 36.51690052107886 232.3726521300146 230.674
2774 182.4278294553039 160.8053377690118 230.674
2775 200.4253738663131 485.7847844035739 230.674
2776 330.0120030458867 426.0365409251291 230.674
2777 400.568879093815 372.1803553212864 230.674
2778 35.55220428354514 454.7666364529402 230.674
2779 314.3690667329436 388.2133873886299 230.674
2780 299.3227338601349 13.57976709802495 230.674
2781 41.07172383001807 392.3855309982557 230.674
2782 443.5054054817679 209.5949648867717 230.674
2783 64.26624648569423 454.1874396494856 230.674
2784 399.7225587979215 127.1860192582257 230.674
2785 341.0974491391626 400.4737313662839 230.674
2786 153.5056802819812 86.33054939072082 230.674
2787 268.4027628544229 53.92159205521054 230.674
2788 480.3032629992084 460.3615462623146 230.674
2789 111.40844617077 32.2716508188012 230.674
2790 377.5542467826951 485.7102030002857 230.674
2791 449.6263031950518 236.7053211387622 230.674
2792 322.3986400820488 283.9838365692806 230.674
2793 145.5337734687946 309.0191752476302 230.674
2794 229.9697776576251 263.185932499286 230.674
2795 503.711835150513 15.84024754668977 230.674
2796 470.3431894089472 282.4313198090564 230.674
2797 208.8006486992055 430.9880978216902 230.674
2798 65.69480166101975 13.34289453735956 230.674
2799 309.1156974945876 312.614081235258 230.674
2800 169.0793946299532 387.3553655415355 230.674
2801 470.5865873907193 339.7476676072574 230.674
2802 406.7421215748923 73.07048910046021 230.674
2803 265.9056470167866 448.6201402244931 230.674
2804 178.4301650271921 210.6020144281781 230.674
2805 35.81159060952743 43.83211592045533 230.674
2806 355.7922553268469 320.1843553412533 230.674
2807 409.0750851002994 429.2823380773189 230.674
2808 527.1252472208207 288.5891166698004 230.674
2809 320.7982493984408 372.9576857673379 230.674
2810 435.5881479118057 60.7676592370559 230.674
2811 313.2398165696845 245.2967668286498 230.674
2812 34.57986383354876 213.7078914065021 230.674
2813 473.0583397975108 433.9260729956782 230.674
2814 527.2822251880614 375.3569130893716 230.674
2815 40.76307862905701 107.0793525251931 230.674
2816 392.2093931538712 354.4027860464034 230.674
2817 288.3722008702384 225.4497091438963 230.674
2818 393.2260715527221 146.62843116093 230.674
2819 472.6141864261868 13.64003212888608 230.674
2820 269.6033934473227 248.9355042761802 230.674
2821 61.86115432173989 436.0922642270995 230.674
2822 349.4405178165416 108.4869445021298 230.674
2823 431.4647269559207 234.3585592208224 230.674
2824 36.81395416587802 483.7058363538833 230.674
2825 408.1632027686186 155.3433926071442 230.674
2826 224.5513192468563 464.8261787089663 230.674
2827 230.4623784694886 191.0088957007399 230.674
2828 322.3773566325847 439.8437770785362 230.674
2829 195.2221668528855 222.5818036327879 230.674
2830 381.7339926914286 247.7420709855996 230.674
2831 69.84855589327502 366.3962434722404 230.674
2832 472.9629013483003 65.26546112830192 230.674
2833 96.72215369048945 211.3915767578496 230.674
2834 525.6026192147197 429.0849984002476 230.674
2835 37.81996038785501 323.8873977027145 230.674
2836 165.7601960864848 248.4516174288322 230.674
2837 449.6235756722486 35.80133399954482 230.674
2838 81.38521228401517 43.67690292844969 230.674
2839 62.98487666057407 179.7418828791493 230.674
2840 306.7807211351075 204.4387653335504 230.674
2841 129.6356932050832 214.2025455956527 230.674
2842 157.9805646651217 412.6996093559454 230.674
2843 128.7341720416819 430.7781586200454 230.674
2844 63.19066844791774 144.5545904522766 230.674
2845 473.4815907283498 263.0301151572409 230.674
2846 527.5905678561145 62.29599279643603 230.674
2847 228.3405395878862 344.4014124197119 230.674
2848 451.4348914276703 461.9775872416781 230.674
2849 298.9221431532293 70.84233078677026 230.674
2850 310.7574206706238 462.7459736505414 230.674
2851 87.18575358888307 137.2146573431577 230.674
2852 110.5607591309651 274.7264902872336 230.674
2853 189.2867428631211 239.0557221618694 230.674
2854 224.6588847172895 61.76098015756584 230.674
2855 525.155927472669 188.6349183550105 230.674
2856 13.14978390565512 276.73359431672 230.674
2857 373.2270493407959 148.5103797830032 230.674
2858 410.29868164162 448.3057018914031 230.674
2859 351.4392146876184 13.41827404893854 230.674
2860 150.4364986142224 70.85934971483563 230.674
2861 306.0606821477402 89.14113915517144 230.674
2862 118.9338152234779 362.6625198308963 230.674
2863 128.0973553296119 69.40597486613707 230.674
2864 523.1550815780032 489.1256928862541 230.674
2865 260.5209640602096 220.4241850778396 230.674
2866 62.49739073072068 63.31733022065613 230.674
2867 163.0197369661024 178.611993785617 230.674
2868 330.4973364065233 14.21093833540595 230.674
2869 144.8358851536997 237.8155877909414 230.674
2870 310.6070750054285 36.211856962211 230.674
2871 94.55734324569616 381.7988290123668 230.674
2872 456.4059962223714 159.4338114790951 230.674
2873 243.843628237156 240.6133638685383 230.674
2874 205.344508057395 170.557614882422 230.674
2875 63.75452082792224 484.7742583187513 230.674
2876 327.3148605600153 77.916303979831 230.674
2877 330.6173866597649 484.3316483563636 230.674
2878 12.70395386522489 62.41662499988625 230.674
2879 232.2468909841445 173.1344583625414 230.674
2880 36.62954246619464 15.54122189392126 230.674
2881 14.14138660224443 373.1589266176222 230.674
2882 397.293432023861 37.17098117712931 230.674
2883 527.2326264544254 113.9763797891177 230.674
2884 332.9647194837985 297.8440160716562 230.674
2885 478.1462157006841 236.3124465367584 230.674
2886 12.49542199911559 436.4523091311645 230.674
2887 484.8935021730453 90.31708361011651 230.674
2888 66.35611063429502 256.0868403013174 230.674
2889 458.1533921722785 81.58266421962723 230.674
2890 500.0275907477785 444.3588161802006 230.674
2891 13.84371919850789 191.4140821914774 230.674
2892 485.2824318829591 409.6581141398045 230.674
2893 366.1729348545516 131.1186783332581 230.674
2894 178.2703274775981 80.79689221942036 230.674
2895 13.26698324962235 115.8160894981077 230.674
2896 421.5671183668978 333.5306219863916 230.674
2897 475.4416370093334 178.828145866975 230.674
2898 354.5201250484943 250.5687711239789 230.674
2899 288.1297240952684 400.545870288288 230.674
2900 87.50069864545425 101.8976716242184 230.674
2901 375.8059141684797 229.1499703285472 230.674
2902 293.4434204805752 194.94436964457 230.674
2903 115.9646550391861 134.6458940872541 230.674
2904 118.3456473652092 237.8794197762165 230.674
2905 383.0211761087554 173.6744271263708 230.674
2906 163.5420942972385 138.6849387895554 230.674
2907 77.16118473604308 164.9312984180955 230.674
2908 378.755780923627 461.9165302740489 230.674
2909 478.8644414243807 143.5767469883936 230.674
2910 460.440643381207 419.5421774903404 230.674
2911 160.5490640500045 328.4446753483163 230.674
2912 304.1770150292887 299.6326607576367 230.674
2913 525.7776406354944 252.1205927399255 230.674
2914 13.9330067080353 469.7083433306393 230.674
2915 39.11737078311917 372.7395205157533 230.674
2916 342.0433290153362 149.5541746724003 230.674
2917 407.7940795359103 284.5687630164498 230.674
2918 380.0722439757732 278.0434351159214 230.674
2919 308.1201642248632 414.0085499969704 230.674
2920 194.6778889033331 357.8011223689891 230.674
2921 428.0641526985077 283.4582003001767 230.674
2922 525.4377625664285 32.21266712864374 230.674
2923 438.2404118308412 440.4529752219978 230.674
2924 433.8970259958666 466.9376059771867 230.674
2925 103.0718129875575 57.70122875915962 230.674
2926 14.86088845236178 33.35729976778304 230.674
2927 235.8488842183564 375.8382035708004 230.674
2928 299.4597965721671 433.7358214596467 230.674
2929 64.96360101905637 379.6200084616476 230.674
2930 143.9285634470888 133.6068837513762 230.674
2931 359.4704275436364 54.06219402333267 230.674
2932 501.6276450309725 217.169225992673 230.674
2933 56.14488930705981 36.08771176087648 230.674
2934 153.7953840531281 11.88166624928562 230.674
2935 429.4195297599809 219.1606308410259 230.674
2936 450.5468038180036 146.8472933470926 230.674
2937 260.0033491344706 412.1655193327559 230.674
2938 163.7604815254523 39.15785298741385 230.674
2939 467.4630825941974 192.838717441844 230.674
2940 78.94699620510224 424.0517535009045 230.674
2941 303.205715497413 220.9977645966415 230.674
2942 198.3107285715597 121.4016716733046 230.674
2943 182.4531197847516 144.6554108445431 230.674
2944 14.52494709678425 389.2476343407997 230.674
2945 504.5250620512339 297.7382315533184 230.674
2946 497.2570167704033 281.8955558528128 230.674
2947 509.3168354968832 397.2694562850069 230.674
2948 315.0568795878386 230.7355645742887 230.674
2949 332.8307593195295 272.0353146042426 230.674
2950 31.21137760250065 81.21368380621915 230.674
2951 348.0189091805942 276.7744540156036 230.674
2952 456.7304262043887 289.6187091838726 230.674
2953 510.0500347687399 80.29668716112276 230.674
2954 452.6383591042829 106.6890907662166 230.674
2955 153.0664392203091 383.4907190013589 230.674
2956 29.7691908672218 418.850527379745 230.674
2957 95.54390590894614 422.7476102531735 230.674
2958 286.4523944876042 241.1302269374083 230.674
2959 454.1562905383025 338.6054793042456 230.674
2960 437.6287646918503 377.6698810786832 230.674
2961 225.722195271416 439.180228965951 230.674
2962 183.5097773205368 266.0242778319271 230.674
2963 382.7871096455832 325.5145915142615 230.674
2964 269.9879884769905 326.7065803170513 230.674
2965 76.04207476963846 241.0156560469392 230.674
2966 508.8296064335461 420.0537597959479 230.674
2967 76.75189409116564 75.22870501927841 230.674
2968 112.5658518086285 347.2307907929347 230.674
2969 473.7641694368382 382.4361640569477 230.674
2970 89.71684883611226 121.5505329691828 230.674
2971 413.5766992993256 384.2953916687932 230.674
2972 168.9579753619873 401.6301658690628 230.674
2973 13.38526803418399 313.8691612951012 230.674
2974 432.3188636275045 323.3977703411908 230.674
2975 330.0309483271105 224.2645338165355 230.674
2976 214.9898425200842 45.46109623079828 230.674
2977 55.42764623303349 93.43874192350246 230.674
2978 308.2568555667557 361.8761167808298 230.674
2979 48.79400501113233 461.6808529757691 230.674
2980 526.8450457910528 146.7476644224344 230.674
2981 279.294426773733 344.1870058773111 230.674
2982 10.47809597994425 328.1566040512895 230.674
2983 254.0859385663332 282.2941500510324 230.674
2984 168.850875070897 467.1951706265167 230.674
2985 33.34330263892143 294.3143074415343 230.674
2986 185.5991778463416 110.9984299553927 230.674
2987 194.5083843940343 252.9526469006386 230.674
2988 358.578867312398 184.5174836880413 230.674
2989 329.0086891660385 469.5247770106747 230.674
2990 152.9532954580846 337.4538874720955 230.674
2991 347.5714187405045 292.3588672798309 230.674
2992 249.6017100679636 446.7212274971719 230.674
2993 55.26459367416583 406.659089233873 230.674
2994 153.5466834487763 485.7030584327503 230.674
2995 168.1312316110073 442.5797997965587 230.674
2996 356.303753700018 446.9334217805171 230.674
2997 64.35160920440414 120.1697387864472 230.674
2998 331.5579613025001 208.2184715474458 230.674
2999 308.7513130833054 174.2110641018754 230.674
3000 409.411554551936 242.5909864733698 230.674
3001 190.1733662329068 95.67523785388465 230.674
3002 506.8584257995992 103.148980900003 230.674
3003 413.2594872988661 115.3318210471029 230.674
3004 80.44387617470699 288.1221966858396 230.674
3005 64.29785710390711 280.8602909068459 230.674
3006 232.2705584312956 417.4015756430242 230.674
3007 402.3649823849966 218.0982526054771 230.674
3008 387.4744428538314 117.0393140627486 230.674
3009 280.9611031497817 121.1453594445045 230.674
3010 238.7592742221319 284.7457210732405 230.674
3011 198.3611507237968 66.98182089528464 230.674
3012 268.3323461578363 108.4486353664377 230.674
3013 527.5060014924853 220.927382225844 230.674
3014 385.6914033766849 12.39926161530775 230.674
3015 203.7389291760167 195.9231220037757 230.674
3016 71.28955781769348 309.2425848738145 230.674
3017 86.27831801608428 468.3320249927287 230.674
3018 267.6363466427217 486.392417491725 230.674
3019 48.87386412891609 249.3720303915632 230.674
3020 328.3549665243935 123.4156433807832 230.674
3021 90.12641027862131 54.74827374008609 230.674
3022 318.4464765769623 110.4046232533207 230.674
3023 371.2849937553776 211.968923152354 230.674
3024 118.9397028517686 260.8341116605257 230.674
3025 297.2668127680433 339.5316188578111 230.674
3026 339.1411811210922 98.04929797194742 230.674
3027 90.7019083062557 187.5083428002471 230.674
3028 243.1049994535122 12.6315434049708 230.674
3029 280.3825907205338 316.5351710075486 230.674
3030 432.0499547009948 170.3092825058824 230.674
3031 348.0742468528846 429.7674785702089 230.674
3032 225.6804928594978 120.1895560435041 230.674
3033 328.236142060224 33.80447170596172 230.674
3034 231.3360670083983 105.9620181432759 230.674
3035 373.6796309950199 377.7815794576954 230.674
3036 37.32490740582335 442.162089707681 230.674
3037 235.6730621488571 226.1636441447174 230.674
3038 148.3838281533003 294.25701724639 230.674
3039 507.2269524268991 233.4399358677141 230.674
3040 476.9162318705295 118.3672040668981 230.674
3041 495.0512523929602 457.2015400969476 230.674
3042 338.8228416549393 247.388067015036 230.674
3043 446.6566657641196 172.643466157122 230.674
3044 506.5518811622504 469.6760408723547 230.674
3045 91.77116647517994 151.1973256665827 230.674
3046 37.20842827034282 56.68601572472453 230.674
3047 423.7126442083994 46.62622821729654 230.674
3048 246.6540122821963 214.2805495989558 230.674
3049 220.9600894856906 95.52168021157478 230.674
3050 171.4658423640711 307.5189562800078 230.674
3051 427.1798015072551 265.0833916120773 230.674
3052 408.7017410139383 182.101022057853 230.674
3053 487.1947891632243 175.6955788558624 230.674
3054 449.4732579608982 447.4391530617863 230.674
3055 394.4097689807072 335.0245239462251 230.674
3056 446.7980982706131 324.5060860249204 230.674
3057 243.024192757944 312.4455245804072 230.674
3058 256.9829781444781 191.1593368719569 230.674
3059 123.9896512161038 334.1058598871899 230.674
3060 236.2700109087709 488.6468554892098 230.674
3061 276.439706535413 394.0873037190864 230.674
3062 85.91548828150735 30.01626311921598 230.674
3063 312.4732762557254 60.95337192206475 230.674
3064 127.5494449111557 486.6944944195531 230.674
3065 449.1127185605967 52.48347562114012 230.674
3066 13.21996201202132 146.7998780964758 230.674
3067 495.2306759352348 36.20440375452952 230.674
3068 48.03289825024113 206.4429556089123 230.674
3069 186.7480844263271 383.7891885065836 230.674
3070 354.2963711849433 27.42962379168673 230.674
3071 217.3089839067356 352.5119357774423 230.674
3072 435.3081350394202 194.9458522128276 230.674
3073 338.4585344278099 70.52600172776071 230.674
3074 82.20689806700949 210.0824062168155 230.674
3075 507.3342977461036 154.3240260805454 230.674
3076 413.937179054642 487.2312368231225 230.674
3077 370.7742001503551 472.162264560174 230.674
3078 193.3539009125819 432.9918543182462 230.674
3079 244.8975451633797 167.4170956708739 230.674
3080 46.14874898203435 119.6722784592086 230.674
3081 274.3996182204614 264.7724523420586 230.674
3082 409.9444933157534 310.724426499908 230.674
3083 200.5871098142219 344.5664219134724 230.674
3084 452.9905529168573 220.0231216173057 230.674
3085 35.359873465745 154.5046561548681 230.674
3086 274.3538954491077 148.6171916593648 230.674
3087 241.1805616946461 37.72947996176416 230.674
3088 289.5698264957359 488.5377959737143 230.674
3089 114.544622326763 319.0692098468139 230.674
3090 349.5039253774012 485.9683156868696 230.674
3091 174.6813358403719 29.54778392242054 230.674
3092 134.975761837542 360.247922173483 230.674
3093 527.610293224557 276.2599506122689 230.674
3094 186.0155754090181 333.4666981752538 230.674
3095 387.7570817554236 381.641201668541 230.674
3096 243.4597185993959 59.69057608152142 230.674
3097 105.3534352044106 443.5753716868393 230.674
3098 274.4451380118624 197.6042278022055 230.674
3099 403.5568158857947 405.7440582179941 230.674
3100 195.1267732819981 291.3846724852014 230.674
3101 300.2205136485564 388.0188863414336 230.674
3102 144.0420111565878 402.2849035647588 230.674
3103 253.2643480917305 118.0298023179431 230.674
3104 10.64818182091549 222.9567551222419 230.674
3105 184.0140539657785 489.1183850715405 230.674
3106 130.8467688498896 177.2356424310096 230.674
3107 334.8926769096996 368.5046819352991 230.674
3108 347.4106499651969 390.1400627723708 230.674
3109 144.8121777604057 118.8420414230049 230.674
3110 86.83723238294571 396.0647563593712 230.674
3111 244.0945710764383 258.1735608898109 230.674
3112 227.3402471816451 149.1580473405423 230.674
3113 368.3553191203397 254.5432042946945 230.674
3114 375.4083125144059 34.46230843525425 230.674
3115 338.0553239343776 353.1859813267261 230.674
3116 361.8502483246438 369.2444892181201 230.674
3117 170.0492541214367 222.9611388393024 230.674
3118 512.7836753878541 488.9137522068003 230.674
3119 212.7103601258228 417.0140014077767 230.674
3120 295.8797715771257 365.7394249909508 230.674
3121 217.0449947493935 391.2960823628897 230.674
3122 251.8643893895956 425.2319475512206 230.674
3123 375.0101362444134 186.71373659455 230.674
3124 192.4204027283049 170.5078954670805 230.674
3125 355.8213150311761 472.1706344825337 230.674
3126 103.0685329591699 196.4076594564353 230.674
3127 473.7156337032843 324.6463988291185 230.674
3128 475.6495177784706 356.347048277119 230.674
3129 211.9088256222957 375.9793199096932 230.674
3130 324.6660053171865 151.4690891652253 230.674
3131 198.113559375356 371.6999820920592 230.674
3132 43.20441063882695 32.90416811339092 230.674
3133 389.5272223282342 487.1131035209945 230.674
3134 282.2052590771861 173.797163353491 230.674
3135 50.97451250149995 380.9112898601752 230.674
3136 130.5469738664235 97.10326715449132 230.674
3137 169.9364024566223 63.12151248652522 230.674
3138 253.5732963941369 308.143659545228 230.674
3139 446.2109154124782 489.7782585991029 230.674
3140 197.0252799307465 310.3524295167568 230.674
3141 225.1514199733631 331.7159677221289 230.674
3142 48.81879828757 338.4692263751062 230.674
3143 279.336152584591 91.65643818179915 230.674
3144 125.4725651310563 387.5304010969062 230.674
3145 293.2083561473516 98.70014054112717 230.674
3146 258.2982744238014 235.8856750568994 230.674
3147 385.3431147455732 311.7570326242401 230.674
3148 308.6220198143276 288.7438078633453 230.674
3149 446.0825960439228 418.4425700993266 230.674
3150 357.3536915018343 210.5377249776284 230.674
3151 461.4687479134066 393.6540496415771 230.674
3152 333.3600128380587 48.81730957968031 230.674
3153 230.5021924660906 275.6875265003563 230.674
3154 251.4788206853769 27.82687766098352 230.674
3155 187.456651466557 194.0871040755 230.674
3156 526.775070207186 315.1736523065515 230.674
3157 167.2938968203446 87.50105435341629 230.674
3158 393.4153423286547 204.8434431882926 230.674
3159 10.38608740473212 169.1352660054342 230.674
3160 370.9984626732093 426.7799965483952 230.674
3161 216.0636731688082 241.4119943733207 230.674
3162 60.06444073159571 469.3425290882241 230.674
3163 319.0880673978503 197.1931053478972 230.674
3164 495.1093408292473 339.0899311579797 230.674
3165 301.7349568860151 151.3058393895549 230.674
3166 389.4603969384649 261.6754847933144 230.674
3167 131.9694888254026 449.1636562044676 230.674
3168 365.2233546138745 342.9321655029804 230.674
3169 96.61830722448347 252.583168766789 230.674
3170 416.6432775782499 211.6128698730361 230.674
3171 174.5179634669195 375.0184551231437 230.674
3172 498.4067635663409 60.10152305324875 230.674
3173 501.693252591436 373.5363585210923 230.674
3174 295.2943132507271 180.8289545681404 230.674
3175 154.5939110071612 440.6075767381526 230.674
3176 52.83331498342228 234.6612256111039 230.674
3177 403.6073847510702 194.1495755514495 230.674
3178 511.6752940606635 313.9346738430835 230.674
3179 446.6690814832753 300.4560727160077 230.674
3180 154.9824813831892 263.7875280786942 230.674
3181 425.0859867427135 310.5493050086088 230.674
3182 422.9307372373016 72.31083564290458 230.674
3183 188.7569311319454 34.73285215647324 230.674
3184 51.06996267704969 168.5876690935901 230.674
3185 159.5331817976866 359.1807692025625 230.674
3186 370.7503304385608 401.4966233660627 230.674
3187 183.170778031278 425.6564437689109 230.674
3188 449.3540132853283 277.9731882854288 230.674
3189 488.7691678496094 321.602926422012 230.674
3190 131.1603573455225 402.3698152709954 230.674
3191 170.4026701357096 166.9076487522179 230.674
3192 262.8848544807254 366.493110132426 230.674
3193 378.0080143154798 353.4631926592673 230.674
3194 27.8119596466528 309.8176531723367 230.674
3195 421.3318560268877 243.1044324394026 230.674
3196 373.0304789253049 164.2690662259085 230.674
3197 407.8735782366319 326.8163715084899 230.674
3198 65.46595523381301 319.4387683482033 230.674
3199 342.5278999934845 188.5635540393605 230.674
3200 116.8235670540442 304.1830605183567 230.674
3201 528.0504383857617 170.4507808981598 230.674
3202 493.2521713440302 100.8746345772999 230.674
3203 284.3166383317736 75.37636599501712 230.674
3204 314.7923333336639 9.207370255827117 230.674
3205 493.0356767986353 399.3572445123189 230.674
3206 103.1260230051021 296.3464102965757 230.674
3207 366.0195619460349 105.6859118616462 230.674
3208 373.8348117119269 118.888204388482 230.674
3209 439.1194472327643 104.7728753136009 230.674
3210 136.4371545568247 189.7865164263509 230.674
3211 250.9736342122644 400.4024660198984 230.674
3212 127.7673325411283 199.925890181425 230.674
3213 124.2610063464076 111.8799291252502 230.674
3214 160.3234083367117 315.7095148618089 230.674
3215 371.491357237352 48.77500177587316 230.674
3216 231.646822246114 388.207779721222 230.674
3217 321.4255688901864 272.4963975369521 230.674
3218 48.81188096784973 82.55432250086784 230.674
3219 530.6718339206295 8.87464415243511 230.674
3220 294.7528207571037 455.8987679353814 230.674
3221 440.7092666669368 9.034397929052309 230.674
3222 343.8329065950405 164.9540276324893 230.674
3223 119.9352041439195 223.1577022283149 230.674
3224 143.82228213025 95.42208244446856 230.674
3225 467.3490854809259 108.8151266020174 230.674
3226 188.8918170768774 447.054094139225 230.674
3227 174.3905267882091 236.815956391895 230.674
3228 96.49809018010767 489.543316701579 230.674
3229 424.7257148827729 182.3384114837242 230.674
3230 391.7548732467196 101.1757703691916 230.674
3231 530.1691465195995 360.027420916623 230.674
3232 5.268343619417474 5.268343619412308 0
3233 8.525009247155065 3.480813671209079 0
3234 3.524699712646224 8.48810551794428 0
3235 2.974848426879861 2.974848426886537 0
3236 548.2238200383106 486.2598671541647 226.3633570794498
3237 548.2224149040253 13.73936113787698 226.3653876292219
3238 550 143.6051910486803 74.41769999973533
3239 550 354.9166666666649 75.67400000000001
3240 550 249.9999999999965 41.13092049808557
3241 550 218.6005538395594 130.334720552411
3242 550 83.49069450997146 137.1739518280544
3243 550 84.2222222222541 15.2573333333648
3244 550 414.9949869369053 138.6007553645961
3245 550 415.6553797719904 16.19983034441107
3246 550 302.1405270396348 138.5852446278481
3247 550 180.7658781679214 7.449857430426541
3248 550 319.2341218320686 7.449857430435483
3249 550 154.7328446950678 150.7606859765971
3250 550 63.78100721933524 75.67400000008301
3251 550 437.6115602100029 74.1770875225142
3252 550 356.7265305422661 160.6566454853856
3253 550 297.2261471877273 81.48294783313997
3254 550 202.6325826603623 73.86494778752177
3255 550 233.6320374211836 -13.2220937939891
3256 550 132.0768888206967 -9.014742812349155
3257 550 369.4128958694706 -12.3441009229488
3258 550 257.1964105965729 167.6414683429661
3259 550 46.31500170168677 -22.93669921850764
3260 550 453.6849982983159 -22.93669921851293
3261 550 49.43439385856663 171.2303741692935
3262 550 450.0402030049401 177.3570252799736
3263 550 194.9426847251359 172.0639719254746
3264 550 245.593452142748 85.05988222882422
3265 550 281.6343088532558 -21.94891197221257
3266 550 112.4238916064319 174.5932826531228
3267 550 127.8823764943917 32.1387467641218
3268 550 372.1176235056273 32.13874676413669
3269 550 373.9874187135321 116.1519601299465
3270 550 45.60771452579141 113.5937174677424
3271 550 43.46248099390619 37.41747183023818
3272 550 454.3351449887589 115.1430374753824
3273 550 458.9681324524317 36.99014892112139
3274 550 101.3942399427842 100.1430853233009
3275 550 176.8719920037175 113.4509352368296
3276 550 404.574569036869 180.5022503642985
3277 550 320.4983797223614 178.1814145716895
3278 550 88.64651044795581 -25.65191195244519
3279 550 411.3534895520259 -25.65191195245712
3280 550 394.6494712465311 69.52147408703642
3281 550 333.2252670353444 111.0696512035748
3282 550 323.390872397763 48.71919806472946
3283 550 262.97870130141 127.2976530398269
3284 550 173.4596360876602 47.00273285818279
3285 550 198.9682154370554 -30.87780380185254
3286 550 328.2157164473581 -32.11807777387089
3287 550 211.0957811606932 33.78853602613858
3288 550 288.4481278541971 31.61392971336997
3289 550 96.97076721899893 57.6168309888026
3290 550 135.6099264745499 117.6599045378601
3291 550 162.4999999998432 185.9344977255628
3292 550 409.8101504964595 100.7161956750767
3293 550 161.3968099800487 -35.18775994046137
3294 550 259.7447936112844 6.230129306810735
3295 550 286.140026588587 186.8376212978692
3296 550 76.43171797553498 182.359394886519
3297 550 228.4597408046337 186.484836434318
3298 550 33.88970019032496 61.22227622371032
3299 550 463.3485905957629 64.9788475731291
3300 550 118.6680740738807 134.5521208117038
3301 550 190.6949869201855 140.3800703235593
3302 550 421.2820160727432 47.06139053401913
3303 550 31.5398206420961 145.0740297997071
3304 550 464.9354334851019 137.9591851318771
3305 550 31.72772909360689 4.410729426537419
3306 550 468.2722709063927 4.410729426537358
3307 550 71.21811489419009 100.7576756189253
3308 550 253.6739222938592 -37.8145779359385
3309 550 362.4999999999499 191.633019127733
3310 550 331.3572275580381 138.4552360844601
3311 550 287.9861270585256 113.3857012601401
3312 550 151.0189885099984 9.650572280240144
3313 550 346.8726754778585 7.029608087172088
3314 550 384.7465728905169 144.2175048380129
3315 550 270.4265840175194 67.65523124759079
3316 550 426.7965126597603 189.9406597165666
3317 550 322.5813599090183 81.72540137805422
3318 550 231.8728219510099 64.90749867368261
3319 550 218.5022084567713 98.56369533177244
3320 550 302.8428166324313 -39.44462672050425
3321 550 72.69267567546899 42.29698670744659
3322 550 234.987044217588 159.4356799665325
3323 550 28.75818544729112 -40.42385413496336
3324 550 471.2418145527116 -40.42385413496201
3325 550 32.67003908454907 188.6681220037464
3326 550 470.2052138196034 192.1628055574777
3327 550 116.3889691059676 -40.07270809095493
3328 550 385.4638531786911 -40.79864003766416
3329 550 209.5066393575354 5.091488116598262
3330 550 173.2167764649722 82.98115617695197
3331 550 111.5368912842335 9.986070777715311
3332 550 388.5093208747556 9.36609712358125
3333 550 139.3819798503725 192.9419568560228
3334 550 224.0895692745676 -38.38502717554992
3335 550 26.34843990656421 87.54957457770686
3336 550 476.406173951199 89.19061903728362
3337 550 66.07323187512647 -44.3906668848808
3338 550 433.9267681248426 -44.39066688489009
3339 550 235.1732421372776 17.16516430513296
3340 550 377.3686537091132 86.84839731089839
3341 550 427.9528645315552 162.2104764879542
3342 550 283.8792803483889 159.6266324565873
3343 550 292.5532547991149 5.791850906534046
3344 550 59.19681755408841 2.470968991388384
3345 550 440.3714898108817 2.862005880044243
3346 550 57.07972933056755 145.9564472267594
3347 550 262.2905217862133 195.1084334436641
3348 550 350.2340740678426 48.38401222061044
3349 550 440.9802840083694 138.1938986841227
3350 550 186.2407119889425 196.9966072832981
3351 550 355.9180369947474 -41.09334865557863
3352 550 121.5429470363716 53.23330072800051
3353 550 89.63120009203064 164.1623817315155
3354 550 395.8964326602368 35.38358141051064
3355 550 336.2355371262793 197.5359902647057
3356 550 434.3041047873685 99.55090742446076
3357 550 58.36230727407186 199.4839072590377
3358 550 241.3877211003971 113.7448023584849
3359 550 147.6648339487121 47.97590867203784
3360 550 102.6313803368582 33.10188042488164
3361 550 297.1726663982768 53.27082971282402
3362 550 199.9138657870199 114.0882082578938
3363 550 387.3609476334525 198.2411876833861
3364 550 102.8717268538739 121.9555351363056
3365 550 308.126100373227 -15.02702480870104
3366 550 359.4201787324481 135.5300501941772
3367 550 136.73739693844 163.7855289959903
3368 550 273.3099323948322 90.8090856539943
3369 550 355.7202133816876 100.5107947493673
3370 550 20.16544823468009 163.714551329571
3371 550 476.3071190063118 162.7576436224876
3372 550 21.84733484938599 -17.51981836688456
3373 550 478.1526651506148 -17.5198183668841
3374 550 172.5707833174803 162.8673767601448
3375 550 18.19247050457342 43.54586710572773
3376 550 481.0810934075992 42.7645298898811
3377 550 163.7571584458069 -10.21886336999644
3378 550 110.671923625135 199.2785794333412
3379 550 378.4809990522801 57.02512184123665
3380 550 280.1705917547343 -47.35300932183137
3381 550 152.6276996151551 101.395174698815
3382 550 128.3971896800538 93.0601298711929
3383 550 87.36156587808225 78.59628052545706
3384 550 78.54799400783318 -7.453683319900673
3385 550 421.4231591241506 -7.384257356784928
3386 550 143.0434888811786 -49.44726386584203
3387 550 333.7291262857562 27.9919395909754
3388 550 314.5836899057789 100.8129678515759
3389 550 154.5984225204215 126.8791071245488
3390 550 397.6729354970176 120.838229925937
3391 550 307.5668066025721 198.080326437083
3392 550 182.8629263813038 -47.42369376769496
3393 550 23.37471144825174 119.9941787457218
3394 550 480.1570230991541 117.0385847186409
3395 550 50.27212078739798 92.81643342629451
3396 550 195.748711118415 51.6338863656796
3397 550 258.1209030625958 -11.59071834765921
3398 550 449.097732576357 199.1922907110545
3399 550 243.5290041334657 136.187432964325
3400 550 188.7647842200673 28.86848998524047
3401 550 442.9976780713595 52.11825338654015
3402 550 437.6304508889111 28.69368815136569
3403 550 55.08382792337203 58.35575601854088
3404 550 211.5846687941703 197.8490300342023
3405 550 383.3350871697483 171.9452160724392
3406 550 341.1660994748793 177.8738103727762
3407 550 310.7841361102631 29.77727162792293
3408 550 345.9862606496475 -16.30968010074173
3409 550 89.22174228578115 -49.75345738565618
3410 550 411.1488221710991 -49.89864377500227
3411 550 164.7403370772504 28.29499443492881
3412 550 107.994144171475 -14.15541134096782
3413 550 392.0058558285273 -14.1554113409664
3414 550 414.186624708027 75.49584072303276
3415 550 308.9232999025485 159.7594108085252
3416 550 209.5669309850107 153.4448352991811
3417 550 193.2174824981194 95.00832831757637
3418 550 63.90105359982795 124.6840069045399
3419 550 113.2119834674952 76.17788790608155
3420 550 408.7464058660036 202.0064195528503
3421 550 271.1063186685623 45.09946279397337
3422 550 452.2335337071503 89.285069088206
3423 550 335.6681309506644 -52.37760504908568
3424 550 280.9238227726451 138.6167585018219
3425 550 136.9505822163884 142.1205981007578
3426 550 426.9277974592466 119.6566851993126
3427 550 315.2173161084812 122.0420476179663
3428 550 403.6013484244579 157.9893377570647
3429 550 229.208843008112 43.73021924908069
3430 550 205.6876807085461 -50.43375185845045
3431 550 68.72002213976705 163.7730579513675
3432 550 335.9000811313749 66.20939341004059
3433 550 191.5692990718778 -10.7324627588521
3434 550 212.5594188320182 -16.87348047540603
3435 550 261.1510536361363 148.0461223952746
3436 550 162.9415906657531 63.62985203206627
3437 550 261.1067666018624 106.7157757504566
3438 550 47.08013007331277 -49.21500105337017
3439 550 452.919869926695 -49.21500105337739
3440 550 61.17699608713652 23.72624013142558
3441 550 240.9740960330504 202.4805006577955
3442 550 75.17796878305148 62.50797084806604
3443 550 239.7698762064829 -52.16338539199958
3444 550 19.36022164155582 20.72836958242723
3445 550 481.9661286526392 20.19678791323008
3446 550 86.45502442980805 201.3861140212264
3447 550 179.7108818632186 -26.88811672777149
3448 550 329.0285877802435 -10.01371123621294
3449 550 162.4999999998432 -54.15597970731609
3450 550 14.73461383013434 136.0906666669026
3451 550 484.2799151181136 137.9873493613621
3452 550 162.5635399834787 204.4771514583997
3453 550 352.7652097399012 29.27971154167432
3454 550 314.3772345966025 65.99637389883499
3455 550 131.5273293080384 13.41059288198431
3456 550 367.5797081037591 13.09290543854321
3457 550 216.701638396223 171.2028822518162
3458 550 269.8644534719627 23.29931733588316
3459 550 145.9657410111164 27.90103425488003
3460 550 169.8938058913745 138.8676350843359
3461 550 330.8212017470494 162.1902074399796
3462 550 262.4999999998992 -54.8134945612954
3463 550 249.8305452474647 60.2450927948841
3464 550 67.97098090306064 -23.66914886894441
3465 550 432.02901909694 -23.66914886895637
3466 550 215.1535637236348 57.95744421580705
3467 550 118.5049629867962 110.9860235020844
3468 550 286.8364647935555 205.2928691565588
3469 550 15.13830737045146 63.81148351068356
3470 550 484.1671715909122 64.82306596682275
3471 550 143.3326630467397 -28.78826761592079
3472 550 94.67880740545647 -2.157573120810963
3473 550 405.167925548056 -1.460568665983395
3474 550 155.2449466770319 168.7307761237016
3475 550 221.2330080932487 78.4533659882138
3476 550 181.3479771760367 63.4954461337278
3477 550 391.224432423757 103.1886735209481
3478 550 397.4478665167776 87.15411626339846
3479 550 350.402603851245 118.7349795161775
3480 550 14.11644600751679 -52.03827148728931
3481 550 485.88355399248 -52.03827148729151
3482 550 16.13883318888438 204.8263564713075
3483 550 485.1999534985238 203.8376173421872
3484 550 104.7404026220265 148.5872522197582
3485 550 246.396088631086 182.504473117483
3486 550 247.7383181140102 4.378809799393361
3487 550 318.3453328060634 -52.51846190869216
3488 550 274.614859525681 -3.044388157548348
3489 550 44.61254457326957 130.9869865085227
3490 550 44.51500706439124 17.61981699361205
3491 550 454.6076087668384 17.54473729247244
3492 550 37.49999999998307 207.6039781268129
3493 550 301.4015586328916 176.4970811143509
3494 550 95.12275154578813 184.355950545145
3495 550 452.0431808072556 155.695645841283
3496 550 12.77927022743314 -33.07600000012952
3497 550 487.2207297725686 -33.07600000012951
3498 550 12.77927022741452 184.4240000001777
3499 550 487.2207297725873 184.4240000001777
3500 550 338.2106921125473 92.77859159491571
3501 550 46.00638934765961 75.90241899373686
3502 550 121.7477149498727 154.5444664424324
3503 550 273.7954623847045 174.4792590855717
3504 550 252.1464856229023 22.04368454103775
3505 550 85.3944841056467 117.7602356474199
3506 550 402.5080701007711 54.11943733204718
3507 550 179.3241333004365 180.4481539748528
3508 548.2244577135691 13.74047796049593 -75.01443522576372
3509 548.224311685017 486.2596030031306 -75.01464635108307
3510 280.4196209011959 250.6071721304295 -79.32599999999999
3511 160.7244096351564 340.7204916275991 -79.32599999999999
3512 156.5724448792878 156.4281524930883 -79.32599999999999
3513 389.4574955933217 148.9381510533597 -79.32599999999999
3514 394.2906205909653 351.3660612839264 -79.32599999999999
3515 272.8917301742745 121.4346021321915 -79.32599999999999
3516 276.9105103771074 377.3189958836218 -79.32599999999999
3517 431.1645019757689 249.9999999999994 -79.32599999999999
3518 111.0703609376679 251.2700578543103 -79.32599999999999
3519 91.47644065542141 408.3851144639526 -79.32599999999999
3520 91.4764406554214 91.61488553604725 -79.32599999999999
3521 194.2597295762722 262.9832549783683 -79.32599999999999
3522 454.6249493780988 82.83957824491144 -79.32599999999999
3523 454.6249493780966 417.1604217550906 -79.32599999999999
3524 198.1230323557508 83.7225343403047 -79.32599999999999
3525 198.1230323557517 416.2774656596949 -79.32599999999999
3526 345.3010442750343 82.38199555341325 -79.32599999999999
3527 344.0624873760828 418.6951473671596 -79.32599999999999
3528 229.8548674772642 189.1998107059889 -79.32599999999999
3529 356.7186146248547 220.8537409478753 -79.32599999999999
3530 79.41746541735047 324.7488284964475 -79.32599999999999
3531 79.69213784818047 176.9580546540228 -79.32599999999999
3532 321.1212378103361 317.459598198667 -79.32599999999999
3533 462.0250306587035 175.543963995322 -79.32599999999999
3534 462.5810290739313 320.8779925622751 -79.32599999999999
3535 247.1983548359445 311.9590590345987 -79.32599999999999
3536 297.0892136404005 182.2505196916636 -79.32599999999999
3537 378.5323826943114 287.1701304737406 -79.32599999999999
3538 260.8245219413382 63.97153945240866 -79.32599999999999
3539 260.7133800917186 435.9229362088731 -79.32599999999999
3540 142.1564468197797 438.1321296983739 -79.32599999999999
3541 142.1564468197792 61.8678703016255 -79.32599999999999
3542 153.9895200316326 216.0150040801113 -79.32599999999999
3543 400.1006906359846 61.09237061640857 -79.32599999999999
3544 400.1006906359812 438.9076293835935 -79.32599999999999
3545 211.3390246756391 366.48477464373 -79.32599999999999
3546 334.5731101502568 138.5101540996891 -79.32599999999999
3547 481.3133979365759 231.8329989584587 -79.32599999999999
3548 220.1826918981452 134.8836600160401 -79.32599999999999
3549 55.85327807415944 225.8982302942252 -79.32599999999999
3550 145.8957040072509 290.4165705925571 -79.32599999999999
3551 407.481625406492 200.8425929957255 -79.32599999999999
3552 485.9623675810848 130.1348147301318 -79.32599999999999
3553 483.7096952090843 369.5138703245328 -79.32599999999999
3554 55.05168152981163 447.5892966998578 -79.32599999999999
3555 55.05168152981157 52.41070330014197 -79.32599999999999
3556 55.52452771706223 371.7633570309239 -79.32599999999999
3557 57.88053122711452 127.5543751679376 -79.32599999999999
3558 50.77663634191418 273.3584265717565 -79.32599999999999
3559 324.5418470128656 369.7455742428999 -79.32599999999999
3560 334.5065210802061 262.0980287387395 -79.32599999999999
3561 493.8939199079509 46.64239132646458 -79.32599999999999
3562 493.893919907954 453.3576086735382 -79.32599999999999
3563 308.079786961659 48.86594693317647 -79.32599999999999
3564 308.0797869616592 451.1340530668234 -79.32599999999999
3565 136.1282685806373 107.5269545464282 -79.32599999999999
3566 135.8757989710543 393.8705948722074 -79.32599999999999
3567 199.4478349166762 320.5776875183394 -79.32599999999999
3568 490.9238921877626 281.8162898385776 -79.32599999999999
3569 235.4988441596852 235.11954015779 -79.32599999999999
3570 436.874213612322 131.8629360067753 -79.32599999999999
3571 437.3204669800308 367.1014424408102 -79.32599999999999
3572 381.9829439237396 101.6652468598662 -79.32599999999999
3573 384.2674712315082 397.6769451001007 -79.32599999999999
3574 97.26462483078109 455.9987961521089 -79.32599999999999
3575 97.26462483078066 44.00120384789094 -79.32599999999999
3576 417.2663405521207 314.5517671089391 -79.32599999999999
3577 101.080725254528 135.6871610398577 -79.32599999999999
3578 106.1451015481861 363.5380442502818 -79.32599999999999
3579 126.4724595820109 187.3947120388904 -79.32599999999999
3580 442.0378608842483 41.59973401185777 -79.32599999999999
3581 442.0378608842443 458.4002659881434 -79.32599999999999
3582 356.9484037579948 176.6422392711546 -79.32599999999999
3583 217.9184547363619 43.7679928938467 -79.32599999999999
3584 217.8890567576314 456.1987583974625 -79.32599999999999
3585 285.5743806228067 292.1454955808677 -79.32599999999999
3586 282.8838707127052 336.409438617922 -79.32599999999999
3587 362.2812405467624 41.75906673962862 -79.32599999999999
3588 362.2812405467598 458.2409332603723 -79.32599999999999
3589 188.2407771543722 183.5477652803052 -79.32599999999999
3590 308.0205757452529 94.19214324094142 -79.32599999999999
3591 305.7379799564275 404.8370374613987 -79.32599999999999
3592 259.9375421949188 165.7961935293087 -79.32599999999999
3593 237.7342069553283 401.8363807941911 -79.32599999999999
3594 315.6994707665999 222.6432935828596 -79.32599999999999
3595 179.5212473063524 121.3174835043639 -79.32599999999999
3596 389.3195584490754 247.2324637627957 -79.32599999999999
3597 237.4591859591731 97.4408033090515 -79.32599999999999
3598 267.6636705831868 211.0325219564665 -79.32599999999999
3599 120.7718319167865 321.3987542639949 -79.32599999999999
3600 40.06611792719467 185.3763863630898 -79.32599999999999
3601 499.5403890679694 90.96542661157797 -79.32599999999999
3602 499.5403890679896 409.0345733884172 -79.32599999999999
3603 175.9445610101162 377.4158067501271 -79.32599999999999
3604 364.0437731566514 323.0017689958327 -79.32599999999999
3605 177.2597425599497 39.69036766539379 -79.32599999999999
3606 177.2597425599499 460.309632334606 -79.32599999999999
3607 37.90066276292708 334.6339430396932 -79.32599999999999
3608 500.9027513892903 194.4304281485961 -79.32599999999999
3609 98.33966265130175 289.3512198406301 -79.32599999999999
3610 41.69106678325839 406.3418474543711 -79.32599999999999
3611 42.12494911504395 94.03381004925855 -79.32599999999999
3612 503.2991293784912 329.3324553095684 -79.32599999999999
3613 94.02975405300533 212.5061566152258 -79.32599999999999
3614 198.6237086880715 224.0771185306944 -79.32599999999999
3615 251.5531655990545 276.4721296660962 -79.32599999999999
3616 449.45357926267 284.3469554333523 -79.32599999999999
3617 444.2647235953331 213.4049943993251 -79.32599999999999
3618 156.2936433935407 253.3253849961034 -79.32599999999999
3619 428.5815955151343 171.0815528021384 -79.32599999999999
3620 248.4797860632349 351.0338278305786 -79.32599999999999
3621 298.4369893535679 146.6613859988235 -79.32599999999999
3622 360.6498276490495 370.4323681896736 -79.32599999999999
3623 420.7489595150985 101.4087991511708 -79.32599999999999
3624 420.7489595150947 398.5912008488382 -79.32599999999999
3625 505.4313332495136 161.3551627434674 -79.32599999999999
3626 219.5744452934277 287.3075719601135 -79.32599999999999
3627 412.0743142725361 278.8728357298777 -79.32599999999999
3628 163.9839100920662 413.4226929359307 -79.32599999999999
3629 164.3873675764605 85.84497642088733 -79.32599999999999
3630 277.4455957687315 32.10558911972674 -79.32599999999999
3631 277.4455957687317 467.8944108802729 -79.32599999999999
3632 191.8596152632806 156.9723798829984 -79.32599999999999
3633 33.91614202594528 252.6454252537915 -79.32599999999999
3634 32.84879782014578 155.0513680424767 -79.32599999999999
3635 345.3809394746463 295.6697178402117 -79.32599999999999
3636 72.07612614303426 255.4505113330972 -79.32599999999999
3637 354.4958083587666 111.5938965427917 -79.32599999999999
3638 326.499671088047 200.6178786291119 -79.32599999999999
3639 128.1665898322553 220.452534850204 -79.32599999999999
3640 126.2577979673659 466.1644377765177 -79.32599999999999
3641 126.2577979673652 33.83556222348199 -79.32599999999999
3642 507.3367874144204 256.1160606267727 -79.32599999999999
3643 331.6492705768072 29.43511999548863 -79.32599999999999
3644 331.6492705768049 470.564880004513 -79.32599999999999
3645 271.3477765363402 90.34708100972462 -79.32599999999999
3646 271.3201606377694 414.1362819929916 -79.32599999999999
3647 32.1338268459323 470.5974401639681 -79.32599999999999
3648 32.13382684593222 29.40255983603184 -79.32599999999999
3649 415.1782418216924 30.18918709347897 -79.32599999999999
3650 415.1782418216892 469.8108129065223 -79.32599999999999
3651 34.64727659685312 298.3754505924326 -79.32599999999999
3652 121.1329022758284 83.65281328302309 -79.32599999999999
3653 121.0968351887454 416.5468366339247 -79.32599999999999
3654 244.4997253972175 30.7907299617242 -79.32599999999999
3655 244.4829586043799 469.2014968042455 -79.32599999999999
3656 464.1268343939298 251.9830174944382 -79.32599999999999
3657 124.2124616241913 154.3235614221794 -79.32599999999999
3658 175.0628242625804 287.7619662074433 -79.32599999999999
3659 219.7883224216414 330.4861941839775 -79.32599999999999
3660 354.8900568133833 249.6321765375279 -79.32599999999999
3661 186.6618816234144 342.1037893690026 -79.32599999999999
3662 129.1347945858621 359.4498449005267 -79.32599999999999
3663 373.9155329705612 74.95627424220203 -79.32599999999999
3664 373.9155329705614 425.0437257577964 -79.32599999999999
3665 436.5043430558545 336.6414181295694 -79.32599999999999
3666 73.08767175992665 469.4535337155307 -79.32599999999999
3667 73.08767175992631 30.54646628446904 -79.32599999999999
3668 375.726741971691 194.3971103002751 -79.32599999999999
3669 151.3730099436345 185.1102928379463 -79.32599999999999
3670 509.3800109127802 302.2554599888584 -79.32599999999999
3671 420.3919385527568 69.48188738454293 -79.32599999999999
3672 420.3919385527533 430.5181126154603 -79.32599999999999
3673 337.8210501748334 341.8431095081918 -79.32599999999999
3674 313.6262697470575 123.7460951402714 -79.32599999999999
3675 467.8925842313923 30.61927127918919 -79.32599999999999
3676 467.8925842313902 469.3807287208106 -79.32599999999999
3677 510.3339508618611 29.57707964965635 -79.32599999999999
3678 510.333950861857 470.4229203503446 -79.32599999999999
3679 469.7182798330077 150.6733239980229 -79.32599999999999
3680 324.1666642228054 166.4841360096395 -79.32599999999999
3681 211.3021580906698 393.4082133908837 -79.32599999999999
3682 462.8733375030001 350.8119686997198 -79.32599999999999
3683 160.2022743655955 311.7821000155679 -79.32599999999999
3684 24.37395302203698 215.5422430780341 -79.32599999999999
3685 231.4079563124094 160.870339398051 -79.32599999999999
3686 232.4791571397898 430.2959723058708 -79.32599999999999
3687 460.7144745094217 115.2024843808579 -79.32599999999999
3688 460.7144745094124 384.7975156191468 -79.32599999999999
3689 363.4805608969305 149.2701234021624 -79.32599999999999
3690 296.2580673796687 361.4444379768773 -79.32599999999999
3691 310.4367621733247 293.275844607975 -79.32599999999999
3692 232.5393573070005 69.4261410588434 -79.32599999999999
3693 390.1413634123546 323.2002401104824 -79.32599999999999
3694 512.4657598180697 113.1125911595809 -79.32599999999999
3695 511.7242793050917 386.4144929261266 -79.32599999999999
3696 511.2682187092959 220.8076426210639 -79.32599999999999
3697 247.8419139314655 135.3083535279433 -79.32599999999999
3698 19.49928549510234 62.85961277318766 -79.32599999999999
3699 19.49928549510235 437.1403872268122 -79.32599999999999
3700 133.434058474175 262.0835620520202 -79.32599999999999
3701 411.5977419662743 229.7524555306541 -79.32599999999999
3702 65.03172684181315 76.92326370117556 -79.32599999999999
3703 64.79616401608467 424.2025470576148 -79.32599999999999
3704 381.0173229258842 25.48170428266536 -79.32599999999999
3705 381.017322925882 474.5182957173351 -79.32599999999999
3706 28.49175089932192 361.746010107057 -79.32599999999999
3707 83.1975069791191 380.5214458469515 -79.32599999999999
3708 82.74611151518485 119.2357104012153 -79.32599999999999
3709 75.00029431651376 352.8803092950442 -79.32599999999999
3710 75.48516595477545 148.0214744916306 -79.32599999999999
3711 25.06856371225735 115.1413963042352 -79.32599999999999
3712 408.9686061646946 128.6884161592349 -79.32599999999999
3713 405.5688260707987 370.4493820972456 -79.32599999999999
3714 515.523479101169 66.79404965910183 -79.32599999999999
3715 515.5234791011795 433.205950340869 -79.32599999999999
3716 469.3535750887173 205.9504239435274 -79.32599999999999
3717 205.3228122120092 110.6844556798407 -79.32599999999999
3718 395.7787209254899 173.5312654774348 -79.32599999999999
3719 64.34641572259675 198.7611070461572 -79.32599999999999
3720 467.6811165974912 59.44683880649668 -79.32599999999999
3721 467.6811165974926 440.5531611935034 -79.32599999999999
3722 284.833612665089 65.84941902647053 -79.32599999999999
3723 284.8336126650893 434.1505809735294 -79.32599999999999
3724 332.7104297670396 443.1137258635384 -79.32599999999999
3725 332.7104297670377 56.88627413646276 -79.32599999999999
3726 344.1148708057097 387.9738946503753 -79.32599999999999
3727 61.08483340639272 303.9638850237875 -79.32599999999999
3728 309.534089019081 250.0392147629113 -79.32599999999999
3729 235.3106049983701 374.7860387271038 -79.32599999999999
3730 109.9980571745007 111.1247940377222 -79.32599999999999
3731 110.4291092307647 390.0695926846541 -79.32599999999999
3732 154.3794875354955 25.86145578781529 -79.32599999999999
3733 154.3794875354959 474.1385442121847 -79.32599999999999
3734 221.4338633914205 259.2190101221265 -79.32599999999999
3735 21.94197530120056 390.522589351652 -79.32599999999999
3736 209.6637853970207 172.7817375209758 -79.32599999999999
3737 513.2373013693951 356.7541344537973 -79.32599999999999
3738 334.6399095235413 237.7718811734602 -79.32599999999999
3739 153.2501383998936 130.1264900938049 -79.32599999999999
3740 179.0338221681361 434.1914275889777 -79.32599999999999
3741 179.0338221681358 65.80857241102191 -79.32599999999999
3742 221.7687613373643 215.4593781847882 -79.32599999999999
3743 254.3831803548785 189.5022011548484 -79.32599999999999
3744 25.84105248343464 275.8609120646515 -79.32599999999999
3745 300.1554404715228 24.68495495296583 -79.32599999999999
3746 300.1554404715226 475.3150450470342 -79.32599999999999
3747 484.794486686226 311.6956175967812 -79.32599999999999
3748 199.6092814994712 474.7417494891008 -79.32599999999999
3749 199.6103747187668 25.25701409494544 -79.32599999999999
3750 172.8873005368196 235.5830996156284 -79.32599999999999
3751 289.1344828585953 228.1960437557957 -79.32599999999999
3752 261.1058064177563 232.3045149197111 -79.32599999999999
3753 330.392872818214 103.2260740723587 -79.32599999999999
3754 379.1472534043992 125.8693319643839 -79.32599999999999
3755 311.8940366878765 341.2448569714243 -79.32599999999999
3756 100.281942773485 336.3824586611045 -79.32599999999999
3757 149.5656869074285 367.7698646830806 -79.32599999999999
3758 99.24431742750699 162.3654640329965 -79.32599999999999
3759 56.24736633366531 168.0455458750106 -79.32599999999999
3760 441.8569187574857 307.0613156549088 -79.32599999999999
3761 385.3841371078434 221.4027090116399 -79.32599999999999
3762 404.8988501456226 86.61017816427334 -79.32599999999999
3763 405.2252111895881 413.2958492585832 -79.32599999999999
3764 297.2077521848173 315.7153471767209 -79.32599999999999
3765 272.1833601068483 313.3272146361735 -79.32599999999999
3766 120.4571766106759 296.3377080084599 -79.32599999999999
3767 295.5542438944115 271.3203913479605 -79.32599999999999
3768 411.7475233223918 336.7697195502464 -79.32599999999999
3769 517.8505842606927 279.5901972888435 -79.32599999999999
3770 86.59834676770657 432.892100153519 -79.32599999999999
3771 86.64545933285217 67.33306199823895 -79.32599999999999
3772 430.7163577156053 192.9428040913869 -79.32599999999999
3773 127.6893080789542 130.5124474791043 -79.32599999999999
3774 304.034059468201 383.8527178756719 -79.32599999999999
3775 477.4886450829254 84.82466703909348 -79.32599999999999
3776 477.4886450829293 415.1753329609074 -79.32599999999999
3777 483.9845505671802 165.4456372828881 -79.32599999999999
3778 179.2929227795506 209.5846905574168 -79.32599999999999
3779 75.7954829123816 281.350833117689 -79.32599999999999
3780 109.4324084533915 480.5701177476021 -79.32599999999999
3781 109.432408453391 19.42988225239772 -79.32599999999999
3782 367.562386618194 347.9020091966002 -79.32599999999999
3783 121.5197368190116 57.20839432114918 -79.32599999999999
3784 121.5154431181689 442.8153735261064 -79.32599999999999
3785 101.6530814558197 187.3819368446708 -79.32599999999999
3786 354.7072138266353 278.0507301517835 -79.32599999999999
3787 64.0229481995718 103.6882869693947 -79.32599999999999
3788 63.39591267908659 396.4603317337129 -79.32599999999999
3789 362.4083974463344 403.0172202631595 -79.32599999999999
3790 383.8896024085382 373.5092722056658 -79.32599999999999
3791 135.824457108904 239.4370958451174 -79.32599999999999
3792 457.8629015618094 229.6582936620152 -79.32599999999999
3793 312.592853066853 424.9636522256939 -79.32599999999999
3794 307.8422867154054 72.33930804894419 -79.32599999999999
3795 99.97484971205023 311.7036623993051 -79.32599999999999
3796 434.2239798577679 19.76883875912631 -79.32599999999999
3797 434.223979857765 480.2311612408743 -79.32599999999999
3798 204.5741371389405 199.1084167966949 -79.32599999999999
3799 514.2619425172778 141.2980849696603 -79.32599999999999
3800 354.9898437931676 23.23527201961901 -79.32599999999999
3801 354.9898437931661 476.764727980382 -79.32599999999999
3802 483.2298948944812 106.2172012594134 -79.32599999999999
3803 483.1297599660331 394.0087492584243 -79.32599999999999
3804 88.490818391068 237.3610741893592 -79.32599999999999
3805 399.3273561370295 298.2546295131154 -79.32599999999999
3806 204.3106067729277 63.33186197134662 -79.32599999999999
3807 204.3042212267648 436.5704507458384 -79.32599999999999
3808 245.0128440847098 210.9053186694853 -79.32599999999999
3809 485.2024401057638 257.6294604688879 -79.32599999999999
3810 285.5214212036927 165.9374301378569 -79.32599999999999
3811 275.8928602824 144.1177883887058 -79.32599999999999
3812 224.8180528198929 478.2018546137821 -79.32599999999999
3813 224.8205131484463 21.79594534671991 -79.32599999999999
3814 262.6100858240657 292.7379981690472 -79.32599999999999
3815 416.2925218596667 155.7065557782363 -79.32599999999999
3816 270.6835658009356 355.9346653710698 -79.32599999999999
3817 325.3506640832263 405.9604397188063 -79.32599999999999
3818 135.8421305682511 203.3994950042257 -79.32599999999999
3819 517.9309851619122 180.2442786887158 -79.32599999999999
3820 272.044605957044 271.7028155461458 -79.32599999999999
3821 348.215527340207 197.6648301223166 -79.32599999999999
3822 50.821016386128 475.1170020810872 -79.32599999999999
3823 50.82101638612783 24.88299791891274 -79.32599999999999
3824 488.951610870732 21.54836971299219 -79.32599999999999
3825 488.9516108707292 478.4516302870088 -79.32599999999999
3826 277.883631950448 189.5631333468502 -79.32599999999999
3827 392.2117444968217 270.1730464272425 -79.32599999999999
3828 409.730355348009 256.3527180446367 -79.32599999999999
3829 299.2473716373381 203.5120674212536 -79.32599999999999
3830 140.7685447173123 327.5001203769563 -79.32599999999999
3831 182.1130081636391 98.49695641471061 -79.32599999999999
3832 18.96401411594117 136.4146180591798 -79.32599999999999
3833 160.6462282824106 107.2768805122488 -79.32599999999999
3834 260.1458615752777 333.6717455511041 -79.32599999999999
3835 252.2042545668673 111.3862062216307 -79.32599999999999
3836 521.5527230244439 87.49999999992792 -79.32599999999999
3837 521.5527230244744 412.4999999999677 -79.32599999999999
3838 223.343243867878 309.5178946916026 -79.32599999999999
3839 336.35463866865 215.9103248911246 -79.32599999999999
3840 290.6648212829752 107.0723509001063 -79.32599999999999
3841 174.1653809235183 168.6589768182632 -79.32599999999999
3842 431.1919228834356 271.7674061800914 -79.32599999999999
3843 481.1280621614446 332.7010051785634 -79.32599999999999
3844 19.6357066195825 172.8067058435977 -79.32599999999999
3845 212.2266653940088 239.8596886098631 -79.32599999999999
3846 191.2726600039261 360.9565776306076 -79.32599999999999
3847 17.56042606292898 337.6404581385213 -79.32599999999999
3848 341.7993650845736 156.5342870107238 -79.32599999999999
3849 375.4082012037758 165.1741976091987 -79.32599999999999
3850 356.0649756855717 58.76765382601332 -79.32599999999999
3851 355.8585495357453 441.4118699940826 -79.32599999999999
3852 379.0085596644058 53.88657118444187 -79.32599999999999
3853 379.0085596644012 446.1134288155578 -79.32599999999999
3854 82.92245881989535 302.2236857755718 -79.32599999999999
3855 114.1201531749779 274.1402227599101 -79.32599999999999
3856 197.9177882952209 291.2991357756578 -79.32599999999999
3857 196.7036103410604 136.3359234991377 -79.32599999999999
3858 144.0331124256713 417.2383187695045 -79.32599999999999
3859 144.1153485735006 82.76218086066409 -79.32599999999999
3860 251.5727150170599 417.2511676221296 -79.32599999999999
3861 257.5803929873281 393.6264870822569 -79.32599999999999
3862 19.84179164490461 86.94797496533657 -79.32599999999999
3863 21.22840620053218 414.5885762611874 -79.32599999999999
3864 57.52050514747886 330.557652023887 -79.32599999999999
3865 18.82590750575006 239.3219567627795 -79.32599999999999
3866 182.2948493292494 401.832986215852 -79.32599999999999
3867 159.0210833947449 393.5986498771303 -79.32599999999999
3868 284.5544079983093 397.5041116483746 -79.32599999999999
3869 240.0297293802372 291.6293465522493 -79.32599999999999
3870 363.9238323820254 92.64935329956829 -79.32599999999999
3871 251.3823108177985 82.76963188110919 -79.32599999999999
3872 174.117937299289 143.3199255908587 -79.32599999999999
3873 442.777419288358 105.2814753979021 -79.32599999999999
3874 442.8411697694543 394.5705786660433 -79.32599999999999
3875 218.3660102575717 412.7941256299029 -79.32599999999999
3876 421.2017838627688 50.68614900041311 -79.32599999999999
3877 421.2017838627651 449.3138509995894 -79.32599999999999
3878 443.8550997506856 155.5853684749879 -79.32599999999999
3879 231.5123882714649 117.7142804483622 -79.32599999999999
3880 218.211230479721 90.38667946795816 -79.32599999999999
3881 467.1405651867925 273.6270585561089 -79.32599999999999
3882 523.8610166817791 335.7044641800633 -79.32599999999999
3883 240.651831712262 449.1875456445572 -79.32599999999999
3884 363.8874573272079 302.9220276776716 -79.32599999999999
3885 173.9654906285007 265.4761416105862 -79.32599999999999
3886 113.7347814036654 205.4039689847994 -79.32599999999999
3887 137.2674850163536 167.2777070157093 -79.32599999999999
3888 342.4765202829253 315.2925881414905 -79.32599999999999
3889 240.5105295793427 50.78650747096138 -79.32599999999999
3890 74.81610080954889 52.6576611917414 -79.32599999999999
3891 74.78725638190878 447.4801931868858 -79.32599999999999
3892 179.3309694769896 480.8118017348529 -79.32599999999999
3893 179.3309694769895 19.18819826514694 -79.32599999999999
3894 371.6356442563008 237.2618448382707 -79.32599999999999
3895 250.256072766314 255.8717679443075 -79.32599999999999
3896 21.4255901033365 193.5812863585192 -79.32599999999999
3897 53.54370457685532 246.0201472463934 -79.32599999999999
3898 520.8315497358431 241.7158552727551 -79.32599999999999
3899 159.9034050682577 51.74172492511355 -79.32599999999999
3900 159.9034050682581 448.2582750748859 -79.32599999999999
3901 263.3477225698273 20.0253258268209 -79.32599999999999
3902 263.3449281043546 479.9733786341738 -79.32599999999999
3903 466.1250785258113 296.5708716070006 -79.32599999999999
3904 520.7070287576214 202.9282124682962 -79.32599999999999
3905 172.580014168268 357.601924031413 -79.32599999999999
3906 425.5515463885497 213.4414454026531 -79.32599999999999
3907 425.2664976538578 294.4154463575013 -79.32599999999999
3908 121.7366431352439 342.513024524015 -79.32599999999999
3909 418.5282877739046 357.239903232774 -79.32599999999999
3910 482.9211360741837 185.8078485043666 -79.32599999999999
3911 50.88754816866076 350.3162542993211 -79.32599999999999
3912 39.81118398250627 430.2999770878467 -79.32599999999999
3913 40.99064257067148 70.56836148566622 -79.32599999999999
3914 179.1338165672834 324.0239691175801 -79.32599999999999
3915 491.2052507216959 212.4656500108621 -79.32599999999999
3916 257.7929720453952 370.5400029789262 -79.32599999999999
3917 520.0796453942397 47.17832445216741 -79.32599999999999
3918 520.0796453942485 452.8216755478426 -79.32599999999999
3919 452.3693569992269 16.93642712302059 -79.32599999999999
3920 452.3693569992242 483.0635728769781 -79.32599999999999
3921 43.73863182857274 208.2804213974557 -79.32599999999999
3922 192.7823233290123 243.1197238223338 -79.32599999999999
3923 92.27926340829912 264.1973131530969 -79.32599999999999
3924 343.8429818625686 362.25139018776 -79.32599999999999
3925 490.4378266138951 349.274591249352 -79.32599999999999
3926 493.5976763135789 70.27220522363361 -79.32599999999999
3927 493.5976763135907 429.7277947763643 -79.32599999999999
3928 436.3757407134883 229.8784584548343 -79.32599999999999
3929 89.3247297412029 481.9578474744437 -79.32599999999999
3930 89.32472974120245 18.04215252555605 -79.32599999999999
3931 74.98012650531633 217.6847722114556 -79.32599999999999
3932 226.7861273221221 349.6513728158218 -79.32599999999999
3933 21.50160088164925 314.7332632496733 -79.32599999999999
3934 209.9635318423832 152.3688080634406 -79.32599999999999
3935 450.3814867387528 194.6385835511997 -79.32599999999999
3936 290.302534168055 128.6064445120197 -79.32599999999999
3937 414.8528714740967 179.7570687990578 -79.32599999999999
3938 51.6669702523305 147.4260993636069 -79.32599999999999
3939 141.0320476481588 145.1832528803392 -79.32599999999999
3940 524.9118671592298 262.406870499787 -79.32599999999999
3941 282.2727272739406 485.2490789153007 -79.32599999999999
3942 282.2727272739406 14.75092108469902 -79.32599999999999
3943 104.827992617688 428.0380337165546 -79.32599999999999
3944 104.8325466239911 71.98532008998264 -79.32599999999999
3945 138.1008665100111 308.4110130449724 -79.32599999999999
3946 403.3091178959177 109.2953119897656 -79.32599999999999
3947 403.5513481152456 390.2884516045725 -79.32599999999999
3948 155.3906118940637 272.9106615950889 -79.32599999999999
3949 373.4726961090421 262.7516055563763 -79.32599999999999
3950 206.1814556441042 342.9509389654849 -79.32599999999999
3951 352.2010683676655 132.1659714445967 -79.32599999999999
3952 16.20703697117677 259.4510053902174 -79.32599999999999
3953 109.4074565891622 229.2741942956681 -79.32599999999999
3954 318.297655919819 148.0618310240757 -79.32599999999999
3955 337.2079175609717 178.4626668562328 -79.32599999999999
3956 18.06996288522525 481.6892352048177 -79.32599999999999
3957 18.0699628852253 18.31076479518225 -79.32599999999999
3958 134.2227037674022 14.70806894965505 -79.32599999999999
3959 134.2227037674022 485.2919310503448 -79.32599999999999
3960 17.71726251608467 38.93928826285995 -79.32599999999999
3961 17.71726251608471 461.0607117371399 -79.32599999999999
3962 443.4322712911576 177.4318018674701 -79.32599999999999
3963 400.6143173767013 17.0126043056717 -79.32599999999999
3964 400.6143173766977 482.9873956943275 -79.32599999999999
3965 523.5248521857407 161.5795052803059 -79.32599999999999
3966 439.9634028001108 65.40425739236319 -79.32599999999999
3967 439.9634028001086 434.5957426076392 -79.32599999999999
3968 261.4469035293259 41.67890787306281 -79.32599999999999
3969 261.4478048069612 458.3091414469851 -79.32599999999999
3970 38.37526950555329 231.2847373387799 -79.32599999999999
3971 155.0836959215207 235.7047825379859 -79.32599999999999
3972 42.20904667598595 385.3668271355434 -79.32599999999999
3973 306.0307178518199 165.3253301103074 -79.32599999999999
3974 325.1908311872629 82.74558388893607 -79.32599999999999
3975 140.8425161018137 453.9017520576137 -79.32599999999999
3976 140.8433748419818 46.1030015118371 -79.32599999999999
3977 398.1925723447866 40.56369864099376 -79.32599999999999
3978 398.1925723447837 459.4363013590078 -79.32599999999999
3979 523.1539231850099 318.1662631074989 -79.32599999999999
3980 285.8639009645744 47.11072950874571 -79.32599999999999
3981 285.8572051086476 452.8821352252998 -79.32599999999999
3982 337.3151255744108 120.6919059311646 -79.32599999999999
3983 367.066033908228 386.521940081795 -79.32599999999999
3984 195.5079343647748 46.45860015591882 -79.32599999999999
3985 195.5026662584621 453.5225180715868 -79.32599999999999
3986 430.5675866133409 85.17102928919395 -79.32599999999999
3987 430.6326052008493 414.7886509586092 -79.32599999999999
3988 491.8716947496129 149.7814047448341 -79.32599999999999
3989 232.566904704521 274.6055815838362 -79.32599999999999
3990 522.3955445971976 14.43882031876218 -79.32599999999999
3991 522.3955445971983 485.5611796812339 -79.32599999999999
3992 239.4462319319978 333.3662678162821 -79.32599999999999
3993 170.0464396046518 193.7210980270038 -79.32599999999999
3994 125.310350397236 376.6021921388369 -79.32599999999999
3995 323.0144218966121 387.8961522476887 -79.32599999999999
3996 315.6499399768859 271.8918742722041 -79.32599999999999
3997 424.1041285988475 117.0614528989417 -79.32599999999999
3998 421.4265097040881 379.7068264817139 -79.32599999999999
3999 16.48858202863922 291.9972025365884 -79.32599999999999
4000 498.2341512884161 177.4566710736068 -79.32599999999999
4001 380.2246006042228 306.5725000517302 -79.32599999999999
4002 331.5820354276256 283.7678851580042 -79.32599999999999
4003 461.1544935503819 368.0561992710524 -79.32599999999999
4004 38.55113449510705 132.3925889830284 -79.32599999999999
4005 243.8958865848677 176.3421361970492 -79.32599999999999
4006 36.14616196957006 486.2415361610168 -79.32599999999999
4007 36.14616196956952 13.75846383898334 -79.32599999999999
4008 458.2765451638081 135.4928967292779 -79.32599999999999
4009 447.8130287931943 243.0135617343589 -79.32599999999999
4010 83.09617287117466 197.5600317220787 -79.32599999999999
4011 45.21042755048869 113.6831945801406 -79.32599999999999
4012 181.4566408987754 306.8189912769885 -79.32599999999999
4013 500.9658260514739 236.1719506692446 -79.32599999999999
4014 140.3860157962006 347.5906692224355 -79.32599999999999
4015 42.92619946224195 316.176538687197 -79.32599999999999
4016 465.7573894437107 98.5702250669942 -79.32599999999999
4017 465.7547375160572 401.4354603981527 -79.32599999999999
4018 316.0387230776967 182.6944210269208 -79.32599999999999
4019 36.1970136943245 46.95407437993232 -79.32599999999999
4020 36.05660195763826 453.1492992597715 -79.32599999999999
4021 157.9192780412267 69.60506498386248 -79.32599999999999
4022 157.8221393147823 430.2485688135345 -79.32599999999999
4023 346.2916934498007 42.22212413101074 -79.32599999999999
4024 346.2622039998242 457.8035221290045 -79.32599999999999
4025 330.1994990337716 301.0931267892697 -79.32599999999999
4026 210.4075561395782 273.6738466008494 -79.32599999999999
4027 69.40998881902601 236.3400696171893 -79.32599999999999
4028 117.2421259918582 171.2625825520654 -79.32599999999999
4029 194.7053929795489 380.2599061609685 -79.32599999999999
4030 503.9357594065538 13.23758247525165 -79.32599999999999
4031 503.9357594065499 486.7624175247508 -79.32599999999999
4032 448.4817387492985 262.4563332330582 -79.32599999999999
4033 292.5418145890125 85.9600604452374 -79.32599999999999
4034 291.8078028648897 415.1183328603977 -79.32599999999999
4035 130.6385525516852 281.1328192005233 -79.32599999999999
4036 13.47344485435336 505.7410881101146 228.861790136044
4037 526.5265545281227 505.7410883989054 228.8617899335506
4038 547.7742384313127 504.4475395933341 225.1215395871005
4039 548.2227114571564 505.6909591715584 -56.03988686797791
4040 548.2236452867326 505.6896096700914 207.3873914243647
4041 13.47344542917927 508.1877902967279 -75.06708788095143
4042 526.5265545059481 505.7410880839949 -77.51379015435845
4043 145.0175364758696 509.9999999999999 75.67399999999097
4044 394.1840759085053 509.9999999999999 76.0396710287614
4045 270.0505067687196 509.9999999999999 93.28998987815298
4046 322.9055722019551 509.9999999999999 26.44914682629182
4047 215.3219526074059 509.9999999999999 20.38297279401203
4048 82.51343504780291 509.9999999999999 135.9282176216348
4049 456.4417355849391 509.9999999999999 14.14297108909997
4050 457.4865649522272 509.9999999999999 135.9282176216282
4051 83.55826441500716 509.9999999999999 14.14297108909625
4052 199.6150817118371 509.9999999999999 137.9315170726316
4053 341.4922011191595 509.9999999999999 138.7309670427739
4054 386.2430557446638 509.9999999999999 -0.735101134494782
4055 153.7569442553094 509.9999999999999 -0.7351011343482281
4056 475.9875005213122 509.9999999999999 74.80067756823038
4057 64.01249947868536 509.9999999999999 74.8006775682514
4058 272.5675473923673 509.9999999999999 154.7788679522709
4059 138.7892898839998 509.9999999999999 156.00622337345
4060 401.5775067637409 509.9999999999999 158.6694831429152
4061 269.7687442863625 509.9999999999999 -3.085860640313577
4062 204.1857315806491 509.9999999999999 78.85445096347935
4063 338.0605661968999 509.9999999999999 72.83452622023511
4064 275.953969072771 509.9999999999999 42.83609461323194
4065 490.5134590638426 509.9999999999999 -19.82732082365285
4066 50.12085601158427 509.9999999999999 177.2131798074975
4067 49.4865409361363 509.9999999999999 -19.82732082367229
4068 489.879143988417 509.9999999999999 177.2131798074977
4069 230.6364104326756 509.9999999999999 172.0834700799838
4070 344.5301543855648 509.9999999999999 -20.32679506465441
4071 195.4698456144265 509.9999999999999 -20.3267950647052
4072 429.3550524312241 509.9999999999999 -23.82732337024406
4073 110.6449475687201 509.9999999999999 -23.82732337039051
4074 365.4230562454392 509.9999999999999 39.83620356690059
4075 174.5769437546172 509.9999999999999 39.83620356693145
4076 125.3310636409054 509.9999999999999 114.366935617661
4077 414.6689363591086 509.9999999999999 114.3669356176932
4078 438.657478781937 509.9999999999999 50.81349234439855
4079 101.3425212180488 509.9999999999999 50.81349234439971
4080 41.48482607424387 509.9999999999999 118.3210083199381
4081 498.6125006614624 509.9999999999999 36.53156515921798
4082 498.5151739257726 509.9999999999999 118.3210083198927
4083 41.38749933852223 509.9999999999999 36.53156515925205
4084 243.4016524781728 509.9999999999999 129.9875144911094
4085 94.85955865366505 509.9999999999999 180.3321783001903
4086 445.1404413461139 509.9999999999999 180.3321783002216
4087 319.259396624617 509.9999999999999 176.6060828884423
4088 182.9723420232803 509.9999999999999 179.2062815655817
4089 360.8883192306903 509.9999999999999 180.5621679246227
4090 165.3997723319786 509.9999999999999 113.3151281461902
4091 373.9123080757932 509.9999999999999 114.2433772693332
4092 301.6490577952062 509.9999999999999 121.8380443498352
4093 306.928791360933 509.9999999999999 -29.60645632007309
4094 234.1384326503002 509.9999999999999 -29.68479656751392
4095 241.3599707952544 509.9999999999999 60.2856261566132
4096 404.6205126973649 509.9999999999999 32.91854138118993
4097 135.3794873026551 509.9999999999999 32.91854138123326
4098 97.18949309097877 509.9999999999999 92.40585264385582
4099 442.8105069090331 509.9999999999999 92.40585264387512
4100 299.9058967205038 509.9999999999999 72.21534051823582
4101 380.4545454553 509.9999999999999 -35.54244813195765
4102 159.545454546091 509.9999999999999 -35.54244813176828
4103 229.7287391742581 509.9999999999999 99.15780372837656
4104 251.1395325590512 509.9999999999999 18.20114123291516
4105 466.2295010552342 509.9999999999999 -29.37887198749225
4106 73.77049894490077 509.9999999999999 -29.37887198761334
4107 262.9502774953914 509.9999999999999 188.4752985701583
4108 508.0871880159028 509.9999999999999 66.21068173364236
4109 31.91281198409903 509.9999999999999 66.2106817336917
4110 421.6423131543127 509.9999999999999 16.03895929078543
4111 118.3576868456463 509.9999999999999 16.03895929079437
4112 361.354807732255 509.9999999999999 8.827230502281891
4113 178.695505257087 509.9999999999999 8.688178945301233
4114 136.5324278485677 509.9999999999999 187.3968652047079
4115 404.149915153956 509.9999999999999 188.7481519396328
4116 464.593984225916 509.9999999999999 50.29514313011178
4117 75.40601577406981 509.9999999999999 50.29514313012132
4118 34.38513984026788 509.9999999999999 138.5274386819502
4119 505.614860159737 509.9999999999999 138.5274386819208
4120 507.9348846093943 509.9999999999999 3.925796874039619
4121 32.06511539061104 509.9999999999999 3.925796874046945
4122 290.3560762006953 509.9999999999999 15.37049012341193
4123 168.8532175877734 509.9999999999999 141.3692062106195
4124 367.4472935854409 509.9999999999999 137.2911111679307
4125 111.3498291944385 509.9999999999999 145.2158578880444
4126 428.7113035801704 509.9999999999999 145.6597345163888
4127 207.8952264006285 509.9999999999999 193.8188247542773
4128 267.4959079589268 509.9999999999999 -42.04584629560352
4129 329.4056114793095 509.9999999999999 110.2338410607436
4130 73.15749886905169 509.9999999999999 190.0091220545844
4131 466.8425011308675 509.9999999999999 190.0091220545694
4132 320.315902695088 509.9999999999999 52.25821159294524
4133 365.0227173854597 509.9999999999999 70.27576720949305
4134 174.9772826145609 509.9999999999999 70.27576720953343
4135 205.128992510583 509.9999999999999 47.72220813772643
4136 206.7666546707617 509.9999999999999 107.1201675928595
4137 75.53669988673454 509.9999999999999 108.7539690915125
4138 464.4633001132847 509.9999999999999 108.7539690915055
4139 294.418309765337 509.9999999999999 190.9787164946071
4140 275.9456429793873 509.9999999999999 129.2098191683615
4141 507.6170510245818 509.9999999999999 -37.32722572300077
4142 32.38294897543092 509.9999999999999 -37.32722572300433
4143 31.00731263386051 509.9999999999999 190.4506196450406
4144 508.9926873661431 509.9999999999999 190.4506196450507
4145 314.2329133374194 509.9999999999999 148.3532590371024
4146 136.9396562767638 509.9999999999999 -42.15017317499989
4147 403.060343723954 509.9999999999999 -42.1501731750243
4148 27.30247110423298 509.9999999999999 93.79240048350457
4149 512.6975288957771 509.9999999999999 93.79240048345498
4150 321.372446409209 509.9999999999999 -6.920115408314031
4151 218.6275535909461 509.9999999999999 -6.920115408485258
4152 71.64089030153029 509.9999999999999 161.8124890868265
4153 468.3591096984385 509.9999999999999 161.8124890868169
4154 265.3825000933749 509.9999999999999 65.62158396378966
4155 206.3804755840354 509.9999999999999 164.4155470769359
4156 211.0269102608496 509.9999999999999 -43.59982873990669
4157 328.9730897389255 509.9999999999999 -43.59982873937119
4158 481.1961835881376 509.9999999999999 5.818852077563729
4159 58.80381641184266 509.9999999999999 5.818852077511901
4160 57.73805077433236 509.9999999999999 139.2678609381446
4161 482.261949225698 509.9999999999999 139.2678609380762
4162 159.5612120410117 509.9999999999999 198.6460855581053
4163 248.5135314116353 509.9999999999999 153.1685315652068
4164 336.8176562844112 509.9999999999999 194.596731561695
4165 359.2542372694153 509.9999999999999 -43.88145029631706
4166 180.7457627314571 509.9999999999999 -43.88145029626437
4167 451.4575292286527 509.9999999999999 -13.66465100702349
4168 88.54247077138635 509.9999999999999 -13.66465100720006
4169 123.3798470679603 509.9999999999999 90.54682795323451
4170 416.6201529320447 509.9999999999999 90.54682795325904
4171 381.8923590030886 509.9999999999999 199.4199440919148
4172 306.6555611378756 509.9999999999999 95.77546850497892
4173 244.396292969914 509.9999999999999 -5.3107126353818
4174 144.6972347571443 509.9999999999999 131.9746452848912
4175 392.339750700265 509.9999999999999 131.2183605166752
4176 339.9835628932599 509.9999999999999 164.9372151394197
4177 482.7007808128961 509.9999999999999 -47.9719539622752
4178 57.29921918732816 509.9999999999999 -47.97195396228349
4179 437.1486348642658 509.9999999999999 28.52741823929565
4180 102.8513651357184 509.9999999999999 28.52741823928098
4181 239.6270869778064 509.9999999999999 196.4252807025431
4182 301.3658903632971 509.9999999999999 34.70632868266853
4183 225.2132987544931 509.9999999999999 146.9519320659401
4184 103.2442560393008 509.9999999999999 118.543969747055
4185 436.7619819989407 509.9999999999999 118.5892632805774
4186 351.4276469499557 509.9999999999999 95.55192969599175
4187 183.7595917196879 509.9999999999999 95.419899660111
4188 386.4578787676419 509.9999999999999 52.59581117304833
4189 153.542121232454 509.9999999999999 52.5958111730934
4190 404.9410011407941 509.9999999999999 -13.34965251149618
4191 135.0589988592214 509.9999999999999 -13.34965251150008
4192 114.3783074304005 509.9999999999999 198.7199803575658
4193 425.7191701409099 509.9999999999999 198.9130213197688
4194 23.77672539456378 509.9999999999999 162.5965649803715
4195 516.2232746054344 509.9999999999999 162.5965649803682
4196 518.8751326132207 509.9999999999999 -17.35390272326032
4197 21.12486738677831 509.9999999999999 -17.35390272326293
4198 412.6465769999899 509.9999999999999 59.39840245254015
4199 127.2719548759649 509.9999999999999 59.36108908227806
4200 369.4846101754854 509.9999999999999 -17.24519611538302
4201 170.5213794664339 509.9999999999999 -17.26174987194245
4202 144.7686710894452 509.9999999999999 101.9767363995132
4203 394.7512749338935 509.9999999999999 102.6214285230307
4204 346.6594802134546 509.9999999999999 53.3089430027249
4205 522.4810333798923 509.9999999999999 44.23040063921081
4206 17.51896662010567 509.9999999999999 44.23040063922483
4207 288.1764325502446 509.9999999999999 -47.85925017060563
4208 383.2717403705145 509.9999999999999 23.48483545407833
4209 156.9427222784255 509.9999999999999 23.29942597929989
4210 431.4193445660112 509.9999999999999 -48.16354180349857
4211 108.5806554348939 509.9999999999999 -48.1635418036837
4212 296.5792878922843 509.9999999999999 -7.07241800704587
4213 86.87364152883806 509.9999999999999 71.34574567548745
4214 453.1263584711551 509.9999999999999 71.34574567549936
4215 51.91349352483868 509.9999999999999 199.3099386633652
4216 488.086506475118 509.9999999999999 199.3099386633666
4217 342.2930124207879 509.9999999999999 31.14702149700913
4218 183.8303467258428 509.9999999999999 202.1251784661972
4219 20.13632049027766 509.9999999999999 117.6949654067554
4220 519.8636795097312 509.9999999999999 117.6949654067261
4221 54.42627212531366 509.9999999999999 96.66944797150251
4222 485.5737278746996 509.9999999999999 96.66944797146942
4223 487.2190006451865 509.9999999999999 55.94419678659852
4224 52.78099935480191 509.9999999999999 55.9441967866307
4225 194.1927494427179 509.9999999999999 28.97931401074212
4226 253.6185686240995 509.9999999999999 111.0033937242894
4227 161.3434093438173 509.9999999999999 170.8165519677187
4228 313.6914977172484 509.9999999999999 199.6854726602972
4229 115.3083715177521 509.9999999999999 170.6760036059098
4230 424.8929201482492 509.9999999999999 171.4512476217377
4231 376.1232677869851 509.9999999999999 91.05128160450488
4232 227.2084159320237 509.9999999999999 78.96293926450464
4233 184.5719638768153 509.9999999999999 157.9937003654727
4234 383.184846351746 509.9999999999999 175.4377315206812
4235 186.3797122134849 509.9999999999999 119.0450496407985
4236 295.6686030672305 509.9999999999999 164.8213162666719
4237 162.7845708463084 509.9999999999999 91.33230628306775
4238 254.0468741226526 509.9999999999999 41.38521441919833
4239 352.7370122419318 509.9999999999999 119.2102452473546
4240 232.6001931386559 509.9999999999999 -52.79568973789969
4241 476.1706252908105 509.9999999999999 27.69490356670281
4242 63.82937470917031 509.9999999999999 27.69490356669204
4243 231.4317087487202 509.9999999999999 36.7278725834547
4244 226.3906659022704 509.9999999999999 122.0253881125344
4245 308.2717393675682 509.9999999999999 -50.88088511213985
4246 292.0127529143221 509.9999999999999 143.8002613548484
4247 283.7442139498515 509.9999999999999 110.4656514872506
4248 358.6903423416616 509.9999999999999 202.402228209811
4249 95.13441694303776 509.9999999999999 158.7929493005212
4250 444.9180679450399 509.9999999999999 159.0367734293586
4251 321.6949459327736 509.9999999999999 129.7890278726138
4252 270.5611844514571 509.9999999999999 22.49645156750663
4253 280.3560350897871 509.9999999999999 -25.416710317037
4254 403.5140885216425 509.9999999999999 8.268654192156742
4255 136.521655253097 509.9999999999999 8.237752613056013
4256 107.2114915563582 509.9999999999999 72.89460153985111
4257 432.7722148188319 509.9999999999999 72.90206421391444
4258 337.099255436536 509.9999999999999 6.202393490910409
4259 202.2657947350567 509.9999999999999 6.19154321080223
4260 247.8914502312883 509.9999999999999 84.72022278595441
4261 449.176786159867 509.9999999999999 202.120464334912
4262 90.8427093541442 509.9999999999999 202.0818561424681
4263 471.1432717956489 509.9999999999999 -10.7145201990308
4264 68.85672820436416 509.9999999999999 -10.71452019909228
4265 283.0645257566308 509.9999999999999 75.7750737465165
4266 76.17891158897041 509.9999999999999 89.08908772162152
4267 463.8210884110378 509.9999999999999 89.08908772161588
4268 362.2805546402549 509.9999999999999 159.1450845368648
4269 277.0947485161182 509.9999999999999 202.2329497972435
4270 520.7439957244287 509.9999999999999 20.69994704322746
4271 19.25600427556954 509.9999999999999 20.6999470432319
4272 257.9378998952762 509.9999999999999 -26.2642916396546
4273 455.299598939383 509.9999999999999 -49.80795867815058
4274 84.70040106106562 509.9999999999999 -49.80795867833428
4275 232.9113824102445 509.9999999999999 11.78222761552567
4276 277.936807993509 509.9999999999999 178.019556708216
4277 257.7272727261325 509.9999999999999 205.740403104844
4278 15.65963714502186 509.9999999999999 138.2000604805764
4279 524.3403628549805 509.9999999999999 138.200060480564
4280 318.3787068304633 509.9999999999999 72.10273293921634
4281 380.5979628106845 509.9999999999999 -53.32759730926852
4282 159.4020371905847 509.9999999999999 -53.32759730921189
4283 310.4473145066988 509.9999999999999 9.654392117448042
4284 290.8580684795439 509.9999999999999 54.6407674984484
4285 187.211166116741 509.9999999999999 54.44625079912944
4286 214.8156855291306 509.9999999999999 -25.13288394515277
4287 325.451120473658 509.9999999999999 -25.11329888310318
4288 422.943103299574 509.9999999999999 37.53936274164194
4289 117.0406030756067 509.9999999999999 37.53190006759728
4290 13.17498657041448 509.9999999999999 63.62969925071278
4291 526.8250134295886 509.9999999999999 63.62969925069635
4292 216.8778518555775 509.9999999999999 91.47709769479683
4293 436.0685288809334 509.9999999999999 2.078619485798539
4294 103.9314711189672 509.9999999999999 2.078619485739651
4295 251.8167854282274 509.9999999999999 173.5109684085386
4296 221.862963913446 509.9999999999999 60.51061942115567
4297 251.4719864163668 509.9999999999999 -52.04182338207782
4298 151.1644866807639 509.9999999999999 -21.80782496491179
4299 388.8367112480395 509.9999999999999 -21.80451421367119
4300 523.8709390469032 509.9999999999999 -53.32588888472712
4301 16.12906095308804 509.9999999999999 -53.32588888473617
4302 16.12906095302646 509.9999999999999 204.6738888848099
4303 523.8709390469825 509.9999999999999 204.6738888848056
4304 288.8102882536577 509.9999999999999 90.53384255472088
4305 495.2469775929679 509.9999999999999 17.87018736917723
4306 44.75302240704949 509.9999999999999 17.87018736920173
4307 47.53233246445571 509.9999999999999 155.8835066989581
4308 492.4676675355449 509.9999999999999 155.8835066989359
4309 454.2158047777371 509.9999999999999 33.90058126109317
4310 85.78419522224185 509.9999999999999 33.900581261092
4311 36.90473033553845 509.9999999999999 207.6699187667317
4312 503.0952696644726 509.9999999999999 207.6699187668027
4313 503.1818181819919 509.9999999999999 -56.38268306764372
4314 36.81818181812177 509.9999999999999 -56.38268306766415
4315 493.9129891905757 509.9999999999999 77.48348090867914
4316 46.08701080942659 509.9999999999999 77.48348090871617
4317 527.185400981505 509.9999999999999 -33.07600000012951
4318 12.8145990184916 509.9999999999999 -33.07600000012951
4319 12.81459901847282 509.9999999999999 184.4240000001777
4320 527.1854009815272 509.9999999999999 184.4240000001777
4321 61.22634567926465 509.9999999999999 121.3610711295592
4322 478.7736543207685 509.9999999999999 121.3610711295142
4323 381.3659904082895 509.9999999999999 152.3523541770134
4324 327.4710888168346 509.9999999999999 90.13092572276268
4325 94.24381082032963 509.9999999999999 -33.45787364001033
4326 445.7561891799368 509.9999999999999 -33.45787363966915
4327 112.2861649597863 509.9999999999999 103.9658964904516
4328 427.7153945497818 509.9999999999999 103.9772198738512
4329 419.4646857390455 509.9999999999999 -4.040293938177721
4330 120.5404205143288 509.9999999999999 -4.044708449512401
4331 127.1462234540579 509.9999999999999 134.0695655934957
4332 412.8537765459624 509.9999999999999 134.0695655935429
4333 135.7817067596921 509.9999999999999 206.0893045625556
4334 404.7639536656731 509.9999999999999 207.3200461309721
4335 258.7380643510488 509.9999999999999 136.4699945606443
4336 15.72700981779539 509.9999999999999 80.27222088217277
4337 524.2729901822158 509.9999999999999 80.27222088215242
$EndNodes
$Elements
8481
1 2 2 1 1 1 4 93
2 2 2 1 1 95 5 2
3 2 2 1 1 93 95 2
4 2 2 1 1 93 4 95
5 2 2 1 2 94 2 96
6 2 2 1 2 6 3 94
7 2 2 1 2 96 2 5
8 2 2 1 2 6 94 96
9 2 2 1 3 4 7 95
10 2 2 1 3 95 7 97
11 2 2 1 3 5 95 97
12 2 2 1 3 97 8 5
13 2 2 1 4 96 5 98
14 2 2 1 4 9 6 96
15 2 2 1 4 98 5 8
16 2 2 1 4 9 96 98
17 2 2 1 5 7 10 99
18 2 2 1 5 7 99 97
19 2 2 1 5 100 11 8
20 2 2 1 5 97 100 8
21 2 2 1 5 97 99 100
22 2 2 1 6 98 8 101
23 2 2 1 6 12 9 102
24 2 2 1 6 101 8 11
25 2 2 1 6 102 9 98
26 2 2 1 6 102 98 101
27 2 2 1 7 104 1137 1136
28 2 2 1 7 1137 107 11
29 2 2 1 7 1138 1136 99
30 2 2 1 7 14 107 1137
31 2 2 1 7 14 1137 104
32 2 2 1 7 1137 100 1136
33 2 2 1 7 100 1137 11
34 2 2 1 7 1138 108 13
35 2 2 1 7 1136 1138 103
36 2 2 1 7 103 1138 13
37 2 2 1 7 1136 103 104
38 2 2 1 7 1136 100 99
39 2 2 1 7 1138 99 10
40 2 2 1 7 108 1138 10
41 2 2 1 8 109 1139 15
42 2 2 1 8 105 107 14
43 2 2 1 8 1140 1139 102
44 2 2 1 8 106 1139 1140
45 2 2 1 8 1141 105 1140
46 2 2 1 8 1141 1140 101
47 2 2 1 8 101 1140 102
48 2 2 1 8 106 1140 105
49 2 2 1 8 1139 109 12
50 2 2 1 8 1139 106 15
51 2 2 1 8 102 1139 12
52 2 2 1 8 1141 107 105
53 2 2 1 8 1141 101 11
54 2 2 1 8 107 1141 11
55 2 2 1 9 116 1142 112
56 2 2 1 9 111 1142 1143
57 2 2 1 9 112 17 116
58 2 2 1 9 104 1143 1142
59 2 2 1 9 1142 111 112
60 2 2 1 9 103 1144 1143
61 2 2 1 9 1144 110 1143
62 2 2 1 9 117 1144 13
63 2 2 1 9 1144 103 13
64 2 2 1 9 1144 117 16
65 2 2 1 9 110 1144 16
66 2 2 1 9 14 1142 116
67 2 2 1 9 1142 14 104
68 2 2 1 9 103 1143 104
69 2 2 1 9 111 1143 110
70 2 2 1 10 1145 114 1146
71 2 2 1 10 105 1145 1146
72 2 2 1 10 1146 1147 106
73 2 2 1 10 113 1145 116
74 2 2 1 10 116 1145 14
75 2 2 1 10 1145 105 14
76 2 2 1 10 118 1147 18
77 2 2 1 10 1147 1146 115
78 2 2 1 10 116 17 113
79 2 2 1 10 1147 115 18
80 2 2 1 10 1145 113 114
81 2 2 1 10 1147 118 15
82 2 2 1 10 106 1147 15
83 2 2 1 10 1146 106 105
84 2 2 1 10 1146 114 115
85 2 2 1 11 127 17 1148
86 2 2 1 11 1148 17 112
87 2 2 1 11 1148 122 127
88 2 2 1 11 122 1148 121
89 2 2 1 11 122 20 127
90 2 2 1 11 1149 128 19
91 2 2 1 11 119 1149 19
92 2 2 1 11 128 1149 16
93 2 2 1 11 1149 110 16
94 2 2 1 11 120 1151 1150
95 2 2 1 11 1151 111 1150
96 2 2 1 11 121 1148 1151
97 2 2 1 11 110 1150 111
98 2 2 1 11 1148 112 1151
99 2 2 1 11 110 1149 1150
100 2 2 1 11 1149 119 1150
101 2 2 1 11 120 1150 119
102 2 2 1 11 121 1151 120
103 2 2 1 11 111 1151 112
104 2 2 1 12 127 20 1152
105 2 2 1 12 1152 20 123
106 2 2 1 12 123 124 1153
107 2 2 1 12 1153 124 1154
108 2 2 1 12 113 1153 1154
109 2 2 1 12 129 1155 21
110 2 2 1 12 1155 126 21
111 2 2 1 12 1154 125 1156
112 2 2 1 12 114 1154 1156
113 2 2 1 12 1155 129 18
114 2 2 1 12 115 1155 18
115 2 2 1 12 123 1153 1152
116 2 2 1 12 1153 113 17
117 2 2 1 12 125 1154 124
118 2 2 1 12 113 1154 114
119 2 2 1 12 1153 17 127
120 2 2 1 12 114 1156 115
121 2 2 1 12 126 1156 125
122 2 2 1 12 127 1152 1153
123 2 2 1 12 126 1155 1156
124 2 2 1 12 1155 115 1156
125 2 2 1 13 1157 1159 1158
126 2 2 1 13 1158 1159 121
127 2 2 1 13 1159 1161 1160
128 2 2 1 13 23 140 133
129 2 2 1 13 1159 1160 122
130 2 2 1 13 1161 1159 1157
131 2 2 1 13 1161 1157 132
132 2 2 1 13 1162 141 22
133 2 2 1 13 130 1162 22
134 2 2 1 13 141 1162 19
135 2 2 1 13 1162 119 19
136 2 2 1 13 139 1161 140
137 2 2 1 13 1161 133 140
138 2 2 1 13 1160 139 20
139 2 2 1 13 139 1160 1161
140 2 2 1 13 122 1160 20
141 2 2 1 13 1163 131 1158
142 2 2 1 13 120 1163 1158
143 2 2 1 13 1159 122 121
144 2 2 1 13 133 1161 132
145 2 2 1 13 119 1162 1163
146 2 2 1 13 1162 130 1163
147 2 2 1 13 1163 120 119
148 2 2 1 13 1163 130 131
149 2 2 1 13 132 1157 131
150 2 2 1 13 1158 121 120
151 2 2 1 13 1158 131 1157
152 2 2 1 14 142 21 1164
153 2 2 1 14 23 134 140
154 2 2 1 14 1164 21 126
155 2 2 1 14 142 1164 24
156 2 2 1 14 1164 138 24
157 2 2 1 14 1165 137 1166
158 2 2 1 14 125 1165 1166
159 2 2 1 14 136 1165 1167
160 2 2 1 14 1165 124 1167
161 2 2 1 14 1168 1169 135
162 2 2 1 14 140 134 1169
163 2 2 1 14 134 135 1169
164 2 2 1 14 1169 139 140
165 2 2 1 14 1169 1168 1170
166 2 2 1 14 123 1168 1167
167 2 2 1 14 123 1170 1168
168 2 2 1 14 137 1165 136
169 2 2 1 14 124 1165 125
170 2 2 1 14 125 1166 126
171 2 2 1 14 138 1166 137
172 2 2 1 14 139 1170 20
173 2 2 1 14 1170 139 1169
174 2 2 1 14 1170 123 20
175 2 2 1 14 1164 126 1166
176 2 2 1 14 138 1164 1166
177 2 2 1 14 136 1167 135
178 2 2 1 14 123 1167 124
179 2 2 1 14 1168 135 1167
180 2 2 1 15 1171 1173 1172
181 2 2 1 15 1172 1173 130
182 2 2 1 15 26 155 147
183 2 2 1 15 157 25 1171
184 2 2 1 15 25 143 1171
185 2 2 1 15 1174 1176 1175
186 2 2 1 15 1174 146 1176
187 2 2 1 15 1174 1175 133
188 2 2 1 15 144 1177 1173
189 2 2 1 15 1177 131 1173
190 2 2 1 15 154 1176 155
191 2 2 1 15 1176 147 155
192 2 2 1 15 156 1172 22
193 2 2 1 15 1172 130 22
194 2 2 1 15 1177 145 1174
195 2 2 1 15 1175 154 23
196 2 2 1 15 154 1175 1176
197 2 2 1 15 133 1175 23
198 2 2 1 15 132 1177 1174
199 2 2 1 15 157 1172 156
200 2 2 1 15 1172 157 1171
201 2 2 1 15 131 1177 132
202 2 2 1 15 1171 143 1173
203 2 2 1 15 145 1177 144
204 2 2 1 15 130 1173 131
205 2 2 1 15 144 1173 143
206 2 2 1 15 147 1176 146
207 2 2 1 15 146 1174 145
208 2 2 1 15 132 1174 133
209 2 2 1 16 158 1178 27
210 2 2 1 16 1178 153 27
211 2 2 1 16 1179 1181 1180
212 2 2 1 16 148 155 26
213 2 2 1 16 1180 1181 134
214 2 2 1 16 158 24 1178
215 2 2 1 16 1178 24 138
216 2 2 1 16 150 1182 1181
217 2 2 1 16 1182 135 1181
218 2 2 1 16 1183 152 1184
219 2 2 1 16 137 1183 1184
220 2 2 1 16 154 1180 23
221 2 2 1 16 1180 154 1179
222 2 2 1 16 1180 134 23
223 2 2 1 16 148 149 1179
224 2 2 1 16 1179 149 1181
225 2 2 1 16 155 148 1179
226 2 2 1 16 151 1183 1182
227 2 2 1 16 1183 136 1182
228 2 2 1 16 134 1181 135
229 2 2 1 16 150 1181 149
230 2 2 1 16 135 1182 136
231 2 2 1 16 151 1182 150
232 2 2 1 16 1179 154 155
233 2 2 1 16 137 1184 138
234 2 2 1 16 153 1184 152
235 2 2 1 16 1178 138 1184
236 2 2 1 16 153 1178 1184
237 2 2 1 16 136 1183 137
238 2 2 1 16 152 1183 151
239 2 2 1 17 1185 1187 1186
240 2 2 1 17 1186 1187 147
241 2 2 1 17 175 28 1188
242 2 2 1 17 28 159 1188
243 2 2 1 17 1186 1189 1185
244 2 2 1 17 173 164 29
245 2 2 1 17 1186 147 146
246 2 2 1 17 163 164 1185
247 2 2 1 17 1190 1189 1186
248 2 2 1 17 1190 162 1189
249 2 2 1 17 1190 1186 146
250 2 2 1 17 164 173 1185
251 2 2 1 17 174 1191 25
252 2 2 1 17 1191 143 25
253 2 2 1 17 160 1193 1192
254 2 2 1 17 1193 144 1192
255 2 2 1 17 1193 161 1190
256 2 2 1 17 1185 173 172
257 2 2 1 17 163 1185 1189
258 2 2 1 17 163 1189 162
259 2 2 1 17 1192 159 160
260 2 2 1 17 145 1193 1190
261 2 2 1 17 1193 145 144
262 2 2 1 17 1193 160 161
263 2 2 1 17 1190 161 162
264 2 2 1 17 1187 172 26
265 2 2 1 17 172 1187 1185
266 2 2 1 17 147 1187 26
267 2 2 1 17 1190 146 145
268 2 2 1 17 1192 144 1194
269 2 2 1 17 1194 144 143
270 2 2 1 17 175 1191 174
271 2 2 1 17 1191 175 1188
272 2 2 1 17 1194 143 1191
273 2 2 1 17 1188 159 1192
274 2 2 1 17 1194 1188 1192
275 2 2 1 17 1188 1194 1191
276 2 2 1 18 176 1195 30
277 2 2 1 18 1195 171 30
278 2 2 1 18 1196 172 173
279 2 2 1 18 165 173 29
280 2 2 1 18 1196 166 1197
281 2 2 1 18 1196 173 165
282 2 2 1 18 166 1196 165
283 2 2 1 18 1197 1199 1198
284 2 2 1 18 148 1199 149
285 2 2 1 18 176 27 1195
286 2 2 1 18 1195 27 153
287 2 2 1 18 1200 170 1201
288 2 2 1 18 152 1200 1201
289 2 2 1 18 168 1203 1202
290 2 2 1 18 1203 150 1202
291 2 2 1 18 169 1200 1203
292 2 2 1 18 1200 151 1203
293 2 2 1 18 1197 167 1199
294 2 2 1 18 1196 1197 1198
295 2 2 1 18 148 1198 1199
296 2 2 1 18 152 1201 153
297 2 2 1 18 171 1201 170
298 2 2 1 18 149 1199 1202
299 2 2 1 18 167 1197 166
300 2 2 1 18 150 1203 151
301 2 2 1 18 169 1203 168
302 2 2 1 18 170 1200 169
303 2 2 1 18 151 1200 152
304 2 2 1 18 172 1198 26
305 2 2 1 18 1198 172 1196
306 2 2 1 18 1198 148 26
307 2 2 1 18 168 1202 167
308 2 2 1 18 149 1202 150
309 2 2 1 18 1195 153 1201
310 2 2 1 18 171 1195 1201
311 2 2 1 18 1199 167 1202
312 2 2 1 19 1204 1206 1205
313 2 2 1 19 1205 1206 159
314 2 2 1 19 1207 1209 1208
315 2 2 1 19 1208 1209 163
316 2 2 1 19 1210 1207 1208
317 2 2 1 19 1204 194 31
318 2 2 1 19 177 1204 31
319 2 2 1 19 192 183 32
320 2 2 1 19 1211 1212 1209
321 2 2 1 19 1209 1212 164
322 2 2 1 19 1207 1213 1209
323 2 2 1 19 1210 1208 1214
324 2 2 1 19 1214 180 1210
325 2 2 1 19 162 1208 163
326 2 2 1 19 1208 162 1214
327 2 2 1 19 28 193 1205
328 2 2 1 19 159 28 1205
329 2 2 1 19 178 1215 1206
330 2 2 1 19 1209 1213 1211
331 2 2 1 19 1209 164 163
332 2 2 1 19 1215 160 1206
333 2 2 1 19 1215 179 1214
334 2 2 1 19 161 1215 1214
335 2 2 1 19 183 192 1211
336 2 2 1 19 192 191 1211
337 2 2 1 19 1211 1213 183
338 2 2 1 19 183 1213 182
339 2 2 1 19 1210 180 181
340 2 2 1 19 1214 162 161
341 2 2 1 19 1214 179 180
342 2 2 1 19 1212 191 29
343 2 2 1 19 191 1212 1211
344 2 2 1 19 164 1212 29
345 2 2 1 19 182 1213 181
346 2 2 1 19 1215 161 160
347 2 2 1 19 194 1205 193
348 2 2 1 19 1205 194 1204
349 2 2 1 19 1215 178 179
350 2 2 1 19 1206 160 159
351 2 2 1 19 1204 177 1206
352 2 2 1 19 1206 177 178
353 2 2 1 19 181 1207 1210
354 2 2 1 19 1207 181 1213
355 2 2 1 20 1216 1218 1217
356 2 2 1 20 192 32 184
357 2 2 1 20 1216 1217 171
358 2 2 1 20 33 195 1218
359 2 2 1 20 190 33 1218
360 2 2 1 20 1219 1221 1220
361 2 2 1 20 186 1221 1219
362 2 2 1 20 1220 1221 166
363 2 2 1 20 1222 191 192
364 2 2 1 20 196 30 1217
365 2 2 1 20 1217 30 171
366 2 2 1 20 1222 192 184
367 2 2 1 20 185 1222 184
368 2 2 1 20 165 1220 166
369 2 2 1 20 185 1219 1222
370 2 2 1 20 1222 1219 1223
371 2 2 1 20 185 186 1219
372 2 2 1 20 187 1224 1221
373 2 2 1 20 1224 167 1221
374 2 2 1 20 188 1225 1224
375 2 2 1 20 1225 168 1224
376 2 2 1 20 1219 1220 1223
377 2 2 1 20 1220 165 1223
378 2 2 1 20 189 1226 1225
379 2 2 1 20 1226 169 1225
380 2 2 1 20 1225 188 189
381 2 2 1 20 1225 169 168
382 2 2 1 20 1224 187 188
383 2 2 1 20 1224 168 167
384 2 2 1 20 187 1221 186
385 2 2 1 20 191 1223 29
386 2 2 1 20 1223 191 1222
387 2 2 1 20 1223 165 29
388 2 2 1 20 166 1221 167
389 2 2 1 20 190 1216 189
390 2 2 1 20 170 1216 171
391 2 2 1 20 1217 195 196
392 2 2 1 20 195 1217 1218
393 2 2 1 20 1226 170 169
394 2 2 1 20 1226 189 1216
395 2 2 1 20 170 1226 1216
396 2 2 1 20 190 1218 1216
397 2 2 1 21 214 1228 1227
398 2 2 1 21 214 1227 215
399 2 2 1 21 1229 1231 1230
400 2 2 1 21 1232 1230 1231
401 2 2 1 21 181 1233 1232
402 2 2 1 21 1233 181 1234
403 2 2 1 21 35 215 204
404 2 2 1 21 181 1232 182
405 2 2 1 21 1235 217 34
406 2 2 1 21 1236 1235 1237
407 2 2 1 21 197 1235 34
408 2 2 1 21 1237 1238 178
409 2 2 1 21 1239 1238 1237
410 2 2 1 21 1238 1240 179
411 2 2 1 21 1241 1234 1240
412 2 2 1 21 1240 1234 180
413 2 2 1 21 1242 1238 1239
414 2 2 1 21 1239 198 1242
415 2 2 1 21 1232 1233 1230
416 2 2 1 21 1230 1233 1243
417 2 2 1 21 1230 1243 201
418 2 2 1 21 1244 1241 1240
419 2 2 1 21 1229 1230 202
420 2 2 1 21 1229 202 203
421 2 2 1 21 1243 1241 200
422 2 2 1 21 1242 1240 1238
423 2 2 1 21 1244 1240 1242
424 2 2 1 21 1242 199 1244
425 2 2 1 21 216 1236 31
426 2 2 1 21 201 1243 200
427 2 2 1 21 1236 1237 177
428 2 2 1 21 1236 177 31
429 2 2 1 21 202 1230 201
430 2 2 1 21 1233 1241 1243
431 2 2 1 21 1233 1234 1241
432 2 2 1 21 1232 1231 1245
433 2 2 1 21 182 1232 1245
434 2 2 1 21 1231 1229 1228
435 2 2 1 21 1245 1228 32
436 2 2 1 21 183 1245 32
437 2 2 1 21 214 32 1228
438 2 2 1 21 204 215 1227
439 2 2 1 21 1239 1237 1235
440 2 2 1 21 177 1237 178
441 2 2 1 21 204 1227 203
442 2 2 1 21 1227 1228 1229
443 2 2 1 21 203 1227 1229
444 2 2 1 21 200 1241 1244
445 2 2 1 21 178 1238 179
446 2 2 1 21 1242 198 199
447 2 2 1 21 1244 199 200
448 2 2 1 21 1235 197 1239
449 2 2 1 21 179 1240 180
450 2 2 1 21 1239 197 198
451 2 2 1 21 1236 217 1235
452 2 2 1 21 217 1236 216
453 2 2 1 21 1245 183 182
454 2 2 1 21 1245 1231 1228
455 2 2 1 21 180 1234 181
456 2 2 1 22 205 206 1246
457 2 2 1 22 215 35 205
458 2 2 1 22 215 1246 214
459 2 2 1 22 1247 1249 1248
460 2 2 1 22 208 1249 1247
461 2 2 1 22 1248 1249 185
462 2 2 1 22 1250 1252 1251
463 2 2 1 22 1250 1251 190
464 2 2 1 22 218 1252 36
465 2 2 1 22 1252 213 36
466 2 2 1 22 219 33 1251
467 2 2 1 22 33 190 1251
468 2 2 1 22 206 207 1253
469 2 2 1 22 215 205 1246
470 2 2 1 22 206 1253 1246
471 2 2 1 22 1247 1253 207
472 2 2 1 22 207 208 1247
473 2 2 1 22 1254 212 1250
474 2 2 1 22 189 1254 1250
475 2 2 1 22 1247 1248 1255
476 2 2 1 22 184 1248 185
477 2 2 1 22 1253 1247 1255
478 2 2 1 22 1246 1253 1255
479 2 2 1 22 1248 184 1255
480 2 2 1 22 209 1256 1249
481 2 2 1 22 1256 186 1249
482 2 2 1 22 211 1254 1257
483 2 2 1 22 1254 188 1257
484 2 2 1 22 210 1257 1256
485 2 2 1 22 1257 187 1256
486 2 2 1 22 213 1252 1250
487 2 2 1 22 213 1250 212
488 2 2 1 22 189 1250 190
489 2 2 1 22 210 1256 209
490 2 2 1 22 186 1256 187
491 2 2 1 22 1249 186 185
492 2 2 1 22 1249 208 209
493 2 2 1 22 187 1257 188
494 2 2 1 22 214 1255 32
495 2 2 1 22 1255 214 1246
496 2 2 1 22 1255 184 32
497 2 2 1 22 188 1254 189
498 2 2 1 22 211 1257 210
499 2 2 1 22 1251 218 219
500 2 2 1 22 218 1251 1252
501 2 2 1 22 212 1254 211
502 2 2 1 23 1258 1260 1259
503 2 2 1 23 1258 1259 223
504 2 2 1 23 1261 1263 1262
505 2 2 1 23 1264 201 1265
506 2 2 1 23 1261 1262 221
507 2 2 1 23 241 228 38
508 2 2 1 23 1259 1266 1261
509 2 2 1 23 1259 1261 222
510 2 2 1 23 1267 1262 1263
511 2 2 1 23 221 1262 220
512 2 2 1 23 1268 203 1269
513 2 2 1 23 1269 1270 1268
514 2 2 1 23 202 1269 203
515 2 2 1 23 1265 1260 1264
516 2 2 1 23 1260 1258 1264
517 2 2 1 23 204 1272 1271
518 2 2 1 23 1268 1272 203
519 2 2 1 23 1269 1273 1270
520 2 2 1 23 201 1264 1269
521 2 2 1 23 1274 1263 1266
522 2 2 1 23 1263 1261 1266
523 2 2 1 23 1275 1267 1263
524 2 2 1 23 1276 1266 1260
525 2 2 1 23 1266 1259 1260
526 2 2 1 23 1277 1267 1275
527 2 2 1 23 201 1269 202
528 2 2 1 23 1270 225 1278
529 2 2 1 23 1263 1274 1275
530 2 2 1 23 1275 1274 198
531 2 2 1 23 242 1277 34
532 2 2 1 23 1277 1275 197
533 2 2 1 23 1277 197 34
534 2 2 1 23 1266 1276 1274
535 2 2 1 23 1274 1276 199
536 2 2 1 23 1273 225 1270
537 2 2 1 23 1273 1264 1258
538 2 2 1 23 1273 1258 224
539 2 2 1 23 225 1273 224
540 2 2 1 23 1279 1281 1280
541 2 2 1 23 1269 1264 1273
542 2 2 1 23 1280 1268 1279
543 2 2 1 23 1268 1280 1271
544 2 2 1 23 1268 1278 1279
545 2 2 1 23 1270 1278 1268
546 2 2 1 23 1260 1265 1276
547 2 2 1 23 1265 200 1276
548 2 2 1 23 1281 240 1280
549 2 2 1 23 239 1271 1280
550 2 2 1 23 226 1278 225
551 2 2 1 23 239 35 1271
552 2 2 1 23 204 1271 35
553 2 2 1 23 240 239 1280
554 2 2 1 23 1281 227 228
555 2 2 1 23 241 1281 228
556 2 2 1 23 224 1258 223
557 2 2 1 23 1278 226 1279
558 2 2 1 23 227 1281 1279
559 2 2 1 23 226 227 1279
560 2 2 1 23 197 1275 198
561 2 2 1 23 223 1259 222
562 2 2 1 23 1277 243 1267
563 2 2 1 23 222 1261 221
564 2 2 1 23 243 1277 242
565 2 2 1 23 198 1274 199
566 2 2 1 23 220 1262 37
567 2 2 1 23 243 1262 1267
568 2 2 1 23 1262 243 37
569 2 2 1 23 199 1276 200
570 2 2 1 23 240 1281 241
571 2 2 1 23 200 1265 201
572 2 2 1 23 1272 204 203
573 2 2 1 23 1272 1268 1271
574 2 2 1 24 1282 1284 1283
575 2 2 1 24 1285 1287 1286
576 2 2 1 24 1285 1286 1288
577 2 2 1 24 1289 1291 1290
578 2 2 1 24 1289 1290 236
579 2 2 1 24 1292 1287 1285
580 2 2 1 24 1285 1288 230
581 2 2 1 24 1285 231 1283
582 2 2 1 24 1283 231 232
583 2 2 1 24 1293 1295 1294
584 2 2 1 24 1294 1295 213
585 2 2 1 24 1294 1296 1293
586 2 2 1 24 1290 1297 235
587 2 2 1 24 241 38 229
588 2 2 1 24 238 1293 1296
589 2 2 1 24 238 1296 237
590 2 2 1 24 1298 1296 1294
591 2 2 1 24 1298 1294 212
592 2 2 1 24 244 1293 39
593 2 2 1 24 1299 1300 210
594 2 2 1 24 1293 238 39
595 2 2 1 24 1297 1301 234
596 2 2 1 24 1287 35 239
597 2 2 1 24 1302 1282 1301
598 2 2 1 24 1300 1291 1298
599 2 2 1 24 1300 1298 211
600 2 2 1 24 35 1287 205
601 2 2 1 24 1296 1289 237
602 2 2 1 24 1303 1301 1297
603 2 2 1 24 1302 1301 1303
604 2 2 1 24 1302 1304 1282
605 2 2 1 24 1301 1282 233
606 2 2 1 24 1305 1292 1284
607 2 2 1 24 1292 1283 1284
608 2 2 1 24 1303 1299 209
609 2 2 1 24 209 1299 210
610 2 2 1 24 1304 1284 1282
611 2 2 1 24 1282 1283 232
612 2 2 1 24 245 36 1295
613 2 2 1 24 1295 36 213
614 2 2 1 24 1302 1303 208
615 2 2 1 24 234 1301 233
616 2 2 1 24 1288 241 229
617 2 2 1 24 233 1282 232
618 2 2 1 24 208 1303 209
619 2 2 1 24 235 1297 234
620 2 2 1 24 1299 1297 1290
621 2 2 1 24 1303 1297 1299
622 2 2 1 24 1299 1291 1300
623 2 2 1 24 1299 1290 1291
624 2 2 1 24 1285 230 231
625 2 2 1 24 1296 1291 1289
626 2 2 1 24 1289 236 237
627 2 2 1 24 1298 1291 1296
628 2 2 1 24 1294 213 212
629 2 2 1 24 1288 240 241
630 2 2 1 24 1284 1304 1305
631 2 2 1 24 230 1288 229
632 2 2 1 24 236 1290 235
633 2 2 1 24 1304 207 1305
634 2 2 1 24 239 1286 1287
635 2 2 1 24 1298 212 211
636 2 2 1 24 206 1305 207
637 2 2 1 24 1292 1305 1306
638 2 2 1 24 1283 1292 1285
639 2 2 1 24 1305 206 1306
640 2 2 1 24 244 1295 1293
641 2 2 1 24 1295 244 245
642 2 2 1 24 205 1306 206
643 2 2 1 24 1292 1306 1287
644 2 2 1 24 1306 205 1287
645 2 2 1 24 1304 1302 208
646 2 2 1 24 210 1300 211
647 2 2 1 24 207 1304 208
648 2 2 1 24 1286 239 240
649 2 2 1 24 1288 1286 240
650 2 2 1 25 270 1308 1307
651 2 2 1 25 270 1307 271
652 2 2 1 25 1309 1311 1310
653 2 2 1 25 1309 1310 1312
654 2 2 1 25 1313 1315 1314
655 2 2 1 25 1313 1314 1312
656 2 2 1 25 1311 251 252
657 2 2 1 25 1311 1309 1316
658 2 2 1 25 1317 269 1318
659 2 2 1 25 1319 1317 1315
660 2 2 1 25 1318 269 38
661 2 2 1 25 271 1307 256
662 2 2 1 25 1320 1312 1310
663 2 2 1 25 1312 1314 1309
664 2 2 1 25 227 1314 1315
665 2 2 1 25 1321 1323 1322
666 2 2 1 25 1323 1325 1324
667 2 2 1 25 1326 1322 1323
668 2 2 1 25 1324 1326 1323
669 2 2 1 25 255 1307 1327
670 2 2 1 25 1307 1308 1327
671 2 2 1 25 1327 1319 1313
672 2 2 1 25 1319 1327 1308
673 2 2 1 25 255 1327 254
674 2 2 1 25 1326 1324 1328
675 2 2 1 25 256 41 271
676 2 2 1 25 1329 1326 1328
677 2 2 1 25 220 1328 1324
678 2 2 1 25 1321 1330 1323
679 2 2 1 25 1330 1325 1323
680 2 2 1 25 1331 1316 1332
681 2 2 1 25 1332 225 1331
682 2 2 1 25 1333 1334 1330
683 2 2 1 25 1334 1335 1330
684 2 2 1 25 1329 1336 1322
685 2 2 1 25 1329 1322 1326
686 2 2 1 25 220 1324 221
687 2 2 1 25 246 1322 1336
688 2 2 1 25 1322 246 247
689 2 2 1 25 1331 225 224
690 2 2 1 25 1309 1314 1332
691 2 2 1 25 1314 226 1332
692 2 2 1 25 1316 1337 1311
693 2 2 1 25 1337 1316 1338
694 2 2 1 25 1316 1331 1338
695 2 2 1 25 272 1328 37
696 2 2 1 25 1328 220 37
697 2 2 1 25 251 1311 1337
698 2 2 1 25 251 1337 250
699 2 2 1 25 1332 1316 1309
700 2 2 1 25 1339 1338 1331
701 2 2 1 25 1339 1334 1338
702 2 2 1 25 224 1339 1331
703 2 2 1 25 1330 1335 1325
704 2 2 1 25 222 1325 1335
705 2 2 1 25 222 1335 223
706 2 2 1 25 1311 252 1310
707 2 2 1 25 1318 1315 1317
708 2 2 1 25 1328 272 273
709 2 2 1 25 1328 273 1329
710 2 2 1 25 247 1321 1322
711 2 2 1 25 1321 247 248
712 2 2 1 25 1338 1340 1337
713 2 2 1 25 1334 1340 1338
714 2 2 1 25 1340 250 1337
715 2 2 1 25 1333 1330 1321
716 2 2 1 25 1321 248 1333
717 2 2 1 25 1333 248 249
718 2 2 1 25 1325 221 1324
719 2 2 1 25 221 1325 222
720 2 2 1 25 1315 1318 228
721 2 2 1 25 254 1327 1320
722 2 2 1 25 1327 1313 1320
723 2 2 1 25 1320 1313 1312
724 2 2 1 25 1320 253 254
725 2 2 1 25 1318 38 228
726 2 2 1 25 270 1317 1308
727 2 2 1 25 1317 270 269
728 2 2 1 25 1340 1334 1333
729 2 2 1 25 1333 249 1340
730 2 2 1 25 1334 1339 1335
731 2 2 1 25 223 1335 1339
732 2 2 1 25 1317 1319 1308
733 2 2 1 25 253 1320 1310
734 2 2 1 25 256 1307 255
735 2 2 1 25 227 1315 228
736 2 2 1 25 1336 273 40
737 2 2 1 25 1319 1315 1313
738 2 2 1 25 246 1336 40
739 2 2 1 25 226 1314 227
740 2 2 1 25 225 1332 226
741 2 2 1 25 1329 273 1336
742 2 2 1 25 1310 252 253
743 2 2 1 25 223 1339 224
744 2 2 1 25 1340 249 250
745 2 2 1 26 1341 262 1342
746 2 2 1 26 1342 262 263
747 2 2 1 26 258 1344 1343
748 2 2 1 26 41 257 271
749 2 2 1 26 258 1343 257
750 2 2 1 26 233 1346 1345
751 2 2 1 26 233 1345 234
752 2 2 1 26 1347 1348 232
753 2 2 1 26 1349 269 270
754 2 2 1 26 1346 1342 1350
755 2 2 1 26 1346 1350 1345
756 2 2 1 26 275 39 238
757 2 2 1 26 1345 1350 1351
758 2 2 1 26 1352 1351 1350
759 2 2 1 26 1348 1341 1342
760 2 2 1 26 1353 1355 1354
761 2 2 1 26 1353 1356 1355
762 2 2 1 26 267 1355 1356
763 2 2 1 26 1357 1354 1355
764 2 2 1 26 232 1348 1346
765 2 2 1 26 268 1357 1355
766 2 2 1 26 1341 1359 1358
767 2 2 1 26 1360 1361 1359
768 2 2 1 26 1361 1358 1359
769 2 2 1 26 1341 1358 261
770 2 2 1 26 1341 261 262
771 2 2 1 26 1362 1364 1363
772 2 2 1 26 1364 1365 1363
773 2 2 1 26 1363 259 260
774 2 2 1 26 1358 1362 260
775 2 2 1 26 1358 260 261
776 2 2 1 26 1363 260 1362
777 2 2 1 26 1366 38 269
778 2 2 1 26 1349 1366 269
779 2 2 1 26 231 1360 1347
780 2 2 1 26 1360 1359 1347
781 2 2 1 26 1346 233 232
782 2 2 1 26 1367 1354 1368
783 2 2 1 26 1368 1354 1357
784 2 2 1 26 1368 238 1367
785 2 2 1 26 1347 1359 1348
786 2 2 1 26 1359 1341 1348
787 2 2 1 26 1344 1363 1365
788 2 2 1 26 1369 1352 265
789 2 2 1 26 1344 1365 1349
790 2 2 1 26 1369 1351 1352
791 2 2 1 26 1370 1371 1351
792 2 2 1 26 1369 1370 1351
793 2 2 1 26 1350 1342 263
794 2 2 1 26 1352 1350 264
795 2 2 1 26 1370 1356 1353
796 2 2 1 26 1356 1370 1369
797 2 2 1 26 266 1356 1369
798 2 2 1 26 274 1357 42
799 2 2 1 26 1357 268 42
800 2 2 1 26 271 1343 270
801 2 2 1 26 1372 1353 1354
802 2 2 1 26 1373 1353 1372
803 2 2 1 26 1372 237 1373
804 2 2 1 26 1373 237 236
805 2 2 1 26 1373 1370 1353
806 2 2 1 26 1343 1344 1349
807 2 2 1 26 270 1343 1349
808 2 2 1 26 1364 1374 1366
809 2 2 1 26 1374 229 1366
810 2 2 1 26 229 1374 230
811 2 2 1 26 271 257 1343
812 2 2 1 26 1346 1348 1342
813 2 2 1 26 1358 1361 1362
814 2 2 1 26 1375 1370 1373
815 2 2 1 26 1373 236 1375
816 2 2 1 26 1361 1374 1364
817 2 2 1 26 1374 1361 1360
818 2 2 1 26 230 1374 1360
819 2 2 1 26 1372 1354 1367
820 2 2 1 26 237 1372 1367
821 2 2 1 26 1351 1371 1345
822 2 2 1 26 1371 234 1345
823 2 2 1 26 1366 229 38
824 2 2 1 26 1371 1370 1375
825 2 2 1 26 235 1371 1375
826 2 2 1 26 1355 267 268
827 2 2 1 26 1363 1344 259
828 2 2 1 26 1344 258 259
829 2 2 1 26 1356 266 267
830 2 2 1 26 1369 265 266
831 2 2 1 26 238 1368 275
832 2 2 1 26 274 1368 1357
833 2 2 1 26 1368 274 275
834 2 2 1 26 1352 264 265
835 2 2 1 26 1350 263 264
836 2 2 1 26 1367 238 237
837 2 2 1 26 1365 1364 1366
838 2 2 1 26 1349 1365 1366
839 2 2 1 26 1364 1362 1361
840 2 2 1 26 1360 231 230
841 2 2 1 26 1347 232 231
842 2 2 1 26 1375 236 235
843 2 2 1 26 1371 235 234
844 2 2 1 27 1376 1378 1377
845 2 2 1 27 1377 1378 1379
846 2 2 1 27 1380 1381 287
847 2 2 1 27 1382 287 288
848 2 2 1 27 1383 1385 1384
849 2 2 1 27 1380 287 1382
850 2 2 1 27 286 287 1381
851 2 2 1 27 1386 1384 1381
852 2 2 1 27 1380 1386 1381
853 2 2 1 27 44 304 288
854 2 2 1 27 1387 1389 1388
855 2 2 1 27 1390 1392 1391
856 2 2 1 27 1393 1390 1391
857 2 2 1 27 1393 1391 305
858 2 2 1 27 40 305 1391
859 2 2 1 27 246 40 1391
860 2 2 1 27 1386 1395 1394
861 2 2 1 27 1396 41 1395
862 2 2 1 27 1394 1384 1386
863 2 2 1 27 1397 1393 306
864 2 2 1 27 1398 1378 1399
865 2 2 1 27 306 1393 305
866 2 2 1 27 1400 1401 1392
867 2 2 1 27 1402 1400 1390
868 2 2 1 27 1400 1392 1390
869 2 2 1 27 1388 1404 1403
870 2 2 1 27 1403 1404 1385
871 2 2 1 27 1404 284 1385
872 2 2 1 27 1397 1405 1393
873 2 2 1 27 1406 1383 1394
874 2 2 1 27 1394 1383 1384
875 2 2 1 27 1397 276 1405
876 2 2 1 27 277 1405 276
877 2 2 1 27 1407 1388 1403
878 2 2 1 27 1395 41 256
879 2 2 1 27 1403 1406 1407
880 2 2 1 27 1406 254 1407
881 2 2 1 27 1408 1379 1378
882 2 2 1 27 1379 1409 1377
883 2 2 1 27 1409 1379 1400
884 2 2 1 27 1379 1410 1400
885 2 2 1 27 1411 1412 1398
886 2 2 1 27 1412 251 1398
887 2 2 1 27 251 1412 252
888 2 2 1 27 1388 1389 1404
889 2 2 1 27 1394 1395 255
890 2 2 1 27 1388 1407 1413
891 2 2 1 27 1413 1387 1388
892 2 2 1 27 1391 1392 247
893 2 2 1 27 1407 253 1413
894 2 2 1 27 1378 1398 1408
895 2 2 1 27 1398 250 1408
896 2 2 1 27 250 1398 251
897 2 2 1 27 1383 1406 1403
898 2 2 1 27 1385 1383 1403
899 2 2 1 27 1399 1376 1414
900 2 2 1 27 281 1414 1376
901 2 2 1 27 281 1376 280
902 2 2 1 27 1400 1410 1401
903 2 2 1 27 1410 248 1401
904 2 2 1 27 1390 1405 1402
905 2 2 1 27 1405 277 1402
906 2 2 1 27 1402 277 278
907 2 2 1 27 280 1376 1377
908 2 2 1 27 280 1377 279
909 2 2 1 27 1409 1400 1402
910 2 2 1 27 278 1409 1402
911 2 2 1 27 1387 1415 1389
912 2 2 1 27 283 1389 1415
913 2 2 1 27 283 1415 282
914 2 2 1 27 1387 1413 1412
915 2 2 1 27 1411 1415 1387
916 2 2 1 27 1412 1411 1387
917 2 2 1 27 1399 1414 1411
918 2 2 1 27 1398 1399 1411
919 2 2 1 27 247 1392 1401
920 2 2 1 27 1411 1414 1415
921 2 2 1 27 282 1415 1414
922 2 2 1 27 282 1414 281
923 2 2 1 27 1405 1390 1393
924 2 2 1 27 1379 1408 1410
925 2 2 1 27 1408 249 1410
926 2 2 1 27 1396 1386 302
927 2 2 1 27 1384 1385 1416
928 2 2 1 27 1384 1416 1381
929 2 2 1 27 285 1416 1385
930 2 2 1 27 288 304 1382
931 2 2 1 27 279 1377 1409
932 2 2 1 27 1389 283 1404
933 2 2 1 27 1413 252 1412
934 2 2 1 27 1381 1416 286
935 2 2 1 27 1416 285 286
936 2 2 1 27 1391 247 246
937 2 2 1 27 276 1397 43
938 2 2 1 27 1397 306 43
939 2 2 1 27 1386 1380 302
940 2 2 1 27 1382 303 1380
941 2 2 1 27 255 1395 256
942 2 2 1 27 302 1380 303
943 2 2 1 27 1406 255 254
944 2 2 1 27 1394 255 1406
945 2 2 1 27 253 1407 254
946 2 2 1 27 252 1413 253
947 2 2 1 27 285 1385 284
948 2 2 1 27 249 1408 250
949 2 2 1 27 279 1409 278
950 2 2 1 27 248 1410 249
951 2 2 1 27 284 1404 283
952 2 2 1 27 247 1401 248
953 2 2 1 27 303 1382 304
954 2 2 1 27 1376 1399 1378
955 2 2 1 27 41 1396 302
956 2 2 1 27 1386 1396 1395
957 2 2 1 28 1417 1419 1418
958 2 2 1 28 1418 1419 300
959 2 2 1 28 1420 1422 1421
960 2 2 1 28 1420 1421 1423
961 2 2 1 28 299 300 1419
962 2 2 1 28 289 304 44
963 2 2 1 28 1424 1426 1425
964 2 2 1 28 1424 291 1426
965 2 2 1 28 1426 291 292
966 2 2 1 28 1427 1425 1426
967 2 2 1 28 1424 290 291
968 2 2 1 28 1425 1427 1428
969 2 2 1 28 290 1424 1429
970 2 2 1 28 290 1429 1430
971 2 2 1 28 1431 1423 1432
972 2 2 1 28 1431 1432 293
973 2 2 1 28 1431 293 294
974 2 2 1 28 1433 1434 1418
975 2 2 1 28 1435 1436 1419
976 2 2 1 28 1418 301 1433
977 2 2 1 28 1437 1438 1434
978 2 2 1 28 1437 268 1438
979 2 2 1 28 1423 1421 1439
980 2 2 1 28 1423 1439 1432
981 2 2 1 28 1440 1436 1435
982 2 2 1 28 265 1440 1435
983 2 2 1 28 265 1435 266
984 2 2 1 28 1434 1438 1417
985 2 2 1 28 1418 1434 1417
986 2 2 1 28 1436 1442 1441
987 2 2 1 28 1441 1443 1436
988 2 2 1 28 1443 1441 298
989 2 2 1 28 1444 1420 1431
990 2 2 1 28 1444 1431 294
991 2 2 1 28 1432 292 293
992 2 2 1 28 1444 294 295
993 2 2 1 28 1445 1446 1442
994 2 2 1 28 1442 1446 1447
995 2 2 1 28 1447 1446 1448
996 2 2 1 28 1449 1428 1450
997 2 2 1 28 1438 268 267
998 2 2 1 28 1449 1450 257
999 2 2 1 28 1447 1448 297
1000 2 2 1 28 257 1450 258
1001 2 2 1 28 1440 1442 1436
1002 2 2 1 28 1417 1451 1435
1003 2 2 1 28 1435 1419 1417
1004 2 2 1 28 1430 304 289
1005 2 2 1 28 1452 1446 1445
1006 2 2 1 28 1419 1436 1443
1007 2 2 1 28 1419 1443 299
1008 2 2 1 28 290 1430 289
1009 2 2 1 28 1441 1447 297
1010 2 2 1 28 1445 263 1452
1011 2 2 1 28 1453 1444 1454
1012 2 2 1 28 1454 1444 295
1013 2 2 1 28 1454 295 296
1014 2 2 1 28 1432 1439 1427
1015 2 2 1 28 1454 1446 1453
1016 2 2 1 28 1446 1452 1453
1017 2 2 1 28 308 42 1437
1018 2 2 1 28 1437 42 268
1019 2 2 1 28 1432 1427 1426
1020 2 2 1 28 1430 303 304
1021 2 2 1 28 1426 292 1432
1022 2 2 1 28 303 1430 1429
1023 2 2 1 28 1455 1420 1453
1024 2 2 1 28 1420 1444 1453
1025 2 2 1 28 1422 260 1421
1026 2 2 1 28 1421 260 259
1027 2 2 1 28 308 1437 307
1028 2 2 1 28 307 1437 1434
1029 2 2 1 28 1445 1442 1440
1030 2 2 1 28 264 1445 1440
1031 2 2 1 28 1425 1429 1424
1032 2 2 1 28 1455 1453 1452
1033 2 2 1 28 1452 262 1455
1034 2 2 1 28 1455 262 261
1035 2 2 1 28 1422 1420 1455
1036 2 2 1 28 1455 261 1422
1037 2 2 1 28 1422 261 260
1038 2 2 1 28 1452 263 262
1039 2 2 1 28 1417 1438 1451
1040 2 2 1 28 1438 267 1451
1041 2 2 1 28 1446 1454 1448
1042 2 2 1 28 1454 296 1448
1043 2 2 1 28 1423 1431 1420
1044 2 2 1 28 1421 259 1439
1045 2 2 1 28 1451 266 1435
1046 2 2 1 28 1449 302 1428
1047 2 2 1 28 302 1456 1428
1048 2 2 1 28 1447 1441 1442
1049 2 2 1 28 302 1449 41
1050 2 2 1 28 1449 257 41
1051 2 2 1 28 1433 301 45
1052 2 2 1 28 307 1433 45
1053 2 2 1 28 297 1448 296
1054 2 2 1 28 1429 302 303
1055 2 2 1 28 1439 259 258
1056 2 2 1 28 1450 1427 1439
1057 2 2 1 28 1427 1450 1428
1058 2 2 1 28 258 1450 1439
1059 2 2 1 28 1451 267 266
1060 2 2 1 28 307 1434 1433
1061 2 2 1 28 264 1440 265
1062 2 2 1 28 1425 1456 1429
1063 2 2 1 28 298 1441 297
1064 2 2 1 28 299 1443 298
1065 2 2 1 28 263 1445 264
1066 2 2 1 28 1418 300 301
1067 2 2 1 28 1456 302 1429
1068 2 2 1 28 1456 1425 1428
1069 2 2 1 29 1457 1459 1458
1070 2 2 1 29 1458 1459 1460
1071 2 2 1 29 1461 1462 321
1072 2 2 1 29 1461 1463 341
1073 2 2 1 29 320 1462 1464
1074 2 2 1 29 320 1464 319
1075 2 2 1 29 1465 1467 1466
1076 2 2 1 29 1465 1466 1468
1077 2 2 1 29 342 322 47
1078 2 2 1 29 1469 1471 1470
1079 2 2 1 29 1472 1473 1471
1080 2 2 1 29 1471 1469 1472
1081 2 2 1 29 343 1467 43
1082 2 2 1 29 276 1467 1465
1083 2 2 1 29 1467 276 43
1084 2 2 1 29 340 1474 1461
1085 2 2 1 29 340 339 1474
1086 2 2 1 29 1475 288 1476
1087 2 2 1 29 1461 341 340
1088 2 2 1 29 1476 288 287
1089 2 2 1 29 1477 1457 284
1090 2 2 1 29 1477 1478 1457
1091 2 2 1 29 1457 285 284
1092 2 2 1 29 1465 277 276
1093 2 2 1 29 1461 1479 1462
1094 2 2 1 29 1479 1461 1474
1095 2 2 1 29 1466 1480 1468
1096 2 2 1 29 1468 1480 1481
1097 2 2 1 29 1480 309 1481
1098 2 2 1 29 1482 1484 1483
1099 2 2 1 29 1484 1477 1485
1100 2 2 1 29 1486 1483 1484
1101 2 2 1 29 1484 1485 1486
1102 2 2 1 29 1458 1460 1487
1103 2 2 1 29 1488 1487 1460
1104 2 2 1 29 286 1458 1487
1105 2 2 1 29 1466 344 1480
1106 2 2 1 29 1465 1468 1489
1107 2 2 1 29 1490 1478 1482
1108 2 2 1 29 1477 1484 1478
1109 2 2 1 29 1484 1482 1478
1110 2 2 1 29 1491 1488 1460
1111 2 2 1 29 1457 1458 285
1112 2 2 1 29 1491 1460 1492
1113 2 2 1 29 318 1491 1492
1114 2 2 1 29 1487 1488 1476
1115 2 2 1 29 1476 1488 1479
1116 2 2 1 29 1465 1489 1493
1117 2 2 1 29 277 1465 1493
1118 2 2 1 29 277 1493 278
1119 2 2 1 29 1457 1478 1459
1120 2 2 1 29 1478 1490 1459
1121 2 2 1 29 1494 1495 1472
1122 2 2 1 29 1479 1474 1475
1123 2 2 1 29 1473 1472 1495
1124 2 2 1 29 281 1473 1495
1125 2 2 1 29 1468 1496 1489
1126 2 2 1 29 1497 1498 1493
1127 2 2 1 29 1498 278 1493
1128 2 2 1 29 278 1498 279
1129 2 2 1 29 1477 283 1485
1130 2 2 1 29 1477 284 283
1131 2 2 1 29 1474 339 1475
1132 2 2 1 29 1475 339 44
1133 2 2 1 29 1497 1496 1499
1134 2 2 1 29 1489 1496 1497
1135 2 2 1 29 1496 311 1499
1136 2 2 1 29 311 1496 310
1137 2 2 1 29 315 1482 1483
1138 2 2 1 29 1466 1467 343
1139 2 2 1 29 1495 1494 1485
1140 2 2 1 29 344 1466 343
1141 2 2 1 29 1486 1485 1494
1142 2 2 1 29 282 1495 1485
1143 2 2 1 29 1492 1459 1490
1144 2 2 1 29 1490 317 1492
1145 2 2 1 29 1492 317 318
1146 2 2 1 29 320 321 1462
1147 2 2 1 29 1461 321 1463
1148 2 2 1 29 1500 1471 1473
1149 2 2 1 29 280 1500 1473
1150 2 2 1 29 1469 312 313
1151 2 2 1 29 319 1464 1491
1152 2 2 1 29 1482 315 316
1153 2 2 1 29 1472 1501 1494
1154 2 2 1 29 1483 1494 1501
1155 2 2 1 29 314 1483 1501
1156 2 2 1 29 1479 1464 1462
1157 2 2 1 29 1493 1489 1497
1158 2 2 1 29 316 1490 1482
1159 2 2 1 29 1490 316 317
1160 2 2 1 29 1471 1498 1497
1161 2 2 1 29 1471 1500 1498
1162 2 2 1 29 279 1498 1500
1163 2 2 1 29 1470 1497 1499
1164 2 2 1 29 1470 1471 1497
1165 2 2 1 29 1470 312 1469
1166 2 2 1 29 1472 1469 1501
1167 2 2 1 29 1469 313 1501
1168 2 2 1 29 1468 1481 1496
1169 2 2 1 29 310 1496 1481
1170 2 2 1 29 1483 1486 1494
1171 2 2 1 29 1499 311 1470
1172 2 2 1 29 312 1470 311
1173 2 2 1 29 44 288 1475
1174 2 2 1 29 341 1463 342
1175 2 2 1 29 322 342 1463
1176 2 2 1 29 1463 321 322
1177 2 2 1 29 310 1481 309
1178 2 2 1 29 1459 1492 1460
1179 2 2 1 29 1480 344 46
1180 2 2 1 29 309 1480 46
1181 2 2 1 29 1483 314 315
1182 2 2 1 29 1501 313 314
1183 2 2 1 29 1487 287 286
1184 2 2 1 29 1458 286 285
1185 2 2 1 29 1476 1479 1475
1186 2 2 1 29 1476 287 1487
1187 2 2 1 29 279 1500 280
1188 2 2 1 29 1473 281 280
1189 2 2 1 29 1495 282 281
1190 2 2 1 29 1485 283 282
1191 2 2 1 29 1491 318 319
1192 2 2 1 29 1464 1488 1491
1193 2 2 1 29 1488 1464 1479
1194 2 2 1 30 341 342 1502
1195 2 2 1 30 1502 342 323
1196 2 2 1 30 1503 1505 1504
1197 2 2 1 30 1503 1504 1506
1198 2 2 1 30 1507 1508 1502
1199 2 2 1 30 1502 1508 341
1200 2 2 1 30 323 342 47
1201 2 2 1 30 340 1508 1509
1202 2 2 1 30 340 1509 339
1203 2 2 1 30 324 1507 1502
1204 2 2 1 30 1510 325 326
1205 2 2 1 30 1511 1512 1510
1206 2 2 1 30 1510 1512 1507
1207 2 2 1 30 1513 290 289
1208 2 2 1 30 290 1513 1514
1209 2 2 1 30 1515 1517 1516
1210 2 2 1 30 1517 1515 1518
1211 2 2 1 30 1515 328 1518
1212 2 2 1 30 1519 1521 1520
1213 2 2 1 30 1504 1520 1521
1214 2 2 1 30 1519 301 1521
1215 2 2 1 30 325 1507 324
1216 2 2 1 30 1522 1506 1521
1217 2 2 1 30 1504 1521 1506
1218 2 2 1 30 1523 1525 1524
1219 2 2 1 30 1526 1525 1527
1220 2 2 1 30 1525 1523 1527
1221 2 2 1 30 1528 1530 1529
1222 2 2 1 30 1529 333 1528
1223 2 2 1 30 1525 1532 1531
1224 2 2 1 30 1533 1531 1532
1225 2 2 1 30 1532 331 1533
1226 2 2 1 30 1507 325 1510
1227 2 2 1 30 1510 326 1534
1228 2 2 1 30 1529 1530 1535
1229 2 2 1 30 1530 1536 1535
1230 2 2 1 30 1537 1520 1505
1231 2 2 1 30 1505 338 1537
1232 2 2 1 30 338 1505 337
1233 2 2 1 30 326 327 1534
1234 2 2 1 30 1517 1538 1514
1235 2 2 1 30 1517 1514 1516
1236 2 2 1 30 1539 1506 1522
1237 2 2 1 30 1540 1503 1506
1238 2 2 1 30 1541 1512 1511
1239 2 2 1 30 1541 1511 1513
1240 2 2 1 30 1539 1540 1506
1241 2 2 1 30 1542 1525 1531
1242 2 2 1 30 1543 1540 1539
1243 2 2 1 30 1544 1545 1540
1244 2 2 1 30 1543 1544 1540
1245 2 2 1 30 337 1505 1503
1246 2 2 1 30 1531 1533 1535
1247 2 2 1 30 290 1514 291
1248 2 2 1 30 1546 1531 1535
1249 2 2 1 30 1505 1520 1504
1250 2 2 1 30 1547 1530 1548
1251 2 2 1 30 1508 1507 1512
1252 2 2 1 30 1530 1528 1548
1253 2 2 1 30 1513 289 1541
1254 2 2 1 30 289 44 1541
1255 2 2 1 30 346 1519 345
1256 2 2 1 30 345 1519 1520
1257 2 2 1 30 1527 1518 1526
1258 2 2 1 30 1518 329 1526
1259 2 2 1 30 324 1502 323
1260 2 2 1 30 1528 333 334
1261 2 2 1 30 1535 1533 1529
1262 2 2 1 30 1533 332 1529
1263 2 2 1 30 1510 1534 1511
1264 2 2 1 30 1517 1518 1527
1265 2 2 1 30 1515 1534 327
1266 2 2 1 30 1515 327 328
1267 2 2 1 30 1525 1526 1532
1268 2 2 1 30 1526 330 1532
1269 2 2 1 30 1546 1535 1536
1270 2 2 1 30 1508 340 341
1271 2 2 1 30 295 1546 1536
1272 2 2 1 30 1547 1548 1543
1273 2 2 1 30 1544 1543 1548
1274 2 2 1 30 1521 301 300
1275 2 2 1 30 346 45 1519
1276 2 2 1 30 1519 45 301
1277 2 2 1 30 297 1547 1543
1278 2 2 1 30 1536 1530 1547
1279 2 2 1 30 296 1536 1547
1280 2 2 1 30 1542 1531 1546
1281 2 2 1 30 294 1542 1546
1282 2 2 1 30 1524 1525 1542
1283 2 2 1 30 293 1524 1542
1284 2 2 1 30 298 1543 1539
1285 2 2 1 30 337 1503 336
1286 2 2 1 30 299 1539 1522
1287 2 2 1 30 1540 1545 1503
1288 2 2 1 30 336 1503 1545
1289 2 2 1 30 336 1545 335
1290 2 2 1 30 1548 1528 1549
1291 2 2 1 30 1549 1544 1548
1292 2 2 1 30 1528 334 1549
1293 2 2 1 30 300 1522 1521
1294 2 2 1 30 1509 1512 1541
1295 2 2 1 30 1515 1516 1534
1296 2 2 1 30 1533 331 332
1297 2 2 1 30 1544 1549 1545
1298 2 2 1 30 335 1545 1549
1299 2 2 1 30 333 1529 332
1300 2 2 1 30 335 1549 334
1301 2 2 1 30 1523 1517 1527
1302 2 2 1 30 1517 1523 1538
1303 2 2 1 30 1523 292 1538
1304 2 2 1 30 292 1523 1524
1305 2 2 1 30 331 1532 330
1306 2 2 1 30 44 339 1541
1307 2 2 1 30 1537 338 48
1308 2 2 1 30 345 1537 48
1309 2 2 1 30 1516 1511 1534
1310 2 2 1 30 1511 1516 1513
1311 2 2 1 30 291 1514 1538
1312 2 2 1 30 345 1520 1537
1313 2 2 1 30 291 1538 292
1314 2 2 1 30 1524 293 292
1315 2 2 1 30 1522 300 299
1316 2 2 1 30 1543 298 297
1317 2 2 1 30 1539 299 298
1318 2 2 1 30 1542 294 293
1319 2 2 1 30 1536 296 295
1320 2 2 1 30 1547 297 296
1321 2 2 1 30 1546 295 294
1322 2 2 1 30 329 1518 328
1323 2 2 1 30 330 1526 329
1324 2 2 1 30 1516 1514 1513
1325 2 2 1 30 339 1509 1541
1326 2 2 1 30 1512 1509 1508
1327 2 2 1 31 384 1550 363
1328 2 2 1 31 363 1550 362
1329 2 2 1 31 362 1550 1551
1330 2 2 1 31 362 1551 361
1331 2 2 1 31 1552 1553 360
1332 2 2 1 31 360 1553 359
1333 2 2 1 31 1551 1552 361
1334 2 2 1 31 361 1552 360
1335 2 2 1 31 1554 1556 1555
1336 2 2 1 31 1554 1555 1557
1337 2 2 1 31 358 1555 1556
1338 2 2 1 31 1558 1559 382
1339 2 2 1 31 1559 1560 382
1340 2 2 1 31 385 1561 46
1341 2 2 1 31 1561 309 46
1342 2 2 1 31 1558 382 47
1343 2 2 1 31 1562 1564 1563
1344 2 2 1 31 322 1558 47
1345 2 2 1 31 1564 1558 322
1346 2 2 1 31 1565 1567 1566
1347 2 2 1 31 1567 1568 1566
1348 2 2 1 31 1569 1571 1570
1349 2 2 1 31 1571 1572 1570
1350 2 2 1 31 1573 1575 1574
1351 2 2 1 31 1575 1576 1574
1352 2 2 1 31 1577 1575 1571
1353 2 2 1 31 1575 1578 1571
1354 2 2 1 31 384 363 50
1355 2 2 1 31 1557 1579 1554
1356 2 2 1 31 1580 1581 1566
1357 2 2 1 31 1581 1582 1566
1358 2 2 1 31 1583 1574 1567
1359 2 2 1 31 1574 1584 1567
1360 2 2 1 31 1585 320 1579
1361 2 2 1 31 1557 1585 1579
1362 2 2 1 31 319 1579 320
1363 2 2 1 31 1586 1581 1587
1364 2 2 1 31 1586 1588 1581
1365 2 2 1 31 1588 1589 1581
1366 2 2 1 31 1585 1563 321
1367 2 2 1 31 1585 321 320
1368 2 2 1 31 1590 1592 1591
1369 2 2 1 31 1593 1594 1592
1370 2 2 1 31 1590 1593 1592
1371 2 2 1 31 1595 1561 385
1372 2 2 1 31 1596 1553 1563
1373 2 2 1 31 1563 1553 1562
1374 2 2 1 31 359 1596 1555
1375 2 2 1 31 359 1555 358
1376 2 2 1 31 385 386 1595
1377 2 2 1 31 1591 1570 1597
1378 2 2 1 31 1591 1592 1570
1379 2 2 1 31 1564 322 321
1380 2 2 1 31 1592 1598 1570
1381 2 2 1 31 356 1586 1587
1382 2 2 1 31 1564 1562 1558
1383 2 2 1 31 1580 1566 1568
1384 2 2 1 31 1568 354 1580
1385 2 2 1 31 1580 354 355
1386 2 2 1 31 1582 1581 1589
1387 2 2 1 31 1564 321 1563
1388 2 2 1 31 1589 318 1582
1389 2 2 1 31 1582 318 317
1390 2 2 1 31 1568 1567 1584
1391 2 2 1 31 1584 353 1568
1392 2 2 1 31 1568 353 354
1393 2 2 1 31 1584 1574 1576
1394 2 2 1 31 1576 352 1584
1395 2 2 1 31 1584 352 353
1396 2 2 1 31 1560 1552 1551
1397 2 2 1 31 1560 1551 1599
1398 2 2 1 31 1565 1566 1582
1399 2 2 1 31 1559 1558 1562
1400 2 2 1 31 1582 317 1565
1401 2 2 1 31 1565 317 316
1402 2 2 1 31 1557 1596 1563
1403 2 2 1 31 1576 1575 1577
1404 2 2 1 31 1577 351 1576
1405 2 2 1 31 1576 351 352
1406 2 2 1 31 1583 1567 1565
1407 2 2 1 31 1565 316 1583
1408 2 2 1 31 1583 316 315
1409 2 2 1 31 1577 1571 1569
1410 2 2 1 31 1569 350 1577
1411 2 2 1 31 1577 350 351
1412 2 2 1 31 1569 1570 1598
1413 2 2 1 31 1598 349 1569
1414 2 2 1 31 1569 349 350
1415 2 2 1 31 1573 1574 1583
1416 2 2 1 31 1583 315 1573
1417 2 2 1 31 1573 315 314
1418 2 2 1 31 1578 1575 1573
1419 2 2 1 31 1573 314 1578
1420 2 2 1 31 1578 314 313
1421 2 2 1 31 1572 1571 1578
1422 2 2 1 31 1578 313 1572
1423 2 2 1 31 1572 313 312
1424 2 2 1 31 1593 1561 1595
1425 2 2 1 31 1561 1593 1590
1426 2 2 1 31 309 1561 1590
1427 2 2 1 31 1589 1554 1579
1428 2 2 1 31 1589 1588 1554
1429 2 2 1 31 319 1589 1579
1430 2 2 1 31 1589 319 318
1431 2 2 1 31 311 1591 1597
1432 2 2 1 31 1592 1594 1598
1433 2 2 1 31 349 1598 1594
1434 2 2 1 31 349 1594 348
1435 2 2 1 31 310 1590 1591
1436 2 2 1 31 1600 386 49
1437 2 2 1 31 386 1600 1595
1438 2 2 1 31 347 1600 49
1439 2 2 1 31 1593 1601 1594
1440 2 2 1 31 348 1594 1601
1441 2 2 1 31 1597 1570 1572
1442 2 2 1 31 1572 312 1597
1443 2 2 1 31 1587 1581 1580
1444 2 2 1 31 1580 355 1587
1445 2 2 1 31 1600 1593 1595
1446 2 2 1 31 1593 1600 1601
1447 2 2 1 31 1600 347 1601
1448 2 2 1 31 1599 1551 1550
1449 2 2 1 31 1550 384 1599
1450 2 2 1 31 1588 1556 1554
1451 2 2 1 31 1556 1588 1586
1452 2 2 1 31 357 1556 1586
1453 2 2 1 31 1556 357 358
1454 2 2 1 31 1559 1562 1552
1455 2 2 1 31 382 1560 383
1456 2 2 1 31 1560 1559 1552
1457 2 2 1 31 1599 383 1560
1458 2 2 1 31 1585 1557 1563
1459 2 2 1 31 1586 356 357
1460 2 2 1 31 1587 355 356
1461 2 2 1 31 1562 1553 1552
1462 2 2 1 31 359 1553 1596
1463 2 2 1 31 1557 1555 1596
1464 2 2 1 31 1597 312 311
1465 2 2 1 31 1591 311 310
1466 2 2 1 31 1590 310 309
1467 2 2 1 31 348 1601 347
1468 2 2 1 31 383 1599 384
1469 2 2 1 32 1602 1604 1603
1470 2 2 1 32 1605 1606 367
1471 2 2 1 32 1603 1604 331
1472 2 2 1 32 332 1604 1607
1473 2 2 1 32 1608 1610 1609
1474 2 2 1 32 1611 1613 1612
1475 2 2 1 32 1608 1609 1614
1476 2 2 1 32 1615 338 337
1477 2 2 1 32 1608 1617 1616
1478 2 2 1 32 384 50 364
1479 2 2 1 32 1608 1616 1618
1480 2 2 1 32 333 1607 1609
1481 2 2 1 32 333 1609 334
1482 2 2 1 32 1606 366 367
1483 2 2 1 32 1605 367 368
1484 2 2 1 32 1619 1605 368
1485 2 2 1 32 323 47 1620
1486 2 2 1 32 1621 1622 325
1487 2 2 1 32 325 1622 326
1488 2 2 1 32 1623 1624 1620
1489 2 2 1 32 1623 1620 382
1490 2 2 1 32 1624 323 1620
1491 2 2 1 32 1624 1625 323
1492 2 2 1 32 1625 324 323
1493 2 2 1 32 1626 365 366
1494 2 2 1 32 366 1606 1627
1495 2 2 1 32 366 1627 1626
1496 2 2 1 32 1604 1629 1628
1497 2 2 1 32 332 1607 333
1498 2 2 1 32 1605 1624 1606
1499 2 2 1 32 1606 1624 1623
1500 2 2 1 32 377 1630 376
1501 2 2 1 32 1629 376 1628
1502 2 2 1 32 1613 370 1631
1503 2 2 1 32 1611 370 1613
1504 2 2 1 32 1604 332 331
1505 2 2 1 32 387 1632 51
1506 2 2 1 32 1633 381 1632
1507 2 2 1 32 1632 381 51
1508 2 2 1 32 1634 1635 1631
1509 2 2 1 32 1634 1636 1635
1510 2 2 1 32 326 1622 1635
1511 2 2 1 32 326 1635 327
1512 2 2 1 32 327 1635 1636
1513 2 2 1 32 1615 1638 1637
1514 2 2 1 32 1638 1632 1637
1515 2 2 1 32 1637 338 1615
1516 2 2 1 32 1638 1615 1639
1517 2 2 1 32 1640 1638 1639
1518 2 2 1 32 1635 1613 1631
1519 2 2 1 32 1634 1631 1641
1520 2 2 1 32 1631 371 1641
1521 2 2 1 32 1607 1628 1614
1522 2 2 1 32 1628 1630 1614
1523 2 2 1 32 1604 1602 1629
1524 2 2 1 32 1633 1632 1638
1525 2 2 1 32 1642 1618 1639
1526 2 2 1 32 1618 1616 1639
1527 2 2 1 32 1643 1645 1644
1528 2 2 1 32 1646 1643 1644
1529 2 2 1 32 47 382 1620
1530 2 2 1 32 324 1625 1621
1531 2 2 1 32 325 324 1621
1532 2 2 1 32 1626 384 364
1533 2 2 1 32 1619 368 369
1534 2 2 1 32 1602 1647 1643
1535 2 2 1 32 1648 1602 1643
1536 2 2 1 32 1602 1603 1647
1537 2 2 1 32 1602 1648 1649
1538 2 2 1 32 365 1626 364
1539 2 2 1 32 1619 369 1611
1540 2 2 1 32 1611 369 370
1541 2 2 1 32 1605 1625 1624
1542 2 2 1 32 1614 1617 1608
1543 2 2 1 32 1634 1641 1644
1544 2 2 1 32 1636 1634 1644
1545 2 2 1 32 1604 1628 1607
1546 2 2 1 32 1626 1627 383
1547 2 2 1 32 1628 376 1630
1548 2 2 1 32 1617 1614 1630
1549 2 2 1 32 377 1617 1630
1550 2 2 1 32 1617 377 378
1551 2 2 1 32 388 48 1637
1552 2 2 1 32 1637 48 338
1553 2 2 1 32 388 1637 387
1554 2 2 1 32 387 1637 1632
1555 2 2 1 32 327 1636 328
1556 2 2 1 32 1640 1639 1616
1557 2 2 1 32 1616 379 1640
1558 2 2 1 32 1640 379 380
1559 2 2 1 32 1612 1621 1625
1560 2 2 1 32 1621 1612 1622
1561 2 2 1 32 1617 378 1616
1562 2 2 1 32 1616 378 379
1563 2 2 1 32 1644 1645 1636
1564 2 2 1 32 328 1636 1645
1565 2 2 1 32 328 1645 329
1566 2 2 1 32 1643 1647 1645
1567 2 2 1 32 329 1645 1647
1568 2 2 1 32 329 1647 330
1569 2 2 1 32 1626 383 384
1570 2 2 1 32 1642 1639 1615
1571 2 2 1 32 1615 337 1642
1572 2 2 1 32 1642 337 336
1573 2 2 1 32 1605 1612 1625
1574 2 2 1 32 382 1627 1623
1575 2 2 1 32 382 383 1627
1576 2 2 1 32 1627 1606 1623
1577 2 2 1 32 1613 1622 1612
1578 2 2 1 32 1633 1638 1640
1579 2 2 1 32 1640 380 1633
1580 2 2 1 32 1650 1618 1642
1581 2 2 1 32 1642 336 1650
1582 2 2 1 32 371 1631 370
1583 2 2 1 32 1633 380 381
1584 2 2 1 32 1613 1635 1622
1585 2 2 1 32 330 1647 1603
1586 2 2 1 32 1641 372 1646
1587 2 2 1 32 1644 1641 1646
1588 2 2 1 32 373 1646 372
1589 2 2 1 32 334 1609 1610
1590 2 2 1 32 1610 335 334
1591 2 2 1 32 1614 1609 1607
1592 2 2 1 32 374 1648 373
1593 2 2 1 32 372 1641 371
1594 2 2 1 32 1612 1605 1619
1595 2 2 1 32 1629 1602 1649
1596 2 2 1 32 375 1629 1649
1597 2 2 1 32 1611 1612 1619
1598 2 2 1 32 1643 1646 1648
1599 2 2 1 32 1646 373 1648
1600 2 2 1 32 1648 374 1649
1601 2 2 1 32 376 1629 375
1602 2 2 1 32 330 1603 331
1603 2 2 1 32 375 1649 374
1604 2 2 1 32 1650 336 335
1605 2 2 1 32 1618 1610 1608
1606 2 2 1 32 1610 1618 1650
1607 2 2 1 32 335 1610 1650
1608 2 2 1 33 405 1652 1651
1609 2 2 1 33 428 1653 1651
1610 2 2 1 33 1654 1656 1655
1611 2 2 1 33 1654 1655 1657
1612 2 2 1 33 1657 1655 1658
1613 2 2 1 33 347 1659 348
1614 2 2 1 33 1657 1658 1660
1615 2 2 1 33 427 1653 428
1616 2 2 1 33 428 1651 1661
1617 2 2 1 33 1661 1652 406
1618 2 2 1 33 404 1662 403
1619 2 2 1 33 405 1651 404
1620 2 2 1 33 428 1661 429
1621 2 2 1 33 1663 1664 1662
1622 2 2 1 33 1664 1665 402
1623 2 2 1 33 402 1665 401
1624 2 2 1 33 1666 363 362
1625 2 2 1 33 1666 362 1667
1626 2 2 1 33 429 406 53
1627 2 2 1 33 1668 431 52
1628 2 2 1 33 389 1669 1668
1629 2 2 1 33 389 1668 52
1630 2 2 1 33 406 429 1661
1631 2 2 1 33 1662 1651 1653
1632 2 2 1 33 1670 1672 1671
1633 2 2 1 33 1672 1670 1660
1634 2 2 1 33 1659 1674 1673
1635 2 2 1 33 1674 1675 1673
1636 2 2 1 33 1676 1678 1677
1637 2 2 1 33 1678 1680 1679
1638 2 2 1 33 1677 1678 1679
1639 2 2 1 33 1681 430 1668
1640 2 2 1 33 1668 1682 1681
1641 2 2 1 33 1668 430 431
1642 2 2 1 33 1668 1669 1674
1643 2 2 1 33 1683 1671 1684
1644 2 2 1 33 1684 1685 1683
1645 2 2 1 33 1686 1684 1671
1646 2 2 1 33 1673 1685 1684
1647 2 2 1 33 1687 1673 1684
1648 2 2 1 33 1656 1689 1688
1649 2 2 1 33 1690 1689 1654
1650 2 2 1 33 1689 1656 1654
1651 2 2 1 33 1657 1691 1654
1652 2 2 1 33 1672 1660 1658
1653 2 2 1 33 1660 1692 1657
1654 2 2 1 33 1693 1695 1694
1655 2 2 1 33 1693 1697 1696
1656 2 2 1 33 1695 1693 1696
1657 2 2 1 33 1665 1679 1680
1658 2 2 1 33 401 1665 1680
1659 2 2 1 33 1667 1698 1664
1660 2 2 1 33 1667 1664 1663
1661 2 2 1 33 1698 361 1677
1662 2 2 1 33 1677 361 360
1663 2 2 1 33 401 1680 400
1664 2 2 1 33 1688 1693 1694
1665 2 2 1 33 1699 1693 1689
1666 2 2 1 33 1693 1688 1689
1667 2 2 1 33 1651 1662 404
1668 2 2 1 33 1678 1700 1680
1669 2 2 1 33 1690 396 397
1670 2 2 1 33 1678 1701 1695
1671 2 2 1 33 1678 1695 1696
1672 2 2 1 33 1700 1678 1696
1673 2 2 1 33 347 1682 1659
1674 2 2 1 33 1667 362 361
1675 2 2 1 33 1674 1659 1682
1676 2 2 1 33 1673 1687 1659
1677 2 2 1 33 348 1659 1687
1678 2 2 1 33 348 1687 349
1679 2 2 1 33 1656 355 1655
1680 2 2 1 33 1655 355 354
1681 2 2 1 33 1673 1675 1685
1682 2 2 1 33 391 1685 1675
1683 2 2 1 33 1653 1663 1662
1684 2 2 1 33 1663 1653 1666
1685 2 2 1 33 391 1675 390
1686 2 2 1 33 1688 356 1656
1687 2 2 1 33 1656 356 355
1688 2 2 1 33 357 1694 1695
1689 2 2 1 33 357 1695 358
1690 2 2 1 33 1692 1660 1670
1691 2 2 1 33 394 1692 1670
1692 2 2 1 33 1670 393 394
1693 2 2 1 33 1681 1682 347
1694 2 2 1 33 1694 357 1688
1695 2 2 1 33 1698 1679 1664
1696 2 2 1 33 1688 357 356
1697 2 2 1 33 1671 1683 1670
1698 2 2 1 33 1683 393 1670
1699 2 2 1 33 393 1683 392
1700 2 2 1 33 1671 1702 1686
1701 2 2 1 33 1702 351 1686
1702 2 2 1 33 1691 1657 1692
1703 2 2 1 33 395 1691 1692
1704 2 2 1 33 1685 392 1683
1705 2 2 1 33 392 1685 391
1706 2 2 1 33 400 1680 1700
1707 2 2 1 33 400 1700 399
1708 2 2 1 33 1701 1678 1676
1709 2 2 1 33 359 1701 1676
1710 2 2 1 33 1690 1654 1691
1711 2 2 1 33 396 1690 1691
1712 2 2 1 33 353 1672 1658
1713 2 2 1 33 1672 353 352
1714 2 2 1 33 1699 1689 1690
1715 2 2 1 33 397 1699 1690
1716 2 2 1 33 1702 1671 1672
1717 2 2 1 33 1697 1693 1699
1718 2 2 1 33 398 1697 1699
1719 2 2 1 33 1700 1696 1697
1720 2 2 1 33 399 1700 1697
1721 2 2 1 33 1674 1669 1675
1722 2 2 1 33 390 1675 1669
1723 2 2 1 33 358 1695 1701
1724 2 2 1 33 1684 1703 1687
1725 2 2 1 33 349 1687 1703
1726 2 2 1 33 1655 354 1658
1727 2 2 1 33 1653 427 1666
1728 2 2 1 33 1666 50 363
1729 2 2 1 33 352 1702 1672
1730 2 2 1 33 403 1662 1664
1731 2 2 1 33 1684 1686 1703
1732 2 2 1 33 1686 350 1703
1733 2 2 1 33 50 1666 427
1734 2 2 1 33 1679 1665 1664
1735 2 2 1 33 403 1664 402
1736 2 2 1 33 390 1669 389
1737 2 2 1 33 1681 347 49
1738 2 2 1 33 430 1681 49
1739 2 2 1 33 1697 398 399
1740 2 2 1 33 1699 397 398
1741 2 2 1 33 1667 1663 1666
1742 2 2 1 33 1667 361 1698
1743 2 2 1 33 351 1702 352
1744 2 2 1 33 1676 360 359
1745 2 2 1 33 350 1686 351
1746 2 2 1 33 358 1701 359
1747 2 2 1 33 349 1703 350
1748 2 2 1 33 1658 354 353
1749 2 2 1 33 1677 1679 1698
1750 2 2 1 33 1677 360 1676
1751 2 2 1 33 1668 1674 1682
1752 2 2 1 33 1692 394 395
1753 2 2 1 33 1691 395 396
1754 2 2 1 33 1652 405 406
1755 2 2 1 33 1652 1661 1651
1756 2 2 1 34 1704 1706 1705
1757 2 2 1 34 1704 1705 1707
1758 2 2 1 34 1708 428 1709
1759 2 2 1 34 1710 1712 1711
1760 2 2 1 34 1711 1712 1713
1761 2 2 1 34 1712 1715 1714
1762 2 2 1 34 1712 1714 1716
1763 2 2 1 34 1717 1718 1711
1764 2 2 1 34 1717 1711 1719
1765 2 2 1 34 1709 428 429
1766 2 2 1 34 1709 408 1708
1767 2 2 1 34 1708 408 409
1768 2 2 1 34 1720 1722 1721
1769 2 2 1 34 53 407 429
1770 2 2 1 34 1720 1721 1723
1771 2 2 1 34 1724 1704 1725
1772 2 2 1 34 1724 1726 1704
1773 2 2 1 34 1727 1720 1728
1774 2 2 1 34 380 1724 1725
1775 2 2 1 34 1728 412 1729
1776 2 2 1 34 1727 1728 1729
1777 2 2 1 34 51 381 433
1778 2 2 1 34 1730 1732 1731
1779 2 2 1 34 1730 1731 1729
1780 2 2 1 34 1733 1727 1729
1781 2 2 1 34 1729 412 413
1782 2 2 1 34 1708 1734 428
1783 2 2 1 34 1723 1734 1708
1784 2 2 1 34 1734 1723 1735
1785 2 2 1 34 1708 409 1736
1786 2 2 1 34 1708 1736 1723
1787 2 2 1 34 410 411 1720
1788 2 2 1 34 1736 410 1720
1789 2 2 1 34 428 1734 427
1790 2 2 1 34 1720 1727 1722
1791 2 2 1 34 1734 1735 427
1792 2 2 1 34 1730 1729 413
1793 2 2 1 34 1730 413 414
1794 2 2 1 34 50 427 1735
1795 2 2 1 34 1705 432 1707
1796 2 2 1 34 1714 1737 1716
1797 2 2 1 34 1736 409 410
1798 2 2 1 34 1720 1723 1736
1799 2 2 1 34 50 1735 364
1800 2 2 1 34 1731 367 1733
1801 2 2 1 34 1733 367 366
1802 2 2 1 34 1735 1721 364
1803 2 2 1 34 1716 1737 1738
1804 2 2 1 34 1716 1738 415
1805 2 2 1 34 1739 1741 1740
1806 2 2 1 34 1724 1740 1726
1807 2 2 1 34 1721 365 364
1808 2 2 1 34 1742 1740 1741
1809 2 2 1 34 1740 1742 1726
1810 2 2 1 34 1743 1744 1739
1811 2 2 1 34 1741 1739 1744
1812 2 2 1 34 1741 1744 422
1813 2 2 1 34 1741 422 423
1814 2 2 1 34 1742 1741 423
1815 2 2 1 34 1742 423 424
1816 2 2 1 34 1722 1733 366
1817 2 2 1 34 1722 366 365
1818 2 2 1 34 365 1721 1722
1819 2 2 1 34 367 1731 368
1820 2 2 1 34 429 407 1709
1821 2 2 1 34 1745 1726 1742
1822 2 2 1 34 1709 407 408
1823 2 2 1 34 1745 1742 424
1824 2 2 1 34 1745 424 425
1825 2 2 1 34 1744 1743 1746
1826 2 2 1 34 1743 1747 1746
1827 2 2 1 34 1728 1720 411
1828 2 2 1 34 412 1728 411
1829 2 2 1 34 1748 1747 1743
1830 2 2 1 34 1713 1719 1711
1831 2 2 1 34 1727 1733 1722
1832 2 2 1 34 1719 1713 417
1833 2 2 1 34 1716 1713 1712
1834 2 2 1 34 1749 369 1732
1835 2 2 1 34 1713 1716 416
1836 2 2 1 34 1749 1730 1737
1837 2 2 1 34 1719 1750 1717
1838 2 2 1 34 1750 1719 418
1839 2 2 1 34 1751 1717 1750
1840 2 2 1 34 1751 1750 1752
1841 2 2 1 34 1753 1752 1750
1842 2 2 1 34 419 1753 1750
1843 2 2 1 34 1744 1746 421
1844 2 2 1 34 1744 421 422
1845 2 2 1 34 1712 1710 1715
1846 2 2 1 34 1715 1710 371
1847 2 2 1 34 1711 1718 1710
1848 2 2 1 34 1710 1718 372
1849 2 2 1 34 1714 1715 370
1850 2 2 1 34 1746 1752 1753
1851 2 2 1 34 1754 1752 1747
1852 2 2 1 34 1746 1747 1752
1853 2 2 1 34 1706 1704 1745
1854 2 2 1 34 1706 1745 425
1855 2 2 1 34 1706 425 426
1856 2 2 1 34 1725 1704 1707
1857 2 2 1 34 1707 381 1725
1858 2 2 1 34 1749 1737 1714
1859 2 2 1 34 1746 1753 420
1860 2 2 1 34 369 1749 1714
1861 2 2 1 34 369 1714 370
1862 2 2 1 34 1752 1754 1751
1863 2 2 1 34 1754 374 1751
1864 2 2 1 34 1717 1751 1718
1865 2 2 1 34 1718 1751 373
1866 2 2 1 34 1747 1748 1754
1867 2 2 1 34 1748 375 1754
1868 2 2 1 34 1721 1735 1723
1869 2 2 1 34 1754 375 374
1870 2 2 1 34 1705 1706 426
1871 2 2 1 34 1740 378 1739
1872 2 2 1 34 1730 1749 1732
1873 2 2 1 34 1746 420 421
1874 2 2 1 34 1739 378 377
1875 2 2 1 34 1724 379 1740
1876 2 2 1 34 1740 379 378
1877 2 2 1 34 1738 1730 414
1878 2 2 1 34 1730 1738 1737
1879 2 2 1 34 1724 380 379
1880 2 2 1 34 415 1738 414
1881 2 2 1 34 1725 381 380
1882 2 2 1 34 1726 1745 1704
1883 2 2 1 34 1755 1743 1739
1884 2 2 1 34 1739 377 1755
1885 2 2 1 34 370 1715 371
1886 2 2 1 34 1753 419 420
1887 2 2 1 34 416 1716 415
1888 2 2 1 34 371 1710 372
1889 2 2 1 34 1748 1743 1755
1890 2 2 1 34 376 1748 1755
1891 2 2 1 34 417 1713 416
1892 2 2 1 34 368 1732 369
1893 2 2 1 34 1729 1731 1733
1894 2 2 1 34 368 1731 1732
1895 2 2 1 34 372 1718 373
1896 2 2 1 34 418 1719 417
1897 2 2 1 34 1748 376 375
1898 2 2 1 34 373 1751 374
1899 2 2 1 34 419 1750 418
1900 2 2 1 34 1755 377 376
1901 2 2 1 34 381 1707 433
1902 2 2 1 34 1707 432 433
1903 2 2 1 34 1705 426 54
1904 2 2 1 34 432 1705 54
1905 2 2 1 35 56 1756 453
1906 2 2 1 35 452 1756 1757
1907 2 2 1 35 1758 1759 1757
1908 2 2 1 35 1760 404 403
1909 2 2 1 35 1757 1759 451
1910 2 2 1 35 1761 1760 403
1911 2 2 1 35 1762 1760 1763
1912 2 2 1 35 1763 1760 1764
1913 2 2 1 35 1761 1764 1760
1914 2 2 1 35 1765 1763 449
1915 2 2 1 35 1766 1761 402
1916 2 2 1 35 1766 402 401
1917 2 2 1 35 1758 1767 1759
1918 2 2 1 35 449 1763 448
1919 2 2 1 35 1768 1765 1759
1920 2 2 1 35 451 1759 450
1921 2 2 1 35 1768 1759 1767
1922 2 2 1 35 450 1759 1765
1923 2 2 1 35 449 450 1765
1924 2 2 1 35 477 1757 1756
1925 2 2 1 35 1769 405 404
1926 2 2 1 35 1757 477 1758
1927 2 2 1 35 1761 403 402
1928 2 2 1 35 452 1757 451
1929 2 2 1 35 1756 452 453
1930 2 2 1 35 1770 1772 1771
1931 2 2 1 35 1770 1771 443
1932 2 2 1 35 1773 1772 1774
1933 2 2 1 35 1773 1774 399
1934 2 2 1 35 56 478 1756
1935 2 2 1 35 1775 1777 1776
1936 2 2 1 35 1776 1777 441
1937 2 2 1 35 1778 1775 1779
1938 2 2 1 35 1778 1779 397
1939 2 2 1 35 1780 1781 1770
1940 2 2 1 35 1780 1770 444
1941 2 2 1 35 477 1756 478
1942 2 2 1 35 398 1773 399
1943 2 2 1 35 1774 1781 1782
1944 2 2 1 35 1774 1782 400
1945 2 2 1 35 1771 1783 1776
1946 2 2 1 35 1771 1776 442
1947 2 2 1 35 1779 1783 1773
1948 2 2 1 35 1765 1762 1763
1949 2 2 1 35 1779 1773 398
1950 2 2 1 35 448 1763 1784
1951 2 2 1 35 399 1774 400
1952 2 2 1 35 448 1784 447
1953 2 2 1 35 1785 1786 1780
1954 2 2 1 35 1785 1780 445
1955 2 2 1 35 1782 1786 1766
1956 2 2 1 35 1782 1766 401
1957 2 2 1 35 1784 1787 1785
1958 2 2 1 35 1784 1785 446
1959 2 2 1 35 1788 1790 1789
1960 2 2 1 35 1791 1792 1767
1961 2 2 1 35 1789 1793 390
1962 2 2 1 35 1794 1795 1793
1963 2 2 1 35 1793 1795 391
1964 2 2 1 35 1796 1797 1795
1965 2 2 1 35 1795 1797 392
1966 2 2 1 35 1798 1800 1799
1967 2 2 1 35 1799 1800 438
1968 2 2 1 35 1791 1767 476
1969 2 2 1 35 1787 1784 1764
1970 2 2 1 35 447 1784 446
1971 2 2 1 35 1801 1799 439
1972 2 2 1 35 1768 1767 1792
1973 2 2 1 35 1762 1765 1769
1974 2 2 1 35 1769 1765 1768
1975 2 2 1 35 1802 1801 440
1976 2 2 1 35 479 1788 52
1977 2 2 1 35 1788 1789 389
1978 2 2 1 35 1803 1777 1778
1979 2 2 1 35 1803 1778 396
1980 2 2 1 35 1788 389 52
1981 2 2 1 35 1798 393 1797
1982 2 2 1 35 393 1804 394
1983 2 2 1 35 1804 393 1798
1984 2 2 1 35 1790 480 55
1985 2 2 1 35 434 1790 55
1986 2 2 1 35 1805 1793 1789
1987 2 2 1 35 1806 1793 1805
1988 2 2 1 35 1805 435 1806
1989 2 2 1 35 1792 405 1769
1990 2 2 1 35 1792 1791 406
1991 2 2 1 35 405 1792 406
1992 2 2 1 35 397 1779 398
1993 2 2 1 35 400 1782 401
1994 2 2 1 35 1766 1787 1761
1995 2 2 1 35 1769 404 1762
1996 2 2 1 35 1792 1769 1768
1997 2 2 1 35 1807 1799 1801
1998 2 2 1 35 1804 1799 1807
1999 2 2 1 35 1803 1801 1802
2000 2 2 1 35 1807 1801 1803
2001 2 2 1 35 1807 1803 395
2002 2 2 1 35 1804 1798 1799
2003 2 2 1 35 395 1803 396
2004 2 2 1 35 1800 1796 437
2005 2 2 1 35 1804 1807 394
2006 2 2 1 35 1808 1796 1795
2007 2 2 1 35 1806 1794 1793
2008 2 2 1 35 394 1807 395
2009 2 2 1 35 1763 1764 1784
2010 2 2 1 35 1772 1781 1774
2011 2 2 1 35 1772 1770 1781
2012 2 2 1 35 1783 1772 1773
2013 2 2 1 35 1783 1771 1772
2014 2 2 1 35 1781 1786 1782
2015 2 2 1 35 476 1767 1758
2016 2 2 1 35 476 1758 477
2017 2 2 1 35 396 1778 397
2018 2 2 1 35 1775 1778 1777
2019 2 2 1 35 1781 1780 1786
2020 2 2 1 35 438 1800 437
2021 2 2 1 35 1787 1786 1785
2022 2 2 1 35 439 1799 438
2023 2 2 1 35 1787 1766 1786
2024 2 2 1 35 440 1801 439
2025 2 2 1 35 1805 1789 1790
2026 2 2 1 35 389 1789 390
2027 2 2 1 35 1802 441 1777
2028 2 2 1 35 1803 1802 1777
2029 2 2 1 35 441 1802 440
2030 2 2 1 35 1798 1796 1800
2031 2 2 1 35 390 1793 391
2032 2 2 1 35 1798 1797 1796
2033 2 2 1 35 1783 1775 1776
2034 2 2 1 35 442 1776 441
2035 2 2 1 35 1808 1795 1794
2036 2 2 1 35 391 1795 392
2037 2 2 1 35 1783 1779 1775
2038 2 2 1 35 404 1760 1762
2039 2 2 1 35 443 1771 442
2040 2 2 1 35 1791 476 53
2041 2 2 1 35 392 1797 393
2042 2 2 1 35 406 1791 53
2043 2 2 1 35 1764 1761 1787
2044 2 2 1 35 444 1770 443
2045 2 2 1 35 480 1788 479
2046 2 2 1 35 446 1785 445
2047 2 2 1 35 1805 434 435
2048 2 2 1 35 1806 435 436
2049 2 2 1 35 1808 436 437
2050 2 2 1 35 445 1780 444
2051 2 2 1 35 437 1796 1808
2052 2 2 1 35 1794 436 1808
2053 2 2 1 35 436 1794 1806
2054 2 2 1 35 1790 434 1805
2055 2 2 1 35 1788 480 1790
2056 2 2 1 36 1809 1810 459
2057 2 2 1 36 1811 1813 1812
2058 2 2 1 36 1809 459 460
2059 2 2 1 36 1814 1815 461
2060 2 2 1 36 1816 1818 1817
2061 2 2 1 36 56 454 478
2062 2 2 1 36 1818 1814 1817
2063 2 2 1 36 1810 1809 1819
2064 2 2 1 36 460 1815 1809
2065 2 2 1 36 1820 1813 1811
2066 2 2 1 36 1820 1811 1821
2067 2 2 1 36 457 1823 1822
2068 2 2 1 36 457 1822 456
2069 2 2 1 36 1814 461 462
2070 2 2 1 36 1824 1826 1825
2071 2 2 1 36 1823 1824 1825
2072 2 2 1 36 1810 1819 1824
2073 2 2 1 36 1815 460 461
2074 2 2 1 36 1822 1823 1827
2075 2 2 1 36 1819 1826 1824
2076 2 2 1 36 457 458 1824
2077 2 2 1 36 1810 1824 458
2078 2 2 1 36 1810 458 459
2079 2 2 1 36 1825 408 407
2080 2 2 1 36 408 1825 1826
2081 2 2 1 36 410 1828 411
2082 2 2 1 36 409 1819 410
2083 2 2 1 36 408 1826 409
2084 2 2 1 36 410 1819 1828
2085 2 2 1 36 456 1822 1829
2086 2 2 1 36 1816 1830 414
2087 2 2 1 36 1829 1831 455
2088 2 2 1 36 1829 455 456
2089 2 2 1 36 1818 1816 413
2090 2 2 1 36 413 1816 414
2091 2 2 1 36 1821 1832 1820
2092 2 2 1 36 1832 1821 1830
2093 2 2 1 36 1828 1815 1833
2094 2 2 1 36 1828 1833 411
2095 2 2 1 36 455 1831 454
2096 2 2 1 36 1814 1818 1833
2097 2 2 1 36 1819 1809 1828
2098 2 2 1 36 478 454 1831
2099 2 2 1 36 1820 1832 465
2100 2 2 1 36 476 1829 1827
2101 2 2 1 36 1830 1821 415
2102 2 2 1 36 1829 476 477
2103 2 2 1 36 1814 1833 1815
2104 2 2 1 36 1813 1820 466
2105 2 2 1 36 457 1824 1823
2106 2 2 1 36 1832 464 465
2107 2 2 1 36 1821 1811 416
2108 2 2 1 36 1823 1825 1827
2109 2 2 1 36 1827 407 53
2110 2 2 1 36 1834 1816 1817
2111 2 2 1 36 1825 407 1827
2112 2 2 1 36 1834 1817 463
2113 2 2 1 36 1835 424 423
2114 2 2 1 36 1836 423 422
2115 2 2 1 36 1831 1829 477
2116 2 2 1 36 1817 1814 462
2117 2 2 1 36 1833 412 411
2118 2 2 1 36 1820 465 466
2119 2 2 1 36 1811 1812 417
2120 2 2 1 36 412 1833 1818
2121 2 2 1 36 1837 1813 467
2122 2 2 1 36 463 1817 462
2123 2 2 1 36 464 1834 463
2124 2 2 1 36 1827 53 476
2125 2 2 1 36 1838 1837 468
2126 2 2 1 36 1811 417 416
2127 2 2 1 36 475 1840 1839
2128 2 2 1 36 1829 1822 1827
2129 2 2 1 36 1841 1838 469
2130 2 2 1 36 1842 482 54
2131 2 2 1 36 1843 1842 426
2132 2 2 1 36 426 1842 54
2133 2 2 1 36 422 1844 1836
2134 2 2 1 36 1845 422 421
2135 2 2 1 36 422 1845 1844
2136 2 2 1 36 481 1840 57
2137 2 2 1 36 1840 475 57
2138 2 2 1 36 1846 1839 1843
2139 2 2 1 36 1846 1847 1839
2140 2 2 1 36 474 1839 1847
2141 2 2 1 36 1848 1841 470
2142 2 2 1 36 1835 1847 1846
2143 2 2 1 36 1835 1849 1847
2144 2 2 1 36 1832 1834 464
2145 2 2 1 36 473 1847 1849
2146 2 2 1 36 1821 416 415
2147 2 2 1 36 1850 1844 1848
2148 2 2 1 36 1850 1848 471
2149 2 2 1 36 475 1839 474
2150 2 2 1 36 1834 1830 1816
2151 2 2 1 36 1826 1819 409
2152 2 2 1 36 1836 1851 1835
2153 2 2 1 36 1836 1835 423
2154 2 2 1 36 1832 1830 1834
2155 2 2 1 36 1835 1846 424
2156 2 2 1 36 1813 466 467
2157 2 2 1 36 1846 1843 425
2158 2 2 1 36 1840 1842 1843
2159 2 2 1 36 1812 1852 418
2160 2 2 1 36 1812 418 417
2161 2 2 1 36 1828 1809 1815
2162 2 2 1 36 1852 1853 419
2163 2 2 1 36 1852 419 418
2164 2 2 1 36 1853 1854 420
2165 2 2 1 36 1844 1845 1848
2166 2 2 1 36 1853 420 419
2167 2 2 1 36 1851 1850 472
2168 2 2 1 36 1854 1845 421
2169 2 2 1 36 1851 1849 1835
2170 2 2 1 36 1854 421 420
2171 2 2 1 36 1848 1854 1841
2172 2 2 1 36 1848 1845 1854
2173 2 2 1 36 1841 1853 1838
2174 2 2 1 36 1841 1854 1853
2175 2 2 1 36 1838 1852 1837
2176 2 2 1 36 1838 1853 1852
2177 2 2 1 36 1837 1812 1813
2178 2 2 1 36 1837 1852 1812
2179 2 2 1 36 1831 477 478
2180 2 2 1 36 1851 1844 1850
2181 2 2 1 36 1836 1844 1851
2182 2 2 1 36 414 1830 415
2183 2 2 1 36 1850 471 472
2184 2 2 1 36 474 1847 473
2185 2 2 1 36 1848 470 471
2186 2 2 1 36 473 1849 472
2187 2 2 1 36 1841 469 470
2188 2 2 1 36 1843 1839 1840
2189 2 2 1 36 1843 426 425
2190 2 2 1 36 412 1818 413
2191 2 2 1 36 1838 468 469
2192 2 2 1 36 1842 481 482
2193 2 2 1 36 1837 467 468
2194 2 2 1 36 1851 472 1849
2195 2 2 1 36 1846 425 424
2196 2 2 1 36 481 1842 1840
2197 2 2 1 37 1855 1857 1856
2198 2 2 1 37 1858 1855 452
2199 2 2 1 37 1859 530 1860
2200 2 2 1 37 1861 1858 1862
2201 2 2 1 37 1863 497 1864
2202 2 2 1 37 500 1861 1865
2203 2 2 1 37 499 1865 1864
2204 2 2 1 37 1864 497 498
2205 2 2 1 37 500 1865 499
2206 2 2 1 37 1866 1864 1865
2207 2 2 1 37 1861 1862 1865
2208 2 2 1 37 1860 1856 1867
2209 2 2 1 37 529 1860 530
2210 2 2 1 37 1868 56 453
2211 2 2 1 37 501 1861 500
2212 2 2 1 37 1865 1869 1866
2213 2 2 1 37 1860 1867 1859
2214 2 2 1 37 1860 529 1868
2215 2 2 1 37 1859 531 530
2216 2 2 1 37 1856 1860 1868
2217 2 2 1 37 1856 1868 1855
2218 2 2 1 37 1855 1868 453
2219 2 2 1 37 529 56 1868
2220 2 2 1 37 1869 451 450
2221 2 2 1 37 1870 531 1859
2222 2 2 1 37 531 1870 59
2223 2 2 1 37 1858 452 451
2224 2 2 1 37 502 1867 1856
2225 2 2 1 37 503 1867 502
2226 2 2 1 37 1870 1859 1867
2227 2 2 1 37 532 1871 55
2228 2 2 1 37 1871 434 55
2229 2 2 1 37 1869 1862 451
2230 2 2 1 37 502 1857 501
2231 2 2 1 37 484 1873 1872
2232 2 2 1 37 1873 435 1872
2233 2 2 1 37 1873 485 1874
2234 2 2 1 37 436 1873 1874
2235 2 2 1 37 1874 486 1875
2236 2 2 1 37 502 1856 1857
2237 2 2 1 37 437 1874 1875
2238 2 2 1 37 1875 487 1876
2239 2 2 1 37 59 1870 504
2240 2 2 1 37 1877 495 496
2241 2 2 1 37 1862 1869 1865
2242 2 2 1 37 438 1875 1876
2243 2 2 1 37 1876 488 1878
2244 2 2 1 37 439 1876 1878
2245 2 2 1 37 1878 489 1879
2246 2 2 1 37 1877 447 446
2247 2 2 1 37 440 1878 1879
2248 2 2 1 37 1879 490 1880
2249 2 2 1 37 441 1879 1880
2250 2 2 1 37 1880 491 1881
2251 2 2 1 37 442 1880 1881
2252 2 2 1 37 1864 1866 1863
2253 2 2 1 37 1881 492 1882
2254 2 2 1 37 443 1881 1882
2255 2 2 1 37 1862 1858 451
2256 2 2 1 37 449 1863 1866
2257 2 2 1 37 1883 494 495
2258 2 2 1 37 1884 494 1883
2259 2 2 1 37 445 1884 1883
2260 2 2 1 37 1882 493 1884
2261 2 2 1 37 444 1882 1884
2262 2 2 1 37 1883 495 1877
2263 2 2 1 37 446 1883 1877
2264 2 2 1 37 1877 496 1885
2265 2 2 1 37 447 1877 1885
2266 2 2 1 37 1885 497 1863
2267 2 2 1 37 448 1885 1863
2268 2 2 1 37 1878 440 439
2269 2 2 1 37 499 1864 498
2270 2 2 1 37 1883 446 445
2271 2 2 1 37 1886 483 1887
2272 2 2 1 37 1886 533 58
2273 2 2 1 37 533 1886 1887
2274 2 2 1 37 483 1886 58
2275 2 2 1 37 1884 445 444
2276 2 2 1 37 434 1871 1887
2277 2 2 1 37 533 1871 532
2278 2 2 1 37 1871 533 1887
2279 2 2 1 37 434 1887 1872
2280 2 2 1 37 1887 483 1872
2281 2 2 1 37 1884 493 494
2282 2 2 1 37 1857 1855 1858
2283 2 2 1 37 1881 491 492
2284 2 2 1 37 1881 443 442
2285 2 2 1 37 1880 490 491
2286 2 2 1 37 1880 442 441
2287 2 2 1 37 1857 1858 1861
2288 2 2 1 37 1855 453 452
2289 2 2 1 37 1882 492 493
2290 2 2 1 37 1882 444 443
2291 2 2 1 37 1879 489 490
2292 2 2 1 37 1879 441 440
2293 2 2 1 37 501 1857 1861
2294 2 2 1 37 1866 450 449
2295 2 2 1 37 450 1866 1869
2296 2 2 1 37 1863 449 448
2297 2 2 1 37 1878 488 489
2298 2 2 1 37 1872 483 484
2299 2 2 1 37 1872 435 434
2300 2 2 1 37 1885 448 447
2301 2 2 1 37 1885 496 497
2302 2 2 1 37 1873 436 435
2303 2 2 1 37 1873 484 485
2304 2 2 1 37 1874 485 486
2305 2 2 1 37 1874 437 436
2306 2 2 1 37 1875 486 487
2307 2 2 1 37 1875 438 437
2308 2 2 1 37 1876 439 438
2309 2 2 1 37 1876 487 488
2310 2 2 1 37 1870 503 504
2311 2 2 1 37 503 1870 1867
2312 2 2 1 38 1888 1890 1889
2313 2 2 1 38 1889 1890 509
2314 2 2 1 38 1891 529 1892
2315 2 2 1 38 1893 1894 1891
2316 2 2 1 38 1895 1897 1896
2317 2 2 1 38 1896 1897 512
2318 2 2 1 38 457 456 1888
2319 2 2 1 38 1888 1898 457
2320 2 2 1 38 509 1890 508
2321 2 2 1 38 1895 1899 459
2322 2 2 1 38 459 1899 460
2323 2 2 1 38 1900 1902 1901
2324 2 2 1 38 1900 1901 475
2325 2 2 1 38 460 1899 1903
2326 2 2 1 38 460 1903 461
2327 2 2 1 38 1893 1890 1894
2328 2 2 1 38 508 1890 1893
2329 2 2 1 38 511 1898 510
2330 2 2 1 38 505 531 59
2331 2 2 1 38 1897 1898 511
2332 2 2 1 38 1898 1889 510
2333 2 2 1 38 1889 1898 1888
2334 2 2 1 38 457 1898 458
2335 2 2 1 38 1898 1895 458
2336 2 2 1 38 1892 1904 1891
2337 2 2 1 38 458 1895 459
2338 2 2 1 38 1890 1905 1894
2339 2 2 1 38 1905 1888 456
2340 2 2 1 38 455 1905 456
2341 2 2 1 38 531 1906 530
2342 2 2 1 38 1904 1893 1891
2343 2 2 1 38 1889 509 510
2344 2 2 1 38 1891 56 529
2345 2 2 1 38 1890 1888 1905
2346 2 2 1 38 508 1893 507
2347 2 2 1 38 1904 506 507
2348 2 2 1 38 1893 1904 507
2349 2 2 1 38 512 1897 511
2350 2 2 1 38 1906 506 1904
2351 2 2 1 38 531 505 1906
2352 2 2 1 38 454 56 1891
2353 2 2 1 38 1894 455 454
2354 2 2 1 38 1894 1905 455
2355 2 2 1 38 505 506 1906
2356 2 2 1 38 529 530 1892
2357 2 2 1 38 1892 530 1906
2358 2 2 1 38 525 1907 524
2359 2 2 1 38 1894 454 1891
2360 2 2 1 38 471 1907 472
2361 2 2 1 38 1904 1892 1906
2362 2 2 1 38 1899 1896 1908
2363 2 2 1 38 1908 1896 513
2364 2 2 1 38 1909 1903 1908
2365 2 2 1 38 1909 1908 514
2366 2 2 1 38 526 1910 525
2367 2 2 1 38 473 1911 474
2368 2 2 1 38 527 1911 526
2369 2 2 1 38 1898 1897 1895
2370 2 2 1 38 474 1900 475
2371 2 2 1 38 1895 1896 1899
2372 2 2 1 38 513 1896 512
2373 2 2 1 38 514 1908 513
2374 2 2 1 38 1899 1908 1903
2375 2 2 1 38 528 1902 1900
2376 2 2 1 38 515 1909 514
2377 2 2 1 38 461 1909 462
2378 2 2 1 38 516 1912 515
2379 2 2 1 38 462 1912 463
2380 2 2 1 38 517 1913 516
2381 2 2 1 38 463 1913 464
2382 2 2 1 38 464 1914 465
2383 2 2 1 38 518 1914 517
2384 2 2 1 38 465 1915 466
2385 2 2 1 38 519 1915 518
2386 2 2 1 38 528 1900 527
2387 2 2 1 38 60 534 1902
2388 2 2 1 38 528 60 1902
2389 2 2 1 38 1901 535 57
2390 2 2 1 38 475 1901 57
2391 2 2 1 38 1911 527 1900
2392 2 2 1 38 474 1911 1900
2393 2 2 1 38 526 1911 1910
2394 2 2 1 38 1911 473 1910
2395 2 2 1 38 525 1910 1907
2396 2 2 1 38 1910 472 1907
2397 2 2 1 38 524 1907 1916
2398 2 2 1 38 1907 471 1916
2399 2 2 1 38 523 1916 1917
2400 2 2 1 38 1916 470 1917
2401 2 2 1 38 522 1917 1918
2402 2 2 1 38 1917 469 1918
2403 2 2 1 38 520 1919 519
2404 2 2 1 38 466 1919 467
2405 2 2 1 38 521 1920 520
2406 2 2 1 38 521 1918 1920
2407 2 2 1 38 467 1920 468
2408 2 2 1 38 1918 468 1920
2409 2 2 1 38 520 1920 1919
2410 2 2 1 38 1920 467 1919
2411 2 2 1 38 519 1919 1915
2412 2 2 1 38 1919 466 1915
2413 2 2 1 38 518 1915 1914
2414 2 2 1 38 1915 465 1914
2415 2 2 1 38 517 1914 1913
2416 2 2 1 38 1914 464 1913
2417 2 2 1 38 516 1913 1912
2418 2 2 1 38 1913 463 1912
2419 2 2 1 38 515 1912 1909
2420 2 2 1 38 1912 462 1909
2421 2 2 1 38 522 1918 521
2422 2 2 1 38 468 1918 469
2423 2 2 1 38 469 1917 470
2424 2 2 1 38 523 1917 522
2425 2 2 1 38 1901 534 535
2426 2 2 1 38 534 1901 1902
2427 2 2 1 38 461 1903 1909
2428 2 2 1 38 472 1910 473
2429 2 2 1 38 470 1916 471
2430 2 2 1 38 524 1916 523
2431 2 2 1 39 1921 558 1922
2432 2 2 1 39 1922 586 1921
2433 2 2 1 39 1921 1923 558
2434 2 2 1 39 557 558 1923
2435 2 2 1 39 1924 1925 1923
2436 2 2 1 39 1926 1927 555
2437 2 2 1 39 555 1927 554
2438 2 2 1 39 1921 1928 1924
2439 2 2 1 39 1921 1924 1923
2440 2 2 1 39 1924 1928 504
2441 2 2 1 39 1929 501 1930
2442 2 2 1 39 554 1929 1930
2443 2 2 1 39 501 1929 1931
2444 2 2 1 39 557 1923 556
2445 2 2 1 39 588 61 1932
2446 2 2 1 39 61 536 1932
2447 2 2 1 39 1923 1926 556
2448 2 2 1 39 1933 544 545
2449 2 2 1 39 1931 1929 1927
2450 2 2 1 39 1927 1929 554
2451 2 2 1 39 1925 1926 1923
2452 2 2 1 39 1934 1925 503
2453 2 2 1 39 585 59 1928
2454 2 2 1 39 1928 59 504
2455 2 2 1 39 62 586 1922
2456 2 2 1 39 62 1922 559
2457 2 2 1 39 1926 1925 1934
2458 2 2 1 39 1925 504 503
2459 2 2 1 39 1927 1934 1931
2460 2 2 1 39 1934 1927 1926
2461 2 2 1 39 1928 1921 585
2462 2 2 1 39 1933 492 491
2463 2 2 1 39 587 1932 58
2464 2 2 1 39 588 1932 587
2465 2 2 1 39 1932 483 58
2466 2 2 1 39 1935 543 544
2467 2 2 1 39 1935 491 490
2468 2 2 1 39 556 1926 555
2469 2 2 1 39 537 1937 1936
2470 2 2 1 39 1937 484 1936
2471 2 2 1 39 1938 545 546
2472 2 2 1 39 1938 493 492
2473 2 2 1 39 1939 553 1930
2474 2 2 1 39 500 1939 1930
2475 2 2 1 39 1940 496 495
2476 2 2 1 39 1937 538 1941
2477 2 2 1 39 485 1937 1941
2478 2 2 1 39 1941 539 1942
2479 2 2 1 39 486 1941 1942
2480 2 2 1 39 1942 540 1943
2481 2 2 1 39 487 1942 1943
2482 2 2 1 39 1943 541 1944
2483 2 2 1 39 488 1943 1944
2484 2 2 1 39 1944 542 1945
2485 2 2 1 39 489 1944 1945
2486 2 2 1 39 1922 558 559
2487 2 2 1 39 1945 543 1935
2488 2 2 1 39 490 1945 1935
2489 2 2 1 39 1935 544 1933
2490 2 2 1 39 491 1935 1933
2491 2 2 1 39 1933 545 1938
2492 2 2 1 39 492 1933 1938
2493 2 2 1 39 1938 546 1946
2494 2 2 1 39 493 1938 1946
2495 2 2 1 39 1947 552 1939
2496 2 2 1 39 499 1947 1939
2497 2 2 1 39 1946 547 1948
2498 2 2 1 39 494 1946 1948
2499 2 2 1 39 1948 548 1940
2500 2 2 1 39 495 1948 1940
2501 2 2 1 39 1940 549 1949
2502 2 2 1 39 496 1940 1949
2503 2 2 1 39 1949 550 1950
2504 2 2 1 39 497 1949 1950
2505 2 2 1 39 1950 551 1947
2506 2 2 1 39 498 1950 1947
2507 2 2 1 39 1940 548 549
2508 2 2 1 39 1948 495 494
2509 2 2 1 39 585 1921 586
2510 2 2 1 39 483 1932 1936
2511 2 2 1 39 1932 536 1936
2512 2 2 1 39 1948 547 548
2513 2 2 1 39 1925 1924 504
2514 2 2 1 39 1945 542 543
2515 2 2 1 39 1934 503 502
2516 2 2 1 39 1931 502 501
2517 2 2 1 39 502 1931 1934
2518 2 2 1 39 500 1930 501
2519 2 2 1 39 554 1930 553
2520 2 2 1 39 553 1939 552
2521 2 2 1 39 499 1939 500
2522 2 2 1 39 1947 499 498
2523 2 2 1 39 1947 551 552
2524 2 2 1 39 1950 498 497
2525 2 2 1 39 1950 550 551
2526 2 2 1 39 1936 536 537
2527 2 2 1 39 1936 484 483
2528 2 2 1 39 1937 485 484
2529 2 2 1 39 1937 537 538
2530 2 2 1 39 1941 486 485
2531 2 2 1 39 1941 538 539
2532 2 2 1 39 1949 549 550
2533 2 2 1 39 1949 497 496
2534 2 2 1 39 1942 539 540
2535 2 2 1 39 1942 487 486
2536 2 2 1 39 1943 488 487
2537 2 2 1 39 1943 540 541
2538 2 2 1 39 1944 541 542
2539 2 2 1 39 1944 489 488
2540 2 2 1 39 1946 546 547
2541 2 2 1 39 1946 494 493
2542 2 2 1 39 1945 490 489
2543 2 2 1 40 1951 1953 1952
2544 2 2 1 40 1951 1952 509
2545 2 2 1 40 505 1955 1954
2546 2 2 1 40 505 1954 506
2547 2 2 1 40 1956 585 1957
2548 2 2 1 40 1957 585 586
2549 2 2 1 40 510 509 1952
2550 2 2 1 40 564 1959 1958
2551 2 2 1 40 564 565 1959
2552 2 2 1 40 1954 563 1958
2553 2 2 1 40 563 564 1958
2554 2 2 1 40 1952 1953 567
2555 2 2 1 40 1952 567 1960
2556 2 2 1 40 1960 567 568
2557 2 2 1 40 1959 1953 1951
2558 2 2 1 40 586 62 1957
2559 2 2 1 40 1957 62 560
2560 2 2 1 40 1957 561 1956
2561 2 2 1 40 1952 1960 510
2562 2 2 1 40 510 1960 511
2563 2 2 1 40 521 1961 522
2564 2 2 1 40 1953 566 567
2565 2 2 1 40 1958 507 506
2566 2 2 1 40 1960 1962 511
2567 2 2 1 40 511 1962 512
2568 2 2 1 40 1963 507 1958
2569 2 2 1 40 561 562 1956
2570 2 2 1 40 561 1957 560
2571 2 2 1 40 1955 585 1956
2572 2 2 1 40 1955 59 585
2573 2 2 1 40 1964 1955 1956
2574 2 2 1 40 1959 508 1963
2575 2 2 1 40 1959 1951 508
2576 2 2 1 40 1958 1959 1963
2577 2 2 1 40 1954 1958 506
2578 2 2 1 40 509 508 1951
2579 2 2 1 40 563 1954 1964
2580 2 2 1 40 563 1964 562
2581 2 2 1 40 578 1961 577
2582 2 2 1 40 1953 1959 565
2583 2 2 1 40 1953 565 566
2584 2 2 1 40 1955 505 59
2585 2 2 1 40 1955 1964 1954
2586 2 2 1 40 562 1964 1956
2587 2 2 1 40 584 1966 1965
2588 2 2 1 40 1966 528 1965
2589 2 2 1 40 519 1968 1967
2590 2 2 1 40 1968 575 1967
2591 2 2 1 40 1968 519 518
2592 2 2 1 40 584 1965 583
2593 2 2 1 40 527 1965 528
2594 2 2 1 40 519 1967 520
2595 2 2 1 40 570 1970 1969
2596 2 2 1 40 1970 513 1969
2597 2 2 1 40 1966 589 60
2598 2 2 1 40 528 1966 60
2599 2 2 1 40 589 1966 63
2600 2 2 1 40 576 1967 575
2601 2 2 1 40 1966 584 63
2602 2 2 1 40 1971 583 1965
2603 2 2 1 40 527 1971 1965
2604 2 2 1 40 573 1973 1972
2605 2 2 1 40 1973 516 1972
2606 2 2 1 40 1960 568 1962
2607 2 2 1 40 1962 568 569
2608 2 2 1 40 572 1972 1974
2609 2 2 1 40 1972 515 1974
2610 2 2 1 40 571 1974 1970
2611 2 2 1 40 1974 514 1970
2612 2 2 1 40 576 1975 1967
2613 2 2 1 40 1975 520 1967
2614 2 2 1 40 582 1971 1976
2615 2 2 1 40 1971 526 1976
2616 2 2 1 40 581 1976 1977
2617 2 2 1 40 1976 525 1977
2618 2 2 1 40 580 1977 1978
2619 2 2 1 40 1977 524 1978
2620 2 2 1 40 577 1961 1975
2621 2 2 1 40 583 1971 582
2622 2 2 1 40 526 1971 527
2623 2 2 1 40 1961 521 1975
2624 2 2 1 40 579 1978 1979
2625 2 2 1 40 1978 523 1979
2626 2 2 1 40 578 1979 1961
2627 2 2 1 40 1979 522 1961
2628 2 2 1 40 574 1980 1973
2629 2 2 1 40 1980 517 1973
2630 2 2 1 40 1980 574 575
2631 2 2 1 40 575 1968 1980
2632 2 2 1 40 1968 518 1980
2633 2 2 1 40 1980 518 517
2634 2 2 1 40 582 1976 581
2635 2 2 1 40 525 1976 526
2636 2 2 1 40 1973 573 574
2637 2 2 1 40 1973 517 516
2638 2 2 1 40 581 1977 580
2639 2 2 1 40 524 1977 525
2640 2 2 1 40 1972 572 573
2641 2 2 1 40 1972 516 515
2642 2 2 1 40 580 1978 579
2643 2 2 1 40 523 1978 524
2644 2 2 1 40 1962 569 1969
2645 2 2 1 40 512 1962 1969
2646 2 2 1 40 520 1975 521
2647 2 2 1 40 508 507 1963
2648 2 2 1 40 577 1975 576
2649 2 2 1 40 1974 515 514
2650 2 2 1 40 1974 571 572
2651 2 2 1 40 1970 570 571
2652 2 2 1 40 1970 514 513
2653 2 2 1 40 1969 569 570
2654 2 2 1 40 1969 513 512
2655 2 2 1 40 522 1979 523
2656 2 2 1 40 579 1979 578
2657 2 2 1 41 1981 607 1982
2658 2 2 1 41 553 1981 554
2659 2 2 1 41 614 1983 613
2660 2 2 1 41 554 1981 1982
2661 2 2 1 41 1984 1986 1985
2662 2 2 1 41 613 1986 612
2663 2 2 1 41 612 1986 1984
2664 2 2 1 41 612 1987 611
2665 2 2 1 41 610 1988 609
2666 2 2 1 41 1984 1987 612
2667 2 2 1 41 556 1989 1988
2668 2 2 1 41 557 1988 1990
2669 2 2 1 41 65 1983 614
2670 2 2 1 41 1988 557 556
2671 2 2 1 41 1990 1988 611
2672 2 2 1 41 65 643 1983
2673 2 2 1 41 1990 611 1987
2674 2 2 1 41 611 1988 610
2675 2 2 1 41 644 1991 61
2676 2 2 1 41 1991 536 61
2677 2 2 1 41 1985 1986 1983
2678 2 2 1 41 1983 643 1985
2679 2 2 1 41 555 1992 1989
2680 2 2 1 41 555 1989 556
2681 2 2 1 41 591 1994 1993
2682 2 2 1 41 1988 1989 609
2683 2 2 1 41 553 1995 1981
2684 2 2 1 41 1995 606 1981
2685 2 2 1 41 642 62 1996
2686 2 2 1 41 1996 62 559
2687 2 2 1 41 1994 537 1993
2688 2 2 1 41 1991 644 64
2689 2 2 1 41 1996 559 1984
2690 2 2 1 41 590 1991 64
2691 2 2 1 41 1995 553 552
2692 2 2 1 41 1987 1984 559
2693 2 2 1 41 592 1997 1994
2694 2 2 1 41 1997 538 1994
2695 2 2 1 41 593 1998 1997
2696 2 2 1 41 1998 539 1997
2697 2 2 1 41 594 1999 1998
2698 2 2 1 41 1999 540 1998
2699 2 2 1 41 595 2000 1999
2700 2 2 1 41 2000 541 1999
2701 2 2 1 41 597 2002 2001
2702 2 2 1 41 2002 543 2001
2703 2 2 1 41 602 2004 2003
2704 2 2 1 41 2004 548 2003
2705 2 2 1 41 598 2005 2002
2706 2 2 1 41 2005 544 2002
2707 2 2 1 41 596 2001 2000
2708 2 2 1 41 2001 542 2000
2709 2 2 1 41 603 2006 2004
2710 2 2 1 41 2006 549 2004
2711 2 2 1 41 599 2007 2005
2712 2 2 1 41 613 1983 1986
2713 2 2 1 41 536 1991 1993
2714 2 2 1 41 1991 590 1993
2715 2 2 1 41 2007 545 2005
2716 2 2 1 41 601 2003 2008
2717 2 2 1 41 2003 547 2008
2718 2 2 1 41 600 2008 2007
2719 2 2 1 41 2008 546 2007
2720 2 2 1 41 604 2009 2006
2721 2 2 1 41 2009 550 2006
2722 2 2 1 41 605 2010 2009
2723 2 2 1 41 2010 551 2009
2724 2 2 1 41 608 1992 1982
2725 2 2 1 41 1992 555 1982
2726 2 2 1 41 606 1995 2010
2727 2 2 1 41 1995 552 2010
2728 2 2 1 41 1985 1996 1984
2729 2 2 1 41 1996 1985 642
2730 2 2 1 41 2010 605 606
2731 2 2 1 41 642 1985 643
2732 2 2 1 41 2010 552 551
2733 2 2 1 41 1987 559 558
2734 2 2 1 41 1990 558 557
2735 2 2 1 41 558 1990 1987
2736 2 2 1 41 1993 537 536
2737 2 2 1 41 1993 590 591
2738 2 2 1 41 1994 538 537
2739 2 2 1 41 1994 591 592
2740 2 2 1 41 1997 539 538
2741 2 2 1 41 1997 592 593
2742 2 2 1 41 1998 593 594
2743 2 2 1 41 1998 540 539
2744 2 2 1 41 1999 594 595
2745 2 2 1 41 1999 541 540
2746 2 2 1 41 2000 542 541
2747 2 2 1 41 2000 595 596
2748 2 2 1 41 2001 543 542
2749 2 2 1 41 2001 596 597
2750 2 2 1 41 2002 544 543
2751 2 2 1 41 2002 597 598
2752 2 2 1 41 2005 545 544
2753 2 2 1 41 2005 598 599
2754 2 2 1 41 2007 546 545
2755 2 2 1 41 2007 599 600
2756 2 2 1 41 2008 547 546
2757 2 2 1 41 2008 600 601
2758 2 2 1 41 609 1992 608
2759 2 2 1 41 2003 548 547
2760 2 2 1 41 2003 601 602
2761 2 2 1 41 2004 549 548
2762 2 2 1 41 2004 602 603
2763 2 2 1 41 608 1982 607
2764 2 2 1 41 554 1982 555
2765 2 2 1 41 2006 550 549
2766 2 2 1 41 2006 603 604
2767 2 2 1 41 609 1989 1992
2768 2 2 1 41 607 1981 606
2769 2 2 1 41 2009 551 550
2770 2 2 1 41 2009 604 605
2771 2 2 1 42 2011 2013 2012
2772 2 2 1 42 2012 2013 642
2773 2 2 1 42 62 2014 560
2774 2 2 1 42 2014 642 2013
2775 2 2 1 42 616 2012 2015
2776 2 2 1 42 617 2016 2011
2777 2 2 1 42 2016 618 2017
2778 2 2 1 42 617 618 2016
2779 2 2 1 42 561 2016 2017
2780 2 2 1 42 561 2017 562
2781 2 2 1 42 2014 62 642
2782 2 2 1 42 2018 562 2017
2783 2 2 1 42 623 2020 2019
2784 2 2 1 42 2020 566 2019
2785 2 2 1 42 2018 620 2021
2786 2 2 1 42 2018 2021 563
2787 2 2 1 42 563 562 2018
2788 2 2 1 42 2020 624 2022
2789 2 2 1 42 567 2020 2022
2790 2 2 1 42 564 2023 565
2791 2 2 1 42 2023 2019 565
2792 2 2 1 42 2021 2023 564
2793 2 2 1 42 563 2021 564
2794 2 2 1 42 2019 2023 622
2795 2 2 1 42 2019 622 623
2796 2 2 1 42 2017 619 2018
2797 2 2 1 42 620 2018 619
2798 2 2 1 42 2021 620 621
2799 2 2 1 42 643 65 2024
2800 2 2 1 42 617 2011 616
2801 2 2 1 42 2024 65 615
2802 2 2 1 42 2012 643 2015
2803 2 2 1 42 643 2024 2015
2804 2 2 1 42 616 2015 615
2805 2 2 1 42 2025 637 638
2806 2 2 1 42 565 2019 566
2807 2 2 1 42 2026 634 635
2808 2 2 1 42 2021 621 2023
2809 2 2 1 42 621 622 2023
2810 2 2 1 42 560 2016 561
2811 2 2 1 42 2020 623 624
2812 2 2 1 42 2020 567 566
2813 2 2 1 42 2027 584 2028
2814 2 2 1 42 641 2027 2028
2815 2 2 1 42 2022 624 625
2816 2 2 1 42 2022 568 567
2817 2 2 1 42 2029 625 626
2818 2 2 1 42 2029 569 568
2819 2 2 1 42 2030 570 569
2820 2 2 1 42 2030 626 627
2821 2 2 1 42 2031 571 570
2822 2 2 1 42 2031 627 628
2823 2 2 1 42 2032 628 629
2824 2 2 1 42 2032 572 571
2825 2 2 1 42 2033 629 630
2826 2 2 1 42 2033 573 572
2827 2 2 1 42 2034 630 631
2828 2 2 1 42 2034 574 573
2829 2 2 1 42 2028 584 583
2830 2 2 1 42 2028 640 641
2831 2 2 1 42 2017 618 619
2832 2 2 1 42 645 2027 66
2833 2 2 1 42 2027 641 66
2834 2 2 1 42 2035 631 632
2835 2 2 1 42 2036 640 2028
2836 2 2 1 42 583 2036 2028
2837 2 2 1 42 2027 645 63
2838 2 2 1 42 584 2027 63
2839 2 2 1 42 2037 633 2038
2840 2 2 1 42 576 2037 2038
2841 2 2 1 42 2031 628 2032
2842 2 2 1 42 571 2031 2032
2843 2 2 1 42 2026 635 2039
2844 2 2 1 42 2026 578 577
2845 2 2 1 42 578 2026 2039
2846 2 2 1 42 2034 631 2035
2847 2 2 1 42 574 2034 2035
2848 2 2 1 42 2040 639 2036
2849 2 2 1 42 582 2040 2036
2850 2 2 1 42 2025 638 2040
2851 2 2 1 42 2035 575 574
2852 2 2 1 42 581 2025 2040
2853 2 2 1 42 2041 637 2025
2854 2 2 1 42 580 2041 2025
2855 2 2 1 42 2037 576 575
2856 2 2 1 42 2039 636 2041
2857 2 2 1 42 579 2039 2041
2858 2 2 1 42 2032 629 2033
2859 2 2 1 42 2041 580 579
2860 2 2 1 42 2041 636 637
2861 2 2 1 42 2037 632 633
2862 2 2 1 42 572 2032 2033
2863 2 2 1 42 2029 626 2030
2864 2 2 1 42 569 2029 2030
2865 2 2 1 42 2038 634 2026
2866 2 2 1 42 577 2038 2026
2867 2 2 1 42 632 2037 2035
2868 2 2 1 42 2037 575 2035
2869 2 2 1 42 627 2031 2030
2870 2 2 1 42 2031 570 2030
2871 2 2 1 42 2022 625 2029
2872 2 2 1 42 568 2022 2029
2873 2 2 1 42 2033 630 2034
2874 2 2 1 42 573 2033 2034
2875 2 2 1 42 2039 635 636
2876 2 2 1 42 2036 639 640
2877 2 2 1 42 2036 583 582
2878 2 2 1 42 2040 582 581
2879 2 2 1 42 2040 638 639
2880 2 2 1 42 2038 633 634
2881 2 2 1 42 2038 577 576
2882 2 2 1 42 2025 581 580
2883 2 2 1 42 2039 579 578
2884 2 2 1 42 2015 2024 615
2885 2 2 1 42 643 2012 642
2886 2 2 1 42 2013 2016 560
2887 2 2 1 42 2012 616 2011
2888 2 2 1 42 2014 2013 560
2889 2 2 1 42 2016 2013 2011
2890 2 2 1 43 611 2043 2042
2891 2 2 1 43 611 2042 612
2892 2 2 1 43 2044 2046 2045
2893 2 2 1 43 2045 2046 2047
2894 2 2 1 43 68 701 2047
2895 2 2 1 43 2047 701 700
2896 2 2 1 43 2047 670 671
2897 2 2 1 43 68 2047 671
2898 2 2 1 43 700 2045 2047
2899 2 2 1 43 669 2048 668
2900 2 2 1 43 2046 2044 669
2901 2 2 1 43 2044 2048 669
2902 2 2 1 43 2044 613 2048
2903 2 2 1 43 2042 2048 612
2904 2 2 1 43 669 670 2046
2905 2 2 1 43 2047 2046 670
2906 2 2 1 43 610 2049 2043
2907 2 2 1 43 2043 2049 666
2908 2 2 1 43 666 2049 665
2909 2 2 1 43 2042 668 2048
2910 2 2 1 43 2048 613 612
2911 2 2 1 43 590 2051 2050
2912 2 2 1 43 647 2052 2050
2913 2 2 1 43 2052 591 2050
2914 2 2 1 43 702 2051 64
2915 2 2 1 43 2051 590 64
2916 2 2 1 43 2051 702 67
2917 2 2 1 43 646 2051 67
2918 2 2 1 43 667 668 2042
2919 2 2 1 43 610 2043 611
2920 2 2 1 43 2043 667 2042
2921 2 2 1 43 667 2043 666
2922 2 2 1 43 2051 646 2050
2923 2 2 1 43 649 2054 2053
2924 2 2 1 43 2049 610 609
2925 2 2 1 43 2055 664 665
2926 2 2 1 43 700 65 2045
2927 2 2 1 43 2045 65 614
2928 2 2 1 43 2045 614 2044
2929 2 2 1 43 2054 593 2053
2930 2 2 1 43 658 2057 2056
2931 2 2 1 43 2057 602 2056
2932 2 2 1 43 653 2059 2058
2933 2 2 1 43 2059 597 2058
2934 2 2 1 43 648 2053 2052
2935 2 2 1 43 2053 592 2052
2936 2 2 1 43 650 2060 2054
2937 2 2 1 43 2060 594 2054
2938 2 2 1 43 654 2061 2059
2939 2 2 1 43 2061 598 2059
2940 2 2 1 43 652 2058 2062
2941 2 2 1 43 2058 596 2062
2942 2 2 1 43 651 2062 2060
2943 2 2 1 43 2062 595 2060
2944 2 2 1 43 657 2056 2063
2945 2 2 1 43 2056 601 2063
2946 2 2 1 43 655 2064 2061
2947 2 2 1 43 2064 599 2061
2948 2 2 1 43 656 2063 2064
2949 2 2 1 43 2063 600 2064
2950 2 2 1 43 2055 609 608
2951 2 2 1 43 661 2066 2065
2952 2 2 1 43 2066 605 2065
2953 2 2 1 43 2067 663 2068
2954 2 2 1 43 607 2067 2068
2955 2 2 1 43 2069 660 2065
2956 2 2 1 43 604 2069 2065
2957 2 2 1 43 2066 662 2067
2958 2 2 1 43 606 2066 2067
2959 2 2 1 43 2066 661 662
2960 2 2 1 43 2057 659 2069
2961 2 2 1 43 603 2057 2069
2962 2 2 1 43 664 2055 2068
2963 2 2 1 43 2055 608 2068
2964 2 2 1 43 665 2049 2055
2965 2 2 1 43 2049 609 2055
2966 2 2 1 43 2044 614 613
2967 2 2 1 43 2065 660 661
2968 2 2 1 43 2068 663 664
2969 2 2 1 43 2068 608 607
2970 2 2 1 43 2067 662 663
2971 2 2 1 43 2067 607 606
2972 2 2 1 43 2066 606 605
2973 2 2 1 43 2050 591 590
2974 2 2 1 43 2050 646 647
2975 2 2 1 43 2052 592 591
2976 2 2 1 43 2052 647 648
2977 2 2 1 43 2053 593 592
2978 2 2 1 43 2053 648 649
2979 2 2 1 43 2054 594 593
2980 2 2 1 43 2054 649 650
2981 2 2 1 43 2060 650 651
2982 2 2 1 43 2060 595 594
2983 2 2 1 43 2062 651 652
2984 2 2 1 43 2062 596 595
2985 2 2 1 43 2058 597 596
2986 2 2 1 43 2058 652 653
2987 2 2 1 43 2059 653 654
2988 2 2 1 43 2059 598 597
2989 2 2 1 43 2061 599 598
2990 2 2 1 43 2061 654 655
2991 2 2 1 43 2064 655 656
2992 2 2 1 43 2064 600 599
2993 2 2 1 43 2063 601 600
2994 2 2 1 43 2063 656 657
2995 2 2 1 43 2056 602 601
2996 2 2 1 43 2056 657 658
2997 2 2 1 43 2057 603 602
2998 2 2 1 43 2057 658 659
2999 2 2 1 43 2069 659 660
3000 2 2 1 43 2069 604 603
3001 2 2 1 43 2065 605 604
3002 2 2 1 44 701 68 2070
3003 2 2 1 44 2070 68 672
3004 2 2 1 44 701 2070 2071
3005 2 2 1 44 2072 673 2073
3006 2 2 1 44 2073 673 674
3007 2 2 1 44 2072 615 65
3008 2 2 1 44 2070 673 2071
3009 2 2 1 44 673 2070 672
3010 2 2 1 44 677 2075 2074
3011 2 2 1 44 630 2076 631
3012 2 2 1 44 2077 2074 617
3013 2 2 1 44 2078 678 2079
3014 2 2 1 44 617 2074 618
3015 2 2 1 44 2073 674 2080
3016 2 2 1 44 675 2080 674
3017 2 2 1 44 677 2078 2075
3018 2 2 1 44 678 2078 677
3019 2 2 1 44 2080 616 2073
3020 2 2 1 44 2077 617 2080
3021 2 2 1 44 2080 617 616
3022 2 2 1 44 2073 616 615
3023 2 2 1 44 688 2081 687
3024 2 2 1 44 620 2079 621
3025 2 2 1 44 2079 2082 621
3026 2 2 1 44 2078 2079 620
3027 2 2 1 44 700 2071 2072
3028 2 2 1 44 2082 680 2083
3029 2 2 1 44 680 681 2083
3030 2 2 1 44 631 2084 632
3031 2 2 1 44 692 2085 691
3032 2 2 1 44 2077 676 2074
3033 2 2 1 44 2074 2075 618
3034 2 2 1 44 619 2078 620
3035 2 2 1 44 619 2075 2078
3036 2 2 1 44 619 618 2075
3037 2 2 1 44 621 2082 622
3038 2 2 1 44 634 2086 635
3039 2 2 1 44 693 2086 692
3040 2 2 1 44 635 2087 636
3041 2 2 1 44 694 2087 693
3042 2 2 1 44 636 2088 637
3043 2 2 1 44 695 2088 694
3044 2 2 1 44 637 2089 638
3045 2 2 1 44 696 2089 695
3046 2 2 1 44 699 2090 698
3047 2 2 1 44 640 2090 641
3048 2 2 1 44 638 2091 639
3049 2 2 1 44 2077 2080 675
3050 2 2 1 44 2077 675 676
3051 2 2 1 44 697 2091 696
3052 2 2 1 44 698 2092 697
3053 2 2 1 44 2083 622 2082
3054 2 2 1 44 2083 681 2093
3055 2 2 1 44 639 2092 640
3056 2 2 1 44 633 2085 634
3057 2 2 1 44 691 2094 690
3058 2 2 1 44 2079 679 2082
3059 2 2 1 44 2074 676 677
3060 2 2 1 44 2083 623 622
3061 2 2 1 44 2093 623 2083
3062 2 2 1 44 2079 678 679
3063 2 2 1 44 2095 641 2090
3064 2 2 1 44 699 2095 2090
3065 2 2 1 44 689 2076 688
3066 2 2 1 44 632 2094 633
3067 2 2 1 44 682 2093 681
3068 2 2 1 44 623 2093 624
3069 2 2 1 44 2082 679 680
3070 2 2 1 44 683 2096 682
3071 2 2 1 44 2092 698 2090
3072 2 2 1 44 640 2092 2090
3073 2 2 1 44 2095 703 66
3074 2 2 1 44 641 2095 66
3075 2 2 1 44 703 2095 69
3076 2 2 1 44 2095 699 69
3077 2 2 1 44 624 2096 625
3078 2 2 1 44 684 2097 683
3079 2 2 1 44 625 2097 626
3080 2 2 1 44 685 2098 684
3081 2 2 1 44 2097 684 2098
3082 2 2 1 44 626 2097 2098
3083 2 2 1 44 2086 693 2087
3084 2 2 1 44 635 2086 2087
3085 2 2 1 44 2091 697 2092
3086 2 2 1 44 639 2091 2092
3087 2 2 1 44 2076 689 2084
3088 2 2 1 44 626 2098 627
3089 2 2 1 44 631 2076 2084
3090 2 2 1 44 2089 696 2091
3091 2 2 1 44 690 2084 689
3092 2 2 1 44 638 2089 2091
3093 2 2 1 44 2088 695 2089
3094 2 2 1 44 637 2088 2089
3095 2 2 1 44 2087 694 2088
3096 2 2 1 44 636 2087 2088
3097 2 2 1 44 686 2099 685
3098 2 2 1 44 2085 692 2086
3099 2 2 1 44 634 2085 2086
3100 2 2 1 44 2084 690 2094
3101 2 2 1 44 632 2084 2094
3102 2 2 1 44 2094 691 2085
3103 2 2 1 44 633 2094 2085
3104 2 2 1 44 2081 688 2076
3105 2 2 1 44 630 2081 2076
3106 2 2 1 44 2100 687 2081
3107 2 2 1 44 629 2100 2081
3108 2 2 1 44 685 2099 2098
3109 2 2 1 44 2099 627 2098
3110 2 2 1 44 2099 686 2100
3111 2 2 1 44 628 2099 2100
3112 2 2 1 44 682 2096 2093
3113 2 2 1 44 2096 624 2093
3114 2 2 1 44 683 2097 2096
3115 2 2 1 44 2097 625 2096
3116 2 2 1 44 627 2099 628
3117 2 2 1 44 628 2100 629
3118 2 2 1 44 687 2100 686
3119 2 2 1 44 629 2081 630
3120 2 2 1 44 700 2072 65
3121 2 2 1 44 701 2071 700
3122 2 2 1 44 2071 673 2072
3123 2 2 1 44 2072 2073 615
3124 2 2 1 45 761 2101 67
3125 2 2 1 45 2101 2102 646
3126 2 2 1 45 2103 712 2104
3127 2 2 1 45 2103 2104 654
3128 2 2 1 45 2105 711 2103
3129 2 2 1 45 2105 2103 653
3130 2 2 1 45 2106 710 2105
3131 2 2 1 45 2106 2105 652
3132 2 2 1 45 2107 709 2106
3133 2 2 1 45 68 671 760
3134 2 2 1 45 2107 2106 651
3135 2 2 1 45 2108 729 2109
3136 2 2 1 45 2109 760 671
3137 2 2 1 45 2102 705 2110
3138 2 2 1 45 2102 2110 647
3139 2 2 1 45 2110 706 2111
3140 2 2 1 45 2110 2111 648
3141 2 2 1 45 2112 708 2107
3142 2 2 1 45 2112 2107 650
3143 2 2 1 45 704 2102 2101
3144 2 2 1 45 2111 707 2112
3145 2 2 1 45 2111 2112 649
3146 2 2 1 45 728 2108 2113
3147 2 2 1 45 2113 2108 670
3148 2 2 1 45 2104 713 2114
3149 2 2 1 45 2104 2114 655
3150 2 2 1 45 727 2113 2115
3151 2 2 1 45 2115 2113 669
3152 2 2 1 45 2116 726 2115
3153 2 2 1 45 2116 2115 668
3154 2 2 1 45 2117 725 2116
3155 2 2 1 45 2117 2116 667
3156 2 2 1 45 2114 714 2118
3157 2 2 1 45 2114 2118 656
3158 2 2 1 45 2119 724 2117
3159 2 2 1 45 2119 2117 666
3160 2 2 1 45 2118 715 2120
3161 2 2 1 45 2118 2120 657
3162 2 2 1 45 2121 723 2119
3163 2 2 1 45 2121 2119 665
3164 2 2 1 45 2120 716 2122
3165 2 2 1 45 2120 2122 658
3166 2 2 1 45 2122 717 2123
3167 2 2 1 45 2122 2123 659
3168 2 2 1 45 2123 718 2124
3169 2 2 1 45 2123 2124 660
3170 2 2 1 45 2124 719 2125
3171 2 2 1 45 2124 2125 661
3172 2 2 1 45 2125 720 2126
3173 2 2 1 45 2125 2126 662
3174 2 2 1 45 2126 721 2127
3175 2 2 1 45 2126 2127 663
3176 2 2 1 45 2127 722 2121
3177 2 2 1 45 2127 2121 664
3178 2 2 1 45 71 760 2109
3179 2 2 1 45 71 2109 730
3180 2 2 1 45 2101 646 67
3181 2 2 1 45 2108 671 670
3182 2 2 1 45 2108 728 729
3183 2 2 1 45 2101 761 70
3184 2 2 1 45 704 2101 70
3185 2 2 1 45 2115 726 727
3186 2 2 1 45 2115 669 668
3187 2 2 1 45 2116 725 726
3188 2 2 1 45 2116 668 667
3189 2 2 1 45 2117 724 725
3190 2 2 1 45 2117 667 666
3191 2 2 1 45 2113 727 728
3192 2 2 1 45 2113 670 669
3193 2 2 1 45 2119 723 724
3194 2 2 1 45 2119 666 665
3195 2 2 1 45 2121 722 723
3196 2 2 1 45 2121 665 664
3197 2 2 1 45 2127 664 663
3198 2 2 1 45 2127 721 722
3199 2 2 1 45 2126 663 662
3200 2 2 1 45 2126 720 721
3201 2 2 1 45 2125 662 661
3202 2 2 1 45 2125 719 720
3203 2 2 1 45 2124 661 660
3204 2 2 1 45 2124 718 719
3205 2 2 1 45 2108 2109 671
3206 2 2 1 45 2109 729 730
3207 2 2 1 45 2123 717 718
3208 2 2 1 45 2123 660 659
3209 2 2 1 45 2122 716 717
3210 2 2 1 45 2122 659 658
3211 2 2 1 45 2120 715 716
3212 2 2 1 45 2120 658 657
3213 2 2 1 45 2118 657 656
3214 2 2 1 45 2118 714 715
3215 2 2 1 45 2114 713 714
3216 2 2 1 45 2114 656 655
3217 2 2 1 45 2104 655 654
3218 2 2 1 45 2104 712 713
3219 2 2 1 45 2103 711 712
3220 2 2 1 45 2103 654 653
3221 2 2 1 45 2105 710 711
3222 2 2 1 45 2105 653 652
3223 2 2 1 45 2106 709 710
3224 2 2 1 45 2106 652 651
3225 2 2 1 45 2107 708 709
3226 2 2 1 45 2107 651 650
3227 2 2 1 45 2112 707 708
3228 2 2 1 45 2112 650 649
3229 2 2 1 45 2111 706 707
3230 2 2 1 45 2111 649 648
3231 2 2 1 45 2110 705 706
3232 2 2 1 45 2110 648 647
3233 2 2 1 45 2102 704 705
3234 2 2 1 45 2102 647 646
3235 2 2 1 46 2128 2129 738
3236 2 2 1 46 2128 738 739
3237 2 2 1 46 731 760 71
3238 2 2 1 46 2130 672 2131
3239 2 2 1 46 2130 733 673
3240 2 2 1 46 731 2132 760
3241 2 2 1 46 2131 2132 731
3242 2 2 1 46 674 2133 675
3243 2 2 1 46 736 2135 2134
3244 2 2 1 46 2134 2135 676
3245 2 2 1 46 737 2129 2135
3246 2 2 1 46 2135 2129 677
3247 2 2 1 46 734 674 673
3248 2 2 1 46 2129 2128 678
3249 2 2 1 46 678 2128 679
3250 2 2 1 46 2133 674 734
3251 2 2 1 46 734 673 733
3252 2 2 1 46 731 732 2131
3253 2 2 1 46 2131 732 733
3254 2 2 1 46 672 2132 2131
3255 2 2 1 46 2133 734 735
3256 2 2 1 46 2133 2134 675
3257 2 2 1 46 2134 2133 735
3258 2 2 1 46 676 675 2134
3259 2 2 1 46 677 2129 678
3260 2 2 1 46 672 68 2132
3261 2 2 1 46 733 2130 2131
3262 2 2 1 46 672 2130 673
3263 2 2 1 46 676 2135 677
3264 2 2 1 46 2132 68 760
3265 2 2 1 46 756 2136 755
3266 2 2 1 46 737 738 2129
3267 2 2 1 46 736 737 2135
3268 2 2 1 46 696 2137 697
3269 2 2 1 46 736 2134 735
3270 2 2 1 46 682 2138 683
3271 2 2 1 46 742 2139 741
3272 2 2 1 46 681 2139 682
3273 2 2 1 46 2128 739 2140
3274 2 2 1 46 2140 739 740
3275 2 2 1 46 680 2141 681
3276 2 2 1 46 741 2141 740
3277 2 2 1 46 743 2138 742
3278 2 2 1 46 762 2142 72
3279 2 2 1 46 2142 759 72
3280 2 2 1 46 744 2143 743
3281 2 2 1 46 740 2141 2140
3282 2 2 1 46 683 2143 684
3283 2 2 1 46 2140 2141 680
3284 2 2 1 46 745 2144 744
3285 2 2 1 46 684 2144 685
3286 2 2 1 46 746 2145 745
3287 2 2 1 46 685 2145 686
3288 2 2 1 46 747 2146 746
3289 2 2 1 46 686 2146 687
3290 2 2 1 46 687 2147 688
3291 2 2 1 46 748 2147 747
3292 2 2 1 46 757 2137 756
3293 2 2 1 46 688 2148 689
3294 2 2 1 46 749 2148 748
3295 2 2 1 46 689 2149 690
3296 2 2 1 46 750 2149 749
3297 2 2 1 46 690 2150 691
3298 2 2 1 46 751 2150 750
3299 2 2 1 46 697 2151 698
3300 2 2 1 46 691 2152 692
3301 2 2 1 46 2142 762 69
3302 2 2 1 46 2153 2142 699
3303 2 2 1 46 699 2142 69
3304 2 2 1 46 752 2152 751
3305 2 2 1 46 692 2154 693
3306 2 2 1 46 753 2154 752
3307 2 2 1 46 693 2155 694
3308 2 2 1 46 2140 679 2128
3309 2 2 1 46 679 2140 680
3310 2 2 1 46 754 2155 753
3311 2 2 1 46 694 2156 695
3312 2 2 1 46 755 2156 754
3313 2 2 1 46 695 2136 696
3314 2 2 1 46 759 2153 758
3315 2 2 1 46 698 2153 699
3316 2 2 1 46 2153 759 2142
3317 2 2 1 46 758 2153 2151
3318 2 2 1 46 2151 2153 698
3319 2 2 1 46 757 2151 2137
3320 2 2 1 46 2137 2151 697
3321 2 2 1 46 756 2137 2136
3322 2 2 1 46 2136 2137 696
3323 2 2 1 46 755 2136 2156
3324 2 2 1 46 2156 2136 695
3325 2 2 1 46 754 2156 2155
3326 2 2 1 46 2155 2156 694
3327 2 2 1 46 753 2155 2154
3328 2 2 1 46 2154 2155 693
3329 2 2 1 46 752 2154 2152
3330 2 2 1 46 2152 2154 692
3331 2 2 1 46 751 2152 2150
3332 2 2 1 46 2150 2152 691
3333 2 2 1 46 750 2150 2149
3334 2 2 1 46 2149 2150 690
3335 2 2 1 46 749 2149 2148
3336 2 2 1 46 2148 2149 689
3337 2 2 1 46 743 2143 2138
3338 2 2 1 46 2138 2143 683
3339 2 2 1 46 748 2148 2147
3340 2 2 1 46 2147 2148 688
3341 2 2 1 46 747 2147 2146
3342 2 2 1 46 2146 2147 687
3343 2 2 1 46 742 2138 2139
3344 2 2 1 46 2139 2138 682
3345 2 2 1 46 746 2146 2145
3346 2 2 1 46 2145 2146 686
3347 2 2 1 46 741 2139 2141
3348 2 2 1 46 2141 2139 681
3349 2 2 1 46 745 2145 2144
3350 2 2 1 46 2144 2145 685
3351 2 2 1 46 744 2144 2143
3352 2 2 1 46 2143 2144 684
3353 2 2 1 46 758 2151 757
3354 2 2 1 47 74 2157 821
3355 2 2 1 47 74 790 2157
3356 2 2 1 47 70 704 2158
3357 2 2 1 47 763 73 2158
3358 2 2 1 47 730 71 821
3359 2 2 1 47 773 713 714
3360 2 2 1 47 715 774 714
3361 2 2 1 47 772 713 773
3362 2 2 1 47 2158 704 763
3363 2 2 1 47 2158 73 70
3364 2 2 1 47 772 712 713
3365 2 2 1 47 774 773 714
3366 2 2 1 47 2157 790 789
3367 2 2 1 47 771 712 772
3368 2 2 1 47 771 711 712
3369 2 2 1 47 770 711 771
3370 2 2 1 47 2157 730 821
3371 2 2 1 47 789 730 2157
3372 2 2 1 47 770 710 711
3373 2 2 1 47 769 710 770
3374 2 2 1 47 789 729 730
3375 2 2 1 47 788 729 789
3376 2 2 1 47 767 707 708
3377 2 2 1 47 709 768 708
3378 2 2 1 47 788 728 729
3379 2 2 1 47 787 728 788
3380 2 2 1 47 766 707 767
3381 2 2 1 47 766 706 707
3382 2 2 1 47 787 727 728
3383 2 2 1 47 782 781 722
3384 2 2 1 47 768 767 708
3385 2 2 1 47 765 706 766
3386 2 2 1 47 723 782 722
3387 2 2 1 47 781 780 721
3388 2 2 1 47 765 705 706
3389 2 2 1 47 764 705 765
3390 2 2 1 47 722 781 721
3391 2 2 1 47 780 779 720
3392 2 2 1 47 764 704 705
3393 2 2 1 47 763 704 764
3394 2 2 1 47 721 780 720
3395 2 2 1 47 786 727 787
3396 2 2 1 47 769 709 710
3397 2 2 1 47 768 709 769
3398 2 2 1 47 720 779 719
3399 2 2 1 47 777 776 717
3400 2 2 1 47 786 726 727
3401 2 2 1 47 785 726 786
3402 2 2 1 47 718 777 717
3403 2 2 1 47 776 775 716
3404 2 2 1 47 785 725 726
3405 2 2 1 47 784 725 785
3406 2 2 1 47 717 776 716
3407 2 2 1 47 775 774 715
3408 2 2 1 47 779 778 719
3409 2 2 1 47 778 718 719
3410 2 2 1 47 716 775 715
3411 2 2 1 47 777 718 778
3412 2 2 1 47 783 782 723
3413 2 2 1 47 784 724 725
3414 2 2 1 47 783 723 724
3415 2 2 1 47 784 783 724
3416 2 2 1 48 819 758 818
3417 2 2 1 48 820 75 72
3418 2 2 1 48 796 797 736
3419 2 2 1 48 791 821 74
3420 2 2 1 48 818 758 757
3421 2 2 1 48 820 759 819
3422 2 2 1 48 818 757 817
3423 2 2 1 48 72 759 820
3424 2 2 1 48 817 756 816
3425 2 2 1 48 796 736 735
3426 2 2 1 48 798 799 738
3427 2 2 1 48 798 738 737
3428 2 2 1 48 794 795 734
3429 2 2 1 48 816 755 815
3430 2 2 1 48 794 734 733
3431 2 2 1 48 757 756 817
3432 2 2 1 48 795 735 734
3433 2 2 1 48 791 792 2159
3434 2 2 1 48 756 755 816
3435 2 2 1 48 2159 792 731
3436 2 2 1 48 735 795 796
3437 2 2 1 48 755 754 815
3438 2 2 1 48 733 732 793
3439 2 2 1 48 793 732 792
3440 2 2 1 48 754 814 815
3441 2 2 1 48 813 752 812
3442 2 2 1 48 792 732 731
3443 2 2 1 48 733 793 794
3444 2 2 1 48 753 752 813
3445 2 2 1 48 812 751 811
3446 2 2 1 48 791 2159 821
3447 2 2 1 48 2159 71 821
3448 2 2 1 48 752 751 812
3449 2 2 1 48 811 750 810
3450 2 2 1 48 737 736 797
3451 2 2 1 48 737 797 798
3452 2 2 1 48 751 750 811
3453 2 2 1 48 810 749 809
3454 2 2 1 48 71 2159 731
3455 2 2 1 48 742 803 743
3456 2 2 1 48 750 749 810
3457 2 2 1 48 808 748 747
3458 2 2 1 48 743 804 744
3459 2 2 1 48 738 799 739
3460 2 2 1 48 749 748 809
3461 2 2 1 48 819 759 758
3462 2 2 1 48 753 814 754
3463 2 2 1 48 747 807 808
3464 2 2 1 48 813 814 753
3465 2 2 1 48 806 807 746
3466 2 2 1 48 746 807 747
3467 2 2 1 48 806 745 805
3468 2 2 1 48 809 748 808
3469 2 2 1 48 739 799 800
3470 2 2 1 48 746 745 806
3471 2 2 1 48 805 744 804
3472 2 2 1 48 739 800 740
3473 2 2 1 48 800 801 740
3474 2 2 1 48 745 744 805
3475 2 2 1 48 740 801 741
3476 2 2 1 48 803 742 802
3477 2 2 1 48 802 742 741
3478 2 2 1 48 741 801 802
3479 2 2 1 48 803 804 743
3480 2 2 4 49 866 2526 2856
3481 2 2 4 49 2221 2534 2658
3482 2 2 4 49 2299 2427 2580
3483 2 2 4 49 820 819 2704
3484 2 2 4 49 2592 2749 3127
3485 2 2 4 49 2534 2328 2658
3486 2 2 4 49 2704 819 2824
3487 2 2 4 49 840 841 2471
3488 2 2 4 49 2820 2652 3081
3489 2 2 4 49 2629 822 2795
3490 2 2 4 49 866 867 2526
3491 2 2 4 49 2433 2192 2802
3492 2 2 4 49 2359 2559 2703
3493 2 2 4 49 2268 2496 2539
3494 2 2 4 49 2551 2286 2608
3495 2 2 4 49 2310 2551 2608
3496 2 2 4 49 2280 2465 2676
3497 2 2 4 49 2749 2178 3127
3498 2 2 4 49 2434 2231 2581
3499 2 2 4 49 2263 2517 2565
3500 2 2 4 49 2317 2485 2521
3501 2 2 4 49 2533 2195 2639
3502 2 2 4 49 2485 2236 2521
3503 2 2 4 49 2644 2360 2648
3504 2 2 4 49 2312 2533 2639
3505 2 2 4 49 822 823 2795
3506 2 2 4 49 2504 2181 3100
3507 2 2 4 49 2189 2492 2608
3508 2 2 4 49 2564 2504 3100
3509 2 2 4 49 2427 2299 2807
3510 2 2 4 49 2492 2310 2608
3511 2 2 4 49 2440 2192 2578
3512 2 2 4 49 2488 2181 2771
3513 2 2 4 49 2272 2459 2737
3514 2 2 4 49 2188 2719 2803
3515 2 2 4 49 2626 2390 2681
3516 2 2 4 49 2292 2626 2681
3517 2 2 4 49 2413 2684 2920
3518 2 2 4 49 2231 2434 2936
3519 2 2 4 49 2534 2271 2630
3520 2 2 4 49 2303 2481 2546
3521 2 2 4 49 75 820 2704
3522 2 2 4 49 2474 2245 2535
3523 2 2 4 49 2288 2440 2590
3524 2 2 4 49 2559 2197 2667
3525 2 2 4 49 2249 2577 2993
3526 2 2 4 49 2336 2559 2667
3527 2 2 4 49 2632 793 2746
3528 2 2 4 49 2479 2250 2544
3529 2 2 4 49 2597 2226 2741
3530 2 2 4 49 2250 2489 2612
3531 2 2 4 49 2397 2597 2741
3532 2 2 4 49 2165 2438 2599
3533 2 2 4 49 2561 2306 2601
3534 2 2 4 49 2282 2561 2601
3535 2 2 4 49 877 75 2704
3536 2 2 4 49 2296 2644 2648
3537 2 2 4 49 2160 2652 2820
3538 2 2 4 49 2463 2233 2591
3539 2 2 4 49 870 2461 2676
3540 2 2 4 49 845 846 2473
3541 2 2 4 49 2333 2503 2633
3542 2 2 4 49 2577 2432 2993
3543 2 2 4 49 2559 2254 2703
3544 2 2 4 49 2448 2164 2585
3545 2 2 4 49 2309 2439 2753
3546 2 2 4 49 2484 2268 2593
3547 2 2 4 49 2572 2257 3222
3548 2 2 4 49 2461 870 2881
3549 2 2 4 49 2507 2277 2625
3550 2 2 4 49 2505 2572 3222
3551 2 2 4 49 2188 2542 2719
3552 2 2 4 49 2675 2294 2932
3553 2 2 4 49 2413 2500 2684
3554 2 2 4 49 824 2476 2795
3555 2 2 4 49 2438 2165 2614
3556 2 2 4 49 2190 2541 2626
3557 2 2 4 49 2542 2350 2719
3558 2 2 4 49 2512 2326 2779
3559 2 2 4 49 2592 2356 2749
3560 2 2 4 49 2663 2212 2826
3561 2 2 4 49 2423 2969 3151
3562 2 2 4 49 791 2864 3118
3563 2 2 4 49 2651 844 2657
3564 2 2 4 49 855 856 2497
3565 2 2 4 49 2208 2475 2942
3566 2 2 4 49 2818 2575 2825
3567 2 2 4 49 2475 2377 2942
3568 2 2 4 49 2439 2309 2848
3569 2 2 4 49 2248 2537 2592
3570 2 2 4 49 2440 2288 2736
3571 2 2 4 49 2251 2494 3186
3572 2 2 4 49 2495 2251 3186
3573 2 2 4 49 2537 2356 2592
3574 2 2 4 49 2547 2229 3072
3575 2 2 4 49 2192 2440 2736
3576 2 2 4 49 2289 2664 2845
3577 2 2 4 49 2245 2557 2669
3578 2 2 4 49 872 873 2508
3579 2 2 4 49 850 2724 2880
3580 2 2 4 49 2547 3072 3229
3581 2 2 4 49 2192 2433 2743
3582 2 2 4 49 2574 2410 2801
3583 2 2 4 49 2516 2264 2556
3584 2 2 4 49 2326 2512 2785
3585 2 2 4 49 2346 2516 2556
3586 2 2 4 49 818 2464 2824
3587 2 2 4 49 3006 2456 3119
3588 2 2 4 49 2631 2231 2678
3589 2 2 4 49 2379 2631 2678
3590 2 2 4 49 2508 2249 2781
3591 2 2 4 49 2162 2575 2818
3592 2 2 4 49 76 851 2724
3593 2 2 4 49 2342 2508 2781
3594 2 2 4 49 2664 2421 2845
3595 2 2 4 49 2567 2194 2602
3596 2 2 4 49 2488 2771 3050
3597 2 2 4 49 2304 2567 2602
3598 2 2 4 49 2250 2612 3075
3599 2 2 4 49 2437 2254 2835
3600 2 2 4 49 2574 2801 3128
3601 2 2 4 49 2719 2393 2803
3602 2 2 4 49 2254 2437 2703
3603 2 2 4 49 850 76 2724
3604 2 2 4 49 2477 848 2880
3605 2 2 4 49 2455 2187 2718
3606 2 2 4 49 864 2583 2665
3607 2 2 4 49 2589 2367 2893
3608 2 2 4 49 2522 2268 2539
3609 2 2 4 49 2855 772 3201
3610 2 2 4 49 2832 2417 2889
3611 2 2 4 49 2400 2663 2826
3612 2 2 4 49 2419 2813 2910
3613 2 2 4 49 849 850 2880
3614 2 2 4 49 2164 2448 2906
3615 2 2 4 49 2507 2625 2900
3616 2 2 4 49 2344 2755 2960
3617 2 2 4 49 2418 2888 2965
3618 2 2 4 49 852 853 2545
3619 2 2 4 49 2797 2624 2961
3620 2 2 4 49 2469 2237 2984
3621 2 2 4 49 2613 2456 3006
3622 2 2 4 49 2279 2525 2564
3623 2 2 4 49 2531 2260 2656
3624 2 2 4 49 2228 2522 3126
3625 2 2 4 49 2525 2267 2564
3626 2 2 4 49 2303 2587 2806
3627 2 2 4 49 2293 2624 2761
3628 2 2 4 49 2426 2830 3113
3629 2 2 4 49 2731 2303 2806
3630 2 2 4 49 2624 2405 2761
3631 2 2 4 49 2168 2791 2823
3632 2 2 4 49 2405 2624 2797
3633 2 2 4 49 2730 2304 2731
3634 2 2 4 49 2166 2459 2609
3635 2 2 4 49 2531 2324 2714
3636 2 2 4 49 2260 2531 2714
3637 2 2 4 49 2451 781 3156
3638 2 2 4 49 2284 2493 2662
3639 2 2 4 49 2676 2465 2982
3640 2 2 4 49 2522 2539 3126
3641 2 2 4 49 2304 2602 2731
3642 2 2 4 49 2177 2474 3011
3643 2 2 4 49 2234 2533 2789
3644 2 2 4 49 74 790 2569
3645 2 2 4 49 2459 2166 2737
3646 2 2 4 49 2684 2253 2920
3647 2 2 4 49 2497 2340 2815
3648 2 2 4 49 2474 2385 3011
3649 2 2 4 49 2387 2820 3081
3650 2 2 4 49 2312 2639 2651
3651 2 2 4 49 2639 2365 2651
3652 2 2 4 49 2382 2902 3098
3653 2 2 4 49 765 764 2563
3654 2 2 4 49 2246 2497 2815
3655 2 2 4 49 2680 2314 2918
3656 2 2 4 49 2310 2468 2780
3657 2 2 4 49 875 876 2548
3658 2 2 4 49 2969 2344 3151
3659 2 2 4 49 2247 2487 3140
3660 2 2 4 49 2470 803 2877
3661 2 2 4 49 2367 2589 2916
3662 2 2 4 49 2488 2247 3140
3663 2 2 4 49 2534 2630 2767
3664 2 2 4 49 2267 2504 2564
3665 2 2 4 49 2195 2519 2639
3666 2 2 4 49 2241 2518 2654
3667 2 2 4 49 2830 2426 3166
3668 2 2 4 49 2238 2512 2779
3669 2 2 4 49 2179 2479 2872
3670 2 2 4 49 2167 2458 2636
3671 2 2 4 49 2578 2192 2882
3672 2 2 4 49 2454 2273 2637
3673 2 2 4 49 2479 2348 2872
3674 2 2 4 49 2458 2274 2636
3675 2 2 4 49 2227 2454 2637
3676 2 2 4 49 2313 2520 2816
3677 2 2 4 49 2621 2267 2794
3678 2 2 4 49 2416 2665 2773
3679 2 2 4 49 2581 2231 2631
3680 2 2 4 49 2426 2680 2918
3681 2 2 4 49 2315 2581 2631
3682 2 2 4 49 2453 2227 2637
3683 2 2 4 49 2487 2186 2603
3684 2 2 4 49 2294 2489 2702
3685 2 2 4 49 3083 2487 3094
3686 2 2 4 49 2484 2164 2930
3687 2 2 4 49 2489 2250 2702
3688 2 2 4 49 840 2471 2758
3689 2 2 4 49 2370 2484 2930
3690 2 2 4 49 2552 2288 2590
3691 2 2 4 49 2175 2552 2590
3692 2 2 4 49 781 2451 2662
3693 2 2 4 49 2512 2174 2785
3694 2 2 4 49 2451 2284 2662
3695 2 2 4 49 2186 2487 3083
3696 2 2 4 49 2192 2743 2882
3697 2 2 4 49 2526 2336 2856
3698 2 2 4 49 2230 2452 2756
3699 2 2 4 49 2273 2454 2906
3700 2 2 4 49 2489 2855 3201
3701 2 2 4 49 2649 2198 2672
3702 2 2 4 49 2748 2420 2843
3703 2 2 4 49 2695 2382 3098
3704 2 2 4 49 2505 2357 2572
3705 2 2 4 49 2399 2621 2794
3706 2 2 4 49 2268 2484 2598
3707 2 2 4 49 2384 2675 2932
3708 2 2 4 49 2471 841 2640
3709 2 2 4 49 803 2470 2764
3710 2 2 4 49 2427 2716 2923
3711 2 2 4 49 3121 2613 3216
3712 2 2 4 49 2567 2304 3025
3713 2 2 4 49 2459 2272 2646
3714 2 2 4 49 2273 2582 2942
3715 2 2 4 49 2537 2196 2796
3716 2 2 4 49 2356 2537 2796
3717 2 2 4 49 2368 2570 2766
3718 2 2 4 49 774 773 2675
3719 2 2 4 49 2487 2603 3140
3720 2 2 4 49 2483 2172 2635
3721 2 2 4 49 2714 2324 3068
3722 2 2 4 49 2594 2170 2889
3723 2 2 4 49 2458 2228 2833
3724 2 2 4 49 2603 2279 3140
3725 2 2 4 49 2557 2300 2669
3726 2 2 4 49 2417 2594 2889
3727 2 2 4 49 2461 2342 2915
3728 2 2 4 49 830 831 2560
3729 2 2 4 49 2419 2510 2813
3730 2 2 4 49 2304 2653 3025
3731 2 2 4 49 2482 2233 2828
3732 2 2 4 49 2280 2461 2668
3733 2 2 4 49 2164 2484 2593
3734 2 2 4 49 2501 2288 3230
3735 2 2 4 49 2456 2613 3121
3736 2 2 4 49 773 772 2855
3737 2 2 4 49 768 767 2515
3738 2 2 4 49 2230 2606 2709
3739 2 2 4 49 2273 2942 2986
3740 2 2 4 49 2665 2295 2773
3741 2 2 4 49 2284 2451 2725
3742 2 2 4 49 2424 2860 2863
3743 2 2 4 49 2573 2200 2770
3744 2 2 4 49 2332 2523 2869
3745 2 2 4 49 2457 2617 2988
3746 2 2 4 49 2649 2672 3147
3747 2 2 4 49 2172 2483 3110
3748 2 2 4 49 2606 2363 2709
3749 2 2 4 49 2617 2257 2988
3750 2 2 4 49 2619 828 2679
3751 2 2 4 49 2483 2270 2634
3752 2 2 4 49 2595 2272 2737
3753 2 2 4 49 2666 2432 2940
3754 2 2 4 49 2386 2566 2747
3755 2 2 4 49 2675 773 2855
3756 2 2 4 49 830 2560 3014
3757 2 2 4 49 2458 2167 2904
3758 2 2 4 49 2413 3083 3094
3759 2 2 4 49 2517 2263 3217
3760 2 2 4 49 2918 2605 3166
3761 2 2 4 49 2461 2280 2676
3762 2 2 4 49 2716 2223 2923
3763 2 2 4 49 864 865 2583
3764 2 2 4 49 2396 2632 2746
3765 2 2 4 49 2361 2573 2770
3766 2 2 4 49 812 811 2618
3767 2 2 4 49 2654 2518 3011
3768 2 2 4 49 852 2545 2926
3769 2 2 4 49 2191 2748 2843
3770 2 2 4 49 2626 2541 2908
3771 2 2 4 49 2469 2293 2761
3772 2 2 4 49 2283 2503 2913
3773 2 2 4 49 2237 2469 2761
3774 2 2 4 49 2496 2268 2598
3775 2 2 4 49 790 789 2569
3776 2 2 4 49 2187 2455 2706
3777 2 2 4 49 2454 2227 3109
3778 2 2 4 49 2285 2622 2827
3779 2 2 4 49 2288 2536 3230
3780 2 2 4 49 823 824 2795
3781 2 2 4 49 2342 2461 2881
3782 2 2 4 49 2627 2313 2777
3783 2 2 4 49 872 2508 2944
3784 2 2 4 49 2655 2285 2827
3785 2 2 4 49 2472 2345 2647
3786 2 2 4 49 2367 2617 2857
3787 2 2 4 49 2450 2653 3029
3788 2 2 4 49 786 785 2524
3789 2 2 4 49 2328 2491 2831
3790 2 2 4 49 2766 2570 2955
3791 2 2 4 49 2940 2606 2957
3792 2 2 4 49 2491 2205 2831
3793 2 2 4 49 792 791 3118
3794 2 2 4 49 2173 2625 2628
3795 2 2 4 49 2625 2331 2628
3796 2 2 4 49 2273 2906 2943
3797 2 2 4 49 2693 2344 2960
3798 2 2 4 49 2475 2208 3032
3799 2 2 4 49 2522 2228 3212
3800 2 2 4 49 2857 2617 3196
3801 2 2 4 49 2663 2282 2803
3802 2 2 4 49 2653 2185 3029
3803 2 2 4 49 2527 2417 2832
3804 2 2 4 49 2349 2832 2889
3805 2 2 4 49 2627 2777 2971
3806 2 2 4 49 2539 2496 3027
3807 2 2 4 49 2521 2236 2975
3808 2 2 4 49 2388 2521 2975
3809 2 2 4 49 2452 2230 3017
3810 2 2 4 49 2339 2604 2605
3811 2 2 4 49 2305 2501 2738
3812 2 2 4 49 2226 2597 2627
3813 2 2 4 49 2533 2234 2925
3814 2 2 4 49 2566 2260 3184
3815 2 2 4 49 2480 2566 3184
3816 2 2 4 49 2604 2269 2605
3817 2 2 4 49 2597 2313 2627
3818 2 2 4 49 2172 2666 2940
3819 2 2 4 49 2318 2482 2828
3820 2 2 4 49 2227 2453 3157
3821 2 2 4 49 2527 2322 2837
3822 2 2 4 49 2360 2499 2648
3823 2 2 4 49 2167 2556 3024
3824 2 2 4 49 2198 2605 2918
3825 2 2 4 49 2487 2247 3094
3826 2 2 4 49 2520 2313 2597
3827 2 2 4 49 2563 764 2922
3828 2 2 4 49 2274 2458 2833
3829 2 2 4 49 2228 2458 3223
3830 2 2 4 49 2181 2488 3100
3831 2 2 4 49 2663 2803 2992
3832 2 2 4 49 2534 2221 2968
3833 2 2 4 49 2666 2337 2929
3834 2 2 4 49 2460 2666 2929
3835 2 2 4 49 2504 2267 2621
3836 2 2 4 49 2471 2298 2758
3837 2 2 4 49 2358 2493 3173
3838 2 2 4 49 2290 2509 2674
3839 2 2 4 49 2509 2242 2674
3840 2 2 4 49 2609 2290 3009
3841 2 2 4 49 2527 2204 2750
3842 2 2 4 49 2497 856 2895
3843 2 2 4 49 2566 2386 3085
3844 2 2 4 49 2411 2546 3116
3845 2 2 4 49 2353 2467 2694
3846 2 2 4 49 2860 2195 2863
3847 2 2 4 49 2813 2338 2910
3848 2 2 4 49 2303 2546 3168
3849 2 2 4 49 2593 2268 3106
3850 2 2 4 49 2349 2568 2832
3851 2 2 4 49 2586 796 3139
3852 2 2 4 49 845 2473 2657
3853 2 2 4 49 848 849 2880
3854 2 2 4 49 2290 2674 3009
3855 2 2 4 49 2293 2469 2775
3856 2 2 4 49 2323 2464 2979
3857 2 2 4 49 2500 2413 3094
3858 2 2 4 49 2322 2527 2750
3859 2 2 4 49 2312 2651 2657
3860 2 2 4 49 2506 2276 2713
3861 2 2 4 49 2523 2332 2904
3862 2 2 4 49 2247 2500 3094
3863 2 2 4 49 2233 2463 2828
3864 2 2 4 49 2791 2402 2823
3865 2 2 4 49 2345 2472 2997
3866 2 2 4 49 2543 2218 2699
3867 2 2 4 49 2270 2483 2635
3868 2 2 4 49 2525 2279 2711
3869 2 2 4 49 2649 2445 2917
3870 2 2 4 49 800 2553 3090
3871 2 2 4 49 2198 2649 2917
3872 2 2 4 49 2496 2184 3027
3873 2 2 4 49 2377 2475 2683
3874 2 2 4 49 2229 2547 3170
3875 2 2 4 49 2464 818 2875
3876 2 2 4 49 2547 2462 3170
3877 2 2 4 49 2964 2244 2981
3878 2 2 4 49 2565 2517 2811
3879 2 2 4 49 870 871 2881
3880 2 2 4 49 797 796 2586
3881 2 2 4 49 2494 2251 3108
3882 2 2 4 49 2639 2519 2938
3883 2 2 4 49 2542 2238 2899
3884 2 2 4 49 2480 2321 2844
3885 2 2 4 49 2467 2353 2890
3886 2 2 4 49 2333 2633 2946
3887 2 2 4 49 2506 2263 2645
3888 2 2 4 49 2511 2203 2729
3889 2 2 4 49 2215 2983 3010
3890 2 2 4 49 2632 2396 2788
3891 2 2 4 49 2302 2511 2729
3892 2 2 4 49 2309 2632 2788
3893 2 2 4 49 2556 2852 3024
3894 2 2 4 49 2465 2280 2835
3895 2 2 4 49 2315 2631 2784
3896 2 2 4 49 2583 2295 2665
3897 2 2 4 49 2493 2284 2701
3898 2 2 4 49 3035 2411 3116
3899 2 2 4 49 2272 2540 2879
3900 2 2 4 49 2492 2189 2849
3901 2 2 4 49 2906 2448 2943
3902 2 2 4 49 2363 2606 2940
3903 2 2 4 49 2391 2669 2762
3904 2 2 4 49 2888 2346 2965
3905 2 2 4 49 2468 2310 2870
3906 2 2 4 49 2464 2323 2824
3907 2 2 4 49 2557 2245 3034
3908 2 2 4 49 2932 2677 3039
3909 2 2 4 49 2690 2423 3151
3910 2 2 4 49 2474 2177 2683
3911 2 2 4 49 2244 2486 2981
3912 2 2 4 49 2816 2520 3055
3913 2 2 4 49 2476 824 2819
3914 2 2 4 49 2548 876 2914
3915 2 2 4 49 2873 2399 3111
3916 2 2 4 49 2498 2404 3120
3917 2 2 4 49 2784 2631 3003
3918 2 2 4 49 2298 2471 3183
3919 2 2 4 49 2732 2224 2837
3920 2 2 4 49 2362 3006 3119
3921 2 2 4 49 2257 2572 3199
3922 2 2 4 49 812 2618 2994
3923 2 2 4 49 2357 2505 3130
3924 2 2 4 49 2203 2677 2932
3925 2 2 4 49 2319 2502 2843
3926 2 2 4 49 2215 2623 2983
3927 2 2 4 49 2442 2647 2967
3928 2 2 4 49 835 836 2551
3929 2 2 4 49 2449 2732 2837
3930 2 2 4 49 2381 2554 3079
3931 2 2 4 49 2503 2283 2633
3932 2 2 4 49 2473 846 2708
3933 2 2 4 49 2245 2474 3049
3934 2 2 4 49 801 800 3090
3935 2 2 4 49 2618 2469 2984
3936 2 2 4 49 2470 2306 2764
3937 2 2 4 49 2625 2173 2900
3938 2 2 4 49 2181 2555 2771
3939 2 2 4 49 2337 2658 2831
3940 2 2 4 49 2265 2589 2893
3941 2 2 4 49 2555 2335 2771
3942 2 2 4 49 2306 2470 2850
3943 2 2 4 49 2165 2498 2686
3944 2 2 4 49 2917 2445 2921
3945 2 2 4 49 2364 2548 3036
3946 2 2 4 49 2555 2836 3180
3947 2 2 4 49 2669 2300 2762
3948 2 2 4 49 2277 2507 2733
3949 2 2 4 49 2404 2498 3101
3950 2 2 4 49 2647 2173 2967
3951 2 2 4 49 2233 2482 2850
3952 2 2 4 49 2482 2188 3220
3953 2 2 4 49 2337 2831 2929
3954 2 2 4 49 2567 2278 2978
3955 2 2 4 49 2617 2367 2916
3956 2 2 4 49 2463 2996 3031
3957 2 2 4 49 2499 2237 2995
3958 2 2 4 49 2533 2312 2789
3959 2 2 4 49 2247 2488 3050
3960 2 2 4 49 2276 2506 2645
3961 2 2 4 49 2279 3100 3140
3962 2 2 4 49 2205 2491 2668
3963 2 2 4 49 819 818 2824
3964 2 2 4 49 848 2477 2798
3965 2 2 4 49 2199 2509 2700
3966 2 2 4 49 2513 2187 2706
3967 2 2 4 49 2555 2341 2836
3968 2 2 4 49 2290 2609 2698
3969 2 2 4 49 2509 2290 2700
3970 2 2 4 49 838 2610 3028
3971 2 2 4 49 2422 2584 2630
3972 2 2 4 49 2453 2986 3001
3973 2 2 4 49 2515 767 2643
3974 2 2 4 49 2584 2182 2630
3975 2 2 4 49 2877 802 3090
3976 2 2 4 49 2351 2571 2715
3977 2 2 4 49 2400 2576 2663
3978 2 2 4 49 2656 2260 3085
3979 2 2 4 49 2576 2282 2663
3980 2 2 4 49 2348 2479 2909
3981 2 2 4 49 2516 2346 2888
3982 2 2 4 49 2278 2486 2686
3983 2 2 4 49 2197 2516 2888
3984 2 2 4 49 843 844 2651
3985 2 2 4 49 2221 2862 2968
3986 2 2 4 49 2523 2240 2869
3987 2 2 4 49 2185 2506 2713
3988 2 2 4 49 2353 2562 2890
3989 2 2 4 49 855 2497 2685
3990 2 2 4 49 2560 2394 3014
3991 2 2 4 49 2566 2202 2747
3992 2 2 4 49 2988 2369 3123
3993 2 2 4 49 2699 2418 2965
3994 2 2 4 49 2385 2474 2854
3995 2 2 4 49 2473 2234 2789
3996 2 2 4 49 2401 2714 3068
3997 2 2 4 49 2296 2502 2756
3998 2 2 4 49 2234 2473 3062
3999 2 2 4 49 2283 2532 2633
4000 2 2 4 49 2500 2163 3185
4001 2 2 4 49 2502 2230 2756
4002 2 2 4 49 2532 2196 2633
4003 2 2 4 49 2291 2585 2593
4004 2 2 4 49 776 775 2620
4005 2 2 4 49 2527 2837 3065
4006 2 2 4 49 869 870 2676
4007 2 2 4 49 2585 2164 2593
4008 2 2 4 49 2508 873 2688
4009 2 2 4 49 2738 2501 3230
4010 2 2 4 49 2617 2916 3222
4011 2 2 4 49 838 839 2610
4012 2 2 4 49 2491 2328 2696
4013 2 2 4 49 2591 2233 2989
4014 2 2 4 49 2230 2502 3097
4015 2 2 4 49 2309 2510 2848
4016 2 2 4 49 2554 3058 3098
4017 2 2 4 49 2250 2479 3053
4018 2 2 4 49 2450 2964 2981
4019 2 2 4 49 781 780 3156
4020 2 2 4 49 2476 2322 2750
4021 2 2 4 49 2510 2309 2788
4022 2 2 4 49 2641 2399 3037
4023 2 2 4 49 2434 2581 3030
4024 2 2 4 49 2201 2510 2788
4025 2 2 4 49 2620 2283 2913
4026 2 2 4 49 2554 2646 3079
4027 2 2 4 49 2330 2582 2943
4028 2 2 4 49 779 2530 3156
4029 2 2 4 49 2302 2723 2782
4030 2 2 4 49 2399 2873 3037
4031 2 2 4 49 2258 2515 2953
4032 2 2 4 49 2568 2204 2832
4033 2 2 4 49 2544 2378 2754
4034 2 2 4 49 2565 2387 2645
4035 2 2 4 49 2340 2497 2895
4036 2 2 4 49 807 806 2576
4037 2 2 4 49 2494 2174 2739
4038 2 2 4 49 2568 2349 2887
4039 2 2 4 49 2493 2701 3173
4040 2 2 4 49 2433 2802 3182
4041 2 2 4 49 2207 2544 2754
4042 2 2 4 49 2598 2222 3045
4043 2 2 4 49 2301 2619 2679
4044 2 2 4 49 2581 2266 3030
4045 2 2 4 49 2439 2586 3139
4046 2 2 4 49 2406 2590 2931
4047 2 2 4 49 2259 2541 2996
4048 2 2 4 49 2782 2723 3072
4049 2 2 4 49 2541 2392 2996
4050 2 2 4 49 2322 2476 2819
4051 2 2 4 49 2569 789 2757
4052 2 2 4 49 2571 2351 2793
4053 2 2 4 49 2583 2336 2667
4054 2 2 4 49 2295 2583 2667
4055 2 2 4 49 2334 2477 2933
4056 2 2 4 49 2515 2355 2883
4057 2 2 4 49 2200 2571 2793
4058 2 2 4 49 2499 2360 2984
4059 2 2 4 49 2385 2654 3011
4060 2 2 4 49 2486 2244 2759
4061 2 2 4 49 2237 2499 2984
4062 2 2 4 49 2477 2334 2798
4063 2 2 4 49 2517 2171 3042
4064 2 2 4 49 2589 2199 2916
4065 2 2 4 49 2388 2517 3042
4066 2 2 4 49 2190 2514 2697
4067 2 2 4 49 2289 2511 2791
4068 2 2 4 49 2545 2366 3046
4069 2 2 4 49 2279 2564 3100
4070 2 2 4 49 2235 2492 3063
4071 2 2 4 49 2251 2495 3035
4072 2 2 4 49 2978 2278 3120
4073 2 2 4 49 2518 2241 3137
4074 2 2 4 49 2241 2519 3137
4075 2 2 4 49 2391 2535 2669
4076 2 2 4 49 2548 2778 3036
4077 2 2 4 49 2236 2485 3150
4078 2 2 4 49 2486 2278 2981
4079 2 2 4 49 2392 2541 3160
4080 2 2 4 49 2222 2851 3045
4081 2 2 4 49 2187 2513 3117
4082 2 2 4 49 2691 2294 2702
4083 2 2 4 49 2321 2480 2907
4084 2 2 4 49 2577 2249 2956
4085 2 2 4 49 2479 2179 2897
4086 2 2 4 49 2523 2361 2671
4087 2 2 4 49 2240 2523 2671
4088 2 2 4 49 2263 2565 2645
4089 2 2 4 49 2374 2691 2702
4090 2 2 4 49 2279 2603 2711
4091 2 2 4 49 2519 2195 2860
4092 2 2 4 49 2481 2303 3115
4093 2 2 4 49 2289 2532 2885
4094 2 2 4 49 2163 2715 3092
4095 2 2 4 49 2601 2188 2803
4096 2 2 4 49 2339 2917 2921
4097 2 2 4 49 2350 2542 2899
4098 2 2 4 49 2836 2240 3180
4099 2 2 4 49 2232 3121 3216
4100 2 2 4 49 2238 2542 2919
4101 2 2 4 49 2188 2482 2928
4102 2 2 4 49 2403 2554 3098
4103 2 2 4 49 2519 2860 3137
4104 2 2 4 49 2550 2209 2641
4105 2 2 4 49 2572 2180 3163
4106 2 2 4 49 2670 2176 2763
4107 2 2 4 49 2285 2550 2641
4108 2 2 4 49 2763 2490 3069
4109 2 2 4 49 2201 2562 2813
4110 2 2 4 49 803 802 2877
4111 2 2 4 49 2562 2338 2813
4112 2 2 4 49 2306 2561 3088
4113 2 2 4 49 2389 2670 2763
4114 2 2 4 49 2860 2327 3137
4115 2 2 4 49 2482 2318 2928
4116 2 2 4 49 2281 2514 2742
4117 2 2 4 49 2316 2670 2842
4118 2 2 4 49 2355 2515 3002
4119 2 2 4 49 815 814 2596
4120 2 2 4 49 2554 2243 2646
4121 2 2 4 49 2389 2763 3069
4122 2 2 4 49 2715 2466 3092
4123 2 2 4 49 2514 2281 2697
4124 2 2 4 49 2485 2317 2901
4125 2 2 4 49 2359 2584 3004
4126 2 2 4 49 2720 2580 3149
4127 2 2 4 49 2484 2370 2903
4128 2 2 4 49 2561 2282 3018
4129 2 2 4 49 2214 2738 3230
4130 2 2 4 49 2387 2565 2958
4131 2 2 4 49 2489 2294 2855
4132 2 2 4 49 2565 2219 2958
4133 2 2 4 49 2197 2888 3019
4134 2 2 4 49 2795 2476 3067
4135 2 2 4 49 2774 2330 2943
4136 2 2 4 49 2559 2359 3005
4137 2 2 4 49 802 801 3090
4138 2 2 4 49 2531 860 2891
4139 2 2 4 49 2352 2563 2660
4140 2 2 4 49 2272 2879 3079
4141 2 2 4 49 2572 2443 3199
4142 2 2 4 49 2584 2359 3016
4143 2 2 4 49 2524 785 2687
4144 2 2 4 49 768 2515 2883
4145 2 2 4 49 2620 775 3013
4146 2 2 4 49 2297 2795 3067
4147 2 2 4 49 2562 2201 2890
4148 2 2 4 49 2497 2246 2950
4149 2 2 4 49 2502 2296 3167
4150 2 2 4 49 2299 2580 2720
4151 2 2 4 49 2287 2550 3015
4152 2 2 4 49 2168 2664 2791
4153 2 2 4 49 2532 2283 2677
4154 2 2 4 49 2535 2245 2669
4155 2 2 4 49 2590 2406 3073
4156 2 2 4 49 2511 2302 3084
4157 2 2 4 49 2493 2358 2814
4158 2 2 4 49 2288 2501 2736
4159 2 2 4 49 3100 2488 3140
4160 2 2 4 49 2986 2377 3001
4161 2 2 4 49 2167 2523 2904
4162 2 2 4 49 828 829 2679
4163 2 2 4 49 2507 2222 2733
4164 2 2 4 49 2175 2549 3026
4165 2 2 4 49 2249 2508 2956
4166 2 2 4 49 2287 2804 2829
4167 2 2 4 49 2492 2235 2870
4168 2 2 4 49 2398 2591 2989
4169 2 2 4 49 2310 2492 2870
4170 2 2 4 49 2996 2392 3031
4171 2 2 4 49 2174 2494 2785
4172 2 2 4 49 2399 2794 3111
4173 2 2 4 49 2528 2256 2867
4174 2 2 4 49 2854 2217 2976
4175 2 2 4 49 2383 2557 3034
4176 2 2 4 49 763 2629 2922
4177 2 2 4 49 2218 2543 3068
4178 2 2 4 49 2543 2401 3068
4179 2 2 4 49 2443 2572 3163
4180 2 2 4 49 2571 2200 3200
4181 2 2 4 49 2551 836 2661
4182 2 2 4 49 786 2524 2834
4183 2 2 4 49 2479 2544 2909
4184 2 2 4 49 2533 2331 2863
4185 2 2 4 49 2541 2190 2697
4186 2 2 4 49 2742 2210 3095
4187 2 2 4 49 2195 2533 2863
4188 2 2 4 49 2503 2333 3093
4189 2 2 4 49 2268 2522 3106
4190 2 2 4 49 2550 2285 2655
4191 2 2 4 49 2282 2576 3018
4192 2 2 4 49 2495 2742 3095
4193 2 2 4 49 3072 2431 3229
4194 2 2 4 49 2184 2496 2907
4195 2 2 4 49 2610 2412 3028
4196 2 2 4 49 2284 2574 2701
4197 2 2 4 49 2256 2528 3155
4198 2 2 4 49 2529 2256 3155
4199 2 2 4 49 860 2531 3159
4200 2 2 4 49 2566 2480 2844
4201 2 2 4 49 2215 2525 2711
4202 2 2 4 49 2501 2305 2802
4203 2 2 4 49 2292 2586 2924
4204 2 2 4 49 2538 2357 3165
4205 2 2 4 49 2286 2551 2661
4206 2 2 4 49 2690 2338 2892
4207 2 2 4 49 794 793 2632
4208 2 2 4 49 2762 3143 3203
4209 2 2 4 49 2276 2623 2713
4210 2 2 4 49 2423 2690 2892
4211 2 2 4 49 2498 2165 3061
4212 2 2 4 49 2275 2569 2757
4213 2 2 4 49 857 858 2712
4214 2 2 4 49 835 2551 2780
4215 2 2 4 49 2512 2318 2776
4216 2 2 4 49 2169 2693 2720
4217 2 2 4 49 2455 2718 3210
4218 2 2 4 49 2174 2512 2776
4219 2 2 4 49 2693 2373 2720
4220 2 2 4 49 2752 3033 3152
4221 2 2 4 49 2457 2988 3123
4222 2 2 4 49 2662 2493 3231
4223 2 2 4 49 764 763 2922
4224 2 2 4 49 2510 2419 3054
4225 2 2 4 49 2842 2670 2972
4226 2 2 4 49 2163 2500 2990
4227 2 2 4 49 2177 2518 2894
4228 2 2 4 49 2595 2208 2765
4229 2 2 4 49 2536 2288 3207
4230 2 2 4 49 2686 2498 3120
4231 2 2 4 49 2463 2591 2996
4232 2 2 4 49 2724 851 2926
4233 2 2 4 49 2203 2511 2885
4234 2 2 4 49 2426 2918 3166
4235 2 2 4 49 2558 2421 2664
4236 2 2 4 49 2237 2579 2995
4237 2 2 4 49 2549 2175 2876
4238 2 2 4 49 777 2503 3093
4239 2 2 4 49 2762 2300 3143
4240 2 2 4 49 2168 2558 2664
4241 2 2 4 49 2648 2499 3175
4242 2 2 4 49 2365 2639 2938
4243 2 2 4 49 2191 2648 3175
4244 2 2 4 49 2582 2330 2765
4245 2 2 4 49 2280 2668 3142
4246 2 2 4 49 2208 2582 2765
4247 2 2 4 49 2707 2244 2726
4248 2 2 4 49 780 779 3156
4249 2 2 4 49 2380 2707 2726
4250 2 2 4 49 2181 2504 2962
4251 2 2 4 49 2668 2491 3142
4252 2 2 4 49 851 852 2926
4253 2 2 4 49 2243 2538 2698
4254 2 2 4 49 2563 2297 2660
4255 2 2 4 49 2646 2243 3086
4256 2 2 4 49 2222 2507 2970
4257 2 2 4 49 2640 2365 3091
4258 2 2 4 49 2187 2528 2718
4259 2 2 4 49 2500 2247 2911
4260 2 2 4 49 2600 2193 2901
4261 2 2 4 49 2763 2176 3119
4262 2 2 4 49 2921 2558 3051
4263 2 2 4 49 2509 2199 3020
4264 2 2 4 49 2551 2310 2780
4265 2 2 4 49 2562 2353 2966
4266 2 2 4 49 2590 2440 2931
4267 2 2 4 49 2791 2511 3084
4268 2 2 4 49 2503 777 2913
4269 2 2 4 49 2274 2543 2699
4270 2 2 4 49 2401 2543 2735
4271 2 2 4 49 2528 2187 2804
4272 2 2 4 49 2773 3019 3176
4273 2 2 4 49 2258 2568 2887
4274 2 2 4 49 2839 2184 2907
4275 2 2 4 49 2242 2509 3022
4276 2 2 4 49 2480 2839 2907
4277 2 2 4 49 2459 2646 3086
4278 2 2 4 49 2514 2190 2807
4279 2 2 4 49 2263 2506 3148
4280 2 2 4 49 2183 2529 3015
4281 2 2 4 49 2299 2514 2807
4282 2 2 4 49 2506 2185 2912
4283 2 2 4 49 2712 2386 2747
4284 2 2 4 49 2698 2609 3086
4285 2 2 4 49 2502 2319 3097
4286 2 2 4 49 2340 2712 2747
4287 2 2 4 49 2255 2524 2947
4288 2 2 4 49 2541 2697 3160
4289 2 2 4 49 2556 2264 2852
4290 2 2 4 49 2378 2689 2754
4291 2 2 4 49 3089 2571 3200
4292 2 2 4 49 2508 2342 2944
4293 2 2 4 49 2483 2634 2871
4294 2 2 4 49 2288 2552 3207
4295 2 2 4 49 2689 2355 2754
4296 2 2 4 49 2169 2720 3149
4297 2 2 4 49 2859 832 2868
4298 2 2 4 49 809 808 2616
4299 2 2 4 49 2365 2938 3091
4300 2 2 4 49 2762 2189 2787
4301 2 2 4 49 2326 2785 3108
4302 2 2 4 49 2510 2201 2813
4303 2 2 4 49 807 2576 3060
4304 2 2 4 49 2727 2326 3108
4305 2 2 4 49 2521 2388 3042
4306 2 2 4 49 2452 2596 2756
4307 2 2 4 49 2183 2540 2874
4308 2 2 4 49 2343 2865 3146
4309 2 2 4 49 2764 2306 3088
4310 2 2 4 49 2540 2330 2874
4311 2 2 4 49 804 803 2764
4312 2 2 4 49 2650 2436 2887
4313 2 2 4 49 2188 2601 3220
4314 2 2 4 49 2474 2535 2854
4315 2 2 4 49 2165 2686 3192
4316 2 2 4 49 2810 2224 3047
4317 2 2 4 49 2532 2289 2845
4318 2 2 4 49 815 2596 3228
4319 2 2 4 49 2884 2213 2991
4320 2 2 4 49 2513 2240 2836
4321 2 2 4 49 2349 2650 2887
4322 2 2 4 49 2345 2638 2970
4323 2 2 4 49 2780 2468 3204
4324 2 2 4 49 2517 2388 2811
4325 2 2 4 49 2518 2177 3011
4326 2 2 4 49 2264 2516 3004
4327 2 2 4 49 2550 2287 2829
4328 2 2 4 49 2603 2380 2711
4329 2 2 4 49 2402 2782 2935
4330 2 2 4 49 2240 2513 2869
4331 2 2 4 49 2511 2289 2885
4332 2 2 4 49 2805 2545 3046
4333 2 2 4 49 2715 2571 3059
4334 2 2 4 49 2516 2197 3005
4335 2 2 4 49 2546 2411 3193
4336 2 2 4 49 2807 2190 2858
4337 2 2 4 49 2331 2533 2925
4338 2 2 4 49 2318 2512 2919
4339 2 2 4 49 2843 2502 3167
4340 2 2 4 49 2515 2258 3002
4341 2 2 4 49 2401 2735 2839
4342 2 2 4 49 2512 2238 2919
4343 2 2 4 49 2871 2337 3110
4344 2 2 4 49 841 842 2640
4345 2 2 4 49 2328 2534 2767
4346 2 2 4 49 2804 2409 2829
4347 2 2 4 49 2684 2500 3185
4348 2 2 4 49 2834 2524 2966
4349 2 2 4 49 2773 2295 3019
4350 2 2 4 49 2514 2299 3099
4351 2 2 4 49 3058 2220 3098
4352 2 2 4 49 2772 2325 3071
4353 2 2 4 49 2361 2523 3024
4354 2 2 4 49 2523 2167 3024
4355 2 2 4 49 2456 2763 3119
4356 2 2 4 49 827 828 2619
4357 2 2 4 49 2264 2573 2852
4358 2 2 4 49 2171 2517 2949
4359 2 2 4 49 2809 2326 3107
4360 2 2 4 49 2897 2179 2939
4361 2 2 4 49 2588 2366 2950
4362 2 2 4 49 2642 2307 2672
4363 2 2 4 49 2339 2921 3051
4364 2 2 4 49 2252 2558 2921
4365 2 2 4 49 2314 2642 2672
4366 2 2 4 49 2317 2521 2898
4367 2 2 4 49 2453 2637 2986
4368 2 2 4 49 2326 2727 3107
4369 2 2 4 49 2699 2218 3176
4370 2 2 4 49 2515 2643 2953
4371 2 2 4 49 2686 2486 3192
4372 2 2 4 49 2530 779 2808
4373 2 2 4 49 793 792 2746
4374 2 2 4 49 2519 2241 2938
4375 2 2 4 49 2333 2530 2808
4376 2 2 4 49 2530 2333 2945
4377 2 2 4 49 770 769 2689
4378 2 2 4 49 2462 2547 3177
4379 2 2 4 49 2550 2655 3015
4380 2 2 4 49 2483 2871 3110
4381 2 2 4 49 2417 2527 3065
4382 2 2 4 49 2492 2849 3063
4383 2 2 4 49 2716 2292 2924
4384 2 2 4 49 2538 2243 3134
4385 2 2 4 49 2525 2215 3010
4386 2 2 4 49 2755 2226 2960
4387 2 2 4 49 2175 2590 3073
4388 2 2 4 49 2427 2807 2858
4389 2 2 4 49 2347 2801 2959
4390 2 2 4 49 2830 2317 3113
4391 2 2 4 49 2364 2577 2956
4392 2 2 4 49 2402 2791 3084
4393 2 2 4 49 2576 2400 3060
4394 2 2 4 49 2535 2391 3096
4395 2 2 4 49 2330 2540 2765
4396 2 2 4 49 2204 2527 2832
4397 2 2 4 49 2783 2363 2821
4398 2 2 4 49 861 862 2692
4399 2 2 4 49 2752 2415 3033
4400 2 2 4 49 2213 2642 2991
4401 2 2 4 49 2562 2255 2892
4402 2 2 4 49 2608 2286 2787
4403 2 2 4 49 2338 2562 2892
4404 2 2 4 49 2598 2484 2903
4405 2 2 4 49 2574 2206 2701
4406 2 2 4 49 2193 2600 3007
4407 2 2 4 49 2524 2255 2966
4408 2 2 4 49 2391 2762 2787
4409 2 2 4 49 2894 2518 3137
4410 2 2 4 49 871 872 2944
4411 2 2 4 49 2294 2691 2932
4412 2 2 4 49 2638 2851 2970
4413 2 2 4 49 2668 2461 2915
4414 2 2 4 49 2596 2452 3228
4415 2 2 4 49 2369 2682 3123
4416 2 2 4 49 2267 2525 3153
4417 2 2 4 49 2325 2847 3071
4418 2 2 4 49 2526 867 2973
4419 2 2 4 49 2227 2607 3109
4420 2 2 4 49 2336 2526 2985
4421 2 2 4 49 2735 2184 2839
4422 2 2 4 49 2848 2223 2924
4423 2 2 4 49 2549 2371 3026
4424 2 2 4 49 2324 2531 2891
4425 2 2 4 49 767 766 2643
4426 2 2 4 49 2432 2821 2940
4427 2 2 4 49 2588 2950 3218
4428 2 2 4 49 2771 2435 3050
4429 2 2 4 49 2196 2532 2845
4430 2 2 4 49 2548 2323 2778
4431 2 2 4 49 2529 2183 2874
4432 2 2 4 49 2634 2221 2871
4433 2 2 4 49 2674 2242 3145
4434 2 2 4 49 2478 2674 3145
4435 2 2 4 49 2532 2677 2885
4436 2 2 4 49 2866 2442 2967
4437 2 2 4 49 2256 2529 3124
4438 2 2 4 49 2540 2272 3112
4439 2 2 4 49 2513 2706 2869
4440 2 2 4 49 2179 2723 2939
4441 2 2 4 49 2435 2771 3038
4442 2 2 4 49 2830 2600 2901
4443 2 2 4 49 2335 2671 2770
4444 2 2 4 49 2712 858 3066
4445 2 2 4 49 2552 2175 3026
4446 2 2 4 49 2671 2361 2770
4447 2 2 4 49 876 877 2914
4448 2 2 4 49 2753 2439 3139
4449 2 2 4 49 2553 800 2790
4450 2 2 4 49 2421 2558 3188
4451 2 2 4 49 2773 2218 2812
4452 2 2 4 49 2558 2252 3188
4453 2 2 4 49 2416 2773 2812
4454 2 2 4 49 2544 2207 2909
4455 2 2 4 49 810 2775 3105
4456 2 2 4 49 2217 2705 2976
4457 2 2 4 49 2327 2894 3137
4458 2 2 4 49 2432 2666 2993
4459 2 2 4 49 2902 2403 3098
4460 2 2 4 49 2329 2545 2805
4461 2 2 4 49 2415 2859 2868
4462 2 2 4 49 2161 3168 3193
4463 2 2 4 49 2801 2347 3128
4464 2 2 4 49 2222 2598 2903
4465 2 2 4 49 2556 2167 3169
4466 2 2 4 49 2491 2696 3142
4467 2 2 4 49 2432 2577 2821
4468 2 2 4 49 844 845 2657
4469 2 2 4 49 2672 2307 3147
4470 2 2 4 49 2554 2403 3134
4471 2 2 4 49 2696 2437 3142
4472 2 2 4 49 2243 2554 3134
4473 2 2 4 49 2545 853 2878
4474 2 2 4 49 877 2704 2914
4475 2 2 4 49 3168 2546 3193
4476 2 2 4 49 2366 2545 2878
4477 2 2 4 49 2271 2534 2968
4478 2 2 4 49 2371 2549 3022
4479 2 2 4 49 2698 2538 3165
4480 2 2 4 49 2549 2242 3022
4481 2 2 4 49 2546 2481 3116
4482 2 2 4 49 2433 2810 3047
4483 2 2 4 49 2255 2562 2966
4484 2 2 4 49 2445 3082 3181
4485 2 2 4 49 2193 3007 3158
4486 2 2 4 49 2548 2364 2886
4487 2 2 4 49 2197 2559 3005
4488 2 2 4 49 2378 2544 3075
4489 2 2 4 49 2544 2250 3075
4490 2 2 4 49 2311 2849 2861
4491 2 2 4 49 2849 2447 2861
4492 2 2 4 49 875 2548 2886
4493 2 2 4 49 2695 2343 2817
4494 2 2 4 49 2382 2695 2817
4495 2 2 4 49 825 826 2710
4496 2 2 4 49 2881 871 2944
4497 2 2 4 49 2616 2400 2826
4498 2 2 4 49 2586 2292 3076
4499 2 2 4 49 2848 2510 3054
4500 2 2 4 49 2293 2616 2826
4501 2 2 4 49 805 2561 3018
4502 2 2 4 49 2741 2347 2959
4503 2 2 4 49 836 837 2661
4504 2 2 4 49 2540 2183 2879
4505 2 2 4 49 2212 2624 2826
4506 2 2 4 49 2281 2742 3186
4507 2 2 4 49 2172 2940 2957
4508 2 2 4 49 2286 2659 2787
4509 2 2 4 49 2439 2848 2924
4510 2 2 4 49 2543 2274 3074
4511 2 2 4 49 788 787 2694
4512 2 2 4 49 873 874 2688
4513 2 2 4 49 2587 2307 2806
4514 2 2 4 49 2300 2557 3012
4515 2 2 4 49 2537 2248 2945
4516 2 2 4 49 2196 2537 2946
4517 2 2 4 49 2323 2548 2914
4518 2 2 4 49 2384 2620 3013
4519 2 2 4 49 2323 2704 2824
4520 2 2 4 49 2315 2818 2825
4521 2 2 4 49 2692 2416 2812
4522 2 2 4 49 2324 2692 2812
4523 2 2 4 49 2616 2293 2775
4524 2 2 4 49 860 861 2891
4525 2 2 4 49 2353 2834 2966
4526 2 2 4 49 2362 2797 2961
4527 2 2 4 49 2301 2679 2882
4528 2 2 4 49 2614 2325 2927
4529 2 2 4 49 2209 2550 2829
4530 2 2 4 49 2580 2427 2923
4531 2 2 4 49 2266 3052 3229
4532 2 2 4 49 2679 2394 2882
4533 2 2 4 49 2357 2538 2999
4534 2 2 4 49 2667 2197 3019
4535 2 2 4 49 2610 2298 2705
4536 2 2 4 49 2611 2235 3063
4537 2 2 4 49 2412 2610 2705
4538 2 2 4 49 2588 2442 2866
4539 2 2 4 49 824 825 2819
4540 2 2 4 49 2200 2573 3200
4541 2 2 4 49 2634 2368 2862
4542 2 2 4 49 2541 2259 2908
4543 2 2 4 49 2659 2286 3154
4544 2 2 4 49 2291 2593 3106
4545 2 2 4 49 2318 2542 2928
4546 2 2 4 49 846 847 2708
4547 2 2 4 49 2219 2565 2811
4548 2 2 4 49 2221 2634 2862
4549 2 2 4 49 2709 2363 2783
4550 2 2 4 49 854 855 2685
4551 2 2 4 49 2542 2318 2919
4552 2 2 4 49 782 781 2662
4553 2 2 4 49 3052 2547 3229
4554 2 2 4 49 2297 2629 2795
4555 2 2 4 49 2242 2549 2861
4556 2 2 4 49 2170 2594 2734
4557 2 2 4 49 2180 2572 2999
4558 2 2 4 49 2549 2311 2861
4559 2 2 4 49 2888 2418 3019
4560 2 2 4 49 2325 2614 2759
4561 2 2 4 49 863 864 2665
4562 2 2 4 49 2707 2380 3141
4563 2 2 4 49 2594 2305 2734
4564 2 2 4 49 2542 2188 2928
4565 2 2 4 49 785 784 2687
4566 2 2 4 49 2900 2345 2970
4567 2 2 4 49 2507 2900 2970
4568 2 2 4 49 2247 3050 3214
4569 2 2 4 49 2821 2363 2940
4570 2 2 4 49 2311 2549 2876
4571 2 2 4 49 2291 3106 3210
4572 2 2 4 49 2833 2228 3126
4573 2 2 4 49 2782 2229 2935
4574 2 2 4 49 2865 2441 3146
4575 2 2 4 49 3117 2513 3227
4576 2 2 4 49 2213 2730 2731
4577 2 2 4 49 2545 2329 2926
4578 2 2 4 49 2189 2608 2787
4579 2 2 4 49 2297 2563 2922
4580 2 2 4 49 2727 2251 3116
4581 2 2 4 49 2771 2335 3038
4582 2 2 4 49 2610 839 2758
4583 2 2 4 49 2737 2166 3103
4584 2 2 4 49 2481 2727 3116
4585 2 2 4 49 2343 2820 2958
4586 2 2 4 49 2691 2374 2729
4587 2 2 4 49 2352 2568 2953
4588 2 2 4 49 2568 2258 2953
4589 2 2 4 49 2160 2873 3111
4590 2 2 4 49 2907 2496 3045
4591 2 2 4 49 2383 2595 2737
4592 2 2 4 49 2815 2472 2977
4593 2 2 4 49 2777 2313 2816
4594 2 2 4 49 2246 2815 2977
4595 2 2 4 49 2411 2777 2816
4596 2 2 4 49 2742 2495 3186
4597 2 2 4 49 2623 2395 2713
4598 2 2 4 49 2585 2291 2867
4599 2 2 4 49 2644 813 2994
4600 2 2 4 49 2560 2262 3114
4601 2 2 4 49 2847 2707 3141
4602 2 2 4 49 765 2563 2846
4603 2 2 4 49 2430 2998 3163
4604 2 2 4 49 2394 2560 3114
4605 2 2 4 49 2285 3037 3048
4606 2 2 4 49 2602 2303 2731
4607 2 2 4 49 2619 2301 2732
4608 2 2 4 49 2557 2383 3103
4609 2 2 4 49 2718 2291 3210
4610 2 2 4 49 2449 2619 2732
4611 2 2 4 49 2728 2375 2838
4612 2 2 4 49 2202 2566 2844
4613 2 2 4 49 2445 2745 2921
4614 2 2 4 49 2626 2292 2858
4615 2 2 4 49 2775 2469 3105
4616 2 2 4 49 2563 2352 2846
4617 2 2 4 49 788 2694 2757
4618 2 2 4 49 2375 2866 2967
4619 2 2 4 49 3087 2659 3154
4620 2 2 4 49 2390 2626 2908
4621 2 2 4 49 2560 831 2859
4622 2 2 4 49 74 2569 2864
4623 2 2 4 49 2350 2599 2937
4624 2 2 4 49 2324 2812 3068
4625 2 2 4 49 2335 2555 3180
4626 2 2 4 49 2615 2212 2992
4627 2 2 4 49 2665 2416 3104
4628 2 2 4 49 2204 2660 3067
4629 2 2 4 49 2393 2615 2992
4630 2 2 4 49 2393 2719 3122
4631 2 2 4 49 2555 2181 2962
4632 2 2 4 49 2916 2199 3130
4633 2 2 4 49 2341 2555 2962
4634 2 2 4 49 2554 2381 3058
4635 2 2 4 49 2460 2781 2993
4636 2 2 4 49 810 809 2775
4637 2 2 4 49 2781 2249 2993
4638 2 2 4 49 2796 2196 2845
4639 2 2 4 49 2421 2796 2845
4640 2 2 4 49 2185 2653 2799
4641 2 2 4 49 2321 2907 3045
4642 2 2 4 49 2622 2285 3048
4643 2 2 4 49 2745 2445 3181
4644 2 2 4 49 770 2689 2980
4645 2 2 4 49 2654 2298 3183
4646 2 2 4 49 2296 2596 3064
4647 2 2 4 49 2687 784 2814
4648 2 2 4 49 2596 2296 2756
4649 2 2 4 49 2296 2648 3167
4650 2 2 4 49 809 2616 2775
4651 2 2 4 49 813 812 2994
4652 2 2 4 49 827 2619 3221
4653 2 2 4 49 2346 2556 3169
4654 2 2 4 49 2718 2528 2867
4655 2 2 4 49 2840 2430 3163
4656 2 2 4 49 2275 2757 3044
4657 2 2 4 49 2568 2352 3172
4658 2 2 4 49 2719 2937 3122
4659 2 2 4 49 2595 2765 3112
4660 2 2 4 49 2619 2449 3221
4661 2 2 4 49 2558 2168 3051
4662 2 2 4 49 2757 2467 3044
4663 2 2 4 49 2161 2587 3168
4664 2 2 4 49 2575 2162 2905
4665 2 2 4 49 2577 2211 2821
4666 2 2 4 49 2722 2452 3017
4667 2 2 4 49 2714 2401 2839
4668 2 2 4 49 2584 2264 3004
4669 2 2 4 49 2266 2575 3052
4670 2 2 4 49 2575 2266 2825
4671 2 2 4 49 2724 2329 2880
4672 2 2 4 49 2315 2784 2818
4673 2 2 4 49 2450 2981 3025
4674 2 2 4 49 2784 2407 2818
4675 2 2 4 49 847 848 2798
4676 2 2 4 49 2655 2183 3015
4677 2 2 4 49 2262 2560 3070
4678 2 2 4 49 2630 2271 3089
4679 2 2 4 49 2505 2916 3130
4680 2 2 4 49 2307 2642 2806
4681 2 2 4 49 2635 2172 2957
4682 2 2 4 49 2559 2336 2985
4683 2 2 4 49 2266 2581 2825
4684 2 2 4 49 2835 2254 3194
4685 2 2 4 49 2573 2264 3206
4686 2 2 4 49 2422 2630 3089
4687 2 2 4 49 2630 2182 2767
4688 2 2 4 49 2595 2383 3032
4689 2 2 4 49 2208 2595 3032
4690 2 2 4 49 2162 2857 3196
4691 2 2 4 49 2573 2361 2852
4692 2 2 4 49 2581 2315 2825
4693 2 2 4 49 2342 2781 2915
4694 2 2 4 49 2420 2748 2842
4695 2 2 4 49 2254 2559 2985
4696 2 2 4 49 3033 2235 3152
4697 2 2 4 49 2341 2962 2987
4698 2 2 4 49 2594 2417 2810
4699 2 2 4 49 2298 2610 2758
4700 2 2 4 49 2621 2209 2987
4701 2 2 4 49 2783 2211 2979
4702 2 2 4 49 2423 2673 2969
4703 2 2 4 49 2673 2206 2969
4704 2 2 4 49 2561 805 3088
4705 2 2 4 49 2277 2733 3213
4706 2 2 4 49 794 2632 2753
4707 2 2 4 49 2307 2587 2963
4708 2 2 4 49 2299 2720 2721
4709 2 2 4 49 2720 2373 2721
4710 2 2 4 49 2706 2332 2869
4711 2 2 4 49 2322 2710 2837
4712 2 2 4 49 2854 2535 3096
4713 2 2 4 49 2649 2446 3082
4714 2 2 4 49 2358 2687 2814
4715 2 2 4 49 2776 2463 3031
4716 2 2 4 49 2270 2635 2751
4717 2 2 4 49 2217 2854 3096
4718 2 2 4 49 2174 2776 3031
4719 2 2 4 49 2303 2602 3115
4720 2 2 4 49 2710 2449 2837
4721 2 2 4 49 2292 2681 3076
4722 2 2 4 49 2962 2504 2987
4723 2 2 4 49 789 788 2757
4724 2 2 4 49 2420 2751 2843
4725 2 2 4 49 2841 2228 3223
4726 2 2 4 49 2583 865 2856
4727 2 2 4 49 2837 2224 3065
4728 2 2 4 49 2572 2357 2999
4729 2 2 4 49 2804 2287 3155
4730 2 2 4 49 2355 2717 2754
4731 2 2 4 49 2528 2804 3155
4732 2 2 4 49 2165 2599 3061
4733 2 2 4 49 2579 2237 3226
4734 2 2 4 49 2717 2207 2754
4735 2 2 4 49 2589 2265 2822
4736 2 2 4 49 2371 2589 2822
4737 2 2 4 49 2440 2578 3215
4738 2 2 4 49 2796 2421 2952
4739 2 2 4 49 3006 2615 3122
4740 2 2 4 49 2625 2277 2769
4741 2 2 4 49 2358 2673 2947
4742 2 2 4 49 2331 2625 2769
4743 2 2 4 49 839 840 2758
4744 2 2 4 49 2206 2574 3128
4745 2 2 4 49 2750 2204 3067
4746 2 2 4 49 2643 766 2846
4747 2 2 4 49 2778 2323 2979
4748 2 2 4 49 2336 2583 2856
4749 2 2 4 49 2354 2678 2740
4750 2 2 4 49 2618 2360 2994
4751 2 2 4 49 2269 2830 3166
4752 2 2 4 49 2260 2566 3085
4753 2 2 4 49 2678 2231 2740
4754 2 2 4 49 2694 2467 2757
4755 2 2 4 49 2282 2601 2803
4756 2 2 4 49 2635 2319 2751
4757 2 2 4 49 2632 2309 2753
4758 2 2 4 49 2352 2643 2846
4759 2 2 4 49 817 816 2722
4760 2 2 4 49 2911 2247 3214
4761 2 2 4 49 2213 2731 2806
4762 2 2 4 49 2777 2210 2971
4763 2 2 4 49 2452 2722 3228
4764 2 2 4 49 859 2656 3066
4765 2 2 4 49 2194 2567 2978
4766 2 2 4 49 2783 2979 3162
4767 2 2 4 49 2379 2734 2738
4768 2 2 4 49 2875 2320 3162
4769 2 2 4 49 2850 2470 2989
4770 2 2 4 49 2394 2578 2882
4771 2 2 4 49 2308 2682 3158
4772 2 2 4 49 2233 2850 2989
4773 2 2 4 49 2312 2657 2789
4774 2 2 4 49 2657 2473 2789
4775 2 2 4 49 2708 847 2798
4776 2 2 4 49 2385 2854 2976
4777 2 2 4 49 2645 2387 3081
4778 2 2 4 49 2520 2597 2896
4779 2 2 4 49 2734 2305 2738
4780 2 2 4 49 2584 2422 3206
4781 2 2 4 49 2574 2284 3164
4782 2 2 4 49 2410 2574 3164
4783 2 2 4 49 2308 2575 2905
4784 2 2 4 49 2264 2584 3206
4785 2 2 4 49 2616 808 3060
4786 2 2 4 49 2214 2784 3003
4787 2 2 4 49 2644 2296 3064
4788 2 2 4 49 2278 2567 3025
4789 2 2 4 49 2400 2616 3060
4790 2 2 4 49 2420 2842 3102
4791 2 2 4 49 2325 2772 2927
4792 2 2 4 49 2570 2225 2955
4793 2 2 4 49 2236 2768 2998
4794 2 2 4 49 2225 2570 3102
4795 2 2 4 49 2204 2568 3172
4796 2 2 4 49 2768 2443 2998
4797 2 2 4 49 2211 2783 2821
4798 2 2 4 49 2292 2716 2858
4799 2 2 4 49 2269 2600 2830
4800 2 2 4 49 2216 2588 2866
4801 2 2 4 49 858 859 3066
4802 2 2 4 49 2207 2717 3040
4803 2 2 4 49 2182 2584 3016
4804 2 2 4 49 2508 2688 2956
4805 2 2 4 49 2749 2356 2952
4806 2 2 4 49 2717 2436 3040
4807 2 2 4 49 2822 2265 3207
4808 2 2 4 49 2316 2748 3175
4809 2 2 4 49 2308 3158 3177
4810 2 2 4 49 2950 2246 3218
4811 2 2 4 49 2722 2320 2875
4812 2 2 4 49 2409 3117 3227
4813 2 2 4 49 2552 2822 3207
4814 2 2 4 49 795 794 2753
4815 2 2 4 49 2613 2261 3211
4816 2 2 4 49 832 833 2868
4817 2 2 4 49 2261 3006 3122
4818 2 2 4 49 2438 2613 3211
4819 2 2 4 49 2372 2600 3000
4820 2 2 4 49 2600 2269 3000
4821 2 2 4 49 2203 2691 2729
4822 2 2 4 49 2666 2460 2993
4823 2 2 4 49 2185 2713 3029
4824 2 2 4 49 2524 2687 2947
4825 2 2 4 49 2570 2368 3144
4826 2 2 4 49 2739 2281 3186
4827 2 2 4 49 818 817 2875
4828 2 2 4 49 2915 2781 3135
4829 2 2 4 49 2494 2739 3186
4830 2 2 4 49 2490 2763 3121
4831 2 2 4 49 2244 2707 2759
4832 2 2 4 49 2792 2414 2949
4833 2 2 4 49 861 2692 2891
4834 2 2 4 49 2419 2580 2923
4835 2 2 4 49 2995 2316 3175
4836 2 2 4 49 2191 2843 3167
4837 2 2 4 49 2983 2408 3010
4838 2 2 4 49 2190 2626 2858
4839 2 2 4 49 2627 2373 2960
4840 2 2 4 49 2947 2673 3205
4841 2 2 4 49 2226 2627 2960
4842 2 2 4 49 2725 2451 3178
4843 2 2 4 49 825 2710 2819
4844 2 2 4 49 2685 2497 2950
4845 2 2 4 49 2973 868 2982
4846 2 2 4 49 2597 2397 2896
4847 2 2 4 49 2612 771 2980
4848 2 2 4 49 2677 2203 2885
4849 2 2 4 49 2937 2599 3211
4850 2 2 4 49 2199 2589 3020
4851 2 2 4 49 2650 2170 2954
4852 2 2 4 49 2805 2216 3132
4853 2 2 4 49 2589 2371 3020
4854 2 2 4 49 2952 2421 3188
4855 2 2 4 49 2173 2628 2967
4856 2 2 4 49 2729 2374 2939
4857 2 2 4 49 2628 2375 2967
4858 2 2 4 49 2768 2369 2988
4859 2 2 4 49 2575 2308 3052
4860 2 2 4 49 2580 2419 3149
4861 2 2 4 49 2582 2273 2943
4862 2 2 4 49 2582 2208 2942
4863 2 2 4 49 2576 806 3018
4864 2 2 4 49 782 2662 3231
4865 2 2 4 49 2838 2375 3021
4866 2 2 4 49 2599 2350 3061
4867 2 2 4 49 2448 2585 3191
4868 2 2 4 49 2211 2577 3036
4869 2 2 4 49 2316 2579 3187
4870 2 2 4 49 2654 2385 2976
4871 2 2 4 49 2185 2799 2912
4872 2 2 4 49 2629 2297 2922
4873 2 2 4 49 2298 2654 2976
4874 2 2 4 49 2578 2394 3114
4875 2 2 4 49 863 2665 3104
4876 2 2 4 49 2586 2439 2924
4877 2 2 4 49 2442 2588 3218
4878 2 2 4 49 2577 2364 3036
4879 2 2 4 49 2579 2316 2995
4880 2 2 4 49 2339 2605 2917
4881 2 2 4 49 2786 2227 3157
4882 2 2 4 49 2605 2198 2917
4883 2 2 4 49 2314 2672 2918
4884 2 2 4 49 2216 2933 3132
4885 2 2 4 49 2661 3028 3154
4886 2 2 4 49 813 2644 3064
4887 2 2 4 49 2624 2293 2826
4888 2 2 4 49 2591 2398 3125
4889 2 2 4 49 2398 2877 3090
4890 2 2 4 49 2622 2381 2827
4891 2 2 4 49 2365 2640 2934
4892 2 2 4 49 2259 2591 3125
4893 2 2 4 49 2319 2606 3097
4894 2 2 4 49 2171 2949 2951
4895 2 2 4 49 2792 2376 2884
4896 2 2 4 49 2414 2792 2884
4897 2 2 4 49 2640 842 2934
4898 2 2 4 49 2332 2706 2841
4899 2 2 4 49 2438 2614 2927
4900 2 2 4 49 2706 2455 2841
4901 2 2 4 49 2723 2179 3043
4902 2 2 4 49 2661 837 3028
4903 2 2 4 49 2212 2615 2961
4904 2 2 4 49 2696 2328 2767
4905 2 2 4 49 2647 2442 2977
4906 2 2 4 49 2431 2723 3043
4907 2 2 4 49 2620 2384 3039
4908 2 2 4 49 2283 2620 3039
4909 2 2 4 49 2615 2362 2961
4910 2 2 4 49 854 2685 2878
4911 2 2 4 49 2680 2171 2951
4912 2 2 4 49 2606 2319 2957
4913 2 2 4 49 3106 2522 3210
4914 2 2 4 49 2685 2366 2878
4915 2 2 4 49 2362 2615 3006
4916 2 2 4 49 2642 2213 2806
4917 2 2 4 49 2638 2202 2844
4918 2 2 4 49 2164 2906 2930
4919 2 2 4 49 806 805 3018
4920 2 2 4 49 2906 2454 2930
4921 2 2 4 49 2587 2161 2963
4922 2 2 4 49 800 799 2790
4923 2 2 4 49 2587 2303 3168
4924 2 2 4 49 2659 2391 2787
4925 2 2 4 49 2611 2311 2876
4926 2 2 4 49 2800 2389 3069
4927 2 2 4 49 2740 2348 2760
4928 2 2 4 49 2354 2740 2760
4929 2 2 4 49 2623 2276 2983
4930 2 2 4 49 2802 2305 3182
4931 2 2 4 49 2248 2592 3189
4932 2 2 4 49 2294 2675 2855
4933 2 2 4 49 2769 2424 2863
4934 2 2 4 49 2981 2278 3025
4935 2 2 4 49 3082 2446 3197
4936 2 2 4 49 834 835 2780
4937 2 2 4 49 2182 2696 2767
4938 2 2 4 49 778 777 3093
4939 2 2 4 49 2653 2304 2799
4940 2 2 4 49 2386 2656 3085
4941 2 2 4 49 2664 2289 2791
4942 2 2 4 49 2183 2655 2827
4943 2 2 4 49 2178 2749 3056
4944 2 2 4 49 2749 2444 3056
4945 2 2 4 49 2741 2226 2755
4946 2 2 4 49 2707 2325 2759
4947 2 2 4 49 771 2612 3201
4948 2 2 4 49 2364 2688 2886
4949 2 2 4 49 2465 2973 2982
4950 2 2 4 49 2653 2450 3025
4951 2 2 4 49 2162 2818 2857
4952 2 2 4 49 2320 2722 3017
4953 2 2 4 49 2721 2210 3099
4954 2 2 4 49 2171 2680 2898
4955 2 2 4 49 2818 2407 2857
4956 2 2 4 49 2997 2472 3080
4957 2 2 4 49 2291 2718 2867
4958 2 2 4 49 2366 2588 3046
4959 2 2 4 49 2230 2709 3017
4960 2 2 4 49 2591 2259 2996
4961 2 2 4 49 2688 874 2886
4962 2 2 4 49 2225 2800 2955
4963 2 2 4 49 2588 2216 3046
4964 2 2 4 49 797 2586 3076
4965 2 2 4 49 2849 2311 3063
4966 2 2 4 49 814 813 3064
4967 2 2 4 49 2800 2429 2955
4968 2 2 4 49 2334 2708 2798
4969 2 2 4 49 3077 2259 3125
4970 2 2 4 49 2321 2638 2844
4971 2 2 4 49 2689 2378 2980
4972 2 2 4 49 2424 2786 2860
4973 2 2 4 49 2735 2425 3027
4974 2 2 4 49 2599 2438 3211
4975 2 2 4 49 2333 2808 3093
4976 2 2 4 49 2220 2622 3048
4977 2 2 4 49 2968 2466 3059
4978 2 2 4 49 2353 2694 2834
4979 2 2 4 49 2694 787 2834
4980 2 2 4 49 2184 2735 3027
4981 2 2 4 49 2792 2949 3217
4982 2 2 4 49 2638 2321 2851
4983 2 2 4 49 2248 2725 3178
4984 2 2 4 49 2300 3012 3143
4985 2 2 4 49 2305 2594 3182
4986 2 2 4 49 2210 2742 3099
4987 2 2 4 49 2749 2952 3179
4988 2 2 4 49 2820 2387 2958
4989 2 2 4 49 2384 2932 3039
4990 2 2 4 49 2601 2306 3220
4991 2 2 4 49 779 778 2808
4992 2 2 4 49 799 798 3133
4993 2 2 4 49 2633 2196 2946
4994 2 2 4 49 2168 2604 3051
4995 2 2 4 49 2347 2741 2755
4996 2 2 4 49 2650 2954 3225
4997 2 2 4 49 2650 2349 2889
4998 2 2 4 49 2170 2650 2889
4999 2 2 4 49 2752 2406 2931
5000 2 2 4 49 2800 3069 3171
5001 2 2 4 49 2262 2752 2931
5002 2 2 4 49 798 2681 3133
5003 2 2 4 49 2711 2380 3057
5004 2 2 4 49 2658 2328 2831
5005 2 2 4 49 2768 2988 3199
5006 2 2 4 49 2744 2347 2755
5007 2 2 4 49 784 783 2814
5008 2 2 4 49 2272 2595 3112
5009 2 2 4 49 2430 2840 2941
5010 2 2 4 49 2344 2744 2755
5011 2 2 4 49 2467 3041 3044
5012 2 2 4 49 2319 2635 2957
5013 2 2 4 49 831 832 2859
5014 2 2 4 49 2161 2816 3055
5015 2 2 4 49 2840 2382 2941
5016 2 2 4 49 2600 2372 3007
5017 2 2 4 49 2728 2216 2866
5018 2 2 4 49 2320 2709 2783
5019 2 2 4 49 2375 2728 2866
5020 2 2 4 49 2553 3077 3125
5021 2 2 4 49 776 2620 2913
5022 2 2 4 49 771 770 2980
5023 2 2 4 49 2596 814 3064
5024 2 2 4 49 2496 2598 3045
5025 2 2 4 49 2817 2343 2958
5026 2 2 4 49 3019 2418 3176
5027 2 2 4 49 2722 816 3228
5028 2 2 4 49 2276 2652 2983
5029 2 2 4 49 2901 2193 3023
5030 2 2 4 49 2622 2220 3058
5031 2 2 4 49 2485 2901 3023
5032 2 2 4 49 2607 2370 3109
5033 2 2 4 49 2374 2702 3053
5034 2 2 4 49 2381 2622 3058
5035 2 2 4 49 2710 2322 2819
5036 2 2 4 49 2465 2835 3194
5037 2 2 4 49 2269 2604 3000
5038 2 2 4 49 2472 2647 2977
5039 2 2 4 49 865 866 2856
5040 2 2 4 49 2377 2683 3001
5041 2 2 4 49 2870 2235 3033
5042 2 2 4 49 2736 2501 2802
5043 2 2 4 49 2714 2839 3184
5044 2 2 4 49 2468 2870 3033
5045 2 2 4 49 787 786 2834
5046 2 2 4 49 2647 2345 2900
5047 2 2 4 49 856 857 2895
5048 2 2 4 49 2823 2402 2935
5049 2 2 4 49 2173 2647 2900
5050 2 2 4 49 2611 2406 3152
5051 2 2 4 49 2414 2884 2991
5052 2 2 4 49 2235 2611 3152
5053 2 2 4 49 2209 2853 2987
5054 2 2 4 49 2602 2194 3115
5055 2 2 4 49 2763 2456 3121
5056 2 2 4 49 2380 2603 3141
5057 2 2 4 49 2658 2337 2871
5058 2 2 4 49 2221 2658 2871
5059 2 2 4 49 2628 2331 2925
5060 2 2 4 49 2604 2339 3051
5061 2 2 4 49 2378 2612 2980
5062 2 2 4 49 2304 2730 2799
5063 2 2 4 49 2605 2269 3166
5064 2 2 4 49 2732 2301 3047
5065 2 2 4 49 766 765 2846
5066 2 2 4 49 2370 2607 3213
5067 2 2 4 49 2603 2186 3141
5068 2 2 4 49 2730 2376 2799
5069 2 2 4 49 2404 2779 2809
5070 2 2 4 49 2607 2227 3224
5071 2 2 4 49 2166 2609 3009
5072 2 2 4 49 2604 2168 3195
5073 2 2 4 49 2513 2836 3227
5074 2 2 4 49 3009 2478 3012
5075 2 2 4 49 2728 2334 2933
5076 2 2 4 49 2730 2213 2884
5077 2 2 4 49 2822 2552 3026
5078 2 2 4 49 2376 2730 2884
5079 2 2 4 49 2770 2200 3038
5080 2 2 4 49 2606 2230 3097
5081 2 2 4 49 2713 2395 3029
5082 2 2 4 49 2223 2848 3054
5083 2 2 4 49 2689 769 2883
5084 2 2 4 49 2464 2875 3162
5085 2 2 4 49 2301 2743 3047
5086 2 2 4 49 2355 2689 2883
5087 2 2 4 49 3007 2462 3158
5088 2 2 4 49 2530 2945 3178
5089 2 2 4 49 2692 2324 2891
5090 2 2 4 49 3037 2441 3048
5091 2 2 4 49 2624 2212 2961
5092 2 2 4 49 3059 2571 3089
5093 2 2 4 49 2271 3059 3089
5094 2 2 4 49 2209 2829 2853
5095 2 2 4 49 2360 2618 2984
5096 2 2 4 49 2618 811 3105
5097 2 2 4 49 2829 2409 2853
5098 2 2 4 49 2418 2699 3176
5099 2 2 4 49 2261 2613 3006
5100 2 2 4 49 2743 2301 2882
5101 2 2 4 49 2899 2238 3101
5102 2 2 4 49 2739 2174 3031
5103 2 2 4 49 2469 2618 3105
5104 2 2 4 49 2463 2776 2828
5105 2 2 4 49 2498 2899 3101
5106 2 2 4 49 2223 2716 2924
5107 2 2 4 49 2776 2318 2828
5108 2 2 4 49 2942 2377 2986
5109 2 2 4 49 2570 3144 3190
5110 2 2 4 49 2200 2793 3038
5111 2 2 4 49 2276 2645 3081
5112 2 2 4 49 2894 2453 3001
5113 2 2 4 49 2504 2621 2987
5114 2 2 4 49 2177 2894 3001
5115 2 2 4 49 2609 2459 3086
5116 2 2 4 49 2224 2732 3047
5117 2 2 4 49 2820 2343 3146
5118 2 2 4 49 2406 2611 3073
5119 2 2 4 49 798 797 3076
5120 2 2 4 49 2428 3071 3083
5121 2 2 4 49 2352 2660 3172
5122 2 2 4 49 3143 2447 3203
5123 2 2 4 49 2636 2274 2965
5124 2 2 4 49 2166 3012 3103
5125 2 2 4 49 2612 2489 3201
5126 2 2 4 49 2192 2736 2802
5127 2 2 4 49 2945 2333 2946
5128 2 2 4 49 2638 2345 2997
5129 2 2 4 49 2373 2627 2971
5130 2 2 4 49 3012 2557 3103
5131 2 2 4 49 2537 2945 2946
5132 2 2 4 49 2311 2611 3063
5133 2 2 4 49 2261 2937 3211
5134 2 2 4 49 853 854 2878
5135 2 2 4 49 2271 2968 3059
5136 2 2 4 49 2681 798 3076
5137 2 2 4 49 2251 3035 3116
5138 2 2 4 49 2726 2244 2964
5139 2 2 4 49 867 868 2973
5140 2 2 4 49 777 776 2913
5141 2 2 4 49 2395 2726 2964
5142 2 2 4 49 2343 2695 2865
5143 2 2 4 49 2408 2652 3111
5144 2 2 4 49 857 2712 2895
5145 2 2 4 49 772 771 3201
5146 2 2 4 49 2636 2346 3169
5147 2 2 4 49 2243 2698 3086
5148 2 2 4 49 2302 2729 2939
5149 2 2 4 49 2652 2160 3111
5150 2 2 4 49 2613 2438 3216
5151 2 2 4 49 769 768 2883
5152 2 2 4 49 2404 2809 2978
5153 2 2 4 49 2612 2378 3075
5154 2 2 4 49 2690 2169 2910
5155 2 2 4 49 874 875 2886
5156 2 2 4 49 834 2780 3204
5157 2 2 4 49 2207 2760 2909
5158 2 2 4 49 2202 2997 3080
5159 2 2 4 49 2838 2234 3062
5160 2 2 4 49 2493 2814 3231
5161 2 2 4 49 2166 3009 3012
5162 2 2 4 49 2346 2636 2965
5163 2 2 4 49 2803 2393 2992
5164 2 2 4 49 2325 2707 2847
5165 2 2 4 49 843 2651 2934
5166 2 2 4 49 2695 2220 2865
5167 2 2 4 49 774 2675 3013
5168 2 2 4 49 2374 2897 2939
5169 2 2 4 49 3007 2372 3170
5170 2 2 4 49 2257 2617 3222
5171 2 2 4 49 775 774 3013
5172 2 2 4 49 2614 2165 3192
5173 2 2 4 49 2375 2628 3021
5174 2 2 4 49 2671 2335 3180
5175 2 2 4 49 2386 2712 3066
5176 2 2 4 49 2337 2666 3110
5177 2 2 4 49 2617 2457 3196
5178 2 2 4 49 2416 2692 3104
5179 2 2 4 49 795 2753 3139
5180 2 2 4 49 2692 862 3104
5181 2 2 4 49 2643 2352 2953
5182 2 2 4 49 2637 2273 2986
5183 2 2 4 49 2651 2365 2934
5184 2 2 4 49 2631 2379 3003
5185 2 2 4 49 2395 2623 3138
5186 2 2 4 49 2683 2177 3001
5187 2 2 4 49 2623 2215 3138
5188 2 2 4 49 2615 2393 3122
5189 2 2 4 49 3144 2270 3190
5190 2 2 4 49 2744 2344 2969
5191 2 2 4 49 2334 2728 2838
5192 2 2 4 49 2205 2668 2915
5193 2 2 4 49 2253 2684 3171
5194 2 2 4 49 2684 2429 3171
5195 2 2 4 49 2716 2427 2858
5196 2 2 4 49 2202 2638 2997
5197 2 2 4 49 2425 2833 3126
5198 2 2 4 49 2814 783 3231
5199 2 2 4 49 2449 2710 3221
5200 2 2 4 49 2642 2314 2991
5201 2 2 4 49 2779 2326 2809
5202 2 2 4 49 2621 2399 3161
5203 2 2 4 49 2850 2482 3220
5204 2 2 4 49 2209 2621 3161
5205 2 2 4 49 2672 2198 2918
5206 2 2 4 49 2594 2810 3182
5207 2 2 4 49 2710 826 3221
5208 2 2 4 49 2329 2724 2926
5209 2 2 4 49 2340 2747 3080
5210 2 2 4 49 2801 2178 2959
5211 2 2 4 49 2717 2355 3002
5212 2 2 4 49 842 843 2934
5213 2 2 4 49 2368 2634 3144
5214 2 2 4 49 2360 2644 2994
5215 2 2 4 49 2799 2376 2912
5216 2 2 4 49 2629 763 3219
5217 2 2 4 49 3028 2412 3154
5218 2 2 4 49 2748 2316 2842
5219 2 2 4 49 817 2722 2875
5220 2 2 4 49 2338 2690 2910
5221 2 2 4 49 2169 2690 3151
5222 2 2 4 49 3041 2396 3044
5223 2 2 4 49 2652 2408 2983
5224 2 2 4 49 2285 2641 3037
5225 2 2 4 49 2751 2319 2843
5226 2 2 4 49 2693 2169 3151
5227 2 2 4 49 2674 2478 3009
5228 2 2 4 49 2810 2433 3182
5229 2 2 4 49 2394 2679 3014
5230 2 2 4 49 2679 829 3014
5231 2 2 4 49 2696 2182 3198
5232 2 2 4 49 2712 2340 2895
5233 2 2 4 49 2862 2368 3092
5234 2 2 4 49 2536 3207 3208
5235 2 2 4 49 2437 2696 3198
5236 2 2 4 49 2949 2414 2951
5237 2 2 4 49 2466 2862 3092
5238 2 2 4 49 2759 2614 3192
5239 2 2 4 49 2372 2935 3170
5240 2 2 4 49 2733 2222 2903
5241 2 2 4 49 2370 2733 2903
5242 2 2 4 49 2634 2270 3144
5243 2 2 4 49 2809 2194 2978
5244 2 2 4 49 2678 2354 2954
5245 2 2 4 49 2705 2217 3087
5246 2 2 4 49 822 2629 3219
5247 2 2 4 49 2691 2203 2932
5248 2 2 4 49 2412 2705 3087
5249 2 2 4 49 2314 2680 2951
5250 2 2 4 49 2167 2636 3169
5251 2 2 4 49 2744 2206 3128
5252 2 2 4 49 2897 2374 3053
5253 2 2 4 49 3012 2478 3143
5254 2 2 4 49 2920 2428 3083
5255 2 2 4 49 2704 2323 2914
5256 2 2 4 49 2670 2316 3187
5257 2 2 4 49 791 74 2864
5258 2 2 4 49 2255 2947 3205
5259 2 2 4 49 2471 2640 3091
5260 2 2 4 49 2916 2505 3222
5261 2 2 4 49 2660 2204 3172
5262 2 2 4 49 2687 2358 2947
5263 2 2 4 49 2366 2685 2950
5264 2 2 4 49 2670 2389 2972
5265 2 2 4 49 2212 2663 2992
5266 2 2 4 49 2815 2340 3080
5267 2 2 4 49 3082 2239 3181
5268 2 2 4 49 3008 2214 3230
5269 2 2 4 49 2351 2715 2990
5270 2 2 4 49 2520 2896 3197
5271 2 2 4 49 2896 2239 3197
5272 2 2 4 49 2862 2466 2968
5273 2 2 4 49 2740 2231 2936
5274 2 2 4 49 2306 2850 3220
5275 2 2 4 49 2331 2769 2863
5276 2 2 4 49 2688 2364 2956
5277 2 2 4 49 2399 2641 3161
5278 2 2 4 49 868 869 2982
5279 2 2 4 49 2641 2209 3161
5280 2 2 4 49 869 2676 2982
5281 2 2 4 49 2954 2354 3225
5282 2 2 4 49 2330 2774 3124
5283 2 2 4 49 2391 2659 3096
5284 2 2 4 49 2880 2329 3132
5285 2 2 4 49 2474 2683 3049
5286 2 2 4 49 2659 2217 3096
5287 2 2 4 49 2723 2431 3072
5288 2 2 4 49 2307 2963 3147
5289 2 2 4 49 2477 2880 3132
5290 2 2 4 49 2646 2272 3079
5291 2 2 4 49 2274 2699 2965
5292 2 2 4 49 2405 3078 3226
5293 2 2 4 49 2206 2673 3173
5294 2 2 4 49 2842 2225 3102
5295 2 2 4 49 2804 2187 3117
5296 2 2 4 49 2354 2760 3040
5297 2 2 4 49 2466 2715 3059
5298 2 2 4 49 2373 2693 2960
5299 2 2 4 49 2348 2740 2936
5300 2 2 4 49 2448 2774 2943
5301 2 2 4 49 2786 2327 2860
5302 2 2 4 49 2445 2649 3082
5303 2 2 4 49 2295 2667 3019
5304 2 2 4 49 2392 2739 3031
5305 2 2 4 49 2379 2678 3209
5306 2 2 4 49 2857 2407 2893
5307 2 2 4 49 3078 2579 3226
5308 2 2 4 49 2656 2386 3066
5309 2 2 4 49 2429 2766 2955
5310 2 2 4 49 2827 2381 2879
5311 2 2 4 49 2176 2670 3187
5312 2 2 4 49 2476 2750 3067
5313 2 2 4 49 2675 2384 3013
5314 2 2 4 49 2183 2827 2879
5315 2 2 4 49 2652 2276 3081
5316 2 2 4 49 829 830 3014
5317 2 2 4 49 2299 2721 3099
5318 2 2 4 49 2359 3004 3005
5319 2 2 4 49 2199 2700 3130
5320 2 2 4 49 3004 2516 3005
5321 2 2 4 49 2290 2698 3165
5322 2 2 4 49 2682 2369 3023
5323 2 2 4 49 2425 2735 3074
5324 2 2 4 49 2735 2543 3074
5325 2 2 4 49 2648 2191 3167
5326 2 2 4 49 805 804 3088
5327 2 2 4 49 2719 2350 2937
5328 2 2 4 49 2700 2290 3165
5329 2 2 4 49 2446 2649 3147
5330 2 2 4 49 2660 2297 3067
5331 2 2 4 49 2436 2650 3225
5332 2 2 4 49 837 838 3028
5333 2 2 4 49 2708 2334 3062
5334 2 2 4 49 3050 2435 3214
5335 2 2 4 49 2656 859 3159
5336 2 2 4 49 2723 2302 2939
5337 2 2 4 49 3027 2425 3126
5338 2 2 4 49 2539 3027 3126
5339 2 2 4 49 2216 2728 2933
5340 2 2 4 49 2677 2283 3039
5341 2 2 4 49 2193 2682 3023
5342 2 2 4 49 2705 2298 2976
5343 2 2 4 49 2217 2659 3087
5344 2 2 4 49 2752 2262 3070
5345 2 2 4 49 2745 2444 3179
5346 2 2 4 49 2415 2752 3070
5347 2 2 4 49 2252 2745 3179
5348 2 2 4 49 2945 2248 3178
5349 2 2 4 49 2317 2830 2901
5350 2 2 4 49 2701 2206 3173
5351 2 2 4 49 2760 2348 2909
5352 2 2 4 49 2721 2373 2971
5353 2 2 4 49 2210 2721 2971
5354 2 2 4 49 2745 2252 2921
5355 2 2 4 49 2536 3008 3230
5356 2 2 4 49 2531 2656 3159
5357 2 2 4 49 808 807 3060
5358 2 2 4 49 2241 2654 3183
5359 2 2 4 49 2683 2475 3049
5360 2 2 4 49 2715 2163 2990
5361 2 2 4 49 2215 2711 3057
5362 2 2 4 49 2681 2390 3133
5363 2 2 4 49 2666 2172 3110
5364 2 2 4 49 2874 2330 3124
5365 2 2 4 49 2793 2435 3038
5366 2 2 4 49 73 822 3219
5367 2 2 4 49 2171 2898 3042
5368 2 2 4 49 2898 2521 3042
5369 2 2 4 49 2509 3020 3022
5370 2 2 4 49 3020 2371 3022
5371 2 2 4 49 2179 2872 3043
5372 2 2 4 49 2286 2661 3154
5373 2 2 4 49 2905 2162 3196
5374 2 2 4 49 2872 2434 3043
5375 2 2 4 49 859 860 3159
5376 2 2 4 49 2256 2774 3191
5377 2 2 4 49 862 863 3104
5378 2 2 4 49 2359 2703 3016
5379 2 2 4 49 2865 2220 3048
5380 2 2 4 49 2774 2448 3191
5381 2 2 4 49 2784 2214 3008
5382 2 2 4 49 811 810 3105
5383 2 2 4 49 2772 2232 2927
5384 2 2 4 49 2176 2797 3119
5385 2 2 4 49 2569 2275 2864
5386 2 2 4 49 2467 2890 3041
5387 2 2 4 49 2225 2842 2972
5388 2 2 4 49 2397 2741 2959
5389 2 2 4 49 2831 2205 2929
5390 2 2 4 49 2709 2320 3017
5391 2 2 4 49 2232 2772 3129
5392 2 2 4 49 2472 2815 3080
5393 2 2 4 49 2726 2395 3138
5394 2 2 4 49 2680 2426 3113
5395 2 2 4 49 2772 2428 3129
5396 2 2 4 49 2428 2772 3071
5397 2 2 4 49 2864 2275 3118
5398 2 2 4 49 2852 2361 3024
5399 2 2 4 49 796 795 3139
5400 2 2 4 49 3134 2403 3174
5401 2 2 4 49 2240 2671 3180
5402 2 2 4 49 2673 2358 3173
5403 2 2 4 49 2673 2423 3205
5404 2 2 4 49 2382 2840 2902
5405 2 2 4 49 2840 2180 2902
5406 2 2 4 49 2766 2163 3092
5407 2 2 4 49 2811 2388 2948
5408 2 2 4 49 2219 2811 2948
5409 2 2 4 49 2682 2308 3123
5410 2 2 4 49 2702 2250 3053
5411 2 2 4 49 2350 2899 3061
5412 2 2 4 49 2367 2857 2893
5413 2 2 4 49 2206 2744 2969
5414 2 2 4 49 2379 2738 3003
5415 2 2 4 49 826 827 3221
5416 2 2 4 49 833 834 3204
5417 2 2 4 49 2278 2686 3120
5418 2 2 4 49 2738 2214 3003
5419 2 2 4 49 3127 2410 3189
5420 2 2 4 49 783 782 3231
5421 2 2 4 49 2746 2275 3044
5422 2 2 4 49 816 815 3228
5423 2 2 4 49 2415 2868 3033
5424 2 2 4 49 2868 2468 3033
5425 2 2 4 49 2396 2746 3044
5426 2 2 4 49 2682 2193 3158
5427 2 2 4 49 2592 3127 3189
5428 2 2 4 49 2810 2417 3065
5429 2 2 4 49 2872 2348 2936
5430 2 2 4 49 2768 2236 3150
5431 2 2 4 49 2851 2222 2970
5432 2 2 4 49 2224 2810 3065
5433 2 2 4 49 3090 2553 3125
5434 2 2 4 49 2398 3090 3125
5435 2 2 4 49 2473 2708 3062
5436 2 2 4 49 2769 2277 3136
5437 2 2 4 49 2220 2695 3098
5438 2 2 4 49 2697 2281 3160
5439 2 2 4 49 763 73 3219
5440 2 2 4 49 2424 2769 3136
5441 2 2 4 49 2274 2833 3074
5442 2 2 4 49 2833 2425 3074
5443 2 2 4 49 2430 2948 2975
5444 2 2 4 49 2429 2684 3185
5445 2 2 4 49 2287 3015 3155
5446 2 2 4 49 2948 2388 2975
5447 2 2 4 49 3015 2529 3155
5448 2 2 4 49 3207 2265 3208
5449 2 2 4 49 2383 2737 3103
5450 2 2 4 49 2260 2714 3184
5451 2 2 4 49 2817 2219 2941
5452 2 2 4 49 2382 2817 2941
5453 2 2 4 49 2344 2693 3151
5454 2 2 4 49 2342 2881 2944
5455 2 2 4 49 2486 2759 3192
5456 2 2 4 49 2254 2985 3194
5457 2 2 4 49 2389 2800 2972
5458 2 2 4 49 2898 2680 3113
5459 2 2 4 49 2800 2225 2972
5460 2 2 4 49 2985 2526 3194
5461 2 2 4 49 2356 2796 2952
5462 2 2 4 49 2372 2823 2935
5463 2 2 4 49 2700 2357 3130
5464 2 2 4 49 2607 3136 3213
5465 2 2 4 49 3136 2277 3213
5466 2 2 4 49 2777 2411 3095
5467 2 2 4 49 2211 2778 2979
5468 2 2 4 49 2275 2746 3118
5469 2 2 4 49 2422 3089 3200
5470 2 2 4 49 2380 2726 3057
5471 2 2 4 49 2357 2700 3165
5472 2 2 4 49 2733 2370 3213
5473 2 2 4 49 2746 792 3118
5474 2 2 4 49 2475 3034 3049
5475 2 2 4 49 3034 2245 3049
5476 2 2 4 49 2853 2341 2987
5477 2 2 4 49 2219 2817 2958
5478 2 2 4 49 3158 2462 3177
5479 2 2 4 49 2538 3134 3174
5480 2 2 4 49 2170 2734 3209
5481 2 2 4 49 2911 2351 2990
5482 2 2 4 49 2376 2792 3148
5483 2 2 4 49 2270 2751 3190
5484 2 2 4 49 2703 2437 3198
5485 2 2 4 49 2404 2978 3120
5486 2 2 4 49 2743 2433 3047
5487 2 2 4 49 2873 2441 3037
5488 2 2 4 49 2434 2872 2936
5489 2 2 4 49 2506 2912 3148
5490 2 2 4 49 2774 2256 3124
5491 2 2 4 49 2766 2429 3185
5492 2 2 4 49 2163 2766 3185
5493 2 2 4 49 2525 3010 3153
5494 2 2 4 49 2210 2777 3095
5495 2 2 4 49 2717 3002 3202
5496 2 2 4 49 2334 2838 3062
5497 2 2 4 49 2468 2868 3204
5498 2 2 4 49 2868 833 3204
5499 2 2 4 49 2407 2784 3008
5500 2 2 4 49 2823 2372 3195
5501 2 2 4 49 2760 2207 3040
5502 2 2 4 49 2457 2905 3196
5503 2 2 4 49 2879 2381 3079
5504 2 2 4 49 2788 2396 3041
5505 2 2 4 49 2251 2727 3108
5506 2 2 4 49 2242 2861 3145
5507 2 2 4 49 2727 2481 3107
5508 2 2 4 49 2201 2788 3041
5509 2 2 4 49 2861 2447 3145
5510 2 2 4 49 2335 2770 3038
5511 2 2 4 49 2470 2877 2989
5512 2 2 4 49 2877 2398 2989
5513 2 2 4 49 2974 2397 3056
5514 2 2 4 49 2397 2959 3056
5515 2 2 4 49 2867 2256 3191
5516 2 2 4 49 2585 2867 3191
5517 2 2 4 49 2778 2211 3036
5518 2 2 4 49 2281 2739 3160
5519 2 2 4 49 2908 2259 3077
5520 2 2 4 49 2938 2241 3091
5521 2 2 4 49 2747 2202 3080
5522 2 2 4 49 2284 2725 3164
5523 2 2 4 49 2437 2835 3142
5524 2 2 4 49 2194 2809 3107
5525 2 2 4 49 2725 2410 3164
5526 2 2 4 49 2835 2280 3142
5527 2 2 4 49 2964 2450 3029
5528 2 2 4 49 2765 2540 3112
5529 2 2 4 49 2841 2455 3212
5530 2 2 4 49 2228 2841 3212
5531 2 2 4 49 2742 2514 3099
5532 2 2 4 49 2409 2804 3117
5533 2 2 4 49 2751 2420 3190
5534 2 2 4 49 2234 2838 3021
5535 2 2 4 49 2239 2896 2974
5536 2 2 4 49 2963 2446 3147
5537 2 2 4 49 2436 2717 3202
5538 2 2 4 49 2410 2725 3189
5539 2 2 4 49 3071 2186 3083
5540 2 2 4 49 2963 2161 3055
5541 2 2 4 49 2302 2782 3084
5542 2 2 4 49 2446 2963 3055
5543 2 2 4 49 2782 2402 3084
5544 2 2 4 49 2725 2248 3189
5545 2 2 4 49 2405 2797 3078
5546 2 2 4 49 2975 2236 2998
5547 2 2 4 49 2430 2975 2998
5548 2 2 4 49 2797 2176 3078
5549 2 2 4 49 2479 2897 3053
5550 2 2 4 49 3008 2536 3208
5551 2 2 4 49 2390 2790 3133
5552 2 2 4 49 804 2764 3088
5553 2 2 4 49 3032 2383 3034
5554 2 2 4 49 2430 2941 2948
5555 2 2 4 49 2475 3032 3034
5556 2 2 4 49 2368 2766 3092
5557 2 2 4 49 2238 2779 3101
5558 2 2 4 49 2785 2494 3108
5559 2 2 4 49 2998 2443 3163
5560 2 2 4 49 2229 2782 3072
5561 2 2 4 49 2779 2404 3101
5562 2 2 4 49 2347 2744 3128
5563 2 2 4 49 2371 2822 3026
5564 2 2 4 49 2896 2397 2974
5565 2 2 4 49 2460 2929 3135
5566 2 2 4 49 2941 2219 2948
5567 2 2 4 49 2929 2205 3135
5568 2 2 4 49 2216 2805 3046
5569 2 2 4 49 2859 2415 3070
5570 2 2 4 49 2560 2859 3070
5571 2 2 4 49 2851 2321 3045
5572 2 2 4 49 2739 2392 3160
5573 2 2 4 49 2790 2390 3077
5574 2 2 4 49 2873 2160 3146
5575 2 2 4 49 2441 2873 3146
5576 2 2 4 49 2553 2790 3077
5577 2 2 4 49 3023 2369 3150
5578 2 2 4 49 2438 2927 3216
5579 2 2 4 49 2734 2379 3209
5580 2 2 4 49 2793 2351 3214
5581 2 2 4 49 2435 2793 3214
5582 2 2 4 49 2912 2376 3148
5583 2 2 4 49 2812 2218 3068
5584 2 2 4 49 2406 2752 3152
5585 2 2 4 49 2320 2783 3162
5586 2 2 4 49 2444 2745 3181
5587 2 2 4 49 2500 2911 2990
5588 2 2 4 49 2748 2191 3175
5589 2 2 4 49 2485 3023 3150
5590 2 2 4 49 2761 2405 3226
5591 2 2 4 49 2444 2749 3179
5592 2 2 4 49 2354 3040 3225
5593 2 2 4 49 2893 2407 3208
5594 2 2 4 49 2370 2930 3109
5595 2 2 4 49 2239 3082 3197
5596 2 2 4 49 2369 2768 3150
5597 2 2 4 49 2952 2252 3179
5598 2 2 4 49 2314 2951 2991
5599 2 2 4 49 2988 2257 3199
5600 2 2 4 49 2808 778 3093
5601 2 2 4 49 2794 2408 3111
5602 2 2 4 49 2441 2865 3048
5603 2 2 4 49 2781 2460 3135
5604 2 2 4 49 2628 2925 3021
5605 2 2 4 49 2951 2414 2991
5606 2 2 4 49 2847 2186 3071
5607 2 2 4 49 2611 2876 3073
5608 2 2 4 49 2790 799 3133
5609 2 2 4 49 2412 3087 3154
5610 2 2 4 49 2372 3000 3195
5611 2 2 4 49 2678 2954 3209
5612 2 2 4 49 2797 2362 3119
5613 2 2 4 49 2189 2762 3203
5614 2 2 4 49 2218 2773 3176
5615 2 2 4 49 2443 2768 3199
5616 2 2 4 49 2408 2794 3153
5617 2 2 4 49 3055 2520 3197
5618 2 2 4 49 2890 2201 3041
5619 2 2 4 49 2446 3055 3197
5620 2 2 4 49 2801 2410 3127
5621 2 2 4 49 2178 2801 3127
5622 2 2 4 49 3069 2490 3131
5623 2 2 4 49 2237 2761 3226
5624 2 2 4 49 2253 3069 3131
5625 2 2 4 49 2937 2261 3122
5626 2 2 4 49 2329 2805 3132
5627 2 2 4 49 2327 2786 3157
5628 2 2 4 49 2792 2263 3148
5629 2 2 4 49 2925 2234 3021
5630 2 2 4 49 2227 2786 3224
5631 2 2 4 49 2876 2175 3073
5632 2 2 4 49 2786 2424 3224
5633 2 2 4 49 2186 2847 3141
5634 2 2 4 49 2794 2267 3153
5635 2 2 4 49 2923 2223 3054
5636 2 2 4 49 2419 2923 3054
5637 2 2 4 49 2836 2341 3227
5638 2 2 4 49 2816 2161 3193
5639 2 2 4 49 2252 2952 3188
5640 2 2 4 49 2411 3035 3095
5641 2 2 4 49 2403 2902 3174
5642 2 2 4 49 2899 2498 3061
5643 2 2 4 49 2973 2465 3194
5644 2 2 4 49 2526 2973 3194
5645 2 2 4 49 3057 2726 3138
5646 2 2 4 49 2168 2823 3195
5647 2 2 4 49 2429 2800 3171
5648 2 2 4 49 2341 2853 3227
5649 2 2 4 49 2160 2820 3146
5650 2 2 4 49 2317 2898 3113
5651 2 2 4 49 2910 2169 3149
5652 2 2 4 49 2390 2908 3077
5653 2 2 4 49 2395 2964 3029
5654 2 2 4 49 2263 2792 3217
5655 2 2 4 49 3069 2253 3171
5656 2 2 4 49 2462 3007 3170
5657 2 2 4 49 2954 2170 3209
5658 2 2 4 49 2411 2816 3193
5659 2 2 4 49 2422 3200 3206
5660 2 2 4 49 3002 2258 3202
5661 2 2 4 49 3200 2573 3206
5662 2 2 4 49 2453 2894 3157
5663 2 2 4 49 2529 2874 3124
5664 2 2 4 49 2894 2327 3157
5665 2 2 4 49 2444 2974 3056
5666 2 2 4 49 2959 2178 3056
5667 2 2 4 49 2180 2840 3163
5668 2 2 4 49 2499 2995 3175
5669 2 2 4 49 3030 2431 3043
5670 2 2 4 49 2434 3030 3043
5671 2 2 4 49 2413 2920 3083
5672 2 2 4 49 2428 2920 3131
5673 2 2 4 49 2920 2253 3131
5674 2 2 4 49 3102 2570 3190
5675 2 2 4 49 3107 2481 3115
5676 2 2 4 49 2839 2480 3184
5677 2 2 4 49 2194 3107 3115
5678 2 2 4 49 2205 2915 3135
5679 2 2 4 49 2308 2905 3123
5680 2 2 4 49 2180 2999 3174
5681 2 2 4 49 2905 2457 3123
5682 2 2 4 49 2999 2538 3174
5683 2 2 4 49 3078 2176 3187
5684 2 2 4 49 2258 2887 3202
5685 2 2 4 49 2887 2436 3202
5686 2 2 4 49 2447 2849 3203
5687 2 2 4 49 2933 2477 3132
5688 2 2 4 49 2849 2189 3203
5689 2 2 4 49 2927 2232 3216
5690 2 2 4 49 2332 2841 3223
5691 2 2 4 49 2930 2454 3109
5692 2 2 4 49 3121 2232 3129
5693 2 2 4 49 2490 3121 3129
5694 2 2 4 49 2451 3156 3178
5695 2 2 4 49 3156 2530 3178
5696 2 2 4 49 2853 2409 3227
5697 2 2 4 49 2419 2910 3149
5698 2 2 4 49 2423 2892 3205
5699 2 2 4 49 2239 2974 3181
5700 2 2 4 49 3136 2607 3224
5701 2 2 4 49 2902 2180 3174
5702 2 2 4 49 2904 2332 3223
5703 2 2 4 49 2458 2904 3223
5704 2 2 4 49 2892 2255 3205
5705 2 2 4 49 2265 2893 3208
5706 2 2 4 49 2974 2444 3181
5707 2 2 4 49 3035 2495 3095
5708 2 2 4 49 2935 2229 3170
5709 2 2 4 49 2578 3114 3215
5710 2 2 4 49 3114 2262 3215
5711 2 2 4 49 2407 3008 3208
5712 2 2 4 49 2931 2440 3215
5713 2 2 4 49 2490 3129 3131
5714 2 2 4 49 2262 2931 3215
5715 2 2 4 49 3129 2428 3131
5716 2 2 4 49 2949 2517 3217
5717 2 2 4 49 2351 2911 3214
5718 2 2 4 49 3010 2408 3153
5719 2 2 4 49 3030 2266 3229
5720 2 2 4 49 2979 2464 3162
5721 2 2 4 49 2215 3057 3138
5722 2 2 4 49 3143 2478 3145
5723 2 2 4 49 2447 3143 3145
5724 2 2 4 49 2977 2442 3218
5725 2 2 4 49 3000 2604 3195
5726 2 2 4 49 2547 3052 3177
5727 2 2 4 49 3052 2308 3177
5728 2 2 4 49 2246 2977 3218
5729 2 2 4 49 3016 2703 3198
5730 2 2 4 49 3091 2241 3183
5731 2 2 4 49 2471 3091 3183
5732 2 2 4 49 3040 2436 3225
5733 2 2 4 49 2182 3016 3198
5734 2 2 4 49 2431 3030 3229
5735 2 2 4 49 2579 3078 3187
5736 2 2 4 49 2455 3210 3212
5737 2 2 4 49 3210 2522 3212
5738 2 2 4 49 2420 3102 3190
5739 2 2 4 49 2424 3136 3224
5740 2 2 2 50 878 3232 3235
5741 2 2 2 50 3232 881 3235
5742 2 2 2 50 3232 878 3233
5743 2 2 2 50 879 1 3233
5744 2 2 2 50 881 3232 3234
5745 2 2 2 50 3232 2 3234
5746 2 2 2 50 3 880 3234
5747 2 2 2 50 878 879 3233
5748 2 2 2 50 1 93 3233
5749 2 2 2 50 880 881 3234
5750 2 2 2 50 94 3 3234
5751 2 2 2 50 2 3232 3233
5752 2 2 2 50 2 94 3234
5753 2 2 2 50 93 2 3233
5754 2 2 2 50 881 77 3235
5755 2 2 2 50 77 878 3235
5756 2 2 3 51 790 87 74
5757 2 2 3 51 74 87 791
5758 2 2 3 51 1060 763 79
5759 2 2 3 51 820 948 83
5760 2 2 3 51 87 790 1078
5761 2 2 3 51 791 87 968
5762 2 2 3 51 763 1060 764
5763 2 2 3 51 764 1061 765
5764 2 2 3 51 1061 764 1060
5765 2 2 3 51 765 1061 766
5766 2 2 3 51 766 1062 767
5767 2 2 3 51 1061 1062 766
5768 2 2 3 51 767 1063 768
5769 2 2 3 51 1062 1063 767
5770 2 2 3 51 1064 769 768
5771 2 2 3 51 1063 1064 768
5772 2 2 3 51 769 1064 770
5773 2 2 3 51 770 1065 771
5774 2 2 3 51 1064 1065 770
5775 2 2 3 51 771 1066 772
5776 2 2 3 51 1065 1066 771
5777 2 2 3 51 772 1066 773
5778 2 2 3 51 773 1067 774
5779 2 2 3 51 1066 1067 773
5780 2 2 3 51 774 1068 775
5781 2 2 3 51 1067 1068 774
5782 2 2 3 51 775 1068 776
5783 2 2 3 51 1069 777 776
5784 2 2 3 51 1068 1069 776
5785 2 2 3 51 777 1070 778
5786 2 2 3 51 1070 777 1069
5787 2 2 3 51 778 1071 779
5788 2 2 3 51 1070 1071 778
5789 2 2 3 51 779 1071 780
5790 2 2 3 51 780 1072 781
5791 2 2 3 51 1071 1072 780
5792 2 2 3 51 781 1073 782
5793 2 2 3 51 1072 1073 781
5794 2 2 3 51 782 1073 783
5795 2 2 3 51 783 1074 784
5796 2 2 3 51 1073 1074 783
5797 2 2 3 51 784 1075 785
5798 2 2 3 51 1074 1075 784
5799 2 2 3 51 785 1075 786
5800 2 2 3 51 1076 787 786
5801 2 2 3 51 1075 1076 786
5802 2 2 3 51 1077 788 787
5803 2 2 3 51 1077 787 1076
5804 2 2 3 51 1078 789 788
5805 2 2 3 51 1078 788 1077
5806 2 2 3 51 1078 790 789
5807 2 2 3 51 968 792 791
5808 2 2 3 51 792 967 793
5809 2 2 3 51 792 968 967
5810 2 2 3 51 793 967 794
5811 2 2 3 51 794 966 795
5812 2 2 3 51 967 966 794
5813 2 2 3 51 795 965 796
5814 2 2 3 51 966 965 795
5815 2 2 3 51 964 797 796
5816 2 2 3 51 965 964 796
5817 2 2 3 51 797 964 798
5818 2 2 3 51 798 963 799
5819 2 2 3 51 964 963 798
5820 2 2 3 51 799 962 800
5821 2 2 3 51 963 962 799
5822 2 2 3 51 800 962 801
5823 2 2 3 51 961 802 801
5824 2 2 3 51 962 961 801
5825 2 2 3 51 960 803 802
5826 2 2 3 51 961 960 802
5827 2 2 3 51 959 804 803
5828 2 2 3 51 960 959 803
5829 2 2 3 51 959 805 804
5830 2 2 3 51 806 805 958
5831 2 2 3 51 805 959 958
5832 2 2 3 51 957 807 806
5833 2 2 3 51 957 806 958
5834 2 2 3 51 957 808 807
5835 2 2 3 51 956 809 808
5836 2 2 3 51 957 956 808
5837 2 2 3 51 955 810 809
5838 2 2 3 51 956 955 809
5839 2 2 3 51 954 811 810
5840 2 2 3 51 955 954 810
5841 2 2 3 51 954 812 811
5842 2 2 3 51 953 813 812
5843 2 2 3 51 954 953 812
5844 2 2 3 51 952 814 813
5845 2 2 3 51 953 952 813
5846 2 2 3 51 814 952 815
5847 2 2 3 51 951 816 815
5848 2 2 3 51 952 951 815
5849 2 2 3 51 817 816 950
5850 2 2 3 51 816 951 950
5851 2 2 3 51 817 949 818
5852 2 2 3 51 949 817 950
5853 2 2 3 51 818 949 819
5854 2 2 3 51 819 948 820
5855 2 2 3 51 819 949 948
5856 2 2 3 51 73 79 763
5857 2 2 3 51 83 75 820
5858 2 2 3 52 1075 1094 1095
5859 2 2 3 52 1075 1095 1076
5860 2 2 3 52 1096 1097 1078
5861 2 2 3 52 1096 1078 1077
5862 2 2 3 52 1081 1062 1080
5863 2 2 3 52 1080 1062 1061
5864 2 2 3 52 1093 1094 1075
5865 2 2 3 52 1093 1075 1074
5866 2 2 3 52 1063 1082 1083
5867 2 2 3 52 1063 1083 1064
5868 2 2 3 52 1065 1084 1085
5869 2 2 3 52 1065 1085 1066
5870 2 2 3 52 1084 1065 1083
5871 2 2 3 52 1083 1065 1064
5872 2 2 3 52 1071 1090 1091
5873 2 2 3 52 1071 1091 1072
5874 2 2 3 52 1062 1081 1082
5875 2 2 3 52 1062 1082 1063
5876 2 2 3 52 1078 3236 87
5877 2 2 3 52 3236 969 87
5878 2 2 3 52 3237 1060 79
5879 2 2 3 52 882 3237 79
5880 2 2 3 52 1089 1071 1070
5881 2 2 3 52 1089 1090 1071
5882 2 2 3 52 1085 1086 1066
5883 2 2 3 52 1091 1092 1072
5884 2 2 3 52 3236 1097 88
5885 2 2 3 52 1097 3236 1078
5886 2 2 3 52 969 3236 88
5887 2 2 3 52 1079 3237 80
5888 2 2 3 52 3237 1079 1060
5889 2 2 3 52 3237 882 80
5890 2 2 3 52 1096 1077 1095
5891 2 2 3 52 1095 1077 1076
5892 2 2 3 52 1092 1093 1074
5893 2 2 3 52 1092 1074 1073
5894 2 2 3 52 1088 1069 1087
5895 2 2 3 52 1087 1069 1068
5896 2 2 3 52 1086 1087 1068
5897 2 2 3 52 1086 1068 1067
5898 2 2 3 52 1060 1079 1080
5899 2 2 3 52 1060 1080 1061
5900 2 2 3 52 1092 1073 1072
5901 2 2 3 52 1088 1089 1069
5902 2 2 3 52 1086 1067 1066
5903 2 2 3 52 1070 1069 1089
5904 2 2 3 53 3326 1097 3398
5905 2 2 3 53 3335 888 3469
5906 2 2 3 53 975 3336 3470
5907 2 2 3 53 3312 3256 3377
5908 2 2 3 53 3308 3255 3334
5909 2 2 3 53 3271 3298 3375
5910 2 2 3 53 3299 3273 3376
5911 2 2 3 53 3296 3261 3431
5912 2 2 3 53 3305 891 3372
5913 2 2 3 53 978 3306 3373
5914 2 2 3 53 1097 1096 3398
5915 2 2 3 53 3261 3296 3357
5916 2 2 3 53 3340 3239 3379
5917 2 2 3 53 3302 3251 3414
5918 2 2 3 53 3370 885 3450
5919 2 2 3 53 972 3371 3451
5920 2 2 3 53 3238 3382 3419
5921 2 2 3 53 3352 3238 3419
5922 2 2 3 53 3390 3292 3426
5923 2 2 3 53 3352 3289 3360
5924 2 2 3 53 3267 3352 3360
5925 2 2 3 53 3253 3315 3361
5926 2 2 3 53 1101 3327 3409
5927 2 2 3 53 3328 1113 3410
5928 2 2 3 53 887 888 3335
5929 2 2 3 53 975 974 3336
5930 2 2 3 53 3303 3370 3450
5931 2 2 3 53 3371 3304 3451
5932 2 2 3 53 3304 3272 3394
5933 2 2 3 53 1095 3316 3398
5934 2 2 3 53 1101 1102 3327
5935 2 2 3 53 1112 1113 3328
5936 2 2 3 53 1093 1092 3309
5937 2 2 3 53 3258 3322 3435
5938 2 2 3 53 3322 3399 3435
5939 2 2 3 53 3290 3300 3467
5940 2 2 3 53 1112 3328 3351
5941 2 2 3 53 3280 3340 3379
5942 2 2 3 53 3273 3299 3401
5943 2 2 3 53 3299 3251 3401
5944 2 2 3 53 3300 3290 3425
5945 2 2 3 53 3246 3310 3415
5946 2 2 3 53 3351 3257 3408
5947 2 2 3 53 3301 3263 3374
5948 2 2 3 53 3328 3257 3351
5949 2 2 3 53 3298 3271 3403
5950 2 2 3 53 3307 3250 3383
5951 2 2 3 53 3251 3299 3422
5952 2 2 3 53 3329 3287 3400
5953 2 2 3 53 3247 3329 3400
5954 2 2 3 53 3261 3303 3346
5955 2 2 3 53 3305 3259 3344
5956 2 2 3 53 3260 3306 3345
5957 2 2 3 53 3275 3301 3460
5958 2 2 3 53 3274 3307 3383
5959 2 2 3 53 3298 3335 3469
5960 2 2 3 53 3336 3299 3470
5961 2 2 3 53 3329 3255 3339
5962 2 2 3 53 3301 3275 3362
5963 2 2 3 53 3321 3243 3360
5964 2 2 3 53 3241 3301 3362
5965 2 2 3 53 3289 3321 3360
5966 2 2 3 53 3272 3304 3349
5967 2 2 3 53 3269 3314 3366
5968 2 2 3 53 3314 3252 3366
5969 2 2 3 53 3244 3390 3426
5970 2 2 3 53 3377 3256 3471
5971 2 2 3 53 1081 3357 3446
5972 2 2 3 53 3287 3329 3339
5973 2 2 3 53 3245 3302 3354
5974 2 2 3 53 3262 3316 3341
5975 2 2 3 53 3379 3354 3506
5976 2 2 3 53 3405 3314 3428
5977 2 2 3 53 3316 3276 3341
5978 2 2 3 53 3361 3315 3421
5979 2 2 3 53 1096 1095 3398
5980 2 2 3 53 3268 3354 3379
5981 2 2 3 53 1084 1083 3333
5982 2 2 3 53 3263 3301 3416
5983 2 2 3 53 3301 3241 3416
5984 2 2 3 53 3265 3308 3380
5985 2 2 3 53 3252 3314 3405
5986 2 2 3 53 1111 1112 3351
5987 2 2 3 53 1099 1100 3337
5988 2 2 3 53 1114 1115 3338
5989 2 2 3 53 3343 3248 3407
5990 2 2 3 53 3415 3310 3461
5991 2 2 3 53 3341 3244 3349
5992 2 2 3 53 3307 3270 3395
5993 2 2 3 53 3303 3261 3370
5994 2 2 3 53 3259 3305 3372
5995 2 2 3 53 3306 3260 3373
5996 2 2 3 53 3250 3307 3395
5997 2 2 3 53 3309 1092 3355
5998 2 2 3 53 3327 3278 3409
5999 2 2 3 53 3279 3328 3410
6000 2 2 3 53 3302 3414 3506
6001 2 2 3 53 3339 3255 3486
6002 2 2 3 53 3288 3343 3407
6003 2 2 3 53 1109 3320 3380
6004 2 2 3 53 3251 3302 3401
6005 2 2 3 53 1084 3333 3452
6006 2 2 3 53 3303 3393 3489
6007 2 2 3 53 3313 3248 3448
6008 2 2 3 53 3357 3296 3446
6009 2 2 3 53 3302 3245 3402
6010 2 2 3 53 3311 3246 3424
6011 2 2 3 53 3283 3311 3424
6012 2 2 3 53 3332 3245 3354
6013 2 2 3 53 891 3305 3444
6014 2 2 3 53 3306 978 3445
6015 2 2 3 53 3291 3333 3474
6016 2 2 3 53 3300 3364 3467
6017 2 2 3 53 3307 3274 3505
6018 2 2 3 53 3268 3332 3354
6019 2 2 3 53 3286 3351 3408
6020 2 2 3 53 3355 1091 3391
6021 2 2 3 53 3276 3405 3428
6022 2 2 3 53 3320 3286 3365
6023 2 2 3 53 884 885 3370
6024 2 2 3 53 972 971 3371
6025 2 2 3 53 891 892 3372
6026 2 2 3 53 979 978 3373
6027 2 2 3 53 3270 3307 3418
6028 2 2 3 53 3346 3242 3431
6029 2 2 3 53 1093 3309 3363
6030 2 2 3 53 3310 3252 3461
6031 2 2 3 53 3311 3253 3388
6032 2 2 3 53 3333 3367 3474
6033 2 2 3 53 3393 3303 3450
6034 2 2 3 53 3304 3394 3451
6035 2 2 3 53 3325 3261 3357
6036 2 2 3 53 3252 3310 3366
6037 2 2 3 53 3310 3281 3479
6038 2 2 3 53 3246 3311 3427
6039 2 2 3 53 3242 3353 3431
6040 2 2 3 53 3244 3314 3390
6041 2 2 3 53 3265 3320 3365
6042 2 2 3 53 3311 3283 3437
6043 2 2 3 53 1099 3337 3438
6044 2 2 3 53 3338 1115 3439
6045 2 2 3 53 3314 3269 3390
6046 2 2 3 53 1081 1080 3357
6047 2 2 3 53 3425 3367 3502
6048 2 2 3 53 3253 3311 3368
6049 2 2 3 53 3249 3367 3425
6050 2 2 3 53 3308 3265 3397
6051 2 2 3 53 3252 3309 3406
6052 2 2 3 53 3281 3310 3427
6053 2 2 3 53 3310 3246 3427
6054 2 2 3 53 3404 3263 3457
6055 2 2 3 53 1087 3404 3441
6056 2 2 3 53 1089 1088 3347
6057 2 2 3 53 3343 3458 3488
6058 2 2 3 53 3341 3349 3495
6059 2 2 3 53 3389 3275 3460
6060 2 2 3 53 3319 3264 3358
6061 2 2 3 53 3350 3263 3404
6062 2 2 3 53 3241 3319 3358
6063 2 2 3 53 3255 3308 3397
6064 2 2 3 53 3247 3312 3377
6065 2 2 3 53 3315 3253 3368
6066 2 2 3 53 3264 3315 3368
6067 2 2 3 53 3309 3252 3405
6068 2 2 3 53 3297 3322 3485
6069 2 2 3 53 3322 3258 3485
6070 2 2 3 53 3323 1098 3438
6071 2 2 3 53 1116 3324 3439
6072 2 2 3 53 3316 3262 3398
6073 2 2 3 53 3256 3312 3455
6074 2 2 3 53 3313 3257 3456
6075 2 2 3 53 3251 3356 3414
6076 2 2 3 53 3333 3291 3452
6077 2 2 3 53 3253 3317 3388
6078 2 2 3 53 3259 3323 3438
6079 2 2 3 53 3324 3260 3439
6080 2 2 3 53 3248 3313 3387
6081 2 2 3 53 3315 3264 3463
6082 2 2 3 53 3458 3294 3488
6083 2 2 3 53 3356 3292 3414
6084 2 2 3 53 3254 3319 3417
6085 2 2 3 53 3278 3327 3412
6086 2 2 3 53 3328 3279 3413
6087 2 2 3 53 3344 3259 3464
6088 2 2 3 53 3260 3345 3465
6089 2 2 3 53 3327 3256 3412
6090 2 2 3 53 3257 3328 3413
6091 2 2 3 53 1089 3347 3468
6092 2 2 3 53 3319 3241 3362
6093 2 2 3 53 3319 3254 3475
6094 2 2 3 53 3318 3264 3475
6095 2 2 3 53 3264 3319 3475
6096 2 2 3 53 3243 3331 3360
6097 2 2 3 53 3323 3259 3372
6098 2 2 3 53 3260 3324 3373
6099 2 2 3 53 3261 3325 3370
6100 2 2 3 53 3326 3262 3371
6101 2 2 3 53 3327 1102 3386
6102 2 2 3 53 3271 3444 3490
6103 2 2 3 53 3445 3273 3491
6104 2 2 3 53 3312 3247 3411
6105 2 2 3 53 3331 3267 3360
6106 2 2 3 53 3257 3313 3408
6107 2 2 3 53 3280 3379 3506
6108 2 2 3 53 3264 3318 3463
6109 2 2 3 53 3330 3275 3381
6110 2 2 3 53 3266 3353 3484
6111 2 2 3 53 3238 3330 3381
6112 2 2 3 53 3343 3288 3458
6113 2 2 3 53 3343 3265 3365
6114 2 2 3 53 3404 3297 3441
6115 2 2 3 53 3292 3356 3426
6116 2 2 3 53 3266 3484 3502
6117 2 2 3 53 3384 3344 3464
6118 2 2 3 53 3345 3385 3465
6119 2 2 3 53 3337 3259 3438
6120 2 2 3 53 3260 3338 3439
6121 2 2 3 53 1108 1109 3380
6122 2 2 3 53 3262 3341 3495
6123 2 2 3 53 1106 3334 3430
6124 2 2 3 53 3262 3326 3398
6125 2 2 3 53 3316 1095 3420
6126 2 2 3 53 3314 3244 3428
6127 2 2 3 53 3277 3355 3391
6128 2 2 3 53 3271 3375 3444
6129 2 2 3 53 3376 3273 3445
6130 2 2 3 53 887 3335 3393
6131 2 2 3 53 3336 974 3394
6132 2 2 3 53 3241 3322 3416
6133 2 2 3 53 3276 3316 3420
6134 2 2 3 53 3238 3352 3359
6135 2 2 3 53 3299 3336 3422
6136 2 2 3 53 3393 3270 3489
6137 2 2 3 53 3333 1083 3378
6138 2 2 3 53 3408 3313 3448
6139 2 2 3 53 3271 3321 3403
6140 2 2 3 53 1098 3323 3480
6141 2 2 3 53 3324 1116 3481
6142 2 2 3 53 1097 3326 3483
6143 2 2 3 53 3320 3265 3380
6144 2 2 3 53 3256 3327 3471
6145 2 2 3 53 3287 3339 3429
6146 2 2 3 53 3333 3266 3367
6147 2 2 3 53 3348 3282 3387
6148 2 2 3 53 3340 3269 3369
6149 2 2 3 53 1104 1105 3392
6150 2 2 3 53 3239 3340 3369
6151 2 2 3 53 3347 3295 3468
6152 2 2 3 53 1086 1085 3350
6153 2 2 3 53 3308 3334 3443
6154 2 2 3 53 3247 3377 3433
6155 2 2 3 53 3336 3272 3422
6156 2 2 3 53 3239 3348 3379
6157 2 2 3 53 3266 3333 3378
6158 2 2 3 53 3331 3256 3455
6159 2 2 3 53 3257 3332 3456
6160 2 2 3 53 1098 1099 3438
6161 2 2 3 53 1115 1116 3439
6162 2 2 3 53 3286 3320 3487
6163 2 2 3 53 3433 3377 3447
6164 2 2 3 53 3322 3297 3457
6165 2 2 3 53 3375 3298 3469
6166 2 2 3 53 3299 3376 3470
6167 2 2 3 53 3290 3381 3389
6168 2 2 3 53 3322 3241 3399
6169 2 2 3 53 3284 3359 3411
6170 2 2 3 53 3381 3275 3389
6171 2 2 3 53 3243 3321 3440
6172 2 2 3 53 3317 3253 3454
6173 2 2 3 53 3248 3343 3365
6174 2 2 3 53 1091 1090 3391
6175 2 2 3 53 3288 3361 3421
6176 2 2 3 53 3321 3271 3440
6177 2 2 3 53 3339 3240 3429
6178 2 2 3 53 3275 3330 3417
6179 2 2 3 53 3334 3255 3434
6180 2 2 3 53 3285 3334 3434
6181 2 2 3 53 3432 3239 3500
6182 2 2 3 53 3320 1109 3487
6183 2 2 3 53 3352 3267 3359
6184 2 2 3 53 3366 3310 3479
6185 2 2 3 53 1092 1091 3355
6186 2 2 3 53 3317 3432 3500
6187 2 2 3 53 3392 1105 3430
6188 2 2 3 53 3321 3289 3442
6189 2 2 3 53 3331 3243 3472
6190 2 2 3 53 3245 3332 3473
6191 2 2 3 53 1105 1106 3430
6192 2 2 3 53 3252 3406 3461
6193 2 2 3 53 3274 3364 3505
6194 2 2 3 53 3330 3254 3417
6195 2 2 3 53 3297 3404 3457
6196 2 2 3 53 3335 3270 3393
6197 2 2 3 53 3272 3336 3394
6198 2 2 3 53 3319 3362 3417
6199 2 2 3 53 3270 3335 3395
6200 2 2 3 53 3414 3280 3506
6201 2 2 3 53 3256 3331 3412
6202 2 2 3 53 3332 3257 3413
6203 2 2 3 53 3329 3247 3433
6204 2 2 3 53 3255 3329 3434
6205 2 2 3 53 3254 3330 3476
6206 2 2 3 53 886 887 3393
6207 2 2 3 53 974 973 3394
6208 2 2 3 53 3330 3238 3436
6209 2 2 3 53 3348 3268 3379
6210 2 2 3 53 3243 3344 3384
6211 2 2 3 53 3345 3245 3385
6212 2 2 3 53 1102 1103 3386
6213 2 2 3 53 3368 3311 3437
6214 2 2 3 53 1094 1093 3363
6215 2 2 3 53 3282 3361 3407
6216 2 2 3 53 3361 3288 3407
6217 2 2 3 53 3411 3359 3459
6218 2 2 3 53 3267 3331 3455
6219 2 2 3 53 3332 3268 3456
6220 2 2 3 53 3272 3356 3422
6221 2 2 3 53 3311 3388 3427
6222 2 2 3 53 3384 3278 3472
6223 2 2 3 53 3279 3385 3473
6224 2 2 3 53 3335 3298 3501
6225 2 2 3 53 3278 3337 3409
6226 2 2 3 53 3338 3279 3410
6227 2 2 3 53 3278 3412 3472
6228 2 2 3 53 3413 3279 3473
6229 2 2 3 53 3272 3349 3426
6230 2 2 3 53 3334 1106 3443
6231 2 2 3 53 3245 3345 3402
6232 2 2 3 53 1083 1082 3378
6233 2 2 3 53 3301 3374 3460
6234 2 2 3 53 3337 1100 3409
6235 2 2 3 53 1114 3338 3410
6236 2 2 3 53 3240 3339 3504
6237 2 2 3 53 3334 3285 3430
6238 2 2 3 53 3365 3286 3448
6239 2 2 3 53 3371 3262 3495
6240 2 2 3 53 3327 3386 3471
6241 2 2 3 53 3309 3355 3406
6242 2 2 3 53 3381 3290 3382
6243 2 2 3 53 3244 3341 3428
6244 2 2 3 53 3238 3381 3382
6245 2 2 3 53 3344 3243 3440
6246 2 2 3 53 3273 3401 3402
6247 2 2 3 53 3342 3258 3435
6248 2 2 3 53 3295 3342 3493
6249 2 2 3 53 3281 3388 3500
6250 2 2 3 53 3388 3317 3500
6251 2 2 3 53 3291 3350 3452
6252 2 2 3 53 3259 3337 3464
6253 2 2 3 53 3338 3260 3465
6254 2 2 3 53 3350 1085 3452
6255 2 2 3 53 3276 3363 3405
6256 2 2 3 53 3401 3302 3402
6257 2 2 3 53 3242 3346 3418
6258 2 2 3 53 3363 3309 3405
6259 2 2 3 53 3380 3308 3462
6260 2 2 3 53 3337 3278 3464
6261 2 2 3 53 3279 3338 3465
6262 2 2 3 53 889 890 3375
6263 2 2 3 53 977 976 3376
6264 2 2 3 53 3342 3246 3415
6265 2 2 3 53 3353 3296 3431
6266 2 2 3 53 3356 3272 3426
6267 2 2 3 53 1086 3350 3404
6268 2 2 3 53 3304 3371 3495
6269 2 2 3 53 3342 3295 3503
6270 2 2 3 53 3258 3342 3503
6271 2 2 3 53 1087 1086 3404
6272 2 2 3 53 3293 3377 3471
6273 2 2 3 53 3340 3280 3478
6274 2 2 3 53 3341 3276 3428
6275 2 2 3 53 3444 3305 3490
6276 2 2 3 53 3306 3445 3491
6277 2 2 3 53 1095 1094 3420
6278 2 2 3 53 3269 3340 3477
6279 2 2 3 53 3325 3357 3492
6280 2 2 3 53 3246 3342 3424
6281 2 2 3 53 3305 3344 3490
6282 2 2 3 53 3345 3306 3491
6283 2 2 3 53 3346 3303 3489
6284 2 2 3 53 3295 3347 3503
6285 2 2 3 53 3347 3258 3503
6286 2 2 3 53 3403 3321 3442
6287 2 2 3 53 3265 3343 3488
6288 2 2 3 53 3238 3359 3436
6289 2 2 3 53 3363 3276 3420
6290 2 2 3 53 3348 3387 3453
6291 2 2 3 53 3358 3283 3399
6292 2 2 3 53 3241 3358 3399
6293 2 2 3 53 3296 3353 3494
6294 2 2 3 53 3353 3266 3494
6295 2 2 3 53 3261 3346 3431
6296 2 2 3 53 3355 3277 3406
6297 2 2 3 53 3382 3274 3419
6298 2 2 3 53 3242 3364 3484
6299 2 2 3 53 1111 3351 3423
6300 2 2 3 53 3364 3300 3484
6301 2 2 3 53 3258 3347 3485
6302 2 2 3 53 3300 3425 3502
6303 2 2 3 53 3362 3275 3417
6304 2 2 3 53 3289 3352 3419
6305 2 2 3 53 3348 3239 3432
6306 2 2 3 53 3347 1088 3441
6307 2 2 3 53 3282 3348 3432
6308 2 2 3 53 3349 3244 3426
6309 2 2 3 53 890 891 3444
6310 2 2 3 53 978 977 3445
6311 2 2 3 53 3349 3304 3495
6312 2 2 3 53 3351 3286 3423
6313 2 2 3 53 3350 3291 3507
6314 2 2 3 53 3268 3348 3453
6315 2 2 3 53 889 3375 3469
6316 2 2 3 53 3376 976 3470
6317 2 2 3 53 3250 3403 3442
6318 2 2 3 53 3248 3387 3407
6319 2 2 3 53 1100 1101 3409
6320 2 2 3 53 1113 1114 3410
6321 2 2 3 53 1088 1087 3441
6322 2 2 3 53 1094 3363 3420
6323 2 2 3 53 3263 3350 3507
6324 2 2 3 53 3356 3251 3422
6325 2 2 3 53 3396 3284 3400
6326 2 2 3 53 3287 3396 3400
6327 2 2 3 53 3423 3286 3487
6328 2 2 3 53 3387 3282 3407
6329 2 2 3 53 3240 3421 3463
6330 2 2 3 53 3421 3315 3463
6331 2 2 3 53 1110 1111 3423
6332 2 2 3 53 3383 3289 3419
6333 2 2 3 53 3274 3383 3419
6334 2 2 3 53 1109 1110 3487
6335 2 2 3 53 3395 3335 3501
6336 2 2 3 53 3429 3240 3463
6337 2 2 3 53 3318 3429 3463
6338 2 2 3 53 3378 1082 3446
6339 2 2 3 53 3354 3302 3506
6340 2 2 3 53 3269 3366 3479
6341 2 2 3 53 3253 3361 3454
6342 2 2 3 53 3353 3242 3484
6343 2 2 3 53 3247 3400 3411
6344 2 2 3 53 3369 3269 3479
6345 2 2 3 53 3239 3369 3500
6346 2 2 3 53 3358 3264 3437
6347 2 2 3 53 3359 3284 3436
6348 2 2 3 53 3342 3415 3493
6349 2 2 3 53 1106 1107 3443
6350 2 2 3 53 1116 89 3481
6351 2 2 3 53 81 1098 3480
6352 2 2 3 53 88 1097 3483
6353 2 2 3 53 1079 80 3482
6354 2 2 3 53 3290 3389 3425
6355 2 2 3 53 3389 3249 3425
6356 2 2 3 53 3285 3392 3430
6357 2 2 3 53 3357 1080 3492
6358 2 2 3 53 3400 3284 3411
6359 2 2 3 53 3283 3358 3437
6360 2 2 3 53 893 81 3480
6361 2 2 3 53 89 980 3481
6362 2 2 3 53 80 883 3482
6363 2 2 3 53 970 88 3483
6364 2 2 3 53 3374 3249 3460
6365 2 2 3 53 3264 3368 3437
6366 2 2 3 53 3421 3240 3458
6367 2 2 3 53 3293 3386 3449
6368 2 2 3 53 3386 1103 3449
6369 2 2 3 53 3278 3384 3464
6370 2 2 3 53 3385 3279 3465
6371 2 2 3 53 3399 3283 3435
6372 2 2 3 53 3402 3345 3491
6373 2 2 3 53 3424 3342 3435
6374 2 2 3 53 3254 3466 3475
6375 2 2 3 53 3397 3265 3488
6376 2 2 3 53 3388 3281 3427
6377 2 2 3 53 3361 3282 3454
6378 2 2 3 53 3359 3267 3459
6379 2 2 3 53 3396 3254 3476
6380 2 2 3 53 1082 1081 3446
6381 2 2 3 53 3364 3274 3467
6382 2 2 3 53 3248 3365 3448
6383 2 2 3 53 3484 3300 3502
6384 2 2 3 53 3293 3392 3447
6385 2 2 3 53 3392 3285 3447
6386 2 2 3 53 1103 1104 3449
6387 2 2 3 53 1085 1084 3452
6388 2 2 3 53 885 886 3450
6389 2 2 3 53 973 972 3451
6390 2 2 3 53 3289 3383 3442
6391 2 2 3 53 3242 3418 3505
6392 2 2 3 53 3277 3415 3461
6393 2 2 3 53 3375 890 3444
6394 2 2 3 53 977 3376 3445
6395 2 2 3 53 3458 3240 3504
6396 2 2 3 53 3273 3402 3491
6397 2 2 3 53 3378 3446 3494
6398 2 2 3 53 1107 1108 3462
6399 2 2 3 53 886 3393 3450
6400 2 2 3 53 3394 973 3451
6401 2 2 3 53 3377 3293 3447
6402 2 2 3 53 884 3370 3498
6403 2 2 3 53 3371 971 3499
6404 2 2 3 53 3372 892 3496
6405 2 2 3 53 979 3373 3497
6406 2 2 3 53 1090 1089 3468
6407 2 2 3 53 3364 3242 3505
6408 2 2 3 53 3383 3250 3442
6409 2 2 3 53 888 889 3469
6410 2 2 3 53 976 975 3470
6411 2 2 3 53 3295 3391 3468
6412 2 2 3 53 3391 1090 3468
6413 2 2 3 53 3367 3249 3474
6414 2 2 3 53 3466 3318 3475
6415 2 2 3 53 1108 3380 3462
6416 2 2 3 53 3249 3374 3474
6417 2 2 3 53 1080 1079 3492
6418 2 2 3 53 3374 3291 3474
6419 2 2 3 53 3370 3325 3498
6420 2 2 3 53 3326 3371 3499
6421 2 2 3 53 3323 3372 3496
6422 2 2 3 53 3373 3324 3497
6423 2 2 3 53 3396 3287 3466
6424 2 2 3 53 3374 3263 3507
6425 2 2 3 53 3390 3269 3477
6426 2 2 3 53 3281 3369 3479
6427 2 2 3 53 3367 3266 3502
6428 2 2 3 53 3274 3382 3467
6429 2 2 3 53 892 893 3496
6430 2 2 3 53 980 979 3497
6431 2 2 3 53 883 884 3498
6432 2 2 3 53 971 970 3499
6433 2 2 3 53 3369 3281 3500
6434 2 2 3 53 3254 3396 3466
6435 2 2 3 53 3387 3313 3453
6436 2 2 3 53 3291 3374 3507
6437 2 2 3 53 3418 3307 3505
6438 2 2 3 53 3382 3290 3467
6439 2 2 3 53 3277 3391 3493
6440 2 2 3 53 3391 3295 3493
6441 2 2 3 53 3392 3293 3449
6442 2 2 3 53 1104 3392 3449
6443 2 2 3 53 3294 3397 3488
6444 2 2 3 53 3249 3389 3460
6445 2 2 3 53 3266 3378 3494
6446 2 2 3 53 3386 3293 3471
6447 2 2 3 53 3243 3384 3472
6448 2 2 3 53 3385 3245 3473
6449 2 2 3 53 3298 3403 3501
6450 2 2 3 53 3432 3317 3454
6451 2 2 3 53 3282 3432 3454
6452 2 2 3 53 3285 3433 3447
6453 2 2 3 53 3403 3250 3501
6454 2 2 3 53 3286 3408 3448
6455 2 2 3 53 3268 3453 3456
6456 2 2 3 53 3292 3390 3477
6457 2 2 3 53 3453 3313 3456
6458 2 2 3 53 3397 3294 3486
6459 2 2 3 53 3255 3397 3486
6460 2 2 3 53 3263 3416 3457
6461 2 2 3 53 3416 3322 3457
6462 2 2 3 53 3308 3443 3462
6463 2 2 3 53 3443 1107 3462
6464 2 2 3 53 3329 3433 3434
6465 2 2 3 53 3287 3429 3466
6466 2 2 3 53 3283 3424 3435
6467 2 2 3 53 3433 3285 3434
6468 2 2 3 53 3284 3396 3476
6469 2 2 3 53 3406 3277 3461
6470 2 2 3 53 3312 3411 3459
6471 2 2 3 53 3267 3455 3459
6472 2 2 3 53 3270 3418 3489
6473 2 2 3 53 3455 3312 3459
6474 2 2 3 53 3418 3346 3489
6475 2 2 3 53 3280 3414 3478
6476 2 2 3 53 3412 3331 3472
6477 2 2 3 53 3332 3413 3473
6478 2 2 3 53 3486 3294 3504
6479 2 2 3 53 3250 3395 3501
6480 2 2 3 53 3339 3486 3504
6481 2 2 3 53 3446 3296 3494
6482 2 2 3 53 3414 3292 3478
6483 2 2 3 53 3288 3421 3458
6484 2 2 3 53 3415 3277 3493
6485 2 2 3 53 3441 3297 3485
6486 2 2 3 53 3347 3441 3485
6487 2 2 3 53 3429 3318 3466
6488 2 2 3 53 3482 3325 3492
6489 2 2 3 53 1079 3482 3492
6490 2 2 3 53 3330 3436 3476
6491 2 2 3 53 3436 3284 3476
6492 2 2 3 53 1110 3423 3487
6493 2 2 3 53 3482 883 3498
6494 2 2 3 53 970 3483 3499
6495 2 2 3 53 893 3480 3496
6496 2 2 3 53 3481 980 3497
6497 2 2 3 53 3325 3482 3498
6498 2 2 3 53 3483 3326 3499
6499 2 2 3 53 3480 3323 3496
6500 2 2 3 53 3324 3481 3497
6501 2 2 3 53 3440 3271 3490
6502 2 2 3 53 3344 3440 3490
6503 2 2 3 53 3292 3477 3478
6504 2 2 3 53 3477 3340 3478
6505 2 2 3 53 3294 3458 3504
6506 2 2 3 54 1119 1100 1118
6507 2 2 3 54 1118 1100 1099
6508 2 2 3 54 1121 1122 1103
6509 2 2 3 54 1121 1103 1102
6510 2 2 3 54 1126 1107 1125
6511 2 2 3 54 1125 1107 1106
6512 2 2 3 54 1117 3508 82
6513 2 2 3 54 3508 894 82
6514 2 2 3 54 3509 1135 90
6515 2 2 3 54 981 3509 90
6516 2 2 3 54 1124 1125 1106
6517 2 2 3 54 1106 1105 1124
6518 2 2 3 54 1105 1104 1124
6519 2 2 3 54 1108 1107 1127
6520 2 2 3 54 1116 3509 89
6521 2 2 3 54 3509 1116 1135
6522 2 2 3 54 3509 981 89
6523 2 2 3 54 3508 1098 81
6524 2 2 3 54 1098 3508 1117
6525 2 2 3 54 894 3508 81
6526 2 2 3 54 1116 1115 1135
6527 2 2 3 54 1134 1135 1115
6528 2 2 3 54 1134 1115 1114
6529 2 2 3 54 1132 1133 1114
6530 2 2 3 54 1132 1114 1113
6531 2 2 3 54 1133 1134 1114
6532 2 2 3 54 1130 1131 1112
6533 2 2 3 54 1130 1112 1111
6534 2 2 3 54 1131 1132 1112
6535 2 2 3 54 1113 1112 1132
6536 2 2 3 54 1130 1111 1110
6537 2 2 3 54 1128 1129 1110
6538 2 2 3 54 1128 1110 1109
6539 2 2 3 54 1124 1104 1123
6540 2 2 3 54 1123 1104 1103
6541 2 2 3 54 1129 1130 1110
6542 2 2 3 54 1122 1123 1103
6543 2 2 3 54 1100 1119 1101
6544 2 2 3 54 1127 1128 1109
6545 2 2 3 54 1127 1109 1108
6546 2 2 3 54 1117 1118 1098
6547 2 2 3 54 1099 1098 1118
6548 2 2 3 54 1120 1121 1102
6549 2 2 3 54 1107 1126 1127
6550 2 2 3 54 1120 1102 1101
6551 2 2 3 54 1119 1120 1101
6552 2 2 3 55 3658 3550 3683
6553 2 2 3 55 3665 3571 3682
6554 2 2 3 55 902 903 3643
6555 2 2 3 55 990 989 3644
6556 2 2 3 55 3634 942 3844
6557 2 2 3 55 3569 3752 3808
6558 2 2 3 55 3534 3665 3682
6559 2 2 3 55 3633 3558 3897
6560 2 2 3 55 3632 3589 3736
6561 2 2 3 55 3675 3580 3720
6562 2 2 3 55 3581 3676 3721
6563 2 2 3 55 3694 3552 3799
6564 2 2 3 55 3815 3718 3937
6565 2 2 3 55 3685 3592 3697
6566 2 2 3 55 3561 3675 3720
6567 2 2 3 55 3676 3562 3721
6568 2 2 3 55 3589 3632 3841
6569 2 2 3 55 3582 3668 3849
6570 2 2 3 55 3542 3639 3791
6571 2 2 3 55 3594 3638 3829
6572 2 2 3 55 3693 3604 3782
6573 2 2 3 55 3514 3693 3782
6574 2 2 3 55 3612 3670 3747
6575 2 2 3 55 3820 3510 3895
6576 2 2 3 55 907 908 3749
6577 2 2 3 55 995 994 3748
6578 2 2 3 55 3719 3531 3759
6579 2 2 3 55 3520 3708 3730
6580 2 2 3 55 3707 3519 3731
6581 2 2 3 55 3717 3879 3880
6582 2 2 3 55 3578 3707 3731
6583 2 2 3 55 3708 3577 3730
6584 2 2 3 55 3600 3719 3759
6585 2 2 3 55 3518 3791 3953
6586 2 2 3 55 3558 3636 3897
6587 2 2 3 55 3799 3552 3988
6588 2 2 3 55 3750 3885 3922
6589 2 2 3 55 907 3749 3813
6590 2 2 3 55 3748 994 3812
6591 2 2 3 55 3703 3519 3788
6592 2 2 3 55 3520 3702 3787
6593 2 2 3 55 3558 3633 3744
6594 2 2 3 55 3690 3516 3774
6595 2 2 3 55 3519 3707 3788
6596 2 2 3 55 3708 3520 3787
6597 2 2 3 55 3565 3652 3730
6598 2 2 3 55 3653 3566 3731
6599 2 2 3 55 3694 1120 3836
6600 2 2 3 55 1132 3695 3837
6601 2 2 3 55 3652 3520 3730
6602 2 2 3 55 3519 3653 3731
6603 2 2 3 55 3668 3718 3849
6604 2 2 3 55 3695 1131 3737
6605 2 2 3 55 3558 3727 3779
6606 2 2 3 55 3643 3563 3725
6607 2 2 3 55 3564 3644 3724
6608 2 2 3 55 3524 3741 3831
6609 2 2 3 55 3542 3791 3971
6610 2 2 3 55 3741 3629 3831
6611 2 2 3 55 3538 3645 3722
6612 2 2 3 55 3646 3539 3723
6613 2 2 3 55 3513 3718 3815
6614 2 2 3 55 3559 3673 3755
6615 2 2 3 55 1121 1120 3694
6616 2 2 3 55 1132 1131 3695
6617 2 2 3 55 3513 3712 3754
6618 2 2 3 55 3704 901 3800
6619 2 2 3 55 988 3705 3801
6620 2 2 3 55 3879 3597 3880
6621 2 2 3 55 3565 3833 3859
6622 2 2 3 55 3754 3712 3946
6623 2 2 3 55 3670 1128 3769
6624 2 2 3 55 3691 3585 3764
6625 2 2 3 55 3532 3691 3764
6626 2 2 3 55 3835 3645 3871
6627 2 2 3 55 3568 3881 3903
6628 2 2 3 55 3572 3637 3754
6629 2 2 3 55 3826 3598 3829
6630 2 2 3 55 3558 3651 3727
6631 2 2 3 55 3574 3640 3784
6632 2 2 3 55 3641 3575 3783
6633 2 2 3 55 3510 3728 3751
6634 2 2 3 55 900 901 3704
6635 2 2 3 55 988 987 3705
6636 2 2 3 55 3747 3568 3903
6637 2 2 3 55 3728 3594 3751
6638 2 2 3 55 3533 3679 3878
6639 2 2 3 55 3668 3529 3761
6640 2 2 3 55 3654 906 3813
6641 2 2 3 55 993 3655 3812
6642 2 2 3 55 3576 3665 3760
6643 2 2 3 55 3690 3559 3755
6644 2 2 3 55 3518 3700 3791
6645 2 2 3 55 940 939 3684
6646 2 2 3 55 3660 3529 3738
6647 2 2 3 55 3779 3727 3854
6648 2 2 3 55 3553 3695 3737
6649 2 2 3 55 3612 3747 3843
6650 2 2 3 55 3515 3645 3835
6651 2 2 3 55 3665 3534 3760
6652 2 2 3 55 3598 3751 3829
6653 2 2 3 55 3707 3578 3709
6654 2 2 3 55 3577 3708 3710
6655 2 2 3 55 3807 3686 3875
6656 2 2 3 55 3548 3685 3697
6657 2 2 3 55 897 3675 3824
6658 2 2 3 55 3676 984 3825
6659 2 2 3 55 3556 3707 3709
6660 2 2 3 55 3708 3557 3710
6661 2 2 3 55 3791 3639 3953
6662 2 2 3 55 3634 3600 3759
6663 2 2 3 55 3533 3878 3962
6664 2 2 3 55 944 3711 3862
6665 2 2 3 55 3510 3752 3895
6666 2 2 3 55 3750 3618 3885
6667 2 2 3 55 3774 3516 3868
6668 2 2 3 55 3539 3969 3981
6669 2 2 3 55 3968 3538 3980
6670 2 2 3 55 3833 3629 3859
6671 2 2 3 55 3723 3539 3981
6672 2 2 3 55 3538 3722 3980
6673 2 2 3 55 3590 3674 3753
6674 2 2 3 55 3600 3634 3844
6675 2 2 3 55 3637 3526 3753
6676 2 2 3 55 3643 903 3745
6677 2 2 3 55 990 3644 3746
6678 2 2 3 55 3543 3663 3762
6679 2 2 3 55 3664 3544 3763
6680 2 2 3 55 3663 3572 3762
6681 2 2 3 55 3573 3664 3763
6682 2 2 3 55 1000 3666 3822
6683 2 2 3 55 3667 913 3823
6684 2 2 3 55 944 943 3711
6685 2 2 3 55 3668 3551 3718
6686 2 2 3 55 3667 3575 3930
6687 2 2 3 55 3574 3666 3929
6688 2 2 3 55 3586 3755 3764
6689 2 2 3 55 3706 933 3735
6690 2 2 3 55 3666 3554 3822
6691 2 2 3 55 3555 3667 3823
6692 2 2 3 55 3778 3614 3798
6693 2 2 3 55 942 3634 3832
6694 2 2 3 55 3681 3593 3729
6695 2 2 3 55 3642 3568 3769
6696 2 2 3 55 3545 3681 3729
6697 2 2 3 55 3604 3673 3782
6698 2 2 3 55 3724 3527 3793
6699 2 2 3 55 3697 3592 3811
6700 2 2 3 55 934 933 3706
6701 2 2 3 55 3692 3806 3880
6702 2 2 3 55 3563 3643 3745
6703 2 2 3 55 3644 3564 3746
6704 2 2 3 55 3745 3630 3980
6705 2 2 3 55 3631 3746 3981
6706 2 2 3 55 3526 3637 3870
6707 2 2 3 55 3567 3838 3856
6708 2 2 3 55 3586 3690 3755
6709 2 2 3 55 3556 3706 3972
6710 2 2 3 55 3551 3668 3761
6711 2 2 3 55 3619 3815 3937
6712 2 2 3 55 3682 3571 4003
6713 2 2 3 55 909 910 3732
6714 2 2 3 55 997 996 3733
6715 2 2 3 55 3651 3558 3744
6716 2 2 3 55 3706 3735 3972
6717 2 2 3 55 3810 3592 3826
6718 2 2 3 55 1131 1130 3737
6719 2 2 3 55 3645 3515 3840
6720 2 2 3 55 3740 3525 3866
6721 2 2 3 55 3628 3740 3866
6722 2 2 3 55 3636 3558 3779
6723 2 2 3 55 1119 1118 3714
6724 2 2 3 55 1134 1133 3715
6725 2 2 3 55 3671 3543 3762
6726 2 2 3 55 3544 3672 3763
6727 2 2 3 55 3638 3594 3839
6728 2 2 3 55 3592 3743 3826
6729 2 2 3 55 3525 3681 3866
6730 2 2 3 55 899 3649 3796
6731 2 2 3 55 3650 986 3797
6732 2 2 3 55 3560 3660 3738
6733 2 2 3 55 3597 3835 3871
6734 2 2 3 55 3793 3527 3817
6735 2 2 3 55 3639 3542 3818
6736 2 2 3 55 3637 3572 3870
6737 2 2 3 55 3752 3598 3808
6738 2 2 3 55 3694 3601 3802
6739 2 2 3 55 3602 3695 3803
6740 2 2 3 55 3552 3694 3802
6741 2 2 3 55 3695 3553 3803
6742 2 2 3 55 3525 3807 3875
6743 2 2 3 55 3660 3560 3786
6744 2 2 3 55 3659 3567 3950
6745 2 2 3 55 942 941 3844
6746 2 2 3 55 3567 3659 3838
6747 2 2 3 55 902 3643 3800
6748 2 2 3 55 3644 989 3801
6749 2 2 3 55 3567 3661 3950
6750 2 2 3 55 3575 3781 3930
6751 2 2 3 55 3780 3574 3929
6752 2 2 3 55 3566 3653 3858
6753 2 2 3 55 3652 3565 3859
6754 2 2 3 55 3640 3574 3780
6755 2 2 3 55 3575 3641 3781
6756 2 2 3 55 3671 3762 3986
6757 2 2 3 55 3763 3672 3987
6758 2 2 3 55 3677 3561 3917
6759 2 2 3 55 3562 3678 3918
6760 2 2 3 55 3601 3694 3836
6761 2 2 3 55 3695 3602 3837
6762 2 2 3 55 3566 3858 3867
6763 2 2 3 55 3709 3578 3756
6764 2 2 3 55 3584 3686 3807
6765 2 2 3 55 3521 3658 3856
6766 2 2 3 55 3530 3709 3756
6767 2 2 3 55 3511 3661 3914
6768 2 2 3 55 3701 3551 3761
6769 2 2 3 55 3528 3685 3736
6770 2 2 3 55 3580 3675 3919
6771 2 2 3 55 3676 3581 3920
6772 2 2 3 55 896 897 3824
6773 2 2 3 55 984 983 3825
6774 2 2 3 55 3657 3577 3758
6775 2 2 3 55 3692 3583 3806
6776 2 2 3 55 3829 3638 4018
6777 2 2 3 55 3577 3710 3758
6778 2 2 3 55 1128 1127 3769
6779 2 2 3 55 3587 3704 3800
6780 2 2 3 55 3705 3588 3801
6781 2 2 3 55 3710 3531 3758
6782 2 2 3 55 3645 3538 3871
6783 2 2 3 55 3568 3642 3809
6784 2 2 3 55 3555 3823 4019
6785 2 2 3 55 3822 3554 4020
6786 2 2 3 55 3838 3626 3856
6787 2 2 3 55 3762 3623 3986
6788 2 2 3 55 3624 3763 3987
6789 2 2 3 55 3539 3646 3860
6790 2 2 3 55 940 3684 3896
6791 2 2 3 55 909 3732 3893
6792 2 2 3 55 3733 996 3892
6793 2 2 3 55 3547 3656 3809
6794 2 2 3 55 3670 3568 3747
6795 2 2 3 55 3630 3745 3942
6796 2 2 3 55 3746 3631 3941
6797 2 2 3 55 3696 1125 3904
6798 2 2 3 55 3561 3720 3926
6799 2 2 3 55 3721 3562 3927
6800 2 2 3 55 3515 3697 3811
6801 2 2 3 55 3711 3611 3862
6802 2 2 3 55 3510 3751 3752
6803 2 2 3 55 3714 1118 3917
6804 2 2 3 55 1134 3715 3918
6805 2 2 3 55 3751 3598 3752
6806 2 2 3 55 3742 3569 3808
6807 2 2 3 55 3572 3754 3946
6808 2 2 3 55 3806 3524 3880
6809 2 2 3 55 946 945 3698
6810 2 2 3 55 931 930 3699
6811 2 2 3 55 3566 3757 3994
6812 2 2 3 55 3652 3541 3783
6813 2 2 3 55 3540 3653 3784
6814 2 2 3 55 3577 3657 3773
6815 2 2 3 55 911 3781 3958
6816 2 2 3 55 3780 998 3959
6817 2 2 3 55 3561 3714 3917
6818 2 2 3 55 3715 3562 3918
6819 2 2 3 55 3675 3561 3824
6820 2 2 3 55 3562 3676 3825
6821 2 2 3 55 3561 3677 3824
6822 2 2 3 55 3678 3562 3825
6823 2 2 3 55 3683 3511 3914
6824 2 2 3 55 3512 3669 3841
6825 2 2 3 55 3589 3778 3798
6826 2 2 3 55 3578 3662 3908
6827 2 2 3 55 3757 3662 3994
6828 2 2 3 55 3679 3552 4008
6829 2 2 3 55 3673 3532 3755
6830 2 2 3 55 3641 3783 3976
6831 2 2 3 55 3784 3640 3975
6832 2 2 3 55 3782 3673 3924
6833 2 2 3 55 3531 3710 3759
6834 2 2 3 55 3553 3682 4003
6835 2 2 3 55 3649 3580 3796
6836 2 2 3 55 3581 3650 3797
6837 2 2 3 55 3649 899 3963
6838 2 2 3 55 986 3650 3964
6839 2 2 3 55 1001 1000 3822
6840 2 2 3 55 913 914 3823
6841 2 2 3 55 1117 3677 3917
6842 2 2 3 55 3678 1135 3918
6843 2 2 3 55 3723 3564 3793
6844 2 2 3 55 3563 3722 3794
6845 2 2 3 55 3580 3649 3876
6846 2 2 3 55 3650 3581 3877
6847 2 2 3 55 3755 3532 3764
6848 2 2 3 55 3677 1117 3990
6849 2 2 3 55 1135 3678 3991
6850 2 2 3 55 3520 3652 3944
6851 2 2 3 55 3653 3519 3943
6852 2 2 3 55 3720 3775 3926
6853 2 2 3 55 3776 3721 3927
6854 2 2 3 55 3541 3652 3859
6855 2 2 3 55 3653 3540 3858
6856 2 2 3 55 3885 3521 3922
6857 2 2 3 55 3655 993 3902
6858 2 2 3 55 906 3654 3901
6859 2 2 3 55 3656 3547 3792
6860 2 2 3 55 3552 3687 4008
6861 2 2 3 55 3583 3654 3813
6862 2 2 3 55 3655 3584 3812
6863 2 2 3 55 3665 3576 3768
6864 2 2 3 55 3688 3553 4003
6865 2 2 3 55 3521 3734 3845
6866 2 2 3 55 3594 3728 3738
6867 2 2 3 55 3739 3565 3773
6868 2 2 3 55 3728 3560 3738
6869 2 2 3 55 3530 3727 3864
6870 2 2 3 55 3654 3583 3889
6871 2 2 3 55 3584 3655 3883
6872 2 2 3 55 3703 3554 3891
6873 2 2 3 55 3555 3702 3890
6874 2 2 3 55 906 907 3813
6875 2 2 3 55 994 993 3812
6876 2 2 3 55 3858 3628 3867
6877 2 2 3 55 3661 3567 3914
6878 2 2 3 55 3682 3553 3925
6879 2 2 3 55 3782 3622 3790
6880 2 2 3 55 3658 3521 3885
6881 2 2 3 55 3514 3782 3790
6882 2 2 3 55 3550 3658 3948
6883 2 2 3 55 3866 3681 4029
6884 2 2 3 55 3689 3513 3754
6885 2 2 3 55 3527 3664 3789
6886 2 2 3 55 3563 3745 3980
6887 2 2 3 55 3746 3564 3981
6888 2 2 3 55 3664 3573 3789
6889 2 2 3 55 3529 3660 3894
6890 2 2 3 55 3747 3534 3843
6891 2 2 3 55 3568 3670 3769
6892 2 2 3 55 3585 3691 3767
6893 2 2 3 55 3570 3712 3815
6894 2 2 3 55 3723 3793 4034
6895 2 2 3 55 3794 3722 4033
6896 2 2 3 55 3693 3514 3768
6897 2 2 3 55 3553 3737 3925
6898 2 2 3 55 3698 3862 3913
6899 2 2 3 55 3863 3699 3912
6900 2 2 3 55 3546 3674 3954
6901 2 2 3 55 3674 3621 3954
6902 2 2 3 55 3576 3693 3768
6903 2 2 3 55 3514 3713 3909
6904 2 2 3 55 3570 3687 3873
6905 2 2 3 55 3688 3571 3874
6906 2 2 3 55 3658 3683 4012
6907 2 2 3 55 3781 3641 3958
6908 2 2 3 55 3640 3780 3959
6909 2 2 3 55 3685 3528 4005
6910 2 2 3 55 1124 1123 3819
6911 2 2 3 55 3661 3511 3905
6912 2 2 3 55 1125 1124 3904
6913 2 2 3 55 3532 3673 3888
6914 2 2 3 55 3529 3668 3821
6915 2 2 3 55 3668 3582 3821
6916 2 2 3 55 933 932 3735
6917 2 2 3 55 3673 3604 3888
6918 2 2 3 55 3862 3611 3913
6919 2 2 3 55 3610 3863 3912
6920 2 2 3 55 3679 3533 3777
6921 2 2 3 55 3687 3570 4008
6922 2 2 3 55 3761 3529 3894
6923 2 2 3 55 3552 3679 3988
6924 2 2 3 55 3662 3578 3994
6925 2 2 3 55 3572 3663 3870
6926 2 2 3 55 3571 3688 4003
6927 2 2 3 55 3690 3586 3816
6928 2 2 3 55 3796 3580 3919
6929 2 2 3 55 3581 3797 3920
6930 2 2 3 55 3783 3541 3976
6931 2 2 3 55 3540 3784 3975
6932 2 2 3 55 3516 3690 3816
6933 2 2 3 55 3666 3574 3891
6934 2 2 3 55 3575 3667 3890
6935 2 2 3 55 3729 3593 3861
6936 2 2 3 55 3596 3701 3761
6937 2 2 3 55 3666 1000 3929
6938 2 2 3 55 913 3667 3930
6939 2 2 3 55 3570 3815 3878
6940 2 2 3 55 3542 3669 3818
6941 2 2 3 55 3669 3579 3818
6942 2 2 3 55 3614 3742 3798
6943 2 2 3 55 3521 3845 3922
6944 2 2 3 55 3571 3665 3909
6945 2 2 3 55 3557 3708 3787
6946 2 2 3 55 3707 3556 3788
6947 2 2 3 55 3669 3542 3993
6948 2 2 3 55 3864 3727 4015
6949 2 2 3 55 3701 3596 3828
6950 2 2 3 55 3559 3690 3774
6951 2 2 3 55 1124 3819 3904
6952 2 2 3 55 3517 3701 3828
6953 2 2 3 55 3670 3612 3979
6954 2 2 3 55 3526 3663 3850
6955 2 2 3 55 3664 3527 3851
6956 2 2 3 55 3663 3543 3852
6957 2 2 3 55 3544 3664 3853
6958 2 2 3 55 3663 3526 3870
6959 2 2 3 55 3569 3734 3895
6960 2 2 3 55 3693 3576 3805
6961 2 2 3 55 3554 3666 3891
6962 2 2 3 55 3667 3555 3890
6963 2 2 3 55 3704 3587 3852
6964 2 2 3 55 3588 3705 3853
6965 2 2 3 55 3559 3726 3924
6966 2 2 3 55 3726 3622 3924
6967 2 2 3 55 3673 3559 3924
6968 2 2 3 55 3579 3669 3887
6969 2 2 3 55 3674 3546 3982
6970 2 2 3 55 3681 3545 4029
6971 2 2 3 55 3604 3693 4001
6972 2 2 3 55 3733 3606 3900
6973 2 2 3 55 3605 3732 3899
6974 2 2 3 55 911 912 3781
6975 2 2 3 55 999 998 3780
6976 2 2 3 55 3716 3617 3792
6977 2 2 3 55 3669 3512 3887
6978 2 2 3 55 3702 3520 3771
6979 2 2 3 55 3519 3703 3770
6980 2 2 3 55 3547 3716 3792
6981 2 2 3 55 3615 3820 3895
6982 2 2 3 55 1121 3694 3799
6983 2 2 3 55 3543 3671 3876
6984 2 2 3 55 3672 3544 3877
6985 2 2 3 55 3675 897 3919
6986 2 2 3 55 984 3676 3920
6987 2 2 3 55 3770 3703 3891
6988 2 2 3 55 3702 3771 3890
6989 2 2 3 55 3735 932 3863
6990 2 2 3 55 3895 3734 3989
6991 2 2 3 55 3590 3753 3974
6992 2 2 3 55 3526 3725 3974
6993 2 2 3 55 3681 3525 3875
6994 2 2 3 55 3713 3514 3790
6995 2 2 3 55 3593 3681 3875
6996 2 2 3 55 3674 3590 3840
6997 2 2 3 55 1128 3670 3979
6998 2 2 3 55 3537 3805 3827
6999 2 2 3 55 3805 3627 3827
7000 2 2 3 55 3823 3648 4019
7001 2 2 3 55 3647 3822 4020
7002 2 2 3 55 3621 3674 3936
7003 2 2 3 55 3757 3511 4014
7004 2 2 3 55 3662 3757 4014
7005 2 2 3 55 3768 3514 3909
7006 2 2 3 55 3691 3532 4025
7007 2 2 3 55 3758 3531 3785
7008 2 2 3 55 931 3699 3863
7009 2 2 3 55 3698 945 3862
7010 2 2 3 55 3511 3683 3830
7011 2 2 3 55 3717 3548 3879
7012 2 2 3 55 3534 3682 3843
7013 2 2 3 55 3687 3552 3802
7014 2 2 3 55 3553 3688 3803
7015 2 2 3 55 3524 3717 3880
7016 2 2 3 55 3786 3560 4002
7017 2 2 3 55 3728 3510 3767
7018 2 2 3 55 3683 3550 3945
7019 2 2 3 55 3686 3539 3860
7020 2 2 3 55 1118 1117 3917
7021 2 2 3 55 1135 1134 3918
7022 2 2 3 55 3593 3686 3860
7023 2 2 3 55 3739 3773 3939
7024 2 2 3 55 3702 3611 3787
7025 2 2 3 55 3610 3703 3788
7026 2 2 3 55 3556 3709 3911
7027 2 2 3 55 3816 3586 3834
7028 2 2 3 55 3756 3578 3908
7029 2 2 3 55 991 990 3746
7030 2 2 3 55 903 904 3745
7031 2 2 3 55 3622 3726 3983
7032 2 2 3 55 898 899 3796
7033 2 2 3 55 986 985 3797
7034 2 2 3 55 3738 3529 3839
7035 2 2 3 55 3700 3618 3791
7036 2 2 3 55 3720 3522 3775
7037 2 2 3 55 3523 3721 3776
7038 2 2 3 55 3538 3692 3871
7039 2 2 3 55 3685 3548 3934
7040 2 2 3 55 3692 3597 3871
7041 2 2 3 55 3645 3840 4033
7042 2 2 3 55 3717 3524 3831
7043 2 2 3 55 3595 3717 3831
7044 2 2 3 55 3610 3735 3863
7045 2 2 3 55 3686 3584 3883
7046 2 2 3 55 3684 939 3865
7047 2 2 3 55 3609 3766 3855
7048 2 2 3 55 3793 3591 4034
7049 2 2 3 55 3590 3794 4033
7050 2 2 3 55 3513 3689 3849
7051 2 2 3 55 3729 3861 3916
7052 2 2 3 55 3565 3730 3773
7053 2 2 3 55 3592 3685 4005
7054 2 2 3 55 3730 3577 3773
7055 2 2 3 55 3786 3635 3884
7056 2 2 3 55 3760 3616 3907
7057 2 2 3 55 3535 3838 3992
7058 2 2 3 55 3537 3786 3884
7059 2 2 3 55 3582 3689 3848
7060 2 2 3 55 941 940 3896
7061 2 2 3 55 3689 3582 3849
7062 2 2 3 55 3618 3700 3948
7063 2 2 3 55 3548 3697 3879
7064 2 2 3 55 3583 3692 3889
7065 2 2 3 55 3616 3842 3907
7066 2 2 3 55 3686 3593 3875
7067 2 2 3 55 3539 3686 3883
7068 2 2 3 55 3545 3729 3932
7069 2 2 3 55 3729 3620 3932
7070 2 2 3 55 3774 3591 3995
7071 2 2 3 55 3546 3848 3951
7072 2 2 3 55 3848 3689 3951
7073 2 2 3 55 3569 3742 3845
7074 2 2 3 55 3742 3614 3845
7075 2 2 3 55 3596 3894 3949
7076 2 2 3 55 3725 3794 3974
7077 2 2 3 55 3804 3636 3923
7078 2 2 3 55 3726 3527 3789
7079 2 2 3 55 3591 3817 3995
7080 2 2 3 55 3733 3900 3975
7081 2 2 3 55 3899 3732 3976
7082 2 2 3 55 3599 3766 3795
7083 2 2 3 55 3622 3782 3924
7084 2 2 3 55 3766 3609 3795
7085 2 2 3 55 3843 3682 3925
7086 2 2 3 55 3838 3659 3992
7087 2 2 3 55 3697 3515 3835
7088 2 2 3 55 946 3698 3960
7089 2 2 3 55 3699 930 3961
7090 2 2 3 55 3861 3646 3868
7091 2 2 3 55 3712 3513 3815
7092 2 2 3 55 3516 3861 3868
7093 2 2 3 55 3750 3614 3778
7094 2 2 3 55 3841 3669 3993
7095 2 2 3 55 3518 3804 3923
7096 2 2 3 55 3542 3750 3778
7097 2 2 3 55 3706 3607 3847
7098 2 2 3 55 3910 3716 3915
7099 2 2 3 55 3597 3692 3880
7100 2 2 3 55 3732 3605 3893
7101 2 2 3 55 3606 3733 3892
7102 2 2 3 55 934 3706 3847
7103 2 2 3 55 3600 3896 3921
7104 2 2 3 55 3564 3724 3793
7105 2 2 3 55 3725 3563 3794
7106 2 2 3 55 3536 3829 4018
7107 2 2 3 55 3957 947 3960
7108 2 2 3 55 929 3956 3961
7109 2 2 3 55 3586 3764 3765
7110 2 2 3 55 3692 3538 3889
7111 2 2 3 55 3764 3585 3765
7112 2 2 3 55 3896 3684 3921
7113 2 2 3 55 3584 3748 3812
7114 2 2 3 55 3749 3583 3813
7115 2 2 3 55 3700 3518 3855
7116 2 2 3 55 3844 941 3896
7117 2 2 3 55 3696 3608 3915
7118 2 2 3 55 3620 3816 3834
7119 2 2 3 55 3756 3599 3795
7120 2 2 3 55 900 3704 3963
7121 2 2 3 55 3705 987 3964
7122 2 2 3 55 3714 3601 3836
7123 2 2 3 55 3602 3715 3837
7124 2 2 3 55 3528 3736 3798
7125 2 2 3 55 3530 3756 3795
7126 2 2 3 55 3736 3589 3798
7127 2 2 3 55 3625 3799 3988
7128 2 2 3 55 1125 3696 3898
7129 2 2 3 55 3712 3570 3997
7130 2 2 3 55 1119 3714 3836
7131 2 2 3 55 3715 1133 3837
7132 2 2 3 55 3578 3731 3994
7133 2 2 3 55 3608 3696 3904
7134 2 2 3 55 3522 3966 3986
7135 2 2 3 55 3967 3523 3987
7136 2 2 3 55 3711 943 3832
7137 2 2 3 55 3894 3660 3949
7138 2 2 3 55 3554 3703 3912
7139 2 2 3 55 3702 3555 3913
7140 2 2 3 55 3548 3717 3857
7141 2 2 3 55 3717 3595 3857
7142 2 2 3 55 3611 3702 3913
7143 2 2 3 55 3703 3610 3912
7144 2 2 3 55 3740 3606 3985
7145 2 2 3 55 3605 3741 3984
7146 2 2 3 55 3884 3604 4001
7147 2 2 3 55 3725 3526 3850
7148 2 2 3 55 3527 3724 3851
7149 2 2 3 55 3521 3856 4026
7150 2 2 3 55 3701 3517 3928
7151 2 2 3 55 3679 3777 3988
7152 2 2 3 55 3855 3766 4035
7153 2 2 3 55 3710 3557 3938
7154 2 2 3 55 3527 3726 3817
7155 2 2 3 55 3551 3701 3906
7156 2 2 3 55 3608 3910 3915
7157 2 2 3 55 3533 3716 3910
7158 2 2 3 55 3718 3513 3849
7159 2 2 3 55 3522 3720 3966
7160 2 2 3 55 3721 3523 3967
7161 2 2 3 55 3709 3530 3864
7162 2 2 3 55 3848 3546 3954
7163 2 2 3 55 3828 3627 3842
7164 2 2 3 55 3815 3619 3878
7165 2 2 3 55 3726 3789 3983
7166 2 2 3 55 3706 3556 3911
7167 2 2 3 55 3607 3706 3911
7168 2 2 3 55 3575 3771 3944
7169 2 2 3 55 3770 3574 3943
7170 2 2 3 55 3617 3716 3935
7171 2 2 3 55 3759 3710 3938
7172 2 2 3 55 3517 3828 3842
7173 2 2 3 55 3716 3533 3935
7174 2 2 3 55 3758 3785 4028
7175 2 2 3 55 3969 3631 3981
7176 2 2 3 55 3630 3968 3980
7177 2 2 3 55 3680 3848 3954
7178 2 2 3 55 3601 3775 3802
7179 2 2 3 55 3776 3602 3803
7180 2 2 3 55 3722 3645 4033
7181 2 2 3 55 3646 3723 4034
7182 2 2 3 55 3754 3637 3951
7183 2 2 3 55 3635 3786 4002
7184 2 2 3 55 3528 3742 3808
7185 2 2 3 55 3783 3575 3944
7186 2 2 3 55 3574 3784 3943
7187 2 2 3 55 3743 3528 3808
7188 2 2 3 55 3727 3530 3854
7189 2 2 3 55 3547 3809 4013
7190 2 2 3 55 3724 3644 4024
7191 2 2 3 55 3643 3725 4023
7192 2 2 3 55 1122 1121 3799
7193 2 2 3 55 3611 3711 4011
7194 2 2 3 55 3601 3714 3926
7195 2 2 3 55 3715 3602 3927
7196 2 2 3 55 3585 3767 3820
7197 2 2 3 55 995 3748 3892
7198 2 2 3 55 3749 908 3893
7199 2 2 3 55 3714 3561 3926
7200 2 2 3 55 3562 3715 3927
7201 2 2 3 55 3736 3685 3934
7202 2 2 3 55 3570 3873 3997
7203 2 2 3 55 3874 3571 3998
7204 2 2 3 55 3535 3765 3814
7205 2 2 3 55 3948 3700 4035
7206 2 2 3 55 3594 3738 3839
7207 2 2 3 55 3814 3585 3820
7208 2 2 3 55 3757 3566 3867
7209 2 2 3 55 3742 3528 3798
7210 2 2 3 55 3536 3826 3829
7211 2 2 3 55 3525 3740 3807
7212 2 2 3 55 3741 3524 3806
7213 2 2 3 55 3800 3643 4023
7214 2 2 3 55 3644 3801 4024
7215 2 2 3 55 3586 3765 3834
7216 2 2 3 55 3830 3908 4014
7217 2 2 3 55 3716 3547 3915
7218 2 2 3 55 3830 3599 3908
7219 2 2 3 55 3727 3651 4015
7220 2 2 3 55 3966 3671 3986
7221 2 2 3 55 3672 3967 3987
7222 2 2 3 55 3598 3743 3808
7223 2 2 3 55 3719 3600 3921
7224 2 2 3 55 3531 3719 4010
7225 2 2 3 55 3745 904 3942
7226 2 2 3 55 991 3746 3941
7227 2 2 3 55 3536 3810 3826
7228 2 2 3 55 947 946 3960
7229 2 2 3 55 930 929 3961
7230 2 2 3 55 3753 3674 3982
7231 2 2 3 55 3719 3549 3931
7232 2 2 3 55 3591 3793 3817
7233 2 2 3 55 3549 3719 3921
7234 2 2 3 55 3718 3551 3937
7235 2 2 3 55 3713 3790 3947
7236 2 2 3 55 3734 3569 3845
7237 2 2 3 55 3722 3563 3980
7238 2 2 3 55 3564 3723 3981
7239 2 2 3 55 3881 3616 3903
7240 2 2 3 55 3565 3739 3833
7241 2 2 3 55 3720 3580 3966
7242 2 2 3 55 3581 3721 3967
7243 2 2 3 55 3741 3806 3984
7244 2 2 3 55 3807 3740 3985
7245 2 2 3 55 3512 3841 3872
7246 2 2 3 55 996 995 3892
7247 2 2 3 55 908 909 3893
7248 2 2 3 55 3886 3613 3953
7249 2 2 3 55 3743 3598 3826
7250 2 2 3 55 3726 3559 3995
7251 2 2 3 55 3615 3895 3989
7252 2 2 3 55 3841 3632 3872
7253 2 2 3 55 3792 3617 3928
7254 2 2 3 55 3704 3852 3977
7255 2 2 3 55 3853 3705 3978
7256 2 2 3 55 3642 3769 3940
7257 2 2 3 55 3550 3948 4035
7258 2 2 3 55 3739 3595 3833
7259 2 2 3 55 3737 1130 3882
7260 2 2 3 55 3542 3778 3993
7261 2 2 3 55 3689 3754 3951
7262 2 2 3 55 3734 3521 4026
7263 2 2 3 55 3574 3770 3891
7264 2 2 3 55 3771 3575 3890
7265 2 2 3 55 901 902 3800
7266 2 2 3 55 989 988 3801
7267 2 2 3 55 3757 3603 3905
7268 2 2 3 55 3779 3609 3923
7269 2 2 3 55 3545 3846 4029
7270 2 2 3 55 3560 3728 3996
7271 2 2 3 55 997 3733 3959
7272 2 2 3 55 3732 910 3958
7273 2 2 3 55 3709 3864 3911
7274 2 2 3 55 3641 3732 3958
7275 2 2 3 55 3733 3640 3959
7276 2 2 3 55 993 992 3902
7277 2 2 3 55 905 906 3901
7278 2 2 3 55 3933 3607 4015
7279 2 2 3 55 3648 3957 3960
7280 2 2 3 55 3956 3647 3961
7281 2 2 3 55 3751 3594 3829
7282 2 2 3 55 3620 3729 3916
7283 2 2 3 55 3765 3585 3814
7284 2 2 3 55 3632 3857 3872
7285 2 2 3 55 3857 3595 3872
7286 2 2 3 55 3840 3590 4033
7287 2 2 3 55 3743 3592 4005
7288 2 2 3 55 3739 3512 3872
7289 2 2 3 55 3627 3805 3907
7290 2 2 3 55 3805 3576 3907
7291 2 2 3 55 3603 3757 3867
7292 2 2 3 55 939 938 3865
7293 2 2 3 55 3609 3779 3854
7294 2 2 3 55 3731 3566 3994
7295 2 2 3 55 3809 3642 4013
7296 2 2 3 55 936 935 3933
7297 2 2 3 55 3612 3737 3882
7298 2 2 3 55 3737 3612 3925
7299 2 2 3 55 3735 3610 3972
7300 2 2 3 55 3595 3739 3872
7301 2 2 3 55 3767 3510 3820
7302 2 2 3 55 3762 3572 3946
7303 2 2 3 55 3573 3763 3947
7304 2 2 3 55 3665 3768 3909
7305 2 2 3 55 3732 3641 3976
7306 2 2 3 55 3640 3733 3975
7307 2 2 3 55 3623 3762 3946
7308 2 2 3 55 3763 3624 3947
7309 2 2 3 55 936 3933 3999
7310 2 2 3 55 3846 3545 3950
7311 2 2 3 55 3615 3814 3820
7312 2 2 3 55 3661 3846 3950
7313 2 2 3 55 3587 3800 4023
7314 2 2 3 55 3801 3588 4024
7315 2 2 3 55 3790 3573 3947
7316 2 2 3 55 78 947 3957
7317 2 2 3 55 929 86 3956
7318 2 2 3 55 915 78 3957
7319 2 2 3 55 86 1002 3956
7320 2 2 3 55 3535 3814 3869
7321 2 2 3 55 3639 3886 3953
7322 2 2 3 55 3607 3864 4015
7323 2 2 3 55 3884 3635 3888
7324 2 2 3 55 3792 3928 4009
7325 2 2 3 55 3604 3884 3888
7326 2 2 3 55 3592 3810 3811
7327 2 2 3 55 3810 3621 3811
7328 2 2 3 55 3860 3646 3861
7329 2 2 3 55 3593 3860 3861
7330 2 2 3 55 3744 937 3999
7331 2 2 3 55 3765 3535 3834
7332 2 2 3 55 3632 3736 3934
7333 2 2 3 55 943 942 3832
7334 2 2 3 55 3606 3740 3900
7335 2 2 3 55 3741 3605 3899
7336 2 2 3 55 3616 3760 3903
7337 2 2 3 55 3587 3850 3852
7338 2 2 3 55 3851 3588 3853
7339 2 2 3 55 3760 3534 3903
7340 2 2 3 55 3612 3882 3979
7341 2 2 3 55 3609 3855 3923
7342 2 2 3 55 3850 3663 3852
7343 2 2 3 55 3664 3851 3853
7344 2 2 3 55 3865 938 3952
7345 2 2 3 55 3580 3876 3966
7346 2 2 3 55 3877 3581 3967
7347 2 2 3 55 3876 3671 3966
7348 2 2 3 55 3672 3877 3967
7349 2 2 3 55 3847 3607 3933
7350 2 2 3 55 3557 3787 4011
7351 2 2 3 55 937 3744 3952
7352 2 2 3 55 1120 1119 3836
7353 2 2 3 55 1133 1132 3837
7354 2 2 3 55 3629 3741 4021
7355 2 2 3 55 3740 3628 4022
7356 2 2 3 55 3543 3876 3977
7357 2 2 3 55 3877 3544 3978
7358 2 2 3 55 3534 3747 3903
7359 2 2 3 55 3748 3606 3892
7360 2 2 3 55 3605 3749 3893
7361 2 2 3 55 3821 3638 3839
7362 2 2 3 55 3529 3821 3839
7363 2 2 3 55 3788 3556 3972
7364 2 2 3 55 3658 3885 3948
7365 2 2 3 55 1130 1129 3882
7366 2 2 3 55 3785 3579 4028
7367 2 2 3 55 1129 1128 3979
7368 2 2 3 55 3638 3821 3955
7369 2 2 3 55 935 934 3847
7370 2 2 3 55 3921 3684 3970
7371 2 2 3 55 3821 3582 3955
7372 2 2 3 55 3696 3915 4013
7373 2 2 3 55 3752 3569 3895
7374 2 2 3 55 3766 3599 3945
7375 2 2 3 55 987 986 3964
7376 2 2 3 55 899 900 3963
7377 2 2 3 55 3628 3866 3867
7378 2 2 3 55 3866 3603 3867
7379 2 2 3 55 3583 3749 3984
7380 2 2 3 55 3748 3584 3985
7381 2 2 3 55 3512 3739 3939
7382 2 2 3 55 3589 3841 3993
7383 2 2 3 55 3596 3761 3894
7384 2 2 3 55 3786 3537 3949
7385 2 2 3 55 932 931 3863
7386 2 2 3 55 945 944 3862
7387 2 2 3 55 3549 3921 3970
7388 2 2 3 55 3614 3750 3922
7389 2 2 3 55 3528 3743 4005
7390 2 2 3 55 3511 3757 3905
7391 2 2 3 55 90 1135 3991
7392 2 2 3 55 1117 82 3990
7393 2 2 3 55 3767 3691 3996
7394 2 2 3 55 3591 3774 3868
7395 2 2 3 55 3744 3633 3952
7396 2 2 3 55 3876 3649 3977
7397 2 2 3 55 3650 3877 3978
7398 2 2 3 55 3639 3818 3886
7399 2 2 3 55 3818 3579 3886
7400 2 2 3 55 3915 3547 4013
7401 2 2 3 55 3909 3713 3998
7402 2 2 3 55 3802 3775 4016
7403 2 2 3 55 3776 3803 4017
7404 2 2 3 55 3599 3756 3908
7405 2 2 3 55 3571 3909 3998
7406 2 2 3 55 3651 3744 3999
7407 2 2 3 55 82 895 3990
7408 2 2 3 55 982 90 3991
7409 2 2 3 55 3519 3770 3943
7410 2 2 3 55 3771 3520 3944
7411 2 2 3 55 3831 3629 3833
7412 2 2 3 55 3595 3831 3833
7413 2 2 3 55 3522 3873 4016
7414 2 2 3 55 3874 3523 4017
7415 2 2 3 55 3530 3795 3854
7416 2 2 3 55 3873 3687 4016
7417 2 2 3 55 3688 3874 4017
7418 2 2 3 55 3887 3512 3939
7419 2 2 3 55 3657 3887 3939
7420 2 2 3 55 3697 3835 3879
7421 2 2 3 55 937 936 3999
7422 2 2 3 55 1126 1125 3898
7423 2 2 3 55 3579 3887 4028
7424 2 2 3 55 3618 3750 3971
7425 2 2 3 55 3750 3542 3971
7426 2 2 3 55 3693 3805 4001
7427 2 2 3 55 3603 3846 3905
7428 2 2 3 55 3576 3760 3907
7429 2 2 3 55 3827 3627 3828
7430 2 2 3 55 3606 3748 3985
7431 2 2 3 55 3749 3605 3984
7432 2 2 3 55 3851 3724 4024
7433 2 2 3 55 3725 3850 4023
7434 2 2 3 55 3596 3827 3828
7435 2 2 3 55 3814 3615 3869
7436 2 2 3 55 3794 3590 3974
7437 2 2 3 55 3711 4004 4011
7438 2 2 3 55 938 937 3952
7439 2 2 3 55 3633 3865 3952
7440 2 2 3 55 3753 3526 3974
7441 2 2 3 55 3537 3827 3949
7442 2 2 3 55 3795 3609 3854
7443 2 2 3 55 3637 3753 3982
7444 2 2 3 55 3772 3551 3906
7445 2 2 3 55 3617 3772 3906
7446 2 2 3 55 3785 3613 3886
7447 2 2 3 55 1000 999 3929
7448 2 2 3 55 912 913 3930
7449 2 2 3 55 897 898 3919
7450 2 2 3 55 985 984 3920
7451 2 2 3 55 3570 3878 4008
7452 2 2 3 55 3878 3679 4008
7453 2 2 3 55 3728 3767 3996
7454 2 2 3 55 3579 3785 3886
7455 2 2 3 55 3634 3759 3938
7456 2 2 3 55 3775 3601 3926
7457 2 2 3 55 3602 3776 3927
7458 2 2 3 55 3842 3627 3907
7459 2 2 3 55 3830 3683 3945
7460 2 2 3 55 3804 3613 3931
7461 2 2 3 55 3773 3657 3939
7462 2 2 3 55 3838 3535 3869
7463 2 2 3 55 3626 3838 3869
7464 2 2 3 55 3933 3651 3999
7465 2 2 3 55 3551 3772 3937
7466 2 2 3 55 3772 3619 3937
7467 2 2 3 55 3657 3758 4028
7468 2 2 3 55 4009 3517 4032
7469 2 2 3 55 3819 3608 3904
7470 2 2 3 55 3861 3516 3916
7471 2 2 3 55 3651 3933 4015
7472 2 2 3 55 3636 3779 3923
7473 2 2 3 55 3603 3866 4029
7474 2 2 3 55 3777 3533 3910
7475 2 2 3 55 3809 3656 3881
7476 2 2 3 55 3568 3809 3881
7477 2 2 3 55 3550 3766 3945
7478 2 2 3 55 3613 3804 3953
7479 2 2 3 55 3785 3531 4010
7480 2 2 3 55 4004 3557 4011
7481 2 2 3 55 3548 3857 3934
7482 2 2 3 55 3599 3830 3945
7483 2 2 3 55 3857 3632 3934
7484 2 2 3 55 1123 1122 3965
7485 2 2 3 55 3619 3772 3962
7486 2 2 3 55 1127 1126 3940
7487 2 2 3 55 992 991 3941
7488 2 2 3 55 904 905 3942
7489 2 2 3 55 3610 3788 3972
7490 2 2 3 55 3772 3617 3935
7491 2 2 3 55 3787 3611 4011
7492 2 2 3 55 3827 3596 3949
7493 2 2 3 55 3799 3625 3965
7494 2 2 3 55 3769 1127 3940
7495 2 2 3 55 1122 3799 3965
7496 2 2 3 55 3898 3642 3940
7497 2 2 3 55 3517 3842 4032
7498 2 2 3 55 3588 3851 4024
7499 2 2 3 55 3850 3587 4023
7500 2 2 3 55 1126 3898 3940
7501 2 2 3 55 3887 3657 4028
7502 2 2 3 55 998 997 3959
7503 2 2 3 55 910 911 3958
7504 2 2 3 55 999 3780 3929
7505 2 2 3 55 3781 912 3930
7506 2 2 3 55 3766 3550 4035
7507 2 2 3 55 3567 3856 4012
7508 2 2 3 55 3856 3658 4012
7509 2 2 3 55 3554 3912 4020
7510 2 2 3 55 3913 3555 4019
7511 2 2 3 55 3912 3699 4020
7512 2 2 3 55 3698 3913 4019
7513 2 2 3 55 914 915 4007
7514 2 2 3 55 1002 1001 4006
7515 2 2 3 55 3835 3597 3879
7516 2 2 3 55 3816 3620 3916
7517 2 2 3 55 3516 3816 3916
7518 2 2 3 55 3674 3840 3936
7519 2 2 3 55 3901 3654 3968
7520 2 2 3 55 3655 3902 3969
7521 2 2 3 55 3630 3901 3968
7522 2 2 3 55 3902 3631 3969
7523 2 2 3 55 3806 3583 3984
7524 2 2 3 55 3584 3807 3985
7525 2 2 3 55 895 896 4030
7526 2 2 3 55 983 982 4031
7527 2 2 3 55 3625 3777 4000
7528 2 2 3 55 3775 3522 4016
7529 2 2 3 55 3523 3776 4017
7530 2 2 3 55 3963 3704 3977
7531 2 2 3 55 3705 3964 3978
7532 2 2 3 55 3946 3712 3997
7533 2 2 3 55 3713 3947 3998
7534 2 2 3 55 3649 3963 3977
7535 2 2 3 55 3964 3650 3978
7536 2 2 3 55 3623 3946 3997
7537 2 2 3 55 3947 3624 3998
7538 2 2 3 55 3878 3619 3962
7539 2 2 3 55 3784 3653 3943
7540 2 2 3 55 3652 3783 3944
7541 2 2 3 55 898 3796 3919
7542 2 2 3 55 3797 985 3920
7543 2 2 3 55 3559 3774 3995
7544 2 2 3 55 3600 3844 3896
7545 2 2 3 55 3846 3661 3905
7546 2 2 3 55 3777 3625 3988
7547 2 2 3 55 3660 3786 3949
7548 2 2 3 55 3834 3535 3992
7549 2 2 3 55 3883 3655 3969
7550 2 2 3 55 3811 3621 3936
7551 2 2 3 55 3539 3883 3969
7552 2 2 3 55 3515 3811 3936
7553 2 2 3 55 3545 3932 3950
7554 2 2 3 55 3932 3659 3950
7555 2 2 3 55 3852 3543 3977
7556 2 2 3 55 3544 3853 3978
7557 2 2 3 55 3778 3589 3993
7558 2 2 3 55 3845 3614 3922
7559 2 2 3 55 3654 3889 3968
7560 2 2 3 55 3889 3538 3968
7561 2 2 3 55 3711 3832 4004
7562 2 2 3 55 3613 3785 4010
7563 2 2 3 55 3906 3701 3928
7564 2 2 3 55 3989 3734 4026
7565 2 2 3 55 3789 3573 3983
7566 2 2 3 55 3626 3989 4026
7567 2 2 3 55 3791 3618 3971
7568 2 2 3 55 3541 3899 3976
7569 2 2 3 55 3900 3540 3975
7570 2 2 3 55 3804 3518 3953
7571 2 2 3 55 3790 3622 3983
7572 2 2 3 55 3573 3790 3983
7573 2 2 3 55 3819 1123 3965
7574 2 2 3 55 3810 3536 3973
7575 2 2 3 55 3612 3843 3925
7576 2 2 3 55 3864 3607 3911
7577 2 2 3 55 3616 3881 4032
7578 2 2 3 55 3881 3656 4032
7579 2 2 3 55 3855 3518 3923
7580 2 2 3 55 3741 3899 4021
7581 2 2 3 55 3900 3740 4022
7582 2 2 3 55 935 3847 3933
7583 2 2 3 55 3621 3810 3973
7584 2 2 3 55 3840 3515 3936
7585 2 2 3 55 3700 3855 4035
7586 2 2 3 55 3656 3792 4009
7587 2 2 3 55 3868 3646 4034
7588 2 2 3 55 3805 3537 4001
7589 2 2 3 55 3591 3868 4034
7590 2 2 3 55 3817 3726 3995
7591 2 2 3 55 3856 3626 4026
7592 2 2 3 55 3625 3819 3965
7593 2 2 3 55 3873 3623 3997
7594 2 2 3 55 3624 3874 3998
7595 2 2 3 55 3608 3819 4000
7596 2 2 3 55 3819 3625 4000
7597 2 2 3 55 3687 3802 4016
7598 2 2 3 55 3803 3688 4017
7599 2 2 3 55 3680 3954 3973
7600 2 2 3 55 3954 3621 3973
7601 2 2 3 55 3902 992 3941
7602 2 2 3 55 905 3901 3942
7603 2 2 3 55 3620 3834 3992
7604 2 2 3 55 3901 3630 3942
7605 2 2 3 55 3631 3902 3941
7606 2 2 3 55 3684 3865 3970
7607 2 2 3 55 3823 914 4007
7608 2 2 3 55 1001 3822 4006
7609 2 2 3 55 3636 3804 4027
7610 2 2 3 55 3804 3931 4027
7611 2 2 3 55 3897 3549 3970
7612 2 2 3 55 3633 3897 3970
7613 2 2 3 55 3848 3680 3955
7614 2 2 3 55 3582 3848 3955
7615 2 2 3 55 896 3824 4030
7616 2 2 3 55 3825 983 4031
7617 2 2 3 55 3642 3898 4013
7618 2 2 3 55 3898 3696 4013
7619 2 2 3 55 3931 3613 4010
7620 2 2 3 55 3656 4009 4032
7621 2 2 3 55 3617 3906 3928
7622 2 2 3 55 3822 3647 4006
7623 2 2 3 55 3648 3823 4007
7624 2 2 3 55 3719 3931 4010
7625 2 2 3 55 3832 3634 4004
7626 2 2 3 55 3511 3830 4014
7627 2 2 3 55 3873 3522 3986
7628 2 2 3 55 3523 3874 3987
7629 2 2 3 55 3865 3633 3970
7630 2 2 3 55 3973 3536 4018
7631 2 2 3 55 3824 3677 4030
7632 2 2 3 55 3678 3825 4031
7633 2 2 3 55 3885 3618 3948
7634 2 2 3 55 3772 3935 3962
7635 2 2 3 55 3955 3680 4018
7636 2 2 3 55 3638 3955 4018
7637 2 2 3 55 3869 3615 3989
7638 2 2 3 55 3996 3691 4002
7639 2 2 3 55 3560 3996 4002
7640 2 2 3 55 3626 3869 3989
7641 2 2 3 55 3680 3973 4018
7642 2 2 3 55 3623 3873 3986
7643 2 2 3 55 3874 3624 3987
7644 2 2 3 55 3882 1129 3979
7645 2 2 3 55 3532 3888 4025
7646 2 2 3 55 3888 3635 4025
7647 2 2 3 55 3777 3910 4000
7648 2 2 3 55 3842 3616 4032
7649 2 2 3 55 3846 3603 4029
7650 2 2 3 55 3541 3859 4021
7651 2 2 3 55 3858 3540 4022
7652 2 2 3 55 3932 3620 3992
7653 2 2 3 55 3897 3636 4027
7654 2 2 3 55 3549 3897 4027
7655 2 2 3 55 3859 3629 4021
7656 2 2 3 55 3628 3858 4022
7657 2 2 3 55 3537 3884 4001
7658 2 2 3 55 3683 3914 4012
7659 2 2 3 55 3935 3533 3962
7660 2 2 3 55 3928 3517 4009
7661 2 2 3 55 3899 3541 4021
7662 2 2 3 55 3540 3900 4022
7663 2 2 3 55 3659 3932 3992
7664 2 2 3 55 3910 3608 4000
7665 2 2 3 55 3908 3662 4014
7666 2 2 3 55 3931 3549 4027
7667 2 2 3 55 3546 3951 3982
7668 2 2 3 55 3951 3637 3982
7669 2 2 3 55 982 3991 4031
7670 2 2 3 55 3990 895 4030
7671 2 2 3 55 3914 3567 4012
7672 2 2 3 55 3956 1002 4006
7673 2 2 3 55 915 3957 4007
7674 2 2 3 55 3677 3990 4030
7675 2 2 3 55 3991 3678 4031
7676 2 2 3 55 3647 3956 4006
7677 2 2 3 55 3957 3648 4007
7678 2 2 3 55 3634 3938 4004
7679 2 2 3 55 3938 3557 4004
7680 2 2 3 55 3961 3647 4020
7681 2 2 3 55 3648 3960 4019
7682 2 2 3 55 4002 3691 4025
7683 2 2 3 55 3699 3961 4020
7684 2 2 3 55 3960 3698 4019
7685 2 2 3 55 3635 4002 4025
7686 2 2 3 56 1021 966 1022
7687 2 2 3 56 1022 966 967
7688 2 2 3 56 1004 1003 949
7689 2 2 3 56 949 1003 948
7690 2 2 3 56 1016 961 1017
7691 2 2 3 56 1017 961 962
7692 2 2 3 56 1016 1015 961
7693 2 2 3 56 961 1015 960
7694 2 2 3 56 1008 953 1009
7695 2 2 3 56 1009 953 954
7696 2 2 3 56 1009 954 1010
7697 2 2 3 56 1010 954 955
7698 2 2 3 56 953 1008 1007
7699 2 2 3 56 953 1007 952
7700 2 2 3 56 1015 1014 960
7701 2 2 3 56 960 1014 959
7702 2 2 3 56 4036 1003 84
7703 2 2 3 56 916 4036 84
7704 2 2 3 56 4037 1056 91
7705 2 2 3 56 1023 4037 91
7706 2 2 3 56 958 1014 1013
7707 2 2 3 56 959 1014 958
7708 2 2 3 56 956 957 1012
7709 2 2 3 56 952 1007 951
7710 2 2 3 56 968 4037 1023
7711 2 2 3 56 1056 4037 87
7712 2 2 3 56 4037 968 87
7713 2 2 3 56 948 4036 83
7714 2 2 3 56 4036 948 1003
7715 2 2 3 56 4036 916 83
7716 2 2 3 56 1023 1022 967
7717 2 2 3 56 1021 1020 966
7718 2 2 3 56 966 1020 965
7719 2 2 3 56 968 1023 967
7720 2 2 3 56 965 1020 964
7721 2 2 3 56 1020 1019 964
7722 2 2 3 56 964 1019 963
7723 2 2 3 56 950 1005 1004
7724 2 2 3 56 950 1004 949
7725 2 2 3 56 1018 1017 963
7726 2 2 3 56 963 1017 962
7727 2 2 3 56 963 1019 1018
7728 2 2 3 56 951 1006 1005
7729 2 2 3 56 951 1005 950
7730 2 2 3 56 951 1007 1006
7731 2 2 3 56 1011 1010 956
7732 2 2 3 56 956 1010 955
7733 2 2 3 56 958 1013 1012
7734 2 2 3 56 956 1012 1011
7735 2 2 3 56 957 958 1012
7736 2 2 3 57 1056 87 969
7737 2 2 3 57 88 4038 969
7738 2 2 3 57 1056 4038 1057
7739 2 2 3 57 1057 91 1056
7740 2 2 3 57 4038 88 1057
7741 2 2 3 57 4038 1056 969
7742 2 2 3 58 4039 1058 92
7743 2 2 3 58 1034 4039 92
7744 2 2 3 58 1057 4040 91
7745 2 2 3 58 4040 1024 91
7746 2 2 3 58 975 1028 974
7747 2 2 3 58 975 1029 1028
7748 2 2 3 58 977 1032 1031
7749 2 2 3 58 1027 972 973
7750 2 2 3 58 980 4039 1034
7751 2 2 3 58 1058 4039 89
7752 2 2 3 58 4039 980 89
7753 2 2 3 58 4040 970 1024
7754 2 2 3 58 4040 1057 88
7755 2 2 3 58 970 4040 88
7756 2 2 3 58 980 1034 979
7757 2 2 3 58 979 1034 1033
7758 2 2 3 58 979 1033 978
7759 2 2 3 58 1025 1024 970
7760 2 2 3 58 1025 970 971
7761 2 2 3 58 972 1027 1026
7762 2 2 3 58 972 1026 971
7763 2 2 3 58 978 1033 1032
7764 2 2 3 58 1025 971 1026
7765 2 2 3 58 978 1032 977
7766 2 2 3 58 974 1028 1027
7767 2 2 3 58 974 1027 973
7768 2 2 3 58 975 1030 1029
7769 2 2 3 58 1031 1030 977
7770 2 2 3 58 976 1030 975
7771 2 2 3 58 977 1030 976
7772 2 2 3 59 1058 89 981
7773 2 2 3 59 981 90 1059
7774 2 2 3 59 1058 981 1059
7775 2 2 3 59 1058 1059 92
7776 2 2 3 60 1035 982 1036
7777 2 2 3 60 1036 982 983
7778 2 2 3 60 4041 1002 86
7779 2 2 3 60 928 4041 86
7780 2 2 3 60 1059 4042 92
7781 2 2 3 60 4042 1035 92
7782 2 2 3 60 1055 4041 85
7783 2 2 3 60 4041 1055 1002
7784 2 2 3 60 4041 928 85
7785 2 2 3 60 992 1044 991
7786 2 2 3 60 992 1045 1044
7787 2 2 3 60 993 1045 992
7788 2 2 3 60 1046 1045 993
7789 2 2 3 60 4042 982 1035
7790 2 2 3 60 4042 1059 90
7791 2 2 3 60 982 4042 90
7792 2 2 3 60 1055 1054 1002
7793 2 2 3 60 1002 1054 1001
7794 2 2 3 60 1054 1053 1001
7795 2 2 3 60 1001 1053 1000
7796 2 2 3 60 999 1000 1053
7797 2 2 3 60 1051 998 1052
7798 2 2 3 60 1052 998 999
7799 2 2 3 60 1043 1042 989
7800 2 2 3 60 1043 989 990
7801 2 2 3 60 1053 1052 999
7802 2 2 3 60 1042 1041 989
7803 2 2 3 60 997 998 1051
7804 2 2 3 60 1051 1050 997
7805 2 2 3 60 1050 1049 997
7806 2 2 3 60 997 1049 996
7807 2 2 3 60 1040 988 1041
7808 2 2 3 60 1041 988 989
7809 2 2 3 60 1038 1037 984
7810 2 2 3 60 1038 984 985
7811 2 2 3 60 1037 1036 984
7812 2 2 3 60 1038 986 1039
7813 2 2 3 60 1039 986 987
7814 2 2 3 60 1039 987 1040
7815 2 2 3 60 1040 987 988
7816 2 2 3 60 1036 983 984
7817 2 2 3 60 995 996 1049
7818 2 2 3 60 1049 1048 995
7819 2 2 3 60 1048 1047 995
7820 2 2 3 60 995 1047 994
7821 2 2 3 60 1038 985 986
7822 2 2 3 60 1044 1043 990
7823 2 2 3 60 1044 990 991
7824 2 2 3 60 1047 1046 994
7825 2 2 3 60 994 1046 993
7826 2 2 3 61 4226 4103 4244
7827 2 2 3 61 4123 4090 4174
7828 2 2 3 61 4091 4124 4175
7829 2 2 3 61 4061 4104 4252
7830 2 2 3 61 4110 4096 4288
7831 2 2 3 61 4097 4111 4289
7832 2 2 3 61 4081 4108 4205
7833 2 2 3 61 4109 4083 4206
7834 2 2 3 61 4174 4090 4202
7835 2 2 3 61 4091 4175 4203
7836 2 2 3 61 4120 1032 4196
7837 2 2 3 61 925 4121 4197
7838 2 2 3 61 4104 4061 4173
7839 2 2 3 61 919 4194 4278
7840 2 2 3 61 4195 1026 4279
7841 2 2 3 61 4123 4227 4233
7842 2 2 3 61 4084 4226 4244
7843 2 2 3 61 4105 4065 4177
7844 2 2 3 61 4067 4106 4178
7845 2 2 3 61 4111 4097 4255
7846 2 2 3 61 4096 4110 4254
7847 2 2 3 61 4194 4118 4278
7848 2 2 3 61 4119 4195 4279
7849 2 2 3 61 4048 4125 4184
7850 2 2 3 61 4126 4050 4185
7851 2 2 3 61 4166 4102 4201
7852 2 2 3 61 4101 4165 4200
7853 2 2 3 61 4071 4166 4201
7854 2 2 3 61 4165 4070 4200
7855 2 2 3 61 4118 4080 4219
7856 2 2 3 61 4082 4119 4220
7857 2 2 3 61 4046 4132 4217
7858 2 2 3 61 4123 4059 4227
7859 2 2 3 61 4065 4105 4263
7860 2 2 3 61 4106 4067 4264
7861 2 2 3 61 1005 4130 4215
7862 2 2 3 61 4131 1021 4216
7863 2 2 3 61 4130 4085 4152
7864 2 2 3 61 4086 4131 4153
7865 2 2 3 61 4088 4127 4155
7866 2 2 3 61 4120 4065 4158
7867 2 2 3 61 4067 4121 4159
7868 2 2 3 61 1010 1011 4127
7869 2 2 3 61 4047 4135 4243
7870 2 2 3 61 4108 4081 4223
7871 2 2 3 61 4083 4109 4224
7872 2 2 3 61 1015 1016 4164
7873 2 2 3 61 4179 4110 4288
7874 2 2 3 61 4111 4180 4289
7875 2 2 3 61 4069 4163 4183
7876 2 2 3 61 4044 4170 4198
7877 2 2 3 61 4169 4043 4199
7878 2 2 3 61 4054 4112 4208
7879 2 2 3 61 4113 4055 4209
7880 2 2 3 61 4080 4118 4160
7881 2 2 3 61 4119 4082 4161
7882 2 2 3 61 4112 4074 4208
7883 2 2 3 61 4075 4113 4209
7884 2 2 3 61 4059 4114 4227
7885 2 2 3 61 4053 4145 4176
7886 2 2 3 61 4145 4087 4176
7887 2 2 3 61 4181 4107 4295
7888 2 2 3 61 4133 4063 4186
7889 2 2 3 61 4122 4061 4252
7890 2 2 3 61 4066 4130 4152
7891 2 2 3 61 4131 4068 4153
7892 2 2 3 61 4127 4069 4155
7893 2 2 3 61 4090 4123 4235
7894 2 2 3 61 4123 4052 4235
7895 2 2 3 61 4198 4170 4257
7896 2 2 3 61 4169 4199 4256
7897 2 2 3 61 1053 4178 4274
7898 2 2 3 61 4177 1037 4273
7899 2 2 3 61 1015 4164 4228
7900 2 2 3 61 4056 4116 4214
7901 2 2 3 61 4117 4057 4213
7902 2 2 3 61 4116 4078 4214
7903 2 2 3 61 4079 4117 4213
7904 2 2 3 61 4132 4204 4217
7905 2 2 3 61 4124 4091 4239
7906 2 2 3 61 4053 4124 4239
7907 2 2 3 61 4112 4070 4258
7908 2 2 3 61 4071 4113 4259
7909 2 2 3 61 4184 4125 4331
7910 2 2 3 61 4126 4185 4332
7911 2 2 3 61 1045 4128 4207
7912 2 2 3 61 4243 4135 4296
7913 2 2 3 61 4107 4181 4277
7914 2 2 3 61 4112 4054 4200
7915 2 2 3 61 4055 4113 4201
7916 2 2 3 61 4070 4112 4200
7917 2 2 3 61 4113 4071 4201
7918 2 2 3 61 4100 4132 4284
7919 2 2 3 61 1050 1051 4146
7920 2 2 3 61 1039 1040 4147
7921 2 2 3 61 4095 4232 4260
7922 2 2 3 61 4115 4060 4234
7923 2 2 3 61 4065 4120 4196
7924 2 2 3 61 4121 4067 4197
7925 2 2 3 61 4122 4064 4182
7926 2 2 3 61 4132 4046 4182
7927 2 2 3 61 4103 4136 4244
7928 2 2 3 61 4152 4048 4160
7929 2 2 3 61 4050 4153 4161
7930 2 2 3 61 4059 4123 4174
7931 2 2 3 61 4154 4095 4260
7932 2 2 3 61 4098 4137 4184
7933 2 2 3 61 4138 4099 4185
7934 2 2 3 61 4137 4048 4184
7935 2 2 3 61 4050 4138 4185
7936 2 2 3 61 4164 4089 4176
7937 2 2 3 61 4087 4164 4176
7938 2 2 3 61 4076 4174 4202
7939 2 2 3 61 4175 4077 4203
7940 2 2 3 61 4276 4058 4295
7941 2 2 3 61 4190 4254 4329
7942 2 2 3 61 4255 4191 4330
7943 2 2 3 61 4064 4122 4252
7944 2 2 3 61 4114 4059 4229
7945 2 2 3 61 4060 4115 4230
7946 2 2 3 61 4113 4075 4225
7947 2 2 3 61 4124 4053 4268
7948 2 2 3 61 4074 4112 4217
7949 2 2 3 61 1004 1005 4215
7950 2 2 3 61 1021 1022 4216
7951 2 2 3 61 4136 4062 4187
7952 2 2 3 61 4190 4054 4254
7953 2 2 3 61 4055 4191 4255
7954 2 2 3 61 4049 4158 4263
7955 2 2 3 61 4159 4051 4264
7956 2 2 3 61 4078 4116 4309
7957 2 2 3 61 4117 4079 4310
7958 2 2 3 61 4074 4133 4188
7959 2 2 3 61 4134 4075 4189
7960 2 2 3 61 4133 4044 4188
7961 2 2 3 61 4043 4134 4189
7962 2 2 3 61 4178 4106 4274
7963 2 2 3 61 4105 4177 4273
7964 2 2 3 61 4163 4084 4183
7965 2 2 3 61 4092 4129 4172
7966 2 2 3 61 4227 4088 4233
7967 2 2 3 61 4083 4224 4242
7968 2 2 3 61 4223 4081 4241
7969 2 2 3 61 4116 4056 4223
7970 2 2 3 61 4057 4117 4224
7971 2 2 3 61 1042 4157 4165
7972 2 2 3 61 4156 1048 4166
7973 2 2 3 61 4224 4117 4242
7974 2 2 3 61 4116 4223 4241
7975 2 2 3 61 4061 4122 4212
7976 2 2 3 61 1050 4146 4282
7977 2 2 3 61 4147 1040 4281
7978 2 2 3 61 4167 4049 4263
7979 2 2 3 61 4051 4168 4264
7980 2 2 3 61 4126 4060 4230
7981 2 2 3 61 4059 4125 4229
7982 2 2 3 61 4139 1014 4228
7983 2 2 3 61 4182 4046 4283
7984 2 2 3 61 1032 4120 4270
7985 2 2 3 61 4121 925 4271
7986 2 2 3 61 4058 4163 4295
7987 2 2 3 61 4126 4230 4250
7988 2 2 3 61 4229 4125 4249
7989 2 2 3 61 919 918 4194
7990 2 2 3 61 1025 1026 4195
7991 2 2 3 61 1032 1033 4196
7992 2 2 3 61 926 925 4197
7993 2 2 3 61 4127 1011 4181
7994 2 2 3 61 4069 4127 4181
7995 2 2 3 61 4136 4103 4292
7996 2 2 3 61 4062 4136 4292
7997 2 2 3 61 4147 4101 4299
7998 2 2 3 61 4102 4146 4298
7999 2 2 3 61 4075 4134 4285
8000 2 2 3 61 4134 4062 4285
8001 2 2 3 61 4062 4135 4285
8002 2 2 3 61 4155 4069 4183
8003 2 2 3 61 4220 4119 4279
8004 2 2 3 61 4118 4219 4278
8005 2 2 3 61 1010 4127 4218
8006 2 2 3 61 4122 4182 4283
8007 2 2 3 61 1036 1037 4177
8008 2 2 3 61 1053 1054 4178
8009 2 2 3 61 4130 4066 4215
8010 2 2 3 61 4068 4131 4216
8011 2 2 3 61 4127 4088 4218
8012 2 2 3 61 1042 1043 4157
8013 2 2 3 61 1047 1048 4156
8014 2 2 3 61 4132 4063 4204
8015 2 2 3 61 4076 4184 4331
8016 2 2 3 61 4185 4077 4332
8017 2 2 3 61 4063 4133 4204
8018 2 2 3 61 4065 4141 4177
8019 2 2 3 61 4142 4067 4178
8020 2 2 3 61 4190 4147 4299
8021 2 2 3 61 4146 4191 4298
8022 2 2 3 61 4132 4182 4284
8023 2 2 3 61 4132 4100 4280
8024 2 2 3 61 4063 4132 4280
8025 2 2 3 61 4125 4059 4331
8026 2 2 3 61 4060 4126 4332
8027 2 2 3 61 4226 4140 4247
8028 2 2 3 61 4052 4123 4233
8029 2 2 3 61 4062 4134 4187
8030 2 2 3 61 4085 4130 4262
8031 2 2 3 61 4131 4086 4261
8032 2 2 3 61 4230 4086 4250
8033 2 2 3 61 4085 4229 4249
8034 2 2 3 61 4133 4186 4231
8035 2 2 3 61 4152 4160 4307
8036 2 2 3 61 4161 4153 4308
8037 2 2 3 61 4157 4070 4165
8038 2 2 3 61 4071 4156 4166
8039 2 2 3 61 4064 4154 4284
8040 2 2 3 61 4192 4114 4229
8041 2 2 3 61 4115 4193 4230
8042 2 2 3 61 4069 4181 4295
8043 2 2 3 61 4129 4053 4239
8044 2 2 3 61 4133 4074 4204
8045 2 2 3 61 4114 4162 4227
8046 2 2 3 61 4136 4052 4244
8047 2 2 3 61 4125 4048 4249
8048 2 2 3 61 4050 4126 4250
8049 2 2 3 61 4141 4065 4196
8050 2 2 3 61 4143 4066 4194
8051 2 2 3 61 4067 4142 4197
8052 2 2 3 61 4068 4144 4195
8053 2 2 3 61 4146 4102 4282
8054 2 2 3 61 4101 4147 4281
8055 2 2 3 61 1008 1009 4162
8056 2 2 3 61 4188 4096 4208
8057 2 2 3 61 4097 4189 4209
8058 2 2 3 61 4074 4188 4208
8059 2 2 3 61 4189 4075 4209
8060 2 2 3 61 4066 4143 4215
8061 2 2 3 61 4144 4068 4216
8062 2 2 3 61 4081 4270 4305
8063 2 2 3 61 4271 4083 4306
8064 2 2 3 61 4129 4092 4251
8065 2 2 3 61 4053 4129 4251
8066 2 2 3 61 4128 1045 4297
8067 2 2 3 61 4085 4192 4229
8068 2 2 3 61 4193 4086 4230
8069 2 2 3 61 4094 4151 4173
8070 2 2 3 61 4130 1005 4262
8071 2 2 3 61 1021 4131 4261
8072 2 2 3 61 4154 4265 4284
8073 2 2 3 61 4150 4093 4212
8074 2 2 3 61 4066 4152 4307
8075 2 2 3 61 4153 4068 4308
8076 2 2 3 61 4045 4226 4247
8077 2 2 3 61 4135 4047 4225
8078 2 2 3 61 4044 4133 4231
8079 2 2 3 61 4081 4205 4270
8080 2 2 3 61 4206 4083 4271
8081 2 2 3 61 4135 4062 4296
8082 2 2 3 61 4148 921 4219
8083 2 2 3 61 1028 4149 4220
8084 2 2 3 61 4137 4221 4321
8085 2 2 3 61 4222 4138 4322
8086 2 2 3 61 4134 4043 4237
8087 2 2 3 61 4070 4150 4258
8088 2 2 3 61 4151 4071 4259
8089 2 2 3 61 4094 4272 4297
8090 2 2 3 61 1014 1015 4228
8091 2 2 3 61 4058 4140 4335
8092 2 2 3 61 4167 4072 4293
8093 2 2 3 61 4073 4168 4294
8094 2 2 3 61 1039 4147 4210
8095 2 2 3 61 4146 1051 4211
8096 2 2 3 61 1008 4162 4333
8097 2 2 3 61 1044 1045 4207
8098 2 2 3 61 4048 4137 4321
8099 2 2 3 61 4138 4050 4322
8100 2 2 3 61 4052 4136 4235
8101 2 2 3 61 4221 4080 4321
8102 2 2 3 61 4082 4222 4322
8103 2 2 3 61 4140 4226 4335
8104 2 2 3 61 4087 4145 4236
8105 2 2 3 61 4052 4155 4183
8106 2 2 3 61 4154 4064 4238
8107 2 2 3 61 4095 4154 4238
8108 2 2 3 61 4072 4147 4190
8109 2 2 3 61 4146 4073 4191
8110 2 2 3 61 4293 4072 4329
8111 2 2 3 61 4073 4294 4330
8112 2 2 3 61 1014 4139 4269
8113 2 2 3 61 1041 1042 4165
8114 2 2 3 61 1048 1049 4166
8115 2 2 3 61 4087 4139 4228
8116 2 2 3 61 4092 4140 4246
8117 2 2 3 61 4053 4176 4268
8118 2 2 3 61 4140 4058 4246
8119 2 2 3 61 4136 4187 4235
8120 2 2 3 61 4137 4098 4266
8121 2 2 3 61 4099 4138 4267
8122 2 2 3 61 4272 4128 4297
8123 2 2 3 61 4139 4087 4236
8124 2 2 3 61 4147 4072 4210
8125 2 2 3 61 4073 4146 4211
8126 2 2 3 61 1017 1018 4171
8127 2 2 3 61 4236 4145 4246
8128 2 2 3 61 4162 4114 4333
8129 2 2 3 61 4226 4084 4335
8130 2 2 3 61 4109 4206 4290
8131 2 2 3 61 4205 4108 4291
8132 2 2 3 61 4043 4169 4202
8133 2 2 3 61 4170 4044 4203
8134 2 2 3 61 4221 4137 4266
8135 2 2 3 61 4138 4222 4267
8136 2 2 3 61 4140 4092 4247
8137 2 2 3 61 4152 4085 4249
8138 2 2 3 61 4086 4153 4250
8139 2 2 3 61 4100 4172 4280
8140 2 2 3 61 4059 4174 4331
8141 2 2 3 61 4175 4060 4332
8142 2 2 3 61 4088 4155 4233
8143 2 2 3 61 4179 4078 4309
8144 2 2 3 61 4079 4180 4310
8145 2 2 3 61 4080 4148 4219
8146 2 2 3 61 4149 4082 4220
8147 2 2 3 61 4225 4075 4285
8148 2 2 3 61 4148 4080 4221
8149 2 2 3 61 4082 4149 4222
8150 2 2 3 61 4163 4058 4335
8151 2 2 3 61 4171 4115 4234
8152 2 2 3 61 4135 4225 4285
8153 2 2 3 61 4092 4145 4251
8154 2 2 3 61 4145 4053 4251
8155 2 2 3 61 4145 4092 4246
8156 2 2 3 61 4092 4172 4247
8157 2 2 3 61 921 920 4219
8158 2 2 3 61 1027 1028 4220
8159 2 2 3 61 4061 4253 4272
8160 2 2 3 61 4160 4048 4321
8161 2 2 3 61 4050 4161 4322
8162 2 2 3 61 1011 1012 4181
8163 2 2 3 61 4169 4076 4202
8164 2 2 3 61 4077 4170 4203
8165 2 2 3 61 4107 4276 4295
8166 2 2 3 61 4149 4108 4315
8167 2 2 3 61 4109 4148 4316
8168 2 2 3 61 4253 4128 4272
8169 2 2 3 61 4060 4175 4323
8170 2 2 3 61 4175 4124 4323
8171 2 2 3 61 921 4148 4336
8172 2 2 3 61 4149 1028 4337
8173 2 2 3 61 4164 4087 4228
8174 2 2 3 61 4058 4236 4246
8175 2 2 3 61 4105 4167 4263
8176 2 2 3 61 4168 4106 4264
8177 2 2 3 61 4096 4188 4198
8178 2 2 3 61 4189 4097 4199
8179 2 2 3 61 4052 4183 4244
8180 2 2 3 61 1038 1039 4210
8181 2 2 3 61 1051 1052 4211
8182 2 2 3 61 4204 4074 4217
8183 2 2 3 61 4043 4189 4199
8184 2 2 3 61 4188 4044 4198
8185 2 2 3 61 4111 4255 4330
8186 2 2 3 61 4254 4110 4329
8187 2 2 3 61 4129 4186 4324
8188 2 2 3 61 4186 4063 4324
8189 2 2 3 61 4194 4066 4307
8190 2 2 3 61 4068 4195 4308
8191 2 2 3 61 4171 1018 4334
8192 2 2 3 61 4280 4172 4324
8193 2 2 3 61 4156 4094 4240
8194 2 2 3 61 1047 4156 4240
8195 2 2 3 61 4048 4152 4249
8196 2 2 3 61 4153 4050 4250
8197 2 2 3 61 4162 1009 4218
8198 2 2 3 61 4192 4085 4262
8199 2 2 3 61 4086 4193 4261
8200 2 2 3 61 4088 4162 4218
8201 2 2 3 61 4186 4091 4231
8202 2 2 3 61 4155 4052 4233
8203 2 2 3 61 4158 4049 4241
8204 2 2 3 61 4051 4159 4242
8205 2 2 3 61 4179 4049 4293
8206 2 2 3 61 4051 4180 4294
8207 2 2 3 61 4110 4179 4293
8208 2 2 3 61 4180 4111 4294
8209 2 2 3 61 4148 4109 4336
8210 2 2 3 61 4108 4149 4337
8211 2 2 3 61 4115 4171 4334
8212 2 2 3 61 4151 4047 4275
8213 2 2 3 61 1006 1007 4192
8214 2 2 3 61 1019 1020 4193
8215 2 2 3 61 4057 4221 4266
8216 2 2 3 61 4222 4056 4267
8217 2 2 3 61 4187 4090 4235
8218 2 2 3 61 4165 4101 4281
8219 2 2 3 61 4102 4166 4282
8220 2 2 3 61 1041 4165 4281
8221 2 2 3 61 4166 1049 4282
8222 2 2 3 61 4164 1016 4248
8223 2 2 3 61 4150 4070 4287
8224 2 2 3 61 4071 4151 4286
8225 2 2 3 61 4118 4194 4307
8226 2 2 3 61 4195 4119 4308
8227 2 2 3 61 4162 4088 4227
8228 2 2 3 61 1030 1031 4205
8229 2 2 3 61 924 923 4206
8230 2 2 3 61 4093 4157 4245
8231 2 2 3 61 4157 1043 4245
8232 2 2 3 61 4093 4150 4287
8233 2 2 3 61 4151 4094 4286
8234 2 2 3 61 4089 4234 4268
8235 2 2 3 61 4047 4151 4259
8236 2 2 3 61 4120 4158 4305
8237 2 2 3 61 4159 4121 4306
8238 2 2 3 61 4078 4198 4257
8239 2 2 3 61 4199 4079 4256
8240 2 2 3 61 4186 4129 4239
8241 2 2 3 61 4258 4150 4283
8242 2 2 3 61 4046 4258 4283
8243 2 2 3 61 4045 4154 4260
8244 2 2 3 61 4268 4234 4323
8245 2 2 3 61 4232 4103 4260
8246 2 2 3 61 4240 4094 4297
8247 2 2 3 61 4150 4212 4283
8248 2 2 3 61 4270 4120 4305
8249 2 2 3 61 4121 4271 4306
8250 2 2 3 61 4154 4045 4265
8251 2 2 3 61 4203 4044 4231
8252 2 2 3 61 4094 4156 4286
8253 2 2 3 61 4157 4093 4287
8254 2 2 3 61 4106 4168 4325
8255 2 2 3 61 4167 4105 4326
8256 2 2 3 61 4114 4192 4333
8257 2 2 3 61 4193 4115 4334
8258 2 2 3 61 4168 4073 4325
8259 2 2 3 61 4072 4167 4326
8260 2 2 3 61 4156 4071 4286
8261 2 2 3 61 4070 4157 4287
8262 2 2 3 61 4089 4164 4248
8263 2 2 3 61 4158 4065 4263
8264 2 2 3 61 4067 4159 4264
8265 2 2 3 61 4181 1012 4277
8266 2 2 3 61 4043 4202 4237
8267 2 2 3 61 4095 4243 4296
8268 2 2 3 61 4089 4171 4234
8269 2 2 3 61 4080 4160 4321
8270 2 2 3 61 4161 4082 4322
8271 2 2 3 61 1009 1010 4218
8272 2 2 3 61 4160 4118 4307
8273 2 2 3 61 4119 4161 4308
8274 2 2 3 61 4247 4172 4304
8275 2 2 3 61 4084 4163 4335
8276 2 2 3 61 4171 4089 4248
8277 2 2 3 61 1020 1021 4261
8278 2 2 3 61 1005 1006 4262
8279 2 2 3 61 1016 1017 4248
8280 2 2 3 61 1013 1014 4269
8281 2 2 3 61 4238 4064 4252
8282 2 2 3 61 4104 4238 4252
8283 2 2 3 61 1031 1032 4270
8284 2 2 3 61 925 924 4271
8285 2 2 3 61 4192 1007 4333
8286 2 2 3 61 1019 4193 4334
8287 2 2 3 61 4177 4141 4313
8288 2 2 3 61 4142 4178 4314
8289 2 2 3 61 4173 4151 4275
8290 2 2 3 61 4090 4187 4237
8291 2 2 3 61 4172 4100 4304
8292 2 2 3 61 1030 4205 4291
8293 2 2 3 61 4206 923 4290
8294 2 2 3 61 922 921 4336
8295 2 2 3 61 1028 1029 4337
8296 2 2 3 61 1045 1046 4297
8297 2 2 3 61 1017 4171 4248
8298 2 2 3 61 4163 4069 4295
8299 2 2 3 61 4187 4134 4237
8300 2 2 3 61 4098 4169 4256
8301 2 2 3 61 4170 4099 4257
8302 2 2 3 61 4202 4090 4237
8303 2 2 3 61 1043 1044 4245
8304 2 2 3 61 4091 4203 4231
8305 2 2 3 61 4091 4186 4239
8306 2 2 3 61 4093 4207 4253
8307 2 2 3 61 4173 4061 4272
8308 2 2 3 61 4183 4084 4244
8309 2 2 3 61 4169 4098 4327
8310 2 2 3 61 4099 4170 4328
8311 2 2 3 61 4049 4167 4293
8312 2 2 3 61 4168 4051 4294
8313 2 2 3 61 1044 4207 4245
8314 2 2 3 61 4212 4093 4253
8315 2 2 3 61 4226 4045 4260
8316 2 2 3 61 4103 4226 4260
8317 2 2 3 61 4148 4221 4316
8318 2 2 3 61 4222 4149 4315
8319 2 2 3 61 4094 4173 4272
8320 2 2 3 61 1046 1047 4240
8321 2 2 3 61 4076 4169 4327
8322 2 2 3 61 4170 4077 4328
8323 2 2 3 61 4062 4232 4296
8324 2 2 3 61 4208 4096 4254
8325 2 2 3 61 4097 4209 4255
8326 2 2 3 61 4054 4208 4254
8327 2 2 3 61 4209 4055 4255
8328 2 2 3 61 1038 4210 4273
8329 2 2 3 61 4211 1052 4274
8330 2 2 3 61 4217 4112 4258
8331 2 2 3 61 4046 4217 4258
8332 2 2 3 61 4172 4129 4324
8333 2 2 3 61 4104 4173 4275
8334 2 2 3 61 1036 4177 4313
8335 2 2 3 61 4178 1054 4314
8336 2 2 3 61 4207 4128 4253
8337 2 2 3 61 4207 4093 4245
8338 2 2 3 61 4176 4089 4268
8339 2 2 3 61 4213 4098 4256
8340 2 2 3 61 4099 4214 4257
8341 2 2 3 61 4214 4078 4257
8342 2 2 3 61 4079 4213 4256
8343 2 2 3 61 92 1035 4300
8344 2 2 3 61 1055 85 4301
8345 2 2 3 61 84 1003 4302
8346 2 2 3 61 1023 91 4303
8347 2 2 3 61 4243 4104 4275
8348 2 2 3 61 4107 4269 4276
8349 2 2 3 61 4269 4139 4276
8350 2 2 3 61 1034 92 4300
8351 2 2 3 61 85 927 4301
8352 2 2 3 61 917 84 4302
8353 2 2 3 61 91 1024 4303
8354 2 2 3 61 4174 4076 4331
8355 2 2 3 61 4077 4175 4332
8356 2 2 3 61 4238 4104 4243
8357 2 2 3 61 4078 4179 4288
8358 2 2 3 61 4180 4079 4289
8359 2 2 3 61 4241 4049 4309
8360 2 2 3 61 4051 4242 4310
8361 2 2 3 61 4193 1020 4261
8362 2 2 3 61 1006 4192 4262
8363 2 2 3 61 4212 4122 4283
8364 2 2 3 61 4061 4212 4253
8365 2 2 3 61 4182 4064 4284
8366 2 2 3 61 4113 4225 4259
8367 2 2 3 61 4225 4047 4259
8368 2 2 3 61 4265 4100 4284
8369 2 2 3 61 4049 4179 4309
8370 2 2 3 61 4180 4051 4310
8371 2 2 3 61 4047 4243 4275
8372 2 2 3 61 4184 4076 4327
8373 2 2 3 61 4077 4185 4328
8374 2 2 3 61 1037 1038 4273
8375 2 2 3 61 1052 1053 4274
8376 2 2 3 61 4098 4184 4327
8377 2 2 3 61 4185 4099 4328
8378 2 2 3 61 4095 4238 4243
8379 2 2 3 61 1012 1013 4277
8380 2 2 3 61 4198 4078 4288
8381 2 2 3 61 4079 4199 4289
8382 2 2 3 61 920 919 4278
8383 2 2 3 61 1026 1027 4279
8384 2 2 3 61 4205 1031 4270
8385 2 2 3 61 924 4206 4271
8386 2 2 3 61 4273 4210 4326
8387 2 2 3 61 4211 4274 4325
8388 2 2 3 61 4213 4057 4266
8389 2 2 3 61 4056 4214 4267
8390 2 2 3 61 4098 4213 4266
8391 2 2 3 61 4214 4099 4267
8392 2 2 3 61 1040 1041 4281
8393 2 2 3 61 1049 1050 4282
8394 2 2 3 61 4194 918 4319
8395 2 2 3 61 1025 4195 4320
8396 2 2 3 61 4196 1033 4317
8397 2 2 3 61 926 4197 4318
8398 2 2 3 61 1027 4220 4279
8399 2 2 3 61 4219 920 4278
8400 2 2 3 61 4116 4241 4309
8401 2 2 3 61 4242 4117 4310
8402 2 2 3 61 4143 4194 4319
8403 2 2 3 61 4195 4144 4320
8404 2 2 3 61 4141 4196 4317
8405 2 2 3 61 4197 4142 4318
8406 2 2 3 61 923 922 4290
8407 2 2 3 61 1029 1030 4291
8408 2 2 3 61 4054 4190 4299
8409 2 2 3 61 4191 4055 4298
8410 2 2 3 61 4200 4054 4299
8411 2 2 3 61 4055 4201 4298
8412 2 2 3 61 4101 4200 4299
8413 2 2 3 61 4201 4102 4298
8414 2 2 3 61 1022 1023 4312
8415 2 2 3 61 1003 1004 4311
8416 2 2 3 61 1054 1055 4314
8417 2 2 3 61 1035 1036 4313
8418 2 2 3 61 4096 4198 4288
8419 2 2 3 61 4199 4097 4289
8420 2 2 3 61 4072 4190 4329
8421 2 2 3 61 4191 4073 4330
8422 2 2 3 61 1033 1034 4317
8423 2 2 3 61 927 926 4318
8424 2 2 3 61 918 917 4319
8425 2 2 3 61 1024 1025 4320
8426 2 2 3 61 1018 1019 4334
8427 2 2 3 61 1007 1008 4333
8428 2 2 3 61 4100 4265 4304
8429 2 2 3 61 4110 4293 4329
8430 2 2 3 61 4294 4111 4330
8431 2 2 3 61 4108 4223 4315
8432 2 2 3 61 4224 4109 4316
8433 2 2 3 61 4223 4056 4315
8434 2 2 3 61 4057 4224 4316
8435 2 2 3 61 4210 4072 4326
8436 2 2 3 61 4073 4211 4325
8437 2 2 3 61 4215 4143 4311
8438 2 2 3 61 4144 4216 4312
8439 2 2 3 61 4236 4058 4276
8440 2 2 3 61 4139 4236 4276
8441 2 2 3 61 1004 4215 4311
8442 2 2 3 61 4216 1022 4312
8443 2 2 3 61 4103 4232 4292
8444 2 2 3 61 4232 4062 4292
8445 2 2 3 61 4241 4081 4305
8446 2 2 3 61 4083 4242 4306
8447 2 2 3 61 4158 4241 4305
8448 2 2 3 61 4242 4159 4306
8449 2 2 3 61 4221 4057 4316
8450 2 2 3 61 4056 4222 4315
8451 2 2 3 61 4063 4280 4324
8452 2 2 3 61 4105 4273 4326
8453 2 2 3 61 4274 4106 4325
8454 2 2 3 61 4232 4095 4296
8455 2 2 3 61 4234 4060 4323
8456 2 2 3 61 1046 4240 4297
8457 2 2 3 61 4045 4247 4304
8458 2 2 3 61 4269 4107 4277
8459 2 2 3 61 1013 4269 4277
8460 2 2 3 61 4291 4108 4337
8461 2 2 3 61 4109 4290 4336
8462 2 2 3 61 4124 4268 4323
8463 2 2 3 61 4143 4302 4311
8464 2 2 3 61 4303 4144 4312
8465 2 2 3 61 4302 1003 4311
8466 2 2 3 61 1023 4303 4312
8467 2 2 3 61 4301 4142 4314
8468 2 2 3 61 4141 4300 4313
8469 2 2 3 61 1055 4301 4314
8470 2 2 3 61 4300 1035 4313
8471 2 2 3 61 4265 4045 4304
8472 2 2 3 61 917 4302 4319
8473 2 2 3 61 1034 4300 4317
8474 2 2 3 61 4301 927 4318
8475 2 2 3 61 4303 1024 4320
8476 2 2 3 61 4302 4143 4319
8477 2 2 3 61 4300 4141 4317
8478 2 2 3 61 4144 4303 4320
8479 2 2 3 61 4142 4301 4318
8480 2 2 3 61 4290 922 4336
8481 2 2 3 61 1029 4291 4337
$EndElements
