$MeshFormat
2.2 0 8
$EndMeshFormat
$PhysicalNames
4
2 1 "SD1G0"
2 2 "SD1D1001"
2 3 "SD2G0"
2 4 "I1-2"
$EndPhysicalNames
$Nodes
1822
1 12.7 0 0
2 9.010999999999999 8.949 0
3 0 12.7 0
4 13.269 0 3.166
5 9.43 9.365 3.166
6 0 13.257 3.166
7 14.094 0 7.564
8 10.081 10.011 7.564
9 0 14.029 7.564
10 15.285 0 13.631
11 11.084 11.007 13.631
12 0 15.09 13.631
13 16.823 0 21.126
14 12.452 12.366 21.126
15 0 16.396 21.126
16 18.848 0 30.59
17 14.325 14.227 30.59
18 0 18.041 30.59
19 21.357 0 41.89
20 16.706 16.591 41.89
21 0 20.006 41.89
22 24.535 0 55.729
23 19.766 19.63 55.729
24 0 22.426 55.729
25 28.379 0 71.89100000000001
26 23.488 23.327 71.89100000000001
27 0 25.298 71.89100000000001
28 32.856 0 89.96599999999999
29 27.817 27.626 89.96599999999999
30 0 28.615 89.96599999999999
31 38.278 0 110.589
32 33.022 32.795 110.589
33 0 32.654 110.589
34 44.742 0 132.741
35 39.187 38.917 132.741
36 0 37.604 132.741
37 52.699 0 155.625
38 46.791 46.469 155.625
39 0 44.019 155.625
40 63.085 0 178.783
41 56.856 56.464 178.783
42 0 52.95 178.783
43 76.334 0 200.521
44 69.95699999999999 69.47499999999999 200.521
45 0 65.03400000000001 200.521
46 93.07599999999999 0 220.49
47 86.806 86.208 220.49
48 0 80.986 220.49
49 112.623 0 237.739
50 106.692 105.957 237.739
51 0 100.165 237.739
52 135.245 0 252.909
53 129.779 128.885 252.909
54 0 122.784 252.909
55 159.65 0 265.642
56 154.563 153.499 265.642
57 0 147.475 265.642
58 184.082 0 275.791
59 179.062 177.828 275.791
60 0 172.36 275.791
61 208.755 0 284.033
62 203.285 201.885 284.033
63 0 197.567 284.033
64 232.217 0 290.293
65 225.629 224.075 290.293
66 0 221.545 290.293
67 255.261 0 295.059
68 246.688 244.989 295.059
69 0 245.05 295.059
70 275.921 0 298.186
71 264.62 262.797 298.186
72 0 266.047 298.186
73 293.462 0 300
74 279.035 277.113 300
75 0 283.797 300
76 0 0 300
77 0 0 0
78 0 0 -10
79 294 0 300
80 304 0 290
81 304 0 0
82 294 0 -10
83 0 284 300
84 0 294 290
85 0 294 0
86 0 284 -10
87 294 284 300
88 304 284 290
89 304 284 0
90 294 284 -10
91 294 294 290
92 294 294 0
93 11.74111549467061 4.840456912136597 0
94 4.880909168490672 11.72511100970476 0
95 12.27232738286221 5.062017119124761 3.166
96 5.099207704970965 12.24376968108157 3.166
97 13.04995013082416 5.399522963414992 7.563999999999999
98 5.417065928349343 12.97495665019861 7.563999999999999
99 14.18291466136661 5.932647931470212 13.631
100 5.889607485896499 13.99813265322562 13.631
101 15.65371762388359 6.695341143014617 21.126
102 6.534108527723367 15.27689599076366 21.126
103 11.75778881996581 11.67635599878182 17.32255497488576
104 16.04251988677448 0 17.32255497488603
105 0 15.7332516073684 17.3225549749052
106 18.28336308463069 5.241075676255758 30.59
107 16.70969024659442 10.27484213573879 30.59
108 9.792790838801064 16.05021201076578 30.59
109 4.995864709479602 17.52616321954152 30.59
110 13.37853624662146 13.28660008273494 25.80765458517111
111 17.82472765585076 0 25.80765458517117
112 0 17.20974913278162 25.80765458519469
113 20.75691869159142 6.20129261897099 41.89
114 19.14100148996205 12.22221798895991 41.89000000000001
115 11.36561523705875 18.04687164753832 41.89
116 5.769551262064046 19.50381575607519 41.89000000000001
117 15.4994094165482 15.39302430101636 36.1636356182254
118 20.08554440408207 0 36.16363561822538
119 0 19.01022070707098 36.16363561827077
120 23.91253491013358 7.466721230798651 55.729
121 22.28513603289832 14.78434768193677 55.72900000000001
122 13.42222077146926 20.58544602588214 55.729
123 6.784539198936614 21.97474048280844 55.729
124 18.20693932057781 18.08163875661306 48.67807165277005
125 22.91581867999879 0 48.67807165277008
126 0 21.19301737118257 48.67807165280811
127 28.01797865945321 6.778310265679925 71.89099999999999
128 27.05165408995968 13.4983440031364 71.89100000000001
129 25.59102315769574 20.12681877584665 71.89100000000001
130 15.95218275122389 23.68285638417778 71.89100000000001
131 8.038945091470238 24.95265453597776 71.89100000000002
132 21.58889393227406 21.44064988383052 63.644532437779
133 26.41764488867834 0 63.6445324377782
134 0 23.83259628520144 63.64453243782232
135 32.50317438492331 8.142480756892756 89.96600000000001
136 31.58170408876365 16.24156477277497 89.96599999999999
137 30.17070413966438 24.26737720921537 89.96599999999999
138 18.91367671571153 27.3309696717566 89.96599999999999
139 9.512709786563986 28.43778440897715 89.96599999999999
140 24.89474002114462 24.72399130304938 77.76460265238833
141 26.33743394050454 26.15668734355025 83.78832466496179
142 29.83383369708123 0 77.76460265238849
143 31.32585048547887 0 83.78832466496105
144 0 26.92511220098512 80.75746157154235
145 37.94380784998722 9.774246635628923 110.589
146 37.08888773449152 19.51774178378049 110.589
147 35.73824471625833 29.20118291622192 110.589
148 25.18855870841727 31.00796426152216 110.589
149 16.93653574098181 32.82313247285039 110.589
150 8.469441119540818 32.68894663325023 110.589
151 29.50592013784489 29.30323884582522 96.65775792560522
152 31.24050905049765 31.02583060173341 103.5304624684751
153 34.61533237029681 0 96.65775792560517
154 36.42223747777105 0 103.5304624684752
155 0 31.27159040441865 103.5304624685134
156 0 29.92557606854866 96.65775792564475
157 44.54221212570565 9.330955205684225 132.741
158 44.00533845933251 18.64879859261688 132.741
159 43.24291401721413 27.95081729468191 132.741
160 42.77936049761053 37.1598182881884 132.741
161 29.92953288178057 36.39532655432528 132.741
162 20.08354022219815 38.30642192739522 132.741
163 10.04799765049671 37.80602345433662 132.741
164 35.02041652252061 34.77947785091179 117.7696849646191
165 37.07489306798186 36.81962471406082 125.1518040943932
166 40.37333890858171 0 117.7696849478499
167 42.52745673575402 0 125.1518040857709
168 0 35.90814771689913 125.151804085808
169 0 34.25856800704386 117.7696849478859
170 52.52375137204275 11.10443527104183 155.625
171 52.05182217155286 22.20035456888128 155.625
172 51.36937900567185 33.28505928035644 155.625
173 51.00526225607425 44.26809244637032 155.625
174 35.7333208216812 43.33191719801767 155.625
175 23.92804017910136 45.27943220694664 155.625
176 11.97793479586697 44.4041256043871 155.625
177 41.65720336571384 41.37031086505404 140.1749997134397
178 44.19131929888085 43.88709723108209 147.8013422982101
179 47.3268774567311 0 140.1749997134391
180 49.97863448989962 0 147.8013422982108
181 0 41.82581855634331 147.8013422982635
182 0 39.6879498410256 140.1749997134887
183 62.98895523207185 11.08154438621944 178.783
184 62.72321720419264 22.16032298941136 178.783
185 62.33812293532962 33.23565563039944 178.783
186 61.61843910667331 44.29095975094628 178.783
187 62.67150423837077 55.01393113827747 178.783
188 46.19897719681263 52.49975112145334 178.783
189 34.73734234185657 54.33112929409046 178.783
190 23.17419997635046 54.26890257750708 178.783
191 11.60291858475934 53.32805775154841 178.783
192 50.0667245658664 49.72194257683405 163.1619328858752
193 53.4210952047757 53.05298425948665 170.8798181571978
194 57.79960627628186 0 166.9979867269531
195 0 48.40504993777675 166.997986727022
196 76.28088027020559 13.30779397175203 200.521
197 76.12954781954191 26.61483550677956 200.521
198 75.90636422150959 39.92087995566754 200.521
199 75.40301343405784 53.21683605882298 200.521
200 76.01479081091244 66.34420327643299 200.521
201 59.00946517199677 65.34013162247226 200.521
202 47.24526403702896 66.65010685674524 200.5209999999999
203 35.43353117151495 67.39996334400774 200.521
204 23.64805268242145 66.25641889774687 200.521
205 11.8374344455939 65.37910572605782 200.521
206 61.12664464605059 60.70530657886911 185.8691211598998
207 65.49293015745774 65.04159699860183 193.1139356356626
208 69.59946946757572 0 189.4714698683796
209 0 58.89164458046453 189.4714698684325
210 93.08132904146903 13.74905961677581 220.49
211 93.09140249974421 27.49811631039618 220.49
212 93.09927065562205 41.24717239815701 220.49
213 93.09564871494335 54.99621920896404 220.49
214 92.74085055232447 68.73936062542317 220.49
215 93.97145612891197 82.26101111522682 220.49
216 72.91284981416574 82.38585510762528 220.49
217 58.33625254014217 83.43748792188214 220.49
218 43.73322042337156 83.85355704690998 220.49
219 29.18596901553272 82.45670108883265 220.49
220 14.60879242157093 81.39986544592335 220.49
221 75.46962881304624 74.94967611898052 207.0544254120553
222 81.08531906177875 80.52670412847907 213.709996578115
223 84.58871489875094 0 210.3668010878723
224 0 72.8992020108517 210.3668010879324
225 112.667680143333 14.39098252298437 237.739
226 112.7923170319583 28.78148323146057 237.739
227 112.9776833630256 43.17133708328978 237.739
228 113.1963788519096 57.56072802288297 237.739
229 113.3998002722631 71.95031063254264 237.739
230 113.2844557518813 86.34074141530708 237.739
231 114.7564162598439 100.523473052014 237.739
232 91.84886957719195 102.8065166328261 237.7390000000001
233 76.52709661204992 103.3198957058732 237.739
234 61.19921088048726 103.6429364384198 237.739
235 45.9017005247294 102.7831720570153 237.739
236 30.62979254618318 101.4409424947027 237.739
237 15.32689586420035 100.5122160448498 237.739
238 93.33282315234827 92.68985811303057 226.1513281984741
239 99.96096696727456 99.2723388633564 231.9005413466016
240 102.736591436679 0 229.0148652832289
241 0 90.46471710058319 229.0148652832765
242 135.3201644987741 15.21124967719673 252.909
243 135.5197148032711 30.42132462752847 252.909
244 135.8285570209071 45.62960818240749 252.909
245 136.2109089818517 60.83623869108278 252.9089999999999
246 136.6401316274743 76.0416199840259 252.909
247 137.001729098267 91.24860413640532 252.909
248 137.1792779117025 106.4589836579988 252.909
249 138.6875063646479 121.5085449040527 252.909
250 115.5801162577268 126.8632400994653 252.9089999999999
251 101.1176225986088 126.8017012826322 252.909
252 86.65365651195195 126.854509768704 252.909
253 72.19022652429565 126.7282873151256 252.909
254 57.75679862152938 125.8348586625047 252.909
255 43.34425518297308 124.6179330479286 252.909
256 28.91165547725935 123.6638489776907 252.909
257 14.46226210889934 123.0164282667567 252.909
258 114.2904508921118 113.5031204164395 242.7317881506188
259 121.9857067837935 121.1453791371255 247.7881849053644
260 123.8266085151524 0 245.2519847570887
261 0 111.3671227568546 245.2519847571282
262 159.7444355890422 16.03685958013301 265.6420000000001
263 159.9776291134415 32.07220884333404 265.642
264 160.3552164828887 48.10487594684807 265.6420000000001
265 160.8379121008969 64.13473364445962 265.642
266 161.3821678017135 80.16262944177765 265.642
267 161.9654131711699 96.18916238134196 265.642
268 162.457107640016 112.2186687017716 265.6419999999999
269 162.8846744300303 128.2500885939774 265.642
270 164.3654205725366 144.1620478690798 265.642
271 139.2208374051923 152.8075434606675 265.6420000000001
272 123.7403385937336 152.4835069109846 265.642
273 108.2576894296209 152.2545402423983 265.642
274 92.77683594371454 151.924562020863 265.642
275 77.30614104643715 151.2976079514373 265.6420000000001
276 61.86788120820754 150.1060956264277 265.6419999999999
277 46.41879355506828 149.0630451857586 265.6420000000001
278 30.95727477332206 148.22508542362 265.6420000000001
279 15.48301194028135 147.675713175266 265.642
280 137.9562593982418 137.0061694168949 257.1101396028814
281 146.2173072337918 145.2105525440829 261.3543262591943
282 147.3542089524086 0 259.2268265761531
283 0 135.0351156830575 259.2268265761763
284 184.1853031176774 16.70638621594069 275.7910000000001
285 184.4169694882119 33.41137634748775 275.791
286 184.810572510467 50.11340880028502 275.791
287 185.3167114367053 66.81242116094775 275.791
288 185.9041735986641 83.50879455313951 275.791
289 186.5502311147939 100.2029993267969 275.791
290 187.2065921934679 116.8968084242082 275.7910000000001
291 187.7913475592323 133.5932688318025 275.791
292 188.3720863594024 150.2898742968419 275.791
293 189.7874072771906 166.8951265730399 275.791
294 162.9201808842802 178.5647323206975 275.791
295 146.6210882863596 178.0891375067332 275.7910000000001
296 130.3207797212516 177.6545331062882 275.791
297 114.022006040995 177.1658134699704 275.7910000000001
298 97.72626888300692 176.5878725193601 275.791
299 81.44780598778908 175.6476370030578 275.791
300 65.17714687049221 174.5752110638869 275.791
301 48.89565539032702 173.6806266283366 275.791
302 32.60490017479725 172.975956716862 275.791
303 16.30518288800158 172.5305921610739 275.791
304 162.6646084612572 161.5443909242796 268.9981869575615
305 170.8307664792798 169.6538834921588 272.3811143311241
306 171.7932873238121 0 270.6862953114509
307 0 159.8434391394484 270.6862953114833
308 208.8558950212847 17.26267290560045 284.033
309 209.0603159865752 34.52433682123365 284.033
310 209.4247430393113 51.78342402415332 284.033
311 209.8973567005617 69.03990124446514 284.033
312 210.4615156080496 86.29364013371578 284.0330000000001
313 211.0792476292279 103.5455488442738 284.033
314 211.7439175548109 120.795719000944 284.033
315 212.3990221407575 138.0462549362791 284.033
316 213.0314247655202 155.2976414612883 284.033
317 213.6653419427987 172.5489721955613 284.033
318 214.7482953015298 189.7611057403046 284.0330000000001
319 186.6383275430182 204.0891067958285 284.033
320 169.6673300995515 203.5714567572167 284.033
321 152.6973046374908 203.0227166182354 284.033
322 135.7278680887046 202.4560368835304 284.033
323 118.7591551086042 201.8684552679538 284.033
324 101.7962412286083 201.135352626326 284.033
325 84.84366985108993 200.1906975688691 284.033
326 67.88634477938527 199.3365045821802 284.033
327 50.9230901591042 198.6092233936188 284.033
328 33.95357510177757 198.0471606568556 284.033
329 16.97831013748915 197.7065387387315 284.033
330 187.0738241335286 185.7849191751764 278.5170642574637
331 195.147991903148 193.8037547460691 281.2643412568941
332 196.3467778289712 0 279.888041254261
333 0 184.8902255394939 279.8880412542749
334 232.3051768946615 17.61111229226923 290.2929999999999
335 232.4646603725309 35.22166639847475 290.293
336 232.7621712245261 52.83046203722522 290.2930000000001
337 233.1533954600524 70.4374379807754 290.293
338 233.6263921205432 88.04240854434028 290.2930000000001
339 234.1537919997768 105.6458438483553 290.2930000000001
340 234.7253262682302 123.2478985415799 290.293
341 235.3196009843165 140.849205159699 290.2929999999999
342 235.9101387158186 158.4506389303737 290.293
343 236.5131202615869 176.051652025126 290.2929999999999
344 237.0937920422496 193.6534093734627 290.2929999999999
345 237.0925205920419 211.1814424215516 290.2929999999999
346 208.8245209908733 227.644035766073 290.293
347 191.4200704031414 227.1946932417406 290.293
348 174.0185014333709 226.6404409319223 290.293
349 156.6170406979911 226.0827930324679 290.293
350 139.2152705221982 225.5349006783484 290.293
351 121.8149896286596 224.9419979988173 290.293
352 104.4192070126095 224.229905689434 290.293
353 87.02465462414247 223.4879169335239 290.2930000000001
354 69.62603109906539 222.8481342304823 290.2930000000001
355 52.22407935297775 222.3072467915288 290.293
356 34.81866923160509 221.8926700239057 290.293
357 17.41005864865095 221.6522302722484 290.2930000000001
358 214.4250809037738 212.9483008975448 287.1540573960627
359 220.4524838061497 0 287.1540573960659
360 0 209.521746684212 287.1540573960784
361 255.3213988226255 16.64581126864197 295.059
362 255.409185595062 33.29148735048333 295.0590000000001
363 255.5859802344301 49.9364572863112 295.059
364 255.8263594664606 66.5806360880291 295.059
365 256.1170274385618 83.22401443845065 295.0590000000001
366 256.4547105785888 99.8665073247993 295.059
367 256.8219718670523 116.5083767504066 295.059
368 257.21680482086 133.149613913377 295.059
369 257.6292048039345 149.7904256764454 295.0590000000001
370 258.0421104884764 166.4312256941951 295.059
371 258.4884766431832 183.0711626845551 295.0590000000001
372 258.9338823106124 199.7111254748237 295.059
373 259.3081915837995 216.3527878039686 295.059
374 257.5866082154426 232.6660102879865 295.059
375 229.9393179826957 249.8083476178047 295.059
376 212.2498969983205 249.5342930109985 295.059
377 194.5637361268745 249.0811700235678 295.059
378 176.8778187419595 248.6185283196091 295.059
379 159.1909713098515 248.1927972175347 295.059
380 141.5044171379427 247.755117817795 295.059
381 123.8187951274255 247.2815470014257 295.059
382 106.1344062449124 246.7636992954788 295.059
383 88.44881485294461 246.2891426540051 295.059
384 70.76176684511684 245.8722785128867 295.059
385 53.07316389818642 245.5278672600908 295.059
386 35.3831484633045 245.266362305846 295.059
387 17.69182441010537 245.1211651956462 295.059
388 236.1287564878008 234.5024612842902 292.669268551254
389 243.7064528944841 0 292.6692685512546
390 0 233.2643017829374 292.6692685512648
391 275.9541096703051 17.83391925904978 298.186
392 276.0018913970041 35.6678015075646 298.186
393 276.0990567403983 53.50148332817223 298.186
394 276.2317992993239 71.33493763573087 298.1859999999999
395 276.3925115637584 89.16816193892785 298.186
396 276.5795833247736 107.0011297502068 298.186
397 276.7839661855498 124.8339090379666 298.186
398 277.0038031300502 142.6665034831807 298.186
399 277.234580598696 160.4989599072664 298.186
400 277.4683800742366 178.3313766327632 298.186
401 277.7511520065163 196.1630837952337 298.186
402 278.034851828999 213.9947759540876 298.186
403 278.2226476422271 231.8276517222194 298.186
404 275.8522457658381 249.2014320549078 298.186
405 248.1567999227689 268.6147628539485 298.186
406 230.430903457389 268.596857025718 298.1859999999999
407 212.7061807477639 268.3324422727263 298.186
408 194.9818344071355 268.0431273198856 298.186
409 177.2567006227966 267.8072315250095 298.186
410 159.5315136424415 267.575148072146 298.186
411 141.8064002174863 267.3374823466714 298.186
412 124.0814917821381 267.0850519015896 298.186
413 106.3565364700264 266.8359777704005 298.1859999999999
414 88.63120460555842 266.6153165156481 298.1859999999999
415 70.9055618712554 266.4213403777727 298.1859999999999
416 53.17956279149519 266.263394292252 298.186
417 35.45325543069964 266.1451349287719 298.1859999999999
418 17.72667156650877 266.0818006081058 298.186
419 255.6289560094642 253.868129188966 296.6181328040149
420 265.5621460603976 0 296.6181328040108
421 0 255.519175403268 296.6181328040205
422 293.462 17.62171956079703 300.0000000000001
423 293.462 35.24343911175111 300.0000000000001
424 293.4619999999999 52.86515878589951 300
425 293.462 70.48687829749996 300
426 293.462 88.10859795198024 299.9999999999999
427 293.462 105.7303174824162 300.0000000000001
428 293.462 123.3520364573786 300
429 293.462 140.9737563054524 300
430 293.462 158.5954751502783 300
431 293.462 176.2171946819838 300.0000000000001
432 293.4763486298854 193.8389001846036 300.0000000000001
433 293.5409268498615 211.4605026539934 300
434 293.5881347265861 229.0821544734125 300
435 293.5020544525319 246.7034891103536 299.9999999999999
436 290.1490073035131 263.6445858784753 299.9999999999999
437 263.0187949468589 283.6471272292357 300
438 245.4873565785625 283.9212362619828 300
439 227.9525783308197 283.8895530358315 300
440 210.4178988310986 283.8170574720486 300
441 192.883096743906 283.7970000000001 300.0000000000001
442 175.3482697640657 283.797 300
443 157.8134425393553 283.797 300
444 140.2786150143125 283.797 300
445 122.7437881534363 283.797 300.0000000000001
446 105.208959191976 283.797 300
447 87.67413414999787 283.797 300
448 70.13930624910425 283.797 299.9999999999999
449 52.6044801980848 283.797 300.0000000000001
450 35.06965300753942 283.797 300
451 17.53482670300795 283.797 300
452 271.8274999999779 269.9549999999781 299.0929999999972
453 276.1995294118032 0 300
454 258.9370588235633 0 300
455 241.6745882354074 0 300
456 224.4121176472093 0 300
457 207.1496470590697 0 300
458 189.8871764708491 0 300
459 172.6247058827137 0 300
460 155.3622352945117 0 300
461 138.0997647062816 0 300
462 120.8372941180012 0 300
463 103.5748235297199 0 300
464 86.31235294143698 0 300
465 69.04988235315338 0 300
466 51.78741176486781 0 300
467 34.52494117655027 0 300
468 17.26247058828557 0 300
469 0 17.73731249995806 300
470 0 35.47462499993006 300
471 0 53.21193749987083 300
472 0 70.9492499998116 300
473 0 88.68656249975237 300
474 0 106.4238749996931 300
475 0 124.1611874996339 300
476 0 141.8984999995803 300
477 0 159.6358124996265 300
478 0 177.3731249996783 300
479 0 195.11043749973 300
480 0 212.8477499997818 300
481 0 230.5850624998336 300
482 0 248.3223749998854 300
483 0 266.0596874999483 300
484 4.233333333322931 0 0
485 8.46666666665539 0 0
486 0 8.466666666676733 0
487 0 4.233333333344325 0
488 301.0710678217876 0 297.0710678019434
489 304 0 265.8333333334231
490 304 0 241.6666666668461
491 304 0 217.5000000002692
492 304 0 193.3333333336923
493 304 0 169.1666666671154
494 304 0 145.0000000005329
495 304 0 120.8333333337247
496 304 0 96.66666666691091
497 304 0 72.50000000009715
498 304 0 48.33333333328335
499 304 0 24.16666666657693
500 301.0710677915254 0 -7.071067832205529
501 269.500000000185 0 -10
502 245.0000000002628 0 -10
503 220.5000000003109 0 -10
504 196.0000000004959 0 -10
505 171.5000000006809 0 -10
506 147.0000000006772 0 -10
507 122.5000000006254 0 -10
508 98.00000000057364 0 -10
509 73.50000000052179 0 -10
510 49.00000000046998 0 -10
511 24.50000000028871 0 -10
512 0 291.0710678217876 297.0710678019434
513 0 294 265.8333333334231
514 0 294 241.6666666668461
515 0 294 217.5000000002692
516 0 294 193.3333333336923
517 0 294 169.1666666671154
518 0 294 145.0000000005329
519 0 294 120.8333333337247
520 0 294 96.66666666691091
521 0 294 72.50000000009715
522 0 294 48.33333333328335
523 0 294 24.16666666657693
524 0 291.0710677915254 -7.071067832205529
525 0 260.3333333333333 -10
526 0 236.6666666666667 -10
527 0 213 -10
528 0 189.3333333333333 -10
529 0 165.6666666666667 -10
530 0 142 -10
531 0 118.3333333333333 -10
532 0 94.66666666666669 -10
533 0 71 -10
534 0 47.33333333333331 -10
535 0 23.66666666666669 -10
536 24.49999999996541 284 300
537 48.99999999991994 284 300
538 73.49999999984163 284 300
539 97.99999999972908 284 300
540 122.4999999996165 284 300
541 146.9999999995983 284 300
542 171.4999999996043 284 300
543 195.9999999996101 284 300
544 220.499999999616 284 300
545 244.9999999996219 284 300
546 269.4999999997572 284 300
547 301.0710678217876 284 297.0710678019434
548 304 284 265.8333333334231
549 304 284 241.6666666668461
550 304 284 217.5000000002692
551 304 284 193.3333333336923
552 304 284 169.1666666671154
553 304 284 145.0000000005329
554 304 284 120.8333333337247
555 304 284 96.66666666691091
556 304 284 72.50000000009715
557 304 284 48.33333333328335
558 304 284 24.16666666657693
559 301.0710677915254 284 -7.071067832205529
560 269.500000000185 284 -10
561 245.0000000002628 284 -10
562 220.5000000003109 284 -10
563 196.0000000004959 284 -10
564 171.5000000006809 284 -10
565 147.0000000006772 284 -10
566 122.5000000006254 284 -10
567 98.00000000057364 284 -10
568 73.50000000052179 284 -10
569 49.00000000046998 284 -10
570 24.50000000028871 284 -10
571 24.49999999996541 294 290
572 48.99999999991994 294 290
573 73.49999999984163 294 290
574 97.99999999972908 294 290
575 122.4999999996165 294 290
576 146.9999999995983 294 290
577 171.4999999996043 294 290
578 195.9999999996101 294 290
579 220.499999999616 294 290
580 244.9999999996219 294 290
581 269.4999999997572 294 290
582 294 294 265.8333333334231
583 294 294 241.6666666668461
584 294 294 217.5000000002692
585 294 294 193.3333333336923
586 294 294 169.1666666671154
587 294 294 145.0000000005329
588 294 294 120.8333333337247
589 294 294 96.66666666691091
590 294 294 72.50000000009715
591 294 294 48.33333333328335
592 294 294 24.16666666657693
593 269.500000000185 294 0
594 245.0000000002628 294 0
595 220.5000000003109 294 0
596 196.0000000004959 294 0
597 171.5000000006809 294 0
598 147.0000000006772 294 0
599 122.5000000006254 294 0
600 98.00000000057364 294 0
601 73.50000000052179 294 0
602 49.00000000046998 294 0
603 24.50000000028871 294 0
604 294 291.0710678217876 297.0710678019434
605 301.0710678019434 291.0710678217876 290
606 301.0710678019434 291.0710678217876 0
607 294 291.07106781737 -7.071067806360912
608 294 23.66666666664528 300
609 294 47.33333333326966 300
610 294 70.99999999986441 300
611 294 94.66666666645918 300
612 294 118.3333333330539 300
613 294 141.9999999997209 300
614 294 165.6666666664341 300
615 294 189.3333333331472 300
616 294 212.9999999998605 300
617 294 236.6666666665736 300
618 294 260.3333333332868 300
619 304 23.66666666664528 290
620 304 47.33333333326966 290
621 304 70.99999999986441 290
622 304 94.66666666645918 290
623 304 118.3333333330539 290
624 304 141.9999999997209 290
625 304 165.6666666664341 290
626 304 189.3333333331472 290
627 304 212.9999999998605 290
628 304 236.6666666665736 290
629 304 260.3333333332868 290
630 304 23.66666666664528 0
631 304 47.33333333326966 0
632 304 70.99999999986441 0
633 304 94.66666666645918 0
634 304 118.3333333330539 0
635 304 141.9999999997209 0
636 304 165.6666666664341 0
637 304 189.3333333331472 0
638 304 212.9999999998605 0
639 304 236.6666666665736 0
640 304 260.3333333332868 0
641 294 23.66666666664528 -10
642 294 47.33333333326966 -10
643 294 70.99999999986441 -10
644 294 94.66666666645918 -10
645 294 118.3333333330539 -10
646 294 141.9999999997209 -10
647 294 165.6666666664341 -10
648 294 189.3333333331472 -10
649 294 212.9999999998605 -10
650 294 236.6666666665736 -10
651 294 260.3333333332868 -10
652 11.04477781122277 8.144807757916631 5.379976887028209
653 14.42085818276069 2.864789639550319 10.5975
654 12.33756753512205 8.234069409999341 10.5936302506622
655 8.604546918437201 11.9374173736234 10.63220965677841
656 2.86367470718425 14.28989621590495 10.5975
657 15.65919293810342 3.666078822532763 17.30266976379273
658 13.90263894642591 8.604167139180241 17.33604992894737
659 8.469329597449065 13.62419521888551 17.37747967651837
660 3.631991247713089 15.36542359712339 17.36547774315672
661 17.47526201215358 4.564753216481945 26.38532760706871
662 15.55570856005344 9.463918303747697 25.0358512439813
663 9.93399280276407 14.8166326700643 25.71876544268362
664 4.506862226092361 16.87089955228928 26.52422569905476
665 19.88522104816566 3.415650383889373 36.20289994939648
666 17.25248823390093 12.19755862278763 35.2953414001293
667 18.86930630927611 8.177554229721663 36.03289843793893
668 3.201041041843659 18.83697499925405 36.21762993781373
669 11.72659561920157 16.27803783489987 35.36159126459221
670 7.836854408694757 17.93997795581822 36.08344048938734
671 22.71777996690257 4.115988043247206 48.79739118603869
672 20.0548581238108 14.41234197882382 47.68518518330268
673 21.6186002910767 10.05750605999951 48.67888142710711
674 3.680659742154652 20.45813753761295 45.54120212644251
675 3.788568149593019 21.4307445217855 50.99517749127472
676 8.368050044404146 20.32911417800786 48.50169187633752
677 13.42595502985524 18.63145645876669 47.81504721511069
678 26.25756569745089 4.318985580934017 63.71356685314004
679 24.78031573015387 19.04423593293689 68.24739590744926
680 23.96941703034788 16.34613076730589 62.97744986088044
681 25.41240236149658 10.53340532771452 63.64483555314272
682 4.353652557540886 23.71083048651744 63.77198899991238
683 16.13016493793512 21.28747097409023 62.64445810021343
684 10.88319180726566 23.03264130986008 63.55075554742032
685 31.10530682112415 5.923191864153993 83.76316336488195
686 29.72875955639668 3.809943792666262 77.75435744216577
687 29.21515115465725 9.31927876078376 77.64256990132537
688 30.10721972541942 13.56801146041934 83.14737629075414
689 28.17342317151339 15.21120714355074 77.00754968526198
690 29.80079797935024 20.04222761163516 85.7930326497995
691 28.14502883583716 20.61932248128936 80.6993166641556
692 5.139162691896894 26.85717311415895 80.91304758615249
693 19.59937079444423 24.43718504072399 79.73001051034703
694 12.90399029397861 26.44070108960005 80.71737742004538
695 34.61998484470174 11.67938507889131 98.9040143634938
696 35.38917611129163 17.73701949970089 103.9300420006403
697 36.53204855152311 5.151008238544483 104.3569608724913
698 34.69200893754507 4.374460411381893 97.29385157240506
699 33.07308767447353 20.02287553788642 96.88168113074582
700 34.17239197071797 24.80272346098579 103.2486348157846
701 34.41068052519281 30.69738128739104 99.69062641016011
702 31.91224206186169 25.73690833681183 96.40249769473596
703 23.53358792969251 29.62467425036722 103.6675103320829
704 22.26207741965105 27.96247250690119 96.17214767821579
705 16.65957009997348 30.72187695965727 101.3676446055275
706 15.50349824434506 29.35107932877109 94.95435690217661
707 5.021297149971497 31.15138228980794 102.9576337374556
708 11.23203272905347 31.49883539739485 104.7465740364674
709 10.41168722728594 30.16892576908191 98.34466727357703
710 4.955083760572132 29.69095150724299 95.61777069801238
711 42.91170565906286 6.170454396157827 126.808477114274
712 40.61381581133112 6.603077824000607 119.0443666625802
713 42.11904484792839 13.73581950655717 125.3933947388994
714 39.6630580521858 15.55638656208799 117.7233418524716
715 41.22403211617093 22.56133680373583 124.727969037138
716 40.61587197529054 31.3321248620288 126.3098483034045
717 39.34759145410204 28.03245939243055 120.9697362984563
718 38.55024845004773 22.97516861945091 116.3695884414559
719 39.19651748124303 33.30806271979061 122.053503981564
720 37.90110741099335 29.74877783664379 117.4391190172842
721 42.300141047751 38.14310236481768 125.8247038543385
722 6.370062582329082 36.14384569522134 125.8989792755889
723 10.97820701133736 34.69417817709562 119.0975073099796
724 4.331316170844691 34.35886462211558 118.1214256683629
725 17.77530613881919 35.62738602485254 121.8936981785923
726 13.26346031971442 36.53247266970546 126.697875740893
727 29.39660864111892 33.0332050774287 120.8794093642315
728 22.45100541854057 33.86178378379032 117.695597972581
729 23.74019563970302 35.63353130781314 124.8902365399325
730 48.93777823609843 27.92661048935641 147.993452216193
731 49.95558785150828 19.26061258288589 149.3543518148923
732 46.84971684353378 22.05702173440523 141.2188553245633
733 45.91661339840108 31.04990215488375 140.7117555869211
734 47.77602553732911 35.65699112256685 147.1139227411515
735 48.98713390993893 13.40515019780277 145.8317963490094
736 47.49911442683324 6.356026548631496 140.8987358333347
737 50.45289495667753 6.380258542238026 149.3603837884106
738 46.57383635403776 15.08159812423633 139.2646600960553
739 48.95845555485591 40.90839206186055 151.2472762547546
740 45.31682516844823 37.53742087378267 141.0451852666696
741 48.73025400488996 42.96973173811006 145.1629770791023
742 16.32634731885543 41.37407485951208 144.0903713714725
743 5.635996150430869 39.99638622913371 140.9974872857057
744 6.602491295050384 42.18315637820993 148.6591668548166
745 37.07178938509286 39.41027976430629 142.5767511234754
746 27.06570632721419 41.09679907218917 144.0270193599328
747 57.79891937493015 7.029964840305016 167.1176908741846
748 56.84981917717761 34.8479708193047 167.2752738825996
749 54.93216672448784 41.58648405142392 164.7281736770982
750 57.58452352534579 16.88512970295075 167.1683686934455
751 57.172049218288 27.15828209926857 167.1561514037494
752 58.93969222097376 40.17400014831142 172.4844303462436
753 57.18410024790831 50.40382532554271 165.4489719826773
754 58.28988331668673 47.57457399774741 172.4758383764299
755 60.66163500751447 54.16565691435521 170.8144816858253
756 7.275070049634463 48.59721579508286 167.0984504532098
757 42.21912077427496 49.29129994638407 170.6636149747169
758 42.19989710037455 45.96000967497721 163.0425560176861
759 29.57351809663794 49.72219097277831 166.9482735859316
760 18.09621207842756 49.20796690716773 166.9307934571809
761 65.8869830252829 50.26362850670466 185.9150688549363
762 69.3865883922757 57.6849135745647 191.6524484701377
763 72.20174844087649 65.75993965449516 192.3831920529001
764 66.1299664241552 62.24561706973179 186.9585444237193
765 67.78404101223181 40.55697626240124 187.7414350156892
766 71.21413101222993 47.61467535013153 193.571970642999
767 69.62676191169167 7.930093118454724 189.5711350404445
768 69.46902539348221 18.97459554795681 189.547234428518
769 69.05889223837049 30.19787275018006 189.2828786684694
770 7.399391456325054 59.09874492983322 189.5774586752124
771 29.30454222471253 60.84572650391497 189.5472339059525
772 18.08046570030687 59.69164485979107 189.4674234963446
773 40.37359443189128 60.43017483402379 189.5102693651253
774 50.22994946549765 58.50194313912991 188.6979678376298
775 56.12276549670971 61.7538826831095 194.46896424737
776 85.81521586572244 63.80258600922149 212.6047323463389
777 82.93323641272784 56.72694600950608 209.0219190595234
778 85.41344211337076 72.70603510267034 212.1010905791227
779 84.73319134016144 8.420772713575289 210.5487060930625
780 84.69944420167694 19.75578513822306 210.5481938317571
781 84.61830150629622 33.91303790915771 210.544756217715
782 84.45165414627479 46.30469153711338 210.4620358585454
783 9.411010637204976 74.49771148149505 212.1269221555066
784 52.54825846225888 75.25607495862619 210.7209630928488
785 40.11947204858269 75.63587913325793 210.4910464143859
786 64.29663806390869 73.79206108631121 210.3424240946053
787 30.09863079294023 73.58409990850252 209.0889221954788
788 19.80499222453647 73.89891599641443 210.6095957572271
789 104.1836041342219 89.32669916780081 229.8187971184372
790 102.7953433390762 75.26997097055751 228.9069218524252
791 102.9241151009324 9.134661797203075 229.1674453747977
792 103.179146153418 49.36225011716788 229.1656794410014
793 103.1070638287732 62.35402572670341 229.0129753297108
794 102.9127208550784 21.89055045158925 229.1132470762423
795 103.0708002164359 35.26453554396444 229.1723127406929
796 81.04472078336659 93.22782834011099 229.6190069310449
797 9.061248933088915 90.59473067565881 228.9981194069458
798 67.38170498909122 92.88981157279079 228.7231330139294
799 52.50451852381129 93.64679292052735 229.0014285138842
800 37.46296195567597 92.69106269540518 229.214090138001
801 21.6686709101126 91.44552188867081 229.2134392574023
802 124.978097074724 66.74867350165113 245.3762393172744
803 125.1368693627819 80.33276557118464 245.2987196251719
804 124.0615476922416 9.758258242724304 245.3858393123878
805 124.1599010543577 23.55700614792828 245.376707109817
806 124.385088041072 37.09013619045761 245.3930958506638
807 124.6636500737127 51.92089766959998 245.3863532916047
808 127.0127169907223 110.5922978704676 245.7992481227127
809 127.8083953261689 100.1328523807377 246.9533174289074
810 123.6073966872909 91.68480927374368 244.3043585807976
811 9.222715889101931 111.5573758061758 245.2934416579921
812 107.5366758859512 117.7643806440487 247.1494335278519
813 94.04923418893532 114.628152685393 245.1632384633538
814 37.28581517417102 113.0007564766789 245.2853480057101
815 21.59309653482368 112.0853175537236 245.3459541651394
816 81.01192548071649 114.8861743570771 245.1570097274211
817 67.10872042941637 114.8873949726976 245.1145510018253
818 52.16624613462234 114.1621984668278 245.1963356171858
819 149.9047010243213 118.3712806160226 259.2003035687227
820 149.7962442367314 103.2837612568523 259.3008127672062
821 147.5957685581405 10.31009236006019 259.325643824905
822 149.3133423672053 86.06158797601819 259.2874413302968
823 147.7302045973024 24.90252996474812 259.3209492427719
824 148.0273279925664 39.13342061196169 259.3343397006721
825 148.4178151520464 54.77825708663175 259.3305113679802
826 148.879160340983 70.41655840047741 259.3282629322309
827 151.3480870188883 132.4552382085357 259.2532471744406
828 9.707220990152674 135.3902955079093 259.3496790741075
829 92.64206218254783 137.421204516335 258.2321593618051
830 102.2379096514978 141.3541059389726 260.1631847636933
831 129.0773916727663 140.3769874496608 259.5041422700597
832 115.4388482858076 138.7263113618182 258.821420120862
833 137.8550693737292 147.0927819287117 262.6228006567608
834 37.48436459748671 136.5289580736181 259.3671216266777
835 23.26513892440314 135.7137070390741 259.3201726518772
836 52.46124356384604 137.5439376040058 259.3742323037227
837 67.43615266532876 138.6533978139897 259.3074394622327
838 81.21940163043021 139.2273769227615 259.2450789563684
839 171.9477801595957 11.61260812517704 270.7224150385558
840 180.3706285355863 162.3373324188928 272.0555387415601
841 172.1594443281377 26.01329911933049 270.7504038568416
842 172.4306219619757 40.98529946813423 270.7384567857378
843 172.9136756284092 57.36198719434972 270.7548705927438
844 173.4459361372502 73.7502554202779 270.7517760808208
845 174.0374211221219 90.12243772883603 270.749609371067
846 174.6330585038491 106.4696941774537 270.7389621265889
847 175.172905753861 122.8498267999492 270.7403113900236
848 175.8758742784203 137.6412500121016 270.8419709490538
849 176.4698113385086 150.0844424236276 270.8664052399851
850 170.8056354964558 157.3433728797451 268.919064484654
851 10.47169708411219 160.1384161087913 270.762356749471
852 39.77534080818278 161.0917312087991 270.7746098738008
853 25.28966812616863 160.4663487382415 270.7635481796005
854 71.55505304954369 163.0190152754884 270.7697496852078
855 55.66812105743639 161.964750214106 270.773879632627
856 126.7527661053092 165.1419982200904 270.7294569399621
857 87.45046613212335 163.9818995470284 270.7261130218492
858 101.8934221514733 164.4903663556039 270.7152608457496
859 151.2312195774343 165.7098181440672 270.7232216726038
860 139.6622785377738 167.3271360096339 271.5047245237895
861 113.6805995576334 163.2558317490476 270.0840458294882
862 205.0433454859351 184.9031332786323 281.086463720134
863 196.5435511328866 11.17604768098665 279.9314898337133
864 196.6636477486029 26.9650735119504 279.9258601255051
865 196.9415701583199 42.51742590617126 279.9218467768079
866 199.2238777087913 156.5637618180095 279.3679578683563
867 202.8687179016845 169.1870690257027 280.4336136190389
868 199.8557583836639 127.4345027305628 279.9301650732658
869 200.3864503635715 142.483940126364 279.9277072784743
870 195.1365043763283 181.670134272171 278.6983983496109
871 197.9098014136329 76.53166563024013 279.9192063096184
872 198.5119528050125 93.54619284122217 279.9186243007807
873 197.3757469084782 59.53459694477515 279.9210097864442
874 199.177944995744 110.5168537631413 279.921560929692
875 10.94276905963942 185.1441348529552 279.9401032767482
876 154.2969443069412 191.891003428964 280.3031735068274
877 170.3970394951767 189.3436392399863 279.2987199593395
878 41.64198361311665 185.8428390792543 279.9268842561746
879 26.40301588146522 185.3999357301273 279.942147922864
880 181.3530079484675 195.5520499332564 281.239835477505
881 91.55544921351203 188.4810494083994 279.9339390471268
882 74.90769973928619 187.5238183851287 279.9567856947749
883 58.29141052906826 186.5876645295365 279.934196763833
884 108.175723823795 189.2764602477406 279.9273036063163
885 124.7711447671299 189.8035268629478 279.912
886 140.2640439221051 187.6463546553304 279.0274691745419
887 225.3632557487826 184.0841524523898 287.1483403588314
888 223.2211950640682 202.9159666304248 286.8186482752002
889 220.5788068623279 11.13916327901135 287.1713878205002
890 221.7766635976777 78.7729878266974 287.163
891 222.3223546278343 96.12782293008141 287.163
892 220.6507994804185 26.50074079322233 287.163
893 221.3004648382521 61.34198371421887 287.163
894 220.9171904631548 43.96667062707047 287.163
895 222.9182254048096 113.5936953850058 287.163
896 224.8139362064485 166.7953476508556 287.163
897 224.185750467123 148.719226701352 287.1660170289196
898 223.5375284246645 130.7610018566024 287.163
899 197.5465822591572 215.0753217323798 286.9483320821415
900 180.5681926035151 215.3623390828898 287.1569996454581
901 163.6288660272946 214.8289114546055 287.159775808727
902 11.30524886509249 209.6837511854921 287.175984957744
903 27.2768927203922 209.8619699553226 287.1752150446497
904 43.01437327603544 210.2180659216712 287.1710185676421
905 60.23181519694067 210.7754491183074 287.1707101752925
906 129.0335952173476 213.7257210992105 287.1673625402304
907 111.808063589213 213.0981332251761 287.1730031469359
908 77.42493477929237 211.4635457381719 287.1704552392769
909 94.64416041089062 212.2555934147808 287.1672795951782
910 146.1379450205558 214.2821663580454 287.1660803613717
911 247.684159604246 188.4924182678858 292.6603977829538
912 248.0049217087001 205.439210322868 292.6274220834688
913 245.963166328944 223.1153000424572 292.5366831789904
914 243.697953563938 10.6833866381037 292.6576131592804
915 243.8536899260205 25.10345657947369 292.676
916 247.2549328867539 172.1650901875362 292.6752420008643
917 244.0289051292245 42.31747138620045 292.676
918 244.3001725582132 59.49422627459361 292.676
919 244.6410264628656 76.6966409374171 292.676
920 245.0446236397902 93.8804710444341 292.6759999999999
921 245.4887799520591 111.0635014006814 292.676
922 245.9680186131001 128.2375945258205 292.676
923 246.4673327900243 145.4007782758116 292.676
924 248.6131967424405 158.4454146065344 293.0602051607998
925 218.9441669991211 236.0690035657474 292.0995913279677
926 228.586778499932 242.7912260137285 293.5673514719589
927 201.7012530387925 238.2198659262795 292.6444150431881
928 183.9860515514317 237.736471604436 292.6498076579733
929 166.4711188493739 237.3066987028243 292.6663556580795
930 11.21192300460095 233.3812050694078 292.6815524075936
931 26.68124936753651 233.4602202075462 292.6759999999999
932 44.22098776303471 233.7329262772457 292.6760000000002
933 61.77075866503546 234.1209011305948 292.6760000000001
934 79.21843226322417 234.6034079586581 292.676
935 96.79262819853793 235.1620849656015 292.676
936 149.7327478539698 236.9297373916012 292.6846120220684
937 114.2182427789613 235.7899486220521 292.676
938 131.8520065191117 236.3727869947605 292.6760000000001
939 265.7324152699962 11.04907807678301 296.6391539034315
940 265.9143173908065 26.33700272691888 296.6601770093862
941 265.8536725803249 42.79395325692496 296.6361469229722
942 266.0122956230593 57.95754226245469 296.6390458092204
943 268.7644650076465 224.0950984345354 296.6225
944 264.4026071405955 240.4365117817296 296.3168993721094
945 246.8942411694361 259.687684711367 296.8540912426237
946 11.3044296619501 255.5857908433515 296.6229938451229
947 26.89278173304959 255.639871629518 296.6225000000001
948 221.5713110085488 258.9650337348721 296.6041523333342
949 206.686471070125 258.8561973401704 296.635196288715
950 168.2212128026469 258.0149108863715 296.6225
951 44.61879000146584 255.788926373463 296.6225000000001
952 62.27872582272095 256.0059349494692 296.6225000000001
953 79.96702036804504 256.27948336803 296.6225
954 97.62021258917949 256.5985960943415 296.6225
955 115.3029980524306 256.9616511893674 296.6224999999999
956 150.693381088306 257.6880748698562 296.6225000000001
957 132.9314717745299 257.3396701829392 296.6225
958 185.0502185018215 258.3241883988382 296.6225
959 284.7000145825974 8.561710966922153 299.093
960 275.7076125857879 265.0991863642345 299.0044898296045
961 260.3544279824748 274.7284667658521 299.0288467998121
962 26.11025804536991 274.9490433196588 299.093
963 11.06826367776059 274.9200274186638 299.0916832870028
964 146.7310000003965 141.8405977834619 300
965 208.9654186945221 82.58805472813265 300
966 87.56117548521976 83.93925487122365 300
967 206.8542450700106 197.7106708146647 300
968 84.52929404555661 199.2260262370565 300
969 146.7310000003966 64.73567510717797 300
970 148.4240926986144 220.0289301202249 300
971 235.0284751508709 137.5591700499627 300
972 58.4520336572926 137.6158469072859 300
973 241.9782908299722 50.34558972556025 300
974 51.46750991466454 50.35006370455603 300
975 244.7009306927703 233.0763998515586 300
976 51.50243173370792 233.4015190453194 300
977 191.5080545904118 128.5186983380219 300
978 102.2410644548732 124.3179703504356 300
979 187.2836027729367 45.01723831225484 300
980 106.1692687808396 45.02332381100235 300
981 187.3312205414886 238.8975001085155 300
982 106.2896506794421 238.718916523467 300
983 171.9216826061171 180.2219157828595 300
984 121.32311215671 181.1152928454051 300
985 249.7309161064693 182.1860367399527 300
986 249.6011114809517 101.5670437475125 300
987 43.82335707935877 101.6042457282059 300
988 43.834605492858 182.226813026566 300
989 157.9256213239576 105.8826752382051 300
990 120.2367891223225 91.17500612366423 300
991 201.4583713837159 162.9949826211769 300
992 91.84902467150519 163.1041134764577 300
993 157.1904064061658 31.61924830914589 300
994 137.2827144624968 250.7029999632123 300
995 174.4926952916589 71.34705929727458 300
996 216.8863737435899 31.61276746207698 300
997 76.5621688579574 31.61967357469793 300
998 216.7235553869929 253.0390803206006 300
999 76.63392833527763 252.7523203276122 300
1000 262.7693218767384 131.509571803639 300
1001 30.76637824027718 131.5581110876067 300
1002 218.0113027326079 114.1509540984202 300
1003 75.43818422561367 114.1676421805539 300
1004 179.6519357581786 209.1185746310838 300
1005 263.5106095228956 70.75971561226341 300
1006 117.3331621046652 210.0434997485123 300
1007 29.96930740338018 70.88738265489968 300
1008 263.3928138372612 209.5430265119928 300
1009 29.9779583440825 212.9348708146769 300
1010 118.4611960604792 151.3428744841917 300
1011 266.7453901664077 27.09781188814268 300
1012 174.0833226390497 151.9389225661765 300
1013 26.68264696729725 27.10493746717686 300
1014 26.70721048690412 256.7409969254869 300
1015 128.2997919781894 26.45483566424587 300
1016 131.5936061989699 117.8435724648135 300
1017 165.042407236812 256.3969358079073 300
1018 263.9522605150771 255.6060944072838 300
1019 265.4695950937634 159.0330628666226 300
1020 233.7297806008742 77.25551428048705 300
1021 28.025962824589 159.0783315595059 300
1022 59.72807523936951 77.25875894560292 300
1023 234.4165402519163 205.6849433632943 300
1024 59.08787855428202 205.7492140729603 300
1025 212.0718676313109 57.74819770791064 300
1026 80.1269388953103 57.98097456481216 300
1027 212.2864710345874 225.7090720610179 300
1028 82.302902181222 225.8904373246339 300
1029 223.7505002706408 177.2292073672411 300
1030 69.73783366679802 177.4261002553895 300
1031 121.9646659868466 65.29565908082095 300
1032 147.1914643184412 193.35198806 300
1033 145.080503694944 166.5408689799741 300
1034 187.6065930653874 100.2362563114179 300
1035 240.5257805433193 24.22200708198566 300
1036 52.91260170731768 24.34686606337856 300
1037 240.5830084602852 259.6198928360421 300
1038 52.67043357134773 259.9892044708118 300
1039 164.5267791508992 124.2457034381985 300
1040 175.6681248558186 22.58617659519529 300
1041 118.044251510983 261.4508710869672 300
1042 206.1113438901292 137.3608000315542 300
1043 86.42535234521412 138.4172515636346 300
1044 100.8739745685756 28.25204500656779 300
1045 100.9186051467194 100.9337362964057 300
1046 270.104808403363 51.56415928021836 300
1047 22.79138302380878 52.13206835495753 300
1048 194.9509902265777 258.0352443901632 300
1049 22.80369992036493 231.7140295110136 300
1050 191.646090500946 183.918143324036 300
1051 165.5561988632594 237.2625000886041 300
1052 101.1065552413887 183.2983261524201 300
1053 272.9806559967855 230.8229673597783 300
1054 270.2041935917393 98.19962611240639 300
1055 167.9666374329413 56.84941095627057 300
1056 20.20411985010815 99.42580745780984 300
1057 15.19023997862512 186.2246527001339 300
1058 278.2570470611241 185.3298062374589 300
1059 127.2934200952725 230.3436601051722 300
1060 249.5730472237888 164.6132968682501 300
1061 140.1464959096713 86.24363310641095 300
1062 239.0333183989366 120.9807902756544 300
1063 43.85168416983337 164.6993014662961 300
1064 54.41010513037237 121.0233498060591 300
1065 200.8570889016696 19.21306782665497 300
1066 133.3791548173014 47.15100430523304 300
1067 100.3485427289572 72.54447612410556 300
1068 230.0647291461905 96.2438797151115 300
1069 93.18041591980113 263.0294388811981 300
1070 63.80316120877317 96.10266751661879 300
1071 190.5715746948297 66.40201508552856 300
1072 218.7526821344965 163.617907438426 300
1073 97.18683682583091 213.6471735067601 300
1074 74.67066826741646 163.7053031675526 300
1075 277.6679296255085 114.4158173601532 300
1076 18.13165465866846 116.8593735371918 300
1077 144.5782433264585 17.41129581241672 300
1078 148.9909319862047 266.3704914975947 300
1079 160.9408129759716 205.9434767055735 300
1080 182.4727143209105 167.8330617615306 300
1081 110.7994435340405 167.8240255737575 300
1082 129.3000940394347 136.1727649963202 300
1083 224.6173856987199 46.97038838058276 300
1084 69.13614075452402 46.82067773456772 300
1085 175.5657133367977 109.7018117394905 300
1086 157.8617337189684 78.57236938879694 300
1087 224.5876972881968 237.0996278399395 300
1088 197.5721893829089 213.3979362892483 300
1089 69.00413436434479 236.7870056876272 300
1090 275.4442249878416 143.7698652884666 300
1091 18.12821511069643 143.7751144154633 300
1092 250.9399410196071 146.2731895178438 300
1093 42.54788105146603 146.3282488488954 300
1094 190.5936365758583 143.3111797259084 300
1095 113.1208162859092 15.55899223652264 300
1096 101.7178939458121 143.6615075373325 300
1097 116.5610288185756 109.1423018281494 300
1098 130.8043874651441 196.791269769292 300
1099 148.2692570750003 118.7925260298208 300
1100 146.8126697472575 237.0989379902299 300
1101 161.0847431531336 14.32334414335158 300
1102 133.4680602254867 269.2236725095549 300
1103 178.7748432178755 267.4616153662828 300
1104 207.9217132795134 96.37651607814954 300
1105 235.9899673785802 188.2378472072785 300
1106 254.5841318356129 268.2104337057511 300
1107 217.9896792626902 15.0255313734191 300
1108 77.68111764729515 14.65159939858145 300
1109 278.583803039034 202.4085211888461 300
1110 163.4053760816307 166.9199387893455 300
1111 57.51124798968977 188.3275205354703 300
1112 220.3428429240295 270.2080609077315 300
1113 135.900275439298 153.6241686636398 300
1114 170.3652739124854 92.71565858674997 300
1115 143.2590188031049 103.6204092684994 300
1116 67.61113953939821 266.11941757489 300
1117 204.0077237514058 41.77185523289791 300
1118 105.1045840859202 85.47789501627069 300
1119 87.96251265011419 41.34107605219469 300
1120 248.8804661042344 83.83273972492012 300
1121 249.2290018172544 199.9486055003376 300
1122 44.36754782648084 84.08406674686184 300
1123 15.77824232503652 80.26962831434315 300
1124 14.94538448137867 203.8482492643992 300
1125 278.2408679490944 82.22024885404919 300
1126 276.6533564303405 16.82155756488687 300
1127 44.31609586966962 200.6347221523207 300
1128 16.79427435949045 16.81316429069395 300
1129 203.9973313265168 241.3442316423594 300
1130 150.8027927295897 49.81483487620547 300
1131 89.68101194859715 242.6393490845691 300
1132 172.0913869202122 41.26348996516599 300
1133 15.39629091218738 170.3448328623073 300
1134 192.2197350448599 83.3902202324507 300
1135 16.78263093673009 267.0046263692586 300
1136 246.9709145678605 66.0578272174196 300
1137 254.3256591006034 18.30661733746805 300
1138 46.46248647001447 66.10402658135965 300
1139 39.11432438555006 18.32901246060651 300
1140 247.7221353672451 215.7206170065337 300
1141 46.01420752803307 217.855122297981 300
1142 209.5715802754996 179.143574466868 300
1143 278.2844850911959 169.5494492424912 300
1144 219.2394226895423 72.3026345418137 300
1145 82.47041396278709 179.6564494216196 300
1146 74.14639090429093 71.85471444325452 300
1147 41.90670167548285 268.1824495179673 300
1148 217.583033929494 209.4383223031801 300
1149 257.9898268058015 116.2011123732996 300
1150 74.6475362756396 211.397547477706 300
1151 121.6907327433483 245.7229040342117 300
1152 35.36862565074208 116.8483361793713 300
1153 206.5227012308899 124.5744755227755 300
1154 220.7137914599728 130.0866657697005 300
1155 85.55616733316504 123.7248195590023 300
1156 72.35965377016362 130.0603677892569 300
1157 180.5150118266788 224.7056926746263 300
1158 81.64182826052593 98.58836012463777 300
1159 176.340053364034 195.0607050113604 300
1160 113.9927755768205 193.9927377882185 300
1161 277.9501363204329 245.9224792509694 300
1162 277.8393687119089 37.75934284555093 300
1163 162.0380195869721 140.8329419807735 300
1164 15.63142285203406 37.79650987670534 300
1165 279.4300546827861 218.4143498059654 300
1166 15.64930744341191 246.0663450286912 300
1167 176.7571044352808 135.3040341359245 300
1168 133.3432064570516 212.5543655838583 300
1169 109.7951465954057 223.6047037079897 300
1170 251.1027389413487 35.82604530995237 300
1171 13.7077865504451 65.49005336477656 300
1172 13.54540854916522 218.385992417941 300
1173 113.8477121591582 31.7766509172933 300
1174 42.32268121530974 35.83398707258445 300
1175 279.7560571750706 65.57923216598608 300
1176 140.538735381244 35.4097641726212 300
1177 42.54465510880553 247.9724226498938 300
1178 230.8542386158761 61.45221686413224 300
1179 129.6987293815701 74.52711081226789 300
1180 128.987182082968 11.88502474263705 300
1181 63.51125702969563 61.72820266235883 300
1182 29.44822022997333 176.4860596673446 300
1183 191.0005220841747 199.6260446530688 300
1184 249.9493085972686 248.6421914452758 300
1185 231.9998480405467 222.1110778942678 300
1186 62.61834149911591 222.2161314021406 300
1187 178.6246116636123 251.6324605511852 300
1188 264.1201196249378 176.0960322823063 300
1189 62.83558329577017 13.52895788232544 300
1190 230.6136028438718 13.52108735957904 300
1191 101.8488493752358 199.6626234691277 300
1192 154.7109033624157 179.8753648547264 300
1193 128.4701160454024 166.765121614847 300
1194 275.5164560616424 262.8897373392383 300
1195 118.9846664991705 125.1805637357456 300
1196 137.9300811738429 180.7399843540408 300
1197 194.8895238589394 113.6413513079861 300
1198 165.0659845562553 271.0567979512147 300
1199 121.2415765047946 53.008103618661 300
1200 280.5610952980177 130.804209443018 300
1201 152.7369844592061 249.5663730695096 300
1202 188.4844373240721 30.63815698056683 300
1203 95.6240286066793 57.33134366802321 300
1204 203.7932097514398 69.68230174521032 300
1205 196.3404448224361 228.8108865551535 300
1206 235.0519414284504 171.7176553650171 300
1207 58.41555564184512 171.7989916582092 300
1208 105.823782931659 253.6600572244367 300
1209 79.89100039785976 270.1202151469805 300
1210 153.7271539011263 154.1176915658772 300
1211 234.0194777488292 248.4657827745184 300
1212 13.11653682540678 130.6638068509867 300
1213 166.7382308875596 219.3364124492897 300
1214 220.9446010142649 191.966036134931 300
1215 234.5141437567542 36.40389139851269 300
1216 72.51302939204072 191.8170116151972 300
1217 58.96522026439777 36.40720710673863 300
1218 96.83292734610275 228.7086681020855 300
1219 207.063676822521 269.7792886181088 300
1220 263.8856169143468 192.5853380768157 300
1221 59.9944537754803 249.5036482926924 300
1222 161.8238787185499 191.4702598581667 300
1223 261.7114891699251 239.4998279791606 300
1224 236.5695453061417 272.5778735749616 300
1225 231.8762685826163 109.344913394008 300
1226 60.83748262307176 108.9734085426433 300
1227 256.5523504037707 54.14193561034084 300
1228 114.4253698767802 74.89484334251679 300
1229 37.14026302940444 53.31672549023398 300
1230 186.7869296314034 13.58511906138049 300
1231 37.01144260450194 230.1195312144777 300
1232 13.45098225025685 156.7195055703812 300
1233 30.82851489687289 87.25422618042407 300
1234 249.1521766503909 130.5047668040799 300
1235 29.61875073276454 193.7258946042402 300
1236 44.30900474603005 130.6747785658437 300
1237 94.60104748264048 13.69776657862491 300
1238 106.0566347877824 270.3988637362075 300
1239 141.3272048076581 129.5801717026629 300
1240 262.0874497297831 87.31587481023031 300
1241 189.7270889559372 156.6298504581918 300
1242 181.2210238585384 56.80392425300669 300
1243 103.5240623577433 156.6317722284736 300
1244 280.2537354460609 156.2862330100308 300
1245 219.9842128821285 84.95331986873889 300
1246 115.2275389839993 138.4262090390094 300
1247 73.37612621963585 85.54875118026753 300
1248 109.4770909454987 60.71360387569872 300
1249 261.2053896968318 223.7370137194859 300
1250 87.5614153240915 68.73015273428382 300
1251 144.1647966918222 206.0441323709421 300
1252 263.6557707444877 145.146422369143 300
1253 29.86710930675716 145.1849514778679 300
1254 89.65611919406165 112.1333443198916 300
1255 154.0873472266632 92.59096200544747 300
1256 123.9127066035879 39.80394708150946 300
1257 229.6476859652557 260.7821380827708 300
1258 56.78357947754594 272.127732974135 300
1259 180.6494350744658 122.2823197919243 300
1260 263.9307108852547 41.28498298687555 300
1261 132.6556173238017 60.9156897895789 300
1262 29.46384247084038 41.25670892539047 300
1263 196.6523370596672 55.30311004053463 300
1264 153.198385454937 131.1582153274482 300
1265 228.1059160300451 24.1570569351147 300
1266 65.60965468129407 24.94831793804119 300
1267 266.0242817133569 10.9907998595517 300
1268 85.97663007761899 152.4646147486631 300
1269 207.2302122091951 152.3130811844429 300
1270 73.12860539703014 146.1120492790623 300
1271 220.0585067168985 145.8932101738401 300
1272 27.42146805865264 10.98313041288212 300
1273 27.67042701798383 273.0656915658532 300
1274 28.94326311279768 242.5226650659126 300
1275 159.2265901043409 65.84888803954642 300
1276 234.900765612352 154.9457382355566 300
1277 9.258936929187225 26.91946637898159 300
1278 283.2037690108988 26.90444236305455 300
1279 267.1610956943907 271.3381340548425 300
1280 9.225829987855185 256.9138400085088 300
1281 59.18999219281238 154.8620391574352 300
1282 86.80491641189104 24.84052879541216 300
1283 243.6875496879132 11.84863848467086 300
1284 49.75689348840804 11.86394893739646 300
1285 130.3593877705289 101.6049845583075 300
1286 283.1879091012467 97.50193188505739 300
1287 5.222011081433624 5.222011081428627 0
1288 8.439563512337317 3.469453905582756 0
1289 3.473795905665819 8.436013765573858 0
1290 2.947957091645517 2.947957091652012 0
1291 300.2382968608863 12.96154297668298 297.8156031293469
1292 300.255930405124 271.016154985707 297.8014956749487
1293 304 144.0245112375088 137.0901808061934
1294 304 83.04918053734774 203.6338817153371
1295 304 202.5114208322283 204.0101156073414
1296 304 201.7062613796573 79.99534730870457
1297 304 83.61412332048062 80.96383118312738
1298 304 64.30005536792058 144.1806906153297
1299 304 221.5189534788707 144.3718886084263
1300 304 141.9999999998961 62.49162380242927
1301 304 141.9999999999884 228.1484975806847
1302 304 50.08102012990637 246.6627777244215
1303 304 233.9189798700969 246.6627777244122
1304 304 234.5906289203505 44.62875990611755
1305 304 49.40937107951945 44.62875990599269
1306 304 124.53850910312 186.3667055015382
1307 304 41.17942732292161 184.9978855142892
1308 304 243.6659876607753 184.8869513741435
1309 304 103.9244062407982 247.4422786255992
1310 304 182.2776945376357 246.3121902798321
1311 304 240.5053747248998 103.8975833983961
1312 304 40.4173240493683 103.5934906087403
1313 304 180.9252080193185 165.0233717907565
1314 304 124.1590797650616 98.35143832053879
1315 304 104.8333182743827 44.70279758658283
1316 304 181.5368827119664 43.26646651765855
1317 304 185.1838476043777 123.529277046949
1318 304 99.60554085258136 151.3562313334099
1319 304 163.0262030350925 200.7272387240053
1320 304 88.92999718516764 118.6119832048019
1321 304 164.16573710396 89.56663990178851
1322 304 32.26435423998735 153.5627847982208
1323 304 251.7356457600755 153.5627847984068
1324 304 152.4952543374118 259.0742487903877
1325 304 151.2490912339589 31.24581190118868
1326 304 83.07514431369172 174.2400015947356
1327 304 30.30980768689898 216.1313220347512
1328 304 253.6901923131305 216.1313220348057
1329 304 34.41513216195125 80.16070865993854
1330 304 250.0287646063199 78.80242330533912
1331 304 204.3922145358042 178.2703228439381
1332 304 74.02414343829997 30.87399006707058
1333 304 212.1824677783021 31.07751461652428
1334 304 109.7642340838112 72.6250639980223
1335 304 121.2710185271492 214.5367544096628
1336 304 73.7647631701407 259.4051813628078
1337 304 213.839827964243 258.9927675997614
1338 304 210.7514680109792 114.5159466614468
1339 304 148.6652958894796 110.249254172794
1340 304 30.91069291153658 259.8147472311296
1341 304 253.0893070884552 259.8147472311269
1342 304 151.2061304399444 165.6584544669612
1343 304 252.5346507967991 30.78736960382233
1344 304 31.46534920313022 30.78736960376625
1345 304 122.2405158890703 261.2431051147026
1346 304 71.96470923529596 231.1324585063668
1347 304 214.5908718309089 230.5851529322914
1348 304 124.2594415395986 26.71755176010576
1349 304 253.3232714793043 128.2652481659678
1350 304 30.41505324638009 128.2393899354794
1351 304 118.4260004087855 135.4530143045367
1352 304 62.11541614056492 210.1668750611327
1353 304 223.8834228829544 210.6812227670979
1354 304 214.3486363277327 58.92119223601209
1355 304 71.75816985465895 58.21106823154389
1356 304 168.1810625171651 223.8570915082499
1357 304 227.2048425250825 81.81928391333095
1358 304 57.7833999293084 82.20337497541892
1359 304 189.4234060369373 144.103037687012
1360 304 168.9824704495084 143.5017789185308
1361 304 100.6630637355453 185.7767289156812
1362 304 69.17260229794272 103.8334526717799
1363 304 167.2895567040893 64.21843376629299
1364 304 142.3099724700002 87.64836370095715
1365 304 25.93748207369044 237.5114828345668
1366 304 258.0625179263245 237.5114828345885
1367 304 125.6611652897724 159.5559818990849
1368 304 23.81407919704132 57.47809964657213
1369 304 260.2414078989735 57.30831397729583
1370 304 173.7597110244057 268.4113329283516
1371 304 140.1572402676484 204.2961208445813
1372 304 55.93793291245756 19.03644353104935
1373 304 232.789159911504 20.84360877490273
1374 304 19.25622250284449 180.2432977515026
1375 304 264.815666526376 180.2338645763328
1376 304 173.2720803724579 21.19723981806949
1377 304 55.91759183969099 271.2569619634135
1378 304 233.1691302648599 270.4565512891275
1379 304 183.8329152908923 188.1275812806948
1380 304 97.18694212447754 267.1516981250308
1381 304 100.0392291525755 97.75417133206757
1382 304 55.64186210183979 164.7011723707149
1383 304 49.89679850183941 126.4922842594059
1384 304 230.0563451357004 127.3939122791467
1385 304 262.3087444880622 94.54072645812911
1386 304 22.16491860344574 95.69372188854121
1387 304 97.71297438871558 23.02015991199046
1388 304 229.4575263886379 165.5872308304643
1389 304 120.9871497054741 237.1475051706507
1390 304 188.5505381904014 99.00801084576014
1391 304 124.3787093103669 50.47326365578616
1392 304 191.1179449404897 62.01413221208728
1393 304 61.51404862765262 189.9442936299635
1394 304 83.65235225258523 137.649599869451
1395 304 96.41882936417484 225.4665196907391
1396 304 91.87190501273625 60.88182450405843
1397 304 191.1900771411352 226.2478279391069
1398 304 71.1903611210911 126.1536021241537
1399 304 223.1614483312989 191.197886364394
1400 304 163.2648981296095 242.7692471869226
1401 304 263.5138994344581 201.7324030216596
1402 304 21.61454762252795 202.284473631535
1403 304 195.5646813504343 268.2839725282519
1404 304 195.5034461021206 20.55263620965852
1405 304 181.2845225073789 207.9665815173205
1406 304 214.6002409809062 95.96459340984705
1407 304 82.83333333316178 14.42601538630509
1408 304 82.83333333316176 275.647012246058
1409 304 169.3074161638839 108.9610940959086
1410 304 166.3356855183029 180.5379856958882
1411 304 206.001841290081 156.3580174924064
1412 304 162.1484850326377 45.26586026764056
1413 304 109.8978581463424 169.5953633035889
1414 304 16.1961373071355 159.0086195824906
1415 304 267.8124209106452 159.0074965854877
1416 304 182.6519816614075 79.6182488220919
1417 304 139.5440058892823 271.5911081348247
1418 304 129.607696793574 118.6894974294743
1419 304 153.8333333330774 13.48902844129524
1420 304 147.9585601372433 187.891029989938
1421 304 140.0734669021769 247.0755055120624
1422 304 110.3425000716377 116.7446606728288
1423 304 47.40374971505381 65.08534405917619
1424 304 236.9860867754844 65.35478838021791
1425 304 17.16157838312266 272.7778492906942
1426 304 266.8384216168469 272.7778492906915
1427 304 163.1832443130392 125.1267421698241
1428 304 266.7762970004216 17.29050100409827
1429 304 17.22370299953208 17.2905010040807
1430 304 17.55067570682436 113.7325697642195
1431 304 266.7056151734329 113.3475721328067
1432 304 77.55145182537582 154.9883675533056
1433 304 14.256282115649 255.0148684795613
1434 304 269.7437178843493 255.0148684795636
1435 304 35.49999999995747 277.2690151794781
1436 304 248.4999999999302 277.2690151794645
1437 304 88.04010219375868 43.53796806024924
1438 304 198.9440299411918 43.52478156566312
1439 304 207.1987383580741 134.1002288844459
1440 304 270.8266245246185 36.07487424948376
1441 304 13.1762642246277 36.08371357003783
1442 304 237.2183484485178 143.8362129364824
1443 304 46.77909408759235 143.7392795654612
1444 304 140.9567525338995 45.1909910740121
1445 304 248.4999999999302 12.53896975426024
1446 304 35.49999999995746 12.53896975421087
1447 304 47.40528276931778 223.9218102808018
1448 304 237.3537872456576 223.9163173028121
1449 304 153.9568483769538 74.90295182509431
1450 304 129.711999495509 74.57517998433413
1451 304 100.1912781541515 131.9630978770057
1452 304 155.8572061554857 275.6949081718699
1453 304 44.0230883616473 204.5744433587455
1454 304 240.8781229780458 204.7576838108188
1455 304 153.3411264549736 214.2572371643803
1456 304 268.1157833986711 79.96362608155442
1457 304 16.07882599248766 80.49983937241198
1458 304 33.91751634554404 170.1167564521994
1459 304 250.1879215303539 170.1565611247084
1460 304 16.34764723902854 138.8175831123473
1461 304 267.7160654166518 138.3080188429763
1462 304 105.1881202534674 203.1561180465917
1463 304 87.47868608745783 246.1781079089484
1464 304 199.4544237613038 246.3243095260041
1465 304 16.53311449548052 221.8595312626693
1466 304 267.4668855045531 221.8595312627287
1467 304 137.5026422372466 15.43914452230594
1468 302.0149408383291 271.1247527552201 -5.98002703656812
1469 302.0149405399103 12.87525081103083 -5.980027436534261
1470 141.1598600034752 143.4473176473476 -10
1471 205.4658502090503 83.32565920506282 -10
1472 206.7411588442571 201.6095473655483 -10
1473 80.00827357744359 201.5754918986601 -10
1474 81.19154534147874 83.46198547520656 -10
1475 145.6193697759264 65.47408868780063 -10
1476 145.6193697759407 218.5259113121882 -10
1477 60.66094164119566 144.2776841742086 -10
1478 232.5727198432266 141.9999999999893 -10
1479 250.1941970951565 50.50865882047436 -10
1480 250.1941970951488 233.4913411795214 -10
1481 44.74732438093324 234.4810587298711 -10
1482 44.74732438093173 49.5189412701279 -10
1483 188.6974775091674 124.5886215013385 -10
1484 187.1894780219874 41.57620163599935 -10
1485 187.1102174220045 243.1093369104399 -10
1486 250.5130507525231 99.35188329276906 -10
1487 249.7288254491458 187.3789075541609 -10
1488 106.5391620857886 42.26377959686239 -10
1489 105.8513584921959 239.6564490077396 -10
1490 167.1117937706213 180.5254423718675 -10
1491 44.66217303543743 104.8664093933613 -10
1492 43.21259555486861 181.4786857823331 -10
1493 96.93631014699217 124.5785190005721 -10
1494 123.8357851168123 184.678284598472 -10
1495 154.9129859162859 103.6232982748746 -10
1496 203.64377794018 162.2333235206164 -10
1497 118.3236074688976 89.71262215116849 -10
1498 89.71713582722947 164.6048902803419 -10
1499 151.2256123909079 36.29341728205916 -10
1500 155.0543272139407 251.0785603060978 -10
1501 263.2863599216627 153.2861053992609 -10
1502 31.22993107830996 151.2055025325494 -10
1503 176.7939669514422 86.14026705962182 -10
1504 218.9070347459744 30.82926062920181 -10
1505 218.9070347459787 253.170739370802 -10
1506 81.27363507651607 248.6335939910512 -10
1507 81.38826900877456 35.01977744304713 -10
1508 30.88803289524245 74.03631881114704 -10
1509 31.09341795959842 212.1709677766024 -10
1510 180.5917186859359 203.4923071980424 -10
1511 72.54578552732575 110.5761129129087 -10
1512 216.5184035020986 119.5608179938301 -10
1513 263.5592072580048 73.58620522729842 -10
1514 262.6889154947371 211.563707211496 -10
1515 113.1610145715143 210.4010490788054 -10
1516 262.9291929967901 31.93536998695747 -10
1517 262.9291929967826 252.0646300130223 -10
1518 264.8374486633086 122.1473888272243 -10
1519 112.6977032656523 149.1278784135501 -10
1520 30.99931889028592 252.4773892248558 -10
1521 30.99931889028443 31.52261077514399 -10
1522 167.8605567000564 150.9049761205491 -10
1523 234.0930644040812 72.97818370667972 -10
1524 233.6978764178575 212.0580929187775 -10
1525 131.0041748892235 111.8390430301679 -10
1526 25.55760306558611 129.7525014728234 -10
1527 127.8208847746801 27.29482338169314 -10
1528 128.4943179136528 256.0715767294112 -10
1529 213.1559437749922 61.75553943187768 -10
1530 213.1519670441229 222.1016308998771 -10
1531 227.7453437101582 168.2114297549378 -10
1532 58.35519265132059 71.7813135954228 -10
1533 59.18978040470537 214.1939031020418 -10
1534 187.3507691940916 102.0753146871826 -10
1535 82.38416126289192 58.51407927895321 -10
1536 83.24086464639066 227.0450762852643 -10
1537 145.1464742589683 192.650698968951 -10
1538 65.63575936971507 168.4335513467354 -10
1539 145.2780748204503 169.224465153769 -10
1540 121.4589911033063 65.34917833070455 -10
1541 240.6641119147326 26.39659414849136 -10
1542 240.6641119147314 257.6034058515108 -10
1543 89.74446559906522 144.3679443732526 -10
1544 58.09111026031808 259.8930474520338 -10
1545 58.10543950184861 24.06362397722731 -10
1546 272.3247166685094 174.4035560066898 -10
1547 163.1231481525654 127.2225087813785 -10
1548 19.08261784967339 55.96350536044078 -10
1549 19.89228059494753 232.882680399666 -10
1550 208.7624966287462 139.0841747490466 -10
1551 182.6556882701781 19.49612796366719 -10
1552 182.6489484232417 264.5621661304135 -10
1553 21.2185575733465 173.2409745088764 -10
1554 272.7878927340975 51.66036177623815 -10
1555 273.3172250858502 232.4833800123091 -10
1556 190.4545231153419 182.5629212967657 -10
1557 273.5471054773496 100.5969736090769 -10
1558 168.5857616935696 58.09834519168689 -10
1559 128.191544451238 230.6386017036073 -10
1560 167.5582277884813 228.4575816367275 -10
1561 97.19693319212769 97.67942013431298 -10
1562 96.09937088104709 261.7905269743418 -10
1563 96.25985838621425 21.72419303339738 -10
1564 239.9239595469079 119.8702261198237 -10
1565 98.69635129831455 189.3455263932827 -10
1566 22.85612305553202 98.50908476854346 -10
1567 50.2860518451788 124.7845039420979 -10
1568 139.9788023242672 86.98192901940914 -10
1569 62.28548546996325 191.1990109947042 -10
1570 225.1853889410069 99.62964609481969 -10
1571 192.5824362633105 62.61369321980236 -10
1572 100.5521003640758 71.63962133599446 -10
1573 61.38548305492507 92.54787574628818 -10
1574 132.8025063650148 47.70739179842582 -10
1575 225.4427797499169 189.7318528061053 -10
1576 193.602759098735 222.2747535367734 -10
1577 247.5102007293232 162.9421132869496 -10
1578 252.4497688315113 138.5896986221828 -10
1579 130.7231061791289 205.8562280119889 -10
1580 190.0885979159094 148.4759069208669 -10
1581 204.8964493873274 21.93755336189072 -10
1582 204.3779207204794 263.2028775220741 -10
1583 276.2817697779886 196.2666201166783 -10
1584 20.55316536138386 195.4938582768882 -10
1585 183.8318498884218 164.9405140461331 -10
1586 14.43002644238737 82.83333333333334 -10
1587 110.3001909161554 170.1793301802147 -10
1588 160.0624380065812 205.1127543659465 -10
1589 281.2765781838386 84.96246137567474 -10
1590 210.0684608301071 180.1505356777616 -10
1591 45.52794699144501 162.1392268294844 -10
1592 160.5977528943517 16.87642186878639 -10
1593 161.0527499153175 267.5319438076688 -10
1594 79.26860110853318 183.0316941827448 -10
1595 126.6543228245091 163.3314551986707 -10
1596 122.2046769505607 128.1560576036902 -10
1597 275.4431364127079 139.4589785449637 -10
1598 65.77331934571687 236.561479682226 -10
1599 65.55012963670174 47.88772247849178 -10
1600 157.1781773322983 80.0635856466786 -10
1601 14.99619603428843 152.7903302639403 -10
1602 276.4730444423852 17.36765964789138 -10
1603 276.4730444423819 266.6323403520762 -10
1604 113.1331405295604 110.3931323839824 -10
1605 173.0732203984374 110.0661179732743 -10
1606 112.9050208697438 16.47834927123411 -10
1607 113.8485174280888 268.1474284353906 -10
1608 17.46049020497004 17.24899038608433 -10
1609 17.46049020497026 266.7510096139156 -10
1610 258.4380499078291 14.55820946441662 -10
1611 258.4380499078273 269.4417905355779 -10
1612 281.1590736571126 35.49999999995747 -10
1613 281.1590736571001 248.4999999999301 -10
1614 43.60635666438019 198.9123378848987 -10
1615 43.86529379894273 87.41300900757734 -10
1616 36.55741979184312 270.734317354807 -10
1617 36.55816579567115 13.26342688869881 -10
1618 144.4684200009378 123.9975865015709 -10
1619 145.6014714105719 236.1747226151249 -10
1620 226.8863281439597 47.87573058854844 -10
1621 226.8198006911132 236.2731772376525 -10
1622 12.51362233886774 35.5 -10
1623 12.51362233886763 248.5000000000002 -10
1624 207.2696117229252 44.43132981122005 -10
1625 207.3282832870723 240.0220859129364 -10
1626 218.1810845305778 152.8822320061475 -10
1627 170.7732140476798 34.48304001599034 -10
1628 172.0860245485752 249.8618276718727 -10
1629 44.2642493812175 141.5110879157633 -10
1630 94.56541752002968 213.7586234405685 -10
1631 141.8288500122485 16.09293250650774 -10
1632 142.3502914700313 267.8943511913359 -10
1633 81.39282324379535 267.6634336834853 -10
1634 81.45071337958657 16.16151889073437 -10
1635 224.7193277435237 16.87513650980105 -10
1636 224.7193277435244 267.1248634902031 -10
1637 204.6212565781673 104.2956499475354 -10
1638 74.91874757126159 153.8538482807794 -10
1639 74.3538959087943 131.1560665359235 -10
1640 279.8507915280771 155.8914115252211 -10
1641 13.4487314423835 289.7411314342056 298.1877597580275
1642 280.5512685563864 289.7411313912736 298.1877597881307
1643 302.2233256070773 289.690071700777 276.7135585355437
1644 302.2306507302986 289.6794707989243 13.29030686528722
1645 280.5512686229169 289.7411310521857 -8.187760025894011
1646 13.44873154303025 292.1877594995961 -5.741131802769559
1647 145.0136054421787 294 144.9999999999926
1648 207.1326196963044 294 200.9370449052529
1649 206.7560679510062 294 82.63337196607245
1650 82.59920905892236 294 204.6756514915698
1651 81.40245913268618 294 83.99928207418792
1652 146.4571117338254 294 224.9639191746515
1653 146.5381540102041 294 63.25613376274264
1654 63.83052763590615 294 145.0000000001678
1655 230.6031836859023 294 145.0000000000638
1656 249.9305909207368 294 239.108827402269
1657 249.9305909207041 294 50.89117259770669
1658 45.52453375474283 294 50.38285403195038
1659 45.5245337545852 294 239.6171459682528
1660 185.1920720554656 294 160.4690728469935
1661 187.5699007394479 294 40.86163391329165
1662 187.6985862626954 294 248.1896225920509
1663 250.8421826159953 294 183.8380750833366
1664 249.6778086415807 294 103.9341357305112
1665 166.357298829296 294 102.2934407815984
1666 105.0711484765241 294 248.936946222954
1667 105.6508845655641 294 44.45994701421685
1668 96.11890280956926 294 166.8637758697108
1669 45.67164494335654 294 182.9716853907562
1670 43.34031602880265 294 104.2028333554955
1671 125.3316705719714 294 100.8700044865646
1672 153.8075763357557 294 188.6674630346597
1673 203.3486820783777 294 122.9067480922862
1674 121.0749097914329 294 199.6846257011462
1675 91.11253259562739 294 122.3054742586204
1676 156.0141450930439 294 257.4044481910702
1677 156.0141450933741 294 32.59555180901905
1678 262.3015918430274 294 134.699767218949
1679 31.91526381789891 294 135.5299783953177
1680 176.8015608788708 294 205.0380048261833
1681 219.1953078448848 294 30.66902967890849
1682 219.1953078446963 294 259.330970320974
1683 115.9606388652693 294 75.19782645781223
1684 81.35901335654842 294 255.0627817881053
1685 80.01674697491063 294 34.49930473504735
1686 180.5451947521025 294 80.39284438861277
1687 73.90914234798481 294 177.3668146247188
1688 31.51936068429793 294 214.4208539089715
1689 31.72762312239531 294 73.32621954663544
1690 219.773524233918 294 172.69883125294
1691 262.6703637018426 294 214.5902195252718
1692 262.3513723823217 294 71.48003388154969
1693 115.6168682704845 294 136.3596116590043
1694 171.4831022366253 294 140.9211611395014
1695 263.3539922532619 294 31.40651695072454
1696 263.3539922532112 294 258.5934830492449
1697 31.3487274634415 294 32.07914437473164
1698 31.34872746330095 294 257.9208556253806
1699 264.1734664168174 294 166.0101064733083
1700 27.30976152457335 294 163.1194843248522
1701 234.3191601833972 294 216.545550124085
1702 233.6226045109023 294 70.62887497805683
1703 130.1497781932869 294 259.1245774628608
1704 130.1990754799728 294 31.16427400305157
1705 59.99403623961905 294 71.07039109300132
1706 59.59187926795254 294 217.5075037292404
1707 138.9827189125714 294 169.646368511286
1708 213.230031609831 294 61.66328924275315
1709 213.1491766769446 294 225.9359053449263
1710 227.0358078826135 294 118.5214299223356
1711 82.76646029994545 294 57.9294488232152
1712 83.57273290479816 294 231.3779598810663
1713 146.0012589862957 294 95.79909392794227
1714 145.4096680972364 294 119.2017984648447
1715 106.3444103388462 294 219.056468226664
1716 65.36413033659326 294 119.1993909037148
1717 188.8258705818928 294 187.9315318203514
1718 95.88815814041318 294 145.0204673152123
1719 161.0577982337147 294 163.9480363906211
1720 240.8029329754235 294 26.29416679036007
1721 240.8029329752546 294 263.7058332095627
1722 58.38266695845943 294 265.8028064393818
1723 58.21488366104746 294 24.14245437608701
1724 207.0436106230041 294 149.4758867511494
1725 19.42009501337697 294 232.8988841195479
1726 21.26939113983514 294 52.27381322090709
1727 272.0319599846717 294 112.6218551707136
1728 182.7540795267814 294 19.45535674756268
1729 182.7650221724824 294 270.4639677851294
1730 274.1151786871689 294 51.81017612721525
1731 274.9046250981024 294 232.9465519015738
1732 21.52100097517432 294 112.9999544131943
1733 190.3989280035879 294 101.2476625053152
1734 99.8667558253625 294 189.2075039521602
1735 270.5986042263116 294 190.8369811243142
1736 167.1046852019735 294 233.540899772097
1737 128.2830806235182 294 239.2994285886413
1738 129.6300184962108 294 56.45622691726032
1739 97.14746526329904 294 267.4965197960973
1740 96.00047527538796 294 22.08385605740336
1741 23.51024591766347 294 190.2303617761951
1742 240.6503465331018 294 167.870021980826
1743 51.56556107699048 294 162.9884553788331
1744 167.4045159129233 294 54.6786159040177
1745 100.5442310757739 294 97.49811394263928
1746 63.05680475749047 294 94.72833768118463
1747 192.8252170988148 294 225.6612805052216
1748 140.1678148002753 294 205.0494436083427
1749 229.2580225977107 294 94.57509284603009
1750 62.67340379162376 294 195.5741560195682
1751 231.7843254601303 294 191.9292101057146
1752 128.4654654575796 294 217.6107770598892
1753 193.6781693899705 294 61.63323701517133
1754 246.142867176896 294 123.3971863969093
1755 205.1473713403562 294 268.1326184165944
1756 204.5725010591329 294 20.73090127653963
1757 271.8470794412088 294 90.314143442361
1758 20.90365864047428 294 90.32242119361321
1759 210.7636275004499 294 104.3367706473101
1760 181.3157172800098 294 119.8532005836391
1761 14.7296537942616 294 205.4166666669807
1762 97.36828740524088 294 70.39903494312119
1763 279.3223122441831 294 205.4166666669807
1764 171.8677144196913 294 178.9841528112934
1765 158.342047124874 294 79.10609329921212
1766 112.1470678548974 294 116.1351340232543
1767 45.84253635507307 294 124.2496282254145
1768 118.4334759576614 294 177.7544590061463
1769 161.2784422056675 294 16.38216531130854
1770 161.2797449008428 294 273.6082304664264
1771 274.7118685699743 294 147.9441971174598
1772 118.3422882554797 294 156.774113726892
1773 13.77720897634301 294 132.9166666671288
1774 80.29603157963425 294 103.5461197720694
1775 201.511549691872 294 174.7685320229812
1776 276.5265181367327 294 17.47943877385612
1777 276.5265181365669 294 272.5205612261279
1778 250.2826319528092 294 146.9681136697021
1779 134.4932991595393 294 188.1604719723162
1780 66.23419547275888 294 241.9404179648341
1781 66.43032264201537 294 47.74582714127544
1782 17.5695194768859 294 17.57119442847659
1783 17.56951947673368 294 272.4288055715763
1784 115.0554067008869 294 17.61840151428888
1785 115.3952489720543 294 272.1653370463681
1786 44.59330692097885 294 200.1409121649463
1787 44.24357710616002 294 86.75464551261101
1788 258.5262061948273 294 275.5304256332665
1789 258.5262061951877 294 14.46957436667872
1790 281.0551165667256 294 36.24999999993014
1791 281.0551165667434 294 253.7500000001347
1792 145.7787073794223 294 47.20819837917563
1793 145.6017601691296 294 242.8666546378642
1794 136.9672980091375 294 78.44756314192236
1795 128.7037760473537 294 123.5133097267321
1796 46.14722690286683 294 146.0807283881795
1797 36.58773066469821 294 13.40699149022011
1798 36.5964657381073 294 276.5901586981196
1799 157.1593444177823 294 211.4261887931627
1800 12.81838939719307 294 253.7500000001347
1801 12.81838939720588 294 36.24999999993013
1802 76.45307950248602 294 132.6586576828048
1803 76.29402537073257 294 157.5019506492292
1804 279.234941394149 294 130.6553553705133
1805 226.9379808559801 294 47.417160196408
1806 227.0405976458291 294 241.7117764184922
1807 161.9158783770692 294 125.4539201939153
1808 250.0429272375354 294 199.5480071925444
1809 249.3513775147448 294 86.18645617570176
1810 217.0078210674744 294 133.9760161914587
1811 190.1137409422402 294 138.2966210249169
1812 81.67782911557552 294 273.6724216047169
1813 81.1464211824883 294 16.14512303370755
1814 140.297350629604 294 16.50017188764213
1815 140.7980648553022 294 273.4421141634677
1816 172.4524645716393 294 34.11247803001064
1817 172.6814540873973 294 255.5248403854389
1818 206.7485307531911 294 245.0603269833557
1819 207.5306485832079 294 43.82920855384538
1820 15.77280877214869 294 149.596447349721
1821 225.0262658294483 294 273.3001961088696
1822 225.0262658295776 294 16.69980389114114
$EndNodes
$Elements
3482
1 2 2 1 1 1 4 93
2 2 2 1 1 95 5 2
3 2 2 1 1 93 95 2
4 2 2 1 1 93 4 95
5 2 2 1 2 94 2 96
6 2 2 1 2 6 3 94
7 2 2 1 2 96 2 5
8 2 2 1 2 6 94 96
9 2 2 1 3 4 7 95
10 2 2 1 3 95 7 97
11 2 2 1 3 652 5 95
12 2 2 1 3 652 97 8
13 2 2 1 3 5 652 8
14 2 2 1 3 97 652 95
15 2 2 1 4 96 5 98
16 2 2 1 4 9 6 96
17 2 2 1 4 98 5 8
18 2 2 1 4 9 96 98
19 2 2 1 5 10 653 7
20 2 2 1 5 97 653 99
21 2 2 1 5 653 97 7
22 2 2 1 5 653 10 99
23 2 2 1 5 8 654 11
24 2 2 1 5 99 654 97
25 2 2 1 5 654 99 11
26 2 2 1 5 654 8 97
27 2 2 1 6 8 655 98
28 2 2 1 6 100 655 11
29 2 2 1 6 655 100 98
30 2 2 1 6 655 8 11
31 2 2 1 6 12 656 100
32 2 2 1 6 98 656 9
33 2 2 1 6 656 98 100
34 2 2 1 6 656 12 9
35 2 2 1 7 101 658 657
36 2 2 1 7 657 658 99
37 2 2 1 7 657 104 13
38 2 2 1 7 101 657 13
39 2 2 1 7 103 658 14
40 2 2 1 7 658 101 14
41 2 2 1 7 104 657 10
42 2 2 1 7 657 99 10
43 2 2 1 7 658 11 99
44 2 2 1 7 11 658 103
45 2 2 1 8 103 14 659
46 2 2 1 8 14 102 659
47 2 2 1 8 659 660 100
48 2 2 1 8 105 660 15
49 2 2 1 8 660 659 102
50 2 2 1 8 660 102 15
51 2 2 1 8 660 105 12
52 2 2 1 8 100 660 12
53 2 2 1 8 659 100 11
54 2 2 1 8 103 659 11
55 2 2 1 9 661 111 16
56 2 2 1 9 106 661 16
57 2 2 1 9 110 107 17
58 2 2 1 9 107 661 106
59 2 2 1 9 661 107 662
60 2 2 1 9 101 661 662
61 2 2 1 9 111 661 13
62 2 2 1 9 661 101 13
63 2 2 1 9 662 107 110
64 2 2 1 9 14 662 110
65 2 2 1 9 662 14 101
66 2 2 1 10 663 108 664
67 2 2 1 10 664 108 109
68 2 2 1 10 112 664 18
69 2 2 1 10 664 109 18
70 2 2 1 10 110 17 663
71 2 2 1 10 17 108 663
72 2 2 1 10 112 15 664
73 2 2 1 10 15 102 664
74 2 2 1 10 110 663 14
75 2 2 1 10 663 102 14
76 2 2 1 10 664 102 663
77 2 2 1 11 118 665 16
78 2 2 1 11 665 106 16
79 2 2 1 11 665 118 19
80 2 2 1 11 114 20 117
81 2 2 1 11 113 665 19
82 2 2 1 11 117 17 666
83 2 2 1 11 17 107 666
84 2 2 1 11 114 666 667
85 2 2 1 11 666 114 117
86 2 2 1 11 667 107 106
87 2 2 1 11 667 113 114
88 2 2 1 11 666 107 667
89 2 2 1 11 665 113 667
90 2 2 1 11 106 665 667
91 2 2 1 12 668 119 18
92 2 2 1 12 109 668 18
93 2 2 1 12 20 115 117
94 2 2 1 12 119 668 21
95 2 2 1 12 668 116 21
96 2 2 1 12 117 669 17
97 2 2 1 12 669 108 17
98 2 2 1 12 669 115 670
99 2 2 1 12 115 669 117
100 2 2 1 12 116 670 115
101 2 2 1 12 108 670 109
102 2 2 1 12 108 669 670
103 2 2 1 12 116 668 670
104 2 2 1 12 668 109 670
105 2 2 1 13 125 671 19
106 2 2 1 13 671 113 19
107 2 2 1 13 121 23 124
108 2 2 1 13 124 20 672
109 2 2 1 13 20 114 672
110 2 2 1 13 671 125 22
111 2 2 1 13 120 671 22
112 2 2 1 13 121 672 673
113 2 2 1 13 672 121 124
114 2 2 1 13 673 114 113
115 2 2 1 13 673 120 121
116 2 2 1 13 672 114 673
117 2 2 1 13 671 120 673
118 2 2 1 13 113 671 673
119 2 2 1 14 674 676 675
120 2 2 1 14 675 676 123
121 2 2 1 14 675 126 674
122 2 2 1 14 676 674 116
123 2 2 1 14 674 126 21
124 2 2 1 14 124 23 122
125 2 2 1 14 20 124 677
126 2 2 1 14 116 674 21
127 2 2 1 14 126 675 24
128 2 2 1 14 115 20 677
129 2 2 1 14 675 123 24
130 2 2 1 14 677 122 676
131 2 2 1 14 122 677 124
132 2 2 1 14 123 676 122
133 2 2 1 14 115 676 116
134 2 2 1 14 115 677 676
135 2 2 1 15 22 133 678
136 2 2 1 15 22 678 120
137 2 2 1 15 26 132 679
138 2 2 1 15 26 679 129
139 2 2 1 15 678 133 25
140 2 2 1 15 127 678 25
141 2 2 1 15 132 23 680
142 2 2 1 15 23 121 680
143 2 2 1 15 128 680 681
144 2 2 1 15 680 121 681
145 2 2 1 15 128 681 127
146 2 2 1 15 120 681 121
147 2 2 1 15 128 679 680
148 2 2 1 15 679 132 680
149 2 2 1 15 679 128 129
150 2 2 1 15 120 678 681
151 2 2 1 15 678 127 681
152 2 2 1 16 134 24 682
153 2 2 1 16 682 24 123
154 2 2 1 16 134 682 27
155 2 2 1 16 682 131 27
156 2 2 1 16 132 683 23
157 2 2 1 16 683 122 23
158 2 2 1 16 131 684 130
159 2 2 1 16 132 26 130
160 2 2 1 16 122 684 123
161 2 2 1 16 683 130 684
162 2 2 1 16 130 683 132
163 2 2 1 16 682 123 684
164 2 2 1 16 131 682 684
165 2 2 1 16 122 683 684
166 2 2 1 17 685 143 28
167 2 2 1 17 26 129 140
168 2 2 1 17 135 685 28
169 2 2 1 17 686 685 687
170 2 2 1 17 688 689 687
171 2 2 1 17 687 689 128
172 2 2 1 17 688 687 685
173 2 2 1 17 690 688 136
174 2 2 1 17 685 135 688
175 2 2 1 17 29 141 137
176 2 2 1 17 689 691 129
177 2 2 1 17 688 135 136
178 2 2 1 17 690 137 691
179 2 2 1 17 142 686 25
180 2 2 1 17 137 690 136
181 2 2 1 17 686 687 127
182 2 2 1 17 127 687 128
183 2 2 1 17 686 127 25
184 2 2 1 17 128 689 129
185 2 2 1 17 691 141 140
186 2 2 1 17 129 691 140
187 2 2 1 17 691 688 690
188 2 2 1 17 691 689 688
189 2 2 1 17 686 143 685
190 2 2 1 17 691 137 141
191 2 2 1 17 143 686 142
192 2 2 1 18 144 27 692
193 2 2 1 18 692 27 131
194 2 2 1 18 140 693 26
195 2 2 1 18 693 130 26
196 2 2 1 18 144 692 30
197 2 2 1 18 692 139 30
198 2 2 1 18 141 29 138
199 2 2 1 18 693 140 141
200 2 2 1 18 138 693 141
201 2 2 1 18 693 138 694
202 2 2 1 18 130 693 694
203 2 2 1 18 139 694 138
204 2 2 1 18 130 694 131
205 2 2 1 18 139 692 694
206 2 2 1 18 692 131 694
207 2 2 1 19 695 145 696
208 2 2 1 19 697 695 698
209 2 2 1 19 698 695 135
210 2 2 1 19 695 696 699
211 2 2 1 19 32 152 147
212 2 2 1 19 696 145 146
213 2 2 1 19 695 699 136
214 2 2 1 19 28 153 698
215 2 2 1 19 136 699 137
216 2 2 1 19 135 28 698
217 2 2 1 19 697 154 31
218 2 2 1 19 145 697 31
219 2 2 1 19 700 699 696
220 2 2 1 19 696 146 700
221 2 2 1 19 700 146 147
222 2 2 1 19 701 151 702
223 2 2 1 19 151 29 702
224 2 2 1 19 154 698 153
225 2 2 1 19 698 154 697
226 2 2 1 19 700 147 152
227 2 2 1 19 702 29 137
228 2 2 1 19 697 145 695
229 2 2 1 19 700 702 699
230 2 2 1 19 695 136 135
231 2 2 1 19 702 137 699
232 2 2 1 19 701 700 152
233 2 2 1 19 151 701 152
234 2 2 1 19 700 701 702
235 2 2 1 20 703 705 704
236 2 2 1 20 704 705 706
237 2 2 1 20 155 707 33
238 2 2 1 20 704 706 138
239 2 2 1 20 707 150 33
240 2 2 1 20 707 709 708
241 2 2 1 20 710 707 156
242 2 2 1 20 148 152 32
243 2 2 1 20 156 707 155
244 2 2 1 20 709 707 710
245 2 2 1 20 709 710 139
246 2 2 1 20 151 704 29
247 2 2 1 20 704 151 703
248 2 2 1 20 704 138 29
249 2 2 1 20 151 152 703
250 2 2 1 20 152 148 703
251 2 2 1 20 710 156 30
252 2 2 1 20 139 710 30
253 2 2 1 20 703 148 149
254 2 2 1 20 707 708 150
255 2 2 1 20 149 705 703
256 2 2 1 20 706 709 139
257 2 2 1 20 709 706 705
258 2 2 1 20 708 149 150
259 2 2 1 20 708 709 705
260 2 2 1 20 138 706 139
261 2 2 1 20 149 708 705
262 2 2 1 21 711 713 712
263 2 2 1 21 712 713 714
264 2 2 1 21 147 164 32
265 2 2 1 21 158 715 713
266 2 2 1 21 712 714 145
267 2 2 1 21 716 715 159
268 2 2 1 21 717 715 716
269 2 2 1 21 711 167 34
270 2 2 1 21 157 711 34
271 2 2 1 21 31 166 712
272 2 2 1 21 165 160 35
273 2 2 1 21 145 31 712
274 2 2 1 21 714 715 718
275 2 2 1 21 714 718 146
276 2 2 1 21 711 157 713
277 2 2 1 21 716 159 160
278 2 2 1 21 718 715 717
279 2 2 1 21 159 715 158
280 2 2 1 21 719 717 716
281 2 2 1 21 718 147 146
282 2 2 1 21 158 713 157
283 2 2 1 21 718 717 720
284 2 2 1 21 718 720 147
285 2 2 1 21 167 712 166
286 2 2 1 21 712 167 711
287 2 2 1 21 714 146 145
288 2 2 1 21 714 713 715
289 2 2 1 21 716 721 719
290 2 2 1 21 164 720 719
291 2 2 1 21 719 165 164
292 2 2 1 21 165 721 160
293 2 2 1 21 721 165 719
294 2 2 1 21 721 716 160
295 2 2 1 21 720 164 147
296 2 2 1 21 720 717 719
297 2 2 1 22 722 724 723
298 2 2 1 22 723 724 150
299 2 2 1 22 725 726 723
300 2 2 1 22 725 723 149
301 2 2 1 22 161 165 35
302 2 2 1 22 727 729 728
303 2 2 1 22 727 728 148
304 2 2 1 22 169 33 724
305 2 2 1 22 724 33 150
306 2 2 1 22 723 726 722
307 2 2 1 22 723 150 149
308 2 2 1 22 149 728 725
309 2 2 1 22 728 729 725
310 2 2 1 22 728 149 148
311 2 2 1 22 32 164 727
312 2 2 1 22 148 32 727
313 2 2 1 22 168 722 36
314 2 2 1 22 722 163 36
315 2 2 1 22 164 165 727
316 2 2 1 22 165 161 727
317 2 2 1 22 727 161 729
318 2 2 1 22 163 726 162
319 2 2 1 22 725 162 726
320 2 2 1 22 162 725 729
321 2 2 1 22 163 722 726
322 2 2 1 22 168 724 722
323 2 2 1 22 724 168 169
324 2 2 1 22 162 729 161
325 2 2 1 23 730 732 731
326 2 2 1 23 730 734 733
327 2 2 1 23 160 177 35
328 2 2 1 23 735 731 732
329 2 2 1 23 34 179 736
330 2 2 1 23 157 34 736
331 2 2 1 23 737 735 736
332 2 2 1 23 738 735 732
333 2 2 1 23 737 180 37
334 2 2 1 23 170 737 37
335 2 2 1 23 730 731 171
336 2 2 1 23 734 172 739
337 2 2 1 23 158 732 159
338 2 2 1 23 734 730 172
339 2 2 1 23 739 172 173
340 2 2 1 23 740 733 734
341 2 2 1 23 730 733 732
342 2 2 1 23 178 739 38
343 2 2 1 23 171 731 170
344 2 2 1 23 733 740 160
345 2 2 1 23 732 733 159
346 2 2 1 23 159 733 160
347 2 2 1 23 738 158 157
348 2 2 1 23 738 732 158
349 2 2 1 23 736 735 738
350 2 2 1 23 737 170 735
351 2 2 1 23 730 171 172
352 2 2 1 23 736 738 157
353 2 2 1 23 731 735 170
354 2 2 1 23 38 739 173
355 2 2 1 23 180 736 179
356 2 2 1 23 178 741 739
357 2 2 1 23 736 180 737
358 2 2 1 23 740 177 160
359 2 2 1 23 740 741 177
360 2 2 1 23 741 740 734
361 2 2 1 23 741 178 177
362 2 2 1 23 741 734 739
363 2 2 1 24 742 744 743
364 2 2 1 24 742 743 163
365 2 2 1 24 39 181 744
366 2 2 1 24 178 38 174
367 2 2 1 24 176 39 744
368 2 2 1 24 177 178 745
369 2 2 1 24 178 174 745
370 2 2 1 24 743 182 36
371 2 2 1 24 163 743 36
372 2 2 1 24 175 742 746
373 2 2 1 24 742 162 746
374 2 2 1 24 35 177 745
375 2 2 1 24 161 35 745
376 2 2 1 24 176 742 175
377 2 2 1 24 162 742 163
378 2 2 1 24 175 746 174
379 2 2 1 24 161 746 162
380 2 2 1 24 745 174 746
381 2 2 1 24 743 181 182
382 2 2 1 24 181 743 744
383 2 2 1 24 161 745 746
384 2 2 1 24 176 744 742
385 2 2 1 25 41 193 187
386 2 2 1 25 747 194 40
387 2 2 1 25 183 747 40
388 2 2 1 25 173 192 38
389 2 2 1 25 748 749 172
390 2 2 1 25 172 749 173
391 2 2 1 25 184 751 750
392 2 2 1 25 748 752 749
393 2 2 1 25 751 171 750
394 2 2 1 25 37 194 747
395 2 2 1 25 37 747 170
396 2 2 1 25 753 749 754
397 2 2 1 25 754 755 753
398 2 2 1 25 752 754 749
399 2 2 1 25 755 193 753
400 2 2 1 25 754 752 186
401 2 2 1 25 193 755 187
402 2 2 1 25 754 186 187
403 2 2 1 25 755 754 187
404 2 2 1 25 186 752 185
405 2 2 1 25 748 172 751
406 2 2 1 25 184 750 183
407 2 2 1 25 170 750 171
408 2 2 1 25 171 751 172
409 2 2 1 25 185 751 184
410 2 2 1 25 748 185 752
411 2 2 1 25 185 748 751
412 2 2 1 25 170 747 750
413 2 2 1 25 747 183 750
414 2 2 1 25 749 753 173
415 2 2 1 25 753 193 192
416 2 2 1 25 753 192 173
417 2 2 1 26 195 39 756
418 2 2 1 26 756 39 176
419 2 2 1 26 195 756 42
420 2 2 1 26 188 193 41
421 2 2 1 26 756 191 42
422 2 2 1 26 192 193 757
423 2 2 1 26 193 188 757
424 2 2 1 26 758 757 759
425 2 2 1 26 189 759 757
426 2 2 1 26 174 758 759
427 2 2 1 26 759 190 760
428 2 2 1 26 175 759 760
429 2 2 1 26 191 760 190
430 2 2 1 26 175 760 176
431 2 2 1 26 759 175 174
432 2 2 1 26 192 758 38
433 2 2 1 26 758 192 757
434 2 2 1 26 758 174 38
435 2 2 1 26 756 176 760
436 2 2 1 26 191 756 760
437 2 2 1 26 759 189 190
438 2 2 1 26 189 757 188
439 2 2 1 27 761 762 187
440 2 2 1 27 763 207 764
441 2 2 1 27 765 766 761
442 2 2 1 27 187 206 41
443 2 2 1 27 765 198 766
444 2 2 1 27 44 207 200
445 2 2 1 27 761 186 765
446 2 2 1 27 40 208 767
447 2 2 1 27 40 767 183
448 2 2 1 27 767 208 43
449 2 2 1 27 196 767 43
450 2 2 1 27 763 762 200
451 2 2 1 27 762 199 200
452 2 2 1 27 186 761 187
453 2 2 1 27 199 762 766
454 2 2 1 27 762 761 766
455 2 2 1 27 197 769 768
456 2 2 1 27 769 184 768
457 2 2 1 27 199 766 198
458 2 2 1 27 768 196 197
459 2 2 1 27 183 767 768
460 2 2 1 27 767 196 768
461 2 2 1 27 768 184 183
462 2 2 1 27 769 197 198
463 2 2 1 27 769 185 184
464 2 2 1 27 762 763 764
465 2 2 1 27 185 765 186
466 2 2 1 27 198 765 769
467 2 2 1 27 765 185 769
468 2 2 1 27 206 764 207
469 2 2 1 27 762 764 187
470 2 2 1 27 207 763 200
471 2 2 1 27 764 206 187
472 2 2 1 28 209 42 770
473 2 2 1 28 770 42 191
474 2 2 1 28 209 770 45
475 2 2 1 28 770 205 45
476 2 2 1 28 771 204 772
477 2 2 1 28 190 771 772
478 2 2 1 28 203 771 773
479 2 2 1 28 207 44 201
480 2 2 1 28 771 189 773
481 2 2 1 28 41 206 774
482 2 2 1 28 188 41 774
483 2 2 1 28 207 201 775
484 2 2 1 28 201 202 775
485 2 2 1 28 204 771 203
486 2 2 1 28 189 771 190
487 2 2 1 28 775 202 774
488 2 2 1 28 775 206 207
489 2 2 1 28 206 775 774
490 2 2 1 28 773 189 188
491 2 2 1 28 773 202 203
492 2 2 1 28 190 772 191
493 2 2 1 28 205 772 204
494 2 2 1 28 770 191 772
495 2 2 1 28 205 770 772
496 2 2 1 28 774 202 773
497 2 2 1 28 188 774 773
498 2 2 1 29 200 777 776
499 2 2 1 29 200 776 778
500 2 2 1 29 215 222 778
501 2 2 1 29 47 222 215
502 2 2 1 29 778 214 215
503 2 2 1 29 779 223 46
504 2 2 1 29 43 223 779
505 2 2 1 29 43 779 196
506 2 2 1 29 210 779 46
507 2 2 1 29 778 221 200
508 2 2 1 29 200 221 44
509 2 2 1 29 777 200 199
510 2 2 1 29 211 781 780
511 2 2 1 29 781 197 780
512 2 2 1 29 212 782 781
513 2 2 1 29 782 198 781
514 2 2 1 29 214 778 776
515 2 2 1 29 214 776 213
516 2 2 1 29 782 199 198
517 2 2 1 29 778 222 221
518 2 2 1 29 196 779 780
519 2 2 1 29 779 210 780
520 2 2 1 29 782 212 213
521 2 2 1 29 780 197 196
522 2 2 1 29 780 210 211
523 2 2 1 29 781 198 197
524 2 2 1 29 781 211 212
525 2 2 1 29 213 777 782
526 2 2 1 29 777 213 776
527 2 2 1 29 777 199 782
528 2 2 1 30 224 783 48
529 2 2 1 30 783 220 48
530 2 2 1 30 218 785 784
531 2 2 1 30 785 202 784
532 2 2 1 30 44 221 786
533 2 2 1 30 201 44 786
534 2 2 1 30 219 787 785
535 2 2 1 30 45 205 224
536 2 2 1 30 787 203 785
537 2 2 1 30 216 222 47
538 2 2 1 30 216 221 222
539 2 2 1 30 221 216 786
540 2 2 1 30 784 202 201
541 2 2 1 30 784 217 218
542 2 2 1 30 783 205 788
543 2 2 1 30 220 783 788
544 2 2 1 30 205 783 224
545 2 2 1 30 785 203 202
546 2 2 1 30 785 218 219
547 2 2 1 30 786 217 784
548 2 2 1 30 201 786 784
549 2 2 1 30 204 787 788
550 2 2 1 30 787 219 788
551 2 2 1 30 787 204 203
552 2 2 1 30 216 217 786
553 2 2 1 30 220 788 219
554 2 2 1 30 204 788 205
555 2 2 1 31 238 47 215
556 2 2 1 31 789 790 230
557 2 2 1 31 790 229 230
558 2 2 1 31 239 231 50
559 2 2 1 31 791 240 49
560 2 2 1 31 225 791 49
561 2 2 1 31 789 215 790
562 2 2 1 31 46 240 791
563 2 2 1 31 46 791 210
564 2 2 1 31 789 238 215
565 2 2 1 31 789 230 231
566 2 2 1 31 239 789 231
567 2 2 1 31 792 228 793
568 2 2 1 31 213 792 793
569 2 2 1 31 226 795 794
570 2 2 1 31 795 211 794
571 2 2 1 31 790 215 214
572 2 2 1 31 227 792 795
573 2 2 1 31 792 212 795
574 2 2 1 31 789 239 238
575 2 2 1 31 794 225 226
576 2 2 1 31 794 211 210
577 2 2 1 31 795 212 211
578 2 2 1 31 795 226 227
579 2 2 1 31 210 791 794
580 2 2 1 31 791 225 794
581 2 2 1 31 793 214 213
582 2 2 1 31 793 228 229
583 2 2 1 31 792 213 212
584 2 2 1 31 792 227 228
585 2 2 1 31 229 790 793
586 2 2 1 31 790 214 793
587 2 2 1 32 238 232 796
588 2 2 1 32 238 796 47
589 2 2 1 32 241 48 797
590 2 2 1 32 232 239 50
591 2 2 1 32 797 48 220
592 2 2 1 32 798 796 233
593 2 2 1 32 799 798 234
594 2 2 1 32 234 798 233
595 2 2 1 32 241 797 51
596 2 2 1 32 797 237 51
597 2 2 1 32 800 236 801
598 2 2 1 32 219 800 801
599 2 2 1 32 799 235 800
600 2 2 1 32 218 799 800
601 2 2 1 32 799 217 798
602 2 2 1 32 232 238 239
603 2 2 1 32 232 233 796
604 2 2 1 32 237 801 236
605 2 2 1 32 47 796 216
606 2 2 1 32 216 798 217
607 2 2 1 32 797 220 801
608 2 2 1 32 237 797 801
609 2 2 1 32 798 216 796
610 2 2 1 32 217 799 218
611 2 2 1 32 235 799 234
612 2 2 1 32 236 800 235
613 2 2 1 32 218 800 219
614 2 2 1 32 219 801 220
615 2 2 1 33 258 50 231
616 2 2 1 33 802 246 803
617 2 2 1 33 229 802 803
618 2 2 1 33 260 804 49
619 2 2 1 33 804 225 49
620 2 2 1 33 259 249 53
621 2 2 1 33 243 806 805
622 2 2 1 33 806 226 805
623 2 2 1 33 804 260 52
624 2 2 1 33 242 804 52
625 2 2 1 33 244 807 806
626 2 2 1 33 807 227 806
627 2 2 1 33 245 802 807
628 2 2 1 33 802 228 807
629 2 2 1 33 808 231 809
630 2 2 1 33 810 809 231
631 2 2 1 33 810 231 230
632 2 2 1 33 808 258 231
633 2 2 1 33 259 808 249
634 2 2 1 33 808 809 248
635 2 2 1 33 809 810 247
636 2 2 1 33 808 248 249
637 2 2 1 33 258 808 259
638 2 2 1 33 809 247 248
639 2 2 1 33 805 242 243
640 2 2 1 33 805 226 225
641 2 2 1 33 806 227 226
642 2 2 1 33 806 243 244
643 2 2 1 33 807 228 227
644 2 2 1 33 807 244 245
645 2 2 1 33 225 804 805
646 2 2 1 33 804 242 805
647 2 2 1 33 803 230 229
648 2 2 1 33 803 246 247
649 2 2 1 33 802 229 228
650 2 2 1 33 802 245 246
651 2 2 1 33 247 810 803
652 2 2 1 33 810 230 803
653 2 2 1 34 261 811 54
654 2 2 1 34 259 53 250
655 2 2 1 34 811 257 54
656 2 2 1 34 261 51 811
657 2 2 1 34 811 51 237
658 2 2 1 34 812 813 50
659 2 2 1 34 813 232 50
660 2 2 1 34 251 812 250
661 2 2 1 34 812 259 250
662 2 2 1 34 259 812 258
663 2 2 1 34 814 256 815
664 2 2 1 34 236 814 815
665 2 2 1 34 253 817 816
666 2 2 1 34 817 233 816
667 2 2 1 34 818 255 814
668 2 2 1 34 235 818 814
669 2 2 1 34 254 818 817
670 2 2 1 34 818 234 817
671 2 2 1 34 813 812 251
672 2 2 1 34 813 251 252
673 2 2 1 34 258 812 50
674 2 2 1 34 815 256 257
675 2 2 1 34 815 237 236
676 2 2 1 34 814 236 235
677 2 2 1 34 814 255 256
678 2 2 1 34 818 235 234
679 2 2 1 34 818 254 255
680 2 2 1 34 816 252 253
681 2 2 1 34 816 233 232
682 2 2 1 34 817 253 254
683 2 2 1 34 817 234 233
684 2 2 1 34 813 252 816
685 2 2 1 34 232 813 816
686 2 2 1 34 257 811 815
687 2 2 1 34 811 237 815
688 2 2 1 35 269 819 268
689 2 2 1 35 268 819 820
690 2 2 1 35 819 249 248
691 2 2 1 35 819 248 820
692 2 2 1 35 282 821 52
693 2 2 1 35 821 242 52
694 2 2 1 35 822 267 820
695 2 2 1 35 247 822 820
696 2 2 1 35 249 280 53
697 2 2 1 35 263 824 823
698 2 2 1 35 824 243 823
699 2 2 1 35 821 282 55
700 2 2 1 35 262 821 55
701 2 2 1 35 264 825 824
702 2 2 1 35 825 244 824
703 2 2 1 35 265 826 825
704 2 2 1 35 826 245 825
705 2 2 1 35 266 822 826
706 2 2 1 35 822 246 826
707 2 2 1 35 827 819 269
708 2 2 1 35 281 270 56
709 2 2 1 35 827 249 819
710 2 2 1 35 827 280 249
711 2 2 1 35 281 827 270
712 2 2 1 35 827 269 270
713 2 2 1 35 280 827 281
714 2 2 1 35 823 262 263
715 2 2 1 35 823 243 242
716 2 2 1 35 824 244 243
717 2 2 1 35 824 263 264
718 2 2 1 35 242 821 823
719 2 2 1 35 821 262 823
720 2 2 1 35 825 245 244
721 2 2 1 35 825 264 265
722 2 2 1 35 826 265 266
723 2 2 1 35 826 246 245
724 2 2 1 35 820 248 247
725 2 2 1 35 820 267 268
726 2 2 1 35 822 247 246
727 2 2 1 35 822 266 267
728 2 2 1 36 283 828 57
729 2 2 1 36 828 279 57
730 2 2 1 36 251 830 829
731 2 2 1 36 251 829 252
732 2 2 1 36 831 832 53
733 2 2 1 36 832 250 53
734 2 2 1 36 832 273 830
735 2 2 1 36 250 832 251
736 2 2 1 36 281 56 833
737 2 2 1 36 833 56 271
738 2 2 1 36 283 54 828
739 2 2 1 36 828 54 257
740 2 2 1 36 251 832 830
741 2 2 1 36 834 278 835
742 2 2 1 36 256 834 835
743 2 2 1 36 836 277 834
744 2 2 1 36 255 836 834
745 2 2 1 36 837 276 836
746 2 2 1 36 254 837 836
747 2 2 1 36 838 275 837
748 2 2 1 36 253 838 837
749 2 2 1 36 831 272 832
750 2 2 1 36 832 272 273
751 2 2 1 36 831 280 833
752 2 2 1 36 833 272 831
753 2 2 1 36 281 833 280
754 2 2 1 36 280 831 53
755 2 2 1 36 279 835 278
756 2 2 1 36 256 835 257
757 2 2 1 36 272 833 271
758 2 2 1 36 278 834 277
759 2 2 1 36 255 834 256
760 2 2 1 36 274 830 273
761 2 2 1 36 252 838 253
762 2 2 1 36 275 838 274
763 2 2 1 36 277 836 276
764 2 2 1 36 254 836 255
765 2 2 1 36 829 274 838
766 2 2 1 36 274 829 830
767 2 2 1 36 252 829 838
768 2 2 1 36 276 837 275
769 2 2 1 36 253 837 254
770 2 2 1 36 828 257 835
771 2 2 1 36 279 828 835
772 2 2 1 37 839 306 58
773 2 2 1 37 284 839 58
774 2 2 1 37 59 305 840
775 2 2 1 37 59 840 293
776 2 2 1 37 285 842 841
777 2 2 1 37 842 263 841
778 2 2 1 37 306 839 55
779 2 2 1 37 839 262 55
780 2 2 1 37 287 844 843
781 2 2 1 37 844 265 843
782 2 2 1 37 286 843 842
783 2 2 1 37 843 264 842
784 2 2 1 37 288 845 844
785 2 2 1 37 845 266 844
786 2 2 1 37 846 290 847
787 2 2 1 37 268 846 847
788 2 2 1 37 262 839 841
789 2 2 1 37 304 56 270
790 2 2 1 37 839 284 841
791 2 2 1 37 289 846 845
792 2 2 1 37 846 267 845
793 2 2 1 37 291 848 847
794 2 2 1 37 848 270 269
795 2 2 1 37 848 269 847
796 2 2 1 37 840 850 849
797 2 2 1 37 850 270 849
798 2 2 1 37 840 292 293
799 2 2 1 37 270 850 304
800 2 2 1 37 305 850 840
801 2 2 1 37 850 305 304
802 2 2 1 37 848 291 292
803 2 2 1 37 841 263 262
804 2 2 1 37 841 284 285
805 2 2 1 37 842 264 263
806 2 2 1 37 842 285 286
807 2 2 1 37 843 265 264
808 2 2 1 37 843 286 287
809 2 2 1 37 844 266 265
810 2 2 1 37 844 287 288
811 2 2 1 37 845 267 266
812 2 2 1 37 845 288 289
813 2 2 1 37 846 268 267
814 2 2 1 37 846 289 290
815 2 2 1 37 847 269 268
816 2 2 1 37 847 290 291
817 2 2 1 37 292 849 848
818 2 2 1 37 849 270 848
819 2 2 1 37 849 292 840
820 2 2 1 38 307 851 60
821 2 2 1 38 851 303 60
822 2 2 1 38 852 302 853
823 2 2 1 38 278 852 853
824 2 2 1 38 851 307 57
825 2 2 1 38 279 851 57
826 2 2 1 38 854 300 855
827 2 2 1 38 276 854 855
828 2 2 1 38 856 296 297
829 2 2 1 38 855 301 852
830 2 2 1 38 294 305 59
831 2 2 1 38 277 855 852
832 2 2 1 38 857 299 854
833 2 2 1 38 275 857 854
834 2 2 1 38 858 298 857
835 2 2 1 38 304 859 56
836 2 2 1 38 274 858 857
837 2 2 1 38 860 856 271
838 2 2 1 38 859 860 271
839 2 2 1 38 861 297 858
840 2 2 1 38 273 861 858
841 2 2 1 38 860 296 856
842 2 2 1 38 859 304 294
843 2 2 1 38 859 294 295
844 2 2 1 38 860 295 296
845 2 2 1 38 305 294 304
846 2 2 1 38 860 859 295
847 2 2 1 38 300 854 299
848 2 2 1 38 303 851 853
849 2 2 1 38 851 279 853
850 2 2 1 38 56 859 271
851 2 2 1 38 275 854 276
852 2 2 1 38 271 856 272
853 2 2 1 38 278 853 279
854 2 2 1 38 303 853 302
855 2 2 1 38 277 852 278
856 2 2 1 38 302 852 301
857 2 2 1 38 276 855 277
858 2 2 1 38 301 855 300
859 2 2 1 38 273 858 274
860 2 2 1 38 298 858 297
861 2 2 1 38 272 861 273
862 2 2 1 38 297 861 856
863 2 2 1 38 861 272 856
864 2 2 1 38 274 857 275
865 2 2 1 38 299 857 298
866 2 2 1 39 62 331 862
867 2 2 1 39 318 62 862
868 2 2 1 39 332 863 58
869 2 2 1 39 863 284 58
870 2 2 1 39 863 332 61
871 2 2 1 39 308 863 61
872 2 2 1 39 309 865 864
873 2 2 1 39 865 285 864
874 2 2 1 39 866 316 867
875 2 2 1 39 867 316 317
876 2 2 1 39 866 867 293
877 2 2 1 39 868 315 869
878 2 2 1 39 291 868 869
879 2 2 1 39 862 870 867
880 2 2 1 39 870 330 59
881 2 2 1 39 870 293 867
882 2 2 1 39 293 870 59
883 2 2 1 39 312 872 871
884 2 2 1 39 872 288 871
885 2 2 1 39 310 873 865
886 2 2 1 39 873 286 865
887 2 2 1 39 311 871 873
888 2 2 1 39 871 287 873
889 2 2 1 39 313 874 872
890 2 2 1 39 874 289 872
891 2 2 1 39 314 868 874
892 2 2 1 39 868 290 874
893 2 2 1 39 292 866 293
894 2 2 1 39 862 317 318
895 2 2 1 39 331 870 862
896 2 2 1 39 870 331 330
897 2 2 1 39 864 285 284
898 2 2 1 39 284 863 864
899 2 2 1 39 863 308 864
900 2 2 1 39 864 308 309
901 2 2 1 39 865 286 285
902 2 2 1 39 865 309 310
903 2 2 1 39 873 310 311
904 2 2 1 39 873 287 286
905 2 2 1 39 871 288 287
906 2 2 1 39 871 311 312
907 2 2 1 39 872 289 288
908 2 2 1 39 872 312 313
909 2 2 1 39 874 290 289
910 2 2 1 39 874 313 314
911 2 2 1 39 868 291 290
912 2 2 1 39 868 314 315
913 2 2 1 39 869 292 291
914 2 2 1 39 869 315 316
915 2 2 1 39 867 317 862
916 2 2 1 39 316 866 869
917 2 2 1 39 866 292 869
918 2 2 1 40 333 875 63
919 2 2 1 40 875 329 63
920 2 2 1 40 331 62 319
921 2 2 1 40 876 877 320
922 2 2 1 40 877 876 294
923 2 2 1 40 320 321 876
924 2 2 1 40 876 321 322
925 2 2 1 40 878 328 879
926 2 2 1 40 302 878 879
927 2 2 1 40 330 880 877
928 2 2 1 40 330 877 59
929 2 2 1 40 875 333 60
930 2 2 1 40 303 875 60
931 2 2 1 40 881 325 882
932 2 2 1 40 299 881 882
933 2 2 1 40 883 327 878
934 2 2 1 40 301 883 878
935 2 2 1 40 882 326 883
936 2 2 1 40 300 882 883
937 2 2 1 40 884 324 881
938 2 2 1 40 298 884 881
939 2 2 1 40 885 323 884
940 2 2 1 40 297 885 884
941 2 2 1 40 886 322 885
942 2 2 1 40 296 886 885
943 2 2 1 40 877 880 320
944 2 2 1 40 875 303 879
945 2 2 1 40 329 875 879
946 2 2 1 40 331 319 880
947 2 2 1 40 319 320 880
948 2 2 1 40 59 877 294
949 2 2 1 40 331 880 330
950 2 2 1 40 294 876 295
951 2 2 1 40 302 879 303
952 2 2 1 40 329 879 328
953 2 2 1 40 301 878 302
954 2 2 1 40 328 878 327
955 2 2 1 40 300 883 301
956 2 2 1 40 327 883 326
957 2 2 1 40 299 882 300
958 2 2 1 40 326 882 325
959 2 2 1 40 297 884 298
960 2 2 1 40 324 884 323
961 2 2 1 40 298 881 299
962 2 2 1 40 325 881 324
963 2 2 1 40 296 885 297
964 2 2 1 40 323 885 322
965 2 2 1 40 295 886 296
966 2 2 1 40 322 886 876
967 2 2 1 40 886 295 876
968 2 2 1 41 344 888 887
969 2 2 1 41 65 358 888
970 2 2 1 41 888 318 887
971 2 2 1 41 359 889 61
972 2 2 1 41 890 338 891
973 2 2 1 41 890 891 312
974 2 2 1 41 334 892 889
975 2 2 1 41 893 337 890
976 2 2 1 41 893 890 311
977 2 2 1 41 892 335 894
978 2 2 1 41 892 894 309
979 2 2 1 41 894 336 893
980 2 2 1 41 894 893 310
981 2 2 1 41 891 339 895
982 2 2 1 41 891 895 313
983 2 2 1 41 343 887 896
984 2 2 1 41 896 887 317
985 2 2 1 41 897 342 896
986 2 2 1 41 897 896 316
987 2 2 1 41 895 340 898
988 2 2 1 41 895 898 314
989 2 2 1 41 898 341 897
990 2 2 1 41 65 888 345
991 2 2 1 41 898 897 315
992 2 2 1 41 888 358 62
993 2 2 1 41 318 888 62
994 2 2 1 41 892 334 335
995 2 2 1 41 889 892 308
996 2 2 1 41 889 308 61
997 2 2 1 41 344 887 343
998 2 2 1 41 889 359 64
999 2 2 1 41 334 889 64
1000 2 2 1 41 317 887 318
1001 2 2 1 41 892 309 308
1002 2 2 1 41 345 888 344
1003 2 2 1 41 896 342 343
1004 2 2 1 41 896 317 316
1005 2 2 1 41 897 341 342
1006 2 2 1 41 897 316 315
1007 2 2 1 41 898 315 314
1008 2 2 1 41 898 340 341
1009 2 2 1 41 895 314 313
1010 2 2 1 41 895 339 340
1011 2 2 1 41 891 313 312
1012 2 2 1 41 891 338 339
1013 2 2 1 41 890 337 338
1014 2 2 1 41 890 312 311
1015 2 2 1 41 893 336 337
1016 2 2 1 41 893 311 310
1017 2 2 1 41 894 310 309
1018 2 2 1 41 894 335 336
1019 2 2 1 42 899 347 900
1020 2 2 1 42 358 65 346
1021 2 2 1 42 900 347 348
1022 2 2 1 42 347 899 346
1023 2 2 1 42 899 62 358
1024 2 2 1 42 899 358 346
1025 2 2 1 42 901 900 348
1026 2 2 1 42 901 348 349
1027 2 2 1 42 900 319 899
1028 2 2 1 42 902 329 903
1029 2 2 1 42 357 902 903
1030 2 2 1 42 360 63 902
1031 2 2 1 42 63 329 902
1032 2 2 1 42 360 902 66
1033 2 2 1 42 902 357 66
1034 2 2 1 42 904 356 903
1035 2 2 1 42 328 904 903
1036 2 2 1 42 905 355 904
1037 2 2 1 42 327 905 904
1038 2 2 1 42 906 351 907
1039 2 2 1 42 323 906 907
1040 2 2 1 42 908 354 905
1041 2 2 1 42 326 908 905
1042 2 2 1 42 909 353 908
1043 2 2 1 42 325 909 908
1044 2 2 1 42 910 350 906
1045 2 2 1 42 322 910 906
1046 2 2 1 42 907 352 909
1047 2 2 1 42 324 907 909
1048 2 2 1 42 901 349 910
1049 2 2 1 42 321 901 910
1050 2 2 1 42 901 320 900
1051 2 2 1 42 320 901 321
1052 2 2 1 42 62 899 319
1053 2 2 1 42 319 900 320
1054 2 2 1 42 328 903 329
1055 2 2 1 42 357 903 356
1056 2 2 1 42 327 904 328
1057 2 2 1 42 356 904 355
1058 2 2 1 42 326 905 327
1059 2 2 1 42 355 905 354
1060 2 2 1 42 325 908 326
1061 2 2 1 42 354 908 353
1062 2 2 1 42 324 909 325
1063 2 2 1 42 353 909 352
1064 2 2 1 42 323 907 324
1065 2 2 1 42 352 907 351
1066 2 2 1 42 322 906 323
1067 2 2 1 42 351 906 350
1068 2 2 1 42 321 910 322
1069 2 2 1 42 350 910 349
1070 2 2 1 43 372 912 911
1071 2 2 1 43 911 912 344
1072 2 2 1 43 68 388 374
1073 2 2 1 43 913 388 65
1074 2 2 1 43 345 913 65
1075 2 2 1 43 389 914 64
1076 2 2 1 43 914 915 334
1077 2 2 1 43 361 915 914
1078 2 2 1 43 371 911 916
1079 2 2 1 43 916 911 343
1080 2 2 1 43 917 363 918
1081 2 2 1 43 917 918 336
1082 2 2 1 43 915 362 917
1083 2 2 1 43 915 917 335
1084 2 2 1 43 918 364 919
1085 2 2 1 43 918 919 337
1086 2 2 1 43 919 365 920
1087 2 2 1 43 919 920 338
1088 2 2 1 43 920 366 921
1089 2 2 1 43 920 921 339
1090 2 2 1 43 922 368 923
1091 2 2 1 43 922 923 341
1092 2 2 1 43 921 367 922
1093 2 2 1 43 921 922 340
1094 2 2 1 43 923 369 924
1095 2 2 1 43 923 924 342
1096 2 2 1 43 914 334 64
1097 2 2 1 43 371 372 911
1098 2 2 1 43 912 373 913
1099 2 2 1 43 345 912 913
1100 2 2 1 43 912 372 373
1101 2 2 1 43 344 912 345
1102 2 2 1 43 913 374 388
1103 2 2 1 43 374 913 373
1104 2 2 1 43 334 915 335
1105 2 2 1 43 342 924 916
1106 2 2 1 43 370 924 369
1107 2 2 1 43 924 370 916
1108 2 2 1 43 916 370 371
1109 2 2 1 43 916 343 342
1110 2 2 1 43 911 344 343
1111 2 2 1 43 369 923 368
1112 2 2 1 43 341 923 342
1113 2 2 1 43 362 915 361
1114 2 2 1 43 363 917 362
1115 2 2 1 43 335 917 336
1116 2 2 1 43 914 389 67
1117 2 2 1 43 361 914 67
1118 2 2 1 43 336 918 337
1119 2 2 1 43 364 918 363
1120 2 2 1 43 337 919 338
1121 2 2 1 43 365 919 364
1122 2 2 1 43 338 920 339
1123 2 2 1 43 366 920 365
1124 2 2 1 43 339 921 340
1125 2 2 1 43 340 922 341
1126 2 2 1 43 368 922 367
1127 2 2 1 43 367 921 366
1128 2 2 1 44 925 926 376
1129 2 2 1 44 925 376 927
1130 2 2 1 44 378 929 928
1131 2 2 1 44 928 929 348
1132 2 2 1 44 377 927 376
1133 2 2 1 44 928 927 377
1134 2 2 1 44 347 928 348
1135 2 2 1 44 346 927 347
1136 2 2 1 44 347 927 928
1137 2 2 1 44 930 390 66
1138 2 2 1 44 928 377 378
1139 2 2 1 44 931 930 357
1140 2 2 1 44 357 930 66
1141 2 2 1 44 927 346 925
1142 2 2 1 44 65 925 346
1143 2 2 1 44 926 925 388
1144 2 2 1 44 926 68 375
1145 2 2 1 44 388 68 926
1146 2 2 1 44 376 926 375
1147 2 2 1 44 388 925 65
1148 2 2 1 44 387 931 386
1149 2 2 1 44 931 387 930
1150 2 2 1 44 386 931 932
1151 2 2 1 44 932 931 356
1152 2 2 1 44 385 932 933
1153 2 2 1 44 933 932 355
1154 2 2 1 44 384 933 934
1155 2 2 1 44 934 933 354
1156 2 2 1 44 383 934 935
1157 2 2 1 44 935 934 353
1158 2 2 1 44 379 936 929
1159 2 2 1 44 929 936 349
1160 2 2 1 44 382 935 937
1161 2 2 1 44 937 935 352
1162 2 2 1 44 380 938 936
1163 2 2 1 44 936 938 350
1164 2 2 1 44 381 937 938
1165 2 2 1 44 938 937 351
1166 2 2 1 44 356 931 357
1167 2 2 1 44 386 932 385
1168 2 2 1 44 355 932 356
1169 2 2 1 44 385 933 384
1170 2 2 1 44 354 933 355
1171 2 2 1 44 384 934 383
1172 2 2 1 44 353 934 354
1173 2 2 1 44 383 935 382
1174 2 2 1 44 352 935 353
1175 2 2 1 44 382 937 381
1176 2 2 1 44 351 937 352
1177 2 2 1 44 350 938 351
1178 2 2 1 44 381 938 380
1179 2 2 1 44 349 936 350
1180 2 2 1 44 390 930 69
1181 2 2 1 44 930 387 69
1182 2 2 1 44 348 929 349
1183 2 2 1 44 379 929 378
1184 2 2 1 44 380 936 379
1185 2 2 1 45 420 939 67
1186 2 2 1 45 939 940 361
1187 2 2 1 45 391 940 939
1188 2 2 1 45 71 419 404
1189 2 2 1 45 940 392 941
1190 2 2 1 45 940 941 362
1191 2 2 1 45 941 393 942
1192 2 2 1 45 941 942 363
1193 2 2 1 45 403 944 943
1194 2 2 1 45 404 944 403
1195 2 2 1 45 942 364 363
1196 2 2 1 45 942 393 394
1197 2 2 1 45 364 942 394
1198 2 2 1 45 373 943 374
1199 2 2 1 45 403 943 402
1200 2 2 1 45 943 373 402
1201 2 2 1 45 939 361 67
1202 2 2 1 45 368 398 369
1203 2 2 1 45 369 399 370
1204 2 2 1 45 941 363 362
1205 2 2 1 45 941 392 393
1206 2 2 1 45 943 944 374
1207 2 2 1 45 398 399 369
1208 2 2 1 45 402 372 401
1209 2 2 1 45 939 420 70
1210 2 2 1 45 391 939 70
1211 2 2 1 45 944 419 68
1212 2 2 1 45 419 944 404
1213 2 2 1 45 374 944 68
1214 2 2 1 45 940 362 361
1215 2 2 1 45 940 391 392
1216 2 2 1 45 396 366 395
1217 2 2 1 45 395 366 365
1218 2 2 1 45 398 368 397
1219 2 2 1 45 397 368 367
1220 2 2 1 45 364 394 365
1221 2 2 1 45 370 400 371
1222 2 2 1 45 365 394 395
1223 2 2 1 45 401 371 400
1224 2 2 1 45 396 397 367
1225 2 2 1 45 370 399 400
1226 2 2 1 45 396 367 366
1227 2 2 1 45 401 372 371
1228 2 2 1 45 402 373 372
1229 2 2 1 46 945 406 375
1230 2 2 1 46 945 68 419
1231 2 2 1 46 946 421 69
1232 2 2 1 46 947 946 387
1233 2 2 1 46 387 946 69
1234 2 2 1 46 376 375 948
1235 2 2 1 46 948 406 407
1236 2 2 1 46 949 376 948
1237 2 2 1 46 948 375 406
1238 2 2 1 46 375 68 945
1239 2 2 1 46 376 949 377
1240 2 2 1 46 410 950 409
1241 2 2 1 46 948 407 949
1242 2 2 1 46 949 407 408
1243 2 2 1 46 378 950 379
1244 2 2 1 46 945 71 405
1245 2 2 1 46 419 71 945
1246 2 2 1 46 406 945 405
1247 2 2 1 46 386 947 387
1248 2 2 1 46 418 947 417
1249 2 2 1 46 385 951 386
1250 2 2 1 46 417 951 416
1251 2 2 1 46 384 952 385
1252 2 2 1 46 416 952 415
1253 2 2 1 46 947 418 946
1254 2 2 1 46 417 947 951
1255 2 2 1 46 951 947 386
1256 2 2 1 46 415 952 953
1257 2 2 1 46 953 952 384
1258 2 2 1 46 416 951 952
1259 2 2 1 46 952 951 385
1260 2 2 1 46 414 953 954
1261 2 2 1 46 954 953 383
1262 2 2 1 46 413 954 955
1263 2 2 1 46 955 954 382
1264 2 2 1 46 410 956 950
1265 2 2 1 46 950 956 379
1266 2 2 1 46 412 955 957
1267 2 2 1 46 957 955 381
1268 2 2 1 46 409 950 958
1269 2 2 1 46 958 950 378
1270 2 2 1 46 411 957 956
1271 2 2 1 46 956 957 380
1272 2 2 1 46 383 953 384
1273 2 2 1 46 415 953 414
1274 2 2 1 46 382 954 383
1275 2 2 1 46 414 954 413
1276 2 2 1 46 381 955 382
1277 2 2 1 46 413 955 412
1278 2 2 1 46 380 957 381
1279 2 2 1 46 377 949 408
1280 2 2 1 46 412 957 411
1281 2 2 1 46 379 956 380
1282 2 2 1 46 411 956 410
1283 2 2 1 46 958 377 408
1284 2 2 1 46 409 958 408
1285 2 2 1 46 377 958 378
1286 2 2 1 46 421 946 72
1287 2 2 1 46 946 418 72
1288 2 2 1 47 392 391 423
1289 2 2 1 47 70 959 391
1290 2 2 1 47 399 430 431
1291 2 2 1 47 393 392 424
1292 2 2 1 47 422 959 73
1293 2 2 1 47 959 422 391
1294 2 2 1 47 430 398 429
1295 2 2 1 47 959 70 73
1296 2 2 1 47 399 398 430
1297 2 2 1 47 452 960 74
1298 2 2 1 47 960 436 74
1299 2 2 1 47 433 402 401
1300 2 2 1 47 433 434 402
1301 2 2 1 47 960 404 436
1302 2 2 1 47 400 431 432
1303 2 2 1 47 960 452 71
1304 2 2 1 47 429 397 428
1305 2 2 1 47 404 960 71
1306 2 2 1 47 429 398 397
1307 2 2 1 47 435 436 404
1308 2 2 1 47 400 399 431
1309 2 2 1 47 428 396 427
1310 2 2 1 47 427 395 426
1311 2 2 1 47 427 396 395
1312 2 2 1 47 394 425 426
1313 2 2 1 47 424 425 393
1314 2 2 1 47 435 404 403
1315 2 2 1 47 393 425 394
1316 2 2 1 47 423 391 422
1317 2 2 1 47 395 394 426
1318 2 2 1 47 397 396 428
1319 2 2 1 47 424 392 423
1320 2 2 1 47 432 401 400
1321 2 2 1 47 434 435 403
1322 2 2 1 47 433 401 432
1323 2 2 1 47 434 403 402
1324 2 2 1 48 449 416 448
1325 2 2 1 48 439 406 438
1326 2 2 1 48 438 406 405
1327 2 2 1 48 445 446 413
1328 2 2 1 48 448 416 415
1329 2 2 1 48 439 440 407
1330 2 2 1 48 448 415 447
1331 2 2 1 48 450 417 449
1332 2 2 1 48 447 415 414
1333 2 2 1 48 413 446 414
1334 2 2 1 48 444 445 412
1335 2 2 1 48 407 406 439
1336 2 2 1 48 438 405 961
1337 2 2 1 48 961 405 71
1338 2 2 1 48 452 961 71
1339 2 2 1 48 444 411 443
1340 2 2 1 48 442 443 410
1341 2 2 1 48 961 74 437
1342 2 2 1 48 414 446 447
1343 2 2 1 48 410 443 411
1344 2 2 1 48 452 74 961
1345 2 2 1 48 438 961 437
1346 2 2 1 48 412 445 413
1347 2 2 1 48 407 440 408
1348 2 2 1 48 442 409 441
1349 2 2 1 48 449 417 416
1350 2 2 1 48 412 411 444
1351 2 2 1 48 451 963 962
1352 2 2 1 48 962 963 418
1353 2 2 1 48 441 409 408
1354 2 2 1 48 963 72 418
1355 2 2 1 48 408 440 441
1356 2 2 1 48 963 451 75
1357 2 2 1 48 72 963 75
1358 2 2 1 48 962 418 417
1359 2 2 1 48 962 450 451
1360 2 2 1 48 409 442 410
1361 2 2 1 48 450 962 417
1362 2 2 4 49 473 474 1056
1363 2 2 4 49 478 479 1057
1364 2 2 4 49 432 431 1058
1365 2 2 4 49 981 1051 1187
1366 2 2 4 49 1051 1017 1187
1367 2 2 4 49 1104 1068 1245
1368 2 2 4 49 1114 1034 1134
1369 2 2 4 49 980 1044 1119
1370 2 2 4 49 1002 1068 1104
1371 2 2 4 49 1072 991 1142
1372 2 2 4 49 1029 1072 1142
1373 2 2 4 49 989 1039 1085
1374 2 2 4 49 992 1074 1145
1375 2 2 4 49 1045 978 1097
1376 2 2 4 49 441 1048 1103
1377 2 2 4 49 1074 1030 1145
1378 2 2 4 49 1054 986 1149
1379 2 2 4 49 1020 1068 1120
1380 2 2 4 49 1068 986 1120
1381 2 2 4 49 434 1053 1161
1382 2 2 4 49 1039 989 1099
1383 2 2 4 49 996 1065 1117
1384 2 2 4 49 995 1114 1134
1385 2 2 4 49 1056 474 1076
1386 2 2 4 49 1040 459 1101
1387 2 2 4 49 1070 1022 1122
1388 2 2 4 49 987 1070 1122
1389 2 2 4 49 966 1045 1118
1390 2 2 4 49 988 1063 1182
1391 2 2 4 49 1063 1021 1182
1392 2 2 4 49 994 1041 1102
1393 2 2 4 49 993 1040 1101
1394 2 2 4 49 1046 424 1162
1395 2 2 4 49 1040 993 1132
1396 2 2 4 49 445 1041 1238
1397 2 2 4 49 981 1048 1129
1398 2 2 4 49 1048 998 1129
1399 2 2 4 49 471 1047 1164
1400 2 2 4 49 459 1040 1230
1401 2 2 4 49 1060 1019 1092
1402 2 2 4 49 1041 994 1151
1403 2 2 4 49 1049 481 1166
1404 2 2 4 49 1116 999 1221
1405 2 2 4 49 73 453 1126
1406 2 2 4 49 1073 968 1150
1407 2 2 4 49 1028 1073 1150
1408 2 2 4 49 987 1056 1152
1409 2 2 4 49 1041 445 1102
1410 2 2 4 49 1050 991 1080
1411 2 2 4 49 468 76 1128
1412 2 2 4 49 1042 977 1094
1413 2 2 4 49 1059 994 1100
1414 2 2 4 49 1021 1063 1093
1415 2 2 4 49 1060 985 1188
1416 2 2 4 49 970 1059 1100
1417 2 2 4 49 978 1043 1096
1418 2 2 4 49 1019 1060 1188
1419 2 2 4 49 977 1042 1153
1420 2 2 4 49 992 1052 1081
1421 2 2 4 49 422 73 1126
1422 2 2 4 49 999 1069 1131
1423 2 2 4 49 1043 978 1155
1424 2 2 4 49 457 458 1065
1425 2 2 4 49 1050 967 1142
1426 2 2 4 49 998 1048 1219
1427 2 2 4 49 990 1045 1097
1428 2 2 4 49 1072 1029 1206
1429 2 2 4 49 990 1061 1179
1430 2 2 4 49 76 469 1128
1431 2 2 4 49 1072 1206 1276
1432 2 2 4 49 1038 1116 1221
1433 2 2 4 49 968 1052 1145
1434 2 2 4 49 983 1050 1080
1435 2 2 4 49 1045 966 1158
1436 2 2 4 49 1130 1055 1132
1437 2 2 4 49 1017 1051 1201
1438 2 2 4 49 1045 990 1118
1439 2 2 4 49 1044 980 1173
1440 2 2 4 49 75 451 1135
1441 2 2 4 49 978 1045 1254
1442 2 2 4 49 965 1104 1245
1443 2 2 4 49 1052 984 1081
1444 2 2 4 49 483 75 1135
1445 2 2 4 49 1148 1023 1214
1446 2 2 4 49 1046 1005 1175
1447 2 2 4 49 1092 1019 1252
1448 2 2 4 49 1030 1074 1207
1449 2 2 4 49 1005 1046 1227
1450 2 2 4 49 1052 968 1191
1451 2 2 4 49 1021 1093 1253
1452 2 2 4 49 1207 1074 1281
1453 2 2 4 49 1197 1085 1259
1454 2 2 4 49 1007 1047 1171
1455 2 2 4 49 1117 1065 1202
1456 2 2 4 49 1047 1007 1229
1457 2 2 4 49 1148 1027 1185
1458 2 2 4 49 1049 1009 1172
1459 2 2 4 49 1051 970 1100
1460 2 2 4 49 424 1046 1175
1461 2 2 4 49 1024 1150 1216
1462 2 2 4 49 1055 995 1242
1463 2 2 4 49 1009 1049 1231
1464 2 2 4 49 1048 981 1187
1465 2 2 4 49 1028 1150 1186
1466 2 2 4 49 1048 441 1219
1467 2 2 4 49 1047 471 1171
1468 2 2 4 49 1027 1087 1185
1469 2 2 4 49 1034 1085 1197
1470 2 2 4 49 481 1049 1172
1471 2 2 4 49 1069 447 1238
1472 2 2 4 49 1065 458 1230
1473 2 2 4 49 432 1058 1109
1474 2 2 4 49 970 1051 1213
1475 2 2 4 49 995 1055 1275
1476 2 2 4 49 1075 1054 1149
1477 2 2 4 49 1050 983 1159
1478 2 2 4 49 967 1050 1183
1479 2 2 4 49 1064 987 1152
1480 2 2 4 49 1025 1144 1178
1481 2 2 4 49 473 1056 1123
1482 2 2 4 49 1057 479 1124
1483 2 2 4 49 986 1062 1149
1484 2 2 4 49 984 1052 1160
1485 2 2 4 49 991 1050 1142
1486 2 2 4 49 1051 981 1157
1487 2 2 4 49 993 1130 1132
1488 2 2 4 49 1061 990 1285
1489 2 2 4 49 1089 1028 1186
1490 2 2 4 49 1146 1026 1181
1491 2 2 4 49 1062 1002 1154
1492 2 2 4 49 971 1062 1154
1493 2 2 4 49 1002 1062 1225
1494 2 2 4 49 1083 996 1117
1495 2 2 4 49 1003 1064 1156
1496 2 2 4 49 1025 1083 1117
1497 2 2 4 49 1083 1025 1178
1498 2 2 4 49 997 1084 1119
1499 2 2 4 49 1064 972 1156
1500 2 2 4 49 986 1054 1240
1501 2 2 4 49 1052 992 1145
1502 2 2 4 49 1084 1026 1119
1503 2 2 4 49 1064 1003 1226
1504 2 2 4 49 1067 966 1118
1505 2 2 4 49 1026 1084 1181
1506 2 2 4 49 435 434 1161
1507 2 2 4 49 969 1061 1086
1508 2 2 4 49 1053 434 1165
1509 2 2 4 49 1087 1027 1129
1510 2 2 4 49 998 1087 1129
1511 2 2 4 49 1028 1089 1131
1512 2 2 4 49 1089 999 1131
1513 2 2 4 49 1056 987 1233
1514 2 2 4 49 1006 1059 1168
1515 2 2 4 49 1059 970 1168
1516 2 2 4 49 1131 1069 1208
1517 2 2 4 49 1059 1006 1169
1518 2 2 4 49 982 1059 1169
1519 2 2 4 49 478 1057 1133
1520 2 2 4 49 447 446 1238
1521 2 2 4 49 1058 431 1143
1522 2 2 4 49 1104 965 1134
1523 2 2 4 49 1034 1104 1134
1524 2 2 4 49 994 1059 1151
1525 2 2 4 49 990 1179 1228
1526 2 2 4 49 1059 982 1151
1527 2 2 4 49 985 1060 1206
1528 2 2 4 49 1056 1076 1152
1529 2 2 4 49 428 427 1075
1530 2 2 4 49 1062 986 1225
1531 2 2 4 49 1063 988 1207
1532 2 2 4 49 1062 971 1234
1533 2 2 4 49 1070 1003 1158
1534 2 2 4 49 1023 1105 1214
1535 2 2 4 49 1115 1061 1285
1536 2 2 4 49 987 1064 1226
1537 2 2 4 49 1079 1004 1159
1538 2 2 4 49 1088 1004 1157
1539 2 2 4 49 988 1182 1235
1540 2 2 4 49 1188 985 1220
1541 2 2 4 49 972 1064 1236
1542 2 2 4 49 442 441 1103
1543 2 2 4 49 1033 1193 1196
1544 2 2 4 49 460 461 1077
1545 2 2 4 49 1075 427 1286
1546 2 2 4 49 436 435 1161
1547 2 2 4 49 967 1088 1148
1548 2 2 4 49 1088 1027 1148
1549 2 2 4 49 474 475 1076
1550 2 2 4 49 1018 1161 1223
1551 2 2 4 49 1111 1024 1216
1552 2 2 4 49 1182 1057 1235
1553 2 2 4 49 457 1065 1107
1554 2 2 4 49 1058 1188 1220
1555 2 2 4 49 1065 996 1107
1556 2 2 4 49 436 1161 1194
1557 2 2 4 49 1088 1157 1205
1558 2 2 4 49 1061 969 1179
1559 2 2 4 49 1012 1163 1210
1560 2 2 4 49 1110 1012 1210
1561 2 2 4 49 995 1071 1242
1562 2 2 4 49 1112 998 1219
1563 2 2 4 49 986 1068 1225
1564 2 2 4 49 1073 1006 1191
1565 2 2 4 49 481 482 1166
1566 2 2 4 49 1070 987 1226
1567 2 2 4 49 1161 1053 1223
1568 2 2 4 49 470 471 1164
1569 2 2 4 49 1002 1104 1197
1570 2 2 4 49 424 423 1162
1571 2 2 4 49 1071 995 1134
1572 2 2 4 49 1153 1002 1197
1573 2 2 4 49 1095 463 1237
1574 2 2 4 49 460 1077 1101
1575 2 2 4 49 444 443 1078
1576 2 2 4 49 1069 999 1209
1577 2 2 4 49 977 1197 1259
1578 2 2 4 49 1054 1075 1286
1579 2 2 4 49 1079 1159 1222
1580 2 2 4 49 1119 1044 1282
1581 2 2 4 49 966 1067 1250
1582 2 2 4 49 1040 1132 1202
1583 2 2 4 49 1051 1100 1201
1584 2 2 4 49 1068 1002 1225
1585 2 2 4 49 1033 1113 1193
1586 2 2 4 49 1003 1070 1226
1587 2 2 4 49 1085 1034 1114
1588 2 2 4 49 450 449 1147
1589 2 2 4 49 462 463 1095
1590 2 2 4 49 1070 1158 1247
1591 2 2 4 49 1086 995 1275
1592 2 2 4 49 969 1130 1261
1593 2 2 4 49 1243 1096 1268
1594 2 2 4 49 1078 994 1102
1595 2 2 4 49 446 445 1238
1596 2 2 4 49 1130 1066 1261
1597 2 2 4 49 1132 979 1202
1598 2 2 4 49 1094 1241 1269
1599 2 2 4 49 447 1069 1209
1600 2 2 4 49 1080 1012 1110
1601 2 2 4 49 964 1082 1113
1602 2 2 4 49 983 1080 1110
1603 2 2 4 49 1068 1020 1245
1604 2 2 4 49 1077 993 1101
1605 2 2 4 49 1082 1010 1113
1606 2 2 4 49 1022 1070 1247
1607 2 2 4 49 1006 1160 1191
1608 2 2 4 49 1055 1130 1275
1609 2 2 4 49 1106 1018 1184
1610 2 2 4 49 1097 978 1195
1611 2 2 4 49 1044 1095 1237
1612 2 2 4 49 1142 967 1214
1613 2 2 4 49 1037 1106 1184
1614 2 2 4 49 968 1145 1216
1615 2 2 4 49 1064 1152 1236
1616 2 2 4 49 444 1078 1102
1617 2 2 4 49 967 1148 1214
1618 2 2 4 49 996 1083 1215
1619 2 2 4 49 459 460 1101
1620 2 2 4 49 1147 449 1258
1621 2 2 4 49 1084 997 1217
1622 2 2 4 49 1149 1062 1234
1623 2 2 4 49 1096 1043 1268
1624 2 2 4 49 995 1086 1114
1625 2 2 4 49 1150 968 1216
1626 2 2 4 49 1137 1035 1170
1627 2 2 4 49 1011 1137 1170
1628 2 2 4 49 1042 1094 1269
1629 2 2 4 49 1036 1139 1174
1630 2 2 4 49 999 1089 1221
1631 2 2 4 49 1139 1013 1174
1632 2 2 4 49 971 1092 1234
1633 2 2 4 49 1079 970 1213
1634 2 2 4 49 1067 1228 1248
1635 2 2 4 49 1206 1060 1276
1636 2 2 4 49 438 437 1106
1637 2 2 4 49 1077 1015 1176
1638 2 2 4 49 993 1077 1176
1639 2 2 4 49 1099 989 1115
1640 2 2 4 49 1016 1099 1115
1641 2 2 4 49 1087 998 1211
1642 2 2 4 49 454 455 1283
1643 2 2 4 49 996 1215 1265
1644 2 2 4 49 429 1090 1244
1645 2 2 4 49 466 467 1284
1646 2 2 4 49 1063 1207 1281
1647 2 2 4 49 1093 972 1236
1648 2 2 4 49 1217 997 1266
1649 2 2 4 49 1075 1000 1200
1650 2 2 4 49 1098 1032 1196
1651 2 2 4 49 1137 454 1283
1652 2 2 4 49 1147 1038 1177
1653 2 2 4 49 1071 1134 1204
1654 2 2 4 49 984 1098 1196
1655 2 2 4 49 1014 1147 1177
1656 2 2 4 49 467 1139 1284
1657 2 2 4 49 1020 1120 1136
1658 2 2 4 49 1000 1075 1149
1659 2 2 4 49 1120 1005 1136
1660 2 2 4 49 1158 966 1247
1661 2 2 4 49 430 429 1244
1662 2 2 4 49 458 459 1230
1663 2 2 4 49 1091 476 1232
1664 2 2 4 49 1122 1022 1138
1665 2 2 4 49 477 478 1133
1666 2 2 4 49 1121 1023 1140
1667 2 2 4 49 1007 1122 1138
1668 2 2 4 49 1001 1076 1212
1669 2 2 4 49 1008 1121 1140
1670 2 2 4 49 438 1106 1224
1671 2 2 4 49 431 430 1143
1672 2 2 4 49 1092 971 1276
1673 2 2 4 49 1193 984 1196
1674 2 2 4 49 1078 443 1198
1675 2 2 4 49 1136 1005 1227
1676 2 2 4 49 1060 1092 1276
1677 2 2 4 49 1024 1127 1141
1678 2 2 4 49 1076 1001 1152
1679 2 2 4 49 1127 1009 1141
1680 2 2 4 49 445 444 1102
1681 2 2 4 49 476 477 1232
1682 2 2 4 49 1007 1138 1229
1683 2 2 4 49 989 1085 1114
1684 2 2 4 49 1005 1125 1175
1685 2 2 4 49 972 1093 1281
1686 2 2 4 49 1140 975 1249
1687 2 2 4 49 1165 1008 1249
1688 2 2 4 49 1141 1009 1231
1689 2 2 4 49 1093 1063 1281
1690 2 2 4 49 1130 969 1275
1691 2 2 4 49 991 1072 1269
1692 2 2 4 49 1077 461 1180
1693 2 2 4 49 1015 1077 1180
1694 2 2 4 49 975 1223 1249
1695 2 2 4 49 1228 1031 1248
1696 2 2 4 49 1017 1078 1198
1697 2 2 4 49 1006 1073 1169
1698 2 2 4 49 1123 1007 1171
1699 2 2 4 49 1074 992 1268
1700 2 2 4 49 456 457 1107
1701 2 2 4 49 464 465 1108
1702 2 2 4 49 433 432 1109
1703 2 2 4 49 1009 1124 1172
1704 2 2 4 49 999 1116 1209
1705 2 2 4 49 440 439 1112
1706 2 2 4 49 1098 984 1160
1707 2 2 4 49 1115 989 1255
1708 2 2 4 49 1061 1115 1255
1709 2 2 4 49 1109 1008 1165
1710 2 2 4 49 1120 986 1240
1711 2 2 4 49 1106 1037 1224
1712 2 2 4 49 1110 1033 1192
1713 2 2 4 49 983 1110 1192
1714 2 2 4 49 1095 1044 1173
1715 2 2 4 49 1151 982 1208
1716 2 2 4 49 1004 1079 1213
1717 2 2 4 49 985 1121 1220
1718 2 2 4 49 1000 1090 1200
1719 2 2 4 49 1105 1023 1121
1720 2 2 4 49 1170 973 1227
1721 2 2 4 49 985 1105 1121
1722 2 2 4 49 987 1122 1233
1723 2 2 4 49 1211 998 1257
1724 2 2 4 49 968 1073 1191
1725 2 2 4 49 1078 1017 1201
1726 2 2 4 49 1103 1048 1187
1727 2 2 4 49 994 1078 1201
1728 2 2 4 49 1127 988 1235
1729 2 2 4 49 974 1174 1229
1730 2 2 4 49 472 473 1123
1731 2 2 4 49 1125 1054 1286
1732 2 2 4 49 479 480 1124
1733 2 2 4 49 426 425 1125
1734 2 2 4 49 1170 1227 1260
1735 2 2 4 49 1241 991 1269
1736 2 2 4 49 1054 1125 1240
1737 2 2 4 49 1024 1111 1127
1738 2 2 4 49 1204 1025 1263
1739 2 2 4 49 1041 1151 1208
1740 2 2 4 49 1091 1001 1212
1741 2 2 4 49 1111 988 1127
1742 2 2 4 49 1073 1028 1218
1743 2 2 4 49 1080 991 1241
1744 2 2 4 49 1229 1174 1262
1745 2 2 4 49 1126 1011 1278
1746 2 2 4 49 428 1075 1200
1747 2 2 4 49 1013 1128 1277
1748 2 2 4 49 1071 1204 1263
1749 2 2 4 49 1177 976 1231
1750 2 2 4 49 434 433 1165
1751 2 2 4 49 979 1132 1242
1752 2 2 4 49 1132 1055 1242
1753 2 2 4 49 992 1243 1268
1754 2 2 4 49 471 472 1171
1755 2 2 4 49 480 481 1172
1756 2 2 4 49 992 1081 1243
1757 2 2 4 49 1123 1056 1233
1758 2 2 4 49 425 424 1175
1759 2 2 4 49 1135 1014 1280
1760 2 2 4 49 1079 1032 1251
1761 2 2 4 49 1177 1231 1274
1762 2 2 4 49 970 1079 1251
1763 2 2 4 49 1057 1124 1235
1764 2 2 4 49 1155 978 1254
1765 2 2 4 49 997 1119 1282
1766 2 2 4 49 455 456 1190
1767 2 2 4 49 465 466 1189
1768 2 2 4 49 1011 1162 1278
1769 2 2 4 49 1067 1118 1228
1770 2 2 4 49 1164 1013 1277
1771 2 2 4 49 1088 967 1183
1772 2 2 4 49 1144 1020 1178
1773 2 2 4 49 1023 1148 1185
1774 2 2 4 49 1076 475 1212
1775 2 2 4 49 1014 1166 1280
1776 2 2 4 49 979 1117 1202
1777 2 2 4 49 1022 1146 1181
1778 2 2 4 49 1109 1058 1220
1779 2 2 4 49 1053 1165 1249
1780 2 2 4 49 1018 1106 1279
1781 2 2 4 49 441 440 1219
1782 2 2 4 49 1090 429 1200
1783 2 2 4 49 1016 1097 1195
1784 2 2 4 49 1032 1079 1222
1785 2 2 4 49 449 448 1258
1786 2 2 4 49 1150 1024 1186
1787 2 2 4 49 476 1091 1212
1788 2 2 4 49 1004 1088 1183
1789 2 2 4 49 1134 965 1204
1790 2 2 4 49 448 447 1209
1791 2 2 4 49 982 1131 1208
1792 2 2 4 49 1010 1081 1193
1793 2 2 4 49 1006 1098 1160
1794 2 2 4 49 448 1116 1258
1795 2 2 4 49 1112 439 1224
1796 2 2 4 49 464 1108 1237
1797 2 2 4 49 973 1083 1178
1798 2 2 4 49 1029 1142 1214
1799 2 2 4 49 1094 977 1167
1800 2 2 4 49 1173 980 1256
1801 2 2 4 49 1152 1001 1236
1802 2 2 4 49 1145 1030 1216
1803 2 2 4 49 1084 974 1181
1804 2 2 4 49 1116 448 1209
1805 2 2 4 49 475 476 1212
1806 2 2 4 49 1012 1080 1241
1807 2 2 4 49 980 1199 1256
1808 2 2 4 49 1011 1126 1267
1809 2 2 4 49 429 428 1200
1810 2 2 4 49 1081 1010 1243
1811 2 2 4 49 964 1113 1210
1812 2 2 4 49 1179 1031 1228
1813 2 2 4 49 1012 1094 1167
1814 2 2 4 49 1128 1013 1272
1815 2 2 4 49 1113 1033 1210
1816 2 2 4 49 1087 975 1185
1817 2 2 4 49 426 1125 1286
1818 2 2 4 49 1000 1149 1234
1819 2 2 4 49 1137 1011 1267
1820 2 2 4 49 1081 984 1193
1821 2 2 4 49 1114 1086 1255
1822 2 2 4 49 1013 1139 1272
1823 2 2 4 49 976 1089 1186
1824 2 2 4 49 1015 1095 1173
1825 2 2 4 49 1082 1016 1195
1826 2 2 4 49 1014 1135 1273
1827 2 2 4 49 1098 1006 1168
1828 2 2 4 49 1125 1005 1240
1829 2 2 4 49 462 1095 1180
1830 2 2 4 49 1095 1015 1180
1831 2 2 4 49 1157 981 1205
1832 2 2 4 49 1032 1098 1251
1833 2 2 4 49 1194 1018 1279
1834 2 2 4 49 978 1096 1246
1835 2 2 4 49 1029 1105 1206
1836 2 2 4 49 443 442 1198
1837 2 2 4 49 1002 1153 1154
1838 2 2 4 49 1153 1042 1154
1839 2 2 4 49 1105 985 1206
1840 2 2 4 49 1147 1014 1273
1841 2 2 4 49 442 1103 1198
1842 2 2 4 49 1155 1003 1156
1843 2 2 4 49 1043 1155 1156
1844 2 2 4 49 433 1109 1165
1845 2 2 4 49 1111 1030 1207
1846 2 2 4 49 1016 1082 1239
1847 2 2 4 49 988 1111 1207
1848 2 2 4 49 1007 1123 1233
1849 2 2 4 49 1161 1018 1194
1850 2 2 4 49 1112 1224 1257
1851 2 2 4 49 1124 1009 1235
1852 2 2 4 49 461 462 1180
1853 2 2 4 49 1237 1108 1282
1854 2 2 4 49 1143 430 1244
1855 2 2 4 49 975 1087 1211
1856 2 2 4 49 1027 1088 1205
1857 2 2 4 49 1008 1109 1220
1858 2 2 4 49 477 1133 1232
1859 2 2 4 49 1010 1096 1243
1860 2 2 4 49 1094 1012 1241
1861 2 2 4 49 1184 1018 1223
1862 2 2 4 49 1083 973 1215
1863 2 2 4 49 1143 1019 1188
1864 2 2 4 49 1058 1143 1188
1865 2 2 4 49 1010 1082 1246
1866 2 2 4 49 974 1084 1217
1867 2 2 4 49 472 1123 1171
1868 2 2 4 49 1124 480 1172
1869 2 2 4 49 74 436 1194
1870 2 2 4 49 1017 1103 1187
1871 2 2 4 49 1090 1019 1244
1872 2 2 4 49 1082 964 1239
1873 2 2 4 49 1113 1010 1193
1874 2 2 4 49 1090 1000 1252
1875 2 2 4 49 1125 425 1175
1876 2 2 4 49 1157 1004 1213
1877 2 2 4 49 1136 973 1178
1878 2 2 4 49 1089 976 1221
1879 2 2 4 49 1021 1133 1182
1880 2 2 4 49 1020 1136 1178
1881 2 2 4 49 1040 1202 1230
1882 2 2 4 49 1202 1065 1230
1883 2 2 4 49 1130 993 1176
1884 2 2 4 49 1133 1057 1182
1885 2 2 4 49 1038 1147 1258
1886 2 2 4 49 1066 1130 1176
1887 2 2 4 49 1021 1091 1232
1888 2 2 4 49 1108 465 1189
1889 2 2 4 49 456 1107 1190
1890 2 2 4 49 1097 1016 1285
1891 2 2 4 49 1001 1091 1253
1892 2 2 4 49 974 1138 1181
1893 2 2 4 49 1159 983 1222
1894 2 2 4 49 1138 1022 1181
1895 2 2 4 49 969 1086 1275
1896 2 2 4 49 1085 1039 1259
1897 2 2 4 49 1107 996 1265
1898 2 2 4 49 997 1108 1266
1899 2 2 4 49 1176 1015 1256
1900 2 2 4 49 1104 1034 1197
1901 2 2 4 49 1086 1061 1255
1902 2 2 4 49 1066 1176 1256
1903 2 2 4 49 1000 1092 1252
1904 2 2 4 49 1100 994 1201
1905 2 2 4 49 1159 1004 1183
1906 2 2 4 49 1103 1017 1198
1907 2 2 4 49 980 1119 1203
1908 2 2 4 49 1119 1026 1203
1909 2 2 4 49 1140 1023 1185
1910 2 2 4 49 975 1140 1185
1911 2 2 4 49 1019 1090 1252
1912 2 2 4 49 1099 1016 1239
1913 2 2 4 49 1024 1141 1186
1914 2 2 4 49 1141 976 1186
1915 2 2 4 49 1093 1001 1253
1916 2 2 4 49 1039 1163 1167
1917 2 2 4 49 1163 1012 1167
1918 2 2 4 49 1129 1027 1205
1919 2 2 4 49 981 1129 1205
1920 2 2 4 49 1092 1000 1234
1921 2 2 4 49 1091 1021 1253
1922 2 2 4 49 1041 1208 1238
1923 2 2 4 49 1208 1069 1238
1924 2 2 4 49 1098 1168 1251
1925 2 2 4 49 1016 1115 1285
1926 2 2 4 49 1001 1093 1236
1927 2 2 4 49 1163 964 1210
1928 2 2 4 49 989 1114 1255
1929 2 2 4 49 1050 1159 1183
1930 2 2 4 49 1096 1010 1246
1931 2 2 4 49 1105 1029 1214
1932 2 2 4 49 439 438 1224
1933 2 2 4 49 453 454 1267
1934 2 2 4 49 1033 1110 1210
1935 2 2 4 49 467 468 1272
1936 2 2 4 49 1030 1111 1216
1937 2 2 4 49 451 450 1273
1938 2 2 4 49 1020 1144 1245
1939 2 2 4 49 440 1112 1219
1940 2 2 4 49 990 1097 1285
1941 2 2 4 49 463 464 1237
1942 2 2 4 49 1146 1022 1247
1943 2 2 4 49 455 1190 1283
1944 2 2 4 49 1189 466 1284
1945 2 2 4 49 1131 982 1218
1946 2 2 4 49 1028 1131 1218
1947 2 2 4 49 1203 1026 1250
1948 2 2 4 49 1067 1203 1250
1949 2 2 4 49 1160 1052 1191
1950 2 2 4 49 1195 978 1246
1951 2 2 4 49 1144 1025 1204
1952 2 2 4 49 1039 1099 1264
1953 2 2 4 49 977 1153 1197
1954 2 2 4 49 965 1144 1204
1955 2 2 4 49 1121 1008 1220
1956 2 2 4 49 423 422 1278
1957 2 2 4 49 469 470 1277
1958 2 2 4 49 1133 1021 1232
1959 2 2 4 49 482 483 1280
1960 2 2 4 49 437 74 1279
1961 2 2 4 49 1126 453 1267
1962 2 2 4 49 427 426 1286
1963 2 2 4 49 1025 1117 1263
1964 2 2 4 49 468 1128 1272
1965 2 2 4 49 1118 990 1228
1966 2 2 4 49 1003 1155 1254
1967 2 2 4 49 1019 1143 1244
1968 2 2 4 49 1108 1189 1266
1969 2 2 4 49 1190 1107 1265
1970 2 2 4 49 1158 1003 1254
1971 2 2 4 49 1106 437 1279
1972 2 2 4 49 1122 1007 1233
1973 2 2 4 49 973 1136 1227
1974 2 2 4 49 1005 1120 1240
1975 2 2 4 49 1009 1127 1235
1976 2 2 4 49 1146 966 1250
1977 2 2 4 49 1170 1035 1215
1978 2 2 4 49 973 1170 1215
1979 2 2 4 49 998 1112 1257
1980 2 2 4 49 1036 1174 1217
1981 2 2 4 49 1138 974 1229
1982 2 2 4 49 1135 451 1273
1983 2 2 4 49 1162 1011 1260
1984 2 2 4 49 1066 1199 1261
1985 2 2 4 49 1174 974 1217
1986 2 2 4 49 1051 1157 1213
1987 2 2 4 49 1199 1031 1261
1988 2 2 4 49 1046 1162 1260
1989 2 2 4 49 1043 1156 1270
1990 2 2 4 49 1169 1073 1218
1991 2 2 4 49 1154 1042 1271
1992 2 2 4 49 1108 997 1282
1993 2 2 4 49 1156 972 1270
1994 2 2 4 49 1177 1038 1221
1995 2 2 4 49 971 1154 1271
1996 2 2 4 49 976 1177 1221
1997 2 2 4 49 1032 1192 1196
1998 2 2 4 49 976 1141 1231
1999 2 2 4 49 1013 1164 1262
2000 2 2 4 49 1116 1038 1258
2001 2 2 4 49 1164 1047 1262
2002 2 2 4 49 1117 979 1263
2003 2 2 4 49 1192 1033 1196
2004 2 2 4 49 1224 1037 1257
2005 2 2 4 49 1166 1014 1274
2006 2 2 4 49 1049 1166 1274
2007 2 2 4 49 422 1126 1278
2008 2 2 4 49 1008 1140 1249
2009 2 2 4 49 1144 965 1245
2010 2 2 4 49 1184 975 1211
2011 2 2 4 49 966 1146 1247
2012 2 2 4 49 1128 469 1277
2013 2 2 4 49 1199 980 1248
2014 2 2 4 49 980 1203 1248
2015 2 2 4 49 982 1169 1218
2016 2 2 4 49 454 1137 1267
2017 2 2 4 49 1026 1146 1250
2018 2 2 4 49 1037 1184 1211
2019 2 2 4 49 1139 467 1272
2020 2 2 4 49 1192 1032 1222
2021 2 2 4 49 483 1135 1280
2022 2 2 4 49 1044 1237 1282
2023 2 2 4 49 979 1242 1263
2024 2 2 4 49 1035 1137 1283
2025 2 2 4 49 1242 1071 1263
2026 2 2 4 49 1139 1036 1284
2027 2 2 4 49 1167 977 1259
2028 2 2 4 49 450 1147 1273
2029 2 2 4 49 1179 969 1261
2030 2 2 4 49 975 1184 1223
2031 2 2 4 49 1045 1158 1254
2032 2 2 4 49 1037 1211 1257
2033 2 2 4 49 983 1192 1222
2034 2 2 4 49 1039 1167 1259
2035 2 2 4 49 964 1163 1264
2036 2 2 4 49 1163 1039 1264
2037 2 2 4 49 1082 1195 1246
2038 2 2 4 49 1168 970 1251
2039 2 2 4 49 1271 1072 1276
2040 2 2 4 49 971 1271 1276
2041 2 2 4 49 1074 1270 1281
2042 2 2 4 49 1270 972 1281
2043 2 2 4 49 1162 423 1278
2044 2 2 4 49 1015 1173 1256
2045 2 2 4 49 1011 1170 1260
2046 2 2 4 49 1215 1035 1265
2047 2 2 4 49 470 1164 1277
2048 2 2 4 49 1036 1217 1266
2049 2 2 4 49 1166 482 1280
2050 2 2 4 49 1174 1013 1262
2051 2 2 4 49 1031 1179 1261
2052 2 2 4 49 1014 1177 1274
2053 2 2 4 49 1227 1046 1260
2054 2 2 4 49 1047 1229 1262
2055 2 2 4 49 1031 1199 1248
2056 2 2 4 49 1203 1067 1248
2057 2 2 4 49 1223 1053 1249
2058 2 2 4 49 1231 1049 1274
2059 2 2 4 49 1199 1066 1256
2060 2 2 4 49 1035 1190 1265
2061 2 2 4 49 1189 1036 1266
2062 2 2 4 49 74 1194 1279
2063 2 2 4 49 1190 1035 1283
2064 2 2 4 49 1036 1189 1284
2065 2 2 4 49 1099 1239 1264
2066 2 2 4 49 1239 964 1264
2067 2 2 4 49 1042 1269 1271
2068 2 2 4 49 1269 1072 1271
2069 2 2 4 49 1268 1043 1270
2070 2 2 4 49 1074 1268 1270
2071 2 2 2 50 484 1287 1290
2072 2 2 2 50 1287 487 1290
2073 2 2 2 50 485 1 1288
2074 2 2 2 50 1287 484 1288
2075 2 2 2 50 3 486 1289
2076 2 2 2 50 487 1287 1289
2077 2 2 2 50 484 485 1288
2078 2 2 2 50 486 487 1289
2079 2 2 2 50 1 93 1288
2080 2 2 2 50 94 3 1289
2081 2 2 2 50 1287 2 1289
2082 2 2 2 50 2 1287 1288
2083 2 2 2 50 2 94 1289
2084 2 2 2 50 93 2 1288
2085 2 2 2 50 487 77 1290
2086 2 2 2 50 77 484 1290
2087 2 2 3 51 74 87 546
2088 2 2 3 51 437 74 546
2089 2 2 3 51 608 422 79
2090 2 2 3 51 451 536 83
2091 2 2 3 51 436 618 87
2092 2 2 3 51 423 422 608
2093 2 2 3 51 424 423 609
2094 2 2 3 51 609 423 608
2095 2 2 3 51 424 610 425
2096 2 2 3 51 610 424 609
2097 2 2 3 51 425 610 426
2098 2 2 3 51 426 611 427
2099 2 2 3 51 611 426 610
2100 2 2 3 51 427 612 428
2101 2 2 3 51 612 427 611
2102 2 2 3 51 428 613 429
2103 2 2 3 51 612 613 428
2104 2 2 3 51 613 430 429
2105 2 2 3 51 430 614 431
2106 2 2 3 51 613 614 430
2107 2 2 3 51 431 615 432
2108 2 2 3 51 614 615 431
2109 2 2 3 51 616 433 432
2110 2 2 3 51 615 616 432
2111 2 2 3 51 434 433 616
2112 2 2 3 51 617 435 434
2113 2 2 3 51 617 434 616
2114 2 2 3 51 436 435 618
2115 2 2 3 51 618 435 617
2116 2 2 3 51 438 437 545
2117 2 2 3 51 437 546 545
2118 2 2 3 51 439 438 545
2119 2 2 3 51 544 440 439
2120 2 2 3 51 439 545 544
2121 2 2 3 51 543 441 440
2122 2 2 3 51 440 544 543
2123 2 2 3 51 442 441 543
2124 2 2 3 51 542 443 442
2125 2 2 3 51 542 442 543
2126 2 2 3 51 541 444 443
2127 2 2 3 51 443 542 541
2128 2 2 3 51 445 444 540
2129 2 2 3 51 444 541 540
2130 2 2 3 51 446 445 540
2131 2 2 3 51 539 447 446
2132 2 2 3 51 446 540 539
2133 2 2 3 51 447 538 448
2134 2 2 3 51 447 539 538
2135 2 2 3 51 448 538 449
2136 2 2 3 51 449 537 450
2137 2 2 3 51 538 537 449
2138 2 2 3 51 450 536 451
2139 2 2 3 51 450 537 536
2140 2 2 3 51 422 73 79
2141 2 2 3 51 436 87 74
2142 2 2 3 51 451 83 75
2143 2 2 3 52 619 1291 80
2144 2 2 3 52 1291 488 80
2145 2 2 3 52 1292 629 88
2146 2 2 3 52 547 1292 88
2147 2 2 3 52 623 613 612
2148 2 2 3 52 624 613 623
2149 2 2 3 52 622 623 612
2150 2 2 3 52 613 625 614
2151 2 2 3 52 618 1292 87
2152 2 2 3 52 1292 618 629
2153 2 2 3 52 1292 547 87
2154 2 2 3 52 1291 608 79
2155 2 2 3 52 608 1291 619
2156 2 2 3 52 488 1291 79
2157 2 2 3 52 628 629 618
2158 2 2 3 52 628 618 617
2159 2 2 3 52 627 628 617
2160 2 2 3 52 627 617 616
2161 2 2 3 52 626 627 616
2162 2 2 3 52 626 616 615
2163 2 2 3 52 620 621 609
2164 2 2 3 52 609 621 610
2165 2 2 3 52 608 619 620
2166 2 2 3 52 608 620 609
2167 2 2 3 52 621 622 611
2168 2 2 3 52 611 622 612
2169 2 2 3 52 615 614 626
2170 2 2 3 52 625 626 614
2171 2 2 3 52 610 621 611
2172 2 2 3 52 613 624 625
2173 2 2 3 53 1333 638 1373
2174 2 2 3 53 1336 1302 1346
2175 2 2 3 53 1303 1337 1347
2176 2 2 3 53 1372 632 1407
2177 2 2 3 53 1313 1342 1360
2178 2 2 3 53 1342 1293 1360
2179 2 2 3 53 1326 1318 1413
2180 2 2 3 53 1332 1372 1407
2181 2 2 3 53 621 1377 1408
2182 2 2 3 53 627 1337 1378
2183 2 2 3 53 1377 1336 1408
2184 2 2 3 53 1318 1351 1367
2185 2 2 3 53 1351 1293 1367
2186 2 2 3 53 1294 1326 1361
2187 2 2 3 53 1333 1304 1354
2188 2 2 3 53 1305 1332 1355
2189 2 2 3 53 1330 1311 1357
2190 2 2 3 53 1312 1329 1358
2191 2 2 3 53 1331 1295 1379
2192 2 2 3 53 1318 1326 1432
2193 2 2 3 53 1313 1331 1379
2194 2 2 3 53 1326 1294 1393
2195 2 2 3 53 1301 1335 1371
2196 2 2 3 53 1338 1317 1390
2197 2 2 3 53 1297 1334 1381
2198 2 2 3 53 1335 1306 1371
2199 2 2 3 53 1334 1314 1381
2200 2 2 3 53 1335 1301 1389
2201 2 2 3 53 497 1368 1457
2202 2 2 3 53 1369 556 1456
2203 2 2 3 53 1306 1335 1462
2204 2 2 3 53 1302 1336 1377
2205 2 2 3 53 1337 1303 1378
2206 2 2 3 53 1334 1315 1391
2207 2 2 3 53 1332 1305 1372
2208 2 2 3 53 1304 1333 1373
2209 2 2 3 53 1355 1297 1358
2210 2 2 3 53 1296 1354 1357
2211 2 2 3 53 1362 1297 1381
2212 2 2 3 53 1321 1339 1364
2213 2 2 3 53 1320 1362 1381
2214 2 2 3 53 1339 1314 1364
2215 2 2 3 53 497 498 1368
2216 2 2 3 53 557 556 1369
2217 2 2 3 53 1329 1312 1386
2218 2 2 3 53 1311 1330 1385
2219 2 2 3 53 1338 1311 1384
2220 2 2 3 53 1335 1389 1395
2221 2 2 3 53 1314 1334 1450
2222 2 2 3 53 1332 1387 1437
2223 2 2 3 53 1294 1346 1352
2224 2 2 3 53 1347 1295 1353
2225 2 2 3 53 1331 1313 1411
2226 2 2 3 53 1315 1334 1396
2227 2 2 3 53 1317 1338 1439
2228 2 2 3 53 1334 1297 1396
2229 2 2 3 53 1380 1336 1463
2230 2 2 3 53 638 1333 1404
2231 2 2 3 53 1295 1331 1399
2232 2 2 3 53 1361 1326 1413
2233 2 2 3 53 1336 1380 1408
2234 2 2 3 53 631 632 1372
2235 2 2 3 53 638 639 1373
2236 2 2 3 53 1346 1302 1447
2237 2 2 3 53 1303 1347 1448
2238 2 2 3 53 1342 1306 1367
2239 2 2 3 53 1314 1339 1418
2240 2 2 3 53 1293 1342 1367
2241 2 2 3 53 1311 1338 1406
2242 2 2 3 53 1387 1332 1407
2243 2 2 3 53 1352 1346 1447
2244 2 2 3 53 1347 1353 1448
2245 2 2 3 53 1337 627 1403
2246 2 2 3 53 1340 1302 1377
2247 2 2 3 53 1303 1341 1378
2248 2 2 3 53 1370 1324 1400
2249 2 2 3 53 628 627 1378
2250 2 2 3 53 621 620 1377
2251 2 2 3 53 1302 1340 1365
2252 2 2 3 53 1341 1303 1366
2253 2 2 3 53 1325 1376 1412
2254 2 2 3 53 1389 1309 1395
2255 2 2 3 53 1402 1307 1453
2256 2 2 3 53 1308 1401 1454
2257 2 2 3 53 1338 1390 1406
2258 2 2 3 53 1374 1307 1402
2259 2 2 3 53 1308 1375 1401
2260 2 2 3 53 1312 1362 1383
2261 2 2 3 53 1339 1321 1409
2262 2 2 3 53 1310 1370 1400
2263 2 2 3 53 1345 623 1380
2264 2 2 3 53 1343 1304 1373
2265 2 2 3 53 1305 1344 1372
2266 2 2 3 53 1331 1388 1399
2267 2 2 3 53 1355 1358 1423
2268 2 2 3 53 1357 1354 1424
2269 2 2 3 53 1304 1343 1369
2270 2 2 3 53 1344 1305 1368
2271 2 2 3 53 1316 1404 1438
2272 2 2 3 53 1361 1306 1462
2273 2 2 3 53 1388 1308 1399
2274 2 2 3 53 623 1345 1417
2275 2 2 3 53 1403 1310 1464
2276 2 2 3 53 1349 1311 1431
2277 2 2 3 53 1312 1350 1430
2278 2 2 3 53 1342 1313 1410
2279 2 2 3 53 1293 1339 1427
2280 2 2 3 53 1370 1310 1403
2281 2 2 3 53 1316 1376 1404
2282 2 2 3 53 1317 1359 1360
2283 2 2 3 53 1359 1313 1360
2284 2 2 3 53 1339 1293 1418
2285 2 2 3 53 1336 1346 1463
2286 2 2 3 53 1347 1337 1464
2287 2 2 3 53 634 1348 1387
2288 2 2 3 53 1368 1329 1457
2289 2 2 3 53 1330 1369 1456
2290 2 2 3 53 1383 1362 1398
2291 2 2 3 53 1387 1315 1437
2292 2 2 3 53 1306 1342 1420
2293 2 2 3 53 1358 1297 1362
2294 2 2 3 53 1312 1358 1362
2295 2 2 3 53 1376 1316 1412
2296 2 2 3 53 1309 1345 1380
2297 2 2 3 53 1309 1380 1463
2298 2 2 3 53 1311 1385 1431
2299 2 2 3 53 1386 1312 1430
2300 2 2 3 53 1359 1317 1439
2301 2 2 3 53 1345 1309 1389
2302 2 2 3 53 1376 1325 1419
2303 2 2 3 53 1354 1304 1424
2304 2 2 3 53 1305 1355 1423
2305 2 2 3 53 1390 1296 1406
2306 2 2 3 53 1364 1314 1450
2307 2 2 3 53 1346 1294 1395
2308 2 2 3 53 624 623 1417
2309 2 2 3 53 1311 1349 1384
2310 2 2 3 53 1350 1312 1383
2311 2 2 3 53 1348 1315 1387
2312 2 2 3 53 623 622 1380
2313 2 2 3 53 1315 1348 1391
2314 2 2 3 53 1322 1350 1443
2315 2 2 3 53 1349 1323 1442
2316 2 2 3 53 1301 1356 1400
2317 2 2 3 53 1293 1351 1418
2318 2 2 3 53 633 634 1387
2319 2 2 3 53 1294 1352 1393
2320 2 2 3 53 1338 1384 1439
2321 2 2 3 53 1353 1295 1399
2322 2 2 3 53 1313 1359 1411
2323 2 2 3 53 1357 1311 1406
2324 2 2 3 53 1348 634 1467
2325 2 2 3 53 1348 1325 1444
2326 2 2 3 53 1363 1300 1412
2327 2 2 3 53 1295 1347 1397
2328 2 2 3 53 1382 1322 1443
2329 2 2 3 53 495 1430 1460
2330 2 2 3 53 1431 554 1461
2331 2 2 3 53 1304 1369 1424
2332 2 2 3 53 1368 1305 1423
2333 2 2 3 53 1310 1356 1397
2334 2 2 3 53 1430 1350 1460
2335 2 2 3 53 1349 1431 1461
2336 2 2 3 53 1354 1296 1392
2337 2 2 3 53 1329 1368 1423
2338 2 2 3 53 1369 1330 1424
2339 2 2 3 53 1334 1391 1450
2340 2 2 3 53 1322 1382 1458
2341 2 2 3 53 626 625 1370
2342 2 2 3 53 1297 1355 1396
2343 2 2 3 53 1360 1293 1427
2344 2 2 3 53 1325 1348 1467
2345 2 2 3 53 1323 1349 1461
2346 2 2 3 53 1350 1322 1460
2347 2 2 3 53 552 551 1375
2348 2 2 3 53 492 493 1374
2349 2 2 3 53 1382 1326 1393
2350 2 2 3 53 636 637 1376
2351 2 2 3 53 1307 1382 1393
2352 2 2 3 53 1302 1365 1447
2353 2 2 3 53 1366 1303 1448
2354 2 2 3 53 1384 1299 1439
2355 2 2 3 53 1324 1370 1452
2356 2 2 3 53 1412 1300 1444
2357 2 2 3 53 1388 1331 1411
2358 2 2 3 53 1333 1354 1438
2359 2 2 3 53 1355 1332 1437
2360 2 2 3 53 1404 1333 1438
2361 2 2 3 53 1351 1318 1451
2362 2 2 3 53 1356 1301 1455
2363 2 2 3 53 1363 1316 1392
2364 2 2 3 53 1365 1327 1447
2365 2 2 3 53 1328 1366 1448
2366 2 2 3 53 1356 1319 1405
2367 2 2 3 53 1301 1400 1421
2368 2 2 3 53 1417 1345 1421
2369 2 2 3 53 1356 1310 1400
2370 2 2 3 53 1365 490 1465
2371 2 2 3 53 549 1366 1466
2372 2 2 3 53 1319 1356 1455
2373 2 2 3 53 1350 1383 1443
2374 2 2 3 53 1384 1349 1442
2375 2 2 3 53 1299 1388 1411
2376 2 2 3 53 490 491 1465
2377 2 2 3 53 550 549 1466
2378 2 2 3 53 491 492 1402
2379 2 2 3 53 551 550 1401
2380 2 2 3 53 627 626 1403
2381 2 2 3 53 1391 1300 1450
2382 2 2 3 53 637 638 1404
2383 2 2 3 53 1310 1397 1464
2384 2 2 3 53 1337 1403 1464
2385 2 2 3 53 1321 1363 1416
2386 2 2 3 53 1374 493 1414
2387 2 2 3 53 552 1375 1415
2388 2 2 3 53 554 553 1461
2389 2 2 3 53 494 495 1460
2390 2 2 3 53 1415 1375 1459
2391 2 2 3 53 1374 1414 1458
2392 2 2 3 53 634 635 1467
2393 2 2 3 53 1324 1417 1421
2394 2 2 3 53 636 1376 1419
2395 2 2 3 53 1394 1318 1432
2396 2 2 3 53 1296 1357 1406
2397 2 2 3 53 1362 1320 1398
2398 2 2 3 53 1330 1357 1424
2399 2 2 3 53 1358 1329 1423
2400 2 2 3 53 1306 1361 1413
2401 2 2 3 53 1327 1402 1453
2402 2 2 3 53 1401 1328 1454
2403 2 2 3 53 1391 1348 1444
2404 2 2 3 53 1397 1347 1464
2405 2 2 3 53 80 489 1425
2406 2 2 3 53 548 88 1426
2407 2 2 3 53 619 80 1425
2408 2 2 3 53 88 629 1426
2409 2 2 3 53 1367 1306 1413
2410 2 2 3 53 1298 1382 1443
2411 2 2 3 53 1299 1411 1439
2412 2 2 3 53 1411 1359 1439
2413 2 2 3 53 1294 1361 1462
2414 2 2 3 53 1317 1360 1427
2415 2 2 3 53 89 558 1428
2416 2 2 3 53 499 81 1429
2417 2 2 3 53 1316 1363 1412
2418 2 2 3 53 640 89 1428
2419 2 2 3 53 81 630 1429
2420 2 2 3 53 1371 1306 1420
2421 2 2 3 53 491 1402 1465
2422 2 2 3 53 1401 550 1466
2423 2 2 3 53 555 554 1431
2424 2 2 3 53 495 496 1430
2425 2 2 3 53 1300 1363 1449
2426 2 2 3 53 1363 1392 1416
2427 2 2 3 53 1395 1294 1462
2428 2 2 3 53 1363 1321 1449
2429 2 2 3 53 1370 625 1452
2430 2 2 3 53 1314 1418 1422
2431 2 2 3 53 1393 1352 1453
2432 2 2 3 53 1307 1393 1453
2433 2 2 3 53 496 497 1457
2434 2 2 3 53 556 555 1456
2435 2 2 3 53 1418 1351 1422
2436 2 2 3 53 1382 1307 1458
2437 2 2 3 53 1326 1382 1432
2438 2 2 3 53 1382 1298 1432
2439 2 2 3 53 1395 1309 1463
2440 2 2 3 53 1346 1395 1463
2441 2 2 3 53 1365 1340 1433
2442 2 2 3 53 1341 1366 1434
2443 2 2 3 53 1345 1389 1421
2444 2 2 3 53 490 1365 1433
2445 2 2 3 53 1366 549 1434
2446 2 2 3 53 626 1370 1403
2447 2 2 3 53 1298 1383 1398
2448 2 2 3 53 1318 1367 1413
2449 2 2 3 53 1344 1368 1441
2450 2 2 3 53 1369 1343 1440
2451 2 2 3 53 625 624 1452
2452 2 2 3 53 1321 1364 1449
2453 2 2 3 53 1380 622 1408
2454 2 2 3 53 1394 1298 1398
2455 2 2 3 53 1320 1394 1398
2456 2 2 3 53 1368 498 1441
2457 2 2 3 53 557 1369 1440
2458 2 2 3 53 1375 551 1401
2459 2 2 3 53 492 1374 1402
2460 2 2 3 53 1385 555 1431
2461 2 2 3 53 496 1386 1430
2462 2 2 3 53 632 633 1407
2463 2 2 3 53 622 621 1408
2464 2 2 3 53 1376 637 1404
2465 2 2 3 53 1327 1365 1465
2466 2 2 3 53 1366 1328 1466
2467 2 2 3 53 1371 1319 1455
2468 2 2 3 53 1323 1415 1459
2469 2 2 3 53 1414 1322 1458
2470 2 2 3 53 633 1387 1407
2471 2 2 3 53 1300 1449 1450
2472 2 2 3 53 493 494 1414
2473 2 2 3 53 553 552 1415
2474 2 2 3 53 631 1372 1446
2475 2 2 3 53 1373 639 1445
2476 2 2 3 53 1449 1364 1450
2477 2 2 3 53 1335 1395 1462
2478 2 2 3 53 1400 1324 1421
2479 2 2 3 53 1372 1344 1446
2480 2 2 3 53 1343 1373 1445
2481 2 2 3 53 635 636 1419
2482 2 2 3 53 1354 1392 1438
2483 2 2 3 53 1386 496 1457
2484 2 2 3 53 555 1385 1456
2485 2 2 3 53 1319 1371 1420
2486 2 2 3 53 1392 1316 1438
2487 2 2 3 53 489 490 1433
2488 2 2 3 53 549 548 1434
2489 2 2 3 53 1379 1295 1405
2490 2 2 3 53 498 499 1441
2491 2 2 3 53 558 557 1440
2492 2 2 3 53 1377 620 1435
2493 2 2 3 53 628 1378 1436
2494 2 2 3 53 620 619 1435
2495 2 2 3 53 629 628 1436
2496 2 2 3 53 630 631 1446
2497 2 2 3 53 639 640 1445
2498 2 2 3 53 1301 1371 1455
2499 2 2 3 53 1313 1379 1410
2500 2 2 3 53 1319 1379 1405
2501 2 2 3 53 1340 1377 1435
2502 2 2 3 53 1378 1341 1436
2503 2 2 3 53 1307 1374 1458
2504 2 2 3 53 1375 1308 1459
2505 2 2 3 53 1379 1319 1410
2506 2 2 3 53 1321 1390 1409
2507 2 2 3 53 1390 1317 1409
2508 2 2 3 53 1388 1299 1442
2509 2 2 3 53 1323 1388 1442
2510 2 2 3 53 1381 1314 1422
2511 2 2 3 53 1397 1356 1405
2512 2 2 3 53 1320 1381 1422
2513 2 2 3 53 1308 1388 1459
2514 2 2 3 53 1388 1323 1459
2515 2 2 3 53 1296 1390 1416
2516 2 2 3 53 1390 1321 1416
2517 2 2 3 53 1318 1394 1451
2518 2 2 3 53 1389 1301 1421
2519 2 2 3 53 1383 1298 1443
2520 2 2 3 53 1299 1384 1442
2521 2 2 3 53 1392 1296 1416
2522 2 2 3 53 1325 1412 1444
2523 2 2 3 53 1315 1396 1437
2524 2 2 3 53 1396 1355 1437
2525 2 2 3 53 1295 1397 1405
2526 2 2 3 53 1385 1330 1456
2527 2 2 3 53 1329 1386 1457
2528 2 2 3 53 1300 1391 1444
2529 2 2 3 53 1353 1399 1454
2530 2 2 3 53 1399 1308 1454
2531 2 2 3 53 1328 1401 1466
2532 2 2 3 53 1402 1327 1465
2533 2 2 3 53 1410 1319 1420
2534 2 2 3 53 1342 1410 1420
2535 2 2 3 53 1298 1394 1432
2536 2 2 3 53 1394 1320 1451
2537 2 2 3 53 1352 1447 1453
2538 2 2 3 53 1448 1353 1454
2539 2 2 3 53 1447 1327 1453
2540 2 2 3 53 1328 1448 1454
2541 2 2 3 53 1415 1323 1461
2542 2 2 3 53 1322 1414 1460
2543 2 2 3 53 624 1417 1452
2544 2 2 3 53 1419 1325 1467
2545 2 2 3 53 1429 1344 1441
2546 2 2 3 53 1343 1428 1440
2547 2 2 3 53 499 1429 1441
2548 2 2 3 53 1428 558 1440
2549 2 2 3 53 1340 1425 1433
2550 2 2 3 53 1426 1341 1434
2551 2 2 3 53 1425 489 1433
2552 2 2 3 53 548 1426 1434
2553 2 2 3 53 1429 630 1446
2554 2 2 3 53 640 1428 1445
2555 2 2 3 53 1344 1429 1446
2556 2 2 3 53 1428 1343 1445
2557 2 2 3 53 1426 629 1436
2558 2 2 3 53 619 1425 1435
2559 2 2 3 53 1341 1426 1436
2560 2 2 3 53 1425 1340 1435
2561 2 2 3 53 1409 1317 1427
2562 2 2 3 53 1339 1409 1427
2563 2 2 3 53 1320 1422 1451
2564 2 2 3 53 1422 1351 1451
2565 2 2 3 53 1414 494 1460
2566 2 2 3 53 553 1415 1461
2567 2 2 3 53 1417 1324 1452
2568 2 2 3 53 635 1419 1467
2569 2 2 3 54 632 643 644
2570 2 2 3 54 632 644 633
2571 2 2 3 54 630 641 642
2572 2 2 3 54 630 642 631
2573 2 2 3 54 643 632 642
2574 2 2 3 54 642 632 631
2575 2 2 3 54 1468 651 90
2576 2 2 3 54 559 1468 90
2577 2 2 3 54 641 1469 82
2578 2 2 3 54 1469 500 82
2579 2 2 3 54 647 648 636
2580 2 2 3 54 645 635 634
2581 2 2 3 54 646 635 645
2582 2 2 3 54 648 637 636
2583 2 2 3 54 640 1468 89
2584 2 2 3 54 1468 640 651
2585 2 2 3 54 1468 559 89
2586 2 2 3 54 1469 630 81
2587 2 2 3 54 630 1469 641
2588 2 2 3 54 500 1469 81
2589 2 2 3 54 650 651 640
2590 2 2 3 54 650 640 639
2591 2 2 3 54 650 639 638
2592 2 2 3 54 648 649 638
2593 2 2 3 54 648 638 637
2594 2 2 3 54 645 634 644
2595 2 2 3 54 644 634 633
2596 2 2 3 54 635 646 647
2597 2 2 3 54 649 650 638
2598 2 2 3 54 636 635 647
2599 2 2 3 55 1503 1495 1605
2600 2 2 3 55 1486 1513 1523
2601 2 2 3 55 1514 1487 1524
2602 2 2 3 55 1526 530 1601
2603 2 2 3 55 1513 1479 1523
2604 2 2 3 55 1480 1514 1524
2605 2 2 3 55 1499 1475 1558
2606 2 2 3 55 1509 527 1549
2607 2 2 3 55 1548 533 1586
2608 2 2 3 55 1475 1499 1574
2609 2 2 3 55 1471 1503 1534
2610 2 2 3 55 531 530 1526
2611 2 2 3 55 1508 1548 1586
2612 2 2 3 55 1513 1486 1557
2613 2 2 3 55 1513 643 1554
2614 2 2 3 55 649 1514 1555
2615 2 2 3 55 1534 1503 1605
2616 2 2 3 55 643 1513 1589
2617 2 2 3 55 1495 1503 1600
2618 2 2 3 55 1509 1481 1533
2619 2 2 3 55 1482 1508 1532
2620 2 2 3 55 1502 1526 1601
2621 2 2 3 55 1488 1507 1535
2622 2 2 3 55 1506 1489 1536
2623 2 2 3 55 1503 1471 1571
2624 2 2 3 55 1510 1472 1556
2625 2 2 3 55 1490 1510 1556
2626 2 2 3 55 1497 1525 1568
2627 2 2 3 55 1474 1511 1561
2628 2 2 3 55 1511 1493 1561
2629 2 2 3 55 1483 1512 1637
2630 2 2 3 55 1473 1533 1536
2631 2 2 3 55 1532 1474 1535
2632 2 2 3 55 1490 1522 1539
2633 2 2 3 55 1479 1513 1554
2634 2 2 3 55 1514 1480 1555
2635 2 2 3 55 1522 1470 1539
2636 2 2 3 55 1487 1514 1583
2637 2 2 3 55 509 1545 1634
2638 2 2 3 55 1544 568 1633
2639 2 2 3 55 1525 1495 1568
2640 2 2 3 55 1515 1489 1559
2641 2 2 3 55 1489 1506 1562
2642 2 2 3 55 1507 1488 1563
2643 2 2 3 55 509 510 1545
2644 2 2 3 55 569 568 1544
2645 2 2 3 55 1511 1491 1567
2646 2 2 3 55 1508 1482 1548
2647 2 2 3 55 1481 1509 1549
2648 2 2 3 55 1471 1523 1529
2649 2 2 3 55 1524 1472 1530
2650 2 2 3 55 1508 1566 1615
2651 2 2 3 55 1478 1512 1550
2652 2 2 3 55 1523 1479 1620
2653 2 2 3 55 1480 1524 1621
2654 2 2 3 55 1498 1519 1543
2655 2 2 3 55 1516 1479 1554
2656 2 2 3 55 1480 1517 1555
2657 2 2 3 55 1519 1493 1543
2658 2 2 3 55 1513 1557 1589
2659 2 2 3 55 1512 1483 1550
2660 2 2 3 55 527 1509 1584
2661 2 2 3 55 1493 1511 1639
2662 2 2 3 55 1510 1490 1588
2663 2 2 3 55 1472 1510 1576
2664 2 2 3 55 534 533 1548
2665 2 2 3 55 527 526 1549
2666 2 2 3 55 1479 1516 1541
2667 2 2 3 55 1517 1480 1542
2668 2 2 3 55 1491 1511 1573
2669 2 2 3 55 1518 1486 1564
2670 2 2 3 55 1529 1523 1620
2671 2 2 3 55 1524 1530 1621
2672 2 2 3 55 1511 1474 1573
2673 2 2 3 55 1512 1478 1564
2674 2 2 3 55 1566 1508 1586
2675 2 2 3 55 1581 1484 1624
2676 2 2 3 55 1485 1582 1625
2677 2 2 3 55 1515 1494 1565
2678 2 2 3 55 1551 1484 1581
2679 2 2 3 55 1485 1552 1582
2680 2 2 3 55 1502 1553 1591
2681 2 2 3 55 1514 649 1583
2682 2 2 3 55 650 649 1555
2683 2 2 3 55 643 642 1554
2684 2 2 3 55 1518 645 1557
2685 2 2 3 55 1561 1497 1572
2686 2 2 3 55 1534 1483 1637
2687 2 2 3 55 1536 1533 1598
2688 2 2 3 55 1532 1535 1599
2689 2 2 3 55 1510 1560 1576
2690 2 2 3 55 1475 1540 1568
2691 2 2 3 55 1540 1497 1568
2692 2 2 3 55 1489 1515 1630
2693 2 2 3 55 1560 1485 1576
2694 2 2 3 55 645 1518 1597
2695 2 2 3 55 1546 1501 1577
2696 2 2 3 55 1494 1515 1579
2697 2 2 3 55 1525 1497 1604
2698 2 2 3 55 1520 1481 1549
2699 2 2 3 55 1482 1521 1548
2700 2 2 3 55 1481 1520 1544
2701 2 2 3 55 1521 1482 1545
2702 2 2 3 55 1492 1584 1614
2703 2 2 3 55 1470 1522 1547
2704 2 2 3 55 1487 1546 1577
2705 2 2 3 55 1515 1559 1579
2706 2 2 3 55 1488 1527 1606
2707 2 2 3 55 1528 1489 1607
2708 2 2 3 55 1546 1487 1583
2709 2 2 3 55 1492 1553 1584
2710 2 2 3 55 1493 1519 1596
2711 2 2 3 55 1527 1488 1574
2712 2 2 3 55 531 1526 1566
2713 2 2 3 55 1553 1492 1591
2714 2 2 3 55 1494 1537 1539
2715 2 2 3 55 1522 1483 1547
2716 2 2 3 55 1566 1491 1615
2717 2 2 3 55 1486 1518 1557
2718 2 2 3 55 1545 1507 1634
2719 2 2 3 55 1506 1544 1633
2720 2 2 3 55 1474 1561 1572
2721 2 2 3 55 1519 1498 1587
2722 2 2 3 55 1470 1519 1595
2723 2 2 3 55 1519 1470 1596
2724 2 2 3 55 1563 1488 1606
2725 2 2 3 55 1489 1562 1607
2726 2 2 3 55 1537 1490 1539
2727 2 2 3 55 1553 1502 1601
2728 2 2 3 55 1499 1527 1574
2729 2 2 3 55 1524 1487 1575
2730 2 2 3 55 1523 1471 1570
2731 2 2 3 55 646 645 1597
2732 2 2 3 55 1488 1540 1574
2733 2 2 3 55 645 644 1557
2734 2 2 3 55 1528 1500 1619
2735 2 2 3 55 1518 1564 1578
2736 2 2 3 55 1543 1493 1639
2737 2 2 3 55 1486 1523 1570
2738 2 2 3 55 1489 1528 1559
2739 2 2 3 55 1515 1565 1630
2740 2 2 3 55 1488 1535 1572
2741 2 2 3 55 1530 1472 1576
2742 2 2 3 55 1536 1489 1630
2743 2 2 3 55 1471 1529 1571
2744 2 2 3 55 1483 1522 1580
2745 2 2 3 55 1526 1491 1566
2746 2 2 3 55 1482 1532 1599
2747 2 2 3 55 1533 1481 1598
2748 2 2 3 55 1522 1490 1585
2749 2 2 3 55 1478 1531 1577
2750 2 2 3 55 1491 1526 1567
2751 2 2 3 55 1478 1577 1578
2752 2 2 3 55 532 531 1566
2753 2 2 3 55 1490 1537 1588
2754 2 2 3 55 1497 1540 1572
2755 2 2 3 55 1540 1488 1572
2756 2 2 3 55 1558 1503 1571
2757 2 2 3 55 1484 1558 1571
2758 2 2 3 55 1472 1524 1575
2759 2 2 3 55 1596 1470 1618
2760 2 2 3 55 1526 1502 1629
2761 2 2 3 55 1481 1544 1598
2762 2 2 3 55 1545 1482 1599
2763 2 2 3 55 1487 1531 1575
2764 2 2 3 55 1544 1506 1598
2765 2 2 3 55 1507 1545 1599
2766 2 2 3 55 507 1527 1631
2767 2 2 3 55 1528 566 1632
2768 2 2 3 55 648 647 1546
2769 2 2 3 55 1495 1525 1618
2770 2 2 3 55 1538 1477 1591
2771 2 2 3 55 1559 1476 1579
2772 2 2 3 55 1527 507 1606
2773 2 2 3 55 566 1528 1607
2774 2 2 3 55 1525 1596 1618
2775 2 2 3 55 1565 1473 1630
2776 2 2 3 55 1537 1494 1579
2777 2 2 3 55 1511 1567 1639
2778 2 2 3 55 564 563 1552
2779 2 2 3 55 504 505 1551
2780 2 2 3 55 1479 1541 1620
2781 2 2 3 55 1542 1480 1621
2782 2 2 3 55 1533 1473 1569
2783 2 2 3 55 1474 1532 1573
2784 2 2 3 55 529 528 1553
2785 2 2 3 55 1527 1499 1631
2786 2 2 3 55 1500 1528 1632
2787 2 2 3 55 1539 1470 1595
2788 2 2 3 55 1560 1510 1588
2789 2 2 3 55 1584 1509 1614
2790 2 2 3 55 1541 1504 1620
2791 2 2 3 55 1505 1542 1621
2792 2 2 3 55 1559 1528 1619
2793 2 2 3 55 1509 1533 1614
2794 2 2 3 55 1532 1508 1615
2795 2 2 3 55 1531 1478 1626
2796 2 2 3 55 1499 1558 1627
2797 2 2 3 55 1541 502 1635
2798 2 2 3 55 561 1542 1636
2799 2 2 3 55 1538 1492 1569
2800 2 2 3 55 1591 1477 1629
2801 2 2 3 55 1531 1496 1590
2802 2 2 3 55 1531 1487 1577
2803 2 2 3 55 502 503 1635
2804 2 2 3 55 562 561 1636
2805 2 2 3 55 1577 1501 1578
2806 2 2 3 55 1501 1546 1640
2807 2 2 3 55 1535 1474 1572
2808 2 2 3 55 1496 1531 1626
2809 2 2 3 55 503 504 1581
2810 2 2 3 55 563 562 1582
2811 2 2 3 55 649 648 1583
2812 2 2 3 55 1494 1539 1595
2813 2 2 3 55 1564 1486 1570
2814 2 2 3 55 528 527 1584
2815 2 2 3 55 1483 1534 1605
2816 2 2 3 55 1512 1564 1570
2817 2 2 3 55 1476 1560 1588
2818 2 2 3 55 1551 505 1592
2819 2 2 3 55 564 1552 1593
2820 2 2 3 55 1471 1534 1637
2821 2 2 3 55 506 507 1631
2822 2 2 3 55 566 565 1632
2823 2 2 3 55 1504 1581 1624
2824 2 2 3 55 1582 1505 1625
2825 2 2 3 55 1567 1477 1639
2826 2 2 3 55 529 1553 1601
2827 2 2 3 55 1498 1538 1594
2828 2 2 3 55 1551 1592 1627
2829 2 2 3 55 1593 1552 1628
2830 2 2 3 55 1540 1475 1574
2831 2 2 3 55 82 501 1602
2832 2 2 3 55 560 90 1603
2833 2 2 3 55 1476 1537 1579
2834 2 2 3 55 1473 1536 1630
2835 2 2 3 55 1567 1526 1629
2836 2 2 3 55 641 82 1602
2837 2 2 3 55 90 651 1603
2838 2 2 3 55 1537 1476 1588
2839 2 2 3 55 1535 1507 1599
2840 2 2 3 55 1506 1536 1598
2841 2 2 3 55 1503 1558 1600
2842 2 2 3 55 1558 1475 1600
2843 2 2 3 55 1570 1471 1637
2844 2 2 3 55 1568 1495 1600
2845 2 2 3 55 1492 1538 1591
2846 2 2 3 55 1470 1547 1618
2847 2 2 3 55 511 78 1608
2848 2 2 3 55 86 570 1609
2849 2 2 3 55 1477 1538 1638
2850 2 2 3 55 1547 1483 1605
2851 2 2 3 55 1496 1550 1580
2852 2 2 3 55 1550 1483 1580
2853 2 2 3 55 503 1581 1635
2854 2 2 3 55 1582 562 1636
2855 2 2 3 55 1546 647 1640
2856 2 2 3 55 1538 1498 1638
2857 2 2 3 55 78 535 1608
2858 2 2 3 55 525 86 1609
2859 2 2 3 55 567 566 1607
2860 2 2 3 55 507 508 1606
2861 2 2 3 55 1541 1516 1610
2862 2 2 3 55 1517 1542 1611
2863 2 2 3 55 1547 1495 1618
2864 2 2 3 55 508 509 1634
2865 2 2 3 55 568 567 1633
2866 2 2 3 55 1564 1478 1578
2867 2 2 3 55 1544 1520 1616
2868 2 2 3 55 1521 1545 1617
2869 2 2 3 55 1518 1578 1597
2870 2 2 3 55 1578 1501 1597
2871 2 2 3 55 502 1541 1610
2872 2 2 3 55 1542 561 1611
2873 2 2 3 55 1512 1570 1637
2874 2 2 3 55 648 1546 1583
2875 2 2 3 55 1558 1484 1627
2876 2 2 3 55 1557 644 1589
2877 2 2 3 55 1504 1541 1635
2878 2 2 3 55 1542 1505 1636
2879 2 2 3 55 1538 1569 1594
2880 2 2 3 55 1493 1596 1604
2881 2 2 3 55 504 1551 1581
2882 2 2 3 55 1552 563 1582
2883 2 2 3 55 647 646 1640
2884 2 2 3 55 533 532 1586
2885 2 2 3 55 569 1544 1616
2886 2 2 3 55 1545 510 1617
2887 2 2 3 55 644 643 1589
2888 2 2 3 55 1571 1529 1624
2889 2 2 3 55 1556 1496 1585
2890 2 2 3 55 1484 1571 1624
2891 2 2 3 55 505 506 1592
2892 2 2 3 55 565 564 1593
2893 2 2 3 55 1553 528 1584
2894 2 2 3 55 1596 1525 1604
2895 2 2 3 55 1498 1543 1638
2896 2 2 3 55 1562 567 1607
2897 2 2 3 55 508 1563 1606
2898 2 2 3 55 532 1566 1586
2899 2 2 3 55 1563 508 1634
2900 2 2 3 55 567 1562 1633
2901 2 2 3 55 1549 526 1623
2902 2 2 3 55 534 1548 1622
2903 2 2 3 55 530 529 1601
2904 2 2 3 55 1550 1496 1626
2905 2 2 3 55 501 502 1610
2906 2 2 3 55 561 560 1611
2907 2 2 3 55 1490 1556 1585
2908 2 2 3 55 570 569 1616
2909 2 2 3 55 510 511 1617
2910 2 2 3 55 1520 1549 1623
2911 2 2 3 55 1548 1521 1622
2912 2 2 3 55 1477 1638 1639
2913 2 2 3 55 1495 1547 1605
2914 2 2 3 55 642 641 1612
2915 2 2 3 55 651 650 1613
2916 2 2 3 55 1638 1543 1639
2917 2 2 3 55 535 534 1622
2918 2 2 3 55 526 525 1623
2919 2 2 3 55 1556 1472 1590
2920 2 2 3 55 1496 1556 1590
2921 2 2 3 55 1478 1550 1626
2922 2 2 3 55 1500 1593 1628
2923 2 2 3 55 1592 1499 1627
2924 2 2 3 55 1484 1551 1627
2925 2 2 3 55 1552 1485 1628
2926 2 2 3 55 1498 1565 1587
2927 2 2 3 55 1565 1494 1587
2928 2 2 3 55 1554 642 1612
2929 2 2 3 55 650 1555 1613
2930 2 2 3 55 1569 1492 1614
2931 2 2 3 55 1533 1569 1614
2932 2 2 3 55 1516 1554 1612
2933 2 2 3 55 1555 1517 1613
2934 2 2 3 55 1560 1476 1619
2935 2 2 3 55 1500 1560 1619
2936 2 2 3 55 1485 1560 1628
2937 2 2 3 55 1560 1500 1628
2938 2 2 3 55 1575 1531 1590
2939 2 2 3 55 1561 1493 1604
2940 2 2 3 55 1565 1498 1594
2941 2 2 3 55 1473 1565 1594
2942 2 2 3 55 1497 1561 1604
2943 2 2 3 55 1476 1559 1619
2944 2 2 3 55 1475 1568 1600
2945 2 2 3 55 1569 1473 1594
2946 2 2 3 55 1562 1506 1633
2947 2 2 3 55 1507 1563 1634
2948 2 2 3 55 1491 1573 1615
2949 2 2 3 55 1502 1591 1629
2950 2 2 3 55 1573 1532 1615
2951 2 2 3 55 1477 1567 1629
2952 2 2 3 55 1496 1580 1585
2953 2 2 3 55 1530 1576 1625
2954 2 2 3 55 1576 1485 1625
2955 2 2 3 55 1529 1620 1624
2956 2 2 3 55 1621 1530 1625
2957 2 2 3 55 1581 1504 1635
2958 2 2 3 55 1505 1582 1636
2959 2 2 3 55 1620 1504 1624
2960 2 2 3 55 1505 1621 1625
2961 2 2 3 55 1472 1575 1590
2962 2 2 3 55 1580 1522 1585
2963 2 2 3 55 1520 1609 1616
2964 2 2 3 55 1608 1521 1617
2965 2 2 3 55 1499 1592 1631
2966 2 2 3 55 1593 1500 1632
2967 2 2 3 55 1609 570 1616
2968 2 2 3 55 511 1608 1617
2969 2 2 3 55 1516 1602 1610
2970 2 2 3 55 1603 1517 1611
2971 2 2 3 55 646 1597 1640
2972 2 2 3 55 1602 501 1610
2973 2 2 3 55 560 1603 1611
2974 2 2 3 55 1608 535 1622
2975 2 2 3 55 525 1609 1623
2976 2 2 3 55 1519 1587 1595
2977 2 2 3 55 1587 1494 1595
2978 2 2 3 55 1521 1608 1622
2979 2 2 3 55 1609 1520 1623
2980 2 2 3 55 641 1602 1612
2981 2 2 3 55 1603 651 1613
2982 2 2 3 55 1517 1603 1613
2983 2 2 3 55 1602 1516 1612
2984 2 2 3 55 1592 506 1631
2985 2 2 3 55 565 1593 1632
2986 2 2 3 55 1597 1501 1640
2987 2 2 3 56 572 571 536
2988 2 2 3 56 572 536 537
2989 2 2 3 56 1641 571 84
2990 2 2 3 56 512 1641 84
2991 2 2 3 56 1642 604 91
2992 2 2 3 56 581 1642 91
2993 2 2 3 56 542 576 541
2994 2 2 3 56 577 576 542
2995 2 2 3 56 539 540 575
2996 2 2 3 56 578 542 543
2997 2 2 3 56 546 1642 581
2998 2 2 3 56 604 1642 87
2999 2 2 3 56 1642 546 87
3000 2 2 3 56 536 1641 83
3001 2 2 3 56 1641 536 571
3002 2 2 3 56 1641 512 83
3003 2 2 3 56 580 545 581
3004 2 2 3 56 581 545 546
3005 2 2 3 56 579 544 580
3006 2 2 3 56 580 544 545
3007 2 2 3 56 578 544 579
3008 2 2 3 56 538 574 573
3009 2 2 3 56 538 573 537
3010 2 2 3 56 539 575 574
3011 2 2 3 56 539 574 538
3012 2 2 3 56 573 572 537
3013 2 2 3 56 544 578 543
3014 2 2 3 56 541 576 575
3015 2 2 3 56 577 542 578
3016 2 2 3 56 540 541 575
3017 2 2 3 57 604 87 547
3018 2 2 3 57 547 88 605
3019 2 2 3 57 604 547 605
3020 2 2 3 57 605 91 604
3021 2 2 3 58 583 549 584
3022 2 2 3 58 584 549 550
3023 2 2 3 58 605 1643 91
3024 2 2 3 58 1643 582 91
3025 2 2 3 58 1644 606 92
3026 2 2 3 58 592 1644 92
3027 2 2 3 58 554 587 553
3028 2 2 3 58 586 552 587
3029 2 2 3 58 588 587 554
3030 2 2 3 58 587 552 553
3031 2 2 3 58 558 1644 592
3032 2 2 3 58 606 1644 89
3033 2 2 3 58 1644 558 89
3034 2 2 3 58 1643 548 582
3035 2 2 3 58 1643 605 88
3036 2 2 3 58 548 1643 88
3037 2 2 3 58 582 548 583
3038 2 2 3 58 591 557 592
3039 2 2 3 58 592 557 558
3040 2 2 3 58 549 583 548
3041 2 2 3 58 552 586 585
3042 2 2 3 58 552 585 551
3043 2 2 3 58 591 590 557
3044 2 2 3 58 557 590 556
3045 2 2 3 58 550 585 584
3046 2 2 3 58 551 585 550
3047 2 2 3 58 556 590 589
3048 2 2 3 58 556 589 555
3049 2 2 3 58 555 589 554
3050 2 2 3 58 554 589 588
3051 2 2 3 59 606 89 559
3052 2 2 3 59 559 90 607
3053 2 2 3 59 606 559 607
3054 2 2 3 59 607 92 606
3055 2 2 3 60 607 1645 92
3056 2 2 3 60 1645 593 92
3057 2 2 3 60 1646 570 86
3058 2 2 3 60 524 1646 86
3059 2 2 3 60 603 1646 85
3060 2 2 3 60 1646 603 570
3061 2 2 3 60 1646 524 85
3062 2 2 3 60 597 564 565
3063 2 2 3 60 595 562 596
3064 2 2 3 60 565 566 599
3065 2 2 3 60 601 600 567
3066 2 2 3 60 1645 560 593
3067 2 2 3 60 1645 607 90
3068 2 2 3 60 560 1645 90
3069 2 2 3 60 603 602 570
3070 2 2 3 60 570 602 569
3071 2 2 3 60 602 601 569
3072 2 2 3 60 569 601 568
3073 2 2 3 60 564 597 596
3074 2 2 3 60 564 596 563
3075 2 2 3 60 567 568 601
3076 2 2 3 60 594 593 561
3077 2 2 3 60 594 561 562
3078 2 2 3 60 563 596 562
3079 2 2 3 60 600 599 567
3080 2 2 3 60 567 599 566
3081 2 2 3 60 597 565 598
3082 2 2 3 60 593 560 561
3083 2 2 3 60 594 562 595
3084 2 2 3 60 598 565 599
3085 2 2 3 61 1690 1655 1724
3086 2 2 3 61 521 1689 1726
3087 2 2 3 61 515 1725 1761
3088 2 2 3 61 1692 590 1730
3089 2 2 3 61 1731 584 1763
3090 2 2 3 61 1656 1691 1701
3091 2 2 3 61 1692 1657 1702
3092 2 2 3 61 1725 1688 1761
3093 2 2 3 61 1691 1731 1763
3094 2 2 3 61 1688 1659 1706
3095 2 2 3 61 1658 1689 1705
3096 2 2 3 61 1672 1680 1764
3097 2 2 3 61 1684 1666 1712
3098 2 2 3 61 1667 1685 1711
3099 2 2 3 61 1680 1648 1717
3100 2 2 3 61 1671 1683 1745
3101 2 2 3 61 1687 1650 1734
3102 2 2 3 61 1707 1672 1719
3103 2 2 3 61 1647 1707 1719
3104 2 2 3 61 1649 1686 1733
3105 2 2 3 61 1686 1665 1733
3106 2 2 3 61 1668 1687 1734
3107 2 2 3 61 1680 1672 1799
3108 2 2 3 61 1648 1680 1747
3109 2 2 3 61 1683 1671 1794
3110 2 2 3 61 1667 1683 1738
3111 2 2 3 61 1650 1715 1734
3112 2 2 3 61 1715 1674 1734
3113 2 2 3 61 1693 1675 1718
3114 2 2 3 61 1648 1690 1775
3115 2 2 3 61 1691 1656 1731
3116 2 2 3 61 1657 1692 1730
3117 2 2 3 61 1669 1687 1743
3118 2 2 3 61 1659 1688 1725
3119 2 2 3 61 1689 1658 1726
3120 2 2 3 61 601 1723 1813
3121 2 2 3 61 1722 573 1812
3122 2 2 3 61 1693 1718 1772
3123 2 2 3 61 1650 1706 1712
3124 2 2 3 61 1705 1651 1711
3125 2 2 3 61 1675 1693 1766
3126 2 2 3 61 1718 1668 1772
3127 2 2 3 61 1655 1690 1742
3128 2 2 3 61 1663 1742 1751
3129 2 2 3 61 1683 1667 1762
3130 2 2 3 61 1742 1690 1751
3131 2 2 3 61 1687 1668 1803
3132 2 2 3 61 1660 1694 1719
3133 2 2 3 61 601 602 1723
3134 2 2 3 61 572 573 1722
3135 2 2 3 61 1694 1647 1719
3136 2 2 3 61 1666 1684 1739
3137 2 2 3 61 1685 1667 1740
3138 2 2 3 61 1741 1688 1786
3139 2 2 3 61 1650 1687 1750
3140 2 2 3 61 1687 1669 1750
3141 2 2 3 61 1665 1686 1765
3142 2 2 3 61 1690 1724 1775
3143 2 2 3 61 1691 1735 1808
3144 2 2 3 61 1686 1649 1753
3145 2 2 3 61 1689 521 1758
3146 2 2 3 61 515 514 1725
3147 2 2 3 61 522 521 1726
3148 2 2 3 61 1649 1702 1708
3149 2 2 3 61 1701 1648 1709
3150 2 2 3 61 1735 1691 1763
3151 2 2 3 61 1690 1648 1751
3152 2 2 3 61 590 1692 1757
3153 2 2 3 61 1688 1741 1761
3154 2 2 3 61 590 591 1730
3155 2 2 3 61 583 584 1731
3156 2 2 3 61 1678 1727 1754
3157 2 2 3 61 1695 1657 1730
3158 2 2 3 61 1656 1696 1731
3159 2 2 3 61 1657 1695 1720
3160 2 2 3 61 1696 1656 1721
3161 2 2 3 61 1745 1683 1762
3162 2 2 3 61 1656 1701 1806
3163 2 2 3 61 1702 1657 1805
3164 2 2 3 61 1701 1709 1806
3165 2 2 3 61 1708 1702 1805
3166 2 2 3 61 1671 1713 1794
3167 2 2 3 61 1732 1679 1767
3168 2 2 3 61 1658 1697 1726
3169 2 2 3 61 1698 1659 1725
3170 2 2 3 61 1715 1666 1737
3171 2 2 3 61 1756 1661 1819
3172 2 2 3 61 1662 1755 1818
3173 2 2 3 61 1727 1664 1754
3174 2 2 3 61 1728 1661 1756
3175 2 2 3 61 1662 1729 1755
3176 2 2 3 61 1659 1698 1722
3177 2 2 3 61 1697 1658 1723
3178 2 2 3 61 1647 1693 1772
3179 2 2 3 61 1647 1694 1807
3180 2 2 3 61 1693 1647 1795
3181 2 2 3 61 1665 1713 1714
3182 2 2 3 61 1713 1671 1714
3183 2 2 3 61 1758 1670 1787
3184 2 2 3 61 1680 1717 1764
3185 2 2 3 61 586 1699 1735
3186 2 2 3 61 1712 1706 1780
3187 2 2 3 61 1705 1711 1781
3188 2 2 3 61 1664 1757 1809
3189 2 2 3 61 1667 1704 1784
3190 2 2 3 61 1703 1666 1785
3191 2 2 3 61 1732 1670 1758
3192 2 2 3 61 1664 1727 1757
3193 2 2 3 61 1744 1686 1753
3194 2 2 3 61 1699 586 1771
3195 2 2 3 61 1700 517 1741
3196 2 2 3 61 1717 1648 1775
3197 2 2 3 61 1684 1722 1812
3198 2 2 3 61 1723 1685 1813
3199 2 2 3 61 1669 1741 1786
3200 2 2 3 61 1661 1744 1753
3201 2 2 3 61 1694 1660 1811
3202 2 2 3 61 1651 1745 1762
3203 2 2 3 61 1715 1737 1752
3204 2 2 3 61 1735 1663 1808
3205 2 2 3 61 1650 1712 1715
3206 2 2 3 61 1712 1666 1715
3207 2 2 3 61 1740 1667 1784
3208 2 2 3 61 1666 1739 1785
3209 2 2 3 61 1658 1705 1781
3210 2 2 3 61 1706 1659 1780
3211 2 2 3 61 1679 1732 1773
3212 2 2 3 61 1699 1663 1735
3213 2 2 3 61 1670 1732 1767
3214 2 2 3 61 1663 1699 1742
3215 2 2 3 61 1701 1691 1808
3216 2 2 3 61 1692 1702 1809
3217 2 2 3 61 1668 1718 1803
3218 2 2 3 61 1666 1703 1737
3219 2 2 3 61 1704 1667 1738
3220 2 2 3 61 1669 1700 1741
3221 2 2 3 61 1676 1736 1793
3222 2 2 3 61 1700 1669 1743
3223 2 2 3 61 1714 1647 1807
3224 2 2 3 61 586 587 1771
3225 2 2 3 61 1724 1660 1775
3226 2 2 3 61 585 586 1735
3227 2 2 3 61 1648 1701 1751
3228 2 2 3 61 1738 1683 1794
3229 2 2 3 61 1703 1676 1793
3230 2 2 3 61 1677 1704 1792
3231 2 2 3 61 1654 1716 1767
3232 2 2 3 61 1707 1647 1772
3233 2 2 3 61 517 516 1741
3234 2 2 3 61 1710 1655 1754
3235 2 2 3 61 1713 1665 1765
3236 2 2 3 61 1709 1648 1747
3237 2 2 3 61 1667 1711 1762
3238 2 2 3 61 1736 1676 1817
3239 2 2 3 61 1649 1708 1753
3240 2 2 3 61 1679 1700 1796
3241 2 2 3 61 517 1700 1820
3242 2 2 3 61 1651 1705 1746
3243 2 2 3 61 1659 1722 1780
3244 2 2 3 61 1723 1658 1781
3245 2 2 3 61 1702 1649 1749
3246 2 2 3 61 1743 1687 1803
3247 2 2 3 61 599 1784 1814
3248 2 2 3 61 1785 575 1815
3249 2 2 3 61 1706 1650 1750
3250 2 2 3 61 1727 1678 1804
3251 2 2 3 61 1654 1767 1796
3252 2 2 3 61 1710 1664 1749
3253 2 2 3 61 1722 1684 1780
3254 2 2 3 61 1685 1723 1781
3255 2 2 3 61 1700 1679 1820
3256 2 2 3 61 1784 1704 1814
3257 2 2 3 61 1703 1785 1815
3258 2 2 3 61 1647 1714 1795
3259 2 2 3 61 588 589 1727
3260 2 2 3 61 1704 1677 1814
3261 2 2 3 61 1676 1703 1815
3262 2 2 3 61 596 597 1728
3263 2 2 3 61 577 578 1729
3264 2 2 3 61 1686 1744 1765
3265 2 2 3 61 1657 1720 1805
3266 2 2 3 61 1721 1656 1806
3267 2 2 3 61 520 519 1732
3268 2 2 3 61 1699 1771 1778
3269 2 2 3 61 1705 1689 1787
3270 2 2 3 61 1688 1706 1786
3271 2 2 3 61 1689 1758 1787
3272 2 2 3 61 1653 1738 1794
3273 2 2 3 61 1680 1736 1747
3274 2 2 3 61 1736 1662 1747
3275 2 2 3 61 1720 1681 1805
3276 2 2 3 61 1682 1721 1806
3277 2 2 3 61 1672 1707 1779
3278 2 2 3 61 1771 1678 1778
3279 2 2 3 61 1670 1716 1746
3280 2 2 3 61 1744 1653 1765
3281 2 2 3 61 1754 1655 1778
3282 2 2 3 61 1655 1710 1810
3283 2 2 3 61 1673 1710 1759
3284 2 2 3 61 1757 1692 1809
3285 2 2 3 61 1654 1743 1803
3286 2 2 3 61 1720 594 1822
3287 2 2 3 61 580 1721 1821
3288 2 2 3 61 1716 1675 1774
3289 2 2 3 61 1672 1748 1799
3290 2 2 3 61 578 579 1755
3291 2 2 3 61 595 596 1756
3292 2 2 3 61 589 590 1757
3293 2 2 3 61 1664 1710 1754
3294 2 2 3 61 521 520 1758
3295 2 2 3 61 594 595 1822
3296 2 2 3 61 579 580 1821
3297 2 2 3 61 1668 1768 1772
3298 2 2 3 61 1660 1724 1811
3299 2 2 3 61 1770 1729 1817
3300 2 2 3 61 1728 1769 1816
3301 2 2 3 61 1710 1673 1810
3302 2 2 3 61 1768 1707 1772
3303 2 2 3 61 1728 597 1769
3304 2 2 3 61 577 1729 1770
3305 2 2 3 61 1737 1703 1793
3306 2 2 3 61 1704 1738 1792
3307 2 2 3 61 1711 1685 1781
3308 2 2 3 61 1684 1712 1780
3309 2 2 3 61 598 599 1814
3310 2 2 3 61 575 576 1815
3311 2 2 3 61 1732 519 1773
3312 2 2 3 61 1711 1651 1762
3313 2 2 3 61 518 517 1820
3314 2 2 3 61 1674 1715 1752
3315 2 2 3 61 1717 1660 1764
3316 2 2 3 61 1736 1652 1793
3317 2 2 3 61 1700 1743 1796
3318 2 2 3 61 1749 1664 1809
3319 2 2 3 61 1681 1756 1819
3320 2 2 3 61 1755 1682 1818
3321 2 2 3 61 1660 1719 1764
3322 2 2 3 61 1746 1716 1774
3323 2 2 3 61 581 91 1777
3324 2 2 3 61 92 593 1776
3325 2 2 3 61 592 92 1776
3326 2 2 3 61 91 582 1777
3327 2 2 3 61 1665 1714 1807
3328 2 2 3 61 1714 1671 1795
3329 2 2 3 61 1709 1747 1818
3330 2 2 3 61 1747 1662 1818
3331 2 2 3 61 603 85 1782
3332 2 2 3 61 84 571 1783
3333 2 2 3 61 85 523 1782
3334 2 2 3 61 513 84 1783
3335 2 2 3 61 1765 1653 1794
3336 2 2 3 61 1713 1765 1794
3337 2 2 3 61 574 575 1785
3338 2 2 3 61 599 600 1784
3339 2 2 3 61 1755 579 1821
3340 2 2 3 61 595 1756 1822
3341 2 2 3 61 1742 1699 1778
3342 2 2 3 61 1716 1670 1767
3343 2 2 3 61 1702 1749 1809
3344 2 2 3 61 1662 1736 1817
3345 2 2 3 61 588 1727 1804
3346 2 2 3 61 1716 1654 1802
3347 2 2 3 61 1660 1717 1775
3348 2 2 3 61 1675 1716 1802
3349 2 2 3 61 600 601 1813
3350 2 2 3 61 573 574 1812
3351 2 2 3 61 1718 1675 1802
3352 2 2 3 61 1719 1672 1764
3353 2 2 3 61 1720 1695 1789
3354 2 2 3 61 1696 1721 1788
3355 2 2 3 61 587 588 1804
3356 2 2 3 61 1727 589 1757
3357 2 2 3 61 594 1720 1789
3358 2 2 3 61 1721 580 1788
3359 2 2 3 61 1676 1770 1817
3360 2 2 3 61 1769 1677 1816
3361 2 2 3 61 1736 1680 1799
3362 2 2 3 61 1652 1736 1799
3363 2 2 3 61 1739 574 1785
3364 2 2 3 61 600 1740 1784
3365 2 2 3 61 1722 1698 1798
3366 2 2 3 61 1697 1723 1797
3367 2 2 3 61 1746 1705 1787
3368 2 2 3 61 1729 578 1755
3369 2 2 3 61 596 1728 1756
3370 2 2 3 61 1802 1654 1803
3371 2 2 3 61 1718 1802 1803
3372 2 2 3 61 516 515 1761
3373 2 2 3 61 1673 1724 1810
3374 2 2 3 61 585 1735 1763
3375 2 2 3 61 572 1722 1798
3376 2 2 3 61 1723 602 1797
3377 2 2 3 61 584 585 1763
3378 2 2 3 61 520 1732 1758
3379 2 2 3 61 1737 1652 1752
3380 2 2 3 61 1670 1746 1787
3381 2 2 3 61 1725 514 1800
3382 2 2 3 61 522 1726 1801
3383 2 2 3 61 1741 516 1761
3384 2 2 3 61 1681 1720 1822
3385 2 2 3 61 1721 1682 1821
3386 2 2 3 61 597 598 1769
3387 2 2 3 61 576 577 1770
3388 2 2 3 61 1698 1725 1800
3389 2 2 3 61 1726 1697 1801
3390 2 2 3 61 1652 1748 1752
3391 2 2 3 61 1748 1674 1752
3392 2 2 3 61 519 518 1773
3393 2 2 3 61 1724 1655 1810
3394 2 2 3 61 583 1731 1791
3395 2 2 3 61 1730 591 1790
3396 2 2 3 61 1668 1734 1768
3397 2 2 3 61 1724 1673 1811
3398 2 2 3 61 1695 1730 1790
3399 2 2 3 61 1731 1696 1791
3400 2 2 3 61 1740 600 1813
3401 2 2 3 61 574 1739 1812
3402 2 2 3 61 580 581 1788
3403 2 2 3 61 593 594 1789
3404 2 2 3 61 1710 1749 1759
3405 2 2 3 61 602 603 1797
3406 2 2 3 61 571 572 1798
3407 2 2 3 61 1649 1733 1759
3408 2 2 3 61 591 592 1790
3409 2 2 3 61 582 583 1791
3410 2 2 3 61 523 522 1801
3411 2 2 3 61 514 513 1800
3412 2 2 3 61 1733 1665 1760
3413 2 2 3 61 1733 1673 1759
3414 2 2 3 61 1673 1733 1760
3415 2 2 3 61 1678 1754 1778
3416 2 2 3 61 1729 1662 1817
3417 2 2 3 61 1661 1728 1816
3418 2 2 3 61 1653 1744 1792
3419 2 2 3 61 1744 1677 1792
3420 2 2 3 61 1745 1675 1766
3421 2 2 3 61 1671 1745 1766
3422 2 2 3 61 1734 1674 1768
3423 2 2 3 61 1744 1661 1816
3424 2 2 3 61 1677 1744 1816
3425 2 2 3 61 1663 1751 1808
3426 2 2 3 61 1751 1701 1808
3427 2 2 3 61 1767 1679 1796
3428 2 2 3 61 1655 1742 1778
3429 2 2 3 61 1745 1651 1774
3430 2 2 3 61 1750 1669 1786
3431 2 2 3 61 1749 1649 1759
3432 2 2 3 61 1652 1737 1793
3433 2 2 3 61 1738 1653 1792
3434 2 2 3 61 1706 1750 1786
3435 2 2 3 61 1675 1745 1774
3436 2 2 3 61 1651 1746 1774
3437 2 2 3 61 1743 1654 1796
3438 2 2 3 61 1739 1684 1812
3439 2 2 3 61 1685 1740 1813
3440 2 2 3 61 1753 1708 1819
3441 2 2 3 61 1661 1753 1819
3442 2 2 3 61 1674 1748 1779
3443 2 2 3 61 1748 1672 1779
3444 2 2 3 61 1682 1755 1821
3445 2 2 3 61 1756 1681 1822
3446 2 2 3 61 1748 1652 1799
3447 2 2 3 61 1673 1760 1811
3448 2 2 3 61 1760 1694 1811
3449 2 2 3 61 1806 1709 1818
3450 2 2 3 61 1708 1805 1819
3451 2 2 3 61 1682 1806 1818
3452 2 2 3 61 1805 1681 1819
3453 2 2 3 61 1771 587 1804
3454 2 2 3 61 1770 1676 1815
3455 2 2 3 61 1677 1769 1814
3456 2 2 3 61 1679 1773 1820
3457 2 2 3 61 1782 1697 1797
3458 2 2 3 61 1698 1783 1798
3459 2 2 3 61 603 1782 1797
3460 2 2 3 61 1783 571 1798
3461 2 2 3 61 1777 1696 1788
3462 2 2 3 61 1695 1776 1789
3463 2 2 3 61 1671 1766 1795
3464 2 2 3 61 1766 1693 1795
3465 2 2 3 61 581 1777 1788
3466 2 2 3 61 1776 593 1789
3467 2 2 3 61 1782 523 1801
3468 2 2 3 61 513 1783 1800
3469 2 2 3 61 1783 1698 1800
3470 2 2 3 61 1697 1782 1801
3471 2 2 3 61 592 1776 1790
3472 2 2 3 61 1777 582 1791
3473 2 2 3 61 1776 1695 1790
3474 2 2 3 61 1696 1777 1791
3475 2 2 3 61 1760 1665 1807
3476 2 2 3 61 1694 1760 1807
3477 2 2 3 61 1768 1674 1779
3478 2 2 3 61 1707 1768 1779
3479 2 2 3 61 1678 1771 1804
3480 2 2 3 61 1769 598 1814
3481 2 2 3 61 576 1770 1815
3482 2 2 3 61 1773 518 1820
$EndElements
