$MeshFormat
2.2 0 8
$EndMeshFormat
$Nodes
2584
1 11.639 0 0
2 11.517 1.681 0
3 11.154 3.327 0
4 10.556 4.904 0
5 9.737 6.377 0
6 8.714 7.717 0
7 8.638999999999999 7.8 0
8 8.553000000000001 7.894 0
9 8.462999999999999 7.991 0
10 8.377000000000001 8.081 0
11 8.303000000000001 8.157 0
12 7.153 9.182 0
13 5.879 10.046 0
14 4.502 10.734 0
15 3.046 11.234 0
16 1.536 11.538 0
17 0 11.639 0
18 -1.536 11.538 0
19 -3.046 11.234 0
20 -4.502 10.734 0
21 -5.879 10.046 0
22 -7.153 9.182 0
23 -8.303000000000001 8.157 0
24 -8.377000000000001 8.081 0
25 -8.462999999999999 7.991 0
26 -8.553000000000001 7.894 0
27 -8.638999999999999 7.8 0
28 -8.714 7.717 0
29 -9.737 6.377 0
30 -10.556 4.904 0
31 -11.154 3.327 0
32 -11.517 1.681 0
33 -11.639 0 0
34 -11.517 -1.681 0
35 -11.154 -3.327 0
36 -10.556 -4.904 0
37 -9.737 -6.377 0
38 -8.714 -7.717 0
39 -8.638999999999999 -7.8 0
40 -8.553000000000001 -7.894 0
41 -8.462999999999999 -7.991 0
42 -8.377000000000001 -8.081 0
43 -8.303000000000001 -8.157 0
44 -7.153 -9.182 0
45 -5.879 -10.046 0
46 -4.502 -10.734 0
47 -3.046 -11.234 0
48 -1.536 -11.538 0
49 0 -11.639 0
50 1.536 -11.538 0
51 3.046 -11.234 0
52 4.502 -10.734 0
53 5.879 -10.046 0
54 7.153 -9.182 0
55 8.303000000000001 -8.157 0
56 8.377000000000001 -8.081 0
57 8.462999999999999 -7.991 0
58 8.553000000000001 -7.894 0
59 8.638999999999999 -7.8 0
60 8.714 -7.717 0
61 9.737 -6.377 0
62 10.556 -4.904 0
63 11.154 -3.327 0
64 11.517 -1.681 0
65 12.351 0 2.691
66 12.226 1.785 2.691
67 11.852 3.536 2.691
68 11.237 5.22 2.691
69 10.385 6.802 2.691
70 9.315 8.249000000000001 2.691
71 9.256 8.356999999999999 2.691
72 9.177 8.468999999999999 2.691
73 9.079000000000001 8.571999999999999 2.691
74 8.965999999999999 8.65 2.691
75 8.853999999999999 8.699 2.691
76 7.599 9.754 2.691
77 6.226 10.639 2.691
78 4.757 11.343 2.691
79 3.214 11.854 2.691
80 1.62 12.164 2.691
81 0 12.268 2.691
82 -1.62 12.164 2.691
83 -3.214 11.854 2.691
84 -4.757 11.343 2.691
85 -6.226 10.639 2.691
86 -7.599 9.754 2.691
87 -8.853999999999999 8.699 2.691
88 -8.965999999999999 8.65 2.691
89 -9.079000000000001 8.571999999999999 2.691
90 -9.177 8.468999999999999 2.691
91 -9.256 8.356999999999999 2.691
92 -9.315 8.249000000000001 2.691
93 -10.385 6.802 2.691
94 -11.237 5.22 2.691
95 -11.852 3.536 2.691
96 -12.226 1.785 2.691
97 -12.351 0 2.691
98 -12.226 -1.785 2.691
99 -11.852 -3.536 2.691
100 -11.237 -5.22 2.691
101 -10.385 -6.802 2.691
102 -9.315 -8.249000000000001 2.691
103 -9.256 -8.356999999999999 2.691
104 -9.177 -8.468999999999999 2.691
105 -9.079000000000001 -8.571999999999999 2.691
106 -8.965999999999999 -8.65 2.691
107 -8.853999999999999 -8.699 2.691
108 -7.599 -9.754 2.691
109 -6.226 -10.639 2.691
110 -4.757 -11.343 2.691
111 -3.214 -11.854 2.691
112 -1.62 -12.164 2.691
113 0 -12.268 2.691
114 1.62 -12.164 2.691
115 3.214 -11.854 2.691
116 4.757 -11.343 2.691
117 6.226 -10.639 2.691
118 7.599 -9.754 2.691
119 8.853999999999999 -8.699 2.691
120 8.965999999999999 -8.65 2.691
121 9.079000000000001 -8.571999999999999 2.691
122 9.177 -8.468999999999999 2.691
123 9.256 -8.356999999999999 2.691
124 9.315 -8.249000000000001 2.691
125 10.385 -6.802 2.691
126 11.237 -5.22 2.691
127 11.852 -3.536 2.691
128 12.226 -1.785 2.691
129 14.01 0 6.43
130 13.883 2.027 6.43
131 13.507 4.029 6.43
132 12.885 5.986 6.43
133 11.982 7.848 6.43
134 10.827 9.589 6.43
135 10.836 9.782999999999999 6.43
136 10.79 9.959 6.43
137 10.674 10.078 6.43
138 10.466 10.096 6.43
139 10.21 10.031 6.43
140 8.653 11.107 6.43
141 7.015 11.987 6.43
142 5.318 12.68 6.43
143 3.574 13.181 6.43
144 1.796 13.486 6.43
145 0 13.588 6.43
146 -1.796 13.486 6.43
147 -3.574 13.181 6.43
148 -5.318 12.68 6.43
149 -7.015 11.987 6.43
150 -8.653 11.107 6.43
151 -10.21 10.031 6.43
152 -10.466 10.096 6.43
153 -10.674 10.078 6.43
154 -10.79 9.959 6.43
155 -10.836 9.782999999999999 6.43
156 -10.827 9.589 6.43
157 -11.982 7.848 6.43
158 -12.885 5.986 6.43
159 -13.507 4.029 6.43
160 -13.883 2.027 6.43
161 -14.01 0 6.43
162 -13.883 -2.027 6.43
163 -13.507 -4.029 6.43
164 -12.885 -5.986 6.43
165 -11.982 -7.848 6.43
166 -10.827 -9.589 6.43
167 -10.836 -9.782999999999999 6.43
168 -10.79 -9.959 6.43
169 -10.674 -10.078 6.43
170 -10.466 -10.096 6.43
171 -10.21 -10.031 6.43
172 -8.653 -11.107 6.43
173 -7.015 -11.987 6.43
174 -5.318 -12.68 6.43
175 -3.574 -13.181 6.43
176 -1.796 -13.486 6.43
177 0 -13.588 6.43
178 1.796 -13.486 6.43
179 3.574 -13.181 6.43
180 5.318 -12.68 6.43
181 7.015 -11.987 6.43
182 8.653 -11.107 6.43
183 10.21 -10.031 6.43
184 10.466 -10.096 6.43
185 10.674 -10.078 6.43
186 10.79 -9.959 6.43
187 10.836 -9.782999999999999 6.43
188 10.827 -9.589 6.43
189 11.982 -7.848 6.43
190 12.885 -5.986 6.43
191 13.507 -4.029 6.43
192 13.883 -2.027 6.43
193 17.169 0 11.586
194 17.043 2.488 11.586
195 16.667 4.972 11.586
196 16.042 7.452 11.586
197 15.049 9.856 11.586
198 13.736 12.165 11.586
199 13.876 12.528 11.586
200 13.895 12.824 11.586
201 13.742 12.974 11.586
202 13.35 12.878 11.586
203 12.813 12.588 11.586
204 10.666 13.69 11.586
205 8.51 14.541 11.586
206 6.371 15.19 11.586
207 4.244 15.654 11.586
208 2.122 15.935 11.586
209 0 16.029 11.586
210 -2.122 15.935 11.586
211 -4.244 15.654 11.586
212 -6.371 15.19 11.586
213 -8.51 14.541 11.586
214 -10.666 13.69 11.586
215 -12.813 12.588 11.586
216 -13.35 12.878 11.586
217 -13.742 12.974 11.586
218 -13.895 12.824 11.586
219 -13.876 12.528 11.586
220 -13.736 12.165 11.586
221 -15.049 9.856 11.586
222 -16.042 7.452 11.586
223 -16.667 4.972 11.586
224 -17.043 2.488 11.586
225 -17.169 0 11.586
226 -17.043 -2.488 11.586
227 -16.667 -4.972 11.586
228 -16.042 -7.452 11.586
229 -15.049 -9.856 11.586
230 -13.736 -12.165 11.586
231 -13.876 -12.528 11.586
232 -13.895 -12.824 11.586
233 -13.742 -12.974 11.586
234 -13.35 -12.878 11.586
235 -12.813 -12.588 11.586
236 -10.666 -13.69 11.586
237 -8.51 -14.541 11.586
238 -6.371 -15.19 11.586
239 -4.244 -15.654 11.586
240 -2.122 -15.935 11.586
241 0 -16.029 11.586
242 2.122 -15.935 11.586
243 4.244 -15.654 11.586
244 6.371 -15.19 11.586
245 8.51 -14.541 11.586
246 10.666 -13.69 11.586
247 12.813 -12.588 11.586
248 13.35 -12.878 11.586
249 13.742 -12.974 11.586
250 13.895 -12.824 11.586
251 13.876 -12.528 11.586
252 13.736 -12.165 11.586
253 15.049 -9.856 11.586
254 16.042 -7.452 11.586
255 16.667 -4.972 11.586
256 17.043 -2.488 11.586
257 21.853 0 17.957
258 21.726 3.172 17.957
259 21.346 6.368 17.957
260 20.703 9.617000000000001 17.957
261 19.563 12.813 17.957
262 18.002 15.942 17.957
263 18.318 16.538 17.957
264 18.421 17.001 17.957
265 18.214 17.197 17.957
266 17.57 16.949 17.957
267 16.645 16.354 17.957
268 13.646 17.515 17.957
269 10.731 18.336 17.957
270 7.938 18.927 17.957
271 5.243 19.338 17.957
272 2.607 19.583 17.957
273 0 19.664 17.957
274 -2.607 19.583 17.957
275 -5.243 19.338 17.957
276 -7.938 18.927 17.957
277 -10.731 18.336 17.957
278 -13.646 17.515 17.957
279 -16.645 16.354 17.957
280 -17.57 16.949 17.957
281 -18.214 17.197 17.957
282 -18.421 17.001 17.957
283 -18.318 16.538 17.957
284 -18.002 15.942 17.957
285 -19.563 12.813 17.957
286 -20.703 9.617000000000001 17.957
287 -21.346 6.368 17.957
288 -21.726 3.172 17.957
289 -21.853 0 17.957
290 -21.726 -3.172 17.957
291 -21.346 -6.368 17.957
292 -20.703 -9.617000000000001 17.957
293 -19.563 -12.813 17.957
294 -18.002 -15.942 17.957
295 -18.318 -16.538 17.957
296 -18.421 -17.001 17.957
297 -18.214 -17.197 17.957
298 -17.57 -16.949 17.957
299 -16.645 -16.354 17.957
300 -13.646 -17.515 17.957
301 -10.731 -18.336 17.957
302 -7.938 -18.927 17.957
303 -5.243 -19.338 17.957
304 -2.607 -19.583 17.957
305 0 -19.664 17.957
306 2.607 -19.583 17.957
307 5.243 -19.338 17.957
308 7.938 -18.927 17.957
309 10.731 -18.336 17.957
310 13.646 -17.515 17.957
311 16.645 -16.354 17.957
312 17.57 -16.949 17.957
313 18.214 -17.197 17.957
314 18.421 -17.001 17.957
315 18.318 -16.538 17.957
316 18.002 -15.942 17.957
317 19.563 -12.813 17.957
318 20.703 -9.617000000000001 17.957
319 21.346 -6.368 17.957
320 21.726 -3.172 17.957
321 28.372 0 26.002
322 28.239 4.122 26.002
323 27.839 8.305 26.002
324 27.151 12.613 26.002
325 25.788 16.889 26.002
326 23.862 21.132 26.002
327 24.4 22.029 26.002
328 24.605 22.709 26.002
329 24.326 22.967 26.002
330 23.357 22.531 26.002
331 21.931 21.547 26.002
332 17.783 22.826 26.002
333 13.832 23.635 26.002
334 10.136 24.169 26.002
335 6.647 24.518 26.002
336 3.291 24.72 26.002
337 0 24.787 26.002
338 -3.291 24.72 26.002
339 -6.647 24.518 26.002
340 -10.136 24.169 26.002
341 -13.832 23.635 26.002
342 -17.783 22.826 26.002
343 -21.931 21.547 26.002
344 -23.357 22.531 26.002
345 -24.326 22.967 26.002
346 -24.605 22.709 26.002
347 -24.4 22.029 26.002
348 -23.862 21.132 26.002
349 -25.788 16.889 26.002
350 -27.151 12.613 26.002
351 -27.839 8.305 26.002
352 -28.239 4.122 26.002
353 -28.372 0 26.002
354 -28.239 -4.122 26.002
355 -27.839 -8.305 26.002
356 -27.151 -12.613 26.002
357 -25.788 -16.889 26.002
358 -23.862 -21.132 26.002
359 -24.4 -22.029 26.002
360 -24.605 -22.709 26.002
361 -24.326 -22.967 26.002
362 -23.357 -22.531 26.002
363 -21.931 -21.547 26.002
364 -17.783 -22.826 26.002
365 -13.832 -23.635 26.002
366 -10.136 -24.169 26.002
367 -6.647 -24.518 26.002
368 -3.291 -24.72 26.002
369 0 -24.787 26.002
370 3.291 -24.72 26.002
371 6.647 -24.518 26.002
372 10.136 -24.169 26.002
373 13.832 -23.635 26.002
374 17.783 -22.826 26.002
375 21.931 -21.547 26.002
376 23.357 -22.531 26.002
377 24.326 -22.967 26.002
378 24.605 -22.709 26.002
379 24.4 -22.029 26.002
380 23.862 -21.132 26.002
381 25.788 -16.889 26.002
382 27.151 -12.613 26.002
383 27.839 -8.305 26.002
384 28.239 -4.122 26.002
385 36.566 0 35.607
386 36.422 5.317 35.607
387 35.986 10.736 35.607
388 35.222 16.362 35.607
389 33.562 21.981 35.607
390 31.163 27.598 35.607
391 31.96 28.855 35.607
392 32.283 29.795 35.607
393 31.914 30.132 35.607
394 30.556 29.477 35.607
395 28.535 28.035 35.607
396 22.976 29.491 35.607
397 17.742 30.317 35.607
398 12.918 30.802 35.607
399 8.429 31.091 35.607
400 4.161 31.249 35.607
401 0 31.299 35.607
402 -4.161 31.249 35.607
403 -8.429 31.091 35.607
404 -12.918 30.802 35.607
405 -17.742 30.317 35.607
406 -22.976 29.491 35.607
407 -28.535 28.035 35.607
408 -30.556 29.477 35.607
409 -31.914 30.132 35.607
410 -32.283 29.795 35.607
411 -31.96 28.855 35.607
412 -31.163 27.598 35.607
413 -33.562 21.981 35.607
414 -35.222 16.362 35.607
415 -35.986 10.736 35.607
416 -36.422 5.317 35.607
417 -36.566 0 35.607
418 -36.422 -5.317 35.607
419 -35.986 -10.736 35.607
420 -35.222 -16.362 35.607
421 -33.562 -21.981 35.607
422 -31.163 -27.598 35.607
423 -31.96 -28.855 35.607
424 -32.283 -29.795 35.607
425 -31.914 -30.132 35.607
426 -30.556 -29.477 35.607
427 -28.535 -28.035 35.607
428 -22.976 -29.491 35.607
429 -17.742 -30.317 35.607
430 -12.918 -30.802 35.607
431 -8.429 -31.091 35.607
432 -4.161 -31.249 35.607
433 0 -31.299 35.607
434 4.161 -31.249 35.607
435 8.429 -31.091 35.607
436 12.918 -30.802 35.607
437 17.742 -30.317 35.607
438 22.976 -29.491 35.607
439 28.535 -28.035 35.607
440 30.556 -29.477 35.607
441 31.914 -30.132 35.607
442 32.283 -29.795 35.607
443 31.96 -28.855 35.607
444 31.163 -27.598 35.607
445 33.562 -21.981 35.607
446 35.222 -16.362 35.607
447 35.986 -10.736 35.607
448 36.422 -5.317 35.607
449 46.889 0 47.369
450 46.728 6.822 47.369
451 46.237 13.794 47.369
452 45.361 21.072 47.369
453 43.314 28.368 47.369
454 40.308 35.697 47.369
455 41.417 37.394 47.369
456 41.881 38.653 47.369
457 41.4 39.088 47.369
458 39.568 38.17 47.369
459 36.82 36.175 47.369
460 29.511 37.879 47.369
461 22.678 38.751 47.369
462 16.439 39.197 47.369
463 10.689 39.426 47.369
464 5.264 39.538 47.369
465 0 39.571 47.369
466 -5.264 39.538 47.369
467 -10.689 39.426 47.369
468 -16.439 39.197 47.369
469 -22.678 38.751 47.369
470 -29.511 37.879 47.369
471 -36.82 36.175 47.369
472 -39.568 38.17 47.369
473 -41.4 39.088 47.369
474 -41.881 38.653 47.369
475 -41.417 37.394 47.369
476 -40.308 35.697 47.369
477 -43.314 28.368 47.369
478 -45.361 21.072 47.369
479 -46.237 13.794 47.369
480 -46.728 6.822 47.369
481 -46.889 0 47.369
482 -46.728 -6.822 47.369
483 -46.237 -13.794 47.369
484 -45.361 -21.072 47.369
485 -43.314 -28.368 47.369
486 -40.308 -35.697 47.369
487 -41.417 -37.394 47.369
488 -41.881 -38.653 47.369
489 -41.4 -39.088 47.369
490 -39.568 -38.17 47.369
491 -36.82 -36.175 47.369
492 -29.511 -37.879 47.369
493 -22.678 -38.751 47.369
494 -16.439 -39.197 47.369
495 -10.689 -39.426 47.369
496 -5.264 -39.538 47.369
497 0 -39.571 47.369
498 5.264 -39.538 47.369
499 10.689 -39.426 47.369
500 16.439 -39.197 47.369
501 22.678 -38.751 47.369
502 29.511 -37.879 47.369
503 36.82 -36.175 47.369
504 39.568 -38.17 47.369
505 41.4 -39.088 47.369
506 41.881 -38.653 47.369
507 41.417 -37.394 47.369
508 40.308 -35.697 47.369
509 43.314 -28.368 47.369
510 45.361 -21.072 47.369
511 46.237 -13.794 47.369
512 46.728 -6.822 47.369
513 59.151 0 61.108
514 58.967 8.608000000000001 61.108
515 58.404 17.423 61.108
516 57.383 26.657 61.108
517 54.868 35.935 61.108
518 51.131 45.282 61.108
519 52.601 47.491 61.108
520 53.225 49.123 61.108
521 52.613 49.675 61.108
522 50.228 48.453 61.108
523 46.636 45.819 61.108
524 37.269 47.836 61.108
525 28.549 48.783 61.108
526 20.634 49.199 61.108
527 13.385 49.37 61.108
528 6.582 49.435 61.108
529 0 49.452 61.108
530 -6.582 49.435 61.108
531 -13.385 49.37 61.108
532 -20.634 49.199 61.108
533 -28.549 48.783 61.108
534 -37.269 47.836 61.108
535 -46.636 45.819 61.108
536 -50.228 48.453 61.108
537 -52.613 49.675 61.108
538 -53.225 49.123 61.108
539 -52.601 47.491 61.108
540 -51.131 45.282 61.108
541 -54.868 35.935 61.108
542 -57.383 26.657 61.108
543 -58.404 17.423 61.108
544 -58.967 8.608000000000001 61.108
545 -59.151 0 61.108
546 -58.967 -8.608000000000001 61.108
547 -58.404 -17.423 61.108
548 -57.383 -26.657 61.108
549 -54.868 -35.935 61.108
550 -51.131 -45.282 61.108
551 -52.601 -47.491 61.108
552 -53.225 -49.123 61.108
553 -52.613 -49.675 61.108
554 -50.228 -48.453 61.108
555 -46.636 -45.819 61.108
556 -37.269 -47.836 61.108
557 -28.549 -48.783 61.108
558 -20.634 -49.199 61.108
559 -13.385 -49.37 61.108
560 -6.582 -49.435 61.108
561 0 -49.452 61.108
562 6.582 -49.435 61.108
563 13.385 -49.37 61.108
564 20.634 -49.199 61.108
565 28.549 -48.783 61.108
566 37.269 -47.836 61.108
567 46.636 -45.819 61.108
568 50.228 -48.453 61.108
569 52.613 -49.675 61.108
570 53.225 -49.123 61.108
571 52.601 -47.491 61.108
572 51.131 -45.282 61.108
573 54.868 -35.935 61.108
574 57.383 -26.657 61.108
575 58.404 -17.423 61.108
576 58.967 -8.608000000000001 61.108
577 73.143 0 76.471
578 72.932 10.647 76.471
579 72.283 21.564 76.471
580 71.093 33.026 76.471
581 68.048 44.567 76.471
582 63.49 56.227 76.471
583 65.35599999999999 59.007 76.471
584 66.154 61.056 76.471
585 65.392 61.74 76.471
586 62.392 60.188 76.471
587 57.862 56.849 76.471
588 46.143 59.228 76.471
589 35.272 60.27 76.471
590 25.442 60.664 76.471
591 16.478 60.78 76.471
592 8.095000000000001 60.798 76.471
593 0 60.797 76.471
594 -8.095000000000001 60.798 76.471
595 -16.478 60.78 76.471
596 -25.442 60.664 76.471
597 -35.272 60.27 76.471
598 -46.143 59.228 76.471
599 -57.862 56.849 76.471
600 -62.392 60.188 76.471
601 -65.392 61.74 76.471
602 -66.154 61.056 76.471
603 -65.35599999999999 59.007 76.471
604 -63.49 56.227 76.471
605 -68.048 44.567 76.471
606 -71.093 33.026 76.471
607 -72.283 21.564 76.471
608 -72.932 10.647 76.471
609 -73.143 0 76.471
610 -72.932 -10.647 76.471
611 -72.283 -21.564 76.471
612 -71.093 -33.026 76.471
613 -68.048 -44.567 76.471
614 -63.49 -56.227 76.471
615 -65.35599999999999 -59.007 76.471
616 -66.154 -61.056 76.471
617 -65.392 -61.74 76.471
618 -62.392 -60.188 76.471
619 -57.862 -56.849 76.471
620 -46.143 -59.228 76.471
621 -35.272 -60.27 76.471
622 -25.442 -60.664 76.471
623 -16.478 -60.78 76.471
624 -8.095000000000001 -60.798 76.471
625 0 -60.797 76.471
626 8.095000000000001 -60.798 76.471
627 16.478 -60.78 76.471
628 25.442 -60.664 76.471
629 35.272 -60.27 76.471
630 46.143 -59.228 76.471
631 57.862 -56.849 76.471
632 62.392 -60.188 76.471
633 65.392 -61.74 76.471
634 66.154 -61.056 76.471
635 65.35599999999999 -59.007 76.471
636 63.49 -56.227 76.471
637 68.048 -44.567 76.471
638 71.093 -33.026 76.471
639 72.283 -21.564 76.471
640 72.932 -10.647 76.471
641 90.179 0 94.001
642 89.941 13.13 94.001
643 89.203 26.611 94.001
644 87.839 40.805 94.001
645 84.233 55.167 94.001
646 78.803 69.788 94.001
647 81.09099999999999 73.21299999999999 94.001
648 82.062 75.738 94.001
649 81.117 76.587 94.001
650 77.428 74.69199999999999 94.001
651 71.858 70.601 94.001
652 57.151 73.357 94.001
653 43.595 74.49299999999999 94.001
654 31.394 74.85599999999999 94.001
655 20.307 74.90600000000001 94.001
656 9.968999999999999 74.87 94.001
657 0 74.849 94.001
658 -9.968999999999999 74.87 94.001
659 -20.307 74.90600000000001 94.001
660 -31.394 74.85599999999999 94.001
661 -43.595 74.49299999999999 94.001
662 -57.151 73.357 94.001
663 -71.858 70.601 94.001
664 -77.428 74.69199999999999 94.001
665 -81.117 76.587 94.001
666 -82.062 75.738 94.001
667 -81.09099999999999 73.21299999999999 94.001
668 -78.803 69.788 94.001
669 -84.233 55.167 94.001
670 -87.839 40.805 94.001
671 -89.203 26.611 94.001
672 -89.941 13.13 94.001
673 -90.179 0 94.001
674 -89.941 -13.13 94.001
675 -89.203 -26.611 94.001
676 -87.839 -40.805 94.001
677 -84.233 -55.167 94.001
678 -78.803 -69.788 94.001
679 -81.09099999999999 -73.21299999999999 94.001
680 -82.062 -75.738 94.001
681 -81.117 -76.587 94.001
682 -77.428 -74.69199999999999 94.001
683 -71.858 -70.601 94.001
684 -57.151 -73.357 94.001
685 -43.595 -74.49299999999999 94.001
686 -31.394 -74.85599999999999 94.001
687 -20.307 -74.90600000000001 94.001
688 -9.968999999999999 -74.87 94.001
689 0 -74.849 94.001
690 9.968999999999999 -74.87 94.001
691 20.307 -74.90600000000001 94.001
692 31.394 -74.85599999999999 94.001
693 43.595 -74.49299999999999 94.001
694 57.151 -73.357 94.001
695 71.858 -70.601 94.001
696 77.428 -74.69199999999999 94.001
697 81.117 -76.587 94.001
698 82.062 -75.738 94.001
699 81.09099999999999 -73.21299999999999 94.001
700 78.803 -69.788 94.001
701 84.233 -55.167 94.001
702 87.839 -40.805 94.001
703 89.203 -26.611 94.001
704 89.941 -13.13 94.001
705 110.93 0 112.83
706 110.672 16.156 112.83
707 109.871 32.777 112.83
708 108.376 50.345 112.83
709 104.292 68.30500000000001 112.83
710 98.10599999999999 86.88200000000001 112.83
711 100.776 90.986 112.83
712 101.874 94.023 112.83
713 100.704 95.08 112.83
714 96.304 92.901 112.83
715 89.69 88.12 112.83
716 71.032 91.173 112.83
717 54.046 92.351 112.83
718 38.857 92.649 112.83
719 25.108 92.61199999999999 112.83
720 12.318 92.51000000000001 112.83
721 0 92.465 112.83
722 -12.318 92.51000000000001 112.83
723 -25.108 92.61199999999999 112.83
724 -38.857 92.649 112.83
725 -54.046 92.351 112.83
726 -71.032 91.173 112.83
727 -89.69 88.12 112.83
728 -96.304 92.901 112.83
729 -100.704 95.08 112.83
730 -101.874 94.023 112.83
731 -100.776 90.986 112.83
732 -98.10599999999999 86.88200000000001 112.83
733 -104.292 68.30500000000001 112.83
734 -108.376 50.345 112.83
735 -109.871 32.777 112.83
736 -110.672 16.156 112.83
737 -110.93 0 112.83
738 -110.672 -16.156 112.83
739 -109.871 -32.777 112.83
740 -108.376 -50.345 112.83
741 -104.292 -68.30500000000001 112.83
742 -98.10599999999999 -86.88200000000001 112.83
743 -100.776 -90.986 112.83
744 -101.874 -94.023 112.83
745 -100.704 -95.08 112.83
746 -96.304 -92.901 112.83
747 -89.69 -88.12 112.83
748 -71.032 -91.173 112.83
749 -54.046 -92.351 112.83
750 -38.857 -92.649 112.83
751 -25.108 -92.61199999999999 112.83
752 -12.318 -92.51000000000001 112.83
753 0 -92.465 112.83
754 12.318 -92.51000000000001 112.83
755 25.108 -92.61199999999999 112.83
756 38.857 -92.649 112.83
757 54.046 -92.351 112.83
758 71.032 -91.173 112.83
759 89.69 -88.12 112.83
760 96.304 -92.901 112.83
761 100.704 -95.08 112.83
762 101.874 -94.023 112.83
763 100.776 -90.986 112.83
764 98.10599999999999 -86.88200000000001 112.83
765 104.292 -68.30500000000001 112.83
766 108.376 -50.345 112.83
767 109.871 -32.777 112.83
768 110.672 -16.156 112.83
769 136.488 0 132.282
770 136.228 19.887 132.282
771 135.417 40.398 132.282
772 133.886 62.195 132.282
773 129.522 84.82899999999999 132.282
774 122.865 108.808 132.282
775 125.81 113.588 132.282
776 126.939 117.157 132.282
777 125.488 118.481 132.282
778 120.404 116.149 132.282
779 112.83 110.855 132.282
780 88.836 114.027 132.282
781 67.38500000000001 115.143 132.282
782 48.363 115.316 132.282
783 31.22 115.157 132.282
784 15.308 114.971 132.282
785 0 114.896 132.282
786 -15.308 114.971 132.282
787 -31.22 115.157 132.282
788 -48.363 115.316 132.282
789 -67.38500000000001 115.143 132.282
790 -88.836 114.027 132.282
791 -112.83 110.855 132.282
792 -120.404 116.149 132.282
793 -125.488 118.481 132.282
794 -126.939 117.157 132.282
795 -125.81 113.588 132.282
796 -122.865 108.808 132.282
797 -129.522 84.82899999999999 132.282
798 -133.886 62.195 132.282
799 -135.417 40.398 132.282
800 -136.228 19.887 132.282
801 -136.488 0 132.282
802 -136.228 -19.887 132.282
803 -135.417 -40.398 132.282
804 -133.886 -62.195 132.282
805 -129.522 -84.82899999999999 132.282
806 -122.865 -108.808 132.282
807 -125.81 -113.588 132.282
808 -126.939 -117.157 132.282
809 -125.488 -118.481 132.282
810 -120.404 -116.149 132.282
811 -112.83 -110.855 132.282
812 -88.836 -114.027 132.282
813 -67.38500000000001 -115.143 132.282
814 -48.363 -115.316 132.282
815 -31.22 -115.157 132.282
816 -15.308 -114.971 132.282
817 0 -114.896 132.282
818 15.308 -114.971 132.282
819 31.22 -115.157 132.282
820 48.363 -115.316 132.282
821 67.38500000000001 -115.143 132.282
822 88.836 -114.027 132.282
823 112.83 -110.855 132.282
824 120.404 -116.149 132.282
825 125.488 -118.481 132.282
826 126.939 -117.157 132.282
827 125.81 -113.588 132.282
828 122.865 -108.808 132.282
829 129.522 -84.82899999999999 132.282
830 133.886 -62.195 132.282
831 135.417 -40.398 132.282
832 136.228 -19.887 132.282
833 168.263 0 151.966
834 168.026 24.529 151.966
835 167.285 49.905 151.966
836 165.854 77.04600000000001 151.966
837 161.508 105.778 151.966
838 154.807 137.096 151.966
839 157.862 142.527 151.966
840 158.882 146.638 151.966
841 157.078 148.307 151.966
842 151.369 146.02 151.966
843 142.993 140.49 151.966
844 111.812 143.518 151.966
845 84.52200000000001 144.427 151.966
846 60.558 144.394 151.966
847 39.057 144.067 151.966
848 19.143 143.774 151.966
849 0 143.662 151.966
850 -19.143 143.774 151.966
851 -39.057 144.067 151.966
852 -60.558 144.394 151.966
853 -84.52200000000001 144.427 151.966
854 -111.812 143.518 151.966
855 -142.993 140.49 151.966
856 -151.369 146.02 151.966
857 -157.078 148.307 151.966
858 -158.882 146.638 151.966
859 -157.862 142.527 151.966
860 -154.807 137.096 151.966
861 -161.508 105.778 151.966
862 -165.854 77.04600000000001 151.966
863 -167.285 49.905 151.966
864 -168.026 24.529 151.966
865 -168.263 0 151.966
866 -168.026 -24.529 151.966
867 -167.285 -49.905 151.966
868 -165.854 -77.04600000000001 151.966
869 -161.508 -105.778 151.966
870 -154.807 -137.096 151.966
871 -157.862 -142.527 151.966
872 -158.882 -146.638 151.966
873 -157.078 -148.307 151.966
874 -151.369 -146.02 151.966
875 -142.993 -140.49 151.966
876 -111.812 -143.518 151.966
877 -84.52200000000001 -144.427 151.966
878 -60.558 -144.394 151.966
879 -39.057 -144.067 151.966
880 -19.143 -143.774 151.966
881 0 -143.662 151.966
882 19.143 -143.774 151.966
883 39.057 -144.067 151.966
884 60.558 -144.394 151.966
885 84.52200000000001 -144.427 151.966
886 111.812 -143.518 151.966
887 142.993 -140.49 151.966
888 151.369 -146.02 151.966
889 157.078 -148.307 151.966
890 158.882 -146.638 151.966
891 157.862 -142.527 151.966
892 154.807 -137.096 151.966
893 161.508 -105.778 151.966
894 165.854 -77.04600000000001 151.966
895 167.285 -49.905 151.966
896 168.026 -24.529 151.966
897 205.116 0 170.444
898 204.93 29.916 170.444
899 204.338 60.959 170.444
900 203.156 94.374 170.444
901 199.163 130.439 170.444
902 192.912 170.841 170.444
903 195.874 176.847 170.444
904 196.626 181.474 170.444
905 194.409 183.553 170.444
906 188.192 181.541 170.444
907 179.257 176.12 170.444
908 139.238 178.72 170.444
909 104.917 179.276 170.444
910 75.057 178.965 170.444
911 48.375 178.436 170.444
912 23.703 178.021 170.444
913 0 177.869 170.444
914 -23.703 178.021 170.444
915 -48.375 178.436 170.444
916 -75.057 178.965 170.444
917 -104.917 179.276 170.444
918 -139.238 178.72 170.444
919 -179.257 176.12 170.444
920 -188.192 181.541 170.444
921 -194.409 183.553 170.444
922 -196.626 181.474 170.444
923 -195.874 176.847 170.444
924 -192.912 170.841 170.444
925 -199.163 130.439 170.444
926 -203.156 94.374 170.444
927 -204.338 60.959 170.444
928 -204.93 29.916 170.444
929 -205.116 0 170.444
930 -204.93 -29.916 170.444
931 -204.338 -60.959 170.444
932 -203.156 -94.374 170.444
933 -199.163 -130.439 170.444
934 -192.912 -170.841 170.444
935 -195.874 -176.847 170.444
936 -196.626 -181.474 170.444
937 -194.409 -183.553 170.444
938 -188.192 -181.541 170.444
939 -179.257 -176.12 170.444
940 -139.238 -178.72 170.444
941 -104.917 -179.276 170.444
942 -75.057 -178.965 170.444
943 -48.375 -178.436 170.444
944 -23.703 -178.021 170.444
945 0 -177.869 170.444
946 23.703 -178.021 170.444
947 48.375 -178.436 170.444
948 75.057 -178.965 170.444
949 104.917 -179.276 170.444
950 139.238 -178.72 170.444
951 179.257 -176.12 170.444
952 188.192 -181.541 170.444
953 194.409 -183.553 170.444
954 196.626 -181.474 170.444
955 195.874 -176.847 170.444
956 192.912 -170.841 170.444
957 199.163 -130.439 170.444
958 203.156 -94.374 170.444
959 204.338 -60.959 170.444
960 204.93 -29.916 170.444
961 246.436 0 187.417
962 246.322 35.959 187.417
963 245.949 73.373 187.417
964 245.138 113.876 187.417
965 241.8 158.364 187.417
966 236.444 209.393 187.417
967 239.118 215.889 187.417
968 239.45 220.998 187.417
969 236.769 223.548 187.417
970 230.164 222.03 187.417
971 220.914 217.047 187.417
972 170.6 218.976 187.417
973 128.202 219.065 187.417
974 91.607 218.426 187.417
975 59.014 217.678 187.417
976 28.911 217.134 187.417
977 0 216.939 187.417
978 -28.911 217.134 187.417
979 -59.014 217.678 187.417
980 -91.607 218.426 187.417
981 -128.202 219.065 187.417
982 -170.6 218.976 187.417
983 -220.914 217.047 187.417
984 -230.164 222.03 187.417
985 -236.769 223.548 187.417
986 -239.45 220.998 187.417
987 -239.118 215.889 187.417
988 -236.444 209.393 187.417
989 -241.8 158.364 187.417
990 -245.138 113.876 187.417
991 -245.949 73.373 187.417
992 -246.322 35.959 187.417
993 -246.436 0 187.417
994 -246.322 -35.959 187.417
995 -245.949 -73.373 187.417
996 -245.138 -113.876 187.417
997 -241.8 -158.364 187.417
998 -236.444 -209.393 187.417
999 -239.118 -215.889 187.417
1000 -239.45 -220.998 187.417
1001 -236.769 -223.548 187.417
1002 -230.164 -222.03 187.417
1003 -220.914 -217.047 187.417
1004 -170.6 -218.976 187.417
1005 -128.202 -219.065 187.417
1006 -91.607 -218.426 187.417
1007 -59.014 -217.678 187.417
1008 -28.911 -217.134 187.417
1009 0 -216.939 187.417
1010 28.911 -217.134 187.417
1011 59.014 -217.678 187.417
1012 91.607 -218.426 187.417
1013 128.202 -219.065 187.417
1014 170.6 -218.976 187.417
1015 220.914 -217.047 187.417
1016 230.164 -222.03 187.417
1017 236.769 -223.548 187.417
1018 239.45 -220.998 187.417
1019 239.118 -215.889 187.417
1020 236.444 -209.393 187.417
1021 241.8 -158.364 187.417
1022 245.138 -113.876 187.417
1023 245.949 -73.373 187.417
1024 246.322 -35.959 187.417
1025 289.118 0 202.079
1026 289.087 42.202 202.079
1027 288.963 86.205 202.079
1028 288.583 134.058 202.079
1029 286.078 187.363 202.079
1030 281.892 249.642 202.079
1031 284.134 256.532 202.079
1032 283.949 262.068 202.079
1033 280.788 265.109 202.079
1034 273.915 264.235 202.079
1035 264.566 259.935 202.079
1036 203.393 261.066 202.079
1037 152.539 260.65 202.079
1038 108.911 259.686 202.079
1039 70.14400000000001 258.731 202.079
1040 34.362 258.071 202.079
1041 0 257.839 202.079
1042 -34.362 258.071 202.079
1043 -70.14400000000001 258.731 202.079
1044 -108.911 259.686 202.079
1045 -152.539 260.65 202.079
1046 -203.393 261.066 202.079
1047 -264.566 259.935 202.079
1048 -273.915 264.235 202.079
1049 -280.788 265.109 202.079
1050 -283.949 262.068 202.079
1051 -284.134 256.532 202.079
1052 -281.892 249.642 202.079
1053 -286.078 187.363 202.079
1054 -288.583 134.058 202.079
1055 -288.963 86.205 202.079
1056 -289.087 42.202 202.079
1057 -289.118 0 202.079
1058 -289.087 -42.202 202.079
1059 -288.963 -86.205 202.079
1060 -288.583 -134.058 202.079
1061 -286.078 -187.363 202.079
1062 -281.892 -249.642 202.079
1063 -284.134 -256.532 202.079
1064 -283.949 -262.068 202.079
1065 -280.788 -265.109 202.079
1066 -273.915 -264.235 202.079
1067 -264.566 -259.935 202.079
1068 -203.393 -261.066 202.079
1069 -152.539 -260.65 202.079
1070 -108.911 -259.686 202.079
1071 -70.14400000000001 -258.731 202.079
1072 -34.362 -258.071 202.079
1073 0 -257.839 202.079
1074 34.362 -258.071 202.079
1075 70.14400000000001 -258.731 202.079
1076 108.911 -259.686 202.079
1077 152.539 -260.65 202.079
1078 203.393 -261.066 202.079
1079 264.566 -259.935 202.079
1080 273.915 -264.235 202.079
1081 280.788 -265.109 202.079
1082 283.949 -262.068 202.079
1083 284.134 -256.532 202.079
1084 281.892 -249.642 202.079
1085 286.078 -187.363 202.079
1086 288.583 -134.058 202.079
1087 288.963 -86.205 202.079
1088 289.087 -42.202 202.079
1089 333.128 0 214.974
1090 333.181 48.639 214.974
1091 333.313 99.43600000000001 214.974
1092 333.381 154.869 214.974
1093 331.805 217.312 214.974
1094 328.947 291.313 214.974
1095 330.649 298.529 214.974
1096 329.873 304.453 214.974
1097 326.218 308.002 214.974
1098 319.163 307.884 214.974
1099 309.874 304.449 214.974
1100 237.415 304.736 214.974
1101 177.806 303.824 214.974
1102 126.894 302.565 214.974
1103 81.721 301.435 214.974
1104 40.036 300.682 214.974
1105 0 300.42 214.974
1106 -40.036 300.682 214.974
1107 -81.721 301.435 214.974
1108 -126.894 302.565 214.974
1109 -177.806 303.824 214.974
1110 -237.415 304.736 214.974
1111 -309.874 304.449 214.974
1112 -319.163 307.884 214.974
1113 -326.218 308.002 214.974
1114 -329.873 304.453 214.974
1115 -330.649 298.529 214.974
1116 -328.947 291.313 214.974
1117 -331.805 217.312 214.974
1118 -333.381 154.869 214.974
1119 -333.313 99.43600000000001 214.974
1120 -333.181 48.639 214.974
1121 -333.128 0 214.974
1122 -333.181 -48.639 214.974
1123 -333.313 -99.43600000000001 214.974
1124 -333.381 -154.869 214.974
1125 -331.805 -217.312 214.974
1126 -328.947 -291.313 214.974
1127 -330.649 -298.529 214.974
1128 -329.873 -304.453 214.974
1129 -326.218 -308.002 214.974
1130 -319.163 -307.884 214.974
1131 -309.874 -304.449 214.974
1132 -237.415 -304.736 214.974
1133 -177.806 -303.824 214.974
1134 -126.894 -302.565 214.974
1135 -81.721 -301.435 214.974
1136 -40.036 -300.682 214.974
1137 0 -300.42 214.974
1138 40.036 -300.682 214.974
1139 81.721 -301.435 214.974
1140 126.894 -302.565 214.974
1141 177.806 -303.824 214.974
1142 237.415 -304.736 214.974
1143 309.874 -304.449 214.974
1144 319.163 -307.884 214.974
1145 326.218 -308.002 214.974
1146 329.873 -304.453 214.974
1147 330.649 -298.529 214.974
1148 328.947 -291.313 214.974
1149 331.805 -217.312 214.974
1150 333.381 -154.869 214.974
1151 333.313 -99.43600000000001 214.974
1152 333.181 -48.639 214.974
1153 375.815 0 225.797
1154 375.942 54.881 225.797
1155 376.298 112.259 225.797
1156 376.764 175.022 225.797
1157 376.076 246.307 225.797
1158 374.51 331.664 225.797
1159 375.628 339.139 225.797
1160 374.244 345.405 225.797
1161 370.114 349.447 225.797
1162 362.944 350.118 225.797
1163 353.814 347.621 225.797
1164 270.453 347.142 225.797
1165 202.384 345.822 225.797
1166 144.417 344.346 225.797
1167 93.017 343.103 225.797
1168 45.577 342.295 225.797
1169 0 342.016 225.797
1170 -45.577 342.295 225.797
1171 -93.017 343.103 225.797
1172 -144.417 344.346 225.797
1173 -202.384 345.822 225.797
1174 -270.453 347.142 225.797
1175 -353.814 347.621 225.797
1176 -362.944 350.118 225.797
1177 -370.114 349.447 225.797
1178 -374.244 345.405 225.797
1179 -375.628 339.139 225.797
1180 -374.51 331.664 225.797
1181 -376.076 246.307 225.797
1182 -376.764 175.022 225.797
1183 -376.298 112.259 225.797
1184 -375.942 54.881 225.797
1185 -375.815 0 225.797
1186 -375.942 -54.881 225.797
1187 -376.298 -112.259 225.797
1188 -376.764 -175.022 225.797
1189 -376.076 -246.307 225.797
1190 -374.51 -331.664 225.797
1191 -375.628 -339.139 225.797
1192 -374.244 -345.405 225.797
1193 -370.114 -349.447 225.797
1194 -362.944 -350.118 225.797
1195 -353.814 -347.621 225.797
1196 -270.453 -347.142 225.797
1197 -202.384 -345.822 225.797
1198 -144.417 -344.346 225.797
1199 -93.017 -343.103 225.797
1200 -45.577 -342.295 225.797
1201 0 -342.016 225.797
1202 45.577 -342.295 225.797
1203 93.017 -343.103 225.797
1204 144.417 -344.346 225.797
1205 202.384 -345.822 225.797
1206 270.453 -347.142 225.797
1207 353.814 -347.621 225.797
1208 362.944 -350.118 225.797
1209 370.114 -349.447 225.797
1210 374.244 -345.405 225.797
1211 375.628 -339.139 225.797
1212 374.51 -331.664 225.797
1213 376.076 -246.307 225.797
1214 376.764 -175.022 225.797
1215 376.298 -112.259 225.797
1216 375.942 -54.881 225.797
1217 414.666 0 234.424
1218 414.844 60.561 234.424
1219 415.359 123.912 234.424
1220 416.116 193.303 234.424
1221 416.156 272.557 234.424
1222 415.674 368.118 234.424
1223 416.231 375.798 234.424
1224 414.277 382.353 234.424
1225 409.719 386.841 234.424
1226 402.478 388.255 234.424
1227 393.548 386.659 234.424
1228 300.417 385.602 234.424
1229 224.739 384.021 234.424
1230 160.395 382.443 234.424
1231 103.337 381.167 234.424
1232 50.644 380.352 234.424
1233 0 380.073 234.424
1234 -50.644 380.352 234.424
1235 -103.337 381.167 234.424
1236 -160.395 382.443 234.424
1237 -224.739 384.021 234.424
1238 -300.417 385.602 234.424
1239 -393.548 386.659 234.424
1240 -402.478 388.255 234.424
1241 -409.719 386.841 234.424
1242 -414.277 382.353 234.424
1243 -416.231 375.798 234.424
1244 -415.674 368.118 234.424
1245 -416.156 272.557 234.424
1246 -416.116 193.303 234.424
1247 -415.359 123.912 234.424
1248 -414.844 60.561 234.424
1249 -414.666 0 234.424
1250 -414.844 -60.561 234.424
1251 -415.359 -123.912 234.424
1252 -416.116 -193.303 234.424
1253 -416.156 -272.557 234.424
1254 -415.674 -368.118 234.424
1255 -416.231 -375.798 234.424
1256 -414.277 -382.353 234.424
1257 -409.719 -386.841 234.424
1258 -402.478 -388.255 234.424
1259 -393.548 -386.659 234.424
1260 -300.417 -385.602 234.424
1261 -224.739 -384.021 234.424
1262 -160.395 -382.443 234.424
1263 -103.337 -381.167 234.424
1264 -50.644 -380.352 234.424
1265 0 -380.073 234.424
1266 50.644 -380.352 234.424
1267 103.337 -381.167 234.424
1268 160.395 -382.443 234.424
1269 224.739 -384.021 234.424
1270 300.417 -385.602 234.424
1271 393.548 -386.659 234.424
1272 402.478 -388.255 234.424
1273 409.719 -386.841 234.424
1274 414.277 -382.353 234.424
1275 416.231 -375.798 234.424
1276 415.674 -368.118 234.424
1277 416.156 -272.557 234.424
1278 416.116 -193.303 234.424
1279 415.359 -123.912 234.424
1280 414.844 -60.561 234.424
1281 450.605 0 241.429
1282 450.809 65.81100000000001 241.429
1283 451.407 134.666 241.429
1284 452.328 210.124 241.429
1285 452.896 296.619 241.429
1286 453.237 401.384 241.429
1287 453.266 409.235 241.429
1288 450.784 416.046 241.429
1289 445.835 420.94 241.429
1290 438.543 423.046 241.429
1291 429.818 422.294 241.429
1292 327.903 420.884 241.429
1293 245.335 419.215 241.429
1294 175.166 417.664 241.429
1295 112.901 416.447 241.429
1296 55.348 415.681 241.429
1297 0 415.42 241.429
1298 -55.348 415.681 241.429
1299 -112.901 416.447 241.429
1300 -175.166 417.664 241.429
1301 -245.335 419.215 241.429
1302 -327.903 420.884 241.429
1303 -429.818 422.294 241.429
1304 -438.543 423.046 241.429
1305 -445.835 420.94 241.429
1306 -450.784 416.046 241.429
1307 -453.266 409.235 241.429
1308 -453.237 401.384 241.429
1309 -452.896 296.619 241.429
1310 -452.328 210.124 241.429
1311 -451.407 134.666 241.429
1312 -450.809 65.81100000000001 241.429
1313 -450.605 0 241.429
1314 -450.809 -65.81100000000001 241.429
1315 -451.407 -134.666 241.429
1316 -452.328 -210.124 241.429
1317 -452.896 -296.619 241.429
1318 -453.237 -401.384 241.429
1319 -453.266 -409.235 241.429
1320 -450.784 -416.046 241.429
1321 -445.835 -420.94 241.429
1322 -438.543 -423.046 241.429
1323 -429.818 -422.294 241.429
1324 -327.903 -420.884 241.429
1325 -245.335 -419.215 241.429
1326 -175.166 -417.664 241.429
1327 -112.901 -416.447 241.429
1328 -55.348 -415.681 241.429
1329 0 -415.42 241.429
1330 55.348 -415.681 241.429
1331 112.901 -416.447 241.429
1332 175.166 -417.664 241.429
1333 245.335 -419.215 241.429
1334 327.903 -420.884 241.429
1335 429.818 -422.294 241.429
1336 438.543 -423.046 241.429
1337 445.835 -420.94 241.429
1338 450.784 -416.046 241.429
1339 453.266 -409.235 241.429
1340 453.237 -401.384 241.429
1341 452.896 -296.619 241.429
1342 452.328 -210.124 241.429
1343 451.407 -134.666 241.429
1344 450.809 -65.81100000000001 241.429
1345 482.026 0 246.75
1346 482.226 70.39700000000001 246.75
1347 482.815 144.036 246.75
1348 483.743 224.718 246.75
1349 484.577 317.368 246.75
1350 485.385 429.854 246.75
1351 484.958 437.848 246.75
1352 482.022 444.878 246.75
1353 476.742 450.121 246.75
1354 469.404 452.815 246.75
1355 460.852 452.785 246.75
1356 351.6 451.3 246.75
1357 263.202 449.745 246.75
1358 188.043 448.367 246.75
1359 121.268 447.308 246.75
1360 59.471 446.648 246.75
1361 0 446.424 246.75
1362 -59.471 446.648 246.75
1363 -121.268 447.308 246.75
1364 -188.043 448.367 246.75
1365 -263.202 449.745 246.75
1366 -351.6 451.3 246.75
1367 -460.852 452.785 246.75
1368 -469.404 452.815 246.75
1369 -476.742 450.121 246.75
1370 -482.022 444.878 246.75
1371 -484.958 437.848 246.75
1372 -485.385 429.854 246.75
1373 -484.577 317.368 246.75
1374 -483.743 224.718 246.75
1375 -482.815 144.036 246.75
1376 -482.226 70.39700000000001 246.75
1377 -482.026 0 246.75
1378 -482.226 -70.39700000000001 246.75
1379 -482.815 -144.036 246.75
1380 -483.743 -224.718 246.75
1381 -484.577 -317.368 246.75
1382 -485.385 -429.854 246.75
1383 -484.958 -437.848 246.75
1384 -482.022 -444.878 246.75
1385 -476.742 -450.121 246.75
1386 -469.404 -452.815 246.75
1387 -460.852 -452.785 246.75
1388 -351.6 -451.3 246.75
1389 -263.202 -449.745 246.75
1390 -188.043 -448.367 246.75
1391 -121.268 -447.308 246.75
1392 -59.471 -446.648 246.75
1393 0 -446.424 246.75
1394 59.471 -446.648 246.75
1395 121.268 -447.308 246.75
1396 188.043 -448.367 246.75
1397 263.202 -449.745 246.75
1398 351.6 -451.3 246.75
1399 460.852 -452.785 246.75
1400 469.404 -452.815 246.75
1401 476.742 -450.121 246.75
1402 482.022 -444.878 246.75
1403 484.958 -437.848 246.75
1404 485.385 -429.854 246.75
1405 484.577 -317.368 246.75
1406 483.743 -224.718 246.75
1407 482.815 -144.036 246.75
1408 482.226 -70.39700000000001 246.75
1409 510.41 0 250.801
1410 510.571 74.535 250.801
1411 511.046 152.458 250.801
1412 511.807 237.755 250.801
1413 512.621 335.735 250.801
1414 513.515 454.766 250.801
1415 512.696 462.891 250.801
1416 509.37 470.118 250.801
1417 503.798 475.666 250.801
1418 496.407 478.864 250.801
1419 487.985 479.443 250.801
1420 372.553 478.194 250.801
1421 279.142 476.982 250.801
1422 199.608 475.943 250.801
1423 128.818 475.159 250.801
1424 63.203 474.673 250.801
1425 0 474.509 250.801
1426 -63.203 474.673 250.801
1427 -128.818 475.159 250.801
1428 -199.608 475.943 250.801
1429 -279.142 476.982 250.801
1430 -372.553 478.194 250.801
1431 -487.985 479.443 250.801
1432 -496.407 478.864 250.801
1433 -503.798 475.666 250.801
1434 -509.37 470.118 250.801
1435 -512.696 462.891 250.801
1436 -513.515 454.766 250.801
1437 -512.621 335.735 250.801
1438 -511.807 237.755 250.801
1439 -511.046 152.458 250.801
1440 -510.571 74.535 250.801
1441 -510.41 0 250.801
1442 -510.571 -74.535 250.801
1443 -511.046 -152.458 250.801
1444 -511.807 -237.755 250.801
1445 -512.621 -335.735 250.801
1446 -513.515 -454.766 250.801
1447 -512.696 -462.891 250.801
1448 -509.37 -470.118 250.801
1449 -503.798 -475.666 250.801
1450 -496.407 -478.864 250.801
1451 -487.985 -479.443 250.801
1452 -372.553 -478.194 250.801
1453 -279.142 -476.982 250.801
1454 -199.608 -475.943 250.801
1455 -128.818 -475.159 250.801
1456 -63.203 -474.673 250.801
1457 0 -474.509 250.801
1458 63.203 -474.673 250.801
1459 128.818 -475.159 250.801
1460 199.608 -475.943 250.801
1461 279.142 -476.982 250.801
1462 372.553 -478.194 250.801
1463 487.985 -479.443 250.801
1464 496.407 -478.864 250.801
1465 503.798 -475.666 250.801
1466 509.37 -470.118 250.801
1467 512.696 -462.891 250.801
1468 513.515 -454.766 250.801
1469 512.621 -335.735 250.801
1470 511.807 -237.755 250.801
1471 511.046 -152.458 250.801
1472 510.571 -74.535 250.801
1473 533.831 0 253.459
1474 533.922 77.944 253.459
1475 534.1900000000001 159.362 253.459
1476 534.622 248.353 253.459
1477 535.129 350.476 253.459
1478 535.716 474.427 253.459
1479 534.601 482.669 253.459
1480 530.977 490.06 253.459
1481 525.176 495.851 253.459
1482 517.721 499.425 253.459
1483 509.366 500.45 253.459
1484 389.331 499.73 253.459
1485 292.064 499.063 253.459
1486 209.07 498.504 253.459
1487 135.034 498.087 253.459
1488 66.286 497.83 253.459
1489 0 497.744 253.459
1490 -66.286 497.83 253.459
1491 -135.034 498.087 253.459
1492 -209.07 498.504 253.459
1493 -292.064 499.063 253.459
1494 -389.331 499.73 253.459
1495 -509.366 500.45 253.459
1496 -517.721 499.425 253.459
1497 -525.176 495.851 253.459
1498 -530.977 490.06 253.459
1499 -534.601 482.669 253.459
1500 -535.716 474.427 253.459
1501 -535.129 350.476 253.459
1502 -534.622 248.353 253.459
1503 -534.1900000000001 159.362 253.459
1504 -533.922 77.944 253.459
1505 -533.831 0 253.459
1506 -533.922 -77.944 253.459
1507 -534.1900000000001 -159.362 253.459
1508 -534.622 -248.353 253.459
1509 -535.129 -350.476 253.459
1510 -535.716 -474.427 253.459
1511 -534.601 -482.669 253.459
1512 -530.977 -490.06 253.459
1513 -525.176 -495.851 253.459
1514 -517.721 -499.425 253.459
1515 -509.366 -500.45 253.459
1516 -389.331 -499.73 253.459
1517 -292.064 -499.063 253.459
1518 -209.07 -498.504 253.459
1519 -135.034 -498.087 253.459
1520 -66.286 -497.83 253.459
1521 0 -497.744 253.459
1522 66.286 -497.83 253.459
1523 135.034 -498.087 253.459
1524 209.07 -498.504 253.459
1525 292.064 -499.063 253.459
1526 389.331 -499.73 253.459
1527 509.366 -500.45 253.459
1528 517.721 -499.425 253.459
1529 525.176 -495.851 253.459
1530 530.977 -490.06 253.459
1531 534.601 -482.669 253.459
1532 535.716 -474.427 253.459
1533 535.129 -350.476 253.459
1534 534.622 -248.353 253.459
1535 534.1900000000001 -159.362 253.459
1536 533.922 -77.944 253.459
1537 552.322 0 255.001
1538 552.322 80.63 255.001
1539 552.322 164.771 255.001
1540 552.322 256.575 255.001
1541 552.322 361.737 255.001
1542 552.322 489.133 255.001
1543 551 497.475 255.001
1544 547.1660000000001 505.001 255.001
1545 541.193 510.974 255.001
1546 533.667 514.808 255.001
1547 525.325 516.129 255.001
1548 402.108 516.129 255.001
1549 302.052 516.129 255.001
1550 216.462 516.129 255.001
1551 139.926 516.129 255.001
1552 68.723 516.129 255.001
1553 0 516.129 255.001
1554 -68.723 516.129 255.001
1555 -139.926 516.129 255.001
1556 -216.462 516.129 255.001
1557 -302.052 516.129 255.001
1558 -402.108 516.129 255.001
1559 -525.325 516.129 255.001
1560 -533.667 514.808 255.001
1561 -541.193 510.974 255.001
1562 -547.1660000000001 505.001 255.001
1563 -551 497.475 255.001
1564 -552.322 489.133 255.001
1565 -552.322 361.737 255.001
1566 -552.322 256.575 255.001
1567 -552.322 164.771 255.001
1568 -552.322 80.63 255.001
1569 -552.322 0 255.001
1570 -552.322 -80.63 255.001
1571 -552.322 -164.771 255.001
1572 -552.322 -256.575 255.001
1573 -552.322 -361.737 255.001
1574 -552.322 -489.133 255.001
1575 -551 -497.475 255.001
1576 -547.1660000000001 -505.001 255.001
1577 -541.193 -510.974 255.001
1578 -533.667 -514.808 255.001
1579 -525.325 -516.129 255.001
1580 -402.108 -516.129 255.001
1581 -302.052 -516.129 255.001
1582 -216.462 -516.129 255.001
1583 -139.926 -516.129 255.001
1584 -68.723 -516.129 255.001
1585 0 -516.129 255.001
1586 68.723 -516.129 255.001
1587 139.926 -516.129 255.001
1588 216.462 -516.129 255.001
1589 302.052 -516.129 255.001
1590 402.108 -516.129 255.001
1591 525.325 -516.129 255.001
1592 533.667 -514.808 255.001
1593 541.193 -510.974 255.001
1594 547.1660000000001 -505.001 255.001
1595 551 -497.475 255.001
1596 552.322 -489.133 255.001
1597 552.322 -361.737 255.001
1598 552.322 -256.575 255.001
1599 552.322 -164.771 255.001
1600 552.322 -80.63 255.001
1601 173.859499999959 153.9684999999637 161.2049999999801
1602 176.8679999999641 159.6869999999676 161.2049999999825
1603 177.7539999999413 164.0559999999458 161.2049999999713
1604 175.7434999999469 165.9299999999499 161.2049999999737
1605 169.7804999999475 163.7804999999493 161.2049999999736
1606 161.1249999999553 158.3049999999561 161.2049999999772
1607 -161.1249999999553 158.3049999999561 161.2049999999772
1608 -169.7804999999475 163.7804999999493 161.2049999999736
1609 -175.7434999999469 165.9299999999499 161.2049999999737
1610 -177.7539999999413 164.0559999999458 161.2049999999713
1611 -176.8679999999641 159.6869999999676 161.2049999999825
1612 -173.859499999959 153.9684999999637 161.2049999999801
1613 -173.859499999959 -153.9684999999637 161.2049999999801
1614 -176.8679999999641 -159.6869999999676 161.2049999999825
1615 -177.7539999999413 -164.0559999999458 161.2049999999713
1616 -175.7434999999469 -165.9299999999499 161.2049999999737
1617 -169.7804999999475 -163.7804999999493 161.2049999999736
1618 -161.1249999999553 -158.3049999999561 161.2049999999772
1619 161.1249999999553 -158.3049999999561 161.2049999999772
1620 169.7804999999475 -163.7804999999493 161.2049999999736
1621 175.7434999999469 -165.9299999999499 161.2049999999737
1622 177.7539999999413 -164.0559999999458 161.2049999999713
1623 176.8679999999641 -159.6869999999676 161.2049999999825
1624 173.859499999959 -153.9684999999637 161.2049999999801
1625 220.4814999999679 144.401499999979 178.9304999999872
1626 214.6779999999443 190.1169999999507 178.9304999999783
1627 217.4959999999479 196.3679999999529 178.9304999999795
1628 218.037999999945 201.2359999999493 178.9304999999782
1629 215.5889999999455 203.5504999999485 178.9304999999781
1630 209.1779999999382 201.7854999999404 178.930499999975
1631 200.0854999999441 196.5834999999451 178.9304999999772
1632 154.9189999999668 198.8479999999574 178.930499999982
1633 -154.9189999999668 198.8479999999574 178.930499999982
1634 -200.0854999999441 196.5834999999451 178.9304999999772
1635 -209.1779999999382 201.7854999999404 178.930499999975
1636 -215.5889999999455 203.5504999999485 178.9304999999781
1637 -218.037999999945 201.2359999999493 178.9304999999782
1638 -217.4959999999479 196.3679999999529 178.9304999999795
1639 -214.6779999999443 190.1169999999507 178.9304999999783
1640 -220.4814999999679 144.401499999979 178.9304999999872
1641 -220.4814999999679 -144.401499999979 178.9304999999872
1642 -214.6779999999443 -190.1169999999507 178.9304999999783
1643 -217.4959999999479 -196.3679999999529 178.9304999999795
1644 -218.037999999945 -201.2359999999493 178.9304999999782
1645 -215.5889999999455 -203.5504999999485 178.9304999999781
1646 -209.1779999999382 -201.7854999999404 178.930499999975
1647 -200.0854999999441 -196.5834999999451 178.9304999999772
1648 -154.9189999999668 -198.8479999999574 178.930499999982
1649 154.9189999999668 -198.8479999999574 178.930499999982
1650 200.0854999999441 -196.5834999999451 178.9304999999772
1651 209.1779999999382 -201.7854999999404 178.930499999975
1652 215.5889999999455 -203.5504999999485 178.9304999999781
1653 218.037999999945 -201.2359999999493 178.9304999999782
1654 217.4959999999479 -196.3679999999529 178.9304999999795
1655 214.6779999999443 -190.1169999999507 178.9304999999783
1656 220.4814999999679 -144.401499999979 178.9304999999872
1657 263.9389999999402 172.8634999999608 194.7479999999802
1658 239.1220000000042 183.8784999999599 187.417
1659 259.1679999999394 229.5174999999464 194.7479999999805
1660 261.6259999999608 236.2104999999646 194.7479999999872
1661 261.6994999999491 241.532999999953 194.7479999999832
1662 258.7784999999386 244.328499999942 194.7479999999795
1663 252.0394999999394 243.1324999999415 194.7479999999797
1664 242.7399999999426 238.4909999999436 194.7479999999807
1665 186.996499999959 240.0209999999474 194.7479999999817
1666 -186.996499999959 240.0209999999474 194.7479999999817
1667 -242.7399999999426 238.4909999999436 194.7479999999807
1668 -252.0394999999394 243.1324999999415 194.7479999999797
1669 -258.7784999999386 244.328499999942 194.7479999999795
1670 -261.6994999999491 241.532999999953 194.7479999999832
1671 -261.6259999999608 236.2104999999646 194.7479999999872
1672 -259.1679999999394 229.5174999999464 194.7479999999805
1673 -239.121999999996 183.8785000000384 187.417
1674 -263.9389999999402 172.8634999999608 194.7479999999802
1675 -263.9389999999402 -172.8634999999608 194.7479999999802
1676 -239.1220000000042 -183.8784999999599 187.417
1677 -259.1679999999394 -229.5174999999464 194.7479999999805
1678 -261.6259999999608 -236.2104999999646 194.7479999999872
1679 -261.6994999999491 -241.532999999953 194.7479999999832
1680 -258.7784999999386 -244.328499999942 194.7479999999795
1681 -252.0394999999394 -243.1324999999415 194.7479999999797
1682 -242.7399999999426 -238.4909999999436 194.7479999999807
1683 -186.996499999959 -240.0209999999474 194.7479999999817
1684 186.996499999959 -240.0209999999474 194.7479999999817
1685 242.7399999999426 -238.4909999999436 194.7479999999807
1686 252.0394999999394 -243.1324999999415 194.7479999999797
1687 258.7784999999386 -244.328499999942 194.7479999999795
1688 261.6994999999491 -241.532999999953 194.7479999999832
1689 261.6259999999608 -236.2104999999646 194.7479999999872
1690 259.1679999999394 -229.5174999999464 194.7479999999805
1691 239.121999999996 -183.8785000000384 187.417
1692 263.9389999999402 -172.8634999999608 194.7479999999802
1693 310.9819999999397 144.463499999972 208.5264999999826
1694 287.3305000000037 160.7104999999225 202.079
1695 308.9414999999285 202.3374999999532 208.5264999999798
1696 283.9850000000082 218.5024999998776 202.079
1697 305.4194999999439 270.4774999999503 208.5264999999846
1698 307.391499999957 277.5304999999612 208.5264999999881
1699 306.9109999999304 283.2604999999357 208.5264999999804
1700 303.5029999997994 286.5554999998106 208.526499999943
1701 296.5389999999167 286.0594999999196 208.5264999999762
1702 287.2199999999492 282.1919999999501 208.5264999999855
1703 233.9795000000776 260.5004999999986 202.079
1704 220.4039999999532 282.9009999999399 208.5264999999823
1705 177.9660000000666 260.8580000000005 202.079
1706 165.1724999999836 282.2369999999719 208.5264999999916
1707 -165.1724999999836 282.2369999999719 208.5264999999916
1708 -177.965999999939 260.8579999999995 202.079
1709 -220.4039999999532 282.9009999999399 208.5264999999823
1710 -233.9794999999056 260.5005000000018 202.079
1711 -287.2199999999492 282.1919999999501 208.5264999999855
1712 -296.5389999999167 286.0594999999196 208.5264999999762
1713 -303.5029999997994 286.5554999998106 208.526499999943
1714 -306.9109999999304 283.2604999999357 208.5264999999804
1715 -307.391499999957 277.5304999999612 208.5264999999881
1716 -305.4194999999439 270.4774999999503 208.5264999999846
1717 -283.9849999999918 218.5025000001216 202.079
1718 -308.9414999999285 202.3374999999532 208.5264999999798
1719 -287.3304999999963 160.7105000000775 202.079
1720 -310.9819999999397 144.463499999972 208.5264999999826
1721 -310.9819999999397 -144.463499999972 208.5264999999826
1722 -287.3305000000037 -160.7104999999225 202.079
1723 -308.9414999999285 -202.3374999999532 208.5264999999798
1724 -283.9850000000082 -218.5024999998776 202.079
1725 -305.4194999999439 -270.4774999999503 208.5264999999846
1726 -307.391499999957 -277.5304999999612 208.5264999999881
1727 -306.9109999999304 -283.2604999999357 208.5264999999804
1728 -303.5029999997994 -286.5554999998106 208.526499999943
1729 -296.5389999999167 -286.0594999999196 208.5264999999762
1730 -287.2199999999492 -282.1919999999501 208.5264999999855
1731 -233.9795000000776 -260.5004999999986 202.079
1732 -220.4039999999532 -282.9009999999399 208.5264999999823
1733 -177.9660000000666 -260.8580000000005 202.079
1734 -165.1724999999836 -282.2369999999719 208.5264999999916
1735 165.1724999999836 -282.2369999999719 208.5264999999916
1736 177.965999999939 -260.8579999999995 202.079
1737 220.4039999999532 -282.9009999999399 208.5264999999823
1738 233.9794999999056 -260.5005000000018 202.079
1739 287.2199999999492 -282.1919999999501 208.5264999999855
1740 296.5389999999167 -286.0594999999196 208.5264999999762
1741 303.5029999997994 -286.5554999998106 208.526499999943
1742 306.9109999999304 -283.2604999999357 208.5264999999804
1743 307.391499999957 -277.5304999999612 208.5264999999881
1744 305.4194999999439 -270.4774999999503 208.5264999999846
1745 283.9849999999918 -218.5025000001216 202.079
1746 308.9414999999285 -202.3374999999532 208.5264999999798
1747 287.3304999999963 -160.7105000000775 202.079
1748 310.9819999999397 -144.463499999972 208.5264999999826
1749 333.2469999999998 74.03749999993478 214.974
1750 333.3469999999999 127.1524999999751 214.974
1751 332.5930000000018 186.0904999999279 214.974
1752 353.9404999999483 231.8094999999661 220.3854999999874
1753 330.3760000000037 254.3124999999054 214.974
1754 351.7284999999591 311.4884999999638 220.3854999999903
1755 353.1384999999318 318.8339999999384 220.3854999999836
1756 352.058499999949 324.928999999953 220.3854999999876
1757 348.1659999999441 328.7244999999472 220.3854999999862
1758 341.0534999999239 329.0009999999266 220.3854999999812
1759 331.8439999999403 326.0349999999413 220.3854999999853
1760 273.6445000000944 304.5924999999996 214.974
1761 253.9339999999551 325.9389999999424 220.3854999999853
1762 207.6105000000777 304.2800000000012 214.974
1763 152.3500000000666 303.1945000000017 214.974
1764 -152.3499999999307 303.1944999999983 214.974
1765 -207.6104999999223 304.2799999999988 214.974
1766 -253.9339999999551 325.9389999999424 220.3854999999853
1767 -273.6444999998945 304.5925000000004 214.974
1768 -331.8439999999403 326.0349999999413 220.3854999999853
1769 -341.0534999999239 329.0009999999266 220.3854999999812
1770 -348.1659999999441 328.7244999999472 220.3854999999862
1771 -352.058499999949 324.928999999953 220.3854999999876
1772 -353.1384999999318 318.8339999999384 220.3854999999836
1773 -351.7284999999591 311.4884999999638 220.3854999999903
1774 -330.3759999999968 254.3125000000831 214.974
1775 -353.9404999999483 231.8094999999661 220.3854999999874
1776 -332.5929999999977 186.0905000000888 214.974
1777 -333.347 127.1525000000249 214.974
1778 -333.2470000000002 74.03750000006801 214.974
1779 -333.2469999999998 -74.03749999993478 214.974
1780 -333.3469999999999 -127.1524999999751 214.974
1781 -332.5930000000018 -186.0904999999279 214.974
1782 -353.9404999999483 -231.8094999999661 220.3854999999874
1783 -330.3760000000037 -254.3124999999054 214.974
1784 -351.7284999999591 -311.4884999999638 220.3854999999903
1785 -353.1384999999318 -318.8339999999384 220.3854999999836
1786 -352.058499999949 -324.928999999953 220.3854999999876
1787 -348.1659999999441 -328.7244999999472 220.3854999999862
1788 -341.0534999999239 -329.0009999999266 220.3854999999812
1789 -331.8439999999403 -326.0349999999413 220.3854999999853
1790 -273.6445000000944 -304.5924999999996 214.974
1791 -253.9339999999551 -325.9389999999424 220.3854999999853
1792 -207.6105000000777 -304.2800000000012 214.974
1793 -152.3500000000666 -303.1945000000017 214.974
1794 152.3499999999307 -303.1944999999983 214.974
1795 207.6104999999223 -304.2799999999988 214.974
1796 253.9339999999551 -325.9389999999424 220.3854999999853
1797 273.6444999998945 -304.5925000000004 214.974
1798 331.8439999999403 -326.0349999999413 220.3854999999853
1799 341.0534999999239 -329.0009999999266 220.3854999999812
1800 348.1659999999441 -328.7244999999472 220.3854999999862
1801 352.058499999949 -324.928999999953 220.3854999999876
1802 353.1384999999318 -318.8339999999384 220.3854999999836
1803 351.7284999999591 -311.4884999999638 220.3854999999903
1804 330.3759999999968 -254.3125000000831 214.974
1805 353.9404999999483 -231.8094999999661 220.3854999999874
1806 332.5929999999977 -186.0905000000888 214.974
1807 333.347 -127.1525000000249 214.974
1808 333.2470000000002 -74.03750000006801 214.974
1809 375.8784999999998 27.44049999992513 225.797
1810 376.1199999999995 83.56999999992371 225.797
1811 376.5309999999994 143.6404999999168 225.797
1812 376.420000000001 210.6644999999001 225.797
1813 375.2930000000027 288.9854999998557 225.797
1814 395.0919999999684 349.8909999999721 230.1104999999934
1815 395.9294999999473 357.4684999999524 230.1104999999888
1816 394.2604999999423 363.8789999999468 230.1104999999876
1817 389.9164999999479 368.1439999999508 230.1104999999886
1818 382.7109999999707 369.1864999999717 230.1104999999936
1819 373.6809999999601 367.1399999999608 230.1104999999913
1820 312.1335000000777 347.3815000000004 225.797
1821 236.4185000000776 346.4820000000015 225.797
1822 173.4005000000887 345.0840000000023 225.797
1823 118.717000000089 343.7245000000021 225.797
1824 -118.7169999998918 343.7244999999974 225.797
1825 -173.4004999999113 345.0839999999977 225.797
1826 -236.4184999999168 346.4819999999984 225.797
1827 -312.1334999999001 347.3814999999994 225.797
1828 -373.6809999999601 367.1399999999608 230.1104999999913
1829 -382.7109999999707 369.1864999999717 230.1104999999936
1830 -389.9164999999479 368.1439999999508 230.1104999999886
1831 -394.2604999999423 363.8789999999468 230.1104999999876
1832 -395.9294999999473 357.4684999999524 230.1104999999888
1833 -395.0919999999684 349.8909999999721 230.1104999999934
1834 -375.2929999999989 288.985500000061 225.797
1835 -376.4199999999992 210.6645000000833 225.797
1836 -376.5310000000006 143.6405000000832 225.797
1837 -376.1200000000006 83.57000000008878 225.797
1838 -375.8785000000002 27.44050000008188 225.797
1839 -375.8784999999998 -27.44049999992513 225.797
1840 -376.1199999999995 -83.56999999992371 225.797
1841 -376.5309999999994 -143.6404999999168 225.797
1842 -376.420000000001 -210.6644999999001 225.797
1843 -375.2930000000027 -288.9854999998557 225.797
1844 -395.0919999999684 -349.8909999999721 230.1104999999934
1845 -395.9294999999473 -357.4684999999524 230.1104999999888
1846 -394.2604999999423 -363.8789999999468 230.1104999999876
1847 -389.9164999999479 -368.1439999999508 230.1104999999886
1848 -382.7109999999707 -369.1864999999717 230.1104999999936
1849 -373.6809999999601 -367.1399999999608 230.1104999999913
1850 -312.1335000000777 -347.3815000000004 225.797
1851 -236.4185000000776 -346.4820000000015 225.797
1852 -173.4005000000887 -345.0840000000023 225.797
1853 -118.717000000089 -343.7245000000021 225.797
1854 118.7169999998918 -343.7244999999974 225.797
1855 173.4004999999113 -345.0839999999977 225.797
1856 236.4184999999168 -346.4819999999984 225.797
1857 312.1334999999001 -347.3814999999994 225.797
1858 373.6809999999601 -367.1399999999608 230.1104999999913
1859 382.7109999999707 -369.1864999999717 230.1104999999936
1860 389.9164999999479 -368.1439999999508 230.1104999999886
1861 394.2604999999423 -363.8789999999468 230.1104999999876
1862 395.9294999999473 -357.4684999999524 230.1104999999888
1863 395.0919999999684 -349.8909999999721 230.1104999999934
1864 375.2929999999989 -288.985500000061 225.797
1865 376.4199999999992 -210.6645000000833 225.797
1866 376.5310000000006 -143.6405000000832 225.797
1867 376.1200000000006 -83.57000000008878 225.797
1868 375.8785000000002 -27.44050000008188 225.797
1869 414.7549999999998 30.28049999992016 234.424
1870 415.1014999999993 92.23649999991397 234.424
1871 415.7374999999992 158.6074999999223 234.424
1872 416.136 232.9299999999057 234.424
1873 415.9150000000009 320.3374999998224 234.424
1874 434.455499999973 384.7509999999762 237.926499999995
1875 420.51049999996 405.6504999999614 237.9264999999922
1876 411.6829999999438 404.4764999999447 237.9264999999891
1877 346.9825000000998 386.1305000000011 234.424
1878 262.5780000000776 384.8115000000016 234.424
1879 192.5670000000888 383.2320000000022 234.424
1880 131.8660000000666 381.8050000000015 234.424
1881 76.99050000007213 380.7595000000011 234.424
1882 25.32200000006792 380.2125000000004 234.424
1883 -25.32199999993323 380.2124999999996 234.424
1884 -76.99049999993896 380.759499999999 234.424
1885 -131.865999999939 381.8049999999986 234.424
1886 -192.5669999999115 383.2319999999978 234.424
1887 -262.577999999939 384.8114999999987 234.424
1888 -346.982499999878 386.1304999999986 234.424
1889 -411.6829999999438 404.4764999999447 237.9264999999891
1890 -420.51049999996 405.6504999999614 237.9264999999922
1891 -434.455499999973 384.7509999999762 237.926499999995
1892 -415.9149999999995 320.3375000000999 234.424
1893 -416.136 232.9300000000999 234.424
1894 -415.737500000001 158.6075000000888 234.424
1895 -415.1015000000007 92.23650000008602 234.424
1896 -414.7550000000002 30.28050000008051 234.424
1897 -414.7549999999998 -30.28049999992016 234.424
1898 -415.1014999999993 -92.23649999991397 234.424
1899 -415.7374999999992 -158.6074999999223 234.424
1900 -416.136 -232.9299999999057 234.424
1901 -415.9150000000009 -320.3374999998224 234.424
1902 -434.455499999973 -384.7509999999762 237.926499999995
1903 -420.51049999996 -405.6504999999614 237.9264999999922
1904 -411.6829999999438 -404.4764999999447 237.9264999999891
1905 -346.9825000000998 -386.1305000000011 234.424
1906 -262.5780000000776 -384.8115000000016 234.424
1907 -192.5670000000888 -383.2320000000022 234.424
1908 -131.8660000000666 -381.8050000000015 234.424
1909 -76.99050000007213 -380.7595000000011 234.424
1910 -25.32200000006792 -380.2125000000004 234.424
1911 25.32199999993323 -380.2124999999996 234.424
1912 76.99049999993896 -380.759499999999 234.424
1913 131.865999999939 -381.8049999999986 234.424
1914 192.5669999999115 -383.2319999999978 234.424
1915 262.577999999939 -384.8114999999987 234.424
1916 346.982499999878 -386.1304999999986 234.424
1917 411.6829999999438 -404.4764999999447 237.9264999999891
1918 420.51049999996 -405.6504999999614 237.9264999999922
1919 434.455499999973 -384.7509999999762 237.926499999995
1920 415.9149999999995 -320.3375000000999 234.424
1921 416.136 -232.9300000000999 234.424
1922 415.737500000001 -158.6075000000888 234.424
1923 415.1015000000007 -92.23650000008602 234.424
1924 414.7550000000002 -30.28050000008051 234.424
1925 450.7069999999998 32.90549999991843 241.429
1926 451.1079999999991 100.2384999998973 241.429
1927 451.8674999999989 172.394999999911 241.429
1928 452.6119999999992 253.3714999998834 241.429
1929 453.0096666666664 331.5406666665816 241.429
1930 453.1233333333329 366.4623333331964 241.429
1931 395.8463333334444 421.8240000000015 241.429
1932 361.8746666667774 421.3540000000015 241.429
1933 286.6190000000835 420.0495000000017 241.429
1934 210.2505000000945 418.4395000000021 241.429
1935 144.0335000000888 417.0555000000018 241.429
1936 84.12450000006105 416.0640000000008 241.429
1937 27.67400000007353 415.5505000000003 241.429
1938 -27.67399999992642 415.5504999999997 241.429
1939 -84.12449999993062 416.0639999999991 241.429
1940 -144.0334999999084 417.0554999999982 241.429
1941 -210.2504999999168 418.4394999999981 241.429
1942 -286.6189999998779 420.0494999999975 241.429
1943 -361.8746666665556 421.3539999999985 241.429
1944 -395.8463333332226 421.8239999999985 241.429
1945 -453.1233333333336 366.4623333334185 241.429
1946 -453.0096666666672 331.5406666668036 241.429
1947 -452.6120000000008 253.3715000001278 241.429
1948 -451.8675000000013 172.3950000001053 241.429
1949 -451.1080000000009 100.2385000000999 241.429
1950 -450.7070000000003 32.90550000008055 241.429
1951 -450.7069999999998 -32.90549999991843 241.429
1952 -451.1079999999991 -100.2384999998973 241.429
1953 -451.8674999999989 -172.394999999911 241.429
1954 -452.6119999999992 -253.3714999998834 241.429
1955 -453.0096666666664 -331.5406666665816 241.429
1956 -453.1233333333329 -366.4623333331964 241.429
1957 -395.8463333334444 -421.8240000000015 241.429
1958 -361.8746666667774 -421.3540000000015 241.429
1959 -286.6190000000835 -420.0495000000017 241.429
1960 -210.2505000000945 -418.4395000000021 241.429
1961 -144.0335000000888 -417.0555000000018 241.429
1962 -84.12450000006105 -416.0640000000008 241.429
1963 -27.67400000007353 -415.5505000000003 241.429
1964 27.67399999992642 -415.5504999999997 241.429
1965 84.12449999993062 -416.0639999999991 241.429
1966 144.0334999999084 -417.0554999999982 241.429
1967 210.2504999999168 -418.4394999999981 241.429
1968 286.6189999998779 -420.0494999999975 241.429
1969 361.8746666665556 -421.3539999999985 241.429
1970 395.8463333332226 -421.8239999999985 241.429
1971 453.1233333333336 -366.4623333334185 241.429
1972 453.0096666666672 -331.5406666668036 241.429
1973 452.6120000000008 -253.3715000001278 241.429
1974 451.8675000000013 -172.3950000001053 241.429
1975 451.1080000000009 -100.2385000000999 241.429
1976 450.7070000000003 -32.90550000008055 241.429
1977 482.1259999999997 35.19849999990787 246.75
1978 482.5204999999992 107.2164999999001 246.75
1979 483.2789999999989 184.3769999999002 246.75
1980 484.1600000000003 271.0430000000278 246.75
1981 484.8463333333328 354.8633333332556 246.75
1982 485.115666666666 392.3586666665667 246.75
1983 424.4346666667667 452.2900000000014 246.75
1984 388.0173333334072 451.795000000001 246.75
1985 307.4010000000998 450.5225000000017 246.75
1986 225.6225000001331 449.0560000000024 246.75
1987 154.6555000001443 447.8375000000023 246.75
1988 90.36950000008331 446.9780000000009 246.75
1989 29.7355000000749 446.5360000000003 246.75
1990 -29.73549999992485 446.5359999999997 246.75
1991 -90.36949999991114 446.977999999999 246.75
1992 -154.6554999999418 447.8374999999991 246.75
1993 -225.6224999999057 449.0559999999983 246.75
1994 -307.4009999999003 450.5224999999983 246.75
1995 -388.0173333332333 451.7949999999987 246.75
1996 -424.4346666665928 452.289999999999 246.75
1997 -485.1156666666672 392.3586666667443 246.75
1998 -484.846333333334 354.8633333334333 246.75
1999 -484.1600000000017 271.0430000001943 246.75
2000 -483.2790000000012 184.3770000001109 246.75
2001 -482.5205000000009 107.2165000001082 246.75
2002 -482.1260000000003 35.19850000009296 246.75
2003 -482.1259999999997 -35.19849999990787 246.75
2004 -482.5204999999992 -107.2164999999001 246.75
2005 -483.2789999999989 -184.3769999999002 246.75
2006 -484.1600000000003 -271.0430000000278 246.75
2007 -484.8463333333328 -354.8633333332556 246.75
2008 -485.115666666666 -392.3586666665667 246.75
2009 -424.4346666667667 -452.2900000000014 246.75
2010 -388.0173333334072 -451.795000000001 246.75
2011 -307.4010000000998 -450.5225000000017 246.75
2012 -225.6225000001331 -449.0560000000024 246.75
2013 -154.6555000001443 -447.8375000000023 246.75
2014 -90.36950000008331 -446.9780000000009 246.75
2015 -29.7355000000749 -446.5360000000003 246.75
2016 29.73549999992485 -446.5359999999997 246.75
2017 90.36949999991114 -446.977999999999 246.75
2018 154.6554999999418 -447.8374999999991 246.75
2019 225.6224999999057 -449.0559999999983 246.75
2020 307.4009999999003 -450.5224999999983 246.75
2021 388.0173333332333 -451.7949999999987 246.75
2022 424.4346666665928 -452.289999999999 246.75
2023 485.1156666666672 -392.3586666667443 246.75
2024 484.846333333334 -354.8633333334333 246.75
2025 484.1600000000017 -271.0430000001943 246.75
2026 483.2790000000012 -184.3770000001109 246.75
2027 482.5205000000009 -107.2165000001082 246.75
2028 482.1260000000003 -35.19850000009296 246.75
2029 510.4904999999998 37.267499999906 250.801
2030 510.8084999999994 113.4964999999056 250.801
2031 511.4264999999991 195.1064999999001 250.801
2032 512.2139999999987 286.7449999998445 250.801
2033 512.9189999999992 375.411999999901 250.801
2034 513.2169999999991 415.0889999998772 250.801
2035 449.5076666667331 479.0266666666674 250.801
2036 411.030333333422 478.6103333333343 250.801
2037 325.8475000001775 477.5880000000024 250.801
2038 239.3750000000944 476.4625000000012 250.801
2039 164.2130000000944 475.551000000001 250.801
2040 96.01050000010275 474.9160000000007 250.801
2041 31.60150000007773 474.5910000000002 250.801
2042 -31.60149999992204 474.5909999999998 250.801
2043 -96.01049999990143 474.9159999999993 250.801
2044 -164.2129999999112 475.550999999999 250.801
2045 -239.3749999998723 476.4624999999983 250.801
2046 -325.8474999998336 477.5879999999979 250.801
2047 -411.0303333332668 478.6103333333326 250.801
2048 -449.5076666665778 479.0266666666657 250.801
2049 -513.2170000000008 415.089000000099 250.801
2050 -512.9190000000006 375.4120000000784 250.801
2051 -512.2140000000012 286.7450000001443 250.801
2052 -511.4265000000011 195.1065000001223 250.801
2053 -510.8085000000005 113.4965000000832 250.801
2054 -510.4905000000002 37.26750000009864 250.801
2055 -510.4904999999998 -37.267499999906 250.801
2056 -510.8084999999994 -113.4964999999056 250.801
2057 -511.4264999999991 -195.1064999999001 250.801
2058 -512.2139999999987 -286.7449999998445 250.801
2059 -512.9189999999992 -375.411999999901 250.801
2060 -513.2169999999991 -415.0889999998772 250.801
2061 -449.5076666667331 -479.0266666666674 250.801
2062 -411.030333333422 -478.6103333333343 250.801
2063 -325.8475000001775 -477.5880000000024 250.801
2064 -239.3750000000944 -476.4625000000012 250.801
2065 -164.2130000000944 -475.551000000001 250.801
2066 -96.01050000010275 -474.9160000000007 250.801
2067 -31.60150000007773 -474.5910000000002 250.801
2068 31.60149999992204 -474.5909999999998 250.801
2069 96.01049999990143 -474.9159999999993 250.801
2070 164.2129999999112 -475.550999999999 250.801
2071 239.3749999998723 -476.4624999999983 250.801
2072 325.8474999998336 -477.5879999999979 250.801
2073 411.0303333332668 -478.6103333333326 250.801
2074 449.5076666665778 -479.0266666666657 250.801
2075 513.2170000000008 -415.089000000099 250.801
2076 512.9190000000006 -375.4120000000784 250.801
2077 512.2140000000012 -286.7450000001443 250.801
2078 511.4265000000011 -195.1065000001223 250.801
2079 510.8085000000005 -113.4965000000832 250.801
2080 510.4905000000002 -37.26750000009864 250.801
2081 533.8764999999999 38.97199999989949 253.459
2082 534.0559999999997 118.652999999889 253.459
2083 534.4059999999995 203.8574999998834 253.459
2084 534.7909999999996 282.3939999999296 253.459
2085 534.9599999999996 316.4349999999149 253.459
2086 535.3246666666661 391.7929999998744 253.459
2087 535.5203333333329 433.1099999999072 253.459
2088 469.3543333334334 500.2100000000006 253.459
2089 429.3426666667667 499.9700000000006 253.459
2090 340.6975000001443 499.396500000001 253.459
2091 250.5670000000888 498.7835000000006 253.459
2092 172.0520000000222 498.2955000000001 253.459
2093 100.6600000000805 497.9585000000003 253.459
2094 33.14300000010412 497.7870000000001 253.459
2095 -33.14299999990691 497.7869999999999 253.459
2096 -100.6599999999139 497.9584999999997 253.459
2097 -172.0519999999778 498.2954999999999 253.459
2098 -250.5669999998891 498.7834999999993 253.459
2099 -340.6974999999001 499.3964999999993 253.459
2100 -429.3426666665666 499.9699999999994 253.459
2101 -469.3543333332333 500.2099999999994 253.459
2102 -535.520333333334 433.1100000001256 253.459
2103 -535.3246666666671 391.7930000000928 253.459
2104 -534.9600000000002 316.4350000000297 253.459
2105 -534.7910000000005 282.394000000111 253.459
2106 -534.4060000000005 203.8575000000999 253.459
2107 -534.0560000000004 118.6530000001138 253.459
2108 -533.8765000000002 38.97200000010417 253.459
2109 -533.8764999999999 -38.97199999989949 253.459
2110 -534.0559999999997 -118.652999999889 253.459
2111 -534.4059999999995 -203.8574999998834 253.459
2112 -534.7909999999996 -282.3939999999296 253.459
2113 -534.9599999999996 -316.4349999999149 253.459
2114 -535.3246666666661 -391.7929999998744 253.459
2115 -535.5203333333329 -433.1099999999072 253.459
2116 -469.3543333334334 -500.2100000000006 253.459
2117 -429.3426666667667 -499.9700000000006 253.459
2118 -340.6975000001443 -499.396500000001 253.459
2119 -250.5670000000888 -498.7835000000006 253.459
2120 -172.0520000000222 -498.2955000000001 253.459
2121 -100.6600000000805 -497.9585000000003 253.459
2122 -33.14300000010412 -497.7870000000001 253.459
2123 33.14299999990691 -497.7869999999999 253.459
2124 100.6599999999139 -497.9584999999997 253.459
2125 172.0519999999778 -498.2954999999999 253.459
2126 250.5669999998891 -498.7834999999993 253.459
2127 340.6974999999001 -499.3964999999993 253.459
2128 429.3426666665666 -499.9699999999994 253.459
2129 469.3543333332333 -500.2099999999994 253.459
2130 535.520333333334 -433.1100000001256 253.459
2131 535.3246666666671 -391.7930000000928 253.459
2132 534.9600000000002 -316.4350000000297 253.459
2133 534.7910000000005 -282.394000000111 253.459
2134 534.4060000000005 -203.8575000000999 253.459
2135 534.0560000000004 -118.6530000001138 253.459
2136 533.8765000000002 -38.97200000010417 253.459
2137 552.322 40.31499999989887 255.001
2138 552.322 122.7004999998945 255.001
2139 552.322 210.6729999998668 255.001
2140 552.322 291.6289999999482 255.001
2141 552.322 326.6829999999186 255.001
2142 552.322 404.2023333332223 255.001
2143 552.322 446.6676666665778 255.001
2144 484.2526666667407 516.129 255.001
2145 443.1803333334148 516.129 255.001
2146 352.0800000000666 516.129 255.001
2147 259.2570000001332 516.129 255.001
2148 178.1940000000999 516.129 255.001
2149 104.3245000000833 516.129 255.001
2150 34.36150000007355 516.129 255.001
2151 -34.36149999991076 516.129 255.001
2152 -104.3244999999084 516.129 255.001
2153 -178.1939999999001 516.129 255.001
2154 -259.2569999999167 516.129 255.001
2155 -352.0799999999001 516.129 255.001
2156 -443.1803333332075 516.129 255.001
2157 -484.2526666664594 516.129 255.001
2158 -552.322 446.6676666667777 255.001
2159 -552.322 404.2023333334222 255.001
2160 -552.322 326.6830000000518 255.001
2161 -552.322 291.6290000000814 255.001
2162 -552.322 210.6730000001332 255.001
2163 -552.322 122.7005000000999 255.001
2164 -552.322 40.31500000010131 255.001
2165 -552.322 -40.31499999989887 255.001
2166 -552.322 -122.7004999998945 255.001
2167 -552.322 -210.6729999998668 255.001
2168 -552.322 -291.6289999999482 255.001
2169 -552.322 -326.6829999999186 255.001
2170 -552.322 -404.2023333332223 255.001
2171 -552.322 -446.6676666665778 255.001
2172 -484.2526666667407 -516.129 255.001
2173 -443.1803333334148 -516.129 255.001
2174 -352.0800000000666 -516.129 255.001
2175 -259.2570000001332 -516.129 255.001
2176 -178.1940000000999 -516.129 255.001
2177 -104.3245000000833 -516.129 255.001
2178 -34.36150000007355 -516.129 255.001
2179 34.36149999991076 -516.129 255.001
2180 104.3244999999084 -516.129 255.001
2181 178.1939999999001 -516.129 255.001
2182 259.2569999999167 -516.129 255.001
2183 352.0799999999001 -516.129 255.001
2184 443.1803333332075 -516.129 255.001
2185 484.2526666664594 -516.129 255.001
2186 552.322 -446.6676666667777 255.001
2187 552.322 -404.2023333334222 255.001
2188 552.322 -326.6830000000518 255.001
2189 552.322 -291.6290000000814 255.001
2190 552.322 -210.6730000001332 255.001
2191 552.322 -122.7005000000999 255.001
2192 552.322 -40.31500000010131 255.001
2193 11.93828135956313 0.866642649232517 1.36050693868118
2194 11.69375201971632 2.582971543114017 1.359482265900138
2195 11.20808685732221 4.24926383470629 1.358482806442021
2196 10.48723982062665 5.829792796641884 1.358909014646756
2197 9.546376697003677 7.291737901283358 1.358515530396206
2198 7.972214236567572 8.942599421783758 1.358705888500522
2199 6.710930521869053 9.900733270808617 1.358170463844093
2200 5.339447350648809 10.68767322196018 1.357732723353999
2201 3.879183252641273 11.29002386340715 1.357293869337031
2202 2.353792098195492 11.69773472681366 1.356955308840606
2203 0.7887713093637279 11.90436167167476 1.356986700431108
2204 -0.7888414454589497 11.90548181813247 1.356723870826709
2205 -2.354670223756351 11.70241720868407 1.35582052343673
2206 -3.881588591678142 11.29756852192056 1.355355307695031
2207 -5.344374089803101 10.69841174901434 1.354723653641946
2208 -6.719633033349977 9.914968047689538 1.353687025324289
2209 -7.984942474543822 8.958681658795221 1.352836212382973
2210 -9.536818993501582 7.284899862098248 1.362010901404218
2211 -10.47806038301522 5.825010884896102 1.361881463880325
2212 -11.19909290027019 4.246106938394424 1.361135040123898
2213 -11.68870453271028 2.581929190549762 1.360874044133152
2214 -11.93631258081069 0.8665099111633041 1.361031017565738
2215 -11.93828135956313 -0.866642649232517 1.36050693868118
2216 -11.69375201971632 -2.582971543114017 1.359482265900138
2217 -11.20808685732221 -4.24926383470629 1.358482806442021
2218 -10.48723982062665 -5.829792796641884 1.358909014646756
2219 -9.546376697003677 -7.291737901283358 1.358515530396206
2220 -7.972214236567572 -8.942599421783758 1.358705888500522
2221 -6.710930521869053 -9.900733270808617 1.358170463844093
2222 -5.339447350648809 -10.68767322196018 1.357732723353999
2223 -3.879183252641273 -11.29002386340715 1.357293869337031
2224 -2.353792098195492 -11.69773472681366 1.356955308840606
2225 -0.7887713093637279 -11.90436167167476 1.356986700431108
2226 0.7888414454589497 -11.90548181813247 1.356723870826709
2227 2.354670223756351 -11.70241720868407 1.35582052343673
2228 3.881588591678142 -11.29756852192056 1.355355307695031
2229 5.344374089803101 -10.69841174901434 1.354723653641946
2230 6.719633033349977 -9.914968047689538 1.353687025324289
2231 7.984942474543822 -8.958681658795221 1.352836212382973
2232 9.536818993501582 -7.284899862098248 1.362010901404218
2233 10.47806038301522 -5.825010884896102 1.361881463880325
2234 11.19909290027019 -4.246106938394424 1.361135040123898
2235 11.68870453271028 -2.581929190549762 1.360874044133152
2236 11.93631258081069 -0.8665099111633041 1.361031017565738
2237 13.13069390013314 0.951436750372276 4.582599042438919
2238 12.88548235186197 2.840833787208807 4.574897557223903
2239 12.39513129157008 4.687237833946184 4.567077817682815
2240 11.6484538035135 6.460529997915032 4.566653558011991
2241 10.65734771558583 8.120197364420781 4.56277032763447
2242 8.788762293389121 9.886306189874206 4.573146808171738
2243 7.343751336501501 10.8576434476891 4.573918417177614
2244 5.810161060713918 11.65029937333312 4.574789575329053
2245 4.204689320002402 12.25674526882062 4.575482391406938
2246 2.545701069518544 12.66892548915145 4.576404712030524
2247 0.8526448421600594 12.87966329219952 4.577581603692744
2248 -0.8529042267467998 12.88492920848266 4.575705521477101
2249 -2.548020950155863 12.68455979255182 4.570614540523952
2250 -4.213556634009445 12.28269556816401 4.562147107547115
2251 -5.826954824043903 11.68737625112977 4.556355613320163
2252 -7.373131146182709 10.90334178993423 4.549285953425179
2253 -8.829492529728407 9.934873451663606 4.543502231496495
2254 -10.62665719382663 8.102066467722823 4.581825198614932
2255 -11.62065655168585 6.448511773822004 4.581987089656091
2256 -12.36544242471468 4.6792020401021 4.581905676827836
2257 -12.86753695250677 2.837933165577029 4.583255441646024
2258 -13.12529009210477 0.9511390541694522 4.585015963460168
2259 -13.13069390013314 -0.951436750372276 4.582599042438919
2260 -12.88548235186197 -2.840833787208807 4.574897557223903
2261 -12.39513129157008 -4.687237833946184 4.567077817682815
2262 -11.6484538035135 -6.460529997915032 4.566653558011991
2263 -10.65734771558583 -8.120197364420781 4.56277032763447
2264 -8.788762293389121 -9.886306189874206 4.573146808171738
2265 -7.343751336501501 -10.8576434476891 4.573918417177614
2266 -5.810161060713918 -11.65029937333312 4.574789575329053
2267 -4.204689320002402 -12.25674526882062 4.575482391406938
2268 -2.545701069518544 -12.66892548915145 4.576404712030524
2269 -0.8526448421600594 -12.87966329219952 4.577581603692744
2270 0.8529042267467998 -12.88492920848266 4.575705521477101
2271 2.548020950155863 -12.68455979255182 4.570614540523952
2272 4.213556634009445 -12.28269556816401 4.562147107547115
2273 5.826954824043903 -11.68737625112977 4.556355613320163
2274 7.373131146182709 -10.90334178993423 4.549285953425179
2275 8.829492529728407 -9.934873451663606 4.543502231496495
2276 10.62665719382663 -8.102066467722823 4.581825198614932
2277 11.62065655168585 -6.448511773822004 4.581987089656091
2278 12.36544242471468 -4.6792020401021 4.581905676827836
2279 12.86753695250677 -2.837933165577029 4.583255441646024
2280 13.12529009210477 -0.9511390541694522 4.585015963460168
2281 66.06398624218231 4.711125119742356 68.80086449815133
2282 -66.06033049057565 4.711054310684629 68.80419606293233
2283 -66.06398624218231 -4.711125119742356 68.80086449815133
2284 66.06033049057565 -4.711054310684629 68.80419606293233
2285 81.5678433950518 5.815458828261232 85.24861230912953
2286 -81.56322408363619 5.815377346664297 85.25310450147687
2287 -81.5678433950518 -5.815458828261232 85.24861230912953
2288 81.56322408363619 -5.815377346664297 85.25310450147687
2289 100.4542962683635 7.159488223761805 103.428319688826
2290 -100.4479188227853 7.159390343563877 103.435354296009
2291 -100.4542962683635 -7.159488223761805 103.428319688826
2292 100.4479188227853 -7.159390343563878 103.435354296009
2293 123.6256610141707 8.654561077291133 122.5786878587496
2294 6.68124261259329 103.703486943981 122.5542046386545
2295 -6.68122530141926 103.7067812104467 122.550404197727
2296 -123.6171197798499 8.654461641124202 122.5899255255558
2297 -123.6256610141707 -8.654561077291133 122.5786878587496
2298 -6.68124261259329 -103.703486943981 122.5542046386545
2299 6.68122530141926 -103.7067812104467 122.550404197727
2300 123.6171197798499 -8.654461641124202 122.5899255255558
2301 152.3011826415676 10.63799359187859 142.1416349333711
2302 8.318729118739634 129.3149426012458 142.1202749331674
2303 -8.318714901105352 129.3172650265733 142.1168798605041
2304 -152.2918163970186 10.63791888708257 142.1567785257758
2305 -152.3011826415676 -10.63799359187859 142.1416349333711
2306 -8.318729118739634 -129.3149426012458 142.1202749331674
2307 8.318714901105352 -129.3172650265733 142.1168798605041
2308 152.2918163970186 -10.63791888708257 142.1567785257758
2309 186.6300983371289 13.03930574174866 161.2158647965895
2310 138.7888877583415 155.2103466159563 158.993727102721
2311 10.35727069087066 160.8157811808344 161.1991907003195
2312 -10.35726270099068 160.8169967892518 161.1969398768453
2313 -138.7968734008767 155.3332610115786 158.7451149462695
2314 -186.6216483011618 13.03926757134295 161.2327465688392
2315 -186.6300983371289 -13.03930574174866 161.2158647965895
2316 -138.7888877583415 -155.2103466159563 158.993727102721
2317 -10.35727069087066 -160.8157811808344 161.1991907003195
2318 10.35726270099068 -160.8169967892518 161.1969398768453
2319 138.7968734008767 -155.3332610115786 158.7451149462695
2320 186.6216483011618 -13.03926757134295 161.2327465688392
2321 225.7454778979915 15.59053597076783 178.9382652788042
2322 221.872083145928 169.5281022894541 180.4307857050973
2323 176.2146733047887 197.6135727232825 178.9763544626488
2324 131.8189617721551 193.9590389458657 176.8521380116147
2325 12.45463045933929 197.453944269406 178.9174161156888
2326 -12.45462613682004 197.454570110248 178.9159752822766
2327 -131.8190585280566 194.0051317179048 176.7434329155012
2328 -176.2175739456732 197.6892299785771 178.7904042388702
2329 -221.7760317901447 169.518020746395 180.6913431270394
2330 -225.7389261197907 15.59052796880751 178.9542440788871
2331 -225.7454778979915 -15.59053597076783 178.9382652788042
2332 -221.872083145928 -169.5281022894541 180.4307857050973
2333 -176.2146733047887 -197.6135727232825 178.9763544626488
2334 -131.8189617721551 -193.9590389458657 176.8521380116147
2335 -12.45463045933929 -197.453944269406 178.9174161156888
2336 12.45462613682004 -197.454570110248 178.9159752822766
2337 131.8190585280566 -194.0051317179048 176.7434329155012
2338 176.2175739456732 -197.6892299785771 178.7904042388702
2339 221.7760317901447 -169.5180207463949 180.6913431270394
2340 225.7389261197906 -15.59052796880751 178.9542440788871
2341 267.775600751157 18.04732189821674 194.7520733009904
2342 265.3948958512246 147.976129173738 194.6365899644076
2343 261.5146616088203 200.2569428618306 194.5630485767494
2344 217.6044131313694 243.4149927369476 196.2443212308016
2345 163.2607780454316 239.9044593218237 194.7752137362075
2346 14.86483465182344 237.4348905635983 194.7285081949741
2347 -14.86483457592448 237.4349017980072 194.7284768561989
2348 -163.2605807296304 239.928580226756 194.7068449019467
2349 -217.6051843405257 243.4567055396228 196.1221634808441
2350 -261.4287728430087 200.2511699629349 194.8374200649378
2351 -265.3347679688637 147.9733035411771 194.8206293741413
2352 -267.7709979431057 18.04732978199982 194.7654998743541
2353 -267.775600751157 -18.04732189821674 194.7520733009904
2354 -265.3948958512246 -147.976129173738 194.6365899644076
2355 -261.5146616088203 -200.2569428618306 194.5630485767494
2356 -217.6044131313694 -243.4149927369476 196.2443212308016
2357 -163.2607780454316 -239.9044593218237 194.7752137362075
2358 -14.86483465182344 -237.4348905635983 194.7285081949741
2359 14.86483457592448 -237.4349017980072 194.7284768561989
2360 163.2605807296304 -239.928580226756 194.7068449019467
2361 217.6051843405258 -243.4567055396229 196.1221634808441
2362 261.4287728430087 -200.2511699629349 194.8374200649378
2363 265.3347679688637 -147.9733035411771 194.8206293741413
2364 267.7709979431057 -18.04732978199982 194.7654998743541
2365 311.1285352713917 22.25508344841109 208.5210164121463
2366 308.9882165020275 61.40120260389553 207.886592663693
2367 308.5207855223299 113.3246836150631 207.7579363523886
2368 310.77282001365 171.6514641067046 208.662217124008
2369 307.6816295285513 235.1868069594733 208.5289219935107
2370 254.1349986731306 283.6233545609521 208.9016665516
2371 193.0184678611195 283.7759292969685 208.9131813325075
2372 141.173347789831 281.6645674540335 208.5328767533073
2373 17.4444503690676 279.1688380009177 208.5027580166874
2374 -17.44445229094356 279.1685373280128 208.5037507343594
2375 -141.1732279594822 281.669413205688 208.5169133507054
2376 -193.0182509795379 283.7901048337691 208.8661700938081
2377 -254.1351305718818 283.6566551095702 208.7882752298566
2378 -307.6220125741479 235.1845044872122 208.7489381466089
2379 -310.7317234781684 171.6504410382447 208.8082727399271
2380 -308.5018262930274 113.3247068724905 207.8231822219662
2381 -308.9779859476822 61.40122918886222 207.9217343607788
2382 -311.1254973802642 22.25508834336722 208.5313962277515
2383 -311.1285352713917 -22.25508344841109 208.5210164121463
2384 -308.9882165020275 -61.40120260389553 207.886592663693
2385 -308.5207855223299 -113.3246836150631 207.7579363523886
2386 -310.77282001365 -171.6514641067045 208.662217124008
2387 -307.6816295285513 -235.1868069594733 208.5289219935107
2388 -254.1349986731306 -283.6233545609521 208.9016665516
2389 -193.0184678611195 -283.7759292969685 208.9131813325075
2390 -141.173347789831 -281.6645674540335 208.5328767533073
2391 -17.4444503690676 -279.1688380009177 208.5027580166874
2392 17.44445229094356 -279.1685373280128 208.5037507343594
2393 141.1732279594822 -281.669413205688 208.5169133507054
2394 193.0182509795379 -283.7901048337691 208.8661700938081
2395 254.1351305718818 -283.6566551095702 208.7882752298566
2396 307.6220125741479 -235.1845044872122 208.7489381466089
2397 310.7317234781684 -171.6504410382447 208.8082727399271
2398 308.5018262930274 -113.3247068724905 207.8231822219662
2399 308.9779859476822 -61.40122918886222 207.9217343607788
2400 311.1254973802642 -22.25508834336722 208.5313962277515
2401 354.5612568703312 86.3800127519053 220.3310225922705
2402 354.6113560168552 69.50149569663125 220.3702440962633
2403 355.2464729070171 141.5704288451234 220.4298467202238
2404 354.3271202090546 204.179918316629 220.2944224553522
2405 352.5832443238981 266.9661818055393 220.2134414719151
2406 352.1689576696249 289.6888645881162 220.2140682126221
2407 291.817061824146 326.2909736413202 220.5080474256291
2408 226.0218040181642 325.3964006988041 220.3851570157793
2409 166.0151960632854 324.66773515085 220.50528013562
2410 106.4313810141133 320.0757096756751 219.685970690437
2411 20.96880570149686 321.3171580782083 220.3756965381035
2412 -20.96880892745146 321.3166205690605 220.3777618057513
2413 -106.431413855397 320.0743516329877 219.6911642685244
2414 -166.0151656024326 324.668906944232 220.5008042713905
2415 -226.0216446535885 325.4041547206893 220.3553837850869
2416 -291.816940723479 326.3120489374327 220.4253323810998
2417 -352.542209700414 266.9654098652808 220.3847679159595
2418 -352.1276774250929 289.6881024663264 220.3853169789874
2419 -354.2990757278463 204.1796476482113 220.4078279952809
2420 -355.2363682263105 141.5705404778857 220.4699698019099
2421 -354.5557088890791 86.38005131846988 220.3529579435872
2422 -354.6058543949648 69.50153066018905 220.3920237062454
2423 -354.5612568703312 -86.3800127519053 220.3310225922705
2424 -354.6113560168552 -69.50149569663125 220.3702440962633
2425 -355.2464729070171 -141.5704288451234 220.4298467202238
2426 -354.3271202090546 -204.179918316629 220.2944224553522
2427 -352.5832443238981 -266.9661818055393 220.2134414719151
2428 -352.1689576696249 -289.6888645881162 220.2140682126221
2429 -291.817061824146 -326.2909736413202 220.5080474256291
2430 -226.0218040181642 -325.3964006988041 220.3851570157793
2431 -166.0151960632854 -324.66773515085 220.50528013562
2432 -106.4313810141133 -320.0757096756751 219.685970690437
2433 -20.96880570149686 -321.3171580782083 220.3756965381035
2434 20.96880892745146 -321.3166205690605 220.3777618057513
2435 106.431413855397 -320.0743516329877 219.6911642685244
2436 166.0151656024326 -324.668906944232 220.5008042713905
2437 226.0216446535885 -325.4041547206893 220.3553837850869
2438 291.816940723479 -326.3120489374328 220.4253323810998
2439 352.542209700414 -266.9654098652808 220.3847679159595
2440 352.1276774250929 -289.6881024663264 220.3853169789874
2441 354.2990757278463 -204.1796476482113 220.4078279952809
2442 355.2363682263105 -141.5705404778857 220.4699698019099
2443 354.5557088890791 -86.38005131846988 220.3529579435872
2444 354.6058543949648 -69.50153066018905 220.3920237062454
2445 395.1161563533801 19.76776165367991 230.0699875047951
2446 395.3076148817386 38.58615090928252 230.1002195974699
2447 395.9988072616987 97.38203311799107 230.1734200062306
2448 395.6017803106803 77.72610240560481 230.1207470742555
2449 394.9959816801573 159.1272857152438 229.8268208902325
2450 391.214253074023 310.6235330455918 229.1142939868333
2451 328.3367815475568 366.6809703865802 230.1229327158728
2452 187.4703849408426 362.0209463281588 229.5925045587502
2453 133.1812091349758 362.913171104943 230.0987501570077
2454 116.0236106666462 362.5439275979192 230.1020545636442
2455 65.37610937800395 360.491453287015 229.8518981294608
2456 -65.37613927992477 360.48952000538 229.8603972909392
2457 -133.1812601813776 362.9108514508515 230.108913809228
2458 -116.0236623742786 362.5416080114001 230.1122100587668
2459 -187.4704209971364 362.0194305073005 229.5991273021179
2460 -328.3366531374468 366.6922844382906 230.0727890797732
2461 -391.1845103604208 310.6236433577379 229.2539000978517
2462 -394.9905656767451 159.1273559406987 229.8513057288094
2463 -395.9962602428261 97.38205468291687 230.184903651515
2464 -395.5992038730222 77.72612352221928 230.1323735000825
2465 -395.1153439192861 19.76776413781652 230.073648459155
2466 -395.306807851141 38.58615330060686 230.1038550793143
2467 -395.1161563533801 -19.76776165367991 230.0699875047951
2468 -395.3076148817386 -38.58615090928252 230.1002195974699
2469 -395.9988072616987 -97.38203311799107 230.1734200062306
2470 -395.6017803106803 -77.72610240560481 230.1207470742555
2471 -394.9959816801573 -159.1272857152438 229.8268208902325
2472 -391.214253074023 -310.6235330455918 229.1142939868333
2473 -328.3367815475568 -366.6809703865802 230.1229327158728
2474 -187.4703849408426 -362.0209463281588 229.5925045587502
2475 -133.1812091349758 -362.913171104943 230.0987501570077
2476 -116.0236106666462 -362.5439275979192 230.1020545636442
2477 -65.37610937800395 -360.491453287015 229.8518981294608
2478 65.37613927992477 -360.48952000538 229.8603972909392
2479 133.1812601813776 -362.9108514508515 230.108913809228
2480 116.0236623742786 -362.5416080114001 230.1122100587668
2481 187.4704209971364 -362.0194305073005 229.5991273021179
2482 328.3366531374468 -366.6922844382906 230.0727890797732
2483 391.1845103604208 -310.6236433577379 229.2539000978517
2484 394.9905656767451 -159.1273559406987 229.8513057288094
2485 395.9962602428261 -97.38205468291687 230.184903651515
2486 395.5992038730222 -77.72612352221928 230.1323735000825
2487 395.1153439192861 -19.76776413781652 230.073648459155
2488 395.306807851141 -38.58615330060686 230.1038550793143
2489 432.5668646659253 18.46705891903935 237.9019644197833
2490 432.1180713032883 43.99848507740794 237.7990626453341
2491 433.6326316544703 349.0647553724452 237.7157034966885
2492 379.087041746516 405.2145304362759 238.1635671165927
2493 70.98801916851066 398.5844981968199 237.980640974966
2494 89.66819805484643 398.6048338325953 237.9351493130579
2495 18.17720804608978 397.6825328611981 237.8928160211282
2496 35.43304089161047 397.895858755018 237.9189961678779
2497 -18.1772115483632 397.6817657302422 237.896683902801
2498 -35.43304445784474 397.8950975959215 237.9228354715431
2499 -70.9880469202937 398.5823695558007 237.9913341479953
2500 -89.66822661332407 398.6026793975716 237.945984006468
2501 -379.086983912592 405.2187106644623 238.1427494968037
2502 -433.6181383840004 349.0648025468682 237.7916157707535
2503 -432.5666855130941 18.46705949117031 237.9028837683617
2504 -432.1178869038851 43.99848566745212 237.8000088121892
2505 -432.5668646659253 -18.46705891903935 237.9019644197833
2506 -432.1180713032883 -43.99848507740794 237.7990626453341
2507 -433.6326316544703 -349.0647553724452 237.7157034966885
2508 -379.087041746516 -405.2145304362759 238.1635671165927
2509 -70.98801916851066 -398.5844981968199 237.980640974966
2510 -89.66819805484643 -398.6048338325953 237.9351493130579
2511 -18.17720804608978 -397.6825328611981 237.8928160211282
2512 -35.43304089161047 -397.895858755018 237.9189961678779
2513 18.17721154836319 -397.6817657302421 237.896683902801
2514 35.43304445784473 -397.8950975959215 237.9228354715431
2515 70.9880469202937 -398.5823695558008 237.9913341479953
2516 89.66822661332407 -398.6026793975716 237.945984006468
2517 379.086983912592 -405.2187106644623 238.1427494968037
2518 433.6181383840004 -349.0648025468682 237.7916157707535
2519 432.5666855130941 -18.46705949117031 237.9028837683617
2520 432.1178869038851 -43.99848566745212 237.8000088121892
2521 466.3659406575767 17.02600016855018 244.0898504225295
2522 15.95301823627314 430.8902335118632 244.0691936697357
2523 40.45143719978189 430.4403809258789 243.9759943097567
2524 -15.95302059080949 430.8894751929682 244.0736055592861
2525 -40.45143962907663 430.4395968120947 243.9805596780562
2526 -466.3661782150048 17.02599949372917 244.0884481941658
2527 -466.3659406575767 -17.02600016855018 244.0898504225295
2528 -15.95301823627314 -430.8902335118632 244.0691936697357
2529 -40.45143719978189 -430.4403809258789 243.9759943097567
2530 15.95302059080949 -430.8894751929682 244.0736055592861
2531 40.45143962907663 -430.4395968120947 243.9805596780562
2532 466.3661782150048 -17.02599949372917 244.0884481941658
2533 496.2630053775467 18.11650025834503 248.776338154458
2534 496.3530161326405 54.34950077512816 248.7780144633742
2535 495.3286913622209 90.08972949742794 248.6071019888836
2536 15.33424861131443 460.5155351921111 248.7717987962984
2537 -15.33425046062213 460.5148224687812 248.7767307983891
2538 -495.3302261616134 90.0897212326368 248.5964141856183
2539 -496.2634850582936 18.11649922230073 248.7729814529722
2540 -496.3534950194314 54.34949974079885 248.7746604843241
2541 -496.2630053775467 -18.11650025834503 248.776338154458
2542 -496.3530161326405 -54.34950077512816 248.7780144633742
2543 -495.3286913622209 -90.08972949742794 248.6071019888836
2544 -15.33424861131443 -460.5155351921111 248.7717987962984
2545 15.33425046062213 -460.5148224687812 248.7767307983891
2546 495.3302261616134 -90.0897212326368 248.5964141856183
2547 496.2634850582936 -18.11649922230073 248.7729814529722
2548 496.3534950194314 -54.34949974079885 248.7746604843241
2549 522.1518824112493 19.05987513723682 252.1310361347375
2550 521.5734970790547 56.5425055079217 252.0604300393745
2551 80.96741491950971 485.7640997251931 252.0524347674588
2552 16.18612448108971 486.1581499941959 252.1265157766553
2553 48.55837482706022 486.2203833313988 252.1288385922184
2554 -16.1861251717394 486.1576175958999 252.1311574150737
2555 -48.55837551530374 486.2198527876997 252.1334722452209
2556 -80.96741979397467 485.7624283988827 252.0668710574535
2557 -522.1523549767739 19.05987458561359 252.1268819978068
2558 -521.5739941795575 56.54250513085821 252.0560549651586
2559 -522.1518824112493 -19.05987513723682 252.1310361347375
2560 -521.5734970790547 -56.5425055079217 252.0604300393745
2561 -80.96741491950971 -485.7640997251931 252.0524347674588
2562 -16.18612448108971 -486.1581499941959 252.1265157766553
2563 -48.55837482706022 -486.2203833313988 252.1288385922184
2564 16.1861251717394 -486.1576175958999 252.1311574150737
2565 48.55837551530374 -486.2198527876997 252.1334722452209
2566 80.96741979397467 -485.7624283988827 252.0668710574535
2567 522.1523549767739 -19.05987458561359 252.1268819978068
2568 521.5739941795575 -56.54250513085821 252.0560549651586
2569 543.0877964421419 19.82174999994959 254.2309420320038
2570 542.7186700714257 59.17484887684089 254.2001598750819
2571 16.87612500004442 506.9474773896869 254.2273015539044
2572 50.3642663053709 506.6651315838379 254.2035091481654
2573 -16.87612499995441 506.9471749059483 254.2308953334225
2574 -50.36426620675937 506.6648204178198 254.2072134938417
2575 -543.0881129941595 19.82175000005137 254.2271601215758
2576 -542.7189985921531 59.17484896624003 254.1962267298424
2577 -543.0877964421419 -19.82174999994959 254.2309420320038
2578 -542.7186700714257 -59.17484887684089 254.2001598750819
2579 -16.87612500004442 -506.9474773896869 254.2273015539044
2580 -50.3642663053709 -506.6651315838379 254.2035091481654
2581 16.87612499995441 -506.9471749059483 254.2308953334225
2582 50.36426620675937 -506.6648204178198 254.2072134938417
2583 543.0881129941595 -19.82175000005137 254.2271601215758
2584 542.7189985921531 -59.17484896624003 254.1962267298424
$EndNodes
$Elements
10312
1 15 2 0 1 1
2 15 2 0 2 2
3 15 2 0 3 3
4 15 2 0 4 4
5 15 2 0 5 5
6 15 2 0 6 6
7 15 2 0 7 7
8 15 2 0 8 8
9 15 2 0 9 9
10 15 2 0 10 10
11 15 2 0 11 11
12 15 2 0 12 12
13 15 2 0 13 13
14 15 2 0 14 14
15 15 2 0 15 15
16 15 2 0 16 16
17 15 2 0 17 17
18 15 2 0 18 18
19 15 2 0 19 19
20 15 2 0 20 20
21 15 2 0 21 21
22 15 2 0 22 22
23 15 2 0 23 23
24 15 2 0 24 24
25 15 2 0 25 25
26 15 2 0 26 26
27 15 2 0 27 27
28 15 2 0 28 28
29 15 2 0 29 29
30 15 2 0 30 30
31 15 2 0 31 31
32 15 2 0 32 32
33 15 2 0 33 33
34 15 2 0 34 34
35 15 2 0 35 35
36 15 2 0 36 36
37 15 2 0 37 37
38 15 2 0 38 38
39 15 2 0 39 39
40 15 2 0 40 40
41 15 2 0 41 41
42 15 2 0 42 42
43 15 2 0 43 43
44 15 2 0 44 44
45 15 2 0 45 45
46 15 2 0 46 46
47 15 2 0 47 47
48 15 2 0 48 48
49 15 2 0 49 49
50 15 2 0 50 50
51 15 2 0 51 51
52 15 2 0 52 52
53 15 2 0 53 53
54 15 2 0 54 54
55 15 2 0 55 55
56 15 2 0 56 56
57 15 2 0 57 57
58 15 2 0 58 58
59 15 2 0 59 59
60 15 2 0 60 60
61 15 2 0 61 61
62 15 2 0 62 62
63 15 2 0 63 63
64 15 2 0 64 64
65 15 2 0 65 65
66 15 2 0 66 66
67 15 2 0 67 67
68 15 2 0 68 68
69 15 2 0 69 69
70 15 2 0 70 70
71 15 2 0 71 71
72 15 2 0 72 72
73 15 2 0 73 73
74 15 2 0 74 74
75 15 2 0 75 75
76 15 2 0 76 76
77 15 2 0 77 77
78 15 2 0 78 78
79 15 2 0 79 79
80 15 2 0 80 80
81 15 2 0 81 81
82 15 2 0 82 82
83 15 2 0 83 83
84 15 2 0 84 84
85 15 2 0 85 85
86 15 2 0 86 86
87 15 2 0 87 87
88 15 2 0 88 88
89 15 2 0 89 89
90 15 2 0 90 90
91 15 2 0 91 91
92 15 2 0 92 92
93 15 2 0 93 93
94 15 2 0 94 94
95 15 2 0 95 95
96 15 2 0 96 96
97 15 2 0 97 97
98 15 2 0 98 98
99 15 2 0 99 99
100 15 2 0 100 100
101 15 2 0 101 101
102 15 2 0 102 102
103 15 2 0 103 103
104 15 2 0 104 104
105 15 2 0 105 105
106 15 2 0 106 106
107 15 2 0 107 107
108 15 2 0 108 108
109 15 2 0 109 109
110 15 2 0 110 110
111 15 2 0 111 111
112 15 2 0 112 112
113 15 2 0 113 113
114 15 2 0 114 114
115 15 2 0 115 115
116 15 2 0 116 116
117 15 2 0 117 117
118 15 2 0 118 118
119 15 2 0 119 119
120 15 2 0 120 120
121 15 2 0 121 121
122 15 2 0 122 122
123 15 2 0 123 123
124 15 2 0 124 124
125 15 2 0 125 125
126 15 2 0 126 126
127 15 2 0 127 127
128 15 2 0 128 128
129 15 2 0 129 129
130 15 2 0 130 130
131 15 2 0 131 131
132 15 2 0 132 132
133 15 2 0 133 133
134 15 2 0 134 134
135 15 2 0 135 135
136 15 2 0 136 136
137 15 2 0 137 137
138 15 2 0 138 138
139 15 2 0 139 139
140 15 2 0 140 140
141 15 2 0 141 141
142 15 2 0 142 142
143 15 2 0 143 143
144 15 2 0 144 144
145 15 2 0 145 145
146 15 2 0 146 146
147 15 2 0 147 147
148 15 2 0 148 148
149 15 2 0 149 149
150 15 2 0 150 150
151 15 2 0 151 151
152 15 2 0 152 152
153 15 2 0 153 153
154 15 2 0 154 154
155 15 2 0 155 155
156 15 2 0 156 156
157 15 2 0 157 157
158 15 2 0 158 158
159 15 2 0 159 159
160 15 2 0 160 160
161 15 2 0 161 161
162 15 2 0 162 162
163 15 2 0 163 163
164 15 2 0 164 164
165 15 2 0 165 165
166 15 2 0 166 166
167 15 2 0 167 167
168 15 2 0 168 168
169 15 2 0 169 169
170 15 2 0 170 170
171 15 2 0 171 171
172 15 2 0 172 172
173 15 2 0 173 173
174 15 2 0 174 174
175 15 2 0 175 175
176 15 2 0 176 176
177 15 2 0 177 177
178 15 2 0 178 178
179 15 2 0 179 179
180 15 2 0 180 180
181 15 2 0 181 181
182 15 2 0 182 182
183 15 2 0 183 183
184 15 2 0 184 184
185 15 2 0 185 185
186 15 2 0 186 186
187 15 2 0 187 187
188 15 2 0 188 188
189 15 2 0 189 189
190 15 2 0 190 190
191 15 2 0 191 191
192 15 2 0 192 192
193 15 2 0 193 193
194 15 2 0 194 194
195 15 2 0 195 195
196 15 2 0 196 196
197 15 2 0 197 197
198 15 2 0 198 198
199 15 2 0 199 199
200 15 2 0 200 200
201 15 2 0 201 201
202 15 2 0 202 202
203 15 2 0 203 203
204 15 2 0 204 204
205 15 2 0 205 205
206 15 2 0 206 206
207 15 2 0 207 207
208 15 2 0 208 208
209 15 2 0 209 209
210 15 2 0 210 210
211 15 2 0 211 211
212 15 2 0 212 212
213 15 2 0 213 213
214 15 2 0 214 214
215 15 2 0 215 215
216 15 2 0 216 216
217 15 2 0 217 217
218 15 2 0 218 218
219 15 2 0 219 219
220 15 2 0 220 220
221 15 2 0 221 221
222 15 2 0 222 222
223 15 2 0 223 223
224 15 2 0 224 224
225 15 2 0 225 225
226 15 2 0 226 226
227 15 2 0 227 227
228 15 2 0 228 228
229 15 2 0 229 229
230 15 2 0 230 230
231 15 2 0 231 231
232 15 2 0 232 232
233 15 2 0 233 233
234 15 2 0 234 234
235 15 2 0 235 235
236 15 2 0 236 236
237 15 2 0 237 237
238 15 2 0 238 238
239 15 2 0 239 239
240 15 2 0 240 240
241 15 2 0 241 241
242 15 2 0 242 242
243 15 2 0 243 243
244 15 2 0 244 244
245 15 2 0 245 245
246 15 2 0 246 246
247 15 2 0 247 247
248 15 2 0 248 248
249 15 2 0 249 249
250 15 2 0 250 250
251 15 2 0 251 251
252 15 2 0 252 252
253 15 2 0 253 253
254 15 2 0 254 254
255 15 2 0 255 255
256 15 2 0 256 256
257 15 2 0 257 257
258 15 2 0 258 258
259 15 2 0 259 259
260 15 2 0 260 260
261 15 2 0 261 261
262 15 2 0 262 262
263 15 2 0 263 263
264 15 2 0 264 264
265 15 2 0 265 265
266 15 2 0 266 266
267 15 2 0 267 267
268 15 2 0 268 268
269 15 2 0 269 269
270 15 2 0 270 270
271 15 2 0 271 271
272 15 2 0 272 272
273 15 2 0 273 273
274 15 2 0 274 274
275 15 2 0 275 275
276 15 2 0 276 276
277 15 2 0 277 277
278 15 2 0 278 278
279 15 2 0 279 279
280 15 2 0 280 280
281 15 2 0 281 281
282 15 2 0 282 282
283 15 2 0 283 283
284 15 2 0 284 284
285 15 2 0 285 285
286 15 2 0 286 286
287 15 2 0 287 287
288 15 2 0 288 288
289 15 2 0 289 289
290 15 2 0 290 290
291 15 2 0 291 291
292 15 2 0 292 292
293 15 2 0 293 293
294 15 2 0 294 294
295 15 2 0 295 295
296 15 2 0 296 296
297 15 2 0 297 297
298 15 2 0 298 298
299 15 2 0 299 299
300 15 2 0 300 300
301 15 2 0 301 301
302 15 2 0 302 302
303 15 2 0 303 303
304 15 2 0 304 304
305 15 2 0 305 305
306 15 2 0 306 306
307 15 2 0 307 307
308 15 2 0 308 308
309 15 2 0 309 309
310 15 2 0 310 310
311 15 2 0 311 311
312 15 2 0 312 312
313 15 2 0 313 313
314 15 2 0 314 314
315 15 2 0 315 315
316 15 2 0 316 316
317 15 2 0 317 317
318 15 2 0 318 318
319 15 2 0 319 319
320 15 2 0 320 320
321 15 2 0 321 321
322 15 2 0 322 322
323 15 2 0 323 323
324 15 2 0 324 324
325 15 2 0 325 325
326 15 2 0 326 326
327 15 2 0 327 327
328 15 2 0 328 328
329 15 2 0 329 329
330 15 2 0 330 330
331 15 2 0 331 331
332 15 2 0 332 332
333 15 2 0 333 333
334 15 2 0 334 334
335 15 2 0 335 335
336 15 2 0 336 336
337 15 2 0 337 337
338 15 2 0 338 338
339 15 2 0 339 339
340 15 2 0 340 340
341 15 2 0 341 341
342 15 2 0 342 342
343 15 2 0 343 343
344 15 2 0 344 344
345 15 2 0 345 345
346 15 2 0 346 346
347 15 2 0 347 347
348 15 2 0 348 348
349 15 2 0 349 349
350 15 2 0 350 350
351 15 2 0 351 351
352 15 2 0 352 352
353 15 2 0 353 353
354 15 2 0 354 354
355 15 2 0 355 355
356 15 2 0 356 356
357 15 2 0 357 357
358 15 2 0 358 358
359 15 2 0 359 359
360 15 2 0 360 360
361 15 2 0 361 361
362 15 2 0 362 362
363 15 2 0 363 363
364 15 2 0 364 364
365 15 2 0 365 365
366 15 2 0 366 366
367 15 2 0 367 367
368 15 2 0 368 368
369 15 2 0 369 369
370 15 2 0 370 370
371 15 2 0 371 371
372 15 2 0 372 372
373 15 2 0 373 373
374 15 2 0 374 374
375 15 2 0 375 375
376 15 2 0 376 376
377 15 2 0 377 377
378 15 2 0 378 378
379 15 2 0 379 379
380 15 2 0 380 380
381 15 2 0 381 381
382 15 2 0 382 382
383 15 2 0 383 383
384 15 2 0 384 384
385 15 2 0 385 385
386 15 2 0 386 386
387 15 2 0 387 387
388 15 2 0 388 388
389 15 2 0 389 389
390 15 2 0 390 390
391 15 2 0 391 391
392 15 2 0 392 392
393 15 2 0 393 393
394 15 2 0 394 394
395 15 2 0 395 395
396 15 2 0 396 396
397 15 2 0 397 397
398 15 2 0 398 398
399 15 2 0 399 399
400 15 2 0 400 400
401 15 2 0 401 401
402 15 2 0 402 402
403 15 2 0 403 403
404 15 2 0 404 404
405 15 2 0 405 405
406 15 2 0 406 406
407 15 2 0 407 407
408 15 2 0 408 408
409 15 2 0 409 409
410 15 2 0 410 410
411 15 2 0 411 411
412 15 2 0 412 412
413 15 2 0 413 413
414 15 2 0 414 414
415 15 2 0 415 415
416 15 2 0 416 416
417 15 2 0 417 417
418 15 2 0 418 418
419 15 2 0 419 419
420 15 2 0 420 420
421 15 2 0 421 421
422 15 2 0 422 422
423 15 2 0 423 423
424 15 2 0 424 424
425 15 2 0 425 425
426 15 2 0 426 426
427 15 2 0 427 427
428 15 2 0 428 428
429 15 2 0 429 429
430 15 2 0 430 430
431 15 2 0 431 431
432 15 2 0 432 432
433 15 2 0 433 433
434 15 2 0 434 434
435 15 2 0 435 435
436 15 2 0 436 436
437 15 2 0 437 437
438 15 2 0 438 438
439 15 2 0 439 439
440 15 2 0 440 440
441 15 2 0 441 441
442 15 2 0 442 442
443 15 2 0 443 443
444 15 2 0 444 444
445 15 2 0 445 445
446 15 2 0 446 446
447 15 2 0 447 447
448 15 2 0 448 448
449 15 2 0 449 449
450 15 2 0 450 450
451 15 2 0 451 451
452 15 2 0 452 452
453 15 2 0 453 453
454 15 2 0 454 454
455 15 2 0 455 455
456 15 2 0 456 456
457 15 2 0 457 457
458 15 2 0 458 458
459 15 2 0 459 459
460 15 2 0 460 460
461 15 2 0 461 461
462 15 2 0 462 462
463 15 2 0 463 463
464 15 2 0 464 464
465 15 2 0 465 465
466 15 2 0 466 466
467 15 2 0 467 467
468 15 2 0 468 468
469 15 2 0 469 469
470 15 2 0 470 470
471 15 2 0 471 471
472 15 2 0 472 472
473 15 2 0 473 473
474 15 2 0 474 474
475 15 2 0 475 475
476 15 2 0 476 476
477 15 2 0 477 477
478 15 2 0 478 478
479 15 2 0 479 479
480 15 2 0 480 480
481 15 2 0 481 481
482 15 2 0 482 482
483 15 2 0 483 483
484 15 2 0 484 484
485 15 2 0 485 485
486 15 2 0 486 486
487 15 2 0 487 487
488 15 2 0 488 488
489 15 2 0 489 489
490 15 2 0 490 490
491 15 2 0 491 491
492 15 2 0 492 492
493 15 2 0 493 493
494 15 2 0 494 494
495 15 2 0 495 495
496 15 2 0 496 496
497 15 2 0 497 497
498 15 2 0 498 498
499 15 2 0 499 499
500 15 2 0 500 500
501 15 2 0 501 501
502 15 2 0 502 502
503 15 2 0 503 503
504 15 2 0 504 504
505 15 2 0 505 505
506 15 2 0 506 506
507 15 2 0 507 507
508 15 2 0 508 508
509 15 2 0 509 509
510 15 2 0 510 510
511 15 2 0 511 511
512 15 2 0 512 512
513 15 2 0 513 513
514 15 2 0 514 514
515 15 2 0 515 515
516 15 2 0 516 516
517 15 2 0 517 517
518 15 2 0 518 518
519 15 2 0 519 519
520 15 2 0 520 520
521 15 2 0 521 521
522 15 2 0 522 522
523 15 2 0 523 523
524 15 2 0 524 524
525 15 2 0 525 525
526 15 2 0 526 526
527 15 2 0 527 527
528 15 2 0 528 528
529 15 2 0 529 529
530 15 2 0 530 530
531 15 2 0 531 531
532 15 2 0 532 532
533 15 2 0 533 533
534 15 2 0 534 534
535 15 2 0 535 535
536 15 2 0 536 536
537 15 2 0 537 537
538 15 2 0 538 538
539 15 2 0 539 539
540 15 2 0 540 540
541 15 2 0 541 541
542 15 2 0 542 542
543 15 2 0 543 543
544 15 2 0 544 544
545 15 2 0 545 545
546 15 2 0 546 546
547 15 2 0 547 547
548 15 2 0 548 548
549 15 2 0 549 549
550 15 2 0 550 550
551 15 2 0 551 551
552 15 2 0 552 552
553 15 2 0 553 553
554 15 2 0 554 554
555 15 2 0 555 555
556 15 2 0 556 556
557 15 2 0 557 557
558 15 2 0 558 558
559 15 2 0 559 559
560 15 2 0 560 560
561 15 2 0 561 561
562 15 2 0 562 562
563 15 2 0 563 563
564 15 2 0 564 564
565 15 2 0 565 565
566 15 2 0 566 566
567 15 2 0 567 567
568 15 2 0 568 568
569 15 2 0 569 569
570 15 2 0 570 570
571 15 2 0 571 571
572 15 2 0 572 572
573 15 2 0 573 573
574 15 2 0 574 574
575 15 2 0 575 575
576 15 2 0 576 576
577 15 2 0 577 577
578 15 2 0 578 578
579 15 2 0 579 579
580 15 2 0 580 580
581 15 2 0 581 581
582 15 2 0 582 582
583 15 2 0 583 583
584 15 2 0 584 584
585 15 2 0 585 585
586 15 2 0 586 586
587 15 2 0 587 587
588 15 2 0 588 588
589 15 2 0 589 589
590 15 2 0 590 590
591 15 2 0 591 591
592 15 2 0 592 592
593 15 2 0 593 593
594 15 2 0 594 594
595 15 2 0 595 595
596 15 2 0 596 596
597 15 2 0 597 597
598 15 2 0 598 598
599 15 2 0 599 599
600 15 2 0 600 600
601 15 2 0 601 601
602 15 2 0 602 602
603 15 2 0 603 603
604 15 2 0 604 604
605 15 2 0 605 605
606 15 2 0 606 606
607 15 2 0 607 607
608 15 2 0 608 608
609 15 2 0 609 609
610 15 2 0 610 610
611 15 2 0 611 611
612 15 2 0 612 612
613 15 2 0 613 613
614 15 2 0 614 614
615 15 2 0 615 615
616 15 2 0 616 616
617 15 2 0 617 617
618 15 2 0 618 618
619 15 2 0 619 619
620 15 2 0 620 620
621 15 2 0 621 621
622 15 2 0 622 622
623 15 2 0 623 623
624 15 2 0 624 624
625 15 2 0 625 625
626 15 2 0 626 626
627 15 2 0 627 627
628 15 2 0 628 628
629 15 2 0 629 629
630 15 2 0 630 630
631 15 2 0 631 631
632 15 2 0 632 632
633 15 2 0 633 633
634 15 2 0 634 634
635 15 2 0 635 635
636 15 2 0 636 636
637 15 2 0 637 637
638 15 2 0 638 638
639 15 2 0 639 639
640 15 2 0 640 640
641 15 2 0 641 641
642 15 2 0 642 642
643 15 2 0 643 643
644 15 2 0 644 644
645 15 2 0 645 645
646 15 2 0 646 646
647 15 2 0 647 647
648 15 2 0 648 648
649 15 2 0 649 649
650 15 2 0 650 650
651 15 2 0 651 651
652 15 2 0 652 652
653 15 2 0 653 653
654 15 2 0 654 654
655 15 2 0 655 655
656 15 2 0 656 656
657 15 2 0 657 657
658 15 2 0 658 658
659 15 2 0 659 659
660 15 2 0 660 660
661 15 2 0 661 661
662 15 2 0 662 662
663 15 2 0 663 663
664 15 2 0 664 664
665 15 2 0 665 665
666 15 2 0 666 666
667 15 2 0 667 667
668 15 2 0 668 668
669 15 2 0 669 669
670 15 2 0 670 670
671 15 2 0 671 671
672 15 2 0 672 672
673 15 2 0 673 673
674 15 2 0 674 674
675 15 2 0 675 675
676 15 2 0 676 676
677 15 2 0 677 677
678 15 2 0 678 678
679 15 2 0 679 679
680 15 2 0 680 680
681 15 2 0 681 681
682 15 2 0 682 682
683 15 2 0 683 683
684 15 2 0 684 684
685 15 2 0 685 685
686 15 2 0 686 686
687 15 2 0 687 687
688 15 2 0 688 688
689 15 2 0 689 689
690 15 2 0 690 690
691 15 2 0 691 691
692 15 2 0 692 692
693 15 2 0 693 693
694 15 2 0 694 694
695 15 2 0 695 695
696 15 2 0 696 696
697 15 2 0 697 697
698 15 2 0 698 698
699 15 2 0 699 699
700 15 2 0 700 700
701 15 2 0 701 701
702 15 2 0 702 702
703 15 2 0 703 703
704 15 2 0 704 704
705 15 2 0 705 705
706 15 2 0 706 706
707 15 2 0 707 707
708 15 2 0 708 708
709 15 2 0 709 709
710 15 2 0 710 710
711 15 2 0 711 711
712 15 2 0 712 712
713 15 2 0 713 713
714 15 2 0 714 714
715 15 2 0 715 715
716 15 2 0 716 716
717 15 2 0 717 717
718 15 2 0 718 718
719 15 2 0 719 719
720 15 2 0 720 720
721 15 2 0 721 721
722 15 2 0 722 722
723 15 2 0 723 723
724 15 2 0 724 724
725 15 2 0 725 725
726 15 2 0 726 726
727 15 2 0 727 727
728 15 2 0 728 728
729 15 2 0 729 729
730 15 2 0 730 730
731 15 2 0 731 731
732 15 2 0 732 732
733 15 2 0 733 733
734 15 2 0 734 734
735 15 2 0 735 735
736 15 2 0 736 736
737 15 2 0 737 737
738 15 2 0 738 738
739 15 2 0 739 739
740 15 2 0 740 740
741 15 2 0 741 741
742 15 2 0 742 742
743 15 2 0 743 743
744 15 2 0 744 744
745 15 2 0 745 745
746 15 2 0 746 746
747 15 2 0 747 747
748 15 2 0 748 748
749 15 2 0 749 749
750 15 2 0 750 750
751 15 2 0 751 751
752 15 2 0 752 752
753 15 2 0 753 753
754 15 2 0 754 754
755 15 2 0 755 755
756 15 2 0 756 756
757 15 2 0 757 757
758 15 2 0 758 758
759 15 2 0 759 759
760 15 2 0 760 760
761 15 2 0 761 761
762 15 2 0 762 762
763 15 2 0 763 763
764 15 2 0 764 764
765 15 2 0 765 765
766 15 2 0 766 766
767 15 2 0 767 767
768 15 2 0 768 768
769 15 2 0 769 769
770 15 2 0 770 770
771 15 2 0 771 771
772 15 2 0 772 772
773 15 2 0 773 773
774 15 2 0 774 774
775 15 2 0 775 775
776 15 2 0 776 776
777 15 2 0 777 777
778 15 2 0 778 778
779 15 2 0 779 779
780 15 2 0 780 780
781 15 2 0 781 781
782 15 2 0 782 782
783 15 2 0 783 783
784 15 2 0 784 784
785 15 2 0 785 785
786 15 2 0 786 786
787 15 2 0 787 787
788 15 2 0 788 788
789 15 2 0 789 789
790 15 2 0 790 790
791 15 2 0 791 791
792 15 2 0 792 792
793 15 2 0 793 793
794 15 2 0 794 794
795 15 2 0 795 795
796 15 2 0 796 796
797 15 2 0 797 797
798 15 2 0 798 798
799 15 2 0 799 799
800 15 2 0 800 800
801 15 2 0 801 801
802 15 2 0 802 802
803 15 2 0 803 803
804 15 2 0 804 804
805 15 2 0 805 805
806 15 2 0 806 806
807 15 2 0 807 807
808 15 2 0 808 808
809 15 2 0 809 809
810 15 2 0 810 810
811 15 2 0 811 811
812 15 2 0 812 812
813 15 2 0 813 813
814 15 2 0 814 814
815 15 2 0 815 815
816 15 2 0 816 816
817 15 2 0 817 817
818 15 2 0 818 818
819 15 2 0 819 819
820 15 2 0 820 820
821 15 2 0 821 821
822 15 2 0 822 822
823 15 2 0 823 823
824 15 2 0 824 824
825 15 2 0 825 825
826 15 2 0 826 826
827 15 2 0 827 827
828 15 2 0 828 828
829 15 2 0 829 829
830 15 2 0 830 830
831 15 2 0 831 831
832 15 2 0 832 832
833 15 2 0 833 833
834 15 2 0 834 834
835 15 2 0 835 835
836 15 2 0 836 836
837 15 2 0 837 837
838 15 2 0 838 838
839 15 2 0 839 839
840 15 2 0 840 840
841 15 2 0 841 841
842 15 2 0 842 842
843 15 2 0 843 843
844 15 2 0 844 844
845 15 2 0 845 845
846 15 2 0 846 846
847 15 2 0 847 847
848 15 2 0 848 848
849 15 2 0 849 849
850 15 2 0 850 850
851 15 2 0 851 851
852 15 2 0 852 852
853 15 2 0 853 853
854 15 2 0 854 854
855 15 2 0 855 855
856 15 2 0 856 856
857 15 2 0 857 857
858 15 2 0 858 858
859 15 2 0 859 859
860 15 2 0 860 860
861 15 2 0 861 861
862 15 2 0 862 862
863 15 2 0 863 863
864 15 2 0 864 864
865 15 2 0 865 865
866 15 2 0 866 866
867 15 2 0 867 867
868 15 2 0 868 868
869 15 2 0 869 869
870 15 2 0 870 870
871 15 2 0 871 871
872 15 2 0 872 872
873 15 2 0 873 873
874 15 2 0 874 874
875 15 2 0 875 875
876 15 2 0 876 876
877 15 2 0 877 877
878 15 2 0 878 878
879 15 2 0 879 879
880 15 2 0 880 880
881 15 2 0 881 881
882 15 2 0 882 882
883 15 2 0 883 883
884 15 2 0 884 884
885 15 2 0 885 885
886 15 2 0 886 886
887 15 2 0 887 887
888 15 2 0 888 888
889 15 2 0 889 889
890 15 2 0 890 890
891 15 2 0 891 891
892 15 2 0 892 892
893 15 2 0 893 893
894 15 2 0 894 894
895 15 2 0 895 895
896 15 2 0 896 896
897 15 2 0 897 897
898 15 2 0 898 898
899 15 2 0 899 899
900 15 2 0 900 900
901 15 2 0 901 901
902 15 2 0 902 902
903 15 2 0 903 903
904 15 2 0 904 904
905 15 2 0 905 905
906 15 2 0 906 906
907 15 2 0 907 907
908 15 2 0 908 908
909 15 2 0 909 909
910 15 2 0 910 910
911 15 2 0 911 911
912 15 2 0 912 912
913 15 2 0 913 913
914 15 2 0 914 914
915 15 2 0 915 915
916 15 2 0 916 916
917 15 2 0 917 917
918 15 2 0 918 918
919 15 2 0 919 919
920 15 2 0 920 920
921 15 2 0 921 921
922 15 2 0 922 922
923 15 2 0 923 923
924 15 2 0 924 924
925 15 2 0 925 925
926 15 2 0 926 926
927 15 2 0 927 927
928 15 2 0 928 928
929 15 2 0 929 929
930 15 2 0 930 930
931 15 2 0 931 931
932 15 2 0 932 932
933 15 2 0 933 933
934 15 2 0 934 934
935 15 2 0 935 935
936 15 2 0 936 936
937 15 2 0 937 937
938 15 2 0 938 938
939 15 2 0 939 939
940 15 2 0 940 940
941 15 2 0 941 941
942 15 2 0 942 942
943 15 2 0 943 943
944 15 2 0 944 944
945 15 2 0 945 945
946 15 2 0 946 946
947 15 2 0 947 947
948 15 2 0 948 948
949 15 2 0 949 949
950 15 2 0 950 950
951 15 2 0 951 951
952 15 2 0 952 952
953 15 2 0 953 953
954 15 2 0 954 954
955 15 2 0 955 955
956 15 2 0 956 956
957 15 2 0 957 957
958 15 2 0 958 958
959 15 2 0 959 959
960 15 2 0 960 960
961 15 2 0 961 961
962 15 2 0 962 962
963 15 2 0 963 963
964 15 2 0 964 964
965 15 2 0 965 965
966 15 2 0 966 966
967 15 2 0 967 967
968 15 2 0 968 968
969 15 2 0 969 969
970 15 2 0 970 970
971 15 2 0 971 971
972 15 2 0 972 972
973 15 2 0 973 973
974 15 2 0 974 974
975 15 2 0 975 975
976 15 2 0 976 976
977 15 2 0 977 977
978 15 2 0 978 978
979 15 2 0 979 979
980 15 2 0 980 980
981 15 2 0 981 981
982 15 2 0 982 982
983 15 2 0 983 983
984 15 2 0 984 984
985 15 2 0 985 985
986 15 2 0 986 986
987 15 2 0 987 987
988 15 2 0 988 988
989 15 2 0 989 989
990 15 2 0 990 990
991 15 2 0 991 991
992 15 2 0 992 992
993 15 2 0 993 993
994 15 2 0 994 994
995 15 2 0 995 995
996 15 2 0 996 996
997 15 2 0 997 997
998 15 2 0 998 998
999 15 2 0 999 999
1000 15 2 0 1000 1000
1001 15 2 0 1001 1001
1002 15 2 0 1002 1002
1003 15 2 0 1003 1003
1004 15 2 0 1004 1004
1005 15 2 0 1005 1005
1006 15 2 0 1006 1006
1007 15 2 0 1007 1007
1008 15 2 0 1008 1008
1009 15 2 0 1009 1009
1010 15 2 0 1010 1010
1011 15 2 0 1011 1011
1012 15 2 0 1012 1012
1013 15 2 0 1013 1013
1014 15 2 0 1014 1014
1015 15 2 0 1015 1015
1016 15 2 0 1016 1016
1017 15 2 0 1017 1017
1018 15 2 0 1018 1018
1019 15 2 0 1019 1019
1020 15 2 0 1020 1020
1021 15 2 0 1021 1021
1022 15 2 0 1022 1022
1023 15 2 0 1023 1023
1024 15 2 0 1024 1024
1025 15 2 0 1025 1025
1026 15 2 0 1026 1026
1027 15 2 0 1027 1027
1028 15 2 0 1028 1028
1029 15 2 0 1029 1029
1030 15 2 0 1030 1030
1031 15 2 0 1031 1031
1032 15 2 0 1032 1032
1033 15 2 0 1033 1033
1034 15 2 0 1034 1034
1035 15 2 0 1035 1035
1036 15 2 0 1036 1036
1037 15 2 0 1037 1037
1038 15 2 0 1038 1038
1039 15 2 0 1039 1039
1040 15 2 0 1040 1040
1041 15 2 0 1041 1041
1042 15 2 0 1042 1042
1043 15 2 0 1043 1043
1044 15 2 0 1044 1044
1045 15 2 0 1045 1045
1046 15 2 0 1046 1046
1047 15 2 0 1047 1047
1048 15 2 0 1048 1048
1049 15 2 0 1049 1049
1050 15 2 0 1050 1050
1051 15 2 0 1051 1051
1052 15 2 0 1052 1052
1053 15 2 0 1053 1053
1054 15 2 0 1054 1054
1055 15 2 0 1055 1055
1056 15 2 0 1056 1056
1057 15 2 0 1057 1057
1058 15 2 0 1058 1058
1059 15 2 0 1059 1059
1060 15 2 0 1060 1060
1061 15 2 0 1061 1061
1062 15 2 0 1062 1062
1063 15 2 0 1063 1063
1064 15 2 0 1064 1064
1065 15 2 0 1065 1065
1066 15 2 0 1066 1066
1067 15 2 0 1067 1067
1068 15 2 0 1068 1068
1069 15 2 0 1069 1069
1070 15 2 0 1070 1070
1071 15 2 0 1071 1071
1072 15 2 0 1072 1072
1073 15 2 0 1073 1073
1074 15 2 0 1074 1074
1075 15 2 0 1075 1075
1076 15 2 0 1076 1076
1077 15 2 0 1077 1077
1078 15 2 0 1078 1078
1079 15 2 0 1079 1079
1080 15 2 0 1080 1080
1081 15 2 0 1081 1081
1082 15 2 0 1082 1082
1083 15 2 0 1083 1083
1084 15 2 0 1084 1084
1085 15 2 0 1085 1085
1086 15 2 0 1086 1086
1087 15 2 0 1087 1087
1088 15 2 0 1088 1088
1089 15 2 0 1089 1089
1090 15 2 0 1090 1090
1091 15 2 0 1091 1091
1092 15 2 0 1092 1092
1093 15 2 0 1093 1093
1094 15 2 0 1094 1094
1095 15 2 0 1095 1095
1096 15 2 0 1096 1096
1097 15 2 0 1097 1097
1098 15 2 0 1098 1098
1099 15 2 0 1099 1099
1100 15 2 0 1100 1100
1101 15 2 0 1101 1101
1102 15 2 0 1102 1102
1103 15 2 0 1103 1103
1104 15 2 0 1104 1104
1105 15 2 0 1105 1105
1106 15 2 0 1106 1106
1107 15 2 0 1107 1107
1108 15 2 0 1108 1108
1109 15 2 0 1109 1109
1110 15 2 0 1110 1110
1111 15 2 0 1111 1111
1112 15 2 0 1112 1112
1113 15 2 0 1113 1113
1114 15 2 0 1114 1114
1115 15 2 0 1115 1115
1116 15 2 0 1116 1116
1117 15 2 0 1117 1117
1118 15 2 0 1118 1118
1119 15 2 0 1119 1119
1120 15 2 0 1120 1120
1121 15 2 0 1121 1121
1122 15 2 0 1122 1122
1123 15 2 0 1123 1123
1124 15 2 0 1124 1124
1125 15 2 0 1125 1125
1126 15 2 0 1126 1126
1127 15 2 0 1127 1127
1128 15 2 0 1128 1128
1129 15 2 0 1129 1129
1130 15 2 0 1130 1130
1131 15 2 0 1131 1131
1132 15 2 0 1132 1132
1133 15 2 0 1133 1133
1134 15 2 0 1134 1134
1135 15 2 0 1135 1135
1136 15 2 0 1136 1136
1137 15 2 0 1137 1137
1138 15 2 0 1138 1138
1139 15 2 0 1139 1139
1140 15 2 0 1140 1140
1141 15 2 0 1141 1141
1142 15 2 0 1142 1142
1143 15 2 0 1143 1143
1144 15 2 0 1144 1144
1145 15 2 0 1145 1145
1146 15 2 0 1146 1146
1147 15 2 0 1147 1147
1148 15 2 0 1148 1148
1149 15 2 0 1149 1149
1150 15 2 0 1150 1150
1151 15 2 0 1151 1151
1152 15 2 0 1152 1152
1153 15 2 0 1153 1153
1154 15 2 0 1154 1154
1155 15 2 0 1155 1155
1156 15 2 0 1156 1156
1157 15 2 0 1157 1157
1158 15 2 0 1158 1158
1159 15 2 0 1159 1159
1160 15 2 0 1160 1160
1161 15 2 0 1161 1161
1162 15 2 0 1162 1162
1163 15 2 0 1163 1163
1164 15 2 0 1164 1164
1165 15 2 0 1165 1165
1166 15 2 0 1166 1166
1167 15 2 0 1167 1167
1168 15 2 0 1168 1168
1169 15 2 0 1169 1169
1170 15 2 0 1170 1170
1171 15 2 0 1171 1171
1172 15 2 0 1172 1172
1173 15 2 0 1173 1173
1174 15 2 0 1174 1174
1175 15 2 0 1175 1175
1176 15 2 0 1176 1176
1177 15 2 0 1177 1177
1178 15 2 0 1178 1178
1179 15 2 0 1179 1179
1180 15 2 0 1180 1180
1181 15 2 0 1181 1181
1182 15 2 0 1182 1182
1183 15 2 0 1183 1183
1184 15 2 0 1184 1184
1185 15 2 0 1185 1185
1186 15 2 0 1186 1186
1187 15 2 0 1187 1187
1188 15 2 0 1188 1188
1189 15 2 0 1189 1189
1190 15 2 0 1190 1190
1191 15 2 0 1191 1191
1192 15 2 0 1192 1192
1193 15 2 0 1193 1193
1194 15 2 0 1194 1194
1195 15 2 0 1195 1195
1196 15 2 0 1196 1196
1197 15 2 0 1197 1197
1198 15 2 0 1198 1198
1199 15 2 0 1199 1199
1200 15 2 0 1200 1200
1201 15 2 0 1201 1201
1202 15 2 0 1202 1202
1203 15 2 0 1203 1203
1204 15 2 0 1204 1204
1205 15 2 0 1205 1205
1206 15 2 0 1206 1206
1207 15 2 0 1207 1207
1208 15 2 0 1208 1208
1209 15 2 0 1209 1209
1210 15 2 0 1210 1210
1211 15 2 0 1211 1211
1212 15 2 0 1212 1212
1213 15 2 0 1213 1213
1214 15 2 0 1214 1214
1215 15 2 0 1215 1215
1216 15 2 0 1216 1216
1217 15 2 0 1217 1217
1218 15 2 0 1218 1218
1219 15 2 0 1219 1219
1220 15 2 0 1220 1220
1221 15 2 0 1221 1221
1222 15 2 0 1222 1222
1223 15 2 0 1223 1223
1224 15 2 0 1224 1224
1225 15 2 0 1225 1225
1226 15 2 0 1226 1226
1227 15 2 0 1227 1227
1228 15 2 0 1228 1228
1229 15 2 0 1229 1229
1230 15 2 0 1230 1230
1231 15 2 0 1231 1231
1232 15 2 0 1232 1232
1233 15 2 0 1233 1233
1234 15 2 0 1234 1234
1235 15 2 0 1235 1235
1236 15 2 0 1236 1236
1237 15 2 0 1237 1237
1238 15 2 0 1238 1238
1239 15 2 0 1239 1239
1240 15 2 0 1240 1240
1241 15 2 0 1241 1241
1242 15 2 0 1242 1242
1243 15 2 0 1243 1243
1244 15 2 0 1244 1244
1245 15 2 0 1245 1245
1246 15 2 0 1246 1246
1247 15 2 0 1247 1247
1248 15 2 0 1248 1248
1249 15 2 0 1249 1249
1250 15 2 0 1250 1250
1251 15 2 0 1251 1251
1252 15 2 0 1252 1252
1253 15 2 0 1253 1253
1254 15 2 0 1254 1254
1255 15 2 0 1255 1255
1256 15 2 0 1256 1256
1257 15 2 0 1257 1257
1258 15 2 0 1258 1258
1259 15 2 0 1259 1259
1260 15 2 0 1260 1260
1261 15 2 0 1261 1261
1262 15 2 0 1262 1262
1263 15 2 0 1263 1263
1264 15 2 0 1264 1264
1265 15 2 0 1265 1265
1266 15 2 0 1266 1266
1267 15 2 0 1267 1267
1268 15 2 0 1268 1268
1269 15 2 0 1269 1269
1270 15 2 0 1270 1270
1271 15 2 0 1271 1271
1272 15 2 0 1272 1272
1273 15 2 0 1273 1273
1274 15 2 0 1274 1274
1275 15 2 0 1275 1275
1276 15 2 0 1276 1276
1277 15 2 0 1277 1277
1278 15 2 0 1278 1278
1279 15 2 0 1279 1279
1280 15 2 0 1280 1280
1281 15 2 0 1281 1281
1282 15 2 0 1282 1282
1283 15 2 0 1283 1283
1284 15 2 0 1284 1284
1285 15 2 0 1285 1285
1286 15 2 0 1286 1286
1287 15 2 0 1287 1287
1288 15 2 0 1288 1288
1289 15 2 0 1289 1289
1290 15 2 0 1290 1290
1291 15 2 0 1291 1291
1292 15 2 0 1292 1292
1293 15 2 0 1293 1293
1294 15 2 0 1294 1294
1295 15 2 0 1295 1295
1296 15 2 0 1296 1296
1297 15 2 0 1297 1297
1298 15 2 0 1298 1298
1299 15 2 0 1299 1299
1300 15 2 0 1300 1300
1301 15 2 0 1301 1301
1302 15 2 0 1302 1302
1303 15 2 0 1303 1303
1304 15 2 0 1304 1304
1305 15 2 0 1305 1305
1306 15 2 0 1306 1306
1307 15 2 0 1307 1307
1308 15 2 0 1308 1308
1309 15 2 0 1309 1309
1310 15 2 0 1310 1310
1311 15 2 0 1311 1311
1312 15 2 0 1312 1312
1313 15 2 0 1313 1313
1314 15 2 0 1314 1314
1315 15 2 0 1315 1315
1316 15 2 0 1316 1316
1317 15 2 0 1317 1317
1318 15 2 0 1318 1318
1319 15 2 0 1319 1319
1320 15 2 0 1320 1320
1321 15 2 0 1321 1321
1322 15 2 0 1322 1322
1323 15 2 0 1323 1323
1324 15 2 0 1324 1324
1325 15 2 0 1325 1325
1326 15 2 0 1326 1326
1327 15 2 0 1327 1327
1328 15 2 0 1328 1328
1329 15 2 0 1329 1329
1330 15 2 0 1330 1330
1331 15 2 0 1331 1331
1332 15 2 0 1332 1332
1333 15 2 0 1333 1333
1334 15 2 0 1334 1334
1335 15 2 0 1335 1335
1336 15 2 0 1336 1336
1337 15 2 0 1337 1337
1338 15 2 0 1338 1338
1339 15 2 0 1339 1339
1340 15 2 0 1340 1340
1341 15 2 0 1341 1341
1342 15 2 0 1342 1342
1343 15 2 0 1343 1343
1344 15 2 0 1344 1344
1345 15 2 0 1345 1345
1346 15 2 0 1346 1346
1347 15 2 0 1347 1347
1348 15 2 0 1348 1348
1349 15 2 0 1349 1349
1350 15 2 0 1350 1350
1351 15 2 0 1351 1351
1352 15 2 0 1352 1352
1353 15 2 0 1353 1353
1354 15 2 0 1354 1354
1355 15 2 0 1355 1355
1356 15 2 0 1356 1356
1357 15 2 0 1357 1357
1358 15 2 0 1358 1358
1359 15 2 0 1359 1359
1360 15 2 0 1360 1360
1361 15 2 0 1361 1361
1362 15 2 0 1362 1362
1363 15 2 0 1363 1363
1364 15 2 0 1364 1364
1365 15 2 0 1365 1365
1366 15 2 0 1366 1366
1367 15 2 0 1367 1367
1368 15 2 0 1368 1368
1369 15 2 0 1369 1369
1370 15 2 0 1370 1370
1371 15 2 0 1371 1371
1372 15 2 0 1372 1372
1373 15 2 0 1373 1373
1374 15 2 0 1374 1374
1375 15 2 0 1375 1375
1376 15 2 0 1376 1376
1377 15 2 0 1377 1377
1378 15 2 0 1378 1378
1379 15 2 0 1379 1379
1380 15 2 0 1380 1380
1381 15 2 0 1381 1381
1382 15 2 0 1382 1382
1383 15 2 0 1383 1383
1384 15 2 0 1384 1384
1385 15 2 0 1385 1385
1386 15 2 0 1386 1386
1387 15 2 0 1387 1387
1388 15 2 0 1388 1388
1389 15 2 0 1389 1389
1390 15 2 0 1390 1390
1391 15 2 0 1391 1391
1392 15 2 0 1392 1392
1393 15 2 0 1393 1393
1394 15 2 0 1394 1394
1395 15 2 0 1395 1395
1396 15 2 0 1396 1396
1397 15 2 0 1397 1397
1398 15 2 0 1398 1398
1399 15 2 0 1399 1399
1400 15 2 0 1400 1400
1401 15 2 0 1401 1401
1402 15 2 0 1402 1402
1403 15 2 0 1403 1403
1404 15 2 0 1404 1404
1405 15 2 0 1405 1405
1406 15 2 0 1406 1406
1407 15 2 0 1407 1407
1408 15 2 0 1408 1408
1409 15 2 0 1409 1409
1410 15 2 0 1410 1410
1411 15 2 0 1411 1411
1412 15 2 0 1412 1412
1413 15 2 0 1413 1413
1414 15 2 0 1414 1414
1415 15 2 0 1415 1415
1416 15 2 0 1416 1416
1417 15 2 0 1417 1417
1418 15 2 0 1418 1418
1419 15 2 0 1419 1419
1420 15 2 0 1420 1420
1421 15 2 0 1421 1421
1422 15 2 0 1422 1422
1423 15 2 0 1423 1423
1424 15 2 0 1424 1424
1425 15 2 0 1425 1425
1426 15 2 0 1426 1426
1427 15 2 0 1427 1427
1428 15 2 0 1428 1428
1429 15 2 0 1429 1429
1430 15 2 0 1430 1430
1431 15 2 0 1431 1431
1432 15 2 0 1432 1432
1433 15 2 0 1433 1433
1434 15 2 0 1434 1434
1435 15 2 0 1435 1435
1436 15 2 0 1436 1436
1437 15 2 0 1437 1437
1438 15 2 0 1438 1438
1439 15 2 0 1439 1439
1440 15 2 0 1440 1440
1441 15 2 0 1441 1441
1442 15 2 0 1442 1442
1443 15 2 0 1443 1443
1444 15 2 0 1444 1444
1445 15 2 0 1445 1445
1446 15 2 0 1446 1446
1447 15 2 0 1447 1447
1448 15 2 0 1448 1448
1449 15 2 0 1449 1449
1450 15 2 0 1450 1450
1451 15 2 0 1451 1451
1452 15 2 0 1452 1452
1453 15 2 0 1453 1453
1454 15 2 0 1454 1454
1455 15 2 0 1455 1455
1456 15 2 0 1456 1456
1457 15 2 0 1457 1457
1458 15 2 0 1458 1458
1459 15 2 0 1459 1459
1460 15 2 0 1460 1460
1461 15 2 0 1461 1461
1462 15 2 0 1462 1462
1463 15 2 0 1463 1463
1464 15 2 0 1464 1464
1465 15 2 0 1465 1465
1466 15 2 0 1466 1466
1467 15 2 0 1467 1467
1468 15 2 0 1468 1468
1469 15 2 0 1469 1469
1470 15 2 0 1470 1470
1471 15 2 0 1471 1471
1472 15 2 0 1472 1472
1473 15 2 0 1473 1473
1474 15 2 0 1474 1474
1475 15 2 0 1475 1475
1476 15 2 0 1476 1476
1477 15 2 0 1477 1477
1478 15 2 0 1478 1478
1479 15 2 0 1479 1479
1480 15 2 0 1480 1480
1481 15 2 0 1481 1481
1482 15 2 0 1482 1482
1483 15 2 0 1483 1483
1484 15 2 0 1484 1484
1485 15 2 0 1485 1485
1486 15 2 0 1486 1486
1487 15 2 0 1487 1487
1488 15 2 0 1488 1488
1489 15 2 0 1489 1489
1490 15 2 0 1490 1490
1491 15 2 0 1491 1491
1492 15 2 0 1492 1492
1493 15 2 0 1493 1493
1494 15 2 0 1494 1494
1495 15 2 0 1495 1495
1496 15 2 0 1496 1496
1497 15 2 0 1497 1497
1498 15 2 0 1498 1498
1499 15 2 0 1499 1499
1500 15 2 0 1500 1500
1501 15 2 0 1501 1501
1502 15 2 0 1502 1502
1503 15 2 0 1503 1503
1504 15 2 0 1504 1504
1505 15 2 0 1505 1505
1506 15 2 0 1506 1506
1507 15 2 0 1507 1507
1508 15 2 0 1508 1508
1509 15 2 0 1509 1509
1510 15 2 0 1510 1510
1511 15 2 0 1511 1511
1512 15 2 0 1512 1512
1513 15 2 0 1513 1513
1514 15 2 0 1514 1514
1515 15 2 0 1515 1515
1516 15 2 0 1516 1516
1517 15 2 0 1517 1517
1518 15 2 0 1518 1518
1519 15 2 0 1519 1519
1520 15 2 0 1520 1520
1521 15 2 0 1521 1521
1522 15 2 0 1522 1522
1523 15 2 0 1523 1523
1524 15 2 0 1524 1524
1525 15 2 0 1525 1525
1526 15 2 0 1526 1526
1527 15 2 0 1527 1527
1528 15 2 0 1528 1528
1529 15 2 0 1529 1529
1530 15 2 0 1530 1530
1531 15 2 0 1531 1531
1532 15 2 0 1532 1532
1533 15 2 0 1533 1533
1534 15 2 0 1534 1534
1535 15 2 0 1535 1535
1536 15 2 0 1536 1536
1537 15 2 0 1537 1537
1538 15 2 0 1538 1538
1539 15 2 0 1539 1539
1540 15 2 0 1540 1540
1541 15 2 0 1541 1541
1542 15 2 0 1542 1542
1543 15 2 0 1543 1543
1544 15 2 0 1544 1544
1545 15 2 0 1545 1545
1546 15 2 0 1546 1546
1547 15 2 0 1547 1547
1548 15 2 0 1548 1548
1549 15 2 0 1549 1549
1550 15 2 0 1550 1550
1551 15 2 0 1551 1551
1552 15 2 0 1552 1552
1553 15 2 0 1553 1553
1554 15 2 0 1554 1554
1555 15 2 0 1555 1555
1556 15 2 0 1556 1556
1557 15 2 0 1557 1557
1558 15 2 0 1558 1558
1559 15 2 0 1559 1559
1560 15 2 0 1560 1560
1561 15 2 0 1561 1561
1562 15 2 0 1562 1562
1563 15 2 0 1563 1563
1564 15 2 0 1564 1564
1565 15 2 0 1565 1565
1566 15 2 0 1566 1566
1567 15 2 0 1567 1567
1568 15 2 0 1568 1568
1569 15 2 0 1569 1569
1570 15 2 0 1570 1570
1571 15 2 0 1571 1571
1572 15 2 0 1572 1572
1573 15 2 0 1573 1573
1574 15 2 0 1574 1574
1575 15 2 0 1575 1575
1576 15 2 0 1576 1576
1577 15 2 0 1577 1577
1578 15 2 0 1578 1578
1579 15 2 0 1579 1579
1580 15 2 0 1580 1580
1581 15 2 0 1581 1581
1582 15 2 0 1582 1582
1583 15 2 0 1583 1583
1584 15 2 0 1584 1584
1585 15 2 0 1585 1585
1586 15 2 0 1586 1586
1587 15 2 0 1587 1587
1588 15 2 0 1588 1588
1589 15 2 0 1589 1589
1590 15 2 0 1590 1590
1591 15 2 0 1591 1591
1592 15 2 0 1592 1592
1593 15 2 0 1593 1593
1594 15 2 0 1594 1594
1595 15 2 0 1595 1595
1596 15 2 0 1596 1596
1597 15 2 0 1597 1597
1598 15 2 0 1598 1598
1599 15 2 0 1599 1599
1600 15 2 0 1600 1600
1601 1 2 0 1 1 65
1602 1 2 0 2 1 2
1603 1 2 0 3 2 66
1604 1 2 0 4 2 3
1605 1 2 0 5 3 67
1606 1 2 0 6 3 4
1607 1 2 0 7 4 68
1608 1 2 0 8 4 5
1609 1 2 0 9 5 69
1610 1 2 0 10 5 6
1611 1 2 0 11 6 70
1612 1 2 0 12 6 7
1613 1 2 0 13 7 71
1614 1 2 0 14 7 8
1615 1 2 0 15 8 72
1616 1 2 0 16 8 9
1617 1 2 0 17 9 73
1618 1 2 0 18 9 10
1619 1 2 0 19 10 74
1620 1 2 0 20 10 11
1621 1 2 0 21 11 75
1622 1 2 0 22 11 12
1623 1 2 0 23 12 76
1624 1 2 0 24 12 13
1625 1 2 0 25 13 77
1626 1 2 0 26 13 14
1627 1 2 0 27 14 78
1628 1 2 0 28 14 15
1629 1 2 0 29 15 79
1630 1 2 0 30 15 16
1631 1 2 0 31 16 80
1632 1 2 0 32 16 17
1633 1 2 0 33 17 81
1634 1 2 0 34 17 18
1635 1 2 0 35 18 82
1636 1 2 0 36 18 19
1637 1 2 0 37 19 83
1638 1 2 0 38 19 20
1639 1 2 0 39 20 84
1640 1 2 0 40 20 21
1641 1 2 0 41 21 85
1642 1 2 0 42 21 22
1643 1 2 0 43 22 86
1644 1 2 0 44 22 23
1645 1 2 0 45 23 87
1646 1 2 0 46 23 24
1647 1 2 0 47 24 88
1648 1 2 0 48 24 25
1649 1 2 0 49 25 89
1650 1 2 0 50 25 26
1651 1 2 0 51 26 90
1652 1 2 0 52 26 27
1653 1 2 0 53 27 91
1654 1 2 0 54 27 28
1655 1 2 0 55 28 92
1656 1 2 0 56 28 29
1657 1 2 0 57 29 93
1658 1 2 0 58 29 30
1659 1 2 0 59 30 94
1660 1 2 0 60 30 31
1661 1 2 0 61 31 95
1662 1 2 0 62 31 32
1663 1 2 0 63 32 96
1664 1 2 0 64 32 33
1665 1 2 0 65 33 97
1666 1 2 0 66 33 34
1667 1 2 0 67 34 98
1668 1 2 0 68 34 35
1669 1 2 0 69 35 99
1670 1 2 0 70 35 36
1671 1 2 0 71 36 100
1672 1 2 0 72 36 37
1673 1 2 0 73 37 101
1674 1 2 0 74 37 38
1675 1 2 0 75 38 102
1676 1 2 0 76 38 39
1677 1 2 0 77 39 103
1678 1 2 0 78 39 40
1679 1 2 0 79 40 104
1680 1 2 0 80 40 41
1681 1 2 0 81 41 105
1682 1 2 0 82 41 42
1683 1 2 0 83 42 106
1684 1 2 0 84 42 43
1685 1 2 0 85 43 107
1686 1 2 0 86 43 44
1687 1 2 0 87 44 108
1688 1 2 0 88 44 45
1689 1 2 0 89 45 109
1690 1 2 0 90 45 46
1691 1 2 0 91 46 110
1692 1 2 0 92 46 47
1693 1 2 0 93 47 111
1694 1 2 0 94 47 48
1695 1 2 0 95 48 112
1696 1 2 0 96 48 49
1697 1 2 0 97 49 113
1698 1 2 0 98 49 50
1699 1 2 0 99 50 114
1700 1 2 0 100 50 51
1701 1 2 0 101 51 115
1702 1 2 0 102 51 52
1703 1 2 0 103 52 116
1704 1 2 0 104 52 53
1705 1 2 0 105 53 117
1706 1 2 0 106 53 54
1707 1 2 0 107 54 118
1708 1 2 0 108 54 55
1709 1 2 0 109 55 119
1710 1 2 0 110 55 56
1711 1 2 0 111 56 120
1712 1 2 0 112 56 57
1713 1 2 0 113 57 121
1714 1 2 0 114 57 58
1715 1 2 0 115 58 122
1716 1 2 0 116 58 59
1717 1 2 0 117 59 123
1718 1 2 0 118 59 60
1719 1 2 0 119 60 124
1720 1 2 0 120 60 61
1721 1 2 0 121 61 125
1722 1 2 0 122 61 62
1723 1 2 0 123 62 126
1724 1 2 0 124 62 63
1725 1 2 0 125 63 127
1726 1 2 0 126 63 64
1727 1 2 0 127 64 128
1728 1 2 0 128 64 1
1729 1 2 0 129 65 129
1730 1 2 0 130 65 66
1731 1 2 0 131 66 130
1732 1 2 0 132 66 67
1733 1 2 0 133 67 131
1734 1 2 0 134 67 68
1735 1 2 0 135 68 132
1736 1 2 0 136 68 69
1737 1 2 0 137 69 133
1738 1 2 0 138 69 70
1739 1 2 0 139 70 134
1740 1 2 0 140 70 71
1741 1 2 0 141 71 135
1742 1 2 0 142 71 72
1743 1 2 0 143 72 136
1744 1 2 0 144 72 73
1745 1 2 0 145 73 137
1746 1 2 0 146 73 74
1747 1 2 0 147 74 138
1748 1 2 0 148 74 75
1749 1 2 0 149 75 139
1750 1 2 0 150 75 76
1751 1 2 0 151 76 140
1752 1 2 0 152 76 77
1753 1 2 0 153 77 141
1754 1 2 0 154 77 78
1755 1 2 0 155 78 142
1756 1 2 0 156 78 79
1757 1 2 0 157 79 143
1758 1 2 0 158 79 80
1759 1 2 0 159 80 144
1760 1 2 0 160 80 81
1761 1 2 0 161 81 145
1762 1 2 0 162 81 82
1763 1 2 0 163 82 146
1764 1 2 0 164 82 83
1765 1 2 0 165 83 147
1766 1 2 0 166 83 84
1767 1 2 0 167 84 148
1768 1 2 0 168 84 85
1769 1 2 0 169 85 149
1770 1 2 0 170 85 86
1771 1 2 0 171 86 150
1772 1 2 0 172 86 87
1773 1 2 0 173 87 151
1774 1 2 0 174 87 88
1775 1 2 0 175 88 152
1776 1 2 0 176 88 89
1777 1 2 0 177 89 153
1778 1 2 0 178 89 90
1779 1 2 0 179 90 154
1780 1 2 0 180 90 91
1781 1 2 0 181 91 155
1782 1 2 0 182 91 92
1783 1 2 0 183 92 156
1784 1 2 0 184 92 93
1785 1 2 0 185 93 157
1786 1 2 0 186 93 94
1787 1 2 0 187 94 158
1788 1 2 0 188 94 95
1789 1 2 0 189 95 159
1790 1 2 0 190 95 96
1791 1 2 0 191 96 160
1792 1 2 0 192 96 97
1793 1 2 0 193 97 161
1794 1 2 0 194 97 98
1795 1 2 0 195 98 162
1796 1 2 0 196 98 99
1797 1 2 0 197 99 163
1798 1 2 0 198 99 100
1799 1 2 0 199 100 164
1800 1 2 0 200 100 101
1801 1 2 0 201 101 165
1802 1 2 0 202 101 102
1803 1 2 0 203 102 166
1804 1 2 0 204 102 103
1805 1 2 0 205 103 167
1806 1 2 0 206 103 104
1807 1 2 0 207 104 168
1808 1 2 0 208 104 105
1809 1 2 0 209 105 169
1810 1 2 0 210 105 106
1811 1 2 0 211 106 170
1812 1 2 0 212 106 107
1813 1 2 0 213 107 171
1814 1 2 0 214 107 108
1815 1 2 0 215 108 172
1816 1 2 0 216 108 109
1817 1 2 0 217 109 173
1818 1 2 0 218 109 110
1819 1 2 0 219 110 174
1820 1 2 0 220 110 111
1821 1 2 0 221 111 175
1822 1 2 0 222 111 112
1823 1 2 0 223 112 176
1824 1 2 0 224 112 113
1825 1 2 0 225 113 177
1826 1 2 0 226 113 114
1827 1 2 0 227 114 178
1828 1 2 0 228 114 115
1829 1 2 0 229 115 179
1830 1 2 0 230 115 116
1831 1 2 0 231 116 180
1832 1 2 0 232 116 117
1833 1 2 0 233 117 181
1834 1 2 0 234 117 118
1835 1 2 0 235 118 182
1836 1 2 0 236 118 119
1837 1 2 0 237 119 183
1838 1 2 0 238 119 120
1839 1 2 0 239 120 184
1840 1 2 0 240 120 121
1841 1 2 0 241 121 185
1842 1 2 0 242 121 122
1843 1 2 0 243 122 186
1844 1 2 0 244 122 123
1845 1 2 0 245 123 187
1846 1 2 0 246 123 124
1847 1 2 0 247 124 188
1848 1 2 0 248 124 125
1849 1 2 0 249 125 189
1850 1 2 0 250 125 126
1851 1 2 0 251 126 190
1852 1 2 0 252 126 127
1853 1 2 0 253 127 191
1854 1 2 0 254 127 128
1855 1 2 0 255 128 192
1856 1 2 0 256 128 65
1857 1 2 0 257 129 193
1858 1 2 0 258 129 130
1859 1 2 0 259 130 194
1860 1 2 0 260 130 131
1861 1 2 0 261 131 195
1862 1 2 0 262 131 132
1863 1 2 0 263 132 196
1864 1 2 0 264 132 133
1865 1 2 0 265 133 197
1866 1 2 0 266 133 134
1867 1 2 0 267 134 198
1868 1 2 0 268 134 135
1869 1 2 0 269 135 199
1870 1 2 0 270 135 136
1871 1 2 0 271 136 200
1872 1 2 0 272 136 137
1873 1 2 0 273 137 201
1874 1 2 0 274 137 138
1875 1 2 0 275 138 202
1876 1 2 0 276 138 139
1877 1 2 0 277 139 203
1878 1 2 0 278 139 140
1879 1 2 0 279 140 204
1880 1 2 0 280 140 141
1881 1 2 0 281 141 205
1882 1 2 0 282 141 142
1883 1 2 0 283 142 206
1884 1 2 0 284 142 143
1885 1 2 0 285 143 207
1886 1 2 0 286 143 144
1887 1 2 0 287 144 208
1888 1 2 0 288 144 145
1889 1 2 0 289 145 209
1890 1 2 0 290 145 146
1891 1 2 0 291 146 210
1892 1 2 0 292 146 147
1893 1 2 0 293 147 211
1894 1 2 0 294 147 148
1895 1 2 0 295 148 212
1896 1 2 0 296 148 149
1897 1 2 0 297 149 213
1898 1 2 0 298 149 150
1899 1 2 0 299 150 214
1900 1 2 0 300 150 151
1901 1 2 0 301 151 215
1902 1 2 0 302 151 152
1903 1 2 0 303 152 216
1904 1 2 0 304 152 153
1905 1 2 0 305 153 217
1906 1 2 0 306 153 154
1907 1 2 0 307 154 218
1908 1 2 0 308 154 155
1909 1 2 0 309 155 219
1910 1 2 0 310 155 156
1911 1 2 0 311 156 220
1912 1 2 0 312 156 157
1913 1 2 0 313 157 221
1914 1 2 0 314 157 158
1915 1 2 0 315 158 222
1916 1 2 0 316 158 159
1917 1 2 0 317 159 223
1918 1 2 0 318 159 160
1919 1 2 0 319 160 224
1920 1 2 0 320 160 161
1921 1 2 0 321 161 225
1922 1 2 0 322 161 162
1923 1 2 0 323 162 226
1924 1 2 0 324 162 163
1925 1 2 0 325 163 227
1926 1 2 0 326 163 164
1927 1 2 0 327 164 228
1928 1 2 0 328 164 165
1929 1 2 0 329 165 229
1930 1 2 0 330 165 166
1931 1 2 0 331 166 230
1932 1 2 0 332 166 167
1933 1 2 0 333 167 231
1934 1 2 0 334 167 168
1935 1 2 0 335 168 232
1936 1 2 0 336 168 169
1937 1 2 0 337 169 233
1938 1 2 0 338 169 170
1939 1 2 0 339 170 234
1940 1 2 0 340 170 171
1941 1 2 0 341 171 235
1942 1 2 0 342 171 172
1943 1 2 0 343 172 236
1944 1 2 0 344 172 173
1945 1 2 0 345 173 237
1946 1 2 0 346 173 174
1947 1 2 0 347 174 238
1948 1 2 0 348 174 175
1949 1 2 0 349 175 239
1950 1 2 0 350 175 176
1951 1 2 0 351 176 240
1952 1 2 0 352 176 177
1953 1 2 0 353 177 241
1954 1 2 0 354 177 178
1955 1 2 0 355 178 242
1956 1 2 0 356 178 179
1957 1 2 0 357 179 243
1958 1 2 0 358 179 180
1959 1 2 0 359 180 244
1960 1 2 0 360 180 181
1961 1 2 0 361 181 245
1962 1 2 0 362 181 182
1963 1 2 0 363 182 246
1964 1 2 0 364 182 183
1965 1 2 0 365 183 247
1966 1 2 0 366 183 184
1967 1 2 0 367 184 248
1968 1 2 0 368 184 185
1969 1 2 0 369 185 249
1970 1 2 0 370 185 186
1971 1 2 0 371 186 250
1972 1 2 0 372 186 187
1973 1 2 0 373 187 251
1974 1 2 0 374 187 188
1975 1 2 0 375 188 252
1976 1 2 0 376 188 189
1977 1 2 0 377 189 253
1978 1 2 0 378 189 190
1979 1 2 0 379 190 254
1980 1 2 0 380 190 191
1981 1 2 0 381 191 255
1982 1 2 0 382 191 192
1983 1 2 0 383 192 256
1984 1 2 0 384 192 129
1985 1 2 0 385 193 257
1986 1 2 0 386 193 194
1987 1 2 0 387 194 258
1988 1 2 0 388 194 195
1989 1 2 0 389 195 259
1990 1 2 0 390 195 196
1991 1 2 0 391 196 260
1992 1 2 0 392 196 197
1993 1 2 0 393 197 261
1994 1 2 0 394 197 198
1995 1 2 0 395 198 262
1996 1 2 0 396 198 199
1997 1 2 0 397 199 263
1998 1 2 0 398 199 200
1999 1 2 0 399 200 264
2000 1 2 0 400 200 201
2001 1 2 0 401 201 265
2002 1 2 0 402 201 202
2003 1 2 0 403 202 266
2004 1 2 0 404 202 203
2005 1 2 0 405 203 267
2006 1 2 0 406 203 204
2007 1 2 0 407 204 268
2008 1 2 0 408 204 205
2009 1 2 0 409 205 269
2010 1 2 0 410 205 206
2011 1 2 0 411 206 270
2012 1 2 0 412 206 207
2013 1 2 0 413 207 271
2014 1 2 0 414 207 208
2015 1 2 0 415 208 272
2016 1 2 0 416 208 209
2017 1 2 0 417 209 273
2018 1 2 0 418 209 210
2019 1 2 0 419 210 274
2020 1 2 0 420 210 211
2021 1 2 0 421 211 275
2022 1 2 0 422 211 212
2023 1 2 0 423 212 276
2024 1 2 0 424 212 213
2025 1 2 0 425 213 277
2026 1 2 0 426 213 214
2027 1 2 0 427 214 278
2028 1 2 0 428 214 215
2029 1 2 0 429 215 279
2030 1 2 0 430 215 216
2031 1 2 0 431 216 280
2032 1 2 0 432 216 217
2033 1 2 0 433 217 281
2034 1 2 0 434 217 218
2035 1 2 0 435 218 282
2036 1 2 0 436 218 219
2037 1 2 0 437 219 283
2038 1 2 0 438 219 220
2039 1 2 0 439 220 284
2040 1 2 0 440 220 221
2041 1 2 0 441 221 285
2042 1 2 0 442 221 222
2043 1 2 0 443 222 286
2044 1 2 0 444 222 223
2045 1 2 0 445 223 287
2046 1 2 0 446 223 224
2047 1 2 0 447 224 288
2048 1 2 0 448 224 225
2049 1 2 0 449 225 289
2050 1 2 0 450 225 226
2051 1 2 0 451 226 290
2052 1 2 0 452 226 227
2053 1 2 0 453 227 291
2054 1 2 0 454 227 228
2055 1 2 0 455 228 292
2056 1 2 0 456 228 229
2057 1 2 0 457 229 293
2058 1 2 0 458 229 230
2059 1 2 0 459 230 294
2060 1 2 0 460 230 231
2061 1 2 0 461 231 295
2062 1 2 0 462 231 232
2063 1 2 0 463 232 296
2064 1 2 0 464 232 233
2065 1 2 0 465 233 297
2066 1 2 0 466 233 234
2067 1 2 0 467 234 298
2068 1 2 0 468 234 235
2069 1 2 0 469 235 299
2070 1 2 0 470 235 236
2071 1 2 0 471 236 300
2072 1 2 0 472 236 237
2073 1 2 0 473 237 301
2074 1 2 0 474 237 238
2075 1 2 0 475 238 302
2076 1 2 0 476 238 239
2077 1 2 0 477 239 303
2078 1 2 0 478 239 240
2079 1 2 0 479 240 304
2080 1 2 0 480 240 241
2081 1 2 0 481 241 305
2082 1 2 0 482 241 242
2083 1 2 0 483 242 306
2084 1 2 0 484 242 243
2085 1 2 0 485 243 307
2086 1 2 0 486 243 244
2087 1 2 0 487 244 308
2088 1 2 0 488 244 245
2089 1 2 0 489 245 309
2090 1 2 0 490 245 246
2091 1 2 0 491 246 310
2092 1 2 0 492 246 247
2093 1 2 0 493 247 311
2094 1 2 0 494 247 248
2095 1 2 0 495 248 312
2096 1 2 0 496 248 249
2097 1 2 0 497 249 313
2098 1 2 0 498 249 250
2099 1 2 0 499 250 314
2100 1 2 0 500 250 251
2101 1 2 0 501 251 315
2102 1 2 0 502 251 252
2103 1 2 0 503 252 316
2104 1 2 0 504 252 253
2105 1 2 0 505 253 317
2106 1 2 0 506 253 254
2107 1 2 0 507 254 318
2108 1 2 0 508 254 255
2109 1 2 0 509 255 319
2110 1 2 0 510 255 256
2111 1 2 0 511 256 320
2112 1 2 0 512 256 193
2113 1 2 0 513 257 321
2114 1 2 0 514 257 258
2115 1 2 0 515 258 322
2116 1 2 0 516 258 259
2117 1 2 0 517 259 323
2118 1 2 0 518 259 260
2119 1 2 0 519 260 324
2120 1 2 0 520 260 261
2121 1 2 0 521 261 325
2122 1 2 0 522 261 262
2123 1 2 0 523 262 326
2124 1 2 0 524 262 263
2125 1 2 0 525 263 327
2126 1 2 0 526 263 264
2127 1 2 0 527 264 328
2128 1 2 0 528 264 265
2129 1 2 0 529 265 329
2130 1 2 0 530 265 266
2131 1 2 0 531 266 330
2132 1 2 0 532 266 267
2133 1 2 0 533 267 331
2134 1 2 0 534 267 268
2135 1 2 0 535 268 332
2136 1 2 0 536 268 269
2137 1 2 0 537 269 333
2138 1 2 0 538 269 270
2139 1 2 0 539 270 334
2140 1 2 0 540 270 271
2141 1 2 0 541 271 335
2142 1 2 0 542 271 272
2143 1 2 0 543 272 336
2144 1 2 0 544 272 273
2145 1 2 0 545 273 337
2146 1 2 0 546 273 274
2147 1 2 0 547 274 338
2148 1 2 0 548 274 275
2149 1 2 0 549 275 339
2150 1 2 0 550 275 276
2151 1 2 0 551 276 340
2152 1 2 0 552 276 277
2153 1 2 0 553 277 341
2154 1 2 0 554 277 278
2155 1 2 0 555 278 342
2156 1 2 0 556 278 279
2157 1 2 0 557 279 343
2158 1 2 0 558 279 280
2159 1 2 0 559 280 344
2160 1 2 0 560 280 281
2161 1 2 0 561 281 345
2162 1 2 0 562 281 282
2163 1 2 0 563 282 346
2164 1 2 0 564 282 283
2165 1 2 0 565 283 347
2166 1 2 0 566 283 284
2167 1 2 0 567 284 348
2168 1 2 0 568 284 285
2169 1 2 0 569 285 349
2170 1 2 0 570 285 286
2171 1 2 0 571 286 350
2172 1 2 0 572 286 287
2173 1 2 0 573 287 351
2174 1 2 0 574 287 288
2175 1 2 0 575 288 352
2176 1 2 0 576 288 289
2177 1 2 0 577 289 353
2178 1 2 0 578 289 290
2179 1 2 0 579 290 354
2180 1 2 0 580 290 291
2181 1 2 0 581 291 355
2182 1 2 0 582 291 292
2183 1 2 0 583 292 356
2184 1 2 0 584 292 293
2185 1 2 0 585 293 357
2186 1 2 0 586 293 294
2187 1 2 0 587 294 358
2188 1 2 0 588 294 295
2189 1 2 0 589 295 359
2190 1 2 0 590 295 296
2191 1 2 0 591 296 360
2192 1 2 0 592 296 297
2193 1 2 0 593 297 361
2194 1 2 0 594 297 298
2195 1 2 0 595 298 362
2196 1 2 0 596 298 299
2197 1 2 0 597 299 363
2198 1 2 0 598 299 300
2199 1 2 0 599 300 364
2200 1 2 0 600 300 301
2201 1 2 0 601 301 365
2202 1 2 0 602 301 302
2203 1 2 0 603 302 366
2204 1 2 0 604 302 303
2205 1 2 0 605 303 367
2206 1 2 0 606 303 304
2207 1 2 0 607 304 368
2208 1 2 0 608 304 305
2209 1 2 0 609 305 369
2210 1 2 0 610 305 306
2211 1 2 0 611 306 370
2212 1 2 0 612 306 307
2213 1 2 0 613 307 371
2214 1 2 0 614 307 308
2215 1 2 0 615 308 372
2216 1 2 0 616 308 309
2217 1 2 0 617 309 373
2218 1 2 0 618 309 310
2219 1 2 0 619 310 374
2220 1 2 0 620 310 311
2221 1 2 0 621 311 375
2222 1 2 0 622 311 312
2223 1 2 0 623 312 376
2224 1 2 0 624 312 313
2225 1 2 0 625 313 377
2226 1 2 0 626 313 314
2227 1 2 0 627 314 378
2228 1 2 0 628 314 315
2229 1 2 0 629 315 379
2230 1 2 0 630 315 316
2231 1 2 0 631 316 380
2232 1 2 0 632 316 317
2233 1 2 0 633 317 381
2234 1 2 0 634 317 318
2235 1 2 0 635 318 382
2236 1 2 0 636 318 319
2237 1 2 0 637 319 383
2238 1 2 0 638 319 320
2239 1 2 0 639 320 384
2240 1 2 0 640 320 257
2241 1 2 0 641 321 385
2242 1 2 0 642 321 322
2243 1 2 0 643 322 386
2244 1 2 0 644 322 323
2245 1 2 0 645 323 387
2246 1 2 0 646 323 324
2247 1 2 0 647 324 388
2248 1 2 0 648 324 325
2249 1 2 0 649 325 389
2250 1 2 0 650 325 326
2251 1 2 0 651 326 390
2252 1 2 0 652 326 327
2253 1 2 0 653 327 391
2254 1 2 0 654 327 328
2255 1 2 0 655 328 392
2256 1 2 0 656 328 329
2257 1 2 0 657 329 393
2258 1 2 0 658 329 330
2259 1 2 0 659 330 394
2260 1 2 0 660 330 331
2261 1 2 0 661 331 395
2262 1 2 0 662 331 332
2263 1 2 0 663 332 396
2264 1 2 0 664 332 333
2265 1 2 0 665 333 397
2266 1 2 0 666 333 334
2267 1 2 0 667 334 398
2268 1 2 0 668 334 335
2269 1 2 0 669 335 399
2270 1 2 0 670 335 336
2271 1 2 0 671 336 400
2272 1 2 0 672 336 337
2273 1 2 0 673 337 401
2274 1 2 0 674 337 338
2275 1 2 0 675 338 402
2276 1 2 0 676 338 339
2277 1 2 0 677 339 403
2278 1 2 0 678 339 340
2279 1 2 0 679 340 404
2280 1 2 0 680 340 341
2281 1 2 0 681 341 405
2282 1 2 0 682 341 342
2283 1 2 0 683 342 406
2284 1 2 0 684 342 343
2285 1 2 0 685 343 407
2286 1 2 0 686 343 344
2287 1 2 0 687 344 408
2288 1 2 0 688 344 345
2289 1 2 0 689 345 409
2290 1 2 0 690 345 346
2291 1 2 0 691 346 410
2292 1 2 0 692 346 347
2293 1 2 0 693 347 411
2294 1 2 0 694 347 348
2295 1 2 0 695 348 412
2296 1 2 0 696 348 349
2297 1 2 0 697 349 413
2298 1 2 0 698 349 350
2299 1 2 0 699 350 414
2300 1 2 0 700 350 351
2301 1 2 0 701 351 415
2302 1 2 0 702 351 352
2303 1 2 0 703 352 416
2304 1 2 0 704 352 353
2305 1 2 0 705 353 417
2306 1 2 0 706 353 354
2307 1 2 0 707 354 418
2308 1 2 0 708 354 355
2309 1 2 0 709 355 419
2310 1 2 0 710 355 356
2311 1 2 0 711 356 420
2312 1 2 0 712 356 357
2313 1 2 0 713 357 421
2314 1 2 0 714 357 358
2315 1 2 0 715 358 422
2316 1 2 0 716 358 359
2317 1 2 0 717 359 423
2318 1 2 0 718 359 360
2319 1 2 0 719 360 424
2320 1 2 0 720 360 361
2321 1 2 0 721 361 425
2322 1 2 0 722 361 362
2323 1 2 0 723 362 426
2324 1 2 0 724 362 363
2325 1 2 0 725 363 427
2326 1 2 0 726 363 364
2327 1 2 0 727 364 428
2328 1 2 0 728 364 365
2329 1 2 0 729 365 429
2330 1 2 0 730 365 366
2331 1 2 0 731 366 430
2332 1 2 0 732 366 367
2333 1 2 0 733 367 431
2334 1 2 0 734 367 368
2335 1 2 0 735 368 432
2336 1 2 0 736 368 369
2337 1 2 0 737 369 433
2338 1 2 0 738 369 370
2339 1 2 0 739 370 434
2340 1 2 0 740 370 371
2341 1 2 0 741 371 435
2342 1 2 0 742 371 372
2343 1 2 0 743 372 436
2344 1 2 0 744 372 373
2345 1 2 0 745 373 437
2346 1 2 0 746 373 374
2347 1 2 0 747 374 438
2348 1 2 0 748 374 375
2349 1 2 0 749 375 439
2350 1 2 0 750 375 376
2351 1 2 0 751 376 440
2352 1 2 0 752 376 377
2353 1 2 0 753 377 441
2354 1 2 0 754 377 378
2355 1 2 0 755 378 442
2356 1 2 0 756 378 379
2357 1 2 0 757 379 443
2358 1 2 0 758 379 380
2359 1 2 0 759 380 444
2360 1 2 0 760 380 381
2361 1 2 0 761 381 445
2362 1 2 0 762 381 382
2363 1 2 0 763 382 446
2364 1 2 0 764 382 383
2365 1 2 0 765 383 447
2366 1 2 0 766 383 384
2367 1 2 0 767 384 448
2368 1 2 0 768 384 321
2369 1 2 0 769 385 449
2370 1 2 0 770 385 386
2371 1 2 0 771 386 450
2372 1 2 0 772 386 387
2373 1 2 0 773 387 451
2374 1 2 0 774 387 388
2375 1 2 0 775 388 452
2376 1 2 0 776 388 389
2377 1 2 0 777 389 453
2378 1 2 0 778 389 390
2379 1 2 0 779 390 454
2380 1 2 0 780 390 391
2381 1 2 0 781 391 455
2382 1 2 0 782 391 392
2383 1 2 0 783 392 456
2384 1 2 0 784 392 393
2385 1 2 0 785 393 457
2386 1 2 0 786 393 394
2387 1 2 0 787 394 458
2388 1 2 0 788 394 395
2389 1 2 0 789 395 459
2390 1 2 0 790 395 396
2391 1 2 0 791 396 460
2392 1 2 0 792 396 397
2393 1 2 0 793 397 461
2394 1 2 0 794 397 398
2395 1 2 0 795 398 462
2396 1 2 0 796 398 399
2397 1 2 0 797 399 463
2398 1 2 0 798 399 400
2399 1 2 0 799 400 464
2400 1 2 0 800 400 401
2401 1 2 0 801 401 465
2402 1 2 0 802 401 402
2403 1 2 0 803 402 466
2404 1 2 0 804 402 403
2405 1 2 0 805 403 467
2406 1 2 0 806 403 404
2407 1 2 0 807 404 468
2408 1 2 0 808 404 405
2409 1 2 0 809 405 469
2410 1 2 0 810 405 406
2411 1 2 0 811 406 470
2412 1 2 0 812 406 407
2413 1 2 0 813 407 471
2414 1 2 0 814 407 408
2415 1 2 0 815 408 472
2416 1 2 0 816 408 409
2417 1 2 0 817 409 473
2418 1 2 0 818 409 410
2419 1 2 0 819 410 474
2420 1 2 0 820 410 411
2421 1 2 0 821 411 475
2422 1 2 0 822 411 412
2423 1 2 0 823 412 476
2424 1 2 0 824 412 413
2425 1 2 0 825 413 477
2426 1 2 0 826 413 414
2427 1 2 0 827 414 478
2428 1 2 0 828 414 415
2429 1 2 0 829 415 479
2430 1 2 0 830 415 416
2431 1 2 0 831 416 480
2432 1 2 0 832 416 417
2433 1 2 0 833 417 481
2434 1 2 0 834 417 418
2435 1 2 0 835 418 482
2436 1 2 0 836 418 419
2437 1 2 0 837 419 483
2438 1 2 0 838 419 420
2439 1 2 0 839 420 484
2440 1 2 0 840 420 421
2441 1 2 0 841 421 485
2442 1 2 0 842 421 422
2443 1 2 0 843 422 486
2444 1 2 0 844 422 423
2445 1 2 0 845 423 487
2446 1 2 0 846 423 424
2447 1 2 0 847 424 488
2448 1 2 0 848 424 425
2449 1 2 0 849 425 489
2450 1 2 0 850 425 426
2451 1 2 0 851 426 490
2452 1 2 0 852 426 427
2453 1 2 0 853 427 491
2454 1 2 0 854 427 428
2455 1 2 0 855 428 492
2456 1 2 0 856 428 429
2457 1 2 0 857 429 493
2458 1 2 0 858 429 430
2459 1 2 0 859 430 494
2460 1 2 0 860 430 431
2461 1 2 0 861 431 495
2462 1 2 0 862 431 432
2463 1 2 0 863 432 496
2464 1 2 0 864 432 433
2465 1 2 0 865 433 497
2466 1 2 0 866 433 434
2467 1 2 0 867 434 498
2468 1 2 0 868 434 435
2469 1 2 0 869 435 499
2470 1 2 0 870 435 436
2471 1 2 0 871 436 500
2472 1 2 0 872 436 437
2473 1 2 0 873 437 501
2474 1 2 0 874 437 438
2475 1 2 0 875 438 502
2476 1 2 0 876 438 439
2477 1 2 0 877 439 503
2478 1 2 0 878 439 440
2479 1 2 0 879 440 504
2480 1 2 0 880 440 441
2481 1 2 0 881 441 505
2482 1 2 0 882 441 442
2483 1 2 0 883 442 506
2484 1 2 0 884 442 443
2485 1 2 0 885 443 507
2486 1 2 0 886 443 444
2487 1 2 0 887 444 508
2488 1 2 0 888 444 445
2489 1 2 0 889 445 509
2490 1 2 0 890 445 446
2491 1 2 0 891 446 510
2492 1 2 0 892 446 447
2493 1 2 0 893 447 511
2494 1 2 0 894 447 448
2495 1 2 0 895 448 512
2496 1 2 0 896 448 385
2497 1 2 0 897 449 513
2498 1 2 0 898 449 450
2499 1 2 0 899 450 514
2500 1 2 0 900 450 451
2501 1 2 0 901 451 515
2502 1 2 0 902 451 452
2503 1 2 0 903 452 516
2504 1 2 0 904 452 453
2505 1 2 0 905 453 517
2506 1 2 0 906 453 454
2507 1 2 0 907 454 518
2508 1 2 0 908 454 455
2509 1 2 0 909 455 519
2510 1 2 0 910 455 456
2511 1 2 0 911 456 520
2512 1 2 0 912 456 457
2513 1 2 0 913 457 521
2514 1 2 0 914 457 458
2515 1 2 0 915 458 522
2516 1 2 0 916 458 459
2517 1 2 0 917 459 523
2518 1 2 0 918 459 460
2519 1 2 0 919 460 524
2520 1 2 0 920 460 461
2521 1 2 0 921 461 525
2522 1 2 0 922 461 462
2523 1 2 0 923 462 526
2524 1 2 0 924 462 463
2525 1 2 0 925 463 527
2526 1 2 0 926 463 464
2527 1 2 0 927 464 528
2528 1 2 0 928 464 465
2529 1 2 0 929 465 529
2530 1 2 0 930 465 466
2531 1 2 0 931 466 530
2532 1 2 0 932 466 467
2533 1 2 0 933 467 531
2534 1 2 0 934 467 468
2535 1 2 0 935 468 532
2536 1 2 0 936 468 469
2537 1 2 0 937 469 533
2538 1 2 0 938 469 470
2539 1 2 0 939 470 534
2540 1 2 0 940 470 471
2541 1 2 0 941 471 535
2542 1 2 0 942 471 472
2543 1 2 0 943 472 536
2544 1 2 0 944 472 473
2545 1 2 0 945 473 537
2546 1 2 0 946 473 474
2547 1 2 0 947 474 538
2548 1 2 0 948 474 475
2549 1 2 0 949 475 539
2550 1 2 0 950 475 476
2551 1 2 0 951 476 540
2552 1 2 0 952 476 477
2553 1 2 0 953 477 541
2554 1 2 0 954 477 478
2555 1 2 0 955 478 542
2556 1 2 0 956 478 479
2557 1 2 0 957 479 543
2558 1 2 0 958 479 480
2559 1 2 0 959 480 544
2560 1 2 0 960 480 481
2561 1 2 0 961 481 545
2562 1 2 0 962 481 482
2563 1 2 0 963 482 546
2564 1 2 0 964 482 483
2565 1 2 0 965 483 547
2566 1 2 0 966 483 484
2567 1 2 0 967 484 548
2568 1 2 0 968 484 485
2569 1 2 0 969 485 549
2570 1 2 0 970 485 486
2571 1 2 0 971 486 550
2572 1 2 0 972 486 487
2573 1 2 0 973 487 551
2574 1 2 0 974 487 488
2575 1 2 0 975 488 552
2576 1 2 0 976 488 489
2577 1 2 0 977 489 553
2578 1 2 0 978 489 490
2579 1 2 0 979 490 554
2580 1 2 0 980 490 491
2581 1 2 0 981 491 555
2582 1 2 0 982 491 492
2583 1 2 0 983 492 556
2584 1 2 0 984 492 493
2585 1 2 0 985 493 557
2586 1 2 0 986 493 494
2587 1 2 0 987 494 558
2588 1 2 0 988 494 495
2589 1 2 0 989 495 559
2590 1 2 0 990 495 496
2591 1 2 0 991 496 560
2592 1 2 0 992 496 497
2593 1 2 0 993 497 561
2594 1 2 0 994 497 498
2595 1 2 0 995 498 562
2596 1 2 0 996 498 499
2597 1 2 0 997 499 563
2598 1 2 0 998 499 500
2599 1 2 0 999 500 564
2600 1 2 0 1000 500 501
2601 1 2 0 1001 501 565
2602 1 2 0 1002 501 502
2603 1 2 0 1003 502 566
2604 1 2 0 1004 502 503
2605 1 2 0 1005 503 567
2606 1 2 0 1006 503 504
2607 1 2 0 1007 504 568
2608 1 2 0 1008 504 505
2609 1 2 0 1009 505 569
2610 1 2 0 1010 505 506
2611 1 2 0 1011 506 570
2612 1 2 0 1012 506 507
2613 1 2 0 1013 507 571
2614 1 2 0 1014 507 508
2615 1 2 0 1015 508 572
2616 1 2 0 1016 508 509
2617 1 2 0 1017 509 573
2618 1 2 0 1018 509 510
2619 1 2 0 1019 510 574
2620 1 2 0 1020 510 511
2621 1 2 0 1021 511 575
2622 1 2 0 1022 511 512
2623 1 2 0 1023 512 576
2624 1 2 0 1024 512 449
2625 1 2 0 1025 513 577
2626 1 2 0 1026 513 514
2627 1 2 0 1027 514 578
2628 1 2 0 1028 514 515
2629 1 2 0 1029 515 579
2630 1 2 0 1030 515 516
2631 1 2 0 1031 516 580
2632 1 2 0 1032 516 517
2633 1 2 0 1033 517 581
2634 1 2 0 1034 517 518
2635 1 2 0 1035 518 582
2636 1 2 0 1036 518 519
2637 1 2 0 1037 519 583
2638 1 2 0 1038 519 520
2639 1 2 0 1039 520 584
2640 1 2 0 1040 520 521
2641 1 2 0 1041 521 585
2642 1 2 0 1042 521 522
2643 1 2 0 1043 522 586
2644 1 2 0 1044 522 523
2645 1 2 0 1045 523 587
2646 1 2 0 1046 523 524
2647 1 2 0 1047 524 588
2648 1 2 0 1048 524 525
2649 1 2 0 1049 525 589
2650 1 2 0 1050 525 526
2651 1 2 0 1051 526 590
2652 1 2 0 1052 526 527
2653 1 2 0 1053 527 591
2654 1 2 0 1054 527 528
2655 1 2 0 1055 528 592
2656 1 2 0 1056 528 529
2657 1 2 0 1057 529 593
2658 1 2 0 1058 529 530
2659 1 2 0 1059 530 594
2660 1 2 0 1060 530 531
2661 1 2 0 1061 531 595
2662 1 2 0 1062 531 532
2663 1 2 0 1063 532 596
2664 1 2 0 1064 532 533
2665 1 2 0 1065 533 597
2666 1 2 0 1066 533 534
2667 1 2 0 1067 534 598
2668 1 2 0 1068 534 535
2669 1 2 0 1069 535 599
2670 1 2 0 1070 535 536
2671 1 2 0 1071 536 600
2672 1 2 0 1072 536 537
2673 1 2 0 1073 537 601
2674 1 2 0 1074 537 538
2675 1 2 0 1075 538 602
2676 1 2 0 1076 538 539
2677 1 2 0 1077 539 603
2678 1 2 0 1078 539 540
2679 1 2 0 1079 540 604
2680 1 2 0 1080 540 541
2681 1 2 0 1081 541 605
2682 1 2 0 1082 541 542
2683 1 2 0 1083 542 606
2684 1 2 0 1084 542 543
2685 1 2 0 1085 543 607
2686 1 2 0 1086 543 544
2687 1 2 0 1087 544 608
2688 1 2 0 1088 544 545
2689 1 2 0 1089 545 609
2690 1 2 0 1090 545 546
2691 1 2 0 1091 546 610
2692 1 2 0 1092 546 547
2693 1 2 0 1093 547 611
2694 1 2 0 1094 547 548
2695 1 2 0 1095 548 612
2696 1 2 0 1096 548 549
2697 1 2 0 1097 549 613
2698 1 2 0 1098 549 550
2699 1 2 0 1099 550 614
2700 1 2 0 1100 550 551
2701 1 2 0 1101 551 615
2702 1 2 0 1102 551 552
2703 1 2 0 1103 552 616
2704 1 2 0 1104 552 553
2705 1 2 0 1105 553 617
2706 1 2 0 1106 553 554
2707 1 2 0 1107 554 618
2708 1 2 0 1108 554 555
2709 1 2 0 1109 555 619
2710 1 2 0 1110 555 556
2711 1 2 0 1111 556 620
2712 1 2 0 1112 556 557
2713 1 2 0 1113 557 621
2714 1 2 0 1114 557 558
2715 1 2 0 1115 558 622
2716 1 2 0 1116 558 559
2717 1 2 0 1117 559 623
2718 1 2 0 1118 559 560
2719 1 2 0 1119 560 624
2720 1 2 0 1120 560 561
2721 1 2 0 1121 561 625
2722 1 2 0 1122 561 562
2723 1 2 0 1123 562 626
2724 1 2 0 1124 562 563
2725 1 2 0 1125 563 627
2726 1 2 0 1126 563 564
2727 1 2 0 1127 564 628
2728 1 2 0 1128 564 565
2729 1 2 0 1129 565 629
2730 1 2 0 1130 565 566
2731 1 2 0 1131 566 630
2732 1 2 0 1132 566 567
2733 1 2 0 1133 567 631
2734 1 2 0 1134 567 568
2735 1 2 0 1135 568 632
2736 1 2 0 1136 568 569
2737 1 2 0 1137 569 633
2738 1 2 0 1138 569 570
2739 1 2 0 1139 570 634
2740 1 2 0 1140 570 571
2741 1 2 0 1141 571 635
2742 1 2 0 1142 571 572
2743 1 2 0 1143 572 636
2744 1 2 0 1144 572 573
2745 1 2 0 1145 573 637
2746 1 2 0 1146 573 574
2747 1 2 0 1147 574 638
2748 1 2 0 1148 574 575
2749 1 2 0 1149 575 639
2750 1 2 0 1150 575 576
2751 1 2 0 1151 576 640
2752 1 2 0 1152 576 513
2753 1 2 0 1153 577 641
2754 1 2 0 1154 577 578
2755 1 2 0 1155 578 642
2756 1 2 0 1156 578 579
2757 1 2 0 1157 579 643
2758 1 2 0 1158 579 580
2759 1 2 0 1159 580 644
2760 1 2 0 1160 580 581
2761 1 2 0 1161 581 645
2762 1 2 0 1162 581 582
2763 1 2 0 1163 582 646
2764 1 2 0 1164 582 583
2765 1 2 0 1165 583 647
2766 1 2 0 1166 583 584
2767 1 2 0 1167 584 648
2768 1 2 0 1168 584 585
2769 1 2 0 1169 585 649
2770 1 2 0 1170 585 586
2771 1 2 0 1171 586 650
2772 1 2 0 1172 586 587
2773 1 2 0 1173 587 651
2774 1 2 0 1174 587 588
2775 1 2 0 1175 588 652
2776 1 2 0 1176 588 589
2777 1 2 0 1177 589 653
2778 1 2 0 1178 589 590
2779 1 2 0 1179 590 654
2780 1 2 0 1180 590 591
2781 1 2 0 1181 591 655
2782 1 2 0 1182 591 592
2783 1 2 0 1183 592 656
2784 1 2 0 1184 592 593
2785 1 2 0 1185 593 657
2786 1 2 0 1186 593 594
2787 1 2 0 1187 594 658
2788 1 2 0 1188 594 595
2789 1 2 0 1189 595 659
2790 1 2 0 1190 595 596
2791 1 2 0 1191 596 660
2792 1 2 0 1192 596 597
2793 1 2 0 1193 597 661
2794 1 2 0 1194 597 598
2795 1 2 0 1195 598 662
2796 1 2 0 1196 598 599
2797 1 2 0 1197 599 663
2798 1 2 0 1198 599 600
2799 1 2 0 1199 600 664
2800 1 2 0 1200 600 601
2801 1 2 0 1201 601 665
2802 1 2 0 1202 601 602
2803 1 2 0 1203 602 666
2804 1 2 0 1204 602 603
2805 1 2 0 1205 603 667
2806 1 2 0 1206 603 604
2807 1 2 0 1207 604 668
2808 1 2 0 1208 604 605
2809 1 2 0 1209 605 669
2810 1 2 0 1210 605 606
2811 1 2 0 1211 606 670
2812 1 2 0 1212 606 607
2813 1 2 0 1213 607 671
2814 1 2 0 1214 607 608
2815 1 2 0 1215 608 672
2816 1 2 0 1216 608 609
2817 1 2 0 1217 609 673
2818 1 2 0 1218 609 610
2819 1 2 0 1219 610 674
2820 1 2 0 1220 610 611
2821 1 2 0 1221 611 675
2822 1 2 0 1222 611 612
2823 1 2 0 1223 612 676
2824 1 2 0 1224 612 613
2825 1 2 0 1225 613 677
2826 1 2 0 1226 613 614
2827 1 2 0 1227 614 678
2828 1 2 0 1228 614 615
2829 1 2 0 1229 615 679
2830 1 2 0 1230 615 616
2831 1 2 0 1231 616 680
2832 1 2 0 1232 616 617
2833 1 2 0 1233 617 681
2834 1 2 0 1234 617 618
2835 1 2 0 1235 618 682
2836 1 2 0 1236 618 619
2837 1 2 0 1237 619 683
2838 1 2 0 1238 619 620
2839 1 2 0 1239 620 684
2840 1 2 0 1240 620 621
2841 1 2 0 1241 621 685
2842 1 2 0 1242 621 622
2843 1 2 0 1243 622 686
2844 1 2 0 1244 622 623
2845 1 2 0 1245 623 687
2846 1 2 0 1246 623 624
2847 1 2 0 1247 624 688
2848 1 2 0 1248 624 625
2849 1 2 0 1249 625 689
2850 1 2 0 1250 625 626
2851 1 2 0 1251 626 690
2852 1 2 0 1252 626 627
2853 1 2 0 1253 627 691
2854 1 2 0 1254 627 628
2855 1 2 0 1255 628 692
2856 1 2 0 1256 628 629
2857 1 2 0 1257 629 693
2858 1 2 0 1258 629 630
2859 1 2 0 1259 630 694
2860 1 2 0 1260 630 631
2861 1 2 0 1261 631 695
2862 1 2 0 1262 631 632
2863 1 2 0 1263 632 696
2864 1 2 0 1264 632 633
2865 1 2 0 1265 633 697
2866 1 2 0 1266 633 634
2867 1 2 0 1267 634 698
2868 1 2 0 1268 634 635
2869 1 2 0 1269 635 699
2870 1 2 0 1270 635 636
2871 1 2 0 1271 636 700
2872 1 2 0 1272 636 637
2873 1 2 0 1273 637 701
2874 1 2 0 1274 637 638
2875 1 2 0 1275 638 702
2876 1 2 0 1276 638 639
2877 1 2 0 1277 639 703
2878 1 2 0 1278 639 640
2879 1 2 0 1279 640 704
2880 1 2 0 1280 640 577
2881 1 2 0 1281 641 705
2882 1 2 0 1282 641 642
2883 1 2 0 1283 642 706
2884 1 2 0 1284 642 643
2885 1 2 0 1285 643 707
2886 1 2 0 1286 643 644
2887 1 2 0 1287 644 708
2888 1 2 0 1288 644 645
2889 1 2 0 1289 645 709
2890 1 2 0 1290 645 646
2891 1 2 0 1291 646 710
2892 1 2 0 1292 646 647
2893 1 2 0 1293 647 711
2894 1 2 0 1294 647 648
2895 1 2 0 1295 648 712
2896 1 2 0 1296 648 649
2897 1 2 0 1297 649 713
2898 1 2 0 1298 649 650
2899 1 2 0 1299 650 714
2900 1 2 0 1300 650 651
2901 1 2 0 1301 651 715
2902 1 2 0 1302 651 652
2903 1 2 0 1303 652 716
2904 1 2 0 1304 652 653
2905 1 2 0 1305 653 717
2906 1 2 0 1306 653 654
2907 1 2 0 1307 654 718
2908 1 2 0 1308 654 655
2909 1 2 0 1309 655 719
2910 1 2 0 1310 655 656
2911 1 2 0 1311 656 720
2912 1 2 0 1312 656 657
2913 1 2 0 1313 657 721
2914 1 2 0 1314 657 658
2915 1 2 0 1315 658 722
2916 1 2 0 1316 658 659
2917 1 2 0 1317 659 723
2918 1 2 0 1318 659 660
2919 1 2 0 1319 660 724
2920 1 2 0 1320 660 661
2921 1 2 0 1321 661 725
2922 1 2 0 1322 661 662
2923 1 2 0 1323 662 726
2924 1 2 0 1324 662 663
2925 1 2 0 1325 663 727
2926 1 2 0 1326 663 664
2927 1 2 0 1327 664 728
2928 1 2 0 1328 664 665
2929 1 2 0 1329 665 729
2930 1 2 0 1330 665 666
2931 1 2 0 1331 666 730
2932 1 2 0 1332 666 667
2933 1 2 0 1333 667 731
2934 1 2 0 1334 667 668
2935 1 2 0 1335 668 732
2936 1 2 0 1336 668 669
2937 1 2 0 1337 669 733
2938 1 2 0 1338 669 670
2939 1 2 0 1339 670 734
2940 1 2 0 1340 670 671
2941 1 2 0 1341 671 735
2942 1 2 0 1342 671 672
2943 1 2 0 1343 672 736
2944 1 2 0 1344 672 673
2945 1 2 0 1345 673 737
2946 1 2 0 1346 673 674
2947 1 2 0 1347 674 738
2948 1 2 0 1348 674 675
2949 1 2 0 1349 675 739
2950 1 2 0 1350 675 676
2951 1 2 0 1351 676 740
2952 1 2 0 1352 676 677
2953 1 2 0 1353 677 741
2954 1 2 0 1354 677 678
2955 1 2 0 1355 678 742
2956 1 2 0 1356 678 679
2957 1 2 0 1357 679 743
2958 1 2 0 1358 679 680
2959 1 2 0 1359 680 744
2960 1 2 0 1360 680 681
2961 1 2 0 1361 681 745
2962 1 2 0 1362 681 682
2963 1 2 0 1363 682 746
2964 1 2 0 1364 682 683
2965 1 2 0 1365 683 747
2966 1 2 0 1366 683 684
2967 1 2 0 1367 684 748
2968 1 2 0 1368 684 685
2969 1 2 0 1369 685 749
2970 1 2 0 1370 685 686
2971 1 2 0 1371 686 750
2972 1 2 0 1372 686 687
2973 1 2 0 1373 687 751
2974 1 2 0 1374 687 688
2975 1 2 0 1375 688 752
2976 1 2 0 1376 688 689
2977 1 2 0 1377 689 753
2978 1 2 0 1378 689 690
2979 1 2 0 1379 690 754
2980 1 2 0 1380 690 691
2981 1 2 0 1381 691 755
2982 1 2 0 1382 691 692
2983 1 2 0 1383 692 756
2984 1 2 0 1384 692 693
2985 1 2 0 1385 693 757
2986 1 2 0 1386 693 694
2987 1 2 0 1387 694 758
2988 1 2 0 1388 694 695
2989 1 2 0 1389 695 759
2990 1 2 0 1390 695 696
2991 1 2 0 1391 696 760
2992 1 2 0 1392 696 697
2993 1 2 0 1393 697 761
2994 1 2 0 1394 697 698
2995 1 2 0 1395 698 762
2996 1 2 0 1396 698 699
2997 1 2 0 1397 699 763
2998 1 2 0 1398 699 700
2999 1 2 0 1399 700 764
3000 1 2 0 1400 700 701
3001 1 2 0 1401 701 765
3002 1 2 0 1402 701 702
3003 1 2 0 1403 702 766
3004 1 2 0 1404 702 703
3005 1 2 0 1405 703 767
3006 1 2 0 1406 703 704
3007 1 2 0 1407 704 768
3008 1 2 0 1408 704 641
3009 1 2 0 1409 705 769
3010 1 2 0 1410 705 706
3011 1 2 0 1411 706 770
3012 1 2 0 1412 706 707
3013 1 2 0 1413 707 771
3014 1 2 0 1414 707 708
3015 1 2 0 1415 708 772
3016 1 2 0 1416 708 709
3017 1 2 0 1417 709 773
3018 1 2 0 1418 709 710
3019 1 2 0 1419 710 774
3020 1 2 0 1420 710 711
3021 1 2 0 1421 711 775
3022 1 2 0 1422 711 712
3023 1 2 0 1423 712 776
3024 1 2 0 1424 712 713
3025 1 2 0 1425 713 777
3026 1 2 0 1426 713 714
3027 1 2 0 1427 714 778
3028 1 2 0 1428 714 715
3029 1 2 0 1429 715 779
3030 1 2 0 1430 715 716
3031 1 2 0 1431 716 780
3032 1 2 0 1432 716 717
3033 1 2 0 1433 717 781
3034 1 2 0 1434 717 718
3035 1 2 0 1435 718 782
3036 1 2 0 1436 718 719
3037 1 2 0 1437 719 783
3038 1 2 0 1438 719 720
3039 1 2 0 1439 720 784
3040 1 2 0 1440 720 721
3041 1 2 0 1441 721 785
3042 1 2 0 1442 721 722
3043 1 2 0 1443 722 786
3044 1 2 0 1444 722 723
3045 1 2 0 1445 723 787
3046 1 2 0 1446 723 724
3047 1 2 0 1447 724 788
3048 1 2 0 1448 724 725
3049 1 2 0 1449 725 789
3050 1 2 0 1450 725 726
3051 1 2 0 1451 726 790
3052 1 2 0 1452 726 727
3053 1 2 0 1453 727 791
3054 1 2 0 1454 727 728
3055 1 2 0 1455 728 792
3056 1 2 0 1456 728 729
3057 1 2 0 1457 729 793
3058 1 2 0 1458 729 730
3059 1 2 0 1459 730 794
3060 1 2 0 1460 730 731
3061 1 2 0 1461 731 795
3062 1 2 0 1462 731 732
3063 1 2 0 1463 732 796
3064 1 2 0 1464 732 733
3065 1 2 0 1465 733 797
3066 1 2 0 1466 733 734
3067 1 2 0 1467 734 798
3068 1 2 0 1468 734 735
3069 1 2 0 1469 735 799
3070 1 2 0 1470 735 736
3071 1 2 0 1471 736 800
3072 1 2 0 1472 736 737
3073 1 2 0 1473 737 801
3074 1 2 0 1474 737 738
3075 1 2 0 1475 738 802
3076 1 2 0 1476 738 739
3077 1 2 0 1477 739 803
3078 1 2 0 1478 739 740
3079 1 2 0 1479 740 804
3080 1 2 0 1480 740 741
3081 1 2 0 1481 741 805
3082 1 2 0 1482 741 742
3083 1 2 0 1483 742 806
3084 1 2 0 1484 742 743
3085 1 2 0 1485 743 807
3086 1 2 0 1486 743 744
3087 1 2 0 1487 744 808
3088 1 2 0 1488 744 745
3089 1 2 0 1489 745 809
3090 1 2 0 1490 745 746
3091 1 2 0 1491 746 810
3092 1 2 0 1492 746 747
3093 1 2 0 1493 747 811
3094 1 2 0 1494 747 748
3095 1 2 0 1495 748 812
3096 1 2 0 1496 748 749
3097 1 2 0 1497 749 813
3098 1 2 0 1498 749 750
3099 1 2 0 1499 750 814
3100 1 2 0 1500 750 751
3101 1 2 0 1501 751 815
3102 1 2 0 1502 751 752
3103 1 2 0 1503 752 816
3104 1 2 0 1504 752 753
3105 1 2 0 1505 753 817
3106 1 2 0 1506 753 754
3107 1 2 0 1507 754 818
3108 1 2 0 1508 754 755
3109 1 2 0 1509 755 819
3110 1 2 0 1510 755 756
3111 1 2 0 1511 756 820
3112 1 2 0 1512 756 757
3113 1 2 0 1513 757 821
3114 1 2 0 1514 757 758
3115 1 2 0 1515 758 822
3116 1 2 0 1516 758 759
3117 1 2 0 1517 759 823
3118 1 2 0 1518 759 760
3119 1 2 0 1519 760 824
3120 1 2 0 1520 760 761
3121 1 2 0 1521 761 825
3122 1 2 0 1522 761 762
3123 1 2 0 1523 762 826
3124 1 2 0 1524 762 763
3125 1 2 0 1525 763 827
3126 1 2 0 1526 763 764
3127 1 2 0 1527 764 828
3128 1 2 0 1528 764 765
3129 1 2 0 1529 765 829
3130 1 2 0 1530 765 766
3131 1 2 0 1531 766 830
3132 1 2 0 1532 766 767
3133 1 2 0 1533 767 831
3134 1 2 0 1534 767 768
3135 1 2 0 1535 768 832
3136 1 2 0 1536 768 705
3137 1 2 0 1537 769 833
3138 1 2 0 1538 769 770
3139 1 2 0 1539 770 834
3140 1 2 0 1540 770 771
3141 1 2 0 1541 771 835
3142 1 2 0 1542 771 772
3143 1 2 0 1543 772 836
3144 1 2 0 1544 772 773
3145 1 2 0 1545 773 837
3146 1 2 0 1546 773 774
3147 1 2 0 1547 774 838
3148 1 2 0 1548 774 775
3149 1 2 0 1549 775 839
3150 1 2 0 1550 775 776
3151 1 2 0 1551 776 840
3152 1 2 0 1552 776 777
3153 1 2 0 1553 777 841
3154 1 2 0 1554 777 778
3155 1 2 0 1555 778 842
3156 1 2 0 1556 778 779
3157 1 2 0 1557 779 843
3158 1 2 0 1558 779 780
3159 1 2 0 1559 780 844
3160 1 2 0 1560 780 781
3161 1 2 0 1561 781 845
3162 1 2 0 1562 781 782
3163 1 2 0 1563 782 846
3164 1 2 0 1564 782 783
3165 1 2 0 1565 783 847
3166 1 2 0 1566 783 784
3167 1 2 0 1567 784 848
3168 1 2 0 1568 784 785
3169 1 2 0 1569 785 849
3170 1 2 0 1570 785 786
3171 1 2 0 1571 786 850
3172 1 2 0 1572 786 787
3173 1 2 0 1573 787 851
3174 1 2 0 1574 787 788
3175 1 2 0 1575 788 852
3176 1 2 0 1576 788 789
3177 1 2 0 1577 789 853
3178 1 2 0 1578 789 790
3179 1 2 0 1579 790 854
3180 1 2 0 1580 790 791
3181 1 2 0 1581 791 855
3182 1 2 0 1582 791 792
3183 1 2 0 1583 792 856
3184 1 2 0 1584 792 793
3185 1 2 0 1585 793 857
3186 1 2 0 1586 793 794
3187 1 2 0 1587 794 858
3188 1 2 0 1588 794 795
3189 1 2 0 1589 795 859
3190 1 2 0 1590 795 796
3191 1 2 0 1591 796 860
3192 1 2 0 1592 796 797
3193 1 2 0 1593 797 861
3194 1 2 0 1594 797 798
3195 1 2 0 1595 798 862
3196 1 2 0 1596 798 799
3197 1 2 0 1597 799 863
3198 1 2 0 1598 799 800
3199 1 2 0 1599 800 864
3200 1 2 0 1600 800 801
3201 1 2 0 1601 801 865
3202 1 2 0 1602 801 802
3203 1 2 0 1603 802 866
3204 1 2 0 1604 802 803
3205 1 2 0 1605 803 867
3206 1 2 0 1606 803 804
3207 1 2 0 1607 804 868
3208 1 2 0 1608 804 805
3209 1 2 0 1609 805 869
3210 1 2 0 1610 805 806
3211 1 2 0 1611 806 870
3212 1 2 0 1612 806 807
3213 1 2 0 1613 807 871
3214 1 2 0 1614 807 808
3215 1 2 0 1615 808 872
3216 1 2 0 1616 808 809
3217 1 2 0 1617 809 873
3218 1 2 0 1618 809 810
3219 1 2 0 1619 810 874
3220 1 2 0 1620 810 811
3221 1 2 0 1621 811 875
3222 1 2 0 1622 811 812
3223 1 2 0 1623 812 876
3224 1 2 0 1624 812 813
3225 1 2 0 1625 813 877
3226 1 2 0 1626 813 814
3227 1 2 0 1627 814 878
3228 1 2 0 1628 814 815
3229 1 2 0 1629 815 879
3230 1 2 0 1630 815 816
3231 1 2 0 1631 816 880
3232 1 2 0 1632 816 817
3233 1 2 0 1633 817 881
3234 1 2 0 1634 817 818
3235 1 2 0 1635 818 882
3236 1 2 0 1636 818 819
3237 1 2 0 1637 819 883
3238 1 2 0 1638 819 820
3239 1 2 0 1639 820 884
3240 1 2 0 1640 820 821
3241 1 2 0 1641 821 885
3242 1 2 0 1642 821 822
3243 1 2 0 1643 822 886
3244 1 2 0 1644 822 823
3245 1 2 0 1645 823 887
3246 1 2 0 1646 823 824
3247 1 2 0 1647 824 888
3248 1 2 0 1648 824 825
3249 1 2 0 1649 825 889
3250 1 2 0 1650 825 826
3251 1 2 0 1651 826 890
3252 1 2 0 1652 826 827
3253 1 2 0 1653 827 891
3254 1 2 0 1654 827 828
3255 1 2 0 1655 828 892
3256 1 2 0 1656 828 829
3257 1 2 0 1657 829 893
3258 1 2 0 1658 829 830
3259 1 2 0 1659 830 894
3260 1 2 0 1660 830 831
3261 1 2 0 1661 831 895
3262 1 2 0 1662 831 832
3263 1 2 0 1663 832 896
3264 1 2 0 1664 832 769
3265 1 2 0 1665 833 897
3266 1 2 0 1666 833 834
3267 1 2 0 1667 834 898
3268 1 2 0 1668 834 835
3269 1 2 0 1669 835 899
3270 1 2 0 1670 835 836
3271 1 2 0 1671 836 900
3272 1 2 0 1672 836 837
3273 1 2 0 1673 837 901
3274 1 2 0 1674 837 838
3275 1 2 0 1675 838 1601
3276 1 2 0 1675 1601 902
3277 1 2 0 1676 838 839
3278 1 2 0 1677 839 1602
3279 1 2 0 1677 1602 903
3280 1 2 0 1678 839 840
3281 1 2 0 1679 840 1603
3282 1 2 0 1679 1603 904
3283 1 2 0 1680 840 841
3284 1 2 0 1681 841 1604
3285 1 2 0 1681 1604 905
3286 1 2 0 1682 841 842
3287 1 2 0 1683 842 1605
3288 1 2 0 1683 1605 906
3289 1 2 0 1684 842 843
3290 1 2 0 1685 843 1606
3291 1 2 0 1685 1606 907
3292 1 2 0 1686 843 844
3293 1 2 0 1687 844 908
3294 1 2 0 1688 844 845
3295 1 2 0 1689 845 909
3296 1 2 0 1690 845 846
3297 1 2 0 1691 846 910
3298 1 2 0 1692 846 847
3299 1 2 0 1693 847 911
3300 1 2 0 1694 847 848
3301 1 2 0 1695 848 912
3302 1 2 0 1696 848 849
3303 1 2 0 1697 849 913
3304 1 2 0 1698 849 850
3305 1 2 0 1699 850 914
3306 1 2 0 1700 850 851
3307 1 2 0 1701 851 915
3308 1 2 0 1702 851 852
3309 1 2 0 1703 852 916
3310 1 2 0 1704 852 853
3311 1 2 0 1705 853 917
3312 1 2 0 1706 853 854
3313 1 2 0 1707 854 918
3314 1 2 0 1708 854 855
3315 1 2 0 1709 855 1607
3316 1 2 0 1709 1607 919
3317 1 2 0 1710 855 856
3318 1 2 0 1711 856 1608
3319 1 2 0 1711 1608 920
3320 1 2 0 1712 856 857
3321 1 2 0 1713 857 1609
3322 1 2 0 1713 1609 921
3323 1 2 0 1714 857 858
3324 1 2 0 1715 858 1610
3325 1 2 0 1715 1610 922
3326 1 2 0 1716 858 859
3327 1 2 0 1717 859 1611
3328 1 2 0 1717 1611 923
3329 1 2 0 1718 859 860
3330 1 2 0 1719 860 1612
3331 1 2 0 1719 1612 924
3332 1 2 0 1720 860 861
3333 1 2 0 1721 861 925
3334 1 2 0 1722 861 862
3335 1 2 0 1723 862 926
3336 1 2 0 1724 862 863
3337 1 2 0 1725 863 927
3338 1 2 0 1726 863 864
3339 1 2 0 1727 864 928
3340 1 2 0 1728 864 865
3341 1 2 0 1729 865 929
3342 1 2 0 1730 865 866
3343 1 2 0 1731 866 930
3344 1 2 0 1732 866 867
3345 1 2 0 1733 867 931
3346 1 2 0 1734 867 868
3347 1 2 0 1735 868 932
3348 1 2 0 1736 868 869
3349 1 2 0 1737 869 933
3350 1 2 0 1738 869 870
3351 1 2 0 1739 870 1613
3352 1 2 0 1739 1613 934
3353 1 2 0 1740 870 871
3354 1 2 0 1741 871 1614
3355 1 2 0 1741 1614 935
3356 1 2 0 1742 871 872
3357 1 2 0 1743 872 1615
3358 1 2 0 1743 1615 936
3359 1 2 0 1744 872 873
3360 1 2 0 1745 873 1616
3361 1 2 0 1745 1616 937
3362 1 2 0 1746 873 874
3363 1 2 0 1747 874 1617
3364 1 2 0 1747 1617 938
3365 1 2 0 1748 874 875
3366 1 2 0 1749 875 1618
3367 1 2 0 1749 1618 939
3368 1 2 0 1750 875 876
3369 1 2 0 1751 876 940
3370 1 2 0 1752 876 877
3371 1 2 0 1753 877 941
3372 1 2 0 1754 877 878
3373 1 2 0 1755 878 942
3374 1 2 0 1756 878 879
3375 1 2 0 1757 879 943
3376 1 2 0 1758 879 880
3377 1 2 0 1759 880 944
3378 1 2 0 1760 880 881
3379 1 2 0 1761 881 945
3380 1 2 0 1762 881 882
3381 1 2 0 1763 882 946
3382 1 2 0 1764 882 883
3383 1 2 0 1765 883 947
3384 1 2 0 1766 883 884
3385 1 2 0 1767 884 948
3386 1 2 0 1768 884 885
3387 1 2 0 1769 885 949
3388 1 2 0 1770 885 886
3389 1 2 0 1771 886 950
3390 1 2 0 1772 886 887
3391 1 2 0 1773 887 1619
3392 1 2 0 1773 1619 951
3393 1 2 0 1774 887 888
3394 1 2 0 1775 888 1620
3395 1 2 0 1775 1620 952
3396 1 2 0 1776 888 889
3397 1 2 0 1777 889 1621
3398 1 2 0 1777 1621 953
3399 1 2 0 1778 889 890
3400 1 2 0 1779 890 1622
3401 1 2 0 1779 1622 954
3402 1 2 0 1780 890 891
3403 1 2 0 1781 891 1623
3404 1 2 0 1781 1623 955
3405 1 2 0 1782 891 892
3406 1 2 0 1783 892 1624
3407 1 2 0 1783 1624 956
3408 1 2 0 1784 892 893
3409 1 2 0 1785 893 957
3410 1 2 0 1786 893 894
3411 1 2 0 1787 894 958
3412 1 2 0 1788 894 895
3413 1 2 0 1789 895 959
3414 1 2 0 1790 895 896
3415 1 2 0 1791 896 960
3416 1 2 0 1792 896 833
3417 1 2 0 1793 897 961
3418 1 2 0 1794 897 898
3419 1 2 0 1795 898 962
3420 1 2 0 1796 898 899
3421 1 2 0 1797 899 963
3422 1 2 0 1798 899 900
3423 1 2 0 1799 900 964
3424 1 2 0 1800 900 901
3425 1 2 0 1801 901 1625
3426 1 2 0 1801 1625 965
3427 1 2 0 1802 901 902
3428 1 2 0 1803 902 1626
3429 1 2 0 1803 1626 966
3430 1 2 0 1804 902 903
3431 1 2 0 1805 903 1627
3432 1 2 0 1805 1627 967
3433 1 2 0 1806 903 904
3434 1 2 0 1807 904 1628
3435 1 2 0 1807 1628 968
3436 1 2 0 1808 904 905
3437 1 2 0 1809 905 1629
3438 1 2 0 1809 1629 969
3439 1 2 0 1810 905 906
3440 1 2 0 1811 906 1630
3441 1 2 0 1811 1630 970
3442 1 2 0 1812 906 907
3443 1 2 0 1813 907 1631
3444 1 2 0 1813 1631 971
3445 1 2 0 1814 907 908
3446 1 2 0 1815 908 1632
3447 1 2 0 1815 1632 972
3448 1 2 0 1816 908 909
3449 1 2 0 1817 909 973
3450 1 2 0 1818 909 910
3451 1 2 0 1819 910 974
3452 1 2 0 1820 910 911
3453 1 2 0 1821 911 975
3454 1 2 0 1822 911 912
3455 1 2 0 1823 912 976
3456 1 2 0 1824 912 913
3457 1 2 0 1825 913 977
3458 1 2 0 1826 913 914
3459 1 2 0 1827 914 978
3460 1 2 0 1828 914 915
3461 1 2 0 1829 915 979
3462 1 2 0 1830 915 916
3463 1 2 0 1831 916 980
3464 1 2 0 1832 916 917
3465 1 2 0 1833 917 981
3466 1 2 0 1834 917 918
3467 1 2 0 1835 918 1633
3468 1 2 0 1835 1633 982
3469 1 2 0 1836 918 919
3470 1 2 0 1837 919 1634
3471 1 2 0 1837 1634 983
3472 1 2 0 1838 919 920
3473 1 2 0 1839 920 1635
3474 1 2 0 1839 1635 984
3475 1 2 0 1840 920 921
3476 1 2 0 1841 921 1636
3477 1 2 0 1841 1636 985
3478 1 2 0 1842 921 922
3479 1 2 0 1843 922 1637
3480 1 2 0 1843 1637 986
3481 1 2 0 1844 922 923
3482 1 2 0 1845 923 1638
3483 1 2 0 1845 1638 987
3484 1 2 0 1846 923 924
3485 1 2 0 1847 924 1639
3486 1 2 0 1847 1639 988
3487 1 2 0 1848 924 925
3488 1 2 0 1849 925 1640
3489 1 2 0 1849 1640 989
3490 1 2 0 1850 925 926
3491 1 2 0 1851 926 990
3492 1 2 0 1852 926 927
3493 1 2 0 1853 927 991
3494 1 2 0 1854 927 928
3495 1 2 0 1855 928 992
3496 1 2 0 1856 928 929
3497 1 2 0 1857 929 993
3498 1 2 0 1858 929 930
3499 1 2 0 1859 930 994
3500 1 2 0 1860 930 931
3501 1 2 0 1861 931 995
3502 1 2 0 1862 931 932
3503 1 2 0 1863 932 996
3504 1 2 0 1864 932 933
3505 1 2 0 1865 933 1641
3506 1 2 0 1865 1641 997
3507 1 2 0 1866 933 934
3508 1 2 0 1867 934 1642
3509 1 2 0 1867 1642 998
3510 1 2 0 1868 934 935
3511 1 2 0 1869 935 1643
3512 1 2 0 1869 1643 999
3513 1 2 0 1870 935 936
3514 1 2 0 1871 936 1644
3515 1 2 0 1871 1644 1000
3516 1 2 0 1872 936 937
3517 1 2 0 1873 937 1645
3518 1 2 0 1873 1645 1001
3519 1 2 0 1874 937 938
3520 1 2 0 1875 938 1646
3521 1 2 0 1875 1646 1002
3522 1 2 0 1876 938 939
3523 1 2 0 1877 939 1647
3524 1 2 0 1877 1647 1003
3525 1 2 0 1878 939 940
3526 1 2 0 1879 940 1648
3527 1 2 0 1879 1648 1004
3528 1 2 0 1880 940 941
3529 1 2 0 1881 941 1005
3530 1 2 0 1882 941 942
3531 1 2 0 1883 942 1006
3532 1 2 0 1884 942 943
3533 1 2 0 1885 943 1007
3534 1 2 0 1886 943 944
3535 1 2 0 1887 944 1008
3536 1 2 0 1888 944 945
3537 1 2 0 1889 945 1009
3538 1 2 0 1890 945 946
3539 1 2 0 1891 946 1010
3540 1 2 0 1892 946 947
3541 1 2 0 1893 947 1011
3542 1 2 0 1894 947 948
3543 1 2 0 1895 948 1012
3544 1 2 0 1896 948 949
3545 1 2 0 1897 949 1013
3546 1 2 0 1898 949 950
3547 1 2 0 1899 950 1649
3548 1 2 0 1899 1649 1014
3549 1 2 0 1900 950 951
3550 1 2 0 1901 951 1650
3551 1 2 0 1901 1650 1015
3552 1 2 0 1902 951 952
3553 1 2 0 1903 952 1651
3554 1 2 0 1903 1651 1016
3555 1 2 0 1904 952 953
3556 1 2 0 1905 953 1652
3557 1 2 0 1905 1652 1017
3558 1 2 0 1906 953 954
3559 1 2 0 1907 954 1653
3560 1 2 0 1907 1653 1018
3561 1 2 0 1908 954 955
3562 1 2 0 1909 955 1654
3563 1 2 0 1909 1654 1019
3564 1 2 0 1910 955 956
3565 1 2 0 1911 956 1655
3566 1 2 0 1911 1655 1020
3567 1 2 0 1912 956 957
3568 1 2 0 1913 957 1656
3569 1 2 0 1913 1656 1021
3570 1 2 0 1914 957 958
3571 1 2 0 1915 958 1022
3572 1 2 0 1916 958 959
3573 1 2 0 1917 959 1023
3574 1 2 0 1918 959 960
3575 1 2 0 1919 960 1024
3576 1 2 0 1920 960 897
3577 1 2 0 1921 961 1025
3578 1 2 0 1922 961 962
3579 1 2 0 1923 962 1026
3580 1 2 0 1924 962 963
3581 1 2 0 1925 963 1027
3582 1 2 0 1926 963 964
3583 1 2 0 1927 964 1028
3584 1 2 0 1928 964 965
3585 1 2 0 1929 965 1657
3586 1 2 0 1929 1657 1029
3587 1 2 0 1930 965 1658
3588 1 2 0 1930 1658 966
3589 1 2 0 1931 966 1659
3590 1 2 0 1931 1659 1030
3591 1 2 0 1932 966 967
3592 1 2 0 1933 967 1660
3593 1 2 0 1933 1660 1031
3594 1 2 0 1934 967 968
3595 1 2 0 1935 968 1661
3596 1 2 0 1935 1661 1032
3597 1 2 0 1936 968 969
3598 1 2 0 1937 969 1662
3599 1 2 0 1937 1662 1033
3600 1 2 0 1938 969 970
3601 1 2 0 1939 970 1663
3602 1 2 0 1939 1663 1034
3603 1 2 0 1940 970 971
3604 1 2 0 1941 971 1664
3605 1 2 0 1941 1664 1035
3606 1 2 0 1942 971 972
3607 1 2 0 1943 972 1665
3608 1 2 0 1943 1665 1036
3609 1 2 0 1944 972 973
3610 1 2 0 1945 973 1037
3611 1 2 0 1946 973 974
3612 1 2 0 1947 974 1038
3613 1 2 0 1948 974 975
3614 1 2 0 1949 975 1039
3615 1 2 0 1950 975 976
3616 1 2 0 1951 976 1040
3617 1 2 0 1952 976 977
3618 1 2 0 1953 977 1041
3619 1 2 0 1954 977 978
3620 1 2 0 1955 978 1042
3621 1 2 0 1956 978 979
3622 1 2 0 1957 979 1043
3623 1 2 0 1958 979 980
3624 1 2 0 1959 980 1044
3625 1 2 0 1960 980 981
3626 1 2 0 1961 981 1045
3627 1 2 0 1962 981 982
3628 1 2 0 1963 982 1666
3629 1 2 0 1963 1666 1046
3630 1 2 0 1964 982 983
3631 1 2 0 1965 983 1667
3632 1 2 0 1965 1667 1047
3633 1 2 0 1966 983 984
3634 1 2 0 1967 984 1668
3635 1 2 0 1967 1668 1048
3636 1 2 0 1968 984 985
3637 1 2 0 1969 985 1669
3638 1 2 0 1969 1669 1049
3639 1 2 0 1970 985 986
3640 1 2 0 1971 986 1670
3641 1 2 0 1971 1670 1050
3642 1 2 0 1972 986 987
3643 1 2 0 1973 987 1671
3644 1 2 0 1973 1671 1051
3645 1 2 0 1974 987 988
3646 1 2 0 1975 988 1672
3647 1 2 0 1975 1672 1052
3648 1 2 0 1976 988 1673
3649 1 2 0 1976 1673 989
3650 1 2 0 1977 989 1674
3651 1 2 0 1977 1674 1053
3652 1 2 0 1978 989 990
3653 1 2 0 1979 990 1054
3654 1 2 0 1980 990 991
3655 1 2 0 1981 991 1055
3656 1 2 0 1982 991 992
3657 1 2 0 1983 992 1056
3658 1 2 0 1984 992 993
3659 1 2 0 1985 993 1057
3660 1 2 0 1986 993 994
3661 1 2 0 1987 994 1058
3662 1 2 0 1988 994 995
3663 1 2 0 1989 995 1059
3664 1 2 0 1990 995 996
3665 1 2 0 1991 996 1060
3666 1 2 0 1992 996 997
3667 1 2 0 1993 997 1675
3668 1 2 0 1993 1675 1061
3669 1 2 0 1994 997 1676
3670 1 2 0 1994 1676 998
3671 1 2 0 1995 998 1677
3672 1 2 0 1995 1677 1062
3673 1 2 0 1996 998 999
3674 1 2 0 1997 999 1678
3675 1 2 0 1997 1678 1063
3676 1 2 0 1998 999 1000
3677 1 2 0 1999 1000 1679
3678 1 2 0 1999 1679 1064
3679 1 2 0 2000 1000 1001
3680 1 2 0 2001 1001 1680
3681 1 2 0 2001 1680 1065
3682 1 2 0 2002 1001 1002
3683 1 2 0 2003 1002 1681
3684 1 2 0 2003 1681 1066
3685 1 2 0 2004 1002 1003
3686 1 2 0 2005 1003 1682
3687 1 2 0 2005 1682 1067
3688 1 2 0 2006 1003 1004
3689 1 2 0 2007 1004 1683
3690 1 2 0 2007 1683 1068
3691 1 2 0 2008 1004 1005
3692 1 2 0 2009 1005 1069
3693 1 2 0 2010 1005 1006
3694 1 2 0 2011 1006 1070
3695 1 2 0 2012 1006 1007
3696 1 2 0 2013 1007 1071
3697 1 2 0 2014 1007 1008
3698 1 2 0 2015 1008 1072
3699 1 2 0 2016 1008 1009
3700 1 2 0 2017 1009 1073
3701 1 2 0 2018 1009 1010
3702 1 2 0 2019 1010 1074
3703 1 2 0 2020 1010 1011
3704 1 2 0 2021 1011 1075
3705 1 2 0 2022 1011 1012
3706 1 2 0 2023 1012 1076
3707 1 2 0 2024 1012 1013
3708 1 2 0 2025 1013 1077
3709 1 2 0 2026 1013 1014
3710 1 2 0 2027 1014 1684
3711 1 2 0 2027 1684 1078
3712 1 2 0 2028 1014 1015
3713 1 2 0 2029 1015 1685
3714 1 2 0 2029 1685 1079
3715 1 2 0 2030 1015 1016
3716 1 2 0 2031 1016 1686
3717 1 2 0 2031 1686 1080
3718 1 2 0 2032 1016 1017
3719 1 2 0 2033 1017 1687
3720 1 2 0 2033 1687 1081
3721 1 2 0 2034 1017 1018
3722 1 2 0 2035 1018 1688
3723 1 2 0 2035 1688 1082
3724 1 2 0 2036 1018 1019
3725 1 2 0 2037 1019 1689
3726 1 2 0 2037 1689 1083
3727 1 2 0 2038 1019 1020
3728 1 2 0 2039 1020 1690
3729 1 2 0 2039 1690 1084
3730 1 2 0 2040 1020 1691
3731 1 2 0 2040 1691 1021
3732 1 2 0 2041 1021 1692
3733 1 2 0 2041 1692 1085
3734 1 2 0 2042 1021 1022
3735 1 2 0 2043 1022 1086
3736 1 2 0 2044 1022 1023
3737 1 2 0 2045 1023 1087
3738 1 2 0 2046 1023 1024
3739 1 2 0 2047 1024 1088
3740 1 2 0 2048 1024 961
3741 1 2 0 2049 1025 1089
3742 1 2 0 2050 1025 1026
3743 1 2 0 2051 1026 1090
3744 1 2 0 2052 1026 1027
3745 1 2 0 2053 1027 1091
3746 1 2 0 2054 1027 1028
3747 1 2 0 2055 1028 1693
3748 1 2 0 2055 1693 1092
3749 1 2 0 2056 1028 1694
3750 1 2 0 2056 1694 1029
3751 1 2 0 2057 1029 1695
3752 1 2 0 2057 1695 1093
3753 1 2 0 2058 1029 1696
3754 1 2 0 2058 1696 1030
3755 1 2 0 2059 1030 1697
3756 1 2 0 2059 1697 1094
3757 1 2 0 2060 1030 1031
3758 1 2 0 2061 1031 1698
3759 1 2 0 2061 1698 1095
3760 1 2 0 2062 1031 1032
3761 1 2 0 2063 1032 1699
3762 1 2 0 2063 1699 1096
3763 1 2 0 2064 1032 1033
3764 1 2 0 2065 1033 1700
3765 1 2 0 2065 1700 1097
3766 1 2 0 2066 1033 1034
3767 1 2 0 2067 1034 1701
3768 1 2 0 2067 1701 1098
3769 1 2 0 2068 1034 1035
3770 1 2 0 2069 1035 1702
3771 1 2 0 2069 1702 1099
3772 1 2 0 2070 1035 1703
3773 1 2 0 2070 1703 1036
3774 1 2 0 2071 1036 1704
3775 1 2 0 2071 1704 1100
3776 1 2 0 2072 1036 1705
3777 1 2 0 2072 1705 1037
3778 1 2 0 2073 1037 1706
3779 1 2 0 2073 1706 1101
3780 1 2 0 2074 1037 1038
3781 1 2 0 2075 1038 1102
3782 1 2 0 2076 1038 1039
3783 1 2 0 2077 1039 1103
3784 1 2 0 2078 1039 1040
3785 1 2 0 2079 1040 1104
3786 1 2 0 2080 1040 1041
3787 1 2 0 2081 1041 1105
3788 1 2 0 2082 1041 1042
3789 1 2 0 2083 1042 1106
3790 1 2 0 2084 1042 1043
3791 1 2 0 2085 1043 1107
3792 1 2 0 2086 1043 1044
3793 1 2 0 2087 1044 1108
3794 1 2 0 2088 1044 1045
3795 1 2 0 2089 1045 1707
3796 1 2 0 2089 1707 1109
3797 1 2 0 2090 1045 1708
3798 1 2 0 2090 1708 1046
3799 1 2 0 2091 1046 1709
3800 1 2 0 2091 1709 1110
3801 1 2 0 2092 1046 1710
3802 1 2 0 2092 1710 1047
3803 1 2 0 2093 1047 1711
3804 1 2 0 2093 1711 1111
3805 1 2 0 2094 1047 1048
3806 1 2 0 2095 1048 1712
3807 1 2 0 2095 1712 1112
3808 1 2 0 2096 1048 1049
3809 1 2 0 2097 1049 1713
3810 1 2 0 2097 1713 1113
3811 1 2 0 2098 1049 1050
3812 1 2 0 2099 1050 1714
3813 1 2 0 2099 1714 1114
3814 1 2 0 2100 1050 1051
3815 1 2 0 2101 1051 1715
3816 1 2 0 2101 1715 1115
3817 1 2 0 2102 1051 1052
3818 1 2 0 2103 1052 1716
3819 1 2 0 2103 1716 1116
3820 1 2 0 2104 1052 1717
3821 1 2 0 2104 1717 1053
3822 1 2 0 2105 1053 1718
3823 1 2 0 2105 1718 1117
3824 1 2 0 2106 1053 1719
3825 1 2 0 2106 1719 1054
3826 1 2 0 2107 1054 1720
3827 1 2 0 2107 1720 1118
3828 1 2 0 2108 1054 1055
3829 1 2 0 2109 1055 1119
3830 1 2 0 2110 1055 1056
3831 1 2 0 2111 1056 1120
3832 1 2 0 2112 1056 1057
3833 1 2 0 2113 1057 1121
3834 1 2 0 2114 1057 1058
3835 1 2 0 2115 1058 1122
3836 1 2 0 2116 1058 1059
3837 1 2 0 2117 1059 1123
3838 1 2 0 2118 1059 1060
3839 1 2 0 2119 1060 1721
3840 1 2 0 2119 1721 1124
3841 1 2 0 2120 1060 1722
3842 1 2 0 2120 1722 1061
3843 1 2 0 2121 1061 1723
3844 1 2 0 2121 1723 1125
3845 1 2 0 2122 1061 1724
3846 1 2 0 2122 1724 1062
3847 1 2 0 2123 1062 1725
3848 1 2 0 2123 1725 1126
3849 1 2 0 2124 1062 1063
3850 1 2 0 2125 1063 1726
3851 1 2 0 2125 1726 1127
3852 1 2 0 2126 1063 1064
3853 1 2 0 2127 1064 1727
3854 1 2 0 2127 1727 1128
3855 1 2 0 2128 1064 1065
3856 1 2 0 2129 1065 1728
3857 1 2 0 2129 1728 1129
3858 1 2 0 2130 1065 1066
3859 1 2 0 2131 1066 1729
3860 1 2 0 2131 1729 1130
3861 1 2 0 2132 1066 1067
3862 1 2 0 2133 1067 1730
3863 1 2 0 2133 1730 1131
3864 1 2 0 2134 1067 1731
3865 1 2 0 2134 1731 1068
3866 1 2 0 2135 1068 1732
3867 1 2 0 2135 1732 1132
3868 1 2 0 2136 1068 1733
3869 1 2 0 2136 1733 1069
3870 1 2 0 2137 1069 1734
3871 1 2 0 2137 1734 1133
3872 1 2 0 2138 1069 1070
3873 1 2 0 2139 1070 1134
3874 1 2 0 2140 1070 1071
3875 1 2 0 2141 1071 1135
3876 1 2 0 2142 1071 1072
3877 1 2 0 2143 1072 1136
3878 1 2 0 2144 1072 1073
3879 1 2 0 2145 1073 1137
3880 1 2 0 2146 1073 1074
3881 1 2 0 2147 1074 1138
3882 1 2 0 2148 1074 1075
3883 1 2 0 2149 1075 1139
3884 1 2 0 2150 1075 1076
3885 1 2 0 2151 1076 1140
3886 1 2 0 2152 1076 1077
3887 1 2 0 2153 1077 1735
3888 1 2 0 2153 1735 1141
3889 1 2 0 2154 1077 1736
3890 1 2 0 2154 1736 1078
3891 1 2 0 2155 1078 1737
3892 1 2 0 2155 1737 1142
3893 1 2 0 2156 1078 1738
3894 1 2 0 2156 1738 1079
3895 1 2 0 2157 1079 1739
3896 1 2 0 2157 1739 1143
3897 1 2 0 2158 1079 1080
3898 1 2 0 2159 1080 1740
3899 1 2 0 2159 1740 1144
3900 1 2 0 2160 1080 1081
3901 1 2 0 2161 1081 1741
3902 1 2 0 2161 1741 1145
3903 1 2 0 2162 1081 1082
3904 1 2 0 2163 1082 1742
3905 1 2 0 2163 1742 1146
3906 1 2 0 2164 1082 1083
3907 1 2 0 2165 1083 1743
3908 1 2 0 2165 1743 1147
3909 1 2 0 2166 1083 1084
3910 1 2 0 2167 1084 1744
3911 1 2 0 2167 1744 1148
3912 1 2 0 2168 1084 1745
3913 1 2 0 2168 1745 1085
3914 1 2 0 2169 1085 1746
3915 1 2 0 2169 1746 1149
3916 1 2 0 2170 1085 1747
3917 1 2 0 2170 1747 1086
3918 1 2 0 2171 1086 1748
3919 1 2 0 2171 1748 1150
3920 1 2 0 2172 1086 1087
3921 1 2 0 2173 1087 1151
3922 1 2 0 2174 1087 1088
3923 1 2 0 2175 1088 1152
3924 1 2 0 2176 1088 1025
3925 1 2 0 2177 1089 1153
3926 1 2 0 2178 1089 1090
3927 1 2 0 2179 1090 1154
3928 1 2 0 2180 1090 1749
3929 1 2 0 2180 1749 1091
3930 1 2 0 2181 1091 1155
3931 1 2 0 2182 1091 1750
3932 1 2 0 2182 1750 1092
3933 1 2 0 2183 1092 1156
3934 1 2 0 2184 1092 1751
3935 1 2 0 2184 1751 1093
3936 1 2 0 2185 1093 1752
3937 1 2 0 2185 1752 1157
3938 1 2 0 2186 1093 1753
3939 1 2 0 2186 1753 1094
3940 1 2 0 2187 1094 1754
3941 1 2 0 2187 1754 1158
3942 1 2 0 2188 1094 1095
3943 1 2 0 2189 1095 1755
3944 1 2 0 2189 1755 1159
3945 1 2 0 2190 1095 1096
3946 1 2 0 2191 1096 1756
3947 1 2 0 2191 1756 1160
3948 1 2 0 2192 1096 1097
3949 1 2 0 2193 1097 1757
3950 1 2 0 2193 1757 1161
3951 1 2 0 2194 1097 1098
3952 1 2 0 2195 1098 1758
3953 1 2 0 2195 1758 1162
3954 1 2 0 2196 1098 1099
3955 1 2 0 2197 1099 1759
3956 1 2 0 2197 1759 1163
3957 1 2 0 2198 1099 1760
3958 1 2 0 2198 1760 1100
3959 1 2 0 2199 1100 1761
3960 1 2 0 2199 1761 1164
3961 1 2 0 2200 1100 1762
3962 1 2 0 2200 1762 1101
3963 1 2 0 2201 1101 1165
3964 1 2 0 2202 1101 1763
3965 1 2 0 2202 1763 1102
3966 1 2 0 2203 1102 1166
3967 1 2 0 2204 1102 1103
3968 1 2 0 2205 1103 1167
3969 1 2 0 2206 1103 1104
3970 1 2 0 2207 1104 1168
3971 1 2 0 2208 1104 1105
3972 1 2 0 2209 1105 1169
3973 1 2 0 2210 1105 1106
3974 1 2 0 2211 1106 1170
3975 1 2 0 2212 1106 1107
3976 1 2 0 2213 1107 1171
3977 1 2 0 2214 1107 1108
3978 1 2 0 2215 1108 1172
3979 1 2 0 2216 1108 1764
3980 1 2 0 2216 1764 1109
3981 1 2 0 2217 1109 1173
3982 1 2 0 2218 1109 1765
3983 1 2 0 2218 1765 1110
3984 1 2 0 2219 1110 1766
3985 1 2 0 2219 1766 1174
3986 1 2 0 2220 1110 1767
3987 1 2 0 2220 1767 1111
3988 1 2 0 2221 1111 1768
3989 1 2 0 2221 1768 1175
3990 1 2 0 2222 1111 1112
3991 1 2 0 2223 1112 1769
3992 1 2 0 2223 1769 1176
3993 1 2 0 2224 1112 1113
3994 1 2 0 2225 1113 1770
3995 1 2 0 2225 1770 1177
3996 1 2 0 2226 1113 1114
3997 1 2 0 2227 1114 1771
3998 1 2 0 2227 1771 1178
3999 1 2 0 2228 1114 1115
4000 1 2 0 2229 1115 1772
4001 1 2 0 2229 1772 1179
4002 1 2 0 2230 1115 1116
4003 1 2 0 2231 1116 1773
4004 1 2 0 2231 1773 1180
4005 1 2 0 2232 1116 1774
4006 1 2 0 2232 1774 1117
4007 1 2 0 2233 1117 1775
4008 1 2 0 2233 1775 1181
4009 1 2 0 2234 1117 1776
4010 1 2 0 2234 1776 1118
4011 1 2 0 2235 1118 1182
4012 1 2 0 2236 1118 1777
4013 1 2 0 2236 1777 1119
4014 1 2 0 2237 1119 1183
4015 1 2 0 2238 1119 1778
4016 1 2 0 2238 1778 1120
4017 1 2 0 2239 1120 1184
4018 1 2 0 2240 1120 1121
4019 1 2 0 2241 1121 1185
4020 1 2 0 2242 1121 1122
4021 1 2 0 2243 1122 1186
4022 1 2 0 2244 1122 1779
4023 1 2 0 2244 1779 1123
4024 1 2 0 2245 1123 1187
4025 1 2 0 2246 1123 1780
4026 1 2 0 2246 1780 1124
4027 1 2 0 2247 1124 1188
4028 1 2 0 2248 1124 1781
4029 1 2 0 2248 1781 1125
4030 1 2 0 2249 1125 1782
4031 1 2 0 2249 1782 1189
4032 1 2 0 2250 1125 1783
4033 1 2 0 2250 1783 1126
4034 1 2 0 2251 1126 1784
4035 1 2 0 2251 1784 1190
4036 1 2 0 2252 1126 1127
4037 1 2 0 2253 1127 1785
4038 1 2 0 2253 1785 1191
4039 1 2 0 2254 1127 1128
4040 1 2 0 2255 1128 1786
4041 1 2 0 2255 1786 1192
4042 1 2 0 2256 1128 1129
4043 1 2 0 2257 1129 1787
4044 1 2 0 2257 1787 1193
4045 1 2 0 2258 1129 1130
4046 1 2 0 2259 1130 1788
4047 1 2 0 2259 1788 1194
4048 1 2 0 2260 1130 1131
4049 1 2 0 2261 1131 1789
4050 1 2 0 2261 1789 1195
4051 1 2 0 2262 1131 1790
4052 1 2 0 2262 1790 1132
4053 1 2 0 2263 1132 1791
4054 1 2 0 2263 1791 1196
4055 1 2 0 2264 1132 1792
4056 1 2 0 2264 1792 1133
4057 1 2 0 2265 1133 1197
4058 1 2 0 2266 1133 1793
4059 1 2 0 2266 1793 1134
4060 1 2 0 2267 1134 1198
4061 1 2 0 2268 1134 1135
4062 1 2 0 2269 1135 1199
4063 1 2 0 2270 1135 1136
4064 1 2 0 2271 1136 1200
4065 1 2 0 2272 1136 1137
4066 1 2 0 2273 1137 1201
4067 1 2 0 2274 1137 1138
4068 1 2 0 2275 1138 1202
4069 1 2 0 2276 1138 1139
4070 1 2 0 2277 1139 1203
4071 1 2 0 2278 1139 1140
4072 1 2 0 2279 1140 1204
4073 1 2 0 2280 1140 1794
4074 1 2 0 2280 1794 1141
4075 1 2 0 2281 1141 1205
4076 1 2 0 2282 1141 1795
4077 1 2 0 2282 1795 1142
4078 1 2 0 2283 1142 1796
4079 1 2 0 2283 1796 1206
4080 1 2 0 2284 1142 1797
4081 1 2 0 2284 1797 1143
4082 1 2 0 2285 1143 1798
4083 1 2 0 2285 1798 1207
4084 1 2 0 2286 1143 1144
4085 1 2 0 2287 1144 1799
4086 1 2 0 2287 1799 1208
4087 1 2 0 2288 1144 1145
4088 1 2 0 2289 1145 1800
4089 1 2 0 2289 1800 1209
4090 1 2 0 2290 1145 1146
4091 1 2 0 2291 1146 1801
4092 1 2 0 2291 1801 1210
4093 1 2 0 2292 1146 1147
4094 1 2 0 2293 1147 1802
4095 1 2 0 2293 1802 1211
4096 1 2 0 2294 1147 1148
4097 1 2 0 2295 1148 1803
4098 1 2 0 2295 1803 1212
4099 1 2 0 2296 1148 1804
4100 1 2 0 2296 1804 1149
4101 1 2 0 2297 1149 1805
4102 1 2 0 2297 1805 1213
4103 1 2 0 2298 1149 1806
4104 1 2 0 2298 1806 1150
4105 1 2 0 2299 1150 1214
4106 1 2 0 2300 1150 1807
4107 1 2 0 2300 1807 1151
4108 1 2 0 2301 1151 1215
4109 1 2 0 2302 1151 1808
4110 1 2 0 2302 1808 1152
4111 1 2 0 2303 1152 1216
4112 1 2 0 2304 1152 1089
4113 1 2 0 2305 1153 1217
4114 1 2 0 2306 1153 1809
4115 1 2 0 2306 1809 1154
4116 1 2 0 2307 1154 1218
4117 1 2 0 2308 1154 1810
4118 1 2 0 2308 1810 1155
4119 1 2 0 2309 1155 1219
4120 1 2 0 2310 1155 1811
4121 1 2 0 2310 1811 1156
4122 1 2 0 2311 1156 1220
4123 1 2 0 2312 1156 1812
4124 1 2 0 2312 1812 1157
4125 1 2 0 2313 1157 1221
4126 1 2 0 2314 1157 1813
4127 1 2 0 2314 1813 1158
4128 1 2 0 2315 1158 1814
4129 1 2 0 2315 1814 1222
4130 1 2 0 2316 1158 1159
4131 1 2 0 2317 1159 1815
4132 1 2 0 2317 1815 1223
4133 1 2 0 2318 1159 1160
4134 1 2 0 2319 1160 1816
4135 1 2 0 2319 1816 1224
4136 1 2 0 2320 1160 1161
4137 1 2 0 2321 1161 1817
4138 1 2 0 2321 1817 1225
4139 1 2 0 2322 1161 1162
4140 1 2 0 2323 1162 1818
4141 1 2 0 2323 1818 1226
4142 1 2 0 2324 1162 1163
4143 1 2 0 2325 1163 1819
4144 1 2 0 2325 1819 1227
4145 1 2 0 2326 1163 1820
4146 1 2 0 2326 1820 1164
4147 1 2 0 2327 1164 1228
4148 1 2 0 2328 1164 1821
4149 1 2 0 2328 1821 1165
4150 1 2 0 2329 1165 1229
4151 1 2 0 2330 1165 1822
4152 1 2 0 2330 1822 1166
4153 1 2 0 2331 1166 1230
4154 1 2 0 2332 1166 1823
4155 1 2 0 2332 1823 1167
4156 1 2 0 2333 1167 1231
4157 1 2 0 2334 1167 1168
4158 1 2 0 2335 1168 1232
4159 1 2 0 2336 1168 1169
4160 1 2 0 2337 1169 1233
4161 1 2 0 2338 1169 1170
4162 1 2 0 2339 1170 1234
4163 1 2 0 2340 1170 1171
4164 1 2 0 2341 1171 1235
4165 1 2 0 2342 1171 1824
4166 1 2 0 2342 1824 1172
4167 1 2 0 2343 1172 1236
4168 1 2 0 2344 1172 1825
4169 1 2 0 2344 1825 1173
4170 1 2 0 2345 1173 1237
4171 1 2 0 2346 1173 1826
4172 1 2 0 2346 1826 1174
4173 1 2 0 2347 1174 1238
4174 1 2 0 2348 1174 1827
4175 1 2 0 2348 1827 1175
4176 1 2 0 2349 1175 1828
4177 1 2 0 2349 1828 1239
4178 1 2 0 2350 1175 1176
4179 1 2 0 2351 1176 1829
4180 1 2 0 2351 1829 1240
4181 1 2 0 2352 1176 1177
4182 1 2 0 2353 1177 1830
4183 1 2 0 2353 1830 1241
4184 1 2 0 2354 1177 1178
4185 1 2 0 2355 1178 1831
4186 1 2 0 2355 1831 1242
4187 1 2 0 2356 1178 1179
4188 1 2 0 2357 1179 1832
4189 1 2 0 2357 1832 1243
4190 1 2 0 2358 1179 1180
4191 1 2 0 2359 1180 1833
4192 1 2 0 2359 1833 1244
4193 1 2 0 2360 1180 1834
4194 1 2 0 2360 1834 1181
4195 1 2 0 2361 1181 1245
4196 1 2 0 2362 1181 1835
4197 1 2 0 2362 1835 1182
4198 1 2 0 2363 1182 1246
4199 1 2 0 2364 1182 1836
4200 1 2 0 2364 1836 1183
4201 1 2 0 2365 1183 1247
4202 1 2 0 2366 1183 1837
4203 1 2 0 2366 1837 1184
4204 1 2 0 2367 1184 1248
4205 1 2 0 2368 1184 1838
4206 1 2 0 2368 1838 1185
4207 1 2 0 2369 1185 1249
4208 1 2 0 2370 1185 1839
4209 1 2 0 2370 1839 1186
4210 1 2 0 2371 1186 1250
4211 1 2 0 2372 1186 1840
4212 1 2 0 2372 1840 1187
4213 1 2 0 2373 1187 1251
4214 1 2 0 2374 1187 1841
4215 1 2 0 2374 1841 1188
4216 1 2 0 2375 1188 1252
4217 1 2 0 2376 1188 1842
4218 1 2 0 2376 1842 1189
4219 1 2 0 2377 1189 1253
4220 1 2 0 2378 1189 1843
4221 1 2 0 2378 1843 1190
4222 1 2 0 2379 1190 1844
4223 1 2 0 2379 1844 1254
4224 1 2 0 2380 1190 1191
4225 1 2 0 2381 1191 1845
4226 1 2 0 2381 1845 1255
4227 1 2 0 2382 1191 1192
4228 1 2 0 2383 1192 1846
4229 1 2 0 2383 1846 1256
4230 1 2 0 2384 1192 1193
4231 1 2 0 2385 1193 1847
4232 1 2 0 2385 1847 1257
4233 1 2 0 2386 1193 1194
4234 1 2 0 2387 1194 1848
4235 1 2 0 2387 1848 1258
4236 1 2 0 2388 1194 1195
4237 1 2 0 2389 1195 1849
4238 1 2 0 2389 1849 1259
4239 1 2 0 2390 1195 1850
4240 1 2 0 2390 1850 1196
4241 1 2 0 2391 1196 1260
4242 1 2 0 2392 1196 1851
4243 1 2 0 2392 1851 1197
4244 1 2 0 2393 1197 1261
4245 1 2 0 2394 1197 1852
4246 1 2 0 2394 1852 1198
4247 1 2 0 2395 1198 1262
4248 1 2 0 2396 1198 1853
4249 1 2 0 2396 1853 1199
4250 1 2 0 2397 1199 1263
4251 1 2 0 2398 1199 1200
4252 1 2 0 2399 1200 1264
4253 1 2 0 2400 1200 1201
4254 1 2 0 2401 1201 1265
4255 1 2 0 2402 1201 1202
4256 1 2 0 2403 1202 1266
4257 1 2 0 2404 1202 1203
4258 1 2 0 2405 1203 1267
4259 1 2 0 2406 1203 1854
4260 1 2 0 2406 1854 1204
4261 1 2 0 2407 1204 1268
4262 1 2 0 2408 1204 1855
4263 1 2 0 2408 1855 1205
4264 1 2 0 2409 1205 1269
4265 1 2 0 2410 1205 1856
4266 1 2 0 2410 1856 1206
4267 1 2 0 2411 1206 1270
4268 1 2 0 2412 1206 1857
4269 1 2 0 2412 1857 1207
4270 1 2 0 2413 1207 1858
4271 1 2 0 2413 1858 1271
4272 1 2 0 2414 1207 1208
4273 1 2 0 2415 1208 1859
4274 1 2 0 2415 1859 1272
4275 1 2 0 2416 1208 1209
4276 1 2 0 2417 1209 1860
4277 1 2 0 2417 1860 1273
4278 1 2 0 2418 1209 1210
4279 1 2 0 2419 1210 1861
4280 1 2 0 2419 1861 1274
4281 1 2 0 2420 1210 1211
4282 1 2 0 2421 1211 1862
4283 1 2 0 2421 1862 1275
4284 1 2 0 2422 1211 1212
4285 1 2 0 2423 1212 1863
4286 1 2 0 2423 1863 1276
4287 1 2 0 2424 1212 1864
4288 1 2 0 2424 1864 1213
4289 1 2 0 2425 1213 1277
4290 1 2 0 2426 1213 1865
4291 1 2 0 2426 1865 1214
4292 1 2 0 2427 1214 1278
4293 1 2 0 2428 1214 1866
4294 1 2 0 2428 1866 1215
4295 1 2 0 2429 1215 1279
4296 1 2 0 2430 1215 1867
4297 1 2 0 2430 1867 1216
4298 1 2 0 2431 1216 1280
4299 1 2 0 2432 1216 1868
4300 1 2 0 2432 1868 1153
4301 1 2 0 2433 1217 1281
4302 1 2 0 2434 1217 1869
4303 1 2 0 2434 1869 1218
4304 1 2 0 2435 1218 1282
4305 1 2 0 2436 1218 1870
4306 1 2 0 2436 1870 1219
4307 1 2 0 2437 1219 1283
4308 1 2 0 2438 1219 1871
4309 1 2 0 2438 1871 1220
4310 1 2 0 2439 1220 1284
4311 1 2 0 2440 1220 1872
4312 1 2 0 2440 1872 1221
4313 1 2 0 2441 1221 1285
4314 1 2 0 2442 1221 1873
4315 1 2 0 2442 1873 1222
4316 1 2 0 2443 1222 1874
4317 1 2 0 2443 1874 1286
4318 1 2 0 2444 1222 1223
4319 1 2 0 2445 1223 1287
4320 1 2 0 2446 1223 1224
4321 1 2 0 2447 1224 1288
4322 1 2 0 2448 1224 1225
4323 1 2 0 2449 1225 1289
4324 1 2 0 2450 1225 1226
4325 1 2 0 2451 1226 1875
4326 1 2 0 2451 1875 1290
4327 1 2 0 2452 1226 1227
4328 1 2 0 2453 1227 1876
4329 1 2 0 2453 1876 1291
4330 1 2 0 2454 1227 1877
4331 1 2 0 2454 1877 1228
4332 1 2 0 2455 1228 1292
4333 1 2 0 2456 1228 1878
4334 1 2 0 2456 1878 1229
4335 1 2 0 2457 1229 1293
4336 1 2 0 2458 1229 1879
4337 1 2 0 2458 1879 1230
4338 1 2 0 2459 1230 1294
4339 1 2 0 2460 1230 1880
4340 1 2 0 2460 1880 1231
4341 1 2 0 2461 1231 1295
4342 1 2 0 2462 1231 1881
4343 1 2 0 2462 1881 1232
4344 1 2 0 2463 1232 1296
4345 1 2 0 2464 1232 1882
4346 1 2 0 2464 1882 1233
4347 1 2 0 2465 1233 1297
4348 1 2 0 2466 1233 1883
4349 1 2 0 2466 1883 1234
4350 1 2 0 2467 1234 1298
4351 1 2 0 2468 1234 1884
4352 1 2 0 2468 1884 1235
4353 1 2 0 2469 1235 1299
4354 1 2 0 2470 1235 1885
4355 1 2 0 2470 1885 1236
4356 1 2 0 2471 1236 1300
4357 1 2 0 2472 1236 1886
4358 1 2 0 2472 1886 1237
4359 1 2 0 2473 1237 1301
4360 1 2 0 2474 1237 1887
4361 1 2 0 2474 1887 1238
4362 1 2 0 2475 1238 1302
4363 1 2 0 2476 1238 1888
4364 1 2 0 2476 1888 1239
4365 1 2 0 2477 1239 1889
4366 1 2 0 2477 1889 1303
4367 1 2 0 2478 1239 1240
4368 1 2 0 2479 1240 1890
4369 1 2 0 2479 1890 1304
4370 1 2 0 2480 1240 1241
4371 1 2 0 2481 1241 1305
4372 1 2 0 2482 1241 1242
4373 1 2 0 2483 1242 1306
4374 1 2 0 2484 1242 1243
4375 1 2 0 2485 1243 1307
4376 1 2 0 2486 1243 1244
4377 1 2 0 2487 1244 1891
4378 1 2 0 2487 1891 1308
4379 1 2 0 2488 1244 1892
4380 1 2 0 2488 1892 1245
4381 1 2 0 2489 1245 1309
4382 1 2 0 2490 1245 1893
4383 1 2 0 2490 1893 1246
4384 1 2 0 2491 1246 1310
4385 1 2 0 2492 1246 1894
4386 1 2 0 2492 1894 1247
4387 1 2 0 2493 1247 1311
4388 1 2 0 2494 1247 1895
4389 1 2 0 2494 1895 1248
4390 1 2 0 2495 1248 1312
4391 1 2 0 2496 1248 1896
4392 1 2 0 2496 1896 1249
4393 1 2 0 2497 1249 1313
4394 1 2 0 2498 1249 1897
4395 1 2 0 2498 1897 1250
4396 1 2 0 2499 1250 1314
4397 1 2 0 2500 1250 1898
4398 1 2 0 2500 1898 1251
4399 1 2 0 2501 1251 1315
4400 1 2 0 2502 1251 1899
4401 1 2 0 2502 1899 1252
4402 1 2 0 2503 1252 1316
4403 1 2 0 2504 1252 1900
4404 1 2 0 2504 1900 1253
4405 1 2 0 2505 1253 1317
4406 1 2 0 2506 1253 1901
4407 1 2 0 2506 1901 1254
4408 1 2 0 2507 1254 1902
4409 1 2 0 2507 1902 1318
4410 1 2 0 2508 1254 1255
4411 1 2 0 2509 1255 1319
4412 1 2 0 2510 1255 1256
4413 1 2 0 2511 1256 1320
4414 1 2 0 2512 1256 1257
4415 1 2 0 2513 1257 1321
4416 1 2 0 2514 1257 1258
4417 1 2 0 2515 1258 1903
4418 1 2 0 2515 1903 1322
4419 1 2 0 2516 1258 1259
4420 1 2 0 2517 1259 1904
4421 1 2 0 2517 1904 1323
4422 1 2 0 2518 1259 1905
4423 1 2 0 2518 1905 1260
4424 1 2 0 2519 1260 1324
4425 1 2 0 2520 1260 1906
4426 1 2 0 2520 1906 1261
4427 1 2 0 2521 1261 1325
4428 1 2 0 2522 1261 1907
4429 1 2 0 2522 1907 1262
4430 1 2 0 2523 1262 1326
4431 1 2 0 2524 1262 1908
4432 1 2 0 2524 1908 1263
4433 1 2 0 2525 1263 1327
4434 1 2 0 2526 1263 1909
4435 1 2 0 2526 1909 1264
4436 1 2 0 2527 1264 1328
4437 1 2 0 2528 1264 1910
4438 1 2 0 2528 1910 1265
4439 1 2 0 2529 1265 1329
4440 1 2 0 2530 1265 1911
4441 1 2 0 2530 1911 1266
4442 1 2 0 2531 1266 1330
4443 1 2 0 2532 1266 1912
4444 1 2 0 2532 1912 1267
4445 1 2 0 2533 1267 1331
4446 1 2 0 2534 1267 1913
4447 1 2 0 2534 1913 1268
4448 1 2 0 2535 1268 1332
4449 1 2 0 2536 1268 1914
4450 1 2 0 2536 1914 1269
4451 1 2 0 2537 1269 1333
4452 1 2 0 2538 1269 1915
4453 1 2 0 2538 1915 1270
4454 1 2 0 2539 1270 1334
4455 1 2 0 2540 1270 1916
4456 1 2 0 2540 1916 1271
4457 1 2 0 2541 1271 1917
4458 1 2 0 2541 1917 1335
4459 1 2 0 2542 1271 1272
4460 1 2 0 2543 1272 1918
4461 1 2 0 2543 1918 1336
4462 1 2 0 2544 1272 1273
4463 1 2 0 2545 1273 1337
4464 1 2 0 2546 1273 1274
4465 1 2 0 2547 1274 1338
4466 1 2 0 2548 1274 1275
4467 1 2 0 2549 1275 1339
4468 1 2 0 2550 1275 1276
4469 1 2 0 2551 1276 1919
4470 1 2 0 2551 1919 1340
4471 1 2 0 2552 1276 1920
4472 1 2 0 2552 1920 1277
4473 1 2 0 2553 1277 1341
4474 1 2 0 2554 1277 1921
4475 1 2 0 2554 1921 1278
4476 1 2 0 2555 1278 1342
4477 1 2 0 2556 1278 1922
4478 1 2 0 2556 1922 1279
4479 1 2 0 2557 1279 1343
4480 1 2 0 2558 1279 1923
4481 1 2 0 2558 1923 1280
4482 1 2 0 2559 1280 1344
4483 1 2 0 2560 1280 1924
4484 1 2 0 2560 1924 1217
4485 1 2 0 2561 1281 1345
4486 1 2 0 2562 1281 1925
4487 1 2 0 2562 1925 1282
4488 1 2 0 2563 1282 1346
4489 1 2 0 2564 1282 1926
4490 1 2 0 2564 1926 1283
4491 1 2 0 2565 1283 1347
4492 1 2 0 2566 1283 1927
4493 1 2 0 2566 1927 1284
4494 1 2 0 2567 1284 1348
4495 1 2 0 2568 1284 1928
4496 1 2 0 2568 1928 1285
4497 1 2 0 2569 1285 1349
4498 1 2 0 2570 1285 1929
4499 1 2 0 2570 1929 1930
4500 1 2 0 2570 1930 1286
4501 1 2 0 2571 1286 1350
4502 1 2 0 2572 1286 1287
4503 1 2 0 2573 1287 1351
4504 1 2 0 2574 1287 1288
4505 1 2 0 2575 1288 1352
4506 1 2 0 2576 1288 1289
4507 1 2 0 2577 1289 1353
4508 1 2 0 2578 1289 1290
4509 1 2 0 2579 1290 1354
4510 1 2 0 2580 1290 1291
4511 1 2 0 2581 1291 1355
4512 1 2 0 2582 1291 1931
4513 1 2 0 2582 1931 1932
4514 1 2 0 2582 1932 1292
4515 1 2 0 2583 1292 1356
4516 1 2 0 2584 1292 1933
4517 1 2 0 2584 1933 1293
4518 1 2 0 2585 1293 1357
4519 1 2 0 2586 1293 1934
4520 1 2 0 2586 1934 1294
4521 1 2 0 2587 1294 1358
4522 1 2 0 2588 1294 1935
4523 1 2 0 2588 1935 1295
4524 1 2 0 2589 1295 1359
4525 1 2 0 2590 1295 1936
4526 1 2 0 2590 1936 1296
4527 1 2 0 2591 1296 1360
4528 1 2 0 2592 1296 1937
4529 1 2 0 2592 1937 1297
4530 1 2 0 2593 1297 1361
4531 1 2 0 2594 1297 1938
4532 1 2 0 2594 1938 1298
4533 1 2 0 2595 1298 1362
4534 1 2 0 2596 1298 1939
4535 1 2 0 2596 1939 1299
4536 1 2 0 2597 1299 1363
4537 1 2 0 2598 1299 1940
4538 1 2 0 2598 1940 1300
4539 1 2 0 2599 1300 1364
4540 1 2 0 2600 1300 1941
4541 1 2 0 2600 1941 1301
4542 1 2 0 2601 1301 1365
4543 1 2 0 2602 1301 1942
4544 1 2 0 2602 1942 1302
4545 1 2 0 2603 1302 1366
4546 1 2 0 2604 1302 1943
4547 1 2 0 2604 1943 1944
4548 1 2 0 2604 1944 1303
4549 1 2 0 2605 1303 1367
4550 1 2 0 2606 1303 1304
4551 1 2 0 2607 1304 1368
4552 1 2 0 2608 1304 1305
4553 1 2 0 2609 1305 1369
4554 1 2 0 2610 1305 1306
4555 1 2 0 2611 1306 1370
4556 1 2 0 2612 1306 1307
4557 1 2 0 2613 1307 1371
4558 1 2 0 2614 1307 1308
4559 1 2 0 2615 1308 1372
4560 1 2 0 2616 1308 1945
4561 1 2 0 2616 1945 1946
4562 1 2 0 2616 1946 1309
4563 1 2 0 2617 1309 1373
4564 1 2 0 2618 1309 1947
4565 1 2 0 2618 1947 1310
4566 1 2 0 2619 1310 1374
4567 1 2 0 2620 1310 1948
4568 1 2 0 2620 1948 1311
4569 1 2 0 2621 1311 1375
4570 1 2 0 2622 1311 1949
4571 1 2 0 2622 1949 1312
4572 1 2 0 2623 1312 1376
4573 1 2 0 2624 1312 1950
4574 1 2 0 2624 1950 1313
4575 1 2 0 2625 1313 1377
4576 1 2 0 2626 1313 1951
4577 1 2 0 2626 1951 1314
4578 1 2 0 2627 1314 1378
4579 1 2 0 2628 1314 1952
4580 1 2 0 2628 1952 1315
4581 1 2 0 2629 1315 1379
4582 1 2 0 2630 1315 1953
4583 1 2 0 2630 1953 1316
4584 1 2 0 2631 1316 1380
4585 1 2 0 2632 1316 1954
4586 1 2 0 2632 1954 1317
4587 1 2 0 2633 1317 1381
4588 1 2 0 2634 1317 1955
4589 1 2 0 2634 1955 1956
4590 1 2 0 2634 1956 1318
4591 1 2 0 2635 1318 1382
4592 1 2 0 2636 1318 1319
4593 1 2 0 2637 1319 1383
4594 1 2 0 2638 1319 1320
4595 1 2 0 2639 1320 1384
4596 1 2 0 2640 1320 1321
4597 1 2 0 2641 1321 1385
4598 1 2 0 2642 1321 1322
4599 1 2 0 2643 1322 1386
4600 1 2 0 2644 1322 1323
4601 1 2 0 2645 1323 1387
4602 1 2 0 2646 1323 1957
4603 1 2 0 2646 1957 1958
4604 1 2 0 2646 1958 1324
4605 1 2 0 2647 1324 1388
4606 1 2 0 2648 1324 1959
4607 1 2 0 2648 1959 1325
4608 1 2 0 2649 1325 1389
4609 1 2 0 2650 1325 1960
4610 1 2 0 2650 1960 1326
4611 1 2 0 2651 1326 1390
4612 1 2 0 2652 1326 1961
4613 1 2 0 2652 1961 1327
4614 1 2 0 2653 1327 1391
4615 1 2 0 2654 1327 1962
4616 1 2 0 2654 1962 1328
4617 1 2 0 2655 1328 1392
4618 1 2 0 2656 1328 1963
4619 1 2 0 2656 1963 1329
4620 1 2 0 2657 1329 1393
4621 1 2 0 2658 1329 1964
4622 1 2 0 2658 1964 1330
4623 1 2 0 2659 1330 1394
4624 1 2 0 2660 1330 1965
4625 1 2 0 2660 1965 1331
4626 1 2 0 2661 1331 1395
4627 1 2 0 2662 1331 1966
4628 1 2 0 2662 1966 1332
4629 1 2 0 2663 1332 1396
4630 1 2 0 2664 1332 1967
4631 1 2 0 2664 1967 1333
4632 1 2 0 2665 1333 1397
4633 1 2 0 2666 1333 1968
4634 1 2 0 2666 1968 1334
4635 1 2 0 2667 1334 1398
4636 1 2 0 2668 1334 1969
4637 1 2 0 2668 1969 1970
4638 1 2 0 2668 1970 1335
4639 1 2 0 2669 1335 1399
4640 1 2 0 2670 1335 1336
4641 1 2 0 2671 1336 1400
4642 1 2 0 2672 1336 1337
4643 1 2 0 2673 1337 1401
4644 1 2 0 2674 1337 1338
4645 1 2 0 2675 1338 1402
4646 1 2 0 2676 1338 1339
4647 1 2 0 2677 1339 1403
4648 1 2 0 2678 1339 1340
4649 1 2 0 2679 1340 1404
4650 1 2 0 2680 1340 1971
4651 1 2 0 2680 1971 1972
4652 1 2 0 2680 1972 1341
4653 1 2 0 2681 1341 1405
4654 1 2 0 2682 1341 1973
4655 1 2 0 2682 1973 1342
4656 1 2 0 2683 1342 1406
4657 1 2 0 2684 1342 1974
4658 1 2 0 2684 1974 1343
4659 1 2 0 2685 1343 1407
4660 1 2 0 2686 1343 1975
4661 1 2 0 2686 1975 1344
4662 1 2 0 2687 1344 1408
4663 1 2 0 2688 1344 1976
4664 1 2 0 2688 1976 1281
4665 1 2 0 2689 1345 1409
4666 1 2 0 2690 1345 1977
4667 1 2 0 2690 1977 1346
4668 1 2 0 2691 1346 1410
4669 1 2 0 2692 1346 1978
4670 1 2 0 2692 1978 1347
4671 1 2 0 2693 1347 1411
4672 1 2 0 2694 1347 1979
4673 1 2 0 2694 1979 1348
4674 1 2 0 2695 1348 1412
4675 1 2 0 2696 1348 1980
4676 1 2 0 2696 1980 1349
4677 1 2 0 2697 1349 1413
4678 1 2 0 2698 1349 1981
4679 1 2 0 2698 1981 1982
4680 1 2 0 2698 1982 1350
4681 1 2 0 2699 1350 1414
4682 1 2 0 2700 1350 1351
4683 1 2 0 2701 1351 1415
4684 1 2 0 2702 1351 1352
4685 1 2 0 2703 1352 1416
4686 1 2 0 2704 1352 1353
4687 1 2 0 2705 1353 1417
4688 1 2 0 2706 1353 1354
4689 1 2 0 2707 1354 1418
4690 1 2 0 2708 1354 1355
4691 1 2 0 2709 1355 1419
4692 1 2 0 2710 1355 1983
4693 1 2 0 2710 1983 1984
4694 1 2 0 2710 1984 1356
4695 1 2 0 2711 1356 1420
4696 1 2 0 2712 1356 1985
4697 1 2 0 2712 1985 1357
4698 1 2 0 2713 1357 1421
4699 1 2 0 2714 1357 1986
4700 1 2 0 2714 1986 1358
4701 1 2 0 2715 1358 1422
4702 1 2 0 2716 1358 1987
4703 1 2 0 2716 1987 1359
4704 1 2 0 2717 1359 1423
4705 1 2 0 2718 1359 1988
4706 1 2 0 2718 1988 1360
4707 1 2 0 2719 1360 1424
4708 1 2 0 2720 1360 1989
4709 1 2 0 2720 1989 1361
4710 1 2 0 2721 1361 1425
4711 1 2 0 2722 1361 1990
4712 1 2 0 2722 1990 1362
4713 1 2 0 2723 1362 1426
4714 1 2 0 2724 1362 1991
4715 1 2 0 2724 1991 1363
4716 1 2 0 2725 1363 1427
4717 1 2 0 2726 1363 1992
4718 1 2 0 2726 1992 1364
4719 1 2 0 2727 1364 1428
4720 1 2 0 2728 1364 1993
4721 1 2 0 2728 1993 1365
4722 1 2 0 2729 1365 1429
4723 1 2 0 2730 1365 1994
4724 1 2 0 2730 1994 1366
4725 1 2 0 2731 1366 1430
4726 1 2 0 2732 1366 1995
4727 1 2 0 2732 1995 1996
4728 1 2 0 2732 1996 1367
4729 1 2 0 2733 1367 1431
4730 1 2 0 2734 1367 1368
4731 1 2 0 2735 1368 1432
4732 1 2 0 2736 1368 1369
4733 1 2 0 2737 1369 1433
4734 1 2 0 2738 1369 1370
4735 1 2 0 2739 1370 1434
4736 1 2 0 2740 1370 1371
4737 1 2 0 2741 1371 1435
4738 1 2 0 2742 1371 1372
4739 1 2 0 2743 1372 1436
4740 1 2 0 2744 1372 1997
4741 1 2 0 2744 1997 1998
4742 1 2 0 2744 1998 1373
4743 1 2 0 2745 1373 1437
4744 1 2 0 2746 1373 1999
4745 1 2 0 2746 1999 1374
4746 1 2 0 2747 1374 1438
4747 1 2 0 2748 1374 2000
4748 1 2 0 2748 2000 1375
4749 1 2 0 2749 1375 1439
4750 1 2 0 2750 1375 2001
4751 1 2 0 2750 2001 1376
4752 1 2 0 2751 1376 1440
4753 1 2 0 2752 1376 2002
4754 1 2 0 2752 2002 1377
4755 1 2 0 2753 1377 1441
4756 1 2 0 2754 1377 2003
4757 1 2 0 2754 2003 1378
4758 1 2 0 2755 1378 1442
4759 1 2 0 2756 1378 2004
4760 1 2 0 2756 2004 1379
4761 1 2 0 2757 1379 1443
4762 1 2 0 2758 1379 2005
4763 1 2 0 2758 2005 1380
4764 1 2 0 2759 1380 1444
4765 1 2 0 2760 1380 2006
4766 1 2 0 2760 2006 1381
4767 1 2 0 2761 1381 1445
4768 1 2 0 2762 1381 2007
4769 1 2 0 2762 2007 2008
4770 1 2 0 2762 2008 1382
4771 1 2 0 2763 1382 1446
4772 1 2 0 2764 1382 1383
4773 1 2 0 2765 1383 1447
4774 1 2 0 2766 1383 1384
4775 1 2 0 2767 1384 1448
4776 1 2 0 2768 1384 1385
4777 1 2 0 2769 1385 1449
4778 1 2 0 2770 1385 1386
4779 1 2 0 2771 1386 1450
4780 1 2 0 2772 1386 1387
4781 1 2 0 2773 1387 1451
4782 1 2 0 2774 1387 2009
4783 1 2 0 2774 2009 2010
4784 1 2 0 2774 2010 1388
4785 1 2 0 2775 1388 1452
4786 1 2 0 2776 1388 2011
4787 1 2 0 2776 2011 1389
4788 1 2 0 2777 1389 1453
4789 1 2 0 2778 1389 2012
4790 1 2 0 2778 2012 1390
4791 1 2 0 2779 1390 1454
4792 1 2 0 2780 1390 2013
4793 1 2 0 2780 2013 1391
4794 1 2 0 2781 1391 1455
4795 1 2 0 2782 1391 2014
4796 1 2 0 2782 2014 1392
4797 1 2 0 2783 1392 1456
4798 1 2 0 2784 1392 2015
4799 1 2 0 2784 2015 1393
4800 1 2 0 2785 1393 1457
4801 1 2 0 2786 1393 2016
4802 1 2 0 2786 2016 1394
4803 1 2 0 2787 1394 1458
4804 1 2 0 2788 1394 2017
4805 1 2 0 2788 2017 1395
4806 1 2 0 2789 1395 1459
4807 1 2 0 2790 1395 2018
4808 1 2 0 2790 2018 1396
4809 1 2 0 2791 1396 1460
4810 1 2 0 2792 1396 2019
4811 1 2 0 2792 2019 1397
4812 1 2 0 2793 1397 1461
4813 1 2 0 2794 1397 2020
4814 1 2 0 2794 2020 1398
4815 1 2 0 2795 1398 1462
4816 1 2 0 2796 1398 2021
4817 1 2 0 2796 2021 2022
4818 1 2 0 2796 2022 1399
4819 1 2 0 2797 1399 1463
4820 1 2 0 2798 1399 1400
4821 1 2 0 2799 1400 1464
4822 1 2 0 2800 1400 1401
4823 1 2 0 2801 1401 1465
4824 1 2 0 2802 1401 1402
4825 1 2 0 2803 1402 1466
4826 1 2 0 2804 1402 1403
4827 1 2 0 2805 1403 1467
4828 1 2 0 2806 1403 1404
4829 1 2 0 2807 1404 1468
4830 1 2 0 2808 1404 2023
4831 1 2 0 2808 2023 2024
4832 1 2 0 2808 2024 1405
4833 1 2 0 2809 1405 1469
4834 1 2 0 2810 1405 2025
4835 1 2 0 2810 2025 1406
4836 1 2 0 2811 1406 1470
4837 1 2 0 2812 1406 2026
4838 1 2 0 2812 2026 1407
4839 1 2 0 2813 1407 1471
4840 1 2 0 2814 1407 2027
4841 1 2 0 2814 2027 1408
4842 1 2 0 2815 1408 1472
4843 1 2 0 2816 1408 2028
4844 1 2 0 2816 2028 1345
4845 1 2 0 2817 1409 1473
4846 1 2 0 2818 1409 2029
4847 1 2 0 2818 2029 1410
4848 1 2 0 2819 1410 1474
4849 1 2 0 2820 1410 2030
4850 1 2 0 2820 2030 1411
4851 1 2 0 2821 1411 1475
4852 1 2 0 2822 1411 2031
4853 1 2 0 2822 2031 1412
4854 1 2 0 2823 1412 1476
4855 1 2 0 2824 1412 2032
4856 1 2 0 2824 2032 1413
4857 1 2 0 2825 1413 1477
4858 1 2 0 2826 1413 2033
4859 1 2 0 2826 2033 2034
4860 1 2 0 2826 2034 1414
4861 1 2 0 2827 1414 1478
4862 1 2 0 2828 1414 1415
4863 1 2 0 2829 1415 1479
4864 1 2 0 2830 1415 1416
4865 1 2 0 2831 1416 1480
4866 1 2 0 2832 1416 1417
4867 1 2 0 2833 1417 1481
4868 1 2 0 2834 1417 1418
4869 1 2 0 2835 1418 1482
4870 1 2 0 2836 1418 1419
4871 1 2 0 2837 1419 1483
4872 1 2 0 2838 1419 2035
4873 1 2 0 2838 2035 2036
4874 1 2 0 2838 2036 1420
4875 1 2 0 2839 1420 1484
4876 1 2 0 2840 1420 2037
4877 1 2 0 2840 2037 1421
4878 1 2 0 2841 1421 1485
4879 1 2 0 2842 1421 2038
4880 1 2 0 2842 2038 1422
4881 1 2 0 2843 1422 1486
4882 1 2 0 2844 1422 2039
4883 1 2 0 2844 2039 1423
4884 1 2 0 2845 1423 1487
4885 1 2 0 2846 1423 2040
4886 1 2 0 2846 2040 1424
4887 1 2 0 2847 1424 1488
4888 1 2 0 2848 1424 2041
4889 1 2 0 2848 2041 1425
4890 1 2 0 2849 1425 1489
4891 1 2 0 2850 1425 2042
4892 1 2 0 2850 2042 1426
4893 1 2 0 2851 1426 1490
4894 1 2 0 2852 1426 2043
4895 1 2 0 2852 2043 1427
4896 1 2 0 2853 1427 1491
4897 1 2 0 2854 1427 2044
4898 1 2 0 2854 2044 1428
4899 1 2 0 2855 1428 1492
4900 1 2 0 2856 1428 2045
4901 1 2 0 2856 2045 1429
4902 1 2 0 2857 1429 1493
4903 1 2 0 2858 1429 2046
4904 1 2 0 2858 2046 1430
4905 1 2 0 2859 1430 1494
4906 1 2 0 2860 1430 2047
4907 1 2 0 2860 2047 2048
4908 1 2 0 2860 2048 1431
4909 1 2 0 2861 1431 1495
4910 1 2 0 2862 1431 1432
4911 1 2 0 2863 1432 1496
4912 1 2 0 2864 1432 1433
4913 1 2 0 2865 1433 1497
4914 1 2 0 2866 1433 1434
4915 1 2 0 2867 1434 1498
4916 1 2 0 2868 1434 1435
4917 1 2 0 2869 1435 1499
4918 1 2 0 2870 1435 1436
4919 1 2 0 2871 1436 1500
4920 1 2 0 2872 1436 2049
4921 1 2 0 2872 2049 2050
4922 1 2 0 2872 2050 1437
4923 1 2 0 2873 1437 1501
4924 1 2 0 2874 1437 2051
4925 1 2 0 2874 2051 1438
4926 1 2 0 2875 1438 1502
4927 1 2 0 2876 1438 2052
4928 1 2 0 2876 2052 1439
4929 1 2 0 2877 1439 1503
4930 1 2 0 2878 1439 2053
4931 1 2 0 2878 2053 1440
4932 1 2 0 2879 1440 1504
4933 1 2 0 2880 1440 2054
4934 1 2 0 2880 2054 1441
4935 1 2 0 2881 1441 1505
4936 1 2 0 2882 1441 2055
4937 1 2 0 2882 2055 1442
4938 1 2 0 2883 1442 1506
4939 1 2 0 2884 1442 2056
4940 1 2 0 2884 2056 1443
4941 1 2 0 2885 1443 1507
4942 1 2 0 2886 1443 2057
4943 1 2 0 2886 2057 1444
4944 1 2 0 2887 1444 1508
4945 1 2 0 2888 1444 2058
4946 1 2 0 2888 2058 1445
4947 1 2 0 2889 1445 1509
4948 1 2 0 2890 1445 2059
4949 1 2 0 2890 2059 2060
4950 1 2 0 2890 2060 1446
4951 1 2 0 2891 1446 1510
4952 1 2 0 2892 1446 1447
4953 1 2 0 2893 1447 1511
4954 1 2 0 2894 1447 1448
4955 1 2 0 2895 1448 1512
4956 1 2 0 2896 1448 1449
4957 1 2 0 2897 1449 1513
4958 1 2 0 2898 1449 1450
4959 1 2 0 2899 1450 1514
4960 1 2 0 2900 1450 1451
4961 1 2 0 2901 1451 1515
4962 1 2 0 2902 1451 2061
4963 1 2 0 2902 2061 2062
4964 1 2 0 2902 2062 1452
4965 1 2 0 2903 1452 1516
4966 1 2 0 2904 1452 2063
4967 1 2 0 2904 2063 1453
4968 1 2 0 2905 1453 1517
4969 1 2 0 2906 1453 2064
4970 1 2 0 2906 2064 1454
4971 1 2 0 2907 1454 1518
4972 1 2 0 2908 1454 2065
4973 1 2 0 2908 2065 1455
4974 1 2 0 2909 1455 1519
4975 1 2 0 2910 1455 2066
4976 1 2 0 2910 2066 1456
4977 1 2 0 2911 1456 1520
4978 1 2 0 2912 1456 2067
4979 1 2 0 2912 2067 1457
4980 1 2 0 2913 1457 1521
4981 1 2 0 2914 1457 2068
4982 1 2 0 2914 2068 1458
4983 1 2 0 2915 1458 1522
4984 1 2 0 2916 1458 2069
4985 1 2 0 2916 2069 1459
4986 1 2 0 2917 1459 1523
4987 1 2 0 2918 1459 2070
4988 1 2 0 2918 2070 1460
4989 1 2 0 2919 1460 1524
4990 1 2 0 2920 1460 2071
4991 1 2 0 2920 2071 1461
4992 1 2 0 2921 1461 1525
4993 1 2 0 2922 1461 2072
4994 1 2 0 2922 2072 1462
4995 1 2 0 2923 1462 1526
4996 1 2 0 2924 1462 2073
4997 1 2 0 2924 2073 2074
4998 1 2 0 2924 2074 1463
4999 1 2 0 2925 1463 1527
5000 1 2 0 2926 1463 1464
5001 1 2 0 2927 1464 1528
5002 1 2 0 2928 1464 1465
5003 1 2 0 2929 1465 1529
5004 1 2 0 2930 1465 1466
5005 1 2 0 2931 1466 1530
5006 1 2 0 2932 1466 1467
5007 1 2 0 2933 1467 1531
5008 1 2 0 2934 1467 1468
5009 1 2 0 2935 1468 1532
5010 1 2 0 2936 1468 2075
5011 1 2 0 2936 2075 2076
5012 1 2 0 2936 2076 1469
5013 1 2 0 2937 1469 1533
5014 1 2 0 2938 1469 2077
5015 1 2 0 2938 2077 1470
5016 1 2 0 2939 1470 1534
5017 1 2 0 2940 1470 2078
5018 1 2 0 2940 2078 1471
5019 1 2 0 2941 1471 1535
5020 1 2 0 2942 1471 2079
5021 1 2 0 2942 2079 1472
5022 1 2 0 2943 1472 1536
5023 1 2 0 2944 1472 2080
5024 1 2 0 2944 2080 1409
5025 1 2 0 2945 1473 1537
5026 1 2 0 2946 1473 2081
5027 1 2 0 2946 2081 1474
5028 1 2 0 2947 1474 1538
5029 1 2 0 2948 1474 2082
5030 1 2 0 2948 2082 1475
5031 1 2 0 2949 1475 1539
5032 1 2 0 2950 1475 2083
5033 1 2 0 2950 2083 1476
5034 1 2 0 2951 1476 1540
5035 1 2 0 2952 1476 2084
5036 1 2 0 2952 2084 2085
5037 1 2 0 2952 2085 1477
5038 1 2 0 2953 1477 1541
5039 1 2 0 2954 1477 2086
5040 1 2 0 2954 2086 2087
5041 1 2 0 2954 2087 1478
5042 1 2 0 2955 1478 1542
5043 1 2 0 2956 1478 1479
5044 1 2 0 2957 1479 1543
5045 1 2 0 2958 1479 1480
5046 1 2 0 2959 1480 1544
5047 1 2 0 2960 1480 1481
5048 1 2 0 2961 1481 1545
5049 1 2 0 2962 1481 1482
5050 1 2 0 2963 1482 1546
5051 1 2 0 2964 1482 1483
5052 1 2 0 2965 1483 1547
5053 1 2 0 2966 1483 2088
5054 1 2 0 2966 2088 2089
5055 1 2 0 2966 2089 1484
5056 1 2 0 2967 1484 1548
5057 1 2 0 2968 1484 2090
5058 1 2 0 2968 2090 1485
5059 1 2 0 2969 1485 1549
5060 1 2 0 2970 1485 2091
5061 1 2 0 2970 2091 1486
5062 1 2 0 2971 1486 1550
5063 1 2 0 2972 1486 2092
5064 1 2 0 2972 2092 1487
5065 1 2 0 2973 1487 1551
5066 1 2 0 2974 1487 2093
5067 1 2 0 2974 2093 1488
5068 1 2 0 2975 1488 1552
5069 1 2 0 2976 1488 2094
5070 1 2 0 2976 2094 1489
5071 1 2 0 2977 1489 1553
5072 1 2 0 2978 1489 2095
5073 1 2 0 2978 2095 1490
5074 1 2 0 2979 1490 1554
5075 1 2 0 2980 1490 2096
5076 1 2 0 2980 2096 1491
5077 1 2 0 2981 1491 1555
5078 1 2 0 2982 1491 2097
5079 1 2 0 2982 2097 1492
5080 1 2 0 2983 1492 1556
5081 1 2 0 2984 1492 2098
5082 1 2 0 2984 2098 1493
5083 1 2 0 2985 1493 1557
5084 1 2 0 2986 1493 2099
5085 1 2 0 2986 2099 1494
5086 1 2 0 2987 1494 1558
5087 1 2 0 2988 1494 2100
5088 1 2 0 2988 2100 2101
5089 1 2 0 2988 2101 1495
5090 1 2 0 2989 1495 1559
5091 1 2 0 2990 1495 1496
5092 1 2 0 2991 1496 1560
5093 1 2 0 2992 1496 1497
5094 1 2 0 2993 1497 1561
5095 1 2 0 2994 1497 1498
5096 1 2 0 2995 1498 1562
5097 1 2 0 2996 1498 1499
5098 1 2 0 2997 1499 1563
5099 1 2 0 2998 1499 1500
5100 1 2 0 2999 1500 1564
5101 1 2 0 3000 1500 2102
5102 1 2 0 3000 2102 2103
5103 1 2 0 3000 2103 1501
5104 1 2 0 3001 1501 1565
5105 1 2 0 3002 1501 2104
5106 1 2 0 3002 2104 2105
5107 1 2 0 3002 2105 1502
5108 1 2 0 3003 1502 1566
5109 1 2 0 3004 1502 2106
5110 1 2 0 3004 2106 1503
5111 1 2 0 3005 1503 1567
5112 1 2 0 3006 1503 2107
5113 1 2 0 3006 2107 1504
5114 1 2 0 3007 1504 1568
5115 1 2 0 3008 1504 2108
5116 1 2 0 3008 2108 1505
5117 1 2 0 3009 1505 1569
5118 1 2 0 3010 1505 2109
5119 1 2 0 3010 2109 1506
5120 1 2 0 3011 1506 1570
5121 1 2 0 3012 1506 2110
5122 1 2 0 3012 2110 1507
5123 1 2 0 3013 1507 1571
5124 1 2 0 3014 1507 2111
5125 1 2 0 3014 2111 1508
5126 1 2 0 3015 1508 1572
5127 1 2 0 3016 1508 2112
5128 1 2 0 3016 2112 2113
5129 1 2 0 3016 2113 1509
5130 1 2 0 3017 1509 1573
5131 1 2 0 3018 1509 2114
5132 1 2 0 3018 2114 2115
5133 1 2 0 3018 2115 1510
5134 1 2 0 3019 1510 1574
5135 1 2 0 3020 1510 1511
5136 1 2 0 3021 1511 1575
5137 1 2 0 3022 1511 1512
5138 1 2 0 3023 1512 1576
5139 1 2 0 3024 1512 1513
5140 1 2 0 3025 1513 1577
5141 1 2 0 3026 1513 1514
5142 1 2 0 3027 1514 1578
5143 1 2 0 3028 1514 1515
5144 1 2 0 3029 1515 1579
5145 1 2 0 3030 1515 2116
5146 1 2 0 3030 2116 2117
5147 1 2 0 3030 2117 1516
5148 1 2 0 3031 1516 1580
5149 1 2 0 3032 1516 2118
5150 1 2 0 3032 2118 1517
5151 1 2 0 3033 1517 1581
5152 1 2 0 3034 1517 2119
5153 1 2 0 3034 2119 1518
5154 1 2 0 3035 1518 1582
5155 1 2 0 3036 1518 2120
5156 1 2 0 3036 2120 1519
5157 1 2 0 3037 1519 1583
5158 1 2 0 3038 1519 2121
5159 1 2 0 3038 2121 1520
5160 1 2 0 3039 1520 1584
5161 1 2 0 3040 1520 2122
5162 1 2 0 3040 2122 1521
5163 1 2 0 3041 1521 1585
5164 1 2 0 3042 1521 2123
5165 1 2 0 3042 2123 1522
5166 1 2 0 3043 1522 1586
5167 1 2 0 3044 1522 2124
5168 1 2 0 3044 2124 1523
5169 1 2 0 3045 1523 1587
5170 1 2 0 3046 1523 2125
5171 1 2 0 3046 2125 1524
5172 1 2 0 3047 1524 1588
5173 1 2 0 3048 1524 2126
5174 1 2 0 3048 2126 1525
5175 1 2 0 3049 1525 1589
5176 1 2 0 3050 1525 2127
5177 1 2 0 3050 2127 1526
5178 1 2 0 3051 1526 1590
5179 1 2 0 3052 1526 2128
5180 1 2 0 3052 2128 2129
5181 1 2 0 3052 2129 1527
5182 1 2 0 3053 1527 1591
5183 1 2 0 3054 1527 1528
5184 1 2 0 3055 1528 1592
5185 1 2 0 3056 1528 1529
5186 1 2 0 3057 1529 1593
5187 1 2 0 3058 1529 1530
5188 1 2 0 3059 1530 1594
5189 1 2 0 3060 1530 1531
5190 1 2 0 3061 1531 1595
5191 1 2 0 3062 1531 1532
5192 1 2 0 3063 1532 1596
5193 1 2 0 3064 1532 2130
5194 1 2 0 3064 2130 2131
5195 1 2 0 3064 2131 1533
5196 1 2 0 3065 1533 1597
5197 1 2 0 3066 1533 2132
5198 1 2 0 3066 2132 2133
5199 1 2 0 3066 2133 1534
5200 1 2 0 3067 1534 1598
5201 1 2 0 3068 1534 2134
5202 1 2 0 3068 2134 1535
5203 1 2 0 3069 1535 1599
5204 1 2 0 3070 1535 2135
5205 1 2 0 3070 2135 1536
5206 1 2 0 3071 1536 1600
5207 1 2 0 3072 1536 2136
5208 1 2 0 3072 2136 1473
5209 1 2 0 3074 1537 2137
5210 1 2 0 3074 2137 1538
5211 1 2 0 3076 1538 2138
5212 1 2 0 3076 2138 1539
5213 1 2 0 3078 1539 2139
5214 1 2 0 3078 2139 1540
5215 1 2 0 3080 1540 2140
5216 1 2 0 3080 2140 2141
5217 1 2 0 3080 2141 1541
5218 1 2 0 3082 1541 2142
5219 1 2 0 3082 2142 2143
5220 1 2 0 3082 2143 1542
5221 1 2 0 3084 1542 1543
5222 1 2 0 3086 1543 1544
5223 1 2 0 3088 1544 1545
5224 1 2 0 3090 1545 1546
5225 1 2 0 3092 1546 1547
5226 1 2 0 3094 1547 2144
5227 1 2 0 3094 2144 2145
5228 1 2 0 3094 2145 1548
5229 1 2 0 3096 1548 2146
5230 1 2 0 3096 2146 1549
5231 1 2 0 3098 1549 2147
5232 1 2 0 3098 2147 1550
5233 1 2 0 3100 1550 2148
5234 1 2 0 3100 2148 1551
5235 1 2 0 3102 1551 2149
5236 1 2 0 3102 2149 1552
5237 1 2 0 3104 1552 2150
5238 1 2 0 3104 2150 1553
5239 1 2 0 3106 1553 2151
5240 1 2 0 3106 2151 1554
5241 1 2 0 3108 1554 2152
5242 1 2 0 3108 2152 1555
5243 1 2 0 3110 1555 2153
5244 1 2 0 3110 2153 1556
5245 1 2 0 3112 1556 2154
5246 1 2 0 3112 2154 1557
5247 1 2 0 3114 1557 2155
5248 1 2 0 3114 2155 1558
5249 1 2 0 3116 1558 2156
5250 1 2 0 3116 2156 2157
5251 1 2 0 3116 2157 1559
5252 1 2 0 3118 1559 1560
5253 1 2 0 3120 1560 1561
5254 1 2 0 3122 1561 1562
5255 1 2 0 3124 1562 1563
5256 1 2 0 3126 1563 1564
5257 1 2 0 3128 1564 2158
5258 1 2 0 3128 2158 2159
5259 1 2 0 3128 2159 1565
5260 1 2 0 3130 1565 2160
5261 1 2 0 3130 2160 2161
5262 1 2 0 3130 2161 1566
5263 1 2 0 3132 1566 2162
5264 1 2 0 3132 2162 1567
5265 1 2 0 3134 1567 2163
5266 1 2 0 3134 2163 1568
5267 1 2 0 3136 1568 2164
5268 1 2 0 3136 2164 1569
5269 1 2 0 3138 1569 2165
5270 1 2 0 3138 2165 1570
5271 1 2 0 3140 1570 2166
5272 1 2 0 3140 2166 1571
5273 1 2 0 3142 1571 2167
5274 1 2 0 3142 2167 1572
5275 1 2 0 3144 1572 2168
5276 1 2 0 3144 2168 2169
5277 1 2 0 3144 2169 1573
5278 1 2 0 3146 1573 2170
5279 1 2 0 3146 2170 2171
5280 1 2 0 3146 2171 1574
5281 1 2 0 3148 1574 1575
5282 1 2 0 3150 1575 1576
5283 1 2 0 3152 1576 1577
5284 1 2 0 3154 1577 1578
5285 1 2 0 3156 1578 1579
5286 1 2 0 3158 1579 2172
5287 1 2 0 3158 2172 2173
5288 1 2 0 3158 2173 1580
5289 1 2 0 3160 1580 2174
5290 1 2 0 3160 2174 1581
5291 1 2 0 3162 1581 2175
5292 1 2 0 3162 2175 1582
5293 1 2 0 3164 1582 2176
5294 1 2 0 3164 2176 1583
5295 1 2 0 3166 1583 2177
5296 1 2 0 3166 2177 1584
5297 1 2 0 3168 1584 2178
5298 1 2 0 3168 2178 1585
5299 1 2 0 3170 1585 2179
5300 1 2 0 3170 2179 1586
5301 1 2 0 3172 1586 2180
5302 1 2 0 3172 2180 1587
5303 1 2 0 3174 1587 2181
5304 1 2 0 3174 2181 1588
5305 1 2 0 3176 1588 2182
5306 1 2 0 3176 2182 1589
5307 1 2 0 3178 1589 2183
5308 1 2 0 3178 2183 1590
5309 1 2 0 3180 1590 2184
5310 1 2 0 3180 2184 2185
5311 1 2 0 3180 2185 1591
5312 1 2 0 3182 1591 1592
5313 1 2 0 3184 1592 1593
5314 1 2 0 3186 1593 1594
5315 1 2 0 3188 1594 1595
5316 1 2 0 3190 1595 1596
5317 1 2 0 3192 1596 2186
5318 1 2 0 3192 2186 2187
5319 1 2 0 3192 2187 1597
5320 1 2 0 3194 1597 2188
5321 1 2 0 3194 2188 2189
5322 1 2 0 3194 2189 1598
5323 1 2 0 3196 1598 2190
5324 1 2 0 3196 2190 1599
5325 1 2 0 3198 1599 2191
5326 1 2 0 3198 2191 1600
5327 1 2 0 3200 1600 2192
5328 1 2 0 3200 2192 1537
5329 2 2 0 62 2 1 2193
5330 2 2 0 62 65 66 2193
5331 2 2 0 62 1 65 2193
5332 2 2 0 62 66 2 2193
5333 2 2 0 63 3 2 2194
5334 2 2 0 63 66 67 2194
5335 2 2 0 63 2 66 2194
5336 2 2 0 63 67 3 2194
5337 2 2 0 64 4 3 2195
5338 2 2 0 64 67 68 2195
5339 2 2 0 64 3 67 2195
5340 2 2 0 64 68 4 2195
5341 2 2 0 65 5 4 2196
5342 2 2 0 65 68 69 2196
5343 2 2 0 65 4 68 2196
5344 2 2 0 65 69 5 2196
5345 2 2 0 66 6 5 2197
5346 2 2 0 66 69 70 2197
5347 2 2 0 66 5 69 2197
5348 2 2 0 66 70 6 2197
5349 2 2 0 67 70 71 7
5350 2 2 0 67 7 6 70
5351 2 2 0 68 8 7 71
5352 2 2 0 68 71 72 8
5353 2 2 0 69 9 8 73
5354 2 2 0 69 73 8 72
5355 2 2 0 70 74 9 73
5356 2 2 0 70 10 9 74
5357 2 2 0 71 75 10 74
5358 2 2 0 71 11 10 75
5359 2 2 0 72 12 11 2198
5360 2 2 0 72 75 76 2198
5361 2 2 0 72 11 75 2198
5362 2 2 0 72 76 12 2198
5363 2 2 0 73 13 12 2199
5364 2 2 0 73 76 77 2199
5365 2 2 0 73 12 76 2199
5366 2 2 0 73 77 13 2199
5367 2 2 0 74 14 13 2200
5368 2 2 0 74 77 78 2200
5369 2 2 0 74 13 77 2200
5370 2 2 0 74 78 14 2200
5371 2 2 0 75 15 14 2201
5372 2 2 0 75 78 79 2201
5373 2 2 0 75 14 78 2201
5374 2 2 0 75 79 15 2201
5375 2 2 0 76 16 15 2202
5376 2 2 0 76 79 80 2202
5377 2 2 0 76 15 79 2202
5378 2 2 0 76 80 16 2202
5379 2 2 0 77 17 16 2203
5380 2 2 0 77 80 81 2203
5381 2 2 0 77 16 80 2203
5382 2 2 0 77 81 17 2203
5383 2 2 0 78 18 17 2204
5384 2 2 0 78 81 82 2204
5385 2 2 0 78 17 81 2204
5386 2 2 0 78 82 18 2204
5387 2 2 0 79 19 18 2205
5388 2 2 0 79 82 83 2205
5389 2 2 0 79 18 82 2205
5390 2 2 0 79 83 19 2205
5391 2 2 0 80 20 19 2206
5392 2 2 0 80 83 84 2206
5393 2 2 0 80 19 83 2206
5394 2 2 0 80 84 20 2206
5395 2 2 0 81 21 20 2207
5396 2 2 0 81 84 85 2207
5397 2 2 0 81 20 84 2207
5398 2 2 0 81 85 21 2207
5399 2 2 0 82 22 21 2208
5400 2 2 0 82 85 86 2208
5401 2 2 0 82 21 85 2208
5402 2 2 0 82 86 22 2208
5403 2 2 0 83 23 22 2209
5404 2 2 0 83 86 87 2209
5405 2 2 0 83 22 86 2209
5406 2 2 0 83 87 23 2209
5407 2 2 0 84 87 88 24
5408 2 2 0 84 24 23 87
5409 2 2 0 85 88 89 25
5410 2 2 0 85 25 24 88
5411 2 2 0 86 89 26 25
5412 2 2 0 86 26 89 90
5413 2 2 0 87 91 27 26
5414 2 2 0 87 90 91 26
5415 2 2 0 88 91 92 27
5416 2 2 0 88 92 28 27
5417 2 2 0 89 29 28 2210
5418 2 2 0 89 92 93 2210
5419 2 2 0 89 28 92 2210
5420 2 2 0 89 93 29 2210
5421 2 2 0 90 30 29 2211
5422 2 2 0 90 93 94 2211
5423 2 2 0 90 29 93 2211
5424 2 2 0 90 94 30 2211
5425 2 2 0 91 31 30 2212
5426 2 2 0 91 94 95 2212
5427 2 2 0 91 30 94 2212
5428 2 2 0 91 95 31 2212
5429 2 2 0 92 32 31 2213
5430 2 2 0 92 95 96 2213
5431 2 2 0 92 31 95 2213
5432 2 2 0 92 96 32 2213
5433 2 2 0 93 33 32 2214
5434 2 2 0 93 96 97 2214
5435 2 2 0 93 32 96 2214
5436 2 2 0 93 97 33 2214
5437 2 2 0 94 34 33 2215
5438 2 2 0 94 97 98 2215
5439 2 2 0 94 33 97 2215
5440 2 2 0 94 98 34 2215
5441 2 2 0 95 35 34 2216
5442 2 2 0 95 98 99 2216
5443 2 2 0 95 34 98 2216
5444 2 2 0 95 99 35 2216
5445 2 2 0 96 36 35 2217
5446 2 2 0 96 99 100 2217
5447 2 2 0 96 35 99 2217
5448 2 2 0 96 100 36 2217
5449 2 2 0 97 37 36 2218
5450 2 2 0 97 100 101 2218
5451 2 2 0 97 36 100 2218
5452 2 2 0 97 101 37 2218
5453 2 2 0 98 38 37 2219
5454 2 2 0 98 101 102 2219
5455 2 2 0 98 37 101 2219
5456 2 2 0 98 102 38 2219
5457 2 2 0 99 39 102 103
5458 2 2 0 99 102 39 38
5459 2 2 0 100 103 40 39
5460 2 2 0 100 40 103 104
5461 2 2 0 101 105 41 40
5462 2 2 0 101 104 105 40
5463 2 2 0 102 105 106 41
5464 2 2 0 102 106 42 41
5465 2 2 0 103 106 107 42
5466 2 2 0 103 107 43 42
5467 2 2 0 104 44 43 2220
5468 2 2 0 104 107 108 2220
5469 2 2 0 104 43 107 2220
5470 2 2 0 104 108 44 2220
5471 2 2 0 105 45 44 2221
5472 2 2 0 105 108 109 2221
5473 2 2 0 105 44 108 2221
5474 2 2 0 105 109 45 2221
5475 2 2 0 106 46 45 2222
5476 2 2 0 106 109 110 2222
5477 2 2 0 106 45 109 2222
5478 2 2 0 106 110 46 2222
5479 2 2 0 107 47 46 2223
5480 2 2 0 107 110 111 2223
5481 2 2 0 107 46 110 2223
5482 2 2 0 107 111 47 2223
5483 2 2 0 108 48 47 2224
5484 2 2 0 108 111 112 2224
5485 2 2 0 108 47 111 2224
5486 2 2 0 108 112 48 2224
5487 2 2 0 109 49 48 2225
5488 2 2 0 109 112 113 2225
5489 2 2 0 109 48 112 2225
5490 2 2 0 109 113 49 2225
5491 2 2 0 110 50 49 2226
5492 2 2 0 110 113 114 2226
5493 2 2 0 110 49 113 2226
5494 2 2 0 110 114 50 2226
5495 2 2 0 111 51 50 2227
5496 2 2 0 111 114 115 2227
5497 2 2 0 111 50 114 2227
5498 2 2 0 111 115 51 2227
5499 2 2 0 112 52 51 2228
5500 2 2 0 112 115 116 2228
5501 2 2 0 112 51 115 2228
5502 2 2 0 112 116 52 2228
5503 2 2 0 113 53 52 2229
5504 2 2 0 113 116 117 2229
5505 2 2 0 113 52 116 2229
5506 2 2 0 113 117 53 2229
5507 2 2 0 114 54 53 2230
5508 2 2 0 114 117 118 2230
5509 2 2 0 114 53 117 2230
5510 2 2 0 114 118 54 2230
5511 2 2 0 115 55 54 2231
5512 2 2 0 115 118 119 2231
5513 2 2 0 115 54 118 2231
5514 2 2 0 115 119 55 2231
5515 2 2 0 116 56 119 120
5516 2 2 0 116 119 56 55
5517 2 2 0 117 57 120 121
5518 2 2 0 117 120 57 56
5519 2 2 0 118 58 57 121
5520 2 2 0 118 121 122 58
5521 2 2 0 119 59 58 123
5522 2 2 0 119 123 58 122
5523 2 2 0 120 124 59 123
5524 2 2 0 120 60 59 124
5525 2 2 0 121 61 60 2232
5526 2 2 0 121 124 125 2232
5527 2 2 0 121 60 124 2232
5528 2 2 0 121 125 61 2232
5529 2 2 0 122 62 61 2233
5530 2 2 0 122 125 126 2233
5531 2 2 0 122 61 125 2233
5532 2 2 0 122 126 62 2233
5533 2 2 0 123 63 62 2234
5534 2 2 0 123 126 127 2234
5535 2 2 0 123 62 126 2234
5536 2 2 0 123 127 63 2234
5537 2 2 0 124 64 63 2235
5538 2 2 0 124 127 128 2235
5539 2 2 0 124 63 127 2235
5540 2 2 0 124 128 64 2235
5541 2 2 0 125 1 64 2236
5542 2 2 0 125 128 65 2236
5543 2 2 0 125 65 1 2236
5544 2 2 0 125 64 128 2236
5545 2 2 0 126 129 130 2237
5546 2 2 0 126 66 65 2237
5547 2 2 0 126 65 129 2237
5548 2 2 0 126 130 66 2237
5549 2 2 0 127 130 131 2238
5550 2 2 0 127 67 66 2238
5551 2 2 0 127 66 130 2238
5552 2 2 0 127 131 67 2238
5553 2 2 0 128 131 132 2239
5554 2 2 0 128 68 67 2239
5555 2 2 0 128 67 131 2239
5556 2 2 0 128 132 68 2239
5557 2 2 0 129 132 133 2240
5558 2 2 0 129 69 68 2240
5559 2 2 0 129 68 132 2240
5560 2 2 0 129 133 69 2240
5561 2 2 0 130 133 134 2241
5562 2 2 0 130 70 69 2241
5563 2 2 0 130 69 133 2241
5564 2 2 0 130 134 70 2241
5565 2 2 0 131 134 71 70
5566 2 2 0 131 134 135 71
5567 2 2 0 132 135 72 71
5568 2 2 0 132 72 135 136
5569 2 2 0 133 137 73 72
5570 2 2 0 133 136 137 72
5571 2 2 0 134 138 74 73
5572 2 2 0 134 137 138 73
5573 2 2 0 135 74 139 75
5574 2 2 0 135 138 139 74
5575 2 2 0 136 139 140 2242
5576 2 2 0 136 76 75 2242
5577 2 2 0 136 75 139 2242
5578 2 2 0 136 140 76 2242
5579 2 2 0 137 140 141 2243
5580 2 2 0 137 77 76 2243
5581 2 2 0 137 76 140 2243
5582 2 2 0 137 141 77 2243
5583 2 2 0 138 141 142 2244
5584 2 2 0 138 78 77 2244
5585 2 2 0 138 77 141 2244
5586 2 2 0 138 142 78 2244
5587 2 2 0 139 142 143 2245
5588 2 2 0 139 79 78 2245
5589 2 2 0 139 78 142 2245
5590 2 2 0 139 143 79 2245
5591 2 2 0 140 143 144 2246
5592 2 2 0 140 80 79 2246
5593 2 2 0 140 79 143 2246
5594 2 2 0 140 144 80 2246
5595 2 2 0 141 144 145 2247
5596 2 2 0 141 81 80 2247
5597 2 2 0 141 80 144 2247
5598 2 2 0 141 145 81 2247
5599 2 2 0 142 145 146 2248
5600 2 2 0 142 82 81 2248
5601 2 2 0 142 81 145 2248
5602 2 2 0 142 146 82 2248
5603 2 2 0 143 146 147 2249
5604 2 2 0 143 83 82 2249
5605 2 2 0 143 82 146 2249
5606 2 2 0 143 147 83 2249
5607 2 2 0 144 147 148 2250
5608 2 2 0 144 84 83 2250
5609 2 2 0 144 83 147 2250
5610 2 2 0 144 148 84 2250
5611 2 2 0 145 148 149 2251
5612 2 2 0 145 85 84 2251
5613 2 2 0 145 84 148 2251
5614 2 2 0 145 149 85 2251
5615 2 2 0 146 149 150 2252
5616 2 2 0 146 86 85 2252
5617 2 2 0 146 85 149 2252
5618 2 2 0 146 150 86 2252
5619 2 2 0 147 150 151 2253
5620 2 2 0 147 87 86 2253
5621 2 2 0 147 86 150 2253
5622 2 2 0 147 151 87 2253
5623 2 2 0 148 151 88 87
5624 2 2 0 148 151 152 88
5625 2 2 0 149 152 89 88
5626 2 2 0 149 152 153 89
5627 2 2 0 150 153 90 89
5628 2 2 0 150 90 153 154
5629 2 2 0 151 155 91 90
5630 2 2 0 151 154 155 90
5631 2 2 0 152 156 92 91
5632 2 2 0 152 155 156 91
5633 2 2 0 153 156 157 2254
5634 2 2 0 153 93 92 2254
5635 2 2 0 153 92 156 2254
5636 2 2 0 153 157 93 2254
5637 2 2 0 154 157 158 2255
5638 2 2 0 154 94 93 2255
5639 2 2 0 154 93 157 2255
5640 2 2 0 154 158 94 2255
5641 2 2 0 155 158 159 2256
5642 2 2 0 155 95 94 2256
5643 2 2 0 155 94 158 2256
5644 2 2 0 155 159 95 2256
5645 2 2 0 156 159 160 2257
5646 2 2 0 156 96 95 2257
5647 2 2 0 156 95 159 2257
5648 2 2 0 156 160 96 2257
5649 2 2 0 157 160 161 2258
5650 2 2 0 157 97 96 2258
5651 2 2 0 157 96 160 2258
5652 2 2 0 157 161 97 2258
5653 2 2 0 158 161 162 2259
5654 2 2 0 158 98 97 2259
5655 2 2 0 158 97 161 2259
5656 2 2 0 158 162 98 2259
5657 2 2 0 159 162 163 2260
5658 2 2 0 159 99 98 2260
5659 2 2 0 159 98 162 2260
5660 2 2 0 159 163 99 2260
5661 2 2 0 160 163 164 2261
5662 2 2 0 160 100 99 2261
5663 2 2 0 160 99 163 2261
5664 2 2 0 160 164 100 2261
5665 2 2 0 161 164 165 2262
5666 2 2 0 161 101 100 2262
5667 2 2 0 161 100 164 2262
5668 2 2 0 161 165 101 2262
5669 2 2 0 162 165 166 2263
5670 2 2 0 162 102 101 2263
5671 2 2 0 162 101 165 2263
5672 2 2 0 162 166 102 2263
5673 2 2 0 163 166 103 102
5674 2 2 0 163 166 167 103
5675 2 2 0 164 167 104 103
5676 2 2 0 164 104 167 168
5677 2 2 0 165 169 105 104
5678 2 2 0 165 168 169 104
5679 2 2 0 166 170 106 105
5680 2 2 0 166 169 170 105
5681 2 2 0 167 106 171 107
5682 2 2 0 167 170 171 106
5683 2 2 0 168 171 172 2264
5684 2 2 0 168 108 107 2264
5685 2 2 0 168 107 171 2264
5686 2 2 0 168 172 108 2264
5687 2 2 0 169 172 173 2265
5688 2 2 0 169 109 108 2265
5689 2 2 0 169 108 172 2265
5690 2 2 0 169 173 109 2265
5691 2 2 0 170 173 174 2266
5692 2 2 0 170 110 109 2266
5693 2 2 0 170 109 173 2266
5694 2 2 0 170 174 110 2266
5695 2 2 0 171 174 175 2267
5696 2 2 0 171 111 110 2267
5697 2 2 0 171 110 174 2267
5698 2 2 0 171 175 111 2267
5699 2 2 0 172 175 176 2268
5700 2 2 0 172 112 111 2268
5701 2 2 0 172 111 175 2268
5702 2 2 0 172 176 112 2268
5703 2 2 0 173 176 177 2269
5704 2 2 0 173 113 112 2269
5705 2 2 0 173 112 176 2269
5706 2 2 0 173 177 113 2269
5707 2 2 0 174 177 178 2270
5708 2 2 0 174 114 113 2270
5709 2 2 0 174 113 177 2270
5710 2 2 0 174 178 114 2270
5711 2 2 0 175 178 179 2271
5712 2 2 0 175 115 114 2271
5713 2 2 0 175 114 178 2271
5714 2 2 0 175 179 115 2271
5715 2 2 0 176 179 180 2272
5716 2 2 0 176 116 115 2272
5717 2 2 0 176 115 179 2272
5718 2 2 0 176 180 116 2272
5719 2 2 0 177 180 181 2273
5720 2 2 0 177 117 116 2273
5721 2 2 0 177 116 180 2273
5722 2 2 0 177 181 117 2273
5723 2 2 0 178 181 182 2274
5724 2 2 0 178 118 117 2274
5725 2 2 0 178 117 181 2274
5726 2 2 0 178 182 118 2274
5727 2 2 0 179 182 183 2275
5728 2 2 0 179 119 118 2275
5729 2 2 0 179 118 182 2275
5730 2 2 0 179 183 119 2275
5731 2 2 0 180 183 120 119
5732 2 2 0 180 183 184 120
5733 2 2 0 181 184 121 120
5734 2 2 0 181 184 185 121
5735 2 2 0 182 185 122 121
5736 2 2 0 182 122 185 186
5737 2 2 0 183 187 123 122
5738 2 2 0 183 186 187 122
5739 2 2 0 184 188 124 123
5740 2 2 0 184 187 188 123
5741 2 2 0 185 188 189 2276
5742 2 2 0 185 125 124 2276
5743 2 2 0 185 124 188 2276
5744 2 2 0 185 189 125 2276
5745 2 2 0 186 189 190 2277
5746 2 2 0 186 126 125 2277
5747 2 2 0 186 125 189 2277
5748 2 2 0 186 190 126 2277
5749 2 2 0 187 190 191 2278
5750 2 2 0 187 127 126 2278
5751 2 2 0 187 126 190 2278
5752 2 2 0 187 191 127 2278
5753 2 2 0 188 191 192 2279
5754 2 2 0 188 128 127 2279
5755 2 2 0 188 127 191 2279
5756 2 2 0 188 192 128 2279
5757 2 2 0 189 192 129 2280
5758 2 2 0 189 65 128 2280
5759 2 2 0 189 129 65 2280
5760 2 2 0 189 128 192 2280
5761 2 2 0 190 193 130 129
5762 2 2 0 190 130 193 194
5763 2 2 0 191 194 131 130
5764 2 2 0 191 131 194 195
5765 2 2 0 192 195 132 131
5766 2 2 0 192 132 195 196
5767 2 2 0 193 196 133 132
5768 2 2 0 193 133 196 197
5769 2 2 0 194 197 134 133
5770 2 2 0 194 134 197 198
5771 2 2 0 195 198 135 134
5772 2 2 0 195 198 199 135
5773 2 2 0 196 199 136 135
5774 2 2 0 196 199 200 136
5775 2 2 0 197 201 137 136
5776 2 2 0 197 200 201 136
5777 2 2 0 198 137 202 138
5778 2 2 0 198 201 202 137
5779 2 2 0 199 138 203 139
5780 2 2 0 199 202 203 138
5781 2 2 0 200 204 140 139
5782 2 2 0 200 203 204 139
5783 2 2 0 201 205 141 140
5784 2 2 0 201 204 205 140
5785 2 2 0 202 206 142 141
5786 2 2 0 202 205 206 141
5787 2 2 0 203 207 143 142
5788 2 2 0 203 206 207 142
5789 2 2 0 204 208 144 143
5790 2 2 0 204 207 208 143
5791 2 2 0 205 209 145 144
5792 2 2 0 205 208 209 144
5793 2 2 0 206 209 146 145
5794 2 2 0 206 146 209 210
5795 2 2 0 207 210 147 146
5796 2 2 0 207 147 210 211
5797 2 2 0 208 211 148 147
5798 2 2 0 208 148 211 212
5799 2 2 0 209 212 149 148
5800 2 2 0 209 149 212 213
5801 2 2 0 210 213 150 149
5802 2 2 0 210 150 213 214
5803 2 2 0 211 214 151 150
5804 2 2 0 211 151 214 215
5805 2 2 0 212 215 152 151
5806 2 2 0 212 215 216 152
5807 2 2 0 213 216 153 152
5808 2 2 0 213 216 217 153
5809 2 2 0 214 217 154 153
5810 2 2 0 214 154 217 218
5811 2 2 0 215 154 219 155
5812 2 2 0 215 218 219 154
5813 2 2 0 216 155 220 156
5814 2 2 0 216 219 220 155
5815 2 2 0 217 221 157 156
5816 2 2 0 217 220 221 156
5817 2 2 0 218 222 158 157
5818 2 2 0 218 221 222 157
5819 2 2 0 219 223 159 158
5820 2 2 0 219 222 223 158
5821 2 2 0 220 224 160 159
5822 2 2 0 220 223 224 159
5823 2 2 0 221 225 161 160
5824 2 2 0 221 224 225 160
5825 2 2 0 222 225 162 161
5826 2 2 0 222 162 225 226
5827 2 2 0 223 226 163 162
5828 2 2 0 223 163 226 227
5829 2 2 0 224 227 164 163
5830 2 2 0 224 164 227 228
5831 2 2 0 225 228 165 164
5832 2 2 0 225 165 228 229
5833 2 2 0 226 229 166 165
5834 2 2 0 226 166 229 230
5835 2 2 0 227 230 167 166
5836 2 2 0 227 230 231 167
5837 2 2 0 228 231 168 167
5838 2 2 0 228 231 232 168
5839 2 2 0 229 233 169 168
5840 2 2 0 229 232 233 168
5841 2 2 0 230 169 234 170
5842 2 2 0 230 233 234 169
5843 2 2 0 231 170 235 171
5844 2 2 0 231 234 235 170
5845 2 2 0 232 236 172 171
5846 2 2 0 232 235 236 171
5847 2 2 0 233 237 173 172
5848 2 2 0 233 236 237 172
5849 2 2 0 234 238 174 173
5850 2 2 0 234 237 238 173
5851 2 2 0 235 239 175 174
5852 2 2 0 235 238 239 174
5853 2 2 0 236 240 176 175
5854 2 2 0 236 239 240 175
5855 2 2 0 237 241 177 176
5856 2 2 0 237 240 241 176
5857 2 2 0 238 241 178 177
5858 2 2 0 238 178 241 242
5859 2 2 0 239 242 179 178
5860 2 2 0 239 179 242 243
5861 2 2 0 240 243 180 179
5862 2 2 0 240 180 243 244
5863 2 2 0 241 244 181 180
5864 2 2 0 241 181 244 245
5865 2 2 0 242 245 182 181
5866 2 2 0 242 182 245 246
5867 2 2 0 243 246 183 182
5868 2 2 0 243 183 246 247
5869 2 2 0 244 247 184 183
5870 2 2 0 244 247 248 184
5871 2 2 0 245 248 185 184
5872 2 2 0 245 248 249 185
5873 2 2 0 246 249 186 185
5874 2 2 0 246 186 249 250
5875 2 2 0 247 186 251 187
5876 2 2 0 247 250 251 186
5877 2 2 0 248 187 252 188
5878 2 2 0 248 251 252 187
5879 2 2 0 249 253 189 188
5880 2 2 0 249 252 253 188
5881 2 2 0 250 254 190 189
5882 2 2 0 250 253 254 189
5883 2 2 0 251 255 191 190
5884 2 2 0 251 254 255 190
5885 2 2 0 252 256 192 191
5886 2 2 0 252 255 256 191
5887 2 2 0 253 193 129 192
5888 2 2 0 253 256 193 192
5889 2 2 0 254 257 194 193
5890 2 2 0 254 194 257 258
5891 2 2 0 255 258 195 194
5892 2 2 0 255 195 258 259
5893 2 2 0 256 259 196 195
5894 2 2 0 256 196 259 260
5895 2 2 0 257 260 197 196
5896 2 2 0 257 197 260 261
5897 2 2 0 258 261 198 197
5898 2 2 0 258 198 261 262
5899 2 2 0 259 262 199 198
5900 2 2 0 259 262 263 199
5901 2 2 0 260 263 200 199
5902 2 2 0 260 263 264 200
5903 2 2 0 261 265 201 200
5904 2 2 0 261 264 265 200
5905 2 2 0 262 201 266 202
5906 2 2 0 262 265 266 201
5907 2 2 0 263 202 267 203
5908 2 2 0 263 266 267 202
5909 2 2 0 264 268 204 203
5910 2 2 0 264 267 268 203
5911 2 2 0 265 269 205 204
5912 2 2 0 265 268 269 204
5913 2 2 0 266 270 206 205
5914 2 2 0 266 269 270 205
5915 2 2 0 267 271 207 206
5916 2 2 0 267 270 271 206
5917 2 2 0 268 272 208 207
5918 2 2 0 268 271 272 207
5919 2 2 0 269 273 209 208
5920 2 2 0 269 272 273 208
5921 2 2 0 270 273 210 209
5922 2 2 0 270 210 273 274
5923 2 2 0 271 274 211 210
5924 2 2 0 271 211 274 275
5925 2 2 0 272 275 212 211
5926 2 2 0 272 212 275 276
5927 2 2 0 273 276 213 212
5928 2 2 0 273 213 276 277
5929 2 2 0 274 277 214 213
5930 2 2 0 274 214 277 278
5931 2 2 0 275 278 215 214
5932 2 2 0 275 215 278 279
5933 2 2 0 276 279 216 215
5934 2 2 0 276 279 280 216
5935 2 2 0 277 280 217 216
5936 2 2 0 277 280 281 217
5937 2 2 0 278 281 218 217
5938 2 2 0 278 218 281 282
5939 2 2 0 279 218 283 219
5940 2 2 0 279 282 283 218
5941 2 2 0 280 219 284 220
5942 2 2 0 280 283 284 219
5943 2 2 0 281 285 221 220
5944 2 2 0 281 284 285 220
5945 2 2 0 282 286 222 221
5946 2 2 0 282 285 286 221
5947 2 2 0 283 287 223 222
5948 2 2 0 283 286 287 222
5949 2 2 0 284 288 224 223
5950 2 2 0 284 287 288 223
5951 2 2 0 285 289 225 224
5952 2 2 0 285 288 289 224
5953 2 2 0 286 289 226 225
5954 2 2 0 286 226 289 290
5955 2 2 0 287 290 227 226
5956 2 2 0 287 227 290 291
5957 2 2 0 288 291 228 227
5958 2 2 0 288 228 291 292
5959 2 2 0 289 292 229 228
5960 2 2 0 289 229 292 293
5961 2 2 0 290 293 230 229
5962 2 2 0 290 230 293 294
5963 2 2 0 291 294 231 230
5964 2 2 0 291 294 295 231
5965 2 2 0 292 295 232 231
5966 2 2 0 292 295 296 232
5967 2 2 0 293 297 233 232
5968 2 2 0 293 296 297 232
5969 2 2 0 294 233 298 234
5970 2 2 0 294 297 298 233
5971 2 2 0 295 234 299 235
5972 2 2 0 295 298 299 234
5973 2 2 0 296 300 236 235
5974 2 2 0 296 299 300 235
5975 2 2 0 297 301 237 236
5976 2 2 0 297 300 301 236
5977 2 2 0 298 302 238 237
5978 2 2 0 298 301 302 237
5979 2 2 0 299 303 239 238
5980 2 2 0 299 302 303 238
5981 2 2 0 300 304 240 239
5982 2 2 0 300 303 304 239
5983 2 2 0 301 305 241 240
5984 2 2 0 301 304 305 240
5985 2 2 0 302 305 242 241
5986 2 2 0 302 242 305 306
5987 2 2 0 303 306 243 242
5988 2 2 0 303 243 306 307
5989 2 2 0 304 307 244 243
5990 2 2 0 304 244 307 308
5991 2 2 0 305 308 245 244
5992 2 2 0 305 245 308 309
5993 2 2 0 306 309 246 245
5994 2 2 0 306 246 309 310
5995 2 2 0 307 310 247 246
5996 2 2 0 307 247 310 311
5997 2 2 0 308 311 248 247
5998 2 2 0 308 311 312 248
5999 2 2 0 309 312 249 248
6000 2 2 0 309 312 313 249
6001 2 2 0 310 313 250 249
6002 2 2 0 310 250 313 314
6003 2 2 0 311 250 315 251
6004 2 2 0 311 314 315 250
6005 2 2 0 312 251 316 252
6006 2 2 0 312 315 316 251
6007 2 2 0 313 317 253 252
6008 2 2 0 313 316 317 252
6009 2 2 0 314 318 254 253
6010 2 2 0 314 317 318 253
6011 2 2 0 315 319 255 254
6012 2 2 0 315 318 319 254
6013 2 2 0 316 320 256 255
6014 2 2 0 316 319 320 255
6015 2 2 0 317 257 193 256
6016 2 2 0 317 320 257 256
6017 2 2 0 318 321 258 257
6018 2 2 0 318 258 321 322
6019 2 2 0 319 322 259 258
6020 2 2 0 319 259 322 323
6021 2 2 0 320 323 260 259
6022 2 2 0 320 260 323 324
6023 2 2 0 321 324 261 260
6024 2 2 0 321 261 324 325
6025 2 2 0 322 325 262 261
6026 2 2 0 322 262 325 326
6027 2 2 0 323 326 263 262
6028 2 2 0 323 326 327 263
6029 2 2 0 324 327 264 263
6030 2 2 0 324 327 328 264
6031 2 2 0 325 329 265 264
6032 2 2 0 325 328 329 264
6033 2 2 0 326 265 330 266
6034 2 2 0 326 329 330 265
6035 2 2 0 327 266 331 267
6036 2 2 0 327 330 331 266
6037 2 2 0 328 332 268 267
6038 2 2 0 328 331 332 267
6039 2 2 0 329 333 269 268
6040 2 2 0 329 332 333 268
6041 2 2 0 330 334 270 269
6042 2 2 0 330 333 334 269
6043 2 2 0 331 335 271 270
6044 2 2 0 331 334 335 270
6045 2 2 0 332 336 272 271
6046 2 2 0 332 335 336 271
6047 2 2 0 333 337 273 272
6048 2 2 0 333 336 337 272
6049 2 2 0 334 337 274 273
6050 2 2 0 334 274 337 338
6051 2 2 0 335 338 275 274
6052 2 2 0 335 275 338 339
6053 2 2 0 336 339 276 275
6054 2 2 0 336 276 339 340
6055 2 2 0 337 340 277 276
6056 2 2 0 337 277 340 341
6057 2 2 0 338 341 278 277
6058 2 2 0 338 278 341 342
6059 2 2 0 339 342 279 278
6060 2 2 0 339 279 342 343
6061 2 2 0 340 343 280 279
6062 2 2 0 340 343 344 280
6063 2 2 0 341 344 281 280
6064 2 2 0 341 344 345 281
6065 2 2 0 342 345 282 281
6066 2 2 0 342 282 345 346
6067 2 2 0 343 282 347 283
6068 2 2 0 343 346 347 282
6069 2 2 0 344 283 348 284
6070 2 2 0 344 347 348 283
6071 2 2 0 345 349 285 284
6072 2 2 0 345 348 349 284
6073 2 2 0 346 350 286 285
6074 2 2 0 346 349 350 285
6075 2 2 0 347 351 287 286
6076 2 2 0 347 350 351 286
6077 2 2 0 348 352 288 287
6078 2 2 0 348 351 352 287
6079 2 2 0 349 353 289 288
6080 2 2 0 349 352 353 288
6081 2 2 0 350 353 290 289
6082 2 2 0 350 290 353 354
6083 2 2 0 351 354 291 290
6084 2 2 0 351 291 354 355
6085 2 2 0 352 355 292 291
6086 2 2 0 352 292 355 356
6087 2 2 0 353 356 293 292
6088 2 2 0 353 293 356 357
6089 2 2 0 354 357 294 293
6090 2 2 0 354 294 357 358
6091 2 2 0 355 358 295 294
6092 2 2 0 355 358 359 295
6093 2 2 0 356 359 296 295
6094 2 2 0 356 359 360 296
6095 2 2 0 357 361 297 296
6096 2 2 0 357 360 361 296
6097 2 2 0 358 297 362 298
6098 2 2 0 358 361 362 297
6099 2 2 0 359 298 363 299
6100 2 2 0 359 362 363 298
6101 2 2 0 360 364 300 299
6102 2 2 0 360 363 364 299
6103 2 2 0 361 365 301 300
6104 2 2 0 361 364 365 300
6105 2 2 0 362 366 302 301
6106 2 2 0 362 365 366 301
6107 2 2 0 363 367 303 302
6108 2 2 0 363 366 367 302
6109 2 2 0 364 368 304 303
6110 2 2 0 364 367 368 303
6111 2 2 0 365 369 305 304
6112 2 2 0 365 368 369 304
6113 2 2 0 366 369 306 305
6114 2 2 0 366 306 369 370
6115 2 2 0 367 370 307 306
6116 2 2 0 367 307 370 371
6117 2 2 0 368 371 308 307
6118 2 2 0 368 308 371 372
6119 2 2 0 369 372 309 308
6120 2 2 0 369 309 372 373
6121 2 2 0 370 373 310 309
6122 2 2 0 370 310 373 374
6123 2 2 0 371 374 311 310
6124 2 2 0 371 311 374 375
6125 2 2 0 372 375 312 311
6126 2 2 0 372 375 376 312
6127 2 2 0 373 376 313 312
6128 2 2 0 373 376 377 313
6129 2 2 0 374 377 314 313
6130 2 2 0 374 314 377 378
6131 2 2 0 375 314 379 315
6132 2 2 0 375 378 379 314
6133 2 2 0 376 315 380 316
6134 2 2 0 376 379 380 315
6135 2 2 0 377 381 317 316
6136 2 2 0 377 380 381 316
6137 2 2 0 378 382 318 317
6138 2 2 0 378 381 382 317
6139 2 2 0 379 383 319 318
6140 2 2 0 379 382 383 318
6141 2 2 0 380 384 320 319
6142 2 2 0 380 383 384 319
6143 2 2 0 381 321 257 320
6144 2 2 0 381 384 321 320
6145 2 2 0 382 385 322 321
6146 2 2 0 382 322 385 386
6147 2 2 0 383 386 323 322
6148 2 2 0 383 323 386 387
6149 2 2 0 384 387 324 323
6150 2 2 0 384 324 387 388
6151 2 2 0 385 388 325 324
6152 2 2 0 385 325 388 389
6153 2 2 0 386 389 326 325
6154 2 2 0 386 326 389 390
6155 2 2 0 387 390 327 326
6156 2 2 0 387 390 391 327
6157 2 2 0 388 391 328 327
6158 2 2 0 388 391 392 328
6159 2 2 0 389 393 329 328
6160 2 2 0 389 392 393 328
6161 2 2 0 390 329 394 330
6162 2 2 0 390 393 394 329
6163 2 2 0 391 330 395 331
6164 2 2 0 391 394 395 330
6165 2 2 0 392 396 332 331
6166 2 2 0 392 395 396 331
6167 2 2 0 393 397 333 332
6168 2 2 0 393 396 397 332
6169 2 2 0 394 398 334 333
6170 2 2 0 394 397 398 333
6171 2 2 0 395 399 335 334
6172 2 2 0 395 398 399 334
6173 2 2 0 396 400 336 335
6174 2 2 0 396 399 400 335
6175 2 2 0 397 401 337 336
6176 2 2 0 397 400 401 336
6177 2 2 0 398 401 338 337
6178 2 2 0 398 338 401 402
6179 2 2 0 399 402 339 338
6180 2 2 0 399 339 402 403
6181 2 2 0 400 403 340 339
6182 2 2 0 400 340 403 404
6183 2 2 0 401 404 341 340
6184 2 2 0 401 341 404 405
6185 2 2 0 402 405 342 341
6186 2 2 0 402 342 405 406
6187 2 2 0 403 406 343 342
6188 2 2 0 403 343 406 407
6189 2 2 0 404 407 344 343
6190 2 2 0 404 407 408 344
6191 2 2 0 405 408 345 344
6192 2 2 0 405 408 409 345
6193 2 2 0 406 409 346 345
6194 2 2 0 406 346 409 410
6195 2 2 0 407 346 411 347
6196 2 2 0 407 410 411 346
6197 2 2 0 408 347 412 348
6198 2 2 0 408 411 412 347
6199 2 2 0 409 413 349 348
6200 2 2 0 409 412 413 348
6201 2 2 0 410 414 350 349
6202 2 2 0 410 413 414 349
6203 2 2 0 411 415 351 350
6204 2 2 0 411 414 415 350
6205 2 2 0 412 416 352 351
6206 2 2 0 412 415 416 351
6207 2 2 0 413 417 353 352
6208 2 2 0 413 416 417 352
6209 2 2 0 414 417 354 353
6210 2 2 0 414 354 417 418
6211 2 2 0 415 418 355 354
6212 2 2 0 415 355 418 419
6213 2 2 0 416 419 356 355
6214 2 2 0 416 356 419 420
6215 2 2 0 417 420 357 356
6216 2 2 0 417 357 420 421
6217 2 2 0 418 421 358 357
6218 2 2 0 418 358 421 422
6219 2 2 0 419 422 359 358
6220 2 2 0 419 422 423 359
6221 2 2 0 420 423 360 359
6222 2 2 0 420 423 424 360
6223 2 2 0 421 425 361 360
6224 2 2 0 421 424 425 360
6225 2 2 0 422 361 426 362
6226 2 2 0 422 425 426 361
6227 2 2 0 423 362 427 363
6228 2 2 0 423 426 427 362
6229 2 2 0 424 428 364 363
6230 2 2 0 424 427 428 363
6231 2 2 0 425 429 365 364
6232 2 2 0 425 428 429 364
6233 2 2 0 426 430 366 365
6234 2 2 0 426 429 430 365
6235 2 2 0 427 431 367 366
6236 2 2 0 427 430 431 366
6237 2 2 0 428 432 368 367
6238 2 2 0 428 431 432 367
6239 2 2 0 429 433 369 368
6240 2 2 0 429 432 433 368
6241 2 2 0 430 433 370 369
6242 2 2 0 430 370 433 434
6243 2 2 0 431 434 371 370
6244 2 2 0 431 371 434 435
6245 2 2 0 432 435 372 371
6246 2 2 0 432 372 435 436
6247 2 2 0 433 436 373 372
6248 2 2 0 433 373 436 437
6249 2 2 0 434 437 374 373
6250 2 2 0 434 374 437 438
6251 2 2 0 435 438 375 374
6252 2 2 0 435 375 438 439
6253 2 2 0 436 439 376 375
6254 2 2 0 436 439 440 376
6255 2 2 0 437 440 377 376
6256 2 2 0 437 440 441 377
6257 2 2 0 438 441 378 377
6258 2 2 0 438 378 441 442
6259 2 2 0 439 378 443 379
6260 2 2 0 439 442 443 378
6261 2 2 0 440 379 444 380
6262 2 2 0 440 443 444 379
6263 2 2 0 441 445 381 380
6264 2 2 0 441 444 445 380
6265 2 2 0 442 446 382 381
6266 2 2 0 442 445 446 381
6267 2 2 0 443 447 383 382
6268 2 2 0 443 446 447 382
6269 2 2 0 444 448 384 383
6270 2 2 0 444 447 448 383
6271 2 2 0 445 385 321 384
6272 2 2 0 445 448 385 384
6273 2 2 0 446 449 386 385
6274 2 2 0 446 386 449 450
6275 2 2 0 447 450 387 386
6276 2 2 0 447 387 450 451
6277 2 2 0 448 451 388 387
6278 2 2 0 448 388 451 452
6279 2 2 0 449 452 389 388
6280 2 2 0 449 389 452 453
6281 2 2 0 450 453 390 389
6282 2 2 0 450 390 453 454
6283 2 2 0 451 454 391 390
6284 2 2 0 451 454 455 391
6285 2 2 0 452 455 392 391
6286 2 2 0 452 455 456 392
6287 2 2 0 453 457 393 392
6288 2 2 0 453 456 457 392
6289 2 2 0 454 393 458 394
6290 2 2 0 454 457 458 393
6291 2 2 0 455 394 459 395
6292 2 2 0 455 458 459 394
6293 2 2 0 456 460 396 395
6294 2 2 0 456 459 460 395
6295 2 2 0 457 461 397 396
6296 2 2 0 457 460 461 396
6297 2 2 0 458 462 398 397
6298 2 2 0 458 461 462 397
6299 2 2 0 459 463 399 398
6300 2 2 0 459 462 463 398
6301 2 2 0 460 464 400 399
6302 2 2 0 460 463 464 399
6303 2 2 0 461 465 401 400
6304 2 2 0 461 464 465 400
6305 2 2 0 462 465 402 401
6306 2 2 0 462 402 465 466
6307 2 2 0 463 466 403 402
6308 2 2 0 463 403 466 467
6309 2 2 0 464 467 404 403
6310 2 2 0 464 404 467 468
6311 2 2 0 465 468 405 404
6312 2 2 0 465 405 468 469
6313 2 2 0 466 469 406 405
6314 2 2 0 466 406 469 470
6315 2 2 0 467 470 407 406
6316 2 2 0 467 407 470 471
6317 2 2 0 468 471 408 407
6318 2 2 0 468 471 472 408
6319 2 2 0 469 472 409 408
6320 2 2 0 469 472 473 409
6321 2 2 0 470 473 410 409
6322 2 2 0 470 410 473 474
6323 2 2 0 471 410 475 411
6324 2 2 0 471 474 475 410
6325 2 2 0 472 411 476 412
6326 2 2 0 472 475 476 411
6327 2 2 0 473 477 413 412
6328 2 2 0 473 476 477 412
6329 2 2 0 474 478 414 413
6330 2 2 0 474 477 478 413
6331 2 2 0 475 479 415 414
6332 2 2 0 475 478 479 414
6333 2 2 0 476 480 416 415
6334 2 2 0 476 479 480 415
6335 2 2 0 477 481 417 416
6336 2 2 0 477 480 481 416
6337 2 2 0 478 481 418 417
6338 2 2 0 478 418 481 482
6339 2 2 0 479 482 419 418
6340 2 2 0 479 419 482 483
6341 2 2 0 480 483 420 419
6342 2 2 0 480 420 483 484
6343 2 2 0 481 484 421 420
6344 2 2 0 481 421 484 485
6345 2 2 0 482 485 422 421
6346 2 2 0 482 422 485 486
6347 2 2 0 483 486 423 422
6348 2 2 0 483 486 487 423
6349 2 2 0 484 487 424 423
6350 2 2 0 484 487 488 424
6351 2 2 0 485 489 425 424
6352 2 2 0 485 488 489 424
6353 2 2 0 486 425 490 426
6354 2 2 0 486 489 490 425
6355 2 2 0 487 426 491 427
6356 2 2 0 487 490 491 426
6357 2 2 0 488 492 428 427
6358 2 2 0 488 491 492 427
6359 2 2 0 489 493 429 428
6360 2 2 0 489 492 493 428
6361 2 2 0 490 494 430 429
6362 2 2 0 490 493 494 429
6363 2 2 0 491 495 431 430
6364 2 2 0 491 494 495 430
6365 2 2 0 492 496 432 431
6366 2 2 0 492 495 496 431
6367 2 2 0 493 497 433 432
6368 2 2 0 493 496 497 432
6369 2 2 0 494 497 434 433
6370 2 2 0 494 434 497 498
6371 2 2 0 495 498 435 434
6372 2 2 0 495 435 498 499
6373 2 2 0 496 499 436 435
6374 2 2 0 496 436 499 500
6375 2 2 0 497 500 437 436
6376 2 2 0 497 437 500 501
6377 2 2 0 498 501 438 437
6378 2 2 0 498 438 501 502
6379 2 2 0 499 502 439 438
6380 2 2 0 499 439 502 503
6381 2 2 0 500 503 440 439
6382 2 2 0 500 503 504 440
6383 2 2 0 501 504 441 440
6384 2 2 0 501 504 505 441
6385 2 2 0 502 505 442 441
6386 2 2 0 502 442 505 506
6387 2 2 0 503 442 507 443
6388 2 2 0 503 506 507 442
6389 2 2 0 504 443 508 444
6390 2 2 0 504 507 508 443
6391 2 2 0 505 509 445 444
6392 2 2 0 505 508 509 444
6393 2 2 0 506 510 446 445
6394 2 2 0 506 509 510 445
6395 2 2 0 507 511 447 446
6396 2 2 0 507 510 511 446
6397 2 2 0 508 512 448 447
6398 2 2 0 508 511 512 447
6399 2 2 0 509 449 385 448
6400 2 2 0 509 512 449 448
6401 2 2 0 510 513 450 449
6402 2 2 0 510 450 513 514
6403 2 2 0 511 514 451 450
6404 2 2 0 511 451 514 515
6405 2 2 0 512 515 452 451
6406 2 2 0 512 452 515 516
6407 2 2 0 513 516 453 452
6408 2 2 0 513 453 516 517
6409 2 2 0 514 517 454 453
6410 2 2 0 514 454 517 518
6411 2 2 0 515 518 455 454
6412 2 2 0 515 518 519 455
6413 2 2 0 516 519 456 455
6414 2 2 0 516 519 520 456
6415 2 2 0 517 521 457 456
6416 2 2 0 517 520 521 456
6417 2 2 0 518 457 522 458
6418 2 2 0 518 521 522 457
6419 2 2 0 519 458 523 459
6420 2 2 0 519 522 523 458
6421 2 2 0 520 524 460 459
6422 2 2 0 520 523 524 459
6423 2 2 0 521 525 461 460
6424 2 2 0 521 524 525 460
6425 2 2 0 522 526 462 461
6426 2 2 0 522 525 526 461
6427 2 2 0 523 527 463 462
6428 2 2 0 523 526 527 462
6429 2 2 0 524 528 464 463
6430 2 2 0 524 527 528 463
6431 2 2 0 525 529 465 464
6432 2 2 0 525 528 529 464
6433 2 2 0 526 529 466 465
6434 2 2 0 526 466 529 530
6435 2 2 0 527 530 467 466
6436 2 2 0 527 467 530 531
6437 2 2 0 528 531 468 467
6438 2 2 0 528 468 531 532
6439 2 2 0 529 532 469 468
6440 2 2 0 529 469 532 533
6441 2 2 0 530 533 470 469
6442 2 2 0 530 470 533 534
6443 2 2 0 531 534 471 470
6444 2 2 0 531 471 534 535
6445 2 2 0 532 535 472 471
6446 2 2 0 532 535 536 472
6447 2 2 0 533 536 473 472
6448 2 2 0 533 536 537 473
6449 2 2 0 534 537 474 473
6450 2 2 0 534 474 537 538
6451 2 2 0 535 474 539 475
6452 2 2 0 535 538 539 474
6453 2 2 0 536 475 540 476
6454 2 2 0 536 539 540 475
6455 2 2 0 537 541 477 476
6456 2 2 0 537 540 541 476
6457 2 2 0 538 542 478 477
6458 2 2 0 538 541 542 477
6459 2 2 0 539 543 479 478
6460 2 2 0 539 542 543 478
6461 2 2 0 540 544 480 479
6462 2 2 0 540 543 544 479
6463 2 2 0 541 545 481 480
6464 2 2 0 541 544 545 480
6465 2 2 0 542 545 482 481
6466 2 2 0 542 482 545 546
6467 2 2 0 543 546 483 482
6468 2 2 0 543 483 546 547
6469 2 2 0 544 547 484 483
6470 2 2 0 544 484 547 548
6471 2 2 0 545 548 485 484
6472 2 2 0 545 485 548 549
6473 2 2 0 546 549 486 485
6474 2 2 0 546 486 549 550
6475 2 2 0 547 550 487 486
6476 2 2 0 547 550 551 487
6477 2 2 0 548 551 488 487
6478 2 2 0 548 551 552 488
6479 2 2 0 549 553 489 488
6480 2 2 0 549 552 553 488
6481 2 2 0 550 489 554 490
6482 2 2 0 550 553 554 489
6483 2 2 0 551 490 555 491
6484 2 2 0 551 554 555 490
6485 2 2 0 552 556 492 491
6486 2 2 0 552 555 556 491
6487 2 2 0 553 557 493 492
6488 2 2 0 553 556 557 492
6489 2 2 0 554 558 494 493
6490 2 2 0 554 557 558 493
6491 2 2 0 555 559 495 494
6492 2 2 0 555 558 559 494
6493 2 2 0 556 560 496 495
6494 2 2 0 556 559 560 495
6495 2 2 0 557 561 497 496
6496 2 2 0 557 560 561 496
6497 2 2 0 558 561 498 497
6498 2 2 0 558 498 561 562
6499 2 2 0 559 562 499 498
6500 2 2 0 559 499 562 563
6501 2 2 0 560 563 500 499
6502 2 2 0 560 500 563 564
6503 2 2 0 561 564 501 500
6504 2 2 0 561 501 564 565
6505 2 2 0 562 565 502 501
6506 2 2 0 562 502 565 566
6507 2 2 0 563 566 503 502
6508 2 2 0 563 503 566 567
6509 2 2 0 564 567 504 503
6510 2 2 0 564 567 568 504
6511 2 2 0 565 568 505 504
6512 2 2 0 565 568 569 505
6513 2 2 0 566 569 506 505
6514 2 2 0 566 506 569 570
6515 2 2 0 567 506 571 507
6516 2 2 0 567 570 571 506
6517 2 2 0 568 507 572 508
6518 2 2 0 568 571 572 507
6519 2 2 0 569 573 509 508
6520 2 2 0 569 572 573 508
6521 2 2 0 570 574 510 509
6522 2 2 0 570 573 574 509
6523 2 2 0 571 575 511 510
6524 2 2 0 571 574 575 510
6525 2 2 0 572 576 512 511
6526 2 2 0 572 575 576 511
6527 2 2 0 573 513 449 512
6528 2 2 0 573 576 513 512
6529 2 2 0 574 577 578 2281
6530 2 2 0 574 514 513 2281
6531 2 2 0 574 513 577 2281
6532 2 2 0 574 578 514 2281
6533 2 2 0 575 578 515 514
6534 2 2 0 575 515 578 579
6535 2 2 0 576 579 516 515
6536 2 2 0 576 516 579 580
6537 2 2 0 577 580 517 516
6538 2 2 0 577 517 580 581
6539 2 2 0 578 581 518 517
6540 2 2 0 578 518 581 582
6541 2 2 0 579 582 519 518
6542 2 2 0 579 582 583 519
6543 2 2 0 580 583 520 519
6544 2 2 0 580 583 584 520
6545 2 2 0 581 585 521 520
6546 2 2 0 581 584 585 520
6547 2 2 0 582 521 586 522
6548 2 2 0 582 585 586 521
6549 2 2 0 583 522 587 523
6550 2 2 0 583 586 587 522
6551 2 2 0 584 588 524 523
6552 2 2 0 584 587 588 523
6553 2 2 0 585 589 525 524
6554 2 2 0 585 588 589 524
6555 2 2 0 586 590 526 525
6556 2 2 0 586 589 590 525
6557 2 2 0 587 591 527 526
6558 2 2 0 587 590 591 526
6559 2 2 0 588 592 528 527
6560 2 2 0 588 591 592 527
6561 2 2 0 589 593 529 528
6562 2 2 0 589 592 593 528
6563 2 2 0 590 593 530 529
6564 2 2 0 590 530 593 594
6565 2 2 0 591 594 531 530
6566 2 2 0 591 531 594 595
6567 2 2 0 592 595 532 531
6568 2 2 0 592 532 595 596
6569 2 2 0 593 596 533 532
6570 2 2 0 593 533 596 597
6571 2 2 0 594 597 534 533
6572 2 2 0 594 534 597 598
6573 2 2 0 595 598 535 534
6574 2 2 0 595 535 598 599
6575 2 2 0 596 599 536 535
6576 2 2 0 596 599 600 536
6577 2 2 0 597 600 537 536
6578 2 2 0 597 600 601 537
6579 2 2 0 598 601 538 537
6580 2 2 0 598 538 601 602
6581 2 2 0 599 538 603 539
6582 2 2 0 599 602 603 538
6583 2 2 0 600 539 604 540
6584 2 2 0 600 603 604 539
6585 2 2 0 601 605 541 540
6586 2 2 0 601 604 605 540
6587 2 2 0 602 606 542 541
6588 2 2 0 602 605 606 541
6589 2 2 0 603 607 543 542
6590 2 2 0 603 606 607 542
6591 2 2 0 604 608 544 543
6592 2 2 0 604 607 608 543
6593 2 2 0 605 608 609 2282
6594 2 2 0 605 545 544 2282
6595 2 2 0 605 544 608 2282
6596 2 2 0 605 609 545 2282
6597 2 2 0 606 609 610 2283
6598 2 2 0 606 546 545 2283
6599 2 2 0 606 545 609 2283
6600 2 2 0 606 610 546 2283
6601 2 2 0 607 610 547 546
6602 2 2 0 607 547 610 611
6603 2 2 0 608 611 548 547
6604 2 2 0 608 548 611 612
6605 2 2 0 609 612 549 548
6606 2 2 0 609 549 612 613
6607 2 2 0 610 613 550 549
6608 2 2 0 610 550 613 614
6609 2 2 0 611 614 551 550
6610 2 2 0 611 614 615 551
6611 2 2 0 612 615 552 551
6612 2 2 0 612 615 616 552
6613 2 2 0 613 617 553 552
6614 2 2 0 613 616 617 552
6615 2 2 0 614 553 618 554
6616 2 2 0 614 617 618 553
6617 2 2 0 615 554 619 555
6618 2 2 0 615 618 619 554
6619 2 2 0 616 620 556 555
6620 2 2 0 616 619 620 555
6621 2 2 0 617 621 557 556
6622 2 2 0 617 620 621 556
6623 2 2 0 618 622 558 557
6624 2 2 0 618 621 622 557
6625 2 2 0 619 623 559 558
6626 2 2 0 619 622 623 558
6627 2 2 0 620 624 560 559
6628 2 2 0 620 623 624 559
6629 2 2 0 621 625 561 560
6630 2 2 0 621 624 625 560
6631 2 2 0 622 625 562 561
6632 2 2 0 622 562 625 626
6633 2 2 0 623 626 563 562
6634 2 2 0 623 563 626 627
6635 2 2 0 624 627 564 563
6636 2 2 0 624 564 627 628
6637 2 2 0 625 628 565 564
6638 2 2 0 625 565 628 629
6639 2 2 0 626 629 566 565
6640 2 2 0 626 566 629 630
6641 2 2 0 627 630 567 566
6642 2 2 0 627 567 630 631
6643 2 2 0 628 631 568 567
6644 2 2 0 628 631 632 568
6645 2 2 0 629 632 569 568
6646 2 2 0 629 632 633 569
6647 2 2 0 630 633 570 569
6648 2 2 0 630 570 633 634
6649 2 2 0 631 570 635 571
6650 2 2 0 631 634 635 570
6651 2 2 0 632 571 636 572
6652 2 2 0 632 635 636 571
6653 2 2 0 633 637 573 572
6654 2 2 0 633 636 637 572
6655 2 2 0 634 638 574 573
6656 2 2 0 634 637 638 573
6657 2 2 0 635 639 575 574
6658 2 2 0 635 638 639 574
6659 2 2 0 636 640 576 575
6660 2 2 0 636 639 640 575
6661 2 2 0 637 640 577 2284
6662 2 2 0 637 513 576 2284
6663 2 2 0 637 577 513 2284
6664 2 2 0 637 576 640 2284
6665 2 2 0 638 641 642 2285
6666 2 2 0 638 578 577 2285
6667 2 2 0 638 577 641 2285
6668 2 2 0 638 642 578 2285
6669 2 2 0 639 642 579 578
6670 2 2 0 639 579 642 643
6671 2 2 0 640 643 580 579
6672 2 2 0 640 580 643 644
6673 2 2 0 641 644 581 580
6674 2 2 0 641 581 644 645
6675 2 2 0 642 645 582 581
6676 2 2 0 642 582 645 646
6677 2 2 0 643 646 583 582
6678 2 2 0 643 646 647 583
6679 2 2 0 644 647 584 583
6680 2 2 0 644 647 648 584
6681 2 2 0 645 649 585 584
6682 2 2 0 645 648 649 584
6683 2 2 0 646 585 650 586
6684 2 2 0 646 649 650 585
6685 2 2 0 647 586 651 587
6686 2 2 0 647 650 651 586
6687 2 2 0 648 652 588 587
6688 2 2 0 648 651 652 587
6689 2 2 0 649 653 589 588
6690 2 2 0 649 652 653 588
6691 2 2 0 650 654 590 589
6692 2 2 0 650 653 654 589
6693 2 2 0 651 655 591 590
6694 2 2 0 651 654 655 590
6695 2 2 0 652 656 592 591
6696 2 2 0 652 655 656 591
6697 2 2 0 653 657 593 592
6698 2 2 0 653 656 657 592
6699 2 2 0 654 657 594 593
6700 2 2 0 654 594 657 658
6701 2 2 0 655 658 595 594
6702 2 2 0 655 595 658 659
6703 2 2 0 656 659 596 595
6704 2 2 0 656 596 659 660
6705 2 2 0 657 660 597 596
6706 2 2 0 657 597 660 661
6707 2 2 0 658 661 598 597
6708 2 2 0 658 598 661 662
6709 2 2 0 659 662 599 598
6710 2 2 0 659 599 662 663
6711 2 2 0 660 663 600 599
6712 2 2 0 660 663 664 600
6713 2 2 0 661 664 601 600
6714 2 2 0 661 664 665 601
6715 2 2 0 662 665 602 601
6716 2 2 0 662 602 665 666
6717 2 2 0 663 602 667 603
6718 2 2 0 663 666 667 602
6719 2 2 0 664 603 668 604
6720 2 2 0 664 667 668 603
6721 2 2 0 665 669 605 604
6722 2 2 0 665 668 669 604
6723 2 2 0 666 670 606 605
6724 2 2 0 666 669 670 605
6725 2 2 0 667 671 607 606
6726 2 2 0 667 670 671 606
6727 2 2 0 668 672 608 607
6728 2 2 0 668 671 672 607
6729 2 2 0 669 672 673 2286
6730 2 2 0 669 609 608 2286
6731 2 2 0 669 608 672 2286
6732 2 2 0 669 673 609 2286
6733 2 2 0 670 673 674 2287
6734 2 2 0 670 610 609 2287
6735 2 2 0 670 609 673 2287
6736 2 2 0 670 674 610 2287
6737 2 2 0 671 674 611 610
6738 2 2 0 671 611 674 675
6739 2 2 0 672 675 612 611
6740 2 2 0 672 612 675 676
6741 2 2 0 673 676 613 612
6742 2 2 0 673 613 676 677
6743 2 2 0 674 677 614 613
6744 2 2 0 674 614 677 678
6745 2 2 0 675 678 615 614
6746 2 2 0 675 678 679 615
6747 2 2 0 676 679 616 615
6748 2 2 0 676 679 680 616
6749 2 2 0 677 681 617 616
6750 2 2 0 677 680 681 616
6751 2 2 0 678 617 682 618
6752 2 2 0 678 681 682 617
6753 2 2 0 679 618 683 619
6754 2 2 0 679 682 683 618
6755 2 2 0 680 684 620 619
6756 2 2 0 680 683 684 619
6757 2 2 0 681 685 621 620
6758 2 2 0 681 684 685 620
6759 2 2 0 682 686 622 621
6760 2 2 0 682 685 686 621
6761 2 2 0 683 687 623 622
6762 2 2 0 683 686 687 622
6763 2 2 0 684 688 624 623
6764 2 2 0 684 687 688 623
6765 2 2 0 685 689 625 624
6766 2 2 0 685 688 689 624
6767 2 2 0 686 689 626 625
6768 2 2 0 686 626 689 690
6769 2 2 0 687 690 627 626
6770 2 2 0 687 627 690 691
6771 2 2 0 688 691 628 627
6772 2 2 0 688 628 691 692
6773 2 2 0 689 692 629 628
6774 2 2 0 689 629 692 693
6775 2 2 0 690 693 630 629
6776 2 2 0 690 630 693 694
6777 2 2 0 691 694 631 630
6778 2 2 0 691 631 694 695
6779 2 2 0 692 695 632 631
6780 2 2 0 692 695 696 632
6781 2 2 0 693 696 633 632
6782 2 2 0 693 696 697 633
6783 2 2 0 694 697 634 633
6784 2 2 0 694 634 697 698
6785 2 2 0 695 634 699 635
6786 2 2 0 695 698 699 634
6787 2 2 0 696 635 700 636
6788 2 2 0 696 699 700 635
6789 2 2 0 697 701 637 636
6790 2 2 0 697 700 701 636
6791 2 2 0 698 702 638 637
6792 2 2 0 698 701 702 637
6793 2 2 0 699 703 639 638
6794 2 2 0 699 702 703 638
6795 2 2 0 700 704 640 639
6796 2 2 0 700 703 704 639
6797 2 2 0 701 704 641 2288
6798 2 2 0 701 577 640 2288
6799 2 2 0 701 641 577 2288
6800 2 2 0 701 640 704 2288
6801 2 2 0 702 642 641 2289
6802 2 2 0 702 705 706 2289
6803 2 2 0 702 641 705 2289
6804 2 2 0 702 706 642 2289
6805 2 2 0 703 706 643 642
6806 2 2 0 703 643 706 707
6807 2 2 0 704 707 644 643
6808 2 2 0 704 644 707 708
6809 2 2 0 705 708 645 644
6810 2 2 0 705 645 708 709
6811 2 2 0 706 709 646 645
6812 2 2 0 706 646 709 710
6813 2 2 0 707 710 647 646
6814 2 2 0 707 710 711 647
6815 2 2 0 708 711 648 647
6816 2 2 0 708 711 712 648
6817 2 2 0 709 713 649 648
6818 2 2 0 709 712 713 648
6819 2 2 0 710 649 714 650
6820 2 2 0 710 713 714 649
6821 2 2 0 711 650 715 651
6822 2 2 0 711 714 715 650
6823 2 2 0 712 716 652 651
6824 2 2 0 712 715 716 651
6825 2 2 0 713 717 653 652
6826 2 2 0 713 716 717 652
6827 2 2 0 714 718 654 653
6828 2 2 0 714 717 718 653
6829 2 2 0 715 719 655 654
6830 2 2 0 715 718 719 654
6831 2 2 0 716 720 656 655
6832 2 2 0 716 719 720 655
6833 2 2 0 717 721 657 656
6834 2 2 0 717 720 721 656
6835 2 2 0 718 721 658 657
6836 2 2 0 718 658 721 722
6837 2 2 0 719 722 659 658
6838 2 2 0 719 659 722 723
6839 2 2 0 720 723 660 659
6840 2 2 0 720 660 723 724
6841 2 2 0 721 724 661 660
6842 2 2 0 721 661 724 725
6843 2 2 0 722 725 662 661
6844 2 2 0 722 662 725 726
6845 2 2 0 723 726 663 662
6846 2 2 0 723 663 726 727
6847 2 2 0 724 727 664 663
6848 2 2 0 724 727 728 664
6849 2 2 0 725 728 665 664
6850 2 2 0 725 728 729 665
6851 2 2 0 726 729 666 665
6852 2 2 0 726 666 729 730
6853 2 2 0 727 666 731 667
6854 2 2 0 727 730 731 666
6855 2 2 0 728 667 732 668
6856 2 2 0 728 731 732 667
6857 2 2 0 729 733 669 668
6858 2 2 0 729 732 733 668
6859 2 2 0 730 734 670 669
6860 2 2 0 730 733 734 669
6861 2 2 0 731 735 671 670
6862 2 2 0 731 734 735 670
6863 2 2 0 732 736 672 671
6864 2 2 0 732 735 736 671
6865 2 2 0 733 673 672 2290
6866 2 2 0 733 736 737 2290
6867 2 2 0 733 672 736 2290
6868 2 2 0 733 737 673 2290
6869 2 2 0 734 674 673 2291
6870 2 2 0 734 737 738 2291
6871 2 2 0 734 673 737 2291
6872 2 2 0 734 738 674 2291
6873 2 2 0 735 738 675 674
6874 2 2 0 735 675 738 739
6875 2 2 0 736 739 676 675
6876 2 2 0 736 676 739 740
6877 2 2 0 737 740 677 676
6878 2 2 0 737 677 740 741
6879 2 2 0 738 741 678 677
6880 2 2 0 738 678 741 742
6881 2 2 0 739 742 679 678
6882 2 2 0 739 742 743 679
6883 2 2 0 740 743 680 679
6884 2 2 0 740 743 744 680
6885 2 2 0 741 745 681 680
6886 2 2 0 741 744 745 680
6887 2 2 0 742 681 746 682
6888 2 2 0 742 745 746 681
6889 2 2 0 743 682 747 683
6890 2 2 0 743 746 747 682
6891 2 2 0 744 748 684 683
6892 2 2 0 744 747 748 683
6893 2 2 0 745 749 685 684
6894 2 2 0 745 748 749 684
6895 2 2 0 746 750 686 685
6896 2 2 0 746 749 750 685
6897 2 2 0 747 751 687 686
6898 2 2 0 747 750 751 686
6899 2 2 0 748 752 688 687
6900 2 2 0 748 751 752 687
6901 2 2 0 749 753 689 688
6902 2 2 0 749 752 753 688
6903 2 2 0 750 753 690 689
6904 2 2 0 750 690 753 754
6905 2 2 0 751 754 691 690
6906 2 2 0 751 691 754 755
6907 2 2 0 752 755 692 691
6908 2 2 0 752 692 755 756
6909 2 2 0 753 756 693 692
6910 2 2 0 753 693 756 757
6911 2 2 0 754 757 694 693
6912 2 2 0 754 694 757 758
6913 2 2 0 755 758 695 694
6914 2 2 0 755 695 758 759
6915 2 2 0 756 759 696 695
6916 2 2 0 756 759 760 696
6917 2 2 0 757 760 697 696
6918 2 2 0 757 760 761 697
6919 2 2 0 758 761 698 697
6920 2 2 0 758 698 761 762
6921 2 2 0 759 698 763 699
6922 2 2 0 759 762 763 698
6923 2 2 0 760 699 764 700
6924 2 2 0 760 763 764 699
6925 2 2 0 761 765 701 700
6926 2 2 0 761 764 765 700
6927 2 2 0 762 766 702 701
6928 2 2 0 762 765 766 701
6929 2 2 0 763 767 703 702
6930 2 2 0 763 766 767 702
6931 2 2 0 764 768 704 703
6932 2 2 0 764 767 768 703
6933 2 2 0 765 641 704 2292
6934 2 2 0 765 768 705 2292
6935 2 2 0 765 705 641 2292
6936 2 2 0 765 704 768 2292
6937 2 2 0 766 706 705 2293
6938 2 2 0 766 769 770 2293
6939 2 2 0 766 705 769 2293
6940 2 2 0 766 770 706 2293
6941 2 2 0 767 770 707 706
6942 2 2 0 767 707 770 771
6943 2 2 0 768 771 708 707
6944 2 2 0 768 708 771 772
6945 2 2 0 769 772 709 708
6946 2 2 0 769 709 772 773
6947 2 2 0 770 773 710 709
6948 2 2 0 770 710 773 774
6949 2 2 0 771 774 711 710
6950 2 2 0 771 774 775 711
6951 2 2 0 772 775 712 711
6952 2 2 0 772 775 776 712
6953 2 2 0 773 777 713 712
6954 2 2 0 773 776 777 712
6955 2 2 0 774 713 778 714
6956 2 2 0 774 777 778 713
6957 2 2 0 775 714 779 715
6958 2 2 0 775 778 779 714
6959 2 2 0 776 780 716 715
6960 2 2 0 776 779 780 715
6961 2 2 0 777 781 717 716
6962 2 2 0 777 780 781 716
6963 2 2 0 778 782 718 717
6964 2 2 0 778 781 782 717
6965 2 2 0 779 783 719 718
6966 2 2 0 779 782 783 718
6967 2 2 0 780 784 720 719
6968 2 2 0 780 783 784 719
6969 2 2 0 781 784 785 2294
6970 2 2 0 781 721 720 2294
6971 2 2 0 781 720 784 2294
6972 2 2 0 781 785 721 2294
6973 2 2 0 782 785 786 2295
6974 2 2 0 782 722 721 2295
6975 2 2 0 782 721 785 2295
6976 2 2 0 782 786 722 2295
6977 2 2 0 783 786 723 722
6978 2 2 0 783 723 786 787
6979 2 2 0 784 787 724 723
6980 2 2 0 784 724 787 788
6981 2 2 0 785 788 725 724
6982 2 2 0 785 725 788 789
6983 2 2 0 786 789 726 725
6984 2 2 0 786 726 789 790
6985 2 2 0 787 790 727 726
6986 2 2 0 787 727 790 791
6987 2 2 0 788 791 728 727
6988 2 2 0 788 791 792 728
6989 2 2 0 789 792 729 728
6990 2 2 0 789 792 793 729
6991 2 2 0 790 793 730 729
6992 2 2 0 790 730 793 794
6993 2 2 0 791 730 795 731
6994 2 2 0 791 794 795 730
6995 2 2 0 792 731 796 732
6996 2 2 0 792 795 796 731
6997 2 2 0 793 797 733 732
6998 2 2 0 793 796 797 732
6999 2 2 0 794 798 734 733
7000 2 2 0 794 797 798 733
7001 2 2 0 795 799 735 734
7002 2 2 0 795 798 799 734
7003 2 2 0 796 800 736 735
7004 2 2 0 796 799 800 735
7005 2 2 0 797 737 736 2296
7006 2 2 0 797 800 801 2296
7007 2 2 0 797 736 800 2296
7008 2 2 0 797 801 737 2296
7009 2 2 0 798 738 737 2297
7010 2 2 0 798 801 802 2297
7011 2 2 0 798 737 801 2297
7012 2 2 0 798 802 738 2297
7013 2 2 0 799 802 739 738
7014 2 2 0 799 739 802 803
7015 2 2 0 800 803 740 739
7016 2 2 0 800 740 803 804
7017 2 2 0 801 804 741 740
7018 2 2 0 801 741 804 805
7019 2 2 0 802 805 742 741
7020 2 2 0 802 742 805 806
7021 2 2 0 803 806 743 742
7022 2 2 0 803 806 807 743
7023 2 2 0 804 807 744 743
7024 2 2 0 804 807 808 744
7025 2 2 0 805 809 745 744
7026 2 2 0 805 808 809 744
7027 2 2 0 806 745 810 746
7028 2 2 0 806 809 810 745
7029 2 2 0 807 746 811 747
7030 2 2 0 807 810 811 746
7031 2 2 0 808 812 748 747
7032 2 2 0 808 811 812 747
7033 2 2 0 809 813 749 748
7034 2 2 0 809 812 813 748
7035 2 2 0 810 814 750 749
7036 2 2 0 810 813 814 749
7037 2 2 0 811 815 751 750
7038 2 2 0 811 814 815 750
7039 2 2 0 812 816 752 751
7040 2 2 0 812 815 816 751
7041 2 2 0 813 816 817 2298
7042 2 2 0 813 753 752 2298
7043 2 2 0 813 752 816 2298
7044 2 2 0 813 817 753 2298
7045 2 2 0 814 817 818 2299
7046 2 2 0 814 754 753 2299
7047 2 2 0 814 753 817 2299
7048 2 2 0 814 818 754 2299
7049 2 2 0 815 818 755 754
7050 2 2 0 815 755 818 819
7051 2 2 0 816 819 756 755
7052 2 2 0 816 756 819 820
7053 2 2 0 817 820 757 756
7054 2 2 0 817 757 820 821
7055 2 2 0 818 821 758 757
7056 2 2 0 818 758 821 822
7057 2 2 0 819 822 759 758
7058 2 2 0 819 759 822 823
7059 2 2 0 820 823 760 759
7060 2 2 0 820 823 824 760
7061 2 2 0 821 824 761 760
7062 2 2 0 821 824 825 761
7063 2 2 0 822 825 762 761
7064 2 2 0 822 762 825 826
7065 2 2 0 823 762 827 763
7066 2 2 0 823 826 827 762
7067 2 2 0 824 763 828 764
7068 2 2 0 824 827 828 763
7069 2 2 0 825 829 765 764
7070 2 2 0 825 828 829 764
7071 2 2 0 826 830 766 765
7072 2 2 0 826 829 830 765
7073 2 2 0 827 831 767 766
7074 2 2 0 827 830 831 766
7075 2 2 0 828 832 768 767
7076 2 2 0 828 831 832 767
7077 2 2 0 829 705 768 2300
7078 2 2 0 829 832 769 2300
7079 2 2 0 829 769 705 2300
7080 2 2 0 829 768 832 2300
7081 2 2 0 830 770 769 2301
7082 2 2 0 830 833 834 2301
7083 2 2 0 830 769 833 2301
7084 2 2 0 830 834 770 2301
7085 2 2 0 831 834 771 770
7086 2 2 0 831 771 834 835
7087 2 2 0 832 835 772 771
7088 2 2 0 832 772 835 836
7089 2 2 0 833 836 773 772
7090 2 2 0 833 773 836 837
7091 2 2 0 834 837 774 773
7092 2 2 0 834 774 837 838
7093 2 2 0 835 838 775 774
7094 2 2 0 835 838 839 775
7095 2 2 0 836 839 776 775
7096 2 2 0 836 839 840 776
7097 2 2 0 837 841 777 776
7098 2 2 0 837 840 841 776
7099 2 2 0 838 777 842 778
7100 2 2 0 838 841 842 777
7101 2 2 0 839 778 843 779
7102 2 2 0 839 842 843 778
7103 2 2 0 840 844 780 779
7104 2 2 0 840 843 844 779
7105 2 2 0 841 845 781 780
7106 2 2 0 841 844 845 780
7107 2 2 0 842 846 782 781
7108 2 2 0 842 845 846 781
7109 2 2 0 843 847 783 782
7110 2 2 0 843 846 847 782
7111 2 2 0 844 848 784 783
7112 2 2 0 844 847 848 783
7113 2 2 0 845 848 849 2302
7114 2 2 0 845 785 784 2302
7115 2 2 0 845 784 848 2302
7116 2 2 0 845 849 785 2302
7117 2 2 0 846 849 850 2303
7118 2 2 0 846 786 785 2303
7119 2 2 0 846 785 849 2303
7120 2 2 0 846 850 786 2303
7121 2 2 0 847 850 787 786
7122 2 2 0 847 787 850 851
7123 2 2 0 848 851 788 787
7124 2 2 0 848 788 851 852
7125 2 2 0 849 852 789 788
7126 2 2 0 849 789 852 853
7127 2 2 0 850 853 790 789
7128 2 2 0 850 790 853 854
7129 2 2 0 851 854 791 790
7130 2 2 0 851 791 854 855
7131 2 2 0 852 855 792 791
7132 2 2 0 852 855 856 792
7133 2 2 0 853 856 793 792
7134 2 2 0 853 856 857 793
7135 2 2 0 854 857 794 793
7136 2 2 0 854 794 857 858
7137 2 2 0 855 794 859 795
7138 2 2 0 855 858 859 794
7139 2 2 0 856 795 860 796
7140 2 2 0 856 859 860 795
7141 2 2 0 857 861 797 796
7142 2 2 0 857 860 861 796
7143 2 2 0 858 862 798 797
7144 2 2 0 858 861 862 797
7145 2 2 0 859 863 799 798
7146 2 2 0 859 862 863 798
7147 2 2 0 860 864 800 799
7148 2 2 0 860 863 864 799
7149 2 2 0 861 801 800 2304
7150 2 2 0 861 864 865 2304
7151 2 2 0 861 800 864 2304
7152 2 2 0 861 865 801 2304
7153 2 2 0 862 802 801 2305
7154 2 2 0 862 865 866 2305
7155 2 2 0 862 801 865 2305
7156 2 2 0 862 866 802 2305
7157 2 2 0 863 866 803 802
7158 2 2 0 863 803 866 867
7159 2 2 0 864 867 804 803
7160 2 2 0 864 804 867 868
7161 2 2 0 865 868 805 804
7162 2 2 0 865 805 868 869
7163 2 2 0 866 869 806 805
7164 2 2 0 866 806 869 870
7165 2 2 0 867 870 807 806
7166 2 2 0 867 870 871 807
7167 2 2 0 868 871 808 807
7168 2 2 0 868 871 872 808
7169 2 2 0 869 873 809 808
7170 2 2 0 869 872 873 808
7171 2 2 0 870 809 874 810
7172 2 2 0 870 873 874 809
7173 2 2 0 871 810 875 811
7174 2 2 0 871 874 875 810
7175 2 2 0 872 876 812 811
7176 2 2 0 872 875 876 811
7177 2 2 0 873 877 813 812
7178 2 2 0 873 876 877 812
7179 2 2 0 874 878 814 813
7180 2 2 0 874 877 878 813
7181 2 2 0 875 879 815 814
7182 2 2 0 875 878 879 814
7183 2 2 0 876 880 816 815
7184 2 2 0 876 879 880 815
7185 2 2 0 877 880 881 2306
7186 2 2 0 877 817 816 2306
7187 2 2 0 877 816 880 2306
7188 2 2 0 877 881 817 2306
7189 2 2 0 878 881 882 2307
7190 2 2 0 878 818 817 2307
7191 2 2 0 878 817 881 2307
7192 2 2 0 878 882 818 2307
7193 2 2 0 879 882 819 818
7194 2 2 0 879 819 882 883
7195 2 2 0 880 883 820 819
7196 2 2 0 880 820 883 884
7197 2 2 0 881 884 821 820
7198 2 2 0 881 821 884 885
7199 2 2 0 882 885 822 821
7200 2 2 0 882 822 885 886
7201 2 2 0 883 886 823 822
7202 2 2 0 883 823 886 887
7203 2 2 0 884 887 824 823
7204 2 2 0 884 887 888 824
7205 2 2 0 885 888 825 824
7206 2 2 0 885 888 889 825
7207 2 2 0 886 889 826 825
7208 2 2 0 886 826 889 890
7209 2 2 0 887 826 891 827
7210 2 2 0 887 890 891 826
7211 2 2 0 888 827 892 828
7212 2 2 0 888 891 892 827
7213 2 2 0 889 893 829 828
7214 2 2 0 889 892 893 828
7215 2 2 0 890 894 830 829
7216 2 2 0 890 893 894 829
7217 2 2 0 891 895 831 830
7218 2 2 0 891 894 895 830
7219 2 2 0 892 896 832 831
7220 2 2 0 892 895 896 831
7221 2 2 0 893 769 832 2308
7222 2 2 0 893 896 833 2308
7223 2 2 0 893 833 769 2308
7224 2 2 0 893 832 896 2308
7225 2 2 0 894 834 833 2309
7226 2 2 0 894 897 898 2309
7227 2 2 0 894 833 897 2309
7228 2 2 0 894 898 834 2309
7229 2 2 0 895 898 835 834
7230 2 2 0 895 835 898 899
7231 2 2 0 896 899 836 835
7232 2 2 0 896 836 899 900
7233 2 2 0 897 900 837 836
7234 2 2 0 897 837 900 901
7235 2 2 0 898 1601 901 902
7236 2 2 0 898 901 838 837
7237 2 2 0 898 1601 838 901
7238 2 2 0 899 1601 839 838
7239 2 2 0 899 1602 839 1601
7240 2 2 0 899 902 903 1602
7241 2 2 0 899 1602 1601 902
7242 2 2 0 900 1602 840 839
7243 2 2 0 900 1603 840 1602
7244 2 2 0 900 1603 903 904
7245 2 2 0 900 1603 1602 903
7246 2 2 0 901 1604 841 840
7247 2 2 0 901 1603 1604 840
7248 2 2 0 901 1603 904 905
7249 2 2 0 901 1604 1603 905
7250 2 2 0 902 841 1605 842
7251 2 2 0 902 1604 1605 841
7252 2 2 0 902 905 906 1604
7253 2 2 0 902 1605 1604 906
7254 2 2 0 903 842 1606 843
7255 2 2 0 903 1605 1606 842
7256 2 2 0 903 906 907 1605
7257 2 2 0 903 1606 1605 907
7258 2 2 0 904 1606 907 908
7259 2 2 0 904 844 843 2310
7260 2 2 0 904 1606 908 2310
7261 2 2 0 904 843 1606 2310
7262 2 2 0 904 908 844 2310
7263 2 2 0 905 909 845 844
7264 2 2 0 905 908 909 844
7265 2 2 0 906 910 846 845
7266 2 2 0 906 909 910 845
7267 2 2 0 907 911 847 846
7268 2 2 0 907 910 911 846
7269 2 2 0 908 912 848 847
7270 2 2 0 908 911 912 847
7271 2 2 0 909 849 848 2311
7272 2 2 0 909 912 913 2311
7273 2 2 0 909 848 912 2311
7274 2 2 0 909 913 849 2311
7275 2 2 0 910 850 849 2312
7276 2 2 0 910 913 914 2312
7277 2 2 0 910 849 913 2312
7278 2 2 0 910 914 850 2312
7279 2 2 0 911 914 851 850
7280 2 2 0 911 851 914 915
7281 2 2 0 912 915 852 851
7282 2 2 0 912 852 915 916
7283 2 2 0 913 916 853 852
7284 2 2 0 913 853 916 917
7285 2 2 0 914 917 854 853
7286 2 2 0 914 854 917 918
7287 2 2 0 915 1607 918 919
7288 2 2 0 915 855 854 2313
7289 2 2 0 915 918 1607 2313
7290 2 2 0 915 1607 855 2313
7291 2 2 0 915 854 918 2313
7292 2 2 0 916 1607 856 855
7293 2 2 0 916 856 1607 1608
7294 2 2 0 916 919 920 1608
7295 2 2 0 916 1608 1607 919
7296 2 2 0 917 1608 857 856
7297 2 2 0 917 857 1608 1609
7298 2 2 0 917 920 921 1609
7299 2 2 0 917 1609 1608 920
7300 2 2 0 918 1609 858 857
7301 2 2 0 918 858 1609 1610
7302 2 2 0 918 1610 921 922
7303 2 2 0 918 1610 1609 921
7304 2 2 0 919 1611 859 858
7305 2 2 0 919 1610 1611 858
7306 2 2 0 919 1610 922 923
7307 2 2 0 919 1611 1610 923
7308 2 2 0 920 859 1612 860
7309 2 2 0 920 1611 1612 859
7310 2 2 0 920 923 924 1611
7311 2 2 0 920 1612 1611 924
7312 2 2 0 921 1612 924 925
7313 2 2 0 921 925 861 860
7314 2 2 0 921 1612 925 860
7315 2 2 0 922 926 862 861
7316 2 2 0 922 925 926 861
7317 2 2 0 923 927 863 862
7318 2 2 0 923 926 927 862
7319 2 2 0 924 928 864 863
7320 2 2 0 924 927 928 863
7321 2 2 0 925 865 864 2314
7322 2 2 0 925 928 929 2314
7323 2 2 0 925 864 928 2314
7324 2 2 0 925 929 865 2314
7325 2 2 0 926 866 865 2315
7326 2 2 0 926 929 930 2315
7327 2 2 0 926 865 929 2315
7328 2 2 0 926 930 866 2315
7329 2 2 0 927 930 867 866
7330 2 2 0 927 867 930 931
7331 2 2 0 928 931 868 867
7332 2 2 0 928 868 931 932
7333 2 2 0 929 932 869 868
7334 2 2 0 929 869 932 933
7335 2 2 0 930 1613 933 934
7336 2 2 0 930 933 870 869
7337 2 2 0 930 1613 870 933
7338 2 2 0 931 1613 871 870
7339 2 2 0 931 1614 871 1613
7340 2 2 0 931 934 935 1614
7341 2 2 0 931 1614 1613 934
7342 2 2 0 932 1614 872 871
7343 2 2 0 932 1615 872 1614
7344 2 2 0 932 1615 935 936
7345 2 2 0 932 1615 1614 935
7346 2 2 0 933 1616 873 872
7347 2 2 0 933 1615 1616 872
7348 2 2 0 933 1615 936 937
7349 2 2 0 933 1616 1615 937
7350 2 2 0 934 873 1617 874
7351 2 2 0 934 1616 1617 873
7352 2 2 0 934 937 938 1616
7353 2 2 0 934 1617 1616 938
7354 2 2 0 935 874 1618 875
7355 2 2 0 935 1617 1618 874
7356 2 2 0 935 938 939 1617
7357 2 2 0 935 1618 1617 939
7358 2 2 0 936 1618 939 940
7359 2 2 0 936 876 875 2316
7360 2 2 0 936 1618 940 2316
7361 2 2 0 936 875 1618 2316
7362 2 2 0 936 940 876 2316
7363 2 2 0 937 941 877 876
7364 2 2 0 937 940 941 876
7365 2 2 0 938 942 878 877
7366 2 2 0 938 941 942 877
7367 2 2 0 939 943 879 878
7368 2 2 0 939 942 943 878
7369 2 2 0 940 944 880 879
7370 2 2 0 940 943 944 879
7371 2 2 0 941 881 880 2317
7372 2 2 0 941 944 945 2317
7373 2 2 0 941 880 944 2317
7374 2 2 0 941 945 881 2317
7375 2 2 0 942 882 881 2318
7376 2 2 0 942 945 946 2318
7377 2 2 0 942 881 945 2318
7378 2 2 0 942 946 882 2318
7379 2 2 0 943 946 883 882
7380 2 2 0 943 883 946 947
7381 2 2 0 944 947 884 883
7382 2 2 0 944 884 947 948
7383 2 2 0 945 948 885 884
7384 2 2 0 945 885 948 949
7385 2 2 0 946 949 886 885
7386 2 2 0 946 886 949 950
7387 2 2 0 947 1619 950 951
7388 2 2 0 947 887 886 2319
7389 2 2 0 947 950 1619 2319
7390 2 2 0 947 1619 887 2319
7391 2 2 0 947 886 950 2319
7392 2 2 0 948 1619 888 887
7393 2 2 0 948 1620 888 1619
7394 2 2 0 948 951 952 1620
7395 2 2 0 948 1620 1619 951
7396 2 2 0 949 1620 889 888
7397 2 2 0 949 1621 889 1620
7398 2 2 0 949 952 953 1621
7399 2 2 0 949 1621 1620 952
7400 2 2 0 950 1621 890 889
7401 2 2 0 950 1622 890 1621
7402 2 2 0 950 1622 953 954
7403 2 2 0 950 1622 1621 953
7404 2 2 0 951 1623 891 890
7405 2 2 0 951 1622 1623 890
7406 2 2 0 951 1622 954 955
7407 2 2 0 951 1623 1622 955
7408 2 2 0 952 891 1624 892
7409 2 2 0 952 1623 1624 891
7410 2 2 0 952 955 956 1623
7411 2 2 0 952 1624 1623 956
7412 2 2 0 953 1624 956 957
7413 2 2 0 953 957 893 892
7414 2 2 0 953 1624 957 892
7415 2 2 0 954 958 894 893
7416 2 2 0 954 957 958 893
7417 2 2 0 955 959 895 894
7418 2 2 0 955 958 959 894
7419 2 2 0 956 960 896 895
7420 2 2 0 956 959 960 895
7421 2 2 0 957 833 896 2320
7422 2 2 0 957 960 897 2320
7423 2 2 0 957 897 833 2320
7424 2 2 0 957 896 960 2320
7425 2 2 0 958 962 898 2321
7426 2 2 0 958 961 962 2321
7427 2 2 0 958 898 897 2321
7428 2 2 0 958 897 961 2321
7429 2 2 0 959 962 899 898
7430 2 2 0 959 899 962 963
7431 2 2 0 960 963 900 899
7432 2 2 0 960 900 963 964
7433 2 2 0 961 964 901 900
7434 2 2 0 961 1625 901 964
7435 2 2 0 961 1625 964 965
7436 2 2 0 962 902 1625 2322
7437 2 2 0 962 1626 1658 966
7438 2 2 0 962 1626 902 2322
7439 2 2 0 962 1658 1626 2322
7440 2 2 0 962 965 1658 2322
7441 2 2 0 962 1625 965 2322
7442 2 2 0 962 1625 902 901
7443 2 2 0 963 1626 903 902
7444 2 2 0 963 1627 903 1626
7445 2 2 0 963 966 967 1627
7446 2 2 0 963 1627 1626 966
7447 2 2 0 964 1627 904 903
7448 2 2 0 964 1628 904 1627
7449 2 2 0 964 1628 967 968
7450 2 2 0 964 1628 1627 967
7451 2 2 0 965 1629 905 904
7452 2 2 0 965 1628 1629 904
7453 2 2 0 965 1628 968 969
7454 2 2 0 965 1629 1628 969
7455 2 2 0 966 905 1630 906
7456 2 2 0 966 1629 1630 905
7457 2 2 0 966 969 970 1629
7458 2 2 0 966 1630 1629 970
7459 2 2 0 967 906 1631 907
7460 2 2 0 967 1630 1631 906
7461 2 2 0 967 970 971 1630
7462 2 2 0 967 1631 1630 971
7463 2 2 0 968 1632 907 2323
7464 2 2 0 968 907 1631 2323
7465 2 2 0 968 972 1632 2323
7466 2 2 0 968 1631 971 972
7467 2 2 0 968 1632 908 907
7468 2 2 0 968 1631 972 2323
7469 2 2 0 969 909 908 2324
7470 2 2 0 969 1632 973 2324
7471 2 2 0 969 908 1632 2324
7472 2 2 0 969 973 909 2324
7473 2 2 0 969 1632 972 973
7474 2 2 0 970 974 910 909
7475 2 2 0 970 973 974 909
7476 2 2 0 971 975 911 910
7477 2 2 0 971 974 975 910
7478 2 2 0 972 976 912 911
7479 2 2 0 972 975 976 911
7480 2 2 0 973 913 912 2325
7481 2 2 0 973 976 977 2325
7482 2 2 0 973 912 976 2325
7483 2 2 0 973 977 913 2325
7484 2 2 0 974 914 913 2326
7485 2 2 0 974 977 978 2326
7486 2 2 0 974 913 977 2326
7487 2 2 0 974 978 914 2326
7488 2 2 0 975 978 915 914
7489 2 2 0 975 915 978 979
7490 2 2 0 976 979 916 915
7491 2 2 0 976 916 979 980
7492 2 2 0 977 980 917 916
7493 2 2 0 977 917 980 981
7494 2 2 0 978 918 917 2327
7495 2 2 0 978 981 1633 2327
7496 2 2 0 978 1633 918 2327
7497 2 2 0 978 917 981 2327
7498 2 2 0 978 1633 981 982
7499 2 2 0 979 919 1633 2328
7500 2 2 0 979 1634 919 2328
7501 2 2 0 979 1633 982 2328
7502 2 2 0 979 1634 982 983
7503 2 2 0 979 1633 919 918
7504 2 2 0 979 982 1634 2328
7505 2 2 0 980 1634 920 919
7506 2 2 0 980 1635 920 1634
7507 2 2 0 980 983 984 1635
7508 2 2 0 980 983 1635 1634
7509 2 2 0 981 1635 921 920
7510 2 2 0 981 1636 921 1635
7511 2 2 0 981 984 985 1636
7512 2 2 0 981 984 1636 1635
7513 2 2 0 982 1636 922 921
7514 2 2 0 982 1637 922 1636
7515 2 2 0 982 1637 985 986
7516 2 2 0 982 985 1637 1636
7517 2 2 0 983 1638 923 922
7518 2 2 0 983 1637 1638 922
7519 2 2 0 983 986 987 1637
7520 2 2 0 983 987 1638 1637
7521 2 2 0 984 923 1639 924
7522 2 2 0 984 1638 1639 923
7523 2 2 0 984 987 988 1638
7524 2 2 0 984 988 1639 1638
7525 2 2 0 985 1640 924 2329
7526 2 2 0 985 988 1673 1639
7527 2 2 0 985 924 1639 2329
7528 2 2 0 985 1639 1673 2329
7529 2 2 0 985 1673 989 2329
7530 2 2 0 985 989 1640 2329
7531 2 2 0 985 1640 925 924
7532 2 2 0 986 990 926 925
7533 2 2 0 986 1640 990 925
7534 2 2 0 986 989 990 1640
7535 2 2 0 987 991 927 926
7536 2 2 0 987 990 991 926
7537 2 2 0 988 992 928 927
7538 2 2 0 988 991 992 927
7539 2 2 0 989 928 992 2330
7540 2 2 0 989 992 993 2330
7541 2 2 0 989 929 928 2330
7542 2 2 0 989 993 929 2330
7543 2 2 0 990 994 930 2331
7544 2 2 0 990 993 994 2331
7545 2 2 0 990 930 929 2331
7546 2 2 0 990 929 993 2331
7547 2 2 0 991 994 931 930
7548 2 2 0 991 931 994 995
7549 2 2 0 992 995 932 931
7550 2 2 0 992 932 995 996
7551 2 2 0 993 996 933 932
7552 2 2 0 993 1641 933 996
7553 2 2 0 993 1641 996 997
7554 2 2 0 994 934 1641 2332
7555 2 2 0 994 1642 1676 998
7556 2 2 0 994 1642 934 2332
7557 2 2 0 994 1676 1642 2332
7558 2 2 0 994 997 1676 2332
7559 2 2 0 994 1641 997 2332
7560 2 2 0 994 1641 934 933
7561 2 2 0 995 1642 935 934
7562 2 2 0 995 1643 935 1642
7563 2 2 0 995 998 999 1643
7564 2 2 0 995 1643 1642 998
7565 2 2 0 996 1643 936 935
7566 2 2 0 996 1644 936 1643
7567 2 2 0 996 1644 999 1000
7568 2 2 0 996 1644 1643 999
7569 2 2 0 997 1645 937 936
7570 2 2 0 997 1644 1645 936
7571 2 2 0 997 1644 1000 1001
7572 2 2 0 997 1645 1644 1001
7573 2 2 0 998 937 1646 938
7574 2 2 0 998 1645 1646 937
7575 2 2 0 998 1001 1002 1645
7576 2 2 0 998 1646 1645 1002
7577 2 2 0 999 938 1647 939
7578 2 2 0 999 1646 1647 938
7579 2 2 0 999 1002 1003 1646
7580 2 2 0 999 1647 1646 1003
7581 2 2 0 1000 1648 939 2333
7582 2 2 0 1000 939 1647 2333
7583 2 2 0 1000 1004 1648 2333
7584 2 2 0 1000 1647 1003 1004
7585 2 2 0 1000 1648 940 939
7586 2 2 0 1000 1647 1004 2333
7587 2 2 0 1001 941 940 2334
7588 2 2 0 1001 1648 1005 2334
7589 2 2 0 1001 940 1648 2334
7590 2 2 0 1001 1005 941 2334
7591 2 2 0 1001 1648 1004 1005
7592 2 2 0 1002 1006 942 941
7593 2 2 0 1002 1005 1006 941
7594 2 2 0 1003 1007 943 942
7595 2 2 0 1003 1006 1007 942
7596 2 2 0 1004 1008 944 943
7597 2 2 0 1004 1007 1008 943
7598 2 2 0 1005 945 944 2335
7599 2 2 0 1005 1008 1009 2335
7600 2 2 0 1005 944 1008 2335
7601 2 2 0 1005 1009 945 2335
7602 2 2 0 1006 946 945 2336
7603 2 2 0 1006 1009 1010 2336
7604 2 2 0 1006 945 1009 2336
7605 2 2 0 1006 1010 946 2336
7606 2 2 0 1007 1010 947 946
7607 2 2 0 1007 947 1010 1011
7608 2 2 0 1008 1011 948 947
7609 2 2 0 1008 948 1011 1012
7610 2 2 0 1009 1012 949 948
7611 2 2 0 1009 949 1012 1013
7612 2 2 0 1010 950 949 2337
7613 2 2 0 1010 1013 1649 2337
7614 2 2 0 1010 1649 950 2337
7615 2 2 0 1010 949 1013 2337
7616 2 2 0 1010 1649 1013 1014
7617 2 2 0 1011 951 1649 2338
7618 2 2 0 1011 1650 951 2338
7619 2 2 0 1011 1649 1014 2338
7620 2 2 0 1011 1650 1014 1015
7621 2 2 0 1011 1649 951 950
7622 2 2 0 1011 1014 1650 2338
7623 2 2 0 1012 1650 952 951
7624 2 2 0 1012 1651 952 1650
7625 2 2 0 1012 1015 1016 1651
7626 2 2 0 1012 1651 1650 1015
7627 2 2 0 1013 1651 953 952
7628 2 2 0 1013 1652 953 1651
7629 2 2 0 1013 1016 1017 1652
7630 2 2 0 1013 1652 1651 1016
7631 2 2 0 1014 1652 954 953
7632 2 2 0 1014 1653 954 1652
7633 2 2 0 1014 1653 1017 1018
7634 2 2 0 1014 1653 1652 1017
7635 2 2 0 1015 1654 955 954
7636 2 2 0 1015 1653 1654 954
7637 2 2 0 1015 1653 1018 1019
7638 2 2 0 1015 1654 1653 1019
7639 2 2 0 1016 955 1655 956
7640 2 2 0 1016 1654 1655 955
7641 2 2 0 1016 1019 1020 1654
7642 2 2 0 1016 1655 1654 1020
7643 2 2 0 1017 1656 956 2339
7644 2 2 0 1017 1691 1655 1020
7645 2 2 0 1017 956 1655 2339
7646 2 2 0 1017 1655 1691 2339
7647 2 2 0 1017 1691 1021 2339
7648 2 2 0 1017 1021 1656 2339
7649 2 2 0 1017 1656 957 956
7650 2 2 0 1018 1022 958 957
7651 2 2 0 1018 1656 1022 957
7652 2 2 0 1018 1656 1021 1022
7653 2 2 0 1019 1023 959 958
7654 2 2 0 1019 1022 1023 958
7655 2 2 0 1020 1024 960 959
7656 2 2 0 1020 1023 1024 959
7657 2 2 0 1021 960 1024 2340
7658 2 2 0 1021 1024 961 2340
7659 2 2 0 1021 897 960 2340
7660 2 2 0 1021 961 897 2340
7661 2 2 0 1022 961 1025 2341
7662 2 2 0 1022 1026 962 2341
7663 2 2 0 1022 1025 1026 2341
7664 2 2 0 1022 962 961 2341
7665 2 2 0 1023 1026 963 962
7666 2 2 0 1023 963 1026 1027
7667 2 2 0 1024 1027 964 963
7668 2 2 0 1024 964 1027 1028
7669 2 2 0 1025 965 964 2342
7670 2 2 0 1025 1028 1694 2342
7671 2 2 0 1025 1694 1657 2342
7672 2 2 0 1025 1657 1694 1029
7673 2 2 0 1025 1657 965 2342
7674 2 2 0 1025 964 1028 2342
7675 2 2 0 1026 1659 966 2343
7676 2 2 0 1026 1658 1657 2343
7677 2 2 0 1026 966 1658 2343
7678 2 2 0 1026 1029 1696 2343
7679 2 2 0 1026 1659 1696 1030
7680 2 2 0 1026 1657 1658 965
7681 2 2 0 1026 1657 1029 2343
7682 2 2 0 1026 1696 1659 2343
7683 2 2 0 1027 1659 967 966
7684 2 2 0 1027 1660 967 1659
7685 2 2 0 1027 1030 1031 1660
7686 2 2 0 1027 1660 1659 1030
7687 2 2 0 1028 1660 968 967
7688 2 2 0 1028 1661 968 1660
7689 2 2 0 1028 1661 1031 1032
7690 2 2 0 1028 1661 1660 1031
7691 2 2 0 1029 1662 969 968
7692 2 2 0 1029 1661 1662 968
7693 2 2 0 1029 1661 1032 1033
7694 2 2 0 1029 1662 1661 1033
7695 2 2 0 1030 969 1663 970
7696 2 2 0 1030 1662 1663 969
7697 2 2 0 1030 1662 1033 1034
7698 2 2 0 1030 1663 1662 1034
7699 2 2 0 1031 970 1664 971
7700 2 2 0 1031 1663 1664 970
7701 2 2 0 1031 1034 1035 1663
7702 2 2 0 1031 1664 1663 1035
7703 2 2 0 1032 1703 1664 1035
7704 2 2 0 1032 1036 1665 2344
7705 2 2 0 1032 1703 1036 2344
7706 2 2 0 1032 971 1664 2344
7707 2 2 0 1032 1664 1703 2344
7708 2 2 0 1032 1665 972 971
7709 2 2 0 1032 1665 971 2344
7710 2 2 0 1033 973 972 2345
7711 2 2 0 1033 1705 1665 1036
7712 2 2 0 1033 1665 1705 2345
7713 2 2 0 1033 1705 1037 2345
7714 2 2 0 1033 972 1665 2345
7715 2 2 0 1033 1037 973 2345
7716 2 2 0 1034 1037 1038 973
7717 2 2 0 1034 1038 974 973
7718 2 2 0 1035 1039 975 974
7719 2 2 0 1035 1038 1039 974
7720 2 2 0 1036 1040 976 975
7721 2 2 0 1036 1039 1040 975
7722 2 2 0 1037 1040 1041 2346
7723 2 2 0 1037 977 976 2346
7724 2 2 0 1037 976 1040 2346
7725 2 2 0 1037 1041 977 2346
7726 2 2 0 1038 1041 1042 2347
7727 2 2 0 1038 978 977 2347
7728 2 2 0 1038 977 1041 2347
7729 2 2 0 1038 1042 978 2347
7730 2 2 0 1039 1042 979 978
7731 2 2 0 1039 979 1042 1043
7732 2 2 0 1040 1043 980 979
7733 2 2 0 1040 980 1043 1044
7734 2 2 0 1041 981 1044 1045
7735 2 2 0 1041 1044 981 980
7736 2 2 0 1042 982 981 2348
7737 2 2 0 1042 1666 1708 1046
7738 2 2 0 1042 1708 1666 2348
7739 2 2 0 1042 1045 1708 2348
7740 2 2 0 1042 1666 982 2348
7741 2 2 0 1042 981 1045 2348
7742 2 2 0 1043 1667 1710 1047
7743 2 2 0 1043 1666 1046 2349
7744 2 2 0 1043 1046 1710 2349
7745 2 2 0 1043 1667 983 2349
7746 2 2 0 1043 1710 1667 2349
7747 2 2 0 1043 1666 983 982
7748 2 2 0 1043 983 1666 2349
7749 2 2 0 1044 1667 984 983
7750 2 2 0 1044 1668 984 1667
7751 2 2 0 1044 1047 1048 1668
7752 2 2 0 1044 1668 1667 1047
7753 2 2 0 1045 1668 985 984
7754 2 2 0 1045 1669 985 1668
7755 2 2 0 1045 1669 1048 1049
7756 2 2 0 1045 1669 1668 1048
7757 2 2 0 1046 1669 986 985
7758 2 2 0 1046 1670 986 1669
7759 2 2 0 1046 1670 1049 1050
7760 2 2 0 1046 1670 1669 1049
7761 2 2 0 1047 1671 987 986
7762 2 2 0 1047 1670 1671 986
7763 2 2 0 1047 1670 1050 1051
7764 2 2 0 1047 1671 1670 1051
7765 2 2 0 1048 987 1672 988
7766 2 2 0 1048 1671 1672 987
7767 2 2 0 1048 1051 1052 1671
7768 2 2 0 1048 1672 1671 1052
7769 2 2 0 1049 988 1672 2350
7770 2 2 0 1049 1674 1673 2350
7771 2 2 0 1049 1673 988 2350
7772 2 2 0 1049 1717 1053 2350
7773 2 2 0 1049 1717 1672 1052
7774 2 2 0 1049 1673 1674 989
7775 2 2 0 1049 1053 1674 2350
7776 2 2 0 1049 1672 1717 2350
7777 2 2 0 1050 990 989 2351
7778 2 2 0 1050 1719 1054 2351
7779 2 2 0 1050 1674 1719 2351
7780 2 2 0 1050 1719 1674 1053
7781 2 2 0 1050 989 1674 2351
7782 2 2 0 1050 1054 990 2351
7783 2 2 0 1051 1055 991 990
7784 2 2 0 1051 1054 1055 990
7785 2 2 0 1052 1056 992 991
7786 2 2 0 1052 1055 1056 991
7787 2 2 0 1053 1057 993 2352
7788 2 2 0 1053 992 1056 2352
7789 2 2 0 1053 1056 1057 2352
7790 2 2 0 1053 993 992 2352
7791 2 2 0 1054 993 1057 2353
7792 2 2 0 1054 1058 994 2353
7793 2 2 0 1054 1057 1058 2353
7794 2 2 0 1054 994 993 2353
7795 2 2 0 1055 1058 995 994
7796 2 2 0 1055 995 1058 1059
7797 2 2 0 1056 1059 996 995
7798 2 2 0 1056 996 1059 1060
7799 2 2 0 1057 997 996 2354
7800 2 2 0 1057 1060 1722 2354
7801 2 2 0 1057 1722 1675 2354
7802 2 2 0 1057 1675 1722 1061
7803 2 2 0 1057 1675 997 2354
7804 2 2 0 1057 996 1060 2354
7805 2 2 0 1058 1677 998 2355
7806 2 2 0 1058 1676 1675 2355
7807 2 2 0 1058 998 1676 2355
7808 2 2 0 1058 1061 1724 2355
7809 2 2 0 1058 1677 1724 1062
7810 2 2 0 1058 1675 1676 997
7811 2 2 0 1058 1675 1061 2355
7812 2 2 0 1058 1724 1677 2355
7813 2 2 0 1059 1677 999 998
7814 2 2 0 1059 1678 999 1677
7815 2 2 0 1059 1062 1063 1678
7816 2 2 0 1059 1678 1677 1062
7817 2 2 0 1060 1678 1000 999
7818 2 2 0 1060 1679 1000 1678
7819 2 2 0 1060 1679 1063 1064
7820 2 2 0 1060 1679 1678 1063
7821 2 2 0 1061 1680 1001 1000
7822 2 2 0 1061 1679 1680 1000
7823 2 2 0 1061 1679 1064 1065
7824 2 2 0 1061 1680 1679 1065
7825 2 2 0 1062 1001 1681 1002
7826 2 2 0 1062 1680 1681 1001
7827 2 2 0 1062 1680 1065 1066
7828 2 2 0 1062 1681 1680 1066
7829 2 2 0 1063 1002 1682 1003
7830 2 2 0 1063 1681 1682 1002
7831 2 2 0 1063 1066 1067 1681
7832 2 2 0 1063 1682 1681 1067
7833 2 2 0 1064 1682 1067 1731
7834 2 2 0 1064 1068 1683 2356
7835 2 2 0 1064 1731 1068 2356
7836 2 2 0 1064 1003 1682 2356
7837 2 2 0 1064 1682 1731 2356
7838 2 2 0 1064 1683 1004 1003
7839 2 2 0 1064 1683 1003 2356
7840 2 2 0 1065 1005 1004 2357
7841 2 2 0 1065 1733 1683 1068
7842 2 2 0 1065 1683 1733 2357
7843 2 2 0 1065 1733 1069 2357
7844 2 2 0 1065 1004 1683 2357
7845 2 2 0 1065 1069 1005 2357
7846 2 2 0 1066 1069 1070 1005
7847 2 2 0 1066 1070 1006 1005
7848 2 2 0 1067 1071 1007 1006
7849 2 2 0 1067 1070 1071 1006
7850 2 2 0 1068 1072 1008 1007
7851 2 2 0 1068 1071 1072 1007
7852 2 2 0 1069 1072 1073 2358
7853 2 2 0 1069 1009 1008 2358
7854 2 2 0 1069 1008 1072 2358
7855 2 2 0 1069 1073 1009 2358
7856 2 2 0 1070 1073 1074 2359
7857 2 2 0 1070 1010 1009 2359
7858 2 2 0 1070 1009 1073 2359
7859 2 2 0 1070 1074 1010 2359
7860 2 2 0 1071 1074 1011 1010
7861 2 2 0 1071 1011 1074 1075
7862 2 2 0 1072 1075 1012 1011
7863 2 2 0 1072 1012 1075 1076
7864 2 2 0 1073 1013 1076 1077
7865 2 2 0 1073 1076 1013 1012
7866 2 2 0 1074 1014 1013 2360
7867 2 2 0 1074 1684 1736 1078
7868 2 2 0 1074 1736 1684 2360
7869 2 2 0 1074 1077 1736 2360
7870 2 2 0 1074 1684 1014 2360
7871 2 2 0 1074 1013 1077 2360
7872 2 2 0 1075 1685 1738 1079
7873 2 2 0 1075 1684 1078 2361
7874 2 2 0 1075 1078 1738 2361
7875 2 2 0 1075 1685 1015 2361
7876 2 2 0 1075 1738 1685 2361
7877 2 2 0 1075 1684 1015 1014
7878 2 2 0 1075 1015 1684 2361
7879 2 2 0 1076 1685 1016 1015
7880 2 2 0 1076 1686 1016 1685
7881 2 2 0 1076 1079 1080 1686
7882 2 2 0 1076 1686 1685 1079
7883 2 2 0 1077 1686 1017 1016
7884 2 2 0 1077 1687 1017 1686
7885 2 2 0 1077 1687 1080 1081
7886 2 2 0 1077 1687 1686 1080
7887 2 2 0 1078 1687 1018 1017
7888 2 2 0 1078 1688 1018 1687
7889 2 2 0 1078 1688 1081 1082
7890 2 2 0 1078 1688 1687 1081
7891 2 2 0 1079 1689 1019 1018
7892 2 2 0 1079 1688 1689 1018
7893 2 2 0 1079 1688 1082 1083
7894 2 2 0 1079 1689 1688 1083
7895 2 2 0 1080 1019 1690 1020
7896 2 2 0 1080 1689 1690 1019
7897 2 2 0 1080 1083 1084 1689
7898 2 2 0 1080 1690 1689 1084
7899 2 2 0 1081 1020 1690 2362
7900 2 2 0 1081 1692 1691 2362
7901 2 2 0 1081 1691 1020 2362
7902 2 2 0 1081 1745 1085 2362
7903 2 2 0 1081 1745 1690 1084
7904 2 2 0 1081 1691 1692 1021
7905 2 2 0 1081 1085 1692 2362
7906 2 2 0 1081 1690 1745 2362
7907 2 2 0 1082 1022 1021 2363
7908 2 2 0 1082 1747 1086 2363
7909 2 2 0 1082 1692 1747 2363
7910 2 2 0 1082 1747 1692 1085
7911 2 2 0 1082 1021 1692 2363
7912 2 2 0 1082 1086 1022 2363
7913 2 2 0 1083 1087 1023 1022
7914 2 2 0 1083 1086 1087 1022
7915 2 2 0 1084 1088 1024 1023
7916 2 2 0 1084 1087 1088 1023
7917 2 2 0 1085 1025 961 2364
7918 2 2 0 1085 1024 1088 2364
7919 2 2 0 1085 1088 1025 2364
7920 2 2 0 1085 961 1024 2364
7921 2 2 0 1086 1089 1090 2365
7922 2 2 0 1086 1090 1026 2365
7923 2 2 0 1086 1025 1089 2365
7924 2 2 0 1086 1026 1025 2365
7925 2 2 0 1087 1026 1090 2366
7926 2 2 0 1087 1749 1027 2366
7927 2 2 0 1087 1090 1749 2366
7928 2 2 0 1087 1027 1026 2366
7929 2 2 0 1087 1027 1749 1091
7930 2 2 0 1088 1027 1091 2367
7931 2 2 0 1088 1750 1693 2367
7932 2 2 0 1088 1693 1028 2367
7933 2 2 0 1088 1693 1750 1092
7934 2 2 0 1088 1091 1750 2367
7935 2 2 0 1088 1028 1027 2367
7936 2 2 0 1089 1695 1029 2368
7937 2 2 0 1089 1693 1694 1028
7938 2 2 0 1089 1092 1751 2368
7939 2 2 0 1089 1694 1693 2368
7940 2 2 0 1089 1029 1694 2368
7941 2 2 0 1089 1695 1751 1093
7942 2 2 0 1089 1751 1695 2368
7943 2 2 0 1089 1693 1092 2368
7944 2 2 0 1090 1093 1753 2369
7945 2 2 0 1090 1697 1753 1094
7946 2 2 0 1090 1697 1030 2369
7947 2 2 0 1090 1753 1697 2369
7948 2 2 0 1090 1695 1093 2369
7949 2 2 0 1090 1696 1695 2369
7950 2 2 0 1090 1695 1696 1029
7951 2 2 0 1090 1030 1696 2369
7952 2 2 0 1091 1697 1031 1030
7953 2 2 0 1091 1698 1031 1697
7954 2 2 0 1091 1094 1095 1698
7955 2 2 0 1091 1698 1697 1094
7956 2 2 0 1092 1698 1032 1031
7957 2 2 0 1092 1699 1032 1698
7958 2 2 0 1092 1699 1095 1096
7959 2 2 0 1092 1699 1698 1095
7960 2 2 0 1093 1700 1033 1032
7961 2 2 0 1093 1699 1700 1032
7962 2 2 0 1093 1699 1096 1097
7963 2 2 0 1093 1700 1699 1097
7964 2 2 0 1094 1701 1034 1033
7965 2 2 0 1094 1700 1701 1033
7966 2 2 0 1094 1700 1097 1098
7967 2 2 0 1094 1701 1700 1098
7968 2 2 0 1095 1034 1702 1035
7969 2 2 0 1095 1701 1702 1034
7970 2 2 0 1095 1098 1099 1701
7971 2 2 0 1095 1702 1701 1099
7972 2 2 0 1096 1704 1703 2370
7973 2 2 0 1096 1760 1702 1099
7974 2 2 0 1096 1760 1100 2370
7975 2 2 0 1096 1100 1704 2370
7976 2 2 0 1096 1035 1702 2370
7977 2 2 0 1096 1703 1035 2370
7978 2 2 0 1096 1702 1760 2370
7979 2 2 0 1096 1703 1704 1036
7980 2 2 0 1097 1706 1705 2371
7981 2 2 0 1097 1036 1704 2371
7982 2 2 0 1097 1762 1101 2371
7983 2 2 0 1097 1762 1704 1100
7984 2 2 0 1097 1705 1036 2371
7985 2 2 0 1097 1101 1706 2371
7986 2 2 0 1097 1704 1762 2371
7987 2 2 0 1097 1705 1706 1037
7988 2 2 0 1098 1038 1037 2372
7989 2 2 0 1098 1763 1706 1101
7990 2 2 0 1098 1706 1763 2372
7991 2 2 0 1098 1763 1102 2372
7992 2 2 0 1098 1037 1706 2372
7993 2 2 0 1098 1102 1038 2372
7994 2 2 0 1099 1103 1039 1038
7995 2 2 0 1099 1102 1103 1038
7996 2 2 0 1100 1103 1104 1039
7997 2 2 0 1100 1104 1040 1039
7998 2 2 0 1101 1105 1041 2373
7999 2 2 0 1101 1040 1104 2373
8000 2 2 0 1101 1104 1105 2373
8001 2 2 0 1101 1041 1040 2373
8002 2 2 0 1102 1041 1105 2374
8003 2 2 0 1102 1106 1042 2374
8004 2 2 0 1102 1105 1106 2374
8005 2 2 0 1102 1042 1041 2374
8006 2 2 0 1103 1043 1106 1107
8007 2 2 0 1103 1106 1043 1042
8008 2 2 0 1104 1107 1044 1043
8009 2 2 0 1104 1044 1107 1108
8010 2 2 0 1105 1045 1044 2375
8011 2 2 0 1105 1707 1764 1109
8012 2 2 0 1105 1764 1707 2375
8013 2 2 0 1105 1108 1764 2375
8014 2 2 0 1105 1707 1045 2375
8015 2 2 0 1105 1044 1108 2375
8016 2 2 0 1106 1708 1707 2376
8017 2 2 0 1106 1709 1046 2376
8018 2 2 0 1106 1109 1765 2376
8019 2 2 0 1106 1709 1765 1110
8020 2 2 0 1106 1046 1708 2376
8021 2 2 0 1106 1707 1109 2376
8022 2 2 0 1106 1765 1709 2376
8023 2 2 0 1106 1707 1708 1045
8024 2 2 0 1107 1710 1709 2377
8025 2 2 0 1107 1711 1767 1111
8026 2 2 0 1107 1110 1767 2377
8027 2 2 0 1107 1709 1110 2377
8028 2 2 0 1107 1711 1047 2377
8029 2 2 0 1107 1047 1710 2377
8030 2 2 0 1107 1767 1711 2377
8031 2 2 0 1107 1709 1710 1046
8032 2 2 0 1108 1711 1048 1047
8033 2 2 0 1108 1712 1048 1711
8034 2 2 0 1108 1111 1112 1712
8035 2 2 0 1108 1712 1711 1111
8036 2 2 0 1109 1712 1049 1048
8037 2 2 0 1109 1713 1049 1712
8038 2 2 0 1109 1713 1112 1113
8039 2 2 0 1109 1713 1712 1112
8040 2 2 0 1110 1713 1050 1049
8041 2 2 0 1110 1714 1050 1713
8042 2 2 0 1110 1714 1113 1114
8043 2 2 0 1110 1714 1713 1113
8044 2 2 0 1111 1715 1051 1050
8045 2 2 0 1111 1714 1715 1050
8046 2 2 0 1111 1714 1114 1115
8047 2 2 0 1111 1715 1714 1115
8048 2 2 0 1112 1051 1716 1052
8049 2 2 0 1112 1715 1716 1051
8050 2 2 0 1112 1115 1116 1715
8051 2 2 0 1112 1716 1715 1116
8052 2 2 0 1113 1774 1117 2378
8053 2 2 0 1113 1774 1716 1116
8054 2 2 0 1113 1052 1716 2378
8055 2 2 0 1113 1716 1774 2378
8056 2 2 0 1113 1117 1718 2378
8057 2 2 0 1113 1718 1717 2378
8058 2 2 0 1113 1717 1718 1053
8059 2 2 0 1113 1717 1052 2378
8060 2 2 0 1114 1053 1718 2379
8061 2 2 0 1114 1719 1720 1054
8062 2 2 0 1114 1776 1118 2379
8063 2 2 0 1114 1720 1719 2379
8064 2 2 0 1114 1719 1053 2379
8065 2 2 0 1114 1776 1718 1117
8066 2 2 0 1114 1718 1776 2379
8067 2 2 0 1114 1118 1720 2379
8068 2 2 0 1115 1119 1055 2380
8069 2 2 0 1115 1720 1777 2380
8070 2 2 0 1115 1054 1720 2380
8071 2 2 0 1115 1777 1720 1118
8072 2 2 0 1115 1777 1119 2380
8073 2 2 0 1115 1055 1054 2380
8074 2 2 0 1116 1120 1056 2381
8075 2 2 0 1116 1055 1778 2381
8076 2 2 0 1116 1778 1120 2381
8077 2 2 0 1116 1056 1055 2381
8078 2 2 0 1116 1119 1778 1055
8079 2 2 0 1117 1120 1121 2382
8080 2 2 0 1117 1056 1120 2382
8081 2 2 0 1117 1121 1057 2382
8082 2 2 0 1117 1057 1056 2382
8083 2 2 0 1118 1121 1122 2383
8084 2 2 0 1118 1122 1058 2383
8085 2 2 0 1118 1057 1121 2383
8086 2 2 0 1118 1058 1057 2383
8087 2 2 0 1119 1058 1122 2384
8088 2 2 0 1119 1779 1059 2384
8089 2 2 0 1119 1122 1779 2384
8090 2 2 0 1119 1059 1058 2384
8091 2 2 0 1119 1059 1779 1123
8092 2 2 0 1120 1059 1123 2385
8093 2 2 0 1120 1780 1721 2385
8094 2 2 0 1120 1721 1060 2385
8095 2 2 0 1120 1721 1780 1124
8096 2 2 0 1120 1123 1780 2385
8097 2 2 0 1120 1060 1059 2385
8098 2 2 0 1121 1723 1061 2386
8099 2 2 0 1121 1721 1722 1060
8100 2 2 0 1121 1124 1781 2386
8101 2 2 0 1121 1722 1721 2386
8102 2 2 0 1121 1061 1722 2386
8103 2 2 0 1121 1723 1781 1125
8104 2 2 0 1121 1781 1723 2386
8105 2 2 0 1121 1721 1124 2386
8106 2 2 0 1122 1125 1783 2387
8107 2 2 0 1122 1725 1783 1126
8108 2 2 0 1122 1725 1062 2387
8109 2 2 0 1122 1783 1725 2387
8110 2 2 0 1122 1723 1125 2387
8111 2 2 0 1122 1724 1723 2387
8112 2 2 0 1122 1723 1724 1061
8113 2 2 0 1122 1062 1724 2387
8114 2 2 0 1123 1725 1063 1062
8115 2 2 0 1123 1726 1063 1725
8116 2 2 0 1123 1126 1127 1726
8117 2 2 0 1123 1126 1726 1725
8118 2 2 0 1124 1726 1064 1063
8119 2 2 0 1124 1727 1064 1726
8120 2 2 0 1124 1727 1127 1128
8121 2 2 0 1124 1127 1727 1726
8122 2 2 0 1125 1728 1065 1064
8123 2 2 0 1125 1727 1728 1064
8124 2 2 0 1125 1128 1129 1727
8125 2 2 0 1125 1129 1728 1727
8126 2 2 0 1126 1729 1066 1065
8127 2 2 0 1126 1728 1729 1065
8128 2 2 0 1126 1129 1130 1728
8129 2 2 0 1126 1130 1729 1728
8130 2 2 0 1127 1066 1730 1067
8131 2 2 0 1127 1729 1730 1066
8132 2 2 0 1127 1130 1131 1729
8133 2 2 0 1127 1131 1730 1729
8134 2 2 0 1128 1732 1731 2388
8135 2 2 0 1128 1131 1790 1730
8136 2 2 0 1128 1790 1132 2388
8137 2 2 0 1128 1132 1732 2388
8138 2 2 0 1128 1067 1730 2388
8139 2 2 0 1128 1731 1067 2388
8140 2 2 0 1128 1730 1790 2388
8141 2 2 0 1128 1731 1732 1068
8142 2 2 0 1129 1734 1733 2389
8143 2 2 0 1129 1068 1732 2389
8144 2 2 0 1129 1792 1133 2389
8145 2 2 0 1129 1792 1732 1132
8146 2 2 0 1129 1733 1068 2389
8147 2 2 0 1129 1133 1734 2389
8148 2 2 0 1129 1732 1792 2389
8149 2 2 0 1129 1733 1734 1069
8150 2 2 0 1130 1070 1069 2390
8151 2 2 0 1130 1793 1734 1133
8152 2 2 0 1130 1734 1793 2390
8153 2 2 0 1130 1793 1134 2390
8154 2 2 0 1130 1069 1734 2390
8155 2 2 0 1130 1134 1070 2390
8156 2 2 0 1131 1135 1071 1070
8157 2 2 0 1131 1134 1135 1070
8158 2 2 0 1132 1135 1136 1071
8159 2 2 0 1132 1136 1072 1071
8160 2 2 0 1133 1137 1073 2391
8161 2 2 0 1133 1072 1136 2391
8162 2 2 0 1133 1136 1137 2391
8163 2 2 0 1133 1073 1072 2391
8164 2 2 0 1134 1073 1137 2392
8165 2 2 0 1134 1138 1074 2392
8166 2 2 0 1134 1137 1138 2392
8167 2 2 0 1134 1074 1073 2392
8168 2 2 0 1135 1075 1138 1139
8169 2 2 0 1135 1138 1075 1074
8170 2 2 0 1136 1139 1076 1075
8171 2 2 0 1136 1076 1139 1140
8172 2 2 0 1137 1077 1076 2393
8173 2 2 0 1137 1735 1794 1141
8174 2 2 0 1137 1794 1735 2393
8175 2 2 0 1137 1140 1794 2393
8176 2 2 0 1137 1735 1077 2393
8177 2 2 0 1137 1076 1140 2393
8178 2 2 0 1138 1736 1735 2394
8179 2 2 0 1138 1737 1078 2394
8180 2 2 0 1138 1141 1795 2394
8181 2 2 0 1138 1737 1795 1142
8182 2 2 0 1138 1078 1736 2394
8183 2 2 0 1138 1735 1141 2394
8184 2 2 0 1138 1795 1737 2394
8185 2 2 0 1138 1735 1736 1077
8186 2 2 0 1139 1738 1737 2395
8187 2 2 0 1139 1739 1797 1143
8188 2 2 0 1139 1142 1797 2395
8189 2 2 0 1139 1737 1142 2395
8190 2 2 0 1139 1739 1079 2395
8191 2 2 0 1139 1079 1738 2395
8192 2 2 0 1139 1797 1739 2395
8193 2 2 0 1139 1737 1738 1078
8194 2 2 0 1140 1739 1080 1079
8195 2 2 0 1140 1740 1080 1739
8196 2 2 0 1140 1143 1144 1740
8197 2 2 0 1140 1740 1739 1143
8198 2 2 0 1141 1740 1081 1080
8199 2 2 0 1141 1741 1081 1740
8200 2 2 0 1141 1741 1144 1145
8201 2 2 0 1141 1741 1740 1144
8202 2 2 0 1142 1741 1082 1081
8203 2 2 0 1142 1742 1082 1741
8204 2 2 0 1142 1742 1145 1146
8205 2 2 0 1142 1742 1741 1145
8206 2 2 0 1143 1743 1083 1082
8207 2 2 0 1143 1742 1743 1082
8208 2 2 0 1143 1742 1146 1147
8209 2 2 0 1143 1743 1742 1147
8210 2 2 0 1144 1083 1744 1084
8211 2 2 0 1144 1743 1744 1083
8212 2 2 0 1144 1147 1148 1743
8213 2 2 0 1144 1744 1743 1148
8214 2 2 0 1145 1804 1149 2396
8215 2 2 0 1145 1804 1744 1148
8216 2 2 0 1145 1084 1744 2396
8217 2 2 0 1145 1744 1804 2396
8218 2 2 0 1145 1149 1746 2396
8219 2 2 0 1145 1746 1745 2396
8220 2 2 0 1145 1085 1745 1746
8221 2 2 0 1145 1745 1084 2396
8222 2 2 0 1146 1085 1746 2397
8223 2 2 0 1146 1086 1747 1748
8224 2 2 0 1146 1806 1150 2397
8225 2 2 0 1146 1748 1747 2397
8226 2 2 0 1146 1747 1085 2397
8227 2 2 0 1146 1806 1746 1149
8228 2 2 0 1146 1746 1806 2397
8229 2 2 0 1146 1150 1748 2397
8230 2 2 0 1147 1151 1087 2398
8231 2 2 0 1147 1748 1807 2398
8232 2 2 0 1147 1086 1748 2398
8233 2 2 0 1147 1807 1748 1150
8234 2 2 0 1147 1807 1151 2398
8235 2 2 0 1147 1087 1086 2398
8236 2 2 0 1148 1152 1088 2399
8237 2 2 0 1148 1087 1808 2399
8238 2 2 0 1148 1808 1152 2399
8239 2 2 0 1148 1088 1087 2399
8240 2 2 0 1148 1151 1808 1087
8241 2 2 0 1149 1152 1089 2400
8242 2 2 0 1149 1088 1152 2400
8243 2 2 0 1149 1089 1025 2400
8244 2 2 0 1149 1025 1088 2400
8245 2 2 0 1150 1809 1090 1089
8246 2 2 0 1150 1153 1809 1089
8247 2 2 0 1150 1090 1809 1154
8248 2 2 0 1151 1810 1155 2401
8249 2 2 0 1151 1154 1810 2402
8250 2 2 0 1151 1810 2401 2402
8251 2 2 0 1151 1749 1090 2402
8252 2 2 0 1151 1091 1749 2401
8253 2 2 0 1151 2401 1749 2402
8254 2 2 0 1151 1090 1154 2402
8255 2 2 0 1151 1155 1091 2401
8256 2 2 0 1152 1811 1156 2403
8257 2 2 0 1152 1155 1811 2403
8258 2 2 0 1152 1092 1750 2403
8259 2 2 0 1152 1156 1092 2403
8260 2 2 0 1152 1155 1750 1091
8261 2 2 0 1152 1750 1155 2403
8262 2 2 0 1153 1752 1812 1157
8263 2 2 0 1153 1156 1812 2404
8264 2 2 0 1153 1812 1752 2404
8265 2 2 0 1153 1752 1093 2404
8266 2 2 0 1153 1093 1751 2404
8267 2 2 0 1153 1156 1751 1092
8268 2 2 0 1153 1751 1156 2404
8269 2 2 0 1154 1157 1813 2405
8270 2 2 0 1154 1754 1813 1158
8271 2 2 0 1154 1752 1753 1093
8272 2 2 0 1154 1752 1157 2405
8273 2 2 0 1154 1094 1753 2405
8274 2 2 0 1154 1094 2405 2406
8275 2 2 0 1154 1753 1752 2405
8276 2 2 0 1154 1813 1754 2406
8277 2 2 0 1154 1754 1094 2406
8278 2 2 0 1154 2405 1813 2406
8279 2 2 0 1155 1754 1095 1094
8280 2 2 0 1155 1755 1095 1754
8281 2 2 0 1155 1755 1158 1159
8282 2 2 0 1155 1755 1754 1158
8283 2 2 0 1156 1755 1096 1095
8284 2 2 0 1156 1756 1096 1755
8285 2 2 0 1156 1756 1159 1160
8286 2 2 0 1156 1756 1755 1159
8287 2 2 0 1157 1757 1097 1096
8288 2 2 0 1157 1756 1757 1096
8289 2 2 0 1157 1756 1160 1161
8290 2 2 0 1157 1757 1756 1161
8291 2 2 0 1158 1758 1098 1097
8292 2 2 0 1158 1757 1758 1097
8293 2 2 0 1158 1757 1161 1162
8294 2 2 0 1158 1758 1757 1162
8295 2 2 0 1159 1098 1759 1099
8296 2 2 0 1159 1758 1759 1098
8297 2 2 0 1159 1162 1163 1758
8298 2 2 0 1159 1759 1758 1163
8299 2 2 0 1160 1820 1759 1163
8300 2 2 0 1160 1759 1820 2407
8301 2 2 0 1160 1099 1759 2407
8302 2 2 0 1160 1164 1761 2407
8303 2 2 0 1160 1761 1760 2407
8304 2 2 0 1160 1100 1760 1761
8305 2 2 0 1160 1760 1099 2407
8306 2 2 0 1160 1820 1164 2407
8307 2 2 0 1161 1821 1761 1164
8308 2 2 0 1161 1100 1761 2408
8309 2 2 0 1161 1761 1821 2408
8310 2 2 0 1161 1821 1165 2408
8311 2 2 0 1161 1762 1100 2408
8312 2 2 0 1161 1101 1762 1165
8313 2 2 0 1161 1165 1762 2408
8314 2 2 0 1162 1822 1166 2409
8315 2 2 0 1162 1763 1101 2409
8316 2 2 0 1162 1101 1165 2409
8317 2 2 0 1162 1102 1763 1166
8318 2 2 0 1162 1165 1822 2409
8319 2 2 0 1162 1166 1763 2409
8320 2 2 0 1163 1102 1823 2410
8321 2 2 0 1163 1167 1103 2410
8322 2 2 0 1163 1103 1102 2410
8323 2 2 0 1163 1823 1167 2410
8324 2 2 0 1163 1166 1823 1102
8325 2 2 0 1164 1167 1168 1103
8326 2 2 0 1164 1168 1104 1103
8327 2 2 0 1165 1168 1169 2411
8328 2 2 0 1165 1104 1168 2411
8329 2 2 0 1165 1169 1105 2411
8330 2 2 0 1165 1105 1104 2411
8331 2 2 0 1166 1169 1170 2412
8332 2 2 0 1166 1170 1106 2412
8333 2 2 0 1166 1105 1169 2412
8334 2 2 0 1166 1106 1105 2412
8335 2 2 0 1167 1107 1170 1171
8336 2 2 0 1167 1170 1107 1106
8337 2 2 0 1168 1824 1108 2413
8338 2 2 0 1168 1107 1171 2413
8339 2 2 0 1168 1108 1107 2413
8340 2 2 0 1168 1171 1824 2413
8341 2 2 0 1168 1108 1824 1172
8342 2 2 0 1169 1172 1825 2414
8343 2 2 0 1169 1109 1764 2414
8344 2 2 0 1169 1172 1764 1108
8345 2 2 0 1169 1173 1109 2414
8346 2 2 0 1169 1764 1172 2414
8347 2 2 0 1169 1825 1173 2414
8348 2 2 0 1170 1766 1826 1174
8349 2 2 0 1170 1766 1110 2415
8350 2 2 0 1170 1826 1766 2415
8351 2 2 0 1170 1173 1826 2415
8352 2 2 0 1170 1110 1765 2415
8353 2 2 0 1170 1173 1765 1109
8354 2 2 0 1170 1765 1173 2415
8355 2 2 0 1171 1768 1827 1175
8356 2 2 0 1171 1827 1768 2416
8357 2 2 0 1171 1768 1111 2416
8358 2 2 0 1171 1766 1174 2416
8359 2 2 0 1171 1767 1766 2416
8360 2 2 0 1171 1766 1767 1110
8361 2 2 0 1171 1111 1767 2416
8362 2 2 0 1171 1174 1827 2416
8363 2 2 0 1172 1768 1112 1111
8364 2 2 0 1172 1769 1112 1768
8365 2 2 0 1172 1175 1176 1769
8366 2 2 0 1172 1769 1768 1175
8367 2 2 0 1173 1769 1113 1112
8368 2 2 0 1173 1770 1113 1769
8369 2 2 0 1173 1770 1176 1177
8370 2 2 0 1173 1770 1769 1176
8371 2 2 0 1174 1770 1114 1113
8372 2 2 0 1174 1771 1114 1770
8373 2 2 0 1174 1771 1177 1178
8374 2 2 0 1174 1771 1770 1177
8375 2 2 0 1175 1772 1115 1114
8376 2 2 0 1175 1771 1772 1114
8377 2 2 0 1175 1771 1178 1179
8378 2 2 0 1175 1772 1771 1179
8379 2 2 0 1176 1773 1116 1115
8380 2 2 0 1176 1772 1773 1115
8381 2 2 0 1176 1772 1179 1180
8382 2 2 0 1176 1773 1772 1180
8383 2 2 0 1177 1834 1181 2417
8384 2 2 0 1177 1834 1773 1180
8385 2 2 0 1177 1774 1775 1117
8386 2 2 0 1177 1181 1775 2417
8387 2 2 0 1177 1774 1116 2417
8388 2 2 0 1177 2417 1116 2418
8389 2 2 0 1177 1775 1774 2417
8390 2 2 0 1177 1773 1834 2418
8391 2 2 0 1177 1116 1773 2418
8392 2 2 0 1177 1834 2417 2418
8393 2 2 0 1178 1835 1775 1181
8394 2 2 0 1178 1835 1182 2419
8395 2 2 0 1178 1775 1835 2419
8396 2 2 0 1178 1117 1775 2419
8397 2 2 0 1178 1776 1117 2419
8398 2 2 0 1178 1118 1776 1182
8399 2 2 0 1178 1182 1776 2419
8400 2 2 0 1179 1182 1836 2420
8401 2 2 0 1179 1836 1183 2420
8402 2 2 0 1179 1777 1118 2420
8403 2 2 0 1179 1118 1182 2420
8404 2 2 0 1179 1119 1777 1183
8405 2 2 0 1179 1183 1777 2420
8406 2 2 0 1180 1183 1837 2421
8407 2 2 0 1180 1837 1184 2422
8408 2 2 0 1180 2421 1837 2422
8409 2 2 0 1180 1120 1778 2422
8410 2 2 0 1180 1778 1119 2421
8411 2 2 0 1180 1778 2421 2422
8412 2 2 0 1180 1119 1183 2421
8413 2 2 0 1180 1184 1120 2422
8414 2 2 0 1181 1838 1121 1120
8415 2 2 0 1181 1184 1838 1120
8416 2 2 0 1181 1121 1838 1185
8417 2 2 0 1182 1839 1122 1121
8418 2 2 0 1182 1185 1839 1121
8419 2 2 0 1182 1122 1839 1186
8420 2 2 0 1183 1840 1187 2423
8421 2 2 0 1183 1186 1840 2424
8422 2 2 0 1183 1840 2423 2424
8423 2 2 0 1183 1779 1122 2424
8424 2 2 0 1183 1123 1779 2423
8425 2 2 0 1183 2423 1779 2424
8426 2 2 0 1183 1122 1186 2424
8427 2 2 0 1183 1187 1123 2423
8428 2 2 0 1184 1841 1188 2425
8429 2 2 0 1184 1187 1841 2425
8430 2 2 0 1184 1124 1780 2425
8431 2 2 0 1184 1188 1124 2425
8432 2 2 0 1184 1187 1780 1123
8433 2 2 0 1184 1780 1187 2425
8434 2 2 0 1185 1782 1842 1189
8435 2 2 0 1185 1188 1842 2426
8436 2 2 0 1185 1842 1782 2426
8437 2 2 0 1185 1782 1125 2426
8438 2 2 0 1185 1125 1781 2426
8439 2 2 0 1185 1188 1781 1124
8440 2 2 0 1185 1781 1188 2426
8441 2 2 0 1186 1189 1843 2427
8442 2 2 0 1186 1784 1843 1190
8443 2 2 0 1186 1782 1783 1125
8444 2 2 0 1186 1782 1189 2427
8445 2 2 0 1186 1126 1783 2427
8446 2 2 0 1186 1126 2427 2428
8447 2 2 0 1186 1783 1782 2427
8448 2 2 0 1186 1843 1784 2428
8449 2 2 0 1186 1784 1126 2428
8450 2 2 0 1186 2427 1843 2428
8451 2 2 0 1187 1784 1127 1126
8452 2 2 0 1187 1785 1127 1784
8453 2 2 0 1187 1785 1190 1191
8454 2 2 0 1187 1785 1784 1190
8455 2 2 0 1188 1785 1128 1127
8456 2 2 0 1188 1786 1128 1785
8457 2 2 0 1188 1786 1191 1192
8458 2 2 0 1188 1786 1785 1191
8459 2 2 0 1189 1787 1129 1128
8460 2 2 0 1189 1786 1787 1128
8461 2 2 0 1189 1786 1192 1193
8462 2 2 0 1189 1787 1786 1193
8463 2 2 0 1190 1788 1130 1129
8464 2 2 0 1190 1787 1788 1129
8465 2 2 0 1190 1787 1193 1194
8466 2 2 0 1190 1788 1787 1194
8467 2 2 0 1191 1130 1789 1131
8468 2 2 0 1191 1788 1789 1130
8469 2 2 0 1191 1194 1195 1788
8470 2 2 0 1191 1789 1788 1195
8471 2 2 0 1192 1850 1789 1195
8472 2 2 0 1192 1789 1850 2429
8473 2 2 0 1192 1131 1789 2429
8474 2 2 0 1192 1196 1791 2429
8475 2 2 0 1192 1791 1790 2429
8476 2 2 0 1192 1790 1791 1132
8477 2 2 0 1192 1790 1131 2429
8478 2 2 0 1192 1850 1196 2429
8479 2 2 0 1193 1851 1791 1196
8480 2 2 0 1193 1132 1791 2430
8481 2 2 0 1193 1791 1851 2430
8482 2 2 0 1193 1851 1197 2430
8483 2 2 0 1193 1792 1132 2430
8484 2 2 0 1193 1133 1792 1197
8485 2 2 0 1193 1197 1792 2430
8486 2 2 0 1194 1852 1198 2431
8487 2 2 0 1194 1793 1133 2431
8488 2 2 0 1194 1133 1197 2431
8489 2 2 0 1194 1134 1793 1198
8490 2 2 0 1194 1197 1852 2431
8491 2 2 0 1194 1198 1793 2431
8492 2 2 0 1195 1134 1853 2432
8493 2 2 0 1195 1199 1135 2432
8494 2 2 0 1195 1135 1134 2432
8495 2 2 0 1195 1853 1199 2432
8496 2 2 0 1195 1198 1853 1134
8497 2 2 0 1196 1199 1200 1135
8498 2 2 0 1196 1200 1136 1135
8499 2 2 0 1197 1200 1201 2433
8500 2 2 0 1197 1136 1200 2433
8501 2 2 0 1197 1201 1137 2433
8502 2 2 0 1197 1137 1136 2433
8503 2 2 0 1198 1201 1202 2434
8504 2 2 0 1198 1202 1138 2434
8505 2 2 0 1198 1137 1201 2434
8506 2 2 0 1198 1138 1137 2434
8507 2 2 0 1199 1139 1202 1203
8508 2 2 0 1199 1202 1139 1138
8509 2 2 0 1200 1854 1140 2435
8510 2 2 0 1200 1139 1203 2435
8511 2 2 0 1200 1140 1139 2435
8512 2 2 0 1200 1203 1854 2435
8513 2 2 0 1200 1140 1854 1204
8514 2 2 0 1201 1204 1855 2436
8515 2 2 0 1201 1141 1794 2436
8516 2 2 0 1201 1204 1794 1140
8517 2 2 0 1201 1205 1141 2436
8518 2 2 0 1201 1794 1204 2436
8519 2 2 0 1201 1855 1205 2436
8520 2 2 0 1202 1796 1856 1206
8521 2 2 0 1202 1796 1142 2437
8522 2 2 0 1202 1856 1796 2437
8523 2 2 0 1202 1205 1856 2437
8524 2 2 0 1202 1142 1795 2437
8525 2 2 0 1202 1205 1795 1141
8526 2 2 0 1202 1795 1205 2437
8527 2 2 0 1203 1798 1857 1207
8528 2 2 0 1203 1857 1798 2438
8529 2 2 0 1203 1798 1143 2438
8530 2 2 0 1203 1796 1206 2438
8531 2 2 0 1203 1797 1796 2438
8532 2 2 0 1203 1796 1797 1142
8533 2 2 0 1203 1143 1797 2438
8534 2 2 0 1203 1206 1857 2438
8535 2 2 0 1204 1798 1144 1143
8536 2 2 0 1204 1799 1144 1798
8537 2 2 0 1204 1207 1208 1799
8538 2 2 0 1204 1799 1798 1207
8539 2 2 0 1205 1799 1145 1144
8540 2 2 0 1205 1800 1145 1799
8541 2 2 0 1205 1800 1208 1209
8542 2 2 0 1205 1800 1799 1208
8543 2 2 0 1206 1800 1146 1145
8544 2 2 0 1206 1801 1146 1800
8545 2 2 0 1206 1801 1209 1210
8546 2 2 0 1206 1801 1800 1209
8547 2 2 0 1207 1802 1147 1146
8548 2 2 0 1207 1801 1802 1146
8549 2 2 0 1207 1801 1210 1211
8550 2 2 0 1207 1802 1801 1211
8551 2 2 0 1208 1803 1148 1147
8552 2 2 0 1208 1802 1803 1147
8553 2 2 0 1208 1802 1211 1212
8554 2 2 0 1208 1803 1802 1212
8555 2 2 0 1209 1864 1213 2439
8556 2 2 0 1209 1864 1803 1212
8557 2 2 0 1209 1804 1805 1149
8558 2 2 0 1209 1213 1805 2439
8559 2 2 0 1209 1804 1148 2439
8560 2 2 0 1209 2439 1148 2440
8561 2 2 0 1209 1805 1804 2439
8562 2 2 0 1209 1803 1864 2440
8563 2 2 0 1209 1148 1803 2440
8564 2 2 0 1209 1864 2439 2440
8565 2 2 0 1210 1865 1805 1213
8566 2 2 0 1210 1865 1214 2441
8567 2 2 0 1210 1805 1865 2441
8568 2 2 0 1210 1149 1805 2441
8569 2 2 0 1210 1806 1149 2441
8570 2 2 0 1210 1150 1806 1214
8571 2 2 0 1210 1214 1806 2441
8572 2 2 0 1211 1214 1866 2442
8573 2 2 0 1211 1866 1215 2442
8574 2 2 0 1211 1807 1150 2442
8575 2 2 0 1211 1150 1214 2442
8576 2 2 0 1211 1151 1807 1215
8577 2 2 0 1211 1215 1807 2442
8578 2 2 0 1212 1215 1867 2443
8579 2 2 0 1212 1867 1216 2444
8580 2 2 0 1212 2443 1867 2444
8581 2 2 0 1212 1152 1808 2444
8582 2 2 0 1212 1808 1151 2443
8583 2 2 0 1212 1808 2443 2444
8584 2 2 0 1212 1151 1215 2443
8585 2 2 0 1212 1216 1152 2444
8586 2 2 0 1213 1868 1089 1152
8587 2 2 0 1213 1089 1868 1153
8588 2 2 0 1213 1216 1868 1152
8589 2 2 0 1214 1869 1218 2446
8590 2 2 0 1214 1217 1869 2445
8591 2 2 0 1214 1809 1153 2445
8592 2 2 0 1214 1154 1809 2446
8593 2 2 0 1214 1809 2445 2446
8594 2 2 0 1214 2445 1869 2446
8595 2 2 0 1214 1153 1217 2445
8596 2 2 0 1214 1218 1154 2446
8597 2 2 0 1215 1219 1155 2447
8598 2 2 0 1215 1154 1218 2448
8599 2 2 0 1215 1870 1219 2447
8600 2 2 0 1215 1810 1154 2448
8601 2 2 0 1215 1218 1870 2448
8602 2 2 0 1215 1155 1810 2447
8603 2 2 0 1215 1870 2447 2448
8604 2 2 0 1215 2447 1810 2448
8605 2 2 0 1216 1811 1219 2449
8606 2 2 0 1216 1220 1156 2449
8607 2 2 0 1216 1219 1871 2449
8608 2 2 0 1216 1871 1220 2449
8609 2 2 0 1216 1156 1811 2449
8610 2 2 0 1216 1219 1811 1155
8611 2 2 0 1217 1157 1872 1221
8612 2 2 0 1217 1157 1812 1872
8613 2 2 0 1217 1872 1812 1220
8614 2 2 0 1217 1220 1812 1156
8615 2 2 0 1218 1814 1158 2450
8616 2 2 0 1218 1221 1873 2450
8617 2 2 0 1218 1158 1813 2450
8618 2 2 0 1218 1221 1813 1157
8619 2 2 0 1218 1873 1814 2450
8620 2 2 0 1218 1813 1221 2450
8621 2 2 0 1218 1814 1873 1222
8622 2 2 0 1219 1814 1159 1158
8623 2 2 0 1219 1815 1159 1814
8624 2 2 0 1219 1815 1222 1223
8625 2 2 0 1219 1815 1814 1222
8626 2 2 0 1220 1815 1160 1159
8627 2 2 0 1220 1816 1160 1815
8628 2 2 0 1220 1816 1223 1224
8629 2 2 0 1220 1816 1815 1223
8630 2 2 0 1221 1817 1161 1160
8631 2 2 0 1221 1816 1817 1160
8632 2 2 0 1221 1816 1224 1225
8633 2 2 0 1221 1817 1816 1225
8634 2 2 0 1222 1818 1162 1161
8635 2 2 0 1222 1817 1818 1161
8636 2 2 0 1222 1817 1225 1226
8637 2 2 0 1222 1818 1817 1226
8638 2 2 0 1223 1162 1819 1163
8639 2 2 0 1223 1818 1819 1162
8640 2 2 0 1223 1226 1227 1818
8641 2 2 0 1223 1819 1818 1227
8642 2 2 0 1224 1819 1877 1163
8643 2 2 0 1224 1877 1228 2451
8644 2 2 0 1224 1164 1820 1228
8645 2 2 0 1224 1163 1877 2451
8646 2 2 0 1224 1820 1163 2451
8647 2 2 0 1224 1228 1820 2451
8648 2 2 0 1224 1877 1819 1227
8649 2 2 0 1225 1228 1878 1164
8650 2 2 0 1225 1878 1821 1164
8651 2 2 0 1225 1821 1878 1229
8652 2 2 0 1225 1165 1821 1229
8653 2 2 0 1226 1230 1822 2452
8654 2 2 0 1226 1879 1230 2452
8655 2 2 0 1226 1822 1165 2452
8656 2 2 0 1226 1165 1229 2452
8657 2 2 0 1226 1166 1822 1230
8658 2 2 0 1226 1229 1879 2452
8659 2 2 0 1227 1230 1880 2453
8660 2 2 0 1227 1880 1231 2454
8661 2 2 0 1227 1167 1823 2454
8662 2 2 0 1227 2453 1880 2454
8663 2 2 0 1227 1823 1166 2453
8664 2 2 0 1227 1823 2453 2454
8665 2 2 0 1227 1231 1167 2454
8666 2 2 0 1227 1166 1230 2453
8667 2 2 0 1228 1231 1881 1167
8668 2 2 0 1228 1168 1167 2455
8669 2 2 0 1228 1167 1881 2455
8670 2 2 0 1228 1232 1168 2455
8671 2 2 0 1228 1881 1232 2455
8672 2 2 0 1229 1882 1169 1168
8673 2 2 0 1229 1232 1882 1168
8674 2 2 0 1229 1169 1882 1233
8675 2 2 0 1230 1883 1170 1169
8676 2 2 0 1230 1233 1883 1169
8677 2 2 0 1230 1170 1883 1234
8678 2 2 0 1231 1171 1884 1235
8679 2 2 0 1231 1171 1170 2456
8680 2 2 0 1231 1884 1171 2456
8681 2 2 0 1231 1170 1234 2456
8682 2 2 0 1231 1234 1884 2456
8683 2 2 0 1232 1885 1236 2457
8684 2 2 0 1232 1235 1885 2458
8685 2 2 0 1232 1824 1171 2458
8686 2 2 0 1232 1885 2457 2458
8687 2 2 0 1232 1172 1824 2457
8688 2 2 0 1232 2457 1824 2458
8689 2 2 0 1232 1171 1235 2458
8690 2 2 0 1232 1236 1172 2457
8691 2 2 0 1233 1825 1236 2459
8692 2 2 0 1233 1236 1886 2459
8693 2 2 0 1233 1173 1825 2459
8694 2 2 0 1233 1236 1825 1172
8695 2 2 0 1233 1237 1173 2459
8696 2 2 0 1233 1886 1237 2459
8697 2 2 0 1234 1174 1887 1238
8698 2 2 0 1234 1174 1826 1887
8699 2 2 0 1234 1887 1826 1237
8700 2 2 0 1234 1237 1826 1173
8701 2 2 0 1235 1828 1175 1888
8702 2 2 0 1235 1238 1888 2460
8703 2 2 0 1235 1238 1827 1174
8704 2 2 0 1235 1888 1175 2460
8705 2 2 0 1235 1175 1827 2460
8706 2 2 0 1235 1827 1238 2460
8707 2 2 0 1235 1828 1888 1239
8708 2 2 0 1236 1828 1176 1175
8709 2 2 0 1236 1829 1176 1828
8710 2 2 0 1236 1239 1240 1829
8711 2 2 0 1236 1829 1828 1239
8712 2 2 0 1237 1829 1177 1176
8713 2 2 0 1237 1830 1177 1829
8714 2 2 0 1237 1830 1240 1241
8715 2 2 0 1237 1830 1829 1240
8716 2 2 0 1238 1830 1178 1177
8717 2 2 0 1238 1831 1178 1830
8718 2 2 0 1238 1831 1241 1242
8719 2 2 0 1238 1831 1830 1241
8720 2 2 0 1239 1832 1179 1178
8721 2 2 0 1239 1831 1832 1178
8722 2 2 0 1239 1831 1242 1243
8723 2 2 0 1239 1832 1831 1243
8724 2 2 0 1240 1833 1180 1179
8725 2 2 0 1240 1832 1833 1179
8726 2 2 0 1240 1832 1243 1244
8727 2 2 0 1240 1833 1832 1244
8728 2 2 0 1241 1180 1833 2461
8729 2 2 0 1241 1892 1245 2461
8730 2 2 0 1241 1834 1180 2461
8731 2 2 0 1241 1181 1834 1245
8732 2 2 0 1241 1833 1892 2461
8733 2 2 0 1241 1245 1834 2461
8734 2 2 0 1241 1892 1833 1244
8735 2 2 0 1242 1245 1893 1181
8736 2 2 0 1242 1893 1835 1181
8737 2 2 0 1242 1835 1893 1246
8738 2 2 0 1242 1182 1835 1246
8739 2 2 0 1243 1247 1836 2462
8740 2 2 0 1243 1182 1246 2462
8741 2 2 0 1243 1894 1247 2462
8742 2 2 0 1243 1246 1894 2462
8743 2 2 0 1243 1836 1182 2462
8744 2 2 0 1243 1183 1836 1247
8745 2 2 0 1244 1183 1247 2463
8746 2 2 0 1244 1248 1184 2464
8747 2 2 0 1244 1247 1895 2463
8748 2 2 0 1244 1184 1837 2464
8749 2 2 0 1244 1895 1248 2464
8750 2 2 0 1244 1837 1183 2463
8751 2 2 0 1244 2463 1895 2464
8752 2 2 0 1244 1837 2463 2464
8753 2 2 0 1245 1248 1896 2466
8754 2 2 0 1245 1896 1249 2465
8755 2 2 0 1245 1185 1838 2465
8756 2 2 0 1245 1838 1184 2466
8757 2 2 0 1245 2465 1838 2466
8758 2 2 0 1245 1896 2465 2466
8759 2 2 0 1245 1184 1248 2466
8760 2 2 0 1245 1249 1185 2465
8761 2 2 0 1246 1897 1250 2468
8762 2 2 0 1246 1249 1897 2467
8763 2 2 0 1246 1839 1185 2467
8764 2 2 0 1246 1186 1839 2468
8765 2 2 0 1246 1839 2467 2468
8766 2 2 0 1246 2467 1897 2468
8767 2 2 0 1246 1185 1249 2467
8768 2 2 0 1246 1250 1186 2468
8769 2 2 0 1247 1251 1187 2469
8770 2 2 0 1247 1186 1250 2470
8771 2 2 0 1247 1898 1251 2469
8772 2 2 0 1247 1840 1186 2470
8773 2 2 0 1247 1250 1898 2470
8774 2 2 0 1247 1187 1840 2469
8775 2 2 0 1247 1898 2469 2470
8776 2 2 0 1247 2469 1840 2470
8777 2 2 0 1248 1841 1251 2471
8778 2 2 0 1248 1252 1188 2471
8779 2 2 0 1248 1251 1899 2471
8780 2 2 0 1248 1899 1252 2471
8781 2 2 0 1248 1188 1841 2471
8782 2 2 0 1248 1251 1841 1187
8783 2 2 0 1249 1189 1900 1253
8784 2 2 0 1249 1189 1842 1900
8785 2 2 0 1249 1900 1842 1252
8786 2 2 0 1249 1252 1842 1188
8787 2 2 0 1250 1844 1190 2472
8788 2 2 0 1250 1253 1901 2472
8789 2 2 0 1250 1190 1843 2472
8790 2 2 0 1250 1253 1843 1189
8791 2 2 0 1250 1901 1844 2472
8792 2 2 0 1250 1843 1253 2472
8793 2 2 0 1250 1844 1901 1254
8794 2 2 0 1251 1844 1191 1190
8795 2 2 0 1251 1845 1191 1844
8796 2 2 0 1251 1845 1254 1255
8797 2 2 0 1251 1845 1844 1254
8798 2 2 0 1252 1845 1192 1191
8799 2 2 0 1252 1846 1192 1845
8800 2 2 0 1252 1846 1255 1256
8801 2 2 0 1252 1846 1845 1255
8802 2 2 0 1253 1847 1193 1192
8803 2 2 0 1253 1846 1847 1192
8804 2 2 0 1253 1846 1256 1257
8805 2 2 0 1253 1847 1846 1257
8806 2 2 0 1254 1848 1194 1193
8807 2 2 0 1254 1847 1848 1193
8808 2 2 0 1254 1847 1257 1258
8809 2 2 0 1254 1848 1847 1258
8810 2 2 0 1255 1194 1849 1195
8811 2 2 0 1255 1848 1849 1194
8812 2 2 0 1255 1258 1259 1848
8813 2 2 0 1255 1849 1848 1259
8814 2 2 0 1256 1849 1905 1195
8815 2 2 0 1256 1905 1260 2473
8816 2 2 0 1256 1196 1850 1260
8817 2 2 0 1256 1195 1905 2473
8818 2 2 0 1256 1850 1195 2473
8819 2 2 0 1256 1260 1850 2473
8820 2 2 0 1256 1905 1849 1259
8821 2 2 0 1257 1260 1906 1196
8822 2 2 0 1257 1906 1851 1196
8823 2 2 0 1257 1851 1906 1261
8824 2 2 0 1257 1197 1851 1261
8825 2 2 0 1258 1262 1852 2474
8826 2 2 0 1258 1907 1262 2474
8827 2 2 0 1258 1852 1197 2474
8828 2 2 0 1258 1197 1261 2474
8829 2 2 0 1258 1198 1852 1262
8830 2 2 0 1258 1261 1907 2474
8831 2 2 0 1259 1262 1908 2475
8832 2 2 0 1259 1908 1263 2476
8833 2 2 0 1259 1199 1853 2476
8834 2 2 0 1259 2475 1908 2476
8835 2 2 0 1259 1853 1198 2475
8836 2 2 0 1259 1853 2475 2476
8837 2 2 0 1259 1263 1199 2476
8838 2 2 0 1259 1198 1262 2475
8839 2 2 0 1260 1263 1909 1199
8840 2 2 0 1260 1200 1199 2477
8841 2 2 0 1260 1199 1909 2477
8842 2 2 0 1260 1264 1200 2477
8843 2 2 0 1260 1909 1264 2477
8844 2 2 0 1261 1910 1201 1200
8845 2 2 0 1261 1264 1910 1200
8846 2 2 0 1261 1201 1910 1265
8847 2 2 0 1262 1911 1202 1201
8848 2 2 0 1262 1265 1911 1201
8849 2 2 0 1262 1202 1911 1266
8850 2 2 0 1263 1203 1912 1267
8851 2 2 0 1263 1203 1202 2478
8852 2 2 0 1263 1912 1203 2478
8853 2 2 0 1263 1202 1266 2478
8854 2 2 0 1263 1266 1912 2478
8855 2 2 0 1264 1913 1268 2479
8856 2 2 0 1264 1267 1913 2480
8857 2 2 0 1264 1854 1203 2480
8858 2 2 0 1264 1913 2479 2480
8859 2 2 0 1264 1204 1854 2479
8860 2 2 0 1264 2479 1854 2480
8861 2 2 0 1264 1203 1267 2480
8862 2 2 0 1264 1268 1204 2479
8863 2 2 0 1265 1855 1268 2481
8864 2 2 0 1265 1268 1914 2481
8865 2 2 0 1265 1205 1855 2481
8866 2 2 0 1265 1268 1855 1204
8867 2 2 0 1265 1269 1205 2481
8868 2 2 0 1265 1914 1269 2481
8869 2 2 0 1266 1206 1915 1270
8870 2 2 0 1266 1206 1856 1915
8871 2 2 0 1266 1915 1856 1269
8872 2 2 0 1266 1269 1856 1205
8873 2 2 0 1267 1858 1207 1916
8874 2 2 0 1267 1270 1916 2482
8875 2 2 0 1267 1270 1857 1206
8876 2 2 0 1267 1916 1207 2482
8877 2 2 0 1267 1207 1857 2482
8878 2 2 0 1267 1857 1270 2482
8879 2 2 0 1267 1858 1916 1271
8880 2 2 0 1268 1858 1208 1207
8881 2 2 0 1268 1859 1208 1858
8882 2 2 0 1268 1271 1272 1859
8883 2 2 0 1268 1859 1858 1271
8884 2 2 0 1269 1859 1209 1208
8885 2 2 0 1269 1860 1209 1859
8886 2 2 0 1269 1860 1272 1273
8887 2 2 0 1269 1860 1859 1272
8888 2 2 0 1270 1860 1210 1209
8889 2 2 0 1270 1861 1210 1860
8890 2 2 0 1270 1861 1273 1274
8891 2 2 0 1270 1861 1860 1273
8892 2 2 0 1271 1862 1211 1210
8893 2 2 0 1271 1861 1862 1210
8894 2 2 0 1271 1861 1274 1275
8895 2 2 0 1271 1862 1861 1275
8896 2 2 0 1272 1863 1212 1211
8897 2 2 0 1272 1862 1863 1211
8898 2 2 0 1272 1862 1275 1276
8899 2 2 0 1272 1863 1862 1276
8900 2 2 0 1273 1212 1863 2483
8901 2 2 0 1273 1920 1277 2483
8902 2 2 0 1273 1864 1212 2483
8903 2 2 0 1273 1213 1864 1277
8904 2 2 0 1273 1863 1920 2483
8905 2 2 0 1273 1277 1864 2483
8906 2 2 0 1273 1920 1863 1276
8907 2 2 0 1274 1277 1921 1213
8908 2 2 0 1274 1921 1865 1213
8909 2 2 0 1274 1865 1921 1278
8910 2 2 0 1274 1214 1865 1278
8911 2 2 0 1275 1279 1866 2484
8912 2 2 0 1275 1214 1278 2484
8913 2 2 0 1275 1922 1279 2484
8914 2 2 0 1275 1278 1922 2484
8915 2 2 0 1275 1866 1214 2484
8916 2 2 0 1275 1215 1866 1279
8917 2 2 0 1276 1215 1279 2485
8918 2 2 0 1276 1280 1216 2486
8919 2 2 0 1276 1279 1923 2485
8920 2 2 0 1276 1216 1867 2486
8921 2 2 0 1276 1923 1280 2486
8922 2 2 0 1276 1867 1215 2485
8923 2 2 0 1276 2485 1923 2486
8924 2 2 0 1276 1867 2485 2486
8925 2 2 0 1277 1280 1924 2488
8926 2 2 0 1277 1924 1217 2487
8927 2 2 0 1277 1153 1868 2487
8928 2 2 0 1277 1868 1216 2488
8929 2 2 0 1277 2487 1868 2488
8930 2 2 0 1277 1924 2487 2488
8931 2 2 0 1277 1217 1153 2487
8932 2 2 0 1277 1216 1280 2488
8933 2 2 0 1278 1217 1281 2489
8934 2 2 0 1278 1282 1218 2490
8935 2 2 0 1278 1925 1282 2490
8936 2 2 0 1278 1281 1925 2489
8937 2 2 0 1278 1869 1217 2489
8938 2 2 0 1278 1218 1869 2490
8939 2 2 0 1278 1869 2489 2490
8940 2 2 0 1278 2489 1925 2490
8941 2 2 0 1279 1282 1870 1218
8942 2 2 0 1279 1926 1870 1282
8943 2 2 0 1279 1219 1870 1926
8944 2 2 0 1279 1219 1926 1283
8945 2 2 0 1280 1283 1871 1219
8946 2 2 0 1280 1927 1871 1283
8947 2 2 0 1280 1220 1927 1284
8948 2 2 0 1280 1220 1871 1927
8949 2 2 0 1281 1928 1872 1284
8950 2 2 0 1281 1221 1928 1285
8951 2 2 0 1281 1284 1872 1220
8952 2 2 0 1281 1221 1872 1928
8953 2 2 0 1282 1874 1930 1286
8954 2 2 0 1282 1285 1873 1221
8955 2 2 0 1282 1874 1222 2491
8956 2 2 0 1282 1930 1874 2491
8957 2 2 0 1282 1929 1873 1285
8958 2 2 0 1282 1929 1930 2491
8959 2 2 0 1282 1873 1929 2491
8960 2 2 0 1282 1222 1873 2491
8961 2 2 0 1283 1874 1223 1222
8962 2 2 0 1283 1287 1223 1874
8963 2 2 0 1283 1286 1287 1874
8964 2 2 0 1284 1287 1224 1223
8965 2 2 0 1284 1287 1288 1224
8966 2 2 0 1285 1289 1225 1224
8967 2 2 0 1285 1288 1289 1224
8968 2 2 0 1286 1875 1226 1225
8969 2 2 0 1286 1289 1875 1225
8970 2 2 0 1286 1875 1289 1290
8971 2 2 0 1287 1876 1227 1226
8972 2 2 0 1287 1875 1876 1226
8973 2 2 0 1287 1875 1290 1291
8974 2 2 0 1287 1876 1875 1291
8975 2 2 0 1288 1931 1876 1291
8976 2 2 0 1288 1228 1877 1292
8977 2 2 0 1288 1876 1931 2492
8978 2 2 0 1288 1227 1876 2492
8979 2 2 0 1288 1877 1932 1292
8980 2 2 0 1288 1932 1877 2492
8981 2 2 0 1288 1931 1932 2492
8982 2 2 0 1288 1877 1227 2492
8983 2 2 0 1289 1878 1933 1293
8984 2 2 0 1289 1292 1933 1228
8985 2 2 0 1289 1933 1878 1228
8986 2 2 0 1289 1229 1878 1293
8987 2 2 0 1290 1293 1934 1229
8988 2 2 0 1290 1879 1934 1294
8989 2 2 0 1290 1934 1879 1229
8990 2 2 0 1290 1230 1879 1294
8991 2 2 0 1291 1880 1935 1295
8992 2 2 0 1291 1935 1880 1230
8993 2 2 0 1291 1294 1935 1230
8994 2 2 0 1291 1231 1880 1295
8995 2 2 0 1292 1231 1295 2494
8996 2 2 0 1292 1296 1232 2493
8997 2 2 0 1292 1295 1936 2494
8998 2 2 0 1292 1232 1881 2493
8999 2 2 0 1292 1936 1296 2493
9000 2 2 0 1292 1881 1231 2494
9001 2 2 0 1292 2493 1881 2494
9002 2 2 0 1292 1936 2493 2494
9003 2 2 0 1293 1232 1296 2496
9004 2 2 0 1293 1296 1937 2496
9005 2 2 0 1293 1937 1297 2495
9006 2 2 0 1293 1233 1882 2495
9007 2 2 0 1293 1882 1232 2496
9008 2 2 0 1293 2495 1882 2496
9009 2 2 0 1293 1937 2495 2496
9010 2 2 0 1293 1297 1233 2495
9011 2 2 0 1294 1298 1234 2498
9012 2 2 0 1294 1938 1298 2498
9013 2 2 0 1294 1297 1938 2497
9014 2 2 0 1294 1883 1233 2497
9015 2 2 0 1294 1234 1883 2498
9016 2 2 0 1294 1883 2497 2498
9017 2 2 0 1294 2497 1938 2498
9018 2 2 0 1294 1233 1297 2497
9019 2 2 0 1295 1299 1235 2500
9020 2 2 0 1295 1234 1298 2499
9021 2 2 0 1295 1939 1299 2500
9022 2 2 0 1295 1884 1234 2499
9023 2 2 0 1295 1298 1939 2499
9024 2 2 0 1295 1235 1884 2500
9025 2 2 0 1295 1884 2499 2500
9026 2 2 0 1295 2499 1939 2500
9027 2 2 0 1296 1299 1940 1885
9028 2 2 0 1296 1940 1236 1885
9029 2 2 0 1296 1236 1940 1300
9030 2 2 0 1296 1299 1885 1235
9031 2 2 0 1297 1237 1941 1301
9032 2 2 0 1297 1300 1941 1886
9033 2 2 0 1297 1941 1237 1886
9034 2 2 0 1297 1300 1886 1236
9035 2 2 0 1298 1301 1942 1887
9036 2 2 0 1298 1238 1942 1302
9037 2 2 0 1298 1942 1238 1887
9038 2 2 0 1298 1301 1887 1237
9039 2 2 0 1299 1889 1944 1303
9040 2 2 0 1299 1302 1888 1238
9041 2 2 0 1299 1944 1889 2501
9042 2 2 0 1299 1889 1239 2501
9043 2 2 0 1299 1302 1943 1888
9044 2 2 0 1299 1888 1943 2501
9045 2 2 0 1299 1943 1944 2501
9046 2 2 0 1299 1239 1888 2501
9047 2 2 0 1300 1889 1240 1239
9048 2 2 0 1300 1890 1240 1889
9049 2 2 0 1300 1890 1303 1304
9050 2 2 0 1300 1303 1890 1889
9051 2 2 0 1301 1890 1241 1240
9052 2 2 0 1301 1890 1305 1241
9053 2 2 0 1301 1304 1305 1890
9054 2 2 0 1302 1305 1242 1241
9055 2 2 0 1302 1242 1305 1306
9056 2 2 0 1303 1242 1307 1243
9057 2 2 0 1303 1306 1307 1242
9058 2 2 0 1304 1891 1244 1243
9059 2 2 0 1304 1891 1243 1307
9060 2 2 0 1304 1308 1891 1307
9061 2 2 0 1305 1945 1891 1308
9062 2 2 0 1305 1245 1892 1309
9063 2 2 0 1305 1244 1891 2502
9064 2 2 0 1305 1891 1945 2502
9065 2 2 0 1305 1892 1946 1309
9066 2 2 0 1305 1945 1946 2502
9067 2 2 0 1305 1946 1892 2502
9068 2 2 0 1305 1892 1244 2502
9069 2 2 0 1306 1893 1947 1310
9070 2 2 0 1306 1309 1947 1245
9071 2 2 0 1306 1246 1893 1310
9072 2 2 0 1306 1947 1893 1245
9073 2 2 0 1307 1247 1894 1311
9074 2 2 0 1307 1894 1948 1311
9075 2 2 0 1307 1310 1948 1246
9076 2 2 0 1307 1948 1894 1246
9077 2 2 0 1308 1248 1895 1312
9078 2 2 0 1308 1895 1949 1312
9079 2 2 0 1308 1949 1895 1247
9080 2 2 0 1308 1311 1949 1247
9081 2 2 0 1309 1313 1249 2503
9082 2 2 0 1309 1248 1312 2504
9083 2 2 0 1309 1312 1950 2504
9084 2 2 0 1309 1950 1313 2503
9085 2 2 0 1309 1249 1896 2503
9086 2 2 0 1309 1896 1248 2504
9087 2 2 0 1309 2503 1896 2504
9088 2 2 0 1309 1950 2503 2504
9089 2 2 0 1310 1249 1313 2505
9090 2 2 0 1310 1314 1250 2506
9091 2 2 0 1310 1951 1314 2506
9092 2 2 0 1310 1313 1951 2505
9093 2 2 0 1310 1897 1249 2505
9094 2 2 0 1310 1250 1897 2506
9095 2 2 0 1310 1897 2505 2506
9096 2 2 0 1310 2505 1951 2506
9097 2 2 0 1311 1314 1898 1250
9098 2 2 0 1311 1898 1314 1952
9099 2 2 0 1311 1251 1898 1952
9100 2 2 0 1311 1251 1952 1315
9101 2 2 0 1312 1315 1899 1251
9102 2 2 0 1312 1899 1315 1953
9103 2 2 0 1312 1252 1953 1316
9104 2 2 0 1312 1252 1899 1953
9105 2 2 0 1313 1900 1316 1954
9106 2 2 0 1313 1253 1954 1317
9107 2 2 0 1313 1316 1900 1252
9108 2 2 0 1313 1253 1900 1954
9109 2 2 0 1314 1902 1956 1318
9110 2 2 0 1314 1317 1901 1253
9111 2 2 0 1314 1902 1254 2507
9112 2 2 0 1314 1956 1902 2507
9113 2 2 0 1314 1901 1317 1955
9114 2 2 0 1314 1955 1956 2507
9115 2 2 0 1314 1901 1955 2507
9116 2 2 0 1314 1254 1901 2507
9117 2 2 0 1315 1902 1255 1254
9118 2 2 0 1315 1319 1255 1902
9119 2 2 0 1315 1318 1319 1902
9120 2 2 0 1316 1319 1256 1255
9121 2 2 0 1316 1319 1320 1256
9122 2 2 0 1317 1321 1257 1256
9123 2 2 0 1317 1320 1321 1256
9124 2 2 0 1318 1903 1258 1257
9125 2 2 0 1318 1321 1903 1257
9126 2 2 0 1318 1903 1321 1322
9127 2 2 0 1319 1904 1259 1258
9128 2 2 0 1319 1903 1904 1258
9129 2 2 0 1319 1903 1322 1323
9130 2 2 0 1319 1904 1903 1323
9131 2 2 0 1320 1957 1904 1323
9132 2 2 0 1320 1260 1905 1324
9133 2 2 0 1320 1904 1957 2508
9134 2 2 0 1320 1259 1904 2508
9135 2 2 0 1320 1905 1958 1324
9136 2 2 0 1320 1958 1905 2508
9137 2 2 0 1320 1957 1958 2508
9138 2 2 0 1320 1905 1259 2508
9139 2 2 0 1321 1906 1959 1325
9140 2 2 0 1321 1324 1959 1260
9141 2 2 0 1321 1959 1906 1260
9142 2 2 0 1321 1261 1906 1325
9143 2 2 0 1322 1325 1960 1261
9144 2 2 0 1322 1907 1960 1326
9145 2 2 0 1322 1960 1907 1261
9146 2 2 0 1322 1262 1907 1326
9147 2 2 0 1323 1908 1961 1327
9148 2 2 0 1323 1961 1908 1262
9149 2 2 0 1323 1326 1961 1262
9150 2 2 0 1323 1263 1908 1327
9151 2 2 0 1324 1263 1327 2510
9152 2 2 0 1324 1328 1264 2509
9153 2 2 0 1324 1327 1962 2510
9154 2 2 0 1324 1264 1909 2509
9155 2 2 0 1324 1962 1328 2509
9156 2 2 0 1324 1909 1263 2510
9157 2 2 0 1324 2509 1909 2510
9158 2 2 0 1324 1962 2509 2510
9159 2 2 0 1325 1264 1328 2512
9160 2 2 0 1325 1328 1963 2512
9161 2 2 0 1325 1963 1329 2511
9162 2 2 0 1325 1265 1910 2511
9163 2 2 0 1325 1910 1264 2512
9164 2 2 0 1325 2511 1910 2512
9165 2 2 0 1325 1963 2511 2512
9166 2 2 0 1325 1329 1265 2511
9167 2 2 0 1326 1330 1266 2514
9168 2 2 0 1326 1964 1330 2514
9169 2 2 0 1326 1329 1964 2513
9170 2 2 0 1326 1911 1265 2513
9171 2 2 0 1326 1266 1911 2514
9172 2 2 0 1326 1911 2513 2514
9173 2 2 0 1326 2513 1964 2514
9174 2 2 0 1326 1265 1329 2513
9175 2 2 0 1327 1331 1267 2516
9176 2 2 0 1327 1266 1330 2515
9177 2 2 0 1327 1965 1331 2516
9178 2 2 0 1327 1912 1266 2515
9179 2 2 0 1327 1330 1965 2515
9180 2 2 0 1327 1267 1912 2516
9181 2 2 0 1327 1912 2515 2516
9182 2 2 0 1327 2515 1965 2516
9183 2 2 0 1328 1966 1913 1331
9184 2 2 0 1328 1268 1913 1966
9185 2 2 0 1328 1268 1966 1332
9186 2 2 0 1328 1331 1913 1267
9187 2 2 0 1329 1269 1967 1333
9188 2 2 0 1329 1967 1914 1332
9189 2 2 0 1329 1269 1914 1967
9190 2 2 0 1329 1332 1914 1268
9191 2 2 0 1330 1968 1915 1333
9192 2 2 0 1330 1270 1968 1334
9193 2 2 0 1330 1270 1915 1968
9194 2 2 0 1330 1333 1915 1269
9195 2 2 0 1331 1917 1970 1335
9196 2 2 0 1331 1334 1916 1270
9197 2 2 0 1331 1970 1917 2517
9198 2 2 0 1331 1917 1271 2517
9199 2 2 0 1331 1969 1916 1334
9200 2 2 0 1331 1916 1969 2517
9201 2 2 0 1331 1969 1970 2517
9202 2 2 0 1331 1271 1916 2517
9203 2 2 0 1332 1917 1272 1271
9204 2 2 0 1332 1918 1272 1917
9205 2 2 0 1332 1918 1335 1336
9206 2 2 0 1332 1918 1917 1335
9207 2 2 0 1333 1918 1273 1272
9208 2 2 0 1333 1918 1337 1273
9209 2 2 0 1333 1918 1336 1337
9210 2 2 0 1334 1337 1274 1273
9211 2 2 0 1334 1274 1337 1338
9212 2 2 0 1335 1274 1339 1275
9213 2 2 0 1335 1338 1339 1274
9214 2 2 0 1336 1919 1276 1275
9215 2 2 0 1336 1919 1275 1339
9216 2 2 0 1336 1340 1919 1339
9217 2 2 0 1337 1971 1919 1340
9218 2 2 0 1337 1277 1920 1341
9219 2 2 0 1337 1276 1919 2518
9220 2 2 0 1337 1919 1971 2518
9221 2 2 0 1337 1920 1972 1341
9222 2 2 0 1337 1971 1972 2518
9223 2 2 0 1337 1972 1920 2518
9224 2 2 0 1337 1920 1276 2518
9225 2 2 0 1338 1921 1973 1342
9226 2 2 0 1338 1341 1973 1277
9227 2 2 0 1338 1278 1921 1342
9228 2 2 0 1338 1973 1921 1277
9229 2 2 0 1339 1279 1922 1343
9230 2 2 0 1339 1922 1974 1343
9231 2 2 0 1339 1342 1974 1278
9232 2 2 0 1339 1974 1922 1278
9233 2 2 0 1340 1280 1923 1344
9234 2 2 0 1340 1923 1975 1344
9235 2 2 0 1340 1975 1923 1279
9236 2 2 0 1340 1343 1975 1279
9237 2 2 0 1341 1281 1217 2519
9238 2 2 0 1341 1280 1344 2520
9239 2 2 0 1341 1344 1976 2520
9240 2 2 0 1341 1976 1281 2519
9241 2 2 0 1341 1217 1924 2519
9242 2 2 0 1341 1924 1280 2520
9243 2 2 0 1341 2519 1924 2520
9244 2 2 0 1341 1976 2519 2520
9245 2 2 0 1342 1282 1977 1346
9246 2 2 0 1342 1282 1925 1977
9247 2 2 0 1342 1345 1977 2521
9248 2 2 0 1342 1925 1281 2521
9249 2 2 0 1342 1281 1345 2521
9250 2 2 0 1342 1977 1925 2521
9251 2 2 0 1343 1978 1926 1346
9252 2 2 0 1343 1346 1926 1282
9253 2 2 0 1343 1283 1978 1347
9254 2 2 0 1343 1283 1926 1978
9255 2 2 0 1344 1979 1927 1347
9256 2 2 0 1344 1347 1927 1283
9257 2 2 0 1344 1284 1979 1348
9258 2 2 0 1344 1284 1927 1979
9259 2 2 0 1345 1980 1928 1348
9260 2 2 0 1345 1348 1928 1284
9261 2 2 0 1345 1285 1980 1349
9262 2 2 0 1345 1285 1928 1980
9263 2 2 0 1346 1982 1930 1981
9264 2 2 0 1346 1286 1982 1350
9265 2 2 0 1346 1286 1930 1982
9266 2 2 0 1346 1981 1929 1349
9267 2 2 0 1346 1930 1929 1981
9268 2 2 0 1346 1349 1929 1285
9269 2 2 0 1347 1350 1287 1286
9270 2 2 0 1347 1350 1351 1287
9271 2 2 0 1348 1351 1288 1287
9272 2 2 0 1348 1288 1351 1352
9273 2 2 0 1349 1353 1289 1288
9274 2 2 0 1349 1352 1353 1288
9275 2 2 0 1350 1289 1354 1290
9276 2 2 0 1350 1353 1354 1289
9277 2 2 0 1351 1290 1355 1291
9278 2 2 0 1351 1354 1355 1290
9279 2 2 0 1352 1984 1931 1983
9280 2 2 0 1352 1983 1931 1291
9281 2 2 0 1352 1355 1983 1291
9282 2 2 0 1352 1932 1984 1356
9283 2 2 0 1352 1984 1932 1931
9284 2 2 0 1352 1292 1932 1356
9285 2 2 0 1353 1933 1985 1357
9286 2 2 0 1353 1356 1985 1292
9287 2 2 0 1353 1293 1933 1357
9288 2 2 0 1353 1985 1933 1292
9289 2 2 0 1354 1934 1986 1358
9290 2 2 0 1354 1294 1934 1358
9291 2 2 0 1354 1357 1986 1293
9292 2 2 0 1354 1986 1934 1293
9293 2 2 0 1355 1935 1987 1359
9294 2 2 0 1355 1295 1935 1359
9295 2 2 0 1355 1358 1987 1294
9296 2 2 0 1355 1987 1935 1294
9297 2 2 0 1356 1296 1936 1360
9298 2 2 0 1356 1936 1988 1360
9299 2 2 0 1356 1988 1936 1295
9300 2 2 0 1356 1359 1988 1295
9301 2 2 0 1357 1361 1297 2522
9302 2 2 0 1357 1296 1360 2523
9303 2 2 0 1357 1360 1989 2523
9304 2 2 0 1357 1989 1361 2522
9305 2 2 0 1357 1297 1937 2522
9306 2 2 0 1357 1937 1296 2523
9307 2 2 0 1357 2522 1937 2523
9308 2 2 0 1357 1989 2522 2523
9309 2 2 0 1358 1297 1361 2524
9310 2 2 0 1358 1362 1298 2525
9311 2 2 0 1358 1990 1362 2525
9312 2 2 0 1358 1361 1990 2524
9313 2 2 0 1358 1938 1297 2524
9314 2 2 0 1358 1298 1938 2525
9315 2 2 0 1358 1938 2524 2525
9316 2 2 0 1358 2524 1990 2525
9317 2 2 0 1359 1362 1939 1298
9318 2 2 0 1359 1991 1939 1362
9319 2 2 0 1359 1299 1939 1991
9320 2 2 0 1359 1299 1991 1363
9321 2 2 0 1360 1992 1940 1363
9322 2 2 0 1360 1363 1940 1299
9323 2 2 0 1360 1300 1992 1364
9324 2 2 0 1360 1300 1940 1992
9325 2 2 0 1361 1993 1941 1364
9326 2 2 0 1361 1364 1941 1300
9327 2 2 0 1361 1301 1993 1365
9328 2 2 0 1361 1301 1941 1993
9329 2 2 0 1362 1994 1942 1365
9330 2 2 0 1362 1302 1994 1366
9331 2 2 0 1362 1365 1942 1301
9332 2 2 0 1362 1302 1942 1994
9333 2 2 0 1363 1996 1944 1995
9334 2 2 0 1363 1303 1944 1996
9335 2 2 0 1363 1303 1996 1367
9336 2 2 0 1363 1995 1943 1366
9337 2 2 0 1363 1944 1943 1995
9338 2 2 0 1363 1366 1943 1302
9339 2 2 0 1364 1367 1304 1303
9340 2 2 0 1364 1367 1368 1304
9341 2 2 0 1365 1368 1305 1304
9342 2 2 0 1365 1368 1369 1305
9343 2 2 0 1366 1369 1306 1305
9344 2 2 0 1366 1306 1369 1370
9345 2 2 0 1367 1306 1371 1307
9346 2 2 0 1367 1370 1371 1306
9347 2 2 0 1368 1307 1372 1308
9348 2 2 0 1368 1371 1372 1307
9349 2 2 0 1369 1998 1945 1997
9350 2 2 0 1369 1372 1997 1308
9351 2 2 0 1369 1997 1945 1308
9352 2 2 0 1369 1946 1998 1373
9353 2 2 0 1369 1998 1946 1945
9354 2 2 0 1369 1309 1946 1373
9355 2 2 0 1370 1947 1999 1374
9356 2 2 0 1370 1310 1947 1374
9357 2 2 0 1370 1373 1999 1309
9358 2 2 0 1370 1999 1947 1309
9359 2 2 0 1371 1948 2000 1375
9360 2 2 0 1371 1311 1948 1375
9361 2 2 0 1371 1374 2000 1310
9362 2 2 0 1371 2000 1948 1310
9363 2 2 0 1372 1949 2001 1376
9364 2 2 0 1372 1312 1949 1376
9365 2 2 0 1372 1375 2001 1311
9366 2 2 0 1372 2001 1949 1311
9367 2 2 0 1373 1376 2002 1312
9368 2 2 0 1373 2002 1950 1312
9369 2 2 0 1373 2002 1377 2526
9370 2 2 0 1373 1313 1950 2526
9371 2 2 0 1373 1377 1313 2526
9372 2 2 0 1373 1950 2002 2526
9373 2 2 0 1374 1314 2003 1378
9374 2 2 0 1374 1314 1951 2003
9375 2 2 0 1374 1377 2003 2527
9376 2 2 0 1374 1951 1313 2527
9377 2 2 0 1374 1313 1377 2527
9378 2 2 0 1374 2003 1951 2527
9379 2 2 0 1375 2004 1952 1378
9380 2 2 0 1375 1378 1952 1314
9381 2 2 0 1375 1315 2004 1379
9382 2 2 0 1375 1315 1952 2004
9383 2 2 0 1376 2005 1953 1379
9384 2 2 0 1376 1379 1953 1315
9385 2 2 0 1376 1316 2005 1380
9386 2 2 0 1376 1316 1953 2005
9387 2 2 0 1377 2006 1954 1380
9388 2 2 0 1377 1380 1954 1316
9389 2 2 0 1377 1317 2006 1381
9390 2 2 0 1377 1317 1954 2006
9391 2 2 0 1378 2008 1956 2007
9392 2 2 0 1378 1318 2008 1382
9393 2 2 0 1378 1956 2008 1318
9394 2 2 0 1378 2007 1955 1381
9395 2 2 0 1378 1956 1955 2007
9396 2 2 0 1378 1381 1955 1317
9397 2 2 0 1379 1382 1319 1318
9398 2 2 0 1379 1382 1383 1319
9399 2 2 0 1380 1383 1320 1319
9400 2 2 0 1380 1320 1383 1384
9401 2 2 0 1381 1385 1321 1320
9402 2 2 0 1381 1384 1385 1320
9403 2 2 0 1382 1321 1386 1322
9404 2 2 0 1382 1385 1386 1321
9405 2 2 0 1383 1322 1387 1323
9406 2 2 0 1383 1386 1387 1322
9407 2 2 0 1384 2010 1957 2009
9408 2 2 0 1384 2009 1957 1323
9409 2 2 0 1384 1387 2009 1323
9410 2 2 0 1384 1958 2010 1388
9411 2 2 0 1384 2010 1958 1957
9412 2 2 0 1384 1324 1958 1388
9413 2 2 0 1385 1959 2011 1389
9414 2 2 0 1385 1388 2011 1324
9415 2 2 0 1385 1325 1959 1389
9416 2 2 0 1385 2011 1959 1324
9417 2 2 0 1386 1960 2012 1390
9418 2 2 0 1386 1326 1960 1390
9419 2 2 0 1386 1389 2012 1325
9420 2 2 0 1386 2012 1960 1325
9421 2 2 0 1387 1961 2013 1391
9422 2 2 0 1387 1327 1961 1391
9423 2 2 0 1387 1390 2013 1326
9424 2 2 0 1387 2013 1961 1326
9425 2 2 0 1388 1328 1962 1392
9426 2 2 0 1388 1962 2014 1392
9427 2 2 0 1388 2014 1962 1327
9428 2 2 0 1388 1391 2014 1327
9429 2 2 0 1389 1393 1329 2528
9430 2 2 0 1389 1328 1392 2529
9431 2 2 0 1389 1392 2015 2529
9432 2 2 0 1389 2015 1393 2528
9433 2 2 0 1389 1329 1963 2528
9434 2 2 0 1389 1963 1328 2529
9435 2 2 0 1389 2528 1963 2529
9436 2 2 0 1389 2015 2528 2529
9437 2 2 0 1390 1329 1393 2530
9438 2 2 0 1390 1394 1330 2531
9439 2 2 0 1390 2016 1394 2531
9440 2 2 0 1390 1393 2016 2530
9441 2 2 0 1390 1964 1329 2530
9442 2 2 0 1390 1330 1964 2531
9443 2 2 0 1390 1964 2530 2531
9444 2 2 0 1390 2530 2016 2531
9445 2 2 0 1391 1394 1965 1330
9446 2 2 0 1391 2017 1965 1394
9447 2 2 0 1391 1331 1965 2017
9448 2 2 0 1391 1331 2017 1395
9449 2 2 0 1392 2018 1966 1395
9450 2 2 0 1392 1395 1966 1331
9451 2 2 0 1392 1332 2018 1396
9452 2 2 0 1392 1332 1966 2018
9453 2 2 0 1393 2019 1967 1396
9454 2 2 0 1393 1396 1967 1332
9455 2 2 0 1393 1333 2019 1397
9456 2 2 0 1393 1333 1967 2019
9457 2 2 0 1394 2020 1968 1397
9458 2 2 0 1394 1334 2020 1398
9459 2 2 0 1394 1397 1968 1333
9460 2 2 0 1394 1334 1968 2020
9461 2 2 0 1395 1970 2021 2022
9462 2 2 0 1395 1335 1970 2022
9463 2 2 0 1395 1335 2022 1399
9464 2 2 0 1395 2021 1969 1398
9465 2 2 0 1395 1969 2021 1970
9466 2 2 0 1395 1398 1969 1334
9467 2 2 0 1396 1399 1336 1335
9468 2 2 0 1396 1399 1400 1336
9469 2 2 0 1397 1400 1337 1336
9470 2 2 0 1397 1400 1401 1337
9471 2 2 0 1398 1401 1338 1337
9472 2 2 0 1398 1338 1401 1402
9473 2 2 0 1399 1338 1403 1339
9474 2 2 0 1399 1402 1403 1338
9475 2 2 0 1400 1339 1404 1340
9476 2 2 0 1400 1403 1404 1339
9477 2 2 0 1401 2024 1971 2023
9478 2 2 0 1401 1404 2023 1340
9479 2 2 0 1401 2023 1971 1340
9480 2 2 0 1401 1972 2024 1405
9481 2 2 0 1401 2024 1972 1971
9482 2 2 0 1401 1341 1972 1405
9483 2 2 0 1402 1973 2025 1406
9484 2 2 0 1402 1342 1973 1406
9485 2 2 0 1402 1405 2025 1341
9486 2 2 0 1402 2025 1973 1341
9487 2 2 0 1403 1974 2026 1407
9488 2 2 0 1403 1343 1974 1407
9489 2 2 0 1403 1406 2026 1342
9490 2 2 0 1403 2026 1974 1342
9491 2 2 0 1404 1975 2027 1408
9492 2 2 0 1404 1344 1975 1408
9493 2 2 0 1404 1407 2027 1343
9494 2 2 0 1404 2027 1975 1343
9495 2 2 0 1405 1408 2028 1344
9496 2 2 0 1405 2028 1976 1344
9497 2 2 0 1405 2028 1345 2532
9498 2 2 0 1405 1281 1976 2532
9499 2 2 0 1405 1345 1281 2532
9500 2 2 0 1405 1976 2028 2532
9501 2 2 0 1406 1409 2029 2533
9502 2 2 0 1406 1977 1345 2533
9503 2 2 0 1406 1346 1977 2534
9504 2 2 0 1406 1977 2029 2534
9505 2 2 0 1406 1345 1409 2533
9506 2 2 0 1406 2029 1977 2533
9507 2 2 0 1406 1410 1346 2534
9508 2 2 0 1406 2029 1410 2534
9509 2 2 0 1407 1978 1346 2535
9510 2 2 0 1407 1410 2030 2535
9511 2 2 0 1407 2030 1978 2535
9512 2 2 0 1407 1346 1410 2535
9513 2 2 0 1407 1347 2030 1411
9514 2 2 0 1407 1347 1978 2030
9515 2 2 0 1408 1411 1979 1347
9516 2 2 0 1408 1348 2031 1412
9517 2 2 0 1408 1348 1979 2031
9518 2 2 0 1408 2031 1979 1411
9519 2 2 0 1409 1412 1980 1348
9520 2 2 0 1409 1349 2032 1413
9521 2 2 0 1409 1349 1980 2032
9522 2 2 0 1409 2032 1980 1412
9523 2 2 0 1410 2034 1982 2033
9524 2 2 0 1410 1350 1982 2034
9525 2 2 0 1410 1350 2034 1414
9526 2 2 0 1410 2033 1981 1413
9527 2 2 0 1410 1982 1981 2033
9528 2 2 0 1410 1413 1981 1349
9529 2 2 0 1411 1414 1351 1350
9530 2 2 0 1411 1414 1415 1351
9531 2 2 0 1412 1415 1352 1351
9532 2 2 0 1412 1352 1415 1416
9533 2 2 0 1413 1417 1353 1352
9534 2 2 0 1413 1416 1417 1352
9535 2 2 0 1414 1353 1418 1354
9536 2 2 0 1414 1417 1418 1353
9537 2 2 0 1415 1354 1419 1355
9538 2 2 0 1415 1418 1419 1354
9539 2 2 0 1416 2036 1983 2035
9540 2 2 0 1416 2035 1983 1355
9541 2 2 0 1416 1984 2036 1420
9542 2 2 0 1416 2036 1984 1983
9543 2 2 0 1416 1419 2035 1355
9544 2 2 0 1416 1356 1984 1420
9545 2 2 0 1417 1357 1985 1421
9546 2 2 0 1417 1420 2037 1356
9547 2 2 0 1417 2037 1985 1356
9548 2 2 0 1417 1985 2037 1421
9549 2 2 0 1418 1986 2038 1422
9550 2 2 0 1418 1358 1986 1422
9551 2 2 0 1418 1421 2038 1357
9552 2 2 0 1418 2038 1986 1357
9553 2 2 0 1419 1987 2039 1423
9554 2 2 0 1419 1359 1987 1423
9555 2 2 0 1419 1422 2039 1358
9556 2 2 0 1419 2039 1987 1358
9557 2 2 0 1420 1988 2040 1424
9558 2 2 0 1420 1360 1988 1424
9559 2 2 0 1420 1423 2040 1359
9560 2 2 0 1420 2040 1988 1359
9561 2 2 0 1421 1424 2041 1360
9562 2 2 0 1421 2041 1989 1360
9563 2 2 0 1421 2041 1425 2536
9564 2 2 0 1421 1361 1989 2536
9565 2 2 0 1421 1425 1361 2536
9566 2 2 0 1421 1989 2041 2536
9567 2 2 0 1422 1362 2042 1426
9568 2 2 0 1422 1362 1990 2042
9569 2 2 0 1422 1425 2042 2537
9570 2 2 0 1422 1990 1361 2537
9571 2 2 0 1422 1361 1425 2537
9572 2 2 0 1422 2042 1990 2537
9573 2 2 0 1423 2043 1991 1426
9574 2 2 0 1423 1426 1991 1362
9575 2 2 0 1423 1363 2043 1427
9576 2 2 0 1423 1363 1991 2043
9577 2 2 0 1424 2044 1992 1427
9578 2 2 0 1424 1427 1992 1363
9579 2 2 0 1424 1364 2044 1428
9580 2 2 0 1424 1364 1992 2044
9581 2 2 0 1425 2045 1993 1428
9582 2 2 0 1425 1428 1993 1364
9583 2 2 0 1425 1365 2045 1429
9584 2 2 0 1425 1365 1993 2045
9585 2 2 0 1426 1429 1994 1365
9586 2 2 0 1426 1366 2046 1430
9587 2 2 0 1426 1366 1994 2046
9588 2 2 0 1426 2046 1994 1429
9589 2 2 0 1427 2048 1996 2047
9590 2 2 0 1427 1367 1996 2048
9591 2 2 0 1427 2047 1995 1430
9592 2 2 0 1427 1996 1995 2047
9593 2 2 0 1427 1367 2048 1431
9594 2 2 0 1427 1430 1995 1366
9595 2 2 0 1428 1431 1368 1367
9596 2 2 0 1428 1431 1432 1368
9597 2 2 0 1429 1432 1369 1368
9598 2 2 0 1429 1432 1433 1369
9599 2 2 0 1430 1433 1370 1369
9600 2 2 0 1430 1370 1433 1434
9601 2 2 0 1431 1435 1371 1370
9602 2 2 0 1431 1434 1435 1370
9603 2 2 0 1432 1371 1436 1372
9604 2 2 0 1432 1435 1436 1371
9605 2 2 0 1433 2050 1997 2049
9606 2 2 0 1433 2049 1997 1372
9607 2 2 0 1433 1436 2049 1372
9608 2 2 0 1433 1998 2050 1437
9609 2 2 0 1433 2050 1998 1997
9610 2 2 0 1433 1373 1998 1437
9611 2 2 0 1434 1437 2051 1373
9612 2 2 0 1434 2051 1999 1373
9613 2 2 0 1434 1374 1999 1438
9614 2 2 0 1434 1999 2051 1438
9615 2 2 0 1435 1438 2052 1374
9616 2 2 0 1435 2052 2000 1374
9617 2 2 0 1435 1375 2000 1439
9618 2 2 0 1435 2000 2052 1439
9619 2 2 0 1436 1376 2001 2538
9620 2 2 0 1436 2053 1440 2538
9621 2 2 0 1436 2001 2053 2538
9622 2 2 0 1436 1440 1376 2538
9623 2 2 0 1436 1439 2053 1375
9624 2 2 0 1436 2053 2001 1375
9625 2 2 0 1437 2054 1441 2539
9626 2 2 0 1437 1377 2002 2539
9627 2 2 0 1437 2002 1376 2540
9628 2 2 0 1437 2054 2002 2540
9629 2 2 0 1437 1441 1377 2539
9630 2 2 0 1437 2002 2054 2539
9631 2 2 0 1437 1376 1440 2540
9632 2 2 0 1437 1440 2054 2540
9633 2 2 0 1438 1441 2055 2541
9634 2 2 0 1438 2003 1377 2541
9635 2 2 0 1438 1378 2003 2542
9636 2 2 0 1438 2003 2055 2542
9637 2 2 0 1438 1377 1441 2541
9638 2 2 0 1438 2055 2003 2541
9639 2 2 0 1438 1442 1378 2542
9640 2 2 0 1438 2055 1442 2542
9641 2 2 0 1439 2004 1378 2543
9642 2 2 0 1439 1442 2056 2543
9643 2 2 0 1439 2056 2004 2543
9644 2 2 0 1439 1378 1442 2543
9645 2 2 0 1439 1379 2056 1443
9646 2 2 0 1439 1379 2004 2056
9647 2 2 0 1440 1443 2005 1379
9648 2 2 0 1440 1380 2057 1444
9649 2 2 0 1440 1380 2005 2057
9650 2 2 0 1440 2057 2005 1443
9651 2 2 0 1441 1444 2006 1380
9652 2 2 0 1441 1381 2058 1445
9653 2 2 0 1441 1381 2006 2058
9654 2 2 0 1441 2058 2006 1444
9655 2 2 0 1442 2060 2008 2059
9656 2 2 0 1442 1382 2008 2060
9657 2 2 0 1442 1382 2060 1446
9658 2 2 0 1442 2059 2007 1445
9659 2 2 0 1442 2008 2007 2059
9660 2 2 0 1442 1445 2007 1381
9661 2 2 0 1443 1446 1383 1382
9662 2 2 0 1443 1446 1447 1383
9663 2 2 0 1444 1447 1384 1383
9664 2 2 0 1444 1384 1447 1448
9665 2 2 0 1445 1449 1385 1384
9666 2 2 0 1445 1448 1449 1384
9667 2 2 0 1446 1385 1450 1386
9668 2 2 0 1446 1449 1450 1385
9669 2 2 0 1447 1386 1451 1387
9670 2 2 0 1447 1450 1451 1386
9671 2 2 0 1448 2009 2061 2062
9672 2 2 0 1448 2061 2009 1387
9673 2 2 0 1448 2010 2062 1452
9674 2 2 0 1448 2010 2009 2062
9675 2 2 0 1448 1451 2061 1387
9676 2 2 0 1448 1388 2010 1452
9677 2 2 0 1449 1389 2011 1453
9678 2 2 0 1449 1452 2063 1388
9679 2 2 0 1449 2063 2011 1388
9680 2 2 0 1449 2011 2063 1453
9681 2 2 0 1450 2012 2064 1454
9682 2 2 0 1450 1390 2012 1454
9683 2 2 0 1450 1453 2064 1389
9684 2 2 0 1450 2064 2012 1389
9685 2 2 0 1451 2013 2065 1455
9686 2 2 0 1451 1391 2013 1455
9687 2 2 0 1451 1454 2065 1390
9688 2 2 0 1451 2065 2013 1390
9689 2 2 0 1452 2014 2066 1456
9690 2 2 0 1452 1392 2014 1456
9691 2 2 0 1452 1455 2066 1391
9692 2 2 0 1452 2066 2014 1391
9693 2 2 0 1453 1456 2067 1392
9694 2 2 0 1453 2067 2015 1392
9695 2 2 0 1453 2067 1457 2544
9696 2 2 0 1453 1393 2015 2544
9697 2 2 0 1453 1457 1393 2544
9698 2 2 0 1453 2015 2067 2544
9699 2 2 0 1454 1394 2068 1458
9700 2 2 0 1454 1394 2016 2068
9701 2 2 0 1454 1457 2068 2545
9702 2 2 0 1454 2016 1393 2545
9703 2 2 0 1454 1393 1457 2545
9704 2 2 0 1454 2068 2016 2545
9705 2 2 0 1455 2069 2017 1458
9706 2 2 0 1455 1458 2017 1394
9707 2 2 0 1455 1395 2069 1459
9708 2 2 0 1455 1395 2017 2069
9709 2 2 0 1456 2070 2018 1459
9710 2 2 0 1456 1459 2018 1395
9711 2 2 0 1456 1396 2070 1460
9712 2 2 0 1456 1396 2018 2070
9713 2 2 0 1457 2071 2019 1460
9714 2 2 0 1457 1460 2019 1396
9715 2 2 0 1457 1397 2071 1461
9716 2 2 0 1457 1397 2019 2071
9717 2 2 0 1458 1461 2020 1397
9718 2 2 0 1458 1398 2072 1462
9719 2 2 0 1458 1398 2020 2072
9720 2 2 0 1458 2072 2020 1461
9721 2 2 0 1459 2022 2073 2074
9722 2 2 0 1459 1399 2022 2074
9723 2 2 0 1459 2073 2021 1462
9724 2 2 0 1459 2021 2073 2022
9725 2 2 0 1459 1399 2074 1463
9726 2 2 0 1459 1462 2021 1398
9727 2 2 0 1460 1463 1400 1399
9728 2 2 0 1460 1463 1464 1400
9729 2 2 0 1461 1464 1401 1400
9730 2 2 0 1461 1464 1465 1401
9731 2 2 0 1462 1465 1402 1401
9732 2 2 0 1462 1402 1465 1466
9733 2 2 0 1463 1467 1403 1402
9734 2 2 0 1463 1466 1467 1402
9735 2 2 0 1464 1403 1468 1404
9736 2 2 0 1464 1467 1468 1403
9737 2 2 0 1465 2076 2023 2075
9738 2 2 0 1465 2075 2023 1404
9739 2 2 0 1465 1468 2075 1404
9740 2 2 0 1465 2024 2076 1469
9741 2 2 0 1465 2076 2024 2023
9742 2 2 0 1465 1405 2024 1469
9743 2 2 0 1466 1469 2077 1405
9744 2 2 0 1466 2077 2025 1405
9745 2 2 0 1466 1406 2025 1470
9746 2 2 0 1466 2025 2077 1470
9747 2 2 0 1467 1470 2078 1406
9748 2 2 0 1467 2078 2026 1406
9749 2 2 0 1467 1407 2026 1471
9750 2 2 0 1467 2026 2078 1471
9751 2 2 0 1468 1408 2027 2546
9752 2 2 0 1468 2079 1472 2546
9753 2 2 0 1468 2027 2079 2546
9754 2 2 0 1468 1472 1408 2546
9755 2 2 0 1468 1471 2079 1407
9756 2 2 0 1468 2079 2027 1407
9757 2 2 0 1469 2080 1409 2547
9758 2 2 0 1469 1345 2028 2547
9759 2 2 0 1469 2028 1408 2548
9760 2 2 0 1469 2080 2028 2548
9761 2 2 0 1469 1409 1345 2547
9762 2 2 0 1469 2028 2080 2547
9763 2 2 0 1469 1408 1472 2548
9764 2 2 0 1469 1472 2080 2548
9765 2 2 0 1470 1474 1410 2550
9766 2 2 0 1470 1409 1473 2549
9767 2 2 0 1470 2081 2029 2549
9768 2 2 0 1470 2029 2081 2550
9769 2 2 0 1470 2029 1409 2549
9770 2 2 0 1470 1410 2029 2550
9771 2 2 0 1470 1473 2081 2549
9772 2 2 0 1470 2081 1474 2550
9773 2 2 0 1471 1474 2030 1410
9774 2 2 0 1471 1411 2082 1475
9775 2 2 0 1471 1411 2030 2082
9776 2 2 0 1471 2082 2030 1474
9777 2 2 0 1472 1475 2031 1411
9778 2 2 0 1472 1412 2083 1476
9779 2 2 0 1472 1412 2031 2083
9780 2 2 0 1472 2083 2031 1475
9781 2 2 0 1473 1413 2085 1477
9782 2 2 0 1473 2085 1413 2032
9783 2 2 0 1473 1476 2032 1412
9784 2 2 0 1473 2084 2032 1476
9785 2 2 0 1473 2085 2032 2084
9786 2 2 0 1474 1414 2087 1478
9787 2 2 0 1474 2087 1414 2034
9788 2 2 0 1474 1477 2033 1413
9789 2 2 0 1474 2086 2033 1477
9790 2 2 0 1474 2034 2033 2086
9791 2 2 0 1474 2087 2034 2086
9792 2 2 0 1475 1478 1415 1414
9793 2 2 0 1475 1478 1479 1415
9794 2 2 0 1476 1479 1416 1415
9795 2 2 0 1476 1416 1479 1480
9796 2 2 0 1477 1481 1417 1416
9797 2 2 0 1477 1480 1481 1416
9798 2 2 0 1478 1482 1418 1417
9799 2 2 0 1478 1481 1482 1417
9800 2 2 0 1479 1418 1483 1419
9801 2 2 0 1479 1482 1483 1418
9802 2 2 0 1480 2089 2035 2088
9803 2 2 0 1480 1420 2036 1484
9804 2 2 0 1480 1483 2088 1419
9805 2 2 0 1480 2088 2035 1419
9806 2 2 0 1480 2035 2089 2036
9807 2 2 0 1480 2036 2089 1484
9808 2 2 0 1481 1484 2090 1420
9809 2 2 0 1481 2090 2037 1420
9810 2 2 0 1481 2037 2090 1485
9811 2 2 0 1481 1421 2037 1485
9812 2 2 0 1482 1485 2091 1421
9813 2 2 0 1482 2091 2038 1421
9814 2 2 0 1482 1422 2038 1486
9815 2 2 0 1482 2038 2091 1486
9816 2 2 0 1483 1486 2092 1422
9817 2 2 0 1483 2092 2039 1422
9818 2 2 0 1483 1423 2039 1487
9819 2 2 0 1483 2039 2092 1487
9820 2 2 0 1484 2040 2093 2551
9821 2 2 0 1484 1488 1424 2551
9822 2 2 0 1484 1424 2040 2551
9823 2 2 0 1484 2093 1488 2551
9824 2 2 0 1484 1487 2093 1423
9825 2 2 0 1484 2093 2040 1423
9826 2 2 0 1485 1425 2041 2552
9827 2 2 0 1485 2041 1424 2553
9828 2 2 0 1485 2094 2041 2553
9829 2 2 0 1485 1489 1425 2552
9830 2 2 0 1485 2041 2094 2552
9831 2 2 0 1485 1424 1488 2553
9832 2 2 0 1485 1488 2094 2553
9833 2 2 0 1485 2094 1489 2552
9834 2 2 0 1486 2042 1425 2554
9835 2 2 0 1486 1426 2042 2555
9836 2 2 0 1486 2042 2095 2555
9837 2 2 0 1486 1425 1489 2554
9838 2 2 0 1486 2095 2042 2554
9839 2 2 0 1486 1490 1426 2555
9840 2 2 0 1486 1489 2095 2554
9841 2 2 0 1486 2095 1490 2555
9842 2 2 0 1487 2096 2043 2556
9843 2 2 0 1487 1426 1490 2556
9844 2 2 0 1487 2043 1426 2556
9845 2 2 0 1487 1490 2096 2556
9846 2 2 0 1487 1427 2096 1491
9847 2 2 0 1487 1427 2043 2096
9848 2 2 0 1488 1491 2044 1427
9849 2 2 0 1488 1428 2097 1492
9850 2 2 0 1488 1428 2044 2097
9851 2 2 0 1488 2097 2044 1491
9852 2 2 0 1489 1492 2045 1428
9853 2 2 0 1489 1429 2098 1493
9854 2 2 0 1489 1429 2045 2098
9855 2 2 0 1489 2098 2045 1492
9856 2 2 0 1490 1430 2099 1494
9857 2 2 0 1490 1430 2046 2099
9858 2 2 0 1490 2099 2046 1493
9859 2 2 0 1490 1493 2046 1429
9860 2 2 0 1491 2101 2048 2100
9861 2 2 0 1491 1494 2047 1430
9862 2 2 0 1491 1431 2101 1495
9863 2 2 0 1491 2101 1431 2048
9864 2 2 0 1491 2048 2047 2100
9865 2 2 0 1491 2100 2047 1494
9866 2 2 0 1492 1495 1432 1431
9867 2 2 0 1492 1495 1496 1432
9868 2 2 0 1493 1496 1433 1432
9869 2 2 0 1493 1433 1496 1497
9870 2 2 0 1494 1497 1434 1433
9871 2 2 0 1494 1434 1497 1498
9872 2 2 0 1495 1499 1435 1434
9873 2 2 0 1495 1498 1499 1434
9874 2 2 0 1496 1435 1500 1436
9875 2 2 0 1496 1499 1500 1435
9876 2 2 0 1497 1500 2102 1436
9877 2 2 0 1497 2102 2049 1436
9878 2 2 0 1497 1437 2050 1501
9879 2 2 0 1497 2050 2103 1501
9880 2 2 0 1497 2049 2103 2050
9881 2 2 0 1497 2103 2049 2102
9882 2 2 0 1498 1501 2104 1437
9883 2 2 0 1498 2104 2051 1437
9884 2 2 0 1498 1438 2051 1502
9885 2 2 0 1498 2051 2105 1502
9886 2 2 0 1498 2105 2051 2104
9887 2 2 0 1499 1502 2106 1438
9888 2 2 0 1499 2106 2052 1438
9889 2 2 0 1499 1439 2052 1503
9890 2 2 0 1499 2052 2106 1503
9891 2 2 0 1500 1503 2107 1439
9892 2 2 0 1500 2107 2053 1439
9893 2 2 0 1500 1440 2053 1504
9894 2 2 0 1500 2053 2107 1504
9895 2 2 0 1501 1440 1504 2558
9896 2 2 0 1501 1505 1441 2557
9897 2 2 0 1501 2054 2108 2557
9898 2 2 0 1501 2108 2054 2558
9899 2 2 0 1501 2054 1440 2558
9900 2 2 0 1501 1441 2054 2557
9901 2 2 0 1501 1504 2108 2558
9902 2 2 0 1501 2108 1505 2557
9903 2 2 0 1502 1506 1442 2560
9904 2 2 0 1502 1441 1505 2559
9905 2 2 0 1502 2109 2055 2559
9906 2 2 0 1502 2055 2109 2560
9907 2 2 0 1502 2055 1441 2559
9908 2 2 0 1502 1442 2055 2560
9909 2 2 0 1502 1505 2109 2559
9910 2 2 0 1502 2109 1506 2560
9911 2 2 0 1503 1506 2056 1442
9912 2 2 0 1503 1443 2110 1507
9913 2 2 0 1503 1443 2056 2110
9914 2 2 0 1503 2110 2056 1506
9915 2 2 0 1504 1507 2057 1443
9916 2 2 0 1504 1444 2111 1508
9917 2 2 0 1504 1444 2057 2111
9918 2 2 0 1504 2111 2057 1507
9919 2 2 0 1505 1445 2113 1509
9920 2 2 0 1505 1445 2058 2113
9921 2 2 0 1505 1508 2058 1444
9922 2 2 0 1505 2112 2058 1508
9923 2 2 0 1505 2113 2058 2112
9924 2 2 0 1506 1446 2115 1510
9925 2 2 0 1506 1446 2060 2115
9926 2 2 0 1506 1509 2059 1445
9927 2 2 0 1506 2114 2059 1509
9928 2 2 0 1506 2060 2059 2114
9929 2 2 0 1506 2115 2060 2114
9930 2 2 0 1507 1510 1447 1446
9931 2 2 0 1507 1510 1511 1447
9932 2 2 0 1508 1511 1448 1447
9933 2 2 0 1508 1448 1511 1512
9934 2 2 0 1509 1513 1449 1448
9935 2 2 0 1509 1512 1513 1448
9936 2 2 0 1510 1514 1450 1449
9937 2 2 0 1510 1513 1514 1449
9938 2 2 0 1511 1450 1515 1451
9939 2 2 0 1511 1514 1515 1450
9940 2 2 0 1512 2116 2117 2061
9941 2 2 0 1512 1452 2062 1516
9942 2 2 0 1512 1515 2116 1451
9943 2 2 0 1512 2116 2061 1451
9944 2 2 0 1512 2061 2117 2062
9945 2 2 0 1512 2062 2117 1516
9946 2 2 0 1513 1516 2118 1452
9947 2 2 0 1513 2118 2063 1452
9948 2 2 0 1513 2063 2118 1517
9949 2 2 0 1513 1453 2063 1517
9950 2 2 0 1514 1517 2119 1453
9951 2 2 0 1514 2119 2064 1453
9952 2 2 0 1514 1454 2064 1518
9953 2 2 0 1514 2064 2119 1518
9954 2 2 0 1515 1518 2120 1454
9955 2 2 0 1515 2120 2065 1454
9956 2 2 0 1515 1455 2065 1519
9957 2 2 0 1515 2065 2120 1519
9958 2 2 0 1516 2066 2121 2561
9959 2 2 0 1516 1520 1456 2561
9960 2 2 0 1516 1456 2066 2561
9961 2 2 0 1516 2121 1520 2561
9962 2 2 0 1516 1519 2121 1455
9963 2 2 0 1516 2121 2066 1455
9964 2 2 0 1517 1457 2067 2562
9965 2 2 0 1517 2067 1456 2563
9966 2 2 0 1517 2122 2067 2563
9967 2 2 0 1517 1521 1457 2562
9968 2 2 0 1517 2067 2122 2562
9969 2 2 0 1517 1456 1520 2563
9970 2 2 0 1517 1520 2122 2563
9971 2 2 0 1517 2122 1521 2562
9972 2 2 0 1518 2068 1457 2564
9973 2 2 0 1518 1458 2068 2565
9974 2 2 0 1518 2068 2123 2565
9975 2 2 0 1518 1457 1521 2564
9976 2 2 0 1518 2123 2068 2564
9977 2 2 0 1518 1522 1458 2565
9978 2 2 0 1518 1521 2123 2564
9979 2 2 0 1518 2123 1522 2565
9980 2 2 0 1519 2124 2069 2566
9981 2 2 0 1519 1458 1522 2566
9982 2 2 0 1519 2069 1458 2566
9983 2 2 0 1519 1522 2124 2566
9984 2 2 0 1519 1459 2124 1523
9985 2 2 0 1519 2124 1459 2069
9986 2 2 0 1520 1523 2070 1459
9987 2 2 0 1520 1460 2125 1524
9988 2 2 0 1520 2125 1460 2070
9989 2 2 0 1520 1523 2125 2070
9990 2 2 0 1521 1524 2071 1460
9991 2 2 0 1521 1461 2126 1525
9992 2 2 0 1521 2126 1461 2071
9993 2 2 0 1521 1524 2126 2071
9994 2 2 0 1522 1462 2127 1526
9995 2 2 0 1522 2127 1462 2072
9996 2 2 0 1522 1525 2127 2072
9997 2 2 0 1522 1525 2072 1461
9998 2 2 0 1523 2129 2074 2128
9999 2 2 0 1523 1526 2073 1462
10000 2 2 0 1523 1463 2129 1527
10001 2 2 0 1523 1463 2074 2129
10002 2 2 0 1523 2128 2074 2073
10003 2 2 0 1523 1526 2128 2073
10004 2 2 0 1524 1527 1464 1463
10005 2 2 0 1524 1527 1528 1464
10006 2 2 0 1525 1528 1465 1464
10007 2 2 0 1525 1465 1528 1529
10008 2 2 0 1526 1529 1466 1465
10009 2 2 0 1526 1466 1529 1530
10010 2 2 0 1527 1531 1467 1466
10011 2 2 0 1527 1530 1531 1466
10012 2 2 0 1528 1467 1532 1468
10013 2 2 0 1528 1531 1532 1467
10014 2 2 0 1529 1532 2130 1468
10015 2 2 0 1529 2130 2075 1468
10016 2 2 0 1529 1469 2076 1533
10017 2 2 0 1529 2076 2131 1533
10018 2 2 0 1529 2076 2075 2131
10019 2 2 0 1529 2075 2130 2131
10020 2 2 0 1530 1533 2132 1469
10021 2 2 0 1530 2132 2077 1469
10022 2 2 0 1530 1470 2077 1534
10023 2 2 0 1530 2077 2133 1534
10024 2 2 0 1530 2133 2077 2132
10025 2 2 0 1531 1534 2134 1470
10026 2 2 0 1531 2134 2078 1470
10027 2 2 0 1531 1471 2078 1535
10028 2 2 0 1531 2078 2134 1535
10029 2 2 0 1532 1535 2135 1471
10030 2 2 0 1532 2135 2079 1471
10031 2 2 0 1532 1472 2079 1536
10032 2 2 0 1532 2079 2135 1536
10033 2 2 0 1533 1472 1536 2568
10034 2 2 0 1533 1473 1409 2567
10035 2 2 0 1533 2080 2136 2567
10036 2 2 0 1533 2136 2080 2568
10037 2 2 0 1533 1409 2080 2567
10038 2 2 0 1533 2080 1472 2568
10039 2 2 0 1533 2136 1473 2567
10040 2 2 0 1533 1536 2136 2568
10041 2 2 0 1534 1538 1474 2570
10042 2 2 0 1534 2137 2081 2569
10043 2 2 0 1534 1473 1537 2569
10044 2 2 0 1534 2081 2137 2570
10045 2 2 0 1534 2081 1473 2569
10046 2 2 0 1534 1474 2081 2570
10047 2 2 0 1534 1537 2137 2569
10048 2 2 0 1534 2137 1538 2570
10049 2 2 0 1535 1538 2082 1474
10050 2 2 0 1535 1475 2138 1539
10051 2 2 0 1535 1475 2082 2138
10052 2 2 0 1535 2138 2082 1538
10053 2 2 0 1536 1539 2083 1475
10054 2 2 0 1536 1476 2139 1540
10055 2 2 0 1536 1476 2083 2139
10056 2 2 0 1536 2139 2083 1539
10057 2 2 0 1537 1540 2084 1476
10058 2 2 0 1537 1477 2141 1541
10059 2 2 0 1537 2085 2141 1477
10060 2 2 0 1537 2140 2084 1540
10061 2 2 0 1537 2085 2084 2140
10062 2 2 0 1537 2141 2085 2140
10063 2 2 0 1538 1541 2086 1477
10064 2 2 0 1538 1478 2143 1542
10065 2 2 0 1538 2143 1478 2087
10066 2 2 0 1538 2142 2086 1541
10067 2 2 0 1538 2086 2142 2087
10068 2 2 0 1538 2142 2143 2087
10069 2 2 0 1539 1542 1479 1478
10070 2 2 0 1539 1542 1543 1479
10071 2 2 0 1540 1543 1480 1479
10072 2 2 0 1540 1480 1543 1544
10073 2 2 0 1541 1545 1481 1480
10074 2 2 0 1541 1544 1545 1480
10075 2 2 0 1542 1546 1482 1481
10076 2 2 0 1542 1545 1546 1481
10077 2 2 0 1543 1482 1547 1483
10078 2 2 0 1543 1546 1547 1482
10079 2 2 0 1544 1547 2144 1483
10080 2 2 0 1544 2144 2088 1483
10081 2 2 0 1544 1484 2089 1548
10082 2 2 0 1544 2089 2145 1548
10083 2 2 0 1544 2089 2088 2145
10084 2 2 0 1544 2088 2144 2145
10085 2 2 0 1545 1548 2146 1484
10086 2 2 0 1545 2146 2090 1484
10087 2 2 0 1545 1485 2090 1549
10088 2 2 0 1545 2090 2146 1549
10089 2 2 0 1546 1549 2147 1485
10090 2 2 0 1546 2147 2091 1485
10091 2 2 0 1546 1486 2091 1550
10092 2 2 0 1546 2091 2147 1550
10093 2 2 0 1547 1550 2148 1486
10094 2 2 0 1547 2148 2092 1486
10095 2 2 0 1547 1487 2092 1551
10096 2 2 0 1547 2092 2148 1551
10097 2 2 0 1548 1551 2149 1487
10098 2 2 0 1548 2149 2093 1487
10099 2 2 0 1548 1488 2093 1552
10100 2 2 0 1548 2093 2149 1552
10101 2 2 0 1549 1488 1552 2572
10102 2 2 0 1549 1553 1489 2571
10103 2 2 0 1549 2094 2150 2571
10104 2 2 0 1549 2150 2094 2572
10105 2 2 0 1549 2094 1488 2572
10106 2 2 0 1549 1489 2094 2571
10107 2 2 0 1549 1552 2150 2572
10108 2 2 0 1549 2150 1553 2571
10109 2 2 0 1550 1554 1490 2574
10110 2 2 0 1550 1489 1553 2573
10111 2 2 0 1550 2151 2095 2573
10112 2 2 0 1550 2095 2151 2574
10113 2 2 0 1550 2095 1489 2573
10114 2 2 0 1550 1490 2095 2574
10115 2 2 0 1550 1553 2151 2573
10116 2 2 0 1550 2151 1554 2574
10117 2 2 0 1551 1554 2096 1490
10118 2 2 0 1551 1491 2152 1555
10119 2 2 0 1551 1491 2096 2152
10120 2 2 0 1551 2152 2096 1554
10121 2 2 0 1552 1555 2097 1491
10122 2 2 0 1552 1492 2153 1556
10123 2 2 0 1552 1492 2097 2153
10124 2 2 0 1552 2153 2097 1555
10125 2 2 0 1553 1493 2154 1557
10126 2 2 0 1553 1556 2098 1492
10127 2 2 0 1553 1493 2098 2154
10128 2 2 0 1553 2154 2098 1556
10129 2 2 0 1554 1557 2099 1493
10130 2 2 0 1554 1494 2155 1558
10131 2 2 0 1554 1494 2099 2155
10132 2 2 0 1554 2155 2099 1557
10133 2 2 0 1555 1558 2100 1494
10134 2 2 0 1555 1495 2157 1559
10135 2 2 0 1555 1495 2101 2157
10136 2 2 0 1555 2156 2100 1558
10137 2 2 0 1555 2101 2100 2156
10138 2 2 0 1555 2101 2156 2157
10139 2 2 0 1556 1559 1496 1495
10140 2 2 0 1556 1559 1560 1496
10141 2 2 0 1557 1560 1497 1496
10142 2 2 0 1557 1497 1560 1561
10143 2 2 0 1558 1561 1498 1497
10144 2 2 0 1558 1498 1561 1562
10145 2 2 0 1559 1563 1499 1498
10146 2 2 0 1559 1562 1563 1498
10147 2 2 0 1560 1499 1564 1500
10148 2 2 0 1560 1563 1564 1499
10149 2 2 0 1561 1564 2158 1500
10150 2 2 0 1561 2158 2102 1500
10151 2 2 0 1561 1501 2103 1565
10152 2 2 0 1561 2103 2159 1565
10153 2 2 0 1561 2103 2102 2159
10154 2 2 0 1561 2159 2102 2158
10155 2 2 0 1562 1565 2160 1501
10156 2 2 0 1562 2160 2104 1501
10157 2 2 0 1562 1502 2105 1566
10158 2 2 0 1562 2105 2161 1566
10159 2 2 0 1562 2105 2104 2161
10160 2 2 0 1562 2161 2104 2160
10161 2 2 0 1563 1566 2162 1502
10162 2 2 0 1563 2162 2106 1502
10163 2 2 0 1563 1503 2106 1567
10164 2 2 0 1563 2106 2162 1567
10165 2 2 0 1564 1567 2163 1503
10166 2 2 0 1564 2163 2107 1503
10167 2 2 0 1564 1504 2107 1568
10168 2 2 0 1564 2107 2163 1568
10169 2 2 0 1565 1504 1568 2576
10170 2 2 0 1565 2108 2164 2575
10171 2 2 0 1565 1569 1505 2575
10172 2 2 0 1565 2164 2108 2576
10173 2 2 0 1565 2108 1504 2576
10174 2 2 0 1565 1505 2108 2575
10175 2 2 0 1565 1568 2164 2576
10176 2 2 0 1565 2164 1569 2575
10177 2 2 0 1566 1570 1506 2578
10178 2 2 0 1566 2165 2109 2577
10179 2 2 0 1566 1505 1569 2577
10180 2 2 0 1566 2109 2165 2578
10181 2 2 0 1566 2109 1505 2577
10182 2 2 0 1566 1506 2109 2578
10183 2 2 0 1566 1569 2165 2577
10184 2 2 0 1566 2165 1570 2578
10185 2 2 0 1567 1570 2110 1506
10186 2 2 0 1567 1507 2166 1571
10187 2 2 0 1567 1507 2110 2166
10188 2 2 0 1567 2166 2110 1570
10189 2 2 0 1568 1571 2111 1507
10190 2 2 0 1568 1508 2167 1572
10191 2 2 0 1568 1508 2111 2167
10192 2 2 0 1568 2167 2111 1571
10193 2 2 0 1569 1572 2112 1508
10194 2 2 0 1569 1509 2169 1573
10195 2 2 0 1569 1509 2113 2169
10196 2 2 0 1569 2168 2112 1572
10197 2 2 0 1569 2113 2112 2168
10198 2 2 0 1569 2169 2113 2168
10199 2 2 0 1570 1573 2114 1509
10200 2 2 0 1570 1510 2171 1574
10201 2 2 0 1570 1510 2115 2171
10202 2 2 0 1570 2170 2114 1573
10203 2 2 0 1570 2115 2114 2170
10204 2 2 0 1570 2115 2170 2171
10205 2 2 0 1571 1574 1511 1510
10206 2 2 0 1571 1574 1575 1511
10207 2 2 0 1572 1575 1512 1511
10208 2 2 0 1572 1512 1575 1576
10209 2 2 0 1573 1577 1513 1512
10210 2 2 0 1573 1576 1577 1512
10211 2 2 0 1574 1578 1514 1513
10212 2 2 0 1574 1577 1578 1513
10213 2 2 0 1575 1514 1579 1515
10214 2 2 0 1575 1578 1579 1514
10215 2 2 0 1576 1579 2172 1515
10216 2 2 0 1576 2172 2116 1515
10217 2 2 0 1576 1516 2117 1580
10218 2 2 0 1576 2117 2173 1580
10219 2 2 0 1576 2117 2116 2173
10220 2 2 0 1576 2173 2116 2172
10221 2 2 0 1577 1580 2174 1516
10222 2 2 0 1577 2174 2118 1516
10223 2 2 0 1577 1517 2118 1581
10224 2 2 0 1577 2118 2174 1581
10225 2 2 0 1578 1581 2175 1517
10226 2 2 0 1578 2175 2119 1517
10227 2 2 0 1578 1518 2119 1582
10228 2 2 0 1578 2119 2175 1582
10229 2 2 0 1579 1582 2176 1518
10230 2 2 0 1579 2176 2120 1518
10231 2 2 0 1579 1519 2120 1583
10232 2 2 0 1579 2120 2176 1583
10233 2 2 0 1580 1583 2177 1519
10234 2 2 0 1580 2177 2121 1519
10235 2 2 0 1580 1520 2121 1584
10236 2 2 0 1580 2121 2177 1584
10237 2 2 0 1581 1520 1584 2580
10238 2 2 0 1581 1585 1521 2579
10239 2 2 0 1581 2122 2178 2579
10240 2 2 0 1581 2178 2122 2580
10241 2 2 0 1581 2122 1520 2580
10242 2 2 0 1581 1521 2122 2579
10243 2 2 0 1581 1584 2178 2580
10244 2 2 0 1581 2178 1585 2579
10245 2 2 0 1582 1586 1522 2582
10246 2 2 0 1582 1521 1585 2581
10247 2 2 0 1582 2179 2123 2581
10248 2 2 0 1582 2123 2179 2582
10249 2 2 0 1582 2123 1521 2581
10250 2 2 0 1582 1522 2123 2582
10251 2 2 0 1582 1585 2179 2581
10252 2 2 0 1582 2179 1586 2582
10253 2 2 0 1583 1586 2124 1522
10254 2 2 0 1583 1523 2180 1587
10255 2 2 0 1583 1523 2124 2180
10256 2 2 0 1583 2180 2124 1586
10257 2 2 0 1584 1587 2125 1523
10258 2 2 0 1584 1524 2181 1588
10259 2 2 0 1584 1524 2125 2181
10260 2 2 0 1584 2181 2125 1587
10261 2 2 0 1585 1525 2182 1589
10262 2 2 0 1585 1588 2126 1524
10263 2 2 0 1585 1525 2126 2182
10264 2 2 0 1585 2182 2126 1588
10265 2 2 0 1586 1589 2127 1525
10266 2 2 0 1586 1526 2183 1590
10267 2 2 0 1586 1526 2127 2183
10268 2 2 0 1586 2183 2127 1589
10269 2 2 0 1587 1590 2128 1526
10270 2 2 0 1587 1527 2185 1591
10271 2 2 0 1587 1527 2129 2185
10272 2 2 0 1587 2184 2128 1590
10273 2 2 0 1587 2129 2128 2184
10274 2 2 0 1587 2185 2129 2184
10275 2 2 0 1588 1591 1528 1527
10276 2 2 0 1588 1591 1592 1528
10277 2 2 0 1589 1592 1529 1528
10278 2 2 0 1589 1529 1592 1593
10279 2 2 0 1590 1593 1530 1529
10280 2 2 0 1590 1530 1593 1594
10281 2 2 0 1591 1595 1531 1530
10282 2 2 0 1591 1594 1595 1530
10283 2 2 0 1592 1531 1596 1532
10284 2 2 0 1592 1595 1596 1531
10285 2 2 0 1593 1596 2186 1532
10286 2 2 0 1593 2186 2130 1532
10287 2 2 0 1593 1533 2131 1597
10288 2 2 0 1593 2131 2187 1597
10289 2 2 0 1593 2187 2131 2130
10290 2 2 0 1593 2186 2187 2130
10291 2 2 0 1594 1597 2188 1533
10292 2 2 0 1594 2188 2132 1533
10293 2 2 0 1594 1534 2133 1598
10294 2 2 0 1594 2133 2189 1598
10295 2 2 0 1594 2133 2132 2189
10296 2 2 0 1594 2189 2132 2188
10297 2 2 0 1595 1598 2190 1534
10298 2 2 0 1595 2190 2134 1534
10299 2 2 0 1595 1535 2134 1599
10300 2 2 0 1595 2134 2190 1599
10301 2 2 0 1596 1599 2191 1535
10302 2 2 0 1596 2191 2135 1535
10303 2 2 0 1596 1536 2135 1600
10304 2 2 0 1596 2135 2191 1600
10305 2 2 0 1597 1536 1600 2584
10306 2 2 0 1597 2136 2192 2583
10307 2 2 0 1597 1537 1473 2583
10308 2 2 0 1597 2192 2136 2584
10309 2 2 0 1597 1473 2136 2583
10310 2 2 0 1597 2136 1536 2584
10311 2 2 0 1597 2192 1537 2583
10312 2 2 0 1597 1600 2192 2584
$EndElements
