$MeshFormat
2.2 0 8
$EndMeshFormat
$Nodes
1970
1 12.7 0 0
2 12.639 1.245 0
3 12.456 2.478 0
4 12.153 3.687 0
5 11.733 4.86 0
6 11.2 5.987 0
7 10.56 7.056 0
8 9.817 8.057 0
9 8.98 8.98 0
10 8.057 9.817 0
11 7.056 10.56 0
12 5.987 11.2 0
13 4.86 11.733 0
14 3.687 12.153 0
15 2.478 12.456 0
16 1.245 12.639 0
17 0 12.7 0
18 -1.245 12.639 0
19 -2.478 12.456 0
20 -3.687 12.153 0
21 -4.86 11.733 0
22 -5.987 11.2 0
23 -7.056 10.56 0
24 -8.057 9.817 0
25 -8.98 8.98 0
26 -9.817 8.057 0
27 -10.56 7.056 0
28 -11.2 5.987 0
29 -11.733 4.86 0
30 -12.153 3.687 0
31 -12.456 2.478 0
32 -12.639 1.245 0
33 -12.7 0 0
34 -12.639 -1.245 0
35 -12.456 -2.478 0
36 -12.153 -3.687 0
37 -11.733 -4.86 0
38 -11.2 -5.987 0
39 -10.56 -7.056 0
40 -9.817 -8.057 0
41 -8.98 -8.98 0
42 -8.057 -9.817 0
43 -7.056 -10.56 0
44 -5.987 -11.2 0
45 -4.86 -11.733 0
46 -3.687 -12.153 0
47 -2.478 -12.456 0
48 -1.245 -12.639 0
49 0 -12.7 0
50 1.245 -12.639 0
51 2.478 -12.456 0
52 3.687 -12.153 0
53 4.86 -11.733 0
54 5.987 -11.2 0
55 7.056 -10.56 0
56 8.057 -9.817 0
57 8.98 -8.98 0
58 9.817 -8.057 0
59 10.56 -7.056 0
60 11.2 -5.987 0
61 11.733 -4.86 0
62 12.153 -3.687 0
63 12.456 -2.478 0
64 12.639 -1.245 0
65 12.733 0 3.166
66 12.673 1.248 3.166
67 12.49 2.485 3.166
68 12.189 3.698 3.166
69 11.771 4.876 3.166
70 11.242 6.009 3.166
71 10.605 7.086 3.166
72 9.867000000000001 8.097 3.166
73 9.028 9.028 3.166
74 8.093999999999999 9.863 3.166
75 7.081 10.598 3.166
76 6.004 11.233 3.166
77 4.872 11.761 3.166
78 3.694 12.178 3.166
79 2.482 12.478 3.166
80 1.247 12.66 3.166
81 0 12.721 3.166
82 -1.247 12.66 3.166
83 -2.482 12.478 3.166
84 -3.694 12.178 3.166
85 -4.872 11.761 3.166
86 -6.004 11.233 3.166
87 -7.081 10.598 3.166
88 -8.093999999999999 9.863 3.166
89 -9.028 9.028 3.166
90 -9.867000000000001 8.097 3.166
91 -10.605 7.086 3.166
92 -11.242 6.009 3.166
93 -11.771 4.876 3.166
94 -12.189 3.698 3.166
95 -12.49 2.485 3.166
96 -12.673 1.248 3.166
97 -12.733 0 3.166
98 -12.673 -1.248 3.166
99 -12.49 -2.485 3.166
100 -12.189 -3.698 3.166
101 -11.771 -4.876 3.166
102 -11.242 -6.009 3.166
103 -10.605 -7.086 3.166
104 -9.867000000000001 -8.097 3.166
105 -9.028 -9.028 3.166
106 -8.093999999999999 -9.863 3.166
107 -7.081 -10.598 3.166
108 -6.004 -11.233 3.166
109 -4.872 -11.761 3.166
110 -3.694 -12.178 3.166
111 -2.482 -12.478 3.166
112 -1.247 -12.66 3.166
113 0 -12.721 3.166
114 1.247 -12.66 3.166
115 2.482 -12.478 3.166
116 3.694 -12.178 3.166
117 4.872 -11.761 3.166
118 6.004 -11.233 3.166
119 7.081 -10.598 3.166
120 8.093999999999999 -9.863 3.166
121 9.028 -9.028 3.166
122 9.867000000000001 -8.097 3.166
123 10.605 -7.086 3.166
124 11.242 -6.009 3.166
125 11.771 -4.876 3.166
126 12.189 -3.698 3.166
127 12.49 -2.485 3.166
128 12.673 -1.248 3.166
129 12.89 0 7.564
130 12.83 1.264 7.564
131 12.652 2.517 7.564
132 12.357 3.748 7.564
133 11.949 4.949 7.564
134 11.433 6.111 7.564
135 10.815 7.226 7.564
136 10.095 8.285 7.564
137 9.250999999999999 9.250999999999999 7.564
138 8.266999999999999 10.073 7.564
139 7.2 10.776 7.564
140 6.084 11.383 7.564
141 4.925 11.89 7.564
142 3.729 12.293 7.564
143 2.503 12.584 7.564
144 1.257 12.76 7.564
145 0 12.819 7.564
146 -1.257 12.76 7.564
147 -2.503 12.584 7.564
148 -3.729 12.293 7.564
149 -4.925 11.89 7.564
150 -6.084 11.383 7.564
151 -7.2 10.776 7.564
152 -8.266999999999999 10.073 7.564
153 -9.250999999999999 9.250999999999999 7.564
154 -10.095 8.285 7.564
155 -10.815 7.226 7.564
156 -11.433 6.111 7.564
157 -11.949 4.949 7.564
158 -12.357 3.748 7.564
159 -12.652 2.517 7.564
160 -12.83 1.264 7.564
161 -12.89 0 7.564
162 -12.83 -1.264 7.564
163 -12.652 -2.517 7.564
164 -12.357 -3.748 7.564
165 -11.949 -4.949 7.564
166 -11.433 -6.111 7.564
167 -10.815 -7.226 7.564
168 -10.095 -8.285 7.564
169 -9.250999999999999 -9.250999999999999 7.564
170 -8.266999999999999 -10.073 7.564
171 -7.2 -10.776 7.564
172 -6.084 -11.383 7.564
173 -4.925 -11.89 7.564
174 -3.729 -12.293 7.564
175 -2.503 -12.584 7.564
176 -1.257 -12.76 7.564
177 0 -12.819 7.564
178 1.257 -12.76 7.564
179 2.503 -12.584 7.564
180 3.729 -12.293 7.564
181 4.925 -11.89 7.564
182 6.084 -11.383 7.564
183 7.2 -10.776 7.564
184 8.266999999999999 -10.073 7.564
185 9.250999999999999 -9.250999999999999 7.564
186 10.095 -8.285 7.564
187 10.815 -7.226 7.564
188 11.433 -6.111 7.564
189 11.949 -4.949 7.564
190 12.357 -3.748 7.564
191 12.652 -2.517 7.564
192 12.83 -1.264 7.564
193 13.306 0 13.631
194 13.25 1.305 13.631
195 13.081 2.602 13.631
196 12.803 3.884 13.631
197 12.42 5.145 13.631
198 11.94 6.382 13.631
199 11.368 7.596 13.631
200 10.695 8.776999999999999 13.631
201 9.834 9.834 13.631
202 8.721 10.627 13.631
203 7.515 11.247 13.631
204 6.298 11.782 13.631
205 5.068 12.236 13.631
206 3.822 12.6 13.631
207 2.559 12.866 13.631
208 1.283 13.028 13.631
209 0 13.082 13.631
210 -1.283 13.028 13.631
211 -2.559 12.866 13.631
212 -3.822 12.6 13.631
213 -5.068 12.236 13.631
214 -6.298 11.782 13.631
215 -7.515 11.247 13.631
216 -8.721 10.627 13.631
217 -9.834 9.834 13.631
218 -10.695 8.776999999999999 13.631
219 -11.368 7.596 13.631
220 -11.94 6.382 13.631
221 -12.42 5.145 13.631
222 -12.803 3.884 13.631
223 -13.081 2.602 13.631
224 -13.25 1.305 13.631
225 -13.306 0 13.631
226 -13.25 -1.305 13.631
227 -13.081 -2.602 13.631
228 -12.803 -3.884 13.631
229 -12.42 -5.145 13.631
230 -11.94 -6.382 13.631
231 -11.368 -7.596 13.631
232 -10.695 -8.776999999999999 13.631
233 -9.834 -9.834 13.631
234 -8.721 -10.627 13.631
235 -7.515 -11.247 13.631
236 -6.298 -11.782 13.631
237 -5.068 -12.236 13.631
238 -3.822 -12.6 13.631
239 -2.559 -12.866 13.631
240 -1.283 -13.028 13.631
241 0 -13.082 13.631
242 1.283 -13.028 13.631
243 2.559 -12.866 13.631
244 3.822 -12.6 13.631
245 5.068 -12.236 13.631
246 6.298 -11.782 13.631
247 7.515 -11.247 13.631
248 8.721 -10.627 13.631
249 9.834 -9.834 13.631
250 10.695 -8.776999999999999 13.631
251 11.368 -7.596 13.631
252 11.94 -6.382 13.631
253 12.42 -5.145 13.631
254 12.803 -3.884 13.631
255 13.081 -2.602 13.631
256 13.25 -1.305 13.631
257 14.113 0 21.126
258 14.062 1.385 21.126
259 13.911 2.767 21.126
260 13.663 4.145 21.126
261 13.325 5.519 21.126
262 12.906 6.898 21.126
263 12.413 8.294 21.126
264 11.816 9.696999999999999 21.126
265 10.919 10.919 21.126
266 9.576000000000001 11.668 21.126
267 8.116 12.147 21.126
268 6.71 12.553 21.126
269 5.347 12.909 21.126
270 4.005 13.203 21.126
271 2.67 13.421 21.126
272 1.335 13.555 21.126
273 0 13.601 21.126
274 -1.335 13.555 21.126
275 -2.67 13.421 21.126
276 -4.005 13.203 21.126
277 -5.347 12.909 21.126
278 -6.71 12.553 21.126
279 -8.116 12.147 21.126
280 -9.576000000000001 11.668 21.126
281 -10.919 10.919 21.126
282 -11.816 9.696999999999999 21.126
283 -12.413 8.294 21.126
284 -12.906 6.898 21.126
285 -13.325 5.519 21.126
286 -13.663 4.145 21.126
287 -13.911 2.767 21.126
288 -14.062 1.385 21.126
289 -14.113 0 21.126
290 -14.062 -1.385 21.126
291 -13.911 -2.767 21.126
292 -13.663 -4.145 21.126
293 -13.325 -5.519 21.126
294 -12.906 -6.898 21.126
295 -12.413 -8.294 21.126
296 -11.816 -9.696999999999999 21.126
297 -10.919 -10.919 21.126
298 -9.576000000000001 -11.668 21.126
299 -8.116 -12.147 21.126
300 -6.71 -12.553 21.126
301 -5.347 -12.909 21.126
302 -4.005 -13.203 21.126
303 -2.67 -13.421 21.126
304 -1.335 -13.555 21.126
305 0 -13.601 21.126
306 1.335 -13.555 21.126
307 2.67 -13.421 21.126
308 4.005 -13.203 21.126
309 5.347 -12.909 21.126
310 6.71 -12.553 21.126
311 8.116 -12.147 21.126
312 9.576000000000001 -11.668 21.126
313 10.919 -10.919 21.126
314 11.816 -9.696999999999999 21.126
315 12.413 -8.294 21.126
316 12.906 -6.898 21.126
317 13.325 -5.519 21.126
318 13.663 -4.145 21.126
319 13.911 -2.767 21.126
320 14.062 -1.385 21.126
321 15.519 0 30.59
322 15.476 1.524 30.59
323 15.352 3.054 30.59
324 15.15 4.596 30.59
325 14.879 6.163 30.59
326 14.551 7.778 30.59
327 14.173 9.470000000000001 30.59
328 13.678 11.226 30.59
329 12.712 12.712 30.59
330 11.005 13.41 30.59
331 9.141 13.68 30.59
332 7.423 13.888 30.59
333 5.836 14.089 30.59
334 4.328 14.268 30.59
335 2.866 14.408 30.59
336 1.428 14.497 30.59
337 0 14.527 30.59
338 -1.428 14.497 30.59
339 -2.866 14.408 30.59
340 -4.328 14.268 30.59
341 -5.836 14.089 30.59
342 -7.423 13.888 30.59
343 -9.141 13.68 30.59
344 -11.005 13.41 30.59
345 -12.712 12.712 30.59
346 -13.678 11.226 30.59
347 -14.173 9.470000000000001 30.59
348 -14.551 7.778 30.59
349 -14.879 6.163 30.59
350 -15.15 4.596 30.59
351 -15.352 3.054 30.59
352 -15.476 1.524 30.59
353 -15.519 0 30.59
354 -15.476 -1.524 30.59
355 -15.352 -3.054 30.59
356 -15.15 -4.596 30.59
357 -14.879 -6.163 30.59
358 -14.551 -7.778 30.59
359 -14.173 -9.470000000000001 30.59
360 -13.678 -11.226 30.59
361 -12.712 -12.712 30.59
362 -11.005 -13.41 30.59
363 -9.141 -13.68 30.59
364 -7.423 -13.888 30.59
365 -5.836 -14.089 30.59
366 -4.328 -14.268 30.59
367 -2.866 -14.408 30.59
368 -1.428 -14.497 30.59
369 0 -14.527 30.59
370 1.428 -14.497 30.59
371 2.866 -14.408 30.59
372 4.328 -14.268 30.59
373 5.836 -14.089 30.59
374 7.423 -13.888 30.59
375 9.141 -13.68 30.59
376 11.005 -13.41 30.59
377 12.712 -12.712 30.59
378 13.678 -11.226 30.59
379 14.173 -9.470000000000001 30.59
380 14.551 -7.778 30.59
381 14.879 -6.163 30.59
382 15.15 -4.596 30.59
383 15.352 -3.054 30.59
384 15.476 -1.524 30.59
385 17.628 0 41.89
386 17.597 1.733 41.89
387 17.506 3.482 41.89
388 17.361 5.267 41.89
389 17.173 7.113 41.89
390 16.957 9.063000000000001 41.89
391 16.713 11.167 41.89
392 16.332 13.403 41.89
393 15.252 15.252 41.89
394 13.056 15.909 41.89
395 10.64 15.924 41.89
396 8.488 15.879 41.89
397 6.575 15.874 41.89
398 4.822 15.897 41.89
399 3.169 15.93 41.89
400 1.571 15.955 41.89
401 0 15.964 41.89
402 -1.571 15.955 41.89
403 -3.169 15.93 41.89
404 -4.822 15.897 41.89
405 -6.575 15.874 41.89
406 -8.488 15.879 41.89
407 -10.64 15.924 41.89
408 -13.056 15.909 41.89
409 -15.252 15.252 41.89
410 -16.332 13.403 41.89
411 -16.713 11.167 41.89
412 -16.957 9.063000000000001 41.89
413 -17.173 7.113 41.89
414 -17.361 5.267 41.89
415 -17.506 3.482 41.89
416 -17.597 1.733 41.89
417 -17.628 0 41.89
418 -17.597 -1.733 41.89
419 -17.506 -3.482 41.89
420 -17.361 -5.267 41.89
421 -17.173 -7.113 41.89
422 -16.957 -9.063000000000001 41.89
423 -16.713 -11.167 41.89
424 -16.332 -13.403 41.89
425 -15.252 -15.252 41.89
426 -13.056 -15.909 41.89
427 -10.64 -15.924 41.89
428 -8.488 -15.879 41.89
429 -6.575 -15.874 41.89
430 -4.822 -15.897 41.89
431 -3.169 -15.93 41.89
432 -1.571 -15.955 41.89
433 0 -15.964 41.89
434 1.571 -15.955 41.89
435 3.169 -15.93 41.89
436 4.822 -15.897 41.89
437 6.575 -15.874 41.89
438 8.488 -15.879 41.89
439 10.64 -15.924 41.89
440 13.056 -15.909 41.89
441 15.252 -15.252 41.89
442 16.332 -13.403 41.89
443 16.713 -11.167 41.89
444 16.957 -9.063000000000001 41.89
445 17.173 -7.113 41.89
446 17.361 -5.267 41.89
447 17.506 -3.482 41.89
448 17.597 -1.733 41.89
449 20.664 0 55.729
450 20.646 2.033 55.729
451 20.594 4.096 55.729
452 20.515 6.223 55.729
453 20.422 8.459 55.729
454 20.33 10.867 55.729
455 20.236 13.521 55.729
456 19.97 16.389 55.729
457 18.719 18.719 55.729
458 15.884 19.355 55.729
459 12.746 19.076 55.729
460 10.009 18.725 55.729
461 7.648 18.464 55.729
462 5.548 18.291 55.729
463 3.617 18.183 55.729
464 1.785 18.126 55.729
465 0 18.107 55.729
466 -1.785 18.126 55.729
467 -3.617 18.183 55.729
468 -5.548 18.291 55.729
469 -7.648 18.464 55.729
470 -10.009 18.725 55.729
471 -12.746 19.076 55.729
472 -15.884 19.355 55.729
473 -18.719 18.719 55.729
474 -19.97 16.389 55.729
475 -20.236 13.521 55.729
476 -20.33 10.867 55.729
477 -20.422 8.459 55.729
478 -20.515 6.223 55.729
479 -20.594 4.096 55.729
480 -20.646 2.033 55.729
481 -20.664 0 55.729
482 -20.646 -2.033 55.729
483 -20.594 -4.096 55.729
484 -20.515 -6.223 55.729
485 -20.422 -8.459 55.729
486 -20.33 -10.867 55.729
487 -20.236 -13.521 55.729
488 -19.97 -16.389 55.729
489 -18.719 -18.719 55.729
490 -15.884 -19.355 55.729
491 -12.746 -19.076 55.729
492 -10.009 -18.725 55.729
493 -7.648 -18.464 55.729
494 -5.548 -18.291 55.729
495 -3.617 -18.183 55.729
496 -1.785 -18.126 55.729
497 0 -18.107 55.729
498 1.785 -18.126 55.729
499 3.617 -18.183 55.729
500 5.548 -18.291 55.729
501 7.648 -18.464 55.729
502 10.009 -18.725 55.729
503 12.746 -19.076 55.729
504 15.884 -19.355 55.729
505 18.719 -18.719 55.729
506 19.97 -16.389 55.729
507 20.236 -13.521 55.729
508 20.33 -10.867 55.729
509 20.422 -8.459 55.729
510 20.515 -6.223 55.729
511 20.594 -4.096 55.729
512 20.646 -2.033 55.729
513 24.64 0 71.89100000000001
514 24.635 2.426 71.89100000000001
515 24.623 4.898 71.89100000000001
516 24.613 7.466 71.89100000000001
517 24.618 10.197 71.89100000000001
518 24.654 13.178 71.89100000000001
519 24.709 16.51 71.89100000000001
520 24.547 20.145 71.89100000000001
521 23.067 23.067 71.89100000000001
522 19.459 23.71 71.89100000000001
523 15.446 23.117 71.89100000000001
524 11.989 22.43 71.89100000000001
525 9.065 21.884 71.89100000000001
526 6.518 21.486 71.89100000000001
527 4.221 21.218 71.89100000000001
528 2.075 21.064 71.89100000000001
529 0 21.013 71.89100000000001
530 -2.075 21.064 71.89100000000001
531 -4.221 21.218 71.89100000000001
532 -6.518 21.486 71.89100000000001
533 -9.065 21.884 71.89100000000001
534 -11.989 22.43 71.89100000000001
535 -15.446 23.117 71.89100000000001
536 -19.459 23.71 71.89100000000001
537 -23.067 23.067 71.89100000000001
538 -24.547 20.145 71.89100000000001
539 -24.709 16.51 71.89100000000001
540 -24.654 13.178 71.89100000000001
541 -24.618 10.197 71.89100000000001
542 -24.613 7.466 71.89100000000001
543 -24.623 4.898 71.89100000000001
544 -24.635 2.426 71.89100000000001
545 -24.64 0 71.89100000000001
546 -24.635 -2.426 71.89100000000001
547 -24.623 -4.898 71.89100000000001
548 -24.613 -7.466 71.89100000000001
549 -24.618 -10.197 71.89100000000001
550 -24.654 -13.178 71.89100000000001
551 -24.709 -16.51 71.89100000000001
552 -24.547 -20.145 71.89100000000001
553 -23.067 -23.067 71.89100000000001
554 -19.459 -23.71 71.89100000000001
555 -15.446 -23.117 71.89100000000001
556 -11.989 -22.43 71.89100000000001
557 -9.065 -21.884 71.89100000000001
558 -6.518 -21.486 71.89100000000001
559 -4.221 -21.218 71.89100000000001
560 -2.075 -21.064 71.89100000000001
561 0 -21.013 71.89100000000001
562 2.075 -21.064 71.89100000000001
563 4.221 -21.218 71.89100000000001
564 6.518 -21.486 71.89100000000001
565 9.065 -21.884 71.89100000000001
566 11.989 -22.43 71.89100000000001
567 15.446 -23.117 71.89100000000001
568 19.459 -23.71 71.89100000000001
569 23.067 -23.067 71.89100000000001
570 24.547 -20.145 71.89100000000001
571 24.709 -16.51 71.89100000000001
572 24.654 -13.178 71.89100000000001
573 24.618 -10.197 71.89100000000001
574 24.613 -7.466 71.89100000000001
575 24.623 -4.898 71.89100000000001
576 24.635 -2.426 71.89100000000001
577 29.489 0 89.96599999999999
578 29.497 2.905 89.96599999999999
579 29.523 5.873 89.96599999999999
580 29.578 8.972 89.96599999999999
581 29.676 12.292 89.96599999999999
582 29.833 15.946 89.96599999999999
583 30.029 20.065 89.96599999999999
584 29.953 24.582 89.96599999999999
585 28.189 28.189 89.96599999999999
586 23.696 28.873 89.96599999999999
587 18.683 27.961 89.96599999999999
588 14.393 26.927 89.96599999999999
589 10.804 26.083 89.96599999999999
590 7.72 25.448 89.96599999999999
591 4.975 25.009 89.96599999999999
592 2.438 24.752 89.96599999999999
593 0 24.667 89.96599999999999
594 -2.438 24.752 89.96599999999999
595 -4.975 25.009 89.96599999999999
596 -7.72 25.448 89.96599999999999
597 -10.804 26.083 89.96599999999999
598 -14.393 26.927 89.96599999999999
599 -18.683 27.961 89.96599999999999
600 -23.696 28.873 89.96599999999999
601 -28.189 28.189 89.96599999999999
602 -29.953 24.582 89.96599999999999
603 -30.029 20.065 89.96599999999999
604 -29.833 15.946 89.96599999999999
605 -29.676 12.292 89.96599999999999
606 -29.578 8.972 89.96599999999999
607 -29.523 5.873 89.96599999999999
608 -29.497 2.905 89.96599999999999
609 -29.489 0 89.96599999999999
610 -29.497 -2.905 89.96599999999999
611 -29.523 -5.873 89.96599999999999
612 -29.578 -8.972 89.96599999999999
613 -29.676 -12.292 89.96599999999999
614 -29.833 -15.946 89.96599999999999
615 -30.029 -20.065 89.96599999999999
616 -29.953 -24.582 89.96599999999999
617 -28.189 -28.189 89.96599999999999
618 -23.696 -28.873 89.96599999999999
619 -18.683 -27.961 89.96599999999999
620 -14.393 -26.927 89.96599999999999
621 -10.804 -26.083 89.96599999999999
622 -7.72 -25.448 89.96599999999999
623 -4.975 -25.009 89.96599999999999
624 -2.438 -24.752 89.96599999999999
625 0 -24.667 89.96599999999999
626 2.438 -24.752 89.96599999999999
627 4.975 -25.009 89.96599999999999
628 7.72 -25.448 89.96599999999999
629 10.804 -26.083 89.96599999999999
630 14.393 -26.927 89.96599999999999
631 18.683 -27.961 89.96599999999999
632 23.696 -28.873 89.96599999999999
633 28.189 -28.189 89.96599999999999
634 29.953 -24.582 89.96599999999999
635 30.029 -20.065 89.96599999999999
636 29.833 -15.946 89.96599999999999
637 29.676 -12.292 89.96599999999999
638 29.578 -8.972 89.96599999999999
639 29.523 -5.873 89.96599999999999
640 29.497 -2.905 89.96599999999999
641 35.482 0 110.589
642 35.502 3.497 110.589
643 35.564 7.074 110.589
644 35.677 10.823 110.589
645 35.86 14.854 110.589
646 36.128 19.311 110.589
647 36.454 24.358 110.589
648 36.442 29.907 110.589
649 34.323 34.323 110.589
650 28.797 35.089 110.589
651 22.621 33.854 110.589
652 17.35 32.46 110.589
653 12.967 31.305 110.589
654 9.228999999999999 30.423 110.589
655 5.929 29.806 110.589
656 2.9 29.44 110.589
657 0 29.318 110.589
658 -2.9 29.44 110.589
659 -5.929 29.806 110.589
660 -9.228999999999999 30.423 110.589
661 -12.967 31.305 110.589
662 -17.35 32.46 110.589
663 -22.621 33.854 110.589
664 -28.797 35.089 110.589
665 -34.323 34.323 110.589
666 -36.442 29.907 110.589
667 -36.454 24.358 110.589
668 -36.128 19.311 110.589
669 -35.86 14.854 110.589
670 -35.677 10.823 110.589
671 -35.564 7.074 110.589
672 -35.502 3.497 110.589
673 -35.482 0 110.589
674 -35.502 -3.497 110.589
675 -35.564 -7.074 110.589
676 -35.677 -10.823 110.589
677 -35.86 -14.854 110.589
678 -36.128 -19.311 110.589
679 -36.454 -24.358 110.589
680 -36.442 -29.907 110.589
681 -34.323 -34.323 110.589
682 -28.797 -35.089 110.589
683 -22.621 -33.854 110.589
684 -17.35 -32.46 110.589
685 -12.967 -31.305 110.589
686 -9.228999999999999 -30.423 110.589
687 -5.929 -29.806 110.589
688 -2.9 -29.44 110.589
689 0 -29.318 110.589
690 2.9 -29.44 110.589
691 5.929 -29.806 110.589
692 9.228999999999999 -30.423 110.589
693 12.967 -31.305 110.589
694 17.35 -32.46 110.589
695 22.621 -33.854 110.589
696 28.797 -35.089 110.589
697 34.323 -34.323 110.589
698 36.442 -29.907 110.589
699 36.454 -24.358 110.589
700 36.128 -19.311 110.589
701 35.86 -14.854 110.589
702 35.677 -10.823 110.589
703 35.564 -7.074 110.589
704 35.502 -3.497 110.589
705 42.561 0 132.741
706 42.588 4.195 132.741
707 42.673 8.488 132.741
708 42.827 12.992 132.741
709 43.068 17.839 132.741
710 43.416 23.206 132.741
711 43.831 29.287 132.741
712 43.833 35.973 132.741
713 41.29 41.29 132.741
714 34.632 42.199 132.741
715 27.182 40.681 132.741
716 20.824 38.958 132.741
717 15.541 37.519 132.741
718 11.045 36.412 132.741
719 7.087 35.63 132.741
720 3.463 35.164 132.741
721 0 35.01 132.741
722 -3.463 35.164 132.741
723 -7.087 35.63 132.741
724 -11.045 36.412 132.741
725 -15.541 37.519 132.741
726 -20.824 38.958 132.741
727 -27.182 40.681 132.741
728 -34.632 42.199 132.741
729 -41.29 41.29 132.741
730 -43.833 35.973 132.741
731 -43.831 29.287 132.741
732 -43.416 23.206 132.741
733 -43.068 17.839 132.741
734 -42.827 12.992 132.741
735 -42.673 8.488 132.741
736 -42.588 4.195 132.741
737 -42.561 0 132.741
738 -42.588 -4.195 132.741
739 -42.673 -8.488 132.741
740 -42.827 -12.992 132.741
741 -43.068 -17.839 132.741
742 -43.416 -23.206 132.741
743 -43.831 -29.287 132.741
744 -43.833 -35.973 132.741
745 -41.29 -41.29 132.741
746 -34.632 -42.199 132.741
747 -27.182 -40.681 132.741
748 -20.824 -38.958 132.741
749 -15.541 -37.519 132.741
750 -11.045 -36.412 132.741
751 -7.087 -35.63 132.741
752 -3.463 -35.164 132.741
753 0 -35.01 132.741
754 3.463 -35.164 132.741
755 7.087 -35.63 132.741
756 11.045 -36.412 132.741
757 15.541 -37.519 132.741
758 20.824 -38.958 132.741
759 27.182 -40.681 132.741
760 34.632 -42.199 132.741
761 41.29 -41.29 132.741
762 43.833 -35.973 132.741
763 43.831 -29.287 132.741
764 43.416 -23.206 132.741
765 43.068 -17.839 132.741
766 42.827 -12.992 132.741
767 42.673 -8.488 132.741
768 42.588 -4.195 132.741
769 50.868 0 155.625
770 50.895 5.013 155.625
771 50.978 10.14 155.625
772 51.131 15.51 155.625
773 51.373 21.279 155.625
774 51.726 27.648 155.625
775 52.143 34.841 155.625
776 52.065 42.729 155.625
777 49.013 49.013 155.625
778 41.169 50.164 155.625
779 32.389 48.474 155.625
780 24.868 46.525 155.625
781 18.592 44.886 155.625
782 13.232 43.62 155.625
783 8.497999999999999 42.723 155.625
784 4.155 42.187 155.625
785 0 42.009 155.625
786 -4.155 42.187 155.625
787 -8.497999999999999 42.723 155.625
788 -13.232 43.62 155.625
789 -18.592 44.886 155.625
790 -24.868 46.525 155.625
791 -32.389 48.474 155.625
792 -41.169 50.164 155.625
793 -49.013 49.013 155.625
794 -52.065 42.729 155.625
795 -52.143 34.841 155.625
796 -51.726 27.648 155.625
797 -51.373 21.279 155.625
798 -51.131 15.51 155.625
799 -50.978 10.14 155.625
800 -50.895 5.013 155.625
801 -50.868 0 155.625
802 -50.895 -5.013 155.625
803 -50.978 -10.14 155.625
804 -51.131 -15.51 155.625
805 -51.373 -21.279 155.625
806 -51.726 -27.648 155.625
807 -52.143 -34.841 155.625
808 -52.065 -42.729 155.625
809 -49.013 -49.013 155.625
810 -41.169 -50.164 155.625
811 -32.389 -48.474 155.625
812 -24.868 -46.525 155.625
813 -18.592 -44.886 155.625
814 -13.232 -43.62 155.625
815 -8.497999999999999 -42.723 155.625
816 -4.155 -42.187 155.625
817 0 -42.009 155.625
818 4.155 -42.187 155.625
819 8.497999999999999 -42.723 155.625
820 13.232 -43.62 155.625
821 18.592 -44.886 155.625
822 24.868 -46.525 155.625
823 32.389 -48.474 155.625
824 41.169 -50.164 155.625
825 49.013 -49.013 155.625
826 52.065 -42.729 155.625
827 52.143 -34.841 155.625
828 51.726 -27.648 155.625
829 51.373 -21.279 155.625
830 51.131 -15.51 155.625
831 50.978 -10.14 155.625
832 50.895 -5.013 155.625
833 60.849 0 178.783
834 60.86 5.994 178.783
835 60.896 12.113 178.783
836 60.971 18.495 178.783
837 61.107 25.311 178.783
838 61.329 32.781 178.783
839 61.586 41.15 178.783
840 61.253 50.269 178.783
841 57.576 57.576 178.783
842 48.531 59.136 178.783
843 38.416 57.494 178.783
844 29.678 55.523 178.783
845 22.308 53.857 178.783
846 15.947 52.569 178.783
847 10.275 51.654 178.783
848 5.034 51.106 178.783
849 0 50.924 178.783
850 -5.034 51.106 178.783
851 -10.275 51.654 178.783
852 -15.947 52.569 178.783
853 -22.308 53.857 178.783
854 -29.678 55.523 178.783
855 -38.416 57.494 178.783
856 -48.531 59.136 178.783
857 -57.576 57.576 178.783
858 -61.253 50.269 178.783
859 -61.586 41.15 178.783
860 -61.329 32.781 178.783
861 -61.107 25.311 178.783
862 -60.971 18.495 178.783
863 -60.896 12.113 178.783
864 -60.86 5.994 178.783
865 -60.849 0 178.783
866 -60.86 -5.994 178.783
867 -60.896 -12.113 178.783
868 -60.971 -18.495 178.783
869 -61.107 -25.311 178.783
870 -61.329 -32.781 178.783
871 -61.586 -41.15 178.783
872 -61.253 -50.269 178.783
873 -57.576 -57.576 178.783
874 -48.531 -59.136 178.783
875 -38.416 -57.494 178.783
876 -29.678 -55.523 178.783
877 -22.308 -53.857 178.783
878 -15.947 -52.569 178.783
879 -10.275 -51.654 178.783
880 -5.034 -51.106 178.783
881 0 -50.924 178.783
882 5.034 -51.106 178.783
883 10.275 -51.654 178.783
884 15.947 -52.569 178.783
885 22.308 -53.857 178.783
886 29.678 -55.523 178.783
887 38.416 -57.494 178.783
888 48.531 -59.136 178.783
889 57.576 -57.576 178.783
890 61.253 -50.269 178.783
891 61.586 -41.15 178.783
892 61.329 -32.781 178.783
893 61.107 -25.311 178.783
894 60.971 -18.495 178.783
895 60.896 -12.113 178.783
896 60.86 -5.994 178.783
897 72.419 0 200.521
898 72.392 7.13 200.521
899 72.31399999999999 14.384 200.521
900 72.20099999999999 21.902 200.521
901 72.078 29.856 200.521
902 71.97199999999999 38.47 200.521
903 71.831 47.996 200.521
904 71.001 58.269 200.521
905 66.578 66.578 200.521
906 56.434 68.76600000000001 200.521
907 45.108 67.509 200.521
908 35.189 65.834 200.521
909 26.679 64.40900000000001 200.521
910 19.204 63.308 200.521
911 12.437 62.527 200.521
912 6.112 62.061 200.521
913 0 61.905 200.521
914 -6.112 62.061 200.521
915 -12.437 62.527 200.521
916 -19.204 63.308 200.521
917 -26.679 64.40900000000001 200.521
918 -35.189 65.834 200.521
919 -45.108 67.509 200.521
920 -56.434 68.76600000000001 200.521
921 -66.578 66.578 200.521
922 -71.001 58.269 200.521
923 -71.831 47.996 200.521
924 -71.97199999999999 38.47 200.521
925 -72.078 29.856 200.521
926 -72.20099999999999 21.902 200.521
927 -72.31399999999999 14.384 200.521
928 -72.392 7.13 200.521
929 -72.419 0 200.521
930 -72.392 -7.13 200.521
931 -72.31399999999999 -14.384 200.521
932 -72.20099999999999 -21.902 200.521
933 -72.078 -29.856 200.521
934 -71.97199999999999 -38.47 200.521
935 -71.831 -47.996 200.521
936 -71.001 -58.269 200.521
937 -66.578 -66.578 200.521
938 -56.434 -68.76600000000001 200.521
939 -45.108 -67.509 200.521
940 -35.189 -65.834 200.521
941 -26.679 -64.40900000000001 200.521
942 -19.204 -63.308 200.521
943 -12.437 -62.527 200.521
944 -6.112 -62.061 200.521
945 0 -61.905 200.521
946 6.112 -62.061 200.521
947 12.437 -62.527 200.521
948 19.204 -63.308 200.521
949 26.679 -64.40900000000001 200.521
950 35.189 -65.834 200.521
951 45.108 -67.509 200.521
952 56.434 -68.76600000000001 200.521
953 66.578 -66.578 200.521
954 71.001 -58.269 200.521
955 71.831 -47.996 200.521
956 71.97199999999999 -38.47 200.521
957 72.078 -29.856 200.521
958 72.20099999999999 -21.902 200.521
959 72.31399999999999 -14.384 200.521
960 72.392 -7.13 200.521
961 85.846 0 220.49
962 85.753 8.446 220.49
963 85.48099999999999 17.003 220.49
964 85.045 25.798 220.49
965 84.473 34.99 220.49
966 83.797 44.791 220.49
967 82.97 55.439 220.49
968 81.34399999999999 66.75700000000001 220.49
969 76.03400000000001 76.03400000000001 220.49
970 64.928 79.116 220.49
971 52.558 78.65900000000001 220.49
972 41.517 77.672 220.49
973 31.819 76.81699999999999 220.49
974 23.104 76.163 220.49
975 15.058 75.703 220.49
976 7.429 75.429 220.49
977 0 75.33799999999999 220.49
978 -7.429 75.429 220.49
979 -15.058 75.703 220.49
980 -23.104 76.163 220.49
981 -31.819 76.81699999999999 220.49
982 -41.517 77.672 220.49
983 -52.558 78.65900000000001 220.49
984 -64.928 79.116 220.49
985 -76.03400000000001 76.03400000000001 220.49
986 -81.34399999999999 66.75700000000001 220.49
987 -82.97 55.439 220.49
988 -83.797 44.791 220.49
989 -84.473 34.99 220.49
990 -85.045 25.798 220.49
991 -85.48099999999999 17.003 220.49
992 -85.753 8.446 220.49
993 -85.846 0 220.49
994 -85.753 -8.446 220.49
995 -85.48099999999999 -17.003 220.49
996 -85.045 -25.798 220.49
997 -84.473 -34.99 220.49
998 -83.797 -44.791 220.49
999 -82.97 -55.439 220.49
1000 -81.34399999999999 -66.75700000000001 220.49
1001 -76.03400000000001 -76.03400000000001 220.49
1002 -64.928 -79.116 220.49
1003 -52.558 -78.65900000000001 220.49
1004 -41.517 -77.672 220.49
1005 -31.819 -76.81699999999999 220.49
1006 -23.104 -76.163 220.49
1007 -15.058 -75.703 220.49
1008 -7.429 -75.429 220.49
1009 0 -75.33799999999999 220.49
1010 7.429 -75.429 220.49
1011 15.058 -75.703 220.49
1012 23.104 -76.163 220.49
1013 31.819 -76.81699999999999 220.49
1014 41.517 -77.672 220.49
1015 52.558 -78.65900000000001 220.49
1016 64.928 -79.116 220.49
1017 76.03400000000001 -76.03400000000001 220.49
1018 81.34399999999999 -66.75700000000001 220.49
1019 82.97 -55.439 220.49
1020 83.797 -44.791 220.49
1021 84.473 -34.99 220.49
1022 85.045 -25.798 220.49
1023 85.48099999999999 -17.003 220.49
1024 85.753 -8.446 220.49
1025 100.573 0 237.739
1026 100.391 9.888 237.739
1027 99.84999999999999 19.861 237.739
1028 98.96899999999999 30.022 237.739
1029 97.779 40.501 237.739
1030 96.31399999999999 51.481 237.739
1031 94.53700000000001 63.168 237.739
1032 91.851 75.38 237.739
1033 85.54900000000001 85.54900000000001 237.739
1034 73.65900000000001 89.754 237.739
1035 60.457 90.48 237.739
1036 48.398 90.54600000000001 237.739
1037 37.514 90.568 237.739
1038 27.484 90.601 237.739
1039 18.029 90.636 237.739
1040 8.929 90.661 237.739
1041 0 90.67 237.739
1042 -8.929 90.661 237.739
1043 -18.029 90.636 237.739
1044 -27.484 90.601 237.739
1045 -37.514 90.568 237.739
1046 -48.398 90.54600000000001 237.739
1047 -60.457 90.48 237.739
1048 -73.65900000000001 89.754 237.739
1049 -85.54900000000001 85.54900000000001 237.739
1050 -91.851 75.38 237.739
1051 -94.53700000000001 63.168 237.739
1052 -96.31399999999999 51.481 237.739
1053 -97.779 40.501 237.739
1054 -98.96899999999999 30.022 237.739
1055 -99.84999999999999 19.861 237.739
1056 -100.391 9.888 237.739
1057 -100.573 0 237.739
1058 -100.391 -9.888 237.739
1059 -99.84999999999999 -19.861 237.739
1060 -98.96899999999999 -30.022 237.739
1061 -97.779 -40.501 237.739
1062 -96.31399999999999 -51.481 237.739
1063 -94.53700000000001 -63.168 237.739
1064 -91.851 -75.38 237.739
1065 -85.54900000000001 -85.54900000000001 237.739
1066 -73.65900000000001 -89.754 237.739
1067 -60.457 -90.48 237.739
1068 -48.398 -90.54600000000001 237.739
1069 -37.514 -90.568 237.739
1070 -27.484 -90.601 237.739
1071 -18.029 -90.636 237.739
1072 -8.929 -90.661 237.739
1073 0 -90.67 237.739
1074 8.929 -90.661 237.739
1075 18.029 -90.636 237.739
1076 27.484 -90.601 237.739
1077 37.514 -90.568 237.739
1078 48.398 -90.54600000000001 237.739
1079 60.457 -90.48 237.739
1080 73.65900000000001 -89.754 237.739
1081 85.54900000000001 -85.54900000000001 237.739
1082 91.851 -75.38 237.739
1083 94.53700000000001 -63.168 237.739
1084 96.31399999999999 -51.481 237.739
1085 97.779 -40.501 237.739
1086 98.96899999999999 -30.022 237.739
1087 99.84999999999999 -19.861 237.739
1088 100.391 -9.888 237.739
1089 116.977 0 252.909
1090 116.681 11.492 252.909
1091 115.799 23.034 252.909
1092 114.353 34.688 252.909
1093 112.374 46.547 252.909
1094 109.903 58.744 252.909
1095 106.919 71.441 252.909
1096 102.904 84.45099999999999 252.909
1097 95.483 95.483 252.909
1098 82.929 101.049 252.909
1099 69.042 103.329 252.909
1100 56.017 104.8 252.909
1101 43.903 105.992 252.909
1102 32.442 106.946 252.909
1103 21.411 107.642 252.909
1104 10.644 108.066 252.909
1105 0 108.208 252.909
1106 -10.644 108.066 252.909
1107 -21.411 107.642 252.909
1108 -32.442 106.946 252.909
1109 -43.903 105.992 252.909
1110 -56.017 104.8 252.909
1111 -69.042 103.329 252.909
1112 -82.929 101.049 252.909
1113 -95.483 95.483 252.909
1114 -102.904 84.45099999999999 252.909
1115 -106.919 71.441 252.909
1116 -109.903 58.744 252.909
1117 -112.374 46.547 252.909
1118 -114.353 34.688 252.909
1119 -115.799 23.034 252.909
1120 -116.681 11.492 252.909
1121 -116.977 0 252.909
1122 -116.681 -11.492 252.909
1123 -115.799 -23.034 252.909
1124 -114.353 -34.688 252.909
1125 -112.374 -46.547 252.909
1126 -109.903 -58.744 252.909
1127 -106.919 -71.441 252.909
1128 -102.904 -84.45099999999999 252.909
1129 -95.483 -95.483 252.909
1130 -82.929 -101.049 252.909
1131 -69.042 -103.329 252.909
1132 -56.017 -104.8 252.909
1133 -43.903 -105.992 252.909
1134 -32.442 -106.946 252.909
1135 -21.411 -107.642 252.909
1136 -10.644 -108.066 252.909
1137 0 -108.208 252.909
1138 10.644 -108.066 252.909
1139 21.411 -107.642 252.909
1140 32.442 -106.946 252.909
1141 43.903 -105.992 252.909
1142 56.017 -104.8 252.909
1143 69.042 -103.329 252.909
1144 82.929 -101.049 252.909
1145 95.483 -95.483 252.909
1146 102.904 -84.45099999999999 252.909
1147 106.919 -71.441 252.909
1148 109.903 -58.744 252.909
1149 112.374 -46.547 252.909
1150 114.353 -34.688 252.909
1151 115.799 -23.034 252.909
1152 116.681 -11.492 252.909
1153 134.381 0 265.642
1154 133.956 13.194 265.642
1155 132.687 26.393 265.642
1156 130.596 39.616 265.642
1157 127.72 52.903 265.642
1158 124.102 66.334 265.642
1159 119.741 80.008 265.642
1160 114.226 93.74299999999999 265.642
1161 105.609 105.609 265.642
1162 92.48099999999999 112.688 265.642
1163 78.02 116.765 265.642
1164 64.072 119.871 265.642
1165 50.711 122.427 265.642
1166 37.752 124.453 265.642
1167 25.047 125.921 265.642
1168 12.49 126.809 265.642
1169 0 127.107 265.642
1170 -12.49 126.809 265.642
1171 -25.047 125.921 265.642
1172 -37.752 124.453 265.642
1173 -50.711 122.427 265.642
1174 -64.072 119.871 265.642
1175 -78.02 116.765 265.642
1176 -92.48099999999999 112.688 265.642
1177 -105.609 105.609 265.642
1178 -114.226 93.74299999999999 265.642
1179 -119.741 80.008 265.642
1180 -124.102 66.334 265.642
1181 -127.72 52.903 265.642
1182 -130.596 39.616 265.642
1183 -132.687 26.393 265.642
1184 -133.956 13.194 265.642
1185 -134.381 0 265.642
1186 -133.956 -13.194 265.642
1187 -132.687 -26.393 265.642
1188 -130.596 -39.616 265.642
1189 -127.72 -52.903 265.642
1190 -124.102 -66.334 265.642
1191 -119.741 -80.008 265.642
1192 -114.226 -93.74299999999999 265.642
1193 -105.609 -105.609 265.642
1194 -92.48099999999999 -112.688 265.642
1195 -78.02 -116.765 265.642
1196 -64.072 -119.871 265.642
1197 -50.711 -122.427 265.642
1198 -37.752 -124.453 265.642
1199 -25.047 -125.921 265.642
1200 -12.49 -126.809 265.642
1201 0 -127.107 265.642
1202 12.49 -126.809 265.642
1203 25.047 -125.921 265.642
1204 37.752 -124.453 265.642
1205 50.711 -122.427 265.642
1206 64.072 -119.871 265.642
1207 78.02 -116.765 265.642
1208 92.48099999999999 -112.688 265.642
1209 105.609 -105.609 265.642
1210 114.226 -93.74299999999999 265.642
1211 119.741 -80.008 265.642
1212 124.102 -66.334 265.642
1213 127.72 -52.903 265.642
1214 130.596 -39.616 265.642
1215 132.687 -26.393 265.642
1216 133.956 -13.194 265.642
1217 151.856 0 275.791
1218 151.297 14.901 275.791
1219 149.629 29.763 275.791
1220 146.875 44.554 275.791
1221 143.074 59.263 275.791
1222 138.275 73.91 275.791
1223 132.496 88.53100000000001 275.791
1224 125.441 102.947 275.791
1225 115.619 115.619 275.791
1226 101.965 124.244 275.791
1227 86.983 130.18 275.791
1228 72.149 134.981 275.791
1229 57.556 138.953 275.791
1230 43.103 142.091 275.791
1231 28.715 144.36 275.791
1232 14.353 145.732 275.791
1233 0 146.191 275.791
1234 -14.353 145.732 275.791
1235 -28.715 144.36 275.791
1236 -43.103 142.091 275.791
1237 -57.556 138.953 275.791
1238 -72.149 134.981 275.791
1239 -86.983 130.18 275.791
1240 -101.965 124.244 275.791
1241 -115.619 115.619 275.791
1242 -125.441 102.947 275.791
1243 -132.496 88.53100000000001 275.791
1244 -138.275 73.91 275.791
1245 -143.074 59.263 275.791
1246 -146.875 44.554 275.791
1247 -149.629 29.763 275.791
1248 -151.297 14.901 275.791
1249 -151.856 0 275.791
1250 -151.297 -14.901 275.791
1251 -149.629 -29.763 275.791
1252 -146.875 -44.554 275.791
1253 -143.074 -59.263 275.791
1254 -138.275 -73.91 275.791
1255 -132.496 -88.53100000000001 275.791
1256 -125.441 -102.947 275.791
1257 -115.619 -115.619 275.791
1258 -101.965 -124.244 275.791
1259 -86.983 -130.18 275.791
1260 -72.149 -134.981 275.791
1261 -57.556 -138.953 275.791
1262 -43.103 -142.091 275.791
1263 -28.715 -144.36 275.791
1264 -14.353 -145.732 275.791
1265 0 -146.191 275.791
1266 14.353 -145.732 275.791
1267 28.715 -144.36 275.791
1268 43.103 -142.091 275.791
1269 57.556 -138.953 275.791
1270 72.149 -134.981 275.791
1271 86.983 -130.18 275.791
1272 101.965 -124.244 275.791
1273 115.619 -115.619 275.791
1274 125.441 -102.947 275.791
1275 132.496 -88.53100000000001 275.791
1276 138.275 -73.91 275.791
1277 143.074 -59.263 275.791
1278 146.875 -44.554 275.791
1279 149.629 -29.763 275.791
1280 151.297 -14.901 275.791
1281 169.853 0 284.033
1282 169.158 16.661 284.033
1283 167.082 33.235 284.033
1284 163.651 49.643 284.033
1285 158.907 65.821 284.033
1286 152.903 81.729 284.033
1287 145.678 97.339 284.033
1288 137.05 112.474 284.033
1289 125.989 125.989 284.033
1290 111.772 136.195 284.033
1291 96.23399999999999 144.024 284.033
1292 80.471 150.551 284.033
1293 64.602 155.964 284.033
1294 48.607 160.235 284.033
1295 32.486 163.319 284.033
1296 16.269 165.183 284.033
1297 0 165.806 284.033
1298 -16.269 165.183 284.033
1299 -32.486 163.319 284.033
1300 -48.607 160.235 284.033
1301 -64.602 155.964 284.033
1302 -80.471 150.551 284.033
1303 -96.23399999999999 144.024 284.033
1304 -111.772 136.195 284.033
1305 -125.989 125.989 284.033
1306 -137.05 112.474 284.033
1307 -145.678 97.339 284.033
1308 -152.903 81.729 284.033
1309 -158.907 65.821 284.033
1310 -163.651 49.643 284.033
1311 -167.082 33.235 284.033
1312 -169.158 16.661 284.033
1313 -169.853 0 284.033
1314 -169.158 -16.661 284.033
1315 -167.082 -33.235 284.033
1316 -163.651 -49.643 284.033
1317 -158.907 -65.821 284.033
1318 -152.903 -81.729 284.033
1319 -145.678 -97.339 284.033
1320 -137.05 -112.474 284.033
1321 -125.989 -125.989 284.033
1322 -111.772 -136.195 284.033
1323 -96.23399999999999 -144.024 284.033
1324 -80.471 -150.551 284.033
1325 -64.602 -155.964 284.033
1326 -48.607 -160.235 284.033
1327 -32.486 -163.319 284.033
1328 -16.269 -165.183 284.033
1329 0 -165.806 284.033
1330 16.269 -165.183 284.033
1331 32.486 -163.319 284.033
1332 48.607 -160.235 284.033
1333 64.602 -155.964 284.033
1334 80.471 -150.551 284.033
1335 96.23399999999999 -144.024 284.033
1336 111.772 -136.195 284.033
1337 125.989 -125.989 284.033
1338 137.05 -112.474 284.033
1339 145.678 -97.339 284.033
1340 152.903 -81.729 284.033
1341 158.907 -65.821 284.033
1342 163.651 -49.643 284.033
1343 167.082 -33.235 284.033
1344 169.158 -16.661 284.033
1345 187.566 0 290.293
1346 186.742 18.392 290.293
1347 184.28 36.656 290.293
1348 180.207 54.665 290.293
1349 174.568 72.30800000000001 290.293
1350 167.423 89.489 290.293
1351 158.827 106.125 290.293
1352 148.701 122.036 290.293
1353 136.426 136.426 290.293
1354 121.584 148.15 290.293
1355 105.412 157.76 290.293
1356 88.678 165.905 290.293
1357 71.52200000000001 172.669 290.293
1358 53.996 178.003 290.293
1359 36.173 181.852 290.293
1360 18.14 184.177 290.293
1361 0 184.955 290.293
1362 -18.14 184.177 290.293
1363 -36.173 181.852 290.293
1364 -53.996 178.003 290.293
1365 -71.52200000000001 172.669 290.293
1366 -88.678 165.905 290.293
1367 -105.412 157.76 290.293
1368 -121.584 148.15 290.293
1369 -136.426 136.426 290.293
1370 -148.701 122.036 290.293
1371 -158.827 106.125 290.293
1372 -167.423 89.489 290.293
1373 -174.568 72.30800000000001 290.293
1374 -180.207 54.665 290.293
1375 -184.28 36.656 290.293
1376 -186.742 18.392 290.293
1377 -187.566 0 290.293
1378 -186.742 -18.392 290.293
1379 -184.28 -36.656 290.293
1380 -180.207 -54.665 290.293
1381 -174.568 -72.30800000000001 290.293
1382 -167.423 -89.489 290.293
1383 -158.827 -106.125 290.293
1384 -148.701 -122.036 290.293
1385 -136.426 -136.426 290.293
1386 -121.584 -148.15 290.293
1387 -105.412 -157.76 290.293
1388 -88.678 -165.905 290.293
1389 -71.52200000000001 -172.669 290.293
1390 -53.996 -178.003 290.293
1391 -36.173 -181.852 290.293
1392 -18.14 -184.177 290.293
1393 0 -184.955 290.293
1394 18.14 -184.177 290.293
1395 36.173 -181.852 290.293
1396 53.996 -178.003 290.293
1397 71.52200000000001 -172.669 290.293
1398 88.678 -165.905 290.293
1399 105.412 -157.76 290.293
1400 121.584 -148.15 290.293
1401 136.426 -136.426 290.293
1402 148.701 -122.036 290.293
1403 158.827 -106.125 290.293
1404 167.423 -89.489 290.293
1405 174.568 -72.30800000000001 290.293
1406 180.207 -54.665 290.293
1407 184.28 -36.656 290.293
1408 186.742 -18.392 290.293
1409 205.81 0 295.059
1410 204.861 20.177 295.059
1411 202.025 40.185 295.059
1412 197.33 59.859 295.059
1413 190.825 79.042 295.059
1414 182.575 97.58799999999999 295.059
1415 172.653 115.363 295.059
1416 161.069 132.186 295.059
1417 147.551 147.551 295.059
1418 131.945 160.775 295.059
1419 114.984 172.085 295.059
1420 97.157 181.767 295.059
1421 78.623 189.814 295.059
1422 59.503 196.156 295.059
1423 39.928 200.732 295.059
1424 20.043 203.495 295.059
1425 0 204.42 295.059
1426 -20.043 203.495 295.059
1427 -39.928 200.732 295.059
1428 -59.503 196.156 295.059
1429 -78.623 189.814 295.059
1430 -97.157 181.767 295.059
1431 -114.984 172.085 295.059
1432 -131.945 160.775 295.059
1433 -147.551 147.551 295.059
1434 -161.069 132.186 295.059
1435 -172.653 115.363 295.059
1436 -182.575 97.58799999999999 295.059
1437 -190.825 79.042 295.059
1438 -197.33 59.859 295.059
1439 -202.025 40.185 295.059
1440 -204.861 20.177 295.059
1441 -205.81 0 295.059
1442 -204.861 -20.177 295.059
1443 -202.025 -40.185 295.059
1444 -197.33 -59.859 295.059
1445 -190.825 -79.042 295.059
1446 -182.575 -97.58799999999999 295.059
1447 -172.653 -115.363 295.059
1448 -161.069 -132.186 295.059
1449 -147.551 -147.551 295.059
1450 -131.945 -160.775 295.059
1451 -114.984 -172.085 295.059
1452 -97.157 -181.767 295.059
1453 -78.623 -189.814 295.059
1454 -59.503 -196.156 295.059
1455 -39.928 -200.732 295.059
1456 -20.043 -203.495 295.059
1457 0 -204.42 295.059
1458 20.043 -203.495 295.059
1459 39.928 -200.732 295.059
1460 59.503 -196.156 295.059
1461 78.623 -189.814 295.059
1462 97.157 -181.767 295.059
1463 114.984 -172.085 295.059
1464 131.945 -160.775 295.059
1465 147.551 -147.551 295.059
1466 161.069 -132.186 295.059
1467 172.653 -115.363 295.059
1468 182.575 -97.58799999999999 295.059
1469 190.825 -79.042 295.059
1470 197.33 -59.859 295.059
1471 202.025 -40.185 295.059
1472 204.861 -20.177 295.059
1473 223.111 0 298.186
1474 222.053 21.87 298.186
1475 218.888 43.54 298.186
1476 213.648 64.809 298.186
1477 206.385 85.488 298.186
1478 197.17 105.389 298.186
1479 186.088 124.34 298.186
1480 173.214 142.153 298.186
1481 158.527 158.527 298.186
1482 142.062 173.103 298.186
1483 124.196 185.873 298.186
1484 105.226 196.864 298.186
1485 85.32899999999999 206.003 298.186
1486 64.675 213.205 298.186
1487 43.442 218.399 298.186
1488 21.819 221.536 298.186
1489 0 222.585 298.186
1490 -21.819 221.536 298.186
1491 -43.442 218.399 298.186
1492 -64.675 213.205 298.186
1493 -85.32899999999999 206.003 298.186
1494 -105.226 196.864 298.186
1495 -124.196 185.873 298.186
1496 -142.062 173.103 298.186
1497 -158.527 158.527 298.186
1498 -173.214 142.153 298.186
1499 -186.088 124.34 298.186
1500 -197.17 105.389 298.186
1501 -206.385 85.488 298.186
1502 -213.648 64.809 298.186
1503 -218.888 43.54 298.186
1504 -222.053 21.87 298.186
1505 -223.111 0 298.186
1506 -222.053 -21.87 298.186
1507 -218.888 -43.54 298.186
1508 -213.648 -64.809 298.186
1509 -206.385 -85.488 298.186
1510 -197.17 -105.389 298.186
1511 -186.088 -124.34 298.186
1512 -173.214 -142.153 298.186
1513 -158.527 -158.527 298.186
1514 -142.062 -173.103 298.186
1515 -124.196 -185.873 298.186
1516 -105.226 -196.864 298.186
1517 -85.32899999999999 -206.003 298.186
1518 -64.675 -213.205 298.186
1519 -43.442 -218.399 298.186
1520 -21.819 -221.536 298.186
1521 0 -222.585 298.186
1522 21.819 -221.536 298.186
1523 43.442 -218.399 298.186
1524 64.675 -213.205 298.186
1525 85.32899999999999 -206.003 298.186
1526 105.226 -196.864 298.186
1527 124.196 -185.873 298.186
1528 142.062 -173.103 298.186
1529 158.527 -158.527 298.186
1530 173.214 -142.153 298.186
1531 186.088 -124.34 298.186
1532 197.17 -105.389 298.186
1533 206.385 -85.488 298.186
1534 213.648 -64.809 298.186
1535 218.888 -43.54 298.186
1536 222.053 -21.87 298.186
1537 238.625 0 300
1538 237.476 23.389 300
1539 234.04 46.553 300
1540 228.35 69.26900000000001 300
1541 220.461 91.318 300
1542 210.448 112.487 300
1543 198.409 132.573 300
1544 184.46 151.382 300
1545 168.733 168.733 300
1546 151.382 184.46 300
1547 132.573 198.409 300
1548 112.487 210.448 300
1549 91.318 220.461 300
1550 69.26900000000001 228.35 300
1551 46.553 234.04 300
1552 23.389 237.476 300
1553 0 238.625 300
1554 -23.389 237.476 300
1555 -46.553 234.04 300
1556 -69.26900000000001 228.35 300
1557 -91.318 220.461 300
1558 -112.487 210.448 300
1559 -132.573 198.409 300
1560 -151.382 184.46 300
1561 -168.733 168.733 300
1562 -184.46 151.382 300
1563 -198.409 132.573 300
1564 -210.448 112.487 300
1565 -220.461 91.318 300
1566 -228.35 69.26900000000001 300
1567 -234.04 46.553 300
1568 -237.476 23.389 300
1569 -238.625 0 300
1570 -237.476 -23.389 300
1571 -234.04 -46.553 300
1572 -228.35 -69.26900000000001 300
1573 -220.461 -91.318 300
1574 -210.448 -112.487 300
1575 -198.409 -132.573 300
1576 -184.46 -151.382 300
1577 -168.733 -168.733 300
1578 -151.382 -184.46 300
1579 -132.573 -198.409 300
1580 -112.487 -210.448 300
1581 -91.318 -220.461 300
1582 -69.26900000000001 -228.35 300
1583 -46.553 -234.04 300
1584 -23.389 -237.476 300
1585 0 -238.625 300
1586 23.389 -237.476 300
1587 46.553 -234.04 300
1588 69.26900000000001 -228.35 300
1589 91.318 -220.461 300
1590 112.487 -210.448 300
1591 132.573 -198.409 300
1592 151.382 -184.46 300
1593 168.733 -168.733 300
1594 184.46 -151.382 300
1595 198.409 -132.573 300
1596 210.448 -112.487 300
1597 220.461 -91.318 300
1598 228.35 -69.26900000000001 300
1599 234.04 -46.553 300
1600 237.476 -23.389 300
1601 108.666375740302 5.27353322402768 245.349159774862
1602 108.1548519089945 16.0668091651129 245.351478444406
1603 93.89746236390414 85.18259521868498 245.3797365367881
1604 -93.99750609730278 85.24989258503298 245.2684045148107
1605 -108.2060189926765 16.07071917791896 245.2964958559173
1606 -108.6831335809487 5.274000339047999 245.3310906060103
1607 -108.666375740302 -5.27353322402768 245.349159774862
1608 -108.1548519089945 -16.0668091651129 245.351478444406
1609 -93.89746236390414 -85.18259521868498 245.3797365367881
1610 93.99750609730278 -85.24989258503298 245.2684045148107
1611 108.2060189926765 -16.07071917791896 245.2964958559173
1612 108.6831335809487 -5.274000339047999 245.3310906060103
1613 125.5264709659259 6.114390996514743 259.308002184012
1614 124.7647925443111 18.35150293901711 259.293003352523
1615 123.3148124035476 30.62749940251512 259.2806271802277
1616 121.2099793641436 43.42751058563084 259.3445193412571
1617 104.624313642903 94.50846703112153 259.2678053704446
1618 29.16850019120499 116.2881021316481 259.2077566139903
1619 17.39990937022704 117.1364999571407 259.2361946762962
1620 5.688046746778152 117.5786103253647 259.2760719342548
1621 -5.68757577364871 117.5610925468755 259.3019731821275
1622 -17.39613705411376 117.0831565185883 259.3145477397476
1623 -29.15772778920294 116.1948709549205 259.3425088018115
1624 -104.7097333788573 94.57177083344224 259.1482336079687
1625 -121.3137812333946 43.44997872561474 259.2058560757338
1626 -123.3848354974383 30.63923251674977 259.1860730808007
1627 -124.804679237665 18.3555604130777 259.2388076996196
1628 -125.5393894402381 6.114831304587219 259.290393345982
1629 -125.5264709659259 -6.114390996514743 259.308002184012
1630 -124.7647925443111 -18.35150293901711 259.293003352523
1631 -123.3148124035476 -30.62749940251512 259.2806271802277
1632 -121.2099793641436 -43.42751058563084 259.3445193412571
1633 -104.624313642903 -94.50846703112153 259.2678053704446
1634 -29.16850019120499 -116.2881021316481 259.2077566139903
1635 -17.39990937022704 -117.1364999571407 259.2361946762962
1636 -5.688046746778152 -117.5786103253647 259.2760719342548
1637 5.68757577364871 -117.5610925468755 259.3019731821275
1638 17.39613705411376 -117.0831565185883 259.3145477397476
1639 29.15772778920294 -116.1948709549205 259.3425088018115
1640 104.7097333788573 -94.57177083344224 259.1482336079687
1641 121.3137812333946 -43.44997872561474 259.2058560757338
1642 123.3848354974383 -30.63923251674977 259.1860730808007
1643 124.804679237665 -18.3555604130777 259.2388076996196
1644 125.5393894402381 -6.114831304587218 259.2903933459819
1645 143.0533719712504 6.883149273249976 270.8286403391863
1646 141.9010469511011 20.93611334410639 270.7440965386874
1647 139.9277419943247 34.85947513797565 270.7352239688668
1648 137.0295277096848 48.75627233261131 270.7268904283216
1649 133.2456963453679 62.65892071006421 270.7183953546513
1650 129.0108097737362 78.34584657105736 271.3507227164827
1651 115.3433527963059 104.0988089736785 270.6996852448293
1652 47.29068639470867 132.0279164954507 270.6332338776627
1653 33.31020627890974 134.2127187772343 270.6167309813596
1654 19.94660814554835 135.7216857300167 270.6726100823154
1655 6.64366018142756 136.5079691740205 270.7275768822565
1656 -6.643276180253781 136.4967861487353 270.748532838742
1657 -19.94304196949075 135.6868977954226 270.7374344910323
1658 -33.29989419287121 134.1517864662979 270.7290687385017
1659 -47.27095386425093 131.9370324091838 270.7979446486561
1660 -61.1051228990554 128.9959940750038 270.8288493617551
1661 -115.4046903455104 104.1477873402084 270.5901355213565
1662 -129.2725612244918 78.80434014885012 271.3421287804666
1663 -133.3468909509667 62.69364727057594 270.54864413242
1664 -137.1005675174709 48.7754440094692 270.6061573119847
1665 -139.974728422724 34.86859212089276 270.6548771649868
1666 -141.9278531087641 20.93924513505772 270.6981315564641
1667 -143.0620490450405 6.883522595795952 270.8137609343489
1668 -143.0533719712504 -6.883149273249976 270.8286403391863
1669 -141.9010469511011 -20.93611334410639 270.7440965386874
1670 -139.9277419943247 -34.85947513797565 270.7352239688668
1671 -137.0295277096848 -48.75627233261131 270.7268904283216
1672 -133.2456963453679 -62.65892071006421 270.7183953546513
1673 -129.0108097737362 -78.34584657105736 271.3507227164827
1674 -115.3433527963059 -104.0988089736785 270.6996852448293
1675 -47.29068639470867 -132.0279164954507 270.6332338776627
1676 -33.31020627890974 -134.2127187772343 270.6167309813596
1677 -19.94660814554835 -135.7216857300167 270.6726100823154
1678 -6.64366018142756 -136.5079691740205 270.7275768822565
1679 6.643276180253781 -136.4967861487353 270.748532838742
1680 19.94304196949075 -135.6868977954226 270.7374344910323
1681 33.29989419287121 -134.1517864662979 270.7290687385017
1682 47.27095386425093 -131.9370324091838 270.7979446486561
1683 61.1051228990554 -128.9959940750038 270.8288493617551
1684 115.4046903455104 -104.1477873402084 270.5901355213565
1685 129.2725612244918 -78.80434014885012 271.3421287804666
1686 133.3468909509667 -62.69364727057594 270.54864413242
1687 137.1005675174709 -48.7754440094692 270.6061573119847
1688 139.974728422724 -34.86859212089276 270.6548771649868
1689 141.9278531087641 -20.93924513505772 270.6981315564641
1690 143.0620490450405 -6.883522595795952 270.8137609343489
1691 160.798116153734 7.796419335431048 280.0351181850583
1692 159.3636886441185 23.49259958833594 279.9585471731264
1693 156.8446831210488 39.03696967030571 279.9416567781466
1694 153.1250791760064 54.58883360742148 279.9384055682748
1695 148.2781418776633 69.86098139032811 279.9344970031942
1696 142.3225284678746 84.96512386634117 279.930447051289
1697 68.24428680919789 145.1505256356272 279.7478054772861
1698 53.12289865045143 149.3351633890466 279.8039026404895
1699 37.98777070035693 152.525165423875 279.8506640309859
1700 22.81557327842977 154.6870109870709 279.8918981987194
1701 7.496356425848132 155.9621062410207 279.998688255029
1702 -7.496056537107406 155.9554240250305 280.0145158030852
1703 -22.81303950329893 154.6659815594944 279.941653559914
1704 -37.98037740891572 152.4883222815906 279.9373859080689
1705 -53.10721943817888 149.279284332126 279.9341785459696
1706 -68.21545876135494 145.0703022232209 279.9315649268202
1707 -142.4084037245649 85.00641173928295 279.7456682393984
1708 -148.3408186677088 69.88548615139388 279.7982382281552
1709 -153.1690359796092 54.60214958813724 279.8424994201863
1710 -156.8738711971741 39.04339847599837 279.8780466670414
1711 -159.3803521970388 23.49479484287205 279.9222629693892
1712 -160.8034081810148 7.796663549052371 280.0236040812322
1713 -160.798116153734 -7.796419335431048 280.0351181850583
1714 -159.3636886441185 -23.49259958833594 279.9585471731264
1715 -156.8446831210488 -39.03696967030571 279.9416567781466
1716 -153.1250791760064 -54.58883360742148 279.9384055682748
1717 -148.2781418776633 -69.86098139032811 279.9344970031942
1718 -142.3225284678746 -84.96512386634117 279.930447051289
1719 -68.24428680919789 -145.1505256356272 279.7478054772861
1720 -53.12289865045143 -149.3351633890466 279.8039026404895
1721 -37.98777070035693 -152.525165423875 279.8506640309859
1722 -22.81557327842977 -154.6870109870709 279.8918981987194
1723 -7.496356425848132 -155.9621062410207 279.998688255029
1724 7.496056537107406 -155.9554240250305 280.0145158030852
1725 22.81303950329893 -154.6659815594944 279.941653559914
1726 37.98037740891572 -152.4883222815906 279.9373859080689
1727 53.10721943817888 -149.279284332126 279.9341785459696
1728 68.21545876135494 -145.0703022232209 279.9315649268202
1729 142.4084037245649 -85.00641173928295 279.7456682393984
1730 148.3408186677088 -69.88548615139388 279.7982382281552
1731 153.1690359796092 -54.60214958813724 279.8424994201863
1732 156.8738711971741 -39.04339847599837 279.8780466670414
1733 159.3803521970388 -23.49479484287205 279.9222629693892
1734 160.8034081810148 -7.796663549052371 280.0236040812322
1735 178.6661591584294 8.712620593264594 287.2856351959649
1736 177.0744772787008 26.06952303745348 287.2599997849027
1737 173.9291325063256 43.35545343673328 287.2153069785987
1738 169.4298577963257 60.30949802297589 287.2000518029033
1739 147.5397857106881 109.4780896616446 287.2354902432834
1740 137.031542077159 124.2227556634557 287.1945084033637
1741 123.9619602800739 136.7143192576643 287.090425273902
1742 76.03592762467542 161.3180589624864 287.0699249547381
1743 59.31973522089029 166.782333962178 287.0981555656443
1744 42.5700383816005 170.9316022548829 287.1388560755295
1745 25.62734264274839 173.742613029646 287.1745730440928
1746 8.511872736896072 175.3487622946017 287.2601273111339
1747 -8.511705087003476 175.3452532831354 287.2708177925302
1748 -25.62586287328507 173.7317267534324 287.2077471746758
1749 -42.56567180446802 170.9124513600341 287.1972029041511
1750 -59.31041540309645 166.7534057434003 287.1861915622509
1751 -76.01913215251585 161.2769727387627 287.1944675393637
1752 -123.9252110089147 136.6677965109444 287.2328938166435
1753 -137.0518705789594 124.2400963416766 287.1309605430228
1754 -147.5906137131186 109.5104373677983 287.0875956098351
1755 -169.4527687885648 60.31720427337522 287.1345794918582
1756 -173.9442905974994 43.35904919968907 287.1722645755816
1757 -177.0830094289175 26.07075862627778 287.235914443662
1758 -178.6689172808258 8.712753327063746 287.2778545330299
1759 -178.6661591584294 -8.712620593264594 287.2856351959649
1760 -177.0744772787008 -26.06952303745348 287.2599997849027
1761 -173.9291325063256 -43.35545343673328 287.2153069785987
1762 -169.4298577963257 -60.30949802297589 287.2000518029033
1763 -147.5397857106881 -109.4780896616446 287.2354902432834
1764 -137.031542077159 -124.2227556634557 287.1945084033637
1765 -123.9619602800739 -136.7143192576643 287.090425273902
1766 -76.03592762467542 -161.3180589624864 287.0699249547381
1767 -59.31973522089029 -166.782333962178 287.0981555656443
1768 -42.5700383816005 -170.9316022548829 287.1388560755295
1769 -25.62734264274839 -173.742613029646 287.1745730440928
1770 -8.511872736896072 -175.3487622946017 287.2601273111339
1771 8.511705087003476 -175.3452532831354 287.2708177925302
1772 25.62586287328507 -173.7317267534324 287.2077471746758
1773 42.56567180446802 -170.9124513600341 287.1972029041511
1774 59.31041540309645 -166.7534057434003 287.1861915622509
1775 76.01913215251585 -161.2769727387627 287.1944675393637
1776 123.9252110089147 -136.6677965109444 287.2328938166435
1777 137.0518705789594 -124.2400963416766 287.1309605430228
1778 147.5906137131186 -109.5104373677983 287.0875956098351
1779 169.4527687885648 -60.31720427337522 287.1345794918582
1780 173.9442905974994 -43.35904919968907 287.1722645755816
1781 177.0830094289175 -26.07075862627778 287.235914443662
1782 178.6689172808258 -8.712753327063746 287.2778545330299
1783 196.2440945590705 9.642219172154331 292.678508993772
1784 194.4750037369631 28.85221704308413 292.6836952094126
1785 190.9570471381479 47.84042600963729 292.689465987318
1786 185.7273886843929 66.4667667409673 292.6962525397726
1787 178.8406451353245 84.60358947300912 292.7047005400306
1788 170.3600965419341 102.1360009923527 292.7148151299934
1789 160.3018121420974 118.9201405429505 292.7212700351622
1790 148.432321040634 134.5458534381576 292.6957917482457
1791 134.385391730998 148.2359933721986 292.6307504672552
1792 118.4919768323606 159.7085864547894 292.6100679391938
1793 101.5648362596066 169.3922975883089 292.6225513261689
1794 65.80182928138721 184.2387554630983 292.6569912025183
1795 47.27625593774896 189.3291568809229 292.6846099550901
1796 28.46756536051769 192.8129053102528 292.7225174937141
1797 9.503108127002569 194.6643057027893 292.7707495976215
1798 -9.503028060770307 194.6626941376775 292.7773105560443
1799 -28.46683421573481 192.8079226338512 292.7428363599877
1800 -47.27413051569977 189.3204006937717 292.7205261329905
1801 -65.79738254850892 184.2256610783092 292.7111360456717
1802 -101.5512600628739 169.3673003915361 292.7273161700265
1803 -118.4716208521092 159.6780596836979 292.7387418662688
1804 -134.3682480385777 148.2157616371782 292.7197359217207
1805 -148.4413297292579 134.5537792079471 292.6559046524535
1806 -160.3240472771712 118.9354512369227 292.6291007597946
1807 -170.379546541751 102.1468579767794 292.6359853177219
1808 -178.8552095879571 84.610068322045 292.6466456636658
1809 -185.7377894954177 66.47029368022167 292.6554230025981
1810 -190.9640322195759 47.84209292827633 292.6623910270112
1811 -194.4790222945558 28.85278664670933 292.6682582473501
1812 -196.245408209854 9.642280958078576 292.6734860754272
1813 -196.2440945590705 -9.642219172154331 292.678508993772
1814 -194.4750037369631 -28.85221704308413 292.6836952094126
1815 -190.9570471381479 -47.84042600963729 292.689465987318
1816 -185.7273886843929 -66.4667667409673 292.6962525397726
1817 -178.8406451353245 -84.60358947300912 292.7047005400306
1818 -170.3600965419341 -102.1360009923527 292.7148151299934
1819 -160.3018121420974 -118.9201405429505 292.7212700351622
1820 -148.432321040634 -134.5458534381576 292.6957917482457
1821 -134.385391730998 -148.2359933721986 292.6307504672552
1822 -118.4919768323606 -159.7085864547894 292.6100679391938
1823 -101.5648362596066 -169.3922975883089 292.6225513261689
1824 -65.80182928138721 -184.2387554630983 292.6569912025183
1825 -47.27625593774896 -189.3291568809229 292.6846099550901
1826 -28.46756536051769 -192.8129053102528 292.7225174937141
1827 -9.503108127002569 -194.6643057027893 292.7707495976215
1828 9.503028060770307 -194.6626941376775 292.7773105560443
1829 28.46683421573481 -192.8079226338512 292.7428363599877
1830 47.27413051569977 -189.3204006937717 292.7205261329905
1831 65.79738254850892 -184.2256610783092 292.7111360456717
1832 101.5512600628739 -169.3673003915361 292.7273161700265
1833 118.4716208521092 -159.6780596836979 292.7387418662688
1834 134.3682480385777 -148.2157616371782 292.7197359217207
1835 148.4413297292579 -134.5537792079471 292.6559046524535
1836 160.3240472771712 -118.9354512369227 292.6291007597946
1837 170.379546541751 -102.1468579767794 292.6359853177219
1838 178.8552095879571 -84.610068322045 292.6466456636658
1839 185.7377894954177 -66.47029368022167 292.6554230025981
1840 190.9640322195759 -47.84209292827633 292.6623910270112
1841 194.4790222945558 -28.85278664670933 292.6682582473501
1842 196.2454082098539 -9.642280958078574 292.6734860754272
1843 213.9585357109273 10.51173963338642 296.6236856140866
1844 211.9560787193167 31.44290195646688 296.6262437304792
1845 207.9716003460572 52.09796676211104 296.6290036384889
1846 202.0453131311887 72.29890752801505 296.6322406656827
1847 194.2364305521737 91.87567599810463 296.6362555562504
1848 184.6184624838193 110.6682237478595 296.64110859981
1849 173.2525897455635 128.508035304799 296.6442276422045
1850 160.0888540406299 145.1029978651967 296.6319128411046
1851 145.0241226959094 159.9922449875239 296.6010264811751
1852 128.300325705808 172.9640026280317 296.5912087259244
1853 110.393167985875 184.1514233411017 296.5969750518101
1854 91.5851817858654 193.6151172166938 296.6037556122247
1855 72.03328229961633 201.2967434901799 296.6092073988648
1856 51.88736736226424 207.1245017718438 296.6137044433017
1857 31.30812696318896 211.0413751434602 296.6174129171224
1858 10.46551341221542 213.0092789715236 296.6208828764471
1859 -10.46548664310344 213.0087221790982 296.624113884452
1860 -31.30787467335486 211.0396361370584 296.6275551747524
1861 -51.88664076813096 207.1215314650991 296.6312006545838
1862 -72.03174364755029 201.2923309214807 296.6355772224322
1863 -91.58238450758313 193.6090271142775 296.6408194880428
1864 -110.3884825846322 184.1433365372097 296.6472449064112
1865 -128.2934444210664 172.9543752957535 296.652629969711
1866 -145.0185289284604 159.9859262868483 296.6434215914619
1867 -160.0916801847315 145.1055328339534 296.6129771048655
1868 -173.2596079168082 128.5131075518435 296.6001758494215
1869 -184.6246873893542 110.6718638936638 296.6034546692057
1870 -194.2411532526015 91.87786280703094 296.608506882198
1871 -202.0487296955033 72.30010751382756 296.6126406791931
1872 -207.9739190213064 52.09853800938669 296.6159436405047
1873 -211.957427756055 31.44309898928999 296.6187388521188
1874 -213.9589649405265 10.51176039812881 296.6213126442077
1875 -213.9585357109273 -10.51173963338642 296.6236856140866
1876 -211.9560787193167 -31.44290195646688 296.6262437304792
1877 -207.9716003460572 -52.09796676211104 296.6290036384889
1878 -202.0453131311887 -72.29890752801505 296.6322406656827
1879 -194.2364305521737 -91.87567599810463 296.6362555562504
1880 -184.6184624838193 -110.6682237478595 296.64110859981
1881 -173.2525897455635 -128.508035304799 296.6442276422045
1882 -160.0888540406299 -145.1029978651967 296.6319128411046
1883 -145.0241226959094 -159.9922449875239 296.6010264811751
1884 -128.300325705808 -172.9640026280317 296.5912087259244
1885 -110.393167985875 -184.1514233411017 296.5969750518101
1886 -91.5851817858654 -193.6151172166938 296.6037556122247
1887 -72.03328229961633 -201.2967434901799 296.6092073988648
1888 -51.88736736226424 -207.1245017718438 296.6137044433017
1889 -31.30812696318896 -211.0413751434602 296.6174129171224
1890 -10.46551341221542 -213.0092789715236 296.6208828764471
1891 10.46548664310344 -213.0087221790982 296.624113884452
1892 31.30787467335486 -211.0396361370584 296.6275551747524
1893 51.88664076813096 -207.1215314650991 296.6312006545838
1894 72.03174364755029 -201.2923309214807 296.6355772224322
1895 91.58238450758313 -193.6090271142775 296.6408194880428
1896 110.3884825846322 -184.1433365372097 296.6472449064112
1897 128.2934444210664 -172.9543752957535 296.652629969711
1898 145.0185289284604 -159.9859262868483 296.6434215914619
1899 160.0916801847315 -145.1055328339534 296.6129771048655
1900 173.2596079168082 -128.5131075518435 296.6001758494215
1901 184.6246873893542 -110.6718638936638 296.6034546692057
1902 194.2411532526015 -91.87786280703094 296.608506882198
1903 202.0487296955033 -72.30010751382756 296.6126406791931
1904 207.9739190213064 -52.09853800938669 296.6159436405047
1905 211.957427756055 -31.44309898928999 296.6187388521188
1906 213.9589649405265 -10.51176039812881 296.6213126442077
1907 230.3161947770373 11.31474728713566 299.0934722872339
1908 228.1140863219226 33.83797572103808 299.0944119552
1909 223.7312192335017 56.04267967241702 299.0954620016477
1910 217.2105851391306 77.72085156526833 299.0967272896387
1911 208.6154325777186 98.67023160757223 299.0982655809737
1912 198.0280200577058 118.6968124925182 299.1000549073255
1913 185.5419471395268 137.6114045881896 299.1011554957686
1914 171.2331747167506 155.1984551622579 299.0965166444016
1915 155.1766746223964 171.206494285191 299.0850168848749
1916 137.5541136068563 185.4624144979109 299.0812723160559
1917 118.6210977382512 197.899497273072 299.0833478122592
1918 98.59036087134734 208.4447629367374 299.0858423266296
1919 77.64794799406455 217.0053033744618 299.0879357913887
1920 55.98484537756247 223.4988807727081 299.0895794006688
1921 33.80078271566824 227.8629705546389 299.0910421865765
1922 11.30200355732199 230.0555724127102 299.0923606154373
1923 -11.30199645268778 230.0554277910483 299.0936384959124
1924 -33.80071756499564 227.8625313374735 299.0949495058589
1925 -55.98465604519275 223.4981249073108 299.0963953242319
1926 -77.64755635524808 217.0042087814508 299.0980090181465
1927 -98.58965025710026 208.4432605904879 299.1000479564241
1928 -118.6199269197326 197.8975438665793 299.1024538325295
1929 -137.5524293927554 185.4601434832846 299.1044363398196
1930 -155.1753485191582 171.2050312460046 299.1008471282092
1931 -171.2338303870142 155.1990494638103 299.0894563078752
1932 -185.5435825307387 137.6126174156667 299.0846974807741
1933 -198.0295031915271 118.6977014424372 299.085835282034
1934 -208.6165808308998 98.6707747347442 299.0876734620165
1935 -217.211421764902 77.72115090495315 299.0892422609489
1936 -223.7317838398882 56.04282109741875 299.0905247472309
1937 -228.1144147020463 33.83802443085093 299.0915836959432
1938 -230.3163053381632 11.31475271852364 299.0925272271625
1939 -230.3161947770373 -11.31474728713566 299.0934722872339
1940 -228.1140863219226 -33.83797572103808 299.0944119552
1941 -223.7312192335017 -56.04267967241702 299.0954620016477
1942 -217.2105851391306 -77.72085156526833 299.0967272896387
1943 -208.6154325777186 -98.67023160757223 299.0982655809737
1944 -198.0280200577058 -118.6968124925182 299.1000549073255
1945 -185.5419471395268 -137.6114045881896 299.1011554957686
1946 -171.2331747167506 -155.1984551622579 299.0965166444016
1947 -155.1766746223964 -171.206494285191 299.0850168848749
1948 -137.5541136068563 -185.4624144979109 299.0812723160559
1949 -118.6210977382512 -197.899497273072 299.0833478122592
1950 -98.59036087134734 -208.4447629367374 299.0858423266296
1951 -77.64794799406455 -217.0053033744618 299.0879357913887
1952 -55.98484537756247 -223.4988807727081 299.0895794006688
1953 -33.80078271566824 -227.8629705546389 299.0910421865765
1954 -11.30200355732199 -230.0555724127102 299.0923606154373
1955 11.30199645268778 -230.0554277910483 299.0936384959124
1956 33.80071756499564 -227.8625313374735 299.0949495058589
1957 55.98465604519275 -223.4981249073108 299.0963953242319
1958 77.64755635524808 -217.0042087814508 299.0980090181465
1959 98.58965025710026 -208.4432605904879 299.1000479564241
1960 118.6199269197326 -197.8975438665793 299.1024538325295
1961 137.5524293927554 -185.4601434832846 299.1044363398196
1962 155.1753485191582 -171.2050312460046 299.1008471282092
1963 171.2338303870142 -155.1990494638103 299.0894563078752
1964 185.5435825307387 -137.6126174156667 299.0846974807741
1965 198.0295031915271 -118.6977014424372 299.085835282034
1966 208.6165808308998 -98.6707747347442 299.0876734620165
1967 217.211421764902 -77.72115090495315 299.0892422609489
1968 223.7317838398882 -56.04282109741875 299.0905247472309
1969 228.1144147020463 -33.83802443085093 299.0915836959432
1970 230.3163053381631 -11.31475271852364 299.0925272271625
$EndNodes
$Elements
8548
1 15 2 0 1 1
2 15 2 0 2 2
3 15 2 0 3 3
4 15 2 0 4 4
5 15 2 0 5 5
6 15 2 0 6 6
7 15 2 0 7 7
8 15 2 0 8 8
9 15 2 0 9 9
10 15 2 0 10 10
11 15 2 0 11 11
12 15 2 0 12 12
13 15 2 0 13 13
14 15 2 0 14 14
15 15 2 0 15 15
16 15 2 0 16 16
17 15 2 0 17 17
18 15 2 0 18 18
19 15 2 0 19 19
20 15 2 0 20 20
21 15 2 0 21 21
22 15 2 0 22 22
23 15 2 0 23 23
24 15 2 0 24 24
25 15 2 0 25 25
26 15 2 0 26 26
27 15 2 0 27 27
28 15 2 0 28 28
29 15 2 0 29 29
30 15 2 0 30 30
31 15 2 0 31 31
32 15 2 0 32 32
33 15 2 0 33 33
34 15 2 0 34 34
35 15 2 0 35 35
36 15 2 0 36 36
37 15 2 0 37 37
38 15 2 0 38 38
39 15 2 0 39 39
40 15 2 0 40 40
41 15 2 0 41 41
42 15 2 0 42 42
43 15 2 0 43 43
44 15 2 0 44 44
45 15 2 0 45 45
46 15 2 0 46 46
47 15 2 0 47 47
48 15 2 0 48 48
49 15 2 0 49 49
50 15 2 0 50 50
51 15 2 0 51 51
52 15 2 0 52 52
53 15 2 0 53 53
54 15 2 0 54 54
55 15 2 0 55 55
56 15 2 0 56 56
57 15 2 0 57 57
58 15 2 0 58 58
59 15 2 0 59 59
60 15 2 0 60 60
61 15 2 0 61 61
62 15 2 0 62 62
63 15 2 0 63 63
64 15 2 0 64 64
65 15 2 0 65 65
66 15 2 0 66 66
67 15 2 0 67 67
68 15 2 0 68 68
69 15 2 0 69 69
70 15 2 0 70 70
71 15 2 0 71 71
72 15 2 0 72 72
73 15 2 0 73 73
74 15 2 0 74 74
75 15 2 0 75 75
76 15 2 0 76 76
77 15 2 0 77 77
78 15 2 0 78 78
79 15 2 0 79 79
80 15 2 0 80 80
81 15 2 0 81 81
82 15 2 0 82 82
83 15 2 0 83 83
84 15 2 0 84 84
85 15 2 0 85 85
86 15 2 0 86 86
87 15 2 0 87 87
88 15 2 0 88 88
89 15 2 0 89 89
90 15 2 0 90 90
91 15 2 0 91 91
92 15 2 0 92 92
93 15 2 0 93 93
94 15 2 0 94 94
95 15 2 0 95 95
96 15 2 0 96 96
97 15 2 0 97 97
98 15 2 0 98 98
99 15 2 0 99 99
100 15 2 0 100 100
101 15 2 0 101 101
102 15 2 0 102 102
103 15 2 0 103 103
104 15 2 0 104 104
105 15 2 0 105 105
106 15 2 0 106 106
107 15 2 0 107 107
108 15 2 0 108 108
109 15 2 0 109 109
110 15 2 0 110 110
111 15 2 0 111 111
112 15 2 0 112 112
113 15 2 0 113 113
114 15 2 0 114 114
115 15 2 0 115 115
116 15 2 0 116 116
117 15 2 0 117 117
118 15 2 0 118 118
119 15 2 0 119 119
120 15 2 0 120 120
121 15 2 0 121 121
122 15 2 0 122 122
123 15 2 0 123 123
124 15 2 0 124 124
125 15 2 0 125 125
126 15 2 0 126 126
127 15 2 0 127 127
128 15 2 0 128 128
129 15 2 0 129 129
130 15 2 0 130 130
131 15 2 0 131 131
132 15 2 0 132 132
133 15 2 0 133 133
134 15 2 0 134 134
135 15 2 0 135 135
136 15 2 0 136 136
137 15 2 0 137 137
138 15 2 0 138 138
139 15 2 0 139 139
140 15 2 0 140 140
141 15 2 0 141 141
142 15 2 0 142 142
143 15 2 0 143 143
144 15 2 0 144 144
145 15 2 0 145 145
146 15 2 0 146 146
147 15 2 0 147 147
148 15 2 0 148 148
149 15 2 0 149 149
150 15 2 0 150 150
151 15 2 0 151 151
152 15 2 0 152 152
153 15 2 0 153 153
154 15 2 0 154 154
155 15 2 0 155 155
156 15 2 0 156 156
157 15 2 0 157 157
158 15 2 0 158 158
159 15 2 0 159 159
160 15 2 0 160 160
161 15 2 0 161 161
162 15 2 0 162 162
163 15 2 0 163 163
164 15 2 0 164 164
165 15 2 0 165 165
166 15 2 0 166 166
167 15 2 0 167 167
168 15 2 0 168 168
169 15 2 0 169 169
170 15 2 0 170 170
171 15 2 0 171 171
172 15 2 0 172 172
173 15 2 0 173 173
174 15 2 0 174 174
175 15 2 0 175 175
176 15 2 0 176 176
177 15 2 0 177 177
178 15 2 0 178 178
179 15 2 0 179 179
180 15 2 0 180 180
181 15 2 0 181 181
182 15 2 0 182 182
183 15 2 0 183 183
184 15 2 0 184 184
185 15 2 0 185 185
186 15 2 0 186 186
187 15 2 0 187 187
188 15 2 0 188 188
189 15 2 0 189 189
190 15 2 0 190 190
191 15 2 0 191 191
192 15 2 0 192 192
193 15 2 0 193 193
194 15 2 0 194 194
195 15 2 0 195 195
196 15 2 0 196 196
197 15 2 0 197 197
198 15 2 0 198 198
199 15 2 0 199 199
200 15 2 0 200 200
201 15 2 0 201 201
202 15 2 0 202 202
203 15 2 0 203 203
204 15 2 0 204 204
205 15 2 0 205 205
206 15 2 0 206 206
207 15 2 0 207 207
208 15 2 0 208 208
209 15 2 0 209 209
210 15 2 0 210 210
211 15 2 0 211 211
212 15 2 0 212 212
213 15 2 0 213 213
214 15 2 0 214 214
215 15 2 0 215 215
216 15 2 0 216 216
217 15 2 0 217 217
218 15 2 0 218 218
219 15 2 0 219 219
220 15 2 0 220 220
221 15 2 0 221 221
222 15 2 0 222 222
223 15 2 0 223 223
224 15 2 0 224 224
225 15 2 0 225 225
226 15 2 0 226 226
227 15 2 0 227 227
228 15 2 0 228 228
229 15 2 0 229 229
230 15 2 0 230 230
231 15 2 0 231 231
232 15 2 0 232 232
233 15 2 0 233 233
234 15 2 0 234 234
235 15 2 0 235 235
236 15 2 0 236 236
237 15 2 0 237 237
238 15 2 0 238 238
239 15 2 0 239 239
240 15 2 0 240 240
241 15 2 0 241 241
242 15 2 0 242 242
243 15 2 0 243 243
244 15 2 0 244 244
245 15 2 0 245 245
246 15 2 0 246 246
247 15 2 0 247 247
248 15 2 0 248 248
249 15 2 0 249 249
250 15 2 0 250 250
251 15 2 0 251 251
252 15 2 0 252 252
253 15 2 0 253 253
254 15 2 0 254 254
255 15 2 0 255 255
256 15 2 0 256 256
257 15 2 0 257 257
258 15 2 0 258 258
259 15 2 0 259 259
260 15 2 0 260 260
261 15 2 0 261 261
262 15 2 0 262 262
263 15 2 0 263 263
264 15 2 0 264 264
265 15 2 0 265 265
266 15 2 0 266 266
267 15 2 0 267 267
268 15 2 0 268 268
269 15 2 0 269 269
270 15 2 0 270 270
271 15 2 0 271 271
272 15 2 0 272 272
273 15 2 0 273 273
274 15 2 0 274 274
275 15 2 0 275 275
276 15 2 0 276 276
277 15 2 0 277 277
278 15 2 0 278 278
279 15 2 0 279 279
280 15 2 0 280 280
281 15 2 0 281 281
282 15 2 0 282 282
283 15 2 0 283 283
284 15 2 0 284 284
285 15 2 0 285 285
286 15 2 0 286 286
287 15 2 0 287 287
288 15 2 0 288 288
289 15 2 0 289 289
290 15 2 0 290 290
291 15 2 0 291 291
292 15 2 0 292 292
293 15 2 0 293 293
294 15 2 0 294 294
295 15 2 0 295 295
296 15 2 0 296 296
297 15 2 0 297 297
298 15 2 0 298 298
299 15 2 0 299 299
300 15 2 0 300 300
301 15 2 0 301 301
302 15 2 0 302 302
303 15 2 0 303 303
304 15 2 0 304 304
305 15 2 0 305 305
306 15 2 0 306 306
307 15 2 0 307 307
308 15 2 0 308 308
309 15 2 0 309 309
310 15 2 0 310 310
311 15 2 0 311 311
312 15 2 0 312 312
313 15 2 0 313 313
314 15 2 0 314 314
315 15 2 0 315 315
316 15 2 0 316 316
317 15 2 0 317 317
318 15 2 0 318 318
319 15 2 0 319 319
320 15 2 0 320 320
321 15 2 0 321 321
322 15 2 0 322 322
323 15 2 0 323 323
324 15 2 0 324 324
325 15 2 0 325 325
326 15 2 0 326 326
327 15 2 0 327 327
328 15 2 0 328 328
329 15 2 0 329 329
330 15 2 0 330 330
331 15 2 0 331 331
332 15 2 0 332 332
333 15 2 0 333 333
334 15 2 0 334 334
335 15 2 0 335 335
336 15 2 0 336 336
337 15 2 0 337 337
338 15 2 0 338 338
339 15 2 0 339 339
340 15 2 0 340 340
341 15 2 0 341 341
342 15 2 0 342 342
343 15 2 0 343 343
344 15 2 0 344 344
345 15 2 0 345 345
346 15 2 0 346 346
347 15 2 0 347 347
348 15 2 0 348 348
349 15 2 0 349 349
350 15 2 0 350 350
351 15 2 0 351 351
352 15 2 0 352 352
353 15 2 0 353 353
354 15 2 0 354 354
355 15 2 0 355 355
356 15 2 0 356 356
357 15 2 0 357 357
358 15 2 0 358 358
359 15 2 0 359 359
360 15 2 0 360 360
361 15 2 0 361 361
362 15 2 0 362 362
363 15 2 0 363 363
364 15 2 0 364 364
365 15 2 0 365 365
366 15 2 0 366 366
367 15 2 0 367 367
368 15 2 0 368 368
369 15 2 0 369 369
370 15 2 0 370 370
371 15 2 0 371 371
372 15 2 0 372 372
373 15 2 0 373 373
374 15 2 0 374 374
375 15 2 0 375 375
376 15 2 0 376 376
377 15 2 0 377 377
378 15 2 0 378 378
379 15 2 0 379 379
380 15 2 0 380 380
381 15 2 0 381 381
382 15 2 0 382 382
383 15 2 0 383 383
384 15 2 0 384 384
385 15 2 0 385 385
386 15 2 0 386 386
387 15 2 0 387 387
388 15 2 0 388 388
389 15 2 0 389 389
390 15 2 0 390 390
391 15 2 0 391 391
392 15 2 0 392 392
393 15 2 0 393 393
394 15 2 0 394 394
395 15 2 0 395 395
396 15 2 0 396 396
397 15 2 0 397 397
398 15 2 0 398 398
399 15 2 0 399 399
400 15 2 0 400 400
401 15 2 0 401 401
402 15 2 0 402 402
403 15 2 0 403 403
404 15 2 0 404 404
405 15 2 0 405 405
406 15 2 0 406 406
407 15 2 0 407 407
408 15 2 0 408 408
409 15 2 0 409 409
410 15 2 0 410 410
411 15 2 0 411 411
412 15 2 0 412 412
413 15 2 0 413 413
414 15 2 0 414 414
415 15 2 0 415 415
416 15 2 0 416 416
417 15 2 0 417 417
418 15 2 0 418 418
419 15 2 0 419 419
420 15 2 0 420 420
421 15 2 0 421 421
422 15 2 0 422 422
423 15 2 0 423 423
424 15 2 0 424 424
425 15 2 0 425 425
426 15 2 0 426 426
427 15 2 0 427 427
428 15 2 0 428 428
429 15 2 0 429 429
430 15 2 0 430 430
431 15 2 0 431 431
432 15 2 0 432 432
433 15 2 0 433 433
434 15 2 0 434 434
435 15 2 0 435 435
436 15 2 0 436 436
437 15 2 0 437 437
438 15 2 0 438 438
439 15 2 0 439 439
440 15 2 0 440 440
441 15 2 0 441 441
442 15 2 0 442 442
443 15 2 0 443 443
444 15 2 0 444 444
445 15 2 0 445 445
446 15 2 0 446 446
447 15 2 0 447 447
448 15 2 0 448 448
449 15 2 0 449 449
450 15 2 0 450 450
451 15 2 0 451 451
452 15 2 0 452 452
453 15 2 0 453 453
454 15 2 0 454 454
455 15 2 0 455 455
456 15 2 0 456 456
457 15 2 0 457 457
458 15 2 0 458 458
459 15 2 0 459 459
460 15 2 0 460 460
461 15 2 0 461 461
462 15 2 0 462 462
463 15 2 0 463 463
464 15 2 0 464 464
465 15 2 0 465 465
466 15 2 0 466 466
467 15 2 0 467 467
468 15 2 0 468 468
469 15 2 0 469 469
470 15 2 0 470 470
471 15 2 0 471 471
472 15 2 0 472 472
473 15 2 0 473 473
474 15 2 0 474 474
475 15 2 0 475 475
476 15 2 0 476 476
477 15 2 0 477 477
478 15 2 0 478 478
479 15 2 0 479 479
480 15 2 0 480 480
481 15 2 0 481 481
482 15 2 0 482 482
483 15 2 0 483 483
484 15 2 0 484 484
485 15 2 0 485 485
486 15 2 0 486 486
487 15 2 0 487 487
488 15 2 0 488 488
489 15 2 0 489 489
490 15 2 0 490 490
491 15 2 0 491 491
492 15 2 0 492 492
493 15 2 0 493 493
494 15 2 0 494 494
495 15 2 0 495 495
496 15 2 0 496 496
497 15 2 0 497 497
498 15 2 0 498 498
499 15 2 0 499 499
500 15 2 0 500 500
501 15 2 0 501 501
502 15 2 0 502 502
503 15 2 0 503 503
504 15 2 0 504 504
505 15 2 0 505 505
506 15 2 0 506 506
507 15 2 0 507 507
508 15 2 0 508 508
509 15 2 0 509 509
510 15 2 0 510 510
511 15 2 0 511 511
512 15 2 0 512 512
513 15 2 0 513 513
514 15 2 0 514 514
515 15 2 0 515 515
516 15 2 0 516 516
517 15 2 0 517 517
518 15 2 0 518 518
519 15 2 0 519 519
520 15 2 0 520 520
521 15 2 0 521 521
522 15 2 0 522 522
523 15 2 0 523 523
524 15 2 0 524 524
525 15 2 0 525 525
526 15 2 0 526 526
527 15 2 0 527 527
528 15 2 0 528 528
529 15 2 0 529 529
530 15 2 0 530 530
531 15 2 0 531 531
532 15 2 0 532 532
533 15 2 0 533 533
534 15 2 0 534 534
535 15 2 0 535 535
536 15 2 0 536 536
537 15 2 0 537 537
538 15 2 0 538 538
539 15 2 0 539 539
540 15 2 0 540 540
541 15 2 0 541 541
542 15 2 0 542 542
543 15 2 0 543 543
544 15 2 0 544 544
545 15 2 0 545 545
546 15 2 0 546 546
547 15 2 0 547 547
548 15 2 0 548 548
549 15 2 0 549 549
550 15 2 0 550 550
551 15 2 0 551 551
552 15 2 0 552 552
553 15 2 0 553 553
554 15 2 0 554 554
555 15 2 0 555 555
556 15 2 0 556 556
557 15 2 0 557 557
558 15 2 0 558 558
559 15 2 0 559 559
560 15 2 0 560 560
561 15 2 0 561 561
562 15 2 0 562 562
563 15 2 0 563 563
564 15 2 0 564 564
565 15 2 0 565 565
566 15 2 0 566 566
567 15 2 0 567 567
568 15 2 0 568 568
569 15 2 0 569 569
570 15 2 0 570 570
571 15 2 0 571 571
572 15 2 0 572 572
573 15 2 0 573 573
574 15 2 0 574 574
575 15 2 0 575 575
576 15 2 0 576 576
577 15 2 0 577 577
578 15 2 0 578 578
579 15 2 0 579 579
580 15 2 0 580 580
581 15 2 0 581 581
582 15 2 0 582 582
583 15 2 0 583 583
584 15 2 0 584 584
585 15 2 0 585 585
586 15 2 0 586 586
587 15 2 0 587 587
588 15 2 0 588 588
589 15 2 0 589 589
590 15 2 0 590 590
591 15 2 0 591 591
592 15 2 0 592 592
593 15 2 0 593 593
594 15 2 0 594 594
595 15 2 0 595 595
596 15 2 0 596 596
597 15 2 0 597 597
598 15 2 0 598 598
599 15 2 0 599 599
600 15 2 0 600 600
601 15 2 0 601 601
602 15 2 0 602 602
603 15 2 0 603 603
604 15 2 0 604 604
605 15 2 0 605 605
606 15 2 0 606 606
607 15 2 0 607 607
608 15 2 0 608 608
609 15 2 0 609 609
610 15 2 0 610 610
611 15 2 0 611 611
612 15 2 0 612 612
613 15 2 0 613 613
614 15 2 0 614 614
615 15 2 0 615 615
616 15 2 0 616 616
617 15 2 0 617 617
618 15 2 0 618 618
619 15 2 0 619 619
620 15 2 0 620 620
621 15 2 0 621 621
622 15 2 0 622 622
623 15 2 0 623 623
624 15 2 0 624 624
625 15 2 0 625 625
626 15 2 0 626 626
627 15 2 0 627 627
628 15 2 0 628 628
629 15 2 0 629 629
630 15 2 0 630 630
631 15 2 0 631 631
632 15 2 0 632 632
633 15 2 0 633 633
634 15 2 0 634 634
635 15 2 0 635 635
636 15 2 0 636 636
637 15 2 0 637 637
638 15 2 0 638 638
639 15 2 0 639 639
640 15 2 0 640 640
641 15 2 0 641 641
642 15 2 0 642 642
643 15 2 0 643 643
644 15 2 0 644 644
645 15 2 0 645 645
646 15 2 0 646 646
647 15 2 0 647 647
648 15 2 0 648 648
649 15 2 0 649 649
650 15 2 0 650 650
651 15 2 0 651 651
652 15 2 0 652 652
653 15 2 0 653 653
654 15 2 0 654 654
655 15 2 0 655 655
656 15 2 0 656 656
657 15 2 0 657 657
658 15 2 0 658 658
659 15 2 0 659 659
660 15 2 0 660 660
661 15 2 0 661 661
662 15 2 0 662 662
663 15 2 0 663 663
664 15 2 0 664 664
665 15 2 0 665 665
666 15 2 0 666 666
667 15 2 0 667 667
668 15 2 0 668 668
669 15 2 0 669 669
670 15 2 0 670 670
671 15 2 0 671 671
672 15 2 0 672 672
673 15 2 0 673 673
674 15 2 0 674 674
675 15 2 0 675 675
676 15 2 0 676 676
677 15 2 0 677 677
678 15 2 0 678 678
679 15 2 0 679 679
680 15 2 0 680 680
681 15 2 0 681 681
682 15 2 0 682 682
683 15 2 0 683 683
684 15 2 0 684 684
685 15 2 0 685 685
686 15 2 0 686 686
687 15 2 0 687 687
688 15 2 0 688 688
689 15 2 0 689 689
690 15 2 0 690 690
691 15 2 0 691 691
692 15 2 0 692 692
693 15 2 0 693 693
694 15 2 0 694 694
695 15 2 0 695 695
696 15 2 0 696 696
697 15 2 0 697 697
698 15 2 0 698 698
699 15 2 0 699 699
700 15 2 0 700 700
701 15 2 0 701 701
702 15 2 0 702 702
703 15 2 0 703 703
704 15 2 0 704 704
705 15 2 0 705 705
706 15 2 0 706 706
707 15 2 0 707 707
708 15 2 0 708 708
709 15 2 0 709 709
710 15 2 0 710 710
711 15 2 0 711 711
712 15 2 0 712 712
713 15 2 0 713 713
714 15 2 0 714 714
715 15 2 0 715 715
716 15 2 0 716 716
717 15 2 0 717 717
718 15 2 0 718 718
719 15 2 0 719 719
720 15 2 0 720 720
721 15 2 0 721 721
722 15 2 0 722 722
723 15 2 0 723 723
724 15 2 0 724 724
725 15 2 0 725 725
726 15 2 0 726 726
727 15 2 0 727 727
728 15 2 0 728 728
729 15 2 0 729 729
730 15 2 0 730 730
731 15 2 0 731 731
732 15 2 0 732 732
733 15 2 0 733 733
734 15 2 0 734 734
735 15 2 0 735 735
736 15 2 0 736 736
737 15 2 0 737 737
738 15 2 0 738 738
739 15 2 0 739 739
740 15 2 0 740 740
741 15 2 0 741 741
742 15 2 0 742 742
743 15 2 0 743 743
744 15 2 0 744 744
745 15 2 0 745 745
746 15 2 0 746 746
747 15 2 0 747 747
748 15 2 0 748 748
749 15 2 0 749 749
750 15 2 0 750 750
751 15 2 0 751 751
752 15 2 0 752 752
753 15 2 0 753 753
754 15 2 0 754 754
755 15 2 0 755 755
756 15 2 0 756 756
757 15 2 0 757 757
758 15 2 0 758 758
759 15 2 0 759 759
760 15 2 0 760 760
761 15 2 0 761 761
762 15 2 0 762 762
763 15 2 0 763 763
764 15 2 0 764 764
765 15 2 0 765 765
766 15 2 0 766 766
767 15 2 0 767 767
768 15 2 0 768 768
769 15 2 0 769 769
770 15 2 0 770 770
771 15 2 0 771 771
772 15 2 0 772 772
773 15 2 0 773 773
774 15 2 0 774 774
775 15 2 0 775 775
776 15 2 0 776 776
777 15 2 0 777 777
778 15 2 0 778 778
779 15 2 0 779 779
780 15 2 0 780 780
781 15 2 0 781 781
782 15 2 0 782 782
783 15 2 0 783 783
784 15 2 0 784 784
785 15 2 0 785 785
786 15 2 0 786 786
787 15 2 0 787 787
788 15 2 0 788 788
789 15 2 0 789 789
790 15 2 0 790 790
791 15 2 0 791 791
792 15 2 0 792 792
793 15 2 0 793 793
794 15 2 0 794 794
795 15 2 0 795 795
796 15 2 0 796 796
797 15 2 0 797 797
798 15 2 0 798 798
799 15 2 0 799 799
800 15 2 0 800 800
801 15 2 0 801 801
802 15 2 0 802 802
803 15 2 0 803 803
804 15 2 0 804 804
805 15 2 0 805 805
806 15 2 0 806 806
807 15 2 0 807 807
808 15 2 0 808 808
809 15 2 0 809 809
810 15 2 0 810 810
811 15 2 0 811 811
812 15 2 0 812 812
813 15 2 0 813 813
814 15 2 0 814 814
815 15 2 0 815 815
816 15 2 0 816 816
817 15 2 0 817 817
818 15 2 0 818 818
819 15 2 0 819 819
820 15 2 0 820 820
821 15 2 0 821 821
822 15 2 0 822 822
823 15 2 0 823 823
824 15 2 0 824 824
825 15 2 0 825 825
826 15 2 0 826 826
827 15 2 0 827 827
828 15 2 0 828 828
829 15 2 0 829 829
830 15 2 0 830 830
831 15 2 0 831 831
832 15 2 0 832 832
833 15 2 0 833 833
834 15 2 0 834 834
835 15 2 0 835 835
836 15 2 0 836 836
837 15 2 0 837 837
838 15 2 0 838 838
839 15 2 0 839 839
840 15 2 0 840 840
841 15 2 0 841 841
842 15 2 0 842 842
843 15 2 0 843 843
844 15 2 0 844 844
845 15 2 0 845 845
846 15 2 0 846 846
847 15 2 0 847 847
848 15 2 0 848 848
849 15 2 0 849 849
850 15 2 0 850 850
851 15 2 0 851 851
852 15 2 0 852 852
853 15 2 0 853 853
854 15 2 0 854 854
855 15 2 0 855 855
856 15 2 0 856 856
857 15 2 0 857 857
858 15 2 0 858 858
859 15 2 0 859 859
860 15 2 0 860 860
861 15 2 0 861 861
862 15 2 0 862 862
863 15 2 0 863 863
864 15 2 0 864 864
865 15 2 0 865 865
866 15 2 0 866 866
867 15 2 0 867 867
868 15 2 0 868 868
869 15 2 0 869 869
870 15 2 0 870 870
871 15 2 0 871 871
872 15 2 0 872 872
873 15 2 0 873 873
874 15 2 0 874 874
875 15 2 0 875 875
876 15 2 0 876 876
877 15 2 0 877 877
878 15 2 0 878 878
879 15 2 0 879 879
880 15 2 0 880 880
881 15 2 0 881 881
882 15 2 0 882 882
883 15 2 0 883 883
884 15 2 0 884 884
885 15 2 0 885 885
886 15 2 0 886 886
887 15 2 0 887 887
888 15 2 0 888 888
889 15 2 0 889 889
890 15 2 0 890 890
891 15 2 0 891 891
892 15 2 0 892 892
893 15 2 0 893 893
894 15 2 0 894 894
895 15 2 0 895 895
896 15 2 0 896 896
897 15 2 0 897 897
898 15 2 0 898 898
899 15 2 0 899 899
900 15 2 0 900 900
901 15 2 0 901 901
902 15 2 0 902 902
903 15 2 0 903 903
904 15 2 0 904 904
905 15 2 0 905 905
906 15 2 0 906 906
907 15 2 0 907 907
908 15 2 0 908 908
909 15 2 0 909 909
910 15 2 0 910 910
911 15 2 0 911 911
912 15 2 0 912 912
913 15 2 0 913 913
914 15 2 0 914 914
915 15 2 0 915 915
916 15 2 0 916 916
917 15 2 0 917 917
918 15 2 0 918 918
919 15 2 0 919 919
920 15 2 0 920 920
921 15 2 0 921 921
922 15 2 0 922 922
923 15 2 0 923 923
924 15 2 0 924 924
925 15 2 0 925 925
926 15 2 0 926 926
927 15 2 0 927 927
928 15 2 0 928 928
929 15 2 0 929 929
930 15 2 0 930 930
931 15 2 0 931 931
932 15 2 0 932 932
933 15 2 0 933 933
934 15 2 0 934 934
935 15 2 0 935 935
936 15 2 0 936 936
937 15 2 0 937 937
938 15 2 0 938 938
939 15 2 0 939 939
940 15 2 0 940 940
941 15 2 0 941 941
942 15 2 0 942 942
943 15 2 0 943 943
944 15 2 0 944 944
945 15 2 0 945 945
946 15 2 0 946 946
947 15 2 0 947 947
948 15 2 0 948 948
949 15 2 0 949 949
950 15 2 0 950 950
951 15 2 0 951 951
952 15 2 0 952 952
953 15 2 0 953 953
954 15 2 0 954 954
955 15 2 0 955 955
956 15 2 0 956 956
957 15 2 0 957 957
958 15 2 0 958 958
959 15 2 0 959 959
960 15 2 0 960 960
961 15 2 0 961 961
962 15 2 0 962 962
963 15 2 0 963 963
964 15 2 0 964 964
965 15 2 0 965 965
966 15 2 0 966 966
967 15 2 0 967 967
968 15 2 0 968 968
969 15 2 0 969 969
970 15 2 0 970 970
971 15 2 0 971 971
972 15 2 0 972 972
973 15 2 0 973 973
974 15 2 0 974 974
975 15 2 0 975 975
976 15 2 0 976 976
977 15 2 0 977 977
978 15 2 0 978 978
979 15 2 0 979 979
980 15 2 0 980 980
981 15 2 0 981 981
982 15 2 0 982 982
983 15 2 0 983 983
984 15 2 0 984 984
985 15 2 0 985 985
986 15 2 0 986 986
987 15 2 0 987 987
988 15 2 0 988 988
989 15 2 0 989 989
990 15 2 0 990 990
991 15 2 0 991 991
992 15 2 0 992 992
993 15 2 0 993 993
994 15 2 0 994 994
995 15 2 0 995 995
996 15 2 0 996 996
997 15 2 0 997 997
998 15 2 0 998 998
999 15 2 0 999 999
1000 15 2 0 1000 1000
1001 15 2 0 1001 1001
1002 15 2 0 1002 1002
1003 15 2 0 1003 1003
1004 15 2 0 1004 1004
1005 15 2 0 1005 1005
1006 15 2 0 1006 1006
1007 15 2 0 1007 1007
1008 15 2 0 1008 1008
1009 15 2 0 1009 1009
1010 15 2 0 1010 1010
1011 15 2 0 1011 1011
1012 15 2 0 1012 1012
1013 15 2 0 1013 1013
1014 15 2 0 1014 1014
1015 15 2 0 1015 1015
1016 15 2 0 1016 1016
1017 15 2 0 1017 1017
1018 15 2 0 1018 1018
1019 15 2 0 1019 1019
1020 15 2 0 1020 1020
1021 15 2 0 1021 1021
1022 15 2 0 1022 1022
1023 15 2 0 1023 1023
1024 15 2 0 1024 1024
1025 15 2 0 1025 1025
1026 15 2 0 1026 1026
1027 15 2 0 1027 1027
1028 15 2 0 1028 1028
1029 15 2 0 1029 1029
1030 15 2 0 1030 1030
1031 15 2 0 1031 1031
1032 15 2 0 1032 1032
1033 15 2 0 1033 1033
1034 15 2 0 1034 1034
1035 15 2 0 1035 1035
1036 15 2 0 1036 1036
1037 15 2 0 1037 1037
1038 15 2 0 1038 1038
1039 15 2 0 1039 1039
1040 15 2 0 1040 1040
1041 15 2 0 1041 1041
1042 15 2 0 1042 1042
1043 15 2 0 1043 1043
1044 15 2 0 1044 1044
1045 15 2 0 1045 1045
1046 15 2 0 1046 1046
1047 15 2 0 1047 1047
1048 15 2 0 1048 1048
1049 15 2 0 1049 1049
1050 15 2 0 1050 1050
1051 15 2 0 1051 1051
1052 15 2 0 1052 1052
1053 15 2 0 1053 1053
1054 15 2 0 1054 1054
1055 15 2 0 1055 1055
1056 15 2 0 1056 1056
1057 15 2 0 1057 1057
1058 15 2 0 1058 1058
1059 15 2 0 1059 1059
1060 15 2 0 1060 1060
1061 15 2 0 1061 1061
1062 15 2 0 1062 1062
1063 15 2 0 1063 1063
1064 15 2 0 1064 1064
1065 15 2 0 1065 1065
1066 15 2 0 1066 1066
1067 15 2 0 1067 1067
1068 15 2 0 1068 1068
1069 15 2 0 1069 1069
1070 15 2 0 1070 1070
1071 15 2 0 1071 1071
1072 15 2 0 1072 1072
1073 15 2 0 1073 1073
1074 15 2 0 1074 1074
1075 15 2 0 1075 1075
1076 15 2 0 1076 1076
1077 15 2 0 1077 1077
1078 15 2 0 1078 1078
1079 15 2 0 1079 1079
1080 15 2 0 1080 1080
1081 15 2 0 1081 1081
1082 15 2 0 1082 1082
1083 15 2 0 1083 1083
1084 15 2 0 1084 1084
1085 15 2 0 1085 1085
1086 15 2 0 1086 1086
1087 15 2 0 1087 1087
1088 15 2 0 1088 1088
1089 15 2 0 1089 1089
1090 15 2 0 1090 1090
1091 15 2 0 1091 1091
1092 15 2 0 1092 1092
1093 15 2 0 1093 1093
1094 15 2 0 1094 1094
1095 15 2 0 1095 1095
1096 15 2 0 1096 1096
1097 15 2 0 1097 1097
1098 15 2 0 1098 1098
1099 15 2 0 1099 1099
1100 15 2 0 1100 1100
1101 15 2 0 1101 1101
1102 15 2 0 1102 1102
1103 15 2 0 1103 1103
1104 15 2 0 1104 1104
1105 15 2 0 1105 1105
1106 15 2 0 1106 1106
1107 15 2 0 1107 1107
1108 15 2 0 1108 1108
1109 15 2 0 1109 1109
1110 15 2 0 1110 1110
1111 15 2 0 1111 1111
1112 15 2 0 1112 1112
1113 15 2 0 1113 1113
1114 15 2 0 1114 1114
1115 15 2 0 1115 1115
1116 15 2 0 1116 1116
1117 15 2 0 1117 1117
1118 15 2 0 1118 1118
1119 15 2 0 1119 1119
1120 15 2 0 1120 1120
1121 15 2 0 1121 1121
1122 15 2 0 1122 1122
1123 15 2 0 1123 1123
1124 15 2 0 1124 1124
1125 15 2 0 1125 1125
1126 15 2 0 1126 1126
1127 15 2 0 1127 1127
1128 15 2 0 1128 1128
1129 15 2 0 1129 1129
1130 15 2 0 1130 1130
1131 15 2 0 1131 1131
1132 15 2 0 1132 1132
1133 15 2 0 1133 1133
1134 15 2 0 1134 1134
1135 15 2 0 1135 1135
1136 15 2 0 1136 1136
1137 15 2 0 1137 1137
1138 15 2 0 1138 1138
1139 15 2 0 1139 1139
1140 15 2 0 1140 1140
1141 15 2 0 1141 1141
1142 15 2 0 1142 1142
1143 15 2 0 1143 1143
1144 15 2 0 1144 1144
1145 15 2 0 1145 1145
1146 15 2 0 1146 1146
1147 15 2 0 1147 1147
1148 15 2 0 1148 1148
1149 15 2 0 1149 1149
1150 15 2 0 1150 1150
1151 15 2 0 1151 1151
1152 15 2 0 1152 1152
1153 15 2 0 1153 1153
1154 15 2 0 1154 1154
1155 15 2 0 1155 1155
1156 15 2 0 1156 1156
1157 15 2 0 1157 1157
1158 15 2 0 1158 1158
1159 15 2 0 1159 1159
1160 15 2 0 1160 1160
1161 15 2 0 1161 1161
1162 15 2 0 1162 1162
1163 15 2 0 1163 1163
1164 15 2 0 1164 1164
1165 15 2 0 1165 1165
1166 15 2 0 1166 1166
1167 15 2 0 1167 1167
1168 15 2 0 1168 1168
1169 15 2 0 1169 1169
1170 15 2 0 1170 1170
1171 15 2 0 1171 1171
1172 15 2 0 1172 1172
1173 15 2 0 1173 1173
1174 15 2 0 1174 1174
1175 15 2 0 1175 1175
1176 15 2 0 1176 1176
1177 15 2 0 1177 1177
1178 15 2 0 1178 1178
1179 15 2 0 1179 1179
1180 15 2 0 1180 1180
1181 15 2 0 1181 1181
1182 15 2 0 1182 1182
1183 15 2 0 1183 1183
1184 15 2 0 1184 1184
1185 15 2 0 1185 1185
1186 15 2 0 1186 1186
1187 15 2 0 1187 1187
1188 15 2 0 1188 1188
1189 15 2 0 1189 1189
1190 15 2 0 1190 1190
1191 15 2 0 1191 1191
1192 15 2 0 1192 1192
1193 15 2 0 1193 1193
1194 15 2 0 1194 1194
1195 15 2 0 1195 1195
1196 15 2 0 1196 1196
1197 15 2 0 1197 1197
1198 15 2 0 1198 1198
1199 15 2 0 1199 1199
1200 15 2 0 1200 1200
1201 15 2 0 1201 1201
1202 15 2 0 1202 1202
1203 15 2 0 1203 1203
1204 15 2 0 1204 1204
1205 15 2 0 1205 1205
1206 15 2 0 1206 1206
1207 15 2 0 1207 1207
1208 15 2 0 1208 1208
1209 15 2 0 1209 1209
1210 15 2 0 1210 1210
1211 15 2 0 1211 1211
1212 15 2 0 1212 1212
1213 15 2 0 1213 1213
1214 15 2 0 1214 1214
1215 15 2 0 1215 1215
1216 15 2 0 1216 1216
1217 15 2 0 1217 1217
1218 15 2 0 1218 1218
1219 15 2 0 1219 1219
1220 15 2 0 1220 1220
1221 15 2 0 1221 1221
1222 15 2 0 1222 1222
1223 15 2 0 1223 1223
1224 15 2 0 1224 1224
1225 15 2 0 1225 1225
1226 15 2 0 1226 1226
1227 15 2 0 1227 1227
1228 15 2 0 1228 1228
1229 15 2 0 1229 1229
1230 15 2 0 1230 1230
1231 15 2 0 1231 1231
1232 15 2 0 1232 1232
1233 15 2 0 1233 1233
1234 15 2 0 1234 1234
1235 15 2 0 1235 1235
1236 15 2 0 1236 1236
1237 15 2 0 1237 1237
1238 15 2 0 1238 1238
1239 15 2 0 1239 1239
1240 15 2 0 1240 1240
1241 15 2 0 1241 1241
1242 15 2 0 1242 1242
1243 15 2 0 1243 1243
1244 15 2 0 1244 1244
1245 15 2 0 1245 1245
1246 15 2 0 1246 1246
1247 15 2 0 1247 1247
1248 15 2 0 1248 1248
1249 15 2 0 1249 1249
1250 15 2 0 1250 1250
1251 15 2 0 1251 1251
1252 15 2 0 1252 1252
1253 15 2 0 1253 1253
1254 15 2 0 1254 1254
1255 15 2 0 1255 1255
1256 15 2 0 1256 1256
1257 15 2 0 1257 1257
1258 15 2 0 1258 1258
1259 15 2 0 1259 1259
1260 15 2 0 1260 1260
1261 15 2 0 1261 1261
1262 15 2 0 1262 1262
1263 15 2 0 1263 1263
1264 15 2 0 1264 1264
1265 15 2 0 1265 1265
1266 15 2 0 1266 1266
1267 15 2 0 1267 1267
1268 15 2 0 1268 1268
1269 15 2 0 1269 1269
1270 15 2 0 1270 1270
1271 15 2 0 1271 1271
1272 15 2 0 1272 1272
1273 15 2 0 1273 1273
1274 15 2 0 1274 1274
1275 15 2 0 1275 1275
1276 15 2 0 1276 1276
1277 15 2 0 1277 1277
1278 15 2 0 1278 1278
1279 15 2 0 1279 1279
1280 15 2 0 1280 1280
1281 15 2 0 1281 1281
1282 15 2 0 1282 1282
1283 15 2 0 1283 1283
1284 15 2 0 1284 1284
1285 15 2 0 1285 1285
1286 15 2 0 1286 1286
1287 15 2 0 1287 1287
1288 15 2 0 1288 1288
1289 15 2 0 1289 1289
1290 15 2 0 1290 1290
1291 15 2 0 1291 1291
1292 15 2 0 1292 1292
1293 15 2 0 1293 1293
1294 15 2 0 1294 1294
1295 15 2 0 1295 1295
1296 15 2 0 1296 1296
1297 15 2 0 1297 1297
1298 15 2 0 1298 1298
1299 15 2 0 1299 1299
1300 15 2 0 1300 1300
1301 15 2 0 1301 1301
1302 15 2 0 1302 1302
1303 15 2 0 1303 1303
1304 15 2 0 1304 1304
1305 15 2 0 1305 1305
1306 15 2 0 1306 1306
1307 15 2 0 1307 1307
1308 15 2 0 1308 1308
1309 15 2 0 1309 1309
1310 15 2 0 1310 1310
1311 15 2 0 1311 1311
1312 15 2 0 1312 1312
1313 15 2 0 1313 1313
1314 15 2 0 1314 1314
1315 15 2 0 1315 1315
1316 15 2 0 1316 1316
1317 15 2 0 1317 1317
1318 15 2 0 1318 1318
1319 15 2 0 1319 1319
1320 15 2 0 1320 1320
1321 15 2 0 1321 1321
1322 15 2 0 1322 1322
1323 15 2 0 1323 1323
1324 15 2 0 1324 1324
1325 15 2 0 1325 1325
1326 15 2 0 1326 1326
1327 15 2 0 1327 1327
1328 15 2 0 1328 1328
1329 15 2 0 1329 1329
1330 15 2 0 1330 1330
1331 15 2 0 1331 1331
1332 15 2 0 1332 1332
1333 15 2 0 1333 1333
1334 15 2 0 1334 1334
1335 15 2 0 1335 1335
1336 15 2 0 1336 1336
1337 15 2 0 1337 1337
1338 15 2 0 1338 1338
1339 15 2 0 1339 1339
1340 15 2 0 1340 1340
1341 15 2 0 1341 1341
1342 15 2 0 1342 1342
1343 15 2 0 1343 1343
1344 15 2 0 1344 1344
1345 15 2 0 1345 1345
1346 15 2 0 1346 1346
1347 15 2 0 1347 1347
1348 15 2 0 1348 1348
1349 15 2 0 1349 1349
1350 15 2 0 1350 1350
1351 15 2 0 1351 1351
1352 15 2 0 1352 1352
1353 15 2 0 1353 1353
1354 15 2 0 1354 1354
1355 15 2 0 1355 1355
1356 15 2 0 1356 1356
1357 15 2 0 1357 1357
1358 15 2 0 1358 1358
1359 15 2 0 1359 1359
1360 15 2 0 1360 1360
1361 15 2 0 1361 1361
1362 15 2 0 1362 1362
1363 15 2 0 1363 1363
1364 15 2 0 1364 1364
1365 15 2 0 1365 1365
1366 15 2 0 1366 1366
1367 15 2 0 1367 1367
1368 15 2 0 1368 1368
1369 15 2 0 1369 1369
1370 15 2 0 1370 1370
1371 15 2 0 1371 1371
1372 15 2 0 1372 1372
1373 15 2 0 1373 1373
1374 15 2 0 1374 1374
1375 15 2 0 1375 1375
1376 15 2 0 1376 1376
1377 15 2 0 1377 1377
1378 15 2 0 1378 1378
1379 15 2 0 1379 1379
1380 15 2 0 1380 1380
1381 15 2 0 1381 1381
1382 15 2 0 1382 1382
1383 15 2 0 1383 1383
1384 15 2 0 1384 1384
1385 15 2 0 1385 1385
1386 15 2 0 1386 1386
1387 15 2 0 1387 1387
1388 15 2 0 1388 1388
1389 15 2 0 1389 1389
1390 15 2 0 1390 1390
1391 15 2 0 1391 1391
1392 15 2 0 1392 1392
1393 15 2 0 1393 1393
1394 15 2 0 1394 1394
1395 15 2 0 1395 1395
1396 15 2 0 1396 1396
1397 15 2 0 1397 1397
1398 15 2 0 1398 1398
1399 15 2 0 1399 1399
1400 15 2 0 1400 1400
1401 15 2 0 1401 1401
1402 15 2 0 1402 1402
1403 15 2 0 1403 1403
1404 15 2 0 1404 1404
1405 15 2 0 1405 1405
1406 15 2 0 1406 1406
1407 15 2 0 1407 1407
1408 15 2 0 1408 1408
1409 15 2 0 1409 1409
1410 15 2 0 1410 1410
1411 15 2 0 1411 1411
1412 15 2 0 1412 1412
1413 15 2 0 1413 1413
1414 15 2 0 1414 1414
1415 15 2 0 1415 1415
1416 15 2 0 1416 1416
1417 15 2 0 1417 1417
1418 15 2 0 1418 1418
1419 15 2 0 1419 1419
1420 15 2 0 1420 1420
1421 15 2 0 1421 1421
1422 15 2 0 1422 1422
1423 15 2 0 1423 1423
1424 15 2 0 1424 1424
1425 15 2 0 1425 1425
1426 15 2 0 1426 1426
1427 15 2 0 1427 1427
1428 15 2 0 1428 1428
1429 15 2 0 1429 1429
1430 15 2 0 1430 1430
1431 15 2 0 1431 1431
1432 15 2 0 1432 1432
1433 15 2 0 1433 1433
1434 15 2 0 1434 1434
1435 15 2 0 1435 1435
1436 15 2 0 1436 1436
1437 15 2 0 1437 1437
1438 15 2 0 1438 1438
1439 15 2 0 1439 1439
1440 15 2 0 1440 1440
1441 15 2 0 1441 1441
1442 15 2 0 1442 1442
1443 15 2 0 1443 1443
1444 15 2 0 1444 1444
1445 15 2 0 1445 1445
1446 15 2 0 1446 1446
1447 15 2 0 1447 1447
1448 15 2 0 1448 1448
1449 15 2 0 1449 1449
1450 15 2 0 1450 1450
1451 15 2 0 1451 1451
1452 15 2 0 1452 1452
1453 15 2 0 1453 1453
1454 15 2 0 1454 1454
1455 15 2 0 1455 1455
1456 15 2 0 1456 1456
1457 15 2 0 1457 1457
1458 15 2 0 1458 1458
1459 15 2 0 1459 1459
1460 15 2 0 1460 1460
1461 15 2 0 1461 1461
1462 15 2 0 1462 1462
1463 15 2 0 1463 1463
1464 15 2 0 1464 1464
1465 15 2 0 1465 1465
1466 15 2 0 1466 1466
1467 15 2 0 1467 1467
1468 15 2 0 1468 1468
1469 15 2 0 1469 1469
1470 15 2 0 1470 1470
1471 15 2 0 1471 1471
1472 15 2 0 1472 1472
1473 15 2 0 1473 1473
1474 15 2 0 1474 1474
1475 15 2 0 1475 1475
1476 15 2 0 1476 1476
1477 15 2 0 1477 1477
1478 15 2 0 1478 1478
1479 15 2 0 1479 1479
1480 15 2 0 1480 1480
1481 15 2 0 1481 1481
1482 15 2 0 1482 1482
1483 15 2 0 1483 1483
1484 15 2 0 1484 1484
1485 15 2 0 1485 1485
1486 15 2 0 1486 1486
1487 15 2 0 1487 1487
1488 15 2 0 1488 1488
1489 15 2 0 1489 1489
1490 15 2 0 1490 1490
1491 15 2 0 1491 1491
1492 15 2 0 1492 1492
1493 15 2 0 1493 1493
1494 15 2 0 1494 1494
1495 15 2 0 1495 1495
1496 15 2 0 1496 1496
1497 15 2 0 1497 1497
1498 15 2 0 1498 1498
1499 15 2 0 1499 1499
1500 15 2 0 1500 1500
1501 15 2 0 1501 1501
1502 15 2 0 1502 1502
1503 15 2 0 1503 1503
1504 15 2 0 1504 1504
1505 15 2 0 1505 1505
1506 15 2 0 1506 1506
1507 15 2 0 1507 1507
1508 15 2 0 1508 1508
1509 15 2 0 1509 1509
1510 15 2 0 1510 1510
1511 15 2 0 1511 1511
1512 15 2 0 1512 1512
1513 15 2 0 1513 1513
1514 15 2 0 1514 1514
1515 15 2 0 1515 1515
1516 15 2 0 1516 1516
1517 15 2 0 1517 1517
1518 15 2 0 1518 1518
1519 15 2 0 1519 1519
1520 15 2 0 1520 1520
1521 15 2 0 1521 1521
1522 15 2 0 1522 1522
1523 15 2 0 1523 1523
1524 15 2 0 1524 1524
1525 15 2 0 1525 1525
1526 15 2 0 1526 1526
1527 15 2 0 1527 1527
1528 15 2 0 1528 1528
1529 15 2 0 1529 1529
1530 15 2 0 1530 1530
1531 15 2 0 1531 1531
1532 15 2 0 1532 1532
1533 15 2 0 1533 1533
1534 15 2 0 1534 1534
1535 15 2 0 1535 1535
1536 15 2 0 1536 1536
1537 15 2 0 1537 1537
1538 15 2 0 1538 1538
1539 15 2 0 1539 1539
1540 15 2 0 1540 1540
1541 15 2 0 1541 1541
1542 15 2 0 1542 1542
1543 15 2 0 1543 1543
1544 15 2 0 1544 1544
1545 15 2 0 1545 1545
1546 15 2 0 1546 1546
1547 15 2 0 1547 1547
1548 15 2 0 1548 1548
1549 15 2 0 1549 1549
1550 15 2 0 1550 1550
1551 15 2 0 1551 1551
1552 15 2 0 1552 1552
1553 15 2 0 1553 1553
1554 15 2 0 1554 1554
1555 15 2 0 1555 1555
1556 15 2 0 1556 1556
1557 15 2 0 1557 1557
1558 15 2 0 1558 1558
1559 15 2 0 1559 1559
1560 15 2 0 1560 1560
1561 15 2 0 1561 1561
1562 15 2 0 1562 1562
1563 15 2 0 1563 1563
1564 15 2 0 1564 1564
1565 15 2 0 1565 1565
1566 15 2 0 1566 1566
1567 15 2 0 1567 1567
1568 15 2 0 1568 1568
1569 15 2 0 1569 1569
1570 15 2 0 1570 1570
1571 15 2 0 1571 1571
1572 15 2 0 1572 1572
1573 15 2 0 1573 1573
1574 15 2 0 1574 1574
1575 15 2 0 1575 1575
1576 15 2 0 1576 1576
1577 15 2 0 1577 1577
1578 15 2 0 1578 1578
1579 15 2 0 1579 1579
1580 15 2 0 1580 1580
1581 15 2 0 1581 1581
1582 15 2 0 1582 1582
1583 15 2 0 1583 1583
1584 15 2 0 1584 1584
1585 15 2 0 1585 1585
1586 15 2 0 1586 1586
1587 15 2 0 1587 1587
1588 15 2 0 1588 1588
1589 15 2 0 1589 1589
1590 15 2 0 1590 1590
1591 15 2 0 1591 1591
1592 15 2 0 1592 1592
1593 15 2 0 1593 1593
1594 15 2 0 1594 1594
1595 15 2 0 1595 1595
1596 15 2 0 1596 1596
1597 15 2 0 1597 1597
1598 15 2 0 1598 1598
1599 15 2 0 1599 1599
1600 15 2 0 1600 1600
1601 1 2 0 1 1 65
1602 1 2 0 2 1 2
1603 1 2 0 3 2 66
1604 1 2 0 4 2 3
1605 1 2 0 5 3 67
1606 1 2 0 6 3 4
1607 1 2 0 7 4 68
1608 1 2 0 8 4 5
1609 1 2 0 9 5 69
1610 1 2 0 10 5 6
1611 1 2 0 11 6 70
1612 1 2 0 12 6 7
1613 1 2 0 13 7 71
1614 1 2 0 14 7 8
1615 1 2 0 15 8 72
1616 1 2 0 16 8 9
1617 1 2 0 17 9 73
1618 1 2 0 18 9 10
1619 1 2 0 19 10 74
1620 1 2 0 20 10 11
1621 1 2 0 21 11 75
1622 1 2 0 22 11 12
1623 1 2 0 23 12 76
1624 1 2 0 24 12 13
1625 1 2 0 25 13 77
1626 1 2 0 26 13 14
1627 1 2 0 27 14 78
1628 1 2 0 28 14 15
1629 1 2 0 29 15 79
1630 1 2 0 30 15 16
1631 1 2 0 31 16 80
1632 1 2 0 32 16 17
1633 1 2 0 33 17 81
1634 1 2 0 34 17 18
1635 1 2 0 35 18 82
1636 1 2 0 36 18 19
1637 1 2 0 37 19 83
1638 1 2 0 38 19 20
1639 1 2 0 39 20 84
1640 1 2 0 40 20 21
1641 1 2 0 41 21 85
1642 1 2 0 42 21 22
1643 1 2 0 43 22 86
1644 1 2 0 44 22 23
1645 1 2 0 45 23 87
1646 1 2 0 46 23 24
1647 1 2 0 47 24 88
1648 1 2 0 48 24 25
1649 1 2 0 49 25 89
1650 1 2 0 50 25 26
1651 1 2 0 51 26 90
1652 1 2 0 52 26 27
1653 1 2 0 53 27 91
1654 1 2 0 54 27 28
1655 1 2 0 55 28 92
1656 1 2 0 56 28 29
1657 1 2 0 57 29 93
1658 1 2 0 58 29 30
1659 1 2 0 59 30 94
1660 1 2 0 60 30 31
1661 1 2 0 61 31 95
1662 1 2 0 62 31 32
1663 1 2 0 63 32 96
1664 1 2 0 64 32 33
1665 1 2 0 65 33 97
1666 1 2 0 66 33 34
1667 1 2 0 67 34 98
1668 1 2 0 68 34 35
1669 1 2 0 69 35 99
1670 1 2 0 70 35 36
1671 1 2 0 71 36 100
1672 1 2 0 72 36 37
1673 1 2 0 73 37 101
1674 1 2 0 74 37 38
1675 1 2 0 75 38 102
1676 1 2 0 76 38 39
1677 1 2 0 77 39 103
1678 1 2 0 78 39 40
1679 1 2 0 79 40 104
1680 1 2 0 80 40 41
1681 1 2 0 81 41 105
1682 1 2 0 82 41 42
1683 1 2 0 83 42 106
1684 1 2 0 84 42 43
1685 1 2 0 85 43 107
1686 1 2 0 86 43 44
1687 1 2 0 87 44 108
1688 1 2 0 88 44 45
1689 1 2 0 89 45 109
1690 1 2 0 90 45 46
1691 1 2 0 91 46 110
1692 1 2 0 92 46 47
1693 1 2 0 93 47 111
1694 1 2 0 94 47 48
1695 1 2 0 95 48 112
1696 1 2 0 96 48 49
1697 1 2 0 97 49 113
1698 1 2 0 98 49 50
1699 1 2 0 99 50 114
1700 1 2 0 100 50 51
1701 1 2 0 101 51 115
1702 1 2 0 102 51 52
1703 1 2 0 103 52 116
1704 1 2 0 104 52 53
1705 1 2 0 105 53 117
1706 1 2 0 106 53 54
1707 1 2 0 107 54 118
1708 1 2 0 108 54 55
1709 1 2 0 109 55 119
1710 1 2 0 110 55 56
1711 1 2 0 111 56 120
1712 1 2 0 112 56 57
1713 1 2 0 113 57 121
1714 1 2 0 114 57 58
1715 1 2 0 115 58 122
1716 1 2 0 116 58 59
1717 1 2 0 117 59 123
1718 1 2 0 118 59 60
1719 1 2 0 119 60 124
1720 1 2 0 120 60 61
1721 1 2 0 121 61 125
1722 1 2 0 122 61 62
1723 1 2 0 123 62 126
1724 1 2 0 124 62 63
1725 1 2 0 125 63 127
1726 1 2 0 126 63 64
1727 1 2 0 127 64 128
1728 1 2 0 128 64 1
1729 1 2 0 129 65 129
1730 1 2 0 130 65 66
1731 1 2 0 131 66 130
1732 1 2 0 132 66 67
1733 1 2 0 133 67 131
1734 1 2 0 134 67 68
1735 1 2 0 135 68 132
1736 1 2 0 136 68 69
1737 1 2 0 137 69 133
1738 1 2 0 138 69 70
1739 1 2 0 139 70 134
1740 1 2 0 140 70 71
1741 1 2 0 141 71 135
1742 1 2 0 142 71 72
1743 1 2 0 143 72 136
1744 1 2 0 144 72 73
1745 1 2 0 145 73 137
1746 1 2 0 146 73 74
1747 1 2 0 147 74 138
1748 1 2 0 148 74 75
1749 1 2 0 149 75 139
1750 1 2 0 150 75 76
1751 1 2 0 151 76 140
1752 1 2 0 152 76 77
1753 1 2 0 153 77 141
1754 1 2 0 154 77 78
1755 1 2 0 155 78 142
1756 1 2 0 156 78 79
1757 1 2 0 157 79 143
1758 1 2 0 158 79 80
1759 1 2 0 159 80 144
1760 1 2 0 160 80 81
1761 1 2 0 161 81 145
1762 1 2 0 162 81 82
1763 1 2 0 163 82 146
1764 1 2 0 164 82 83
1765 1 2 0 165 83 147
1766 1 2 0 166 83 84
1767 1 2 0 167 84 148
1768 1 2 0 168 84 85
1769 1 2 0 169 85 149
1770 1 2 0 170 85 86
1771 1 2 0 171 86 150
1772 1 2 0 172 86 87
1773 1 2 0 173 87 151
1774 1 2 0 174 87 88
1775 1 2 0 175 88 152
1776 1 2 0 176 88 89
1777 1 2 0 177 89 153
1778 1 2 0 178 89 90
1779 1 2 0 179 90 154
1780 1 2 0 180 90 91
1781 1 2 0 181 91 155
1782 1 2 0 182 91 92
1783 1 2 0 183 92 156
1784 1 2 0 184 92 93
1785 1 2 0 185 93 157
1786 1 2 0 186 93 94
1787 1 2 0 187 94 158
1788 1 2 0 188 94 95
1789 1 2 0 189 95 159
1790 1 2 0 190 95 96
1791 1 2 0 191 96 160
1792 1 2 0 192 96 97
1793 1 2 0 193 97 161
1794 1 2 0 194 97 98
1795 1 2 0 195 98 162
1796 1 2 0 196 98 99
1797 1 2 0 197 99 163
1798 1 2 0 198 99 100
1799 1 2 0 199 100 164
1800 1 2 0 200 100 101
1801 1 2 0 201 101 165
1802 1 2 0 202 101 102
1803 1 2 0 203 102 166
1804 1 2 0 204 102 103
1805 1 2 0 205 103 167
1806 1 2 0 206 103 104
1807 1 2 0 207 104 168
1808 1 2 0 208 104 105
1809 1 2 0 209 105 169
1810 1 2 0 210 105 106
1811 1 2 0 211 106 170
1812 1 2 0 212 106 107
1813 1 2 0 213 107 171
1814 1 2 0 214 107 108
1815 1 2 0 215 108 172
1816 1 2 0 216 108 109
1817 1 2 0 217 109 173
1818 1 2 0 218 109 110
1819 1 2 0 219 110 174
1820 1 2 0 220 110 111
1821 1 2 0 221 111 175
1822 1 2 0 222 111 112
1823 1 2 0 223 112 176
1824 1 2 0 224 112 113
1825 1 2 0 225 113 177
1826 1 2 0 226 113 114
1827 1 2 0 227 114 178
1828 1 2 0 228 114 115
1829 1 2 0 229 115 179
1830 1 2 0 230 115 116
1831 1 2 0 231 116 180
1832 1 2 0 232 116 117
1833 1 2 0 233 117 181
1834 1 2 0 234 117 118
1835 1 2 0 235 118 182
1836 1 2 0 236 118 119
1837 1 2 0 237 119 183
1838 1 2 0 238 119 120
1839 1 2 0 239 120 184
1840 1 2 0 240 120 121
1841 1 2 0 241 121 185
1842 1 2 0 242 121 122
1843 1 2 0 243 122 186
1844 1 2 0 244 122 123
1845 1 2 0 245 123 187
1846 1 2 0 246 123 124
1847 1 2 0 247 124 188
1848 1 2 0 248 124 125
1849 1 2 0 249 125 189
1850 1 2 0 250 125 126
1851 1 2 0 251 126 190
1852 1 2 0 252 126 127
1853 1 2 0 253 127 191
1854 1 2 0 254 127 128
1855 1 2 0 255 128 192
1856 1 2 0 256 128 65
1857 1 2 0 257 129 193
1858 1 2 0 258 129 130
1859 1 2 0 259 130 194
1860 1 2 0 260 130 131
1861 1 2 0 261 131 195
1862 1 2 0 262 131 132
1863 1 2 0 263 132 196
1864 1 2 0 264 132 133
1865 1 2 0 265 133 197
1866 1 2 0 266 133 134
1867 1 2 0 267 134 198
1868 1 2 0 268 134 135
1869 1 2 0 269 135 199
1870 1 2 0 270 135 136
1871 1 2 0 271 136 200
1872 1 2 0 272 136 137
1873 1 2 0 273 137 201
1874 1 2 0 274 137 138
1875 1 2 0 275 138 202
1876 1 2 0 276 138 139
1877 1 2 0 277 139 203
1878 1 2 0 278 139 140
1879 1 2 0 279 140 204
1880 1 2 0 280 140 141
1881 1 2 0 281 141 205
1882 1 2 0 282 141 142
1883 1 2 0 283 142 206
1884 1 2 0 284 142 143
1885 1 2 0 285 143 207
1886 1 2 0 286 143 144
1887 1 2 0 287 144 208
1888 1 2 0 288 144 145
1889 1 2 0 289 145 209
1890 1 2 0 290 145 146
1891 1 2 0 291 146 210
1892 1 2 0 292 146 147
1893 1 2 0 293 147 211
1894 1 2 0 294 147 148
1895 1 2 0 295 148 212
1896 1 2 0 296 148 149
1897 1 2 0 297 149 213
1898 1 2 0 298 149 150
1899 1 2 0 299 150 214
1900 1 2 0 300 150 151
1901 1 2 0 301 151 215
1902 1 2 0 302 151 152
1903 1 2 0 303 152 216
1904 1 2 0 304 152 153
1905 1 2 0 305 153 217
1906 1 2 0 306 153 154
1907 1 2 0 307 154 218
1908 1 2 0 308 154 155
1909 1 2 0 309 155 219
1910 1 2 0 310 155 156
1911 1 2 0 311 156 220
1912 1 2 0 312 156 157
1913 1 2 0 313 157 221
1914 1 2 0 314 157 158
1915 1 2 0 315 158 222
1916 1 2 0 316 158 159
1917 1 2 0 317 159 223
1918 1 2 0 318 159 160
1919 1 2 0 319 160 224
1920 1 2 0 320 160 161
1921 1 2 0 321 161 225
1922 1 2 0 322 161 162
1923 1 2 0 323 162 226
1924 1 2 0 324 162 163
1925 1 2 0 325 163 227
1926 1 2 0 326 163 164
1927 1 2 0 327 164 228
1928 1 2 0 328 164 165
1929 1 2 0 329 165 229
1930 1 2 0 330 165 166
1931 1 2 0 331 166 230
1932 1 2 0 332 166 167
1933 1 2 0 333 167 231
1934 1 2 0 334 167 168
1935 1 2 0 335 168 232
1936 1 2 0 336 168 169
1937 1 2 0 337 169 233
1938 1 2 0 338 169 170
1939 1 2 0 339 170 234
1940 1 2 0 340 170 171
1941 1 2 0 341 171 235
1942 1 2 0 342 171 172
1943 1 2 0 343 172 236
1944 1 2 0 344 172 173
1945 1 2 0 345 173 237
1946 1 2 0 346 173 174
1947 1 2 0 347 174 238
1948 1 2 0 348 174 175
1949 1 2 0 349 175 239
1950 1 2 0 350 175 176
1951 1 2 0 351 176 240
1952 1 2 0 352 176 177
1953 1 2 0 353 177 241
1954 1 2 0 354 177 178
1955 1 2 0 355 178 242
1956 1 2 0 356 178 179
1957 1 2 0 357 179 243
1958 1 2 0 358 179 180
1959 1 2 0 359 180 244
1960 1 2 0 360 180 181
1961 1 2 0 361 181 245
1962 1 2 0 362 181 182
1963 1 2 0 363 182 246
1964 1 2 0 364 182 183
1965 1 2 0 365 183 247
1966 1 2 0 366 183 184
1967 1 2 0 367 184 248
1968 1 2 0 368 184 185
1969 1 2 0 369 185 249
1970 1 2 0 370 185 186
1971 1 2 0 371 186 250
1972 1 2 0 372 186 187
1973 1 2 0 373 187 251
1974 1 2 0 374 187 188
1975 1 2 0 375 188 252
1976 1 2 0 376 188 189
1977 1 2 0 377 189 253
1978 1 2 0 378 189 190
1979 1 2 0 379 190 254
1980 1 2 0 380 190 191
1981 1 2 0 381 191 255
1982 1 2 0 382 191 192
1983 1 2 0 383 192 256
1984 1 2 0 384 192 129
1985 1 2 0 385 193 257
1986 1 2 0 386 193 194
1987 1 2 0 387 194 258
1988 1 2 0 388 194 195
1989 1 2 0 389 195 259
1990 1 2 0 390 195 196
1991 1 2 0 391 196 260
1992 1 2 0 392 196 197
1993 1 2 0 393 197 261
1994 1 2 0 394 197 198
1995 1 2 0 395 198 262
1996 1 2 0 396 198 199
1997 1 2 0 397 199 263
1998 1 2 0 398 199 200
1999 1 2 0 399 200 264
2000 1 2 0 400 200 201
2001 1 2 0 401 201 265
2002 1 2 0 402 201 202
2003 1 2 0 403 202 266
2004 1 2 0 404 202 203
2005 1 2 0 405 203 267
2006 1 2 0 406 203 204
2007 1 2 0 407 204 268
2008 1 2 0 408 204 205
2009 1 2 0 409 205 269
2010 1 2 0 410 205 206
2011 1 2 0 411 206 270
2012 1 2 0 412 206 207
2013 1 2 0 413 207 271
2014 1 2 0 414 207 208
2015 1 2 0 415 208 272
2016 1 2 0 416 208 209
2017 1 2 0 417 209 273
2018 1 2 0 418 209 210
2019 1 2 0 419 210 274
2020 1 2 0 420 210 211
2021 1 2 0 421 211 275
2022 1 2 0 422 211 212
2023 1 2 0 423 212 276
2024 1 2 0 424 212 213
2025 1 2 0 425 213 277
2026 1 2 0 426 213 214
2027 1 2 0 427 214 278
2028 1 2 0 428 214 215
2029 1 2 0 429 215 279
2030 1 2 0 430 215 216
2031 1 2 0 431 216 280
2032 1 2 0 432 216 217
2033 1 2 0 433 217 281
2034 1 2 0 434 217 218
2035 1 2 0 435 218 282
2036 1 2 0 436 218 219
2037 1 2 0 437 219 283
2038 1 2 0 438 219 220
2039 1 2 0 439 220 284
2040 1 2 0 440 220 221
2041 1 2 0 441 221 285
2042 1 2 0 442 221 222
2043 1 2 0 443 222 286
2044 1 2 0 444 222 223
2045 1 2 0 445 223 287
2046 1 2 0 446 223 224
2047 1 2 0 447 224 288
2048 1 2 0 448 224 225
2049 1 2 0 449 225 289
2050 1 2 0 450 225 226
2051 1 2 0 451 226 290
2052 1 2 0 452 226 227
2053 1 2 0 453 227 291
2054 1 2 0 454 227 228
2055 1 2 0 455 228 292
2056 1 2 0 456 228 229
2057 1 2 0 457 229 293
2058 1 2 0 458 229 230
2059 1 2 0 459 230 294
2060 1 2 0 460 230 231
2061 1 2 0 461 231 295
2062 1 2 0 462 231 232
2063 1 2 0 463 232 296
2064 1 2 0 464 232 233
2065 1 2 0 465 233 297
2066 1 2 0 466 233 234
2067 1 2 0 467 234 298
2068 1 2 0 468 234 235
2069 1 2 0 469 235 299
2070 1 2 0 470 235 236
2071 1 2 0 471 236 300
2072 1 2 0 472 236 237
2073 1 2 0 473 237 301
2074 1 2 0 474 237 238
2075 1 2 0 475 238 302
2076 1 2 0 476 238 239
2077 1 2 0 477 239 303
2078 1 2 0 478 239 240
2079 1 2 0 479 240 304
2080 1 2 0 480 240 241
2081 1 2 0 481 241 305
2082 1 2 0 482 241 242
2083 1 2 0 483 242 306
2084 1 2 0 484 242 243
2085 1 2 0 485 243 307
2086 1 2 0 486 243 244
2087 1 2 0 487 244 308
2088 1 2 0 488 244 245
2089 1 2 0 489 245 309
2090 1 2 0 490 245 246
2091 1 2 0 491 246 310
2092 1 2 0 492 246 247
2093 1 2 0 493 247 311
2094 1 2 0 494 247 248
2095 1 2 0 495 248 312
2096 1 2 0 496 248 249
2097 1 2 0 497 249 313
2098 1 2 0 498 249 250
2099 1 2 0 499 250 314
2100 1 2 0 500 250 251
2101 1 2 0 501 251 315
2102 1 2 0 502 251 252
2103 1 2 0 503 252 316
2104 1 2 0 504 252 253
2105 1 2 0 505 253 317
2106 1 2 0 506 253 254
2107 1 2 0 507 254 318
2108 1 2 0 508 254 255
2109 1 2 0 509 255 319
2110 1 2 0 510 255 256
2111 1 2 0 511 256 320
2112 1 2 0 512 256 193
2113 1 2 0 513 257 321
2114 1 2 0 514 257 258
2115 1 2 0 515 258 322
2116 1 2 0 516 258 259
2117 1 2 0 517 259 323
2118 1 2 0 518 259 260
2119 1 2 0 519 260 324
2120 1 2 0 520 260 261
2121 1 2 0 521 261 325
2122 1 2 0 522 261 262
2123 1 2 0 523 262 326
2124 1 2 0 524 262 263
2125 1 2 0 525 263 327
2126 1 2 0 526 263 264
2127 1 2 0 527 264 328
2128 1 2 0 528 264 265
2129 1 2 0 529 265 329
2130 1 2 0 530 265 266
2131 1 2 0 531 266 330
2132 1 2 0 532 266 267
2133 1 2 0 533 267 331
2134 1 2 0 534 267 268
2135 1 2 0 535 268 332
2136 1 2 0 536 268 269
2137 1 2 0 537 269 333
2138 1 2 0 538 269 270
2139 1 2 0 539 270 334
2140 1 2 0 540 270 271
2141 1 2 0 541 271 335
2142 1 2 0 542 271 272
2143 1 2 0 543 272 336
2144 1 2 0 544 272 273
2145 1 2 0 545 273 337
2146 1 2 0 546 273 274
2147 1 2 0 547 274 338
2148 1 2 0 548 274 275
2149 1 2 0 549 275 339
2150 1 2 0 550 275 276
2151 1 2 0 551 276 340
2152 1 2 0 552 276 277
2153 1 2 0 553 277 341
2154 1 2 0 554 277 278
2155 1 2 0 555 278 342
2156 1 2 0 556 278 279
2157 1 2 0 557 279 343
2158 1 2 0 558 279 280
2159 1 2 0 559 280 344
2160 1 2 0 560 280 281
2161 1 2 0 561 281 345
2162 1 2 0 562 281 282
2163 1 2 0 563 282 346
2164 1 2 0 564 282 283
2165 1 2 0 565 283 347
2166 1 2 0 566 283 284
2167 1 2 0 567 284 348
2168 1 2 0 568 284 285
2169 1 2 0 569 285 349
2170 1 2 0 570 285 286
2171 1 2 0 571 286 350
2172 1 2 0 572 286 287
2173 1 2 0 573 287 351
2174 1 2 0 574 287 288
2175 1 2 0 575 288 352
2176 1 2 0 576 288 289
2177 1 2 0 577 289 353
2178 1 2 0 578 289 290
2179 1 2 0 579 290 354
2180 1 2 0 580 290 291
2181 1 2 0 581 291 355
2182 1 2 0 582 291 292
2183 1 2 0 583 292 356
2184 1 2 0 584 292 293
2185 1 2 0 585 293 357
2186 1 2 0 586 293 294
2187 1 2 0 587 294 358
2188 1 2 0 588 294 295
2189 1 2 0 589 295 359
2190 1 2 0 590 295 296
2191 1 2 0 591 296 360
2192 1 2 0 592 296 297
2193 1 2 0 593 297 361
2194 1 2 0 594 297 298
2195 1 2 0 595 298 362
2196 1 2 0 596 298 299
2197 1 2 0 597 299 363
2198 1 2 0 598 299 300
2199 1 2 0 599 300 364
2200 1 2 0 600 300 301
2201 1 2 0 601 301 365
2202 1 2 0 602 301 302
2203 1 2 0 603 302 366
2204 1 2 0 604 302 303
2205 1 2 0 605 303 367
2206 1 2 0 606 303 304
2207 1 2 0 607 304 368
2208 1 2 0 608 304 305
2209 1 2 0 609 305 369
2210 1 2 0 610 305 306
2211 1 2 0 611 306 370
2212 1 2 0 612 306 307
2213 1 2 0 613 307 371
2214 1 2 0 614 307 308
2215 1 2 0 615 308 372
2216 1 2 0 616 308 309
2217 1 2 0 617 309 373
2218 1 2 0 618 309 310
2219 1 2 0 619 310 374
2220 1 2 0 620 310 311
2221 1 2 0 621 311 375
2222 1 2 0 622 311 312
2223 1 2 0 623 312 376
2224 1 2 0 624 312 313
2225 1 2 0 625 313 377
2226 1 2 0 626 313 314
2227 1 2 0 627 314 378
2228 1 2 0 628 314 315
2229 1 2 0 629 315 379
2230 1 2 0 630 315 316
2231 1 2 0 631 316 380
2232 1 2 0 632 316 317
2233 1 2 0 633 317 381
2234 1 2 0 634 317 318
2235 1 2 0 635 318 382
2236 1 2 0 636 318 319
2237 1 2 0 637 319 383
2238 1 2 0 638 319 320
2239 1 2 0 639 320 384
2240 1 2 0 640 320 257
2241 1 2 0 641 321 385
2242 1 2 0 642 321 322
2243 1 2 0 643 322 386
2244 1 2 0 644 322 323
2245 1 2 0 645 323 387
2246 1 2 0 646 323 324
2247 1 2 0 647 324 388
2248 1 2 0 648 324 325
2249 1 2 0 649 325 389
2250 1 2 0 650 325 326
2251 1 2 0 651 326 390
2252 1 2 0 652 326 327
2253 1 2 0 653 327 391
2254 1 2 0 654 327 328
2255 1 2 0 655 328 392
2256 1 2 0 656 328 329
2257 1 2 0 657 329 393
2258 1 2 0 658 329 330
2259 1 2 0 659 330 394
2260 1 2 0 660 330 331
2261 1 2 0 661 331 395
2262 1 2 0 662 331 332
2263 1 2 0 663 332 396
2264 1 2 0 664 332 333
2265 1 2 0 665 333 397
2266 1 2 0 666 333 334
2267 1 2 0 667 334 398
2268 1 2 0 668 334 335
2269 1 2 0 669 335 399
2270 1 2 0 670 335 336
2271 1 2 0 671 336 400
2272 1 2 0 672 336 337
2273 1 2 0 673 337 401
2274 1 2 0 674 337 338
2275 1 2 0 675 338 402
2276 1 2 0 676 338 339
2277 1 2 0 677 339 403
2278 1 2 0 678 339 340
2279 1 2 0 679 340 404
2280 1 2 0 680 340 341
2281 1 2 0 681 341 405
2282 1 2 0 682 341 342
2283 1 2 0 683 342 406
2284 1 2 0 684 342 343
2285 1 2 0 685 343 407
2286 1 2 0 686 343 344
2287 1 2 0 687 344 408
2288 1 2 0 688 344 345
2289 1 2 0 689 345 409
2290 1 2 0 690 345 346
2291 1 2 0 691 346 410
2292 1 2 0 692 346 347
2293 1 2 0 693 347 411
2294 1 2 0 694 347 348
2295 1 2 0 695 348 412
2296 1 2 0 696 348 349
2297 1 2 0 697 349 413
2298 1 2 0 698 349 350
2299 1 2 0 699 350 414
2300 1 2 0 700 350 351
2301 1 2 0 701 351 415
2302 1 2 0 702 351 352
2303 1 2 0 703 352 416
2304 1 2 0 704 352 353
2305 1 2 0 705 353 417
2306 1 2 0 706 353 354
2307 1 2 0 707 354 418
2308 1 2 0 708 354 355
2309 1 2 0 709 355 419
2310 1 2 0 710 355 356
2311 1 2 0 711 356 420
2312 1 2 0 712 356 357
2313 1 2 0 713 357 421
2314 1 2 0 714 357 358
2315 1 2 0 715 358 422
2316 1 2 0 716 358 359
2317 1 2 0 717 359 423
2318 1 2 0 718 359 360
2319 1 2 0 719 360 424
2320 1 2 0 720 360 361
2321 1 2 0 721 361 425
2322 1 2 0 722 361 362
2323 1 2 0 723 362 426
2324 1 2 0 724 362 363
2325 1 2 0 725 363 427
2326 1 2 0 726 363 364
2327 1 2 0 727 364 428
2328 1 2 0 728 364 365
2329 1 2 0 729 365 429
2330 1 2 0 730 365 366
2331 1 2 0 731 366 430
2332 1 2 0 732 366 367
2333 1 2 0 733 367 431
2334 1 2 0 734 367 368
2335 1 2 0 735 368 432
2336 1 2 0 736 368 369
2337 1 2 0 737 369 433
2338 1 2 0 738 369 370
2339 1 2 0 739 370 434
2340 1 2 0 740 370 371
2341 1 2 0 741 371 435
2342 1 2 0 742 371 372
2343 1 2 0 743 372 436
2344 1 2 0 744 372 373
2345 1 2 0 745 373 437
2346 1 2 0 746 373 374
2347 1 2 0 747 374 438
2348 1 2 0 748 374 375
2349 1 2 0 749 375 439
2350 1 2 0 750 375 376
2351 1 2 0 751 376 440
2352 1 2 0 752 376 377
2353 1 2 0 753 377 441
2354 1 2 0 754 377 378
2355 1 2 0 755 378 442
2356 1 2 0 756 378 379
2357 1 2 0 757 379 443
2358 1 2 0 758 379 380
2359 1 2 0 759 380 444
2360 1 2 0 760 380 381
2361 1 2 0 761 381 445
2362 1 2 0 762 381 382
2363 1 2 0 763 382 446
2364 1 2 0 764 382 383
2365 1 2 0 765 383 447
2366 1 2 0 766 383 384
2367 1 2 0 767 384 448
2368 1 2 0 768 384 321
2369 1 2 0 769 385 449
2370 1 2 0 770 385 386
2371 1 2 0 771 386 450
2372 1 2 0 772 386 387
2373 1 2 0 773 387 451
2374 1 2 0 774 387 388
2375 1 2 0 775 388 452
2376 1 2 0 776 388 389
2377 1 2 0 777 389 453
2378 1 2 0 778 389 390
2379 1 2 0 779 390 454
2380 1 2 0 780 390 391
2381 1 2 0 781 391 455
2382 1 2 0 782 391 392
2383 1 2 0 783 392 456
2384 1 2 0 784 392 393
2385 1 2 0 785 393 457
2386 1 2 0 786 393 394
2387 1 2 0 787 394 458
2388 1 2 0 788 394 395
2389 1 2 0 789 395 459
2390 1 2 0 790 395 396
2391 1 2 0 791 396 460
2392 1 2 0 792 396 397
2393 1 2 0 793 397 461
2394 1 2 0 794 397 398
2395 1 2 0 795 398 462
2396 1 2 0 796 398 399
2397 1 2 0 797 399 463
2398 1 2 0 798 399 400
2399 1 2 0 799 400 464
2400 1 2 0 800 400 401
2401 1 2 0 801 401 465
2402 1 2 0 802 401 402
2403 1 2 0 803 402 466
2404 1 2 0 804 402 403
2405 1 2 0 805 403 467
2406 1 2 0 806 403 404
2407 1 2 0 807 404 468
2408 1 2 0 808 404 405
2409 1 2 0 809 405 469
2410 1 2 0 810 405 406
2411 1 2 0 811 406 470
2412 1 2 0 812 406 407
2413 1 2 0 813 407 471
2414 1 2 0 814 407 408
2415 1 2 0 815 408 472
2416 1 2 0 816 408 409
2417 1 2 0 817 409 473
2418 1 2 0 818 409 410
2419 1 2 0 819 410 474
2420 1 2 0 820 410 411
2421 1 2 0 821 411 475
2422 1 2 0 822 411 412
2423 1 2 0 823 412 476
2424 1 2 0 824 412 413
2425 1 2 0 825 413 477
2426 1 2 0 826 413 414
2427 1 2 0 827 414 478
2428 1 2 0 828 414 415
2429 1 2 0 829 415 479
2430 1 2 0 830 415 416
2431 1 2 0 831 416 480
2432 1 2 0 832 416 417
2433 1 2 0 833 417 481
2434 1 2 0 834 417 418
2435 1 2 0 835 418 482
2436 1 2 0 836 418 419
2437 1 2 0 837 419 483
2438 1 2 0 838 419 420
2439 1 2 0 839 420 484
2440 1 2 0 840 420 421
2441 1 2 0 841 421 485
2442 1 2 0 842 421 422
2443 1 2 0 843 422 486
2444 1 2 0 844 422 423
2445 1 2 0 845 423 487
2446 1 2 0 846 423 424
2447 1 2 0 847 424 488
2448 1 2 0 848 424 425
2449 1 2 0 849 425 489
2450 1 2 0 850 425 426
2451 1 2 0 851 426 490
2452 1 2 0 852 426 427
2453 1 2 0 853 427 491
2454 1 2 0 854 427 428
2455 1 2 0 855 428 492
2456 1 2 0 856 428 429
2457 1 2 0 857 429 493
2458 1 2 0 858 429 430
2459 1 2 0 859 430 494
2460 1 2 0 860 430 431
2461 1 2 0 861 431 495
2462 1 2 0 862 431 432
2463 1 2 0 863 432 496
2464 1 2 0 864 432 433
2465 1 2 0 865 433 497
2466 1 2 0 866 433 434
2467 1 2 0 867 434 498
2468 1 2 0 868 434 435
2469 1 2 0 869 435 499
2470 1 2 0 870 435 436
2471 1 2 0 871 436 500
2472 1 2 0 872 436 437
2473 1 2 0 873 437 501
2474 1 2 0 874 437 438
2475 1 2 0 875 438 502
2476 1 2 0 876 438 439
2477 1 2 0 877 439 503
2478 1 2 0 878 439 440
2479 1 2 0 879 440 504
2480 1 2 0 880 440 441
2481 1 2 0 881 441 505
2482 1 2 0 882 441 442
2483 1 2 0 883 442 506
2484 1 2 0 884 442 443
2485 1 2 0 885 443 507
2486 1 2 0 886 443 444
2487 1 2 0 887 444 508
2488 1 2 0 888 444 445
2489 1 2 0 889 445 509
2490 1 2 0 890 445 446
2491 1 2 0 891 446 510
2492 1 2 0 892 446 447
2493 1 2 0 893 447 511
2494 1 2 0 894 447 448
2495 1 2 0 895 448 512
2496 1 2 0 896 448 385
2497 1 2 0 897 449 513
2498 1 2 0 898 449 450
2499 1 2 0 899 450 514
2500 1 2 0 900 450 451
2501 1 2 0 901 451 515
2502 1 2 0 902 451 452
2503 1 2 0 903 452 516
2504 1 2 0 904 452 453
2505 1 2 0 905 453 517
2506 1 2 0 906 453 454
2507 1 2 0 907 454 518
2508 1 2 0 908 454 455
2509 1 2 0 909 455 519
2510 1 2 0 910 455 456
2511 1 2 0 911 456 520
2512 1 2 0 912 456 457
2513 1 2 0 913 457 521
2514 1 2 0 914 457 458
2515 1 2 0 915 458 522
2516 1 2 0 916 458 459
2517 1 2 0 917 459 523
2518 1 2 0 918 459 460
2519 1 2 0 919 460 524
2520 1 2 0 920 460 461
2521 1 2 0 921 461 525
2522 1 2 0 922 461 462
2523 1 2 0 923 462 526
2524 1 2 0 924 462 463
2525 1 2 0 925 463 527
2526 1 2 0 926 463 464
2527 1 2 0 927 464 528
2528 1 2 0 928 464 465
2529 1 2 0 929 465 529
2530 1 2 0 930 465 466
2531 1 2 0 931 466 530
2532 1 2 0 932 466 467
2533 1 2 0 933 467 531
2534 1 2 0 934 467 468
2535 1 2 0 935 468 532
2536 1 2 0 936 468 469
2537 1 2 0 937 469 533
2538 1 2 0 938 469 470
2539 1 2 0 939 470 534
2540 1 2 0 940 470 471
2541 1 2 0 941 471 535
2542 1 2 0 942 471 472
2543 1 2 0 943 472 536
2544 1 2 0 944 472 473
2545 1 2 0 945 473 537
2546 1 2 0 946 473 474
2547 1 2 0 947 474 538
2548 1 2 0 948 474 475
2549 1 2 0 949 475 539
2550 1 2 0 950 475 476
2551 1 2 0 951 476 540
2552 1 2 0 952 476 477
2553 1 2 0 953 477 541
2554 1 2 0 954 477 478
2555 1 2 0 955 478 542
2556 1 2 0 956 478 479
2557 1 2 0 957 479 543
2558 1 2 0 958 479 480
2559 1 2 0 959 480 544
2560 1 2 0 960 480 481
2561 1 2 0 961 481 545
2562 1 2 0 962 481 482
2563 1 2 0 963 482 546
2564 1 2 0 964 482 483
2565 1 2 0 965 483 547
2566 1 2 0 966 483 484
2567 1 2 0 967 484 548
2568 1 2 0 968 484 485
2569 1 2 0 969 485 549
2570 1 2 0 970 485 486
2571 1 2 0 971 486 550
2572 1 2 0 972 486 487
2573 1 2 0 973 487 551
2574 1 2 0 974 487 488
2575 1 2 0 975 488 552
2576 1 2 0 976 488 489
2577 1 2 0 977 489 553
2578 1 2 0 978 489 490
2579 1 2 0 979 490 554
2580 1 2 0 980 490 491
2581 1 2 0 981 491 555
2582 1 2 0 982 491 492
2583 1 2 0 983 492 556
2584 1 2 0 984 492 493
2585 1 2 0 985 493 557
2586 1 2 0 986 493 494
2587 1 2 0 987 494 558
2588 1 2 0 988 494 495
2589 1 2 0 989 495 559
2590 1 2 0 990 495 496
2591 1 2 0 991 496 560
2592 1 2 0 992 496 497
2593 1 2 0 993 497 561
2594 1 2 0 994 497 498
2595 1 2 0 995 498 562
2596 1 2 0 996 498 499
2597 1 2 0 997 499 563
2598 1 2 0 998 499 500
2599 1 2 0 999 500 564
2600 1 2 0 1000 500 501
2601 1 2 0 1001 501 565
2602 1 2 0 1002 501 502
2603 1 2 0 1003 502 566
2604 1 2 0 1004 502 503
2605 1 2 0 1005 503 567
2606 1 2 0 1006 503 504
2607 1 2 0 1007 504 568
2608 1 2 0 1008 504 505
2609 1 2 0 1009 505 569
2610 1 2 0 1010 505 506
2611 1 2 0 1011 506 570
2612 1 2 0 1012 506 507
2613 1 2 0 1013 507 571
2614 1 2 0 1014 507 508
2615 1 2 0 1015 508 572
2616 1 2 0 1016 508 509
2617 1 2 0 1017 509 573
2618 1 2 0 1018 509 510
2619 1 2 0 1019 510 574
2620 1 2 0 1020 510 511
2621 1 2 0 1021 511 575
2622 1 2 0 1022 511 512
2623 1 2 0 1023 512 576
2624 1 2 0 1024 512 449
2625 1 2 0 1025 513 577
2626 1 2 0 1026 513 514
2627 1 2 0 1027 514 578
2628 1 2 0 1028 514 515
2629 1 2 0 1029 515 579
2630 1 2 0 1030 515 516
2631 1 2 0 1031 516 580
2632 1 2 0 1032 516 517
2633 1 2 0 1033 517 581
2634 1 2 0 1034 517 518
2635 1 2 0 1035 518 582
2636 1 2 0 1036 518 519
2637 1 2 0 1037 519 583
2638 1 2 0 1038 519 520
2639 1 2 0 1039 520 584
2640 1 2 0 1040 520 521
2641 1 2 0 1041 521 585
2642 1 2 0 1042 521 522
2643 1 2 0 1043 522 586
2644 1 2 0 1044 522 523
2645 1 2 0 1045 523 587
2646 1 2 0 1046 523 524
2647 1 2 0 1047 524 588
2648 1 2 0 1048 524 525
2649 1 2 0 1049 525 589
2650 1 2 0 1050 525 526
2651 1 2 0 1051 526 590
2652 1 2 0 1052 526 527
2653 1 2 0 1053 527 591
2654 1 2 0 1054 527 528
2655 1 2 0 1055 528 592
2656 1 2 0 1056 528 529
2657 1 2 0 1057 529 593
2658 1 2 0 1058 529 530
2659 1 2 0 1059 530 594
2660 1 2 0 1060 530 531
2661 1 2 0 1061 531 595
2662 1 2 0 1062 531 532
2663 1 2 0 1063 532 596
2664 1 2 0 1064 532 533
2665 1 2 0 1065 533 597
2666 1 2 0 1066 533 534
2667 1 2 0 1067 534 598
2668 1 2 0 1068 534 535
2669 1 2 0 1069 535 599
2670 1 2 0 1070 535 536
2671 1 2 0 1071 536 600
2672 1 2 0 1072 536 537
2673 1 2 0 1073 537 601
2674 1 2 0 1074 537 538
2675 1 2 0 1075 538 602
2676 1 2 0 1076 538 539
2677 1 2 0 1077 539 603
2678 1 2 0 1078 539 540
2679 1 2 0 1079 540 604
2680 1 2 0 1080 540 541
2681 1 2 0 1081 541 605
2682 1 2 0 1082 541 542
2683 1 2 0 1083 542 606
2684 1 2 0 1084 542 543
2685 1 2 0 1085 543 607
2686 1 2 0 1086 543 544
2687 1 2 0 1087 544 608
2688 1 2 0 1088 544 545
2689 1 2 0 1089 545 609
2690 1 2 0 1090 545 546
2691 1 2 0 1091 546 610
2692 1 2 0 1092 546 547
2693 1 2 0 1093 547 611
2694 1 2 0 1094 547 548
2695 1 2 0 1095 548 612
2696 1 2 0 1096 548 549
2697 1 2 0 1097 549 613
2698 1 2 0 1098 549 550
2699 1 2 0 1099 550 614
2700 1 2 0 1100 550 551
2701 1 2 0 1101 551 615
2702 1 2 0 1102 551 552
2703 1 2 0 1103 552 616
2704 1 2 0 1104 552 553
2705 1 2 0 1105 553 617
2706 1 2 0 1106 553 554
2707 1 2 0 1107 554 618
2708 1 2 0 1108 554 555
2709 1 2 0 1109 555 619
2710 1 2 0 1110 555 556
2711 1 2 0 1111 556 620
2712 1 2 0 1112 556 557
2713 1 2 0 1113 557 621
2714 1 2 0 1114 557 558
2715 1 2 0 1115 558 622
2716 1 2 0 1116 558 559
2717 1 2 0 1117 559 623
2718 1 2 0 1118 559 560
2719 1 2 0 1119 560 624
2720 1 2 0 1120 560 561
2721 1 2 0 1121 561 625
2722 1 2 0 1122 561 562
2723 1 2 0 1123 562 626
2724 1 2 0 1124 562 563
2725 1 2 0 1125 563 627
2726 1 2 0 1126 563 564
2727 1 2 0 1127 564 628
2728 1 2 0 1128 564 565
2729 1 2 0 1129 565 629
2730 1 2 0 1130 565 566
2731 1 2 0 1131 566 630
2732 1 2 0 1132 566 567
2733 1 2 0 1133 567 631
2734 1 2 0 1134 567 568
2735 1 2 0 1135 568 632
2736 1 2 0 1136 568 569
2737 1 2 0 1137 569 633
2738 1 2 0 1138 569 570
2739 1 2 0 1139 570 634
2740 1 2 0 1140 570 571
2741 1 2 0 1141 571 635
2742 1 2 0 1142 571 572
2743 1 2 0 1143 572 636
2744 1 2 0 1144 572 573
2745 1 2 0 1145 573 637
2746 1 2 0 1146 573 574
2747 1 2 0 1147 574 638
2748 1 2 0 1148 574 575
2749 1 2 0 1149 575 639
2750 1 2 0 1150 575 576
2751 1 2 0 1151 576 640
2752 1 2 0 1152 576 513
2753 1 2 0 1153 577 641
2754 1 2 0 1154 577 578
2755 1 2 0 1155 578 642
2756 1 2 0 1156 578 579
2757 1 2 0 1157 579 643
2758 1 2 0 1158 579 580
2759 1 2 0 1159 580 644
2760 1 2 0 1160 580 581
2761 1 2 0 1161 581 645
2762 1 2 0 1162 581 582
2763 1 2 0 1163 582 646
2764 1 2 0 1164 582 583
2765 1 2 0 1165 583 647
2766 1 2 0 1166 583 584
2767 1 2 0 1167 584 648
2768 1 2 0 1168 584 585
2769 1 2 0 1169 585 649
2770 1 2 0 1170 585 586
2771 1 2 0 1171 586 650
2772 1 2 0 1172 586 587
2773 1 2 0 1173 587 651
2774 1 2 0 1174 587 588
2775 1 2 0 1175 588 652
2776 1 2 0 1176 588 589
2777 1 2 0 1177 589 653
2778 1 2 0 1178 589 590
2779 1 2 0 1179 590 654
2780 1 2 0 1180 590 591
2781 1 2 0 1181 591 655
2782 1 2 0 1182 591 592
2783 1 2 0 1183 592 656
2784 1 2 0 1184 592 593
2785 1 2 0 1185 593 657
2786 1 2 0 1186 593 594
2787 1 2 0 1187 594 658
2788 1 2 0 1188 594 595
2789 1 2 0 1189 595 659
2790 1 2 0 1190 595 596
2791 1 2 0 1191 596 660
2792 1 2 0 1192 596 597
2793 1 2 0 1193 597 661
2794 1 2 0 1194 597 598
2795 1 2 0 1195 598 662
2796 1 2 0 1196 598 599
2797 1 2 0 1197 599 663
2798 1 2 0 1198 599 600
2799 1 2 0 1199 600 664
2800 1 2 0 1200 600 601
2801 1 2 0 1201 601 665
2802 1 2 0 1202 601 602
2803 1 2 0 1203 602 666
2804 1 2 0 1204 602 603
2805 1 2 0 1205 603 667
2806 1 2 0 1206 603 604
2807 1 2 0 1207 604 668
2808 1 2 0 1208 604 605
2809 1 2 0 1209 605 669
2810 1 2 0 1210 605 606
2811 1 2 0 1211 606 670
2812 1 2 0 1212 606 607
2813 1 2 0 1213 607 671
2814 1 2 0 1214 607 608
2815 1 2 0 1215 608 672
2816 1 2 0 1216 608 609
2817 1 2 0 1217 609 673
2818 1 2 0 1218 609 610
2819 1 2 0 1219 610 674
2820 1 2 0 1220 610 611
2821 1 2 0 1221 611 675
2822 1 2 0 1222 611 612
2823 1 2 0 1223 612 676
2824 1 2 0 1224 612 613
2825 1 2 0 1225 613 677
2826 1 2 0 1226 613 614
2827 1 2 0 1227 614 678
2828 1 2 0 1228 614 615
2829 1 2 0 1229 615 679
2830 1 2 0 1230 615 616
2831 1 2 0 1231 616 680
2832 1 2 0 1232 616 617
2833 1 2 0 1233 617 681
2834 1 2 0 1234 617 618
2835 1 2 0 1235 618 682
2836 1 2 0 1236 618 619
2837 1 2 0 1237 619 683
2838 1 2 0 1238 619 620
2839 1 2 0 1239 620 684
2840 1 2 0 1240 620 621
2841 1 2 0 1241 621 685
2842 1 2 0 1242 621 622
2843 1 2 0 1243 622 686
2844 1 2 0 1244 622 623
2845 1 2 0 1245 623 687
2846 1 2 0 1246 623 624
2847 1 2 0 1247 624 688
2848 1 2 0 1248 624 625
2849 1 2 0 1249 625 689
2850 1 2 0 1250 625 626
2851 1 2 0 1251 626 690
2852 1 2 0 1252 626 627
2853 1 2 0 1253 627 691
2854 1 2 0 1254 627 628
2855 1 2 0 1255 628 692
2856 1 2 0 1256 628 629
2857 1 2 0 1257 629 693
2858 1 2 0 1258 629 630
2859 1 2 0 1259 630 694
2860 1 2 0 1260 630 631
2861 1 2 0 1261 631 695
2862 1 2 0 1262 631 632
2863 1 2 0 1263 632 696
2864 1 2 0 1264 632 633
2865 1 2 0 1265 633 697
2866 1 2 0 1266 633 634
2867 1 2 0 1267 634 698
2868 1 2 0 1268 634 635
2869 1 2 0 1269 635 699
2870 1 2 0 1270 635 636
2871 1 2 0 1271 636 700
2872 1 2 0 1272 636 637
2873 1 2 0 1273 637 701
2874 1 2 0 1274 637 638
2875 1 2 0 1275 638 702
2876 1 2 0 1276 638 639
2877 1 2 0 1277 639 703
2878 1 2 0 1278 639 640
2879 1 2 0 1279 640 704
2880 1 2 0 1280 640 577
2881 1 2 0 1281 641 705
2882 1 2 0 1282 641 642
2883 1 2 0 1283 642 706
2884 1 2 0 1284 642 643
2885 1 2 0 1285 643 707
2886 1 2 0 1286 643 644
2887 1 2 0 1287 644 708
2888 1 2 0 1288 644 645
2889 1 2 0 1289 645 709
2890 1 2 0 1290 645 646
2891 1 2 0 1291 646 710
2892 1 2 0 1292 646 647
2893 1 2 0 1293 647 711
2894 1 2 0 1294 647 648
2895 1 2 0 1295 648 712
2896 1 2 0 1296 648 649
2897 1 2 0 1297 649 713
2898 1 2 0 1298 649 650
2899 1 2 0 1299 650 714
2900 1 2 0 1300 650 651
2901 1 2 0 1301 651 715
2902 1 2 0 1302 651 652
2903 1 2 0 1303 652 716
2904 1 2 0 1304 652 653
2905 1 2 0 1305 653 717
2906 1 2 0 1306 653 654
2907 1 2 0 1307 654 718
2908 1 2 0 1308 654 655
2909 1 2 0 1309 655 719
2910 1 2 0 1310 655 656
2911 1 2 0 1311 656 720
2912 1 2 0 1312 656 657
2913 1 2 0 1313 657 721
2914 1 2 0 1314 657 658
2915 1 2 0 1315 658 722
2916 1 2 0 1316 658 659
2917 1 2 0 1317 659 723
2918 1 2 0 1318 659 660
2919 1 2 0 1319 660 724
2920 1 2 0 1320 660 661
2921 1 2 0 1321 661 725
2922 1 2 0 1322 661 662
2923 1 2 0 1323 662 726
2924 1 2 0 1324 662 663
2925 1 2 0 1325 663 727
2926 1 2 0 1326 663 664
2927 1 2 0 1327 664 728
2928 1 2 0 1328 664 665
2929 1 2 0 1329 665 729
2930 1 2 0 1330 665 666
2931 1 2 0 1331 666 730
2932 1 2 0 1332 666 667
2933 1 2 0 1333 667 731
2934 1 2 0 1334 667 668
2935 1 2 0 1335 668 732
2936 1 2 0 1336 668 669
2937 1 2 0 1337 669 733
2938 1 2 0 1338 669 670
2939 1 2 0 1339 670 734
2940 1 2 0 1340 670 671
2941 1 2 0 1341 671 735
2942 1 2 0 1342 671 672
2943 1 2 0 1343 672 736
2944 1 2 0 1344 672 673
2945 1 2 0 1345 673 737
2946 1 2 0 1346 673 674
2947 1 2 0 1347 674 738
2948 1 2 0 1348 674 675
2949 1 2 0 1349 675 739
2950 1 2 0 1350 675 676
2951 1 2 0 1351 676 740
2952 1 2 0 1352 676 677
2953 1 2 0 1353 677 741
2954 1 2 0 1354 677 678
2955 1 2 0 1355 678 742
2956 1 2 0 1356 678 679
2957 1 2 0 1357 679 743
2958 1 2 0 1358 679 680
2959 1 2 0 1359 680 744
2960 1 2 0 1360 680 681
2961 1 2 0 1361 681 745
2962 1 2 0 1362 681 682
2963 1 2 0 1363 682 746
2964 1 2 0 1364 682 683
2965 1 2 0 1365 683 747
2966 1 2 0 1366 683 684
2967 1 2 0 1367 684 748
2968 1 2 0 1368 684 685
2969 1 2 0 1369 685 749
2970 1 2 0 1370 685 686
2971 1 2 0 1371 686 750
2972 1 2 0 1372 686 687
2973 1 2 0 1373 687 751
2974 1 2 0 1374 687 688
2975 1 2 0 1375 688 752
2976 1 2 0 1376 688 689
2977 1 2 0 1377 689 753
2978 1 2 0 1378 689 690
2979 1 2 0 1379 690 754
2980 1 2 0 1380 690 691
2981 1 2 0 1381 691 755
2982 1 2 0 1382 691 692
2983 1 2 0 1383 692 756
2984 1 2 0 1384 692 693
2985 1 2 0 1385 693 757
2986 1 2 0 1386 693 694
2987 1 2 0 1387 694 758
2988 1 2 0 1388 694 695
2989 1 2 0 1389 695 759
2990 1 2 0 1390 695 696
2991 1 2 0 1391 696 760
2992 1 2 0 1392 696 697
2993 1 2 0 1393 697 761
2994 1 2 0 1394 697 698
2995 1 2 0 1395 698 762
2996 1 2 0 1396 698 699
2997 1 2 0 1397 699 763
2998 1 2 0 1398 699 700
2999 1 2 0 1399 700 764
3000 1 2 0 1400 700 701
3001 1 2 0 1401 701 765
3002 1 2 0 1402 701 702
3003 1 2 0 1403 702 766
3004 1 2 0 1404 702 703
3005 1 2 0 1405 703 767
3006 1 2 0 1406 703 704
3007 1 2 0 1407 704 768
3008 1 2 0 1408 704 641
3009 1 2 0 1409 705 769
3010 1 2 0 1410 705 706
3011 1 2 0 1411 706 770
3012 1 2 0 1412 706 707
3013 1 2 0 1413 707 771
3014 1 2 0 1414 707 708
3015 1 2 0 1415 708 772
3016 1 2 0 1416 708 709
3017 1 2 0 1417 709 773
3018 1 2 0 1418 709 710
3019 1 2 0 1419 710 774
3020 1 2 0 1420 710 711
3021 1 2 0 1421 711 775
3022 1 2 0 1422 711 712
3023 1 2 0 1423 712 776
3024 1 2 0 1424 712 713
3025 1 2 0 1425 713 777
3026 1 2 0 1426 713 714
3027 1 2 0 1427 714 778
3028 1 2 0 1428 714 715
3029 1 2 0 1429 715 779
3030 1 2 0 1430 715 716
3031 1 2 0 1431 716 780
3032 1 2 0 1432 716 717
3033 1 2 0 1433 717 781
3034 1 2 0 1434 717 718
3035 1 2 0 1435 718 782
3036 1 2 0 1436 718 719
3037 1 2 0 1437 719 783
3038 1 2 0 1438 719 720
3039 1 2 0 1439 720 784
3040 1 2 0 1440 720 721
3041 1 2 0 1441 721 785
3042 1 2 0 1442 721 722
3043 1 2 0 1443 722 786
3044 1 2 0 1444 722 723
3045 1 2 0 1445 723 787
3046 1 2 0 1446 723 724
3047 1 2 0 1447 724 788
3048 1 2 0 1448 724 725
3049 1 2 0 1449 725 789
3050 1 2 0 1450 725 726
3051 1 2 0 1451 726 790
3052 1 2 0 1452 726 727
3053 1 2 0 1453 727 791
3054 1 2 0 1454 727 728
3055 1 2 0 1455 728 792
3056 1 2 0 1456 728 729
3057 1 2 0 1457 729 793
3058 1 2 0 1458 729 730
3059 1 2 0 1459 730 794
3060 1 2 0 1460 730 731
3061 1 2 0 1461 731 795
3062 1 2 0 1462 731 732
3063 1 2 0 1463 732 796
3064 1 2 0 1464 732 733
3065 1 2 0 1465 733 797
3066 1 2 0 1466 733 734
3067 1 2 0 1467 734 798
3068 1 2 0 1468 734 735
3069 1 2 0 1469 735 799
3070 1 2 0 1470 735 736
3071 1 2 0 1471 736 800
3072 1 2 0 1472 736 737
3073 1 2 0 1473 737 801
3074 1 2 0 1474 737 738
3075 1 2 0 1475 738 802
3076 1 2 0 1476 738 739
3077 1 2 0 1477 739 803
3078 1 2 0 1478 739 740
3079 1 2 0 1479 740 804
3080 1 2 0 1480 740 741
3081 1 2 0 1481 741 805
3082 1 2 0 1482 741 742
3083 1 2 0 1483 742 806
3084 1 2 0 1484 742 743
3085 1 2 0 1485 743 807
3086 1 2 0 1486 743 744
3087 1 2 0 1487 744 808
3088 1 2 0 1488 744 745
3089 1 2 0 1489 745 809
3090 1 2 0 1490 745 746
3091 1 2 0 1491 746 810
3092 1 2 0 1492 746 747
3093 1 2 0 1493 747 811
3094 1 2 0 1494 747 748
3095 1 2 0 1495 748 812
3096 1 2 0 1496 748 749
3097 1 2 0 1497 749 813
3098 1 2 0 1498 749 750
3099 1 2 0 1499 750 814
3100 1 2 0 1500 750 751
3101 1 2 0 1501 751 815
3102 1 2 0 1502 751 752
3103 1 2 0 1503 752 816
3104 1 2 0 1504 752 753
3105 1 2 0 1505 753 817
3106 1 2 0 1506 753 754
3107 1 2 0 1507 754 818
3108 1 2 0 1508 754 755
3109 1 2 0 1509 755 819
3110 1 2 0 1510 755 756
3111 1 2 0 1511 756 820
3112 1 2 0 1512 756 757
3113 1 2 0 1513 757 821
3114 1 2 0 1514 757 758
3115 1 2 0 1515 758 822
3116 1 2 0 1516 758 759
3117 1 2 0 1517 759 823
3118 1 2 0 1518 759 760
3119 1 2 0 1519 760 824
3120 1 2 0 1520 760 761
3121 1 2 0 1521 761 825
3122 1 2 0 1522 761 762
3123 1 2 0 1523 762 826
3124 1 2 0 1524 762 763
3125 1 2 0 1525 763 827
3126 1 2 0 1526 763 764
3127 1 2 0 1527 764 828
3128 1 2 0 1528 764 765
3129 1 2 0 1529 765 829
3130 1 2 0 1530 765 766
3131 1 2 0 1531 766 830
3132 1 2 0 1532 766 767
3133 1 2 0 1533 767 831
3134 1 2 0 1534 767 768
3135 1 2 0 1535 768 832
3136 1 2 0 1536 768 705
3137 1 2 0 1537 769 833
3138 1 2 0 1538 769 770
3139 1 2 0 1539 770 834
3140 1 2 0 1540 770 771
3141 1 2 0 1541 771 835
3142 1 2 0 1542 771 772
3143 1 2 0 1543 772 836
3144 1 2 0 1544 772 773
3145 1 2 0 1545 773 837
3146 1 2 0 1546 773 774
3147 1 2 0 1547 774 838
3148 1 2 0 1548 774 775
3149 1 2 0 1549 775 839
3150 1 2 0 1550 775 776
3151 1 2 0 1551 776 840
3152 1 2 0 1552 776 777
3153 1 2 0 1553 777 841
3154 1 2 0 1554 777 778
3155 1 2 0 1555 778 842
3156 1 2 0 1556 778 779
3157 1 2 0 1557 779 843
3158 1 2 0 1558 779 780
3159 1 2 0 1559 780 844
3160 1 2 0 1560 780 781
3161 1 2 0 1561 781 845
3162 1 2 0 1562 781 782
3163 1 2 0 1563 782 846
3164 1 2 0 1564 782 783
3165 1 2 0 1565 783 847
3166 1 2 0 1566 783 784
3167 1 2 0 1567 784 848
3168 1 2 0 1568 784 785
3169 1 2 0 1569 785 849
3170 1 2 0 1570 785 786
3171 1 2 0 1571 786 850
3172 1 2 0 1572 786 787
3173 1 2 0 1573 787 851
3174 1 2 0 1574 787 788
3175 1 2 0 1575 788 852
3176 1 2 0 1576 788 789
3177 1 2 0 1577 789 853
3178 1 2 0 1578 789 790
3179 1 2 0 1579 790 854
3180 1 2 0 1580 790 791
3181 1 2 0 1581 791 855
3182 1 2 0 1582 791 792
3183 1 2 0 1583 792 856
3184 1 2 0 1584 792 793
3185 1 2 0 1585 793 857
3186 1 2 0 1586 793 794
3187 1 2 0 1587 794 858
3188 1 2 0 1588 794 795
3189 1 2 0 1589 795 859
3190 1 2 0 1590 795 796
3191 1 2 0 1591 796 860
3192 1 2 0 1592 796 797
3193 1 2 0 1593 797 861
3194 1 2 0 1594 797 798
3195 1 2 0 1595 798 862
3196 1 2 0 1596 798 799
3197 1 2 0 1597 799 863
3198 1 2 0 1598 799 800
3199 1 2 0 1599 800 864
3200 1 2 0 1600 800 801
3201 1 2 0 1601 801 865
3202 1 2 0 1602 801 802
3203 1 2 0 1603 802 866
3204 1 2 0 1604 802 803
3205 1 2 0 1605 803 867
3206 1 2 0 1606 803 804
3207 1 2 0 1607 804 868
3208 1 2 0 1608 804 805
3209 1 2 0 1609 805 869
3210 1 2 0 1610 805 806
3211 1 2 0 1611 806 870
3212 1 2 0 1612 806 807
3213 1 2 0 1613 807 871
3214 1 2 0 1614 807 808
3215 1 2 0 1615 808 872
3216 1 2 0 1616 808 809
3217 1 2 0 1617 809 873
3218 1 2 0 1618 809 810
3219 1 2 0 1619 810 874
3220 1 2 0 1620 810 811
3221 1 2 0 1621 811 875
3222 1 2 0 1622 811 812
3223 1 2 0 1623 812 876
3224 1 2 0 1624 812 813
3225 1 2 0 1625 813 877
3226 1 2 0 1626 813 814
3227 1 2 0 1627 814 878
3228 1 2 0 1628 814 815
3229 1 2 0 1629 815 879
3230 1 2 0 1630 815 816
3231 1 2 0 1631 816 880
3232 1 2 0 1632 816 817
3233 1 2 0 1633 817 881
3234 1 2 0 1634 817 818
3235 1 2 0 1635 818 882
3236 1 2 0 1636 818 819
3237 1 2 0 1637 819 883
3238 1 2 0 1638 819 820
3239 1 2 0 1639 820 884
3240 1 2 0 1640 820 821
3241 1 2 0 1641 821 885
3242 1 2 0 1642 821 822
3243 1 2 0 1643 822 886
3244 1 2 0 1644 822 823
3245 1 2 0 1645 823 887
3246 1 2 0 1646 823 824
3247 1 2 0 1647 824 888
3248 1 2 0 1648 824 825
3249 1 2 0 1649 825 889
3250 1 2 0 1650 825 826
3251 1 2 0 1651 826 890
3252 1 2 0 1652 826 827
3253 1 2 0 1653 827 891
3254 1 2 0 1654 827 828
3255 1 2 0 1655 828 892
3256 1 2 0 1656 828 829
3257 1 2 0 1657 829 893
3258 1 2 0 1658 829 830
3259 1 2 0 1659 830 894
3260 1 2 0 1660 830 831
3261 1 2 0 1661 831 895
3262 1 2 0 1662 831 832
3263 1 2 0 1663 832 896
3264 1 2 0 1664 832 769
3265 1 2 0 1665 833 897
3266 1 2 0 1666 833 834
3267 1 2 0 1667 834 898
3268 1 2 0 1668 834 835
3269 1 2 0 1669 835 899
3270 1 2 0 1670 835 836
3271 1 2 0 1671 836 900
3272 1 2 0 1672 836 837
3273 1 2 0 1673 837 901
3274 1 2 0 1674 837 838
3275 1 2 0 1675 838 902
3276 1 2 0 1676 838 839
3277 1 2 0 1677 839 903
3278 1 2 0 1678 839 840
3279 1 2 0 1679 840 904
3280 1 2 0 1680 840 841
3281 1 2 0 1681 841 905
3282 1 2 0 1682 841 842
3283 1 2 0 1683 842 906
3284 1 2 0 1684 842 843
3285 1 2 0 1685 843 907
3286 1 2 0 1686 843 844
3287 1 2 0 1687 844 908
3288 1 2 0 1688 844 845
3289 1 2 0 1689 845 909
3290 1 2 0 1690 845 846
3291 1 2 0 1691 846 910
3292 1 2 0 1692 846 847
3293 1 2 0 1693 847 911
3294 1 2 0 1694 847 848
3295 1 2 0 1695 848 912
3296 1 2 0 1696 848 849
3297 1 2 0 1697 849 913
3298 1 2 0 1698 849 850
3299 1 2 0 1699 850 914
3300 1 2 0 1700 850 851
3301 1 2 0 1701 851 915
3302 1 2 0 1702 851 852
3303 1 2 0 1703 852 916
3304 1 2 0 1704 852 853
3305 1 2 0 1705 853 917
3306 1 2 0 1706 853 854
3307 1 2 0 1707 854 918
3308 1 2 0 1708 854 855
3309 1 2 0 1709 855 919
3310 1 2 0 1710 855 856
3311 1 2 0 1711 856 920
3312 1 2 0 1712 856 857
3313 1 2 0 1713 857 921
3314 1 2 0 1714 857 858
3315 1 2 0 1715 858 922
3316 1 2 0 1716 858 859
3317 1 2 0 1717 859 923
3318 1 2 0 1718 859 860
3319 1 2 0 1719 860 924
3320 1 2 0 1720 860 861
3321 1 2 0 1721 861 925
3322 1 2 0 1722 861 862
3323 1 2 0 1723 862 926
3324 1 2 0 1724 862 863
3325 1 2 0 1725 863 927
3326 1 2 0 1726 863 864
3327 1 2 0 1727 864 928
3328 1 2 0 1728 864 865
3329 1 2 0 1729 865 929
3330 1 2 0 1730 865 866
3331 1 2 0 1731 866 930
3332 1 2 0 1732 866 867
3333 1 2 0 1733 867 931
3334 1 2 0 1734 867 868
3335 1 2 0 1735 868 932
3336 1 2 0 1736 868 869
3337 1 2 0 1737 869 933
3338 1 2 0 1738 869 870
3339 1 2 0 1739 870 934
3340 1 2 0 1740 870 871
3341 1 2 0 1741 871 935
3342 1 2 0 1742 871 872
3343 1 2 0 1743 872 936
3344 1 2 0 1744 872 873
3345 1 2 0 1745 873 937
3346 1 2 0 1746 873 874
3347 1 2 0 1747 874 938
3348 1 2 0 1748 874 875
3349 1 2 0 1749 875 939
3350 1 2 0 1750 875 876
3351 1 2 0 1751 876 940
3352 1 2 0 1752 876 877
3353 1 2 0 1753 877 941
3354 1 2 0 1754 877 878
3355 1 2 0 1755 878 942
3356 1 2 0 1756 878 879
3357 1 2 0 1757 879 943
3358 1 2 0 1758 879 880
3359 1 2 0 1759 880 944
3360 1 2 0 1760 880 881
3361 1 2 0 1761 881 945
3362 1 2 0 1762 881 882
3363 1 2 0 1763 882 946
3364 1 2 0 1764 882 883
3365 1 2 0 1765 883 947
3366 1 2 0 1766 883 884
3367 1 2 0 1767 884 948
3368 1 2 0 1768 884 885
3369 1 2 0 1769 885 949
3370 1 2 0 1770 885 886
3371 1 2 0 1771 886 950
3372 1 2 0 1772 886 887
3373 1 2 0 1773 887 951
3374 1 2 0 1774 887 888
3375 1 2 0 1775 888 952
3376 1 2 0 1776 888 889
3377 1 2 0 1777 889 953
3378 1 2 0 1778 889 890
3379 1 2 0 1779 890 954
3380 1 2 0 1780 890 891
3381 1 2 0 1781 891 955
3382 1 2 0 1782 891 892
3383 1 2 0 1783 892 956
3384 1 2 0 1784 892 893
3385 1 2 0 1785 893 957
3386 1 2 0 1786 893 894
3387 1 2 0 1787 894 958
3388 1 2 0 1788 894 895
3389 1 2 0 1789 895 959
3390 1 2 0 1790 895 896
3391 1 2 0 1791 896 960
3392 1 2 0 1792 896 833
3393 1 2 0 1793 897 961
3394 1 2 0 1794 897 898
3395 1 2 0 1795 898 962
3396 1 2 0 1796 898 899
3397 1 2 0 1797 899 963
3398 1 2 0 1798 899 900
3399 1 2 0 1799 900 964
3400 1 2 0 1800 900 901
3401 1 2 0 1801 901 965
3402 1 2 0 1802 901 902
3403 1 2 0 1803 902 966
3404 1 2 0 1804 902 903
3405 1 2 0 1805 903 967
3406 1 2 0 1806 903 904
3407 1 2 0 1807 904 968
3408 1 2 0 1808 904 905
3409 1 2 0 1809 905 969
3410 1 2 0 1810 905 906
3411 1 2 0 1811 906 970
3412 1 2 0 1812 906 907
3413 1 2 0 1813 907 971
3414 1 2 0 1814 907 908
3415 1 2 0 1815 908 972
3416 1 2 0 1816 908 909
3417 1 2 0 1817 909 973
3418 1 2 0 1818 909 910
3419 1 2 0 1819 910 974
3420 1 2 0 1820 910 911
3421 1 2 0 1821 911 975
3422 1 2 0 1822 911 912
3423 1 2 0 1823 912 976
3424 1 2 0 1824 912 913
3425 1 2 0 1825 913 977
3426 1 2 0 1826 913 914
3427 1 2 0 1827 914 978
3428 1 2 0 1828 914 915
3429 1 2 0 1829 915 979
3430 1 2 0 1830 915 916
3431 1 2 0 1831 916 980
3432 1 2 0 1832 916 917
3433 1 2 0 1833 917 981
3434 1 2 0 1834 917 918
3435 1 2 0 1835 918 982
3436 1 2 0 1836 918 919
3437 1 2 0 1837 919 983
3438 1 2 0 1838 919 920
3439 1 2 0 1839 920 984
3440 1 2 0 1840 920 921
3441 1 2 0 1841 921 985
3442 1 2 0 1842 921 922
3443 1 2 0 1843 922 986
3444 1 2 0 1844 922 923
3445 1 2 0 1845 923 987
3446 1 2 0 1846 923 924
3447 1 2 0 1847 924 988
3448 1 2 0 1848 924 925
3449 1 2 0 1849 925 989
3450 1 2 0 1850 925 926
3451 1 2 0 1851 926 990
3452 1 2 0 1852 926 927
3453 1 2 0 1853 927 991
3454 1 2 0 1854 927 928
3455 1 2 0 1855 928 992
3456 1 2 0 1856 928 929
3457 1 2 0 1857 929 993
3458 1 2 0 1858 929 930
3459 1 2 0 1859 930 994
3460 1 2 0 1860 930 931
3461 1 2 0 1861 931 995
3462 1 2 0 1862 931 932
3463 1 2 0 1863 932 996
3464 1 2 0 1864 932 933
3465 1 2 0 1865 933 997
3466 1 2 0 1866 933 934
3467 1 2 0 1867 934 998
3468 1 2 0 1868 934 935
3469 1 2 0 1869 935 999
3470 1 2 0 1870 935 936
3471 1 2 0 1871 936 1000
3472 1 2 0 1872 936 937
3473 1 2 0 1873 937 1001
3474 1 2 0 1874 937 938
3475 1 2 0 1875 938 1002
3476 1 2 0 1876 938 939
3477 1 2 0 1877 939 1003
3478 1 2 0 1878 939 940
3479 1 2 0 1879 940 1004
3480 1 2 0 1880 940 941
3481 1 2 0 1881 941 1005
3482 1 2 0 1882 941 942
3483 1 2 0 1883 942 1006
3484 1 2 0 1884 942 943
3485 1 2 0 1885 943 1007
3486 1 2 0 1886 943 944
3487 1 2 0 1887 944 1008
3488 1 2 0 1888 944 945
3489 1 2 0 1889 945 1009
3490 1 2 0 1890 945 946
3491 1 2 0 1891 946 1010
3492 1 2 0 1892 946 947
3493 1 2 0 1893 947 1011
3494 1 2 0 1894 947 948
3495 1 2 0 1895 948 1012
3496 1 2 0 1896 948 949
3497 1 2 0 1897 949 1013
3498 1 2 0 1898 949 950
3499 1 2 0 1899 950 1014
3500 1 2 0 1900 950 951
3501 1 2 0 1901 951 1015
3502 1 2 0 1902 951 952
3503 1 2 0 1903 952 1016
3504 1 2 0 1904 952 953
3505 1 2 0 1905 953 1017
3506 1 2 0 1906 953 954
3507 1 2 0 1907 954 1018
3508 1 2 0 1908 954 955
3509 1 2 0 1909 955 1019
3510 1 2 0 1910 955 956
3511 1 2 0 1911 956 1020
3512 1 2 0 1912 956 957
3513 1 2 0 1913 957 1021
3514 1 2 0 1914 957 958
3515 1 2 0 1915 958 1022
3516 1 2 0 1916 958 959
3517 1 2 0 1917 959 1023
3518 1 2 0 1918 959 960
3519 1 2 0 1919 960 1024
3520 1 2 0 1920 960 897
3521 1 2 0 1921 961 1025
3522 1 2 0 1922 961 962
3523 1 2 0 1923 962 1026
3524 1 2 0 1924 962 963
3525 1 2 0 1925 963 1027
3526 1 2 0 1926 963 964
3527 1 2 0 1927 964 1028
3528 1 2 0 1928 964 965
3529 1 2 0 1929 965 1029
3530 1 2 0 1930 965 966
3531 1 2 0 1931 966 1030
3532 1 2 0 1932 966 967
3533 1 2 0 1933 967 1031
3534 1 2 0 1934 967 968
3535 1 2 0 1935 968 1032
3536 1 2 0 1936 968 969
3537 1 2 0 1937 969 1033
3538 1 2 0 1938 969 970
3539 1 2 0 1939 970 1034
3540 1 2 0 1940 970 971
3541 1 2 0 1941 971 1035
3542 1 2 0 1942 971 972
3543 1 2 0 1943 972 1036
3544 1 2 0 1944 972 973
3545 1 2 0 1945 973 1037
3546 1 2 0 1946 973 974
3547 1 2 0 1947 974 1038
3548 1 2 0 1948 974 975
3549 1 2 0 1949 975 1039
3550 1 2 0 1950 975 976
3551 1 2 0 1951 976 1040
3552 1 2 0 1952 976 977
3553 1 2 0 1953 977 1041
3554 1 2 0 1954 977 978
3555 1 2 0 1955 978 1042
3556 1 2 0 1956 978 979
3557 1 2 0 1957 979 1043
3558 1 2 0 1958 979 980
3559 1 2 0 1959 980 1044
3560 1 2 0 1960 980 981
3561 1 2 0 1961 981 1045
3562 1 2 0 1962 981 982
3563 1 2 0 1963 982 1046
3564 1 2 0 1964 982 983
3565 1 2 0 1965 983 1047
3566 1 2 0 1966 983 984
3567 1 2 0 1967 984 1048
3568 1 2 0 1968 984 985
3569 1 2 0 1969 985 1049
3570 1 2 0 1970 985 986
3571 1 2 0 1971 986 1050
3572 1 2 0 1972 986 987
3573 1 2 0 1973 987 1051
3574 1 2 0 1974 987 988
3575 1 2 0 1975 988 1052
3576 1 2 0 1976 988 989
3577 1 2 0 1977 989 1053
3578 1 2 0 1978 989 990
3579 1 2 0 1979 990 1054
3580 1 2 0 1980 990 991
3581 1 2 0 1981 991 1055
3582 1 2 0 1982 991 992
3583 1 2 0 1983 992 1056
3584 1 2 0 1984 992 993
3585 1 2 0 1985 993 1057
3586 1 2 0 1986 993 994
3587 1 2 0 1987 994 1058
3588 1 2 0 1988 994 995
3589 1 2 0 1989 995 1059
3590 1 2 0 1990 995 996
3591 1 2 0 1991 996 1060
3592 1 2 0 1992 996 997
3593 1 2 0 1993 997 1061
3594 1 2 0 1994 997 998
3595 1 2 0 1995 998 1062
3596 1 2 0 1996 998 999
3597 1 2 0 1997 999 1063
3598 1 2 0 1998 999 1000
3599 1 2 0 1999 1000 1064
3600 1 2 0 2000 1000 1001
3601 1 2 0 2001 1001 1065
3602 1 2 0 2002 1001 1002
3603 1 2 0 2003 1002 1066
3604 1 2 0 2004 1002 1003
3605 1 2 0 2005 1003 1067
3606 1 2 0 2006 1003 1004
3607 1 2 0 2007 1004 1068
3608 1 2 0 2008 1004 1005
3609 1 2 0 2009 1005 1069
3610 1 2 0 2010 1005 1006
3611 1 2 0 2011 1006 1070
3612 1 2 0 2012 1006 1007
3613 1 2 0 2013 1007 1071
3614 1 2 0 2014 1007 1008
3615 1 2 0 2015 1008 1072
3616 1 2 0 2016 1008 1009
3617 1 2 0 2017 1009 1073
3618 1 2 0 2018 1009 1010
3619 1 2 0 2019 1010 1074
3620 1 2 0 2020 1010 1011
3621 1 2 0 2021 1011 1075
3622 1 2 0 2022 1011 1012
3623 1 2 0 2023 1012 1076
3624 1 2 0 2024 1012 1013
3625 1 2 0 2025 1013 1077
3626 1 2 0 2026 1013 1014
3627 1 2 0 2027 1014 1078
3628 1 2 0 2028 1014 1015
3629 1 2 0 2029 1015 1079
3630 1 2 0 2030 1015 1016
3631 1 2 0 2031 1016 1080
3632 1 2 0 2032 1016 1017
3633 1 2 0 2033 1017 1081
3634 1 2 0 2034 1017 1018
3635 1 2 0 2035 1018 1082
3636 1 2 0 2036 1018 1019
3637 1 2 0 2037 1019 1083
3638 1 2 0 2038 1019 1020
3639 1 2 0 2039 1020 1084
3640 1 2 0 2040 1020 1021
3641 1 2 0 2041 1021 1085
3642 1 2 0 2042 1021 1022
3643 1 2 0 2043 1022 1086
3644 1 2 0 2044 1022 1023
3645 1 2 0 2045 1023 1087
3646 1 2 0 2046 1023 1024
3647 1 2 0 2047 1024 1088
3648 1 2 0 2048 1024 961
3649 1 2 0 2049 1025 1089
3650 1 2 0 2050 1025 1026
3651 1 2 0 2051 1026 1090
3652 1 2 0 2052 1026 1027
3653 1 2 0 2053 1027 1091
3654 1 2 0 2054 1027 1028
3655 1 2 0 2055 1028 1092
3656 1 2 0 2056 1028 1029
3657 1 2 0 2057 1029 1093
3658 1 2 0 2058 1029 1030
3659 1 2 0 2059 1030 1094
3660 1 2 0 2060 1030 1031
3661 1 2 0 2061 1031 1095
3662 1 2 0 2062 1031 1032
3663 1 2 0 2063 1032 1096
3664 1 2 0 2064 1032 1033
3665 1 2 0 2065 1033 1097
3666 1 2 0 2066 1033 1034
3667 1 2 0 2067 1034 1098
3668 1 2 0 2068 1034 1035
3669 1 2 0 2069 1035 1099
3670 1 2 0 2070 1035 1036
3671 1 2 0 2071 1036 1100
3672 1 2 0 2072 1036 1037
3673 1 2 0 2073 1037 1101
3674 1 2 0 2074 1037 1038
3675 1 2 0 2075 1038 1102
3676 1 2 0 2076 1038 1039
3677 1 2 0 2077 1039 1103
3678 1 2 0 2078 1039 1040
3679 1 2 0 2079 1040 1104
3680 1 2 0 2080 1040 1041
3681 1 2 0 2081 1041 1105
3682 1 2 0 2082 1041 1042
3683 1 2 0 2083 1042 1106
3684 1 2 0 2084 1042 1043
3685 1 2 0 2085 1043 1107
3686 1 2 0 2086 1043 1044
3687 1 2 0 2087 1044 1108
3688 1 2 0 2088 1044 1045
3689 1 2 0 2089 1045 1109
3690 1 2 0 2090 1045 1046
3691 1 2 0 2091 1046 1110
3692 1 2 0 2092 1046 1047
3693 1 2 0 2093 1047 1111
3694 1 2 0 2094 1047 1048
3695 1 2 0 2095 1048 1112
3696 1 2 0 2096 1048 1049
3697 1 2 0 2097 1049 1113
3698 1 2 0 2098 1049 1050
3699 1 2 0 2099 1050 1114
3700 1 2 0 2100 1050 1051
3701 1 2 0 2101 1051 1115
3702 1 2 0 2102 1051 1052
3703 1 2 0 2103 1052 1116
3704 1 2 0 2104 1052 1053
3705 1 2 0 2105 1053 1117
3706 1 2 0 2106 1053 1054
3707 1 2 0 2107 1054 1118
3708 1 2 0 2108 1054 1055
3709 1 2 0 2109 1055 1119
3710 1 2 0 2110 1055 1056
3711 1 2 0 2111 1056 1120
3712 1 2 0 2112 1056 1057
3713 1 2 0 2113 1057 1121
3714 1 2 0 2114 1057 1058
3715 1 2 0 2115 1058 1122
3716 1 2 0 2116 1058 1059
3717 1 2 0 2117 1059 1123
3718 1 2 0 2118 1059 1060
3719 1 2 0 2119 1060 1124
3720 1 2 0 2120 1060 1061
3721 1 2 0 2121 1061 1125
3722 1 2 0 2122 1061 1062
3723 1 2 0 2123 1062 1126
3724 1 2 0 2124 1062 1063
3725 1 2 0 2125 1063 1127
3726 1 2 0 2126 1063 1064
3727 1 2 0 2127 1064 1128
3728 1 2 0 2128 1064 1065
3729 1 2 0 2129 1065 1129
3730 1 2 0 2130 1065 1066
3731 1 2 0 2131 1066 1130
3732 1 2 0 2132 1066 1067
3733 1 2 0 2133 1067 1131
3734 1 2 0 2134 1067 1068
3735 1 2 0 2135 1068 1132
3736 1 2 0 2136 1068 1069
3737 1 2 0 2137 1069 1133
3738 1 2 0 2138 1069 1070
3739 1 2 0 2139 1070 1134
3740 1 2 0 2140 1070 1071
3741 1 2 0 2141 1071 1135
3742 1 2 0 2142 1071 1072
3743 1 2 0 2143 1072 1136
3744 1 2 0 2144 1072 1073
3745 1 2 0 2145 1073 1137
3746 1 2 0 2146 1073 1074
3747 1 2 0 2147 1074 1138
3748 1 2 0 2148 1074 1075
3749 1 2 0 2149 1075 1139
3750 1 2 0 2150 1075 1076
3751 1 2 0 2151 1076 1140
3752 1 2 0 2152 1076 1077
3753 1 2 0 2153 1077 1141
3754 1 2 0 2154 1077 1078
3755 1 2 0 2155 1078 1142
3756 1 2 0 2156 1078 1079
3757 1 2 0 2157 1079 1143
3758 1 2 0 2158 1079 1080
3759 1 2 0 2159 1080 1144
3760 1 2 0 2160 1080 1081
3761 1 2 0 2161 1081 1145
3762 1 2 0 2162 1081 1082
3763 1 2 0 2163 1082 1146
3764 1 2 0 2164 1082 1083
3765 1 2 0 2165 1083 1147
3766 1 2 0 2166 1083 1084
3767 1 2 0 2167 1084 1148
3768 1 2 0 2168 1084 1085
3769 1 2 0 2169 1085 1149
3770 1 2 0 2170 1085 1086
3771 1 2 0 2171 1086 1150
3772 1 2 0 2172 1086 1087
3773 1 2 0 2173 1087 1151
3774 1 2 0 2174 1087 1088
3775 1 2 0 2175 1088 1152
3776 1 2 0 2176 1088 1025
3777 1 2 0 2177 1089 1153
3778 1 2 0 2178 1089 1090
3779 1 2 0 2179 1090 1154
3780 1 2 0 2180 1090 1091
3781 1 2 0 2181 1091 1155
3782 1 2 0 2182 1091 1092
3783 1 2 0 2183 1092 1156
3784 1 2 0 2184 1092 1093
3785 1 2 0 2185 1093 1157
3786 1 2 0 2186 1093 1094
3787 1 2 0 2187 1094 1158
3788 1 2 0 2188 1094 1095
3789 1 2 0 2189 1095 1159
3790 1 2 0 2190 1095 1096
3791 1 2 0 2191 1096 1160
3792 1 2 0 2192 1096 1097
3793 1 2 0 2193 1097 1161
3794 1 2 0 2194 1097 1098
3795 1 2 0 2195 1098 1162
3796 1 2 0 2196 1098 1099
3797 1 2 0 2197 1099 1163
3798 1 2 0 2198 1099 1100
3799 1 2 0 2199 1100 1164
3800 1 2 0 2200 1100 1101
3801 1 2 0 2201 1101 1165
3802 1 2 0 2202 1101 1102
3803 1 2 0 2203 1102 1166
3804 1 2 0 2204 1102 1103
3805 1 2 0 2205 1103 1167
3806 1 2 0 2206 1103 1104
3807 1 2 0 2207 1104 1168
3808 1 2 0 2208 1104 1105
3809 1 2 0 2209 1105 1169
3810 1 2 0 2210 1105 1106
3811 1 2 0 2211 1106 1170
3812 1 2 0 2212 1106 1107
3813 1 2 0 2213 1107 1171
3814 1 2 0 2214 1107 1108
3815 1 2 0 2215 1108 1172
3816 1 2 0 2216 1108 1109
3817 1 2 0 2217 1109 1173
3818 1 2 0 2218 1109 1110
3819 1 2 0 2219 1110 1174
3820 1 2 0 2220 1110 1111
3821 1 2 0 2221 1111 1175
3822 1 2 0 2222 1111 1112
3823 1 2 0 2223 1112 1176
3824 1 2 0 2224 1112 1113
3825 1 2 0 2225 1113 1177
3826 1 2 0 2226 1113 1114
3827 1 2 0 2227 1114 1178
3828 1 2 0 2228 1114 1115
3829 1 2 0 2229 1115 1179
3830 1 2 0 2230 1115 1116
3831 1 2 0 2231 1116 1180
3832 1 2 0 2232 1116 1117
3833 1 2 0 2233 1117 1181
3834 1 2 0 2234 1117 1118
3835 1 2 0 2235 1118 1182
3836 1 2 0 2236 1118 1119
3837 1 2 0 2237 1119 1183
3838 1 2 0 2238 1119 1120
3839 1 2 0 2239 1120 1184
3840 1 2 0 2240 1120 1121
3841 1 2 0 2241 1121 1185
3842 1 2 0 2242 1121 1122
3843 1 2 0 2243 1122 1186
3844 1 2 0 2244 1122 1123
3845 1 2 0 2245 1123 1187
3846 1 2 0 2246 1123 1124
3847 1 2 0 2247 1124 1188
3848 1 2 0 2248 1124 1125
3849 1 2 0 2249 1125 1189
3850 1 2 0 2250 1125 1126
3851 1 2 0 2251 1126 1190
3852 1 2 0 2252 1126 1127
3853 1 2 0 2253 1127 1191
3854 1 2 0 2254 1127 1128
3855 1 2 0 2255 1128 1192
3856 1 2 0 2256 1128 1129
3857 1 2 0 2257 1129 1193
3858 1 2 0 2258 1129 1130
3859 1 2 0 2259 1130 1194
3860 1 2 0 2260 1130 1131
3861 1 2 0 2261 1131 1195
3862 1 2 0 2262 1131 1132
3863 1 2 0 2263 1132 1196
3864 1 2 0 2264 1132 1133
3865 1 2 0 2265 1133 1197
3866 1 2 0 2266 1133 1134
3867 1 2 0 2267 1134 1198
3868 1 2 0 2268 1134 1135
3869 1 2 0 2269 1135 1199
3870 1 2 0 2270 1135 1136
3871 1 2 0 2271 1136 1200
3872 1 2 0 2272 1136 1137
3873 1 2 0 2273 1137 1201
3874 1 2 0 2274 1137 1138
3875 1 2 0 2275 1138 1202
3876 1 2 0 2276 1138 1139
3877 1 2 0 2277 1139 1203
3878 1 2 0 2278 1139 1140
3879 1 2 0 2279 1140 1204
3880 1 2 0 2280 1140 1141
3881 1 2 0 2281 1141 1205
3882 1 2 0 2282 1141 1142
3883 1 2 0 2283 1142 1206
3884 1 2 0 2284 1142 1143
3885 1 2 0 2285 1143 1207
3886 1 2 0 2286 1143 1144
3887 1 2 0 2287 1144 1208
3888 1 2 0 2288 1144 1145
3889 1 2 0 2289 1145 1209
3890 1 2 0 2290 1145 1146
3891 1 2 0 2291 1146 1210
3892 1 2 0 2292 1146 1147
3893 1 2 0 2293 1147 1211
3894 1 2 0 2294 1147 1148
3895 1 2 0 2295 1148 1212
3896 1 2 0 2296 1148 1149
3897 1 2 0 2297 1149 1213
3898 1 2 0 2298 1149 1150
3899 1 2 0 2299 1150 1214
3900 1 2 0 2300 1150 1151
3901 1 2 0 2301 1151 1215
3902 1 2 0 2302 1151 1152
3903 1 2 0 2303 1152 1216
3904 1 2 0 2304 1152 1089
3905 1 2 0 2305 1153 1217
3906 1 2 0 2306 1153 1154
3907 1 2 0 2307 1154 1218
3908 1 2 0 2308 1154 1155
3909 1 2 0 2309 1155 1219
3910 1 2 0 2310 1155 1156
3911 1 2 0 2311 1156 1220
3912 1 2 0 2312 1156 1157
3913 1 2 0 2313 1157 1221
3914 1 2 0 2314 1157 1158
3915 1 2 0 2315 1158 1222
3916 1 2 0 2316 1158 1159
3917 1 2 0 2317 1159 1223
3918 1 2 0 2318 1159 1160
3919 1 2 0 2319 1160 1224
3920 1 2 0 2320 1160 1161
3921 1 2 0 2321 1161 1225
3922 1 2 0 2322 1161 1162
3923 1 2 0 2323 1162 1226
3924 1 2 0 2324 1162 1163
3925 1 2 0 2325 1163 1227
3926 1 2 0 2326 1163 1164
3927 1 2 0 2327 1164 1228
3928 1 2 0 2328 1164 1165
3929 1 2 0 2329 1165 1229
3930 1 2 0 2330 1165 1166
3931 1 2 0 2331 1166 1230
3932 1 2 0 2332 1166 1167
3933 1 2 0 2333 1167 1231
3934 1 2 0 2334 1167 1168
3935 1 2 0 2335 1168 1232
3936 1 2 0 2336 1168 1169
3937 1 2 0 2337 1169 1233
3938 1 2 0 2338 1169 1170
3939 1 2 0 2339 1170 1234
3940 1 2 0 2340 1170 1171
3941 1 2 0 2341 1171 1235
3942 1 2 0 2342 1171 1172
3943 1 2 0 2343 1172 1236
3944 1 2 0 2344 1172 1173
3945 1 2 0 2345 1173 1237
3946 1 2 0 2346 1173 1174
3947 1 2 0 2347 1174 1238
3948 1 2 0 2348 1174 1175
3949 1 2 0 2349 1175 1239
3950 1 2 0 2350 1175 1176
3951 1 2 0 2351 1176 1240
3952 1 2 0 2352 1176 1177
3953 1 2 0 2353 1177 1241
3954 1 2 0 2354 1177 1178
3955 1 2 0 2355 1178 1242
3956 1 2 0 2356 1178 1179
3957 1 2 0 2357 1179 1243
3958 1 2 0 2358 1179 1180
3959 1 2 0 2359 1180 1244
3960 1 2 0 2360 1180 1181
3961 1 2 0 2361 1181 1245
3962 1 2 0 2362 1181 1182
3963 1 2 0 2363 1182 1246
3964 1 2 0 2364 1182 1183
3965 1 2 0 2365 1183 1247
3966 1 2 0 2366 1183 1184
3967 1 2 0 2367 1184 1248
3968 1 2 0 2368 1184 1185
3969 1 2 0 2369 1185 1249
3970 1 2 0 2370 1185 1186
3971 1 2 0 2371 1186 1250
3972 1 2 0 2372 1186 1187
3973 1 2 0 2373 1187 1251
3974 1 2 0 2374 1187 1188
3975 1 2 0 2375 1188 1252
3976 1 2 0 2376 1188 1189
3977 1 2 0 2377 1189 1253
3978 1 2 0 2378 1189 1190
3979 1 2 0 2379 1190 1254
3980 1 2 0 2380 1190 1191
3981 1 2 0 2381 1191 1255
3982 1 2 0 2382 1191 1192
3983 1 2 0 2383 1192 1256
3984 1 2 0 2384 1192 1193
3985 1 2 0 2385 1193 1257
3986 1 2 0 2386 1193 1194
3987 1 2 0 2387 1194 1258
3988 1 2 0 2388 1194 1195
3989 1 2 0 2389 1195 1259
3990 1 2 0 2390 1195 1196
3991 1 2 0 2391 1196 1260
3992 1 2 0 2392 1196 1197
3993 1 2 0 2393 1197 1261
3994 1 2 0 2394 1197 1198
3995 1 2 0 2395 1198 1262
3996 1 2 0 2396 1198 1199
3997 1 2 0 2397 1199 1263
3998 1 2 0 2398 1199 1200
3999 1 2 0 2399 1200 1264
4000 1 2 0 2400 1200 1201
4001 1 2 0 2401 1201 1265
4002 1 2 0 2402 1201 1202
4003 1 2 0 2403 1202 1266
4004 1 2 0 2404 1202 1203
4005 1 2 0 2405 1203 1267
4006 1 2 0 2406 1203 1204
4007 1 2 0 2407 1204 1268
4008 1 2 0 2408 1204 1205
4009 1 2 0 2409 1205 1269
4010 1 2 0 2410 1205 1206
4011 1 2 0 2411 1206 1270
4012 1 2 0 2412 1206 1207
4013 1 2 0 2413 1207 1271
4014 1 2 0 2414 1207 1208
4015 1 2 0 2415 1208 1272
4016 1 2 0 2416 1208 1209
4017 1 2 0 2417 1209 1273
4018 1 2 0 2418 1209 1210
4019 1 2 0 2419 1210 1274
4020 1 2 0 2420 1210 1211
4021 1 2 0 2421 1211 1275
4022 1 2 0 2422 1211 1212
4023 1 2 0 2423 1212 1276
4024 1 2 0 2424 1212 1213
4025 1 2 0 2425 1213 1277
4026 1 2 0 2426 1213 1214
4027 1 2 0 2427 1214 1278
4028 1 2 0 2428 1214 1215
4029 1 2 0 2429 1215 1279
4030 1 2 0 2430 1215 1216
4031 1 2 0 2431 1216 1280
4032 1 2 0 2432 1216 1153
4033 1 2 0 2433 1217 1281
4034 1 2 0 2434 1217 1218
4035 1 2 0 2435 1218 1282
4036 1 2 0 2436 1218 1219
4037 1 2 0 2437 1219 1283
4038 1 2 0 2438 1219 1220
4039 1 2 0 2439 1220 1284
4040 1 2 0 2440 1220 1221
4041 1 2 0 2441 1221 1285
4042 1 2 0 2442 1221 1222
4043 1 2 0 2443 1222 1286
4044 1 2 0 2444 1222 1223
4045 1 2 0 2445 1223 1287
4046 1 2 0 2446 1223 1224
4047 1 2 0 2447 1224 1288
4048 1 2 0 2448 1224 1225
4049 1 2 0 2449 1225 1289
4050 1 2 0 2450 1225 1226
4051 1 2 0 2451 1226 1290
4052 1 2 0 2452 1226 1227
4053 1 2 0 2453 1227 1291
4054 1 2 0 2454 1227 1228
4055 1 2 0 2455 1228 1292
4056 1 2 0 2456 1228 1229
4057 1 2 0 2457 1229 1293
4058 1 2 0 2458 1229 1230
4059 1 2 0 2459 1230 1294
4060 1 2 0 2460 1230 1231
4061 1 2 0 2461 1231 1295
4062 1 2 0 2462 1231 1232
4063 1 2 0 2463 1232 1296
4064 1 2 0 2464 1232 1233
4065 1 2 0 2465 1233 1297
4066 1 2 0 2466 1233 1234
4067 1 2 0 2467 1234 1298
4068 1 2 0 2468 1234 1235
4069 1 2 0 2469 1235 1299
4070 1 2 0 2470 1235 1236
4071 1 2 0 2471 1236 1300
4072 1 2 0 2472 1236 1237
4073 1 2 0 2473 1237 1301
4074 1 2 0 2474 1237 1238
4075 1 2 0 2475 1238 1302
4076 1 2 0 2476 1238 1239
4077 1 2 0 2477 1239 1303
4078 1 2 0 2478 1239 1240
4079 1 2 0 2479 1240 1304
4080 1 2 0 2480 1240 1241
4081 1 2 0 2481 1241 1305
4082 1 2 0 2482 1241 1242
4083 1 2 0 2483 1242 1306
4084 1 2 0 2484 1242 1243
4085 1 2 0 2485 1243 1307
4086 1 2 0 2486 1243 1244
4087 1 2 0 2487 1244 1308
4088 1 2 0 2488 1244 1245
4089 1 2 0 2489 1245 1309
4090 1 2 0 2490 1245 1246
4091 1 2 0 2491 1246 1310
4092 1 2 0 2492 1246 1247
4093 1 2 0 2493 1247 1311
4094 1 2 0 2494 1247 1248
4095 1 2 0 2495 1248 1312
4096 1 2 0 2496 1248 1249
4097 1 2 0 2497 1249 1313
4098 1 2 0 2498 1249 1250
4099 1 2 0 2499 1250 1314
4100 1 2 0 2500 1250 1251
4101 1 2 0 2501 1251 1315
4102 1 2 0 2502 1251 1252
4103 1 2 0 2503 1252 1316
4104 1 2 0 2504 1252 1253
4105 1 2 0 2505 1253 1317
4106 1 2 0 2506 1253 1254
4107 1 2 0 2507 1254 1318
4108 1 2 0 2508 1254 1255
4109 1 2 0 2509 1255 1319
4110 1 2 0 2510 1255 1256
4111 1 2 0 2511 1256 1320
4112 1 2 0 2512 1256 1257
4113 1 2 0 2513 1257 1321
4114 1 2 0 2514 1257 1258
4115 1 2 0 2515 1258 1322
4116 1 2 0 2516 1258 1259
4117 1 2 0 2517 1259 1323
4118 1 2 0 2518 1259 1260
4119 1 2 0 2519 1260 1324
4120 1 2 0 2520 1260 1261
4121 1 2 0 2521 1261 1325
4122 1 2 0 2522 1261 1262
4123 1 2 0 2523 1262 1326
4124 1 2 0 2524 1262 1263
4125 1 2 0 2525 1263 1327
4126 1 2 0 2526 1263 1264
4127 1 2 0 2527 1264 1328
4128 1 2 0 2528 1264 1265
4129 1 2 0 2529 1265 1329
4130 1 2 0 2530 1265 1266
4131 1 2 0 2531 1266 1330
4132 1 2 0 2532 1266 1267
4133 1 2 0 2533 1267 1331
4134 1 2 0 2534 1267 1268
4135 1 2 0 2535 1268 1332
4136 1 2 0 2536 1268 1269
4137 1 2 0 2537 1269 1333
4138 1 2 0 2538 1269 1270
4139 1 2 0 2539 1270 1334
4140 1 2 0 2540 1270 1271
4141 1 2 0 2541 1271 1335
4142 1 2 0 2542 1271 1272
4143 1 2 0 2543 1272 1336
4144 1 2 0 2544 1272 1273
4145 1 2 0 2545 1273 1337
4146 1 2 0 2546 1273 1274
4147 1 2 0 2547 1274 1338
4148 1 2 0 2548 1274 1275
4149 1 2 0 2549 1275 1339
4150 1 2 0 2550 1275 1276
4151 1 2 0 2551 1276 1340
4152 1 2 0 2552 1276 1277
4153 1 2 0 2553 1277 1341
4154 1 2 0 2554 1277 1278
4155 1 2 0 2555 1278 1342
4156 1 2 0 2556 1278 1279
4157 1 2 0 2557 1279 1343
4158 1 2 0 2558 1279 1280
4159 1 2 0 2559 1280 1344
4160 1 2 0 2560 1280 1217
4161 1 2 0 2561 1281 1345
4162 1 2 0 2562 1281 1282
4163 1 2 0 2563 1282 1346
4164 1 2 0 2564 1282 1283
4165 1 2 0 2565 1283 1347
4166 1 2 0 2566 1283 1284
4167 1 2 0 2567 1284 1348
4168 1 2 0 2568 1284 1285
4169 1 2 0 2569 1285 1349
4170 1 2 0 2570 1285 1286
4171 1 2 0 2571 1286 1350
4172 1 2 0 2572 1286 1287
4173 1 2 0 2573 1287 1351
4174 1 2 0 2574 1287 1288
4175 1 2 0 2575 1288 1352
4176 1 2 0 2576 1288 1289
4177 1 2 0 2577 1289 1353
4178 1 2 0 2578 1289 1290
4179 1 2 0 2579 1290 1354
4180 1 2 0 2580 1290 1291
4181 1 2 0 2581 1291 1355
4182 1 2 0 2582 1291 1292
4183 1 2 0 2583 1292 1356
4184 1 2 0 2584 1292 1293
4185 1 2 0 2585 1293 1357
4186 1 2 0 2586 1293 1294
4187 1 2 0 2587 1294 1358
4188 1 2 0 2588 1294 1295
4189 1 2 0 2589 1295 1359
4190 1 2 0 2590 1295 1296
4191 1 2 0 2591 1296 1360
4192 1 2 0 2592 1296 1297
4193 1 2 0 2593 1297 1361
4194 1 2 0 2594 1297 1298
4195 1 2 0 2595 1298 1362
4196 1 2 0 2596 1298 1299
4197 1 2 0 2597 1299 1363
4198 1 2 0 2598 1299 1300
4199 1 2 0 2599 1300 1364
4200 1 2 0 2600 1300 1301
4201 1 2 0 2601 1301 1365
4202 1 2 0 2602 1301 1302
4203 1 2 0 2603 1302 1366
4204 1 2 0 2604 1302 1303
4205 1 2 0 2605 1303 1367
4206 1 2 0 2606 1303 1304
4207 1 2 0 2607 1304 1368
4208 1 2 0 2608 1304 1305
4209 1 2 0 2609 1305 1369
4210 1 2 0 2610 1305 1306
4211 1 2 0 2611 1306 1370
4212 1 2 0 2612 1306 1307
4213 1 2 0 2613 1307 1371
4214 1 2 0 2614 1307 1308
4215 1 2 0 2615 1308 1372
4216 1 2 0 2616 1308 1309
4217 1 2 0 2617 1309 1373
4218 1 2 0 2618 1309 1310
4219 1 2 0 2619 1310 1374
4220 1 2 0 2620 1310 1311
4221 1 2 0 2621 1311 1375
4222 1 2 0 2622 1311 1312
4223 1 2 0 2623 1312 1376
4224 1 2 0 2624 1312 1313
4225 1 2 0 2625 1313 1377
4226 1 2 0 2626 1313 1314
4227 1 2 0 2627 1314 1378
4228 1 2 0 2628 1314 1315
4229 1 2 0 2629 1315 1379
4230 1 2 0 2630 1315 1316
4231 1 2 0 2631 1316 1380
4232 1 2 0 2632 1316 1317
4233 1 2 0 2633 1317 1381
4234 1 2 0 2634 1317 1318
4235 1 2 0 2635 1318 1382
4236 1 2 0 2636 1318 1319
4237 1 2 0 2637 1319 1383
4238 1 2 0 2638 1319 1320
4239 1 2 0 2639 1320 1384
4240 1 2 0 2640 1320 1321
4241 1 2 0 2641 1321 1385
4242 1 2 0 2642 1321 1322
4243 1 2 0 2643 1322 1386
4244 1 2 0 2644 1322 1323
4245 1 2 0 2645 1323 1387
4246 1 2 0 2646 1323 1324
4247 1 2 0 2647 1324 1388
4248 1 2 0 2648 1324 1325
4249 1 2 0 2649 1325 1389
4250 1 2 0 2650 1325 1326
4251 1 2 0 2651 1326 1390
4252 1 2 0 2652 1326 1327
4253 1 2 0 2653 1327 1391
4254 1 2 0 2654 1327 1328
4255 1 2 0 2655 1328 1392
4256 1 2 0 2656 1328 1329
4257 1 2 0 2657 1329 1393
4258 1 2 0 2658 1329 1330
4259 1 2 0 2659 1330 1394
4260 1 2 0 2660 1330 1331
4261 1 2 0 2661 1331 1395
4262 1 2 0 2662 1331 1332
4263 1 2 0 2663 1332 1396
4264 1 2 0 2664 1332 1333
4265 1 2 0 2665 1333 1397
4266 1 2 0 2666 1333 1334
4267 1 2 0 2667 1334 1398
4268 1 2 0 2668 1334 1335
4269 1 2 0 2669 1335 1399
4270 1 2 0 2670 1335 1336
4271 1 2 0 2671 1336 1400
4272 1 2 0 2672 1336 1337
4273 1 2 0 2673 1337 1401
4274 1 2 0 2674 1337 1338
4275 1 2 0 2675 1338 1402
4276 1 2 0 2676 1338 1339
4277 1 2 0 2677 1339 1403
4278 1 2 0 2678 1339 1340
4279 1 2 0 2679 1340 1404
4280 1 2 0 2680 1340 1341
4281 1 2 0 2681 1341 1405
4282 1 2 0 2682 1341 1342
4283 1 2 0 2683 1342 1406
4284 1 2 0 2684 1342 1343
4285 1 2 0 2685 1343 1407
4286 1 2 0 2686 1343 1344
4287 1 2 0 2687 1344 1408
4288 1 2 0 2688 1344 1281
4289 1 2 0 2689 1345 1409
4290 1 2 0 2690 1345 1346
4291 1 2 0 2691 1346 1410
4292 1 2 0 2692 1346 1347
4293 1 2 0 2693 1347 1411
4294 1 2 0 2694 1347 1348
4295 1 2 0 2695 1348 1412
4296 1 2 0 2696 1348 1349
4297 1 2 0 2697 1349 1413
4298 1 2 0 2698 1349 1350
4299 1 2 0 2699 1350 1414
4300 1 2 0 2700 1350 1351
4301 1 2 0 2701 1351 1415
4302 1 2 0 2702 1351 1352
4303 1 2 0 2703 1352 1416
4304 1 2 0 2704 1352 1353
4305 1 2 0 2705 1353 1417
4306 1 2 0 2706 1353 1354
4307 1 2 0 2707 1354 1418
4308 1 2 0 2708 1354 1355
4309 1 2 0 2709 1355 1419
4310 1 2 0 2710 1355 1356
4311 1 2 0 2711 1356 1420
4312 1 2 0 2712 1356 1357
4313 1 2 0 2713 1357 1421
4314 1 2 0 2714 1357 1358
4315 1 2 0 2715 1358 1422
4316 1 2 0 2716 1358 1359
4317 1 2 0 2717 1359 1423
4318 1 2 0 2718 1359 1360
4319 1 2 0 2719 1360 1424
4320 1 2 0 2720 1360 1361
4321 1 2 0 2721 1361 1425
4322 1 2 0 2722 1361 1362
4323 1 2 0 2723 1362 1426
4324 1 2 0 2724 1362 1363
4325 1 2 0 2725 1363 1427
4326 1 2 0 2726 1363 1364
4327 1 2 0 2727 1364 1428
4328 1 2 0 2728 1364 1365
4329 1 2 0 2729 1365 1429
4330 1 2 0 2730 1365 1366
4331 1 2 0 2731 1366 1430
4332 1 2 0 2732 1366 1367
4333 1 2 0 2733 1367 1431
4334 1 2 0 2734 1367 1368
4335 1 2 0 2735 1368 1432
4336 1 2 0 2736 1368 1369
4337 1 2 0 2737 1369 1433
4338 1 2 0 2738 1369 1370
4339 1 2 0 2739 1370 1434
4340 1 2 0 2740 1370 1371
4341 1 2 0 2741 1371 1435
4342 1 2 0 2742 1371 1372
4343 1 2 0 2743 1372 1436
4344 1 2 0 2744 1372 1373
4345 1 2 0 2745 1373 1437
4346 1 2 0 2746 1373 1374
4347 1 2 0 2747 1374 1438
4348 1 2 0 2748 1374 1375
4349 1 2 0 2749 1375 1439
4350 1 2 0 2750 1375 1376
4351 1 2 0 2751 1376 1440
4352 1 2 0 2752 1376 1377
4353 1 2 0 2753 1377 1441
4354 1 2 0 2754 1377 1378
4355 1 2 0 2755 1378 1442
4356 1 2 0 2756 1378 1379
4357 1 2 0 2757 1379 1443
4358 1 2 0 2758 1379 1380
4359 1 2 0 2759 1380 1444
4360 1 2 0 2760 1380 1381
4361 1 2 0 2761 1381 1445
4362 1 2 0 2762 1381 1382
4363 1 2 0 2763 1382 1446
4364 1 2 0 2764 1382 1383
4365 1 2 0 2765 1383 1447
4366 1 2 0 2766 1383 1384
4367 1 2 0 2767 1384 1448
4368 1 2 0 2768 1384 1385
4369 1 2 0 2769 1385 1449
4370 1 2 0 2770 1385 1386
4371 1 2 0 2771 1386 1450
4372 1 2 0 2772 1386 1387
4373 1 2 0 2773 1387 1451
4374 1 2 0 2774 1387 1388
4375 1 2 0 2775 1388 1452
4376 1 2 0 2776 1388 1389
4377 1 2 0 2777 1389 1453
4378 1 2 0 2778 1389 1390
4379 1 2 0 2779 1390 1454
4380 1 2 0 2780 1390 1391
4381 1 2 0 2781 1391 1455
4382 1 2 0 2782 1391 1392
4383 1 2 0 2783 1392 1456
4384 1 2 0 2784 1392 1393
4385 1 2 0 2785 1393 1457
4386 1 2 0 2786 1393 1394
4387 1 2 0 2787 1394 1458
4388 1 2 0 2788 1394 1395
4389 1 2 0 2789 1395 1459
4390 1 2 0 2790 1395 1396
4391 1 2 0 2791 1396 1460
4392 1 2 0 2792 1396 1397
4393 1 2 0 2793 1397 1461
4394 1 2 0 2794 1397 1398
4395 1 2 0 2795 1398 1462
4396 1 2 0 2796 1398 1399
4397 1 2 0 2797 1399 1463
4398 1 2 0 2798 1399 1400
4399 1 2 0 2799 1400 1464
4400 1 2 0 2800 1400 1401
4401 1 2 0 2801 1401 1465
4402 1 2 0 2802 1401 1402
4403 1 2 0 2803 1402 1466
4404 1 2 0 2804 1402 1403
4405 1 2 0 2805 1403 1467
4406 1 2 0 2806 1403 1404
4407 1 2 0 2807 1404 1468
4408 1 2 0 2808 1404 1405
4409 1 2 0 2809 1405 1469
4410 1 2 0 2810 1405 1406
4411 1 2 0 2811 1406 1470
4412 1 2 0 2812 1406 1407
4413 1 2 0 2813 1407 1471
4414 1 2 0 2814 1407 1408
4415 1 2 0 2815 1408 1472
4416 1 2 0 2816 1408 1345
4417 1 2 0 2817 1409 1473
4418 1 2 0 2818 1409 1410
4419 1 2 0 2819 1410 1474
4420 1 2 0 2820 1410 1411
4421 1 2 0 2821 1411 1475
4422 1 2 0 2822 1411 1412
4423 1 2 0 2823 1412 1476
4424 1 2 0 2824 1412 1413
4425 1 2 0 2825 1413 1477
4426 1 2 0 2826 1413 1414
4427 1 2 0 2827 1414 1478
4428 1 2 0 2828 1414 1415
4429 1 2 0 2829 1415 1479
4430 1 2 0 2830 1415 1416
4431 1 2 0 2831 1416 1480
4432 1 2 0 2832 1416 1417
4433 1 2 0 2833 1417 1481
4434 1 2 0 2834 1417 1418
4435 1 2 0 2835 1418 1482
4436 1 2 0 2836 1418 1419
4437 1 2 0 2837 1419 1483
4438 1 2 0 2838 1419 1420
4439 1 2 0 2839 1420 1484
4440 1 2 0 2840 1420 1421
4441 1 2 0 2841 1421 1485
4442 1 2 0 2842 1421 1422
4443 1 2 0 2843 1422 1486
4444 1 2 0 2844 1422 1423
4445 1 2 0 2845 1423 1487
4446 1 2 0 2846 1423 1424
4447 1 2 0 2847 1424 1488
4448 1 2 0 2848 1424 1425
4449 1 2 0 2849 1425 1489
4450 1 2 0 2850 1425 1426
4451 1 2 0 2851 1426 1490
4452 1 2 0 2852 1426 1427
4453 1 2 0 2853 1427 1491
4454 1 2 0 2854 1427 1428
4455 1 2 0 2855 1428 1492
4456 1 2 0 2856 1428 1429
4457 1 2 0 2857 1429 1493
4458 1 2 0 2858 1429 1430
4459 1 2 0 2859 1430 1494
4460 1 2 0 2860 1430 1431
4461 1 2 0 2861 1431 1495
4462 1 2 0 2862 1431 1432
4463 1 2 0 2863 1432 1496
4464 1 2 0 2864 1432 1433
4465 1 2 0 2865 1433 1497
4466 1 2 0 2866 1433 1434
4467 1 2 0 2867 1434 1498
4468 1 2 0 2868 1434 1435
4469 1 2 0 2869 1435 1499
4470 1 2 0 2870 1435 1436
4471 1 2 0 2871 1436 1500
4472 1 2 0 2872 1436 1437
4473 1 2 0 2873 1437 1501
4474 1 2 0 2874 1437 1438
4475 1 2 0 2875 1438 1502
4476 1 2 0 2876 1438 1439
4477 1 2 0 2877 1439 1503
4478 1 2 0 2878 1439 1440
4479 1 2 0 2879 1440 1504
4480 1 2 0 2880 1440 1441
4481 1 2 0 2881 1441 1505
4482 1 2 0 2882 1441 1442
4483 1 2 0 2883 1442 1506
4484 1 2 0 2884 1442 1443
4485 1 2 0 2885 1443 1507
4486 1 2 0 2886 1443 1444
4487 1 2 0 2887 1444 1508
4488 1 2 0 2888 1444 1445
4489 1 2 0 2889 1445 1509
4490 1 2 0 2890 1445 1446
4491 1 2 0 2891 1446 1510
4492 1 2 0 2892 1446 1447
4493 1 2 0 2893 1447 1511
4494 1 2 0 2894 1447 1448
4495 1 2 0 2895 1448 1512
4496 1 2 0 2896 1448 1449
4497 1 2 0 2897 1449 1513
4498 1 2 0 2898 1449 1450
4499 1 2 0 2899 1450 1514
4500 1 2 0 2900 1450 1451
4501 1 2 0 2901 1451 1515
4502 1 2 0 2902 1451 1452
4503 1 2 0 2903 1452 1516
4504 1 2 0 2904 1452 1453
4505 1 2 0 2905 1453 1517
4506 1 2 0 2906 1453 1454
4507 1 2 0 2907 1454 1518
4508 1 2 0 2908 1454 1455
4509 1 2 0 2909 1455 1519
4510 1 2 0 2910 1455 1456
4511 1 2 0 2911 1456 1520
4512 1 2 0 2912 1456 1457
4513 1 2 0 2913 1457 1521
4514 1 2 0 2914 1457 1458
4515 1 2 0 2915 1458 1522
4516 1 2 0 2916 1458 1459
4517 1 2 0 2917 1459 1523
4518 1 2 0 2918 1459 1460
4519 1 2 0 2919 1460 1524
4520 1 2 0 2920 1460 1461
4521 1 2 0 2921 1461 1525
4522 1 2 0 2922 1461 1462
4523 1 2 0 2923 1462 1526
4524 1 2 0 2924 1462 1463
4525 1 2 0 2925 1463 1527
4526 1 2 0 2926 1463 1464
4527 1 2 0 2927 1464 1528
4528 1 2 0 2928 1464 1465
4529 1 2 0 2929 1465 1529
4530 1 2 0 2930 1465 1466
4531 1 2 0 2931 1466 1530
4532 1 2 0 2932 1466 1467
4533 1 2 0 2933 1467 1531
4534 1 2 0 2934 1467 1468
4535 1 2 0 2935 1468 1532
4536 1 2 0 2936 1468 1469
4537 1 2 0 2937 1469 1533
4538 1 2 0 2938 1469 1470
4539 1 2 0 2939 1470 1534
4540 1 2 0 2940 1470 1471
4541 1 2 0 2941 1471 1535
4542 1 2 0 2942 1471 1472
4543 1 2 0 2943 1472 1536
4544 1 2 0 2944 1472 1409
4545 1 2 0 2945 1473 1537
4546 1 2 0 2946 1473 1474
4547 1 2 0 2947 1474 1538
4548 1 2 0 2948 1474 1475
4549 1 2 0 2949 1475 1539
4550 1 2 0 2950 1475 1476
4551 1 2 0 2951 1476 1540
4552 1 2 0 2952 1476 1477
4553 1 2 0 2953 1477 1541
4554 1 2 0 2954 1477 1478
4555 1 2 0 2955 1478 1542
4556 1 2 0 2956 1478 1479
4557 1 2 0 2957 1479 1543
4558 1 2 0 2958 1479 1480
4559 1 2 0 2959 1480 1544
4560 1 2 0 2960 1480 1481
4561 1 2 0 2961 1481 1545
4562 1 2 0 2962 1481 1482
4563 1 2 0 2963 1482 1546
4564 1 2 0 2964 1482 1483
4565 1 2 0 2965 1483 1547
4566 1 2 0 2966 1483 1484
4567 1 2 0 2967 1484 1548
4568 1 2 0 2968 1484 1485
4569 1 2 0 2969 1485 1549
4570 1 2 0 2970 1485 1486
4571 1 2 0 2971 1486 1550
4572 1 2 0 2972 1486 1487
4573 1 2 0 2973 1487 1551
4574 1 2 0 2974 1487 1488
4575 1 2 0 2975 1488 1552
4576 1 2 0 2976 1488 1489
4577 1 2 0 2977 1489 1553
4578 1 2 0 2978 1489 1490
4579 1 2 0 2979 1490 1554
4580 1 2 0 2980 1490 1491
4581 1 2 0 2981 1491 1555
4582 1 2 0 2982 1491 1492
4583 1 2 0 2983 1492 1556
4584 1 2 0 2984 1492 1493
4585 1 2 0 2985 1493 1557
4586 1 2 0 2986 1493 1494
4587 1 2 0 2987 1494 1558
4588 1 2 0 2988 1494 1495
4589 1 2 0 2989 1495 1559
4590 1 2 0 2990 1495 1496
4591 1 2 0 2991 1496 1560
4592 1 2 0 2992 1496 1497
4593 1 2 0 2993 1497 1561
4594 1 2 0 2994 1497 1498
4595 1 2 0 2995 1498 1562
4596 1 2 0 2996 1498 1499
4597 1 2 0 2997 1499 1563
4598 1 2 0 2998 1499 1500
4599 1 2 0 2999 1500 1564
4600 1 2 0 3000 1500 1501
4601 1 2 0 3001 1501 1565
4602 1 2 0 3002 1501 1502
4603 1 2 0 3003 1502 1566
4604 1 2 0 3004 1502 1503
4605 1 2 0 3005 1503 1567
4606 1 2 0 3006 1503 1504
4607 1 2 0 3007 1504 1568
4608 1 2 0 3008 1504 1505
4609 1 2 0 3009 1505 1569
4610 1 2 0 3010 1505 1506
4611 1 2 0 3011 1506 1570
4612 1 2 0 3012 1506 1507
4613 1 2 0 3013 1507 1571
4614 1 2 0 3014 1507 1508
4615 1 2 0 3015 1508 1572
4616 1 2 0 3016 1508 1509
4617 1 2 0 3017 1509 1573
4618 1 2 0 3018 1509 1510
4619 1 2 0 3019 1510 1574
4620 1 2 0 3020 1510 1511
4621 1 2 0 3021 1511 1575
4622 1 2 0 3022 1511 1512
4623 1 2 0 3023 1512 1576
4624 1 2 0 3024 1512 1513
4625 1 2 0 3025 1513 1577
4626 1 2 0 3026 1513 1514
4627 1 2 0 3027 1514 1578
4628 1 2 0 3028 1514 1515
4629 1 2 0 3029 1515 1579
4630 1 2 0 3030 1515 1516
4631 1 2 0 3031 1516 1580
4632 1 2 0 3032 1516 1517
4633 1 2 0 3033 1517 1581
4634 1 2 0 3034 1517 1518
4635 1 2 0 3035 1518 1582
4636 1 2 0 3036 1518 1519
4637 1 2 0 3037 1519 1583
4638 1 2 0 3038 1519 1520
4639 1 2 0 3039 1520 1584
4640 1 2 0 3040 1520 1521
4641 1 2 0 3041 1521 1585
4642 1 2 0 3042 1521 1522
4643 1 2 0 3043 1522 1586
4644 1 2 0 3044 1522 1523
4645 1 2 0 3045 1523 1587
4646 1 2 0 3046 1523 1524
4647 1 2 0 3047 1524 1588
4648 1 2 0 3048 1524 1525
4649 1 2 0 3049 1525 1589
4650 1 2 0 3050 1525 1526
4651 1 2 0 3051 1526 1590
4652 1 2 0 3052 1526 1527
4653 1 2 0 3053 1527 1591
4654 1 2 0 3054 1527 1528
4655 1 2 0 3055 1528 1592
4656 1 2 0 3056 1528 1529
4657 1 2 0 3057 1529 1593
4658 1 2 0 3058 1529 1530
4659 1 2 0 3059 1530 1594
4660 1 2 0 3060 1530 1531
4661 1 2 0 3061 1531 1595
4662 1 2 0 3062 1531 1532
4663 1 2 0 3063 1532 1596
4664 1 2 0 3064 1532 1533
4665 1 2 0 3065 1533 1597
4666 1 2 0 3066 1533 1534
4667 1 2 0 3067 1534 1598
4668 1 2 0 3068 1534 1535
4669 1 2 0 3069 1535 1599
4670 1 2 0 3070 1535 1536
4671 1 2 0 3071 1536 1600
4672 1 2 0 3072 1536 1473
4673 1 2 0 3074 1537 1538
4674 1 2 0 3076 1538 1539
4675 1 2 0 3078 1539 1540
4676 1 2 0 3080 1540 1541
4677 1 2 0 3082 1541 1542
4678 1 2 0 3084 1542 1543
4679 1 2 0 3086 1543 1544
4680 1 2 0 3088 1544 1545
4681 1 2 0 3090 1545 1546
4682 1 2 0 3092 1546 1547
4683 1 2 0 3094 1547 1548
4684 1 2 0 3096 1548 1549
4685 1 2 0 3098 1549 1550
4686 1 2 0 3100 1550 1551
4687 1 2 0 3102 1551 1552
4688 1 2 0 3104 1552 1553
4689 1 2 0 3106 1553 1554
4690 1 2 0 3108 1554 1555
4691 1 2 0 3110 1555 1556
4692 1 2 0 3112 1556 1557
4693 1 2 0 3114 1557 1558
4694 1 2 0 3116 1558 1559
4695 1 2 0 3118 1559 1560
4696 1 2 0 3120 1560 1561
4697 1 2 0 3122 1561 1562
4698 1 2 0 3124 1562 1563
4699 1 2 0 3126 1563 1564
4700 1 2 0 3128 1564 1565
4701 1 2 0 3130 1565 1566
4702 1 2 0 3132 1566 1567
4703 1 2 0 3134 1567 1568
4704 1 2 0 3136 1568 1569
4705 1 2 0 3138 1569 1570
4706 1 2 0 3140 1570 1571
4707 1 2 0 3142 1571 1572
4708 1 2 0 3144 1572 1573
4709 1 2 0 3146 1573 1574
4710 1 2 0 3148 1574 1575
4711 1 2 0 3150 1575 1576
4712 1 2 0 3152 1576 1577
4713 1 2 0 3154 1577 1578
4714 1 2 0 3156 1578 1579
4715 1 2 0 3158 1579 1580
4716 1 2 0 3160 1580 1581
4717 1 2 0 3162 1581 1582
4718 1 2 0 3164 1582 1583
4719 1 2 0 3166 1583 1584
4720 1 2 0 3168 1584 1585
4721 1 2 0 3170 1585 1586
4722 1 2 0 3172 1586 1587
4723 1 2 0 3174 1587 1588
4724 1 2 0 3176 1588 1589
4725 1 2 0 3178 1589 1590
4726 1 2 0 3180 1590 1591
4727 1 2 0 3182 1591 1592
4728 1 2 0 3184 1592 1593
4729 1 2 0 3186 1593 1594
4730 1 2 0 3188 1594 1595
4731 1 2 0 3190 1595 1596
4732 1 2 0 3192 1596 1597
4733 1 2 0 3194 1597 1598
4734 1 2 0 3196 1598 1599
4735 1 2 0 3198 1599 1600
4736 1 2 0 3200 1600 1537
4737 2 2 0 62 66 2 1
4738 2 2 0 62 65 66 1
4739 2 2 0 63 67 3 2
4740 2 2 0 63 66 67 2
4741 2 2 0 64 67 4 3
4742 2 2 0 64 4 67 68
4743 2 2 0 65 68 5 4
4744 2 2 0 65 5 68 69
4745 2 2 0 66 69 6 5
4746 2 2 0 66 6 69 70
4747 2 2 0 67 70 7 6
4748 2 2 0 67 7 70 71
4749 2 2 0 68 71 8 7
4750 2 2 0 68 8 71 72
4751 2 2 0 69 73 9 8
4752 2 2 0 69 72 73 8
4753 2 2 0 70 74 10 9
4754 2 2 0 70 73 74 9
4755 2 2 0 71 75 11 10
4756 2 2 0 71 74 75 10
4757 2 2 0 72 75 12 11
4758 2 2 0 72 12 75 76
4759 2 2 0 73 77 13 12
4760 2 2 0 73 76 77 12
4761 2 2 0 74 78 14 13
4762 2 2 0 74 77 78 13
4763 2 2 0 75 78 15 14
4764 2 2 0 75 15 78 79
4765 2 2 0 76 79 16 15
4766 2 2 0 76 16 79 80
4767 2 2 0 77 80 17 16
4768 2 2 0 77 17 80 81
4769 2 2 0 78 82 18 17
4770 2 2 0 78 81 82 17
4771 2 2 0 79 83 19 18
4772 2 2 0 79 82 83 18
4773 2 2 0 80 84 20 19
4774 2 2 0 80 83 84 19
4775 2 2 0 81 84 21 20
4776 2 2 0 81 21 84 85
4777 2 2 0 82 85 22 21
4778 2 2 0 82 22 85 86
4779 2 2 0 83 87 23 22
4780 2 2 0 83 86 87 22
4781 2 2 0 84 87 24 23
4782 2 2 0 84 24 87 88
4783 2 2 0 85 88 25 24
4784 2 2 0 85 25 88 89
4785 2 2 0 86 89 26 25
4786 2 2 0 86 26 89 90
4787 2 2 0 87 91 27 26
4788 2 2 0 87 90 91 26
4789 2 2 0 88 92 28 27
4790 2 2 0 88 91 92 27
4791 2 2 0 89 93 29 28
4792 2 2 0 89 92 93 28
4793 2 2 0 90 94 30 29
4794 2 2 0 90 93 94 29
4795 2 2 0 91 95 31 30
4796 2 2 0 91 94 95 30
4797 2 2 0 92 95 32 31
4798 2 2 0 92 32 95 96
4799 2 2 0 93 96 33 32
4800 2 2 0 93 33 96 97
4801 2 2 0 94 98 34 33
4802 2 2 0 94 97 98 33
4803 2 2 0 95 99 35 34
4804 2 2 0 95 98 99 34
4805 2 2 0 96 99 36 35
4806 2 2 0 96 36 99 100
4807 2 2 0 97 100 37 36
4808 2 2 0 97 37 100 101
4809 2 2 0 98 101 38 37
4810 2 2 0 98 38 101 102
4811 2 2 0 99 102 39 38
4812 2 2 0 99 39 102 103
4813 2 2 0 100 103 40 39
4814 2 2 0 100 40 103 104
4815 2 2 0 101 105 41 40
4816 2 2 0 101 104 105 40
4817 2 2 0 102 106 42 41
4818 2 2 0 102 105 106 41
4819 2 2 0 103 107 43 42
4820 2 2 0 103 106 107 42
4821 2 2 0 104 107 44 43
4822 2 2 0 104 44 107 108
4823 2 2 0 105 109 45 44
4824 2 2 0 105 108 109 44
4825 2 2 0 106 110 46 45
4826 2 2 0 106 109 110 45
4827 2 2 0 107 110 47 46
4828 2 2 0 107 47 110 111
4829 2 2 0 108 111 48 47
4830 2 2 0 108 48 111 112
4831 2 2 0 109 112 49 48
4832 2 2 0 109 49 112 113
4833 2 2 0 110 114 50 49
4834 2 2 0 110 113 114 49
4835 2 2 0 111 115 51 50
4836 2 2 0 111 114 115 50
4837 2 2 0 112 116 52 51
4838 2 2 0 112 115 116 51
4839 2 2 0 113 116 53 52
4840 2 2 0 113 53 116 117
4841 2 2 0 114 117 54 53
4842 2 2 0 114 54 117 118
4843 2 2 0 115 119 55 54
4844 2 2 0 115 118 119 54
4845 2 2 0 116 119 56 55
4846 2 2 0 116 56 119 120
4847 2 2 0 117 120 57 56
4848 2 2 0 117 57 120 121
4849 2 2 0 118 121 58 57
4850 2 2 0 118 58 121 122
4851 2 2 0 119 123 59 58
4852 2 2 0 119 122 123 58
4853 2 2 0 120 124 60 59
4854 2 2 0 120 123 124 59
4855 2 2 0 121 125 61 60
4856 2 2 0 121 124 125 60
4857 2 2 0 122 126 62 61
4858 2 2 0 122 125 126 61
4859 2 2 0 123 127 63 62
4860 2 2 0 123 126 127 62
4861 2 2 0 124 127 64 63
4862 2 2 0 124 64 127 128
4863 2 2 0 125 128 1 64
4864 2 2 0 125 65 1 128
4865 2 2 0 126 129 66 65
4866 2 2 0 126 66 129 130
4867 2 2 0 127 130 67 66
4868 2 2 0 127 67 130 131
4869 2 2 0 128 131 68 67
4870 2 2 0 128 68 131 132
4871 2 2 0 129 132 69 68
4872 2 2 0 129 69 132 133
4873 2 2 0 130 133 70 69
4874 2 2 0 130 70 133 134
4875 2 2 0 131 134 71 70
4876 2 2 0 131 71 134 135
4877 2 2 0 132 135 72 71
4878 2 2 0 132 72 135 136
4879 2 2 0 133 136 73 72
4880 2 2 0 133 73 136 137
4881 2 2 0 134 138 74 73
4882 2 2 0 134 137 138 73
4883 2 2 0 135 139 75 74
4884 2 2 0 135 138 139 74
4885 2 2 0 136 140 76 75
4886 2 2 0 136 139 140 75
4887 2 2 0 137 141 77 76
4888 2 2 0 137 140 141 76
4889 2 2 0 138 142 78 77
4890 2 2 0 138 141 142 77
4891 2 2 0 139 143 79 78
4892 2 2 0 139 142 143 78
4893 2 2 0 140 144 80 79
4894 2 2 0 140 143 144 79
4895 2 2 0 141 145 81 80
4896 2 2 0 141 144 145 80
4897 2 2 0 142 145 82 81
4898 2 2 0 142 82 145 146
4899 2 2 0 143 146 83 82
4900 2 2 0 143 83 146 147
4901 2 2 0 144 147 84 83
4902 2 2 0 144 84 147 148
4903 2 2 0 145 148 85 84
4904 2 2 0 145 85 148 149
4905 2 2 0 146 149 86 85
4906 2 2 0 146 86 149 150
4907 2 2 0 147 150 87 86
4908 2 2 0 147 87 150 151
4909 2 2 0 148 151 88 87
4910 2 2 0 148 88 151 152
4911 2 2 0 149 152 89 88
4912 2 2 0 149 89 152 153
4913 2 2 0 150 154 90 89
4914 2 2 0 150 153 154 89
4915 2 2 0 151 155 91 90
4916 2 2 0 151 154 155 90
4917 2 2 0 152 156 92 91
4918 2 2 0 152 155 156 91
4919 2 2 0 153 157 93 92
4920 2 2 0 153 156 157 92
4921 2 2 0 154 158 94 93
4922 2 2 0 154 157 158 93
4923 2 2 0 155 159 95 94
4924 2 2 0 155 158 159 94
4925 2 2 0 156 160 96 95
4926 2 2 0 156 159 160 95
4927 2 2 0 157 161 97 96
4928 2 2 0 157 160 161 96
4929 2 2 0 158 161 98 97
4930 2 2 0 158 98 161 162
4931 2 2 0 159 162 99 98
4932 2 2 0 159 99 162 163
4933 2 2 0 160 163 100 99
4934 2 2 0 160 100 163 164
4935 2 2 0 161 164 101 100
4936 2 2 0 161 101 164 165
4937 2 2 0 162 165 102 101
4938 2 2 0 162 102 165 166
4939 2 2 0 163 166 103 102
4940 2 2 0 163 103 166 167
4941 2 2 0 164 167 104 103
4942 2 2 0 164 104 167 168
4943 2 2 0 165 168 105 104
4944 2 2 0 165 105 168 169
4945 2 2 0 166 170 106 105
4946 2 2 0 166 169 170 105
4947 2 2 0 167 171 107 106
4948 2 2 0 167 170 171 106
4949 2 2 0 168 172 108 107
4950 2 2 0 168 171 172 107
4951 2 2 0 169 173 109 108
4952 2 2 0 169 172 173 108
4953 2 2 0 170 174 110 109
4954 2 2 0 170 173 174 109
4955 2 2 0 171 175 111 110
4956 2 2 0 171 174 175 110
4957 2 2 0 172 176 112 111
4958 2 2 0 172 175 176 111
4959 2 2 0 173 177 113 112
4960 2 2 0 173 176 177 112
4961 2 2 0 174 177 114 113
4962 2 2 0 174 114 177 178
4963 2 2 0 175 178 115 114
4964 2 2 0 175 115 178 179
4965 2 2 0 176 179 116 115
4966 2 2 0 176 116 179 180
4967 2 2 0 177 180 117 116
4968 2 2 0 177 117 180 181
4969 2 2 0 178 181 118 117
4970 2 2 0 178 118 181 182
4971 2 2 0 179 182 119 118
4972 2 2 0 179 119 182 183
4973 2 2 0 180 183 120 119
4974 2 2 0 180 120 183 184
4975 2 2 0 181 184 121 120
4976 2 2 0 181 121 184 185
4977 2 2 0 182 186 122 121
4978 2 2 0 182 185 186 121
4979 2 2 0 183 187 123 122
4980 2 2 0 183 186 187 122
4981 2 2 0 184 188 124 123
4982 2 2 0 184 187 188 123
4983 2 2 0 185 189 125 124
4984 2 2 0 185 188 189 124
4985 2 2 0 186 190 126 125
4986 2 2 0 186 189 190 125
4987 2 2 0 187 191 127 126
4988 2 2 0 187 190 191 126
4989 2 2 0 188 192 128 127
4990 2 2 0 188 191 192 127
4991 2 2 0 189 129 65 128
4992 2 2 0 189 192 129 128
4993 2 2 0 190 193 130 129
4994 2 2 0 190 130 193 194
4995 2 2 0 191 194 131 130
4996 2 2 0 191 131 194 195
4997 2 2 0 192 195 132 131
4998 2 2 0 192 132 195 196
4999 2 2 0 193 196 133 132
5000 2 2 0 193 133 196 197
5001 2 2 0 194 197 134 133
5002 2 2 0 194 134 197 198
5003 2 2 0 195 198 135 134
5004 2 2 0 195 135 198 199
5005 2 2 0 196 199 136 135
5006 2 2 0 196 136 199 200
5007 2 2 0 197 200 137 136
5008 2 2 0 197 137 200 201
5009 2 2 0 198 202 138 137
5010 2 2 0 198 201 202 137
5011 2 2 0 199 203 139 138
5012 2 2 0 199 202 203 138
5013 2 2 0 200 204 140 139
5014 2 2 0 200 203 204 139
5015 2 2 0 201 205 141 140
5016 2 2 0 201 204 205 140
5017 2 2 0 202 206 142 141
5018 2 2 0 202 205 206 141
5019 2 2 0 203 207 143 142
5020 2 2 0 203 206 207 142
5021 2 2 0 204 208 144 143
5022 2 2 0 204 207 208 143
5023 2 2 0 205 209 145 144
5024 2 2 0 205 208 209 144
5025 2 2 0 206 209 146 145
5026 2 2 0 206 146 209 210
5027 2 2 0 207 210 147 146
5028 2 2 0 207 147 210 211
5029 2 2 0 208 211 148 147
5030 2 2 0 208 148 211 212
5031 2 2 0 209 212 149 148
5032 2 2 0 209 149 212 213
5033 2 2 0 210 213 150 149
5034 2 2 0 210 150 213 214
5035 2 2 0 211 214 151 150
5036 2 2 0 211 151 214 215
5037 2 2 0 212 215 152 151
5038 2 2 0 212 152 215 216
5039 2 2 0 213 216 153 152
5040 2 2 0 213 153 216 217
5041 2 2 0 214 218 154 153
5042 2 2 0 214 217 218 153
5043 2 2 0 215 219 155 154
5044 2 2 0 215 218 219 154
5045 2 2 0 216 220 156 155
5046 2 2 0 216 219 220 155
5047 2 2 0 217 221 157 156
5048 2 2 0 217 220 221 156
5049 2 2 0 218 222 158 157
5050 2 2 0 218 221 222 157
5051 2 2 0 219 223 159 158
5052 2 2 0 219 222 223 158
5053 2 2 0 220 224 160 159
5054 2 2 0 220 223 224 159
5055 2 2 0 221 225 161 160
5056 2 2 0 221 224 225 160
5057 2 2 0 222 225 162 161
5058 2 2 0 222 162 225 226
5059 2 2 0 223 226 163 162
5060 2 2 0 223 163 226 227
5061 2 2 0 224 227 164 163
5062 2 2 0 224 164 227 228
5063 2 2 0 225 228 165 164
5064 2 2 0 225 165 228 229
5065 2 2 0 226 229 166 165
5066 2 2 0 226 166 229 230
5067 2 2 0 227 230 167 166
5068 2 2 0 227 167 230 231
5069 2 2 0 228 231 168 167
5070 2 2 0 228 168 231 232
5071 2 2 0 229 232 169 168
5072 2 2 0 229 169 232 233
5073 2 2 0 230 234 170 169
5074 2 2 0 230 233 234 169
5075 2 2 0 231 235 171 170
5076 2 2 0 231 234 235 170
5077 2 2 0 232 236 172 171
5078 2 2 0 232 235 236 171
5079 2 2 0 233 237 173 172
5080 2 2 0 233 236 237 172
5081 2 2 0 234 238 174 173
5082 2 2 0 234 237 238 173
5083 2 2 0 235 239 175 174
5084 2 2 0 235 238 239 174
5085 2 2 0 236 240 176 175
5086 2 2 0 236 239 240 175
5087 2 2 0 237 241 177 176
5088 2 2 0 237 240 241 176
5089 2 2 0 238 241 178 177
5090 2 2 0 238 178 241 242
5091 2 2 0 239 242 179 178
5092 2 2 0 239 179 242 243
5093 2 2 0 240 243 180 179
5094 2 2 0 240 180 243 244
5095 2 2 0 241 244 181 180
5096 2 2 0 241 181 244 245
5097 2 2 0 242 245 182 181
5098 2 2 0 242 182 245 246
5099 2 2 0 243 246 183 182
5100 2 2 0 243 183 246 247
5101 2 2 0 244 247 184 183
5102 2 2 0 244 184 247 248
5103 2 2 0 245 248 185 184
5104 2 2 0 245 185 248 249
5105 2 2 0 246 250 186 185
5106 2 2 0 246 249 250 185
5107 2 2 0 247 251 187 186
5108 2 2 0 247 250 251 186
5109 2 2 0 248 252 188 187
5110 2 2 0 248 251 252 187
5111 2 2 0 249 253 189 188
5112 2 2 0 249 252 253 188
5113 2 2 0 250 254 190 189
5114 2 2 0 250 253 254 189
5115 2 2 0 251 255 191 190
5116 2 2 0 251 254 255 190
5117 2 2 0 252 256 192 191
5118 2 2 0 252 255 256 191
5119 2 2 0 253 193 129 192
5120 2 2 0 253 256 193 192
5121 2 2 0 254 257 194 193
5122 2 2 0 254 194 257 258
5123 2 2 0 255 258 195 194
5124 2 2 0 255 195 258 259
5125 2 2 0 256 259 196 195
5126 2 2 0 256 196 259 260
5127 2 2 0 257 260 197 196
5128 2 2 0 257 197 260 261
5129 2 2 0 258 261 198 197
5130 2 2 0 258 198 261 262
5131 2 2 0 259 262 199 198
5132 2 2 0 259 199 262 263
5133 2 2 0 260 263 200 199
5134 2 2 0 260 200 263 264
5135 2 2 0 261 264 201 200
5136 2 2 0 261 201 264 265
5137 2 2 0 262 266 202 201
5138 2 2 0 262 265 266 201
5139 2 2 0 263 267 203 202
5140 2 2 0 263 266 267 202
5141 2 2 0 264 268 204 203
5142 2 2 0 264 267 268 203
5143 2 2 0 265 269 205 204
5144 2 2 0 265 268 269 204
5145 2 2 0 266 270 206 205
5146 2 2 0 266 269 270 205
5147 2 2 0 267 271 207 206
5148 2 2 0 267 270 271 206
5149 2 2 0 268 272 208 207
5150 2 2 0 268 271 272 207
5151 2 2 0 269 273 209 208
5152 2 2 0 269 272 273 208
5153 2 2 0 270 273 210 209
5154 2 2 0 270 210 273 274
5155 2 2 0 271 274 211 210
5156 2 2 0 271 211 274 275
5157 2 2 0 272 275 212 211
5158 2 2 0 272 212 275 276
5159 2 2 0 273 276 213 212
5160 2 2 0 273 213 276 277
5161 2 2 0 274 277 214 213
5162 2 2 0 274 214 277 278
5163 2 2 0 275 278 215 214
5164 2 2 0 275 215 278 279
5165 2 2 0 276 279 216 215
5166 2 2 0 276 216 279 280
5167 2 2 0 277 280 217 216
5168 2 2 0 277 217 280 281
5169 2 2 0 278 282 218 217
5170 2 2 0 278 281 282 217
5171 2 2 0 279 283 219 218
5172 2 2 0 279 282 283 218
5173 2 2 0 280 284 220 219
5174 2 2 0 280 283 284 219
5175 2 2 0 281 285 221 220
5176 2 2 0 281 284 285 220
5177 2 2 0 282 286 222 221
5178 2 2 0 282 285 286 221
5179 2 2 0 283 287 223 222
5180 2 2 0 283 286 287 222
5181 2 2 0 284 288 224 223
5182 2 2 0 284 287 288 223
5183 2 2 0 285 289 225 224
5184 2 2 0 285 288 289 224
5185 2 2 0 286 289 226 225
5186 2 2 0 286 226 289 290
5187 2 2 0 287 290 227 226
5188 2 2 0 287 227 290 291
5189 2 2 0 288 291 228 227
5190 2 2 0 288 228 291 292
5191 2 2 0 289 292 229 228
5192 2 2 0 289 229 292 293
5193 2 2 0 290 293 230 229
5194 2 2 0 290 230 293 294
5195 2 2 0 291 294 231 230
5196 2 2 0 291 231 294 295
5197 2 2 0 292 295 232 231
5198 2 2 0 292 232 295 296
5199 2 2 0 293 296 233 232
5200 2 2 0 293 233 296 297
5201 2 2 0 294 298 234 233
5202 2 2 0 294 297 298 233
5203 2 2 0 295 299 235 234
5204 2 2 0 295 298 299 234
5205 2 2 0 296 300 236 235
5206 2 2 0 296 299 300 235
5207 2 2 0 297 301 237 236
5208 2 2 0 297 300 301 236
5209 2 2 0 298 302 238 237
5210 2 2 0 298 301 302 237
5211 2 2 0 299 303 239 238
5212 2 2 0 299 302 303 238
5213 2 2 0 300 304 240 239
5214 2 2 0 300 303 304 239
5215 2 2 0 301 305 241 240
5216 2 2 0 301 304 305 240
5217 2 2 0 302 305 242 241
5218 2 2 0 302 242 305 306
5219 2 2 0 303 306 243 242
5220 2 2 0 303 243 306 307
5221 2 2 0 304 307 244 243
5222 2 2 0 304 244 307 308
5223 2 2 0 305 308 245 244
5224 2 2 0 305 245 308 309
5225 2 2 0 306 309 246 245
5226 2 2 0 306 246 309 310
5227 2 2 0 307 310 247 246
5228 2 2 0 307 247 310 311
5229 2 2 0 308 311 248 247
5230 2 2 0 308 248 311 312
5231 2 2 0 309 312 249 248
5232 2 2 0 309 249 312 313
5233 2 2 0 310 314 250 249
5234 2 2 0 310 313 314 249
5235 2 2 0 311 315 251 250
5236 2 2 0 311 314 315 250
5237 2 2 0 312 316 252 251
5238 2 2 0 312 315 316 251
5239 2 2 0 313 317 253 252
5240 2 2 0 313 316 317 252
5241 2 2 0 314 318 254 253
5242 2 2 0 314 317 318 253
5243 2 2 0 315 319 255 254
5244 2 2 0 315 318 319 254
5245 2 2 0 316 320 256 255
5246 2 2 0 316 319 320 255
5247 2 2 0 317 257 193 256
5248 2 2 0 317 320 257 256
5249 2 2 0 318 321 258 257
5250 2 2 0 318 258 321 322
5251 2 2 0 319 322 259 258
5252 2 2 0 319 259 322 323
5253 2 2 0 320 323 260 259
5254 2 2 0 320 260 323 324
5255 2 2 0 321 324 261 260
5256 2 2 0 321 261 324 325
5257 2 2 0 322 325 262 261
5258 2 2 0 322 262 325 326
5259 2 2 0 323 326 263 262
5260 2 2 0 323 263 326 327
5261 2 2 0 324 327 264 263
5262 2 2 0 324 264 327 328
5263 2 2 0 325 328 265 264
5264 2 2 0 325 265 328 329
5265 2 2 0 326 330 266 265
5266 2 2 0 326 329 330 265
5267 2 2 0 327 331 267 266
5268 2 2 0 327 330 331 266
5269 2 2 0 328 332 268 267
5270 2 2 0 328 331 332 267
5271 2 2 0 329 333 269 268
5272 2 2 0 329 332 333 268
5273 2 2 0 330 334 270 269
5274 2 2 0 330 333 334 269
5275 2 2 0 331 335 271 270
5276 2 2 0 331 334 335 270
5277 2 2 0 332 336 272 271
5278 2 2 0 332 335 336 271
5279 2 2 0 333 337 273 272
5280 2 2 0 333 336 337 272
5281 2 2 0 334 337 274 273
5282 2 2 0 334 274 337 338
5283 2 2 0 335 338 275 274
5284 2 2 0 335 275 338 339
5285 2 2 0 336 339 276 275
5286 2 2 0 336 276 339 340
5287 2 2 0 337 340 277 276
5288 2 2 0 337 277 340 341
5289 2 2 0 338 341 278 277
5290 2 2 0 338 278 341 342
5291 2 2 0 339 342 279 278
5292 2 2 0 339 279 342 343
5293 2 2 0 340 343 280 279
5294 2 2 0 340 280 343 344
5295 2 2 0 341 344 281 280
5296 2 2 0 341 281 344 345
5297 2 2 0 342 346 282 281
5298 2 2 0 342 345 346 281
5299 2 2 0 343 347 283 282
5300 2 2 0 343 346 347 282
5301 2 2 0 344 348 284 283
5302 2 2 0 344 347 348 283
5303 2 2 0 345 349 285 284
5304 2 2 0 345 348 349 284
5305 2 2 0 346 350 286 285
5306 2 2 0 346 349 350 285
5307 2 2 0 347 351 287 286
5308 2 2 0 347 350 351 286
5309 2 2 0 348 352 288 287
5310 2 2 0 348 351 352 287
5311 2 2 0 349 353 289 288
5312 2 2 0 349 352 353 288
5313 2 2 0 350 353 290 289
5314 2 2 0 350 290 353 354
5315 2 2 0 351 354 291 290
5316 2 2 0 351 291 354 355
5317 2 2 0 352 355 292 291
5318 2 2 0 352 292 355 356
5319 2 2 0 353 356 293 292
5320 2 2 0 353 293 356 357
5321 2 2 0 354 357 294 293
5322 2 2 0 354 294 357 358
5323 2 2 0 355 358 295 294
5324 2 2 0 355 295 358 359
5325 2 2 0 356 359 296 295
5326 2 2 0 356 296 359 360
5327 2 2 0 357 360 297 296
5328 2 2 0 357 297 360 361
5329 2 2 0 358 362 298 297
5330 2 2 0 358 361 362 297
5331 2 2 0 359 363 299 298
5332 2 2 0 359 362 363 298
5333 2 2 0 360 364 300 299
5334 2 2 0 360 363 364 299
5335 2 2 0 361 365 301 300
5336 2 2 0 361 364 365 300
5337 2 2 0 362 366 302 301
5338 2 2 0 362 365 366 301
5339 2 2 0 363 367 303 302
5340 2 2 0 363 366 367 302
5341 2 2 0 364 368 304 303
5342 2 2 0 364 367 368 303
5343 2 2 0 365 369 305 304
5344 2 2 0 365 368 369 304
5345 2 2 0 366 369 306 305
5346 2 2 0 366 306 369 370
5347 2 2 0 367 370 307 306
5348 2 2 0 367 307 370 371
5349 2 2 0 368 371 308 307
5350 2 2 0 368 308 371 372
5351 2 2 0 369 372 309 308
5352 2 2 0 369 309 372 373
5353 2 2 0 370 373 310 309
5354 2 2 0 370 310 373 374
5355 2 2 0 371 374 311 310
5356 2 2 0 371 311 374 375
5357 2 2 0 372 375 312 311
5358 2 2 0 372 312 375 376
5359 2 2 0 373 376 313 312
5360 2 2 0 373 313 376 377
5361 2 2 0 374 378 314 313
5362 2 2 0 374 377 378 313
5363 2 2 0 375 379 315 314
5364 2 2 0 375 378 379 314
5365 2 2 0 376 380 316 315
5366 2 2 0 376 379 380 315
5367 2 2 0 377 381 317 316
5368 2 2 0 377 380 381 316
5369 2 2 0 378 382 318 317
5370 2 2 0 378 381 382 317
5371 2 2 0 379 383 319 318
5372 2 2 0 379 382 383 318
5373 2 2 0 380 384 320 319
5374 2 2 0 380 383 384 319
5375 2 2 0 381 321 257 320
5376 2 2 0 381 384 321 320
5377 2 2 0 382 385 322 321
5378 2 2 0 382 322 385 386
5379 2 2 0 383 386 323 322
5380 2 2 0 383 323 386 387
5381 2 2 0 384 387 324 323
5382 2 2 0 384 324 387 388
5383 2 2 0 385 388 325 324
5384 2 2 0 385 325 388 389
5385 2 2 0 386 389 326 325
5386 2 2 0 386 326 389 390
5387 2 2 0 387 390 327 326
5388 2 2 0 387 327 390 391
5389 2 2 0 388 391 328 327
5390 2 2 0 388 328 391 392
5391 2 2 0 389 392 329 328
5392 2 2 0 389 329 392 393
5393 2 2 0 390 394 330 329
5394 2 2 0 390 393 394 329
5395 2 2 0 391 395 331 330
5396 2 2 0 391 394 395 330
5397 2 2 0 392 396 332 331
5398 2 2 0 392 395 396 331
5399 2 2 0 393 397 333 332
5400 2 2 0 393 396 397 332
5401 2 2 0 394 398 334 333
5402 2 2 0 394 397 398 333
5403 2 2 0 395 399 335 334
5404 2 2 0 395 398 399 334
5405 2 2 0 396 400 336 335
5406 2 2 0 396 399 400 335
5407 2 2 0 397 401 337 336
5408 2 2 0 397 400 401 336
5409 2 2 0 398 401 338 337
5410 2 2 0 398 338 401 402
5411 2 2 0 399 402 339 338
5412 2 2 0 399 339 402 403
5413 2 2 0 400 403 340 339
5414 2 2 0 400 340 403 404
5415 2 2 0 401 404 341 340
5416 2 2 0 401 341 404 405
5417 2 2 0 402 405 342 341
5418 2 2 0 402 342 405 406
5419 2 2 0 403 406 343 342
5420 2 2 0 403 343 406 407
5421 2 2 0 404 407 344 343
5422 2 2 0 404 344 407 408
5423 2 2 0 405 408 345 344
5424 2 2 0 405 345 408 409
5425 2 2 0 406 410 346 345
5426 2 2 0 406 409 410 345
5427 2 2 0 407 411 347 346
5428 2 2 0 407 410 411 346
5429 2 2 0 408 412 348 347
5430 2 2 0 408 411 412 347
5431 2 2 0 409 413 349 348
5432 2 2 0 409 412 413 348
5433 2 2 0 410 414 350 349
5434 2 2 0 410 413 414 349
5435 2 2 0 411 415 351 350
5436 2 2 0 411 414 415 350
5437 2 2 0 412 416 352 351
5438 2 2 0 412 415 416 351
5439 2 2 0 413 417 353 352
5440 2 2 0 413 416 417 352
5441 2 2 0 414 417 354 353
5442 2 2 0 414 354 417 418
5443 2 2 0 415 418 355 354
5444 2 2 0 415 355 418 419
5445 2 2 0 416 419 356 355
5446 2 2 0 416 356 419 420
5447 2 2 0 417 420 357 356
5448 2 2 0 417 357 420 421
5449 2 2 0 418 421 358 357
5450 2 2 0 418 358 421 422
5451 2 2 0 419 422 359 358
5452 2 2 0 419 359 422 423
5453 2 2 0 420 423 360 359
5454 2 2 0 420 360 423 424
5455 2 2 0 421 424 361 360
5456 2 2 0 421 361 424 425
5457 2 2 0 422 426 362 361
5458 2 2 0 422 425 426 361
5459 2 2 0 423 427 363 362
5460 2 2 0 423 426 427 362
5461 2 2 0 424 428 364 363
5462 2 2 0 424 427 428 363
5463 2 2 0 425 429 365 364
5464 2 2 0 425 428 429 364
5465 2 2 0 426 430 366 365
5466 2 2 0 426 429 430 365
5467 2 2 0 427 431 367 366
5468 2 2 0 427 430 431 366
5469 2 2 0 428 432 368 367
5470 2 2 0 428 431 432 367
5471 2 2 0 429 433 369 368
5472 2 2 0 429 432 433 368
5473 2 2 0 430 433 370 369
5474 2 2 0 430 370 433 434
5475 2 2 0 431 434 371 370
5476 2 2 0 431 371 434 435
5477 2 2 0 432 435 372 371
5478 2 2 0 432 372 435 436
5479 2 2 0 433 436 373 372
5480 2 2 0 433 373 436 437
5481 2 2 0 434 437 374 373
5482 2 2 0 434 374 437 438
5483 2 2 0 435 438 375 374
5484 2 2 0 435 375 438 439
5485 2 2 0 436 439 376 375
5486 2 2 0 436 376 439 440
5487 2 2 0 437 440 377 376
5488 2 2 0 437 377 440 441
5489 2 2 0 438 442 378 377
5490 2 2 0 438 441 442 377
5491 2 2 0 439 443 379 378
5492 2 2 0 439 442 443 378
5493 2 2 0 440 444 380 379
5494 2 2 0 440 443 444 379
5495 2 2 0 441 445 381 380
5496 2 2 0 441 444 445 380
5497 2 2 0 442 446 382 381
5498 2 2 0 442 445 446 381
5499 2 2 0 443 447 383 382
5500 2 2 0 443 446 447 382
5501 2 2 0 444 448 384 383
5502 2 2 0 444 447 448 383
5503 2 2 0 445 385 321 384
5504 2 2 0 445 448 385 384
5505 2 2 0 446 449 386 385
5506 2 2 0 446 386 449 450
5507 2 2 0 447 450 387 386
5508 2 2 0 447 387 450 451
5509 2 2 0 448 451 388 387
5510 2 2 0 448 388 451 452
5511 2 2 0 449 452 389 388
5512 2 2 0 449 389 452 453
5513 2 2 0 450 453 390 389
5514 2 2 0 450 390 453 454
5515 2 2 0 451 454 391 390
5516 2 2 0 451 391 454 455
5517 2 2 0 452 455 392 391
5518 2 2 0 452 392 455 456
5519 2 2 0 453 456 393 392
5520 2 2 0 453 393 456 457
5521 2 2 0 454 458 394 393
5522 2 2 0 454 457 458 393
5523 2 2 0 455 459 395 394
5524 2 2 0 455 458 459 394
5525 2 2 0 456 460 396 395
5526 2 2 0 456 459 460 395
5527 2 2 0 457 461 397 396
5528 2 2 0 457 460 461 396
5529 2 2 0 458 462 398 397
5530 2 2 0 458 461 462 397
5531 2 2 0 459 463 399 398
5532 2 2 0 459 462 463 398
5533 2 2 0 460 464 400 399
5534 2 2 0 460 463 464 399
5535 2 2 0 461 465 401 400
5536 2 2 0 461 464 465 400
5537 2 2 0 462 465 402 401
5538 2 2 0 462 402 465 466
5539 2 2 0 463 466 403 402
5540 2 2 0 463 403 466 467
5541 2 2 0 464 467 404 403
5542 2 2 0 464 404 467 468
5543 2 2 0 465 468 405 404
5544 2 2 0 465 405 468 469
5545 2 2 0 466 469 406 405
5546 2 2 0 466 406 469 470
5547 2 2 0 467 470 407 406
5548 2 2 0 467 407 470 471
5549 2 2 0 468 471 408 407
5550 2 2 0 468 408 471 472
5551 2 2 0 469 472 409 408
5552 2 2 0 469 409 472 473
5553 2 2 0 470 474 410 409
5554 2 2 0 470 473 474 409
5555 2 2 0 471 475 411 410
5556 2 2 0 471 474 475 410
5557 2 2 0 472 476 412 411
5558 2 2 0 472 475 476 411
5559 2 2 0 473 477 413 412
5560 2 2 0 473 476 477 412
5561 2 2 0 474 478 414 413
5562 2 2 0 474 477 478 413
5563 2 2 0 475 479 415 414
5564 2 2 0 475 478 479 414
5565 2 2 0 476 480 416 415
5566 2 2 0 476 479 480 415
5567 2 2 0 477 481 417 416
5568 2 2 0 477 480 481 416
5569 2 2 0 478 481 418 417
5570 2 2 0 478 418 481 482
5571 2 2 0 479 482 419 418
5572 2 2 0 479 419 482 483
5573 2 2 0 480 483 420 419
5574 2 2 0 480 420 483 484
5575 2 2 0 481 484 421 420
5576 2 2 0 481 421 484 485
5577 2 2 0 482 485 422 421
5578 2 2 0 482 422 485 486
5579 2 2 0 483 486 423 422
5580 2 2 0 483 423 486 487
5581 2 2 0 484 487 424 423
5582 2 2 0 484 424 487 488
5583 2 2 0 485 488 425 424
5584 2 2 0 485 425 488 489
5585 2 2 0 486 490 426 425
5586 2 2 0 486 489 490 425
5587 2 2 0 487 491 427 426
5588 2 2 0 487 490 491 426
5589 2 2 0 488 492 428 427
5590 2 2 0 488 491 492 427
5591 2 2 0 489 493 429 428
5592 2 2 0 489 492 493 428
5593 2 2 0 490 494 430 429
5594 2 2 0 490 493 494 429
5595 2 2 0 491 495 431 430
5596 2 2 0 491 494 495 430
5597 2 2 0 492 496 432 431
5598 2 2 0 492 495 496 431
5599 2 2 0 493 497 433 432
5600 2 2 0 493 496 497 432
5601 2 2 0 494 497 434 433
5602 2 2 0 494 434 497 498
5603 2 2 0 495 498 435 434
5604 2 2 0 495 435 498 499
5605 2 2 0 496 499 436 435
5606 2 2 0 496 436 499 500
5607 2 2 0 497 500 437 436
5608 2 2 0 497 437 500 501
5609 2 2 0 498 501 438 437
5610 2 2 0 498 438 501 502
5611 2 2 0 499 502 439 438
5612 2 2 0 499 439 502 503
5613 2 2 0 500 503 440 439
5614 2 2 0 500 440 503 504
5615 2 2 0 501 504 441 440
5616 2 2 0 501 441 504 505
5617 2 2 0 502 506 442 441
5618 2 2 0 502 505 506 441
5619 2 2 0 503 507 443 442
5620 2 2 0 503 506 507 442
5621 2 2 0 504 508 444 443
5622 2 2 0 504 507 508 443
5623 2 2 0 505 509 445 444
5624 2 2 0 505 508 509 444
5625 2 2 0 506 510 446 445
5626 2 2 0 506 509 510 445
5627 2 2 0 507 511 447 446
5628 2 2 0 507 510 511 446
5629 2 2 0 508 512 448 447
5630 2 2 0 508 511 512 447
5631 2 2 0 509 449 385 448
5632 2 2 0 509 512 449 448
5633 2 2 0 510 513 450 449
5634 2 2 0 510 450 513 514
5635 2 2 0 511 514 451 450
5636 2 2 0 511 451 514 515
5637 2 2 0 512 515 452 451
5638 2 2 0 512 452 515 516
5639 2 2 0 513 516 453 452
5640 2 2 0 513 453 516 517
5641 2 2 0 514 517 454 453
5642 2 2 0 514 454 517 518
5643 2 2 0 515 518 455 454
5644 2 2 0 515 455 518 519
5645 2 2 0 516 519 456 455
5646 2 2 0 516 456 519 520
5647 2 2 0 517 520 457 456
5648 2 2 0 517 457 520 521
5649 2 2 0 518 522 458 457
5650 2 2 0 518 521 522 457
5651 2 2 0 519 522 523 458
5652 2 2 0 519 523 459 458
5653 2 2 0 520 524 460 459
5654 2 2 0 520 523 524 459
5655 2 2 0 521 525 461 460
5656 2 2 0 521 524 525 460
5657 2 2 0 522 526 462 461
5658 2 2 0 522 525 526 461
5659 2 2 0 523 527 463 462
5660 2 2 0 523 526 527 462
5661 2 2 0 524 528 464 463
5662 2 2 0 524 527 528 463
5663 2 2 0 525 529 465 464
5664 2 2 0 525 528 529 464
5665 2 2 0 526 529 466 465
5666 2 2 0 526 466 529 530
5667 2 2 0 527 530 467 466
5668 2 2 0 527 467 530 531
5669 2 2 0 528 531 468 467
5670 2 2 0 528 468 531 532
5671 2 2 0 529 532 469 468
5672 2 2 0 529 469 532 533
5673 2 2 0 530 533 470 469
5674 2 2 0 530 470 533 534
5675 2 2 0 531 534 471 470
5676 2 2 0 531 471 534 535
5677 2 2 0 532 472 535 536
5678 2 2 0 532 535 472 471
5679 2 2 0 533 536 473 472
5680 2 2 0 533 473 536 537
5681 2 2 0 534 538 474 473
5682 2 2 0 534 537 538 473
5683 2 2 0 535 539 475 474
5684 2 2 0 535 538 539 474
5685 2 2 0 536 540 476 475
5686 2 2 0 536 539 540 475
5687 2 2 0 537 541 477 476
5688 2 2 0 537 540 541 476
5689 2 2 0 538 542 478 477
5690 2 2 0 538 541 542 477
5691 2 2 0 539 543 479 478
5692 2 2 0 539 542 543 478
5693 2 2 0 540 544 480 479
5694 2 2 0 540 543 544 479
5695 2 2 0 541 545 481 480
5696 2 2 0 541 544 545 480
5697 2 2 0 542 545 482 481
5698 2 2 0 542 482 545 546
5699 2 2 0 543 546 483 482
5700 2 2 0 543 483 546 547
5701 2 2 0 544 547 484 483
5702 2 2 0 544 484 547 548
5703 2 2 0 545 548 485 484
5704 2 2 0 545 485 548 549
5705 2 2 0 546 549 486 485
5706 2 2 0 546 486 549 550
5707 2 2 0 547 550 487 486
5708 2 2 0 547 487 550 551
5709 2 2 0 548 551 488 487
5710 2 2 0 548 488 551 552
5711 2 2 0 549 552 489 488
5712 2 2 0 549 489 552 553
5713 2 2 0 550 554 490 489
5714 2 2 0 550 553 554 489
5715 2 2 0 551 554 555 490
5716 2 2 0 551 555 491 490
5717 2 2 0 552 556 492 491
5718 2 2 0 552 555 556 491
5719 2 2 0 553 557 493 492
5720 2 2 0 553 556 557 492
5721 2 2 0 554 558 494 493
5722 2 2 0 554 557 558 493
5723 2 2 0 555 559 495 494
5724 2 2 0 555 558 559 494
5725 2 2 0 556 560 496 495
5726 2 2 0 556 559 560 495
5727 2 2 0 557 561 497 496
5728 2 2 0 557 560 561 496
5729 2 2 0 558 561 498 497
5730 2 2 0 558 498 561 562
5731 2 2 0 559 562 499 498
5732 2 2 0 559 499 562 563
5733 2 2 0 560 563 500 499
5734 2 2 0 560 500 563 564
5735 2 2 0 561 564 501 500
5736 2 2 0 561 501 564 565
5737 2 2 0 562 565 502 501
5738 2 2 0 562 502 565 566
5739 2 2 0 563 566 503 502
5740 2 2 0 563 503 566 567
5741 2 2 0 564 504 567 568
5742 2 2 0 564 567 504 503
5743 2 2 0 565 568 505 504
5744 2 2 0 565 505 568 569
5745 2 2 0 566 570 506 505
5746 2 2 0 566 569 570 505
5747 2 2 0 567 571 507 506
5748 2 2 0 567 570 571 506
5749 2 2 0 568 572 508 507
5750 2 2 0 568 571 572 507
5751 2 2 0 569 573 509 508
5752 2 2 0 569 572 573 508
5753 2 2 0 570 574 510 509
5754 2 2 0 570 573 574 509
5755 2 2 0 571 575 511 510
5756 2 2 0 571 574 575 510
5757 2 2 0 572 576 512 511
5758 2 2 0 572 575 576 511
5759 2 2 0 573 513 449 512
5760 2 2 0 573 576 513 512
5761 2 2 0 574 577 514 513
5762 2 2 0 574 514 577 578
5763 2 2 0 575 578 515 514
5764 2 2 0 575 515 578 579
5765 2 2 0 576 579 516 515
5766 2 2 0 576 516 579 580
5767 2 2 0 577 580 517 516
5768 2 2 0 577 517 580 581
5769 2 2 0 578 581 518 517
5770 2 2 0 578 518 581 582
5771 2 2 0 579 582 519 518
5772 2 2 0 579 519 582 583
5773 2 2 0 580 583 520 519
5774 2 2 0 580 520 583 584
5775 2 2 0 581 584 521 520
5776 2 2 0 581 521 584 585
5777 2 2 0 582 586 522 521
5778 2 2 0 582 585 586 521
5779 2 2 0 583 587 523 522
5780 2 2 0 583 586 587 522
5781 2 2 0 584 588 524 523
5782 2 2 0 584 587 588 523
5783 2 2 0 585 589 525 524
5784 2 2 0 585 588 589 524
5785 2 2 0 586 590 526 525
5786 2 2 0 586 589 590 525
5787 2 2 0 587 591 527 526
5788 2 2 0 587 590 591 526
5789 2 2 0 588 592 528 527
5790 2 2 0 588 591 592 527
5791 2 2 0 589 593 529 528
5792 2 2 0 589 592 593 528
5793 2 2 0 590 593 530 529
5794 2 2 0 590 530 593 594
5795 2 2 0 591 594 531 530
5796 2 2 0 591 531 594 595
5797 2 2 0 592 595 532 531
5798 2 2 0 592 532 595 596
5799 2 2 0 593 596 533 532
5800 2 2 0 593 533 596 597
5801 2 2 0 594 597 534 533
5802 2 2 0 594 534 597 598
5803 2 2 0 595 598 535 534
5804 2 2 0 595 535 598 599
5805 2 2 0 596 599 536 535
5806 2 2 0 596 536 599 600
5807 2 2 0 597 600 537 536
5808 2 2 0 597 537 600 601
5809 2 2 0 598 602 538 537
5810 2 2 0 598 601 602 537
5811 2 2 0 599 603 539 538
5812 2 2 0 599 602 603 538
5813 2 2 0 600 604 540 539
5814 2 2 0 600 603 604 539
5815 2 2 0 601 605 541 540
5816 2 2 0 601 604 605 540
5817 2 2 0 602 606 542 541
5818 2 2 0 602 605 606 541
5819 2 2 0 603 607 543 542
5820 2 2 0 603 606 607 542
5821 2 2 0 604 608 544 543
5822 2 2 0 604 607 608 543
5823 2 2 0 605 609 545 544
5824 2 2 0 605 608 609 544
5825 2 2 0 606 609 546 545
5826 2 2 0 606 546 609 610
5827 2 2 0 607 610 547 546
5828 2 2 0 607 547 610 611
5829 2 2 0 608 611 548 547
5830 2 2 0 608 548 611 612
5831 2 2 0 609 612 549 548
5832 2 2 0 609 549 612 613
5833 2 2 0 610 613 550 549
5834 2 2 0 610 550 613 614
5835 2 2 0 611 614 551 550
5836 2 2 0 611 551 614 615
5837 2 2 0 612 615 552 551
5838 2 2 0 612 552 615 616
5839 2 2 0 613 616 553 552
5840 2 2 0 613 553 616 617
5841 2 2 0 614 618 554 553
5842 2 2 0 614 617 618 553
5843 2 2 0 615 619 555 554
5844 2 2 0 615 618 619 554
5845 2 2 0 616 620 556 555
5846 2 2 0 616 619 620 555
5847 2 2 0 617 621 557 556
5848 2 2 0 617 620 621 556
5849 2 2 0 618 622 558 557
5850 2 2 0 618 621 622 557
5851 2 2 0 619 623 559 558
5852 2 2 0 619 622 623 558
5853 2 2 0 620 624 560 559
5854 2 2 0 620 623 624 559
5855 2 2 0 621 625 561 560
5856 2 2 0 621 624 625 560
5857 2 2 0 622 625 562 561
5858 2 2 0 622 562 625 626
5859 2 2 0 623 626 563 562
5860 2 2 0 623 563 626 627
5861 2 2 0 624 627 564 563
5862 2 2 0 624 564 627 628
5863 2 2 0 625 628 565 564
5864 2 2 0 625 565 628 629
5865 2 2 0 626 629 566 565
5866 2 2 0 626 566 629 630
5867 2 2 0 627 630 567 566
5868 2 2 0 627 567 630 631
5869 2 2 0 628 631 568 567
5870 2 2 0 628 568 631 632
5871 2 2 0 629 632 569 568
5872 2 2 0 629 569 632 633
5873 2 2 0 630 634 570 569
5874 2 2 0 630 633 634 569
5875 2 2 0 631 635 571 570
5876 2 2 0 631 634 635 570
5877 2 2 0 632 636 572 571
5878 2 2 0 632 635 636 571
5879 2 2 0 633 637 573 572
5880 2 2 0 633 636 637 572
5881 2 2 0 634 638 574 573
5882 2 2 0 634 637 638 573
5883 2 2 0 635 639 575 574
5884 2 2 0 635 638 639 574
5885 2 2 0 636 640 576 575
5886 2 2 0 636 639 640 575
5887 2 2 0 637 577 513 576
5888 2 2 0 637 640 577 576
5889 2 2 0 638 641 578 577
5890 2 2 0 638 578 641 642
5891 2 2 0 639 642 579 578
5892 2 2 0 639 579 642 643
5893 2 2 0 640 643 580 579
5894 2 2 0 640 580 643 644
5895 2 2 0 641 644 581 580
5896 2 2 0 641 581 644 645
5897 2 2 0 642 645 582 581
5898 2 2 0 642 582 645 646
5899 2 2 0 643 646 583 582
5900 2 2 0 643 583 646 647
5901 2 2 0 644 647 584 583
5902 2 2 0 644 584 647 648
5903 2 2 0 645 648 585 584
5904 2 2 0 645 585 648 649
5905 2 2 0 646 650 586 585
5906 2 2 0 646 649 650 585
5907 2 2 0 647 651 587 586
5908 2 2 0 647 650 651 586
5909 2 2 0 648 652 588 587
5910 2 2 0 648 651 652 587
5911 2 2 0 649 653 589 588
5912 2 2 0 649 652 653 588
5913 2 2 0 650 654 590 589
5914 2 2 0 650 653 654 589
5915 2 2 0 651 655 591 590
5916 2 2 0 651 654 655 590
5917 2 2 0 652 656 592 591
5918 2 2 0 652 655 656 591
5919 2 2 0 653 657 593 592
5920 2 2 0 653 656 657 592
5921 2 2 0 654 657 594 593
5922 2 2 0 654 594 657 658
5923 2 2 0 655 658 595 594
5924 2 2 0 655 595 658 659
5925 2 2 0 656 659 596 595
5926 2 2 0 656 596 659 660
5927 2 2 0 657 660 597 596
5928 2 2 0 657 597 660 661
5929 2 2 0 658 661 598 597
5930 2 2 0 658 598 661 662
5931 2 2 0 659 662 599 598
5932 2 2 0 659 599 662 663
5933 2 2 0 660 663 600 599
5934 2 2 0 660 600 663 664
5935 2 2 0 661 664 601 600
5936 2 2 0 661 601 664 665
5937 2 2 0 662 666 602 601
5938 2 2 0 662 665 666 601
5939 2 2 0 663 667 603 602
5940 2 2 0 663 666 667 602
5941 2 2 0 664 668 604 603
5942 2 2 0 664 667 668 603
5943 2 2 0 665 669 605 604
5944 2 2 0 665 668 669 604
5945 2 2 0 666 670 606 605
5946 2 2 0 666 669 670 605
5947 2 2 0 667 671 607 606
5948 2 2 0 667 670 671 606
5949 2 2 0 668 672 608 607
5950 2 2 0 668 671 672 607
5951 2 2 0 669 673 609 608
5952 2 2 0 669 672 673 608
5953 2 2 0 670 673 610 609
5954 2 2 0 670 610 673 674
5955 2 2 0 671 674 611 610
5956 2 2 0 671 611 674 675
5957 2 2 0 672 675 612 611
5958 2 2 0 672 612 675 676
5959 2 2 0 673 676 613 612
5960 2 2 0 673 613 676 677
5961 2 2 0 674 677 614 613
5962 2 2 0 674 614 677 678
5963 2 2 0 675 678 615 614
5964 2 2 0 675 615 678 679
5965 2 2 0 676 679 616 615
5966 2 2 0 676 616 679 680
5967 2 2 0 677 680 617 616
5968 2 2 0 677 617 680 681
5969 2 2 0 678 682 618 617
5970 2 2 0 678 681 682 617
5971 2 2 0 679 683 619 618
5972 2 2 0 679 682 683 618
5973 2 2 0 680 684 620 619
5974 2 2 0 680 683 684 619
5975 2 2 0 681 685 621 620
5976 2 2 0 681 684 685 620
5977 2 2 0 682 686 622 621
5978 2 2 0 682 685 686 621
5979 2 2 0 683 687 623 622
5980 2 2 0 683 686 687 622
5981 2 2 0 684 688 624 623
5982 2 2 0 684 687 688 623
5983 2 2 0 685 689 625 624
5984 2 2 0 685 688 689 624
5985 2 2 0 686 689 626 625
5986 2 2 0 686 626 689 690
5987 2 2 0 687 690 627 626
5988 2 2 0 687 627 690 691
5989 2 2 0 688 691 628 627
5990 2 2 0 688 628 691 692
5991 2 2 0 689 692 629 628
5992 2 2 0 689 629 692 693
5993 2 2 0 690 693 630 629
5994 2 2 0 690 630 693 694
5995 2 2 0 691 694 631 630
5996 2 2 0 691 631 694 695
5997 2 2 0 692 695 632 631
5998 2 2 0 692 632 695 696
5999 2 2 0 693 696 633 632
6000 2 2 0 693 633 696 697
6001 2 2 0 694 698 634 633
6002 2 2 0 694 697 698 633
6003 2 2 0 695 699 635 634
6004 2 2 0 695 698 699 634
6005 2 2 0 696 700 636 635
6006 2 2 0 696 699 700 635
6007 2 2 0 697 701 637 636
6008 2 2 0 697 700 701 636
6009 2 2 0 698 702 638 637
6010 2 2 0 698 701 702 637
6011 2 2 0 699 703 639 638
6012 2 2 0 699 702 703 638
6013 2 2 0 700 704 640 639
6014 2 2 0 700 703 704 639
6015 2 2 0 701 641 577 640
6016 2 2 0 701 704 641 640
6017 2 2 0 702 705 642 641
6018 2 2 0 702 642 705 706
6019 2 2 0 703 706 643 642
6020 2 2 0 703 643 706 707
6021 2 2 0 704 707 644 643
6022 2 2 0 704 644 707 708
6023 2 2 0 705 708 645 644
6024 2 2 0 705 645 708 709
6025 2 2 0 706 709 646 645
6026 2 2 0 706 646 709 710
6027 2 2 0 707 710 647 646
6028 2 2 0 707 647 710 711
6029 2 2 0 708 711 648 647
6030 2 2 0 708 648 711 712
6031 2 2 0 709 712 649 648
6032 2 2 0 709 649 712 713
6033 2 2 0 710 714 650 649
6034 2 2 0 710 713 714 649
6035 2 2 0 711 715 651 650
6036 2 2 0 711 714 715 650
6037 2 2 0 712 716 652 651
6038 2 2 0 712 715 716 651
6039 2 2 0 713 717 653 652
6040 2 2 0 713 716 717 652
6041 2 2 0 714 718 654 653
6042 2 2 0 714 717 718 653
6043 2 2 0 715 719 655 654
6044 2 2 0 715 718 719 654
6045 2 2 0 716 720 656 655
6046 2 2 0 716 719 720 655
6047 2 2 0 717 721 657 656
6048 2 2 0 717 720 721 656
6049 2 2 0 718 721 658 657
6050 2 2 0 718 658 721 722
6051 2 2 0 719 722 659 658
6052 2 2 0 719 659 722 723
6053 2 2 0 720 723 660 659
6054 2 2 0 720 660 723 724
6055 2 2 0 721 724 661 660
6056 2 2 0 721 661 724 725
6057 2 2 0 722 725 662 661
6058 2 2 0 722 662 725 726
6059 2 2 0 723 726 663 662
6060 2 2 0 723 663 726 727
6061 2 2 0 724 727 664 663
6062 2 2 0 724 664 727 728
6063 2 2 0 725 728 665 664
6064 2 2 0 725 665 728 729
6065 2 2 0 726 730 666 665
6066 2 2 0 726 729 730 665
6067 2 2 0 727 731 667 666
6068 2 2 0 727 730 731 666
6069 2 2 0 728 732 668 667
6070 2 2 0 728 731 732 667
6071 2 2 0 729 733 669 668
6072 2 2 0 729 732 733 668
6073 2 2 0 730 734 670 669
6074 2 2 0 730 733 734 669
6075 2 2 0 731 735 671 670
6076 2 2 0 731 734 735 670
6077 2 2 0 732 736 672 671
6078 2 2 0 732 735 736 671
6079 2 2 0 733 737 673 672
6080 2 2 0 733 736 737 672
6081 2 2 0 734 737 674 673
6082 2 2 0 734 674 737 738
6083 2 2 0 735 738 675 674
6084 2 2 0 735 675 738 739
6085 2 2 0 736 739 676 675
6086 2 2 0 736 676 739 740
6087 2 2 0 737 740 677 676
6088 2 2 0 737 677 740 741
6089 2 2 0 738 741 678 677
6090 2 2 0 738 678 741 742
6091 2 2 0 739 742 679 678
6092 2 2 0 739 679 742 743
6093 2 2 0 740 743 680 679
6094 2 2 0 740 680 743 744
6095 2 2 0 741 744 681 680
6096 2 2 0 741 681 744 745
6097 2 2 0 742 746 682 681
6098 2 2 0 742 745 746 681
6099 2 2 0 743 747 683 682
6100 2 2 0 743 746 747 682
6101 2 2 0 744 748 684 683
6102 2 2 0 744 747 748 683
6103 2 2 0 745 749 685 684
6104 2 2 0 745 748 749 684
6105 2 2 0 746 750 686 685
6106 2 2 0 746 749 750 685
6107 2 2 0 747 751 687 686
6108 2 2 0 747 750 751 686
6109 2 2 0 748 752 688 687
6110 2 2 0 748 751 752 687
6111 2 2 0 749 753 689 688
6112 2 2 0 749 752 753 688
6113 2 2 0 750 753 690 689
6114 2 2 0 750 690 753 754
6115 2 2 0 751 754 691 690
6116 2 2 0 751 691 754 755
6117 2 2 0 752 755 692 691
6118 2 2 0 752 692 755 756
6119 2 2 0 753 756 693 692
6120 2 2 0 753 693 756 757
6121 2 2 0 754 757 694 693
6122 2 2 0 754 694 757 758
6123 2 2 0 755 758 695 694
6124 2 2 0 755 695 758 759
6125 2 2 0 756 759 696 695
6126 2 2 0 756 696 759 760
6127 2 2 0 757 760 697 696
6128 2 2 0 757 697 760 761
6129 2 2 0 758 762 698 697
6130 2 2 0 758 761 762 697
6131 2 2 0 759 763 699 698
6132 2 2 0 759 762 763 698
6133 2 2 0 760 764 700 699
6134 2 2 0 760 763 764 699
6135 2 2 0 761 765 701 700
6136 2 2 0 761 764 765 700
6137 2 2 0 762 766 702 701
6138 2 2 0 762 765 766 701
6139 2 2 0 763 767 703 702
6140 2 2 0 763 766 767 702
6141 2 2 0 764 768 704 703
6142 2 2 0 764 767 768 703
6143 2 2 0 765 705 641 704
6144 2 2 0 765 768 705 704
6145 2 2 0 766 769 706 705
6146 2 2 0 766 706 769 770
6147 2 2 0 767 770 707 706
6148 2 2 0 767 707 770 771
6149 2 2 0 768 771 708 707
6150 2 2 0 768 708 771 772
6151 2 2 0 769 772 709 708
6152 2 2 0 769 709 772 773
6153 2 2 0 770 773 710 709
6154 2 2 0 770 710 773 774
6155 2 2 0 771 774 711 710
6156 2 2 0 771 711 774 775
6157 2 2 0 772 775 712 711
6158 2 2 0 772 712 775 776
6159 2 2 0 773 776 713 712
6160 2 2 0 773 713 776 777
6161 2 2 0 774 778 714 713
6162 2 2 0 774 777 778 713
6163 2 2 0 775 779 715 714
6164 2 2 0 775 778 779 714
6165 2 2 0 776 780 716 715
6166 2 2 0 776 779 780 715
6167 2 2 0 777 781 717 716
6168 2 2 0 777 780 781 716
6169 2 2 0 778 782 718 717
6170 2 2 0 778 781 782 717
6171 2 2 0 779 783 719 718
6172 2 2 0 779 782 783 718
6173 2 2 0 780 784 720 719
6174 2 2 0 780 783 784 719
6175 2 2 0 781 785 721 720
6176 2 2 0 781 784 785 720
6177 2 2 0 782 785 722 721
6178 2 2 0 782 722 785 786
6179 2 2 0 783 786 723 722
6180 2 2 0 783 723 786 787
6181 2 2 0 784 787 724 723
6182 2 2 0 784 724 787 788
6183 2 2 0 785 788 725 724
6184 2 2 0 785 725 788 789
6185 2 2 0 786 789 726 725
6186 2 2 0 786 726 789 790
6187 2 2 0 787 790 727 726
6188 2 2 0 787 727 790 791
6189 2 2 0 788 791 728 727
6190 2 2 0 788 728 791 792
6191 2 2 0 789 792 729 728
6192 2 2 0 789 729 792 793
6193 2 2 0 790 794 730 729
6194 2 2 0 790 793 794 729
6195 2 2 0 791 795 731 730
6196 2 2 0 791 794 795 730
6197 2 2 0 792 796 732 731
6198 2 2 0 792 795 796 731
6199 2 2 0 793 797 733 732
6200 2 2 0 793 796 797 732
6201 2 2 0 794 798 734 733
6202 2 2 0 794 797 798 733
6203 2 2 0 795 799 735 734
6204 2 2 0 795 798 799 734
6205 2 2 0 796 800 736 735
6206 2 2 0 796 799 800 735
6207 2 2 0 797 801 737 736
6208 2 2 0 797 800 801 736
6209 2 2 0 798 801 738 737
6210 2 2 0 798 738 801 802
6211 2 2 0 799 802 739 738
6212 2 2 0 799 739 802 803
6213 2 2 0 800 803 740 739
6214 2 2 0 800 740 803 804
6215 2 2 0 801 804 741 740
6216 2 2 0 801 741 804 805
6217 2 2 0 802 805 742 741
6218 2 2 0 802 742 805 806
6219 2 2 0 803 806 743 742
6220 2 2 0 803 743 806 807
6221 2 2 0 804 807 744 743
6222 2 2 0 804 744 807 808
6223 2 2 0 805 808 745 744
6224 2 2 0 805 745 808 809
6225 2 2 0 806 810 746 745
6226 2 2 0 806 809 810 745
6227 2 2 0 807 811 747 746
6228 2 2 0 807 810 811 746
6229 2 2 0 808 812 748 747
6230 2 2 0 808 811 812 747
6231 2 2 0 809 813 749 748
6232 2 2 0 809 812 813 748
6233 2 2 0 810 814 750 749
6234 2 2 0 810 813 814 749
6235 2 2 0 811 815 751 750
6236 2 2 0 811 814 815 750
6237 2 2 0 812 816 752 751
6238 2 2 0 812 815 816 751
6239 2 2 0 813 817 753 752
6240 2 2 0 813 816 817 752
6241 2 2 0 814 817 754 753
6242 2 2 0 814 754 817 818
6243 2 2 0 815 818 755 754
6244 2 2 0 815 755 818 819
6245 2 2 0 816 819 756 755
6246 2 2 0 816 756 819 820
6247 2 2 0 817 820 757 756
6248 2 2 0 817 757 820 821
6249 2 2 0 818 821 758 757
6250 2 2 0 818 758 821 822
6251 2 2 0 819 822 759 758
6252 2 2 0 819 759 822 823
6253 2 2 0 820 823 760 759
6254 2 2 0 820 760 823 824
6255 2 2 0 821 824 761 760
6256 2 2 0 821 761 824 825
6257 2 2 0 822 826 762 761
6258 2 2 0 822 825 826 761
6259 2 2 0 823 827 763 762
6260 2 2 0 823 826 827 762
6261 2 2 0 824 828 764 763
6262 2 2 0 824 827 828 763
6263 2 2 0 825 829 765 764
6264 2 2 0 825 828 829 764
6265 2 2 0 826 830 766 765
6266 2 2 0 826 829 830 765
6267 2 2 0 827 831 767 766
6268 2 2 0 827 830 831 766
6269 2 2 0 828 832 768 767
6270 2 2 0 828 831 832 767
6271 2 2 0 829 769 705 768
6272 2 2 0 829 832 769 768
6273 2 2 0 830 833 770 769
6274 2 2 0 830 770 833 834
6275 2 2 0 831 834 771 770
6276 2 2 0 831 771 834 835
6277 2 2 0 832 835 772 771
6278 2 2 0 832 772 835 836
6279 2 2 0 833 836 773 772
6280 2 2 0 833 773 836 837
6281 2 2 0 834 837 774 773
6282 2 2 0 834 774 837 838
6283 2 2 0 835 838 775 774
6284 2 2 0 835 775 838 839
6285 2 2 0 836 839 776 775
6286 2 2 0 836 776 839 840
6287 2 2 0 837 840 777 776
6288 2 2 0 837 777 840 841
6289 2 2 0 838 842 778 777
6290 2 2 0 838 841 842 777
6291 2 2 0 839 843 779 778
6292 2 2 0 839 842 843 778
6293 2 2 0 840 844 780 779
6294 2 2 0 840 843 844 779
6295 2 2 0 841 845 781 780
6296 2 2 0 841 844 845 780
6297 2 2 0 842 846 782 781
6298 2 2 0 842 845 846 781
6299 2 2 0 843 847 783 782
6300 2 2 0 843 846 847 782
6301 2 2 0 844 848 784 783
6302 2 2 0 844 847 848 783
6303 2 2 0 845 849 785 784
6304 2 2 0 845 848 849 784
6305 2 2 0 846 849 786 785
6306 2 2 0 846 786 849 850
6307 2 2 0 847 850 787 786
6308 2 2 0 847 787 850 851
6309 2 2 0 848 851 788 787
6310 2 2 0 848 788 851 852
6311 2 2 0 849 852 789 788
6312 2 2 0 849 789 852 853
6313 2 2 0 850 853 790 789
6314 2 2 0 850 790 853 854
6315 2 2 0 851 854 791 790
6316 2 2 0 851 791 854 855
6317 2 2 0 852 855 792 791
6318 2 2 0 852 792 855 856
6319 2 2 0 853 856 793 792
6320 2 2 0 853 793 856 857
6321 2 2 0 854 858 794 793
6322 2 2 0 854 857 858 793
6323 2 2 0 855 859 795 794
6324 2 2 0 855 858 859 794
6325 2 2 0 856 860 796 795
6326 2 2 0 856 859 860 795
6327 2 2 0 857 861 797 796
6328 2 2 0 857 860 861 796
6329 2 2 0 858 862 798 797
6330 2 2 0 858 861 862 797
6331 2 2 0 859 863 799 798
6332 2 2 0 859 862 863 798
6333 2 2 0 860 864 800 799
6334 2 2 0 860 863 864 799
6335 2 2 0 861 865 801 800
6336 2 2 0 861 864 865 800
6337 2 2 0 862 865 802 801
6338 2 2 0 862 802 865 866
6339 2 2 0 863 866 803 802
6340 2 2 0 863 803 866 867
6341 2 2 0 864 867 804 803
6342 2 2 0 864 804 867 868
6343 2 2 0 865 868 805 804
6344 2 2 0 865 805 868 869
6345 2 2 0 866 869 806 805
6346 2 2 0 866 806 869 870
6347 2 2 0 867 870 807 806
6348 2 2 0 867 807 870 871
6349 2 2 0 868 871 808 807
6350 2 2 0 868 808 871 872
6351 2 2 0 869 872 809 808
6352 2 2 0 869 809 872 873
6353 2 2 0 870 874 810 809
6354 2 2 0 870 873 874 809
6355 2 2 0 871 875 811 810
6356 2 2 0 871 874 875 810
6357 2 2 0 872 876 812 811
6358 2 2 0 872 875 876 811
6359 2 2 0 873 877 813 812
6360 2 2 0 873 876 877 812
6361 2 2 0 874 878 814 813
6362 2 2 0 874 877 878 813
6363 2 2 0 875 879 815 814
6364 2 2 0 875 878 879 814
6365 2 2 0 876 880 816 815
6366 2 2 0 876 879 880 815
6367 2 2 0 877 881 817 816
6368 2 2 0 877 880 881 816
6369 2 2 0 878 881 818 817
6370 2 2 0 878 818 881 882
6371 2 2 0 879 882 819 818
6372 2 2 0 879 819 882 883
6373 2 2 0 880 883 820 819
6374 2 2 0 880 820 883 884
6375 2 2 0 881 884 821 820
6376 2 2 0 881 821 884 885
6377 2 2 0 882 885 822 821
6378 2 2 0 882 822 885 886
6379 2 2 0 883 886 823 822
6380 2 2 0 883 823 886 887
6381 2 2 0 884 887 824 823
6382 2 2 0 884 824 887 888
6383 2 2 0 885 888 825 824
6384 2 2 0 885 825 888 889
6385 2 2 0 886 890 826 825
6386 2 2 0 886 889 890 825
6387 2 2 0 887 891 827 826
6388 2 2 0 887 890 891 826
6389 2 2 0 888 892 828 827
6390 2 2 0 888 891 892 827
6391 2 2 0 889 893 829 828
6392 2 2 0 889 892 893 828
6393 2 2 0 890 894 830 829
6394 2 2 0 890 893 894 829
6395 2 2 0 891 895 831 830
6396 2 2 0 891 894 895 830
6397 2 2 0 892 896 832 831
6398 2 2 0 892 895 896 831
6399 2 2 0 893 833 769 832
6400 2 2 0 893 896 833 832
6401 2 2 0 894 897 834 833
6402 2 2 0 894 834 897 898
6403 2 2 0 895 898 835 834
6404 2 2 0 895 835 898 899
6405 2 2 0 896 899 836 835
6406 2 2 0 896 836 899 900
6407 2 2 0 897 900 837 836
6408 2 2 0 897 837 900 901
6409 2 2 0 898 901 838 837
6410 2 2 0 898 838 901 902
6411 2 2 0 899 902 839 838
6412 2 2 0 899 839 902 903
6413 2 2 0 900 903 840 839
6414 2 2 0 900 840 903 904
6415 2 2 0 901 904 841 840
6416 2 2 0 901 841 904 905
6417 2 2 0 902 906 842 841
6418 2 2 0 902 905 906 841
6419 2 2 0 903 907 843 842
6420 2 2 0 903 906 907 842
6421 2 2 0 904 908 844 843
6422 2 2 0 904 907 908 843
6423 2 2 0 905 909 845 844
6424 2 2 0 905 908 909 844
6425 2 2 0 906 910 846 845
6426 2 2 0 906 909 910 845
6427 2 2 0 907 911 847 846
6428 2 2 0 907 910 911 846
6429 2 2 0 908 912 848 847
6430 2 2 0 908 911 912 847
6431 2 2 0 909 913 849 848
6432 2 2 0 909 912 913 848
6433 2 2 0 910 913 850 849
6434 2 2 0 910 850 913 914
6435 2 2 0 911 914 851 850
6436 2 2 0 911 851 914 915
6437 2 2 0 912 915 852 851
6438 2 2 0 912 852 915 916
6439 2 2 0 913 916 853 852
6440 2 2 0 913 853 916 917
6441 2 2 0 914 917 854 853
6442 2 2 0 914 854 917 918
6443 2 2 0 915 918 855 854
6444 2 2 0 915 855 918 919
6445 2 2 0 916 919 856 855
6446 2 2 0 916 856 919 920
6447 2 2 0 917 920 857 856
6448 2 2 0 917 857 920 921
6449 2 2 0 918 922 858 857
6450 2 2 0 918 921 922 857
6451 2 2 0 919 923 859 858
6452 2 2 0 919 922 923 858
6453 2 2 0 920 924 860 859
6454 2 2 0 920 923 924 859
6455 2 2 0 921 925 861 860
6456 2 2 0 921 924 925 860
6457 2 2 0 922 926 862 861
6458 2 2 0 922 925 926 861
6459 2 2 0 923 927 863 862
6460 2 2 0 923 926 927 862
6461 2 2 0 924 928 864 863
6462 2 2 0 924 927 928 863
6463 2 2 0 925 929 865 864
6464 2 2 0 925 928 929 864
6465 2 2 0 926 929 866 865
6466 2 2 0 926 866 929 930
6467 2 2 0 927 930 867 866
6468 2 2 0 927 867 930 931
6469 2 2 0 928 931 868 867
6470 2 2 0 928 868 931 932
6471 2 2 0 929 932 869 868
6472 2 2 0 929 869 932 933
6473 2 2 0 930 933 870 869
6474 2 2 0 930 870 933 934
6475 2 2 0 931 934 871 870
6476 2 2 0 931 871 934 935
6477 2 2 0 932 935 872 871
6478 2 2 0 932 872 935 936
6479 2 2 0 933 936 873 872
6480 2 2 0 933 873 936 937
6481 2 2 0 934 938 874 873
6482 2 2 0 934 937 938 873
6483 2 2 0 935 939 875 874
6484 2 2 0 935 938 939 874
6485 2 2 0 936 940 876 875
6486 2 2 0 936 939 940 875
6487 2 2 0 937 941 877 876
6488 2 2 0 937 940 941 876
6489 2 2 0 938 942 878 877
6490 2 2 0 938 941 942 877
6491 2 2 0 939 943 879 878
6492 2 2 0 939 942 943 878
6493 2 2 0 940 944 880 879
6494 2 2 0 940 943 944 879
6495 2 2 0 941 945 881 880
6496 2 2 0 941 944 945 880
6497 2 2 0 942 945 882 881
6498 2 2 0 942 882 945 946
6499 2 2 0 943 946 883 882
6500 2 2 0 943 883 946 947
6501 2 2 0 944 947 884 883
6502 2 2 0 944 884 947 948
6503 2 2 0 945 948 885 884
6504 2 2 0 945 885 948 949
6505 2 2 0 946 949 886 885
6506 2 2 0 946 886 949 950
6507 2 2 0 947 950 887 886
6508 2 2 0 947 887 950 951
6509 2 2 0 948 951 888 887
6510 2 2 0 948 888 951 952
6511 2 2 0 949 952 889 888
6512 2 2 0 949 889 952 953
6513 2 2 0 950 954 890 889
6514 2 2 0 950 953 954 889
6515 2 2 0 951 955 891 890
6516 2 2 0 951 954 955 890
6517 2 2 0 952 956 892 891
6518 2 2 0 952 955 956 891
6519 2 2 0 953 957 893 892
6520 2 2 0 953 956 957 892
6521 2 2 0 954 958 894 893
6522 2 2 0 954 957 958 893
6523 2 2 0 955 959 895 894
6524 2 2 0 955 958 959 894
6525 2 2 0 956 960 896 895
6526 2 2 0 956 959 960 895
6527 2 2 0 957 897 833 896
6528 2 2 0 957 960 897 896
6529 2 2 0 958 961 898 897
6530 2 2 0 958 898 961 962
6531 2 2 0 959 962 899 898
6532 2 2 0 959 899 962 963
6533 2 2 0 960 963 900 899
6534 2 2 0 960 900 963 964
6535 2 2 0 961 964 901 900
6536 2 2 0 961 901 964 965
6537 2 2 0 962 965 902 901
6538 2 2 0 962 902 965 966
6539 2 2 0 963 966 903 902
6540 2 2 0 963 903 966 967
6541 2 2 0 964 967 904 903
6542 2 2 0 964 904 967 968
6543 2 2 0 965 968 905 904
6544 2 2 0 965 905 968 969
6545 2 2 0 966 970 906 905
6546 2 2 0 966 969 970 905
6547 2 2 0 967 971 907 906
6548 2 2 0 967 970 971 906
6549 2 2 0 968 972 908 907
6550 2 2 0 968 971 972 907
6551 2 2 0 969 973 909 908
6552 2 2 0 969 972 973 908
6553 2 2 0 970 974 910 909
6554 2 2 0 970 973 974 909
6555 2 2 0 971 975 911 910
6556 2 2 0 971 974 975 910
6557 2 2 0 972 976 912 911
6558 2 2 0 972 975 976 911
6559 2 2 0 973 977 913 912
6560 2 2 0 973 976 977 912
6561 2 2 0 974 977 914 913
6562 2 2 0 974 914 977 978
6563 2 2 0 975 978 915 914
6564 2 2 0 975 915 978 979
6565 2 2 0 976 979 916 915
6566 2 2 0 976 916 979 980
6567 2 2 0 977 980 917 916
6568 2 2 0 977 917 980 981
6569 2 2 0 978 981 918 917
6570 2 2 0 978 918 981 982
6571 2 2 0 979 982 919 918
6572 2 2 0 979 919 982 983
6573 2 2 0 980 983 920 919
6574 2 2 0 980 920 983 984
6575 2 2 0 981 984 921 920
6576 2 2 0 981 921 984 985
6577 2 2 0 982 986 922 921
6578 2 2 0 982 985 986 921
6579 2 2 0 983 987 923 922
6580 2 2 0 983 986 987 922
6581 2 2 0 984 988 924 923
6582 2 2 0 984 987 988 923
6583 2 2 0 985 989 925 924
6584 2 2 0 985 988 989 924
6585 2 2 0 986 990 926 925
6586 2 2 0 986 989 990 925
6587 2 2 0 987 991 927 926
6588 2 2 0 987 990 991 926
6589 2 2 0 988 992 928 927
6590 2 2 0 988 991 992 927
6591 2 2 0 989 993 929 928
6592 2 2 0 989 992 993 928
6593 2 2 0 990 993 930 929
6594 2 2 0 990 930 993 994
6595 2 2 0 991 994 931 930
6596 2 2 0 991 931 994 995
6597 2 2 0 992 995 932 931
6598 2 2 0 992 932 995 996
6599 2 2 0 993 996 933 932
6600 2 2 0 993 933 996 997
6601 2 2 0 994 997 934 933
6602 2 2 0 994 934 997 998
6603 2 2 0 995 998 935 934
6604 2 2 0 995 935 998 999
6605 2 2 0 996 999 936 935
6606 2 2 0 996 936 999 1000
6607 2 2 0 997 1000 937 936
6608 2 2 0 997 937 1000 1001
6609 2 2 0 998 1002 938 937
6610 2 2 0 998 1001 1002 937
6611 2 2 0 999 1003 939 938
6612 2 2 0 999 1002 1003 938
6613 2 2 0 1000 1004 940 939
6614 2 2 0 1000 1003 1004 939
6615 2 2 0 1001 1005 941 940
6616 2 2 0 1001 1004 1005 940
6617 2 2 0 1002 1006 942 941
6618 2 2 0 1002 1005 1006 941
6619 2 2 0 1003 1007 943 942
6620 2 2 0 1003 1006 1007 942
6621 2 2 0 1004 1008 944 943
6622 2 2 0 1004 1007 1008 943
6623 2 2 0 1005 1009 945 944
6624 2 2 0 1005 1008 1009 944
6625 2 2 0 1006 1009 946 945
6626 2 2 0 1006 946 1009 1010
6627 2 2 0 1007 1010 947 946
6628 2 2 0 1007 947 1010 1011
6629 2 2 0 1008 1011 948 947
6630 2 2 0 1008 948 1011 1012
6631 2 2 0 1009 1012 949 948
6632 2 2 0 1009 949 1012 1013
6633 2 2 0 1010 1013 950 949
6634 2 2 0 1010 950 1013 1014
6635 2 2 0 1011 1014 951 950
6636 2 2 0 1011 951 1014 1015
6637 2 2 0 1012 1015 952 951
6638 2 2 0 1012 952 1015 1016
6639 2 2 0 1013 1016 953 952
6640 2 2 0 1013 953 1016 1017
6641 2 2 0 1014 1018 954 953
6642 2 2 0 1014 1017 1018 953
6643 2 2 0 1015 1019 955 954
6644 2 2 0 1015 1018 1019 954
6645 2 2 0 1016 1020 956 955
6646 2 2 0 1016 1019 1020 955
6647 2 2 0 1017 1021 957 956
6648 2 2 0 1017 1020 1021 956
6649 2 2 0 1018 1022 958 957
6650 2 2 0 1018 1021 1022 957
6651 2 2 0 1019 1023 959 958
6652 2 2 0 1019 1022 1023 958
6653 2 2 0 1020 1024 960 959
6654 2 2 0 1020 1023 1024 959
6655 2 2 0 1021 961 897 960
6656 2 2 0 1021 1024 961 960
6657 2 2 0 1022 1025 962 961
6658 2 2 0 1022 962 1025 1026
6659 2 2 0 1023 1026 963 962
6660 2 2 0 1023 963 1026 1027
6661 2 2 0 1024 1027 964 963
6662 2 2 0 1024 964 1027 1028
6663 2 2 0 1025 1028 965 964
6664 2 2 0 1025 965 1028 1029
6665 2 2 0 1026 1029 966 965
6666 2 2 0 1026 966 1029 1030
6667 2 2 0 1027 1030 967 966
6668 2 2 0 1027 967 1030 1031
6669 2 2 0 1028 1031 968 967
6670 2 2 0 1028 968 1031 1032
6671 2 2 0 1029 1032 969 968
6672 2 2 0 1029 969 1032 1033
6673 2 2 0 1030 1034 970 969
6674 2 2 0 1030 1033 1034 969
6675 2 2 0 1031 1035 971 970
6676 2 2 0 1031 1034 1035 970
6677 2 2 0 1032 1036 972 971
6678 2 2 0 1032 1035 1036 971
6679 2 2 0 1033 1037 973 972
6680 2 2 0 1033 1036 1037 972
6681 2 2 0 1034 1038 974 973
6682 2 2 0 1034 1037 1038 973
6683 2 2 0 1035 1039 975 974
6684 2 2 0 1035 1038 1039 974
6685 2 2 0 1036 1040 976 975
6686 2 2 0 1036 1039 1040 975
6687 2 2 0 1037 1041 977 976
6688 2 2 0 1037 1040 1041 976
6689 2 2 0 1038 1041 978 977
6690 2 2 0 1038 978 1041 1042
6691 2 2 0 1039 1042 979 978
6692 2 2 0 1039 979 1042 1043
6693 2 2 0 1040 1043 980 979
6694 2 2 0 1040 980 1043 1044
6695 2 2 0 1041 1044 981 980
6696 2 2 0 1041 981 1044 1045
6697 2 2 0 1042 1045 982 981
6698 2 2 0 1042 982 1045 1046
6699 2 2 0 1043 1046 983 982
6700 2 2 0 1043 983 1046 1047
6701 2 2 0 1044 1047 984 983
6702 2 2 0 1044 984 1047 1048
6703 2 2 0 1045 1048 985 984
6704 2 2 0 1045 985 1048 1049
6705 2 2 0 1046 1050 986 985
6706 2 2 0 1046 1049 1050 985
6707 2 2 0 1047 1051 987 986
6708 2 2 0 1047 1050 1051 986
6709 2 2 0 1048 1052 988 987
6710 2 2 0 1048 1051 1052 987
6711 2 2 0 1049 1053 989 988
6712 2 2 0 1049 1052 1053 988
6713 2 2 0 1050 1054 990 989
6714 2 2 0 1050 1053 1054 989
6715 2 2 0 1051 1055 991 990
6716 2 2 0 1051 1054 1055 990
6717 2 2 0 1052 1056 992 991
6718 2 2 0 1052 1055 1056 991
6719 2 2 0 1053 1057 993 992
6720 2 2 0 1053 1056 1057 992
6721 2 2 0 1054 1057 994 993
6722 2 2 0 1054 994 1057 1058
6723 2 2 0 1055 1058 995 994
6724 2 2 0 1055 995 1058 1059
6725 2 2 0 1056 1059 996 995
6726 2 2 0 1056 996 1059 1060
6727 2 2 0 1057 1060 997 996
6728 2 2 0 1057 997 1060 1061
6729 2 2 0 1058 1061 998 997
6730 2 2 0 1058 998 1061 1062
6731 2 2 0 1059 1062 999 998
6732 2 2 0 1059 999 1062 1063
6733 2 2 0 1060 1063 1000 999
6734 2 2 0 1060 1000 1063 1064
6735 2 2 0 1061 1064 1001 1000
6736 2 2 0 1061 1001 1064 1065
6737 2 2 0 1062 1066 1002 1001
6738 2 2 0 1062 1065 1066 1001
6739 2 2 0 1063 1067 1003 1002
6740 2 2 0 1063 1066 1067 1002
6741 2 2 0 1064 1068 1004 1003
6742 2 2 0 1064 1067 1068 1003
6743 2 2 0 1065 1069 1005 1004
6744 2 2 0 1065 1068 1069 1004
6745 2 2 0 1066 1070 1006 1005
6746 2 2 0 1066 1069 1070 1005
6747 2 2 0 1067 1071 1007 1006
6748 2 2 0 1067 1070 1071 1006
6749 2 2 0 1068 1072 1008 1007
6750 2 2 0 1068 1071 1072 1007
6751 2 2 0 1069 1073 1009 1008
6752 2 2 0 1069 1072 1073 1008
6753 2 2 0 1070 1073 1010 1009
6754 2 2 0 1070 1010 1073 1074
6755 2 2 0 1071 1074 1011 1010
6756 2 2 0 1071 1011 1074 1075
6757 2 2 0 1072 1075 1012 1011
6758 2 2 0 1072 1012 1075 1076
6759 2 2 0 1073 1076 1013 1012
6760 2 2 0 1073 1013 1076 1077
6761 2 2 0 1074 1077 1014 1013
6762 2 2 0 1074 1014 1077 1078
6763 2 2 0 1075 1078 1015 1014
6764 2 2 0 1075 1015 1078 1079
6765 2 2 0 1076 1079 1016 1015
6766 2 2 0 1076 1016 1079 1080
6767 2 2 0 1077 1080 1017 1016
6768 2 2 0 1077 1017 1080 1081
6769 2 2 0 1078 1082 1018 1017
6770 2 2 0 1078 1081 1082 1017
6771 2 2 0 1079 1083 1019 1018
6772 2 2 0 1079 1082 1083 1018
6773 2 2 0 1080 1084 1020 1019
6774 2 2 0 1080 1083 1084 1019
6775 2 2 0 1081 1085 1021 1020
6776 2 2 0 1081 1084 1085 1020
6777 2 2 0 1082 1086 1022 1021
6778 2 2 0 1082 1085 1086 1021
6779 2 2 0 1083 1087 1023 1022
6780 2 2 0 1083 1086 1087 1022
6781 2 2 0 1084 1088 1024 1023
6782 2 2 0 1084 1087 1088 1023
6783 2 2 0 1085 1025 961 1024
6784 2 2 0 1085 1088 1025 1024
6785 2 2 0 1086 1089 1090 1601
6786 2 2 0 1086 1026 1025 1601
6787 2 2 0 1086 1025 1089 1601
6788 2 2 0 1086 1090 1026 1601
6789 2 2 0 1087 1090 1091 1602
6790 2 2 0 1087 1027 1026 1602
6791 2 2 0 1087 1026 1090 1602
6792 2 2 0 1087 1091 1027 1602
6793 2 2 0 1088 1091 1028 1027
6794 2 2 0 1088 1028 1091 1092
6795 2 2 0 1089 1092 1029 1028
6796 2 2 0 1089 1029 1092 1093
6797 2 2 0 1090 1093 1030 1029
6798 2 2 0 1090 1030 1093 1094
6799 2 2 0 1091 1094 1031 1030
6800 2 2 0 1091 1031 1094 1095
6801 2 2 0 1092 1095 1032 1031
6802 2 2 0 1092 1032 1095 1096
6803 2 2 0 1093 1096 1097 1603
6804 2 2 0 1093 1033 1032 1603
6805 2 2 0 1093 1032 1096 1603
6806 2 2 0 1093 1097 1033 1603
6807 2 2 0 1094 1098 1034 1033
6808 2 2 0 1094 1097 1098 1033
6809 2 2 0 1095 1099 1035 1034
6810 2 2 0 1095 1098 1099 1034
6811 2 2 0 1096 1100 1036 1035
6812 2 2 0 1096 1099 1100 1035
6813 2 2 0 1097 1101 1037 1036
6814 2 2 0 1097 1100 1101 1036
6815 2 2 0 1098 1102 1038 1037
6816 2 2 0 1098 1101 1102 1037
6817 2 2 0 1099 1103 1039 1038
6818 2 2 0 1099 1102 1103 1038
6819 2 2 0 1100 1104 1040 1039
6820 2 2 0 1100 1103 1104 1039
6821 2 2 0 1101 1105 1041 1040
6822 2 2 0 1101 1104 1105 1040
6823 2 2 0 1102 1105 1042 1041
6824 2 2 0 1102 1042 1105 1106
6825 2 2 0 1103 1106 1043 1042
6826 2 2 0 1103 1043 1106 1107
6827 2 2 0 1104 1107 1044 1043
6828 2 2 0 1104 1044 1107 1108
6829 2 2 0 1105 1108 1045 1044
6830 2 2 0 1105 1045 1108 1109
6831 2 2 0 1106 1109 1046 1045
6832 2 2 0 1106 1046 1109 1110
6833 2 2 0 1107 1110 1047 1046
6834 2 2 0 1107 1047 1110 1111
6835 2 2 0 1108 1111 1048 1047
6836 2 2 0 1108 1048 1111 1112
6837 2 2 0 1109 1112 1049 1048
6838 2 2 0 1109 1049 1112 1113
6839 2 2 0 1110 1113 1114 1604
6840 2 2 0 1110 1050 1049 1604
6841 2 2 0 1110 1049 1113 1604
6842 2 2 0 1110 1114 1050 1604
6843 2 2 0 1111 1115 1051 1050
6844 2 2 0 1111 1114 1115 1050
6845 2 2 0 1112 1116 1052 1051
6846 2 2 0 1112 1115 1116 1051
6847 2 2 0 1113 1117 1053 1052
6848 2 2 0 1113 1116 1117 1052
6849 2 2 0 1114 1118 1054 1053
6850 2 2 0 1114 1117 1118 1053
6851 2 2 0 1115 1119 1055 1054
6852 2 2 0 1115 1118 1119 1054
6853 2 2 0 1116 1119 1120 1605
6854 2 2 0 1116 1056 1055 1605
6855 2 2 0 1116 1055 1119 1605
6856 2 2 0 1116 1120 1056 1605
6857 2 2 0 1117 1120 1121 1606
6858 2 2 0 1117 1057 1056 1606
6859 2 2 0 1117 1056 1120 1606
6860 2 2 0 1117 1121 1057 1606
6861 2 2 0 1118 1121 1122 1607
6862 2 2 0 1118 1058 1057 1607
6863 2 2 0 1118 1057 1121 1607
6864 2 2 0 1118 1122 1058 1607
6865 2 2 0 1119 1122 1123 1608
6866 2 2 0 1119 1059 1058 1608
6867 2 2 0 1119 1058 1122 1608
6868 2 2 0 1119 1123 1059 1608
6869 2 2 0 1120 1123 1060 1059
6870 2 2 0 1120 1060 1123 1124
6871 2 2 0 1121 1124 1061 1060
6872 2 2 0 1121 1061 1124 1125
6873 2 2 0 1122 1125 1062 1061
6874 2 2 0 1122 1062 1125 1126
6875 2 2 0 1123 1126 1063 1062
6876 2 2 0 1123 1063 1126 1127
6877 2 2 0 1124 1127 1064 1063
6878 2 2 0 1124 1064 1127 1128
6879 2 2 0 1125 1128 1129 1609
6880 2 2 0 1125 1065 1064 1609
6881 2 2 0 1125 1064 1128 1609
6882 2 2 0 1125 1129 1065 1609
6883 2 2 0 1126 1130 1066 1065
6884 2 2 0 1126 1129 1130 1065
6885 2 2 0 1127 1131 1067 1066
6886 2 2 0 1127 1130 1131 1066
6887 2 2 0 1128 1132 1068 1067
6888 2 2 0 1128 1131 1132 1067
6889 2 2 0 1129 1133 1069 1068
6890 2 2 0 1129 1132 1133 1068
6891 2 2 0 1130 1134 1070 1069
6892 2 2 0 1130 1133 1134 1069
6893 2 2 0 1131 1135 1071 1070
6894 2 2 0 1131 1134 1135 1070
6895 2 2 0 1132 1136 1072 1071
6896 2 2 0 1132 1135 1136 1071
6897 2 2 0 1133 1137 1073 1072
6898 2 2 0 1133 1136 1137 1072
6899 2 2 0 1134 1137 1074 1073
6900 2 2 0 1134 1074 1137 1138
6901 2 2 0 1135 1138 1075 1074
6902 2 2 0 1135 1075 1138 1139
6903 2 2 0 1136 1139 1076 1075
6904 2 2 0 1136 1076 1139 1140
6905 2 2 0 1137 1140 1077 1076
6906 2 2 0 1137 1077 1140 1141
6907 2 2 0 1138 1141 1078 1077
6908 2 2 0 1138 1078 1141 1142
6909 2 2 0 1139 1142 1079 1078
6910 2 2 0 1139 1079 1142 1143
6911 2 2 0 1140 1143 1080 1079
6912 2 2 0 1140 1080 1143 1144
6913 2 2 0 1141 1144 1081 1080
6914 2 2 0 1141 1081 1144 1145
6915 2 2 0 1142 1145 1146 1610
6916 2 2 0 1142 1082 1081 1610
6917 2 2 0 1142 1081 1145 1610
6918 2 2 0 1142 1146 1082 1610
6919 2 2 0 1143 1147 1083 1082
6920 2 2 0 1143 1146 1147 1082
6921 2 2 0 1144 1148 1084 1083
6922 2 2 0 1144 1147 1148 1083
6923 2 2 0 1145 1149 1085 1084
6924 2 2 0 1145 1148 1149 1084
6925 2 2 0 1146 1150 1086 1085
6926 2 2 0 1146 1149 1150 1085
6927 2 2 0 1147 1151 1087 1086
6928 2 2 0 1147 1150 1151 1086
6929 2 2 0 1148 1151 1152 1611
6930 2 2 0 1148 1088 1087 1611
6931 2 2 0 1148 1087 1151 1611
6932 2 2 0 1148 1152 1088 1611
6933 2 2 0 1149 1152 1089 1612
6934 2 2 0 1149 1025 1088 1612
6935 2 2 0 1149 1089 1025 1612
6936 2 2 0 1149 1088 1152 1612
6937 2 2 0 1150 1090 1089 1613
6938 2 2 0 1150 1153 1154 1613
6939 2 2 0 1150 1089 1153 1613
6940 2 2 0 1150 1154 1090 1613
6941 2 2 0 1151 1091 1090 1614
6942 2 2 0 1151 1154 1155 1614
6943 2 2 0 1151 1090 1154 1614
6944 2 2 0 1151 1155 1091 1614
6945 2 2 0 1152 1155 1156 1615
6946 2 2 0 1152 1092 1091 1615
6947 2 2 0 1152 1091 1155 1615
6948 2 2 0 1152 1156 1092 1615
6949 2 2 0 1153 1093 1092 1616
6950 2 2 0 1153 1156 1157 1616
6951 2 2 0 1153 1092 1156 1616
6952 2 2 0 1153 1157 1093 1616
6953 2 2 0 1154 1157 1094 1093
6954 2 2 0 1154 1094 1157 1158
6955 2 2 0 1155 1158 1095 1094
6956 2 2 0 1155 1095 1158 1159
6957 2 2 0 1156 1159 1096 1095
6958 2 2 0 1156 1096 1159 1160
6959 2 2 0 1157 1161 1097 1617
6960 2 2 0 1157 1160 1161 1617
6961 2 2 0 1157 1097 1096 1617
6962 2 2 0 1157 1096 1160 1617
6963 2 2 0 1158 1162 1098 1097
6964 2 2 0 1158 1161 1162 1097
6965 2 2 0 1159 1163 1099 1098
6966 2 2 0 1159 1162 1163 1098
6967 2 2 0 1160 1164 1100 1099
6968 2 2 0 1160 1163 1164 1099
6969 2 2 0 1161 1165 1101 1100
6970 2 2 0 1161 1164 1165 1100
6971 2 2 0 1162 1166 1102 1101
6972 2 2 0 1162 1165 1166 1101
6973 2 2 0 1163 1103 1102 1618
6974 2 2 0 1163 1166 1167 1618
6975 2 2 0 1163 1102 1166 1618
6976 2 2 0 1163 1167 1103 1618
6977 2 2 0 1164 1167 1168 1619
6978 2 2 0 1164 1104 1103 1619
6979 2 2 0 1164 1103 1167 1619
6980 2 2 0 1164 1168 1104 1619
6981 2 2 0 1165 1105 1104 1620
6982 2 2 0 1165 1168 1169 1620
6983 2 2 0 1165 1104 1168 1620
6984 2 2 0 1165 1169 1105 1620
6985 2 2 0 1166 1106 1105 1621
6986 2 2 0 1166 1169 1170 1621
6987 2 2 0 1166 1105 1169 1621
6988 2 2 0 1166 1170 1106 1621
6989 2 2 0 1167 1170 1171 1622
6990 2 2 0 1167 1107 1106 1622
6991 2 2 0 1167 1106 1170 1622
6992 2 2 0 1167 1171 1107 1622
6993 2 2 0 1168 1108 1107 1623
6994 2 2 0 1168 1171 1172 1623
6995 2 2 0 1168 1107 1171 1623
6996 2 2 0 1168 1172 1108 1623
6997 2 2 0 1169 1172 1109 1108
6998 2 2 0 1169 1109 1172 1173
6999 2 2 0 1170 1173 1110 1109
7000 2 2 0 1170 1110 1173 1174
7001 2 2 0 1171 1174 1111 1110
7002 2 2 0 1171 1111 1174 1175
7003 2 2 0 1172 1175 1112 1111
7004 2 2 0 1172 1112 1175 1176
7005 2 2 0 1173 1176 1113 1112
7006 2 2 0 1173 1113 1176 1177
7007 2 2 0 1174 1113 1177 1624
7008 2 2 0 1174 1177 1178 1624
7009 2 2 0 1174 1114 1113 1624
7010 2 2 0 1174 1178 1114 1624
7011 2 2 0 1175 1179 1115 1114
7012 2 2 0 1175 1178 1179 1114
7013 2 2 0 1176 1180 1116 1115
7014 2 2 0 1176 1179 1180 1115
7015 2 2 0 1177 1181 1117 1116
7016 2 2 0 1177 1180 1181 1116
7017 2 2 0 1178 1118 1117 1625
7018 2 2 0 1178 1181 1182 1625
7019 2 2 0 1178 1117 1181 1625
7020 2 2 0 1178 1182 1118 1625
7021 2 2 0 1179 1182 1183 1626
7022 2 2 0 1179 1119 1118 1626
7023 2 2 0 1179 1118 1182 1626
7024 2 2 0 1179 1183 1119 1626
7025 2 2 0 1180 1120 1119 1627
7026 2 2 0 1180 1183 1184 1627
7027 2 2 0 1180 1119 1183 1627
7028 2 2 0 1180 1184 1120 1627
7029 2 2 0 1181 1121 1120 1628
7030 2 2 0 1181 1184 1185 1628
7031 2 2 0 1181 1120 1184 1628
7032 2 2 0 1181 1185 1121 1628
7033 2 2 0 1182 1122 1121 1629
7034 2 2 0 1182 1185 1186 1629
7035 2 2 0 1182 1121 1185 1629
7036 2 2 0 1182 1186 1122 1629
7037 2 2 0 1183 1123 1122 1630
7038 2 2 0 1183 1186 1187 1630
7039 2 2 0 1183 1122 1186 1630
7040 2 2 0 1183 1187 1123 1630
7041 2 2 0 1184 1187 1188 1631
7042 2 2 0 1184 1124 1123 1631
7043 2 2 0 1184 1123 1187 1631
7044 2 2 0 1184 1188 1124 1631
7045 2 2 0 1185 1125 1124 1632
7046 2 2 0 1185 1188 1189 1632
7047 2 2 0 1185 1124 1188 1632
7048 2 2 0 1185 1189 1125 1632
7049 2 2 0 1186 1189 1126 1125
7050 2 2 0 1186 1126 1189 1190
7051 2 2 0 1187 1190 1127 1126
7052 2 2 0 1187 1127 1190 1191
7053 2 2 0 1188 1191 1128 1127
7054 2 2 0 1188 1128 1191 1192
7055 2 2 0 1189 1193 1129 1633
7056 2 2 0 1189 1192 1193 1633
7057 2 2 0 1189 1129 1128 1633
7058 2 2 0 1189 1128 1192 1633
7059 2 2 0 1190 1194 1130 1129
7060 2 2 0 1190 1193 1194 1129
7061 2 2 0 1191 1195 1131 1130
7062 2 2 0 1191 1194 1195 1130
7063 2 2 0 1192 1196 1132 1131
7064 2 2 0 1192 1195 1196 1131
7065 2 2 0 1193 1197 1133 1132
7066 2 2 0 1193 1196 1197 1132
7067 2 2 0 1194 1198 1134 1133
7068 2 2 0 1194 1197 1198 1133
7069 2 2 0 1195 1135 1134 1634
7070 2 2 0 1195 1198 1199 1634
7071 2 2 0 1195 1134 1198 1634
7072 2 2 0 1195 1199 1135 1634
7073 2 2 0 1196 1199 1200 1635
7074 2 2 0 1196 1136 1135 1635
7075 2 2 0 1196 1135 1199 1635
7076 2 2 0 1196 1200 1136 1635
7077 2 2 0 1197 1137 1136 1636
7078 2 2 0 1197 1200 1201 1636
7079 2 2 0 1197 1136 1200 1636
7080 2 2 0 1197 1201 1137 1636
7081 2 2 0 1198 1138 1137 1637
7082 2 2 0 1198 1201 1202 1637
7083 2 2 0 1198 1137 1201 1637
7084 2 2 0 1198 1202 1138 1637
7085 2 2 0 1199 1202 1203 1638
7086 2 2 0 1199 1139 1138 1638
7087 2 2 0 1199 1138 1202 1638
7088 2 2 0 1199 1203 1139 1638
7089 2 2 0 1200 1140 1139 1639
7090 2 2 0 1200 1203 1204 1639
7091 2 2 0 1200 1139 1203 1639
7092 2 2 0 1200 1204 1140 1639
7093 2 2 0 1201 1204 1141 1140
7094 2 2 0 1201 1141 1204 1205
7095 2 2 0 1202 1205 1142 1141
7096 2 2 0 1202 1142 1205 1206
7097 2 2 0 1203 1206 1143 1142
7098 2 2 0 1203 1143 1206 1207
7099 2 2 0 1204 1207 1144 1143
7100 2 2 0 1204 1144 1207 1208
7101 2 2 0 1205 1208 1145 1144
7102 2 2 0 1205 1145 1208 1209
7103 2 2 0 1206 1145 1209 1640
7104 2 2 0 1206 1209 1210 1640
7105 2 2 0 1206 1146 1145 1640
7106 2 2 0 1206 1210 1146 1640
7107 2 2 0 1207 1211 1147 1146
7108 2 2 0 1207 1210 1211 1146
7109 2 2 0 1208 1212 1148 1147
7110 2 2 0 1208 1211 1212 1147
7111 2 2 0 1209 1213 1149 1148
7112 2 2 0 1209 1212 1213 1148
7113 2 2 0 1210 1150 1149 1641
7114 2 2 0 1210 1213 1214 1641
7115 2 2 0 1210 1149 1213 1641
7116 2 2 0 1210 1214 1150 1641
7117 2 2 0 1211 1214 1215 1642
7118 2 2 0 1211 1151 1150 1642
7119 2 2 0 1211 1150 1214 1642
7120 2 2 0 1211 1215 1151 1642
7121 2 2 0 1212 1152 1151 1643
7122 2 2 0 1212 1215 1216 1643
7123 2 2 0 1212 1151 1215 1643
7124 2 2 0 1212 1216 1152 1643
7125 2 2 0 1213 1089 1152 1644
7126 2 2 0 1213 1216 1153 1644
7127 2 2 0 1213 1153 1089 1644
7128 2 2 0 1213 1152 1216 1644
7129 2 2 0 1214 1154 1153 1645
7130 2 2 0 1214 1217 1218 1645
7131 2 2 0 1214 1153 1217 1645
7132 2 2 0 1214 1218 1154 1645
7133 2 2 0 1215 1155 1154 1646
7134 2 2 0 1215 1218 1219 1646
7135 2 2 0 1215 1154 1218 1646
7136 2 2 0 1215 1219 1155 1646
7137 2 2 0 1216 1219 1220 1647
7138 2 2 0 1216 1156 1155 1647
7139 2 2 0 1216 1155 1219 1647
7140 2 2 0 1216 1220 1156 1647
7141 2 2 0 1217 1221 1157 1648
7142 2 2 0 1217 1220 1221 1648
7143 2 2 0 1217 1157 1156 1648
7144 2 2 0 1217 1156 1220 1648
7145 2 2 0 1218 1222 1158 1649
7146 2 2 0 1218 1221 1222 1649
7147 2 2 0 1218 1158 1157 1649
7148 2 2 0 1218 1157 1221 1649
7149 2 2 0 1219 1223 1159 1650
7150 2 2 0 1219 1158 1222 1650
7151 2 2 0 1219 1159 1158 1650
7152 2 2 0 1219 1222 1223 1650
7153 2 2 0 1220 1160 1223 1224
7154 2 2 0 1220 1223 1160 1159
7155 2 2 0 1221 1160 1224 1651
7156 2 2 0 1221 1225 1161 1651
7157 2 2 0 1221 1224 1225 1651
7158 2 2 0 1221 1161 1160 1651
7159 2 2 0 1222 1225 1226 1161
7160 2 2 0 1222 1226 1162 1161
7161 2 2 0 1223 1227 1163 1162
7162 2 2 0 1223 1226 1227 1162
7163 2 2 0 1224 1228 1164 1163
7164 2 2 0 1224 1227 1228 1163
7165 2 2 0 1225 1229 1165 1164
7166 2 2 0 1225 1228 1229 1164
7167 2 2 0 1226 1166 1165 1652
7168 2 2 0 1226 1229 1230 1652
7169 2 2 0 1226 1165 1229 1652
7170 2 2 0 1226 1230 1166 1652
7171 2 2 0 1227 1230 1231 1653
7172 2 2 0 1227 1167 1166 1653
7173 2 2 0 1227 1166 1230 1653
7174 2 2 0 1227 1231 1167 1653
7175 2 2 0 1228 1168 1167 1654
7176 2 2 0 1228 1231 1232 1654
7177 2 2 0 1228 1167 1231 1654
7178 2 2 0 1228 1232 1168 1654
7179 2 2 0 1229 1169 1168 1655
7180 2 2 0 1229 1232 1233 1655
7181 2 2 0 1229 1168 1232 1655
7182 2 2 0 1229 1233 1169 1655
7183 2 2 0 1230 1170 1169 1656
7184 2 2 0 1230 1233 1234 1656
7185 2 2 0 1230 1169 1233 1656
7186 2 2 0 1230 1234 1170 1656
7187 2 2 0 1231 1171 1170 1657
7188 2 2 0 1231 1234 1235 1657
7189 2 2 0 1231 1170 1234 1657
7190 2 2 0 1231 1235 1171 1657
7191 2 2 0 1232 1235 1236 1658
7192 2 2 0 1232 1172 1171 1658
7193 2 2 0 1232 1171 1235 1658
7194 2 2 0 1232 1236 1172 1658
7195 2 2 0 1233 1173 1172 1659
7196 2 2 0 1233 1236 1237 1659
7197 2 2 0 1233 1172 1236 1659
7198 2 2 0 1233 1237 1173 1659
7199 2 2 0 1234 1174 1173 1660
7200 2 2 0 1234 1237 1238 1660
7201 2 2 0 1234 1173 1237 1660
7202 2 2 0 1234 1238 1174 1660
7203 2 2 0 1235 1238 1175 1174
7204 2 2 0 1235 1175 1238 1239
7205 2 2 0 1236 1239 1176 1175
7206 2 2 0 1236 1176 1239 1240
7207 2 2 0 1237 1177 1240 1241
7208 2 2 0 1237 1240 1177 1176
7209 2 2 0 1238 1242 1178 1661
7210 2 2 0 1238 1177 1241 1661
7211 2 2 0 1238 1241 1242 1661
7212 2 2 0 1238 1178 1177 1661
7213 2 2 0 1239 1242 1243 1178
7214 2 2 0 1239 1243 1179 1178
7215 2 2 0 1240 1179 1243 1662
7216 2 2 0 1240 1244 1180 1662
7217 2 2 0 1240 1180 1179 1662
7218 2 2 0 1240 1243 1244 1662
7219 2 2 0 1241 1180 1244 1663
7220 2 2 0 1241 1244 1245 1663
7221 2 2 0 1241 1181 1180 1663
7222 2 2 0 1241 1245 1181 1663
7223 2 2 0 1242 1181 1245 1664
7224 2 2 0 1242 1245 1246 1664
7225 2 2 0 1242 1182 1181 1664
7226 2 2 0 1242 1246 1182 1664
7227 2 2 0 1243 1246 1247 1665
7228 2 2 0 1243 1183 1182 1665
7229 2 2 0 1243 1182 1246 1665
7230 2 2 0 1243 1247 1183 1665
7231 2 2 0 1244 1184 1183 1666
7232 2 2 0 1244 1247 1248 1666
7233 2 2 0 1244 1183 1247 1666
7234 2 2 0 1244 1248 1184 1666
7235 2 2 0 1245 1185 1184 1667
7236 2 2 0 1245 1248 1249 1667
7237 2 2 0 1245 1184 1248 1667
7238 2 2 0 1245 1249 1185 1667
7239 2 2 0 1246 1186 1185 1668
7240 2 2 0 1246 1249 1250 1668
7241 2 2 0 1246 1185 1249 1668
7242 2 2 0 1246 1250 1186 1668
7243 2 2 0 1247 1187 1186 1669
7244 2 2 0 1247 1250 1251 1669
7245 2 2 0 1247 1186 1250 1669
7246 2 2 0 1247 1251 1187 1669
7247 2 2 0 1248 1251 1252 1670
7248 2 2 0 1248 1188 1187 1670
7249 2 2 0 1248 1187 1251 1670
7250 2 2 0 1248 1252 1188 1670
7251 2 2 0 1249 1253 1189 1671
7252 2 2 0 1249 1252 1253 1671
7253 2 2 0 1249 1189 1188 1671
7254 2 2 0 1249 1188 1252 1671
7255 2 2 0 1250 1254 1190 1672
7256 2 2 0 1250 1253 1254 1672
7257 2 2 0 1250 1190 1189 1672
7258 2 2 0 1250 1189 1253 1672
7259 2 2 0 1251 1255 1191 1673
7260 2 2 0 1251 1190 1254 1673
7261 2 2 0 1251 1191 1190 1673
7262 2 2 0 1251 1254 1255 1673
7263 2 2 0 1252 1192 1255 1256
7264 2 2 0 1252 1255 1192 1191
7265 2 2 0 1253 1192 1256 1674
7266 2 2 0 1253 1257 1193 1674
7267 2 2 0 1253 1256 1257 1674
7268 2 2 0 1253 1193 1192 1674
7269 2 2 0 1254 1257 1258 1193
7270 2 2 0 1254 1258 1194 1193
7271 2 2 0 1255 1259 1195 1194
7272 2 2 0 1255 1258 1259 1194
7273 2 2 0 1256 1260 1196 1195
7274 2 2 0 1256 1259 1260 1195
7275 2 2 0 1257 1261 1197 1196
7276 2 2 0 1257 1260 1261 1196
7277 2 2 0 1258 1198 1197 1675
7278 2 2 0 1258 1261 1262 1675
7279 2 2 0 1258 1197 1261 1675
7280 2 2 0 1258 1262 1198 1675
7281 2 2 0 1259 1262 1263 1676
7282 2 2 0 1259 1199 1198 1676
7283 2 2 0 1259 1198 1262 1676
7284 2 2 0 1259 1263 1199 1676
7285 2 2 0 1260 1200 1199 1677
7286 2 2 0 1260 1263 1264 1677
7287 2 2 0 1260 1199 1263 1677
7288 2 2 0 1260 1264 1200 1677
7289 2 2 0 1261 1201 1200 1678
7290 2 2 0 1261 1264 1265 1678
7291 2 2 0 1261 1200 1264 1678
7292 2 2 0 1261 1265 1201 1678
7293 2 2 0 1262 1202 1201 1679
7294 2 2 0 1262 1265 1266 1679
7295 2 2 0 1262 1201 1265 1679
7296 2 2 0 1262 1266 1202 1679
7297 2 2 0 1263 1203 1202 1680
7298 2 2 0 1263 1266 1267 1680
7299 2 2 0 1263 1202 1266 1680
7300 2 2 0 1263 1267 1203 1680
7301 2 2 0 1264 1267 1268 1681
7302 2 2 0 1264 1204 1203 1681
7303 2 2 0 1264 1203 1267 1681
7304 2 2 0 1264 1268 1204 1681
7305 2 2 0 1265 1205 1204 1682
7306 2 2 0 1265 1268 1269 1682
7307 2 2 0 1265 1204 1268 1682
7308 2 2 0 1265 1269 1205 1682
7309 2 2 0 1266 1206 1205 1683
7310 2 2 0 1266 1269 1270 1683
7311 2 2 0 1266 1205 1269 1683
7312 2 2 0 1266 1270 1206 1683
7313 2 2 0 1267 1270 1207 1206
7314 2 2 0 1267 1207 1270 1271
7315 2 2 0 1268 1271 1208 1207
7316 2 2 0 1268 1208 1271 1272
7317 2 2 0 1269 1209 1272 1273
7318 2 2 0 1269 1272 1209 1208
7319 2 2 0 1270 1274 1210 1684
7320 2 2 0 1270 1209 1273 1684
7321 2 2 0 1270 1273 1274 1684
7322 2 2 0 1270 1210 1209 1684
7323 2 2 0 1271 1274 1275 1210
7324 2 2 0 1271 1275 1211 1210
7325 2 2 0 1272 1211 1275 1685
7326 2 2 0 1272 1276 1212 1685
7327 2 2 0 1272 1212 1211 1685
7328 2 2 0 1272 1275 1276 1685
7329 2 2 0 1273 1212 1276 1686
7330 2 2 0 1273 1276 1277 1686
7331 2 2 0 1273 1213 1212 1686
7332 2 2 0 1273 1277 1213 1686
7333 2 2 0 1274 1213 1277 1687
7334 2 2 0 1274 1277 1278 1687
7335 2 2 0 1274 1214 1213 1687
7336 2 2 0 1274 1278 1214 1687
7337 2 2 0 1275 1278 1279 1688
7338 2 2 0 1275 1215 1214 1688
7339 2 2 0 1275 1214 1278 1688
7340 2 2 0 1275 1279 1215 1688
7341 2 2 0 1276 1216 1215 1689
7342 2 2 0 1276 1279 1280 1689
7343 2 2 0 1276 1215 1279 1689
7344 2 2 0 1276 1280 1216 1689
7345 2 2 0 1277 1153 1216 1690
7346 2 2 0 1277 1280 1217 1690
7347 2 2 0 1277 1217 1153 1690
7348 2 2 0 1277 1216 1280 1690
7349 2 2 0 1278 1217 1281 1691
7350 2 2 0 1278 1282 1218 1691
7351 2 2 0 1278 1281 1282 1691
7352 2 2 0 1278 1218 1217 1691
7353 2 2 0 1279 1218 1282 1692
7354 2 2 0 1279 1283 1219 1692
7355 2 2 0 1279 1282 1283 1692
7356 2 2 0 1279 1219 1218 1692
7357 2 2 0 1280 1219 1283 1693
7358 2 2 0 1280 1284 1220 1693
7359 2 2 0 1280 1283 1284 1693
7360 2 2 0 1280 1220 1219 1693
7361 2 2 0 1281 1220 1284 1694
7362 2 2 0 1281 1285 1221 1694
7363 2 2 0 1281 1284 1285 1694
7364 2 2 0 1281 1221 1220 1694
7365 2 2 0 1282 1221 1285 1695
7366 2 2 0 1282 1286 1222 1695
7367 2 2 0 1282 1285 1286 1695
7368 2 2 0 1282 1222 1221 1695
7369 2 2 0 1283 1222 1286 1696
7370 2 2 0 1283 1287 1223 1696
7371 2 2 0 1283 1286 1287 1696
7372 2 2 0 1283 1223 1222 1696
7373 2 2 0 1284 1287 1224 1223
7374 2 2 0 1284 1224 1287 1288
7375 2 2 0 1285 1288 1225 1224
7376 2 2 0 1285 1225 1288 1289
7377 2 2 0 1286 1290 1226 1225
7378 2 2 0 1286 1289 1290 1225
7379 2 2 0 1287 1291 1227 1226
7380 2 2 0 1287 1290 1291 1226
7381 2 2 0 1288 1291 1292 1227
7382 2 2 0 1288 1292 1228 1227
7383 2 2 0 1289 1293 1229 1697
7384 2 2 0 1289 1228 1292 1697
7385 2 2 0 1289 1292 1293 1697
7386 2 2 0 1289 1229 1228 1697
7387 2 2 0 1290 1229 1293 1698
7388 2 2 0 1290 1293 1294 1698
7389 2 2 0 1290 1230 1229 1698
7390 2 2 0 1290 1294 1230 1698
7391 2 2 0 1291 1230 1294 1699
7392 2 2 0 1291 1294 1295 1699
7393 2 2 0 1291 1231 1230 1699
7394 2 2 0 1291 1295 1231 1699
7395 2 2 0 1292 1231 1295 1700
7396 2 2 0 1292 1295 1296 1700
7397 2 2 0 1292 1232 1231 1700
7398 2 2 0 1292 1296 1232 1700
7399 2 2 0 1293 1233 1232 1701
7400 2 2 0 1293 1296 1297 1701
7401 2 2 0 1293 1232 1296 1701
7402 2 2 0 1293 1297 1233 1701
7403 2 2 0 1294 1234 1233 1702
7404 2 2 0 1294 1297 1298 1702
7405 2 2 0 1294 1233 1297 1702
7406 2 2 0 1294 1298 1234 1702
7407 2 2 0 1295 1299 1235 1703
7408 2 2 0 1295 1298 1299 1703
7409 2 2 0 1295 1235 1234 1703
7410 2 2 0 1295 1234 1298 1703
7411 2 2 0 1296 1300 1236 1704
7412 2 2 0 1296 1299 1300 1704
7413 2 2 0 1296 1236 1235 1704
7414 2 2 0 1296 1235 1299 1704
7415 2 2 0 1297 1301 1237 1705
7416 2 2 0 1297 1300 1301 1705
7417 2 2 0 1297 1237 1236 1705
7418 2 2 0 1297 1236 1300 1705
7419 2 2 0 1298 1237 1301 1706
7420 2 2 0 1298 1302 1238 1706
7421 2 2 0 1298 1301 1302 1706
7422 2 2 0 1298 1238 1237 1706
7423 2 2 0 1299 1239 1302 1303
7424 2 2 0 1299 1302 1239 1238
7425 2 2 0 1300 1303 1240 1239
7426 2 2 0 1300 1240 1303 1304
7427 2 2 0 1301 1304 1241 1240
7428 2 2 0 1301 1241 1304 1305
7429 2 2 0 1302 1306 1242 1241
7430 2 2 0 1302 1305 1306 1241
7431 2 2 0 1303 1307 1243 1242
7432 2 2 0 1303 1306 1307 1242
7433 2 2 0 1304 1308 1244 1707
7434 2 2 0 1304 1243 1307 1707
7435 2 2 0 1304 1307 1308 1707
7436 2 2 0 1304 1244 1243 1707
7437 2 2 0 1305 1309 1245 1708
7438 2 2 0 1305 1244 1308 1708
7439 2 2 0 1305 1308 1309 1708
7440 2 2 0 1305 1245 1244 1708
7441 2 2 0 1306 1310 1246 1709
7442 2 2 0 1306 1245 1309 1709
7443 2 2 0 1306 1309 1310 1709
7444 2 2 0 1306 1246 1245 1709
7445 2 2 0 1307 1311 1247 1710
7446 2 2 0 1307 1246 1310 1710
7447 2 2 0 1307 1310 1311 1710
7448 2 2 0 1307 1247 1246 1710
7449 2 2 0 1308 1312 1248 1711
7450 2 2 0 1308 1247 1311 1711
7451 2 2 0 1308 1311 1312 1711
7452 2 2 0 1308 1248 1247 1711
7453 2 2 0 1309 1313 1249 1712
7454 2 2 0 1309 1248 1312 1712
7455 2 2 0 1309 1312 1313 1712
7456 2 2 0 1309 1249 1248 1712
7457 2 2 0 1310 1249 1313 1713
7458 2 2 0 1310 1314 1250 1713
7459 2 2 0 1310 1313 1314 1713
7460 2 2 0 1310 1250 1249 1713
7461 2 2 0 1311 1250 1314 1714
7462 2 2 0 1311 1315 1251 1714
7463 2 2 0 1311 1314 1315 1714
7464 2 2 0 1311 1251 1250 1714
7465 2 2 0 1312 1251 1315 1715
7466 2 2 0 1312 1316 1252 1715
7467 2 2 0 1312 1315 1316 1715
7468 2 2 0 1312 1252 1251 1715
7469 2 2 0 1313 1252 1316 1716
7470 2 2 0 1313 1317 1253 1716
7471 2 2 0 1313 1316 1317 1716
7472 2 2 0 1313 1253 1252 1716
7473 2 2 0 1314 1253 1317 1717
7474 2 2 0 1314 1318 1254 1717
7475 2 2 0 1314 1317 1318 1717
7476 2 2 0 1314 1254 1253 1717
7477 2 2 0 1315 1254 1318 1718
7478 2 2 0 1315 1319 1255 1718
7479 2 2 0 1315 1318 1319 1718
7480 2 2 0 1315 1255 1254 1718
7481 2 2 0 1316 1319 1256 1255
7482 2 2 0 1316 1256 1319 1320
7483 2 2 0 1317 1320 1257 1256
7484 2 2 0 1317 1257 1320 1321
7485 2 2 0 1318 1322 1258 1257
7486 2 2 0 1318 1321 1322 1257
7487 2 2 0 1319 1323 1259 1258
7488 2 2 0 1319 1322 1323 1258
7489 2 2 0 1320 1323 1324 1259
7490 2 2 0 1320 1324 1260 1259
7491 2 2 0 1321 1325 1261 1719
7492 2 2 0 1321 1260 1324 1719
7493 2 2 0 1321 1324 1325 1719
7494 2 2 0 1321 1261 1260 1719
7495 2 2 0 1322 1261 1325 1720
7496 2 2 0 1322 1325 1326 1720
7497 2 2 0 1322 1262 1261 1720
7498 2 2 0 1322 1326 1262 1720
7499 2 2 0 1323 1262 1326 1721
7500 2 2 0 1323 1326 1327 1721
7501 2 2 0 1323 1263 1262 1721
7502 2 2 0 1323 1327 1263 1721
7503 2 2 0 1324 1263 1327 1722
7504 2 2 0 1324 1327 1328 1722
7505 2 2 0 1324 1264 1263 1722
7506 2 2 0 1324 1328 1264 1722
7507 2 2 0 1325 1265 1264 1723
7508 2 2 0 1325 1328 1329 1723
7509 2 2 0 1325 1264 1328 1723
7510 2 2 0 1325 1329 1265 1723
7511 2 2 0 1326 1266 1265 1724
7512 2 2 0 1326 1329 1330 1724
7513 2 2 0 1326 1265 1329 1724
7514 2 2 0 1326 1330 1266 1724
7515 2 2 0 1327 1331 1267 1725
7516 2 2 0 1327 1330 1331 1725
7517 2 2 0 1327 1267 1266 1725
7518 2 2 0 1327 1266 1330 1725
7519 2 2 0 1328 1332 1268 1726
7520 2 2 0 1328 1331 1332 1726
7521 2 2 0 1328 1268 1267 1726
7522 2 2 0 1328 1267 1331 1726
7523 2 2 0 1329 1333 1269 1727
7524 2 2 0 1329 1332 1333 1727
7525 2 2 0 1329 1269 1268 1727
7526 2 2 0 1329 1268 1332 1727
7527 2 2 0 1330 1269 1333 1728
7528 2 2 0 1330 1334 1270 1728
7529 2 2 0 1330 1333 1334 1728
7530 2 2 0 1330 1270 1269 1728
7531 2 2 0 1331 1271 1334 1335
7532 2 2 0 1331 1334 1271 1270
7533 2 2 0 1332 1335 1272 1271
7534 2 2 0 1332 1272 1335 1336
7535 2 2 0 1333 1336 1273 1272
7536 2 2 0 1333 1273 1336 1337
7537 2 2 0 1334 1338 1274 1273
7538 2 2 0 1334 1337 1338 1273
7539 2 2 0 1335 1339 1275 1274
7540 2 2 0 1335 1338 1339 1274
7541 2 2 0 1336 1340 1276 1729
7542 2 2 0 1336 1275 1339 1729
7543 2 2 0 1336 1339 1340 1729
7544 2 2 0 1336 1276 1275 1729
7545 2 2 0 1337 1341 1277 1730
7546 2 2 0 1337 1276 1340 1730
7547 2 2 0 1337 1340 1341 1730
7548 2 2 0 1337 1277 1276 1730
7549 2 2 0 1338 1342 1278 1731
7550 2 2 0 1338 1277 1341 1731
7551 2 2 0 1338 1341 1342 1731
7552 2 2 0 1338 1278 1277 1731
7553 2 2 0 1339 1343 1279 1732
7554 2 2 0 1339 1278 1342 1732
7555 2 2 0 1339 1342 1343 1732
7556 2 2 0 1339 1279 1278 1732
7557 2 2 0 1340 1344 1280 1733
7558 2 2 0 1340 1279 1343 1733
7559 2 2 0 1340 1343 1344 1733
7560 2 2 0 1340 1280 1279 1733
7561 2 2 0 1341 1281 1217 1734
7562 2 2 0 1341 1280 1344 1734
7563 2 2 0 1341 1344 1281 1734
7564 2 2 0 1341 1217 1280 1734
7565 2 2 0 1342 1281 1345 1735
7566 2 2 0 1342 1346 1282 1735
7567 2 2 0 1342 1345 1346 1735
7568 2 2 0 1342 1282 1281 1735
7569 2 2 0 1343 1282 1346 1736
7570 2 2 0 1343 1347 1283 1736
7571 2 2 0 1343 1346 1347 1736
7572 2 2 0 1343 1283 1282 1736
7573 2 2 0 1344 1283 1347 1737
7574 2 2 0 1344 1348 1284 1737
7575 2 2 0 1344 1347 1348 1737
7576 2 2 0 1344 1284 1283 1737
7577 2 2 0 1345 1284 1348 1738
7578 2 2 0 1345 1349 1285 1738
7579 2 2 0 1345 1348 1349 1738
7580 2 2 0 1345 1285 1284 1738
7581 2 2 0 1346 1349 1286 1285
7582 2 2 0 1346 1286 1349 1350
7583 2 2 0 1347 1287 1350 1351
7584 2 2 0 1347 1350 1287 1286
7585 2 2 0 1348 1351 1352 1739
7586 2 2 0 1348 1288 1287 1739
7587 2 2 0 1348 1287 1351 1739
7588 2 2 0 1348 1352 1288 1739
7589 2 2 0 1349 1352 1353 1740
7590 2 2 0 1349 1289 1288 1740
7591 2 2 0 1349 1288 1352 1740
7592 2 2 0 1349 1353 1289 1740
7593 2 2 0 1350 1353 1354 1741
7594 2 2 0 1350 1290 1289 1741
7595 2 2 0 1350 1354 1290 1741
7596 2 2 0 1350 1289 1353 1741
7597 2 2 0 1351 1354 1355 1290
7598 2 2 0 1351 1355 1291 1290
7599 2 2 0 1352 1356 1292 1291
7600 2 2 0 1352 1355 1356 1291
7601 2 2 0 1353 1357 1293 1742
7602 2 2 0 1353 1292 1356 1742
7603 2 2 0 1353 1356 1357 1742
7604 2 2 0 1353 1293 1292 1742
7605 2 2 0 1354 1358 1294 1743
7606 2 2 0 1354 1293 1357 1743
7607 2 2 0 1354 1357 1358 1743
7608 2 2 0 1354 1294 1293 1743
7609 2 2 0 1355 1359 1295 1744
7610 2 2 0 1355 1294 1358 1744
7611 2 2 0 1355 1358 1359 1744
7612 2 2 0 1355 1295 1294 1744
7613 2 2 0 1356 1360 1296 1745
7614 2 2 0 1356 1295 1359 1745
7615 2 2 0 1356 1359 1360 1745
7616 2 2 0 1356 1296 1295 1745
7617 2 2 0 1357 1361 1297 1746
7618 2 2 0 1357 1296 1360 1746
7619 2 2 0 1357 1360 1361 1746
7620 2 2 0 1357 1297 1296 1746
7621 2 2 0 1358 1297 1361 1747
7622 2 2 0 1358 1362 1298 1747
7623 2 2 0 1358 1361 1362 1747
7624 2 2 0 1358 1298 1297 1747
7625 2 2 0 1359 1298 1362 1748
7626 2 2 0 1359 1363 1299 1748
7627 2 2 0 1359 1362 1363 1748
7628 2 2 0 1359 1299 1298 1748
7629 2 2 0 1360 1299 1363 1749
7630 2 2 0 1360 1364 1300 1749
7631 2 2 0 1360 1363 1364 1749
7632 2 2 0 1360 1300 1299 1749
7633 2 2 0 1361 1300 1364 1750
7634 2 2 0 1361 1365 1301 1750
7635 2 2 0 1361 1364 1365 1750
7636 2 2 0 1361 1301 1300 1750
7637 2 2 0 1362 1301 1365 1751
7638 2 2 0 1362 1366 1302 1751
7639 2 2 0 1362 1365 1366 1751
7640 2 2 0 1362 1302 1301 1751
7641 2 2 0 1363 1366 1303 1302
7642 2 2 0 1363 1303 1366 1367
7643 2 2 0 1364 1304 1367 1368
7644 2 2 0 1364 1367 1304 1303
7645 2 2 0 1365 1368 1369 1752
7646 2 2 0 1365 1305 1304 1752
7647 2 2 0 1365 1304 1368 1752
7648 2 2 0 1365 1369 1305 1752
7649 2 2 0 1366 1369 1370 1753
7650 2 2 0 1366 1306 1305 1753
7651 2 2 0 1366 1370 1306 1753
7652 2 2 0 1366 1305 1369 1753
7653 2 2 0 1367 1370 1371 1754
7654 2 2 0 1367 1307 1306 1754
7655 2 2 0 1367 1371 1307 1754
7656 2 2 0 1367 1306 1370 1754
7657 2 2 0 1368 1371 1372 1307
7658 2 2 0 1368 1372 1308 1307
7659 2 2 0 1369 1373 1309 1308
7660 2 2 0 1369 1372 1373 1308
7661 2 2 0 1370 1374 1310 1755
7662 2 2 0 1370 1309 1373 1755
7663 2 2 0 1370 1373 1374 1755
7664 2 2 0 1370 1310 1309 1755
7665 2 2 0 1371 1375 1311 1756
7666 2 2 0 1371 1310 1374 1756
7667 2 2 0 1371 1374 1375 1756
7668 2 2 0 1371 1311 1310 1756
7669 2 2 0 1372 1376 1312 1757
7670 2 2 0 1372 1311 1375 1757
7671 2 2 0 1372 1375 1376 1757
7672 2 2 0 1372 1312 1311 1757
7673 2 2 0 1373 1377 1313 1758
7674 2 2 0 1373 1312 1376 1758
7675 2 2 0 1373 1376 1377 1758
7676 2 2 0 1373 1313 1312 1758
7677 2 2 0 1374 1313 1377 1759
7678 2 2 0 1374 1378 1314 1759
7679 2 2 0 1374 1377 1378 1759
7680 2 2 0 1374 1314 1313 1759
7681 2 2 0 1375 1314 1378 1760
7682 2 2 0 1375 1379 1315 1760
7683 2 2 0 1375 1378 1379 1760
7684 2 2 0 1375 1315 1314 1760
7685 2 2 0 1376 1315 1379 1761
7686 2 2 0 1376 1380 1316 1761
7687 2 2 0 1376 1379 1380 1761
7688 2 2 0 1376 1316 1315 1761
7689 2 2 0 1377 1316 1380 1762
7690 2 2 0 1377 1381 1317 1762
7691 2 2 0 1377 1380 1381 1762
7692 2 2 0 1377 1317 1316 1762
7693 2 2 0 1378 1381 1318 1317
7694 2 2 0 1378 1318 1381 1382
7695 2 2 0 1379 1319 1382 1383
7696 2 2 0 1379 1382 1319 1318
7697 2 2 0 1380 1383 1384 1763
7698 2 2 0 1380 1320 1319 1763
7699 2 2 0 1380 1319 1383 1763
7700 2 2 0 1380 1384 1320 1763
7701 2 2 0 1381 1384 1385 1764
7702 2 2 0 1381 1321 1320 1764
7703 2 2 0 1381 1320 1384 1764
7704 2 2 0 1381 1385 1321 1764
7705 2 2 0 1382 1385 1386 1765
7706 2 2 0 1382 1322 1321 1765
7707 2 2 0 1382 1386 1322 1765
7708 2 2 0 1382 1321 1385 1765
7709 2 2 0 1383 1386 1387 1322
7710 2 2 0 1383 1387 1323 1322
7711 2 2 0 1384 1388 1324 1323
7712 2 2 0 1384 1387 1388 1323
7713 2 2 0 1385 1389 1325 1766
7714 2 2 0 1385 1324 1388 1766
7715 2 2 0 1385 1388 1389 1766
7716 2 2 0 1385 1325 1324 1766
7717 2 2 0 1386 1390 1326 1767
7718 2 2 0 1386 1325 1389 1767
7719 2 2 0 1386 1389 1390 1767
7720 2 2 0 1386 1326 1325 1767
7721 2 2 0 1387 1391 1327 1768
7722 2 2 0 1387 1326 1390 1768
7723 2 2 0 1387 1390 1391 1768
7724 2 2 0 1387 1327 1326 1768
7725 2 2 0 1388 1392 1328 1769
7726 2 2 0 1388 1327 1391 1769
7727 2 2 0 1388 1391 1392 1769
7728 2 2 0 1388 1328 1327 1769
7729 2 2 0 1389 1393 1329 1770
7730 2 2 0 1389 1328 1392 1770
7731 2 2 0 1389 1392 1393 1770
7732 2 2 0 1389 1329 1328 1770
7733 2 2 0 1390 1329 1393 1771
7734 2 2 0 1390 1394 1330 1771
7735 2 2 0 1390 1393 1394 1771
7736 2 2 0 1390 1330 1329 1771
7737 2 2 0 1391 1330 1394 1772
7738 2 2 0 1391 1395 1331 1772
7739 2 2 0 1391 1394 1395 1772
7740 2 2 0 1391 1331 1330 1772
7741 2 2 0 1392 1331 1395 1773
7742 2 2 0 1392 1396 1332 1773
7743 2 2 0 1392 1395 1396 1773
7744 2 2 0 1392 1332 1331 1773
7745 2 2 0 1393 1332 1396 1774
7746 2 2 0 1393 1397 1333 1774
7747 2 2 0 1393 1396 1397 1774
7748 2 2 0 1393 1333 1332 1774
7749 2 2 0 1394 1333 1397 1775
7750 2 2 0 1394 1398 1334 1775
7751 2 2 0 1394 1397 1398 1775
7752 2 2 0 1394 1334 1333 1775
7753 2 2 0 1395 1398 1335 1334
7754 2 2 0 1395 1335 1398 1399
7755 2 2 0 1396 1336 1399 1400
7756 2 2 0 1396 1399 1336 1335
7757 2 2 0 1397 1400 1401 1776
7758 2 2 0 1397 1337 1336 1776
7759 2 2 0 1397 1336 1400 1776
7760 2 2 0 1397 1401 1337 1776
7761 2 2 0 1398 1401 1402 1777
7762 2 2 0 1398 1338 1337 1777
7763 2 2 0 1398 1402 1338 1777
7764 2 2 0 1398 1337 1401 1777
7765 2 2 0 1399 1402 1403 1778
7766 2 2 0 1399 1339 1338 1778
7767 2 2 0 1399 1403 1339 1778
7768 2 2 0 1399 1338 1402 1778
7769 2 2 0 1400 1403 1404 1339
7770 2 2 0 1400 1404 1340 1339
7771 2 2 0 1401 1405 1341 1340
7772 2 2 0 1401 1404 1405 1340
7773 2 2 0 1402 1406 1342 1779
7774 2 2 0 1402 1341 1405 1779
7775 2 2 0 1402 1405 1406 1779
7776 2 2 0 1402 1342 1341 1779
7777 2 2 0 1403 1407 1343 1780
7778 2 2 0 1403 1342 1406 1780
7779 2 2 0 1403 1406 1407 1780
7780 2 2 0 1403 1343 1342 1780
7781 2 2 0 1404 1408 1344 1781
7782 2 2 0 1404 1343 1407 1781
7783 2 2 0 1404 1407 1408 1781
7784 2 2 0 1404 1344 1343 1781
7785 2 2 0 1405 1345 1281 1782
7786 2 2 0 1405 1344 1408 1782
7787 2 2 0 1405 1408 1345 1782
7788 2 2 0 1405 1281 1344 1782
7789 2 2 0 1406 1409 1410 1783
7790 2 2 0 1406 1345 1409 1783
7791 2 2 0 1406 1410 1346 1783
7792 2 2 0 1406 1346 1345 1783
7793 2 2 0 1407 1410 1411 1784
7794 2 2 0 1407 1346 1410 1784
7795 2 2 0 1407 1411 1347 1784
7796 2 2 0 1407 1347 1346 1784
7797 2 2 0 1408 1411 1412 1785
7798 2 2 0 1408 1347 1411 1785
7799 2 2 0 1408 1412 1348 1785
7800 2 2 0 1408 1348 1347 1785
7801 2 2 0 1409 1412 1413 1786
7802 2 2 0 1409 1349 1348 1786
7803 2 2 0 1409 1348 1412 1786
7804 2 2 0 1409 1413 1349 1786
7805 2 2 0 1410 1413 1414 1787
7806 2 2 0 1410 1350 1349 1787
7807 2 2 0 1410 1349 1413 1787
7808 2 2 0 1410 1414 1350 1787
7809 2 2 0 1411 1414 1415 1788
7810 2 2 0 1411 1351 1350 1788
7811 2 2 0 1411 1350 1414 1788
7812 2 2 0 1411 1415 1351 1788
7813 2 2 0 1412 1415 1416 1789
7814 2 2 0 1412 1352 1351 1789
7815 2 2 0 1412 1351 1415 1789
7816 2 2 0 1412 1416 1352 1789
7817 2 2 0 1413 1416 1417 1790
7818 2 2 0 1413 1353 1352 1790
7819 2 2 0 1413 1352 1416 1790
7820 2 2 0 1413 1417 1353 1790
7821 2 2 0 1414 1417 1418 1791
7822 2 2 0 1414 1354 1353 1791
7823 2 2 0 1414 1418 1354 1791
7824 2 2 0 1414 1353 1417 1791
7825 2 2 0 1415 1418 1419 1792
7826 2 2 0 1415 1355 1354 1792
7827 2 2 0 1415 1419 1355 1792
7828 2 2 0 1415 1354 1418 1792
7829 2 2 0 1416 1419 1420 1793
7830 2 2 0 1416 1356 1355 1793
7831 2 2 0 1416 1420 1356 1793
7832 2 2 0 1416 1355 1419 1793
7833 2 2 0 1417 1420 1421 1356
7834 2 2 0 1417 1421 1357 1356
7835 2 2 0 1418 1421 1422 1794
7836 2 2 0 1418 1422 1358 1794
7837 2 2 0 1418 1357 1421 1794
7838 2 2 0 1418 1358 1357 1794
7839 2 2 0 1419 1423 1359 1795
7840 2 2 0 1419 1422 1423 1795
7841 2 2 0 1419 1358 1422 1795
7842 2 2 0 1419 1359 1358 1795
7843 2 2 0 1420 1424 1360 1796
7844 2 2 0 1420 1359 1423 1796
7845 2 2 0 1420 1423 1424 1796
7846 2 2 0 1420 1360 1359 1796
7847 2 2 0 1421 1425 1361 1797
7848 2 2 0 1421 1360 1424 1797
7849 2 2 0 1421 1424 1425 1797
7850 2 2 0 1421 1361 1360 1797
7851 2 2 0 1422 1361 1425 1798
7852 2 2 0 1422 1426 1362 1798
7853 2 2 0 1422 1425 1426 1798
7854 2 2 0 1422 1362 1361 1798
7855 2 2 0 1423 1362 1426 1799
7856 2 2 0 1423 1427 1363 1799
7857 2 2 0 1423 1426 1427 1799
7858 2 2 0 1423 1363 1362 1799
7859 2 2 0 1424 1363 1427 1800
7860 2 2 0 1424 1427 1428 1800
7861 2 2 0 1424 1428 1364 1800
7862 2 2 0 1424 1364 1363 1800
7863 2 2 0 1425 1428 1429 1801
7864 2 2 0 1425 1364 1428 1801
7865 2 2 0 1425 1429 1365 1801
7866 2 2 0 1425 1365 1364 1801
7867 2 2 0 1426 1366 1429 1430
7868 2 2 0 1426 1429 1366 1365
7869 2 2 0 1427 1430 1431 1802
7870 2 2 0 1427 1367 1366 1802
7871 2 2 0 1427 1366 1430 1802
7872 2 2 0 1427 1431 1367 1802
7873 2 2 0 1428 1431 1432 1803
7874 2 2 0 1428 1368 1367 1803
7875 2 2 0 1428 1367 1431 1803
7876 2 2 0 1428 1432 1368 1803
7877 2 2 0 1429 1432 1433 1804
7878 2 2 0 1429 1369 1368 1804
7879 2 2 0 1429 1368 1432 1804
7880 2 2 0 1429 1433 1369 1804
7881 2 2 0 1430 1433 1434 1805
7882 2 2 0 1430 1370 1369 1805
7883 2 2 0 1430 1434 1370 1805
7884 2 2 0 1430 1369 1433 1805
7885 2 2 0 1431 1434 1435 1806
7886 2 2 0 1431 1371 1370 1806
7887 2 2 0 1431 1435 1371 1806
7888 2 2 0 1431 1370 1434 1806
7889 2 2 0 1432 1435 1436 1807
7890 2 2 0 1432 1372 1371 1807
7891 2 2 0 1432 1436 1372 1807
7892 2 2 0 1432 1371 1435 1807
7893 2 2 0 1433 1436 1437 1808
7894 2 2 0 1433 1373 1372 1808
7895 2 2 0 1433 1437 1373 1808
7896 2 2 0 1433 1372 1436 1808
7897 2 2 0 1434 1437 1438 1809
7898 2 2 0 1434 1374 1373 1809
7899 2 2 0 1434 1438 1374 1809
7900 2 2 0 1434 1373 1437 1809
7901 2 2 0 1435 1438 1439 1810
7902 2 2 0 1435 1439 1375 1810
7903 2 2 0 1435 1374 1438 1810
7904 2 2 0 1435 1375 1374 1810
7905 2 2 0 1436 1439 1440 1811
7906 2 2 0 1436 1440 1376 1811
7907 2 2 0 1436 1375 1439 1811
7908 2 2 0 1436 1376 1375 1811
7909 2 2 0 1437 1440 1441 1812
7910 2 2 0 1437 1441 1377 1812
7911 2 2 0 1437 1376 1440 1812
7912 2 2 0 1437 1377 1376 1812
7913 2 2 0 1438 1441 1442 1813
7914 2 2 0 1438 1377 1441 1813
7915 2 2 0 1438 1442 1378 1813
7916 2 2 0 1438 1378 1377 1813
7917 2 2 0 1439 1442 1443 1814
7918 2 2 0 1439 1378 1442 1814
7919 2 2 0 1439 1443 1379 1814
7920 2 2 0 1439 1379 1378 1814
7921 2 2 0 1440 1443 1444 1815
7922 2 2 0 1440 1379 1443 1815
7923 2 2 0 1440 1444 1380 1815
7924 2 2 0 1440 1380 1379 1815
7925 2 2 0 1441 1444 1445 1816
7926 2 2 0 1441 1381 1380 1816
7927 2 2 0 1441 1380 1444 1816
7928 2 2 0 1441 1445 1381 1816
7929 2 2 0 1442 1445 1446 1817
7930 2 2 0 1442 1382 1381 1817
7931 2 2 0 1442 1381 1445 1817
7932 2 2 0 1442 1446 1382 1817
7933 2 2 0 1443 1446 1447 1818
7934 2 2 0 1443 1383 1382 1818
7935 2 2 0 1443 1382 1446 1818
7936 2 2 0 1443 1447 1383 1818
7937 2 2 0 1444 1447 1448 1819
7938 2 2 0 1444 1384 1383 1819
7939 2 2 0 1444 1383 1447 1819
7940 2 2 0 1444 1448 1384 1819
7941 2 2 0 1445 1448 1449 1820
7942 2 2 0 1445 1385 1384 1820
7943 2 2 0 1445 1384 1448 1820
7944 2 2 0 1445 1449 1385 1820
7945 2 2 0 1446 1449 1450 1821
7946 2 2 0 1446 1386 1385 1821
7947 2 2 0 1446 1450 1386 1821
7948 2 2 0 1446 1385 1449 1821
7949 2 2 0 1447 1450 1451 1822
7950 2 2 0 1447 1387 1386 1822
7951 2 2 0 1447 1451 1387 1822
7952 2 2 0 1447 1386 1450 1822
7953 2 2 0 1448 1451 1452 1823
7954 2 2 0 1448 1388 1387 1823
7955 2 2 0 1448 1452 1388 1823
7956 2 2 0 1448 1387 1451 1823
7957 2 2 0 1449 1452 1453 1388
7958 2 2 0 1449 1453 1389 1388
7959 2 2 0 1450 1453 1454 1824
7960 2 2 0 1450 1454 1390 1824
7961 2 2 0 1450 1389 1453 1824
7962 2 2 0 1450 1390 1389 1824
7963 2 2 0 1451 1455 1391 1825
7964 2 2 0 1451 1454 1455 1825
7965 2 2 0 1451 1390 1454 1825
7966 2 2 0 1451 1391 1390 1825
7967 2 2 0 1452 1456 1392 1826
7968 2 2 0 1452 1391 1455 1826
7969 2 2 0 1452 1455 1456 1826
7970 2 2 0 1452 1392 1391 1826
7971 2 2 0 1453 1457 1393 1827
7972 2 2 0 1453 1392 1456 1827
7973 2 2 0 1453 1456 1457 1827
7974 2 2 0 1453 1393 1392 1827
7975 2 2 0 1454 1393 1457 1828
7976 2 2 0 1454 1458 1394 1828
7977 2 2 0 1454 1457 1458 1828
7978 2 2 0 1454 1394 1393 1828
7979 2 2 0 1455 1394 1458 1829
7980 2 2 0 1455 1459 1395 1829
7981 2 2 0 1455 1458 1459 1829
7982 2 2 0 1455 1395 1394 1829
7983 2 2 0 1456 1395 1459 1830
7984 2 2 0 1456 1459 1460 1830
7985 2 2 0 1456 1460 1396 1830
7986 2 2 0 1456 1396 1395 1830
7987 2 2 0 1457 1460 1461 1831
7988 2 2 0 1457 1396 1460 1831
7989 2 2 0 1457 1461 1397 1831
7990 2 2 0 1457 1397 1396 1831
7991 2 2 0 1458 1398 1461 1462
7992 2 2 0 1458 1461 1398 1397
7993 2 2 0 1459 1462 1463 1832
7994 2 2 0 1459 1399 1398 1832
7995 2 2 0 1459 1398 1462 1832
7996 2 2 0 1459 1463 1399 1832
7997 2 2 0 1460 1463 1464 1833
7998 2 2 0 1460 1400 1399 1833
7999 2 2 0 1460 1399 1463 1833
8000 2 2 0 1460 1464 1400 1833
8001 2 2 0 1461 1464 1465 1834
8002 2 2 0 1461 1401 1400 1834
8003 2 2 0 1461 1400 1464 1834
8004 2 2 0 1461 1465 1401 1834
8005 2 2 0 1462 1465 1466 1835
8006 2 2 0 1462 1402 1401 1835
8007 2 2 0 1462 1466 1402 1835
8008 2 2 0 1462 1401 1465 1835
8009 2 2 0 1463 1466 1467 1836
8010 2 2 0 1463 1403 1402 1836
8011 2 2 0 1463 1467 1403 1836
8012 2 2 0 1463 1402 1466 1836
8013 2 2 0 1464 1467 1468 1837
8014 2 2 0 1464 1404 1403 1837
8015 2 2 0 1464 1468 1404 1837
8016 2 2 0 1464 1403 1467 1837
8017 2 2 0 1465 1468 1469 1838
8018 2 2 0 1465 1405 1404 1838
8019 2 2 0 1465 1469 1405 1838
8020 2 2 0 1465 1404 1468 1838
8021 2 2 0 1466 1469 1470 1839
8022 2 2 0 1466 1406 1405 1839
8023 2 2 0 1466 1470 1406 1839
8024 2 2 0 1466 1405 1469 1839
8025 2 2 0 1467 1470 1471 1840
8026 2 2 0 1467 1471 1407 1840
8027 2 2 0 1467 1406 1470 1840
8028 2 2 0 1467 1407 1406 1840
8029 2 2 0 1468 1471 1472 1841
8030 2 2 0 1468 1472 1408 1841
8031 2 2 0 1468 1407 1471 1841
8032 2 2 0 1468 1408 1407 1841
8033 2 2 0 1469 1472 1409 1842
8034 2 2 0 1469 1409 1345 1842
8035 2 2 0 1469 1408 1472 1842
8036 2 2 0 1469 1345 1408 1842
8037 2 2 0 1470 1473 1474 1843
8038 2 2 0 1470 1410 1409 1843
8039 2 2 0 1470 1409 1473 1843
8040 2 2 0 1470 1474 1410 1843
8041 2 2 0 1471 1474 1475 1844
8042 2 2 0 1471 1411 1410 1844
8043 2 2 0 1471 1410 1474 1844
8044 2 2 0 1471 1475 1411 1844
8045 2 2 0 1472 1475 1476 1845
8046 2 2 0 1472 1412 1411 1845
8047 2 2 0 1472 1411 1475 1845
8048 2 2 0 1472 1476 1412 1845
8049 2 2 0 1473 1476 1477 1846
8050 2 2 0 1473 1413 1412 1846
8051 2 2 0 1473 1412 1476 1846
8052 2 2 0 1473 1477 1413 1846
8053 2 2 0 1474 1477 1478 1847
8054 2 2 0 1474 1414 1413 1847
8055 2 2 0 1474 1413 1477 1847
8056 2 2 0 1474 1478 1414 1847
8057 2 2 0 1475 1478 1479 1848
8058 2 2 0 1475 1415 1414 1848
8059 2 2 0 1475 1414 1478 1848
8060 2 2 0 1475 1479 1415 1848
8061 2 2 0 1476 1416 1415 1849
8062 2 2 0 1476 1415 1479 1849
8063 2 2 0 1476 1480 1416 1849
8064 2 2 0 1476 1479 1480 1849
8065 2 2 0 1477 1417 1416 1850
8066 2 2 0 1477 1416 1480 1850
8067 2 2 0 1477 1481 1417 1850
8068 2 2 0 1477 1480 1481 1850
8069 2 2 0 1478 1418 1417 1851
8070 2 2 0 1478 1482 1418 1851
8071 2 2 0 1478 1417 1481 1851
8072 2 2 0 1478 1481 1482 1851
8073 2 2 0 1479 1419 1418 1852
8074 2 2 0 1479 1483 1419 1852
8075 2 2 0 1479 1418 1482 1852
8076 2 2 0 1479 1482 1483 1852
8077 2 2 0 1480 1483 1484 1853
8078 2 2 0 1480 1420 1419 1853
8079 2 2 0 1480 1484 1420 1853
8080 2 2 0 1480 1419 1483 1853
8081 2 2 0 1481 1484 1485 1854
8082 2 2 0 1481 1421 1420 1854
8083 2 2 0 1481 1485 1421 1854
8084 2 2 0 1481 1420 1484 1854
8085 2 2 0 1482 1485 1486 1855
8086 2 2 0 1482 1422 1421 1855
8087 2 2 0 1482 1486 1422 1855
8088 2 2 0 1482 1421 1485 1855
8089 2 2 0 1483 1486 1487 1856
8090 2 2 0 1483 1423 1422 1856
8091 2 2 0 1483 1487 1423 1856
8092 2 2 0 1483 1422 1486 1856
8093 2 2 0 1484 1487 1488 1857
8094 2 2 0 1484 1424 1423 1857
8095 2 2 0 1484 1488 1424 1857
8096 2 2 0 1484 1423 1487 1857
8097 2 2 0 1485 1488 1489 1858
8098 2 2 0 1485 1425 1424 1858
8099 2 2 0 1485 1489 1425 1858
8100 2 2 0 1485 1424 1488 1858
8101 2 2 0 1486 1489 1490 1859
8102 2 2 0 1486 1426 1425 1859
8103 2 2 0 1486 1425 1489 1859
8104 2 2 0 1486 1490 1426 1859
8105 2 2 0 1487 1490 1491 1860
8106 2 2 0 1487 1427 1426 1860
8107 2 2 0 1487 1426 1490 1860
8108 2 2 0 1487 1491 1427 1860
8109 2 2 0 1488 1491 1492 1861
8110 2 2 0 1488 1428 1427 1861
8111 2 2 0 1488 1427 1491 1861
8112 2 2 0 1488 1492 1428 1861
8113 2 2 0 1489 1492 1493 1862
8114 2 2 0 1489 1429 1428 1862
8115 2 2 0 1489 1428 1492 1862
8116 2 2 0 1489 1493 1429 1862
8117 2 2 0 1490 1493 1494 1863
8118 2 2 0 1490 1430 1429 1863
8119 2 2 0 1490 1429 1493 1863
8120 2 2 0 1490 1494 1430 1863
8121 2 2 0 1491 1494 1495 1864
8122 2 2 0 1491 1431 1430 1864
8123 2 2 0 1491 1430 1494 1864
8124 2 2 0 1491 1495 1431 1864
8125 2 2 0 1492 1432 1431 1865
8126 2 2 0 1492 1431 1495 1865
8127 2 2 0 1492 1496 1432 1865
8128 2 2 0 1492 1495 1496 1865
8129 2 2 0 1493 1433 1432 1866
8130 2 2 0 1493 1432 1496 1866
8131 2 2 0 1493 1497 1433 1866
8132 2 2 0 1493 1496 1497 1866
8133 2 2 0 1494 1434 1433 1867
8134 2 2 0 1494 1498 1434 1867
8135 2 2 0 1494 1433 1497 1867
8136 2 2 0 1494 1497 1498 1867
8137 2 2 0 1495 1435 1434 1868
8138 2 2 0 1495 1499 1435 1868
8139 2 2 0 1495 1434 1498 1868
8140 2 2 0 1495 1498 1499 1868
8141 2 2 0 1496 1499 1500 1869
8142 2 2 0 1496 1436 1435 1869
8143 2 2 0 1496 1500 1436 1869
8144 2 2 0 1496 1435 1499 1869
8145 2 2 0 1497 1500 1501 1870
8146 2 2 0 1497 1437 1436 1870
8147 2 2 0 1497 1501 1437 1870
8148 2 2 0 1497 1436 1500 1870
8149 2 2 0 1498 1501 1502 1871
8150 2 2 0 1498 1438 1437 1871
8151 2 2 0 1498 1502 1438 1871
8152 2 2 0 1498 1437 1501 1871
8153 2 2 0 1499 1502 1503 1872
8154 2 2 0 1499 1439 1438 1872
8155 2 2 0 1499 1503 1439 1872
8156 2 2 0 1499 1438 1502 1872
8157 2 2 0 1500 1503 1504 1873
8158 2 2 0 1500 1440 1439 1873
8159 2 2 0 1500 1504 1440 1873
8160 2 2 0 1500 1439 1503 1873
8161 2 2 0 1501 1504 1505 1874
8162 2 2 0 1501 1441 1440 1874
8163 2 2 0 1501 1505 1441 1874
8164 2 2 0 1501 1440 1504 1874
8165 2 2 0 1502 1505 1506 1875
8166 2 2 0 1502 1442 1441 1875
8167 2 2 0 1502 1441 1505 1875
8168 2 2 0 1502 1506 1442 1875
8169 2 2 0 1503 1506 1507 1876
8170 2 2 0 1503 1443 1442 1876
8171 2 2 0 1503 1442 1506 1876
8172 2 2 0 1503 1507 1443 1876
8173 2 2 0 1504 1507 1508 1877
8174 2 2 0 1504 1444 1443 1877
8175 2 2 0 1504 1443 1507 1877
8176 2 2 0 1504 1508 1444 1877
8177 2 2 0 1505 1508 1509 1878
8178 2 2 0 1505 1445 1444 1878
8179 2 2 0 1505 1444 1508 1878
8180 2 2 0 1505 1509 1445 1878
8181 2 2 0 1506 1509 1510 1879
8182 2 2 0 1506 1446 1445 1879
8183 2 2 0 1506 1445 1509 1879
8184 2 2 0 1506 1510 1446 1879
8185 2 2 0 1507 1510 1511 1880
8186 2 2 0 1507 1447 1446 1880
8187 2 2 0 1507 1446 1510 1880
8188 2 2 0 1507 1511 1447 1880
8189 2 2 0 1508 1448 1447 1881
8190 2 2 0 1508 1447 1511 1881
8191 2 2 0 1508 1512 1448 1881
8192 2 2 0 1508 1511 1512 1881
8193 2 2 0 1509 1449 1448 1882
8194 2 2 0 1509 1448 1512 1882
8195 2 2 0 1509 1513 1449 1882
8196 2 2 0 1509 1512 1513 1882
8197 2 2 0 1510 1450 1449 1883
8198 2 2 0 1510 1514 1450 1883
8199 2 2 0 1510 1449 1513 1883
8200 2 2 0 1510 1513 1514 1883
8201 2 2 0 1511 1451 1450 1884
8202 2 2 0 1511 1515 1451 1884
8203 2 2 0 1511 1450 1514 1884
8204 2 2 0 1511 1514 1515 1884
8205 2 2 0 1512 1515 1516 1885
8206 2 2 0 1512 1452 1451 1885
8207 2 2 0 1512 1516 1452 1885
8208 2 2 0 1512 1451 1515 1885
8209 2 2 0 1513 1516 1517 1886
8210 2 2 0 1513 1453 1452 1886
8211 2 2 0 1513 1517 1453 1886
8212 2 2 0 1513 1452 1516 1886
8213 2 2 0 1514 1517 1518 1887
8214 2 2 0 1514 1454 1453 1887
8215 2 2 0 1514 1518 1454 1887
8216 2 2 0 1514 1453 1517 1887
8217 2 2 0 1515 1518 1519 1888
8218 2 2 0 1515 1455 1454 1888
8219 2 2 0 1515 1519 1455 1888
8220 2 2 0 1515 1454 1518 1888
8221 2 2 0 1516 1519 1520 1889
8222 2 2 0 1516 1456 1455 1889
8223 2 2 0 1516 1520 1456 1889
8224 2 2 0 1516 1455 1519 1889
8225 2 2 0 1517 1520 1521 1890
8226 2 2 0 1517 1457 1456 1890
8227 2 2 0 1517 1521 1457 1890
8228 2 2 0 1517 1456 1520 1890
8229 2 2 0 1518 1521 1522 1891
8230 2 2 0 1518 1458 1457 1891
8231 2 2 0 1518 1457 1521 1891
8232 2 2 0 1518 1522 1458 1891
8233 2 2 0 1519 1522 1523 1892
8234 2 2 0 1519 1459 1458 1892
8235 2 2 0 1519 1458 1522 1892
8236 2 2 0 1519 1523 1459 1892
8237 2 2 0 1520 1523 1524 1893
8238 2 2 0 1520 1460 1459 1893
8239 2 2 0 1520 1459 1523 1893
8240 2 2 0 1520 1524 1460 1893
8241 2 2 0 1521 1524 1525 1894
8242 2 2 0 1521 1461 1460 1894
8243 2 2 0 1521 1460 1524 1894
8244 2 2 0 1521 1525 1461 1894
8245 2 2 0 1522 1525 1526 1895
8246 2 2 0 1522 1462 1461 1895
8247 2 2 0 1522 1461 1525 1895
8248 2 2 0 1522 1526 1462 1895
8249 2 2 0 1523 1526 1527 1896
8250 2 2 0 1523 1463 1462 1896
8251 2 2 0 1523 1462 1526 1896
8252 2 2 0 1523 1527 1463 1896
8253 2 2 0 1524 1464 1463 1897
8254 2 2 0 1524 1463 1527 1897
8255 2 2 0 1524 1528 1464 1897
8256 2 2 0 1524 1527 1528 1897
8257 2 2 0 1525 1465 1464 1898
8258 2 2 0 1525 1464 1528 1898
8259 2 2 0 1525 1529 1465 1898
8260 2 2 0 1525 1528 1529 1898
8261 2 2 0 1526 1466 1465 1899
8262 2 2 0 1526 1530 1466 1899
8263 2 2 0 1526 1465 1529 1899
8264 2 2 0 1526 1529 1530 1899
8265 2 2 0 1527 1467 1466 1900
8266 2 2 0 1527 1531 1467 1900
8267 2 2 0 1527 1466 1530 1900
8268 2 2 0 1527 1530 1531 1900
8269 2 2 0 1528 1531 1532 1901
8270 2 2 0 1528 1468 1467 1901
8271 2 2 0 1528 1532 1468 1901
8272 2 2 0 1528 1467 1531 1901
8273 2 2 0 1529 1532 1533 1902
8274 2 2 0 1529 1469 1468 1902
8275 2 2 0 1529 1533 1469 1902
8276 2 2 0 1529 1468 1532 1902
8277 2 2 0 1530 1533 1534 1903
8278 2 2 0 1530 1470 1469 1903
8279 2 2 0 1530 1534 1470 1903
8280 2 2 0 1530 1469 1533 1903
8281 2 2 0 1531 1534 1535 1904
8282 2 2 0 1531 1471 1470 1904
8283 2 2 0 1531 1535 1471 1904
8284 2 2 0 1531 1470 1534 1904
8285 2 2 0 1532 1535 1536 1905
8286 2 2 0 1532 1472 1471 1905
8287 2 2 0 1532 1536 1472 1905
8288 2 2 0 1532 1471 1535 1905
8289 2 2 0 1533 1536 1473 1906
8290 2 2 0 1533 1409 1472 1906
8291 2 2 0 1533 1473 1409 1906
8292 2 2 0 1533 1472 1536 1906
8293 2 2 0 1534 1538 1474 1907
8294 2 2 0 1534 1473 1537 1907
8295 2 2 0 1534 1474 1473 1907
8296 2 2 0 1534 1537 1538 1907
8297 2 2 0 1535 1539 1475 1908
8298 2 2 0 1535 1474 1538 1908
8299 2 2 0 1535 1475 1474 1908
8300 2 2 0 1535 1538 1539 1908
8301 2 2 0 1536 1540 1476 1909
8302 2 2 0 1536 1475 1539 1909
8303 2 2 0 1536 1476 1475 1909
8304 2 2 0 1536 1539 1540 1909
8305 2 2 0 1537 1541 1477 1910
8306 2 2 0 1537 1476 1540 1910
8307 2 2 0 1537 1477 1476 1910
8308 2 2 0 1537 1540 1541 1910
8309 2 2 0 1538 1542 1478 1911
8310 2 2 0 1538 1477 1541 1911
8311 2 2 0 1538 1478 1477 1911
8312 2 2 0 1538 1541 1542 1911
8313 2 2 0 1539 1543 1479 1912
8314 2 2 0 1539 1478 1542 1912
8315 2 2 0 1539 1479 1478 1912
8316 2 2 0 1539 1542 1543 1912
8317 2 2 0 1540 1544 1480 1913
8318 2 2 0 1540 1479 1543 1913
8319 2 2 0 1540 1480 1479 1913
8320 2 2 0 1540 1543 1544 1913
8321 2 2 0 1541 1545 1481 1914
8322 2 2 0 1541 1480 1544 1914
8323 2 2 0 1541 1481 1480 1914
8324 2 2 0 1541 1544 1545 1914
8325 2 2 0 1542 1481 1545 1915
8326 2 2 0 1542 1546 1482 1915
8327 2 2 0 1542 1482 1481 1915
8328 2 2 0 1542 1545 1546 1915
8329 2 2 0 1543 1482 1546 1916
8330 2 2 0 1543 1547 1483 1916
8331 2 2 0 1543 1483 1482 1916
8332 2 2 0 1543 1546 1547 1916
8333 2 2 0 1544 1483 1547 1917
8334 2 2 0 1544 1548 1484 1917
8335 2 2 0 1544 1484 1483 1917
8336 2 2 0 1544 1547 1548 1917
8337 2 2 0 1545 1484 1548 1918
8338 2 2 0 1545 1549 1485 1918
8339 2 2 0 1545 1485 1484 1918
8340 2 2 0 1545 1548 1549 1918
8341 2 2 0 1546 1485 1549 1919
8342 2 2 0 1546 1550 1486 1919
8343 2 2 0 1546 1486 1485 1919
8344 2 2 0 1546 1549 1550 1919
8345 2 2 0 1547 1487 1486 1920
8346 2 2 0 1547 1486 1550 1920
8347 2 2 0 1547 1551 1487 1920
8348 2 2 0 1547 1550 1551 1920
8349 2 2 0 1548 1488 1487 1921
8350 2 2 0 1548 1552 1488 1921
8351 2 2 0 1548 1487 1551 1921
8352 2 2 0 1548 1551 1552 1921
8353 2 2 0 1549 1489 1488 1922
8354 2 2 0 1549 1553 1489 1922
8355 2 2 0 1549 1488 1552 1922
8356 2 2 0 1549 1552 1553 1922
8357 2 2 0 1550 1490 1489 1923
8358 2 2 0 1550 1489 1553 1923
8359 2 2 0 1550 1554 1490 1923
8360 2 2 0 1550 1553 1554 1923
8361 2 2 0 1551 1491 1490 1924
8362 2 2 0 1551 1490 1554 1924
8363 2 2 0 1551 1555 1491 1924
8364 2 2 0 1551 1554 1555 1924
8365 2 2 0 1552 1492 1491 1925
8366 2 2 0 1552 1556 1492 1925
8367 2 2 0 1552 1491 1555 1925
8368 2 2 0 1552 1555 1556 1925
8369 2 2 0 1553 1557 1493 1926
8370 2 2 0 1553 1492 1556 1926
8371 2 2 0 1553 1493 1492 1926
8372 2 2 0 1553 1556 1557 1926
8373 2 2 0 1554 1558 1494 1927
8374 2 2 0 1554 1493 1557 1927
8375 2 2 0 1554 1494 1493 1927
8376 2 2 0 1554 1557 1558 1927
8377 2 2 0 1555 1559 1495 1928
8378 2 2 0 1555 1494 1558 1928
8379 2 2 0 1555 1495 1494 1928
8380 2 2 0 1555 1558 1559 1928
8381 2 2 0 1556 1560 1496 1929
8382 2 2 0 1556 1495 1559 1929
8383 2 2 0 1556 1496 1495 1929
8384 2 2 0 1556 1559 1560 1929
8385 2 2 0 1557 1561 1497 1930
8386 2 2 0 1557 1496 1560 1930
8387 2 2 0 1557 1497 1496 1930
8388 2 2 0 1557 1560 1561 1930
8389 2 2 0 1558 1497 1561 1931
8390 2 2 0 1558 1562 1498 1931
8391 2 2 0 1558 1498 1497 1931
8392 2 2 0 1558 1561 1562 1931
8393 2 2 0 1559 1498 1562 1932
8394 2 2 0 1559 1563 1499 1932
8395 2 2 0 1559 1499 1498 1932
8396 2 2 0 1559 1562 1563 1932
8397 2 2 0 1560 1499 1563 1933
8398 2 2 0 1560 1564 1500 1933
8399 2 2 0 1560 1500 1499 1933
8400 2 2 0 1560 1563 1564 1933
8401 2 2 0 1561 1500 1564 1934
8402 2 2 0 1561 1565 1501 1934
8403 2 2 0 1561 1501 1500 1934
8404 2 2 0 1561 1564 1565 1934
8405 2 2 0 1562 1501 1565 1935
8406 2 2 0 1562 1566 1502 1935
8407 2 2 0 1562 1502 1501 1935
8408 2 2 0 1562 1565 1566 1935
8409 2 2 0 1563 1502 1566 1936
8410 2 2 0 1563 1567 1503 1936
8411 2 2 0 1563 1503 1502 1936
8412 2 2 0 1563 1566 1567 1936
8413 2 2 0 1564 1503 1567 1937
8414 2 2 0 1564 1568 1504 1937
8415 2 2 0 1564 1504 1503 1937
8416 2 2 0 1564 1567 1568 1937
8417 2 2 0 1565 1504 1568 1938
8418 2 2 0 1565 1569 1505 1938
8419 2 2 0 1565 1505 1504 1938
8420 2 2 0 1565 1568 1569 1938
8421 2 2 0 1566 1570 1506 1939
8422 2 2 0 1566 1505 1569 1939
8423 2 2 0 1566 1506 1505 1939
8424 2 2 0 1566 1569 1570 1939
8425 2 2 0 1567 1571 1507 1940
8426 2 2 0 1567 1506 1570 1940
8427 2 2 0 1567 1507 1506 1940
8428 2 2 0 1567 1570 1571 1940
8429 2 2 0 1568 1572 1508 1941
8430 2 2 0 1568 1507 1571 1941
8431 2 2 0 1568 1508 1507 1941
8432 2 2 0 1568 1571 1572 1941
8433 2 2 0 1569 1573 1509 1942
8434 2 2 0 1569 1508 1572 1942
8435 2 2 0 1569 1509 1508 1942
8436 2 2 0 1569 1572 1573 1942
8437 2 2 0 1570 1574 1510 1943
8438 2 2 0 1570 1509 1573 1943
8439 2 2 0 1570 1510 1509 1943
8440 2 2 0 1570 1573 1574 1943
8441 2 2 0 1571 1575 1511 1944
8442 2 2 0 1571 1510 1574 1944
8443 2 2 0 1571 1511 1510 1944
8444 2 2 0 1571 1574 1575 1944
8445 2 2 0 1572 1576 1512 1945
8446 2 2 0 1572 1511 1575 1945
8447 2 2 0 1572 1512 1511 1945
8448 2 2 0 1572 1575 1576 1945
8449 2 2 0 1573 1577 1513 1946
8450 2 2 0 1573 1512 1576 1946
8451 2 2 0 1573 1513 1512 1946
8452 2 2 0 1573 1576 1577 1946
8453 2 2 0 1574 1513 1577 1947
8454 2 2 0 1574 1578 1514 1947
8455 2 2 0 1574 1514 1513 1947
8456 2 2 0 1574 1577 1578 1947
8457 2 2 0 1575 1514 1578 1948
8458 2 2 0 1575 1579 1515 1948
8459 2 2 0 1575 1515 1514 1948
8460 2 2 0 1575 1578 1579 1948
8461 2 2 0 1576 1515 1579 1949
8462 2 2 0 1576 1580 1516 1949
8463 2 2 0 1576 1516 1515 1949
8464 2 2 0 1576 1579 1580 1949
8465 2 2 0 1577 1516 1580 1950
8466 2 2 0 1577 1581 1517 1950
8467 2 2 0 1577 1517 1516 1950
8468 2 2 0 1577 1580 1581 1950
8469 2 2 0 1578 1517 1581 1951
8470 2 2 0 1578 1582 1518 1951
8471 2 2 0 1578 1518 1517 1951
8472 2 2 0 1578 1581 1582 1951
8473 2 2 0 1579 1519 1518 1952
8474 2 2 0 1579 1518 1582 1952
8475 2 2 0 1579 1583 1519 1952
8476 2 2 0 1579 1582 1583 1952
8477 2 2 0 1580 1520 1519 1953
8478 2 2 0 1580 1584 1520 1953
8479 2 2 0 1580 1519 1583 1953
8480 2 2 0 1580 1583 1584 1953
8481 2 2 0 1581 1521 1520 1954
8482 2 2 0 1581 1585 1521 1954
8483 2 2 0 1581 1520 1584 1954
8484 2 2 0 1581 1584 1585 1954
8485 2 2 0 1582 1522 1521 1955
8486 2 2 0 1582 1521 1585 1955
8487 2 2 0 1582 1586 1522 1955
8488 2 2 0 1582 1585 1586 1955
8489 2 2 0 1583 1523 1522 1956
8490 2 2 0 1583 1522 1586 1956
8491 2 2 0 1583 1587 1523 1956
8492 2 2 0 1583 1586 1587 1956
8493 2 2 0 1584 1524 1523 1957
8494 2 2 0 1584 1588 1524 1957
8495 2 2 0 1584 1523 1587 1957
8496 2 2 0 1584 1587 1588 1957
8497 2 2 0 1585 1589 1525 1958
8498 2 2 0 1585 1524 1588 1958
8499 2 2 0 1585 1525 1524 1958
8500 2 2 0 1585 1588 1589 1958
8501 2 2 0 1586 1590 1526 1959
8502 2 2 0 1586 1525 1589 1959
8503 2 2 0 1586 1526 1525 1959
8504 2 2 0 1586 1589 1590 1959
8505 2 2 0 1587 1591 1527 1960
8506 2 2 0 1587 1526 1590 1960
8507 2 2 0 1587 1527 1526 1960
8508 2 2 0 1587 1590 1591 1960
8509 2 2 0 1588 1592 1528 1961
8510 2 2 0 1588 1527 1591 1961
8511 2 2 0 1588 1528 1527 1961
8512 2 2 0 1588 1591 1592 1961
8513 2 2 0 1589 1593 1529 1962
8514 2 2 0 1589 1528 1592 1962
8515 2 2 0 1589 1529 1528 1962
8516 2 2 0 1589 1592 1593 1962
8517 2 2 0 1590 1529 1593 1963
8518 2 2 0 1590 1594 1530 1963
8519 2 2 0 1590 1530 1529 1963
8520 2 2 0 1590 1593 1594 1963
8521 2 2 0 1591 1530 1594 1964
8522 2 2 0 1591 1595 1531 1964
8523 2 2 0 1591 1531 1530 1964
8524 2 2 0 1591 1594 1595 1964
8525 2 2 0 1592 1531 1595 1965
8526 2 2 0 1592 1596 1532 1965
8527 2 2 0 1592 1532 1531 1965
8528 2 2 0 1592 1595 1596 1965
8529 2 2 0 1593 1532 1596 1966
8530 2 2 0 1593 1597 1533 1966
8531 2 2 0 1593 1533 1532 1966
8532 2 2 0 1593 1596 1597 1966
8533 2 2 0 1594 1533 1597 1967
8534 2 2 0 1594 1598 1534 1967
8535 2 2 0 1594 1534 1533 1967
8536 2 2 0 1594 1597 1598 1967
8537 2 2 0 1595 1534 1598 1968
8538 2 2 0 1595 1599 1535 1968
8539 2 2 0 1595 1535 1534 1968
8540 2 2 0 1595 1598 1599 1968
8541 2 2 0 1596 1535 1599 1969
8542 2 2 0 1596 1600 1536 1969
8543 2 2 0 1596 1536 1535 1969
8544 2 2 0 1596 1599 1600 1969
8545 2 2 0 1597 1536 1600 1970
8546 2 2 0 1597 1537 1473 1970
8547 2 2 0 1597 1473 1536 1970
8548 2 2 0 1597 1600 1537 1970
$EndElements
