2026-03-17 15:51:24 | INFO | Starting minimal optimization in mode=real
2026-03-17 15:51:24 | INFO | GA parameter setup source=E:\pythonGATH\outputs\runs\20260317_155124_full_optimization\config\geometry_params.yaml enabled=length,mouth_radius,flare disabled=throat_radius
2026-03-17 15:51:24 | INFO | case=ga_eval_0001_1773733884 candidate={"flare": 0.9775615685751505, "length": 0.3629821834139958, "mouth_radius": 0.05875376432793343, "throat_radius": 0.02}
2026-03-17 15:51:24 | INFO | ATH check command rc=0
2026-03-17 15:51:24 | INFO | ATH stdout: Ath V2025-06
Usage: ath <horn_definition_file>
2026-03-17 15:51:24 | INFO | Gmsh command rc=0
2026-03-17 15:51:24 | INFO | Gmsh stdout: Info    : Running 'C:\Users\UZAWAR\AppData\Local\Microsoft\WinGet\Packages\gmsh.gmsh_Microsoft.Winget.Source_8wekyb3d8bbwe\gmsh-4.13.1-Windows64\gmsh.EXE E:\pythonGATH\outputs\tmp\ga_eval_0001_1773733884.geo -3 -o E:\pythonGATH\outputs\mesh\ga_eval_0001_1773733884.msh' [Gmsh 4.13.1, 1 node, max. 1 thread]
Info    : Started on Tue Mar 17 15:51:24 2026
Info    : Reading 'E:\pythonGATH\outputs\tmp\ga_eval_0001_1773733884.geo'...
Info    : Done reading 'E:\pythonGATH\outputs\tmp\ga_eval_0001_1773733884.geo'
Info    : Meshing 1D...
Info    : [  0%] Meshing curve 1 (Line)
Info    : [ 10%] Meshing curve 2 (Line)
Info    : [ 20%] Meshing curve 3 (Line)
Info    : [ 30%] Meshing curve 4 (Line)
Info    : [ 40%] Meshing curve 6 (Line)
Info    : [ 50%] Meshing curve 7 (Line)
Info    : [ 60%] Meshing curve 8 (Line)
Info    : [ 60%] Meshing curve 9 (Line)
Info    : [ 70%] Meshing curve 11 (Line)
Info    : [ 80%] Meshing curve 12 (Line)
Info    : [ 90%] Meshing curve 16 (Line)
Info    : [100%] Meshing curve 20 (Line)
Info    : Done meshing 1D (Wall 0.000948906s, CPU 0s)
Info    : Meshing 2D...
Info    : [  0%] Meshing surface 1 (Plane, Frontal-Delaunay)
Info    : [ 20%] Meshing surface 13 (Surface, Frontal-Delaunay)
Info    : [ 40%] Meshing surface 17 (Surface, Frontal-Delaunay)
Info    : [ 60%] Meshing surface 21 (Surface, Frontal-Delaunay)
Info    : [ 70%] Meshing surface 25 (Surface, Frontal-Delaunay)
Info    : [ 90%] Meshing surface 26 (Plane, Frontal-Delaunay)
Info    : Done meshing 2D (Wall 0.00771499s, CPU 0s)
Info    : Meshing 3D...
Info    : 3D Meshing 1 volume with 1 connected component
Info    : Tetrahedrizing 393 nodes...
Info    : Done tetrahedrizing 401 nodes (Wall 0.00247598s, CPU 0s)
Info    : Reconstructing mesh...
Info    :  - Creating surface mesh
Info    :  - Identifying boundary edges
Info    :  - Recovering boundary
Info    : Done reconstructing mesh (Wall 0.00533915s, CPU 0s)
Info    : Found volume 1
Info    : It. 0 - 0 nodes created - worst tet radius 1.04875 (nodes removed 0 0)
Info    : 3D refinement terminated (401 nodes total):
Info    :  - 0 Delaunay cavities modified for star shapeness
Info    :  - 0 nodes could not be inserted
Info    :  - 1059 tetrahedra created in 0.000311136 sec. (3403653 tets/s)
Info    : 0 node relocations
Info    : Done meshing 3D (Wall 0.0112681s, CPU 0s)
Info    : Optimizing mesh...
Info    : Optimizing volume 1
Info    : Optimization starts (volume = 0.000285863) with worst = 0.00168458 / average = 0.692504:
Info    : 0.00 < quality < 0.10 :        17 elements
Info    : 0.10 < quality < 0.20 :        16 elements
Info    : 0.20 < quality < 0.30 :        20 elements
Info    : 0.30 < quality < 0.40 :         6 elements
Info    : 0.40 < quality < 0.50 :        23 elements
Info    : 0.50 < quality < 0.60 :       112 elements
Info    : 0.60 < quality < 0.70 :       373 elements
Info    : 0.70 < quality < 0.80 :       263 elements
Info    : 0.80 < quality < 0.90 :        81 elements
Info    : 0.90 < quality < 1.00 :       148 elements
Info    : 46 edge swaps, 4 node relocations (volume = 0.000285863): worst = 0.0370125 / average = 0.716351 (Wall 0.00104904s, CPU 0s)
Info    : 54 edge swaps, 4 node relocations (volume = 0.000285863): worst = 0.317855 / average = 0.721025 (Wall 0.00127411s, CPU 0s)
Info    : No ill-shaped tets in the mesh :-)
Info    : 0.00 < quality < 0.10 :         0 elements
Info    : 0.10 < quality < 0.20 :         0 elements
Info    : 0.20 < quality < 0.30 :         0 elements
Info    : 0.30 < quality < 0.40 :         6 elements
Info    : 0.40 < quality < 0.50 :        27 elements
Info    : 0.50 < quality < 0.60 :       103 elements
Info    : 0.60 < quality < 0.70 :       379 elements
Info    : 0.70 < quality < 0.80 :       262 elements
Info    : 0.80 < quality < 0.90 :        86 elements
Info    : 0.90 < quality < 1.00 :       152 elements
Info    : Done optimizing mesh (Wall 0.00244093s, CPU 0s)
Info    : 401 nodes 1949 elements
Info    : Writing 'E:\pythonGATH\outputs\mesh\ga_eval_0001_1773733884.msh'...
Info    : Done writing 'E:\pythonGATH\outputs\mesh\ga_eval_0001_1773733884.msh'
Info    : Stopped on Tue Mar 17 15:51:24 2026 (From start: Wall 0.0275552s, CPU 0s)
2026-03-17 15:51:24 | INFO | Mesh handoff metadata written to E:\pythonGATH\outputs\handoff\ga_eval_0001_1773733884_mesh_handoff.json
2026-03-17 15:51:24 | INFO | Mesh handoff: exists=True size=57923 wsl_readable=True wsl_path=/mnt/e/pythonGATH/outputs/mesh/ga_eval_0001_1773733884.msh
2026-03-17 15:51:33 | INFO | Real-mode WSL solver completed. first_run=4.331s repeated_avg=4.275899000000209
2026-03-17 15:51:33 | INFO | score case=ga_eval_0001_1773733884 J=47.5565 E_in=41.2763 E_out=55.1249 E_bw=85.6382 E_smooth=33.2423 E_eff=0.0000 E_mfg=0.0124
2026-03-17 15:51:33 | INFO | case=ga_eval_0001_1773733884 fitness=-47.556457 total_error=47.556457
2026-03-17 15:51:33 | INFO | case=ga_eval_0002_1773733893 candidate={"flare": 1.821068923588114, "length": 0.20482008049655265, "mouth_radius": 0.3077649249574044, "throat_radius": 0.02}
2026-03-17 15:51:33 | INFO | ATH check command rc=0
2026-03-17 15:51:33 | INFO | ATH stdout: Ath V2025-06
Usage: ath <horn_definition_file>
2026-03-17 15:51:34 | INFO | Gmsh command rc=0
2026-03-17 15:51:34 | INFO | Gmsh stdout: Info    : Running 'C:\Users\UZAWAR\AppData\Local\Microsoft\WinGet\Packages\gmsh.gmsh_Microsoft.Winget.Source_8wekyb3d8bbwe\gmsh-4.13.1-Windows64\gmsh.EXE E:\pythonGATH\outputs\tmp\ga_eval_0002_1773733893.geo -3 -o E:\pythonGATH\outputs\mesh\ga_eval_0002_1773733893.msh' [Gmsh 4.13.1, 1 node, max. 1 thread]
Info    : Started on Tue Mar 17 15:51:33 2026
Info    : Reading 'E:\pythonGATH\outputs\tmp\ga_eval_0002_1773733893.geo'...
Info    : Done reading 'E:\pythonGATH\outputs\tmp\ga_eval_0002_1773733893.geo'
Info    : Meshing 1D...
Info    : [  0%] Meshing curve 1 (Line)
Info    : [ 10%] Meshing curve 2 (Line)
Info    : [ 20%] Meshing curve 3 (Line)
Info    : [ 30%] Meshing curve 4 (Line)
Info    : [ 40%] Meshing curve 6 (Line)
Info    : [ 50%] Meshing curve 7 (Line)
Info    : [ 60%] Meshing curve 8 (Line)
Info    : [ 60%] Meshing curve 9 (Line)
Info    : [ 70%] Meshing curve 11 (Line)
Info    : [ 80%] Meshing curve 12 (Line)
Info    : [ 90%] Meshing curve 16 (Line)
Info    : [100%] Meshing curve 20 (Line)
Info    : Done meshing 1D (Wall 0.00094986s, CPU 0s)
Info    : Meshing 2D...
Info    : [  0%] Meshing surface 1 (Plane, Frontal-Delaunay)
Info    : [ 20%] Meshing surface 13 (Surface, Frontal-Delaunay)
Info    : [ 40%] Meshing surface 17 (Surface, Frontal-Delaunay)
Info    : [ 60%] Meshing surface 21 (Surface, Frontal-Delaunay)
Info    : [ 70%] Meshing surface 25 (Surface, Frontal-Delaunay)
Info    : [ 90%] Meshing surface 26 (Plane, Frontal-Delaunay)
Info    : Done meshing 2D (Wall 0.043849s, CPU 0.03125s)
Info    : Meshing 3D...
Info    : 3D Meshing 1 volume with 1 connected component
Info    : Tetrahedrizing 2253 nodes...
Info    : Done tetrahedrizing 2261 nodes (Wall 0.015229s, CPU 0.015625s)
Info    : Reconstructing mesh...
Info    :  - Creating surface mesh
Info    :  - Identifying boundary edges
Info    :  - Recovering boundary
Info    : Done reconstructing mesh (Wall 0.0437911s, CPU 0.046875s)
Info    : Found volume 1
Info    : It. 0 - 0 nodes created - worst tet radius 1.65943 (nodes removed 0 0)
Info    : It. 500 - 500 nodes created - worst tet radius 1.09662 (nodes removed 0 0)
Info    : 3D refinement terminated (3103 nodes total):
Info    :  - 0 Delaunay cavities modified for star shapeness
Info    :  - 0 nodes could not be inserted
Info    :  - 11941 tetrahedra created in 0.024905 sec. (479462 tets/s)
Info    : 0 node relocations
Info    : Done meshing 3D (Wall 0.113136s, CPU 0.125s)
Info    : Optimizing mesh...
Info    : Optimizing volume 1
Info    : Optimization starts (volume = 0.000671328) with worst = 0.00706239 / average = 0.763124:
Info    : 0.00 < quality < 0.10 :        60 elements
Info    : 0.10 < quality < 0.20 :        64 elements
Info    : 0.20 < quality < 0.30 :        81 elements
Info    : 0.30 < quality < 0.40 :       150 elements
Info    : 0.40 < quality < 0.50 :       270 elements
Info    : 0.50 < quality < 0.60 :       626 elements
Info    : 0.60 < quality < 0.70 :      1565 elements
Info    : 0.70 < quality < 0.80 :      3567 elements
Info    : 0.80 < quality < 0.90 :      4138 elements
Info    : 0.90 < quality < 1.00 :      1420 elements
Info    : 203 edge swaps, 3 node relocations (volume = 0.000671328): worst = 0.219423 / average = 0.774279 (Wall 0.00310826s, CPU 0s)
Info    : 206 edge swaps, 3 node relocations (volume = 0.000671328): worst = 0.302847 / average = 0.77443 (Wall 0.00374413s, CPU 0s)
Info    : No ill-shaped tets in the mesh :-)
Info    : 0.00 < quality < 0.10 :         0 elements
Info    : 0.10 < quality < 0.20 :         0 elements
Info    : 0.20 < quality < 0.30 :         0 elements
Info    : 0.30 < quality < 0.40 :       143 elements
Info    : 0.40 < quality < 0.50 :       266 elements
Info    : 0.50 < quality < 0.60 :       623 elements
Info    : 0.60 < quality < 0.70 :      1576 elements
Info    : 0.70 < quality < 0.80 :      3532 elements
Info    : 0.80 < quality < 0.90 :      4189 elements
Info    : 0.90 < quality < 1.00 :      1421 elements
Info    : Done optimizing mesh (Wall 0.0110431s, CPU 0s)
Info    : 3103 nodes 16534 elements
Info    : Writing 'E:\pythonGATH\outputs\mesh\ga_eval_0002_1773733893.msh'...
Info    : Done writing 'E:\pythonGATH\outputs\mesh\ga_eval_0002_1773733893.msh'
Info    : Stopped on Tue Mar 17 15:51:33 2026 (From start: Wall 0.187852s, CPU 0.15625s)
2026-03-17 15:51:34 | INFO | Mesh handoff metadata written to E:\pythonGATH\outputs\handoff\ga_eval_0002_1773733893_mesh_handoff.json
2026-03-17 15:51:34 | INFO | Mesh handoff: exists=True size=575110 wsl_readable=True wsl_path=/mnt/e/pythonGATH/outputs/mesh/ga_eval_0002_1773733893.msh
2026-03-17 15:51:43 | INFO | Real-mode WSL solver completed. first_run=4.303s repeated_avg=4.296887399999832
2026-03-17 15:51:43 | INFO | score case=ga_eval_0002_1773733893 J=14.0328 E_in=12.1796 E_out=23.0484 E_bw=7.5685 E_smooth=15.9209 E_eff=0.2025 E_mfg=6.0996
2026-03-17 15:51:43 | INFO | case=ga_eval_0002_1773733893 fitness=-14.032785 total_error=14.032785
2026-03-17 15:51:43 | INFO | case=ga_eval_0003_1773733903 candidate={"flare": 1.286035821339068, "length": 0.45902823572784124, "mouth_radius": 0.08042859142029565, "throat_radius": 0.02}
2026-03-17 15:51:43 | INFO | ATH check command rc=0
2026-03-17 15:51:43 | INFO | ATH stdout: Ath V2025-06
Usage: ath <horn_definition_file>
2026-03-17 15:51:43 | INFO | Gmsh command rc=0
2026-03-17 15:51:43 | INFO | Gmsh stdout: Info    : Running 'C:\Users\UZAWAR\AppData\Local\Microsoft\WinGet\Packages\gmsh.gmsh_Microsoft.Winget.Source_8wekyb3d8bbwe\gmsh-4.13.1-Windows64\gmsh.EXE E:\pythonGATH\outputs\tmp\ga_eval_0003_1773733903.geo -3 -o E:\pythonGATH\outputs\mesh\ga_eval_0003_1773733903.msh' [Gmsh 4.13.1, 1 node, max. 1 thread]
Info    : Started on Tue Mar 17 15:51:43 2026
Info    : Reading 'E:\pythonGATH\outputs\tmp\ga_eval_0003_1773733903.geo'...
Info    : Done reading 'E:\pythonGATH\outputs\tmp\ga_eval_0003_1773733903.geo'
Info    : Meshing 1D...
Info    : [  0%] Meshing curve 1 (Line)
Info    : [ 10%] Meshing curve 2 (Line)
Info    : [ 20%] Meshing curve 3 (Line)
Info    : [ 30%] Meshing curve 4 (Line)
Info    : [ 40%] Meshing curve 6 (Line)
Info    : [ 50%] Meshing curve 7 (Line)
Info    : [ 60%] Meshing curve 8 (Line)
Info    : [ 60%] Meshing curve 9 (Line)
Info    : [ 70%] Meshing curve 11 (Line)
Info    : [ 80%] Meshing curve 12 (Line)
Info    : [ 90%] Meshing curve 16 (Line)
Info    : [100%] Meshing curve 20 (Line)
Info    : Done meshing 1D (Wall 0.000961781s, CPU 0s)
Info    : Meshing 2D...
Info    : [  0%] Meshing surface 1 (Plane, Frontal-Delaunay)
Info    : [ 20%] Meshing surface 13 (Surface, Frontal-Delaunay)
Info    : [ 40%] Meshing surface 17 (Surface, Frontal-Delaunay)
Info    : [ 60%] Meshing surface 21 (Surface, Frontal-Delaunay)
Info    : [ 70%] Meshing surface 25 (Surface, Frontal-Delaunay)
Info    : [ 90%] Meshing surface 26 (Plane, Frontal-Delaunay)
Info    : Done meshing 2D (Wall 0.00897598s, CPU 0.015625s)
Info    : Meshing 3D...
Info    : 3D Meshing 1 volume with 1 connected component
Info    : Tetrahedrizing 397 nodes...
Info    : Done tetrahedrizing 405 nodes (Wall 0.00232387s, CPU 0s)
Info    : Reconstructing mesh...
Info    :  - Creating surface mesh
Info    :  - Identifying boundary edges
Info    :  - Recovering boundary
Info    : Done reconstructing mesh (Wall 0.00532699s, CPU 0s)
Info    : Found volume 1
Info    : It. 0 - 0 nodes created - worst tet radius 0.932636 (nodes removed 0 0)
Info    : 3D refinement terminated (397 nodes total):
Info    :  - 0 Delaunay cavities modified for star shapeness
Info    :  - 0 nodes could not be inserted
Info    :  - 987 tetrahedra created in 7.98702e-05 sec. (12357546 tets/s)
Info    : 0 node relocations
Info    : Done meshing 3D (Wall 0.0104911s, CPU 0s)
Info    : Optimizing mesh...
Info    : Optimizing volume 1
Info    : Optimization starts (volume = 0.000460997) with worst = 0.0444135 / average = 0.727571:
Info    : 0.00 < quality < 0.10 :         2 elements
Info    : 0.10 < quality < 0.20 :         5 elements
Info    : 0.20 < quality < 0.30 :         4 elements
Info    : 0.30 < quality < 0.40 :         2 elements
Info    : 0.40 < quality < 0.50 :         6 elements
Info    : 0.50 < quality < 0.60 :        33 elements
Info    : 0.60 < quality < 0.70 :       376 elements
Info    : 0.70 < quality < 0.80 :       379 elements
Info    : 0.80 < quality < 0.90 :        59 elements
Info    : 0.90 < quality < 1.00 :       121 elements
Info    : 11 edge swaps, 0 node relocations (volume = 0.000460997): worst = 0.311451 / average = 0.735238 (Wall 0.000677109s, CPU 0s)
Info    : No ill-shaped tets in the mesh :-)
Info    : 0.00 < quality < 0.10 :         0 elements
Info    : 0.10 < quality < 0.20 :         0 elements
Info    : 0.20 < quality < 0.30 :         0 elements
Info    : 0.30 < quality < 0.40 :         1 elements
Info    : 0.40 < quality < 0.50 :         7 elements
Info    : 0.50 < quality < 0.60 :        23 elements
Info    : 0.60 < quality < 0.70 :       380 elements
Info    : 0.70 < quality < 0.80 :       385 elements
Info    : 0.80 < quality < 0.90 :        59 elements
Info    : 0.90 < quality < 1.00 :       121 elements
Info    : Done optimizing mesh (Wall 0.00183773s, CPU 0s)
Info    : 397 nodes 1920 elements
Info    : Writing 'E:\pythonGATH\outputs\mesh\ga_eval_0003_1773733903.msh'...
Info    : Done writing 'E:\pythonGATH\outputs\mesh\ga_eval_0003_1773733903.msh'
Info    : Stopped on Tue Mar 17 15:51:43 2026 (From start: Wall 0.0276041s, CPU 0.015625s)
2026-03-17 15:51:43 | INFO | Mesh handoff metadata written to E:\pythonGATH\outputs\handoff\ga_eval_0003_1773733903_mesh_handoff.json
2026-03-17 15:51:43 | INFO | Mesh handoff: exists=True size=56840 wsl_readable=True wsl_path=/mnt/e/pythonGATH/outputs/mesh/ga_eval_0003_1773733903.msh
2026-03-17 15:51:52 | INFO | Real-mode WSL solver completed. first_run=4.302s repeated_avg=4.284871700001531
2026-03-17 15:51:52 | INFO | score case=ga_eval_0003_1773733903 J=46.1510 E_in=59.2752 E_out=60.1590 E_bw=16.5503 E_smooth=38.2104 E_eff=0.0000 E_mfg=0.0019
2026-03-17 15:51:52 | INFO | case=ga_eval_0003_1773733903 fitness=-46.150954 total_error=46.150954
2026-03-17 15:51:52 | INFO | case=ga_eval_0004_1773733912 candidate={"flare": 1.4612461050170609, "length": 0.13132294338646672, "mouth_radius": 0.12652329118126118, "throat_radius": 0.02}
2026-03-17 15:51:52 | INFO | ATH check command rc=0
2026-03-17 15:51:52 | INFO | ATH stdout: Ath V2025-06
Usage: ath <horn_definition_file>
2026-03-17 15:51:52 | INFO | Gmsh command rc=0
2026-03-17 15:51:52 | INFO | Gmsh stdout: Info    : Running 'C:\Users\UZAWAR\AppData\Local\Microsoft\WinGet\Packages\gmsh.gmsh_Microsoft.Winget.Source_8wekyb3d8bbwe\gmsh-4.13.1-Windows64\gmsh.EXE E:\pythonGATH\outputs\tmp\ga_eval_0004_1773733912.geo -3 -o E:\pythonGATH\outputs\mesh\ga_eval_0004_1773733912.msh' [Gmsh 4.13.1, 1 node, max. 1 thread]
Info    : Started on Tue Mar 17 15:51:52 2026
Info    : Reading 'E:\pythonGATH\outputs\tmp\ga_eval_0004_1773733912.geo'...
Info    : Done reading 'E:\pythonGATH\outputs\tmp\ga_eval_0004_1773733912.geo'
Info    : Meshing 1D...
Info    : [  0%] Meshing curve 1 (Line)
Info    : [ 10%] Meshing curve 2 (Line)
Info    : [ 20%] Meshing curve 3 (Line)
Info    : [ 30%] Meshing curve 4 (Line)
Info    : [ 40%] Meshing curve 6 (Line)
Info    : [ 50%] Meshing curve 7 (Line)
Info    : [ 60%] Meshing curve 8 (Line)
Info    : [ 60%] Meshing curve 9 (Line)
Info    : [ 70%] Meshing curve 11 (Line)
Info    : [ 80%] Meshing curve 12 (Line)
Info    : [ 90%] Meshing curve 16 (Line)
Info    : [100%] Meshing curve 20 (Line)
Info    : Done meshing 1D (Wall 0.000906944s, CPU 0s)
Info    : Meshing 2D...
Info    : [  0%] Meshing surface 1 (Plane, Frontal-Delaunay)
Info    : [ 20%] Meshing surface 13 (Surface, Frontal-Delaunay)
Info    : [ 40%] Meshing surface 17 (Surface, Frontal-Delaunay)
Info    : [ 60%] Meshing surface 21 (Surface, Frontal-Delaunay)
Info    : [ 70%] Meshing surface 25 (Surface, Frontal-Delaunay)
Info    : [ 90%] Meshing surface 26 (Plane, Frontal-Delaunay)
Info    : Done meshing 2D (Wall 0.0367961s, CPU 0s)
Info    : Meshing 3D...
Info    : 3D Meshing 1 volume with 1 connected component
Info    : Tetrahedrizing 1842 nodes...
Info    : Done tetrahedrizing 1850 nodes (Wall 0.012279s, CPU 0s)
Info    : Reconstructing mesh...
Info    :  - Creating surface mesh
Info    :  - Identifying boundary edges
Info    :  - Recovering boundary
Info    : Done reconstructing mesh (Wall 0.0275483s, CPU 0.03125s)
Info    : Found volume 1
Info    : It. 0 - 0 nodes created - worst tet radius 2.56085 (nodes removed 0 0)
Info    : It. 500 - 500 nodes created - worst tet radius 1.20263 (nodes removed 0 0)
Info    : 3D refinement terminated (2833 nodes total):
Info    :  - 0 Delaunay cavities modified for star shapeness
Info    :  - 0 nodes could not be inserted
Info    :  - 11741 tetrahedra created in 0.028214 sec. (416141 tets/s)
Info    : 0 node relocations
Info    : Done meshing 3D (Wall 0.095588s, CPU 0.03125s)
Info    : Optimizing mesh...
Info    : Optimizing volume 1
Info    : Optimization starts (volume = 0.000192418) with worst = 0.0120066 / average = 0.761252:
Info    : 0.00 < quality < 0.10 :        33 elements
Info    : 0.10 < quality < 0.20 :        86 elements
Info    : 0.20 < quality < 0.30 :       129 elements
Info    : 0.30 < quality < 0.40 :       224 elements
Info    : 0.40 < quality < 0.50 :       328 elements
Info    : 0.50 < quality < 0.60 :       628 elements
Info    : 0.60 < quality < 0.70 :      1588 elements
Info    : 0.70 < quality < 0.80 :      3045 elements
Info    : 0.80 < quality < 0.90 :      3938 elements
Info    : 0.90 < quality < 1.00 :      1742 elements
Info    : 242 edge swaps, 8 node relocations (volume = 0.000192418): worst = 0.175331 / average = 0.773072 (Wall 0.00390673s, CPU 0s)
Info    : 250 edge swaps, 11 node relocations (volume = 0.000192418): worst = 0.283815 / average = 0.7734 (Wall 0.00465274s, CPU 0s)
Info    : No ill-shaped tets in the mesh :-)
Info    : 0.00 < quality < 0.10 :         0 elements
Info    : 0.10 < quality < 0.20 :         0 elements
Info    : 0.20 < quality < 0.30 :         2 elements
Info    : 0.30 < quality < 0.40 :       238 elements
Info    : 0.40 < quality < 0.50 :       324 elements
Info    : 0.50 < quality < 0.60 :       626 elements
Info    : 0.60 < quality < 0.70 :      1576 elements
Info    : 0.70 < quality < 0.80 :      3049 elements
Info    : 0.80 < quality < 0.90 :      3978 elements
Info    : 0.90 < quality < 1.00 :      1739 elements
Info    : Done optimizing mesh (Wall 0.0117009s, CPU 0s)
Info    : 2833 nodes 15446 elements
Info    : Writing 'E:\pythonGATH\outputs\mesh\ga_eval_0004_1773733912.msh'...
Info    : Done writing 'E:\pythonGATH\outputs\mesh\ga_eval_0004_1773733912.msh'
Info    : Stopped on Tue Mar 17 15:51:52 2026 (From start: Wall 0.163094s, CPU 0.03125s)
2026-03-17 15:51:52 | INFO | Mesh handoff metadata written to E:\pythonGATH\outputs\handoff\ga_eval_0004_1773733912_mesh_handoff.json
2026-03-17 15:51:52 | INFO | Mesh handoff: exists=True size=543295 wsl_readable=True wsl_path=/mnt/e/pythonGATH/outputs/mesh/ga_eval_0004_1773733912.msh
2026-03-17 15:52:01 | INFO | Real-mode WSL solver completed. first_run=4.282s repeated_avg=4.265296699995815
2026-03-17 15:52:01 | INFO | score case=ga_eval_0004_1773733912 J=8.1511 E_in=4.0795 E_out=18.4976 E_bw=2.4906 E_smooth=11.9066 E_eff=0.0052 E_mfg=0.0171
2026-03-17 15:52:01 | INFO | case=ga_eval_0004_1773733912 fitness=-8.151101 total_error=8.151101
2026-03-17 15:52:01 | INFO | case=ga_eval_0005_1773733921 candidate={"flare": 1.764757319336999, "length": 0.1300836684798682, "mouth_radius": 0.11959317774032698, "throat_radius": 0.02}
2026-03-17 15:52:01 | INFO | ATH check command rc=0
2026-03-17 15:52:01 | INFO | ATH stdout: Ath V2025-06
Usage: ath <horn_definition_file>
2026-03-17 15:52:01 | INFO | Gmsh command rc=0
2026-03-17 15:52:01 | INFO | Gmsh stdout: Info    : Running 'C:\Users\UZAWAR\AppData\Local\Microsoft\WinGet\Packages\gmsh.gmsh_Microsoft.Winget.Source_8wekyb3d8bbwe\gmsh-4.13.1-Windows64\gmsh.EXE E:\pythonGATH\outputs\tmp\ga_eval_0005_1773733921.geo -3 -o E:\pythonGATH\outputs\mesh\ga_eval_0005_1773733921.msh' [Gmsh 4.13.1, 1 node, max. 1 thread]
Info    : Started on Tue Mar 17 15:52:01 2026
Info    : Reading 'E:\pythonGATH\outputs\tmp\ga_eval_0005_1773733921.geo'...
Info    : Done reading 'E:\pythonGATH\outputs\tmp\ga_eval_0005_1773733921.geo'
Info    : Meshing 1D...
Info    : [  0%] Meshing curve 1 (Line)
Info    : [ 10%] Meshing curve 2 (Line)
Info    : [ 20%] Meshing curve 3 (Line)
Info    : [ 30%] Meshing curve 4 (Line)
Info    : [ 40%] Meshing curve 6 (Line)
Info    : [ 50%] Meshing curve 7 (Line)
Info    : [ 60%] Meshing curve 8 (Line)
Info    : [ 60%] Meshing curve 9 (Line)
Info    : [ 70%] Meshing curve 11 (Line)
Info    : [ 80%] Meshing curve 12 (Line)
Info    : [ 90%] Meshing curve 16 (Line)
Info    : [100%] Meshing curve 20 (Line)
Info    : Done meshing 1D (Wall 0.000921965s, CPU 0s)
Info    : Meshing 2D...
Info    : [  0%] Meshing surface 1 (Plane, Frontal-Delaunay)
Info    : [ 20%] Meshing surface 13 (Surface, Frontal-Delaunay)
Info    : [ 40%] Meshing surface 17 (Surface, Frontal-Delaunay)
Info    : [ 60%] Meshing surface 21 (Surface, Frontal-Delaunay)
Info    : [ 70%] Meshing surface 25 (Surface, Frontal-Delaunay)
Info    : [ 90%] Meshing surface 26 (Plane, Frontal-Delaunay)
Info    : Done meshing 2D (Wall 0.0341172s, CPU 0.03125s)
Info    : Meshing 3D...
Info    : 3D Meshing 1 volume with 1 connected component
Info    : Tetrahedrizing 1790 nodes...
Info    : Done tetrahedrizing 1798 nodes (Wall 0.012167s, CPU 0s)
Info    : Reconstructing mesh...
Info    :  - Creating surface mesh
Info    :  - Identifying boundary edges
Info    :  - Recovering boundary
Info    : Done reconstructing mesh (Wall 0.0270832s, CPU 0.015625s)
Info    : Found volume 1
Info    : It. 0 - 0 nodes created - worst tet radius 2.53767 (nodes removed 0 0)
Info    : It. 500 - 500 nodes created - worst tet radius 1.20386 (nodes removed 0 0)
Info    : 3D refinement terminated (2778 nodes total):
Info    :  - 0 Delaunay cavities modified for star shapeness
Info    :  - 0 nodes could not be inserted
Info    :  - 11614 tetrahedra created in 0.0286143 sec. (405881 tets/s)
Info    : 0 node relocations
Info    : Done meshing 3D (Wall 0.0959921s, CPU 0.03125s)
Info    : Optimizing mesh...
Info    : Optimizing volume 1
Info    : Optimization starts (volume = 0.000181588) with worst = 0.013023 / average = 0.76243:
Info    : 0.00 < quality < 0.10 :        43 elements
Info    : 0.10 < quality < 0.20 :        77 elements
Info    : 0.20 < quality < 0.30 :       133 elements
Info    : 0.30 < quality < 0.40 :       224 elements
Info    : 0.40 < quality < 0.50 :       327 elements
Info    : 0.50 < quality < 0.60 :       621 elements
Info    : 0.60 < quality < 0.70 :      1500 elements
Info    : 0.70 < quality < 0.80 :      3095 elements
Info    : 0.80 < quality < 0.90 :      3730 elements
Info    : 0.90 < quality < 1.00 :      1864 elements
Info    : 248 edge swaps, 11 node relocations (volume = 0.000181588): worst = 0.0174286 / average = 0.77575 (Wall 0.00341082s, CPU 0s)
Info    : 255 edge swaps, 11 node relocations (volume = 0.000181588): worst = 0.301451 / average = 0.776023 (Wall 0.00411177s, CPU 0s)
Info    : No ill-shaped tets in the mesh :-)
Info    : 0.00 < quality < 0.10 :         0 elements
Info    : 0.10 < quality < 0.20 :         0 elements
Info    : 0.20 < quality < 0.30 :         0 elements
Info    : 0.30 < quality < 0.40 :       225 elements
Info    : 0.40 < quality < 0.50 :       300 elements
Info    : 0.50 < quality < 0.60 :       630 elements
Info    : 0.60 < quality < 0.70 :      1507 elements
Info    : 0.70 < quality < 0.80 :      3081 elements
Info    : 0.80 < quality < 0.90 :      3768 elements
Info    : 0.90 < quality < 1.00 :      1875 elements
Info    : Done optimizing mesh (Wall 0.0108869s, CPU 0s)
Info    : 2778 nodes 15192 elements
Info    : Writing 'E:\pythonGATH\outputs\mesh\ga_eval_0005_1773733921.msh'...
Info    : Done writing 'E:\pythonGATH\outputs\mesh\ga_eval_0005_1773733921.msh'
Info    : Stopped on Tue Mar 17 15:52:01 2026 (From start: Wall 0.159364s, CPU 0.0625s)
2026-03-17 15:52:01 | INFO | Mesh handoff metadata written to E:\pythonGATH\outputs\handoff\ga_eval_0005_1773733921_mesh_handoff.json
2026-03-17 15:52:01 | INFO | Mesh handoff: exists=True size=534035 wsl_readable=True wsl_path=/mnt/e/pythonGATH/outputs/mesh/ga_eval_0005_1773733921.msh
2026-03-17 15:52:10 | INFO | Real-mode WSL solver completed. first_run=4.313s repeated_avg=4.255049500003224
2026-03-17 15:52:10 | INFO | score case=ga_eval_0005_1773733921 J=7.5398 E_in=3.9266 E_out=15.8409 E_bw=4.5518 E_smooth=10.5910 E_eff=0.0125 E_mfg=0.0797
2026-03-17 15:52:10 | INFO | case=ga_eval_0005_1773733921 fitness=-7.539845 total_error=7.539845
2026-03-17 15:52:10 | INFO | case=ga_eval_0006_1773733930 candidate={"flare": 1.6374579361394086, "length": 0.32707776262922234, "mouth_radius": 0.12715421771424384, "throat_radius": 0.02}
2026-03-17 15:52:10 | INFO | ATH check command rc=0
2026-03-17 15:52:10 | INFO | ATH stdout: Ath V2025-06
Usage: ath <horn_definition_file>
2026-03-17 15:52:10 | INFO | Gmsh command rc=0
2026-03-17 15:52:10 | INFO | Gmsh stdout: Info    : Running 'C:\Users\UZAWAR\AppData\Local\Microsoft\WinGet\Packages\gmsh.gmsh_Microsoft.Winget.Source_8wekyb3d8bbwe\gmsh-4.13.1-Windows64\gmsh.EXE E:\pythonGATH\outputs\tmp\ga_eval_0006_1773733930.geo -3 -o E:\pythonGATH\outputs\mesh\ga_eval_0006_1773733930.msh' [Gmsh 4.13.1, 1 node, max. 1 thread]
Info    : Started on Tue Mar 17 15:52:10 2026
Info    : Reading 'E:\pythonGATH\outputs\tmp\ga_eval_0006_1773733930.geo'...
Info    : Done reading 'E:\pythonGATH\outputs\tmp\ga_eval_0006_1773733930.geo'
Info    : Meshing 1D...
Info    : [  0%] Meshing curve 1 (Line)
Info    : [ 10%] Meshing curve 2 (Line)
Info    : [ 20%] Meshing curve 3 (Line)
Info    : [ 30%] Meshing curve 4 (Line)
Info    : [ 40%] Meshing curve 6 (Line)
Info    : [ 50%] Meshing curve 7 (Line)
Info    : [ 60%] Meshing curve 8 (Line)
Info    : [ 60%] Meshing curve 9 (Line)
Info    : [ 70%] Meshing curve 11 (Line)
Info    : [ 80%] Meshing curve 12 (Line)
Info    : [ 90%] Meshing curve 16 (Line)
Info    : [100%] Meshing curve 20 (Line)
Info    : Done meshing 1D (Wall 0.000944853s, CPU 0s)
Info    : Meshing 2D...
Info    : [  0%] Meshing surface 1 (Plane, Frontal-Delaunay)
Info    : [ 20%] Meshing surface 13 (Surface, Frontal-Delaunay)
Info    : [ 40%] Meshing surface 17 (Surface, Frontal-Delaunay)
Info    : [ 60%] Meshing surface 21 (Surface, Frontal-Delaunay)
Info    : [ 70%] Meshing surface 25 (Surface, Frontal-Delaunay)
Info    : [ 90%] Meshing surface 26 (Plane, Frontal-Delaunay)
Info    : Done meshing 2D (Wall 0.012759s, CPU 0s)
Info    : Meshing 3D...
Info    : 3D Meshing 1 volume with 1 connected component
Info    : Tetrahedrizing 658 nodes...
Info    : Done tetrahedrizing 666 nodes (Wall 0.00421882s, CPU 0s)
Info    : Reconstructing mesh...
Info    :  - Creating surface mesh
Info    :  - Identifying boundary edges
Info    :  - Recovering boundary
Info    : Done reconstructing mesh (Wall 0.00947714s, CPU 0s)
Info    : Found volume 1
Info    : It. 0 - 0 nodes created - worst tet radius 1.13208 (nodes removed 0 0)
Info    : 3D refinement terminated (740 nodes total):
Info    :  - 0 Delaunay cavities modified for star shapeness
Info    :  - 0 nodes could not be inserted
Info    :  - 2273 tetrahedra created in 0.00239635 sec. (948527 tets/s)
Info    : 0 node relocations
Info    : Done meshing 3D (Wall 0.021502s, CPU 0s)
Info    : Optimizing mesh...
Info    : Optimizing volume 1
Info    : Optimization starts (volume = 0.000481308) with worst = 0.0233953 / average = 0.765583:
Info    : 0.00 < quality < 0.10 :        20 elements
Info    : 0.10 < quality < 0.20 :         8 elements
Info    : 0.20 < quality < 0.30 :        14 elements
Info    : 0.30 < quality < 0.40 :        25 elements
Info    : 0.40 < quality < 0.50 :        52 elements
Info    : 0.50 < quality < 0.60 :       179 elements
Info    : 0.60 < quality < 0.70 :       313 elements
Info    : 0.70 < quality < 0.80 :       476 elements
Info    : 0.80 < quality < 0.90 :       787 elements
Info    : 0.90 < quality < 1.00 :       399 elements
Info    : 41 edge swaps, 2 node relocations (volume = 0.000481308): worst = 0.0652761 / average = 0.776328 (Wall 0.00100398s, CPU 0s)
Info    : 43 edge swaps, 2 node relocations (volume = 0.000481308): worst = 0.302626 / average = 0.776932 (Wall 0.00121999s, CPU 0s)
Info    : No ill-shaped tets in the mesh :-)
Info    : 0.00 < quality < 0.10 :         0 elements
Info    : 0.10 < quality < 0.20 :         0 elements
Info    : 0.20 < quality < 0.30 :         0 elements
Info    : 0.30 < quality < 0.40 :        23 elements
Info    : 0.40 < quality < 0.50 :        52 elements
Info    : 0.50 < quality < 0.60 :       185 elements
Info    : 0.60 < quality < 0.70 :       315 elements
Info    : 0.70 < quality < 0.80 :       476 elements
Info    : 0.80 < quality < 0.90 :       785 elements
Info    : 0.90 < quality < 1.00 :       401 elements
Info    : Done optimizing mesh (Wall 0.00297999s, CPU 0s)
Info    : 740 nodes 3717 elements
Info    : Writing 'E:\pythonGATH\outputs\mesh\ga_eval_0006_1773733930.msh'...
Info    : Done writing 'E:\pythonGATH\outputs\mesh\ga_eval_0006_1773733930.msh'
Info    : Stopped on Tue Mar 17 15:52:10 2026 (From start: Wall 0.0451081s, CPU 0s)
2026-03-17 15:52:10 | INFO | Mesh handoff metadata written to E:\pythonGATH\outputs\handoff\ga_eval_0006_1773733930_mesh_handoff.json
2026-03-17 15:52:10 | INFO | Mesh handoff: exists=True size=113312 wsl_readable=True wsl_path=/mnt/e/pythonGATH/outputs/mesh/ga_eval_0006_1773733930.msh
2026-03-17 15:52:19 | INFO | Real-mode WSL solver completed. first_run=4.166s repeated_avg=4.224668000002566
2026-03-17 15:52:19 | INFO | score case=ga_eval_0006_1773733930 J=25.9426 E_in=32.6298 E_out=38.3922 E_bw=0.4353 E_smooth=26.0939 E_eff=0.0141 E_mfg=0.0478
2026-03-17 15:52:19 | INFO | case=ga_eval_0006_1773733930 fitness=-25.942643 total_error=25.942643
2026-03-17 15:52:19 | INFO | case=ga_eval_0007_1773733939 candidate={"flare": 2.0922204288488966, "length": 0.42758357353757415, "mouth_radius": 0.05227456588732136, "throat_radius": 0.02}
2026-03-17 15:52:19 | INFO | ATH check command rc=0
2026-03-17 15:52:19 | INFO | ATH stdout: Ath V2025-06
Usage: ath <horn_definition_file>
2026-03-17 15:52:19 | INFO | Gmsh command rc=0
2026-03-17 15:52:19 | INFO | Gmsh stdout: Info    : Running 'C:\Users\UZAWAR\AppData\Local\Microsoft\WinGet\Packages\gmsh.gmsh_Microsoft.Winget.Source_8wekyb3d8bbwe\gmsh-4.13.1-Windows64\gmsh.EXE E:\pythonGATH\outputs\tmp\ga_eval_0007_1773733939.geo -3 -o E:\pythonGATH\outputs\mesh\ga_eval_0007_1773733939.msh' [Gmsh 4.13.1, 1 node, max. 1 thread]
Info    : Started on Tue Mar 17 15:52:19 2026
Info    : Reading 'E:\pythonGATH\outputs\tmp\ga_eval_0007_1773733939.geo'...
Info    : Done reading 'E:\pythonGATH\outputs\tmp\ga_eval_0007_1773733939.geo'
Info    : Meshing 1D...
Info    : [  0%] Meshing curve 1 (Line)
Info    : [ 10%] Meshing curve 2 (Line)
Info    : [ 20%] Meshing curve 3 (Line)
Info    : [ 30%] Meshing curve 4 (Line)
Info    : [ 40%] Meshing curve 6 (Line)
Info    : [ 50%] Meshing curve 7 (Line)
Info    : [ 60%] Meshing curve 8 (Line)
Info    : [ 60%] Meshing curve 9 (Line)
Info    : [ 70%] Meshing curve 11 (Line)
Info    : [ 80%] Meshing curve 12 (Line)
Info    : [ 90%] Meshing curve 16 (Line)
Info    : [100%] Meshing curve 20 (Line)
Info    : Done meshing 1D (Wall 0.000930071s, CPU 0s)
Info    : Meshing 2D...
Info    : [  0%] Meshing surface 1 (Plane, Frontal-Delaunay)
Info    : [ 20%] Meshing surface 13 (Surface, Frontal-Delaunay)
Info    : [ 40%] Meshing surface 17 (Surface, Frontal-Delaunay)
Info    : [ 60%] Meshing surface 21 (Surface, Frontal-Delaunay)
Info    : [ 70%] Meshing surface 25 (Surface, Frontal-Delaunay)
Info    : [ 90%] Meshing surface 26 (Plane, Frontal-Delaunay)
Info    : Done meshing 2D (Wall 0.00674796s, CPU 0s)
Info    : Meshing 3D...
Info    : 3D Meshing 1 volume with 1 connected component
Info    : Tetrahedrizing 341 nodes...
Info    : Done tetrahedrizing 349 nodes (Wall 0.00222492s, CPU 0s)
Info    : Reconstructing mesh...
Info    :  - Creating surface mesh
Info    :  - Identifying boundary edges
Info    :  - Recovering boundary
Info    : Done reconstructing mesh (Wall 0.00494123s, CPU 0s)
Info    : Found volume 1
Info    : It. 0 - 0 nodes created - worst tet radius 0.947306 (nodes removed 0 0)
Info    : 3D refinement terminated (341 nodes total):
Info    :  - 0 Delaunay cavities modified for star shapeness
Info    :  - 0 nodes could not be inserted
Info    :  - 821 tetrahedra created in 7.51019e-05 sec. (10931820 tets/s)
Info    : 0 node relocations
Info    : Done meshing 3D (Wall 0.00936508s, CPU 0s)
Info    : Optimizing mesh...
Info    : Optimizing volume 1
Info    : Optimization starts (volume = 0.000309036) with worst = 0.0124943 / average = 0.727423:
Info    : 0.00 < quality < 0.10 :         4 elements
Info    : 0.10 < quality < 0.20 :         3 elements
Info    : 0.20 < quality < 0.30 :         0 elements
Info    : 0.30 < quality < 0.40 :         2 elements
Info    : 0.40 < quality < 0.50 :         6 elements
Info    : 0.50 < quality < 0.60 :        42 elements
Info    : 0.60 < quality < 0.70 :       347 elements
Info    : 0.70 < quality < 0.80 :       251 elements
Info    : 0.80 < quality < 0.90 :        45 elements
Info    : 0.90 < quality < 1.00 :       121 elements
Info    : 7 edge swaps, 0 node relocations (volume = 0.000309036): worst = 0.303587 / average = 0.733452 (Wall 0.000658035s, CPU 0s)
Info    : No ill-shaped tets in the mesh :-)
Info    : 0.00 < quality < 0.10 :         0 elements
Info    : 0.10 < quality < 0.20 :         0 elements
Info    : 0.20 < quality < 0.30 :         0 elements
Info    : 0.30 < quality < 0.40 :         2 elements
Info    : 0.40 < quality < 0.50 :         6 elements
Info    : 0.50 < quality < 0.60 :        40 elements
Info    : 0.60 < quality < 0.70 :       347 elements
Info    : 0.70 < quality < 0.80 :       253 elements
Info    : 0.80 < quality < 0.90 :        45 elements
Info    : 0.90 < quality < 1.00 :       121 elements
Info    : Done optimizing mesh (Wall 0.00172591s, CPU 0s)
Info    : 341 nodes 1642 elements
Info    : Writing 'E:\pythonGATH\outputs\mesh\ga_eval_0007_1773733939.msh'...
Info    : Done writing 'E:\pythonGATH\outputs\mesh\ga_eval_0007_1773733939.msh'
Info    : Stopped on Tue Mar 17 15:52:19 2026 (From start: Wall 0.0237999s, CPU 0s)
2026-03-17 15:52:19 | INFO | Mesh handoff metadata written to E:\pythonGATH\outputs\handoff\ga_eval_0007_1773733939_mesh_handoff.json
2026-03-17 15:52:19 | INFO | Mesh handoff: exists=True size=48161 wsl_readable=True wsl_path=/mnt/e/pythonGATH/outputs/mesh/ga_eval_0007_1773733939.msh
2026-03-17 15:52:28 | INFO | Real-mode WSL solver completed. first_run=4.259s repeated_avg=4.288470400002552
2026-03-17 15:52:28 | INFO | score case=ga_eval_0007_1773733939 J=38.6823 E_in=50.2907 E_out=41.7821 E_bw=29.8755 E_smooth=30.2324 E_eff=0.5693 E_mfg=0.1990
2026-03-17 15:52:28 | INFO | case=ga_eval_0007_1773733939 fitness=-38.682289 total_error=38.682289
2026-03-17 15:52:28 | INFO | case=ga_eval_0008_1773733948 candidate={"flare": 0.7265069496047413, "length": 0.3852929700955262, "mouth_radius": 0.16908768078129716, "throat_radius": 0.02}
2026-03-17 15:52:28 | INFO | ATH check command rc=0
2026-03-17 15:52:28 | INFO | ATH stdout: Ath V2025-06
Usage: ath <horn_definition_file>
2026-03-17 15:52:28 | INFO | Gmsh command rc=0
2026-03-17 15:52:28 | INFO | Gmsh stdout: Info    : Running 'C:\Users\UZAWAR\AppData\Local\Microsoft\WinGet\Packages\gmsh.gmsh_Microsoft.Winget.Source_8wekyb3d8bbwe\gmsh-4.13.1-Windows64\gmsh.EXE E:\pythonGATH\outputs\tmp\ga_eval_0008_1773733948.geo -3 -o E:\pythonGATH\outputs\mesh\ga_eval_0008_1773733948.msh' [Gmsh 4.13.1, 1 node, max. 1 thread]
Info    : Started on Tue Mar 17 15:52:28 2026
Info    : Reading 'E:\pythonGATH\outputs\tmp\ga_eval_0008_1773733948.geo'...
Info    : Done reading 'E:\pythonGATH\outputs\tmp\ga_eval_0008_1773733948.geo'
Info    : Meshing 1D...
Info    : [  0%] Meshing curve 1 (Line)
Info    : [ 10%] Meshing curve 2 (Line)
Info    : [ 20%] Meshing curve 3 (Line)
Info    : [ 30%] Meshing curve 4 (Line)
Info    : [ 40%] Meshing curve 6 (Line)
Info    : [ 50%] Meshing curve 7 (Line)
Info    : [ 60%] Meshing curve 8 (Line)
Info    : [ 60%] Meshing curve 9 (Line)
Info    : [ 70%] Meshing curve 11 (Line)
Info    : [ 80%] Meshing curve 12 (Line)
Info    : [ 90%] Meshing curve 16 (Line)
Info    : [100%] Meshing curve 20 (Line)
Info    : Done meshing 1D (Wall 0.00111318s, CPU 0s)
Info    : Meshing 2D...
Info    : [  0%] Meshing surface 1 (Plane, Frontal-Delaunay)
Info    : [ 20%] Meshing surface 13 (Surface, Frontal-Delaunay)
Info    : [ 40%] Meshing surface 17 (Surface, Frontal-Delaunay)
Info    : [ 60%] Meshing surface 21 (Surface, Frontal-Delaunay)
Info    : [ 70%] Meshing surface 25 (Surface, Frontal-Delaunay)
Info    : [ 90%] Meshing surface 26 (Plane, Frontal-Delaunay)
Info    : Done meshing 2D (Wall 0.0140188s, CPU 0s)
Info    : Meshing 3D...
Info    : 3D Meshing 1 volume with 1 connected component
Info    : Tetrahedrizing 730 nodes...
Info    : Done tetrahedrizing 738 nodes (Wall 0.00456977s, CPU 0s)
Info    : Reconstructing mesh...
Info    :  - Creating surface mesh
Info    :  - Identifying boundary edges
Info    :  - Recovering boundary
Info    :  - Added 2 Steiner points
Info    : Done reconstructing mesh (Wall 0.0119081s, CPU 0s)
Info    : Found volume 1
Info    : It. 0 - 0 nodes created - worst tet radius 1.77898 (nodes removed 0 0)
Info    : 3D refinement terminated (732 nodes total):
Info    :  - 0 Delaunay cavities modified for star shapeness
Info    :  - 12 nodes could not be inserted
Info    :  - 1978 tetrahedra created in 0.000103235 sec. (19160123 tets/s)
Info    : 4 node relocations
Info    : Done meshing 3D (Wall 0.0223141s, CPU 0s)
Info    : Optimizing mesh...
Info    : Optimizing volume 1
Info    : Optimization starts (volume = 0.000728543) with worst = 0.0139978 / average = 0.684522:
Info    : 0.00 < quality < 0.10 :        14 elements
Info    : 0.10 < quality < 0.20 :         6 elements
Info    : 0.20 < quality < 0.30 :        15 elements
Info    : 0.30 < quality < 0.40 :         2 elements
Info    : 0.40 < quality < 0.50 :        17 elements
Info    : 0.50 < quality < 0.60 :       167 elements
Info    : 0.60 < quality < 0.70 :       901 elements
Info    : 0.70 < quality < 0.80 :       687 elements
Info    : 0.80 < quality < 0.90 :        22 elements
Info    : 0.90 < quality < 1.00 :       147 elements
Info    : 29 edge swaps, 0 node relocations (volume = 0.000728543): worst = 0.31955 / average = 0.694394 (Wall 0.000938892s, CPU 0s)
Info    : No ill-shaped tets in the mesh :-)
Info    : 0.00 < quality < 0.10 :         0 elements
Info    : 0.10 < quality < 0.20 :         0 elements
Info    : 0.20 < quality < 0.30 :         0 elements
Info    : 0.30 < quality < 0.40 :         2 elements
Info    : 0.40 < quality < 0.50 :        19 elements
Info    : 0.50 < quality < 0.60 :       180 elements
Info    : 0.60 < quality < 0.70 :       891 elements
Info    : 0.70 < quality < 0.80 :       690 elements
Info    : 0.80 < quality < 0.90 :        28 elements
Info    : 0.90 < quality < 1.00 :       147 elements
Info    : Done optimizing mesh (Wall 0.00278878s, CPU 0s)
Info    : 732 nodes 3587 elements
Info    : Writing 'E:\pythonGATH\outputs\mesh\ga_eval_0008_1773733948.msh'...
Info    : Done writing 'E:\pythonGATH\outputs\mesh\ga_eval_0008_1773733948.msh'
Info    : Stopped on Tue Mar 17 15:52:28 2026 (From start: Wall 0.0468259s, CPU 0s)
2026-03-17 15:52:28 | INFO | Mesh handoff metadata written to E:\pythonGATH\outputs\handoff\ga_eval_0008_1773733948_mesh_handoff.json
2026-03-17 15:52:28 | INFO | Mesh handoff: exists=True size=108236 wsl_readable=True wsl_path=/mnt/e/pythonGATH/outputs/mesh/ga_eval_0008_1773733948.msh
2026-03-17 15:52:37 | INFO | Real-mode WSL solver completed. first_run=4.252s repeated_avg=4.327600099997653
2026-03-17 15:52:37 | INFO | score case=ga_eval_0008_1773733948 J=65.5686 E_in=46.4948 E_out=64.3868 E_bw=172.0184 E_smooth=36.8357 E_eff=0.1461 E_mfg=0.0560
2026-03-17 15:52:37 | INFO | case=ga_eval_0008_1773733948 fitness=-65.568607 total_error=65.568607
2026-03-17 15:52:37 | INFO | case=ga_eval_0009_1773733957 candidate={"flare": 0.5947662710983106, "length": 0.48374096743857686, "mouth_radius": 0.16780809078941938, "throat_radius": 0.02}
2026-03-17 15:52:37 | INFO | ATH check command rc=0
2026-03-17 15:52:37 | INFO | ATH stdout: Ath V2025-06
Usage: ath <horn_definition_file>
2026-03-17 15:52:37 | INFO | Gmsh command rc=0
2026-03-17 15:52:37 | INFO | Gmsh stdout: Info    : Running 'C:\Users\UZAWAR\AppData\Local\Microsoft\WinGet\Packages\gmsh.gmsh_Microsoft.Winget.Source_8wekyb3d8bbwe\gmsh-4.13.1-Windows64\gmsh.EXE E:\pythonGATH\outputs\tmp\ga_eval_0009_1773733957.geo -3 -o E:\pythonGATH\outputs\mesh\ga_eval_0009_1773733957.msh' [Gmsh 4.13.1, 1 node, max. 1 thread]
Info    : Started on Tue Mar 17 15:52:37 2026
Info    : Reading 'E:\pythonGATH\outputs\tmp\ga_eval_0009_1773733957.geo'...
Info    : Done reading 'E:\pythonGATH\outputs\tmp\ga_eval_0009_1773733957.geo'
Info    : Meshing 1D...
Info    : [  0%] Meshing curve 1 (Line)
Info    : [ 10%] Meshing curve 2 (Line)
Info    : [ 20%] Meshing curve 3 (Line)
Info    : [ 30%] Meshing curve 4 (Line)
Info    : [ 40%] Meshing curve 6 (Line)
Info    : [ 50%] Meshing curve 7 (Line)
Info    : [ 60%] Meshing curve 8 (Line)
Info    : [ 60%] Meshing curve 9 (Line)
Info    : [ 70%] Meshing curve 11 (Line)
Info    : [ 80%] Meshing curve 12 (Line)
Info    : [ 90%] Meshing curve 16 (Line)
Info    : [100%] Meshing curve 20 (Line)
Info    : Done meshing 1D (Wall 0.000923872s, CPU 0s)
Info    : Meshing 2D...
Info    : [  0%] Meshing surface 1 (Plane, Frontal-Delaunay)
Info    : [ 20%] Meshing surface 13 (Surface, Frontal-Delaunay)
Info    : [ 40%] Meshing surface 17 (Surface, Frontal-Delaunay)
Info    : [ 60%] Meshing surface 21 (Surface, Frontal-Delaunay)
Info    : [ 70%] Meshing surface 25 (Surface, Frontal-Delaunay)
Info    : [ 90%] Meshing surface 26 (Plane, Frontal-Delaunay)
Info    : Done meshing 2D (Wall 0.0113342s, CPU 0s)
Info    : Meshing 3D...
Info    : 3D Meshing 1 volume with 1 connected component
Info    : Tetrahedrizing 597 nodes...
Info    : Done tetrahedrizing 605 nodes (Wall 0.00416207s, CPU 0s)
Info    : Reconstructing mesh...
Info    :  - Creating surface mesh
Info    :  - Identifying boundary edges
Info    :  - Recovering boundary
Info    :  - Added 3 Steiner points
Info    : Done reconstructing mesh (Wall 0.0118759s, CPU 0s)
Info    : Found volume 1
Info    : It. 0 - 0 nodes created - worst tet radius 1.56903 (nodes removed 0 0)
Info    : 3D refinement terminated (608 nodes total):
Info    :  - 0 Delaunay cavities modified for star shapeness
Info    :  - 2 nodes could not be inserted
Info    :  - 1630 tetrahedra created in 0.000254154 sec. (6413429 tets/s)
Info    : 1 node relocations
Info    : Done meshing 3D (Wall 0.020278s, CPU 0s)
Info    : Optimizing mesh...
Info    : Optimizing volume 1
Info    : Optimization starts (volume = 0.000908504) with worst = 0.016653 / average = 0.73834:
Info    : 0.00 < quality < 0.10 :         2 elements
Info    : 0.10 < quality < 0.20 :         6 elements
Info    : 0.20 < quality < 0.30 :         3 elements
Info    : 0.30 < quality < 0.40 :         5 elements
Info    : 0.40 < quality < 0.50 :        10 elements
Info    : 0.50 < quality < 0.60 :        40 elements
Info    : 0.60 < quality < 0.70 :       508 elements
Info    : 0.70 < quality < 0.80 :       727 elements
Info    : 0.80 < quality < 0.90 :       186 elements
Info    : 0.90 < quality < 1.00 :       143 elements
Info    : 10 edge swaps, 0 node relocations (volume = 0.000908504): worst = 0.268697 / average = 0.742453 (Wall 0.000847101s, CPU 0s)
Info    : 11 edge swaps, 0 node relocations (volume = 0.000908504): worst = 0.31449 / average = 0.74258 (Wall 0.00102496s, CPU 0s)
Info    : No ill-shaped tets in the mesh :-)
Info    : 0.00 < quality < 0.10 :         0 elements
Info    : 0.10 < quality < 0.20 :         0 elements
Info    : 0.20 < quality < 0.30 :         0 elements
Info    : 0.30 < quality < 0.40 :         5 elements
Info    : 0.40 < quality < 0.50 :        11 elements
Info    : 0.50 < quality < 0.60 :        36 elements
Info    : 0.60 < quality < 0.70 :       509 elements
Info    : 0.70 < quality < 0.80 :       731 elements
Info    : 0.80 < quality < 0.90 :       186 elements
Info    : 0.90 < quality < 1.00 :       143 elements
Info    : Done optimizing mesh (Wall 0.00248504s, CPU 0s)
Info    : 608 nodes 2977 elements
Info    : Writing 'E:\pythonGATH\outputs\mesh\ga_eval_0009_1773733957.msh'...
Info    : Done writing 'E:\pythonGATH\outputs\mesh\ga_eval_0009_1773733957.msh'
Info    : Stopped on Tue Mar 17 15:52:37 2026 (From start: Wall 0.0411642s, CPU 0s)
2026-03-17 15:52:37 | INFO | Mesh handoff metadata written to E:\pythonGATH\outputs\handoff\ga_eval_0009_1773733957_mesh_handoff.json
2026-03-17 15:52:37 | INFO | Mesh handoff: exists=True size=89535 wsl_readable=True wsl_path=/mnt/e/pythonGATH/outputs/mesh/ga_eval_0009_1773733957.msh
2026-03-17 15:52:46 | INFO | Real-mode WSL solver completed. first_run=4.259s repeated_avg=4.29265480000322
2026-03-17 15:52:46 | INFO | score case=ga_eval_0009_1773733957 J=89.1307 E_in=67.0543 E_out=82.3027 E_bw=235.5250 E_smooth=45.5449 E_eff=0.1517 E_mfg=0.0916
2026-03-17 15:52:46 | INFO | case=ga_eval_0009_1773733957 fitness=-89.130714 total_error=89.130714
2026-03-17 15:52:46 | INFO | case=ga_eval_0010_1773733966 candidate={"flare": 1.6678246658704712, "length": 0.15675222319671633, "mouth_radius": 0.34662302822161095, "throat_radius": 0.02}
2026-03-17 15:52:46 | INFO | ATH check command rc=0
2026-03-17 15:52:46 | INFO | ATH stdout: Ath V2025-06
Usage: ath <horn_definition_file>
2026-03-17 15:52:47 | INFO | Gmsh command rc=0
2026-03-17 15:52:47 | INFO | Gmsh stdout: Info    : Running 'C:\Users\UZAWAR\AppData\Local\Microsoft\WinGet\Packages\gmsh.gmsh_Microsoft.Winget.Source_8wekyb3d8bbwe\gmsh-4.13.1-Windows64\gmsh.EXE E:\pythonGATH\outputs\tmp\ga_eval_0010_1773733966.geo -3 -o E:\pythonGATH\outputs\mesh\ga_eval_0010_1773733966.msh' [Gmsh 4.13.1, 1 node, max. 1 thread]
Info    : Started on Tue Mar 17 15:52:46 2026
Info    : Reading 'E:\pythonGATH\outputs\tmp\ga_eval_0010_1773733966.geo'...
Info    : Done reading 'E:\pythonGATH\outputs\tmp\ga_eval_0010_1773733966.geo'
Info    : Meshing 1D...
Info    : [  0%] Meshing curve 1 (Line)
Info    : [ 10%] Meshing curve 2 (Line)
Info    : [ 20%] Meshing curve 3 (Line)
Info    : [ 30%] Meshing curve 4 (Line)
Info    : [ 40%] Meshing curve 6 (Line)
Info    : [ 50%] Meshing curve 7 (Line)
Info    : [ 60%] Meshing curve 8 (Line)
Info    : [ 60%] Meshing curve 9 (Line)
Info    : [ 70%] Meshing curve 11 (Line)
Info    : [ 80%] Meshing curve 12 (Line)
Info    : [ 90%] Meshing curve 16 (Line)
Info    : [100%] Meshing curve 20 (Line)
Info    : Done meshing 1D (Wall 0.000947952s, CPU 0s)
Info    : Meshing 2D...
Info    : [  0%] Meshing surface 1 (Plane, Frontal-Delaunay)
Info    : [ 20%] Meshing surface 13 (Surface, Frontal-Delaunay)
Info    : [ 40%] Meshing surface 17 (Surface, Frontal-Delaunay)
Info    : [ 60%] Meshing surface 21 (Surface, Frontal-Delaunay)
Info    : [ 70%] Meshing surface 25 (Surface, Frontal-Delaunay)
Info    : [ 90%] Meshing surface 26 (Plane, Frontal-Delaunay)
Info    : Done meshing 2D (Wall 0.0662463s, CPU 0.046875s)
Info    : Meshing 3D...
Info    : 3D Meshing 1 volume with 1 connected component
Info    : Tetrahedrizing 3311 nodes...
Info    : Done tetrahedrizing 3319 nodes (Wall 0.0220301s, CPU 0.046875s)
Info    : Reconstructing mesh...
Info    :  - Creating surface mesh
Info    :  - Identifying boundary edges
Info    :  - Recovering boundary
Info    :  - Added 1 Steiner point
Info    : Done reconstructing mesh (Wall 0.0673039s, CPU 0.078125s)
Info    : Found volume 1
Info    : It. 0 - 0 nodes created - worst tet radius 5.81241 (nodes removed 0 0)
Info    : It. 500 - 490 nodes created - worst tet radius 1.33803 (nodes removed 0 10)
Info    : It. 1000 - 990 nodes created - worst tet radius 1.16628 (nodes removed 0 10)
Info    : It. 1500 - 1490 nodes created - worst tet radius 1.03104 (nodes removed 0 10)
Info    : 3D refinement terminated (4961 nodes total):
Info    :  - 2 Delaunay cavities modified for star shapeness
Info    :  - 10 nodes could not be inserted
Info    :  - 20141 tetrahedra created in 0.0515692 sec. (390562 tets/s)
Info    : 0 node relocations
Info    : Done meshing 3D (Wall 0.193637s, CPU 0.15625s)
Info    : Optimizing mesh...
Info    : Optimizing volume 1
Info    : Optimization starts (volume = 0.000574689) with worst = 0.0231772 / average = 0.776112:
Info    : 0.00 < quality < 0.10 :        48 elements
Info    : 0.10 < quality < 0.20 :       139 elements
Info    : 0.20 < quality < 0.30 :       222 elements
Info    : 0.30 < quality < 0.40 :       317 elements
Info    : 0.40 < quality < 0.50 :       475 elements
Info    : 0.50 < quality < 0.60 :       912 elements
Info    : 0.60 < quality < 0.70 :      2339 elements
Info    : 0.70 < quality < 0.80 :      4943 elements
Info    : 0.80 < quality < 0.90 :      7112 elements
Info    : 0.90 < quality < 1.00 :      3634 elements
Info    : 401 edge swaps, 7 node relocations (volume = 0.000574689): worst = 0.149089 / average = 0.788863 (Wall 0.00509906s, CPU 0s)
Info    : 406 edge swaps, 7 node relocations (volume = 0.000574689): worst = 0.149089 / average = 0.78899 (Wall 0.00616407s, CPU 0s)
Info    : No ill-shaped tets in the mesh :-)
Info    : 0.00 < quality < 0.10 :         0 elements
Info    : 0.10 < quality < 0.20 :         3 elements
Info    : 0.20 < quality < 0.30 :         0 elements
Info    : 0.30 < quality < 0.40 :       313 elements
Info    : 0.40 < quality < 0.50 :       450 elements
Info    : 0.50 < quality < 0.60 :       882 elements
Info    : 0.60 < quality < 0.70 :      2332 elements
Info    : 0.70 < quality < 0.80 :      4982 elements
Info    : 0.80 < quality < 0.90 :      7175 elements
Info    : 0.90 < quality < 1.00 :      3636 elements
Info    : Done optimizing mesh (Wall 0.017216s, CPU 0.015625s)
Info    : 4960 nodes 26759 elements
Info    : Writing 'E:\pythonGATH\outputs\mesh\ga_eval_0010_1773733966.msh'...
Info    : Done writing 'E:\pythonGATH\outputs\mesh\ga_eval_0010_1773733966.msh'
Info    : Stopped on Tue Mar 17 15:52:46 2026 (From start: Wall 0.306923s, CPU 0.21875s)
2026-03-17 15:52:47 | INFO | Mesh handoff metadata written to E:\pythonGATH\outputs\handoff\ga_eval_0010_1773733966_mesh_handoff.json
2026-03-17 15:52:47 | INFO | Mesh handoff: exists=True size=958865 wsl_readable=True wsl_path=/mnt/e/pythonGATH/outputs/mesh/ga_eval_0010_1773733966.msh
2026-03-17 15:52:56 | INFO | Real-mode WSL solver completed. first_run=4.292s repeated_avg=4.3996549999938
2026-03-17 15:52:56 | INFO | score case=ga_eval_0010_1773733966 J=11.2495 E_in=6.4018 E_out=19.4386 E_bw=1.0435 E_smooth=12.9938 E_eff=0.2025 E_mfg=40.8166
2026-03-17 15:52:56 | INFO | case=ga_eval_0010_1773733966 fitness=-11.249458 total_error=11.249458
2026-03-17 15:52:56 | INFO | case=ga_eval_0011_1773733976 candidate={"flare": 1.5260789920548716, "length": 0.4267087438442645, "mouth_radius": 0.3054061253428363, "throat_radius": 0.02}
2026-03-17 15:52:56 | INFO | ATH check command rc=0
2026-03-17 15:52:56 | INFO | ATH stdout: Ath V2025-06
Usage: ath <horn_definition_file>
2026-03-17 15:52:56 | INFO | Gmsh command rc=0
2026-03-17 15:52:56 | INFO | Gmsh stdout: Info    : Running 'C:\Users\UZAWAR\AppData\Local\Microsoft\WinGet\Packages\gmsh.gmsh_Microsoft.Winget.Source_8wekyb3d8bbwe\gmsh-4.13.1-Windows64\gmsh.EXE E:\pythonGATH\outputs\tmp\ga_eval_0011_1773733976.geo -3 -o E:\pythonGATH\outputs\mesh\ga_eval_0011_1773733976.msh' [Gmsh 4.13.1, 1 node, max. 1 thread]
Info    : Started on Tue Mar 17 15:52:56 2026
Info    : Reading 'E:\pythonGATH\outputs\tmp\ga_eval_0011_1773733976.geo'...
Info    : Done reading 'E:\pythonGATH\outputs\tmp\ga_eval_0011_1773733976.geo'
Info    : Meshing 1D...
Info    : [  0%] Meshing curve 1 (Line)
Info    : [ 10%] Meshing curve 2 (Line)
Info    : [ 20%] Meshing curve 3 (Line)
Info    : [ 30%] Meshing curve 4 (Line)
Info    : [ 40%] Meshing curve 6 (Line)
Info    : [ 50%] Meshing curve 7 (Line)
Info    : [ 60%] Meshing curve 8 (Line)
Info    : [ 60%] Meshing curve 9 (Line)
Info    : [ 70%] Meshing curve 11 (Line)
Info    : [ 80%] Meshing curve 12 (Line)
Info    : [ 90%] Meshing curve 16 (Line)
Info    : [100%] Meshing curve 20 (Line)
Info    : Done meshing 1D (Wall 0.000895977s, CPU 0s)
Info    : Meshing 2D...
Info    : [  0%] Meshing surface 1 (Plane, Frontal-Delaunay)
Info    : [ 20%] Meshing surface 13 (Surface, Frontal-Delaunay)
Info    : [ 40%] Meshing surface 17 (Surface, Frontal-Delaunay)
Info    : [ 60%] Meshing surface 21 (Surface, Frontal-Delaunay)
Info    : [ 70%] Meshing surface 25 (Surface, Frontal-Delaunay)
Info    : [ 90%] Meshing surface 26 (Plane, Frontal-Delaunay)
Info    : Done meshing 2D (Wall 0.0200939s, CPU 0s)
Info    : Meshing 3D...
Info    : 3D Meshing 1 volume with 1 connected component
Info    : Tetrahedrizing 1043 nodes...
Info    : Done tetrahedrizing 1051 nodes (Wall 0.00757313s, CPU 0s)
Info    : Reconstructing mesh...
Info    :  - Creating surface mesh
Info    :  - Identifying boundary edges
Info    :  - Recovering boundary
Info    :  - Added 3 Steiner points
Info    : Done reconstructing mesh (Wall 0.019053s, CPU 0s)
Info    : Found volume 1
Info    : It. 0 - 0 nodes created - worst tet radius 1.52913 (nodes removed 0 0)
Info    : 3D refinement terminated (1053 nodes total):
Info    :  - 0 Delaunay cavities modified for star shapeness
Info    :  - 4 nodes could not be inserted
Info    :  - 2929 tetrahedra created in 0.000311136 sec. (9413882 tets/s)
Info    : 1 node relocations
Info    : Done meshing 3D (Wall 0.0346298s, CPU 0s)
Info    : Optimizing mesh...
Info    : Optimizing volume 1
Info    : Optimization starts (volume = 0.00138854) with worst = 0.0322775 / average = 0.714767:
Info    : 0.00 < quality < 0.10 :         7 elements
Info    : 0.10 < quality < 0.20 :         6 elements
Info    : 0.20 < quality < 0.30 :         7 elements
Info    : 0.30 < quality < 0.40 :         4 elements
Info    : 0.40 < quality < 0.50 :        14 elements
Info    : 0.50 < quality < 0.60 :       118 elements
Info    : 0.60 < quality < 0.70 :      1102 elements
Info    : 0.70 < quality < 0.80 :      1371 elements
Info    : 0.80 < quality < 0.90 :       102 elements
Info    : 0.90 < quality < 1.00 :       198 elements
Info    : 20 edge swaps, 0 node relocations (volume = 0.00138854): worst = 0.385842 / average = 0.719325 (Wall 0.000861168s, CPU 0s)
Info    : No ill-shaped tets in the mesh :-)
Info    : 0.00 < quality < 0.10 :         0 elements
Info    : 0.10 < quality < 0.20 :         0 elements
Info    : 0.20 < quality < 0.30 :         0 elements
Info    : 0.30 < quality < 0.40 :         4 elements
Info    : 0.40 < quality < 0.50 :        13 elements
Info    : 0.50 < quality < 0.60 :       113 elements
Info    : 0.60 < quality < 0.70 :      1096 elements
Info    : 0.70 < quality < 0.80 :      1381 elements
Info    : 0.80 < quality < 0.90 :       103 elements
Info    : 0.90 < quality < 1.00 :       199 elements
Info    : Done optimizing mesh (Wall 0.00312281s, CPU 0s)
Info    : 1053 nodes 5189 elements
Info    : Writing 'E:\pythonGATH\outputs\mesh\ga_eval_0011_1773733976.msh'...
Info    : Done writing 'E:\pythonGATH\outputs\mesh\ga_eval_0011_1773733976.msh'
Info    : Stopped on Tue Mar 17 15:52:56 2026 (From start: Wall 0.0668001s, CPU 0s)
2026-03-17 15:52:56 | INFO | Mesh handoff metadata written to E:\pythonGATH\outputs\handoff\ga_eval_0011_1773733976_mesh_handoff.json
2026-03-17 15:52:56 | INFO | Mesh handoff: exists=True size=158671 wsl_readable=True wsl_path=/mnt/e/pythonGATH/outputs/mesh/ga_eval_0011_1773733976.msh
2026-03-17 15:53:05 | INFO | Real-mode WSL solver completed. first_run=4.375s repeated_avg=4.209976899997855
2026-03-17 15:53:05 | INFO | score case=ga_eval_0011_1773733976 J=38.2228 E_in=51.9943 E_out=51.3025 E_bw=0.5271 E_smooth=34.1126 E_eff=0.2025 E_mfg=4.7889
2026-03-17 15:53:05 | INFO | case=ga_eval_0011_1773733976 fitness=-38.222754 total_error=38.222754
2026-03-17 15:53:05 | INFO | case=ga_eval_0012_1773733985 candidate={"flare": 1.5592853256737769, "length": 0.48978399031216086, "mouth_radius": 0.1824870320229237, "throat_radius": 0.02}
2026-03-17 15:53:05 | INFO | ATH check command rc=0
2026-03-17 15:53:05 | INFO | ATH stdout: Ath V2025-06
Usage: ath <horn_definition_file>
2026-03-17 15:53:05 | INFO | Gmsh command rc=0
2026-03-17 15:53:05 | INFO | Gmsh stdout: Info    : Running 'C:\Users\UZAWAR\AppData\Local\Microsoft\WinGet\Packages\gmsh.gmsh_Microsoft.Winget.Source_8wekyb3d8bbwe\gmsh-4.13.1-Windows64\gmsh.EXE E:\pythonGATH\outputs\tmp\ga_eval_0012_1773733985.geo -3 -o E:\pythonGATH\outputs\mesh\ga_eval_0012_1773733985.msh' [Gmsh 4.13.1, 1 node, max. 1 thread]
Info    : Started on Tue Mar 17 15:53:05 2026
Info    : Reading 'E:\pythonGATH\outputs\tmp\ga_eval_0012_1773733985.geo'...
Info    : Done reading 'E:\pythonGATH\outputs\tmp\ga_eval_0012_1773733985.geo'
Info    : Meshing 1D...
Info    : [  0%] Meshing curve 1 (Line)
Info    : [ 10%] Meshing curve 2 (Line)
Info    : [ 20%] Meshing curve 3 (Line)
Info    : [ 30%] Meshing curve 4 (Line)
Info    : [ 40%] Meshing curve 6 (Line)
Info    : [ 50%] Meshing curve 7 (Line)
Info    : [ 60%] Meshing curve 8 (Line)
Info    : [ 60%] Meshing curve 9 (Line)
Info    : [ 70%] Meshing curve 11 (Line)
Info    : [ 80%] Meshing curve 12 (Line)
Info    : [ 90%] Meshing curve 16 (Line)
Info    : [100%] Meshing curve 20 (Line)
Info    : Done meshing 1D (Wall 0.000903845s, CPU 0s)
Info    : Meshing 2D...
Info    : [  0%] Meshing surface 1 (Plane, Frontal-Delaunay)
Info    : [ 20%] Meshing surface 13 (Surface, Frontal-Delaunay)
Info    : [ 40%] Meshing surface 17 (Surface, Frontal-Delaunay)
Info    : [ 60%] Meshing surface 21 (Surface, Frontal-Delaunay)
Info    : [ 70%] Meshing surface 25 (Surface, Frontal-Delaunay)
Info    : [ 90%] Meshing surface 26 (Plane, Frontal-Delaunay)
Info    : Done meshing 2D (Wall 0.0121381s, CPU 0s)
Info    : Meshing 3D...
Info    : 3D Meshing 1 volume with 1 connected component
Info    : Tetrahedrizing 622 nodes...
Info    : Done tetrahedrizing 630 nodes (Wall 0.00400019s, CPU 0s)
Info    : Reconstructing mesh...
Info    :  - Creating surface mesh
Info    :  - Identifying boundary edges
Info    :  - Recovering boundary
Info    :  - Added 1 Steiner point
Info    : Done reconstructing mesh (Wall 0.00961113s, CPU 0s)
Info    : Found volume 1
Info    : It. 0 - 0 nodes created - worst tet radius 1.72577 (nodes removed 0 0)
Info    : 3D refinement terminated (624 nodes total):
Info    :  - 0 Delaunay cavities modified for star shapeness
Info    :  - 4 nodes could not be inserted
Info    :  - 1644 tetrahedra created in 0.000121832 sec. (13494003 tets/s)
Info    : 3 node relocations
Info    : Done meshing 3D (Wall 0.0181339s, CPU 0s)
Info    : Optimizing mesh...
Info    : Optimizing volume 1
Info    : Optimization starts (volume = 0.000991749) with worst = 0.0789589 / average = 0.737257:
Info    : 0.00 < quality < 0.10 :         1 elements
Info    : 0.10 < quality < 0.20 :         2 elements
Info    : 0.20 < quality < 0.30 :         7 elements
Info    : 0.30 < quality < 0.40 :         2 elements
Info    : 0.40 < quality < 0.50 :         1 elements
Info    : 0.50 < quality < 0.60 :        38 elements
Info    : 0.60 < quality < 0.70 :       560 elements
Info    : 0.70 < quality < 0.80 :       765 elements
Info    : 0.80 < quality < 0.90 :       152 elements
Info    : 0.90 < quality < 1.00 :       116 elements
Info    : 9 edge swaps, 0 node relocations (volume = 0.000991749): worst = 0.307909 / average = 0.740697 (Wall 0.000869989s, CPU 0s)
Info    : No ill-shaped tets in the mesh :-)
Info    : 0.00 < quality < 0.10 :         0 elements
Info    : 0.10 < quality < 0.20 :         0 elements
Info    : 0.20 < quality < 0.30 :         0 elements
Info    : 0.30 < quality < 0.40 :         2 elements
Info    : 0.40 < quality < 0.50 :         2 elements
Info    : 0.50 < quality < 0.60 :        35 elements
Info    : 0.60 < quality < 0.70 :       562 elements
Info    : 0.70 < quality < 0.80 :       764 elements
Info    : 0.80 < quality < 0.90 :       157 elements
Info    : 0.90 < quality < 1.00 :       116 elements
Info    : Done optimizing mesh (Wall 0.00249696s, CPU 0s)
Info    : 624 nodes 3046 elements
Info    : Writing 'E:\pythonGATH\outputs\mesh\ga_eval_0012_1773733985.msh'...
Info    : Done writing 'E:\pythonGATH\outputs\mesh\ga_eval_0012_1773733985.msh'
Info    : Stopped on Tue Mar 17 15:53:05 2026 (From start: Wall 0.039722s, CPU 0s)
2026-03-17 15:53:05 | INFO | Mesh handoff metadata written to E:\pythonGATH\outputs\handoff\ga_eval_0012_1773733985_mesh_handoff.json
2026-03-17 15:53:05 | INFO | Mesh handoff: exists=True size=91673 wsl_readable=True wsl_path=/mnt/e/pythonGATH/outputs/mesh/ga_eval_0012_1773733985.msh
2026-03-17 15:53:14 | INFO | Real-mode WSL solver completed. first_run=4.243s repeated_avg=4.404828299993824
2026-03-17 15:53:14 | INFO | score case=ga_eval_0012_1773733985 J=44.9615 E_in=64.3816 E_out=57.5664 E_bw=0.0917 E_smooth=38.3016 E_eff=0.1702 E_mfg=0.0323
2026-03-17 15:53:14 | INFO | case=ga_eval_0012_1773733985 fitness=-44.961537 total_error=44.961537
2026-03-17 15:53:14 | INFO | case=ga_eval_0013_1773733994 candidate={"flare": 2.2095844906526323, "length": 0.435173772416138, "mouth_radius": 0.26648191332748616, "throat_radius": 0.02}
2026-03-17 15:53:14 | INFO | ATH check command rc=0
2026-03-17 15:53:14 | INFO | ATH stdout: Ath V2025-06
Usage: ath <horn_definition_file>
2026-03-17 15:53:14 | INFO | Gmsh command rc=0
2026-03-17 15:53:14 | INFO | Gmsh stdout: Info    : Running 'C:\Users\UZAWAR\AppData\Local\Microsoft\WinGet\Packages\gmsh.gmsh_Microsoft.Winget.Source_8wekyb3d8bbwe\gmsh-4.13.1-Windows64\gmsh.EXE E:\pythonGATH\outputs\tmp\ga_eval_0013_1773733994.geo -3 -o E:\pythonGATH\outputs\mesh\ga_eval_0013_1773733994.msh' [Gmsh 4.13.1, 1 node, max. 1 thread]
Info    : Started on Tue Mar 17 15:53:14 2026
Info    : Reading 'E:\pythonGATH\outputs\tmp\ga_eval_0013_1773733994.geo'...
Info    : Done reading 'E:\pythonGATH\outputs\tmp\ga_eval_0013_1773733994.geo'
Info    : Meshing 1D...
Info    : [  0%] Meshing curve 1 (Line)
Info    : [ 10%] Meshing curve 2 (Line)
Info    : [ 20%] Meshing curve 3 (Line)
Info    : [ 30%] Meshing curve 4 (Line)
Info    : [ 40%] Meshing curve 6 (Line)
Info    : [ 50%] Meshing curve 7 (Line)
Info    : [ 60%] Meshing curve 8 (Line)
Info    : [ 60%] Meshing curve 9 (Line)
Info    : [ 70%] Meshing curve 11 (Line)
Info    : [ 80%] Meshing curve 12 (Line)
Info    : [ 90%] Meshing curve 16 (Line)
Info    : [100%] Meshing curve 20 (Line)
Info    : Done meshing 1D (Wall 0.000918865s, CPU 0s)
Info    : Meshing 2D...
Info    : [  0%] Meshing surface 1 (Plane, Frontal-Delaunay)
Info    : [ 20%] Meshing surface 13 (Surface, Frontal-Delaunay)
Info    : [ 40%] Meshing surface 17 (Surface, Frontal-Delaunay)
Info    : [ 60%] Meshing surface 21 (Surface, Frontal-Delaunay)
Info    : [ 70%] Meshing surface 25 (Surface, Frontal-Delaunay)
Info    : [ 90%] Meshing surface 26 (Plane, Frontal-Delaunay)
Info    : Done meshing 2D (Wall 0.0177648s, CPU 0s)
Info    : Meshing 3D...
Info    : 3D Meshing 1 volume with 1 connected component
Info    : Tetrahedrizing 912 nodes...
Info    : Done tetrahedrizing 920 nodes (Wall 0.00625467s, CPU 0s)
Info    : Reconstructing mesh...
Info    :  - Creating surface mesh
Info    :  - Identifying boundary edges
Info    :  - Recovering boundary
Info    :  - Added 2 Steiner points
Info    : Done reconstructing mesh (Wall 0.0167098s, CPU 0s)
Info    : Found volume 1
Info    : It. 0 - 0 nodes created - worst tet radius 1.45918 (nodes removed 0 0)
Info    : 3D refinement terminated (920 nodes total):
Info    :  - 0 Delaunay cavities modified for star shapeness
Info    :  - 0 nodes could not be inserted
Info    :  - 2531 tetrahedra created in 0.00027585 sec. (9175266 tets/s)
Info    : 0 node relocations
Info    : Done meshing 3D (Wall 0.0305541s, CPU 0s)
Info    : Optimizing mesh...
Info    : Optimizing volume 1
Info    : Optimization starts (volume = 0.0012467) with worst = 0.0301644 / average = 0.722669:
Info    : 0.00 < quality < 0.10 :         4 elements
Info    : 0.10 < quality < 0.20 :         7 elements
Info    : 0.20 < quality < 0.30 :         3 elements
Info    : 0.30 < quality < 0.40 :         2 elements
Info    : 0.40 < quality < 0.50 :        15 elements
Info    : 0.50 < quality < 0.60 :        81 elements
Info    : 0.60 < quality < 0.70 :       946 elements
Info    : 0.70 < quality < 0.80 :      1179 elements
Info    : 0.80 < quality < 0.90 :       103 elements
Info    : 0.90 < quality < 1.00 :       191 elements
Info    : 13 edge swaps, 0 node relocations (volume = 0.0012467): worst = 0.384548 / average = 0.725876 (Wall 0.000769854s, CPU 0s)
Info    : No ill-shaped tets in the mesh :-)
Info    : 0.00 < quality < 0.10 :         0 elements
Info    : 0.10 < quality < 0.20 :         0 elements
Info    : 0.20 < quality < 0.30 :         0 elements
Info    : 0.30 < quality < 0.40 :         2 elements
Info    : 0.40 < quality < 0.50 :        16 elements
Info    : 0.50 < quality < 0.60 :        81 elements
Info    : 0.60 < quality < 0.70 :       943 elements
Info    : 0.70 < quality < 0.80 :      1182 elements
Info    : 0.80 < quality < 0.90 :       107 elements
Info    : 0.90 < quality < 1.00 :       187 elements
Info    : Done optimizing mesh (Wall 0.00277281s, CPU 0s)
Info    : 920 nodes 4526 elements
Info    : Writing 'E:\pythonGATH\outputs\mesh\ga_eval_0013_1773733994.msh'...
Info    : Done writing 'E:\pythonGATH\outputs\mesh\ga_eval_0013_1773733994.msh'
Info    : Stopped on Tue Mar 17 15:53:14 2026 (From start: Wall 0.0594246s, CPU 0s)
2026-03-17 15:53:14 | INFO | Mesh handoff metadata written to E:\pythonGATH\outputs\handoff\ga_eval_0013_1773733994_mesh_handoff.json
2026-03-17 15:53:14 | INFO | Mesh handoff: exists=True size=137212 wsl_readable=True wsl_path=/mnt/e/pythonGATH/outputs/mesh/ga_eval_0013_1773733994.msh
2026-03-17 15:53:23 | INFO | Real-mode WSL solver completed. first_run=4.426s repeated_avg=4.283465399996203
2026-03-17 15:53:23 | INFO | score case=ga_eval_0013_1773733994 J=40.6879 E_in=51.3715 E_out=40.7654 E_bw=42.5510 E_smooth=29.9485 E_eff=0.2025 E_mfg=0.3906
2026-03-17 15:53:23 | INFO | case=ga_eval_0013_1773733994 fitness=-40.687937 total_error=40.687937
2026-03-17 15:53:23 | INFO | case=ga_eval_0014_1773734003 candidate={"flare": 0.49623120567689066, "length": 0.33939381519756956, "mouth_radius": 0.2966001426752232, "throat_radius": 0.02}
2026-03-17 15:53:23 | INFO | ATH check command rc=0
2026-03-17 15:53:23 | INFO | ATH stdout: Ath V2025-06
Usage: ath <horn_definition_file>
2026-03-17 15:53:23 | INFO | Gmsh command rc=0
2026-03-17 15:53:23 | INFO | Gmsh stdout: Info    : Running 'C:\Users\UZAWAR\AppData\Local\Microsoft\WinGet\Packages\gmsh.gmsh_Microsoft.Winget.Source_8wekyb3d8bbwe\gmsh-4.13.1-Windows64\gmsh.EXE E:\pythonGATH\outputs\tmp\ga_eval_0014_1773734003.geo -3 -o E:\pythonGATH\outputs\mesh\ga_eval_0014_1773734003.msh' [Gmsh 4.13.1, 1 node, max. 1 thread]
Info    : Started on Tue Mar 17 15:53:23 2026
Info    : Reading 'E:\pythonGATH\outputs\tmp\ga_eval_0014_1773734003.geo'...
Info    : Done reading 'E:\pythonGATH\outputs\tmp\ga_eval_0014_1773734003.geo'
Info    : Meshing 1D...
Info    : [  0%] Meshing curve 1 (Line)
Info    : [ 10%] Meshing curve 2 (Line)
Info    : [ 20%] Meshing curve 3 (Line)
Info    : [ 30%] Meshing curve 4 (Line)
Info    : [ 40%] Meshing curve 6 (Line)
Info    : [ 50%] Meshing curve 7 (Line)
Info    : [ 60%] Meshing curve 8 (Line)
Info    : [ 60%] Meshing curve 9 (Line)
Info    : [ 70%] Meshing curve 11 (Line)
Info    : [ 80%] Meshing curve 12 (Line)
Info    : [ 90%] Meshing curve 16 (Line)
Info    : [100%] Meshing curve 20 (Line)
Info    : Done meshing 1D (Wall 0.000921965s, CPU 0s)
Info    : Meshing 2D...
Info    : [  0%] Meshing surface 1 (Plane, Frontal-Delaunay)
Info    : [ 20%] Meshing surface 13 (Surface, Frontal-Delaunay)
Info    : [ 40%] Meshing surface 17 (Surface, Frontal-Delaunay)
Info    : [ 60%] Meshing surface 21 (Surface, Frontal-Delaunay)
Info    : [ 70%] Meshing surface 25 (Surface, Frontal-Delaunay)
Info    : [ 90%] Meshing surface 26 (Plane, Frontal-Delaunay)
Info    : Done meshing 2D (Wall 0.0240719s, CPU 0s)
Info    : Meshing 3D...
Info    : 3D Meshing 1 volume with 1 connected component
Info    : Tetrahedrizing 1223 nodes...
Info    : Done tetrahedrizing 1231 nodes (Wall 0.00907111s, CPU 0s)
Info    : Reconstructing mesh...
Info    :  - Creating surface mesh
Info    :  - Identifying boundary edges
Info    :  - Recovering boundary
Info    :  - Added 3 Steiner points
Info    : Done reconstructing mesh (Wall 0.0216591s, CPU 0.03125s)
Info    : Found volume 1
Info    : It. 0 - 0 nodes created - worst tet radius 1.94124 (nodes removed 0 0)
Info    : 3D refinement terminated (1416 nodes total):
Info    :  - 2 Delaunay cavities modified for star shapeness
Info    :  - 19 nodes could not be inserted
Info    :  - 4643 tetrahedra created in 0.00540996 sec. (858232 tets/s)
Info    : 0 node relocations
Info    : Done meshing 3D (Wall 0.0467811s, CPU 0.046875s)
Info    : Optimizing mesh...
Info    : Optimizing volume 1
Info    : Optimization starts (volume = 0.00107452) with worst = 0.012284 / average = 0.76511:
Info    : 0.00 < quality < 0.10 :        34 elements
Info    : 0.10 < quality < 0.20 :        30 elements
Info    : 0.20 < quality < 0.30 :        56 elements
Info    : 0.30 < quality < 0.40 :        46 elements
Info    : 0.40 < quality < 0.50 :       114 elements
Info    : 0.50 < quality < 0.60 :       326 elements
Info    : 0.60 < quality < 0.70 :       528 elements
Info    : 0.70 < quality < 0.80 :       909 elements
Info    : 0.80 < quality < 0.90 :      1845 elements
Info    : 0.90 < quality < 1.00 :       755 elements
Info    : 106 edge swaps, 4 node relocations (volume = 0.00107452): worst = 0.139547 / average = 0.778609 (Wall 0.00172997s, CPU 0s)
Info    : 113 edge swaps, 5 node relocations (volume = 0.00107452): worst = 0.139547 / average = 0.779341 (Wall 0.00214601s, CPU 0s)
Info    : No ill-shaped tets in the mesh :-)
Info    : 0.00 < quality < 0.10 :         0 elements
Info    : 0.10 < quality < 0.20 :         1 elements
Info    : 0.20 < quality < 0.30 :         3 elements
Info    : 0.30 < quality < 0.40 :        45 elements
Info    : 0.40 < quality < 0.50 :       140 elements
Info    : 0.50 < quality < 0.60 :       316 elements
Info    : 0.60 < quality < 0.70 :       518 elements
Info    : 0.70 < quality < 0.80 :       896 elements
Info    : 0.80 < quality < 0.90 :      1865 elements
Info    : 0.90 < quality < 1.00 :       754 elements
Info    : Done optimizing mesh (Wall 0.005018s, CPU 0s)
Info    : 1416 nodes 7203 elements
Info    : Writing 'E:\pythonGATH\outputs\mesh\ga_eval_0014_1773734003.msh'...
Info    : Done writing 'E:\pythonGATH\outputs\mesh\ga_eval_0014_1773734003.msh'
Info    : Stopped on Tue Mar 17 15:53:23 2026 (From start: Wall 0.0866621s, CPU 0.046875s)
2026-03-17 15:53:23 | INFO | Mesh handoff metadata written to E:\pythonGATH\outputs\handoff\ga_eval_0014_1773734003_mesh_handoff.json
2026-03-17 15:53:23 | INFO | Mesh handoff: exists=True size=233643 wsl_readable=True wsl_path=/mnt/e/pythonGATH/outputs/mesh/ga_eval_0014_1773734003.msh
2026-03-17 15:53:33 | INFO | Real-mode WSL solver completed. first_run=4.353s repeated_avg=4.4681431999997585
2026-03-17 15:53:33 | INFO | score case=ga_eval_0014_1773734003 J=80.5845 E_in=38.1379 E_out=63.6983 E_bw=295.6114 E_smooth=34.7731 E_eff=0.2025 E_mfg=2.5874
2026-03-17 15:53:33 | INFO | case=ga_eval_0014_1773734003 fitness=-80.584504 total_error=80.584504
2026-03-17 15:53:33 | INFO | case=ga_eval_0015_1773734013 candidate={"flare": 0.5675631515396178, "length": 0.2066013447475878, "mouth_radius": 0.15128578726073752, "throat_radius": 0.02}
2026-03-17 15:53:33 | INFO | ATH check command rc=0
2026-03-17 15:53:33 | INFO | ATH stdout: Ath V2025-06
Usage: ath <horn_definition_file>
2026-03-17 15:53:33 | INFO | Gmsh command rc=0
2026-03-17 15:53:33 | INFO | Gmsh stdout: Info    : Running 'C:\Users\UZAWAR\AppData\Local\Microsoft\WinGet\Packages\gmsh.gmsh_Microsoft.Winget.Source_8wekyb3d8bbwe\gmsh-4.13.1-Windows64\gmsh.EXE E:\pythonGATH\outputs\tmp\ga_eval_0015_1773734013.geo -3 -o E:\pythonGATH\outputs\mesh\ga_eval_0015_1773734013.msh' [Gmsh 4.13.1, 1 node, max. 1 thread]
Info    : Started on Tue Mar 17 15:53:33 2026
Info    : Reading 'E:\pythonGATH\outputs\tmp\ga_eval_0015_1773734013.geo'...
Info    : Done reading 'E:\pythonGATH\outputs\tmp\ga_eval_0015_1773734013.geo'
Info    : Meshing 1D...
Info    : [  0%] Meshing curve 1 (Line)
Info    : [ 10%] Meshing curve 2 (Line)
Info    : [ 20%] Meshing curve 3 (Line)
Info    : [ 30%] Meshing curve 4 (Line)
Info    : [ 40%] Meshing curve 6 (Line)
Info    : [ 50%] Meshing curve 7 (Line)
Info    : [ 60%] Meshing curve 8 (Line)
Info    : [ 60%] Meshing curve 9 (Line)
Info    : [ 70%] Meshing curve 11 (Line)
Info    : [ 80%] Meshing curve 12 (Line)
Info    : [ 90%] Meshing curve 16 (Line)
Info    : [100%] Meshing curve 20 (Line)
Info    : Done meshing 1D (Wall 0.000917196s, CPU 0s)
Info    : Meshing 2D...
Info    : [  0%] Meshing surface 1 (Plane, Frontal-Delaunay)
Info    : [ 20%] Meshing surface 13 (Surface, Frontal-Delaunay)
Info    : [ 40%] Meshing surface 17 (Surface, Frontal-Delaunay)
Info    : [ 60%] Meshing surface 21 (Surface, Frontal-Delaunay)
Info    : [ 70%] Meshing surface 25 (Surface, Frontal-Delaunay)
Info    : [ 90%] Meshing surface 26 (Plane, Frontal-Delaunay)
Info    : Done meshing 2D (Wall 0.0293469s, CPU 0s)
Info    : Meshing 3D...
Info    : 3D Meshing 1 volume with 1 connected component
Info    : Tetrahedrizing 1267 nodes...
Info    : Done tetrahedrizing 1275 nodes (Wall 0.00900412s, CPU 0s)
Info    : Reconstructing mesh...
Info    :  - Creating surface mesh
Info    :  - Identifying boundary edges
Info    :  - Recovering boundary
Info    :  - Added 1 Steiner point
Info    : Done reconstructing mesh (Wall 0.0207849s, CPU 0s)
Info    : Found volume 1
Info    : It. 0 - 0 nodes created - worst tet radius 3.7611 (nodes removed 0 0)
Info    : 3D refinement terminated (1660 nodes total):
Info    :  - 1 Delaunay cavities modified for star shapeness
Info    :  - 6 nodes could not be inserted
Info    :  - 6078 tetrahedra created in 0.0116153 sec. (523276 tets/s)
Info    : 0 node relocations
Info    : Done meshing 3D (Wall 0.056566s, CPU 0s)
Info    : Optimizing mesh...
Info    : Optimizing volume 1
Info    : Optimization starts (volume = 0.000353879) with worst = 0.0244493 / average = 0.759514:
Info    : 0.00 < quality < 0.10 :        27 elements
Info    : 0.10 < quality < 0.20 :        27 elements
Info    : 0.20 < quality < 0.30 :        45 elements
Info    : 0.30 < quality < 0.40 :        64 elements
Info    : 0.40 < quality < 0.50 :       161 elements
Info    : 0.50 < quality < 0.60 :       308 elements
Info    : 0.60 < quality < 0.70 :       914 elements
Info    : 0.70 < quality < 0.80 :      1914 elements
Info    : 0.80 < quality < 0.90 :      1846 elements
Info    : 0.90 < quality < 1.00 :       772 elements
Info    : 99 edge swaps, 3 node relocations (volume = 0.000353879): worst = 0.315465 / average = 0.769741 (Wall 0.00178099s, CPU 0s)
Info    : No ill-shaped tets in the mesh :-)
Info    : 0.00 < quality < 0.10 :         0 elements
Info    : 0.10 < quality < 0.20 :         0 elements
Info    : 0.20 < quality < 0.30 :         0 elements
Info    : 0.30 < quality < 0.40 :        60 elements
Info    : 0.40 < quality < 0.50 :       160 elements
Info    : 0.50 < quality < 0.60 :       312 elements
Info    : 0.60 < quality < 0.70 :       911 elements
Info    : 0.70 < quality < 0.80 :      1907 elements
Info    : 0.80 < quality < 0.90 :      1867 elements
Info    : 0.90 < quality < 1.00 :       773 elements
Info    : Done optimizing mesh (Wall 0.00542283s, CPU 0s)
Info    : 1659 nodes 8722 elements
Info    : Writing 'E:\pythonGATH\outputs\mesh\ga_eval_0015_1773734013.msh'...
Info    : Done writing 'E:\pythonGATH\outputs\mesh\ga_eval_0015_1773734013.msh'
Info    : Stopped on Tue Mar 17 15:53:33 2026 (From start: Wall 0.103933s, CPU 0s)
2026-03-17 15:53:33 | INFO | Mesh handoff metadata written to E:\pythonGATH\outputs\handoff\ga_eval_0015_1773734013_mesh_handoff.json
2026-03-17 15:53:33 | INFO | Mesh handoff: exists=True size=290615 wsl_readable=True wsl_path=/mnt/e/pythonGATH/outputs/mesh/ga_eval_0015_1773734013.msh
2026-03-17 15:53:42 | INFO | Real-mode WSL solver completed. first_run=4.421s repeated_avg=4.5366408999980194
2026-03-17 15:53:42 | INFO | score case=ga_eval_0015_1773734013 J=56.7204 E_in=14.1459 E_out=40.9218 E_bw=250.9160 E_smooth=22.7531 E_eff=0.1088 E_mfg=0.1000
2026-03-17 15:53:42 | INFO | case=ga_eval_0015_1773734013 fitness=-56.720403 total_error=56.720403
2026-03-17 15:53:42 | INFO | case=ga_eval_0016_1773734022 candidate={"flare": 0.9837445665311935, "length": 0.20846053681719146, "mouth_radius": 0.0853505002934052, "throat_radius": 0.02}
2026-03-17 15:53:42 | INFO | ATH check command rc=0
2026-03-17 15:53:42 | INFO | ATH stdout: Ath V2025-06
Usage: ath <horn_definition_file>
2026-03-17 15:53:42 | INFO | Gmsh command rc=0
2026-03-17 15:53:42 | INFO | Gmsh stdout: Info    : Running 'C:\Users\UZAWAR\AppData\Local\Microsoft\WinGet\Packages\gmsh.gmsh_Microsoft.Winget.Source_8wekyb3d8bbwe\gmsh-4.13.1-Windows64\gmsh.EXE E:\pythonGATH\outputs\tmp\ga_eval_0016_1773734022.geo -3 -o E:\pythonGATH\outputs\mesh\ga_eval_0016_1773734022.msh' [Gmsh 4.13.1, 1 node, max. 1 thread]
Info    : Started on Tue Mar 17 15:53:42 2026
Info    : Reading 'E:\pythonGATH\outputs\tmp\ga_eval_0016_1773734022.geo'...
Info    : Done reading 'E:\pythonGATH\outputs\tmp\ga_eval_0016_1773734022.geo'
Info    : Meshing 1D...
Info    : [  0%] Meshing curve 1 (Line)
Info    : [ 10%] Meshing curve 2 (Line)
Info    : [ 20%] Meshing curve 3 (Line)
Info    : [ 30%] Meshing curve 4 (Line)
Info    : [ 40%] Meshing curve 6 (Line)
Info    : [ 50%] Meshing curve 7 (Line)
Info    : [ 60%] Meshing curve 8 (Line)
Info    : [ 60%] Meshing curve 9 (Line)
Info    : [ 70%] Meshing curve 11 (Line)
Info    : [ 80%] Meshing curve 12 (Line)
Info    : [ 90%] Meshing curve 16 (Line)
Info    : [100%] Meshing curve 20 (Line)
Info    : Done meshing 1D (Wall 0.00100207s, CPU 0s)
Info    : Meshing 2D...
Info    : [  0%] Meshing surface 1 (Plane, Frontal-Delaunay)
Info    : [ 20%] Meshing surface 13 (Surface, Frontal-Delaunay)
Info    : [ 40%] Meshing surface 17 (Surface, Frontal-Delaunay)
Info    : [ 60%] Meshing surface 21 (Surface, Frontal-Delaunay)
Info    : [ 70%] Meshing surface 25 (Surface, Frontal-Delaunay)
Info    : [ 90%] Meshing surface 26 (Plane, Frontal-Delaunay)
Info    : Done meshing 2D (Wall 0.0215449s, CPU 0s)
Info    : Meshing 3D...
Info    : 3D Meshing 1 volume with 1 connected component
Info    : Tetrahedrizing 880 nodes...
Info    : Done tetrahedrizing 888 nodes (Wall 0.00970507s, CPU 0s)
Info    : Reconstructing mesh...
Info    :  - Creating surface mesh
Info    :  - Identifying boundary edges
Info    :  - Recovering boundary
Info    : Done reconstructing mesh (Wall 0.0183258s, CPU 0s)
Info    : Found volume 1
Info    : It. 0 - 0 nodes created - worst tet radius 1.74738 (nodes removed 0 0)
Info    : 3D refinement terminated (1087 nodes total):
Info    :  - 0 Delaunay cavities modified for star shapeness
Info    :  - 0 nodes could not be inserted
Info    :  - 3745 tetrahedra created in 0.00767398 sec. (488012 tets/s)
Info    : 0 node relocations
Info    : Done meshing 3D (Wall 0.0475998s, CPU 0s)
Info    : Optimizing mesh...
Info    : Optimizing volume 1
Info    : Optimization starts (volume = 0.000219616) with worst = 0.0287138 / average = 0.753497:
Info    : 0.00 < quality < 0.10 :         7 elements
Info    : 0.10 < quality < 0.20 :        22 elements
Info    : 0.20 < quality < 0.30 :        31 elements
Info    : 0.30 < quality < 0.40 :        47 elements
Info    : 0.40 < quality < 0.50 :        87 elements
Info    : 0.50 < quality < 0.60 :       181 elements
Info    : 0.60 < quality < 0.70 :       668 elements
Info    : 0.70 < quality < 0.80 :      1243 elements
Info    : 0.80 < quality < 0.90 :      1006 elements
Info    : 0.90 < quality < 1.00 :       453 elements
Info    : 59 edge swaps, 1 node relocations (volume = 0.000219616): worst = 0.285132 / average = 0.761744 (Wall 0.00167394s, CPU 0s)
Info    : 60 edge swaps, 1 node relocations (volume = 0.000219616): worst = 0.291973 / average = 0.761742 (Wall 0.00197697s, CPU 0s)
Info    : 61 edge swaps, 1 node relocations (volume = 0.000219616): worst = 0.302347 / average = 0.761946 (Wall 0.00229001s, CPU 0s)
Info    : No ill-shaped tets in the mesh :-)
Info    : 0.00 < quality < 0.10 :         0 elements
Info    : 0.10 < quality < 0.20 :         0 elements
Info    : 0.20 < quality < 0.30 :         0 elements
Info    : 0.30 < quality < 0.40 :        52 elements
Info    : 0.40 < quality < 0.50 :        89 elements
Info    : 0.50 < quality < 0.60 :       192 elements
Info    : 0.60 < quality < 0.70 :       667 elements
Info    : 0.70 < quality < 0.80 :      1227 elements
Info    : 0.80 < quality < 0.90 :      1017 elements
Info    : 0.90 < quality < 1.00 :       454 elements
Info    : Done optimizing mesh (Wall 0.00561023s, CPU 0s)
Info    : 1087 nodes 5630 elements
Info    : Writing 'E:\pythonGATH\outputs\mesh\ga_eval_0016_1773734022.msh'...
Info    : Done writing 'E:\pythonGATH\outputs\mesh\ga_eval_0016_1773734022.msh'
Info    : Stopped on Tue Mar 17 15:53:42 2026 (From start: Wall 0.0860498s, CPU 0s)
2026-03-17 15:53:42 | INFO | Mesh handoff metadata written to E:\pythonGATH\outputs\handoff\ga_eval_0016_1773734022_mesh_handoff.json
2026-03-17 15:53:42 | INFO | Mesh handoff: exists=True size=178423 wsl_readable=True wsl_path=/mnt/e/pythonGATH/outputs/mesh/ga_eval_0016_1773734022.msh
2026-03-17 15:53:52 | INFO | Real-mode WSL solver completed. first_run=4.655s repeated_avg=4.60492439999507
2026-03-17 15:53:52 | INFO | score case=ga_eval_0016_1773734022 J=29.2230 E_in=13.7875 E_out=33.8454 E_bw=83.5083 E_smooth=20.5519 E_eff=0.0000 E_mfg=0.0117
2026-03-17 15:53:52 | INFO | case=ga_eval_0016_1773734022 fitness=-29.223046 total_error=29.223046
2026-03-17 15:53:52 | INFO | case=ga_eval_0017_1773734032 candidate={"flare": 1.1773800309454536, "length": 0.3615600888204721, "mouth_radius": 0.1776912626395295, "throat_radius": 0.02}
2026-03-17 15:53:52 | INFO | ATH check command rc=0
2026-03-17 15:53:52 | INFO | ATH stdout: Ath V2025-06
Usage: ath <horn_definition_file>
2026-03-17 15:53:52 | INFO | Gmsh command rc=0
2026-03-17 15:53:52 | INFO | Gmsh stdout: Info    : Running 'C:\Users\UZAWAR\AppData\Local\Microsoft\WinGet\Packages\gmsh.gmsh_Microsoft.Winget.Source_8wekyb3d8bbwe\gmsh-4.13.1-Windows64\gmsh.EXE E:\pythonGATH\outputs\tmp\ga_eval_0017_1773734032.geo -3 -o E:\pythonGATH\outputs\mesh\ga_eval_0017_1773734032.msh' [Gmsh 4.13.1, 1 node, max. 1 thread]
Info    : Started on Tue Mar 17 15:53:52 2026
Info    : Reading 'E:\pythonGATH\outputs\tmp\ga_eval_0017_1773734032.geo'...
Info    : Done reading 'E:\pythonGATH\outputs\tmp\ga_eval_0017_1773734032.geo'
Info    : Meshing 1D...
Info    : [  0%] Meshing curve 1 (Line)
Info    : [ 10%] Meshing curve 2 (Line)
Info    : [ 20%] Meshing curve 3 (Line)
Info    : [ 30%] Meshing curve 4 (Line)
Info    : [ 40%] Meshing curve 6 (Line)
Info    : [ 50%] Meshing curve 7 (Line)
Info    : [ 60%] Meshing curve 8 (Line)
Info    : [ 60%] Meshing curve 9 (Line)
Info    : [ 70%] Meshing curve 11 (Line)
Info    : [ 80%] Meshing curve 12 (Line)
Info    : [ 90%] Meshing curve 16 (Line)
Info    : [100%] Meshing curve 20 (Line)
Info    : Done meshing 1D (Wall 0.000917912s, CPU 0s)
Info    : Meshing 2D...
Info    : [  0%] Meshing surface 1 (Plane, Frontal-Delaunay)
Info    : [ 20%] Meshing surface 13 (Surface, Frontal-Delaunay)
Info    : [ 40%] Meshing surface 17 (Surface, Frontal-Delaunay)
Info    : [ 60%] Meshing surface 21 (Surface, Frontal-Delaunay)
Info    : [ 70%] Meshing surface 25 (Surface, Frontal-Delaunay)
Info    : [ 90%] Meshing surface 26 (Plane, Frontal-Delaunay)
Info    : Done meshing 2D (Wall 0.014776s, CPU 0s)
Info    : Meshing 3D...
Info    : 3D Meshing 1 volume with 1 connected component
Info    : Tetrahedrizing 775 nodes...
Info    : Done tetrahedrizing 783 nodes (Wall 0.00501204s, CPU 0s)
Info    : Reconstructing mesh...
Info    :  - Creating surface mesh
Info    :  - Identifying boundary edges
Info    :  - Recovering boundary
Info    :  - Added 2 Steiner points
Info    : Done reconstructing mesh (Wall 0.0135009s, CPU 0s)
Info    : Found volume 1
Info    : It. 0 - 0 nodes created - worst tet radius 1.79058 (nodes removed 0 0)
Info    : 3D refinement terminated (824 nodes total):
Info    :  - 0 Delaunay cavities modified for star shapeness
Info    :  - 12 nodes could not be inserted
Info    :  - 2490 tetrahedra created in 0.00143504 sec. (1735141 tets/s)
Info    : 0 node relocations
Info    : Done meshing 3D (Wall 0.0263331s, CPU 0s)
Info    : Optimizing mesh...
Info    : Optimizing volume 1
Info    : Optimization starts (volume = 0.000714772) with worst = 0.00273286 / average = 0.690007:
Info    : 0.00 < quality < 0.10 :        13 elements
Info    : 0.10 < quality < 0.20 :        36 elements
Info    : 0.20 < quality < 0.30 :        94 elements
Info    : 0.30 < quality < 0.40 :        28 elements
Info    : 0.40 < quality < 0.50 :        49 elements
Info    : 0.50 < quality < 0.60 :       301 elements
Info    : 0.60 < quality < 0.70 :       714 elements
Info    : 0.70 < quality < 0.80 :       597 elements
Info    : 0.80 < quality < 0.90 :       381 elements
Info    : 0.90 < quality < 1.00 :       277 elements
Info    : 125 edge swaps, 2 node relocations (volume = 0.000714772): worst = 0.123924 / average = 0.715108 (Wall 0.00267005s, CPU 0s)
Info    : 135 edge swaps, 4 node relocations (volume = 0.000714772): worst = 0.264018 / average = 0.717295 (Wall 0.00297904s, CPU 0s)
Info    : No ill-shaped tets in the mesh :-)
Info    : 0.00 < quality < 0.10 :         0 elements
Info    : 0.10 < quality < 0.20 :         0 elements
Info    : 0.20 < quality < 0.30 :         1 elements
Info    : 0.30 < quality < 0.40 :        27 elements
Info    : 0.40 < quality < 0.50 :       106 elements
Info    : 0.50 < quality < 0.60 :       272 elements
Info    : 0.60 < quality < 0.70 :       709 elements
Info    : 0.70 < quality < 0.80 :       602 elements
Info    : 0.80 < quality < 0.90 :       375 elements
Info    : 0.90 < quality < 1.00 :       286 elements
Info    : Done optimizing mesh (Wall 0.00500512s, CPU 0s)
Info    : 824 nodes 4100 elements
Info    : Writing 'E:\pythonGATH\outputs\mesh\ga_eval_0017_1773734032.msh'...
Info    : Done writing 'E:\pythonGATH\outputs\mesh\ga_eval_0017_1773734032.msh'
Info    : Stopped on Tue Mar 17 15:53:52 2026 (From start: Wall 0.054111s, CPU 0s)
2026-03-17 15:53:52 | INFO | Mesh handoff metadata written to E:\pythonGATH\outputs\handoff\ga_eval_0017_1773734032_mesh_handoff.json
2026-03-17 15:53:52 | INFO | Mesh handoff: exists=True size=124327 wsl_readable=True wsl_path=/mnt/e/pythonGATH/outputs/mesh/ga_eval_0017_1773734032.msh
2026-03-17 15:54:02 | INFO | Real-mode WSL solver completed. first_run=4.697s repeated_avg=4.473916399998416
2026-03-17 15:54:02 | INFO | score case=ga_eval_0017_1773734032 J=37.9163 E_in=40.3927 E_out=50.5897 E_bw=33.2528 E_smooth=31.7332 E_eff=0.1543 E_mfg=0.0001
2026-03-17 15:54:02 | INFO | case=ga_eval_0017_1773734032 fitness=-37.916302 total_error=37.916302
2026-03-17 15:54:02 | INFO | case=ga_eval_0018_1773734042 candidate={"flare": 2.3669746341962377, "length": 0.19961267169316532, "mouth_radius": 0.14344223771718967, "throat_radius": 0.02}
2026-03-17 15:54:02 | INFO | ATH check command rc=0
2026-03-17 15:54:02 | INFO | ATH stdout: Ath V2025-06
Usage: ath <horn_definition_file>
2026-03-17 15:54:02 | INFO | Gmsh command rc=0
2026-03-17 15:54:02 | INFO | Gmsh stdout: Info    : Running 'C:\Users\UZAWAR\AppData\Local\Microsoft\WinGet\Packages\gmsh.gmsh_Microsoft.Winget.Source_8wekyb3d8bbwe\gmsh-4.13.1-Windows64\gmsh.EXE E:\pythonGATH\outputs\tmp\ga_eval_0018_1773734042.geo -3 -o E:\pythonGATH\outputs\mesh\ga_eval_0018_1773734042.msh' [Gmsh 4.13.1, 1 node, max. 1 thread]
Info    : Started on Tue Mar 17 15:54:02 2026
Info    : Reading 'E:\pythonGATH\outputs\tmp\ga_eval_0018_1773734042.geo'...
Info    : Done reading 'E:\pythonGATH\outputs\tmp\ga_eval_0018_1773734042.geo'
Info    : Meshing 1D...
Info    : [  0%] Meshing curve 1 (Line)
Info    : [ 10%] Meshing curve 2 (Line)
Info    : [ 20%] Meshing curve 3 (Line)
Info    : [ 30%] Meshing curve 4 (Line)
Info    : [ 40%] Meshing curve 6 (Line)
Info    : [ 50%] Meshing curve 7 (Line)
Info    : [ 60%] Meshing curve 8 (Line)
Info    : [ 60%] Meshing curve 9 (Line)
Info    : [ 70%] Meshing curve 11 (Line)
Info    : [ 80%] Meshing curve 12 (Line)
Info    : [ 90%] Meshing curve 16 (Line)
Info    : [100%] Meshing curve 20 (Line)
Info    : Done meshing 1D (Wall 0.00104499s, CPU 0s)
Info    : Meshing 2D...
Info    : [  0%] Meshing surface 1 (Plane, Frontal-Delaunay)
Info    : [ 20%] Meshing surface 13 (Surface, Frontal-Delaunay)
Info    : [ 40%] Meshing surface 17 (Surface, Frontal-Delaunay)
Info    : [ 60%] Meshing surface 21 (Surface, Frontal-Delaunay)
Info    : [ 70%] Meshing surface 25 (Surface, Frontal-Delaunay)
Info    : [ 90%] Meshing surface 26 (Plane, Frontal-Delaunay)
Info    : Done meshing 2D (Wall 0.0271668s, CPU 0s)
Info    : Meshing 3D...
Info    : 3D Meshing 1 volume with 1 connected component
Info    : Tetrahedrizing 1267 nodes...
Info    : Done tetrahedrizing 1275 nodes (Wall 0.00928211s, CPU 0s)
Info    : Reconstructing mesh...
Info    :  - Creating surface mesh
Info    :  - Identifying boundary edges
Info    :  - Recovering boundary
Info    : Done reconstructing mesh (Wall 0.019665s, CPU 0s)
Info    : Found volume 1
Info    : It. 0 - 0 nodes created - worst tet radius 1.64983 (nodes removed 0 0)
Info    : 3D refinement terminated (1686 nodes total):
Info    :  - 0 Delaunay cavities modified for star shapeness
Info    :  - 0 nodes could not be inserted
Info    :  - 6308 tetrahedra created in 0.012543 sec. (502911 tets/s)
Info    : 0 node relocations
Info    : Done meshing 3D (Wall 0.0573392s, CPU 0.03125s)
Info    : Optimizing mesh...
Info    : Optimizing volume 1
Info    : Optimization starts (volume = 0.000326251) with worst = 0.0228682 / average = 0.757294:
Info    : 0.00 < quality < 0.10 :        28 elements
Info    : 0.10 < quality < 0.20 :        36 elements
Info    : 0.20 < quality < 0.30 :        57 elements
Info    : 0.30 < quality < 0.40 :        99 elements
Info    : 0.40 < quality < 0.50 :       151 elements
Info    : 0.50 < quality < 0.60 :       311 elements
Info    : 0.60 < quality < 0.70 :       965 elements
Info    : 0.70 < quality < 0.80 :      1927 elements
Info    : 0.80 < quality < 0.90 :      1869 elements
Info    : 0.90 < quality < 1.00 :       865 elements
Info    : 115 edge swaps, 2 node relocations (volume = 0.000326251): worst = 0.197898 / average = 0.76918 (Wall 0.00180912s, CPU 0s)
Info    : 119 edge swaps, 2 node relocations (volume = 0.000326251): worst = 0.302163 / average = 0.769628 (Wall 0.00222683s, CPU 0s)
Info    : No ill-shaped tets in the mesh :-)
Info    : 0.00 < quality < 0.10 :         0 elements
Info    : 0.10 < quality < 0.20 :         0 elements
Info    : 0.20 < quality < 0.30 :         0 elements
Info    : 0.30 < quality < 0.40 :        94 elements
Info    : 0.40 < quality < 0.50 :       150 elements
Info    : 0.50 < quality < 0.60 :       319 elements
Info    : 0.60 < quality < 0.70 :       964 elements
Info    : 0.70 < quality < 0.80 :      1886 elements
Info    : 0.80 < quality < 0.90 :      1918 elements
Info    : 0.90 < quality < 1.00 :       867 elements
Info    : Done optimizing mesh (Wall 0.00619483s, CPU 0s)
Info    : 1686 nodes 8930 elements
Info    : Writing 'E:\pythonGATH\outputs\mesh\ga_eval_0018_1773734042.msh'...
Info    : Done writing 'E:\pythonGATH\outputs\mesh\ga_eval_0018_1773734042.msh'
Info    : Stopped on Tue Mar 17 15:54:02 2026 (From start: Wall 0.103881s, CPU 0.03125s)
2026-03-17 15:54:02 | INFO | Mesh handoff metadata written to E:\pythonGATH\outputs\handoff\ga_eval_0018_1773734042_mesh_handoff.json
2026-03-17 15:54:02 | INFO | Mesh handoff: exists=True size=298213 wsl_readable=True wsl_path=/mnt/e/pythonGATH/outputs/mesh/ga_eval_0018_1773734042.msh
2026-03-17 15:54:11 | INFO | Real-mode WSL solver completed. first_run=4.647s repeated_avg=4.242956699999922
2026-03-17 15:54:11 | INFO | score case=ga_eval_0018_1773734042 J=19.6131 E_in=10.9538 E_out=17.7233 E_bw=61.5343 E_smooth=13.0388 E_eff=0.3092 E_mfg=0.3405
2026-03-17 15:54:11 | INFO | case=ga_eval_0018_1773734042 fitness=-19.613077 total_error=19.613077
2026-03-17 15:54:11 | INFO | case=ga_eval_0019_1773734051 candidate={"flare": 0.7593911612160037, "length": 0.36625344639370555, "mouth_radius": 0.2631958519834459, "throat_radius": 0.02}
2026-03-17 15:54:11 | INFO | ATH check command rc=0
2026-03-17 15:54:11 | INFO | ATH stdout: Ath V2025-06
Usage: ath <horn_definition_file>
2026-03-17 15:54:11 | INFO | Gmsh command rc=0
2026-03-17 15:54:11 | INFO | Gmsh stdout: Info    : Running 'C:\Users\UZAWAR\AppData\Local\Microsoft\WinGet\Packages\gmsh.gmsh_Microsoft.Winget.Source_8wekyb3d8bbwe\gmsh-4.13.1-Windows64\gmsh.EXE E:\pythonGATH\outputs\tmp\ga_eval_0019_1773734051.geo -3 -o E:\pythonGATH\outputs\mesh\ga_eval_0019_1773734051.msh' [Gmsh 4.13.1, 1 node, max. 1 thread]
Info    : Started on Tue Mar 17 15:54:11 2026
Info    : Reading 'E:\pythonGATH\outputs\tmp\ga_eval_0019_1773734051.geo'...
Info    : Done reading 'E:\pythonGATH\outputs\tmp\ga_eval_0019_1773734051.geo'
Info    : Meshing 1D...
Info    : [  0%] Meshing curve 1 (Line)
Info    : [ 10%] Meshing curve 2 (Line)
Info    : [ 20%] Meshing curve 3 (Line)
Info    : [ 30%] Meshing curve 4 (Line)
Info    : [ 40%] Meshing curve 6 (Line)
Info    : [ 50%] Meshing curve 7 (Line)
Info    : [ 60%] Meshing curve 8 (Line)
Info    : [ 60%] Meshing curve 9 (Line)
Info    : [ 70%] Meshing curve 11 (Line)
Info    : [ 80%] Meshing curve 12 (Line)
Info    : [ 90%] Meshing curve 16 (Line)
Info    : [100%] Meshing curve 20 (Line)
Info    : Done meshing 1D (Wall 0.000934839s, CPU 0s)
Info    : Meshing 2D...
Info    : [  0%] Meshing surface 1 (Plane, Frontal-Delaunay)
Info    : [ 20%] Meshing surface 13 (Surface, Frontal-Delaunay)
Info    : [ 40%] Meshing surface 17 (Surface, Frontal-Delaunay)
Info    : [ 60%] Meshing surface 21 (Surface, Frontal-Delaunay)
Info    : [ 70%] Meshing surface 25 (Surface, Frontal-Delaunay)
Info    : [ 90%] Meshing surface 26 (Plane, Frontal-Delaunay)
Info    : Done meshing 2D (Wall 0.020067s, CPU 0s)
Info    : Meshing 3D...
Info    : 3D Meshing 1 volume with 1 connected component
Info    : Tetrahedrizing 1047 nodes...
Info    : Done tetrahedrizing 1055 nodes (Wall 0.00728989s, CPU 0s)
Info    : Reconstructing mesh...
Info    :  - Creating surface mesh
Info    :  - Identifying boundary edges
Info    :  - Recovering boundary
Info    :  - Added 2 Steiner points
Info    : Done reconstructing mesh (Wall 0.0175841s, CPU 0s)
Info    : Found volume 1
Info    : It. 0 - 0 nodes created - worst tet radius 1.79148 (nodes removed 0 0)
Info    : 3D refinement terminated (1143 nodes total):
Info    :  - 0 Delaunay cavities modified for star shapeness
Info    :  - 12 nodes could not be inserted
Info    :  - 3566 tetrahedra created in 0.00271201 sec. (1314891 tets/s)
Info    : 2 node relocations
Info    : Done meshing 3D (Wall 0.0362728s, CPU 0s)
Info    : Optimizing mesh...
Info    : Optimizing volume 1
Info    : Optimization starts (volume = 0.00103721) with worst = 0.00328959 / average = 0.715422:
Info    : 0.00 < quality < 0.10 :        23 elements
Info    : 0.10 < quality < 0.20 :        38 elements
Info    : 0.20 < quality < 0.30 :       118 elements
Info    : 0.30 < quality < 0.40 :        23 elements
Info    : 0.40 < quality < 0.50 :        61 elements
Info    : 0.50 < quality < 0.60 :       367 elements
Info    : 0.60 < quality < 0.70 :       700 elements
Info    : 0.70 < quality < 0.80 :       787 elements
Info    : 0.80 < quality < 0.90 :      1009 elements
Info    : 0.90 < quality < 1.00 :       440 elements
Info    : 151 edge swaps, 3 node relocations (volume = 0.00103721): worst = 0.187594 / average = 0.738968 (Wall 0.00206113s, CPU 0s)
Info    : 164 edge swaps, 3 node relocations (volume = 0.00103721): worst = 0.248928 / average = 0.7406 (Wall 0.002491s, CPU 0s)
Info    : 165 edge swaps, 3 node relocations (volume = 0.00103721): worst = 0.248928 / average = 0.740611 (Wall 0.00275302s, CPU 0s)
Info    : No ill-shaped tets in the mesh :-)
Info    : 0.00 < quality < 0.10 :         0 elements
Info    : 0.10 < quality < 0.20 :         0 elements
Info    : 0.20 < quality < 0.30 :         2 elements
Info    : 0.30 < quality < 0.40 :        18 elements
Info    : 0.40 < quality < 0.50 :       115 elements
Info    : 0.50 < quality < 0.60 :       354 elements
Info    : 0.60 < quality < 0.70 :       679 elements
Info    : 0.70 < quality < 0.80 :       813 elements
Info    : 0.80 < quality < 0.90 :       994 elements
Info    : 0.90 < quality < 1.00 :       447 elements
Info    : Done optimizing mesh (Wall 0.00517106s, CPU 0s)
Info    : 1143 nodes 5712 elements
Info    : Writing 'E:\pythonGATH\outputs\mesh\ga_eval_0019_1773734051.msh'...
Info    : Done writing 'E:\pythonGATH\outputs\mesh\ga_eval_0019_1773734051.msh'
Info    : Stopped on Tue Mar 17 15:54:11 2026 (From start: Wall 0.0711269s, CPU 0s)
2026-03-17 15:54:11 | INFO | Mesh handoff metadata written to E:\pythonGATH\outputs\handoff\ga_eval_0019_1773734051_mesh_handoff.json
2026-03-17 15:54:11 | INFO | Mesh handoff: exists=True size=178174 wsl_readable=True wsl_path=/mnt/e/pythonGATH/outputs/mesh/ga_eval_0019_1773734051.msh
2026-03-17 15:54:20 | INFO | Real-mode WSL solver completed. first_run=4.341s repeated_avg=4.292026399998576
2026-03-17 15:54:20 | INFO | score case=ga_eval_0019_1773734051 J=60.8577 E_in=42.6036 E_out=60.8182 E_bw=158.6699 E_smooth=35.0689 E_eff=0.2024 E_mfg=0.1356
2026-03-17 15:54:20 | INFO | case=ga_eval_0019_1773734051 fitness=-60.857723 total_error=60.857723
2026-03-17 15:54:20 | INFO | case=ga_eval_0020_1773734060 candidate={"flare": 1.1968564276910603, "length": 0.3970681832211327, "mouth_radius": 0.10719087281667494, "throat_radius": 0.02}
2026-03-17 15:54:20 | INFO | ATH check command rc=0
2026-03-17 15:54:20 | INFO | ATH stdout: Ath V2025-06
Usage: ath <horn_definition_file>
2026-03-17 15:54:21 | INFO | Gmsh command rc=0
2026-03-17 15:54:21 | INFO | Gmsh stdout: Info    : Running 'C:\Users\UZAWAR\AppData\Local\Microsoft\WinGet\Packages\gmsh.gmsh_Microsoft.Winget.Source_8wekyb3d8bbwe\gmsh-4.13.1-Windows64\gmsh.EXE E:\pythonGATH\outputs\tmp\ga_eval_0020_1773734060.geo -3 -o E:\pythonGATH\outputs\mesh\ga_eval_0020_1773734060.msh' [Gmsh 4.13.1, 1 node, max. 1 thread]
Info    : Started on Tue Mar 17 15:54:20 2026
Info    : Reading 'E:\pythonGATH\outputs\tmp\ga_eval_0020_1773734060.geo'...
Info    : Done reading 'E:\pythonGATH\outputs\tmp\ga_eval_0020_1773734060.geo'
Info    : Meshing 1D...
Info    : [  0%] Meshing curve 1 (Line)
Info    : [ 10%] Meshing curve 2 (Line)
Info    : [ 20%] Meshing curve 3 (Line)
Info    : [ 30%] Meshing curve 4 (Line)
Info    : [ 40%] Meshing curve 6 (Line)
Info    : [ 50%] Meshing curve 7 (Line)
Info    : [ 60%] Meshing curve 8 (Line)
Info    : [ 60%] Meshing curve 9 (Line)
Info    : [ 70%] Meshing curve 11 (Line)
Info    : [ 80%] Meshing curve 12 (Line)
Info    : [ 90%] Meshing curve 16 (Line)
Info    : [100%] Meshing curve 20 (Line)
Info    : Done meshing 1D (Wall 0.00112081s, CPU 0s)
Info    : Meshing 2D...
Info    : [  0%] Meshing surface 1 (Plane, Frontal-Delaunay)
Info    : [ 20%] Meshing surface 13 (Surface, Frontal-Delaunay)
Info    : [ 40%] Meshing surface 17 (Surface, Frontal-Delaunay)
Info    : [ 60%] Meshing surface 21 (Surface, Frontal-Delaunay)
Info    : [ 70%] Meshing surface 25 (Surface, Frontal-Delaunay)
Info    : [ 90%] Meshing surface 26 (Plane, Frontal-Delaunay)
Info    : Done meshing 2D (Wall 0.010112s, CPU 0s)
Info    : Meshing 3D...
Info    : 3D Meshing 1 volume with 1 connected component
Info    : Tetrahedrizing 517 nodes...
Info    : Done tetrahedrizing 525 nodes (Wall 0.00361013s, CPU 0s)
Info    : Reconstructing mesh...
Info    :  - Creating surface mesh
Info    :  - Identifying boundary edges
Info    :  - Recovering boundary
Info    : Done reconstructing mesh (Wall 0.00772476s, CPU 0s)
Info    : Found volume 1
Info    : It. 0 - 0 nodes created - worst tet radius 0.982095 (nodes removed 0 0)
Info    : 3D refinement terminated (517 nodes total):
Info    :  - 0 Delaunay cavities modified for star shapeness
Info    :  - 0 nodes could not be inserted
Info    :  - 1338 tetrahedra created in 9.08375e-05 sec. (14729603 tets/s)
Info    : 0 node relocations
Info    : Done meshing 3D (Wall 0.0147033s, CPU 0s)
Info    : Optimizing mesh...
Info    : Optimizing volume 1
Info    : Optimization starts (volume = 0.000505035) with worst = 0.0155704 / average = 0.704778:
Info    : 0.00 < quality < 0.10 :         7 elements
Info    : 0.10 < quality < 0.20 :         5 elements
Info    : 0.20 < quality < 0.30 :         1 elements
Info    : 0.30 < quality < 0.40 :         1 elements
Info    : 0.40 < quality < 0.50 :         5 elements
Info    : 0.50 < quality < 0.60 :        79 elements
Info    : 0.60 < quality < 0.70 :       597 elements
Info    : 0.70 < quality < 0.80 :       483 elements
Info    : 0.80 < quality < 0.90 :        31 elements
Info    : 0.90 < quality < 1.00 :       129 elements
Info    : 13 edge swaps, 0 node relocations (volume = 0.000505035): worst = 0.38091 / average = 0.711426 (Wall 0.000773191s, CPU 0s)
Info    : No ill-shaped tets in the mesh :-)
Info    : 0.00 < quality < 0.10 :         0 elements
Info    : 0.10 < quality < 0.20 :         0 elements
Info    : 0.20 < quality < 0.30 :         0 elements
Info    : 0.30 < quality < 0.40 :         1 elements
Info    : 0.40 < quality < 0.50 :         5 elements
Info    : 0.50 < quality < 0.60 :        77 elements
Info    : 0.60 < quality < 0.70 :       593 elements
Info    : 0.70 < quality < 0.80 :       490 elements
Info    : 0.80 < quality < 0.90 :        30 elements
Info    : 0.90 < quality < 1.00 :       129 elements
Info    : Done optimizing mesh (Wall 0.00207901s, CPU 0s)
Info    : 517 nodes 2515 elements
Info    : Writing 'E:\pythonGATH\outputs\mesh\ga_eval_0020_1773734060.msh'...
Info    : Done writing 'E:\pythonGATH\outputs\mesh\ga_eval_0020_1773734060.msh'
Info    : Stopped on Tue Mar 17 15:54:20 2026 (From start: Wall 0.0335789s, CPU 0s)
2026-03-17 15:54:21 | INFO | Mesh handoff metadata written to E:\pythonGATH\outputs\handoff\ga_eval_0020_1773734060_mesh_handoff.json
2026-03-17 15:54:21 | INFO | Mesh handoff: exists=True size=75100 wsl_readable=True wsl_path=/mnt/e/pythonGATH/outputs/mesh/ga_eval_0020_1773734060.msh
2026-03-17 15:54:29 | INFO | Real-mode WSL solver completed. first_run=4.184s repeated_avg=4.250762399999076
2026-03-17 15:54:29 | INFO | score case=ga_eval_0020_1773734060 J=41.4696 E_in=47.2626 E_out=54.6327 E_bw=29.7311 E_smooth=34.3011 E_eff=0.0000 E_mfg=0.0000
2026-03-17 15:54:29 | INFO | case=ga_eval_0020_1773734060 fitness=-41.469604 total_error=41.469604
2026-03-17 15:54:29 | INFO | case=ga_eval_0021_1773734069 candidate={"flare": 1.764757319336999, "length": 0.1300836684798682, "mouth_radius": 0.11959317774032698, "throat_radius": 0.02}
2026-03-17 15:54:29 | INFO | ATH check command rc=0
2026-03-17 15:54:29 | INFO | ATH stdout: Ath V2025-06
Usage: ath <horn_definition_file>
2026-03-17 15:54:30 | INFO | Gmsh command rc=0
2026-03-17 15:54:30 | INFO | Gmsh stdout: Info    : Running 'C:\Users\UZAWAR\AppData\Local\Microsoft\WinGet\Packages\gmsh.gmsh_Microsoft.Winget.Source_8wekyb3d8bbwe\gmsh-4.13.1-Windows64\gmsh.EXE E:\pythonGATH\outputs\tmp\ga_eval_0021_1773734069.geo -3 -o E:\pythonGATH\outputs\mesh\ga_eval_0021_1773734069.msh' [Gmsh 4.13.1, 1 node, max. 1 thread]
Info    : Started on Tue Mar 17 15:54:29 2026
Info    : Reading 'E:\pythonGATH\outputs\tmp\ga_eval_0021_1773734069.geo'...
Info    : Done reading 'E:\pythonGATH\outputs\tmp\ga_eval_0021_1773734069.geo'
Info    : Meshing 1D...
Info    : [  0%] Meshing curve 1 (Line)
Info    : [ 10%] Meshing curve 2 (Line)
Info    : [ 20%] Meshing curve 3 (Line)
Info    : [ 30%] Meshing curve 4 (Line)
Info    : [ 40%] Meshing curve 6 (Line)
Info    : [ 50%] Meshing curve 7 (Line)
Info    : [ 60%] Meshing curve 8 (Line)
Info    : [ 60%] Meshing curve 9 (Line)
Info    : [ 70%] Meshing curve 11 (Line)
Info    : [ 80%] Meshing curve 12 (Line)
Info    : [ 90%] Meshing curve 16 (Line)
Info    : [100%] Meshing curve 20 (Line)
Info    : Done meshing 1D (Wall 0.00116801s, CPU 0s)
Info    : Meshing 2D...
Info    : [  0%] Meshing surface 1 (Plane, Frontal-Delaunay)
Info    : [ 20%] Meshing surface 13 (Surface, Frontal-Delaunay)
Info    : [ 40%] Meshing surface 17 (Surface, Frontal-Delaunay)
Info    : [ 60%] Meshing surface 21 (Surface, Frontal-Delaunay)
Info    : [ 70%] Meshing surface 25 (Surface, Frontal-Delaunay)
Info    : [ 90%] Meshing surface 26 (Plane, Frontal-Delaunay)
Info    : Done meshing 2D (Wall 0.0390449s, CPU 0s)
Info    : Meshing 3D...
Info    : 3D Meshing 1 volume with 1 connected component
Info    : Tetrahedrizing 1790 nodes...
Info    : Done tetrahedrizing 1798 nodes (Wall 0.013196s, CPU 0s)
Info    : Reconstructing mesh...
Info    :  - Creating surface mesh
Info    :  - Identifying boundary edges
Info    :  - Recovering boundary
Info    : Done reconstructing mesh (Wall 0.0299468s, CPU 0s)
Info    : Found volume 1
Info    : It. 0 - 0 nodes created - worst tet radius 2.53767 (nodes removed 0 0)
Info    : It. 500 - 500 nodes created - worst tet radius 1.20386 (nodes removed 0 0)
Info    : 3D refinement terminated (2778 nodes total):
Info    :  - 0 Delaunay cavities modified for star shapeness
Info    :  - 0 nodes could not be inserted
Info    :  - 11614 tetrahedra created in 0.0290968 sec. (399149 tets/s)
Info    : 0 node relocations
Info    : Done meshing 3D (Wall 0.100578s, CPU 0.03125s)
Info    : Optimizing mesh...
Info    : Optimizing volume 1
Info    : Optimization starts (volume = 0.000181588) with worst = 0.013023 / average = 0.76243:
Info    : 0.00 < quality < 0.10 :        43 elements
Info    : 0.10 < quality < 0.20 :        77 elements
Info    : 0.20 < quality < 0.30 :       133 elements
Info    : 0.30 < quality < 0.40 :       224 elements
Info    : 0.40 < quality < 0.50 :       327 elements
Info    : 0.50 < quality < 0.60 :       621 elements
Info    : 0.60 < quality < 0.70 :      1500 elements
Info    : 0.70 < quality < 0.80 :      3095 elements
Info    : 0.80 < quality < 0.90 :      3730 elements
Info    : 0.90 < quality < 1.00 :      1864 elements
Info    : 248 edge swaps, 11 node relocations (volume = 0.000181588): worst = 0.0174286 / average = 0.77575 (Wall 0.0035007s, CPU 0s)
Info    : 255 edge swaps, 11 node relocations (volume = 0.000181588): worst = 0.301451 / average = 0.776023 (Wall 0.00439668s, CPU 0s)
Info    : No ill-shaped tets in the mesh :-)
Info    : 0.00 < quality < 0.10 :         0 elements
Info    : 0.10 < quality < 0.20 :         0 elements
Info    : 0.20 < quality < 0.30 :         0 elements
Info    : 0.30 < quality < 0.40 :       225 elements
Info    : 0.40 < quality < 0.50 :       300 elements
Info    : 0.50 < quality < 0.60 :       630 elements
Info    : 0.60 < quality < 0.70 :      1507 elements
Info    : 0.70 < quality < 0.80 :      3081 elements
Info    : 0.80 < quality < 0.90 :      3768 elements
Info    : 0.90 < quality < 1.00 :      1875 elements
Info    : Done optimizing mesh (Wall 0.0111463s, CPU 0s)
Info    : 2778 nodes 15192 elements
Info    : Writing 'E:\pythonGATH\outputs\mesh\ga_eval_0021_1773734069.msh'...
Info    : Done writing 'E:\pythonGATH\outputs\mesh\ga_eval_0021_1773734069.msh'
Info    : Stopped on Tue Mar 17 15:54:30 2026 (From start: Wall 0.1706s, CPU 0.03125s)
2026-03-17 15:54:30 | INFO | Mesh handoff metadata written to E:\pythonGATH\outputs\handoff\ga_eval_0021_1773734069_mesh_handoff.json
2026-03-17 15:54:30 | INFO | Mesh handoff: exists=True size=534035 wsl_readable=True wsl_path=/mnt/e/pythonGATH/outputs/mesh/ga_eval_0021_1773734069.msh
2026-03-17 15:54:39 | INFO | Real-mode WSL solver completed. first_run=4.240s repeated_avg=4.308704299997771
2026-03-17 15:54:39 | INFO | score case=ga_eval_0021_1773734069 J=7.5398 E_in=3.9266 E_out=15.8409 E_bw=4.5518 E_smooth=10.5910 E_eff=0.0125 E_mfg=0.0797
2026-03-17 15:54:39 | INFO | case=ga_eval_0021_1773734069 fitness=-7.539845 total_error=7.539845
2026-03-17 15:54:39 | INFO | case=ga_eval_0022_1773734079 candidate={"flare": 1.4612461050170609, "length": 0.13132294338646672, "mouth_radius": 0.12652329118126118, "throat_radius": 0.02}
2026-03-17 15:54:39 | INFO | ATH check command rc=0
2026-03-17 15:54:39 | INFO | ATH stdout: Ath V2025-06
Usage: ath <horn_definition_file>
2026-03-17 15:54:39 | INFO | Gmsh command rc=0
2026-03-17 15:54:39 | INFO | Gmsh stdout: Info    : Running 'C:\Users\UZAWAR\AppData\Local\Microsoft\WinGet\Packages\gmsh.gmsh_Microsoft.Winget.Source_8wekyb3d8bbwe\gmsh-4.13.1-Windows64\gmsh.EXE E:\pythonGATH\outputs\tmp\ga_eval_0022_1773734079.geo -3 -o E:\pythonGATH\outputs\mesh\ga_eval_0022_1773734079.msh' [Gmsh 4.13.1, 1 node, max. 1 thread]
Info    : Started on Tue Mar 17 15:54:39 2026
Info    : Reading 'E:\pythonGATH\outputs\tmp\ga_eval_0022_1773734079.geo'...
Info    : Done reading 'E:\pythonGATH\outputs\tmp\ga_eval_0022_1773734079.geo'
Info    : Meshing 1D...
Info    : [  0%] Meshing curve 1 (Line)
Info    : [ 10%] Meshing curve 2 (Line)
Info    : [ 20%] Meshing curve 3 (Line)
Info    : [ 30%] Meshing curve 4 (Line)
Info    : [ 40%] Meshing curve 6 (Line)
Info    : [ 50%] Meshing curve 7 (Line)
Info    : [ 60%] Meshing curve 8 (Line)
Info    : [ 60%] Meshing curve 9 (Line)
Info    : [ 70%] Meshing curve 11 (Line)
Info    : [ 80%] Meshing curve 12 (Line)
Info    : [ 90%] Meshing curve 16 (Line)
Info    : [100%] Meshing curve 20 (Line)
Info    : Done meshing 1D (Wall 0.00115037s, CPU 0s)
Info    : Meshing 2D...
Info    : [  0%] Meshing surface 1 (Plane, Frontal-Delaunay)
Info    : [ 20%] Meshing surface 13 (Surface, Frontal-Delaunay)
Info    : [ 40%] Meshing surface 17 (Surface, Frontal-Delaunay)
Info    : [ 60%] Meshing surface 21 (Surface, Frontal-Delaunay)
Info    : [ 70%] Meshing surface 25 (Surface, Frontal-Delaunay)
Info    : [ 90%] Meshing surface 26 (Plane, Frontal-Delaunay)
Info    : Done meshing 2D (Wall 0.0361431s, CPU 0s)
Info    : Meshing 3D...
Info    : 3D Meshing 1 volume with 1 connected component
Info    : Tetrahedrizing 1842 nodes...
Info    : Done tetrahedrizing 1850 nodes (Wall 0.0123148s, CPU 0s)
Info    : Reconstructing mesh...
Info    :  - Creating surface mesh
Info    :  - Identifying boundary edges
Info    :  - Recovering boundary
Info    : Done reconstructing mesh (Wall 0.0274689s, CPU 0s)
Info    : Found volume 1
Info    : It. 0 - 0 nodes created - worst tet radius 2.56085 (nodes removed 0 0)
Info    : It. 500 - 500 nodes created - worst tet radius 1.20263 (nodes removed 0 0)
Info    : 3D refinement terminated (2833 nodes total):
Info    :  - 0 Delaunay cavities modified for star shapeness
Info    :  - 0 nodes could not be inserted
Info    :  - 11741 tetrahedra created in 0.0284328 sec. (412937 tets/s)
Info    : 0 node relocations
Info    : Done meshing 3D (Wall 0.0957272s, CPU 0.0625s)
Info    : Optimizing mesh...
Info    : Optimizing volume 1
Info    : Optimization starts (volume = 0.000192418) with worst = 0.0120066 / average = 0.761252:
Info    : 0.00 < quality < 0.10 :        33 elements
Info    : 0.10 < quality < 0.20 :        86 elements
Info    : 0.20 < quality < 0.30 :       129 elements
Info    : 0.30 < quality < 0.40 :       224 elements
Info    : 0.40 < quality < 0.50 :       328 elements
Info    : 0.50 < quality < 0.60 :       628 elements
Info    : 0.60 < quality < 0.70 :      1588 elements
Info    : 0.70 < quality < 0.80 :      3045 elements
Info    : 0.80 < quality < 0.90 :      3938 elements
Info    : 0.90 < quality < 1.00 :      1742 elements
Info    : 242 edge swaps, 8 node relocations (volume = 0.000192418): worst = 0.175331 / average = 0.773072 (Wall 0.00339794s, CPU 0s)
Info    : 250 edge swaps, 11 node relocations (volume = 0.000192418): worst = 0.283815 / average = 0.7734 (Wall 0.00414181s, CPU 0s)
Info    : No ill-shaped tets in the mesh :-)
Info    : 0.00 < quality < 0.10 :         0 elements
Info    : 0.10 < quality < 0.20 :         0 elements
Info    : 0.20 < quality < 0.30 :         2 elements
Info    : 0.30 < quality < 0.40 :       238 elements
Info    : 0.40 < quality < 0.50 :       324 elements
Info    : 0.50 < quality < 0.60 :       626 elements
Info    : 0.60 < quality < 0.70 :      1576 elements
Info    : 0.70 < quality < 0.80 :      3049 elements
Info    : 0.80 < quality < 0.90 :      3978 elements
Info    : 0.90 < quality < 1.00 :      1739 elements
Info    : Done optimizing mesh (Wall 0.0108149s, CPU 0.015625s)
Info    : 2833 nodes 15446 elements
Info    : Writing 'E:\pythonGATH\outputs\mesh\ga_eval_0022_1773734079.msh'...
Info    : Done writing 'E:\pythonGATH\outputs\mesh\ga_eval_0022_1773734079.msh'
Info    : Stopped on Tue Mar 17 15:54:39 2026 (From start: Wall 0.161938s, CPU 0.078125s)
2026-03-17 15:54:39 | INFO | Mesh handoff metadata written to E:\pythonGATH\outputs\handoff\ga_eval_0022_1773734079_mesh_handoff.json
2026-03-17 15:54:39 | INFO | Mesh handoff: exists=True size=543295 wsl_readable=True wsl_path=/mnt/e/pythonGATH/outputs/mesh/ga_eval_0022_1773734079.msh
2026-03-17 15:54:48 | INFO | Real-mode WSL solver completed. first_run=4.288s repeated_avg=4.282467999997607
2026-03-17 15:54:48 | INFO | score case=ga_eval_0022_1773734079 J=8.1511 E_in=4.0795 E_out=18.4976 E_bw=2.4906 E_smooth=11.9066 E_eff=0.0052 E_mfg=0.0171
2026-03-17 15:54:48 | INFO | case=ga_eval_0022_1773734079 fitness=-8.151101 total_error=8.151101
2026-03-17 15:54:48 | INFO | case=ga_eval_0023_1773734088 candidate={"flare": 1.7680494398994173, "length": 0.2058394326484854, "mouth_radius": 0.3148555710189821, "throat_radius": 0.02}
2026-03-17 15:54:48 | INFO | ATH check command rc=0
2026-03-17 15:54:48 | INFO | ATH stdout: Ath V2025-06
Usage: ath <horn_definition_file>
2026-03-17 15:54:48 | INFO | Gmsh command rc=0
2026-03-17 15:54:48 | INFO | Gmsh stdout: Info    : Running 'C:\Users\UZAWAR\AppData\Local\Microsoft\WinGet\Packages\gmsh.gmsh_Microsoft.Winget.Source_8wekyb3d8bbwe\gmsh-4.13.1-Windows64\gmsh.EXE E:\pythonGATH\outputs\tmp\ga_eval_0023_1773734088.geo -3 -o E:\pythonGATH\outputs\mesh\ga_eval_0023_1773734088.msh' [Gmsh 4.13.1, 1 node, max. 1 thread]
Info    : Started on Tue Mar 17 15:54:48 2026
Info    : Reading 'E:\pythonGATH\outputs\tmp\ga_eval_0023_1773734088.geo'...
Info    : Done reading 'E:\pythonGATH\outputs\tmp\ga_eval_0023_1773734088.geo'
Info    : Meshing 1D...
Info    : [  0%] Meshing curve 1 (Line)
Info    : [ 10%] Meshing curve 2 (Line)
Info    : [ 20%] Meshing curve 3 (Line)
Info    : [ 30%] Meshing curve 4 (Line)
Info    : [ 40%] Meshing curve 6 (Line)
Info    : [ 50%] Meshing curve 7 (Line)
Info    : [ 60%] Meshing curve 8 (Line)
Info    : [ 60%] Meshing curve 9 (Line)
Info    : [ 70%] Meshing curve 11 (Line)
Info    : [ 80%] Meshing curve 12 (Line)
Info    : [ 90%] Meshing curve 16 (Line)
Info    : [100%] Meshing curve 20 (Line)
Info    : Done meshing 1D (Wall 0.000959873s, CPU 0s)
Info    : Meshing 2D...
Info    : [  0%] Meshing surface 1 (Plane, Frontal-Delaunay)
Info    : [ 20%] Meshing surface 13 (Surface, Frontal-Delaunay)
Info    : [ 40%] Meshing surface 17 (Surface, Frontal-Delaunay)
Info    : [ 60%] Meshing surface 21 (Surface, Frontal-Delaunay)
Info    : [ 70%] Meshing surface 25 (Surface, Frontal-Delaunay)
Info    : [ 90%] Meshing surface 26 (Plane, Frontal-Delaunay)
Info    : Done meshing 2D (Wall 0.044435s, CPU 0s)
Info    : Meshing 3D...
Info    : 3D Meshing 1 volume with 1 connected component
Info    : Tetrahedrizing 2290 nodes...
Info    : Done tetrahedrizing 2298 nodes (Wall 0.0159221s, CPU 0.03125s)
Info    : Reconstructing mesh...
Info    :  - Creating surface mesh
Info    :  - Identifying boundary edges
Info    :  - Recovering boundary
Info    :  - Added 1 Steiner point
Info    : Done reconstructing mesh (Wall 0.0367382s, CPU 0.03125s)
Info    : Found volume 1
Info    : It. 0 - 0 nodes created - worst tet radius 3.77876 (nodes removed 0 0)
Info    : It. 500 - 494 nodes created - worst tet radius 1.09373 (nodes removed 0 6)
Info    : 3D refinement terminated (3116 nodes total):
Info    :  - 1 Delaunay cavities modified for star shapeness
Info    :  - 6 nodes could not be inserted
Info    :  - 11912 tetrahedra created in 0.0246191 sec. (483851 tets/s)
Info    : 0 node relocations
Info    : Done meshing 3D (Wall 0.106946s, CPU 0.078125s)
Info    : Optimizing mesh...
Info    : Optimizing volume 1
Info    : Optimization starts (volume = 0.000689264) with worst = 0.00801289 / average = 0.759547:
Info    : 0.00 < quality < 0.10 :        58 elements
Info    : 0.10 < quality < 0.20 :        52 elements
Info    : 0.20 < quality < 0.30 :        75 elements
Info    : 0.30 < quality < 0.40 :       183 elements
Info    : 0.40 < quality < 0.50 :       326 elements
Info    : 0.50 < quality < 0.60 :       640 elements
Info    : 0.60 < quality < 0.70 :      1647 elements
Info    : 0.70 < quality < 0.80 :      3528 elements
Info    : 0.80 < quality < 0.90 :      3925 elements
Info    : 0.90 < quality < 1.00 :      1478 elements
Info    : 184 edge swaps, 2 node relocations (volume = 0.000689264): worst = 0.251769 / average = 0.768915 (Wall 0.00312591s, CPU 0s)
Info    : 187 edge swaps, 2 node relocations (volume = 0.000689264): worst = 0.28618 / average = 0.769038 (Wall 0.00376701s, CPU 0s)
Info    : No ill-shaped tets in the mesh :-)
Info    : 0.00 < quality < 0.10 :         0 elements
Info    : 0.10 < quality < 0.20 :         0 elements
Info    : 0.20 < quality < 0.30 :         1 elements
Info    : 0.30 < quality < 0.40 :       180 elements
Info    : 0.40 < quality < 0.50 :       327 elements
Info    : 0.50 < quality < 0.60 :       654 elements
Info    : 0.60 < quality < 0.70 :      1651 elements
Info    : 0.70 < quality < 0.80 :      3496 elements
Info    : 0.80 < quality < 0.90 :      3965 elements
Info    : 0.90 < quality < 1.00 :      1478 elements
Info    : Done optimizing mesh (Wall 0.0106182s, CPU 0s)
Info    : 3115 nodes 16612 elements
Info    : Writing 'E:\pythonGATH\outputs\mesh\ga_eval_0023_1773734088.msh'...
Info    : Done writing 'E:\pythonGATH\outputs\mesh\ga_eval_0023_1773734088.msh'
Info    : Stopped on Tue Mar 17 15:54:48 2026 (From start: Wall 0.181923s, CPU 0.078125s)
2026-03-17 15:54:48 | INFO | Mesh handoff metadata written to E:\pythonGATH\outputs\handoff\ga_eval_0023_1773734088_mesh_handoff.json
2026-03-17 15:54:48 | INFO | Mesh handoff: exists=True size=577243 wsl_readable=True wsl_path=/mnt/e/pythonGATH/outputs/mesh/ga_eval_0023_1773734088.msh
2026-03-17 15:54:57 | INFO | Real-mode WSL solver completed. first_run=4.278s repeated_avg=4.258706400003575
2026-03-17 15:54:57 | INFO | score case=ga_eval_0023_1773734088 J=14.0360 E_in=12.3807 E_out=23.6938 E_bw=4.7096 E_smooth=16.2554 E_eff=0.2025 E_mfg=8.9241
2026-03-17 15:54:57 | INFO | case=ga_eval_0023_1773734088 fitness=-14.035962 total_error=14.035962
2026-03-17 15:54:57 | INFO | case=ga_eval_0024_1773734097 candidate={"flare": 2.319435071113007, "length": 0.4495819859231643, "mouth_radius": 0.2585420610472827, "throat_radius": 0.02}
2026-03-17 15:54:57 | INFO | ATH check command rc=0
2026-03-17 15:54:57 | INFO | ATH stdout: Ath V2025-06
Usage: ath <horn_definition_file>
2026-03-17 15:54:57 | INFO | Gmsh command rc=0
2026-03-17 15:54:57 | INFO | Gmsh stdout: Info    : Running 'C:\Users\UZAWAR\AppData\Local\Microsoft\WinGet\Packages\gmsh.gmsh_Microsoft.Winget.Source_8wekyb3d8bbwe\gmsh-4.13.1-Windows64\gmsh.EXE E:\pythonGATH\outputs\tmp\ga_eval_0024_1773734097.geo -3 -o E:\pythonGATH\outputs\mesh\ga_eval_0024_1773734097.msh' [Gmsh 4.13.1, 1 node, max. 1 thread]
Info    : Started on Tue Mar 17 15:54:57 2026
Info    : Reading 'E:\pythonGATH\outputs\tmp\ga_eval_0024_1773734097.geo'...
Info    : Done reading 'E:\pythonGATH\outputs\tmp\ga_eval_0024_1773734097.geo'
Info    : Meshing 1D...
Info    : [  0%] Meshing curve 1 (Line)
Info    : [ 10%] Meshing curve 2 (Line)
Info    : [ 20%] Meshing curve 3 (Line)
Info    : [ 30%] Meshing curve 4 (Line)
Info    : [ 40%] Meshing curve 6 (Line)
Info    : [ 50%] Meshing curve 7 (Line)
Info    : [ 60%] Meshing curve 8 (Line)
Info    : [ 60%] Meshing curve 9 (Line)
Info    : [ 70%] Meshing curve 11 (Line)
Info    : [ 80%] Meshing curve 12 (Line)
Info    : [ 90%] Meshing curve 16 (Line)
Info    : [100%] Meshing curve 20 (Line)
Info    : Done meshing 1D (Wall 0.000914097s, CPU 0s)
Info    : Meshing 2D...
Info    : [  0%] Meshing surface 1 (Plane, Frontal-Delaunay)
Info    : [ 20%] Meshing surface 13 (Surface, Frontal-Delaunay)
Info    : [ 40%] Meshing surface 17 (Surface, Frontal-Delaunay)
Info    : [ 60%] Meshing surface 21 (Surface, Frontal-Delaunay)
Info    : [ 70%] Meshing surface 25 (Surface, Frontal-Delaunay)
Info    : [ 90%] Meshing surface 26 (Plane, Frontal-Delaunay)
Info    : Done meshing 2D (Wall 0.015661s, CPU 0s)
Info    : Meshing 3D...
Info    : 3D Meshing 1 volume with 1 connected component
Info    : Tetrahedrizing 842 nodes...
Info    : Done tetrahedrizing 850 nodes (Wall 0.00575113s, CPU 0s)
Info    : Reconstructing mesh...
Info    :  - Creating surface mesh
Info    :  - Identifying boundary edges
Info    :  - Recovering boundary
Info    :  - Added 3 Steiner points
Info    : Done reconstructing mesh (Wall 0.0156372s, CPU 0.03125s)
Info    : Found volume 1
Info    : It. 0 - 0 nodes created - worst tet radius 1.41528 (nodes removed 0 0)
Info    : 3D refinement terminated (852 nodes total):
Info    :  - 0 Delaunay cavities modified for star shapeness
Info    :  - 4 nodes could not be inserted
Info    :  - 2338 tetrahedra created in 0.000256062 sec. (9130617 tets/s)
Info    : 2 node relocations
Info    : Done meshing 3D (Wall 0.0280662s, CPU 0.03125s)
Info    : Optimizing mesh...
Info    : Optimizing volume 1
Info    : Optimization starts (volume = 0.00125227) with worst = 0.0278103 / average = 0.732242:
Info    : 0.00 < quality < 0.10 :         7 elements
Info    : 0.10 < quality < 0.20 :         4 elements
Info    : 0.20 < quality < 0.30 :         6 elements
Info    : 0.30 < quality < 0.40 :         0 elements
Info    : 0.40 < quality < 0.50 :        10 elements
Info    : 0.50 < quality < 0.60 :        57 elements
Info    : 0.60 < quality < 0.70 :       818 elements
Info    : 0.70 < quality < 0.80 :      1089 elements
Info    : 0.80 < quality < 0.90 :       189 elements
Info    : 0.90 < quality < 1.00 :       158 elements
Info    : 17 edge swaps, 0 node relocations (volume = 0.00125227): worst = 0.459193 / average = 0.737264 (Wall 0.000946999s, CPU 0s)
Info    : No ill-shaped tets in the mesh :-)
Info    : 0.00 < quality < 0.10 :         0 elements
Info    : 0.10 < quality < 0.20 :         0 elements
Info    : 0.20 < quality < 0.30 :         0 elements
Info    : 0.30 < quality < 0.40 :         0 elements
Info    : 0.40 < quality < 0.50 :         5 elements
Info    : 0.50 < quality < 0.60 :        56 elements
Info    : 0.60 < quality < 0.70 :       817 elements
Info    : 0.70 < quality < 0.80 :      1096 elements
Info    : 0.80 < quality < 0.90 :       189 elements
Info    : 0.90 < quality < 1.00 :       158 elements
Info    : Done optimizing mesh (Wall 0.00282907s, CPU 0s)
Info    : 852 nodes 4185 elements
Info    : Writing 'E:\pythonGATH\outputs\mesh\ga_eval_0024_1773734097.msh'...
Info    : Done writing 'E:\pythonGATH\outputs\mesh\ga_eval_0024_1773734097.msh'
Info    : Stopped on Tue Mar 17 15:54:57 2026 (From start: Wall 0.0543711s, CPU 0.03125s)
2026-03-17 15:54:57 | INFO | Mesh handoff metadata written to E:\pythonGATH\outputs\handoff\ga_eval_0024_1773734097_mesh_handoff.json
2026-03-17 15:54:57 | INFO | Mesh handoff: exists=True size=126856 wsl_readable=True wsl_path=/mnt/e/pythonGATH/outputs/mesh/ga_eval_0024_1773734097.msh
2026-03-17 15:55:06 | INFO | Real-mode WSL solver completed. first_run=4.265s repeated_avg=4.2233889999988605
2026-03-17 15:55:06 | INFO | score case=ga_eval_0024_1773734097 J=43.5342 E_in=53.7794 E_out=40.4923 E_bw=55.5963 E_smooth=30.1531 E_eff=0.2025 E_mfg=0.3498
2026-03-17 15:55:06 | INFO | case=ga_eval_0024_1773734097 fitness=-43.534157 total_error=43.534157
2026-03-17 15:55:06 | INFO | case=ga_eval_0025_1773734106 candidate={"flare": 1.803691849850516, "length": 0.35833757683787076, "mouth_radius": 0.21468648452804842, "throat_radius": 0.02}
2026-03-17 15:55:06 | INFO | ATH check command rc=0
2026-03-17 15:55:06 | INFO | ATH stdout: Ath V2025-06
Usage: ath <horn_definition_file>
2026-03-17 15:55:06 | INFO | Gmsh command rc=0
2026-03-17 15:55:06 | INFO | Gmsh stdout: Info    : Running 'C:\Users\UZAWAR\AppData\Local\Microsoft\WinGet\Packages\gmsh.gmsh_Microsoft.Winget.Source_8wekyb3d8bbwe\gmsh-4.13.1-Windows64\gmsh.EXE E:\pythonGATH\outputs\tmp\ga_eval_0025_1773734106.geo -3 -o E:\pythonGATH\outputs\mesh\ga_eval_0025_1773734106.msh' [Gmsh 4.13.1, 1 node, max. 1 thread]
Info    : Started on Tue Mar 17 15:55:06 2026
Info    : Reading 'E:\pythonGATH\outputs\tmp\ga_eval_0025_1773734106.geo'...
Info    : Done reading 'E:\pythonGATH\outputs\tmp\ga_eval_0025_1773734106.geo'
Info    : Meshing 1D...
Info    : [  0%] Meshing curve 1 (Line)
Info    : [ 10%] Meshing curve 2 (Line)
Info    : [ 20%] Meshing curve 3 (Line)
Info    : [ 30%] Meshing curve 4 (Line)
Info    : [ 40%] Meshing curve 6 (Line)
Info    : [ 50%] Meshing curve 7 (Line)
Info    : [ 60%] Meshing curve 8 (Line)
Info    : [ 60%] Meshing curve 9 (Line)
Info    : [ 70%] Meshing curve 11 (Line)
Info    : [ 80%] Meshing curve 12 (Line)
Info    : [ 90%] Meshing curve 16 (Line)
Info    : [100%] Meshing curve 20 (Line)
Info    : Done meshing 1D (Wall 0.0013659s, CPU 0s)
Info    : Meshing 2D...
Info    : [  0%] Meshing surface 1 (Plane, Frontal-Delaunay)
Info    : [ 20%] Meshing surface 13 (Surface, Frontal-Delaunay)
Info    : [ 40%] Meshing surface 17 (Surface, Frontal-Delaunay)
Info    : [ 60%] Meshing surface 21 (Surface, Frontal-Delaunay)
Info    : [ 70%] Meshing surface 25 (Surface, Frontal-Delaunay)
Info    : [ 90%] Meshing surface 26 (Plane, Frontal-Delaunay)
Info    : Done meshing 2D (Wall 0.0174279s, CPU 0s)
Info    : Meshing 3D...
Info    : 3D Meshing 1 volume with 1 connected component
Info    : Tetrahedrizing 902 nodes...
Info    : Done tetrahedrizing 910 nodes (Wall 0.00596189s, CPU 0s)
Info    : Reconstructing mesh...
Info    :  - Creating surface mesh
Info    :  - Identifying boundary edges
Info    :  - Recovering boundary
Info    : Done reconstructing mesh (Wall 0.0129261s, CPU 0s)
Info    : Found volume 1
Info    : It. 0 - 0 nodes created - worst tet radius 1.02727 (nodes removed 0 0)
Info    : 3D refinement terminated (982 nodes total):
Info    :  - 0 Delaunay cavities modified for star shapeness
Info    :  - 0 nodes could not be inserted
Info    :  - 3052 tetrahedra created in 0.00231719 sec. (1317112 tets/s)
Info    : 0 node relocations
Info    : Done meshing 3D (Wall 0.0290139s, CPU 0s)
Info    : Optimizing mesh...
Info    : Optimizing volume 1
Info    : Optimization starts (volume = 0.000840969) with worst = 0.00856141 / average = 0.709808:
Info    : 0.00 < quality < 0.10 :        29 elements
Info    : 0.10 < quality < 0.20 :        24 elements
Info    : 0.20 < quality < 0.30 :       104 elements
Info    : 0.30 < quality < 0.40 :        30 elements
Info    : 0.40 < quality < 0.50 :        48 elements
Info    : 0.50 < quality < 0.60 :       373 elements
Info    : 0.60 < quality < 0.70 :       652 elements
Info    : 0.70 < quality < 0.80 :       633 elements
Info    : 0.80 < quality < 0.90 :       807 elements
Info    : 0.90 < quality < 1.00 :       352 elements
Info    : 138 edge swaps, 6 node relocations (volume = 0.000840969): worst = 0.200025 / average = 0.733735 (Wall 0.00195408s, CPU 0s)
Info    : 147 edge swaps, 6 node relocations (volume = 0.000840969): worst = 0.251637 / average = 0.734735 (Wall 0.00231409s, CPU 0s)
Info    : 148 edge swaps, 6 node relocations (volume = 0.000840969): worst = 0.300821 / average = 0.734957 (Wall 0.00253797s, CPU 0s)
Info    : No ill-shaped tets in the mesh :-)
Info    : 0.00 < quality < 0.10 :         0 elements
Info    : 0.10 < quality < 0.20 :         0 elements
Info    : 0.20 < quality < 0.30 :         0 elements
Info    : 0.30 < quality < 0.40 :        32 elements
Info    : 0.40 < quality < 0.50 :        97 elements
Info    : 0.50 < quality < 0.60 :       365 elements
Info    : 0.60 < quality < 0.70 :       659 elements
Info    : 0.70 < quality < 0.80 :       609 elements
Info    : 0.80 < quality < 0.90 :       804 elements
Info    : 0.90 < quality < 1.00 :       366 elements
Info    : Done optimizing mesh (Wall 0.00492287s, CPU 0s)
Info    : 982 nodes 4918 elements
Info    : Writing 'E:\pythonGATH\outputs\mesh\ga_eval_0025_1773734106.msh'...
Info    : Done writing 'E:\pythonGATH\outputs\mesh\ga_eval_0025_1773734106.msh'
Info    : Stopped on Tue Mar 17 15:55:06 2026 (From start: Wall 0.0610349s, CPU 0s)
2026-03-17 15:55:06 | INFO | Mesh handoff metadata written to E:\pythonGATH\outputs\handoff\ga_eval_0025_1773734106_mesh_handoff.json
2026-03-17 15:55:06 | INFO | Mesh handoff: exists=True size=149948 wsl_readable=True wsl_path=/mnt/e/pythonGATH/outputs/mesh/ga_eval_0025_1773734106.msh
2026-03-17 15:55:15 | INFO | Real-mode WSL solver completed. first_run=4.255s repeated_avg=4.231761199996981
2026-03-17 15:55:15 | INFO | score case=ga_eval_0025_1773734106 J=29.3330 E_in=37.9871 E_out=39.2414 E_bw=6.5671 E_smooth=27.3223 E_eff=0.1995 E_mfg=0.0911
2026-03-17 15:55:15 | INFO | case=ga_eval_0025_1773734106 fitness=-29.332977 total_error=29.332977
2026-03-17 15:55:15 | INFO | case=ga_eval_0026_1773734115 candidate={"flare": 1.9711525969761325, "length": 0.1383707913942878, "mouth_radius": 0.3381376761341053, "throat_radius": 0.02}
2026-03-17 15:55:15 | INFO | ATH check command rc=0
2026-03-17 15:55:15 | INFO | ATH stdout: Ath V2025-06
Usage: ath <horn_definition_file>
2026-03-17 15:55:15 | INFO | Gmsh command rc=0
2026-03-17 15:55:15 | INFO | Gmsh stdout: Info    : Running 'C:\Users\UZAWAR\AppData\Local\Microsoft\WinGet\Packages\gmsh.gmsh_Microsoft.Winget.Source_8wekyb3d8bbwe\gmsh-4.13.1-Windows64\gmsh.EXE E:\pythonGATH\outputs\tmp\ga_eval_0026_1773734115.geo -3 -o E:\pythonGATH\outputs\mesh\ga_eval_0026_1773734115.msh' [Gmsh 4.13.1, 1 node, max. 1 thread]
Info    : Started on Tue Mar 17 15:55:15 2026
Info    : Reading 'E:\pythonGATH\outputs\tmp\ga_eval_0026_1773734115.geo'...
Info    : Done reading 'E:\pythonGATH\outputs\tmp\ga_eval_0026_1773734115.geo'
Info    : Meshing 1D...
Info    : [  0%] Meshing curve 1 (Line)
Info    : [ 10%] Meshing curve 2 (Line)
Info    : [ 20%] Meshing curve 3 (Line)
Info    : [ 30%] Meshing curve 4 (Line)
Info    : [ 40%] Meshing curve 6 (Line)
Info    : [ 50%] Meshing curve 7 (Line)
Info    : [ 60%] Meshing curve 8 (Line)
Info    : [ 60%] Meshing curve 9 (Line)
Info    : [ 70%] Meshing curve 11 (Line)
Info    : [ 80%] Meshing curve 12 (Line)
Info    : [ 90%] Meshing curve 16 (Line)
Info    : [100%] Meshing curve 20 (Line)
Info    : Done meshing 1D (Wall 0.00105906s, CPU 0s)
Info    : Meshing 2D...
Info    : [  0%] Meshing surface 1 (Plane, Frontal-Delaunay)
Info    : [ 20%] Meshing surface 13 (Surface, Frontal-Delaunay)
Info    : [ 40%] Meshing surface 17 (Surface, Frontal-Delaunay)
Info    : [ 60%] Meshing surface 21 (Surface, Frontal-Delaunay)
Info    : [ 70%] Meshing surface 25 (Surface, Frontal-Delaunay)
Info    : [ 90%] Meshing surface 26 (Plane, Frontal-Delaunay)
Info    : Done meshing 2D (Wall 0.0767s, CPU 0.015625s)
Info    : Meshing 3D...
Info    : 3D Meshing 1 volume with 1 connected component
Info    : Tetrahedrizing 3801 nodes...
Info    : Done tetrahedrizing 3809 nodes (Wall 0.0267751s, CPU 0.03125s)
Info    : Reconstructing mesh...
Info    :  - Creating surface mesh
Info    :  - Identifying boundary edges
Info    :  - Recovering boundary
Info    : Done reconstructing mesh (Wall 0.0650029s, CPU 0.0625s)
Info    : Found volume 1
Info    : It. 0 - 0 nodes created - worst tet radius 4.61882 (nodes removed 0 0)
Info    : It. 500 - 499 nodes created - worst tet radius 1.47938 (nodes removed 0 1)
Info    : It. 1000 - 999 nodes created - worst tet radius 1.24705 (nodes removed 0 1)
Info    : It. 1500 - 1499 nodes created - worst tet radius 1.10829 (nodes removed 0 1)
Info    : It. 2000 - 1999 nodes created - worst tet radius 1.02704 (nodes removed 0 1)
Info    : 3D refinement terminated (6033 nodes total):
Info    :  - 9 Delaunay cavities modified for star shapeness
Info    :  - 1 nodes could not be inserted
Info    :  - 25459 tetrahedra created in 0.0667779 sec. (381248 tets/s)
Info    : 0 node relocations
Info    : Done meshing 3D (Wall 0.225185s, CPU 0.125s)
Info    : Optimizing mesh...
Info    : Optimizing volume 1
Info    : Optimization starts (volume = 0.000495559) with worst = 0.00979354 / average = 0.768855:
Info    : 0.00 < quality < 0.10 :        65 elements
Info    : 0.10 < quality < 0.20 :       190 elements
Info    : 0.20 < quality < 0.30 :       253 elements
Info    : 0.30 < quality < 0.40 :       398 elements
Info    : 0.40 < quality < 0.50 :       639 elements
Info    : 0.50 < quality < 0.60 :      1149 elements
Info    : 0.60 < quality < 0.70 :      3308 elements
Info    : 0.70 < quality < 0.80 :      6672 elements
Info    : 0.80 < quality < 0.90 :      8832 elements
Info    : 0.90 < quality < 1.00 :      3953 elements
Info    : 505 edge swaps, 21 node relocations (volume = 0.000495559): worst = 0.198865 / average = 0.781281 (Wall 0.00643992s, CPU 0s)
Info    : 512 edge swaps, 22 node relocations (volume = 0.000495559): worst = 0.286095 / average = 0.781436 (Wall 0.0077219s, CPU 0s)
Info    : No ill-shaped tets in the mesh :-)
Info    : 0.00 < quality < 0.10 :         0 elements
Info    : 0.10 < quality < 0.20 :         0 elements
Info    : 0.20 < quality < 0.30 :         1 elements
Info    : 0.30 < quality < 0.40 :       409 elements
Info    : 0.40 < quality < 0.50 :       607 elements
Info    : 0.50 < quality < 0.60 :      1112 elements
Info    : 0.60 < quality < 0.70 :      3307 elements
Info    : 0.70 < quality < 0.80 :      6684 elements
Info    : 0.80 < quality < 0.90 :      8930 elements
Info    : 0.90 < quality < 1.00 :      3954 elements
Info    : Done optimizing mesh (Wall 0.0224791s, CPU 0.015625s)
Info    : 6033 nodes 33000 elements
Info    : Writing 'E:\pythonGATH\outputs\mesh\ga_eval_0026_1773734115.msh'...
Info    : Done writing 'E:\pythonGATH\outputs\mesh\ga_eval_0026_1773734115.msh'
Info    : Stopped on Tue Mar 17 15:55:15 2026 (From start: Wall 0.360478s, CPU 0.1875s)
2026-03-17 15:55:16 | INFO | Mesh handoff metadata written to E:\pythonGATH\outputs\handoff\ga_eval_0026_1773734115_mesh_handoff.json
2026-03-17 15:55:16 | INFO | Mesh handoff: exists=True size=1193021 wsl_readable=True wsl_path=/mnt/e/pythonGATH/outputs/mesh/ga_eval_0026_1773734115.msh
2026-03-17 15:55:24 | INFO | Real-mode WSL solver completed. first_run=4.311s repeated_avg=4.323865300000762
2026-03-17 15:55:24 | INFO | score case=ga_eval_0026_1773734115 J=11.8167 E_in=4.5611 E_out=15.1227 E_bw=18.5221 E_smooth=10.3919 E_eff=0.2025 E_mfg=42.9478
2026-03-17 15:55:24 | INFO | case=ga_eval_0026_1773734115 fitness=-11.816663 total_error=11.816663
2026-03-17 15:55:24 | INFO | case=ga_eval_0027_1773734124 candidate={"flare": 2.1085906507326646, "length": 0.12888549456181447, "mouth_radius": 0.07179140322895171, "throat_radius": 0.02}
2026-03-17 15:55:24 | INFO | ATH check command rc=0
2026-03-17 15:55:24 | INFO | ATH stdout: Ath V2025-06
Usage: ath <horn_definition_file>
2026-03-17 15:55:25 | INFO | Gmsh command rc=0
2026-03-17 15:55:25 | INFO | Gmsh stdout: Info    : Running 'C:\Users\UZAWAR\AppData\Local\Microsoft\WinGet\Packages\gmsh.gmsh_Microsoft.Winget.Source_8wekyb3d8bbwe\gmsh-4.13.1-Windows64\gmsh.EXE E:\pythonGATH\outputs\tmp\ga_eval_0027_1773734124.geo -3 -o E:\pythonGATH\outputs\mesh\ga_eval_0027_1773734124.msh' [Gmsh 4.13.1, 1 node, max. 1 thread]
Info    : Started on Tue Mar 17 15:55:24 2026
Info    : Reading 'E:\pythonGATH\outputs\tmp\ga_eval_0027_1773734124.geo'...
Info    : Done reading 'E:\pythonGATH\outputs\tmp\ga_eval_0027_1773734124.geo'
Info    : Meshing 1D...
Info    : [  0%] Meshing curve 1 (Line)
Info    : [ 10%] Meshing curve 2 (Line)
Info    : [ 20%] Meshing curve 3 (Line)
Info    : [ 30%] Meshing curve 4 (Line)
Info    : [ 40%] Meshing curve 6 (Line)
Info    : [ 50%] Meshing curve 7 (Line)
Info    : [ 60%] Meshing curve 8 (Line)
Info    : [ 60%] Meshing curve 9 (Line)
Info    : [ 70%] Meshing curve 11 (Line)
Info    : [ 80%] Meshing curve 12 (Line)
Info    : [ 90%] Meshing curve 16 (Line)
Info    : [100%] Meshing curve 20 (Line)
Info    : Done meshing 1D (Wall 0.00108004s, CPU 0s)
Info    : Meshing 2D...
Info    : [  0%] Meshing surface 1 (Plane, Frontal-Delaunay)
Info    : [ 20%] Meshing surface 13 (Surface, Frontal-Delaunay)
Info    : [ 40%] Meshing surface 17 (Surface, Frontal-Delaunay)
Info    : [ 60%] Meshing surface 21 (Surface, Frontal-Delaunay)
Info    : [ 70%] Meshing surface 25 (Surface, Frontal-Delaunay)
Info    : [ 90%] Meshing surface 26 (Plane, Frontal-Delaunay)
Info    : Done meshing 2D (Wall 0.0256078s, CPU 0s)
Info    : Meshing 3D...
Info    : 3D Meshing 1 volume with 1 connected component
Info    : Tetrahedrizing 1315 nodes...
Info    : Done tetrahedrizing 1323 nodes (Wall 0.00886703s, CPU 0s)
Info    : Reconstructing mesh...
Info    :  - Creating surface mesh
Info    :  - Identifying boundary edges
Info    :  - Recovering boundary
Info    : Done reconstructing mesh (Wall 0.0187829s, CPU 0s)
Info    : Found volume 1
Info    : It. 0 - 0 nodes created - worst tet radius 2.48146 (nodes removed 0 0)
Info    : It. 500 - 500 nodes created - worst tet radius 1.06037 (nodes removed 0 0)
Info    : 3D refinement terminated (1938 nodes total):
Info    :  - 0 Delaunay cavities modified for star shapeness
Info    :  - 0 nodes could not be inserted
Info    :  - 7830 tetrahedra created in 0.0182247 sec. (429636 tets/s)
Info    : 0 node relocations
Info    : Done meshing 3D (Wall 0.063709s, CPU 0.046875s)
Info    : Optimizing mesh...
Info    : Optimizing volume 1
Info    : Optimization starts (volume = 0.000118305) with worst = 0.0152061 / average = 0.757072:
Info    : 0.00 < quality < 0.10 :        27 elements
Info    : 0.10 < quality < 0.20 :        56 elements
Info    : 0.20 < quality < 0.30 :        91 elements
Info    : 0.30 < quality < 0.40 :       125 elements
Info    : 0.40 < quality < 0.50 :       239 elements
Info    : 0.50 < quality < 0.60 :       413 elements
Info    : 0.60 < quality < 0.70 :      1183 elements
Info    : 0.70 < quality < 0.80 :      2124 elements
Info    : 0.80 < quality < 0.90 :      2429 elements
Info    : 0.90 < quality < 1.00 :      1143 elements
Info    : 173 edge swaps, 2 node relocations (volume = 0.000118305): worst = 0.30061 / average = 0.771075 (Wall 0.00238729s, CPU 0s)
Info    : No ill-shaped tets in the mesh :-)
Info    : 0.00 < quality < 0.10 :         0 elements
Info    : 0.10 < quality < 0.20 :         0 elements
Info    : 0.20 < quality < 0.30 :         0 elements
Info    : 0.30 < quality < 0.40 :       125 elements
Info    : 0.40 < quality < 0.50 :       228 elements
Info    : 0.50 < quality < 0.60 :       398 elements
Info    : 0.60 < quality < 0.70 :      1189 elements
Info    : 0.70 < quality < 0.80 :      2132 elements
Info    : 0.80 < quality < 0.90 :      2449 elements
Info    : 0.90 < quality < 1.00 :      1149 elements
Info    : Done optimizing mesh (Wall 0.00700998s, CPU 0s)
Info    : 1938 nodes 10494 elements
Info    : Writing 'E:\pythonGATH\outputs\mesh\ga_eval_0027_1773734124.msh'...
Info    : Done writing 'E:\pythonGATH\outputs\mesh\ga_eval_0027_1773734124.msh'
Info    : Stopped on Tue Mar 17 15:55:25 2026 (From start: Wall 0.110606s, CPU 0.046875s)
2026-03-17 15:55:25 | INFO | Mesh handoff metadata written to E:\pythonGATH\outputs\handoff\ga_eval_0027_1773734124_mesh_handoff.json
2026-03-17 15:55:25 | INFO | Mesh handoff: exists=True size=359486 wsl_readable=True wsl_path=/mnt/e/pythonGATH/outputs/mesh/ga_eval_0027_1773734124.msh
2026-03-17 15:55:34 | INFO | Real-mode WSL solver completed. first_run=4.240s repeated_avg=4.256141199999547
2026-03-17 15:55:34 | INFO | score case=ga_eval_0027_1773734124 J=10.7780 E_in=3.8260 E_out=13.3344 E_bw=31.5536 E_smooth=9.2139 E_eff=0.8642 E_mfg=0.2064
2026-03-17 15:55:34 | INFO | case=ga_eval_0027_1773734124 fitness=-10.777980 total_error=10.777980
2026-03-17 15:55:34 | INFO | case=ga_eval_0028_1773734134 candidate={"flare": 1.5561679115791927, "length": 0.4231635287892182, "mouth_radius": 0.3009711404214898, "throat_radius": 0.02}
2026-03-17 15:55:34 | INFO | ATH check command rc=0
2026-03-17 15:55:34 | INFO | ATH stdout: Ath V2025-06
Usage: ath <horn_definition_file>
2026-03-17 15:55:34 | INFO | Gmsh command rc=0
2026-03-17 15:55:34 | INFO | Gmsh stdout: Info    : Running 'C:\Users\UZAWAR\AppData\Local\Microsoft\WinGet\Packages\gmsh.gmsh_Microsoft.Winget.Source_8wekyb3d8bbwe\gmsh-4.13.1-Windows64\gmsh.EXE E:\pythonGATH\outputs\tmp\ga_eval_0028_1773734134.geo -3 -o E:\pythonGATH\outputs\mesh\ga_eval_0028_1773734134.msh' [Gmsh 4.13.1, 1 node, max. 1 thread]
Info    : Started on Tue Mar 17 15:55:34 2026
Info    : Reading 'E:\pythonGATH\outputs\tmp\ga_eval_0028_1773734134.geo'...
Info    : Done reading 'E:\pythonGATH\outputs\tmp\ga_eval_0028_1773734134.geo'
Info    : Meshing 1D...
Info    : [  0%] Meshing curve 1 (Line)
Info    : [ 10%] Meshing curve 2 (Line)
Info    : [ 20%] Meshing curve 3 (Line)
Info    : [ 30%] Meshing curve 4 (Line)
Info    : [ 40%] Meshing curve 6 (Line)
Info    : [ 50%] Meshing curve 7 (Line)
Info    : [ 60%] Meshing curve 8 (Line)
Info    : [ 60%] Meshing curve 9 (Line)
Info    : [ 70%] Meshing curve 11 (Line)
Info    : [ 80%] Meshing curve 12 (Line)
Info    : [ 90%] Meshing curve 16 (Line)
Info    : [100%] Meshing curve 20 (Line)
Info    : Done meshing 1D (Wall 0.000936031s, CPU 0s)
Info    : Meshing 2D...
Info    : [  0%] Meshing surface 1 (Plane, Frontal-Delaunay)
Info    : [ 20%] Meshing surface 13 (Surface, Frontal-Delaunay)
Info    : [ 40%] Meshing surface 17 (Surface, Frontal-Delaunay)
Info    : [ 60%] Meshing surface 21 (Surface, Frontal-Delaunay)
Info    : [ 70%] Meshing surface 25 (Surface, Frontal-Delaunay)
Info    : [ 90%] Meshing surface 26 (Plane, Frontal-Delaunay)
Info    : Done meshing 2D (Wall 0.0199459s, CPU 0s)
Info    : Meshing 3D...
Info    : 3D Meshing 1 volume with 1 connected component
Info    : Tetrahedrizing 1041 nodes...
Info    : Done tetrahedrizing 1049 nodes (Wall 0.00710201s, CPU 0s)
Info    : Reconstructing mesh...
Info    :  - Creating surface mesh
Info    :  - Identifying boundary edges
Info    :  - Recovering boundary
Info    :  - Added 5 Steiner points
Info    : Done reconstructing mesh (Wall 0.0202549s, CPU 0s)
Info    : Found volume 1
Info    : It. 0 - 0 nodes created - worst tet radius 1.70709 (nodes removed 0 0)
Info    : 3D refinement terminated (1057 nodes total):
Info    :  - 0 Delaunay cavities modified for star shapeness
Info    :  - 8 nodes could not be inserted
Info    :  - 2972 tetrahedra created in 0.000436068 sec. (6815457 tets/s)
Info    : 4 node relocations
Info    : Done meshing 3D (Wall 0.0358372s, CPU 0s)
Info    : Optimizing mesh...
Info    : Optimizing volume 1
Info    : Optimization starts (volume = 0.00135823) with worst = 0.0125437 / average = 0.711126:
Info    : 0.00 < quality < 0.10 :        10 elements
Info    : 0.10 < quality < 0.20 :        10 elements
Info    : 0.20 < quality < 0.30 :        15 elements
Info    : 0.30 < quality < 0.40 :         7 elements
Info    : 0.40 < quality < 0.50 :        13 elements
Info    : 0.50 < quality < 0.60 :       132 elements
Info    : 0.60 < quality < 0.70 :      1118 elements
Info    : 0.70 < quality < 0.80 :      1316 elements
Info    : 0.80 < quality < 0.90 :       139 elements
Info    : 0.90 < quality < 1.00 :       212 elements
Info    : 32 edge swaps, 0 node relocations (volume = 0.00135823): worst = 0.310416 / average = 0.718009 (Wall 0.00118613s, CPU 0s)
Info    : No ill-shaped tets in the mesh :-)
Info    : 0.00 < quality < 0.10 :         0 elements
Info    : 0.10 < quality < 0.20 :         0 elements
Info    : 0.20 < quality < 0.30 :         0 elements
Info    : 0.30 < quality < 0.40 :         7 elements
Info    : 0.40 < quality < 0.50 :        15 elements
Info    : 0.50 < quality < 0.60 :       133 elements
Info    : 0.60 < quality < 0.70 :      1110 elements
Info    : 0.70 < quality < 0.80 :      1325 elements
Info    : 0.80 < quality < 0.90 :       140 elements
Info    : 0.90 < quality < 1.00 :       210 elements
Info    : Done optimizing mesh (Wall 0.00359201s, CPU 0s)
Info    : 1057 nodes 5216 elements
Info    : Writing 'E:\pythonGATH\outputs\mesh\ga_eval_0028_1773734134.msh'...
Info    : Done writing 'E:\pythonGATH\outputs\mesh\ga_eval_0028_1773734134.msh'
Info    : Stopped on Tue Mar 17 15:55:34 2026 (From start: Wall 0.0683157s, CPU 0s)
2026-03-17 15:55:34 | INFO | Mesh handoff metadata written to E:\pythonGATH\outputs\handoff\ga_eval_0028_1773734134_mesh_handoff.json
2026-03-17 15:55:34 | INFO | Mesh handoff: exists=True size=159430 wsl_readable=True wsl_path=/mnt/e/pythonGATH/outputs/mesh/ga_eval_0028_1773734134.msh
2026-03-17 15:55:43 | INFO | Real-mode WSL solver completed. first_run=4.255s repeated_avg=4.2880403000017395
2026-03-17 15:55:43 | INFO | score case=ga_eval_0028_1773734134 J=37.4626 E_in=51.1957 E_out=50.3266 E_bw=0.1171 E_smooth=33.6438 E_eff=0.2025 E_mfg=3.5297
2026-03-17 15:55:43 | INFO | case=ga_eval_0028_1773734134 fitness=-37.462605 total_error=37.462605
2026-03-17 15:55:43 | INFO | case=ga_eval_0029_1773734143 candidate={"flare": 2.475903331681279, "length": 0.2330368820197829, "mouth_radius": 0.16776201620029543, "throat_radius": 0.02}
2026-03-17 15:55:43 | INFO | ATH check command rc=0
2026-03-17 15:55:43 | INFO | ATH stdout: Ath V2025-06
Usage: ath <horn_definition_file>
2026-03-17 15:55:43 | INFO | Gmsh command rc=0
2026-03-17 15:55:43 | INFO | Gmsh stdout: Info    : Running 'C:\Users\UZAWAR\AppData\Local\Microsoft\WinGet\Packages\gmsh.gmsh_Microsoft.Winget.Source_8wekyb3d8bbwe\gmsh-4.13.1-Windows64\gmsh.EXE E:\pythonGATH\outputs\tmp\ga_eval_0029_1773734143.geo -3 -o E:\pythonGATH\outputs\mesh\ga_eval_0029_1773734143.msh' [Gmsh 4.13.1, 1 node, max. 1 thread]
Info    : Started on Tue Mar 17 15:55:43 2026
Info    : Reading 'E:\pythonGATH\outputs\tmp\ga_eval_0029_1773734143.geo'...
Info    : Done reading 'E:\pythonGATH\outputs\tmp\ga_eval_0029_1773734143.geo'
Info    : Meshing 1D...
Info    : [  0%] Meshing curve 1 (Line)
Info    : [ 10%] Meshing curve 2 (Line)
Info    : [ 20%] Meshing curve 3 (Line)
Info    : [ 30%] Meshing curve 4 (Line)
Info    : [ 40%] Meshing curve 6 (Line)
Info    : [ 50%] Meshing curve 7 (Line)
Info    : [ 60%] Meshing curve 8 (Line)
Info    : [ 60%] Meshing curve 9 (Line)
Info    : [ 70%] Meshing curve 11 (Line)
Info    : [ 80%] Meshing curve 12 (Line)
Info    : [ 90%] Meshing curve 16 (Line)
Info    : [100%] Meshing curve 20 (Line)
Info    : Done meshing 1D (Wall 0.000959873s, CPU 0s)
Info    : Meshing 2D...
Info    : [  0%] Meshing surface 1 (Plane, Frontal-Delaunay)
Info    : [ 20%] Meshing surface 13 (Surface, Frontal-Delaunay)
Info    : [ 40%] Meshing surface 17 (Surface, Frontal-Delaunay)
Info    : [ 60%] Meshing surface 21 (Surface, Frontal-Delaunay)
Info    : [ 70%] Meshing surface 25 (Surface, Frontal-Delaunay)
Info    : [ 90%] Meshing surface 26 (Plane, Frontal-Delaunay)
Info    : Done meshing 2D (Wall 0.0232091s, CPU 0s)
Info    : Meshing 3D...
Info    : 3D Meshing 1 volume with 1 connected component
Info    : Tetrahedrizing 1170 nodes...
Info    : Done tetrahedrizing 1178 nodes (Wall 0.00841093s, CPU 0s)
Info    : Reconstructing mesh...
Info    :  - Creating surface mesh
Info    :  - Identifying boundary edges
Info    :  - Recovering boundary
Info    :  - Added 1 Steiner point
Info    : Done reconstructing mesh (Wall 0.0190341s, CPU 0s)
Info    : Found volume 1
Info    : It. 0 - 0 nodes created - worst tet radius 2.84798 (nodes removed 0 0)
Info    : 3D refinement terminated (1421 nodes total):
Info    :  - 5 Delaunay cavities modified for star shapeness
Info    :  - 12 nodes could not be inserted
Info    :  - 4863 tetrahedra created in 0.00738001 sec. (658942 tets/s)
Info    : 0 node relocations
Info    : Done meshing 3D (Wall 0.0467291s, CPU 0.046875s)
Info    : Optimizing mesh...
Info    : Optimizing volume 1
Info    : Optimization starts (volume = 0.000437555) with worst = 0.0266064 / average = 0.763316:
Info    : 0.00 < quality < 0.10 :        17 elements
Info    : 0.10 < quality < 0.20 :        26 elements
Info    : 0.20 < quality < 0.30 :        32 elements
Info    : 0.30 < quality < 0.40 :        58 elements
Info    : 0.40 < quality < 0.50 :        91 elements
Info    : 0.50 < quality < 0.60 :       142 elements
Info    : 0.60 < quality < 0.70 :       777 elements
Info    : 0.70 < quality < 0.80 :      1762 elements
Info    : 0.80 < quality < 0.90 :      1484 elements
Info    : 0.90 < quality < 1.00 :       474 elements
Info    : 74 edge swaps, 2 node relocations (volume = 0.000437555): worst = 0.30026 / average = 0.772871 (Wall 0.00147295s, CPU 0s)
Info    : No ill-shaped tets in the mesh :-)
Info    : 0.00 < quality < 0.10 :         0 elements
Info    : 0.10 < quality < 0.20 :         0 elements
Info    : 0.20 < quality < 0.30 :         0 elements
Info    : 0.30 < quality < 0.40 :        57 elements
Info    : 0.40 < quality < 0.50 :        91 elements
Info    : 0.50 < quality < 0.60 :       145 elements
Info    : 0.60 < quality < 0.70 :       761 elements
Info    : 0.70 < quality < 0.80 :      1768 elements
Info    : 0.80 < quality < 0.90 :      1508 elements
Info    : 0.90 < quality < 1.00 :       471 elements
Info    : Done optimizing mesh (Wall 0.00490332s, CPU 0s)
Info    : 1421 nodes 7339 elements
Info    : Writing 'E:\pythonGATH\outputs\mesh\ga_eval_0029_1773734143.msh'...
Info    : Done writing 'E:\pythonGATH\outputs\mesh\ga_eval_0029_1773734143.msh'
Info    : Stopped on Tue Mar 17 15:55:43 2026 (From start: Wall 0.0863521s, CPU 0.046875s)
2026-03-17 15:55:43 | INFO | Mesh handoff metadata written to E:\pythonGATH\outputs\handoff\ga_eval_0029_1773734143_mesh_handoff.json
2026-03-17 15:55:43 | INFO | Mesh handoff: exists=True size=239041 wsl_readable=True wsl_path=/mnt/e/pythonGATH/outputs/mesh/ga_eval_0029_1773734143.msh
2026-03-17 15:55:52 | INFO | Real-mode WSL solver completed. first_run=4.260s repeated_avg=4.264295000000857
2026-03-17 15:55:52 | INFO | score case=ga_eval_0029_1773734143 J=24.2123 E_in=15.4182 E_out=19.7200 E_bw=75.6906 E_smooth=14.8120 E_eff=0.2906 E_mfg=0.4070
2026-03-17 15:55:52 | INFO | case=ga_eval_0029_1773734143 fitness=-24.212337 total_error=24.212337
2026-03-17 15:55:52 | INFO | case=ga_eval_0030_1773734152 candidate={"flare": 1.4916562707936025, "length": 0.17446906468154583, "mouth_radius": 0.363163461236608, "throat_radius": 0.02}
2026-03-17 15:55:52 | INFO | ATH check command rc=0
2026-03-17 15:55:52 | INFO | ATH stdout: Ath V2025-06
Usage: ath <horn_definition_file>
2026-03-17 15:55:52 | INFO | Gmsh command rc=0
2026-03-17 15:55:52 | INFO | Gmsh stdout: Info    : Running 'C:\Users\UZAWAR\AppData\Local\Microsoft\WinGet\Packages\gmsh.gmsh_Microsoft.Winget.Source_8wekyb3d8bbwe\gmsh-4.13.1-Windows64\gmsh.EXE E:\pythonGATH\outputs\tmp\ga_eval_0030_1773734152.geo -3 -o E:\pythonGATH\outputs\mesh\ga_eval_0030_1773734152.msh' [Gmsh 4.13.1, 1 node, max. 1 thread]
Info    : Started on Tue Mar 17 15:55:52 2026
Info    : Reading 'E:\pythonGATH\outputs\tmp\ga_eval_0030_1773734152.geo'...
Info    : Done reading 'E:\pythonGATH\outputs\tmp\ga_eval_0030_1773734152.geo'
Info    : Meshing 1D...
Info    : [  0%] Meshing curve 1 (Line)
Info    : [ 10%] Meshing curve 2 (Line)
Info    : [ 20%] Meshing curve 3 (Line)
Info    : [ 30%] Meshing curve 4 (Line)
Info    : [ 40%] Meshing curve 6 (Line)
Info    : [ 50%] Meshing curve 7 (Line)
Info    : [ 60%] Meshing curve 8 (Line)
Info    : [ 60%] Meshing curve 9 (Line)
Info    : [ 70%] Meshing curve 11 (Line)
Info    : [ 80%] Meshing curve 12 (Line)
Info    : [ 90%] Meshing curve 16 (Line)
Info    : [100%] Meshing curve 20 (Line)
Info    : Done meshing 1D (Wall 0.00103307s, CPU 0s)
Info    : Meshing 2D...
Info    : [  0%] Meshing surface 1 (Plane, Frontal-Delaunay)
Info    : [ 20%] Meshing surface 13 (Surface, Frontal-Delaunay)
Info    : [ 40%] Meshing surface 17 (Surface, Frontal-Delaunay)
Info    : [ 60%] Meshing surface 21 (Surface, Frontal-Delaunay)
Info    : [ 70%] Meshing surface 25 (Surface, Frontal-Delaunay)
Info    : [ 90%] Meshing surface 26 (Plane, Frontal-Delaunay)
Info    : Done meshing 2D (Wall 0.0610449s, CPU 0.0625s)
Info    : Meshing 3D...
Info    : 3D Meshing 1 volume with 1 connected component
Info    : Tetrahedrizing 3068 nodes...
Info    : Done tetrahedrizing 3076 nodes (Wall 0.019856s, CPU 0.015625s)
Info    : Reconstructing mesh...
Info    :  - Creating surface mesh
Info    :  - Identifying boundary edges
Info    :  - Recovering boundary
Info    :  - Added 1 Steiner point
Info    : Done reconstructing mesh (Wall 0.04884s, CPU 0.046875s)
Info    : Found volume 1
Info    : It. 0 - 0 nodes created - worst tet radius 4.80607 (nodes removed 0 0)
Info    : It. 500 - 490 nodes created - worst tet radius 1.2466 (nodes removed 0 10)
Info    : It. 1000 - 990 nodes created - worst tet radius 1.12105 (nodes removed 0 10)
Info    : 3D refinement terminated (4470 nodes total):
Info    :  - 2 Delaunay cavities modified for star shapeness
Info    :  - 10 nodes could not be inserted
Info    :  - 17996 tetrahedra created in 0.0429289 sec. (419204 tets/s)
Info    : 0 node relocations
Info    : Done meshing 3D (Wall 0.159343s, CPU 0.09375s)
Info    : Optimizing mesh...
Info    : Optimizing volume 1
Info    : Optimization starts (volume = 0.000668501) with worst = 0.00420881 / average = 0.770878:
Info    : 0.00 < quality < 0.10 :        50 elements
Info    : 0.10 < quality < 0.20 :       139 elements
Info    : 0.20 < quality < 0.30 :       174 elements
Info    : 0.30 < quality < 0.40 :       271 elements
Info    : 0.40 < quality < 0.50 :       524 elements
Info    : 0.50 < quality < 0.60 :       757 elements
Info    : 0.60 < quality < 0.70 :      2098 elements
Info    : 0.70 < quality < 0.80 :      5013 elements
Info    : 0.80 < quality < 0.90 :      6024 elements
Info    : 0.90 < quality < 1.00 :      2946 elements
Info    : 359 edge swaps, 4 node relocations (volume = 0.000668501): worst = 0.120608 / average = 0.784133 (Wall 0.00433588s, CPU 0s)
Info    : 363 edge swaps, 4 node relocations (volume = 0.000668501): worst = 0.120608 / average = 0.784294 (Wall 0.00522494s, CPU 0s)
Info    : No ill-shaped tets in the mesh :-)
Info    : 0.00 < quality < 0.10 :         0 elements
Info    : 0.10 < quality < 0.20 :         1 elements
Info    : 0.20 < quality < 0.30 :         0 elements
Info    : 0.30 < quality < 0.40 :       257 elements
Info    : 0.40 < quality < 0.50 :       487 elements
Info    : 0.50 < quality < 0.60 :       758 elements
Info    : 0.60 < quality < 0.70 :      2082 elements
Info    : 0.70 < quality < 0.80 :      5022 elements
Info    : 0.80 < quality < 0.90 :      6088 elements
Info    : 0.90 < quality < 1.00 :      2956 elements
Info    : Done optimizing mesh (Wall 0.0147972s, CPU 0s)
Info    : 4469 nodes 24138 elements
Info    : Writing 'E:\pythonGATH\outputs\mesh\ga_eval_0030_1773734152.msh'...
Info    : Done writing 'E:\pythonGATH\outputs\mesh\ga_eval_0030_1773734152.msh'
Info    : Stopped on Tue Mar 17 15:55:52 2026 (From start: Wall 0.262259s, CPU 0.15625s)
2026-03-17 15:55:52 | INFO | Mesh handoff metadata written to E:\pythonGATH\outputs\handoff\ga_eval_0030_1773734152_mesh_handoff.json
2026-03-17 15:55:52 | INFO | Mesh handoff: exists=True size=859268 wsl_readable=True wsl_path=/mnt/e/pythonGATH/outputs/mesh/ga_eval_0030_1773734152.msh
2026-03-17 15:56:01 | INFO | Real-mode WSL solver completed. first_run=4.341s repeated_avg=4.531393199999002
2026-03-17 15:56:01 | INFO | score case=ga_eval_0030_1773734152 J=13.8899 E_in=8.5426 E_out=23.1117 E_bw=1.3786 E_smooth=15.1661 E_eff=0.2025 E_mfg=51.2840
2026-03-17 15:56:01 | INFO | case=ga_eval_0030_1773734152 fitness=-13.889949 total_error=13.889949
2026-03-17 15:56:01 | INFO | case=ga_eval_0031_1773734161 candidate={"flare": 2.100480252911055, "length": 0.4824714516052713, "mouth_radius": 0.05, "throat_radius": 0.02}
2026-03-17 15:56:01 | INFO | ATH check command rc=0
2026-03-17 15:56:01 | INFO | ATH stdout: Ath V2025-06
Usage: ath <horn_definition_file>
2026-03-17 15:56:01 | INFO | Gmsh command rc=0
2026-03-17 15:56:01 | INFO | Gmsh stdout: Info    : Running 'C:\Users\UZAWAR\AppData\Local\Microsoft\WinGet\Packages\gmsh.gmsh_Microsoft.Winget.Source_8wekyb3d8bbwe\gmsh-4.13.1-Windows64\gmsh.EXE E:\pythonGATH\outputs\tmp\ga_eval_0031_1773734161.geo -3 -o E:\pythonGATH\outputs\mesh\ga_eval_0031_1773734161.msh' [Gmsh 4.13.1, 1 node, max. 1 thread]
Info    : Started on Tue Mar 17 15:56:01 2026
Info    : Reading 'E:\pythonGATH\outputs\tmp\ga_eval_0031_1773734161.geo'...
Info    : Done reading 'E:\pythonGATH\outputs\tmp\ga_eval_0031_1773734161.geo'
Info    : Meshing 1D...
Info    : [  0%] Meshing curve 1 (Line)
Info    : [ 10%] Meshing curve 2 (Line)
Info    : [ 20%] Meshing curve 3 (Line)
Info    : [ 30%] Meshing curve 4 (Line)
Info    : [ 40%] Meshing curve 6 (Line)
Info    : [ 50%] Meshing curve 7 (Line)
Info    : [ 60%] Meshing curve 8 (Line)
Info    : [ 60%] Meshing curve 9 (Line)
Info    : [ 70%] Meshing curve 11 (Line)
Info    : [ 80%] Meshing curve 12 (Line)
Info    : [ 90%] Meshing curve 16 (Line)
Info    : [100%] Meshing curve 20 (Line)
Info    : Done meshing 1D (Wall 0.000890017s, CPU 0s)
Info    : Meshing 2D...
Info    : [  0%] Meshing surface 1 (Plane, Frontal-Delaunay)
Info    : [ 20%] Meshing surface 13 (Surface, Frontal-Delaunay)
Info    : [ 40%] Meshing surface 17 (Surface, Frontal-Delaunay)
Info    : [ 60%] Meshing surface 21 (Surface, Frontal-Delaunay)
Info    : [ 70%] Meshing surface 25 (Surface, Frontal-Delaunay)
Info    : [ 90%] Meshing surface 26 (Plane, Frontal-Delaunay)
Info    : Done meshing 2D (Wall 0.00661111s, CPU 0s)
Info    : Meshing 3D...
Info    : 3D Meshing 1 volume with 1 connected component
Info    : Tetrahedrizing 315 nodes...
Info    : Done tetrahedrizing 323 nodes (Wall 0.00187016s, CPU 0s)
Info    : Reconstructing mesh...
Info    :  - Creating surface mesh
Info    :  - Identifying boundary edges
Info    :  - Recovering boundary
Info    : Done reconstructing mesh (Wall 0.0043931s, CPU 0s)
Info    : Found volume 1
Info    : It. 0 - 0 nodes created - worst tet radius 0.909192 (nodes removed 0 0)
Info    : 3D refinement terminated (315 nodes total):
Info    :  - 0 Delaunay cavities modified for star shapeness
Info    :  - 0 nodes could not be inserted
Info    :  - 738 tetrahedra created in 7.9155e-05 sec. (9323482 tets/s)
Info    : 0 node relocations
Info    : Done meshing 3D (Wall 0.00844693s, CPU 0s)
Info    : Optimizing mesh...
Info    : Optimizing volume 1
Info    : Optimization starts (volume = 0.00033773) with worst = 0.0775157 / average = 0.739126:
Info    : 0.00 < quality < 0.10 :         1 elements
Info    : 0.10 < quality < 0.20 :         3 elements
Info    : 0.20 < quality < 0.30 :         0 elements
Info    : 0.30 < quality < 0.40 :         0 elements
Info    : 0.40 < quality < 0.50 :         2 elements
Info    : 0.50 < quality < 0.60 :        16 elements
Info    : 0.60 < quality < 0.70 :       296 elements
Info    : 0.70 < quality < 0.80 :       221 elements
Info    : 0.80 < quality < 0.90 :        86 elements
Info    : 0.90 < quality < 1.00 :       113 elements
Info    : 4 edge swaps, 0 node relocations (volume = 0.00033773): worst = 0.476721 / average = 0.742143 (Wall 0.000617027s, CPU 0s)
Info    : No ill-shaped tets in the mesh :-)
Info    : 0.00 < quality < 0.10 :         0 elements
Info    : 0.10 < quality < 0.20 :         0 elements
Info    : 0.20 < quality < 0.30 :         0 elements
Info    : 0.30 < quality < 0.40 :         0 elements
Info    : 0.40 < quality < 0.50 :         2 elements
Info    : 0.50 < quality < 0.60 :        16 elements
Info    : 0.60 < quality < 0.70 :       298 elements
Info    : 0.70 < quality < 0.80 :       221 elements
Info    : 0.80 < quality < 0.90 :        86 elements
Info    : 0.90 < quality < 1.00 :       112 elements
Info    : Done optimizing mesh (Wall 0.00156808s, CPU 0s)
Info    : 315 nodes 1511 elements
Info    : Writing 'E:\pythonGATH\outputs\mesh\ga_eval_0031_1773734161.msh'...
Info    : Done writing 'E:\pythonGATH\outputs\mesh\ga_eval_0031_1773734161.msh'
Info    : Stopped on Tue Mar 17 15:56:01 2026 (From start: Wall 0.0220931s, CPU 0s)
2026-03-17 15:56:01 | INFO | Mesh handoff metadata written to E:\pythonGATH\outputs\handoff\ga_eval_0031_1773734161_mesh_handoff.json
2026-03-17 15:56:01 | INFO | Mesh handoff: exists=True size=44097 wsl_readable=True wsl_path=/mnt/e/pythonGATH/outputs/mesh/ga_eval_0031_1773734161.msh
2026-03-17 15:56:10 | INFO | Real-mode WSL solver completed. first_run=4.434s repeated_avg=4.233510600002774
2026-03-17 15:56:10 | INFO | score case=ga_eval_0031_1773734161 J=44.7334 E_in=60.9077 E_out=46.7774 E_bw=30.7183 E_smooth=33.8165 E_eff=0.5673 E_mfg=0.2027
2026-03-17 15:56:10 | INFO | case=ga_eval_0031_1773734161 fitness=-44.733359 total_error=44.733359
2026-03-17 15:56:10 | INFO | case=ga_eval_0032_1773734170 candidate={"flare": 1.8065913587518434, "length": 0.4501032117809107, "mouth_radius": 0.055450479412258, "throat_radius": 0.02}
2026-03-17 15:56:10 | INFO | ATH check command rc=0
2026-03-17 15:56:10 | INFO | ATH stdout: Ath V2025-06
Usage: ath <horn_definition_file>
2026-03-17 15:56:11 | INFO | Gmsh command rc=0
2026-03-17 15:56:11 | INFO | Gmsh stdout: Info    : Running 'C:\Users\UZAWAR\AppData\Local\Microsoft\WinGet\Packages\gmsh.gmsh_Microsoft.Winget.Source_8wekyb3d8bbwe\gmsh-4.13.1-Windows64\gmsh.EXE E:\pythonGATH\outputs\tmp\ga_eval_0032_1773734170.geo -3 -o E:\pythonGATH\outputs\mesh\ga_eval_0032_1773734170.msh' [Gmsh 4.13.1, 1 node, max. 1 thread]
Info    : Started on Tue Mar 17 15:56:10 2026
Info    : Reading 'E:\pythonGATH\outputs\tmp\ga_eval_0032_1773734170.geo'...
Info    : Done reading 'E:\pythonGATH\outputs\tmp\ga_eval_0032_1773734170.geo'
Info    : Meshing 1D...
Info    : [  0%] Meshing curve 1 (Line)
Info    : [ 10%] Meshing curve 2 (Line)
Info    : [ 20%] Meshing curve 3 (Line)
Info    : [ 30%] Meshing curve 4 (Line)
Info    : [ 40%] Meshing curve 6 (Line)
Info    : [ 50%] Meshing curve 7 (Line)
Info    : [ 60%] Meshing curve 8 (Line)
Info    : [ 60%] Meshing curve 9 (Line)
Info    : [ 70%] Meshing curve 11 (Line)
Info    : [ 80%] Meshing curve 12 (Line)
Info    : [ 90%] Meshing curve 16 (Line)
Info    : [100%] Meshing curve 20 (Line)
Info    : Done meshing 1D (Wall 0.00122905s, CPU 0s)
Info    : Meshing 2D...
Info    : [  0%] Meshing surface 1 (Plane, Frontal-Delaunay)
Info    : [ 20%] Meshing surface 13 (Surface, Frontal-Delaunay)
Info    : [ 40%] Meshing surface 17 (Surface, Frontal-Delaunay)
Info    : [ 60%] Meshing surface 21 (Surface, Frontal-Delaunay)
Info    : [ 70%] Meshing surface 25 (Surface, Frontal-Delaunay)
Info    : [ 90%] Meshing surface 26 (Plane, Frontal-Delaunay)
Info    : Done meshing 2D (Wall 0.00666404s, CPU 0s)
Info    : Meshing 3D...
Info    : 3D Meshing 1 volume with 1 connected component
Info    : Tetrahedrizing 337 nodes...
Info    : Done tetrahedrizing 345 nodes (Wall 0.00201011s, CPU 0s)
Info    : Reconstructing mesh...
Info    :  - Creating surface mesh
Info    :  - Identifying boundary edges
Info    :  - Recovering boundary
Info    :  - Added 1 Steiner point
Info    : Done reconstructing mesh (Wall 0.00571012s, CPU 0s)
Info    : Found volume 1
Info    : It. 0 - 0 nodes created - worst tet radius 1.44288 (nodes removed 0 0)
Info    : 3D refinement terminated (340 nodes total):
Info    :  - 0 Delaunay cavities modified for star shapeness
Info    :  - 2 nodes could not be inserted
Info    :  - 832 tetrahedra created in 0.000137091 sec. (6068975 tets/s)
Info    : 1 node relocations
Info    : Done meshing 3D (Wall 0.0104711s, CPU 0s)
Info    : Optimizing mesh...
Info    : Optimizing volume 1
Info    : Optimization starts (volume = 0.000339603) with worst = 0.0975854 / average = 0.728744:
Info    : 0.00 < quality < 0.10 :         2 elements
Info    : 0.10 < quality < 0.20 :         4 elements
Info    : 0.20 < quality < 0.30 :         8 elements
Info    : 0.30 < quality < 0.40 :         5 elements
Info    : 0.40 < quality < 0.50 :        17 elements
Info    : 0.50 < quality < 0.60 :        35 elements
Info    : 0.60 < quality < 0.70 :       304 elements
Info    : 0.70 < quality < 0.80 :       247 elements
Info    : 0.80 < quality < 0.90 :        76 elements
Info    : 0.90 < quality < 1.00 :       134 elements
Info    : 14 edge swaps, 0 node relocations (volume = 0.000339603): worst = 0.330095 / average = 0.738839 (Wall 0.000733137s, CPU 0s)
Info    : No ill-shaped tets in the mesh :-)
Info    : 0.00 < quality < 0.10 :         0 elements
Info    : 0.10 < quality < 0.20 :         0 elements
Info    : 0.20 < quality < 0.30 :         0 elements
Info    : 0.30 < quality < 0.40 :         5 elements
Info    : 0.40 < quality < 0.50 :        16 elements
Info    : 0.50 < quality < 0.60 :        28 elements
Info    : 0.60 < quality < 0.70 :       308 elements
Info    : 0.70 < quality < 0.80 :       253 elements
Info    : 0.80 < quality < 0.90 :        80 elements
Info    : 0.90 < quality < 1.00 :       129 elements
Info    : Done optimizing mesh (Wall 0.00178099s, CPU 0s)
Info    : 340 nodes 1639 elements
Info    : Writing 'E:\pythonGATH\outputs\mesh\ga_eval_0032_1773734170.msh'...
Info    : Done writing 'E:\pythonGATH\outputs\mesh\ga_eval_0032_1773734170.msh'
Info    : Stopped on Tue Mar 17 15:56:10 2026 (From start: Wall 0.0251138s, CPU 0s)
2026-03-17 15:56:11 | INFO | Mesh handoff metadata written to E:\pythonGATH\outputs\handoff\ga_eval_0032_1773734170_mesh_handoff.json
2026-03-17 15:56:11 | INFO | Mesh handoff: exists=True size=48117 wsl_readable=True wsl_path=/mnt/e/pythonGATH/outputs/mesh/ga_eval_0032_1773734170.msh
