$MeshFormat
2.2 0 8
$EndMeshFormat
$Nodes
2368
1 12.7 0 0
2 12.639 1.245 0
3 12.456 2.478 0
4 12.153 3.687 0
5 11.733 4.86 0
6 11.2 5.987 0
7 10.56 7.056 0
8 9.817 8.057 0
9 8.98 8.98 0
10 8.057 9.817 0
11 7.056 10.56 0
12 5.987 11.2 0
13 4.86 11.733 0
14 3.687 12.153 0
15 2.478 12.456 0
16 1.245 12.639 0
17 0 12.7 0
18 -1.245 12.639 0
19 -2.478 12.456 0
20 -3.687 12.153 0
21 -4.86 11.733 0
22 -5.987 11.2 0
23 -7.056 10.56 0
24 -8.057 9.817 0
25 -8.98 8.98 0
26 -9.817 8.057 0
27 -10.56 7.056 0
28 -11.2 5.987 0
29 -11.733 4.86 0
30 -12.153 3.687 0
31 -12.456 2.478 0
32 -12.639 1.245 0
33 -12.7 0 0
34 -12.639 -1.245 0
35 -12.456 -2.478 0
36 -12.153 -3.687 0
37 -11.733 -4.86 0
38 -11.2 -5.987 0
39 -10.56 -7.056 0
40 -9.817 -8.057 0
41 -8.98 -8.98 0
42 -8.057 -9.817 0
43 -7.056 -10.56 0
44 -5.987 -11.2 0
45 -4.86 -11.733 0
46 -3.687 -12.153 0
47 -2.478 -12.456 0
48 -1.245 -12.639 0
49 0 -12.7 0
50 1.245 -12.639 0
51 2.478 -12.456 0
52 3.687 -12.153 0
53 4.86 -11.733 0
54 5.987 -11.2 0
55 7.056 -10.56 0
56 8.057 -9.817 0
57 8.98 -8.98 0
58 9.817 -8.057 0
59 10.56 -7.056 0
60 11.2 -5.987 0
61 11.733 -4.86 0
62 12.153 -3.687 0
63 12.456 -2.478 0
64 12.639 -1.245 0
65 12.892 0 3.166
66 12.83 1.264 3.166
67 12.644 2.515 3.166
68 12.337 3.742 3.166
69 11.911 4.934 3.166
70 11.37 6.077 3.166
71 10.719 7.162 3.166
72 9.965999999999999 8.179 3.166
73 9.116 9.116 3.166
74 8.179 9.965999999999999 3.166
75 7.162 10.719 3.166
76 6.077 11.37 3.166
77 4.934 11.911 3.166
78 3.742 12.337 3.166
79 2.515 12.644 3.166
80 1.264 12.83 3.166
81 0 12.892 3.166
82 -1.264 12.83 3.166
83 -2.515 12.644 3.166
84 -3.742 12.337 3.166
85 -4.934 11.911 3.166
86 -6.077 11.37 3.166
87 -7.162 10.719 3.166
88 -8.179 9.965999999999999 3.166
89 -9.116 9.116 3.166
90 -9.965999999999999 8.179 3.166
91 -10.719 7.162 3.166
92 -11.37 6.077 3.166
93 -11.911 4.934 3.166
94 -12.337 3.742 3.166
95 -12.644 2.515 3.166
96 -12.83 1.264 3.166
97 -12.892 0 3.166
98 -12.83 -1.264 3.166
99 -12.644 -2.515 3.166
100 -12.337 -3.742 3.166
101 -11.911 -4.934 3.166
102 -11.37 -6.077 3.166
103 -10.719 -7.162 3.166
104 -9.965999999999999 -8.179 3.166
105 -9.116 -9.116 3.166
106 -8.179 -9.965999999999999 3.166
107 -7.162 -10.719 3.166
108 -6.077 -11.37 3.166
109 -4.934 -11.911 3.166
110 -3.742 -12.337 3.166
111 -2.515 -12.644 3.166
112 -1.264 -12.83 3.166
113 0 -12.892 3.166
114 1.264 -12.83 3.166
115 2.515 -12.644 3.166
116 3.742 -12.337 3.166
117 4.934 -11.911 3.166
118 6.077 -11.37 3.166
119 7.162 -10.719 3.166
120 8.179 -9.965999999999999 3.166
121 9.116 -9.116 3.166
122 9.965999999999999 -8.179 3.166
123 10.719 -7.162 3.166
124 11.37 -6.077 3.166
125 11.911 -4.934 3.166
126 12.337 -3.742 3.166
127 12.644 -2.515 3.166
128 12.83 -1.264 3.166
129 13.76 0 7.564
130 13.694 1.349 7.564
131 13.496 2.684 7.564
132 13.168 3.994 7.564
133 12.713 5.266 7.564
134 12.135 6.487 7.564
135 11.441 7.645 7.564
136 10.637 8.728999999999999 7.564
137 9.73 9.73 7.564
138 8.728999999999999 10.637 7.564
139 7.645 11.441 7.564
140 6.487 12.135 7.564
141 5.266 12.713 7.564
142 3.994 13.168 7.564
143 2.684 13.496 7.564
144 1.349 13.694 7.564
145 0 13.76 7.564
146 -1.349 13.694 7.564
147 -2.684 13.496 7.564
148 -3.994 13.168 7.564
149 -5.266 12.713 7.564
150 -6.487 12.135 7.564
151 -7.645 11.441 7.564
152 -8.728999999999999 10.637 7.564
153 -9.73 9.73 7.564
154 -10.637 8.728999999999999 7.564
155 -11.441 7.645 7.564
156 -12.135 6.487 7.564
157 -12.713 5.266 7.564
158 -13.168 3.994 7.564
159 -13.496 2.684 7.564
160 -13.694 1.349 7.564
161 -13.76 0 7.564
162 -13.694 -1.349 7.564
163 -13.496 -2.684 7.564
164 -13.168 -3.994 7.564
165 -12.713 -5.266 7.564
166 -12.135 -6.487 7.564
167 -11.441 -7.645 7.564
168 -10.637 -8.728999999999999 7.564
169 -9.73 -9.73 7.564
170 -8.728999999999999 -10.637 7.564
171 -7.645 -11.441 7.564
172 -6.487 -12.135 7.564
173 -5.266 -12.713 7.564
174 -3.994 -13.168 7.564
175 -2.684 -13.496 7.564
176 -1.349 -13.694 7.564
177 0 -13.76 7.564
178 1.349 -13.694 7.564
179 2.684 -13.496 7.564
180 3.994 -13.168 7.564
181 5.266 -12.713 7.564
182 6.487 -12.135 7.564
183 7.645 -11.441 7.564
184 8.728999999999999 -10.637 7.564
185 9.73 -9.73 7.564
186 10.637 -8.728999999999999 7.564
187 11.441 -7.645 7.564
188 12.135 -6.487 7.564
189 12.713 -5.266 7.564
190 13.168 -3.994 7.564
191 13.496 -2.684 7.564
192 13.694 -1.349 7.564
193 15.887 0 13.631
194 15.811 1.557 13.631
195 15.582 3.099 13.631
196 15.203 4.612 13.631
197 14.678 6.08 13.631
198 14.011 7.489 13.631
199 13.21 8.826000000000001 13.631
200 12.281 10.079 13.631
201 11.234 11.234 13.631
202 10.079 12.281 13.631
203 8.826000000000001 13.21 13.631
204 7.489 14.011 13.631
205 6.08 14.678 13.631
206 4.612 15.203 13.631
207 3.099 15.582 13.631
208 1.557 15.811 13.631
209 0 15.887 13.631
210 -1.557 15.811 13.631
211 -3.099 15.582 13.631
212 -4.612 15.203 13.631
213 -6.08 14.678 13.631
214 -7.489 14.011 13.631
215 -8.826000000000001 13.21 13.631
216 -10.079 12.281 13.631
217 -11.234 11.234 13.631
218 -12.281 10.079 13.631
219 -13.21 8.826000000000001 13.631
220 -14.011 7.489 13.631
221 -14.678 6.08 13.631
222 -15.203 4.612 13.631
223 -15.582 3.099 13.631
224 -15.811 1.557 13.631
225 -15.887 0 13.631
226 -15.811 -1.557 13.631
227 -15.582 -3.099 13.631
228 -15.203 -4.612 13.631
229 -14.678 -6.08 13.631
230 -14.011 -7.489 13.631
231 -13.21 -8.826000000000001 13.631
232 -12.281 -10.079 13.631
233 -11.234 -11.234 13.631
234 -10.079 -12.281 13.631
235 -8.826000000000001 -13.21 13.631
236 -7.489 -14.011 13.631
237 -6.08 -14.678 13.631
238 -4.612 -15.203 13.631
239 -3.099 -15.582 13.631
240 -1.557 -15.811 13.631
241 0 -15.887 13.631
242 1.557 -15.811 13.631
243 3.099 -15.582 13.631
244 4.612 -15.203 13.631
245 6.08 -14.678 13.631
246 7.489 -14.011 13.631
247 8.826000000000001 -13.21 13.631
248 10.079 -12.281 13.631
249 11.234 -11.234 13.631
250 12.281 -10.079 13.631
251 13.21 -8.826000000000001 13.631
252 14.011 -7.489 13.631
253 14.678 -6.08 13.631
254 15.203 -4.612 13.631
255 15.582 -3.099 13.631
256 15.811 -1.557 13.631
257 19.498 0 21.126
258 19.404 1.911 21.126
259 19.123 3.804 21.126
260 18.658 5.66 21.126
261 18.014 7.462 21.126
262 17.196 9.191000000000001 21.126
263 16.212 10.832 21.126
264 15.072 12.369 21.126
265 13.787 13.787 21.126
266 12.369 15.072 21.126
267 10.832 16.212 21.126
268 9.191000000000001 17.196 21.126
269 7.462 18.014 21.126
270 5.66 18.658 21.126
271 3.804 19.123 21.126
272 1.911 19.404 21.126
273 0 19.498 21.126
274 -1.911 19.404 21.126
275 -3.804 19.123 21.126
276 -5.66 18.658 21.126
277 -7.462 18.014 21.126
278 -9.191000000000001 17.196 21.126
279 -10.832 16.212 21.126
280 -12.369 15.072 21.126
281 -13.787 13.787 21.126
282 -15.072 12.369 21.126
283 -16.212 10.832 21.126
284 -17.196 9.191000000000001 21.126
285 -18.014 7.462 21.126
286 -18.658 5.66 21.126
287 -19.123 3.804 21.126
288 -19.404 1.911 21.126
289 -19.498 0 21.126
290 -19.404 -1.911 21.126
291 -19.123 -3.804 21.126
292 -18.658 -5.66 21.126
293 -18.014 -7.462 21.126
294 -17.196 -9.191000000000001 21.126
295 -16.212 -10.832 21.126
296 -15.072 -12.369 21.126
297 -13.787 -13.787 21.126
298 -12.369 -15.072 21.126
299 -10.832 -16.212 21.126
300 -9.191000000000001 -17.196 21.126
301 -7.462 -18.014 21.126
302 -5.66 -18.658 21.126
303 -3.804 -19.123 21.126
304 -1.911 -19.404 21.126
305 0 -19.498 21.126
306 1.911 -19.404 21.126
307 3.804 -19.123 21.126
308 5.66 -18.658 21.126
309 7.462 -18.014 21.126
310 9.191000000000001 -17.196 21.126
311 10.832 -16.212 21.126
312 12.369 -15.072 21.126
313 13.787 -13.787 21.126
314 15.072 -12.369 21.126
315 16.212 -10.832 21.126
316 17.196 -9.191000000000001 21.126
317 18.014 -7.462 21.126
318 18.658 -5.66 21.126
319 19.123 -3.804 21.126
320 19.404 -1.911 21.126
321 24.907 0 30.59
322 24.788 2.441 30.59
323 24.429 4.859 30.59
324 23.835 7.23 30.59
325 23.012 9.532 30.59
326 21.966 11.741 30.59
327 20.71 13.838 30.59
328 19.254 15.801 30.59
329 17.612 17.612 30.59
330 15.801 19.254 30.59
331 13.838 20.71 30.59
332 11.741 21.966 30.59
333 9.532 23.012 30.59
334 7.23 23.835 30.59
335 4.859 24.429 30.59
336 2.441 24.788 30.59
337 0 24.907 30.59
338 -2.441 24.788 30.59
339 -4.859 24.429 30.59
340 -7.23 23.835 30.59
341 -9.532 23.012 30.59
342 -11.741 21.966 30.59
343 -13.838 20.71 30.59
344 -15.801 19.254 30.59
345 -17.612 17.612 30.59
346 -19.254 15.801 30.59
347 -20.71 13.838 30.59
348 -21.966 11.741 30.59
349 -23.012 9.532 30.59
350 -23.835 7.23 30.59
351 -24.429 4.859 30.59
352 -24.788 2.441 30.59
353 -24.907 0 30.59
354 -24.788 -2.441 30.59
355 -24.429 -4.859 30.59
356 -23.835 -7.23 30.59
357 -23.012 -9.532 30.59
358 -21.966 -11.741 30.59
359 -20.71 -13.838 30.59
360 -19.254 -15.801 30.59
361 -17.612 -17.612 30.59
362 -15.801 -19.254 30.59
363 -13.838 -20.71 30.59
364 -11.741 -21.966 30.59
365 -9.532 -23.012 30.59
366 -7.23 -23.835 30.59
367 -4.859 -24.429 30.59
368 -2.441 -24.788 30.59
369 0 -24.907 30.59
370 2.441 -24.788 30.59
371 4.859 -24.429 30.59
372 7.23 -23.835 30.59
373 9.532 -23.012 30.59
374 11.741 -21.966 30.59
375 13.838 -20.71 30.59
376 15.801 -19.254 30.59
377 17.612 -17.612 30.59
378 19.254 -15.801 30.59
379 20.71 -13.838 30.59
380 21.966 -11.741 30.59
381 23.012 -9.532 30.59
382 23.835 -7.23 30.59
383 24.429 -4.859 30.59
384 24.788 -2.441 30.59
385 31.984 0 41.89
386 31.83 3.135 41.89
387 31.369 6.24 41.89
388 30.607 9.284000000000001 41.89
389 29.549 12.24 41.89
390 28.207 15.077 41.89
391 26.594 17.769 41.89
392 24.724 20.29 41.89
393 22.616 22.616 41.89
394 20.29 24.724 41.89
395 17.769 26.594 41.89
396 15.077 28.207 41.89
397 12.24 29.549 41.89
398 9.284000000000001 30.607 41.89
399 6.24 31.369 41.89
400 3.135 31.83 41.89
401 0 31.984 41.89
402 -3.135 31.83 41.89
403 -6.24 31.369 41.89
404 -9.284000000000001 30.607 41.89
405 -12.24 29.549 41.89
406 -15.077 28.207 41.89
407 -17.769 26.594 41.89
408 -20.29 24.724 41.89
409 -22.616 22.616 41.89
410 -24.724 20.29 41.89
411 -26.594 17.769 41.89
412 -28.207 15.077 41.89
413 -29.549 12.24 41.89
414 -30.607 9.284000000000001 41.89
415 -31.369 6.24 41.89
416 -31.83 3.135 41.89
417 -31.984 0 41.89
418 -31.83 -3.135 41.89
419 -31.369 -6.24 41.89
420 -30.607 -9.284000000000001 41.89
421 -29.549 -12.24 41.89
422 -28.207 -15.077 41.89
423 -26.594 -17.769 41.89
424 -24.724 -20.29 41.89
425 -22.616 -22.616 41.89
426 -20.29 -24.724 41.89
427 -17.769 -26.594 41.89
428 -15.077 -28.207 41.89
429 -12.24 -29.549 41.89
430 -9.284000000000001 -30.607 41.89
431 -6.24 -31.369 41.89
432 -3.135 -31.83 41.89
433 0 -31.984 41.89
434 3.135 -31.83 41.89
435 6.24 -31.369 41.89
436 9.284000000000001 -30.607 41.89
437 12.24 -29.549 41.89
438 15.077 -28.207 41.89
439 17.769 -26.594 41.89
440 20.29 -24.724 41.89
441 22.616 -22.616 41.89
442 24.724 -20.29 41.89
443 26.594 -17.769 41.89
444 28.207 -15.077 41.89
445 29.549 -12.24 41.89
446 30.607 -9.284000000000001 41.89
447 31.369 -6.24 41.89
448 31.83 -3.135 41.89
449 41.102 0 55.729
450 40.904 4.029 55.729
451 40.312 8.019 55.729
452 39.332 11.931 55.729
453 37.973 15.729 55.729
454 36.248 19.375 55.729
455 34.175 22.835 55.729
456 31.772 26.075 55.729
457 29.063 29.063 55.729
458 26.075 31.772 55.729
459 22.835 34.175 55.729
460 19.375 36.248 55.729
461 15.729 37.973 55.729
462 11.931 39.332 55.729
463 8.019 40.312 55.729
464 4.029 40.904 55.729
465 0 41.102 55.729
466 -4.029 40.904 55.729
467 -8.019 40.312 55.729
468 -11.931 39.332 55.729
469 -15.729 37.973 55.729
470 -19.375 36.248 55.729
471 -22.835 34.175 55.729
472 -26.075 31.772 55.729
473 -29.063 29.063 55.729
474 -31.772 26.075 55.729
475 -34.175 22.835 55.729
476 -36.248 19.375 55.729
477 -37.973 15.729 55.729
478 -39.332 11.931 55.729
479 -40.312 8.019 55.729
480 -40.904 4.029 55.729
481 -41.102 0 55.729
482 -40.904 -4.029 55.729
483 -40.312 -8.019 55.729
484 -39.332 -11.931 55.729
485 -37.973 -15.729 55.729
486 -36.248 -19.375 55.729
487 -34.175 -22.835 55.729
488 -31.772 -26.075 55.729
489 -29.063 -29.063 55.729
490 -26.075 -31.772 55.729
491 -22.835 -34.175 55.729
492 -19.375 -36.248 55.729
493 -15.729 -37.973 55.729
494 -11.931 -39.332 55.729
495 -8.019 -40.312 55.729
496 -4.029 -40.904 55.729
497 0 -41.102 55.729
498 4.029 -40.904 55.729
499 8.019 -40.312 55.729
500 11.931 -39.332 55.729
501 15.729 -37.973 55.729
502 19.375 -36.248 55.729
503 22.835 -34.175 55.729
504 26.075 -31.772 55.729
505 29.063 -29.063 55.729
506 31.772 -26.075 55.729
507 34.175 -22.835 55.729
508 36.248 -19.375 55.729
509 37.973 -15.729 55.729
510 39.332 -11.931 55.729
511 40.312 -8.019 55.729
512 40.904 -4.029 55.729
513 52.097 0 71.89100000000001
514 51.846 5.106 71.89100000000001
515 51.096 10.164 71.89100000000001
516 49.854 15.123 71.89100000000001
517 48.132 19.937 71.89100000000001
518 45.946 24.558 71.89100000000001
519 43.317 28.944 71.89100000000001
520 40.272 33.05 71.89100000000001
521 36.838 36.838 71.89100000000001
522 33.05 40.272 71.89100000000001
523 28.944 43.317 71.89100000000001
524 24.558 45.946 71.89100000000001
525 19.937 48.132 71.89100000000001
526 15.123 49.854 71.89100000000001
527 10.164 51.096 71.89100000000001
528 5.106 51.846 71.89100000000001
529 0 52.097 71.89100000000001
530 -5.106 51.846 71.89100000000001
531 -10.164 51.096 71.89100000000001
532 -15.123 49.854 71.89100000000001
533 -19.937 48.132 71.89100000000001
534 -24.558 45.946 71.89100000000001
535 -28.944 43.317 71.89100000000001
536 -33.05 40.272 71.89100000000001
537 -36.838 36.838 71.89100000000001
538 -40.272 33.05 71.89100000000001
539 -43.317 28.944 71.89100000000001
540 -45.946 24.558 71.89100000000001
541 -48.132 19.937 71.89100000000001
542 -49.854 15.123 71.89100000000001
543 -51.096 10.164 71.89100000000001
544 -51.846 5.106 71.89100000000001
545 -52.097 0 71.89100000000001
546 -51.846 -5.106 71.89100000000001
547 -51.096 -10.164 71.89100000000001
548 -49.854 -15.123 71.89100000000001
549 -48.132 -19.937 71.89100000000001
550 -45.946 -24.558 71.89100000000001
551 -43.317 -28.944 71.89100000000001
552 -40.272 -33.05 71.89100000000001
553 -36.838 -36.838 71.89100000000001
554 -33.05 -40.272 71.89100000000001
555 -28.944 -43.317 71.89100000000001
556 -24.558 -45.946 71.89100000000001
557 -19.937 -48.132 71.89100000000001
558 -15.123 -49.854 71.89100000000001
559 -10.164 -51.096 71.89100000000001
560 -5.106 -51.846 71.89100000000001
561 0 -52.097 71.89100000000001
562 5.106 -51.846 71.89100000000001
563 10.164 -51.096 71.89100000000001
564 15.123 -49.854 71.89100000000001
565 19.937 -48.132 71.89100000000001
566 24.558 -45.946 71.89100000000001
567 28.944 -43.317 71.89100000000001
568 33.05 -40.272 71.89100000000001
569 36.838 -36.838 71.89100000000001
570 40.272 -33.05 71.89100000000001
571 43.317 -28.944 71.89100000000001
572 45.946 -24.558 71.89100000000001
573 48.132 -19.937 71.89100000000001
574 49.854 -15.123 71.89100000000001
575 51.096 -10.164 71.89100000000001
576 51.846 -5.106 71.89100000000001
577 64.708 0 89.96599999999999
578 64.396 6.342 89.96599999999999
579 63.464 12.624 89.96599999999999
580 61.921 18.784 89.96599999999999
581 59.782 24.763 89.96599999999999
582 57.067 30.503 89.96599999999999
583 53.803 35.95 89.96599999999999
584 50.02 41.05 89.96599999999999
585 45.755 45.755 89.96599999999999
586 41.05 50.02 89.96599999999999
587 35.95 53.803 89.96599999999999
588 30.503 57.067 89.96599999999999
589 24.763 59.782 89.96599999999999
590 18.784 61.921 89.96599999999999
591 12.624 63.464 89.96599999999999
592 6.342 64.396 89.96599999999999
593 0 64.708 89.96599999999999
594 -6.342 64.396 89.96599999999999
595 -12.624 63.464 89.96599999999999
596 -18.784 61.921 89.96599999999999
597 -24.763 59.782 89.96599999999999
598 -30.503 57.067 89.96599999999999
599 -35.95 53.803 89.96599999999999
600 -41.05 50.02 89.96599999999999
601 -45.755 45.755 89.96599999999999
602 -50.02 41.05 89.96599999999999
603 -53.803 35.95 89.96599999999999
604 -57.067 30.503 89.96599999999999
605 -59.782 24.763 89.96599999999999
606 -61.921 18.784 89.96599999999999
607 -63.464 12.624 89.96599999999999
608 -64.396 6.342 89.96599999999999
609 -64.708 0 89.96599999999999
610 -64.396 -6.342 89.96599999999999
611 -63.464 -12.624 89.96599999999999
612 -61.921 -18.784 89.96599999999999
613 -59.782 -24.763 89.96599999999999
614 -57.067 -30.503 89.96599999999999
615 -53.803 -35.95 89.96599999999999
616 -50.02 -41.05 89.96599999999999
617 -45.755 -45.755 89.96599999999999
618 -41.05 -50.02 89.96599999999999
619 -35.95 -53.803 89.96599999999999
620 -30.503 -57.067 89.96599999999999
621 -24.763 -59.782 89.96599999999999
622 -18.784 -61.921 89.96599999999999
623 -12.624 -63.464 89.96599999999999
624 -6.342 -64.396 89.96599999999999
625 0 -64.708 89.96599999999999
626 6.342 -64.396 89.96599999999999
627 12.624 -63.464 89.96599999999999
628 18.784 -61.921 89.96599999999999
629 24.763 -59.782 89.96599999999999
630 30.503 -57.067 89.96599999999999
631 35.95 -53.803 89.96599999999999
632 41.05 -50.02 89.96599999999999
633 45.755 -45.755 89.96599999999999
634 50.02 -41.05 89.96599999999999
635 53.803 -35.95 89.96599999999999
636 57.067 -30.503 89.96599999999999
637 59.782 -24.763 89.96599999999999
638 61.921 -18.784 89.96599999999999
639 63.464 -12.624 89.96599999999999
640 64.396 -6.342 89.96599999999999
641 79.48999999999999 0 110.589
642 79.108 7.791 110.589
643 77.96299999999999 15.508 110.589
644 76.068 23.075 110.589
645 73.43899999999999 30.42 110.589
646 70.104 37.471 110.589
647 66.09399999999999 44.162 110.589
648 61.447 50.428 110.589
649 56.208 56.208 110.589
650 50.428 61.447 110.589
651 44.162 66.09399999999999 110.589
652 37.471 70.104 110.589
653 30.42 73.43899999999999 110.589
654 23.075 76.068 110.589
655 15.508 77.96299999999999 110.589
656 7.791 79.108 110.589
657 0 79.48999999999999 110.589
658 -7.791 79.108 110.589
659 -15.508 77.96299999999999 110.589
660 -23.075 76.068 110.589
661 -30.42 73.43899999999999 110.589
662 -37.471 70.104 110.589
663 -44.162 66.09399999999999 110.589
664 -50.428 61.447 110.589
665 -56.208 56.208 110.589
666 -61.447 50.428 110.589
667 -66.09399999999999 44.162 110.589
668 -70.104 37.471 110.589
669 -73.43899999999999 30.42 110.589
670 -76.068 23.075 110.589
671 -77.96299999999999 15.508 110.589
672 -79.108 7.791 110.589
673 -79.48999999999999 0 110.589
674 -79.108 -7.791 110.589
675 -77.96299999999999 -15.508 110.589
676 -76.068 -23.075 110.589
677 -73.43899999999999 -30.42 110.589
678 -70.104 -37.471 110.589
679 -66.09399999999999 -44.162 110.589
680 -61.447 -50.428 110.589
681 -56.208 -56.208 110.589
682 -50.428 -61.447 110.589
683 -44.162 -66.09399999999999 110.589
684 -37.471 -70.104 110.589
685 -30.42 -73.43899999999999 110.589
686 -23.075 -76.068 110.589
687 -15.508 -77.96299999999999 110.589
688 -7.791 -79.108 110.589
689 0 -79.48999999999999 110.589
690 7.791 -79.108 110.589
691 15.508 -77.96299999999999 110.589
692 23.075 -76.068 110.589
693 30.42 -73.43899999999999 110.589
694 37.471 -70.104 110.589
695 44.162 -66.09399999999999 110.589
696 50.428 -61.447 110.589
697 56.208 -56.208 110.589
698 61.447 -50.428 110.589
699 66.09399999999999 -44.162 110.589
700 70.104 -37.471 110.589
701 73.43899999999999 -30.42 110.589
702 76.068 -23.075 110.589
703 77.96299999999999 -15.508 110.589
704 79.108 -7.791 110.589
705 95.944 0 132.741
706 95.482 9.404 132.741
707 94.101 18.718 132.741
708 91.813 27.851 132.741
709 88.64100000000001 36.716 132.741
710 84.61499999999999 45.228 132.741
711 79.77500000000001 53.304 132.741
712 74.166 60.866 132.741
713 67.843 67.843 132.741
714 60.866 74.166 132.741
715 53.304 79.77500000000001 132.741
716 45.228 84.61499999999999 132.741
717 36.716 88.64100000000001 132.741
718 27.851 91.813 132.741
719 18.718 94.101 132.741
720 9.404 95.482 132.741
721 0 95.944 132.741
722 -9.404 95.482 132.741
723 -18.718 94.101 132.741
724 -27.851 91.813 132.741
725 -36.716 88.64100000000001 132.741
726 -45.228 84.61499999999999 132.741
727 -53.304 79.77500000000001 132.741
728 -60.866 74.166 132.741
729 -67.843 67.843 132.741
730 -74.166 60.866 132.741
731 -79.77500000000001 53.304 132.741
732 -84.61499999999999 45.228 132.741
733 -88.64100000000001 36.716 132.741
734 -91.813 27.851 132.741
735 -94.101 18.718 132.741
736 -95.482 9.404 132.741
737 -95.944 0 132.741
738 -95.482 -9.404 132.741
739 -94.101 -18.718 132.741
740 -91.813 -27.851 132.741
741 -88.64100000000001 -36.716 132.741
742 -84.61499999999999 -45.228 132.741
743 -79.77500000000001 -53.304 132.741
744 -74.166 -60.866 132.741
745 -67.843 -67.843 132.741
746 -60.866 -74.166 132.741
747 -53.304 -79.77500000000001 132.741
748 -45.228 -84.61499999999999 132.741
749 -36.716 -88.64100000000001 132.741
750 -27.851 -91.813 132.741
751 -18.718 -94.101 132.741
752 -9.404 -95.482 132.741
753 0 -95.944 132.741
754 9.404 -95.482 132.741
755 18.718 -94.101 132.741
756 27.851 -91.813 132.741
757 36.716 -88.64100000000001 132.741
758 45.228 -84.61499999999999 132.741
759 53.304 -79.77500000000001 132.741
760 60.866 -74.166 132.741
761 67.843 -67.843 132.741
762 74.166 -60.866 132.741
763 79.77500000000001 -53.304 132.741
764 84.61499999999999 -45.228 132.741
765 88.64100000000001 -36.716 132.741
766 91.813 -27.851 132.741
767 94.101 -18.718 132.741
768 95.482 -9.404 132.741
769 113.793 0 155.625
770 113.245 11.154 155.625
771 111.606 22.2 155.625
772 108.893 33.032 155.625
773 105.131 43.547 155.625
774 100.356 53.642 155.625
775 94.61499999999999 63.22 155.625
776 87.96299999999999 72.18899999999999 155.625
777 80.464 80.464 155.625
778 72.18899999999999 87.96299999999999 155.625
779 63.22 94.61499999999999 155.625
780 53.642 100.356 155.625
781 43.547 105.131 155.625
782 33.032 108.893 155.625
783 22.2 111.606 155.625
784 11.154 113.245 155.625
785 0 113.793 155.625
786 -11.154 113.245 155.625
787 -22.2 111.606 155.625
788 -33.032 108.893 155.625
789 -43.547 105.131 155.625
790 -53.642 100.356 155.625
791 -63.22 94.61499999999999 155.625
792 -72.18899999999999 87.96299999999999 155.625
793 -80.464 80.464 155.625
794 -87.96299999999999 72.18899999999999 155.625
795 -94.61499999999999 63.22 155.625
796 -100.356 53.642 155.625
797 -105.131 43.547 155.625
798 -108.893 33.032 155.625
799 -111.606 22.2 155.625
800 -113.245 11.154 155.625
801 -113.793 0 155.625
802 -113.245 -11.154 155.625
803 -111.606 -22.2 155.625
804 -108.893 -33.032 155.625
805 -105.131 -43.547 155.625
806 -100.356 -53.642 155.625
807 -94.61499999999999 -63.22 155.625
808 -87.96299999999999 -72.18899999999999 155.625
809 -80.464 -80.464 155.625
810 -72.18899999999999 -87.96299999999999 155.625
811 -63.22 -94.61499999999999 155.625
812 -53.642 -100.356 155.625
813 -43.547 -105.131 155.625
814 -33.032 -108.893 155.625
815 -22.2 -111.606 155.625
816 -11.154 -113.245 155.625
817 0 -113.793 155.625
818 11.154 -113.245 155.625
819 22.2 -111.606 155.625
820 33.032 -108.893 155.625
821 43.547 -105.131 155.625
822 53.642 -100.356 155.625
823 63.22 -94.61499999999999 155.625
824 72.18899999999999 -87.96299999999999 155.625
825 80.464 -80.464 155.625
826 87.96299999999999 -72.18899999999999 155.625
827 94.61499999999999 -63.22 155.625
828 100.356 -53.642 155.625
829 105.131 -43.547 155.625
830 108.893 -33.032 155.625
831 111.606 -22.2 155.625
832 113.245 -11.154 155.625
833 133.095 0 178.783
834 132.455 13.046 178.783
835 130.538 25.966 178.783
836 127.364 38.636 178.783
837 122.964 50.933 178.783
838 117.38 62.741 178.783
839 110.665 73.944 178.783
840 102.884 84.435 178.783
841 94.113 94.113 178.783
842 84.435 102.884 178.783
843 73.944 110.665 178.783
844 62.741 117.38 178.783
845 50.933 122.964 178.783
846 38.636 127.364 178.783
847 25.966 130.538 178.783
848 13.046 132.455 178.783
849 0 133.095 178.783
850 -13.046 132.455 178.783
851 -25.966 130.538 178.783
852 -38.636 127.364 178.783
853 -50.933 122.964 178.783
854 -62.741 117.38 178.783
855 -73.944 110.665 178.783
856 -84.435 102.884 178.783
857 -94.113 94.113 178.783
858 -102.884 84.435 178.783
859 -110.665 73.944 178.783
860 -117.38 62.741 178.783
861 -122.964 50.933 178.783
862 -127.364 38.636 178.783
863 -130.538 25.966 178.783
864 -132.455 13.046 178.783
865 -133.095 0 178.783
866 -132.455 -13.046 178.783
867 -130.538 -25.966 178.783
868 -127.364 -38.636 178.783
869 -122.964 -50.933 178.783
870 -117.38 -62.741 178.783
871 -110.665 -73.944 178.783
872 -102.884 -84.435 178.783
873 -94.113 -94.113 178.783
874 -84.435 -102.884 178.783
875 -73.944 -110.665 178.783
876 -62.741 -117.38 178.783
877 -50.933 -122.964 178.783
878 -38.636 -127.364 178.783
879 -25.966 -130.538 178.783
880 -13.046 -132.455 178.783
881 0 -133.095 178.783
882 13.046 -132.455 178.783
883 25.966 -130.538 178.783
884 38.636 -127.364 178.783
885 50.933 -122.964 178.783
886 62.741 -117.38 178.783
887 73.944 -110.665 178.783
888 84.435 -102.884 178.783
889 94.113 -94.113 178.783
890 102.884 -84.435 178.783
891 110.665 -73.944 178.783
892 117.38 -62.741 178.783
893 122.964 -50.933 178.783
894 127.364 -38.636 178.783
895 130.538 -25.966 178.783
896 132.455 -13.046 178.783
897 152.838 0 200.521
898 152.102 14.981 200.521
899 149.901 29.817 200.521
900 146.257 44.366 200.521
901 141.204 58.488 200.521
902 134.791 72.047 200.521
903 127.08 84.91200000000001 200.521
904 118.145 96.959 200.521
905 108.073 108.073 200.521
906 96.959 118.145 200.521
907 84.91200000000001 127.08 200.521
908 72.047 134.791 200.521
909 58.488 141.204 200.521
910 44.366 146.257 200.521
911 29.817 149.901 200.521
912 14.981 152.102 200.521
913 0 152.838 200.521
914 -14.981 152.102 200.521
915 -29.817 149.901 200.521
916 -44.366 146.257 200.521
917 -58.488 141.204 200.521
918 -72.047 134.791 200.521
919 -84.91200000000001 127.08 200.521
920 -96.959 118.145 200.521
921 -108.073 108.073 200.521
922 -118.145 96.959 200.521
923 -127.08 84.91200000000001 200.521
924 -134.791 72.047 200.521
925 -141.204 58.488 200.521
926 -146.257 44.366 200.521
927 -149.901 29.817 200.521
928 -152.102 14.981 200.521
929 -152.838 0 200.521
930 -152.102 -14.981 200.521
931 -149.901 -29.817 200.521
932 -146.257 -44.366 200.521
933 -141.204 -58.488 200.521
934 -134.791 -72.047 200.521
935 -127.08 -84.91200000000001 200.521
936 -118.145 -96.959 200.521
937 -108.073 -108.073 200.521
938 -96.959 -118.145 200.521
939 -84.91200000000001 -127.08 200.521
940 -72.047 -134.791 200.521
941 -58.488 -141.204 200.521
942 -44.366 -146.257 200.521
943 -29.817 -149.901 200.521
944 -14.981 -152.102 200.521
945 0 -152.838 200.521
946 14.981 -152.102 200.521
947 29.817 -149.901 200.521
948 44.366 -146.257 200.521
949 58.488 -141.204 200.521
950 72.047 -134.791 200.521
951 84.91200000000001 -127.08 200.521
952 96.959 -118.145 200.521
953 108.073 -108.073 200.521
954 118.145 -96.959 200.521
955 127.08 -84.91200000000001 200.521
956 134.791 -72.047 200.521
957 141.204 -58.488 200.521
958 146.257 -44.366 200.521
959 149.901 -29.817 200.521
960 152.102 -14.981 200.521
961 172.98 0 220.49
962 172.147 16.955 220.49
963 169.656 33.747 220.49
964 165.531 50.213 220.49
965 159.812 66.196 220.49
966 152.554 81.542 220.49
967 143.827 96.102 220.49
968 133.715 109.737 220.49
969 122.315 122.315 220.49
970 109.737 133.715 220.49
971 96.102 143.827 220.49
972 81.542 152.554 220.49
973 66.196 159.812 220.49
974 50.213 165.531 220.49
975 33.747 169.656 220.49
976 16.955 172.147 220.49
977 0 172.98 220.49
978 -16.955 172.147 220.49
979 -33.747 169.656 220.49
980 -50.213 165.531 220.49
981 -66.196 159.812 220.49
982 -81.542 152.554 220.49
983 -96.102 143.827 220.49
984 -109.737 133.715 220.49
985 -122.315 122.315 220.49
986 -133.715 109.737 220.49
987 -143.827 96.102 220.49
988 -152.554 81.542 220.49
989 -159.812 66.196 220.49
990 -165.531 50.213 220.49
991 -169.656 33.747 220.49
992 -172.147 16.955 220.49
993 -172.98 0 220.49
994 -172.147 -16.955 220.49
995 -169.656 -33.747 220.49
996 -165.531 -50.213 220.49
997 -159.812 -66.196 220.49
998 -152.554 -81.542 220.49
999 -143.827 -96.102 220.49
1000 -133.715 -109.737 220.49
1001 -122.315 -122.315 220.49
1002 -109.737 -133.715 220.49
1003 -96.102 -143.827 220.49
1004 -81.542 -152.554 220.49
1005 -66.196 -159.812 220.49
1006 -50.213 -165.531 220.49
1007 -33.747 -169.656 220.49
1008 -16.955 -172.147 220.49
1009 0 -172.98 220.49
1010 16.955 -172.147 220.49
1011 33.747 -169.656 220.49
1012 50.213 -165.531 220.49
1013 66.196 -159.812 220.49
1014 81.542 -152.554 220.49
1015 96.102 -143.827 220.49
1016 109.737 -133.715 220.49
1017 122.315 -122.315 220.49
1018 133.715 -109.737 220.49
1019 143.827 -96.102 220.49
1020 152.554 -81.542 220.49
1021 159.812 -66.196 220.49
1022 165.531 -50.213 220.49
1023 169.656 -33.747 220.49
1024 172.147 -16.955 220.49
1025 192.655 0 237.739
1026 191.727 18.883 237.739
1027 188.953 37.585 237.739
1028 184.359 55.925 237.739
1029 177.99 73.726 237.739
1030 169.906 90.81699999999999 237.739
1031 160.187 107.033 237.739
1032 148.924 122.219 237.739
1033 136.228 136.228 237.739
1034 122.219 148.924 237.739
1035 107.033 160.187 237.739
1036 90.81699999999999 169.906 237.739
1037 73.726 177.99 237.739
1038 55.925 184.359 237.739
1039 37.585 188.953 237.739
1040 18.883 191.727 237.739
1041 0 192.655 237.739
1042 -18.883 191.727 237.739
1043 -37.585 188.953 237.739
1044 -55.925 184.359 237.739
1045 -73.726 177.99 237.739
1046 -90.81699999999999 169.906 237.739
1047 -107.033 160.187 237.739
1048 -122.219 148.924 237.739
1049 -136.228 136.228 237.739
1050 -148.924 122.219 237.739
1051 -160.187 107.033 237.739
1052 -169.906 90.81699999999999 237.739
1053 -177.99 73.726 237.739
1054 -184.359 55.925 237.739
1055 -188.953 37.585 237.739
1056 -191.727 18.883 237.739
1057 -192.655 0 237.739
1058 -191.727 -18.883 237.739
1059 -188.953 -37.585 237.739
1060 -184.359 -55.925 237.739
1061 -177.99 -73.726 237.739
1062 -169.906 -90.81699999999999 237.739
1063 -160.187 -107.033 237.739
1064 -148.924 -122.219 237.739
1065 -136.228 -136.228 237.739
1066 -122.219 -148.924 237.739
1067 -107.033 -160.187 237.739
1068 -90.81699999999999 -169.906 237.739
1069 -73.726 -177.99 237.739
1070 -55.925 -184.359 237.739
1071 -37.585 -188.953 237.739
1072 -18.883 -191.727 237.739
1073 0 -192.655 237.739
1074 18.883 -191.727 237.739
1075 37.585 -188.953 237.739
1076 55.925 -184.359 237.739
1077 73.726 -177.99 237.739
1078 90.81699999999999 -169.906 237.739
1079 107.033 -160.187 237.739
1080 122.219 -148.924 237.739
1081 136.228 -136.228 237.739
1082 148.924 -122.219 237.739
1083 160.187 -107.033 237.739
1084 169.906 -90.81699999999999 237.739
1085 177.99 -73.726 237.739
1086 184.359 -55.925 237.739
1087 188.953 -37.585 237.739
1088 191.727 -18.883 237.739
1089 212.602 0 252.909
1090 211.578 20.839 252.909
1091 208.517 41.477 252.909
1092 203.447 61.715 252.909
1093 196.418 81.35899999999999 252.909
1094 187.498 100.22 252.909
1095 176.772 118.115 252.909
1096 164.343 134.873 252.909
1097 150.332 150.332 252.909
1098 134.873 164.343 252.909
1099 118.115 176.772 252.909
1100 100.22 187.498 252.909
1101 81.35899999999999 196.418 252.909
1102 61.715 203.447 252.909
1103 41.477 208.517 252.909
1104 20.839 211.578 252.909
1105 0 212.602 252.909
1106 -20.839 211.578 252.909
1107 -41.477 208.517 252.909
1108 -61.715 203.447 252.909
1109 -81.35899999999999 196.418 252.909
1110 -100.22 187.498 252.909
1111 -118.115 176.772 252.909
1112 -134.873 164.343 252.909
1113 -150.332 150.332 252.909
1114 -164.343 134.873 252.909
1115 -176.772 118.115 252.909
1116 -187.498 100.22 252.909
1117 -196.418 81.35899999999999 252.909
1118 -203.447 61.715 252.909
1119 -208.517 41.477 252.909
1120 -211.578 20.839 252.909
1121 -212.602 0 252.909
1122 -211.578 -20.839 252.909
1123 -208.517 -41.477 252.909
1124 -203.447 -61.715 252.909
1125 -196.418 -81.35899999999999 252.909
1126 -187.498 -100.22 252.909
1127 -176.772 -118.115 252.909
1128 -164.343 -134.873 252.909
1129 -150.332 -150.332 252.909
1130 -134.873 -164.343 252.909
1131 -118.115 -176.772 252.909
1132 -100.22 -187.498 252.909
1133 -81.35899999999999 -196.418 252.909
1134 -61.715 -203.447 252.909
1135 -41.477 -208.517 252.909
1136 -20.839 -211.578 252.909
1137 0 -212.602 252.909
1138 20.839 -211.578 252.909
1139 41.477 -208.517 252.909
1140 61.715 -203.447 252.909
1141 81.35899999999999 -196.418 252.909
1142 100.22 -187.498 252.909
1143 118.115 -176.772 252.909
1144 134.873 -164.343 252.909
1145 150.332 -150.332 252.909
1146 164.343 -134.873 252.909
1147 176.772 -118.115 252.909
1148 187.498 -100.22 252.909
1149 196.418 -81.35899999999999 252.909
1150 203.447 -61.715 252.909
1151 208.517 -41.477 252.909
1152 211.578 -20.839 252.909
1153 232.348 0 265.642
1154 231.229 22.774 265.642
1155 227.884 45.329 265.642
1156 222.343 67.447 265.642
1157 214.662 88.916 265.642
1158 204.913 109.528 265.642
1159 193.19 129.086 265.642
1160 179.608 147.4 265.642
1161 164.295 164.295 265.642
1162 147.4 179.608 265.642
1163 129.086 193.19 265.642
1164 109.528 204.913 265.642
1165 88.916 214.662 265.642
1166 67.447 222.343 265.642
1167 45.329 227.884 265.642
1168 22.774 231.229 265.642
1169 0 232.348 265.642
1170 -22.774 231.229 265.642
1171 -45.329 227.884 265.642
1172 -67.447 222.343 265.642
1173 -88.916 214.662 265.642
1174 -109.528 204.913 265.642
1175 -129.086 193.19 265.642
1176 -147.4 179.608 265.642
1177 -164.295 164.295 265.642
1178 -179.608 147.4 265.642
1179 -193.19 129.086 265.642
1180 -204.913 109.528 265.642
1181 -214.662 88.916 265.642
1182 -222.343 67.447 265.642
1183 -227.884 45.329 265.642
1184 -231.229 22.774 265.642
1185 -232.348 0 265.642
1186 -231.229 -22.774 265.642
1187 -227.884 -45.329 265.642
1188 -222.343 -67.447 265.642
1189 -214.662 -88.916 265.642
1190 -204.913 -109.528 265.642
1191 -193.19 -129.086 265.642
1192 -179.608 -147.4 265.642
1193 -164.295 -164.295 265.642
1194 -147.4 -179.608 265.642
1195 -129.086 -193.19 265.642
1196 -109.528 -204.913 265.642
1197 -88.916 -214.662 265.642
1198 -67.447 -222.343 265.642
1199 -45.329 -227.884 265.642
1200 -22.774 -231.229 265.642
1201 0 -232.348 265.642
1202 22.774 -231.229 265.642
1203 45.329 -227.884 265.642
1204 67.447 -222.343 265.642
1205 88.916 -214.662 265.642
1206 109.528 -204.913 265.642
1207 129.086 -193.19 265.642
1208 147.4 -179.608 265.642
1209 164.295 -164.295 265.642
1210 179.608 -147.4 265.642
1211 193.19 -129.086 265.642
1212 204.913 -109.528 265.642
1213 214.662 -88.916 265.642
1214 222.343 -67.447 265.642
1215 227.884 -45.329 265.642
1216 231.229 -22.774 265.642
1217 251.325 0 275.791
1218 250.114 24.634 275.791
1219 246.496 49.031 275.791
1220 240.503 72.956 275.791
1221 232.194 96.178 275.791
1222 221.649 118.474 275.791
1223 208.969 139.629 275.791
1224 194.277 159.439 275.791
1225 177.713 177.713 275.791
1226 159.439 194.277 275.791
1227 139.629 208.969 275.791
1228 118.474 221.649 275.791
1229 96.178 232.194 275.791
1230 72.956 240.503 275.791
1231 49.031 246.496 275.791
1232 24.634 250.114 275.791
1233 0 251.325 275.791
1234 -24.634 250.114 275.791
1235 -49.031 246.496 275.791
1236 -72.956 240.503 275.791
1237 -96.178 232.194 275.791
1238 -118.474 221.649 275.791
1239 -139.629 208.969 275.791
1240 -159.439 194.277 275.791
1241 -177.713 177.713 275.791
1242 -194.277 159.439 275.791
1243 -208.969 139.629 275.791
1244 -221.649 118.474 275.791
1245 -232.194 96.178 275.791
1246 -240.503 72.956 275.791
1247 -246.496 49.031 275.791
1248 -250.114 24.634 275.791
1249 -251.325 0 275.791
1250 -250.114 -24.634 275.791
1251 -246.496 -49.031 275.791
1252 -240.503 -72.956 275.791
1253 -232.194 -96.178 275.791
1254 -221.649 -118.474 275.791
1255 -208.969 -139.629 275.791
1256 -194.277 -159.439 275.791
1257 -177.713 -177.713 275.791
1258 -159.439 -194.277 275.791
1259 -139.629 -208.969 275.791
1260 -118.474 -221.649 275.791
1261 -96.178 -232.194 275.791
1262 -72.956 -240.503 275.791
1263 -49.031 -246.496 275.791
1264 -24.634 -250.114 275.791
1265 0 -251.325 275.791
1266 24.634 -250.114 275.791
1267 49.031 -246.496 275.791
1268 72.956 -240.503 275.791
1269 96.178 -232.194 275.791
1270 118.474 -221.649 275.791
1271 139.629 -208.969 275.791
1272 159.439 -194.277 275.791
1273 177.713 -177.713 275.791
1274 194.277 -159.439 275.791
1275 208.969 -139.629 275.791
1276 221.649 -118.474 275.791
1277 232.194 -96.178 275.791
1278 240.503 -72.956 275.791
1279 246.496 -49.031 275.791
1280 250.114 -24.634 275.791
1281 270.431 0 284.033
1282 269.129 26.507 284.033
1283 265.235 52.758 284.033
1284 258.786 78.502 284.033
1285 249.845 103.489 284.033
1286 238.499 127.48 284.033
1287 224.855 150.243 284.033
1288 209.046 171.559 284.033
1289 191.223 191.223 284.033
1290 171.559 209.046 284.033
1291 150.243 224.855 284.033
1292 127.48 238.499 284.033
1293 103.489 249.845 284.033
1294 78.502 258.786 284.033
1295 52.758 265.235 284.033
1296 26.507 269.129 284.033
1297 0 270.431 284.033
1298 -26.507 269.129 284.033
1299 -52.758 265.235 284.033
1300 -78.502 258.786 284.033
1301 -103.489 249.845 284.033
1302 -127.48 238.499 284.033
1303 -150.243 224.855 284.033
1304 -171.559 209.046 284.033
1305 -191.223 191.223 284.033
1306 -209.046 171.559 284.033
1307 -224.855 150.243 284.033
1308 -238.499 127.48 284.033
1309 -249.845 103.489 284.033
1310 -258.786 78.502 284.033
1311 -265.235 52.758 284.033
1312 -269.129 26.507 284.033
1313 -270.431 0 284.033
1314 -269.129 -26.507 284.033
1315 -265.235 -52.758 284.033
1316 -258.786 -78.502 284.033
1317 -249.845 -103.489 284.033
1318 -238.499 -127.48 284.033
1319 -224.855 -150.243 284.033
1320 -209.046 -171.559 284.033
1321 -191.223 -191.223 284.033
1322 -171.559 -209.046 284.033
1323 -150.243 -224.855 284.033
1324 -127.48 -238.499 284.033
1325 -103.489 -249.845 284.033
1326 -78.502 -258.786 284.033
1327 -52.758 -265.235 284.033
1328 -26.507 -269.129 284.033
1329 0 -270.431 284.033
1330 26.507 -269.129 284.033
1331 52.758 -265.235 284.033
1332 78.502 -258.786 284.033
1333 103.489 -249.845 284.033
1334 127.48 -238.499 284.033
1335 150.243 -224.855 284.033
1336 171.559 -209.046 284.033
1337 191.223 -191.223 284.033
1338 209.046 -171.559 284.033
1339 224.855 -150.243 284.033
1340 238.499 -127.48 284.033
1341 249.845 -103.489 284.033
1342 258.786 -78.502 284.033
1343 265.235 -52.758 284.033
1344 269.129 -26.507 284.033
1345 289.088 0 290.293
1346 287.696 28.336 290.293
1347 283.533 56.398 290.293
1348 276.64 83.91800000000001 290.293
1349 267.082 110.629 290.293
1350 254.953 136.275 290.293
1351 240.368 160.609 290.293
1352 223.468 183.395 290.293
1353 204.416 204.416 290.293
1354 183.395 223.468 290.293
1355 160.609 240.368 290.293
1356 136.275 254.953 290.293
1357 110.629 267.082 290.293
1358 83.91800000000001 276.64 290.293
1359 56.398 283.533 290.293
1360 28.336 287.696 290.293
1361 0 289.088 290.293
1362 -28.336 287.696 290.293
1363 -56.398 283.533 290.293
1364 -83.91800000000001 276.64 290.293
1365 -110.629 267.082 290.293
1366 -136.275 254.953 290.293
1367 -160.609 240.368 290.293
1368 -183.395 223.468 290.293
1369 -204.416 204.416 290.293
1370 -223.468 183.395 290.293
1371 -240.368 160.609 290.293
1372 -254.953 136.275 290.293
1373 -267.082 110.629 290.293
1374 -276.64 83.91800000000001 290.293
1375 -283.533 56.398 290.293
1376 -287.696 28.336 290.293
1377 -289.088 0 290.293
1378 -287.696 -28.336 290.293
1379 -283.533 -56.398 290.293
1380 -276.64 -83.91800000000001 290.293
1381 -267.082 -110.629 290.293
1382 -254.953 -136.275 290.293
1383 -240.368 -160.609 290.293
1384 -223.468 -183.395 290.293
1385 -204.416 -204.416 290.293
1386 -183.395 -223.468 290.293
1387 -160.609 -240.368 290.293
1388 -136.275 -254.953 290.293
1389 -110.629 -267.082 290.293
1390 -83.91800000000001 -276.64 290.293
1391 -56.398 -283.533 290.293
1392 -28.336 -287.696 290.293
1393 0 -289.088 290.293
1394 28.336 -287.696 290.293
1395 56.398 -283.533 290.293
1396 83.91800000000001 -276.64 290.293
1397 110.629 -267.082 290.293
1398 136.275 -254.953 290.293
1399 160.609 -240.368 290.293
1400 183.395 -223.468 290.293
1401 204.416 -204.416 290.293
1402 223.468 -183.395 290.293
1403 240.368 -160.609 290.293
1404 254.953 -136.275 290.293
1405 267.082 -110.629 290.293
1406 276.64 -83.91800000000001 290.293
1407 283.533 -56.398 290.293
1408 287.696 -28.336 290.293
1409 308.264 0 295.059
1410 306.78 30.215 295.059
1411 302.341 60.139 295.059
1412 294.99 89.48399999999999 295.059
1413 284.799 117.968 295.059
1414 271.865 145.315 295.059
1415 256.312 171.262 295.059
1416 238.291 195.561 295.059
1417 217.976 217.976 295.059
1418 195.561 238.291 295.059
1419 171.262 256.312 295.059
1420 145.315 271.865 295.059
1421 117.968 284.799 295.059
1422 89.48399999999999 294.99 295.059
1423 60.139 302.341 295.059
1424 30.215 306.78 295.059
1425 0 308.264 295.059
1426 -30.215 306.78 295.059
1427 -60.139 302.341 295.059
1428 -89.48399999999999 294.99 295.059
1429 -117.968 284.799 295.059
1430 -145.315 271.865 295.059
1431 -171.262 256.312 295.059
1432 -195.561 238.291 295.059
1433 -217.976 217.976 295.059
1434 -238.291 195.561 295.059
1435 -256.312 171.262 295.059
1436 -271.865 145.315 295.059
1437 -284.799 117.968 295.059
1438 -294.99 89.48399999999999 295.059
1439 -302.341 60.139 295.059
1440 -306.78 30.215 295.059
1441 -308.264 0 295.059
1442 -306.78 -30.215 295.059
1443 -302.341 -60.139 295.059
1444 -294.99 -89.48399999999999 295.059
1445 -284.799 -117.968 295.059
1446 -271.865 -145.315 295.059
1447 -256.312 -171.262 295.059
1448 -238.291 -195.561 295.059
1449 -217.976 -217.976 295.059
1450 -195.561 -238.291 295.059
1451 -171.262 -256.312 295.059
1452 -145.315 -271.865 295.059
1453 -117.968 -284.799 295.059
1454 -89.48399999999999 -294.99 295.059
1455 -60.139 -302.341 295.059
1456 -30.215 -306.78 295.059
1457 0 -308.264 295.059
1458 30.215 -306.78 295.059
1459 60.139 -302.341 295.059
1460 89.48399999999999 -294.99 295.059
1461 117.968 -284.799 295.059
1462 145.315 -271.865 295.059
1463 171.262 -256.312 295.059
1464 195.561 -238.291 295.059
1465 217.976 -217.976 295.059
1466 238.291 -195.561 295.059
1467 256.312 -171.262 295.059
1468 271.865 -145.315 295.059
1469 284.799 -117.968 295.059
1470 294.99 -89.48399999999999 295.059
1471 302.341 -60.139 295.059
1472 306.78 -30.215 295.059
1473 326.236 0 298.186
1474 324.665 31.977 298.186
1475 319.968 63.646 298.186
1476 312.188 94.70099999999999 298.186
1477 301.403 124.845 298.186
1478 287.715 153.787 298.186
1479 271.255 181.247 298.186
1480 252.184 206.962 298.186
1481 230.684 230.684 298.186
1482 206.962 252.184 298.186
1483 181.247 271.255 298.186
1484 153.787 287.715 298.186
1485 124.845 301.403 298.186
1486 94.70099999999999 312.188 298.186
1487 63.646 319.968 298.186
1488 31.977 324.665 298.186
1489 0 326.236 298.186
1490 -31.977 324.665 298.186
1491 -63.646 319.968 298.186
1492 -94.70099999999999 312.188 298.186
1493 -124.845 301.403 298.186
1494 -153.787 287.715 298.186
1495 -181.247 271.255 298.186
1496 -206.962 252.184 298.186
1497 -230.684 230.684 298.186
1498 -252.184 206.962 298.186
1499 -271.255 181.247 298.186
1500 -287.715 153.787 298.186
1501 -301.403 124.845 298.186
1502 -312.188 94.70099999999999 298.186
1503 -319.968 63.646 298.186
1504 -324.665 31.977 298.186
1505 -326.236 0 298.186
1506 -324.665 -31.977 298.186
1507 -319.968 -63.646 298.186
1508 -312.188 -94.70099999999999 298.186
1509 -301.403 -124.845 298.186
1510 -287.715 -153.787 298.186
1511 -271.255 -181.247 298.186
1512 -252.184 -206.962 298.186
1513 -230.684 -230.684 298.186
1514 -206.962 -252.184 298.186
1515 -181.247 -271.255 298.186
1516 -153.787 -287.715 298.186
1517 -124.845 -301.403 298.186
1518 -94.70099999999999 -312.188 298.186
1519 -63.646 -319.968 298.186
1520 -31.977 -324.665 298.186
1521 0 -326.236 298.186
1522 31.977 -324.665 298.186
1523 63.646 -319.968 298.186
1524 94.70099999999999 -312.188 298.186
1525 124.845 -301.403 298.186
1526 153.787 -287.715 298.186
1527 181.247 -271.255 298.186
1528 206.962 -252.184 298.186
1529 230.684 -230.684 298.186
1530 252.184 -206.962 298.186
1531 271.255 -181.247 298.186
1532 287.715 -153.787 298.186
1533 301.403 -124.845 298.186
1534 312.188 -94.70099999999999 298.186
1535 319.968 -63.646 298.186
1536 324.665 -31.977 298.186
1537 341.617 0 300
1538 339.972 33.484 300
1539 335.053 66.646 300
1540 326.907 99.166 300
1541 315.613 130.731 300
1542 301.279 161.037 300
1543 284.044 189.792 300
1544 264.074 216.72 300
1545 241.56 241.56 300
1546 216.72 264.074 300
1547 189.792 284.044 300
1548 161.037 301.279 300
1549 130.731 315.613 300
1550 99.166 326.907 300
1551 66.646 335.053 300
1552 33.484 339.972 300
1553 0 341.617 300
1554 -33.484 339.972 300
1555 -66.646 335.053 300
1556 -99.166 326.907 300
1557 -130.731 315.613 300
1558 -161.037 301.279 300
1559 -189.792 284.044 300
1560 -216.72 264.074 300
1561 -241.56 241.56 300
1562 -264.074 216.72 300
1563 -284.044 189.792 300
1564 -301.279 161.037 300
1565 -315.613 130.731 300
1566 -326.907 99.166 300
1567 -335.053 66.646 300
1568 -339.972 33.484 300
1569 -341.617 0 300
1570 -339.972 -33.484 300
1571 -335.053 -66.646 300
1572 -326.907 -99.166 300
1573 -315.613 -130.731 300
1574 -301.279 -161.037 300
1575 -284.044 -189.792 300
1576 -264.074 -216.72 300
1577 -241.56 -241.56 300
1578 -216.72 -264.074 300
1579 -189.792 -284.044 300
1580 -161.037 -301.279 300
1581 -130.731 -315.613 300
1582 -99.166 -326.907 300
1583 -66.646 -335.053 300
1584 -33.484 -339.972 300
1585 0 -341.617 300
1586 33.484 -339.972 300
1587 66.646 -335.053 300
1588 99.166 -326.907 300
1589 130.731 -315.613 300
1590 161.037 -301.279 300
1591 189.792 -284.044 300
1592 216.72 -264.074 300
1593 241.56 -241.56 300
1594 264.074 -216.72 300
1595 284.044 -189.792 300
1596 301.279 -161.037 300
1597 315.613 -130.731 300
1598 326.907 -99.166 300
1599 335.053 -66.646 300
1600 339.972 -33.484 300
1601 123.2686951528973 6.056005984178269 167.35011512906
1602 122.0816443825953 18.10907444128762 167.3504263998371
1603 119.7184281745619 29.98812052297234 167.3505042474808
1604 116.2025835969865 41.57800799599416 167.3502936002482
1605 111.5679367632096 52.76814082704627 167.350264921544
1606 105.8587015281178 63.44917618149711 167.3504159948994
1607 99.12957967817145 73.51958930922549 167.3503617948864
1608 91.44599457150517 82.88243923193546 167.3505014273741
1609 82.8825097369793 91.44607236740221 167.3504140192286
1610 73.51961134533688 99.12960938839022 167.3503309992588
1611 63.44917442551386 105.8586985985152 167.3504188384647
1612 52.768019434518 111.5676800649687 167.350501323004
1613 41.57804324229805 116.2026821023955 167.3502065023046
1614 29.98815881102253 119.718581013124 167.3503730732193
1615 18.10907215435005 122.0816289693285 167.3504393723125
1616 6.055994354767684 123.2684577314231 167.350313026355
1617 -6.056005984178269 123.2686951528973 167.35011512906
1618 -18.10907444128762 122.0816443825953 167.3504263998371
1619 -29.98812052297234 119.7184281745619 167.3505042474808
1620 -41.57800799599416 116.2025835969865 167.3502936002482
1621 -52.76814082704627 111.5679367632096 167.350264921544
1622 -63.44917618149711 105.8587015281178 167.3504159948994
1623 -73.51958930922549 99.12957967817145 167.3503617948864
1624 -82.88243923193546 91.44599457150517 167.3505014273741
1625 -91.44607236740221 82.8825097369793 167.3504140192286
1626 -99.12960938839022 73.51961134533688 167.3503309992588
1627 -105.8586985985152 63.44917442551386 167.3504188384647
1628 -111.5676800649687 52.768019434518 167.350501323004
1629 -116.2026821023955 41.57804324229805 167.3502065023046
1630 -119.718581013124 29.98815881102253 167.3503730732193
1631 -122.0816289693285 18.10907215435005 167.3504393723125
1632 -123.2684577314231 6.055994354767684 167.350313026355
1633 -123.2686951528973 -6.056005984178269 167.35011512906
1634 -122.0816443825953 -18.10907444128762 167.3504263998371
1635 -119.7184281745619 -29.98812052297234 167.3505042474808
1636 -116.2025835969865 -41.57800799599416 167.3502936002482
1637 -111.5679367632096 -52.76814082704627 167.350264921544
1638 -105.8587015281178 -63.44917618149711 167.3504159948994
1639 -99.12957967817145 -73.51958930922549 167.3503617948864
1640 -91.44599457150517 -82.88243923193546 167.3505014273741
1641 -82.8825097369793 -91.44607236740221 167.3504140192286
1642 -73.51961134533688 -99.12960938839022 167.3503309992588
1643 -63.44917442551386 -105.8586985985152 167.3504188384647
1644 -52.768019434518 -111.5676800649687 167.350501323004
1645 -41.57804324229805 -116.2026821023955 167.3502065023046
1646 -29.98815881102253 -119.718581013124 167.3503730732193
1647 -18.10907215435005 -122.0816289693285 167.3504393723125
1648 -6.055994354767684 -123.2684577314231 167.350313026355
1649 6.056005984178269 -123.2686951528973 167.35011512906
1650 18.10907444128762 -122.0816443825953 167.3504263998371
1651 29.98812052297234 -119.7184281745619 167.3505042474808
1652 41.57800799599416 -116.2025835969865 167.3502936002482
1653 52.76814082704627 -111.5679367632096 167.350264921544
1654 63.44917618149711 -105.8587015281178 167.3504159948994
1655 73.51958930922549 -99.12957967817145 167.3503617948864
1656 82.88243923193546 -91.44599457150517 167.3505014273741
1657 91.44607236740221 -82.8825097369793 167.3504140192286
1658 99.12960938839022 -73.51961134533688 167.3503309992588
1659 105.8586985985152 -63.44917442551386 167.3504188384647
1660 111.5676800649687 -52.768019434518 167.350501323004
1661 116.2026821023955 -41.57804324229805 167.3502065023046
1662 119.718581013124 -29.98815881102253 167.3503730732193
1663 122.0816289693285 -18.10907215435005 167.3504393723125
1664 123.2684577314231 -6.055994354767684 167.350313026355
1665 142.7776783740144 7.013703197904071 189.8234925642577
1666 141.4026523566794 20.97582152098566 189.8232622484551
1667 138.6656467532048 34.734645516566 189.8232173926565
1668 134.5935381175931 48.15849103174821 189.8234257286891
1669 129.2254187139823 61.1183592432776 189.8235496399852
1670 122.6122910069192 73.49116076996083 189.8234317463467
1671 114.8181733913732 85.1553586081217 189.8233661407033
1672 105.919155852998 95.99920897565285 189.823344273453
1673 95.99915968585819 105.9191014615735 189.8234108570022
1674 85.15535193857747 114.8181643988106 189.8233762963937
1675 73.4911409488779 122.612257936662 189.8234667192197
1676 61.11844581629283 129.2256017271714 189.8233659954255
1677 48.1584906739816 134.5935371177159 189.8234266920107
1678 34.73460596293137 138.6654887997989 189.8233650951238
1679 20.97581176961178 141.4025866180284 189.8233225315273
1680 7.013715595806934 142.7779303490218 189.8232637252178
1681 -7.013703197904071 142.7776783740144 189.8234925642577
1682 -20.97582152098566 141.4026523566794 189.8232622484551
1683 -34.734645516566 138.6656467532048 189.8232173926565
1684 -48.15849103174821 134.5935381175931 189.8234257286891
1685 -61.1183592432776 129.2254187139823 189.8235496399852
1686 -73.49116076996083 122.6122910069192 189.8234317463467
1687 -85.1553586081217 114.8181733913732 189.8233661407033
1688 -95.99920897565285 105.919155852998 189.823344273453
1689 -105.9191014615735 95.99915968585819 189.8234108570022
1690 -114.8181643988106 85.15535193857747 189.8233762963937
1691 -122.612257936662 73.4911409488779 189.8234667192197
1692 -129.2256017271714 61.11844581629283 189.8233659954255
1693 -134.5935371177159 48.1584906739816 189.8234266920107
1694 -138.6654887997989 34.73460596293137 189.8233650951238
1695 -141.4025866180284 20.97581176961178 189.8233225315273
1696 -142.7779303490218 7.013715595806934 189.8232637252178
1697 -142.7776783740144 -7.013703197904071 189.8234925642577
1698 -141.4026523566794 -20.97582152098566 189.8232622484551
1699 -138.6656467532048 -34.734645516566 189.8232173926565
1700 -134.5935381175931 -48.15849103174821 189.8234257286891
1701 -129.2254187139823 -61.1183592432776 189.8235496399852
1702 -122.6122910069192 -73.49116076996083 189.8234317463467
1703 -114.8181733913732 -85.1553586081217 189.8233661407033
1704 -105.919155852998 -95.99920897565285 189.823344273453
1705 -95.99915968585819 -105.9191014615735 189.8234108570022
1706 -85.15535193857747 -114.8181643988106 189.8233762963937
1707 -73.4911409488779 -122.612257936662 189.8234667192197
1708 -61.11844581629283 -129.2256017271714 189.8233659954255
1709 -48.1584906739816 -134.5935371177159 189.8234266920107
1710 -34.73460596293137 -138.6654887997989 189.8233650951238
1711 -20.97581176961178 -141.4025866180284 189.8233225315273
1712 -7.013715595806934 -142.7779303490218 189.8232637252178
1713 7.013703197904071 -142.7776783740144 189.8234925642577
1714 20.97582152098566 -141.4026523566794 189.8232622484551
1715 34.734645516566 -138.6656467532048 189.8232173926565
1716 48.15849103174821 -134.5935381175931 189.8234257286891
1717 61.1183592432776 -129.2254187139823 189.8235496399852
1718 73.49116076996083 -122.6122910069192 189.8234317463467
1719 85.1553586081217 -114.8181733913732 189.8233661407033
1720 95.99920897565285 -105.919155852998 189.823344273453
1721 105.9191014615735 -95.99915968585819 189.8234108570022
1722 114.8181643988106 -85.15535193857747 189.8233762963937
1723 122.612257936662 -73.4911409488779 189.8234667192197
1724 129.2256017271714 -61.11844581629283 189.8233659954255
1725 134.5935371177159 -48.1584906739816 189.8234266920107
1726 138.6654887997989 -34.73460596293137 189.8233650951238
1727 141.4025866180284 -20.97581176961178 189.8233225315273
1728 142.7779303490218 -7.013715595806934 189.8232637252178
1729 162.7142486088101 7.993788630666288 210.7017833581821
1730 161.1472024509288 23.90416925641292 210.7018622570258
1731 158.0280475411424 39.58337773076559 210.7018430238281
1732 153.3872322935336 54.88228029152859 210.7018270273859
1733 147.2690779881657 69.6526780833351 210.7017619124575
1734 139.7326384745466 83.75231265268661 210.7017706765171
1735 130.8505765762147 97.04550366326878 210.7017693467953
1736 120.7087803302828 109.4032581715148 210.7018193621054
1737 109.4033927635025 120.7089288130623 210.7016174729324
1738 97.0454229042594 130.8504676721358 210.7019059378617
1739 83.75231777329878 139.7326470176466 210.7017606424199
1740 69.65266168774869 147.2690433210696 210.7018005457727
1741 54.88228810839809 153.3872541390339 210.7018036534988
1742 39.58342134567418 158.028221603513 210.7016622499432
1743 23.90416354568707 161.147163951596 210.701901467358
1744 7.993788836711784 162.7142528025887 210.7017791280705
1745 -7.993788630666288 162.7142486088101 210.7017833581821
1746 -23.90416925641292 161.1472024509288 210.7018622570258
1747 -39.58337773076559 158.0280475411424 210.7018430238281
1748 -54.88228029152859 153.3872322935336 210.7018270273859
1749 -69.6526780833351 147.2690779881657 210.7017619124575
1750 -83.75231265268661 139.7326384745466 210.7017706765171
1751 -97.04550366326878 130.8505765762147 210.7017693467953
1752 -109.4032581715148 120.7087803302828 210.7018193621054
1753 -120.7089288130623 109.4033927635025 210.7016174729324
1754 -130.8504676721358 97.0454229042594 210.7019059378617
1755 -139.7326470176466 83.75231777329878 210.7017606424199
1756 -147.2690433210696 69.65266168774869 210.7018005457727
1757 -153.3872541390339 54.88228810839809 210.7018036534988
1758 -158.028221603513 39.58342134567418 210.7016622499432
1759 -161.147163951596 23.90416354568707 210.701901467358
1760 -162.7142528025887 7.993788836711784 210.7017791280705
1761 -162.7142486088101 -7.993788630666288 210.7017833581821
1762 -161.1472024509288 -23.90416925641292 210.7018622570258
1763 -158.0280475411424 -39.58337773076559 210.7018430238281
1764 -153.3872322935336 -54.88228029152859 210.7018270273859
1765 -147.2690779881657 -69.6526780833351 210.7017619124575
1766 -139.7326384745466 -83.75231265268661 210.7017706765171
1767 -130.8505765762147 -97.04550366326878 210.7017693467953
1768 -120.7087803302828 -109.4032581715148 210.7018193621054
1769 -109.4033927635025 -120.7089288130623 210.7016174729324
1770 -97.0454229042594 -130.8504676721358 210.7019059378617
1771 -83.75231777329878 -139.7326470176466 210.7017606424199
1772 -69.65266168774869 -147.2690433210696 210.7018005457727
1773 -54.88228810839809 -153.3872541390339 210.7018036534988
1774 -39.58342134567418 -158.028221603513 210.7016622499432
1775 -23.90416354568707 -161.147163951596 210.701901467358
1776 -7.993788836711784 -162.7142528025887 210.7017791280705
1777 7.993788630666288 -162.7142486088101 210.7017833581821
1778 23.90416925641292 -161.1472024509288 210.7018622570258
1779 39.58337773076559 -158.0280475411424 210.7018430238281
1780 54.88228029152859 -153.3872322935336 210.7018270273859
1781 69.6526780833351 -147.2690779881657 210.7017619124575
1782 83.75231265268661 -139.7326384745466 210.7017706765171
1783 97.04550366326878 -130.8505765762147 210.7017693467953
1784 109.4032581715148 -120.7087803302828 210.7018193621054
1785 120.7089288130623 -109.4033927635025 210.7016174729324
1786 130.8504676721358 -97.0454229042594 210.7019059378617
1787 139.7326470176466 -83.75231777329878 210.7017606424199
1788 147.2690433210696 -69.65266168774869 210.7018005457727
1789 153.3872541390339 -54.88228810839809 210.7018036534988
1790 158.028221603513 -39.58342134567418 210.7016622499432
1791 161.147163951596 -23.90416354568707 210.701901467358
1792 162.7142528025887 -7.993788836711784 210.7017791280705
1793 182.6256462699194 8.971853749890506 229.3328549202067
1794 180.8668546952411 26.82930505754198 229.3328591312359
1795 177.3662515499763 44.42823272850727 229.3329902607611
1796 172.1573022788671 61.59868777400906 229.3327848935211
1797 165.2905077455455 78.17646065091604 229.3330117688027
1798 156.8319235078269 94.00151256249552 229.3328463838508
1799 146.8632930603 108.920913081244 229.3331148265067
1800 135.4799139353844 122.7917830156708 229.3327517743139
1801 122.7916902796521 135.479811600456 229.3329091188078
1802 108.9209810578305 146.8633847073307 229.3329848285649
1803 94.00146417134057 156.831842762902 229.332953633939
1804 78.1765114258511 165.2906150830669 229.3328764885829
1805 61.59865682107856 172.1572157598266 229.3328895850676
1806 44.42821175513755 177.3661678118888 229.3330886075952
1807 26.82929572043053 180.8667917374041 229.3329316405764
1808 8.971856339189221 182.625698940578 229.3327948415287
1809 -8.971853749890506 182.6256462699194 229.3328549202067
1810 -26.82930505754198 180.8668546952411 229.3328591312359
1811 -44.42823272850727 177.3662515499763 229.3329902607611
1812 -61.59868777400906 172.1573022788671 229.3327848935211
1813 -78.17646065091604 165.2905077455455 229.3330117688027
1814 -94.00151256249552 156.8319235078269 229.3328463838508
1815 -108.920913081244 146.8632930603 229.3331148265067
1816 -122.7917830156708 135.4799139353844 229.3327517743139
1817 -135.479811600456 122.7916902796521 229.3329091188078
1818 -146.8633847073307 108.9209810578305 229.3329848285649
1819 -156.831842762902 94.00146417134057 229.332953633939
1820 -165.2906150830669 78.1765114258511 229.3328764885829
1821 -172.1572157598266 61.59865682107856 229.3328895850676
1822 -177.3661678118888 44.42821175513755 229.3330886075952
1823 -180.8667917374041 26.82929572043053 229.3329316405764
1824 -182.625698940578 8.971856339189221 229.3327948415287
1825 -182.6256462699194 -8.971853749890506 229.3328549202067
1826 -180.8668546952411 -26.82930505754198 229.3328591312359
1827 -177.3662515499763 -44.42823272850727 229.3329902607611
1828 -172.1573022788671 -61.59868777400906 229.3327848935211
1829 -165.2905077455455 -78.17646065091604 229.3330117688027
1830 -156.8319235078269 -94.00151256249552 229.3328463838508
1831 -146.8632930603 -108.920913081244 229.3331148265067
1832 -135.4799139353844 -122.7917830156708 229.3327517743139
1833 -122.7916902796521 -135.479811600456 229.3329091188078
1834 -108.9209810578305 -146.8633847073307 229.3329848285649
1835 -94.00146417134057 -156.831842762902 229.332953633939
1836 -78.1765114258511 -165.2906150830669 229.3328764885829
1837 -61.59865682107856 -172.1572157598266 229.3328895850676
1838 -44.42821175513755 -177.3661678118888 229.3330886075952
1839 -26.82929572043053 -180.8667917374041 229.3329316405764
1840 -8.971856339189221 -182.625698940578 229.3327948415287
1841 8.971853749890506 -182.6256462699194 229.3328549202067
1842 26.82930505754198 -180.8668546952411 229.3328591312359
1843 44.42823272850727 -177.3662515499763 229.3329902607611
1844 61.59868777400906 -172.1573022788671 229.3327848935211
1845 78.17646065091604 -165.2905077455455 229.3330117688027
1846 94.00151256249552 -156.8319235078269 229.3328463838508
1847 108.920913081244 -146.8632930603 229.3331148265067
1848 122.7917830156708 -135.4799139353844 229.3327517743139
1849 135.479811600456 -122.7916902796521 229.3329091188078
1850 146.8633847073307 -108.9209810578305 229.3329848285649
1851 156.831842762902 -94.00146417134057 229.332953633939
1852 165.2906150830669 -78.1765114258511 229.3328764885829
1853 172.1572157598266 -61.59865682107856 229.3328895850676
1854 177.3661678118888 -44.42821175513755 229.3330886075952
1855 180.8667917374041 -26.82929572043053 229.3329316405764
1856 182.625698940578 -8.971856339189221 229.3327948415287
1857 202.4494148619428 9.945647062937875 245.5594786584593
1858 200.4993087533464 29.74089351288703 245.5591303708708
1859 196.6186885748061 49.25056113777634 245.5593320726573
1860 190.8445486657818 68.28533595893816 245.5594582966183
1861 183.2324109723723 86.6630030204022 245.5592833521522
1862 173.8560098205521 104.204947329305 245.5594644033879
1863 162.8047027703138 120.74418588181 245.5593579655227
1864 150.1859507551221 136.1202045984531 245.5593841013804
1865 136.1202769179334 150.1860305431653 245.5592426831054
1866 120.7441931924693 162.8047126271831 245.5593418486456
1867 104.2049968905699 173.8560925016508 245.5593378050671
1868 86.66292795645327 183.2322522296869 245.5595139552287
1869 68.28536637604512 190.844633665045 245.5593397344886
1870 49.25058273670241 196.6187747812975 245.5592153545871
1871 29.74088977456688 200.4992835472895 245.5591638370119
1872 9.945646059270846 202.4493944340304 245.5595055192372
1873 -9.945647062937875 202.4494148619428 245.5594786584593
1874 -29.74089351288703 200.4993087533464 245.5591303708708
1875 -49.25056113777634 196.6186885748061 245.5593320726573
1876 -68.28533595893816 190.8445486657818 245.5594582966183
1877 -86.6630030204022 183.2324109723723 245.5592833521522
1878 -104.204947329305 173.8560098205521 245.5594644033879
1879 -120.74418588181 162.8047027703138 245.5593579655227
1880 -136.1202045984531 150.1859507551221 245.5593841013804
1881 -150.1860305431653 136.1202769179334 245.5592426831054
1882 -162.8047126271831 120.7441931924693 245.5593418486456
1883 -173.8560925016508 104.2049968905699 245.5593378050671
1884 -183.2322522296869 86.66292795645327 245.5595139552287
1885 -190.844633665045 68.28536637604512 245.5593397344886
1886 -196.6187747812975 49.25058273670241 245.5592153545871
1887 -200.4992835472895 29.74088977456688 245.5591638370119
1888 -202.4493944340304 9.945646059270846 245.5595055192372
1889 -202.4494148619428 -9.945647062937875 245.5594786584593
1890 -200.4993087533464 -29.74089351288703 245.5591303708708
1891 -196.6186885748061 -49.25056113777634 245.5593320726573
1892 -190.8445486657818 -68.28533595893816 245.5594582966183
1893 -183.2324109723723 -86.6630030204022 245.5592833521522
1894 -173.8560098205521 -104.204947329305 245.5594644033879
1895 -162.8047027703138 -120.74418588181 245.5593579655227
1896 -150.1859507551221 -136.1202045984531 245.5593841013804
1897 -136.1202769179334 -150.1860305431653 245.5592426831054
1898 -120.7441931924693 -162.8047126271831 245.5593418486456
1899 -104.2049968905699 -173.8560925016508 245.5593378050671
1900 -86.66292795645327 -183.2322522296869 245.5595139552287
1901 -68.28536637604512 -190.844633665045 245.5593397344886
1902 -49.25058273670241 -196.6187747812975 245.5592153545871
1903 -29.74088977456688 -200.4992835472895 245.5591638370119
1904 -9.945646059270846 -202.4493944340304 245.5595055192372
1905 9.945647062937875 -202.4494148619428 245.5594786584593
1906 29.74089351288703 -200.4993087533464 245.5591303708708
1907 49.25056113777634 -196.6186885748061 245.5593320726573
1908 68.28533595893816 -190.8445486657818 245.5594582966183
1909 86.6630030204022 -183.2324109723723 245.5592833521522
1910 104.204947329305 -173.8560098205521 245.5594644033879
1911 120.74418588181 -162.8047027703138 245.5593579655227
1912 136.1202045984531 -150.1859507551221 245.5593841013804
1913 150.1860305431653 -136.1202769179334 245.5592426831054
1914 162.8047126271831 -120.7441931924693 245.5593418486456
1915 173.8560925016508 -104.2049968905699 245.5593378050671
1916 183.2322522296869 -86.66292795645327 245.5595139552287
1917 190.844633665045 -68.28536637604512 245.5593397344886
1918 196.6187747812975 -49.25058273670241 245.5592153545871
1919 200.4992835472895 -29.74088977456688 245.5591638370119
1920 202.4493944340304 -9.945646059270846 245.5595055192372
1921 222.3170431854942 10.92204293493414 259.519699111255
1922 220.1764261336858 32.66030850287539 259.5198343354961
1923 215.9145642940651 54.08429434582649 259.5197024588971
1924 209.5738607309131 74.9868637988191 259.5197343779029
1925 201.2148420612565 95.16737132740009 259.5198734994184
1926 190.9180690838637 114.4319425252331 259.520017697422
1927 178.7820179492095 132.5939244243692 259.5195923545214
1928 164.9249084802754 149.4792177825105 259.5199032050597
1929 149.4792503677035 164.9249444305917 259.5198280477033
1930 132.593859573971 178.7819304975031 259.5197609984371
1931 114.4319552084992 190.9180902434848 259.5199794855903
1932 95.16741601958014 201.2149365431592 259.5197115990444
1933 74.98682193475993 209.5737437007888 259.5199269075188
1934 54.08429509658776 215.9145672908625 259.519697673621
1935 32.66030236529153 220.1763847442061 259.5198991461271
1936 10.92204240674812 222.3170324349346 259.5197157829301
1937 -10.92204293493414 222.3170431854942 259.519699111255
1938 -32.66030850287539 220.1764261336858 259.5198343354961
1939 -54.08429434582649 215.9145642940651 259.5197024588971
1940 -74.9868637988191 209.5738607309131 259.5197343779029
1941 -95.16737132740009 201.2148420612565 259.5198734994184
1942 -114.4319425252331 190.9180690838637 259.520017697422
1943 -132.5939244243692 178.7820179492095 259.5195923545214
1944 -149.4792177825105 164.9249084802754 259.5199032050597
1945 -164.9249444305917 149.4792503677035 259.5198280477033
1946 -178.7819304975031 132.593859573971 259.5197609984371
1947 -190.9180902434848 114.4319552084992 259.5199794855903
1948 -201.2149365431592 95.16741601958014 259.5197115990444
1949 -209.5737437007888 74.98682193475993 259.5199269075188
1950 -215.9145672908625 54.08429509658776 259.519697673621
1951 -220.1763847442061 32.66030236529153 259.5198991461271
1952 -222.3170324349346 10.92204240674812 259.5197157829301
1953 -222.3170431854942 -10.92204293493414 259.519699111255
1954 -220.1764261336858 -32.66030850287539 259.5198343354961
1955 -215.9145642940651 -54.08429434582649 259.5197024588971
1956 -209.5738607309131 -74.9868637988191 259.5197343779029
1957 -201.2148420612565 -95.16737132740009 259.5198734994184
1958 -190.9180690838637 -114.4319425252331 259.520017697422
1959 -178.7820179492095 -132.5939244243692 259.5195923545214
1960 -164.9249084802754 -149.4792177825105 259.5199032050597
1961 -149.4792503677035 -164.9249444305917 259.5198280477033
1962 -132.593859573971 -178.7819304975031 259.5197609984371
1963 -114.4319552084992 -190.9180902434848 259.5199794855903
1964 -95.16741601958014 -201.2149365431592 259.5197115990444
1965 -74.98682193475993 -209.5737437007888 259.5199269075188
1966 -54.08429509658776 -215.9145672908625 259.519697673621
1967 -32.66030236529153 -220.1763847442061 259.5198991461271
1968 -10.92204240674812 -222.3170324349346 259.5197157829301
1969 10.92204293493414 -222.3170431854942 259.519699111255
1970 32.66030850287539 -220.1764261336858 259.5198343354961
1971 54.08429434582649 -215.9145642940651 259.5197024588971
1972 74.9868637988191 -209.5738607309131 259.5197343779029
1973 95.16737132740009 -201.2148420612565 259.5198734994184
1974 114.4319425252331 -190.9180690838637 259.520017697422
1975 132.5939244243692 -178.7820179492095 259.5195923545214
1976 149.4792177825105 -164.9249084802754 259.5199032050597
1977 164.9249444305917 -149.4792503677035 259.5198280477033
1978 178.7819304975031 -132.593859573971 259.5197609984371
1979 190.9180902434848 -114.4319552084992 259.5199794855903
1980 201.2149365431592 -95.16741601958014 259.5197115990444
1981 209.5737437007888 -74.98682193475993 259.5199269075188
1982 215.9145672908625 -54.08429509658776 259.519697673621
1983 220.1763847442061 -32.66030236529153 259.5198991461271
1984 222.3170324349346 -10.92204240674812 259.5197157829301
1985 241.2539687154203 11.85199846205951 270.7165584971394
1986 238.9307588812237 35.44200131705814 270.7164832326693
1987 234.3065334141354 58.69075836994413 270.7164356695811
1988 227.4254622774497 81.37423650259794 270.7165748249778
1989 218.3545207531318 103.2740098152931 270.7164571265577
1990 207.1802589597358 124.1792553703356 270.7164804913626
1991 194.0109820982202 143.8884867232232 270.7165416247158
1992 178.9732181737687 162.2117211519265 270.7165802208044
1993 162.2117788498977 178.9732818282438 270.7164197773865
1994 143.8885132772124 194.0110179023671 270.7164583747971
1995 124.1792446297469 207.1802410404019 270.7165195085304
1996 103.2739901850386 218.3544792475695 270.7165428729256
1997 81.37426349819813 227.4255377247752 270.7164251734482
1998 58.6907416304803 234.306466587559 270.7165643292556
1999 35.44199868295925 238.9307411188936 270.7165167672516
2000 11.85200153801141 241.2540312860223 270.7164415018987
2001 -11.85199846205951 241.2539687154203 270.7165584971394
2002 -35.44200131705814 238.9307588812237 270.7164832326693
2003 -58.69075836994413 234.3065334141354 270.7164356695811
2004 -81.37423650259794 227.4254622774497 270.7165748249778
2005 -103.2740098152931 218.3545207531318 270.7164571265577
2006 -124.1792553703356 207.1802589597358 270.7164804913626
2007 -143.8884867232232 194.0109820982202 270.7165416247158
2008 -162.2117211519265 178.9732181737687 270.7165802208044
2009 -178.9732818282438 162.2117788498977 270.7164197773865
2010 -194.0110179023671 143.8885132772124 270.7164583747971
2011 -207.1802410404019 124.1792446297469 270.7165195085304
2012 -218.3544792475695 103.2739901850386 270.7165428729256
2013 -227.4255377247752 81.37426349819813 270.7164251734482
2014 -234.306466587559 58.6907416304803 270.7165643292556
2015 -238.9307411188936 35.44199868295925 270.7165167672516
2016 -241.2540312860223 11.85200153801141 270.7164415018987
2017 -241.2539687154203 -11.85199846205951 270.7165584971394
2018 -238.9307588812237 -35.44200131705814 270.7164832326693
2019 -234.3065334141354 -58.69075836994413 270.7164356695811
2020 -227.4254622774497 -81.37423650259794 270.7165748249778
2021 -218.3545207531318 -103.2740098152931 270.7164571265577
2022 -207.1802589597358 -124.1792553703356 270.7164804913626
2023 -194.0109820982202 -143.8884867232232 270.7165416247158
2024 -178.9732181737687 -162.2117211519265 270.7165802208044
2025 -162.2117788498977 -178.9732818282438 270.7164197773865
2026 -143.8885132772124 -194.0110179023671 270.7164583747971
2027 -124.1792446297469 -207.1802410404019 270.7165195085304
2028 -103.2739901850386 -218.3544792475695 270.7165428729256
2029 -81.37426349819813 -227.4255377247752 270.7164251734482
2030 -58.6907416304803 -234.306466587559 270.7165643292556
2031 -35.44199868295925 -238.9307411188936 270.7165167672516
2032 -11.85200153801141 -241.2540312860223 270.7164415018987
2033 11.85199846205951 -241.2539687154203 270.7165584971394
2034 35.44200131705814 -238.9307588812237 270.7164832326693
2035 58.69075836994413 -234.3065334141354 270.7164356695811
2036 81.37423650259794 -227.4254622774497 270.7165748249778
2037 103.2740098152931 -218.3545207531318 270.7164571265577
2038 124.1792553703356 -207.1802589597358 270.7164804913626
2039 143.8884867232232 -194.0109820982202 270.7165416247158
2040 162.2117211519265 -178.9732181737687 270.7165802208044
2041 178.9732818282438 -162.2117788498977 270.7164197773865
2042 194.0110179023671 -143.8885132772124 270.7164583747971
2043 207.1802410404019 -124.1792446297469 270.7165195085304
2044 218.3544792475695 -103.2739901850386 270.7165428729256
2045 227.4255377247752 -81.37426349819813 270.7164251734482
2046 234.306466587559 -58.6907416304803 270.7165643292556
2047 238.9307411188936 -35.44199868295925 270.7165167672516
2048 241.2540312860223 -11.85200153801141 270.7164415018987
2049 260.249789211732 12.78525192604501 279.9119091022384
2050 257.7434622069577 38.23249439388569 279.9120884657792
2051 252.7549877418892 63.3117469292823 279.9120292585905
2052 245.3319847739095 87.78124455170789 279.9120374417424
2053 235.5467696538455 111.405259294841 279.9119496645704
2054 223.4929949442332 133.956496969605 279.912013647344
2055 209.2867480752371 155.2174985725007 279.9120055481997
2056 193.0647686484618 174.9835169025395 279.9119417279894
2057 174.9834830984165 193.0647313525928 279.9120582706702
2058 155.217501427507 209.2867519247732 279.9119944517884
2059 133.9565030304352 223.4930050558337 279.9119863525826
2060 111.4052407056131 235.5467303471146 279.9120503344296
2061 87.78125544849013 245.3320152266439 279.9119625577043
2062 63.31175307080488 252.7550122584588 279.9119707410716
2063 38.23250560659574 257.7435377962877 279.9119115311311
2064 12.78524807412491 260.2497107917274 279.9120908944998
2065 -12.78525192604501 260.249789211732 279.9119091022384
2066 -38.23249439388569 257.7434622069577 279.9120884657792
2067 -63.3117469292823 252.7549877418892 279.9120292585905
2068 -87.78124455170789 245.3319847739095 279.9120374417424
2069 -111.405259294841 235.5467696538455 279.9119496645704
2070 -133.956496969605 223.4929949442332 279.912013647344
2071 -155.2174985725007 209.2867480752371 279.9120055481997
2072 -174.9835169025395 193.0647686484618 279.9119417279894
2073 -193.0647313525928 174.9834830984165 279.9120582706702
2074 -209.2867519247732 155.217501427507 279.9119944517884
2075 -223.4930050558337 133.9565030304352 279.9119863525826
2076 -235.5467303471146 111.4052407056131 279.9120503344296
2077 -245.3320152266439 87.78125544849013 279.9119625577043
2078 -252.7550122584588 63.31175307080488 279.9119707410716
2079 -257.7435377962877 38.23250560659574 279.9119115311311
2080 -260.2497107917274 12.78524807412491 279.9120908944998
2081 -260.249789211732 -12.78525192604501 279.9119091022384
2082 -257.7434622069577 -38.23249439388569 279.9120884657792
2083 -252.7549877418892 -63.3117469292823 279.9120292585905
2084 -245.3319847739095 -87.78124455170789 279.9120374417424
2085 -235.5467696538455 -111.405259294841 279.9119496645704
2086 -223.4929949442332 -133.956496969605 279.912013647344
2087 -209.2867480752371 -155.2174985725007 279.9120055481997
2088 -193.0647686484618 -174.9835169025395 279.9119417279894
2089 -174.9834830984165 -193.0647313525928 279.9120582706702
2090 -155.217501427507 -209.2867519247732 279.9119944517884
2091 -133.9565030304352 -223.4930050558337 279.9119863525826
2092 -111.4052407056131 -235.5467303471146 279.9120503344296
2093 -87.78125544849013 -245.3320152266439 279.9119625577043
2094 -63.31175307080488 -252.7550122584588 279.9119707410716
2095 -38.23250560659574 -257.7435377962877 279.9119115311311
2096 -12.78524807412491 -260.2497107917274 279.9120908944998
2097 12.78525192604501 -260.249789211732 279.9119091022384
2098 38.23249439388569 -257.7434622069577 279.9120884657792
2099 63.3117469292823 -252.7549877418892 279.9120292585905
2100 87.78124455170789 -245.3319847739095 279.9120374417424
2101 111.405259294841 -235.5467696538455 279.9119496645704
2102 133.956496969605 -223.4929949442332 279.912013647344
2103 155.2174985725007 -209.2867480752371 279.9120055481997
2104 174.9835169025395 -193.0647686484618 279.9119417279894
2105 193.0647313525928 -174.9834830984165 279.9120582706702
2106 209.2867519247732 -155.217501427507 279.9119944517884
2107 223.4930050558337 -133.9565030304352 279.9119863525826
2108 235.5467303471146 -111.4052407056131 279.9120503344296
2109 245.3320152266439 -87.78125544849013 279.9119625577043
2110 252.7550122584588 -63.31175307080488 279.9119707410716
2111 257.7435377962877 -38.23250560659574 279.9119115311311
2112 260.2497107917274 -12.78524807412491 279.9120908944998
2113 279.0859961870589 13.71074981269008 287.1630113639041
2114 276.3982416153643 40.99974875613862 287.163025232037
2115 271.0485200145015 67.89400501307992 287.1629385825943
2116 263.0882477325292 94.1344991886307 287.1630071689774
2117 252.5947440842982 119.4682472022324 287.1630194800337
2118 239.6687612986848 143.6517567720604 287.1629607877268
2119 224.4342381387809 166.4514912027296 287.163043960958
2120 207.0382624182856 187.6482612550867 287.1629501099485
2121 187.6482387456307 207.0382375825061 287.1630498886407
2122 166.4515087977646 224.4342618618854 287.1629560379467
2123 143.6517432282789 239.6687387018814 287.1630392114017
2124 119.4682527978372 252.5947559158489 287.1629805197513
2125 94.1345008113767 263.0882522674914 287.1629928309936
2126 67.89399498731352 271.0484799870692 287.1630614152676
2127 40.99975124390149 276.398258384906 287.1629747676022
2128 13.71075018731263 279.0860038129963 287.1629886360228
2129 -13.71074981269008 279.0859961870589 287.1630113639041
2130 -40.99974875613862 276.3982416153643 287.163025232037
2131 -67.89400501307992 271.0485200145015 287.1629385825943
2132 -94.1344991886307 263.0882477325292 287.1630071689774
2133 -119.4682472022324 252.5947440842982 287.1630194800337
2134 -143.6517567720604 239.6687612986848 287.1629607877268
2135 -166.4514912027296 224.4342381387809 287.163043960958
2136 -187.6482612550867 207.0382624182856 287.1629501099485
2137 -207.0382375825061 187.6482387456307 287.1630498886407
2138 -224.4342618618854 166.4515087977646 287.1629560379467
2139 -239.6687387018814 143.6517432282789 287.1630392114017
2140 -252.5947559158489 119.4682527978372 287.1629805197513
2141 -263.0882522674914 94.1345008113767 287.1629928309936
2142 -271.0484799870692 67.89399498731352 287.1630614152676
2143 -276.398258384906 40.99975124390149 287.1629747676022
2144 -279.0860038129963 13.71075018731263 287.1629886360228
2145 -279.0859961870589 -13.71074981269008 287.1630113639041
2146 -276.3982416153643 -40.99974875613862 287.163025232037
2147 -271.0485200145015 -67.89400501307992 287.1629385825943
2148 -263.0882477325292 -94.1344991886307 287.1630071689774
2149 -252.5947440842982 -119.4682472022324 287.1630194800337
2150 -239.6687612986848 -143.6517567720604 287.1629607877268
2151 -224.4342381387809 -166.4514912027296 287.163043960958
2152 -207.0382624182856 -187.6482612550867 287.1629501099485
2153 -187.6482387456307 -207.0382375825061 287.1630498886407
2154 -166.4515087977646 -224.4342618618854 287.1629560379467
2155 -143.6517432282789 -239.6687387018814 287.1630392114017
2156 -119.4682527978372 -252.5947559158489 287.1629805197513
2157 -94.1345008113767 -263.0882522674914 287.1629928309936
2158 -67.89399498731352 -271.0484799870692 287.1630614152676
2159 -40.99975124390149 -276.398258384906 287.1629747676022
2160 -13.71075018731263 -279.0860038129963 287.1629886360228
2161 13.71074981269008 -279.0859961870589 287.1630113639041
2162 40.99974875613862 -276.3982416153643 287.163025232037
2163 67.89400501307992 -271.0485200145015 287.1629385825943
2164 94.1344991886307 -263.0882477325292 287.1630071689774
2165 119.4682472022324 -252.5947440842982 287.1630194800337
2166 143.6517567720604 -239.6687612986848 287.1629607877268
2167 166.4514912027296 -224.4342381387809 287.163043960958
2168 187.6482612550867 -207.0382624182856 287.1629501099485
2169 207.0382375825061 -187.6482387456307 287.1630498886407
2170 224.4342618618854 -166.4515087977646 287.1629560379467
2171 239.6687387018814 -143.6517432282789 287.1630392114017
2172 252.5947559158489 -119.4682527978372 287.1629805197513
2173 263.0882522674914 -94.1345008113767 287.1629928309936
2174 271.0484799870692 -67.89399498731352 287.1630614152676
2175 276.398258384906 -40.99975124390149 287.1629747676022
2176 279.0860038129963 -13.71075018731263 287.1629886360228
2177 297.9570041661456 14.6377502046189 292.6759832375135
2178 295.0875030477266 43.77200045210729 292.6759876180599
2179 289.3759885787102 72.48474713893674 292.6760473174268
2180 280.8777673644793 100.4997562126601 292.6759258879853
2181 269.6747440756915 127.5467471980471 292.6760263374956
2182 255.8744877221066 153.3652426404564 292.6760575270682
2183 239.6097602936158 177.7067576341105 292.6759485002964
2184 221.0377532009158 200.3370029010308 292.6759826392963
2185 200.3369970990538 221.0377467991776 292.6760173604664
2186 177.7067423665495 239.6097397072741 292.6760514976156
2187 153.3652573602543 255.8745122790792 292.6759424703261
2188 127.5467528020767 269.6747559245703 292.6759736619581
2189 100.4997437881127 280.8777326376805 292.6760741076905
2190 72.4847528612905 289.3760114221971 292.6759526808104
2191 43.77199954790209 295.0874969523367 292.6760123818194
2192 14.63774979538685 297.9569958339714 292.6760167622652
2193 -14.6377502046189 297.9570041661456 292.6759832375135
2194 -43.77200045210729 295.0875030477266 292.6759876180599
2195 -72.48474713893674 289.3759885787102 292.6760473174268
2196 -100.4997562126601 280.8777673644793 292.6759258879853
2197 -127.5467471980471 269.6747440756915 292.6760263374956
2198 -153.3652426404564 255.8744877221066 292.6760575270682
2199 -177.7067576341105 239.6097602936158 292.6759485002964
2200 -200.3370029010308 221.0377532009158 292.6759826392963
2201 -221.0377467991776 200.3369970990538 292.6760173604664
2202 -239.6097397072741 177.7067423665495 292.6760514976156
2203 -255.8745122790792 153.3652573602543 292.6759424703261
2204 -269.6747559245703 127.5467528020767 292.6759736619581
2205 -280.8777326376805 100.4997437881127 292.6760741076905
2206 -289.3760114221971 72.4847528612905 292.6759526808104
2207 -295.0874969523367 43.77199954790209 292.6760123818194
2208 -297.9569958339714 14.63774979538685 292.6760167622652
2209 -297.9570041661456 -14.6377502046189 292.6759832375135
2210 -295.0875030477266 -43.77200045210729 292.6759876180599
2211 -289.3759885787102 -72.48474713893674 292.6760473174268
2212 -280.8777673644793 -100.4997562126601 292.6759258879853
2213 -269.6747440756915 -127.5467471980471 292.6760263374956
2214 -255.8744877221066 -153.3652426404564 292.6760575270682
2215 -239.6097602936158 -177.7067576341105 292.6759485002964
2216 -221.0377532009158 -200.3370029010308 292.6759826392963
2217 -200.3369970990538 -221.0377467991776 292.6760173604664
2218 -177.7067423665495 -239.6097397072741 292.6760514976156
2219 -153.3652573602543 -255.8745122790792 292.6759424703261
2220 -127.5467528020767 -269.6747559245703 292.6759736619581
2221 -100.4997437881127 -280.8777326376805 292.6760741076905
2222 -72.4847528612905 -289.3760114221971 292.6759526808104
2223 -43.77199954790209 -295.0874969523367 292.6760123818194
2224 -14.63774979538685 -297.9569958339714 292.6760167622652
2225 14.6377502046189 -297.9570041661456 292.6759832375135
2226 43.77200045210729 -295.0875030477266 292.6759876180599
2227 72.48474713893674 -289.3759885787102 292.6760473174268
2228 100.4997562126601 -280.8777673644793 292.6759258879853
2229 127.5467471980471 -269.6747440756915 292.6760263374956
2230 153.3652426404564 -255.8744877221066 292.6760575270682
2231 177.7067576341105 -239.6097602936158 292.6759485002964
2232 200.3370029010308 -221.0377532009158 292.6759826392963
2233 221.0377467991776 -200.3369970990538 292.6760173604664
2234 239.6097397072741 -177.7067423665495 292.6760514976156
2235 255.8745122790792 -153.3652573602543 292.6759424703261
2236 269.6747559245703 -127.5467528020767 292.6759736619581
2237 280.8777326376805 -100.4997437881127 292.6760741076905
2238 289.3760114221971 -72.4847528612905 292.6759526808104
2239 295.0874969523367 -43.77199954790209 292.6760123818194
2240 297.9569958339714 -14.63774979538685 292.6760167622652
2241 316.4862468077054 15.54799984316556 296.6225183472713
2242 313.4385058385808 46.49425086595136 296.6224661180615
2243 307.3717458070635 76.99249894957184 296.6225248137973
2244 298.3449994724841 106.749499811264 296.6225032161346
2245 286.4455020982521 135.4787509923597 296.6224866760995
2246 271.7867495581309 162.902749735136 296.6225029573246
2247 254.5105006993953 188.7580005186921 296.622495001534
2248 234.7837482839724 212.7957484447099 296.6225132947335
2249 212.7957515553429 234.7837517160858 296.6224867050475
2250 188.7579994813146 254.5104993006138 296.6225049984351
2251 162.902750264866 271.7867504418725 296.6224970426647
2252 135.4787490076741 286.4454979018193 296.6225133236804
2253 106.7495001887376 298.3450005275202 296.6224967838527
2254 76.99250105049485 307.3717541932028 296.6224751854392
2255 46.49424913412371 313.4384941619254 296.6225338805148
2256 15.54800015684179 316.4862531924442 296.6224816523113
2257 -15.54799984316556 316.4862468077054 296.6225183472713
2258 -46.49425086595136 313.4385058385808 296.6224661180615
2259 -76.99249894957184 307.3717458070635 296.6225248137973
2260 -106.749499811264 298.3449994724841 296.6225032161346
2261 -135.4787509923597 286.4455020982521 296.6224866760995
2262 -162.902749735136 271.7867495581309 296.6225029573246
2263 -188.7580005186921 254.5105006993953 296.622495001534
2264 -212.7957484447099 234.7837482839724 296.6225132947335
2265 -234.7837517160858 212.7957515553429 296.6224867050475
2266 -254.5104993006138 188.7579994813146 296.6225049984351
2267 -271.7867504418725 162.902750264866 296.6224970426647
2268 -286.4454979018193 135.4787490076741 296.6225133236804
2269 -298.3450005275202 106.7495001887376 296.6224967838527
2270 -307.3717541932028 76.99250105049485 296.6224751854392
2271 -313.4384941619254 46.49424913412371 296.6225338805148
2272 -316.4862531924442 15.54800015684179 296.6224816523113
2273 -316.4862468077054 -15.54799984316556 296.6225183472713
2274 -313.4385058385808 -46.49425086595136 296.6224661180615
2275 -307.3717458070635 -76.99249894957184 296.6225248137973
2276 -298.3449994724841 -106.749499811264 296.6225032161346
2277 -286.4455020982521 -135.4787509923597 296.6224866760995
2278 -271.7867495581309 -162.902749735136 296.6225029573246
2279 -254.5105006993953 -188.7580005186921 296.622495001534
2280 -234.7837482839724 -212.7957484447099 296.6225132947335
2281 -212.7957515553429 -234.7837517160858 296.6224867050475
2282 -188.7579994813146 -254.5104993006138 296.6225049984351
2283 -162.902750264866 -271.7867504418725 296.6224970426647
2284 -135.4787490076741 -286.4454979018193 296.6225133236804
2285 -106.7495001887376 -298.3450005275202 296.6224967838527
2286 -76.99250105049485 -307.3717541932028 296.6224751854392
2287 -46.49424913412371 -313.4384941619254 296.6225338805148
2288 -15.54800015684179 -316.4862531924442 296.6224816523113
2289 15.54799984316556 -316.4862468077054 296.6225183472713
2290 46.49425086595136 -313.4385058385808 296.6224661180615
2291 76.99249894957184 -307.3717458070635 296.6225248137973
2292 106.749499811264 -298.3449994724841 296.6225032161346
2293 135.4787509923597 -286.4455020982521 296.6224866760995
2294 162.902749735136 -271.7867495581309 296.6225029573246
2295 188.7580005186921 -254.5105006993953 296.622495001534
2296 212.7957484447099 -234.7837482839724 296.6225132947335
2297 234.7837517160858 -212.7957515553429 296.6224867050475
2298 254.5104993006138 -188.7579994813146 296.6225049984351
2299 271.7867504418725 -162.902750264866 296.6224970426647
2300 286.4454979018193 -135.4787490076741 296.6225133236804
2301 298.3450005275202 -106.7495001887376 296.6224967838527
2302 307.3717541932028 -76.99250105049485 296.6224751854392
2303 313.4384941619254 -46.49424913412371 296.6225338805148
2304 316.4862531924442 -15.54800015684179 296.6224816523113
2305 333.1225001228044 16.36525000603313 299.0929989587355
2306 329.9144981846197 48.93824973072024 299.0930155423555
2307 323.5290031405632 81.03975078668599 299.0929725824386
2308 314.0277482804079 112.3607493847276 299.0930154674013
2309 301.5024975805039 142.5999988556372 299.0930226663501
2310 286.0732530084859 171.4657518032083 299.0929702974844
2311 267.8892512633274 198.6802509368928 299.0929866800212
2312 247.1254987002143 223.9814988219254 299.0930148567269
2313 223.9815011781518 247.1255012998708 299.0929851427931
2314 198.6802490631624 267.8892487367469 299.093013319593
2315 171.4657481970279 286.0732469919081 299.0930297005974
2316 142.6000011444771 301.5025024197379 299.0929773325329
2317 112.3607506153143 314.0277517197093 299.0929845320785
2318 81.0397492134091 323.5289968598163 299.0930274159269
2319 48.93825026929825 329.9145018155049 299.0929844571193
2320 16.36524999396691 333.1224998771962 299.0930010412622
2321 -16.36525000603313 333.1225001228044 299.0929989587355
2322 -48.93824973072024 329.9144981846197 299.0930155423555
2323 -81.03975078668599 323.5290031405632 299.0929725824386
2324 -112.3607493847276 314.0277482804079 299.0930154674013
2325 -142.5999988556372 301.5024975805039 299.0930226663501
2326 -171.4657518032083 286.0732530084859 299.0929702974844
2327 -198.6802509368928 267.8892512633274 299.0929866800212
2328 -223.9814988219254 247.1254987002143 299.0930148567269
2329 -247.1255012998708 223.9815011781518 299.0929851427931
2330 -267.8892487367469 198.6802490631624 299.093013319593
2331 -286.0732469919081 171.4657481970279 299.0930297005974
2332 -301.5025024197379 142.6000011444771 299.0929773325329
2333 -314.0277517197093 112.3607506153143 299.0929845320785
2334 -323.5289968598163 81.0397492134091 299.0930274159269
2335 -329.9145018155049 48.93825026929825 299.0929844571193
2336 -333.1224998771962 16.36524999396691 299.0930010412622
2337 -333.1225001228044 -16.36525000603313 299.0929989587355
2338 -329.9144981846197 -48.93824973072024 299.0930155423555
2339 -323.5290031405632 -81.03975078668599 299.0929725824386
2340 -314.0277482804079 -112.3607493847276 299.0930154674013
2341 -301.5024975805039 -142.5999988556372 299.0930226663501
2342 -286.0732530084859 -171.4657518032083 299.0929702974844
2343 -267.8892512633274 -198.6802509368928 299.0929866800212
2344 -247.1254987002143 -223.9814988219254 299.0930148567269
2345 -223.9815011781518 -247.1255012998708 299.0929851427931
2346 -198.6802490631624 -267.8892487367469 299.093013319593
2347 -171.4657481970279 -286.0732469919081 299.0930297005974
2348 -142.6000011444771 -301.5025024197379 299.0929773325329
2349 -112.3607506153143 -314.0277517197093 299.0929845320785
2350 -81.0397492134091 -323.5289968598163 299.0930274159269
2351 -48.93825026929825 -329.9145018155049 299.0929844571193
2352 -16.36524999396691 -333.1224998771962 299.0930010412622
2353 16.36525000603313 -333.1225001228044 299.0929989587355
2354 48.93824973072024 -329.9144981846197 299.0930155423555
2355 81.03975078668599 -323.5290031405632 299.0929725824386
2356 112.3607493847276 -314.0277482804079 299.0930154674013
2357 142.5999988556372 -301.5024975805039 299.0930226663501
2358 171.4657518032083 -286.0732530084859 299.0929702974844
2359 198.6802509368928 -267.8892512633274 299.0929866800212
2360 223.9814988219254 -247.1254987002143 299.0930148567269
2361 247.1255012998708 -223.9815011781518 299.0929851427931
2362 267.8892487367469 -198.6802490631624 299.093013319593
2363 286.0732469919081 -171.4657481970279 299.0930297005974
2364 301.5025024197379 -142.6000011444771 299.0929773325329
2365 314.0277517197093 -112.3607506153143 299.0929845320785
2366 323.5289968598163 -81.0397492134091 299.0930274159269
2367 329.9145018155049 -48.93825026929825 299.0929844571193
2368 333.1224998771962 -16.3652499939669 299.0930010412622
$EndNodes
$Elements
9344
1 15 2 0 1 1
2 15 2 0 2 2
3 15 2 0 3 3
4 15 2 0 4 4
5 15 2 0 5 5
6 15 2 0 6 6
7 15 2 0 7 7
8 15 2 0 8 8
9 15 2 0 9 9
10 15 2 0 10 10
11 15 2 0 11 11
12 15 2 0 12 12
13 15 2 0 13 13
14 15 2 0 14 14
15 15 2 0 15 15
16 15 2 0 16 16
17 15 2 0 17 17
18 15 2 0 18 18
19 15 2 0 19 19
20 15 2 0 20 20
21 15 2 0 21 21
22 15 2 0 22 22
23 15 2 0 23 23
24 15 2 0 24 24
25 15 2 0 25 25
26 15 2 0 26 26
27 15 2 0 27 27
28 15 2 0 28 28
29 15 2 0 29 29
30 15 2 0 30 30
31 15 2 0 31 31
32 15 2 0 32 32
33 15 2 0 33 33
34 15 2 0 34 34
35 15 2 0 35 35
36 15 2 0 36 36
37 15 2 0 37 37
38 15 2 0 38 38
39 15 2 0 39 39
40 15 2 0 40 40
41 15 2 0 41 41
42 15 2 0 42 42
43 15 2 0 43 43
44 15 2 0 44 44
45 15 2 0 45 45
46 15 2 0 46 46
47 15 2 0 47 47
48 15 2 0 48 48
49 15 2 0 49 49
50 15 2 0 50 50
51 15 2 0 51 51
52 15 2 0 52 52
53 15 2 0 53 53
54 15 2 0 54 54
55 15 2 0 55 55
56 15 2 0 56 56
57 15 2 0 57 57
58 15 2 0 58 58
59 15 2 0 59 59
60 15 2 0 60 60
61 15 2 0 61 61
62 15 2 0 62 62
63 15 2 0 63 63
64 15 2 0 64 64
65 15 2 0 65 65
66 15 2 0 66 66
67 15 2 0 67 67
68 15 2 0 68 68
69 15 2 0 69 69
70 15 2 0 70 70
71 15 2 0 71 71
72 15 2 0 72 72
73 15 2 0 73 73
74 15 2 0 74 74
75 15 2 0 75 75
76 15 2 0 76 76
77 15 2 0 77 77
78 15 2 0 78 78
79 15 2 0 79 79
80 15 2 0 80 80
81 15 2 0 81 81
82 15 2 0 82 82
83 15 2 0 83 83
84 15 2 0 84 84
85 15 2 0 85 85
86 15 2 0 86 86
87 15 2 0 87 87
88 15 2 0 88 88
89 15 2 0 89 89
90 15 2 0 90 90
91 15 2 0 91 91
92 15 2 0 92 92
93 15 2 0 93 93
94 15 2 0 94 94
95 15 2 0 95 95
96 15 2 0 96 96
97 15 2 0 97 97
98 15 2 0 98 98
99 15 2 0 99 99
100 15 2 0 100 100
101 15 2 0 101 101
102 15 2 0 102 102
103 15 2 0 103 103
104 15 2 0 104 104
105 15 2 0 105 105
106 15 2 0 106 106
107 15 2 0 107 107
108 15 2 0 108 108
109 15 2 0 109 109
110 15 2 0 110 110
111 15 2 0 111 111
112 15 2 0 112 112
113 15 2 0 113 113
114 15 2 0 114 114
115 15 2 0 115 115
116 15 2 0 116 116
117 15 2 0 117 117
118 15 2 0 118 118
119 15 2 0 119 119
120 15 2 0 120 120
121 15 2 0 121 121
122 15 2 0 122 122
123 15 2 0 123 123
124 15 2 0 124 124
125 15 2 0 125 125
126 15 2 0 126 126
127 15 2 0 127 127
128 15 2 0 128 128
129 15 2 0 129 129
130 15 2 0 130 130
131 15 2 0 131 131
132 15 2 0 132 132
133 15 2 0 133 133
134 15 2 0 134 134
135 15 2 0 135 135
136 15 2 0 136 136
137 15 2 0 137 137
138 15 2 0 138 138
139 15 2 0 139 139
140 15 2 0 140 140
141 15 2 0 141 141
142 15 2 0 142 142
143 15 2 0 143 143
144 15 2 0 144 144
145 15 2 0 145 145
146 15 2 0 146 146
147 15 2 0 147 147
148 15 2 0 148 148
149 15 2 0 149 149
150 15 2 0 150 150
151 15 2 0 151 151
152 15 2 0 152 152
153 15 2 0 153 153
154 15 2 0 154 154
155 15 2 0 155 155
156 15 2 0 156 156
157 15 2 0 157 157
158 15 2 0 158 158
159 15 2 0 159 159
160 15 2 0 160 160
161 15 2 0 161 161
162 15 2 0 162 162
163 15 2 0 163 163
164 15 2 0 164 164
165 15 2 0 165 165
166 15 2 0 166 166
167 15 2 0 167 167
168 15 2 0 168 168
169 15 2 0 169 169
170 15 2 0 170 170
171 15 2 0 171 171
172 15 2 0 172 172
173 15 2 0 173 173
174 15 2 0 174 174
175 15 2 0 175 175
176 15 2 0 176 176
177 15 2 0 177 177
178 15 2 0 178 178
179 15 2 0 179 179
180 15 2 0 180 180
181 15 2 0 181 181
182 15 2 0 182 182
183 15 2 0 183 183
184 15 2 0 184 184
185 15 2 0 185 185
186 15 2 0 186 186
187 15 2 0 187 187
188 15 2 0 188 188
189 15 2 0 189 189
190 15 2 0 190 190
191 15 2 0 191 191
192 15 2 0 192 192
193 15 2 0 193 193
194 15 2 0 194 194
195 15 2 0 195 195
196 15 2 0 196 196
197 15 2 0 197 197
198 15 2 0 198 198
199 15 2 0 199 199
200 15 2 0 200 200
201 15 2 0 201 201
202 15 2 0 202 202
203 15 2 0 203 203
204 15 2 0 204 204
205 15 2 0 205 205
206 15 2 0 206 206
207 15 2 0 207 207
208 15 2 0 208 208
209 15 2 0 209 209
210 15 2 0 210 210
211 15 2 0 211 211
212 15 2 0 212 212
213 15 2 0 213 213
214 15 2 0 214 214
215 15 2 0 215 215
216 15 2 0 216 216
217 15 2 0 217 217
218 15 2 0 218 218
219 15 2 0 219 219
220 15 2 0 220 220
221 15 2 0 221 221
222 15 2 0 222 222
223 15 2 0 223 223
224 15 2 0 224 224
225 15 2 0 225 225
226 15 2 0 226 226
227 15 2 0 227 227
228 15 2 0 228 228
229 15 2 0 229 229
230 15 2 0 230 230
231 15 2 0 231 231
232 15 2 0 232 232
233 15 2 0 233 233
234 15 2 0 234 234
235 15 2 0 235 235
236 15 2 0 236 236
237 15 2 0 237 237
238 15 2 0 238 238
239 15 2 0 239 239
240 15 2 0 240 240
241 15 2 0 241 241
242 15 2 0 242 242
243 15 2 0 243 243
244 15 2 0 244 244
245 15 2 0 245 245
246 15 2 0 246 246
247 15 2 0 247 247
248 15 2 0 248 248
249 15 2 0 249 249
250 15 2 0 250 250
251 15 2 0 251 251
252 15 2 0 252 252
253 15 2 0 253 253
254 15 2 0 254 254
255 15 2 0 255 255
256 15 2 0 256 256
257 15 2 0 257 257
258 15 2 0 258 258
259 15 2 0 259 259
260 15 2 0 260 260
261 15 2 0 261 261
262 15 2 0 262 262
263 15 2 0 263 263
264 15 2 0 264 264
265 15 2 0 265 265
266 15 2 0 266 266
267 15 2 0 267 267
268 15 2 0 268 268
269 15 2 0 269 269
270 15 2 0 270 270
271 15 2 0 271 271
272 15 2 0 272 272
273 15 2 0 273 273
274 15 2 0 274 274
275 15 2 0 275 275
276 15 2 0 276 276
277 15 2 0 277 277
278 15 2 0 278 278
279 15 2 0 279 279
280 15 2 0 280 280
281 15 2 0 281 281
282 15 2 0 282 282
283 15 2 0 283 283
284 15 2 0 284 284
285 15 2 0 285 285
286 15 2 0 286 286
287 15 2 0 287 287
288 15 2 0 288 288
289 15 2 0 289 289
290 15 2 0 290 290
291 15 2 0 291 291
292 15 2 0 292 292
293 15 2 0 293 293
294 15 2 0 294 294
295 15 2 0 295 295
296 15 2 0 296 296
297 15 2 0 297 297
298 15 2 0 298 298
299 15 2 0 299 299
300 15 2 0 300 300
301 15 2 0 301 301
302 15 2 0 302 302
303 15 2 0 303 303
304 15 2 0 304 304
305 15 2 0 305 305
306 15 2 0 306 306
307 15 2 0 307 307
308 15 2 0 308 308
309 15 2 0 309 309
310 15 2 0 310 310
311 15 2 0 311 311
312 15 2 0 312 312
313 15 2 0 313 313
314 15 2 0 314 314
315 15 2 0 315 315
316 15 2 0 316 316
317 15 2 0 317 317
318 15 2 0 318 318
319 15 2 0 319 319
320 15 2 0 320 320
321 15 2 0 321 321
322 15 2 0 322 322
323 15 2 0 323 323
324 15 2 0 324 324
325 15 2 0 325 325
326 15 2 0 326 326
327 15 2 0 327 327
328 15 2 0 328 328
329 15 2 0 329 329
330 15 2 0 330 330
331 15 2 0 331 331
332 15 2 0 332 332
333 15 2 0 333 333
334 15 2 0 334 334
335 15 2 0 335 335
336 15 2 0 336 336
337 15 2 0 337 337
338 15 2 0 338 338
339 15 2 0 339 339
340 15 2 0 340 340
341 15 2 0 341 341
342 15 2 0 342 342
343 15 2 0 343 343
344 15 2 0 344 344
345 15 2 0 345 345
346 15 2 0 346 346
347 15 2 0 347 347
348 15 2 0 348 348
349 15 2 0 349 349
350 15 2 0 350 350
351 15 2 0 351 351
352 15 2 0 352 352
353 15 2 0 353 353
354 15 2 0 354 354
355 15 2 0 355 355
356 15 2 0 356 356
357 15 2 0 357 357
358 15 2 0 358 358
359 15 2 0 359 359
360 15 2 0 360 360
361 15 2 0 361 361
362 15 2 0 362 362
363 15 2 0 363 363
364 15 2 0 364 364
365 15 2 0 365 365
366 15 2 0 366 366
367 15 2 0 367 367
368 15 2 0 368 368
369 15 2 0 369 369
370 15 2 0 370 370
371 15 2 0 371 371
372 15 2 0 372 372
373 15 2 0 373 373
374 15 2 0 374 374
375 15 2 0 375 375
376 15 2 0 376 376
377 15 2 0 377 377
378 15 2 0 378 378
379 15 2 0 379 379
380 15 2 0 380 380
381 15 2 0 381 381
382 15 2 0 382 382
383 15 2 0 383 383
384 15 2 0 384 384
385 15 2 0 385 385
386 15 2 0 386 386
387 15 2 0 387 387
388 15 2 0 388 388
389 15 2 0 389 389
390 15 2 0 390 390
391 15 2 0 391 391
392 15 2 0 392 392
393 15 2 0 393 393
394 15 2 0 394 394
395 15 2 0 395 395
396 15 2 0 396 396
397 15 2 0 397 397
398 15 2 0 398 398
399 15 2 0 399 399
400 15 2 0 400 400
401 15 2 0 401 401
402 15 2 0 402 402
403 15 2 0 403 403
404 15 2 0 404 404
405 15 2 0 405 405
406 15 2 0 406 406
407 15 2 0 407 407
408 15 2 0 408 408
409 15 2 0 409 409
410 15 2 0 410 410
411 15 2 0 411 411
412 15 2 0 412 412
413 15 2 0 413 413
414 15 2 0 414 414
415 15 2 0 415 415
416 15 2 0 416 416
417 15 2 0 417 417
418 15 2 0 418 418
419 15 2 0 419 419
420 15 2 0 420 420
421 15 2 0 421 421
422 15 2 0 422 422
423 15 2 0 423 423
424 15 2 0 424 424
425 15 2 0 425 425
426 15 2 0 426 426
427 15 2 0 427 427
428 15 2 0 428 428
429 15 2 0 429 429
430 15 2 0 430 430
431 15 2 0 431 431
432 15 2 0 432 432
433 15 2 0 433 433
434 15 2 0 434 434
435 15 2 0 435 435
436 15 2 0 436 436
437 15 2 0 437 437
438 15 2 0 438 438
439 15 2 0 439 439
440 15 2 0 440 440
441 15 2 0 441 441
442 15 2 0 442 442
443 15 2 0 443 443
444 15 2 0 444 444
445 15 2 0 445 445
446 15 2 0 446 446
447 15 2 0 447 447
448 15 2 0 448 448
449 15 2 0 449 449
450 15 2 0 450 450
451 15 2 0 451 451
452 15 2 0 452 452
453 15 2 0 453 453
454 15 2 0 454 454
455 15 2 0 455 455
456 15 2 0 456 456
457 15 2 0 457 457
458 15 2 0 458 458
459 15 2 0 459 459
460 15 2 0 460 460
461 15 2 0 461 461
462 15 2 0 462 462
463 15 2 0 463 463
464 15 2 0 464 464
465 15 2 0 465 465
466 15 2 0 466 466
467 15 2 0 467 467
468 15 2 0 468 468
469 15 2 0 469 469
470 15 2 0 470 470
471 15 2 0 471 471
472 15 2 0 472 472
473 15 2 0 473 473
474 15 2 0 474 474
475 15 2 0 475 475
476 15 2 0 476 476
477 15 2 0 477 477
478 15 2 0 478 478
479 15 2 0 479 479
480 15 2 0 480 480
481 15 2 0 481 481
482 15 2 0 482 482
483 15 2 0 483 483
484 15 2 0 484 484
485 15 2 0 485 485
486 15 2 0 486 486
487 15 2 0 487 487
488 15 2 0 488 488
489 15 2 0 489 489
490 15 2 0 490 490
491 15 2 0 491 491
492 15 2 0 492 492
493 15 2 0 493 493
494 15 2 0 494 494
495 15 2 0 495 495
496 15 2 0 496 496
497 15 2 0 497 497
498 15 2 0 498 498
499 15 2 0 499 499
500 15 2 0 500 500
501 15 2 0 501 501
502 15 2 0 502 502
503 15 2 0 503 503
504 15 2 0 504 504
505 15 2 0 505 505
506 15 2 0 506 506
507 15 2 0 507 507
508 15 2 0 508 508
509 15 2 0 509 509
510 15 2 0 510 510
511 15 2 0 511 511
512 15 2 0 512 512
513 15 2 0 513 513
514 15 2 0 514 514
515 15 2 0 515 515
516 15 2 0 516 516
517 15 2 0 517 517
518 15 2 0 518 518
519 15 2 0 519 519
520 15 2 0 520 520
521 15 2 0 521 521
522 15 2 0 522 522
523 15 2 0 523 523
524 15 2 0 524 524
525 15 2 0 525 525
526 15 2 0 526 526
527 15 2 0 527 527
528 15 2 0 528 528
529 15 2 0 529 529
530 15 2 0 530 530
531 15 2 0 531 531
532 15 2 0 532 532
533 15 2 0 533 533
534 15 2 0 534 534
535 15 2 0 535 535
536 15 2 0 536 536
537 15 2 0 537 537
538 15 2 0 538 538
539 15 2 0 539 539
540 15 2 0 540 540
541 15 2 0 541 541
542 15 2 0 542 542
543 15 2 0 543 543
544 15 2 0 544 544
545 15 2 0 545 545
546 15 2 0 546 546
547 15 2 0 547 547
548 15 2 0 548 548
549 15 2 0 549 549
550 15 2 0 550 550
551 15 2 0 551 551
552 15 2 0 552 552
553 15 2 0 553 553
554 15 2 0 554 554
555 15 2 0 555 555
556 15 2 0 556 556
557 15 2 0 557 557
558 15 2 0 558 558
559 15 2 0 559 559
560 15 2 0 560 560
561 15 2 0 561 561
562 15 2 0 562 562
563 15 2 0 563 563
564 15 2 0 564 564
565 15 2 0 565 565
566 15 2 0 566 566
567 15 2 0 567 567
568 15 2 0 568 568
569 15 2 0 569 569
570 15 2 0 570 570
571 15 2 0 571 571
572 15 2 0 572 572
573 15 2 0 573 573
574 15 2 0 574 574
575 15 2 0 575 575
576 15 2 0 576 576
577 15 2 0 577 577
578 15 2 0 578 578
579 15 2 0 579 579
580 15 2 0 580 580
581 15 2 0 581 581
582 15 2 0 582 582
583 15 2 0 583 583
584 15 2 0 584 584
585 15 2 0 585 585
586 15 2 0 586 586
587 15 2 0 587 587
588 15 2 0 588 588
589 15 2 0 589 589
590 15 2 0 590 590
591 15 2 0 591 591
592 15 2 0 592 592
593 15 2 0 593 593
594 15 2 0 594 594
595 15 2 0 595 595
596 15 2 0 596 596
597 15 2 0 597 597
598 15 2 0 598 598
599 15 2 0 599 599
600 15 2 0 600 600
601 15 2 0 601 601
602 15 2 0 602 602
603 15 2 0 603 603
604 15 2 0 604 604
605 15 2 0 605 605
606 15 2 0 606 606
607 15 2 0 607 607
608 15 2 0 608 608
609 15 2 0 609 609
610 15 2 0 610 610
611 15 2 0 611 611
612 15 2 0 612 612
613 15 2 0 613 613
614 15 2 0 614 614
615 15 2 0 615 615
616 15 2 0 616 616
617 15 2 0 617 617
618 15 2 0 618 618
619 15 2 0 619 619
620 15 2 0 620 620
621 15 2 0 621 621
622 15 2 0 622 622
623 15 2 0 623 623
624 15 2 0 624 624
625 15 2 0 625 625
626 15 2 0 626 626
627 15 2 0 627 627
628 15 2 0 628 628
629 15 2 0 629 629
630 15 2 0 630 630
631 15 2 0 631 631
632 15 2 0 632 632
633 15 2 0 633 633
634 15 2 0 634 634
635 15 2 0 635 635
636 15 2 0 636 636
637 15 2 0 637 637
638 15 2 0 638 638
639 15 2 0 639 639
640 15 2 0 640 640
641 15 2 0 641 641
642 15 2 0 642 642
643 15 2 0 643 643
644 15 2 0 644 644
645 15 2 0 645 645
646 15 2 0 646 646
647 15 2 0 647 647
648 15 2 0 648 648
649 15 2 0 649 649
650 15 2 0 650 650
651 15 2 0 651 651
652 15 2 0 652 652
653 15 2 0 653 653
654 15 2 0 654 654
655 15 2 0 655 655
656 15 2 0 656 656
657 15 2 0 657 657
658 15 2 0 658 658
659 15 2 0 659 659
660 15 2 0 660 660
661 15 2 0 661 661
662 15 2 0 662 662
663 15 2 0 663 663
664 15 2 0 664 664
665 15 2 0 665 665
666 15 2 0 666 666
667 15 2 0 667 667
668 15 2 0 668 668
669 15 2 0 669 669
670 15 2 0 670 670
671 15 2 0 671 671
672 15 2 0 672 672
673 15 2 0 673 673
674 15 2 0 674 674
675 15 2 0 675 675
676 15 2 0 676 676
677 15 2 0 677 677
678 15 2 0 678 678
679 15 2 0 679 679
680 15 2 0 680 680
681 15 2 0 681 681
682 15 2 0 682 682
683 15 2 0 683 683
684 15 2 0 684 684
685 15 2 0 685 685
686 15 2 0 686 686
687 15 2 0 687 687
688 15 2 0 688 688
689 15 2 0 689 689
690 15 2 0 690 690
691 15 2 0 691 691
692 15 2 0 692 692
693 15 2 0 693 693
694 15 2 0 694 694
695 15 2 0 695 695
696 15 2 0 696 696
697 15 2 0 697 697
698 15 2 0 698 698
699 15 2 0 699 699
700 15 2 0 700 700
701 15 2 0 701 701
702 15 2 0 702 702
703 15 2 0 703 703
704 15 2 0 704 704
705 15 2 0 705 705
706 15 2 0 706 706
707 15 2 0 707 707
708 15 2 0 708 708
709 15 2 0 709 709
710 15 2 0 710 710
711 15 2 0 711 711
712 15 2 0 712 712
713 15 2 0 713 713
714 15 2 0 714 714
715 15 2 0 715 715
716 15 2 0 716 716
717 15 2 0 717 717
718 15 2 0 718 718
719 15 2 0 719 719
720 15 2 0 720 720
721 15 2 0 721 721
722 15 2 0 722 722
723 15 2 0 723 723
724 15 2 0 724 724
725 15 2 0 725 725
726 15 2 0 726 726
727 15 2 0 727 727
728 15 2 0 728 728
729 15 2 0 729 729
730 15 2 0 730 730
731 15 2 0 731 731
732 15 2 0 732 732
733 15 2 0 733 733
734 15 2 0 734 734
735 15 2 0 735 735
736 15 2 0 736 736
737 15 2 0 737 737
738 15 2 0 738 738
739 15 2 0 739 739
740 15 2 0 740 740
741 15 2 0 741 741
742 15 2 0 742 742
743 15 2 0 743 743
744 15 2 0 744 744
745 15 2 0 745 745
746 15 2 0 746 746
747 15 2 0 747 747
748 15 2 0 748 748
749 15 2 0 749 749
750 15 2 0 750 750
751 15 2 0 751 751
752 15 2 0 752 752
753 15 2 0 753 753
754 15 2 0 754 754
755 15 2 0 755 755
756 15 2 0 756 756
757 15 2 0 757 757
758 15 2 0 758 758
759 15 2 0 759 759
760 15 2 0 760 760
761 15 2 0 761 761
762 15 2 0 762 762
763 15 2 0 763 763
764 15 2 0 764 764
765 15 2 0 765 765
766 15 2 0 766 766
767 15 2 0 767 767
768 15 2 0 768 768
769 15 2 0 769 769
770 15 2 0 770 770
771 15 2 0 771 771
772 15 2 0 772 772
773 15 2 0 773 773
774 15 2 0 774 774
775 15 2 0 775 775
776 15 2 0 776 776
777 15 2 0 777 777
778 15 2 0 778 778
779 15 2 0 779 779
780 15 2 0 780 780
781 15 2 0 781 781
782 15 2 0 782 782
783 15 2 0 783 783
784 15 2 0 784 784
785 15 2 0 785 785
786 15 2 0 786 786
787 15 2 0 787 787
788 15 2 0 788 788
789 15 2 0 789 789
790 15 2 0 790 790
791 15 2 0 791 791
792 15 2 0 792 792
793 15 2 0 793 793
794 15 2 0 794 794
795 15 2 0 795 795
796 15 2 0 796 796
797 15 2 0 797 797
798 15 2 0 798 798
799 15 2 0 799 799
800 15 2 0 800 800
801 15 2 0 801 801
802 15 2 0 802 802
803 15 2 0 803 803
804 15 2 0 804 804
805 15 2 0 805 805
806 15 2 0 806 806
807 15 2 0 807 807
808 15 2 0 808 808
809 15 2 0 809 809
810 15 2 0 810 810
811 15 2 0 811 811
812 15 2 0 812 812
813 15 2 0 813 813
814 15 2 0 814 814
815 15 2 0 815 815
816 15 2 0 816 816
817 15 2 0 817 817
818 15 2 0 818 818
819 15 2 0 819 819
820 15 2 0 820 820
821 15 2 0 821 821
822 15 2 0 822 822
823 15 2 0 823 823
824 15 2 0 824 824
825 15 2 0 825 825
826 15 2 0 826 826
827 15 2 0 827 827
828 15 2 0 828 828
829 15 2 0 829 829
830 15 2 0 830 830
831 15 2 0 831 831
832 15 2 0 832 832
833 15 2 0 833 833
834 15 2 0 834 834
835 15 2 0 835 835
836 15 2 0 836 836
837 15 2 0 837 837
838 15 2 0 838 838
839 15 2 0 839 839
840 15 2 0 840 840
841 15 2 0 841 841
842 15 2 0 842 842
843 15 2 0 843 843
844 15 2 0 844 844
845 15 2 0 845 845
846 15 2 0 846 846
847 15 2 0 847 847
848 15 2 0 848 848
849 15 2 0 849 849
850 15 2 0 850 850
851 15 2 0 851 851
852 15 2 0 852 852
853 15 2 0 853 853
854 15 2 0 854 854
855 15 2 0 855 855
856 15 2 0 856 856
857 15 2 0 857 857
858 15 2 0 858 858
859 15 2 0 859 859
860 15 2 0 860 860
861 15 2 0 861 861
862 15 2 0 862 862
863 15 2 0 863 863
864 15 2 0 864 864
865 15 2 0 865 865
866 15 2 0 866 866
867 15 2 0 867 867
868 15 2 0 868 868
869 15 2 0 869 869
870 15 2 0 870 870
871 15 2 0 871 871
872 15 2 0 872 872
873 15 2 0 873 873
874 15 2 0 874 874
875 15 2 0 875 875
876 15 2 0 876 876
877 15 2 0 877 877
878 15 2 0 878 878
879 15 2 0 879 879
880 15 2 0 880 880
881 15 2 0 881 881
882 15 2 0 882 882
883 15 2 0 883 883
884 15 2 0 884 884
885 15 2 0 885 885
886 15 2 0 886 886
887 15 2 0 887 887
888 15 2 0 888 888
889 15 2 0 889 889
890 15 2 0 890 890
891 15 2 0 891 891
892 15 2 0 892 892
893 15 2 0 893 893
894 15 2 0 894 894
895 15 2 0 895 895
896 15 2 0 896 896
897 15 2 0 897 897
898 15 2 0 898 898
899 15 2 0 899 899
900 15 2 0 900 900
901 15 2 0 901 901
902 15 2 0 902 902
903 15 2 0 903 903
904 15 2 0 904 904
905 15 2 0 905 905
906 15 2 0 906 906
907 15 2 0 907 907
908 15 2 0 908 908
909 15 2 0 909 909
910 15 2 0 910 910
911 15 2 0 911 911
912 15 2 0 912 912
913 15 2 0 913 913
914 15 2 0 914 914
915 15 2 0 915 915
916 15 2 0 916 916
917 15 2 0 917 917
918 15 2 0 918 918
919 15 2 0 919 919
920 15 2 0 920 920
921 15 2 0 921 921
922 15 2 0 922 922
923 15 2 0 923 923
924 15 2 0 924 924
925 15 2 0 925 925
926 15 2 0 926 926
927 15 2 0 927 927
928 15 2 0 928 928
929 15 2 0 929 929
930 15 2 0 930 930
931 15 2 0 931 931
932 15 2 0 932 932
933 15 2 0 933 933
934 15 2 0 934 934
935 15 2 0 935 935
936 15 2 0 936 936
937 15 2 0 937 937
938 15 2 0 938 938
939 15 2 0 939 939
940 15 2 0 940 940
941 15 2 0 941 941
942 15 2 0 942 942
943 15 2 0 943 943
944 15 2 0 944 944
945 15 2 0 945 945
946 15 2 0 946 946
947 15 2 0 947 947
948 15 2 0 948 948
949 15 2 0 949 949
950 15 2 0 950 950
951 15 2 0 951 951
952 15 2 0 952 952
953 15 2 0 953 953
954 15 2 0 954 954
955 15 2 0 955 955
956 15 2 0 956 956
957 15 2 0 957 957
958 15 2 0 958 958
959 15 2 0 959 959
960 15 2 0 960 960
961 15 2 0 961 961
962 15 2 0 962 962
963 15 2 0 963 963
964 15 2 0 964 964
965 15 2 0 965 965
966 15 2 0 966 966
967 15 2 0 967 967
968 15 2 0 968 968
969 15 2 0 969 969
970 15 2 0 970 970
971 15 2 0 971 971
972 15 2 0 972 972
973 15 2 0 973 973
974 15 2 0 974 974
975 15 2 0 975 975
976 15 2 0 976 976
977 15 2 0 977 977
978 15 2 0 978 978
979 15 2 0 979 979
980 15 2 0 980 980
981 15 2 0 981 981
982 15 2 0 982 982
983 15 2 0 983 983
984 15 2 0 984 984
985 15 2 0 985 985
986 15 2 0 986 986
987 15 2 0 987 987
988 15 2 0 988 988
989 15 2 0 989 989
990 15 2 0 990 990
991 15 2 0 991 991
992 15 2 0 992 992
993 15 2 0 993 993
994 15 2 0 994 994
995 15 2 0 995 995
996 15 2 0 996 996
997 15 2 0 997 997
998 15 2 0 998 998
999 15 2 0 999 999
1000 15 2 0 1000 1000
1001 15 2 0 1001 1001
1002 15 2 0 1002 1002
1003 15 2 0 1003 1003
1004 15 2 0 1004 1004
1005 15 2 0 1005 1005
1006 15 2 0 1006 1006
1007 15 2 0 1007 1007
1008 15 2 0 1008 1008
1009 15 2 0 1009 1009
1010 15 2 0 1010 1010
1011 15 2 0 1011 1011
1012 15 2 0 1012 1012
1013 15 2 0 1013 1013
1014 15 2 0 1014 1014
1015 15 2 0 1015 1015
1016 15 2 0 1016 1016
1017 15 2 0 1017 1017
1018 15 2 0 1018 1018
1019 15 2 0 1019 1019
1020 15 2 0 1020 1020
1021 15 2 0 1021 1021
1022 15 2 0 1022 1022
1023 15 2 0 1023 1023
1024 15 2 0 1024 1024
1025 15 2 0 1025 1025
1026 15 2 0 1026 1026
1027 15 2 0 1027 1027
1028 15 2 0 1028 1028
1029 15 2 0 1029 1029
1030 15 2 0 1030 1030
1031 15 2 0 1031 1031
1032 15 2 0 1032 1032
1033 15 2 0 1033 1033
1034 15 2 0 1034 1034
1035 15 2 0 1035 1035
1036 15 2 0 1036 1036
1037 15 2 0 1037 1037
1038 15 2 0 1038 1038
1039 15 2 0 1039 1039
1040 15 2 0 1040 1040
1041 15 2 0 1041 1041
1042 15 2 0 1042 1042
1043 15 2 0 1043 1043
1044 15 2 0 1044 1044
1045 15 2 0 1045 1045
1046 15 2 0 1046 1046
1047 15 2 0 1047 1047
1048 15 2 0 1048 1048
1049 15 2 0 1049 1049
1050 15 2 0 1050 1050
1051 15 2 0 1051 1051
1052 15 2 0 1052 1052
1053 15 2 0 1053 1053
1054 15 2 0 1054 1054
1055 15 2 0 1055 1055
1056 15 2 0 1056 1056
1057 15 2 0 1057 1057
1058 15 2 0 1058 1058
1059 15 2 0 1059 1059
1060 15 2 0 1060 1060
1061 15 2 0 1061 1061
1062 15 2 0 1062 1062
1063 15 2 0 1063 1063
1064 15 2 0 1064 1064
1065 15 2 0 1065 1065
1066 15 2 0 1066 1066
1067 15 2 0 1067 1067
1068 15 2 0 1068 1068
1069 15 2 0 1069 1069
1070 15 2 0 1070 1070
1071 15 2 0 1071 1071
1072 15 2 0 1072 1072
1073 15 2 0 1073 1073
1074 15 2 0 1074 1074
1075 15 2 0 1075 1075
1076 15 2 0 1076 1076
1077 15 2 0 1077 1077
1078 15 2 0 1078 1078
1079 15 2 0 1079 1079
1080 15 2 0 1080 1080
1081 15 2 0 1081 1081
1082 15 2 0 1082 1082
1083 15 2 0 1083 1083
1084 15 2 0 1084 1084
1085 15 2 0 1085 1085
1086 15 2 0 1086 1086
1087 15 2 0 1087 1087
1088 15 2 0 1088 1088
1089 15 2 0 1089 1089
1090 15 2 0 1090 1090
1091 15 2 0 1091 1091
1092 15 2 0 1092 1092
1093 15 2 0 1093 1093
1094 15 2 0 1094 1094
1095 15 2 0 1095 1095
1096 15 2 0 1096 1096
1097 15 2 0 1097 1097
1098 15 2 0 1098 1098
1099 15 2 0 1099 1099
1100 15 2 0 1100 1100
1101 15 2 0 1101 1101
1102 15 2 0 1102 1102
1103 15 2 0 1103 1103
1104 15 2 0 1104 1104
1105 15 2 0 1105 1105
1106 15 2 0 1106 1106
1107 15 2 0 1107 1107
1108 15 2 0 1108 1108
1109 15 2 0 1109 1109
1110 15 2 0 1110 1110
1111 15 2 0 1111 1111
1112 15 2 0 1112 1112
1113 15 2 0 1113 1113
1114 15 2 0 1114 1114
1115 15 2 0 1115 1115
1116 15 2 0 1116 1116
1117 15 2 0 1117 1117
1118 15 2 0 1118 1118
1119 15 2 0 1119 1119
1120 15 2 0 1120 1120
1121 15 2 0 1121 1121
1122 15 2 0 1122 1122
1123 15 2 0 1123 1123
1124 15 2 0 1124 1124
1125 15 2 0 1125 1125
1126 15 2 0 1126 1126
1127 15 2 0 1127 1127
1128 15 2 0 1128 1128
1129 15 2 0 1129 1129
1130 15 2 0 1130 1130
1131 15 2 0 1131 1131
1132 15 2 0 1132 1132
1133 15 2 0 1133 1133
1134 15 2 0 1134 1134
1135 15 2 0 1135 1135
1136 15 2 0 1136 1136
1137 15 2 0 1137 1137
1138 15 2 0 1138 1138
1139 15 2 0 1139 1139
1140 15 2 0 1140 1140
1141 15 2 0 1141 1141
1142 15 2 0 1142 1142
1143 15 2 0 1143 1143
1144 15 2 0 1144 1144
1145 15 2 0 1145 1145
1146 15 2 0 1146 1146
1147 15 2 0 1147 1147
1148 15 2 0 1148 1148
1149 15 2 0 1149 1149
1150 15 2 0 1150 1150
1151 15 2 0 1151 1151
1152 15 2 0 1152 1152
1153 15 2 0 1153 1153
1154 15 2 0 1154 1154
1155 15 2 0 1155 1155
1156 15 2 0 1156 1156
1157 15 2 0 1157 1157
1158 15 2 0 1158 1158
1159 15 2 0 1159 1159
1160 15 2 0 1160 1160
1161 15 2 0 1161 1161
1162 15 2 0 1162 1162
1163 15 2 0 1163 1163
1164 15 2 0 1164 1164
1165 15 2 0 1165 1165
1166 15 2 0 1166 1166
1167 15 2 0 1167 1167
1168 15 2 0 1168 1168
1169 15 2 0 1169 1169
1170 15 2 0 1170 1170
1171 15 2 0 1171 1171
1172 15 2 0 1172 1172
1173 15 2 0 1173 1173
1174 15 2 0 1174 1174
1175 15 2 0 1175 1175
1176 15 2 0 1176 1176
1177 15 2 0 1177 1177
1178 15 2 0 1178 1178
1179 15 2 0 1179 1179
1180 15 2 0 1180 1180
1181 15 2 0 1181 1181
1182 15 2 0 1182 1182
1183 15 2 0 1183 1183
1184 15 2 0 1184 1184
1185 15 2 0 1185 1185
1186 15 2 0 1186 1186
1187 15 2 0 1187 1187
1188 15 2 0 1188 1188
1189 15 2 0 1189 1189
1190 15 2 0 1190 1190
1191 15 2 0 1191 1191
1192 15 2 0 1192 1192
1193 15 2 0 1193 1193
1194 15 2 0 1194 1194
1195 15 2 0 1195 1195
1196 15 2 0 1196 1196
1197 15 2 0 1197 1197
1198 15 2 0 1198 1198
1199 15 2 0 1199 1199
1200 15 2 0 1200 1200
1201 15 2 0 1201 1201
1202 15 2 0 1202 1202
1203 15 2 0 1203 1203
1204 15 2 0 1204 1204
1205 15 2 0 1205 1205
1206 15 2 0 1206 1206
1207 15 2 0 1207 1207
1208 15 2 0 1208 1208
1209 15 2 0 1209 1209
1210 15 2 0 1210 1210
1211 15 2 0 1211 1211
1212 15 2 0 1212 1212
1213 15 2 0 1213 1213
1214 15 2 0 1214 1214
1215 15 2 0 1215 1215
1216 15 2 0 1216 1216
1217 15 2 0 1217 1217
1218 15 2 0 1218 1218
1219 15 2 0 1219 1219
1220 15 2 0 1220 1220
1221 15 2 0 1221 1221
1222 15 2 0 1222 1222
1223 15 2 0 1223 1223
1224 15 2 0 1224 1224
1225 15 2 0 1225 1225
1226 15 2 0 1226 1226
1227 15 2 0 1227 1227
1228 15 2 0 1228 1228
1229 15 2 0 1229 1229
1230 15 2 0 1230 1230
1231 15 2 0 1231 1231
1232 15 2 0 1232 1232
1233 15 2 0 1233 1233
1234 15 2 0 1234 1234
1235 15 2 0 1235 1235
1236 15 2 0 1236 1236
1237 15 2 0 1237 1237
1238 15 2 0 1238 1238
1239 15 2 0 1239 1239
1240 15 2 0 1240 1240
1241 15 2 0 1241 1241
1242 15 2 0 1242 1242
1243 15 2 0 1243 1243
1244 15 2 0 1244 1244
1245 15 2 0 1245 1245
1246 15 2 0 1246 1246
1247 15 2 0 1247 1247
1248 15 2 0 1248 1248
1249 15 2 0 1249 1249
1250 15 2 0 1250 1250
1251 15 2 0 1251 1251
1252 15 2 0 1252 1252
1253 15 2 0 1253 1253
1254 15 2 0 1254 1254
1255 15 2 0 1255 1255
1256 15 2 0 1256 1256
1257 15 2 0 1257 1257
1258 15 2 0 1258 1258
1259 15 2 0 1259 1259
1260 15 2 0 1260 1260
1261 15 2 0 1261 1261
1262 15 2 0 1262 1262
1263 15 2 0 1263 1263
1264 15 2 0 1264 1264
1265 15 2 0 1265 1265
1266 15 2 0 1266 1266
1267 15 2 0 1267 1267
1268 15 2 0 1268 1268
1269 15 2 0 1269 1269
1270 15 2 0 1270 1270
1271 15 2 0 1271 1271
1272 15 2 0 1272 1272
1273 15 2 0 1273 1273
1274 15 2 0 1274 1274
1275 15 2 0 1275 1275
1276 15 2 0 1276 1276
1277 15 2 0 1277 1277
1278 15 2 0 1278 1278
1279 15 2 0 1279 1279
1280 15 2 0 1280 1280
1281 15 2 0 1281 1281
1282 15 2 0 1282 1282
1283 15 2 0 1283 1283
1284 15 2 0 1284 1284
1285 15 2 0 1285 1285
1286 15 2 0 1286 1286
1287 15 2 0 1287 1287
1288 15 2 0 1288 1288
1289 15 2 0 1289 1289
1290 15 2 0 1290 1290
1291 15 2 0 1291 1291
1292 15 2 0 1292 1292
1293 15 2 0 1293 1293
1294 15 2 0 1294 1294
1295 15 2 0 1295 1295
1296 15 2 0 1296 1296
1297 15 2 0 1297 1297
1298 15 2 0 1298 1298
1299 15 2 0 1299 1299
1300 15 2 0 1300 1300
1301 15 2 0 1301 1301
1302 15 2 0 1302 1302
1303 15 2 0 1303 1303
1304 15 2 0 1304 1304
1305 15 2 0 1305 1305
1306 15 2 0 1306 1306
1307 15 2 0 1307 1307
1308 15 2 0 1308 1308
1309 15 2 0 1309 1309
1310 15 2 0 1310 1310
1311 15 2 0 1311 1311
1312 15 2 0 1312 1312
1313 15 2 0 1313 1313
1314 15 2 0 1314 1314
1315 15 2 0 1315 1315
1316 15 2 0 1316 1316
1317 15 2 0 1317 1317
1318 15 2 0 1318 1318
1319 15 2 0 1319 1319
1320 15 2 0 1320 1320
1321 15 2 0 1321 1321
1322 15 2 0 1322 1322
1323 15 2 0 1323 1323
1324 15 2 0 1324 1324
1325 15 2 0 1325 1325
1326 15 2 0 1326 1326
1327 15 2 0 1327 1327
1328 15 2 0 1328 1328
1329 15 2 0 1329 1329
1330 15 2 0 1330 1330
1331 15 2 0 1331 1331
1332 15 2 0 1332 1332
1333 15 2 0 1333 1333
1334 15 2 0 1334 1334
1335 15 2 0 1335 1335
1336 15 2 0 1336 1336
1337 15 2 0 1337 1337
1338 15 2 0 1338 1338
1339 15 2 0 1339 1339
1340 15 2 0 1340 1340
1341 15 2 0 1341 1341
1342 15 2 0 1342 1342
1343 15 2 0 1343 1343
1344 15 2 0 1344 1344
1345 15 2 0 1345 1345
1346 15 2 0 1346 1346
1347 15 2 0 1347 1347
1348 15 2 0 1348 1348
1349 15 2 0 1349 1349
1350 15 2 0 1350 1350
1351 15 2 0 1351 1351
1352 15 2 0 1352 1352
1353 15 2 0 1353 1353
1354 15 2 0 1354 1354
1355 15 2 0 1355 1355
1356 15 2 0 1356 1356
1357 15 2 0 1357 1357
1358 15 2 0 1358 1358
1359 15 2 0 1359 1359
1360 15 2 0 1360 1360
1361 15 2 0 1361 1361
1362 15 2 0 1362 1362
1363 15 2 0 1363 1363
1364 15 2 0 1364 1364
1365 15 2 0 1365 1365
1366 15 2 0 1366 1366
1367 15 2 0 1367 1367
1368 15 2 0 1368 1368
1369 15 2 0 1369 1369
1370 15 2 0 1370 1370
1371 15 2 0 1371 1371
1372 15 2 0 1372 1372
1373 15 2 0 1373 1373
1374 15 2 0 1374 1374
1375 15 2 0 1375 1375
1376 15 2 0 1376 1376
1377 15 2 0 1377 1377
1378 15 2 0 1378 1378
1379 15 2 0 1379 1379
1380 15 2 0 1380 1380
1381 15 2 0 1381 1381
1382 15 2 0 1382 1382
1383 15 2 0 1383 1383
1384 15 2 0 1384 1384
1385 15 2 0 1385 1385
1386 15 2 0 1386 1386
1387 15 2 0 1387 1387
1388 15 2 0 1388 1388
1389 15 2 0 1389 1389
1390 15 2 0 1390 1390
1391 15 2 0 1391 1391
1392 15 2 0 1392 1392
1393 15 2 0 1393 1393
1394 15 2 0 1394 1394
1395 15 2 0 1395 1395
1396 15 2 0 1396 1396
1397 15 2 0 1397 1397
1398 15 2 0 1398 1398
1399 15 2 0 1399 1399
1400 15 2 0 1400 1400
1401 15 2 0 1401 1401
1402 15 2 0 1402 1402
1403 15 2 0 1403 1403
1404 15 2 0 1404 1404
1405 15 2 0 1405 1405
1406 15 2 0 1406 1406
1407 15 2 0 1407 1407
1408 15 2 0 1408 1408
1409 15 2 0 1409 1409
1410 15 2 0 1410 1410
1411 15 2 0 1411 1411
1412 15 2 0 1412 1412
1413 15 2 0 1413 1413
1414 15 2 0 1414 1414
1415 15 2 0 1415 1415
1416 15 2 0 1416 1416
1417 15 2 0 1417 1417
1418 15 2 0 1418 1418
1419 15 2 0 1419 1419
1420 15 2 0 1420 1420
1421 15 2 0 1421 1421
1422 15 2 0 1422 1422
1423 15 2 0 1423 1423
1424 15 2 0 1424 1424
1425 15 2 0 1425 1425
1426 15 2 0 1426 1426
1427 15 2 0 1427 1427
1428 15 2 0 1428 1428
1429 15 2 0 1429 1429
1430 15 2 0 1430 1430
1431 15 2 0 1431 1431
1432 15 2 0 1432 1432
1433 15 2 0 1433 1433
1434 15 2 0 1434 1434
1435 15 2 0 1435 1435
1436 15 2 0 1436 1436
1437 15 2 0 1437 1437
1438 15 2 0 1438 1438
1439 15 2 0 1439 1439
1440 15 2 0 1440 1440
1441 15 2 0 1441 1441
1442 15 2 0 1442 1442
1443 15 2 0 1443 1443
1444 15 2 0 1444 1444
1445 15 2 0 1445 1445
1446 15 2 0 1446 1446
1447 15 2 0 1447 1447
1448 15 2 0 1448 1448
1449 15 2 0 1449 1449
1450 15 2 0 1450 1450
1451 15 2 0 1451 1451
1452 15 2 0 1452 1452
1453 15 2 0 1453 1453
1454 15 2 0 1454 1454
1455 15 2 0 1455 1455
1456 15 2 0 1456 1456
1457 15 2 0 1457 1457
1458 15 2 0 1458 1458
1459 15 2 0 1459 1459
1460 15 2 0 1460 1460
1461 15 2 0 1461 1461
1462 15 2 0 1462 1462
1463 15 2 0 1463 1463
1464 15 2 0 1464 1464
1465 15 2 0 1465 1465
1466 15 2 0 1466 1466
1467 15 2 0 1467 1467
1468 15 2 0 1468 1468
1469 15 2 0 1469 1469
1470 15 2 0 1470 1470
1471 15 2 0 1471 1471
1472 15 2 0 1472 1472
1473 15 2 0 1473 1473
1474 15 2 0 1474 1474
1475 15 2 0 1475 1475
1476 15 2 0 1476 1476
1477 15 2 0 1477 1477
1478 15 2 0 1478 1478
1479 15 2 0 1479 1479
1480 15 2 0 1480 1480
1481 15 2 0 1481 1481
1482 15 2 0 1482 1482
1483 15 2 0 1483 1483
1484 15 2 0 1484 1484
1485 15 2 0 1485 1485
1486 15 2 0 1486 1486
1487 15 2 0 1487 1487
1488 15 2 0 1488 1488
1489 15 2 0 1489 1489
1490 15 2 0 1490 1490
1491 15 2 0 1491 1491
1492 15 2 0 1492 1492
1493 15 2 0 1493 1493
1494 15 2 0 1494 1494
1495 15 2 0 1495 1495
1496 15 2 0 1496 1496
1497 15 2 0 1497 1497
1498 15 2 0 1498 1498
1499 15 2 0 1499 1499
1500 15 2 0 1500 1500
1501 15 2 0 1501 1501
1502 15 2 0 1502 1502
1503 15 2 0 1503 1503
1504 15 2 0 1504 1504
1505 15 2 0 1505 1505
1506 15 2 0 1506 1506
1507 15 2 0 1507 1507
1508 15 2 0 1508 1508
1509 15 2 0 1509 1509
1510 15 2 0 1510 1510
1511 15 2 0 1511 1511
1512 15 2 0 1512 1512
1513 15 2 0 1513 1513
1514 15 2 0 1514 1514
1515 15 2 0 1515 1515
1516 15 2 0 1516 1516
1517 15 2 0 1517 1517
1518 15 2 0 1518 1518
1519 15 2 0 1519 1519
1520 15 2 0 1520 1520
1521 15 2 0 1521 1521
1522 15 2 0 1522 1522
1523 15 2 0 1523 1523
1524 15 2 0 1524 1524
1525 15 2 0 1525 1525
1526 15 2 0 1526 1526
1527 15 2 0 1527 1527
1528 15 2 0 1528 1528
1529 15 2 0 1529 1529
1530 15 2 0 1530 1530
1531 15 2 0 1531 1531
1532 15 2 0 1532 1532
1533 15 2 0 1533 1533
1534 15 2 0 1534 1534
1535 15 2 0 1535 1535
1536 15 2 0 1536 1536
1537 15 2 0 1537 1537
1538 15 2 0 1538 1538
1539 15 2 0 1539 1539
1540 15 2 0 1540 1540
1541 15 2 0 1541 1541
1542 15 2 0 1542 1542
1543 15 2 0 1543 1543
1544 15 2 0 1544 1544
1545 15 2 0 1545 1545
1546 15 2 0 1546 1546
1547 15 2 0 1547 1547
1548 15 2 0 1548 1548
1549 15 2 0 1549 1549
1550 15 2 0 1550 1550
1551 15 2 0 1551 1551
1552 15 2 0 1552 1552
1553 15 2 0 1553 1553
1554 15 2 0 1554 1554
1555 15 2 0 1555 1555
1556 15 2 0 1556 1556
1557 15 2 0 1557 1557
1558 15 2 0 1558 1558
1559 15 2 0 1559 1559
1560 15 2 0 1560 1560
1561 15 2 0 1561 1561
1562 15 2 0 1562 1562
1563 15 2 0 1563 1563
1564 15 2 0 1564 1564
1565 15 2 0 1565 1565
1566 15 2 0 1566 1566
1567 15 2 0 1567 1567
1568 15 2 0 1568 1568
1569 15 2 0 1569 1569
1570 15 2 0 1570 1570
1571 15 2 0 1571 1571
1572 15 2 0 1572 1572
1573 15 2 0 1573 1573
1574 15 2 0 1574 1574
1575 15 2 0 1575 1575
1576 15 2 0 1576 1576
1577 15 2 0 1577 1577
1578 15 2 0 1578 1578
1579 15 2 0 1579 1579
1580 15 2 0 1580 1580
1581 15 2 0 1581 1581
1582 15 2 0 1582 1582
1583 15 2 0 1583 1583
1584 15 2 0 1584 1584
1585 15 2 0 1585 1585
1586 15 2 0 1586 1586
1587 15 2 0 1587 1587
1588 15 2 0 1588 1588
1589 15 2 0 1589 1589
1590 15 2 0 1590 1590
1591 15 2 0 1591 1591
1592 15 2 0 1592 1592
1593 15 2 0 1593 1593
1594 15 2 0 1594 1594
1595 15 2 0 1595 1595
1596 15 2 0 1596 1596
1597 15 2 0 1597 1597
1598 15 2 0 1598 1598
1599 15 2 0 1599 1599
1600 15 2 0 1600 1600
1601 1 2 0 1 1 65
1602 1 2 0 2 1 2
1603 1 2 0 3 2 66
1604 1 2 0 4 2 3
1605 1 2 0 5 3 67
1606 1 2 0 6 3 4
1607 1 2 0 7 4 68
1608 1 2 0 8 4 5
1609 1 2 0 9 5 69
1610 1 2 0 10 5 6
1611 1 2 0 11 6 70
1612 1 2 0 12 6 7
1613 1 2 0 13 7 71
1614 1 2 0 14 7 8
1615 1 2 0 15 8 72
1616 1 2 0 16 8 9
1617 1 2 0 17 9 73
1618 1 2 0 18 9 10
1619 1 2 0 19 10 74
1620 1 2 0 20 10 11
1621 1 2 0 21 11 75
1622 1 2 0 22 11 12
1623 1 2 0 23 12 76
1624 1 2 0 24 12 13
1625 1 2 0 25 13 77
1626 1 2 0 26 13 14
1627 1 2 0 27 14 78
1628 1 2 0 28 14 15
1629 1 2 0 29 15 79
1630 1 2 0 30 15 16
1631 1 2 0 31 16 80
1632 1 2 0 32 16 17
1633 1 2 0 33 17 81
1634 1 2 0 34 17 18
1635 1 2 0 35 18 82
1636 1 2 0 36 18 19
1637 1 2 0 37 19 83
1638 1 2 0 38 19 20
1639 1 2 0 39 20 84
1640 1 2 0 40 20 21
1641 1 2 0 41 21 85
1642 1 2 0 42 21 22
1643 1 2 0 43 22 86
1644 1 2 0 44 22 23
1645 1 2 0 45 23 87
1646 1 2 0 46 23 24
1647 1 2 0 47 24 88
1648 1 2 0 48 24 25
1649 1 2 0 49 25 89
1650 1 2 0 50 25 26
1651 1 2 0 51 26 90
1652 1 2 0 52 26 27
1653 1 2 0 53 27 91
1654 1 2 0 54 27 28
1655 1 2 0 55 28 92
1656 1 2 0 56 28 29
1657 1 2 0 57 29 93
1658 1 2 0 58 29 30
1659 1 2 0 59 30 94
1660 1 2 0 60 30 31
1661 1 2 0 61 31 95
1662 1 2 0 62 31 32
1663 1 2 0 63 32 96
1664 1 2 0 64 32 33
1665 1 2 0 65 33 97
1666 1 2 0 66 33 34
1667 1 2 0 67 34 98
1668 1 2 0 68 34 35
1669 1 2 0 69 35 99
1670 1 2 0 70 35 36
1671 1 2 0 71 36 100
1672 1 2 0 72 36 37
1673 1 2 0 73 37 101
1674 1 2 0 74 37 38
1675 1 2 0 75 38 102
1676 1 2 0 76 38 39
1677 1 2 0 77 39 103
1678 1 2 0 78 39 40
1679 1 2 0 79 40 104
1680 1 2 0 80 40 41
1681 1 2 0 81 41 105
1682 1 2 0 82 41 42
1683 1 2 0 83 42 106
1684 1 2 0 84 42 43
1685 1 2 0 85 43 107
1686 1 2 0 86 43 44
1687 1 2 0 87 44 108
1688 1 2 0 88 44 45
1689 1 2 0 89 45 109
1690 1 2 0 90 45 46
1691 1 2 0 91 46 110
1692 1 2 0 92 46 47
1693 1 2 0 93 47 111
1694 1 2 0 94 47 48
1695 1 2 0 95 48 112
1696 1 2 0 96 48 49
1697 1 2 0 97 49 113
1698 1 2 0 98 49 50
1699 1 2 0 99 50 114
1700 1 2 0 100 50 51
1701 1 2 0 101 51 115
1702 1 2 0 102 51 52
1703 1 2 0 103 52 116
1704 1 2 0 104 52 53
1705 1 2 0 105 53 117
1706 1 2 0 106 53 54
1707 1 2 0 107 54 118
1708 1 2 0 108 54 55
1709 1 2 0 109 55 119
1710 1 2 0 110 55 56
1711 1 2 0 111 56 120
1712 1 2 0 112 56 57
1713 1 2 0 113 57 121
1714 1 2 0 114 57 58
1715 1 2 0 115 58 122
1716 1 2 0 116 58 59
1717 1 2 0 117 59 123
1718 1 2 0 118 59 60
1719 1 2 0 119 60 124
1720 1 2 0 120 60 61
1721 1 2 0 121 61 125
1722 1 2 0 122 61 62
1723 1 2 0 123 62 126
1724 1 2 0 124 62 63
1725 1 2 0 125 63 127
1726 1 2 0 126 63 64
1727 1 2 0 127 64 128
1728 1 2 0 128 64 1
1729 1 2 0 129 65 129
1730 1 2 0 130 65 66
1731 1 2 0 131 66 130
1732 1 2 0 132 66 67
1733 1 2 0 133 67 131
1734 1 2 0 134 67 68
1735 1 2 0 135 68 132
1736 1 2 0 136 68 69
1737 1 2 0 137 69 133
1738 1 2 0 138 69 70
1739 1 2 0 139 70 134
1740 1 2 0 140 70 71
1741 1 2 0 141 71 135
1742 1 2 0 142 71 72
1743 1 2 0 143 72 136
1744 1 2 0 144 72 73
1745 1 2 0 145 73 137
1746 1 2 0 146 73 74
1747 1 2 0 147 74 138
1748 1 2 0 148 74 75
1749 1 2 0 149 75 139
1750 1 2 0 150 75 76
1751 1 2 0 151 76 140
1752 1 2 0 152 76 77
1753 1 2 0 153 77 141
1754 1 2 0 154 77 78
1755 1 2 0 155 78 142
1756 1 2 0 156 78 79
1757 1 2 0 157 79 143
1758 1 2 0 158 79 80
1759 1 2 0 159 80 144
1760 1 2 0 160 80 81
1761 1 2 0 161 81 145
1762 1 2 0 162 81 82
1763 1 2 0 163 82 146
1764 1 2 0 164 82 83
1765 1 2 0 165 83 147
1766 1 2 0 166 83 84
1767 1 2 0 167 84 148
1768 1 2 0 168 84 85
1769 1 2 0 169 85 149
1770 1 2 0 170 85 86
1771 1 2 0 171 86 150
1772 1 2 0 172 86 87
1773 1 2 0 173 87 151
1774 1 2 0 174 87 88
1775 1 2 0 175 88 152
1776 1 2 0 176 88 89
1777 1 2 0 177 89 153
1778 1 2 0 178 89 90
1779 1 2 0 179 90 154
1780 1 2 0 180 90 91
1781 1 2 0 181 91 155
1782 1 2 0 182 91 92
1783 1 2 0 183 92 156
1784 1 2 0 184 92 93
1785 1 2 0 185 93 157
1786 1 2 0 186 93 94
1787 1 2 0 187 94 158
1788 1 2 0 188 94 95
1789 1 2 0 189 95 159
1790 1 2 0 190 95 96
1791 1 2 0 191 96 160
1792 1 2 0 192 96 97
1793 1 2 0 193 97 161
1794 1 2 0 194 97 98
1795 1 2 0 195 98 162
1796 1 2 0 196 98 99
1797 1 2 0 197 99 163
1798 1 2 0 198 99 100
1799 1 2 0 199 100 164
1800 1 2 0 200 100 101
1801 1 2 0 201 101 165
1802 1 2 0 202 101 102
1803 1 2 0 203 102 166
1804 1 2 0 204 102 103
1805 1 2 0 205 103 167
1806 1 2 0 206 103 104
1807 1 2 0 207 104 168
1808 1 2 0 208 104 105
1809 1 2 0 209 105 169
1810 1 2 0 210 105 106
1811 1 2 0 211 106 170
1812 1 2 0 212 106 107
1813 1 2 0 213 107 171
1814 1 2 0 214 107 108
1815 1 2 0 215 108 172
1816 1 2 0 216 108 109
1817 1 2 0 217 109 173
1818 1 2 0 218 109 110
1819 1 2 0 219 110 174
1820 1 2 0 220 110 111
1821 1 2 0 221 111 175
1822 1 2 0 222 111 112
1823 1 2 0 223 112 176
1824 1 2 0 224 112 113
1825 1 2 0 225 113 177
1826 1 2 0 226 113 114
1827 1 2 0 227 114 178
1828 1 2 0 228 114 115
1829 1 2 0 229 115 179
1830 1 2 0 230 115 116
1831 1 2 0 231 116 180
1832 1 2 0 232 116 117
1833 1 2 0 233 117 181
1834 1 2 0 234 117 118
1835 1 2 0 235 118 182
1836 1 2 0 236 118 119
1837 1 2 0 237 119 183
1838 1 2 0 238 119 120
1839 1 2 0 239 120 184
1840 1 2 0 240 120 121
1841 1 2 0 241 121 185
1842 1 2 0 242 121 122
1843 1 2 0 243 122 186
1844 1 2 0 244 122 123
1845 1 2 0 245 123 187
1846 1 2 0 246 123 124
1847 1 2 0 247 124 188
1848 1 2 0 248 124 125
1849 1 2 0 249 125 189
1850 1 2 0 250 125 126
1851 1 2 0 251 126 190
1852 1 2 0 252 126 127
1853 1 2 0 253 127 191
1854 1 2 0 254 127 128
1855 1 2 0 255 128 192
1856 1 2 0 256 128 65
1857 1 2 0 257 129 193
1858 1 2 0 258 129 130
1859 1 2 0 259 130 194
1860 1 2 0 260 130 131
1861 1 2 0 261 131 195
1862 1 2 0 262 131 132
1863 1 2 0 263 132 196
1864 1 2 0 264 132 133
1865 1 2 0 265 133 197
1866 1 2 0 266 133 134
1867 1 2 0 267 134 198
1868 1 2 0 268 134 135
1869 1 2 0 269 135 199
1870 1 2 0 270 135 136
1871 1 2 0 271 136 200
1872 1 2 0 272 136 137
1873 1 2 0 273 137 201
1874 1 2 0 274 137 138
1875 1 2 0 275 138 202
1876 1 2 0 276 138 139
1877 1 2 0 277 139 203
1878 1 2 0 278 139 140
1879 1 2 0 279 140 204
1880 1 2 0 280 140 141
1881 1 2 0 281 141 205
1882 1 2 0 282 141 142
1883 1 2 0 283 142 206
1884 1 2 0 284 142 143
1885 1 2 0 285 143 207
1886 1 2 0 286 143 144
1887 1 2 0 287 144 208
1888 1 2 0 288 144 145
1889 1 2 0 289 145 209
1890 1 2 0 290 145 146
1891 1 2 0 291 146 210
1892 1 2 0 292 146 147
1893 1 2 0 293 147 211
1894 1 2 0 294 147 148
1895 1 2 0 295 148 212
1896 1 2 0 296 148 149
1897 1 2 0 297 149 213
1898 1 2 0 298 149 150
1899 1 2 0 299 150 214
1900 1 2 0 300 150 151
1901 1 2 0 301 151 215
1902 1 2 0 302 151 152
1903 1 2 0 303 152 216
1904 1 2 0 304 152 153
1905 1 2 0 305 153 217
1906 1 2 0 306 153 154
1907 1 2 0 307 154 218
1908 1 2 0 308 154 155
1909 1 2 0 309 155 219
1910 1 2 0 310 155 156
1911 1 2 0 311 156 220
1912 1 2 0 312 156 157
1913 1 2 0 313 157 221
1914 1 2 0 314 157 158
1915 1 2 0 315 158 222
1916 1 2 0 316 158 159
1917 1 2 0 317 159 223
1918 1 2 0 318 159 160
1919 1 2 0 319 160 224
1920 1 2 0 320 160 161
1921 1 2 0 321 161 225
1922 1 2 0 322 161 162
1923 1 2 0 323 162 226
1924 1 2 0 324 162 163
1925 1 2 0 325 163 227
1926 1 2 0 326 163 164
1927 1 2 0 327 164 228
1928 1 2 0 328 164 165
1929 1 2 0 329 165 229
1930 1 2 0 330 165 166
1931 1 2 0 331 166 230
1932 1 2 0 332 166 167
1933 1 2 0 333 167 231
1934 1 2 0 334 167 168
1935 1 2 0 335 168 232
1936 1 2 0 336 168 169
1937 1 2 0 337 169 233
1938 1 2 0 338 169 170
1939 1 2 0 339 170 234
1940 1 2 0 340 170 171
1941 1 2 0 341 171 235
1942 1 2 0 342 171 172
1943 1 2 0 343 172 236
1944 1 2 0 344 172 173
1945 1 2 0 345 173 237
1946 1 2 0 346 173 174
1947 1 2 0 347 174 238
1948 1 2 0 348 174 175
1949 1 2 0 349 175 239
1950 1 2 0 350 175 176
1951 1 2 0 351 176 240
1952 1 2 0 352 176 177
1953 1 2 0 353 177 241
1954 1 2 0 354 177 178
1955 1 2 0 355 178 242
1956 1 2 0 356 178 179
1957 1 2 0 357 179 243
1958 1 2 0 358 179 180
1959 1 2 0 359 180 244
1960 1 2 0 360 180 181
1961 1 2 0 361 181 245
1962 1 2 0 362 181 182
1963 1 2 0 363 182 246
1964 1 2 0 364 182 183
1965 1 2 0 365 183 247
1966 1 2 0 366 183 184
1967 1 2 0 367 184 248
1968 1 2 0 368 184 185
1969 1 2 0 369 185 249
1970 1 2 0 370 185 186
1971 1 2 0 371 186 250
1972 1 2 0 372 186 187
1973 1 2 0 373 187 251
1974 1 2 0 374 187 188
1975 1 2 0 375 188 252
1976 1 2 0 376 188 189
1977 1 2 0 377 189 253
1978 1 2 0 378 189 190
1979 1 2 0 379 190 254
1980 1 2 0 380 190 191
1981 1 2 0 381 191 255
1982 1 2 0 382 191 192
1983 1 2 0 383 192 256
1984 1 2 0 384 192 129
1985 1 2 0 385 193 257
1986 1 2 0 386 193 194
1987 1 2 0 387 194 258
1988 1 2 0 388 194 195
1989 1 2 0 389 195 259
1990 1 2 0 390 195 196
1991 1 2 0 391 196 260
1992 1 2 0 392 196 197
1993 1 2 0 393 197 261
1994 1 2 0 394 197 198
1995 1 2 0 395 198 262
1996 1 2 0 396 198 199
1997 1 2 0 397 199 263
1998 1 2 0 398 199 200
1999 1 2 0 399 200 264
2000 1 2 0 400 200 201
2001 1 2 0 401 201 265
2002 1 2 0 402 201 202
2003 1 2 0 403 202 266
2004 1 2 0 404 202 203
2005 1 2 0 405 203 267
2006 1 2 0 406 203 204
2007 1 2 0 407 204 268
2008 1 2 0 408 204 205
2009 1 2 0 409 205 269
2010 1 2 0 410 205 206
2011 1 2 0 411 206 270
2012 1 2 0 412 206 207
2013 1 2 0 413 207 271
2014 1 2 0 414 207 208
2015 1 2 0 415 208 272
2016 1 2 0 416 208 209
2017 1 2 0 417 209 273
2018 1 2 0 418 209 210
2019 1 2 0 419 210 274
2020 1 2 0 420 210 211
2021 1 2 0 421 211 275
2022 1 2 0 422 211 212
2023 1 2 0 423 212 276
2024 1 2 0 424 212 213
2025 1 2 0 425 213 277
2026 1 2 0 426 213 214
2027 1 2 0 427 214 278
2028 1 2 0 428 214 215
2029 1 2 0 429 215 279
2030 1 2 0 430 215 216
2031 1 2 0 431 216 280
2032 1 2 0 432 216 217
2033 1 2 0 433 217 281
2034 1 2 0 434 217 218
2035 1 2 0 435 218 282
2036 1 2 0 436 218 219
2037 1 2 0 437 219 283
2038 1 2 0 438 219 220
2039 1 2 0 439 220 284
2040 1 2 0 440 220 221
2041 1 2 0 441 221 285
2042 1 2 0 442 221 222
2043 1 2 0 443 222 286
2044 1 2 0 444 222 223
2045 1 2 0 445 223 287
2046 1 2 0 446 223 224
2047 1 2 0 447 224 288
2048 1 2 0 448 224 225
2049 1 2 0 449 225 289
2050 1 2 0 450 225 226
2051 1 2 0 451 226 290
2052 1 2 0 452 226 227
2053 1 2 0 453 227 291
2054 1 2 0 454 227 228
2055 1 2 0 455 228 292
2056 1 2 0 456 228 229
2057 1 2 0 457 229 293
2058 1 2 0 458 229 230
2059 1 2 0 459 230 294
2060 1 2 0 460 230 231
2061 1 2 0 461 231 295
2062 1 2 0 462 231 232
2063 1 2 0 463 232 296
2064 1 2 0 464 232 233
2065 1 2 0 465 233 297
2066 1 2 0 466 233 234
2067 1 2 0 467 234 298
2068 1 2 0 468 234 235
2069 1 2 0 469 235 299
2070 1 2 0 470 235 236
2071 1 2 0 471 236 300
2072 1 2 0 472 236 237
2073 1 2 0 473 237 301
2074 1 2 0 474 237 238
2075 1 2 0 475 238 302
2076 1 2 0 476 238 239
2077 1 2 0 477 239 303
2078 1 2 0 478 239 240
2079 1 2 0 479 240 304
2080 1 2 0 480 240 241
2081 1 2 0 481 241 305
2082 1 2 0 482 241 242
2083 1 2 0 483 242 306
2084 1 2 0 484 242 243
2085 1 2 0 485 243 307
2086 1 2 0 486 243 244
2087 1 2 0 487 244 308
2088 1 2 0 488 244 245
2089 1 2 0 489 245 309
2090 1 2 0 490 245 246
2091 1 2 0 491 246 310
2092 1 2 0 492 246 247
2093 1 2 0 493 247 311
2094 1 2 0 494 247 248
2095 1 2 0 495 248 312
2096 1 2 0 496 248 249
2097 1 2 0 497 249 313
2098 1 2 0 498 249 250
2099 1 2 0 499 250 314
2100 1 2 0 500 250 251
2101 1 2 0 501 251 315
2102 1 2 0 502 251 252
2103 1 2 0 503 252 316
2104 1 2 0 504 252 253
2105 1 2 0 505 253 317
2106 1 2 0 506 253 254
2107 1 2 0 507 254 318
2108 1 2 0 508 254 255
2109 1 2 0 509 255 319
2110 1 2 0 510 255 256
2111 1 2 0 511 256 320
2112 1 2 0 512 256 193
2113 1 2 0 513 257 321
2114 1 2 0 514 257 258
2115 1 2 0 515 258 322
2116 1 2 0 516 258 259
2117 1 2 0 517 259 323
2118 1 2 0 518 259 260
2119 1 2 0 519 260 324
2120 1 2 0 520 260 261
2121 1 2 0 521 261 325
2122 1 2 0 522 261 262
2123 1 2 0 523 262 326
2124 1 2 0 524 262 263
2125 1 2 0 525 263 327
2126 1 2 0 526 263 264
2127 1 2 0 527 264 328
2128 1 2 0 528 264 265
2129 1 2 0 529 265 329
2130 1 2 0 530 265 266
2131 1 2 0 531 266 330
2132 1 2 0 532 266 267
2133 1 2 0 533 267 331
2134 1 2 0 534 267 268
2135 1 2 0 535 268 332
2136 1 2 0 536 268 269
2137 1 2 0 537 269 333
2138 1 2 0 538 269 270
2139 1 2 0 539 270 334
2140 1 2 0 540 270 271
2141 1 2 0 541 271 335
2142 1 2 0 542 271 272
2143 1 2 0 543 272 336
2144 1 2 0 544 272 273
2145 1 2 0 545 273 337
2146 1 2 0 546 273 274
2147 1 2 0 547 274 338
2148 1 2 0 548 274 275
2149 1 2 0 549 275 339
2150 1 2 0 550 275 276
2151 1 2 0 551 276 340
2152 1 2 0 552 276 277
2153 1 2 0 553 277 341
2154 1 2 0 554 277 278
2155 1 2 0 555 278 342
2156 1 2 0 556 278 279
2157 1 2 0 557 279 343
2158 1 2 0 558 279 280
2159 1 2 0 559 280 344
2160 1 2 0 560 280 281
2161 1 2 0 561 281 345
2162 1 2 0 562 281 282
2163 1 2 0 563 282 346
2164 1 2 0 564 282 283
2165 1 2 0 565 283 347
2166 1 2 0 566 283 284
2167 1 2 0 567 284 348
2168 1 2 0 568 284 285
2169 1 2 0 569 285 349
2170 1 2 0 570 285 286
2171 1 2 0 571 286 350
2172 1 2 0 572 286 287
2173 1 2 0 573 287 351
2174 1 2 0 574 287 288
2175 1 2 0 575 288 352
2176 1 2 0 576 288 289
2177 1 2 0 577 289 353
2178 1 2 0 578 289 290
2179 1 2 0 579 290 354
2180 1 2 0 580 290 291
2181 1 2 0 581 291 355
2182 1 2 0 582 291 292
2183 1 2 0 583 292 356
2184 1 2 0 584 292 293
2185 1 2 0 585 293 357
2186 1 2 0 586 293 294
2187 1 2 0 587 294 358
2188 1 2 0 588 294 295
2189 1 2 0 589 295 359
2190 1 2 0 590 295 296
2191 1 2 0 591 296 360
2192 1 2 0 592 296 297
2193 1 2 0 593 297 361
2194 1 2 0 594 297 298
2195 1 2 0 595 298 362
2196 1 2 0 596 298 299
2197 1 2 0 597 299 363
2198 1 2 0 598 299 300
2199 1 2 0 599 300 364
2200 1 2 0 600 300 301
2201 1 2 0 601 301 365
2202 1 2 0 602 301 302
2203 1 2 0 603 302 366
2204 1 2 0 604 302 303
2205 1 2 0 605 303 367
2206 1 2 0 606 303 304
2207 1 2 0 607 304 368
2208 1 2 0 608 304 305
2209 1 2 0 609 305 369
2210 1 2 0 610 305 306
2211 1 2 0 611 306 370
2212 1 2 0 612 306 307
2213 1 2 0 613 307 371
2214 1 2 0 614 307 308
2215 1 2 0 615 308 372
2216 1 2 0 616 308 309
2217 1 2 0 617 309 373
2218 1 2 0 618 309 310
2219 1 2 0 619 310 374
2220 1 2 0 620 310 311
2221 1 2 0 621 311 375
2222 1 2 0 622 311 312
2223 1 2 0 623 312 376
2224 1 2 0 624 312 313
2225 1 2 0 625 313 377
2226 1 2 0 626 313 314
2227 1 2 0 627 314 378
2228 1 2 0 628 314 315
2229 1 2 0 629 315 379
2230 1 2 0 630 315 316
2231 1 2 0 631 316 380
2232 1 2 0 632 316 317
2233 1 2 0 633 317 381
2234 1 2 0 634 317 318
2235 1 2 0 635 318 382
2236 1 2 0 636 318 319
2237 1 2 0 637 319 383
2238 1 2 0 638 319 320
2239 1 2 0 639 320 384
2240 1 2 0 640 320 257
2241 1 2 0 641 321 385
2242 1 2 0 642 321 322
2243 1 2 0 643 322 386
2244 1 2 0 644 322 323
2245 1 2 0 645 323 387
2246 1 2 0 646 323 324
2247 1 2 0 647 324 388
2248 1 2 0 648 324 325
2249 1 2 0 649 325 389
2250 1 2 0 650 325 326
2251 1 2 0 651 326 390
2252 1 2 0 652 326 327
2253 1 2 0 653 327 391
2254 1 2 0 654 327 328
2255 1 2 0 655 328 392
2256 1 2 0 656 328 329
2257 1 2 0 657 329 393
2258 1 2 0 658 329 330
2259 1 2 0 659 330 394
2260 1 2 0 660 330 331
2261 1 2 0 661 331 395
2262 1 2 0 662 331 332
2263 1 2 0 663 332 396
2264 1 2 0 664 332 333
2265 1 2 0 665 333 397
2266 1 2 0 666 333 334
2267 1 2 0 667 334 398
2268 1 2 0 668 334 335
2269 1 2 0 669 335 399
2270 1 2 0 670 335 336
2271 1 2 0 671 336 400
2272 1 2 0 672 336 337
2273 1 2 0 673 337 401
2274 1 2 0 674 337 338
2275 1 2 0 675 338 402
2276 1 2 0 676 338 339
2277 1 2 0 677 339 403
2278 1 2 0 678 339 340
2279 1 2 0 679 340 404
2280 1 2 0 680 340 341
2281 1 2 0 681 341 405
2282 1 2 0 682 341 342
2283 1 2 0 683 342 406
2284 1 2 0 684 342 343
2285 1 2 0 685 343 407
2286 1 2 0 686 343 344
2287 1 2 0 687 344 408
2288 1 2 0 688 344 345
2289 1 2 0 689 345 409
2290 1 2 0 690 345 346
2291 1 2 0 691 346 410
2292 1 2 0 692 346 347
2293 1 2 0 693 347 411
2294 1 2 0 694 347 348
2295 1 2 0 695 348 412
2296 1 2 0 696 348 349
2297 1 2 0 697 349 413
2298 1 2 0 698 349 350
2299 1 2 0 699 350 414
2300 1 2 0 700 350 351
2301 1 2 0 701 351 415
2302 1 2 0 702 351 352
2303 1 2 0 703 352 416
2304 1 2 0 704 352 353
2305 1 2 0 705 353 417
2306 1 2 0 706 353 354
2307 1 2 0 707 354 418
2308 1 2 0 708 354 355
2309 1 2 0 709 355 419
2310 1 2 0 710 355 356
2311 1 2 0 711 356 420
2312 1 2 0 712 356 357
2313 1 2 0 713 357 421
2314 1 2 0 714 357 358
2315 1 2 0 715 358 422
2316 1 2 0 716 358 359
2317 1 2 0 717 359 423
2318 1 2 0 718 359 360
2319 1 2 0 719 360 424
2320 1 2 0 720 360 361
2321 1 2 0 721 361 425
2322 1 2 0 722 361 362
2323 1 2 0 723 362 426
2324 1 2 0 724 362 363
2325 1 2 0 725 363 427
2326 1 2 0 726 363 364
2327 1 2 0 727 364 428
2328 1 2 0 728 364 365
2329 1 2 0 729 365 429
2330 1 2 0 730 365 366
2331 1 2 0 731 366 430
2332 1 2 0 732 366 367
2333 1 2 0 733 367 431
2334 1 2 0 734 367 368
2335 1 2 0 735 368 432
2336 1 2 0 736 368 369
2337 1 2 0 737 369 433
2338 1 2 0 738 369 370
2339 1 2 0 739 370 434
2340 1 2 0 740 370 371
2341 1 2 0 741 371 435
2342 1 2 0 742 371 372
2343 1 2 0 743 372 436
2344 1 2 0 744 372 373
2345 1 2 0 745 373 437
2346 1 2 0 746 373 374
2347 1 2 0 747 374 438
2348 1 2 0 748 374 375
2349 1 2 0 749 375 439
2350 1 2 0 750 375 376
2351 1 2 0 751 376 440
2352 1 2 0 752 376 377
2353 1 2 0 753 377 441
2354 1 2 0 754 377 378
2355 1 2 0 755 378 442
2356 1 2 0 756 378 379
2357 1 2 0 757 379 443
2358 1 2 0 758 379 380
2359 1 2 0 759 380 444
2360 1 2 0 760 380 381
2361 1 2 0 761 381 445
2362 1 2 0 762 381 382
2363 1 2 0 763 382 446
2364 1 2 0 764 382 383
2365 1 2 0 765 383 447
2366 1 2 0 766 383 384
2367 1 2 0 767 384 448
2368 1 2 0 768 384 321
2369 1 2 0 769 385 449
2370 1 2 0 770 385 386
2371 1 2 0 771 386 450
2372 1 2 0 772 386 387
2373 1 2 0 773 387 451
2374 1 2 0 774 387 388
2375 1 2 0 775 388 452
2376 1 2 0 776 388 389
2377 1 2 0 777 389 453
2378 1 2 0 778 389 390
2379 1 2 0 779 390 454
2380 1 2 0 780 390 391
2381 1 2 0 781 391 455
2382 1 2 0 782 391 392
2383 1 2 0 783 392 456
2384 1 2 0 784 392 393
2385 1 2 0 785 393 457
2386 1 2 0 786 393 394
2387 1 2 0 787 394 458
2388 1 2 0 788 394 395
2389 1 2 0 789 395 459
2390 1 2 0 790 395 396
2391 1 2 0 791 396 460
2392 1 2 0 792 396 397
2393 1 2 0 793 397 461
2394 1 2 0 794 397 398
2395 1 2 0 795 398 462
2396 1 2 0 796 398 399
2397 1 2 0 797 399 463
2398 1 2 0 798 399 400
2399 1 2 0 799 400 464
2400 1 2 0 800 400 401
2401 1 2 0 801 401 465
2402 1 2 0 802 401 402
2403 1 2 0 803 402 466
2404 1 2 0 804 402 403
2405 1 2 0 805 403 467
2406 1 2 0 806 403 404
2407 1 2 0 807 404 468
2408 1 2 0 808 404 405
2409 1 2 0 809 405 469
2410 1 2 0 810 405 406
2411 1 2 0 811 406 470
2412 1 2 0 812 406 407
2413 1 2 0 813 407 471
2414 1 2 0 814 407 408
2415 1 2 0 815 408 472
2416 1 2 0 816 408 409
2417 1 2 0 817 409 473
2418 1 2 0 818 409 410
2419 1 2 0 819 410 474
2420 1 2 0 820 410 411
2421 1 2 0 821 411 475
2422 1 2 0 822 411 412
2423 1 2 0 823 412 476
2424 1 2 0 824 412 413
2425 1 2 0 825 413 477
2426 1 2 0 826 413 414
2427 1 2 0 827 414 478
2428 1 2 0 828 414 415
2429 1 2 0 829 415 479
2430 1 2 0 830 415 416
2431 1 2 0 831 416 480
2432 1 2 0 832 416 417
2433 1 2 0 833 417 481
2434 1 2 0 834 417 418
2435 1 2 0 835 418 482
2436 1 2 0 836 418 419
2437 1 2 0 837 419 483
2438 1 2 0 838 419 420
2439 1 2 0 839 420 484
2440 1 2 0 840 420 421
2441 1 2 0 841 421 485
2442 1 2 0 842 421 422
2443 1 2 0 843 422 486
2444 1 2 0 844 422 423
2445 1 2 0 845 423 487
2446 1 2 0 846 423 424
2447 1 2 0 847 424 488
2448 1 2 0 848 424 425
2449 1 2 0 849 425 489
2450 1 2 0 850 425 426
2451 1 2 0 851 426 490
2452 1 2 0 852 426 427
2453 1 2 0 853 427 491
2454 1 2 0 854 427 428
2455 1 2 0 855 428 492
2456 1 2 0 856 428 429
2457 1 2 0 857 429 493
2458 1 2 0 858 429 430
2459 1 2 0 859 430 494
2460 1 2 0 860 430 431
2461 1 2 0 861 431 495
2462 1 2 0 862 431 432
2463 1 2 0 863 432 496
2464 1 2 0 864 432 433
2465 1 2 0 865 433 497
2466 1 2 0 866 433 434
2467 1 2 0 867 434 498
2468 1 2 0 868 434 435
2469 1 2 0 869 435 499
2470 1 2 0 870 435 436
2471 1 2 0 871 436 500
2472 1 2 0 872 436 437
2473 1 2 0 873 437 501
2474 1 2 0 874 437 438
2475 1 2 0 875 438 502
2476 1 2 0 876 438 439
2477 1 2 0 877 439 503
2478 1 2 0 878 439 440
2479 1 2 0 879 440 504
2480 1 2 0 880 440 441
2481 1 2 0 881 441 505
2482 1 2 0 882 441 442
2483 1 2 0 883 442 506
2484 1 2 0 884 442 443
2485 1 2 0 885 443 507
2486 1 2 0 886 443 444
2487 1 2 0 887 444 508
2488 1 2 0 888 444 445
2489 1 2 0 889 445 509
2490 1 2 0 890 445 446
2491 1 2 0 891 446 510
2492 1 2 0 892 446 447
2493 1 2 0 893 447 511
2494 1 2 0 894 447 448
2495 1 2 0 895 448 512
2496 1 2 0 896 448 385
2497 1 2 0 897 449 513
2498 1 2 0 898 449 450
2499 1 2 0 899 450 514
2500 1 2 0 900 450 451
2501 1 2 0 901 451 515
2502 1 2 0 902 451 452
2503 1 2 0 903 452 516
2504 1 2 0 904 452 453
2505 1 2 0 905 453 517
2506 1 2 0 906 453 454
2507 1 2 0 907 454 518
2508 1 2 0 908 454 455
2509 1 2 0 909 455 519
2510 1 2 0 910 455 456
2511 1 2 0 911 456 520
2512 1 2 0 912 456 457
2513 1 2 0 913 457 521
2514 1 2 0 914 457 458
2515 1 2 0 915 458 522
2516 1 2 0 916 458 459
2517 1 2 0 917 459 523
2518 1 2 0 918 459 460
2519 1 2 0 919 460 524
2520 1 2 0 920 460 461
2521 1 2 0 921 461 525
2522 1 2 0 922 461 462
2523 1 2 0 923 462 526
2524 1 2 0 924 462 463
2525 1 2 0 925 463 527
2526 1 2 0 926 463 464
2527 1 2 0 927 464 528
2528 1 2 0 928 464 465
2529 1 2 0 929 465 529
2530 1 2 0 930 465 466
2531 1 2 0 931 466 530
2532 1 2 0 932 466 467
2533 1 2 0 933 467 531
2534 1 2 0 934 467 468
2535 1 2 0 935 468 532
2536 1 2 0 936 468 469
2537 1 2 0 937 469 533
2538 1 2 0 938 469 470
2539 1 2 0 939 470 534
2540 1 2 0 940 470 471
2541 1 2 0 941 471 535
2542 1 2 0 942 471 472
2543 1 2 0 943 472 536
2544 1 2 0 944 472 473
2545 1 2 0 945 473 537
2546 1 2 0 946 473 474
2547 1 2 0 947 474 538
2548 1 2 0 948 474 475
2549 1 2 0 949 475 539
2550 1 2 0 950 475 476
2551 1 2 0 951 476 540
2552 1 2 0 952 476 477
2553 1 2 0 953 477 541
2554 1 2 0 954 477 478
2555 1 2 0 955 478 542
2556 1 2 0 956 478 479
2557 1 2 0 957 479 543
2558 1 2 0 958 479 480
2559 1 2 0 959 480 544
2560 1 2 0 960 480 481
2561 1 2 0 961 481 545
2562 1 2 0 962 481 482
2563 1 2 0 963 482 546
2564 1 2 0 964 482 483
2565 1 2 0 965 483 547
2566 1 2 0 966 483 484
2567 1 2 0 967 484 548
2568 1 2 0 968 484 485
2569 1 2 0 969 485 549
2570 1 2 0 970 485 486
2571 1 2 0 971 486 550
2572 1 2 0 972 486 487
2573 1 2 0 973 487 551
2574 1 2 0 974 487 488
2575 1 2 0 975 488 552
2576 1 2 0 976 488 489
2577 1 2 0 977 489 553
2578 1 2 0 978 489 490
2579 1 2 0 979 490 554
2580 1 2 0 980 490 491
2581 1 2 0 981 491 555
2582 1 2 0 982 491 492
2583 1 2 0 983 492 556
2584 1 2 0 984 492 493
2585 1 2 0 985 493 557
2586 1 2 0 986 493 494
2587 1 2 0 987 494 558
2588 1 2 0 988 494 495
2589 1 2 0 989 495 559
2590 1 2 0 990 495 496
2591 1 2 0 991 496 560
2592 1 2 0 992 496 497
2593 1 2 0 993 497 561
2594 1 2 0 994 497 498
2595 1 2 0 995 498 562
2596 1 2 0 996 498 499
2597 1 2 0 997 499 563
2598 1 2 0 998 499 500
2599 1 2 0 999 500 564
2600 1 2 0 1000 500 501
2601 1 2 0 1001 501 565
2602 1 2 0 1002 501 502
2603 1 2 0 1003 502 566
2604 1 2 0 1004 502 503
2605 1 2 0 1005 503 567
2606 1 2 0 1006 503 504
2607 1 2 0 1007 504 568
2608 1 2 0 1008 504 505
2609 1 2 0 1009 505 569
2610 1 2 0 1010 505 506
2611 1 2 0 1011 506 570
2612 1 2 0 1012 506 507
2613 1 2 0 1013 507 571
2614 1 2 0 1014 507 508
2615 1 2 0 1015 508 572
2616 1 2 0 1016 508 509
2617 1 2 0 1017 509 573
2618 1 2 0 1018 509 510
2619 1 2 0 1019 510 574
2620 1 2 0 1020 510 511
2621 1 2 0 1021 511 575
2622 1 2 0 1022 511 512
2623 1 2 0 1023 512 576
2624 1 2 0 1024 512 449
2625 1 2 0 1025 513 577
2626 1 2 0 1026 513 514
2627 1 2 0 1027 514 578
2628 1 2 0 1028 514 515
2629 1 2 0 1029 515 579
2630 1 2 0 1030 515 516
2631 1 2 0 1031 516 580
2632 1 2 0 1032 516 517
2633 1 2 0 1033 517 581
2634 1 2 0 1034 517 518
2635 1 2 0 1035 518 582
2636 1 2 0 1036 518 519
2637 1 2 0 1037 519 583
2638 1 2 0 1038 519 520
2639 1 2 0 1039 520 584
2640 1 2 0 1040 520 521
2641 1 2 0 1041 521 585
2642 1 2 0 1042 521 522
2643 1 2 0 1043 522 586
2644 1 2 0 1044 522 523
2645 1 2 0 1045 523 587
2646 1 2 0 1046 523 524
2647 1 2 0 1047 524 588
2648 1 2 0 1048 524 525
2649 1 2 0 1049 525 589
2650 1 2 0 1050 525 526
2651 1 2 0 1051 526 590
2652 1 2 0 1052 526 527
2653 1 2 0 1053 527 591
2654 1 2 0 1054 527 528
2655 1 2 0 1055 528 592
2656 1 2 0 1056 528 529
2657 1 2 0 1057 529 593
2658 1 2 0 1058 529 530
2659 1 2 0 1059 530 594
2660 1 2 0 1060 530 531
2661 1 2 0 1061 531 595
2662 1 2 0 1062 531 532
2663 1 2 0 1063 532 596
2664 1 2 0 1064 532 533
2665 1 2 0 1065 533 597
2666 1 2 0 1066 533 534
2667 1 2 0 1067 534 598
2668 1 2 0 1068 534 535
2669 1 2 0 1069 535 599
2670 1 2 0 1070 535 536
2671 1 2 0 1071 536 600
2672 1 2 0 1072 536 537
2673 1 2 0 1073 537 601
2674 1 2 0 1074 537 538
2675 1 2 0 1075 538 602
2676 1 2 0 1076 538 539
2677 1 2 0 1077 539 603
2678 1 2 0 1078 539 540
2679 1 2 0 1079 540 604
2680 1 2 0 1080 540 541
2681 1 2 0 1081 541 605
2682 1 2 0 1082 541 542
2683 1 2 0 1083 542 606
2684 1 2 0 1084 542 543
2685 1 2 0 1085 543 607
2686 1 2 0 1086 543 544
2687 1 2 0 1087 544 608
2688 1 2 0 1088 544 545
2689 1 2 0 1089 545 609
2690 1 2 0 1090 545 546
2691 1 2 0 1091 546 610
2692 1 2 0 1092 546 547
2693 1 2 0 1093 547 611
2694 1 2 0 1094 547 548
2695 1 2 0 1095 548 612
2696 1 2 0 1096 548 549
2697 1 2 0 1097 549 613
2698 1 2 0 1098 549 550
2699 1 2 0 1099 550 614
2700 1 2 0 1100 550 551
2701 1 2 0 1101 551 615
2702 1 2 0 1102 551 552
2703 1 2 0 1103 552 616
2704 1 2 0 1104 552 553
2705 1 2 0 1105 553 617
2706 1 2 0 1106 553 554
2707 1 2 0 1107 554 618
2708 1 2 0 1108 554 555
2709 1 2 0 1109 555 619
2710 1 2 0 1110 555 556
2711 1 2 0 1111 556 620
2712 1 2 0 1112 556 557
2713 1 2 0 1113 557 621
2714 1 2 0 1114 557 558
2715 1 2 0 1115 558 622
2716 1 2 0 1116 558 559
2717 1 2 0 1117 559 623
2718 1 2 0 1118 559 560
2719 1 2 0 1119 560 624
2720 1 2 0 1120 560 561
2721 1 2 0 1121 561 625
2722 1 2 0 1122 561 562
2723 1 2 0 1123 562 626
2724 1 2 0 1124 562 563
2725 1 2 0 1125 563 627
2726 1 2 0 1126 563 564
2727 1 2 0 1127 564 628
2728 1 2 0 1128 564 565
2729 1 2 0 1129 565 629
2730 1 2 0 1130 565 566
2731 1 2 0 1131 566 630
2732 1 2 0 1132 566 567
2733 1 2 0 1133 567 631
2734 1 2 0 1134 567 568
2735 1 2 0 1135 568 632
2736 1 2 0 1136 568 569
2737 1 2 0 1137 569 633
2738 1 2 0 1138 569 570
2739 1 2 0 1139 570 634
2740 1 2 0 1140 570 571
2741 1 2 0 1141 571 635
2742 1 2 0 1142 571 572
2743 1 2 0 1143 572 636
2744 1 2 0 1144 572 573
2745 1 2 0 1145 573 637
2746 1 2 0 1146 573 574
2747 1 2 0 1147 574 638
2748 1 2 0 1148 574 575
2749 1 2 0 1149 575 639
2750 1 2 0 1150 575 576
2751 1 2 0 1151 576 640
2752 1 2 0 1152 576 513
2753 1 2 0 1153 577 641
2754 1 2 0 1154 577 578
2755 1 2 0 1155 578 642
2756 1 2 0 1156 578 579
2757 1 2 0 1157 579 643
2758 1 2 0 1158 579 580
2759 1 2 0 1159 580 644
2760 1 2 0 1160 580 581
2761 1 2 0 1161 581 645
2762 1 2 0 1162 581 582
2763 1 2 0 1163 582 646
2764 1 2 0 1164 582 583
2765 1 2 0 1165 583 647
2766 1 2 0 1166 583 584
2767 1 2 0 1167 584 648
2768 1 2 0 1168 584 585
2769 1 2 0 1169 585 649
2770 1 2 0 1170 585 586
2771 1 2 0 1171 586 650
2772 1 2 0 1172 586 587
2773 1 2 0 1173 587 651
2774 1 2 0 1174 587 588
2775 1 2 0 1175 588 652
2776 1 2 0 1176 588 589
2777 1 2 0 1177 589 653
2778 1 2 0 1178 589 590
2779 1 2 0 1179 590 654
2780 1 2 0 1180 590 591
2781 1 2 0 1181 591 655
2782 1 2 0 1182 591 592
2783 1 2 0 1183 592 656
2784 1 2 0 1184 592 593
2785 1 2 0 1185 593 657
2786 1 2 0 1186 593 594
2787 1 2 0 1187 594 658
2788 1 2 0 1188 594 595
2789 1 2 0 1189 595 659
2790 1 2 0 1190 595 596
2791 1 2 0 1191 596 660
2792 1 2 0 1192 596 597
2793 1 2 0 1193 597 661
2794 1 2 0 1194 597 598
2795 1 2 0 1195 598 662
2796 1 2 0 1196 598 599
2797 1 2 0 1197 599 663
2798 1 2 0 1198 599 600
2799 1 2 0 1199 600 664
2800 1 2 0 1200 600 601
2801 1 2 0 1201 601 665
2802 1 2 0 1202 601 602
2803 1 2 0 1203 602 666
2804 1 2 0 1204 602 603
2805 1 2 0 1205 603 667
2806 1 2 0 1206 603 604
2807 1 2 0 1207 604 668
2808 1 2 0 1208 604 605
2809 1 2 0 1209 605 669
2810 1 2 0 1210 605 606
2811 1 2 0 1211 606 670
2812 1 2 0 1212 606 607
2813 1 2 0 1213 607 671
2814 1 2 0 1214 607 608
2815 1 2 0 1215 608 672
2816 1 2 0 1216 608 609
2817 1 2 0 1217 609 673
2818 1 2 0 1218 609 610
2819 1 2 0 1219 610 674
2820 1 2 0 1220 610 611
2821 1 2 0 1221 611 675
2822 1 2 0 1222 611 612
2823 1 2 0 1223 612 676
2824 1 2 0 1224 612 613
2825 1 2 0 1225 613 677
2826 1 2 0 1226 613 614
2827 1 2 0 1227 614 678
2828 1 2 0 1228 614 615
2829 1 2 0 1229 615 679
2830 1 2 0 1230 615 616
2831 1 2 0 1231 616 680
2832 1 2 0 1232 616 617
2833 1 2 0 1233 617 681
2834 1 2 0 1234 617 618
2835 1 2 0 1235 618 682
2836 1 2 0 1236 618 619
2837 1 2 0 1237 619 683
2838 1 2 0 1238 619 620
2839 1 2 0 1239 620 684
2840 1 2 0 1240 620 621
2841 1 2 0 1241 621 685
2842 1 2 0 1242 621 622
2843 1 2 0 1243 622 686
2844 1 2 0 1244 622 623
2845 1 2 0 1245 623 687
2846 1 2 0 1246 623 624
2847 1 2 0 1247 624 688
2848 1 2 0 1248 624 625
2849 1 2 0 1249 625 689
2850 1 2 0 1250 625 626
2851 1 2 0 1251 626 690
2852 1 2 0 1252 626 627
2853 1 2 0 1253 627 691
2854 1 2 0 1254 627 628
2855 1 2 0 1255 628 692
2856 1 2 0 1256 628 629
2857 1 2 0 1257 629 693
2858 1 2 0 1258 629 630
2859 1 2 0 1259 630 694
2860 1 2 0 1260 630 631
2861 1 2 0 1261 631 695
2862 1 2 0 1262 631 632
2863 1 2 0 1263 632 696
2864 1 2 0 1264 632 633
2865 1 2 0 1265 633 697
2866 1 2 0 1266 633 634
2867 1 2 0 1267 634 698
2868 1 2 0 1268 634 635
2869 1 2 0 1269 635 699
2870 1 2 0 1270 635 636
2871 1 2 0 1271 636 700
2872 1 2 0 1272 636 637
2873 1 2 0 1273 637 701
2874 1 2 0 1274 637 638
2875 1 2 0 1275 638 702
2876 1 2 0 1276 638 639
2877 1 2 0 1277 639 703
2878 1 2 0 1278 639 640
2879 1 2 0 1279 640 704
2880 1 2 0 1280 640 577
2881 1 2 0 1281 641 705
2882 1 2 0 1282 641 642
2883 1 2 0 1283 642 706
2884 1 2 0 1284 642 643
2885 1 2 0 1285 643 707
2886 1 2 0 1286 643 644
2887 1 2 0 1287 644 708
2888 1 2 0 1288 644 645
2889 1 2 0 1289 645 709
2890 1 2 0 1290 645 646
2891 1 2 0 1291 646 710
2892 1 2 0 1292 646 647
2893 1 2 0 1293 647 711
2894 1 2 0 1294 647 648
2895 1 2 0 1295 648 712
2896 1 2 0 1296 648 649
2897 1 2 0 1297 649 713
2898 1 2 0 1298 649 650
2899 1 2 0 1299 650 714
2900 1 2 0 1300 650 651
2901 1 2 0 1301 651 715
2902 1 2 0 1302 651 652
2903 1 2 0 1303 652 716
2904 1 2 0 1304 652 653
2905 1 2 0 1305 653 717
2906 1 2 0 1306 653 654
2907 1 2 0 1307 654 718
2908 1 2 0 1308 654 655
2909 1 2 0 1309 655 719
2910 1 2 0 1310 655 656
2911 1 2 0 1311 656 720
2912 1 2 0 1312 656 657
2913 1 2 0 1313 657 721
2914 1 2 0 1314 657 658
2915 1 2 0 1315 658 722
2916 1 2 0 1316 658 659
2917 1 2 0 1317 659 723
2918 1 2 0 1318 659 660
2919 1 2 0 1319 660 724
2920 1 2 0 1320 660 661
2921 1 2 0 1321 661 725
2922 1 2 0 1322 661 662
2923 1 2 0 1323 662 726
2924 1 2 0 1324 662 663
2925 1 2 0 1325 663 727
2926 1 2 0 1326 663 664
2927 1 2 0 1327 664 728
2928 1 2 0 1328 664 665
2929 1 2 0 1329 665 729
2930 1 2 0 1330 665 666
2931 1 2 0 1331 666 730
2932 1 2 0 1332 666 667
2933 1 2 0 1333 667 731
2934 1 2 0 1334 667 668
2935 1 2 0 1335 668 732
2936 1 2 0 1336 668 669
2937 1 2 0 1337 669 733
2938 1 2 0 1338 669 670
2939 1 2 0 1339 670 734
2940 1 2 0 1340 670 671
2941 1 2 0 1341 671 735
2942 1 2 0 1342 671 672
2943 1 2 0 1343 672 736
2944 1 2 0 1344 672 673
2945 1 2 0 1345 673 737
2946 1 2 0 1346 673 674
2947 1 2 0 1347 674 738
2948 1 2 0 1348 674 675
2949 1 2 0 1349 675 739
2950 1 2 0 1350 675 676
2951 1 2 0 1351 676 740
2952 1 2 0 1352 676 677
2953 1 2 0 1353 677 741
2954 1 2 0 1354 677 678
2955 1 2 0 1355 678 742
2956 1 2 0 1356 678 679
2957 1 2 0 1357 679 743
2958 1 2 0 1358 679 680
2959 1 2 0 1359 680 744
2960 1 2 0 1360 680 681
2961 1 2 0 1361 681 745
2962 1 2 0 1362 681 682
2963 1 2 0 1363 682 746
2964 1 2 0 1364 682 683
2965 1 2 0 1365 683 747
2966 1 2 0 1366 683 684
2967 1 2 0 1367 684 748
2968 1 2 0 1368 684 685
2969 1 2 0 1369 685 749
2970 1 2 0 1370 685 686
2971 1 2 0 1371 686 750
2972 1 2 0 1372 686 687
2973 1 2 0 1373 687 751
2974 1 2 0 1374 687 688
2975 1 2 0 1375 688 752
2976 1 2 0 1376 688 689
2977 1 2 0 1377 689 753
2978 1 2 0 1378 689 690
2979 1 2 0 1379 690 754
2980 1 2 0 1380 690 691
2981 1 2 0 1381 691 755
2982 1 2 0 1382 691 692
2983 1 2 0 1383 692 756
2984 1 2 0 1384 692 693
2985 1 2 0 1385 693 757
2986 1 2 0 1386 693 694
2987 1 2 0 1387 694 758
2988 1 2 0 1388 694 695
2989 1 2 0 1389 695 759
2990 1 2 0 1390 695 696
2991 1 2 0 1391 696 760
2992 1 2 0 1392 696 697
2993 1 2 0 1393 697 761
2994 1 2 0 1394 697 698
2995 1 2 0 1395 698 762
2996 1 2 0 1396 698 699
2997 1 2 0 1397 699 763
2998 1 2 0 1398 699 700
2999 1 2 0 1399 700 764
3000 1 2 0 1400 700 701
3001 1 2 0 1401 701 765
3002 1 2 0 1402 701 702
3003 1 2 0 1403 702 766
3004 1 2 0 1404 702 703
3005 1 2 0 1405 703 767
3006 1 2 0 1406 703 704
3007 1 2 0 1407 704 768
3008 1 2 0 1408 704 641
3009 1 2 0 1409 705 769
3010 1 2 0 1410 705 706
3011 1 2 0 1411 706 770
3012 1 2 0 1412 706 707
3013 1 2 0 1413 707 771
3014 1 2 0 1414 707 708
3015 1 2 0 1415 708 772
3016 1 2 0 1416 708 709
3017 1 2 0 1417 709 773
3018 1 2 0 1418 709 710
3019 1 2 0 1419 710 774
3020 1 2 0 1420 710 711
3021 1 2 0 1421 711 775
3022 1 2 0 1422 711 712
3023 1 2 0 1423 712 776
3024 1 2 0 1424 712 713
3025 1 2 0 1425 713 777
3026 1 2 0 1426 713 714
3027 1 2 0 1427 714 778
3028 1 2 0 1428 714 715
3029 1 2 0 1429 715 779
3030 1 2 0 1430 715 716
3031 1 2 0 1431 716 780
3032 1 2 0 1432 716 717
3033 1 2 0 1433 717 781
3034 1 2 0 1434 717 718
3035 1 2 0 1435 718 782
3036 1 2 0 1436 718 719
3037 1 2 0 1437 719 783
3038 1 2 0 1438 719 720
3039 1 2 0 1439 720 784
3040 1 2 0 1440 720 721
3041 1 2 0 1441 721 785
3042 1 2 0 1442 721 722
3043 1 2 0 1443 722 786
3044 1 2 0 1444 722 723
3045 1 2 0 1445 723 787
3046 1 2 0 1446 723 724
3047 1 2 0 1447 724 788
3048 1 2 0 1448 724 725
3049 1 2 0 1449 725 789
3050 1 2 0 1450 725 726
3051 1 2 0 1451 726 790
3052 1 2 0 1452 726 727
3053 1 2 0 1453 727 791
3054 1 2 0 1454 727 728
3055 1 2 0 1455 728 792
3056 1 2 0 1456 728 729
3057 1 2 0 1457 729 793
3058 1 2 0 1458 729 730
3059 1 2 0 1459 730 794
3060 1 2 0 1460 730 731
3061 1 2 0 1461 731 795
3062 1 2 0 1462 731 732
3063 1 2 0 1463 732 796
3064 1 2 0 1464 732 733
3065 1 2 0 1465 733 797
3066 1 2 0 1466 733 734
3067 1 2 0 1467 734 798
3068 1 2 0 1468 734 735
3069 1 2 0 1469 735 799
3070 1 2 0 1470 735 736
3071 1 2 0 1471 736 800
3072 1 2 0 1472 736 737
3073 1 2 0 1473 737 801
3074 1 2 0 1474 737 738
3075 1 2 0 1475 738 802
3076 1 2 0 1476 738 739
3077 1 2 0 1477 739 803
3078 1 2 0 1478 739 740
3079 1 2 0 1479 740 804
3080 1 2 0 1480 740 741
3081 1 2 0 1481 741 805
3082 1 2 0 1482 741 742
3083 1 2 0 1483 742 806
3084 1 2 0 1484 742 743
3085 1 2 0 1485 743 807
3086 1 2 0 1486 743 744
3087 1 2 0 1487 744 808
3088 1 2 0 1488 744 745
3089 1 2 0 1489 745 809
3090 1 2 0 1490 745 746
3091 1 2 0 1491 746 810
3092 1 2 0 1492 746 747
3093 1 2 0 1493 747 811
3094 1 2 0 1494 747 748
3095 1 2 0 1495 748 812
3096 1 2 0 1496 748 749
3097 1 2 0 1497 749 813
3098 1 2 0 1498 749 750
3099 1 2 0 1499 750 814
3100 1 2 0 1500 750 751
3101 1 2 0 1501 751 815
3102 1 2 0 1502 751 752
3103 1 2 0 1503 752 816
3104 1 2 0 1504 752 753
3105 1 2 0 1505 753 817
3106 1 2 0 1506 753 754
3107 1 2 0 1507 754 818
3108 1 2 0 1508 754 755
3109 1 2 0 1509 755 819
3110 1 2 0 1510 755 756
3111 1 2 0 1511 756 820
3112 1 2 0 1512 756 757
3113 1 2 0 1513 757 821
3114 1 2 0 1514 757 758
3115 1 2 0 1515 758 822
3116 1 2 0 1516 758 759
3117 1 2 0 1517 759 823
3118 1 2 0 1518 759 760
3119 1 2 0 1519 760 824
3120 1 2 0 1520 760 761
3121 1 2 0 1521 761 825
3122 1 2 0 1522 761 762
3123 1 2 0 1523 762 826
3124 1 2 0 1524 762 763
3125 1 2 0 1525 763 827
3126 1 2 0 1526 763 764
3127 1 2 0 1527 764 828
3128 1 2 0 1528 764 765
3129 1 2 0 1529 765 829
3130 1 2 0 1530 765 766
3131 1 2 0 1531 766 830
3132 1 2 0 1532 766 767
3133 1 2 0 1533 767 831
3134 1 2 0 1534 767 768
3135 1 2 0 1535 768 832
3136 1 2 0 1536 768 705
3137 1 2 0 1537 769 833
3138 1 2 0 1538 769 770
3139 1 2 0 1539 770 834
3140 1 2 0 1540 770 771
3141 1 2 0 1541 771 835
3142 1 2 0 1542 771 772
3143 1 2 0 1543 772 836
3144 1 2 0 1544 772 773
3145 1 2 0 1545 773 837
3146 1 2 0 1546 773 774
3147 1 2 0 1547 774 838
3148 1 2 0 1548 774 775
3149 1 2 0 1549 775 839
3150 1 2 0 1550 775 776
3151 1 2 0 1551 776 840
3152 1 2 0 1552 776 777
3153 1 2 0 1553 777 841
3154 1 2 0 1554 777 778
3155 1 2 0 1555 778 842
3156 1 2 0 1556 778 779
3157 1 2 0 1557 779 843
3158 1 2 0 1558 779 780
3159 1 2 0 1559 780 844
3160 1 2 0 1560 780 781
3161 1 2 0 1561 781 845
3162 1 2 0 1562 781 782
3163 1 2 0 1563 782 846
3164 1 2 0 1564 782 783
3165 1 2 0 1565 783 847
3166 1 2 0 1566 783 784
3167 1 2 0 1567 784 848
3168 1 2 0 1568 784 785
3169 1 2 0 1569 785 849
3170 1 2 0 1570 785 786
3171 1 2 0 1571 786 850
3172 1 2 0 1572 786 787
3173 1 2 0 1573 787 851
3174 1 2 0 1574 787 788
3175 1 2 0 1575 788 852
3176 1 2 0 1576 788 789
3177 1 2 0 1577 789 853
3178 1 2 0 1578 789 790
3179 1 2 0 1579 790 854
3180 1 2 0 1580 790 791
3181 1 2 0 1581 791 855
3182 1 2 0 1582 791 792
3183 1 2 0 1583 792 856
3184 1 2 0 1584 792 793
3185 1 2 0 1585 793 857
3186 1 2 0 1586 793 794
3187 1 2 0 1587 794 858
3188 1 2 0 1588 794 795
3189 1 2 0 1589 795 859
3190 1 2 0 1590 795 796
3191 1 2 0 1591 796 860
3192 1 2 0 1592 796 797
3193 1 2 0 1593 797 861
3194 1 2 0 1594 797 798
3195 1 2 0 1595 798 862
3196 1 2 0 1596 798 799
3197 1 2 0 1597 799 863
3198 1 2 0 1598 799 800
3199 1 2 0 1599 800 864
3200 1 2 0 1600 800 801
3201 1 2 0 1601 801 865
3202 1 2 0 1602 801 802
3203 1 2 0 1603 802 866
3204 1 2 0 1604 802 803
3205 1 2 0 1605 803 867
3206 1 2 0 1606 803 804
3207 1 2 0 1607 804 868
3208 1 2 0 1608 804 805
3209 1 2 0 1609 805 869
3210 1 2 0 1610 805 806
3211 1 2 0 1611 806 870
3212 1 2 0 1612 806 807
3213 1 2 0 1613 807 871
3214 1 2 0 1614 807 808
3215 1 2 0 1615 808 872
3216 1 2 0 1616 808 809
3217 1 2 0 1617 809 873
3218 1 2 0 1618 809 810
3219 1 2 0 1619 810 874
3220 1 2 0 1620 810 811
3221 1 2 0 1621 811 875
3222 1 2 0 1622 811 812
3223 1 2 0 1623 812 876
3224 1 2 0 1624 812 813
3225 1 2 0 1625 813 877
3226 1 2 0 1626 813 814
3227 1 2 0 1627 814 878
3228 1 2 0 1628 814 815
3229 1 2 0 1629 815 879
3230 1 2 0 1630 815 816
3231 1 2 0 1631 816 880
3232 1 2 0 1632 816 817
3233 1 2 0 1633 817 881
3234 1 2 0 1634 817 818
3235 1 2 0 1635 818 882
3236 1 2 0 1636 818 819
3237 1 2 0 1637 819 883
3238 1 2 0 1638 819 820
3239 1 2 0 1639 820 884
3240 1 2 0 1640 820 821
3241 1 2 0 1641 821 885
3242 1 2 0 1642 821 822
3243 1 2 0 1643 822 886
3244 1 2 0 1644 822 823
3245 1 2 0 1645 823 887
3246 1 2 0 1646 823 824
3247 1 2 0 1647 824 888
3248 1 2 0 1648 824 825
3249 1 2 0 1649 825 889
3250 1 2 0 1650 825 826
3251 1 2 0 1651 826 890
3252 1 2 0 1652 826 827
3253 1 2 0 1653 827 891
3254 1 2 0 1654 827 828
3255 1 2 0 1655 828 892
3256 1 2 0 1656 828 829
3257 1 2 0 1657 829 893
3258 1 2 0 1658 829 830
3259 1 2 0 1659 830 894
3260 1 2 0 1660 830 831
3261 1 2 0 1661 831 895
3262 1 2 0 1662 831 832
3263 1 2 0 1663 832 896
3264 1 2 0 1664 832 769
3265 1 2 0 1665 833 897
3266 1 2 0 1666 833 834
3267 1 2 0 1667 834 898
3268 1 2 0 1668 834 835
3269 1 2 0 1669 835 899
3270 1 2 0 1670 835 836
3271 1 2 0 1671 836 900
3272 1 2 0 1672 836 837
3273 1 2 0 1673 837 901
3274 1 2 0 1674 837 838
3275 1 2 0 1675 838 902
3276 1 2 0 1676 838 839
3277 1 2 0 1677 839 903
3278 1 2 0 1678 839 840
3279 1 2 0 1679 840 904
3280 1 2 0 1680 840 841
3281 1 2 0 1681 841 905
3282 1 2 0 1682 841 842
3283 1 2 0 1683 842 906
3284 1 2 0 1684 842 843
3285 1 2 0 1685 843 907
3286 1 2 0 1686 843 844
3287 1 2 0 1687 844 908
3288 1 2 0 1688 844 845
3289 1 2 0 1689 845 909
3290 1 2 0 1690 845 846
3291 1 2 0 1691 846 910
3292 1 2 0 1692 846 847
3293 1 2 0 1693 847 911
3294 1 2 0 1694 847 848
3295 1 2 0 1695 848 912
3296 1 2 0 1696 848 849
3297 1 2 0 1697 849 913
3298 1 2 0 1698 849 850
3299 1 2 0 1699 850 914
3300 1 2 0 1700 850 851
3301 1 2 0 1701 851 915
3302 1 2 0 1702 851 852
3303 1 2 0 1703 852 916
3304 1 2 0 1704 852 853
3305 1 2 0 1705 853 917
3306 1 2 0 1706 853 854
3307 1 2 0 1707 854 918
3308 1 2 0 1708 854 855
3309 1 2 0 1709 855 919
3310 1 2 0 1710 855 856
3311 1 2 0 1711 856 920
3312 1 2 0 1712 856 857
3313 1 2 0 1713 857 921
3314 1 2 0 1714 857 858
3315 1 2 0 1715 858 922
3316 1 2 0 1716 858 859
3317 1 2 0 1717 859 923
3318 1 2 0 1718 859 860
3319 1 2 0 1719 860 924
3320 1 2 0 1720 860 861
3321 1 2 0 1721 861 925
3322 1 2 0 1722 861 862
3323 1 2 0 1723 862 926
3324 1 2 0 1724 862 863
3325 1 2 0 1725 863 927
3326 1 2 0 1726 863 864
3327 1 2 0 1727 864 928
3328 1 2 0 1728 864 865
3329 1 2 0 1729 865 929
3330 1 2 0 1730 865 866
3331 1 2 0 1731 866 930
3332 1 2 0 1732 866 867
3333 1 2 0 1733 867 931
3334 1 2 0 1734 867 868
3335 1 2 0 1735 868 932
3336 1 2 0 1736 868 869
3337 1 2 0 1737 869 933
3338 1 2 0 1738 869 870
3339 1 2 0 1739 870 934
3340 1 2 0 1740 870 871
3341 1 2 0 1741 871 935
3342 1 2 0 1742 871 872
3343 1 2 0 1743 872 936
3344 1 2 0 1744 872 873
3345 1 2 0 1745 873 937
3346 1 2 0 1746 873 874
3347 1 2 0 1747 874 938
3348 1 2 0 1748 874 875
3349 1 2 0 1749 875 939
3350 1 2 0 1750 875 876
3351 1 2 0 1751 876 940
3352 1 2 0 1752 876 877
3353 1 2 0 1753 877 941
3354 1 2 0 1754 877 878
3355 1 2 0 1755 878 942
3356 1 2 0 1756 878 879
3357 1 2 0 1757 879 943
3358 1 2 0 1758 879 880
3359 1 2 0 1759 880 944
3360 1 2 0 1760 880 881
3361 1 2 0 1761 881 945
3362 1 2 0 1762 881 882
3363 1 2 0 1763 882 946
3364 1 2 0 1764 882 883
3365 1 2 0 1765 883 947
3366 1 2 0 1766 883 884
3367 1 2 0 1767 884 948
3368 1 2 0 1768 884 885
3369 1 2 0 1769 885 949
3370 1 2 0 1770 885 886
3371 1 2 0 1771 886 950
3372 1 2 0 1772 886 887
3373 1 2 0 1773 887 951
3374 1 2 0 1774 887 888
3375 1 2 0 1775 888 952
3376 1 2 0 1776 888 889
3377 1 2 0 1777 889 953
3378 1 2 0 1778 889 890
3379 1 2 0 1779 890 954
3380 1 2 0 1780 890 891
3381 1 2 0 1781 891 955
3382 1 2 0 1782 891 892
3383 1 2 0 1783 892 956
3384 1 2 0 1784 892 893
3385 1 2 0 1785 893 957
3386 1 2 0 1786 893 894
3387 1 2 0 1787 894 958
3388 1 2 0 1788 894 895
3389 1 2 0 1789 895 959
3390 1 2 0 1790 895 896
3391 1 2 0 1791 896 960
3392 1 2 0 1792 896 833
3393 1 2 0 1793 897 961
3394 1 2 0 1794 897 898
3395 1 2 0 1795 898 962
3396 1 2 0 1796 898 899
3397 1 2 0 1797 899 963
3398 1 2 0 1798 899 900
3399 1 2 0 1799 900 964
3400 1 2 0 1800 900 901
3401 1 2 0 1801 901 965
3402 1 2 0 1802 901 902
3403 1 2 0 1803 902 966
3404 1 2 0 1804 902 903
3405 1 2 0 1805 903 967
3406 1 2 0 1806 903 904
3407 1 2 0 1807 904 968
3408 1 2 0 1808 904 905
3409 1 2 0 1809 905 969
3410 1 2 0 1810 905 906
3411 1 2 0 1811 906 970
3412 1 2 0 1812 906 907
3413 1 2 0 1813 907 971
3414 1 2 0 1814 907 908
3415 1 2 0 1815 908 972
3416 1 2 0 1816 908 909
3417 1 2 0 1817 909 973
3418 1 2 0 1818 909 910
3419 1 2 0 1819 910 974
3420 1 2 0 1820 910 911
3421 1 2 0 1821 911 975
3422 1 2 0 1822 911 912
3423 1 2 0 1823 912 976
3424 1 2 0 1824 912 913
3425 1 2 0 1825 913 977
3426 1 2 0 1826 913 914
3427 1 2 0 1827 914 978
3428 1 2 0 1828 914 915
3429 1 2 0 1829 915 979
3430 1 2 0 1830 915 916
3431 1 2 0 1831 916 980
3432 1 2 0 1832 916 917
3433 1 2 0 1833 917 981
3434 1 2 0 1834 917 918
3435 1 2 0 1835 918 982
3436 1 2 0 1836 918 919
3437 1 2 0 1837 919 983
3438 1 2 0 1838 919 920
3439 1 2 0 1839 920 984
3440 1 2 0 1840 920 921
3441 1 2 0 1841 921 985
3442 1 2 0 1842 921 922
3443 1 2 0 1843 922 986
3444 1 2 0 1844 922 923
3445 1 2 0 1845 923 987
3446 1 2 0 1846 923 924
3447 1 2 0 1847 924 988
3448 1 2 0 1848 924 925
3449 1 2 0 1849 925 989
3450 1 2 0 1850 925 926
3451 1 2 0 1851 926 990
3452 1 2 0 1852 926 927
3453 1 2 0 1853 927 991
3454 1 2 0 1854 927 928
3455 1 2 0 1855 928 992
3456 1 2 0 1856 928 929
3457 1 2 0 1857 929 993
3458 1 2 0 1858 929 930
3459 1 2 0 1859 930 994
3460 1 2 0 1860 930 931
3461 1 2 0 1861 931 995
3462 1 2 0 1862 931 932
3463 1 2 0 1863 932 996
3464 1 2 0 1864 932 933
3465 1 2 0 1865 933 997
3466 1 2 0 1866 933 934
3467 1 2 0 1867 934 998
3468 1 2 0 1868 934 935
3469 1 2 0 1869 935 999
3470 1 2 0 1870 935 936
3471 1 2 0 1871 936 1000
3472 1 2 0 1872 936 937
3473 1 2 0 1873 937 1001
3474 1 2 0 1874 937 938
3475 1 2 0 1875 938 1002
3476 1 2 0 1876 938 939
3477 1 2 0 1877 939 1003
3478 1 2 0 1878 939 940
3479 1 2 0 1879 940 1004
3480 1 2 0 1880 940 941
3481 1 2 0 1881 941 1005
3482 1 2 0 1882 941 942
3483 1 2 0 1883 942 1006
3484 1 2 0 1884 942 943
3485 1 2 0 1885 943 1007
3486 1 2 0 1886 943 944
3487 1 2 0 1887 944 1008
3488 1 2 0 1888 944 945
3489 1 2 0 1889 945 1009
3490 1 2 0 1890 945 946
3491 1 2 0 1891 946 1010
3492 1 2 0 1892 946 947
3493 1 2 0 1893 947 1011
3494 1 2 0 1894 947 948
3495 1 2 0 1895 948 1012
3496 1 2 0 1896 948 949
3497 1 2 0 1897 949 1013
3498 1 2 0 1898 949 950
3499 1 2 0 1899 950 1014
3500 1 2 0 1900 950 951
3501 1 2 0 1901 951 1015
3502 1 2 0 1902 951 952
3503 1 2 0 1903 952 1016
3504 1 2 0 1904 952 953
3505 1 2 0 1905 953 1017
3506 1 2 0 1906 953 954
3507 1 2 0 1907 954 1018
3508 1 2 0 1908 954 955
3509 1 2 0 1909 955 1019
3510 1 2 0 1910 955 956
3511 1 2 0 1911 956 1020
3512 1 2 0 1912 956 957
3513 1 2 0 1913 957 1021
3514 1 2 0 1914 957 958
3515 1 2 0 1915 958 1022
3516 1 2 0 1916 958 959
3517 1 2 0 1917 959 1023
3518 1 2 0 1918 959 960
3519 1 2 0 1919 960 1024
3520 1 2 0 1920 960 897
3521 1 2 0 1921 961 1025
3522 1 2 0 1922 961 962
3523 1 2 0 1923 962 1026
3524 1 2 0 1924 962 963
3525 1 2 0 1925 963 1027
3526 1 2 0 1926 963 964
3527 1 2 0 1927 964 1028
3528 1 2 0 1928 964 965
3529 1 2 0 1929 965 1029
3530 1 2 0 1930 965 966
3531 1 2 0 1931 966 1030
3532 1 2 0 1932 966 967
3533 1 2 0 1933 967 1031
3534 1 2 0 1934 967 968
3535 1 2 0 1935 968 1032
3536 1 2 0 1936 968 969
3537 1 2 0 1937 969 1033
3538 1 2 0 1938 969 970
3539 1 2 0 1939 970 1034
3540 1 2 0 1940 970 971
3541 1 2 0 1941 971 1035
3542 1 2 0 1942 971 972
3543 1 2 0 1943 972 1036
3544 1 2 0 1944 972 973
3545 1 2 0 1945 973 1037
3546 1 2 0 1946 973 974
3547 1 2 0 1947 974 1038
3548 1 2 0 1948 974 975
3549 1 2 0 1949 975 1039
3550 1 2 0 1950 975 976
3551 1 2 0 1951 976 1040
3552 1 2 0 1952 976 977
3553 1 2 0 1953 977 1041
3554 1 2 0 1954 977 978
3555 1 2 0 1955 978 1042
3556 1 2 0 1956 978 979
3557 1 2 0 1957 979 1043
3558 1 2 0 1958 979 980
3559 1 2 0 1959 980 1044
3560 1 2 0 1960 980 981
3561 1 2 0 1961 981 1045
3562 1 2 0 1962 981 982
3563 1 2 0 1963 982 1046
3564 1 2 0 1964 982 983
3565 1 2 0 1965 983 1047
3566 1 2 0 1966 983 984
3567 1 2 0 1967 984 1048
3568 1 2 0 1968 984 985
3569 1 2 0 1969 985 1049
3570 1 2 0 1970 985 986
3571 1 2 0 1971 986 1050
3572 1 2 0 1972 986 987
3573 1 2 0 1973 987 1051
3574 1 2 0 1974 987 988
3575 1 2 0 1975 988 1052
3576 1 2 0 1976 988 989
3577 1 2 0 1977 989 1053
3578 1 2 0 1978 989 990
3579 1 2 0 1979 990 1054
3580 1 2 0 1980 990 991
3581 1 2 0 1981 991 1055
3582 1 2 0 1982 991 992
3583 1 2 0 1983 992 1056
3584 1 2 0 1984 992 993
3585 1 2 0 1985 993 1057
3586 1 2 0 1986 993 994
3587 1 2 0 1987 994 1058
3588 1 2 0 1988 994 995
3589 1 2 0 1989 995 1059
3590 1 2 0 1990 995 996
3591 1 2 0 1991 996 1060
3592 1 2 0 1992 996 997
3593 1 2 0 1993 997 1061
3594 1 2 0 1994 997 998
3595 1 2 0 1995 998 1062
3596 1 2 0 1996 998 999
3597 1 2 0 1997 999 1063
3598 1 2 0 1998 999 1000
3599 1 2 0 1999 1000 1064
3600 1 2 0 2000 1000 1001
3601 1 2 0 2001 1001 1065
3602 1 2 0 2002 1001 1002
3603 1 2 0 2003 1002 1066
3604 1 2 0 2004 1002 1003
3605 1 2 0 2005 1003 1067
3606 1 2 0 2006 1003 1004
3607 1 2 0 2007 1004 1068
3608 1 2 0 2008 1004 1005
3609 1 2 0 2009 1005 1069
3610 1 2 0 2010 1005 1006
3611 1 2 0 2011 1006 1070
3612 1 2 0 2012 1006 1007
3613 1 2 0 2013 1007 1071
3614 1 2 0 2014 1007 1008
3615 1 2 0 2015 1008 1072
3616 1 2 0 2016 1008 1009
3617 1 2 0 2017 1009 1073
3618 1 2 0 2018 1009 1010
3619 1 2 0 2019 1010 1074
3620 1 2 0 2020 1010 1011
3621 1 2 0 2021 1011 1075
3622 1 2 0 2022 1011 1012
3623 1 2 0 2023 1012 1076
3624 1 2 0 2024 1012 1013
3625 1 2 0 2025 1013 1077
3626 1 2 0 2026 1013 1014
3627 1 2 0 2027 1014 1078
3628 1 2 0 2028 1014 1015
3629 1 2 0 2029 1015 1079
3630 1 2 0 2030 1015 1016
3631 1 2 0 2031 1016 1080
3632 1 2 0 2032 1016 1017
3633 1 2 0 2033 1017 1081
3634 1 2 0 2034 1017 1018
3635 1 2 0 2035 1018 1082
3636 1 2 0 2036 1018 1019
3637 1 2 0 2037 1019 1083
3638 1 2 0 2038 1019 1020
3639 1 2 0 2039 1020 1084
3640 1 2 0 2040 1020 1021
3641 1 2 0 2041 1021 1085
3642 1 2 0 2042 1021 1022
3643 1 2 0 2043 1022 1086
3644 1 2 0 2044 1022 1023
3645 1 2 0 2045 1023 1087
3646 1 2 0 2046 1023 1024
3647 1 2 0 2047 1024 1088
3648 1 2 0 2048 1024 961
3649 1 2 0 2049 1025 1089
3650 1 2 0 2050 1025 1026
3651 1 2 0 2051 1026 1090
3652 1 2 0 2052 1026 1027
3653 1 2 0 2053 1027 1091
3654 1 2 0 2054 1027 1028
3655 1 2 0 2055 1028 1092
3656 1 2 0 2056 1028 1029
3657 1 2 0 2057 1029 1093
3658 1 2 0 2058 1029 1030
3659 1 2 0 2059 1030 1094
3660 1 2 0 2060 1030 1031
3661 1 2 0 2061 1031 1095
3662 1 2 0 2062 1031 1032
3663 1 2 0 2063 1032 1096
3664 1 2 0 2064 1032 1033
3665 1 2 0 2065 1033 1097
3666 1 2 0 2066 1033 1034
3667 1 2 0 2067 1034 1098
3668 1 2 0 2068 1034 1035
3669 1 2 0 2069 1035 1099
3670 1 2 0 2070 1035 1036
3671 1 2 0 2071 1036 1100
3672 1 2 0 2072 1036 1037
3673 1 2 0 2073 1037 1101
3674 1 2 0 2074 1037 1038
3675 1 2 0 2075 1038 1102
3676 1 2 0 2076 1038 1039
3677 1 2 0 2077 1039 1103
3678 1 2 0 2078 1039 1040
3679 1 2 0 2079 1040 1104
3680 1 2 0 2080 1040 1041
3681 1 2 0 2081 1041 1105
3682 1 2 0 2082 1041 1042
3683 1 2 0 2083 1042 1106
3684 1 2 0 2084 1042 1043
3685 1 2 0 2085 1043 1107
3686 1 2 0 2086 1043 1044
3687 1 2 0 2087 1044 1108
3688 1 2 0 2088 1044 1045
3689 1 2 0 2089 1045 1109
3690 1 2 0 2090 1045 1046
3691 1 2 0 2091 1046 1110
3692 1 2 0 2092 1046 1047
3693 1 2 0 2093 1047 1111
3694 1 2 0 2094 1047 1048
3695 1 2 0 2095 1048 1112
3696 1 2 0 2096 1048 1049
3697 1 2 0 2097 1049 1113
3698 1 2 0 2098 1049 1050
3699 1 2 0 2099 1050 1114
3700 1 2 0 2100 1050 1051
3701 1 2 0 2101 1051 1115
3702 1 2 0 2102 1051 1052
3703 1 2 0 2103 1052 1116
3704 1 2 0 2104 1052 1053
3705 1 2 0 2105 1053 1117
3706 1 2 0 2106 1053 1054
3707 1 2 0 2107 1054 1118
3708 1 2 0 2108 1054 1055
3709 1 2 0 2109 1055 1119
3710 1 2 0 2110 1055 1056
3711 1 2 0 2111 1056 1120
3712 1 2 0 2112 1056 1057
3713 1 2 0 2113 1057 1121
3714 1 2 0 2114 1057 1058
3715 1 2 0 2115 1058 1122
3716 1 2 0 2116 1058 1059
3717 1 2 0 2117 1059 1123
3718 1 2 0 2118 1059 1060
3719 1 2 0 2119 1060 1124
3720 1 2 0 2120 1060 1061
3721 1 2 0 2121 1061 1125
3722 1 2 0 2122 1061 1062
3723 1 2 0 2123 1062 1126
3724 1 2 0 2124 1062 1063
3725 1 2 0 2125 1063 1127
3726 1 2 0 2126 1063 1064
3727 1 2 0 2127 1064 1128
3728 1 2 0 2128 1064 1065
3729 1 2 0 2129 1065 1129
3730 1 2 0 2130 1065 1066
3731 1 2 0 2131 1066 1130
3732 1 2 0 2132 1066 1067
3733 1 2 0 2133 1067 1131
3734 1 2 0 2134 1067 1068
3735 1 2 0 2135 1068 1132
3736 1 2 0 2136 1068 1069
3737 1 2 0 2137 1069 1133
3738 1 2 0 2138 1069 1070
3739 1 2 0 2139 1070 1134
3740 1 2 0 2140 1070 1071
3741 1 2 0 2141 1071 1135
3742 1 2 0 2142 1071 1072
3743 1 2 0 2143 1072 1136
3744 1 2 0 2144 1072 1073
3745 1 2 0 2145 1073 1137
3746 1 2 0 2146 1073 1074
3747 1 2 0 2147 1074 1138
3748 1 2 0 2148 1074 1075
3749 1 2 0 2149 1075 1139
3750 1 2 0 2150 1075 1076
3751 1 2 0 2151 1076 1140
3752 1 2 0 2152 1076 1077
3753 1 2 0 2153 1077 1141
3754 1 2 0 2154 1077 1078
3755 1 2 0 2155 1078 1142
3756 1 2 0 2156 1078 1079
3757 1 2 0 2157 1079 1143
3758 1 2 0 2158 1079 1080
3759 1 2 0 2159 1080 1144
3760 1 2 0 2160 1080 1081
3761 1 2 0 2161 1081 1145
3762 1 2 0 2162 1081 1082
3763 1 2 0 2163 1082 1146
3764 1 2 0 2164 1082 1083
3765 1 2 0 2165 1083 1147
3766 1 2 0 2166 1083 1084
3767 1 2 0 2167 1084 1148
3768 1 2 0 2168 1084 1085
3769 1 2 0 2169 1085 1149
3770 1 2 0 2170 1085 1086
3771 1 2 0 2171 1086 1150
3772 1 2 0 2172 1086 1087
3773 1 2 0 2173 1087 1151
3774 1 2 0 2174 1087 1088
3775 1 2 0 2175 1088 1152
3776 1 2 0 2176 1088 1025
3777 1 2 0 2177 1089 1153
3778 1 2 0 2178 1089 1090
3779 1 2 0 2179 1090 1154
3780 1 2 0 2180 1090 1091
3781 1 2 0 2181 1091 1155
3782 1 2 0 2182 1091 1092
3783 1 2 0 2183 1092 1156
3784 1 2 0 2184 1092 1093
3785 1 2 0 2185 1093 1157
3786 1 2 0 2186 1093 1094
3787 1 2 0 2187 1094 1158
3788 1 2 0 2188 1094 1095
3789 1 2 0 2189 1095 1159
3790 1 2 0 2190 1095 1096
3791 1 2 0 2191 1096 1160
3792 1 2 0 2192 1096 1097
3793 1 2 0 2193 1097 1161
3794 1 2 0 2194 1097 1098
3795 1 2 0 2195 1098 1162
3796 1 2 0 2196 1098 1099
3797 1 2 0 2197 1099 1163
3798 1 2 0 2198 1099 1100
3799 1 2 0 2199 1100 1164
3800 1 2 0 2200 1100 1101
3801 1 2 0 2201 1101 1165
3802 1 2 0 2202 1101 1102
3803 1 2 0 2203 1102 1166
3804 1 2 0 2204 1102 1103
3805 1 2 0 2205 1103 1167
3806 1 2 0 2206 1103 1104
3807 1 2 0 2207 1104 1168
3808 1 2 0 2208 1104 1105
3809 1 2 0 2209 1105 1169
3810 1 2 0 2210 1105 1106
3811 1 2 0 2211 1106 1170
3812 1 2 0 2212 1106 1107
3813 1 2 0 2213 1107 1171
3814 1 2 0 2214 1107 1108
3815 1 2 0 2215 1108 1172
3816 1 2 0 2216 1108 1109
3817 1 2 0 2217 1109 1173
3818 1 2 0 2218 1109 1110
3819 1 2 0 2219 1110 1174
3820 1 2 0 2220 1110 1111
3821 1 2 0 2221 1111 1175
3822 1 2 0 2222 1111 1112
3823 1 2 0 2223 1112 1176
3824 1 2 0 2224 1112 1113
3825 1 2 0 2225 1113 1177
3826 1 2 0 2226 1113 1114
3827 1 2 0 2227 1114 1178
3828 1 2 0 2228 1114 1115
3829 1 2 0 2229 1115 1179
3830 1 2 0 2230 1115 1116
3831 1 2 0 2231 1116 1180
3832 1 2 0 2232 1116 1117
3833 1 2 0 2233 1117 1181
3834 1 2 0 2234 1117 1118
3835 1 2 0 2235 1118 1182
3836 1 2 0 2236 1118 1119
3837 1 2 0 2237 1119 1183
3838 1 2 0 2238 1119 1120
3839 1 2 0 2239 1120 1184
3840 1 2 0 2240 1120 1121
3841 1 2 0 2241 1121 1185
3842 1 2 0 2242 1121 1122
3843 1 2 0 2243 1122 1186
3844 1 2 0 2244 1122 1123
3845 1 2 0 2245 1123 1187
3846 1 2 0 2246 1123 1124
3847 1 2 0 2247 1124 1188
3848 1 2 0 2248 1124 1125
3849 1 2 0 2249 1125 1189
3850 1 2 0 2250 1125 1126
3851 1 2 0 2251 1126 1190
3852 1 2 0 2252 1126 1127
3853 1 2 0 2253 1127 1191
3854 1 2 0 2254 1127 1128
3855 1 2 0 2255 1128 1192
3856 1 2 0 2256 1128 1129
3857 1 2 0 2257 1129 1193
3858 1 2 0 2258 1129 1130
3859 1 2 0 2259 1130 1194
3860 1 2 0 2260 1130 1131
3861 1 2 0 2261 1131 1195
3862 1 2 0 2262 1131 1132
3863 1 2 0 2263 1132 1196
3864 1 2 0 2264 1132 1133
3865 1 2 0 2265 1133 1197
3866 1 2 0 2266 1133 1134
3867 1 2 0 2267 1134 1198
3868 1 2 0 2268 1134 1135
3869 1 2 0 2269 1135 1199
3870 1 2 0 2270 1135 1136
3871 1 2 0 2271 1136 1200
3872 1 2 0 2272 1136 1137
3873 1 2 0 2273 1137 1201
3874 1 2 0 2274 1137 1138
3875 1 2 0 2275 1138 1202
3876 1 2 0 2276 1138 1139
3877 1 2 0 2277 1139 1203
3878 1 2 0 2278 1139 1140
3879 1 2 0 2279 1140 1204
3880 1 2 0 2280 1140 1141
3881 1 2 0 2281 1141 1205
3882 1 2 0 2282 1141 1142
3883 1 2 0 2283 1142 1206
3884 1 2 0 2284 1142 1143
3885 1 2 0 2285 1143 1207
3886 1 2 0 2286 1143 1144
3887 1 2 0 2287 1144 1208
3888 1 2 0 2288 1144 1145
3889 1 2 0 2289 1145 1209
3890 1 2 0 2290 1145 1146
3891 1 2 0 2291 1146 1210
3892 1 2 0 2292 1146 1147
3893 1 2 0 2293 1147 1211
3894 1 2 0 2294 1147 1148
3895 1 2 0 2295 1148 1212
3896 1 2 0 2296 1148 1149
3897 1 2 0 2297 1149 1213
3898 1 2 0 2298 1149 1150
3899 1 2 0 2299 1150 1214
3900 1 2 0 2300 1150 1151
3901 1 2 0 2301 1151 1215
3902 1 2 0 2302 1151 1152
3903 1 2 0 2303 1152 1216
3904 1 2 0 2304 1152 1089
3905 1 2 0 2305 1153 1217
3906 1 2 0 2306 1153 1154
3907 1 2 0 2307 1154 1218
3908 1 2 0 2308 1154 1155
3909 1 2 0 2309 1155 1219
3910 1 2 0 2310 1155 1156
3911 1 2 0 2311 1156 1220
3912 1 2 0 2312 1156 1157
3913 1 2 0 2313 1157 1221
3914 1 2 0 2314 1157 1158
3915 1 2 0 2315 1158 1222
3916 1 2 0 2316 1158 1159
3917 1 2 0 2317 1159 1223
3918 1 2 0 2318 1159 1160
3919 1 2 0 2319 1160 1224
3920 1 2 0 2320 1160 1161
3921 1 2 0 2321 1161 1225
3922 1 2 0 2322 1161 1162
3923 1 2 0 2323 1162 1226
3924 1 2 0 2324 1162 1163
3925 1 2 0 2325 1163 1227
3926 1 2 0 2326 1163 1164
3927 1 2 0 2327 1164 1228
3928 1 2 0 2328 1164 1165
3929 1 2 0 2329 1165 1229
3930 1 2 0 2330 1165 1166
3931 1 2 0 2331 1166 1230
3932 1 2 0 2332 1166 1167
3933 1 2 0 2333 1167 1231
3934 1 2 0 2334 1167 1168
3935 1 2 0 2335 1168 1232
3936 1 2 0 2336 1168 1169
3937 1 2 0 2337 1169 1233
3938 1 2 0 2338 1169 1170
3939 1 2 0 2339 1170 1234
3940 1 2 0 2340 1170 1171
3941 1 2 0 2341 1171 1235
3942 1 2 0 2342 1171 1172
3943 1 2 0 2343 1172 1236
3944 1 2 0 2344 1172 1173
3945 1 2 0 2345 1173 1237
3946 1 2 0 2346 1173 1174
3947 1 2 0 2347 1174 1238
3948 1 2 0 2348 1174 1175
3949 1 2 0 2349 1175 1239
3950 1 2 0 2350 1175 1176
3951 1 2 0 2351 1176 1240
3952 1 2 0 2352 1176 1177
3953 1 2 0 2353 1177 1241
3954 1 2 0 2354 1177 1178
3955 1 2 0 2355 1178 1242
3956 1 2 0 2356 1178 1179
3957 1 2 0 2357 1179 1243
3958 1 2 0 2358 1179 1180
3959 1 2 0 2359 1180 1244
3960 1 2 0 2360 1180 1181
3961 1 2 0 2361 1181 1245
3962 1 2 0 2362 1181 1182
3963 1 2 0 2363 1182 1246
3964 1 2 0 2364 1182 1183
3965 1 2 0 2365 1183 1247
3966 1 2 0 2366 1183 1184
3967 1 2 0 2367 1184 1248
3968 1 2 0 2368 1184 1185
3969 1 2 0 2369 1185 1249
3970 1 2 0 2370 1185 1186
3971 1 2 0 2371 1186 1250
3972 1 2 0 2372 1186 1187
3973 1 2 0 2373 1187 1251
3974 1 2 0 2374 1187 1188
3975 1 2 0 2375 1188 1252
3976 1 2 0 2376 1188 1189
3977 1 2 0 2377 1189 1253
3978 1 2 0 2378 1189 1190
3979 1 2 0 2379 1190 1254
3980 1 2 0 2380 1190 1191
3981 1 2 0 2381 1191 1255
3982 1 2 0 2382 1191 1192
3983 1 2 0 2383 1192 1256
3984 1 2 0 2384 1192 1193
3985 1 2 0 2385 1193 1257
3986 1 2 0 2386 1193 1194
3987 1 2 0 2387 1194 1258
3988 1 2 0 2388 1194 1195
3989 1 2 0 2389 1195 1259
3990 1 2 0 2390 1195 1196
3991 1 2 0 2391 1196 1260
3992 1 2 0 2392 1196 1197
3993 1 2 0 2393 1197 1261
3994 1 2 0 2394 1197 1198
3995 1 2 0 2395 1198 1262
3996 1 2 0 2396 1198 1199
3997 1 2 0 2397 1199 1263
3998 1 2 0 2398 1199 1200
3999 1 2 0 2399 1200 1264
4000 1 2 0 2400 1200 1201
4001 1 2 0 2401 1201 1265
4002 1 2 0 2402 1201 1202
4003 1 2 0 2403 1202 1266
4004 1 2 0 2404 1202 1203
4005 1 2 0 2405 1203 1267
4006 1 2 0 2406 1203 1204
4007 1 2 0 2407 1204 1268
4008 1 2 0 2408 1204 1205
4009 1 2 0 2409 1205 1269
4010 1 2 0 2410 1205 1206
4011 1 2 0 2411 1206 1270
4012 1 2 0 2412 1206 1207
4013 1 2 0 2413 1207 1271
4014 1 2 0 2414 1207 1208
4015 1 2 0 2415 1208 1272
4016 1 2 0 2416 1208 1209
4017 1 2 0 2417 1209 1273
4018 1 2 0 2418 1209 1210
4019 1 2 0 2419 1210 1274
4020 1 2 0 2420 1210 1211
4021 1 2 0 2421 1211 1275
4022 1 2 0 2422 1211 1212
4023 1 2 0 2423 1212 1276
4024 1 2 0 2424 1212 1213
4025 1 2 0 2425 1213 1277
4026 1 2 0 2426 1213 1214
4027 1 2 0 2427 1214 1278
4028 1 2 0 2428 1214 1215
4029 1 2 0 2429 1215 1279
4030 1 2 0 2430 1215 1216
4031 1 2 0 2431 1216 1280
4032 1 2 0 2432 1216 1153
4033 1 2 0 2433 1217 1281
4034 1 2 0 2434 1217 1218
4035 1 2 0 2435 1218 1282
4036 1 2 0 2436 1218 1219
4037 1 2 0 2437 1219 1283
4038 1 2 0 2438 1219 1220
4039 1 2 0 2439 1220 1284
4040 1 2 0 2440 1220 1221
4041 1 2 0 2441 1221 1285
4042 1 2 0 2442 1221 1222
4043 1 2 0 2443 1222 1286
4044 1 2 0 2444 1222 1223
4045 1 2 0 2445 1223 1287
4046 1 2 0 2446 1223 1224
4047 1 2 0 2447 1224 1288
4048 1 2 0 2448 1224 1225
4049 1 2 0 2449 1225 1289
4050 1 2 0 2450 1225 1226
4051 1 2 0 2451 1226 1290
4052 1 2 0 2452 1226 1227
4053 1 2 0 2453 1227 1291
4054 1 2 0 2454 1227 1228
4055 1 2 0 2455 1228 1292
4056 1 2 0 2456 1228 1229
4057 1 2 0 2457 1229 1293
4058 1 2 0 2458 1229 1230
4059 1 2 0 2459 1230 1294
4060 1 2 0 2460 1230 1231
4061 1 2 0 2461 1231 1295
4062 1 2 0 2462 1231 1232
4063 1 2 0 2463 1232 1296
4064 1 2 0 2464 1232 1233
4065 1 2 0 2465 1233 1297
4066 1 2 0 2466 1233 1234
4067 1 2 0 2467 1234 1298
4068 1 2 0 2468 1234 1235
4069 1 2 0 2469 1235 1299
4070 1 2 0 2470 1235 1236
4071 1 2 0 2471 1236 1300
4072 1 2 0 2472 1236 1237
4073 1 2 0 2473 1237 1301
4074 1 2 0 2474 1237 1238
4075 1 2 0 2475 1238 1302
4076 1 2 0 2476 1238 1239
4077 1 2 0 2477 1239 1303
4078 1 2 0 2478 1239 1240
4079 1 2 0 2479 1240 1304
4080 1 2 0 2480 1240 1241
4081 1 2 0 2481 1241 1305
4082 1 2 0 2482 1241 1242
4083 1 2 0 2483 1242 1306
4084 1 2 0 2484 1242 1243
4085 1 2 0 2485 1243 1307
4086 1 2 0 2486 1243 1244
4087 1 2 0 2487 1244 1308
4088 1 2 0 2488 1244 1245
4089 1 2 0 2489 1245 1309
4090 1 2 0 2490 1245 1246
4091 1 2 0 2491 1246 1310
4092 1 2 0 2492 1246 1247
4093 1 2 0 2493 1247 1311
4094 1 2 0 2494 1247 1248
4095 1 2 0 2495 1248 1312
4096 1 2 0 2496 1248 1249
4097 1 2 0 2497 1249 1313
4098 1 2 0 2498 1249 1250
4099 1 2 0 2499 1250 1314
4100 1 2 0 2500 1250 1251
4101 1 2 0 2501 1251 1315
4102 1 2 0 2502 1251 1252
4103 1 2 0 2503 1252 1316
4104 1 2 0 2504 1252 1253
4105 1 2 0 2505 1253 1317
4106 1 2 0 2506 1253 1254
4107 1 2 0 2507 1254 1318
4108 1 2 0 2508 1254 1255
4109 1 2 0 2509 1255 1319
4110 1 2 0 2510 1255 1256
4111 1 2 0 2511 1256 1320
4112 1 2 0 2512 1256 1257
4113 1 2 0 2513 1257 1321
4114 1 2 0 2514 1257 1258
4115 1 2 0 2515 1258 1322
4116 1 2 0 2516 1258 1259
4117 1 2 0 2517 1259 1323
4118 1 2 0 2518 1259 1260
4119 1 2 0 2519 1260 1324
4120 1 2 0 2520 1260 1261
4121 1 2 0 2521 1261 1325
4122 1 2 0 2522 1261 1262
4123 1 2 0 2523 1262 1326
4124 1 2 0 2524 1262 1263
4125 1 2 0 2525 1263 1327
4126 1 2 0 2526 1263 1264
4127 1 2 0 2527 1264 1328
4128 1 2 0 2528 1264 1265
4129 1 2 0 2529 1265 1329
4130 1 2 0 2530 1265 1266
4131 1 2 0 2531 1266 1330
4132 1 2 0 2532 1266 1267
4133 1 2 0 2533 1267 1331
4134 1 2 0 2534 1267 1268
4135 1 2 0 2535 1268 1332
4136 1 2 0 2536 1268 1269
4137 1 2 0 2537 1269 1333
4138 1 2 0 2538 1269 1270
4139 1 2 0 2539 1270 1334
4140 1 2 0 2540 1270 1271
4141 1 2 0 2541 1271 1335
4142 1 2 0 2542 1271 1272
4143 1 2 0 2543 1272 1336
4144 1 2 0 2544 1272 1273
4145 1 2 0 2545 1273 1337
4146 1 2 0 2546 1273 1274
4147 1 2 0 2547 1274 1338
4148 1 2 0 2548 1274 1275
4149 1 2 0 2549 1275 1339
4150 1 2 0 2550 1275 1276
4151 1 2 0 2551 1276 1340
4152 1 2 0 2552 1276 1277
4153 1 2 0 2553 1277 1341
4154 1 2 0 2554 1277 1278
4155 1 2 0 2555 1278 1342
4156 1 2 0 2556 1278 1279
4157 1 2 0 2557 1279 1343
4158 1 2 0 2558 1279 1280
4159 1 2 0 2559 1280 1344
4160 1 2 0 2560 1280 1217
4161 1 2 0 2561 1281 1345
4162 1 2 0 2562 1281 1282
4163 1 2 0 2563 1282 1346
4164 1 2 0 2564 1282 1283
4165 1 2 0 2565 1283 1347
4166 1 2 0 2566 1283 1284
4167 1 2 0 2567 1284 1348
4168 1 2 0 2568 1284 1285
4169 1 2 0 2569 1285 1349
4170 1 2 0 2570 1285 1286
4171 1 2 0 2571 1286 1350
4172 1 2 0 2572 1286 1287
4173 1 2 0 2573 1287 1351
4174 1 2 0 2574 1287 1288
4175 1 2 0 2575 1288 1352
4176 1 2 0 2576 1288 1289
4177 1 2 0 2577 1289 1353
4178 1 2 0 2578 1289 1290
4179 1 2 0 2579 1290 1354
4180 1 2 0 2580 1290 1291
4181 1 2 0 2581 1291 1355
4182 1 2 0 2582 1291 1292
4183 1 2 0 2583 1292 1356
4184 1 2 0 2584 1292 1293
4185 1 2 0 2585 1293 1357
4186 1 2 0 2586 1293 1294
4187 1 2 0 2587 1294 1358
4188 1 2 0 2588 1294 1295
4189 1 2 0 2589 1295 1359
4190 1 2 0 2590 1295 1296
4191 1 2 0 2591 1296 1360
4192 1 2 0 2592 1296 1297
4193 1 2 0 2593 1297 1361
4194 1 2 0 2594 1297 1298
4195 1 2 0 2595 1298 1362
4196 1 2 0 2596 1298 1299
4197 1 2 0 2597 1299 1363
4198 1 2 0 2598 1299 1300
4199 1 2 0 2599 1300 1364
4200 1 2 0 2600 1300 1301
4201 1 2 0 2601 1301 1365
4202 1 2 0 2602 1301 1302
4203 1 2 0 2603 1302 1366
4204 1 2 0 2604 1302 1303
4205 1 2 0 2605 1303 1367
4206 1 2 0 2606 1303 1304
4207 1 2 0 2607 1304 1368
4208 1 2 0 2608 1304 1305
4209 1 2 0 2609 1305 1369
4210 1 2 0 2610 1305 1306
4211 1 2 0 2611 1306 1370
4212 1 2 0 2612 1306 1307
4213 1 2 0 2613 1307 1371
4214 1 2 0 2614 1307 1308
4215 1 2 0 2615 1308 1372
4216 1 2 0 2616 1308 1309
4217 1 2 0 2617 1309 1373
4218 1 2 0 2618 1309 1310
4219 1 2 0 2619 1310 1374
4220 1 2 0 2620 1310 1311
4221 1 2 0 2621 1311 1375
4222 1 2 0 2622 1311 1312
4223 1 2 0 2623 1312 1376
4224 1 2 0 2624 1312 1313
4225 1 2 0 2625 1313 1377
4226 1 2 0 2626 1313 1314
4227 1 2 0 2627 1314 1378
4228 1 2 0 2628 1314 1315
4229 1 2 0 2629 1315 1379
4230 1 2 0 2630 1315 1316
4231 1 2 0 2631 1316 1380
4232 1 2 0 2632 1316 1317
4233 1 2 0 2633 1317 1381
4234 1 2 0 2634 1317 1318
4235 1 2 0 2635 1318 1382
4236 1 2 0 2636 1318 1319
4237 1 2 0 2637 1319 1383
4238 1 2 0 2638 1319 1320
4239 1 2 0 2639 1320 1384
4240 1 2 0 2640 1320 1321
4241 1 2 0 2641 1321 1385
4242 1 2 0 2642 1321 1322
4243 1 2 0 2643 1322 1386
4244 1 2 0 2644 1322 1323
4245 1 2 0 2645 1323 1387
4246 1 2 0 2646 1323 1324
4247 1 2 0 2647 1324 1388
4248 1 2 0 2648 1324 1325
4249 1 2 0 2649 1325 1389
4250 1 2 0 2650 1325 1326
4251 1 2 0 2651 1326 1390
4252 1 2 0 2652 1326 1327
4253 1 2 0 2653 1327 1391
4254 1 2 0 2654 1327 1328
4255 1 2 0 2655 1328 1392
4256 1 2 0 2656 1328 1329
4257 1 2 0 2657 1329 1393
4258 1 2 0 2658 1329 1330
4259 1 2 0 2659 1330 1394
4260 1 2 0 2660 1330 1331
4261 1 2 0 2661 1331 1395
4262 1 2 0 2662 1331 1332
4263 1 2 0 2663 1332 1396
4264 1 2 0 2664 1332 1333
4265 1 2 0 2665 1333 1397
4266 1 2 0 2666 1333 1334
4267 1 2 0 2667 1334 1398
4268 1 2 0 2668 1334 1335
4269 1 2 0 2669 1335 1399
4270 1 2 0 2670 1335 1336
4271 1 2 0 2671 1336 1400
4272 1 2 0 2672 1336 1337
4273 1 2 0 2673 1337 1401
4274 1 2 0 2674 1337 1338
4275 1 2 0 2675 1338 1402
4276 1 2 0 2676 1338 1339
4277 1 2 0 2677 1339 1403
4278 1 2 0 2678 1339 1340
4279 1 2 0 2679 1340 1404
4280 1 2 0 2680 1340 1341
4281 1 2 0 2681 1341 1405
4282 1 2 0 2682 1341 1342
4283 1 2 0 2683 1342 1406
4284 1 2 0 2684 1342 1343
4285 1 2 0 2685 1343 1407
4286 1 2 0 2686 1343 1344
4287 1 2 0 2687 1344 1408
4288 1 2 0 2688 1344 1281
4289 1 2 0 2689 1345 1409
4290 1 2 0 2690 1345 1346
4291 1 2 0 2691 1346 1410
4292 1 2 0 2692 1346 1347
4293 1 2 0 2693 1347 1411
4294 1 2 0 2694 1347 1348
4295 1 2 0 2695 1348 1412
4296 1 2 0 2696 1348 1349
4297 1 2 0 2697 1349 1413
4298 1 2 0 2698 1349 1350
4299 1 2 0 2699 1350 1414
4300 1 2 0 2700 1350 1351
4301 1 2 0 2701 1351 1415
4302 1 2 0 2702 1351 1352
4303 1 2 0 2703 1352 1416
4304 1 2 0 2704 1352 1353
4305 1 2 0 2705 1353 1417
4306 1 2 0 2706 1353 1354
4307 1 2 0 2707 1354 1418
4308 1 2 0 2708 1354 1355
4309 1 2 0 2709 1355 1419
4310 1 2 0 2710 1355 1356
4311 1 2 0 2711 1356 1420
4312 1 2 0 2712 1356 1357
4313 1 2 0 2713 1357 1421
4314 1 2 0 2714 1357 1358
4315 1 2 0 2715 1358 1422
4316 1 2 0 2716 1358 1359
4317 1 2 0 2717 1359 1423
4318 1 2 0 2718 1359 1360
4319 1 2 0 2719 1360 1424
4320 1 2 0 2720 1360 1361
4321 1 2 0 2721 1361 1425
4322 1 2 0 2722 1361 1362
4323 1 2 0 2723 1362 1426
4324 1 2 0 2724 1362 1363
4325 1 2 0 2725 1363 1427
4326 1 2 0 2726 1363 1364
4327 1 2 0 2727 1364 1428
4328 1 2 0 2728 1364 1365
4329 1 2 0 2729 1365 1429
4330 1 2 0 2730 1365 1366
4331 1 2 0 2731 1366 1430
4332 1 2 0 2732 1366 1367
4333 1 2 0 2733 1367 1431
4334 1 2 0 2734 1367 1368
4335 1 2 0 2735 1368 1432
4336 1 2 0 2736 1368 1369
4337 1 2 0 2737 1369 1433
4338 1 2 0 2738 1369 1370
4339 1 2 0 2739 1370 1434
4340 1 2 0 2740 1370 1371
4341 1 2 0 2741 1371 1435
4342 1 2 0 2742 1371 1372
4343 1 2 0 2743 1372 1436
4344 1 2 0 2744 1372 1373
4345 1 2 0 2745 1373 1437
4346 1 2 0 2746 1373 1374
4347 1 2 0 2747 1374 1438
4348 1 2 0 2748 1374 1375
4349 1 2 0 2749 1375 1439
4350 1 2 0 2750 1375 1376
4351 1 2 0 2751 1376 1440
4352 1 2 0 2752 1376 1377
4353 1 2 0 2753 1377 1441
4354 1 2 0 2754 1377 1378
4355 1 2 0 2755 1378 1442
4356 1 2 0 2756 1378 1379
4357 1 2 0 2757 1379 1443
4358 1 2 0 2758 1379 1380
4359 1 2 0 2759 1380 1444
4360 1 2 0 2760 1380 1381
4361 1 2 0 2761 1381 1445
4362 1 2 0 2762 1381 1382
4363 1 2 0 2763 1382 1446
4364 1 2 0 2764 1382 1383
4365 1 2 0 2765 1383 1447
4366 1 2 0 2766 1383 1384
4367 1 2 0 2767 1384 1448
4368 1 2 0 2768 1384 1385
4369 1 2 0 2769 1385 1449
4370 1 2 0 2770 1385 1386
4371 1 2 0 2771 1386 1450
4372 1 2 0 2772 1386 1387
4373 1 2 0 2773 1387 1451
4374 1 2 0 2774 1387 1388
4375 1 2 0 2775 1388 1452
4376 1 2 0 2776 1388 1389
4377 1 2 0 2777 1389 1453
4378 1 2 0 2778 1389 1390
4379 1 2 0 2779 1390 1454
4380 1 2 0 2780 1390 1391
4381 1 2 0 2781 1391 1455
4382 1 2 0 2782 1391 1392
4383 1 2 0 2783 1392 1456
4384 1 2 0 2784 1392 1393
4385 1 2 0 2785 1393 1457
4386 1 2 0 2786 1393 1394
4387 1 2 0 2787 1394 1458
4388 1 2 0 2788 1394 1395
4389 1 2 0 2789 1395 1459
4390 1 2 0 2790 1395 1396
4391 1 2 0 2791 1396 1460
4392 1 2 0 2792 1396 1397
4393 1 2 0 2793 1397 1461
4394 1 2 0 2794 1397 1398
4395 1 2 0 2795 1398 1462
4396 1 2 0 2796 1398 1399
4397 1 2 0 2797 1399 1463
4398 1 2 0 2798 1399 1400
4399 1 2 0 2799 1400 1464
4400 1 2 0 2800 1400 1401
4401 1 2 0 2801 1401 1465
4402 1 2 0 2802 1401 1402
4403 1 2 0 2803 1402 1466
4404 1 2 0 2804 1402 1403
4405 1 2 0 2805 1403 1467
4406 1 2 0 2806 1403 1404
4407 1 2 0 2807 1404 1468
4408 1 2 0 2808 1404 1405
4409 1 2 0 2809 1405 1469
4410 1 2 0 2810 1405 1406
4411 1 2 0 2811 1406 1470
4412 1 2 0 2812 1406 1407
4413 1 2 0 2813 1407 1471
4414 1 2 0 2814 1407 1408
4415 1 2 0 2815 1408 1472
4416 1 2 0 2816 1408 1345
4417 1 2 0 2817 1409 1473
4418 1 2 0 2818 1409 1410
4419 1 2 0 2819 1410 1474
4420 1 2 0 2820 1410 1411
4421 1 2 0 2821 1411 1475
4422 1 2 0 2822 1411 1412
4423 1 2 0 2823 1412 1476
4424 1 2 0 2824 1412 1413
4425 1 2 0 2825 1413 1477
4426 1 2 0 2826 1413 1414
4427 1 2 0 2827 1414 1478
4428 1 2 0 2828 1414 1415
4429 1 2 0 2829 1415 1479
4430 1 2 0 2830 1415 1416
4431 1 2 0 2831 1416 1480
4432 1 2 0 2832 1416 1417
4433 1 2 0 2833 1417 1481
4434 1 2 0 2834 1417 1418
4435 1 2 0 2835 1418 1482
4436 1 2 0 2836 1418 1419
4437 1 2 0 2837 1419 1483
4438 1 2 0 2838 1419 1420
4439 1 2 0 2839 1420 1484
4440 1 2 0 2840 1420 1421
4441 1 2 0 2841 1421 1485
4442 1 2 0 2842 1421 1422
4443 1 2 0 2843 1422 1486
4444 1 2 0 2844 1422 1423
4445 1 2 0 2845 1423 1487
4446 1 2 0 2846 1423 1424
4447 1 2 0 2847 1424 1488
4448 1 2 0 2848 1424 1425
4449 1 2 0 2849 1425 1489
4450 1 2 0 2850 1425 1426
4451 1 2 0 2851 1426 1490
4452 1 2 0 2852 1426 1427
4453 1 2 0 2853 1427 1491
4454 1 2 0 2854 1427 1428
4455 1 2 0 2855 1428 1492
4456 1 2 0 2856 1428 1429
4457 1 2 0 2857 1429 1493
4458 1 2 0 2858 1429 1430
4459 1 2 0 2859 1430 1494
4460 1 2 0 2860 1430 1431
4461 1 2 0 2861 1431 1495
4462 1 2 0 2862 1431 1432
4463 1 2 0 2863 1432 1496
4464 1 2 0 2864 1432 1433
4465 1 2 0 2865 1433 1497
4466 1 2 0 2866 1433 1434
4467 1 2 0 2867 1434 1498
4468 1 2 0 2868 1434 1435
4469 1 2 0 2869 1435 1499
4470 1 2 0 2870 1435 1436
4471 1 2 0 2871 1436 1500
4472 1 2 0 2872 1436 1437
4473 1 2 0 2873 1437 1501
4474 1 2 0 2874 1437 1438
4475 1 2 0 2875 1438 1502
4476 1 2 0 2876 1438 1439
4477 1 2 0 2877 1439 1503
4478 1 2 0 2878 1439 1440
4479 1 2 0 2879 1440 1504
4480 1 2 0 2880 1440 1441
4481 1 2 0 2881 1441 1505
4482 1 2 0 2882 1441 1442
4483 1 2 0 2883 1442 1506
4484 1 2 0 2884 1442 1443
4485 1 2 0 2885 1443 1507
4486 1 2 0 2886 1443 1444
4487 1 2 0 2887 1444 1508
4488 1 2 0 2888 1444 1445
4489 1 2 0 2889 1445 1509
4490 1 2 0 2890 1445 1446
4491 1 2 0 2891 1446 1510
4492 1 2 0 2892 1446 1447
4493 1 2 0 2893 1447 1511
4494 1 2 0 2894 1447 1448
4495 1 2 0 2895 1448 1512
4496 1 2 0 2896 1448 1449
4497 1 2 0 2897 1449 1513
4498 1 2 0 2898 1449 1450
4499 1 2 0 2899 1450 1514
4500 1 2 0 2900 1450 1451
4501 1 2 0 2901 1451 1515
4502 1 2 0 2902 1451 1452
4503 1 2 0 2903 1452 1516
4504 1 2 0 2904 1452 1453
4505 1 2 0 2905 1453 1517
4506 1 2 0 2906 1453 1454
4507 1 2 0 2907 1454 1518
4508 1 2 0 2908 1454 1455
4509 1 2 0 2909 1455 1519
4510 1 2 0 2910 1455 1456
4511 1 2 0 2911 1456 1520
4512 1 2 0 2912 1456 1457
4513 1 2 0 2913 1457 1521
4514 1 2 0 2914 1457 1458
4515 1 2 0 2915 1458 1522
4516 1 2 0 2916 1458 1459
4517 1 2 0 2917 1459 1523
4518 1 2 0 2918 1459 1460
4519 1 2 0 2919 1460 1524
4520 1 2 0 2920 1460 1461
4521 1 2 0 2921 1461 1525
4522 1 2 0 2922 1461 1462
4523 1 2 0 2923 1462 1526
4524 1 2 0 2924 1462 1463
4525 1 2 0 2925 1463 1527
4526 1 2 0 2926 1463 1464
4527 1 2 0 2927 1464 1528
4528 1 2 0 2928 1464 1465
4529 1 2 0 2929 1465 1529
4530 1 2 0 2930 1465 1466
4531 1 2 0 2931 1466 1530
4532 1 2 0 2932 1466 1467
4533 1 2 0 2933 1467 1531
4534 1 2 0 2934 1467 1468
4535 1 2 0 2935 1468 1532
4536 1 2 0 2936 1468 1469
4537 1 2 0 2937 1469 1533
4538 1 2 0 2938 1469 1470
4539 1 2 0 2939 1470 1534
4540 1 2 0 2940 1470 1471
4541 1 2 0 2941 1471 1535
4542 1 2 0 2942 1471 1472
4543 1 2 0 2943 1472 1536
4544 1 2 0 2944 1472 1409
4545 1 2 0 2945 1473 1537
4546 1 2 0 2946 1473 1474
4547 1 2 0 2947 1474 1538
4548 1 2 0 2948 1474 1475
4549 1 2 0 2949 1475 1539
4550 1 2 0 2950 1475 1476
4551 1 2 0 2951 1476 1540
4552 1 2 0 2952 1476 1477
4553 1 2 0 2953 1477 1541
4554 1 2 0 2954 1477 1478
4555 1 2 0 2955 1478 1542
4556 1 2 0 2956 1478 1479
4557 1 2 0 2957 1479 1543
4558 1 2 0 2958 1479 1480
4559 1 2 0 2959 1480 1544
4560 1 2 0 2960 1480 1481
4561 1 2 0 2961 1481 1545
4562 1 2 0 2962 1481 1482
4563 1 2 0 2963 1482 1546
4564 1 2 0 2964 1482 1483
4565 1 2 0 2965 1483 1547
4566 1 2 0 2966 1483 1484
4567 1 2 0 2967 1484 1548
4568 1 2 0 2968 1484 1485
4569 1 2 0 2969 1485 1549
4570 1 2 0 2970 1485 1486
4571 1 2 0 2971 1486 1550
4572 1 2 0 2972 1486 1487
4573 1 2 0 2973 1487 1551
4574 1 2 0 2974 1487 1488
4575 1 2 0 2975 1488 1552
4576 1 2 0 2976 1488 1489
4577 1 2 0 2977 1489 1553
4578 1 2 0 2978 1489 1490
4579 1 2 0 2979 1490 1554
4580 1 2 0 2980 1490 1491
4581 1 2 0 2981 1491 1555
4582 1 2 0 2982 1491 1492
4583 1 2 0 2983 1492 1556
4584 1 2 0 2984 1492 1493
4585 1 2 0 2985 1493 1557
4586 1 2 0 2986 1493 1494
4587 1 2 0 2987 1494 1558
4588 1 2 0 2988 1494 1495
4589 1 2 0 2989 1495 1559
4590 1 2 0 2990 1495 1496
4591 1 2 0 2991 1496 1560
4592 1 2 0 2992 1496 1497
4593 1 2 0 2993 1497 1561
4594 1 2 0 2994 1497 1498
4595 1 2 0 2995 1498 1562
4596 1 2 0 2996 1498 1499
4597 1 2 0 2997 1499 1563
4598 1 2 0 2998 1499 1500
4599 1 2 0 2999 1500 1564
4600 1 2 0 3000 1500 1501
4601 1 2 0 3001 1501 1565
4602 1 2 0 3002 1501 1502
4603 1 2 0 3003 1502 1566
4604 1 2 0 3004 1502 1503
4605 1 2 0 3005 1503 1567
4606 1 2 0 3006 1503 1504
4607 1 2 0 3007 1504 1568
4608 1 2 0 3008 1504 1505
4609 1 2 0 3009 1505 1569
4610 1 2 0 3010 1505 1506
4611 1 2 0 3011 1506 1570
4612 1 2 0 3012 1506 1507
4613 1 2 0 3013 1507 1571
4614 1 2 0 3014 1507 1508
4615 1 2 0 3015 1508 1572
4616 1 2 0 3016 1508 1509
4617 1 2 0 3017 1509 1573
4618 1 2 0 3018 1509 1510
4619 1 2 0 3019 1510 1574
4620 1 2 0 3020 1510 1511
4621 1 2 0 3021 1511 1575
4622 1 2 0 3022 1511 1512
4623 1 2 0 3023 1512 1576
4624 1 2 0 3024 1512 1513
4625 1 2 0 3025 1513 1577
4626 1 2 0 3026 1513 1514
4627 1 2 0 3027 1514 1578
4628 1 2 0 3028 1514 1515
4629 1 2 0 3029 1515 1579
4630 1 2 0 3030 1515 1516
4631 1 2 0 3031 1516 1580
4632 1 2 0 3032 1516 1517
4633 1 2 0 3033 1517 1581
4634 1 2 0 3034 1517 1518
4635 1 2 0 3035 1518 1582
4636 1 2 0 3036 1518 1519
4637 1 2 0 3037 1519 1583
4638 1 2 0 3038 1519 1520
4639 1 2 0 3039 1520 1584
4640 1 2 0 3040 1520 1521
4641 1 2 0 3041 1521 1585
4642 1 2 0 3042 1521 1522
4643 1 2 0 3043 1522 1586
4644 1 2 0 3044 1522 1523
4645 1 2 0 3045 1523 1587
4646 1 2 0 3046 1523 1524
4647 1 2 0 3047 1524 1588
4648 1 2 0 3048 1524 1525
4649 1 2 0 3049 1525 1589
4650 1 2 0 3050 1525 1526
4651 1 2 0 3051 1526 1590
4652 1 2 0 3052 1526 1527
4653 1 2 0 3053 1527 1591
4654 1 2 0 3054 1527 1528
4655 1 2 0 3055 1528 1592
4656 1 2 0 3056 1528 1529
4657 1 2 0 3057 1529 1593
4658 1 2 0 3058 1529 1530
4659 1 2 0 3059 1530 1594
4660 1 2 0 3060 1530 1531
4661 1 2 0 3061 1531 1595
4662 1 2 0 3062 1531 1532
4663 1 2 0 3063 1532 1596
4664 1 2 0 3064 1532 1533
4665 1 2 0 3065 1533 1597
4666 1 2 0 3066 1533 1534
4667 1 2 0 3067 1534 1598
4668 1 2 0 3068 1534 1535
4669 1 2 0 3069 1535 1599
4670 1 2 0 3070 1535 1536
4671 1 2 0 3071 1536 1600
4672 1 2 0 3072 1536 1473
4673 1 2 0 3074 1537 1538
4674 1 2 0 3076 1538 1539
4675 1 2 0 3078 1539 1540
4676 1 2 0 3080 1540 1541
4677 1 2 0 3082 1541 1542
4678 1 2 0 3084 1542 1543
4679 1 2 0 3086 1543 1544
4680 1 2 0 3088 1544 1545
4681 1 2 0 3090 1545 1546
4682 1 2 0 3092 1546 1547
4683 1 2 0 3094 1547 1548
4684 1 2 0 3096 1548 1549
4685 1 2 0 3098 1549 1550
4686 1 2 0 3100 1550 1551
4687 1 2 0 3102 1551 1552
4688 1 2 0 3104 1552 1553
4689 1 2 0 3106 1553 1554
4690 1 2 0 3108 1554 1555
4691 1 2 0 3110 1555 1556
4692 1 2 0 3112 1556 1557
4693 1 2 0 3114 1557 1558
4694 1 2 0 3116 1558 1559
4695 1 2 0 3118 1559 1560
4696 1 2 0 3120 1560 1561
4697 1 2 0 3122 1561 1562
4698 1 2 0 3124 1562 1563
4699 1 2 0 3126 1563 1564
4700 1 2 0 3128 1564 1565
4701 1 2 0 3130 1565 1566
4702 1 2 0 3132 1566 1567
4703 1 2 0 3134 1567 1568
4704 1 2 0 3136 1568 1569
4705 1 2 0 3138 1569 1570
4706 1 2 0 3140 1570 1571
4707 1 2 0 3142 1571 1572
4708 1 2 0 3144 1572 1573
4709 1 2 0 3146 1573 1574
4710 1 2 0 3148 1574 1575
4711 1 2 0 3150 1575 1576
4712 1 2 0 3152 1576 1577
4713 1 2 0 3154 1577 1578
4714 1 2 0 3156 1578 1579
4715 1 2 0 3158 1579 1580
4716 1 2 0 3160 1580 1581
4717 1 2 0 3162 1581 1582
4718 1 2 0 3164 1582 1583
4719 1 2 0 3166 1583 1584
4720 1 2 0 3168 1584 1585
4721 1 2 0 3170 1585 1586
4722 1 2 0 3172 1586 1587
4723 1 2 0 3174 1587 1588
4724 1 2 0 3176 1588 1589
4725 1 2 0 3178 1589 1590
4726 1 2 0 3180 1590 1591
4727 1 2 0 3182 1591 1592
4728 1 2 0 3184 1592 1593
4729 1 2 0 3186 1593 1594
4730 1 2 0 3188 1594 1595
4731 1 2 0 3190 1595 1596
4732 1 2 0 3192 1596 1597
4733 1 2 0 3194 1597 1598
4734 1 2 0 3196 1598 1599
4735 1 2 0 3198 1599 1600
4736 1 2 0 3200 1600 1537
4737 2 2 0 62 65 2 1
4738 2 2 0 62 2 65 66
4739 2 2 0 63 67 3 2
4740 2 2 0 63 66 67 2
4741 2 2 0 64 68 4 3
4742 2 2 0 64 67 68 3
4743 2 2 0 65 69 5 4
4744 2 2 0 65 68 69 4
4745 2 2 0 66 70 6 5
4746 2 2 0 66 69 70 5
4747 2 2 0 67 71 7 6
4748 2 2 0 67 70 71 6
4749 2 2 0 68 72 8 7
4750 2 2 0 68 71 72 7
4751 2 2 0 69 73 9 8
4752 2 2 0 69 72 73 8
4753 2 2 0 70 73 10 9
4754 2 2 0 70 10 73 74
4755 2 2 0 71 74 11 10
4756 2 2 0 71 11 74 75
4757 2 2 0 72 75 12 11
4758 2 2 0 72 12 75 76
4759 2 2 0 73 76 13 12
4760 2 2 0 73 13 76 77
4761 2 2 0 74 77 14 13
4762 2 2 0 74 14 77 78
4763 2 2 0 75 78 15 14
4764 2 2 0 75 15 78 79
4765 2 2 0 76 79 16 15
4766 2 2 0 76 16 79 80
4767 2 2 0 77 81 17 16
4768 2 2 0 77 80 81 16
4769 2 2 0 78 81 18 17
4770 2 2 0 78 18 81 82
4771 2 2 0 79 83 19 18
4772 2 2 0 79 82 83 18
4773 2 2 0 80 84 20 19
4774 2 2 0 80 83 84 19
4775 2 2 0 81 85 21 20
4776 2 2 0 81 84 85 20
4777 2 2 0 82 86 22 21
4778 2 2 0 82 85 86 21
4779 2 2 0 83 87 23 22
4780 2 2 0 83 86 87 22
4781 2 2 0 84 88 24 23
4782 2 2 0 84 87 88 23
4783 2 2 0 85 89 25 24
4784 2 2 0 85 88 89 24
4785 2 2 0 86 89 26 25
4786 2 2 0 86 26 89 90
4787 2 2 0 87 90 27 26
4788 2 2 0 87 27 90 91
4789 2 2 0 88 91 28 27
4790 2 2 0 88 28 91 92
4791 2 2 0 89 92 29 28
4792 2 2 0 89 29 92 93
4793 2 2 0 90 93 30 29
4794 2 2 0 90 30 93 94
4795 2 2 0 91 94 31 30
4796 2 2 0 91 31 94 95
4797 2 2 0 92 95 32 31
4798 2 2 0 92 32 95 96
4799 2 2 0 93 97 33 32
4800 2 2 0 93 96 97 32
4801 2 2 0 94 97 34 33
4802 2 2 0 94 34 97 98
4803 2 2 0 95 99 35 34
4804 2 2 0 95 98 99 34
4805 2 2 0 96 100 36 35
4806 2 2 0 96 99 100 35
4807 2 2 0 97 101 37 36
4808 2 2 0 97 100 101 36
4809 2 2 0 98 102 38 37
4810 2 2 0 98 101 102 37
4811 2 2 0 99 103 39 38
4812 2 2 0 99 102 103 38
4813 2 2 0 100 104 40 39
4814 2 2 0 100 103 104 39
4815 2 2 0 101 105 41 40
4816 2 2 0 101 104 105 40
4817 2 2 0 102 105 42 41
4818 2 2 0 102 42 105 106
4819 2 2 0 103 106 43 42
4820 2 2 0 103 43 106 107
4821 2 2 0 104 107 44 43
4822 2 2 0 104 44 107 108
4823 2 2 0 105 108 45 44
4824 2 2 0 105 45 108 109
4825 2 2 0 106 109 46 45
4826 2 2 0 106 46 109 110
4827 2 2 0 107 110 47 46
4828 2 2 0 107 47 110 111
4829 2 2 0 108 111 48 47
4830 2 2 0 108 48 111 112
4831 2 2 0 109 113 49 48
4832 2 2 0 109 112 113 48
4833 2 2 0 110 113 50 49
4834 2 2 0 110 50 113 114
4835 2 2 0 111 115 51 50
4836 2 2 0 111 114 115 50
4837 2 2 0 112 116 52 51
4838 2 2 0 112 115 116 51
4839 2 2 0 113 117 53 52
4840 2 2 0 113 116 117 52
4841 2 2 0 114 118 54 53
4842 2 2 0 114 117 118 53
4843 2 2 0 115 119 55 54
4844 2 2 0 115 118 119 54
4845 2 2 0 116 120 56 55
4846 2 2 0 116 119 120 55
4847 2 2 0 117 121 57 56
4848 2 2 0 117 120 121 56
4849 2 2 0 118 121 58 57
4850 2 2 0 118 58 121 122
4851 2 2 0 119 122 59 58
4852 2 2 0 119 59 122 123
4853 2 2 0 120 123 60 59
4854 2 2 0 120 60 123 124
4855 2 2 0 121 124 61 60
4856 2 2 0 121 61 124 125
4857 2 2 0 122 125 62 61
4858 2 2 0 122 62 125 126
4859 2 2 0 123 126 63 62
4860 2 2 0 123 63 126 127
4861 2 2 0 124 127 64 63
4862 2 2 0 124 64 127 128
4863 2 2 0 125 65 1 64
4864 2 2 0 125 128 65 64
4865 2 2 0 126 129 66 65
4866 2 2 0 126 66 129 130
4867 2 2 0 127 131 67 66
4868 2 2 0 127 130 131 66
4869 2 2 0 128 132 68 67
4870 2 2 0 128 131 132 67
4871 2 2 0 129 132 69 68
4872 2 2 0 129 69 132 133
4873 2 2 0 130 133 70 69
4874 2 2 0 130 70 133 134
4875 2 2 0 131 134 71 70
4876 2 2 0 131 71 134 135
4877 2 2 0 132 135 72 71
4878 2 2 0 132 72 135 136
4879 2 2 0 133 137 73 72
4880 2 2 0 133 136 137 72
4881 2 2 0 134 137 74 73
4882 2 2 0 134 74 137 138
4883 2 2 0 135 139 75 74
4884 2 2 0 135 138 139 74
4885 2 2 0 136 140 76 75
4886 2 2 0 136 139 140 75
4887 2 2 0 137 141 77 76
4888 2 2 0 137 140 141 76
4889 2 2 0 138 142 78 77
4890 2 2 0 138 141 142 77
4891 2 2 0 139 142 79 78
4892 2 2 0 139 79 142 143
4893 2 2 0 140 143 80 79
4894 2 2 0 140 80 143 144
4895 2 2 0 141 145 81 80
4896 2 2 0 141 144 145 80
4897 2 2 0 142 145 82 81
4898 2 2 0 142 82 145 146
4899 2 2 0 143 147 83 82
4900 2 2 0 143 146 147 82
4901 2 2 0 144 148 84 83
4902 2 2 0 144 147 148 83
4903 2 2 0 145 148 85 84
4904 2 2 0 145 85 148 149
4905 2 2 0 146 149 86 85
4906 2 2 0 146 86 149 150
4907 2 2 0 147 150 87 86
4908 2 2 0 147 87 150 151
4909 2 2 0 148 151 88 87
4910 2 2 0 148 88 151 152
4911 2 2 0 149 153 89 88
4912 2 2 0 149 152 153 88
4913 2 2 0 150 153 90 89
4914 2 2 0 150 90 153 154
4915 2 2 0 151 155 91 90
4916 2 2 0 151 154 155 90
4917 2 2 0 152 156 92 91
4918 2 2 0 152 155 156 91
4919 2 2 0 153 157 93 92
4920 2 2 0 153 156 157 92
4921 2 2 0 154 158 94 93
4922 2 2 0 154 157 158 93
4923 2 2 0 155 158 95 94
4924 2 2 0 155 95 158 159
4925 2 2 0 156 159 96 95
4926 2 2 0 156 96 159 160
4927 2 2 0 157 161 97 96
4928 2 2 0 157 160 161 96
4929 2 2 0 158 161 98 97
4930 2 2 0 158 98 161 162
4931 2 2 0 159 163 99 98
4932 2 2 0 159 162 163 98
4933 2 2 0 160 164 100 99
4934 2 2 0 160 163 164 99
4935 2 2 0 161 164 101 100
4936 2 2 0 161 101 164 165
4937 2 2 0 162 165 102 101
4938 2 2 0 162 102 165 166
4939 2 2 0 163 166 103 102
4940 2 2 0 163 103 166 167
4941 2 2 0 164 167 104 103
4942 2 2 0 164 104 167 168
4943 2 2 0 165 169 105 104
4944 2 2 0 165 168 169 104
4945 2 2 0 166 169 106 105
4946 2 2 0 166 106 169 170
4947 2 2 0 167 171 107 106
4948 2 2 0 167 170 171 106
4949 2 2 0 168 172 108 107
4950 2 2 0 168 171 172 107
4951 2 2 0 169 173 109 108
4952 2 2 0 169 172 173 108
4953 2 2 0 170 174 110 109
4954 2 2 0 170 173 174 109
4955 2 2 0 171 174 111 110
4956 2 2 0 171 111 174 175
4957 2 2 0 172 175 112 111
4958 2 2 0 172 112 175 176
4959 2 2 0 173 177 113 112
4960 2 2 0 173 176 177 112
4961 2 2 0 174 177 114 113
4962 2 2 0 174 114 177 178
4963 2 2 0 175 179 115 114
4964 2 2 0 175 178 179 114
4965 2 2 0 176 180 116 115
4966 2 2 0 176 179 180 115
4967 2 2 0 177 180 117 116
4968 2 2 0 177 117 180 181
4969 2 2 0 178 181 118 117
4970 2 2 0 178 118 181 182
4971 2 2 0 179 182 119 118
4972 2 2 0 179 119 182 183
4973 2 2 0 180 183 120 119
4974 2 2 0 180 120 183 184
4975 2 2 0 181 185 121 120
4976 2 2 0 181 184 185 120
4977 2 2 0 182 185 122 121
4978 2 2 0 182 122 185 186
4979 2 2 0 183 187 123 122
4980 2 2 0 183 186 187 122
4981 2 2 0 184 188 124 123
4982 2 2 0 184 187 188 123
4983 2 2 0 185 189 125 124
4984 2 2 0 185 188 189 124
4985 2 2 0 186 190 126 125
4986 2 2 0 186 189 190 125
4987 2 2 0 187 190 127 126
4988 2 2 0 187 127 190 191
4989 2 2 0 188 191 128 127
4990 2 2 0 188 128 191 192
4991 2 2 0 189 129 65 128
4992 2 2 0 189 192 129 128
4993 2 2 0 190 193 130 129
4994 2 2 0 190 130 193 194
4995 2 2 0 191 195 131 130
4996 2 2 0 191 194 195 130
4997 2 2 0 192 195 132 131
4998 2 2 0 192 132 195 196
4999 2 2 0 193 196 133 132
5000 2 2 0 193 133 196 197
5001 2 2 0 194 198 134 133
5002 2 2 0 194 197 198 133
5003 2 2 0 195 199 135 134
5004 2 2 0 195 198 199 134
5005 2 2 0 196 199 136 135
5006 2 2 0 196 136 199 200
5007 2 2 0 197 200 137 136
5008 2 2 0 197 137 200 201
5009 2 2 0 198 202 138 137
5010 2 2 0 198 201 202 137
5011 2 2 0 199 203 139 138
5012 2 2 0 199 202 203 138
5013 2 2 0 200 203 140 139
5014 2 2 0 200 140 203 204
5015 2 2 0 201 204 141 140
5016 2 2 0 201 141 204 205
5017 2 2 0 202 206 142 141
5018 2 2 0 202 205 206 141
5019 2 2 0 203 207 143 142
5020 2 2 0 203 206 207 142
5021 2 2 0 204 207 144 143
5022 2 2 0 204 144 207 208
5023 2 2 0 205 209 145 144
5024 2 2 0 205 208 209 144
5025 2 2 0 206 209 146 145
5026 2 2 0 206 146 209 210
5027 2 2 0 207 211 147 146
5028 2 2 0 207 210 211 146
5029 2 2 0 208 211 148 147
5030 2 2 0 208 148 211 212
5031 2 2 0 209 212 149 148
5032 2 2 0 209 149 212 213
5033 2 2 0 210 214 150 149
5034 2 2 0 210 213 214 149
5035 2 2 0 211 215 151 150
5036 2 2 0 211 214 215 150
5037 2 2 0 212 215 152 151
5038 2 2 0 212 152 215 216
5039 2 2 0 213 216 153 152
5040 2 2 0 213 153 216 217
5041 2 2 0 214 218 154 153
5042 2 2 0 214 217 218 153
5043 2 2 0 215 219 155 154
5044 2 2 0 215 218 219 154
5045 2 2 0 216 219 156 155
5046 2 2 0 216 156 219 220
5047 2 2 0 217 220 157 156
5048 2 2 0 217 157 220 221
5049 2 2 0 218 222 158 157
5050 2 2 0 218 221 222 157
5051 2 2 0 219 223 159 158
5052 2 2 0 219 222 223 158
5053 2 2 0 220 223 160 159
5054 2 2 0 220 160 223 224
5055 2 2 0 221 225 161 160
5056 2 2 0 221 224 225 160
5057 2 2 0 222 225 162 161
5058 2 2 0 222 162 225 226
5059 2 2 0 223 227 163 162
5060 2 2 0 223 226 227 162
5061 2 2 0 224 227 164 163
5062 2 2 0 224 164 227 228
5063 2 2 0 225 228 165 164
5064 2 2 0 225 165 228 229
5065 2 2 0 226 230 166 165
5066 2 2 0 226 229 230 165
5067 2 2 0 227 231 167 166
5068 2 2 0 227 230 231 166
5069 2 2 0 228 231 168 167
5070 2 2 0 228 168 231 232
5071 2 2 0 229 232 169 168
5072 2 2 0 229 169 232 233
5073 2 2 0 230 234 170 169
5074 2 2 0 230 233 234 169
5075 2 2 0 231 235 171 170
5076 2 2 0 231 234 235 170
5077 2 2 0 232 235 172 171
5078 2 2 0 232 172 235 236
5079 2 2 0 233 236 173 172
5080 2 2 0 233 173 236 237
5081 2 2 0 234 238 174 173
5082 2 2 0 234 237 238 173
5083 2 2 0 235 239 175 174
5084 2 2 0 235 238 239 174
5085 2 2 0 236 239 176 175
5086 2 2 0 236 176 239 240
5087 2 2 0 237 241 177 176
5088 2 2 0 237 240 241 176
5089 2 2 0 238 241 178 177
5090 2 2 0 238 178 241 242
5091 2 2 0 239 243 179 178
5092 2 2 0 239 242 243 178
5093 2 2 0 240 243 180 179
5094 2 2 0 240 180 243 244
5095 2 2 0 241 244 181 180
5096 2 2 0 241 181 244 245
5097 2 2 0 242 246 182 181
5098 2 2 0 242 245 246 181
5099 2 2 0 243 247 183 182
5100 2 2 0 243 246 247 182
5101 2 2 0 244 247 184 183
5102 2 2 0 244 184 247 248
5103 2 2 0 245 248 185 184
5104 2 2 0 245 185 248 249
5105 2 2 0 246 250 186 185
5106 2 2 0 246 249 250 185
5107 2 2 0 247 251 187 186
5108 2 2 0 247 250 251 186
5109 2 2 0 248 251 188 187
5110 2 2 0 248 188 251 252
5111 2 2 0 249 252 189 188
5112 2 2 0 249 189 252 253
5113 2 2 0 250 254 190 189
5114 2 2 0 250 253 254 189
5115 2 2 0 251 255 191 190
5116 2 2 0 251 254 255 190
5117 2 2 0 252 255 192 191
5118 2 2 0 252 192 255 256
5119 2 2 0 253 193 129 192
5120 2 2 0 253 256 193 192
5121 2 2 0 254 257 194 193
5122 2 2 0 254 194 257 258
5123 2 2 0 255 259 195 194
5124 2 2 0 255 258 259 194
5125 2 2 0 256 259 196 195
5126 2 2 0 256 196 259 260
5127 2 2 0 257 260 197 196
5128 2 2 0 257 197 260 261
5129 2 2 0 258 262 198 197
5130 2 2 0 258 261 262 197
5131 2 2 0 259 263 199 198
5132 2 2 0 259 262 263 198
5133 2 2 0 260 263 200 199
5134 2 2 0 260 200 263 264
5135 2 2 0 261 265 201 200
5136 2 2 0 261 264 265 200
5137 2 2 0 262 265 202 201
5138 2 2 0 262 202 265 266
5139 2 2 0 263 267 203 202
5140 2 2 0 263 266 267 202
5141 2 2 0 264 267 204 203
5142 2 2 0 264 204 267 268
5143 2 2 0 265 268 205 204
5144 2 2 0 265 205 268 269
5145 2 2 0 266 270 206 205
5146 2 2 0 266 269 270 205
5147 2 2 0 267 271 207 206
5148 2 2 0 267 270 271 206
5149 2 2 0 268 271 208 207
5150 2 2 0 268 208 271 272
5151 2 2 0 269 273 209 208
5152 2 2 0 269 272 273 208
5153 2 2 0 270 273 210 209
5154 2 2 0 270 210 273 274
5155 2 2 0 271 275 211 210
5156 2 2 0 271 274 275 210
5157 2 2 0 272 275 212 211
5158 2 2 0 272 212 275 276
5159 2 2 0 273 276 213 212
5160 2 2 0 273 213 276 277
5161 2 2 0 274 278 214 213
5162 2 2 0 274 277 278 213
5163 2 2 0 275 279 215 214
5164 2 2 0 275 278 279 214
5165 2 2 0 276 279 216 215
5166 2 2 0 276 216 279 280
5167 2 2 0 277 281 217 216
5168 2 2 0 277 280 281 216
5169 2 2 0 278 281 218 217
5170 2 2 0 278 218 281 282
5171 2 2 0 279 283 219 218
5172 2 2 0 279 282 283 218
5173 2 2 0 280 283 220 219
5174 2 2 0 280 220 283 284
5175 2 2 0 281 284 221 220
5176 2 2 0 281 221 284 285
5177 2 2 0 282 286 222 221
5178 2 2 0 282 285 286 221
5179 2 2 0 283 287 223 222
5180 2 2 0 283 286 287 222
5181 2 2 0 284 287 224 223
5182 2 2 0 284 224 287 288
5183 2 2 0 285 289 225 224
5184 2 2 0 285 288 289 224
5185 2 2 0 286 289 226 225
5186 2 2 0 286 226 289 290
5187 2 2 0 287 291 227 226
5188 2 2 0 287 290 291 226
5189 2 2 0 288 291 228 227
5190 2 2 0 288 228 291 292
5191 2 2 0 289 292 229 228
5192 2 2 0 289 229 292 293
5193 2 2 0 290 294 230 229
5194 2 2 0 290 293 294 229
5195 2 2 0 291 295 231 230
5196 2 2 0 291 294 295 230
5197 2 2 0 292 295 232 231
5198 2 2 0 292 232 295 296
5199 2 2 0 293 297 233 232
5200 2 2 0 293 296 297 232
5201 2 2 0 294 297 234 233
5202 2 2 0 294 234 297 298
5203 2 2 0 295 299 235 234
5204 2 2 0 295 298 299 234
5205 2 2 0 296 299 236 235
5206 2 2 0 296 236 299 300
5207 2 2 0 297 300 237 236
5208 2 2 0 297 237 300 301
5209 2 2 0 298 302 238 237
5210 2 2 0 298 301 302 237
5211 2 2 0 299 303 239 238
5212 2 2 0 299 302 303 238
5213 2 2 0 300 303 240 239
5214 2 2 0 300 240 303 304
5215 2 2 0 301 305 241 240
5216 2 2 0 301 304 305 240
5217 2 2 0 302 305 242 241
5218 2 2 0 302 242 305 306
5219 2 2 0 303 307 243 242
5220 2 2 0 303 306 307 242
5221 2 2 0 304 307 244 243
5222 2 2 0 304 244 307 308
5223 2 2 0 305 308 245 244
5224 2 2 0 305 245 308 309
5225 2 2 0 306 310 246 245
5226 2 2 0 306 309 310 245
5227 2 2 0 307 311 247 246
5228 2 2 0 307 310 311 246
5229 2 2 0 308 311 248 247
5230 2 2 0 308 248 311 312
5231 2 2 0 309 313 249 248
5232 2 2 0 309 312 313 248
5233 2 2 0 310 313 250 249
5234 2 2 0 310 250 313 314
5235 2 2 0 311 315 251 250
5236 2 2 0 311 314 315 250
5237 2 2 0 312 315 252 251
5238 2 2 0 312 252 315 316
5239 2 2 0 313 316 253 252
5240 2 2 0 313 253 316 317
5241 2 2 0 314 318 254 253
5242 2 2 0 314 317 318 253
5243 2 2 0 315 319 255 254
5244 2 2 0 315 318 319 254
5245 2 2 0 316 319 256 255
5246 2 2 0 316 256 319 320
5247 2 2 0 317 257 193 256
5248 2 2 0 317 320 257 256
5249 2 2 0 318 321 258 257
5250 2 2 0 318 258 321 322
5251 2 2 0 319 323 259 258
5252 2 2 0 319 322 323 258
5253 2 2 0 320 324 260 259
5254 2 2 0 320 323 324 259
5255 2 2 0 321 324 261 260
5256 2 2 0 321 261 324 325
5257 2 2 0 322 326 262 261
5258 2 2 0 322 325 326 261
5259 2 2 0 323 326 263 262
5260 2 2 0 323 263 326 327
5261 2 2 0 324 328 264 263
5262 2 2 0 324 327 328 263
5263 2 2 0 325 329 265 264
5264 2 2 0 325 328 329 264
5265 2 2 0 326 329 266 265
5266 2 2 0 326 266 329 330
5267 2 2 0 327 330 267 266
5268 2 2 0 327 267 330 331
5269 2 2 0 328 332 268 267
5270 2 2 0 328 331 332 267
5271 2 2 0 329 332 269 268
5272 2 2 0 329 269 332 333
5273 2 2 0 330 334 270 269
5274 2 2 0 330 333 334 269
5275 2 2 0 331 334 271 270
5276 2 2 0 331 271 334 335
5277 2 2 0 332 335 272 271
5278 2 2 0 332 272 335 336
5279 2 2 0 333 337 273 272
5280 2 2 0 333 336 337 272
5281 2 2 0 334 337 274 273
5282 2 2 0 334 274 337 338
5283 2 2 0 335 339 275 274
5284 2 2 0 335 338 339 274
5285 2 2 0 336 340 276 275
5286 2 2 0 336 339 340 275
5287 2 2 0 337 340 277 276
5288 2 2 0 337 277 340 341
5289 2 2 0 338 342 278 277
5290 2 2 0 338 341 342 277
5291 2 2 0 339 342 279 278
5292 2 2 0 339 279 342 343
5293 2 2 0 340 344 280 279
5294 2 2 0 340 343 344 279
5295 2 2 0 341 345 281 280
5296 2 2 0 341 344 345 280
5297 2 2 0 342 345 282 281
5298 2 2 0 342 282 345 346
5299 2 2 0 343 346 283 282
5300 2 2 0 343 283 346 347
5301 2 2 0 344 348 284 283
5302 2 2 0 344 347 348 283
5303 2 2 0 345 348 285 284
5304 2 2 0 345 285 348 349
5305 2 2 0 346 350 286 285
5306 2 2 0 346 349 350 285
5307 2 2 0 347 350 287 286
5308 2 2 0 347 287 350 351
5309 2 2 0 348 351 288 287
5310 2 2 0 348 288 351 352
5311 2 2 0 349 353 289 288
5312 2 2 0 349 352 353 288
5313 2 2 0 350 353 290 289
5314 2 2 0 350 290 353 354
5315 2 2 0 351 355 291 290
5316 2 2 0 351 354 355 290
5317 2 2 0 352 356 292 291
5318 2 2 0 352 355 356 291
5319 2 2 0 353 356 293 292
5320 2 2 0 353 293 356 357
5321 2 2 0 354 358 294 293
5322 2 2 0 354 357 358 293
5323 2 2 0 355 358 295 294
5324 2 2 0 355 295 358 359
5325 2 2 0 356 360 296 295
5326 2 2 0 356 359 360 295
5327 2 2 0 357 361 297 296
5328 2 2 0 357 360 361 296
5329 2 2 0 358 361 298 297
5330 2 2 0 358 298 361 362
5331 2 2 0 359 362 299 298
5332 2 2 0 359 299 362 363
5333 2 2 0 360 364 300 299
5334 2 2 0 360 363 364 299
5335 2 2 0 361 364 301 300
5336 2 2 0 361 301 364 365
5337 2 2 0 362 366 302 301
5338 2 2 0 362 365 366 301
5339 2 2 0 363 366 303 302
5340 2 2 0 363 303 366 367
5341 2 2 0 364 367 304 303
5342 2 2 0 364 304 367 368
5343 2 2 0 365 369 305 304
5344 2 2 0 365 368 369 304
5345 2 2 0 366 369 306 305
5346 2 2 0 366 306 369 370
5347 2 2 0 367 371 307 306
5348 2 2 0 367 370 371 306
5349 2 2 0 368 372 308 307
5350 2 2 0 368 371 372 307
5351 2 2 0 369 372 309 308
5352 2 2 0 369 309 372 373
5353 2 2 0 370 374 310 309
5354 2 2 0 370 373 374 309
5355 2 2 0 371 374 311 310
5356 2 2 0 371 311 374 375
5357 2 2 0 372 376 312 311
5358 2 2 0 372 375 376 311
5359 2 2 0 373 377 313 312
5360 2 2 0 373 376 377 312
5361 2 2 0 374 377 314 313
5362 2 2 0 374 314 377 378
5363 2 2 0 375 378 315 314
5364 2 2 0 375 315 378 379
5365 2 2 0 376 380 316 315
5366 2 2 0 376 379 380 315
5367 2 2 0 377 380 317 316
5368 2 2 0 377 317 380 381
5369 2 2 0 378 382 318 317
5370 2 2 0 378 381 382 317
5371 2 2 0 379 382 319 318
5372 2 2 0 379 319 382 383
5373 2 2 0 380 383 320 319
5374 2 2 0 380 320 383 384
5375 2 2 0 381 321 257 320
5376 2 2 0 381 384 321 320
5377 2 2 0 382 385 322 321
5378 2 2 0 382 322 385 386
5379 2 2 0 383 387 323 322
5380 2 2 0 383 386 387 322
5381 2 2 0 384 387 324 323
5382 2 2 0 384 324 387 388
5383 2 2 0 385 388 325 324
5384 2 2 0 385 325 388 389
5385 2 2 0 386 390 326 325
5386 2 2 0 386 389 390 325
5387 2 2 0 387 390 327 326
5388 2 2 0 387 327 390 391
5389 2 2 0 388 392 328 327
5390 2 2 0 388 391 392 327
5391 2 2 0 389 393 329 328
5392 2 2 0 389 392 393 328
5393 2 2 0 390 393 330 329
5394 2 2 0 390 330 393 394
5395 2 2 0 391 394 331 330
5396 2 2 0 391 331 394 395
5397 2 2 0 392 396 332 331
5398 2 2 0 392 395 396 331
5399 2 2 0 393 396 333 332
5400 2 2 0 393 333 396 397
5401 2 2 0 394 398 334 333
5402 2 2 0 394 397 398 333
5403 2 2 0 395 399 335 334
5404 2 2 0 395 398 399 334
5405 2 2 0 396 399 336 335
5406 2 2 0 396 336 399 400
5407 2 2 0 397 401 337 336
5408 2 2 0 397 400 401 336
5409 2 2 0 398 401 338 337
5410 2 2 0 398 338 401 402
5411 2 2 0 399 403 339 338
5412 2 2 0 399 402 403 338
5413 2 2 0 400 403 340 339
5414 2 2 0 400 340 403 404
5415 2 2 0 401 404 341 340
5416 2 2 0 401 341 404 405
5417 2 2 0 402 406 342 341
5418 2 2 0 402 405 406 341
5419 2 2 0 403 406 343 342
5420 2 2 0 403 343 406 407
5421 2 2 0 404 408 344 343
5422 2 2 0 404 407 408 343
5423 2 2 0 405 409 345 344
5424 2 2 0 405 408 409 344
5425 2 2 0 406 409 346 345
5426 2 2 0 406 346 409 410
5427 2 2 0 407 410 347 346
5428 2 2 0 407 347 410 411
5429 2 2 0 408 412 348 347
5430 2 2 0 408 411 412 347
5431 2 2 0 409 412 349 348
5432 2 2 0 409 349 412 413
5433 2 2 0 410 414 350 349
5434 2 2 0 410 413 414 349
5435 2 2 0 411 415 351 350
5436 2 2 0 411 414 415 350
5437 2 2 0 412 415 352 351
5438 2 2 0 412 352 415 416
5439 2 2 0 413 417 353 352
5440 2 2 0 413 416 417 352
5441 2 2 0 414 417 354 353
5442 2 2 0 414 354 417 418
5443 2 2 0 415 419 355 354
5444 2 2 0 415 418 419 354
5445 2 2 0 416 419 356 355
5446 2 2 0 416 356 419 420
5447 2 2 0 417 420 357 356
5448 2 2 0 417 357 420 421
5449 2 2 0 418 422 358 357
5450 2 2 0 418 421 422 357
5451 2 2 0 419 422 359 358
5452 2 2 0 419 359 422 423
5453 2 2 0 420 424 360 359
5454 2 2 0 420 423 424 359
5455 2 2 0 421 425 361 360
5456 2 2 0 421 424 425 360
5457 2 2 0 422 425 362 361
5458 2 2 0 422 362 425 426
5459 2 2 0 423 426 363 362
5460 2 2 0 423 363 426 427
5461 2 2 0 424 428 364 363
5462 2 2 0 424 427 428 363
5463 2 2 0 425 428 365 364
5464 2 2 0 425 365 428 429
5465 2 2 0 426 430 366 365
5466 2 2 0 426 429 430 365
5467 2 2 0 427 431 367 366
5468 2 2 0 427 430 431 366
5469 2 2 0 428 431 368 367
5470 2 2 0 428 368 431 432
5471 2 2 0 429 433 369 368
5472 2 2 0 429 432 433 368
5473 2 2 0 430 433 370 369
5474 2 2 0 430 370 433 434
5475 2 2 0 431 435 371 370
5476 2 2 0 431 434 435 370
5477 2 2 0 432 435 372 371
5478 2 2 0 432 372 435 436
5479 2 2 0 433 436 373 372
5480 2 2 0 433 373 436 437
5481 2 2 0 434 438 374 373
5482 2 2 0 434 437 438 373
5483 2 2 0 435 438 375 374
5484 2 2 0 435 375 438 439
5485 2 2 0 436 440 376 375
5486 2 2 0 436 439 440 375
5487 2 2 0 437 441 377 376
5488 2 2 0 437 440 441 376
5489 2 2 0 438 441 378 377
5490 2 2 0 438 378 441 442
5491 2 2 0 439 442 379 378
5492 2 2 0 439 379 442 443
5493 2 2 0 440 444 380 379
5494 2 2 0 440 443 444 379
5495 2 2 0 441 444 381 380
5496 2 2 0 441 381 444 445
5497 2 2 0 442 446 382 381
5498 2 2 0 442 445 446 381
5499 2 2 0 443 447 383 382
5500 2 2 0 443 446 447 382
5501 2 2 0 444 447 384 383
5502 2 2 0 444 384 447 448
5503 2 2 0 445 385 321 384
5504 2 2 0 445 448 385 384
5505 2 2 0 446 449 386 385
5506 2 2 0 446 386 449 450
5507 2 2 0 447 451 387 386
5508 2 2 0 447 450 451 386
5509 2 2 0 448 451 388 387
5510 2 2 0 448 388 451 452
5511 2 2 0 449 453 389 388
5512 2 2 0 449 452 453 388
5513 2 2 0 450 454 390 389
5514 2 2 0 450 453 454 389
5515 2 2 0 451 454 391 390
5516 2 2 0 451 391 454 455
5517 2 2 0 452 455 392 391
5518 2 2 0 452 392 455 456
5519 2 2 0 453 457 393 392
5520 2 2 0 453 456 457 392
5521 2 2 0 454 457 394 393
5522 2 2 0 454 394 457 458
5523 2 2 0 455 459 395 394
5524 2 2 0 455 458 459 394
5525 2 2 0 456 460 396 395
5526 2 2 0 456 459 460 395
5527 2 2 0 457 460 397 396
5528 2 2 0 457 397 460 461
5529 2 2 0 458 461 398 397
5530 2 2 0 458 398 461 462
5531 2 2 0 459 463 399 398
5532 2 2 0 459 462 463 398
5533 2 2 0 460 463 400 399
5534 2 2 0 460 400 463 464
5535 2 2 0 461 465 401 400
5536 2 2 0 461 464 465 400
5537 2 2 0 462 465 402 401
5538 2 2 0 462 402 465 466
5539 2 2 0 463 467 403 402
5540 2 2 0 463 466 467 402
5541 2 2 0 464 467 404 403
5542 2 2 0 464 404 467 468
5543 2 2 0 465 469 405 404
5544 2 2 0 465 468 469 404
5545 2 2 0 466 470 406 405
5546 2 2 0 466 469 470 405
5547 2 2 0 467 470 407 406
5548 2 2 0 467 407 470 471
5549 2 2 0 468 471 408 407
5550 2 2 0 468 408 471 472
5551 2 2 0 469 473 409 408
5552 2 2 0 469 472 473 408
5553 2 2 0 470 473 410 409
5554 2 2 0 470 410 473 474
5555 2 2 0 471 475 411 410
5556 2 2 0 471 474 475 410
5557 2 2 0 472 476 412 411
5558 2 2 0 472 475 476 411
5559 2 2 0 473 476 413 412
5560 2 2 0 473 413 476 477
5561 2 2 0 474 477 414 413
5562 2 2 0 474 414 477 478
5563 2 2 0 475 479 415 414
5564 2 2 0 475 478 479 414
5565 2 2 0 476 479 416 415
5566 2 2 0 476 416 479 480
5567 2 2 0 477 481 417 416
5568 2 2 0 477 480 481 416
5569 2 2 0 478 481 418 417
5570 2 2 0 478 418 481 482
5571 2 2 0 479 483 419 418
5572 2 2 0 479 482 483 418
5573 2 2 0 480 483 420 419
5574 2 2 0 480 420 483 484
5575 2 2 0 481 485 421 420
5576 2 2 0 481 484 485 420
5577 2 2 0 482 486 422 421
5578 2 2 0 482 485 486 421
5579 2 2 0 483 486 423 422
5580 2 2 0 483 423 486 487
5581 2 2 0 484 487 424 423
5582 2 2 0 484 424 487 488
5583 2 2 0 485 489 425 424
5584 2 2 0 485 488 489 424
5585 2 2 0 486 489 426 425
5586 2 2 0 486 426 489 490
5587 2 2 0 487 491 427 426
5588 2 2 0 487 490 491 426
5589 2 2 0 488 492 428 427
5590 2 2 0 488 491 492 427
5591 2 2 0 489 492 429 428
5592 2 2 0 489 429 492 493
5593 2 2 0 490 493 430 429
5594 2 2 0 490 430 493 494
5595 2 2 0 491 495 431 430
5596 2 2 0 491 494 495 430
5597 2 2 0 492 495 432 431
5598 2 2 0 492 432 495 496
5599 2 2 0 493 497 433 432
5600 2 2 0 493 496 497 432
5601 2 2 0 494 497 434 433
5602 2 2 0 494 434 497 498
5603 2 2 0 495 499 435 434
5604 2 2 0 495 498 499 434
5605 2 2 0 496 499 436 435
5606 2 2 0 496 436 499 500
5607 2 2 0 497 501 437 436
5608 2 2 0 497 500 501 436
5609 2 2 0 498 502 438 437
5610 2 2 0 498 501 502 437
5611 2 2 0 499 502 439 438
5612 2 2 0 499 439 502 503
5613 2 2 0 500 503 440 439
5614 2 2 0 500 440 503 504
5615 2 2 0 501 505 441 440
5616 2 2 0 501 504 505 440
5617 2 2 0 502 505 442 441
5618 2 2 0 502 442 505 506
5619 2 2 0 503 507 443 442
5620 2 2 0 503 506 507 442
5621 2 2 0 504 508 444 443
5622 2 2 0 504 507 508 443
5623 2 2 0 505 508 445 444
5624 2 2 0 505 445 508 509
5625 2 2 0 506 509 446 445
5626 2 2 0 506 446 509 510
5627 2 2 0 507 511 447 446
5628 2 2 0 507 510 511 446
5629 2 2 0 508 511 448 447
5630 2 2 0 508 448 511 512
5631 2 2 0 509 449 385 448
5632 2 2 0 509 512 449 448
5633 2 2 0 510 514 450 449
5634 2 2 0 510 513 514 449
5635 2 2 0 511 515 451 450
5636 2 2 0 511 514 515 450
5637 2 2 0 512 515 452 451
5638 2 2 0 512 452 515 516
5639 2 2 0 513 516 453 452
5640 2 2 0 513 453 516 517
5641 2 2 0 514 518 454 453
5642 2 2 0 514 517 518 453
5643 2 2 0 515 518 455 454
5644 2 2 0 515 455 518 519
5645 2 2 0 516 519 456 455
5646 2 2 0 516 456 519 520
5647 2 2 0 517 521 457 456
5648 2 2 0 517 520 521 456
5649 2 2 0 518 521 458 457
5650 2 2 0 518 458 521 522
5651 2 2 0 519 523 459 458
5652 2 2 0 519 522 523 458
5653 2 2 0 520 524 460 459
5654 2 2 0 520 523 524 459
5655 2 2 0 521 524 461 460
5656 2 2 0 521 461 524 525
5657 2 2 0 522 526 462 461
5658 2 2 0 522 525 526 461
5659 2 2 0 523 527 463 462
5660 2 2 0 523 526 527 462
5661 2 2 0 524 527 464 463
5662 2 2 0 524 464 527 528
5663 2 2 0 525 528 465 464
5664 2 2 0 525 465 528 529
5665 2 2 0 526 530 466 465
5666 2 2 0 526 529 530 465
5667 2 2 0 527 531 467 466
5668 2 2 0 527 530 531 466
5669 2 2 0 528 531 468 467
5670 2 2 0 528 468 531 532
5671 2 2 0 529 532 469 468
5672 2 2 0 529 469 532 533
5673 2 2 0 530 534 470 469
5674 2 2 0 530 533 534 469
5675 2 2 0 531 534 471 470
5676 2 2 0 531 471 534 535
5677 2 2 0 532 535 472 471
5678 2 2 0 532 472 535 536
5679 2 2 0 533 537 473 472
5680 2 2 0 533 536 537 472
5681 2 2 0 534 537 474 473
5682 2 2 0 534 474 537 538
5683 2 2 0 535 539 475 474
5684 2 2 0 535 538 539 474
5685 2 2 0 536 540 476 475
5686 2 2 0 536 539 540 475
5687 2 2 0 537 540 477 476
5688 2 2 0 537 477 540 541
5689 2 2 0 538 542 478 477
5690 2 2 0 538 541 542 477
5691 2 2 0 539 543 479 478
5692 2 2 0 539 542 543 478
5693 2 2 0 540 543 480 479
5694 2 2 0 540 480 543 544
5695 2 2 0 541 544 481 480
5696 2 2 0 541 481 544 545
5697 2 2 0 542 546 482 481
5698 2 2 0 542 545 546 481
5699 2 2 0 543 547 483 482
5700 2 2 0 543 546 547 482
5701 2 2 0 544 547 484 483
5702 2 2 0 544 484 547 548
5703 2 2 0 545 548 485 484
5704 2 2 0 545 485 548 549
5705 2 2 0 546 550 486 485
5706 2 2 0 546 549 550 485
5707 2 2 0 547 550 487 486
5708 2 2 0 547 487 550 551
5709 2 2 0 548 551 488 487
5710 2 2 0 548 488 551 552
5711 2 2 0 549 553 489 488
5712 2 2 0 549 552 553 488
5713 2 2 0 550 553 490 489
5714 2 2 0 550 490 553 554
5715 2 2 0 551 555 491 490
5716 2 2 0 551 554 555 490
5717 2 2 0 552 556 492 491
5718 2 2 0 552 555 556 491
5719 2 2 0 553 556 493 492
5720 2 2 0 553 493 556 557
5721 2 2 0 554 558 494 493
5722 2 2 0 554 557 558 493
5723 2 2 0 555 559 495 494
5724 2 2 0 555 558 559 494
5725 2 2 0 556 559 496 495
5726 2 2 0 556 496 559 560
5727 2 2 0 557 560 497 496
5728 2 2 0 557 497 560 561
5729 2 2 0 558 562 498 497
5730 2 2 0 558 561 562 497
5731 2 2 0 559 563 499 498
5732 2 2 0 559 562 563 498
5733 2 2 0 560 563 500 499
5734 2 2 0 560 500 563 564
5735 2 2 0 561 564 501 500
5736 2 2 0 561 501 564 565
5737 2 2 0 562 566 502 501
5738 2 2 0 562 565 566 501
5739 2 2 0 563 566 503 502
5740 2 2 0 563 503 566 567
5741 2 2 0 564 567 504 503
5742 2 2 0 564 504 567 568
5743 2 2 0 565 569 505 504
5744 2 2 0 565 568 569 504
5745 2 2 0 566 569 506 505
5746 2 2 0 566 506 569 570
5747 2 2 0 567 571 507 506
5748 2 2 0 567 570 571 506
5749 2 2 0 568 572 508 507
5750 2 2 0 568 571 572 507
5751 2 2 0 569 572 509 508
5752 2 2 0 569 509 572 573
5753 2 2 0 570 574 510 509
5754 2 2 0 570 573 574 509
5755 2 2 0 571 575 511 510
5756 2 2 0 571 574 575 510
5757 2 2 0 572 575 512 511
5758 2 2 0 572 512 575 576
5759 2 2 0 573 576 449 512
5760 2 2 0 573 513 449 576
5761 2 2 0 574 578 514 513
5762 2 2 0 574 577 578 513
5763 2 2 0 575 578 515 514
5764 2 2 0 575 515 578 579
5765 2 2 0 576 579 516 515
5766 2 2 0 576 516 579 580
5767 2 2 0 577 580 517 516
5768 2 2 0 577 517 580 581
5769 2 2 0 578 582 518 517
5770 2 2 0 578 581 582 517
5771 2 2 0 579 582 519 518
5772 2 2 0 579 519 582 583
5773 2 2 0 580 584 520 519
5774 2 2 0 580 583 584 519
5775 2 2 0 581 585 521 520
5776 2 2 0 581 584 585 520
5777 2 2 0 582 585 522 521
5778 2 2 0 582 522 585 586
5779 2 2 0 583 586 523 522
5780 2 2 0 583 523 586 587
5781 2 2 0 584 588 524 523
5782 2 2 0 584 587 588 523
5783 2 2 0 585 588 525 524
5784 2 2 0 585 525 588 589
5785 2 2 0 586 590 526 525
5786 2 2 0 586 589 590 525
5787 2 2 0 587 591 527 526
5788 2 2 0 587 590 591 526
5789 2 2 0 588 592 528 527
5790 2 2 0 588 591 592 527
5791 2 2 0 589 592 529 528
5792 2 2 0 589 529 592 593
5793 2 2 0 590 594 530 529
5794 2 2 0 590 593 594 529
5795 2 2 0 591 594 531 530
5796 2 2 0 591 531 594 595
5797 2 2 0 592 595 532 531
5798 2 2 0 592 532 595 596
5799 2 2 0 593 596 533 532
5800 2 2 0 593 533 596 597
5801 2 2 0 594 598 534 533
5802 2 2 0 594 597 598 533
5803 2 2 0 595 598 535 534
5804 2 2 0 595 535 598 599
5805 2 2 0 596 600 536 535
5806 2 2 0 596 599 600 535
5807 2 2 0 597 601 537 536
5808 2 2 0 597 600 601 536
5809 2 2 0 598 601 538 537
5810 2 2 0 598 538 601 602
5811 2 2 0 599 602 539 538
5812 2 2 0 599 539 602 603
5813 2 2 0 600 604 540 539
5814 2 2 0 600 603 604 539
5815 2 2 0 601 604 541 540
5816 2 2 0 601 541 604 605
5817 2 2 0 602 606 542 541
5818 2 2 0 602 605 606 541
5819 2 2 0 603 607 543 542
5820 2 2 0 603 606 607 542
5821 2 2 0 604 608 544 543
5822 2 2 0 604 607 608 543
5823 2 2 0 605 608 545 544
5824 2 2 0 605 545 608 609
5825 2 2 0 606 610 546 545
5826 2 2 0 606 609 610 545
5827 2 2 0 607 610 547 546
5828 2 2 0 607 547 610 611
5829 2 2 0 608 611 548 547
5830 2 2 0 608 548 611 612
5831 2 2 0 609 612 549 548
5832 2 2 0 609 549 612 613
5833 2 2 0 610 614 550 549
5834 2 2 0 610 613 614 549
5835 2 2 0 611 614 551 550
5836 2 2 0 611 551 614 615
5837 2 2 0 612 616 552 551
5838 2 2 0 612 615 616 551
5839 2 2 0 613 617 553 552
5840 2 2 0 613 616 617 552
5841 2 2 0 614 617 554 553
5842 2 2 0 614 554 617 618
5843 2 2 0 615 618 555 554
5844 2 2 0 615 555 618 619
5845 2 2 0 616 620 556 555
5846 2 2 0 616 619 620 555
5847 2 2 0 617 620 557 556
5848 2 2 0 617 557 620 621
5849 2 2 0 618 622 558 557
5850 2 2 0 618 621 622 557
5851 2 2 0 619 623 559 558
5852 2 2 0 619 622 623 558
5853 2 2 0 620 624 560 559
5854 2 2 0 620 623 624 559
5855 2 2 0 621 624 561 560
5856 2 2 0 621 561 624 625
5857 2 2 0 622 626 562 561
5858 2 2 0 622 625 626 561
5859 2 2 0 623 626 563 562
5860 2 2 0 623 563 626 627
5861 2 2 0 624 627 564 563
5862 2 2 0 624 564 627 628
5863 2 2 0 625 628 565 564
5864 2 2 0 625 565 628 629
5865 2 2 0 626 630 566 565
5866 2 2 0 626 629 630 565
5867 2 2 0 627 630 567 566
5868 2 2 0 627 567 630 631
5869 2 2 0 628 632 568 567
5870 2 2 0 628 631 632 567
5871 2 2 0 629 633 569 568
5872 2 2 0 629 632 633 568
5873 2 2 0 630 633 570 569
5874 2 2 0 630 570 633 634
5875 2 2 0 631 634 571 570
5876 2 2 0 631 571 634 635
5877 2 2 0 632 636 572 571
5878 2 2 0 632 635 636 571
5879 2 2 0 633 636 573 572
5880 2 2 0 633 573 636 637
5881 2 2 0 634 638 574 573
5882 2 2 0 634 637 638 573
5883 2 2 0 635 639 575 574
5884 2 2 0 635 638 639 574
5885 2 2 0 636 640 576 575
5886 2 2 0 636 639 640 575
5887 2 2 0 637 640 513 576
5888 2 2 0 637 577 513 640
5889 2 2 0 638 641 578 577
5890 2 2 0 638 578 641 642
5891 2 2 0 639 643 579 578
5892 2 2 0 639 642 643 578
5893 2 2 0 640 643 580 579
5894 2 2 0 640 580 643 644
5895 2 2 0 641 645 581 580
5896 2 2 0 641 644 645 580
5897 2 2 0 642 646 582 581
5898 2 2 0 642 645 646 581
5899 2 2 0 643 646 583 582
5900 2 2 0 643 583 646 647
5901 2 2 0 644 648 584 583
5902 2 2 0 644 647 648 583
5903 2 2 0 645 649 585 584
5904 2 2 0 645 648 649 584
5905 2 2 0 646 649 586 585
5906 2 2 0 646 586 649 650
5907 2 2 0 647 650 587 586
5908 2 2 0 647 587 650 651
5909 2 2 0 648 652 588 587
5910 2 2 0 648 651 652 587
5911 2 2 0 649 652 589 588
5912 2 2 0 649 589 652 653
5913 2 2 0 650 653 590 589
5914 2 2 0 650 590 653 654
5915 2 2 0 651 655 591 590
5916 2 2 0 651 654 655 590
5917 2 2 0 652 655 592 591
5918 2 2 0 652 592 655 656
5919 2 2 0 653 657 593 592
5920 2 2 0 653 656 657 592
5921 2 2 0 654 657 594 593
5922 2 2 0 654 594 657 658
5923 2 2 0 655 659 595 594
5924 2 2 0 655 658 659 594
5925 2 2 0 656 659 596 595
5926 2 2 0 656 596 659 660
5927 2 2 0 657 661 597 596
5928 2 2 0 657 660 661 596
5929 2 2 0 658 662 598 597
5930 2 2 0 658 661 662 597
5931 2 2 0 659 662 599 598
5932 2 2 0 659 599 662 663
5933 2 2 0 660 664 600 599
5934 2 2 0 660 663 664 599
5935 2 2 0 661 665 601 600
5936 2 2 0 661 664 665 600
5937 2 2 0 662 665 602 601
5938 2 2 0 662 602 665 666
5939 2 2 0 663 666 603 602
5940 2 2 0 663 603 666 667
5941 2 2 0 664 668 604 603
5942 2 2 0 664 667 668 603
5943 2 2 0 665 668 605 604
5944 2 2 0 665 605 668 669
5945 2 2 0 666 669 606 605
5946 2 2 0 666 606 669 670
5947 2 2 0 667 671 607 606
5948 2 2 0 667 670 671 606
5949 2 2 0 668 671 608 607
5950 2 2 0 668 608 671 672
5951 2 2 0 669 673 609 608
5952 2 2 0 669 672 673 608
5953 2 2 0 670 673 610 609
5954 2 2 0 670 610 673 674
5955 2 2 0 671 675 611 610
5956 2 2 0 671 674 675 610
5957 2 2 0 672 675 612 611
5958 2 2 0 672 612 675 676
5959 2 2 0 673 677 613 612
5960 2 2 0 673 676 677 612
5961 2 2 0 674 678 614 613
5962 2 2 0 674 677 678 613
5963 2 2 0 675 678 615 614
5964 2 2 0 675 615 678 679
5965 2 2 0 676 680 616 615
5966 2 2 0 676 679 680 615
5967 2 2 0 677 681 617 616
5968 2 2 0 677 680 681 616
5969 2 2 0 678 681 618 617
5970 2 2 0 678 618 681 682
5971 2 2 0 679 682 619 618
5972 2 2 0 679 619 682 683
5973 2 2 0 680 684 620 619
5974 2 2 0 680 683 684 619
5975 2 2 0 681 684 621 620
5976 2 2 0 681 621 684 685
5977 2 2 0 682 685 622 621
5978 2 2 0 682 622 685 686
5979 2 2 0 683 687 623 622
5980 2 2 0 683 686 687 622
5981 2 2 0 684 687 624 623
5982 2 2 0 684 624 687 688
5983 2 2 0 685 689 625 624
5984 2 2 0 685 688 689 624
5985 2 2 0 686 689 626 625
5986 2 2 0 686 626 689 690
5987 2 2 0 687 691 627 626
5988 2 2 0 687 690 691 626
5989 2 2 0 688 691 628 627
5990 2 2 0 688 628 691 692
5991 2 2 0 689 693 629 628
5992 2 2 0 689 692 693 628
5993 2 2 0 690 694 630 629
5994 2 2 0 690 693 694 629
5995 2 2 0 691 694 631 630
5996 2 2 0 691 631 694 695
5997 2 2 0 692 696 632 631
5998 2 2 0 692 695 696 631
5999 2 2 0 693 697 633 632
6000 2 2 0 693 696 697 632
6001 2 2 0 694 697 634 633
6002 2 2 0 694 634 697 698
6003 2 2 0 695 698 635 634
6004 2 2 0 695 635 698 699
6005 2 2 0 696 700 636 635
6006 2 2 0 696 699 700 635
6007 2 2 0 697 700 637 636
6008 2 2 0 697 637 700 701
6009 2 2 0 698 701 638 637
6010 2 2 0 698 638 701 702
6011 2 2 0 699 703 639 638
6012 2 2 0 699 702 703 638
6013 2 2 0 700 703 640 639
6014 2 2 0 700 640 703 704
6015 2 2 0 701 641 577 640
6016 2 2 0 701 704 641 640
6017 2 2 0 702 705 642 641
6018 2 2 0 702 642 705 706
6019 2 2 0 703 706 643 642
6020 2 2 0 703 643 706 707
6021 2 2 0 704 707 644 643
6022 2 2 0 704 644 707 708
6023 2 2 0 705 709 645 644
6024 2 2 0 705 708 709 644
6025 2 2 0 706 710 646 645
6026 2 2 0 706 709 710 645
6027 2 2 0 707 710 647 646
6028 2 2 0 707 647 710 711
6029 2 2 0 708 712 648 647
6030 2 2 0 708 711 712 647
6031 2 2 0 709 712 649 648
6032 2 2 0 709 649 712 713
6033 2 2 0 710 714 650 649
6034 2 2 0 710 713 714 649
6035 2 2 0 711 714 651 650
6036 2 2 0 711 651 714 715
6037 2 2 0 712 716 652 651
6038 2 2 0 712 715 716 651
6039 2 2 0 713 716 653 652
6040 2 2 0 713 653 716 717
6041 2 2 0 714 717 654 653
6042 2 2 0 714 654 717 718
6043 2 2 0 715 719 655 654
6044 2 2 0 715 718 719 654
6045 2 2 0 716 720 656 655
6046 2 2 0 716 719 720 655
6047 2 2 0 717 721 657 656
6048 2 2 0 717 720 721 656
6049 2 2 0 718 721 658 657
6050 2 2 0 718 658 721 722
6051 2 2 0 719 722 659 658
6052 2 2 0 719 659 722 723
6053 2 2 0 720 723 660 659
6054 2 2 0 720 660 723 724
6055 2 2 0 721 725 661 660
6056 2 2 0 721 724 725 660
6057 2 2 0 722 726 662 661
6058 2 2 0 722 725 726 661
6059 2 2 0 723 726 663 662
6060 2 2 0 723 663 726 727
6061 2 2 0 724 728 664 663
6062 2 2 0 724 727 728 663
6063 2 2 0 725 728 665 664
6064 2 2 0 725 665 728 729
6065 2 2 0 726 730 666 665
6066 2 2 0 726 729 730 665
6067 2 2 0 727 730 667 666
6068 2 2 0 727 667 730 731
6069 2 2 0 728 732 668 667
6070 2 2 0 728 731 732 667
6071 2 2 0 729 732 669 668
6072 2 2 0 729 669 732 733
6073 2 2 0 730 733 670 669
6074 2 2 0 730 670 733 734
6075 2 2 0 731 735 671 670
6076 2 2 0 731 734 735 670
6077 2 2 0 732 736 672 671
6078 2 2 0 732 735 736 671
6079 2 2 0 733 737 673 672
6080 2 2 0 733 736 737 672
6081 2 2 0 734 737 674 673
6082 2 2 0 734 674 737 738
6083 2 2 0 735 738 675 674
6084 2 2 0 735 675 738 739
6085 2 2 0 736 739 676 675
6086 2 2 0 736 676 739 740
6087 2 2 0 737 741 677 676
6088 2 2 0 737 740 741 676
6089 2 2 0 738 742 678 677
6090 2 2 0 738 741 742 677
6091 2 2 0 739 742 679 678
6092 2 2 0 739 679 742 743
6093 2 2 0 740 744 680 679
6094 2 2 0 740 743 744 679
6095 2 2 0 741 744 681 680
6096 2 2 0 741 681 744 745
6097 2 2 0 742 746 682 681
6098 2 2 0 742 745 746 681
6099 2 2 0 743 746 683 682
6100 2 2 0 743 683 746 747
6101 2 2 0 744 748 684 683
6102 2 2 0 744 747 748 683
6103 2 2 0 745 748 685 684
6104 2 2 0 745 685 748 749
6105 2 2 0 746 749 686 685
6106 2 2 0 746 686 749 750
6107 2 2 0 747 751 687 686
6108 2 2 0 747 750 751 686
6109 2 2 0 748 752 688 687
6110 2 2 0 748 751 752 687
6111 2 2 0 749 753 689 688
6112 2 2 0 749 752 753 688
6113 2 2 0 750 753 690 689
6114 2 2 0 750 690 753 754
6115 2 2 0 751 754 691 690
6116 2 2 0 751 691 754 755
6117 2 2 0 752 755 692 691
6118 2 2 0 752 692 755 756
6119 2 2 0 753 757 693 692
6120 2 2 0 753 756 757 692
6121 2 2 0 754 758 694 693
6122 2 2 0 754 757 758 693
6123 2 2 0 755 758 695 694
6124 2 2 0 755 695 758 759
6125 2 2 0 756 760 696 695
6126 2 2 0 756 759 760 695
6127 2 2 0 757 760 697 696
6128 2 2 0 757 697 760 761
6129 2 2 0 758 762 698 697
6130 2 2 0 758 761 762 697
6131 2 2 0 759 762 699 698
6132 2 2 0 759 699 762 763
6133 2 2 0 760 764 700 699
6134 2 2 0 760 763 764 699
6135 2 2 0 761 764 701 700
6136 2 2 0 761 701 764 765
6137 2 2 0 762 765 702 701
6138 2 2 0 762 702 765 766
6139 2 2 0 763 767 703 702
6140 2 2 0 763 766 767 702
6141 2 2 0 764 768 704 703
6142 2 2 0 764 767 768 703
6143 2 2 0 765 705 641 704
6144 2 2 0 765 768 705 704
6145 2 2 0 766 769 706 705
6146 2 2 0 766 706 769 770
6147 2 2 0 767 770 707 706
6148 2 2 0 767 707 770 771
6149 2 2 0 768 772 708 707
6150 2 2 0 768 771 772 707
6151 2 2 0 769 772 709 708
6152 2 2 0 769 709 772 773
6153 2 2 0 770 774 710 709
6154 2 2 0 770 773 774 709
6155 2 2 0 771 774 711 710
6156 2 2 0 771 711 774 775
6157 2 2 0 772 776 712 711
6158 2 2 0 772 775 776 711
6159 2 2 0 773 776 713 712
6160 2 2 0 773 713 776 777
6161 2 2 0 774 778 714 713
6162 2 2 0 774 777 778 713
6163 2 2 0 775 778 715 714
6164 2 2 0 775 715 778 779
6165 2 2 0 776 780 716 715
6166 2 2 0 776 779 780 715
6167 2 2 0 777 780 717 716
6168 2 2 0 777 717 780 781
6169 2 2 0 778 782 718 717
6170 2 2 0 778 781 782 717
6171 2 2 0 779 782 719 718
6172 2 2 0 779 719 782 783
6173 2 2 0 780 784 720 719
6174 2 2 0 780 783 784 719
6175 2 2 0 781 785 721 720
6176 2 2 0 781 784 785 720
6177 2 2 0 782 785 722 721
6178 2 2 0 782 722 785 786
6179 2 2 0 783 786 723 722
6180 2 2 0 783 723 786 787
6181 2 2 0 784 788 724 723
6182 2 2 0 784 787 788 723
6183 2 2 0 785 788 725 724
6184 2 2 0 785 725 788 789
6185 2 2 0 786 790 726 725
6186 2 2 0 786 789 790 725
6187 2 2 0 787 790 727 726
6188 2 2 0 787 727 790 791
6189 2 2 0 788 792 728 727
6190 2 2 0 788 791 792 727
6191 2 2 0 789 792 729 728
6192 2 2 0 789 729 792 793
6193 2 2 0 790 794 730 729
6194 2 2 0 790 793 794 729
6195 2 2 0 791 794 731 730
6196 2 2 0 791 731 794 795
6197 2 2 0 792 796 732 731
6198 2 2 0 792 795 796 731
6199 2 2 0 793 796 733 732
6200 2 2 0 793 733 796 797
6201 2 2 0 794 798 734 733
6202 2 2 0 794 797 798 733
6203 2 2 0 795 798 735 734
6204 2 2 0 795 735 798 799
6205 2 2 0 796 800 736 735
6206 2 2 0 796 799 800 735
6207 2 2 0 797 801 737 736
6208 2 2 0 797 800 801 736
6209 2 2 0 798 801 738 737
6210 2 2 0 798 738 801 802
6211 2 2 0 799 802 739 738
6212 2 2 0 799 739 802 803
6213 2 2 0 800 804 740 739
6214 2 2 0 800 803 804 739
6215 2 2 0 801 804 741 740
6216 2 2 0 801 741 804 805
6217 2 2 0 802 806 742 741
6218 2 2 0 802 805 806 741
6219 2 2 0 803 806 743 742
6220 2 2 0 803 743 806 807
6221 2 2 0 804 808 744 743
6222 2 2 0 804 807 808 743
6223 2 2 0 805 808 745 744
6224 2 2 0 805 745 808 809
6225 2 2 0 806 810 746 745
6226 2 2 0 806 809 810 745
6227 2 2 0 807 810 747 746
6228 2 2 0 807 747 810 811
6229 2 2 0 808 812 748 747
6230 2 2 0 808 811 812 747
6231 2 2 0 809 812 749 748
6232 2 2 0 809 749 812 813
6233 2 2 0 810 814 750 749
6234 2 2 0 810 813 814 749
6235 2 2 0 811 814 751 750
6236 2 2 0 811 751 814 815
6237 2 2 0 812 816 752 751
6238 2 2 0 812 815 816 751
6239 2 2 0 813 817 753 752
6240 2 2 0 813 816 817 752
6241 2 2 0 814 817 754 753
6242 2 2 0 814 754 817 818
6243 2 2 0 815 818 755 754
6244 2 2 0 815 755 818 819
6245 2 2 0 816 820 756 755
6246 2 2 0 816 819 820 755
6247 2 2 0 817 820 757 756
6248 2 2 0 817 757 820 821
6249 2 2 0 818 822 758 757
6250 2 2 0 818 821 822 757
6251 2 2 0 819 822 759 758
6252 2 2 0 819 759 822 823
6253 2 2 0 820 824 760 759
6254 2 2 0 820 823 824 759
6255 2 2 0 821 824 761 760
6256 2 2 0 821 761 824 825
6257 2 2 0 822 826 762 761
6258 2 2 0 822 825 826 761
6259 2 2 0 823 826 763 762
6260 2 2 0 823 763 826 827
6261 2 2 0 824 828 764 763
6262 2 2 0 824 827 828 763
6263 2 2 0 825 828 765 764
6264 2 2 0 825 765 828 829
6265 2 2 0 826 830 766 765
6266 2 2 0 826 829 830 765
6267 2 2 0 827 830 767 766
6268 2 2 0 827 767 830 831
6269 2 2 0 828 832 768 767
6270 2 2 0 828 831 832 767
6271 2 2 0 829 769 705 768
6272 2 2 0 829 832 769 768
6273 2 2 0 830 833 834 1601
6274 2 2 0 830 770 769 1601
6275 2 2 0 830 769 833 1601
6276 2 2 0 830 834 770 1601
6277 2 2 0 831 834 835 1602
6278 2 2 0 831 771 770 1602
6279 2 2 0 831 770 834 1602
6280 2 2 0 831 835 771 1602
6281 2 2 0 832 835 836 1603
6282 2 2 0 832 772 771 1603
6283 2 2 0 832 771 835 1603
6284 2 2 0 832 836 772 1603
6285 2 2 0 833 836 837 1604
6286 2 2 0 833 773 772 1604
6287 2 2 0 833 772 836 1604
6288 2 2 0 833 837 773 1604
6289 2 2 0 834 837 838 1605
6290 2 2 0 834 774 773 1605
6291 2 2 0 834 773 837 1605
6292 2 2 0 834 838 774 1605
6293 2 2 0 835 838 839 1606
6294 2 2 0 835 775 774 1606
6295 2 2 0 835 774 838 1606
6296 2 2 0 835 839 775 1606
6297 2 2 0 836 839 840 1607
6298 2 2 0 836 776 775 1607
6299 2 2 0 836 775 839 1607
6300 2 2 0 836 840 776 1607
6301 2 2 0 837 840 841 1608
6302 2 2 0 837 777 776 1608
6303 2 2 0 837 776 840 1608
6304 2 2 0 837 841 777 1608
6305 2 2 0 838 841 842 1609
6306 2 2 0 838 778 777 1609
6307 2 2 0 838 777 841 1609
6308 2 2 0 838 842 778 1609
6309 2 2 0 839 842 843 1610
6310 2 2 0 839 779 778 1610
6311 2 2 0 839 778 842 1610
6312 2 2 0 839 843 779 1610
6313 2 2 0 840 843 844 1611
6314 2 2 0 840 780 779 1611
6315 2 2 0 840 779 843 1611
6316 2 2 0 840 844 780 1611
6317 2 2 0 841 844 845 1612
6318 2 2 0 841 781 780 1612
6319 2 2 0 841 780 844 1612
6320 2 2 0 841 845 781 1612
6321 2 2 0 842 845 846 1613
6322 2 2 0 842 782 781 1613
6323 2 2 0 842 781 845 1613
6324 2 2 0 842 846 782 1613
6325 2 2 0 843 846 847 1614
6326 2 2 0 843 783 782 1614
6327 2 2 0 843 782 846 1614
6328 2 2 0 843 847 783 1614
6329 2 2 0 844 847 848 1615
6330 2 2 0 844 784 783 1615
6331 2 2 0 844 783 847 1615
6332 2 2 0 844 848 784 1615
6333 2 2 0 845 848 849 1616
6334 2 2 0 845 785 784 1616
6335 2 2 0 845 784 848 1616
6336 2 2 0 845 849 785 1616
6337 2 2 0 846 849 850 1617
6338 2 2 0 846 786 785 1617
6339 2 2 0 846 785 849 1617
6340 2 2 0 846 850 786 1617
6341 2 2 0 847 850 851 1618
6342 2 2 0 847 787 786 1618
6343 2 2 0 847 786 850 1618
6344 2 2 0 847 851 787 1618
6345 2 2 0 848 851 852 1619
6346 2 2 0 848 788 787 1619
6347 2 2 0 848 787 851 1619
6348 2 2 0 848 852 788 1619
6349 2 2 0 849 852 853 1620
6350 2 2 0 849 789 788 1620
6351 2 2 0 849 788 852 1620
6352 2 2 0 849 853 789 1620
6353 2 2 0 850 853 854 1621
6354 2 2 0 850 790 789 1621
6355 2 2 0 850 789 853 1621
6356 2 2 0 850 854 790 1621
6357 2 2 0 851 854 855 1622
6358 2 2 0 851 791 790 1622
6359 2 2 0 851 790 854 1622
6360 2 2 0 851 855 791 1622
6361 2 2 0 852 855 856 1623
6362 2 2 0 852 792 791 1623
6363 2 2 0 852 791 855 1623
6364 2 2 0 852 856 792 1623
6365 2 2 0 853 856 857 1624
6366 2 2 0 853 793 792 1624
6367 2 2 0 853 792 856 1624
6368 2 2 0 853 857 793 1624
6369 2 2 0 854 857 858 1625
6370 2 2 0 854 794 793 1625
6371 2 2 0 854 793 857 1625
6372 2 2 0 854 858 794 1625
6373 2 2 0 855 858 859 1626
6374 2 2 0 855 795 794 1626
6375 2 2 0 855 794 858 1626
6376 2 2 0 855 859 795 1626
6377 2 2 0 856 859 860 1627
6378 2 2 0 856 796 795 1627
6379 2 2 0 856 795 859 1627
6380 2 2 0 856 860 796 1627
6381 2 2 0 857 860 861 1628
6382 2 2 0 857 797 796 1628
6383 2 2 0 857 796 860 1628
6384 2 2 0 857 861 797 1628
6385 2 2 0 858 861 862 1629
6386 2 2 0 858 798 797 1629
6387 2 2 0 858 797 861 1629
6388 2 2 0 858 862 798 1629
6389 2 2 0 859 862 863 1630
6390 2 2 0 859 799 798 1630
6391 2 2 0 859 798 862 1630
6392 2 2 0 859 863 799 1630
6393 2 2 0 860 863 864 1631
6394 2 2 0 860 800 799 1631
6395 2 2 0 860 799 863 1631
6396 2 2 0 860 864 800 1631
6397 2 2 0 861 864 865 1632
6398 2 2 0 861 801 800 1632
6399 2 2 0 861 800 864 1632
6400 2 2 0 861 865 801 1632
6401 2 2 0 862 865 866 1633
6402 2 2 0 862 802 801 1633
6403 2 2 0 862 801 865 1633
6404 2 2 0 862 866 802 1633
6405 2 2 0 863 866 867 1634
6406 2 2 0 863 803 802 1634
6407 2 2 0 863 802 866 1634
6408 2 2 0 863 867 803 1634
6409 2 2 0 864 867 868 1635
6410 2 2 0 864 804 803 1635
6411 2 2 0 864 803 867 1635
6412 2 2 0 864 868 804 1635
6413 2 2 0 865 868 869 1636
6414 2 2 0 865 805 804 1636
6415 2 2 0 865 804 868 1636
6416 2 2 0 865 869 805 1636
6417 2 2 0 866 869 870 1637
6418 2 2 0 866 806 805 1637
6419 2 2 0 866 805 869 1637
6420 2 2 0 866 870 806 1637
6421 2 2 0 867 870 871 1638
6422 2 2 0 867 807 806 1638
6423 2 2 0 867 806 870 1638
6424 2 2 0 867 871 807 1638
6425 2 2 0 868 871 872 1639
6426 2 2 0 868 808 807 1639
6427 2 2 0 868 807 871 1639
6428 2 2 0 868 872 808 1639
6429 2 2 0 869 872 873 1640
6430 2 2 0 869 809 808 1640
6431 2 2 0 869 808 872 1640
6432 2 2 0 869 873 809 1640
6433 2 2 0 870 873 874 1641
6434 2 2 0 870 810 809 1641
6435 2 2 0 870 809 873 1641
6436 2 2 0 870 874 810 1641
6437 2 2 0 871 874 875 1642
6438 2 2 0 871 811 810 1642
6439 2 2 0 871 810 874 1642
6440 2 2 0 871 875 811 1642
6441 2 2 0 872 875 876 1643
6442 2 2 0 872 812 811 1643
6443 2 2 0 872 811 875 1643
6444 2 2 0 872 876 812 1643
6445 2 2 0 873 876 877 1644
6446 2 2 0 873 813 812 1644
6447 2 2 0 873 812 876 1644
6448 2 2 0 873 877 813 1644
6449 2 2 0 874 877 878 1645
6450 2 2 0 874 814 813 1645
6451 2 2 0 874 813 877 1645
6452 2 2 0 874 878 814 1645
6453 2 2 0 875 878 879 1646
6454 2 2 0 875 815 814 1646
6455 2 2 0 875 814 878 1646
6456 2 2 0 875 879 815 1646
6457 2 2 0 876 879 880 1647
6458 2 2 0 876 816 815 1647
6459 2 2 0 876 815 879 1647
6460 2 2 0 876 880 816 1647
6461 2 2 0 877 880 881 1648
6462 2 2 0 877 817 816 1648
6463 2 2 0 877 816 880 1648
6464 2 2 0 877 881 817 1648
6465 2 2 0 878 881 882 1649
6466 2 2 0 878 818 817 1649
6467 2 2 0 878 817 881 1649
6468 2 2 0 878 882 818 1649
6469 2 2 0 879 882 883 1650
6470 2 2 0 879 819 818 1650
6471 2 2 0 879 818 882 1650
6472 2 2 0 879 883 819 1650
6473 2 2 0 880 883 884 1651
6474 2 2 0 880 820 819 1651
6475 2 2 0 880 819 883 1651
6476 2 2 0 880 884 820 1651
6477 2 2 0 881 884 885 1652
6478 2 2 0 881 821 820 1652
6479 2 2 0 881 820 884 1652
6480 2 2 0 881 885 821 1652
6481 2 2 0 882 885 886 1653
6482 2 2 0 882 822 821 1653
6483 2 2 0 882 821 885 1653
6484 2 2 0 882 886 822 1653
6485 2 2 0 883 886 887 1654
6486 2 2 0 883 823 822 1654
6487 2 2 0 883 822 886 1654
6488 2 2 0 883 887 823 1654
6489 2 2 0 884 887 888 1655
6490 2 2 0 884 824 823 1655
6491 2 2 0 884 823 887 1655
6492 2 2 0 884 888 824 1655
6493 2 2 0 885 888 889 1656
6494 2 2 0 885 825 824 1656
6495 2 2 0 885 824 888 1656
6496 2 2 0 885 889 825 1656
6497 2 2 0 886 889 890 1657
6498 2 2 0 886 826 825 1657
6499 2 2 0 886 825 889 1657
6500 2 2 0 886 890 826 1657
6501 2 2 0 887 890 891 1658
6502 2 2 0 887 827 826 1658
6503 2 2 0 887 826 890 1658
6504 2 2 0 887 891 827 1658
6505 2 2 0 888 891 892 1659
6506 2 2 0 888 828 827 1659
6507 2 2 0 888 827 891 1659
6508 2 2 0 888 892 828 1659
6509 2 2 0 889 892 893 1660
6510 2 2 0 889 829 828 1660
6511 2 2 0 889 828 892 1660
6512 2 2 0 889 893 829 1660
6513 2 2 0 890 893 894 1661
6514 2 2 0 890 830 829 1661
6515 2 2 0 890 829 893 1661
6516 2 2 0 890 894 830 1661
6517 2 2 0 891 894 895 1662
6518 2 2 0 891 831 830 1662
6519 2 2 0 891 830 894 1662
6520 2 2 0 891 895 831 1662
6521 2 2 0 892 895 896 1663
6522 2 2 0 892 832 831 1663
6523 2 2 0 892 831 895 1663
6524 2 2 0 892 896 832 1663
6525 2 2 0 893 896 833 1664
6526 2 2 0 893 769 832 1664
6527 2 2 0 893 833 769 1664
6528 2 2 0 893 832 896 1664
6529 2 2 0 894 897 898 1665
6530 2 2 0 894 834 833 1665
6531 2 2 0 894 833 897 1665
6532 2 2 0 894 898 834 1665
6533 2 2 0 895 898 899 1666
6534 2 2 0 895 835 834 1666
6535 2 2 0 895 834 898 1666
6536 2 2 0 895 899 835 1666
6537 2 2 0 896 899 900 1667
6538 2 2 0 896 836 835 1667
6539 2 2 0 896 835 899 1667
6540 2 2 0 896 900 836 1667
6541 2 2 0 897 900 901 1668
6542 2 2 0 897 837 836 1668
6543 2 2 0 897 836 900 1668
6544 2 2 0 897 901 837 1668
6545 2 2 0 898 901 902 1669
6546 2 2 0 898 838 837 1669
6547 2 2 0 898 837 901 1669
6548 2 2 0 898 902 838 1669
6549 2 2 0 899 902 903 1670
6550 2 2 0 899 839 838 1670
6551 2 2 0 899 838 902 1670
6552 2 2 0 899 903 839 1670
6553 2 2 0 900 903 904 1671
6554 2 2 0 900 840 839 1671
6555 2 2 0 900 839 903 1671
6556 2 2 0 900 904 840 1671
6557 2 2 0 901 904 905 1672
6558 2 2 0 901 841 840 1672
6559 2 2 0 901 840 904 1672
6560 2 2 0 901 905 841 1672
6561 2 2 0 902 905 906 1673
6562 2 2 0 902 842 841 1673
6563 2 2 0 902 841 905 1673
6564 2 2 0 902 906 842 1673
6565 2 2 0 903 906 907 1674
6566 2 2 0 903 843 842 1674
6567 2 2 0 903 842 906 1674
6568 2 2 0 903 907 843 1674
6569 2 2 0 904 907 908 1675
6570 2 2 0 904 844 843 1675
6571 2 2 0 904 843 907 1675
6572 2 2 0 904 908 844 1675
6573 2 2 0 905 908 909 1676
6574 2 2 0 905 845 844 1676
6575 2 2 0 905 844 908 1676
6576 2 2 0 905 909 845 1676
6577 2 2 0 906 909 910 1677
6578 2 2 0 906 846 845 1677
6579 2 2 0 906 845 909 1677
6580 2 2 0 906 910 846 1677
6581 2 2 0 907 910 911 1678
6582 2 2 0 907 847 846 1678
6583 2 2 0 907 846 910 1678
6584 2 2 0 907 911 847 1678
6585 2 2 0 908 911 912 1679
6586 2 2 0 908 848 847 1679
6587 2 2 0 908 847 911 1679
6588 2 2 0 908 912 848 1679
6589 2 2 0 909 912 913 1680
6590 2 2 0 909 849 848 1680
6591 2 2 0 909 848 912 1680
6592 2 2 0 909 913 849 1680
6593 2 2 0 910 913 914 1681
6594 2 2 0 910 850 849 1681
6595 2 2 0 910 849 913 1681
6596 2 2 0 910 914 850 1681
6597 2 2 0 911 914 915 1682
6598 2 2 0 911 851 850 1682
6599 2 2 0 911 850 914 1682
6600 2 2 0 911 915 851 1682
6601 2 2 0 912 915 916 1683
6602 2 2 0 912 852 851 1683
6603 2 2 0 912 851 915 1683
6604 2 2 0 912 916 852 1683
6605 2 2 0 913 916 917 1684
6606 2 2 0 913 853 852 1684
6607 2 2 0 913 852 916 1684
6608 2 2 0 913 917 853 1684
6609 2 2 0 914 917 918 1685
6610 2 2 0 914 854 853 1685
6611 2 2 0 914 853 917 1685
6612 2 2 0 914 918 854 1685
6613 2 2 0 915 918 919 1686
6614 2 2 0 915 855 854 1686
6615 2 2 0 915 854 918 1686
6616 2 2 0 915 919 855 1686
6617 2 2 0 916 919 920 1687
6618 2 2 0 916 856 855 1687
6619 2 2 0 916 855 919 1687
6620 2 2 0 916 920 856 1687
6621 2 2 0 917 920 921 1688
6622 2 2 0 917 857 856 1688
6623 2 2 0 917 856 920 1688
6624 2 2 0 917 921 857 1688
6625 2 2 0 918 921 922 1689
6626 2 2 0 918 858 857 1689
6627 2 2 0 918 857 921 1689
6628 2 2 0 918 922 858 1689
6629 2 2 0 919 922 923 1690
6630 2 2 0 919 859 858 1690
6631 2 2 0 919 858 922 1690
6632 2 2 0 919 923 859 1690
6633 2 2 0 920 923 924 1691
6634 2 2 0 920 860 859 1691
6635 2 2 0 920 859 923 1691
6636 2 2 0 920 924 860 1691
6637 2 2 0 921 924 925 1692
6638 2 2 0 921 861 860 1692
6639 2 2 0 921 860 924 1692
6640 2 2 0 921 925 861 1692
6641 2 2 0 922 925 926 1693
6642 2 2 0 922 862 861 1693
6643 2 2 0 922 861 925 1693
6644 2 2 0 922 926 862 1693
6645 2 2 0 923 926 927 1694
6646 2 2 0 923 863 862 1694
6647 2 2 0 923 862 926 1694
6648 2 2 0 923 927 863 1694
6649 2 2 0 924 927 928 1695
6650 2 2 0 924 864 863 1695
6651 2 2 0 924 863 927 1695
6652 2 2 0 924 928 864 1695
6653 2 2 0 925 928 929 1696
6654 2 2 0 925 865 864 1696
6655 2 2 0 925 864 928 1696
6656 2 2 0 925 929 865 1696
6657 2 2 0 926 929 930 1697
6658 2 2 0 926 866 865 1697
6659 2 2 0 926 865 929 1697
6660 2 2 0 926 930 866 1697
6661 2 2 0 927 930 931 1698
6662 2 2 0 927 867 866 1698
6663 2 2 0 927 866 930 1698
6664 2 2 0 927 931 867 1698
6665 2 2 0 928 931 932 1699
6666 2 2 0 928 868 867 1699
6667 2 2 0 928 867 931 1699
6668 2 2 0 928 932 868 1699
6669 2 2 0 929 932 933 1700
6670 2 2 0 929 869 868 1700
6671 2 2 0 929 868 932 1700
6672 2 2 0 929 933 869 1700
6673 2 2 0 930 933 934 1701
6674 2 2 0 930 870 869 1701
6675 2 2 0 930 869 933 1701
6676 2 2 0 930 934 870 1701
6677 2 2 0 931 934 935 1702
6678 2 2 0 931 871 870 1702
6679 2 2 0 931 870 934 1702
6680 2 2 0 931 935 871 1702
6681 2 2 0 932 935 936 1703
6682 2 2 0 932 872 871 1703
6683 2 2 0 932 871 935 1703
6684 2 2 0 932 936 872 1703
6685 2 2 0 933 936 937 1704
6686 2 2 0 933 873 872 1704
6687 2 2 0 933 872 936 1704
6688 2 2 0 933 937 873 1704
6689 2 2 0 934 937 938 1705
6690 2 2 0 934 874 873 1705
6691 2 2 0 934 873 937 1705
6692 2 2 0 934 938 874 1705
6693 2 2 0 935 938 939 1706
6694 2 2 0 935 875 874 1706
6695 2 2 0 935 874 938 1706
6696 2 2 0 935 939 875 1706
6697 2 2 0 936 939 940 1707
6698 2 2 0 936 876 875 1707
6699 2 2 0 936 875 939 1707
6700 2 2 0 936 940 876 1707
6701 2 2 0 937 940 941 1708
6702 2 2 0 937 877 876 1708
6703 2 2 0 937 876 940 1708
6704 2 2 0 937 941 877 1708
6705 2 2 0 938 941 942 1709
6706 2 2 0 938 878 877 1709
6707 2 2 0 938 877 941 1709
6708 2 2 0 938 942 878 1709
6709 2 2 0 939 942 943 1710
6710 2 2 0 939 879 878 1710
6711 2 2 0 939 878 942 1710
6712 2 2 0 939 943 879 1710
6713 2 2 0 940 943 944 1711
6714 2 2 0 940 880 879 1711
6715 2 2 0 940 879 943 1711
6716 2 2 0 940 944 880 1711
6717 2 2 0 941 944 945 1712
6718 2 2 0 941 881 880 1712
6719 2 2 0 941 880 944 1712
6720 2 2 0 941 945 881 1712
6721 2 2 0 942 945 946 1713
6722 2 2 0 942 882 881 1713
6723 2 2 0 942 881 945 1713
6724 2 2 0 942 946 882 1713
6725 2 2 0 943 946 947 1714
6726 2 2 0 943 883 882 1714
6727 2 2 0 943 882 946 1714
6728 2 2 0 943 947 883 1714
6729 2 2 0 944 947 948 1715
6730 2 2 0 944 884 883 1715
6731 2 2 0 944 883 947 1715
6732 2 2 0 944 948 884 1715
6733 2 2 0 945 948 949 1716
6734 2 2 0 945 885 884 1716
6735 2 2 0 945 884 948 1716
6736 2 2 0 945 949 885 1716
6737 2 2 0 946 949 950 1717
6738 2 2 0 946 886 885 1717
6739 2 2 0 946 885 949 1717
6740 2 2 0 946 950 886 1717
6741 2 2 0 947 950 951 1718
6742 2 2 0 947 887 886 1718
6743 2 2 0 947 886 950 1718
6744 2 2 0 947 951 887 1718
6745 2 2 0 948 951 952 1719
6746 2 2 0 948 888 887 1719
6747 2 2 0 948 887 951 1719
6748 2 2 0 948 952 888 1719
6749 2 2 0 949 952 953 1720
6750 2 2 0 949 889 888 1720
6751 2 2 0 949 888 952 1720
6752 2 2 0 949 953 889 1720
6753 2 2 0 950 953 954 1721
6754 2 2 0 950 890 889 1721
6755 2 2 0 950 889 953 1721
6756 2 2 0 950 954 890 1721
6757 2 2 0 951 954 955 1722
6758 2 2 0 951 891 890 1722
6759 2 2 0 951 890 954 1722
6760 2 2 0 951 955 891 1722
6761 2 2 0 952 955 956 1723
6762 2 2 0 952 892 891 1723
6763 2 2 0 952 891 955 1723
6764 2 2 0 952 956 892 1723
6765 2 2 0 953 956 957 1724
6766 2 2 0 953 893 892 1724
6767 2 2 0 953 892 956 1724
6768 2 2 0 953 957 893 1724
6769 2 2 0 954 957 958 1725
6770 2 2 0 954 894 893 1725
6771 2 2 0 954 893 957 1725
6772 2 2 0 954 958 894 1725
6773 2 2 0 955 958 959 1726
6774 2 2 0 955 895 894 1726
6775 2 2 0 955 894 958 1726
6776 2 2 0 955 959 895 1726
6777 2 2 0 956 959 960 1727
6778 2 2 0 956 896 895 1727
6779 2 2 0 956 895 959 1727
6780 2 2 0 956 960 896 1727
6781 2 2 0 957 960 897 1728
6782 2 2 0 957 833 896 1728
6783 2 2 0 957 897 833 1728
6784 2 2 0 957 896 960 1728
6785 2 2 0 958 898 897 1729
6786 2 2 0 958 961 962 1729
6787 2 2 0 958 897 961 1729
6788 2 2 0 958 962 898 1729
6789 2 2 0 959 899 898 1730
6790 2 2 0 959 962 963 1730
6791 2 2 0 959 898 962 1730
6792 2 2 0 959 963 899 1730
6793 2 2 0 960 900 899 1731
6794 2 2 0 960 963 964 1731
6795 2 2 0 960 899 963 1731
6796 2 2 0 960 964 900 1731
6797 2 2 0 961 901 900 1732
6798 2 2 0 961 964 965 1732
6799 2 2 0 961 900 964 1732
6800 2 2 0 961 965 901 1732
6801 2 2 0 962 902 901 1733
6802 2 2 0 962 965 966 1733
6803 2 2 0 962 901 965 1733
6804 2 2 0 962 966 902 1733
6805 2 2 0 963 903 902 1734
6806 2 2 0 963 966 967 1734
6807 2 2 0 963 902 966 1734
6808 2 2 0 963 967 903 1734
6809 2 2 0 964 904 903 1735
6810 2 2 0 964 967 968 1735
6811 2 2 0 964 903 967 1735
6812 2 2 0 964 968 904 1735
6813 2 2 0 965 905 904 1736
6814 2 2 0 965 968 969 1736
6815 2 2 0 965 904 968 1736
6816 2 2 0 965 969 905 1736
6817 2 2 0 966 906 905 1737
6818 2 2 0 966 969 970 1737
6819 2 2 0 966 905 969 1737
6820 2 2 0 966 970 906 1737
6821 2 2 0 967 907 906 1738
6822 2 2 0 967 970 971 1738
6823 2 2 0 967 906 970 1738
6824 2 2 0 967 971 907 1738
6825 2 2 0 968 908 907 1739
6826 2 2 0 968 971 972 1739
6827 2 2 0 968 907 971 1739
6828 2 2 0 968 972 908 1739
6829 2 2 0 969 909 908 1740
6830 2 2 0 969 972 973 1740
6831 2 2 0 969 908 972 1740
6832 2 2 0 969 973 909 1740
6833 2 2 0 970 910 909 1741
6834 2 2 0 970 973 974 1741
6835 2 2 0 970 909 973 1741
6836 2 2 0 970 974 910 1741
6837 2 2 0 971 911 910 1742
6838 2 2 0 971 974 975 1742
6839 2 2 0 971 910 974 1742
6840 2 2 0 971 975 911 1742
6841 2 2 0 972 912 911 1743
6842 2 2 0 972 975 976 1743
6843 2 2 0 972 911 975 1743
6844 2 2 0 972 976 912 1743
6845 2 2 0 973 913 912 1744
6846 2 2 0 973 976 977 1744
6847 2 2 0 973 912 976 1744
6848 2 2 0 973 977 913 1744
6849 2 2 0 974 914 913 1745
6850 2 2 0 974 977 978 1745
6851 2 2 0 974 913 977 1745
6852 2 2 0 974 978 914 1745
6853 2 2 0 975 915 914 1746
6854 2 2 0 975 978 979 1746
6855 2 2 0 975 914 978 1746
6856 2 2 0 975 979 915 1746
6857 2 2 0 976 916 915 1747
6858 2 2 0 976 979 980 1747
6859 2 2 0 976 915 979 1747
6860 2 2 0 976 980 916 1747
6861 2 2 0 977 917 916 1748
6862 2 2 0 977 980 981 1748
6863 2 2 0 977 916 980 1748
6864 2 2 0 977 981 917 1748
6865 2 2 0 978 918 917 1749
6866 2 2 0 978 981 982 1749
6867 2 2 0 978 917 981 1749
6868 2 2 0 978 982 918 1749
6869 2 2 0 979 919 918 1750
6870 2 2 0 979 982 983 1750
6871 2 2 0 979 918 982 1750
6872 2 2 0 979 983 919 1750
6873 2 2 0 980 920 919 1751
6874 2 2 0 980 983 984 1751
6875 2 2 0 980 919 983 1751
6876 2 2 0 980 984 920 1751
6877 2 2 0 981 921 920 1752
6878 2 2 0 981 984 985 1752
6879 2 2 0 981 920 984 1752
6880 2 2 0 981 985 921 1752
6881 2 2 0 982 922 921 1753
6882 2 2 0 982 985 986 1753
6883 2 2 0 982 921 985 1753
6884 2 2 0 982 986 922 1753
6885 2 2 0 983 923 922 1754
6886 2 2 0 983 986 987 1754
6887 2 2 0 983 922 986 1754
6888 2 2 0 983 987 923 1754
6889 2 2 0 984 924 923 1755
6890 2 2 0 984 987 988 1755
6891 2 2 0 984 923 987 1755
6892 2 2 0 984 988 924 1755
6893 2 2 0 985 925 924 1756
6894 2 2 0 985 988 989 1756
6895 2 2 0 985 924 988 1756
6896 2 2 0 985 989 925 1756
6897 2 2 0 986 926 925 1757
6898 2 2 0 986 989 990 1757
6899 2 2 0 986 925 989 1757
6900 2 2 0 986 990 926 1757
6901 2 2 0 987 927 926 1758
6902 2 2 0 987 990 991 1758
6903 2 2 0 987 926 990 1758
6904 2 2 0 987 991 927 1758
6905 2 2 0 988 928 927 1759
6906 2 2 0 988 991 992 1759
6907 2 2 0 988 927 991 1759
6908 2 2 0 988 992 928 1759
6909 2 2 0 989 929 928 1760
6910 2 2 0 989 992 993 1760
6911 2 2 0 989 928 992 1760
6912 2 2 0 989 993 929 1760
6913 2 2 0 990 930 929 1761
6914 2 2 0 990 993 994 1761
6915 2 2 0 990 929 993 1761
6916 2 2 0 990 994 930 1761
6917 2 2 0 991 931 930 1762
6918 2 2 0 991 994 995 1762
6919 2 2 0 991 930 994 1762
6920 2 2 0 991 995 931 1762
6921 2 2 0 992 932 931 1763
6922 2 2 0 992 995 996 1763
6923 2 2 0 992 931 995 1763
6924 2 2 0 992 996 932 1763
6925 2 2 0 993 933 932 1764
6926 2 2 0 993 996 997 1764
6927 2 2 0 993 932 996 1764
6928 2 2 0 993 997 933 1764
6929 2 2 0 994 934 933 1765
6930 2 2 0 994 997 998 1765
6931 2 2 0 994 933 997 1765
6932 2 2 0 994 998 934 1765
6933 2 2 0 995 935 934 1766
6934 2 2 0 995 998 999 1766
6935 2 2 0 995 934 998 1766
6936 2 2 0 995 999 935 1766
6937 2 2 0 996 936 935 1767
6938 2 2 0 996 999 1000 1767
6939 2 2 0 996 935 999 1767
6940 2 2 0 996 1000 936 1767
6941 2 2 0 997 937 936 1768
6942 2 2 0 997 1000 1001 1768
6943 2 2 0 997 936 1000 1768
6944 2 2 0 997 1001 937 1768
6945 2 2 0 998 938 937 1769
6946 2 2 0 998 1001 1002 1769
6947 2 2 0 998 937 1001 1769
6948 2 2 0 998 1002 938 1769
6949 2 2 0 999 939 938 1770
6950 2 2 0 999 1002 1003 1770
6951 2 2 0 999 938 1002 1770
6952 2 2 0 999 1003 939 1770
6953 2 2 0 1000 940 939 1771
6954 2 2 0 1000 1003 1004 1771
6955 2 2 0 1000 939 1003 1771
6956 2 2 0 1000 1004 940 1771
6957 2 2 0 1001 941 940 1772
6958 2 2 0 1001 1004 1005 1772
6959 2 2 0 1001 940 1004 1772
6960 2 2 0 1001 1005 941 1772
6961 2 2 0 1002 942 941 1773
6962 2 2 0 1002 1005 1006 1773
6963 2 2 0 1002 941 1005 1773
6964 2 2 0 1002 1006 942 1773
6965 2 2 0 1003 943 942 1774
6966 2 2 0 1003 1006 1007 1774
6967 2 2 0 1003 942 1006 1774
6968 2 2 0 1003 1007 943 1774
6969 2 2 0 1004 944 943 1775
6970 2 2 0 1004 1007 1008 1775
6971 2 2 0 1004 943 1007 1775
6972 2 2 0 1004 1008 944 1775
6973 2 2 0 1005 945 944 1776
6974 2 2 0 1005 1008 1009 1776
6975 2 2 0 1005 944 1008 1776
6976 2 2 0 1005 1009 945 1776
6977 2 2 0 1006 946 945 1777
6978 2 2 0 1006 1009 1010 1777
6979 2 2 0 1006 945 1009 1777
6980 2 2 0 1006 1010 946 1777
6981 2 2 0 1007 947 946 1778
6982 2 2 0 1007 1010 1011 1778
6983 2 2 0 1007 946 1010 1778
6984 2 2 0 1007 1011 947 1778
6985 2 2 0 1008 948 947 1779
6986 2 2 0 1008 1011 1012 1779
6987 2 2 0 1008 947 1011 1779
6988 2 2 0 1008 1012 948 1779
6989 2 2 0 1009 949 948 1780
6990 2 2 0 1009 1012 1013 1780
6991 2 2 0 1009 948 1012 1780
6992 2 2 0 1009 1013 949 1780
6993 2 2 0 1010 950 949 1781
6994 2 2 0 1010 1013 1014 1781
6995 2 2 0 1010 949 1013 1781
6996 2 2 0 1010 1014 950 1781
6997 2 2 0 1011 951 950 1782
6998 2 2 0 1011 1014 1015 1782
6999 2 2 0 1011 950 1014 1782
7000 2 2 0 1011 1015 951 1782
7001 2 2 0 1012 952 951 1783
7002 2 2 0 1012 1015 1016 1783
7003 2 2 0 1012 951 1015 1783
7004 2 2 0 1012 1016 952 1783
7005 2 2 0 1013 953 952 1784
7006 2 2 0 1013 1016 1017 1784
7007 2 2 0 1013 952 1016 1784
7008 2 2 0 1013 1017 953 1784
7009 2 2 0 1014 954 953 1785
7010 2 2 0 1014 1017 1018 1785
7011 2 2 0 1014 953 1017 1785
7012 2 2 0 1014 1018 954 1785
7013 2 2 0 1015 955 954 1786
7014 2 2 0 1015 1018 1019 1786
7015 2 2 0 1015 954 1018 1786
7016 2 2 0 1015 1019 955 1786
7017 2 2 0 1016 956 955 1787
7018 2 2 0 1016 1019 1020 1787
7019 2 2 0 1016 955 1019 1787
7020 2 2 0 1016 1020 956 1787
7021 2 2 0 1017 957 956 1788
7022 2 2 0 1017 1020 1021 1788
7023 2 2 0 1017 956 1020 1788
7024 2 2 0 1017 1021 957 1788
7025 2 2 0 1018 958 957 1789
7026 2 2 0 1018 1021 1022 1789
7027 2 2 0 1018 957 1021 1789
7028 2 2 0 1018 1022 958 1789
7029 2 2 0 1019 959 958 1790
7030 2 2 0 1019 1022 1023 1790
7031 2 2 0 1019 958 1022 1790
7032 2 2 0 1019 1023 959 1790
7033 2 2 0 1020 960 959 1791
7034 2 2 0 1020 1023 1024 1791
7035 2 2 0 1020 959 1023 1791
7036 2 2 0 1020 1024 960 1791
7037 2 2 0 1021 897 960 1792
7038 2 2 0 1021 1024 961 1792
7039 2 2 0 1021 961 897 1792
7040 2 2 0 1021 960 1024 1792
7041 2 2 0 1022 962 961 1793
7042 2 2 0 1022 1025 1026 1793
7043 2 2 0 1022 961 1025 1793
7044 2 2 0 1022 1026 962 1793
7045 2 2 0 1023 963 962 1794
7046 2 2 0 1023 1026 1027 1794
7047 2 2 0 1023 962 1026 1794
7048 2 2 0 1023 1027 963 1794
7049 2 2 0 1024 964 963 1795
7050 2 2 0 1024 1027 1028 1795
7051 2 2 0 1024 963 1027 1795
7052 2 2 0 1024 1028 964 1795
7053 2 2 0 1025 965 964 1796
7054 2 2 0 1025 1028 1029 1796
7055 2 2 0 1025 964 1028 1796
7056 2 2 0 1025 1029 965 1796
7057 2 2 0 1026 966 965 1797
7058 2 2 0 1026 1029 1030 1797
7059 2 2 0 1026 965 1029 1797
7060 2 2 0 1026 1030 966 1797
7061 2 2 0 1027 967 966 1798
7062 2 2 0 1027 1030 1031 1798
7063 2 2 0 1027 966 1030 1798
7064 2 2 0 1027 1031 967 1798
7065 2 2 0 1028 968 967 1799
7066 2 2 0 1028 1031 1032 1799
7067 2 2 0 1028 967 1031 1799
7068 2 2 0 1028 1032 968 1799
7069 2 2 0 1029 969 968 1800
7070 2 2 0 1029 1032 1033 1800
7071 2 2 0 1029 968 1032 1800
7072 2 2 0 1029 1033 969 1800
7073 2 2 0 1030 970 969 1801
7074 2 2 0 1030 1033 1034 1801
7075 2 2 0 1030 969 1033 1801
7076 2 2 0 1030 1034 970 1801
7077 2 2 0 1031 971 970 1802
7078 2 2 0 1031 1034 1035 1802
7079 2 2 0 1031 970 1034 1802
7080 2 2 0 1031 1035 971 1802
7081 2 2 0 1032 972 971 1803
7082 2 2 0 1032 1035 1036 1803
7083 2 2 0 1032 971 1035 1803
7084 2 2 0 1032 1036 972 1803
7085 2 2 0 1033 973 972 1804
7086 2 2 0 1033 1036 1037 1804
7087 2 2 0 1033 972 1036 1804
7088 2 2 0 1033 1037 973 1804
7089 2 2 0 1034 974 973 1805
7090 2 2 0 1034 1037 1038 1805
7091 2 2 0 1034 973 1037 1805
7092 2 2 0 1034 1038 974 1805
7093 2 2 0 1035 975 974 1806
7094 2 2 0 1035 1038 1039 1806
7095 2 2 0 1035 974 1038 1806
7096 2 2 0 1035 1039 975 1806
7097 2 2 0 1036 976 975 1807
7098 2 2 0 1036 1039 1040 1807
7099 2 2 0 1036 975 1039 1807
7100 2 2 0 1036 1040 976 1807
7101 2 2 0 1037 977 976 1808
7102 2 2 0 1037 1040 1041 1808
7103 2 2 0 1037 976 1040 1808
7104 2 2 0 1037 1041 977 1808
7105 2 2 0 1038 978 977 1809
7106 2 2 0 1038 1041 1042 1809
7107 2 2 0 1038 977 1041 1809
7108 2 2 0 1038 1042 978 1809
7109 2 2 0 1039 979 978 1810
7110 2 2 0 1039 1042 1043 1810
7111 2 2 0 1039 978 1042 1810
7112 2 2 0 1039 1043 979 1810
7113 2 2 0 1040 980 979 1811
7114 2 2 0 1040 1043 1044 1811
7115 2 2 0 1040 979 1043 1811
7116 2 2 0 1040 1044 980 1811
7117 2 2 0 1041 981 980 1812
7118 2 2 0 1041 1044 1045 1812
7119 2 2 0 1041 980 1044 1812
7120 2 2 0 1041 1045 981 1812
7121 2 2 0 1042 982 981 1813
7122 2 2 0 1042 1045 1046 1813
7123 2 2 0 1042 981 1045 1813
7124 2 2 0 1042 1046 982 1813
7125 2 2 0 1043 983 982 1814
7126 2 2 0 1043 1046 1047 1814
7127 2 2 0 1043 982 1046 1814
7128 2 2 0 1043 1047 983 1814
7129 2 2 0 1044 984 983 1815
7130 2 2 0 1044 1047 1048 1815
7131 2 2 0 1044 983 1047 1815
7132 2 2 0 1044 1048 984 1815
7133 2 2 0 1045 985 984 1816
7134 2 2 0 1045 1048 1049 1816
7135 2 2 0 1045 984 1048 1816
7136 2 2 0 1045 1049 985 1816
7137 2 2 0 1046 986 985 1817
7138 2 2 0 1046 1049 1050 1817
7139 2 2 0 1046 985 1049 1817
7140 2 2 0 1046 1050 986 1817
7141 2 2 0 1047 987 986 1818
7142 2 2 0 1047 1050 1051 1818
7143 2 2 0 1047 986 1050 1818
7144 2 2 0 1047 1051 987 1818
7145 2 2 0 1048 988 987 1819
7146 2 2 0 1048 1051 1052 1819
7147 2 2 0 1048 987 1051 1819
7148 2 2 0 1048 1052 988 1819
7149 2 2 0 1049 989 988 1820
7150 2 2 0 1049 1052 1053 1820
7151 2 2 0 1049 988 1052 1820
7152 2 2 0 1049 1053 989 1820
7153 2 2 0 1050 990 989 1821
7154 2 2 0 1050 1053 1054 1821
7155 2 2 0 1050 989 1053 1821
7156 2 2 0 1050 1054 990 1821
7157 2 2 0 1051 991 990 1822
7158 2 2 0 1051 1054 1055 1822
7159 2 2 0 1051 990 1054 1822
7160 2 2 0 1051 1055 991 1822
7161 2 2 0 1052 992 991 1823
7162 2 2 0 1052 1055 1056 1823
7163 2 2 0 1052 991 1055 1823
7164 2 2 0 1052 1056 992 1823
7165 2 2 0 1053 993 992 1824
7166 2 2 0 1053 1056 1057 1824
7167 2 2 0 1053 992 1056 1824
7168 2 2 0 1053 1057 993 1824
7169 2 2 0 1054 994 993 1825
7170 2 2 0 1054 1057 1058 1825
7171 2 2 0 1054 993 1057 1825
7172 2 2 0 1054 1058 994 1825
7173 2 2 0 1055 995 994 1826
7174 2 2 0 1055 1058 1059 1826
7175 2 2 0 1055 994 1058 1826
7176 2 2 0 1055 1059 995 1826
7177 2 2 0 1056 996 995 1827
7178 2 2 0 1056 1059 1060 1827
7179 2 2 0 1056 995 1059 1827
7180 2 2 0 1056 1060 996 1827
7181 2 2 0 1057 997 996 1828
7182 2 2 0 1057 1060 1061 1828
7183 2 2 0 1057 996 1060 1828
7184 2 2 0 1057 1061 997 1828
7185 2 2 0 1058 998 997 1829
7186 2 2 0 1058 1061 1062 1829
7187 2 2 0 1058 997 1061 1829
7188 2 2 0 1058 1062 998 1829
7189 2 2 0 1059 999 998 1830
7190 2 2 0 1059 1062 1063 1830
7191 2 2 0 1059 998 1062 1830
7192 2 2 0 1059 1063 999 1830
7193 2 2 0 1060 1000 999 1831
7194 2 2 0 1060 1063 1064 1831
7195 2 2 0 1060 999 1063 1831
7196 2 2 0 1060 1064 1000 1831
7197 2 2 0 1061 1001 1000 1832
7198 2 2 0 1061 1064 1065 1832
7199 2 2 0 1061 1000 1064 1832
7200 2 2 0 1061 1065 1001 1832
7201 2 2 0 1062 1002 1001 1833
7202 2 2 0 1062 1065 1066 1833
7203 2 2 0 1062 1001 1065 1833
7204 2 2 0 1062 1066 1002 1833
7205 2 2 0 1063 1003 1002 1834
7206 2 2 0 1063 1066 1067 1834
7207 2 2 0 1063 1002 1066 1834
7208 2 2 0 1063 1067 1003 1834
7209 2 2 0 1064 1004 1003 1835
7210 2 2 0 1064 1067 1068 1835
7211 2 2 0 1064 1003 1067 1835
7212 2 2 0 1064 1068 1004 1835
7213 2 2 0 1065 1005 1004 1836
7214 2 2 0 1065 1068 1069 1836
7215 2 2 0 1065 1004 1068 1836
7216 2 2 0 1065 1069 1005 1836
7217 2 2 0 1066 1006 1005 1837
7218 2 2 0 1066 1069 1070 1837
7219 2 2 0 1066 1005 1069 1837
7220 2 2 0 1066 1070 1006 1837
7221 2 2 0 1067 1007 1006 1838
7222 2 2 0 1067 1070 1071 1838
7223 2 2 0 1067 1006 1070 1838
7224 2 2 0 1067 1071 1007 1838
7225 2 2 0 1068 1008 1007 1839
7226 2 2 0 1068 1071 1072 1839
7227 2 2 0 1068 1007 1071 1839
7228 2 2 0 1068 1072 1008 1839
7229 2 2 0 1069 1009 1008 1840
7230 2 2 0 1069 1072 1073 1840
7231 2 2 0 1069 1008 1072 1840
7232 2 2 0 1069 1073 1009 1840
7233 2 2 0 1070 1010 1009 1841
7234 2 2 0 1070 1073 1074 1841
7235 2 2 0 1070 1009 1073 1841
7236 2 2 0 1070 1074 1010 1841
7237 2 2 0 1071 1011 1010 1842
7238 2 2 0 1071 1074 1075 1842
7239 2 2 0 1071 1010 1074 1842
7240 2 2 0 1071 1075 1011 1842
7241 2 2 0 1072 1012 1011 1843
7242 2 2 0 1072 1075 1076 1843
7243 2 2 0 1072 1011 1075 1843
7244 2 2 0 1072 1076 1012 1843
7245 2 2 0 1073 1013 1012 1844
7246 2 2 0 1073 1076 1077 1844
7247 2 2 0 1073 1012 1076 1844
7248 2 2 0 1073 1077 1013 1844
7249 2 2 0 1074 1014 1013 1845
7250 2 2 0 1074 1077 1078 1845
7251 2 2 0 1074 1013 1077 1845
7252 2 2 0 1074 1078 1014 1845
7253 2 2 0 1075 1015 1014 1846
7254 2 2 0 1075 1078 1079 1846
7255 2 2 0 1075 1014 1078 1846
7256 2 2 0 1075 1079 1015 1846
7257 2 2 0 1076 1016 1015 1847
7258 2 2 0 1076 1079 1080 1847
7259 2 2 0 1076 1015 1079 1847
7260 2 2 0 1076 1080 1016 1847
7261 2 2 0 1077 1017 1016 1848
7262 2 2 0 1077 1080 1081 1848
7263 2 2 0 1077 1016 1080 1848
7264 2 2 0 1077 1081 1017 1848
7265 2 2 0 1078 1018 1017 1849
7266 2 2 0 1078 1081 1082 1849
7267 2 2 0 1078 1017 1081 1849
7268 2 2 0 1078 1082 1018 1849
7269 2 2 0 1079 1019 1018 1850
7270 2 2 0 1079 1082 1083 1850
7271 2 2 0 1079 1018 1082 1850
7272 2 2 0 1079 1083 1019 1850
7273 2 2 0 1080 1020 1019 1851
7274 2 2 0 1080 1083 1084 1851
7275 2 2 0 1080 1019 1083 1851
7276 2 2 0 1080 1084 1020 1851
7277 2 2 0 1081 1021 1020 1852
7278 2 2 0 1081 1084 1085 1852
7279 2 2 0 1081 1020 1084 1852
7280 2 2 0 1081 1085 1021 1852
7281 2 2 0 1082 1022 1021 1853
7282 2 2 0 1082 1085 1086 1853
7283 2 2 0 1082 1021 1085 1853
7284 2 2 0 1082 1086 1022 1853
7285 2 2 0 1083 1023 1022 1854
7286 2 2 0 1083 1086 1087 1854
7287 2 2 0 1083 1022 1086 1854
7288 2 2 0 1083 1087 1023 1854
7289 2 2 0 1084 1024 1023 1855
7290 2 2 0 1084 1087 1088 1855
7291 2 2 0 1084 1023 1087 1855
7292 2 2 0 1084 1088 1024 1855
7293 2 2 0 1085 961 1024 1856
7294 2 2 0 1085 1088 1025 1856
7295 2 2 0 1085 1025 961 1856
7296 2 2 0 1085 1024 1088 1856
7297 2 2 0 1086 1090 1026 1857
7298 2 2 0 1086 1025 1089 1857
7299 2 2 0 1086 1026 1025 1857
7300 2 2 0 1086 1089 1090 1857
7301 2 2 0 1087 1026 1090 1858
7302 2 2 0 1087 1091 1027 1858
7303 2 2 0 1087 1027 1026 1858
7304 2 2 0 1087 1090 1091 1858
7305 2 2 0 1088 1027 1091 1859
7306 2 2 0 1088 1092 1028 1859
7307 2 2 0 1088 1028 1027 1859
7308 2 2 0 1088 1091 1092 1859
7309 2 2 0 1089 1028 1092 1860
7310 2 2 0 1089 1093 1029 1860
7311 2 2 0 1089 1029 1028 1860
7312 2 2 0 1089 1092 1093 1860
7313 2 2 0 1090 1094 1030 1861
7314 2 2 0 1090 1029 1093 1861
7315 2 2 0 1090 1030 1029 1861
7316 2 2 0 1090 1093 1094 1861
7317 2 2 0 1091 1030 1094 1862
7318 2 2 0 1091 1095 1031 1862
7319 2 2 0 1091 1031 1030 1862
7320 2 2 0 1091 1094 1095 1862
7321 2 2 0 1092 1096 1032 1863
7322 2 2 0 1092 1031 1095 1863
7323 2 2 0 1092 1032 1031 1863
7324 2 2 0 1092 1095 1096 1863
7325 2 2 0 1093 1032 1096 1864
7326 2 2 0 1093 1097 1033 1864
7327 2 2 0 1093 1033 1032 1864
7328 2 2 0 1093 1096 1097 1864
7329 2 2 0 1094 1098 1034 1865
7330 2 2 0 1094 1033 1097 1865
7331 2 2 0 1094 1034 1033 1865
7332 2 2 0 1094 1097 1098 1865
7333 2 2 0 1095 1034 1098 1866
7334 2 2 0 1095 1099 1035 1866
7335 2 2 0 1095 1035 1034 1866
7336 2 2 0 1095 1098 1099 1866
7337 2 2 0 1096 1100 1036 1867
7338 2 2 0 1096 1035 1099 1867
7339 2 2 0 1096 1036 1035 1867
7340 2 2 0 1096 1099 1100 1867
7341 2 2 0 1097 1036 1100 1868
7342 2 2 0 1097 1101 1037 1868
7343 2 2 0 1097 1037 1036 1868
7344 2 2 0 1097 1100 1101 1868
7345 2 2 0 1098 1102 1038 1869
7346 2 2 0 1098 1037 1101 1869
7347 2 2 0 1098 1038 1037 1869
7348 2 2 0 1098 1101 1102 1869
7349 2 2 0 1099 1103 1039 1870
7350 2 2 0 1099 1038 1102 1870
7351 2 2 0 1099 1039 1038 1870
7352 2 2 0 1099 1102 1103 1870
7353 2 2 0 1100 1104 1040 1871
7354 2 2 0 1100 1039 1103 1871
7355 2 2 0 1100 1040 1039 1871
7356 2 2 0 1100 1103 1104 1871
7357 2 2 0 1101 1040 1104 1872
7358 2 2 0 1101 1105 1041 1872
7359 2 2 0 1101 1041 1040 1872
7360 2 2 0 1101 1104 1105 1872
7361 2 2 0 1102 1106 1042 1873
7362 2 2 0 1102 1041 1105 1873
7363 2 2 0 1102 1042 1041 1873
7364 2 2 0 1102 1105 1106 1873
7365 2 2 0 1103 1042 1106 1874
7366 2 2 0 1103 1107 1043 1874
7367 2 2 0 1103 1043 1042 1874
7368 2 2 0 1103 1106 1107 1874
7369 2 2 0 1104 1043 1107 1875
7370 2 2 0 1104 1108 1044 1875
7371 2 2 0 1104 1044 1043 1875
7372 2 2 0 1104 1107 1108 1875
7373 2 2 0 1105 1044 1108 1876
7374 2 2 0 1105 1109 1045 1876
7375 2 2 0 1105 1045 1044 1876
7376 2 2 0 1105 1108 1109 1876
7377 2 2 0 1106 1110 1046 1877
7378 2 2 0 1106 1045 1109 1877
7379 2 2 0 1106 1046 1045 1877
7380 2 2 0 1106 1109 1110 1877
7381 2 2 0 1107 1046 1110 1878
7382 2 2 0 1107 1111 1047 1878
7383 2 2 0 1107 1047 1046 1878
7384 2 2 0 1107 1110 1111 1878
7385 2 2 0 1108 1112 1048 1879
7386 2 2 0 1108 1047 1111 1879
7387 2 2 0 1108 1048 1047 1879
7388 2 2 0 1108 1111 1112 1879
7389 2 2 0 1109 1048 1112 1880
7390 2 2 0 1109 1113 1049 1880
7391 2 2 0 1109 1049 1048 1880
7392 2 2 0 1109 1112 1113 1880
7393 2 2 0 1110 1114 1050 1881
7394 2 2 0 1110 1049 1113 1881
7395 2 2 0 1110 1050 1049 1881
7396 2 2 0 1110 1113 1114 1881
7397 2 2 0 1111 1050 1114 1882
7398 2 2 0 1111 1115 1051 1882
7399 2 2 0 1111 1051 1050 1882
7400 2 2 0 1111 1114 1115 1882
7401 2 2 0 1112 1116 1052 1883
7402 2 2 0 1112 1051 1115 1883
7403 2 2 0 1112 1052 1051 1883
7404 2 2 0 1112 1115 1116 1883
7405 2 2 0 1113 1052 1116 1884
7406 2 2 0 1113 1117 1053 1884
7407 2 2 0 1113 1053 1052 1884
7408 2 2 0 1113 1116 1117 1884
7409 2 2 0 1114 1118 1054 1885
7410 2 2 0 1114 1053 1117 1885
7411 2 2 0 1114 1054 1053 1885
7412 2 2 0 1114 1117 1118 1885
7413 2 2 0 1115 1119 1055 1886
7414 2 2 0 1115 1054 1118 1886
7415 2 2 0 1115 1055 1054 1886
7416 2 2 0 1115 1118 1119 1886
7417 2 2 0 1116 1120 1056 1887
7418 2 2 0 1116 1055 1119 1887
7419 2 2 0 1116 1056 1055 1887
7420 2 2 0 1116 1119 1120 1887
7421 2 2 0 1117 1056 1120 1888
7422 2 2 0 1117 1121 1057 1888
7423 2 2 0 1117 1057 1056 1888
7424 2 2 0 1117 1120 1121 1888
7425 2 2 0 1118 1122 1058 1889
7426 2 2 0 1118 1057 1121 1889
7427 2 2 0 1118 1058 1057 1889
7428 2 2 0 1118 1121 1122 1889
7429 2 2 0 1119 1058 1122 1890
7430 2 2 0 1119 1123 1059 1890
7431 2 2 0 1119 1059 1058 1890
7432 2 2 0 1119 1122 1123 1890
7433 2 2 0 1120 1059 1123 1891
7434 2 2 0 1120 1124 1060 1891
7435 2 2 0 1120 1060 1059 1891
7436 2 2 0 1120 1123 1124 1891
7437 2 2 0 1121 1060 1124 1892
7438 2 2 0 1121 1125 1061 1892
7439 2 2 0 1121 1061 1060 1892
7440 2 2 0 1121 1124 1125 1892
7441 2 2 0 1122 1126 1062 1893
7442 2 2 0 1122 1061 1125 1893
7443 2 2 0 1122 1062 1061 1893
7444 2 2 0 1122 1125 1126 1893
7445 2 2 0 1123 1062 1126 1894
7446 2 2 0 1123 1127 1063 1894
7447 2 2 0 1123 1063 1062 1894
7448 2 2 0 1123 1126 1127 1894
7449 2 2 0 1124 1128 1064 1895
7450 2 2 0 1124 1063 1127 1895
7451 2 2 0 1124 1064 1063 1895
7452 2 2 0 1124 1127 1128 1895
7453 2 2 0 1125 1064 1128 1896
7454 2 2 0 1125 1129 1065 1896
7455 2 2 0 1125 1065 1064 1896
7456 2 2 0 1125 1128 1129 1896
7457 2 2 0 1126 1130 1066 1897
7458 2 2 0 1126 1065 1129 1897
7459 2 2 0 1126 1066 1065 1897
7460 2 2 0 1126 1129 1130 1897
7461 2 2 0 1127 1066 1130 1898
7462 2 2 0 1127 1131 1067 1898
7463 2 2 0 1127 1067 1066 1898
7464 2 2 0 1127 1130 1131 1898
7465 2 2 0 1128 1132 1068 1899
7466 2 2 0 1128 1067 1131 1899
7467 2 2 0 1128 1068 1067 1899
7468 2 2 0 1128 1131 1132 1899
7469 2 2 0 1129 1068 1132 1900
7470 2 2 0 1129 1133 1069 1900
7471 2 2 0 1129 1069 1068 1900
7472 2 2 0 1129 1132 1133 1900
7473 2 2 0 1130 1134 1070 1901
7474 2 2 0 1130 1069 1133 1901
7475 2 2 0 1130 1070 1069 1901
7476 2 2 0 1130 1133 1134 1901
7477 2 2 0 1131 1135 1071 1902
7478 2 2 0 1131 1070 1134 1902
7479 2 2 0 1131 1071 1070 1902
7480 2 2 0 1131 1134 1135 1902
7481 2 2 0 1132 1136 1072 1903
7482 2 2 0 1132 1071 1135 1903
7483 2 2 0 1132 1072 1071 1903
7484 2 2 0 1132 1135 1136 1903
7485 2 2 0 1133 1072 1136 1904
7486 2 2 0 1133 1137 1073 1904
7487 2 2 0 1133 1073 1072 1904
7488 2 2 0 1133 1136 1137 1904
7489 2 2 0 1134 1138 1074 1905
7490 2 2 0 1134 1073 1137 1905
7491 2 2 0 1134 1074 1073 1905
7492 2 2 0 1134 1137 1138 1905
7493 2 2 0 1135 1074 1138 1906
7494 2 2 0 1135 1139 1075 1906
7495 2 2 0 1135 1075 1074 1906
7496 2 2 0 1135 1138 1139 1906
7497 2 2 0 1136 1075 1139 1907
7498 2 2 0 1136 1140 1076 1907
7499 2 2 0 1136 1076 1075 1907
7500 2 2 0 1136 1139 1140 1907
7501 2 2 0 1137 1076 1140 1908
7502 2 2 0 1137 1141 1077 1908
7503 2 2 0 1137 1077 1076 1908
7504 2 2 0 1137 1140 1141 1908
7505 2 2 0 1138 1142 1078 1909
7506 2 2 0 1138 1077 1141 1909
7507 2 2 0 1138 1078 1077 1909
7508 2 2 0 1138 1141 1142 1909
7509 2 2 0 1139 1078 1142 1910
7510 2 2 0 1139 1143 1079 1910
7511 2 2 0 1139 1079 1078 1910
7512 2 2 0 1139 1142 1143 1910
7513 2 2 0 1140 1144 1080 1911
7514 2 2 0 1140 1079 1143 1911
7515 2 2 0 1140 1080 1079 1911
7516 2 2 0 1140 1143 1144 1911
7517 2 2 0 1141 1080 1144 1912
7518 2 2 0 1141 1145 1081 1912
7519 2 2 0 1141 1081 1080 1912
7520 2 2 0 1141 1144 1145 1912
7521 2 2 0 1142 1146 1082 1913
7522 2 2 0 1142 1081 1145 1913
7523 2 2 0 1142 1082 1081 1913
7524 2 2 0 1142 1145 1146 1913
7525 2 2 0 1143 1082 1146 1914
7526 2 2 0 1143 1147 1083 1914
7527 2 2 0 1143 1083 1082 1914
7528 2 2 0 1143 1146 1147 1914
7529 2 2 0 1144 1148 1084 1915
7530 2 2 0 1144 1083 1147 1915
7531 2 2 0 1144 1084 1083 1915
7532 2 2 0 1144 1147 1148 1915
7533 2 2 0 1145 1084 1148 1916
7534 2 2 0 1145 1149 1085 1916
7535 2 2 0 1145 1085 1084 1916
7536 2 2 0 1145 1148 1149 1916
7537 2 2 0 1146 1150 1086 1917
7538 2 2 0 1146 1085 1149 1917
7539 2 2 0 1146 1086 1085 1917
7540 2 2 0 1146 1149 1150 1917
7541 2 2 0 1147 1151 1087 1918
7542 2 2 0 1147 1086 1150 1918
7543 2 2 0 1147 1087 1086 1918
7544 2 2 0 1147 1150 1151 1918
7545 2 2 0 1148 1152 1088 1919
7546 2 2 0 1148 1087 1151 1919
7547 2 2 0 1148 1088 1087 1919
7548 2 2 0 1148 1151 1152 1919
7549 2 2 0 1149 1088 1152 1920
7550 2 2 0 1149 1089 1025 1920
7551 2 2 0 1149 1025 1088 1920
7552 2 2 0 1149 1152 1089 1920
7553 2 2 0 1150 1154 1090 1921
7554 2 2 0 1150 1089 1153 1921
7555 2 2 0 1150 1153 1154 1921
7556 2 2 0 1150 1090 1089 1921
7557 2 2 0 1151 1155 1091 1922
7558 2 2 0 1151 1090 1154 1922
7559 2 2 0 1151 1154 1155 1922
7560 2 2 0 1151 1091 1090 1922
7561 2 2 0 1152 1156 1092 1923
7562 2 2 0 1152 1091 1155 1923
7563 2 2 0 1152 1155 1156 1923
7564 2 2 0 1152 1092 1091 1923
7565 2 2 0 1153 1157 1093 1924
7566 2 2 0 1153 1092 1156 1924
7567 2 2 0 1153 1156 1157 1924
7568 2 2 0 1153 1093 1092 1924
7569 2 2 0 1154 1093 1157 1925
7570 2 2 0 1154 1158 1094 1925
7571 2 2 0 1154 1157 1158 1925
7572 2 2 0 1154 1094 1093 1925
7573 2 2 0 1155 1094 1158 1926
7574 2 2 0 1155 1159 1095 1926
7575 2 2 0 1155 1158 1159 1926
7576 2 2 0 1155 1095 1094 1926
7577 2 2 0 1156 1160 1096 1927
7578 2 2 0 1156 1095 1159 1927
7579 2 2 0 1156 1159 1160 1927
7580 2 2 0 1156 1096 1095 1927
7581 2 2 0 1157 1096 1160 1928
7582 2 2 0 1157 1161 1097 1928
7583 2 2 0 1157 1160 1161 1928
7584 2 2 0 1157 1097 1096 1928
7585 2 2 0 1158 1162 1098 1929
7586 2 2 0 1158 1097 1161 1929
7587 2 2 0 1158 1161 1162 1929
7588 2 2 0 1158 1098 1097 1929
7589 2 2 0 1159 1098 1162 1930
7590 2 2 0 1159 1163 1099 1930
7591 2 2 0 1159 1162 1163 1930
7592 2 2 0 1159 1099 1098 1930
7593 2 2 0 1160 1164 1100 1931
7594 2 2 0 1160 1099 1163 1931
7595 2 2 0 1160 1163 1164 1931
7596 2 2 0 1160 1100 1099 1931
7597 2 2 0 1161 1165 1101 1932
7598 2 2 0 1161 1100 1164 1932
7599 2 2 0 1161 1164 1165 1932
7600 2 2 0 1161 1101 1100 1932
7601 2 2 0 1162 1101 1165 1933
7602 2 2 0 1162 1166 1102 1933
7603 2 2 0 1162 1165 1166 1933
7604 2 2 0 1162 1102 1101 1933
7605 2 2 0 1163 1102 1166 1934
7606 2 2 0 1163 1167 1103 1934
7607 2 2 0 1163 1166 1167 1934
7608 2 2 0 1163 1103 1102 1934
7609 2 2 0 1164 1103 1167 1935
7610 2 2 0 1164 1168 1104 1935
7611 2 2 0 1164 1167 1168 1935
7612 2 2 0 1164 1104 1103 1935
7613 2 2 0 1165 1104 1168 1936
7614 2 2 0 1165 1169 1105 1936
7615 2 2 0 1165 1168 1169 1936
7616 2 2 0 1165 1105 1104 1936
7617 2 2 0 1166 1170 1106 1937
7618 2 2 0 1166 1105 1169 1937
7619 2 2 0 1166 1169 1170 1937
7620 2 2 0 1166 1106 1105 1937
7621 2 2 0 1167 1171 1107 1938
7622 2 2 0 1167 1106 1170 1938
7623 2 2 0 1167 1170 1171 1938
7624 2 2 0 1167 1107 1106 1938
7625 2 2 0 1168 1172 1108 1939
7626 2 2 0 1168 1107 1171 1939
7627 2 2 0 1168 1171 1172 1939
7628 2 2 0 1168 1108 1107 1939
7629 2 2 0 1169 1173 1109 1940
7630 2 2 0 1169 1108 1172 1940
7631 2 2 0 1169 1172 1173 1940
7632 2 2 0 1169 1109 1108 1940
7633 2 2 0 1170 1109 1173 1941
7634 2 2 0 1170 1174 1110 1941
7635 2 2 0 1170 1173 1174 1941
7636 2 2 0 1170 1110 1109 1941
7637 2 2 0 1171 1110 1174 1942
7638 2 2 0 1171 1175 1111 1942
7639 2 2 0 1171 1174 1175 1942
7640 2 2 0 1171 1111 1110 1942
7641 2 2 0 1172 1176 1112 1943
7642 2 2 0 1172 1111 1175 1943
7643 2 2 0 1172 1175 1176 1943
7644 2 2 0 1172 1112 1111 1943
7645 2 2 0 1173 1112 1176 1944
7646 2 2 0 1173 1177 1113 1944
7647 2 2 0 1173 1176 1177 1944
7648 2 2 0 1173 1113 1112 1944
7649 2 2 0 1174 1178 1114 1945
7650 2 2 0 1174 1113 1177 1945
7651 2 2 0 1174 1177 1178 1945
7652 2 2 0 1174 1114 1113 1945
7653 2 2 0 1175 1114 1178 1946
7654 2 2 0 1175 1179 1115 1946
7655 2 2 0 1175 1178 1179 1946
7656 2 2 0 1175 1115 1114 1946
7657 2 2 0 1176 1180 1116 1947
7658 2 2 0 1176 1115 1179 1947
7659 2 2 0 1176 1179 1180 1947
7660 2 2 0 1176 1116 1115 1947
7661 2 2 0 1177 1181 1117 1948
7662 2 2 0 1177 1116 1180 1948
7663 2 2 0 1177 1180 1181 1948
7664 2 2 0 1177 1117 1116 1948
7665 2 2 0 1178 1117 1181 1949
7666 2 2 0 1178 1182 1118 1949
7667 2 2 0 1178 1181 1182 1949
7668 2 2 0 1178 1118 1117 1949
7669 2 2 0 1179 1118 1182 1950
7670 2 2 0 1179 1183 1119 1950
7671 2 2 0 1179 1182 1183 1950
7672 2 2 0 1179 1119 1118 1950
7673 2 2 0 1180 1119 1183 1951
7674 2 2 0 1180 1184 1120 1951
7675 2 2 0 1180 1183 1184 1951
7676 2 2 0 1180 1120 1119 1951
7677 2 2 0 1181 1120 1184 1952
7678 2 2 0 1181 1185 1121 1952
7679 2 2 0 1181 1184 1185 1952
7680 2 2 0 1181 1121 1120 1952
7681 2 2 0 1182 1186 1122 1953
7682 2 2 0 1182 1121 1185 1953
7683 2 2 0 1182 1185 1186 1953
7684 2 2 0 1182 1122 1121 1953
7685 2 2 0 1183 1187 1123 1954
7686 2 2 0 1183 1122 1186 1954
7687 2 2 0 1183 1186 1187 1954
7688 2 2 0 1183 1123 1122 1954
7689 2 2 0 1184 1188 1124 1955
7690 2 2 0 1184 1123 1187 1955
7691 2 2 0 1184 1187 1188 1955
7692 2 2 0 1184 1124 1123 1955
7693 2 2 0 1185 1189 1125 1956
7694 2 2 0 1185 1124 1188 1956
7695 2 2 0 1185 1188 1189 1956
7696 2 2 0 1185 1125 1124 1956
7697 2 2 0 1186 1125 1189 1957
7698 2 2 0 1186 1190 1126 1957
7699 2 2 0 1186 1189 1190 1957
7700 2 2 0 1186 1126 1125 1957
7701 2 2 0 1187 1126 1190 1958
7702 2 2 0 1187 1191 1127 1958
7703 2 2 0 1187 1190 1191 1958
7704 2 2 0 1187 1127 1126 1958
7705 2 2 0 1188 1192 1128 1959
7706 2 2 0 1188 1127 1191 1959
7707 2 2 0 1188 1191 1192 1959
7708 2 2 0 1188 1128 1127 1959
7709 2 2 0 1189 1128 1192 1960
7710 2 2 0 1189 1193 1129 1960
7711 2 2 0 1189 1192 1193 1960
7712 2 2 0 1189 1129 1128 1960
7713 2 2 0 1190 1194 1130 1961
7714 2 2 0 1190 1129 1193 1961
7715 2 2 0 1190 1193 1194 1961
7716 2 2 0 1190 1130 1129 1961
7717 2 2 0 1191 1130 1194 1962
7718 2 2 0 1191 1195 1131 1962
7719 2 2 0 1191 1194 1195 1962
7720 2 2 0 1191 1131 1130 1962
7721 2 2 0 1192 1196 1132 1963
7722 2 2 0 1192 1131 1195 1963
7723 2 2 0 1192 1195 1196 1963
7724 2 2 0 1192 1132 1131 1963
7725 2 2 0 1193 1197 1133 1964
7726 2 2 0 1193 1132 1196 1964
7727 2 2 0 1193 1196 1197 1964
7728 2 2 0 1193 1133 1132 1964
7729 2 2 0 1194 1133 1197 1965
7730 2 2 0 1194 1198 1134 1965
7731 2 2 0 1194 1197 1198 1965
7732 2 2 0 1194 1134 1133 1965
7733 2 2 0 1195 1134 1198 1966
7734 2 2 0 1195 1199 1135 1966
7735 2 2 0 1195 1198 1199 1966
7736 2 2 0 1195 1135 1134 1966
7737 2 2 0 1196 1135 1199 1967
7738 2 2 0 1196 1200 1136 1967
7739 2 2 0 1196 1199 1200 1967
7740 2 2 0 1196 1136 1135 1967
7741 2 2 0 1197 1136 1200 1968
7742 2 2 0 1197 1201 1137 1968
7743 2 2 0 1197 1200 1201 1968
7744 2 2 0 1197 1137 1136 1968
7745 2 2 0 1198 1202 1138 1969
7746 2 2 0 1198 1137 1201 1969
7747 2 2 0 1198 1201 1202 1969
7748 2 2 0 1198 1138 1137 1969
7749 2 2 0 1199 1203 1139 1970
7750 2 2 0 1199 1138 1202 1970
7751 2 2 0 1199 1202 1203 1970
7752 2 2 0 1199 1139 1138 1970
7753 2 2 0 1200 1204 1140 1971
7754 2 2 0 1200 1139 1203 1971
7755 2 2 0 1200 1203 1204 1971
7756 2 2 0 1200 1140 1139 1971
7757 2 2 0 1201 1205 1141 1972
7758 2 2 0 1201 1140 1204 1972
7759 2 2 0 1201 1204 1205 1972
7760 2 2 0 1201 1141 1140 1972
7761 2 2 0 1202 1141 1205 1973
7762 2 2 0 1202 1206 1142 1973
7763 2 2 0 1202 1205 1206 1973
7764 2 2 0 1202 1142 1141 1973
7765 2 2 0 1203 1142 1206 1974
7766 2 2 0 1203 1207 1143 1974
7767 2 2 0 1203 1206 1207 1974
7768 2 2 0 1203 1143 1142 1974
7769 2 2 0 1204 1208 1144 1975
7770 2 2 0 1204 1143 1207 1975
7771 2 2 0 1204 1207 1208 1975
7772 2 2 0 1204 1144 1143 1975
7773 2 2 0 1205 1144 1208 1976
7774 2 2 0 1205 1209 1145 1976
7775 2 2 0 1205 1208 1209 1976
7776 2 2 0 1205 1145 1144 1976
7777 2 2 0 1206 1210 1146 1977
7778 2 2 0 1206 1145 1209 1977
7779 2 2 0 1206 1209 1210 1977
7780 2 2 0 1206 1146 1145 1977
7781 2 2 0 1207 1146 1210 1978
7782 2 2 0 1207 1211 1147 1978
7783 2 2 0 1207 1210 1211 1978
7784 2 2 0 1207 1147 1146 1978
7785 2 2 0 1208 1212 1148 1979
7786 2 2 0 1208 1147 1211 1979
7787 2 2 0 1208 1211 1212 1979
7788 2 2 0 1208 1148 1147 1979
7789 2 2 0 1209 1213 1149 1980
7790 2 2 0 1209 1148 1212 1980
7791 2 2 0 1209 1212 1213 1980
7792 2 2 0 1209 1149 1148 1980
7793 2 2 0 1210 1149 1213 1981
7794 2 2 0 1210 1214 1150 1981
7795 2 2 0 1210 1213 1214 1981
7796 2 2 0 1210 1150 1149 1981
7797 2 2 0 1211 1150 1214 1982
7798 2 2 0 1211 1215 1151 1982
7799 2 2 0 1211 1214 1215 1982
7800 2 2 0 1211 1151 1150 1982
7801 2 2 0 1212 1151 1215 1983
7802 2 2 0 1212 1216 1152 1983
7803 2 2 0 1212 1215 1216 1983
7804 2 2 0 1212 1152 1151 1983
7805 2 2 0 1213 1152 1216 1984
7806 2 2 0 1213 1153 1089 1984
7807 2 2 0 1213 1216 1153 1984
7808 2 2 0 1213 1089 1152 1984
7809 2 2 0 1214 1217 1218 1985
7810 2 2 0 1214 1154 1153 1985
7811 2 2 0 1214 1153 1217 1985
7812 2 2 0 1214 1218 1154 1985
7813 2 2 0 1215 1218 1219 1986
7814 2 2 0 1215 1155 1154 1986
7815 2 2 0 1215 1219 1155 1986
7816 2 2 0 1215 1154 1218 1986
7817 2 2 0 1216 1219 1220 1987
7818 2 2 0 1216 1156 1155 1987
7819 2 2 0 1216 1220 1156 1987
7820 2 2 0 1216 1155 1219 1987
7821 2 2 0 1217 1220 1221 1988
7822 2 2 0 1217 1157 1156 1988
7823 2 2 0 1217 1156 1220 1988
7824 2 2 0 1217 1221 1157 1988
7825 2 2 0 1218 1221 1222 1989
7826 2 2 0 1218 1158 1157 1989
7827 2 2 0 1218 1222 1158 1989
7828 2 2 0 1218 1157 1221 1989
7829 2 2 0 1219 1222 1223 1990
7830 2 2 0 1219 1159 1158 1990
7831 2 2 0 1219 1223 1159 1990
7832 2 2 0 1219 1158 1222 1990
7833 2 2 0 1220 1223 1224 1991
7834 2 2 0 1220 1160 1159 1991
7835 2 2 0 1220 1159 1223 1991
7836 2 2 0 1220 1224 1160 1991
7837 2 2 0 1221 1224 1225 1992
7838 2 2 0 1221 1161 1160 1992
7839 2 2 0 1221 1160 1224 1992
7840 2 2 0 1221 1225 1161 1992
7841 2 2 0 1222 1225 1226 1993
7842 2 2 0 1222 1162 1161 1993
7843 2 2 0 1222 1226 1162 1993
7844 2 2 0 1222 1161 1225 1993
7845 2 2 0 1223 1226 1227 1994
7846 2 2 0 1223 1163 1162 1994
7847 2 2 0 1223 1227 1163 1994
7848 2 2 0 1223 1162 1226 1994
7849 2 2 0 1224 1227 1228 1995
7850 2 2 0 1224 1164 1163 1995
7851 2 2 0 1224 1163 1227 1995
7852 2 2 0 1224 1228 1164 1995
7853 2 2 0 1225 1228 1229 1996
7854 2 2 0 1225 1165 1164 1996
7855 2 2 0 1225 1164 1228 1996
7856 2 2 0 1225 1229 1165 1996
7857 2 2 0 1226 1229 1230 1997
7858 2 2 0 1226 1166 1165 1997
7859 2 2 0 1226 1230 1166 1997
7860 2 2 0 1226 1165 1229 1997
7861 2 2 0 1227 1230 1231 1998
7862 2 2 0 1227 1167 1166 1998
7863 2 2 0 1227 1166 1230 1998
7864 2 2 0 1227 1231 1167 1998
7865 2 2 0 1228 1231 1232 1999
7866 2 2 0 1228 1168 1167 1999
7867 2 2 0 1228 1167 1231 1999
7868 2 2 0 1228 1232 1168 1999
7869 2 2 0 1229 1232 1233 2000
7870 2 2 0 1229 1169 1168 2000
7871 2 2 0 1229 1233 1169 2000
7872 2 2 0 1229 1168 1232 2000
7873 2 2 0 1230 1233 1234 2001
7874 2 2 0 1230 1170 1169 2001
7875 2 2 0 1230 1169 1233 2001
7876 2 2 0 1230 1234 1170 2001
7877 2 2 0 1231 1234 1235 2002
7878 2 2 0 1231 1171 1170 2002
7879 2 2 0 1231 1235 1171 2002
7880 2 2 0 1231 1170 1234 2002
7881 2 2 0 1232 1235 1236 2003
7882 2 2 0 1232 1172 1171 2003
7883 2 2 0 1232 1236 1172 2003
7884 2 2 0 1232 1171 1235 2003
7885 2 2 0 1233 1236 1237 2004
7886 2 2 0 1233 1173 1172 2004
7887 2 2 0 1233 1172 1236 2004
7888 2 2 0 1233 1237 1173 2004
7889 2 2 0 1234 1237 1238 2005
7890 2 2 0 1234 1174 1173 2005
7891 2 2 0 1234 1238 1174 2005
7892 2 2 0 1234 1173 1237 2005
7893 2 2 0 1235 1238 1239 2006
7894 2 2 0 1235 1175 1174 2006
7895 2 2 0 1235 1239 1175 2006
7896 2 2 0 1235 1174 1238 2006
7897 2 2 0 1236 1239 1240 2007
7898 2 2 0 1236 1176 1175 2007
7899 2 2 0 1236 1175 1239 2007
7900 2 2 0 1236 1240 1176 2007
7901 2 2 0 1237 1240 1241 2008
7902 2 2 0 1237 1177 1176 2008
7903 2 2 0 1237 1176 1240 2008
7904 2 2 0 1237 1241 1177 2008
7905 2 2 0 1238 1241 1242 2009
7906 2 2 0 1238 1178 1177 2009
7907 2 2 0 1238 1242 1178 2009
7908 2 2 0 1238 1177 1241 2009
7909 2 2 0 1239 1242 1243 2010
7910 2 2 0 1239 1179 1178 2010
7911 2 2 0 1239 1243 1179 2010
7912 2 2 0 1239 1178 1242 2010
7913 2 2 0 1240 1243 1244 2011
7914 2 2 0 1240 1180 1179 2011
7915 2 2 0 1240 1179 1243 2011
7916 2 2 0 1240 1244 1180 2011
7917 2 2 0 1241 1244 1245 2012
7918 2 2 0 1241 1181 1180 2012
7919 2 2 0 1241 1180 1244 2012
7920 2 2 0 1241 1245 1181 2012
7921 2 2 0 1242 1245 1246 2013
7922 2 2 0 1242 1182 1181 2013
7923 2 2 0 1242 1246 1182 2013
7924 2 2 0 1242 1181 1245 2013
7925 2 2 0 1243 1246 1247 2014
7926 2 2 0 1243 1183 1182 2014
7927 2 2 0 1243 1182 1246 2014
7928 2 2 0 1243 1247 1183 2014
7929 2 2 0 1244 1247 1248 2015
7930 2 2 0 1244 1184 1183 2015
7931 2 2 0 1244 1183 1247 2015
7932 2 2 0 1244 1248 1184 2015
7933 2 2 0 1245 1248 1249 2016
7934 2 2 0 1245 1185 1184 2016
7935 2 2 0 1245 1249 1185 2016
7936 2 2 0 1245 1184 1248 2016
7937 2 2 0 1246 1249 1250 2017
7938 2 2 0 1246 1186 1185 2017
7939 2 2 0 1246 1185 1249 2017
7940 2 2 0 1246 1250 1186 2017
7941 2 2 0 1247 1250 1251 2018
7942 2 2 0 1247 1187 1186 2018
7943 2 2 0 1247 1251 1187 2018
7944 2 2 0 1247 1186 1250 2018
7945 2 2 0 1248 1251 1252 2019
7946 2 2 0 1248 1188 1187 2019
7947 2 2 0 1248 1252 1188 2019
7948 2 2 0 1248 1187 1251 2019
7949 2 2 0 1249 1252 1253 2020
7950 2 2 0 1249 1189 1188 2020
7951 2 2 0 1249 1188 1252 2020
7952 2 2 0 1249 1253 1189 2020
7953 2 2 0 1250 1253 1254 2021
7954 2 2 0 1250 1190 1189 2021
7955 2 2 0 1250 1254 1190 2021
7956 2 2 0 1250 1189 1253 2021
7957 2 2 0 1251 1254 1255 2022
7958 2 2 0 1251 1191 1190 2022
7959 2 2 0 1251 1255 1191 2022
7960 2 2 0 1251 1190 1254 2022
7961 2 2 0 1252 1255 1256 2023
7962 2 2 0 1252 1192 1191 2023
7963 2 2 0 1252 1191 1255 2023
7964 2 2 0 1252 1256 1192 2023
7965 2 2 0 1253 1256 1257 2024
7966 2 2 0 1253 1193 1192 2024
7967 2 2 0 1253 1192 1256 2024
7968 2 2 0 1253 1257 1193 2024
7969 2 2 0 1254 1257 1258 2025
7970 2 2 0 1254 1194 1193 2025
7971 2 2 0 1254 1258 1194 2025
7972 2 2 0 1254 1193 1257 2025
7973 2 2 0 1255 1258 1259 2026
7974 2 2 0 1255 1195 1194 2026
7975 2 2 0 1255 1259 1195 2026
7976 2 2 0 1255 1194 1258 2026
7977 2 2 0 1256 1259 1260 2027
7978 2 2 0 1256 1196 1195 2027
7979 2 2 0 1256 1195 1259 2027
7980 2 2 0 1256 1260 1196 2027
7981 2 2 0 1257 1260 1261 2028
7982 2 2 0 1257 1197 1196 2028
7983 2 2 0 1257 1196 1260 2028
7984 2 2 0 1257 1261 1197 2028
7985 2 2 0 1258 1261 1262 2029
7986 2 2 0 1258 1198 1197 2029
7987 2 2 0 1258 1262 1198 2029
7988 2 2 0 1258 1197 1261 2029
7989 2 2 0 1259 1262 1263 2030
7990 2 2 0 1259 1199 1198 2030
7991 2 2 0 1259 1198 1262 2030
7992 2 2 0 1259 1263 1199 2030
7993 2 2 0 1260 1263 1264 2031
7994 2 2 0 1260 1200 1199 2031
7995 2 2 0 1260 1199 1263 2031
7996 2 2 0 1260 1264 1200 2031
7997 2 2 0 1261 1264 1265 2032
7998 2 2 0 1261 1201 1200 2032
7999 2 2 0 1261 1265 1201 2032
8000 2 2 0 1261 1200 1264 2032
8001 2 2 0 1262 1265 1266 2033
8002 2 2 0 1262 1202 1201 2033
8003 2 2 0 1262 1201 1265 2033
8004 2 2 0 1262 1266 1202 2033
8005 2 2 0 1263 1266 1267 2034
8006 2 2 0 1263 1203 1202 2034
8007 2 2 0 1263 1267 1203 2034
8008 2 2 0 1263 1202 1266 2034
8009 2 2 0 1264 1267 1268 2035
8010 2 2 0 1264 1204 1203 2035
8011 2 2 0 1264 1268 1204 2035
8012 2 2 0 1264 1203 1267 2035
8013 2 2 0 1265 1268 1269 2036
8014 2 2 0 1265 1205 1204 2036
8015 2 2 0 1265 1204 1268 2036
8016 2 2 0 1265 1269 1205 2036
8017 2 2 0 1266 1269 1270 2037
8018 2 2 0 1266 1206 1205 2037
8019 2 2 0 1266 1270 1206 2037
8020 2 2 0 1266 1205 1269 2037
8021 2 2 0 1267 1270 1271 2038
8022 2 2 0 1267 1207 1206 2038
8023 2 2 0 1267 1271 1207 2038
8024 2 2 0 1267 1206 1270 2038
8025 2 2 0 1268 1271 1272 2039
8026 2 2 0 1268 1208 1207 2039
8027 2 2 0 1268 1207 1271 2039
8028 2 2 0 1268 1272 1208 2039
8029 2 2 0 1269 1272 1273 2040
8030 2 2 0 1269 1209 1208 2040
8031 2 2 0 1269 1208 1272 2040
8032 2 2 0 1269 1273 1209 2040
8033 2 2 0 1270 1273 1274 2041
8034 2 2 0 1270 1210 1209 2041
8035 2 2 0 1270 1274 1210 2041
8036 2 2 0 1270 1209 1273 2041
8037 2 2 0 1271 1274 1275 2042
8038 2 2 0 1271 1211 1210 2042
8039 2 2 0 1271 1275 1211 2042
8040 2 2 0 1271 1210 1274 2042
8041 2 2 0 1272 1275 1276 2043
8042 2 2 0 1272 1212 1211 2043
8043 2 2 0 1272 1211 1275 2043
8044 2 2 0 1272 1276 1212 2043
8045 2 2 0 1273 1276 1277 2044
8046 2 2 0 1273 1213 1212 2044
8047 2 2 0 1273 1212 1276 2044
8048 2 2 0 1273 1277 1213 2044
8049 2 2 0 1274 1277 1278 2045
8050 2 2 0 1274 1214 1213 2045
8051 2 2 0 1274 1278 1214 2045
8052 2 2 0 1274 1213 1277 2045
8053 2 2 0 1275 1278 1279 2046
8054 2 2 0 1275 1215 1214 2046
8055 2 2 0 1275 1214 1278 2046
8056 2 2 0 1275 1279 1215 2046
8057 2 2 0 1276 1279 1280 2047
8058 2 2 0 1276 1216 1215 2047
8059 2 2 0 1276 1215 1279 2047
8060 2 2 0 1276 1280 1216 2047
8061 2 2 0 1277 1280 1217 2048
8062 2 2 0 1277 1153 1216 2048
8063 2 2 0 1277 1217 1153 2048
8064 2 2 0 1277 1216 1280 2048
8065 2 2 0 1278 1281 1282 2049
8066 2 2 0 1278 1218 1217 2049
8067 2 2 0 1278 1282 1218 2049
8068 2 2 0 1278 1217 1281 2049
8069 2 2 0 1279 1282 1283 2050
8070 2 2 0 1279 1219 1218 2050
8071 2 2 0 1279 1218 1282 2050
8072 2 2 0 1279 1283 1219 2050
8073 2 2 0 1280 1283 1284 2051
8074 2 2 0 1280 1220 1219 2051
8075 2 2 0 1280 1219 1283 2051
8076 2 2 0 1280 1284 1220 2051
8077 2 2 0 1281 1284 1285 2052
8078 2 2 0 1281 1221 1220 2052
8079 2 2 0 1281 1220 1284 2052
8080 2 2 0 1281 1285 1221 2052
8081 2 2 0 1282 1285 1286 2053
8082 2 2 0 1282 1222 1221 2053
8083 2 2 0 1282 1286 1222 2053
8084 2 2 0 1282 1221 1285 2053
8085 2 2 0 1283 1286 1287 2054
8086 2 2 0 1283 1223 1222 2054
8087 2 2 0 1283 1222 1286 2054
8088 2 2 0 1283 1287 1223 2054
8089 2 2 0 1284 1287 1288 2055
8090 2 2 0 1284 1224 1223 2055
8091 2 2 0 1284 1288 1224 2055
8092 2 2 0 1284 1223 1287 2055
8093 2 2 0 1285 1288 1289 2056
8094 2 2 0 1285 1225 1224 2056
8095 2 2 0 1285 1289 1225 2056
8096 2 2 0 1285 1224 1288 2056
8097 2 2 0 1286 1289 1290 2057
8098 2 2 0 1286 1226 1225 2057
8099 2 2 0 1286 1225 1289 2057
8100 2 2 0 1286 1290 1226 2057
8101 2 2 0 1287 1290 1291 2058
8102 2 2 0 1287 1227 1226 2058
8103 2 2 0 1287 1226 1290 2058
8104 2 2 0 1287 1291 1227 2058
8105 2 2 0 1288 1291 1292 2059
8106 2 2 0 1288 1228 1227 2059
8107 2 2 0 1288 1292 1228 2059
8108 2 2 0 1288 1227 1291 2059
8109 2 2 0 1289 1292 1293 2060
8110 2 2 0 1289 1229 1228 2060
8111 2 2 0 1289 1228 1292 2060
8112 2 2 0 1289 1293 1229 2060
8113 2 2 0 1290 1293 1294 2061
8114 2 2 0 1290 1230 1229 2061
8115 2 2 0 1290 1294 1230 2061
8116 2 2 0 1290 1229 1293 2061
8117 2 2 0 1291 1294 1295 2062
8118 2 2 0 1291 1231 1230 2062
8119 2 2 0 1291 1295 1231 2062
8120 2 2 0 1291 1230 1294 2062
8121 2 2 0 1292 1295 1296 2063
8122 2 2 0 1292 1232 1231 2063
8123 2 2 0 1292 1296 1232 2063
8124 2 2 0 1292 1231 1295 2063
8125 2 2 0 1293 1296 1297 2064
8126 2 2 0 1293 1233 1232 2064
8127 2 2 0 1293 1232 1296 2064
8128 2 2 0 1293 1297 1233 2064
8129 2 2 0 1294 1297 1298 2065
8130 2 2 0 1294 1234 1233 2065
8131 2 2 0 1294 1298 1234 2065
8132 2 2 0 1294 1233 1297 2065
8133 2 2 0 1295 1298 1299 2066
8134 2 2 0 1295 1235 1234 2066
8135 2 2 0 1295 1234 1298 2066
8136 2 2 0 1295 1299 1235 2066
8137 2 2 0 1296 1299 1300 2067
8138 2 2 0 1296 1236 1235 2067
8139 2 2 0 1296 1235 1299 2067
8140 2 2 0 1296 1300 1236 2067
8141 2 2 0 1297 1300 1301 2068
8142 2 2 0 1297 1237 1236 2068
8143 2 2 0 1297 1236 1300 2068
8144 2 2 0 1297 1301 1237 2068
8145 2 2 0 1298 1301 1302 2069
8146 2 2 0 1298 1238 1237 2069
8147 2 2 0 1298 1302 1238 2069
8148 2 2 0 1298 1237 1301 2069
8149 2 2 0 1299 1302 1303 2070
8150 2 2 0 1299 1239 1238 2070
8151 2 2 0 1299 1238 1302 2070
8152 2 2 0 1299 1303 1239 2070
8153 2 2 0 1300 1303 1304 2071
8154 2 2 0 1300 1240 1239 2071
8155 2 2 0 1300 1304 1240 2071
8156 2 2 0 1300 1239 1303 2071
8157 2 2 0 1301 1304 1305 2072
8158 2 2 0 1301 1241 1240 2072
8159 2 2 0 1301 1305 1241 2072
8160 2 2 0 1301 1240 1304 2072
8161 2 2 0 1302 1305 1306 2073
8162 2 2 0 1302 1242 1241 2073
8163 2 2 0 1302 1241 1305 2073
8164 2 2 0 1302 1306 1242 2073
8165 2 2 0 1303 1306 1307 2074
8166 2 2 0 1303 1243 1242 2074
8167 2 2 0 1303 1242 1306 2074
8168 2 2 0 1303 1307 1243 2074
8169 2 2 0 1304 1307 1308 2075
8170 2 2 0 1304 1244 1243 2075
8171 2 2 0 1304 1308 1244 2075
8172 2 2 0 1304 1243 1307 2075
8173 2 2 0 1305 1308 1309 2076
8174 2 2 0 1305 1245 1244 2076
8175 2 2 0 1305 1244 1308 2076
8176 2 2 0 1305 1309 1245 2076
8177 2 2 0 1306 1309 1310 2077
8178 2 2 0 1306 1246 1245 2077
8179 2 2 0 1306 1310 1246 2077
8180 2 2 0 1306 1245 1309 2077
8181 2 2 0 1307 1310 1311 2078
8182 2 2 0 1307 1247 1246 2078
8183 2 2 0 1307 1311 1247 2078
8184 2 2 0 1307 1246 1310 2078
8185 2 2 0 1308 1311 1312 2079
8186 2 2 0 1308 1248 1247 2079
8187 2 2 0 1308 1312 1248 2079
8188 2 2 0 1308 1247 1311 2079
8189 2 2 0 1309 1312 1313 2080
8190 2 2 0 1309 1249 1248 2080
8191 2 2 0 1309 1248 1312 2080
8192 2 2 0 1309 1313 1249 2080
8193 2 2 0 1310 1313 1314 2081
8194 2 2 0 1310 1250 1249 2081
8195 2 2 0 1310 1314 1250 2081
8196 2 2 0 1310 1249 1313 2081
8197 2 2 0 1311 1314 1315 2082
8198 2 2 0 1311 1251 1250 2082
8199 2 2 0 1311 1250 1314 2082
8200 2 2 0 1311 1315 1251 2082
8201 2 2 0 1312 1315 1316 2083
8202 2 2 0 1312 1252 1251 2083
8203 2 2 0 1312 1251 1315 2083
8204 2 2 0 1312 1316 1252 2083
8205 2 2 0 1313 1316 1317 2084
8206 2 2 0 1313 1253 1252 2084
8207 2 2 0 1313 1252 1316 2084
8208 2 2 0 1313 1317 1253 2084
8209 2 2 0 1314 1317 1318 2085
8210 2 2 0 1314 1254 1253 2085
8211 2 2 0 1314 1318 1254 2085
8212 2 2 0 1314 1253 1317 2085
8213 2 2 0 1315 1318 1319 2086
8214 2 2 0 1315 1255 1254 2086
8215 2 2 0 1315 1254 1318 2086
8216 2 2 0 1315 1319 1255 2086
8217 2 2 0 1316 1319 1320 2087
8218 2 2 0 1316 1256 1255 2087
8219 2 2 0 1316 1320 1256 2087
8220 2 2 0 1316 1255 1319 2087
8221 2 2 0 1317 1320 1321 2088
8222 2 2 0 1317 1257 1256 2088
8223 2 2 0 1317 1321 1257 2088
8224 2 2 0 1317 1256 1320 2088
8225 2 2 0 1318 1321 1322 2089
8226 2 2 0 1318 1258 1257 2089
8227 2 2 0 1318 1257 1321 2089
8228 2 2 0 1318 1322 1258 2089
8229 2 2 0 1319 1322 1323 2090
8230 2 2 0 1319 1259 1258 2090
8231 2 2 0 1319 1258 1322 2090
8232 2 2 0 1319 1323 1259 2090
8233 2 2 0 1320 1323 1324 2091
8234 2 2 0 1320 1260 1259 2091
8235 2 2 0 1320 1324 1260 2091
8236 2 2 0 1320 1259 1323 2091
8237 2 2 0 1321 1324 1325 2092
8238 2 2 0 1321 1261 1260 2092
8239 2 2 0 1321 1260 1324 2092
8240 2 2 0 1321 1325 1261 2092
8241 2 2 0 1322 1325 1326 2093
8242 2 2 0 1322 1262 1261 2093
8243 2 2 0 1322 1326 1262 2093
8244 2 2 0 1322 1261 1325 2093
8245 2 2 0 1323 1326 1327 2094
8246 2 2 0 1323 1263 1262 2094
8247 2 2 0 1323 1327 1263 2094
8248 2 2 0 1323 1262 1326 2094
8249 2 2 0 1324 1327 1328 2095
8250 2 2 0 1324 1264 1263 2095
8251 2 2 0 1324 1328 1264 2095
8252 2 2 0 1324 1263 1327 2095
8253 2 2 0 1325 1328 1329 2096
8254 2 2 0 1325 1265 1264 2096
8255 2 2 0 1325 1264 1328 2096
8256 2 2 0 1325 1329 1265 2096
8257 2 2 0 1326 1329 1330 2097
8258 2 2 0 1326 1266 1265 2097
8259 2 2 0 1326 1330 1266 2097
8260 2 2 0 1326 1265 1329 2097
8261 2 2 0 1327 1330 1331 2098
8262 2 2 0 1327 1267 1266 2098
8263 2 2 0 1327 1266 1330 2098
8264 2 2 0 1327 1331 1267 2098
8265 2 2 0 1328 1331 1332 2099
8266 2 2 0 1328 1268 1267 2099
8267 2 2 0 1328 1267 1331 2099
8268 2 2 0 1328 1332 1268 2099
8269 2 2 0 1329 1332 1333 2100
8270 2 2 0 1329 1269 1268 2100
8271 2 2 0 1329 1268 1332 2100
8272 2 2 0 1329 1333 1269 2100
8273 2 2 0 1330 1333 1334 2101
8274 2 2 0 1330 1270 1269 2101
8275 2 2 0 1330 1334 1270 2101
8276 2 2 0 1330 1269 1333 2101
8277 2 2 0 1331 1334 1335 2102
8278 2 2 0 1331 1271 1270 2102
8279 2 2 0 1331 1270 1334 2102
8280 2 2 0 1331 1335 1271 2102
8281 2 2 0 1332 1335 1336 2103
8282 2 2 0 1332 1272 1271 2103
8283 2 2 0 1332 1336 1272 2103
8284 2 2 0 1332 1271 1335 2103
8285 2 2 0 1333 1336 1337 2104
8286 2 2 0 1333 1273 1272 2104
8287 2 2 0 1333 1337 1273 2104
8288 2 2 0 1333 1272 1336 2104
8289 2 2 0 1334 1337 1338 2105
8290 2 2 0 1334 1274 1273 2105
8291 2 2 0 1334 1273 1337 2105
8292 2 2 0 1334 1338 1274 2105
8293 2 2 0 1335 1338 1339 2106
8294 2 2 0 1335 1275 1274 2106
8295 2 2 0 1335 1274 1338 2106
8296 2 2 0 1335 1339 1275 2106
8297 2 2 0 1336 1339 1340 2107
8298 2 2 0 1336 1276 1275 2107
8299 2 2 0 1336 1340 1276 2107
8300 2 2 0 1336 1275 1339 2107
8301 2 2 0 1337 1340 1341 2108
8302 2 2 0 1337 1277 1276 2108
8303 2 2 0 1337 1276 1340 2108
8304 2 2 0 1337 1341 1277 2108
8305 2 2 0 1338 1341 1342 2109
8306 2 2 0 1338 1278 1277 2109
8307 2 2 0 1338 1342 1278 2109
8308 2 2 0 1338 1277 1341 2109
8309 2 2 0 1339 1342 1343 2110
8310 2 2 0 1339 1279 1278 2110
8311 2 2 0 1339 1343 1279 2110
8312 2 2 0 1339 1278 1342 2110
8313 2 2 0 1340 1343 1344 2111
8314 2 2 0 1340 1280 1279 2111
8315 2 2 0 1340 1344 1280 2111
8316 2 2 0 1340 1279 1343 2111
8317 2 2 0 1341 1344 1281 2112
8318 2 2 0 1341 1217 1280 2112
8319 2 2 0 1341 1280 1344 2112
8320 2 2 0 1341 1281 1217 2112
8321 2 2 0 1342 1282 1281 2113
8322 2 2 0 1342 1281 1345 2113
8323 2 2 0 1342 1346 1282 2113
8324 2 2 0 1342 1345 1346 2113
8325 2 2 0 1343 1283 1282 2114
8326 2 2 0 1343 1282 1346 2114
8327 2 2 0 1343 1347 1283 2114
8328 2 2 0 1343 1346 1347 2114
8329 2 2 0 1344 1284 1283 2115
8330 2 2 0 1344 1283 1347 2115
8331 2 2 0 1344 1348 1284 2115
8332 2 2 0 1344 1347 1348 2115
8333 2 2 0 1345 1285 1284 2116
8334 2 2 0 1345 1284 1348 2116
8335 2 2 0 1345 1349 1285 2116
8336 2 2 0 1345 1348 1349 2116
8337 2 2 0 1346 1286 1285 2117
8338 2 2 0 1346 1285 1349 2117
8339 2 2 0 1346 1350 1286 2117
8340 2 2 0 1346 1349 1350 2117
8341 2 2 0 1347 1287 1286 2118
8342 2 2 0 1347 1351 1287 2118
8343 2 2 0 1347 1286 1350 2118
8344 2 2 0 1347 1350 1351 2118
8345 2 2 0 1348 1288 1287 2119
8346 2 2 0 1348 1352 1288 2119
8347 2 2 0 1348 1287 1351 2119
8348 2 2 0 1348 1351 1352 2119
8349 2 2 0 1349 1289 1288 2120
8350 2 2 0 1349 1288 1352 2120
8351 2 2 0 1349 1353 1289 2120
8352 2 2 0 1349 1352 1353 2120
8353 2 2 0 1350 1290 1289 2121
8354 2 2 0 1350 1354 1290 2121
8355 2 2 0 1350 1289 1353 2121
8356 2 2 0 1350 1353 1354 2121
8357 2 2 0 1351 1291 1290 2122
8358 2 2 0 1351 1290 1354 2122
8359 2 2 0 1351 1355 1291 2122
8360 2 2 0 1351 1354 1355 2122
8361 2 2 0 1352 1292 1291 2123
8362 2 2 0 1352 1291 1355 2123
8363 2 2 0 1352 1356 1292 2123
8364 2 2 0 1352 1355 1356 2123
8365 2 2 0 1353 1293 1292 2124
8366 2 2 0 1353 1357 1293 2124
8367 2 2 0 1353 1292 1356 2124
8368 2 2 0 1353 1356 1357 2124
8369 2 2 0 1354 1294 1293 2125
8370 2 2 0 1354 1358 1294 2125
8371 2 2 0 1354 1293 1357 2125
8372 2 2 0 1354 1357 1358 2125
8373 2 2 0 1355 1295 1294 2126
8374 2 2 0 1355 1359 1295 2126
8375 2 2 0 1355 1294 1358 2126
8376 2 2 0 1355 1358 1359 2126
8377 2 2 0 1356 1296 1295 2127
8378 2 2 0 1356 1360 1296 2127
8379 2 2 0 1356 1295 1359 2127
8380 2 2 0 1356 1359 1360 2127
8381 2 2 0 1357 1297 1296 2128
8382 2 2 0 1357 1361 1297 2128
8383 2 2 0 1357 1296 1360 2128
8384 2 2 0 1357 1360 1361 2128
8385 2 2 0 1358 1298 1297 2129
8386 2 2 0 1358 1297 1361 2129
8387 2 2 0 1358 1362 1298 2129
8388 2 2 0 1358 1361 1362 2129
8389 2 2 0 1359 1299 1298 2130
8390 2 2 0 1359 1298 1362 2130
8391 2 2 0 1359 1363 1299 2130
8392 2 2 0 1359 1362 1363 2130
8393 2 2 0 1360 1300 1299 2131
8394 2 2 0 1360 1299 1363 2131
8395 2 2 0 1360 1364 1300 2131
8396 2 2 0 1360 1363 1364 2131
8397 2 2 0 1361 1301 1300 2132
8398 2 2 0 1361 1300 1364 2132
8399 2 2 0 1361 1365 1301 2132
8400 2 2 0 1361 1364 1365 2132
8401 2 2 0 1362 1302 1301 2133
8402 2 2 0 1362 1301 1365 2133
8403 2 2 0 1362 1366 1302 2133
8404 2 2 0 1362 1365 1366 2133
8405 2 2 0 1363 1303 1302 2134
8406 2 2 0 1363 1367 1303 2134
8407 2 2 0 1363 1302 1366 2134
8408 2 2 0 1363 1366 1367 2134
8409 2 2 0 1364 1304 1303 2135
8410 2 2 0 1364 1368 1304 2135
8411 2 2 0 1364 1303 1367 2135
8412 2 2 0 1364 1367 1368 2135
8413 2 2 0 1365 1305 1304 2136
8414 2 2 0 1365 1304 1368 2136
8415 2 2 0 1365 1369 1305 2136
8416 2 2 0 1365 1368 1369 2136
8417 2 2 0 1366 1306 1305 2137
8418 2 2 0 1366 1370 1306 2137
8419 2 2 0 1366 1305 1369 2137
8420 2 2 0 1366 1369 1370 2137
8421 2 2 0 1367 1307 1306 2138
8422 2 2 0 1367 1306 1370 2138
8423 2 2 0 1367 1371 1307 2138
8424 2 2 0 1367 1370 1371 2138
8425 2 2 0 1368 1308 1307 2139
8426 2 2 0 1368 1307 1371 2139
8427 2 2 0 1368 1372 1308 2139
8428 2 2 0 1368 1371 1372 2139
8429 2 2 0 1369 1309 1308 2140
8430 2 2 0 1369 1373 1309 2140
8431 2 2 0 1369 1308 1372 2140
8432 2 2 0 1369 1372 1373 2140
8433 2 2 0 1370 1310 1309 2141
8434 2 2 0 1370 1374 1310 2141
8435 2 2 0 1370 1309 1373 2141
8436 2 2 0 1370 1373 1374 2141
8437 2 2 0 1371 1311 1310 2142
8438 2 2 0 1371 1375 1311 2142
8439 2 2 0 1371 1310 1374 2142
8440 2 2 0 1371 1374 1375 2142
8441 2 2 0 1372 1312 1311 2143
8442 2 2 0 1372 1376 1312 2143
8443 2 2 0 1372 1311 1375 2143
8444 2 2 0 1372 1375 1376 2143
8445 2 2 0 1373 1313 1312 2144
8446 2 2 0 1373 1377 1313 2144
8447 2 2 0 1373 1312 1376 2144
8448 2 2 0 1373 1376 1377 2144
8449 2 2 0 1374 1314 1313 2145
8450 2 2 0 1374 1313 1377 2145
8451 2 2 0 1374 1378 1314 2145
8452 2 2 0 1374 1377 1378 2145
8453 2 2 0 1375 1315 1314 2146
8454 2 2 0 1375 1314 1378 2146
8455 2 2 0 1375 1379 1315 2146
8456 2 2 0 1375 1378 1379 2146
8457 2 2 0 1376 1316 1315 2147
8458 2 2 0 1376 1315 1379 2147
8459 2 2 0 1376 1380 1316 2147
8460 2 2 0 1376 1379 1380 2147
8461 2 2 0 1377 1317 1316 2148
8462 2 2 0 1377 1316 1380 2148
8463 2 2 0 1377 1381 1317 2148
8464 2 2 0 1377 1380 1381 2148
8465 2 2 0 1378 1318 1317 2149
8466 2 2 0 1378 1317 1381 2149
8467 2 2 0 1378 1382 1318 2149
8468 2 2 0 1378 1381 1382 2149
8469 2 2 0 1379 1319 1318 2150
8470 2 2 0 1379 1383 1319 2150
8471 2 2 0 1379 1318 1382 2150
8472 2 2 0 1379 1382 1383 2150
8473 2 2 0 1380 1320 1319 2151
8474 2 2 0 1380 1384 1320 2151
8475 2 2 0 1380 1319 1383 2151
8476 2 2 0 1380 1383 1384 2151
8477 2 2 0 1381 1321 1320 2152
8478 2 2 0 1381 1320 1384 2152
8479 2 2 0 1381 1385 1321 2152
8480 2 2 0 1381 1384 1385 2152
8481 2 2 0 1382 1322 1321 2153
8482 2 2 0 1382 1386 1322 2153
8483 2 2 0 1382 1321 1385 2153
8484 2 2 0 1382 1385 1386 2153
8485 2 2 0 1383 1323 1322 2154
8486 2 2 0 1383 1322 1386 2154
8487 2 2 0 1383 1387 1323 2154
8488 2 2 0 1383 1386 1387 2154
8489 2 2 0 1384 1324 1323 2155
8490 2 2 0 1384 1323 1387 2155
8491 2 2 0 1384 1388 1324 2155
8492 2 2 0 1384 1387 1388 2155
8493 2 2 0 1385 1325 1324 2156
8494 2 2 0 1385 1389 1325 2156
8495 2 2 0 1385 1324 1388 2156
8496 2 2 0 1385 1388 1389 2156
8497 2 2 0 1386 1326 1325 2157
8498 2 2 0 1386 1390 1326 2157
8499 2 2 0 1386 1325 1389 2157
8500 2 2 0 1386 1389 1390 2157
8501 2 2 0 1387 1327 1326 2158
8502 2 2 0 1387 1391 1327 2158
8503 2 2 0 1387 1326 1390 2158
8504 2 2 0 1387 1390 1391 2158
8505 2 2 0 1388 1328 1327 2159
8506 2 2 0 1388 1392 1328 2159
8507 2 2 0 1388 1327 1391 2159
8508 2 2 0 1388 1391 1392 2159
8509 2 2 0 1389 1329 1328 2160
8510 2 2 0 1389 1393 1329 2160
8511 2 2 0 1389 1328 1392 2160
8512 2 2 0 1389 1392 1393 2160
8513 2 2 0 1390 1330 1329 2161
8514 2 2 0 1390 1329 1393 2161
8515 2 2 0 1390 1394 1330 2161
8516 2 2 0 1390 1393 1394 2161
8517 2 2 0 1391 1331 1330 2162
8518 2 2 0 1391 1330 1394 2162
8519 2 2 0 1391 1395 1331 2162
8520 2 2 0 1391 1394 1395 2162
8521 2 2 0 1392 1332 1331 2163
8522 2 2 0 1392 1331 1395 2163
8523 2 2 0 1392 1396 1332 2163
8524 2 2 0 1392 1395 1396 2163
8525 2 2 0 1393 1333 1332 2164
8526 2 2 0 1393 1332 1396 2164
8527 2 2 0 1393 1397 1333 2164
8528 2 2 0 1393 1396 1397 2164
8529 2 2 0 1394 1334 1333 2165
8530 2 2 0 1394 1333 1397 2165
8531 2 2 0 1394 1398 1334 2165
8532 2 2 0 1394 1397 1398 2165
8533 2 2 0 1395 1335 1334 2166
8534 2 2 0 1395 1399 1335 2166
8535 2 2 0 1395 1334 1398 2166
8536 2 2 0 1395 1398 1399 2166
8537 2 2 0 1396 1336 1335 2167
8538 2 2 0 1396 1400 1336 2167
8539 2 2 0 1396 1335 1399 2167
8540 2 2 0 1396 1399 1400 2167
8541 2 2 0 1397 1337 1336 2168
8542 2 2 0 1397 1336 1400 2168
8543 2 2 0 1397 1401 1337 2168
8544 2 2 0 1397 1400 1401 2168
8545 2 2 0 1398 1338 1337 2169
8546 2 2 0 1398 1402 1338 2169
8547 2 2 0 1398 1337 1401 2169
8548 2 2 0 1398 1401 1402 2169
8549 2 2 0 1399 1339 1338 2170
8550 2 2 0 1399 1338 1402 2170
8551 2 2 0 1399 1403 1339 2170
8552 2 2 0 1399 1402 1403 2170
8553 2 2 0 1400 1340 1339 2171
8554 2 2 0 1400 1339 1403 2171
8555 2 2 0 1400 1404 1340 2171
8556 2 2 0 1400 1403 1404 2171
8557 2 2 0 1401 1341 1340 2172
8558 2 2 0 1401 1405 1341 2172
8559 2 2 0 1401 1340 1404 2172
8560 2 2 0 1401 1404 1405 2172
8561 2 2 0 1402 1342 1341 2173
8562 2 2 0 1402 1406 1342 2173
8563 2 2 0 1402 1341 1405 2173
8564 2 2 0 1402 1405 1406 2173
8565 2 2 0 1403 1343 1342 2174
8566 2 2 0 1403 1407 1343 2174
8567 2 2 0 1403 1342 1406 2174
8568 2 2 0 1403 1406 1407 2174
8569 2 2 0 1404 1344 1343 2175
8570 2 2 0 1404 1408 1344 2175
8571 2 2 0 1404 1343 1407 2175
8572 2 2 0 1404 1407 1408 2175
8573 2 2 0 1405 1281 1344 2176
8574 2 2 0 1405 1345 1281 2176
8575 2 2 0 1405 1344 1408 2176
8576 2 2 0 1405 1408 1345 2176
8577 2 2 0 1406 1410 1346 2177
8578 2 2 0 1406 1345 1409 2177
8579 2 2 0 1406 1346 1345 2177
8580 2 2 0 1406 1409 1410 2177
8581 2 2 0 1407 1411 1347 2178
8582 2 2 0 1407 1346 1410 2178
8583 2 2 0 1407 1347 1346 2178
8584 2 2 0 1407 1410 1411 2178
8585 2 2 0 1408 1412 1348 2179
8586 2 2 0 1408 1347 1411 2179
8587 2 2 0 1408 1348 1347 2179
8588 2 2 0 1408 1411 1412 2179
8589 2 2 0 1409 1348 1412 2180
8590 2 2 0 1409 1413 1349 2180
8591 2 2 0 1409 1349 1348 2180
8592 2 2 0 1409 1412 1413 2180
8593 2 2 0 1410 1349 1413 2181
8594 2 2 0 1410 1414 1350 2181
8595 2 2 0 1410 1350 1349 2181
8596 2 2 0 1410 1413 1414 2181
8597 2 2 0 1411 1415 1351 2182
8598 2 2 0 1411 1350 1414 2182
8599 2 2 0 1411 1351 1350 2182
8600 2 2 0 1411 1414 1415 2182
8601 2 2 0 1412 1351 1415 2183
8602 2 2 0 1412 1416 1352 2183
8603 2 2 0 1412 1352 1351 2183
8604 2 2 0 1412 1415 1416 2183
8605 2 2 0 1413 1417 1353 2184
8606 2 2 0 1413 1352 1416 2184
8607 2 2 0 1413 1353 1352 2184
8608 2 2 0 1413 1416 1417 2184
8609 2 2 0 1414 1353 1417 2185
8610 2 2 0 1414 1418 1354 2185
8611 2 2 0 1414 1354 1353 2185
8612 2 2 0 1414 1417 1418 2185
8613 2 2 0 1415 1419 1355 2186
8614 2 2 0 1415 1354 1418 2186
8615 2 2 0 1415 1355 1354 2186
8616 2 2 0 1415 1418 1419 2186
8617 2 2 0 1416 1355 1419 2187
8618 2 2 0 1416 1420 1356 2187
8619 2 2 0 1416 1356 1355 2187
8620 2 2 0 1416 1419 1420 2187
8621 2 2 0 1417 1421 1357 2188
8622 2 2 0 1417 1356 1420 2188
8623 2 2 0 1417 1357 1356 2188
8624 2 2 0 1417 1420 1421 2188
8625 2 2 0 1418 1422 1358 2189
8626 2 2 0 1418 1357 1421 2189
8627 2 2 0 1418 1358 1357 2189
8628 2 2 0 1418 1421 1422 2189
8629 2 2 0 1419 1358 1422 2190
8630 2 2 0 1419 1423 1359 2190
8631 2 2 0 1419 1359 1358 2190
8632 2 2 0 1419 1422 1423 2190
8633 2 2 0 1420 1359 1423 2191
8634 2 2 0 1420 1424 1360 2191
8635 2 2 0 1420 1360 1359 2191
8636 2 2 0 1420 1423 1424 2191
8637 2 2 0 1421 1360 1424 2192
8638 2 2 0 1421 1425 1361 2192
8639 2 2 0 1421 1361 1360 2192
8640 2 2 0 1421 1424 1425 2192
8641 2 2 0 1422 1426 1362 2193
8642 2 2 0 1422 1361 1425 2193
8643 2 2 0 1422 1362 1361 2193
8644 2 2 0 1422 1425 1426 2193
8645 2 2 0 1423 1427 1363 2194
8646 2 2 0 1423 1362 1426 2194
8647 2 2 0 1423 1363 1362 2194
8648 2 2 0 1423 1426 1427 2194
8649 2 2 0 1424 1428 1364 2195
8650 2 2 0 1424 1363 1427 2195
8651 2 2 0 1424 1364 1363 2195
8652 2 2 0 1424 1427 1428 2195
8653 2 2 0 1425 1364 1428 2196
8654 2 2 0 1425 1429 1365 2196
8655 2 2 0 1425 1365 1364 2196
8656 2 2 0 1425 1428 1429 2196
8657 2 2 0 1426 1365 1429 2197
8658 2 2 0 1426 1430 1366 2197
8659 2 2 0 1426 1366 1365 2197
8660 2 2 0 1426 1429 1430 2197
8661 2 2 0 1427 1431 1367 2198
8662 2 2 0 1427 1366 1430 2198
8663 2 2 0 1427 1367 1366 2198
8664 2 2 0 1427 1430 1431 2198
8665 2 2 0 1428 1367 1431 2199
8666 2 2 0 1428 1432 1368 2199
8667 2 2 0 1428 1368 1367 2199
8668 2 2 0 1428 1431 1432 2199
8669 2 2 0 1429 1433 1369 2200
8670 2 2 0 1429 1368 1432 2200
8671 2 2 0 1429 1369 1368 2200
8672 2 2 0 1429 1432 1433 2200
8673 2 2 0 1430 1369 1433 2201
8674 2 2 0 1430 1434 1370 2201
8675 2 2 0 1430 1370 1369 2201
8676 2 2 0 1430 1433 1434 2201
8677 2 2 0 1431 1435 1371 2202
8678 2 2 0 1431 1370 1434 2202
8679 2 2 0 1431 1371 1370 2202
8680 2 2 0 1431 1434 1435 2202
8681 2 2 0 1432 1371 1435 2203
8682 2 2 0 1432 1436 1372 2203
8683 2 2 0 1432 1372 1371 2203
8684 2 2 0 1432 1435 1436 2203
8685 2 2 0 1433 1437 1373 2204
8686 2 2 0 1433 1372 1436 2204
8687 2 2 0 1433 1373 1372 2204
8688 2 2 0 1433 1436 1437 2204
8689 2 2 0 1434 1438 1374 2205
8690 2 2 0 1434 1373 1437 2205
8691 2 2 0 1434 1374 1373 2205
8692 2 2 0 1434 1437 1438 2205
8693 2 2 0 1435 1374 1438 2206
8694 2 2 0 1435 1439 1375 2206
8695 2 2 0 1435 1375 1374 2206
8696 2 2 0 1435 1438 1439 2206
8697 2 2 0 1436 1375 1439 2207
8698 2 2 0 1436 1440 1376 2207
8699 2 2 0 1436 1376 1375 2207
8700 2 2 0 1436 1439 1440 2207
8701 2 2 0 1437 1376 1440 2208
8702 2 2 0 1437 1441 1377 2208
8703 2 2 0 1437 1377 1376 2208
8704 2 2 0 1437 1440 1441 2208
8705 2 2 0 1438 1442 1378 2209
8706 2 2 0 1438 1377 1441 2209
8707 2 2 0 1438 1378 1377 2209
8708 2 2 0 1438 1441 1442 2209
8709 2 2 0 1439 1443 1379 2210
8710 2 2 0 1439 1378 1442 2210
8711 2 2 0 1439 1379 1378 2210
8712 2 2 0 1439 1442 1443 2210
8713 2 2 0 1440 1444 1380 2211
8714 2 2 0 1440 1379 1443 2211
8715 2 2 0 1440 1380 1379 2211
8716 2 2 0 1440 1443 1444 2211
8717 2 2 0 1441 1380 1444 2212
8718 2 2 0 1441 1445 1381 2212
8719 2 2 0 1441 1381 1380 2212
8720 2 2 0 1441 1444 1445 2212
8721 2 2 0 1442 1381 1445 2213
8722 2 2 0 1442 1446 1382 2213
8723 2 2 0 1442 1382 1381 2213
8724 2 2 0 1442 1445 1446 2213
8725 2 2 0 1443 1447 1383 2214
8726 2 2 0 1443 1382 1446 2214
8727 2 2 0 1443 1383 1382 2214
8728 2 2 0 1443 1446 1447 2214
8729 2 2 0 1444 1383 1447 2215
8730 2 2 0 1444 1448 1384 2215
8731 2 2 0 1444 1384 1383 2215
8732 2 2 0 1444 1447 1448 2215
8733 2 2 0 1445 1449 1385 2216
8734 2 2 0 1445 1384 1448 2216
8735 2 2 0 1445 1385 1384 2216
8736 2 2 0 1445 1448 1449 2216
8737 2 2 0 1446 1385 1449 2217
8738 2 2 0 1446 1450 1386 2217
8739 2 2 0 1446 1386 1385 2217
8740 2 2 0 1446 1449 1450 2217
8741 2 2 0 1447 1451 1387 2218
8742 2 2 0 1447 1386 1450 2218
8743 2 2 0 1447 1387 1386 2218
8744 2 2 0 1447 1450 1451 2218
8745 2 2 0 1448 1387 1451 2219
8746 2 2 0 1448 1452 1388 2219
8747 2 2 0 1448 1388 1387 2219
8748 2 2 0 1448 1451 1452 2219
8749 2 2 0 1449 1453 1389 2220
8750 2 2 0 1449 1388 1452 2220
8751 2 2 0 1449 1389 1388 2220
8752 2 2 0 1449 1452 1453 2220
8753 2 2 0 1450 1454 1390 2221
8754 2 2 0 1450 1389 1453 2221
8755 2 2 0 1450 1390 1389 2221
8756 2 2 0 1450 1453 1454 2221
8757 2 2 0 1451 1390 1454 2222
8758 2 2 0 1451 1455 1391 2222
8759 2 2 0 1451 1391 1390 2222
8760 2 2 0 1451 1454 1455 2222
8761 2 2 0 1452 1391 1455 2223
8762 2 2 0 1452 1456 1392 2223
8763 2 2 0 1452 1392 1391 2223
8764 2 2 0 1452 1455 1456 2223
8765 2 2 0 1453 1392 1456 2224
8766 2 2 0 1453 1457 1393 2224
8767 2 2 0 1453 1393 1392 2224
8768 2 2 0 1453 1456 1457 2224
8769 2 2 0 1454 1458 1394 2225
8770 2 2 0 1454 1393 1457 2225
8771 2 2 0 1454 1394 1393 2225
8772 2 2 0 1454 1457 1458 2225
8773 2 2 0 1455 1459 1395 2226
8774 2 2 0 1455 1394 1458 2226
8775 2 2 0 1455 1395 1394 2226
8776 2 2 0 1455 1458 1459 2226
8777 2 2 0 1456 1460 1396 2227
8778 2 2 0 1456 1395 1459 2227
8779 2 2 0 1456 1396 1395 2227
8780 2 2 0 1456 1459 1460 2227
8781 2 2 0 1457 1396 1460 2228
8782 2 2 0 1457 1461 1397 2228
8783 2 2 0 1457 1397 1396 2228
8784 2 2 0 1457 1460 1461 2228
8785 2 2 0 1458 1397 1461 2229
8786 2 2 0 1458 1462 1398 2229
8787 2 2 0 1458 1398 1397 2229
8788 2 2 0 1458 1461 1462 2229
8789 2 2 0 1459 1463 1399 2230
8790 2 2 0 1459 1398 1462 2230
8791 2 2 0 1459 1399 1398 2230
8792 2 2 0 1459 1462 1463 2230
8793 2 2 0 1460 1399 1463 2231
8794 2 2 0 1460 1464 1400 2231
8795 2 2 0 1460 1400 1399 2231
8796 2 2 0 1460 1463 1464 2231
8797 2 2 0 1461 1465 1401 2232
8798 2 2 0 1461 1400 1464 2232
8799 2 2 0 1461 1401 1400 2232
8800 2 2 0 1461 1464 1465 2232
8801 2 2 0 1462 1401 1465 2233
8802 2 2 0 1462 1466 1402 2233
8803 2 2 0 1462 1402 1401 2233
8804 2 2 0 1462 1465 1466 2233
8805 2 2 0 1463 1467 1403 2234
8806 2 2 0 1463 1402 1466 2234
8807 2 2 0 1463 1403 1402 2234
8808 2 2 0 1463 1466 1467 2234
8809 2 2 0 1464 1403 1467 2235
8810 2 2 0 1464 1468 1404 2235
8811 2 2 0 1464 1404 1403 2235
8812 2 2 0 1464 1467 1468 2235
8813 2 2 0 1465 1469 1405 2236
8814 2 2 0 1465 1404 1468 2236
8815 2 2 0 1465 1405 1404 2236
8816 2 2 0 1465 1468 1469 2236
8817 2 2 0 1466 1470 1406 2237
8818 2 2 0 1466 1405 1469 2237
8819 2 2 0 1466 1406 1405 2237
8820 2 2 0 1466 1469 1470 2237
8821 2 2 0 1467 1406 1470 2238
8822 2 2 0 1467 1471 1407 2238
8823 2 2 0 1467 1407 1406 2238
8824 2 2 0 1467 1470 1471 2238
8825 2 2 0 1468 1407 1471 2239
8826 2 2 0 1468 1472 1408 2239
8827 2 2 0 1468 1408 1407 2239
8828 2 2 0 1468 1471 1472 2239
8829 2 2 0 1469 1408 1472 2240
8830 2 2 0 1469 1409 1345 2240
8831 2 2 0 1469 1345 1408 2240
8832 2 2 0 1469 1472 1409 2240
8833 2 2 0 1470 1409 1473 2241
8834 2 2 0 1470 1474 1410 2241
8835 2 2 0 1470 1410 1409 2241
8836 2 2 0 1470 1473 1474 2241
8837 2 2 0 1471 1475 1411 2242
8838 2 2 0 1471 1410 1474 2242
8839 2 2 0 1471 1411 1410 2242
8840 2 2 0 1471 1474 1475 2242
8841 2 2 0 1472 1476 1412 2243
8842 2 2 0 1472 1411 1475 2243
8843 2 2 0 1472 1412 1411 2243
8844 2 2 0 1472 1475 1476 2243
8845 2 2 0 1473 1412 1476 2244
8846 2 2 0 1473 1477 1413 2244
8847 2 2 0 1473 1413 1412 2244
8848 2 2 0 1473 1476 1477 2244
8849 2 2 0 1474 1413 1477 2245
8850 2 2 0 1474 1478 1414 2245
8851 2 2 0 1474 1414 1413 2245
8852 2 2 0 1474 1477 1478 2245
8853 2 2 0 1475 1414 1478 2246
8854 2 2 0 1475 1479 1415 2246
8855 2 2 0 1475 1415 1414 2246
8856 2 2 0 1475 1478 1479 2246
8857 2 2 0 1476 1480 1416 2247
8858 2 2 0 1476 1415 1479 2247
8859 2 2 0 1476 1416 1415 2247
8860 2 2 0 1476 1479 1480 2247
8861 2 2 0 1477 1481 1417 2248
8862 2 2 0 1477 1416 1480 2248
8863 2 2 0 1477 1417 1416 2248
8864 2 2 0 1477 1480 1481 2248
8865 2 2 0 1478 1417 1481 2249
8866 2 2 0 1478 1482 1418 2249
8867 2 2 0 1478 1418 1417 2249
8868 2 2 0 1478 1481 1482 2249
8869 2 2 0 1479 1418 1482 2250
8870 2 2 0 1479 1483 1419 2250
8871 2 2 0 1479 1419 1418 2250
8872 2 2 0 1479 1482 1483 2250
8873 2 2 0 1480 1484 1420 2251
8874 2 2 0 1480 1419 1483 2251
8875 2 2 0 1480 1420 1419 2251
8876 2 2 0 1480 1483 1484 2251
8877 2 2 0 1481 1485 1421 2252
8878 2 2 0 1481 1420 1484 2252
8879 2 2 0 1481 1421 1420 2252
8880 2 2 0 1481 1484 1485 2252
8881 2 2 0 1482 1486 1422 2253
8882 2 2 0 1482 1421 1485 2253
8883 2 2 0 1482 1422 1421 2253
8884 2 2 0 1482 1485 1486 2253
8885 2 2 0 1483 1422 1486 2254
8886 2 2 0 1483 1487 1423 2254
8887 2 2 0 1483 1423 1422 2254
8888 2 2 0 1483 1486 1487 2254
8889 2 2 0 1484 1423 1487 2255
8890 2 2 0 1484 1488 1424 2255
8891 2 2 0 1484 1424 1423 2255
8892 2 2 0 1484 1487 1488 2255
8893 2 2 0 1485 1489 1425 2256
8894 2 2 0 1485 1424 1488 2256
8895 2 2 0 1485 1425 1424 2256
8896 2 2 0 1485 1488 1489 2256
8897 2 2 0 1486 1425 1489 2257
8898 2 2 0 1486 1490 1426 2257
8899 2 2 0 1486 1426 1425 2257
8900 2 2 0 1486 1489 1490 2257
8901 2 2 0 1487 1491 1427 2258
8902 2 2 0 1487 1426 1490 2258
8903 2 2 0 1487 1427 1426 2258
8904 2 2 0 1487 1490 1491 2258
8905 2 2 0 1488 1492 1428 2259
8906 2 2 0 1488 1427 1491 2259
8907 2 2 0 1488 1428 1427 2259
8908 2 2 0 1488 1491 1492 2259
8909 2 2 0 1489 1428 1492 2260
8910 2 2 0 1489 1493 1429 2260
8911 2 2 0 1489 1429 1428 2260
8912 2 2 0 1489 1492 1493 2260
8913 2 2 0 1490 1429 1493 2261
8914 2 2 0 1490 1494 1430 2261
8915 2 2 0 1490 1430 1429 2261
8916 2 2 0 1490 1493 1494 2261
8917 2 2 0 1491 1430 1494 2262
8918 2 2 0 1491 1495 1431 2262
8919 2 2 0 1491 1431 1430 2262
8920 2 2 0 1491 1494 1495 2262
8921 2 2 0 1492 1496 1432 2263
8922 2 2 0 1492 1431 1495 2263
8923 2 2 0 1492 1432 1431 2263
8924 2 2 0 1492 1495 1496 2263
8925 2 2 0 1493 1497 1433 2264
8926 2 2 0 1493 1432 1496 2264
8927 2 2 0 1493 1433 1432 2264
8928 2 2 0 1493 1496 1497 2264
8929 2 2 0 1494 1433 1497 2265
8930 2 2 0 1494 1498 1434 2265
8931 2 2 0 1494 1434 1433 2265
8932 2 2 0 1494 1497 1498 2265
8933 2 2 0 1495 1434 1498 2266
8934 2 2 0 1495 1499 1435 2266
8935 2 2 0 1495 1435 1434 2266
8936 2 2 0 1495 1498 1499 2266
8937 2 2 0 1496 1500 1436 2267
8938 2 2 0 1496 1435 1499 2267
8939 2 2 0 1496 1436 1435 2267
8940 2 2 0 1496 1499 1500 2267
8941 2 2 0 1497 1501 1437 2268
8942 2 2 0 1497 1436 1500 2268
8943 2 2 0 1497 1437 1436 2268
8944 2 2 0 1497 1500 1501 2268
8945 2 2 0 1498 1502 1438 2269
8946 2 2 0 1498 1437 1501 2269
8947 2 2 0 1498 1438 1437 2269
8948 2 2 0 1498 1501 1502 2269
8949 2 2 0 1499 1438 1502 2270
8950 2 2 0 1499 1503 1439 2270
8951 2 2 0 1499 1439 1438 2270
8952 2 2 0 1499 1502 1503 2270
8953 2 2 0 1500 1439 1503 2271
8954 2 2 0 1500 1504 1440 2271
8955 2 2 0 1500 1440 1439 2271
8956 2 2 0 1500 1503 1504 2271
8957 2 2 0 1501 1505 1441 2272
8958 2 2 0 1501 1440 1504 2272
8959 2 2 0 1501 1441 1440 2272
8960 2 2 0 1501 1504 1505 2272
8961 2 2 0 1502 1441 1505 2273
8962 2 2 0 1502 1506 1442 2273
8963 2 2 0 1502 1442 1441 2273
8964 2 2 0 1502 1505 1506 2273
8965 2 2 0 1503 1507 1443 2274
8966 2 2 0 1503 1442 1506 2274
8967 2 2 0 1503 1443 1442 2274
8968 2 2 0 1503 1506 1507 2274
8969 2 2 0 1504 1508 1444 2275
8970 2 2 0 1504 1443 1507 2275
8971 2 2 0 1504 1444 1443 2275
8972 2 2 0 1504 1507 1508 2275
8973 2 2 0 1505 1444 1508 2276
8974 2 2 0 1505 1509 1445 2276
8975 2 2 0 1505 1445 1444 2276
8976 2 2 0 1505 1508 1509 2276
8977 2 2 0 1506 1445 1509 2277
8978 2 2 0 1506 1510 1446 2277
8979 2 2 0 1506 1446 1445 2277
8980 2 2 0 1506 1509 1510 2277
8981 2 2 0 1507 1446 1510 2278
8982 2 2 0 1507 1511 1447 2278
8983 2 2 0 1507 1447 1446 2278
8984 2 2 0 1507 1510 1511 2278
8985 2 2 0 1508 1512 1448 2279
8986 2 2 0 1508 1447 1511 2279
8987 2 2 0 1508 1448 1447 2279
8988 2 2 0 1508 1511 1512 2279
8989 2 2 0 1509 1513 1449 2280
8990 2 2 0 1509 1448 1512 2280
8991 2 2 0 1509 1449 1448 2280
8992 2 2 0 1509 1512 1513 2280
8993 2 2 0 1510 1449 1513 2281
8994 2 2 0 1510 1514 1450 2281
8995 2 2 0 1510 1450 1449 2281
8996 2 2 0 1510 1513 1514 2281
8997 2 2 0 1511 1450 1514 2282
8998 2 2 0 1511 1515 1451 2282
8999 2 2 0 1511 1451 1450 2282
9000 2 2 0 1511 1514 1515 2282
9001 2 2 0 1512 1516 1452 2283
9002 2 2 0 1512 1451 1515 2283
9003 2 2 0 1512 1452 1451 2283
9004 2 2 0 1512 1515 1516 2283
9005 2 2 0 1513 1517 1453 2284
9006 2 2 0 1513 1452 1516 2284
9007 2 2 0 1513 1453 1452 2284
9008 2 2 0 1513 1516 1517 2284
9009 2 2 0 1514 1518 1454 2285
9010 2 2 0 1514 1453 1517 2285
9011 2 2 0 1514 1454 1453 2285
9012 2 2 0 1514 1517 1518 2285
9013 2 2 0 1515 1454 1518 2286
9014 2 2 0 1515 1519 1455 2286
9015 2 2 0 1515 1455 1454 2286
9016 2 2 0 1515 1518 1519 2286
9017 2 2 0 1516 1455 1519 2287
9018 2 2 0 1516 1520 1456 2287
9019 2 2 0 1516 1456 1455 2287
9020 2 2 0 1516 1519 1520 2287
9021 2 2 0 1517 1521 1457 2288
9022 2 2 0 1517 1456 1520 2288
9023 2 2 0 1517 1457 1456 2288
9024 2 2 0 1517 1520 1521 2288
9025 2 2 0 1518 1457 1521 2289
9026 2 2 0 1518 1522 1458 2289
9027 2 2 0 1518 1458 1457 2289
9028 2 2 0 1518 1521 1522 2289
9029 2 2 0 1519 1523 1459 2290
9030 2 2 0 1519 1458 1522 2290
9031 2 2 0 1519 1459 1458 2290
9032 2 2 0 1519 1522 1523 2290
9033 2 2 0 1520 1524 1460 2291
9034 2 2 0 1520 1459 1523 2291
9035 2 2 0 1520 1460 1459 2291
9036 2 2 0 1520 1523 1524 2291
9037 2 2 0 1521 1460 1524 2292
9038 2 2 0 1521 1525 1461 2292
9039 2 2 0 1521 1461 1460 2292
9040 2 2 0 1521 1524 1525 2292
9041 2 2 0 1522 1461 1525 2293
9042 2 2 0 1522 1526 1462 2293
9043 2 2 0 1522 1462 1461 2293
9044 2 2 0 1522 1525 1526 2293
9045 2 2 0 1523 1462 1526 2294
9046 2 2 0 1523 1527 1463 2294
9047 2 2 0 1523 1463 1462 2294
9048 2 2 0 1523 1526 1527 2294
9049 2 2 0 1524 1528 1464 2295
9050 2 2 0 1524 1463 1527 2295
9051 2 2 0 1524 1464 1463 2295
9052 2 2 0 1524 1527 1528 2295
9053 2 2 0 1525 1529 1465 2296
9054 2 2 0 1525 1464 1528 2296
9055 2 2 0 1525 1465 1464 2296
9056 2 2 0 1525 1528 1529 2296
9057 2 2 0 1526 1465 1529 2297
9058 2 2 0 1526 1530 1466 2297
9059 2 2 0 1526 1466 1465 2297
9060 2 2 0 1526 1529 1530 2297
9061 2 2 0 1527 1466 1530 2298
9062 2 2 0 1527 1531 1467 2298
9063 2 2 0 1527 1467 1466 2298
9064 2 2 0 1527 1530 1531 2298
9065 2 2 0 1528 1532 1468 2299
9066 2 2 0 1528 1467 1531 2299
9067 2 2 0 1528 1468 1467 2299
9068 2 2 0 1528 1531 1532 2299
9069 2 2 0 1529 1533 1469 2300
9070 2 2 0 1529 1468 1532 2300
9071 2 2 0 1529 1469 1468 2300
9072 2 2 0 1529 1532 1533 2300
9073 2 2 0 1530 1534 1470 2301
9074 2 2 0 1530 1469 1533 2301
9075 2 2 0 1530 1470 1469 2301
9076 2 2 0 1530 1533 1534 2301
9077 2 2 0 1531 1470 1534 2302
9078 2 2 0 1531 1535 1471 2302
9079 2 2 0 1531 1471 1470 2302
9080 2 2 0 1531 1534 1535 2302
9081 2 2 0 1532 1471 1535 2303
9082 2 2 0 1532 1536 1472 2303
9083 2 2 0 1532 1472 1471 2303
9084 2 2 0 1532 1535 1536 2303
9085 2 2 0 1533 1473 1409 2304
9086 2 2 0 1533 1472 1536 2304
9087 2 2 0 1533 1409 1472 2304
9088 2 2 0 1533 1536 1473 2304
9089 2 2 0 1534 1473 1537 2305
9090 2 2 0 1534 1538 1474 2305
9091 2 2 0 1534 1474 1473 2305
9092 2 2 0 1534 1537 1538 2305
9093 2 2 0 1535 1474 1538 2306
9094 2 2 0 1535 1539 1475 2306
9095 2 2 0 1535 1475 1474 2306
9096 2 2 0 1535 1538 1539 2306
9097 2 2 0 1536 1475 1539 2307
9098 2 2 0 1536 1540 1476 2307
9099 2 2 0 1536 1476 1475 2307
9100 2 2 0 1536 1539 1540 2307
9101 2 2 0 1537 1541 1477 2308
9102 2 2 0 1537 1476 1540 2308
9103 2 2 0 1537 1477 1476 2308
9104 2 2 0 1537 1540 1541 2308
9105 2 2 0 1538 1477 1541 2309
9106 2 2 0 1538 1542 1478 2309
9107 2 2 0 1538 1478 1477 2309
9108 2 2 0 1538 1541 1542 2309
9109 2 2 0 1539 1478 1542 2310
9110 2 2 0 1539 1543 1479 2310
9111 2 2 0 1539 1479 1478 2310
9112 2 2 0 1539 1542 1543 2310
9113 2 2 0 1540 1544 1480 2311
9114 2 2 0 1540 1479 1543 2311
9115 2 2 0 1540 1480 1479 2311
9116 2 2 0 1540 1543 1544 2311
9117 2 2 0 1541 1480 1544 2312
9118 2 2 0 1541 1545 1481 2312
9119 2 2 0 1541 1481 1480 2312
9120 2 2 0 1541 1544 1545 2312
9121 2 2 0 1542 1546 1482 2313
9122 2 2 0 1542 1481 1545 2313
9123 2 2 0 1542 1482 1481 2313
9124 2 2 0 1542 1545 1546 2313
9125 2 2 0 1543 1482 1546 2314
9126 2 2 0 1543 1547 1483 2314
9127 2 2 0 1543 1483 1482 2314
9128 2 2 0 1543 1546 1547 2314
9129 2 2 0 1544 1548 1484 2315
9130 2 2 0 1544 1483 1547 2315
9131 2 2 0 1544 1484 1483 2315
9132 2 2 0 1544 1547 1548 2315
9133 2 2 0 1545 1549 1485 2316
9134 2 2 0 1545 1484 1548 2316
9135 2 2 0 1545 1485 1484 2316
9136 2 2 0 1545 1548 1549 2316
9137 2 2 0 1546 1485 1549 2317
9138 2 2 0 1546 1550 1486 2317
9139 2 2 0 1546 1486 1485 2317
9140 2 2 0 1546 1549 1550 2317
9141 2 2 0 1547 1551 1487 2318
9142 2 2 0 1547 1486 1550 2318
9143 2 2 0 1547 1487 1486 2318
9144 2 2 0 1547 1550 1551 2318
9145 2 2 0 1548 1552 1488 2319
9146 2 2 0 1548 1487 1551 2319
9147 2 2 0 1548 1488 1487 2319
9148 2 2 0 1548 1551 1552 2319
9149 2 2 0 1549 1553 1489 2320
9150 2 2 0 1549 1488 1552 2320
9151 2 2 0 1549 1489 1488 2320
9152 2 2 0 1549 1552 1553 2320
9153 2 2 0 1550 1489 1553 2321
9154 2 2 0 1550 1554 1490 2321
9155 2 2 0 1550 1490 1489 2321
9156 2 2 0 1550 1553 1554 2321
9157 2 2 0 1551 1490 1554 2322
9158 2 2 0 1551 1555 1491 2322
9159 2 2 0 1551 1491 1490 2322
9160 2 2 0 1551 1554 1555 2322
9161 2 2 0 1552 1491 1555 2323
9162 2 2 0 1552 1556 1492 2323
9163 2 2 0 1552 1492 1491 2323
9164 2 2 0 1552 1555 1556 2323
9165 2 2 0 1553 1557 1493 2324
9166 2 2 0 1553 1492 1556 2324
9167 2 2 0 1553 1493 1492 2324
9168 2 2 0 1553 1556 1557 2324
9169 2 2 0 1554 1493 1557 2325
9170 2 2 0 1554 1558 1494 2325
9171 2 2 0 1554 1494 1493 2325
9172 2 2 0 1554 1557 1558 2325
9173 2 2 0 1555 1494 1558 2326
9174 2 2 0 1555 1559 1495 2326
9175 2 2 0 1555 1495 1494 2326
9176 2 2 0 1555 1558 1559 2326
9177 2 2 0 1556 1560 1496 2327
9178 2 2 0 1556 1495 1559 2327
9179 2 2 0 1556 1496 1495 2327
9180 2 2 0 1556 1559 1560 2327
9181 2 2 0 1557 1496 1560 2328
9182 2 2 0 1557 1561 1497 2328
9183 2 2 0 1557 1497 1496 2328
9184 2 2 0 1557 1560 1561 2328
9185 2 2 0 1558 1562 1498 2329
9186 2 2 0 1558 1497 1561 2329
9187 2 2 0 1558 1498 1497 2329
9188 2 2 0 1558 1561 1562 2329
9189 2 2 0 1559 1498 1562 2330
9190 2 2 0 1559 1563 1499 2330
9191 2 2 0 1559 1499 1498 2330
9192 2 2 0 1559 1562 1563 2330
9193 2 2 0 1560 1564 1500 2331
9194 2 2 0 1560 1499 1563 2331
9195 2 2 0 1560 1500 1499 2331
9196 2 2 0 1560 1563 1564 2331
9197 2 2 0 1561 1565 1501 2332
9198 2 2 0 1561 1500 1564 2332
9199 2 2 0 1561 1501 1500 2332
9200 2 2 0 1561 1564 1565 2332
9201 2 2 0 1562 1501 1565 2333
9202 2 2 0 1562 1566 1502 2333
9203 2 2 0 1562 1502 1501 2333
9204 2 2 0 1562 1565 1566 2333
9205 2 2 0 1563 1567 1503 2334
9206 2 2 0 1563 1502 1566 2334
9207 2 2 0 1563 1503 1502 2334
9208 2 2 0 1563 1566 1567 2334
9209 2 2 0 1564 1568 1504 2335
9210 2 2 0 1564 1503 1567 2335
9211 2 2 0 1564 1504 1503 2335
9212 2 2 0 1564 1567 1568 2335
9213 2 2 0 1565 1569 1505 2336
9214 2 2 0 1565 1504 1568 2336
9215 2 2 0 1565 1505 1504 2336
9216 2 2 0 1565 1568 1569 2336
9217 2 2 0 1566 1505 1569 2337
9218 2 2 0 1566 1570 1506 2337
9219 2 2 0 1566 1506 1505 2337
9220 2 2 0 1566 1569 1570 2337
9221 2 2 0 1567 1506 1570 2338
9222 2 2 0 1567 1571 1507 2338
9223 2 2 0 1567 1507 1506 2338
9224 2 2 0 1567 1570 1571 2338
9225 2 2 0 1568 1507 1571 2339
9226 2 2 0 1568 1572 1508 2339
9227 2 2 0 1568 1508 1507 2339
9228 2 2 0 1568 1571 1572 2339
9229 2 2 0 1569 1573 1509 2340
9230 2 2 0 1569 1508 1572 2340
9231 2 2 0 1569 1509 1508 2340
9232 2 2 0 1569 1572 1573 2340
9233 2 2 0 1570 1509 1573 2341
9234 2 2 0 1570 1574 1510 2341
9235 2 2 0 1570 1510 1509 2341
9236 2 2 0 1570 1573 1574 2341
9237 2 2 0 1571 1510 1574 2342
9238 2 2 0 1571 1575 1511 2342
9239 2 2 0 1571 1511 1510 2342
9240 2 2 0 1571 1574 1575 2342
9241 2 2 0 1572 1576 1512 2343
9242 2 2 0 1572 1511 1575 2343
9243 2 2 0 1572 1512 1511 2343
9244 2 2 0 1572 1575 1576 2343
9245 2 2 0 1573 1512 1576 2344
9246 2 2 0 1573 1577 1513 2344
9247 2 2 0 1573 1513 1512 2344
9248 2 2 0 1573 1576 1577 2344
9249 2 2 0 1574 1578 1514 2345
9250 2 2 0 1574 1513 1577 2345
9251 2 2 0 1574 1514 1513 2345
9252 2 2 0 1574 1577 1578 2345
9253 2 2 0 1575 1514 1578 2346
9254 2 2 0 1575 1579 1515 2346
9255 2 2 0 1575 1515 1514 2346
9256 2 2 0 1575 1578 1579 2346
9257 2 2 0 1576 1580 1516 2347
9258 2 2 0 1576 1515 1579 2347
9259 2 2 0 1576 1516 1515 2347
9260 2 2 0 1576 1579 1580 2347
9261 2 2 0 1577 1581 1517 2348
9262 2 2 0 1577 1516 1580 2348
9263 2 2 0 1577 1517 1516 2348
9264 2 2 0 1577 1580 1581 2348
9265 2 2 0 1578 1517 1581 2349
9266 2 2 0 1578 1582 1518 2349
9267 2 2 0 1578 1518 1517 2349
9268 2 2 0 1578 1581 1582 2349
9269 2 2 0 1579 1583 1519 2350
9270 2 2 0 1579 1518 1582 2350
9271 2 2 0 1579 1519 1518 2350
9272 2 2 0 1579 1582 1583 2350
9273 2 2 0 1580 1584 1520 2351
9274 2 2 0 1580 1519 1583 2351
9275 2 2 0 1580 1520 1519 2351
9276 2 2 0 1580 1583 1584 2351
9277 2 2 0 1581 1585 1521 2352
9278 2 2 0 1581 1520 1584 2352
9279 2 2 0 1581 1521 1520 2352
9280 2 2 0 1581 1584 1585 2352
9281 2 2 0 1582 1521 1585 2353
9282 2 2 0 1582 1586 1522 2353
9283 2 2 0 1582 1522 1521 2353
9284 2 2 0 1582 1585 1586 2353
9285 2 2 0 1583 1522 1586 2354
9286 2 2 0 1583 1587 1523 2354
9287 2 2 0 1583 1523 1522 2354
9288 2 2 0 1583 1586 1587 2354
9289 2 2 0 1584 1523 1587 2355
9290 2 2 0 1584 1588 1524 2355
9291 2 2 0 1584 1524 1523 2355
9292 2 2 0 1584 1587 1588 2355
9293 2 2 0 1585 1589 1525 2356
9294 2 2 0 1585 1524 1588 2356
9295 2 2 0 1585 1525 1524 2356
9296 2 2 0 1585 1588 1589 2356
9297 2 2 0 1586 1525 1589 2357
9298 2 2 0 1586 1590 1526 2357
9299 2 2 0 1586 1526 1525 2357
9300 2 2 0 1586 1589 1590 2357
9301 2 2 0 1587 1526 1590 2358
9302 2 2 0 1587 1591 1527 2358
9303 2 2 0 1587 1527 1526 2358
9304 2 2 0 1587 1590 1591 2358
9305 2 2 0 1588 1592 1528 2359
9306 2 2 0 1588 1527 1591 2359
9307 2 2 0 1588 1528 1527 2359
9308 2 2 0 1588 1591 1592 2359
9309 2 2 0 1589 1528 1592 2360
9310 2 2 0 1589 1593 1529 2360
9311 2 2 0 1589 1529 1528 2360
9312 2 2 0 1589 1592 1593 2360
9313 2 2 0 1590 1594 1530 2361
9314 2 2 0 1590 1529 1593 2361
9315 2 2 0 1590 1530 1529 2361
9316 2 2 0 1590 1593 1594 2361
9317 2 2 0 1591 1530 1594 2362
9318 2 2 0 1591 1595 1531 2362
9319 2 2 0 1591 1531 1530 2362
9320 2 2 0 1591 1594 1595 2362
9321 2 2 0 1592 1596 1532 2363
9322 2 2 0 1592 1531 1595 2363
9323 2 2 0 1592 1532 1531 2363
9324 2 2 0 1592 1595 1596 2363
9325 2 2 0 1593 1597 1533 2364
9326 2 2 0 1593 1532 1596 2364
9327 2 2 0 1593 1533 1532 2364
9328 2 2 0 1593 1596 1597 2364
9329 2 2 0 1594 1533 1597 2365
9330 2 2 0 1594 1598 1534 2365
9331 2 2 0 1594 1534 1533 2365
9332 2 2 0 1594 1597 1598 2365
9333 2 2 0 1595 1599 1535 2366
9334 2 2 0 1595 1534 1598 2366
9335 2 2 0 1595 1535 1534 2366
9336 2 2 0 1595 1598 1599 2366
9337 2 2 0 1596 1600 1536 2367
9338 2 2 0 1596 1535 1599 2367
9339 2 2 0 1596 1536 1535 2367
9340 2 2 0 1596 1599 1600 2367
9341 2 2 0 1597 1537 1473 2368
9342 2 2 0 1597 1536 1600 2368
9343 2 2 0 1597 1473 1536 2368
9344 2 2 0 1597 1600 1537 2368
$EndElements
