$MeshFormat
2.2 0 8
$EndMeshFormat
$Nodes
1780
1 10.952 0 0
2 10.845 1.533 0
3 10.524 3.035 0
4 9.994999999999999 4.478 0
5 9.271000000000001 5.832 0
6 8.363 7.072 0
7 8.318 7.125 0
8 8.266 7.186 0
9 8.212 7.247 0
10 8.161 7.304 0
11 8.118 7.352 0
12 7.02 8.407 0
13 5.786 9.298999999999999 0
14 4.441 10.012 0
15 3.009 10.531 0
16 1.519 10.847 0
17 0 10.952 0
18 -1.519 10.847 0
19 -3.009 10.531 0
20 -4.441 10.012 0
21 -5.786 9.298999999999999 0
22 -7.02 8.407 0
23 -8.118 7.352 0
24 -8.161 7.304 0
25 -8.212 7.247 0
26 -8.266 7.186 0
27 -8.318 7.125 0
28 -8.363 7.072 0
29 -9.271000000000001 5.832 0
30 -9.994999999999999 4.478 0
31 -10.524 3.035 0
32 -10.845 1.533 0
33 -10.952 0 0
34 -10.845 -1.533 0
35 -10.524 -3.035 0
36 -9.994999999999999 -4.478 0
37 -9.271000000000001 -5.832 0
38 -8.363 -7.072 0
39 -8.318 -7.125 0
40 -8.266 -7.186 0
41 -8.212 -7.247 0
42 -8.161 -7.304 0
43 -8.118 -7.352 0
44 -7.02 -8.407 0
45 -5.786 -9.298999999999999 0
46 -4.441 -10.012 0
47 -3.009 -10.531 0
48 -1.519 -10.847 0
49 0 -10.952 0
50 1.519 -10.847 0
51 3.009 -10.531 0
52 4.441 -10.012 0
53 5.786 -9.298999999999999 0
54 7.02 -8.407 0
55 8.118 -7.352 0
56 8.161 -7.304 0
57 8.212 -7.247 0
58 8.266 -7.186 0
59 8.318 -7.125 0
60 8.363 -7.072 0
61 9.271000000000001 -5.832 0
62 9.994999999999999 -4.478 0
63 10.524 -3.035 0
64 10.845 -1.533 0
65 11.503 0 3.027
66 11.391 1.61 3.027
67 11.057 3.189 3.027
68 10.509 4.708 3.027
69 9.747999999999999 6.133 3.027
70 8.795 7.437 3.027
71 8.747999999999999 7.494 3.027
72 8.695 7.558 3.027
73 8.638999999999999 7.624 3.027
74 8.595000000000001 7.693 3.027
75 8.555 7.747 3.027
76 7.387 8.846 3.027
77 6.08 9.771000000000001 3.027
78 4.662 10.511 3.027
79 3.157 11.051 3.027
80 1.594 11.379 3.027
81 0 11.489 3.027
82 -1.594 11.379 3.027
83 -3.157 11.051 3.027
84 -4.662 10.511 3.027
85 -6.08 9.771000000000001 3.027
86 -7.387 8.846 3.027
87 -8.555 7.747 3.027
88 -8.595000000000001 7.693 3.027
89 -8.638999999999999 7.624 3.027
90 -8.695 7.558 3.027
91 -8.747999999999999 7.494 3.027
92 -8.795 7.437 3.027
93 -9.747999999999999 6.133 3.027
94 -10.509 4.708 3.027
95 -11.057 3.189 3.027
96 -11.391 1.61 3.027
97 -11.503 0 3.027
98 -11.391 -1.61 3.027
99 -11.057 -3.189 3.027
100 -10.509 -4.708 3.027
101 -9.747999999999999 -6.133 3.027
102 -8.795 -7.437 3.027
103 -8.747999999999999 -7.494 3.027
104 -8.695 -7.558 3.027
105 -8.638999999999999 -7.624 3.027
106 -8.595000000000001 -7.693 3.027
107 -8.555 -7.747 3.027
108 -7.387 -8.846 3.027
109 -6.08 -9.771000000000001 3.027
110 -4.662 -10.511 3.027
111 -3.157 -11.051 3.027
112 -1.594 -11.379 3.027
113 0 -11.489 3.027
114 1.594 -11.379 3.027
115 3.157 -11.051 3.027
116 4.662 -10.511 3.027
117 6.08 -9.771000000000001 3.027
118 7.387 -8.846 3.027
119 8.555 -7.747 3.027
120 8.595000000000001 -7.693 3.027
121 8.638999999999999 -7.624 3.027
122 8.695 -7.558 3.027
123 8.747999999999999 -7.494 3.027
124 8.795 -7.437 3.027
125 9.747999999999999 -6.133 3.027
126 10.509 -4.708 3.027
127 11.057 -3.189 3.027
128 11.391 -1.61 3.027
129 12.318 0 7.231
130 12.203 1.724 7.231
131 11.86 3.42 7.231
132 11.301 5.062 7.231
133 10.487 6.597 7.231
134 9.465999999999999 8.005000000000001 7.231
135 9.420999999999999 8.07 7.231
136 9.367000000000001 8.143000000000001 7.231
137 9.311 8.217000000000001 7.231
138 9.305 8.327999999999999 7.231
139 9.279 8.401999999999999 7.231
140 7.968 9.542 7.231
141 6.523 10.483 7.231
142 4.985 11.239 7.231
143 3.369 11.792 7.231
144 1.699 12.13 7.231
145 0 12.243 7.231
146 -1.699 12.13 7.231
147 -3.369 11.792 7.231
148 -4.985 11.239 7.231
149 -6.523 10.483 7.231
150 -7.968 9.542 7.231
151 -9.279 8.401999999999999 7.231
152 -9.305 8.327999999999999 7.231
153 -9.311 8.217000000000001 7.231
154 -9.367000000000001 8.143000000000001 7.231
155 -9.420999999999999 8.07 7.231
156 -9.465999999999999 8.005000000000001 7.231
157 -10.487 6.597 7.231
158 -11.301 5.062 7.231
159 -11.86 3.42 7.231
160 -12.203 1.724 7.231
161 -12.318 0 7.231
162 -12.203 -1.724 7.231
163 -11.86 -3.42 7.231
164 -11.301 -5.062 7.231
165 -10.487 -6.597 7.231
166 -9.465999999999999 -8.005000000000001 7.231
167 -9.420999999999999 -8.07 7.231
168 -9.367000000000001 -8.143000000000001 7.231
169 -9.311 -8.217000000000001 7.231
170 -9.305 -8.327999999999999 7.231
171 -9.279 -8.401999999999999 7.231
172 -7.968 -9.542 7.231
173 -6.523 -10.483 7.231
174 -4.985 -11.239 7.231
175 -3.369 -11.792 7.231
176 -1.699 -12.13 7.231
177 0 -12.243 7.231
178 1.699 -12.13 7.231
179 3.369 -11.792 7.231
180 4.985 -11.239 7.231
181 6.523 -10.483 7.231
182 7.968 -9.542 7.231
183 9.279 -8.401999999999999 7.231
184 9.305 -8.327999999999999 7.231
185 9.311 -8.217000000000001 7.231
186 9.367000000000001 -8.143000000000001 7.231
187 9.420999999999999 -8.07 7.231
188 9.465999999999999 -8.005000000000001 7.231
189 10.487 -6.597 7.231
190 11.301 -5.062 7.231
191 11.86 -3.42 7.231
192 12.203 -1.724 7.231
193 13.519 0 13.031
194 13.404 1.894 13.031
195 13.064 3.767 13.031
196 12.513 5.605 13.031
197 11.622 7.311 13.031
198 10.501 8.880000000000001 13.031
199 10.461 8.961 13.031
200 10.412 9.051 13.031
201 10.357 9.140000000000001 13.031
202 10.444 9.347 13.031
203 10.454 9.467000000000001 13.031
204 8.879 10.633 13.031
205 7.188 11.552 13.031
206 5.454 12.296 13.031
207 3.67 12.846 13.031
208 1.846 13.183 13.031
209 0 13.297 13.031
210 -1.846 13.183 13.031
211 -3.67 12.846 13.031
212 -5.454 12.296 13.031
213 -7.188 11.552 13.031
214 -8.879 10.633 13.031
215 -10.454 9.467000000000001 13.031
216 -10.444 9.347 13.031
217 -10.357 9.140000000000001 13.031
218 -10.412 9.051 13.031
219 -10.461 8.961 13.031
220 -10.501 8.880000000000001 13.031
221 -11.622 7.311 13.031
222 -12.513 5.605 13.031
223 -13.064 3.767 13.031
224 -13.404 1.894 13.031
225 -13.519 0 13.031
226 -13.404 -1.894 13.031
227 -13.064 -3.767 13.031
228 -12.513 -5.605 13.031
229 -11.622 -7.311 13.031
230 -10.501 -8.880000000000001 13.031
231 -10.461 -8.961 13.031
232 -10.412 -9.051 13.031
233 -10.357 -9.140000000000001 13.031
234 -10.444 -9.347 13.031
235 -10.454 -9.467000000000001 13.031
236 -8.879 -10.633 13.031
237 -7.188 -11.552 13.031
238 -5.454 -12.296 13.031
239 -3.67 -12.846 13.031
240 -1.846 -13.183 13.031
241 0 -13.297 13.031
242 1.846 -13.183 13.031
243 3.67 -12.846 13.031
244 5.454 -12.296 13.031
245 7.188 -11.552 13.031
246 8.879 -10.633 13.031
247 10.454 -9.467000000000001 13.031
248 10.444 -9.347 13.031
249 10.357 -9.140000000000001 13.031
250 10.412 -9.051 13.031
251 10.461 -8.961 13.031
252 10.501 -8.880000000000001 13.031
253 11.622 -7.311 13.031
254 12.513 -5.605 13.031
255 13.064 -3.767 13.031
256 13.404 -1.894 13.031
257 15.098 0 20.197
258 14.988 2.118 20.197
259 14.665 4.229 20.197
260 14.152 6.34 20.197
261 13.161 8.279999999999999 20.197
262 11.909 10.07 20.197
263 11.88 10.177 20.197
264 11.84 10.292 20.197
265 11.79 10.404 20.197
266 12.034 10.771 20.197
267 12.106 10.963 20.197
268 10.133 12.134 20.197
269 8.074999999999999 12.977 20.197
270 6.062 13.668 20.197
271 4.053 14.187 20.197
272 2.032 14.508 20.197
273 0 14.617 20.197
274 -2.032 14.508 20.197
275 -4.053 14.187 20.197
276 -6.062 13.668 20.197
277 -8.074999999999999 12.977 20.197
278 -10.133 12.134 20.197
279 -12.106 10.963 20.197
280 -12.034 10.771 20.197
281 -11.79 10.404 20.197
282 -11.84 10.292 20.197
283 -11.88 10.177 20.197
284 -11.909 10.07 20.197
285 -13.161 8.279999999999999 20.197
286 -14.152 6.34 20.197
287 -14.665 4.229 20.197
288 -14.988 2.118 20.197
289 -15.098 0 20.197
290 -14.988 -2.118 20.197
291 -14.665 -4.229 20.197
292 -14.152 -6.34 20.197
293 -13.161 -8.279999999999999 20.197
294 -11.909 -10.07 20.197
295 -11.88 -10.177 20.197
296 -11.84 -10.292 20.197
297 -11.79 -10.404 20.197
298 -12.034 -10.771 20.197
299 -12.106 -10.963 20.197
300 -10.133 -12.134 20.197
301 -8.074999999999999 -12.977 20.197
302 -6.062 -13.668 20.197
303 -4.053 -14.187 20.197
304 -2.032 -14.508 20.197
305 0 -14.617 20.197
306 2.032 -14.508 20.197
307 4.053 -14.187 20.197
308 6.062 -13.668 20.197
309 8.074999999999999 -12.977 20.197
310 10.133 -12.134 20.197
311 12.106 -10.963 20.197
312 12.034 -10.771 20.197
313 11.79 -10.404 20.197
314 11.84 -10.292 20.197
315 11.88 -10.177 20.197
316 11.909 -10.07 20.197
317 13.161 -8.279999999999999 20.197
318 14.152 -6.34 20.197
319 14.665 -4.229 20.197
320 14.988 -2.118 20.197
321 17.201 0 29.244
322 17.103 2.417 29.244
323 16.818 4.85 29.244
324 16.38 7.338 29.244
325 15.256 9.598000000000001 29.244
326 13.827 11.692 29.244
327 13.817 11.837 29.244
328 13.792 11.989 29.244
329 13.751 12.135 29.244
330 14.233 12.738 29.244
331 14.397 13.037 29.244
332 11.852 14.193 29.244
333 9.268000000000001 14.895 29.244
334 6.864 15.477 29.244
335 4.551 15.926 29.244
336 2.27 16.21 29.244
337 0 16.307 29.244
338 -2.27 16.21 29.244
339 -4.551 15.926 29.244
340 -6.864 15.477 29.244
341 -9.268000000000001 14.895 29.244
342 -11.852 14.193 29.244
343 -14.397 13.037 29.244
344 -14.233 12.738 29.244
345 -13.751 12.135 29.244
346 -13.792 11.989 29.244
347 -13.817 11.837 29.244
348 -13.827 11.692 29.244
349 -15.256 9.598000000000001 29.244
350 -16.38 7.338 29.244
351 -16.818 4.85 29.244
352 -17.103 2.417 29.244
353 -17.201 0 29.244
354 -17.103 -2.417 29.244
355 -16.818 -4.85 29.244
356 -16.38 -7.338 29.244
357 -15.256 -9.598000000000001 29.244
358 -13.827 -11.692 29.244
359 -13.817 -11.837 29.244
360 -13.792 -11.989 29.244
361 -13.751 -12.135 29.244
362 -14.233 -12.738 29.244
363 -14.397 -13.037 29.244
364 -11.852 -14.193 29.244
365 -9.268000000000001 -14.895 29.244
366 -6.864 -15.477 29.244
367 -4.551 -15.926 29.244
368 -2.27 -16.21 29.244
369 0 -16.307 29.244
370 2.27 -16.21 29.244
371 4.551 -15.926 29.244
372 6.864 -15.477 29.244
373 9.268000000000001 -14.895 29.244
374 11.852 -14.193 29.244
375 14.397 -13.037 29.244
376 14.233 -12.738 29.244
377 13.751 -12.135 29.244
378 13.792 -11.989 29.244
379 13.817 -11.837 29.244
380 13.827 -11.692 29.244
381 15.256 -9.598000000000001 29.244
382 16.38 -7.338 29.244
383 16.818 -4.85 29.244
384 17.103 -2.417 29.244
385 19.826 0 40.047
386 19.746 2.79 40.047
387 19.521 5.63 40.047
388 19.195 8.599 40.047
389 17.904 11.264 40.047
390 16.254 13.745 40.047
391 16.271 13.938 40.047
392 16.266 14.14 40.047
393 16.238 14.33 40.047
394 17.032 15.243 40.047
395 17.315 15.68 40.047
396 14.035 16.807 40.047
397 10.767 17.304 40.047
398 7.859 17.72 40.047
399 5.159 18.057 40.047
400 2.56 18.277 40.047
401 0 18.353 40.047
402 -2.56 18.277 40.047
403 -5.159 18.057 40.047
404 -7.859 17.72 40.047
405 -10.767 17.304 40.047
406 -14.035 16.807 40.047
407 -17.315 15.68 40.047
408 -17.032 15.243 40.047
409 -16.238 14.33 40.047
410 -16.266 14.14 40.047
411 -16.271 13.938 40.047
412 -16.254 13.745 40.047
413 -17.904 11.264 40.047
414 -19.195 8.599 40.047
415 -19.521 5.63 40.047
416 -19.746 2.79 40.047
417 -19.826 0 40.047
418 -19.746 -2.79 40.047
419 -19.521 -5.63 40.047
420 -19.195 -8.599 40.047
421 -17.904 -11.264 40.047
422 -16.254 -13.745 40.047
423 -16.271 -13.938 40.047
424 -16.266 -14.14 40.047
425 -16.238 -14.33 40.047
426 -17.032 -15.243 40.047
427 -17.315 -15.68 40.047
428 -14.035 -16.807 40.047
429 -10.767 -17.304 40.047
430 -7.859 -17.72 40.047
431 -5.159 -18.057 40.047
432 -2.56 -18.277 40.047
433 0 -18.353 40.047
434 2.56 -18.277 40.047
435 5.159 -18.057 40.047
436 7.859 -17.72 40.047
437 10.767 -17.304 40.047
438 14.035 -16.807 40.047
439 17.315 -15.68 40.047
440 17.032 -15.243 40.047
441 16.238 -14.33 40.047
442 16.266 -14.14 40.047
443 16.271 -13.938 40.047
444 16.254 -13.745 40.047
445 17.904 -11.264 40.047
446 19.195 -8.599 40.047
447 19.521 -5.63 40.047
448 19.746 -2.79 40.047
449 23.164 0 53.276
450 23.111 3.266 53.276
451 22.97 6.624 53.276
452 22.796 10.212 53.276
453 21.295 13.397 53.276
454 19.363 16.373 53.276
455 19.413 16.63 53.276
456 19.436 16.896 53.276
457 19.424 17.142 53.276
458 20.621 18.455 53.276
459 21.057 19.068 53.276
460 16.833 20.157 53.276
461 12.68 20.378 53.276
462 9.119 20.561 53.276
463 5.924 20.734 53.276
464 2.921 20.858 53.276
465 0 20.902 53.276
466 -2.921 20.858 53.276
467 -5.924 20.734 53.276
468 -9.119 20.561 53.276
469 -12.68 20.378 53.276
470 -16.833 20.157 53.276
471 -21.057 19.068 53.276
472 -20.621 18.455 53.276
473 -19.424 17.142 53.276
474 -19.436 16.896 53.276
475 -19.413 16.63 53.276
476 -19.363 16.373 53.276
477 -21.295 13.397 53.276
478 -22.796 10.212 53.276
479 -22.97 6.624 53.276
480 -23.111 3.266 53.276
481 -23.164 0 53.276
482 -23.111 -3.266 53.276
483 -22.97 -6.624 53.276
484 -22.796 -10.212 53.276
485 -21.295 -13.397 53.276
486 -19.363 -16.373 53.276
487 -19.413 -16.63 53.276
488 -19.436 -16.896 53.276
489 -19.424 -17.142 53.276
490 -20.621 -18.455 53.276
491 -21.057 -19.068 53.276
492 -16.833 -20.157 53.276
493 -12.68 -20.378 53.276
494 -9.119 -20.561 53.276
495 -5.924 -20.734 53.276
496 -2.921 -20.858 53.276
497 0 -20.902 53.276
498 2.921 -20.858 53.276
499 5.924 -20.734 53.276
500 9.119 -20.561 53.276
501 12.68 -20.378 53.276
502 16.833 -20.157 53.276
503 21.057 -19.068 53.276
504 20.621 -18.455 53.276
505 19.424 -17.142 53.276
506 19.436 -16.896 53.276
507 19.413 -16.63 53.276
508 19.363 -16.373 53.276
509 21.295 -13.397 53.276
510 22.796 -10.212 53.276
511 22.97 -6.624 53.276
512 23.111 -3.266 53.276
513 27.205 0 68.72799999999999
514 27.186 3.842 68.72799999999999
515 27.15 7.83 68.72799999999999
516 27.164 12.168 68.72799999999999
517 25.406 15.983 68.72799999999999
518 23.132 19.561 68.72799999999999
519 23.224 19.894 68.72799999999999
520 23.279 20.237 68.72799999999999
521 23.288 20.551 68.72799999999999
522 24.967 22.345 68.72799999999999
523 25.585 23.168 68.72799999999999
524 20.224 24.218 68.72799999999999
525 14.999 24.105 68.72799999999999
526 10.641 23.993 68.72799999999999
527 6.844 23.954 68.72799999999999
528 3.354 23.95 68.72799999999999
529 0 23.952 68.72799999999999
530 -3.354 23.95 68.72799999999999
531 -6.844 23.954 68.72799999999999
532 -10.641 23.993 68.72799999999999
533 -14.999 24.105 68.72799999999999
534 -20.224 24.218 68.72799999999999
535 -25.585 23.168 68.72799999999999
536 -24.967 22.345 68.72799999999999
537 -23.288 20.551 68.72799999999999
538 -23.279 20.237 68.72799999999999
539 -23.224 19.894 68.72799999999999
540 -23.132 19.561 68.72799999999999
541 -25.406 15.983 68.72799999999999
542 -27.164 12.168 68.72799999999999
543 -27.15 7.83 68.72799999999999
544 -27.186 3.842 68.72799999999999
545 -27.205 0 68.72799999999999
546 -27.186 -3.842 68.72799999999999
547 -27.15 -7.83 68.72799999999999
548 -27.164 -12.168 68.72799999999999
549 -25.406 -15.983 68.72799999999999
550 -23.132 -19.561 68.72799999999999
551 -23.224 -19.894 68.72799999999999
552 -23.279 -20.237 68.72799999999999
553 -23.288 -20.551 68.72799999999999
554 -24.967 -22.345 68.72799999999999
555 -25.585 -23.168 68.72799999999999
556 -20.224 -24.218 68.72799999999999
557 -14.999 -24.105 68.72799999999999
558 -10.641 -23.993 68.72799999999999
559 -6.844 -23.954 68.72799999999999
560 -3.354 -23.95 68.72799999999999
561 0 -23.952 68.72799999999999
562 3.354 -23.95 68.72799999999999
563 6.844 -23.954 68.72799999999999
564 10.641 -23.993 68.72799999999999
565 14.999 -24.105 68.72799999999999
566 20.224 -24.218 68.72799999999999
567 25.585 -23.168 68.72799999999999
568 24.967 -22.345 68.72799999999999
569 23.288 -20.551 68.72799999999999
570 23.279 -20.237 68.72799999999999
571 23.224 -19.894 68.72799999999999
572 23.132 -19.561 68.72799999999999
573 25.406 -15.983 68.72799999999999
574 27.164 -12.168 68.72799999999999
575 27.15 -7.83 68.72799999999999
576 27.186 -3.842 68.72799999999999
577 31.904 0 86.00700000000001
578 31.924 4.511 86.00700000000001
579 32.008 9.231 86.00700000000001
580 32.234 14.44 86.00700000000001
581 30.178 18.985 86.00700000000001
582 27.507 23.26 86.00700000000001
583 27.645 23.682 86.00700000000001
584 27.737 24.112 86.00700000000001
585 27.768 24.505 86.00700000000001
586 29.993 26.843 86.00700000000001
587 30.814 27.904 86.00700000000001
588 24.154 28.925 86.00700000000001
589 17.694 28.436 86.00700000000001
590 12.412 27.985 86.00700000000001
591 7.913 27.694 86.00700000000001
592 3.857 27.537 86.00700000000001
593 0 27.488 86.00700000000001
594 -3.857 27.537 86.00700000000001
595 -7.913 27.694 86.00700000000001
596 -12.412 27.985 86.00700000000001
597 -17.694 28.436 86.00700000000001
598 -24.154 28.925 86.00700000000001
599 -30.814 27.904 86.00700000000001
600 -29.993 26.843 86.00700000000001
601 -27.768 24.505 86.00700000000001
602 -27.737 24.112 86.00700000000001
603 -27.645 23.682 86.00700000000001
604 -27.507 23.26 86.00700000000001
605 -30.178 18.985 86.00700000000001
606 -32.234 14.44 86.00700000000001
607 -32.008 9.231 86.00700000000001
608 -31.924 4.511 86.00700000000001
609 -31.904 0 86.00700000000001
610 -31.924 -4.511 86.00700000000001
611 -32.008 -9.231 86.00700000000001
612 -32.234 -14.44 86.00700000000001
613 -30.178 -18.985 86.00700000000001
614 -27.507 -23.26 86.00700000000001
615 -27.645 -23.682 86.00700000000001
616 -27.737 -24.112 86.00700000000001
617 -27.768 -24.505 86.00700000000001
618 -29.993 -26.843 86.00700000000001
619 -30.814 -27.904 86.00700000000001
620 -24.154 -28.925 86.00700000000001
621 -17.694 -28.436 86.00700000000001
622 -12.412 -27.985 86.00700000000001
623 -7.913 -27.694 86.00700000000001
624 -3.857 -27.537 86.00700000000001
625 0 -27.488 86.00700000000001
626 3.857 -27.537 86.00700000000001
627 7.913 -27.694 86.00700000000001
628 12.412 -27.985 86.00700000000001
629 17.694 -28.436 86.00700000000001
630 24.154 -28.925 86.00700000000001
631 30.814 -27.904 86.00700000000001
632 29.993 -26.843 86.00700000000001
633 27.768 -24.505 86.00700000000001
634 27.737 -24.112 86.00700000000001
635 27.645 -23.682 86.00700000000001
636 27.507 -23.26 86.00700000000001
637 30.178 -18.985 86.00700000000001
638 32.234 -14.44 86.00700000000001
639 32.008 -9.231 86.00700000000001
640 31.924 -4.511 86.00700000000001
641 37.58 0 105.722
642 37.643 5.32 105.722
643 37.862 10.919 105.722
644 38.324 17.168 105.722
645 35.913 22.593 105.722
646 32.771 27.711 105.722
647 32.961 28.235 105.722
648 33.093 28.768 105.722
649 33.149 29.254 105.722
650 35.995 32.215 105.722
651 37.047 33.548 105.722
652 28.858 34.557 105.722
653 20.94 33.652 105.722
654 14.555 32.815 105.722
655 9.210000000000001 32.234 105.722
656 4.467 31.897 105.722
657 0 31.787 105.722
658 -4.467 31.897 105.722
659 -9.210000000000001 32.234 105.722
660 -14.555 32.815 105.722
661 -20.94 33.652 105.722
662 -28.858 34.557 105.722
663 -37.047 33.548 105.722
664 -35.995 32.215 105.722
665 -33.149 29.254 105.722
666 -33.093 28.768 105.722
667 -32.961 28.235 105.722
668 -32.771 27.711 105.722
669 -35.913 22.593 105.722
670 -38.324 17.168 105.722
671 -37.862 10.919 105.722
672 -37.643 5.32 105.722
673 -37.58 0 105.722
674 -37.643 -5.32 105.722
675 -37.862 -10.919 105.722
676 -38.324 -17.168 105.722
677 -35.913 -22.593 105.722
678 -32.771 -27.711 105.722
679 -32.961 -28.235 105.722
680 -33.093 -28.768 105.722
681 -33.149 -29.254 105.722
682 -35.995 -32.215 105.722
683 -37.047 -33.548 105.722
684 -28.858 -34.557 105.722
685 -20.94 -33.652 105.722
686 -14.555 -32.815 105.722
687 -9.210000000000001 -32.234 105.722
688 -4.467 -31.897 105.722
689 0 -31.787 105.722
690 4.467 -31.897 105.722
691 9.210000000000001 -32.234 105.722
692 14.555 -32.815 105.722
693 20.94 -33.652 105.722
694 28.858 -34.557 105.722
695 37.047 -33.548 105.722
696 35.995 -32.215 105.722
697 33.149 -29.254 105.722
698 33.093 -28.768 105.722
699 32.961 -28.235 105.722
700 32.771 -27.711 105.722
701 35.913 -22.593 105.722
702 38.324 -17.168 105.722
703 37.862 -10.919 105.722
704 37.643 -5.32 105.722
705 44.337 0 126.9
706 44.446 6.281 126.9
707 44.803 12.921 126.9
708 45.507 20.386 126.9
709 42.71 26.869 126.9
710 39.055 33.025 126.9
711 39.298 33.664 126.9
712 39.47 34.312 126.9
713 39.546 34.899 126.9
714 43.04 38.519 126.9
715 44.326 40.14 126.9
716 34.369 41.157 126.9
717 24.783 39.828 126.9
718 17.116 38.59 126.9
719 10.772 37.702 126.9
720 5.206 37.173 126.9
721 0 36.997 126.9
722 -5.206 37.173 126.9
723 -10.772 37.702 126.9
724 -17.116 38.59 126.9
725 -24.783 39.828 126.9
726 -34.369 41.157 126.9
727 -44.326 40.14 126.9
728 -43.04 38.519 126.9
729 -39.546 34.899 126.9
730 -39.47 34.312 126.9
731 -39.298 33.664 126.9
732 -39.055 33.025 126.9
733 -42.71 26.869 126.9
734 -45.507 20.386 126.9
735 -44.803 12.921 126.9
736 -44.446 6.281 126.9
737 -44.337 0 126.9
738 -44.446 -6.281 126.9
739 -44.803 -12.921 126.9
740 -45.507 -20.386 126.9
741 -42.71 -26.869 126.9
742 -39.055 -33.025 126.9
743 -39.298 -33.664 126.9
744 -39.47 -34.312 126.9
745 -39.546 -34.899 126.9
746 -43.04 -38.519 126.9
747 -44.326 -40.14 126.9
748 -34.369 -41.157 126.9
749 -24.783 -39.828 126.9
750 -17.116 -38.59 126.9
751 -10.772 -37.702 126.9
752 -5.206 -37.173 126.9
753 0 -36.997 126.9
754 5.206 -37.173 126.9
755 10.772 -37.702 126.9
756 17.116 -38.59 126.9
757 24.783 -39.828 126.9
758 34.369 -41.157 126.9
759 44.326 -40.14 126.9
760 43.04 -38.519 126.9
761 39.546 -34.899 126.9
762 39.47 -34.312 126.9
763 39.298 -33.664 126.9
764 39.055 -33.025 126.9
765 42.71 -26.869 126.9
766 45.507 -20.386 126.9
767 44.803 -12.921 126.9
768 44.446 -6.281 126.9
769 52.687 0 148.777
770 52.84 7.467 148.777
771 53.333 15.381 148.777
772 54.271 24.311 148.777
773 51.107 32.152 148.777
774 46.964 39.713 148.777
775 47.256 40.481 148.777
776 47.457 41.255 148.777
777 47.539 41.953 148.777
778 51.633 46.21 148.777
779 53.125 48.107 148.777
780 41.029 49.131 148.777
781 29.49 47.392 148.777
782 20.298 45.764 148.777
783 12.735 44.572 148.777
784 6.142 43.852 148.777
785 0 43.612 148.777
786 -6.142 43.852 148.777
787 -12.735 44.572 148.777
788 -20.298 45.764 148.777
789 -29.49 47.392 148.777
790 -41.029 49.131 148.777
791 -53.125 48.107 148.777
792 -51.633 46.21 148.777
793 -47.539 41.953 148.777
794 -47.457 41.255 148.777
795 -47.256 40.481 148.777
796 -46.964 39.713 148.777
797 -51.107 32.152 148.777
798 -54.271 24.311 148.777
799 -53.333 15.381 148.777
800 -52.84 7.467 148.777
801 -52.687 0 148.777
802 -52.84 -7.467 148.777
803 -53.333 -15.381 148.777
804 -54.271 -24.311 148.777
805 -51.107 -32.152 148.777
806 -46.964 -39.713 148.777
807 -47.256 -40.481 148.777
808 -47.457 -41.255 148.777
809 -47.539 -41.953 148.777
810 -51.633 -46.21 148.777
811 -53.125 -48.107 148.777
812 -41.029 -49.131 148.777
813 -29.49 -47.392 148.777
814 -20.298 -45.764 148.777
815 -12.735 -44.572 148.777
816 -6.142 -43.852 148.777
817 0 -43.612 148.777
818 6.142 -43.852 148.777
819 12.735 -44.572 148.777
820 20.298 -45.764 148.777
821 29.49 -47.392 148.777
822 41.029 -49.131 148.777
823 53.125 -48.107 148.777
824 51.633 -46.21 148.777
825 47.539 -41.953 148.777
826 47.457 -41.255 148.777
827 47.256 -40.481 148.777
828 46.964 -39.713 148.777
829 51.107 -32.152 148.777
830 54.271 -24.311 148.777
831 53.333 -15.381 148.777
832 52.84 -7.467 148.777
833 63.692 0 170.916
834 63.888 9.028 170.916
835 64.511 18.604 170.916
836 65.67100000000001 29.418 170.916
837 62.242 39.157 170.916
838 57.743 48.828 170.916
839 58.07 49.745 170.916
840 58.277 50.661 170.916
841 58.334 51.479 170.916
842 62.885 56.281 170.916
843 64.503 58.41 170.916
844 49.593 59.387 170.916
845 35.631 57.262 170.916
846 24.513 55.267 170.916
847 15.369 53.791 170.916
848 7.408 52.89 170.916
849 0 52.587 170.916
850 -7.408 52.89 170.916
851 -15.369 53.791 170.916
852 -24.513 55.267 170.916
853 -35.631 57.262 170.916
854 -49.593 59.387 170.916
855 -64.503 58.41 170.916
856 -62.885 56.281 170.916
857 -58.334 51.479 170.916
858 -58.277 50.661 170.916
859 -58.07 49.745 170.916
860 -57.743 48.828 170.916
861 -62.242 39.157 170.916
862 -65.67100000000001 29.418 170.916
863 -64.511 18.604 170.916
864 -63.888 9.028 170.916
865 -63.692 0 170.916
866 -63.888 -9.028 170.916
867 -64.511 -18.604 170.916
868 -65.67100000000001 -29.418 170.916
869 -62.242 -39.157 170.916
870 -57.743 -48.828 170.916
871 -58.07 -49.745 170.916
872 -58.277 -50.661 170.916
873 -58.334 -51.479 170.916
874 -62.885 -56.281 170.916
875 -64.503 -58.41 170.916
876 -49.593 -59.387 170.916
877 -35.631 -57.262 170.916
878 -24.513 -55.267 170.916
879 -15.369 -53.791 170.916
880 -7.408 -52.89 170.916
881 0 -52.587 170.916
882 7.408 -52.89 170.916
883 15.369 -53.791 170.916
884 24.513 -55.267 170.916
885 35.631 -57.262 170.916
886 49.593 -59.387 170.916
887 64.503 -58.41 170.916
888 62.885 -56.281 170.916
889 58.334 -51.479 170.916
890 58.277 -50.661 170.916
891 58.07 -49.745 170.916
892 57.743 -48.828 170.916
893 62.242 -39.157 170.916
894 65.67100000000001 -29.418 170.916
895 64.511 -18.604 170.916
896 63.888 -9.028 170.916
897 77.901 0 191.698
898 78.137 11.042 191.698
899 78.88 22.748 191.698
900 80.23999999999999 35.945 191.698
901 76.756 48.288 191.698
902 72.17700000000001 61.033 191.698
903 72.515 62.119 191.698
904 72.69 63.191 191.698
905 72.675 64.13500000000001 191.698
906 77.407 69.27800000000001 191.698
907 79.009 71.54600000000001 191.698
908 60.425 72.35899999999999 191.698
909 43.491 69.893 191.698
910 29.977 67.586 191.698
911 18.82 65.867 191.698
912 9.077999999999999 64.812 191.698
913 0 64.456 191.698
914 -9.077999999999999 64.812 191.698
915 -18.82 65.867 191.698
916 -29.977 67.586 191.698
917 -43.491 69.893 191.698
918 -60.425 72.35899999999999 191.698
919 -79.009 71.54600000000001 191.698
920 -77.407 69.27800000000001 191.698
921 -72.675 64.13500000000001 191.698
922 -72.69 63.191 191.698
923 -72.515 62.119 191.698
924 -72.17700000000001 61.033 191.698
925 -76.756 48.288 191.698
926 -80.23999999999999 35.945 191.698
927 -78.88 22.748 191.698
928 -78.137 11.042 191.698
929 -77.901 0 191.698
930 -78.137 -11.042 191.698
931 -78.88 -22.748 191.698
932 -80.23999999999999 -35.945 191.698
933 -76.756 -48.288 191.698
934 -72.17700000000001 -61.033 191.698
935 -72.515 -62.119 191.698
936 -72.69 -63.191 191.698
937 -72.675 -64.13500000000001 191.698
938 -77.407 -69.27800000000001 191.698
939 -79.009 -71.54600000000001 191.698
940 -60.425 -72.35899999999999 191.698
941 -43.491 -69.893 191.698
942 -29.977 -67.586 191.698
943 -18.82 -65.867 191.698
944 -9.077999999999999 -64.812 191.698
945 0 -64.456 191.698
946 9.077999999999999 -64.812 191.698
947 18.82 -65.867 191.698
948 29.977 -67.586 191.698
949 43.491 -69.893 191.698
950 60.425 -72.35899999999999 191.698
951 79.009 -71.54600000000001 191.698
952 77.407 -69.27800000000001 191.698
953 72.675 -64.13500000000001 191.698
954 72.69 -63.191 191.698
955 72.515 -62.119 191.698
956 72.17700000000001 -61.033 191.698
957 76.756 -48.288 191.698
958 80.23999999999999 -35.945 191.698
959 78.88 -22.748 191.698
960 78.137 -11.042 191.698
961 96.042 0 210.788
962 96.315 13.611 210.788
963 97.167 28.022 210.788
964 98.70399999999999 44.216 210.788
965 95.444 60.044 210.788
966 91.143 77.06999999999999 210.788
967 91.46299999999999 78.351 210.788
968 91.559 79.59399999999999 210.788
969 91.41200000000001 80.67 210.788
970 95.97799999999999 85.898 210.788
971 97.384 88.18600000000001 210.788
972 74.048 88.672 210.788
973 53.458 85.91200000000001 210.788
974 36.971 83.355 210.788
975 23.27 81.443 210.788
976 11.242 80.26600000000001 210.788
977 0 79.869 210.788
978 -11.242 80.26600000000001 210.788
979 -23.27 81.443 210.788
980 -36.971 83.355 210.788
981 -53.458 85.91200000000001 210.788
982 -74.048 88.672 210.788
983 -97.384 88.18600000000001 210.788
984 -95.97799999999999 85.898 210.788
985 -91.41200000000001 80.67 210.788
986 -91.559 79.59399999999999 210.788
987 -91.46299999999999 78.351 210.788
988 -91.143 77.06999999999999 210.788
989 -95.444 60.044 210.788
990 -98.70399999999999 44.216 210.788
991 -97.167 28.022 210.788
992 -96.315 13.611 210.788
993 -96.042 0 210.788
994 -96.315 -13.611 210.788
995 -97.167 -28.022 210.788
996 -98.70399999999999 -44.216 210.788
997 -95.444 -60.044 210.788
998 -91.143 -77.06999999999999 210.788
999 -91.46299999999999 -78.351 210.788
1000 -91.559 -79.59399999999999 210.788
1001 -91.41200000000001 -80.67 210.788
1002 -95.97799999999999 -85.898 210.788
1003 -97.384 -88.18600000000001 210.788
1004 -74.048 -88.672 210.788
1005 -53.458 -85.91200000000001 210.788
1006 -36.971 -83.355 210.788
1007 -23.27 -81.443 210.788
1008 -11.242 -80.26600000000001 210.788
1009 0 -79.869 210.788
1010 11.242 -80.26600000000001 210.788
1011 23.27 -81.443 210.788
1012 36.971 -83.355 210.788
1013 53.458 -85.91200000000001 210.788
1014 74.048 -88.672 210.788
1015 97.384 -88.18600000000001 210.788
1016 95.97799999999999 -85.898 210.788
1017 91.41200000000001 -80.67 210.788
1018 91.559 -79.59399999999999 210.788
1019 91.46299999999999 -78.351 210.788
1020 91.143 -77.06999999999999 210.788
1021 95.444 -60.044 210.788
1022 98.70399999999999 -44.216 210.788
1023 97.167 -28.022 210.788
1024 96.315 -13.611 210.788
1025 117.36 0 227.278
1026 117.665 16.628 227.278
1027 118.61 34.206 227.278
1028 120.289 53.885 227.278
1029 117.517 73.93000000000001 227.278
1030 113.839 96.262 227.278
1031 114.113 97.753 227.278
1032 114.086 99.176 227.278
1033 113.751 100.385 227.278
1034 117.807 105.435 227.278
1035 118.847 107.622 227.278
1036 89.887 107.638 227.278
1037 65.119 104.652 227.278
1038 45.206 101.923 227.278
1039 28.539 99.88200000000001 227.278
1040 13.813 98.624 227.278
1041 0 98.199 227.278
1042 -13.813 98.624 227.278
1043 -28.539 99.88200000000001 227.278
1044 -45.206 101.923 227.278
1045 -65.119 104.652 227.278
1046 -89.887 107.638 227.278
1047 -118.847 107.622 227.278
1048 -117.807 105.435 227.278
1049 -113.751 100.385 227.278
1050 -114.086 99.176 227.278
1051 -114.113 97.753 227.278
1052 -113.839 96.262 227.278
1053 -117.517 73.93000000000001 227.278
1054 -120.289 53.885 227.278
1055 -118.61 34.206 227.278
1056 -117.665 16.628 227.278
1057 -117.36 0 227.278
1058 -117.665 -16.628 227.278
1059 -118.61 -34.206 227.278
1060 -120.289 -53.885 227.278
1061 -117.517 -73.93000000000001 227.278
1062 -113.839 -96.262 227.278
1063 -114.113 -97.753 227.278
1064 -114.086 -99.176 227.278
1065 -113.751 -100.385 227.278
1066 -117.807 -105.435 227.278
1067 -118.847 -107.622 227.278
1068 -89.887 -107.638 227.278
1069 -65.119 -104.652 227.278
1070 -45.206 -101.923 227.278
1071 -28.539 -99.88200000000001 227.278
1072 -13.813 -98.624 227.278
1073 0 -98.199 227.278
1074 13.813 -98.624 227.278
1075 28.539 -99.88200000000001 227.278
1076 45.206 -101.923 227.278
1077 65.119 -104.652 227.278
1078 89.887 -107.638 227.278
1079 118.847 -107.622 227.278
1080 117.807 -105.435 227.278
1081 113.751 -100.385 227.278
1082 114.086 -99.176 227.278
1083 114.113 -97.753 227.278
1084 113.839 -96.262 227.278
1085 117.517 -73.93000000000001 227.278
1086 120.289 -53.885 227.278
1087 118.61 -34.206 227.278
1088 117.665 -16.628 227.278
1089 142.1 0 241.78
1090 142.43 20.128 241.78
1091 143.446 41.369 241.78
1092 145.224 65.05500000000001 241.78
1093 143.162 90.06399999999999 241.78
1094 140.395 118.718 241.78
1095 140.595 120.439 241.78
1096 140.403 122.054 241.78
1097 139.829 123.398 241.78
1098 143.066 128.04 241.78
1099 143.582 130.02 241.78
1100 108.112 129.463 241.78
1101 78.605 126.325 241.78
1102 54.78 123.509 241.78
1103 34.688 121.406 241.78
1104 16.822 120.11 241.78
1105 0 119.672 241.78
1106 -16.822 120.11 241.78
1107 -34.688 121.406 241.78
1108 -54.78 123.509 241.78
1109 -78.605 126.325 241.78
1110 -108.112 129.463 241.78
1111 -143.582 130.02 241.78
1112 -143.066 128.04 241.78
1113 -139.829 123.398 241.78
1114 -140.403 122.054 241.78
1115 -140.595 120.439 241.78
1116 -140.395 118.718 241.78
1117 -143.162 90.06399999999999 241.78
1118 -145.224 65.05500000000001 241.78
1119 -143.446 41.369 241.78
1120 -142.43 20.128 241.78
1121 -142.1 0 241.78
1122 -142.43 -20.128 241.78
1123 -143.446 -41.369 241.78
1124 -145.224 -65.05500000000001 241.78
1125 -143.162 -90.06399999999999 241.78
1126 -140.395 -118.718 241.78
1127 -140.595 -120.439 241.78
1128 -140.403 -122.054 241.78
1129 -139.829 -123.398 241.78
1130 -143.066 -128.04 241.78
1131 -143.582 -130.02 241.78
1132 -108.112 -129.463 241.78
1133 -78.605 -126.325 241.78
1134 -54.78 -123.509 241.78
1135 -34.688 -121.406 241.78
1136 -16.822 -120.11 241.78
1137 0 -119.672 241.78
1138 16.822 -120.11 241.78
1139 34.688 -121.406 241.78
1140 54.78 -123.509 241.78
1141 78.605 -126.325 241.78
1142 108.112 -129.463 241.78
1143 143.582 -130.02 241.78
1144 143.066 -128.04 241.78
1145 139.829 -123.398 241.78
1146 140.403 -122.054 241.78
1147 140.595 -120.439 241.78
1148 140.395 -118.718 241.78
1149 143.162 -90.06399999999999 241.78
1150 145.224 -65.05500000000001 241.78
1151 143.446 -41.369 241.78
1152 142.43 -20.128 241.78
1153 168.758 0 253.953
1154 169.101 23.897 253.953
1155 170.152 49.07 253.953
1156 171.968 77.036 253.953
1157 170.718 107.4 253.953
1158 169 142.906 253.953
1159 169.106 144.863 253.953
1160 168.722 146.672 253.953
1161 167.877 148.151 253.953
1162 170.091 152.227 253.953
1163 169.984 153.929 253.953
1164 127.595 152.794 253.953
1165 93.098 149.617 253.953
1166 65.11799999999999 146.817 253.953
1167 41.354 144.733 253.953
1168 20.091 143.45 253.953
1169 0 143.017 253.953
1170 -20.091 143.45 253.953
1171 -41.354 144.733 253.953
1172 -65.11799999999999 146.817 253.953
1173 -93.098 149.617 253.953
1174 -127.595 152.794 253.953
1175 -169.984 153.929 253.953
1176 -170.091 152.227 253.953
1177 -167.877 148.151 253.953
1178 -168.722 146.672 253.953
1179 -169.106 144.863 253.953
1180 -169 142.906 253.953
1181 -170.718 107.4 253.953
1182 -171.968 77.036 253.953
1183 -170.152 49.07 253.953
1184 -169.101 23.897 253.953
1185 -168.758 0 253.953
1186 -169.101 -23.897 253.953
1187 -170.152 -49.07 253.953
1188 -171.968 -77.036 253.953
1189 -170.718 -107.4 253.953
1190 -169 -142.906 253.953
1191 -169.106 -144.863 253.953
1192 -168.722 -146.672 253.953
1193 -167.877 -148.151 253.953
1194 -170.091 -152.227 253.953
1195 -169.984 -153.929 253.953
1196 -127.595 -152.794 253.953
1197 -93.098 -149.617 253.953
1198 -65.11799999999999 -146.817 253.953
1199 -41.354 -144.733 253.953
1200 -20.091 -143.45 253.953
1201 0 -143.017 253.953
1202 20.091 -143.45 253.953
1203 41.354 -144.733 253.953
1204 65.11799999999999 -146.817 253.953
1205 93.098 -149.617 253.953
1206 127.595 -152.794 253.953
1207 169.984 -153.929 253.953
1208 170.091 -152.227 253.953
1209 167.877 -148.151 253.953
1210 168.722 -146.672 253.953
1211 169.106 -144.863 253.953
1212 169 -142.906 253.953
1213 170.718 -107.4 253.953
1214 171.968 -77.036 253.953
1215 170.152 -49.07 253.953
1216 169.101 -23.897 253.953
1217 195.32 0 263.656
1218 195.662 27.65 263.656
1219 196.698 56.726 263.656
1220 198.471 88.908 263.656
1221 197.987 124.555 263.656
1222 197.262 166.805 263.656
1223 197.266 168.986 263.656
1224 196.683 170.98 263.656
1225 195.566 172.586 263.656
1226 196.7 176.042 263.656
1227 195.954 177.445 263.656
1228 146.848 175.848 263.656
1229 107.504 172.768 263.656
1230 75.446 170.102 263.656
1231 48.037 168.123 263.656
1232 23.377 166.907 263.656
1233 0 166.496 263.656
1234 -23.377 166.907 263.656
1235 -48.037 168.123 263.656
1236 -75.446 170.102 263.656
1237 -107.504 172.768 263.656
1238 -146.848 175.848 263.656
1239 -195.954 177.445 263.656
1240 -196.7 176.042 263.656
1241 -195.566 172.586 263.656
1242 -196.683 170.98 263.656
1243 -197.266 168.986 263.656
1244 -197.262 166.805 263.656
1245 -197.987 124.555 263.656
1246 -198.471 88.908 263.656
1247 -196.698 56.726 263.656
1248 -195.662 27.65 263.656
1249 -195.32 0 263.656
1250 -195.662 -27.65 263.656
1251 -196.698 -56.726 263.656
1252 -198.471 -88.908 263.656
1253 -197.987 -124.555 263.656
1254 -197.262 -166.805 263.656
1255 -197.266 -168.986 263.656
1256 -196.683 -170.98 263.656
1257 -195.566 -172.586 263.656
1258 -196.7 -176.042 263.656
1259 -195.954 -177.445 263.656
1260 -146.848 -175.848 263.656
1261 -107.504 -172.768 263.656
1262 -75.446 -170.102 263.656
1263 -48.037 -168.123 263.656
1264 -23.377 -166.907 263.656
1265 0 -166.496 263.656
1266 23.377 -166.907 263.656
1267 48.037 -168.123 263.656
1268 75.446 -170.102 263.656
1269 107.504 -172.768 263.656
1270 146.848 -175.848 263.656
1271 195.954 -177.445 263.656
1272 196.7 -176.042 263.656
1273 195.566 -172.586 263.656
1274 196.683 -170.98 263.656
1275 197.266 -168.986 263.656
1276 197.262 -166.805 263.656
1277 197.987 -124.555 263.656
1278 198.471 -88.908 263.656
1279 196.698 -56.726 263.656
1280 195.662 -27.65 263.656
1281 221.923 0 271.535
1282 222.241 31.406 271.535
1283 223.204 64.37 271.535
1284 224.837 100.719 271.535
1285 224.991 141.543 271.535
1286 225.1 190.344 271.535
1287 224.995 192.74 271.535
1288 224.213 194.912 271.535
1289 222.826 196.643 271.535
1290 222.883 199.475 271.535
1291 221.505 200.583 271.535
1292 165.942 198.714 271.535
1293 121.895 195.896 271.535
1294 85.822 193.496 271.535
1295 54.779 191.722 271.535
1296 26.7 190.633 271.535
1297 0 190.266 271.535
1298 -26.7 190.633 271.535
1299 -54.779 191.722 271.535
1300 -85.822 193.496 271.535
1301 -121.895 195.896 271.535
1302 -165.942 198.714 271.535
1303 -221.505 200.583 271.535
1304 -222.883 199.475 271.535
1305 -222.826 196.643 271.535
1306 -224.213 194.912 271.535
1307 -224.995 192.74 271.535
1308 -225.1 190.344 271.535
1309 -224.991 141.543 271.535
1310 -224.837 100.719 271.535
1311 -223.204 64.37 271.535
1312 -222.241 31.406 271.535
1313 -221.923 0 271.535
1314 -222.241 -31.406 271.535
1315 -223.204 -64.37 271.535
1316 -224.837 -100.719 271.535
1317 -224.991 -141.543 271.535
1318 -225.1 -190.344 271.535
1319 -224.995 -192.74 271.535
1320 -224.213 -194.912 271.535
1321 -222.826 -196.643 271.535
1322 -222.883 -199.475 271.535
1323 -221.505 -200.583 271.535
1324 -165.942 -198.714 271.535
1325 -121.895 -195.896 271.535
1326 -85.822 -193.496 271.535
1327 -54.779 -191.722 271.535
1328 -26.7 -190.633 271.535
1329 0 -190.266 271.535
1330 26.7 -190.633 271.535
1331 54.779 -191.722 271.535
1332 85.822 -193.496 271.535
1333 121.895 -195.896 271.535
1334 165.942 -198.714 271.535
1335 221.505 -200.583 271.535
1336 222.883 -199.475 271.535
1337 222.826 -196.643 271.535
1338 224.213 -194.912 271.535
1339 224.995 -192.74 271.535
1340 225.1 -190.344 271.535
1341 224.991 -141.543 271.535
1342 224.837 -100.719 271.535
1343 223.204 -64.37 271.535
1344 222.241 -31.406 271.535
1345 246.914 0 277.519
1346 247.187 34.932 277.519
1347 248.01 71.524 277.519
1348 249.396 111.72 277.519
1349 249.95 157.245 277.519
1350 250.588 211.897 277.519
1351 250.379 214.485 277.519
1352 249.413 216.818 277.519
1353 247.782 218.667 277.519
1354 246.882 220.953 277.519
1355 244.944 221.809 277.519
1356 183.669 219.941 277.519
1357 135.377 217.562 277.519
1358 95.61 215.566 277.519
1359 61.172 214.094 277.519
1360 29.86 213.193 277.519
1361 0 212.889 277.519
1362 -29.86 213.193 277.519
1363 -61.172 214.094 277.519
1364 -95.61 215.566 277.519
1365 -135.377 217.562 277.519
1366 -183.669 219.941 277.519
1367 -244.944 221.809 277.519
1368 -246.882 220.953 277.519
1369 -247.782 218.667 277.519
1370 -249.413 216.818 277.519
1371 -250.379 214.485 277.519
1372 -250.588 211.897 277.519
1373 -249.95 157.245 277.519
1374 -249.396 111.72 277.519
1375 -248.01 71.524 277.519
1376 -247.187 34.932 277.519
1377 -246.914 0 277.519
1378 -247.187 -34.932 277.519
1379 -248.01 -71.524 277.519
1380 -249.396 -111.72 277.519
1381 -249.95 -157.245 277.519
1382 -250.588 -211.897 277.519
1383 -250.379 -214.485 277.519
1384 -249.413 -216.818 277.519
1385 -247.782 -218.667 277.519
1386 -246.882 -220.953 277.519
1387 -244.944 -221.809 277.519
1388 -183.669 -219.941 277.519
1389 -135.377 -217.562 277.519
1390 -95.61 -215.566 277.519
1391 -61.172 -214.094 277.519
1392 -29.86 -213.193 277.519
1393 0 -212.889 277.519
1394 29.86 -213.193 277.519
1395 61.172 -214.094 277.519
1396 95.61 -215.566 277.519
1397 135.377 -217.562 277.519
1398 183.669 -219.941 277.519
1399 244.944 -221.809 277.519
1400 246.882 -220.953 277.519
1401 247.782 -218.667 277.519
1402 249.413 -216.818 277.519
1403 250.379 -214.485 277.519
1404 250.588 -211.897 277.519
1405 249.95 -157.245 277.519
1406 249.396 -111.72 277.519
1407 248.01 -71.524 277.519
1408 247.187 -34.932 277.519
1409 271.064 0 282.075
1410 271.264 38.334 282.075
1411 271.866 78.404 282.075
1412 272.872 122.237 282.075
1413 273.535 172.083 282.075
1414 274.336 231.978 282.075
1415 274.024 234.74 282.075
1416 272.887 237.225 282.075
1417 271.036 239.188 282.075
1418 269.309 241.025 282.075
1419 266.888 241.68 282.075
1420 200.545 240.15 282.075
1421 148.362 238.429 282.075
1422 105.119 237.004 282.075
1423 67.41800000000001 235.956 282.075
1424 32.958 235.316 282.075
1425 0 235.1 282.075
1426 -32.958 235.316 282.075
1427 -67.41800000000001 235.956 282.075
1428 -105.119 237.004 282.075
1429 -148.362 238.429 282.075
1430 -200.545 240.15 282.075
1431 -266.888 241.68 282.075
1432 -269.309 241.025 282.075
1433 -271.036 239.188 282.075
1434 -272.887 237.225 282.075
1435 -274.024 234.74 282.075
1436 -274.336 231.978 282.075
1437 -273.535 172.083 282.075
1438 -272.872 122.237 282.075
1439 -271.866 78.404 282.075
1440 -271.264 38.334 282.075
1441 -271.064 0 282.075
1442 -271.264 -38.334 282.075
1443 -271.866 -78.404 282.075
1444 -272.872 -122.237 282.075
1445 -273.535 -172.083 282.075
1446 -274.336 -231.978 282.075
1447 -274.024 -234.74 282.075
1448 -272.887 -237.225 282.075
1449 -271.036 -239.188 282.075
1450 -269.309 -241.025 282.075
1451 -266.888 -241.68 282.075
1452 -200.545 -240.15 282.075
1453 -148.362 -238.429 282.075
1454 -105.119 -237.004 282.075
1455 -67.41800000000001 -235.956 282.075
1456 -32.958 -235.316 282.075
1457 0 -235.1 282.075
1458 32.958 -235.316 282.075
1459 67.41800000000001 -235.956 282.075
1460 105.119 -237.004 282.075
1461 148.362 -238.429 282.075
1462 200.545 -240.15 282.075
1463 266.888 -241.68 282.075
1464 269.309 -241.025 282.075
1465 271.036 -239.188 282.075
1466 272.887 -237.225 282.075
1467 274.024 -234.74 282.075
1468 274.336 -231.978 282.075
1469 273.535 -172.083 282.075
1470 272.872 -122.237 282.075
1471 271.866 -78.404 282.075
1472 271.264 -38.334 282.075
1473 292.29 0 285.065
1474 292.395 41.32 285.065
1475 292.711 84.416 285.065
1476 293.237 131.36 285.065
1477 293.687 184.761 285.065
1478 294.24 248.809 285.065
1479 293.838 251.713 285.065
1480 292.56 254.327 285.065
1481 290.533 256.394 285.065
1482 288.203 257.935 285.065
1483 285.425 258.466 285.065
1484 215.115 257.597 285.065
1485 159.731 256.701 285.065
1486 113.529 255.966 285.065
1487 72.98099999999999 255.427 285.065
1488 35.729 255.098 285.065
1489 0 254.987 285.065
1490 -35.729 255.098 285.065
1491 -72.98099999999999 255.427 285.065
1492 -113.529 255.966 285.065
1493 -159.731 256.701 285.065
1494 -215.115 257.597 285.065
1495 -285.425 258.466 285.065
1496 -288.203 257.935 285.065
1497 -290.533 256.394 285.065
1498 -292.56 254.327 285.065
1499 -293.838 251.713 285.065
1500 -294.24 248.809 285.065
1501 -293.687 184.761 285.065
1502 -293.237 131.36 285.065
1503 -292.711 84.416 285.065
1504 -292.395 41.32 285.065
1505 -292.29 0 285.065
1506 -292.395 -41.32 285.065
1507 -292.711 -84.416 285.065
1508 -293.237 -131.36 285.065
1509 -293.687 -184.761 285.065
1510 -294.24 -248.809 285.065
1511 -293.838 -251.713 285.065
1512 -292.56 -254.327 285.065
1513 -290.533 -256.394 285.065
1514 -288.203 -257.935 285.065
1515 -285.425 -258.466 285.065
1516 -215.115 -257.597 285.065
1517 -159.731 -256.701 285.065
1518 -113.529 -255.966 285.065
1519 -72.98099999999999 -255.427 285.065
1520 -35.729 -255.098 285.065
1521 0 -254.987 285.065
1522 35.729 -255.098 285.065
1523 72.98099999999999 -255.427 285.065
1524 113.529 -255.966 285.065
1525 159.731 -256.701 285.065
1526 215.115 -257.597 285.065
1527 285.425 -258.466 285.065
1528 288.203 -257.935 285.065
1529 290.533 -256.394 285.065
1530 292.56 -254.327 285.065
1531 293.838 -251.713 285.065
1532 294.24 -248.809 285.065
1533 293.687 -184.761 285.065
1534 293.237 -131.36 285.065
1535 292.711 -84.416 285.065
1536 292.395 -41.32 285.065
1537 309.947 0 286.799
1538 309.947 43.801 286.799
1539 309.947 89.386 286.799
1540 309.947 138.846 286.799
1541 309.947 194.99 286.799
1542 309.947 262.091 286.799
1543 309.47 265.104 286.799
1544 308.085 267.823 286.799
1545 305.928 269.98 286.799
1546 303.21 271.365 286.799
1547 300.196 271.842 286.799
1548 227.011 271.842 286.799
1549 169.153 271.842 286.799
1550 120.571 271.842 286.799
1551 77.672 271.842 286.799
1552 38.074 271.842 286.799
1553 0 271.842 286.799
1554 -38.074 271.842 286.799
1555 -77.672 271.842 286.799
1556 -120.571 271.842 286.799
1557 -169.153 271.842 286.799
1558 -227.011 271.842 286.799
1559 -300.196 271.842 286.799
1560 -303.21 271.365 286.799
1561 -305.928 269.98 286.799
1562 -308.085 267.823 286.799
1563 -309.47 265.104 286.799
1564 -309.947 262.091 286.799
1565 -309.947 194.99 286.799
1566 -309.947 138.846 286.799
1567 -309.947 89.386 286.799
1568 -309.947 43.801 286.799
1569 -309.947 0 286.799
1570 -309.947 -43.801 286.799
1571 -309.947 -89.386 286.799
1572 -309.947 -138.846 286.799
1573 -309.947 -194.99 286.799
1574 -309.947 -262.091 286.799
1575 -309.47 -265.104 286.799
1576 -308.085 -267.823 286.799
1577 -305.928 -269.98 286.799
1578 -303.21 -271.365 286.799
1579 -300.196 -271.842 286.799
1580 -227.011 -271.842 286.799
1581 -169.153 -271.842 286.799
1582 -120.571 -271.842 286.799
1583 -77.672 -271.842 286.799
1584 -38.074 -271.842 286.799
1585 0 -271.842 286.799
1586 38.074 -271.842 286.799
1587 77.672 -271.842 286.799
1588 120.571 -271.842 286.799
1589 169.153 -271.842 286.799
1590 227.011 -271.842 286.799
1591 300.196 -271.842 286.799
1592 303.21 -271.365 286.799
1593 305.928 -269.98 286.799
1594 308.085 -267.823 286.799
1595 309.47 -265.104 286.799
1596 309.947 -262.091 286.799
1597 309.947 -194.99 286.799
1598 309.947 -138.846 286.799
1599 309.947 -89.386 286.799
1600 309.947 -43.801 286.799
1601 193.723500000061 199.6485000000021 271.535
1602 -193.7234999999388 199.6484999999979 271.535
1603 -193.723500000061 -199.6485000000021 271.535
1604 193.7234999999388 -199.6484999999979 271.535
1605 250.268999999999 184.5709999999168 277.519
1606 214.3065000000832 220.8750000000025 277.519
1607 -214.3064999999168 220.8749999999975 277.519
1608 -250.269000000001 184.5710000000832 277.519
1609 -250.268999999999 -184.5709999999168 277.519
1610 -214.3065000000832 -220.8750000000025 277.519
1611 214.3064999999168 -220.8749999999975 277.519
1612 250.269000000001 -184.5710000000832 277.519
1613 273.9354999999991 202.0304999999278 282.075
1614 233.7165000000944 240.9150000000022 282.075
1615 174.4535000000888 239.2895000000029 282.075
1616 -174.4534999999112 239.2894999999971 282.075
1617 -233.7164999998889 240.9149999999974 282.075
1618 -273.9355000000009 202.0305000000666 282.075
1619 -273.9354999999991 -202.0304999999278 282.075
1620 -233.7165000000944 -240.9150000000022 282.075
1621 -174.4535000000888 -239.2895000000029 282.075
1622 174.4534999999112 -239.2894999999971 282.075
1623 233.7164999998889 -240.9149999999974 282.075
1624 273.9355000000009 -202.0305000000666 282.075
1625 293.4619999999995 158.0604999999389 285.065
1626 293.9634999999992 216.7849999999057 285.065
1627 250.2700000000999 258.0315000000012 285.065
1628 187.4230000001554 257.1490000000025 285.065
1629 -187.4229999998446 257.1489999999975 285.065
1630 -250.2699999998946 258.0314999999987 285.065
1631 -293.9635000000008 216.7850000000943 285.065
1632 -293.4620000000007 158.0605000000833 285.065
1633 -293.4619999999995 -158.0604999999389 285.065
1634 -293.9634999999992 -216.7849999999057 285.065
1635 -250.2700000000999 -258.0315000000012 285.065
1636 -187.4230000001554 -257.1490000000025 285.065
1637 187.4229999998446 -257.1489999999975 285.065
1638 250.2699999998946 -258.0314999999987 285.065
1639 293.9635000000008 -216.7850000000943 285.065
1640 293.4620000000007 -158.0605000000833 285.065
1641 309.947 166.9179999999278 286.799
1642 309.947 228.5404999999556 286.799
1643 263.6035000000666 271.842 286.799
1644 198.0820000000777 271.842 286.799
1645 -198.0819999999223 271.842 286.799
1646 -263.6034999998612 271.842 286.799
1647 -309.947 228.5405000000611 286.799
1648 -309.947 166.9180000000722 286.799
1649 -309.947 -166.9179999999278 286.799
1650 -309.947 -228.5404999999556 286.799
1651 -263.6035000000666 -271.842 286.799
1652 -198.0820000000777 -271.842 286.799
1653 198.0819999999223 -271.842 286.799
1654 263.6034999998612 -271.842 286.799
1655 309.947 -228.5405000000611 286.799
1656 309.947 -166.9180000000722 286.799
1657 11.17459081628232 0.7857704867015097 1.52313097463774
1658 10.95674262198373 2.342179011024567 1.522982736884041
1659 10.52468680950854 3.853695762810428 1.522570790571239
1660 9.882657929231394 5.288494848494028 1.523370501890135
1661 9.046034476703175 6.61971154396692 1.523170426124394
1662 7.768273234135417 8.086779453046688 1.523340677668066
1663 6.566720696260761 9.079366894011489 1.523033204840914
1664 5.241897074679784 9.897642009989996 1.523091739620813
1665 3.817492807579131 10.52667944176413 1.522998951086447
1666 2.319952339351999 10.95280972024473 1.522739318604411
1667 0.7780847337748836 11.16835900681737 1.522749992807168
1668 -0.7780905372147556 11.16844324683556 1.522735043425604
1669 -2.320270440566045 10.95434200117413 1.522460446756826
1670 -3.818280284745365 10.52889681004987 1.522575710813264
1671 -5.24405856767059 9.901850826568827 1.522224642909466
1672 -6.570886771790933 9.085381781400169 1.521653646604753
1673 -7.773443398134855 8.09239220548511 1.521859463057993
1674 -9.045479200453318 6.619306535621475 1.523298528021378
1675 -9.882315425973392 5.288312174502995 1.523442645122665
1676 -10.52110130767633 3.852423354117346 1.523276879651468
1677 -10.95522900129278 2.341862193499421 1.523265471296939
1678 -11.1744201742054 0.7857586561423622 1.523162056570562
1679 -11.17459081628232 -0.7857704867015097 1.52313097463774
1680 -10.95674262198373 -2.342179011024567 1.522982736884041
1681 -10.52468680950854 -3.853695762810428 1.522570790571239
1682 -9.882657929231394 -5.288494848494028 1.523370501890135
1683 -9.046034476703175 -6.61971154396692 1.523170426124394
1684 -7.768273234135417 -8.086779453046688 1.523340677668066
1685 -6.566720696260761 -9.079366894011489 1.523033204840914
1686 -5.241897074679784 -9.897642009989996 1.523091739620813
1687 -3.817492807579131 -10.52667944176413 1.522998951086447
1688 -2.319952339351999 -10.95280972024473 1.522739318604411
1689 -0.7780847337748836 -11.16835900681737 1.522749992807168
1690 0.7780905372147556 -11.16844324683556 1.522735043425604
1691 2.320270440566045 -10.95434200117413 1.522460446756826
1692 3.818280284745365 -10.52889681004987 1.522575710813264
1693 5.24405856767059 -9.901850826568827 1.522224642909466
1694 6.570886771790933 -9.085381781400169 1.521653646604753
1695 7.773443398134855 -8.09239220548511 1.521859463057993
1696 9.045479200453318 -6.619306535621475 1.523298528021378
1697 9.882315425973392 -5.288312174502995 1.523442645122665
1698 10.52110130767633 -3.852423354117346 1.523276879651468
1699 10.95522900129278 -2.341862193499421 1.523265471296939
1700 11.1744201742054 -0.7857586561423622 1.523162056570562
1701 87.09684198793418 6.163288269582983 201.2448131611779
1702 -87.10065946236523 6.163211701327917 201.2411869136938
1703 -87.09684198793418 -6.163288269582983 201.2448131611779
1704 87.10065946236523 -6.163211701327917 201.2411869136938
1705 106.8155899453287 7.283716160251102 219.0182937348902
1706 5.988673691655614 89.20903274947243 219.0016239142088
1707 -5.989012214333201 89.19755286465558 219.0143619244221
1708 -106.8199707061158 7.283637930704865 219.0126343394466
1709 -106.8155899453287 -7.283716160251102 219.0182937348902
1710 -5.988673691655614 -89.20903274947243 219.0016239142088
1711 5.989012214333201 -89.19755286465558 219.0143619244221
1712 106.8199707061158 -7.283637930704863 219.0126343394466
1713 129.8265507358913 8.65037388644166 234.5024621824272
1714 7.350661272966867 109.1115802922863 234.4964942909366
1715 -7.350915574280309 109.1012881683871 234.5117039952279
1716 -129.8307133397444 8.650309558051173 234.4953677988206
1717 -129.8265507358913 -8.65037388644166 234.5024621824272
1718 -7.350661272966867 -109.1115802922863 234.4964942909366
1719 7.350915574280309 -109.1012881683871 234.5117039952279
1720 129.8307133397444 -8.650309558051173 234.4953677988206
1721 155.5051698252649 10.26996471502882 247.8339703031886
1722 8.68129008643313 131.4799863708064 247.8197641310693
1723 -8.681448045044977 131.471844852573 247.8353402573234
1724 -155.508742377998 10.26991799758822 247.8261564814835
1725 -155.5051698252649 -10.26996471502882 247.8339703031886
1726 -8.68129008643313 -131.4799863708064 247.8197641310693
1727 8.681448045044977 -131.471844852573 247.8353402573234
1728 155.508742377998 -10.26991799758822 247.8261564814835
1729 182.0561250902233 11.76008451794524 258.7576199993288
1730 10.07515472236309 154.8351541128855 258.7471229989148
1731 -10.07524160952834 154.8292524261814 258.7613618565496
1732 -182.0589523103979 11.7600550338607 258.7498941582858
1733 -182.0561250902233 -11.76008451794524 258.7576199993288
1734 -10.07515472236309 -154.8351541128855 258.7471229989148
1735 10.07524160952834 -154.8292524261814 258.7613618565496
1736 182.0589523103979 -11.7600550338607 258.7498941582858
1737 208.7852494187535 14.76401266270256 267.5997225171852
1738 12.51921928648025 178.5777344713283 267.5887842993135
1739 -12.51928050511652 178.5732806904327 267.602195391346
1740 -208.7877559597245 14.76398728283792 267.5912692108316
1741 -208.7852494187535 -14.76401266270256 267.5997225171852
1742 -12.51921928648025 -178.5777344713283 267.5887842993135
1743 12.51928050511652 -178.5732806904327 267.602195391346
1744 208.7877559597245 -14.76398728283792 267.5912692108316
1745 234.5652664024682 16.58450768699548 274.5311078017913
1746 40.38332691901404 200.3635985014196 273.9773111749544
1747 14.13998403525428 201.7468181161417 274.5210965488703
1748 -14.14001583947157 201.7436941887468 274.5328818713206
1749 -40.38356957424823 200.352481855167 274.0186459713925
1750 -234.567239021068 16.58449227061859 274.5228815398129
1751 -234.5652664024682 -16.58450768699548 274.5311078017913
1752 -40.38332691901404 -200.3635985014196 273.9773111749544
1753 -14.13998403525428 -201.7468181161417 274.5210965488703
1754 14.14001583947157 -201.7436941887468 274.5328818713206
1755 40.38356957424823 -200.352481855167 274.0186459713925
1756 234.567239021068 -16.58449227061859 274.5228815398129
1757 259.1064702994996 18.31650406793186 279.8011329602907
1758 15.70449276762895 224.1256035392827 279.7916463578433
1759 -15.70450716485212 224.123406762981 279.8023296504452
1760 -259.1080353894993 18.31649590238692 279.7928525278988
1761 -259.1064702994996 -18.31650406793186 279.8011329602907
1762 -15.70449276762895 -224.1256035392827 279.7916463578433
1763 15.70450716485212 -224.123406762981 279.8023296504452
1764 259.1080353894993 -18.31649590238692 279.7928525278988
1765 281.7527509906898 19.91350126805366 283.5735424654241
1766 17.17174802750803 245.1258849114016 283.5658012202097
1767 -17.17175195051654 245.1246221621128 283.5741758568764
1768 -281.753753772613 19.91349871984209 283.566441004503
1769 -281.7527509906898 -19.91350126805366 283.5735424654241
1770 -17.17174802750803 -245.1258849114016 283.5658012202097
1771 17.17175195051654 -245.1246221621128 283.5741758568764
1772 281.753753772613 -19.91349871984209 283.566441004503
1773 301.1444992590177 21.28025 285.934553248861
1774 18.45075 263.4425444488899 285.9291567172943
1775 -18.45075 263.4419593760923 285.9348249515363
1776 -301.1450037208498 21.28025 285.9294317714194
1777 -301.1444992590177 -21.28025 285.934553248861
1778 -18.45075 -263.4425444488899 285.9291567172943
1779 18.45075 -263.4419593760923 285.9348249515363
1780 301.1450037208498 -21.28025 285.9294317714194
$EndNodes
$Elements
8208
1 15 2 0 1 1
2 15 2 0 2 2
3 15 2 0 3 3
4 15 2 0 4 4
5 15 2 0 5 5
6 15 2 0 6 6
7 15 2 0 7 7
8 15 2 0 8 8
9 15 2 0 9 9
10 15 2 0 10 10
11 15 2 0 11 11
12 15 2 0 12 12
13 15 2 0 13 13
14 15 2 0 14 14
15 15 2 0 15 15
16 15 2 0 16 16
17 15 2 0 17 17
18 15 2 0 18 18
19 15 2 0 19 19
20 15 2 0 20 20
21 15 2 0 21 21
22 15 2 0 22 22
23 15 2 0 23 23
24 15 2 0 24 24
25 15 2 0 25 25
26 15 2 0 26 26
27 15 2 0 27 27
28 15 2 0 28 28
29 15 2 0 29 29
30 15 2 0 30 30
31 15 2 0 31 31
32 15 2 0 32 32
33 15 2 0 33 33
34 15 2 0 34 34
35 15 2 0 35 35
36 15 2 0 36 36
37 15 2 0 37 37
38 15 2 0 38 38
39 15 2 0 39 39
40 15 2 0 40 40
41 15 2 0 41 41
42 15 2 0 42 42
43 15 2 0 43 43
44 15 2 0 44 44
45 15 2 0 45 45
46 15 2 0 46 46
47 15 2 0 47 47
48 15 2 0 48 48
49 15 2 0 49 49
50 15 2 0 50 50
51 15 2 0 51 51
52 15 2 0 52 52
53 15 2 0 53 53
54 15 2 0 54 54
55 15 2 0 55 55
56 15 2 0 56 56
57 15 2 0 57 57
58 15 2 0 58 58
59 15 2 0 59 59
60 15 2 0 60 60
61 15 2 0 61 61
62 15 2 0 62 62
63 15 2 0 63 63
64 15 2 0 64 64
65 15 2 0 65 65
66 15 2 0 66 66
67 15 2 0 67 67
68 15 2 0 68 68
69 15 2 0 69 69
70 15 2 0 70 70
71 15 2 0 71 71
72 15 2 0 72 72
73 15 2 0 73 73
74 15 2 0 74 74
75 15 2 0 75 75
76 15 2 0 76 76
77 15 2 0 77 77
78 15 2 0 78 78
79 15 2 0 79 79
80 15 2 0 80 80
81 15 2 0 81 81
82 15 2 0 82 82
83 15 2 0 83 83
84 15 2 0 84 84
85 15 2 0 85 85
86 15 2 0 86 86
87 15 2 0 87 87
88 15 2 0 88 88
89 15 2 0 89 89
90 15 2 0 90 90
91 15 2 0 91 91
92 15 2 0 92 92
93 15 2 0 93 93
94 15 2 0 94 94
95 15 2 0 95 95
96 15 2 0 96 96
97 15 2 0 97 97
98 15 2 0 98 98
99 15 2 0 99 99
100 15 2 0 100 100
101 15 2 0 101 101
102 15 2 0 102 102
103 15 2 0 103 103
104 15 2 0 104 104
105 15 2 0 105 105
106 15 2 0 106 106
107 15 2 0 107 107
108 15 2 0 108 108
109 15 2 0 109 109
110 15 2 0 110 110
111 15 2 0 111 111
112 15 2 0 112 112
113 15 2 0 113 113
114 15 2 0 114 114
115 15 2 0 115 115
116 15 2 0 116 116
117 15 2 0 117 117
118 15 2 0 118 118
119 15 2 0 119 119
120 15 2 0 120 120
121 15 2 0 121 121
122 15 2 0 122 122
123 15 2 0 123 123
124 15 2 0 124 124
125 15 2 0 125 125
126 15 2 0 126 126
127 15 2 0 127 127
128 15 2 0 128 128
129 15 2 0 129 129
130 15 2 0 130 130
131 15 2 0 131 131
132 15 2 0 132 132
133 15 2 0 133 133
134 15 2 0 134 134
135 15 2 0 135 135
136 15 2 0 136 136
137 15 2 0 137 137
138 15 2 0 138 138
139 15 2 0 139 139
140 15 2 0 140 140
141 15 2 0 141 141
142 15 2 0 142 142
143 15 2 0 143 143
144 15 2 0 144 144
145 15 2 0 145 145
146 15 2 0 146 146
147 15 2 0 147 147
148 15 2 0 148 148
149 15 2 0 149 149
150 15 2 0 150 150
151 15 2 0 151 151
152 15 2 0 152 152
153 15 2 0 153 153
154 15 2 0 154 154
155 15 2 0 155 155
156 15 2 0 156 156
157 15 2 0 157 157
158 15 2 0 158 158
159 15 2 0 159 159
160 15 2 0 160 160
161 15 2 0 161 161
162 15 2 0 162 162
163 15 2 0 163 163
164 15 2 0 164 164
165 15 2 0 165 165
166 15 2 0 166 166
167 15 2 0 167 167
168 15 2 0 168 168
169 15 2 0 169 169
170 15 2 0 170 170
171 15 2 0 171 171
172 15 2 0 172 172
173 15 2 0 173 173
174 15 2 0 174 174
175 15 2 0 175 175
176 15 2 0 176 176
177 15 2 0 177 177
178 15 2 0 178 178
179 15 2 0 179 179
180 15 2 0 180 180
181 15 2 0 181 181
182 15 2 0 182 182
183 15 2 0 183 183
184 15 2 0 184 184
185 15 2 0 185 185
186 15 2 0 186 186
187 15 2 0 187 187
188 15 2 0 188 188
189 15 2 0 189 189
190 15 2 0 190 190
191 15 2 0 191 191
192 15 2 0 192 192
193 15 2 0 193 193
194 15 2 0 194 194
195 15 2 0 195 195
196 15 2 0 196 196
197 15 2 0 197 197
198 15 2 0 198 198
199 15 2 0 199 199
200 15 2 0 200 200
201 15 2 0 201 201
202 15 2 0 202 202
203 15 2 0 203 203
204 15 2 0 204 204
205 15 2 0 205 205
206 15 2 0 206 206
207 15 2 0 207 207
208 15 2 0 208 208
209 15 2 0 209 209
210 15 2 0 210 210
211 15 2 0 211 211
212 15 2 0 212 212
213 15 2 0 213 213
214 15 2 0 214 214
215 15 2 0 215 215
216 15 2 0 216 216
217 15 2 0 217 217
218 15 2 0 218 218
219 15 2 0 219 219
220 15 2 0 220 220
221 15 2 0 221 221
222 15 2 0 222 222
223 15 2 0 223 223
224 15 2 0 224 224
225 15 2 0 225 225
226 15 2 0 226 226
227 15 2 0 227 227
228 15 2 0 228 228
229 15 2 0 229 229
230 15 2 0 230 230
231 15 2 0 231 231
232 15 2 0 232 232
233 15 2 0 233 233
234 15 2 0 234 234
235 15 2 0 235 235
236 15 2 0 236 236
237 15 2 0 237 237
238 15 2 0 238 238
239 15 2 0 239 239
240 15 2 0 240 240
241 15 2 0 241 241
242 15 2 0 242 242
243 15 2 0 243 243
244 15 2 0 244 244
245 15 2 0 245 245
246 15 2 0 246 246
247 15 2 0 247 247
248 15 2 0 248 248
249 15 2 0 249 249
250 15 2 0 250 250
251 15 2 0 251 251
252 15 2 0 252 252
253 15 2 0 253 253
254 15 2 0 254 254
255 15 2 0 255 255
256 15 2 0 256 256
257 15 2 0 257 257
258 15 2 0 258 258
259 15 2 0 259 259
260 15 2 0 260 260
261 15 2 0 261 261
262 15 2 0 262 262
263 15 2 0 263 263
264 15 2 0 264 264
265 15 2 0 265 265
266 15 2 0 266 266
267 15 2 0 267 267
268 15 2 0 268 268
269 15 2 0 269 269
270 15 2 0 270 270
271 15 2 0 271 271
272 15 2 0 272 272
273 15 2 0 273 273
274 15 2 0 274 274
275 15 2 0 275 275
276 15 2 0 276 276
277 15 2 0 277 277
278 15 2 0 278 278
279 15 2 0 279 279
280 15 2 0 280 280
281 15 2 0 281 281
282 15 2 0 282 282
283 15 2 0 283 283
284 15 2 0 284 284
285 15 2 0 285 285
286 15 2 0 286 286
287 15 2 0 287 287
288 15 2 0 288 288
289 15 2 0 289 289
290 15 2 0 290 290
291 15 2 0 291 291
292 15 2 0 292 292
293 15 2 0 293 293
294 15 2 0 294 294
295 15 2 0 295 295
296 15 2 0 296 296
297 15 2 0 297 297
298 15 2 0 298 298
299 15 2 0 299 299
300 15 2 0 300 300
301 15 2 0 301 301
302 15 2 0 302 302
303 15 2 0 303 303
304 15 2 0 304 304
305 15 2 0 305 305
306 15 2 0 306 306
307 15 2 0 307 307
308 15 2 0 308 308
309 15 2 0 309 309
310 15 2 0 310 310
311 15 2 0 311 311
312 15 2 0 312 312
313 15 2 0 313 313
314 15 2 0 314 314
315 15 2 0 315 315
316 15 2 0 316 316
317 15 2 0 317 317
318 15 2 0 318 318
319 15 2 0 319 319
320 15 2 0 320 320
321 15 2 0 321 321
322 15 2 0 322 322
323 15 2 0 323 323
324 15 2 0 324 324
325 15 2 0 325 325
326 15 2 0 326 326
327 15 2 0 327 327
328 15 2 0 328 328
329 15 2 0 329 329
330 15 2 0 330 330
331 15 2 0 331 331
332 15 2 0 332 332
333 15 2 0 333 333
334 15 2 0 334 334
335 15 2 0 335 335
336 15 2 0 336 336
337 15 2 0 337 337
338 15 2 0 338 338
339 15 2 0 339 339
340 15 2 0 340 340
341 15 2 0 341 341
342 15 2 0 342 342
343 15 2 0 343 343
344 15 2 0 344 344
345 15 2 0 345 345
346 15 2 0 346 346
347 15 2 0 347 347
348 15 2 0 348 348
349 15 2 0 349 349
350 15 2 0 350 350
351 15 2 0 351 351
352 15 2 0 352 352
353 15 2 0 353 353
354 15 2 0 354 354
355 15 2 0 355 355
356 15 2 0 356 356
357 15 2 0 357 357
358 15 2 0 358 358
359 15 2 0 359 359
360 15 2 0 360 360
361 15 2 0 361 361
362 15 2 0 362 362
363 15 2 0 363 363
364 15 2 0 364 364
365 15 2 0 365 365
366 15 2 0 366 366
367 15 2 0 367 367
368 15 2 0 368 368
369 15 2 0 369 369
370 15 2 0 370 370
371 15 2 0 371 371
372 15 2 0 372 372
373 15 2 0 373 373
374 15 2 0 374 374
375 15 2 0 375 375
376 15 2 0 376 376
377 15 2 0 377 377
378 15 2 0 378 378
379 15 2 0 379 379
380 15 2 0 380 380
381 15 2 0 381 381
382 15 2 0 382 382
383 15 2 0 383 383
384 15 2 0 384 384
385 15 2 0 385 385
386 15 2 0 386 386
387 15 2 0 387 387
388 15 2 0 388 388
389 15 2 0 389 389
390 15 2 0 390 390
391 15 2 0 391 391
392 15 2 0 392 392
393 15 2 0 393 393
394 15 2 0 394 394
395 15 2 0 395 395
396 15 2 0 396 396
397 15 2 0 397 397
398 15 2 0 398 398
399 15 2 0 399 399
400 15 2 0 400 400
401 15 2 0 401 401
402 15 2 0 402 402
403 15 2 0 403 403
404 15 2 0 404 404
405 15 2 0 405 405
406 15 2 0 406 406
407 15 2 0 407 407
408 15 2 0 408 408
409 15 2 0 409 409
410 15 2 0 410 410
411 15 2 0 411 411
412 15 2 0 412 412
413 15 2 0 413 413
414 15 2 0 414 414
415 15 2 0 415 415
416 15 2 0 416 416
417 15 2 0 417 417
418 15 2 0 418 418
419 15 2 0 419 419
420 15 2 0 420 420
421 15 2 0 421 421
422 15 2 0 422 422
423 15 2 0 423 423
424 15 2 0 424 424
425 15 2 0 425 425
426 15 2 0 426 426
427 15 2 0 427 427
428 15 2 0 428 428
429 15 2 0 429 429
430 15 2 0 430 430
431 15 2 0 431 431
432 15 2 0 432 432
433 15 2 0 433 433
434 15 2 0 434 434
435 15 2 0 435 435
436 15 2 0 436 436
437 15 2 0 437 437
438 15 2 0 438 438
439 15 2 0 439 439
440 15 2 0 440 440
441 15 2 0 441 441
442 15 2 0 442 442
443 15 2 0 443 443
444 15 2 0 444 444
445 15 2 0 445 445
446 15 2 0 446 446
447 15 2 0 447 447
448 15 2 0 448 448
449 15 2 0 449 449
450 15 2 0 450 450
451 15 2 0 451 451
452 15 2 0 452 452
453 15 2 0 453 453
454 15 2 0 454 454
455 15 2 0 455 455
456 15 2 0 456 456
457 15 2 0 457 457
458 15 2 0 458 458
459 15 2 0 459 459
460 15 2 0 460 460
461 15 2 0 461 461
462 15 2 0 462 462
463 15 2 0 463 463
464 15 2 0 464 464
465 15 2 0 465 465
466 15 2 0 466 466
467 15 2 0 467 467
468 15 2 0 468 468
469 15 2 0 469 469
470 15 2 0 470 470
471 15 2 0 471 471
472 15 2 0 472 472
473 15 2 0 473 473
474 15 2 0 474 474
475 15 2 0 475 475
476 15 2 0 476 476
477 15 2 0 477 477
478 15 2 0 478 478
479 15 2 0 479 479
480 15 2 0 480 480
481 15 2 0 481 481
482 15 2 0 482 482
483 15 2 0 483 483
484 15 2 0 484 484
485 15 2 0 485 485
486 15 2 0 486 486
487 15 2 0 487 487
488 15 2 0 488 488
489 15 2 0 489 489
490 15 2 0 490 490
491 15 2 0 491 491
492 15 2 0 492 492
493 15 2 0 493 493
494 15 2 0 494 494
495 15 2 0 495 495
496 15 2 0 496 496
497 15 2 0 497 497
498 15 2 0 498 498
499 15 2 0 499 499
500 15 2 0 500 500
501 15 2 0 501 501
502 15 2 0 502 502
503 15 2 0 503 503
504 15 2 0 504 504
505 15 2 0 505 505
506 15 2 0 506 506
507 15 2 0 507 507
508 15 2 0 508 508
509 15 2 0 509 509
510 15 2 0 510 510
511 15 2 0 511 511
512 15 2 0 512 512
513 15 2 0 513 513
514 15 2 0 514 514
515 15 2 0 515 515
516 15 2 0 516 516
517 15 2 0 517 517
518 15 2 0 518 518
519 15 2 0 519 519
520 15 2 0 520 520
521 15 2 0 521 521
522 15 2 0 522 522
523 15 2 0 523 523
524 15 2 0 524 524
525 15 2 0 525 525
526 15 2 0 526 526
527 15 2 0 527 527
528 15 2 0 528 528
529 15 2 0 529 529
530 15 2 0 530 530
531 15 2 0 531 531
532 15 2 0 532 532
533 15 2 0 533 533
534 15 2 0 534 534
535 15 2 0 535 535
536 15 2 0 536 536
537 15 2 0 537 537
538 15 2 0 538 538
539 15 2 0 539 539
540 15 2 0 540 540
541 15 2 0 541 541
542 15 2 0 542 542
543 15 2 0 543 543
544 15 2 0 544 544
545 15 2 0 545 545
546 15 2 0 546 546
547 15 2 0 547 547
548 15 2 0 548 548
549 15 2 0 549 549
550 15 2 0 550 550
551 15 2 0 551 551
552 15 2 0 552 552
553 15 2 0 553 553
554 15 2 0 554 554
555 15 2 0 555 555
556 15 2 0 556 556
557 15 2 0 557 557
558 15 2 0 558 558
559 15 2 0 559 559
560 15 2 0 560 560
561 15 2 0 561 561
562 15 2 0 562 562
563 15 2 0 563 563
564 15 2 0 564 564
565 15 2 0 565 565
566 15 2 0 566 566
567 15 2 0 567 567
568 15 2 0 568 568
569 15 2 0 569 569
570 15 2 0 570 570
571 15 2 0 571 571
572 15 2 0 572 572
573 15 2 0 573 573
574 15 2 0 574 574
575 15 2 0 575 575
576 15 2 0 576 576
577 15 2 0 577 577
578 15 2 0 578 578
579 15 2 0 579 579
580 15 2 0 580 580
581 15 2 0 581 581
582 15 2 0 582 582
583 15 2 0 583 583
584 15 2 0 584 584
585 15 2 0 585 585
586 15 2 0 586 586
587 15 2 0 587 587
588 15 2 0 588 588
589 15 2 0 589 589
590 15 2 0 590 590
591 15 2 0 591 591
592 15 2 0 592 592
593 15 2 0 593 593
594 15 2 0 594 594
595 15 2 0 595 595
596 15 2 0 596 596
597 15 2 0 597 597
598 15 2 0 598 598
599 15 2 0 599 599
600 15 2 0 600 600
601 15 2 0 601 601
602 15 2 0 602 602
603 15 2 0 603 603
604 15 2 0 604 604
605 15 2 0 605 605
606 15 2 0 606 606
607 15 2 0 607 607
608 15 2 0 608 608
609 15 2 0 609 609
610 15 2 0 610 610
611 15 2 0 611 611
612 15 2 0 612 612
613 15 2 0 613 613
614 15 2 0 614 614
615 15 2 0 615 615
616 15 2 0 616 616
617 15 2 0 617 617
618 15 2 0 618 618
619 15 2 0 619 619
620 15 2 0 620 620
621 15 2 0 621 621
622 15 2 0 622 622
623 15 2 0 623 623
624 15 2 0 624 624
625 15 2 0 625 625
626 15 2 0 626 626
627 15 2 0 627 627
628 15 2 0 628 628
629 15 2 0 629 629
630 15 2 0 630 630
631 15 2 0 631 631
632 15 2 0 632 632
633 15 2 0 633 633
634 15 2 0 634 634
635 15 2 0 635 635
636 15 2 0 636 636
637 15 2 0 637 637
638 15 2 0 638 638
639 15 2 0 639 639
640 15 2 0 640 640
641 15 2 0 641 641
642 15 2 0 642 642
643 15 2 0 643 643
644 15 2 0 644 644
645 15 2 0 645 645
646 15 2 0 646 646
647 15 2 0 647 647
648 15 2 0 648 648
649 15 2 0 649 649
650 15 2 0 650 650
651 15 2 0 651 651
652 15 2 0 652 652
653 15 2 0 653 653
654 15 2 0 654 654
655 15 2 0 655 655
656 15 2 0 656 656
657 15 2 0 657 657
658 15 2 0 658 658
659 15 2 0 659 659
660 15 2 0 660 660
661 15 2 0 661 661
662 15 2 0 662 662
663 15 2 0 663 663
664 15 2 0 664 664
665 15 2 0 665 665
666 15 2 0 666 666
667 15 2 0 667 667
668 15 2 0 668 668
669 15 2 0 669 669
670 15 2 0 670 670
671 15 2 0 671 671
672 15 2 0 672 672
673 15 2 0 673 673
674 15 2 0 674 674
675 15 2 0 675 675
676 15 2 0 676 676
677 15 2 0 677 677
678 15 2 0 678 678
679 15 2 0 679 679
680 15 2 0 680 680
681 15 2 0 681 681
682 15 2 0 682 682
683 15 2 0 683 683
684 15 2 0 684 684
685 15 2 0 685 685
686 15 2 0 686 686
687 15 2 0 687 687
688 15 2 0 688 688
689 15 2 0 689 689
690 15 2 0 690 690
691 15 2 0 691 691
692 15 2 0 692 692
693 15 2 0 693 693
694 15 2 0 694 694
695 15 2 0 695 695
696 15 2 0 696 696
697 15 2 0 697 697
698 15 2 0 698 698
699 15 2 0 699 699
700 15 2 0 700 700
701 15 2 0 701 701
702 15 2 0 702 702
703 15 2 0 703 703
704 15 2 0 704 704
705 15 2 0 705 705
706 15 2 0 706 706
707 15 2 0 707 707
708 15 2 0 708 708
709 15 2 0 709 709
710 15 2 0 710 710
711 15 2 0 711 711
712 15 2 0 712 712
713 15 2 0 713 713
714 15 2 0 714 714
715 15 2 0 715 715
716 15 2 0 716 716
717 15 2 0 717 717
718 15 2 0 718 718
719 15 2 0 719 719
720 15 2 0 720 720
721 15 2 0 721 721
722 15 2 0 722 722
723 15 2 0 723 723
724 15 2 0 724 724
725 15 2 0 725 725
726 15 2 0 726 726
727 15 2 0 727 727
728 15 2 0 728 728
729 15 2 0 729 729
730 15 2 0 730 730
731 15 2 0 731 731
732 15 2 0 732 732
733 15 2 0 733 733
734 15 2 0 734 734
735 15 2 0 735 735
736 15 2 0 736 736
737 15 2 0 737 737
738 15 2 0 738 738
739 15 2 0 739 739
740 15 2 0 740 740
741 15 2 0 741 741
742 15 2 0 742 742
743 15 2 0 743 743
744 15 2 0 744 744
745 15 2 0 745 745
746 15 2 0 746 746
747 15 2 0 747 747
748 15 2 0 748 748
749 15 2 0 749 749
750 15 2 0 750 750
751 15 2 0 751 751
752 15 2 0 752 752
753 15 2 0 753 753
754 15 2 0 754 754
755 15 2 0 755 755
756 15 2 0 756 756
757 15 2 0 757 757
758 15 2 0 758 758
759 15 2 0 759 759
760 15 2 0 760 760
761 15 2 0 761 761
762 15 2 0 762 762
763 15 2 0 763 763
764 15 2 0 764 764
765 15 2 0 765 765
766 15 2 0 766 766
767 15 2 0 767 767
768 15 2 0 768 768
769 15 2 0 769 769
770 15 2 0 770 770
771 15 2 0 771 771
772 15 2 0 772 772
773 15 2 0 773 773
774 15 2 0 774 774
775 15 2 0 775 775
776 15 2 0 776 776
777 15 2 0 777 777
778 15 2 0 778 778
779 15 2 0 779 779
780 15 2 0 780 780
781 15 2 0 781 781
782 15 2 0 782 782
783 15 2 0 783 783
784 15 2 0 784 784
785 15 2 0 785 785
786 15 2 0 786 786
787 15 2 0 787 787
788 15 2 0 788 788
789 15 2 0 789 789
790 15 2 0 790 790
791 15 2 0 791 791
792 15 2 0 792 792
793 15 2 0 793 793
794 15 2 0 794 794
795 15 2 0 795 795
796 15 2 0 796 796
797 15 2 0 797 797
798 15 2 0 798 798
799 15 2 0 799 799
800 15 2 0 800 800
801 15 2 0 801 801
802 15 2 0 802 802
803 15 2 0 803 803
804 15 2 0 804 804
805 15 2 0 805 805
806 15 2 0 806 806
807 15 2 0 807 807
808 15 2 0 808 808
809 15 2 0 809 809
810 15 2 0 810 810
811 15 2 0 811 811
812 15 2 0 812 812
813 15 2 0 813 813
814 15 2 0 814 814
815 15 2 0 815 815
816 15 2 0 816 816
817 15 2 0 817 817
818 15 2 0 818 818
819 15 2 0 819 819
820 15 2 0 820 820
821 15 2 0 821 821
822 15 2 0 822 822
823 15 2 0 823 823
824 15 2 0 824 824
825 15 2 0 825 825
826 15 2 0 826 826
827 15 2 0 827 827
828 15 2 0 828 828
829 15 2 0 829 829
830 15 2 0 830 830
831 15 2 0 831 831
832 15 2 0 832 832
833 15 2 0 833 833
834 15 2 0 834 834
835 15 2 0 835 835
836 15 2 0 836 836
837 15 2 0 837 837
838 15 2 0 838 838
839 15 2 0 839 839
840 15 2 0 840 840
841 15 2 0 841 841
842 15 2 0 842 842
843 15 2 0 843 843
844 15 2 0 844 844
845 15 2 0 845 845
846 15 2 0 846 846
847 15 2 0 847 847
848 15 2 0 848 848
849 15 2 0 849 849
850 15 2 0 850 850
851 15 2 0 851 851
852 15 2 0 852 852
853 15 2 0 853 853
854 15 2 0 854 854
855 15 2 0 855 855
856 15 2 0 856 856
857 15 2 0 857 857
858 15 2 0 858 858
859 15 2 0 859 859
860 15 2 0 860 860
861 15 2 0 861 861
862 15 2 0 862 862
863 15 2 0 863 863
864 15 2 0 864 864
865 15 2 0 865 865
866 15 2 0 866 866
867 15 2 0 867 867
868 15 2 0 868 868
869 15 2 0 869 869
870 15 2 0 870 870
871 15 2 0 871 871
872 15 2 0 872 872
873 15 2 0 873 873
874 15 2 0 874 874
875 15 2 0 875 875
876 15 2 0 876 876
877 15 2 0 877 877
878 15 2 0 878 878
879 15 2 0 879 879
880 15 2 0 880 880
881 15 2 0 881 881
882 15 2 0 882 882
883 15 2 0 883 883
884 15 2 0 884 884
885 15 2 0 885 885
886 15 2 0 886 886
887 15 2 0 887 887
888 15 2 0 888 888
889 15 2 0 889 889
890 15 2 0 890 890
891 15 2 0 891 891
892 15 2 0 892 892
893 15 2 0 893 893
894 15 2 0 894 894
895 15 2 0 895 895
896 15 2 0 896 896
897 15 2 0 897 897
898 15 2 0 898 898
899 15 2 0 899 899
900 15 2 0 900 900
901 15 2 0 901 901
902 15 2 0 902 902
903 15 2 0 903 903
904 15 2 0 904 904
905 15 2 0 905 905
906 15 2 0 906 906
907 15 2 0 907 907
908 15 2 0 908 908
909 15 2 0 909 909
910 15 2 0 910 910
911 15 2 0 911 911
912 15 2 0 912 912
913 15 2 0 913 913
914 15 2 0 914 914
915 15 2 0 915 915
916 15 2 0 916 916
917 15 2 0 917 917
918 15 2 0 918 918
919 15 2 0 919 919
920 15 2 0 920 920
921 15 2 0 921 921
922 15 2 0 922 922
923 15 2 0 923 923
924 15 2 0 924 924
925 15 2 0 925 925
926 15 2 0 926 926
927 15 2 0 927 927
928 15 2 0 928 928
929 15 2 0 929 929
930 15 2 0 930 930
931 15 2 0 931 931
932 15 2 0 932 932
933 15 2 0 933 933
934 15 2 0 934 934
935 15 2 0 935 935
936 15 2 0 936 936
937 15 2 0 937 937
938 15 2 0 938 938
939 15 2 0 939 939
940 15 2 0 940 940
941 15 2 0 941 941
942 15 2 0 942 942
943 15 2 0 943 943
944 15 2 0 944 944
945 15 2 0 945 945
946 15 2 0 946 946
947 15 2 0 947 947
948 15 2 0 948 948
949 15 2 0 949 949
950 15 2 0 950 950
951 15 2 0 951 951
952 15 2 0 952 952
953 15 2 0 953 953
954 15 2 0 954 954
955 15 2 0 955 955
956 15 2 0 956 956
957 15 2 0 957 957
958 15 2 0 958 958
959 15 2 0 959 959
960 15 2 0 960 960
961 15 2 0 961 961
962 15 2 0 962 962
963 15 2 0 963 963
964 15 2 0 964 964
965 15 2 0 965 965
966 15 2 0 966 966
967 15 2 0 967 967
968 15 2 0 968 968
969 15 2 0 969 969
970 15 2 0 970 970
971 15 2 0 971 971
972 15 2 0 972 972
973 15 2 0 973 973
974 15 2 0 974 974
975 15 2 0 975 975
976 15 2 0 976 976
977 15 2 0 977 977
978 15 2 0 978 978
979 15 2 0 979 979
980 15 2 0 980 980
981 15 2 0 981 981
982 15 2 0 982 982
983 15 2 0 983 983
984 15 2 0 984 984
985 15 2 0 985 985
986 15 2 0 986 986
987 15 2 0 987 987
988 15 2 0 988 988
989 15 2 0 989 989
990 15 2 0 990 990
991 15 2 0 991 991
992 15 2 0 992 992
993 15 2 0 993 993
994 15 2 0 994 994
995 15 2 0 995 995
996 15 2 0 996 996
997 15 2 0 997 997
998 15 2 0 998 998
999 15 2 0 999 999
1000 15 2 0 1000 1000
1001 15 2 0 1001 1001
1002 15 2 0 1002 1002
1003 15 2 0 1003 1003
1004 15 2 0 1004 1004
1005 15 2 0 1005 1005
1006 15 2 0 1006 1006
1007 15 2 0 1007 1007
1008 15 2 0 1008 1008
1009 15 2 0 1009 1009
1010 15 2 0 1010 1010
1011 15 2 0 1011 1011
1012 15 2 0 1012 1012
1013 15 2 0 1013 1013
1014 15 2 0 1014 1014
1015 15 2 0 1015 1015
1016 15 2 0 1016 1016
1017 15 2 0 1017 1017
1018 15 2 0 1018 1018
1019 15 2 0 1019 1019
1020 15 2 0 1020 1020
1021 15 2 0 1021 1021
1022 15 2 0 1022 1022
1023 15 2 0 1023 1023
1024 15 2 0 1024 1024
1025 15 2 0 1025 1025
1026 15 2 0 1026 1026
1027 15 2 0 1027 1027
1028 15 2 0 1028 1028
1029 15 2 0 1029 1029
1030 15 2 0 1030 1030
1031 15 2 0 1031 1031
1032 15 2 0 1032 1032
1033 15 2 0 1033 1033
1034 15 2 0 1034 1034
1035 15 2 0 1035 1035
1036 15 2 0 1036 1036
1037 15 2 0 1037 1037
1038 15 2 0 1038 1038
1039 15 2 0 1039 1039
1040 15 2 0 1040 1040
1041 15 2 0 1041 1041
1042 15 2 0 1042 1042
1043 15 2 0 1043 1043
1044 15 2 0 1044 1044
1045 15 2 0 1045 1045
1046 15 2 0 1046 1046
1047 15 2 0 1047 1047
1048 15 2 0 1048 1048
1049 15 2 0 1049 1049
1050 15 2 0 1050 1050
1051 15 2 0 1051 1051
1052 15 2 0 1052 1052
1053 15 2 0 1053 1053
1054 15 2 0 1054 1054
1055 15 2 0 1055 1055
1056 15 2 0 1056 1056
1057 15 2 0 1057 1057
1058 15 2 0 1058 1058
1059 15 2 0 1059 1059
1060 15 2 0 1060 1060
1061 15 2 0 1061 1061
1062 15 2 0 1062 1062
1063 15 2 0 1063 1063
1064 15 2 0 1064 1064
1065 15 2 0 1065 1065
1066 15 2 0 1066 1066
1067 15 2 0 1067 1067
1068 15 2 0 1068 1068
1069 15 2 0 1069 1069
1070 15 2 0 1070 1070
1071 15 2 0 1071 1071
1072 15 2 0 1072 1072
1073 15 2 0 1073 1073
1074 15 2 0 1074 1074
1075 15 2 0 1075 1075
1076 15 2 0 1076 1076
1077 15 2 0 1077 1077
1078 15 2 0 1078 1078
1079 15 2 0 1079 1079
1080 15 2 0 1080 1080
1081 15 2 0 1081 1081
1082 15 2 0 1082 1082
1083 15 2 0 1083 1083
1084 15 2 0 1084 1084
1085 15 2 0 1085 1085
1086 15 2 0 1086 1086
1087 15 2 0 1087 1087
1088 15 2 0 1088 1088
1089 15 2 0 1089 1089
1090 15 2 0 1090 1090
1091 15 2 0 1091 1091
1092 15 2 0 1092 1092
1093 15 2 0 1093 1093
1094 15 2 0 1094 1094
1095 15 2 0 1095 1095
1096 15 2 0 1096 1096
1097 15 2 0 1097 1097
1098 15 2 0 1098 1098
1099 15 2 0 1099 1099
1100 15 2 0 1100 1100
1101 15 2 0 1101 1101
1102 15 2 0 1102 1102
1103 15 2 0 1103 1103
1104 15 2 0 1104 1104
1105 15 2 0 1105 1105
1106 15 2 0 1106 1106
1107 15 2 0 1107 1107
1108 15 2 0 1108 1108
1109 15 2 0 1109 1109
1110 15 2 0 1110 1110
1111 15 2 0 1111 1111
1112 15 2 0 1112 1112
1113 15 2 0 1113 1113
1114 15 2 0 1114 1114
1115 15 2 0 1115 1115
1116 15 2 0 1116 1116
1117 15 2 0 1117 1117
1118 15 2 0 1118 1118
1119 15 2 0 1119 1119
1120 15 2 0 1120 1120
1121 15 2 0 1121 1121
1122 15 2 0 1122 1122
1123 15 2 0 1123 1123
1124 15 2 0 1124 1124
1125 15 2 0 1125 1125
1126 15 2 0 1126 1126
1127 15 2 0 1127 1127
1128 15 2 0 1128 1128
1129 15 2 0 1129 1129
1130 15 2 0 1130 1130
1131 15 2 0 1131 1131
1132 15 2 0 1132 1132
1133 15 2 0 1133 1133
1134 15 2 0 1134 1134
1135 15 2 0 1135 1135
1136 15 2 0 1136 1136
1137 15 2 0 1137 1137
1138 15 2 0 1138 1138
1139 15 2 0 1139 1139
1140 15 2 0 1140 1140
1141 15 2 0 1141 1141
1142 15 2 0 1142 1142
1143 15 2 0 1143 1143
1144 15 2 0 1144 1144
1145 15 2 0 1145 1145
1146 15 2 0 1146 1146
1147 15 2 0 1147 1147
1148 15 2 0 1148 1148
1149 15 2 0 1149 1149
1150 15 2 0 1150 1150
1151 15 2 0 1151 1151
1152 15 2 0 1152 1152
1153 15 2 0 1153 1153
1154 15 2 0 1154 1154
1155 15 2 0 1155 1155
1156 15 2 0 1156 1156
1157 15 2 0 1157 1157
1158 15 2 0 1158 1158
1159 15 2 0 1159 1159
1160 15 2 0 1160 1160
1161 15 2 0 1161 1161
1162 15 2 0 1162 1162
1163 15 2 0 1163 1163
1164 15 2 0 1164 1164
1165 15 2 0 1165 1165
1166 15 2 0 1166 1166
1167 15 2 0 1167 1167
1168 15 2 0 1168 1168
1169 15 2 0 1169 1169
1170 15 2 0 1170 1170
1171 15 2 0 1171 1171
1172 15 2 0 1172 1172
1173 15 2 0 1173 1173
1174 15 2 0 1174 1174
1175 15 2 0 1175 1175
1176 15 2 0 1176 1176
1177 15 2 0 1177 1177
1178 15 2 0 1178 1178
1179 15 2 0 1179 1179
1180 15 2 0 1180 1180
1181 15 2 0 1181 1181
1182 15 2 0 1182 1182
1183 15 2 0 1183 1183
1184 15 2 0 1184 1184
1185 15 2 0 1185 1185
1186 15 2 0 1186 1186
1187 15 2 0 1187 1187
1188 15 2 0 1188 1188
1189 15 2 0 1189 1189
1190 15 2 0 1190 1190
1191 15 2 0 1191 1191
1192 15 2 0 1192 1192
1193 15 2 0 1193 1193
1194 15 2 0 1194 1194
1195 15 2 0 1195 1195
1196 15 2 0 1196 1196
1197 15 2 0 1197 1197
1198 15 2 0 1198 1198
1199 15 2 0 1199 1199
1200 15 2 0 1200 1200
1201 15 2 0 1201 1201
1202 15 2 0 1202 1202
1203 15 2 0 1203 1203
1204 15 2 0 1204 1204
1205 15 2 0 1205 1205
1206 15 2 0 1206 1206
1207 15 2 0 1207 1207
1208 15 2 0 1208 1208
1209 15 2 0 1209 1209
1210 15 2 0 1210 1210
1211 15 2 0 1211 1211
1212 15 2 0 1212 1212
1213 15 2 0 1213 1213
1214 15 2 0 1214 1214
1215 15 2 0 1215 1215
1216 15 2 0 1216 1216
1217 15 2 0 1217 1217
1218 15 2 0 1218 1218
1219 15 2 0 1219 1219
1220 15 2 0 1220 1220
1221 15 2 0 1221 1221
1222 15 2 0 1222 1222
1223 15 2 0 1223 1223
1224 15 2 0 1224 1224
1225 15 2 0 1225 1225
1226 15 2 0 1226 1226
1227 15 2 0 1227 1227
1228 15 2 0 1228 1228
1229 15 2 0 1229 1229
1230 15 2 0 1230 1230
1231 15 2 0 1231 1231
1232 15 2 0 1232 1232
1233 15 2 0 1233 1233
1234 15 2 0 1234 1234
1235 15 2 0 1235 1235
1236 15 2 0 1236 1236
1237 15 2 0 1237 1237
1238 15 2 0 1238 1238
1239 15 2 0 1239 1239
1240 15 2 0 1240 1240
1241 15 2 0 1241 1241
1242 15 2 0 1242 1242
1243 15 2 0 1243 1243
1244 15 2 0 1244 1244
1245 15 2 0 1245 1245
1246 15 2 0 1246 1246
1247 15 2 0 1247 1247
1248 15 2 0 1248 1248
1249 15 2 0 1249 1249
1250 15 2 0 1250 1250
1251 15 2 0 1251 1251
1252 15 2 0 1252 1252
1253 15 2 0 1253 1253
1254 15 2 0 1254 1254
1255 15 2 0 1255 1255
1256 15 2 0 1256 1256
1257 15 2 0 1257 1257
1258 15 2 0 1258 1258
1259 15 2 0 1259 1259
1260 15 2 0 1260 1260
1261 15 2 0 1261 1261
1262 15 2 0 1262 1262
1263 15 2 0 1263 1263
1264 15 2 0 1264 1264
1265 15 2 0 1265 1265
1266 15 2 0 1266 1266
1267 15 2 0 1267 1267
1268 15 2 0 1268 1268
1269 15 2 0 1269 1269
1270 15 2 0 1270 1270
1271 15 2 0 1271 1271
1272 15 2 0 1272 1272
1273 15 2 0 1273 1273
1274 15 2 0 1274 1274
1275 15 2 0 1275 1275
1276 15 2 0 1276 1276
1277 15 2 0 1277 1277
1278 15 2 0 1278 1278
1279 15 2 0 1279 1279
1280 15 2 0 1280 1280
1281 15 2 0 1281 1281
1282 15 2 0 1282 1282
1283 15 2 0 1283 1283
1284 15 2 0 1284 1284
1285 15 2 0 1285 1285
1286 15 2 0 1286 1286
1287 15 2 0 1287 1287
1288 15 2 0 1288 1288
1289 15 2 0 1289 1289
1290 15 2 0 1290 1290
1291 15 2 0 1291 1291
1292 15 2 0 1292 1292
1293 15 2 0 1293 1293
1294 15 2 0 1294 1294
1295 15 2 0 1295 1295
1296 15 2 0 1296 1296
1297 15 2 0 1297 1297
1298 15 2 0 1298 1298
1299 15 2 0 1299 1299
1300 15 2 0 1300 1300
1301 15 2 0 1301 1301
1302 15 2 0 1302 1302
1303 15 2 0 1303 1303
1304 15 2 0 1304 1304
1305 15 2 0 1305 1305
1306 15 2 0 1306 1306
1307 15 2 0 1307 1307
1308 15 2 0 1308 1308
1309 15 2 0 1309 1309
1310 15 2 0 1310 1310
1311 15 2 0 1311 1311
1312 15 2 0 1312 1312
1313 15 2 0 1313 1313
1314 15 2 0 1314 1314
1315 15 2 0 1315 1315
1316 15 2 0 1316 1316
1317 15 2 0 1317 1317
1318 15 2 0 1318 1318
1319 15 2 0 1319 1319
1320 15 2 0 1320 1320
1321 15 2 0 1321 1321
1322 15 2 0 1322 1322
1323 15 2 0 1323 1323
1324 15 2 0 1324 1324
1325 15 2 0 1325 1325
1326 15 2 0 1326 1326
1327 15 2 0 1327 1327
1328 15 2 0 1328 1328
1329 15 2 0 1329 1329
1330 15 2 0 1330 1330
1331 15 2 0 1331 1331
1332 15 2 0 1332 1332
1333 15 2 0 1333 1333
1334 15 2 0 1334 1334
1335 15 2 0 1335 1335
1336 15 2 0 1336 1336
1337 15 2 0 1337 1337
1338 15 2 0 1338 1338
1339 15 2 0 1339 1339
1340 15 2 0 1340 1340
1341 15 2 0 1341 1341
1342 15 2 0 1342 1342
1343 15 2 0 1343 1343
1344 15 2 0 1344 1344
1345 15 2 0 1345 1345
1346 15 2 0 1346 1346
1347 15 2 0 1347 1347
1348 15 2 0 1348 1348
1349 15 2 0 1349 1349
1350 15 2 0 1350 1350
1351 15 2 0 1351 1351
1352 15 2 0 1352 1352
1353 15 2 0 1353 1353
1354 15 2 0 1354 1354
1355 15 2 0 1355 1355
1356 15 2 0 1356 1356
1357 15 2 0 1357 1357
1358 15 2 0 1358 1358
1359 15 2 0 1359 1359
1360 15 2 0 1360 1360
1361 15 2 0 1361 1361
1362 15 2 0 1362 1362
1363 15 2 0 1363 1363
1364 15 2 0 1364 1364
1365 15 2 0 1365 1365
1366 15 2 0 1366 1366
1367 15 2 0 1367 1367
1368 15 2 0 1368 1368
1369 15 2 0 1369 1369
1370 15 2 0 1370 1370
1371 15 2 0 1371 1371
1372 15 2 0 1372 1372
1373 15 2 0 1373 1373
1374 15 2 0 1374 1374
1375 15 2 0 1375 1375
1376 15 2 0 1376 1376
1377 15 2 0 1377 1377
1378 15 2 0 1378 1378
1379 15 2 0 1379 1379
1380 15 2 0 1380 1380
1381 15 2 0 1381 1381
1382 15 2 0 1382 1382
1383 15 2 0 1383 1383
1384 15 2 0 1384 1384
1385 15 2 0 1385 1385
1386 15 2 0 1386 1386
1387 15 2 0 1387 1387
1388 15 2 0 1388 1388
1389 15 2 0 1389 1389
1390 15 2 0 1390 1390
1391 15 2 0 1391 1391
1392 15 2 0 1392 1392
1393 15 2 0 1393 1393
1394 15 2 0 1394 1394
1395 15 2 0 1395 1395
1396 15 2 0 1396 1396
1397 15 2 0 1397 1397
1398 15 2 0 1398 1398
1399 15 2 0 1399 1399
1400 15 2 0 1400 1400
1401 15 2 0 1401 1401
1402 15 2 0 1402 1402
1403 15 2 0 1403 1403
1404 15 2 0 1404 1404
1405 15 2 0 1405 1405
1406 15 2 0 1406 1406
1407 15 2 0 1407 1407
1408 15 2 0 1408 1408
1409 15 2 0 1409 1409
1410 15 2 0 1410 1410
1411 15 2 0 1411 1411
1412 15 2 0 1412 1412
1413 15 2 0 1413 1413
1414 15 2 0 1414 1414
1415 15 2 0 1415 1415
1416 15 2 0 1416 1416
1417 15 2 0 1417 1417
1418 15 2 0 1418 1418
1419 15 2 0 1419 1419
1420 15 2 0 1420 1420
1421 15 2 0 1421 1421
1422 15 2 0 1422 1422
1423 15 2 0 1423 1423
1424 15 2 0 1424 1424
1425 15 2 0 1425 1425
1426 15 2 0 1426 1426
1427 15 2 0 1427 1427
1428 15 2 0 1428 1428
1429 15 2 0 1429 1429
1430 15 2 0 1430 1430
1431 15 2 0 1431 1431
1432 15 2 0 1432 1432
1433 15 2 0 1433 1433
1434 15 2 0 1434 1434
1435 15 2 0 1435 1435
1436 15 2 0 1436 1436
1437 15 2 0 1437 1437
1438 15 2 0 1438 1438
1439 15 2 0 1439 1439
1440 15 2 0 1440 1440
1441 15 2 0 1441 1441
1442 15 2 0 1442 1442
1443 15 2 0 1443 1443
1444 15 2 0 1444 1444
1445 15 2 0 1445 1445
1446 15 2 0 1446 1446
1447 15 2 0 1447 1447
1448 15 2 0 1448 1448
1449 15 2 0 1449 1449
1450 15 2 0 1450 1450
1451 15 2 0 1451 1451
1452 15 2 0 1452 1452
1453 15 2 0 1453 1453
1454 15 2 0 1454 1454
1455 15 2 0 1455 1455
1456 15 2 0 1456 1456
1457 15 2 0 1457 1457
1458 15 2 0 1458 1458
1459 15 2 0 1459 1459
1460 15 2 0 1460 1460
1461 15 2 0 1461 1461
1462 15 2 0 1462 1462
1463 15 2 0 1463 1463
1464 15 2 0 1464 1464
1465 15 2 0 1465 1465
1466 15 2 0 1466 1466
1467 15 2 0 1467 1467
1468 15 2 0 1468 1468
1469 15 2 0 1469 1469
1470 15 2 0 1470 1470
1471 15 2 0 1471 1471
1472 15 2 0 1472 1472
1473 15 2 0 1473 1473
1474 15 2 0 1474 1474
1475 15 2 0 1475 1475
1476 15 2 0 1476 1476
1477 15 2 0 1477 1477
1478 15 2 0 1478 1478
1479 15 2 0 1479 1479
1480 15 2 0 1480 1480
1481 15 2 0 1481 1481
1482 15 2 0 1482 1482
1483 15 2 0 1483 1483
1484 15 2 0 1484 1484
1485 15 2 0 1485 1485
1486 15 2 0 1486 1486
1487 15 2 0 1487 1487
1488 15 2 0 1488 1488
1489 15 2 0 1489 1489
1490 15 2 0 1490 1490
1491 15 2 0 1491 1491
1492 15 2 0 1492 1492
1493 15 2 0 1493 1493
1494 15 2 0 1494 1494
1495 15 2 0 1495 1495
1496 15 2 0 1496 1496
1497 15 2 0 1497 1497
1498 15 2 0 1498 1498
1499 15 2 0 1499 1499
1500 15 2 0 1500 1500
1501 15 2 0 1501 1501
1502 15 2 0 1502 1502
1503 15 2 0 1503 1503
1504 15 2 0 1504 1504
1505 15 2 0 1505 1505
1506 15 2 0 1506 1506
1507 15 2 0 1507 1507
1508 15 2 0 1508 1508
1509 15 2 0 1509 1509
1510 15 2 0 1510 1510
1511 15 2 0 1511 1511
1512 15 2 0 1512 1512
1513 15 2 0 1513 1513
1514 15 2 0 1514 1514
1515 15 2 0 1515 1515
1516 15 2 0 1516 1516
1517 15 2 0 1517 1517
1518 15 2 0 1518 1518
1519 15 2 0 1519 1519
1520 15 2 0 1520 1520
1521 15 2 0 1521 1521
1522 15 2 0 1522 1522
1523 15 2 0 1523 1523
1524 15 2 0 1524 1524
1525 15 2 0 1525 1525
1526 15 2 0 1526 1526
1527 15 2 0 1527 1527
1528 15 2 0 1528 1528
1529 15 2 0 1529 1529
1530 15 2 0 1530 1530
1531 15 2 0 1531 1531
1532 15 2 0 1532 1532
1533 15 2 0 1533 1533
1534 15 2 0 1534 1534
1535 15 2 0 1535 1535
1536 15 2 0 1536 1536
1537 15 2 0 1537 1537
1538 15 2 0 1538 1538
1539 15 2 0 1539 1539
1540 15 2 0 1540 1540
1541 15 2 0 1541 1541
1542 15 2 0 1542 1542
1543 15 2 0 1543 1543
1544 15 2 0 1544 1544
1545 15 2 0 1545 1545
1546 15 2 0 1546 1546
1547 15 2 0 1547 1547
1548 15 2 0 1548 1548
1549 15 2 0 1549 1549
1550 15 2 0 1550 1550
1551 15 2 0 1551 1551
1552 15 2 0 1552 1552
1553 15 2 0 1553 1553
1554 15 2 0 1554 1554
1555 15 2 0 1555 1555
1556 15 2 0 1556 1556
1557 15 2 0 1557 1557
1558 15 2 0 1558 1558
1559 15 2 0 1559 1559
1560 15 2 0 1560 1560
1561 15 2 0 1561 1561
1562 15 2 0 1562 1562
1563 15 2 0 1563 1563
1564 15 2 0 1564 1564
1565 15 2 0 1565 1565
1566 15 2 0 1566 1566
1567 15 2 0 1567 1567
1568 15 2 0 1568 1568
1569 15 2 0 1569 1569
1570 15 2 0 1570 1570
1571 15 2 0 1571 1571
1572 15 2 0 1572 1572
1573 15 2 0 1573 1573
1574 15 2 0 1574 1574
1575 15 2 0 1575 1575
1576 15 2 0 1576 1576
1577 15 2 0 1577 1577
1578 15 2 0 1578 1578
1579 15 2 0 1579 1579
1580 15 2 0 1580 1580
1581 15 2 0 1581 1581
1582 15 2 0 1582 1582
1583 15 2 0 1583 1583
1584 15 2 0 1584 1584
1585 15 2 0 1585 1585
1586 15 2 0 1586 1586
1587 15 2 0 1587 1587
1588 15 2 0 1588 1588
1589 15 2 0 1589 1589
1590 15 2 0 1590 1590
1591 15 2 0 1591 1591
1592 15 2 0 1592 1592
1593 15 2 0 1593 1593
1594 15 2 0 1594 1594
1595 15 2 0 1595 1595
1596 15 2 0 1596 1596
1597 15 2 0 1597 1597
1598 15 2 0 1598 1598
1599 15 2 0 1599 1599
1600 15 2 0 1600 1600
1601 1 2 0 1 1 65
1602 1 2 0 2 1 2
1603 1 2 0 3 2 66
1604 1 2 0 4 2 3
1605 1 2 0 5 3 67
1606 1 2 0 6 3 4
1607 1 2 0 7 4 68
1608 1 2 0 8 4 5
1609 1 2 0 9 5 69
1610 1 2 0 10 5 6
1611 1 2 0 11 6 70
1612 1 2 0 12 6 7
1613 1 2 0 13 7 71
1614 1 2 0 14 7 8
1615 1 2 0 15 8 72
1616 1 2 0 16 8 9
1617 1 2 0 17 9 73
1618 1 2 0 18 9 10
1619 1 2 0 19 10 74
1620 1 2 0 20 10 11
1621 1 2 0 21 11 75
1622 1 2 0 22 11 12
1623 1 2 0 23 12 76
1624 1 2 0 24 12 13
1625 1 2 0 25 13 77
1626 1 2 0 26 13 14
1627 1 2 0 27 14 78
1628 1 2 0 28 14 15
1629 1 2 0 29 15 79
1630 1 2 0 30 15 16
1631 1 2 0 31 16 80
1632 1 2 0 32 16 17
1633 1 2 0 33 17 81
1634 1 2 0 34 17 18
1635 1 2 0 35 18 82
1636 1 2 0 36 18 19
1637 1 2 0 37 19 83
1638 1 2 0 38 19 20
1639 1 2 0 39 20 84
1640 1 2 0 40 20 21
1641 1 2 0 41 21 85
1642 1 2 0 42 21 22
1643 1 2 0 43 22 86
1644 1 2 0 44 22 23
1645 1 2 0 45 23 87
1646 1 2 0 46 23 24
1647 1 2 0 47 24 88
1648 1 2 0 48 24 25
1649 1 2 0 49 25 89
1650 1 2 0 50 25 26
1651 1 2 0 51 26 90
1652 1 2 0 52 26 27
1653 1 2 0 53 27 91
1654 1 2 0 54 27 28
1655 1 2 0 55 28 92
1656 1 2 0 56 28 29
1657 1 2 0 57 29 93
1658 1 2 0 58 29 30
1659 1 2 0 59 30 94
1660 1 2 0 60 30 31
1661 1 2 0 61 31 95
1662 1 2 0 62 31 32
1663 1 2 0 63 32 96
1664 1 2 0 64 32 33
1665 1 2 0 65 33 97
1666 1 2 0 66 33 34
1667 1 2 0 67 34 98
1668 1 2 0 68 34 35
1669 1 2 0 69 35 99
1670 1 2 0 70 35 36
1671 1 2 0 71 36 100
1672 1 2 0 72 36 37
1673 1 2 0 73 37 101
1674 1 2 0 74 37 38
1675 1 2 0 75 38 102
1676 1 2 0 76 38 39
1677 1 2 0 77 39 103
1678 1 2 0 78 39 40
1679 1 2 0 79 40 104
1680 1 2 0 80 40 41
1681 1 2 0 81 41 105
1682 1 2 0 82 41 42
1683 1 2 0 83 42 106
1684 1 2 0 84 42 43
1685 1 2 0 85 43 107
1686 1 2 0 86 43 44
1687 1 2 0 87 44 108
1688 1 2 0 88 44 45
1689 1 2 0 89 45 109
1690 1 2 0 90 45 46
1691 1 2 0 91 46 110
1692 1 2 0 92 46 47
1693 1 2 0 93 47 111
1694 1 2 0 94 47 48
1695 1 2 0 95 48 112
1696 1 2 0 96 48 49
1697 1 2 0 97 49 113
1698 1 2 0 98 49 50
1699 1 2 0 99 50 114
1700 1 2 0 100 50 51
1701 1 2 0 101 51 115
1702 1 2 0 102 51 52
1703 1 2 0 103 52 116
1704 1 2 0 104 52 53
1705 1 2 0 105 53 117
1706 1 2 0 106 53 54
1707 1 2 0 107 54 118
1708 1 2 0 108 54 55
1709 1 2 0 109 55 119
1710 1 2 0 110 55 56
1711 1 2 0 111 56 120
1712 1 2 0 112 56 57
1713 1 2 0 113 57 121
1714 1 2 0 114 57 58
1715 1 2 0 115 58 122
1716 1 2 0 116 58 59
1717 1 2 0 117 59 123
1718 1 2 0 118 59 60
1719 1 2 0 119 60 124
1720 1 2 0 120 60 61
1721 1 2 0 121 61 125
1722 1 2 0 122 61 62
1723 1 2 0 123 62 126
1724 1 2 0 124 62 63
1725 1 2 0 125 63 127
1726 1 2 0 126 63 64
1727 1 2 0 127 64 128
1728 1 2 0 128 64 1
1729 1 2 0 129 65 129
1730 1 2 0 130 65 66
1731 1 2 0 131 66 130
1732 1 2 0 132 66 67
1733 1 2 0 133 67 131
1734 1 2 0 134 67 68
1735 1 2 0 135 68 132
1736 1 2 0 136 68 69
1737 1 2 0 137 69 133
1738 1 2 0 138 69 70
1739 1 2 0 139 70 134
1740 1 2 0 140 70 71
1741 1 2 0 141 71 135
1742 1 2 0 142 71 72
1743 1 2 0 143 72 136
1744 1 2 0 144 72 73
1745 1 2 0 145 73 137
1746 1 2 0 146 73 74
1747 1 2 0 147 74 138
1748 1 2 0 148 74 75
1749 1 2 0 149 75 139
1750 1 2 0 150 75 76
1751 1 2 0 151 76 140
1752 1 2 0 152 76 77
1753 1 2 0 153 77 141
1754 1 2 0 154 77 78
1755 1 2 0 155 78 142
1756 1 2 0 156 78 79
1757 1 2 0 157 79 143
1758 1 2 0 158 79 80
1759 1 2 0 159 80 144
1760 1 2 0 160 80 81
1761 1 2 0 161 81 145
1762 1 2 0 162 81 82
1763 1 2 0 163 82 146
1764 1 2 0 164 82 83
1765 1 2 0 165 83 147
1766 1 2 0 166 83 84
1767 1 2 0 167 84 148
1768 1 2 0 168 84 85
1769 1 2 0 169 85 149
1770 1 2 0 170 85 86
1771 1 2 0 171 86 150
1772 1 2 0 172 86 87
1773 1 2 0 173 87 151
1774 1 2 0 174 87 88
1775 1 2 0 175 88 152
1776 1 2 0 176 88 89
1777 1 2 0 177 89 153
1778 1 2 0 178 89 90
1779 1 2 0 179 90 154
1780 1 2 0 180 90 91
1781 1 2 0 181 91 155
1782 1 2 0 182 91 92
1783 1 2 0 183 92 156
1784 1 2 0 184 92 93
1785 1 2 0 185 93 157
1786 1 2 0 186 93 94
1787 1 2 0 187 94 158
1788 1 2 0 188 94 95
1789 1 2 0 189 95 159
1790 1 2 0 190 95 96
1791 1 2 0 191 96 160
1792 1 2 0 192 96 97
1793 1 2 0 193 97 161
1794 1 2 0 194 97 98
1795 1 2 0 195 98 162
1796 1 2 0 196 98 99
1797 1 2 0 197 99 163
1798 1 2 0 198 99 100
1799 1 2 0 199 100 164
1800 1 2 0 200 100 101
1801 1 2 0 201 101 165
1802 1 2 0 202 101 102
1803 1 2 0 203 102 166
1804 1 2 0 204 102 103
1805 1 2 0 205 103 167
1806 1 2 0 206 103 104
1807 1 2 0 207 104 168
1808 1 2 0 208 104 105
1809 1 2 0 209 105 169
1810 1 2 0 210 105 106
1811 1 2 0 211 106 170
1812 1 2 0 212 106 107
1813 1 2 0 213 107 171
1814 1 2 0 214 107 108
1815 1 2 0 215 108 172
1816 1 2 0 216 108 109
1817 1 2 0 217 109 173
1818 1 2 0 218 109 110
1819 1 2 0 219 110 174
1820 1 2 0 220 110 111
1821 1 2 0 221 111 175
1822 1 2 0 222 111 112
1823 1 2 0 223 112 176
1824 1 2 0 224 112 113
1825 1 2 0 225 113 177
1826 1 2 0 226 113 114
1827 1 2 0 227 114 178
1828 1 2 0 228 114 115
1829 1 2 0 229 115 179
1830 1 2 0 230 115 116
1831 1 2 0 231 116 180
1832 1 2 0 232 116 117
1833 1 2 0 233 117 181
1834 1 2 0 234 117 118
1835 1 2 0 235 118 182
1836 1 2 0 236 118 119
1837 1 2 0 237 119 183
1838 1 2 0 238 119 120
1839 1 2 0 239 120 184
1840 1 2 0 240 120 121
1841 1 2 0 241 121 185
1842 1 2 0 242 121 122
1843 1 2 0 243 122 186
1844 1 2 0 244 122 123
1845 1 2 0 245 123 187
1846 1 2 0 246 123 124
1847 1 2 0 247 124 188
1848 1 2 0 248 124 125
1849 1 2 0 249 125 189
1850 1 2 0 250 125 126
1851 1 2 0 251 126 190
1852 1 2 0 252 126 127
1853 1 2 0 253 127 191
1854 1 2 0 254 127 128
1855 1 2 0 255 128 192
1856 1 2 0 256 128 65
1857 1 2 0 257 129 193
1858 1 2 0 258 129 130
1859 1 2 0 259 130 194
1860 1 2 0 260 130 131
1861 1 2 0 261 131 195
1862 1 2 0 262 131 132
1863 1 2 0 263 132 196
1864 1 2 0 264 132 133
1865 1 2 0 265 133 197
1866 1 2 0 266 133 134
1867 1 2 0 267 134 198
1868 1 2 0 268 134 135
1869 1 2 0 269 135 199
1870 1 2 0 270 135 136
1871 1 2 0 271 136 200
1872 1 2 0 272 136 137
1873 1 2 0 273 137 201
1874 1 2 0 274 137 138
1875 1 2 0 275 138 202
1876 1 2 0 276 138 139
1877 1 2 0 277 139 203
1878 1 2 0 278 139 140
1879 1 2 0 279 140 204
1880 1 2 0 280 140 141
1881 1 2 0 281 141 205
1882 1 2 0 282 141 142
1883 1 2 0 283 142 206
1884 1 2 0 284 142 143
1885 1 2 0 285 143 207
1886 1 2 0 286 143 144
1887 1 2 0 287 144 208
1888 1 2 0 288 144 145
1889 1 2 0 289 145 209
1890 1 2 0 290 145 146
1891 1 2 0 291 146 210
1892 1 2 0 292 146 147
1893 1 2 0 293 147 211
1894 1 2 0 294 147 148
1895 1 2 0 295 148 212
1896 1 2 0 296 148 149
1897 1 2 0 297 149 213
1898 1 2 0 298 149 150
1899 1 2 0 299 150 214
1900 1 2 0 300 150 151
1901 1 2 0 301 151 215
1902 1 2 0 302 151 152
1903 1 2 0 303 152 216
1904 1 2 0 304 152 153
1905 1 2 0 305 153 217
1906 1 2 0 306 153 154
1907 1 2 0 307 154 218
1908 1 2 0 308 154 155
1909 1 2 0 309 155 219
1910 1 2 0 310 155 156
1911 1 2 0 311 156 220
1912 1 2 0 312 156 157
1913 1 2 0 313 157 221
1914 1 2 0 314 157 158
1915 1 2 0 315 158 222
1916 1 2 0 316 158 159
1917 1 2 0 317 159 223
1918 1 2 0 318 159 160
1919 1 2 0 319 160 224
1920 1 2 0 320 160 161
1921 1 2 0 321 161 225
1922 1 2 0 322 161 162
1923 1 2 0 323 162 226
1924 1 2 0 324 162 163
1925 1 2 0 325 163 227
1926 1 2 0 326 163 164
1927 1 2 0 327 164 228
1928 1 2 0 328 164 165
1929 1 2 0 329 165 229
1930 1 2 0 330 165 166
1931 1 2 0 331 166 230
1932 1 2 0 332 166 167
1933 1 2 0 333 167 231
1934 1 2 0 334 167 168
1935 1 2 0 335 168 232
1936 1 2 0 336 168 169
1937 1 2 0 337 169 233
1938 1 2 0 338 169 170
1939 1 2 0 339 170 234
1940 1 2 0 340 170 171
1941 1 2 0 341 171 235
1942 1 2 0 342 171 172
1943 1 2 0 343 172 236
1944 1 2 0 344 172 173
1945 1 2 0 345 173 237
1946 1 2 0 346 173 174
1947 1 2 0 347 174 238
1948 1 2 0 348 174 175
1949 1 2 0 349 175 239
1950 1 2 0 350 175 176
1951 1 2 0 351 176 240
1952 1 2 0 352 176 177
1953 1 2 0 353 177 241
1954 1 2 0 354 177 178
1955 1 2 0 355 178 242
1956 1 2 0 356 178 179
1957 1 2 0 357 179 243
1958 1 2 0 358 179 180
1959 1 2 0 359 180 244
1960 1 2 0 360 180 181
1961 1 2 0 361 181 245
1962 1 2 0 362 181 182
1963 1 2 0 363 182 246
1964 1 2 0 364 182 183
1965 1 2 0 365 183 247
1966 1 2 0 366 183 184
1967 1 2 0 367 184 248
1968 1 2 0 368 184 185
1969 1 2 0 369 185 249
1970 1 2 0 370 185 186
1971 1 2 0 371 186 250
1972 1 2 0 372 186 187
1973 1 2 0 373 187 251
1974 1 2 0 374 187 188
1975 1 2 0 375 188 252
1976 1 2 0 376 188 189
1977 1 2 0 377 189 253
1978 1 2 0 378 189 190
1979 1 2 0 379 190 254
1980 1 2 0 380 190 191
1981 1 2 0 381 191 255
1982 1 2 0 382 191 192
1983 1 2 0 383 192 256
1984 1 2 0 384 192 129
1985 1 2 0 385 193 257
1986 1 2 0 386 193 194
1987 1 2 0 387 194 258
1988 1 2 0 388 194 195
1989 1 2 0 389 195 259
1990 1 2 0 390 195 196
1991 1 2 0 391 196 260
1992 1 2 0 392 196 197
1993 1 2 0 393 197 261
1994 1 2 0 394 197 198
1995 1 2 0 395 198 262
1996 1 2 0 396 198 199
1997 1 2 0 397 199 263
1998 1 2 0 398 199 200
1999 1 2 0 399 200 264
2000 1 2 0 400 200 201
2001 1 2 0 401 201 265
2002 1 2 0 402 201 202
2003 1 2 0 403 202 266
2004 1 2 0 404 202 203
2005 1 2 0 405 203 267
2006 1 2 0 406 203 204
2007 1 2 0 407 204 268
2008 1 2 0 408 204 205
2009 1 2 0 409 205 269
2010 1 2 0 410 205 206
2011 1 2 0 411 206 270
2012 1 2 0 412 206 207
2013 1 2 0 413 207 271
2014 1 2 0 414 207 208
2015 1 2 0 415 208 272
2016 1 2 0 416 208 209
2017 1 2 0 417 209 273
2018 1 2 0 418 209 210
2019 1 2 0 419 210 274
2020 1 2 0 420 210 211
2021 1 2 0 421 211 275
2022 1 2 0 422 211 212
2023 1 2 0 423 212 276
2024 1 2 0 424 212 213
2025 1 2 0 425 213 277
2026 1 2 0 426 213 214
2027 1 2 0 427 214 278
2028 1 2 0 428 214 215
2029 1 2 0 429 215 279
2030 1 2 0 430 215 216
2031 1 2 0 431 216 280
2032 1 2 0 432 216 217
2033 1 2 0 433 217 281
2034 1 2 0 434 217 218
2035 1 2 0 435 218 282
2036 1 2 0 436 218 219
2037 1 2 0 437 219 283
2038 1 2 0 438 219 220
2039 1 2 0 439 220 284
2040 1 2 0 440 220 221
2041 1 2 0 441 221 285
2042 1 2 0 442 221 222
2043 1 2 0 443 222 286
2044 1 2 0 444 222 223
2045 1 2 0 445 223 287
2046 1 2 0 446 223 224
2047 1 2 0 447 224 288
2048 1 2 0 448 224 225
2049 1 2 0 449 225 289
2050 1 2 0 450 225 226
2051 1 2 0 451 226 290
2052 1 2 0 452 226 227
2053 1 2 0 453 227 291
2054 1 2 0 454 227 228
2055 1 2 0 455 228 292
2056 1 2 0 456 228 229
2057 1 2 0 457 229 293
2058 1 2 0 458 229 230
2059 1 2 0 459 230 294
2060 1 2 0 460 230 231
2061 1 2 0 461 231 295
2062 1 2 0 462 231 232
2063 1 2 0 463 232 296
2064 1 2 0 464 232 233
2065 1 2 0 465 233 297
2066 1 2 0 466 233 234
2067 1 2 0 467 234 298
2068 1 2 0 468 234 235
2069 1 2 0 469 235 299
2070 1 2 0 470 235 236
2071 1 2 0 471 236 300
2072 1 2 0 472 236 237
2073 1 2 0 473 237 301
2074 1 2 0 474 237 238
2075 1 2 0 475 238 302
2076 1 2 0 476 238 239
2077 1 2 0 477 239 303
2078 1 2 0 478 239 240
2079 1 2 0 479 240 304
2080 1 2 0 480 240 241
2081 1 2 0 481 241 305
2082 1 2 0 482 241 242
2083 1 2 0 483 242 306
2084 1 2 0 484 242 243
2085 1 2 0 485 243 307
2086 1 2 0 486 243 244
2087 1 2 0 487 244 308
2088 1 2 0 488 244 245
2089 1 2 0 489 245 309
2090 1 2 0 490 245 246
2091 1 2 0 491 246 310
2092 1 2 0 492 246 247
2093 1 2 0 493 247 311
2094 1 2 0 494 247 248
2095 1 2 0 495 248 312
2096 1 2 0 496 248 249
2097 1 2 0 497 249 313
2098 1 2 0 498 249 250
2099 1 2 0 499 250 314
2100 1 2 0 500 250 251
2101 1 2 0 501 251 315
2102 1 2 0 502 251 252
2103 1 2 0 503 252 316
2104 1 2 0 504 252 253
2105 1 2 0 505 253 317
2106 1 2 0 506 253 254
2107 1 2 0 507 254 318
2108 1 2 0 508 254 255
2109 1 2 0 509 255 319
2110 1 2 0 510 255 256
2111 1 2 0 511 256 320
2112 1 2 0 512 256 193
2113 1 2 0 513 257 321
2114 1 2 0 514 257 258
2115 1 2 0 515 258 322
2116 1 2 0 516 258 259
2117 1 2 0 517 259 323
2118 1 2 0 518 259 260
2119 1 2 0 519 260 324
2120 1 2 0 520 260 261
2121 1 2 0 521 261 325
2122 1 2 0 522 261 262
2123 1 2 0 523 262 326
2124 1 2 0 524 262 263
2125 1 2 0 525 263 327
2126 1 2 0 526 263 264
2127 1 2 0 527 264 328
2128 1 2 0 528 264 265
2129 1 2 0 529 265 329
2130 1 2 0 530 265 266
2131 1 2 0 531 266 330
2132 1 2 0 532 266 267
2133 1 2 0 533 267 331
2134 1 2 0 534 267 268
2135 1 2 0 535 268 332
2136 1 2 0 536 268 269
2137 1 2 0 537 269 333
2138 1 2 0 538 269 270
2139 1 2 0 539 270 334
2140 1 2 0 540 270 271
2141 1 2 0 541 271 335
2142 1 2 0 542 271 272
2143 1 2 0 543 272 336
2144 1 2 0 544 272 273
2145 1 2 0 545 273 337
2146 1 2 0 546 273 274
2147 1 2 0 547 274 338
2148 1 2 0 548 274 275
2149 1 2 0 549 275 339
2150 1 2 0 550 275 276
2151 1 2 0 551 276 340
2152 1 2 0 552 276 277
2153 1 2 0 553 277 341
2154 1 2 0 554 277 278
2155 1 2 0 555 278 342
2156 1 2 0 556 278 279
2157 1 2 0 557 279 343
2158 1 2 0 558 279 280
2159 1 2 0 559 280 344
2160 1 2 0 560 280 281
2161 1 2 0 561 281 345
2162 1 2 0 562 281 282
2163 1 2 0 563 282 346
2164 1 2 0 564 282 283
2165 1 2 0 565 283 347
2166 1 2 0 566 283 284
2167 1 2 0 567 284 348
2168 1 2 0 568 284 285
2169 1 2 0 569 285 349
2170 1 2 0 570 285 286
2171 1 2 0 571 286 350
2172 1 2 0 572 286 287
2173 1 2 0 573 287 351
2174 1 2 0 574 287 288
2175 1 2 0 575 288 352
2176 1 2 0 576 288 289
2177 1 2 0 577 289 353
2178 1 2 0 578 289 290
2179 1 2 0 579 290 354
2180 1 2 0 580 290 291
2181 1 2 0 581 291 355
2182 1 2 0 582 291 292
2183 1 2 0 583 292 356
2184 1 2 0 584 292 293
2185 1 2 0 585 293 357
2186 1 2 0 586 293 294
2187 1 2 0 587 294 358
2188 1 2 0 588 294 295
2189 1 2 0 589 295 359
2190 1 2 0 590 295 296
2191 1 2 0 591 296 360
2192 1 2 0 592 296 297
2193 1 2 0 593 297 361
2194 1 2 0 594 297 298
2195 1 2 0 595 298 362
2196 1 2 0 596 298 299
2197 1 2 0 597 299 363
2198 1 2 0 598 299 300
2199 1 2 0 599 300 364
2200 1 2 0 600 300 301
2201 1 2 0 601 301 365
2202 1 2 0 602 301 302
2203 1 2 0 603 302 366
2204 1 2 0 604 302 303
2205 1 2 0 605 303 367
2206 1 2 0 606 303 304
2207 1 2 0 607 304 368
2208 1 2 0 608 304 305
2209 1 2 0 609 305 369
2210 1 2 0 610 305 306
2211 1 2 0 611 306 370
2212 1 2 0 612 306 307
2213 1 2 0 613 307 371
2214 1 2 0 614 307 308
2215 1 2 0 615 308 372
2216 1 2 0 616 308 309
2217 1 2 0 617 309 373
2218 1 2 0 618 309 310
2219 1 2 0 619 310 374
2220 1 2 0 620 310 311
2221 1 2 0 621 311 375
2222 1 2 0 622 311 312
2223 1 2 0 623 312 376
2224 1 2 0 624 312 313
2225 1 2 0 625 313 377
2226 1 2 0 626 313 314
2227 1 2 0 627 314 378
2228 1 2 0 628 314 315
2229 1 2 0 629 315 379
2230 1 2 0 630 315 316
2231 1 2 0 631 316 380
2232 1 2 0 632 316 317
2233 1 2 0 633 317 381
2234 1 2 0 634 317 318
2235 1 2 0 635 318 382
2236 1 2 0 636 318 319
2237 1 2 0 637 319 383
2238 1 2 0 638 319 320
2239 1 2 0 639 320 384
2240 1 2 0 640 320 257
2241 1 2 0 641 321 385
2242 1 2 0 642 321 322
2243 1 2 0 643 322 386
2244 1 2 0 644 322 323
2245 1 2 0 645 323 387
2246 1 2 0 646 323 324
2247 1 2 0 647 324 388
2248 1 2 0 648 324 325
2249 1 2 0 649 325 389
2250 1 2 0 650 325 326
2251 1 2 0 651 326 390
2252 1 2 0 652 326 327
2253 1 2 0 653 327 391
2254 1 2 0 654 327 328
2255 1 2 0 655 328 392
2256 1 2 0 656 328 329
2257 1 2 0 657 329 393
2258 1 2 0 658 329 330
2259 1 2 0 659 330 394
2260 1 2 0 660 330 331
2261 1 2 0 661 331 395
2262 1 2 0 662 331 332
2263 1 2 0 663 332 396
2264 1 2 0 664 332 333
2265 1 2 0 665 333 397
2266 1 2 0 666 333 334
2267 1 2 0 667 334 398
2268 1 2 0 668 334 335
2269 1 2 0 669 335 399
2270 1 2 0 670 335 336
2271 1 2 0 671 336 400
2272 1 2 0 672 336 337
2273 1 2 0 673 337 401
2274 1 2 0 674 337 338
2275 1 2 0 675 338 402
2276 1 2 0 676 338 339
2277 1 2 0 677 339 403
2278 1 2 0 678 339 340
2279 1 2 0 679 340 404
2280 1 2 0 680 340 341
2281 1 2 0 681 341 405
2282 1 2 0 682 341 342
2283 1 2 0 683 342 406
2284 1 2 0 684 342 343
2285 1 2 0 685 343 407
2286 1 2 0 686 343 344
2287 1 2 0 687 344 408
2288 1 2 0 688 344 345
2289 1 2 0 689 345 409
2290 1 2 0 690 345 346
2291 1 2 0 691 346 410
2292 1 2 0 692 346 347
2293 1 2 0 693 347 411
2294 1 2 0 694 347 348
2295 1 2 0 695 348 412
2296 1 2 0 696 348 349
2297 1 2 0 697 349 413
2298 1 2 0 698 349 350
2299 1 2 0 699 350 414
2300 1 2 0 700 350 351
2301 1 2 0 701 351 415
2302 1 2 0 702 351 352
2303 1 2 0 703 352 416
2304 1 2 0 704 352 353
2305 1 2 0 705 353 417
2306 1 2 0 706 353 354
2307 1 2 0 707 354 418
2308 1 2 0 708 354 355
2309 1 2 0 709 355 419
2310 1 2 0 710 355 356
2311 1 2 0 711 356 420
2312 1 2 0 712 356 357
2313 1 2 0 713 357 421
2314 1 2 0 714 357 358
2315 1 2 0 715 358 422
2316 1 2 0 716 358 359
2317 1 2 0 717 359 423
2318 1 2 0 718 359 360
2319 1 2 0 719 360 424
2320 1 2 0 720 360 361
2321 1 2 0 721 361 425
2322 1 2 0 722 361 362
2323 1 2 0 723 362 426
2324 1 2 0 724 362 363
2325 1 2 0 725 363 427
2326 1 2 0 726 363 364
2327 1 2 0 727 364 428
2328 1 2 0 728 364 365
2329 1 2 0 729 365 429
2330 1 2 0 730 365 366
2331 1 2 0 731 366 430
2332 1 2 0 732 366 367
2333 1 2 0 733 367 431
2334 1 2 0 734 367 368
2335 1 2 0 735 368 432
2336 1 2 0 736 368 369
2337 1 2 0 737 369 433
2338 1 2 0 738 369 370
2339 1 2 0 739 370 434
2340 1 2 0 740 370 371
2341 1 2 0 741 371 435
2342 1 2 0 742 371 372
2343 1 2 0 743 372 436
2344 1 2 0 744 372 373
2345 1 2 0 745 373 437
2346 1 2 0 746 373 374
2347 1 2 0 747 374 438
2348 1 2 0 748 374 375
2349 1 2 0 749 375 439
2350 1 2 0 750 375 376
2351 1 2 0 751 376 440
2352 1 2 0 752 376 377
2353 1 2 0 753 377 441
2354 1 2 0 754 377 378
2355 1 2 0 755 378 442
2356 1 2 0 756 378 379
2357 1 2 0 757 379 443
2358 1 2 0 758 379 380
2359 1 2 0 759 380 444
2360 1 2 0 760 380 381
2361 1 2 0 761 381 445
2362 1 2 0 762 381 382
2363 1 2 0 763 382 446
2364 1 2 0 764 382 383
2365 1 2 0 765 383 447
2366 1 2 0 766 383 384
2367 1 2 0 767 384 448
2368 1 2 0 768 384 321
2369 1 2 0 769 385 449
2370 1 2 0 770 385 386
2371 1 2 0 771 386 450
2372 1 2 0 772 386 387
2373 1 2 0 773 387 451
2374 1 2 0 774 387 388
2375 1 2 0 775 388 452
2376 1 2 0 776 388 389
2377 1 2 0 777 389 453
2378 1 2 0 778 389 390
2379 1 2 0 779 390 454
2380 1 2 0 780 390 391
2381 1 2 0 781 391 455
2382 1 2 0 782 391 392
2383 1 2 0 783 392 456
2384 1 2 0 784 392 393
2385 1 2 0 785 393 457
2386 1 2 0 786 393 394
2387 1 2 0 787 394 458
2388 1 2 0 788 394 395
2389 1 2 0 789 395 459
2390 1 2 0 790 395 396
2391 1 2 0 791 396 460
2392 1 2 0 792 396 397
2393 1 2 0 793 397 461
2394 1 2 0 794 397 398
2395 1 2 0 795 398 462
2396 1 2 0 796 398 399
2397 1 2 0 797 399 463
2398 1 2 0 798 399 400
2399 1 2 0 799 400 464
2400 1 2 0 800 400 401
2401 1 2 0 801 401 465
2402 1 2 0 802 401 402
2403 1 2 0 803 402 466
2404 1 2 0 804 402 403
2405 1 2 0 805 403 467
2406 1 2 0 806 403 404
2407 1 2 0 807 404 468
2408 1 2 0 808 404 405
2409 1 2 0 809 405 469
2410 1 2 0 810 405 406
2411 1 2 0 811 406 470
2412 1 2 0 812 406 407
2413 1 2 0 813 407 471
2414 1 2 0 814 407 408
2415 1 2 0 815 408 472
2416 1 2 0 816 408 409
2417 1 2 0 817 409 473
2418 1 2 0 818 409 410
2419 1 2 0 819 410 474
2420 1 2 0 820 410 411
2421 1 2 0 821 411 475
2422 1 2 0 822 411 412
2423 1 2 0 823 412 476
2424 1 2 0 824 412 413
2425 1 2 0 825 413 477
2426 1 2 0 826 413 414
2427 1 2 0 827 414 478
2428 1 2 0 828 414 415
2429 1 2 0 829 415 479
2430 1 2 0 830 415 416
2431 1 2 0 831 416 480
2432 1 2 0 832 416 417
2433 1 2 0 833 417 481
2434 1 2 0 834 417 418
2435 1 2 0 835 418 482
2436 1 2 0 836 418 419
2437 1 2 0 837 419 483
2438 1 2 0 838 419 420
2439 1 2 0 839 420 484
2440 1 2 0 840 420 421
2441 1 2 0 841 421 485
2442 1 2 0 842 421 422
2443 1 2 0 843 422 486
2444 1 2 0 844 422 423
2445 1 2 0 845 423 487
2446 1 2 0 846 423 424
2447 1 2 0 847 424 488
2448 1 2 0 848 424 425
2449 1 2 0 849 425 489
2450 1 2 0 850 425 426
2451 1 2 0 851 426 490
2452 1 2 0 852 426 427
2453 1 2 0 853 427 491
2454 1 2 0 854 427 428
2455 1 2 0 855 428 492
2456 1 2 0 856 428 429
2457 1 2 0 857 429 493
2458 1 2 0 858 429 430
2459 1 2 0 859 430 494
2460 1 2 0 860 430 431
2461 1 2 0 861 431 495
2462 1 2 0 862 431 432
2463 1 2 0 863 432 496
2464 1 2 0 864 432 433
2465 1 2 0 865 433 497
2466 1 2 0 866 433 434
2467 1 2 0 867 434 498
2468 1 2 0 868 434 435
2469 1 2 0 869 435 499
2470 1 2 0 870 435 436
2471 1 2 0 871 436 500
2472 1 2 0 872 436 437
2473 1 2 0 873 437 501
2474 1 2 0 874 437 438
2475 1 2 0 875 438 502
2476 1 2 0 876 438 439
2477 1 2 0 877 439 503
2478 1 2 0 878 439 440
2479 1 2 0 879 440 504
2480 1 2 0 880 440 441
2481 1 2 0 881 441 505
2482 1 2 0 882 441 442
2483 1 2 0 883 442 506
2484 1 2 0 884 442 443
2485 1 2 0 885 443 507
2486 1 2 0 886 443 444
2487 1 2 0 887 444 508
2488 1 2 0 888 444 445
2489 1 2 0 889 445 509
2490 1 2 0 890 445 446
2491 1 2 0 891 446 510
2492 1 2 0 892 446 447
2493 1 2 0 893 447 511
2494 1 2 0 894 447 448
2495 1 2 0 895 448 512
2496 1 2 0 896 448 385
2497 1 2 0 897 449 513
2498 1 2 0 898 449 450
2499 1 2 0 899 450 514
2500 1 2 0 900 450 451
2501 1 2 0 901 451 515
2502 1 2 0 902 451 452
2503 1 2 0 903 452 516
2504 1 2 0 904 452 453
2505 1 2 0 905 453 517
2506 1 2 0 906 453 454
2507 1 2 0 907 454 518
2508 1 2 0 908 454 455
2509 1 2 0 909 455 519
2510 1 2 0 910 455 456
2511 1 2 0 911 456 520
2512 1 2 0 912 456 457
2513 1 2 0 913 457 521
2514 1 2 0 914 457 458
2515 1 2 0 915 458 522
2516 1 2 0 916 458 459
2517 1 2 0 917 459 523
2518 1 2 0 918 459 460
2519 1 2 0 919 460 524
2520 1 2 0 920 460 461
2521 1 2 0 921 461 525
2522 1 2 0 922 461 462
2523 1 2 0 923 462 526
2524 1 2 0 924 462 463
2525 1 2 0 925 463 527
2526 1 2 0 926 463 464
2527 1 2 0 927 464 528
2528 1 2 0 928 464 465
2529 1 2 0 929 465 529
2530 1 2 0 930 465 466
2531 1 2 0 931 466 530
2532 1 2 0 932 466 467
2533 1 2 0 933 467 531
2534 1 2 0 934 467 468
2535 1 2 0 935 468 532
2536 1 2 0 936 468 469
2537 1 2 0 937 469 533
2538 1 2 0 938 469 470
2539 1 2 0 939 470 534
2540 1 2 0 940 470 471
2541 1 2 0 941 471 535
2542 1 2 0 942 471 472
2543 1 2 0 943 472 536
2544 1 2 0 944 472 473
2545 1 2 0 945 473 537
2546 1 2 0 946 473 474
2547 1 2 0 947 474 538
2548 1 2 0 948 474 475
2549 1 2 0 949 475 539
2550 1 2 0 950 475 476
2551 1 2 0 951 476 540
2552 1 2 0 952 476 477
2553 1 2 0 953 477 541
2554 1 2 0 954 477 478
2555 1 2 0 955 478 542
2556 1 2 0 956 478 479
2557 1 2 0 957 479 543
2558 1 2 0 958 479 480
2559 1 2 0 959 480 544
2560 1 2 0 960 480 481
2561 1 2 0 961 481 545
2562 1 2 0 962 481 482
2563 1 2 0 963 482 546
2564 1 2 0 964 482 483
2565 1 2 0 965 483 547
2566 1 2 0 966 483 484
2567 1 2 0 967 484 548
2568 1 2 0 968 484 485
2569 1 2 0 969 485 549
2570 1 2 0 970 485 486
2571 1 2 0 971 486 550
2572 1 2 0 972 486 487
2573 1 2 0 973 487 551
2574 1 2 0 974 487 488
2575 1 2 0 975 488 552
2576 1 2 0 976 488 489
2577 1 2 0 977 489 553
2578 1 2 0 978 489 490
2579 1 2 0 979 490 554
2580 1 2 0 980 490 491
2581 1 2 0 981 491 555
2582 1 2 0 982 491 492
2583 1 2 0 983 492 556
2584 1 2 0 984 492 493
2585 1 2 0 985 493 557
2586 1 2 0 986 493 494
2587 1 2 0 987 494 558
2588 1 2 0 988 494 495
2589 1 2 0 989 495 559
2590 1 2 0 990 495 496
2591 1 2 0 991 496 560
2592 1 2 0 992 496 497
2593 1 2 0 993 497 561
2594 1 2 0 994 497 498
2595 1 2 0 995 498 562
2596 1 2 0 996 498 499
2597 1 2 0 997 499 563
2598 1 2 0 998 499 500
2599 1 2 0 999 500 564
2600 1 2 0 1000 500 501
2601 1 2 0 1001 501 565
2602 1 2 0 1002 501 502
2603 1 2 0 1003 502 566
2604 1 2 0 1004 502 503
2605 1 2 0 1005 503 567
2606 1 2 0 1006 503 504
2607 1 2 0 1007 504 568
2608 1 2 0 1008 504 505
2609 1 2 0 1009 505 569
2610 1 2 0 1010 505 506
2611 1 2 0 1011 506 570
2612 1 2 0 1012 506 507
2613 1 2 0 1013 507 571
2614 1 2 0 1014 507 508
2615 1 2 0 1015 508 572
2616 1 2 0 1016 508 509
2617 1 2 0 1017 509 573
2618 1 2 0 1018 509 510
2619 1 2 0 1019 510 574
2620 1 2 0 1020 510 511
2621 1 2 0 1021 511 575
2622 1 2 0 1022 511 512
2623 1 2 0 1023 512 576
2624 1 2 0 1024 512 449
2625 1 2 0 1025 513 577
2626 1 2 0 1026 513 514
2627 1 2 0 1027 514 578
2628 1 2 0 1028 514 515
2629 1 2 0 1029 515 579
2630 1 2 0 1030 515 516
2631 1 2 0 1031 516 580
2632 1 2 0 1032 516 517
2633 1 2 0 1033 517 581
2634 1 2 0 1034 517 518
2635 1 2 0 1035 518 582
2636 1 2 0 1036 518 519
2637 1 2 0 1037 519 583
2638 1 2 0 1038 519 520
2639 1 2 0 1039 520 584
2640 1 2 0 1040 520 521
2641 1 2 0 1041 521 585
2642 1 2 0 1042 521 522
2643 1 2 0 1043 522 586
2644 1 2 0 1044 522 523
2645 1 2 0 1045 523 587
2646 1 2 0 1046 523 524
2647 1 2 0 1047 524 588
2648 1 2 0 1048 524 525
2649 1 2 0 1049 525 589
2650 1 2 0 1050 525 526
2651 1 2 0 1051 526 590
2652 1 2 0 1052 526 527
2653 1 2 0 1053 527 591
2654 1 2 0 1054 527 528
2655 1 2 0 1055 528 592
2656 1 2 0 1056 528 529
2657 1 2 0 1057 529 593
2658 1 2 0 1058 529 530
2659 1 2 0 1059 530 594
2660 1 2 0 1060 530 531
2661 1 2 0 1061 531 595
2662 1 2 0 1062 531 532
2663 1 2 0 1063 532 596
2664 1 2 0 1064 532 533
2665 1 2 0 1065 533 597
2666 1 2 0 1066 533 534
2667 1 2 0 1067 534 598
2668 1 2 0 1068 534 535
2669 1 2 0 1069 535 599
2670 1 2 0 1070 535 536
2671 1 2 0 1071 536 600
2672 1 2 0 1072 536 537
2673 1 2 0 1073 537 601
2674 1 2 0 1074 537 538
2675 1 2 0 1075 538 602
2676 1 2 0 1076 538 539
2677 1 2 0 1077 539 603
2678 1 2 0 1078 539 540
2679 1 2 0 1079 540 604
2680 1 2 0 1080 540 541
2681 1 2 0 1081 541 605
2682 1 2 0 1082 541 542
2683 1 2 0 1083 542 606
2684 1 2 0 1084 542 543
2685 1 2 0 1085 543 607
2686 1 2 0 1086 543 544
2687 1 2 0 1087 544 608
2688 1 2 0 1088 544 545
2689 1 2 0 1089 545 609
2690 1 2 0 1090 545 546
2691 1 2 0 1091 546 610
2692 1 2 0 1092 546 547
2693 1 2 0 1093 547 611
2694 1 2 0 1094 547 548
2695 1 2 0 1095 548 612
2696 1 2 0 1096 548 549
2697 1 2 0 1097 549 613
2698 1 2 0 1098 549 550
2699 1 2 0 1099 550 614
2700 1 2 0 1100 550 551
2701 1 2 0 1101 551 615
2702 1 2 0 1102 551 552
2703 1 2 0 1103 552 616
2704 1 2 0 1104 552 553
2705 1 2 0 1105 553 617
2706 1 2 0 1106 553 554
2707 1 2 0 1107 554 618
2708 1 2 0 1108 554 555
2709 1 2 0 1109 555 619
2710 1 2 0 1110 555 556
2711 1 2 0 1111 556 620
2712 1 2 0 1112 556 557
2713 1 2 0 1113 557 621
2714 1 2 0 1114 557 558
2715 1 2 0 1115 558 622
2716 1 2 0 1116 558 559
2717 1 2 0 1117 559 623
2718 1 2 0 1118 559 560
2719 1 2 0 1119 560 624
2720 1 2 0 1120 560 561
2721 1 2 0 1121 561 625
2722 1 2 0 1122 561 562
2723 1 2 0 1123 562 626
2724 1 2 0 1124 562 563
2725 1 2 0 1125 563 627
2726 1 2 0 1126 563 564
2727 1 2 0 1127 564 628
2728 1 2 0 1128 564 565
2729 1 2 0 1129 565 629
2730 1 2 0 1130 565 566
2731 1 2 0 1131 566 630
2732 1 2 0 1132 566 567
2733 1 2 0 1133 567 631
2734 1 2 0 1134 567 568
2735 1 2 0 1135 568 632
2736 1 2 0 1136 568 569
2737 1 2 0 1137 569 633
2738 1 2 0 1138 569 570
2739 1 2 0 1139 570 634
2740 1 2 0 1140 570 571
2741 1 2 0 1141 571 635
2742 1 2 0 1142 571 572
2743 1 2 0 1143 572 636
2744 1 2 0 1144 572 573
2745 1 2 0 1145 573 637
2746 1 2 0 1146 573 574
2747 1 2 0 1147 574 638
2748 1 2 0 1148 574 575
2749 1 2 0 1149 575 639
2750 1 2 0 1150 575 576
2751 1 2 0 1151 576 640
2752 1 2 0 1152 576 513
2753 1 2 0 1153 577 641
2754 1 2 0 1154 577 578
2755 1 2 0 1155 578 642
2756 1 2 0 1156 578 579
2757 1 2 0 1157 579 643
2758 1 2 0 1158 579 580
2759 1 2 0 1159 580 644
2760 1 2 0 1160 580 581
2761 1 2 0 1161 581 645
2762 1 2 0 1162 581 582
2763 1 2 0 1163 582 646
2764 1 2 0 1164 582 583
2765 1 2 0 1165 583 647
2766 1 2 0 1166 583 584
2767 1 2 0 1167 584 648
2768 1 2 0 1168 584 585
2769 1 2 0 1169 585 649
2770 1 2 0 1170 585 586
2771 1 2 0 1171 586 650
2772 1 2 0 1172 586 587
2773 1 2 0 1173 587 651
2774 1 2 0 1174 587 588
2775 1 2 0 1175 588 652
2776 1 2 0 1176 588 589
2777 1 2 0 1177 589 653
2778 1 2 0 1178 589 590
2779 1 2 0 1179 590 654
2780 1 2 0 1180 590 591
2781 1 2 0 1181 591 655
2782 1 2 0 1182 591 592
2783 1 2 0 1183 592 656
2784 1 2 0 1184 592 593
2785 1 2 0 1185 593 657
2786 1 2 0 1186 593 594
2787 1 2 0 1187 594 658
2788 1 2 0 1188 594 595
2789 1 2 0 1189 595 659
2790 1 2 0 1190 595 596
2791 1 2 0 1191 596 660
2792 1 2 0 1192 596 597
2793 1 2 0 1193 597 661
2794 1 2 0 1194 597 598
2795 1 2 0 1195 598 662
2796 1 2 0 1196 598 599
2797 1 2 0 1197 599 663
2798 1 2 0 1198 599 600
2799 1 2 0 1199 600 664
2800 1 2 0 1200 600 601
2801 1 2 0 1201 601 665
2802 1 2 0 1202 601 602
2803 1 2 0 1203 602 666
2804 1 2 0 1204 602 603
2805 1 2 0 1205 603 667
2806 1 2 0 1206 603 604
2807 1 2 0 1207 604 668
2808 1 2 0 1208 604 605
2809 1 2 0 1209 605 669
2810 1 2 0 1210 605 606
2811 1 2 0 1211 606 670
2812 1 2 0 1212 606 607
2813 1 2 0 1213 607 671
2814 1 2 0 1214 607 608
2815 1 2 0 1215 608 672
2816 1 2 0 1216 608 609
2817 1 2 0 1217 609 673
2818 1 2 0 1218 609 610
2819 1 2 0 1219 610 674
2820 1 2 0 1220 610 611
2821 1 2 0 1221 611 675
2822 1 2 0 1222 611 612
2823 1 2 0 1223 612 676
2824 1 2 0 1224 612 613
2825 1 2 0 1225 613 677
2826 1 2 0 1226 613 614
2827 1 2 0 1227 614 678
2828 1 2 0 1228 614 615
2829 1 2 0 1229 615 679
2830 1 2 0 1230 615 616
2831 1 2 0 1231 616 680
2832 1 2 0 1232 616 617
2833 1 2 0 1233 617 681
2834 1 2 0 1234 617 618
2835 1 2 0 1235 618 682
2836 1 2 0 1236 618 619
2837 1 2 0 1237 619 683
2838 1 2 0 1238 619 620
2839 1 2 0 1239 620 684
2840 1 2 0 1240 620 621
2841 1 2 0 1241 621 685
2842 1 2 0 1242 621 622
2843 1 2 0 1243 622 686
2844 1 2 0 1244 622 623
2845 1 2 0 1245 623 687
2846 1 2 0 1246 623 624
2847 1 2 0 1247 624 688
2848 1 2 0 1248 624 625
2849 1 2 0 1249 625 689
2850 1 2 0 1250 625 626
2851 1 2 0 1251 626 690
2852 1 2 0 1252 626 627
2853 1 2 0 1253 627 691
2854 1 2 0 1254 627 628
2855 1 2 0 1255 628 692
2856 1 2 0 1256 628 629
2857 1 2 0 1257 629 693
2858 1 2 0 1258 629 630
2859 1 2 0 1259 630 694
2860 1 2 0 1260 630 631
2861 1 2 0 1261 631 695
2862 1 2 0 1262 631 632
2863 1 2 0 1263 632 696
2864 1 2 0 1264 632 633
2865 1 2 0 1265 633 697
2866 1 2 0 1266 633 634
2867 1 2 0 1267 634 698
2868 1 2 0 1268 634 635
2869 1 2 0 1269 635 699
2870 1 2 0 1270 635 636
2871 1 2 0 1271 636 700
2872 1 2 0 1272 636 637
2873 1 2 0 1273 637 701
2874 1 2 0 1274 637 638
2875 1 2 0 1275 638 702
2876 1 2 0 1276 638 639
2877 1 2 0 1277 639 703
2878 1 2 0 1278 639 640
2879 1 2 0 1279 640 704
2880 1 2 0 1280 640 577
2881 1 2 0 1281 641 705
2882 1 2 0 1282 641 642
2883 1 2 0 1283 642 706
2884 1 2 0 1284 642 643
2885 1 2 0 1285 643 707
2886 1 2 0 1286 643 644
2887 1 2 0 1287 644 708
2888 1 2 0 1288 644 645
2889 1 2 0 1289 645 709
2890 1 2 0 1290 645 646
2891 1 2 0 1291 646 710
2892 1 2 0 1292 646 647
2893 1 2 0 1293 647 711
2894 1 2 0 1294 647 648
2895 1 2 0 1295 648 712
2896 1 2 0 1296 648 649
2897 1 2 0 1297 649 713
2898 1 2 0 1298 649 650
2899 1 2 0 1299 650 714
2900 1 2 0 1300 650 651
2901 1 2 0 1301 651 715
2902 1 2 0 1302 651 652
2903 1 2 0 1303 652 716
2904 1 2 0 1304 652 653
2905 1 2 0 1305 653 717
2906 1 2 0 1306 653 654
2907 1 2 0 1307 654 718
2908 1 2 0 1308 654 655
2909 1 2 0 1309 655 719
2910 1 2 0 1310 655 656
2911 1 2 0 1311 656 720
2912 1 2 0 1312 656 657
2913 1 2 0 1313 657 721
2914 1 2 0 1314 657 658
2915 1 2 0 1315 658 722
2916 1 2 0 1316 658 659
2917 1 2 0 1317 659 723
2918 1 2 0 1318 659 660
2919 1 2 0 1319 660 724
2920 1 2 0 1320 660 661
2921 1 2 0 1321 661 725
2922 1 2 0 1322 661 662
2923 1 2 0 1323 662 726
2924 1 2 0 1324 662 663
2925 1 2 0 1325 663 727
2926 1 2 0 1326 663 664
2927 1 2 0 1327 664 728
2928 1 2 0 1328 664 665
2929 1 2 0 1329 665 729
2930 1 2 0 1330 665 666
2931 1 2 0 1331 666 730
2932 1 2 0 1332 666 667
2933 1 2 0 1333 667 731
2934 1 2 0 1334 667 668
2935 1 2 0 1335 668 732
2936 1 2 0 1336 668 669
2937 1 2 0 1337 669 733
2938 1 2 0 1338 669 670
2939 1 2 0 1339 670 734
2940 1 2 0 1340 670 671
2941 1 2 0 1341 671 735
2942 1 2 0 1342 671 672
2943 1 2 0 1343 672 736
2944 1 2 0 1344 672 673
2945 1 2 0 1345 673 737
2946 1 2 0 1346 673 674
2947 1 2 0 1347 674 738
2948 1 2 0 1348 674 675
2949 1 2 0 1349 675 739
2950 1 2 0 1350 675 676
2951 1 2 0 1351 676 740
2952 1 2 0 1352 676 677
2953 1 2 0 1353 677 741
2954 1 2 0 1354 677 678
2955 1 2 0 1355 678 742
2956 1 2 0 1356 678 679
2957 1 2 0 1357 679 743
2958 1 2 0 1358 679 680
2959 1 2 0 1359 680 744
2960 1 2 0 1360 680 681
2961 1 2 0 1361 681 745
2962 1 2 0 1362 681 682
2963 1 2 0 1363 682 746
2964 1 2 0 1364 682 683
2965 1 2 0 1365 683 747
2966 1 2 0 1366 683 684
2967 1 2 0 1367 684 748
2968 1 2 0 1368 684 685
2969 1 2 0 1369 685 749
2970 1 2 0 1370 685 686
2971 1 2 0 1371 686 750
2972 1 2 0 1372 686 687
2973 1 2 0 1373 687 751
2974 1 2 0 1374 687 688
2975 1 2 0 1375 688 752
2976 1 2 0 1376 688 689
2977 1 2 0 1377 689 753
2978 1 2 0 1378 689 690
2979 1 2 0 1379 690 754
2980 1 2 0 1380 690 691
2981 1 2 0 1381 691 755
2982 1 2 0 1382 691 692
2983 1 2 0 1383 692 756
2984 1 2 0 1384 692 693
2985 1 2 0 1385 693 757
2986 1 2 0 1386 693 694
2987 1 2 0 1387 694 758
2988 1 2 0 1388 694 695
2989 1 2 0 1389 695 759
2990 1 2 0 1390 695 696
2991 1 2 0 1391 696 760
2992 1 2 0 1392 696 697
2993 1 2 0 1393 697 761
2994 1 2 0 1394 697 698
2995 1 2 0 1395 698 762
2996 1 2 0 1396 698 699
2997 1 2 0 1397 699 763
2998 1 2 0 1398 699 700
2999 1 2 0 1399 700 764
3000 1 2 0 1400 700 701
3001 1 2 0 1401 701 765
3002 1 2 0 1402 701 702
3003 1 2 0 1403 702 766
3004 1 2 0 1404 702 703
3005 1 2 0 1405 703 767
3006 1 2 0 1406 703 704
3007 1 2 0 1407 704 768
3008 1 2 0 1408 704 641
3009 1 2 0 1409 705 769
3010 1 2 0 1410 705 706
3011 1 2 0 1411 706 770
3012 1 2 0 1412 706 707
3013 1 2 0 1413 707 771
3014 1 2 0 1414 707 708
3015 1 2 0 1415 708 772
3016 1 2 0 1416 708 709
3017 1 2 0 1417 709 773
3018 1 2 0 1418 709 710
3019 1 2 0 1419 710 774
3020 1 2 0 1420 710 711
3021 1 2 0 1421 711 775
3022 1 2 0 1422 711 712
3023 1 2 0 1423 712 776
3024 1 2 0 1424 712 713
3025 1 2 0 1425 713 777
3026 1 2 0 1426 713 714
3027 1 2 0 1427 714 778
3028 1 2 0 1428 714 715
3029 1 2 0 1429 715 779
3030 1 2 0 1430 715 716
3031 1 2 0 1431 716 780
3032 1 2 0 1432 716 717
3033 1 2 0 1433 717 781
3034 1 2 0 1434 717 718
3035 1 2 0 1435 718 782
3036 1 2 0 1436 718 719
3037 1 2 0 1437 719 783
3038 1 2 0 1438 719 720
3039 1 2 0 1439 720 784
3040 1 2 0 1440 720 721
3041 1 2 0 1441 721 785
3042 1 2 0 1442 721 722
3043 1 2 0 1443 722 786
3044 1 2 0 1444 722 723
3045 1 2 0 1445 723 787
3046 1 2 0 1446 723 724
3047 1 2 0 1447 724 788
3048 1 2 0 1448 724 725
3049 1 2 0 1449 725 789
3050 1 2 0 1450 725 726
3051 1 2 0 1451 726 790
3052 1 2 0 1452 726 727
3053 1 2 0 1453 727 791
3054 1 2 0 1454 727 728
3055 1 2 0 1455 728 792
3056 1 2 0 1456 728 729
3057 1 2 0 1457 729 793
3058 1 2 0 1458 729 730
3059 1 2 0 1459 730 794
3060 1 2 0 1460 730 731
3061 1 2 0 1461 731 795
3062 1 2 0 1462 731 732
3063 1 2 0 1463 732 796
3064 1 2 0 1464 732 733
3065 1 2 0 1465 733 797
3066 1 2 0 1466 733 734
3067 1 2 0 1467 734 798
3068 1 2 0 1468 734 735
3069 1 2 0 1469 735 799
3070 1 2 0 1470 735 736
3071 1 2 0 1471 736 800
3072 1 2 0 1472 736 737
3073 1 2 0 1473 737 801
3074 1 2 0 1474 737 738
3075 1 2 0 1475 738 802
3076 1 2 0 1476 738 739
3077 1 2 0 1477 739 803
3078 1 2 0 1478 739 740
3079 1 2 0 1479 740 804
3080 1 2 0 1480 740 741
3081 1 2 0 1481 741 805
3082 1 2 0 1482 741 742
3083 1 2 0 1483 742 806
3084 1 2 0 1484 742 743
3085 1 2 0 1485 743 807
3086 1 2 0 1486 743 744
3087 1 2 0 1487 744 808
3088 1 2 0 1488 744 745
3089 1 2 0 1489 745 809
3090 1 2 0 1490 745 746
3091 1 2 0 1491 746 810
3092 1 2 0 1492 746 747
3093 1 2 0 1493 747 811
3094 1 2 0 1494 747 748
3095 1 2 0 1495 748 812
3096 1 2 0 1496 748 749
3097 1 2 0 1497 749 813
3098 1 2 0 1498 749 750
3099 1 2 0 1499 750 814
3100 1 2 0 1500 750 751
3101 1 2 0 1501 751 815
3102 1 2 0 1502 751 752
3103 1 2 0 1503 752 816
3104 1 2 0 1504 752 753
3105 1 2 0 1505 753 817
3106 1 2 0 1506 753 754
3107 1 2 0 1507 754 818
3108 1 2 0 1508 754 755
3109 1 2 0 1509 755 819
3110 1 2 0 1510 755 756
3111 1 2 0 1511 756 820
3112 1 2 0 1512 756 757
3113 1 2 0 1513 757 821
3114 1 2 0 1514 757 758
3115 1 2 0 1515 758 822
3116 1 2 0 1516 758 759
3117 1 2 0 1517 759 823
3118 1 2 0 1518 759 760
3119 1 2 0 1519 760 824
3120 1 2 0 1520 760 761
3121 1 2 0 1521 761 825
3122 1 2 0 1522 761 762
3123 1 2 0 1523 762 826
3124 1 2 0 1524 762 763
3125 1 2 0 1525 763 827
3126 1 2 0 1526 763 764
3127 1 2 0 1527 764 828
3128 1 2 0 1528 764 765
3129 1 2 0 1529 765 829
3130 1 2 0 1530 765 766
3131 1 2 0 1531 766 830
3132 1 2 0 1532 766 767
3133 1 2 0 1533 767 831
3134 1 2 0 1534 767 768
3135 1 2 0 1535 768 832
3136 1 2 0 1536 768 705
3137 1 2 0 1537 769 833
3138 1 2 0 1538 769 770
3139 1 2 0 1539 770 834
3140 1 2 0 1540 770 771
3141 1 2 0 1541 771 835
3142 1 2 0 1542 771 772
3143 1 2 0 1543 772 836
3144 1 2 0 1544 772 773
3145 1 2 0 1545 773 837
3146 1 2 0 1546 773 774
3147 1 2 0 1547 774 838
3148 1 2 0 1548 774 775
3149 1 2 0 1549 775 839
3150 1 2 0 1550 775 776
3151 1 2 0 1551 776 840
3152 1 2 0 1552 776 777
3153 1 2 0 1553 777 841
3154 1 2 0 1554 777 778
3155 1 2 0 1555 778 842
3156 1 2 0 1556 778 779
3157 1 2 0 1557 779 843
3158 1 2 0 1558 779 780
3159 1 2 0 1559 780 844
3160 1 2 0 1560 780 781
3161 1 2 0 1561 781 845
3162 1 2 0 1562 781 782
3163 1 2 0 1563 782 846
3164 1 2 0 1564 782 783
3165 1 2 0 1565 783 847
3166 1 2 0 1566 783 784
3167 1 2 0 1567 784 848
3168 1 2 0 1568 784 785
3169 1 2 0 1569 785 849
3170 1 2 0 1570 785 786
3171 1 2 0 1571 786 850
3172 1 2 0 1572 786 787
3173 1 2 0 1573 787 851
3174 1 2 0 1574 787 788
3175 1 2 0 1575 788 852
3176 1 2 0 1576 788 789
3177 1 2 0 1577 789 853
3178 1 2 0 1578 789 790
3179 1 2 0 1579 790 854
3180 1 2 0 1580 790 791
3181 1 2 0 1581 791 855
3182 1 2 0 1582 791 792
3183 1 2 0 1583 792 856
3184 1 2 0 1584 792 793
3185 1 2 0 1585 793 857
3186 1 2 0 1586 793 794
3187 1 2 0 1587 794 858
3188 1 2 0 1588 794 795
3189 1 2 0 1589 795 859
3190 1 2 0 1590 795 796
3191 1 2 0 1591 796 860
3192 1 2 0 1592 796 797
3193 1 2 0 1593 797 861
3194 1 2 0 1594 797 798
3195 1 2 0 1595 798 862
3196 1 2 0 1596 798 799
3197 1 2 0 1597 799 863
3198 1 2 0 1598 799 800
3199 1 2 0 1599 800 864
3200 1 2 0 1600 800 801
3201 1 2 0 1601 801 865
3202 1 2 0 1602 801 802
3203 1 2 0 1603 802 866
3204 1 2 0 1604 802 803
3205 1 2 0 1605 803 867
3206 1 2 0 1606 803 804
3207 1 2 0 1607 804 868
3208 1 2 0 1608 804 805
3209 1 2 0 1609 805 869
3210 1 2 0 1610 805 806
3211 1 2 0 1611 806 870
3212 1 2 0 1612 806 807
3213 1 2 0 1613 807 871
3214 1 2 0 1614 807 808
3215 1 2 0 1615 808 872
3216 1 2 0 1616 808 809
3217 1 2 0 1617 809 873
3218 1 2 0 1618 809 810
3219 1 2 0 1619 810 874
3220 1 2 0 1620 810 811
3221 1 2 0 1621 811 875
3222 1 2 0 1622 811 812
3223 1 2 0 1623 812 876
3224 1 2 0 1624 812 813
3225 1 2 0 1625 813 877
3226 1 2 0 1626 813 814
3227 1 2 0 1627 814 878
3228 1 2 0 1628 814 815
3229 1 2 0 1629 815 879
3230 1 2 0 1630 815 816
3231 1 2 0 1631 816 880
3232 1 2 0 1632 816 817
3233 1 2 0 1633 817 881
3234 1 2 0 1634 817 818
3235 1 2 0 1635 818 882
3236 1 2 0 1636 818 819
3237 1 2 0 1637 819 883
3238 1 2 0 1638 819 820
3239 1 2 0 1639 820 884
3240 1 2 0 1640 820 821
3241 1 2 0 1641 821 885
3242 1 2 0 1642 821 822
3243 1 2 0 1643 822 886
3244 1 2 0 1644 822 823
3245 1 2 0 1645 823 887
3246 1 2 0 1646 823 824
3247 1 2 0 1647 824 888
3248 1 2 0 1648 824 825
3249 1 2 0 1649 825 889
3250 1 2 0 1650 825 826
3251 1 2 0 1651 826 890
3252 1 2 0 1652 826 827
3253 1 2 0 1653 827 891
3254 1 2 0 1654 827 828
3255 1 2 0 1655 828 892
3256 1 2 0 1656 828 829
3257 1 2 0 1657 829 893
3258 1 2 0 1658 829 830
3259 1 2 0 1659 830 894
3260 1 2 0 1660 830 831
3261 1 2 0 1661 831 895
3262 1 2 0 1662 831 832
3263 1 2 0 1663 832 896
3264 1 2 0 1664 832 769
3265 1 2 0 1665 833 897
3266 1 2 0 1666 833 834
3267 1 2 0 1667 834 898
3268 1 2 0 1668 834 835
3269 1 2 0 1669 835 899
3270 1 2 0 1670 835 836
3271 1 2 0 1671 836 900
3272 1 2 0 1672 836 837
3273 1 2 0 1673 837 901
3274 1 2 0 1674 837 838
3275 1 2 0 1675 838 902
3276 1 2 0 1676 838 839
3277 1 2 0 1677 839 903
3278 1 2 0 1678 839 840
3279 1 2 0 1679 840 904
3280 1 2 0 1680 840 841
3281 1 2 0 1681 841 905
3282 1 2 0 1682 841 842
3283 1 2 0 1683 842 906
3284 1 2 0 1684 842 843
3285 1 2 0 1685 843 907
3286 1 2 0 1686 843 844
3287 1 2 0 1687 844 908
3288 1 2 0 1688 844 845
3289 1 2 0 1689 845 909
3290 1 2 0 1690 845 846
3291 1 2 0 1691 846 910
3292 1 2 0 1692 846 847
3293 1 2 0 1693 847 911
3294 1 2 0 1694 847 848
3295 1 2 0 1695 848 912
3296 1 2 0 1696 848 849
3297 1 2 0 1697 849 913
3298 1 2 0 1698 849 850
3299 1 2 0 1699 850 914
3300 1 2 0 1700 850 851
3301 1 2 0 1701 851 915
3302 1 2 0 1702 851 852
3303 1 2 0 1703 852 916
3304 1 2 0 1704 852 853
3305 1 2 0 1705 853 917
3306 1 2 0 1706 853 854
3307 1 2 0 1707 854 918
3308 1 2 0 1708 854 855
3309 1 2 0 1709 855 919
3310 1 2 0 1710 855 856
3311 1 2 0 1711 856 920
3312 1 2 0 1712 856 857
3313 1 2 0 1713 857 921
3314 1 2 0 1714 857 858
3315 1 2 0 1715 858 922
3316 1 2 0 1716 858 859
3317 1 2 0 1717 859 923
3318 1 2 0 1718 859 860
3319 1 2 0 1719 860 924
3320 1 2 0 1720 860 861
3321 1 2 0 1721 861 925
3322 1 2 0 1722 861 862
3323 1 2 0 1723 862 926
3324 1 2 0 1724 862 863
3325 1 2 0 1725 863 927
3326 1 2 0 1726 863 864
3327 1 2 0 1727 864 928
3328 1 2 0 1728 864 865
3329 1 2 0 1729 865 929
3330 1 2 0 1730 865 866
3331 1 2 0 1731 866 930
3332 1 2 0 1732 866 867
3333 1 2 0 1733 867 931
3334 1 2 0 1734 867 868
3335 1 2 0 1735 868 932
3336 1 2 0 1736 868 869
3337 1 2 0 1737 869 933
3338 1 2 0 1738 869 870
3339 1 2 0 1739 870 934
3340 1 2 0 1740 870 871
3341 1 2 0 1741 871 935
3342 1 2 0 1742 871 872
3343 1 2 0 1743 872 936
3344 1 2 0 1744 872 873
3345 1 2 0 1745 873 937
3346 1 2 0 1746 873 874
3347 1 2 0 1747 874 938
3348 1 2 0 1748 874 875
3349 1 2 0 1749 875 939
3350 1 2 0 1750 875 876
3351 1 2 0 1751 876 940
3352 1 2 0 1752 876 877
3353 1 2 0 1753 877 941
3354 1 2 0 1754 877 878
3355 1 2 0 1755 878 942
3356 1 2 0 1756 878 879
3357 1 2 0 1757 879 943
3358 1 2 0 1758 879 880
3359 1 2 0 1759 880 944
3360 1 2 0 1760 880 881
3361 1 2 0 1761 881 945
3362 1 2 0 1762 881 882
3363 1 2 0 1763 882 946
3364 1 2 0 1764 882 883
3365 1 2 0 1765 883 947
3366 1 2 0 1766 883 884
3367 1 2 0 1767 884 948
3368 1 2 0 1768 884 885
3369 1 2 0 1769 885 949
3370 1 2 0 1770 885 886
3371 1 2 0 1771 886 950
3372 1 2 0 1772 886 887
3373 1 2 0 1773 887 951
3374 1 2 0 1774 887 888
3375 1 2 0 1775 888 952
3376 1 2 0 1776 888 889
3377 1 2 0 1777 889 953
3378 1 2 0 1778 889 890
3379 1 2 0 1779 890 954
3380 1 2 0 1780 890 891
3381 1 2 0 1781 891 955
3382 1 2 0 1782 891 892
3383 1 2 0 1783 892 956
3384 1 2 0 1784 892 893
3385 1 2 0 1785 893 957
3386 1 2 0 1786 893 894
3387 1 2 0 1787 894 958
3388 1 2 0 1788 894 895
3389 1 2 0 1789 895 959
3390 1 2 0 1790 895 896
3391 1 2 0 1791 896 960
3392 1 2 0 1792 896 833
3393 1 2 0 1793 897 961
3394 1 2 0 1794 897 898
3395 1 2 0 1795 898 962
3396 1 2 0 1796 898 899
3397 1 2 0 1797 899 963
3398 1 2 0 1798 899 900
3399 1 2 0 1799 900 964
3400 1 2 0 1800 900 901
3401 1 2 0 1801 901 965
3402 1 2 0 1802 901 902
3403 1 2 0 1803 902 966
3404 1 2 0 1804 902 903
3405 1 2 0 1805 903 967
3406 1 2 0 1806 903 904
3407 1 2 0 1807 904 968
3408 1 2 0 1808 904 905
3409 1 2 0 1809 905 969
3410 1 2 0 1810 905 906
3411 1 2 0 1811 906 970
3412 1 2 0 1812 906 907
3413 1 2 0 1813 907 971
3414 1 2 0 1814 907 908
3415 1 2 0 1815 908 972
3416 1 2 0 1816 908 909
3417 1 2 0 1817 909 973
3418 1 2 0 1818 909 910
3419 1 2 0 1819 910 974
3420 1 2 0 1820 910 911
3421 1 2 0 1821 911 975
3422 1 2 0 1822 911 912
3423 1 2 0 1823 912 976
3424 1 2 0 1824 912 913
3425 1 2 0 1825 913 977
3426 1 2 0 1826 913 914
3427 1 2 0 1827 914 978
3428 1 2 0 1828 914 915
3429 1 2 0 1829 915 979
3430 1 2 0 1830 915 916
3431 1 2 0 1831 916 980
3432 1 2 0 1832 916 917
3433 1 2 0 1833 917 981
3434 1 2 0 1834 917 918
3435 1 2 0 1835 918 982
3436 1 2 0 1836 918 919
3437 1 2 0 1837 919 983
3438 1 2 0 1838 919 920
3439 1 2 0 1839 920 984
3440 1 2 0 1840 920 921
3441 1 2 0 1841 921 985
3442 1 2 0 1842 921 922
3443 1 2 0 1843 922 986
3444 1 2 0 1844 922 923
3445 1 2 0 1845 923 987
3446 1 2 0 1846 923 924
3447 1 2 0 1847 924 988
3448 1 2 0 1848 924 925
3449 1 2 0 1849 925 989
3450 1 2 0 1850 925 926
3451 1 2 0 1851 926 990
3452 1 2 0 1852 926 927
3453 1 2 0 1853 927 991
3454 1 2 0 1854 927 928
3455 1 2 0 1855 928 992
3456 1 2 0 1856 928 929
3457 1 2 0 1857 929 993
3458 1 2 0 1858 929 930
3459 1 2 0 1859 930 994
3460 1 2 0 1860 930 931
3461 1 2 0 1861 931 995
3462 1 2 0 1862 931 932
3463 1 2 0 1863 932 996
3464 1 2 0 1864 932 933
3465 1 2 0 1865 933 997
3466 1 2 0 1866 933 934
3467 1 2 0 1867 934 998
3468 1 2 0 1868 934 935
3469 1 2 0 1869 935 999
3470 1 2 0 1870 935 936
3471 1 2 0 1871 936 1000
3472 1 2 0 1872 936 937
3473 1 2 0 1873 937 1001
3474 1 2 0 1874 937 938
3475 1 2 0 1875 938 1002
3476 1 2 0 1876 938 939
3477 1 2 0 1877 939 1003
3478 1 2 0 1878 939 940
3479 1 2 0 1879 940 1004
3480 1 2 0 1880 940 941
3481 1 2 0 1881 941 1005
3482 1 2 0 1882 941 942
3483 1 2 0 1883 942 1006
3484 1 2 0 1884 942 943
3485 1 2 0 1885 943 1007
3486 1 2 0 1886 943 944
3487 1 2 0 1887 944 1008
3488 1 2 0 1888 944 945
3489 1 2 0 1889 945 1009
3490 1 2 0 1890 945 946
3491 1 2 0 1891 946 1010
3492 1 2 0 1892 946 947
3493 1 2 0 1893 947 1011
3494 1 2 0 1894 947 948
3495 1 2 0 1895 948 1012
3496 1 2 0 1896 948 949
3497 1 2 0 1897 949 1013
3498 1 2 0 1898 949 950
3499 1 2 0 1899 950 1014
3500 1 2 0 1900 950 951
3501 1 2 0 1901 951 1015
3502 1 2 0 1902 951 952
3503 1 2 0 1903 952 1016
3504 1 2 0 1904 952 953
3505 1 2 0 1905 953 1017
3506 1 2 0 1906 953 954
3507 1 2 0 1907 954 1018
3508 1 2 0 1908 954 955
3509 1 2 0 1909 955 1019
3510 1 2 0 1910 955 956
3511 1 2 0 1911 956 1020
3512 1 2 0 1912 956 957
3513 1 2 0 1913 957 1021
3514 1 2 0 1914 957 958
3515 1 2 0 1915 958 1022
3516 1 2 0 1916 958 959
3517 1 2 0 1917 959 1023
3518 1 2 0 1918 959 960
3519 1 2 0 1919 960 1024
3520 1 2 0 1920 960 897
3521 1 2 0 1921 961 1025
3522 1 2 0 1922 961 962
3523 1 2 0 1923 962 1026
3524 1 2 0 1924 962 963
3525 1 2 0 1925 963 1027
3526 1 2 0 1926 963 964
3527 1 2 0 1927 964 1028
3528 1 2 0 1928 964 965
3529 1 2 0 1929 965 1029
3530 1 2 0 1930 965 966
3531 1 2 0 1931 966 1030
3532 1 2 0 1932 966 967
3533 1 2 0 1933 967 1031
3534 1 2 0 1934 967 968
3535 1 2 0 1935 968 1032
3536 1 2 0 1936 968 969
3537 1 2 0 1937 969 1033
3538 1 2 0 1938 969 970
3539 1 2 0 1939 970 1034
3540 1 2 0 1940 970 971
3541 1 2 0 1941 971 1035
3542 1 2 0 1942 971 972
3543 1 2 0 1943 972 1036
3544 1 2 0 1944 972 973
3545 1 2 0 1945 973 1037
3546 1 2 0 1946 973 974
3547 1 2 0 1947 974 1038
3548 1 2 0 1948 974 975
3549 1 2 0 1949 975 1039
3550 1 2 0 1950 975 976
3551 1 2 0 1951 976 1040
3552 1 2 0 1952 976 977
3553 1 2 0 1953 977 1041
3554 1 2 0 1954 977 978
3555 1 2 0 1955 978 1042
3556 1 2 0 1956 978 979
3557 1 2 0 1957 979 1043
3558 1 2 0 1958 979 980
3559 1 2 0 1959 980 1044
3560 1 2 0 1960 980 981
3561 1 2 0 1961 981 1045
3562 1 2 0 1962 981 982
3563 1 2 0 1963 982 1046
3564 1 2 0 1964 982 983
3565 1 2 0 1965 983 1047
3566 1 2 0 1966 983 984
3567 1 2 0 1967 984 1048
3568 1 2 0 1968 984 985
3569 1 2 0 1969 985 1049
3570 1 2 0 1970 985 986
3571 1 2 0 1971 986 1050
3572 1 2 0 1972 986 987
3573 1 2 0 1973 987 1051
3574 1 2 0 1974 987 988
3575 1 2 0 1975 988 1052
3576 1 2 0 1976 988 989
3577 1 2 0 1977 989 1053
3578 1 2 0 1978 989 990
3579 1 2 0 1979 990 1054
3580 1 2 0 1980 990 991
3581 1 2 0 1981 991 1055
3582 1 2 0 1982 991 992
3583 1 2 0 1983 992 1056
3584 1 2 0 1984 992 993
3585 1 2 0 1985 993 1057
3586 1 2 0 1986 993 994
3587 1 2 0 1987 994 1058
3588 1 2 0 1988 994 995
3589 1 2 0 1989 995 1059
3590 1 2 0 1990 995 996
3591 1 2 0 1991 996 1060
3592 1 2 0 1992 996 997
3593 1 2 0 1993 997 1061
3594 1 2 0 1994 997 998
3595 1 2 0 1995 998 1062
3596 1 2 0 1996 998 999
3597 1 2 0 1997 999 1063
3598 1 2 0 1998 999 1000
3599 1 2 0 1999 1000 1064
3600 1 2 0 2000 1000 1001
3601 1 2 0 2001 1001 1065
3602 1 2 0 2002 1001 1002
3603 1 2 0 2003 1002 1066
3604 1 2 0 2004 1002 1003
3605 1 2 0 2005 1003 1067
3606 1 2 0 2006 1003 1004
3607 1 2 0 2007 1004 1068
3608 1 2 0 2008 1004 1005
3609 1 2 0 2009 1005 1069
3610 1 2 0 2010 1005 1006
3611 1 2 0 2011 1006 1070
3612 1 2 0 2012 1006 1007
3613 1 2 0 2013 1007 1071
3614 1 2 0 2014 1007 1008
3615 1 2 0 2015 1008 1072
3616 1 2 0 2016 1008 1009
3617 1 2 0 2017 1009 1073
3618 1 2 0 2018 1009 1010
3619 1 2 0 2019 1010 1074
3620 1 2 0 2020 1010 1011
3621 1 2 0 2021 1011 1075
3622 1 2 0 2022 1011 1012
3623 1 2 0 2023 1012 1076
3624 1 2 0 2024 1012 1013
3625 1 2 0 2025 1013 1077
3626 1 2 0 2026 1013 1014
3627 1 2 0 2027 1014 1078
3628 1 2 0 2028 1014 1015
3629 1 2 0 2029 1015 1079
3630 1 2 0 2030 1015 1016
3631 1 2 0 2031 1016 1080
3632 1 2 0 2032 1016 1017
3633 1 2 0 2033 1017 1081
3634 1 2 0 2034 1017 1018
3635 1 2 0 2035 1018 1082
3636 1 2 0 2036 1018 1019
3637 1 2 0 2037 1019 1083
3638 1 2 0 2038 1019 1020
3639 1 2 0 2039 1020 1084
3640 1 2 0 2040 1020 1021
3641 1 2 0 2041 1021 1085
3642 1 2 0 2042 1021 1022
3643 1 2 0 2043 1022 1086
3644 1 2 0 2044 1022 1023
3645 1 2 0 2045 1023 1087
3646 1 2 0 2046 1023 1024
3647 1 2 0 2047 1024 1088
3648 1 2 0 2048 1024 961
3649 1 2 0 2049 1025 1089
3650 1 2 0 2050 1025 1026
3651 1 2 0 2051 1026 1090
3652 1 2 0 2052 1026 1027
3653 1 2 0 2053 1027 1091
3654 1 2 0 2054 1027 1028
3655 1 2 0 2055 1028 1092
3656 1 2 0 2056 1028 1029
3657 1 2 0 2057 1029 1093
3658 1 2 0 2058 1029 1030
3659 1 2 0 2059 1030 1094
3660 1 2 0 2060 1030 1031
3661 1 2 0 2061 1031 1095
3662 1 2 0 2062 1031 1032
3663 1 2 0 2063 1032 1096
3664 1 2 0 2064 1032 1033
3665 1 2 0 2065 1033 1097
3666 1 2 0 2066 1033 1034
3667 1 2 0 2067 1034 1098
3668 1 2 0 2068 1034 1035
3669 1 2 0 2069 1035 1099
3670 1 2 0 2070 1035 1036
3671 1 2 0 2071 1036 1100
3672 1 2 0 2072 1036 1037
3673 1 2 0 2073 1037 1101
3674 1 2 0 2074 1037 1038
3675 1 2 0 2075 1038 1102
3676 1 2 0 2076 1038 1039
3677 1 2 0 2077 1039 1103
3678 1 2 0 2078 1039 1040
3679 1 2 0 2079 1040 1104
3680 1 2 0 2080 1040 1041
3681 1 2 0 2081 1041 1105
3682 1 2 0 2082 1041 1042
3683 1 2 0 2083 1042 1106
3684 1 2 0 2084 1042 1043
3685 1 2 0 2085 1043 1107
3686 1 2 0 2086 1043 1044
3687 1 2 0 2087 1044 1108
3688 1 2 0 2088 1044 1045
3689 1 2 0 2089 1045 1109
3690 1 2 0 2090 1045 1046
3691 1 2 0 2091 1046 1110
3692 1 2 0 2092 1046 1047
3693 1 2 0 2093 1047 1111
3694 1 2 0 2094 1047 1048
3695 1 2 0 2095 1048 1112
3696 1 2 0 2096 1048 1049
3697 1 2 0 2097 1049 1113
3698 1 2 0 2098 1049 1050
3699 1 2 0 2099 1050 1114
3700 1 2 0 2100 1050 1051
3701 1 2 0 2101 1051 1115
3702 1 2 0 2102 1051 1052
3703 1 2 0 2103 1052 1116
3704 1 2 0 2104 1052 1053
3705 1 2 0 2105 1053 1117
3706 1 2 0 2106 1053 1054
3707 1 2 0 2107 1054 1118
3708 1 2 0 2108 1054 1055
3709 1 2 0 2109 1055 1119
3710 1 2 0 2110 1055 1056
3711 1 2 0 2111 1056 1120
3712 1 2 0 2112 1056 1057
3713 1 2 0 2113 1057 1121
3714 1 2 0 2114 1057 1058
3715 1 2 0 2115 1058 1122
3716 1 2 0 2116 1058 1059
3717 1 2 0 2117 1059 1123
3718 1 2 0 2118 1059 1060
3719 1 2 0 2119 1060 1124
3720 1 2 0 2120 1060 1061
3721 1 2 0 2121 1061 1125
3722 1 2 0 2122 1061 1062
3723 1 2 0 2123 1062 1126
3724 1 2 0 2124 1062 1063
3725 1 2 0 2125 1063 1127
3726 1 2 0 2126 1063 1064
3727 1 2 0 2127 1064 1128
3728 1 2 0 2128 1064 1065
3729 1 2 0 2129 1065 1129
3730 1 2 0 2130 1065 1066
3731 1 2 0 2131 1066 1130
3732 1 2 0 2132 1066 1067
3733 1 2 0 2133 1067 1131
3734 1 2 0 2134 1067 1068
3735 1 2 0 2135 1068 1132
3736 1 2 0 2136 1068 1069
3737 1 2 0 2137 1069 1133
3738 1 2 0 2138 1069 1070
3739 1 2 0 2139 1070 1134
3740 1 2 0 2140 1070 1071
3741 1 2 0 2141 1071 1135
3742 1 2 0 2142 1071 1072
3743 1 2 0 2143 1072 1136
3744 1 2 0 2144 1072 1073
3745 1 2 0 2145 1073 1137
3746 1 2 0 2146 1073 1074
3747 1 2 0 2147 1074 1138
3748 1 2 0 2148 1074 1075
3749 1 2 0 2149 1075 1139
3750 1 2 0 2150 1075 1076
3751 1 2 0 2151 1076 1140
3752 1 2 0 2152 1076 1077
3753 1 2 0 2153 1077 1141
3754 1 2 0 2154 1077 1078
3755 1 2 0 2155 1078 1142
3756 1 2 0 2156 1078 1079
3757 1 2 0 2157 1079 1143
3758 1 2 0 2158 1079 1080
3759 1 2 0 2159 1080 1144
3760 1 2 0 2160 1080 1081
3761 1 2 0 2161 1081 1145
3762 1 2 0 2162 1081 1082
3763 1 2 0 2163 1082 1146
3764 1 2 0 2164 1082 1083
3765 1 2 0 2165 1083 1147
3766 1 2 0 2166 1083 1084
3767 1 2 0 2167 1084 1148
3768 1 2 0 2168 1084 1085
3769 1 2 0 2169 1085 1149
3770 1 2 0 2170 1085 1086
3771 1 2 0 2171 1086 1150
3772 1 2 0 2172 1086 1087
3773 1 2 0 2173 1087 1151
3774 1 2 0 2174 1087 1088
3775 1 2 0 2175 1088 1152
3776 1 2 0 2176 1088 1025
3777 1 2 0 2177 1089 1153
3778 1 2 0 2178 1089 1090
3779 1 2 0 2179 1090 1154
3780 1 2 0 2180 1090 1091
3781 1 2 0 2181 1091 1155
3782 1 2 0 2182 1091 1092
3783 1 2 0 2183 1092 1156
3784 1 2 0 2184 1092 1093
3785 1 2 0 2185 1093 1157
3786 1 2 0 2186 1093 1094
3787 1 2 0 2187 1094 1158
3788 1 2 0 2188 1094 1095
3789 1 2 0 2189 1095 1159
3790 1 2 0 2190 1095 1096
3791 1 2 0 2191 1096 1160
3792 1 2 0 2192 1096 1097
3793 1 2 0 2193 1097 1161
3794 1 2 0 2194 1097 1098
3795 1 2 0 2195 1098 1162
3796 1 2 0 2196 1098 1099
3797 1 2 0 2197 1099 1163
3798 1 2 0 2198 1099 1100
3799 1 2 0 2199 1100 1164
3800 1 2 0 2200 1100 1101
3801 1 2 0 2201 1101 1165
3802 1 2 0 2202 1101 1102
3803 1 2 0 2203 1102 1166
3804 1 2 0 2204 1102 1103
3805 1 2 0 2205 1103 1167
3806 1 2 0 2206 1103 1104
3807 1 2 0 2207 1104 1168
3808 1 2 0 2208 1104 1105
3809 1 2 0 2209 1105 1169
3810 1 2 0 2210 1105 1106
3811 1 2 0 2211 1106 1170
3812 1 2 0 2212 1106 1107
3813 1 2 0 2213 1107 1171
3814 1 2 0 2214 1107 1108
3815 1 2 0 2215 1108 1172
3816 1 2 0 2216 1108 1109
3817 1 2 0 2217 1109 1173
3818 1 2 0 2218 1109 1110
3819 1 2 0 2219 1110 1174
3820 1 2 0 2220 1110 1111
3821 1 2 0 2221 1111 1175
3822 1 2 0 2222 1111 1112
3823 1 2 0 2223 1112 1176
3824 1 2 0 2224 1112 1113
3825 1 2 0 2225 1113 1177
3826 1 2 0 2226 1113 1114
3827 1 2 0 2227 1114 1178
3828 1 2 0 2228 1114 1115
3829 1 2 0 2229 1115 1179
3830 1 2 0 2230 1115 1116
3831 1 2 0 2231 1116 1180
3832 1 2 0 2232 1116 1117
3833 1 2 0 2233 1117 1181
3834 1 2 0 2234 1117 1118
3835 1 2 0 2235 1118 1182
3836 1 2 0 2236 1118 1119
3837 1 2 0 2237 1119 1183
3838 1 2 0 2238 1119 1120
3839 1 2 0 2239 1120 1184
3840 1 2 0 2240 1120 1121
3841 1 2 0 2241 1121 1185
3842 1 2 0 2242 1121 1122
3843 1 2 0 2243 1122 1186
3844 1 2 0 2244 1122 1123
3845 1 2 0 2245 1123 1187
3846 1 2 0 2246 1123 1124
3847 1 2 0 2247 1124 1188
3848 1 2 0 2248 1124 1125
3849 1 2 0 2249 1125 1189
3850 1 2 0 2250 1125 1126
3851 1 2 0 2251 1126 1190
3852 1 2 0 2252 1126 1127
3853 1 2 0 2253 1127 1191
3854 1 2 0 2254 1127 1128
3855 1 2 0 2255 1128 1192
3856 1 2 0 2256 1128 1129
3857 1 2 0 2257 1129 1193
3858 1 2 0 2258 1129 1130
3859 1 2 0 2259 1130 1194
3860 1 2 0 2260 1130 1131
3861 1 2 0 2261 1131 1195
3862 1 2 0 2262 1131 1132
3863 1 2 0 2263 1132 1196
3864 1 2 0 2264 1132 1133
3865 1 2 0 2265 1133 1197
3866 1 2 0 2266 1133 1134
3867 1 2 0 2267 1134 1198
3868 1 2 0 2268 1134 1135
3869 1 2 0 2269 1135 1199
3870 1 2 0 2270 1135 1136
3871 1 2 0 2271 1136 1200
3872 1 2 0 2272 1136 1137
3873 1 2 0 2273 1137 1201
3874 1 2 0 2274 1137 1138
3875 1 2 0 2275 1138 1202
3876 1 2 0 2276 1138 1139
3877 1 2 0 2277 1139 1203
3878 1 2 0 2278 1139 1140
3879 1 2 0 2279 1140 1204
3880 1 2 0 2280 1140 1141
3881 1 2 0 2281 1141 1205
3882 1 2 0 2282 1141 1142
3883 1 2 0 2283 1142 1206
3884 1 2 0 2284 1142 1143
3885 1 2 0 2285 1143 1207
3886 1 2 0 2286 1143 1144
3887 1 2 0 2287 1144 1208
3888 1 2 0 2288 1144 1145
3889 1 2 0 2289 1145 1209
3890 1 2 0 2290 1145 1146
3891 1 2 0 2291 1146 1210
3892 1 2 0 2292 1146 1147
3893 1 2 0 2293 1147 1211
3894 1 2 0 2294 1147 1148
3895 1 2 0 2295 1148 1212
3896 1 2 0 2296 1148 1149
3897 1 2 0 2297 1149 1213
3898 1 2 0 2298 1149 1150
3899 1 2 0 2299 1150 1214
3900 1 2 0 2300 1150 1151
3901 1 2 0 2301 1151 1215
3902 1 2 0 2302 1151 1152
3903 1 2 0 2303 1152 1216
3904 1 2 0 2304 1152 1089
3905 1 2 0 2305 1153 1217
3906 1 2 0 2306 1153 1154
3907 1 2 0 2307 1154 1218
3908 1 2 0 2308 1154 1155
3909 1 2 0 2309 1155 1219
3910 1 2 0 2310 1155 1156
3911 1 2 0 2311 1156 1220
3912 1 2 0 2312 1156 1157
3913 1 2 0 2313 1157 1221
3914 1 2 0 2314 1157 1158
3915 1 2 0 2315 1158 1222
3916 1 2 0 2316 1158 1159
3917 1 2 0 2317 1159 1223
3918 1 2 0 2318 1159 1160
3919 1 2 0 2319 1160 1224
3920 1 2 0 2320 1160 1161
3921 1 2 0 2321 1161 1225
3922 1 2 0 2322 1161 1162
3923 1 2 0 2323 1162 1226
3924 1 2 0 2324 1162 1163
3925 1 2 0 2325 1163 1227
3926 1 2 0 2326 1163 1164
3927 1 2 0 2327 1164 1228
3928 1 2 0 2328 1164 1165
3929 1 2 0 2329 1165 1229
3930 1 2 0 2330 1165 1166
3931 1 2 0 2331 1166 1230
3932 1 2 0 2332 1166 1167
3933 1 2 0 2333 1167 1231
3934 1 2 0 2334 1167 1168
3935 1 2 0 2335 1168 1232
3936 1 2 0 2336 1168 1169
3937 1 2 0 2337 1169 1233
3938 1 2 0 2338 1169 1170
3939 1 2 0 2339 1170 1234
3940 1 2 0 2340 1170 1171
3941 1 2 0 2341 1171 1235
3942 1 2 0 2342 1171 1172
3943 1 2 0 2343 1172 1236
3944 1 2 0 2344 1172 1173
3945 1 2 0 2345 1173 1237
3946 1 2 0 2346 1173 1174
3947 1 2 0 2347 1174 1238
3948 1 2 0 2348 1174 1175
3949 1 2 0 2349 1175 1239
3950 1 2 0 2350 1175 1176
3951 1 2 0 2351 1176 1240
3952 1 2 0 2352 1176 1177
3953 1 2 0 2353 1177 1241
3954 1 2 0 2354 1177 1178
3955 1 2 0 2355 1178 1242
3956 1 2 0 2356 1178 1179
3957 1 2 0 2357 1179 1243
3958 1 2 0 2358 1179 1180
3959 1 2 0 2359 1180 1244
3960 1 2 0 2360 1180 1181
3961 1 2 0 2361 1181 1245
3962 1 2 0 2362 1181 1182
3963 1 2 0 2363 1182 1246
3964 1 2 0 2364 1182 1183
3965 1 2 0 2365 1183 1247
3966 1 2 0 2366 1183 1184
3967 1 2 0 2367 1184 1248
3968 1 2 0 2368 1184 1185
3969 1 2 0 2369 1185 1249
3970 1 2 0 2370 1185 1186
3971 1 2 0 2371 1186 1250
3972 1 2 0 2372 1186 1187
3973 1 2 0 2373 1187 1251
3974 1 2 0 2374 1187 1188
3975 1 2 0 2375 1188 1252
3976 1 2 0 2376 1188 1189
3977 1 2 0 2377 1189 1253
3978 1 2 0 2378 1189 1190
3979 1 2 0 2379 1190 1254
3980 1 2 0 2380 1190 1191
3981 1 2 0 2381 1191 1255
3982 1 2 0 2382 1191 1192
3983 1 2 0 2383 1192 1256
3984 1 2 0 2384 1192 1193
3985 1 2 0 2385 1193 1257
3986 1 2 0 2386 1193 1194
3987 1 2 0 2387 1194 1258
3988 1 2 0 2388 1194 1195
3989 1 2 0 2389 1195 1259
3990 1 2 0 2390 1195 1196
3991 1 2 0 2391 1196 1260
3992 1 2 0 2392 1196 1197
3993 1 2 0 2393 1197 1261
3994 1 2 0 2394 1197 1198
3995 1 2 0 2395 1198 1262
3996 1 2 0 2396 1198 1199
3997 1 2 0 2397 1199 1263
3998 1 2 0 2398 1199 1200
3999 1 2 0 2399 1200 1264
4000 1 2 0 2400 1200 1201
4001 1 2 0 2401 1201 1265
4002 1 2 0 2402 1201 1202
4003 1 2 0 2403 1202 1266
4004 1 2 0 2404 1202 1203
4005 1 2 0 2405 1203 1267
4006 1 2 0 2406 1203 1204
4007 1 2 0 2407 1204 1268
4008 1 2 0 2408 1204 1205
4009 1 2 0 2409 1205 1269
4010 1 2 0 2410 1205 1206
4011 1 2 0 2411 1206 1270
4012 1 2 0 2412 1206 1207
4013 1 2 0 2413 1207 1271
4014 1 2 0 2414 1207 1208
4015 1 2 0 2415 1208 1272
4016 1 2 0 2416 1208 1209
4017 1 2 0 2417 1209 1273
4018 1 2 0 2418 1209 1210
4019 1 2 0 2419 1210 1274
4020 1 2 0 2420 1210 1211
4021 1 2 0 2421 1211 1275
4022 1 2 0 2422 1211 1212
4023 1 2 0 2423 1212 1276
4024 1 2 0 2424 1212 1213
4025 1 2 0 2425 1213 1277
4026 1 2 0 2426 1213 1214
4027 1 2 0 2427 1214 1278
4028 1 2 0 2428 1214 1215
4029 1 2 0 2429 1215 1279
4030 1 2 0 2430 1215 1216
4031 1 2 0 2431 1216 1280
4032 1 2 0 2432 1216 1153
4033 1 2 0 2433 1217 1281
4034 1 2 0 2434 1217 1218
4035 1 2 0 2435 1218 1282
4036 1 2 0 2436 1218 1219
4037 1 2 0 2437 1219 1283
4038 1 2 0 2438 1219 1220
4039 1 2 0 2439 1220 1284
4040 1 2 0 2440 1220 1221
4041 1 2 0 2441 1221 1285
4042 1 2 0 2442 1221 1222
4043 1 2 0 2443 1222 1286
4044 1 2 0 2444 1222 1223
4045 1 2 0 2445 1223 1287
4046 1 2 0 2446 1223 1224
4047 1 2 0 2447 1224 1288
4048 1 2 0 2448 1224 1225
4049 1 2 0 2449 1225 1289
4050 1 2 0 2450 1225 1226
4051 1 2 0 2451 1226 1290
4052 1 2 0 2452 1226 1227
4053 1 2 0 2453 1227 1291
4054 1 2 0 2454 1227 1228
4055 1 2 0 2455 1228 1292
4056 1 2 0 2456 1228 1229
4057 1 2 0 2457 1229 1293
4058 1 2 0 2458 1229 1230
4059 1 2 0 2459 1230 1294
4060 1 2 0 2460 1230 1231
4061 1 2 0 2461 1231 1295
4062 1 2 0 2462 1231 1232
4063 1 2 0 2463 1232 1296
4064 1 2 0 2464 1232 1233
4065 1 2 0 2465 1233 1297
4066 1 2 0 2466 1233 1234
4067 1 2 0 2467 1234 1298
4068 1 2 0 2468 1234 1235
4069 1 2 0 2469 1235 1299
4070 1 2 0 2470 1235 1236
4071 1 2 0 2471 1236 1300
4072 1 2 0 2472 1236 1237
4073 1 2 0 2473 1237 1301
4074 1 2 0 2474 1237 1238
4075 1 2 0 2475 1238 1302
4076 1 2 0 2476 1238 1239
4077 1 2 0 2477 1239 1303
4078 1 2 0 2478 1239 1240
4079 1 2 0 2479 1240 1304
4080 1 2 0 2480 1240 1241
4081 1 2 0 2481 1241 1305
4082 1 2 0 2482 1241 1242
4083 1 2 0 2483 1242 1306
4084 1 2 0 2484 1242 1243
4085 1 2 0 2485 1243 1307
4086 1 2 0 2486 1243 1244
4087 1 2 0 2487 1244 1308
4088 1 2 0 2488 1244 1245
4089 1 2 0 2489 1245 1309
4090 1 2 0 2490 1245 1246
4091 1 2 0 2491 1246 1310
4092 1 2 0 2492 1246 1247
4093 1 2 0 2493 1247 1311
4094 1 2 0 2494 1247 1248
4095 1 2 0 2495 1248 1312
4096 1 2 0 2496 1248 1249
4097 1 2 0 2497 1249 1313
4098 1 2 0 2498 1249 1250
4099 1 2 0 2499 1250 1314
4100 1 2 0 2500 1250 1251
4101 1 2 0 2501 1251 1315
4102 1 2 0 2502 1251 1252
4103 1 2 0 2503 1252 1316
4104 1 2 0 2504 1252 1253
4105 1 2 0 2505 1253 1317
4106 1 2 0 2506 1253 1254
4107 1 2 0 2507 1254 1318
4108 1 2 0 2508 1254 1255
4109 1 2 0 2509 1255 1319
4110 1 2 0 2510 1255 1256
4111 1 2 0 2511 1256 1320
4112 1 2 0 2512 1256 1257
4113 1 2 0 2513 1257 1321
4114 1 2 0 2514 1257 1258
4115 1 2 0 2515 1258 1322
4116 1 2 0 2516 1258 1259
4117 1 2 0 2517 1259 1323
4118 1 2 0 2518 1259 1260
4119 1 2 0 2519 1260 1324
4120 1 2 0 2520 1260 1261
4121 1 2 0 2521 1261 1325
4122 1 2 0 2522 1261 1262
4123 1 2 0 2523 1262 1326
4124 1 2 0 2524 1262 1263
4125 1 2 0 2525 1263 1327
4126 1 2 0 2526 1263 1264
4127 1 2 0 2527 1264 1328
4128 1 2 0 2528 1264 1265
4129 1 2 0 2529 1265 1329
4130 1 2 0 2530 1265 1266
4131 1 2 0 2531 1266 1330
4132 1 2 0 2532 1266 1267
4133 1 2 0 2533 1267 1331
4134 1 2 0 2534 1267 1268
4135 1 2 0 2535 1268 1332
4136 1 2 0 2536 1268 1269
4137 1 2 0 2537 1269 1333
4138 1 2 0 2538 1269 1270
4139 1 2 0 2539 1270 1334
4140 1 2 0 2540 1270 1271
4141 1 2 0 2541 1271 1335
4142 1 2 0 2542 1271 1272
4143 1 2 0 2543 1272 1336
4144 1 2 0 2544 1272 1273
4145 1 2 0 2545 1273 1337
4146 1 2 0 2546 1273 1274
4147 1 2 0 2547 1274 1338
4148 1 2 0 2548 1274 1275
4149 1 2 0 2549 1275 1339
4150 1 2 0 2550 1275 1276
4151 1 2 0 2551 1276 1340
4152 1 2 0 2552 1276 1277
4153 1 2 0 2553 1277 1341
4154 1 2 0 2554 1277 1278
4155 1 2 0 2555 1278 1342
4156 1 2 0 2556 1278 1279
4157 1 2 0 2557 1279 1343
4158 1 2 0 2558 1279 1280
4159 1 2 0 2559 1280 1344
4160 1 2 0 2560 1280 1217
4161 1 2 0 2561 1281 1345
4162 1 2 0 2562 1281 1282
4163 1 2 0 2563 1282 1346
4164 1 2 0 2564 1282 1283
4165 1 2 0 2565 1283 1347
4166 1 2 0 2566 1283 1284
4167 1 2 0 2567 1284 1348
4168 1 2 0 2568 1284 1285
4169 1 2 0 2569 1285 1349
4170 1 2 0 2570 1285 1286
4171 1 2 0 2571 1286 1350
4172 1 2 0 2572 1286 1287
4173 1 2 0 2573 1287 1351
4174 1 2 0 2574 1287 1288
4175 1 2 0 2575 1288 1352
4176 1 2 0 2576 1288 1289
4177 1 2 0 2577 1289 1353
4178 1 2 0 2578 1289 1290
4179 1 2 0 2579 1290 1354
4180 1 2 0 2580 1290 1291
4181 1 2 0 2581 1291 1355
4182 1 2 0 2582 1291 1601
4183 1 2 0 2582 1601 1292
4184 1 2 0 2583 1292 1356
4185 1 2 0 2584 1292 1293
4186 1 2 0 2585 1293 1357
4187 1 2 0 2586 1293 1294
4188 1 2 0 2587 1294 1358
4189 1 2 0 2588 1294 1295
4190 1 2 0 2589 1295 1359
4191 1 2 0 2590 1295 1296
4192 1 2 0 2591 1296 1360
4193 1 2 0 2592 1296 1297
4194 1 2 0 2593 1297 1361
4195 1 2 0 2594 1297 1298
4196 1 2 0 2595 1298 1362
4197 1 2 0 2596 1298 1299
4198 1 2 0 2597 1299 1363
4199 1 2 0 2598 1299 1300
4200 1 2 0 2599 1300 1364
4201 1 2 0 2600 1300 1301
4202 1 2 0 2601 1301 1365
4203 1 2 0 2602 1301 1302
4204 1 2 0 2603 1302 1366
4205 1 2 0 2604 1302 1602
4206 1 2 0 2604 1602 1303
4207 1 2 0 2605 1303 1367
4208 1 2 0 2606 1303 1304
4209 1 2 0 2607 1304 1368
4210 1 2 0 2608 1304 1305
4211 1 2 0 2609 1305 1369
4212 1 2 0 2610 1305 1306
4213 1 2 0 2611 1306 1370
4214 1 2 0 2612 1306 1307
4215 1 2 0 2613 1307 1371
4216 1 2 0 2614 1307 1308
4217 1 2 0 2615 1308 1372
4218 1 2 0 2616 1308 1309
4219 1 2 0 2617 1309 1373
4220 1 2 0 2618 1309 1310
4221 1 2 0 2619 1310 1374
4222 1 2 0 2620 1310 1311
4223 1 2 0 2621 1311 1375
4224 1 2 0 2622 1311 1312
4225 1 2 0 2623 1312 1376
4226 1 2 0 2624 1312 1313
4227 1 2 0 2625 1313 1377
4228 1 2 0 2626 1313 1314
4229 1 2 0 2627 1314 1378
4230 1 2 0 2628 1314 1315
4231 1 2 0 2629 1315 1379
4232 1 2 0 2630 1315 1316
4233 1 2 0 2631 1316 1380
4234 1 2 0 2632 1316 1317
4235 1 2 0 2633 1317 1381
4236 1 2 0 2634 1317 1318
4237 1 2 0 2635 1318 1382
4238 1 2 0 2636 1318 1319
4239 1 2 0 2637 1319 1383
4240 1 2 0 2638 1319 1320
4241 1 2 0 2639 1320 1384
4242 1 2 0 2640 1320 1321
4243 1 2 0 2641 1321 1385
4244 1 2 0 2642 1321 1322
4245 1 2 0 2643 1322 1386
4246 1 2 0 2644 1322 1323
4247 1 2 0 2645 1323 1387
4248 1 2 0 2646 1323 1603
4249 1 2 0 2646 1603 1324
4250 1 2 0 2647 1324 1388
4251 1 2 0 2648 1324 1325
4252 1 2 0 2649 1325 1389
4253 1 2 0 2650 1325 1326
4254 1 2 0 2651 1326 1390
4255 1 2 0 2652 1326 1327
4256 1 2 0 2653 1327 1391
4257 1 2 0 2654 1327 1328
4258 1 2 0 2655 1328 1392
4259 1 2 0 2656 1328 1329
4260 1 2 0 2657 1329 1393
4261 1 2 0 2658 1329 1330
4262 1 2 0 2659 1330 1394
4263 1 2 0 2660 1330 1331
4264 1 2 0 2661 1331 1395
4265 1 2 0 2662 1331 1332
4266 1 2 0 2663 1332 1396
4267 1 2 0 2664 1332 1333
4268 1 2 0 2665 1333 1397
4269 1 2 0 2666 1333 1334
4270 1 2 0 2667 1334 1398
4271 1 2 0 2668 1334 1604
4272 1 2 0 2668 1604 1335
4273 1 2 0 2669 1335 1399
4274 1 2 0 2670 1335 1336
4275 1 2 0 2671 1336 1400
4276 1 2 0 2672 1336 1337
4277 1 2 0 2673 1337 1401
4278 1 2 0 2674 1337 1338
4279 1 2 0 2675 1338 1402
4280 1 2 0 2676 1338 1339
4281 1 2 0 2677 1339 1403
4282 1 2 0 2678 1339 1340
4283 1 2 0 2679 1340 1404
4284 1 2 0 2680 1340 1341
4285 1 2 0 2681 1341 1405
4286 1 2 0 2682 1341 1342
4287 1 2 0 2683 1342 1406
4288 1 2 0 2684 1342 1343
4289 1 2 0 2685 1343 1407
4290 1 2 0 2686 1343 1344
4291 1 2 0 2687 1344 1408
4292 1 2 0 2688 1344 1281
4293 1 2 0 2689 1345 1409
4294 1 2 0 2690 1345 1346
4295 1 2 0 2691 1346 1410
4296 1 2 0 2692 1346 1347
4297 1 2 0 2693 1347 1411
4298 1 2 0 2694 1347 1348
4299 1 2 0 2695 1348 1412
4300 1 2 0 2696 1348 1349
4301 1 2 0 2697 1349 1413
4302 1 2 0 2698 1349 1605
4303 1 2 0 2698 1605 1350
4304 1 2 0 2699 1350 1414
4305 1 2 0 2700 1350 1351
4306 1 2 0 2701 1351 1415
4307 1 2 0 2702 1351 1352
4308 1 2 0 2703 1352 1416
4309 1 2 0 2704 1352 1353
4310 1 2 0 2705 1353 1417
4311 1 2 0 2706 1353 1354
4312 1 2 0 2707 1354 1418
4313 1 2 0 2708 1354 1355
4314 1 2 0 2709 1355 1419
4315 1 2 0 2710 1355 1606
4316 1 2 0 2710 1606 1356
4317 1 2 0 2711 1356 1420
4318 1 2 0 2712 1356 1357
4319 1 2 0 2713 1357 1421
4320 1 2 0 2714 1357 1358
4321 1 2 0 2715 1358 1422
4322 1 2 0 2716 1358 1359
4323 1 2 0 2717 1359 1423
4324 1 2 0 2718 1359 1360
4325 1 2 0 2719 1360 1424
4326 1 2 0 2720 1360 1361
4327 1 2 0 2721 1361 1425
4328 1 2 0 2722 1361 1362
4329 1 2 0 2723 1362 1426
4330 1 2 0 2724 1362 1363
4331 1 2 0 2725 1363 1427
4332 1 2 0 2726 1363 1364
4333 1 2 0 2727 1364 1428
4334 1 2 0 2728 1364 1365
4335 1 2 0 2729 1365 1429
4336 1 2 0 2730 1365 1366
4337 1 2 0 2731 1366 1430
4338 1 2 0 2732 1366 1607
4339 1 2 0 2732 1607 1367
4340 1 2 0 2733 1367 1431
4341 1 2 0 2734 1367 1368
4342 1 2 0 2735 1368 1432
4343 1 2 0 2736 1368 1369
4344 1 2 0 2737 1369 1433
4345 1 2 0 2738 1369 1370
4346 1 2 0 2739 1370 1434
4347 1 2 0 2740 1370 1371
4348 1 2 0 2741 1371 1435
4349 1 2 0 2742 1371 1372
4350 1 2 0 2743 1372 1436
4351 1 2 0 2744 1372 1608
4352 1 2 0 2744 1608 1373
4353 1 2 0 2745 1373 1437
4354 1 2 0 2746 1373 1374
4355 1 2 0 2747 1374 1438
4356 1 2 0 2748 1374 1375
4357 1 2 0 2749 1375 1439
4358 1 2 0 2750 1375 1376
4359 1 2 0 2751 1376 1440
4360 1 2 0 2752 1376 1377
4361 1 2 0 2753 1377 1441
4362 1 2 0 2754 1377 1378
4363 1 2 0 2755 1378 1442
4364 1 2 0 2756 1378 1379
4365 1 2 0 2757 1379 1443
4366 1 2 0 2758 1379 1380
4367 1 2 0 2759 1380 1444
4368 1 2 0 2760 1380 1381
4369 1 2 0 2761 1381 1445
4370 1 2 0 2762 1381 1609
4371 1 2 0 2762 1609 1382
4372 1 2 0 2763 1382 1446
4373 1 2 0 2764 1382 1383
4374 1 2 0 2765 1383 1447
4375 1 2 0 2766 1383 1384
4376 1 2 0 2767 1384 1448
4377 1 2 0 2768 1384 1385
4378 1 2 0 2769 1385 1449
4379 1 2 0 2770 1385 1386
4380 1 2 0 2771 1386 1450
4381 1 2 0 2772 1386 1387
4382 1 2 0 2773 1387 1451
4383 1 2 0 2774 1387 1610
4384 1 2 0 2774 1610 1388
4385 1 2 0 2775 1388 1452
4386 1 2 0 2776 1388 1389
4387 1 2 0 2777 1389 1453
4388 1 2 0 2778 1389 1390
4389 1 2 0 2779 1390 1454
4390 1 2 0 2780 1390 1391
4391 1 2 0 2781 1391 1455
4392 1 2 0 2782 1391 1392
4393 1 2 0 2783 1392 1456
4394 1 2 0 2784 1392 1393
4395 1 2 0 2785 1393 1457
4396 1 2 0 2786 1393 1394
4397 1 2 0 2787 1394 1458
4398 1 2 0 2788 1394 1395
4399 1 2 0 2789 1395 1459
4400 1 2 0 2790 1395 1396
4401 1 2 0 2791 1396 1460
4402 1 2 0 2792 1396 1397
4403 1 2 0 2793 1397 1461
4404 1 2 0 2794 1397 1398
4405 1 2 0 2795 1398 1462
4406 1 2 0 2796 1398 1611
4407 1 2 0 2796 1611 1399
4408 1 2 0 2797 1399 1463
4409 1 2 0 2798 1399 1400
4410 1 2 0 2799 1400 1464
4411 1 2 0 2800 1400 1401
4412 1 2 0 2801 1401 1465
4413 1 2 0 2802 1401 1402
4414 1 2 0 2803 1402 1466
4415 1 2 0 2804 1402 1403
4416 1 2 0 2805 1403 1467
4417 1 2 0 2806 1403 1404
4418 1 2 0 2807 1404 1468
4419 1 2 0 2808 1404 1612
4420 1 2 0 2808 1612 1405
4421 1 2 0 2809 1405 1469
4422 1 2 0 2810 1405 1406
4423 1 2 0 2811 1406 1470
4424 1 2 0 2812 1406 1407
4425 1 2 0 2813 1407 1471
4426 1 2 0 2814 1407 1408
4427 1 2 0 2815 1408 1472
4428 1 2 0 2816 1408 1345
4429 1 2 0 2817 1409 1473
4430 1 2 0 2818 1409 1410
4431 1 2 0 2819 1410 1474
4432 1 2 0 2820 1410 1411
4433 1 2 0 2821 1411 1475
4434 1 2 0 2822 1411 1412
4435 1 2 0 2823 1412 1476
4436 1 2 0 2824 1412 1413
4437 1 2 0 2825 1413 1477
4438 1 2 0 2826 1413 1613
4439 1 2 0 2826 1613 1414
4440 1 2 0 2827 1414 1478
4441 1 2 0 2828 1414 1415
4442 1 2 0 2829 1415 1479
4443 1 2 0 2830 1415 1416
4444 1 2 0 2831 1416 1480
4445 1 2 0 2832 1416 1417
4446 1 2 0 2833 1417 1481
4447 1 2 0 2834 1417 1418
4448 1 2 0 2835 1418 1482
4449 1 2 0 2836 1418 1419
4450 1 2 0 2837 1419 1483
4451 1 2 0 2838 1419 1614
4452 1 2 0 2838 1614 1420
4453 1 2 0 2839 1420 1484
4454 1 2 0 2840 1420 1615
4455 1 2 0 2840 1615 1421
4456 1 2 0 2841 1421 1485
4457 1 2 0 2842 1421 1422
4458 1 2 0 2843 1422 1486
4459 1 2 0 2844 1422 1423
4460 1 2 0 2845 1423 1487
4461 1 2 0 2846 1423 1424
4462 1 2 0 2847 1424 1488
4463 1 2 0 2848 1424 1425
4464 1 2 0 2849 1425 1489
4465 1 2 0 2850 1425 1426
4466 1 2 0 2851 1426 1490
4467 1 2 0 2852 1426 1427
4468 1 2 0 2853 1427 1491
4469 1 2 0 2854 1427 1428
4470 1 2 0 2855 1428 1492
4471 1 2 0 2856 1428 1429
4472 1 2 0 2857 1429 1493
4473 1 2 0 2858 1429 1616
4474 1 2 0 2858 1616 1430
4475 1 2 0 2859 1430 1494
4476 1 2 0 2860 1430 1617
4477 1 2 0 2860 1617 1431
4478 1 2 0 2861 1431 1495
4479 1 2 0 2862 1431 1432
4480 1 2 0 2863 1432 1496
4481 1 2 0 2864 1432 1433
4482 1 2 0 2865 1433 1497
4483 1 2 0 2866 1433 1434
4484 1 2 0 2867 1434 1498
4485 1 2 0 2868 1434 1435
4486 1 2 0 2869 1435 1499
4487 1 2 0 2870 1435 1436
4488 1 2 0 2871 1436 1500
4489 1 2 0 2872 1436 1618
4490 1 2 0 2872 1618 1437
4491 1 2 0 2873 1437 1501
4492 1 2 0 2874 1437 1438
4493 1 2 0 2875 1438 1502
4494 1 2 0 2876 1438 1439
4495 1 2 0 2877 1439 1503
4496 1 2 0 2878 1439 1440
4497 1 2 0 2879 1440 1504
4498 1 2 0 2880 1440 1441
4499 1 2 0 2881 1441 1505
4500 1 2 0 2882 1441 1442
4501 1 2 0 2883 1442 1506
4502 1 2 0 2884 1442 1443
4503 1 2 0 2885 1443 1507
4504 1 2 0 2886 1443 1444
4505 1 2 0 2887 1444 1508
4506 1 2 0 2888 1444 1445
4507 1 2 0 2889 1445 1509
4508 1 2 0 2890 1445 1619
4509 1 2 0 2890 1619 1446
4510 1 2 0 2891 1446 1510
4511 1 2 0 2892 1446 1447
4512 1 2 0 2893 1447 1511
4513 1 2 0 2894 1447 1448
4514 1 2 0 2895 1448 1512
4515 1 2 0 2896 1448 1449
4516 1 2 0 2897 1449 1513
4517 1 2 0 2898 1449 1450
4518 1 2 0 2899 1450 1514
4519 1 2 0 2900 1450 1451
4520 1 2 0 2901 1451 1515
4521 1 2 0 2902 1451 1620
4522 1 2 0 2902 1620 1452
4523 1 2 0 2903 1452 1516
4524 1 2 0 2904 1452 1621
4525 1 2 0 2904 1621 1453
4526 1 2 0 2905 1453 1517
4527 1 2 0 2906 1453 1454
4528 1 2 0 2907 1454 1518
4529 1 2 0 2908 1454 1455
4530 1 2 0 2909 1455 1519
4531 1 2 0 2910 1455 1456
4532 1 2 0 2911 1456 1520
4533 1 2 0 2912 1456 1457
4534 1 2 0 2913 1457 1521
4535 1 2 0 2914 1457 1458
4536 1 2 0 2915 1458 1522
4537 1 2 0 2916 1458 1459
4538 1 2 0 2917 1459 1523
4539 1 2 0 2918 1459 1460
4540 1 2 0 2919 1460 1524
4541 1 2 0 2920 1460 1461
4542 1 2 0 2921 1461 1525
4543 1 2 0 2922 1461 1622
4544 1 2 0 2922 1622 1462
4545 1 2 0 2923 1462 1526
4546 1 2 0 2924 1462 1623
4547 1 2 0 2924 1623 1463
4548 1 2 0 2925 1463 1527
4549 1 2 0 2926 1463 1464
4550 1 2 0 2927 1464 1528
4551 1 2 0 2928 1464 1465
4552 1 2 0 2929 1465 1529
4553 1 2 0 2930 1465 1466
4554 1 2 0 2931 1466 1530
4555 1 2 0 2932 1466 1467
4556 1 2 0 2933 1467 1531
4557 1 2 0 2934 1467 1468
4558 1 2 0 2935 1468 1532
4559 1 2 0 2936 1468 1624
4560 1 2 0 2936 1624 1469
4561 1 2 0 2937 1469 1533
4562 1 2 0 2938 1469 1470
4563 1 2 0 2939 1470 1534
4564 1 2 0 2940 1470 1471
4565 1 2 0 2941 1471 1535
4566 1 2 0 2942 1471 1472
4567 1 2 0 2943 1472 1536
4568 1 2 0 2944 1472 1409
4569 1 2 0 2945 1473 1537
4570 1 2 0 2946 1473 1474
4571 1 2 0 2947 1474 1538
4572 1 2 0 2948 1474 1475
4573 1 2 0 2949 1475 1539
4574 1 2 0 2950 1475 1476
4575 1 2 0 2951 1476 1540
4576 1 2 0 2952 1476 1625
4577 1 2 0 2952 1625 1477
4578 1 2 0 2953 1477 1541
4579 1 2 0 2954 1477 1626
4580 1 2 0 2954 1626 1478
4581 1 2 0 2955 1478 1542
4582 1 2 0 2956 1478 1479
4583 1 2 0 2957 1479 1543
4584 1 2 0 2958 1479 1480
4585 1 2 0 2959 1480 1544
4586 1 2 0 2960 1480 1481
4587 1 2 0 2961 1481 1545
4588 1 2 0 2962 1481 1482
4589 1 2 0 2963 1482 1546
4590 1 2 0 2964 1482 1483
4591 1 2 0 2965 1483 1547
4592 1 2 0 2966 1483 1627
4593 1 2 0 2966 1627 1484
4594 1 2 0 2967 1484 1548
4595 1 2 0 2968 1484 1628
4596 1 2 0 2968 1628 1485
4597 1 2 0 2969 1485 1549
4598 1 2 0 2970 1485 1486
4599 1 2 0 2971 1486 1550
4600 1 2 0 2972 1486 1487
4601 1 2 0 2973 1487 1551
4602 1 2 0 2974 1487 1488
4603 1 2 0 2975 1488 1552
4604 1 2 0 2976 1488 1489
4605 1 2 0 2977 1489 1553
4606 1 2 0 2978 1489 1490
4607 1 2 0 2979 1490 1554
4608 1 2 0 2980 1490 1491
4609 1 2 0 2981 1491 1555
4610 1 2 0 2982 1491 1492
4611 1 2 0 2983 1492 1556
4612 1 2 0 2984 1492 1493
4613 1 2 0 2985 1493 1557
4614 1 2 0 2986 1493 1629
4615 1 2 0 2986 1629 1494
4616 1 2 0 2987 1494 1558
4617 1 2 0 2988 1494 1630
4618 1 2 0 2988 1630 1495
4619 1 2 0 2989 1495 1559
4620 1 2 0 2990 1495 1496
4621 1 2 0 2991 1496 1560
4622 1 2 0 2992 1496 1497
4623 1 2 0 2993 1497 1561
4624 1 2 0 2994 1497 1498
4625 1 2 0 2995 1498 1562
4626 1 2 0 2996 1498 1499
4627 1 2 0 2997 1499 1563
4628 1 2 0 2998 1499 1500
4629 1 2 0 2999 1500 1564
4630 1 2 0 3000 1500 1631
4631 1 2 0 3000 1631 1501
4632 1 2 0 3001 1501 1565
4633 1 2 0 3002 1501 1632
4634 1 2 0 3002 1632 1502
4635 1 2 0 3003 1502 1566
4636 1 2 0 3004 1502 1503
4637 1 2 0 3005 1503 1567
4638 1 2 0 3006 1503 1504
4639 1 2 0 3007 1504 1568
4640 1 2 0 3008 1504 1505
4641 1 2 0 3009 1505 1569
4642 1 2 0 3010 1505 1506
4643 1 2 0 3011 1506 1570
4644 1 2 0 3012 1506 1507
4645 1 2 0 3013 1507 1571
4646 1 2 0 3014 1507 1508
4647 1 2 0 3015 1508 1572
4648 1 2 0 3016 1508 1633
4649 1 2 0 3016 1633 1509
4650 1 2 0 3017 1509 1573
4651 1 2 0 3018 1509 1634
4652 1 2 0 3018 1634 1510
4653 1 2 0 3019 1510 1574
4654 1 2 0 3020 1510 1511
4655 1 2 0 3021 1511 1575
4656 1 2 0 3022 1511 1512
4657 1 2 0 3023 1512 1576
4658 1 2 0 3024 1512 1513
4659 1 2 0 3025 1513 1577
4660 1 2 0 3026 1513 1514
4661 1 2 0 3027 1514 1578
4662 1 2 0 3028 1514 1515
4663 1 2 0 3029 1515 1579
4664 1 2 0 3030 1515 1635
4665 1 2 0 3030 1635 1516
4666 1 2 0 3031 1516 1580
4667 1 2 0 3032 1516 1636
4668 1 2 0 3032 1636 1517
4669 1 2 0 3033 1517 1581
4670 1 2 0 3034 1517 1518
4671 1 2 0 3035 1518 1582
4672 1 2 0 3036 1518 1519
4673 1 2 0 3037 1519 1583
4674 1 2 0 3038 1519 1520
4675 1 2 0 3039 1520 1584
4676 1 2 0 3040 1520 1521
4677 1 2 0 3041 1521 1585
4678 1 2 0 3042 1521 1522
4679 1 2 0 3043 1522 1586
4680 1 2 0 3044 1522 1523
4681 1 2 0 3045 1523 1587
4682 1 2 0 3046 1523 1524
4683 1 2 0 3047 1524 1588
4684 1 2 0 3048 1524 1525
4685 1 2 0 3049 1525 1589
4686 1 2 0 3050 1525 1637
4687 1 2 0 3050 1637 1526
4688 1 2 0 3051 1526 1590
4689 1 2 0 3052 1526 1638
4690 1 2 0 3052 1638 1527
4691 1 2 0 3053 1527 1591
4692 1 2 0 3054 1527 1528
4693 1 2 0 3055 1528 1592
4694 1 2 0 3056 1528 1529
4695 1 2 0 3057 1529 1593
4696 1 2 0 3058 1529 1530
4697 1 2 0 3059 1530 1594
4698 1 2 0 3060 1530 1531
4699 1 2 0 3061 1531 1595
4700 1 2 0 3062 1531 1532
4701 1 2 0 3063 1532 1596
4702 1 2 0 3064 1532 1639
4703 1 2 0 3064 1639 1533
4704 1 2 0 3065 1533 1597
4705 1 2 0 3066 1533 1640
4706 1 2 0 3066 1640 1534
4707 1 2 0 3067 1534 1598
4708 1 2 0 3068 1534 1535
4709 1 2 0 3069 1535 1599
4710 1 2 0 3070 1535 1536
4711 1 2 0 3071 1536 1600
4712 1 2 0 3072 1536 1473
4713 1 2 0 3074 1537 1538
4714 1 2 0 3076 1538 1539
4715 1 2 0 3078 1539 1540
4716 1 2 0 3080 1540 1641
4717 1 2 0 3080 1641 1541
4718 1 2 0 3082 1541 1642
4719 1 2 0 3082 1642 1542
4720 1 2 0 3084 1542 1543
4721 1 2 0 3086 1543 1544
4722 1 2 0 3088 1544 1545
4723 1 2 0 3090 1545 1546
4724 1 2 0 3092 1546 1547
4725 1 2 0 3094 1547 1643
4726 1 2 0 3094 1643 1548
4727 1 2 0 3096 1548 1644
4728 1 2 0 3096 1644 1549
4729 1 2 0 3098 1549 1550
4730 1 2 0 3100 1550 1551
4731 1 2 0 3102 1551 1552
4732 1 2 0 3104 1552 1553
4733 1 2 0 3106 1553 1554
4734 1 2 0 3108 1554 1555
4735 1 2 0 3110 1555 1556
4736 1 2 0 3112 1556 1557
4737 1 2 0 3114 1557 1645
4738 1 2 0 3114 1645 1558
4739 1 2 0 3116 1558 1646
4740 1 2 0 3116 1646 1559
4741 1 2 0 3118 1559 1560
4742 1 2 0 3120 1560 1561
4743 1 2 0 3122 1561 1562
4744 1 2 0 3124 1562 1563
4745 1 2 0 3126 1563 1564
4746 1 2 0 3128 1564 1647
4747 1 2 0 3128 1647 1565
4748 1 2 0 3130 1565 1648
4749 1 2 0 3130 1648 1566
4750 1 2 0 3132 1566 1567
4751 1 2 0 3134 1567 1568
4752 1 2 0 3136 1568 1569
4753 1 2 0 3138 1569 1570
4754 1 2 0 3140 1570 1571
4755 1 2 0 3142 1571 1572
4756 1 2 0 3144 1572 1649
4757 1 2 0 3144 1649 1573
4758 1 2 0 3146 1573 1650
4759 1 2 0 3146 1650 1574
4760 1 2 0 3148 1574 1575
4761 1 2 0 3150 1575 1576
4762 1 2 0 3152 1576 1577
4763 1 2 0 3154 1577 1578
4764 1 2 0 3156 1578 1579
4765 1 2 0 3158 1579 1651
4766 1 2 0 3158 1651 1580
4767 1 2 0 3160 1580 1652
4768 1 2 0 3160 1652 1581
4769 1 2 0 3162 1581 1582
4770 1 2 0 3164 1582 1583
4771 1 2 0 3166 1583 1584
4772 1 2 0 3168 1584 1585
4773 1 2 0 3170 1585 1586
4774 1 2 0 3172 1586 1587
4775 1 2 0 3174 1587 1588
4776 1 2 0 3176 1588 1589
4777 1 2 0 3178 1589 1653
4778 1 2 0 3178 1653 1590
4779 1 2 0 3180 1590 1654
4780 1 2 0 3180 1654 1591
4781 1 2 0 3182 1591 1592
4782 1 2 0 3184 1592 1593
4783 1 2 0 3186 1593 1594
4784 1 2 0 3188 1594 1595
4785 1 2 0 3190 1595 1596
4786 1 2 0 3192 1596 1655
4787 1 2 0 3192 1655 1597
4788 1 2 0 3194 1597 1656
4789 1 2 0 3194 1656 1598
4790 1 2 0 3196 1598 1599
4791 1 2 0 3198 1599 1600
4792 1 2 0 3200 1600 1537
4793 2 2 0 62 2 1 1657
4794 2 2 0 62 65 66 1657
4795 2 2 0 62 1 65 1657
4796 2 2 0 62 66 2 1657
4797 2 2 0 63 3 2 1658
4798 2 2 0 63 66 67 1658
4799 2 2 0 63 2 66 1658
4800 2 2 0 63 67 3 1658
4801 2 2 0 64 4 3 1659
4802 2 2 0 64 67 68 1659
4803 2 2 0 64 3 67 1659
4804 2 2 0 64 68 4 1659
4805 2 2 0 65 5 4 1660
4806 2 2 0 65 68 69 1660
4807 2 2 0 65 4 68 1660
4808 2 2 0 65 69 5 1660
4809 2 2 0 66 6 5 1661
4810 2 2 0 66 69 70 1661
4811 2 2 0 66 5 69 1661
4812 2 2 0 66 70 6 1661
4813 2 2 0 67 7 6 70
4814 2 2 0 67 70 71 7
4815 2 2 0 68 8 7 71
4816 2 2 0 68 71 72 8
4817 2 2 0 69 9 8 72
4818 2 2 0 69 72 73 9
4819 2 2 0 70 73 74 10
4820 2 2 0 70 10 9 73
4821 2 2 0 71 11 10 74
4822 2 2 0 71 74 75 11
4823 2 2 0 72 12 11 1662
4824 2 2 0 72 75 76 1662
4825 2 2 0 72 11 75 1662
4826 2 2 0 72 76 12 1662
4827 2 2 0 73 13 12 1663
4828 2 2 0 73 76 77 1663
4829 2 2 0 73 12 76 1663
4830 2 2 0 73 77 13 1663
4831 2 2 0 74 14 13 1664
4832 2 2 0 74 77 78 1664
4833 2 2 0 74 13 77 1664
4834 2 2 0 74 78 14 1664
4835 2 2 0 75 15 14 1665
4836 2 2 0 75 78 79 1665
4837 2 2 0 75 14 78 1665
4838 2 2 0 75 79 15 1665
4839 2 2 0 76 16 15 1666
4840 2 2 0 76 79 80 1666
4841 2 2 0 76 15 79 1666
4842 2 2 0 76 80 16 1666
4843 2 2 0 77 17 16 1667
4844 2 2 0 77 80 81 1667
4845 2 2 0 77 16 80 1667
4846 2 2 0 77 81 17 1667
4847 2 2 0 78 18 17 1668
4848 2 2 0 78 81 82 1668
4849 2 2 0 78 17 81 1668
4850 2 2 0 78 82 18 1668
4851 2 2 0 79 19 18 1669
4852 2 2 0 79 82 83 1669
4853 2 2 0 79 18 82 1669
4854 2 2 0 79 83 19 1669
4855 2 2 0 80 20 19 1670
4856 2 2 0 80 83 84 1670
4857 2 2 0 80 19 83 1670
4858 2 2 0 80 84 20 1670
4859 2 2 0 81 21 20 1671
4860 2 2 0 81 84 85 1671
4861 2 2 0 81 20 84 1671
4862 2 2 0 81 85 21 1671
4863 2 2 0 82 22 21 1672
4864 2 2 0 82 85 86 1672
4865 2 2 0 82 21 85 1672
4866 2 2 0 82 86 22 1672
4867 2 2 0 83 23 22 1673
4868 2 2 0 83 86 87 1673
4869 2 2 0 83 22 86 1673
4870 2 2 0 83 87 23 1673
4871 2 2 0 84 88 24 23
4872 2 2 0 84 87 88 23
4873 2 2 0 85 88 89 24
4874 2 2 0 85 89 25 24
4875 2 2 0 86 90 26 25
4876 2 2 0 86 89 90 25
4877 2 2 0 87 91 27 26
4878 2 2 0 87 90 91 26
4879 2 2 0 88 92 28 27
4880 2 2 0 88 91 92 27
4881 2 2 0 89 29 28 1674
4882 2 2 0 89 92 93 1674
4883 2 2 0 89 28 92 1674
4884 2 2 0 89 93 29 1674
4885 2 2 0 90 30 29 1675
4886 2 2 0 90 93 94 1675
4887 2 2 0 90 29 93 1675
4888 2 2 0 90 94 30 1675
4889 2 2 0 91 31 30 1676
4890 2 2 0 91 94 95 1676
4891 2 2 0 91 30 94 1676
4892 2 2 0 91 95 31 1676
4893 2 2 0 92 32 31 1677
4894 2 2 0 92 95 96 1677
4895 2 2 0 92 31 95 1677
4896 2 2 0 92 96 32 1677
4897 2 2 0 93 33 32 1678
4898 2 2 0 93 96 97 1678
4899 2 2 0 93 32 96 1678
4900 2 2 0 93 97 33 1678
4901 2 2 0 94 34 33 1679
4902 2 2 0 94 97 98 1679
4903 2 2 0 94 33 97 1679
4904 2 2 0 94 98 34 1679
4905 2 2 0 95 35 34 1680
4906 2 2 0 95 98 99 1680
4907 2 2 0 95 34 98 1680
4908 2 2 0 95 99 35 1680
4909 2 2 0 96 36 35 1681
4910 2 2 0 96 99 100 1681
4911 2 2 0 96 35 99 1681
4912 2 2 0 96 100 36 1681
4913 2 2 0 97 37 36 1682
4914 2 2 0 97 100 101 1682
4915 2 2 0 97 36 100 1682
4916 2 2 0 97 101 37 1682
4917 2 2 0 98 38 37 1683
4918 2 2 0 98 101 102 1683
4919 2 2 0 98 37 101 1683
4920 2 2 0 98 102 38 1683
4921 2 2 0 99 102 39 38
4922 2 2 0 99 39 102 103
4923 2 2 0 100 103 40 39
4924 2 2 0 100 40 103 104
4925 2 2 0 101 104 41 40
4926 2 2 0 101 41 104 105
4927 2 2 0 102 42 105 106
4928 2 2 0 102 105 42 41
4929 2 2 0 103 106 43 42
4930 2 2 0 103 43 106 107
4931 2 2 0 104 44 43 1684
4932 2 2 0 104 107 108 1684
4933 2 2 0 104 43 107 1684
4934 2 2 0 104 108 44 1684
4935 2 2 0 105 45 44 1685
4936 2 2 0 105 108 109 1685
4937 2 2 0 105 44 108 1685
4938 2 2 0 105 109 45 1685
4939 2 2 0 106 46 45 1686
4940 2 2 0 106 109 110 1686
4941 2 2 0 106 45 109 1686
4942 2 2 0 106 110 46 1686
4943 2 2 0 107 47 46 1687
4944 2 2 0 107 110 111 1687
4945 2 2 0 107 46 110 1687
4946 2 2 0 107 111 47 1687
4947 2 2 0 108 48 47 1688
4948 2 2 0 108 111 112 1688
4949 2 2 0 108 47 111 1688
4950 2 2 0 108 112 48 1688
4951 2 2 0 109 49 48 1689
4952 2 2 0 109 112 113 1689
4953 2 2 0 109 48 112 1689
4954 2 2 0 109 113 49 1689
4955 2 2 0 110 50 49 1690
4956 2 2 0 110 113 114 1690
4957 2 2 0 110 49 113 1690
4958 2 2 0 110 114 50 1690
4959 2 2 0 111 51 50 1691
4960 2 2 0 111 114 115 1691
4961 2 2 0 111 50 114 1691
4962 2 2 0 111 115 51 1691
4963 2 2 0 112 52 51 1692
4964 2 2 0 112 115 116 1692
4965 2 2 0 112 51 115 1692
4966 2 2 0 112 116 52 1692
4967 2 2 0 113 53 52 1693
4968 2 2 0 113 116 117 1693
4969 2 2 0 113 52 116 1693
4970 2 2 0 113 117 53 1693
4971 2 2 0 114 54 53 1694
4972 2 2 0 114 117 118 1694
4973 2 2 0 114 53 117 1694
4974 2 2 0 114 118 54 1694
4975 2 2 0 115 55 54 1695
4976 2 2 0 115 118 119 1695
4977 2 2 0 115 54 118 1695
4978 2 2 0 115 119 55 1695
4979 2 2 0 116 56 55 120
4980 2 2 0 116 120 55 119
4981 2 2 0 117 121 56 120
4982 2 2 0 117 57 56 121
4983 2 2 0 118 58 57 122
4984 2 2 0 118 122 57 121
4985 2 2 0 119 59 58 123
4986 2 2 0 119 123 58 122
4987 2 2 0 120 60 59 124
4988 2 2 0 120 124 59 123
4989 2 2 0 121 61 60 1696
4990 2 2 0 121 124 125 1696
4991 2 2 0 121 60 124 1696
4992 2 2 0 121 125 61 1696
4993 2 2 0 122 62 61 1697
4994 2 2 0 122 125 126 1697
4995 2 2 0 122 61 125 1697
4996 2 2 0 122 126 62 1697
4997 2 2 0 123 63 62 1698
4998 2 2 0 123 126 127 1698
4999 2 2 0 123 62 126 1698
5000 2 2 0 123 127 63 1698
5001 2 2 0 124 64 63 1699
5002 2 2 0 124 127 128 1699
5003 2 2 0 124 63 127 1699
5004 2 2 0 124 128 64 1699
5005 2 2 0 125 1 64 1700
5006 2 2 0 125 128 65 1700
5007 2 2 0 125 65 1 1700
5008 2 2 0 125 64 128 1700
5009 2 2 0 126 129 66 65
5010 2 2 0 126 66 129 130
5011 2 2 0 127 130 67 66
5012 2 2 0 127 67 130 131
5013 2 2 0 128 131 68 67
5014 2 2 0 128 68 131 132
5015 2 2 0 129 132 69 68
5016 2 2 0 129 69 132 133
5017 2 2 0 130 133 70 69
5018 2 2 0 130 70 133 134
5019 2 2 0 131 71 134 135
5020 2 2 0 131 134 71 70
5021 2 2 0 132 135 72 71
5022 2 2 0 132 72 135 136
5023 2 2 0 133 136 73 72
5024 2 2 0 133 73 136 137
5025 2 2 0 134 137 74 73
5026 2 2 0 134 74 137 138
5027 2 2 0 135 138 75 74
5028 2 2 0 135 75 138 139
5029 2 2 0 136 140 76 75
5030 2 2 0 136 139 140 75
5031 2 2 0 137 141 77 76
5032 2 2 0 137 140 141 76
5033 2 2 0 138 142 78 77
5034 2 2 0 138 141 142 77
5035 2 2 0 139 143 79 78
5036 2 2 0 139 142 143 78
5037 2 2 0 140 144 80 79
5038 2 2 0 140 143 144 79
5039 2 2 0 141 145 81 80
5040 2 2 0 141 144 145 80
5041 2 2 0 142 145 82 81
5042 2 2 0 142 82 145 146
5043 2 2 0 143 146 83 82
5044 2 2 0 143 83 146 147
5045 2 2 0 144 147 84 83
5046 2 2 0 144 84 147 148
5047 2 2 0 145 148 85 84
5048 2 2 0 145 85 148 149
5049 2 2 0 146 149 86 85
5050 2 2 0 146 86 149 150
5051 2 2 0 147 150 87 86
5052 2 2 0 147 87 150 151
5053 2 2 0 148 152 88 87
5054 2 2 0 148 151 152 87
5055 2 2 0 149 153 89 88
5056 2 2 0 149 152 153 88
5057 2 2 0 150 154 90 89
5058 2 2 0 150 153 154 89
5059 2 2 0 151 155 91 90
5060 2 2 0 151 154 155 90
5061 2 2 0 152 155 156 91
5062 2 2 0 152 156 92 91
5063 2 2 0 153 157 93 92
5064 2 2 0 153 156 157 92
5065 2 2 0 154 158 94 93
5066 2 2 0 154 157 158 93
5067 2 2 0 155 159 95 94
5068 2 2 0 155 158 159 94
5069 2 2 0 156 160 96 95
5070 2 2 0 156 159 160 95
5071 2 2 0 157 161 97 96
5072 2 2 0 157 160 161 96
5073 2 2 0 158 161 98 97
5074 2 2 0 158 98 161 162
5075 2 2 0 159 162 99 98
5076 2 2 0 159 99 162 163
5077 2 2 0 160 163 100 99
5078 2 2 0 160 100 163 164
5079 2 2 0 161 164 101 100
5080 2 2 0 161 101 164 165
5081 2 2 0 162 165 102 101
5082 2 2 0 162 102 165 166
5083 2 2 0 163 103 166 167
5084 2 2 0 163 166 103 102
5085 2 2 0 164 167 104 103
5086 2 2 0 164 104 167 168
5087 2 2 0 165 168 105 104
5088 2 2 0 165 105 168 169
5089 2 2 0 166 169 106 105
5090 2 2 0 166 106 169 170
5091 2 2 0 167 170 107 106
5092 2 2 0 167 107 170 171
5093 2 2 0 168 172 108 107
5094 2 2 0 168 171 172 107
5095 2 2 0 169 173 109 108
5096 2 2 0 169 172 173 108
5097 2 2 0 170 174 110 109
5098 2 2 0 170 173 174 109
5099 2 2 0 171 175 111 110
5100 2 2 0 171 174 175 110
5101 2 2 0 172 176 112 111
5102 2 2 0 172 175 176 111
5103 2 2 0 173 177 113 112
5104 2 2 0 173 176 177 112
5105 2 2 0 174 177 114 113
5106 2 2 0 174 114 177 178
5107 2 2 0 175 178 115 114
5108 2 2 0 175 115 178 179
5109 2 2 0 176 179 116 115
5110 2 2 0 176 116 179 180
5111 2 2 0 177 180 117 116
5112 2 2 0 177 117 180 181
5113 2 2 0 178 181 118 117
5114 2 2 0 178 118 181 182
5115 2 2 0 179 182 119 118
5116 2 2 0 179 119 182 183
5117 2 2 0 180 184 120 119
5118 2 2 0 180 183 184 119
5119 2 2 0 181 185 121 120
5120 2 2 0 181 184 185 120
5121 2 2 0 182 186 122 121
5122 2 2 0 182 185 186 121
5123 2 2 0 183 187 123 122
5124 2 2 0 183 186 187 122
5125 2 2 0 184 187 188 123
5126 2 2 0 184 188 124 123
5127 2 2 0 185 189 125 124
5128 2 2 0 185 188 189 124
5129 2 2 0 186 190 126 125
5130 2 2 0 186 189 190 125
5131 2 2 0 187 191 127 126
5132 2 2 0 187 190 191 126
5133 2 2 0 188 192 128 127
5134 2 2 0 188 191 192 127
5135 2 2 0 189 129 65 128
5136 2 2 0 189 192 129 128
5137 2 2 0 190 193 130 129
5138 2 2 0 190 130 193 194
5139 2 2 0 191 194 131 130
5140 2 2 0 191 131 194 195
5141 2 2 0 192 195 132 131
5142 2 2 0 192 132 195 196
5143 2 2 0 193 196 133 132
5144 2 2 0 193 133 196 197
5145 2 2 0 194 197 134 133
5146 2 2 0 194 134 197 198
5147 2 2 0 195 198 135 134
5148 2 2 0 195 135 198 199
5149 2 2 0 196 199 136 135
5150 2 2 0 196 136 199 200
5151 2 2 0 197 200 137 136
5152 2 2 0 197 137 200 201
5153 2 2 0 198 201 138 137
5154 2 2 0 198 138 201 202
5155 2 2 0 199 202 139 138
5156 2 2 0 199 139 202 203
5157 2 2 0 200 204 140 139
5158 2 2 0 200 203 204 139
5159 2 2 0 201 205 141 140
5160 2 2 0 201 204 205 140
5161 2 2 0 202 206 142 141
5162 2 2 0 202 205 206 141
5163 2 2 0 203 207 143 142
5164 2 2 0 203 206 207 142
5165 2 2 0 204 208 144 143
5166 2 2 0 204 207 208 143
5167 2 2 0 205 209 145 144
5168 2 2 0 205 208 209 144
5169 2 2 0 206 209 146 145
5170 2 2 0 206 146 209 210
5171 2 2 0 207 210 147 146
5172 2 2 0 207 147 210 211
5173 2 2 0 208 211 148 147
5174 2 2 0 208 148 211 212
5175 2 2 0 209 212 149 148
5176 2 2 0 209 149 212 213
5177 2 2 0 210 213 150 149
5178 2 2 0 210 150 213 214
5179 2 2 0 211 214 151 150
5180 2 2 0 211 151 214 215
5181 2 2 0 212 216 152 151
5182 2 2 0 212 215 216 151
5183 2 2 0 213 217 153 152
5184 2 2 0 213 216 217 152
5185 2 2 0 214 218 154 153
5186 2 2 0 214 217 218 153
5187 2 2 0 215 219 155 154
5188 2 2 0 215 218 219 154
5189 2 2 0 216 220 156 155
5190 2 2 0 216 219 220 155
5191 2 2 0 217 221 157 156
5192 2 2 0 217 220 221 156
5193 2 2 0 218 222 158 157
5194 2 2 0 218 221 222 157
5195 2 2 0 219 223 159 158
5196 2 2 0 219 222 223 158
5197 2 2 0 220 224 160 159
5198 2 2 0 220 223 224 159
5199 2 2 0 221 225 161 160
5200 2 2 0 221 224 225 160
5201 2 2 0 222 225 162 161
5202 2 2 0 222 162 225 226
5203 2 2 0 223 226 163 162
5204 2 2 0 223 163 226 227
5205 2 2 0 224 227 164 163
5206 2 2 0 224 164 227 228
5207 2 2 0 225 228 165 164
5208 2 2 0 225 165 228 229
5209 2 2 0 226 229 166 165
5210 2 2 0 226 166 229 230
5211 2 2 0 227 230 167 166
5212 2 2 0 227 167 230 231
5213 2 2 0 228 231 168 167
5214 2 2 0 228 168 231 232
5215 2 2 0 229 232 169 168
5216 2 2 0 229 169 232 233
5217 2 2 0 230 233 170 169
5218 2 2 0 230 170 233 234
5219 2 2 0 231 234 171 170
5220 2 2 0 231 171 234 235
5221 2 2 0 232 236 172 171
5222 2 2 0 232 235 236 171
5223 2 2 0 233 237 173 172
5224 2 2 0 233 236 237 172
5225 2 2 0 234 238 174 173
5226 2 2 0 234 237 238 173
5227 2 2 0 235 239 175 174
5228 2 2 0 235 238 239 174
5229 2 2 0 236 240 176 175
5230 2 2 0 236 239 240 175
5231 2 2 0 237 241 177 176
5232 2 2 0 237 240 241 176
5233 2 2 0 238 241 178 177
5234 2 2 0 238 178 241 242
5235 2 2 0 239 242 179 178
5236 2 2 0 239 179 242 243
5237 2 2 0 240 243 180 179
5238 2 2 0 240 180 243 244
5239 2 2 0 241 244 181 180
5240 2 2 0 241 181 244 245
5241 2 2 0 242 245 182 181
5242 2 2 0 242 182 245 246
5243 2 2 0 243 246 183 182
5244 2 2 0 243 183 246 247
5245 2 2 0 244 248 184 183
5246 2 2 0 244 247 248 183
5247 2 2 0 245 249 185 184
5248 2 2 0 245 248 249 184
5249 2 2 0 246 250 186 185
5250 2 2 0 246 249 250 185
5251 2 2 0 247 251 187 186
5252 2 2 0 247 250 251 186
5253 2 2 0 248 252 188 187
5254 2 2 0 248 251 252 187
5255 2 2 0 249 253 189 188
5256 2 2 0 249 252 253 188
5257 2 2 0 250 254 190 189
5258 2 2 0 250 253 254 189
5259 2 2 0 251 255 191 190
5260 2 2 0 251 254 255 190
5261 2 2 0 252 256 192 191
5262 2 2 0 252 255 256 191
5263 2 2 0 253 193 129 192
5264 2 2 0 253 256 193 192
5265 2 2 0 254 257 194 193
5266 2 2 0 254 194 257 258
5267 2 2 0 255 258 195 194
5268 2 2 0 255 195 258 259
5269 2 2 0 256 259 196 195
5270 2 2 0 256 196 259 260
5271 2 2 0 257 260 197 196
5272 2 2 0 257 197 260 261
5273 2 2 0 258 261 198 197
5274 2 2 0 258 198 261 262
5275 2 2 0 259 262 199 198
5276 2 2 0 259 199 262 263
5277 2 2 0 260 263 200 199
5278 2 2 0 260 200 263 264
5279 2 2 0 261 264 201 200
5280 2 2 0 261 201 264 265
5281 2 2 0 262 265 202 201
5282 2 2 0 262 265 266 202
5283 2 2 0 263 266 203 202
5284 2 2 0 263 266 267 203
5285 2 2 0 264 268 204 203
5286 2 2 0 264 267 268 203
5287 2 2 0 265 269 205 204
5288 2 2 0 265 268 269 204
5289 2 2 0 266 270 206 205
5290 2 2 0 266 269 270 205
5291 2 2 0 267 271 207 206
5292 2 2 0 267 270 271 206
5293 2 2 0 268 272 208 207
5294 2 2 0 268 271 272 207
5295 2 2 0 269 273 209 208
5296 2 2 0 269 272 273 208
5297 2 2 0 270 273 210 209
5298 2 2 0 270 210 273 274
5299 2 2 0 271 274 211 210
5300 2 2 0 271 211 274 275
5301 2 2 0 272 275 212 211
5302 2 2 0 272 212 275 276
5303 2 2 0 273 276 213 212
5304 2 2 0 273 213 276 277
5305 2 2 0 274 277 214 213
5306 2 2 0 274 214 277 278
5307 2 2 0 275 278 215 214
5308 2 2 0 275 215 278 279
5309 2 2 0 276 215 280 216
5310 2 2 0 276 279 280 215
5311 2 2 0 277 216 281 217
5312 2 2 0 277 280 281 216
5313 2 2 0 278 282 218 217
5314 2 2 0 278 281 282 217
5315 2 2 0 279 283 219 218
5316 2 2 0 279 282 283 218
5317 2 2 0 280 284 220 219
5318 2 2 0 280 283 284 219
5319 2 2 0 281 285 221 220
5320 2 2 0 281 284 285 220
5321 2 2 0 282 286 222 221
5322 2 2 0 282 285 286 221
5323 2 2 0 283 287 223 222
5324 2 2 0 283 286 287 222
5325 2 2 0 284 288 224 223
5326 2 2 0 284 287 288 223
5327 2 2 0 285 289 225 224
5328 2 2 0 285 288 289 224
5329 2 2 0 286 289 226 225
5330 2 2 0 286 226 289 290
5331 2 2 0 287 290 227 226
5332 2 2 0 287 227 290 291
5333 2 2 0 288 291 228 227
5334 2 2 0 288 228 291 292
5335 2 2 0 289 292 229 228
5336 2 2 0 289 229 292 293
5337 2 2 0 290 293 230 229
5338 2 2 0 290 230 293 294
5339 2 2 0 291 294 231 230
5340 2 2 0 291 231 294 295
5341 2 2 0 292 295 232 231
5342 2 2 0 292 232 295 296
5343 2 2 0 293 296 233 232
5344 2 2 0 293 233 296 297
5345 2 2 0 294 297 234 233
5346 2 2 0 294 297 298 234
5347 2 2 0 295 298 235 234
5348 2 2 0 295 298 299 235
5349 2 2 0 296 300 236 235
5350 2 2 0 296 299 300 235
5351 2 2 0 297 301 237 236
5352 2 2 0 297 300 301 236
5353 2 2 0 298 302 238 237
5354 2 2 0 298 301 302 237
5355 2 2 0 299 303 239 238
5356 2 2 0 299 302 303 238
5357 2 2 0 300 304 240 239
5358 2 2 0 300 303 304 239
5359 2 2 0 301 305 241 240
5360 2 2 0 301 304 305 240
5361 2 2 0 302 305 242 241
5362 2 2 0 302 242 305 306
5363 2 2 0 303 306 243 242
5364 2 2 0 303 243 306 307
5365 2 2 0 304 307 244 243
5366 2 2 0 304 244 307 308
5367 2 2 0 305 308 245 244
5368 2 2 0 305 245 308 309
5369 2 2 0 306 309 246 245
5370 2 2 0 306 246 309 310
5371 2 2 0 307 310 247 246
5372 2 2 0 307 247 310 311
5373 2 2 0 308 247 312 248
5374 2 2 0 308 311 312 247
5375 2 2 0 309 248 313 249
5376 2 2 0 309 312 313 248
5377 2 2 0 310 314 250 249
5378 2 2 0 310 313 314 249
5379 2 2 0 311 315 251 250
5380 2 2 0 311 314 315 250
5381 2 2 0 312 316 252 251
5382 2 2 0 312 315 316 251
5383 2 2 0 313 317 253 252
5384 2 2 0 313 316 317 252
5385 2 2 0 314 318 254 253
5386 2 2 0 314 317 318 253
5387 2 2 0 315 319 255 254
5388 2 2 0 315 318 319 254
5389 2 2 0 316 320 256 255
5390 2 2 0 316 319 320 255
5391 2 2 0 317 257 193 256
5392 2 2 0 317 320 257 256
5393 2 2 0 318 321 258 257
5394 2 2 0 318 258 321 322
5395 2 2 0 319 322 259 258
5396 2 2 0 319 259 322 323
5397 2 2 0 320 323 260 259
5398 2 2 0 320 260 323 324
5399 2 2 0 321 324 261 260
5400 2 2 0 321 261 324 325
5401 2 2 0 322 325 262 261
5402 2 2 0 322 262 325 326
5403 2 2 0 323 326 263 262
5404 2 2 0 323 263 326 327
5405 2 2 0 324 327 264 263
5406 2 2 0 324 264 327 328
5407 2 2 0 325 328 265 264
5408 2 2 0 325 265 328 329
5409 2 2 0 326 329 266 265
5410 2 2 0 326 329 330 266
5411 2 2 0 327 330 267 266
5412 2 2 0 327 330 331 267
5413 2 2 0 328 332 268 267
5414 2 2 0 328 331 332 267
5415 2 2 0 329 333 269 268
5416 2 2 0 329 332 333 268
5417 2 2 0 330 334 270 269
5418 2 2 0 330 333 334 269
5419 2 2 0 331 335 271 270
5420 2 2 0 331 334 335 270
5421 2 2 0 332 336 272 271
5422 2 2 0 332 335 336 271
5423 2 2 0 333 337 273 272
5424 2 2 0 333 336 337 272
5425 2 2 0 334 337 274 273
5426 2 2 0 334 274 337 338
5427 2 2 0 335 338 275 274
5428 2 2 0 335 275 338 339
5429 2 2 0 336 339 276 275
5430 2 2 0 336 276 339 340
5431 2 2 0 337 340 277 276
5432 2 2 0 337 277 340 341
5433 2 2 0 338 341 278 277
5434 2 2 0 338 278 341 342
5435 2 2 0 339 342 279 278
5436 2 2 0 339 279 342 343
5437 2 2 0 340 279 344 280
5438 2 2 0 340 343 344 279
5439 2 2 0 341 280 345 281
5440 2 2 0 341 344 345 280
5441 2 2 0 342 346 282 281
5442 2 2 0 342 345 346 281
5443 2 2 0 343 347 283 282
5444 2 2 0 343 346 347 282
5445 2 2 0 344 348 284 283
5446 2 2 0 344 347 348 283
5447 2 2 0 345 349 285 284
5448 2 2 0 345 348 349 284
5449 2 2 0 346 350 286 285
5450 2 2 0 346 349 350 285
5451 2 2 0 347 351 287 286
5452 2 2 0 347 350 351 286
5453 2 2 0 348 352 288 287
5454 2 2 0 348 351 352 287
5455 2 2 0 349 353 289 288
5456 2 2 0 349 352 353 288
5457 2 2 0 350 353 290 289
5458 2 2 0 350 290 353 354
5459 2 2 0 351 354 291 290
5460 2 2 0 351 291 354 355
5461 2 2 0 352 355 292 291
5462 2 2 0 352 292 355 356
5463 2 2 0 353 356 293 292
5464 2 2 0 353 293 356 357
5465 2 2 0 354 357 294 293
5466 2 2 0 354 294 357 358
5467 2 2 0 355 358 295 294
5468 2 2 0 355 295 358 359
5469 2 2 0 356 359 296 295
5470 2 2 0 356 296 359 360
5471 2 2 0 357 360 297 296
5472 2 2 0 357 297 360 361
5473 2 2 0 358 361 298 297
5474 2 2 0 358 361 362 298
5475 2 2 0 359 362 299 298
5476 2 2 0 359 362 363 299
5477 2 2 0 360 364 300 299
5478 2 2 0 360 363 364 299
5479 2 2 0 361 365 301 300
5480 2 2 0 361 364 365 300
5481 2 2 0 362 366 302 301
5482 2 2 0 362 365 366 301
5483 2 2 0 363 367 303 302
5484 2 2 0 363 366 367 302
5485 2 2 0 364 368 304 303
5486 2 2 0 364 367 368 303
5487 2 2 0 365 369 305 304
5488 2 2 0 365 368 369 304
5489 2 2 0 366 369 306 305
5490 2 2 0 366 306 369 370
5491 2 2 0 367 370 307 306
5492 2 2 0 367 307 370 371
5493 2 2 0 368 371 308 307
5494 2 2 0 368 308 371 372
5495 2 2 0 369 372 309 308
5496 2 2 0 369 309 372 373
5497 2 2 0 370 373 310 309
5498 2 2 0 370 310 373 374
5499 2 2 0 371 374 311 310
5500 2 2 0 371 311 374 375
5501 2 2 0 372 311 376 312
5502 2 2 0 372 375 376 311
5503 2 2 0 373 312 377 313
5504 2 2 0 373 376 377 312
5505 2 2 0 374 378 314 313
5506 2 2 0 374 377 378 313
5507 2 2 0 375 379 315 314
5508 2 2 0 375 378 379 314
5509 2 2 0 376 380 316 315
5510 2 2 0 376 379 380 315
5511 2 2 0 377 381 317 316
5512 2 2 0 377 380 381 316
5513 2 2 0 378 382 318 317
5514 2 2 0 378 381 382 317
5515 2 2 0 379 383 319 318
5516 2 2 0 379 382 383 318
5517 2 2 0 380 384 320 319
5518 2 2 0 380 383 384 319
5519 2 2 0 381 321 257 320
5520 2 2 0 381 384 321 320
5521 2 2 0 382 385 322 321
5522 2 2 0 382 322 385 386
5523 2 2 0 383 386 323 322
5524 2 2 0 383 323 386 387
5525 2 2 0 384 387 324 323
5526 2 2 0 384 324 387 388
5527 2 2 0 385 388 325 324
5528 2 2 0 385 325 388 389
5529 2 2 0 386 389 326 325
5530 2 2 0 386 326 389 390
5531 2 2 0 387 390 327 326
5532 2 2 0 387 327 390 391
5533 2 2 0 388 391 328 327
5534 2 2 0 388 328 391 392
5535 2 2 0 389 392 329 328
5536 2 2 0 389 329 392 393
5537 2 2 0 390 393 330 329
5538 2 2 0 390 393 394 330
5539 2 2 0 391 394 331 330
5540 2 2 0 391 394 395 331
5541 2 2 0 392 396 332 331
5542 2 2 0 392 395 396 331
5543 2 2 0 393 397 333 332
5544 2 2 0 393 396 397 332
5545 2 2 0 394 398 334 333
5546 2 2 0 394 397 398 333
5547 2 2 0 395 399 335 334
5548 2 2 0 395 398 399 334
5549 2 2 0 396 400 336 335
5550 2 2 0 396 399 400 335
5551 2 2 0 397 401 337 336
5552 2 2 0 397 400 401 336
5553 2 2 0 398 401 338 337
5554 2 2 0 398 338 401 402
5555 2 2 0 399 402 339 338
5556 2 2 0 399 339 402 403
5557 2 2 0 400 403 340 339
5558 2 2 0 400 340 403 404
5559 2 2 0 401 404 341 340
5560 2 2 0 401 341 404 405
5561 2 2 0 402 405 342 341
5562 2 2 0 402 342 405 406
5563 2 2 0 403 406 343 342
5564 2 2 0 403 343 406 407
5565 2 2 0 404 343 408 344
5566 2 2 0 404 407 408 343
5567 2 2 0 405 344 409 345
5568 2 2 0 405 408 409 344
5569 2 2 0 406 410 346 345
5570 2 2 0 406 409 410 345
5571 2 2 0 407 411 347 346
5572 2 2 0 407 410 411 346
5573 2 2 0 408 412 348 347
5574 2 2 0 408 411 412 347
5575 2 2 0 409 413 349 348
5576 2 2 0 409 412 413 348
5577 2 2 0 410 414 350 349
5578 2 2 0 410 413 414 349
5579 2 2 0 411 415 351 350
5580 2 2 0 411 414 415 350
5581 2 2 0 412 416 352 351
5582 2 2 0 412 415 416 351
5583 2 2 0 413 417 353 352
5584 2 2 0 413 416 417 352
5585 2 2 0 414 417 354 353
5586 2 2 0 414 354 417 418
5587 2 2 0 415 418 355 354
5588 2 2 0 415 355 418 419
5589 2 2 0 416 419 356 355
5590 2 2 0 416 356 419 420
5591 2 2 0 417 420 357 356
5592 2 2 0 417 357 420 421
5593 2 2 0 418 421 358 357
5594 2 2 0 418 358 421 422
5595 2 2 0 419 422 359 358
5596 2 2 0 419 359 422 423
5597 2 2 0 420 423 360 359
5598 2 2 0 420 360 423 424
5599 2 2 0 421 424 361 360
5600 2 2 0 421 361 424 425
5601 2 2 0 422 425 362 361
5602 2 2 0 422 425 426 362
5603 2 2 0 423 426 363 362
5604 2 2 0 423 426 427 363
5605 2 2 0 424 428 364 363
5606 2 2 0 424 427 428 363
5607 2 2 0 425 429 365 364
5608 2 2 0 425 428 429 364
5609 2 2 0 426 430 366 365
5610 2 2 0 426 429 430 365
5611 2 2 0 427 431 367 366
5612 2 2 0 427 430 431 366
5613 2 2 0 428 432 368 367
5614 2 2 0 428 431 432 367
5615 2 2 0 429 433 369 368
5616 2 2 0 429 432 433 368
5617 2 2 0 430 433 370 369
5618 2 2 0 430 370 433 434
5619 2 2 0 431 434 371 370
5620 2 2 0 431 371 434 435
5621 2 2 0 432 435 372 371
5622 2 2 0 432 372 435 436
5623 2 2 0 433 436 373 372
5624 2 2 0 433 373 436 437
5625 2 2 0 434 437 374 373
5626 2 2 0 434 374 437 438
5627 2 2 0 435 438 375 374
5628 2 2 0 435 375 438 439
5629 2 2 0 436 375 440 376
5630 2 2 0 436 439 440 375
5631 2 2 0 437 376 441 377
5632 2 2 0 437 440 441 376
5633 2 2 0 438 442 378 377
5634 2 2 0 438 441 442 377
5635 2 2 0 439 443 379 378
5636 2 2 0 439 442 443 378
5637 2 2 0 440 444 380 379
5638 2 2 0 440 443 444 379
5639 2 2 0 441 445 381 380
5640 2 2 0 441 444 445 380
5641 2 2 0 442 446 382 381
5642 2 2 0 442 445 446 381
5643 2 2 0 443 447 383 382
5644 2 2 0 443 446 447 382
5645 2 2 0 444 448 384 383
5646 2 2 0 444 447 448 383
5647 2 2 0 445 385 321 384
5648 2 2 0 445 448 385 384
5649 2 2 0 446 449 386 385
5650 2 2 0 446 386 449 450
5651 2 2 0 447 450 387 386
5652 2 2 0 447 387 450 451
5653 2 2 0 448 451 388 387
5654 2 2 0 448 388 451 452
5655 2 2 0 449 452 389 388
5656 2 2 0 449 389 452 453
5657 2 2 0 450 453 390 389
5658 2 2 0 450 390 453 454
5659 2 2 0 451 454 391 390
5660 2 2 0 451 454 455 391
5661 2 2 0 452 455 392 391
5662 2 2 0 452 392 455 456
5663 2 2 0 453 456 393 392
5664 2 2 0 453 393 456 457
5665 2 2 0 454 457 394 393
5666 2 2 0 454 457 458 394
5667 2 2 0 455 458 395 394
5668 2 2 0 455 458 459 395
5669 2 2 0 456 460 396 395
5670 2 2 0 456 459 460 395
5671 2 2 0 457 461 397 396
5672 2 2 0 457 460 461 396
5673 2 2 0 458 462 398 397
5674 2 2 0 458 461 462 397
5675 2 2 0 459 463 399 398
5676 2 2 0 459 462 463 398
5677 2 2 0 460 464 400 399
5678 2 2 0 460 463 464 399
5679 2 2 0 461 465 401 400
5680 2 2 0 461 464 465 400
5681 2 2 0 462 465 402 401
5682 2 2 0 462 402 465 466
5683 2 2 0 463 466 403 402
5684 2 2 0 463 403 466 467
5685 2 2 0 464 467 404 403
5686 2 2 0 464 404 467 468
5687 2 2 0 465 468 405 404
5688 2 2 0 465 405 468 469
5689 2 2 0 466 469 406 405
5690 2 2 0 466 406 469 470
5691 2 2 0 467 470 407 406
5692 2 2 0 467 407 470 471
5693 2 2 0 468 407 472 408
5694 2 2 0 468 471 472 407
5695 2 2 0 469 408 473 409
5696 2 2 0 469 472 473 408
5697 2 2 0 470 474 410 409
5698 2 2 0 470 473 474 409
5699 2 2 0 471 475 411 410
5700 2 2 0 471 474 475 410
5701 2 2 0 472 476 412 411
5702 2 2 0 472 475 476 411
5703 2 2 0 473 477 413 412
5704 2 2 0 473 476 477 412
5705 2 2 0 474 478 414 413
5706 2 2 0 474 477 478 413
5707 2 2 0 475 479 415 414
5708 2 2 0 475 478 479 414
5709 2 2 0 476 480 416 415
5710 2 2 0 476 479 480 415
5711 2 2 0 477 481 417 416
5712 2 2 0 477 480 481 416
5713 2 2 0 478 481 418 417
5714 2 2 0 478 418 481 482
5715 2 2 0 479 482 419 418
5716 2 2 0 479 419 482 483
5717 2 2 0 480 483 420 419
5718 2 2 0 480 420 483 484
5719 2 2 0 481 484 421 420
5720 2 2 0 481 421 484 485
5721 2 2 0 482 485 422 421
5722 2 2 0 482 422 485 486
5723 2 2 0 483 486 423 422
5724 2 2 0 483 486 487 423
5725 2 2 0 484 487 424 423
5726 2 2 0 484 424 487 488
5727 2 2 0 485 488 425 424
5728 2 2 0 485 425 488 489
5729 2 2 0 486 489 426 425
5730 2 2 0 486 489 490 426
5731 2 2 0 487 490 427 426
5732 2 2 0 487 490 491 427
5733 2 2 0 488 492 428 427
5734 2 2 0 488 491 492 427
5735 2 2 0 489 493 429 428
5736 2 2 0 489 492 493 428
5737 2 2 0 490 494 430 429
5738 2 2 0 490 493 494 429
5739 2 2 0 491 495 431 430
5740 2 2 0 491 494 495 430
5741 2 2 0 492 496 432 431
5742 2 2 0 492 495 496 431
5743 2 2 0 493 497 433 432
5744 2 2 0 493 496 497 432
5745 2 2 0 494 497 434 433
5746 2 2 0 494 434 497 498
5747 2 2 0 495 498 435 434
5748 2 2 0 495 435 498 499
5749 2 2 0 496 499 436 435
5750 2 2 0 496 436 499 500
5751 2 2 0 497 500 437 436
5752 2 2 0 497 437 500 501
5753 2 2 0 498 501 438 437
5754 2 2 0 498 438 501 502
5755 2 2 0 499 502 439 438
5756 2 2 0 499 439 502 503
5757 2 2 0 500 439 504 440
5758 2 2 0 500 503 504 439
5759 2 2 0 501 440 505 441
5760 2 2 0 501 504 505 440
5761 2 2 0 502 506 442 441
5762 2 2 0 502 505 506 441
5763 2 2 0 503 507 443 442
5764 2 2 0 503 506 507 442
5765 2 2 0 504 508 444 443
5766 2 2 0 504 507 508 443
5767 2 2 0 505 509 445 444
5768 2 2 0 505 508 509 444
5769 2 2 0 506 510 446 445
5770 2 2 0 506 509 510 445
5771 2 2 0 507 511 447 446
5772 2 2 0 507 510 511 446
5773 2 2 0 508 512 448 447
5774 2 2 0 508 511 512 447
5775 2 2 0 509 449 385 448
5776 2 2 0 509 512 449 448
5777 2 2 0 510 513 450 449
5778 2 2 0 510 450 513 514
5779 2 2 0 511 514 451 450
5780 2 2 0 511 451 514 515
5781 2 2 0 512 515 452 451
5782 2 2 0 512 452 515 516
5783 2 2 0 513 516 453 452
5784 2 2 0 513 453 516 517
5785 2 2 0 514 517 454 453
5786 2 2 0 514 454 517 518
5787 2 2 0 515 518 455 454
5788 2 2 0 515 518 519 455
5789 2 2 0 516 519 456 455
5790 2 2 0 516 519 520 456
5791 2 2 0 517 520 457 456
5792 2 2 0 517 457 520 521
5793 2 2 0 518 521 458 457
5794 2 2 0 518 521 522 458
5795 2 2 0 519 522 459 458
5796 2 2 0 519 522 523 459
5797 2 2 0 520 524 460 459
5798 2 2 0 520 523 524 459
5799 2 2 0 521 525 461 460
5800 2 2 0 521 524 525 460
5801 2 2 0 522 526 462 461
5802 2 2 0 522 525 526 461
5803 2 2 0 523 527 463 462
5804 2 2 0 523 526 527 462
5805 2 2 0 524 528 464 463
5806 2 2 0 524 527 528 463
5807 2 2 0 525 529 465 464
5808 2 2 0 525 528 529 464
5809 2 2 0 526 529 466 465
5810 2 2 0 526 466 529 530
5811 2 2 0 527 530 467 466
5812 2 2 0 527 467 530 531
5813 2 2 0 528 531 468 467
5814 2 2 0 528 468 531 532
5815 2 2 0 529 532 469 468
5816 2 2 0 529 469 532 533
5817 2 2 0 530 533 470 469
5818 2 2 0 530 470 533 534
5819 2 2 0 531 534 471 470
5820 2 2 0 531 471 534 535
5821 2 2 0 532 471 536 472
5822 2 2 0 532 535 536 471
5823 2 2 0 533 472 537 473
5824 2 2 0 533 536 537 472
5825 2 2 0 534 538 474 473
5826 2 2 0 534 537 538 473
5827 2 2 0 535 474 539 475
5828 2 2 0 535 538 539 474
5829 2 2 0 536 475 540 476
5830 2 2 0 536 539 540 475
5831 2 2 0 537 541 477 476
5832 2 2 0 537 540 541 476
5833 2 2 0 538 542 478 477
5834 2 2 0 538 541 542 477
5835 2 2 0 539 543 479 478
5836 2 2 0 539 542 543 478
5837 2 2 0 540 544 480 479
5838 2 2 0 540 543 544 479
5839 2 2 0 541 545 481 480
5840 2 2 0 541 544 545 480
5841 2 2 0 542 545 482 481
5842 2 2 0 542 482 545 546
5843 2 2 0 543 546 483 482
5844 2 2 0 543 483 546 547
5845 2 2 0 544 547 484 483
5846 2 2 0 544 484 547 548
5847 2 2 0 545 548 485 484
5848 2 2 0 545 485 548 549
5849 2 2 0 546 549 486 485
5850 2 2 0 546 486 549 550
5851 2 2 0 547 550 487 486
5852 2 2 0 547 550 551 487
5853 2 2 0 548 551 488 487
5854 2 2 0 548 551 552 488
5855 2 2 0 549 552 489 488
5856 2 2 0 549 489 552 553
5857 2 2 0 550 553 490 489
5858 2 2 0 550 553 554 490
5859 2 2 0 551 554 491 490
5860 2 2 0 551 554 555 491
5861 2 2 0 552 556 492 491
5862 2 2 0 552 555 556 491
5863 2 2 0 553 557 493 492
5864 2 2 0 553 556 557 492
5865 2 2 0 554 558 494 493
5866 2 2 0 554 557 558 493
5867 2 2 0 555 559 495 494
5868 2 2 0 555 558 559 494
5869 2 2 0 556 560 496 495
5870 2 2 0 556 559 560 495
5871 2 2 0 557 561 497 496
5872 2 2 0 557 560 561 496
5873 2 2 0 558 561 498 497
5874 2 2 0 558 498 561 562
5875 2 2 0 559 562 499 498
5876 2 2 0 559 499 562 563
5877 2 2 0 560 563 500 499
5878 2 2 0 560 500 563 564
5879 2 2 0 561 564 501 500
5880 2 2 0 561 501 564 565
5881 2 2 0 562 565 502 501
5882 2 2 0 562 502 565 566
5883 2 2 0 563 566 503 502
5884 2 2 0 563 503 566 567
5885 2 2 0 564 503 568 504
5886 2 2 0 564 567 568 503
5887 2 2 0 565 504 569 505
5888 2 2 0 565 568 569 504
5889 2 2 0 566 570 506 505
5890 2 2 0 566 569 570 505
5891 2 2 0 567 506 571 507
5892 2 2 0 567 570 571 506
5893 2 2 0 568 507 572 508
5894 2 2 0 568 571 572 507
5895 2 2 0 569 573 509 508
5896 2 2 0 569 572 573 508
5897 2 2 0 570 574 510 509
5898 2 2 0 570 573 574 509
5899 2 2 0 571 575 511 510
5900 2 2 0 571 574 575 510
5901 2 2 0 572 576 512 511
5902 2 2 0 572 575 576 511
5903 2 2 0 573 513 449 512
5904 2 2 0 573 576 513 512
5905 2 2 0 574 577 514 513
5906 2 2 0 574 514 577 578
5907 2 2 0 575 578 515 514
5908 2 2 0 575 515 578 579
5909 2 2 0 576 579 516 515
5910 2 2 0 576 516 579 580
5911 2 2 0 577 580 517 516
5912 2 2 0 577 517 580 581
5913 2 2 0 578 581 518 517
5914 2 2 0 578 518 581 582
5915 2 2 0 579 582 519 518
5916 2 2 0 579 582 583 519
5917 2 2 0 580 583 520 519
5918 2 2 0 580 583 584 520
5919 2 2 0 581 584 521 520
5920 2 2 0 581 584 585 521
5921 2 2 0 582 585 522 521
5922 2 2 0 582 585 586 522
5923 2 2 0 583 586 523 522
5924 2 2 0 583 586 587 523
5925 2 2 0 584 588 524 523
5926 2 2 0 584 587 588 523
5927 2 2 0 585 589 525 524
5928 2 2 0 585 588 589 524
5929 2 2 0 586 590 526 525
5930 2 2 0 586 589 590 525
5931 2 2 0 587 591 527 526
5932 2 2 0 587 590 591 526
5933 2 2 0 588 592 528 527
5934 2 2 0 588 591 592 527
5935 2 2 0 589 593 529 528
5936 2 2 0 589 592 593 528
5937 2 2 0 590 593 530 529
5938 2 2 0 590 530 593 594
5939 2 2 0 591 594 531 530
5940 2 2 0 591 531 594 595
5941 2 2 0 592 595 532 531
5942 2 2 0 592 532 595 596
5943 2 2 0 593 596 533 532
5944 2 2 0 593 533 596 597
5945 2 2 0 594 597 534 533
5946 2 2 0 594 534 597 598
5947 2 2 0 595 598 535 534
5948 2 2 0 595 535 598 599
5949 2 2 0 596 535 600 536
5950 2 2 0 596 599 600 535
5951 2 2 0 597 536 601 537
5952 2 2 0 597 600 601 536
5953 2 2 0 598 602 538 537
5954 2 2 0 598 601 602 537
5955 2 2 0 599 538 603 539
5956 2 2 0 599 602 603 538
5957 2 2 0 600 539 604 540
5958 2 2 0 600 603 604 539
5959 2 2 0 601 605 541 540
5960 2 2 0 601 604 605 540
5961 2 2 0 602 606 542 541
5962 2 2 0 602 605 606 541
5963 2 2 0 603 607 543 542
5964 2 2 0 603 606 607 542
5965 2 2 0 604 608 544 543
5966 2 2 0 604 607 608 543
5967 2 2 0 605 609 545 544
5968 2 2 0 605 608 609 544
5969 2 2 0 606 609 546 545
5970 2 2 0 606 546 609 610
5971 2 2 0 607 610 547 546
5972 2 2 0 607 547 610 611
5973 2 2 0 608 611 548 547
5974 2 2 0 608 548 611 612
5975 2 2 0 609 612 549 548
5976 2 2 0 609 549 612 613
5977 2 2 0 610 613 550 549
5978 2 2 0 610 550 613 614
5979 2 2 0 611 614 551 550
5980 2 2 0 611 614 615 551
5981 2 2 0 612 615 552 551
5982 2 2 0 612 615 616 552
5983 2 2 0 613 616 553 552
5984 2 2 0 613 616 617 553
5985 2 2 0 614 617 554 553
5986 2 2 0 614 617 618 554
5987 2 2 0 615 618 555 554
5988 2 2 0 615 618 619 555
5989 2 2 0 616 620 556 555
5990 2 2 0 616 619 620 555
5991 2 2 0 617 621 557 556
5992 2 2 0 617 620 621 556
5993 2 2 0 618 622 558 557
5994 2 2 0 618 621 622 557
5995 2 2 0 619 623 559 558
5996 2 2 0 619 622 623 558
5997 2 2 0 620 624 560 559
5998 2 2 0 620 623 624 559
5999 2 2 0 621 625 561 560
6000 2 2 0 621 624 625 560
6001 2 2 0 622 625 562 561
6002 2 2 0 622 562 625 626
6003 2 2 0 623 626 563 562
6004 2 2 0 623 563 626 627
6005 2 2 0 624 627 564 563
6006 2 2 0 624 564 627 628
6007 2 2 0 625 628 565 564
6008 2 2 0 625 565 628 629
6009 2 2 0 626 629 566 565
6010 2 2 0 626 566 629 630
6011 2 2 0 627 630 567 566
6012 2 2 0 627 567 630 631
6013 2 2 0 628 567 632 568
6014 2 2 0 628 631 632 567
6015 2 2 0 629 568 633 569
6016 2 2 0 629 632 633 568
6017 2 2 0 630 634 570 569
6018 2 2 0 630 633 634 569
6019 2 2 0 631 570 635 571
6020 2 2 0 631 634 635 570
6021 2 2 0 632 571 636 572
6022 2 2 0 632 635 636 571
6023 2 2 0 633 637 573 572
6024 2 2 0 633 636 637 572
6025 2 2 0 634 638 574 573
6026 2 2 0 634 637 638 573
6027 2 2 0 635 639 575 574
6028 2 2 0 635 638 639 574
6029 2 2 0 636 640 576 575
6030 2 2 0 636 639 640 575
6031 2 2 0 637 577 513 576
6032 2 2 0 637 640 577 576
6033 2 2 0 638 641 578 577
6034 2 2 0 638 578 641 642
6035 2 2 0 639 642 579 578
6036 2 2 0 639 579 642 643
6037 2 2 0 640 643 580 579
6038 2 2 0 640 580 643 644
6039 2 2 0 641 644 581 580
6040 2 2 0 641 581 644 645
6041 2 2 0 642 645 582 581
6042 2 2 0 642 582 645 646
6043 2 2 0 643 646 583 582
6044 2 2 0 643 646 647 583
6045 2 2 0 644 647 584 583
6046 2 2 0 644 647 648 584
6047 2 2 0 645 648 585 584
6048 2 2 0 645 648 649 585
6049 2 2 0 646 649 586 585
6050 2 2 0 646 649 650 586
6051 2 2 0 647 650 587 586
6052 2 2 0 647 650 651 587
6053 2 2 0 648 652 588 587
6054 2 2 0 648 651 652 587
6055 2 2 0 649 653 589 588
6056 2 2 0 649 652 653 588
6057 2 2 0 650 654 590 589
6058 2 2 0 650 653 654 589
6059 2 2 0 651 655 591 590
6060 2 2 0 651 654 655 590
6061 2 2 0 652 656 592 591
6062 2 2 0 652 655 656 591
6063 2 2 0 653 657 593 592
6064 2 2 0 653 656 657 592
6065 2 2 0 654 657 594 593
6066 2 2 0 654 594 657 658
6067 2 2 0 655 658 595 594
6068 2 2 0 655 595 658 659
6069 2 2 0 656 659 596 595
6070 2 2 0 656 596 659 660
6071 2 2 0 657 660 597 596
6072 2 2 0 657 597 660 661
6073 2 2 0 658 661 598 597
6074 2 2 0 658 598 661 662
6075 2 2 0 659 662 599 598
6076 2 2 0 659 599 662 663
6077 2 2 0 660 599 664 600
6078 2 2 0 660 663 664 599
6079 2 2 0 661 600 665 601
6080 2 2 0 661 664 665 600
6081 2 2 0 662 601 666 602
6082 2 2 0 662 665 666 601
6083 2 2 0 663 602 667 603
6084 2 2 0 663 666 667 602
6085 2 2 0 664 603 668 604
6086 2 2 0 664 667 668 603
6087 2 2 0 665 669 605 604
6088 2 2 0 665 668 669 604
6089 2 2 0 666 670 606 605
6090 2 2 0 666 669 670 605
6091 2 2 0 667 671 607 606
6092 2 2 0 667 670 671 606
6093 2 2 0 668 672 608 607
6094 2 2 0 668 671 672 607
6095 2 2 0 669 673 609 608
6096 2 2 0 669 672 673 608
6097 2 2 0 670 673 610 609
6098 2 2 0 670 610 673 674
6099 2 2 0 671 674 611 610
6100 2 2 0 671 611 674 675
6101 2 2 0 672 675 612 611
6102 2 2 0 672 612 675 676
6103 2 2 0 673 676 613 612
6104 2 2 0 673 613 676 677
6105 2 2 0 674 677 614 613
6106 2 2 0 674 614 677 678
6107 2 2 0 675 678 615 614
6108 2 2 0 675 678 679 615
6109 2 2 0 676 679 616 615
6110 2 2 0 676 679 680 616
6111 2 2 0 677 680 617 616
6112 2 2 0 677 680 681 617
6113 2 2 0 678 681 618 617
6114 2 2 0 678 681 682 618
6115 2 2 0 679 682 619 618
6116 2 2 0 679 682 683 619
6117 2 2 0 680 684 620 619
6118 2 2 0 680 683 684 619
6119 2 2 0 681 685 621 620
6120 2 2 0 681 684 685 620
6121 2 2 0 682 686 622 621
6122 2 2 0 682 685 686 621
6123 2 2 0 683 687 623 622
6124 2 2 0 683 686 687 622
6125 2 2 0 684 688 624 623
6126 2 2 0 684 687 688 623
6127 2 2 0 685 689 625 624
6128 2 2 0 685 688 689 624
6129 2 2 0 686 689 626 625
6130 2 2 0 686 626 689 690
6131 2 2 0 687 690 627 626
6132 2 2 0 687 627 690 691
6133 2 2 0 688 691 628 627
6134 2 2 0 688 628 691 692
6135 2 2 0 689 692 629 628
6136 2 2 0 689 629 692 693
6137 2 2 0 690 693 630 629
6138 2 2 0 690 630 693 694
6139 2 2 0 691 694 631 630
6140 2 2 0 691 631 694 695
6141 2 2 0 692 631 696 632
6142 2 2 0 692 695 696 631
6143 2 2 0 693 632 697 633
6144 2 2 0 693 696 697 632
6145 2 2 0 694 633 698 634
6146 2 2 0 694 697 698 633
6147 2 2 0 695 634 699 635
6148 2 2 0 695 698 699 634
6149 2 2 0 696 635 700 636
6150 2 2 0 696 699 700 635
6151 2 2 0 697 701 637 636
6152 2 2 0 697 700 701 636
6153 2 2 0 698 702 638 637
6154 2 2 0 698 701 702 637
6155 2 2 0 699 703 639 638
6156 2 2 0 699 702 703 638
6157 2 2 0 700 704 640 639
6158 2 2 0 700 703 704 639
6159 2 2 0 701 641 577 640
6160 2 2 0 701 704 641 640
6161 2 2 0 702 705 642 641
6162 2 2 0 702 642 705 706
6163 2 2 0 703 706 643 642
6164 2 2 0 703 643 706 707
6165 2 2 0 704 707 644 643
6166 2 2 0 704 644 707 708
6167 2 2 0 705 708 645 644
6168 2 2 0 705 645 708 709
6169 2 2 0 706 709 646 645
6170 2 2 0 706 646 709 710
6171 2 2 0 707 710 647 646
6172 2 2 0 707 710 711 647
6173 2 2 0 708 711 648 647
6174 2 2 0 708 711 712 648
6175 2 2 0 709 712 649 648
6176 2 2 0 709 712 713 649
6177 2 2 0 710 713 650 649
6178 2 2 0 710 713 714 650
6179 2 2 0 711 714 651 650
6180 2 2 0 711 714 715 651
6181 2 2 0 712 716 652 651
6182 2 2 0 712 715 716 651
6183 2 2 0 713 717 653 652
6184 2 2 0 713 716 717 652
6185 2 2 0 714 718 654 653
6186 2 2 0 714 717 718 653
6187 2 2 0 715 719 655 654
6188 2 2 0 715 718 719 654
6189 2 2 0 716 720 656 655
6190 2 2 0 716 719 720 655
6191 2 2 0 717 721 657 656
6192 2 2 0 717 720 721 656
6193 2 2 0 718 721 658 657
6194 2 2 0 718 658 721 722
6195 2 2 0 719 722 659 658
6196 2 2 0 719 659 722 723
6197 2 2 0 720 723 660 659
6198 2 2 0 720 660 723 724
6199 2 2 0 721 724 661 660
6200 2 2 0 721 661 724 725
6201 2 2 0 722 725 662 661
6202 2 2 0 722 662 725 726
6203 2 2 0 723 726 663 662
6204 2 2 0 723 663 726 727
6205 2 2 0 724 663 728 664
6206 2 2 0 724 727 728 663
6207 2 2 0 725 664 729 665
6208 2 2 0 725 728 729 664
6209 2 2 0 726 665 730 666
6210 2 2 0 726 729 730 665
6211 2 2 0 727 666 731 667
6212 2 2 0 727 730 731 666
6213 2 2 0 728 667 732 668
6214 2 2 0 728 731 732 667
6215 2 2 0 729 733 669 668
6216 2 2 0 729 732 733 668
6217 2 2 0 730 734 670 669
6218 2 2 0 730 733 734 669
6219 2 2 0 731 735 671 670
6220 2 2 0 731 734 735 670
6221 2 2 0 732 736 672 671
6222 2 2 0 732 735 736 671
6223 2 2 0 733 737 673 672
6224 2 2 0 733 736 737 672
6225 2 2 0 734 737 674 673
6226 2 2 0 734 674 737 738
6227 2 2 0 735 738 675 674
6228 2 2 0 735 675 738 739
6229 2 2 0 736 739 676 675
6230 2 2 0 736 676 739 740
6231 2 2 0 737 740 677 676
6232 2 2 0 737 677 740 741
6233 2 2 0 738 741 678 677
6234 2 2 0 738 678 741 742
6235 2 2 0 739 742 679 678
6236 2 2 0 739 742 743 679
6237 2 2 0 740 743 680 679
6238 2 2 0 740 743 744 680
6239 2 2 0 741 744 681 680
6240 2 2 0 741 744 745 681
6241 2 2 0 742 745 682 681
6242 2 2 0 742 745 746 682
6243 2 2 0 743 746 683 682
6244 2 2 0 743 746 747 683
6245 2 2 0 744 748 684 683
6246 2 2 0 744 747 748 683
6247 2 2 0 745 749 685 684
6248 2 2 0 745 748 749 684
6249 2 2 0 746 750 686 685
6250 2 2 0 746 749 750 685
6251 2 2 0 747 751 687 686
6252 2 2 0 747 750 751 686
6253 2 2 0 748 752 688 687
6254 2 2 0 748 751 752 687
6255 2 2 0 749 753 689 688
6256 2 2 0 749 752 753 688
6257 2 2 0 750 753 690 689
6258 2 2 0 750 690 753 754
6259 2 2 0 751 754 691 690
6260 2 2 0 751 691 754 755
6261 2 2 0 752 755 692 691
6262 2 2 0 752 692 755 756
6263 2 2 0 753 756 693 692
6264 2 2 0 753 693 756 757
6265 2 2 0 754 757 694 693
6266 2 2 0 754 694 757 758
6267 2 2 0 755 758 695 694
6268 2 2 0 755 695 758 759
6269 2 2 0 756 695 760 696
6270 2 2 0 756 759 760 695
6271 2 2 0 757 696 761 697
6272 2 2 0 757 760 761 696
6273 2 2 0 758 697 762 698
6274 2 2 0 758 761 762 697
6275 2 2 0 759 698 763 699
6276 2 2 0 759 762 763 698
6277 2 2 0 760 699 764 700
6278 2 2 0 760 763 764 699
6279 2 2 0 761 765 701 700
6280 2 2 0 761 764 765 700
6281 2 2 0 762 766 702 701
6282 2 2 0 762 765 766 701
6283 2 2 0 763 767 703 702
6284 2 2 0 763 766 767 702
6285 2 2 0 764 768 704 703
6286 2 2 0 764 767 768 703
6287 2 2 0 765 705 641 704
6288 2 2 0 765 768 705 704
6289 2 2 0 766 769 706 705
6290 2 2 0 766 706 769 770
6291 2 2 0 767 770 707 706
6292 2 2 0 767 707 770 771
6293 2 2 0 768 771 708 707
6294 2 2 0 768 708 771 772
6295 2 2 0 769 772 709 708
6296 2 2 0 769 709 772 773
6297 2 2 0 770 773 710 709
6298 2 2 0 770 710 773 774
6299 2 2 0 771 774 711 710
6300 2 2 0 771 774 775 711
6301 2 2 0 772 775 712 711
6302 2 2 0 772 775 776 712
6303 2 2 0 773 776 713 712
6304 2 2 0 773 776 777 713
6305 2 2 0 774 777 714 713
6306 2 2 0 774 777 778 714
6307 2 2 0 775 778 715 714
6308 2 2 0 775 778 779 715
6309 2 2 0 776 780 716 715
6310 2 2 0 776 779 780 715
6311 2 2 0 777 781 717 716
6312 2 2 0 777 780 781 716
6313 2 2 0 778 782 718 717
6314 2 2 0 778 781 782 717
6315 2 2 0 779 783 719 718
6316 2 2 0 779 782 783 718
6317 2 2 0 780 784 720 719
6318 2 2 0 780 783 784 719
6319 2 2 0 781 785 721 720
6320 2 2 0 781 784 785 720
6321 2 2 0 782 785 722 721
6322 2 2 0 782 722 785 786
6323 2 2 0 783 786 723 722
6324 2 2 0 783 723 786 787
6325 2 2 0 784 787 724 723
6326 2 2 0 784 724 787 788
6327 2 2 0 785 788 725 724
6328 2 2 0 785 725 788 789
6329 2 2 0 786 789 726 725
6330 2 2 0 786 726 789 790
6331 2 2 0 787 790 727 726
6332 2 2 0 787 727 790 791
6333 2 2 0 788 727 792 728
6334 2 2 0 788 791 792 727
6335 2 2 0 789 728 793 729
6336 2 2 0 789 792 793 728
6337 2 2 0 790 729 794 730
6338 2 2 0 790 793 794 729
6339 2 2 0 791 730 795 731
6340 2 2 0 791 794 795 730
6341 2 2 0 792 731 796 732
6342 2 2 0 792 795 796 731
6343 2 2 0 793 797 733 732
6344 2 2 0 793 796 797 732
6345 2 2 0 794 798 734 733
6346 2 2 0 794 797 798 733
6347 2 2 0 795 799 735 734
6348 2 2 0 795 798 799 734
6349 2 2 0 796 800 736 735
6350 2 2 0 796 799 800 735
6351 2 2 0 797 801 737 736
6352 2 2 0 797 800 801 736
6353 2 2 0 798 801 738 737
6354 2 2 0 798 738 801 802
6355 2 2 0 799 802 739 738
6356 2 2 0 799 739 802 803
6357 2 2 0 800 803 740 739
6358 2 2 0 800 740 803 804
6359 2 2 0 801 804 741 740
6360 2 2 0 801 741 804 805
6361 2 2 0 802 805 742 741
6362 2 2 0 802 742 805 806
6363 2 2 0 803 806 743 742
6364 2 2 0 803 806 807 743
6365 2 2 0 804 807 744 743
6366 2 2 0 804 807 808 744
6367 2 2 0 805 808 745 744
6368 2 2 0 805 808 809 745
6369 2 2 0 806 809 746 745
6370 2 2 0 806 809 810 746
6371 2 2 0 807 810 747 746
6372 2 2 0 807 810 811 747
6373 2 2 0 808 812 748 747
6374 2 2 0 808 811 812 747
6375 2 2 0 809 813 749 748
6376 2 2 0 809 812 813 748
6377 2 2 0 810 814 750 749
6378 2 2 0 810 813 814 749
6379 2 2 0 811 815 751 750
6380 2 2 0 811 814 815 750
6381 2 2 0 812 816 752 751
6382 2 2 0 812 815 816 751
6383 2 2 0 813 817 753 752
6384 2 2 0 813 816 817 752
6385 2 2 0 814 817 754 753
6386 2 2 0 814 754 817 818
6387 2 2 0 815 818 755 754
6388 2 2 0 815 755 818 819
6389 2 2 0 816 819 756 755
6390 2 2 0 816 756 819 820
6391 2 2 0 817 820 757 756
6392 2 2 0 817 757 820 821
6393 2 2 0 818 821 758 757
6394 2 2 0 818 758 821 822
6395 2 2 0 819 822 759 758
6396 2 2 0 819 759 822 823
6397 2 2 0 820 759 824 760
6398 2 2 0 820 823 824 759
6399 2 2 0 821 760 825 761
6400 2 2 0 821 824 825 760
6401 2 2 0 822 761 826 762
6402 2 2 0 822 825 826 761
6403 2 2 0 823 762 827 763
6404 2 2 0 823 826 827 762
6405 2 2 0 824 763 828 764
6406 2 2 0 824 827 828 763
6407 2 2 0 825 829 765 764
6408 2 2 0 825 828 829 764
6409 2 2 0 826 830 766 765
6410 2 2 0 826 829 830 765
6411 2 2 0 827 831 767 766
6412 2 2 0 827 830 831 766
6413 2 2 0 828 832 768 767
6414 2 2 0 828 831 832 767
6415 2 2 0 829 769 705 768
6416 2 2 0 829 832 769 768
6417 2 2 0 830 833 770 769
6418 2 2 0 830 770 833 834
6419 2 2 0 831 834 771 770
6420 2 2 0 831 771 834 835
6421 2 2 0 832 835 772 771
6422 2 2 0 832 772 835 836
6423 2 2 0 833 836 773 772
6424 2 2 0 833 773 836 837
6425 2 2 0 834 837 774 773
6426 2 2 0 834 774 837 838
6427 2 2 0 835 838 775 774
6428 2 2 0 835 838 839 775
6429 2 2 0 836 839 776 775
6430 2 2 0 836 839 840 776
6431 2 2 0 837 840 777 776
6432 2 2 0 837 840 841 777
6433 2 2 0 838 841 778 777
6434 2 2 0 838 841 842 778
6435 2 2 0 839 842 779 778
6436 2 2 0 839 842 843 779
6437 2 2 0 840 844 780 779
6438 2 2 0 840 843 844 779
6439 2 2 0 841 845 781 780
6440 2 2 0 841 844 845 780
6441 2 2 0 842 846 782 781
6442 2 2 0 842 845 846 781
6443 2 2 0 843 847 783 782
6444 2 2 0 843 846 847 782
6445 2 2 0 844 848 784 783
6446 2 2 0 844 847 848 783
6447 2 2 0 845 849 785 784
6448 2 2 0 845 848 849 784
6449 2 2 0 846 849 786 785
6450 2 2 0 846 786 849 850
6451 2 2 0 847 850 787 786
6452 2 2 0 847 787 850 851
6453 2 2 0 848 851 788 787
6454 2 2 0 848 788 851 852
6455 2 2 0 849 852 789 788
6456 2 2 0 849 789 852 853
6457 2 2 0 850 853 790 789
6458 2 2 0 850 790 853 854
6459 2 2 0 851 854 791 790
6460 2 2 0 851 791 854 855
6461 2 2 0 852 791 856 792
6462 2 2 0 852 855 856 791
6463 2 2 0 853 792 857 793
6464 2 2 0 853 856 857 792
6465 2 2 0 854 793 858 794
6466 2 2 0 854 857 858 793
6467 2 2 0 855 794 859 795
6468 2 2 0 855 858 859 794
6469 2 2 0 856 795 860 796
6470 2 2 0 856 859 860 795
6471 2 2 0 857 861 797 796
6472 2 2 0 857 860 861 796
6473 2 2 0 858 862 798 797
6474 2 2 0 858 861 862 797
6475 2 2 0 859 863 799 798
6476 2 2 0 859 862 863 798
6477 2 2 0 860 864 800 799
6478 2 2 0 860 863 864 799
6479 2 2 0 861 865 801 800
6480 2 2 0 861 864 865 800
6481 2 2 0 862 865 802 801
6482 2 2 0 862 802 865 866
6483 2 2 0 863 866 803 802
6484 2 2 0 863 803 866 867
6485 2 2 0 864 867 804 803
6486 2 2 0 864 804 867 868
6487 2 2 0 865 868 805 804
6488 2 2 0 865 805 868 869
6489 2 2 0 866 869 806 805
6490 2 2 0 866 806 869 870
6491 2 2 0 867 870 807 806
6492 2 2 0 867 870 871 807
6493 2 2 0 868 871 808 807
6494 2 2 0 868 871 872 808
6495 2 2 0 869 872 809 808
6496 2 2 0 869 872 873 809
6497 2 2 0 870 873 810 809
6498 2 2 0 870 873 874 810
6499 2 2 0 871 874 811 810
6500 2 2 0 871 874 875 811
6501 2 2 0 872 876 812 811
6502 2 2 0 872 875 876 811
6503 2 2 0 873 877 813 812
6504 2 2 0 873 876 877 812
6505 2 2 0 874 878 814 813
6506 2 2 0 874 877 878 813
6507 2 2 0 875 879 815 814
6508 2 2 0 875 878 879 814
6509 2 2 0 876 880 816 815
6510 2 2 0 876 879 880 815
6511 2 2 0 877 881 817 816
6512 2 2 0 877 880 881 816
6513 2 2 0 878 881 818 817
6514 2 2 0 878 818 881 882
6515 2 2 0 879 882 819 818
6516 2 2 0 879 819 882 883
6517 2 2 0 880 883 820 819
6518 2 2 0 880 820 883 884
6519 2 2 0 881 884 821 820
6520 2 2 0 881 821 884 885
6521 2 2 0 882 885 822 821
6522 2 2 0 882 822 885 886
6523 2 2 0 883 886 823 822
6524 2 2 0 883 823 886 887
6525 2 2 0 884 823 888 824
6526 2 2 0 884 887 888 823
6527 2 2 0 885 824 889 825
6528 2 2 0 885 888 889 824
6529 2 2 0 886 825 890 826
6530 2 2 0 886 889 890 825
6531 2 2 0 887 826 891 827
6532 2 2 0 887 890 891 826
6533 2 2 0 888 827 892 828
6534 2 2 0 888 891 892 827
6535 2 2 0 889 893 829 828
6536 2 2 0 889 892 893 828
6537 2 2 0 890 894 830 829
6538 2 2 0 890 893 894 829
6539 2 2 0 891 895 831 830
6540 2 2 0 891 894 895 830
6541 2 2 0 892 896 832 831
6542 2 2 0 892 895 896 831
6543 2 2 0 893 833 769 832
6544 2 2 0 893 896 833 832
6545 2 2 0 894 897 834 833
6546 2 2 0 894 834 897 898
6547 2 2 0 895 898 835 834
6548 2 2 0 895 835 898 899
6549 2 2 0 896 899 836 835
6550 2 2 0 896 836 899 900
6551 2 2 0 897 900 837 836
6552 2 2 0 897 837 900 901
6553 2 2 0 898 901 838 837
6554 2 2 0 898 838 901 902
6555 2 2 0 899 902 839 838
6556 2 2 0 899 902 903 839
6557 2 2 0 900 903 840 839
6558 2 2 0 900 903 904 840
6559 2 2 0 901 904 841 840
6560 2 2 0 901 904 905 841
6561 2 2 0 902 905 842 841
6562 2 2 0 902 905 906 842
6563 2 2 0 903 906 843 842
6564 2 2 0 903 906 907 843
6565 2 2 0 904 908 844 843
6566 2 2 0 904 907 908 843
6567 2 2 0 905 909 845 844
6568 2 2 0 905 908 909 844
6569 2 2 0 906 910 846 845
6570 2 2 0 906 909 910 845
6571 2 2 0 907 911 847 846
6572 2 2 0 907 910 911 846
6573 2 2 0 908 912 848 847
6574 2 2 0 908 911 912 847
6575 2 2 0 909 913 849 848
6576 2 2 0 909 912 913 848
6577 2 2 0 910 913 850 849
6578 2 2 0 910 850 913 914
6579 2 2 0 911 914 851 850
6580 2 2 0 911 851 914 915
6581 2 2 0 912 915 852 851
6582 2 2 0 912 852 915 916
6583 2 2 0 913 916 853 852
6584 2 2 0 913 853 916 917
6585 2 2 0 914 917 854 853
6586 2 2 0 914 854 917 918
6587 2 2 0 915 918 855 854
6588 2 2 0 915 855 918 919
6589 2 2 0 916 855 920 856
6590 2 2 0 916 919 920 855
6591 2 2 0 917 856 921 857
6592 2 2 0 917 920 921 856
6593 2 2 0 918 857 922 858
6594 2 2 0 918 921 922 857
6595 2 2 0 919 858 923 859
6596 2 2 0 919 922 923 858
6597 2 2 0 920 859 924 860
6598 2 2 0 920 923 924 859
6599 2 2 0 921 925 861 860
6600 2 2 0 921 924 925 860
6601 2 2 0 922 926 862 861
6602 2 2 0 922 925 926 861
6603 2 2 0 923 927 863 862
6604 2 2 0 923 926 927 862
6605 2 2 0 924 928 864 863
6606 2 2 0 924 927 928 863
6607 2 2 0 925 929 865 864
6608 2 2 0 925 928 929 864
6609 2 2 0 926 929 866 865
6610 2 2 0 926 866 929 930
6611 2 2 0 927 930 867 866
6612 2 2 0 927 867 930 931
6613 2 2 0 928 931 868 867
6614 2 2 0 928 868 931 932
6615 2 2 0 929 932 869 868
6616 2 2 0 929 869 932 933
6617 2 2 0 930 933 870 869
6618 2 2 0 930 870 933 934
6619 2 2 0 931 934 871 870
6620 2 2 0 931 934 935 871
6621 2 2 0 932 935 872 871
6622 2 2 0 932 935 936 872
6623 2 2 0 933 936 873 872
6624 2 2 0 933 936 937 873
6625 2 2 0 934 937 874 873
6626 2 2 0 934 937 938 874
6627 2 2 0 935 938 875 874
6628 2 2 0 935 938 939 875
6629 2 2 0 936 940 876 875
6630 2 2 0 936 939 940 875
6631 2 2 0 937 941 877 876
6632 2 2 0 937 940 941 876
6633 2 2 0 938 942 878 877
6634 2 2 0 938 941 942 877
6635 2 2 0 939 943 879 878
6636 2 2 0 939 942 943 878
6637 2 2 0 940 944 880 879
6638 2 2 0 940 943 944 879
6639 2 2 0 941 945 881 880
6640 2 2 0 941 944 945 880
6641 2 2 0 942 945 882 881
6642 2 2 0 942 882 945 946
6643 2 2 0 943 946 883 882
6644 2 2 0 943 883 946 947
6645 2 2 0 944 947 884 883
6646 2 2 0 944 884 947 948
6647 2 2 0 945 948 885 884
6648 2 2 0 945 885 948 949
6649 2 2 0 946 949 886 885
6650 2 2 0 946 886 949 950
6651 2 2 0 947 950 887 886
6652 2 2 0 947 887 950 951
6653 2 2 0 948 887 952 888
6654 2 2 0 948 951 952 887
6655 2 2 0 949 888 953 889
6656 2 2 0 949 952 953 888
6657 2 2 0 950 889 954 890
6658 2 2 0 950 953 954 889
6659 2 2 0 951 890 955 891
6660 2 2 0 951 954 955 890
6661 2 2 0 952 891 956 892
6662 2 2 0 952 955 956 891
6663 2 2 0 953 957 893 892
6664 2 2 0 953 956 957 892
6665 2 2 0 954 958 894 893
6666 2 2 0 954 957 958 893
6667 2 2 0 955 959 895 894
6668 2 2 0 955 958 959 894
6669 2 2 0 956 960 896 895
6670 2 2 0 956 959 960 895
6671 2 2 0 957 897 833 896
6672 2 2 0 957 960 897 896
6673 2 2 0 958 898 897 1701
6674 2 2 0 958 961 962 1701
6675 2 2 0 958 897 961 1701
6676 2 2 0 958 962 898 1701
6677 2 2 0 959 962 899 898
6678 2 2 0 959 899 962 963
6679 2 2 0 960 963 900 899
6680 2 2 0 960 900 963 964
6681 2 2 0 961 964 901 900
6682 2 2 0 961 901 964 965
6683 2 2 0 962 965 902 901
6684 2 2 0 962 902 965 966
6685 2 2 0 963 966 903 902
6686 2 2 0 963 966 967 903
6687 2 2 0 964 967 904 903
6688 2 2 0 964 967 968 904
6689 2 2 0 965 968 905 904
6690 2 2 0 965 968 969 905
6691 2 2 0 966 969 906 905
6692 2 2 0 966 969 970 906
6693 2 2 0 967 970 907 906
6694 2 2 0 967 970 971 907
6695 2 2 0 968 972 908 907
6696 2 2 0 968 971 972 907
6697 2 2 0 969 973 909 908
6698 2 2 0 969 972 973 908
6699 2 2 0 970 974 910 909
6700 2 2 0 970 973 974 909
6701 2 2 0 971 975 911 910
6702 2 2 0 971 974 975 910
6703 2 2 0 972 976 912 911
6704 2 2 0 972 975 976 911
6705 2 2 0 973 977 913 912
6706 2 2 0 973 976 977 912
6707 2 2 0 974 977 914 913
6708 2 2 0 974 914 977 978
6709 2 2 0 975 978 915 914
6710 2 2 0 975 915 978 979
6711 2 2 0 976 979 916 915
6712 2 2 0 976 916 979 980
6713 2 2 0 977 980 917 916
6714 2 2 0 977 917 980 981
6715 2 2 0 978 981 918 917
6716 2 2 0 978 918 981 982
6717 2 2 0 979 982 919 918
6718 2 2 0 979 919 982 983
6719 2 2 0 980 919 984 920
6720 2 2 0 980 983 984 919
6721 2 2 0 981 920 985 921
6722 2 2 0 981 984 985 920
6723 2 2 0 982 921 986 922
6724 2 2 0 982 985 986 921
6725 2 2 0 983 922 987 923
6726 2 2 0 983 986 987 922
6727 2 2 0 984 923 988 924
6728 2 2 0 984 987 988 923
6729 2 2 0 985 989 925 924
6730 2 2 0 985 988 989 924
6731 2 2 0 986 990 926 925
6732 2 2 0 986 989 990 925
6733 2 2 0 987 991 927 926
6734 2 2 0 987 990 991 926
6735 2 2 0 988 992 928 927
6736 2 2 0 988 991 992 927
6737 2 2 0 989 929 928 1702
6738 2 2 0 989 992 993 1702
6739 2 2 0 989 928 992 1702
6740 2 2 0 989 993 929 1702
6741 2 2 0 990 930 929 1703
6742 2 2 0 990 993 994 1703
6743 2 2 0 990 929 993 1703
6744 2 2 0 990 994 930 1703
6745 2 2 0 991 994 931 930
6746 2 2 0 991 931 994 995
6747 2 2 0 992 995 932 931
6748 2 2 0 992 932 995 996
6749 2 2 0 993 996 933 932
6750 2 2 0 993 933 996 997
6751 2 2 0 994 997 934 933
6752 2 2 0 994 934 997 998
6753 2 2 0 995 998 935 934
6754 2 2 0 995 998 999 935
6755 2 2 0 996 999 936 935
6756 2 2 0 996 999 1000 936
6757 2 2 0 997 1000 937 936
6758 2 2 0 997 1000 1001 937
6759 2 2 0 998 1001 938 937
6760 2 2 0 998 1001 1002 938
6761 2 2 0 999 1002 939 938
6762 2 2 0 999 1002 1003 939
6763 2 2 0 1000 1004 940 939
6764 2 2 0 1000 1003 1004 939
6765 2 2 0 1001 1005 941 940
6766 2 2 0 1001 1004 1005 940
6767 2 2 0 1002 1006 942 941
6768 2 2 0 1002 1005 1006 941
6769 2 2 0 1003 1007 943 942
6770 2 2 0 1003 1006 1007 942
6771 2 2 0 1004 1008 944 943
6772 2 2 0 1004 1007 1008 943
6773 2 2 0 1005 1009 945 944
6774 2 2 0 1005 1008 1009 944
6775 2 2 0 1006 1009 946 945
6776 2 2 0 1006 946 1009 1010
6777 2 2 0 1007 1010 947 946
6778 2 2 0 1007 947 1010 1011
6779 2 2 0 1008 1011 948 947
6780 2 2 0 1008 948 1011 1012
6781 2 2 0 1009 1012 949 948
6782 2 2 0 1009 949 1012 1013
6783 2 2 0 1010 1013 950 949
6784 2 2 0 1010 950 1013 1014
6785 2 2 0 1011 1014 951 950
6786 2 2 0 1011 951 1014 1015
6787 2 2 0 1012 951 1016 952
6788 2 2 0 1012 1015 1016 951
6789 2 2 0 1013 952 1017 953
6790 2 2 0 1013 1016 1017 952
6791 2 2 0 1014 953 1018 954
6792 2 2 0 1014 1017 1018 953
6793 2 2 0 1015 954 1019 955
6794 2 2 0 1015 1018 1019 954
6795 2 2 0 1016 955 1020 956
6796 2 2 0 1016 1019 1020 955
6797 2 2 0 1017 1021 957 956
6798 2 2 0 1017 1020 1021 956
6799 2 2 0 1018 1022 958 957
6800 2 2 0 1018 1021 1022 957
6801 2 2 0 1019 1023 959 958
6802 2 2 0 1019 1022 1023 958
6803 2 2 0 1020 1024 960 959
6804 2 2 0 1020 1023 1024 959
6805 2 2 0 1021 897 960 1704
6806 2 2 0 1021 1024 961 1704
6807 2 2 0 1021 961 897 1704
6808 2 2 0 1021 960 1024 1704
6809 2 2 0 1022 962 961 1705
6810 2 2 0 1022 1025 1026 1705
6811 2 2 0 1022 961 1025 1705
6812 2 2 0 1022 1026 962 1705
6813 2 2 0 1023 1026 963 962
6814 2 2 0 1023 963 1026 1027
6815 2 2 0 1024 1027 964 963
6816 2 2 0 1024 964 1027 1028
6817 2 2 0 1025 1028 965 964
6818 2 2 0 1025 965 1028 1029
6819 2 2 0 1026 1029 966 965
6820 2 2 0 1026 966 1029 1030
6821 2 2 0 1027 1030 967 966
6822 2 2 0 1027 1030 1031 967
6823 2 2 0 1028 1031 968 967
6824 2 2 0 1028 1031 1032 968
6825 2 2 0 1029 1032 969 968
6826 2 2 0 1029 1032 1033 969
6827 2 2 0 1030 1033 970 969
6828 2 2 0 1030 1033 1034 970
6829 2 2 0 1031 1034 971 970
6830 2 2 0 1031 1034 1035 971
6831 2 2 0 1032 1035 1036 971
6832 2 2 0 1032 1036 972 971
6833 2 2 0 1033 1036 1037 972
6834 2 2 0 1033 1037 973 972
6835 2 2 0 1034 1038 974 973
6836 2 2 0 1034 1037 1038 973
6837 2 2 0 1035 1039 975 974
6838 2 2 0 1035 1038 1039 974
6839 2 2 0 1036 1040 976 975
6840 2 2 0 1036 1039 1040 975
6841 2 2 0 1037 1040 1041 1706
6842 2 2 0 1037 977 976 1706
6843 2 2 0 1037 976 1040 1706
6844 2 2 0 1037 1041 977 1706
6845 2 2 0 1038 1041 1042 1707
6846 2 2 0 1038 978 977 1707
6847 2 2 0 1038 977 1041 1707
6848 2 2 0 1038 1042 978 1707
6849 2 2 0 1039 1042 979 978
6850 2 2 0 1039 979 1042 1043
6851 2 2 0 1040 1043 980 979
6852 2 2 0 1040 980 1043 1044
6853 2 2 0 1041 1044 981 980
6854 2 2 0 1041 981 1044 1045
6855 2 2 0 1042 982 1045 1046
6856 2 2 0 1042 1045 982 981
6857 2 2 0 1043 983 1046 1047
6858 2 2 0 1043 1046 983 982
6859 2 2 0 1044 983 1048 984
6860 2 2 0 1044 1047 1048 983
6861 2 2 0 1045 984 1049 985
6862 2 2 0 1045 1048 1049 984
6863 2 2 0 1046 985 1050 986
6864 2 2 0 1046 1049 1050 985
6865 2 2 0 1047 986 1051 987
6866 2 2 0 1047 1050 1051 986
6867 2 2 0 1048 987 1052 988
6868 2 2 0 1048 1051 1052 987
6869 2 2 0 1049 1053 989 988
6870 2 2 0 1049 1052 1053 988
6871 2 2 0 1050 1054 990 989
6872 2 2 0 1050 1053 1054 989
6873 2 2 0 1051 1055 991 990
6874 2 2 0 1051 1054 1055 990
6875 2 2 0 1052 1056 992 991
6876 2 2 0 1052 1055 1056 991
6877 2 2 0 1053 993 992 1708
6878 2 2 0 1053 1056 1057 1708
6879 2 2 0 1053 992 1056 1708
6880 2 2 0 1053 1057 993 1708
6881 2 2 0 1054 994 993 1709
6882 2 2 0 1054 1057 1058 1709
6883 2 2 0 1054 993 1057 1709
6884 2 2 0 1054 1058 994 1709
6885 2 2 0 1055 1058 995 994
6886 2 2 0 1055 995 1058 1059
6887 2 2 0 1056 1059 996 995
6888 2 2 0 1056 996 1059 1060
6889 2 2 0 1057 1060 997 996
6890 2 2 0 1057 997 1060 1061
6891 2 2 0 1058 1061 998 997
6892 2 2 0 1058 998 1061 1062
6893 2 2 0 1059 1062 999 998
6894 2 2 0 1059 1062 1063 999
6895 2 2 0 1060 1063 1000 999
6896 2 2 0 1060 1063 1064 1000
6897 2 2 0 1061 1064 1001 1000
6898 2 2 0 1061 1064 1065 1001
6899 2 2 0 1062 1065 1002 1001
6900 2 2 0 1062 1065 1066 1002
6901 2 2 0 1063 1066 1003 1002
6902 2 2 0 1063 1066 1067 1003
6903 2 2 0 1064 1067 1068 1003
6904 2 2 0 1064 1068 1004 1003
6905 2 2 0 1065 1068 1069 1004
6906 2 2 0 1065 1069 1005 1004
6907 2 2 0 1066 1070 1006 1005
6908 2 2 0 1066 1069 1070 1005
6909 2 2 0 1067 1071 1007 1006
6910 2 2 0 1067 1070 1071 1006
6911 2 2 0 1068 1072 1008 1007
6912 2 2 0 1068 1071 1072 1007
6913 2 2 0 1069 1072 1073 1710
6914 2 2 0 1069 1009 1008 1710
6915 2 2 0 1069 1008 1072 1710
6916 2 2 0 1069 1073 1009 1710
6917 2 2 0 1070 1073 1074 1711
6918 2 2 0 1070 1010 1009 1711
6919 2 2 0 1070 1009 1073 1711
6920 2 2 0 1070 1074 1010 1711
6921 2 2 0 1071 1074 1011 1010
6922 2 2 0 1071 1011 1074 1075
6923 2 2 0 1072 1075 1012 1011
6924 2 2 0 1072 1012 1075 1076
6925 2 2 0 1073 1076 1013 1012
6926 2 2 0 1073 1013 1076 1077
6927 2 2 0 1074 1014 1077 1078
6928 2 2 0 1074 1077 1014 1013
6929 2 2 0 1075 1015 1078 1079
6930 2 2 0 1075 1078 1015 1014
6931 2 2 0 1076 1015 1080 1016
6932 2 2 0 1076 1079 1080 1015
6933 2 2 0 1077 1016 1081 1017
6934 2 2 0 1077 1080 1081 1016
6935 2 2 0 1078 1017 1082 1018
6936 2 2 0 1078 1081 1082 1017
6937 2 2 0 1079 1018 1083 1019
6938 2 2 0 1079 1082 1083 1018
6939 2 2 0 1080 1019 1084 1020
6940 2 2 0 1080 1083 1084 1019
6941 2 2 0 1081 1085 1021 1020
6942 2 2 0 1081 1084 1085 1020
6943 2 2 0 1082 1086 1022 1021
6944 2 2 0 1082 1085 1086 1021
6945 2 2 0 1083 1087 1023 1022
6946 2 2 0 1083 1086 1087 1022
6947 2 2 0 1084 1088 1024 1023
6948 2 2 0 1084 1087 1088 1023
6949 2 2 0 1085 961 1024 1712
6950 2 2 0 1085 1088 1025 1712
6951 2 2 0 1085 1025 961 1712
6952 2 2 0 1085 1024 1088 1712
6953 2 2 0 1086 1026 1025 1713
6954 2 2 0 1086 1089 1090 1713
6955 2 2 0 1086 1025 1089 1713
6956 2 2 0 1086 1090 1026 1713
6957 2 2 0 1087 1090 1027 1026
6958 2 2 0 1087 1027 1090 1091
6959 2 2 0 1088 1091 1028 1027
6960 2 2 0 1088 1028 1091 1092
6961 2 2 0 1089 1092 1029 1028
6962 2 2 0 1089 1029 1092 1093
6963 2 2 0 1090 1093 1030 1029
6964 2 2 0 1090 1030 1093 1094
6965 2 2 0 1091 1094 1031 1030
6966 2 2 0 1091 1094 1095 1031
6967 2 2 0 1092 1095 1032 1031
6968 2 2 0 1092 1095 1096 1032
6969 2 2 0 1093 1096 1033 1032
6970 2 2 0 1093 1096 1097 1033
6971 2 2 0 1094 1097 1034 1033
6972 2 2 0 1094 1097 1098 1034
6973 2 2 0 1095 1098 1035 1034
6974 2 2 0 1095 1098 1099 1035
6975 2 2 0 1096 1099 1100 1035
6976 2 2 0 1096 1100 1036 1035
6977 2 2 0 1097 1100 1101 1036
6978 2 2 0 1097 1101 1037 1036
6979 2 2 0 1098 1101 1102 1037
6980 2 2 0 1098 1102 1038 1037
6981 2 2 0 1099 1103 1039 1038
6982 2 2 0 1099 1102 1103 1038
6983 2 2 0 1100 1104 1040 1039
6984 2 2 0 1100 1103 1104 1039
6985 2 2 0 1101 1041 1040 1714
6986 2 2 0 1101 1104 1105 1714
6987 2 2 0 1101 1040 1104 1714
6988 2 2 0 1101 1105 1041 1714
6989 2 2 0 1102 1042 1041 1715
6990 2 2 0 1102 1105 1106 1715
6991 2 2 0 1102 1041 1105 1715
6992 2 2 0 1102 1106 1042 1715
6993 2 2 0 1103 1106 1043 1042
6994 2 2 0 1103 1043 1106 1107
6995 2 2 0 1104 1107 1044 1043
6996 2 2 0 1104 1044 1107 1108
6997 2 2 0 1105 1045 1108 1109
6998 2 2 0 1105 1108 1045 1044
6999 2 2 0 1106 1046 1109 1110
7000 2 2 0 1106 1109 1046 1045
7001 2 2 0 1107 1047 1110 1111
7002 2 2 0 1107 1110 1047 1046
7003 2 2 0 1108 1047 1112 1048
7004 2 2 0 1108 1111 1112 1047
7005 2 2 0 1109 1048 1113 1049
7006 2 2 0 1109 1112 1113 1048
7007 2 2 0 1110 1049 1114 1050
7008 2 2 0 1110 1113 1114 1049
7009 2 2 0 1111 1050 1115 1051
7010 2 2 0 1111 1114 1115 1050
7011 2 2 0 1112 1051 1116 1052
7012 2 2 0 1112 1115 1116 1051
7013 2 2 0 1113 1117 1053 1052
7014 2 2 0 1113 1116 1117 1052
7015 2 2 0 1114 1118 1054 1053
7016 2 2 0 1114 1117 1118 1053
7017 2 2 0 1115 1119 1055 1054
7018 2 2 0 1115 1118 1119 1054
7019 2 2 0 1116 1120 1056 1055
7020 2 2 0 1116 1119 1120 1055
7021 2 2 0 1117 1057 1056 1716
7022 2 2 0 1117 1120 1121 1716
7023 2 2 0 1117 1056 1120 1716
7024 2 2 0 1117 1121 1057 1716
7025 2 2 0 1118 1058 1057 1717
7026 2 2 0 1118 1121 1122 1717
7027 2 2 0 1118 1057 1121 1717
7028 2 2 0 1118 1122 1058 1717
7029 2 2 0 1119 1122 1059 1058
7030 2 2 0 1119 1059 1122 1123
7031 2 2 0 1120 1123 1060 1059
7032 2 2 0 1120 1060 1123 1124
7033 2 2 0 1121 1124 1061 1060
7034 2 2 0 1121 1061 1124 1125
7035 2 2 0 1122 1125 1062 1061
7036 2 2 0 1122 1062 1125 1126
7037 2 2 0 1123 1126 1063 1062
7038 2 2 0 1123 1126 1127 1063
7039 2 2 0 1124 1127 1064 1063
7040 2 2 0 1124 1127 1128 1064
7041 2 2 0 1125 1128 1065 1064
7042 2 2 0 1125 1128 1129 1065
7043 2 2 0 1126 1129 1066 1065
7044 2 2 0 1126 1129 1130 1066
7045 2 2 0 1127 1130 1067 1066
7046 2 2 0 1127 1130 1131 1067
7047 2 2 0 1128 1131 1132 1067
7048 2 2 0 1128 1132 1068 1067
7049 2 2 0 1129 1132 1133 1068
7050 2 2 0 1129 1133 1069 1068
7051 2 2 0 1130 1133 1134 1069
7052 2 2 0 1130 1134 1070 1069
7053 2 2 0 1131 1135 1071 1070
7054 2 2 0 1131 1134 1135 1070
7055 2 2 0 1132 1136 1072 1071
7056 2 2 0 1132 1135 1136 1071
7057 2 2 0 1133 1073 1072 1718
7058 2 2 0 1133 1136 1137 1718
7059 2 2 0 1133 1072 1136 1718
7060 2 2 0 1133 1137 1073 1718
7061 2 2 0 1134 1074 1073 1719
7062 2 2 0 1134 1137 1138 1719
7063 2 2 0 1134 1073 1137 1719
7064 2 2 0 1134 1138 1074 1719
7065 2 2 0 1135 1138 1075 1074
7066 2 2 0 1135 1075 1138 1139
7067 2 2 0 1136 1139 1076 1075
7068 2 2 0 1136 1076 1139 1140
7069 2 2 0 1137 1077 1140 1141
7070 2 2 0 1137 1140 1077 1076
7071 2 2 0 1138 1078 1141 1142
7072 2 2 0 1138 1141 1078 1077
7073 2 2 0 1139 1079 1142 1143
7074 2 2 0 1139 1142 1079 1078
7075 2 2 0 1140 1079 1144 1080
7076 2 2 0 1140 1143 1144 1079
7077 2 2 0 1141 1080 1145 1081
7078 2 2 0 1141 1144 1145 1080
7079 2 2 0 1142 1081 1146 1082
7080 2 2 0 1142 1145 1146 1081
7081 2 2 0 1143 1082 1147 1083
7082 2 2 0 1143 1146 1147 1082
7083 2 2 0 1144 1083 1148 1084
7084 2 2 0 1144 1147 1148 1083
7085 2 2 0 1145 1149 1085 1084
7086 2 2 0 1145 1148 1149 1084
7087 2 2 0 1146 1150 1086 1085
7088 2 2 0 1146 1149 1150 1085
7089 2 2 0 1147 1151 1087 1086
7090 2 2 0 1147 1150 1151 1086
7091 2 2 0 1148 1152 1088 1087
7092 2 2 0 1148 1151 1152 1087
7093 2 2 0 1149 1025 1088 1720
7094 2 2 0 1149 1152 1089 1720
7095 2 2 0 1149 1089 1025 1720
7096 2 2 0 1149 1088 1152 1720
7097 2 2 0 1150 1154 1090 1721
7098 2 2 0 1150 1153 1154 1721
7099 2 2 0 1150 1090 1089 1721
7100 2 2 0 1150 1089 1153 1721
7101 2 2 0 1151 1154 1091 1090
7102 2 2 0 1151 1091 1154 1155
7103 2 2 0 1152 1155 1092 1091
7104 2 2 0 1152 1092 1155 1156
7105 2 2 0 1153 1093 1156 1157
7106 2 2 0 1153 1156 1093 1092
7107 2 2 0 1154 1094 1157 1158
7108 2 2 0 1154 1157 1094 1093
7109 2 2 0 1155 1158 1095 1094
7110 2 2 0 1155 1158 1159 1095
7111 2 2 0 1156 1159 1096 1095
7112 2 2 0 1156 1159 1160 1096
7113 2 2 0 1157 1160 1097 1096
7114 2 2 0 1157 1097 1160 1161
7115 2 2 0 1158 1161 1098 1097
7116 2 2 0 1158 1161 1162 1098
7117 2 2 0 1159 1162 1099 1098
7118 2 2 0 1159 1162 1163 1099
7119 2 2 0 1160 1163 1164 1099
7120 2 2 0 1160 1164 1100 1099
7121 2 2 0 1161 1164 1165 1100
7122 2 2 0 1161 1165 1101 1100
7123 2 2 0 1162 1165 1166 1101
7124 2 2 0 1162 1166 1102 1101
7125 2 2 0 1163 1167 1103 1102
7126 2 2 0 1163 1166 1167 1102
7127 2 2 0 1164 1168 1104 1103
7128 2 2 0 1164 1167 1168 1103
7129 2 2 0 1165 1168 1169 1722
7130 2 2 0 1165 1105 1104 1722
7131 2 2 0 1165 1104 1168 1722
7132 2 2 0 1165 1169 1105 1722
7133 2 2 0 1166 1169 1170 1723
7134 2 2 0 1166 1106 1105 1723
7135 2 2 0 1166 1105 1169 1723
7136 2 2 0 1166 1170 1106 1723
7137 2 2 0 1167 1170 1107 1106
7138 2 2 0 1167 1107 1170 1171
7139 2 2 0 1168 1171 1108 1107
7140 2 2 0 1168 1108 1171 1172
7141 2 2 0 1169 1109 1172 1173
7142 2 2 0 1169 1172 1109 1108
7143 2 2 0 1170 1110 1173 1174
7144 2 2 0 1170 1173 1110 1109
7145 2 2 0 1171 1111 1174 1175
7146 2 2 0 1171 1174 1111 1110
7147 2 2 0 1172 1111 1176 1112
7148 2 2 0 1172 1175 1176 1111
7149 2 2 0 1173 1112 1177 1113
7150 2 2 0 1173 1176 1177 1112
7151 2 2 0 1174 1113 1178 1114
7152 2 2 0 1174 1177 1178 1113
7153 2 2 0 1175 1114 1179 1115
7154 2 2 0 1175 1178 1179 1114
7155 2 2 0 1176 1115 1180 1116
7156 2 2 0 1176 1179 1180 1115
7157 2 2 0 1177 1180 1181 1116
7158 2 2 0 1177 1181 1117 1116
7159 2 2 0 1178 1181 1182 1117
7160 2 2 0 1178 1182 1118 1117
7161 2 2 0 1179 1183 1119 1118
7162 2 2 0 1179 1182 1183 1118
7163 2 2 0 1180 1184 1120 1119
7164 2 2 0 1180 1183 1184 1119
7165 2 2 0 1181 1120 1184 1724
7166 2 2 0 1181 1184 1185 1724
7167 2 2 0 1181 1121 1120 1724
7168 2 2 0 1181 1185 1121 1724
7169 2 2 0 1182 1186 1122 1725
7170 2 2 0 1182 1185 1186 1725
7171 2 2 0 1182 1122 1121 1725
7172 2 2 0 1182 1121 1185 1725
7173 2 2 0 1183 1186 1123 1122
7174 2 2 0 1183 1123 1186 1187
7175 2 2 0 1184 1187 1124 1123
7176 2 2 0 1184 1124 1187 1188
7177 2 2 0 1185 1125 1188 1189
7178 2 2 0 1185 1188 1125 1124
7179 2 2 0 1186 1126 1189 1190
7180 2 2 0 1186 1189 1126 1125
7181 2 2 0 1187 1190 1127 1126
7182 2 2 0 1187 1190 1191 1127
7183 2 2 0 1188 1191 1128 1127
7184 2 2 0 1188 1191 1192 1128
7185 2 2 0 1189 1192 1129 1128
7186 2 2 0 1189 1129 1192 1193
7187 2 2 0 1190 1193 1130 1129
7188 2 2 0 1190 1193 1194 1130
7189 2 2 0 1191 1194 1131 1130
7190 2 2 0 1191 1194 1195 1131
7191 2 2 0 1192 1195 1196 1131
7192 2 2 0 1192 1196 1132 1131
7193 2 2 0 1193 1196 1197 1132
7194 2 2 0 1193 1197 1133 1132
7195 2 2 0 1194 1197 1198 1133
7196 2 2 0 1194 1198 1134 1133
7197 2 2 0 1195 1199 1135 1134
7198 2 2 0 1195 1198 1199 1134
7199 2 2 0 1196 1200 1136 1135
7200 2 2 0 1196 1199 1200 1135
7201 2 2 0 1197 1200 1201 1726
7202 2 2 0 1197 1137 1136 1726
7203 2 2 0 1197 1136 1200 1726
7204 2 2 0 1197 1201 1137 1726
7205 2 2 0 1198 1201 1202 1727
7206 2 2 0 1198 1138 1137 1727
7207 2 2 0 1198 1137 1201 1727
7208 2 2 0 1198 1202 1138 1727
7209 2 2 0 1199 1202 1139 1138
7210 2 2 0 1199 1139 1202 1203
7211 2 2 0 1200 1203 1140 1139
7212 2 2 0 1200 1140 1203 1204
7213 2 2 0 1201 1141 1204 1205
7214 2 2 0 1201 1204 1141 1140
7215 2 2 0 1202 1142 1205 1206
7216 2 2 0 1202 1205 1142 1141
7217 2 2 0 1203 1143 1206 1207
7218 2 2 0 1203 1206 1143 1142
7219 2 2 0 1204 1143 1208 1144
7220 2 2 0 1204 1207 1208 1143
7221 2 2 0 1205 1144 1209 1145
7222 2 2 0 1205 1208 1209 1144
7223 2 2 0 1206 1145 1210 1146
7224 2 2 0 1206 1209 1210 1145
7225 2 2 0 1207 1146 1211 1147
7226 2 2 0 1207 1210 1211 1146
7227 2 2 0 1208 1147 1212 1148
7228 2 2 0 1208 1211 1212 1147
7229 2 2 0 1209 1212 1213 1148
7230 2 2 0 1209 1213 1149 1148
7231 2 2 0 1210 1213 1214 1149
7232 2 2 0 1210 1214 1150 1149
7233 2 2 0 1211 1215 1151 1150
7234 2 2 0 1211 1214 1215 1150
7235 2 2 0 1212 1216 1152 1151
7236 2 2 0 1212 1215 1216 1151
7237 2 2 0 1213 1152 1216 1728
7238 2 2 0 1213 1216 1153 1728
7239 2 2 0 1213 1089 1152 1728
7240 2 2 0 1213 1153 1089 1728
7241 2 2 0 1214 1153 1217 1729
7242 2 2 0 1214 1218 1154 1729
7243 2 2 0 1214 1217 1218 1729
7244 2 2 0 1214 1154 1153 1729
7245 2 2 0 1215 1218 1155 1154
7246 2 2 0 1215 1155 1218 1219
7247 2 2 0 1216 1156 1219 1220
7248 2 2 0 1216 1219 1156 1155
7249 2 2 0 1217 1157 1220 1221
7250 2 2 0 1217 1220 1157 1156
7251 2 2 0 1218 1158 1221 1222
7252 2 2 0 1218 1221 1158 1157
7253 2 2 0 1219 1222 1159 1158
7254 2 2 0 1219 1222 1223 1159
7255 2 2 0 1220 1223 1160 1159
7256 2 2 0 1220 1223 1224 1160
7257 2 2 0 1221 1224 1161 1160
7258 2 2 0 1221 1161 1224 1225
7259 2 2 0 1222 1225 1162 1161
7260 2 2 0 1222 1225 1226 1162
7261 2 2 0 1223 1226 1163 1162
7262 2 2 0 1223 1163 1226 1227
7263 2 2 0 1224 1228 1164 1163
7264 2 2 0 1224 1227 1228 1163
7265 2 2 0 1225 1228 1229 1164
7266 2 2 0 1225 1229 1165 1164
7267 2 2 0 1226 1229 1230 1165
7268 2 2 0 1226 1230 1166 1165
7269 2 2 0 1227 1230 1231 1166
7270 2 2 0 1227 1231 1167 1166
7271 2 2 0 1228 1232 1168 1167
7272 2 2 0 1228 1231 1232 1167
7273 2 2 0 1229 1233 1169 1730
7274 2 2 0 1229 1168 1232 1730
7275 2 2 0 1229 1232 1233 1730
7276 2 2 0 1229 1169 1168 1730
7277 2 2 0 1230 1169 1233 1731
7278 2 2 0 1230 1234 1170 1731
7279 2 2 0 1230 1233 1234 1731
7280 2 2 0 1230 1170 1169 1731
7281 2 2 0 1231 1234 1171 1170
7282 2 2 0 1231 1171 1234 1235
7283 2 2 0 1232 1172 1235 1236
7284 2 2 0 1232 1235 1172 1171
7285 2 2 0 1233 1173 1236 1237
7286 2 2 0 1233 1236 1173 1172
7287 2 2 0 1234 1174 1237 1238
7288 2 2 0 1234 1237 1174 1173
7289 2 2 0 1235 1238 1175 1174
7290 2 2 0 1235 1175 1238 1239
7291 2 2 0 1236 1175 1240 1176
7292 2 2 0 1236 1239 1240 1175
7293 2 2 0 1237 1176 1241 1177
7294 2 2 0 1237 1240 1241 1176
7295 2 2 0 1238 1242 1178 1177
7296 2 2 0 1238 1241 1242 1177
7297 2 2 0 1239 1178 1243 1179
7298 2 2 0 1239 1242 1243 1178
7299 2 2 0 1240 1179 1244 1180
7300 2 2 0 1240 1243 1244 1179
7301 2 2 0 1241 1244 1245 1180
7302 2 2 0 1241 1245 1181 1180
7303 2 2 0 1242 1245 1246 1181
7304 2 2 0 1242 1246 1182 1181
7305 2 2 0 1243 1246 1247 1182
7306 2 2 0 1243 1247 1183 1182
7307 2 2 0 1244 1248 1184 1183
7308 2 2 0 1244 1247 1248 1183
7309 2 2 0 1245 1249 1185 1732
7310 2 2 0 1245 1184 1248 1732
7311 2 2 0 1245 1248 1249 1732
7312 2 2 0 1245 1185 1184 1732
7313 2 2 0 1246 1185 1249 1733
7314 2 2 0 1246 1250 1186 1733
7315 2 2 0 1246 1249 1250 1733
7316 2 2 0 1246 1186 1185 1733
7317 2 2 0 1247 1250 1187 1186
7318 2 2 0 1247 1187 1250 1251
7319 2 2 0 1248 1188 1251 1252
7320 2 2 0 1248 1251 1188 1187
7321 2 2 0 1249 1189 1252 1253
7322 2 2 0 1249 1252 1189 1188
7323 2 2 0 1250 1190 1253 1254
7324 2 2 0 1250 1253 1190 1189
7325 2 2 0 1251 1254 1191 1190
7326 2 2 0 1251 1254 1255 1191
7327 2 2 0 1252 1255 1192 1191
7328 2 2 0 1252 1255 1256 1192
7329 2 2 0 1253 1256 1193 1192
7330 2 2 0 1253 1193 1256 1257
7331 2 2 0 1254 1257 1194 1193
7332 2 2 0 1254 1257 1258 1194
7333 2 2 0 1255 1258 1195 1194
7334 2 2 0 1255 1195 1258 1259
7335 2 2 0 1256 1260 1196 1195
7336 2 2 0 1256 1259 1260 1195
7337 2 2 0 1257 1260 1261 1196
7338 2 2 0 1257 1261 1197 1196
7339 2 2 0 1258 1261 1262 1197
7340 2 2 0 1258 1262 1198 1197
7341 2 2 0 1259 1262 1263 1198
7342 2 2 0 1259 1263 1199 1198
7343 2 2 0 1260 1264 1200 1199
7344 2 2 0 1260 1263 1264 1199
7345 2 2 0 1261 1265 1201 1734
7346 2 2 0 1261 1200 1264 1734
7347 2 2 0 1261 1264 1265 1734
7348 2 2 0 1261 1201 1200 1734
7349 2 2 0 1262 1201 1265 1735
7350 2 2 0 1262 1266 1202 1735
7351 2 2 0 1262 1265 1266 1735
7352 2 2 0 1262 1202 1201 1735
7353 2 2 0 1263 1266 1203 1202
7354 2 2 0 1263 1203 1266 1267
7355 2 2 0 1264 1204 1267 1268
7356 2 2 0 1264 1267 1204 1203
7357 2 2 0 1265 1205 1268 1269
7358 2 2 0 1265 1268 1205 1204
7359 2 2 0 1266 1206 1269 1270
7360 2 2 0 1266 1269 1206 1205
7361 2 2 0 1267 1270 1207 1206
7362 2 2 0 1267 1207 1270 1271
7363 2 2 0 1268 1207 1272 1208
7364 2 2 0 1268 1271 1272 1207
7365 2 2 0 1269 1208 1273 1209
7366 2 2 0 1269 1272 1273 1208
7367 2 2 0 1270 1274 1210 1209
7368 2 2 0 1270 1273 1274 1209
7369 2 2 0 1271 1210 1275 1211
7370 2 2 0 1271 1274 1275 1210
7371 2 2 0 1272 1211 1276 1212
7372 2 2 0 1272 1275 1276 1211
7373 2 2 0 1273 1276 1277 1212
7374 2 2 0 1273 1277 1213 1212
7375 2 2 0 1274 1277 1278 1213
7376 2 2 0 1274 1278 1214 1213
7377 2 2 0 1275 1278 1279 1214
7378 2 2 0 1275 1279 1215 1214
7379 2 2 0 1276 1280 1216 1215
7380 2 2 0 1276 1279 1280 1215
7381 2 2 0 1277 1217 1153 1736
7382 2 2 0 1277 1216 1280 1736
7383 2 2 0 1277 1280 1217 1736
7384 2 2 0 1277 1153 1216 1736
7385 2 2 0 1278 1281 1282 1737
7386 2 2 0 1278 1217 1281 1737
7387 2 2 0 1278 1218 1217 1737
7388 2 2 0 1278 1282 1218 1737
7389 2 2 0 1279 1219 1282 1283
7390 2 2 0 1279 1282 1219 1218
7391 2 2 0 1280 1220 1283 1284
7392 2 2 0 1280 1283 1220 1219
7393 2 2 0 1281 1221 1284 1285
7394 2 2 0 1281 1284 1221 1220
7395 2 2 0 1282 1222 1285 1286
7396 2 2 0 1282 1285 1222 1221
7397 2 2 0 1283 1286 1223 1222
7398 2 2 0 1283 1286 1287 1223
7399 2 2 0 1284 1287 1224 1223
7400 2 2 0 1284 1287 1288 1224
7401 2 2 0 1285 1288 1225 1224
7402 2 2 0 1285 1225 1288 1289
7403 2 2 0 1286 1289 1226 1225
7404 2 2 0 1286 1289 1290 1226
7405 2 2 0 1287 1290 1227 1226
7406 2 2 0 1287 1227 1290 1291
7407 2 2 0 1288 1291 1601 1227
7408 2 2 0 1288 1292 1228 1227
7409 2 2 0 1288 1601 1292 1227
7410 2 2 0 1289 1293 1229 1228
7411 2 2 0 1289 1292 1293 1228
7412 2 2 0 1290 1293 1294 1229
7413 2 2 0 1290 1294 1230 1229
7414 2 2 0 1291 1294 1295 1230
7415 2 2 0 1291 1295 1231 1230
7416 2 2 0 1292 1295 1296 1231
7417 2 2 0 1292 1296 1232 1231
7418 2 2 0 1293 1296 1297 1738
7419 2 2 0 1293 1232 1296 1738
7420 2 2 0 1293 1297 1233 1738
7421 2 2 0 1293 1233 1232 1738
7422 2 2 0 1294 1297 1298 1739
7423 2 2 0 1294 1298 1234 1739
7424 2 2 0 1294 1233 1297 1739
7425 2 2 0 1294 1234 1233 1739
7426 2 2 0 1295 1235 1298 1299
7427 2 2 0 1295 1298 1235 1234
7428 2 2 0 1296 1236 1299 1300
7429 2 2 0 1296 1299 1236 1235
7430 2 2 0 1297 1237 1300 1301
7431 2 2 0 1297 1300 1237 1236
7432 2 2 0 1298 1301 1238 1237
7433 2 2 0 1298 1238 1301 1302
7434 2 2 0 1299 1239 1602 1303
7435 2 2 0 1299 1302 1239 1238
7436 2 2 0 1299 1239 1302 1602
7437 2 2 0 1300 1304 1240 1239
7438 2 2 0 1300 1303 1304 1239
7439 2 2 0 1301 1240 1305 1241
7440 2 2 0 1301 1304 1305 1240
7441 2 2 0 1302 1306 1242 1241
7442 2 2 0 1302 1305 1306 1241
7443 2 2 0 1303 1242 1307 1243
7444 2 2 0 1303 1306 1307 1242
7445 2 2 0 1304 1243 1308 1244
7446 2 2 0 1304 1307 1308 1243
7447 2 2 0 1305 1308 1309 1244
7448 2 2 0 1305 1309 1245 1244
7449 2 2 0 1306 1309 1310 1245
7450 2 2 0 1306 1310 1246 1245
7451 2 2 0 1307 1310 1311 1246
7452 2 2 0 1307 1311 1247 1246
7453 2 2 0 1308 1311 1312 1247
7454 2 2 0 1308 1312 1248 1247
7455 2 2 0 1309 1312 1313 1740
7456 2 2 0 1309 1313 1249 1740
7457 2 2 0 1309 1249 1248 1740
7458 2 2 0 1309 1248 1312 1740
7459 2 2 0 1310 1313 1314 1741
7460 2 2 0 1310 1249 1313 1741
7461 2 2 0 1310 1250 1249 1741
7462 2 2 0 1310 1314 1250 1741
7463 2 2 0 1311 1251 1314 1315
7464 2 2 0 1311 1314 1251 1250
7465 2 2 0 1312 1252 1315 1316
7466 2 2 0 1312 1315 1252 1251
7467 2 2 0 1313 1253 1316 1317
7468 2 2 0 1313 1316 1253 1252
7469 2 2 0 1314 1254 1317 1318
7470 2 2 0 1314 1317 1254 1253
7471 2 2 0 1315 1318 1255 1254
7472 2 2 0 1315 1318 1319 1255
7473 2 2 0 1316 1319 1256 1255
7474 2 2 0 1316 1319 1320 1256
7475 2 2 0 1317 1320 1257 1256
7476 2 2 0 1317 1257 1320 1321
7477 2 2 0 1318 1321 1258 1257
7478 2 2 0 1318 1321 1322 1258
7479 2 2 0 1319 1322 1259 1258
7480 2 2 0 1319 1259 1322 1323
7481 2 2 0 1320 1323 1603 1259
7482 2 2 0 1320 1324 1260 1259
7483 2 2 0 1320 1603 1324 1259
7484 2 2 0 1321 1325 1261 1260
7485 2 2 0 1321 1324 1325 1260
7486 2 2 0 1322 1325 1326 1261
7487 2 2 0 1322 1326 1262 1261
7488 2 2 0 1323 1326 1327 1262
7489 2 2 0 1323 1327 1263 1262
7490 2 2 0 1324 1327 1328 1263
7491 2 2 0 1324 1328 1264 1263
7492 2 2 0 1325 1328 1329 1742
7493 2 2 0 1325 1264 1328 1742
7494 2 2 0 1325 1329 1265 1742
7495 2 2 0 1325 1265 1264 1742
7496 2 2 0 1326 1329 1330 1743
7497 2 2 0 1326 1330 1266 1743
7498 2 2 0 1326 1265 1329 1743
7499 2 2 0 1326 1266 1265 1743
7500 2 2 0 1327 1267 1330 1331
7501 2 2 0 1327 1330 1267 1266
7502 2 2 0 1328 1268 1331 1332
7503 2 2 0 1328 1331 1268 1267
7504 2 2 0 1329 1269 1332 1333
7505 2 2 0 1329 1332 1269 1268
7506 2 2 0 1330 1333 1270 1269
7507 2 2 0 1330 1270 1333 1334
7508 2 2 0 1331 1271 1604 1335
7509 2 2 0 1331 1334 1271 1270
7510 2 2 0 1331 1604 1271 1334
7511 2 2 0 1332 1336 1272 1271
7512 2 2 0 1332 1335 1336 1271
7513 2 2 0 1333 1272 1337 1273
7514 2 2 0 1333 1336 1337 1272
7515 2 2 0 1334 1338 1274 1273
7516 2 2 0 1334 1337 1338 1273
7517 2 2 0 1335 1274 1339 1275
7518 2 2 0 1335 1338 1339 1274
7519 2 2 0 1336 1275 1340 1276
7520 2 2 0 1336 1339 1340 1275
7521 2 2 0 1337 1340 1341 1276
7522 2 2 0 1337 1341 1277 1276
7523 2 2 0 1338 1341 1342 1277
7524 2 2 0 1338 1342 1278 1277
7525 2 2 0 1339 1342 1343 1278
7526 2 2 0 1339 1343 1279 1278
7527 2 2 0 1340 1343 1344 1279
7528 2 2 0 1340 1344 1280 1279
7529 2 2 0 1341 1344 1281 1744
7530 2 2 0 1341 1281 1217 1744
7531 2 2 0 1341 1217 1280 1744
7532 2 2 0 1341 1280 1344 1744
7533 2 2 0 1342 1282 1281 1745
7534 2 2 0 1342 1281 1345 1745
7535 2 2 0 1342 1346 1282 1745
7536 2 2 0 1342 1345 1346 1745
7537 2 2 0 1343 1346 1283 1282
7538 2 2 0 1343 1283 1346 1347
7539 2 2 0 1344 1347 1284 1283
7540 2 2 0 1344 1284 1347 1348
7541 2 2 0 1345 1348 1285 1284
7542 2 2 0 1345 1285 1348 1349
7543 2 2 0 1346 1286 1605 1350
7544 2 2 0 1346 1349 1286 1285
7545 2 2 0 1346 1605 1286 1349
7546 2 2 0 1347 1350 1287 1286
7547 2 2 0 1347 1350 1351 1287
7548 2 2 0 1348 1351 1288 1287
7549 2 2 0 1348 1351 1352 1288
7550 2 2 0 1349 1352 1289 1288
7551 2 2 0 1349 1289 1352 1353
7552 2 2 0 1350 1353 1290 1289
7553 2 2 0 1350 1353 1354 1290
7554 2 2 0 1351 1355 1291 1290
7555 2 2 0 1351 1354 1355 1290
7556 2 2 0 1352 1606 1601 1291
7557 2 2 0 1352 1355 1606 1291
7558 2 2 0 1352 1292 1601 1356
7559 2 2 0 1352 1601 1606 1356
7560 2 2 0 1353 1356 1357 1292
7561 2 2 0 1353 1357 1293 1292
7562 2 2 0 1354 1358 1294 1293
7563 2 2 0 1354 1357 1358 1293
7564 2 2 0 1355 1359 1295 1294
7565 2 2 0 1355 1358 1359 1294
7566 2 2 0 1356 1359 1360 1746
7567 2 2 0 1356 1296 1295 1746
7568 2 2 0 1356 1295 1359 1746
7569 2 2 0 1356 1360 1296 1746
7570 2 2 0 1357 1360 1361 1747
7571 2 2 0 1357 1297 1296 1747
7572 2 2 0 1357 1361 1297 1747
7573 2 2 0 1357 1296 1360 1747
7574 2 2 0 1358 1361 1362 1748
7575 2 2 0 1358 1298 1297 1748
7576 2 2 0 1358 1297 1361 1748
7577 2 2 0 1358 1362 1298 1748
7578 2 2 0 1359 1362 1363 1749
7579 2 2 0 1359 1299 1298 1749
7580 2 2 0 1359 1363 1299 1749
7581 2 2 0 1359 1298 1362 1749
7582 2 2 0 1360 1363 1300 1299
7583 2 2 0 1360 1300 1363 1364
7584 2 2 0 1361 1364 1301 1300
7585 2 2 0 1361 1301 1364 1365
7586 2 2 0 1362 1302 1365 1366
7587 2 2 0 1362 1365 1302 1301
7588 2 2 0 1363 1303 1602 1607
7589 2 2 0 1363 1303 1607 1367
7590 2 2 0 1363 1366 1602 1302
7591 2 2 0 1363 1607 1602 1366
7592 2 2 0 1364 1367 1304 1303
7593 2 2 0 1364 1367 1368 1304
7594 2 2 0 1365 1304 1369 1305
7595 2 2 0 1365 1368 1369 1304
7596 2 2 0 1366 1370 1306 1305
7597 2 2 0 1366 1369 1370 1305
7598 2 2 0 1367 1306 1371 1307
7599 2 2 0 1367 1370 1371 1306
7600 2 2 0 1368 1307 1372 1308
7601 2 2 0 1368 1371 1372 1307
7602 2 2 0 1369 1372 1608 1308
7603 2 2 0 1369 1373 1309 1308
7604 2 2 0 1369 1608 1373 1308
7605 2 2 0 1370 1374 1310 1309
7606 2 2 0 1370 1373 1374 1309
7607 2 2 0 1371 1375 1311 1310
7608 2 2 0 1371 1374 1375 1310
7609 2 2 0 1372 1376 1312 1311
7610 2 2 0 1372 1375 1376 1311
7611 2 2 0 1373 1313 1312 1750
7612 2 2 0 1373 1377 1313 1750
7613 2 2 0 1373 1312 1376 1750
7614 2 2 0 1373 1376 1377 1750
7615 2 2 0 1374 1314 1313 1751
7616 2 2 0 1374 1313 1377 1751
7617 2 2 0 1374 1378 1314 1751
7618 2 2 0 1374 1377 1378 1751
7619 2 2 0 1375 1378 1315 1314
7620 2 2 0 1375 1315 1378 1379
7621 2 2 0 1376 1379 1316 1315
7622 2 2 0 1376 1316 1379 1380
7623 2 2 0 1377 1380 1317 1316
7624 2 2 0 1377 1317 1380 1381
7625 2 2 0 1378 1318 1609 1382
7626 2 2 0 1378 1381 1318 1317
7627 2 2 0 1378 1609 1318 1381
7628 2 2 0 1379 1382 1319 1318
7629 2 2 0 1379 1382 1383 1319
7630 2 2 0 1380 1383 1320 1319
7631 2 2 0 1380 1383 1384 1320
7632 2 2 0 1381 1384 1321 1320
7633 2 2 0 1381 1321 1384 1385
7634 2 2 0 1382 1385 1322 1321
7635 2 2 0 1382 1385 1386 1322
7636 2 2 0 1383 1387 1323 1322
7637 2 2 0 1383 1386 1387 1322
7638 2 2 0 1384 1610 1603 1323
7639 2 2 0 1384 1387 1610 1323
7640 2 2 0 1384 1324 1603 1388
7641 2 2 0 1384 1603 1610 1388
7642 2 2 0 1385 1388 1389 1324
7643 2 2 0 1385 1389 1325 1324
7644 2 2 0 1386 1390 1326 1325
7645 2 2 0 1386 1389 1390 1325
7646 2 2 0 1387 1391 1327 1326
7647 2 2 0 1387 1390 1391 1326
7648 2 2 0 1388 1391 1392 1752
7649 2 2 0 1388 1328 1327 1752
7650 2 2 0 1388 1327 1391 1752
7651 2 2 0 1388 1392 1328 1752
7652 2 2 0 1389 1392 1393 1753
7653 2 2 0 1389 1329 1328 1753
7654 2 2 0 1389 1393 1329 1753
7655 2 2 0 1389 1328 1392 1753
7656 2 2 0 1390 1393 1394 1754
7657 2 2 0 1390 1330 1329 1754
7658 2 2 0 1390 1329 1393 1754
7659 2 2 0 1390 1394 1330 1754
7660 2 2 0 1391 1394 1395 1755
7661 2 2 0 1391 1331 1330 1755
7662 2 2 0 1391 1395 1331 1755
7663 2 2 0 1391 1330 1394 1755
7664 2 2 0 1392 1395 1332 1331
7665 2 2 0 1392 1332 1395 1396
7666 2 2 0 1393 1396 1333 1332
7667 2 2 0 1393 1333 1396 1397
7668 2 2 0 1394 1334 1397 1398
7669 2 2 0 1394 1397 1334 1333
7670 2 2 0 1395 1335 1604 1611
7671 2 2 0 1395 1335 1611 1399
7672 2 2 0 1395 1398 1604 1334
7673 2 2 0 1395 1611 1604 1398
7674 2 2 0 1396 1399 1336 1335
7675 2 2 0 1396 1399 1400 1336
7676 2 2 0 1397 1336 1401 1337
7677 2 2 0 1397 1400 1401 1336
7678 2 2 0 1398 1402 1338 1337
7679 2 2 0 1398 1401 1402 1337
7680 2 2 0 1399 1338 1403 1339
7681 2 2 0 1399 1402 1403 1338
7682 2 2 0 1400 1339 1404 1340
7683 2 2 0 1400 1403 1404 1339
7684 2 2 0 1401 1404 1612 1340
7685 2 2 0 1401 1405 1341 1340
7686 2 2 0 1401 1612 1405 1340
7687 2 2 0 1402 1406 1342 1341
7688 2 2 0 1402 1405 1406 1341
7689 2 2 0 1403 1407 1343 1342
7690 2 2 0 1403 1406 1407 1342
7691 2 2 0 1404 1408 1344 1343
7692 2 2 0 1404 1407 1408 1343
7693 2 2 0 1405 1281 1344 1756
7694 2 2 0 1405 1345 1281 1756
7695 2 2 0 1405 1344 1408 1756
7696 2 2 0 1405 1408 1345 1756
7697 2 2 0 1406 1410 1346 1757
7698 2 2 0 1406 1345 1409 1757
7699 2 2 0 1406 1346 1345 1757
7700 2 2 0 1406 1409 1410 1757
7701 2 2 0 1407 1410 1347 1346
7702 2 2 0 1407 1347 1410 1411
7703 2 2 0 1408 1411 1348 1347
7704 2 2 0 1408 1348 1411 1412
7705 2 2 0 1409 1412 1349 1348
7706 2 2 0 1409 1349 1412 1413
7707 2 2 0 1410 1613 1605 1413
7708 2 2 0 1410 1350 1613 1414
7709 2 2 0 1410 1350 1605 1613
7710 2 2 0 1410 1413 1605 1349
7711 2 2 0 1411 1414 1351 1350
7712 2 2 0 1411 1414 1415 1351
7713 2 2 0 1412 1415 1352 1351
7714 2 2 0 1412 1415 1416 1352
7715 2 2 0 1413 1417 1353 1352
7716 2 2 0 1413 1416 1417 1352
7717 2 2 0 1414 1417 1354 1353
7718 2 2 0 1414 1354 1417 1418
7719 2 2 0 1415 1354 1419 1355
7720 2 2 0 1415 1418 1419 1354
7721 2 2 0 1416 1614 1606 1355
7722 2 2 0 1416 1419 1614 1355
7723 2 2 0 1416 1356 1606 1420
7724 2 2 0 1416 1606 1614 1420
7725 2 2 0 1417 1420 1615 1356
7726 2 2 0 1417 1421 1357 1356
7727 2 2 0 1417 1615 1421 1356
7728 2 2 0 1418 1422 1358 1357
7729 2 2 0 1418 1421 1422 1357
7730 2 2 0 1419 1423 1359 1358
7731 2 2 0 1419 1422 1423 1358
7732 2 2 0 1420 1424 1360 1359
7733 2 2 0 1420 1423 1424 1359
7734 2 2 0 1421 1361 1360 1758
7735 2 2 0 1421 1425 1361 1758
7736 2 2 0 1421 1360 1424 1758
7737 2 2 0 1421 1424 1425 1758
7738 2 2 0 1422 1362 1361 1759
7739 2 2 0 1422 1361 1425 1759
7740 2 2 0 1422 1426 1362 1759
7741 2 2 0 1422 1425 1426 1759
7742 2 2 0 1423 1426 1363 1362
7743 2 2 0 1423 1363 1426 1427
7744 2 2 0 1424 1427 1364 1363
7745 2 2 0 1424 1364 1427 1428
7746 2 2 0 1425 1428 1365 1364
7747 2 2 0 1425 1365 1428 1429
7748 2 2 0 1426 1366 1616 1430
7749 2 2 0 1426 1429 1366 1365
7750 2 2 0 1426 1616 1366 1429
7751 2 2 0 1427 1367 1607 1617
7752 2 2 0 1427 1367 1617 1431
7753 2 2 0 1427 1430 1607 1366
7754 2 2 0 1427 1617 1607 1430
7755 2 2 0 1428 1431 1368 1367
7756 2 2 0 1428 1431 1432 1368
7757 2 2 0 1429 1433 1369 1368
7758 2 2 0 1429 1432 1433 1368
7759 2 2 0 1430 1433 1370 1369
7760 2 2 0 1430 1370 1433 1434
7761 2 2 0 1431 1370 1435 1371
7762 2 2 0 1431 1434 1435 1370
7763 2 2 0 1432 1371 1436 1372
7764 2 2 0 1432 1435 1436 1371
7765 2 2 0 1433 1608 1618 1437
7766 2 2 0 1433 1436 1618 1372
7767 2 2 0 1433 1618 1608 1372
7768 2 2 0 1433 1373 1608 1437
7769 2 2 0 1434 1438 1374 1373
7770 2 2 0 1434 1437 1438 1373
7771 2 2 0 1435 1439 1375 1374
7772 2 2 0 1435 1438 1439 1374
7773 2 2 0 1436 1440 1376 1375
7774 2 2 0 1436 1439 1440 1375
7775 2 2 0 1437 1376 1440 1760
7776 2 2 0 1437 1441 1377 1760
7777 2 2 0 1437 1377 1376 1760
7778 2 2 0 1437 1440 1441 1760
7779 2 2 0 1438 1442 1378 1761
7780 2 2 0 1438 1377 1441 1761
7781 2 2 0 1438 1378 1377 1761
7782 2 2 0 1438 1441 1442 1761
7783 2 2 0 1439 1442 1379 1378
7784 2 2 0 1439 1379 1442 1443
7785 2 2 0 1440 1443 1380 1379
7786 2 2 0 1440 1380 1443 1444
7787 2 2 0 1441 1444 1381 1380
7788 2 2 0 1441 1381 1444 1445
7789 2 2 0 1442 1619 1609 1445
7790 2 2 0 1442 1382 1619 1446
7791 2 2 0 1442 1382 1609 1619
7792 2 2 0 1442 1445 1609 1381
7793 2 2 0 1443 1446 1383 1382
7794 2 2 0 1443 1446 1447 1383
7795 2 2 0 1444 1447 1384 1383
7796 2 2 0 1444 1447 1448 1384
7797 2 2 0 1445 1449 1385 1384
7798 2 2 0 1445 1448 1449 1384
7799 2 2 0 1446 1449 1386 1385
7800 2 2 0 1446 1386 1449 1450
7801 2 2 0 1447 1386 1451 1387
7802 2 2 0 1447 1450 1451 1386
7803 2 2 0 1448 1620 1610 1387
7804 2 2 0 1448 1451 1620 1387
7805 2 2 0 1448 1388 1610 1452
7806 2 2 0 1448 1610 1620 1452
7807 2 2 0 1449 1452 1621 1388
7808 2 2 0 1449 1453 1389 1388
7809 2 2 0 1449 1621 1453 1388
7810 2 2 0 1450 1454 1390 1389
7811 2 2 0 1450 1453 1454 1389
7812 2 2 0 1451 1455 1391 1390
7813 2 2 0 1451 1454 1455 1390
7814 2 2 0 1452 1456 1392 1391
7815 2 2 0 1452 1455 1456 1391
7816 2 2 0 1453 1393 1392 1762
7817 2 2 0 1453 1457 1393 1762
7818 2 2 0 1453 1392 1456 1762
7819 2 2 0 1453 1456 1457 1762
7820 2 2 0 1454 1394 1393 1763
7821 2 2 0 1454 1393 1457 1763
7822 2 2 0 1454 1458 1394 1763
7823 2 2 0 1454 1457 1458 1763
7824 2 2 0 1455 1458 1395 1394
7825 2 2 0 1455 1395 1458 1459
7826 2 2 0 1456 1459 1396 1395
7827 2 2 0 1456 1396 1459 1460
7828 2 2 0 1457 1460 1397 1396
7829 2 2 0 1457 1397 1460 1461
7830 2 2 0 1458 1398 1622 1462
7831 2 2 0 1458 1461 1398 1397
7832 2 2 0 1458 1622 1398 1461
7833 2 2 0 1459 1399 1611 1623
7834 2 2 0 1459 1399 1623 1463
7835 2 2 0 1459 1462 1611 1398
7836 2 2 0 1459 1623 1611 1462
7837 2 2 0 1460 1463 1400 1399
7838 2 2 0 1460 1463 1464 1400
7839 2 2 0 1461 1465 1401 1400
7840 2 2 0 1461 1464 1465 1400
7841 2 2 0 1462 1465 1402 1401
7842 2 2 0 1462 1402 1465 1466
7843 2 2 0 1463 1402 1467 1403
7844 2 2 0 1463 1466 1467 1402
7845 2 2 0 1464 1403 1468 1404
7846 2 2 0 1464 1467 1468 1403
7847 2 2 0 1465 1612 1624 1469
7848 2 2 0 1465 1468 1624 1404
7849 2 2 0 1465 1624 1612 1404
7850 2 2 0 1465 1405 1612 1469
7851 2 2 0 1466 1470 1406 1405
7852 2 2 0 1466 1469 1470 1405
7853 2 2 0 1467 1471 1407 1406
7854 2 2 0 1467 1470 1471 1406
7855 2 2 0 1468 1472 1408 1407
7856 2 2 0 1468 1471 1472 1407
7857 2 2 0 1469 1408 1472 1764
7858 2 2 0 1469 1409 1345 1764
7859 2 2 0 1469 1345 1408 1764
7860 2 2 0 1469 1472 1409 1764
7861 2 2 0 1470 1474 1410 1765
7862 2 2 0 1470 1409 1473 1765
7863 2 2 0 1470 1410 1409 1765
7864 2 2 0 1470 1473 1474 1765
7865 2 2 0 1471 1474 1411 1410
7866 2 2 0 1471 1411 1474 1475
7867 2 2 0 1472 1475 1412 1411
7868 2 2 0 1472 1412 1475 1476
7869 2 2 0 1473 1413 1625 1477
7870 2 2 0 1473 1625 1413 1412
7871 2 2 0 1473 1476 1625 1412
7872 2 2 0 1474 1626 1613 1477
7873 2 2 0 1474 1414 1626 1478
7874 2 2 0 1474 1477 1613 1413
7875 2 2 0 1474 1414 1613 1626
7876 2 2 0 1475 1478 1415 1414
7877 2 2 0 1475 1478 1479 1415
7878 2 2 0 1476 1479 1416 1415
7879 2 2 0 1476 1416 1479 1480
7880 2 2 0 1477 1481 1417 1416
7881 2 2 0 1477 1480 1481 1416
7882 2 2 0 1478 1481 1482 1417
7883 2 2 0 1478 1482 1418 1417
7884 2 2 0 1479 1418 1483 1419
7885 2 2 0 1479 1482 1483 1418
7886 2 2 0 1480 1627 1614 1419
7887 2 2 0 1480 1483 1627 1419
7888 2 2 0 1480 1614 1627 1484
7889 2 2 0 1480 1420 1614 1484
7890 2 2 0 1481 1615 1628 1485
7891 2 2 0 1481 1484 1628 1420
7892 2 2 0 1481 1421 1615 1485
7893 2 2 0 1481 1628 1615 1420
7894 2 2 0 1482 1485 1486 1421
7895 2 2 0 1482 1486 1422 1421
7896 2 2 0 1483 1487 1423 1422
7897 2 2 0 1483 1486 1487 1422
7898 2 2 0 1484 1488 1424 1423
7899 2 2 0 1484 1487 1488 1423
7900 2 2 0 1485 1424 1488 1766
7901 2 2 0 1485 1489 1425 1766
7902 2 2 0 1485 1425 1424 1766
7903 2 2 0 1485 1488 1489 1766
7904 2 2 0 1486 1490 1426 1767
7905 2 2 0 1486 1425 1489 1767
7906 2 2 0 1486 1426 1425 1767
7907 2 2 0 1486 1489 1490 1767
7908 2 2 0 1487 1490 1427 1426
7909 2 2 0 1487 1427 1490 1491
7910 2 2 0 1488 1491 1428 1427
7911 2 2 0 1488 1428 1491 1492
7912 2 2 0 1489 1429 1492 1493
7913 2 2 0 1489 1492 1429 1428
7914 2 2 0 1490 1629 1616 1493
7915 2 2 0 1490 1430 1629 1494
7916 2 2 0 1490 1493 1616 1429
7917 2 2 0 1490 1430 1616 1629
7918 2 2 0 1491 1431 1617 1630
7919 2 2 0 1491 1431 1630 1495
7920 2 2 0 1491 1630 1617 1494
7921 2 2 0 1491 1494 1617 1430
7922 2 2 0 1492 1495 1432 1431
7923 2 2 0 1492 1495 1496 1432
7924 2 2 0 1493 1433 1496 1497
7925 2 2 0 1493 1496 1433 1432
7926 2 2 0 1494 1497 1434 1433
7927 2 2 0 1494 1434 1497 1498
7928 2 2 0 1495 1499 1435 1434
7929 2 2 0 1495 1498 1499 1434
7930 2 2 0 1496 1435 1500 1436
7931 2 2 0 1496 1499 1500 1435
7932 2 2 0 1497 1618 1631 1501
7933 2 2 0 1497 1500 1631 1436
7934 2 2 0 1497 1437 1618 1501
7935 2 2 0 1497 1631 1618 1436
7936 2 2 0 1498 1501 1632 1437
7937 2 2 0 1498 1632 1438 1437
7938 2 2 0 1498 1438 1632 1502
7939 2 2 0 1499 1503 1439 1438
7940 2 2 0 1499 1502 1503 1438
7941 2 2 0 1500 1504 1440 1439
7942 2 2 0 1500 1503 1504 1439
7943 2 2 0 1501 1440 1504 1768
7944 2 2 0 1501 1505 1441 1768
7945 2 2 0 1501 1441 1440 1768
7946 2 2 0 1501 1504 1505 1768
7947 2 2 0 1502 1506 1442 1769
7948 2 2 0 1502 1441 1505 1769
7949 2 2 0 1502 1442 1441 1769
7950 2 2 0 1502 1505 1506 1769
7951 2 2 0 1503 1506 1443 1442
7952 2 2 0 1503 1443 1506 1507
7953 2 2 0 1504 1507 1444 1443
7954 2 2 0 1504 1444 1507 1508
7955 2 2 0 1505 1445 1633 1509
7956 2 2 0 1505 1633 1445 1444
7957 2 2 0 1505 1508 1633 1444
7958 2 2 0 1506 1634 1619 1509
7959 2 2 0 1506 1446 1634 1510
7960 2 2 0 1506 1509 1619 1445
7961 2 2 0 1506 1446 1619 1634
7962 2 2 0 1507 1510 1447 1446
7963 2 2 0 1507 1510 1511 1447
7964 2 2 0 1508 1511 1448 1447
7965 2 2 0 1508 1448 1511 1512
7966 2 2 0 1509 1513 1449 1448
7967 2 2 0 1509 1512 1513 1448
7968 2 2 0 1510 1513 1514 1449
7969 2 2 0 1510 1514 1450 1449
7970 2 2 0 1511 1450 1515 1451
7971 2 2 0 1511 1514 1515 1450
7972 2 2 0 1512 1635 1620 1451
7973 2 2 0 1512 1515 1635 1451
7974 2 2 0 1512 1620 1635 1516
7975 2 2 0 1512 1452 1620 1516
7976 2 2 0 1513 1621 1636 1517
7977 2 2 0 1513 1516 1636 1452
7978 2 2 0 1513 1453 1621 1517
7979 2 2 0 1513 1636 1621 1452
7980 2 2 0 1514 1517 1518 1453
7981 2 2 0 1514 1518 1454 1453
7982 2 2 0 1515 1519 1455 1454
7983 2 2 0 1515 1518 1519 1454
7984 2 2 0 1516 1520 1456 1455
7985 2 2 0 1516 1519 1520 1455
7986 2 2 0 1517 1456 1520 1770
7987 2 2 0 1517 1521 1457 1770
7988 2 2 0 1517 1457 1456 1770
7989 2 2 0 1517 1520 1521 1770
7990 2 2 0 1518 1522 1458 1771
7991 2 2 0 1518 1457 1521 1771
7992 2 2 0 1518 1458 1457 1771
7993 2 2 0 1518 1521 1522 1771
7994 2 2 0 1519 1522 1459 1458
7995 2 2 0 1519 1459 1522 1523
7996 2 2 0 1520 1523 1460 1459
7997 2 2 0 1520 1460 1523 1524
7998 2 2 0 1521 1461 1524 1525
7999 2 2 0 1521 1524 1461 1460
8000 2 2 0 1522 1637 1622 1525
8001 2 2 0 1522 1462 1637 1526
8002 2 2 0 1522 1525 1622 1461
8003 2 2 0 1522 1462 1622 1637
8004 2 2 0 1523 1463 1623 1638
8005 2 2 0 1523 1463 1638 1527
8006 2 2 0 1523 1638 1623 1526
8007 2 2 0 1523 1526 1623 1462
8008 2 2 0 1524 1527 1464 1463
8009 2 2 0 1524 1527 1528 1464
8010 2 2 0 1525 1465 1528 1529
8011 2 2 0 1525 1528 1465 1464
8012 2 2 0 1526 1529 1466 1465
8013 2 2 0 1526 1466 1529 1530
8014 2 2 0 1527 1531 1467 1466
8015 2 2 0 1527 1530 1531 1466
8016 2 2 0 1528 1467 1532 1468
8017 2 2 0 1528 1531 1532 1467
8018 2 2 0 1529 1624 1639 1533
8019 2 2 0 1529 1532 1639 1468
8020 2 2 0 1529 1469 1624 1533
8021 2 2 0 1529 1639 1624 1468
8022 2 2 0 1530 1533 1640 1469
8023 2 2 0 1530 1640 1470 1469
8024 2 2 0 1530 1470 1640 1534
8025 2 2 0 1531 1535 1471 1470
8026 2 2 0 1531 1534 1535 1470
8027 2 2 0 1532 1536 1472 1471
8028 2 2 0 1532 1535 1536 1471
8029 2 2 0 1533 1472 1536 1772
8030 2 2 0 1533 1473 1409 1772
8031 2 2 0 1533 1409 1472 1772
8032 2 2 0 1533 1536 1473 1772
8033 2 2 0 1534 1538 1474 1773
8034 2 2 0 1534 1473 1537 1773
8035 2 2 0 1534 1474 1473 1773
8036 2 2 0 1534 1537 1538 1773
8037 2 2 0 1535 1538 1475 1474
8038 2 2 0 1535 1475 1538 1539
8039 2 2 0 1536 1476 1539 1540
8040 2 2 0 1536 1539 1476 1475
8041 2 2 0 1537 1540 1625 1476
8042 2 2 0 1537 1477 1641 1541
8043 2 2 0 1537 1477 1625 1641
8044 2 2 0 1537 1641 1625 1540
8045 2 2 0 1538 1478 1642 1542
8046 2 2 0 1538 1541 1626 1477
8047 2 2 0 1538 1478 1626 1642
8048 2 2 0 1538 1642 1626 1541
8049 2 2 0 1539 1542 1479 1478
8050 2 2 0 1539 1542 1543 1479
8051 2 2 0 1540 1543 1480 1479
8052 2 2 0 1540 1480 1543 1544
8053 2 2 0 1541 1545 1481 1480
8054 2 2 0 1541 1544 1545 1480
8055 2 2 0 1542 1546 1482 1481
8056 2 2 0 1542 1545 1546 1481
8057 2 2 0 1543 1482 1547 1483
8058 2 2 0 1543 1546 1547 1482
8059 2 2 0 1544 1547 1643 1483
8060 2 2 0 1544 1643 1627 1483
8061 2 2 0 1544 1484 1627 1548
8062 2 2 0 1544 1627 1643 1548
8063 2 2 0 1545 1548 1644 1484
8064 2 2 0 1545 1644 1628 1484
8065 2 2 0 1545 1485 1628 1549
8066 2 2 0 1545 1628 1644 1549
8067 2 2 0 1546 1550 1486 1485
8068 2 2 0 1546 1549 1550 1485
8069 2 2 0 1547 1551 1487 1486
8070 2 2 0 1547 1550 1551 1486
8071 2 2 0 1548 1552 1488 1487
8072 2 2 0 1548 1551 1552 1487
8073 2 2 0 1549 1488 1552 1774
8074 2 2 0 1549 1553 1489 1774
8075 2 2 0 1549 1489 1488 1774
8076 2 2 0 1549 1552 1553 1774
8077 2 2 0 1550 1554 1490 1775
8078 2 2 0 1550 1489 1553 1775
8079 2 2 0 1550 1490 1489 1775
8080 2 2 0 1550 1553 1554 1775
8081 2 2 0 1551 1554 1491 1490
8082 2 2 0 1551 1491 1554 1555
8083 2 2 0 1552 1555 1492 1491
8084 2 2 0 1552 1492 1555 1556
8085 2 2 0 1553 1556 1493 1492
8086 2 2 0 1553 1493 1556 1557
8087 2 2 0 1554 1557 1629 1493
8088 2 2 0 1554 1494 1645 1558
8089 2 2 0 1554 1494 1629 1645
8090 2 2 0 1554 1645 1629 1557
8091 2 2 0 1555 1558 1630 1494
8092 2 2 0 1555 1495 1646 1559
8093 2 2 0 1555 1495 1630 1646
8094 2 2 0 1555 1646 1630 1558
8095 2 2 0 1556 1559 1496 1495
8096 2 2 0 1556 1559 1560 1496
8097 2 2 0 1557 1560 1497 1496
8098 2 2 0 1557 1560 1561 1497
8099 2 2 0 1558 1561 1498 1497
8100 2 2 0 1558 1498 1561 1562
8101 2 2 0 1559 1563 1499 1498
8102 2 2 0 1559 1562 1563 1498
8103 2 2 0 1560 1499 1564 1500
8104 2 2 0 1560 1563 1564 1499
8105 2 2 0 1561 1564 1647 1500
8106 2 2 0 1561 1647 1631 1500
8107 2 2 0 1561 1501 1631 1565
8108 2 2 0 1561 1631 1647 1565
8109 2 2 0 1562 1565 1648 1501
8110 2 2 0 1562 1648 1632 1501
8111 2 2 0 1562 1502 1632 1566
8112 2 2 0 1562 1632 1648 1566
8113 2 2 0 1563 1566 1567 1502
8114 2 2 0 1563 1567 1503 1502
8115 2 2 0 1564 1568 1504 1503
8116 2 2 0 1564 1567 1568 1503
8117 2 2 0 1565 1504 1568 1776
8118 2 2 0 1565 1569 1505 1776
8119 2 2 0 1565 1505 1504 1776
8120 2 2 0 1565 1568 1569 1776
8121 2 2 0 1566 1570 1506 1777
8122 2 2 0 1566 1505 1569 1777
8123 2 2 0 1566 1506 1505 1777
8124 2 2 0 1566 1569 1570 1777
8125 2 2 0 1567 1570 1507 1506
8126 2 2 0 1567 1507 1570 1571
8127 2 2 0 1568 1508 1571 1572
8128 2 2 0 1568 1571 1508 1507
8129 2 2 0 1569 1572 1633 1508
8130 2 2 0 1569 1509 1649 1573
8131 2 2 0 1569 1509 1633 1649
8132 2 2 0 1569 1649 1633 1572
8133 2 2 0 1570 1510 1650 1574
8134 2 2 0 1570 1573 1634 1509
8135 2 2 0 1570 1510 1634 1650
8136 2 2 0 1570 1650 1634 1573
8137 2 2 0 1571 1574 1511 1510
8138 2 2 0 1571 1574 1575 1511
8139 2 2 0 1572 1575 1512 1511
8140 2 2 0 1572 1512 1575 1576
8141 2 2 0 1573 1577 1513 1512
8142 2 2 0 1573 1576 1577 1512
8143 2 2 0 1574 1578 1514 1513
8144 2 2 0 1574 1577 1578 1513
8145 2 2 0 1575 1514 1579 1515
8146 2 2 0 1575 1578 1579 1514
8147 2 2 0 1576 1579 1651 1515
8148 2 2 0 1576 1651 1635 1515
8149 2 2 0 1576 1516 1635 1580
8150 2 2 0 1576 1635 1651 1580
8151 2 2 0 1577 1580 1652 1516
8152 2 2 0 1577 1652 1636 1516
8153 2 2 0 1577 1517 1636 1581
8154 2 2 0 1577 1636 1652 1581
8155 2 2 0 1578 1582 1518 1517
8156 2 2 0 1578 1581 1582 1517
8157 2 2 0 1579 1583 1519 1518
8158 2 2 0 1579 1582 1583 1518
8159 2 2 0 1580 1584 1520 1519
8160 2 2 0 1580 1583 1584 1519
8161 2 2 0 1581 1520 1584 1778
8162 2 2 0 1581 1585 1521 1778
8163 2 2 0 1581 1521 1520 1778
8164 2 2 0 1581 1584 1585 1778
8165 2 2 0 1582 1586 1522 1779
8166 2 2 0 1582 1521 1585 1779
8167 2 2 0 1582 1522 1521 1779
8168 2 2 0 1582 1585 1586 1779
8169 2 2 0 1583 1586 1523 1522
8170 2 2 0 1583 1523 1586 1587
8171 2 2 0 1584 1587 1524 1523
8172 2 2 0 1584 1524 1587 1588
8173 2 2 0 1585 1588 1525 1524
8174 2 2 0 1585 1525 1588 1589
8175 2 2 0 1586 1589 1637 1525
8176 2 2 0 1586 1526 1653 1590
8177 2 2 0 1586 1526 1637 1653
8178 2 2 0 1586 1653 1637 1589
8179 2 2 0 1587 1590 1638 1526
8180 2 2 0 1587 1527 1654 1591
8181 2 2 0 1587 1527 1638 1654
8182 2 2 0 1587 1654 1638 1590
8183 2 2 0 1588 1591 1528 1527
8184 2 2 0 1588 1591 1592 1528
8185 2 2 0 1589 1592 1529 1528
8186 2 2 0 1589 1592 1593 1529
8187 2 2 0 1590 1593 1530 1529
8188 2 2 0 1590 1530 1593 1594
8189 2 2 0 1591 1595 1531 1530
8190 2 2 0 1591 1594 1595 1530
8191 2 2 0 1592 1531 1596 1532
8192 2 2 0 1592 1595 1596 1531
8193 2 2 0 1593 1596 1655 1532
8194 2 2 0 1593 1655 1639 1532
8195 2 2 0 1593 1533 1639 1597
8196 2 2 0 1593 1639 1655 1597
8197 2 2 0 1594 1597 1656 1533
8198 2 2 0 1594 1656 1640 1533
8199 2 2 0 1594 1534 1640 1598
8200 2 2 0 1594 1640 1656 1598
8201 2 2 0 1595 1598 1599 1534
8202 2 2 0 1595 1599 1535 1534
8203 2 2 0 1596 1600 1536 1535
8204 2 2 0 1596 1599 1600 1535
8205 2 2 0 1597 1536 1600 1780
8206 2 2 0 1597 1537 1473 1780
8207 2 2 0 1597 1473 1536 1780
8208 2 2 0 1597 1600 1537 1780
$EndElements
