$MeshFormat
2.2 0 8
$EndMeshFormat
$PhysicalNames
4
2 1 "SD1G0"
2 2 "SD1D1001"
2 3 "SD2G0"
2 4 "I1-2"
$EndPhysicalNames
$Nodes
2366
1 12.7 0 0
2 9.368 8.574999999999999 0
3 0 12.7 0
4 12.926 0 3.166
5 9.630000000000001 8.814 3.166
6 0 12.85 3.166
7 13.941 0 7.564
8 10.775 9.862 7.564
9 0 13.532 7.564
10 16.39 0 13.631
11 13.408 12.272 13.631
12 0 15.238 13.631
13 20.474 0 21.126
14 17.574 16.085 21.126
15 0 18.212 21.126
16 26.501 0 30.59
17 23.483 21.494 30.59
18 0 22.777 30.59
19 34.307 0 41.89
20 30.953 28.331 41.89
21 0 28.855 41.89
22 44.306 0 55.729
23 40.384 36.963 55.729
24 0 36.781 55.729
25 56.325 0 71.89100000000001
26 51.619 47.246 71.89100000000001
27 0 46.419 71.89100000000001
28 70.07899999999999 0 89.96599999999999
29 64.392 58.938 89.96599999999999
30 0 57.541 89.96599999999999
31 86.166 0 110.589
32 79.262 72.548 110.589
33 0 70.651 110.589
34 104.01 0 132.741
35 95.738 87.628 132.741
36 0 85.331 132.741
37 123.253 0 155.625
38 113.617 103.992 155.625
39 0 101.369 155.625
40 143.877 0 178.783
41 133.094 121.82 178.783
42 0 118.86 178.783
43 164.71 0 200.521
44 153.28 140.296 200.521
45 0 136.915 200.521
46 185.639 0 220.49
47 174.176 159.422 220.49
48 0 155.496 220.49
49 205.725 0 237.739
50 194.785 178.285 237.739
51 0 173.764 237.739
52 225.698 0 252.909
53 215.661 197.392 252.909
54 0 192.344 252.909
55 245.069 0 265.642
56 236.018 216.025 265.642
57 0 210.723 265.642
58 263.311 0 275.791
59 255 233.399 275.791
60 0 228.309 275.791
61 281.333 0 284.033
62 273.284 250.134 284.033
63 0 245.895 284.033
64 298.655 0 290.293
65 290.18 265.599 290.293
66 0 262.95 290.293
67 316.313 0 295.059
68 306.543 280.576 295.059
69 0 280.445 295.059
70 333.02 0 298.186
71 321.157 293.951 298.186
72 0 297.064 298.186
73 348 0 300
74 333.572 305.316 300
75 0 312 300
76 0 0 300
77 0 0 0
78 0 0 -10
79 349 0 300
80 359 0 290
81 359 0 0
82 349 0 -10
83 0 313 300
84 0 323 290
85 0 323 0
86 0 313 -10
87 349 313 300
88 359 313 290
89 359 313 0
90 349 313 -10
91 349 323 290
92 349 323 0
93 11.8375887473529 4.600829718881975 0
94 5.118899236755635 11.62212128894825 0
95 12.07984255392577 4.710408101477658 3.165999999999999
96 5.228664267343312 11.80472948342786 3.166
97 13.16544484051888 5.204572295467268 7.564
98 5.736063276851264 12.6375626026917 7.563999999999999
99 15.76425859008261 6.384726384500597 13.631
100 9.305775435254233 14.33602120754498 13.631
101 4.673454986955035 14.99486363669162 13.631
102 12.08121484354197 11.05758593730959 10.57380078077066
103 15.15593359355664 0 10.57380078077099
104 20.28143166227843 5.538529573973688 21.126
105 19.68224591788483 11.04634780243733 21.126
106 12.10820591699038 18.27669605738213 21.126
107 6.055146200933218 18.28585462344312 21.126
108 15.45990367249819 14.15003857494854 17.32255497488573
109 18.4015157461553 0 17.32255497488588
110 0 16.70280113347129 17.32255497490495
111 26.45561615961921 5.524507702406905 30.59
112 26.2994749372023 11.04672737550196 30.59000000000001
113 25.66174959036858 16.52299200335247 30.59
114 18.11274162564512 23.93224944318544 30.59
115 12.06677684736694 23.79619953187908 30.59
116 6.048244726485041 23.09768505594257 30.59
117 20.49706603378869 18.76072587185023 25.80765458517112
118 23.45543831200593 0 25.80765458517075
119 0 20.47021567850942 25.80765458519456
120 34.32753616839533 7.266130029628067 41.89000000000001
121 34.31947495509071 14.53198945931385 41.89
122 33.69447131465837 21.7546270978671 41.89
123 25.3801590157212 31.07114071996043 41.89
124 19.02391626719132 31.24290052074026 41.89
125 12.69605297568518 30.31543924284354 41.88999999999999
126 6.379371557811195 29.29810092585467 41.89000000000001
127 25.92826191618106 23.73205297468941 34.2889905827103
128 28.41799218304484 26.01080609845751 38.05524921933156
129 30.35124775538689 0 36.16363561822596
130 0 25.77492542370165 36.1636356182673
131 44.3623796526139 7.576855131724415 55.729
132 44.50217875945579 15.15265364751608 55.72899999999999
133 44.49906762898446 22.72925647279432 55.72900000000001
134 43.42930814667049 30.208765796569 55.729
135 34.41192471358271 40.06692046975255 55.729
136 27.53872416542074 40.80419590729263 55.729
137 20.62979505262145 39.91625237791744 55.729
138 13.80133526521439 38.52755176491002 55.72899999999999
139 6.945407162699176 37.28912986400875 55.729
140 34.01738728863608 31.13577055195702 46.38666585594684
141 37.16038232850438 34.01248915911884 50.99868031430093
142 37.55594586990473 0 46.38666585594674
143 40.88823379310105 0 50.99868031430398
144 0 34.07180758518217 50.99868031432451
145 0 31.43037203370094 46.38666585596609
146 56.39409620221964 8.067076290329849 71.89100000000002
147 56.57810856760047 16.13237395849919 71.89100000000002
148 56.75712860273384 24.19734030674466 71.89100000000001
149 56.61981143341972 32.26091562926374 71.89100000000001
150 55.06657847173638 40.16640623474023 71.89100000000001
151 45.17206958524879 50.77300647181335 71.89099999999999
152 37.7036612040561 52.16847341087545 71.89100000000001
153 30.10333034831418 51.41274803334301 71.89100000000001
154 22.60256118765584 49.96432823443389 71.89100000000002
155 15.13963454428407 48.31568709408086 71.89100000000001
156 7.620161002471498 46.95714377910515 71.89100000000001
157 44.02721818726773 40.29750935644629 60.96991609636146
158 47.7712890902671 43.72432565333482 66.35591288623915
159 48.20344905232182 0 60.96991618134831
160 52.20878837075487 0 66.35591285865215
161 0 43.11822224611891 66.35591283894728
162 0 39.90635266587462 60.96991614296179
163 70.15296591507408 8.624287559931057 89.96599999999999
164 70.36147359029366 17.24632391571402 89.96599999999999
165 70.63558835871142 25.866538460463 89.96599999999999
166 70.73907568344667 34.49028167337162 89.96599999999999
167 70.23543490808721 43.08956418519455 89.96599999999999
168 68.30671614813279 51.49235563367631 89.96599999999999
169 56.33883781383425 63.31880691290085 89.96599999999998
170 47.00987167549066 65.02121232404187 89.96600000000001
171 37.52863423038241 64.02448202358886 89.96600000000001
172 28.17834655628747 62.15485252671488 89.96599999999999
173 18.88014902652891 60.02097650373152 89.96599999999999
174 9.508435855723331 58.24905038520861 89.96600000000001
175 55.76967922349627 51.04540041345952 77.76460267475888
176 60.02644277134929 54.94190706040992 83.78832467643767
177 60.79446228940097 0 77.7646026523864
178 65.37815648364762 0 83.78832466496515
179 0 53.73972171087497 83.78832466499415
180 0 50.03317475519641 77.76460265241639
181 86.2425127663424 9.287848943808793 110.589
182 86.45247833048863 18.5735269315396 110.589
183 86.74213999446587 27.85713467366161 110.589
184 86.97801592307711 37.14172365081422 110.589
185 86.99961116505708 46.42931165641983 110.589
186 85.94058931383607 55.64260860918199 110.589
187 83.72725617914337 64.6618062493359 110.589
188 70.72496536452813 77.4377327279515 110.589
189 60.78396377267648 79.92005256049806 110.589
190 50.54055148570651 79.36497993048958 110.589
191 40.39653181220182 77.73698422990444 110.589
192 30.38117117579322 75.43552097361847 110.589
193 20.36862789715238 73.12178168565056 110.589
194 10.24994394143309 71.34037267650984 110.589
195 69.21702226489356 63.35417706961678 96.6577575096772
196 74.17251311948216 67.88976755589457 103.5304601252912
197 75.29891483218128 0 96.65775754236805
198 80.65997795890519 0 103.530462512992
199 0 66.16390177088688 103.5304624882532
200 0 61.79493720162633 96.65775796408388
201 104.1021188098347 11.21626929011233 132.741
202 104.3551966457557 22.42992593096962 132.741
203 104.704863678167 33.64107546316311 132.741
204 104.9900497704923 44.85340394967353 132.741
205 105.0175899437071 56.06935428155683 132.741
206 103.7523076330989 67.19760773497747 132.741
207 101.1142953659963 78.09799332209228 132.741
208 86.69913175853533 93.01574505301086 132.741
209 76.12500089556202 96.09814778560364 132.741
210 65.13261609407142 96.25800035291097 132.741
211 54.20008734047184 94.82289077697193 132.741
212 43.39908366750656 92.6167113042534 132.741
213 32.65294232950198 90.14267517291655 132.741
214 21.88802538429628 87.75580599124009 132.741
215 11.00555335692309 85.99265584427779 132.741
216 84.60278021760368 77.43625963106722 117.7696848373608
217 90.09337985486545 82.46164458675473 125.1518020481294
218 91.95022447417193 0 117.7696848549572
219 97.89670785447878 0 125.1518020843092
220 0 80.30168457792647 125.1518041396613
221 0 75.40959760069981 117.769684880838
222 123.3436135211529 11.8260660639108 155.625
223 123.5718914735055 23.65012355772622 155.625
224 123.9067216192833 35.47179928545543 155.625
225 124.3080486356099 47.29135495899651 155.625
226 124.4508772492219 59.11670221265796 155.625
227 124.2059996727345 70.93672012450729 155.625
228 122.3659249598625 82.60852134066377 155.625
229 119.5811866854208 94.10170379781286 155.625
230 104.0540762563832 109.8045617213904 155.625
231 92.81741967049348 113.2485895627556 155.625
232 81.14235833209013 114.2474800592707 155.625
233 69.44949794696646 113.0467230811555 155.625
234 57.84172383496163 111.1857397651114 155.625
235 46.36761069607605 108.6145596036294 155.625
236 34.89468380342002 106.0376428080801 155.625
237 23.37533663983793 103.6822334085876 155.625
238 11.74093081061672 102.0010352899008 155.625
239 101.546095698649 92.94393925905769 140.1749986558467
240 107.5044683057214 98.39742151992978 147.8013423406302
241 110.2611998114732 0 140.1749997134414
242 116.6741394356085 0 147.8013422982105
243 0 95.88587544919955 147.8013422982593
244 0 90.54103703045402 140.1749997134874
245 143.9680539692475 12.45582874404501 178.783
246 144.1732175789977 24.91016240362677 178.783
247 144.513423194027 37.36167260378078 178.783
248 144.9184218480189 49.81117098651929 178.783
249 145.1900275385407 62.26377313821148 178.783
250 145.294721678926 74.71933533290347 178.783
251 144.6126496570639 87.14979482558277 178.783
252 142.4411688479894 99.41149519120373 178.783
253 139.6712164255181 111.5554958776007 178.783
254 122.9298042946111 127.932780118267 178.783
255 110.9649968505191 131.4864976648794 178.783
256 98.63340848962706 133.2282897342622 178.783
257 86.18053902548012 132.4765349950688 178.783
258 73.80260847661567 130.8516277944139 178.783
259 61.54265840901642 128.5074647026871 178.783
260 49.33520849623407 125.8932870442764 178.783
261 37.13295214484549 123.2543169455041 178.783
262 24.85384776093528 121.0043194237195 178.783
263 12.46955706233605 119.4585616223211 178.783
264 119.9559257197592 109.7942471495541 163.1619328858747
265 126.4470411627856 115.7357990373333 170.8798181572002
266 129.9652248829053 0 163.1619328858766
267 136.8386019377376 0 170.8798181572017
268 0 112.8908077721898 170.8798181572449
269 0 107.0615681452441 163.1619328859164
270 164.8031582278528 13.02285378932175 200.521
271 164.9898917092628 26.04459000567253 200.521
272 165.3295834108461 39.06332597978748 200.521
273 165.7206444475389 52.0805918062345 200.521
274 166.1413627910117 65.09687965854147 200.521
275 166.3255557549131 78.11866683783158 200.521
276 166.3143834920732 91.14062324650244 200.521
277 165.2216190573124 104.1105797924751 200.521
278 163.0396956312395 116.9483936497459 200.521
279 160.4511842420338 129.7114422193175 200.521
280 142.4930254651359 146.5319453486759 200.521
281 129.8105905013932 149.9052648773457 200.521
282 116.8821724056834 152.0899186069321 200.521
283 103.7710535862709 151.9121553082054 200.521
284 90.72741694974621 150.4679467580937 200.521
285 77.74284472935412 148.5711031618893 200.521
286 64.87202398562202 146.0038055238347 200.521
287 51.99741448584463 143.4544162865853 200.521
288 39.12020214708402 140.9194585423463 200.521
289 26.16236655059343 138.8370457642072 200.521
290 13.11258931398855 137.4728920640088 200.521
291 139.6742024902761 127.8427792138285 185.8691211598941
292 146.4017682740594 134.0004382557971 193.1139356356634
293 150.668110595465 0 185.8691211599009
294 157.6113077604986 0 193.1139356356607
295 0 130.7628909238511 193.1139356357062
296 0 124.7455422551662 185.8691211599448
297 185.7455449135605 14.77558474563802 220.49
298 185.9608451792472 29.5498557230307 220.49
299 186.348828592792 44.32070500860578 220.49
300 186.8047869452391 59.08958212290347 220.49
301 187.2960072024856 73.85729218122344 220.49
302 187.5646468209829 88.6307487085213 220.49
303 187.6268833507575 103.405430825974 220.49
304 186.6165234354963 118.1409980202057 220.49
305 184.605282073899 132.7785104723944 220.49
306 182.1925120628132 147.3557688329181 220.49
307 162.7368612797022 165.6309769024475 220.49
308 149.3553377022733 168.5702796559573 220.49
309 135.8365467185827 170.7719166123043 220.49
310 122.1550281792845 171.1718799081171 220.49
311 108.50130854539 170.0689577916045 220.49
312 94.89526701517958 168.4591859936735 220.49
313 81.37238036357864 166.2662500211591 220.49
314 67.89885646762534 163.7803499398674 220.49
315 54.41812836386819 161.3336224202327 220.49
316 40.91203086339903 159.0346306414533 220.49
317 27.34025721021887 157.1617900293959 220.49
318 13.69154608931054 156.0024860054815 220.49
319 160.116719786182 146.5536140232827 207.0544254120534
320 167.0812555709414 152.9282173645591 213.7099965781073
321 175.0291332048767 0 210.3668010878772
322 0 146.0764417354332 210.3668010879321
323 205.8334501719965 15.12696812308348 237.739
324 206.0315497058066 30.25292371953256 237.739
325 206.4103309643465 45.3754963929654 237.739
326 206.8609694160137 60.49613527558392 237.739
327 207.4105793805017 75.61350042208979 237.739
328 207.8057397046018 90.73547228441701 237.739
329 208.1488136602757 105.858897933933 237.7390000000001
330 208.043813640647 120.9841491383976 237.739
331 206.97558951479 136.0714737048224 237.739
332 205.3423051907342 151.110068141041 237.739
333 203.3522492034118 166.1039652662508 237.739
334 181.683907622606 184.5608916183344 237.739
335 166.6368714216364 187.0600439448668 237.739
336 151.5024915070956 188.9432316644767 237.739
337 136.2636514666521 189.2995847854818 237.739
338 121.0531337352075 188.1913951666635 237.739
339 105.8881689055476 186.5506927166386 237.739
340 90.79157833436659 184.3780391816646 237.739
341 75.74137372400257 181.8964127094499 237.7390000000001
342 60.68132109425881 179.4750740493266 237.739
343 45.59740370062044 177.2109083215434 237.739
344 30.45471519409874 175.380497087043 237.739
345 15.24548840601286 174.2553923803494 237.739
346 180.9401204036395 165.6130623113131 226.1513281984753
347 187.8092452091316 171.9002330234291 231.9005413466112
348 195.5659780322895 0 229.0148652832302
349 0 164.5244792738683 229.0148652832797
350 225.8085791600952 15.44482412947877 252.9089999999999
351 225.9907999137864 30.88889183396275 252.909
352 226.3520224210862 46.32983895671963 252.909
353 226.8045633276392 61.76842813982709 252.909
354 227.3489401941142 77.20400736974159 252.909
355 227.8806540303832 92.64001727229164 252.909
356 228.3008434578591 108.0794862850474 252.909
357 228.6369563052576 123.520770233331 252.909
358 228.4274924325904 138.9630392650472 252.909
359 227.5663521156134 154.3837413730959 252.909
360 226.3988985360085 169.7846408131255 252.909
361 224.6778200328154 185.1024075878881 252.909
362 202.0397458508707 203.4646627346133 252.909
363 186.5245808377751 205.2781738147931 252.909
364 170.9710431390426 206.7198542042644 252.909
365 155.3656031666351 207.2990787351764 252.909
366 139.7632629797481 206.5987132581031 252.909
367 124.2071299261321 205.1818732946202 252.909
368 108.6757280606909 203.5180728411036 252.909
369 93.20448791787298 201.3625521266183 252.909
370 77.73400800834932 199.2005692050621 252.909
371 62.26169966323301 197.0508834912023 252.909
372 46.75597249139344 195.1608949367927 252.909
373 31.20931321963275 193.6448712465224 252.909
374 15.61532984280871 192.7602447856621 252.909
375 201.6557610700331 184.5735433878675 242.7317881506228
376 208.6140563008942 190.9422034269585 247.7881849053729
377 215.6166838861752 0 245.2519847570859
378 0 182.9657967680956 245.2519847670619
379 245.1785112262073 15.68641242809788 265.6419999999999
380 245.3424637593004 31.37229950226392 265.6420000000001
381 245.675031278175 47.05551939094062 265.642
382 246.1128675538227 62.73619499133574 265.642
383 246.624655195993 78.41460112600065 265.6420000000001
384 247.200872567155 94.0908113837669 265.6419999999999
385 247.685132444918 109.7700942722554 265.642
386 248.1824841356251 125.448998765041 265.6420000000001
387 248.4697384794355 141.132800029497 265.6420000000001
388 248.2847961662987 156.8178208237289 265.6420000000001
389 247.7551882528747 172.4955517344743 265.642
390 247.0393843153493 188.1659328677351 265.642
391 244.9970205127096 203.3715732930224 265.642
392 221.9729568021346 221.9352017460362 265.6419999999999
393 206.1091799749039 223.1162530229242 265.642
394 190.2292345281605 224.0528753441582 265.642
395 174.3302437921203 224.5473238043134 265.642
396 158.4295666467403 224.1529230673582 265.6420000000001
397 142.5613505064119 223.0414800613987 265.642
398 126.7135320332791 221.6616785444524 265.642
399 110.8943041543798 219.9906792727105 265.642
400 95.1026252240364 218.072355268462 265.642
401 79.29981078902399 216.2481016589945 265.6419999999999
402 63.493529237204 214.4545746240898 265.642
403 47.65847727542472 212.9375213861688 265.642
404 31.79656657349974 211.7358047735713 265.6420000000001
405 15.90404035997456 211.0659724688218 265.642
406 225.7616829192305 206.6372731165703 259.2268265761439
407 235.3094520228289 0 259.2268265761541
408 0 201.4632440621744 259.2268265761829
409 263.4215564766266 16.9434120211325 275.791
410 263.5888861335455 33.88630751434047 275.791
411 263.9268932083139 50.82666378963493 275.791
412 264.3736485362385 67.76453589447834 275.791
413 264.9011954129812 84.7000616147573 275.791
414 265.4960707992433 101.6333921781952 275.791
415 266.0317603855289 118.5686825669746 275.7910000000001
416 266.5902745119523 135.5032448476626 275.791
417 266.9816628600438 152.4422927593403 275.791
418 267.0173688117203 169.3857263278649 275.7909999999999
419 266.8193733220648 186.3282880415538 275.791
420 266.47140101972 203.2684304006176 275.7909999999999
421 264.6871049966593 219.760163646731 275.791
422 240.6805070971174 239.2211943643642 275.7909999999999
423 224.6163109807328 239.905216868006 275.7909999999999
424 208.5450846501509 240.3985092757392 275.791
425 192.4684606201253 240.6526742562611 275.791
426 176.3924840408238 240.4156869710657 275.791
427 160.3354422642303 239.5895034457929 275.791
428 144.2986666347573 238.4278014592348 275.791
429 128.2695542495954 237.1655631195452 275.791
430 112.2639895943319 235.6329013399389 275.7910000000001
431 96.26125067989607 234.0706151112251 275.791
432 80.25256747110932 232.5697718550379 275.791
433 64.23587311678378 231.1582561450269 275.791
434 48.20003692297819 229.9839177292403 275.791
435 32.14739479898897 229.0705149086404 275.7910000000001
436 16.07653221026268 228.5823464961739 275.791
437 245.452507202873 224.6602928112272 270.6862953114507
438 254.1357095350907 0 270.686295311459
439 0 219.4636618728699 270.6862953114839
440 281.4309033853365 16.94581073085721 284.033
441 281.566198342637 33.8913376642427 284.033
442 281.8432317661272 50.83512899721612 284.033
443 282.2222522900533 67.77697196469876 284.033
444 282.6683661535331 84.71718211359142 284.033
445 283.1940705277166 101.6551173199349 284.033
446 283.7191449685965 118.5930728245807 284.033
447 284.2402419192731 135.5311429614883 284.033
448 284.7521564695114 152.4694834413439 284.0330000000001
449 285.0986399468295 169.4119091426509 284.0330000000001
450 285.2471157173047 186.3573193930812 284.033
451 285.2934508913093 203.3033347764605 284.0330000000001
452 285.2242955796062 220.2492314315759 284.033
453 283.2598430221956 236.6905878484308 284.0330000000001
454 257.7679147104453 255.9832848803923 284.0330000000001
455 240.56523364224 256.3069984211191 284.0330000000001
456 223.3598996641454 256.443984689381 284.033
457 206.1540936961163 256.4144945913981 284.033
458 188.9520852913391 256.0710262466872 284.033
459 171.7637166689894 255.3009944742941 284.033
460 154.5885555812316 254.2733297840053 284.033
461 137.4176372992759 253.1772348007056 284.0330000000001
462 120.2600937029459 251.888482563624 284.033
463 103.1035298992648 250.5866129348939 284.033
464 85.94226772617584 249.3476496213624 284.033
465 68.77501928972077 248.1957381028922 284.0330000000001
466 51.59562969428489 247.241754008171 284.033
467 34.4056282862023 246.5056332899672 284.0330000000001
468 17.20450629642324 246.1148532676515 284.0330000000001
469 264.08885007192 241.7178528742935 279.8880412542532
470 272.2696116821539 0 279.8880412542621
471 0 237.0508790945954 279.8880412542736
472 298.7346650598951 16.86809659758672 290.293
473 298.8360187436739 33.73606562366433 290.293
474 299.0438107426766 50.60304357183522 290.293
475 299.3369320521246 67.46877226262171 290.293
476 299.6865423152553 84.33343158345795 290.2929999999999
477 300.0990074234413 101.1966655546677 290.293
478 300.5445125178679 118.0590684598901 290.293
479 300.9805564495312 134.9217176946372 290.293
480 301.4456593745774 151.7835913501315 290.293
481 301.8677037005739 168.6465790464755 290.293
482 302.1758358964477 185.5120153600956 290.293
483 302.416417449429 202.3785846946712 290.293
484 302.6039998353016 219.2458204255626 290.293
485 302.6835568668909 236.1138446352245 290.293
486 300.38735328745 252.4073197223965 290.293
487 274.6589784034455 271.5148057343174 290.2929999999999
488 257.4817760366223 271.6255913168893 290.293
489 240.304097804735 271.5456586281664 290.293
490 223.1271754868784 271.3652565853615 290.293
491 205.952201284915 271.0531245303509 290.2930000000001
492 188.7833451298119 270.5006732705187 290.293
493 171.6219490192214 269.7491924397352 290.293
494 154.4635183461041 268.931744562528 290.293
495 137.3087950055881 268.0408204636993 290.293
496 120.1583189089677 267.0707164909697 290.293
497 103.0048659444522 266.1550241365596 290.2930000000001
498 85.84962408034235 265.2732998278518 290.2929999999999
499 68.6895762543475 264.4917304452783 290.293
500 51.52397125286068 263.8432192096883 290.293
501 34.35313019273737 263.3540713172004 290.293
502 17.17718464362093 263.1047498692741 290.293
503 281.7078635405604 257.8444077683929 287.1540573960647
504 289.9692549863639 0 287.154057396065
505 0 254.3981364041985 287.1540573960881
506 316.3687694538957 16.77053653301371 295.059
507 316.4344447062954 33.54103408160269 295.059
508 316.5667119730246 50.31112808792683 295.059
509 316.7585597012388 67.08065529144926 295.059
510 316.9926979778335 83.84964845039457 295.059
511 317.2651310905328 100.618060228436 295.059
512 317.573596457 117.3858523711824 295.0590000000001
513 317.8897411275469 134.1535025372595 295.059
514 318.2172338334638 150.9209328912558 295.059
515 318.5546716988167 167.6881672439889 295.059
516 318.8575580718904 184.4560559405954 295.059
517 319.117171003891 201.2246762544849 295.059
518 319.3745658332556 217.9933331959604 295.059
519 319.5963736950181 234.7624904226653 295.0590000000001
520 319.7025918742256 251.532672259948 295.0590000000001
521 316.9475577065402 267.6382458810235 295.059
522 291.0767071949026 286.6499123128868 295.059
523 273.950087662518 286.6956236651998 295.059
524 256.8237221004829 286.5315184900418 295.059
525 239.6981485886472 286.2979728244108 295.059
526 222.5733135924842 286.015316344751 295.059
527 205.4501007116582 285.6490395459489 295.0590000000001
528 188.3296943670191 285.1685229570879 295.059
529 171.2110464284604 284.6283118826539 295.059
530 154.0926707498261 284.079665473316 295.059
531 136.9760762083219 283.4779784357683 295.059
532 119.8594474195612 282.8772734469871 295.0590000000001
533 102.7414150813204 282.3178662675191 295.059
534 85.62244705566759 281.7880840132025 295.0590000000001
535 68.50135444086487 281.3324825366304 295.059
536 51.37836714981641 280.9547575839636 295.059
537 34.25349024322554 280.6764670584488 295.059
538 17.12690883176307 280.5389375280092 295.0590000000001
539 298.3383890692843 273.0663466412437 292.6692685512564
540 307.4590600247787 0 292.6692685512569
541 0 271.672790244302 292.6692685512629
542 333.0489900124021 17.56974456061142 298.186
543 333.0830389691527 35.13947911420532 298.186
544 333.1520737537115 52.70910843243153 298.186
545 333.2526166356053 70.27858781651099 298.186
546 333.3760926608331 87.84792172074486 298.186
547 333.5199794704524 105.4171003848845 298.186
548 333.6834509440103 122.9861078051634 298.186
549 333.8542497960872 140.5550464981582 298.1859999999999
550 334.0327825152355 158.1239072501984 298.186
551 334.2188146097551 175.6926913508902 298.186
552 334.3935027679697 193.261590836695 298.186
553 334.5646583782059 210.8305213730281 298.186
554 334.7623061367912 228.3991807049956 298.186
555 334.9354660312802 245.9680921292935 298.1859999999999
556 334.9925993093961 263.5376501432881 298.1859999999999
557 332.0862154674868 280.4204161364065 298.186
558 304.918260458462 300.2682087379188 298.186
559 286.9813242027656 300.3502456191363 298.186
560 269.0442021863711 300.2118520762722 298.186
561 251.1075675153891 300.0190767046577 298.1859999999999
562 233.1710575670341 299.814840570549 298.1859999999999
563 215.2346167681688 299.6051382545122 298.186
564 197.2987498481176 299.3510326282204 298.186
565 179.3632005815065 299.075150461494 298.186
566 161.4276676126452 298.7982385886914 298.186
567 143.4924316746043 298.5027292993428 298.186
568 125.557104107875 298.2128967262618 298.186
569 107.6214486497514 297.9440295005273 298.186
570 89.68553618610484 297.6929860214306 298.186
571 71.74915401449465 297.478240107547 298.1859999999999
572 53.81236184952705 297.3011035039542 298.186
573 35.87516594288047 297.1714918695411 298.186
574 17.93761565550841 297.1079365151076 298.186
575 313.8295899577445 287.2448203561539 296.6181328040145
576 348.0000000000001 17.23573676399834 300
577 348 34.47147333122504 300
578 347.9999999999999 51.70721036030259 300
579 348 68.94294685323864 300.0000000000001
580 348 86.17868339189714 300
581 348 103.4144204722193 300
582 347.9999999999999 120.6501573011107 300
583 348 137.8858938382672 300
584 348 155.1216305489741 300
585 348 172.35736666338 300
586 348 189.5931030548457 300
587 348.0000000000001 206.8288403668411 300.0000000000001
588 348.0350048449507 224.0645339723559 300
589 348.0951566903279 241.3001671271899 300
590 348.126799526943 258.5358681418818 300
591 348.0236369885318 275.7711152924723 300
592 344.5206205024336 292.1964496596851 300
593 317.6820442042676 311.8783102821759 300
594 300.0351976015089 312.117252063173 300
595 282.3860739832631 312.113869059681 300.0000000000001
596 264.7370143323676 312.0601975339585 299.9999999999999
597 247.0879512923951 312.0076919537535 299.9999999999999
598 229.4388176644529 312.0000000000001 300
599 211.7896777196902 312 300.0000000000001
600 194.1405376530941 311.9999999999999 299.9999999999999
601 176.4913973752337 312 300
602 158.8422576522609 312 299.9999999999999
603 141.1931185265352 312 300
604 123.5439781893428 312 300
605 105.8948384741743 312.0000000000001 300.0000000000001
606 88.245698684624 311.9999999999999 299.9999999999999
607 70.59655878524424 312 300
608 52.94741886942708 311.9999999999999 299.9999999999999
609 35.29827897303878 312.0000000000001 300
610 17.64913933893114 312 300.0000000000001
611 330.6000000001366 0 300
612 313.2000000002155 0 300
613 295.8000000002099 0 300
614 278.4000000003466 0 300
615 261.0000000004832 0 300
616 243.6000000006198 0 300
617 226.2000000007565 0 300
618 208.800000000811 0 300
619 191.4000000008054 0 300
620 174.0000000007998 0 300
621 156.6000000007943 0 300
622 139.2000000007887 0 300
623 121.8000000007831 0 300
624 104.4000000007776 0 300
625 87.00000000073874 0 300
626 69.60000000059114 0 300
627 52.20000000044337 0 300
628 34.80000000029554 0 300
629 17.40000000014777 0 300
630 0 17.33333333330024 300
631 0 34.66666666660745 300
632 0 51.99999999990533 300
633 0 69.33333333318255 300
634 0 86.66666666643106 300
635 0 103.9999999996796 300
636 0 121.3333333329281 300
637 0 138.6666666662253 300
638 0 155.9999999995528 300
639 0 173.3333333328803 300
640 0 190.6666666662078 300
641 0 207.9999999995354 300
642 0 225.3333333328629 300
643 0 242.6666666661904 300
644 0 259.9999999995438 300
645 0 277.3333333330291 300
646 0 294.6666666665145 300
647 4.233333333322931 0 0
648 8.46666666665539 0 0
649 0 8.466666666676733 0
650 0 4.233333333344325 0
651 356.0710678217876 0 297.0710678019434
652 359 0 265.8333333334231
653 359 0 241.6666666668461
654 359 0 217.5000000002692
655 359 0 193.3333333336923
656 359 0 169.1666666671154
657 359 0 145.0000000005329
658 359 0 120.8333333337247
659 359 0 96.66666666691091
660 359 0 72.50000000009715
661 359 0 48.33333333328335
662 359 0 24.16666666657693
663 356.0710677915254 0 -7.071067832205529
664 324.0714285714753 0 -10
665 299.1428571429507 0 -10
666 274.2142857144261 0 -10
667 249.2857142859014 0 -10
668 224.3571428573768 0 -10
669 199.4285714288522 0 -10
670 174.500000000322 0 -10
671 149.5714285715999 0 -10
672 124.6428571428722 0 -10
673 99.71428571414455 0 -10
674 74.78571428557393 0 -10
675 49.85714285704927 0 -10
676 24.92857142852461 0 -10
677 0 320.0710678217876 297.0710678019434
678 0 323 265.8333333334231
679 0 323 241.6666666668461
680 0 323 217.5000000002692
681 0 323 193.3333333336923
682 0 323 169.1666666671154
683 0 323 145.0000000005329
684 0 323 120.8333333337247
685 0 323 96.66666666691091
686 0 323 72.50000000009715
687 0 323 48.33333333328335
688 0 323 24.16666666657693
689 0 320.0710677915254 -7.071067832205529
690 0 288.9230769230769 -10
691 0 264.8461538461539 -10
692 0 240.7692307692308 -10
693 0 216.6923076923077 -10
694 0 192.6153846153846 -10
695 0 168.5384615384615 -10
696 0 144.4615384615385 -10
697 0 120.3846153846154 -10
698 0 96.30769230769229 -10
699 0 72.23076923076917 -10
700 0 48.15384615384613 -10
701 0 24.07692307692309 -10
702 24.92857142852447 313 300
703 49.85714285703964 313 300
704 74.78571428553856 313 300
705 99.71428571406641 313 300
706 124.6428571425943 313 300
707 149.5714285711221 313 300
708 174.4999999996555 313 300
709 199.4285714283808 313 300
710 224.3571428571117 313 300
711 249.2857142858426 313 300
712 274.2142857144165 313 300
713 299.1428571429443 313 300
714 324.0714285714722 313 300
715 356.0710678217876 313 297.0710678019434
716 359 313 265.8333333334231
717 359 313 241.6666666668461
718 359 313 217.5000000002692
719 359 313 193.3333333336923
720 359 313 169.1666666671154
721 359 313 145.0000000005329
722 359 313 120.8333333337247
723 359 313 96.66666666691091
724 359 313 72.50000000009715
725 359 313 48.33333333328335
726 359 313 24.16666666657693
727 356.0710677915254 313 -7.071067832205529
728 324.0714285714753 313 -10
729 299.1428571429507 313 -10
730 274.2142857144261 313 -10
731 249.2857142859014 313 -10
732 224.3571428573768 313 -10
733 199.4285714288522 313 -10
734 174.500000000322 313 -10
735 149.5714285715999 313 -10
736 124.6428571428722 313 -10
737 99.71428571414455 313 -10
738 74.78571428557393 313 -10
739 49.85714285704927 313 -10
740 24.92857142852461 313 -10
741 24.92857142852447 323 290
742 49.85714285703964 323 290
743 74.78571428553856 323 290
744 99.71428571406641 323 290
745 124.6428571425943 323 290
746 149.5714285711221 323 290
747 174.4999999996555 323 290
748 199.4285714283808 323 290
749 224.3571428571117 323 290
750 249.2857142858426 323 290
751 274.2142857144165 323 290
752 299.1428571429443 323 290
753 324.0714285714722 323 290
754 349 323 265.8333333334231
755 349 323 241.6666666668461
756 349 323 217.5000000002692
757 349 323 193.3333333336923
758 349 323 169.1666666671154
759 349 323 145.0000000005329
760 349 323 120.8333333337247
761 349 323 96.66666666691091
762 349 323 72.50000000009715
763 349 323 48.33333333328335
764 349 323 24.16666666657693
765 324.0714285714753 323 0
766 299.1428571429507 323 0
767 274.2142857144261 323 0
768 249.2857142859014 323 0
769 224.3571428573768 323 0
770 199.4285714288522 323 0
771 174.500000000322 323 0
772 149.5714285715999 323 0
773 124.6428571428722 323 0
774 99.71428571414455 323 0
775 74.78571428557393 323 0
776 49.85714285704927 323 0
777 24.92857142852461 323 0
778 349 320.0710678217876 297.0710678019434
779 356.0710678019434 320.0710678217876 290
780 356.0710678019434 320.0710678217876 0
781 349 320.07106781737 -7.071067806360912
782 349 24.07692307691718 300
783 349 48.15384615382511 300
784 349 72.23076923071575 300
785 349 96.30769230764416 300
786 349 120.3846153845726 300
787 349 144.461538461501 300
788 349 168.5384615384294 300
789 349 192.6153846153579 300
790 349 216.6923076922863 300
791 349 240.7692307692147 300
792 349 264.8461538461431 300
793 349 288.9230769230716 300
794 359 24.07692307691718 290
795 359 48.15384615382511 290
796 359 72.23076923071575 290
797 359 96.30769230764416 290
798 359 120.3846153845726 290
799 359 144.461538461501 290
800 359 168.5384615384294 290
801 359 192.6153846153579 290
802 359 216.6923076922863 290
803 359 240.7692307692147 290
804 359 264.8461538461431 290
805 359 288.9230769230716 290
806 359 24.07692307691718 0
807 359 48.15384615382511 0
808 359 72.23076923071575 0
809 359 96.30769230764416 0
810 359 120.3846153845726 0
811 359 144.461538461501 0
812 359 168.5384615384294 0
813 359 192.6153846153579 0
814 359 216.6923076922863 0
815 359 240.7692307692147 0
816 359 264.8461538461431 0
817 359 288.9230769230716 0
818 349 24.07692307691718 -10
819 349 48.15384615382511 -10
820 349 72.23076923071575 -10
821 349 96.30769230764416 -10
822 349 120.3846153845726 -10
823 349 144.461538461501 -10
824 349 168.5384615384294 -10
825 349 192.6153846153579 -10
826 349 216.6923076922863 -10
827 349 240.7692307692147 -10
828 349 264.8461538461431 -10
829 349 288.9230769230716 -10
830 11.22306328379367 7.952901679655756 5.376233327081183
831 14.90748244482078 3.369864020006096 10.55893476424503
832 13.76415754960288 8.060421791847901 10.55313026435961
833 2.17617307824677 14.2957480151458 10.5975
834 9.900499506963932 12.45734319029526 10.35679092728239
835 18.25512127788263 3.618596830184752 17.30014598032793
836 17.40048769742211 9.393373495011909 17.13432009188328
837 3.265282154488946 16.70596401838344 17.42763381979154
838 8.150644642050533 16.54819610844569 17.42274494913723
839 12.66676353026579 15.80123536081303 17.29790194461737
840 24.41264374688917 3.405291053010977 27.36111995320676
841 21.92285057302797 2.939865147853165 23.46682729258538
842 23.16015281068729 7.72979551271994 25.65970429076069
843 22.56453196222423 13.59851462745398 25.6547009841072
844 15.77673532212947 21.22843709782497 26.15535963172903
845 9.657625259793258 21.04256380279273 25.94358830576409
846 3.774755767020663 20.59289057217267 25.87394568648042
847 30.35634008864496 4.051783840255755 36.18037016868544
848 30.12731399258662 10.41588529256766 35.9072497691125
849 28.15016988655901 14.28256810673344 33.3640695156141
850 27.67935474771593 19.02368325365215 33.81005185746946
851 30.38815885024919 15.47300259471595 36.49882087111863
852 30.75620466934848 19.99674555870624 37.80301382597754
853 3.838696834296793 25.96911785926952 36.23613546415412
854 25.91514705758877 27.48803036150458 37.90248494405773
855 22.29980621527314 25.58270301386886 34.09284830669483
856 22.30026032806577 28.96040113956635 38.28258140312989
857 14.84183666800079 27.40978805409656 36.18552106491683
858 9.39400216432006 26.61917773995808 36.19121608928879
859 18.98475199666155 27.61364309791748 36.04992100570669
860 41.23409712137308 4.107852006894267 51.45526395848962
861 38.04180418736989 3.84512653195353 47.04423593757843
862 39.36173998759724 10.58976039268929 48.77661131240847
863 39.39309735692996 18.64412901970227 48.80274401968291
864 36.23188419440492 25.14856720543307 45.84823010406132
865 39.82398151855946 26.93658629122195 50.56137364897572
866 31.65111215942546 36.46496667068948 50.5046097620292
867 26.48612254436092 35.79928650365733 48.29364987102804
868 15.20001150871649 33.1002411570417 45.88003992525272
869 11.52242604369434 34.82031224813321 50.0501934234228
870 17.68475393202083 36.27520084196627 50.4910605971833
871 22.14476704583776 34.21673560748577 46.12763902142489
872 22.98331387160509 37.64419358624602 51.44826705196225
873 3.519515636518658 31.40812051209634 46.09664461015851
874 5.204603780516055 34.20127197790171 50.70773987778074
875 8.782983666796198 31.66682046781539 45.40808018337016
876 29.68896038278177 32.80037329124765 45.54765592599536
877 47.39770436517956 25.0867068806095 59.58051513095925
878 48.90496400658552 30.23745683262806 62.10375063644466
879 51.25255233564413 24.28412709587694 64.6156725450362
880 53.26578831203802 29.27160925503345 67.37221435299909
881 48.22701758721892 4.601524991512334 60.96796644372136
882 48.29801292707518 11.45349695521583 60.91786000981671
883 52.33697813172848 6.311108678532597 66.4703785217245
884 48.07691280508469 18.22731251515282 60.4243228449316
885 50.85118881241812 36.35416301123161 65.97572937067244
886 46.13590078775807 34.90978251661412 60.21178161900521
887 53.02207965379453 19.23304078044733 66.99936228458166
888 52.45751120548698 13.14740471764255 66.45255734888093
889 25.85218064382695 47.31619044681331 66.32444949796495
890 22.63285384381096 43.52980560740683 61.06846166105654
891 18.81240165494319 46.36920624006805 67.20424106069032
892 16.10119981856193 42.4731999607334 61.58844490337471
893 33.26335113862745 49.21731315673493 67.83676069592877
894 33.75494396095961 45.95720605072059 62.99687545297827
895 29.01294653077628 43.94068087842331 60.33358189964694
896 4.99525917632862 44.82099263188213 68.79141281097571
897 11.04955161432173 44.77757645325968 67.26045139433383
898 6.058232283883677 42.61833717301734 64.90773624869118
899 9.787190101721334 40.95490267483044 61.16409169772658
900 4.026419004233835 40.04331137143136 60.89411075779331
901 40.30020900219117 47.67097641401937 66.56604211709231
902 42.92533694887123 44.0207673472699 63.54816319392773
903 39.00044335179555 42.69658025209215 60.45963128282701
904 60.81641388805195 12.76992694961384 77.56995143838927
905 63.3700817999228 20.84967400953442 80.62939319212794
906 66.42593797866959 14.56354870911187 84.88657487355123
907 63.93958923577156 7.899767192383076 81.81282672705407
908 66.3264774596322 41.86921391604326 85.12912698557757
909 59.68536313890931 43.32578225767693 77.96406172561052
910 62.95789095720591 48.60607774612194 83.16920700480642
911 63.79155826532198 36.78820269203184 81.22436411254827
912 60.44824289576979 27.17967245676595 76.6708790252589
913 60.54823528730569 34.80236334983582 77.00986259977054
914 63.85826474560326 29.13871327825784 81.08307941640639
915 67.17998935280667 32.14612199476696 85.36632208382323
916 60.469589828187 5.096358550226569 77.29286266346109
917 67.21087138311024 6.168645223347593 86.13797394246137
918 59.86696757690495 20.3484988776355 76.04348784776599
919 67.02033721626364 23.45022384938738 85.3155718777454
920 7.127566803262752 54.1765863437017 83.80455977650648
921 40.76179779543895 56.22211510622451 77.58988420291614
922 33.30158549272547 55.36605927552223 77.37026990749895
923 33.71795632861872 59.49792472961026 83.73226428654546
924 43.69447462161052 60.55378754029751 83.68524210076011
925 52.02219985969496 59.27920912196265 83.8768203635795
926 25.17291412758799 56.03240608126147 80.96703727451217
927 18.29676230987321 52.51838632477952 77.69562940268077
928 11.40367727977488 51.2407836890893 77.93639818869838
929 4.60274381295479 50.30492941915271 77.85305371954688
930 48.69460157648055 54.73861478140734 77.60161499336697
931 15.83704575677312 56.010042735277 84.40982175337919
932 74.97062291412905 14.96216292272118 95.96906572434287
933 78.8072749862899 14.05316040219719 100.9283917231592
934 75.83745514708498 6.615584414579869 97.2849827229346
935 81.52338651312004 7.445217083227048 104.5643933688159
936 79.75910016708136 60.55912136661162 105.0740885702311
937 73.73108472938165 59.92655250576465 98.34842312275013
938 82.65103044771521 15.41526047429984 105.8195094277605
939 80.76849003568837 40.06245761495423 102.6588728780948
940 78.28342399587081 48.28912330748665 100.2664813081135
941 82.79662593079669 48.941581635338 105.6608489077097
942 74.70601866058152 37.79027977427694 94.98528442941807
943 74.49776152985062 45.8364655746311 95.41984554713383
944 77.90263853968361 30.58278725739712 99.12271702124097
945 82.33103754014458 30.23829693907276 104.8069618371599
946 79.11150239075866 54.64265372938517 102.7036082416632
947 73.06917915975463 53.39229186057929 95.70990587623736
948 79.2710188335482 21.27460387453138 101.2632710756584
949 74.70957603736362 22.11256406185845 95.37241459873516
950 73.69571359354376 30.28471840537713 93.76280155886758
951 83.68327528095183 23.38512305698375 106.8534615162641
952 31.77804754520561 66.27351151302092 95.26233956132273
953 22.26045126493823 64.97528576058217 96.71853537031629
954 30.71185825373774 69.67214504367338 101.1736963868813
955 23.87015201714152 70.18757861737242 104.556135213677
956 44.98061931327938 70.35869279788271 98.04184235458642
957 37.7358385209817 72.95441435538768 103.8550701525164
958 46.95880657727007 74.84889721722945 104.4597911991162
959 38.29699784474472 68.22067860190155 96.22792927524776
960 7.457538371096215 66.68233461018033 103.70811973144
961 12.8124060493787 62.77408391628855 96.33211051841019
962 5.334594401189071 61.99416829190311 96.56651978243877
963 66.9991018564904 74.15655242236875 105.649600938048
964 67.22260367345872 69.17259836965349 100.4480455389215
965 60.62844732732728 73.03160009818194 102.2046140122356
966 53.51633264255624 70.37322495465236 97.4319968766315
967 54.60420507152458 75.84975997247615 104.8860428862968
968 15.66469469175967 67.8919673593326 103.6888472284333
969 62.08935175127259 66.49422751225129 95.5711693393537
970 98.40202235533393 7.789102356858518 125.7067526334213
971 92.50808382753669 14.44294589058424 118.2624090480229
972 99.27165727537761 15.67303234739455 126.6395413520675
973 96.83992115170082 22.19555208044858 123.3912859603447
974 93.69698616369959 35.91384233929656 118.921534501299
975 99.13114481532901 41.69220428553959 125.5376948052955
976 99.31915564690181 31.15068142623097 126.1346866969599
977 97.33953909886904 71.78374474318684 126.9868699294246
978 91.09187028006461 72.97256465437334 120.7057849639701
979 92.47008272832576 44.81063266502661 117.2792062197396
980 96.53958065613236 51.57147745455649 122.3190909371318
981 101.1263132210737 51.09597101563806 127.9084819371654
982 86.29351641915785 71.23137005627706 115.4303202909719
983 89.70412641377379 63.13741292086052 116.5157507027413
984 94.48745711922582 66.73445776911699 122.5857584356955
985 92.15833114736155 5.807353864015543 117.9744575193706
986 91.05169626136694 22.85347913462562 116.1594465571204
987 94.46084100414595 29.22740298904945 120.1598952212034
988 91.09860290258371 53.86087394886116 116.0457338132869
989 95.25637382216043 58.69972216409132 121.5570603787076
990 90.36820595644915 31.40419601435632 114.9501645199628
991 99.72599158961465 60.39094796402338 126.9011658480175
992 36.16888429676489 86.52438913789295 125.8428706676126
993 46.31899100184724 88.60097332815992 125.4536047932681
994 41.82516618638041 83.12833337177921 118.4739342971965
995 75.69907384514572 81.06473617801574 116.2201183784611
996 81.54830145782471 83.95080598487587 121.4371084312052
997 32.6681721317218 80.91787436508197 118.3276974874155
998 22.38143414889111 78.18728696558853 117.7844645914425
999 26.98804332299362 84.3896406306107 125.8312986591804
1000 81.89584506573939 89.40032733211208 127.1906069142685
1001 73.92386887431161 88.66935009071378 123.7012198882355
1002 65.73135667524063 91.98704449877215 126.6763696824773
1003 68.10794814409635 85.33643642660441 118.3792975032398
1004 51.37687763110692 84.145256790415 117.4937506648161
1005 57.80040421005796 87.97847148377934 121.8873487167374
1006 8.00566589950779 80.74205460455988 125.199347407176
1007 13.47774478385524 76.18756652614429 117.2795875829505
1008 5.702515755219491 75.57306655309874 117.606173087188
1009 16.83979862184906 81.84213901551183 125.0869770089323
1010 114.8453133517529 44.15131672449087 144.4429628816225
1011 110.5336680877062 39.16198946970083 139.4731627688695
1012 111.5978941678845 51.23805797633156 140.4986627061144
1013 114.6556581627783 88.60904850612141 149.2047753881242
1014 107.1464436489731 85.53508829469159 140.7978567057257
1015 115.7590919693363 78.66636516418262 147.8486907596546
1016 116.3024877716886 69.56076531397345 146.6436790840463
1017 116.9098367022206 9.442455550268935 147.9985787670367
1018 110.2931713778305 7.104213534689695 140.150843062316
1019 110.3622245735007 17.40524714048931 140.0640849753496
1020 116.9552403201227 19.67462162189482 147.8579835810329
1021 109.8629668938499 27.51373684534909 139.1363420218077
1022 115.8513884233506 35.43414039042234 145.9987539375486
1023 118.6283642160028 51.43079351033484 148.8239141251807
1024 119.7572789853344 41.82618929201081 150.391925886877
1025 117.9753088298695 28.31951726844349 148.7894376443354
1026 117.8588646834671 60.88149850435161 147.8373011331403
1027 110.9066200293362 63.04986015535778 139.8983501695419
1028 109.2624480946611 74.05271987068059 140.0328418780636
1029 46.35466705297358 98.43931309785084 140.4280150325633
1030 35.97503813148846 95.8498776040346 140.0907029645478
1031 40.72841842421151 102.4149241648904 148.2513960983386
1032 29.43096239267277 99.51719339703571 147.7742010684375
1033 103.1773586573273 106.0201215957629 151.5543607527476
1034 53.01235953316461 105.3742897550535 148.5268631372639
1035 57.73421757444729 100.2342890792624 139.7290281673561
1036 64.21000062942714 108.1142371135068 149.649953016552
1037 64.89323361507762 103.2692824424237 142.6202571031272
1038 74.99971039757922 107.5906174002621 147.1441988970215
1039 85.79919840571655 106.4822758276565 146.4815947964582
1040 9.391315105535341 96.42581137139771 147.9073318537454
1041 26.95287396631786 93.27346618155102 139.3422023946901
1042 16.87845067330468 91.98759473133549 140.2276776799291
1043 19.60611591369226 97.60029671355092 147.7286307835409
1044 6.967262046888505 90.88440381902429 140.1970181193892
1045 92.66830570607587 97.71818305993371 139.552802151128
1046 82.32216458530218 100.8181410474552 139.406813293171
1047 97.70074282933584 103.3093530227423 146.9037408255689
1048 73.80690785847585 101.4336028786049 139.0444243718888
1049 130.229801115333 83.15471581450277 163.5097136759457
1050 126.4729160308017 91.73709375562984 161.6247691886052
1051 134.7495420031975 88.42459830511019 169.0002603671096
1052 137.4460715405136 98.70137096086562 173.7680969289187
1053 130.8410861825498 106.9117235784916 169.3682112390953
1054 131.4076773797713 97.95709316693824 167.7822470861354
1055 136.9407510238713 77.65886019848071 169.7530011952542
1056 137.0178953831688 21.18740950028413 170.8277213222755
1057 130.0839801316991 18.1810150689755 163.0974401219212
1058 129.7282645781687 28.55433187351206 162.4056949969724
1059 137.4219054894748 32.79077208367617 170.938031071705
1060 137.0902245654599 10.03781573095153 171.0813101111773
1061 130.0002986561084 7.450568747313351 163.1405164717627
1062 129.8909568696856 41.47429645675354 162.1469181681263
1063 137.794789705118 44.8174609838715 170.9386856704894
1064 130.6787278569075 53.59154261211655 162.6420817139673
1065 129.193648716435 65.14041158167322 160.8736054836616
1066 140.5398998111706 70.32831575981082 173.4924070596
1067 138.4254944297762 55.50269747558497 171.2909551356483
1068 130.0966251578769 74.28994781038341 162.1778847781384
1069 123.9750129543841 101.4915593576227 161.6093321935212
1070 135.8492597877898 65.42515655337911 168.2953758077575
1071 87.51661258984728 118.5524453421752 160.8307044066388
1072 76.71834253972953 119.6924785293789 163.2592810444568
1073 87.2655357552148 124.2099319528418 167.8742367633926
1074 78.18021336621783 125.8557364210596 171.2671568512068
1075 8.600952640634118 113.1155538305063 170.6713634830104
1076 98.89467899284611 119.0105382300589 163.0274797756052
1077 105.6521120229719 125.3006446989558 171.1433178102913
1078 109.746687166181 115.1471974250192 162.4989502898864
1079 95.42898136679941 127.2369258197308 171.4983543481907
1080 116.2958718432322 121.410135815035 170.5079900051252
1081 68.38043265001778 124.0068112013862 170.6357904332517
1082 14.70367085719182 107.6715054479942 162.7857715872924
1083 6.250240776289438 107.1336731932729 162.8841692129195
1084 29.84209836033359 114.467933516336 168.7009153406884
1085 18.30602375799406 113.4508752598085 169.9243475108711
1086 24.83430397879362 109.0386386566006 162.5544288586748
1087 58.20151730232845 120.7856358743035 168.9756766323981
1088 47.93439778653894 117.3615737022062 167.3398085549063
1089 39.10016161376868 114.0500277401492 165.4431656999723
1090 65.43881520505875 117.4001743566768 162.2716809715976
1091 157.8758418096317 6.37160465993969 193.3404353538142
1092 150.1692369744206 8.063794213822915 185.2879283246508
1093 152.6571863322825 106.5862902211593 189.3043166803395
1094 145.6049562493949 110.8365728803922 183.8240299235654
1095 154.1591194204221 17.82736322103433 189.3590792703233
1096 149.0195085091094 117.6592847638104 188.1650796127224
1097 153.2190374163294 124.2566151971316 193.1391782863358
1098 157.0910496548972 113.3675865715982 194.5203320656744
1099 141.7169157860612 118.5990341747309 182.8249030380552
1100 155.7711474039538 82.62367439373165 189.6001817272402
1101 154.8252572996277 94.85164286376617 189.4677601963531
1102 153.9146173562352 131.8730891968002 196.7500107929094
1103 154.8244918615277 31.86498348994824 189.7365790327873
1104 155.1863540544772 44.60798540122254 189.7415648810284
1105 155.5972219125967 57.35356044701594 189.7140284384225
1106 155.8188596683404 70.09989413764268 189.7284080734311
1107 120.2161487762863 137.0433570857515 186.2085847436461
1108 107.7692323545834 141.2931704288874 188.1316056717724
1109 8.611460990070865 131.8368717303276 193.9831470114039
1110 82.18891323129083 137.5030970170626 185.6988434677772
1111 74.27909521929396 140.9294368424898 191.527245094916
1112 85.72790171610129 144.24818581374 193.5553130566792
1113 118.3773552938132 145.4754068871157 193.8843879217906
1114 129.9497759080281 131.8593851111082 184.1821094183208
1115 132.1577424318465 139.2970221847742 191.3498551507099
1116 31.805653564283 130.9840174057376 189.7155655172679
1117 18.84297706895071 129.0626619373856 189.7096592124927
1118 43.55003500361292 133.1981263948802 189.6955390339203
1119 63.39353872019712 137.3429100750568 189.7380287114622
1120 53.68120805727825 133.9378015186354 187.9323795148356
1121 98.58870919377716 146.64427536282 194.6510861363602
1122 93.9511042304337 139.5438157680961 186.4960880762555
1123 6.964663577947766 125.9395483302579 186.9522923895955
1124 175.4969853283162 20.94286421867995 210.6455300302778
1125 179.1637670766263 10.28269453797567 214.2414204809237
1126 171.6025102402448 8.988399513143973 207.0354958652841
1127 173.2940603852969 126.0899031529761 210.2482939729113
1128 166.3409546897442 137.7148791609782 207.0109972836431
1129 176.2877578307357 137.9425322884011 214.3884923395269
1130 171.8114438437566 147.2444676016823 213.7986491241938
1131 175.9311035715121 110.7672881953885 210.4797558067726
1132 175.7487815596693 33.90516864831717 210.6251539848498
1133 176.398212022273 55.92745393254444 210.6235937993849
1134 176.8973503221707 69.04692439820184 210.6861183835973
1135 177.1290610540771 82.96364584061371 210.6876391493056
1136 177.0567512920591 96.9028607580665 210.5776607030407
1137 174.3783930059623 45.02645151302939 209.0172346515337
1138 8.636324937628558 143.2624483499758 206.9847359899144
1139 9.650509915751009 150.0151643923053 214.2165765169923
1140 19.73253070045909 147.6478767747961 210.9973187105519
1141 154.349874208875 158.3337795560863 212.7390930919562
1142 133.5396222382324 164.4764591997907 214.2469689098876
1143 143.5753056574585 163.5153346289409 215.0111977462026
1144 139.407395503689 156.0614459310531 207.750173189159
1145 165.4623881375855 159.2531507570896 216.4744354668007
1146 112.4340634787607 161.1343594279769 210.0641904443748
1147 100.1768310325764 160.387146328081 210.5421834648228
1148 125.1563704438722 159.7386221853522 208.7387761933605
1149 33.37572079109196 148.9709178440347 210.5644283083265
1150 150.1483842750344 150.5721459843332 205.4883822641343
1151 46.63167678621483 151.2159062190382 210.6165274216922
1152 68.65569524552693 153.8301567043024 208.7939574319361
1153 75.7264029769045 157.6026287919003 211.5871568501512
1154 58.70009610025465 153.4488057138438 210.5231699795015
1155 83.13085017503765 156.5720194813239 208.7839938793943
1156 90.13924494390119 160.5956094287893 212.1977794487456
1157 191.7685799397196 165.6525922627906 231.2763602643338
1158 194.512609971983 154.349474375676 230.0847508469078
1159 185.0113913663441 158.8180204531315 225.4401796281095
1160 195.0902880368895 140.8215951952814 229.1085272827526
1161 195.7783694151805 9.889117205887683 229.1354100976967
1162 195.798022331295 23.91415186353851 229.0378781758408
1163 196.2216973684361 37.40098503919674 229.1555134996249
1164 196.6752289683276 127.1563982302868 229.0472431177667
1165 197.7553617238792 112.1698695117621 229.0488392267983
1166 196.6424560171833 52.35667098896143 229.1531701734585
1167 197.138882311583 67.31122619643472 229.1418732239987
1168 197.5738252071355 82.26648454277101 229.132145625621
1169 197.8533327156358 97.21048801275504 229.1131283922449
1170 178.1526939890573 177.783078431895 232.0355033975474
1171 164.6438195020496 180.5652509447472 232.2451865535912
1172 170.5433202134431 171.2037926439425 225.9209776750099
1173 126.407749445943 179.7753790997828 228.7866411403369
1174 114.5214494250415 179.1343987431221 229.1442491247001
1175 9.364721524244255 165.0961397307095 229.2587812330972
1176 34.92421832439963 167.1231660272907 229.2443981839521
1177 22.42485365256918 165.7829194856437 229.2572928426655
1178 100.0294411275568 177.5085487291046 229.1620553167095
1179 142.6894117102791 178.7244625706283 228.0449592277381
1180 85.73101803215185 175.4084587441875 229.2655586245698
1181 71.46389776471901 172.9665782670134 229.3037164758356
1182 58.12296306119612 170.6409706550188 229.2529292208328
1183 156.1929188849576 176.260893376727 227.6212556887878
1184 47.08368622535035 167.6679379540008 228.107391441006
1185 215.5149521325237 183.0047677521233 248.0348856042826
1186 207.7439183498909 174.4335007278332 242.0754405046241
1187 215.9172807912527 24.46960006674058 245.328152855696
1188 216.1940228903727 38.24353068401649 245.3350171831196
1189 215.7029173495352 174.8404297538436 246.2457260067373
1190 215.6874567291049 161.1997036855404 245.2701785068678
1191 215.8129607225679 10.11581063160846 245.3445011448796
1192 217.1633454060895 145.3338661636435 245.2789530002929
1193 218.1365442800044 129.9768400848799 245.2622882139715
1194 216.6156956008387 53.53367111031518 245.3333704213943
1195 217.1123798137364 68.83216949103237 245.3344269302272
1196 218.0709941931894 99.38053503924766 245.3477300874839
1197 218.3533242158281 114.6640363819636 245.2957123364199
1198 217.6597566581679 84.09652845030529 245.3321440662628
1199 189.0500656719894 191.7015720445175 243.4474188850234
1200 197.2284445831868 196.1504462736149 247.3479599264846
1201 161.9741025029824 196.6322715396619 244.4630051748872
1202 176.1516048462476 195.8943498757398 245.1090765157159
1203 146.4181746637433 198.0388465128613 245.0789167002526
1204 130.4180501922133 197.418457675317 245.3190420038563
1205 9.491117332733182 183.3732614848807 245.3604011025206
1206 22.1533675137586 183.9455326846465 245.4247410613475
1207 38.50709105411713 185.3047911759251 245.3474798776485
1208 115.0249809056928 195.8878016473251 245.3269442761946
1209 99.69208247845971 194.0101901952452 245.3295130474501
1210 84.41429881761835 191.6739935192982 245.3385825076761
1211 69.12859549578411 189.404854078113 245.3389698951422
1212 53.84793715810536 187.1702799714414 245.3456834504882
1213 234.909677424856 193.9940358993531 259.2755
1214 235.4776053577439 10.25346092554061 259.2878826686845
1215 235.5824536718551 24.75111448855824 259.2801143214559
1216 235.8338662504451 38.93780171741069 259.2833118424105
1217 238.295678431067 147.8927847802722 259.2538790849198
1218 237.5493259024716 163.5857748222119 259.2310858796411
1219 238.2398475598876 116.8082590751837 259.2753085499752
1220 238.5357047092294 132.3924695407532 259.2677868994749
1221 237.7812710206705 101.2271116575103 259.2785538644237
1222 236.2391387047174 54.50576214896695 259.2820884109634
1223 236.7156571492973 70.0845419933693 259.2820769998753
1224 237.2842143806459 85.65279619181194 259.2792726903864
1225 236.536742960172 179.1967648904433 259.1903086078757
1226 194.1732562306869 213.9202055623367 258.993703037667
1227 210.7066806474181 211.9150614620744 258.7148350901343
1228 178.8288655372325 215.1855857299183 259.0870191812049
1229 164.9290911517811 215.6433333003966 259.0693516120992
1230 149.3237401491893 215.2111152019465 259.1193040664094
1231 102.0334226062823 210.7329914769306 259.2755
1232 9.993694565293888 201.8077350974769 259.2983122867354
1233 23.70489847356695 202.2997871603099 259.3428134573686
1234 55.18222622679616 204.8491797701059 259.2754999999999
1235 39.2864632519082 203.3342870903505 259.3020043590413
1236 70.78696687177498 206.708143862809 259.2755
1237 86.38111834373527 208.6827130144501 259.2755
1238 133.4049294595825 214.1395090405603 259.2755
1239 117.6827211233991 212.6439223477291 259.2755
1240 253.7762330050695 212.8054814159069 270.491043024961
1241 256.8722655466147 180.1389223727815 270.5123287873555
1242 256.2905210764183 196.5478388581326 270.4982246585206
1243 254.3548072909568 10.31507328251163 270.7675865975156
1244 254.3638029343279 24.40001871468486 270.7165
1245 254.6146635331618 40.73664506779252 270.7165
1246 255.010279542844 56.99127038034521 270.7165
1247 255.5248991953152 71.22592135414004 270.775755984869
1248 257.3855364669849 130.4624342475877 270.7165
1249 257.7237846625648 146.7719544384723 270.7165
1250 257.6479837135805 163.0863075598315 270.7165
1251 183.702104207976 232.7445405005839 270.8168185619619
1252 167.5486210305847 232.3029986280108 270.7165
1253 215.6582300416187 231.0673811505534 270.4844602502673
1254 231.3793446254773 229.4174169137944 270.089326525325
1255 200.0720555046473 232.0877510581833 270.6654889660114
1256 10.1780187896819 219.7287879166153 270.7239868585806
1257 24.18816559814959 220.0441962351727 270.7165
1258 119.5385996706663 228.6304624780539 270.7178613522398
1259 135.4943347380403 230.070807444435 270.719612510527
1260 103.6436724837456 226.9054236088817 270.7211351509246
1261 40.17135658483024 220.889681698692 270.7165
1262 56.01999823776025 222.0952217492494 270.7165
1263 71.95017551088768 223.5703365362732 270.7165
1264 87.76267460342666 225.2180078399261 270.7165
1265 151.4940097028939 231.3467158849949 270.7178623446019
1266 271.9819398480902 228.1069506552287 279.2418062292749
1267 272.3895878575725 10.8005700608982 279.9110177270147
1268 272.4871915818314 25.66726477981856 279.912
1269 273.5302040070862 76.47601985254632 279.912
1270 274.0634200751517 93.386908676597 279.9120000000001
1271 274.6208354776135 110.2646780591972 279.9120000000001
1272 272.7177777726815 42.65068689845177 279.912
1273 273.083884102244 59.52882014249768 279.912
1274 275.1451266986434 127.2653312322018 279.912
1275 276.0406186464982 194.7488624337932 279.9120000000001
1276 275.4409679674137 211.8411696748713 279.741411082091
1277 275.6791354183649 144.1576058949558 279.912
1278 276.032060891383 160.7416542044918 279.912
1279 276.1148435208142 177.7493136966466 279.9120000000001
1280 233.2226338058031 247.8424503534128 279.7916689310425
1281 249.332337262701 246.3770850198414 279.3391730717956
1282 218.1872948283757 248.3415699849539 279.8901755920982
1283 9.803009925221092 237.3313660875061 279.94864041839
1284 22.30742368408606 237.3976466110419 279.8866493920975
1285 292.3516230539917 126.6113419759181 287.163
1286 292.848163971619 143.5270273758881 287.163
1287 290.0532911527019 10.79937301572467 287.1628132084352
1288 290.2382296927554 25.69346570034865 287.201469558279
1289 290.3092453341134 42.54339834200831 287.163
1290 290.6026757477521 59.4079036539317 287.163
1291 290.9700035021352 76.27060537669863 287.163
1292 293.9487992634446 228.1680346220296 287.163
1293 294.075919792719 241.9450387898294 287.3759776138097
1294 291.8877089103651 110.0265808694556 287.163
1295 291.4024530995021 93.20331182731495 287.163
1296 293.9401475256005 211.2287319546216 287.163
1297 293.8216106215847 194.2845164538417 287.163
1298 293.3118511674716 160.4389058744959 287.163
1299 293.6296381680808 177.2957183713738 287.163
1300 287.3999358782511 250.5292724289319 286.8679599293644
1301 268.4572570629579 262.0610773405805 286.5457548412247
1302 11.16169050648636 254.5509073050879 287.1642227433352
1303 57.9022385345181 255.8389512522306 287.1759967684324
1304 26.78636523363028 254.8302831285863 287.1942715441932
1305 43.25422008023504 255.251576918903 287.179226308515
1306 304.5362109904009 264.9700010208541 292.4061992024154
1307 310.0278451457902 251.9136306443202 292.3871144141024
1308 307.910625883459 58.63280711521439 292.676
1309 308.1770756293708 75.45086087414188 292.6760000000001
1310 307.5198597279632 10.57539799954439 292.673501750851
1311 307.5842094951378 24.96304770660395 292.676
1312 307.7033096230922 41.80126767813417 292.676
1313 309.2305200463945 125.9534469029565 292.6760000000001
1314 309.6103806970147 142.8011115010923 292.676
1315 308.4888372015789 92.30792540085594 292.676
1316 308.8514321375794 109.1275239954688 292.676
1317 310.0092229180697 159.6474077169929 292.675481666957
1318 310.3431177123516 175.9184933689594 292.6717649076915
1319 310.5970228687951 190.9683081183227 292.6725706118039
1320 287.6944604372762 277.7513807060149 292.4219125202642
1321 10.92605193792549 271.7742019942683 292.6744655321276
1322 74.66835023340568 273.1296539556782 292.6854465613708
1323 25.97694431447457 271.8965339819002 292.6760000000001
1324 43.04824092707366 272.1847686789823 292.6762710623481
1325 59.4031676094409 272.6357668897322 292.6835110879775
1326 319.2633522120033 280.7121051901244 296.4675415622243
1327 324.6898285954881 8.578625234148783 296.6225000000001
1328 8.730824730440414 288.7919293513974 296.6224999999999
1329 190.2230761727959 156.2770416140828 300
1330 103.0080971892187 104.2338337769432 300
1331 99.74607030165545 207.85718994634 300
1332 256.0847568042527 91.56451627362368 300
1333 255.9683433557238 222.6534585333051 300
1334 177.9661606183866 78.58372020989891 300
1335 176.545917673753 234.1786517501175 300
1336 278.9750831362913 157.32597805099 300
1337 65.10905942800429 156.0132403053713 300
1338 61.59647350072034 60.19451137034743 300
1339 60.17463982369112 250.4850734075401 300
1340 130.1252448652727 152.9035991458951 300
1341 127.9924240389127 54.74153876937075 300
1342 130.3262729291781 257.4018527144817 300
1343 294.5140279275826 53.5005761193808 300
1344 296.1495113751779 257.3852982717672 300
1345 223.1459038644097 51.03141584027637 300
1346 222.5230955880241 260.3523180504415 300
1347 49.92556733423115 107.0238018172584 300
1348 48.31531555218299 203.3569284179356 300
1349 300.4098959377429 112.0322888866647 300
1350 299.7093419176669 199.4379464173999 300
1351 236.3422297343622 135.9589237139703 300
1352 210.2777612872897 200.212685312824 300
1353 147.9377479696456 113.1289392871077 300
1354 148.1561155492621 198.2025341373206 300
1355 210.3144437527076 99.52120759500335 300
1356 166.3309477305507 39.77900818102007 300
1357 166.3463455396749 272.1918027518253 300
1358 243.700079834514 174.2505630879705 300
1359 92.83723122246587 38.66866966162789 300
1360 92.68265735083361 273.0410637444326 300
1361 258.3383071807116 37.97558750334143 300
1362 258.8245204191727 273.8016119885861 300
1363 184.6861356074617 121.0754698699741 300
1364 99.39860989381343 139.2655459348031 300
1365 313.3834164555897 147.4051634996266 300
1366 35.29170262256604 35.29385019676066 300
1367 35.34740008809409 276.6459510882518 300
1368 94.35984993036358 173.9800578151731 300
1369 30.17318895723102 138.7476533124035 300
1370 268.2614948190798 123.9407843184954 300
1371 316.8103993989712 230.8777538446694 300
1372 314.4016869060466 81.06010309884861 300
1373 180.8085341634584 185.8254652359688 300
1374 33.68562550275422 82.87624774772556 300
1375 33.68588025828029 169.7062894608662 300
1376 32.55999682283119 231.5296972956054 300
1377 91.47384981147843 72.01429270778951 300
1378 91.23540376873498 239.8047669512121 300
1379 160.7163719808168 141.8698860884116 300
1380 197.9526703239786 31.2665168792439 300
1381 130.4086951288942 86.41170614077799 300
1382 130.3946108920496 225.5408477077174 300
1383 197.393740400344 280.5238657749286 300
1384 317.7485080185944 29.52914327219667 300
1385 226.7863634797938 230.3858496092317 300
1386 270.1155086626199 191.0543155680438 300
1387 315.8897264837259 280.3812188747899 300
1388 319.5267332883635 176.3392425502211 300
1389 64.6495159071894 28.91019345793137 300
1390 76.37862968111682 116.3321693939039 300
1391 284.9387281561078 86.56901534223476 300
1392 284.2875076265163 228.9211209798418 300
1393 64.51610737752129 282.8130973170784 300
1394 121.6709768768132 185.9113528484314 300
1395 75.20366077593117 215.7588733636363 300
1396 157.1150647918962 171.5444872656478 300
1397 140.7977209925906 27.88627006653211 300
1398 248.0090630835847 63.31343896171568 300
1399 69.54034018937352 87.60687144495127 300
1400 140.7567675392436 284.0116699005306 300
1401 120.5161513482681 123.8949395660879 300
1402 220.018595988979 158.2000885788932 300
1403 285.041535554193 28.57151976214425 300
1404 245.2176758954977 247.8731342577771 300
1405 233.1438606796822 26.48607573911402 300
1406 150.1611900014925 67.15581289298871 300
1407 68.51291876818394 183.3013510681517 300
1408 285.3316519734175 283.5702152606705 300
1409 203.0118035165155 74.81829294159806 300
1410 209.0956581918805 132.5383408925009 300
1411 151.9810030304584 242.3577345458485 300
1412 233.9953463644054 285.1030171154738 300
1413 195.990868176172 253.9303338242162 300
1414 239.637505625575 200.9418710230931 300
1415 323.519273405196 57.73395864657219 300
1416 114.9855222640526 23.56634417410288 300
1417 322.7697152602739 255.1532540984533 300
1418 115.2318485477049 288.5003748333378 300
1419 24.02275807161344 111.8104022305109 300
1420 238.7363540569058 108.6082270401297 300
1421 24.55410215828614 199.8555433302953 300
1422 187.6471659222121 55.13404564170443 300
1423 198.8402020675044 220.35151925756 300
1424 323.6199260001414 123.5955423423059 300
1425 254.4813036751832 150.9416748997788 300
1426 323.0868245691165 205.2328113403044 300
1427 294.6463693751864 173.3811855877915 300
1428 291.8563294941495 135.0299011368049 300
1429 23.98780484759533 254.9150790830833 300
1430 23.92705475921893 56.91595278026266 300
1431 57.37688462187987 132.2323043589004 300
1432 169.6130000412487 210.3025423863172 300
1433 204.4488465248588 177.3549657342429 300
1434 168.9364602155201 101.0583582233587 300
1435 270.3694493888075 61.54366731490661 300
1436 270.7103097515625 250.0422622057677 300
1437 230.1891022177679 80.38104958073075 300
1438 194.6966466351111 97.02699481640897 300
1439 56.99753053135949 230.5074682148241 300
1440 279.1393905425295 103.6894692963477 300
1441 324.515539845669 102.4057570472986 300
1442 113.4693225625493 71.17497525966991 300
1443 113.7005961044213 240.5947091957032 300
1444 142.3139030609063 137.798977798292 300
1445 110.3604847872004 158.4100169496254 300
1446 178.6470560333013 22.29740239146907 300
1447 86.48630303587883 194.1555292543877 300
1448 178.7986489126808 289.3441591239956 300
1449 264.3820947601683 171.982573084349 300
1450 124.7298857846445 205.1386437855603 300
1451 20.23036165267317 156.9760147188775 300
1452 151.3395059445571 221.3593490396696 300
1453 281.3666703745437 207.6690749839241 300
1454 151.0447302902782 90.12560844250156 300
1455 20.56509404346024 20.57739568725032 300
1456 81.1746441631348 143.9820042711865 300
1457 224.4313072063946 182.3375424525975 300
1458 20.58226379727235 291.3614189891589 300
1459 83.00833543248251 20.90572279266408 300
1460 81.2656033757905 292.0872709483957 300
1461 216.4828226679163 17.32599674209824 300
1462 79.93719323888286 55.53598453860661 300
1463 252.951585419577 18.89887419636553 300
1464 79.41370762495643 255.5552452075911 300
1465 177.8537852471868 252.1735839098356 300
1466 151.3795060548973 49.91337228835229 300
1467 108.9328498273529 51.15741623046677 300
1468 214.7920692151857 290.5693785003948 300
1469 148.3617569740864 263.0212001256614 300
1470 109.0690172057642 260.8218177862751 300
1471 46.15771456626641 157.5843178489445 300
1472 158.3412923192271 21.67319186286197 300
1473 256.3661911480201 293.9860189481495 300
1474 48.05430676577685 19.9016790137282 300
1475 222.3172683624604 115.2502618870428 300
1476 196.5645430858659 207.0645339548981 300
1477 16.96628159070136 96.25150476712031 300
1478 84.22389244396585 99.21786605923064 300
1479 328.6662266507392 159.2339962172228 300
1480 166.5722340615959 118.9456900045584 300
1481 47.41864841203187 293.7458291707637 300
1482 17.02061408797579 216.2891448620604 300
1483 181.4423446165657 139.1623138949875 300
1484 158.4284250845563 291.3782673521214 300
1485 173.8461291457771 170.0749106436517 300
1486 121.7593544493088 105.3172557120243 300
1487 83.86416934692411 158.3589350978597 300
1488 302.0644232261618 17.32377729018429 300
1489 301.9211414409511 292.778577238393 300
1490 241.2214477608627 46.39501995201974 300
1491 16.90786053009461 128.2227954375695 300
1492 240.5892221673506 265.8370698545344 300
1493 212.9209883637712 245.4511056519597 300
1494 165.1650498523405 58.69631450392436 300
1495 45.40706879223556 51.10698929102927 300
1496 299.705933366114 218.9072767682472 300
1497 50.76130958609985 185.2428897622841 300
1498 52.05541782678215 90.02556615701432 300
1499 299.7427859086694 93.0844070165268 300
1500 97.9428952707589 121.3925207697936 300
1501 297.070800093292 156.9567917394564 300
1502 42.59463545616208 259.0230383321835 300
1503 16.69798431090922 184.2441461999185 300
1504 72.5240344458563 237.1555989404764 300
1505 138.456983769379 172.7670764235415 300
1506 199.4907715740076 114.669689546077 300
1507 328.848519206601 190.1731322323112 300
1508 104.1835204560395 189.4532030623531 300
1509 118.3307857097274 141.9484953019634 300
1510 204.433287585551 48.86675856570211 300
1511 329.7038476114548 18.30547581339954 300
1512 17.14008262476897 40.45993691929784 300
1513 17.15559109996048 271.4429609428391 300
1514 276.514178836709 46.68459879081075 300
1515 256.6058467959495 109.5900760296597 300
1516 331.4745676900522 74.41766109251236 300
1517 299.2265633559924 237.7361083031481 300
1518 298.739575436992 74.41572923237983 300
1519 327.7888360448142 139.4424752755422 300
1520 333.6136966523342 233.6506520756089 300
1521 273.4429222673275 268.0382918464367 300
1522 272.5185526421274 15.04188093592639 300
1523 331.4109873576649 42.86443612799806 300
1524 330.5516900759926 267.9501503211749 300
1525 164.4594105062261 191.2679323561589 300
1526 299.7596993818404 36.52547234991427 300
1527 268.9882847321159 142.8535528271736 300
1528 34.33572929332762 213.4007386314896 300
1529 99.86226227779672 86.61874388786961 300
1530 253.3910267506054 133.5771511144208 300
1531 237.7577569175165 154.2902994934711 300
1532 40.26149175592764 122.3631127820248 300
1533 101.0064148464525 226.0066244481982 300
1534 65.79667891695858 103.6244356932978 300
1535 148.5097721839809 156.032373141778 300
1536 240.0218095794741 92.48165602484886 300
1537 299.5425143814695 274.5309977271789 300
1538 74.01286800734989 71.48027082135742 300
1539 67.5374954575386 200.3860695163643 300
1540 17.25500969240507 74.02916607133893 300
1541 16.73030210195135 238.1779232794684 300
1542 240.2160379693167 217.6428600846517 300
1543 267.7695158860347 78.0903539213549 300
1544 252.5353497837397 189.1357178087767 300
1545 270.3004010980446 233.8340281999324 300
1546 183.5596100958736 269.5131754710696 300
1547 48.27702289469525 70.9118696800971 300
1548 35.46499312844651 100.5229068004033 300
1549 128.9948387778317 15.52418705465145 300
1550 231.544910154222 247.2355786368254 300
1551 100.3708579011179 18.76471653894507 300
1552 123.8778755122355 35.90553448284077 300
1553 124.6057851489154 275.5433456568122 300
1554 284.6017030795867 118.560352136796 300
1555 134.3587976057349 69.94982515249092 300
1556 273.1953656109616 297.0501049622555 300
1557 308.7765522123293 129.6595950941192 300
1558 100.7412821475172 293.381121954925 300
1559 216.2837477024195 36.35901688852372 300
1560 211.7387014351343 272.8913185210019 300
1561 135.2982103956828 241.3646234292356 300
1562 56.89631415849258 267.8395389925473 300
1563 45.39287156535217 241.7334076196854 300
1564 56.64815759769236 44.02888113628742 300
1565 195.9970915046025 13.38525788783623 300
1566 129.233204031352 295.8479876487837 300
1567 288.4109343490283 188.320457085352 300
1568 320.3428335338242 295.8020389158137 300
1569 183.8236742115483 219.0558748532989 300
1570 223.7093876185863 212.5863784088838 300
1571 258.7006923390712 207.0078041494332 300
1572 182.7563067236444 38.83680986828178 300
1573 194.0410141170444 236.4363141922823 300
1574 198.3944854390525 296.7321262675661 300
1575 55.88316551226704 169.3458281539172 300
1576 314.7557979183726 192.8194518304766 300
1577 221.5580485573416 142.6482458075635 300
1578 207.267877275491 149.4887280642999 300
1579 140.3334594659032 99.05633735954048 300
1580 77.70852530236971 38.8064966542781 300
1581 74.62510850560659 272.2531076173383 300
1582 138.665427301138 211.7901151273178 300
1583 62.03424357454774 298.5569549651 300
1584 62.02565097549628 13.81593906390014 300
1585 174.1533400682177 153.217762203975 300
1586 310.7421115968558 263.3375332197991 300
1587 241.2321154308943 233.5139943970083 300
1588 110.9519194471279 175.3270174950125 300
1589 115.0268750072519 218.0938810538319 300
1590 311.3016260452611 48.28606125976597 300
1591 334.5987942034907 113.1395199981104 300
1592 74.67284400246206 169.9589435593199 300
1593 310.7667756617082 164.5472367733872 300
1594 90.01833374239958 217.340779563825 300
1595 331.1576017748946 285.4554178799325 300
1596 163.2114363180202 79.87030127913755 300
1597 232.6531880608401 63.55233588895094 300
1598 35.04758415555991 190.1085431308124 300
1599 160.2344268888247 232.522749727224 300
1600 333.3732960843174 176.0234631772745 300
1601 258.8717733486706 53.81676949458728 300
1602 280.7789305988955 174.5069141215712 300
1603 83.51541448646631 83.68934178791648 300
1604 202.8486055423553 87.15180885564033 300
1605 287.0127713154412 12.3394949868245 300
1606 257.2028631404195 256.9422279525288 300
1607 190.0858642125713 69.54124761187124 300
1608 144.7867704182465 13.01672979680911 300
1609 331.1903361052603 217.2077958744012 300
1610 59.88025643147391 216.7648180749158 300
1611 239.4700744144713 298.1253169816241 300
1612 247.8849274038213 76.69464520254228 300
1613 122.8478771594626 169.0114252087807 300
1614 136.9056352987436 192.8584870530348 300
1615 95.96111839463848 254.1950290416212 300
1616 95.67782050375362 57.58091022423239 300
1617 196.0703713058214 190.2524651383435 300
1618 215.4933970747662 65.8039755597991 300
1619 160.4749829131308 254.5610298472081 300
1620 234.9000000006882 11.90089928288767 300
1621 316.8158108689062 112.0977215234358 300
1622 284.8797256156776 65.71003041956411 300
1623 335.5423691587197 249.9355359054999 300
1624 285.3382869108789 245.368998874371 300
1625 114.5163697968526 90.92818063478472 300
1626 59.97831666118687 118.4385030786882 300
1627 135.346231826239 118.6282749345038 300
1628 193.8116072595895 130.8524903341049 300
1629 288.5738861220204 299.5260037168346 300
1630 145.147456951691 298.3404071026933 300
1631 336.4558274988993 59.89073604458199 300
1632 315.8012196278015 14.24729876931311 300
1633 192.1011286132067 173.888539350629 300
1634 270.12472295878 220.0170973692873 300
1635 107.9334527857544 34.6635400229102 300
1636 33.65870923315543 14.4228510840684 300
1637 110.1464289512294 116.0020080419556 300
1638 34.95643993320482 65.06139769003141 300
1639 241.0199371719698 122.5428357748478 300
1640 108.0897758480291 277.2589275644558 300
1641 230.1892188015024 169.057611499659 300
1642 14.07429256323192 144.6095240354637 300
1643 152.2221293599565 35.66899398868085 300
1644 33.56666305063113 297.6688995212847 300
1645 270.618194877886 30.38788477932684 300
1646 13.27560953815281 168.175192884673 300
1647 269.5082971735728 95.416964581545 300
1648 109.0697153832375 129.8014625724832 300
1649 270.0315652334556 282.8462890103048 300
1650 312.9966703311562 66.9540505371104 300
1651 208.14174970933 260.9450210637134 300
1652 152.6362620660957 276.4195275314805 300
1653 48.29428115381615 143.2432575224051 300
1654 311.8386487909101 247.9149687474517 300
1655 81.69300264582827 180.9470404276684 300
1656 113.1000000007803 10.92122960802666 300
1657 245.9218200906293 32.07669428118939 300
1658 247.7707836689529 282.4421010444892 300
1659 151.4801823344901 126.5881448434107 300
1660 237.6098383768435 186.7386546815484 300
1661 149.2288649911368 184.7604167468255 300
1662 224.6823591991715 194.9570612614434 300
1663 332.8333307225316 92.29790273720675 300
1664 11.66442941527859 58.54767782079746 300
1665 191.1373684500312 83.28072023980327 300
1666 11.57473960990143 253.440525994225 300
1667 336.294004216899 127.0394563248777 300
1668 314.1306098589873 216.8128260821189 300
1669 205.2548306888065 164.440027567131 300
1670 229.3018981614871 39.55553747381478 300
1671 313.6933381346647 95.75656593484389 300
1672 49.04361789822468 278.3145736935888 300
1673 114.8263583043401 300.801829679179 300
1674 10.7892551862624 112.577365460363 300
1675 49.19824904903729 33.97864887245574 300
1676 181.9410203010668 106.8598350495807 300
1677 11.06188762230735 199.5770919444695 300
1678 179.5360543767596 91.41040109150043 300
1679 224.72768695402 274.9506204083693 300
1680 96.58629513624068 153.8523137332481 300
1681 169.9409307483095 300.806219588473 300
1682 83.16950557368936 228.3692231737392 300
1683 226.1404006504958 96.21386609402903 300
1684 279.0439319628149 132.4202119674982 300
1685 211.4615964059738 227.3697963480449 300
1686 256.771951445357 240.8098509243866 300
1687 335.4646821868207 202.5105092572277 300
1688 181.8899222190281 200.6281356541642 300
1689 264.6295286662531 157.791177924224 300
1690 61.39936154691547 75.77411297635959 300
1691 253.0900050939645 163.3332194347817 300
1692 185.315967514164 301.8156235464748 300
1693 208.170698093044 213.5169826564421 300
1694 85.78727330975731 128.2568611645685 300
1695 214.666292125768 83.98170010446675 300
1696 162.3310646356148 159.3102121288801 300
1697 155.570358464591 102.99407021576 300
1698 156.8411123343637 209.1787832864295 300
1699 169.3267301068986 11.61500788343736 300
1700 305.6534158651434 181.1376251365138 300
1701 32.84800220071093 245.1782083836096 300
1702 300.0964507388814 144.2418389672031 300
1703 225.8971970756411 299.5595425194986 300
1704 142.3491025434201 230.8735752483737 300
1705 199.3649339633708 267.5607429309859 300
1706 68.10797310937095 45.49521343149019 300
1707 200.1343036623232 62.83286406413498 300
1708 10.01014924789091 12.40000237530978 300
1709 258.5809458221838 66.69177497902136 300
1710 336.3132870195626 29.26162146273006 300
1711 10.05925018777388 299.6039258661075 300
1712 167.1792863183638 243.5345889537916 300
1713 216.511649670107 172.5892138652106 300
1714 64.69588862604905 141.5471068906865 300
1715 70.13064765700716 129.0551944267437 300
1716 139.4311797061955 43.81956148907258 300
1717 226.0666284036029 129.7877216151851 300
1718 138.0480432675532 270.6951315301172 300
1719 142.0434990462176 80.95202725262476 300
1720 182.7000000008026 9.421631314206138 300
1721 45.43881277647232 223.4531560897551 300
1722 35.56318278983916 201.6804383776332 300
1723 212.4283550803403 186.9252356897136 300
1724 88.65431975531961 112.3573472343581 300
1725 195.7275082991616 143.1864243146042 300
1726 286.0051466929241 144.8047124481877 300
1727 32.42281229608807 152.0208329306116 300
1728 67.77744252818668 261.5332413062542 300
1729 291.7392986570544 102.8518754575555 300
1730 9.171283599298345 25.99999999995384 300
1731 9.164766548610576 285.9999999997718 300
1732 269.7299721868573 110.9412591162176 300
1733 245.4930792694168 143.6920123054102 300
1734 112.6014405568462 200.359353399275 300
1735 324.7118438469918 243.2583179037423 300
1736 74.30106337795593 11.5614987700908 300
1737 288.1435933100791 164.9769753529009 300
1738 288.9151986730943 41.64032441171826 300
1739 309.9436378909578 302.9079792715522 300
1740 140.4945637086142 57.94164034875887 300
1741 287.9059222015787 268.9852972906575 300
1742 31.60924063024592 47.15603546719345 300
1743 310.2777015260515 206.6420624877094 300
1744 247.8621918091455 100.5611188420655 300
1745 338.1137656738883 147.9209989700016 300
1746 296.4111201809521 123.8205343135962 300
1747 168.8448269548193 221.8836636455736 300
1748 31.56480820713235 264.7887698266123 300
1749 175.416016335137 49.72232909394859 300
1750 338.3715817916845 9.555134774898626 300
1751 128.6533154706975 134.8237752467111 300
1752 143.0376768745697 251.4190211632894 300
1753 177.3517764585118 65.71534175691369 300
1754 68.26354677860864 225.7021478579627 300
1755 83.79837266268072 207.0996883289106 300
1756 282.7093905013051 257.9640296978 300
1757 5.228753600462732 5.228753600457703 0
1758 8.46689233209286 3.446232916579319 0
1759 3.574367922017946 8.397954668178912 0
1760 2.9528912671385 2.952891267144971 0
1761 355.210926815558 13.21235044249019 297.8373712488169
1762 355.2229520671246 299.7872635285497 297.8278264908126
1763 359 157.3056333319331 147.597179735545
1764 359 223.7225593861998 200.8379165709827
1765 359 88.29096010486727 201.6786030062068
1766 359 227.9799557598191 91.52782960919765
1767 359 85.02004424015378 91.52782960918967
1768 359 156.4999999999652 220.3214274622594
1769 359 155.9064022954498 69.9226016096714
1770 359 65.7946745766841 148.1358331522549
1771 359 247.2053254233038 148.1358331522471
1772 359 51.68761874431758 238.325170753287
1773 359 261.3123812556708 238.3251707532731
1774 359 51.68761874431761 51.67482924670407
1775 359 261.3123812556707 51.67482924671801
1776 359 200.7082491431101 155.5504509972858
1777 359 112.8308926003912 158.2093454706839
1778 359 194.2089704274627 243.2615023067478
1779 359 113.5642208536005 240.5030961616545
1780 359 199.658331552918 49.33821365219373
1781 359 113.3416684470328 49.33821365218041
1782 359 181.8989868597282 112.1465976943475
1783 359 130.3215074076638 113.5938541557741
1784 359 268.5876071002465 183.3394782542329
1785 359 44.41239289974583 183.3394782542312
1786 359 267.8769860048894 102.836107487067
1787 359 45.1230139951028 102.8361074870789
1788 359 171.582364648753 182.6607137311297
1789 359 127.223266547166 193.3364534492862
1790 359 94.88818539954949 125.2108023512359
1791 359 218.1118146004507 125.210802351246
1792 359 156.3136939864887 254.968638044974
1793 359 156.4999999999679 35.35150836041944
1794 359 81.70585127210288 256.3123697472152
1795 359 231.294148727868 256.3123697471928
1796 359 81.70585127210398 33.68763025278212
1797 359 231.2941487278669 33.68763025280453
1798 359 191.9428443374125 209.497407748218
1799 359 280.9281620884667 128.781450915938
1800 359 32.07183791153241 128.7814509159462
1801 359 235.3085356902875 170.9250556764453
1802 359 83.46876981467263 170.8066072703817
1803 359 128.1949194986426 72.87843977100616
1804 359 182.3662238582234 72.03424315455123
1805 359 29.55253276560466 214.1579689255157
1806 359 283.4474672343979 214.1579689255168
1807 359 26.65551450875012 73.75742763093017
1808 359 286.3444854912527 73.75742763093494
1809 359 32.93791566908388 257.293131600952
1810 359 280.0620843309057 257.2931316009468
1811 359 32.93791566908843 32.70686839906067
1812 359 280.0620843309011 32.70686839906597
1813 359 282.6945349585231 165.6048262282484
1814 359 30.30546504146982 165.6048262282494
1815 359 124.3906272607489 135.9005922241977
1816 359 187.6603723992783 136.6677680971609
1817 359 134.204667697986 166.162211520015
1818 359 60.4141924958065 216.1215353524755
1819 359 252.5858075041749 216.121535352462
1820 359 61.09340705870583 78.88350236565341
1821 359 251.9065929412632 78.88350236565888
1822 359 155.4376587810985 113.2915195355906
1823 359 91.52012607456729 227.2501072866455
1824 359 223.8466921635527 229.4962844081226
1825 359 90.10393258686729 60.02586317341994
1826 359 222.8960674130874 60.02586317343885
1827 359 178.6331024714565 265.4216484678018
1828 359 133.4267538171054 265.5890916276507
1829 359 179.4381977770192 24.99547472710755
1830 359 133.5618022229205 24.99547472710231
1831 359 203.9629486618449 187.0618167012663
1832 359 129.1945329889504 215.1637488603939
1833 359 69.42400959360383 107.3601240059892
1834 359 243.5759904063915 107.3601240059806
1835 359 58.84178707730044 265.1542190359144
1836 359 254.1582129226682 265.1542190359033
1837 359 58.8417870773021 24.8457809640831
1838 359 254.1582129226665 24.84578096409427
1839 359 208.415026408703 266.5885729764668
1840 359 105.0180538636101 266.2161242679321
1841 359 207.9819461363475 23.78387573208917
1842 359 105.0180538636087 23.78387573206573
1843 359 172.6744014193159 239.0892978589458
1844 359 174.2732605961486 51.73895406896608
1845 359 139.4340010681059 51.35179913934826
1846 359 105.8368988113768 182.4639739329015
1847 359 168.4952751051871 91.72676444133255
1848 359 294.7384525443921 111.5024770445211
1849 359 18.26154745560682 111.5024770445242
1850 359 151.4349919642376 196.4425428072111
1851 359 207.6390194615828 103.9888838778376
1852 359 105.2496225765992 104.1956348008853
1853 359 175.7403964327633 156.3886143109284
1854 359 87.55508697474154 148.05141605266
1855 359 224.0217731592152 148.3988309533379
1856 359 24.94021434864145 234.8892275870053
1857 359 288.0597856513537 234.8892275869998
1858 359 24.52635459766082 54.81297192113583
1859 359 288.4736454023343 54.81297192114214
1860 359 137.7451541699996 242.1915541950696
1861 359 289.6200347651849 190.7785788409109
1862 359 23.37996523481679 190.7785788409109
1863 359 255.3431976667315 167.6850069813345
1864 359 55.76922791800823 167.7082033865641
1865 359 106.8598171349269 215.8184538087905
1866 359 258.8813659952909 126.6158098489645
1867 359 54.11863400470858 126.6158098489741
1868 359 248.4013952586533 194.180005804416
1869 359 65.01335482430807 194.2864964379037
1870 359 171.1170740050721 204.7443466206047
1871 359 209.8380839346719 77.71120738082337
1872 359 102.7975996931662 77.86134274360268
1873 359 143.0053669733582 92.39942228279696
1874 359 153.0104031729949 168.7882465817118
1875 359 200.8077862408385 123.5650218732206
1876 359 112.2273676360239 123.66498292425
1877 359 240.6022826234232 238.7472878132043
1878 359 72.26843170968152 238.7570629895069
1879 359 239.0430476007869 52.46897756748003
1880 359 73.95695239918109 52.46897756746666
1881 359 75.24430726732911 127.9464556131997
1882 359 237.6346774379489 127.9759976965825
1883 359 42.77286380734253 147.2949153197449
1884 359 269.9125404567766 147.2910492522017
1885 359 205.1745121536768 221.669415032891
1886 359 20.33330041448376 90.02472760014736
1887 359 292.6666995855174 90.02472760014683
1888 359 83.53025116769768 274.3560302793496
1889 359 229.8272092831774 274.0677840422286
1890 359 83.5302511676978 15.64396972064892
1891 359 229.4697488322433 15.64396972066241
1892 359 156.3850561504912 274.1991506138025
1893 359 156.4999999999664 15.93573060610558
1894 359 13.23312450010536 203.942470275097
1895 359 299.7668754998957 203.9424702750973
1896 359 191.1088623919433 174.0240780091044
1897 359 293.7202017041593 147.3181126541681
1898 359 19.25304695775319 147.3184414014102
1899 359 105.0391811611067 139.2266442475062
1900 359 208.0866255407499 139.3080162972341
1901 359 17.51676476384095 272.4795997416442
1902 359 295.483235236152 272.4795997416423
1903 359 17.51676476383936 17.52040025836441
1904 359 295.4832352361536 17.52040025836633
1905 359 121.023856048521 173.6736135131571
1906 359 188.7699201136843 192.9689125812897
1907 359 155.8083123939424 239.1427293903122
1908 359 96.26949830421958 245.914827045519
1909 359 216.7305016957392 245.9148270455069
1910 359 96.26949830421033 44.08517295449388
1911 359 216.7305016957484 44.08517295450574
1912 359 14.55311204907267 254.2374227043057
1913 359 298.4468879509237 254.2374227043039
1914 359 14.49398922750058 35.72003436832593
1915 359 298.5060107724958 35.72003436832785
1916 359 36.25114371024426 275.500394319719
1917 359 276.7488562897364 275.5003943197152
1918 359 36.25114371024492 14.49960568028343
1919 359 276.7488562897358 14.49960568028724
1920 359 156.5202971356477 51.94325914819766
1921 359 180.9172296186085 222.4889814885568
1922 359 190.9835302450182 91.93920070224306
1923 359 121.913803229886 92.18573875081303
1924 359 145.7751698782835 131.7834953713776
1925 359 167.2553376969884 130.9726609627639
1926 359 214.7625444631405 171.3805824713297
1927 359 225.2004023645657 108.9621907296362
1928 359 87.78266080914614 108.9751068258307
1929 359 77.99657175079756 215.919935984875
1930 359 236.0341567980142 215.9041451703507
1931 359 80.34239595731886 73.09712476856703
1932 359 232.6204289026341 73.08180483359907
1933 359 269.3334422711873 221.5697606789808
1934 359 43.66655772880778 221.5697606789915
1935 359 271.259147260837 68.9395238707788
1936 359 41.74085273915869 68.93952387077233
1937 359 202.7145569305636 202.4070937269295
1938 359 44.40649932484826 203.3756364150047
1939 359 268.6626256889741 203.3578879760865
1940 359 41.80659784599232 84.20121961876382
1941 359 271.193402154015 84.20121961876512
1942 359 138.3751731598502 180.6065235109855
1943 359 139.9402547912685 149.3451656143946
1944 359 111.0808773093445 199.5563646018479
1945 359 14.26016752691711 130.3384098428677
1946 359 299.0773632674036 130.6870747897769
1947 357.2228910438958 13.2374002535408 -5.690699682834905
1948 357.2229054876237 299.7625886542269 -5.690678812022882
1949 194.6284337465441 157.0826286495389 -10
1950 101.5033760462438 203.6329321573332 -10
1951 102.1653313598729 102.3122786588371 -10
1952 257.7816546457675 222.5693485871291 -10
1953 263.9770944080653 85.63325595170684 -10
1954 173.3518969228732 233.6842708998353 -10
1955 174.4527872528752 78.22893242016846 -10
1956 281.1374256420684 156.2880727096709 -10
1957 62.21438233284677 150.1689530272139 -10
1958 64.60002349836989 250.031556451475 -10
1959 59.05585666519148 60.19230769230767 -10
1960 131.636282271384 151.8206597444298 -10
1961 126.5837830209164 255.6208885746232 -10
1962 129.9910411094975 52.31049599648723 -10
1963 295.1816548527904 53.83323428845909 -10
1964 295.0100412653543 259.1207241304006 -10
1965 222.4879793956571 259.3248651117616 -10
1966 225.0329810637128 50.85875251390524 -10
1967 56.3612783873617 202.7013330350835 -10
1968 49.04153033936564 106.4090097647437 -10
1969 302.0924849041402 199.0924025311941 -10
1970 301.6033886430864 113.5666625313593 -10
1971 214.8482925004633 201.448309566568 -10
1972 233.283729708257 136.3486800727722 -10
1973 145.6989629207259 196.7009942213776 -10
1974 142.2837718249467 109.4016729077667 -10
1975 218.0899524673064 97.48058676995829 -10
1976 162.2355379508975 273.2163780937129 -10
1977 248.4365306547155 179.6131324909583 -10
1978 167.4752959361346 38.87338741928534 -10
1979 258.6485284412835 274.3041259392442 -10
1980 93.25621004916488 37.75119912314042 -10
1981 259.374963461641 38.06836622305657 -10
1982 89.91266282283642 275.5679510500621 -10
1983 183.3320677384423 119.4686099323528 -10
1984 99.24193950246365 167.1694254324127 -10
1985 34.6155309056341 276.8846153846155 -10
1986 34.18196469152943 34.52433774103476 -10
1987 314.7506414961467 156.5619026517654 -10
1988 92.38459461620027 239.2559123727487 -10
1989 34.86401249076118 171.9225281302699 -10
1990 315.8499115901815 81.34892819715452 -10
1991 315.8499115901594 231.6510718028156 -10
1992 34.67106008736496 237.4325974675641 -10
1993 269.1290297948418 124.3982023458286 -10
1994 32.12319378736746 137.2693971250454 -10
1995 180.5574178377371 190.5898550033323 -10
1996 90.74930583108359 133.65731130912 -10
1997 37.85663886528896 71.91328566668014 -10
1998 194.7395602548051 280.1062979347366 -10
1999 90.90402186885628 71.35897039938889 -10
2000 131.4291622757569 226.6698704441376 -10
2001 319.0558733564761 33.09509372849975 -10
2002 318.9915730345929 279.7748383421505 -10
2003 196.369380219672 31.5309525350376 -10
2004 163.0899460623163 146.6228458393962 -10
2005 269.4730654105411 192.1402250757605 -10
2006 227.5375669819086 227.9611095481737 -10
2007 132.4219323814946 88.06995976751655 -10
2008 77.19383453670919 192.2996071923376 -10
2009 63.62938979675117 28.95556204811418 -10
2010 283.6167424373793 83.16364132026068 -10
2011 284.3567840722013 230.0975895200889 -10
2012 124.1182502525211 127.529111827735 -10
2013 134.5322890544588 284.6917967754141 -10
2014 61.53742275741421 286.9379474765738 -10
2015 80.79148788740943 218.3945602738286 -10
2016 69.2987711110819 98.99990193303884 -10
2017 138.3403890270529 27.43190941643089 -10
2018 118.6823800173301 184.7762670457971 -10
2019 282.3282191178382 21.96137012013925 -10
2020 282.8734020350316 289.4854628353246 -10
2021 215.5959391585972 173.1353946637346 -10
2022 247.2057283336085 64.60422065653307 -10
2023 206.311581906764 133.2725224866605 -10
2024 324.7470524842001 179.5424812417977 -10
2025 324.6771815897671 133.4265002390271 -10
2026 247.5878433895657 248.7718450072092 -10
2027 149.1274436308082 242.6961252030509 -10
2028 233.5318819537644 286.1853938404146 -10
2029 235.2184132472105 25.92537192485936 -10
2030 158.6411237502449 171.7245831201706 -10
2031 147.7220440353436 70.00264098616934 -10
2032 204.2033856696187 72.3745912253334 -10
2033 200.7802226399231 239.2413939650831 -10
2034 17.9233562320199 204.6489537380362 -10
2035 69.24274186741231 125.6266838826546 -10
2036 239.1708040302373 203.1807014128067 -10
2037 322.7712509690651 57.17392424217815 -10
2038 322.7749708382528 255.7895841072965 -10
2039 238.1300992025944 112.1584088964581 -10
2040 296.4081594716244 172.900483057292 -10
2041 297.2764649476854 139.7420183480942 -10
2042 23.46324482100829 111.2197975049827 -10
2043 325.181491829403 209.7059477539245 -10
2044 325.101639378629 103.2409160379475 -10
2045 255.3212110408047 153.4187648943647 -10
2046 109.911346491548 20.59463864038972 -10
2047 189.6760463360621 212.5222830173167 -10
2048 20.35299996314004 254.5074174488587 -10
2049 186.3693426023548 55.00009333664229 -10
2050 182.8239558716504 257.1002311750769 -10
2051 20.5420211632773 57.32877307588119 -10
2052 273.7874150910362 250.0582480953601 -10
2053 108.4973640829875 292.5529784270953 -10
2054 274.5660121503291 62.47205107378144 -10
2055 226.8420983951312 75.4509088990213 -10
2056 155.2377063144849 220.3990471486892 -10
2057 167.5311764279371 103.1439874332896 -10
2058 55.53382674185237 175.6199496086908 -10
2059 106.9078760661576 145.1047023887133 -10
2060 191.5896487971177 97.47732595695371 -10
2061 53.50014099063988 84.61366039832768 -10
2062 280.3497426380131 104.617743137388 -10
2063 55.71161372090656 229.800602191871 -10
2064 145.7309439953013 135.8142703061175 -10
2065 20.25240798249873 155.9981581904338 -10
2066 105.5940794135774 57.82416989726737 -10
2067 232.4057074540779 163.5484484704251 -10
2068 212.9522063677721 293.689668045672 -10
2069 176.2378898192576 292.6776112798418 -10
2070 162.4494621089999 17.01104763790412 -10
2071 271.0507125331201 173.4157319951683 -10
2072 87.24999999985924 17.78322518438613 -10
2073 261.7500000001639 295.5352003334067 -10
2074 82.11225739263497 254.780490601352 -10
2075 87.47122265209262 111.7318054556806 -10
2076 20.64287442901851 292.4936569008858 -10
2077 279.909684700171 208.1010599331172 -10
2078 103.0425080911866 257.5749113462482 -10
2079 214.1201399413213 21.3643149893734 -10
2080 261.7500000001639 17.06775225749338 -10
2081 162.7758798250076 123.3751736234765 -10
2082 153.9953076979385 292.5007696393026 -10
2083 18.24698982590122 180.5905317124713 -10
2084 121.2407793896934 105.3897437350477 -10
2085 145.0242608614738 263.0880576114448 -10
2086 86.88948993259133 296.2117753907462 -10
2087 108.3343994028919 82.9121898994289 -10
2088 78.37152664986209 169.6264383642472 -10
2089 80.11608196658614 54.86447365124972 -10
2090 122.0607193039504 205.3879834270761 -10
2091 19.98656800530774 19.82682182016146 -10
2092 107.6168254163763 223.5815383285695 -10
2093 148.7834242576021 50.04726568381227 -10
2094 208.2137855086223 220.5995921865353 -10
2095 152.8823423845194 89.76943870298213 -10
2096 169.4961590111393 206.4804553627333 -10
2097 48.56292955920475 257.7170869073149 -10
2098 180.0445419387961 17.48307751844541 -10
2099 214.5328226376695 152.5734836626492 -10
2100 42.03277147604933 152.8299400156328 -10
2101 137.1789618260806 171.0502252297179 -10
2102 199.2365576283406 185.1306829870331 -10
2103 240.5640582950677 267.1465574746574 -10
2104 43.20231551508721 294.4999109496189 -10
2105 74.25935359831915 236.9293495646796 -10
2106 182.7542670835202 139.348896959573 -10
2107 241.5963994499647 45.17937981724835 -10
2108 219.954190917932 118.3609953909711 -10
2109 40.80587247623084 17.4179558607867 -10
2110 165.7654139980346 58.74555295492816 -10
2111 201.7660477836135 261.7227933175982 -10
2112 14.80150970996077 132.423076923077 -10
2113 309.5877404505122 294.4899845470166 -10
2114 177.6027897958142 168.7088379989831 -10
2115 95.56172308397606 185.6895645356185 -10
2116 16.5538443917347 228.4623957840731 -10
2117 43.05317423640767 50.5828532448036 -10
2118 333.3915729712379 83.14229976609224 -10
2119 333.4001007589791 229.848554533994 -10
2120 301.0987827481172 219.6172171632694 -10
2121 301.0987827481483 93.3827828366948 -10
2122 203.3049268972309 113.4849337797337 -10
2123 309.4604626410944 18.18219540969766 -10
2124 333.5369487669155 156.5031514420769 -10
2125 331.163447605215 17.81397647744906 -10
2126 331.166179864668 295.1661581898439 -10
2127 117.9334882611669 165.1426893526311 -10
2128 19.37259797521692 84.14844687459538 -10
2129 14.94211077202289 36.78214037356933 -10
2130 15.12228105955853 275.5309841007181 -10
2131 281.0487294571029 42.79215079270732 -10
2132 73.14846708659397 75.90792266715422 -10
2133 47.20880552096948 126.000654012143 -10
2134 36.77161957047972 191.7768887933372 -10
2135 229.2559446048181 186.3096217109645 -10
2136 257.5229111116261 109.9204504505808 -10
2137 115.8328452825076 39.87751061652489 -10
2138 112.2080668961662 241.0379773843613 -10
2139 278.6926323480437 269.6843722175241 -10
2140 81.57845321957009 149.9512731421048 -10
2141 164.0704696777903 254.6302528394953 -10
2142 113.6982283610617 272.9893436299075 -10
2143 300.6503329573071 71.16249583852924 -10
2144 300.6503329572921 241.8375041614568 -10
2145 335.4749779701852 36.11538461537115 -10
2146 335.4749779701817 276.8846153846072 -10
2147 205.2190458993359 46.22574092005839 -10
2148 285.3785119437321 124.3686037559779 -10
2149 104.7722091727637 120.8136694720568 -10
2150 69.08985828480961 265.9835394781816 -10
2151 212.7038753440623 276.1566484532089 -10
2152 300.9471104849931 36.49169668057949 -10
2153 273.7745319065291 138.7195743327942 -10
2154 36.33212873164459 215.8037951683275 -10
2155 297.3931728893812 156.3731191917056 -10
2156 301.2298947461927 276.2246180335978 -10
2157 284.9257645853534 189.1310036941336 -10
2158 241.9613139863886 90.87463860404307 -10
2159 34.96540197209791 94.78938381254015 -10
2160 254.4491438149645 132.301090146414 -10
2161 256.7918985814916 204.0570750211772 -10
2162 89.04515092441051 90.19290184576475 -10
2163 163.0936247831332 188.84009777821 -10
2164 147.2554515810654 155.4065168479664 -10
2165 124.812699268561 70.22389130937387 -10
2166 335.3182370630279 318.7407538942804 298.1880244702433
2167 13.6817628978761 318.7407539272957 298.1880244470956
2168 357.2306199973309 318.6795153366758 13.29028582627307
2169 357.2230178998991 318.6905163753335 276.7137228666348
2170 335.3182371548339 318.7407539825881 -8.188024408329358
2171 13.68176286693643 321.1880241078578 -5.74075441114991
2172 209.0060652250132 323 147.014724730443
2173 103.3640982164272 323 177.4411873903398
2174 89.65396872453555 323 90.9570722738946
2175 264.8373230031625 323 204.0971970322452
2176 264.0693312279153 323 83.55225215010653
2177 167.2009489149499 323 76.96812886381676
2178 173.2368905248275 323 213.9083865076501
2179 285.2125026606446 323 145.0000000001526
2180 62.45637710933236 323 229.7127706986815
2181 143.595385583808 323 133.6430034237613
2182 59.76066670341068 323 141.881017589335
2183 123.930755084076 323 230.0587808518288
2184 220.1161784104386 323 53.67281423484873
2185 52.12283528690679 323 54.90271154176106
2186 218.9644699371911 323 236.0674319432809
2187 123.1410470043016 323 51.08031401798334
2188 302.6021313972097 323 46.47490488710854
2189 303.0472418829012 323 243.9407432467067
2190 219.8162679205691 323 191.6383512358452
2191 223.1598004964847 323 97.25151721098104
2192 43.94035531852094 323 187.1047607620689
2193 45.66826839993731 323 98.40662839832117
2194 305.670472151446 323 183.919642233096
2195 304.8607762533355 323 104.6724738391749
2196 148.9788931325019 323 179.7521965364208
2197 101.1348965172742 323 132.2348144342592
2198 260.0613017325882 323 43.6685733718937
2199 247.8204455151006 323 154.3838746173443
2200 259.936780077556 323 250.5482297242621
2201 131.2560578838253 323 95.25017394396748
2202 181.1148712565145 323 39.45745897457815
2203 157.5130553063022 323 250.9307152231529
2204 178.3650670747655 323 114.8714736567334
2205 87.66373816144441 323 36.43891289780231
2206 32.06933524154674 323 252.1471756998432
2207 89.28716670550779 323 254.0275927956909
2208 257.1234170086793 323 120.0321763239027
2209 184.136467561778 323 177.4763077123308
2210 191.3449841246569 323 257.4513817734162
2211 93.66658339156497 323 213.8085967295951
2212 317.1062513303785 323 135.5889364639374
2213 31.74780928568929 323 161.8473839172783
2214 32.42399088384742 323 215.2995522360056
2215 74.52070920961202 323 170.1652153958997
2216 131.4130114882956 323 204.5202254272759
2217 265.8476980733825 323 169.8044167698981
2218 151.232553227035 323 31.90522190212726
2219 317.4632906405683 323 214.402205817677
2220 317.2690994920748 323 73.74115778986632
2221 171.4731133564816 323 148.6976058027686
2222 28.92819569785447 323 32.02647230495744
2223 30.28836941390405 323 123.1783087709805
2224 192.4887915310964 323 77.97345552055266
2225 121.0745787909722 323 153.2649344253876
2226 70.51050641425567 323 113.8065942810838
2227 30.00245812231879 323 73.76685441954217
2228 201.3409311110924 323 215.1745279042101
2229 224.357373041632 323 132.5116599692888
2230 233.4908332984184 323 28.52280312387949
2231 320.2336640027091 323 28.89933988142881
2232 320.2336640028713 323 261.1006601187382
2233 78.33261658307933 323 64.44964596878377
2234 236.7396409522385 323 77.09480838175503
2235 64.21155523541707 323 266.0240872172832
2236 128.2783790928144 323 263.7560281193414
2237 234.9619657772183 323 261.7297081981286
2238 240.4099889096039 323 210.0909734018036
2239 66.09274313726684 323 22.02975428333597
2240 323.1831709508908 323 157.633091643877
2241 68.01833008690342 323 196.3455293399828
2242 282.8648908604976 323 25.05017906402044
2243 283.7555042477984 323 265.0526948558093
2244 149.4974046852135 323 225.3930446423714
2245 109.4769961542806 323 25.35535419599875
2246 289.366551014264 323 71.91107538173075
2247 289.8312246113681 323 216.3925601407977
2248 245.550423458846 323 189.3350655549068
2249 205.5580844522427 323 27.42201743206476
2250 112.9980737991349 323 77.82499255835972
2251 141.3036628469773 323 70.56698750594013
2252 282.2290903192406 323 119.2493850236099
2253 154.900317983367 323 109.7938648846294
2254 95.83865626186764 323 157.2807597811463
2255 111.9886769762991 323 107.2890621331588
2256 220.2925034586441 323 165.4320114779217
2257 208.2137037751127 323 119.71426354536
2258 66.92114271666969 323 88.22334527912334
2259 18.81025478906047 323 179.1531104715865
2260 328.536579881915 323 234.9421917629798
2261 327.1436940858846 323 51.81167422140332
2262 327.3151101803886 323 113.1004397882199
2263 246.945612854616 323 99.11566854260946
2264 270.5078585546999 323 228.8533111227578
2265 161.3806759473024 323 53.47330395362092
2266 21.72121647990376 323 101.9040431853912
2267 154.3722633343602 323 202.3262556614155
2268 270.374860737346 323 61.84142229248569
2269 191.2316551973522 323 236.7989845170661
2270 208.3699587939965 323 270.7439999612351
2271 107.4198926085977 323 270.5710404965299
2272 51.77621953033612 323 162.7600139576783
2273 326.0283365355166 323 189.5725370574788
2274 297.257651618554 323 164.2100649802113
2275 20.31156579249924 323 235.5132292181156
2276 286.5855437228032 323 190.9421746452145
2277 24.51225838530132 323 50.65544358452245
2278 100.7392561448591 323 55.05877330126147
2279 285.0324140973091 323 94.98375704008832
2280 243.4540915512707 323 233.2579798216487
2281 196.3075824368539 323 56.85583344312209
2282 150.2649379683259 323 155.1678584493733
2283 261.2876972550232 323 19.07678376953236
2284 262.9494883742059 323 142.4515688234475
2285 173.0041224336944 323 265.9602287431109
2286 240.7439744532695 323 54.28719279515764
2287 122.5829055717279 323 126.37275329233
2288 126.5864901709069 323 176.9527222618376
2289 168.7682565953183 323 18.55669831061354
2290 82.08343516940825 323 233.1005120319715
2291 82.15989532181956 323 138.4434319906887
2292 51.14068864231069 323 122.4469952005659
2293 176.2730393994999 323 94.33069639923158
2294 260.4308500205663 323 271.4661265556399
2295 192.1013111480171 323 193.7782928837813
2296 20.88103774820327 323 269.2345589036056
2297 54.18233668766582 323 213.1053053143789
2298 42.25020348063894 323 232.454632288557
2299 133.2942103425396 323 22.88686085300325
2300 167.0460503145256 323 167.9384441932699
2301 52.5674507881946 323 74.74834243678491
2302 163.8187401369471 323 130.1234452885213
2303 186.6595851745792 323 136.3546008811785
2304 301.6800347318832 323 20.29409217297697
2305 150.7611109159555 323 89.12245817208996
2306 19.03492019828576 323 198.4781513607245
2307 87.54669549054206 323 16.76480427542741
2308 149.4769175310185 323 269.6389977437743
2309 88.969983551974 323 194.6008800901404
2310 169.9786460026684 323 189.1966472491447
2311 109.2076274082908 323 197.7283590122236
2312 168.6570404745467 323 234.4007546042641
2313 87.0837229098255 323 274.1245441019007
2314 200.2623874595347 323 98.00776807694268
2315 138.371161128781 323 245.3854896876625
2316 328.8560818061957 323 90.15557474503224
2317 40.54732274615748 323 270.3692722025823
2318 91.1939368244972 323 115.2921904624086
2319 19.35851282084084 323 141.5223609564225
2320 302.975667182366 323 270.6514634655015
2321 187.2422257311509 323 16.27967060431943
2322 203.2446071217228 323 173.3858572978415
2323 14.45903795566142 323 85.00660950345437
2324 102.5933674963224 323 233.5948538489143
2325 213.1881076482737 323 76.15042963232379
2326 186.9276481256834 323 158.4779234363054
2327 334.266424026439 323 205.4166666669807
2328 302.3409242421125 323 124.6178986542643
2329 68.82638315632903 323 44.89306189095741
2330 69.24452127100088 323 246.0210875939107
2331 280.8528256678143 323 245.0850576675014
2332 142.0704298736312 323 45.98253764653498
2333 267.0799731015521 323 103.3866478160634
2334 18.12051934233683 323 17.93551564302988
2335 40.67871106608194 323 142.2726800653767
2336 281.0659280494028 323 45.83689924663149
2337 39.21636586954071 323 18.1334126205682
2338 333.7235429464527 323 133.9984477949356
2339 253.8659504991982 323 66.23813064650743
2340 14.65238775644985 323 252.8789927643667
2341 112.1622689737099 323 215.9421631739676
2342 208.974606766083 323 252.5583012786254
2343 189.3295273560768 323 274.8311220955524
2344 334.8923299831787 323 17.2942796063143
2345 334.8923299832426 323 272.7057203937561
2346 133.5035918607464 323 114.0759619445188
2347 13.46088498900351 323 35.82660514011751
2348 178.6890100799161 323 61.42014634311557
2349 75.12325367578087 323 214.1304773898011
2350 304.3806997920622 323 201.0492504577395
2351 303.6149979792992 323 86.8638469602123
2352 115.1596534028634 323 250.5263497635193
2353 222.4821540006765 323 217.9733262947039
2354 242.5142674496082 323 135.0492142870749
2355 95.36828708672721 323 72.77843781243567
2356 13.27667301858092 323 157.9018790055181
2357 336.2154843336476 323 36.24999999993013
2358 336.2154843336846 323 253.7500000001347
2359 303.6448183939119 323 145.8136315432076
2360 229.6153105631664 323 150.0203443882637
2361 254.8023155046842 323 219.0748653446138
2362 175.4477789709383 323 249.9825032344766
2363 46.61646358886652 323 37.10680937101709
2364 51.87114184399456 323 249.3105298875261
2365 234.1151371279749 323 115.2369600430051
2366 238.1571081649515 323 170.1023440073633
$EndNodes
$Elements
4559
1 2 2 1 1 1 4 93
2 2 2 1 1 95 5 2
3 2 2 1 1 93 95 2
4 2 2 1 1 93 4 95
5 2 2 1 2 94 2 96
6 2 2 1 2 6 3 94
7 2 2 1 2 96 2 5
8 2 2 1 2 6 94 96
9 2 2 1 3 4 7 95
10 2 2 1 3 95 7 97
11 2 2 1 3 830 5 95
12 2 2 1 3 830 97 8
13 2 2 1 3 5 830 8
14 2 2 1 3 97 830 95
15 2 2 1 4 96 5 98
16 2 2 1 4 9 6 96
17 2 2 1 4 98 5 8
18 2 2 1 4 9 96 98
19 2 2 1 5 99 832 831
20 2 2 1 5 831 832 97
21 2 2 1 5 102 832 11
22 2 2 1 5 832 99 11
23 2 2 1 5 831 103 10
24 2 2 1 5 99 831 10
25 2 2 1 5 103 831 7
26 2 2 1 5 831 97 7
27 2 2 1 5 97 832 8
28 2 2 1 5 832 102 8
29 2 2 1 6 9 833 12
30 2 2 1 6 101 833 98
31 2 2 1 6 833 101 12
32 2 2 1 6 833 9 98
33 2 2 1 6 101 98 100
34 2 2 1 6 834 102 11
35 2 2 1 6 100 834 11
36 2 2 1 6 834 8 102
37 2 2 1 6 8 834 98
38 2 2 1 6 834 100 98
39 2 2 1 7 835 10 109
40 2 2 1 7 835 109 13
41 2 2 1 7 105 14 108
42 2 2 1 7 104 835 13
43 2 2 1 7 99 10 835
44 2 2 1 7 108 11 836
45 2 2 1 7 11 99 836
46 2 2 1 7 836 105 108
47 2 2 1 7 105 836 104
48 2 2 1 7 99 835 836
49 2 2 1 7 835 104 836
50 2 2 1 8 107 15 837
51 2 2 1 8 837 15 110
52 2 2 1 8 107 837 838
53 2 2 1 8 839 108 14
54 2 2 1 8 106 839 14
55 2 2 1 8 108 839 11
56 2 2 1 8 837 101 838
57 2 2 1 8 837 110 12
58 2 2 1 8 101 837 12
59 2 2 1 8 839 100 11
60 2 2 1 8 839 106 838
61 2 2 1 8 100 839 838
62 2 2 1 8 100 838 101
63 2 2 1 8 107 838 106
64 2 2 1 9 840 842 841
65 2 2 1 9 841 842 104
66 2 2 1 9 112 843 842
67 2 2 1 9 113 17 117
68 2 2 1 9 843 105 842
69 2 2 1 9 117 14 843
70 2 2 1 9 14 105 843
71 2 2 1 9 118 841 13
72 2 2 1 9 841 118 840
73 2 2 1 9 841 104 13
74 2 2 1 9 840 118 16
75 2 2 1 9 111 840 16
76 2 2 1 9 113 843 112
77 2 2 1 9 843 113 117
78 2 2 1 9 840 111 842
79 2 2 1 9 112 842 111
80 2 2 1 9 104 842 105
81 2 2 1 10 844 115 845
82 2 2 1 10 106 844 845
83 2 2 1 10 119 846 18
84 2 2 1 10 846 116 18
85 2 2 1 10 846 119 15
86 2 2 1 10 117 17 114
87 2 2 1 10 107 846 15
88 2 2 1 10 14 117 844
89 2 2 1 10 106 14 844
90 2 2 1 10 116 845 115
91 2 2 1 10 106 845 107
92 2 2 1 10 844 114 115
93 2 2 1 10 114 844 117
94 2 2 1 10 846 107 845
95 2 2 1 10 116 846 845
96 2 2 1 11 129 847 16
97 2 2 1 11 848 849 112
98 2 2 1 11 849 851 850
99 2 2 1 11 849 850 113
100 2 2 1 11 122 20 128
101 2 2 1 11 851 852 850
102 2 2 1 11 847 111 16
103 2 2 1 11 112 849 113
104 2 2 1 11 127 852 128
105 2 2 1 11 852 122 128
106 2 2 1 11 847 129 19
107 2 2 1 11 120 847 19
108 2 2 1 11 848 851 849
109 2 2 1 11 121 851 848
110 2 2 1 11 848 120 121
111 2 2 1 11 848 112 111
112 2 2 1 11 850 127 17
113 2 2 1 11 127 850 852
114 2 2 1 11 113 850 17
115 2 2 1 11 851 121 852
116 2 2 1 11 847 120 848
117 2 2 1 11 122 852 121
118 2 2 1 11 111 847 848
119 2 2 1 12 130 853 21
120 2 2 1 12 853 126 21
121 2 2 1 12 130 18 853
122 2 2 1 12 854 856 855
123 2 2 1 12 853 18 116
124 2 2 1 12 857 125 858
125 2 2 1 12 115 857 858
126 2 2 1 12 856 854 123
127 2 2 1 12 856 124 859
128 2 2 1 12 124 856 123
129 2 2 1 12 856 859 855
130 2 2 1 12 114 855 859
131 2 2 1 12 854 855 127
132 2 2 1 12 128 20 854
133 2 2 1 12 114 857 115
134 2 2 1 12 125 857 124
135 2 2 1 12 115 858 116
136 2 2 1 12 126 858 125
137 2 2 1 12 127 855 17
138 2 2 1 12 859 124 857
139 2 2 1 12 855 114 17
140 2 2 1 12 854 127 128
141 2 2 1 12 114 859 857
142 2 2 1 12 854 20 123
143 2 2 1 12 853 116 858
144 2 2 1 12 126 853 858
145 2 2 1 13 860 862 861
146 2 2 1 13 861 862 120
147 2 2 1 13 863 865 864
148 2 2 1 13 863 133 865
149 2 2 1 13 863 864 122
150 2 2 1 13 141 134 23
151 2 2 1 13 19 142 861
152 2 2 1 13 120 19 861
153 2 2 1 13 860 143 22
154 2 2 1 13 131 860 22
155 2 2 1 13 132 863 862
156 2 2 1 13 863 121 862
157 2 2 1 13 140 865 141
158 2 2 1 13 864 140 20
159 2 2 1 13 140 864 865
160 2 2 1 13 122 864 20
161 2 2 1 13 865 134 141
162 2 2 1 13 863 122 121
163 2 2 1 13 863 132 133
164 2 2 1 13 862 131 132
165 2 2 1 13 143 861 142
166 2 2 1 13 861 143 860
167 2 2 1 13 860 131 862
168 2 2 1 13 862 121 120
169 2 2 1 13 134 865 133
170 2 2 1 14 23 135 141
171 2 2 1 14 136 866 135
172 2 2 1 14 866 136 867
173 2 2 1 14 868 870 869
174 2 2 1 14 871 868 124
175 2 2 1 14 138 869 870
176 2 2 1 14 867 872 871
177 2 2 1 14 867 871 123
178 2 2 1 14 145 21 873
179 2 2 1 14 873 21 126
180 2 2 1 14 874 873 875
181 2 2 1 14 871 870 868
182 2 2 1 14 868 125 124
183 2 2 1 14 871 872 870
184 2 2 1 14 137 870 872
185 2 2 1 14 866 867 876
186 2 2 1 14 123 876 867
187 2 2 1 14 141 135 866
188 2 2 1 14 866 140 141
189 2 2 1 14 866 876 140
190 2 2 1 14 871 124 123
191 2 2 1 14 138 870 137
192 2 2 1 14 875 873 126
193 2 2 1 14 139 869 138
194 2 2 1 14 139 874 869
195 2 2 1 14 868 869 875
196 2 2 1 14 867 136 872
197 2 2 1 14 144 873 874
198 2 2 1 14 137 872 136
199 2 2 1 14 24 144 874
200 2 2 1 14 139 24 874
201 2 2 1 14 875 869 874
202 2 2 1 14 875 126 125
203 2 2 1 14 140 876 20
204 2 2 1 14 876 123 20
205 2 2 1 14 873 144 145
206 2 2 1 14 868 875 125
207 2 2 1 15 877 879 878
208 2 2 1 15 878 879 880
209 2 2 1 15 881 883 882
210 2 2 1 15 881 882 131
211 2 2 1 15 883 160 25
212 2 2 1 15 882 884 132
213 2 2 1 15 879 877 884
214 2 2 1 15 884 877 133
215 2 2 1 15 885 886 878
216 2 2 1 15 878 886 134
217 2 2 1 15 887 879 884
218 2 2 1 15 146 883 25
219 2 2 1 15 22 159 881
220 2 2 1 15 22 881 131
221 2 2 1 15 158 150 26
222 2 2 1 15 878 134 877
223 2 2 1 15 878 880 885
224 2 2 1 15 888 882 883
225 2 2 1 15 131 882 132
226 2 2 1 15 885 158 157
227 2 2 1 15 132 884 133
228 2 2 1 15 133 877 134
229 2 2 1 15 886 885 157
230 2 2 1 15 886 157 23
231 2 2 1 15 134 886 23
232 2 2 1 15 888 146 147
233 2 2 1 15 158 885 150
234 2 2 1 15 885 149 150
235 2 2 1 15 888 884 882
236 2 2 1 15 887 884 888
237 2 2 1 15 888 147 887
238 2 2 1 15 160 881 159
239 2 2 1 15 148 879 887
240 2 2 1 15 879 148 880
241 2 2 1 15 883 146 888
242 2 2 1 15 149 885 880
243 2 2 1 15 880 148 149
244 2 2 1 15 887 147 148
245 2 2 1 15 881 160 883
246 2 2 1 16 889 891 890
247 2 2 1 16 890 891 892
248 2 2 1 16 151 158 26
249 2 2 1 16 889 894 893
250 2 2 1 16 895 894 889
251 2 2 1 16 896 898 897
252 2 2 1 16 896 897 156
253 2 2 1 16 889 890 895
254 2 2 1 16 898 900 899
255 2 2 1 16 899 900 139
256 2 2 1 16 897 891 155
257 2 2 1 16 899 139 138
258 2 2 1 16 901 902 158
259 2 2 1 16 901 158 151
260 2 2 1 16 894 895 135
261 2 2 1 16 903 894 135
262 2 2 1 16 895 136 135
263 2 2 1 16 891 889 154
264 2 2 1 16 152 901 151
265 2 2 1 16 890 892 137
266 2 2 1 16 892 899 138
267 2 2 1 16 895 890 136
268 2 2 1 16 898 899 897
269 2 2 1 16 892 138 137
270 2 2 1 16 889 893 153
271 2 2 1 16 903 157 902
272 2 2 1 16 902 901 903
273 2 2 1 16 162 24 900
274 2 2 1 16 900 24 139
275 2 2 1 16 903 901 894
276 2 2 1 16 897 155 156
277 2 2 1 16 897 892 891
278 2 2 1 16 155 891 154
279 2 2 1 16 897 899 892
280 2 2 1 16 154 889 153
281 2 2 1 16 157 903 23
282 2 2 1 16 903 135 23
283 2 2 1 16 161 900 898
284 2 2 1 16 152 893 901
285 2 2 1 16 893 894 901
286 2 2 1 16 893 152 153
287 2 2 1 16 900 161 162
288 2 2 1 16 896 156 27
289 2 2 1 16 896 161 898
290 2 2 1 16 161 896 27
291 2 2 1 16 902 157 158
292 2 2 1 16 890 137 136
293 2 2 1 17 904 906 905
294 2 2 1 17 906 904 907
295 2 2 1 17 908 167 168
296 2 2 1 17 909 908 910
297 2 2 1 17 910 908 168
298 2 2 1 17 911 908 909
299 2 2 1 17 150 909 26
300 2 2 1 17 175 909 910
301 2 2 1 17 909 175 26
302 2 2 1 17 912 914 913
303 2 2 1 17 915 911 914
304 2 2 1 17 911 913 914
305 2 2 1 17 176 168 29
306 2 2 1 17 916 907 904
307 2 2 1 17 916 904 146
308 2 2 1 17 146 904 147
309 2 2 1 17 907 917 906
310 2 2 1 17 906 917 163
311 2 2 1 17 904 918 147
312 2 2 1 17 919 914 905
313 2 2 1 17 914 919 915
314 2 2 1 17 919 165 915
315 2 2 1 17 176 910 168
316 2 2 1 17 905 918 904
317 2 2 1 17 914 912 905
318 2 2 1 17 25 177 916
319 2 2 1 17 25 916 146
320 2 2 1 17 149 912 913
321 2 2 1 17 911 915 908
322 2 2 1 17 915 166 908
323 2 2 1 17 910 176 175
324 2 2 1 17 905 906 919
325 2 2 1 17 906 164 919
326 2 2 1 17 909 150 913
327 2 2 1 17 913 150 149
328 2 2 1 17 905 912 918
329 2 2 1 17 912 148 918
330 2 2 1 17 178 916 177
331 2 2 1 17 916 178 907
332 2 2 1 17 163 917 28
333 2 2 1 17 178 917 907
334 2 2 1 17 917 178 28
335 2 2 1 17 148 912 149
336 2 2 1 17 147 918 148
337 2 2 1 17 913 911 909
338 2 2 1 17 167 908 166
339 2 2 1 17 166 915 165
340 2 2 1 17 165 919 164
341 2 2 1 17 164 906 163
342 2 2 1 18 30 179 920
343 2 2 1 18 174 30 920
344 2 2 1 18 921 923 922
345 2 2 1 18 169 176 29
346 2 2 1 18 921 924 923
347 2 2 1 18 171 923 924
348 2 2 1 18 169 170 925
349 2 2 1 18 176 169 925
350 2 2 1 18 926 922 923
351 2 2 1 18 921 922 152
352 2 2 1 18 927 928 155
353 2 2 1 18 920 929 928
354 2 2 1 18 928 929 156
355 2 2 1 18 172 926 923
356 2 2 1 18 153 922 926
357 2 2 1 18 925 930 175
358 2 2 1 18 925 924 930
359 2 2 1 18 175 176 925
360 2 2 1 18 180 27 929
361 2 2 1 18 929 27 156
362 2 2 1 18 931 927 926
363 2 2 1 18 926 173 931
364 2 2 1 18 927 154 926
365 2 2 1 18 931 928 927
366 2 2 1 18 154 927 155
367 2 2 1 18 920 928 931
368 2 2 1 18 922 153 152
369 2 2 1 18 931 174 920
370 2 2 1 18 151 930 921
371 2 2 1 18 924 921 930
372 2 2 1 18 151 921 152
373 2 2 1 18 155 928 156
374 2 2 1 18 175 930 26
375 2 2 1 18 930 151 26
376 2 2 1 18 931 173 174
377 2 2 1 18 926 172 173
378 2 2 1 18 926 154 153
379 2 2 1 18 179 929 920
380 2 2 1 18 172 923 171
381 2 2 1 18 929 179 180
382 2 2 1 18 924 170 171
383 2 2 1 18 925 170 924
384 2 2 1 19 932 934 933
385 2 2 1 19 933 934 935
386 2 2 1 19 936 196 937
387 2 2 1 19 196 936 187
388 2 2 1 19 935 198 31
389 2 2 1 19 181 935 31
390 2 2 1 19 935 181 938
391 2 2 1 19 939 941 940
392 2 2 1 19 942 939 943
393 2 2 1 19 943 939 940
394 2 2 1 19 32 196 187
395 2 2 1 19 943 167 942
396 2 2 1 19 185 941 939
397 2 2 1 19 944 945 939
398 2 2 1 19 185 939 184
399 2 2 1 19 184 939 945
400 2 2 1 19 941 185 186
401 2 2 1 19 946 941 186
402 2 2 1 19 946 186 936
403 2 2 1 19 935 938 933
404 2 2 1 19 29 947 937
405 2 2 1 19 937 195 29
406 2 2 1 19 29 168 947
407 2 2 1 19 942 944 939
408 2 2 1 19 943 947 168
409 2 2 1 19 943 168 167
410 2 2 1 19 934 197 198
411 2 2 1 19 934 198 935
412 2 2 1 19 195 937 196
413 2 2 1 19 28 197 934
414 2 2 1 19 28 934 163
415 2 2 1 19 937 946 936
416 2 2 1 19 948 945 944
417 2 2 1 19 949 948 944
418 2 2 1 19 941 946 940
419 2 2 1 19 948 949 932
420 2 2 1 19 164 932 949
421 2 2 1 19 164 949 165
422 2 2 1 19 184 945 183
423 2 2 1 19 948 932 933
424 2 2 1 19 163 932 164
425 2 2 1 19 163 934 932
426 2 2 1 19 936 186 187
427 2 2 1 19 944 950 949
428 2 2 1 19 165 949 950
429 2 2 1 19 943 940 947
430 2 2 1 19 946 947 940
431 2 2 1 19 948 951 945
432 2 2 1 19 183 945 951
433 2 2 1 19 938 948 933
434 2 2 1 19 948 938 951
435 2 2 1 19 938 182 951
436 2 2 1 19 182 938 181
437 2 2 1 19 166 942 167
438 2 2 1 19 944 942 950
439 2 2 1 19 942 166 950
440 2 2 1 19 947 946 937
441 2 2 1 19 165 950 166
442 2 2 1 19 183 951 182
443 2 2 1 20 952 954 953
444 2 2 1 20 32 188 196
445 2 2 1 20 952 953 172
446 2 2 1 20 954 955 953
447 2 2 1 20 956 958 957
448 2 2 1 20 957 958 191
449 2 2 1 20 957 954 959
450 2 2 1 20 960 962 961
451 2 2 1 20 961 962 174
452 2 2 1 20 959 956 957
453 2 2 1 20 953 961 173
454 2 2 1 20 963 964 196
455 2 2 1 20 954 957 192
456 2 2 1 20 963 196 188
457 2 2 1 20 959 952 171
458 2 2 1 20 199 960 33
459 2 2 1 20 960 194 33
460 2 2 1 20 965 964 963
461 2 2 1 20 189 965 963
462 2 2 1 20 966 967 958
463 2 2 1 20 958 967 190
464 2 2 1 20 200 30 962
465 2 2 1 20 962 30 174
466 2 2 1 20 965 189 967
467 2 2 1 20 953 968 961
468 2 2 1 20 192 957 191
469 2 2 1 20 961 968 960
470 2 2 1 20 961 174 173
471 2 2 1 20 953 955 968
472 2 2 1 20 966 958 956
473 2 2 1 20 191 958 190
474 2 2 1 20 193 968 955
475 2 2 1 20 964 969 195
476 2 2 1 20 953 173 172
477 2 2 1 20 965 969 964
478 2 2 1 20 969 966 169
479 2 2 1 20 965 966 969
480 2 2 1 20 964 195 196
481 2 2 1 20 954 952 959
482 2 2 1 20 952 172 171
483 2 2 1 20 956 959 170
484 2 2 1 20 169 966 170
485 2 2 1 20 959 171 170
486 2 2 1 20 195 969 29
487 2 2 1 20 969 169 29
488 2 2 1 20 189 963 188
489 2 2 1 20 193 955 192
490 2 2 1 20 954 192 955
491 2 2 1 20 194 960 968
492 2 2 1 20 199 962 960
493 2 2 1 20 962 199 200
494 2 2 1 20 194 968 193
495 2 2 1 20 956 170 966
496 2 2 1 20 190 967 189
497 2 2 1 20 966 965 967
498 2 2 1 21 970 972 971
499 2 2 1 21 971 972 973
500 2 2 1 21 974 976 975
501 2 2 1 21 975 976 203
502 2 2 1 21 975 203 204
503 2 2 1 21 217 207 35
504 2 2 1 21 970 219 34
505 2 2 1 21 972 970 201
506 2 2 1 21 201 970 34
507 2 2 1 21 977 217 978
508 2 2 1 21 217 977 207
509 2 2 1 21 975 979 974
510 2 2 1 21 980 979 975
511 2 2 1 21 981 980 975
512 2 2 1 21 982 187 983
513 2 2 1 21 982 983 978
514 2 2 1 21 983 984 978
515 2 2 1 21 971 985 970
516 2 2 1 21 181 985 971
517 2 2 1 21 971 182 181
518 2 2 1 21 986 973 987
519 2 2 1 21 976 987 973
520 2 2 1 21 981 975 204
521 2 2 1 21 202 976 973
522 2 2 1 21 988 980 989
523 2 2 1 21 988 989 983
524 2 2 1 21 186 988 983
525 2 2 1 21 974 979 184
526 2 2 1 21 974 184 990
527 2 2 1 21 31 218 985
528 2 2 1 21 31 985 181
529 2 2 1 21 976 202 203
530 2 2 1 21 977 984 991
531 2 2 1 21 206 977 991
532 2 2 1 21 980 991 989
533 2 2 1 21 991 980 981
534 2 2 1 21 205 991 981
535 2 2 1 21 983 187 186
536 2 2 1 21 985 218 219
537 2 2 1 21 985 219 970
538 2 2 1 21 974 990 987
539 2 2 1 21 981 204 205
540 2 2 1 21 974 987 976
541 2 2 1 21 216 978 217
542 2 2 1 21 987 990 986
543 2 2 1 21 986 990 183
544 2 2 1 21 979 185 184
545 2 2 1 21 984 977 978
546 2 2 1 21 982 216 32
547 2 2 1 21 187 982 32
548 2 2 1 21 977 206 207
549 2 2 1 21 973 986 971
550 2 2 1 21 986 182 971
551 2 2 1 21 979 980 988
552 2 2 1 21 185 979 988
553 2 2 1 21 978 216 982
554 2 2 1 21 182 986 183
555 2 2 1 21 988 186 185
556 2 2 1 21 990 184 183
557 2 2 1 21 984 983 989
558 2 2 1 21 202 972 201
559 2 2 1 21 972 202 973
560 2 2 1 21 991 984 989
561 2 2 1 21 991 205 206
562 2 2 1 22 992 994 993
563 2 2 1 22 216 996 995
564 2 2 1 22 216 995 32
565 2 2 1 22 997 999 998
566 2 2 1 22 997 998 192
567 2 2 1 22 209 1000 208
568 2 2 1 22 1001 995 996
569 2 2 1 22 1001 996 1000
570 2 2 1 22 217 208 1000
571 2 2 1 22 209 1002 1001
572 2 2 1 22 1003 1001 1002
573 2 2 1 22 208 217 35
574 2 2 1 22 210 1002 209
575 2 2 1 22 993 994 1004
576 2 2 1 22 1004 994 190
577 2 2 1 22 1004 1005 993
578 2 2 1 22 190 994 191
579 2 2 1 22 1006 1008 1007
580 2 2 1 22 1007 1008 194
581 2 2 1 22 220 1006 36
582 2 2 1 22 998 1007 193
583 2 2 1 22 1006 215 36
584 2 2 1 22 992 993 212
585 2 2 1 22 998 1009 1007
586 2 2 1 22 997 992 999
587 2 2 1 22 998 999 1009
588 2 2 1 22 214 1009 999
589 2 2 1 22 188 32 995
590 2 2 1 22 999 992 213
591 2 2 1 22 217 1000 996
592 2 2 1 22 217 996 216
593 2 2 1 22 221 33 1008
594 2 2 1 22 1008 33 194
595 2 2 1 22 999 213 214
596 2 2 1 22 1001 1003 995
597 2 2 1 22 1005 189 1003
598 2 2 1 22 994 992 997
599 2 2 1 22 213 992 212
600 2 2 1 22 211 993 1005
601 2 2 1 22 994 997 191
602 2 2 1 22 212 993 211
603 2 2 1 22 1007 1009 1006
604 2 2 1 22 1007 194 193
605 2 2 1 22 191 997 192
606 2 2 1 22 209 1001 1000
607 2 2 1 22 995 1003 188
608 2 2 1 22 215 1009 214
609 2 2 1 22 188 1003 189
610 2 2 1 22 1004 190 189
611 2 2 1 22 215 1006 1009
612 2 2 1 22 220 1008 1006
613 2 2 1 22 998 193 192
614 2 2 1 22 1002 211 1005
615 2 2 1 22 1003 1002 1005
616 2 2 1 22 211 1002 210
617 2 2 1 22 1008 220 221
618 2 2 1 22 1005 1004 189
619 2 2 1 23 1010 1012 1011
620 2 2 1 23 1011 1012 204
621 2 2 1 23 204 1012 205
622 2 2 1 23 240 229 38
623 2 2 1 23 1013 240 1014
624 2 2 1 23 240 1013 229
625 2 2 1 23 1015 227 228
626 2 2 1 23 227 1015 1016
627 2 2 1 23 1015 228 1013
628 2 2 1 23 1017 242 37
629 2 2 1 23 222 1017 37
630 2 2 1 23 1018 1017 1019
631 2 2 1 23 1018 1019 201
632 2 2 1 23 1020 1021 1019
633 2 2 1 23 1019 1021 202
634 2 2 1 23 1022 1011 1021
635 2 2 1 23 1021 1011 203
636 2 2 1 23 1010 1024 1023
637 2 2 1 23 1023 1024 225
638 2 2 1 23 1025 1021 1020
639 2 2 1 23 1020 223 1025
640 2 2 1 23 1014 239 35
641 2 2 1 23 1026 1023 226
642 2 2 1 23 35 207 1014
643 2 2 1 23 1012 1027 205
644 2 2 1 23 1014 207 1028
645 2 2 1 23 1028 1015 1014
646 2 2 1 23 1016 1028 1027
647 2 2 1 23 1027 1026 1016
648 2 2 1 23 1027 1028 206
649 2 2 1 23 1024 1022 224
650 2 2 1 23 239 1014 240
651 2 2 1 23 1012 1010 1023
652 2 2 1 23 1025 1022 1021
653 2 2 1 23 1014 1015 1013
654 2 2 1 23 34 241 1018
655 2 2 1 23 34 1018 201
656 2 2 1 23 1012 1026 1027
657 2 2 1 23 1012 1023 1026
658 2 2 1 23 1010 1022 1024
659 2 2 1 23 1010 1011 1022
660 2 2 1 23 225 1024 224
661 2 2 1 23 1028 207 206
662 2 2 1 23 226 1023 225
663 2 2 1 23 227 1026 226
664 2 2 1 23 1026 227 1016
665 2 2 1 23 205 1027 206
666 2 2 1 23 1013 228 229
667 2 2 1 23 224 1022 1025
668 2 2 1 23 1017 222 1020
669 2 2 1 23 1018 242 1017
670 2 2 1 23 1020 1019 1017
671 2 2 1 23 201 1019 202
672 2 2 1 23 242 1018 241
673 2 2 1 23 202 1021 203
674 2 2 1 23 1015 1028 1016
675 2 2 1 23 1025 223 224
676 2 2 1 23 1020 222 223
677 2 2 1 23 203 1011 204
678 2 2 1 24 1029 1031 1030
679 2 2 1 24 1030 1031 1032
680 2 2 1 24 240 38 1033
681 2 2 1 24 1033 38 230
682 2 2 1 24 1029 1034 1031
683 2 2 1 24 1034 1029 1035
684 2 2 1 24 1031 1034 235
685 2 2 1 24 1034 1037 1036
686 2 2 1 24 1034 1035 1037
687 2 2 1 24 1036 1037 1038
688 2 2 1 24 1036 1038 233
689 2 2 1 24 232 1038 1039
690 2 2 1 24 1038 232 233
691 2 2 1 24 243 1040 39
692 2 2 1 24 1040 238 39
693 2 2 1 24 1035 1029 211
694 2 2 1 24 1029 1030 212
695 2 2 1 24 1041 1043 1042
696 2 2 1 24 1041 1042 214
697 2 2 1 24 1040 1044 1042
698 2 2 1 24 1042 1044 215
699 2 2 1 24 1030 1032 1041
700 2 2 1 24 1030 1041 213
701 2 2 1 24 1042 1043 1040
702 2 2 1 24 238 1040 1043
703 2 2 1 24 238 1043 237
704 2 2 1 24 1039 1046 1045
705 2 2 1 24 1034 1036 234
706 2 2 1 24 1039 1045 1047
707 2 2 1 24 1037 1035 210
708 2 2 1 24 1047 1045 239
709 2 2 1 24 1041 1032 1043
710 2 2 1 24 237 1043 1032
711 2 2 1 24 237 1032 236
712 2 2 1 24 231 1047 1033
713 2 2 1 24 244 36 1044
714 2 2 1 24 1044 36 215
715 2 2 1 24 240 1033 1047
716 2 2 1 24 1042 215 214
717 2 2 1 24 1031 236 1032
718 2 2 1 24 1039 1047 231
719 2 2 1 24 236 1031 235
720 2 2 1 24 232 1039 231
721 2 2 1 24 211 1029 212
722 2 2 1 24 35 239 1045
723 2 2 1 24 234 1036 233
724 2 2 1 24 208 35 1045
725 2 2 1 24 212 1030 213
726 2 2 1 24 1033 230 231
727 2 2 1 24 1041 214 213
728 2 2 1 24 1045 1046 208
729 2 2 1 24 210 1035 211
730 2 2 1 24 1046 209 208
731 2 2 1 24 209 1046 1048
732 2 2 1 24 209 1048 210
733 2 2 1 24 1048 1038 1037
734 2 2 1 24 1038 1048 1046
735 2 2 1 24 210 1048 1037
736 2 2 1 24 243 1044 1040
737 2 2 1 24 1044 243 244
738 2 2 1 24 1034 234 235
739 2 2 1 24 1039 1038 1046
740 2 2 1 24 1047 239 240
741 2 2 1 25 1049 1051 1050
742 2 2 1 25 253 1053 1052
743 2 2 1 25 253 1052 252
744 2 2 1 25 252 1052 251
745 2 2 1 25 1052 1053 1054
746 2 2 1 25 1052 1051 251
747 2 2 1 25 251 1055 250
748 2 2 1 25 1055 251 1051
749 2 2 1 25 1056 1058 1057
750 2 2 1 25 1059 1058 1056
751 2 2 1 25 1049 1050 228
752 2 2 1 25 1056 246 1059
753 2 2 1 25 1060 267 40
754 2 2 1 25 1061 1060 1057
755 2 2 1 25 1061 1057 222
756 2 2 1 25 245 1060 40
757 2 2 1 25 1057 1058 223
758 2 2 1 25 1059 1062 1058
759 2 2 1 25 1058 1062 224
760 2 2 1 25 1063 1062 1059
761 2 2 1 25 1062 1064 225
762 2 2 1 25 265 253 41
763 2 2 1 25 1059 247 1063
764 2 2 1 25 1064 1065 226
765 2 2 1 25 1063 1064 1062
766 2 2 1 25 1055 1066 250
767 2 2 1 25 1067 1064 1063
768 2 2 1 25 1065 1068 227
769 2 2 1 25 1063 248 1067
770 2 2 1 25 1069 1054 1053
771 2 2 1 25 1069 1053 264
772 2 2 1 25 264 1053 265
773 2 2 1 25 1069 1050 1054
774 2 2 1 25 1050 1051 1054
775 2 2 1 25 1070 1065 1064
776 2 2 1 25 1067 1070 1064
777 2 2 1 25 1066 1070 249
778 2 2 1 25 37 266 1061
779 2 2 1 25 37 1061 222
780 2 2 1 25 249 1070 1067
781 2 2 1 25 250 1066 249
782 2 2 1 25 1056 1057 1060
783 2 2 1 25 222 1057 223
784 2 2 1 25 1070 1068 1065
785 2 2 1 25 1055 1070 1066
786 2 2 1 25 1055 1068 1070
787 2 2 1 25 1049 228 1068
788 2 2 1 25 1049 1055 1051
789 2 2 1 25 1055 1049 1068
790 2 2 1 25 265 1053 253
791 2 2 1 25 223 1058 224
792 2 2 1 25 1069 264 38
793 2 2 1 25 224 1062 225
794 2 2 1 25 1050 1069 229
795 2 2 1 25 225 1064 226
796 2 2 1 25 229 1069 38
797 2 2 1 25 227 1068 228
798 2 2 1 25 1059 246 247
799 2 2 1 25 1063 247 248
800 2 2 1 25 1067 248 249
801 2 2 1 25 1056 245 246
802 2 2 1 25 1060 245 1056
803 2 2 1 25 1061 267 1060
804 2 2 1 25 267 1061 266
805 2 2 1 25 226 1065 227
806 2 2 1 25 1054 1051 1052
807 2 2 1 25 228 1050 229
808 2 2 1 26 1071 1073 1072
809 2 2 1 26 1072 1073 1074
810 2 2 1 26 42 268 1075
811 2 2 1 26 265 41 254
812 2 2 1 26 263 42 1075
813 2 2 1 26 1071 1072 232
814 2 2 1 26 1076 1078 1077
815 2 2 1 26 1079 1076 1077
816 2 2 1 26 1073 1076 1079
817 2 2 1 26 1071 1076 1073
818 2 2 1 26 1077 1080 255
819 2 2 1 26 265 254 1080
820 2 2 1 26 1078 264 1080
821 2 2 1 26 265 1080 264
822 2 2 1 26 1077 1078 1080
823 2 2 1 26 1081 1072 1074
824 2 2 1 26 1074 258 1081
825 2 2 1 26 1081 258 259
826 2 2 1 26 1075 1083 1082
827 2 2 1 26 1073 257 1074
828 2 2 1 26 1074 257 258
829 2 2 1 26 1084 262 1085
830 2 2 1 26 1073 1079 257
831 2 2 1 26 269 39 1083
832 2 2 1 26 1083 39 238
833 2 2 1 26 236 1084 1086
834 2 2 1 26 260 1088 1087
835 2 2 1 26 232 1072 233
836 2 2 1 26 256 1079 1077
837 2 2 1 26 1088 234 1087
838 2 2 1 26 1079 256 257
839 2 2 1 26 255 256 1077
840 2 2 1 26 1089 261 1084
841 2 2 1 26 236 1089 1084
842 2 2 1 26 1089 236 235
843 2 2 1 26 1076 231 230
844 2 2 1 26 1076 230 1078
845 2 2 1 26 38 264 1078
846 2 2 1 26 233 1090 234
847 2 2 1 26 230 38 1078
848 2 2 1 26 1080 254 255
849 2 2 1 26 231 1076 1071
850 2 2 1 26 231 1071 232
851 2 2 1 26 236 1086 237
852 2 2 1 26 262 1084 261
853 2 2 1 26 1082 1083 238
854 2 2 1 26 1087 259 260
855 2 2 1 26 1072 1081 1090
856 2 2 1 26 1082 1085 1075
857 2 2 1 26 1082 238 237
858 2 2 1 26 261 1089 1088
859 2 2 1 26 1089 235 1088
860 2 2 1 26 263 1085 262
861 2 2 1 26 1088 235 234
862 2 2 1 26 1088 260 261
863 2 2 1 26 263 1075 1085
864 2 2 1 26 1072 1090 233
865 2 2 1 26 1083 268 269
866 2 2 1 26 268 1083 1075
867 2 2 1 26 237 1086 1082
868 2 2 1 26 1090 1087 234
869 2 2 1 26 1081 259 1087
870 2 2 1 26 1087 1090 1081
871 2 2 1 26 1085 1086 1084
872 2 2 1 26 1086 1085 1082
873 2 2 1 27 1091 1092 293
874 2 2 1 27 1091 293 294
875 2 2 1 27 1091 294 43
876 2 2 1 27 270 1091 43
877 2 2 1 27 1093 1094 252
878 2 2 1 27 293 1092 40
879 2 2 1 27 1092 245 40
880 2 2 1 27 1091 1095 1092
881 2 2 1 27 1092 1095 245
882 2 2 1 27 1096 1098 1097
883 2 2 1 27 1094 1099 253
884 2 2 1 27 1098 278 1097
885 2 2 1 27 1100 276 1101
886 2 2 1 27 44 292 1102
887 2 2 1 27 251 1100 1101
888 2 2 1 27 271 1103 1095
889 2 2 1 27 1103 246 1095
890 2 2 1 27 279 1102 1097
891 2 2 1 27 278 279 1097
892 2 2 1 27 1096 1094 1093
893 2 2 1 27 1096 1093 1098
894 2 2 1 27 1103 272 1104
895 2 2 1 27 247 1103 1104
896 2 2 1 27 1104 273 1105
897 2 2 1 27 248 1104 1105
898 2 2 1 27 1106 275 1100
899 2 2 1 27 252 1094 253
900 2 2 1 27 250 1106 1100
901 2 2 1 27 1105 274 1106
902 2 2 1 27 277 1098 1093
903 2 2 1 27 1098 277 278
904 2 2 1 27 249 1105 1106
905 2 2 1 27 1099 1096 291
906 2 2 1 27 1096 1097 291
907 2 2 1 27 1102 292 1097
908 2 2 1 27 291 1097 292
909 2 2 1 27 1099 1094 1096
910 2 2 1 27 1102 279 44
911 2 2 1 27 1095 246 245
912 2 2 1 27 1099 291 41
913 2 2 1 27 1095 270 271
914 2 2 1 27 253 1099 41
915 2 2 1 27 1100 275 276
916 2 2 1 27 1100 251 250
917 2 2 1 27 1103 247 246
918 2 2 1 27 1091 270 1095
919 2 2 1 27 1101 276 277
920 2 2 1 27 1101 252 251
921 2 2 1 27 1103 271 272
922 2 2 1 27 277 1093 1101
923 2 2 1 27 1093 252 1101
924 2 2 1 27 1104 248 247
925 2 2 1 27 1104 272 273
926 2 2 1 27 1106 250 249
927 2 2 1 27 1106 274 275
928 2 2 1 27 1105 273 274
929 2 2 1 27 1105 249 248
930 2 2 1 28 254 1107 255
931 2 2 1 28 255 1108 256
932 2 2 1 28 45 295 1109
933 2 2 1 28 290 45 1109
934 2 2 1 28 280 292 44
935 2 2 1 28 1110 1112 1111
936 2 2 1 28 1111 1112 285
937 2 2 1 28 1111 285 286
938 2 2 1 28 1113 1108 1107
939 2 2 1 28 283 1108 1113
940 2 2 1 28 1107 1108 255
941 2 2 1 28 254 1114 1107
942 2 2 1 28 292 280 1115
943 2 2 1 28 1116 289 1117
944 2 2 1 28 262 1116 1117
945 2 2 1 28 288 1116 1118
946 2 2 1 28 1116 261 1118
947 2 2 1 28 1113 1115 281
948 2 2 1 28 1110 1111 258
949 2 2 1 28 282 1113 281
950 2 2 1 28 287 1120 1119
951 2 2 1 28 1112 1122 1121
952 2 2 1 28 1112 1121 284
953 2 2 1 28 296 42 1123
954 2 2 1 28 1123 42 263
955 2 2 1 28 1120 259 1119
956 2 2 1 28 1113 1107 1115
957 2 2 1 28 1107 1114 1115
958 2 2 1 28 1114 291 1115
959 2 2 1 28 292 1115 291
960 2 2 1 28 41 291 1114
961 2 2 1 28 254 41 1114
962 2 2 1 28 281 1115 280
963 2 2 1 28 260 1120 1118
964 2 2 1 28 1111 286 1119
965 2 2 1 28 1120 287 1118
966 2 2 1 28 290 1117 289
967 2 2 1 28 262 1117 263
968 2 2 1 28 289 1116 288
969 2 2 1 28 261 1116 262
970 2 2 1 28 256 1122 257
971 2 2 1 28 258 1111 1119
972 2 2 1 28 1122 256 1108
973 2 2 1 28 283 1121 1108
974 2 2 1 28 1112 284 285
975 2 2 1 28 283 1113 282
976 2 2 1 28 1122 1112 1110
977 2 2 1 28 257 1110 258
978 2 2 1 28 1122 1110 257
979 2 2 1 28 260 1118 261
980 2 2 1 28 288 1118 287
981 2 2 1 28 290 1109 1117
982 2 2 1 28 1117 1109 1123
983 2 2 1 28 1119 259 258
984 2 2 1 28 1117 1123 263
985 2 2 1 28 1123 295 296
986 2 2 1 28 295 1123 1109
987 2 2 1 28 1119 286 287
988 2 2 1 28 1120 260 259
989 2 2 1 28 1121 283 284
990 2 2 1 28 1121 1122 1108
991 2 2 1 29 1124 1126 1125
992 2 2 1 29 1124 1125 297
993 2 2 1 29 1127 1129 1128
994 2 2 1 29 1127 1128 279
995 2 2 1 29 1128 319 44
996 2 2 1 29 279 1128 44
997 2 2 1 29 43 321 1126
998 2 2 1 29 43 1126 270
999 2 2 1 29 47 320 1130
1000 2 2 1 29 47 1130 306
1001 2 2 1 29 1130 1128 1129
1002 2 2 1 29 1130 319 1128
1003 2 2 1 29 1131 304 1127
1004 2 2 1 29 278 1131 1127
1005 2 2 1 29 1130 1129 306
1006 2 2 1 29 1129 305 306
1007 2 2 1 29 1125 321 46
1008 2 2 1 29 321 1125 1126
1009 2 2 1 29 297 1125 46
1010 2 2 1 29 298 1132 1124
1011 2 2 1 29 1132 271 1124
1012 2 2 1 29 319 1130 320
1013 2 2 1 29 300 1134 1133
1014 2 2 1 29 270 1126 1124
1015 2 2 1 29 1134 274 1133
1016 2 2 1 29 1135 302 1136
1017 2 2 1 29 276 1135 1136
1018 2 2 1 29 301 1135 1134
1019 2 2 1 29 1135 275 1134
1020 2 2 1 29 1136 303 1131
1021 2 2 1 29 277 1136 1131
1022 2 2 1 29 299 1137 1132
1023 2 2 1 29 1137 272 1132
1024 2 2 1 29 305 1127 304
1025 2 2 1 29 278 1127 279
1026 2 2 1 29 304 1131 303
1027 2 2 1 29 277 1131 278
1028 2 2 1 29 305 1129 1127
1029 2 2 1 29 276 1136 277
1030 2 2 1 29 303 1136 302
1031 2 2 1 29 302 1135 301
1032 2 2 1 29 275 1135 276
1033 2 2 1 29 1124 271 270
1034 2 2 1 29 1124 297 298
1035 2 2 1 29 274 1134 275
1036 2 2 1 29 273 1137 1133
1037 2 2 1 29 1137 299 1133
1038 2 2 1 29 1137 273 272
1039 2 2 1 29 273 1133 274
1040 2 2 1 29 300 1133 299
1041 2 2 1 29 301 1134 300
1042 2 2 1 29 1132 298 299
1043 2 2 1 29 1132 272 271
1044 2 2 1 30 1138 1140 1139
1045 2 2 1 30 1139 1140 318
1046 2 2 1 30 1141 307 308
1047 2 2 1 30 1142 309 310
1048 2 2 1 30 1143 1141 308
1049 2 2 1 30 1143 1144 1141
1050 2 2 1 30 320 47 1145
1051 2 2 1 30 1145 47 307
1052 2 2 1 30 311 1147 1146
1053 2 2 1 30 1147 283 1146
1054 2 2 1 30 1145 307 1141
1055 2 2 1 30 281 1148 282
1056 2 2 1 30 320 1145 1141
1057 2 2 1 30 1144 1142 1148
1058 2 2 1 30 280 1144 281
1059 2 2 1 30 281 1144 1148
1060 2 2 1 30 1149 317 1140
1061 2 2 1 30 289 1149 1140
1062 2 2 1 30 1143 1142 1144
1063 2 2 1 30 1144 1150 1141
1064 2 2 1 30 316 1149 1151
1065 2 2 1 30 285 1153 1152
1066 2 2 1 30 285 1152 286
1067 2 2 1 30 322 45 1138
1068 2 2 1 30 1138 45 290
1069 2 2 1 30 1149 288 1151
1070 2 2 1 30 315 1151 1154
1071 2 2 1 30 1151 287 1154
1072 2 2 1 30 44 319 1150
1073 2 2 1 30 280 44 1150
1074 2 2 1 30 1155 313 1153
1075 2 2 1 30 285 1155 1153
1076 2 2 1 30 1144 280 1150
1077 2 2 1 30 1143 308 309
1078 2 2 1 30 1143 309 1142
1079 2 2 1 30 284 1155 285
1080 2 2 1 30 313 1155 1156
1081 2 2 1 30 1142 310 1148
1082 2 2 1 30 1155 284 1156
1083 2 2 1 30 1156 284 1147
1084 2 2 1 30 322 1139 48
1085 2 2 1 30 1139 322 1138
1086 2 2 1 30 1139 318 48
1087 2 2 1 30 317 1149 316
1088 2 2 1 30 288 1149 289
1089 2 2 1 30 289 1140 290
1090 2 2 1 30 318 1140 317
1091 2 2 1 30 1152 314 1154
1092 2 2 1 30 314 1152 1153
1093 2 2 1 30 286 1152 1154
1094 2 2 1 30 282 1146 283
1095 2 2 1 30 311 1146 310
1096 2 2 1 30 1148 310 1146
1097 2 2 1 30 282 1148 1146
1098 2 2 1 30 316 1151 315
1099 2 2 1 30 287 1151 288
1100 2 2 1 30 283 1147 284
1101 2 2 1 30 312 1147 311
1102 2 2 1 30 314 1153 313
1103 2 2 1 30 1150 319 1141
1104 2 2 1 30 315 1154 314
1105 2 2 1 30 286 1154 287
1106 2 2 1 30 1141 319 320
1107 2 2 1 30 1138 290 1140
1108 2 2 1 30 312 1156 1147
1109 2 2 1 30 1156 312 313
1110 2 2 1 31 1157 1159 1158
1111 2 2 1 31 1157 346 1159
1112 2 2 1 31 1160 1158 306
1113 2 2 1 31 306 1158 1159
1114 2 2 1 31 46 348 1161
1115 2 2 1 31 46 1161 297
1116 2 2 1 31 50 347 1157
1117 2 2 1 31 50 1157 333
1118 2 2 1 31 1161 348 49
1119 2 2 1 31 323 1161 49
1120 2 2 1 31 324 1163 1162
1121 2 2 1 31 1163 298 1162
1122 2 2 1 31 1164 331 1160
1123 2 2 1 31 305 1164 1160
1124 2 2 1 31 1157 1158 333
1125 2 2 1 31 1158 332 333
1126 2 2 1 31 1165 330 1164
1127 2 2 1 31 304 1165 1164
1128 2 2 1 31 1159 346 47
1129 2 2 1 31 325 1166 1163
1130 2 2 1 31 306 1159 47
1131 2 2 1 31 1166 299 1163
1132 2 2 1 31 326 1167 1166
1133 2 2 1 31 1167 300 1166
1134 2 2 1 31 327 1168 1167
1135 2 2 1 31 1168 301 1167
1136 2 2 1 31 1169 329 1165
1137 2 2 1 31 303 1169 1165
1138 2 2 1 31 328 1169 1168
1139 2 2 1 31 297 1161 1162
1140 2 2 1 31 1161 323 1162
1141 2 2 1 31 1169 302 1168
1142 2 2 1 31 332 1160 331
1143 2 2 1 31 305 1160 306
1144 2 2 1 31 1164 305 304
1145 2 2 1 31 1164 330 331
1146 2 2 1 31 1165 304 303
1147 2 2 1 31 1165 329 330
1148 2 2 1 31 1162 298 297
1149 2 2 1 31 1162 323 324
1150 2 2 1 31 1163 299 298
1151 2 2 1 31 1163 324 325
1152 2 2 1 31 1166 300 299
1153 2 2 1 31 1166 325 326
1154 2 2 1 31 1169 303 302
1155 2 2 1 31 1169 328 329
1156 2 2 1 31 332 1158 1160
1157 2 2 1 31 1168 302 301
1158 2 2 1 31 1168 327 328
1159 2 2 1 31 1167 301 300
1160 2 2 1 31 1167 326 327
1161 2 2 1 31 346 1157 347
1162 2 2 1 32 335 1171 1170
1163 2 2 1 32 335 1170 334
1164 2 2 1 32 1171 1172 1170
1165 2 2 1 32 1172 346 1170
1166 2 2 1 32 347 50 1170
1167 2 2 1 32 1170 50 334
1168 2 2 1 32 338 1174 1173
1169 2 2 1 32 1174 310 1173
1170 2 2 1 32 51 349 1175
1171 2 2 1 32 345 51 1175
1172 2 2 1 32 1170 346 347
1173 2 2 1 32 1176 344 1177
1174 2 2 1 32 317 1176 1177
1175 2 2 1 32 1174 339 1178
1176 2 2 1 32 308 1179 309
1177 2 2 1 32 311 1174 1178
1178 2 2 1 32 1171 335 336
1179 2 2 1 32 340 1180 1178
1180 2 2 1 32 1180 312 1178
1181 2 2 1 32 1180 341 1181
1182 2 2 1 32 313 1180 1181
1183 2 2 1 32 1181 342 1182
1184 2 2 1 32 349 48 1175
1185 2 2 1 32 1175 48 318
1186 2 2 1 32 314 1181 1182
1187 2 2 1 32 307 1183 308
1188 2 2 1 32 308 1183 1179
1189 2 2 1 32 1171 336 1183
1190 2 2 1 32 1183 336 1179
1191 2 2 1 32 343 1184 1182
1192 2 2 1 32 1184 315 1182
1193 2 2 1 32 307 47 1172
1194 2 2 1 32 1183 307 1172
1195 2 2 1 32 47 346 1172
1196 2 2 1 32 336 337 1179
1197 2 2 1 32 1175 318 1177
1198 2 2 1 32 1183 1172 1171
1199 2 2 1 32 345 1175 1177
1200 2 2 1 32 1174 338 339
1201 2 2 1 32 1174 311 310
1202 2 2 1 32 1178 312 311
1203 2 2 1 32 1178 339 340
1204 2 2 1 32 338 1173 337
1205 2 2 1 32 309 1173 310
1206 2 2 1 32 345 1177 344
1207 2 2 1 32 317 1177 318
1208 2 2 1 32 1180 313 312
1209 2 2 1 32 1180 340 341
1210 2 2 1 32 1181 314 313
1211 2 2 1 32 1181 341 342
1212 2 2 1 32 344 1176 343
1213 2 2 1 32 316 1176 317
1214 2 2 1 32 1182 315 314
1215 2 2 1 32 1182 342 343
1216 2 2 1 32 309 1179 1173
1217 2 2 1 32 1184 316 315
1218 2 2 1 32 1184 343 1176
1219 2 2 1 32 316 1184 1176
1220 2 2 1 32 1179 337 1173
1221 2 2 1 33 53 376 1185
1222 2 2 1 33 1186 1185 375
1223 2 2 1 33 375 1185 376
1224 2 2 1 33 53 1185 361
1225 2 2 1 33 351 1188 1187
1226 2 2 1 33 1188 324 1187
1227 2 2 1 33 1189 1185 1186
1228 2 2 1 33 1189 1190 360
1229 2 2 1 33 1186 333 1190
1230 2 2 1 33 377 1191 49
1231 2 2 1 33 1191 323 49
1232 2 2 1 33 1191 377 52
1233 2 2 1 33 350 1191 52
1234 2 2 1 33 1192 359 1190
1235 2 2 1 33 332 1192 1190
1236 2 2 1 33 358 1192 1193
1237 2 2 1 33 1186 375 50
1238 2 2 1 33 333 1186 50
1239 2 2 1 33 1192 331 1193
1240 2 2 1 33 353 1195 1194
1241 2 2 1 33 1195 326 1194
1242 2 2 1 33 352 1194 1188
1243 2 2 1 33 1194 325 1188
1244 2 2 1 33 356 1197 1196
1245 2 2 1 33 1197 329 1196
1246 2 2 1 33 355 1196 1198
1247 2 2 1 33 323 1191 1187
1248 2 2 1 33 1191 350 1187
1249 2 2 1 33 1196 328 1198
1250 2 2 1 33 354 1198 1195
1251 2 2 1 33 1198 327 1195
1252 2 2 1 33 1197 357 1193
1253 2 2 1 33 330 1197 1193
1254 2 2 1 33 1185 360 361
1255 2 2 1 33 1190 333 332
1256 2 2 1 33 1190 359 360
1257 2 2 1 33 1192 332 331
1258 2 2 1 33 1192 358 359
1259 2 2 1 33 1193 331 330
1260 2 2 1 33 1193 357 358
1261 2 2 1 33 1187 324 323
1262 2 2 1 33 1187 350 351
1263 2 2 1 33 1188 325 324
1264 2 2 1 33 1188 351 352
1265 2 2 1 33 1194 326 325
1266 2 2 1 33 1194 352 353
1267 2 2 1 33 1197 330 329
1268 2 2 1 33 1197 356 357
1269 2 2 1 33 1195 327 326
1270 2 2 1 33 1195 353 354
1271 2 2 1 33 1198 328 327
1272 2 2 1 33 1198 354 355
1273 2 2 1 33 1196 329 328
1274 2 2 1 33 1196 355 356
1275 2 2 1 33 1185 1189 360
1276 2 2 1 33 1190 1189 1186
1277 2 2 1 34 53 362 376
1278 2 2 1 34 1199 375 1200
1279 2 2 1 34 1199 50 375
1280 2 2 1 34 363 1199 1200
1281 2 2 1 34 1201 1202 364
1282 2 2 1 34 1201 364 365
1283 2 2 1 34 1202 363 364
1284 2 2 1 34 363 1202 1199
1285 2 2 1 34 1200 375 376
1286 2 2 1 34 1200 362 363
1287 2 2 1 34 1200 376 362
1288 2 2 1 34 366 1204 1203
1289 2 2 1 34 335 1201 336
1290 2 2 1 34 1205 345 1206
1291 2 2 1 34 1204 337 1203
1292 2 2 1 34 1202 335 334
1293 2 2 1 34 1202 1201 335
1294 2 2 1 34 1202 334 1199
1295 2 2 1 34 54 378 1205
1296 2 2 1 34 378 51 1205
1297 2 2 1 34 1205 51 345
1298 2 2 1 34 374 1205 1206
1299 2 2 1 34 374 54 1205
1300 2 2 1 34 1207 373 1206
1301 2 2 1 34 344 1207 1206
1302 2 2 1 34 1204 367 1208
1303 2 2 1 34 338 1204 1208
1304 2 2 1 34 1209 369 1210
1305 2 2 1 34 340 1209 1210
1306 2 2 1 34 1208 368 1209
1307 2 2 1 34 339 1208 1209
1308 2 2 1 34 1210 370 1211
1309 2 2 1 34 341 1210 1211
1310 2 2 1 34 1212 372 1207
1311 2 2 1 34 343 1212 1207
1312 2 2 1 34 1211 371 1212
1313 2 2 1 34 342 1211 1212
1314 2 2 1 34 336 1201 1203
1315 2 2 1 34 1201 365 1203
1316 2 2 1 34 369 1209 368
1317 2 2 1 34 334 50 1199
1318 2 2 1 34 339 1209 340
1319 2 2 1 34 368 1208 367
1320 2 2 1 34 338 1208 339
1321 2 2 1 34 370 1210 369
1322 2 2 1 34 340 1210 341
1323 2 2 1 34 344 1206 345
1324 2 2 1 34 374 1206 373
1325 2 2 1 34 343 1207 344
1326 2 2 1 34 373 1207 372
1327 2 2 1 34 336 1203 337
1328 2 2 1 34 366 1203 365
1329 2 2 1 34 342 1212 343
1330 2 2 1 34 372 1212 371
1331 2 2 1 34 341 1211 342
1332 2 2 1 34 371 1211 370
1333 2 2 1 34 337 1204 338
1334 2 2 1 34 367 1204 366
1335 2 2 1 35 1213 406 53
1336 2 2 1 35 56 406 391
1337 2 2 1 35 361 1213 53
1338 2 2 1 35 52 407 1214
1339 2 2 1 35 350 52 1214
1340 2 2 1 35 1214 407 55
1341 2 2 1 35 379 1214 55
1342 2 2 1 35 380 1216 1215
1343 2 2 1 35 1216 351 1215
1344 2 2 1 35 388 1218 1217
1345 2 2 1 35 1218 359 1217
1346 2 2 1 35 386 1220 1219
1347 2 2 1 35 1220 357 1219
1348 2 2 1 35 385 1219 1221
1349 2 2 1 35 1219 356 1221
1350 2 2 1 35 382 1223 1222
1351 2 2 1 35 1223 353 1222
1352 2 2 1 35 384 1221 1224
1353 2 2 1 35 1221 355 1224
1354 2 2 1 35 383 1224 1223
1355 2 2 1 35 1224 354 1223
1356 2 2 1 35 381 1222 1216
1357 2 2 1 35 1222 352 1216
1358 2 2 1 35 1220 387 1217
1359 2 2 1 35 358 1220 1217
1360 2 2 1 35 1218 389 1225
1361 2 2 1 35 360 1218 1225
1362 2 2 1 35 1225 390 1213
1363 2 2 1 35 361 1225 1213
1364 2 2 1 35 350 1214 1215
1365 2 2 1 35 1214 379 1215
1366 2 2 1 35 1225 361 360
1367 2 2 1 35 1225 389 390
1368 2 2 1 35 1213 391 406
1369 2 2 1 35 391 1213 390
1370 2 2 1 35 1218 360 359
1371 2 2 1 35 1218 388 389
1372 2 2 1 35 1217 387 388
1373 2 2 1 35 1217 359 358
1374 2 2 1 35 1215 379 380
1375 2 2 1 35 1215 351 350
1376 2 2 1 35 1216 380 381
1377 2 2 1 35 1216 352 351
1378 2 2 1 35 1220 358 357
1379 2 2 1 35 1220 386 387
1380 2 2 1 35 1222 381 382
1381 2 2 1 35 1222 353 352
1382 2 2 1 35 1223 382 383
1383 2 2 1 35 1223 354 353
1384 2 2 1 35 1224 383 384
1385 2 2 1 35 1224 355 354
1386 2 2 1 35 1221 356 355
1387 2 2 1 35 1221 384 385
1388 2 2 1 35 1219 357 356
1389 2 2 1 35 1219 385 386
1390 2 2 1 36 1226 1227 393
1391 2 2 1 36 1226 362 1227
1392 2 2 1 36 1226 363 362
1393 2 2 1 36 1228 1226 394
1394 2 2 1 36 1226 393 394
1395 2 2 1 36 362 53 1227
1396 2 2 1 36 396 1230 1229
1397 2 2 1 36 1229 1230 365
1398 2 2 1 36 53 406 1227
1399 2 2 1 36 363 1228 364
1400 2 2 1 36 1227 406 392
1401 2 2 1 36 363 1226 1228
1402 2 2 1 36 1228 395 1229
1403 2 2 1 36 1228 394 395
1404 2 2 1 36 393 1227 392
1405 2 2 1 36 364 1228 1229
1406 2 2 1 36 364 1229 365
1407 2 2 1 36 368 1231 369
1408 2 2 1 36 1232 408 54
1409 2 2 1 36 1229 395 396
1410 2 2 1 36 374 1232 54
1411 2 2 1 36 405 1232 1233
1412 2 2 1 36 392 406 56
1413 2 2 1 36 1232 374 1233
1414 2 2 1 36 403 1235 1234
1415 2 2 1 36 1234 1235 372
1416 2 2 1 36 402 1234 1236
1417 2 2 1 36 1236 1234 371
1418 2 2 1 36 401 1236 1237
1419 2 2 1 36 1237 1236 370
1420 2 2 1 36 400 1237 1231
1421 2 2 1 36 1231 1237 369
1422 2 2 1 36 1230 397 1238
1423 2 2 1 36 1230 1238 366
1424 2 2 1 36 1239 399 1231
1425 2 2 1 36 1239 1231 368
1426 2 2 1 36 1238 398 1239
1427 2 2 1 36 1238 1239 367
1428 2 2 1 36 400 1231 399
1429 2 2 1 36 404 1233 1235
1430 2 2 1 36 1233 373 1235
1431 2 2 1 36 1232 405 57
1432 2 2 1 36 408 1232 57
1433 2 2 1 36 399 1239 398
1434 2 2 1 36 367 1239 368
1435 2 2 1 36 398 1238 397
1436 2 2 1 36 366 1238 367
1437 2 2 1 36 365 1230 366
1438 2 2 1 36 397 1230 396
1439 2 2 1 36 373 1233 374
1440 2 2 1 36 405 1233 404
1441 2 2 1 36 372 1235 373
1442 2 2 1 36 404 1235 403
1443 2 2 1 36 371 1234 372
1444 2 2 1 36 403 1234 402
1445 2 2 1 36 370 1236 371
1446 2 2 1 36 402 1236 401
1447 2 2 1 36 369 1237 370
1448 2 2 1 36 401 1237 400
1449 2 2 1 37 1240 437 56
1450 2 2 1 37 391 1240 56
1451 2 2 1 37 419 1242 1241
1452 2 2 1 37 1242 1240 391
1453 2 2 1 37 59 437 421
1454 2 2 1 37 409 1244 1243
1455 2 2 1 37 1244 410 1245
1456 2 2 1 37 1244 1245 380
1457 2 2 1 37 1245 411 1246
1458 2 2 1 37 1245 1246 381
1459 2 2 1 37 1246 412 1247
1460 2 2 1 37 1246 1247 382
1461 2 2 1 37 420 1242 419
1462 2 2 1 37 1241 1242 390
1463 2 2 1 37 416 1249 1248
1464 2 2 1 37 1248 1249 387
1465 2 2 1 37 418 1241 1250
1466 2 2 1 37 1250 1241 389
1467 2 2 1 37 417 1250 1249
1468 2 2 1 37 1249 1250 388
1469 2 2 1 37 438 1243 55
1470 2 2 1 37 1243 1244 379
1471 2 2 1 37 390 1242 391
1472 2 2 1 37 1247 383 382
1473 2 2 1 37 1247 412 413
1474 2 2 1 37 383 1247 413
1475 2 2 1 37 1248 386 415
1476 2 2 1 37 416 1248 415
1477 2 2 1 37 386 1248 387
1478 2 2 1 37 1243 379 55
1479 2 2 1 37 1242 420 1240
1480 2 2 1 37 384 413 414
1481 2 2 1 37 1246 382 381
1482 2 2 1 37 1246 411 412
1483 2 2 1 37 1243 438 58
1484 2 2 1 37 409 1243 58
1485 2 2 1 37 417 1249 416
1486 2 2 1 37 387 1249 388
1487 2 2 1 37 383 413 384
1488 2 2 1 37 414 385 384
1489 2 2 1 37 414 415 385
1490 2 2 1 37 415 386 385
1491 2 2 1 37 1245 381 380
1492 2 2 1 37 1245 410 411
1493 2 2 1 37 418 1250 417
1494 2 2 1 37 388 1250 389
1495 2 2 1 37 1244 380 379
1496 2 2 1 37 1244 409 410
1497 2 2 1 37 389 1241 390
1498 2 2 1 37 419 1241 418
1499 2 2 1 37 1240 421 437
1500 2 2 1 37 421 1240 420
1501 2 2 1 38 426 1252 1251
1502 2 2 1 38 1251 1252 395
1503 2 2 1 38 1253 1254 423
1504 2 2 1 38 423 1254 422
1505 2 2 1 38 393 1255 394
1506 2 2 1 38 394 1255 1251
1507 2 2 1 38 1256 439 57
1508 2 2 1 38 422 437 59
1509 2 2 1 38 1257 1256 405
1510 2 2 1 38 405 1256 57
1511 2 2 1 38 393 392 1253
1512 2 2 1 38 393 1253 1255
1513 2 2 1 38 1254 437 422
1514 2 2 1 38 398 1258 399
1515 2 2 1 38 392 1254 1253
1516 2 2 1 38 1255 1253 424
1517 2 2 1 38 1255 424 425
1518 2 2 1 38 1254 392 56
1519 2 2 1 38 397 1259 398
1520 2 2 1 38 437 1254 56
1521 2 2 1 38 427 1252 426
1522 2 2 1 38 431 1260 430
1523 2 2 1 38 394 1251 395
1524 2 2 1 38 423 424 1253
1525 2 2 1 38 1255 425 1251
1526 2 2 1 38 1251 425 426
1527 2 2 1 38 436 1257 435
1528 2 2 1 38 404 1257 405
1529 2 2 1 38 403 1261 404
1530 2 2 1 38 1257 436 1256
1531 2 2 1 38 435 1257 1261
1532 2 2 1 38 1261 1257 404
1533 2 2 1 38 434 1261 1262
1534 2 2 1 38 1262 1261 403
1535 2 2 1 38 433 1262 1263
1536 2 2 1 38 1263 1262 402
1537 2 2 1 38 432 1263 1264
1538 2 2 1 38 1264 1263 401
1539 2 2 1 38 431 1264 1260
1540 2 2 1 38 1260 1264 400
1541 2 2 1 38 430 1260 1258
1542 2 2 1 38 1258 1260 399
1543 2 2 1 38 1252 427 1265
1544 2 2 1 38 1252 1265 396
1545 2 2 1 38 428 1259 1265
1546 2 2 1 38 1265 1259 397
1547 2 2 1 38 429 1258 1259
1548 2 2 1 38 1259 1258 398
1549 2 2 1 38 399 1260 400
1550 2 2 1 38 435 1261 434
1551 2 2 1 38 434 1262 433
1552 2 2 1 38 430 1258 429
1553 2 2 1 38 402 1262 403
1554 2 2 1 38 433 1263 432
1555 2 2 1 38 401 1263 402
1556 2 2 1 38 1256 436 60
1557 2 2 1 38 439 1256 60
1558 2 2 1 38 432 1264 431
1559 2 2 1 38 400 1264 401
1560 2 2 1 38 395 1252 396
1561 2 2 1 38 428 1265 427
1562 2 2 1 38 396 1265 397
1563 2 2 1 38 429 1259 428
1564 2 2 1 39 1266 469 59
1565 2 2 1 39 421 1266 59
1566 2 2 1 39 440 1268 1267
1567 2 2 1 39 62 469 453
1568 2 2 1 39 1269 444 1270
1569 2 2 1 39 1269 1270 413
1570 2 2 1 39 1270 445 1271
1571 2 2 1 39 1270 1271 414
1572 2 2 1 39 1268 441 1272
1573 2 2 1 39 1268 1272 410
1574 2 2 1 39 1273 443 1269
1575 2 2 1 39 1273 1269 412
1576 2 2 1 39 1271 446 1274
1577 2 2 1 39 1271 1274 415
1578 2 2 1 39 451 1276 1275
1579 2 2 1 39 1275 1276 420
1580 2 2 1 39 448 1278 1277
1581 2 2 1 39 1277 1278 417
1582 2 2 1 39 1272 442 1273
1583 2 2 1 39 1272 1273 411
1584 2 2 1 39 447 1277 1274
1585 2 2 1 39 1274 1277 416
1586 2 2 1 39 450 1275 1279
1587 2 2 1 39 1279 1275 419
1588 2 2 1 39 449 1279 1278
1589 2 2 1 39 1278 1279 418
1590 2 2 1 39 452 1266 1276
1591 2 2 1 39 1266 421 1276
1592 2 2 1 39 470 1267 58
1593 2 2 1 39 1267 470 61
1594 2 2 1 39 440 1267 61
1595 2 2 1 39 1274 446 447
1596 2 2 1 39 1274 416 415
1597 2 2 1 39 1271 445 446
1598 2 2 1 39 1271 415 414
1599 2 2 1 39 1270 444 445
1600 2 2 1 39 1270 414 413
1601 2 2 1 39 1267 1268 409
1602 2 2 1 39 1267 409 58
1603 2 2 1 39 1266 453 469
1604 2 2 1 39 453 1266 452
1605 2 2 1 39 420 1276 421
1606 2 2 1 39 452 1276 451
1607 2 2 1 39 451 1275 450
1608 2 2 1 39 419 1275 420
1609 2 2 1 39 1277 447 448
1610 2 2 1 39 1277 417 416
1611 2 2 1 39 1269 443 444
1612 2 2 1 39 1269 413 412
1613 2 2 1 39 1273 442 443
1614 2 2 1 39 1273 412 411
1615 2 2 1 39 1272 441 442
1616 2 2 1 39 1272 411 410
1617 2 2 1 39 1278 448 449
1618 2 2 1 39 1278 418 417
1619 2 2 1 39 1268 440 441
1620 2 2 1 39 1268 410 409
1621 2 2 1 39 418 1279 419
1622 2 2 1 39 450 1279 449
1623 2 2 1 40 1280 1281 455
1624 2 2 1 40 455 1281 454
1625 2 2 1 40 1280 456 1282
1626 2 2 1 40 422 1280 423
1627 2 2 1 40 1280 1282 423
1628 2 2 1 40 424 1282 457
1629 2 2 1 40 469 454 1281
1630 2 2 1 40 456 1280 455
1631 2 2 1 40 424 457 425
1632 2 2 1 40 469 1281 59
1633 2 2 1 40 1281 1280 422
1634 2 2 1 40 1281 422 59
1635 2 2 1 40 427 460 428
1636 2 2 1 40 471 1283 63
1637 2 2 1 40 468 1283 1284
1638 2 2 1 40 1283 468 63
1639 2 2 1 40 459 460 427
1640 2 2 1 40 1284 435 467
1641 2 2 1 40 468 1284 467
1642 2 2 1 40 435 1284 436
1643 2 2 1 40 425 457 458
1644 2 2 1 40 436 1283 60
1645 2 2 1 40 1284 1283 436
1646 2 2 1 40 461 429 428
1647 2 2 1 40 462 430 429
1648 2 2 1 40 425 458 426
1649 2 2 1 40 462 463 430
1650 2 2 1 40 1283 471 60
1651 2 2 1 40 464 432 431
1652 2 2 1 40 465 432 464
1653 2 2 1 40 463 431 430
1654 2 2 1 40 454 469 62
1655 2 2 1 40 463 464 431
1656 2 2 1 40 465 433 432
1657 2 2 1 40 465 466 433
1658 2 2 1 40 466 434 433
1659 2 2 1 40 466 467 434
1660 2 2 1 40 467 435 434
1661 2 2 1 40 428 460 461
1662 2 2 1 40 461 462 429
1663 2 2 1 40 458 459 426
1664 2 2 1 40 426 459 427
1665 2 2 1 40 1282 424 423
1666 2 2 1 40 1282 456 457
1667 2 2 1 41 1285 479 1286
1668 2 2 1 41 1285 1286 447
1669 2 2 1 41 472 1288 1287
1670 2 2 1 41 1287 1288 440
1671 2 2 1 41 1288 473 1289
1672 2 2 1 41 1288 1289 441
1673 2 2 1 41 1290 475 1291
1674 2 2 1 41 1290 1291 443
1675 2 2 1 41 1292 485 1293
1676 2 2 1 41 1292 1293 453
1677 2 2 1 41 1294 478 1285
1678 2 2 1 41 1294 1285 446
1679 2 2 1 41 1289 474 1290
1680 2 2 1 41 1289 1290 442
1681 2 2 1 41 1295 477 1294
1682 2 2 1 41 1295 1294 445
1683 2 2 1 41 484 1292 1296
1684 2 2 1 41 1296 1292 452
1685 2 2 1 41 1291 476 1295
1686 2 2 1 41 1291 1295 444
1687 2 2 1 41 483 1296 1297
1688 2 2 1 41 1297 1296 451
1689 2 2 1 41 1286 480 1298
1690 2 2 1 41 1286 1298 448
1691 2 2 1 41 1298 481 1299
1692 2 2 1 41 1298 1299 449
1693 2 2 1 41 65 503 1300
1694 2 2 1 41 482 1297 1299
1695 2 2 1 41 1299 1297 450
1696 2 2 1 41 482 1299 481
1697 2 2 1 41 449 1299 450
1698 2 2 1 41 450 1297 451
1699 2 2 1 41 483 1297 482
1700 2 2 1 41 451 1296 452
1701 2 2 1 41 484 1296 483
1702 2 2 1 41 453 1293 1300
1703 2 2 1 41 486 1293 485
1704 2 2 1 41 1293 486 1300
1705 2 2 1 41 481 1298 480
1706 2 2 1 41 448 1298 449
1707 2 2 1 41 452 1292 453
1708 2 2 1 41 485 1292 484
1709 2 2 1 41 480 1286 479
1710 2 2 1 41 447 1286 448
1711 2 2 1 41 446 1285 447
1712 2 2 1 41 479 1285 478
1713 2 2 1 41 1294 477 478
1714 2 2 1 41 1294 446 445
1715 2 2 1 41 1295 476 477
1716 2 2 1 41 1295 445 444
1717 2 2 1 41 1291 475 476
1718 2 2 1 41 1291 444 443
1719 2 2 1 41 65 1300 486
1720 2 2 1 41 504 1287 61
1721 2 2 1 41 1287 440 61
1722 2 2 1 41 453 1300 62
1723 2 2 1 41 1290 474 475
1724 2 2 1 41 1290 443 442
1725 2 2 1 41 1289 442 441
1726 2 2 1 41 1289 473 474
1727 2 2 1 41 1287 504 64
1728 2 2 1 41 472 1287 64
1729 2 2 1 41 473 1288 472
1730 2 2 1 41 440 1288 441
1731 2 2 1 41 1300 503 62
1732 2 2 1 42 488 1301 487
1733 2 2 1 42 503 487 1301
1734 2 2 1 42 454 488 455
1735 2 2 1 42 455 488 489
1736 2 2 1 42 503 1301 62
1737 2 2 1 42 487 503 65
1738 2 2 1 42 62 1301 454
1739 2 2 1 42 1301 488 454
1740 2 2 1 42 460 494 495
1741 2 2 1 42 1302 505 63
1742 2 2 1 42 468 1302 63
1743 2 2 1 42 456 489 490
1744 2 2 1 42 456 490 457
1745 2 2 1 42 457 490 491
1746 2 2 1 42 460 495 461
1747 2 2 1 42 458 493 459
1748 2 2 1 42 492 493 458
1749 2 2 1 42 455 489 456
1750 2 2 1 42 497 462 496
1751 2 2 1 42 496 462 461
1752 2 2 1 42 465 1303 466
1753 2 2 1 42 500 1303 499
1754 2 2 1 42 1303 465 499
1755 2 2 1 42 496 461 495
1756 2 2 1 42 1302 502 66
1757 2 2 1 42 505 1302 66
1758 2 2 1 42 499 465 464
1759 2 2 1 42 502 1302 1304
1760 2 2 1 42 1304 1302 468
1761 2 2 1 42 501 1304 1305
1762 2 2 1 42 1305 1304 467
1763 2 2 1 42 500 1305 1303
1764 2 2 1 42 1303 1305 466
1765 2 2 1 42 499 464 498
1766 2 2 1 42 498 464 463
1767 2 2 1 42 502 1304 501
1768 2 2 1 42 498 463 497
1769 2 2 1 42 491 492 457
1770 2 2 1 42 457 492 458
1771 2 2 1 42 459 494 460
1772 2 2 1 42 467 1304 468
1773 2 2 1 42 501 1305 500
1774 2 2 1 42 466 1305 467
1775 2 2 1 42 459 493 494
1776 2 2 1 42 497 463 462
1777 2 2 1 43 1306 539 65
1778 2 2 1 43 1306 1307 521
1779 2 2 1 43 1308 509 1309
1780 2 2 1 43 1308 1309 475
1781 2 2 1 43 1310 506 1311
1782 2 2 1 43 1310 1311 472
1783 2 2 1 43 1312 508 1308
1784 2 2 1 43 1312 1308 474
1785 2 2 1 43 1313 513 1314
1786 2 2 1 43 1313 1314 479
1787 2 2 1 43 1311 507 1312
1788 2 2 1 43 1311 1312 473
1789 2 2 1 43 1309 510 1315
1790 2 2 1 43 1309 1315 476
1791 2 2 1 43 1316 512 1313
1792 2 2 1 43 1316 1313 478
1793 2 2 1 43 1315 511 1316
1794 2 2 1 43 1315 1316 477
1795 2 2 1 43 1307 1306 486
1796 2 2 1 43 519 520 1307
1797 2 2 1 43 519 1307 485
1798 2 2 1 43 1314 514 1317
1799 2 2 1 43 1314 1317 480
1800 2 2 1 43 1317 515 1318
1801 2 2 1 43 1317 1318 481
1802 2 2 1 43 1318 516 1319
1803 2 2 1 43 1318 1319 482
1804 2 2 1 43 539 1306 68
1805 2 2 1 43 486 1306 65
1806 2 2 1 43 1306 521 68
1807 2 2 1 43 482 1319 483
1808 2 2 1 43 517 1319 516
1809 2 2 1 43 1319 517 483
1810 2 2 1 43 516 1318 515
1811 2 2 1 43 481 1318 482
1812 2 2 1 43 515 1317 514
1813 2 2 1 43 480 1317 481
1814 2 2 1 43 514 1314 513
1815 2 2 1 43 479 1314 480
1816 2 2 1 43 513 1313 512
1817 2 2 1 43 478 1313 479
1818 2 2 1 43 512 1316 511
1819 2 2 1 43 477 1316 478
1820 2 2 1 43 511 1315 510
1821 2 2 1 43 476 1315 477
1822 2 2 1 43 510 1309 509
1823 2 2 1 43 475 1309 476
1824 2 2 1 43 483 518 484
1825 2 2 1 43 483 517 518
1826 2 2 1 43 509 1308 508
1827 2 2 1 43 474 1308 475
1828 2 2 1 43 540 1310 64
1829 2 2 1 43 1310 472 64
1830 2 2 1 43 484 519 485
1831 2 2 1 43 484 518 519
1832 2 2 1 43 508 1312 507
1833 2 2 1 43 473 1312 474
1834 2 2 1 43 507 1311 506
1835 2 2 1 43 472 1311 473
1836 2 2 1 43 1310 540 67
1837 2 2 1 43 506 1310 67
1838 2 2 1 43 521 1307 520
1839 2 2 1 43 485 1307 486
1840 2 2 1 44 1320 68 522
1841 2 2 1 44 539 68 1320
1842 2 2 1 44 1320 523 487
1843 2 2 1 44 487 523 488
1844 2 2 1 44 488 523 524
1845 2 2 1 44 539 1320 65
1846 2 2 1 44 1320 487 65
1847 2 2 1 44 522 523 1320
1848 2 2 1 44 532 495 531
1849 2 2 1 44 492 527 528
1850 2 2 1 44 1321 541 66
1851 2 2 1 44 502 1321 66
1852 2 2 1 44 525 489 524
1853 2 2 1 44 488 524 489
1854 2 2 1 44 489 525 490
1855 2 2 1 44 490 525 526
1856 2 2 1 44 498 1322 499
1857 2 2 1 44 492 528 529
1858 2 2 1 44 532 496 495
1859 2 2 1 44 531 495 494
1860 2 2 1 44 535 1322 534
1861 2 2 1 44 492 529 493
1862 2 2 1 44 1321 538 69
1863 2 2 1 44 541 1321 69
1864 2 2 1 44 538 1323 537
1865 2 2 1 44 534 498 497
1866 2 2 1 44 501 1323 502
1867 2 2 1 44 534 497 533
1868 2 2 1 44 537 1324 536
1869 2 2 1 44 533 497 496
1870 2 2 1 44 538 1321 1323
1871 2 2 1 44 1323 1321 502
1872 2 2 1 44 537 1323 1324
1873 2 2 1 44 1324 1323 501
1874 2 2 1 44 536 1324 1325
1875 2 2 1 44 1325 1324 500
1876 2 2 1 44 535 1325 1322
1877 2 2 1 44 1322 1325 499
1878 2 2 1 44 527 491 526
1879 2 2 1 44 526 491 490
1880 2 2 1 44 500 1324 501
1881 2 2 1 44 533 496 532
1882 2 2 1 44 536 1325 535
1883 2 2 1 44 493 529 530
1884 2 2 1 44 499 1325 500
1885 2 2 1 44 530 494 493
1886 2 2 1 44 1322 498 534
1887 2 2 1 44 531 494 530
1888 2 2 1 44 491 527 492
1889 2 2 1 45 1326 521 557
1890 2 2 1 45 557 521 556
1891 2 2 1 45 521 520 556
1892 2 2 1 45 67 1327 506
1893 2 2 1 45 542 1327 70
1894 2 2 1 45 1327 542 506
1895 2 2 1 45 1327 67 70
1896 2 2 1 45 575 1326 71
1897 2 2 1 45 1326 557 71
1898 2 2 1 45 542 507 506
1899 2 2 1 45 1326 575 68
1900 2 2 1 45 521 1326 68
1901 2 2 1 45 542 543 507
1902 2 2 1 45 551 516 515
1903 2 2 1 45 553 517 552
1904 2 2 1 45 555 556 520
1905 2 2 1 45 555 520 519
1906 2 2 1 45 554 555 519
1907 2 2 1 45 554 519 518
1908 2 2 1 45 553 554 518
1909 2 2 1 45 553 518 517
1910 2 2 1 45 550 514 549
1911 2 2 1 45 549 514 513
1912 2 2 1 45 543 544 508
1913 2 2 1 45 543 508 507
1914 2 2 1 45 545 509 544
1915 2 2 1 45 544 509 508
1916 2 2 1 45 546 547 511
1917 2 2 1 45 546 511 510
1918 2 2 1 45 547 548 512
1919 2 2 1 45 547 512 511
1920 2 2 1 45 551 515 550
1921 2 2 1 45 550 515 514
1922 2 2 1 45 545 546 510
1923 2 2 1 45 545 510 509
1924 2 2 1 45 548 513 512
1925 2 2 1 45 548 549 513
1926 2 2 1 45 552 517 516
1927 2 2 1 45 551 552 516
1928 2 2 1 46 560 523 559
1929 2 2 1 46 575 558 68
1930 2 2 1 46 522 559 523
1931 2 2 1 46 559 522 558
1932 2 2 1 46 568 569 532
1933 2 2 1 46 532 569 533
1934 2 2 1 46 524 560 561
1935 2 2 1 46 558 575 71
1936 2 2 1 46 524 561 525
1937 2 2 1 46 558 522 68
1938 2 2 1 46 569 570 533
1939 2 2 1 46 536 572 573
1940 2 2 1 46 536 573 537
1941 2 2 1 46 523 560 524
1942 2 2 1 46 533 570 534
1943 2 2 1 46 534 570 571
1944 2 2 1 46 534 571 535
1945 2 2 1 46 1328 69 538
1946 2 2 1 46 1328 574 72
1947 2 2 1 46 574 1328 538
1948 2 2 1 46 69 1328 72
1949 2 2 1 46 525 562 526
1950 2 2 1 46 562 563 526
1951 2 2 1 46 526 563 527
1952 2 2 1 46 525 561 562
1953 2 2 1 46 527 563 564
1954 2 2 1 46 527 564 528
1955 2 2 1 46 535 571 572
1956 2 2 1 46 535 572 536
1957 2 2 1 46 565 566 529
1958 2 2 1 46 529 566 530
1959 2 2 1 46 528 564 565
1960 2 2 1 46 528 565 529
1961 2 2 1 46 566 567 530
1962 2 2 1 46 530 567 531
1963 2 2 1 46 567 568 531
1964 2 2 1 46 531 568 532
1965 2 2 1 46 537 574 538
1966 2 2 1 46 537 573 574
1967 2 2 1 47 546 545 580
1968 2 2 1 47 579 545 544
1969 2 2 1 47 583 548 582
1970 2 2 1 47 579 544 578
1971 2 2 1 47 578 543 577
1972 2 2 1 47 74 71 592
1973 2 2 1 47 592 71 557
1974 2 2 1 47 592 557 591
1975 2 2 1 47 557 556 591
1976 2 2 1 47 555 590 556
1977 2 2 1 47 590 591 556
1978 2 2 1 47 554 589 555
1979 2 2 1 47 589 590 555
1980 2 2 1 47 553 588 554
1981 2 2 1 47 588 589 554
1982 2 2 1 47 551 586 552
1983 2 2 1 47 587 588 553
1984 2 2 1 47 550 585 551
1985 2 2 1 47 577 543 542
1986 2 2 1 47 552 587 553
1987 2 2 1 47 549 584 550
1988 2 2 1 47 586 587 552
1989 2 2 1 47 547 546 581
1990 2 2 1 47 583 584 549
1991 2 2 1 47 580 545 579
1992 2 2 1 47 585 586 551
1993 2 2 1 47 578 544 543
1994 2 2 1 47 547 581 582
1995 2 2 1 47 581 546 580
1996 2 2 1 47 548 547 582
1997 2 2 1 47 550 584 585
1998 2 2 1 47 577 542 576
1999 2 2 1 47 576 70 73
2000 2 2 1 47 576 542 70
2001 2 2 1 47 549 548 583
2002 2 2 1 48 610 574 609
2003 2 2 1 48 71 74 593
2004 2 2 1 48 609 573 608
2005 2 2 1 48 608 572 607
2006 2 2 1 48 607 571 606
2007 2 2 1 48 599 600 564
2008 2 2 1 48 606 570 605
2009 2 2 1 48 610 75 72
2010 2 2 1 48 605 570 569
2011 2 2 1 48 607 572 571
2012 2 2 1 48 605 569 604
2013 2 2 1 48 598 599 563
2014 2 2 1 48 604 569 568
2015 2 2 1 48 606 571 570
2016 2 2 1 48 604 568 603
2017 2 2 1 48 564 600 565
2018 2 2 1 48 603 567 602
2019 2 2 1 48 597 598 562
2020 2 2 1 48 602 566 601
2021 2 2 1 48 574 573 609
2022 2 2 1 48 71 593 558
2023 2 2 1 48 565 600 601
2024 2 2 1 48 72 574 610
2025 2 2 1 48 563 599 564
2026 2 2 1 48 608 573 572
2027 2 2 1 48 560 559 595
2028 2 2 1 48 568 567 603
2029 2 2 1 48 597 561 596
2030 2 2 1 48 594 559 558
2031 2 2 1 48 561 560 596
2032 2 2 1 48 567 566 602
2033 2 2 1 48 562 561 597
2034 2 2 1 48 562 598 563
2035 2 2 1 48 596 560 595
2036 2 2 1 48 558 593 594
2037 2 2 1 48 595 559 594
2038 2 2 1 48 566 565 601
2039 2 2 4 49 1335 1465 1573
2040 2 2 4 49 1465 1413 1573
2041 2 2 4 49 1485 1396 1525
2042 2 2 4 49 1373 1485 1525
2043 2 2 4 49 607 1460 1583
2044 2 2 4 49 1478 1330 1529
2045 2 2 4 49 1360 1558 1640
2046 2 2 4 49 1356 1446 1472
2047 2 2 4 49 1360 1460 1558
2048 2 2 4 49 1434 1480 1676
2049 2 2 4 49 1377 1442 1616
2050 2 2 4 49 1442 1341 1467
2051 2 2 4 49 607 606 1460
2052 2 2 4 49 1364 1456 1680
2053 2 2 4 49 1456 1487 1680
2054 2 2 4 49 1370 1515 1530
2055 2 2 4 49 1443 1378 1615
2056 2 2 4 49 1530 1515 1639
2057 2 2 4 49 1342 1443 1470
2058 2 2 4 49 1363 1480 1483
2059 2 2 4 49 1497 1348 1539
2060 2 2 4 49 1478 1529 1603
2061 2 2 4 49 1407 1497 1539
2062 2 2 4 49 1480 1379 1483
2063 2 2 4 49 1453 1386 1571
2064 2 2 4 49 1501 1427 1593
2065 2 2 4 49 1593 1427 1700
2066 2 2 4 49 1523 1384 1590
2067 2 2 4 49 585 584 1479
2068 2 2 4 49 1606 1436 1686
2069 2 2 4 49 1459 1359 1551
2070 2 2 4 49 1371 1609 1668
2071 2 2 4 49 1355 1438 1506
2072 2 2 4 49 1551 1359 1635
2073 2 2 4 49 1519 1424 1557
2074 2 2 4 49 1448 1357 1484
2075 2 2 4 49 1365 1519 1557
2076 2 2 4 49 1420 1475 1639
2077 2 2 4 49 1639 1475 1717
2078 2 2 4 49 617 618 1461
2079 2 2 4 49 1516 1415 1650
2080 2 2 4 49 1371 1520 1609
2081 2 2 4 49 1532 1347 1548
2082 2 2 4 49 1510 1380 1572
2083 2 2 4 49 1343 1514 1622
2084 2 2 4 49 1422 1510 1572
2085 2 2 4 49 1419 1532 1548
2086 2 2 4 49 1439 1339 1504
2087 2 2 4 49 617 1461 1620
2088 2 2 4 49 1663 1372 1671
2089 2 2 4 49 1356 1466 1494
2090 2 2 4 49 1466 1406 1494
2091 2 2 4 49 1444 1340 1535
2092 2 2 4 49 1379 1444 1535
2093 2 2 4 49 1480 1363 1676
2094 2 2 4 49 1442 1467 1616
2095 2 2 4 49 1683 1437 1695
2096 2 2 4 49 1498 1347 1534
2097 2 2 4 49 1414 1542 1571
2098 2 2 4 49 1399 1498 1534
2099 2 2 4 49 1480 1434 1697
2100 2 2 4 49 1364 1445 1509
2101 2 2 4 49 1415 1523 1590
2102 2 2 4 49 1514 1435 1622
2103 2 2 4 49 1341 1442 1555
2104 2 2 4 49 1442 1381 1555
2105 2 2 4 49 1450 1582 1614
2106 2 2 4 49 1391 1440 1729
2107 2 2 4 49 1443 1382 1589
2108 2 2 4 49 1404 1606 1686
2109 2 2 4 49 1382 1443 1561
2110 2 2 4 49 1474 627 1636
2111 2 2 4 49 1443 1342 1561
2112 2 2 4 49 1470 1443 1615
2113 2 2 4 49 1438 1355 1604
2114 2 2 4 49 1387 1524 1586
2115 2 2 4 49 627 628 1636
2116 2 2 4 49 585 1479 1600
2117 2 2 4 49 1453 1571 1634
2118 2 2 4 49 1355 1683 1695
2119 2 2 4 49 1441 1663 1671
2120 2 2 4 49 1350 1453 1496
2121 2 2 4 49 1492 1404 1550
2122 2 2 4 49 1431 1532 1653
2123 2 2 4 49 1346 1492 1550
2124 2 2 4 49 1532 1431 1626
2125 2 2 4 49 1453 1392 1496
2126 2 2 4 49 1467 1341 1552
2127 2 2 4 49 1419 1491 1532
2128 2 2 4 49 1491 1369 1532
2129 2 2 4 49 1446 1380 1565
2130 2 2 4 49 1445 1364 1680
2131 2 2 4 49 1448 1383 1546
2132 2 2 4 49 1357 1448 1546
2133 2 2 4 49 1415 1516 1631
2134 2 2 4 49 1371 1496 1517
2135 2 2 4 49 1430 1540 1638
2136 2 2 4 49 1410 1475 1506
2137 2 2 4 49 1542 1333 1571
2138 2 2 4 49 1386 1449 1544
2139 2 2 4 49 1496 1392 1517
2140 2 2 4 49 1471 1375 1575
2141 2 2 4 49 1447 1407 1539
2142 2 2 4 49 1449 1358 1544
2143 2 2 4 49 1344 1586 1654
2144 2 2 4 49 1339 1464 1504
2145 2 2 4 49 1567 1350 1700
2146 2 2 4 49 1582 1354 1614
2147 2 2 4 49 609 608 1481
2148 2 2 4 49 1464 1378 1504
2149 2 2 4 49 1525 1432 1688
2150 2 2 4 49 1524 1417 1586
2151 2 2 4 49 1339 1439 1563
2152 2 2 4 49 1499 1372 1518
2153 2 2 4 49 1391 1499 1518
2154 2 2 4 49 1456 1337 1487
2155 2 2 4 49 1516 1372 1663
2156 2 2 4 49 1517 1344 1654
2157 2 2 4 49 1460 1393 1583
2158 2 2 4 49 1432 1525 1698
2159 2 2 4 49 1590 1343 1650
2160 2 2 4 49 1342 1470 1553
2161 2 2 4 49 1383 1448 1574
2162 2 2 4 49 1445 1340 1509
2163 2 2 4 49 1375 1497 1575
2164 2 2 4 49 1627 1444 1659
2165 2 2 4 49 1512 632 1664
2166 2 2 4 49 1343 1518 1650
2167 2 2 4 49 1610 1348 1721
2168 2 2 4 49 615 616 1463
2169 2 2 4 49 1440 1391 1647
2170 2 2 4 49 1353 1480 1697
2171 2 2 4 49 1368 1445 1680
2172 2 2 4 49 1336 1449 1602
2173 2 2 4 49 1368 1447 1508
2174 2 2 4 49 609 1481 1644
2175 2 2 4 49 1447 1331 1508
2176 2 2 4 49 1454 1434 1596
2177 2 2 4 49 634 635 1477
2178 2 2 4 49 644 1513 1666
2179 2 2 4 49 1442 1377 1529
2180 2 2 4 49 1381 1442 1625
2181 2 2 4 49 612 613 1488
2182 2 2 4 49 1369 1642 1727
2183 2 2 4 49 1436 1545 1686
2184 2 2 4 49 1378 1443 1533
2185 2 2 4 49 625 1459 1551
2186 2 2 4 49 1461 1405 1620
2187 2 2 4 49 1591 581 1663
2188 2 2 4 49 1348 1528 1721
2189 2 2 4 49 641 642 1482
2190 2 2 4 49 1531 1358 1691
2191 2 2 4 49 1332 1515 1647
2192 2 2 4 49 1647 1515 1732
2193 2 2 4 49 1441 1591 1663
2194 2 2 4 49 1340 1444 1751
2195 2 2 4 49 1642 1451 1727
2196 2 2 4 49 629 1455 1636
2197 2 2 4 49 1366 1455 1512
2198 2 2 4 49 1532 1369 1653
2199 2 2 4 49 1540 1374 1638
2200 2 2 4 49 1413 1465 1546
2201 2 2 4 49 1458 1367 1513
2202 2 2 4 49 1549 1416 1552
2203 2 2 4 49 1397 1549 1552
2204 2 2 4 49 1524 590 1623
2205 2 2 4 49 1427 1567 1700
2206 2 2 4 49 1405 1461 1559
2207 2 2 4 49 1499 1391 1729
2208 2 2 4 49 1329 1633 1669
2209 2 2 4 49 1347 1532 1626
2210 2 2 4 49 1468 1412 1679
2211 2 2 4 49 1467 1552 1635
2212 2 2 4 49 1358 1531 1641
2213 2 2 4 49 1394 1450 1614
2214 2 2 4 49 1368 1487 1592
2215 2 2 4 49 1475 1355 1506
2216 2 2 4 49 1494 1406 1596
2217 2 2 4 49 1494 1596 1753
2218 2 2 4 49 1375 1451 1646
2219 2 2 4 49 1597 1437 1612
2220 2 2 4 49 1444 1379 1659
2221 2 2 4 49 631 632 1512
2222 2 2 4 49 1444 1627 1751
2223 2 2 4 49 1543 1391 1622
2224 2 2 4 49 1453 1350 1567
2225 2 2 4 49 1477 635 1674
2226 2 2 4 49 1596 1434 1678
2227 2 2 4 49 1558 1418 1640
2228 2 2 4 49 644 645 1513
2229 2 2 4 49 1386 1453 1567
2230 2 2 4 49 1340 1505 1535
2231 2 2 4 49 1410 1506 1628
2232 2 2 4 49 1505 1396 1535
2233 2 2 4 49 1458 610 1644
2234 2 2 4 49 1455 1366 1636
2235 2 2 4 49 1365 1479 1519
2236 2 2 4 49 1380 1446 1572
2237 2 2 4 49 1446 1356 1572
2238 2 2 4 49 1369 1491 1642
2239 2 2 4 49 1514 1343 1738
2240 2 2 4 49 1367 1458 1644
2241 2 2 4 49 1435 1543 1622
2242 2 2 4 49 597 596 1473
2243 2 2 4 49 1416 1551 1635
2244 2 2 4 49 1463 1361 1645
2245 2 2 4 49 641 1482 1677
2246 2 2 4 49 1349 1557 1621
2247 2 2 4 49 1533 1443 1589
2248 2 2 4 49 615 1463 1522
2249 2 2 4 49 1430 1512 1664
2250 2 2 4 49 1345 1510 1618
2251 2 2 4 49 1372 1516 1650
2252 2 2 4 49 1393 1460 1581
2253 2 2 4 49 1459 1389 1580
2254 2 2 4 49 1460 1360 1581
2255 2 2 4 49 1359 1459 1580
2256 2 2 4 49 1340 1445 1613
2257 2 2 4 49 591 590 1524
2258 2 2 4 49 1460 606 1558
2259 2 2 4 49 1451 1375 1727
2260 2 2 4 49 1553 1470 1640
2261 2 2 4 49 1338 1495 1547
2262 2 2 4 49 1445 1368 1588
2263 2 2 4 49 1536 1437 1683
2264 2 2 4 49 1449 1336 1689
2265 2 2 4 49 1553 1418 1566
2266 2 2 4 49 1400 1553 1566
2267 2 2 4 49 1374 1477 1548
2268 2 2 4 49 599 1468 1574
2269 2 2 4 49 1513 1429 1666
2270 2 2 4 49 1471 1337 1653
2271 2 2 4 49 1499 1349 1671
2272 2 2 4 49 1560 1468 1679
2273 2 2 4 49 1358 1449 1691
2274 2 2 4 49 1618 1510 1707
2275 2 2 4 49 636 637 1491
2276 2 2 4 49 1421 1482 1528
2277 2 2 4 49 1407 1447 1655
2278 2 2 4 49 1447 1368 1655
2279 2 2 4 49 1366 1474 1636
2280 2 2 4 49 1461 1380 1559
2281 2 2 4 49 1487 1368 1680
2282 2 2 4 49 1455 629 1708
2283 2 2 4 49 1337 1456 1714
2284 2 2 4 49 612 1488 1632
2285 2 2 4 49 1481 1367 1644
2286 2 2 4 49 1463 616 1620
2287 2 2 4 49 1336 1602 1737
2288 2 2 4 49 1398 1597 1612
2289 2 2 4 49 628 629 1636
2290 2 2 4 49 1368 1592 1655
2291 2 2 4 49 1349 1621 1671
2292 2 2 4 49 634 1477 1540
2293 2 2 4 49 1331 1447 1755
2294 2 2 4 49 1506 1438 1676
2295 2 2 4 49 1363 1506 1676
2296 2 2 4 49 1541 1429 1701
2297 2 2 4 49 1373 1525 1688
2298 2 2 4 49 1419 1477 1674
2299 2 2 4 49 610 1458 1711
2300 2 2 4 49 1377 1462 1538
2301 2 2 4 49 1461 618 1565
2302 2 2 4 49 1482 642 1541
2303 2 2 4 49 1353 1627 1659
2304 2 2 4 49 1476 1352 1617
2305 2 2 4 49 1417 1524 1623
2306 2 2 4 49 1498 1374 1548
2307 2 2 4 49 1434 1454 1697
2308 2 2 4 49 624 625 1551
2309 2 2 4 49 1413 1493 1573
2310 2 2 4 49 1375 1471 1727
2311 2 2 4 49 1462 1338 1538
2312 2 2 4 49 1574 1448 1692
2313 2 2 4 49 1389 1459 1736
2314 2 2 4 49 1405 1463 1620
2315 2 2 4 49 1482 1421 1677
2316 2 2 4 49 1503 1375 1646
2317 2 2 4 49 1464 1339 1728
2318 2 2 4 49 1366 1495 1675
2319 2 2 4 49 1423 1569 1573
2320 2 2 4 49 1451 638 1646
2321 2 2 4 49 1450 1394 1734
2322 2 2 4 49 1384 1488 1526
2323 2 2 4 49 1557 1349 1746
2324 2 2 4 49 1509 1340 1751
2325 2 2 4 49 1502 1367 1672
2326 2 2 4 49 1488 1403 1526
2327 2 2 4 49 1478 1399 1534
2328 2 2 4 49 1449 1386 1602
2329 2 2 4 49 1359 1462 1616
2330 2 2 4 49 1390 1478 1534
2331 2 2 4 49 1356 1472 1643
2332 2 2 4 49 1348 1497 1598
2333 2 2 4 49 1633 1433 1669
2334 2 2 4 49 1482 1376 1528
2335 2 2 4 49 638 1451 1642
2336 2 2 4 49 1338 1462 1706
2337 2 2 4 49 602 1484 1630
2338 2 2 4 49 1465 1357 1546
2339 2 2 4 49 578 1523 1631
2340 2 2 4 49 1522 1463 1645
2341 2 2 4 49 1569 1335 1573
2342 2 2 4 49 1525 1354 1698
2343 2 2 4 49 1609 1426 1668
2344 2 2 4 49 578 577 1523
2345 2 2 4 49 610 609 1644
2346 2 2 4 49 1392 1453 1634
2347 2 2 4 49 1450 1382 1582
2348 2 2 4 49 1467 1359 1616
2349 2 2 4 49 639 640 1503
2350 2 2 4 49 1557 1424 1621
2351 2 2 4 49 1540 1430 1664
2352 2 2 4 49 1435 1514 1601
2353 2 2 4 49 1514 1361 1601
2354 2 2 4 49 1446 1565 1720
2355 2 2 4 49 1387 1489 1568
2356 2 2 4 49 1329 1485 1633
2357 2 2 4 49 1382 1450 1589
2358 2 2 4 49 1464 1360 1615
2359 2 2 4 49 1477 1374 1540
2360 2 2 4 49 1351 1639 1717
2361 2 2 4 49 1380 1461 1565
2362 2 2 4 49 1698 1452 1747
2363 2 2 4 49 1429 1541 1666
2364 2 2 4 49 1511 611 1632
2365 2 2 4 49 1573 1493 1685
2366 2 2 4 49 1484 1357 1652
2367 2 2 4 49 1376 1482 1541
2368 2 2 4 49 1653 1337 1714
2369 2 2 4 49 1507 586 1600
2370 2 2 4 49 1392 1545 1624
2371 2 2 4 49 1336 1501 1726
2372 2 2 4 49 1383 1468 1560
2373 2 2 4 49 636 1491 1674
2374 2 2 4 49 1545 1436 1624
2375 2 2 4 49 74 592 1595
2376 2 2 4 49 1477 1419 1548
2377 2 2 4 49 1447 1539 1755
2378 2 2 4 49 1360 1470 1615
2379 2 2 4 49 1489 1387 1537
2380 2 2 4 49 1497 1407 1575
2381 2 2 4 49 1379 1480 1659
2382 2 2 4 49 1357 1465 1619
2383 2 2 4 49 1408 1489 1537
2384 2 2 4 49 1472 621 1608
2385 2 2 4 49 1413 1546 1705
2386 2 2 4 49 1562 1502 1672
2387 2 2 4 49 1495 1564 1675
2388 2 2 4 49 1398 1490 1597
2389 2 2 4 49 604 603 1566
2390 2 2 4 49 1490 1345 1597
2391 2 2 4 49 1529 1377 1603
2392 2 2 4 49 1389 1564 1706
2393 2 2 4 49 1580 1389 1706
2394 2 2 4 49 1426 1507 1576
2395 2 2 4 49 1380 1510 1559
2396 2 2 4 49 1475 1420 1683
2397 2 2 4 49 1473 596 1556
2398 2 2 4 49 1355 1475 1683
2399 2 2 4 49 597 1473 1611
2400 2 2 4 49 1596 1334 1753
2401 2 2 4 49 1685 1570 1693
2402 2 2 4 49 611 612 1632
2403 2 2 4 49 1375 1503 1598
2404 2 2 4 49 1503 1421 1598
2405 2 2 4 49 600 599 1574
2406 2 2 4 49 1506 1363 1628
2407 2 2 4 49 1469 1357 1619
2408 2 2 4 49 1501 1702 1726
2409 2 2 4 49 1385 1570 1685
2410 2 2 4 49 591 1524 1595
2411 2 2 4 49 1423 1476 1569
2412 2 2 4 49 1462 1359 1580
2413 2 2 4 49 1352 1476 1693
2414 2 2 4 49 614 615 1522
2415 2 2 4 49 1329 1483 1585
2416 2 2 4 49 1476 1423 1693
2417 2 2 4 49 1485 1329 1585
2418 2 2 4 49 1361 1490 1601
2419 2 2 4 49 1490 1398 1601
2420 2 2 4 49 1456 1364 1694
2421 2 2 4 49 1479 584 1745
2422 2 2 4 49 1521 1436 1606
2423 2 2 4 49 1385 1493 1550
2424 2 2 4 49 1362 1521 1606
2425 2 2 4 49 1562 1393 1581
2426 2 2 4 49 1332 1543 1612
2427 2 2 4 49 1493 1346 1550
2428 2 2 4 49 1348 1598 1722
2429 2 2 4 49 1442 1529 1625
2430 2 2 4 49 1468 1383 1574
2431 2 2 4 49 1347 1498 1548
2432 2 2 4 49 606 605 1558
2433 2 2 4 49 586 585 1600
2434 2 2 4 49 1405 1559 1670
2435 2 2 4 49 1459 625 1736
2436 2 2 4 49 592 591 1595
2437 2 2 4 49 580 579 1516
2438 2 2 4 49 1491 1419 1674
2439 2 2 4 49 1404 1492 1606
2440 2 2 4 49 1596 1406 1719
2441 2 2 4 49 1492 1362 1606
2442 2 2 4 49 1568 74 1595
2443 2 2 4 49 1542 1414 1570
2444 2 2 4 49 1360 1464 1581
2445 2 2 4 49 633 634 1540
2446 2 2 4 49 1364 1509 1648
2447 2 2 4 49 1454 1596 1719
2448 2 2 4 49 642 643 1541
2449 2 2 4 49 627 1474 1584
2450 2 2 4 49 1432 1698 1747
2451 2 2 4 49 1479 1388 1600
2452 2 2 4 49 1523 1415 1631
2453 2 2 4 49 1361 1463 1657
2454 2 2 4 49 589 588 1520
2455 2 2 4 49 1463 1405 1657
2456 2 2 4 49 1374 1498 1547
2457 2 2 4 49 1425 1527 1530
2458 2 2 4 49 1544 1414 1571
2459 2 2 4 49 1547 1495 1638
2460 2 2 4 49 1468 599 1703
2461 2 2 4 49 1462 1377 1616
2462 2 2 4 49 1492 1412 1658
2463 2 2 4 49 1333 1542 1587
2464 2 2 4 49 1337 1471 1575
2465 2 2 4 49 1519 1479 1745
2466 2 2 4 49 1465 1335 1712
2467 2 2 4 49 1362 1473 1649
2468 2 2 4 49 1425 1531 1691
2469 2 2 4 49 603 602 1630
2470 2 2 4 49 1612 1543 1709
2471 2 2 4 49 1527 1370 1530
2472 2 2 4 49 1627 1401 1751
2473 2 2 4 49 1330 1486 1625
2474 2 2 4 49 1378 1464 1615
2475 2 2 4 49 622 623 1549
2476 2 2 4 49 1478 1390 1724
2477 2 2 4 49 1562 1581 1728
2478 2 2 4 49 1575 1407 1592
2479 2 2 4 49 1412 1468 1703
2480 2 2 4 49 1384 1526 1590
2481 2 2 4 49 1611 1473 1658
2482 2 2 4 49 1511 1384 1710
2483 2 2 4 49 1334 1596 1678
2484 2 2 4 49 1617 1352 1723
2485 2 2 4 49 1474 1389 1584
2486 2 2 4 49 1406 1466 1740
2487 2 2 4 49 1466 1356 1643
2488 2 2 4 49 1359 1467 1635
2489 2 2 4 49 1584 1389 1736
2490 2 2 4 49 1495 1338 1564
2491 2 2 4 49 1481 608 1583
2492 2 2 4 49 1339 1502 1562
2493 2 2 4 49 1411 1599 1704
2494 2 2 4 49 1502 1339 1563
2495 2 2 4 49 1393 1481 1583
2496 2 2 4 49 1472 1397 1643
2497 2 2 4 49 1346 1493 1651
2498 2 2 4 49 1493 1413 1651
2499 2 2 4 49 1388 1479 1593
2500 2 2 4 49 1437 1536 1612
2501 2 2 4 49 1479 1365 1593
2502 2 2 4 49 1381 1486 1579
2503 2 2 4 49 621 1472 1699
2504 2 2 4 49 1472 1446 1699
2505 2 2 4 49 1388 1593 1700
2506 2 2 4 49 1483 1379 1585
2507 2 2 4 49 1412 1492 1679
2508 2 2 4 49 1384 1523 1710
2509 2 2 4 49 1486 1330 1637
2510 2 2 4 49 1378 1533 1682
2511 2 2 4 49 1401 1486 1637
2512 2 2 4 49 1498 1399 1690
2513 2 2 4 49 1342 1469 1752
2514 2 2 4 49 1469 1342 1718
2515 2 2 4 49 1599 1452 1704
2516 2 2 4 49 1350 1576 1700
2517 2 2 4 49 618 619 1565
2518 2 2 4 49 594 1489 1629
2519 2 2 4 49 1571 1333 1634
2520 2 2 4 49 1488 1384 1632
2521 2 2 4 49 1470 1360 1640
2522 2 2 4 49 1357 1469 1652
2523 2 2 4 49 1397 1472 1608
2524 2 2 4 49 1399 1478 1603
2525 2 2 4 49 1531 1351 1577
2526 2 2 4 49 1510 1345 1559
2527 2 2 4 49 1402 1531 1577
2528 2 2 4 49 1330 1478 1724
2529 2 2 4 49 1389 1474 1675
2530 2 2 4 49 1396 1485 1696
2531 2 2 4 49 1566 603 1630
2532 2 2 4 49 1503 640 1677
2533 2 2 4 49 1400 1484 1652
2534 2 2 4 49 1421 1503 1677
2535 2 2 4 49 1591 1441 1621
2536 2 2 4 49 1424 1591 1621
2537 2 2 4 49 1376 1541 1701
2538 2 2 4 49 1473 1362 1658
2539 2 2 4 49 1394 1508 1734
2540 2 2 4 49 1515 1420 1639
2541 2 2 4 49 1474 1366 1675
2542 2 2 4 49 1403 1488 1605
2543 2 2 4 49 1487 1337 1592
2544 2 2 4 49 1488 613 1605
2545 2 2 4 49 596 595 1556
2546 2 2 4 49 1362 1492 1658
2547 2 2 4 49 1475 1410 1717
2548 2 2 4 49 1481 1393 1672
2549 2 2 4 49 1452 1599 1747
2550 2 2 4 49 1485 1373 1633
2551 2 2 4 49 1367 1481 1672
2552 2 2 4 49 1480 1353 1659
2553 2 2 4 49 1537 1387 1586
2554 2 2 4 49 1363 1483 1628
2555 2 2 4 49 621 622 1608
2556 2 2 4 49 1617 1373 1688
2557 2 2 4 49 1484 1400 1630
2558 2 2 4 49 1476 1617 1688
2559 2 2 4 49 1570 1414 1662
2560 2 2 4 49 1350 1496 1743
2561 2 2 4 49 1423 1573 1685
2562 2 2 4 49 1448 1484 1681
2563 2 2 4 49 1533 1594 1682
2564 2 2 4 49 1486 1381 1625
2565 2 2 4 49 1579 1454 1719
2566 2 2 4 49 1484 602 1681
2567 2 2 4 49 1483 1329 1725
2568 2 2 4 49 1333 1587 1686
2569 2 2 4 49 1486 1401 1627
2570 2 2 4 49 1381 1579 1719
2571 2 2 4 49 1516 579 1631
2572 2 2 4 49 586 1507 1687
2573 2 2 4 49 589 1520 1623
2574 2 2 4 49 1368 1508 1588
2575 2 2 4 49 1507 1388 1576
2576 2 2 4 49 1490 1657 1670
2577 2 2 4 49 1508 1394 1588
2578 2 2 4 49 1490 1361 1657
2579 2 2 4 49 1512 1455 1730
2580 2 2 4 49 1458 1513 1731
2581 2 2 4 49 1497 1375 1598
2582 2 2 4 49 1365 1501 1593
2583 2 2 4 49 1552 1416 1635
2584 2 2 4 49 1412 1611 1658
2585 2 2 4 49 1529 1330 1625
2586 2 2 4 49 1356 1494 1749
2587 2 2 4 49 1384 1511 1632
2588 2 2 4 49 1429 1502 1701
2589 2 2 4 49 1439 1610 1721
2590 2 2 4 49 1500 1330 1724
2591 2 2 4 49 593 74 1568
2592 2 2 4 49 1489 1408 1629
2593 2 2 4 49 1495 1366 1742
2594 2 2 4 49 1421 1528 1722
2595 2 2 4 49 1364 1500 1694
2596 2 2 4 49 1489 594 1739
2597 2 2 4 49 588 587 1609
2598 2 2 4 49 1582 1382 1704
2599 2 2 4 49 1657 1405 1670
2600 2 2 4 49 1547 1498 1690
2601 2 2 4 49 1426 1576 1743
2602 2 2 4 49 1491 637 1642
2603 2 2 4 49 1492 1346 1679
2604 2 2 4 49 1452 1582 1704
2605 2 2 4 49 638 639 1646
2606 2 2 4 49 1418 1553 1640
2607 2 2 4 49 1385 1542 1570
2608 2 2 4 49 1522 1403 1605
2609 2 2 4 49 1594 1331 1755
2610 2 2 4 49 614 1522 1605
2611 2 2 4 49 1345 1490 1670
2612 2 2 4 49 1386 1544 1571
2613 2 2 4 49 626 627 1584
2614 2 2 4 49 1500 1364 1648
2615 2 2 4 49 1440 1647 1732
2616 2 2 4 49 1531 1402 1641
2617 2 2 4 49 1502 1429 1748
2618 2 2 4 49 581 580 1663
2619 2 2 4 49 1367 1502 1748
2620 2 2 4 49 1554 1349 1729
2621 2 2 4 49 1427 1501 1737
2622 2 2 4 49 622 1549 1608
2623 2 2 4 49 1501 1336 1737
2624 2 2 4 49 1337 1575 1592
2625 2 2 4 49 595 594 1629
2626 2 2 4 49 587 586 1687
2627 2 2 4 49 1586 1417 1654
2628 2 2 4 49 1394 1505 1613
2629 2 2 4 49 1330 1500 1637
2630 2 2 4 49 1349 1499 1729
2631 2 2 4 49 637 638 1642
2632 2 2 4 49 1505 1340 1613
2633 2 2 4 49 1388 1507 1600
2634 2 2 4 49 1493 1385 1685
2635 2 2 4 49 1505 1394 1614
2636 2 2 4 49 1358 1641 1660
2637 2 2 4 49 1641 1457 1660
2638 2 2 4 49 582 581 1591
2639 2 2 4 49 1391 1518 1622
2640 2 2 4 49 1415 1590 1650
2641 2 2 4 49 1331 1533 1589
2642 2 2 4 49 1509 1401 1648
2643 2 2 4 49 1496 1371 1668
2644 2 2 4 49 1390 1534 1626
2645 2 2 4 49 1539 1395 1755
2646 2 2 4 49 1344 1517 1624
2647 2 2 4 49 1439 1504 1754
2648 2 2 4 49 576 1511 1710
2649 2 2 4 49 1372 1499 1671
2650 2 2 4 49 1501 1365 1702
2651 2 2 4 49 599 598 1703
2652 2 2 4 49 639 1503 1646
2653 2 2 4 49 1545 1392 1634
2654 2 2 4 49 1383 1560 1705
2655 2 2 4 49 1391 1543 1647
2656 2 2 4 49 1440 1554 1729
2657 2 2 4 49 1524 1387 1595
2658 2 2 4 49 608 607 1583
2659 2 2 4 49 1409 1618 1707
2660 2 2 4 49 1473 1556 1649
2661 2 2 4 49 1526 1343 1590
2662 2 2 4 49 1568 1489 1739
2663 2 2 4 49 1377 1538 1603
2664 2 2 4 49 1331 1589 1734
2665 2 2 4 49 1396 1505 1661
2666 2 2 4 49 1336 1527 1689
2667 2 2 4 49 1542 1385 1587
2668 2 2 4 49 1527 1425 1689
2669 2 2 4 49 1386 1567 1602
2670 2 2 4 49 1563 1439 1721
2671 2 2 4 49 1519 583 1667
2672 2 2 4 49 1538 1399 1603
2673 2 2 4 49 1344 1537 1586
2674 2 2 4 49 1520 588 1609
2675 2 2 4 49 1504 1378 1682
2676 2 2 4 49 1430 1638 1742
2677 2 2 4 49 1513 645 1731
2678 2 2 4 49 1638 1495 1742
2679 2 2 4 49 1385 1550 1587
2680 2 2 4 49 631 1512 1730
2681 2 2 4 49 620 621 1699
2682 2 2 4 49 1533 1331 1594
2683 2 2 4 49 1589 1450 1734
2684 2 2 4 49 1517 1392 1624
2685 2 2 4 49 1518 1343 1622
2686 2 2 4 49 583 1519 1745
2687 2 2 4 49 1541 643 1666
2688 2 2 4 49 1556 595 1629
2689 2 2 4 49 1376 1563 1721
2690 2 2 4 49 1554 1440 1732
2691 2 2 4 49 633 1540 1664
2692 2 2 4 49 1401 1509 1751
2693 2 2 4 49 1512 1430 1742
2694 2 2 4 49 1370 1554 1732
2695 2 2 4 49 1550 1404 1587
2696 2 2 4 49 1366 1512 1742
2697 2 2 4 49 1508 1331 1734
2698 2 2 4 49 1521 1362 1649
2699 2 2 4 49 1408 1521 1649
2700 2 2 4 49 1395 1539 1610
2701 2 2 4 49 1514 1403 1645
2702 2 2 4 49 1361 1514 1645
2703 2 2 4 49 1429 1513 1748
2704 2 2 4 49 1577 1410 1578
2705 2 2 4 49 1402 1577 1578
2706 2 2 4 49 1513 1367 1748
2707 2 2 4 49 1507 1426 1687
2708 2 2 4 49 1520 1371 1735
2709 2 2 4 49 1403 1514 1738
2710 2 2 4 49 1511 576 1750
2711 2 2 4 49 625 626 1736
2712 2 2 4 49 1510 1422 1707
2713 2 2 4 49 577 576 1710
2714 2 2 4 49 1518 1372 1650
2715 2 2 4 49 613 614 1605
2716 2 2 4 49 1549 623 1656
2717 2 2 4 49 1416 1549 1656
2718 2 2 4 49 1445 1588 1613
2719 2 2 4 49 1354 1525 1661
2720 2 2 4 49 611 1511 1750
2721 2 2 4 49 1371 1517 1654
2722 2 2 4 49 1536 1332 1612
2723 2 2 4 49 1560 1651 1705
2724 2 2 4 49 583 582 1667
2725 2 2 4 49 1549 1397 1608
2726 2 2 4 49 1539 1348 1610
2727 2 2 4 49 1716 1341 1740
2728 2 2 4 49 1454 1579 1697
2729 2 2 4 49 1354 1582 1698
2730 2 2 4 49 598 597 1611
2731 2 2 4 49 1582 1452 1698
2732 2 2 4 49 580 1516 1663
2733 2 2 4 49 1379 1535 1696
2734 2 2 4 49 1387 1568 1595
2735 2 2 4 49 1609 587 1687
2736 2 2 4 49 1403 1522 1645
2737 2 2 4 49 1534 1347 1626
2738 2 2 4 49 1579 1353 1697
2739 2 2 4 49 75 610 1711
2740 2 2 4 49 584 583 1745
2741 2 2 4 49 629 76 1708
2742 2 2 4 49 1515 1332 1744
2743 2 2 4 49 1351 1530 1639
2744 2 2 4 49 76 630 1708
2745 2 2 4 49 1424 1519 1667
2746 2 2 4 49 616 617 1620
2747 2 2 4 49 1515 1370 1732
2748 2 2 4 49 1502 1563 1701
2749 2 2 4 49 1526 1403 1738
2750 2 2 4 49 646 75 1711
2751 2 2 4 49 590 589 1623
2752 2 2 4 49 1408 1556 1629
2753 2 2 4 49 1420 1515 1744
2754 2 2 4 49 1521 1408 1741
2755 2 2 4 49 1496 1668 1743
2756 2 2 4 49 1567 1427 1602
2757 2 2 4 49 1619 1411 1752
2758 2 2 4 49 579 578 1631
2759 2 2 4 49 1469 1619 1752
2760 2 2 4 49 1538 1338 1690
2761 2 2 4 49 1569 1476 1688
2762 2 2 4 49 1432 1569 1688
2763 2 2 4 49 1552 1341 1716
2764 2 2 4 49 1604 1409 1665
2765 2 2 4 49 1422 1749 1753
2766 2 2 4 49 1578 1329 1669
2767 2 2 4 49 1400 1566 1630
2768 2 2 4 49 1565 619 1720
2769 2 2 4 49 1409 1607 1665
2770 2 2 4 49 1525 1396 1661
2771 2 2 4 49 1352 1570 1662
2772 2 2 4 49 1485 1585 1696
2773 2 2 4 49 1425 1530 1733
2774 2 2 4 49 1564 1389 1675
2775 2 2 4 49 1374 1547 1638
2776 2 2 4 49 602 601 1681
2777 2 2 4 49 1408 1537 1741
2778 2 2 4 49 1398 1612 1709
2779 2 2 4 49 1544 1358 1660
2780 2 2 4 49 1333 1545 1634
2781 2 2 4 49 1414 1544 1660
2782 2 2 4 49 1342 1553 1718
2783 2 2 4 49 1338 1547 1690
2784 2 2 4 49 1393 1562 1672
2785 2 2 4 49 1436 1521 1756
2786 2 2 4 49 1370 1527 1684
2787 2 2 4 49 1545 1333 1686
2788 2 2 4 49 1543 1332 1647
2789 2 2 4 49 1365 1557 1702
2790 2 2 4 49 1523 577 1710
2791 2 2 4 49 1557 1428 1702
2792 2 2 4 49 1418 1558 1673
2793 2 2 4 49 1558 605 1673
2794 2 2 4 49 1527 1336 1726
2795 2 2 4 49 1604 1355 1695
2796 2 2 4 49 1653 1369 1727
2797 2 2 4 49 1471 1653 1727
2798 2 2 4 49 1749 1494 1753
2799 2 2 4 49 623 624 1656
2800 2 2 4 49 1343 1526 1738
2801 2 2 4 49 1623 1520 1735
2802 2 2 4 49 1702 1428 1726
2803 2 2 4 49 632 633 1664
2804 2 2 4 49 643 644 1666
2805 2 2 4 49 624 1551 1656
2806 2 2 4 49 1579 1486 1627
2807 2 2 4 49 1551 1416 1656
2808 2 2 4 49 1528 1376 1721
2809 2 2 4 49 1528 1348 1722
2810 2 2 4 49 1353 1579 1627
2811 2 2 4 49 594 593 1739
2812 2 2 4 49 605 604 1673
2813 2 2 4 49 1466 1716 1740
2814 2 2 4 49 1420 1536 1683
2815 2 2 4 49 1531 1425 1733
2816 2 2 4 49 635 636 1674
2817 2 2 4 49 1390 1694 1724
2818 2 2 4 49 1351 1531 1733
2819 2 2 4 49 1349 1554 1746
2820 2 2 4 49 1694 1500 1724
2821 2 2 4 49 1437 1597 1618
2822 2 2 4 49 1530 1351 1733
2823 2 2 4 49 640 641 1677
2824 2 2 4 49 1556 1408 1649
2825 2 2 4 49 1406 1555 1719
2826 2 2 4 49 1555 1406 1740
2827 2 2 4 49 1535 1396 1696
2828 2 2 4 49 1566 1418 1673
2829 2 2 4 49 1560 1346 1651
2830 2 2 4 49 604 1566 1673
2831 2 2 4 49 1399 1538 1690
2832 2 2 4 49 601 600 1692
2833 2 2 4 49 1536 1420 1744
2834 2 2 4 49 73 611 1750
2835 2 2 4 49 1433 1617 1723
2836 2 2 4 49 1561 1411 1704
2837 2 2 4 49 1332 1536 1744
2838 2 2 4 49 1611 1412 1703
2839 2 2 4 49 1585 1379 1696
2840 2 2 4 49 1588 1394 1613
2841 2 2 4 49 1561 1342 1752
2842 2 2 4 49 576 73 1750
2843 2 2 4 49 1410 1577 1717
2844 2 2 4 49 1431 1653 1714
2845 2 2 4 49 1578 1410 1725
2846 2 2 4 49 619 620 1720
2847 2 2 4 49 1390 1626 1715
2848 2 2 4 49 1559 1345 1670
2849 2 2 4 49 630 631 1730
2850 2 2 4 49 1621 1441 1671
2851 2 2 4 49 645 646 1731
2852 2 2 4 49 1537 1344 1741
2853 2 2 4 49 1543 1435 1709
2854 2 2 4 49 1428 1554 1684
2855 2 2 4 49 1554 1370 1684
2856 2 2 4 49 1546 1383 1705
2857 2 2 4 49 1597 1345 1618
2858 2 2 4 49 1423 1685 1693
2859 2 2 4 49 1592 1407 1655
2860 2 2 4 49 1346 1560 1679
2861 2 2 4 49 1373 1617 1633
2862 2 2 4 49 1554 1428 1746
2863 2 2 4 49 1437 1618 1695
2864 2 2 4 49 1397 1552 1716
2865 2 2 4 49 1553 1400 1718
2866 2 2 4 49 1614 1354 1661
2867 2 2 4 49 1594 1395 1682
2868 2 2 4 49 1637 1500 1648
2869 2 2 4 49 1555 1381 1719
2870 2 2 4 49 1563 1376 1701
2871 2 2 4 49 600 1574 1692
2872 2 2 4 49 1426 1609 1687
2873 2 2 4 49 1602 1427 1737
2874 2 2 4 49 1599 1411 1712
2875 2 2 4 49 1382 1561 1704
2876 2 2 4 49 1662 1457 1723
2877 2 2 4 49 1352 1662 1723
2878 2 2 4 49 1341 1555 1740
2879 2 2 4 49 1410 1628 1725
2880 2 2 4 49 1570 1352 1693
2881 2 2 4 49 1713 1433 1723
2882 2 2 4 49 1682 1395 1754
2883 2 2 4 49 1564 1338 1706
2884 2 2 4 49 1402 1578 1669
2885 2 2 4 49 1617 1433 1633
2886 2 2 4 49 1569 1432 1747
2887 2 2 4 49 582 1591 1667
2888 2 2 4 49 1428 1557 1746
2889 2 2 4 49 1335 1569 1747
2890 2 2 4 49 1339 1562 1728
2891 2 2 4 49 1411 1619 1712
2892 2 2 4 49 1591 1424 1667
2893 2 2 4 49 1371 1654 1735
2894 2 2 4 49 1505 1614 1661
2895 2 2 4 49 1411 1561 1752
2896 2 2 4 49 1448 1681 1692
2897 2 2 4 49 1681 601 1692
2898 2 2 4 49 1618 1409 1695
2899 2 2 4 49 1422 1572 1749
2900 2 2 4 49 1462 1580 1706
2901 2 2 4 49 1581 1464 1728
2902 2 2 4 49 1576 1350 1743
2903 2 2 4 49 1576 1388 1700
2904 2 2 4 49 593 1568 1739
2905 2 2 4 49 1643 1397 1716
2906 2 2 4 49 1466 1643 1716
2907 2 2 4 49 1401 1637 1648
2908 2 2 4 49 1572 1356 1749
2909 2 2 4 49 1457 1713 1723
2910 2 2 4 49 1438 1604 1665
2911 2 2 4 49 1395 1610 1754
2912 2 2 4 49 1652 1469 1718
2913 2 2 4 49 1400 1652 1718
2914 2 2 4 49 1607 1334 1665
2915 2 2 4 49 1587 1404 1686
2916 2 2 4 49 1335 1599 1712
2917 2 2 4 49 1577 1351 1717
2918 2 2 4 49 1344 1624 1756
2919 2 2 4 49 1694 1390 1715
2920 2 2 4 49 1456 1694 1715
2921 2 2 4 49 1422 1607 1707
2922 2 2 4 49 1329 1578 1725
2923 2 2 4 49 1414 1660 1662
2924 2 2 4 49 1660 1457 1662
2925 2 2 4 49 1628 1483 1725
2926 2 2 4 49 1435 1601 1709
2927 2 2 4 49 1504 1682 1754
2928 2 2 4 49 1601 1398 1709
2929 2 2 4 49 1607 1422 1753
2930 2 2 4 49 1438 1665 1678
2931 2 2 4 49 1665 1334 1678
2932 2 2 4 49 1610 1439 1754
2933 2 2 4 49 1626 1431 1715
2934 2 2 4 49 1409 1604 1695
2935 2 2 4 49 626 1584 1736
2936 2 2 4 49 1598 1421 1722
2937 2 2 4 49 1676 1438 1678
2938 2 2 4 49 1434 1676 1678
2939 2 2 4 49 598 1611 1703
2940 2 2 4 49 1607 1409 1707
2941 2 2 4 49 1449 1689 1691
2942 2 2 4 49 1689 1425 1691
2943 2 2 4 49 1651 1413 1705
2944 2 2 4 49 1669 1433 1713
2945 2 2 4 49 1431 1714 1715
2946 2 2 4 49 1714 1456 1715
2947 2 2 4 49 1395 1594 1755
2948 2 2 4 49 1619 1465 1712
2949 2 2 4 49 1599 1335 1747
2950 2 2 4 49 1708 630 1730
2951 2 2 4 49 646 1711 1731
2952 2 2 4 49 1455 1708 1730
2953 2 2 4 49 1417 1623 1735
2954 2 2 4 49 1711 1458 1731
2955 2 2 4 49 1334 1607 1753
2956 2 2 4 49 1641 1402 1713
2957 2 2 4 49 1457 1641 1713
2958 2 2 4 49 620 1699 1720
2959 2 2 4 49 1699 1446 1720
2960 2 2 4 49 1624 1436 1756
2961 2 2 4 49 1684 1527 1726
2962 2 2 4 49 1402 1669 1713
2963 2 2 4 49 1654 1417 1735
2964 2 2 4 49 1428 1684 1726
2965 2 2 4 49 1668 1426 1743
2966 2 2 4 49 1741 1344 1756
2967 2 2 4 49 1521 1741 1756
2968 2 2 2 50 647 1757 1760
2969 2 2 2 50 1757 650 1760
2970 2 2 2 50 1757 647 1758
2971 2 2 2 50 648 1 1758
2972 2 2 2 50 650 1757 1759
2973 2 2 2 50 1757 2 1759
2974 2 2 2 50 3 649 1759
2975 2 2 2 50 647 648 1758
2976 2 2 2 50 1 93 1758
2977 2 2 2 50 649 650 1759
2978 2 2 2 50 2 1757 1758
2979 2 2 2 50 94 3 1759
2980 2 2 2 50 2 94 1759
2981 2 2 2 50 93 2 1758
2982 2 2 2 50 650 77 1760
2983 2 2 2 50 77 647 1760
2984 2 2 3 51 714 74 87
2985 2 2 3 51 593 74 714
2986 2 2 3 51 79 782 576
2987 2 2 3 51 610 702 83
2988 2 2 3 51 87 592 793
2989 2 2 3 51 576 782 577
2990 2 2 3 51 577 783 578
2991 2 2 3 51 783 577 782
2992 2 2 3 51 578 784 579
2993 2 2 3 51 783 784 578
2994 2 2 3 51 579 784 580
2995 2 2 3 51 785 581 580
2996 2 2 3 51 784 785 580
2997 2 2 3 51 786 582 581
2998 2 2 3 51 785 786 581
2999 2 2 3 51 582 786 583
3000 2 2 3 51 787 584 583
3001 2 2 3 51 786 787 583
3002 2 2 3 51 585 584 788
3003 2 2 3 51 584 787 788
3004 2 2 3 51 586 585 789
3005 2 2 3 51 585 788 789
3006 2 2 3 51 587 586 789
3007 2 2 3 51 588 587 790
3008 2 2 3 51 587 789 790
3009 2 2 3 51 589 588 791
3010 2 2 3 51 588 790 791
3011 2 2 3 51 590 589 791
3012 2 2 3 51 591 590 792
3013 2 2 3 51 590 791 792
3014 2 2 3 51 592 591 793
3015 2 2 3 51 591 792 793
3016 2 2 3 51 594 593 713
3017 2 2 3 51 713 593 714
3018 2 2 3 51 594 713 595
3019 2 2 3 51 712 596 595
3020 2 2 3 51 713 712 595
3021 2 2 3 51 596 711 597
3022 2 2 3 51 711 596 712
3023 2 2 3 51 597 711 598
3024 2 2 3 51 598 710 599
3025 2 2 3 51 711 710 598
3026 2 2 3 51 709 600 599
3027 2 2 3 51 710 709 599
3028 2 2 3 51 600 708 601
3029 2 2 3 51 709 708 600
3030 2 2 3 51 708 602 601
3031 2 2 3 51 603 602 707
3032 2 2 3 51 602 708 707
3033 2 2 3 51 604 603 706
3034 2 2 3 51 706 603 707
3035 2 2 3 51 605 604 706
3036 2 2 3 51 606 605 705
3037 2 2 3 51 705 605 706
3038 2 2 3 51 607 606 704
3039 2 2 3 51 704 606 705
3040 2 2 3 51 608 607 703
3041 2 2 3 51 703 607 704
3042 2 2 3 51 609 608 703
3043 2 2 3 51 610 609 702
3044 2 2 3 51 702 609 703
3045 2 2 3 51 73 79 576
3046 2 2 3 51 74 592 87
3047 2 2 3 51 75 610 83
3048 2 2 3 52 784 796 797
3049 2 2 3 52 784 797 785
3050 2 2 3 52 797 798 786
3051 2 2 3 52 797 786 785
3052 2 2 3 52 787 799 800
3053 2 2 3 52 787 800 788
3054 2 2 3 52 794 1761 80
3055 2 2 3 52 1761 651 80
3056 2 2 3 52 1762 805 88
3057 2 2 3 52 715 1762 88
3058 2 2 3 52 787 786 799
3059 2 2 3 52 801 802 789
3060 2 2 3 52 800 789 788
3061 2 2 3 52 800 801 789
3062 2 2 3 52 793 1762 87
3063 2 2 3 52 1762 793 805
3064 2 2 3 52 1762 715 87
3065 2 2 3 52 1761 782 79
3066 2 2 3 52 782 1761 794
3067 2 2 3 52 651 1761 79
3068 2 2 3 52 803 804 792
3069 2 2 3 52 803 792 791
3070 2 2 3 52 793 792 805
3071 2 2 3 52 804 805 792
3072 2 2 3 52 802 803 791
3073 2 2 3 52 802 791 790
3074 2 2 3 52 794 795 782
3075 2 2 3 52 782 795 783
3076 2 2 3 52 799 786 798
3077 2 2 3 52 795 796 784
3078 2 2 3 52 795 784 783
3079 2 2 3 52 802 790 789
3080 2 2 3 53 1820 1767 1833
3081 2 2 3 53 1766 1821 1834
3082 2 2 3 53 1787 1820 1833
3083 2 2 3 53 1821 1786 1834
3084 2 2 3 53 1799 1786 1848
3085 2 2 3 53 1787 1800 1849
3086 2 2 3 53 1786 1799 1866
3087 2 2 3 53 1800 1787 1867
3088 2 2 3 53 654 1805 1856
3089 2 2 3 53 1806 718 1857
3090 2 2 3 53 1807 660 1858
3091 2 2 3 53 724 1808 1859
3092 2 2 3 53 1769 1804 1847
3093 2 2 3 53 1768 1832 1850
3094 2 2 3 53 1832 1789 1850
3095 2 2 3 53 1805 654 1894
3096 2 2 3 53 718 1806 1895
3097 2 2 3 53 1801 1764 1926
3098 2 2 3 53 1803 1781 1845
3099 2 2 3 53 1780 1804 1844
3100 2 2 3 53 1769 1803 1845
3101 2 2 3 53 1804 1769 1844
3102 2 2 3 53 1802 1777 1846
3103 2 2 3 53 1765 1802 1846
3104 2 2 3 53 1809 1772 1835
3105 2 2 3 53 1773 1810 1836
3106 2 2 3 53 1774 1811 1837
3107 2 2 3 53 1812 1775 1838
3108 2 2 3 53 1772 1809 1856
3109 2 2 3 53 1810 1773 1857
3110 2 2 3 53 1811 1774 1858
3111 2 2 3 53 1775 1812 1859
3112 2 2 3 53 1804 1780 1871
3113 2 2 3 53 1781 1803 1872
3114 2 2 3 53 1771 1801 1855
3115 2 2 3 53 1802 1770 1854
3116 2 2 3 53 1805 1862 1938
3117 2 2 3 53 1861 1806 1939
3118 2 2 3 53 1813 1784 1863
3119 2 2 3 53 1785 1814 1864
3120 2 2 3 53 1862 1805 1894
3121 2 2 3 53 1806 1861 1895
3122 2 2 3 53 1777 1815 1943
3123 2 2 3 53 1777 1802 1854
3124 2 2 3 53 1817 1777 1943
3125 2 2 3 53 1764 1831 1926
3126 2 2 3 53 1764 1801 1868
3127 2 2 3 53 1802 1765 1869
3128 2 2 3 53 1801 1771 1863
3129 2 2 3 53 1770 1802 1864
3130 2 2 3 53 1822 1783 1873
3131 2 2 3 53 1836 803 1889
3132 2 2 3 53 796 1835 1888
3133 2 2 3 53 815 1838 1891
3134 2 2 3 53 1837 808 1890
3135 2 2 3 53 796 795 1835
3136 2 2 3 53 804 803 1836
3137 2 2 3 53 807 808 1837
3138 2 2 3 53 815 816 1838
3139 2 2 3 53 1847 1804 1922
3140 2 2 3 53 801 800 1827
3141 2 2 3 53 812 813 1829
3142 2 2 3 53 799 798 1828
3143 2 2 3 53 810 811 1830
3144 2 2 3 53 1803 1769 1873
3145 2 2 3 53 801 1827 1839
3146 2 2 3 53 1829 813 1841
3147 2 2 3 53 1828 798 1840
3148 2 2 3 53 810 1830 1842
3149 2 2 3 53 1816 1776 1853
3150 2 2 3 53 1772 1818 1878
3151 2 2 3 53 1819 1773 1877
3152 2 2 3 53 1820 1774 1880
3153 2 2 3 53 1775 1821 1879
3154 2 2 3 53 660 1807 1886
3155 2 2 3 53 1808 724 1887
3156 2 2 3 53 1813 720 1861
3157 2 2 3 53 656 1814 1862
3158 2 2 3 53 660 661 1858
3159 2 2 3 53 725 724 1859
3160 2 2 3 53 653 654 1856
3161 2 2 3 53 718 717 1857
3162 2 2 3 53 1818 1772 1934
3163 2 2 3 53 1773 1819 1933
3164 2 2 3 53 1774 1820 1936
3165 2 2 3 53 1821 1775 1935
3166 2 2 3 53 1827 1792 1843
3167 2 2 3 53 1793 1829 1844
3168 2 2 3 53 1830 1793 1845
3169 2 2 3 53 1778 1827 1843
3170 2 2 3 53 1829 1780 1844
3171 2 2 3 53 1781 1830 1845
3172 2 2 3 53 1832 1768 1860
3173 2 2 3 53 720 1813 1897
3174 2 2 3 53 1814 656 1898
3175 2 2 3 53 1820 1787 1940
3176 2 2 3 53 1786 1821 1941
3177 2 2 3 53 1847 1822 1873
3178 2 2 3 53 1779 1823 1865
3179 2 2 3 53 1767 1820 1931
3180 2 2 3 53 1821 1766 1932
3181 2 2 3 53 1827 800 1892
3182 2 2 3 53 812 1829 1893
3183 2 2 3 53 799 1828 1892
3184 2 2 3 53 1830 811 1893
3185 2 2 3 53 1764 1824 1885
3186 2 2 3 53 1780 1826 1871
3187 2 2 3 53 1825 1781 1872
3188 2 2 3 53 1885 1778 1921
3189 2 2 3 53 1782 1847 1922
3190 2 2 3 53 1794 1835 1878
3191 2 2 3 53 1836 1795 1877
3192 2 2 3 53 1837 1796 1880
3193 2 2 3 53 1797 1838 1879
3194 2 2 3 53 1835 1772 1878
3195 2 2 3 53 1773 1836 1877
3196 2 2 3 53 1774 1837 1880
3197 2 2 3 53 1838 1775 1879
3198 2 2 3 53 1832 1779 1865
3199 2 2 3 53 1795 1836 1889
3200 2 2 3 53 1835 1794 1888
3201 2 2 3 53 1838 1797 1891
3202 2 2 3 53 1796 1837 1890
3203 2 2 3 53 1787 1886 1940
3204 2 2 3 53 1887 1786 1941
3205 2 2 3 53 1827 1778 1839
3206 2 2 3 53 1779 1828 1840
3207 2 2 3 53 1780 1829 1841
3208 2 2 3 53 1830 1781 1842
3209 2 2 3 53 802 801 1839
3210 2 2 3 53 813 814 1841
3211 2 2 3 53 798 797 1840
3212 2 2 3 53 809 810 1842
3213 2 2 3 53 1782 1816 1925
3214 2 2 3 53 1815 1783 1924
3215 2 2 3 53 1862 1785 1938
3216 2 2 3 53 1784 1861 1939
3217 2 2 3 53 1848 1786 1887
3218 2 2 3 53 1787 1849 1886
3219 2 2 3 53 1784 1813 1861
3220 2 2 3 53 1814 1785 1862
3221 2 2 3 53 1860 1768 1907
3222 2 2 3 53 1852 1767 1872
3223 2 2 3 53 1766 1851 1871
3224 2 2 3 53 1778 1843 1921
3225 2 2 3 53 1857 1773 1933
3226 2 2 3 53 1772 1856 1934
3227 2 2 3 53 1775 1859 1935
3228 2 2 3 53 1858 1774 1936
3229 2 2 3 53 1782 1822 1847
3230 2 2 3 53 1878 1818 1929
3231 2 2 3 53 1819 1877 1930
3232 2 2 3 53 1820 1880 1931
3233 2 2 3 53 1879 1821 1932
3234 2 2 3 53 1777 1817 1905
3235 2 2 3 53 1792 1827 1892
3236 2 2 3 53 1828 1792 1892
3237 2 2 3 53 1829 1793 1893
3238 2 2 3 53 1793 1830 1893
3239 2 2 3 53 1788 1850 1874
3240 2 2 3 53 1822 1782 1925
3241 2 2 3 53 1783 1822 1924
3242 2 2 3 53 1764 1885 1937
3243 2 2 3 53 1852 1872 1923
3244 2 2 3 53 1871 1851 1922
3245 2 2 3 53 1874 1850 1942
3246 2 2 3 53 1789 1832 1944
3247 2 2 3 53 1813 1863 1884
3248 2 2 3 53 1864 1814 1883
3249 2 2 3 53 1853 1763 1925
3250 2 2 3 53 1816 1853 1925
3251 2 2 3 53 1776 1816 1900
3252 2 2 3 53 1815 1777 1899
3253 2 2 3 53 1816 1782 1875
3254 2 2 3 53 1783 1815 1876
3255 2 2 3 53 1828 1779 1860
3256 2 2 3 53 721 720 1897
3257 2 2 3 53 656 657 1898
3258 2 2 3 53 1792 1828 1860
3259 2 2 3 53 1823 1765 1865
3260 2 2 3 53 1779 1832 1860
3261 2 2 3 53 1832 1865 1944
3262 2 2 3 53 720 719 1861
3263 2 2 3 53 655 656 1862
3264 2 2 3 53 1765 1823 1929
3265 2 2 3 53 1824 1764 1930
3266 2 2 3 53 1787 1833 1867
3267 2 2 3 53 1834 1786 1866
3268 2 2 3 53 1806 1857 1933
3269 2 2 3 53 1856 1805 1934
3270 2 2 3 53 1859 1808 1935
3271 2 2 3 53 1807 1858 1936
3272 2 2 3 53 1764 1868 1930
3273 2 2 3 53 1869 1765 1929
3274 2 2 3 53 1823 1779 1908
3275 2 2 3 53 1781 1825 1910
3276 2 2 3 53 1826 1780 1911
3277 2 2 3 53 1868 1819 1930
3278 2 2 3 53 1818 1869 1929
3279 2 2 3 53 723 722 1848
3280 2 2 3 53 658 659 1849
3281 2 2 3 53 1831 1764 1937
3282 2 2 3 53 1853 1776 1896
3283 2 2 3 53 1819 1868 1939
3284 2 2 3 53 1869 1818 1938
3285 2 2 3 53 1868 1784 1939
3286 2 2 3 53 1785 1869 1938
3287 2 2 3 53 1769 1847 1873
3288 2 2 3 53 1835 795 1916
3289 2 2 3 53 807 1837 1918
3290 2 2 3 53 804 1836 1917
3291 2 2 3 53 1838 816 1919
3292 2 2 3 53 1809 1835 1916
3293 2 2 3 53 1836 1810 1917
3294 2 2 3 53 1837 1811 1918
3295 2 2 3 53 1812 1838 1919
3296 2 2 3 53 1798 1885 1921
3297 2 2 3 53 1867 1770 1883
3298 2 2 3 53 1771 1866 1884
3299 2 2 3 53 1800 1867 1883
3300 2 2 3 53 1866 1799 1884
3301 2 2 3 53 1886 1807 1940
3302 2 2 3 53 1808 1887 1941
3303 2 2 3 53 1771 1855 1882
3304 2 2 3 53 1854 1770 1881
3305 2 2 3 53 1833 1767 1928
3306 2 2 3 53 1766 1834 1927
3307 2 2 3 53 1864 1802 1869
3308 2 2 3 53 1801 1863 1868
3309 2 2 3 53 1871 1826 1932
3310 2 2 3 53 1825 1872 1931
3311 2 2 3 53 1766 1871 1932
3312 2 2 3 53 1872 1767 1931
3313 2 2 3 53 1896 1776 1926
3314 2 2 3 53 1785 1864 1869
3315 2 2 3 53 1863 1784 1868
3316 2 2 3 53 1831 1896 1926
3317 2 2 3 53 659 660 1886
3318 2 2 3 53 724 723 1887
3319 2 2 3 53 1776 1855 1926
3320 2 2 3 53 1855 1801 1926
3321 2 2 3 53 1849 1800 1945
3322 2 2 3 53 1799 1848 1946
3323 2 2 3 53 1840 797 1888
3324 2 2 3 53 802 1839 1889
3325 2 2 3 53 809 1842 1890
3326 2 2 3 53 1841 814 1891
3327 2 2 3 53 1794 1840 1888
3328 2 2 3 53 1839 1795 1889
3329 2 2 3 53 1842 1796 1890
3330 2 2 3 53 1797 1841 1891
3331 2 2 3 53 1850 1788 1870
3332 2 2 3 53 1782 1851 1875
3333 2 2 3 53 1852 1783 1876
3334 2 2 3 53 1855 1791 1882
3335 2 2 3 53 1790 1854 1881
3336 2 2 3 53 1763 1853 1874
3337 2 2 3 53 80 652 1901
3338 2 2 3 53 716 88 1902
3339 2 2 3 53 662 81 1903
3340 2 2 3 53 89 726 1904
3341 2 2 3 53 794 80 1901
3342 2 2 3 53 81 806 1903
3343 2 2 3 53 88 805 1902
3344 2 2 3 53 817 89 1904
3345 2 2 3 53 1768 1850 1870
3346 2 2 3 53 1763 1874 1943
3347 2 2 3 53 1882 1791 1927
3348 2 2 3 53 1790 1881 1928
3349 2 2 3 53 1834 1882 1927
3350 2 2 3 53 1881 1833 1928
3351 2 2 3 53 1779 1840 1908
3352 2 2 3 53 1839 1778 1909
3353 2 2 3 53 1842 1781 1910
3354 2 2 3 53 1780 1841 1911
3355 2 2 3 53 1840 1794 1908
3356 2 2 3 53 1795 1839 1909
3357 2 2 3 53 1796 1842 1910
3358 2 2 3 53 1841 1797 1911
3359 2 2 3 53 1765 1846 1944
3360 2 2 3 53 1863 1771 1884
3361 2 2 3 53 1770 1864 1883
3362 2 2 3 53 1789 1846 1905
3363 2 2 3 53 1843 1768 1921
3364 2 2 3 53 1867 1833 1881
3365 2 2 3 53 1834 1866 1882
3366 2 2 3 53 1877 1795 1909
3367 2 2 3 53 1794 1878 1908
3368 2 2 3 53 1797 1879 1911
3369 2 2 3 53 1880 1796 1910
3370 2 2 3 53 1824 1877 1909
3371 2 2 3 53 1878 1823 1908
3372 2 2 3 53 1879 1826 1911
3373 2 2 3 53 1825 1880 1910
3374 2 2 3 53 1874 1817 1943
3375 2 2 3 53 1848 722 1946
3376 2 2 3 53 658 1849 1945
3377 2 2 3 53 1853 1788 1874
3378 2 2 3 53 1843 1792 1907
3379 2 2 3 53 1768 1843 1907
3380 2 2 3 53 1816 1875 1900
3381 2 2 3 53 1876 1815 1899
3382 2 2 3 53 1846 1789 1944
3383 2 2 3 53 1793 1844 1920
3384 2 2 3 53 1845 1793 1920
3385 2 2 3 53 1844 1769 1920
3386 2 2 3 53 1769 1845 1920
3387 2 2 3 53 1846 1777 1905
3388 2 2 3 53 1851 1791 1875
3389 2 2 3 53 1790 1852 1876
3390 2 2 3 53 1778 1885 1909
3391 2 2 3 53 1885 1824 1909
3392 2 2 3 53 723 1848 1887
3393 2 2 3 53 1849 659 1886
3394 2 2 3 53 1800 1883 1898
3395 2 2 3 53 1884 1799 1897
3396 2 2 3 53 1883 1814 1898
3397 2 2 3 53 1813 1884 1897
3398 2 2 3 53 1770 1867 1881
3399 2 2 3 53 1866 1771 1882
3400 2 2 3 53 1861 719 1895
3401 2 2 3 53 655 1862 1894
3402 2 2 3 53 1865 1765 1944
3403 2 2 3 53 797 796 1888
3404 2 2 3 53 808 809 1890
3405 2 2 3 53 803 802 1889
3406 2 2 3 53 814 815 1891
3407 2 2 3 53 800 799 1892
3408 2 2 3 53 811 812 1893
3409 2 2 3 53 654 655 1894
3410 2 2 3 53 719 718 1895
3411 2 2 3 53 1788 1853 1896
3412 2 2 3 53 1789 1905 1942
3413 2 2 3 53 657 658 1945
3414 2 2 3 53 722 721 1946
3415 2 2 3 53 1872 1803 1923
3416 2 2 3 53 1804 1871 1922
3417 2 2 3 53 1823 1878 1929
3418 2 2 3 53 1877 1824 1930
3419 2 2 3 53 1880 1825 1931
3420 2 2 3 53 1826 1879 1932
3421 2 2 3 53 1850 1789 1942
3422 2 2 3 53 1851 1766 1927
3423 2 2 3 53 1767 1852 1928
3424 2 2 3 53 1854 1790 1899
3425 2 2 3 53 1791 1855 1900
3426 2 2 3 53 1777 1854 1899
3427 2 2 3 53 1855 1776 1900
3428 2 2 3 53 1851 1782 1922
3429 2 2 3 53 1783 1852 1923
3430 2 2 3 53 661 662 1914
3431 2 2 3 53 726 725 1915
3432 2 2 3 53 652 653 1912
3433 2 2 3 53 717 716 1913
3434 2 2 3 53 795 794 1916
3435 2 2 3 53 806 807 1918
3436 2 2 3 53 805 804 1917
3437 2 2 3 53 816 817 1919
3438 2 2 3 53 1791 1851 1927
3439 2 2 3 53 1852 1790 1928
3440 2 2 3 53 1856 1809 1912
3441 2 2 3 53 1810 1857 1913
3442 2 2 3 53 1811 1858 1914
3443 2 2 3 53 1859 1812 1915
3444 2 2 3 53 653 1856 1912
3445 2 2 3 53 1857 717 1913
3446 2 2 3 53 1858 661 1914
3447 2 2 3 53 725 1859 1915
3448 2 2 3 53 1873 1783 1923
3449 2 2 3 53 1803 1873 1923
3450 2 2 3 53 1768 1870 1921
3451 2 2 3 53 1792 1860 1907
3452 2 2 3 53 1817 1874 1942
3453 2 2 3 53 1905 1817 1942
3454 2 2 3 53 1870 1788 1906
3455 2 2 3 53 1885 1798 1937
3456 2 2 3 53 1798 1870 1906
3457 2 2 3 53 1798 1906 1937
3458 2 2 3 53 1906 1831 1937
3459 2 2 3 53 1763 1924 1925
3460 2 2 3 53 1924 1822 1925
3461 2 2 3 53 1870 1798 1921
3462 2 2 3 53 1790 1876 1899
3463 2 2 3 53 1875 1791 1900
3464 2 2 3 53 1898 657 1945
3465 2 2 3 53 721 1897 1946
3466 2 2 3 53 1903 1811 1914
3467 2 2 3 53 1812 1904 1915
3468 2 2 3 53 1809 1901 1912
3469 2 2 3 53 1902 1810 1913
3470 2 2 3 53 662 1903 1914
3471 2 2 3 53 1904 726 1915
3472 2 2 3 53 1901 652 1912
3473 2 2 3 53 716 1902 1913
3474 2 2 3 53 794 1901 1916
3475 2 2 3 53 1902 805 1917
3476 2 2 3 53 1903 806 1918
3477 2 2 3 53 817 1904 1919
3478 2 2 3 53 1901 1809 1916
3479 2 2 3 53 1810 1902 1917
3480 2 2 3 53 1811 1903 1918
3481 2 2 3 53 1904 1812 1919
3482 2 2 3 53 1788 1896 1906
3483 2 2 3 53 1896 1831 1906
3484 2 2 3 53 1924 1763 1943
3485 2 2 3 53 1815 1924 1943
3486 2 2 3 53 1897 1799 1946
3487 2 2 3 53 1800 1898 1945
3488 2 2 3 53 1933 1819 1939
3489 2 2 3 53 1818 1934 1938
3490 2 2 3 53 1821 1935 1941
3491 2 2 3 53 1936 1820 1940
3492 2 2 3 53 1934 1805 1938
3493 2 2 3 53 1806 1933 1939
3494 2 2 3 53 1807 1936 1940
3495 2 2 3 53 1935 1808 1941
3496 2 2 3 54 810 822 823
3497 2 2 3 54 810 823 811
3498 2 2 3 54 811 823 824
3499 2 2 3 54 811 824 812
3500 2 2 3 54 821 822 810
3501 2 2 3 54 821 810 809
3502 2 2 3 54 818 1947 82
3503 2 2 3 54 1947 663 82
3504 2 2 3 54 1948 829 90
3505 2 2 3 54 727 1948 90
3506 2 2 3 54 814 813 826
3507 2 2 3 54 825 813 812
3508 2 2 3 54 825 826 813
3509 2 2 3 54 815 827 816
3510 2 2 3 54 817 1948 89
3511 2 2 3 54 1948 817 829
3512 2 2 3 54 1948 727 89
3513 2 2 3 54 1947 806 81
3514 2 2 3 54 806 1947 818
3515 2 2 3 54 663 1947 81
3516 2 2 3 54 819 820 807
3517 2 2 3 54 807 820 808
3518 2 2 3 54 806 818 819
3519 2 2 3 54 806 819 807
3520 2 2 3 54 828 829 816
3521 2 2 3 54 816 829 817
3522 2 2 3 54 821 809 820
3523 2 2 3 54 820 809 808
3524 2 2 3 54 816 827 828
3525 2 2 3 54 814 826 827
3526 2 2 3 54 814 827 815
3527 2 2 3 54 824 825 812
3528 2 2 3 55 1966 2079 2147
3529 2 2 3 55 2011 1952 2052
3530 2 2 3 55 1953 2010 2054
3531 2 2 3 55 733 1998 2069
3532 2 2 3 55 1950 2015 2092
3533 2 2 3 55 2000 1961 2027
3534 2 2 3 55 1950 2008 2015
3535 2 2 3 55 1966 2029 2079
3536 2 2 3 55 2015 1988 2092
3537 2 2 3 55 1985 2014 2097
3538 2 2 3 55 2016 1968 2035
3539 2 2 3 55 2097 2014 2150
3540 2 2 3 55 2022 1953 2054
3541 2 2 3 55 2008 1967 2015
3542 2 2 3 55 2006 1965 2026
3543 2 2 3 55 1952 2026 2052
3544 2 2 3 55 2006 1952 2036
3545 2 2 3 55 1971 2006 2036
3546 2 2 3 55 1959 2009 2117
3547 2 2 3 55 1952 2006 2026
3548 2 2 3 55 674 675 2009
3549 2 2 3 55 736 735 2013
3550 2 2 3 55 2079 2003 2147
3551 2 2 3 55 1973 2000 2056
3552 2 2 3 55 2009 1986 2117
3553 2 2 3 55 1976 1998 2050
3554 2 2 3 55 1998 1976 2069
3555 2 2 3 55 1965 2006 2033
3556 2 2 3 55 2009 1959 2089
3557 2 2 3 55 1961 2000 2138
3558 2 2 3 55 2042 1994 2133
3559 2 2 3 55 1997 1959 2117
3560 2 2 3 55 1998 733 2068
3561 2 2 3 55 2009 675 2109
3562 2 2 3 55 1959 1997 2061
3563 2 2 3 55 2040 1956 2071
3564 2 2 3 55 2040 2071 2157
3565 2 2 3 55 2063 1992 2097
3566 2 2 3 55 732 731 2028
3567 2 2 3 55 739 738 2014
3568 2 2 3 55 2000 1973 2090
3569 2 2 3 55 2028 731 2073
3570 2 2 3 55 2100 1957 2133
3571 2 2 3 55 825 824 2024
3572 2 2 3 55 823 822 2025
3573 2 2 3 55 2003 1978 2049
3574 2 2 3 55 2005 1977 2161
3575 2 2 3 55 730 729 2020
3576 2 2 3 55 1954 2033 2047
3577 2 2 3 55 734 733 2069
3578 2 2 3 55 2017 1978 2070
3579 2 2 3 55 667 668 2029
3580 2 2 3 55 2016 2035 2075
3581 2 2 3 55 2013 735 2082
3582 2 2 3 55 1957 2035 2133
3583 2 2 3 55 1978 2017 2093
3584 2 2 3 55 1994 2042 2112
3585 2 2 3 55 665 666 2019
3586 2 2 3 55 825 2024 2043
3587 2 2 3 55 2025 822 2044
3588 2 2 3 55 671 672 2017
3589 2 2 3 55 1980 2009 2089
3590 2 2 3 55 2024 824 2124
3591 2 2 3 55 823 2025 2124
3592 2 2 3 55 1958 2063 2097
3593 2 2 3 55 1967 2008 2058
3594 2 2 3 55 667 2029 2080
3595 2 2 3 55 1978 2003 2098
3596 2 2 3 55 669 2003 2079
3597 2 2 3 55 2003 669 2098
3598 2 2 3 55 2006 1971 2094
3599 2 2 3 55 2038 827 2119
3600 2 2 3 55 820 2037 2118
3601 2 2 3 55 1963 2037 2152
3602 2 2 3 55 820 819 2037
3603 2 2 3 55 828 827 2038
3604 2 2 3 55 1977 2005 2071
3605 2 2 3 55 1979 2028 2073
3606 2 2 3 55 2038 1964 2156
3607 2 2 3 55 2015 1967 2063
3608 2 2 3 55 2106 2004 2114
3609 2 2 3 55 736 2013 2053
3610 2 2 3 55 2007 2031 2165
3611 2 2 3 55 1952 2011 2077
3612 2 2 3 55 2031 1962 2165
3613 2 2 3 55 2065 695 2083
3614 2 2 3 55 2008 1950 2115
3615 2 2 3 55 2051 699 2128
3616 2 2 3 55 1968 2042 2133
3617 2 2 3 55 2010 1953 2062
3618 2 2 3 55 2037 2001 2152
3619 2 2 3 55 2021 1949 2102
3620 2 2 3 55 2047 2033 2094
3621 2 2 3 55 1986 2009 2109
3622 2 2 3 55 2024 1987 2040
3623 2 2 3 55 1987 2025 2041
3624 2 2 3 55 2017 672 2046
3625 2 2 3 55 1969 2024 2040
3626 2 2 3 55 2025 1970 2041
3627 2 2 3 55 2020 729 2113
3628 2 2 3 55 1987 2024 2124
3629 2 2 3 55 2025 1987 2124
3630 2 2 3 55 826 825 2043
3631 2 2 3 55 822 821 2044
3632 2 2 3 55 1977 2036 2161
3633 2 2 3 55 1972 2023 2099
3634 2 2 3 55 2029 1981 2080
3635 2 2 3 55 1981 2022 2054
3636 2 2 3 55 1974 2007 2084
3637 2 2 3 55 2000 2027 2056
3638 2 2 3 55 2007 1974 2095
3639 2 2 3 55 2009 1980 2072
3640 2 2 3 55 674 2009 2072
3641 2 2 3 55 2024 1969 2043
3642 2 2 3 55 1970 2025 2044
3643 2 2 3 55 2002 2038 2156
3644 2 2 3 55 2026 1979 2052
3645 2 2 3 55 2102 1949 2114
3646 2 2 3 55 739 2014 2104
3647 2 2 3 55 2022 1966 2055
3648 2 2 3 55 1949 2106 2114
3649 2 2 3 55 1968 2016 2061
3650 2 2 3 55 1955 2031 2095
3651 2 2 3 55 1974 2012 2064
3652 2 2 3 55 2012 1960 2064
3653 2 2 3 55 1960 2012 2059
3654 2 2 3 55 1991 2038 2119
3655 2 2 3 55 2037 1990 2118
3656 2 2 3 55 1982 2014 2086
3657 2 2 3 55 694 693 2034
3658 2 2 3 55 700 699 2051
3659 2 2 3 55 2014 738 2086
3660 2 2 3 55 1975 2032 2060
3661 2 2 3 55 2032 1955 2060
3662 2 2 3 55 2037 1963 2143
3663 2 2 3 55 1964 2038 2144
3664 2 2 3 55 2113 728 2126
3665 2 2 3 55 671 2017 2070
3666 2 2 3 55 2012 1974 2084
3667 2 2 3 55 1953 2022 2158
3668 2 2 3 55 2011 2052 2144
3669 2 2 3 55 1966 2032 2055
3670 2 2 3 55 2033 1954 2050
3671 2 2 3 55 2052 1964 2144
3672 2 2 3 55 1989 2065 2083
3673 2 2 3 55 1955 2032 2049
3674 2 2 3 55 1984 2059 2140
3675 2 2 3 55 690 86 2076
3676 2 2 3 55 2004 2030 2114
3677 2 2 3 55 1997 2051 2128
3678 2 2 3 55 665 2019 2123
3679 2 2 3 55 2014 1985 2104
3680 2 2 3 55 676 2091 2109
3681 2 2 3 55 692 691 2048
3682 2 2 3 55 86 740 2076
3683 2 2 3 55 2017 1962 2093
3684 2 2 3 55 1961 2013 2085
3685 2 2 3 55 2054 2010 2143
3686 2 2 3 55 1963 2054 2143
3687 2 2 3 55 2013 1976 2085
3688 2 2 3 55 2013 1961 2142
3689 2 2 3 55 1976 2013 2082
3690 2 2 3 55 1950 2018 2115
3691 2 2 3 55 2018 1984 2115
3692 2 2 3 55 1981 2019 2080
3693 2 2 3 55 1973 2018 2090
3694 2 2 3 55 2014 1982 2150
3695 2 2 3 55 2019 666 2080
3696 2 2 3 55 2057 1955 2095
3697 2 2 3 55 2018 1973 2101
3698 2 2 3 55 2027 1954 2056
3699 2 2 3 55 664 2123 2125
3700 2 2 3 55 692 2048 2116
3701 2 2 3 55 2020 1979 2073
3702 2 2 3 55 2047 1971 2102
3703 2 2 3 55 2067 1972 2099
3704 2 2 3 55 1995 2047 2102
3705 2 2 3 55 730 2020 2073
3706 2 2 3 55 2023 1983 2106
3707 2 2 3 55 1979 2020 2139
3708 2 2 3 55 1949 2023 2106
3709 2 2 3 55 735 734 2082
3710 2 2 3 55 2032 1975 2055
3711 2 2 3 55 698 697 2042
3712 2 2 3 55 78 701 2091
3713 2 2 3 55 1956 2041 2153
3714 2 2 3 55 2035 1957 2140
3715 2 2 3 55 1962 2017 2137
3716 2 2 3 55 2039 1972 2160
3717 2 2 3 55 2041 2148 2153
3718 2 2 3 55 1996 2035 2140
3719 2 2 3 55 1994 2100 2133
3720 2 2 3 55 2019 1981 2131
3721 2 2 3 55 676 78 2091
3722 2 2 3 55 675 676 2109
3723 2 2 3 55 2059 1996 2140
3724 2 2 3 55 2026 1965 2103
3725 2 2 3 55 2136 2039 2160
3726 2 2 3 55 1992 2048 2097
3727 2 2 3 55 672 673 2046
3728 2 2 3 55 1990 2037 2143
3729 2 2 3 55 2038 1991 2144
3730 2 2 3 55 1988 2015 2105
3731 2 2 3 55 1984 2018 2127
3732 2 2 3 55 1977 2067 2135
3733 2 2 3 55 1973 2030 2101
3734 2 2 3 55 1954 2047 2096
3735 2 2 3 55 2067 2021 2135
3736 2 2 3 55 737 736 2053
3737 2 2 3 55 2051 1997 2117
3738 2 2 3 55 2022 2055 2158
3739 2 2 3 55 734 2069 2082
3740 2 2 3 55 729 728 2113
3741 2 2 3 55 2018 1950 2090
3742 2 2 3 55 1952 2077 2161
3743 2 2 3 55 2048 1992 2116
3744 2 2 3 55 2023 1972 2108
3745 2 2 3 55 2002 2113 2126
3746 2 2 3 55 2030 2004 2164
3747 2 2 3 55 2056 1954 2096
3748 2 2 3 55 2076 740 2104
3749 2 2 3 55 732 2028 2068
3750 2 2 3 55 1967 2058 2134
3751 2 2 3 55 2030 1973 2163
3752 2 2 3 55 2034 693 2116
3753 2 2 3 55 2021 1971 2135
3754 2 2 3 55 2063 1967 2154
3755 2 2 3 55 1971 2021 2102
3756 2 2 3 55 1949 2021 2099
3757 2 2 3 55 740 739 2104
3758 2 2 3 55 664 665 2123
3759 2 2 3 55 1970 2044 2121
3760 2 2 3 55 2043 1969 2120
3761 2 2 3 55 2022 1981 2107
3762 2 2 3 55 2034 2116 2154
3763 2 2 3 55 1966 2022 2107
3764 2 2 3 55 1983 2023 2122
3765 2 2 3 55 1991 2043 2120
3766 2 2 3 55 2044 1990 2121
3767 2 2 3 55 1954 2027 2141
3768 2 2 3 55 2023 1949 2099
3769 2 2 3 55 1996 2059 2149
3770 2 2 3 55 2027 1961 2085
3771 2 2 3 55 2059 2012 2149
3772 2 2 3 55 2028 1979 2103
3773 2 2 3 55 1965 2028 2103
3774 2 2 3 55 1979 2026 2103
3775 2 2 3 55 2028 1965 2151
3776 2 2 3 55 2029 668 2079
3777 2 2 3 55 2123 2001 2125
3778 2 2 3 55 1999 2066 2089
3779 2 2 3 55 1981 2029 2107
3780 2 2 3 55 2066 1980 2089
3781 2 2 3 55 2029 1966 2107
3782 2 2 3 55 2031 2007 2095
3783 2 2 3 55 1958 2097 2150
3784 2 2 3 55 2032 1966 2147
3785 2 2 3 55 1980 2046 2072
3786 2 2 3 55 2042 697 2112
3787 2 2 3 55 2071 2005 2157
3788 2 2 3 55 2046 673 2072
3789 2 2 3 55 698 2042 2128
3790 2 2 3 55 2035 1996 2075
3791 2 2 3 55 1977 2045 2067
3792 2 2 3 55 1951 2084 2087
3793 2 2 3 55 2045 1972 2067
3794 2 2 3 55 2084 2007 2087
3795 2 2 3 55 2031 1955 2110
3796 2 2 3 55 695 694 2083
3797 2 2 3 55 1995 2102 2114
3798 2 2 3 55 1962 2031 2093
3799 2 2 3 55 696 695 2065
3800 2 2 3 55 2057 1983 2060
3801 2 2 3 55 1955 2057 2060
3802 2 2 3 55 2033 2006 2094
3803 2 2 3 55 2037 819 2145
3804 2 2 3 55 828 2038 2146
3805 2 2 3 55 694 2034 2083
3806 2 2 3 55 1965 2033 2111
3807 2 2 3 55 2116 1992 2154
3808 2 2 3 55 669 670 2098
3809 2 2 3 55 1975 2039 2158
3810 2 2 3 55 1972 2039 2108
3811 2 2 3 55 82 664 2125
3812 2 2 3 55 728 90 2126
3813 2 2 3 55 2001 2037 2145
3814 2 2 3 55 2038 2002 2146
3815 2 2 3 55 818 82 2125
3816 2 2 3 55 90 829 2126
3817 2 2 3 55 2017 2046 2137
3818 2 2 3 55 2036 1952 2161
3819 2 2 3 55 1971 2036 2135
3820 2 2 3 55 1956 2045 2071
3821 2 2 3 55 2035 1968 2133
3822 2 2 3 55 1981 2054 2131
3823 2 2 3 55 1968 2061 2159
3824 2 2 3 55 2045 1977 2071
3825 2 2 3 55 1989 2058 2100
3826 2 2 3 55 2066 1999 2087
3827 2 2 3 55 2058 1957 2100
3828 2 2 3 55 2091 1986 2109
3829 2 2 3 55 2070 1978 2098
3830 2 2 3 55 2077 2005 2161
3831 2 2 3 55 2053 1982 2086
3832 2 2 3 55 733 732 2068
3833 2 2 3 55 668 669 2079
3834 2 2 3 55 737 2053 2086
3835 2 2 3 55 2036 1977 2135
3836 2 2 3 55 1973 2056 2096
3837 2 2 3 55 2128 2042 2159
3838 2 2 3 55 2062 1953 2136
3839 2 2 3 55 2046 1980 2137
3840 2 2 3 55 2044 821 2118
3841 2 2 3 55 826 2043 2119
3842 2 2 3 55 2052 1979 2139
3843 2 2 3 55 1990 2044 2118
3844 2 2 3 55 2043 1991 2119
3845 2 2 3 55 2058 1989 2134
3846 2 2 3 55 670 671 2070
3847 2 2 3 55 2049 2032 2147
3848 2 2 3 55 2055 1975 2158
3849 2 2 3 55 2033 2050 2111
3850 2 2 3 55 2050 1954 2141
3851 2 2 3 55 2065 1989 2100
3852 2 2 3 55 1994 2065 2100
3853 2 2 3 55 673 674 2072
3854 2 2 3 55 1982 2053 2142
3855 2 2 3 55 2088 2008 2115
3856 2 2 3 55 1984 2088 2115
3857 2 2 3 55 1955 2049 2110
3858 2 2 3 55 731 730 2073
3859 2 2 3 55 2057 1974 2081
3860 2 2 3 55 1983 2057 2081
3861 2 2 3 55 2039 1975 2108
3862 2 2 3 55 2081 2004 2106
3863 2 2 3 55 1983 2081 2106
3864 2 2 3 55 1971 2047 2094
3865 2 2 3 55 2040 1987 2155
3866 2 2 3 55 1987 2041 2155
3867 2 2 3 55 666 667 2080
3868 2 2 3 55 1969 2040 2157
3869 2 2 3 55 2047 1995 2096
3870 2 2 3 55 1964 2139 2156
3871 2 2 3 55 1956 2040 2155
3872 2 2 3 55 2041 1956 2155
3873 2 2 3 55 2062 1970 2121
3874 2 2 3 55 2048 691 2130
3875 2 2 3 55 2041 1970 2148
3876 2 2 3 55 2134 2034 2154
3877 2 2 3 55 2010 2062 2121
3878 2 2 3 55 2016 2075 2162
3879 2 2 3 55 2048 1985 2097
3880 2 2 3 55 2066 2087 2165
3881 2 2 3 55 2061 1997 2159
3882 2 2 3 55 738 737 2086
3883 2 2 3 55 2053 2013 2142
3884 2 2 3 55 691 690 2130
3885 2 2 3 55 2075 1951 2162
3886 2 2 3 55 1985 2048 2130
3887 2 2 3 55 1967 2134 2154
3888 2 2 3 55 1957 2058 2088
3889 2 2 3 55 2042 1968 2159
3890 2 2 3 55 696 2065 2112
3891 2 2 3 55 2058 2008 2088
3892 2 2 3 55 2045 1956 2153
3893 2 2 3 55 2090 1950 2092
3894 2 2 3 55 701 700 2129
3895 2 2 3 55 2139 2020 2156
3896 2 2 3 55 2049 1978 2110
3897 2 2 3 55 2065 1994 2112
3898 2 2 3 55 2000 2090 2092
3899 2 2 3 55 1972 2045 2160
3900 2 2 3 55 1985 2076 2104
3901 2 2 3 55 1964 2052 2139
3902 2 2 3 55 2050 1998 2111
3903 2 2 3 55 2136 1953 2158
3904 2 2 3 55 2039 2136 2158
3905 2 2 3 55 2148 1993 2153
3906 2 2 3 55 1980 2066 2137
3907 2 2 3 55 2003 2049 2147
3908 2 2 3 55 1993 2062 2136
3909 2 2 3 55 700 2051 2129
3910 2 2 3 55 697 696 2112
3911 2 2 3 55 2054 1963 2131
3912 2 2 3 55 1992 2063 2154
3913 2 2 3 55 1976 2050 2141
3914 2 2 3 55 2084 1951 2149
3915 2 2 3 55 2012 2084 2149
3916 2 2 3 55 693 692 2116
3917 2 2 3 55 2064 1960 2164
3918 2 2 3 55 821 820 2118
3919 2 2 3 55 827 826 2119
3920 2 2 3 55 2004 2064 2164
3921 2 2 3 55 2132 2016 2162
3922 2 2 3 55 2131 1963 2152
3923 2 2 3 55 1974 2064 2081
3924 2 2 3 55 2064 2004 2081
3925 2 2 3 55 1974 2057 2095
3926 2 2 3 55 2000 2092 2138
3927 2 2 3 55 824 823 2124
3928 2 2 3 55 2051 1986 2129
3929 2 2 3 55 699 698 2128
3930 2 2 3 55 1986 2051 2117
3931 2 2 3 55 2088 1984 2140
3932 2 2 3 55 2078 1982 2142
3933 2 2 3 55 2061 2016 2132
3934 2 2 3 55 819 818 2145
3935 2 2 3 55 829 828 2146
3936 2 2 3 55 1982 2074 2150
3937 2 2 3 55 1988 2074 2078
3938 2 2 3 55 2069 1976 2082
3939 2 2 3 55 2114 2030 2163
3940 2 2 3 55 1995 2114 2163
3941 2 2 3 55 2019 2131 2152
3942 2 2 3 55 1993 2136 2160
3943 2 2 3 55 1975 2060 2122
3944 2 2 3 55 1973 2096 2163
3945 2 2 3 55 1970 2062 2148
3946 2 2 3 55 2074 1982 2078
3947 2 2 3 55 2062 1993 2148
3948 2 2 3 55 2068 2028 2151
3949 2 2 3 55 2021 2067 2099
3950 2 2 3 55 2059 1984 2127
3951 2 2 3 55 1999 2132 2162
3952 2 2 3 55 2015 2063 2105
3953 2 2 3 55 2063 1958 2105
3954 2 2 3 55 2060 1983 2122
3955 2 2 3 55 690 2076 2130
3956 2 2 3 55 1960 2059 2127
3957 2 2 3 55 670 2070 2098
3958 2 2 3 55 1958 2074 2105
3959 2 2 3 55 1997 2128 2159
3960 2 2 3 55 2074 1988 2105
3961 2 2 3 55 1959 2061 2132
3962 2 2 3 55 2027 2085 2141
3963 2 2 3 55 2085 1976 2141
3964 2 2 3 55 2077 1969 2157
3965 2 2 3 55 2018 2101 2127
3966 2 2 3 55 2005 2077 2157
3967 2 2 3 55 2091 701 2129
3968 2 2 3 55 2101 1960 2127
3969 2 2 3 55 1969 2077 2120
3970 2 2 3 55 2077 2011 2120
3971 2 2 3 55 2093 2031 2110
3972 2 2 3 55 1991 2120 2144
3973 2 2 3 55 2121 1990 2143
3974 2 2 3 55 1978 2093 2110
3975 2 2 3 55 2120 2011 2144
3976 2 2 3 55 2010 2121 2143
3977 2 2 3 55 2089 1959 2132
3978 2 2 3 55 1999 2089 2132
3979 2 2 3 55 2066 1962 2137
3980 2 2 3 55 1962 2066 2165
3981 2 2 3 55 1998 2068 2151
3982 2 2 3 55 1988 2078 2138
3983 2 2 3 55 2083 2034 2134
3984 2 2 3 55 2075 1996 2149
3985 2 2 3 55 2108 1975 2122
3986 2 2 3 55 1951 2075 2149
3987 2 2 3 55 2076 1985 2130
3988 2 2 3 55 1986 2091 2129
3989 2 2 3 55 2078 1961 2138
3990 2 2 3 55 2023 2108 2122
3991 2 2 3 55 1961 2078 2142
3992 2 2 3 55 2074 1958 2150
3993 2 2 3 55 1989 2083 2134
3994 2 2 3 55 1960 2101 2164
3995 2 2 3 55 2101 2030 2164
3996 2 2 3 55 1957 2088 2140
3997 2 2 3 55 2092 1988 2138
3998 2 2 3 55 2087 1999 2162
3999 2 2 3 55 1951 2087 2162
4000 2 2 3 55 818 2125 2145
4001 2 2 3 55 2126 829 2146
4002 2 2 3 55 2096 1995 2163
4003 2 2 3 55 2125 2001 2145
4004 2 2 3 55 2002 2126 2146
4005 2 2 3 55 2020 2113 2156
4006 2 2 3 55 2087 2007 2165
4007 2 2 3 55 2111 1998 2151
4008 2 2 3 55 1965 2111 2151
4009 2 2 3 55 2123 2019 2152
4010 2 2 3 55 2001 2123 2152
4011 2 2 3 55 2113 2002 2156
4012 2 2 3 55 2045 2153 2160
4013 2 2 3 55 2153 1993 2160
4014 2 2 3 56 745 706 746
4015 2 2 3 56 746 706 707
4016 2 2 3 56 743 742 704
4017 2 2 3 56 704 742 703
4018 2 2 3 56 2166 778 91
4019 2 2 3 56 753 2166 91
4020 2 2 3 56 2167 741 84
4021 2 2 3 56 677 2167 84
4022 2 2 3 56 747 707 708
4023 2 2 3 56 747 746 707
4024 2 2 3 56 712 750 711
4025 2 2 3 56 749 709 710
4026 2 2 3 56 714 2166 753
4027 2 2 3 56 778 2166 87
4028 2 2 3 56 2166 714 87
4029 2 2 3 56 702 2167 83
4030 2 2 3 56 2167 702 741
4031 2 2 3 56 2167 677 83
4032 2 2 3 56 753 752 713
4033 2 2 3 56 753 713 714
4034 2 2 3 56 744 743 705
4035 2 2 3 56 705 743 704
4036 2 2 3 56 751 713 752
4037 2 2 3 56 705 745 744
4038 2 2 3 56 750 712 751
4039 2 2 3 56 751 712 713
4040 2 2 3 56 706 745 705
4041 2 2 3 56 702 703 741
4042 2 2 3 56 742 741 703
4043 2 2 3 56 750 749 711
4044 2 2 3 56 708 748 747
4045 2 2 3 56 711 749 710
4046 2 2 3 56 709 748 708
4047 2 2 3 56 748 709 749
4048 2 2 3 57 778 87 715
4049 2 2 3 57 715 88 779
4050 2 2 3 57 778 715 779
4051 2 2 3 57 779 91 778
4052 2 2 3 58 754 716 755
4053 2 2 3 58 755 716 717
4054 2 2 3 58 2168 780 92
4055 2 2 3 58 764 2168 92
4056 2 2 3 58 779 2169 91
4057 2 2 3 58 2169 754 91
4058 2 2 3 58 757 720 758
4059 2 2 3 58 759 720 721
4060 2 2 3 58 759 758 720
4061 2 2 3 58 722 759 721
4062 2 2 3 58 726 2168 764
4063 2 2 3 58 780 2168 89
4064 2 2 3 58 2168 726 89
4065 2 2 3 58 2169 716 754
4066 2 2 3 58 2169 779 88
4067 2 2 3 58 716 2169 88
4068 2 2 3 58 763 725 764
4069 2 2 3 58 764 725 726
4070 2 2 3 58 762 725 763
4071 2 2 3 58 761 724 762
4072 2 2 3 58 762 724 725
4073 2 2 3 58 757 756 719
4074 2 2 3 58 757 719 720
4075 2 2 3 58 724 761 723
4076 2 2 3 58 755 718 756
4077 2 2 3 58 756 718 719
4078 2 2 3 58 723 761 760
4079 2 2 3 58 755 717 718
4080 2 2 3 58 723 760 722
4081 2 2 3 58 760 759 722
4082 2 2 3 59 780 89 727
4083 2 2 3 59 727 90 781
4084 2 2 3 59 780 727 781
4085 2 2 3 59 781 92 780
4086 2 2 3 60 740 777 776
4087 2 2 3 60 740 776 739
4088 2 2 3 60 781 2170 92
4089 2 2 3 60 2170 765 92
4090 2 2 3 60 2171 740 86
4091 2 2 3 60 689 2171 86
4092 2 2 3 60 777 2171 85
4093 2 2 3 60 2171 777 740
4094 2 2 3 60 2171 689 85
4095 2 2 3 60 769 732 733
4096 2 2 3 60 770 769 733
4097 2 2 3 60 734 735 772
4098 2 2 3 60 773 772 735
4099 2 2 3 60 2170 728 765
4100 2 2 3 60 2170 781 90
4101 2 2 3 60 728 2170 90
4102 2 2 3 60 775 739 776
4103 2 2 3 60 774 738 775
4104 2 2 3 60 775 738 739
4105 2 2 3 60 766 765 729
4106 2 2 3 60 766 729 730
4107 2 2 3 60 768 767 730
4108 2 2 3 60 768 730 731
4109 2 2 3 60 765 728 729
4110 2 2 3 60 766 730 767
4111 2 2 3 60 737 738 774
4112 2 2 3 60 736 737 774
4113 2 2 3 60 774 773 736
4114 2 2 3 60 771 770 733
4115 2 2 3 60 771 733 734
4116 2 2 3 60 768 731 769
4117 2 2 3 60 771 734 772
4118 2 2 3 60 769 731 732
4119 2 2 3 60 735 736 773
4120 2 2 3 61 2240 759 2338
4121 2 2 3 61 2215 2192 2241
4122 2 2 3 61 768 2230 2283
4123 2 2 3 61 2217 2199 2366
4124 2 2 3 61 2220 762 2261
4125 2 2 3 61 2230 769 2249
4126 2 2 3 61 768 769 2230
4127 2 2 3 61 2217 2179 2284
4128 2 2 3 61 2248 2217 2366
4129 2 2 3 61 2199 2217 2284
4130 2 2 3 61 2260 756 2327
4131 2 2 3 61 2274 2217 2276
4132 2 2 3 61 2299 2187 2332
4133 2 2 3 61 758 759 2240
4134 2 2 3 61 2186 2228 2269
4135 2 2 3 61 2219 2260 2327
4136 2 2 3 61 2216 2183 2244
4137 2 2 3 61 2228 2190 2295
4138 2 2 3 61 2214 2192 2306
4139 2 2 3 61 2184 2249 2281
4140 2 2 3 61 2182 2215 2291
4141 2 2 3 61 2184 2230 2249
4142 2 2 3 61 2193 2227 2266
4143 2 2 3 61 2214 680 2275
4144 2 2 3 61 2220 2188 2246
4145 2 2 3 61 2189 2219 2247
4146 2 2 3 61 2295 2190 2322
4147 2 2 3 61 2179 2217 2274
4148 2 2 3 61 2192 2213 2259
4149 2 2 3 61 2218 2299 2332
4150 2 2 3 61 2253 2293 2305
4151 2 2 3 61 2212 2240 2338
4152 2 2 3 61 2194 2274 2276
4153 2 2 3 61 2175 2217 2248
4154 2 2 3 61 2250 2174 2255
4155 2 2 3 61 2201 2250 2255
4156 2 2 3 61 2282 2225 2288
4157 2 2 3 61 2245 2187 2299
4158 2 2 3 61 2266 2227 2323
4159 2 2 3 61 769 770 2249
4160 2 2 3 61 2215 2173 2254
4161 2 2 3 61 2186 2269 2342
4162 2 2 3 61 2227 2185 2277
4163 2 2 3 61 680 2214 2306
4164 2 2 3 61 684 2223 2266
4165 2 2 3 61 686 2227 2277
4166 2 2 3 61 766 767 2242
4167 2 2 3 61 2213 2192 2272
4168 2 2 3 61 749 750 2237
4169 2 2 3 61 2192 2214 2297
4170 2 2 3 61 2193 2226 2258
4171 2 2 3 61 2173 2215 2309
4172 2 2 3 61 2183 2216 2341
4173 2 2 3 61 2245 2205 2278
4174 2 2 3 61 772 2218 2289
4175 2 2 3 61 2226 2174 2258
4176 2 2 3 61 2187 2245 2278
4177 2 2 3 61 2230 2198 2283
4178 2 2 3 61 2192 2215 2272
4179 2 2 3 61 2215 2182 2272
4180 2 2 3 61 2253 2204 2293
4181 2 2 3 61 2196 2282 2288
4182 2 2 3 61 2219 2189 2260
4183 2 2 3 61 2188 2220 2261
4184 2 2 3 61 2216 2196 2288
4185 2 2 3 61 2196 2216 2267
4186 2 2 3 61 2236 745 2308
4187 2 2 3 61 2249 2202 2281
4188 2 2 3 61 2181 2225 2282
4189 2 2 3 61 2237 750 2294
4190 2 2 3 61 766 2242 2304
4191 2 2 3 61 2238 2175 2248
4192 2 2 3 61 2197 2225 2287
4193 2 2 3 61 2190 2238 2248
4194 2 2 3 61 2219 2273 2350
4195 2 2 3 61 2225 2181 2287
4196 2 2 3 61 2202 2218 2265
4197 2 2 3 61 2173 2225 2254
4198 2 2 3 61 2225 2197 2254
4199 2 2 3 61 2217 2175 2276
4200 2 2 3 61 762 2220 2316
4201 2 2 3 61 2218 2202 2289
4202 2 2 3 61 755 756 2260
4203 2 2 3 61 762 763 2261
4204 2 2 3 61 2218 772 2299
4205 2 2 3 61 2226 2182 2291
4206 2 2 3 61 2233 2185 2301
4207 2 2 3 61 747 2285 2308
4208 2 2 3 61 746 747 2308
4209 2 2 3 61 2237 2200 2280
4210 2 2 3 61 2172 2229 2257
4211 2 2 3 61 2273 2219 2327
4212 2 2 3 61 2223 684 2319
4213 2 2 3 61 2186 2237 2280
4214 2 2 3 61 2277 2185 2363
4215 2 2 3 61 751 752 2243
4216 2 2 3 61 2212 2262 2328
4217 2 2 3 61 745 746 2308
4218 2 2 3 61 2257 2229 2365
4219 2 2 3 61 2189 2247 2331
4220 2 2 3 61 775 776 2239
4221 2 2 3 61 742 743 2235
4222 2 2 3 61 2191 2257 2365
4223 2 2 3 61 2228 2186 2353
4224 2 2 3 61 2223 2193 2266
4225 2 2 3 61 2179 2252 2284
4226 2 2 3 61 2232 2189 2320
4227 2 2 3 61 2247 2264 2331
4228 2 2 3 61 2231 765 2304
4229 2 2 3 61 2252 2208 2284
4230 2 2 3 61 2250 2201 2251
4231 2 2 3 61 2187 2250 2251
4232 2 2 3 61 2192 2259 2306
4233 2 2 3 61 2177 2224 2348
4234 2 2 3 61 2193 2223 2292
4235 2 2 3 61 2227 686 2323
4236 2 2 3 61 687 686 2277
4237 2 2 3 61 2224 2177 2293
4238 2 2 3 61 2256 2172 2322
4239 2 2 3 61 2200 2237 2294
4240 2 2 3 61 2215 2254 2291
4241 2 2 3 61 2188 2231 2304
4242 2 2 3 61 2322 2172 2326
4243 2 2 3 61 773 774 2245
4244 2 2 3 61 2258 2233 2301
4245 2 2 3 61 2189 2243 2320
4246 2 2 3 61 2198 2230 2286
4247 2 2 3 61 2246 2188 2336
4248 2 2 3 61 2230 2184 2286
4249 2 2 3 61 2293 2177 2305
4250 2 2 3 61 2231 2188 2261
4251 2 2 3 61 2189 2232 2260
4252 2 2 3 61 2225 2173 2288
4253 2 2 3 61 2195 2316 2351
4254 2 2 3 61 2190 2228 2353
4255 2 2 3 61 745 2236 2271
4256 2 2 3 61 2226 2193 2292
4257 2 2 3 61 2242 2188 2304
4258 2 2 3 61 2227 2193 2301
4259 2 2 3 61 753 2232 2320
4260 2 2 3 61 2262 2195 2328
4261 2 2 3 61 2268 2246 2336
4262 2 2 3 61 2195 2262 2316
4263 2 2 3 61 2174 2233 2258
4264 2 2 3 61 758 2240 2273
4265 2 2 3 61 2314 2191 2325
4266 2 2 3 61 2182 2226 2292
4267 2 2 3 61 775 2239 2307
4268 2 2 3 61 765 2231 2344
4269 2 2 3 61 2232 753 2345
4270 2 2 3 61 2273 2194 2350
4271 2 2 3 61 2185 2227 2301
4272 2 2 3 61 685 684 2266
4273 2 2 3 61 2174 2226 2318
4274 2 2 3 61 2238 2190 2353
4275 2 2 3 61 678 84 2296
4276 2 2 3 61 2226 2291 2318
4277 2 2 3 61 2233 2174 2355
4278 2 2 3 61 2216 2288 2311
4279 2 2 3 61 2228 2178 2269
4280 2 2 3 61 765 766 2304
4281 2 2 3 61 2234 2191 2263
4282 2 2 3 61 2215 2241 2309
4283 2 2 3 61 84 741 2296
4284 2 2 3 61 2176 2234 2263
4285 2 2 3 61 2243 752 2320
4286 2 2 3 61 2239 2205 2307
4287 2 2 3 61 2191 2234 2325
4288 2 2 3 61 2224 2314 2325
4289 2 2 3 61 680 679 2275
4290 2 2 3 61 2207 2235 2313
4291 2 2 3 61 2235 743 2313
4292 2 2 3 61 2262 2212 2338
4293 2 2 3 61 2245 774 2307
4294 2 2 3 61 2288 2173 2311
4295 2 2 3 61 749 2237 2270
4296 2 2 3 61 2178 2228 2295
4297 2 2 3 61 2251 2177 2265
4298 2 2 3 61 2222 2277 2363
4299 2 2 3 61 2205 2245 2307
4300 2 2 3 61 2229 2172 2360
4301 2 2 3 61 2241 2192 2297
4302 2 2 3 61 2216 2244 2267
4303 2 2 3 61 2205 2233 2278
4304 2 2 3 61 771 772 2289
4305 2 2 3 61 2237 2186 2342
4306 2 2 3 61 2247 2175 2264
4307 2 2 3 61 2244 2178 2267
4308 2 2 3 61 2184 2234 2286
4309 2 2 3 61 2240 2194 2273
4310 2 2 3 61 2234 2176 2339
4311 2 2 3 61 744 745 2271
4312 2 2 3 61 2194 2240 2274
4313 2 2 3 61 2185 2233 2329
4314 2 2 3 61 757 758 2273
4315 2 2 3 61 2233 2205 2329
4316 2 2 3 61 2175 2238 2361
4317 2 2 3 61 2176 2246 2268
4318 2 2 3 61 2234 2184 2325
4319 2 2 3 61 752 753 2320
4320 2 2 3 61 742 2235 2317
4321 2 2 3 61 2244 2203 2312
4322 2 2 3 61 2181 2282 2302
4323 2 2 3 61 2282 2221 2302
4324 2 2 3 61 2242 767 2283
4325 2 2 3 61 2240 2212 2359
4326 2 2 3 61 2198 2242 2283
4327 2 2 3 61 2243 2200 2294
4328 2 2 3 61 2235 2207 2330
4329 2 2 3 61 684 683 2319
4330 2 2 3 61 751 2243 2294
4331 2 2 3 61 2203 2244 2315
4332 2 2 3 61 2252 2179 2328
4333 2 2 3 61 682 681 2259
4334 2 2 3 61 2269 2210 2342
4335 2 2 3 61 2175 2247 2276
4336 2 2 3 61 2200 2264 2280
4337 2 2 3 61 2239 776 2337
4338 2 2 3 61 2205 2239 2329
4339 2 2 3 61 2204 2257 2314
4340 2 2 3 61 2280 2238 2353
4341 2 2 3 61 2186 2280 2353
4342 2 2 3 61 2188 2242 2336
4343 2 2 3 61 2242 2198 2336
4344 2 2 3 61 2250 2187 2278
4345 2 2 3 61 2246 2176 2279
4346 2 2 3 61 777 2334 2337
4347 2 2 3 61 760 761 2262
4348 2 2 3 61 2178 2244 2312
4349 2 2 3 61 2209 2295 2322
4350 2 2 3 61 2259 2213 2356
4351 2 2 3 61 2184 2281 2325
4352 2 2 3 61 2281 2224 2325
4353 2 2 3 61 2243 2189 2331
4354 2 2 3 61 2236 2308 2315
4355 2 2 3 61 2200 2243 2331
4356 2 2 3 61 2291 2197 2318
4357 2 2 3 61 2308 2203 2315
4358 2 2 3 61 2316 2220 2351
4359 2 2 3 61 2268 2198 2339
4360 2 2 3 61 2220 2246 2351
4361 2 2 3 61 2247 2219 2350
4362 2 2 3 61 2244 2183 2315
4363 2 2 3 61 748 749 2270
4364 2 2 3 61 773 2245 2299
4365 2 2 3 61 2202 2249 2321
4366 2 2 3 61 2252 2195 2279
4367 2 2 3 61 2293 2204 2314
4368 2 2 3 61 2193 2258 2301
4369 2 2 3 61 2198 2286 2339
4370 2 2 3 61 2267 2178 2310
4371 2 2 3 61 2224 2281 2348
4372 2 2 3 61 2328 2179 2359
4373 2 2 3 61 2190 2248 2366
4374 2 2 3 61 776 777 2337
4375 2 2 3 61 2297 2214 2298
4376 2 2 3 61 2201 2255 2346
4377 2 2 3 61 772 773 2299
4378 2 2 3 61 681 680 2306
4379 2 2 3 61 2317 2235 2364
4380 2 2 3 61 2280 2264 2361
4381 2 2 3 61 761 762 2316
4382 2 2 3 61 2211 2290 2324
4383 2 2 3 61 2180 2297 2298
4384 2 2 3 61 2178 2295 2310
4385 2 2 3 61 2255 2174 2318
4386 2 2 3 61 2255 2197 2287
4387 2 2 3 61 777 85 2334
4388 2 2 3 61 682 2259 2356
4389 2 2 3 61 2211 2324 2341
4390 2 2 3 61 85 688 2334
4391 2 2 3 61 767 768 2283
4392 2 2 3 61 2254 2197 2291
4393 2 2 3 61 2270 2237 2342
4394 2 2 3 61 760 2262 2338
4395 2 2 3 61 2251 2201 2305
4396 2 2 3 61 2253 2181 2302
4397 2 2 3 61 2208 2252 2333
4398 2 2 3 61 2177 2251 2305
4399 2 2 3 61 2204 2253 2302
4400 2 2 3 61 2174 2250 2355
4401 2 2 3 61 2207 2271 2352
4402 2 2 3 61 2249 770 2321
4403 2 2 3 61 2206 2317 2364
4404 2 2 3 61 2213 2272 2335
4405 2 2 3 61 2334 2222 2337
4406 2 2 3 61 2329 2239 2363
4407 2 2 3 61 2272 2182 2335
4408 2 2 3 61 2256 2190 2366
4409 2 2 3 61 2187 2251 2332
4410 2 2 3 61 2172 2256 2360
4411 2 2 3 61 2274 2240 2359
4412 2 2 3 61 2255 2287 2346
4413 2 2 3 61 2354 2208 2365
4414 2 2 3 61 2251 2265 2332
4415 2 2 3 61 2181 2253 2346
4416 2 2 3 61 2201 2253 2305
4417 2 2 3 61 750 751 2294
4418 2 2 3 61 2257 2204 2303
4419 2 2 3 61 2195 2252 2328
4420 2 2 3 61 2172 2257 2303
4421 2 2 3 61 741 742 2317
4422 2 2 3 61 2185 2329 2363
4423 2 2 3 61 2324 2207 2352
4424 2 2 3 61 92 765 2344
4425 2 2 3 61 753 91 2345
4426 2 2 3 61 2309 2241 2349
4427 2 2 3 61 2211 2309 2349
4428 2 2 3 61 2208 2263 2365
4429 2 2 3 61 2253 2201 2346
4430 2 2 3 61 764 92 2344
4431 2 2 3 61 91 754 2345
4432 2 2 3 61 2196 2267 2310
4433 2 2 3 61 2197 2255 2318
4434 2 2 3 61 2257 2191 2314
4435 2 2 3 61 2198 2268 2336
4436 2 2 3 61 2259 681 2306
4437 2 2 3 61 2190 2256 2322
4438 2 2 3 61 747 748 2343
4439 2 2 3 61 2289 2202 2321
4440 2 2 3 61 774 775 2307
4441 2 2 3 61 2285 2203 2308
4442 2 2 3 61 770 771 2321
4443 2 2 3 61 743 744 2313
4444 2 2 3 61 2214 2275 2298
4445 2 2 3 61 2202 2265 2348
4446 2 2 3 61 2264 2200 2331
4447 2 2 3 61 2252 2279 2333
4448 2 2 3 61 686 685 2323
4449 2 2 3 61 2271 2207 2313
4450 2 2 3 61 2209 2322 2326
4451 2 2 3 61 679 678 2340
4452 2 2 3 61 756 757 2327
4453 2 2 3 61 2276 2247 2350
4454 2 2 3 61 744 2271 2313
4455 2 2 3 61 2236 2315 2352
4456 2 2 3 61 2221 2300 2326
4457 2 2 3 61 2300 2209 2326
4458 2 2 3 61 2315 2183 2352
4459 2 2 3 61 2262 761 2316
4460 2 2 3 61 2176 2263 2333
4461 2 2 3 61 2263 2208 2333
4462 2 2 3 61 2275 2206 2298
4463 2 2 3 61 685 2266 2323
4464 2 2 3 61 2303 2221 2326
4465 2 2 3 61 2172 2303 2326
4466 2 2 3 61 757 2273 2327
4467 2 2 3 61 2302 2221 2303
4468 2 2 3 61 755 2260 2358
4469 2 2 3 61 2261 763 2357
4470 2 2 3 61 2229 2354 2365
4471 2 2 3 61 2241 2297 2349
4472 2 2 3 61 2204 2302 2303
4473 2 2 3 61 2297 2180 2349
4474 2 2 3 61 759 760 2338
4475 2 2 3 61 2194 2276 2350
4476 2 2 3 61 2260 2232 2358
4477 2 2 3 61 2231 2261 2357
4478 2 2 3 61 2269 2178 2312
4479 2 2 3 61 683 682 2356
4480 2 2 3 61 688 687 2347
4481 2 2 3 61 2296 741 2317
4482 2 2 3 61 2199 2360 2366
4483 2 2 3 61 763 764 2357
4484 2 2 3 61 754 755 2358
4485 2 2 3 61 2281 2202 2348
4486 2 2 3 61 2270 2210 2343
4487 2 2 3 61 2210 2269 2362
4488 2 2 3 61 748 2270 2343
4489 2 2 3 61 2360 2256 2366
4490 2 2 3 61 2282 2196 2300
4491 2 2 3 61 2265 2218 2332
4492 2 2 3 61 2221 2282 2300
4493 2 2 3 61 2279 2195 2351
4494 2 2 3 61 2263 2191 2365
4495 2 2 3 61 2216 2311 2341
4496 2 2 3 61 2246 2279 2351
4497 2 2 3 61 2176 2268 2339
4498 2 2 3 61 2300 2196 2310
4499 2 2 3 61 2285 747 2343
4500 2 2 3 61 2250 2278 2355
4501 2 2 3 61 2287 2181 2346
4502 2 2 3 61 2180 2298 2364
4503 2 2 3 61 2265 2177 2348
4504 2 2 3 61 2295 2209 2310
4505 2 2 3 61 2206 2275 2340
4506 2 2 3 61 2292 2223 2335
4507 2 2 3 61 2207 2290 2330
4508 2 2 3 61 2264 2175 2361
4509 2 2 3 61 2182 2292 2335
4510 2 2 3 61 771 2289 2321
4511 2 2 3 61 2224 2293 2314
4512 2 2 3 61 2330 2180 2364
4513 2 2 3 61 2210 2270 2342
4514 2 2 3 61 2319 2213 2335
4515 2 2 3 61 2223 2319 2335
4516 2 2 3 61 2271 2236 2352
4517 2 2 3 61 2279 2176 2333
4518 2 2 3 61 2275 679 2340
4519 2 2 3 61 2199 2284 2354
4520 2 2 3 61 2290 2207 2324
4521 2 2 3 61 2199 2354 2360
4522 2 2 3 61 2278 2233 2355
4523 2 2 3 61 2212 2328 2359
4524 2 2 3 61 2238 2280 2361
4525 2 2 3 61 2206 2296 2317
4526 2 2 3 61 2290 2180 2330
4527 2 2 3 61 2173 2309 2311
4528 2 2 3 61 2309 2211 2311
4529 2 2 3 61 2209 2300 2310
4530 2 2 3 61 2296 2206 2340
4531 2 2 3 61 678 2296 2340
4532 2 2 3 61 2179 2274 2359
4533 2 2 3 61 2277 2222 2347
4534 2 2 3 61 2324 2183 2341
4535 2 2 3 61 687 2277 2347
4536 2 2 3 61 2286 2234 2339
4537 2 2 3 61 2210 2285 2343
4538 2 2 3 61 2269 2312 2362
4539 2 2 3 61 2180 2290 2349
4540 2 2 3 61 2284 2208 2354
4541 2 2 3 61 2290 2211 2349
4542 2 2 3 61 2203 2285 2362
4543 2 2 3 61 2354 2229 2360
4544 2 2 3 61 2285 2210 2362
4545 2 2 3 61 2345 754 2358
4546 2 2 3 61 764 2344 2357
4547 2 2 3 61 2232 2345 2358
4548 2 2 3 61 2344 2231 2357
4549 2 2 3 61 2222 2334 2347
4550 2 2 3 61 2334 688 2347
4551 2 2 3 61 2311 2211 2341
4552 2 2 3 61 2298 2206 2364
4553 2 2 3 61 2319 683 2356
4554 2 2 3 61 2312 2203 2362
4555 2 2 3 61 2183 2324 2352
4556 2 2 3 61 2337 2222 2363
4557 2 2 3 61 2213 2319 2356
4558 2 2 3 61 2239 2337 2363
4559 2 2 3 61 2235 2330 2364
$EndElements
