$MeshFormat
2.2 0 8
$EndMeshFormat
$Nodes
2966
1 14.389 0 0
2 14.255 1.957 0
3 13.856 3.878 0
4 13.2 5.727 0
5 12.298 7.47 0
6 11.168 9.073 0
7 10.987 9.291 0
8 10.78 9.531000000000001 0
9 10.562 9.772 0
10 10.35 9.994999999999999 0
11 10.164 10.185 0
12 8.75 11.423 0
13 7.186 12.466 0
14 5.5 13.296 0
15 3.719 13.9 0
16 1.876 14.266 0
17 0 14.389 0
18 -1.876 14.266 0
19 -3.719 13.9 0
20 -5.5 13.296 0
21 -7.186 12.466 0
22 -8.75 11.423 0
23 -10.164 10.185 0
24 -10.35 9.994999999999999 0
25 -10.562 9.772 0
26 -10.78 9.531000000000001 0
27 -10.987 9.291 0
28 -11.168 9.073 0
29 -12.298 7.47 0
30 -13.2 5.727 0
31 -13.856 3.878 0
32 -14.255 1.957 0
33 -14.389 0 0
34 -14.255 -1.957 0
35 -13.856 -3.878 0
36 -13.2 -5.727 0
37 -12.298 -7.47 0
38 -11.168 -9.073 0
39 -10.987 -9.291 0
40 -10.78 -9.531000000000001 0
41 -10.562 -9.772 0
42 -10.35 -9.994999999999999 0
43 -10.164 -10.185 0
44 -8.75 -11.423 0
45 -7.186 -12.466 0
46 -5.5 -13.296 0
47 -3.719 -13.9 0
48 -1.876 -14.266 0
49 0 -14.389 0
50 1.876 -14.266 0
51 3.719 -13.9 0
52 5.5 -13.296 0
53 7.186 -12.466 0
54 8.75 -11.423 0
55 10.164 -10.185 0
56 10.35 -9.994999999999999 0
57 10.562 -9.772 0
58 10.78 -9.531000000000001 0
59 10.987 -9.291 0
60 11.168 -9.073 0
61 12.298 -7.47 0
62 13.2 -5.727 0
63 13.856 -3.878 0
64 14.255 -1.957 0
65 15.245 0 3.883
66 15.126 2.077 3.883
67 14.741 4.126 3.883
68 14.076 6.107 3.883
69 13.112 7.964 3.883
70 11.896 9.664999999999999 3.883
71 11.688 9.884 3.883
72 11.449 10.122 3.883
73 11.2 10.362 3.883
74 10.96 10.584 3.883
75 10.75 10.772 3.883
76 9.244999999999999 12.07 3.883
77 7.587 13.162 3.883
78 5.804 14.031 3.883
79 3.924 14.663 3.883
80 1.978 15.046 3.883
81 0 15.174 3.883
82 -1.978 15.046 3.883
83 -3.924 14.663 3.883
84 -5.804 14.031 3.883
85 -7.587 13.162 3.883
86 -9.244999999999999 12.07 3.883
87 -10.75 10.772 3.883
88 -10.96 10.584 3.883
89 -11.2 10.362 3.883
90 -11.449 10.122 3.883
91 -11.688 9.884 3.883
92 -11.896 9.664999999999999 3.883
93 -13.112 7.964 3.883
94 -14.076 6.107 3.883
95 -14.741 4.126 3.883
96 -15.126 2.077 3.883
97 -15.245 0 3.883
98 -15.126 -2.077 3.883
99 -14.741 -4.126 3.883
100 -14.076 -6.107 3.883
101 -13.112 -7.964 3.883
102 -11.896 -9.664999999999999 3.883
103 -11.688 -9.884 3.883
104 -11.449 -10.122 3.883
105 -11.2 -10.362 3.883
106 -10.96 -10.584 3.883
107 -10.75 -10.772 3.883
108 -9.244999999999999 -12.07 3.883
109 -7.587 -13.162 3.883
110 -5.804 -14.031 3.883
111 -3.924 -14.663 3.883
112 -1.978 -15.046 3.883
113 0 -15.174 3.883
114 1.978 -15.046 3.883
115 3.924 -14.663 3.883
116 5.804 -14.031 3.883
117 7.587 -13.162 3.883
118 9.244999999999999 -12.07 3.883
119 10.75 -10.772 3.883
120 10.96 -10.584 3.883
121 11.2 -10.362 3.883
122 11.449 -10.122 3.883
123 11.688 -9.884 3.883
124 11.896 -9.664999999999999 3.883
125 13.112 -7.964 3.883
126 14.076 -6.107 3.883
127 14.741 -4.126 3.883
128 15.126 -2.077 3.883
129 16.924 0 9.276999999999999
130 16.882 2.318 9.276999999999999
131 16.607 4.648 9.276999999999999
132 15.985 6.936 9.276999999999999
133 14.882 9.039 9.276999999999999
134 13.463 10.938 9.276999999999999
135 13.164 11.132 9.276999999999999
136 12.822 11.336 9.276999999999999
137 12.473 11.539 9.276999999999999
138 12.143 11.727 9.276999999999999
139 11.859 11.883 9.276999999999999
140 10.163 13.268 9.276999999999999
141 8.317 14.429 9.276999999999999
142 6.349 15.35 9.276999999999999
143 4.286 16.018 9.276999999999999
144 2.159 16.423 9.276999999999999
145 0 16.558 9.276999999999999
146 -2.159 16.423 9.276999999999999
147 -4.286 16.018 9.276999999999999
148 -6.349 15.35 9.276999999999999
149 -8.317 14.429 9.276999999999999
150 -10.163 13.268 9.276999999999999
151 -11.859 11.883 9.276999999999999
152 -12.143 11.727 9.276999999999999
153 -12.473 11.539 9.276999999999999
154 -12.822 11.336 9.276999999999999
155 -13.164 11.132 9.276999999999999
156 -13.463 10.938 9.276999999999999
157 -14.882 9.039 9.276999999999999
158 -15.985 6.936 9.276999999999999
159 -16.607 4.648 9.276999999999999
160 -16.882 2.318 9.276999999999999
161 -16.924 0 9.276999999999999
162 -16.882 -2.318 9.276999999999999
163 -16.607 -4.648 9.276999999999999
164 -15.985 -6.936 9.276999999999999
165 -14.882 -9.039 9.276999999999999
166 -13.463 -10.938 9.276999999999999
167 -13.164 -11.132 9.276999999999999
168 -12.822 -11.336 9.276999999999999
169 -12.473 -11.539 9.276999999999999
170 -12.143 -11.727 9.276999999999999
171 -11.859 -11.883 9.276999999999999
172 -10.163 -13.268 9.276999999999999
173 -8.317 -14.429 9.276999999999999
174 -6.349 -15.35 9.276999999999999
175 -4.286 -16.018 9.276999999999999
176 -2.159 -16.423 9.276999999999999
177 0 -16.558 9.276999999999999
178 2.159 -16.423 9.276999999999999
179 4.286 -16.018 9.276999999999999
180 6.349 -15.35 9.276999999999999
181 8.317 -14.429 9.276999999999999
182 10.163 -13.268 9.276999999999999
183 11.859 -11.883 9.276999999999999
184 12.143 -11.727 9.276999999999999
185 12.473 -11.539 9.276999999999999
186 12.822 -11.336 9.276999999999999
187 13.164 -11.132 9.276999999999999
188 13.463 -10.938 9.276999999999999
189 14.882 -9.039 9.276999999999999
190 15.985 -6.936 9.276999999999999
191 16.607 -4.648 9.276999999999999
192 16.882 -2.318 9.276999999999999
193 19.92 0 16.717
194 20.051 2.753 16.717
195 20.025 5.605 16.717
196 19.518 8.468999999999999 16.717
197 18.155 11.027 16.717
198 16.349 13.283 16.717
199 15.867 13.418 16.717
200 15.315 13.541 16.717
201 14.759 13.655 16.717
202 14.244 13.756 16.717
203 13.804 13.833 16.717
204 11.755 15.347 16.717
205 9.571999999999999 16.606 16.717
206 7.279 17.599 16.717
207 4.901 18.316 16.717
208 2.465 18.75 16.717
209 0 18.895 16.717
210 -2.465 18.75 16.717
211 -4.901 18.316 16.717
212 -7.279 17.599 16.717
213 -9.571999999999999 16.606 16.717
214 -11.755 15.347 16.717
215 -13.804 13.833 16.717
216 -14.244 13.756 16.717
217 -14.759 13.655 16.717
218 -15.315 13.541 16.717
219 -15.867 13.418 16.717
220 -16.349 13.283 16.717
221 -18.155 11.027 16.717
222 -19.518 8.468999999999999 16.717
223 -20.025 5.605 16.717
224 -20.051 2.753 16.717
225 -19.92 0 16.717
226 -20.051 -2.753 16.717
227 -20.025 -5.605 16.717
228 -19.518 -8.468999999999999 16.717
229 -18.155 -11.027 16.717
230 -16.349 -13.283 16.717
231 -15.867 -13.418 16.717
232 -15.315 -13.541 16.717
233 -14.759 -13.655 16.717
234 -14.244 -13.756 16.717
235 -13.804 -13.833 16.717
236 -11.755 -15.347 16.717
237 -9.571999999999999 -16.606 16.717
238 -7.279 -17.599 16.717
239 -4.901 -18.316 16.717
240 -2.465 -18.75 16.717
241 0 -18.895 16.717
242 2.465 -18.75 16.717
243 4.901 -18.316 16.717
244 7.279 -17.599 16.717
245 9.571999999999999 -16.606 16.717
246 11.755 -15.347 16.717
247 13.804 -13.833 16.717
248 14.244 -13.756 16.717
249 14.759 -13.655 16.717
250 15.315 -13.541 16.717
251 15.867 -13.418 16.717
252 16.349 -13.283 16.717
253 18.155 -11.027 16.717
254 19.518 -8.468999999999999 16.717
255 20.025 -5.605 16.717
256 20.051 -2.753 16.717
257 24.302 0 25.909
258 24.695 3.391 25.909
259 25.041 7.009 25.909
260 24.697 10.716 25.909
261 22.955 13.942 25.909
262 20.583 16.723 25.909
263 19.833 16.772 25.909
264 18.972 16.773 25.909
265 18.107 16.752 25.909
266 17.313 16.72 25.909
267 16.638 16.672 25.909
268 14.067 18.365 25.909
269 11.387 19.755 25.909
270 8.619999999999999 20.841 25.909
271 5.786 21.622 25.909
272 2.905 22.092 25.909
273 0 22.249 25.909
274 -2.905 22.092 25.909
275 -5.786 21.622 25.909
276 -8.619999999999999 20.841 25.909
277 -11.387 19.755 25.909
278 -14.067 18.365 25.909
279 -16.638 16.672 25.909
280 -17.313 16.72 25.909
281 -18.107 16.752 25.909
282 -18.972 16.773 25.909
283 -19.833 16.772 25.909
284 -20.583 16.723 25.909
285 -22.955 13.942 25.909
286 -24.697 10.716 25.909
287 -25.041 7.009 25.909
288 -24.695 3.391 25.909
289 -24.302 0 25.909
290 -24.695 -3.391 25.909
291 -25.041 -7.009 25.909
292 -24.697 -10.716 25.909
293 -22.955 -13.942 25.909
294 -20.583 -16.723 25.909
295 -19.833 -16.772 25.909
296 -18.972 -16.773 25.909
297 -18.107 -16.752 25.909
298 -17.313 -16.72 25.909
299 -16.638 -16.672 25.909
300 -14.067 -18.365 25.909
301 -11.387 -19.755 25.909
302 -8.619999999999999 -20.841 25.909
303 -5.786 -21.622 25.909
304 -2.905 -22.092 25.909
305 0 -22.249 25.909
306 2.905 -22.092 25.909
307 5.786 -21.622 25.909
308 8.619999999999999 -20.841 25.909
309 11.387 -19.755 25.909
310 14.067 -18.365 25.909
311 16.638 -16.672 25.909
312 17.313 -16.72 25.909
313 18.107 -16.752 25.909
314 18.972 -16.773 25.909
315 19.833 -16.772 25.909
316 20.583 -16.723 25.909
317 22.955 -13.942 25.909
318 24.697 -10.716 25.909
319 25.041 -7.009 25.909
320 24.695 -3.391 25.909
321 30.43 0 37.516
322 31.179 4.281 37.516
323 32.017 8.961 37.516
324 31.875 13.83 37.516
325 29.608 17.983 37.516
326 26.461 21.499 37.516
327 25.35 21.437 37.516
328 24.07 21.281 37.516
329 22.785 21.08 37.516
330 21.607 20.866 37.516
331 20.606 20.648 37.516
332 17.303 22.59 37.516
333 13.928 24.162 37.516
334 10.497 25.378 37.516
335 7.023 26.244 37.516
336 3.519 26.764 37.516
337 0 26.937 37.516
338 -3.519 26.764 37.516
339 -7.023 26.244 37.516
340 -10.497 25.378 37.516
341 -13.928 24.162 37.516
342 -17.303 22.59 37.516
343 -20.606 20.648 37.516
344 -21.607 20.866 37.516
345 -22.785 21.08 37.516
346 -24.07 21.281 37.516
347 -25.35 21.437 37.516
348 -26.461 21.499 37.516
349 -29.608 17.983 37.516
350 -31.875 13.83 37.516
351 -32.017 8.961 37.516
352 -31.179 4.281 37.516
353 -30.43 0 37.516
354 -31.179 -4.281 37.516
355 -32.017 -8.961 37.516
356 -31.875 -13.83 37.516
357 -29.608 -17.983 37.516
358 -26.461 -21.499 37.516
359 -25.35 -21.437 37.516
360 -24.07 -21.281 37.516
361 -22.785 -21.08 37.516
362 -21.607 -20.866 37.516
363 -20.606 -20.648 37.516
364 -17.303 -22.59 37.516
365 -13.928 -24.162 37.516
366 -10.497 -25.378 37.516
367 -7.023 -26.244 37.516
368 -3.519 -26.764 37.516
369 0 -26.937 37.516
370 3.519 -26.764 37.516
371 7.023 -26.244 37.516
372 10.497 -25.378 37.516
373 13.928 -24.162 37.516
374 17.303 -22.59 37.516
375 20.606 -20.648 37.516
376 21.607 -20.866 37.516
377 22.785 -21.08 37.516
378 24.07 -21.281 37.516
379 25.35 -21.437 37.516
380 26.461 -21.499 37.516
381 29.608 -17.983 37.516
382 31.875 -13.83 37.516
383 32.017 -8.961 37.516
384 31.179 -4.281 37.516
385 38.199 0 51.374
386 39.381 5.407 51.374
387 40.806 11.422 51.374
388 40.889 17.741 51.374
389 37.965 23.06 51.374
390 33.853 27.504 51.374
391 32.302 27.316 51.374
392 30.51 26.974 51.374
393 28.708 26.56 51.374
394 27.056 26.128 51.374
395 25.649 25.702 51.374
396 21.422 27.967 51.374
397 17.164 29.776 51.374
398 12.888 31.16 51.374
399 8.599 32.137 51.374
400 4.302 32.72 51.374
401 0 32.914 51.374
402 -4.302 32.72 51.374
403 -8.599 32.137 51.374
404 -12.888 31.16 51.374
405 -17.164 29.776 51.374
406 -21.422 27.967 51.374
407 -25.649 25.702 51.374
408 -27.056 26.128 51.374
409 -28.708 26.56 51.374
410 -30.51 26.974 51.374
411 -32.302 27.316 51.374
412 -33.853 27.504 51.374
413 -37.965 23.06 51.374
414 -40.889 17.741 51.374
415 -40.806 11.422 51.374
416 -39.381 5.407 51.374
417 -38.199 0 51.374
418 -39.381 -5.407 51.374
419 -40.806 -11.422 51.374
420 -40.889 -17.741 51.374
421 -37.965 -23.06 51.374
422 -33.853 -27.504 51.374
423 -32.302 -27.316 51.374
424 -30.51 -26.974 51.374
425 -28.708 -26.56 51.374
426 -27.056 -26.128 51.374
427 -25.649 -25.702 51.374
428 -21.422 -27.967 51.374
429 -17.164 -29.776 51.374
430 -12.888 -31.16 51.374
431 -8.599 -32.137 51.374
432 -4.302 -32.72 51.374
433 0 -32.914 51.374
434 4.302 -32.72 51.374
435 8.599 -32.137 51.374
436 12.888 -31.16 51.374
437 17.164 -29.776 51.374
438 21.422 -27.967 51.374
439 25.649 -25.702 51.374
440 27.056 -26.128 51.374
441 28.708 -26.56 51.374
442 30.51 -26.974 51.374
443 32.302 -27.316 51.374
444 33.853 -27.504 51.374
445 37.965 -23.06 51.374
446 40.889 -17.741 51.374
447 40.806 -11.422 51.374
448 39.381 -5.407 51.374
449 48.057 0 68.345
450 49.769 6.834 68.345
451 51.904 14.528 68.345
452 52.245 22.669 68.345
453 48.495 29.455 68.345
454 43.174 35.077 68.345
455 41.081 34.74 68.345
456 38.657 34.177 68.345
457 36.215 33.506 68.345
458 33.975 32.811 68.345
459 32.064 32.13 68.345
460 26.669 34.818 68.345
461 21.291 36.936 68.345
462 15.94 38.539 68.345
463 10.613 39.662 68.345
464 5.302 40.328 68.345
465 0 40.549 68.345
466 -5.302 40.328 68.345
467 -10.613 39.662 68.345
468 -15.94 38.539 68.345
469 -21.291 36.936 68.345
470 -26.669 34.818 68.345
471 -32.064 32.13 68.345
472 -33.975 32.811 68.345
473 -36.215 33.506 68.345
474 -38.657 34.177 68.345
475 -41.081 34.74 68.345
476 -43.174 35.077 68.345
477 -48.495 29.455 68.345
478 -52.245 22.669 68.345
479 -51.904 14.528 68.345
480 -49.769 6.834 68.345
481 -48.057 0 68.345
482 -49.769 -6.834 68.345
483 -51.904 -14.528 68.345
484 -52.245 -22.669 68.345
485 -48.495 -29.455 68.345
486 -43.174 -35.077 68.345
487 -41.081 -34.74 68.345
488 -38.657 -34.177 68.345
489 -36.215 -33.506 68.345
490 -33.975 -32.811 68.345
491 -32.064 -32.13 68.345
492 -26.669 -34.818 68.345
493 -21.291 -36.936 68.345
494 -15.94 -38.539 68.345
495 -10.613 -39.662 68.345
496 -5.302 -40.328 68.345
497 0 -40.549 68.345
498 5.302 -40.328 68.345
499 10.613 -39.662 68.345
500 15.94 -38.539 68.345
501 21.291 -36.936 68.345
502 26.669 -34.818 68.345
503 32.064 -32.13 68.345
504 33.975 -32.811 68.345
505 36.215 -33.506 68.345
506 38.657 -34.177 68.345
507 41.081 -34.74 68.345
508 43.174 -35.077 68.345
509 48.495 -29.455 68.345
510 52.245 -22.669 68.345
511 51.904 -14.528 68.345
512 49.769 -6.834 68.345
513 59.835 0 88.167
514 62.16 8.535 88.167
515 65.113 18.225 88.167
516 65.739 28.523 88.167
517 61.008 37.056 88.167
518 54.257 44.081 88.167
519 51.531 43.576 88.167
520 48.366 42.761 88.167
521 45.176 41.796 88.167
522 42.246 40.798 88.167
523 39.743 39.824 88.167
524 32.957 43.026 88.167
525 26.242 45.524 88.167
526 19.604 47.396 88.167
527 13.031 48.699 88.167
528 6.504 49.468 88.167
529 0 49.723 88.167
530 -6.504 49.468 88.167
531 -13.031 48.699 88.167
532 -19.604 47.396 88.167
533 -26.242 45.524 88.167
534 -32.957 43.026 88.167
535 -39.743 39.824 88.167
536 -42.246 40.798 88.167
537 -45.176 41.796 88.167
538 -48.366 42.761 88.167
539 -51.531 43.576 88.167
540 -54.257 44.081 88.167
541 -61.008 37.056 88.167
542 -65.739 28.523 88.167
543 -65.113 18.225 88.167
544 -62.16 8.535 88.167
545 -59.835 0 88.167
546 -62.16 -8.535 88.167
547 -65.113 -18.225 88.167
548 -65.739 -28.523 88.167
549 -61.008 -37.056 88.167
550 -54.257 -44.081 88.167
551 -51.531 -43.576 88.167
552 -48.366 -42.761 88.167
553 -45.176 -41.796 88.167
554 -42.246 -40.798 88.167
555 -39.743 -39.824 88.167
556 -32.957 -43.026 88.167
557 -26.242 -45.524 88.167
558 -19.604 -47.396 88.167
559 -13.031 -48.699 88.167
560 -6.504 -49.468 88.167
561 0 -49.723 88.167
562 6.504 -49.468 88.167
563 13.031 -48.699 88.167
564 19.604 -47.396 88.167
565 26.242 -45.524 88.167
566 32.957 -43.026 88.167
567 39.743 -39.824 88.167
568 42.246 -40.798 88.167
569 45.176 -41.796 88.167
570 48.366 -42.761 88.167
571 51.531 -43.576 88.167
572 54.257 -44.081 88.167
573 61.008 -37.056 88.167
574 65.739 -28.523 88.167
575 65.113 -18.225 88.167
576 62.16 -8.535 88.167
577 73.369 0 110.334
578 76.372 10.487 110.334
579 80.224 22.455 110.334
580 81.154 35.212 110.334
581 75.328 45.753 110.334
582 66.98 54.418 110.334
583 63.549 53.74 110.334
584 59.56 52.657 110.334
585 55.532 51.378 110.334
586 51.829 50.052 110.334
587 48.657 48.757 110.334
588 40.247 52.544 110.334
589 31.977 55.473 110.334
590 23.846 57.654 110.334
591 15.831 59.162 110.334
592 7.895 60.049 110.334
593 0 60.342 110.334
594 -7.895 60.049 110.334
595 -15.831 59.162 110.334
596 -23.846 57.654 110.334
597 -31.977 55.473 110.334
598 -40.247 52.544 110.334
599 -48.657 48.757 110.334
600 -51.829 50.052 110.334
601 -55.532 51.378 110.334
602 -59.56 52.657 110.334
603 -63.549 53.74 110.334
604 -66.98 54.418 110.334
605 -75.328 45.753 110.334
606 -81.154 35.212 110.334
607 -80.224 22.455 110.334
608 -76.372 10.487 110.334
609 -73.369 0 110.334
610 -76.372 -10.487 110.334
611 -80.224 -22.455 110.334
612 -81.154 -35.212 110.334
613 -75.328 -45.753 110.334
614 -66.98 -54.418 110.334
615 -63.549 -53.74 110.334
616 -59.56 -52.657 110.334
617 -55.532 -51.378 110.334
618 -51.829 -50.052 110.334
619 -48.657 -48.757 110.334
620 -40.247 -52.544 110.334
621 -31.977 -55.473 110.334
622 -23.846 -57.654 110.334
623 -15.831 -59.162 110.334
624 -7.895 -60.049 110.334
625 0 -60.342 110.334
626 7.895 -60.049 110.334
627 15.831 -59.162 110.334
628 23.846 -57.654 110.334
629 31.977 -55.473 110.334
630 40.247 -52.544 110.334
631 48.657 -48.757 110.334
632 51.829 -50.052 110.334
633 55.532 -51.378 110.334
634 59.56 -52.657 110.334
635 63.549 -53.74 110.334
636 66.98 -54.418 110.334
637 75.328 -45.753 110.334
638 81.154 -35.212 110.334
639 80.224 -22.455 110.334
640 76.372 -10.487 110.334
641 90.17 0 135.626
642 93.904 12.894 135.626
643 98.727 27.634 135.626
644 99.996 43.387 135.626
645 93.004 56.489 135.626
646 82.95699999999999 67.399 135.626
647 78.76000000000001 66.60299999999999 135.626
648 73.854 65.295 135.626
649 68.877 63.724 135.626
650 64.279 62.075 135.626
651 60.32 60.444 135.626
652 49.666 64.84 135.626
653 39.323 68.217 135.626
654 29.249 70.715 135.626
655 19.382 72.435 135.626
656 9.656000000000001 73.44199999999999 135.626
657 0 73.774 135.626
658 -9.656000000000001 73.44199999999999 135.626
659 -19.382 72.435 135.626
660 -29.249 70.715 135.626
661 -39.323 68.217 135.626
662 -49.666 64.84 135.626
663 -60.32 60.444 135.626
664 -64.279 62.075 135.626
665 -68.877 63.724 135.626
666 -73.854 65.295 135.626
667 -78.76000000000001 66.60299999999999 135.626
668 -82.95699999999999 67.399 135.626
669 -93.004 56.489 135.626
670 -99.996 43.387 135.626
671 -98.727 27.634 135.626
672 -93.904 12.894 135.626
673 -90.17 0 135.626
674 -93.904 -12.894 135.626
675 -98.727 -27.634 135.626
676 -99.996 -43.387 135.626
677 -93.004 -56.489 135.626
678 -82.95699999999999 -67.399 135.626
679 -78.76000000000001 -66.60299999999999 135.626
680 -73.854 -65.295 135.626
681 -68.877 -63.724 135.626
682 -64.279 -62.075 135.626
683 -60.32 -60.444 135.626
684 -49.666 -64.84 135.626
685 -39.323 -68.217 135.626
686 -29.249 -70.715 135.626
687 -19.382 -72.435 135.626
688 -9.656000000000001 -73.44199999999999 135.626
689 0 -73.774 135.626
690 9.656000000000001 -73.44199999999999 135.626
691 19.382 -72.435 135.626
692 29.249 -70.715 135.626
693 39.323 -68.217 135.626
694 49.666 -64.84 135.626
695 60.32 -60.444 135.626
696 64.279 -62.075 135.626
697 68.877 -63.724 135.626
698 73.854 -65.295 135.626
699 78.76000000000001 -66.60299999999999 135.626
700 82.95699999999999 -67.399 135.626
701 93.004 -56.489 135.626
702 99.996 -43.387 135.626
703 98.727 -27.634 135.626
704 93.904 -12.894 135.626
705 111.304 0 162.793
706 115.726 15.891 162.793
707 121.478 34.002 162.793
708 123.101 53.412 162.793
709 115.083 69.899 162.793
710 103.527 84.111 162.793
711 98.59999999999999 83.38 162.793
712 92.767 82.01600000000001 162.793
713 86.788 80.295 162.793
714 81.202 78.41800000000001 162.793
715 76.334 76.491 162.793
716 62.331 81.375 162.793
717 49.056 85.101 162.793
718 36.332 87.84099999999999 162.793
719 24.007 89.71899999999999 162.793
720 11.94 90.815 162.793
721 0 91.175 162.793
722 -11.94 90.815 162.793
723 -24.007 89.71899999999999 162.793
724 -36.332 87.84099999999999 162.793
725 -49.056 85.101 162.793
726 -62.331 81.375 162.793
727 -76.334 76.491 162.793
728 -81.202 78.41800000000001 162.793
729 -86.788 80.295 162.793
730 -92.767 82.01600000000001 162.793
731 -98.59999999999999 83.38 162.793
732 -103.527 84.111 162.793
733 -115.083 69.899 162.793
734 -123.101 53.412 162.793
735 -121.478 34.002 162.793
736 -115.726 15.891 162.793
737 -111.304 0 162.793
738 -115.726 -15.891 162.793
739 -121.478 -34.002 162.793
740 -123.101 -53.412 162.793
741 -115.083 -69.899 162.793
742 -103.527 -84.111 162.793
743 -98.59999999999999 -83.38 162.793
744 -92.767 -82.01600000000001 162.793
745 -86.788 -80.295 162.793
746 -81.202 -78.41800000000001 162.793
747 -76.334 -76.491 162.793
748 -62.331 -81.375 162.793
749 -49.056 -85.101 162.793
750 -36.332 -87.84099999999999 162.793
751 -24.007 -89.71899999999999 162.793
752 -11.94 -90.815 162.793
753 0 -91.175 162.793
754 11.94 -90.815 162.793
755 24.007 -89.71899999999999 162.793
756 36.332 -87.84099999999999 162.793
757 49.056 -85.101 162.793
758 62.331 -81.375 162.793
759 76.334 -76.491 162.793
760 81.202 -78.41800000000001 162.793
761 86.788 -80.295 162.793
762 92.767 -82.01600000000001 162.793
763 98.59999999999999 -83.38 162.793
764 103.527 -84.111 162.793
765 115.083 -69.899 162.793
766 123.101 -53.412 162.793
767 121.478 -34.002 162.793
768 115.726 -15.891 162.793
769 138.325 0 190.858
770 143.296 19.676 190.858
771 149.815 41.933 190.858
772 151.795 65.86199999999999 190.858
773 143.1 86.917 190.858
774 130.524 106.045 190.858
775 124.998 105.704 190.858
776 118.309 104.598 190.858
777 111.32 102.992 190.858
778 104.666 101.078 190.858
779 98.753 98.956 190.858
780 79.70399999999999 104.057 190.858
781 62.208 107.918 190.858
782 45.802 110.737 190.858
783 30.145 112.657 190.858
784 14.959 113.774 190.858
785 0 114.141 190.858
786 -14.959 113.774 190.858
787 -30.145 112.657 190.858
788 -45.802 110.737 190.858
789 -62.208 107.918 190.858
790 -79.70399999999999 104.057 190.858
791 -98.753 98.956 190.858
792 -104.666 101.078 190.858
793 -111.32 102.992 190.858
794 -118.309 104.598 190.858
795 -124.998 105.704 190.858
796 -130.524 106.045 190.858
797 -143.1 86.917 190.858
798 -151.795 65.86199999999999 190.858
799 -149.815 41.933 190.858
800 -143.296 19.676 190.858
801 -138.325 0 190.858
802 -143.296 -19.676 190.858
803 -149.815 -41.933 190.858
804 -151.795 -65.86199999999999 190.858
805 -143.1 -86.917 190.858
806 -130.524 -106.045 190.858
807 -124.998 -105.704 190.858
808 -118.309 -104.598 190.858
809 -111.32 -102.992 190.858
810 -104.666 -101.078 190.858
811 -98.753 -98.956 190.858
812 -79.70399999999999 -104.057 190.858
813 -62.208 -107.918 190.858
814 -45.802 -110.737 190.858
815 -30.145 -112.657 190.858
816 -14.959 -113.774 190.858
817 0 -114.141 190.858
818 14.959 -113.774 190.858
819 30.145 -112.657 190.858
820 45.802 -110.737 190.858
821 62.208 -107.918 190.858
822 79.70399999999999 -104.057 190.858
823 98.753 -98.956 190.858
824 104.666 -101.078 190.858
825 111.32 -102.992 190.858
826 118.309 -104.598 190.858
827 124.998 -105.704 190.858
828 130.524 -106.045 190.858
829 143.1 -86.917 190.858
830 151.795 -65.86199999999999 190.858
831 149.815 -41.933 190.858
832 143.296 -19.676 190.858
833 173.126 0 219.259
834 178.422 24.499 219.259
835 185.446 51.906 219.259
836 187.77 81.471 219.259
837 178.927 108.678 219.259
838 166.076 134.93 219.259
839 160.164 135.441 219.259
840 152.746 135.044 219.259
841 144.771 133.941 219.259
842 136.968 132.273 219.259
843 129.843 130.11 219.259
844 103.429 135.031 219.259
845 79.95999999999999 138.713 219.259
846 58.474 141.375 219.259
847 38.31 143.172 219.259
848 18.961 144.212 219.259
849 0 144.552 219.259
850 -18.961 144.212 219.259
851 -38.31 143.172 219.259
852 -58.474 141.375 219.259
853 -79.95999999999999 138.713 219.259
854 -103.429 135.031 219.259
855 -129.843 130.11 219.259
856 -136.968 132.273 219.259
857 -144.771 133.941 219.259
858 -152.746 135.044 219.259
859 -160.164 135.441 219.259
860 -166.076 134.93 219.259
861 -178.927 108.678 219.259
862 -187.77 81.471 219.259
863 -185.446 51.906 219.259
864 -178.422 24.499 219.259
865 -173.126 0 219.259
866 -178.422 -24.499 219.259
867 -185.446 -51.906 219.259
868 -187.77 -81.471 219.259
869 -178.927 -108.678 219.259
870 -166.076 -134.93 219.259
871 -160.164 -135.441 219.259
872 -152.746 -135.044 219.259
873 -144.771 -133.941 219.259
874 -136.968 -132.273 219.259
875 -129.843 -130.11 219.259
876 -103.429 -135.031 219.259
877 -79.95999999999999 -138.713 219.259
878 -58.474 -141.375 219.259
879 -38.31 -143.172 219.259
880 -18.961 -144.212 219.259
881 0 -144.552 219.259
882 18.961 -144.212 219.259
883 38.31 -143.172 219.259
884 58.474 -141.375 219.259
885 79.95999999999999 -138.713 219.259
886 103.429 -135.031 219.259
887 129.843 -130.11 219.259
888 136.968 -132.273 219.259
889 144.771 -133.941 219.259
890 152.746 -135.044 219.259
891 160.164 -135.441 219.259
892 166.076 -134.93 219.259
893 178.927 -108.678 219.259
894 187.77 -81.471 219.259
895 185.446 -51.906 219.259
896 178.422 -24.499 219.259
897 214.682 0 245.919
898 220.017 30.211 245.919
899 227.192 63.591 245.919
900 229.811 99.712 245.919
901 221.44 134.5 245.919
902 209.191 169.959 245.919
903 203.168 171.807 245.919
904 195.225 172.6 245.919
905 186.362 172.42 245.919
906 177.397 171.315 245.919
907 168.952 169.299 245.919
908 132.976 173.605 245.919
909 101.897 176.77 245.919
910 74.045 179.019 245.919
911 48.303 180.517 245.919
912 23.847 181.375 245.919
913 0 181.654 245.919
914 -23.847 181.375 245.919
915 -48.303 180.517 245.919
916 -74.045 179.019 245.919
917 -101.897 176.77 245.919
918 -132.976 173.605 245.919
919 -168.952 169.299 245.919
920 -177.397 171.315 245.919
921 -186.362 172.42 245.919
922 -195.225 172.6 245.919
923 -203.168 171.807 245.919
924 -209.191 169.959 245.919
925 -221.44 134.5 245.919
926 -229.811 99.712 245.919
927 -227.192 63.591 245.919
928 -220.017 30.211 245.919
929 -214.682 0 245.919
930 -220.017 -30.211 245.919
931 -227.192 -63.591 245.919
932 -229.811 -99.712 245.919
933 -221.44 -134.5 245.919
934 -209.191 -169.959 245.919
935 -203.168 -171.807 245.919
936 -195.225 -172.6 245.919
937 -186.362 -172.42 245.919
938 -177.397 -171.315 245.919
939 -168.952 -169.299 245.919
940 -132.976 -173.605 245.919
941 -101.897 -176.77 245.919
942 -74.045 -179.019 245.919
943 -48.303 -180.517 245.919
944 -23.847 -181.375 245.919
945 0 -181.654 245.919
946 23.847 -181.375 245.919
947 48.303 -180.517 245.919
948 74.045 -179.019 245.919
949 101.897 -176.77 245.919
950 132.976 -173.605 245.919
951 168.952 -169.299 245.919
952 177.397 -171.315 245.919
953 186.362 -172.42 245.919
954 195.225 -172.6 245.919
955 203.168 -171.807 245.919
956 209.191 -169.959 245.919
957 221.44 -134.5 245.919
958 229.811 -99.712 245.919
959 227.192 -63.591 245.919
960 220.017 -30.211 245.919
961 262.35 0 270.408
962 267.441 36.723 270.408
963 274.414 76.80800000000001 270.408
964 277.257 120.298 270.408
965 269.925 163.948 270.408
966 259.084 210.494 270.408
967 253.213 214.127 270.408
968 244.944 216.557 270.408
969 235.297 217.694 270.408
970 225.174 217.454 270.408
971 215.325 215.767 270.408
972 167.809 219.081 270.408
973 127.645 221.437 270.408
974 92.26000000000001 223.059 270.408
975 59.968 224.108 270.408
976 29.543 224.696 270.408
977 0 224.886 270.408
978 -29.543 224.696 270.408
979 -59.968 224.108 270.408
980 -92.26000000000001 223.059 270.408
981 -127.645 221.437 270.408
982 -167.809 219.081 270.408
983 -215.325 215.767 270.408
984 -225.174 217.454 270.408
985 -235.297 217.694 270.408
986 -244.944 216.557 270.408
987 -253.213 214.127 270.408
988 -259.084 210.494 270.408
989 -269.925 163.948 270.408
990 -277.257 120.298 270.408
991 -274.414 76.80800000000001 270.408
992 -267.441 36.723 270.408
993 -262.35 0 270.408
994 -267.441 -36.723 270.408
995 -274.414 -76.80800000000001 270.408
996 -277.257 -120.298 270.408
997 -269.925 -163.948 270.408
998 -259.084 -210.494 270.408
999 -253.213 -214.127 270.408
1000 -244.944 -216.557 270.408
1001 -235.297 -217.694 270.408
1002 -225.174 -217.454 270.408
1003 -215.325 -215.767 270.408
1004 -167.809 -219.081 270.408
1005 -127.645 -221.437 270.408
1006 -92.26000000000001 -223.059 270.408
1007 -59.968 -224.108 270.408
1008 -29.543 -224.696 270.408
1009 0 -224.886 270.408
1010 29.543 -224.696 270.408
1011 59.968 -224.108 270.408
1012 92.26000000000001 -223.059 270.408
1013 127.645 -221.437 270.408
1014 167.809 -219.081 270.408
1015 215.325 -215.767 270.408
1016 225.174 -217.454 270.408
1017 235.297 -217.694 270.408
1018 244.944 -216.557 270.408
1019 253.213 -214.127 270.408
1020 259.084 -210.494 270.408
1021 269.925 -163.948 270.408
1022 277.257 -120.298 270.408
1023 274.414 -76.80800000000001 270.408
1024 267.441 -36.723 270.408
1025 312.471 0 291.562
1026 317.1 43.541 291.562
1027 323.583 90.571 291.562
1028 326.556 141.688 291.562
1029 320.625 194.743 291.562
1030 311.721 253.26 291.562
1031 306.201 258.936 291.562
1032 297.782 263.272 291.562
1033 287.48 265.973 291.562
1034 276.267 266.795 291.562
1035 265.029 265.573 291.562
1036 205.046 267.694 291.562
1037 155.115 269.092 291.562
1038 111.666 269.978 291.562
1039 72.383 270.507 291.562
1040 35.602 270.784 291.562
1041 0 270.87 291.562
1042 -35.602 270.784 291.562
1043 -72.383 270.507 291.562
1044 -111.666 269.978 291.562
1045 -155.115 269.092 291.562
1046 -205.046 267.694 291.562
1047 -265.029 265.573 291.562
1048 -276.267 266.795 291.562
1049 -287.48 265.973 291.562
1050 -297.782 263.272 291.562
1051 -306.201 258.936 291.562
1052 -311.721 253.26 291.562
1053 -320.625 194.743 291.562
1054 -326.556 141.688 291.562
1055 -323.583 90.571 291.562
1056 -317.1 43.541 291.562
1057 -312.471 0 291.562
1058 -317.1 -43.541 291.562
1059 -323.583 -90.571 291.562
1060 -326.556 -141.688 291.562
1061 -320.625 -194.743 291.562
1062 -311.721 -253.26 291.562
1063 -306.201 -258.936 291.562
1064 -297.782 -263.272 291.562
1065 -287.48 -265.973 291.562
1066 -276.267 -266.795 291.562
1067 -265.029 -265.573 291.562
1068 -205.046 -267.694 291.562
1069 -155.115 -269.092 291.562
1070 -111.666 -269.978 291.562
1071 -72.383 -270.507 291.562
1072 -35.602 -270.784 291.562
1073 0 -270.87 291.562
1074 35.602 -270.784 291.562
1075 72.383 -270.507 291.562
1076 111.666 -269.978 291.562
1077 155.115 -269.092 291.562
1078 205.046 -267.694 291.562
1079 265.029 -265.573 291.562
1080 276.267 -266.795 291.562
1081 287.48 -265.973 291.562
1082 297.782 -263.272 291.562
1083 306.201 -258.936 291.562
1084 311.721 -253.26 291.562
1085 320.625 -194.743 291.562
1086 326.556 -141.688 291.562
1087 323.583 -90.571 291.562
1088 317.1 -43.541 291.562
1089 364.916 0 310.167
1090 368.915 50.656 310.167
1091 374.676 104.872 310.167
1092 377.677 163.869 310.167
1093 373.368 226.778 310.167
1094 366.73 297.952 310.167
1095 361.697 305.865 310.167
1096 353.249 312.311 310.167
1097 342.378 316.764 310.167
1098 330.121 318.803 310.167
1099 317.5 318.152 310.167
1100 244.342 318.996 310.167
1101 184.103 319.38 310.167
1102 132.147 319.494 310.167
1103 85.48699999999999 319.48 310.167
1104 41.999 319.434 310.167
1105 0 319.413 310.167
1106 -41.999 319.434 310.167
1107 -85.48699999999999 319.48 310.167
1108 -132.147 319.494 310.167
1109 -184.103 319.38 310.167
1110 -244.342 318.996 310.167
1111 -317.5 318.152 310.167
1112 -330.121 318.803 310.167
1113 -342.378 316.764 310.167
1114 -353.249 312.311 310.167
1115 -361.697 305.865 310.167
1116 -366.73 297.952 310.167
1117 -373.368 226.778 310.167
1118 -377.677 163.869 310.167
1119 -374.676 104.872 310.167
1120 -368.915 50.656 310.167
1121 -364.916 0 310.167
1122 -368.915 -50.656 310.167
1123 -374.676 -104.872 310.167
1124 -377.677 -163.869 310.167
1125 -373.368 -226.778 310.167
1126 -366.73 -297.952 310.167
1127 -361.697 -305.865 310.167
1128 -353.249 -312.311 310.167
1129 -342.378 -316.764 310.167
1130 -330.121 -318.803 310.167
1131 -317.5 -318.152 310.167
1132 -244.342 -318.996 310.167
1133 -184.103 -319.38 310.167
1134 -132.147 -319.494 310.167
1135 -85.48699999999999 -319.48 310.167
1136 -41.999 -319.434 310.167
1137 0 -319.413 310.167
1138 41.999 -319.434 310.167
1139 85.48699999999999 -319.48 310.167
1140 132.147 -319.494 310.167
1141 184.103 -319.38 310.167
1142 244.342 -318.996 310.167
1143 317.5 -318.152 310.167
1144 330.121 -318.803 310.167
1145 342.378 -316.764 310.167
1146 353.249 -312.311 310.167
1147 361.697 -305.865 310.167
1148 366.73 -297.952 310.167
1149 373.368 -226.778 310.167
1150 377.677 -163.869 310.167
1151 374.676 -104.872 310.167
1152 368.915 -50.656 310.167
1153 416.458 0 325.783
1154 419.745 57.636 325.783
1155 424.646 118.858 325.783
1156 427.559 185.512 325.783
1157 424.86 258.054 325.783
1158 420.494 341.633 325.783
1159 415.999 351.786 325.783
1160 407.595 360.359 325.783
1161 396.239 366.595 325.783
1162 383.023 369.891 325.783
1163 369.102 369.86 325.783
1164 283.052 369.534 325.783
1165 212.705 368.998 325.783
1166 152.383 368.42 325.783
1167 98.45 367.922 325.783
1168 48.33 367.59 325.783
1169 0 367.474 325.783
1170 -48.33 367.59 325.783
1171 -98.45 367.922 325.783
1172 -152.383 368.42 325.783
1173 -212.705 368.998 325.783
1174 -283.052 369.534 325.783
1175 -369.102 369.86 325.783
1176 -383.023 369.891 325.783
1177 -396.239 366.595 325.783
1178 -407.595 360.359 325.783
1179 -415.999 351.786 325.783
1180 -420.494 341.633 325.783
1181 -424.86 258.054 325.783
1182 -427.559 185.512 325.783
1183 -424.646 118.858 325.783
1184 -419.745 57.636 325.783
1185 -416.458 0 325.783
1186 -419.745 -57.636 325.783
1187 -424.646 -118.858 325.783
1188 -427.559 -185.512 325.783
1189 -424.86 -258.054 325.783
1190 -420.494 -341.633 325.783
1191 -415.999 -351.786 325.783
1192 -407.595 -360.359 325.783
1193 -396.239 -366.595 325.783
1194 -383.023 -369.891 325.783
1195 -369.102 -369.86 325.783
1196 -283.052 -369.534 325.783
1197 -212.705 -368.998 325.783
1198 -152.383 -368.42 325.783
1199 -98.45 -367.922 325.783
1200 -48.33 -367.59 325.783
1201 0 -367.474 325.783
1202 48.33 -367.59 325.783
1203 98.45 -367.922 325.783
1204 152.383 -368.42 325.783
1205 212.705 -368.998 325.783
1206 283.052 -369.534 325.783
1207 369.102 -369.86 325.783
1208 383.023 -369.891 325.783
1209 396.239 -366.595 325.783
1210 407.595 -360.359 325.783
1211 415.999 -351.786 325.783
1212 420.494 -341.633 325.783
1213 424.86 -258.054 325.783
1214 427.559 -185.512 325.783
1215 424.646 -118.858 325.783
1216 419.745 -57.636 325.783
1217 463.967 0 338.23
1218 466.547 64.062 338.23
1219 470.551 131.707 338.23
1220 473.264 205.343 338.23
1221 471.949 286.655 338.23
1222 469.561 381.498 338.23
1223 465.572 393.706 338.23
1224 457.233 404.244 338.23
1225 445.466 412.14 338.23
1226 431.412 416.621 338.23
1227 416.343 417.198 338.23
1228 318.62 415.969 338.23
1229 239.071 414.738 338.23
1230 171.088 413.642 338.23
1231 110.455 412.788 338.23
1232 54.202 412.248 338.23
1233 0 412.063 338.23
1234 -54.202 412.248 338.23
1235 -110.455 412.788 338.23
1236 -171.088 413.642 338.23
1237 -239.071 414.738 338.23
1238 -318.62 415.969 338.23
1239 -416.343 417.198 338.23
1240 -431.412 416.621 338.23
1241 -445.466 412.14 338.23
1242 -457.233 404.244 338.23
1243 -465.572 393.706 338.23
1244 -469.561 381.498 338.23
1245 -471.949 286.655 338.23
1246 -473.264 205.343 338.23
1247 -470.551 131.707 338.23
1248 -466.547 64.062 338.23
1249 -463.967 0 338.23
1250 -466.547 -64.062 338.23
1251 -470.551 -131.707 338.23
1252 -473.264 -205.343 338.23
1253 -471.949 -286.655 338.23
1254 -469.561 -381.498 338.23
1255 -465.572 -393.706 338.23
1256 -457.233 -404.244 338.23
1257 -445.466 -412.14 338.23
1258 -431.412 -416.621 338.23
1259 -416.343 -417.198 338.23
1260 -318.62 -415.969 338.23
1261 -239.071 -414.738 338.23
1262 -171.088 -413.642 338.23
1263 -110.455 -412.788 338.23
1264 -54.202 -412.248 338.23
1265 0 -412.063 338.23
1266 54.202 -412.248 338.23
1267 110.455 -412.788 338.23
1268 171.088 -413.642 338.23
1269 239.071 -414.738 338.23
1270 318.62 -415.969 338.23
1271 416.343 -417.198 338.23
1272 431.412 -416.621 338.23
1273 445.466 -412.14 338.23
1274 457.233 -404.244 338.23
1275 465.572 -393.706 338.23
1276 469.561 -381.498 338.23
1277 471.949 -286.655 338.23
1278 473.264 -205.343 338.23
1279 470.551 -131.707 338.23
1280 466.547 -64.062 338.23
1281 508.51 0 348.337
1282 510.405 70.084 348.337
1283 513.494 143.727 348.337
1284 515.884 223.836 348.337
1285 515.6660000000001 313.208 348.337
1286 514.879 418.317 348.337
1287 511.332 432.403 348.337
1288 503.046 444.748 348.337
1289 490.906 454.18 348.337
1290 476.098 459.775 348.337
1291 460 460.944 348.337
1292 351.684 459.136 348.337
1293 263.707 457.476 348.337
1294 188.638 456.075 348.337
1295 121.755 455.016 348.337
1296 59.738 454.358 348.337
1297 0 454.135 348.337
1298 -59.738 454.358 348.337
1299 -121.755 455.016 348.337
1300 -188.638 456.075 348.337
1301 -263.707 457.476 348.337
1302 -351.684 459.136 348.337
1303 -460 460.944 348.337
1304 -476.098 459.775 348.337
1305 -490.906 454.18 348.337
1306 -503.046 444.748 348.337
1307 -511.332 432.403 348.337
1308 -514.879 418.317 348.337
1309 -515.6660000000001 313.208 348.337
1310 -515.884 223.836 348.337
1311 -513.494 143.727 348.337
1312 -510.405 70.084 348.337
1313 -508.51 0 348.337
1314 -510.405 -70.084 348.337
1315 -513.494 -143.727 348.337
1316 -515.884 -223.836 348.337
1317 -515.6660000000001 -313.208 348.337
1318 -514.879 -418.317 348.337
1319 -511.332 -432.403 348.337
1320 -503.046 -444.748 348.337
1321 -490.906 -454.18 348.337
1322 -476.098 -459.775 348.337
1323 -460 -460.944 348.337
1324 -351.684 -459.136 348.337
1325 -263.707 -457.476 348.337
1326 -188.638 -456.075 348.337
1327 -121.755 -455.016 348.337
1328 -59.738 -454.358 348.337
1329 0 -454.135 348.337
1330 59.738 -454.358 348.337
1331 121.755 -455.016 348.337
1332 188.638 -456.075 348.337
1333 263.707 -457.476 348.337
1334 351.684 -459.136 348.337
1335 460 -460.944 348.337
1336 476.098 -459.775 348.337
1337 490.906 -454.18 348.337
1338 503.046 -444.748 348.337
1339 511.332 -432.403 348.337
1340 514.879 -418.317 348.337
1341 515.6660000000001 -313.208 348.337
1342 515.884 -223.836 348.337
1343 513.494 -143.727 348.337
1344 510.405 -70.084 348.337
1345 548.063 0 356.014
1346 549.351 75.432 356.014
1347 551.572 154.385 356.014
1348 553.526 240.168 356.014
1349 553.998 336.49 356.014
1350 554.266 450.316 356.014
1351 551.051 465.99 356.014
1352 542.774 479.872 356.014
1353 530.296 490.624 356.014
1354 514.8390000000001 497.188 356.014
1355 497.873 498.895 356.014
1356 380.622 496.915 356.014
1357 285.43 495.161 356.014
1358 204.207 493.714 356.014
1359 131.821 492.637 356.014
1360 64.684 491.974 356.014
1361 0 491.75 356.014
1362 -64.684 491.974 356.014
1363 -131.821 492.637 356.014
1364 -204.207 493.714 356.014
1365 -285.43 495.161 356.014
1366 -380.622 496.915 356.014
1367 -497.873 498.895 356.014
1368 -514.8390000000001 497.188 356.014
1369 -530.296 490.624 356.014
1370 -542.774 479.872 356.014
1371 -551.051 465.99 356.014
1372 -554.266 450.316 356.014
1373 -553.998 336.49 356.014
1374 -553.526 240.168 356.014
1375 -551.572 154.385 356.014
1376 -549.351 75.432 356.014
1377 -548.063 0 356.014
1378 -549.351 -75.432 356.014
1379 -551.572 -154.385 356.014
1380 -553.526 -240.168 356.014
1381 -553.998 -336.49 356.014
1382 -554.266 -450.316 356.014
1383 -551.051 -465.99 356.014
1384 -542.774 -479.872 356.014
1385 -530.296 -490.624 356.014
1386 -514.8390000000001 -497.188 356.014
1387 -497.873 -498.895 356.014
1388 -380.622 -496.915 356.014
1389 -285.43 -495.161 356.014
1390 -204.207 -493.714 356.014
1391 -131.821 -492.637 356.014
1392 -64.684 -491.974 356.014
1393 0 -491.75 356.014
1394 64.684 -491.974 356.014
1395 131.821 -492.637 356.014
1396 204.207 -493.714 356.014
1397 285.43 -495.161 356.014
1398 380.622 -496.915 356.014
1399 497.873 -498.895 356.014
1400 514.8390000000001 -497.188 356.014
1401 530.296 -490.624 356.014
1402 542.774 -479.872 356.014
1403 551.051 -465.99 356.014
1404 554.266 -450.316 356.014
1405 553.998 -336.49 356.014
1406 553.526 -240.168 356.014
1407 551.572 -154.385 356.014
1408 549.351 -75.432 356.014
1409 584.475 0 361.859
1410 585.222 80.358 361.859
1411 586.599 164.189 361.859
1412 587.976 255.115 361.859
1413 588.707 357.572 361.859
1414 589.454 478.905 361.859
1415 586.453 495.928 361.859
1416 578.124 511.125 361.859
1417 565.312 523.02 361.859
1418 549.274 530.443 361.859
1419 531.558 532.649 361.859
1420 406.69 530.948 361.859
1421 305.206 529.4690000000001 361.859
1422 218.497 528.265 361.859
1423 141.117 527.376 361.859
1424 69.267 526.832 361.859
1425 0 526.649 361.859
1426 -69.267 526.832 361.859
1427 -141.117 527.376 361.859
1428 -218.497 528.265 361.859
1429 -305.206 529.4690000000001 361.859
1430 -406.69 530.948 361.859
1431 -531.558 532.649 361.859
1432 -549.274 530.443 361.859
1433 -565.312 523.02 361.859
1434 -578.124 511.125 361.859
1435 -586.453 495.928 361.859
1436 -589.454 478.905 361.859
1437 -588.707 357.572 361.859
1438 -587.976 255.115 361.859
1439 -586.599 164.189 361.859
1440 -585.222 80.358 361.859
1441 -584.475 0 361.859
1442 -585.222 -80.358 361.859
1443 -586.599 -164.189 361.859
1444 -587.976 -255.115 361.859
1445 -588.707 -357.572 361.859
1446 -589.454 -478.905 361.859
1447 -586.453 -495.928 361.859
1448 -578.124 -511.125 361.859
1449 -565.312 -523.02 361.859
1450 -549.274 -530.443 361.859
1451 -531.558 -532.649 361.859
1452 -406.69 -530.948 361.859
1453 -305.206 -529.4690000000001 361.859
1454 -218.497 -528.265 361.859
1455 -141.117 -527.376 361.859
1456 -69.267 -526.832 361.859
1457 0 -526.649 361.859
1458 69.267 -526.832 361.859
1459 141.117 -527.376 361.859
1460 218.497 -528.265 361.859
1461 305.206 -529.4690000000001 361.859
1462 406.69 -530.948 361.859
1463 531.558 -532.649 361.859
1464 549.274 -530.443 361.859
1465 565.312 -523.02 361.859
1466 578.124 -511.125 361.859
1467 586.453 -495.928 361.859
1468 589.454 -478.905 361.859
1469 588.707 -357.572 361.859
1470 587.976 -255.115 361.859
1471 586.599 -164.189 361.859
1472 585.222 -80.358 361.859
1473 615.224 0 365.694
1474 615.5410000000001 84.521 365.694
1475 616.172 172.467 365.694
1476 616.876 267.655 365.694
1477 617.41 375.005 365.694
1478 618.015 502.11 365.694
1479 615.087 520.1420000000001 365.694
1480 606.641 536.337 365.694
1481 593.515 549.1130000000001 365.694
1482 576.997 557.216 365.694
1483 558.697 559.8440000000001 365.694
1484 428.062 558.85 365.694
1485 321.651 557.996 365.694
1486 230.509 557.306 365.694
1487 148.99 556.8 365.694
1488 73.167 556.491 365.694
1489 0 556.3869999999999 365.694
1490 -73.167 556.491 365.694
1491 -148.99 556.8 365.694
1492 -230.509 557.306 365.694
1493 -321.651 557.996 365.694
1494 -428.062 558.85 365.694
1495 -558.697 559.8440000000001 365.694
1496 -576.997 557.216 365.694
1497 -593.515 549.1130000000001 365.694
1498 -606.641 536.337 365.694
1499 -615.087 520.1420000000001 365.694
1500 -618.015 502.11 365.694
1501 -617.41 375.005 365.694
1502 -616.876 267.655 365.694
1503 -616.172 172.467 365.694
1504 -615.5410000000001 84.521 365.694
1505 -615.224 0 365.694
1506 -615.5410000000001 -84.521 365.694
1507 -616.172 -172.467 365.694
1508 -616.876 -267.655 365.694
1509 -617.41 -375.005 365.694
1510 -618.015 -502.11 365.694
1511 -615.087 -520.1420000000001 365.694
1512 -606.641 -536.337 365.694
1513 -593.515 -549.1130000000001 365.694
1514 -576.997 -557.216 365.694
1515 -558.697 -559.8440000000001 365.694
1516 -428.062 -558.85 365.694
1517 -321.651 -557.996 365.694
1518 -230.509 -557.306 365.694
1519 -148.99 -556.8 365.694
1520 -73.167 -556.491 365.694
1521 0 -556.3869999999999 365.694
1522 73.167 -556.491 365.694
1523 148.99 -556.8 365.694
1524 230.509 -557.306 365.694
1525 321.651 -557.996 365.694
1526 428.062 -558.85 365.694
1527 558.697 -559.8440000000001 365.694
1528 576.997 -557.216 365.694
1529 593.515 -549.1130000000001 365.694
1530 606.641 -536.337 365.694
1531 615.087 -520.1420000000001 365.694
1532 618.015 -502.11 365.694
1533 617.41 -375.005 365.694
1534 616.876 -267.655 365.694
1535 616.172 -172.467 365.694
1536 615.5410000000001 -84.521 365.694
1537 640.111 0 367.919
1538 640.111 87.89400000000001 367.919
1539 640.111 179.167 367.919
1540 640.111 277.736 367.919
1541 640.111 388.794 367.919
1542 640.111 520.062 367.919
1543 637.144 538.794 367.919
1544 628.533 555.693 367.919
1545 615.123 569.104 367.919
1546 598.224 577.7140000000001 367.919
1547 579.491 580.681 367.919
1548 444.784 580.681 367.919
1549 334.727 580.681 367.919
1550 240.177 580.681 367.919
1551 155.38 580.681 367.919
1552 76.34699999999999 580.681 367.919
1553 0 580.681 367.919
1554 -76.34699999999999 580.681 367.919
1555 -155.38 580.681 367.919
1556 -240.177 580.681 367.919
1557 -334.727 580.681 367.919
1558 -444.784 580.681 367.919
1559 -579.491 580.681 367.919
1560 -598.224 577.7140000000001 367.919
1561 -615.123 569.104 367.919
1562 -628.533 555.693 367.919
1563 -637.144 538.794 367.919
1564 -640.111 520.062 367.919
1565 -640.111 388.794 367.919
1566 -640.111 277.736 367.919
1567 -640.111 179.167 367.919
1568 -640.111 87.89400000000001 367.919
1569 -640.111 0 367.919
1570 -640.111 -87.89400000000001 367.919
1571 -640.111 -179.167 367.919
1572 -640.111 -277.736 367.919
1573 -640.111 -388.794 367.919
1574 -640.111 -520.062 367.919
1575 -637.144 -538.794 367.919
1576 -628.533 -555.693 367.919
1577 -615.123 -569.104 367.919
1578 -598.224 -577.7140000000001 367.919
1579 -579.491 -580.681 367.919
1580 -444.784 -580.681 367.919
1581 -334.727 -580.681 367.919
1582 -240.177 -580.681 367.919
1583 -155.38 -580.681 367.919
1584 -76.34699999999999 -580.681 367.919
1585 0 -580.681 367.919
1586 76.34699999999999 -580.681 367.919
1587 155.38 -580.681 367.919
1588 240.177 -580.681 367.919
1589 334.727 -580.681 367.919
1590 444.784 -580.681 367.919
1591 579.491 -580.681 367.919
1592 598.224 -577.7140000000001 367.919
1593 615.123 -569.104 367.919
1594 628.533 -555.693 367.919
1595 637.144 -538.794 367.919
1596 640.111 -520.062 367.919
1597 640.111 -388.794 367.919
1598 640.111 -277.736 367.919
1599 640.111 -179.167 367.919
1600 640.111 -87.89400000000001 367.919
1601 161.013499999963 97.79749999997753 205.0584999999707
1602 148.2999999999602 120.4874999999677 205.0584999999682
1603 142.5809999999587 120.5724999999651 205.0584999999667
1604 135.527499999965 119.820999999969 205.0584999999711
1605 128.0454999999587 118.4664999999617 205.0584999999649
1606 120.8169999999618 116.6754999999631 205.0584999999664
1607 114.2979999999676 114.5329999999675 205.0584999999704
1608 -114.2979999999676 114.5329999999675 205.0584999999704
1609 -120.8169999999618 116.6754999999631 205.0584999999664
1610 -128.0454999999587 118.4664999999617 205.0584999999649
1611 -135.527499999965 119.820999999969 205.0584999999711
1612 -142.5809999999587 120.5724999999651 205.0584999999667
1613 -148.2999999999602 120.4874999999677 205.0584999999682
1614 -161.013499999963 97.79749999997753 205.0584999999707
1615 -161.013499999963 -97.79749999997753 205.0584999999707
1616 -148.2999999999602 -120.4874999999677 205.0584999999682
1617 -142.5809999999587 -120.5724999999651 205.0584999999667
1618 -135.527499999965 -119.820999999969 205.0584999999711
1619 -128.0454999999587 -118.4664999999617 205.0584999999649
1620 -120.8169999999618 -116.6754999999631 205.0584999999664
1621 -114.2979999999676 -114.5329999999675 205.0584999999704
1622 114.2979999999676 -114.5329999999675 205.0584999999704
1623 120.8169999999618 -116.6754999999631 205.0584999999664
1624 128.0454999999587 -118.4664999999617 205.0584999999649
1625 135.527499999965 -119.820999999969 205.0584999999711
1626 142.5809999999587 -120.5724999999651 205.0584999999667
1627 148.2999999999602 -120.4874999999677 205.0584999999682
1628 161.013499999963 -97.79749999997753 205.0584999999707
1629 206.3189999999479 57.74849999998541 232.5889999999667
1630 208.790499999948 90.59149999997744 232.588999999967
1631 200.1834999999452 121.5889999999667 232.5889999999656
1632 187.6334999999605 152.4444999999679 232.5889999999756
1633 181.6659999999637 153.6239999999693 232.5889999999775
1634 173.98549999994 153.821999999947 232.5889999999624
1635 165.5664999999406 153.1804999999451 232.5889999999619
1636 157.1824999999447 151.7939999999466 232.5889999999635
1637 149.3974999999525 149.7044999999524 232.5889999999677
1638 118.2024999999567 154.3179999999434 232.5889999999609
1639 90.92849999996974 157.7414999999475 232.5889999999632
1640 -90.92849999996974 157.7414999999475 232.5889999999632
1641 -118.2024999999567 154.3179999999434 232.5889999999609
1642 -149.3974999999525 149.7044999999524 232.5889999999677
1643 -157.1824999999447 151.7939999999466 232.5889999999635
1644 -165.5664999999406 153.1804999999451 232.5889999999619
1645 -173.98549999994 153.821999999947 232.5889999999624
1646 -181.6659999999637 153.6239999999693 232.5889999999775
1647 -187.6334999999605 152.4444999999679 232.5889999999756
1648 -200.1834999999452 121.5889999999667 232.5889999999656
1649 -208.790499999948 90.59149999997744 232.588999999967
1650 -206.3189999999479 57.74849999998541 232.5889999999667
1651 -206.3189999999479 -57.74849999998541 232.5889999999667
1652 -208.790499999948 -90.59149999997744 232.588999999967
1653 -200.1834999999452 -121.5889999999667 232.5889999999656
1654 -187.6334999999605 -152.4444999999679 232.5889999999756
1655 -181.6659999999637 -153.6239999999693 232.5889999999775
1656 -173.98549999994 -153.821999999947 232.5889999999624
1657 -165.5664999999406 -153.1804999999451 232.5889999999619
1658 -157.1824999999447 -151.7939999999466 232.5889999999635
1659 -149.3974999999525 -149.7044999999524 232.5889999999677
1660 -118.2024999999567 -154.3179999999434 232.5889999999609
1661 -90.92849999996974 -157.7414999999475 232.5889999999632
1662 90.92849999996974 -157.7414999999475 232.5889999999632
1663 118.2024999999567 -154.3179999999434 232.5889999999609
1664 149.3974999999525 -149.7044999999524 232.5889999999677
1665 157.1824999999447 -151.7939999999466 232.5889999999635
1666 165.5664999999406 -153.1804999999451 232.5889999999619
1667 173.98549999994 -153.821999999947 232.5889999999624
1668 181.6659999999637 -153.6239999999693 232.5889999999775
1669 187.6334999999605 -152.4444999999679 232.5889999999756
1670 200.1834999999452 -121.5889999999667 232.5889999999656
1671 208.790499999948 -90.59149999997744 232.588999999967
1672 206.3189999999479 -57.74849999998541 232.5889999999667
1673 238.5159999999184 0 258.1634999999581
1674 243.7289999999448 33.46699999999242 258.1634999999715
1675 250.8029999999493 70.19949999998582 258.1634999999737
1676 253.5339999999628 110.0049999999839 258.1634999999808
1677 245.6824999999331 149.2239999999594 258.1634999999662
1678 234.1374999999638 190.2264999999706 258.1634999999823
1679 228.1904999999345 192.9669999999446 258.163499999968
1680 220.0844999999309 194.5784999999389 258.163499999966
1681 210.8294999999372 195.0569999999419 258.1634999999686
1682 201.2854999999339 194.3844999999361 258.1634999999661
1683 192.1384999999352 192.532999999935 258.1634999999658
1684 150.3924999999511 196.3429999999361 258.1634999999656
1685 114.7709999999663 199.1034999999416 258.1634999999679
1686 83.15249999997512 201.0389999999398 258.1634999999666
1687 54.13549999998328 202.3124999999375 258.1634999999649
1688 -54.13549999998328 202.3124999999375 258.1634999999649
1689 -83.15249999997512 201.0389999999398 258.1634999999666
1690 -114.7709999999663 199.1034999999416 258.1634999999679
1691 -150.3924999999511 196.3429999999361 258.1634999999656
1692 -192.1384999999352 192.532999999935 258.1634999999658
1693 -201.2854999999339 194.3844999999361 258.1634999999661
1694 -210.8294999999372 195.0569999999419 258.1634999999686
1695 -220.0844999999309 194.5784999999389 258.163499999966
1696 -228.1904999999345 192.9669999999446 258.163499999968
1697 -234.1374999999638 190.2264999999706 258.1634999999823
1698 -245.6824999999331 149.2239999999594 258.1634999999662
1699 -253.5339999999628 110.0049999999839 258.1634999999808
1700 -250.8029999999493 70.19949999998582 258.1634999999737
1701 -243.7289999999448 33.46699999999242 258.1634999999715
1702 -238.5159999999184 0 258.1634999999581
1703 -243.7289999999448 -33.46699999999242 258.1634999999715
1704 -250.8029999999493 -70.19949999998582 258.1634999999737
1705 -253.5339999999628 -110.0049999999839 258.1634999999808
1706 -245.6824999999331 -149.2239999999594 258.1634999999662
1707 -234.1374999999638 -190.2264999999706 258.1634999999823
1708 -228.1904999999345 -192.9669999999446 258.163499999968
1709 -220.0844999999309 -194.5784999999389 258.163499999966
1710 -210.8294999999372 -195.0569999999419 258.1634999999686
1711 -201.2854999999339 -194.3844999999361 258.1634999999661
1712 -192.1384999999352 -192.532999999935 258.1634999999658
1713 -150.3924999999511 -196.3429999999361 258.1634999999656
1714 -114.7709999999663 -199.1034999999416 258.1634999999679
1715 -83.15249999997512 -201.0389999999398 258.1634999999666
1716 -54.13549999998328 -202.3124999999375 258.1634999999649
1717 54.13549999998328 -202.3124999999375 258.1634999999649
1718 83.15249999997512 -201.0389999999398 258.1634999999666
1719 114.7709999999663 -199.1034999999416 258.1634999999679
1720 150.3924999999511 -196.3429999999361 258.1634999999656
1721 192.1384999999352 -192.532999999935 258.1634999999658
1722 201.2854999999339 -194.3844999999361 258.1634999999661
1723 210.8294999999372 -195.0569999999419 258.1634999999686
1724 220.0844999999309 -194.5784999999389 258.163499999966
1725 228.1904999999345 -192.9669999999446 258.163499999968
1726 234.1374999999638 -190.2264999999706 258.1634999999823
1727 245.6824999999331 -149.2239999999594 258.1634999999662
1728 253.5339999999628 -110.0049999999839 258.1634999999808
1729 250.8029999999493 -70.19949999998582 258.1634999999737
1730 243.7289999999448 -33.46699999999242 258.1634999999715
1731 287.4104999999464 0 280.9849999999774
1732 292.2704999999095 40.13199999998757 280.9849999999615
1733 298.9984999999209 83.68949999997787 280.984999999966
1734 301.9064999999126 130.9929999999621 280.9849999999626
1735 295.274999999872 179.3454999999223 280.9849999999466
1736 285.4024999999289 231.8769999999422 280.9849999999714
1737 279.706999999922 236.531499999934 280.9849999999689
1738 271.3629999999126 239.9144999999227 280.984999999965
1739 261.3884999999274 241.8334999999329 280.9849999999706
1740 250.720499999924 242.1244999999266 280.9849999999685
1741 240.1769999999481 240.669999999948 280.9849999999779
1742 186.4274999999578 243.387499999945 280.9849999999761
1743 141.3799999999527 245.2644999999179 280.9849999999636
1744 101.9629999999718 246.5184999999318 280.9849999999693
1745 66.17549999998121 247.3074999999298 280.984999999968
1746 32.57249999999055 247.7399999999282 280.984999999967
1747 0 247.8779999999327 280.9849999999691
1748 -32.57249999999055 247.7399999999282 280.984999999967
1749 -66.17549999998121 247.3074999999298 280.984999999968
1750 -101.9629999999718 246.5184999999318 280.9849999999693
1751 -141.3799999999527 245.2644999999179 280.9849999999636
1752 -186.4274999999578 243.387499999945 280.9849999999761
1753 -240.1769999999481 240.669999999948 280.9849999999779
1754 -250.720499999924 242.1244999999266 280.9849999999685
1755 -261.3884999999274 241.8334999999329 280.9849999999706
1756 -271.3629999999126 239.9144999999227 280.984999999965
1757 -279.706999999922 236.531499999934 280.9849999999689
1758 -285.4024999999289 231.8769999999422 280.9849999999714
1759 -295.274999999872 179.3454999999223 280.9849999999466
1760 -301.9064999999126 130.9929999999621 280.9849999999626
1761 -298.9984999999209 83.68949999997787 280.984999999966
1762 -292.2704999999095 40.13199999998757 280.9849999999615
1763 -287.4104999999464 0 280.9849999999774
1764 -292.2704999999095 -40.13199999998757 280.9849999999615
1765 -298.9984999999209 -83.68949999997787 280.984999999966
1766 -301.9064999999126 -130.9929999999621 280.9849999999626
1767 -295.274999999872 -179.3454999999223 280.9849999999466
1768 -285.4024999999289 -231.8769999999422 280.9849999999714
1769 -279.706999999922 -236.531499999934 280.9849999999689
1770 -271.3629999999126 -239.9144999999227 280.984999999965
1771 -261.3884999999274 -241.8334999999329 280.9849999999706
1772 -250.720499999924 -242.1244999999266 280.9849999999685
1773 -240.1769999999481 -240.669999999948 280.9849999999779
1774 -186.4274999999578 -243.387499999945 280.9849999999761
1775 -141.3799999999527 -245.2644999999179 280.9849999999636
1776 -101.9629999999718 -246.5184999999318 280.9849999999693
1777 -66.17549999998121 -247.3074999999298 280.984999999968
1778 -32.57249999999055 -247.7399999999282 280.984999999967
1779 0 -247.8779999999327 280.9849999999691
1780 32.57249999999055 -247.7399999999282 280.984999999967
1781 66.17549999998121 -247.3074999999298 280.984999999968
1782 101.9629999999718 -246.5184999999318 280.9849999999693
1783 141.3799999999527 -245.2644999999179 280.9849999999636
1784 186.4274999999578 -243.387499999945 280.9849999999761
1785 240.1769999999481 -240.669999999948 280.9849999999779
1786 250.720499999924 -242.1244999999266 280.9849999999685
1787 261.3884999999274 -241.8334999999329 280.9849999999706
1788 271.3629999999126 -239.9144999999227 280.984999999965
1789 279.706999999922 -236.531499999934 280.9849999999689
1790 285.4024999999289 -231.8769999999422 280.9849999999714
1791 295.274999999872 -179.3454999999223 280.9849999999466
1792 301.9064999999126 -130.9929999999621 280.9849999999626
1793 298.9984999999209 -83.68949999997787 280.984999999966
1794 292.2704999999095 -40.13199999998757 280.9849999999615
1795 338.6934999999409 0 300.864499999979
1796 343.007499999931 47.09849999999052 300.8644999999752
1797 349.1294999999392 97.72149999998298 300.8644999999779
1798 325.0694999999958 116.1294999999281 291.562
1799 352.1164999999189 152.7784999999648 300.8644999999705
1800 323.5905000000068 168.2154999999385 291.562
1801 346.9964999999448 210.7604999999664 300.8644999999805
1802 316.1730000000118 224.0014999999224 291.562
1803 339.2254999999695 275.6059999999752 300.8644999999897
1804 333.9489999999266 282.4004999999379 300.8644999999754
1805 325.5154999999851 287.7914999999869 300.864499999995
1806 314.9289999999185 291.3684999999246 300.8644999999723
1807 303.193999999952 292.7989999999537 300.8644999999834
1808 291.2644999999374 291.8624999999372 300.8644999999778
1809 235.037500000072 266.6334999999975 291.562
1810 224.6939999999509 293.3449999999359 300.8644999999768
1811 169.6089999999651 294.2359999999394 300.8644999999776
1812 121.906499999996 294.7359999999904 300.8644999999964
1813 78.93499999998647 294.9934999999494 300.8644999999808
1814 38.80049999999105 295.108999999932 300.864499999974
1815 0 295.1414999999613 300.8644999999852
1816 -38.80049999999105 295.108999999932 300.864499999974
1817 -78.93499999998647 294.9934999999494 300.8644999999808
1818 -121.906499999996 294.7359999999904 300.8644999999964
1819 -169.6089999999651 294.2359999999394 300.8644999999776
1820 -224.6939999999509 293.3449999999359 300.8644999999768
1821 -235.0374999999224 266.6335000000028 291.562
1822 -291.2644999999374 291.8624999999372 300.8644999999778
1823 -303.193999999952 292.7989999999537 300.8644999999834
1824 -314.9289999999185 291.3684999999246 300.8644999999723
1825 -325.5154999999851 287.7914999999869 300.864499999995
1826 -333.9489999999266 282.4004999999379 300.8644999999754
1827 -339.2254999999695 275.6059999999752 300.8644999999897
1828 -316.1729999999882 224.0015000000776 291.562
1829 -346.9964999999448 210.7604999999664 300.8644999999805
1830 -323.5904999999931 168.2155000000615 291.562
1831 -352.1164999999189 152.7784999999648 300.8644999999705
1832 -325.0695000000042 116.1295000000719 291.562
1833 -349.1294999999392 97.72149999998298 300.8644999999779
1834 -343.007499999931 47.09849999999052 300.8644999999752
1835 -338.6934999999409 0 300.864499999979
1836 -343.007499999931 -47.09849999999052 300.8644999999752
1837 -349.1294999999392 -97.72149999998298 300.8644999999779
1838 -325.0694999999958 -116.1294999999281 291.562
1839 -352.1164999999189 -152.7784999999648 300.8644999999705
1840 -323.5905000000068 -168.2154999999385 291.562
1841 -346.9964999999448 -210.7604999999664 300.8644999999805
1842 -316.1730000000118 -224.0014999999224 291.562
1843 -339.2254999999695 -275.6059999999752 300.8644999999897
1844 -333.9489999999266 -282.4004999999379 300.8644999999754
1845 -325.5154999999851 -287.7914999999869 300.864499999995
1846 -314.9289999999185 -291.3684999999246 300.8644999999723
1847 -303.193999999952 -292.7989999999537 300.8644999999834
1848 -291.2644999999374 -291.8624999999372 300.8644999999778
1849 -235.037500000072 -266.6334999999975 291.562
1850 -224.6939999999509 -293.3449999999359 300.8644999999768
1851 -169.6089999999651 -294.2359999999394 300.8644999999776
1852 -121.906499999996 -294.7359999999904 300.8644999999964
1853 -78.93499999998647 -294.9934999999494 300.8644999999808
1854 -38.80049999999105 -295.108999999932 300.864499999974
1855 0 -295.1414999999613 300.8644999999852
1856 38.80049999999105 -295.108999999932 300.864499999974
1857 78.93499999998647 -294.9934999999494 300.8644999999808
1858 121.906499999996 -294.7359999999904 300.8644999999964
1859 169.6089999999651 -294.2359999999394 300.8644999999776
1860 224.6939999999509 -293.3449999999359 300.8644999999768
1861 235.0374999999224 -266.6335000000028 291.562
1862 291.2644999999374 -291.8624999999372 300.8644999999778
1863 303.193999999952 -292.7989999999537 300.8644999999834
1864 314.9289999999185 -291.3684999999246 300.8644999999723
1865 325.5154999999851 -287.7914999999869 300.864499999995
1866 333.9489999999266 -282.4004999999379 300.8644999999754
1867 339.2254999999695 -275.6059999999752 300.8644999999897
1868 316.1729999999882 -224.0015000000776 291.562
1869 346.9964999999448 -210.7604999999664 300.8644999999805
1870 323.5904999999931 -168.2155000000615 291.562
1871 352.1164999999189 -152.7784999999648 300.8644999999705
1872 325.0695000000042 -116.1295000000719 291.562
1873 349.1294999999392 -97.72149999998298 300.8644999999779
1874 343.007499999931 -47.09849999999052 300.8644999999752
1875 390.6869999999359 0 317.9749999999806
1876 366.9154999999947 25.32799999993219 310.167
1877 394.3299999999462 54.14599999999261 317.9749999999835
1878 371.7954999999923 77.76399999992729 310.167
1879 399.6609999999446 111.8649999999845 317.9749999999827
1880 376.1764999999963 134.3704999999275 310.167
1881 402.6179999999275 174.6904999999686 317.9749999999773
1882 375.5225000000057 195.3234999999164 310.167
1883 399.1139999999389 242.4159999999629 317.9749999999815
1884 370.0490000000114 262.3649999998779 310.167
1885 393.61199999996 319.7924999999675 317.9749999999884
1886 388.8479999999465 328.8254999999547 317.9749999999846
1887 380.4219999999145 336.3349999999244 317.9749999999754
1888 369.3084999999371 341.6794999999419 317.9749999999818
1889 356.5719999999281 344.3469999999306 317.9749999999788
1890 343.3009999999294 344.0059999999293 317.9749999999786
1891 280.9210000000167 318.5739999999998 310.167
1892 263.6969999999519 344.2649999999371 317.9749999999806
1893 214.2225000000777 319.1879999999995 310.167
1894 198.4039999999557 344.1889999999231 317.9749999999758
1895 158.1250000000722 319.4369999999998 310.167
1896 142.264999999975 343.9569999999395 317.9749999999807
1897 91.9684999999884 343.7009999999567 317.974999999986
1898 45.16449999999035 343.5119999999266 317.9749999999762
1899 0 343.4434999999666 317.9749999999892
1900 -45.16449999999035 343.5119999999266 317.9749999999762
1901 -91.9684999999884 343.7009999999567 317.974999999986
1902 -142.264999999975 343.9569999999395 317.9749999999807
1903 -158.1249999999278 319.4370000000002 310.167
1904 -198.4039999999557 344.1889999999231 317.9749999999758
1905 -214.2224999999112 319.1880000000006 310.167
1906 -263.6969999999519 344.2649999999371 317.9749999999806
1907 -280.9209999998501 318.5740000000017 310.167
1908 -343.3009999999294 344.0059999999293 317.9749999999786
1909 -356.5719999999281 344.3469999999306 317.9749999999788
1910 -369.3084999999371 341.6794999999419 317.9749999999818
1911 -380.4219999999145 336.3349999999244 317.9749999999754
1912 -388.8479999999465 328.8254999999547 317.9749999999846
1913 -393.61199999996 319.7924999999675 317.9749999999884
1914 -370.0489999999932 262.3650000000725 310.167
1915 -399.1139999999389 242.4159999999629 317.9749999999815
1916 -375.5224999999944 195.3235000000829 310.167
1917 -402.6179999999275 174.6904999999686 317.9749999999773
1918 -376.176500000004 134.3705000000775 310.167
1919 -399.6609999999446 111.8649999999845 317.9749999999827
1920 -371.7955000000076 77.76400000007135 310.167
1921 -394.3299999999462 54.14599999999261 317.9749999999835
1922 -366.915500000005 25.32800000006345 310.167
1923 -390.6869999999359 0 317.9749999999806
1924 -366.9154999999947 -25.32799999993219 310.167
1925 -394.3299999999462 -54.14599999999261 317.9749999999835
1926 -371.7954999999923 -77.76399999992729 310.167
1927 -399.6609999999446 -111.8649999999845 317.9749999999827
1928 -376.1764999999963 -134.3704999999275 310.167
1929 -402.6179999999275 -174.6904999999686 317.9749999999773
1930 -375.5225000000057 -195.3234999999164 310.167
1931 -399.1139999999389 -242.4159999999629 317.9749999999815
1932 -370.0490000000114 -262.3649999998779 310.167
1933 -393.61199999996 -319.7924999999675 317.9749999999884
1934 -388.8479999999465 -328.8254999999547 317.9749999999846
1935 -380.4219999999145 -336.3349999999244 317.9749999999754
1936 -369.3084999999371 -341.6794999999419 317.9749999999818
1937 -356.5719999999281 -344.3469999999306 317.9749999999788
1938 -343.3009999999294 -344.0059999999293 317.9749999999786
1939 -280.9210000000167 -318.5739999999998 310.167
1940 -263.6969999999519 -344.2649999999371 317.9749999999806
1941 -214.2225000000777 -319.1879999999995 310.167
1942 -198.4039999999557 -344.1889999999231 317.9749999999758
1943 -158.1250000000722 -319.4369999999998 310.167
1944 -142.264999999975 -343.9569999999395 317.9749999999807
1945 -91.9684999999884 -343.7009999999567 317.974999999986
1946 -45.16449999999035 -343.5119999999266 317.9749999999762
1947 0 -343.4434999999666 317.9749999999892
1948 45.16449999999035 -343.5119999999266 317.9749999999762
1949 91.9684999999884 -343.7009999999567 317.974999999986
1950 142.264999999975 -343.9569999999395 317.9749999999807
1951 158.1249999999278 -319.4370000000002 310.167
1952 198.4039999999557 -344.1889999999231 317.9749999999758
1953 214.2224999999112 -319.1880000000006 310.167
1954 263.6969999999519 -344.2649999999371 317.9749999999806
1955 280.9209999998501 -318.5740000000017 310.167
1956 343.3009999999294 -344.0059999999293 317.9749999999786
1957 356.5719999999281 -344.3469999999306 317.9749999999788
1958 369.3084999999371 -341.6794999999419 317.9749999999818
1959 380.4219999999145 -336.3349999999244 317.9749999999754
1960 388.8479999999465 -328.8254999999547 317.9749999999846
1961 393.61199999996 -319.7924999999675 317.9749999999884
1962 370.0489999999932 -262.3650000000725 310.167
1963 399.1139999999389 -242.4159999999629 317.9749999999815
1964 375.5224999999944 -195.3235000000829 310.167
1965 402.6179999999275 -174.6904999999686 317.9749999999773
1966 376.176500000004 -134.3705000000775 310.167
1967 399.6609999999446 -111.8649999999845 317.9749999999827
1968 371.7955000000076 -77.76400000007135 310.167
1969 394.3299999999462 -54.14599999999261 317.9749999999835
1970 366.915500000005 -25.32800000006345 310.167
1971 418.1014999999957 28.81799999992464 325.783
1972 422.1954999999941 88.24699999992548 325.783
1973 426.1024999999948 152.1849999998808 325.783
1974 450.411499999946 195.4274999999766 332.0064999999853
1975 426.2095000000037 221.7829999999002 325.783
1976 448.4044999999407 272.3544999999639 332.0064999999843
1977 422.6770000000035 299.8434999999336 325.783
1978 445.0274999999231 361.5654999999375 332.0064999999805
1979 440.7854999999283 372.7459999999394 332.006499999982
1980 432.4139999999024 382.3014999999137 332.0064999999756
1981 420.8524999999536 389.367499999957 332.0064999999883
1982 407.2174999999495 393.2559999999513 332.006499999987
1983 392.7224999999289 393.5289999999288 332.0064999999813
1984 326.0770000001331 369.6970000000005 325.783
1985 300.8359999999379 392.751499999919 332.0064999999783
1986 247.8785000000888 369.2660000000006 325.783
1987 225.8879999999669 391.8679999999426 332.0064999999844
1988 182.5440000000833 368.7090000000008 325.783
1989 125.4165000000666 368.1710000000006 325.783
1990 -125.4164999999362 368.1709999999994 325.783
1991 -182.5439999999168 368.7089999999992 325.783
1992 -225.8879999999669 391.8679999999426 332.0064999999844
1993 -247.8784999999168 369.2659999999993 325.783
1994 -300.8359999999379 392.751499999919 332.0064999999783
1995 -326.0769999998669 369.6969999999995 325.783
1996 -392.7224999999289 393.5289999999288 332.0064999999813
1997 -407.2174999999495 393.2559999999513 332.006499999987
1998 -420.8524999999536 389.367499999957 332.0064999999883
1999 -432.4139999999024 382.3014999999137 332.0064999999756
2000 -440.7854999999283 372.7459999999394 332.006499999982
2001 -445.0274999999231 361.5654999999375 332.0064999999805
2002 -422.6769999999919 299.843500000155 325.783
2003 -448.4044999999407 272.3544999999639 332.0064999999843
2004 -426.2094999999963 221.7830000001002 325.783
2005 -450.411499999946 195.4274999999766 332.0064999999853
2006 -426.1025000000053 152.1850000001191 325.783
2007 -422.1955000000071 88.24700000008831 325.783
2008 -418.1015000000043 28.81800000007536 325.783
2009 -418.1014999999957 -28.81799999992464 325.783
2010 -422.1954999999941 -88.24699999992548 325.783
2011 -426.1024999999948 -152.1849999998808 325.783
2012 -450.411499999946 -195.4274999999766 332.0064999999853
2013 -426.2095000000037 -221.7829999999002 325.783
2014 -448.4044999999407 -272.3544999999639 332.0064999999843
2015 -422.6770000000035 -299.8434999999336 325.783
2016 -445.0274999999231 -361.5654999999375 332.0064999999805
2017 -440.7854999999283 -372.7459999999394 332.006499999982
2018 -432.4139999999024 -382.3014999999137 332.0064999999756
2019 -420.8524999999536 -389.367499999957 332.0064999999883
2020 -407.2174999999495 -393.2559999999513 332.006499999987
2021 -392.7224999999289 -393.5289999999288 332.0064999999813
2022 -326.0770000001331 -369.6970000000005 325.783
2023 -300.8359999999379 -392.751499999919 332.0064999999783
2024 -247.8785000000888 -369.2660000000006 325.783
2025 -225.8879999999669 -391.8679999999426 332.0064999999844
2026 -182.5440000000833 -368.7090000000008 325.783
2027 -125.4165000000666 -368.1710000000006 325.783
2028 125.4164999999362 -368.1709999999994 325.783
2029 182.5439999999168 -368.7089999999992 325.783
2030 225.8879999999669 -391.8679999999426 332.0064999999844
2031 247.8784999999168 -369.2659999999993 325.783
2032 300.8359999999379 -392.751499999919 332.0064999999783
2033 326.0769999998669 -369.6969999999995 325.783
2034 392.7224999999289 -393.5289999999288 332.0064999999813
2035 407.2174999999495 -393.2559999999513 332.006499999987
2036 420.8524999999536 -389.367499999957 332.0064999999883
2037 432.4139999999024 -382.3014999999137 332.0064999999756
2038 440.7854999999283 -372.7459999999394 332.006499999982
2039 445.0274999999231 -361.5654999999375 332.0064999999805
2040 422.6769999999919 -299.843500000155 325.783
2041 448.4044999999407 -272.3544999999639 332.0064999999843
2042 426.2094999999963 -221.7830000001002 325.783
2043 450.411499999946 -195.4274999999766 332.0064999999853
2044 426.1025000000053 -152.1850000001191 325.783
2045 422.1955000000071 -88.24700000008831 325.783
2046 418.1015000000043 -28.81800000007536 325.783
2047 465.2569999999966 32.0309999999159 338.23
2048 468.5489999999943 97.88449999990385 338.23
2049 471.9074999999959 168.5249999998892 338.23
2050 472.6065000000016 245.9989999999001 338.23
2051 493.8074999998999 299.9314999999391 343.2834999999769
2052 470.7550000000036 334.0764999998557 338.23
2053 492.2199999999025 399.9074999999208 343.2834999999783
2054 488.4519999999134 413.0544999999268 343.2834999999809
2055 480.1394999999329 424.4959999999407 343.2834999999852
2056 468.1859999999298 433.1599999999351 343.2834999999844
2057 453.7549999998989 438.1979999999023 343.2834999999772
2058 438.1714999999168 439.0709999999166 343.2834999999807
2059 367.4815000001335 416.5835000000017 338.23
2060 335.1519999999075 437.5524999998793 343.2834999999718
2061 278.845500000111 415.3535000000017 338.23
2062 205.0795000000944 414.1900000000015 338.23
2063 140.7715000000804 413.2150000000011 338.23
2064 82.32850000008739 412.5180000000008 338.23
2065 27.10100000005273 412.1555000000002 338.23
2066 -27.10099999995005 412.1554999999998 338.23
2067 -82.32849999992094 412.5179999999992 338.23
2068 -140.7714999999112 413.2149999999988 338.23
2069 -205.0794999999056 414.1899999999985 338.23
2070 -278.8454999998613 415.3534999999978 338.23
2071 -335.1519999999075 437.5524999998793 343.2834999999718
2072 -367.4814999998889 416.5834999999986 338.23
2073 -438.1714999999168 439.0709999999166 343.2834999999807
2074 -453.7549999998989 438.1979999999023 343.2834999999772
2075 -468.1859999999298 433.1599999999351 343.2834999999844
2076 -480.1394999999329 424.4959999999407 343.2834999999852
2077 -488.4519999999134 413.0544999999268 343.2834999999809
2078 -492.2199999999025 399.9074999999208 343.2834999999783
2079 -470.7549999999969 334.0765000001221 338.23
2080 -493.8074999998999 299.9314999999391 343.2834999999769
2081 -472.6064999999987 245.9990000000834 338.23
2082 -471.9075000000029 168.525000000078 338.23
2083 -468.5490000000054 97.88450000009193 338.23
2084 -465.2570000000032 32.0310000000803 338.23
2085 -465.2569999999966 -32.0309999999159 338.23
2086 -468.5489999999943 -97.88449999990385 338.23
2087 -471.9074999999959 -168.5249999998892 338.23
2088 -472.6065000000016 -245.9989999999001 338.23
2089 -493.8074999998999 -299.9314999999391 343.2834999999769
2090 -470.7550000000036 -334.0764999998557 338.23
2091 -492.2199999999025 -399.9074999999208 343.2834999999783
2092 -488.4519999999134 -413.0544999999268 343.2834999999809
2093 -480.1394999999329 -424.4959999999407 343.2834999999852
2094 -468.1859999999298 -433.1599999999351 343.2834999999844
2095 -453.7549999998989 -438.1979999999023 343.2834999999772
2096 -438.1714999999168 -439.0709999999166 343.2834999999807
2097 -367.4815000001335 -416.5835000000017 338.23
2098 -335.1519999999075 -437.5524999998793 343.2834999999718
2099 -278.845500000111 -415.3535000000017 338.23
2100 -205.0795000000944 -414.1900000000015 338.23
2101 -140.7715000000804 -413.2150000000011 338.23
2102 -82.32850000008739 -412.5180000000008 338.23
2103 -27.10100000005273 -412.1555000000002 338.23
2104 27.10099999995005 -412.1554999999998 338.23
2105 82.32849999992094 -412.5179999999992 338.23
2106 140.7714999999112 -413.2149999999988 338.23
2107 205.0794999999056 -414.1899999999985 338.23
2108 278.8454999998613 -415.3534999999978 338.23
2109 335.1519999999075 -437.5524999998793 343.2834999999718
2110 367.4814999998889 -416.5834999999986 338.23
2111 438.1714999999168 -439.0709999999166 343.2834999999807
2112 453.7549999998989 -438.1979999999023 343.2834999999772
2113 468.1859999999298 -433.1599999999351 343.2834999999844
2114 480.1394999999329 -424.4959999999407 343.2834999999852
2115 488.4519999999134 -413.0544999999268 343.2834999999809
2116 492.2199999999025 -399.9074999999208 343.2834999999783
2117 470.7549999999969 -334.0765000001221 338.23
2118 493.8074999998999 -299.9314999999391 343.2834999999769
2119 472.6064999999987 -245.9990000000834 338.23
2120 471.9075000000029 -168.525000000078 338.23
2121 468.5490000000054 -97.88450000009193 338.23
2122 465.2570000000032 -32.0310000000803 338.23
2123 509.4574999999974 35.04199999990535 348.337
2124 511.9494999999976 106.9054999999428 348.337
2125 514.6889999999963 183.781499999878 348.337
2126 515.7750000000004 268.5219999998557 348.337
2127 515.4036666666675 348.2443333332262 348.337
2128 515.1413333333342 383.2806666665667 348.337
2129 534.5724999999619 434.3164999999691 352.1754999999926
2130 531.1914999999549 449.1964999999619 352.1754999999913
2131 522.9099999999719 462.3099999999751 352.1754999999945
2132 510.6009999999429 472.4019999999472 352.1754999999889
2133 495.4684999999492 478.4814999999509 352.1754999999899
2134 478.9364999999337 479.9194999999335 352.1754999999865
2135 423.8946666667998 460.3413333333356 348.337
2136 387.7893333333889 459.7386666666676 348.337
2137 307.6955000001109 458.3060000000021 348.337
2138 226.1725000000943 456.7755000000017 348.337
2139 155.1965000000833 455.5455000000013 348.337
2140 90.7465000000709 454.6870000000008 348.337
2141 29.86900000007425 454.2465000000003 348.337
2142 -29.86899999992681 454.2464999999997 348.337
2143 -90.746499999918 454.6869999999992 348.337
2144 -155.1964999999056 455.5454999999985 348.337
2145 -226.1724999998946 456.775499999998 348.337
2146 -307.6954999998778 458.3059999999977 348.337
2147 -387.7893333332742 459.7386666666657 348.337
2148 -423.894666666563 460.3413333333316 348.337
2149 -478.9364999999337 479.9194999999335 352.1754999999865
2150 -495.4684999999492 478.4814999999509 352.1754999999899
2151 -510.6009999999429 472.4019999999472 352.1754999999889
2152 -522.9099999999719 462.3099999999751 352.1754999999945
2153 -531.1914999999549 449.1964999999619 352.1754999999913
2154 -534.5724999999619 434.3164999999691 352.1754999999926
2155 -515.1413333333327 383.280666666759 348.337
2156 -515.4036666666659 348.2443333334407 348.337
2157 -515.7749999999997 268.5220000000999 348.337
2158 -514.689000000003 183.7815000000999 348.337
2159 -511.9495000000006 106.9055000000152 348.337
2160 -509.4575000000026 35.04200000009568 348.337
2161 -509.4574999999974 -35.04199999990535 348.337
2162 -511.9494999999976 -106.9054999999428 348.337
2163 -514.6889999999963 -183.781499999878 348.337
2164 -515.7750000000004 -268.5219999998557 348.337
2165 -515.4036666666675 -348.2443333332262 348.337
2166 -515.1413333333342 -383.2806666665667 348.337
2167 -534.5724999999619 -434.3164999999691 352.1754999999926
2168 -531.1914999999549 -449.1964999999619 352.1754999999913
2169 -522.9099999999719 -462.3099999999751 352.1754999999945
2170 -510.6009999999429 -472.4019999999472 352.1754999999889
2171 -495.4684999999492 -478.4814999999509 352.1754999999899
2172 -478.9364999999337 -479.9194999999335 352.1754999999865
2173 -423.8946666667998 -460.3413333333356 348.337
2174 -387.7893333333889 -459.7386666666676 348.337
2175 -307.6955000001109 -458.3060000000021 348.337
2176 -226.1725000000943 -456.7755000000017 348.337
2177 -155.1965000000833 -455.5455000000013 348.337
2178 -90.7465000000709 -454.6870000000008 348.337
2179 -29.86900000007425 -454.2465000000003 348.337
2180 29.86899999992681 -454.2464999999997 348.337
2181 90.746499999918 -454.6869999999992 348.337
2182 155.1964999999056 -455.5454999999985 348.337
2183 226.1724999998946 -456.775499999998 348.337
2184 307.6954999998778 -458.3059999999977 348.337
2185 387.7893333332742 -459.7386666666657 348.337
2186 423.894666666563 -460.3413333333316 348.337
2187 478.9364999999337 -479.9194999999335 352.1754999999865
2188 495.4684999999492 -478.4814999999509 352.1754999999899
2189 510.6009999999429 -472.4019999999472 352.1754999999889
2190 522.9099999999719 -462.3099999999751 352.1754999999945
2191 531.1914999999549 -449.1964999999619 352.1754999999913
2192 534.5724999999619 -434.3164999999691 352.1754999999926
2193 515.1413333333327 -383.280666666759 348.337
2194 515.4036666666659 -348.2443333334407 348.337
2195 515.7749999999997 -268.5220000000999 348.337
2196 514.689000000003 -183.7815000000999 348.337
2197 511.9495000000006 -106.9055000000152 348.337
2198 509.4575000000026 -35.04200000009568 348.337
2199 548.7069999999983 37.71599999989895 356.014
2200 550.4614999999969 114.9084999998918 356.014
2201 552.5489999999974 197.2764999998835 356.014
2202 553.7620000000001 288.329000000011 356.014
2203 554.0873333333332 374.4319999999222 356.014
2204 554.1766666666664 412.3739999998965 356.014
2205 458.7893333334215 498.2350000000015 356.014
2206 419.705666666756 497.5750000000015 356.014
2207 333.0260000001111 496.0380000000021 356.014
2208 244.8185000000888 494.4375000000016 356.014
2209 168.0140000000887 493.1755000000013 356.014
2210 98.25250000010817 492.3055000000011 356.014
2211 32.34200000008189 491.8620000000003 356.014
2212 -32.34199999991697 491.8619999999997 356.014
2213 -98.25249999990848 492.3054999999991 356.014
2214 -168.0139999999001 493.1754999999985 356.014
2215 -244.8184999999168 494.4374999999985 356.014
2216 -333.0259999998889 496.037999999998 356.014
2217 -419.7056666665785 497.5749999999985 356.014
2218 -458.789333333244 498.2349999999985 356.014
2219 -554.1766666666668 412.3740000001037 356.014
2220 -554.0873333333336 374.4320000001221 356.014
2221 -553.7620000000006 288.3290000001222 356.014
2222 -552.5490000000026 197.2765000001165 356.014
2223 -550.4615000000027 114.9085000000972 356.014
2224 -548.7070000000017 37.71600000009744 356.014
2225 -548.7069999999983 -37.71599999989895 356.014
2226 -550.4614999999969 -114.9084999998918 356.014
2227 -552.5489999999974 -197.2764999998835 356.014
2228 -553.7620000000001 -288.329000000011 356.014
2229 -554.0873333333332 -374.4319999999222 356.014
2230 -554.1766666666664 -412.3739999998965 356.014
2231 -458.7893333334215 -498.2350000000015 356.014
2232 -419.705666666756 -497.5750000000015 356.014
2233 -333.0260000001111 -496.0380000000021 356.014
2234 -244.8185000000888 -494.4375000000016 356.014
2235 -168.0140000000887 -493.1755000000013 356.014
2236 -98.25250000010817 -492.3055000000011 356.014
2237 -32.34200000008189 -491.8620000000003 356.014
2238 32.34199999991697 -491.8619999999997 356.014
2239 98.25249999990848 -492.3054999999991 356.014
2240 168.0139999999001 -493.1754999999985 356.014
2241 244.8184999999168 -494.4374999999985 356.014
2242 333.0259999998889 -496.037999999998 356.014
2243 419.7056666665785 -497.5749999999985 356.014
2244 458.789333333244 -498.2349999999985 356.014
2245 554.1766666666668 -412.3740000001037 356.014
2246 554.0873333333336 -374.4320000001221 356.014
2247 553.7620000000006 -288.3290000001222 356.014
2248 552.5490000000026 -197.2765000001165 356.014
2249 550.4615000000027 -114.9085000000972 356.014
2250 548.7070000000017 -37.71600000009744 356.014
2251 584.8484999999989 40.17899999988666 361.859
2252 585.9104999999986 122.2734999999167 361.859
2253 587.287499999998 209.6519999998613 361.859
2254 588.2196666666661 289.2673333332483 361.859
2255 588.4633333333329 323.4196666666073 361.859
2256 588.9559999999993 398.016333333237 361.859
2257 589.2049999999991 438.4606666665336 361.859
2258 489.9353333334376 532.0820000000014 361.859
2259 448.3126666667843 531.5150000000016 361.859
2260 372.8620000000994 530.4550000000014 361.859
2261 339.0340000001041 529.9620000000016 361.859
2262 261.8515000000999 528.8670000000014 361.859
2263 179.8070000000943 527.8205000000011 361.859
2264 105.1920000000943 527.1040000000007 361.859
2265 34.63350000008327 526.7405000000002 361.859
2266 -34.63349999991699 526.7404999999998 361.859
2267 -105.1919999999085 527.1039999999992 361.859
2268 -179.8069999998835 527.8204999999987 361.859
2269 -261.8514999998834 528.8669999999984 361.859
2270 -339.0339999998932 529.9619999999985 361.859
2271 -372.8619999998921 530.4549999999984 361.859
2272 -448.3126666665328 531.5149999999982 361.859
2273 -489.9353333332008 532.0819999999982 361.859
2274 -589.2050000000006 438.460666666763 361.859
2275 -588.9560000000008 398.0163333334664 361.859
2276 -588.463333333334 323.4196666667629 361.859
2277 -588.2196666666672 289.2673333334038 361.859
2278 -587.2875000000016 209.6520000001054 361.859
2279 -585.9105000000019 122.273500000111 361.859
2280 -584.8485000000011 40.17900000011385 361.859
2281 -584.8484999999989 -40.17899999988666 361.859
2282 -585.9104999999986 -122.2734999999167 361.859
2283 -587.287499999998 -209.6519999998613 361.859
2284 -588.2196666666661 -289.2673333332483 361.859
2285 -588.4633333333329 -323.4196666666073 361.859
2286 -588.9559999999993 -398.016333333237 361.859
2287 -589.2049999999991 -438.4606666665336 361.859
2288 -489.9353333334376 -532.0820000000014 361.859
2289 -448.3126666667843 -531.5150000000016 361.859
2290 -372.8620000000994 -530.4550000000014 361.859
2291 -339.0340000001041 -529.9620000000016 361.859
2292 -261.8515000000999 -528.8670000000014 361.859
2293 -179.8070000000943 -527.8205000000011 361.859
2294 -105.1920000000943 -527.1040000000007 361.859
2295 -34.63350000008327 -526.7405000000002 361.859
2296 34.63349999991699 -526.7404999999998 361.859
2297 105.1919999999085 -527.1039999999992 361.859
2298 179.8069999998835 -527.8204999999987 361.859
2299 261.8514999998834 -528.8669999999984 361.859
2300 339.0339999998932 -529.9619999999985 361.859
2301 372.8619999998921 -530.4549999999984 361.859
2302 448.3126666665328 -531.5149999999982 361.859
2303 489.9353333332008 -532.0819999999982 361.859
2304 589.2050000000006 -438.460666666763 361.859
2305 588.9560000000008 -398.0163333334664 361.859
2306 588.463333333334 -323.4196666667629 361.859
2307 588.2196666666672 -289.2673333334038 361.859
2308 587.2875000000016 -209.6520000001054 361.859
2309 585.9105000000019 -122.273500000111 361.859
2310 584.8485000000011 -40.17900000011385 361.859
2311 615.3824999999996 42.26049999989324 365.694
2312 615.8564999999994 128.4939999999111 365.694
2313 616.5239999999991 220.0609999998778 365.694
2314 617.0539999999994 303.4383333332185 365.694
2315 617.2319999999996 339.2216666666038 365.694
2316 617.6116666666661 417.373333333226 365.694
2317 617.8133333333328 459.7416666665521 365.694
2318 515.1520000001333 559.5126666666678 365.694
2319 471.6070000001259 559.1813333333344 365.694
2320 392.5916666670034 558.5653333333361 365.694
2321 357.1213333333075 558.2806666666664 365.694
2322 276.0800000000721 557.6510000000005 365.694
2323 189.7495000000999 557.0530000000006 365.694
2324 111.0785000000972 556.6455000000003 365.694
2325 36.583500000093 556.4390000000001 365.694
2326 -36.58349999990812 556.4389999999999 365.694
2327 -111.0784999999112 556.6454999999996 365.694
2328 -189.7494999998779 557.0529999999992 365.694
2329 -276.0799999998502 557.6509999999989 365.694
2330 -357.1213333329818 558.2806666666638 365.694
2331 -392.5916666666852 558.5653333333335 365.694
2332 -471.6069999999258 559.1813333333328 365.694
2333 -515.1519999999406 559.5126666666663 365.694
2334 -617.8133333333338 459.7416666667741 365.694
2335 -617.6116666666671 417.3733333334479 365.694
2336 -617.2320000000005 339.2216666667815 365.694
2337 -617.0540000000003 303.4383333333962 365.694
2338 -616.5240000000009 220.0610000001166 365.694
2339 -615.8565000000009 128.494000000125 365.694
2340 -615.3825000000005 42.26050000010815 365.694
2341 -615.3824999999996 -42.26049999989324 365.694
2342 -615.8564999999994 -128.4939999999111 365.694
2343 -616.5239999999991 -220.0609999998778 365.694
2344 -617.0539999999994 -303.4383333332185 365.694
2345 -617.2319999999996 -339.2216666666038 365.694
2346 -617.6116666666661 -417.373333333226 365.694
2347 -617.8133333333328 -459.7416666665521 365.694
2348 -515.1520000001333 -559.5126666666678 365.694
2349 -471.6070000001259 -559.1813333333344 365.694
2350 -392.5916666670034 -558.5653333333361 365.694
2351 -357.1213333333075 -558.2806666666664 365.694
2352 -276.0800000000721 -557.6510000000005 365.694
2353 -189.7495000000999 -557.0530000000006 365.694
2354 -111.0785000000972 -556.6455000000003 365.694
2355 -36.583500000093 -556.4390000000001 365.694
2356 36.58349999990812 -556.4389999999999 365.694
2357 111.0784999999112 -556.6454999999996 365.694
2358 189.7494999998779 -557.0529999999992 365.694
2359 276.0799999998502 -557.6509999999989 365.694
2360 357.1213333329818 -558.2806666666638 365.694
2361 392.5916666666852 -558.5653333333335 365.694
2362 471.6069999999258 -559.1813333333328 365.694
2363 515.1519999999406 -559.5126666666663 365.694
2364 617.8133333333338 -459.7416666667741 365.694
2365 617.6116666666671 -417.3733333334479 365.694
2366 617.2320000000005 -339.2216666667815 365.694
2367 617.0540000000003 -303.4383333333962 365.694
2368 616.5240000000009 -220.0610000001166 365.694
2369 615.8565000000009 -128.494000000125 365.694
2370 615.3825000000005 -42.26050000010815 365.694
2371 640.111 43.94699999986786 367.919
2372 640.111 133.5304999998696 367.919
2373 640.111 228.4514999998612 367.919
2374 640.111 314.7553333331816 367.919
2375 640.111 351.7746666665112 367.919
2376 640.111 432.5499999999926 367.919
2377 640.111 476.3059999999852 367.919
2378 534.5886666667702 580.681 367.919
2379 489.6863333334776 580.681 367.919
2380 408.0983333334295 580.681 367.919
2381 371.4126666667481 580.681 367.919
2382 287.45200000005 580.681 367.919
2383 197.7785000001277 580.681 367.919
2384 115.8635000000944 580.681 367.919
2385 38.17350000009436 580.681 367.919
2386 -38.17349999990396 580.681 367.919
2387 -115.8634999998945 580.681 367.919
2388 -197.7784999998945 580.681 367.919
2389 -287.4519999998445 580.681 367.919
2390 -371.4126666665704 580.681 367.919
2391 -408.0983333332519 580.681 367.919
2392 -489.6863333332038 580.681 367.919
2393 -534.5886666665112 580.681 367.919
2394 -640.111 476.3060000000222 367.919
2395 -640.111 432.5500000000222 367.919
2396 -640.111 351.7746666668184 367.919
2397 -640.111 314.7553333334887 367.919
2398 -640.111 228.4515000001221 367.919
2399 -640.111 133.5305000001304 367.919
2400 -640.111 43.94700000013323 367.919
2401 -640.111 -43.94699999986786 367.919
2402 -640.111 -133.5304999998696 367.919
2403 -640.111 -228.4514999998612 367.919
2404 -640.111 -314.7553333331816 367.919
2405 -640.111 -351.7746666665112 367.919
2406 -640.111 -432.5499999999926 367.919
2407 -640.111 -476.3059999999852 367.919
2408 -534.5886666667702 -580.681 367.919
2409 -489.6863333334776 -580.681 367.919
2410 -408.0983333334295 -580.681 367.919
2411 -371.4126666667481 -580.681 367.919
2412 -287.45200000005 -580.681 367.919
2413 -197.7785000001277 -580.681 367.919
2414 -115.8635000000944 -580.681 367.919
2415 -38.17350000009436 -580.681 367.919
2416 38.17349999990396 -580.681 367.919
2417 115.8634999998945 -580.681 367.919
2418 197.7784999998945 -580.681 367.919
2419 287.4519999998445 -580.681 367.919
2420 371.4126666665704 -580.681 367.919
2421 408.0983333332519 -580.681 367.919
2422 489.6863333332038 -580.681 367.919
2423 534.5886666665112 -580.681 367.919
2424 640.111 -476.3060000000222 367.919
2425 640.111 -432.5500000000222 367.919
2426 640.111 -351.7746666668184 367.919
2427 640.111 -314.7553333334887 367.919
2428 640.111 -228.4515000001221 367.919
2429 640.111 -133.5305000001304 367.919
2430 640.111 -43.94700000013323 367.919
2431 14.76189645870968 1.008504426101536 1.953647471373813
2432 14.50621902956371 3.010770002334318 1.952124858349185
2433 13.97902509401743 4.962230568330363 1.952985477941962
2434 13.17435114071414 6.818616909438977 1.957403263962877
2435 12.11892010056153 8.543496480201762 1.957338168010008
2436 9.726693737164817 11.11195899716535 1.954297021580685
2437 8.191916301510677 12.28021371639149 1.954015839776494
2438 6.519460804523269 13.23941731866912 1.953866527976817
2439 4.736932637304378 13.97373758508168 1.953648096210418
2440 2.874447183742686 14.47045549371371 1.953884767216096
2441 0.963788458186228 14.72081643911508 1.953768303075167
2442 -0.9638370425116662 14.72157737799794 1.95361415355952
2443 -2.874740427704257 14.47195917702221 1.953573736362824
2444 -4.737687465781856 13.97600315939304 1.953159968812214
2445 -6.521001725311352 13.24261141067285 1.953134454973166
2446 -8.194715519012902 12.28451804675581 1.952940900420752
2447 -9.731002331992144 11.1170316155133 1.952878416282971
2448 -12.12383708397832 8.547061685855128 1.955852326767329
2449 -13.17538990019336 6.819157858076557 1.957115925663865
2450 -13.96405912113606 4.957493697544239 1.956835128534034
2451 -14.4888436537805 3.007852177262411 1.956283113816217
2452 -14.75158169738806 1.008030336410005 1.955979780566622
2453 -14.76189645870968 -1.008504426101536 1.953647471373813
2454 -14.50621902956371 -3.010770002334318 1.952124858349185
2455 -13.97902509401743 -4.962230568330363 1.952985477941962
2456 -13.17435114071414 -6.818616909438977 1.957403263962877
2457 -12.11892010056153 -8.543496480201762 1.957338168010008
2458 -9.726693737164817 -11.11195899716535 1.954297021580685
2459 -8.191916301510677 -12.28021371639149 1.954015839776494
2460 -6.519460804523269 -13.23941731866912 1.953866527976817
2461 -4.736932637304378 -13.97373758508168 1.953648096210418
2462 -2.874447183742686 -14.47045549371371 1.953884767216096
2463 -0.963788458186228 -14.72081643911508 1.953768303075167
2464 0.9638370425116662 -14.72157737799794 1.95361415355952
2465 2.874740427704257 -14.47195917702221 1.953573736362824
2466 4.737687465781856 -13.97600315939304 1.953159968812214
2467 6.521001725311352 -13.24261141067285 1.953134454973166
2468 8.194715519012902 -12.28451804675581 1.952940900420752
2469 9.731002331992144 -11.1170316155133 1.952878416282971
2470 12.12383708397832 -8.547061685855128 1.955852326767329
2471 13.17538990019336 -6.819157858076557 1.957115925663865
2472 13.96405912113606 -4.957493697544239 1.956835128534034
2473 14.4888436537805 -3.007852177262411 1.956283113816217
2474 14.75158169738806 -1.008030336410005 1.955979780566622
2475 87.65612795178815 45.21838823377373 123.2413662747631
2476 -87.61023282770689 45.19389588851526 123.2838456005817
2477 -87.65612795178815 -45.21838823377373 123.2413662747631
2478 87.61023282770689 -45.19389588851526 123.2838456005817
2479 108.0052682305546 56.0715000039686 149.3918745718428
2480 -107.8724157962576 56.01325202928613 149.5293764042459
2481 -108.0052682305546 -56.0715000039686 149.3918745718428
2482 107.8724157962576 -56.01325202928613 149.5293764042459
2483 133.6025507831037 68.69540299738622 176.7387087123522
2484 123.2219348586473 86.85045278034026 176.5971876589862
2485 -122.905315776904 86.64228665884278 177.0515666629562
2486 -133.3737153349441 68.61727049929615 177.0168797658718
2487 -133.6025507831037 -68.69540299738622 176.7387087123522
2488 -123.2219348586473 -86.85045278034026 176.5971876589862
2489 122.905315776904 -86.64228665884278 177.0515666629562
2490 133.3737153349441 -68.61727049929615 177.0168797658718
2491 161.1369737828506 83.08251914623725 201.1942379293935
2492 146.2278088553801 102.6027205075136 197.4611474568841
2493 -145.6393260260042 102.3473800790806 198.4625043269106
2494 -160.7829690675884 82.96745818041731 201.7147947211643
2495 -161.1369737828506 -83.08251914623725 201.1942379293935
2496 -146.2278088553801 -102.6027205075136 197.4611474568841
2497 145.6393260260042 -102.3473800790806 198.4625043269106
2498 160.7829690675884 -82.96745818041731 201.7147947211643
2499 213.8143790449996 74.94462860780772 236.6621397435823
2500 214.100452500737 108.7543965261463 238.1474670623161
2501 10.44856267577182 162.9684369643256 232.6224952525946
2502 -10.44876116781486 162.9884767349834 232.5945493663622
2503 -213.945951089586 108.7215278661318 238.4248353409696
2504 -213.8331133272593 74.94328888845121 236.6334686593987
2505 -213.8143790449996 -74.94462860780772 236.6621397435823
2506 -214.100452500737 -108.7543965261463 238.1474670623161
2507 -10.44856267577182 -162.9684369643256 232.6224952525946
2508 10.44876116781486 -162.9884767349834 232.5945493663622
2509 213.945951089586 -108.7215278661318 238.4248353409696
2510 213.8331133272593 -74.94328888845121 236.6334686593987
2511 249.4938441554649 16.95195051287387 262.5959296141589
2512 233.0089870836869 17.06356587714255 254.1190353519349
2513 253.8191190414818 52.52820322065289 261.7472553045951
2514 258.5126026713996 91.724146184651 261.4928530744308
2515 257.3870834139226 133.9943775022913 261.955704971313
2516 241.7126769943739 125.5108873356068 253.7294719516917
2517 247.8687969736496 173.5210404585289 261.6349635152805
2518 38.95668187662351 197.2021963799122 255.1433995625173
2519 13.01323953507118 203.1710594240082 258.1903670010077
2520 -13.01331428842377 203.1862639501566 258.1634753728951
2521 -38.95779867378899 197.2599830359657 255.0405545000658
2522 -247.6553893043313 173.475154703733 262.1324674941332
2523 -257.2325829317562 133.9685558762163 262.2827409570326
2524 -241.4090250418558 125.4599081969023 254.3753527869166
2525 -258.5331867464612 91.72281855059508 261.4539939482361
2526 -253.928057370198 52.50984146102663 261.5445722552262
2527 -249.5720402063877 16.94125808310687 262.4453007273075
2528 -233.1713612599344 17.04072089389534 253.8046448406587
2529 -249.4938441554649 -16.95195051287387 262.5959296141589
2530 -233.0089870836869 -17.06356587714255 254.1190353519349
2531 -253.8191190414818 -52.52820322065289 261.7472553045951
2532 -258.5126026713996 -91.724146184651 261.4928530744308
2533 -257.3870834139226 -133.9943775022913 261.955704971313
2534 -241.7126769943739 -125.5108873356068 253.7294719516917
2535 -247.8687969736496 -173.5210404585289 261.6349635152805
2536 -38.95668187662351 -197.2021963799122 255.1433995625173
2537 -13.01323953507118 -203.1710594240082 258.1903670010077
2538 13.01331428842377 -203.1862639501566 258.1634753728951
2539 38.95779867378899 -197.2599830359657 255.0405545000658
2540 247.6553893043313 -173.475154703733 262.1324674941332
2541 257.2325829317562 -133.9685558762163 262.2827409570326
2542 241.4090250418558 -125.4599081969023 254.3753527869166
2543 258.5331867464612 -91.72281855059508 261.4539939482361
2544 253.928057370198 -52.50984146102663 261.5445722552262
2545 249.5720402063876 -16.94125808310687 262.4453007273075
2546 233.1713612599344 -17.04072089389535 253.8046448406587
2547 297.8677402616379 20.78381820797869 284.4659866738643
2548 281.4142046520089 19.53347729538948 277.5777336761586
2549 303.0905692760338 63.33364217048133 284.2943930198917
2550 287.1742443324243 60.1466944029598 277.5742293487125
2551 305.3478027862226 108.3370780643447 283.1349197174198
2552 303.5559537568171 156.8497774598068 282.8429661942994
2553 299.0318592982254 204.9990412706339 283.9107777167484
2554 281.8867949620421 198.1544859956807 276.9646279813809
2555 214.9305823566003 245.3864423878503 282.553689104696
2556 164.1144797836593 249.3679471201719 283.2666114423687
2557 123.369114374247 252.2997507229207 283.910519666678
2558 86.94185817706011 254.4767233511466 284.4624920008512
2559 81.461256358471 239.0631066291692 277.518477303029
2560 51.19887748359815 255.0187372588285 284.4422793971193
2561 48.28291722118789 239.478547781217 277.3615302629241
2562 16.88369376286096 255.0189219268066 284.3075133627774
2563 15.92672949578689 239.4076892131835 277.1433044316574
2564 -16.88371255459035 255.0260237850062 284.2920642881977
2565 -15.92676616110589 239.4218031899572 277.1125979099102
2566 -51.1990478394525 255.0396832257883 284.3965011288797
2567 -48.28325157089361 239.52031257314 277.2702185590185
2568 -86.94232204070116 254.5118332212475 284.3848118059675
2569 -81.46218882467876 239.1324833838293 277.3647847336642
2570 -123.3700261465424 252.3535821729148 283.788981460279
2571 -164.1163467649638 249.4444481323125 283.0890955076155
2572 -214.9342182240858 245.4912171834045 282.3033580820065
2573 -298.8724566354638 204.974485779778 284.3386500468005
2574 -281.5842422372873 198.1083891702957 277.7815435742284
2575 -303.4181751174757 156.8343752336526 283.1833897995971
2576 -305.3679875721272 108.3359041032942 283.0888427063628
2577 -303.1720773308087 63.32239232848044 284.1090439049715
2578 -287.3314308160898 60.12502371098358 277.2176327171965
2579 -297.9296029399913 20.77728719459554 284.3209234865789
2580 -281.5362831744507 19.52050785547065 277.2919301344721
2581 -297.8677402616379 -20.78381820797869 284.4659866738643
2582 -281.4142046520089 -19.53347729538948 277.5777336761586
2583 -303.0905692760338 -63.33364217048133 284.2943930198917
2584 -287.1742443324243 -60.1466944029598 277.5742293487125
2585 -305.3478027862226 -108.3370780643447 283.1349197174198
2586 -303.5559537568171 -156.8497774598068 282.8429661942994
2587 -299.0318592982254 -204.9990412706339 283.9107777167484
2588 -281.8867949620421 -198.1544859956807 276.9646279813809
2589 -214.9305823566003 -245.3864423878503 282.553689104696
2590 -164.1144797836593 -249.3679471201719 283.2666114423687
2591 -123.369114374247 -252.2997507229207 283.910519666678
2592 -86.94185817706011 -254.4767233511466 284.4624920008512
2593 -81.461256358471 -239.0631066291692 277.518477303029
2594 -51.19887748359815 -255.0187372588285 284.4422793971193
2595 -48.28291722118789 -239.478547781217 277.3615302629241
2596 -16.88369376286096 -255.0189219268066 284.3075133627774
2597 -15.92672949578689 -239.4076892131835 277.1433044316574
2598 16.88371255459035 -255.0260237850062 284.2920642881977
2599 15.92676616110589 -239.4218031899572 277.1125979099102
2600 51.1990478394525 -255.0396832257883 284.3965011288797
2601 48.28325157089361 -239.52031257314 277.2702185590185
2602 86.94232204070116 -254.5118332212475 284.3848118059675
2603 81.46218882467876 -239.1324833838293 277.3647847336642
2604 123.3700261465424 -252.3535821729148 283.788981460279
2605 164.1163467649638 -249.4444481323125 283.0890955076155
2606 214.9342182240858 -245.4912171834045 282.3033580820065
2607 298.8724566354638 -204.974485779778 284.3386500468005
2608 281.5842422372873 -198.1083891702957 277.7815435742284
2609 303.4181751174757 -156.8343752336526 283.1833897995971
2610 305.3679875721272 -108.3359041032942 283.0888427063628
2611 303.1720773308087 -63.32239232848044 284.1090439049715
2612 287.3314308160898 -60.12502371098358 277.2176327171965
2613 297.9296029399913 -20.77728719459554 284.3209234865789
2614 281.5362831744507 -19.52050785547064 277.2919301344721
2615 332.5997150249027 20.88473075775563 298.1178228979907
2616 349.2131313787004 18.66329702790545 304.0736882688589
2617 342.7780752431681 71.13962398069719 299.8500447665073
2618 349.9111167737562 125.0492230782332 300.6397344326847
2619 348.0211688540085 181.6326628404241 300.1155883236377
2620 341.3661998873059 242.7876284848256 299.9820644852177
2621 258.7038885301006 293.37660955106 301.2627601657325
2622 199.5348206867351 298.7561579382873 302.759475643243
2623 143.9826516888153 301.8612823750597 303.661277787814
2624 140.4557678155429 285.9521617024865 297.7799723279928
2625 102.9405423109847 302.4405895287601 303.7618981506434
2626 97.56621448556461 286.5109428702034 297.7764014035709
2627 59.85840768718803 301.9957493311552 303.5330981932271
2628 57.11579418706075 286.6658910182503 297.7086893994685
2629 20.03825337547552 302.8158423947872 303.8155746546142
2630 18.88815266196266 286.9400948348353 297.7441048839109
2631 -20.03825184998566 302.8203787060568 303.8037317749214
2632 -18.88814837570918 286.9489642185363 297.7209398698474
2633 -59.85837780753545 302.0100698477351 303.4954926993362
2634 -57.11576276807592 286.6928087638463 297.6380764004188
2635 -102.9405357328956 302.4639831035846 303.700051851324
2636 -97.56620100630664 286.5561612599693 297.6567466606867
2637 -143.9827408116682 301.8952445616116 303.5702387201502
2638 -140.455912446968 286.0167469199453 297.6066022315332
2639 -199.5351469977902 298.8073471405161 302.6198843764237
2640 -258.7051812456849 293.4547594201551 301.0450074979055
2641 -341.1959482510325 242.7815359480589 300.5215248937877
2642 -347.8910896814276 181.6236085551571 300.4915808803959
2643 -349.9342514032611 125.0480441590001 300.5773146814157
2644 -342.877085357156 71.12896014727951 299.5784563751626
2645 -332.688675937505 20.87770780511764 297.8701621954621
2646 -349.2580997162452 18.65974703618936 303.9484382432282
2647 -332.5997150249027 -20.88473075775563 298.1178228979907
2648 -349.2131313787004 -18.66329702790545 304.0736882688589
2649 -342.7780752431681 -71.13962398069718 299.8500447665073
2650 -349.9111167737562 -125.0492230782332 300.6397344326847
2651 -348.0211688540086 -181.6326628404242 300.1155883236377
2652 -341.3661998873059 -242.7876284848256 299.9820644852177
2653 -258.7038885301006 -293.37660955106 301.2627601657325
2654 -199.5348206867351 -298.7561579382873 302.759475643243
2655 -143.9826516888153 -301.8612823750597 303.661277787814
2656 -140.4557678155429 -285.9521617024865 297.7799723279928
2657 -102.9405423109847 -302.4405895287601 303.7618981506434
2658 -97.56621448556461 -286.5109428702034 297.7764014035709
2659 -59.85840768718803 -301.9957493311552 303.5330981932271
2660 -57.11579418706075 -286.6658910182503 297.7086893994685
2661 -20.03825337547552 -302.8158423947872 303.8155746546142
2662 -18.88815266196266 -286.9400948348353 297.7441048839109
2663 20.03825184998566 -302.8203787060568 303.8037317749214
2664 18.88814837570918 -286.9489642185363 297.7209398698474
2665 59.85837780753545 -302.0100698477351 303.4954926993362
2666 57.11576276807592 -286.6928087638463 297.6380764004188
2667 102.9405357328956 -302.4639831035846 303.700051851324
2668 97.56620100630664 -286.5561612599693 297.6567466606867
2669 143.9827408116682 -301.8952445616116 303.5702387201502
2670 140.455912446968 -286.0167469199453 297.6066022315332
2671 199.5351469977902 -298.8073471405161 302.6198843764237
2672 258.7051812456849 -293.4547594201551 301.0450074979055
2673 341.1959482510325 -242.7815359480589 300.5215248937877
2674 347.8910896814276 -181.6236085551571 300.4915808803959
2675 349.934251403261 -125.0480441590001 300.5773146814157
2676 342.877085357156 -71.12896014727951 299.5784563751626
2677 332.688675937505 -20.87770780511764 297.8701621954621
2678 349.2580997162452 -18.65974703618935 303.9484382432282
2679 392.5367314162037 26.49310708585066 318.0776546498153
2680 397.2576577708534 81.33765451793543 318.2082515315498
2681 398.1789963739133 151.0912091563341 316.9637569117083
2682 405.9345039463273 132.7208456678738 319.6714267877871
2683 396.7663811232908 216.1961577688724 316.6479660261461
2684 406.7591472948583 197.5490739222079 319.5128463472621
2685 397.4539468191208 278.8819103948042 318.046973068179
2686 303.8402838278139 345.616533278527 318.5085525424722
2687 229.4446599566987 344.5288838138509 318.1381328822946
2688 170.3368526412496 343.522073051855 317.8490470876387
2689 114.8351917804685 341.5540511006168 317.2862464614636
2690 69.72895582240704 350.6602681355366 320.2699816212354
2691 66.86963659413964 335.3505953900828 315.3320333767556
2692 22.89760285312753 350.6886114227414 320.3202983443831
2693 22.01222604144654 335.2959429321702 315.3278864270862
2694 -22.89759573810333 350.6912743943286 320.3120928715972
2695 -22.01221366034865 335.3010410836999 315.3121823748016
2696 -69.72890203882794 350.6683961890156 320.2448829852437
2697 -66.86953456349838 335.3660000644652 315.2844530129071
2698 -114.8350016761319 341.575479686446 317.2198762839183
2699 -170.3365801885167 343.5508569143016 317.7586598029925
2700 -229.4438334602427 344.5660761627094 318.019436657834
2701 -303.8401106572691 345.6622428362364 318.3608684676328
2702 -397.3465741340964 278.8763014603196 318.4200248282657
2703 -396.670640567342 216.1931037409816 316.9610300991475
2704 -406.6940066058314 197.5474487358081 319.7279044415197
2705 -398.2009188437535 151.090279012497 316.8945982899323
2706 -405.9497296116243 132.7202241624739 319.623511598469
2707 -397.3206347002699 81.3326257544682 318.0081946839232
2708 -392.5840156846162 26.49041044854841 317.922739038117
2709 -392.5367314162037 -26.49310708585066 318.0776546498153
2710 -397.2576577708534 -81.33765451793543 318.2082515315498
2711 -398.1789963739132 -151.0912091563342 316.9637569117083
2712 -405.9345039463273 -132.7208456678738 319.671426787787
2713 -396.7663811232909 -216.1961577688724 316.6479660261462
2714 -406.7591472948583 -197.5490739222078 319.5128463472621
2715 -397.4539468191207 -278.8819103948042 318.0469730681789
2716 -303.8402838278139 -345.616533278527 318.5085525424722
2717 -229.4446599566987 -344.5288838138509 318.1381328822946
2718 -170.3368526412496 -343.522073051855 317.8490470876387
2719 -114.8351917804685 -341.5540511006168 317.2862464614636
2720 -69.72895582240704 -350.6602681355366 320.2699816212354
2721 -66.86963659413964 -335.3505953900828 315.3320333767556
2722 -22.89760285312753 -350.6886114227414 320.3202983443831
2723 -22.01222604144654 -335.2959429321702 315.3278864270862
2724 22.89759573810333 -350.6912743943286 320.3120928715972
2725 22.01221366034865 -335.3010410836999 315.3121823748016
2726 69.72890203882794 -350.6683961890156 320.2448829852437
2727 66.86953456349838 -335.3660000644652 315.2844530129071
2728 114.8350016761319 -341.575479686446 317.2198762839183
2729 170.3365801885167 -343.5508569143016 317.7586598029925
2730 229.4438334602427 -344.5660761627094 318.019436657834
2731 303.8401106572691 -345.6622428362364 318.3608684676328
2732 397.3465741340964 -278.8763014603196 318.4200248282657
2733 396.670640567342 -216.1931037409816 316.9610300991475
2734 406.6940066058314 -197.5474487358081 319.7279044415197
2735 398.2009188437535 -151.090279012497 316.8945982899323
2736 405.9497296116243 -132.7202241624739 319.623511598469
2737 397.32063470027 -81.33262575446815 318.0081946839232
2738 392.5840156846161 -26.49041044854842 317.922739038117
2739 440.9421169670036 20.56396296733349 331.9806765847807
2740 442.0999150288934 40.62294201712476 332.0723616517603
2741 446.009243599583 102.5263409644929 332.1127609288757
2742 444.6005844748723 82.07167512223317 332.0596929159367
2743 446.4207251589405 169.7078038808215 331.2353902282216
2744 447.9223528774273 148.1966783859121 331.863929421687
2745 452.7599913167594 222.7863527649227 332.7612717469903
2746 445.0096924286187 244.196043225204 330.7589501324965
2747 451.5833134635331 308.7687482672175 333.0727979944135
2748 442.1647856814037 329.1788954754003 330.7544969676613
2749 343.3058806469724 395.9897307098937 332.8272340494948
2750 261.645377051233 392.9917838778992 332.2361953717876
2751 199.460944616747 391.4786325014923 332.0165754412153
2752 139.3795013808736 392.145157727242 332.4021358653991
2753 68.50101921918099 387.8223965108781 331.3980709972662
2754 -68.50096260635284 387.8282939863314 331.376874285684
2755 -139.3793568813573 392.1539615558711 332.3704748285969
2756 -199.4607186092704 391.4926513531881 331.9658945704473
2757 -261.6450895797917 393.010360692564 332.1682322411551
2758 -343.3056009920533 396.0119672482714 332.7444134271552
2759 -451.5274662155376 308.7673263080499 333.2918481619706
2760 -442.0830312413902 329.1768338628142 331.0718166197847
2761 -452.7163724813791 222.7857911693202 332.9253319867402
2762 -444.9495904679081 244.1951000038994 330.9829445324194
2763 -446.4388343422133 169.7070679145237 331.1692975283773
2764 -447.93892510175 148.196054056531 331.803800384206
2765 -446.0528760972045 102.5239334872574 331.9517669292179
2766 -444.6449377734187 82.06908482793149 331.8973992829822
2767 -440.9742889216426 20.5627660596994 331.8596162413389
2768 -442.1314032798044 40.62169362940532 331.953021536882
2769 -440.9421169670036 -20.56396296733348 331.9806765847807
2770 -442.0999150288934 -40.62294201712476 332.0723616517603
2771 -446.009243599583 -102.5263409644929 332.1127609288757
2772 -444.6005844748723 -82.07167512223317 332.0596929159367
2773 -446.4207251589405 -169.7078038808215 331.2353902282216
2774 -447.9223528774274 -148.1966783859121 331.863929421687
2775 -452.7599913167594 -222.7863527649228 332.7612717469903
2776 -445.0096924286187 -244.1960432252039 330.7589501324965
2777 -451.5833134635331 -308.7687482672175 333.0727979944135
2778 -442.1647856814037 -329.1788954754003 330.7544969676613
2779 -343.3058806469724 -395.9897307098937 332.8272340494948
2780 -261.645377051233 -392.9917838778992 332.2361953717876
2781 -199.460944616747 -391.4786325014923 332.0165754412153
2782 -139.3795013808736 -392.145157727242 332.4021358653991
2783 -68.50101921918099 -387.8223965108781 331.3980709972662
2784 68.50096260635284 -387.8282939863314 331.376874285684
2785 139.3793568813573 -392.1539615558711 332.3704748285969
2786 199.4607186092704 -391.4926513531881 331.9658945704473
2787 261.6450895797917 -393.010360692564 332.1682322411551
2788 343.3056009920533 -396.0119672482714 332.7444134271552
2789 451.5274662155376 -308.7673263080499 333.2918481619706
2790 442.0830312413902 -329.1768338628142 331.0718166197847
2791 452.7163724813791 -222.7857911693202 332.9253319867402
2792 444.9495904679081 -244.1951000038994 330.9829445324194
2793 446.4388343422133 -169.7070679145237 331.1692975283773
2794 447.93892510175 -148.196054056531 331.803800384206
2795 446.0528760972045 -102.5239334872574 331.9517669292179
2796 444.6449377734187 -82.06908482793149 331.8973992829822
2797 440.9742889216426 -20.5627660596994 331.8596162413389
2798 442.1314032798044 -40.62169362940532 331.953021536882
2799 486.7299777719583 22.85818716796385 343.254777465127
2800 487.6668419194838 44.81577416716452 343.3326404499509
2801 490.0714679108409 90.17171294487599 343.4287303656555
2802 489.9289620993761 113.9808298813898 343.1642208688581
2803 489.8636991616555 275.3698027728094 342.2027909841177
2804 492.8662948668382 362.0455947240645 343.1739215778055
2805 497.7081323398363 331.5012488058733 344.2356116202163
2806 472.8992510341756 408.6729842865616 340.6778127326987
2807 400.6192663045389 439.0768465253922 343.43214589256
2808 368.5452901661623 442.4132946954803 344.341838970261
2809 298.4562065884992 433.5326759258107 342.4930009232302
2810 221.7828605120347 432.6007864061997 342.5773956677857
2811 157.5972389258622 434.6063976429595 343.3075824850727
2812 137.1550751653031 434.2324502905478 343.2955289475181
2813 95.45299673161044 433.7856735654401 343.3081724609459
2814 76.49360920245226 433.5184057683134 343.2923046916586
2815 19.51047826364919 433.0099256163303 343.246702346508
2816 38.08409600554252 433.2034906174063 343.2765340271057
2817 -19.51047645679598 433.0104018295598 343.2447194705784
2818 -38.08409423214801 433.2039641044164 343.2745627873222
2819 -95.45298005935157 433.7872174510439 343.3017457145177
2820 -76.49359271806922 433.519953930429 343.2858575228988
2821 -157.597192399548 434.6092772193917 343.2955915572837
2822 -137.1550293096019 434.2353346084091 343.2835087600801
2823 -221.7827502654555 432.6061441880053 342.5550510727267
2824 -298.4560267612703 433.541104678142 342.457694494353
2825 -400.6190931837621 439.0872180620463 343.3883165192743
2826 -368.5451495535503 442.4217186918985 344.3061328570843
2827 -472.8811433760908 408.6610251219124 340.8070102777318
2828 -492.8250441151919 362.0452898041482 343.3547802141342
2829 -497.6757244930188 331.5010069420697 344.3793599834426
2830 -489.8286492173959 275.3696113695083 342.3511534936445
2831 -490.1016256365158 90.17050960614299 343.3010024171026
2832 -489.9605536850962 113.9796368501764 343.0295632636935
2833 -486.7515079884413 22.85765685803155 343.1611491892614
2834 -487.6879071998855 44.81521495254209 343.2404156075859
2835 -486.7299777719583 -22.85818716796385 343.254777465127
2836 -487.6668419194838 -44.81577416716452 343.3326404499509
2837 -490.0714679108409 -90.17171294487599 343.4287303656555
2838 -489.9289620993761 -113.9808298813898 343.1642208688581
2839 -489.8636991616555 -275.3698027728095 342.2027909841177
2840 -492.8662948668382 -362.0455947240645 343.1739215778055
2841 -497.7081323398363 -331.5012488058733 344.2356116202163
2842 -472.8992510341756 -408.6729842865616 340.6778127326987
2843 -400.6192663045389 -439.0768465253922 343.43214589256
2844 -368.5452901661623 -442.4132946954803 344.341838970261
2845 -298.4562065884992 -433.5326759258107 342.4930009232302
2846 -221.7828605120347 -432.6007864061997 342.5773956677857
2847 -157.5972389258622 -434.6063976429595 343.3075824850727
2848 -137.1550751653031 -434.2324502905478 343.2955289475181
2849 -95.45299673161044 -433.7856735654401 343.3081724609459
2850 -76.49360920245226 -433.5184057683134 343.2923046916586
2851 -19.51047826364919 -433.0099256163303 343.246702346508
2852 -38.08409600554252 -433.2034906174063 343.2765340271057
2853 19.51047645679598 -433.0104018295598 343.2447194705784
2854 38.08409423214801 -433.2039641044164 343.2745627873222
2855 95.45298005935157 -433.7872174510439 343.3017457145177
2856 76.49359271806922 -433.519953930429 343.2858575228988
2857 157.597192399548 -434.6092772193917 343.2955915572837
2858 137.1550293096019 -434.2353346084091 343.2835087600801
2859 221.7827502654555 -432.6061441880053 342.5550510727267
2860 298.4560267612703 -433.541104678142 342.457694494353
2861 400.619093183762 -439.0872180620464 343.3883165192743
2862 368.5451495535503 -442.4217186918985 344.3061328570843
2863 472.8811433760908 -408.6610251219124 340.8070102777318
2864 492.8250441151919 -362.0452898041482 343.3547802141342
2865 497.6757244930188 -331.5010069420697 344.3793599834426
2866 489.8286492173959 -275.3696113695083 342.3511534936445
2867 490.1016256365158 -90.17050960614299 343.3010024171026
2868 489.9605536850962 -113.9796368501764 343.0295632636935
2869 486.7515079884413 -22.85765685803155 343.1611491892614
2870 487.6879071998855 -44.81521495254209 343.2404156075859
2871 528.3914453378835 19.9023211277072 352.129909953927
2872 528.3677857069188 50.91766654704945 352.0225282093415
2873 533.0056584700729 401.870067416163 351.7728318975791
2874 526.6465792228992 476.3035426007621 354.0808136084328
2875 441.6405082158595 479.0243439065583 352.1209042009848
2876 79.57071443613987 472.25014471552 351.9483774602595
2877 105.2359628784605 472.3530070492033 351.9175663258393
2878 19.52524044657546 472.8686015476975 352.1449588908567
2879 42.23309228703682 472.8144830656366 352.117852646746
2880 -19.5252415357899 472.8682764102554 352.1465514356778
2881 -42.23309339170125 472.8141557028761 352.1194563595542
2882 -79.57072363787898 472.2491766200858 351.9531104204449
2883 -105.2359721823912 472.3520320491081 351.9223352427637
2884 -441.6405007810934 479.0247792856093 352.1187893566884
2885 -526.6439585656005 476.3005012538709 354.1084910320876
2886 -532.9841935371481 401.8702463952851 351.8802452577406
2887 -528.4046925751398 19.90218404759477 352.0627209074452
2888 -528.381299114626 50.91752768356731 351.9534618377123
2889 -528.3914453378835 -19.9023211277072 352.129909953927
2890 -528.3677857069188 -50.91766654704945 352.0225282093415
2891 -533.0056584700729 -401.870067416163 351.7728318975791
2892 -526.6465792228992 -476.3035426007621 354.0808136084328
2893 -441.6405082158595 -479.0243439065583 352.1209042009848
2894 -79.57071443613987 -472.25014471552 351.9483774602595
2895 -105.2359628784605 -472.3530070492033 351.9175663258393
2896 -19.52524044657546 -472.8686015476975 352.1449588908567
2897 -42.23309228703682 -472.8144830656366 352.117852646746
2898 19.52524153578991 -472.8682764102554 352.1465514356778
2899 42.23309339170128 -472.8141557028761 352.1194563595542
2900 79.57072363787898 -472.2491766200858 351.9531104204449
2901 105.2359721823912 -472.3520320491081 351.9223352427637
2902 441.6405007810934 -479.0247792856093 352.1187893566884
2903 526.6439585656005 -476.3005012538709 354.1084910320876
2904 532.9841935371481 -401.8702463952851 351.8802452577406
2905 528.4046925751398 -19.90218404759477 352.0627209074452
2906 528.381299114626 -50.91752768356731 351.9534618377123
2907 566.5215324308339 19.47376712828666 358.9479784650894
2908 571.1130220259877 309.3764837897418 358.9231502992202
2909 16.11076084631173 509.2013897722696 358.9252232558307
2910 -16.11076217630152 509.200661366642 358.9295657768275
2911 -571.1100018004404 309.3765053382521 358.9409237329393
2912 -566.5290805363321 19.47369696195282 358.9015295931448
2913 -566.5215324308339 -19.47376712828666 358.9479784650894
2914 -571.1130220259877 -309.3764837897418 358.9231502992202
2915 -16.11076084631173 -509.2013897722696 358.9252232558307
2916 16.11076217630152 -509.200661366642 358.9295657768275
2917 571.1100018004404 -309.3765053382521 358.9409237329393
2918 566.5290805363321 -19.47369696195282 358.9015295931448
2919 599.9816468338804 20.60987819978478 363.7833406792706
2920 600.2459405016417 61.82963459946438 363.7970220378119
2921 599.8392433172417 103.112250542139 363.6890634523156
2922 585.8987264982757 529.89949640078 363.7661907932755
2923 87.13382134372124 539.6064257673545 363.4835069185087
2924 17.80424925872386 541.5543965401465 363.7724672834257
2925 53.41274975293733 541.6257988467155 363.7751557611419
2926 -17.80425024568294 541.5537021242054 363.7778405424714
2927 -53.41275073713626 541.6251063726163 363.7805216274143
2928 -87.13382487664924 539.6040256227419 363.5019277799664
2929 -585.8972888778342 529.89801939656 363.7867006294667
2930 -599.8459371237077 103.1122162178143 363.6372498660783
2931 -599.9851341317166 20.60986512062016 363.7556856293584
2932 -600.2493780439058 61.82962170691039 363.7695618764528
2933 -599.9816468338804 -20.60987819978478 363.7833406792706
2934 -600.2459405016417 -61.82963459946438 363.7970220378119
2935 -599.8392433172417 -103.112250542139 363.6890634523156
2936 -585.8987264982757 -529.89949640078 363.7661907932755
2937 -87.13382134372124 -539.6064257673545 363.4835069185087
2938 -17.80424925872386 -541.5543965401465 363.7724672834257
2939 -53.41274975293733 -541.6257988467155 363.7751557611419
2940 17.80425024568294 -541.5537021242054 363.7778405424714
2941 53.41275073713626 -541.6251063726163 363.7805216274143
2942 87.13382487664924 -539.6040256227419 363.5019277799664
2943 585.8972888778342 -529.89801939656 363.7867006294667
2944 599.8459371237077 -103.1122162178143 363.6372498660783
2945 599.9851341317166 -20.60986512062016 363.7556856293584
2946 600.2493780439058 -61.82962170691039 363.7695618764528
2947 627.7068107851881 21.55187499994027 366.810014545628
2948 627.3828362667174 64.28253420608112 366.7810498932555
2949 610.953253835954 552.5620038170266 366.8017944453615
2950 18.68925000004684 568.5473271855186 366.802942868449
2951 56.06775000004683 568.5731090618394 366.805314289483
2952 -18.68924999995302 568.5468918621752 366.8076807192451
2953 -56.06774999995302 568.5726755865253 366.8100421577353
2954 -610.9527504048733 552.5615004234846 366.8111663081399
2955 -627.7080919260547 21.55187500006035 366.7958225289164
2956 -627.3841437417848 64.28253540222187 366.7664865618833
2957 -627.7068107851881 -21.55187499994027 366.810014545628
2958 -627.3828362667174 -64.28253420608112 366.7810498932555
2959 -610.953253835954 -552.5620038170266 366.8017944453615
2960 -18.68925000004684 -568.5473271855186 366.802942868449
2961 -56.06775000004683 -568.5731090618394 366.805314289483
2962 18.68924999995302 -568.5468918621752 366.8076807192451
2963 56.06774999995302 -568.5726755865253 366.8100421577353
2964 610.9527504048733 -552.5615004234846 366.8111663081399
2965 627.7080919260547 -21.55187500006035 366.7958225289164
2966 627.3841437417848 -64.28253540222187 366.7664865618833
$EndNodes
$Elements
11310
1 15 2 0 1 1
2 15 2 0 2 2
3 15 2 0 3 3
4 15 2 0 4 4
5 15 2 0 5 5
6 15 2 0 6 6
7 15 2 0 7 7
8 15 2 0 8 8
9 15 2 0 9 9
10 15 2 0 10 10
11 15 2 0 11 11
12 15 2 0 12 12
13 15 2 0 13 13
14 15 2 0 14 14
15 15 2 0 15 15
16 15 2 0 16 16
17 15 2 0 17 17
18 15 2 0 18 18
19 15 2 0 19 19
20 15 2 0 20 20
21 15 2 0 21 21
22 15 2 0 22 22
23 15 2 0 23 23
24 15 2 0 24 24
25 15 2 0 25 25
26 15 2 0 26 26
27 15 2 0 27 27
28 15 2 0 28 28
29 15 2 0 29 29
30 15 2 0 30 30
31 15 2 0 31 31
32 15 2 0 32 32
33 15 2 0 33 33
34 15 2 0 34 34
35 15 2 0 35 35
36 15 2 0 36 36
37 15 2 0 37 37
38 15 2 0 38 38
39 15 2 0 39 39
40 15 2 0 40 40
41 15 2 0 41 41
42 15 2 0 42 42
43 15 2 0 43 43
44 15 2 0 44 44
45 15 2 0 45 45
46 15 2 0 46 46
47 15 2 0 47 47
48 15 2 0 48 48
49 15 2 0 49 49
50 15 2 0 50 50
51 15 2 0 51 51
52 15 2 0 52 52
53 15 2 0 53 53
54 15 2 0 54 54
55 15 2 0 55 55
56 15 2 0 56 56
57 15 2 0 57 57
58 15 2 0 58 58
59 15 2 0 59 59
60 15 2 0 60 60
61 15 2 0 61 61
62 15 2 0 62 62
63 15 2 0 63 63
64 15 2 0 64 64
65 15 2 0 65 65
66 15 2 0 66 66
67 15 2 0 67 67
68 15 2 0 68 68
69 15 2 0 69 69
70 15 2 0 70 70
71 15 2 0 71 71
72 15 2 0 72 72
73 15 2 0 73 73
74 15 2 0 74 74
75 15 2 0 75 75
76 15 2 0 76 76
77 15 2 0 77 77
78 15 2 0 78 78
79 15 2 0 79 79
80 15 2 0 80 80
81 15 2 0 81 81
82 15 2 0 82 82
83 15 2 0 83 83
84 15 2 0 84 84
85 15 2 0 85 85
86 15 2 0 86 86
87 15 2 0 87 87
88 15 2 0 88 88
89 15 2 0 89 89
90 15 2 0 90 90
91 15 2 0 91 91
92 15 2 0 92 92
93 15 2 0 93 93
94 15 2 0 94 94
95 15 2 0 95 95
96 15 2 0 96 96
97 15 2 0 97 97
98 15 2 0 98 98
99 15 2 0 99 99
100 15 2 0 100 100
101 15 2 0 101 101
102 15 2 0 102 102
103 15 2 0 103 103
104 15 2 0 104 104
105 15 2 0 105 105
106 15 2 0 106 106
107 15 2 0 107 107
108 15 2 0 108 108
109 15 2 0 109 109
110 15 2 0 110 110
111 15 2 0 111 111
112 15 2 0 112 112
113 15 2 0 113 113
114 15 2 0 114 114
115 15 2 0 115 115
116 15 2 0 116 116
117 15 2 0 117 117
118 15 2 0 118 118
119 15 2 0 119 119
120 15 2 0 120 120
121 15 2 0 121 121
122 15 2 0 122 122
123 15 2 0 123 123
124 15 2 0 124 124
125 15 2 0 125 125
126 15 2 0 126 126
127 15 2 0 127 127
128 15 2 0 128 128
129 15 2 0 129 129
130 15 2 0 130 130
131 15 2 0 131 131
132 15 2 0 132 132
133 15 2 0 133 133
134 15 2 0 134 134
135 15 2 0 135 135
136 15 2 0 136 136
137 15 2 0 137 137
138 15 2 0 138 138
139 15 2 0 139 139
140 15 2 0 140 140
141 15 2 0 141 141
142 15 2 0 142 142
143 15 2 0 143 143
144 15 2 0 144 144
145 15 2 0 145 145
146 15 2 0 146 146
147 15 2 0 147 147
148 15 2 0 148 148
149 15 2 0 149 149
150 15 2 0 150 150
151 15 2 0 151 151
152 15 2 0 152 152
153 15 2 0 153 153
154 15 2 0 154 154
155 15 2 0 155 155
156 15 2 0 156 156
157 15 2 0 157 157
158 15 2 0 158 158
159 15 2 0 159 159
160 15 2 0 160 160
161 15 2 0 161 161
162 15 2 0 162 162
163 15 2 0 163 163
164 15 2 0 164 164
165 15 2 0 165 165
166 15 2 0 166 166
167 15 2 0 167 167
168 15 2 0 168 168
169 15 2 0 169 169
170 15 2 0 170 170
171 15 2 0 171 171
172 15 2 0 172 172
173 15 2 0 173 173
174 15 2 0 174 174
175 15 2 0 175 175
176 15 2 0 176 176
177 15 2 0 177 177
178 15 2 0 178 178
179 15 2 0 179 179
180 15 2 0 180 180
181 15 2 0 181 181
182 15 2 0 182 182
183 15 2 0 183 183
184 15 2 0 184 184
185 15 2 0 185 185
186 15 2 0 186 186
187 15 2 0 187 187
188 15 2 0 188 188
189 15 2 0 189 189
190 15 2 0 190 190
191 15 2 0 191 191
192 15 2 0 192 192
193 15 2 0 193 193
194 15 2 0 194 194
195 15 2 0 195 195
196 15 2 0 196 196
197 15 2 0 197 197
198 15 2 0 198 198
199 15 2 0 199 199
200 15 2 0 200 200
201 15 2 0 201 201
202 15 2 0 202 202
203 15 2 0 203 203
204 15 2 0 204 204
205 15 2 0 205 205
206 15 2 0 206 206
207 15 2 0 207 207
208 15 2 0 208 208
209 15 2 0 209 209
210 15 2 0 210 210
211 15 2 0 211 211
212 15 2 0 212 212
213 15 2 0 213 213
214 15 2 0 214 214
215 15 2 0 215 215
216 15 2 0 216 216
217 15 2 0 217 217
218 15 2 0 218 218
219 15 2 0 219 219
220 15 2 0 220 220
221 15 2 0 221 221
222 15 2 0 222 222
223 15 2 0 223 223
224 15 2 0 224 224
225 15 2 0 225 225
226 15 2 0 226 226
227 15 2 0 227 227
228 15 2 0 228 228
229 15 2 0 229 229
230 15 2 0 230 230
231 15 2 0 231 231
232 15 2 0 232 232
233 15 2 0 233 233
234 15 2 0 234 234
235 15 2 0 235 235
236 15 2 0 236 236
237 15 2 0 237 237
238 15 2 0 238 238
239 15 2 0 239 239
240 15 2 0 240 240
241 15 2 0 241 241
242 15 2 0 242 242
243 15 2 0 243 243
244 15 2 0 244 244
245 15 2 0 245 245
246 15 2 0 246 246
247 15 2 0 247 247
248 15 2 0 248 248
249 15 2 0 249 249
250 15 2 0 250 250
251 15 2 0 251 251
252 15 2 0 252 252
253 15 2 0 253 253
254 15 2 0 254 254
255 15 2 0 255 255
256 15 2 0 256 256
257 15 2 0 257 257
258 15 2 0 258 258
259 15 2 0 259 259
260 15 2 0 260 260
261 15 2 0 261 261
262 15 2 0 262 262
263 15 2 0 263 263
264 15 2 0 264 264
265 15 2 0 265 265
266 15 2 0 266 266
267 15 2 0 267 267
268 15 2 0 268 268
269 15 2 0 269 269
270 15 2 0 270 270
271 15 2 0 271 271
272 15 2 0 272 272
273 15 2 0 273 273
274 15 2 0 274 274
275 15 2 0 275 275
276 15 2 0 276 276
277 15 2 0 277 277
278 15 2 0 278 278
279 15 2 0 279 279
280 15 2 0 280 280
281 15 2 0 281 281
282 15 2 0 282 282
283 15 2 0 283 283
284 15 2 0 284 284
285 15 2 0 285 285
286 15 2 0 286 286
287 15 2 0 287 287
288 15 2 0 288 288
289 15 2 0 289 289
290 15 2 0 290 290
291 15 2 0 291 291
292 15 2 0 292 292
293 15 2 0 293 293
294 15 2 0 294 294
295 15 2 0 295 295
296 15 2 0 296 296
297 15 2 0 297 297
298 15 2 0 298 298
299 15 2 0 299 299
300 15 2 0 300 300
301 15 2 0 301 301
302 15 2 0 302 302
303 15 2 0 303 303
304 15 2 0 304 304
305 15 2 0 305 305
306 15 2 0 306 306
307 15 2 0 307 307
308 15 2 0 308 308
309 15 2 0 309 309
310 15 2 0 310 310
311 15 2 0 311 311
312 15 2 0 312 312
313 15 2 0 313 313
314 15 2 0 314 314
315 15 2 0 315 315
316 15 2 0 316 316
317 15 2 0 317 317
318 15 2 0 318 318
319 15 2 0 319 319
320 15 2 0 320 320
321 15 2 0 321 321
322 15 2 0 322 322
323 15 2 0 323 323
324 15 2 0 324 324
325 15 2 0 325 325
326 15 2 0 326 326
327 15 2 0 327 327
328 15 2 0 328 328
329 15 2 0 329 329
330 15 2 0 330 330
331 15 2 0 331 331
332 15 2 0 332 332
333 15 2 0 333 333
334 15 2 0 334 334
335 15 2 0 335 335
336 15 2 0 336 336
337 15 2 0 337 337
338 15 2 0 338 338
339 15 2 0 339 339
340 15 2 0 340 340
341 15 2 0 341 341
342 15 2 0 342 342
343 15 2 0 343 343
344 15 2 0 344 344
345 15 2 0 345 345
346 15 2 0 346 346
347 15 2 0 347 347
348 15 2 0 348 348
349 15 2 0 349 349
350 15 2 0 350 350
351 15 2 0 351 351
352 15 2 0 352 352
353 15 2 0 353 353
354 15 2 0 354 354
355 15 2 0 355 355
356 15 2 0 356 356
357 15 2 0 357 357
358 15 2 0 358 358
359 15 2 0 359 359
360 15 2 0 360 360
361 15 2 0 361 361
362 15 2 0 362 362
363 15 2 0 363 363
364 15 2 0 364 364
365 15 2 0 365 365
366 15 2 0 366 366
367 15 2 0 367 367
368 15 2 0 368 368
369 15 2 0 369 369
370 15 2 0 370 370
371 15 2 0 371 371
372 15 2 0 372 372
373 15 2 0 373 373
374 15 2 0 374 374
375 15 2 0 375 375
376 15 2 0 376 376
377 15 2 0 377 377
378 15 2 0 378 378
379 15 2 0 379 379
380 15 2 0 380 380
381 15 2 0 381 381
382 15 2 0 382 382
383 15 2 0 383 383
384 15 2 0 384 384
385 15 2 0 385 385
386 15 2 0 386 386
387 15 2 0 387 387
388 15 2 0 388 388
389 15 2 0 389 389
390 15 2 0 390 390
391 15 2 0 391 391
392 15 2 0 392 392
393 15 2 0 393 393
394 15 2 0 394 394
395 15 2 0 395 395
396 15 2 0 396 396
397 15 2 0 397 397
398 15 2 0 398 398
399 15 2 0 399 399
400 15 2 0 400 400
401 15 2 0 401 401
402 15 2 0 402 402
403 15 2 0 403 403
404 15 2 0 404 404
405 15 2 0 405 405
406 15 2 0 406 406
407 15 2 0 407 407
408 15 2 0 408 408
409 15 2 0 409 409
410 15 2 0 410 410
411 15 2 0 411 411
412 15 2 0 412 412
413 15 2 0 413 413
414 15 2 0 414 414
415 15 2 0 415 415
416 15 2 0 416 416
417 15 2 0 417 417
418 15 2 0 418 418
419 15 2 0 419 419
420 15 2 0 420 420
421 15 2 0 421 421
422 15 2 0 422 422
423 15 2 0 423 423
424 15 2 0 424 424
425 15 2 0 425 425
426 15 2 0 426 426
427 15 2 0 427 427
428 15 2 0 428 428
429 15 2 0 429 429
430 15 2 0 430 430
431 15 2 0 431 431
432 15 2 0 432 432
433 15 2 0 433 433
434 15 2 0 434 434
435 15 2 0 435 435
436 15 2 0 436 436
437 15 2 0 437 437
438 15 2 0 438 438
439 15 2 0 439 439
440 15 2 0 440 440
441 15 2 0 441 441
442 15 2 0 442 442
443 15 2 0 443 443
444 15 2 0 444 444
445 15 2 0 445 445
446 15 2 0 446 446
447 15 2 0 447 447
448 15 2 0 448 448
449 15 2 0 449 449
450 15 2 0 450 450
451 15 2 0 451 451
452 15 2 0 452 452
453 15 2 0 453 453
454 15 2 0 454 454
455 15 2 0 455 455
456 15 2 0 456 456
457 15 2 0 457 457
458 15 2 0 458 458
459 15 2 0 459 459
460 15 2 0 460 460
461 15 2 0 461 461
462 15 2 0 462 462
463 15 2 0 463 463
464 15 2 0 464 464
465 15 2 0 465 465
466 15 2 0 466 466
467 15 2 0 467 467
468 15 2 0 468 468
469 15 2 0 469 469
470 15 2 0 470 470
471 15 2 0 471 471
472 15 2 0 472 472
473 15 2 0 473 473
474 15 2 0 474 474
475 15 2 0 475 475
476 15 2 0 476 476
477 15 2 0 477 477
478 15 2 0 478 478
479 15 2 0 479 479
480 15 2 0 480 480
481 15 2 0 481 481
482 15 2 0 482 482
483 15 2 0 483 483
484 15 2 0 484 484
485 15 2 0 485 485
486 15 2 0 486 486
487 15 2 0 487 487
488 15 2 0 488 488
489 15 2 0 489 489
490 15 2 0 490 490
491 15 2 0 491 491
492 15 2 0 492 492
493 15 2 0 493 493
494 15 2 0 494 494
495 15 2 0 495 495
496 15 2 0 496 496
497 15 2 0 497 497
498 15 2 0 498 498
499 15 2 0 499 499
500 15 2 0 500 500
501 15 2 0 501 501
502 15 2 0 502 502
503 15 2 0 503 503
504 15 2 0 504 504
505 15 2 0 505 505
506 15 2 0 506 506
507 15 2 0 507 507
508 15 2 0 508 508
509 15 2 0 509 509
510 15 2 0 510 510
511 15 2 0 511 511
512 15 2 0 512 512
513 15 2 0 513 513
514 15 2 0 514 514
515 15 2 0 515 515
516 15 2 0 516 516
517 15 2 0 517 517
518 15 2 0 518 518
519 15 2 0 519 519
520 15 2 0 520 520
521 15 2 0 521 521
522 15 2 0 522 522
523 15 2 0 523 523
524 15 2 0 524 524
525 15 2 0 525 525
526 15 2 0 526 526
527 15 2 0 527 527
528 15 2 0 528 528
529 15 2 0 529 529
530 15 2 0 530 530
531 15 2 0 531 531
532 15 2 0 532 532
533 15 2 0 533 533
534 15 2 0 534 534
535 15 2 0 535 535
536 15 2 0 536 536
537 15 2 0 537 537
538 15 2 0 538 538
539 15 2 0 539 539
540 15 2 0 540 540
541 15 2 0 541 541
542 15 2 0 542 542
543 15 2 0 543 543
544 15 2 0 544 544
545 15 2 0 545 545
546 15 2 0 546 546
547 15 2 0 547 547
548 15 2 0 548 548
549 15 2 0 549 549
550 15 2 0 550 550
551 15 2 0 551 551
552 15 2 0 552 552
553 15 2 0 553 553
554 15 2 0 554 554
555 15 2 0 555 555
556 15 2 0 556 556
557 15 2 0 557 557
558 15 2 0 558 558
559 15 2 0 559 559
560 15 2 0 560 560
561 15 2 0 561 561
562 15 2 0 562 562
563 15 2 0 563 563
564 15 2 0 564 564
565 15 2 0 565 565
566 15 2 0 566 566
567 15 2 0 567 567
568 15 2 0 568 568
569 15 2 0 569 569
570 15 2 0 570 570
571 15 2 0 571 571
572 15 2 0 572 572
573 15 2 0 573 573
574 15 2 0 574 574
575 15 2 0 575 575
576 15 2 0 576 576
577 15 2 0 577 577
578 15 2 0 578 578
579 15 2 0 579 579
580 15 2 0 580 580
581 15 2 0 581 581
582 15 2 0 582 582
583 15 2 0 583 583
584 15 2 0 584 584
585 15 2 0 585 585
586 15 2 0 586 586
587 15 2 0 587 587
588 15 2 0 588 588
589 15 2 0 589 589
590 15 2 0 590 590
591 15 2 0 591 591
592 15 2 0 592 592
593 15 2 0 593 593
594 15 2 0 594 594
595 15 2 0 595 595
596 15 2 0 596 596
597 15 2 0 597 597
598 15 2 0 598 598
599 15 2 0 599 599
600 15 2 0 600 600
601 15 2 0 601 601
602 15 2 0 602 602
603 15 2 0 603 603
604 15 2 0 604 604
605 15 2 0 605 605
606 15 2 0 606 606
607 15 2 0 607 607
608 15 2 0 608 608
609 15 2 0 609 609
610 15 2 0 610 610
611 15 2 0 611 611
612 15 2 0 612 612
613 15 2 0 613 613
614 15 2 0 614 614
615 15 2 0 615 615
616 15 2 0 616 616
617 15 2 0 617 617
618 15 2 0 618 618
619 15 2 0 619 619
620 15 2 0 620 620
621 15 2 0 621 621
622 15 2 0 622 622
623 15 2 0 623 623
624 15 2 0 624 624
625 15 2 0 625 625
626 15 2 0 626 626
627 15 2 0 627 627
628 15 2 0 628 628
629 15 2 0 629 629
630 15 2 0 630 630
631 15 2 0 631 631
632 15 2 0 632 632
633 15 2 0 633 633
634 15 2 0 634 634
635 15 2 0 635 635
636 15 2 0 636 636
637 15 2 0 637 637
638 15 2 0 638 638
639 15 2 0 639 639
640 15 2 0 640 640
641 15 2 0 641 641
642 15 2 0 642 642
643 15 2 0 643 643
644 15 2 0 644 644
645 15 2 0 645 645
646 15 2 0 646 646
647 15 2 0 647 647
648 15 2 0 648 648
649 15 2 0 649 649
650 15 2 0 650 650
651 15 2 0 651 651
652 15 2 0 652 652
653 15 2 0 653 653
654 15 2 0 654 654
655 15 2 0 655 655
656 15 2 0 656 656
657 15 2 0 657 657
658 15 2 0 658 658
659 15 2 0 659 659
660 15 2 0 660 660
661 15 2 0 661 661
662 15 2 0 662 662
663 15 2 0 663 663
664 15 2 0 664 664
665 15 2 0 665 665
666 15 2 0 666 666
667 15 2 0 667 667
668 15 2 0 668 668
669 15 2 0 669 669
670 15 2 0 670 670
671 15 2 0 671 671
672 15 2 0 672 672
673 15 2 0 673 673
674 15 2 0 674 674
675 15 2 0 675 675
676 15 2 0 676 676
677 15 2 0 677 677
678 15 2 0 678 678
679 15 2 0 679 679
680 15 2 0 680 680
681 15 2 0 681 681
682 15 2 0 682 682
683 15 2 0 683 683
684 15 2 0 684 684
685 15 2 0 685 685
686 15 2 0 686 686
687 15 2 0 687 687
688 15 2 0 688 688
689 15 2 0 689 689
690 15 2 0 690 690
691 15 2 0 691 691
692 15 2 0 692 692
693 15 2 0 693 693
694 15 2 0 694 694
695 15 2 0 695 695
696 15 2 0 696 696
697 15 2 0 697 697
698 15 2 0 698 698
699 15 2 0 699 699
700 15 2 0 700 700
701 15 2 0 701 701
702 15 2 0 702 702
703 15 2 0 703 703
704 15 2 0 704 704
705 15 2 0 705 705
706 15 2 0 706 706
707 15 2 0 707 707
708 15 2 0 708 708
709 15 2 0 709 709
710 15 2 0 710 710
711 15 2 0 711 711
712 15 2 0 712 712
713 15 2 0 713 713
714 15 2 0 714 714
715 15 2 0 715 715
716 15 2 0 716 716
717 15 2 0 717 717
718 15 2 0 718 718
719 15 2 0 719 719
720 15 2 0 720 720
721 15 2 0 721 721
722 15 2 0 722 722
723 15 2 0 723 723
724 15 2 0 724 724
725 15 2 0 725 725
726 15 2 0 726 726
727 15 2 0 727 727
728 15 2 0 728 728
729 15 2 0 729 729
730 15 2 0 730 730
731 15 2 0 731 731
732 15 2 0 732 732
733 15 2 0 733 733
734 15 2 0 734 734
735 15 2 0 735 735
736 15 2 0 736 736
737 15 2 0 737 737
738 15 2 0 738 738
739 15 2 0 739 739
740 15 2 0 740 740
741 15 2 0 741 741
742 15 2 0 742 742
743 15 2 0 743 743
744 15 2 0 744 744
745 15 2 0 745 745
746 15 2 0 746 746
747 15 2 0 747 747
748 15 2 0 748 748
749 15 2 0 749 749
750 15 2 0 750 750
751 15 2 0 751 751
752 15 2 0 752 752
753 15 2 0 753 753
754 15 2 0 754 754
755 15 2 0 755 755
756 15 2 0 756 756
757 15 2 0 757 757
758 15 2 0 758 758
759 15 2 0 759 759
760 15 2 0 760 760
761 15 2 0 761 761
762 15 2 0 762 762
763 15 2 0 763 763
764 15 2 0 764 764
765 15 2 0 765 765
766 15 2 0 766 766
767 15 2 0 767 767
768 15 2 0 768 768
769 15 2 0 769 769
770 15 2 0 770 770
771 15 2 0 771 771
772 15 2 0 772 772
773 15 2 0 773 773
774 15 2 0 774 774
775 15 2 0 775 775
776 15 2 0 776 776
777 15 2 0 777 777
778 15 2 0 778 778
779 15 2 0 779 779
780 15 2 0 780 780
781 15 2 0 781 781
782 15 2 0 782 782
783 15 2 0 783 783
784 15 2 0 784 784
785 15 2 0 785 785
786 15 2 0 786 786
787 15 2 0 787 787
788 15 2 0 788 788
789 15 2 0 789 789
790 15 2 0 790 790
791 15 2 0 791 791
792 15 2 0 792 792
793 15 2 0 793 793
794 15 2 0 794 794
795 15 2 0 795 795
796 15 2 0 796 796
797 15 2 0 797 797
798 15 2 0 798 798
799 15 2 0 799 799
800 15 2 0 800 800
801 15 2 0 801 801
802 15 2 0 802 802
803 15 2 0 803 803
804 15 2 0 804 804
805 15 2 0 805 805
806 15 2 0 806 806
807 15 2 0 807 807
808 15 2 0 808 808
809 15 2 0 809 809
810 15 2 0 810 810
811 15 2 0 811 811
812 15 2 0 812 812
813 15 2 0 813 813
814 15 2 0 814 814
815 15 2 0 815 815
816 15 2 0 816 816
817 15 2 0 817 817
818 15 2 0 818 818
819 15 2 0 819 819
820 15 2 0 820 820
821 15 2 0 821 821
822 15 2 0 822 822
823 15 2 0 823 823
824 15 2 0 824 824
825 15 2 0 825 825
826 15 2 0 826 826
827 15 2 0 827 827
828 15 2 0 828 828
829 15 2 0 829 829
830 15 2 0 830 830
831 15 2 0 831 831
832 15 2 0 832 832
833 15 2 0 833 833
834 15 2 0 834 834
835 15 2 0 835 835
836 15 2 0 836 836
837 15 2 0 837 837
838 15 2 0 838 838
839 15 2 0 839 839
840 15 2 0 840 840
841 15 2 0 841 841
842 15 2 0 842 842
843 15 2 0 843 843
844 15 2 0 844 844
845 15 2 0 845 845
846 15 2 0 846 846
847 15 2 0 847 847
848 15 2 0 848 848
849 15 2 0 849 849
850 15 2 0 850 850
851 15 2 0 851 851
852 15 2 0 852 852
853 15 2 0 853 853
854 15 2 0 854 854
855 15 2 0 855 855
856 15 2 0 856 856
857 15 2 0 857 857
858 15 2 0 858 858
859 15 2 0 859 859
860 15 2 0 860 860
861 15 2 0 861 861
862 15 2 0 862 862
863 15 2 0 863 863
864 15 2 0 864 864
865 15 2 0 865 865
866 15 2 0 866 866
867 15 2 0 867 867
868 15 2 0 868 868
869 15 2 0 869 869
870 15 2 0 870 870
871 15 2 0 871 871
872 15 2 0 872 872
873 15 2 0 873 873
874 15 2 0 874 874
875 15 2 0 875 875
876 15 2 0 876 876
877 15 2 0 877 877
878 15 2 0 878 878
879 15 2 0 879 879
880 15 2 0 880 880
881 15 2 0 881 881
882 15 2 0 882 882
883 15 2 0 883 883
884 15 2 0 884 884
885 15 2 0 885 885
886 15 2 0 886 886
887 15 2 0 887 887
888 15 2 0 888 888
889 15 2 0 889 889
890 15 2 0 890 890
891 15 2 0 891 891
892 15 2 0 892 892
893 15 2 0 893 893
894 15 2 0 894 894
895 15 2 0 895 895
896 15 2 0 896 896
897 15 2 0 897 897
898 15 2 0 898 898
899 15 2 0 899 899
900 15 2 0 900 900
901 15 2 0 901 901
902 15 2 0 902 902
903 15 2 0 903 903
904 15 2 0 904 904
905 15 2 0 905 905
906 15 2 0 906 906
907 15 2 0 907 907
908 15 2 0 908 908
909 15 2 0 909 909
910 15 2 0 910 910
911 15 2 0 911 911
912 15 2 0 912 912
913 15 2 0 913 913
914 15 2 0 914 914
915 15 2 0 915 915
916 15 2 0 916 916
917 15 2 0 917 917
918 15 2 0 918 918
919 15 2 0 919 919
920 15 2 0 920 920
921 15 2 0 921 921
922 15 2 0 922 922
923 15 2 0 923 923
924 15 2 0 924 924
925 15 2 0 925 925
926 15 2 0 926 926
927 15 2 0 927 927
928 15 2 0 928 928
929 15 2 0 929 929
930 15 2 0 930 930
931 15 2 0 931 931
932 15 2 0 932 932
933 15 2 0 933 933
934 15 2 0 934 934
935 15 2 0 935 935
936 15 2 0 936 936
937 15 2 0 937 937
938 15 2 0 938 938
939 15 2 0 939 939
940 15 2 0 940 940
941 15 2 0 941 941
942 15 2 0 942 942
943 15 2 0 943 943
944 15 2 0 944 944
945 15 2 0 945 945
946 15 2 0 946 946
947 15 2 0 947 947
948 15 2 0 948 948
949 15 2 0 949 949
950 15 2 0 950 950
951 15 2 0 951 951
952 15 2 0 952 952
953 15 2 0 953 953
954 15 2 0 954 954
955 15 2 0 955 955
956 15 2 0 956 956
957 15 2 0 957 957
958 15 2 0 958 958
959 15 2 0 959 959
960 15 2 0 960 960
961 15 2 0 961 961
962 15 2 0 962 962
963 15 2 0 963 963
964 15 2 0 964 964
965 15 2 0 965 965
966 15 2 0 966 966
967 15 2 0 967 967
968 15 2 0 968 968
969 15 2 0 969 969
970 15 2 0 970 970
971 15 2 0 971 971
972 15 2 0 972 972
973 15 2 0 973 973
974 15 2 0 974 974
975 15 2 0 975 975
976 15 2 0 976 976
977 15 2 0 977 977
978 15 2 0 978 978
979 15 2 0 979 979
980 15 2 0 980 980
981 15 2 0 981 981
982 15 2 0 982 982
983 15 2 0 983 983
984 15 2 0 984 984
985 15 2 0 985 985
986 15 2 0 986 986
987 15 2 0 987 987
988 15 2 0 988 988
989 15 2 0 989 989
990 15 2 0 990 990
991 15 2 0 991 991
992 15 2 0 992 992
993 15 2 0 993 993
994 15 2 0 994 994
995 15 2 0 995 995
996 15 2 0 996 996
997 15 2 0 997 997
998 15 2 0 998 998
999 15 2 0 999 999
1000 15 2 0 1000 1000
1001 15 2 0 1001 1001
1002 15 2 0 1002 1002
1003 15 2 0 1003 1003
1004 15 2 0 1004 1004
1005 15 2 0 1005 1005
1006 15 2 0 1006 1006
1007 15 2 0 1007 1007
1008 15 2 0 1008 1008
1009 15 2 0 1009 1009
1010 15 2 0 1010 1010
1011 15 2 0 1011 1011
1012 15 2 0 1012 1012
1013 15 2 0 1013 1013
1014 15 2 0 1014 1014
1015 15 2 0 1015 1015
1016 15 2 0 1016 1016
1017 15 2 0 1017 1017
1018 15 2 0 1018 1018
1019 15 2 0 1019 1019
1020 15 2 0 1020 1020
1021 15 2 0 1021 1021
1022 15 2 0 1022 1022
1023 15 2 0 1023 1023
1024 15 2 0 1024 1024
1025 15 2 0 1025 1025
1026 15 2 0 1026 1026
1027 15 2 0 1027 1027
1028 15 2 0 1028 1028
1029 15 2 0 1029 1029
1030 15 2 0 1030 1030
1031 15 2 0 1031 1031
1032 15 2 0 1032 1032
1033 15 2 0 1033 1033
1034 15 2 0 1034 1034
1035 15 2 0 1035 1035
1036 15 2 0 1036 1036
1037 15 2 0 1037 1037
1038 15 2 0 1038 1038
1039 15 2 0 1039 1039
1040 15 2 0 1040 1040
1041 15 2 0 1041 1041
1042 15 2 0 1042 1042
1043 15 2 0 1043 1043
1044 15 2 0 1044 1044
1045 15 2 0 1045 1045
1046 15 2 0 1046 1046
1047 15 2 0 1047 1047
1048 15 2 0 1048 1048
1049 15 2 0 1049 1049
1050 15 2 0 1050 1050
1051 15 2 0 1051 1051
1052 15 2 0 1052 1052
1053 15 2 0 1053 1053
1054 15 2 0 1054 1054
1055 15 2 0 1055 1055
1056 15 2 0 1056 1056
1057 15 2 0 1057 1057
1058 15 2 0 1058 1058
1059 15 2 0 1059 1059
1060 15 2 0 1060 1060
1061 15 2 0 1061 1061
1062 15 2 0 1062 1062
1063 15 2 0 1063 1063
1064 15 2 0 1064 1064
1065 15 2 0 1065 1065
1066 15 2 0 1066 1066
1067 15 2 0 1067 1067
1068 15 2 0 1068 1068
1069 15 2 0 1069 1069
1070 15 2 0 1070 1070
1071 15 2 0 1071 1071
1072 15 2 0 1072 1072
1073 15 2 0 1073 1073
1074 15 2 0 1074 1074
1075 15 2 0 1075 1075
1076 15 2 0 1076 1076
1077 15 2 0 1077 1077
1078 15 2 0 1078 1078
1079 15 2 0 1079 1079
1080 15 2 0 1080 1080
1081 15 2 0 1081 1081
1082 15 2 0 1082 1082
1083 15 2 0 1083 1083
1084 15 2 0 1084 1084
1085 15 2 0 1085 1085
1086 15 2 0 1086 1086
1087 15 2 0 1087 1087
1088 15 2 0 1088 1088
1089 15 2 0 1089 1089
1090 15 2 0 1090 1090
1091 15 2 0 1091 1091
1092 15 2 0 1092 1092
1093 15 2 0 1093 1093
1094 15 2 0 1094 1094
1095 15 2 0 1095 1095
1096 15 2 0 1096 1096
1097 15 2 0 1097 1097
1098 15 2 0 1098 1098
1099 15 2 0 1099 1099
1100 15 2 0 1100 1100
1101 15 2 0 1101 1101
1102 15 2 0 1102 1102
1103 15 2 0 1103 1103
1104 15 2 0 1104 1104
1105 15 2 0 1105 1105
1106 15 2 0 1106 1106
1107 15 2 0 1107 1107
1108 15 2 0 1108 1108
1109 15 2 0 1109 1109
1110 15 2 0 1110 1110
1111 15 2 0 1111 1111
1112 15 2 0 1112 1112
1113 15 2 0 1113 1113
1114 15 2 0 1114 1114
1115 15 2 0 1115 1115
1116 15 2 0 1116 1116
1117 15 2 0 1117 1117
1118 15 2 0 1118 1118
1119 15 2 0 1119 1119
1120 15 2 0 1120 1120
1121 15 2 0 1121 1121
1122 15 2 0 1122 1122
1123 15 2 0 1123 1123
1124 15 2 0 1124 1124
1125 15 2 0 1125 1125
1126 15 2 0 1126 1126
1127 15 2 0 1127 1127
1128 15 2 0 1128 1128
1129 15 2 0 1129 1129
1130 15 2 0 1130 1130
1131 15 2 0 1131 1131
1132 15 2 0 1132 1132
1133 15 2 0 1133 1133
1134 15 2 0 1134 1134
1135 15 2 0 1135 1135
1136 15 2 0 1136 1136
1137 15 2 0 1137 1137
1138 15 2 0 1138 1138
1139 15 2 0 1139 1139
1140 15 2 0 1140 1140
1141 15 2 0 1141 1141
1142 15 2 0 1142 1142
1143 15 2 0 1143 1143
1144 15 2 0 1144 1144
1145 15 2 0 1145 1145
1146 15 2 0 1146 1146
1147 15 2 0 1147 1147
1148 15 2 0 1148 1148
1149 15 2 0 1149 1149
1150 15 2 0 1150 1150
1151 15 2 0 1151 1151
1152 15 2 0 1152 1152
1153 15 2 0 1153 1153
1154 15 2 0 1154 1154
1155 15 2 0 1155 1155
1156 15 2 0 1156 1156
1157 15 2 0 1157 1157
1158 15 2 0 1158 1158
1159 15 2 0 1159 1159
1160 15 2 0 1160 1160
1161 15 2 0 1161 1161
1162 15 2 0 1162 1162
1163 15 2 0 1163 1163
1164 15 2 0 1164 1164
1165 15 2 0 1165 1165
1166 15 2 0 1166 1166
1167 15 2 0 1167 1167
1168 15 2 0 1168 1168
1169 15 2 0 1169 1169
1170 15 2 0 1170 1170
1171 15 2 0 1171 1171
1172 15 2 0 1172 1172
1173 15 2 0 1173 1173
1174 15 2 0 1174 1174
1175 15 2 0 1175 1175
1176 15 2 0 1176 1176
1177 15 2 0 1177 1177
1178 15 2 0 1178 1178
1179 15 2 0 1179 1179
1180 15 2 0 1180 1180
1181 15 2 0 1181 1181
1182 15 2 0 1182 1182
1183 15 2 0 1183 1183
1184 15 2 0 1184 1184
1185 15 2 0 1185 1185
1186 15 2 0 1186 1186
1187 15 2 0 1187 1187
1188 15 2 0 1188 1188
1189 15 2 0 1189 1189
1190 15 2 0 1190 1190
1191 15 2 0 1191 1191
1192 15 2 0 1192 1192
1193 15 2 0 1193 1193
1194 15 2 0 1194 1194
1195 15 2 0 1195 1195
1196 15 2 0 1196 1196
1197 15 2 0 1197 1197
1198 15 2 0 1198 1198
1199 15 2 0 1199 1199
1200 15 2 0 1200 1200
1201 15 2 0 1201 1201
1202 15 2 0 1202 1202
1203 15 2 0 1203 1203
1204 15 2 0 1204 1204
1205 15 2 0 1205 1205
1206 15 2 0 1206 1206
1207 15 2 0 1207 1207
1208 15 2 0 1208 1208
1209 15 2 0 1209 1209
1210 15 2 0 1210 1210
1211 15 2 0 1211 1211
1212 15 2 0 1212 1212
1213 15 2 0 1213 1213
1214 15 2 0 1214 1214
1215 15 2 0 1215 1215
1216 15 2 0 1216 1216
1217 15 2 0 1217 1217
1218 15 2 0 1218 1218
1219 15 2 0 1219 1219
1220 15 2 0 1220 1220
1221 15 2 0 1221 1221
1222 15 2 0 1222 1222
1223 15 2 0 1223 1223
1224 15 2 0 1224 1224
1225 15 2 0 1225 1225
1226 15 2 0 1226 1226
1227 15 2 0 1227 1227
1228 15 2 0 1228 1228
1229 15 2 0 1229 1229
1230 15 2 0 1230 1230
1231 15 2 0 1231 1231
1232 15 2 0 1232 1232
1233 15 2 0 1233 1233
1234 15 2 0 1234 1234
1235 15 2 0 1235 1235
1236 15 2 0 1236 1236
1237 15 2 0 1237 1237
1238 15 2 0 1238 1238
1239 15 2 0 1239 1239
1240 15 2 0 1240 1240
1241 15 2 0 1241 1241
1242 15 2 0 1242 1242
1243 15 2 0 1243 1243
1244 15 2 0 1244 1244
1245 15 2 0 1245 1245
1246 15 2 0 1246 1246
1247 15 2 0 1247 1247
1248 15 2 0 1248 1248
1249 15 2 0 1249 1249
1250 15 2 0 1250 1250
1251 15 2 0 1251 1251
1252 15 2 0 1252 1252
1253 15 2 0 1253 1253
1254 15 2 0 1254 1254
1255 15 2 0 1255 1255
1256 15 2 0 1256 1256
1257 15 2 0 1257 1257
1258 15 2 0 1258 1258
1259 15 2 0 1259 1259
1260 15 2 0 1260 1260
1261 15 2 0 1261 1261
1262 15 2 0 1262 1262
1263 15 2 0 1263 1263
1264 15 2 0 1264 1264
1265 15 2 0 1265 1265
1266 15 2 0 1266 1266
1267 15 2 0 1267 1267
1268 15 2 0 1268 1268
1269 15 2 0 1269 1269
1270 15 2 0 1270 1270
1271 15 2 0 1271 1271
1272 15 2 0 1272 1272
1273 15 2 0 1273 1273
1274 15 2 0 1274 1274
1275 15 2 0 1275 1275
1276 15 2 0 1276 1276
1277 15 2 0 1277 1277
1278 15 2 0 1278 1278
1279 15 2 0 1279 1279
1280 15 2 0 1280 1280
1281 15 2 0 1281 1281
1282 15 2 0 1282 1282
1283 15 2 0 1283 1283
1284 15 2 0 1284 1284
1285 15 2 0 1285 1285
1286 15 2 0 1286 1286
1287 15 2 0 1287 1287
1288 15 2 0 1288 1288
1289 15 2 0 1289 1289
1290 15 2 0 1290 1290
1291 15 2 0 1291 1291
1292 15 2 0 1292 1292
1293 15 2 0 1293 1293
1294 15 2 0 1294 1294
1295 15 2 0 1295 1295
1296 15 2 0 1296 1296
1297 15 2 0 1297 1297
1298 15 2 0 1298 1298
1299 15 2 0 1299 1299
1300 15 2 0 1300 1300
1301 15 2 0 1301 1301
1302 15 2 0 1302 1302
1303 15 2 0 1303 1303
1304 15 2 0 1304 1304
1305 15 2 0 1305 1305
1306 15 2 0 1306 1306
1307 15 2 0 1307 1307
1308 15 2 0 1308 1308
1309 15 2 0 1309 1309
1310 15 2 0 1310 1310
1311 15 2 0 1311 1311
1312 15 2 0 1312 1312
1313 15 2 0 1313 1313
1314 15 2 0 1314 1314
1315 15 2 0 1315 1315
1316 15 2 0 1316 1316
1317 15 2 0 1317 1317
1318 15 2 0 1318 1318
1319 15 2 0 1319 1319
1320 15 2 0 1320 1320
1321 15 2 0 1321 1321
1322 15 2 0 1322 1322
1323 15 2 0 1323 1323
1324 15 2 0 1324 1324
1325 15 2 0 1325 1325
1326 15 2 0 1326 1326
1327 15 2 0 1327 1327
1328 15 2 0 1328 1328
1329 15 2 0 1329 1329
1330 15 2 0 1330 1330
1331 15 2 0 1331 1331
1332 15 2 0 1332 1332
1333 15 2 0 1333 1333
1334 15 2 0 1334 1334
1335 15 2 0 1335 1335
1336 15 2 0 1336 1336
1337 15 2 0 1337 1337
1338 15 2 0 1338 1338
1339 15 2 0 1339 1339
1340 15 2 0 1340 1340
1341 15 2 0 1341 1341
1342 15 2 0 1342 1342
1343 15 2 0 1343 1343
1344 15 2 0 1344 1344
1345 15 2 0 1345 1345
1346 15 2 0 1346 1346
1347 15 2 0 1347 1347
1348 15 2 0 1348 1348
1349 15 2 0 1349 1349
1350 15 2 0 1350 1350
1351 15 2 0 1351 1351
1352 15 2 0 1352 1352
1353 15 2 0 1353 1353
1354 15 2 0 1354 1354
1355 15 2 0 1355 1355
1356 15 2 0 1356 1356
1357 15 2 0 1357 1357
1358 15 2 0 1358 1358
1359 15 2 0 1359 1359
1360 15 2 0 1360 1360
1361 15 2 0 1361 1361
1362 15 2 0 1362 1362
1363 15 2 0 1363 1363
1364 15 2 0 1364 1364
1365 15 2 0 1365 1365
1366 15 2 0 1366 1366
1367 15 2 0 1367 1367
1368 15 2 0 1368 1368
1369 15 2 0 1369 1369
1370 15 2 0 1370 1370
1371 15 2 0 1371 1371
1372 15 2 0 1372 1372
1373 15 2 0 1373 1373
1374 15 2 0 1374 1374
1375 15 2 0 1375 1375
1376 15 2 0 1376 1376
1377 15 2 0 1377 1377
1378 15 2 0 1378 1378
1379 15 2 0 1379 1379
1380 15 2 0 1380 1380
1381 15 2 0 1381 1381
1382 15 2 0 1382 1382
1383 15 2 0 1383 1383
1384 15 2 0 1384 1384
1385 15 2 0 1385 1385
1386 15 2 0 1386 1386
1387 15 2 0 1387 1387
1388 15 2 0 1388 1388
1389 15 2 0 1389 1389
1390 15 2 0 1390 1390
1391 15 2 0 1391 1391
1392 15 2 0 1392 1392
1393 15 2 0 1393 1393
1394 15 2 0 1394 1394
1395 15 2 0 1395 1395
1396 15 2 0 1396 1396
1397 15 2 0 1397 1397
1398 15 2 0 1398 1398
1399 15 2 0 1399 1399
1400 15 2 0 1400 1400
1401 15 2 0 1401 1401
1402 15 2 0 1402 1402
1403 15 2 0 1403 1403
1404 15 2 0 1404 1404
1405 15 2 0 1405 1405
1406 15 2 0 1406 1406
1407 15 2 0 1407 1407
1408 15 2 0 1408 1408
1409 15 2 0 1409 1409
1410 15 2 0 1410 1410
1411 15 2 0 1411 1411
1412 15 2 0 1412 1412
1413 15 2 0 1413 1413
1414 15 2 0 1414 1414
1415 15 2 0 1415 1415
1416 15 2 0 1416 1416
1417 15 2 0 1417 1417
1418 15 2 0 1418 1418
1419 15 2 0 1419 1419
1420 15 2 0 1420 1420
1421 15 2 0 1421 1421
1422 15 2 0 1422 1422
1423 15 2 0 1423 1423
1424 15 2 0 1424 1424
1425 15 2 0 1425 1425
1426 15 2 0 1426 1426
1427 15 2 0 1427 1427
1428 15 2 0 1428 1428
1429 15 2 0 1429 1429
1430 15 2 0 1430 1430
1431 15 2 0 1431 1431
1432 15 2 0 1432 1432
1433 15 2 0 1433 1433
1434 15 2 0 1434 1434
1435 15 2 0 1435 1435
1436 15 2 0 1436 1436
1437 15 2 0 1437 1437
1438 15 2 0 1438 1438
1439 15 2 0 1439 1439
1440 15 2 0 1440 1440
1441 15 2 0 1441 1441
1442 15 2 0 1442 1442
1443 15 2 0 1443 1443
1444 15 2 0 1444 1444
1445 15 2 0 1445 1445
1446 15 2 0 1446 1446
1447 15 2 0 1447 1447
1448 15 2 0 1448 1448
1449 15 2 0 1449 1449
1450 15 2 0 1450 1450
1451 15 2 0 1451 1451
1452 15 2 0 1452 1452
1453 15 2 0 1453 1453
1454 15 2 0 1454 1454
1455 15 2 0 1455 1455
1456 15 2 0 1456 1456
1457 15 2 0 1457 1457
1458 15 2 0 1458 1458
1459 15 2 0 1459 1459
1460 15 2 0 1460 1460
1461 15 2 0 1461 1461
1462 15 2 0 1462 1462
1463 15 2 0 1463 1463
1464 15 2 0 1464 1464
1465 15 2 0 1465 1465
1466 15 2 0 1466 1466
1467 15 2 0 1467 1467
1468 15 2 0 1468 1468
1469 15 2 0 1469 1469
1470 15 2 0 1470 1470
1471 15 2 0 1471 1471
1472 15 2 0 1472 1472
1473 15 2 0 1473 1473
1474 15 2 0 1474 1474
1475 15 2 0 1475 1475
1476 15 2 0 1476 1476
1477 15 2 0 1477 1477
1478 15 2 0 1478 1478
1479 15 2 0 1479 1479
1480 15 2 0 1480 1480
1481 15 2 0 1481 1481
1482 15 2 0 1482 1482
1483 15 2 0 1483 1483
1484 15 2 0 1484 1484
1485 15 2 0 1485 1485
1486 15 2 0 1486 1486
1487 15 2 0 1487 1487
1488 15 2 0 1488 1488
1489 15 2 0 1489 1489
1490 15 2 0 1490 1490
1491 15 2 0 1491 1491
1492 15 2 0 1492 1492
1493 15 2 0 1493 1493
1494 15 2 0 1494 1494
1495 15 2 0 1495 1495
1496 15 2 0 1496 1496
1497 15 2 0 1497 1497
1498 15 2 0 1498 1498
1499 15 2 0 1499 1499
1500 15 2 0 1500 1500
1501 15 2 0 1501 1501
1502 15 2 0 1502 1502
1503 15 2 0 1503 1503
1504 15 2 0 1504 1504
1505 15 2 0 1505 1505
1506 15 2 0 1506 1506
1507 15 2 0 1507 1507
1508 15 2 0 1508 1508
1509 15 2 0 1509 1509
1510 15 2 0 1510 1510
1511 15 2 0 1511 1511
1512 15 2 0 1512 1512
1513 15 2 0 1513 1513
1514 15 2 0 1514 1514
1515 15 2 0 1515 1515
1516 15 2 0 1516 1516
1517 15 2 0 1517 1517
1518 15 2 0 1518 1518
1519 15 2 0 1519 1519
1520 15 2 0 1520 1520
1521 15 2 0 1521 1521
1522 15 2 0 1522 1522
1523 15 2 0 1523 1523
1524 15 2 0 1524 1524
1525 15 2 0 1525 1525
1526 15 2 0 1526 1526
1527 15 2 0 1527 1527
1528 15 2 0 1528 1528
1529 15 2 0 1529 1529
1530 15 2 0 1530 1530
1531 15 2 0 1531 1531
1532 15 2 0 1532 1532
1533 15 2 0 1533 1533
1534 15 2 0 1534 1534
1535 15 2 0 1535 1535
1536 15 2 0 1536 1536
1537 15 2 0 1537 1537
1538 15 2 0 1538 1538
1539 15 2 0 1539 1539
1540 15 2 0 1540 1540
1541 15 2 0 1541 1541
1542 15 2 0 1542 1542
1543 15 2 0 1543 1543
1544 15 2 0 1544 1544
1545 15 2 0 1545 1545
1546 15 2 0 1546 1546
1547 15 2 0 1547 1547
1548 15 2 0 1548 1548
1549 15 2 0 1549 1549
1550 15 2 0 1550 1550
1551 15 2 0 1551 1551
1552 15 2 0 1552 1552
1553 15 2 0 1553 1553
1554 15 2 0 1554 1554
1555 15 2 0 1555 1555
1556 15 2 0 1556 1556
1557 15 2 0 1557 1557
1558 15 2 0 1558 1558
1559 15 2 0 1559 1559
1560 15 2 0 1560 1560
1561 15 2 0 1561 1561
1562 15 2 0 1562 1562
1563 15 2 0 1563 1563
1564 15 2 0 1564 1564
1565 15 2 0 1565 1565
1566 15 2 0 1566 1566
1567 15 2 0 1567 1567
1568 15 2 0 1568 1568
1569 15 2 0 1569 1569
1570 15 2 0 1570 1570
1571 15 2 0 1571 1571
1572 15 2 0 1572 1572
1573 15 2 0 1573 1573
1574 15 2 0 1574 1574
1575 15 2 0 1575 1575
1576 15 2 0 1576 1576
1577 15 2 0 1577 1577
1578 15 2 0 1578 1578
1579 15 2 0 1579 1579
1580 15 2 0 1580 1580
1581 15 2 0 1581 1581
1582 15 2 0 1582 1582
1583 15 2 0 1583 1583
1584 15 2 0 1584 1584
1585 15 2 0 1585 1585
1586 15 2 0 1586 1586
1587 15 2 0 1587 1587
1588 15 2 0 1588 1588
1589 15 2 0 1589 1589
1590 15 2 0 1590 1590
1591 15 2 0 1591 1591
1592 15 2 0 1592 1592
1593 15 2 0 1593 1593
1594 15 2 0 1594 1594
1595 15 2 0 1595 1595
1596 15 2 0 1596 1596
1597 15 2 0 1597 1597
1598 15 2 0 1598 1598
1599 15 2 0 1599 1599
1600 15 2 0 1600 1600
1601 1 2 0 1 1 65
1602 1 2 0 2 1 2
1603 1 2 0 3 2 66
1604 1 2 0 4 2 3
1605 1 2 0 5 3 67
1606 1 2 0 6 3 4
1607 1 2 0 7 4 68
1608 1 2 0 8 4 5
1609 1 2 0 9 5 69
1610 1 2 0 10 5 6
1611 1 2 0 11 6 70
1612 1 2 0 12 6 7
1613 1 2 0 13 7 71
1614 1 2 0 14 7 8
1615 1 2 0 15 8 72
1616 1 2 0 16 8 9
1617 1 2 0 17 9 73
1618 1 2 0 18 9 10
1619 1 2 0 19 10 74
1620 1 2 0 20 10 11
1621 1 2 0 21 11 75
1622 1 2 0 22 11 12
1623 1 2 0 23 12 76
1624 1 2 0 24 12 13
1625 1 2 0 25 13 77
1626 1 2 0 26 13 14
1627 1 2 0 27 14 78
1628 1 2 0 28 14 15
1629 1 2 0 29 15 79
1630 1 2 0 30 15 16
1631 1 2 0 31 16 80
1632 1 2 0 32 16 17
1633 1 2 0 33 17 81
1634 1 2 0 34 17 18
1635 1 2 0 35 18 82
1636 1 2 0 36 18 19
1637 1 2 0 37 19 83
1638 1 2 0 38 19 20
1639 1 2 0 39 20 84
1640 1 2 0 40 20 21
1641 1 2 0 41 21 85
1642 1 2 0 42 21 22
1643 1 2 0 43 22 86
1644 1 2 0 44 22 23
1645 1 2 0 45 23 87
1646 1 2 0 46 23 24
1647 1 2 0 47 24 88
1648 1 2 0 48 24 25
1649 1 2 0 49 25 89
1650 1 2 0 50 25 26
1651 1 2 0 51 26 90
1652 1 2 0 52 26 27
1653 1 2 0 53 27 91
1654 1 2 0 54 27 28
1655 1 2 0 55 28 92
1656 1 2 0 56 28 29
1657 1 2 0 57 29 93
1658 1 2 0 58 29 30
1659 1 2 0 59 30 94
1660 1 2 0 60 30 31
1661 1 2 0 61 31 95
1662 1 2 0 62 31 32
1663 1 2 0 63 32 96
1664 1 2 0 64 32 33
1665 1 2 0 65 33 97
1666 1 2 0 66 33 34
1667 1 2 0 67 34 98
1668 1 2 0 68 34 35
1669 1 2 0 69 35 99
1670 1 2 0 70 35 36
1671 1 2 0 71 36 100
1672 1 2 0 72 36 37
1673 1 2 0 73 37 101
1674 1 2 0 74 37 38
1675 1 2 0 75 38 102
1676 1 2 0 76 38 39
1677 1 2 0 77 39 103
1678 1 2 0 78 39 40
1679 1 2 0 79 40 104
1680 1 2 0 80 40 41
1681 1 2 0 81 41 105
1682 1 2 0 82 41 42
1683 1 2 0 83 42 106
1684 1 2 0 84 42 43
1685 1 2 0 85 43 107
1686 1 2 0 86 43 44
1687 1 2 0 87 44 108
1688 1 2 0 88 44 45
1689 1 2 0 89 45 109
1690 1 2 0 90 45 46
1691 1 2 0 91 46 110
1692 1 2 0 92 46 47
1693 1 2 0 93 47 111
1694 1 2 0 94 47 48
1695 1 2 0 95 48 112
1696 1 2 0 96 48 49
1697 1 2 0 97 49 113
1698 1 2 0 98 49 50
1699 1 2 0 99 50 114
1700 1 2 0 100 50 51
1701 1 2 0 101 51 115
1702 1 2 0 102 51 52
1703 1 2 0 103 52 116
1704 1 2 0 104 52 53
1705 1 2 0 105 53 117
1706 1 2 0 106 53 54
1707 1 2 0 107 54 118
1708 1 2 0 108 54 55
1709 1 2 0 109 55 119
1710 1 2 0 110 55 56
1711 1 2 0 111 56 120
1712 1 2 0 112 56 57
1713 1 2 0 113 57 121
1714 1 2 0 114 57 58
1715 1 2 0 115 58 122
1716 1 2 0 116 58 59
1717 1 2 0 117 59 123
1718 1 2 0 118 59 60
1719 1 2 0 119 60 124
1720 1 2 0 120 60 61
1721 1 2 0 121 61 125
1722 1 2 0 122 61 62
1723 1 2 0 123 62 126
1724 1 2 0 124 62 63
1725 1 2 0 125 63 127
1726 1 2 0 126 63 64
1727 1 2 0 127 64 128
1728 1 2 0 128 64 1
1729 1 2 0 129 65 129
1730 1 2 0 130 65 66
1731 1 2 0 131 66 130
1732 1 2 0 132 66 67
1733 1 2 0 133 67 131
1734 1 2 0 134 67 68
1735 1 2 0 135 68 132
1736 1 2 0 136 68 69
1737 1 2 0 137 69 133
1738 1 2 0 138 69 70
1739 1 2 0 139 70 134
1740 1 2 0 140 70 71
1741 1 2 0 141 71 135
1742 1 2 0 142 71 72
1743 1 2 0 143 72 136
1744 1 2 0 144 72 73
1745 1 2 0 145 73 137
1746 1 2 0 146 73 74
1747 1 2 0 147 74 138
1748 1 2 0 148 74 75
1749 1 2 0 149 75 139
1750 1 2 0 150 75 76
1751 1 2 0 151 76 140
1752 1 2 0 152 76 77
1753 1 2 0 153 77 141
1754 1 2 0 154 77 78
1755 1 2 0 155 78 142
1756 1 2 0 156 78 79
1757 1 2 0 157 79 143
1758 1 2 0 158 79 80
1759 1 2 0 159 80 144
1760 1 2 0 160 80 81
1761 1 2 0 161 81 145
1762 1 2 0 162 81 82
1763 1 2 0 163 82 146
1764 1 2 0 164 82 83
1765 1 2 0 165 83 147
1766 1 2 0 166 83 84
1767 1 2 0 167 84 148
1768 1 2 0 168 84 85
1769 1 2 0 169 85 149
1770 1 2 0 170 85 86
1771 1 2 0 171 86 150
1772 1 2 0 172 86 87
1773 1 2 0 173 87 151
1774 1 2 0 174 87 88
1775 1 2 0 175 88 152
1776 1 2 0 176 88 89
1777 1 2 0 177 89 153
1778 1 2 0 178 89 90
1779 1 2 0 179 90 154
1780 1 2 0 180 90 91
1781 1 2 0 181 91 155
1782 1 2 0 182 91 92
1783 1 2 0 183 92 156
1784 1 2 0 184 92 93
1785 1 2 0 185 93 157
1786 1 2 0 186 93 94
1787 1 2 0 187 94 158
1788 1 2 0 188 94 95
1789 1 2 0 189 95 159
1790 1 2 0 190 95 96
1791 1 2 0 191 96 160
1792 1 2 0 192 96 97
1793 1 2 0 193 97 161
1794 1 2 0 194 97 98
1795 1 2 0 195 98 162
1796 1 2 0 196 98 99
1797 1 2 0 197 99 163
1798 1 2 0 198 99 100
1799 1 2 0 199 100 164
1800 1 2 0 200 100 101
1801 1 2 0 201 101 165
1802 1 2 0 202 101 102
1803 1 2 0 203 102 166
1804 1 2 0 204 102 103
1805 1 2 0 205 103 167
1806 1 2 0 206 103 104
1807 1 2 0 207 104 168
1808 1 2 0 208 104 105
1809 1 2 0 209 105 169
1810 1 2 0 210 105 106
1811 1 2 0 211 106 170
1812 1 2 0 212 106 107
1813 1 2 0 213 107 171
1814 1 2 0 214 107 108
1815 1 2 0 215 108 172
1816 1 2 0 216 108 109
1817 1 2 0 217 109 173
1818 1 2 0 218 109 110
1819 1 2 0 219 110 174
1820 1 2 0 220 110 111
1821 1 2 0 221 111 175
1822 1 2 0 222 111 112
1823 1 2 0 223 112 176
1824 1 2 0 224 112 113
1825 1 2 0 225 113 177
1826 1 2 0 226 113 114
1827 1 2 0 227 114 178
1828 1 2 0 228 114 115
1829 1 2 0 229 115 179
1830 1 2 0 230 115 116
1831 1 2 0 231 116 180
1832 1 2 0 232 116 117
1833 1 2 0 233 117 181
1834 1 2 0 234 117 118
1835 1 2 0 235 118 182
1836 1 2 0 236 118 119
1837 1 2 0 237 119 183
1838 1 2 0 238 119 120
1839 1 2 0 239 120 184
1840 1 2 0 240 120 121
1841 1 2 0 241 121 185
1842 1 2 0 242 121 122
1843 1 2 0 243 122 186
1844 1 2 0 244 122 123
1845 1 2 0 245 123 187
1846 1 2 0 246 123 124
1847 1 2 0 247 124 188
1848 1 2 0 248 124 125
1849 1 2 0 249 125 189
1850 1 2 0 250 125 126
1851 1 2 0 251 126 190
1852 1 2 0 252 126 127
1853 1 2 0 253 127 191
1854 1 2 0 254 127 128
1855 1 2 0 255 128 192
1856 1 2 0 256 128 65
1857 1 2 0 257 129 193
1858 1 2 0 258 129 130
1859 1 2 0 259 130 194
1860 1 2 0 260 130 131
1861 1 2 0 261 131 195
1862 1 2 0 262 131 132
1863 1 2 0 263 132 196
1864 1 2 0 264 132 133
1865 1 2 0 265 133 197
1866 1 2 0 266 133 134
1867 1 2 0 267 134 198
1868 1 2 0 268 134 135
1869 1 2 0 269 135 199
1870 1 2 0 270 135 136
1871 1 2 0 271 136 200
1872 1 2 0 272 136 137
1873 1 2 0 273 137 201
1874 1 2 0 274 137 138
1875 1 2 0 275 138 202
1876 1 2 0 276 138 139
1877 1 2 0 277 139 203
1878 1 2 0 278 139 140
1879 1 2 0 279 140 204
1880 1 2 0 280 140 141
1881 1 2 0 281 141 205
1882 1 2 0 282 141 142
1883 1 2 0 283 142 206
1884 1 2 0 284 142 143
1885 1 2 0 285 143 207
1886 1 2 0 286 143 144
1887 1 2 0 287 144 208
1888 1 2 0 288 144 145
1889 1 2 0 289 145 209
1890 1 2 0 290 145 146
1891 1 2 0 291 146 210
1892 1 2 0 292 146 147
1893 1 2 0 293 147 211
1894 1 2 0 294 147 148
1895 1 2 0 295 148 212
1896 1 2 0 296 148 149
1897 1 2 0 297 149 213
1898 1 2 0 298 149 150
1899 1 2 0 299 150 214
1900 1 2 0 300 150 151
1901 1 2 0 301 151 215
1902 1 2 0 302 151 152
1903 1 2 0 303 152 216
1904 1 2 0 304 152 153
1905 1 2 0 305 153 217
1906 1 2 0 306 153 154
1907 1 2 0 307 154 218
1908 1 2 0 308 154 155
1909 1 2 0 309 155 219
1910 1 2 0 310 155 156
1911 1 2 0 311 156 220
1912 1 2 0 312 156 157
1913 1 2 0 313 157 221
1914 1 2 0 314 157 158
1915 1 2 0 315 158 222
1916 1 2 0 316 158 159
1917 1 2 0 317 159 223
1918 1 2 0 318 159 160
1919 1 2 0 319 160 224
1920 1 2 0 320 160 161
1921 1 2 0 321 161 225
1922 1 2 0 322 161 162
1923 1 2 0 323 162 226
1924 1 2 0 324 162 163
1925 1 2 0 325 163 227
1926 1 2 0 326 163 164
1927 1 2 0 327 164 228
1928 1 2 0 328 164 165
1929 1 2 0 329 165 229
1930 1 2 0 330 165 166
1931 1 2 0 331 166 230
1932 1 2 0 332 166 167
1933 1 2 0 333 167 231
1934 1 2 0 334 167 168
1935 1 2 0 335 168 232
1936 1 2 0 336 168 169
1937 1 2 0 337 169 233
1938 1 2 0 338 169 170
1939 1 2 0 339 170 234
1940 1 2 0 340 170 171
1941 1 2 0 341 171 235
1942 1 2 0 342 171 172
1943 1 2 0 343 172 236
1944 1 2 0 344 172 173
1945 1 2 0 345 173 237
1946 1 2 0 346 173 174
1947 1 2 0 347 174 238
1948 1 2 0 348 174 175
1949 1 2 0 349 175 239
1950 1 2 0 350 175 176
1951 1 2 0 351 176 240
1952 1 2 0 352 176 177
1953 1 2 0 353 177 241
1954 1 2 0 354 177 178
1955 1 2 0 355 178 242
1956 1 2 0 356 178 179
1957 1 2 0 357 179 243
1958 1 2 0 358 179 180
1959 1 2 0 359 180 244
1960 1 2 0 360 180 181
1961 1 2 0 361 181 245
1962 1 2 0 362 181 182
1963 1 2 0 363 182 246
1964 1 2 0 364 182 183
1965 1 2 0 365 183 247
1966 1 2 0 366 183 184
1967 1 2 0 367 184 248
1968 1 2 0 368 184 185
1969 1 2 0 369 185 249
1970 1 2 0 370 185 186
1971 1 2 0 371 186 250
1972 1 2 0 372 186 187
1973 1 2 0 373 187 251
1974 1 2 0 374 187 188
1975 1 2 0 375 188 252
1976 1 2 0 376 188 189
1977 1 2 0 377 189 253
1978 1 2 0 378 189 190
1979 1 2 0 379 190 254
1980 1 2 0 380 190 191
1981 1 2 0 381 191 255
1982 1 2 0 382 191 192
1983 1 2 0 383 192 256
1984 1 2 0 384 192 129
1985 1 2 0 385 193 257
1986 1 2 0 386 193 194
1987 1 2 0 387 194 258
1988 1 2 0 388 194 195
1989 1 2 0 389 195 259
1990 1 2 0 390 195 196
1991 1 2 0 391 196 260
1992 1 2 0 392 196 197
1993 1 2 0 393 197 261
1994 1 2 0 394 197 198
1995 1 2 0 395 198 262
1996 1 2 0 396 198 199
1997 1 2 0 397 199 263
1998 1 2 0 398 199 200
1999 1 2 0 399 200 264
2000 1 2 0 400 200 201
2001 1 2 0 401 201 265
2002 1 2 0 402 201 202
2003 1 2 0 403 202 266
2004 1 2 0 404 202 203
2005 1 2 0 405 203 267
2006 1 2 0 406 203 204
2007 1 2 0 407 204 268
2008 1 2 0 408 204 205
2009 1 2 0 409 205 269
2010 1 2 0 410 205 206
2011 1 2 0 411 206 270
2012 1 2 0 412 206 207
2013 1 2 0 413 207 271
2014 1 2 0 414 207 208
2015 1 2 0 415 208 272
2016 1 2 0 416 208 209
2017 1 2 0 417 209 273
2018 1 2 0 418 209 210
2019 1 2 0 419 210 274
2020 1 2 0 420 210 211
2021 1 2 0 421 211 275
2022 1 2 0 422 211 212
2023 1 2 0 423 212 276
2024 1 2 0 424 212 213
2025 1 2 0 425 213 277
2026 1 2 0 426 213 214
2027 1 2 0 427 214 278
2028 1 2 0 428 214 215
2029 1 2 0 429 215 279
2030 1 2 0 430 215 216
2031 1 2 0 431 216 280
2032 1 2 0 432 216 217
2033 1 2 0 433 217 281
2034 1 2 0 434 217 218
2035 1 2 0 435 218 282
2036 1 2 0 436 218 219
2037 1 2 0 437 219 283
2038 1 2 0 438 219 220
2039 1 2 0 439 220 284
2040 1 2 0 440 220 221
2041 1 2 0 441 221 285
2042 1 2 0 442 221 222
2043 1 2 0 443 222 286
2044 1 2 0 444 222 223
2045 1 2 0 445 223 287
2046 1 2 0 446 223 224
2047 1 2 0 447 224 288
2048 1 2 0 448 224 225
2049 1 2 0 449 225 289
2050 1 2 0 450 225 226
2051 1 2 0 451 226 290
2052 1 2 0 452 226 227
2053 1 2 0 453 227 291
2054 1 2 0 454 227 228
2055 1 2 0 455 228 292
2056 1 2 0 456 228 229
2057 1 2 0 457 229 293
2058 1 2 0 458 229 230
2059 1 2 0 459 230 294
2060 1 2 0 460 230 231
2061 1 2 0 461 231 295
2062 1 2 0 462 231 232
2063 1 2 0 463 232 296
2064 1 2 0 464 232 233
2065 1 2 0 465 233 297
2066 1 2 0 466 233 234
2067 1 2 0 467 234 298
2068 1 2 0 468 234 235
2069 1 2 0 469 235 299
2070 1 2 0 470 235 236
2071 1 2 0 471 236 300
2072 1 2 0 472 236 237
2073 1 2 0 473 237 301
2074 1 2 0 474 237 238
2075 1 2 0 475 238 302
2076 1 2 0 476 238 239
2077 1 2 0 477 239 303
2078 1 2 0 478 239 240
2079 1 2 0 479 240 304
2080 1 2 0 480 240 241
2081 1 2 0 481 241 305
2082 1 2 0 482 241 242
2083 1 2 0 483 242 306
2084 1 2 0 484 242 243
2085 1 2 0 485 243 307
2086 1 2 0 486 243 244
2087 1 2 0 487 244 308
2088 1 2 0 488 244 245
2089 1 2 0 489 245 309
2090 1 2 0 490 245 246
2091 1 2 0 491 246 310
2092 1 2 0 492 246 247
2093 1 2 0 493 247 311
2094 1 2 0 494 247 248
2095 1 2 0 495 248 312
2096 1 2 0 496 248 249
2097 1 2 0 497 249 313
2098 1 2 0 498 249 250
2099 1 2 0 499 250 314
2100 1 2 0 500 250 251
2101 1 2 0 501 251 315
2102 1 2 0 502 251 252
2103 1 2 0 503 252 316
2104 1 2 0 504 252 253
2105 1 2 0 505 253 317
2106 1 2 0 506 253 254
2107 1 2 0 507 254 318
2108 1 2 0 508 254 255
2109 1 2 0 509 255 319
2110 1 2 0 510 255 256
2111 1 2 0 511 256 320
2112 1 2 0 512 256 193
2113 1 2 0 513 257 321
2114 1 2 0 514 257 258
2115 1 2 0 515 258 322
2116 1 2 0 516 258 259
2117 1 2 0 517 259 323
2118 1 2 0 518 259 260
2119 1 2 0 519 260 324
2120 1 2 0 520 260 261
2121 1 2 0 521 261 325
2122 1 2 0 522 261 262
2123 1 2 0 523 262 326
2124 1 2 0 524 262 263
2125 1 2 0 525 263 327
2126 1 2 0 526 263 264
2127 1 2 0 527 264 328
2128 1 2 0 528 264 265
2129 1 2 0 529 265 329
2130 1 2 0 530 265 266
2131 1 2 0 531 266 330
2132 1 2 0 532 266 267
2133 1 2 0 533 267 331
2134 1 2 0 534 267 268
2135 1 2 0 535 268 332
2136 1 2 0 536 268 269
2137 1 2 0 537 269 333
2138 1 2 0 538 269 270
2139 1 2 0 539 270 334
2140 1 2 0 540 270 271
2141 1 2 0 541 271 335
2142 1 2 0 542 271 272
2143 1 2 0 543 272 336
2144 1 2 0 544 272 273
2145 1 2 0 545 273 337
2146 1 2 0 546 273 274
2147 1 2 0 547 274 338
2148 1 2 0 548 274 275
2149 1 2 0 549 275 339
2150 1 2 0 550 275 276
2151 1 2 0 551 276 340
2152 1 2 0 552 276 277
2153 1 2 0 553 277 341
2154 1 2 0 554 277 278
2155 1 2 0 555 278 342
2156 1 2 0 556 278 279
2157 1 2 0 557 279 343
2158 1 2 0 558 279 280
2159 1 2 0 559 280 344
2160 1 2 0 560 280 281
2161 1 2 0 561 281 345
2162 1 2 0 562 281 282
2163 1 2 0 563 282 346
2164 1 2 0 564 282 283
2165 1 2 0 565 283 347
2166 1 2 0 566 283 284
2167 1 2 0 567 284 348
2168 1 2 0 568 284 285
2169 1 2 0 569 285 349
2170 1 2 0 570 285 286
2171 1 2 0 571 286 350
2172 1 2 0 572 286 287
2173 1 2 0 573 287 351
2174 1 2 0 574 287 288
2175 1 2 0 575 288 352
2176 1 2 0 576 288 289
2177 1 2 0 577 289 353
2178 1 2 0 578 289 290
2179 1 2 0 579 290 354
2180 1 2 0 580 290 291
2181 1 2 0 581 291 355
2182 1 2 0 582 291 292
2183 1 2 0 583 292 356
2184 1 2 0 584 292 293
2185 1 2 0 585 293 357
2186 1 2 0 586 293 294
2187 1 2 0 587 294 358
2188 1 2 0 588 294 295
2189 1 2 0 589 295 359
2190 1 2 0 590 295 296
2191 1 2 0 591 296 360
2192 1 2 0 592 296 297
2193 1 2 0 593 297 361
2194 1 2 0 594 297 298
2195 1 2 0 595 298 362
2196 1 2 0 596 298 299
2197 1 2 0 597 299 363
2198 1 2 0 598 299 300
2199 1 2 0 599 300 364
2200 1 2 0 600 300 301
2201 1 2 0 601 301 365
2202 1 2 0 602 301 302
2203 1 2 0 603 302 366
2204 1 2 0 604 302 303
2205 1 2 0 605 303 367
2206 1 2 0 606 303 304
2207 1 2 0 607 304 368
2208 1 2 0 608 304 305
2209 1 2 0 609 305 369
2210 1 2 0 610 305 306
2211 1 2 0 611 306 370
2212 1 2 0 612 306 307
2213 1 2 0 613 307 371
2214 1 2 0 614 307 308
2215 1 2 0 615 308 372
2216 1 2 0 616 308 309
2217 1 2 0 617 309 373
2218 1 2 0 618 309 310
2219 1 2 0 619 310 374
2220 1 2 0 620 310 311
2221 1 2 0 621 311 375
2222 1 2 0 622 311 312
2223 1 2 0 623 312 376
2224 1 2 0 624 312 313
2225 1 2 0 625 313 377
2226 1 2 0 626 313 314
2227 1 2 0 627 314 378
2228 1 2 0 628 314 315
2229 1 2 0 629 315 379
2230 1 2 0 630 315 316
2231 1 2 0 631 316 380
2232 1 2 0 632 316 317
2233 1 2 0 633 317 381
2234 1 2 0 634 317 318
2235 1 2 0 635 318 382
2236 1 2 0 636 318 319
2237 1 2 0 637 319 383
2238 1 2 0 638 319 320
2239 1 2 0 639 320 384
2240 1 2 0 640 320 257
2241 1 2 0 641 321 385
2242 1 2 0 642 321 322
2243 1 2 0 643 322 386
2244 1 2 0 644 322 323
2245 1 2 0 645 323 387
2246 1 2 0 646 323 324
2247 1 2 0 647 324 388
2248 1 2 0 648 324 325
2249 1 2 0 649 325 389
2250 1 2 0 650 325 326
2251 1 2 0 651 326 390
2252 1 2 0 652 326 327
2253 1 2 0 653 327 391
2254 1 2 0 654 327 328
2255 1 2 0 655 328 392
2256 1 2 0 656 328 329
2257 1 2 0 657 329 393
2258 1 2 0 658 329 330
2259 1 2 0 659 330 394
2260 1 2 0 660 330 331
2261 1 2 0 661 331 395
2262 1 2 0 662 331 332
2263 1 2 0 663 332 396
2264 1 2 0 664 332 333
2265 1 2 0 665 333 397
2266 1 2 0 666 333 334
2267 1 2 0 667 334 398
2268 1 2 0 668 334 335
2269 1 2 0 669 335 399
2270 1 2 0 670 335 336
2271 1 2 0 671 336 400
2272 1 2 0 672 336 337
2273 1 2 0 673 337 401
2274 1 2 0 674 337 338
2275 1 2 0 675 338 402
2276 1 2 0 676 338 339
2277 1 2 0 677 339 403
2278 1 2 0 678 339 340
2279 1 2 0 679 340 404
2280 1 2 0 680 340 341
2281 1 2 0 681 341 405
2282 1 2 0 682 341 342
2283 1 2 0 683 342 406
2284 1 2 0 684 342 343
2285 1 2 0 685 343 407
2286 1 2 0 686 343 344
2287 1 2 0 687 344 408
2288 1 2 0 688 344 345
2289 1 2 0 689 345 409
2290 1 2 0 690 345 346
2291 1 2 0 691 346 410
2292 1 2 0 692 346 347
2293 1 2 0 693 347 411
2294 1 2 0 694 347 348
2295 1 2 0 695 348 412
2296 1 2 0 696 348 349
2297 1 2 0 697 349 413
2298 1 2 0 698 349 350
2299 1 2 0 699 350 414
2300 1 2 0 700 350 351
2301 1 2 0 701 351 415
2302 1 2 0 702 351 352
2303 1 2 0 703 352 416
2304 1 2 0 704 352 353
2305 1 2 0 705 353 417
2306 1 2 0 706 353 354
2307 1 2 0 707 354 418
2308 1 2 0 708 354 355
2309 1 2 0 709 355 419
2310 1 2 0 710 355 356
2311 1 2 0 711 356 420
2312 1 2 0 712 356 357
2313 1 2 0 713 357 421
2314 1 2 0 714 357 358
2315 1 2 0 715 358 422
2316 1 2 0 716 358 359
2317 1 2 0 717 359 423
2318 1 2 0 718 359 360
2319 1 2 0 719 360 424
2320 1 2 0 720 360 361
2321 1 2 0 721 361 425
2322 1 2 0 722 361 362
2323 1 2 0 723 362 426
2324 1 2 0 724 362 363
2325 1 2 0 725 363 427
2326 1 2 0 726 363 364
2327 1 2 0 727 364 428
2328 1 2 0 728 364 365
2329 1 2 0 729 365 429
2330 1 2 0 730 365 366
2331 1 2 0 731 366 430
2332 1 2 0 732 366 367
2333 1 2 0 733 367 431
2334 1 2 0 734 367 368
2335 1 2 0 735 368 432
2336 1 2 0 736 368 369
2337 1 2 0 737 369 433
2338 1 2 0 738 369 370
2339 1 2 0 739 370 434
2340 1 2 0 740 370 371
2341 1 2 0 741 371 435
2342 1 2 0 742 371 372
2343 1 2 0 743 372 436
2344 1 2 0 744 372 373
2345 1 2 0 745 373 437
2346 1 2 0 746 373 374
2347 1 2 0 747 374 438
2348 1 2 0 748 374 375
2349 1 2 0 749 375 439
2350 1 2 0 750 375 376
2351 1 2 0 751 376 440
2352 1 2 0 752 376 377
2353 1 2 0 753 377 441
2354 1 2 0 754 377 378
2355 1 2 0 755 378 442
2356 1 2 0 756 378 379
2357 1 2 0 757 379 443
2358 1 2 0 758 379 380
2359 1 2 0 759 380 444
2360 1 2 0 760 380 381
2361 1 2 0 761 381 445
2362 1 2 0 762 381 382
2363 1 2 0 763 382 446
2364 1 2 0 764 382 383
2365 1 2 0 765 383 447
2366 1 2 0 766 383 384
2367 1 2 0 767 384 448
2368 1 2 0 768 384 321
2369 1 2 0 769 385 449
2370 1 2 0 770 385 386
2371 1 2 0 771 386 450
2372 1 2 0 772 386 387
2373 1 2 0 773 387 451
2374 1 2 0 774 387 388
2375 1 2 0 775 388 452
2376 1 2 0 776 388 389
2377 1 2 0 777 389 453
2378 1 2 0 778 389 390
2379 1 2 0 779 390 454
2380 1 2 0 780 390 391
2381 1 2 0 781 391 455
2382 1 2 0 782 391 392
2383 1 2 0 783 392 456
2384 1 2 0 784 392 393
2385 1 2 0 785 393 457
2386 1 2 0 786 393 394
2387 1 2 0 787 394 458
2388 1 2 0 788 394 395
2389 1 2 0 789 395 459
2390 1 2 0 790 395 396
2391 1 2 0 791 396 460
2392 1 2 0 792 396 397
2393 1 2 0 793 397 461
2394 1 2 0 794 397 398
2395 1 2 0 795 398 462
2396 1 2 0 796 398 399
2397 1 2 0 797 399 463
2398 1 2 0 798 399 400
2399 1 2 0 799 400 464
2400 1 2 0 800 400 401
2401 1 2 0 801 401 465
2402 1 2 0 802 401 402
2403 1 2 0 803 402 466
2404 1 2 0 804 402 403
2405 1 2 0 805 403 467
2406 1 2 0 806 403 404
2407 1 2 0 807 404 468
2408 1 2 0 808 404 405
2409 1 2 0 809 405 469
2410 1 2 0 810 405 406
2411 1 2 0 811 406 470
2412 1 2 0 812 406 407
2413 1 2 0 813 407 471
2414 1 2 0 814 407 408
2415 1 2 0 815 408 472
2416 1 2 0 816 408 409
2417 1 2 0 817 409 473
2418 1 2 0 818 409 410
2419 1 2 0 819 410 474
2420 1 2 0 820 410 411
2421 1 2 0 821 411 475
2422 1 2 0 822 411 412
2423 1 2 0 823 412 476
2424 1 2 0 824 412 413
2425 1 2 0 825 413 477
2426 1 2 0 826 413 414
2427 1 2 0 827 414 478
2428 1 2 0 828 414 415
2429 1 2 0 829 415 479
2430 1 2 0 830 415 416
2431 1 2 0 831 416 480
2432 1 2 0 832 416 417
2433 1 2 0 833 417 481
2434 1 2 0 834 417 418
2435 1 2 0 835 418 482
2436 1 2 0 836 418 419
2437 1 2 0 837 419 483
2438 1 2 0 838 419 420
2439 1 2 0 839 420 484
2440 1 2 0 840 420 421
2441 1 2 0 841 421 485
2442 1 2 0 842 421 422
2443 1 2 0 843 422 486
2444 1 2 0 844 422 423
2445 1 2 0 845 423 487
2446 1 2 0 846 423 424
2447 1 2 0 847 424 488
2448 1 2 0 848 424 425
2449 1 2 0 849 425 489
2450 1 2 0 850 425 426
2451 1 2 0 851 426 490
2452 1 2 0 852 426 427
2453 1 2 0 853 427 491
2454 1 2 0 854 427 428
2455 1 2 0 855 428 492
2456 1 2 0 856 428 429
2457 1 2 0 857 429 493
2458 1 2 0 858 429 430
2459 1 2 0 859 430 494
2460 1 2 0 860 430 431
2461 1 2 0 861 431 495
2462 1 2 0 862 431 432
2463 1 2 0 863 432 496
2464 1 2 0 864 432 433
2465 1 2 0 865 433 497
2466 1 2 0 866 433 434
2467 1 2 0 867 434 498
2468 1 2 0 868 434 435
2469 1 2 0 869 435 499
2470 1 2 0 870 435 436
2471 1 2 0 871 436 500
2472 1 2 0 872 436 437
2473 1 2 0 873 437 501
2474 1 2 0 874 437 438
2475 1 2 0 875 438 502
2476 1 2 0 876 438 439
2477 1 2 0 877 439 503
2478 1 2 0 878 439 440
2479 1 2 0 879 440 504
2480 1 2 0 880 440 441
2481 1 2 0 881 441 505
2482 1 2 0 882 441 442
2483 1 2 0 883 442 506
2484 1 2 0 884 442 443
2485 1 2 0 885 443 507
2486 1 2 0 886 443 444
2487 1 2 0 887 444 508
2488 1 2 0 888 444 445
2489 1 2 0 889 445 509
2490 1 2 0 890 445 446
2491 1 2 0 891 446 510
2492 1 2 0 892 446 447
2493 1 2 0 893 447 511
2494 1 2 0 894 447 448
2495 1 2 0 895 448 512
2496 1 2 0 896 448 385
2497 1 2 0 897 449 513
2498 1 2 0 898 449 450
2499 1 2 0 899 450 514
2500 1 2 0 900 450 451
2501 1 2 0 901 451 515
2502 1 2 0 902 451 452
2503 1 2 0 903 452 516
2504 1 2 0 904 452 453
2505 1 2 0 905 453 517
2506 1 2 0 906 453 454
2507 1 2 0 907 454 518
2508 1 2 0 908 454 455
2509 1 2 0 909 455 519
2510 1 2 0 910 455 456
2511 1 2 0 911 456 520
2512 1 2 0 912 456 457
2513 1 2 0 913 457 521
2514 1 2 0 914 457 458
2515 1 2 0 915 458 522
2516 1 2 0 916 458 459
2517 1 2 0 917 459 523
2518 1 2 0 918 459 460
2519 1 2 0 919 460 524
2520 1 2 0 920 460 461
2521 1 2 0 921 461 525
2522 1 2 0 922 461 462
2523 1 2 0 923 462 526
2524 1 2 0 924 462 463
2525 1 2 0 925 463 527
2526 1 2 0 926 463 464
2527 1 2 0 927 464 528
2528 1 2 0 928 464 465
2529 1 2 0 929 465 529
2530 1 2 0 930 465 466
2531 1 2 0 931 466 530
2532 1 2 0 932 466 467
2533 1 2 0 933 467 531
2534 1 2 0 934 467 468
2535 1 2 0 935 468 532
2536 1 2 0 936 468 469
2537 1 2 0 937 469 533
2538 1 2 0 938 469 470
2539 1 2 0 939 470 534
2540 1 2 0 940 470 471
2541 1 2 0 941 471 535
2542 1 2 0 942 471 472
2543 1 2 0 943 472 536
2544 1 2 0 944 472 473
2545 1 2 0 945 473 537
2546 1 2 0 946 473 474
2547 1 2 0 947 474 538
2548 1 2 0 948 474 475
2549 1 2 0 949 475 539
2550 1 2 0 950 475 476
2551 1 2 0 951 476 540
2552 1 2 0 952 476 477
2553 1 2 0 953 477 541
2554 1 2 0 954 477 478
2555 1 2 0 955 478 542
2556 1 2 0 956 478 479
2557 1 2 0 957 479 543
2558 1 2 0 958 479 480
2559 1 2 0 959 480 544
2560 1 2 0 960 480 481
2561 1 2 0 961 481 545
2562 1 2 0 962 481 482
2563 1 2 0 963 482 546
2564 1 2 0 964 482 483
2565 1 2 0 965 483 547
2566 1 2 0 966 483 484
2567 1 2 0 967 484 548
2568 1 2 0 968 484 485
2569 1 2 0 969 485 549
2570 1 2 0 970 485 486
2571 1 2 0 971 486 550
2572 1 2 0 972 486 487
2573 1 2 0 973 487 551
2574 1 2 0 974 487 488
2575 1 2 0 975 488 552
2576 1 2 0 976 488 489
2577 1 2 0 977 489 553
2578 1 2 0 978 489 490
2579 1 2 0 979 490 554
2580 1 2 0 980 490 491
2581 1 2 0 981 491 555
2582 1 2 0 982 491 492
2583 1 2 0 983 492 556
2584 1 2 0 984 492 493
2585 1 2 0 985 493 557
2586 1 2 0 986 493 494
2587 1 2 0 987 494 558
2588 1 2 0 988 494 495
2589 1 2 0 989 495 559
2590 1 2 0 990 495 496
2591 1 2 0 991 496 560
2592 1 2 0 992 496 497
2593 1 2 0 993 497 561
2594 1 2 0 994 497 498
2595 1 2 0 995 498 562
2596 1 2 0 996 498 499
2597 1 2 0 997 499 563
2598 1 2 0 998 499 500
2599 1 2 0 999 500 564
2600 1 2 0 1000 500 501
2601 1 2 0 1001 501 565
2602 1 2 0 1002 501 502
2603 1 2 0 1003 502 566
2604 1 2 0 1004 502 503
2605 1 2 0 1005 503 567
2606 1 2 0 1006 503 504
2607 1 2 0 1007 504 568
2608 1 2 0 1008 504 505
2609 1 2 0 1009 505 569
2610 1 2 0 1010 505 506
2611 1 2 0 1011 506 570
2612 1 2 0 1012 506 507
2613 1 2 0 1013 507 571
2614 1 2 0 1014 507 508
2615 1 2 0 1015 508 572
2616 1 2 0 1016 508 509
2617 1 2 0 1017 509 573
2618 1 2 0 1018 509 510
2619 1 2 0 1019 510 574
2620 1 2 0 1020 510 511
2621 1 2 0 1021 511 575
2622 1 2 0 1022 511 512
2623 1 2 0 1023 512 576
2624 1 2 0 1024 512 449
2625 1 2 0 1025 513 577
2626 1 2 0 1026 513 514
2627 1 2 0 1027 514 578
2628 1 2 0 1028 514 515
2629 1 2 0 1029 515 579
2630 1 2 0 1030 515 516
2631 1 2 0 1031 516 580
2632 1 2 0 1032 516 517
2633 1 2 0 1033 517 581
2634 1 2 0 1034 517 518
2635 1 2 0 1035 518 582
2636 1 2 0 1036 518 519
2637 1 2 0 1037 519 583
2638 1 2 0 1038 519 520
2639 1 2 0 1039 520 584
2640 1 2 0 1040 520 521
2641 1 2 0 1041 521 585
2642 1 2 0 1042 521 522
2643 1 2 0 1043 522 586
2644 1 2 0 1044 522 523
2645 1 2 0 1045 523 587
2646 1 2 0 1046 523 524
2647 1 2 0 1047 524 588
2648 1 2 0 1048 524 525
2649 1 2 0 1049 525 589
2650 1 2 0 1050 525 526
2651 1 2 0 1051 526 590
2652 1 2 0 1052 526 527
2653 1 2 0 1053 527 591
2654 1 2 0 1054 527 528
2655 1 2 0 1055 528 592
2656 1 2 0 1056 528 529
2657 1 2 0 1057 529 593
2658 1 2 0 1058 529 530
2659 1 2 0 1059 530 594
2660 1 2 0 1060 530 531
2661 1 2 0 1061 531 595
2662 1 2 0 1062 531 532
2663 1 2 0 1063 532 596
2664 1 2 0 1064 532 533
2665 1 2 0 1065 533 597
2666 1 2 0 1066 533 534
2667 1 2 0 1067 534 598
2668 1 2 0 1068 534 535
2669 1 2 0 1069 535 599
2670 1 2 0 1070 535 536
2671 1 2 0 1071 536 600
2672 1 2 0 1072 536 537
2673 1 2 0 1073 537 601
2674 1 2 0 1074 537 538
2675 1 2 0 1075 538 602
2676 1 2 0 1076 538 539
2677 1 2 0 1077 539 603
2678 1 2 0 1078 539 540
2679 1 2 0 1079 540 604
2680 1 2 0 1080 540 541
2681 1 2 0 1081 541 605
2682 1 2 0 1082 541 542
2683 1 2 0 1083 542 606
2684 1 2 0 1084 542 543
2685 1 2 0 1085 543 607
2686 1 2 0 1086 543 544
2687 1 2 0 1087 544 608
2688 1 2 0 1088 544 545
2689 1 2 0 1089 545 609
2690 1 2 0 1090 545 546
2691 1 2 0 1091 546 610
2692 1 2 0 1092 546 547
2693 1 2 0 1093 547 611
2694 1 2 0 1094 547 548
2695 1 2 0 1095 548 612
2696 1 2 0 1096 548 549
2697 1 2 0 1097 549 613
2698 1 2 0 1098 549 550
2699 1 2 0 1099 550 614
2700 1 2 0 1100 550 551
2701 1 2 0 1101 551 615
2702 1 2 0 1102 551 552
2703 1 2 0 1103 552 616
2704 1 2 0 1104 552 553
2705 1 2 0 1105 553 617
2706 1 2 0 1106 553 554
2707 1 2 0 1107 554 618
2708 1 2 0 1108 554 555
2709 1 2 0 1109 555 619
2710 1 2 0 1110 555 556
2711 1 2 0 1111 556 620
2712 1 2 0 1112 556 557
2713 1 2 0 1113 557 621
2714 1 2 0 1114 557 558
2715 1 2 0 1115 558 622
2716 1 2 0 1116 558 559
2717 1 2 0 1117 559 623
2718 1 2 0 1118 559 560
2719 1 2 0 1119 560 624
2720 1 2 0 1120 560 561
2721 1 2 0 1121 561 625
2722 1 2 0 1122 561 562
2723 1 2 0 1123 562 626
2724 1 2 0 1124 562 563
2725 1 2 0 1125 563 627
2726 1 2 0 1126 563 564
2727 1 2 0 1127 564 628
2728 1 2 0 1128 564 565
2729 1 2 0 1129 565 629
2730 1 2 0 1130 565 566
2731 1 2 0 1131 566 630
2732 1 2 0 1132 566 567
2733 1 2 0 1133 567 631
2734 1 2 0 1134 567 568
2735 1 2 0 1135 568 632
2736 1 2 0 1136 568 569
2737 1 2 0 1137 569 633
2738 1 2 0 1138 569 570
2739 1 2 0 1139 570 634
2740 1 2 0 1140 570 571
2741 1 2 0 1141 571 635
2742 1 2 0 1142 571 572
2743 1 2 0 1143 572 636
2744 1 2 0 1144 572 573
2745 1 2 0 1145 573 637
2746 1 2 0 1146 573 574
2747 1 2 0 1147 574 638
2748 1 2 0 1148 574 575
2749 1 2 0 1149 575 639
2750 1 2 0 1150 575 576
2751 1 2 0 1151 576 640
2752 1 2 0 1152 576 513
2753 1 2 0 1153 577 641
2754 1 2 0 1154 577 578
2755 1 2 0 1155 578 642
2756 1 2 0 1156 578 579
2757 1 2 0 1157 579 643
2758 1 2 0 1158 579 580
2759 1 2 0 1159 580 644
2760 1 2 0 1160 580 581
2761 1 2 0 1161 581 645
2762 1 2 0 1162 581 582
2763 1 2 0 1163 582 646
2764 1 2 0 1164 582 583
2765 1 2 0 1165 583 647
2766 1 2 0 1166 583 584
2767 1 2 0 1167 584 648
2768 1 2 0 1168 584 585
2769 1 2 0 1169 585 649
2770 1 2 0 1170 585 586
2771 1 2 0 1171 586 650
2772 1 2 0 1172 586 587
2773 1 2 0 1173 587 651
2774 1 2 0 1174 587 588
2775 1 2 0 1175 588 652
2776 1 2 0 1176 588 589
2777 1 2 0 1177 589 653
2778 1 2 0 1178 589 590
2779 1 2 0 1179 590 654
2780 1 2 0 1180 590 591
2781 1 2 0 1181 591 655
2782 1 2 0 1182 591 592
2783 1 2 0 1183 592 656
2784 1 2 0 1184 592 593
2785 1 2 0 1185 593 657
2786 1 2 0 1186 593 594
2787 1 2 0 1187 594 658
2788 1 2 0 1188 594 595
2789 1 2 0 1189 595 659
2790 1 2 0 1190 595 596
2791 1 2 0 1191 596 660
2792 1 2 0 1192 596 597
2793 1 2 0 1193 597 661
2794 1 2 0 1194 597 598
2795 1 2 0 1195 598 662
2796 1 2 0 1196 598 599
2797 1 2 0 1197 599 663
2798 1 2 0 1198 599 600
2799 1 2 0 1199 600 664
2800 1 2 0 1200 600 601
2801 1 2 0 1201 601 665
2802 1 2 0 1202 601 602
2803 1 2 0 1203 602 666
2804 1 2 0 1204 602 603
2805 1 2 0 1205 603 667
2806 1 2 0 1206 603 604
2807 1 2 0 1207 604 668
2808 1 2 0 1208 604 605
2809 1 2 0 1209 605 669
2810 1 2 0 1210 605 606
2811 1 2 0 1211 606 670
2812 1 2 0 1212 606 607
2813 1 2 0 1213 607 671
2814 1 2 0 1214 607 608
2815 1 2 0 1215 608 672
2816 1 2 0 1216 608 609
2817 1 2 0 1217 609 673
2818 1 2 0 1218 609 610
2819 1 2 0 1219 610 674
2820 1 2 0 1220 610 611
2821 1 2 0 1221 611 675
2822 1 2 0 1222 611 612
2823 1 2 0 1223 612 676
2824 1 2 0 1224 612 613
2825 1 2 0 1225 613 677
2826 1 2 0 1226 613 614
2827 1 2 0 1227 614 678
2828 1 2 0 1228 614 615
2829 1 2 0 1229 615 679
2830 1 2 0 1230 615 616
2831 1 2 0 1231 616 680
2832 1 2 0 1232 616 617
2833 1 2 0 1233 617 681
2834 1 2 0 1234 617 618
2835 1 2 0 1235 618 682
2836 1 2 0 1236 618 619
2837 1 2 0 1237 619 683
2838 1 2 0 1238 619 620
2839 1 2 0 1239 620 684
2840 1 2 0 1240 620 621
2841 1 2 0 1241 621 685
2842 1 2 0 1242 621 622
2843 1 2 0 1243 622 686
2844 1 2 0 1244 622 623
2845 1 2 0 1245 623 687
2846 1 2 0 1246 623 624
2847 1 2 0 1247 624 688
2848 1 2 0 1248 624 625
2849 1 2 0 1249 625 689
2850 1 2 0 1250 625 626
2851 1 2 0 1251 626 690
2852 1 2 0 1252 626 627
2853 1 2 0 1253 627 691
2854 1 2 0 1254 627 628
2855 1 2 0 1255 628 692
2856 1 2 0 1256 628 629
2857 1 2 0 1257 629 693
2858 1 2 0 1258 629 630
2859 1 2 0 1259 630 694
2860 1 2 0 1260 630 631
2861 1 2 0 1261 631 695
2862 1 2 0 1262 631 632
2863 1 2 0 1263 632 696
2864 1 2 0 1264 632 633
2865 1 2 0 1265 633 697
2866 1 2 0 1266 633 634
2867 1 2 0 1267 634 698
2868 1 2 0 1268 634 635
2869 1 2 0 1269 635 699
2870 1 2 0 1270 635 636
2871 1 2 0 1271 636 700
2872 1 2 0 1272 636 637
2873 1 2 0 1273 637 701
2874 1 2 0 1274 637 638
2875 1 2 0 1275 638 702
2876 1 2 0 1276 638 639
2877 1 2 0 1277 639 703
2878 1 2 0 1278 639 640
2879 1 2 0 1279 640 704
2880 1 2 0 1280 640 577
2881 1 2 0 1281 641 705
2882 1 2 0 1282 641 642
2883 1 2 0 1283 642 706
2884 1 2 0 1284 642 643
2885 1 2 0 1285 643 707
2886 1 2 0 1286 643 644
2887 1 2 0 1287 644 708
2888 1 2 0 1288 644 645
2889 1 2 0 1289 645 709
2890 1 2 0 1290 645 646
2891 1 2 0 1291 646 710
2892 1 2 0 1292 646 647
2893 1 2 0 1293 647 711
2894 1 2 0 1294 647 648
2895 1 2 0 1295 648 712
2896 1 2 0 1296 648 649
2897 1 2 0 1297 649 713
2898 1 2 0 1298 649 650
2899 1 2 0 1299 650 714
2900 1 2 0 1300 650 651
2901 1 2 0 1301 651 715
2902 1 2 0 1302 651 652
2903 1 2 0 1303 652 716
2904 1 2 0 1304 652 653
2905 1 2 0 1305 653 717
2906 1 2 0 1306 653 654
2907 1 2 0 1307 654 718
2908 1 2 0 1308 654 655
2909 1 2 0 1309 655 719
2910 1 2 0 1310 655 656
2911 1 2 0 1311 656 720
2912 1 2 0 1312 656 657
2913 1 2 0 1313 657 721
2914 1 2 0 1314 657 658
2915 1 2 0 1315 658 722
2916 1 2 0 1316 658 659
2917 1 2 0 1317 659 723
2918 1 2 0 1318 659 660
2919 1 2 0 1319 660 724
2920 1 2 0 1320 660 661
2921 1 2 0 1321 661 725
2922 1 2 0 1322 661 662
2923 1 2 0 1323 662 726
2924 1 2 0 1324 662 663
2925 1 2 0 1325 663 727
2926 1 2 0 1326 663 664
2927 1 2 0 1327 664 728
2928 1 2 0 1328 664 665
2929 1 2 0 1329 665 729
2930 1 2 0 1330 665 666
2931 1 2 0 1331 666 730
2932 1 2 0 1332 666 667
2933 1 2 0 1333 667 731
2934 1 2 0 1334 667 668
2935 1 2 0 1335 668 732
2936 1 2 0 1336 668 669
2937 1 2 0 1337 669 733
2938 1 2 0 1338 669 670
2939 1 2 0 1339 670 734
2940 1 2 0 1340 670 671
2941 1 2 0 1341 671 735
2942 1 2 0 1342 671 672
2943 1 2 0 1343 672 736
2944 1 2 0 1344 672 673
2945 1 2 0 1345 673 737
2946 1 2 0 1346 673 674
2947 1 2 0 1347 674 738
2948 1 2 0 1348 674 675
2949 1 2 0 1349 675 739
2950 1 2 0 1350 675 676
2951 1 2 0 1351 676 740
2952 1 2 0 1352 676 677
2953 1 2 0 1353 677 741
2954 1 2 0 1354 677 678
2955 1 2 0 1355 678 742
2956 1 2 0 1356 678 679
2957 1 2 0 1357 679 743
2958 1 2 0 1358 679 680
2959 1 2 0 1359 680 744
2960 1 2 0 1360 680 681
2961 1 2 0 1361 681 745
2962 1 2 0 1362 681 682
2963 1 2 0 1363 682 746
2964 1 2 0 1364 682 683
2965 1 2 0 1365 683 747
2966 1 2 0 1366 683 684
2967 1 2 0 1367 684 748
2968 1 2 0 1368 684 685
2969 1 2 0 1369 685 749
2970 1 2 0 1370 685 686
2971 1 2 0 1371 686 750
2972 1 2 0 1372 686 687
2973 1 2 0 1373 687 751
2974 1 2 0 1374 687 688
2975 1 2 0 1375 688 752
2976 1 2 0 1376 688 689
2977 1 2 0 1377 689 753
2978 1 2 0 1378 689 690
2979 1 2 0 1379 690 754
2980 1 2 0 1380 690 691
2981 1 2 0 1381 691 755
2982 1 2 0 1382 691 692
2983 1 2 0 1383 692 756
2984 1 2 0 1384 692 693
2985 1 2 0 1385 693 757
2986 1 2 0 1386 693 694
2987 1 2 0 1387 694 758
2988 1 2 0 1388 694 695
2989 1 2 0 1389 695 759
2990 1 2 0 1390 695 696
2991 1 2 0 1391 696 760
2992 1 2 0 1392 696 697
2993 1 2 0 1393 697 761
2994 1 2 0 1394 697 698
2995 1 2 0 1395 698 762
2996 1 2 0 1396 698 699
2997 1 2 0 1397 699 763
2998 1 2 0 1398 699 700
2999 1 2 0 1399 700 764
3000 1 2 0 1400 700 701
3001 1 2 0 1401 701 765
3002 1 2 0 1402 701 702
3003 1 2 0 1403 702 766
3004 1 2 0 1404 702 703
3005 1 2 0 1405 703 767
3006 1 2 0 1406 703 704
3007 1 2 0 1407 704 768
3008 1 2 0 1408 704 641
3009 1 2 0 1409 705 769
3010 1 2 0 1410 705 706
3011 1 2 0 1411 706 770
3012 1 2 0 1412 706 707
3013 1 2 0 1413 707 771
3014 1 2 0 1414 707 708
3015 1 2 0 1415 708 772
3016 1 2 0 1416 708 709
3017 1 2 0 1417 709 773
3018 1 2 0 1418 709 710
3019 1 2 0 1419 710 774
3020 1 2 0 1420 710 711
3021 1 2 0 1421 711 775
3022 1 2 0 1422 711 712
3023 1 2 0 1423 712 776
3024 1 2 0 1424 712 713
3025 1 2 0 1425 713 777
3026 1 2 0 1426 713 714
3027 1 2 0 1427 714 778
3028 1 2 0 1428 714 715
3029 1 2 0 1429 715 779
3030 1 2 0 1430 715 716
3031 1 2 0 1431 716 780
3032 1 2 0 1432 716 717
3033 1 2 0 1433 717 781
3034 1 2 0 1434 717 718
3035 1 2 0 1435 718 782
3036 1 2 0 1436 718 719
3037 1 2 0 1437 719 783
3038 1 2 0 1438 719 720
3039 1 2 0 1439 720 784
3040 1 2 0 1440 720 721
3041 1 2 0 1441 721 785
3042 1 2 0 1442 721 722
3043 1 2 0 1443 722 786
3044 1 2 0 1444 722 723
3045 1 2 0 1445 723 787
3046 1 2 0 1446 723 724
3047 1 2 0 1447 724 788
3048 1 2 0 1448 724 725
3049 1 2 0 1449 725 789
3050 1 2 0 1450 725 726
3051 1 2 0 1451 726 790
3052 1 2 0 1452 726 727
3053 1 2 0 1453 727 791
3054 1 2 0 1454 727 728
3055 1 2 0 1455 728 792
3056 1 2 0 1456 728 729
3057 1 2 0 1457 729 793
3058 1 2 0 1458 729 730
3059 1 2 0 1459 730 794
3060 1 2 0 1460 730 731
3061 1 2 0 1461 731 795
3062 1 2 0 1462 731 732
3063 1 2 0 1463 732 796
3064 1 2 0 1464 732 733
3065 1 2 0 1465 733 797
3066 1 2 0 1466 733 734
3067 1 2 0 1467 734 798
3068 1 2 0 1468 734 735
3069 1 2 0 1469 735 799
3070 1 2 0 1470 735 736
3071 1 2 0 1471 736 800
3072 1 2 0 1472 736 737
3073 1 2 0 1473 737 801
3074 1 2 0 1474 737 738
3075 1 2 0 1475 738 802
3076 1 2 0 1476 738 739
3077 1 2 0 1477 739 803
3078 1 2 0 1478 739 740
3079 1 2 0 1479 740 804
3080 1 2 0 1480 740 741
3081 1 2 0 1481 741 805
3082 1 2 0 1482 741 742
3083 1 2 0 1483 742 806
3084 1 2 0 1484 742 743
3085 1 2 0 1485 743 807
3086 1 2 0 1486 743 744
3087 1 2 0 1487 744 808
3088 1 2 0 1488 744 745
3089 1 2 0 1489 745 809
3090 1 2 0 1490 745 746
3091 1 2 0 1491 746 810
3092 1 2 0 1492 746 747
3093 1 2 0 1493 747 811
3094 1 2 0 1494 747 748
3095 1 2 0 1495 748 812
3096 1 2 0 1496 748 749
3097 1 2 0 1497 749 813
3098 1 2 0 1498 749 750
3099 1 2 0 1499 750 814
3100 1 2 0 1500 750 751
3101 1 2 0 1501 751 815
3102 1 2 0 1502 751 752
3103 1 2 0 1503 752 816
3104 1 2 0 1504 752 753
3105 1 2 0 1505 753 817
3106 1 2 0 1506 753 754
3107 1 2 0 1507 754 818
3108 1 2 0 1508 754 755
3109 1 2 0 1509 755 819
3110 1 2 0 1510 755 756
3111 1 2 0 1511 756 820
3112 1 2 0 1512 756 757
3113 1 2 0 1513 757 821
3114 1 2 0 1514 757 758
3115 1 2 0 1515 758 822
3116 1 2 0 1516 758 759
3117 1 2 0 1517 759 823
3118 1 2 0 1518 759 760
3119 1 2 0 1519 760 824
3120 1 2 0 1520 760 761
3121 1 2 0 1521 761 825
3122 1 2 0 1522 761 762
3123 1 2 0 1523 762 826
3124 1 2 0 1524 762 763
3125 1 2 0 1525 763 827
3126 1 2 0 1526 763 764
3127 1 2 0 1527 764 828
3128 1 2 0 1528 764 765
3129 1 2 0 1529 765 829
3130 1 2 0 1530 765 766
3131 1 2 0 1531 766 830
3132 1 2 0 1532 766 767
3133 1 2 0 1533 767 831
3134 1 2 0 1534 767 768
3135 1 2 0 1535 768 832
3136 1 2 0 1536 768 705
3137 1 2 0 1537 769 833
3138 1 2 0 1538 769 770
3139 1 2 0 1539 770 834
3140 1 2 0 1540 770 771
3141 1 2 0 1541 771 835
3142 1 2 0 1542 771 772
3143 1 2 0 1543 772 836
3144 1 2 0 1544 772 773
3145 1 2 0 1545 773 1601
3146 1 2 0 1545 1601 837
3147 1 2 0 1546 773 774
3148 1 2 0 1547 774 1602
3149 1 2 0 1547 1602 838
3150 1 2 0 1548 774 775
3151 1 2 0 1549 775 1603
3152 1 2 0 1549 1603 839
3153 1 2 0 1550 775 776
3154 1 2 0 1551 776 1604
3155 1 2 0 1551 1604 840
3156 1 2 0 1552 776 777
3157 1 2 0 1553 777 1605
3158 1 2 0 1553 1605 841
3159 1 2 0 1554 777 778
3160 1 2 0 1555 778 1606
3161 1 2 0 1555 1606 842
3162 1 2 0 1556 778 779
3163 1 2 0 1557 779 1607
3164 1 2 0 1557 1607 843
3165 1 2 0 1558 779 780
3166 1 2 0 1559 780 844
3167 1 2 0 1560 780 781
3168 1 2 0 1561 781 845
3169 1 2 0 1562 781 782
3170 1 2 0 1563 782 846
3171 1 2 0 1564 782 783
3172 1 2 0 1565 783 847
3173 1 2 0 1566 783 784
3174 1 2 0 1567 784 848
3175 1 2 0 1568 784 785
3176 1 2 0 1569 785 849
3177 1 2 0 1570 785 786
3178 1 2 0 1571 786 850
3179 1 2 0 1572 786 787
3180 1 2 0 1573 787 851
3181 1 2 0 1574 787 788
3182 1 2 0 1575 788 852
3183 1 2 0 1576 788 789
3184 1 2 0 1577 789 853
3185 1 2 0 1578 789 790
3186 1 2 0 1579 790 854
3187 1 2 0 1580 790 791
3188 1 2 0 1581 791 1608
3189 1 2 0 1581 1608 855
3190 1 2 0 1582 791 792
3191 1 2 0 1583 792 1609
3192 1 2 0 1583 1609 856
3193 1 2 0 1584 792 793
3194 1 2 0 1585 793 1610
3195 1 2 0 1585 1610 857
3196 1 2 0 1586 793 794
3197 1 2 0 1587 794 1611
3198 1 2 0 1587 1611 858
3199 1 2 0 1588 794 795
3200 1 2 0 1589 795 1612
3201 1 2 0 1589 1612 859
3202 1 2 0 1590 795 796
3203 1 2 0 1591 796 1613
3204 1 2 0 1591 1613 860
3205 1 2 0 1592 796 797
3206 1 2 0 1593 797 1614
3207 1 2 0 1593 1614 861
3208 1 2 0 1594 797 798
3209 1 2 0 1595 798 862
3210 1 2 0 1596 798 799
3211 1 2 0 1597 799 863
3212 1 2 0 1598 799 800
3213 1 2 0 1599 800 864
3214 1 2 0 1600 800 801
3215 1 2 0 1601 801 865
3216 1 2 0 1602 801 802
3217 1 2 0 1603 802 866
3218 1 2 0 1604 802 803
3219 1 2 0 1605 803 867
3220 1 2 0 1606 803 804
3221 1 2 0 1607 804 868
3222 1 2 0 1608 804 805
3223 1 2 0 1609 805 1615
3224 1 2 0 1609 1615 869
3225 1 2 0 1610 805 806
3226 1 2 0 1611 806 1616
3227 1 2 0 1611 1616 870
3228 1 2 0 1612 806 807
3229 1 2 0 1613 807 1617
3230 1 2 0 1613 1617 871
3231 1 2 0 1614 807 808
3232 1 2 0 1615 808 1618
3233 1 2 0 1615 1618 872
3234 1 2 0 1616 808 809
3235 1 2 0 1617 809 1619
3236 1 2 0 1617 1619 873
3237 1 2 0 1618 809 810
3238 1 2 0 1619 810 1620
3239 1 2 0 1619 1620 874
3240 1 2 0 1620 810 811
3241 1 2 0 1621 811 1621
3242 1 2 0 1621 1621 875
3243 1 2 0 1622 811 812
3244 1 2 0 1623 812 876
3245 1 2 0 1624 812 813
3246 1 2 0 1625 813 877
3247 1 2 0 1626 813 814
3248 1 2 0 1627 814 878
3249 1 2 0 1628 814 815
3250 1 2 0 1629 815 879
3251 1 2 0 1630 815 816
3252 1 2 0 1631 816 880
3253 1 2 0 1632 816 817
3254 1 2 0 1633 817 881
3255 1 2 0 1634 817 818
3256 1 2 0 1635 818 882
3257 1 2 0 1636 818 819
3258 1 2 0 1637 819 883
3259 1 2 0 1638 819 820
3260 1 2 0 1639 820 884
3261 1 2 0 1640 820 821
3262 1 2 0 1641 821 885
3263 1 2 0 1642 821 822
3264 1 2 0 1643 822 886
3265 1 2 0 1644 822 823
3266 1 2 0 1645 823 1622
3267 1 2 0 1645 1622 887
3268 1 2 0 1646 823 824
3269 1 2 0 1647 824 1623
3270 1 2 0 1647 1623 888
3271 1 2 0 1648 824 825
3272 1 2 0 1649 825 1624
3273 1 2 0 1649 1624 889
3274 1 2 0 1650 825 826
3275 1 2 0 1651 826 1625
3276 1 2 0 1651 1625 890
3277 1 2 0 1652 826 827
3278 1 2 0 1653 827 1626
3279 1 2 0 1653 1626 891
3280 1 2 0 1654 827 828
3281 1 2 0 1655 828 1627
3282 1 2 0 1655 1627 892
3283 1 2 0 1656 828 829
3284 1 2 0 1657 829 1628
3285 1 2 0 1657 1628 893
3286 1 2 0 1658 829 830
3287 1 2 0 1659 830 894
3288 1 2 0 1660 830 831
3289 1 2 0 1661 831 895
3290 1 2 0 1662 831 832
3291 1 2 0 1663 832 896
3292 1 2 0 1664 832 769
3293 1 2 0 1665 833 897
3294 1 2 0 1666 833 834
3295 1 2 0 1667 834 898
3296 1 2 0 1668 834 835
3297 1 2 0 1669 835 1629
3298 1 2 0 1669 1629 899
3299 1 2 0 1670 835 836
3300 1 2 0 1671 836 1630
3301 1 2 0 1671 1630 900
3302 1 2 0 1672 836 837
3303 1 2 0 1673 837 1631
3304 1 2 0 1673 1631 901
3305 1 2 0 1674 837 838
3306 1 2 0 1675 838 1632
3307 1 2 0 1675 1632 902
3308 1 2 0 1676 838 839
3309 1 2 0 1677 839 1633
3310 1 2 0 1677 1633 903
3311 1 2 0 1678 839 840
3312 1 2 0 1679 840 1634
3313 1 2 0 1679 1634 904
3314 1 2 0 1680 840 841
3315 1 2 0 1681 841 1635
3316 1 2 0 1681 1635 905
3317 1 2 0 1682 841 842
3318 1 2 0 1683 842 1636
3319 1 2 0 1683 1636 906
3320 1 2 0 1684 842 843
3321 1 2 0 1685 843 1637
3322 1 2 0 1685 1637 907
3323 1 2 0 1686 843 844
3324 1 2 0 1687 844 1638
3325 1 2 0 1687 1638 908
3326 1 2 0 1688 844 845
3327 1 2 0 1689 845 1639
3328 1 2 0 1689 1639 909
3329 1 2 0 1690 845 846
3330 1 2 0 1691 846 910
3331 1 2 0 1692 846 847
3332 1 2 0 1693 847 911
3333 1 2 0 1694 847 848
3334 1 2 0 1695 848 912
3335 1 2 0 1696 848 849
3336 1 2 0 1697 849 913
3337 1 2 0 1698 849 850
3338 1 2 0 1699 850 914
3339 1 2 0 1700 850 851
3340 1 2 0 1701 851 915
3341 1 2 0 1702 851 852
3342 1 2 0 1703 852 916
3343 1 2 0 1704 852 853
3344 1 2 0 1705 853 1640
3345 1 2 0 1705 1640 917
3346 1 2 0 1706 853 854
3347 1 2 0 1707 854 1641
3348 1 2 0 1707 1641 918
3349 1 2 0 1708 854 855
3350 1 2 0 1709 855 1642
3351 1 2 0 1709 1642 919
3352 1 2 0 1710 855 856
3353 1 2 0 1711 856 1643
3354 1 2 0 1711 1643 920
3355 1 2 0 1712 856 857
3356 1 2 0 1713 857 1644
3357 1 2 0 1713 1644 921
3358 1 2 0 1714 857 858
3359 1 2 0 1715 858 1645
3360 1 2 0 1715 1645 922
3361 1 2 0 1716 858 859
3362 1 2 0 1717 859 1646
3363 1 2 0 1717 1646 923
3364 1 2 0 1718 859 860
3365 1 2 0 1719 860 1647
3366 1 2 0 1719 1647 924
3367 1 2 0 1720 860 861
3368 1 2 0 1721 861 1648
3369 1 2 0 1721 1648 925
3370 1 2 0 1722 861 862
3371 1 2 0 1723 862 1649
3372 1 2 0 1723 1649 926
3373 1 2 0 1724 862 863
3374 1 2 0 1725 863 1650
3375 1 2 0 1725 1650 927
3376 1 2 0 1726 863 864
3377 1 2 0 1727 864 928
3378 1 2 0 1728 864 865
3379 1 2 0 1729 865 929
3380 1 2 0 1730 865 866
3381 1 2 0 1731 866 930
3382 1 2 0 1732 866 867
3383 1 2 0 1733 867 1651
3384 1 2 0 1733 1651 931
3385 1 2 0 1734 867 868
3386 1 2 0 1735 868 1652
3387 1 2 0 1735 1652 932
3388 1 2 0 1736 868 869
3389 1 2 0 1737 869 1653
3390 1 2 0 1737 1653 933
3391 1 2 0 1738 869 870
3392 1 2 0 1739 870 1654
3393 1 2 0 1739 1654 934
3394 1 2 0 1740 870 871
3395 1 2 0 1741 871 1655
3396 1 2 0 1741 1655 935
3397 1 2 0 1742 871 872
3398 1 2 0 1743 872 1656
3399 1 2 0 1743 1656 936
3400 1 2 0 1744 872 873
3401 1 2 0 1745 873 1657
3402 1 2 0 1745 1657 937
3403 1 2 0 1746 873 874
3404 1 2 0 1747 874 1658
3405 1 2 0 1747 1658 938
3406 1 2 0 1748 874 875
3407 1 2 0 1749 875 1659
3408 1 2 0 1749 1659 939
3409 1 2 0 1750 875 876
3410 1 2 0 1751 876 1660
3411 1 2 0 1751 1660 940
3412 1 2 0 1752 876 877
3413 1 2 0 1753 877 1661
3414 1 2 0 1753 1661 941
3415 1 2 0 1754 877 878
3416 1 2 0 1755 878 942
3417 1 2 0 1756 878 879
3418 1 2 0 1757 879 943
3419 1 2 0 1758 879 880
3420 1 2 0 1759 880 944
3421 1 2 0 1760 880 881
3422 1 2 0 1761 881 945
3423 1 2 0 1762 881 882
3424 1 2 0 1763 882 946
3425 1 2 0 1764 882 883
3426 1 2 0 1765 883 947
3427 1 2 0 1766 883 884
3428 1 2 0 1767 884 948
3429 1 2 0 1768 884 885
3430 1 2 0 1769 885 1662
3431 1 2 0 1769 1662 949
3432 1 2 0 1770 885 886
3433 1 2 0 1771 886 1663
3434 1 2 0 1771 1663 950
3435 1 2 0 1772 886 887
3436 1 2 0 1773 887 1664
3437 1 2 0 1773 1664 951
3438 1 2 0 1774 887 888
3439 1 2 0 1775 888 1665
3440 1 2 0 1775 1665 952
3441 1 2 0 1776 888 889
3442 1 2 0 1777 889 1666
3443 1 2 0 1777 1666 953
3444 1 2 0 1778 889 890
3445 1 2 0 1779 890 1667
3446 1 2 0 1779 1667 954
3447 1 2 0 1780 890 891
3448 1 2 0 1781 891 1668
3449 1 2 0 1781 1668 955
3450 1 2 0 1782 891 892
3451 1 2 0 1783 892 1669
3452 1 2 0 1783 1669 956
3453 1 2 0 1784 892 893
3454 1 2 0 1785 893 1670
3455 1 2 0 1785 1670 957
3456 1 2 0 1786 893 894
3457 1 2 0 1787 894 1671
3458 1 2 0 1787 1671 958
3459 1 2 0 1788 894 895
3460 1 2 0 1789 895 1672
3461 1 2 0 1789 1672 959
3462 1 2 0 1790 895 896
3463 1 2 0 1791 896 960
3464 1 2 0 1792 896 833
3465 1 2 0 1793 897 1673
3466 1 2 0 1793 1673 961
3467 1 2 0 1794 897 898
3468 1 2 0 1795 898 1674
3469 1 2 0 1795 1674 962
3470 1 2 0 1796 898 899
3471 1 2 0 1797 899 1675
3472 1 2 0 1797 1675 963
3473 1 2 0 1798 899 900
3474 1 2 0 1799 900 1676
3475 1 2 0 1799 1676 964
3476 1 2 0 1800 900 901
3477 1 2 0 1801 901 1677
3478 1 2 0 1801 1677 965
3479 1 2 0 1802 901 902
3480 1 2 0 1803 902 1678
3481 1 2 0 1803 1678 966
3482 1 2 0 1804 902 903
3483 1 2 0 1805 903 1679
3484 1 2 0 1805 1679 967
3485 1 2 0 1806 903 904
3486 1 2 0 1807 904 1680
3487 1 2 0 1807 1680 968
3488 1 2 0 1808 904 905
3489 1 2 0 1809 905 1681
3490 1 2 0 1809 1681 969
3491 1 2 0 1810 905 906
3492 1 2 0 1811 906 1682
3493 1 2 0 1811 1682 970
3494 1 2 0 1812 906 907
3495 1 2 0 1813 907 1683
3496 1 2 0 1813 1683 971
3497 1 2 0 1814 907 908
3498 1 2 0 1815 908 1684
3499 1 2 0 1815 1684 972
3500 1 2 0 1816 908 909
3501 1 2 0 1817 909 1685
3502 1 2 0 1817 1685 973
3503 1 2 0 1818 909 910
3504 1 2 0 1819 910 1686
3505 1 2 0 1819 1686 974
3506 1 2 0 1820 910 911
3507 1 2 0 1821 911 1687
3508 1 2 0 1821 1687 975
3509 1 2 0 1822 911 912
3510 1 2 0 1823 912 976
3511 1 2 0 1824 912 913
3512 1 2 0 1825 913 977
3513 1 2 0 1826 913 914
3514 1 2 0 1827 914 978
3515 1 2 0 1828 914 915
3516 1 2 0 1829 915 1688
3517 1 2 0 1829 1688 979
3518 1 2 0 1830 915 916
3519 1 2 0 1831 916 1689
3520 1 2 0 1831 1689 980
3521 1 2 0 1832 916 917
3522 1 2 0 1833 917 1690
3523 1 2 0 1833 1690 981
3524 1 2 0 1834 917 918
3525 1 2 0 1835 918 1691
3526 1 2 0 1835 1691 982
3527 1 2 0 1836 918 919
3528 1 2 0 1837 919 1692
3529 1 2 0 1837 1692 983
3530 1 2 0 1838 919 920
3531 1 2 0 1839 920 1693
3532 1 2 0 1839 1693 984
3533 1 2 0 1840 920 921
3534 1 2 0 1841 921 1694
3535 1 2 0 1841 1694 985
3536 1 2 0 1842 921 922
3537 1 2 0 1843 922 1695
3538 1 2 0 1843 1695 986
3539 1 2 0 1844 922 923
3540 1 2 0 1845 923 1696
3541 1 2 0 1845 1696 987
3542 1 2 0 1846 923 924
3543 1 2 0 1847 924 1697
3544 1 2 0 1847 1697 988
3545 1 2 0 1848 924 925
3546 1 2 0 1849 925 1698
3547 1 2 0 1849 1698 989
3548 1 2 0 1850 925 926
3549 1 2 0 1851 926 1699
3550 1 2 0 1851 1699 990
3551 1 2 0 1852 926 927
3552 1 2 0 1853 927 1700
3553 1 2 0 1853 1700 991
3554 1 2 0 1854 927 928
3555 1 2 0 1855 928 1701
3556 1 2 0 1855 1701 992
3557 1 2 0 1856 928 929
3558 1 2 0 1857 929 1702
3559 1 2 0 1857 1702 993
3560 1 2 0 1858 929 930
3561 1 2 0 1859 930 1703
3562 1 2 0 1859 1703 994
3563 1 2 0 1860 930 931
3564 1 2 0 1861 931 1704
3565 1 2 0 1861 1704 995
3566 1 2 0 1862 931 932
3567 1 2 0 1863 932 1705
3568 1 2 0 1863 1705 996
3569 1 2 0 1864 932 933
3570 1 2 0 1865 933 1706
3571 1 2 0 1865 1706 997
3572 1 2 0 1866 933 934
3573 1 2 0 1867 934 1707
3574 1 2 0 1867 1707 998
3575 1 2 0 1868 934 935
3576 1 2 0 1869 935 1708
3577 1 2 0 1869 1708 999
3578 1 2 0 1870 935 936
3579 1 2 0 1871 936 1709
3580 1 2 0 1871 1709 1000
3581 1 2 0 1872 936 937
3582 1 2 0 1873 937 1710
3583 1 2 0 1873 1710 1001
3584 1 2 0 1874 937 938
3585 1 2 0 1875 938 1711
3586 1 2 0 1875 1711 1002
3587 1 2 0 1876 938 939
3588 1 2 0 1877 939 1712
3589 1 2 0 1877 1712 1003
3590 1 2 0 1878 939 940
3591 1 2 0 1879 940 1713
3592 1 2 0 1879 1713 1004
3593 1 2 0 1880 940 941
3594 1 2 0 1881 941 1714
3595 1 2 0 1881 1714 1005
3596 1 2 0 1882 941 942
3597 1 2 0 1883 942 1715
3598 1 2 0 1883 1715 1006
3599 1 2 0 1884 942 943
3600 1 2 0 1885 943 1716
3601 1 2 0 1885 1716 1007
3602 1 2 0 1886 943 944
3603 1 2 0 1887 944 1008
3604 1 2 0 1888 944 945
3605 1 2 0 1889 945 1009
3606 1 2 0 1890 945 946
3607 1 2 0 1891 946 1010
3608 1 2 0 1892 946 947
3609 1 2 0 1893 947 1717
3610 1 2 0 1893 1717 1011
3611 1 2 0 1894 947 948
3612 1 2 0 1895 948 1718
3613 1 2 0 1895 1718 1012
3614 1 2 0 1896 948 949
3615 1 2 0 1897 949 1719
3616 1 2 0 1897 1719 1013
3617 1 2 0 1898 949 950
3618 1 2 0 1899 950 1720
3619 1 2 0 1899 1720 1014
3620 1 2 0 1900 950 951
3621 1 2 0 1901 951 1721
3622 1 2 0 1901 1721 1015
3623 1 2 0 1902 951 952
3624 1 2 0 1903 952 1722
3625 1 2 0 1903 1722 1016
3626 1 2 0 1904 952 953
3627 1 2 0 1905 953 1723
3628 1 2 0 1905 1723 1017
3629 1 2 0 1906 953 954
3630 1 2 0 1907 954 1724
3631 1 2 0 1907 1724 1018
3632 1 2 0 1908 954 955
3633 1 2 0 1909 955 1725
3634 1 2 0 1909 1725 1019
3635 1 2 0 1910 955 956
3636 1 2 0 1911 956 1726
3637 1 2 0 1911 1726 1020
3638 1 2 0 1912 956 957
3639 1 2 0 1913 957 1727
3640 1 2 0 1913 1727 1021
3641 1 2 0 1914 957 958
3642 1 2 0 1915 958 1728
3643 1 2 0 1915 1728 1022
3644 1 2 0 1916 958 959
3645 1 2 0 1917 959 1729
3646 1 2 0 1917 1729 1023
3647 1 2 0 1918 959 960
3648 1 2 0 1919 960 1730
3649 1 2 0 1919 1730 1024
3650 1 2 0 1920 960 897
3651 1 2 0 1921 961 1731
3652 1 2 0 1921 1731 1025
3653 1 2 0 1922 961 962
3654 1 2 0 1923 962 1732
3655 1 2 0 1923 1732 1026
3656 1 2 0 1924 962 963
3657 1 2 0 1925 963 1733
3658 1 2 0 1925 1733 1027
3659 1 2 0 1926 963 964
3660 1 2 0 1927 964 1734
3661 1 2 0 1927 1734 1028
3662 1 2 0 1928 964 965
3663 1 2 0 1929 965 1735
3664 1 2 0 1929 1735 1029
3665 1 2 0 1930 965 966
3666 1 2 0 1931 966 1736
3667 1 2 0 1931 1736 1030
3668 1 2 0 1932 966 967
3669 1 2 0 1933 967 1737
3670 1 2 0 1933 1737 1031
3671 1 2 0 1934 967 968
3672 1 2 0 1935 968 1738
3673 1 2 0 1935 1738 1032
3674 1 2 0 1936 968 969
3675 1 2 0 1937 969 1739
3676 1 2 0 1937 1739 1033
3677 1 2 0 1938 969 970
3678 1 2 0 1939 970 1740
3679 1 2 0 1939 1740 1034
3680 1 2 0 1940 970 971
3681 1 2 0 1941 971 1741
3682 1 2 0 1941 1741 1035
3683 1 2 0 1942 971 972
3684 1 2 0 1943 972 1742
3685 1 2 0 1943 1742 1036
3686 1 2 0 1944 972 973
3687 1 2 0 1945 973 1743
3688 1 2 0 1945 1743 1037
3689 1 2 0 1946 973 974
3690 1 2 0 1947 974 1744
3691 1 2 0 1947 1744 1038
3692 1 2 0 1948 974 975
3693 1 2 0 1949 975 1745
3694 1 2 0 1949 1745 1039
3695 1 2 0 1950 975 976
3696 1 2 0 1951 976 1746
3697 1 2 0 1951 1746 1040
3698 1 2 0 1952 976 977
3699 1 2 0 1953 977 1747
3700 1 2 0 1953 1747 1041
3701 1 2 0 1954 977 978
3702 1 2 0 1955 978 1748
3703 1 2 0 1955 1748 1042
3704 1 2 0 1956 978 979
3705 1 2 0 1957 979 1749
3706 1 2 0 1957 1749 1043
3707 1 2 0 1958 979 980
3708 1 2 0 1959 980 1750
3709 1 2 0 1959 1750 1044
3710 1 2 0 1960 980 981
3711 1 2 0 1961 981 1751
3712 1 2 0 1961 1751 1045
3713 1 2 0 1962 981 982
3714 1 2 0 1963 982 1752
3715 1 2 0 1963 1752 1046
3716 1 2 0 1964 982 983
3717 1 2 0 1965 983 1753
3718 1 2 0 1965 1753 1047
3719 1 2 0 1966 983 984
3720 1 2 0 1967 984 1754
3721 1 2 0 1967 1754 1048
3722 1 2 0 1968 984 985
3723 1 2 0 1969 985 1755
3724 1 2 0 1969 1755 1049
3725 1 2 0 1970 985 986
3726 1 2 0 1971 986 1756
3727 1 2 0 1971 1756 1050
3728 1 2 0 1972 986 987
3729 1 2 0 1973 987 1757
3730 1 2 0 1973 1757 1051
3731 1 2 0 1974 987 988
3732 1 2 0 1975 988 1758
3733 1 2 0 1975 1758 1052
3734 1 2 0 1976 988 989
3735 1 2 0 1977 989 1759
3736 1 2 0 1977 1759 1053
3737 1 2 0 1978 989 990
3738 1 2 0 1979 990 1760
3739 1 2 0 1979 1760 1054
3740 1 2 0 1980 990 991
3741 1 2 0 1981 991 1761
3742 1 2 0 1981 1761 1055
3743 1 2 0 1982 991 992
3744 1 2 0 1983 992 1762
3745 1 2 0 1983 1762 1056
3746 1 2 0 1984 992 993
3747 1 2 0 1985 993 1763
3748 1 2 0 1985 1763 1057
3749 1 2 0 1986 993 994
3750 1 2 0 1987 994 1764
3751 1 2 0 1987 1764 1058
3752 1 2 0 1988 994 995
3753 1 2 0 1989 995 1765
3754 1 2 0 1989 1765 1059
3755 1 2 0 1990 995 996
3756 1 2 0 1991 996 1766
3757 1 2 0 1991 1766 1060
3758 1 2 0 1992 996 997
3759 1 2 0 1993 997 1767
3760 1 2 0 1993 1767 1061
3761 1 2 0 1994 997 998
3762 1 2 0 1995 998 1768
3763 1 2 0 1995 1768 1062
3764 1 2 0 1996 998 999
3765 1 2 0 1997 999 1769
3766 1 2 0 1997 1769 1063
3767 1 2 0 1998 999 1000
3768 1 2 0 1999 1000 1770
3769 1 2 0 1999 1770 1064
3770 1 2 0 2000 1000 1001
3771 1 2 0 2001 1001 1771
3772 1 2 0 2001 1771 1065
3773 1 2 0 2002 1001 1002
3774 1 2 0 2003 1002 1772
3775 1 2 0 2003 1772 1066
3776 1 2 0 2004 1002 1003
3777 1 2 0 2005 1003 1773
3778 1 2 0 2005 1773 1067
3779 1 2 0 2006 1003 1004
3780 1 2 0 2007 1004 1774
3781 1 2 0 2007 1774 1068
3782 1 2 0 2008 1004 1005
3783 1 2 0 2009 1005 1775
3784 1 2 0 2009 1775 1069
3785 1 2 0 2010 1005 1006
3786 1 2 0 2011 1006 1776
3787 1 2 0 2011 1776 1070
3788 1 2 0 2012 1006 1007
3789 1 2 0 2013 1007 1777
3790 1 2 0 2013 1777 1071
3791 1 2 0 2014 1007 1008
3792 1 2 0 2015 1008 1778
3793 1 2 0 2015 1778 1072
3794 1 2 0 2016 1008 1009
3795 1 2 0 2017 1009 1779
3796 1 2 0 2017 1779 1073
3797 1 2 0 2018 1009 1010
3798 1 2 0 2019 1010 1780
3799 1 2 0 2019 1780 1074
3800 1 2 0 2020 1010 1011
3801 1 2 0 2021 1011 1781
3802 1 2 0 2021 1781 1075
3803 1 2 0 2022 1011 1012
3804 1 2 0 2023 1012 1782
3805 1 2 0 2023 1782 1076
3806 1 2 0 2024 1012 1013
3807 1 2 0 2025 1013 1783
3808 1 2 0 2025 1783 1077
3809 1 2 0 2026 1013 1014
3810 1 2 0 2027 1014 1784
3811 1 2 0 2027 1784 1078
3812 1 2 0 2028 1014 1015
3813 1 2 0 2029 1015 1785
3814 1 2 0 2029 1785 1079
3815 1 2 0 2030 1015 1016
3816 1 2 0 2031 1016 1786
3817 1 2 0 2031 1786 1080
3818 1 2 0 2032 1016 1017
3819 1 2 0 2033 1017 1787
3820 1 2 0 2033 1787 1081
3821 1 2 0 2034 1017 1018
3822 1 2 0 2035 1018 1788
3823 1 2 0 2035 1788 1082
3824 1 2 0 2036 1018 1019
3825 1 2 0 2037 1019 1789
3826 1 2 0 2037 1789 1083
3827 1 2 0 2038 1019 1020
3828 1 2 0 2039 1020 1790
3829 1 2 0 2039 1790 1084
3830 1 2 0 2040 1020 1021
3831 1 2 0 2041 1021 1791
3832 1 2 0 2041 1791 1085
3833 1 2 0 2042 1021 1022
3834 1 2 0 2043 1022 1792
3835 1 2 0 2043 1792 1086
3836 1 2 0 2044 1022 1023
3837 1 2 0 2045 1023 1793
3838 1 2 0 2045 1793 1087
3839 1 2 0 2046 1023 1024
3840 1 2 0 2047 1024 1794
3841 1 2 0 2047 1794 1088
3842 1 2 0 2048 1024 961
3843 1 2 0 2049 1025 1795
3844 1 2 0 2049 1795 1089
3845 1 2 0 2050 1025 1026
3846 1 2 0 2051 1026 1796
3847 1 2 0 2051 1796 1090
3848 1 2 0 2052 1026 1027
3849 1 2 0 2053 1027 1797
3850 1 2 0 2053 1797 1091
3851 1 2 0 2054 1027 1798
3852 1 2 0 2054 1798 1028
3853 1 2 0 2055 1028 1799
3854 1 2 0 2055 1799 1092
3855 1 2 0 2056 1028 1800
3856 1 2 0 2056 1800 1029
3857 1 2 0 2057 1029 1801
3858 1 2 0 2057 1801 1093
3859 1 2 0 2058 1029 1802
3860 1 2 0 2058 1802 1030
3861 1 2 0 2059 1030 1803
3862 1 2 0 2059 1803 1094
3863 1 2 0 2060 1030 1031
3864 1 2 0 2061 1031 1804
3865 1 2 0 2061 1804 1095
3866 1 2 0 2062 1031 1032
3867 1 2 0 2063 1032 1805
3868 1 2 0 2063 1805 1096
3869 1 2 0 2064 1032 1033
3870 1 2 0 2065 1033 1806
3871 1 2 0 2065 1806 1097
3872 1 2 0 2066 1033 1034
3873 1 2 0 2067 1034 1807
3874 1 2 0 2067 1807 1098
3875 1 2 0 2068 1034 1035
3876 1 2 0 2069 1035 1808
3877 1 2 0 2069 1808 1099
3878 1 2 0 2070 1035 1809
3879 1 2 0 2070 1809 1036
3880 1 2 0 2071 1036 1810
3881 1 2 0 2071 1810 1100
3882 1 2 0 2072 1036 1037
3883 1 2 0 2073 1037 1811
3884 1 2 0 2073 1811 1101
3885 1 2 0 2074 1037 1038
3886 1 2 0 2075 1038 1812
3887 1 2 0 2075 1812 1102
3888 1 2 0 2076 1038 1039
3889 1 2 0 2077 1039 1813
3890 1 2 0 2077 1813 1103
3891 1 2 0 2078 1039 1040
3892 1 2 0 2079 1040 1814
3893 1 2 0 2079 1814 1104
3894 1 2 0 2080 1040 1041
3895 1 2 0 2081 1041 1815
3896 1 2 0 2081 1815 1105
3897 1 2 0 2082 1041 1042
3898 1 2 0 2083 1042 1816
3899 1 2 0 2083 1816 1106
3900 1 2 0 2084 1042 1043
3901 1 2 0 2085 1043 1817
3902 1 2 0 2085 1817 1107
3903 1 2 0 2086 1043 1044
3904 1 2 0 2087 1044 1818
3905 1 2 0 2087 1818 1108
3906 1 2 0 2088 1044 1045
3907 1 2 0 2089 1045 1819
3908 1 2 0 2089 1819 1109
3909 1 2 0 2090 1045 1046
3910 1 2 0 2091 1046 1820
3911 1 2 0 2091 1820 1110
3912 1 2 0 2092 1046 1821
3913 1 2 0 2092 1821 1047
3914 1 2 0 2093 1047 1822
3915 1 2 0 2093 1822 1111
3916 1 2 0 2094 1047 1048
3917 1 2 0 2095 1048 1823
3918 1 2 0 2095 1823 1112
3919 1 2 0 2096 1048 1049
3920 1 2 0 2097 1049 1824
3921 1 2 0 2097 1824 1113
3922 1 2 0 2098 1049 1050
3923 1 2 0 2099 1050 1825
3924 1 2 0 2099 1825 1114
3925 1 2 0 2100 1050 1051
3926 1 2 0 2101 1051 1826
3927 1 2 0 2101 1826 1115
3928 1 2 0 2102 1051 1052
3929 1 2 0 2103 1052 1827
3930 1 2 0 2103 1827 1116
3931 1 2 0 2104 1052 1828
3932 1 2 0 2104 1828 1053
3933 1 2 0 2105 1053 1829
3934 1 2 0 2105 1829 1117
3935 1 2 0 2106 1053 1830
3936 1 2 0 2106 1830 1054
3937 1 2 0 2107 1054 1831
3938 1 2 0 2107 1831 1118
3939 1 2 0 2108 1054 1832
3940 1 2 0 2108 1832 1055
3941 1 2 0 2109 1055 1833
3942 1 2 0 2109 1833 1119
3943 1 2 0 2110 1055 1056
3944 1 2 0 2111 1056 1834
3945 1 2 0 2111 1834 1120
3946 1 2 0 2112 1056 1057
3947 1 2 0 2113 1057 1835
3948 1 2 0 2113 1835 1121
3949 1 2 0 2114 1057 1058
3950 1 2 0 2115 1058 1836
3951 1 2 0 2115 1836 1122
3952 1 2 0 2116 1058 1059
3953 1 2 0 2117 1059 1837
3954 1 2 0 2117 1837 1123
3955 1 2 0 2118 1059 1838
3956 1 2 0 2118 1838 1060
3957 1 2 0 2119 1060 1839
3958 1 2 0 2119 1839 1124
3959 1 2 0 2120 1060 1840
3960 1 2 0 2120 1840 1061
3961 1 2 0 2121 1061 1841
3962 1 2 0 2121 1841 1125
3963 1 2 0 2122 1061 1842
3964 1 2 0 2122 1842 1062
3965 1 2 0 2123 1062 1843
3966 1 2 0 2123 1843 1126
3967 1 2 0 2124 1062 1063
3968 1 2 0 2125 1063 1844
3969 1 2 0 2125 1844 1127
3970 1 2 0 2126 1063 1064
3971 1 2 0 2127 1064 1845
3972 1 2 0 2127 1845 1128
3973 1 2 0 2128 1064 1065
3974 1 2 0 2129 1065 1846
3975 1 2 0 2129 1846 1129
3976 1 2 0 2130 1065 1066
3977 1 2 0 2131 1066 1847
3978 1 2 0 2131 1847 1130
3979 1 2 0 2132 1066 1067
3980 1 2 0 2133 1067 1848
3981 1 2 0 2133 1848 1131
3982 1 2 0 2134 1067 1849
3983 1 2 0 2134 1849 1068
3984 1 2 0 2135 1068 1850
3985 1 2 0 2135 1850 1132
3986 1 2 0 2136 1068 1069
3987 1 2 0 2137 1069 1851
3988 1 2 0 2137 1851 1133
3989 1 2 0 2138 1069 1070
3990 1 2 0 2139 1070 1852
3991 1 2 0 2139 1852 1134
3992 1 2 0 2140 1070 1071
3993 1 2 0 2141 1071 1853
3994 1 2 0 2141 1853 1135
3995 1 2 0 2142 1071 1072
3996 1 2 0 2143 1072 1854
3997 1 2 0 2143 1854 1136
3998 1 2 0 2144 1072 1073
3999 1 2 0 2145 1073 1855
4000 1 2 0 2145 1855 1137
4001 1 2 0 2146 1073 1074
4002 1 2 0 2147 1074 1856
4003 1 2 0 2147 1856 1138
4004 1 2 0 2148 1074 1075
4005 1 2 0 2149 1075 1857
4006 1 2 0 2149 1857 1139
4007 1 2 0 2150 1075 1076
4008 1 2 0 2151 1076 1858
4009 1 2 0 2151 1858 1140
4010 1 2 0 2152 1076 1077
4011 1 2 0 2153 1077 1859
4012 1 2 0 2153 1859 1141
4013 1 2 0 2154 1077 1078
4014 1 2 0 2155 1078 1860
4015 1 2 0 2155 1860 1142
4016 1 2 0 2156 1078 1861
4017 1 2 0 2156 1861 1079
4018 1 2 0 2157 1079 1862
4019 1 2 0 2157 1862 1143
4020 1 2 0 2158 1079 1080
4021 1 2 0 2159 1080 1863
4022 1 2 0 2159 1863 1144
4023 1 2 0 2160 1080 1081
4024 1 2 0 2161 1081 1864
4025 1 2 0 2161 1864 1145
4026 1 2 0 2162 1081 1082
4027 1 2 0 2163 1082 1865
4028 1 2 0 2163 1865 1146
4029 1 2 0 2164 1082 1083
4030 1 2 0 2165 1083 1866
4031 1 2 0 2165 1866 1147
4032 1 2 0 2166 1083 1084
4033 1 2 0 2167 1084 1867
4034 1 2 0 2167 1867 1148
4035 1 2 0 2168 1084 1868
4036 1 2 0 2168 1868 1085
4037 1 2 0 2169 1085 1869
4038 1 2 0 2169 1869 1149
4039 1 2 0 2170 1085 1870
4040 1 2 0 2170 1870 1086
4041 1 2 0 2171 1086 1871
4042 1 2 0 2171 1871 1150
4043 1 2 0 2172 1086 1872
4044 1 2 0 2172 1872 1087
4045 1 2 0 2173 1087 1873
4046 1 2 0 2173 1873 1151
4047 1 2 0 2174 1087 1088
4048 1 2 0 2175 1088 1874
4049 1 2 0 2175 1874 1152
4050 1 2 0 2176 1088 1025
4051 1 2 0 2177 1089 1875
4052 1 2 0 2177 1875 1153
4053 1 2 0 2178 1089 1876
4054 1 2 0 2178 1876 1090
4055 1 2 0 2179 1090 1877
4056 1 2 0 2179 1877 1154
4057 1 2 0 2180 1090 1878
4058 1 2 0 2180 1878 1091
4059 1 2 0 2181 1091 1879
4060 1 2 0 2181 1879 1155
4061 1 2 0 2182 1091 1880
4062 1 2 0 2182 1880 1092
4063 1 2 0 2183 1092 1881
4064 1 2 0 2183 1881 1156
4065 1 2 0 2184 1092 1882
4066 1 2 0 2184 1882 1093
4067 1 2 0 2185 1093 1883
4068 1 2 0 2185 1883 1157
4069 1 2 0 2186 1093 1884
4070 1 2 0 2186 1884 1094
4071 1 2 0 2187 1094 1885
4072 1 2 0 2187 1885 1158
4073 1 2 0 2188 1094 1095
4074 1 2 0 2189 1095 1886
4075 1 2 0 2189 1886 1159
4076 1 2 0 2190 1095 1096
4077 1 2 0 2191 1096 1887
4078 1 2 0 2191 1887 1160
4079 1 2 0 2192 1096 1097
4080 1 2 0 2193 1097 1888
4081 1 2 0 2193 1888 1161
4082 1 2 0 2194 1097 1098
4083 1 2 0 2195 1098 1889
4084 1 2 0 2195 1889 1162
4085 1 2 0 2196 1098 1099
4086 1 2 0 2197 1099 1890
4087 1 2 0 2197 1890 1163
4088 1 2 0 2198 1099 1891
4089 1 2 0 2198 1891 1100
4090 1 2 0 2199 1100 1892
4091 1 2 0 2199 1892 1164
4092 1 2 0 2200 1100 1893
4093 1 2 0 2200 1893 1101
4094 1 2 0 2201 1101 1894
4095 1 2 0 2201 1894 1165
4096 1 2 0 2202 1101 1895
4097 1 2 0 2202 1895 1102
4098 1 2 0 2203 1102 1896
4099 1 2 0 2203 1896 1166
4100 1 2 0 2204 1102 1103
4101 1 2 0 2205 1103 1897
4102 1 2 0 2205 1897 1167
4103 1 2 0 2206 1103 1104
4104 1 2 0 2207 1104 1898
4105 1 2 0 2207 1898 1168
4106 1 2 0 2208 1104 1105
4107 1 2 0 2209 1105 1899
4108 1 2 0 2209 1899 1169
4109 1 2 0 2210 1105 1106
4110 1 2 0 2211 1106 1900
4111 1 2 0 2211 1900 1170
4112 1 2 0 2212 1106 1107
4113 1 2 0 2213 1107 1901
4114 1 2 0 2213 1901 1171
4115 1 2 0 2214 1107 1108
4116 1 2 0 2215 1108 1902
4117 1 2 0 2215 1902 1172
4118 1 2 0 2216 1108 1903
4119 1 2 0 2216 1903 1109
4120 1 2 0 2217 1109 1904
4121 1 2 0 2217 1904 1173
4122 1 2 0 2218 1109 1905
4123 1 2 0 2218 1905 1110
4124 1 2 0 2219 1110 1906
4125 1 2 0 2219 1906 1174
4126 1 2 0 2220 1110 1907
4127 1 2 0 2220 1907 1111
4128 1 2 0 2221 1111 1908
4129 1 2 0 2221 1908 1175
4130 1 2 0 2222 1111 1112
4131 1 2 0 2223 1112 1909
4132 1 2 0 2223 1909 1176
4133 1 2 0 2224 1112 1113
4134 1 2 0 2225 1113 1910
4135 1 2 0 2225 1910 1177
4136 1 2 0 2226 1113 1114
4137 1 2 0 2227 1114 1911
4138 1 2 0 2227 1911 1178
4139 1 2 0 2228 1114 1115
4140 1 2 0 2229 1115 1912
4141 1 2 0 2229 1912 1179
4142 1 2 0 2230 1115 1116
4143 1 2 0 2231 1116 1913
4144 1 2 0 2231 1913 1180
4145 1 2 0 2232 1116 1914
4146 1 2 0 2232 1914 1117
4147 1 2 0 2233 1117 1915
4148 1 2 0 2233 1915 1181
4149 1 2 0 2234 1117 1916
4150 1 2 0 2234 1916 1118
4151 1 2 0 2235 1118 1917
4152 1 2 0 2235 1917 1182
4153 1 2 0 2236 1118 1918
4154 1 2 0 2236 1918 1119
4155 1 2 0 2237 1119 1919
4156 1 2 0 2237 1919 1183
4157 1 2 0 2238 1119 1920
4158 1 2 0 2238 1920 1120
4159 1 2 0 2239 1120 1921
4160 1 2 0 2239 1921 1184
4161 1 2 0 2240 1120 1922
4162 1 2 0 2240 1922 1121
4163 1 2 0 2241 1121 1923
4164 1 2 0 2241 1923 1185
4165 1 2 0 2242 1121 1924
4166 1 2 0 2242 1924 1122
4167 1 2 0 2243 1122 1925
4168 1 2 0 2243 1925 1186
4169 1 2 0 2244 1122 1926
4170 1 2 0 2244 1926 1123
4171 1 2 0 2245 1123 1927
4172 1 2 0 2245 1927 1187
4173 1 2 0 2246 1123 1928
4174 1 2 0 2246 1928 1124
4175 1 2 0 2247 1124 1929
4176 1 2 0 2247 1929 1188
4177 1 2 0 2248 1124 1930
4178 1 2 0 2248 1930 1125
4179 1 2 0 2249 1125 1931
4180 1 2 0 2249 1931 1189
4181 1 2 0 2250 1125 1932
4182 1 2 0 2250 1932 1126
4183 1 2 0 2251 1126 1933
4184 1 2 0 2251 1933 1190
4185 1 2 0 2252 1126 1127
4186 1 2 0 2253 1127 1934
4187 1 2 0 2253 1934 1191
4188 1 2 0 2254 1127 1128
4189 1 2 0 2255 1128 1935
4190 1 2 0 2255 1935 1192
4191 1 2 0 2256 1128 1129
4192 1 2 0 2257 1129 1936
4193 1 2 0 2257 1936 1193
4194 1 2 0 2258 1129 1130
4195 1 2 0 2259 1130 1937
4196 1 2 0 2259 1937 1194
4197 1 2 0 2260 1130 1131
4198 1 2 0 2261 1131 1938
4199 1 2 0 2261 1938 1195
4200 1 2 0 2262 1131 1939
4201 1 2 0 2262 1939 1132
4202 1 2 0 2263 1132 1940
4203 1 2 0 2263 1940 1196
4204 1 2 0 2264 1132 1941
4205 1 2 0 2264 1941 1133
4206 1 2 0 2265 1133 1942
4207 1 2 0 2265 1942 1197
4208 1 2 0 2266 1133 1943
4209 1 2 0 2266 1943 1134
4210 1 2 0 2267 1134 1944
4211 1 2 0 2267 1944 1198
4212 1 2 0 2268 1134 1135
4213 1 2 0 2269 1135 1945
4214 1 2 0 2269 1945 1199
4215 1 2 0 2270 1135 1136
4216 1 2 0 2271 1136 1946
4217 1 2 0 2271 1946 1200
4218 1 2 0 2272 1136 1137
4219 1 2 0 2273 1137 1947
4220 1 2 0 2273 1947 1201
4221 1 2 0 2274 1137 1138
4222 1 2 0 2275 1138 1948
4223 1 2 0 2275 1948 1202
4224 1 2 0 2276 1138 1139
4225 1 2 0 2277 1139 1949
4226 1 2 0 2277 1949 1203
4227 1 2 0 2278 1139 1140
4228 1 2 0 2279 1140 1950
4229 1 2 0 2279 1950 1204
4230 1 2 0 2280 1140 1951
4231 1 2 0 2280 1951 1141
4232 1 2 0 2281 1141 1952
4233 1 2 0 2281 1952 1205
4234 1 2 0 2282 1141 1953
4235 1 2 0 2282 1953 1142
4236 1 2 0 2283 1142 1954
4237 1 2 0 2283 1954 1206
4238 1 2 0 2284 1142 1955
4239 1 2 0 2284 1955 1143
4240 1 2 0 2285 1143 1956
4241 1 2 0 2285 1956 1207
4242 1 2 0 2286 1143 1144
4243 1 2 0 2287 1144 1957
4244 1 2 0 2287 1957 1208
4245 1 2 0 2288 1144 1145
4246 1 2 0 2289 1145 1958
4247 1 2 0 2289 1958 1209
4248 1 2 0 2290 1145 1146
4249 1 2 0 2291 1146 1959
4250 1 2 0 2291 1959 1210
4251 1 2 0 2292 1146 1147
4252 1 2 0 2293 1147 1960
4253 1 2 0 2293 1960 1211
4254 1 2 0 2294 1147 1148
4255 1 2 0 2295 1148 1961
4256 1 2 0 2295 1961 1212
4257 1 2 0 2296 1148 1962
4258 1 2 0 2296 1962 1149
4259 1 2 0 2297 1149 1963
4260 1 2 0 2297 1963 1213
4261 1 2 0 2298 1149 1964
4262 1 2 0 2298 1964 1150
4263 1 2 0 2299 1150 1965
4264 1 2 0 2299 1965 1214
4265 1 2 0 2300 1150 1966
4266 1 2 0 2300 1966 1151
4267 1 2 0 2301 1151 1967
4268 1 2 0 2301 1967 1215
4269 1 2 0 2302 1151 1968
4270 1 2 0 2302 1968 1152
4271 1 2 0 2303 1152 1969
4272 1 2 0 2303 1969 1216
4273 1 2 0 2304 1152 1970
4274 1 2 0 2304 1970 1089
4275 1 2 0 2305 1153 1217
4276 1 2 0 2306 1153 1971
4277 1 2 0 2306 1971 1154
4278 1 2 0 2307 1154 1218
4279 1 2 0 2308 1154 1972
4280 1 2 0 2308 1972 1155
4281 1 2 0 2309 1155 1219
4282 1 2 0 2310 1155 1973
4283 1 2 0 2310 1973 1156
4284 1 2 0 2311 1156 1974
4285 1 2 0 2311 1974 1220
4286 1 2 0 2312 1156 1975
4287 1 2 0 2312 1975 1157
4288 1 2 0 2313 1157 1976
4289 1 2 0 2313 1976 1221
4290 1 2 0 2314 1157 1977
4291 1 2 0 2314 1977 1158
4292 1 2 0 2315 1158 1978
4293 1 2 0 2315 1978 1222
4294 1 2 0 2316 1158 1159
4295 1 2 0 2317 1159 1979
4296 1 2 0 2317 1979 1223
4297 1 2 0 2318 1159 1160
4298 1 2 0 2319 1160 1980
4299 1 2 0 2319 1980 1224
4300 1 2 0 2320 1160 1161
4301 1 2 0 2321 1161 1981
4302 1 2 0 2321 1981 1225
4303 1 2 0 2322 1161 1162
4304 1 2 0 2323 1162 1982
4305 1 2 0 2323 1982 1226
4306 1 2 0 2324 1162 1163
4307 1 2 0 2325 1163 1983
4308 1 2 0 2325 1983 1227
4309 1 2 0 2326 1163 1984
4310 1 2 0 2326 1984 1164
4311 1 2 0 2327 1164 1985
4312 1 2 0 2327 1985 1228
4313 1 2 0 2328 1164 1986
4314 1 2 0 2328 1986 1165
4315 1 2 0 2329 1165 1987
4316 1 2 0 2329 1987 1229
4317 1 2 0 2330 1165 1988
4318 1 2 0 2330 1988 1166
4319 1 2 0 2331 1166 1230
4320 1 2 0 2332 1166 1989
4321 1 2 0 2332 1989 1167
4322 1 2 0 2333 1167 1231
4323 1 2 0 2334 1167 1168
4324 1 2 0 2335 1168 1232
4325 1 2 0 2336 1168 1169
4326 1 2 0 2337 1169 1233
4327 1 2 0 2338 1169 1170
4328 1 2 0 2339 1170 1234
4329 1 2 0 2340 1170 1171
4330 1 2 0 2341 1171 1235
4331 1 2 0 2342 1171 1990
4332 1 2 0 2342 1990 1172
4333 1 2 0 2343 1172 1236
4334 1 2 0 2344 1172 1991
4335 1 2 0 2344 1991 1173
4336 1 2 0 2345 1173 1992
4337 1 2 0 2345 1992 1237
4338 1 2 0 2346 1173 1993
4339 1 2 0 2346 1993 1174
4340 1 2 0 2347 1174 1994
4341 1 2 0 2347 1994 1238
4342 1 2 0 2348 1174 1995
4343 1 2 0 2348 1995 1175
4344 1 2 0 2349 1175 1996
4345 1 2 0 2349 1996 1239
4346 1 2 0 2350 1175 1176
4347 1 2 0 2351 1176 1997
4348 1 2 0 2351 1997 1240
4349 1 2 0 2352 1176 1177
4350 1 2 0 2353 1177 1998
4351 1 2 0 2353 1998 1241
4352 1 2 0 2354 1177 1178
4353 1 2 0 2355 1178 1999
4354 1 2 0 2355 1999 1242
4355 1 2 0 2356 1178 1179
4356 1 2 0 2357 1179 2000
4357 1 2 0 2357 2000 1243
4358 1 2 0 2358 1179 1180
4359 1 2 0 2359 1180 2001
4360 1 2 0 2359 2001 1244
4361 1 2 0 2360 1180 2002
4362 1 2 0 2360 2002 1181
4363 1 2 0 2361 1181 2003
4364 1 2 0 2361 2003 1245
4365 1 2 0 2362 1181 2004
4366 1 2 0 2362 2004 1182
4367 1 2 0 2363 1182 2005
4368 1 2 0 2363 2005 1246
4369 1 2 0 2364 1182 2006
4370 1 2 0 2364 2006 1183
4371 1 2 0 2365 1183 1247
4372 1 2 0 2366 1183 2007
4373 1 2 0 2366 2007 1184
4374 1 2 0 2367 1184 1248
4375 1 2 0 2368 1184 2008
4376 1 2 0 2368 2008 1185
4377 1 2 0 2369 1185 1249
4378 1 2 0 2370 1185 2009
4379 1 2 0 2370 2009 1186
4380 1 2 0 2371 1186 1250
4381 1 2 0 2372 1186 2010
4382 1 2 0 2372 2010 1187
4383 1 2 0 2373 1187 1251
4384 1 2 0 2374 1187 2011
4385 1 2 0 2374 2011 1188
4386 1 2 0 2375 1188 2012
4387 1 2 0 2375 2012 1252
4388 1 2 0 2376 1188 2013
4389 1 2 0 2376 2013 1189
4390 1 2 0 2377 1189 2014
4391 1 2 0 2377 2014 1253
4392 1 2 0 2378 1189 2015
4393 1 2 0 2378 2015 1190
4394 1 2 0 2379 1190 2016
4395 1 2 0 2379 2016 1254
4396 1 2 0 2380 1190 1191
4397 1 2 0 2381 1191 2017
4398 1 2 0 2381 2017 1255
4399 1 2 0 2382 1191 1192
4400 1 2 0 2383 1192 2018
4401 1 2 0 2383 2018 1256
4402 1 2 0 2384 1192 1193
4403 1 2 0 2385 1193 2019
4404 1 2 0 2385 2019 1257
4405 1 2 0 2386 1193 1194
4406 1 2 0 2387 1194 2020
4407 1 2 0 2387 2020 1258
4408 1 2 0 2388 1194 1195
4409 1 2 0 2389 1195 2021
4410 1 2 0 2389 2021 1259
4411 1 2 0 2390 1195 2022
4412 1 2 0 2390 2022 1196
4413 1 2 0 2391 1196 2023
4414 1 2 0 2391 2023 1260
4415 1 2 0 2392 1196 2024
4416 1 2 0 2392 2024 1197
4417 1 2 0 2393 1197 2025
4418 1 2 0 2393 2025 1261
4419 1 2 0 2394 1197 2026
4420 1 2 0 2394 2026 1198
4421 1 2 0 2395 1198 1262
4422 1 2 0 2396 1198 2027
4423 1 2 0 2396 2027 1199
4424 1 2 0 2397 1199 1263
4425 1 2 0 2398 1199 1200
4426 1 2 0 2399 1200 1264
4427 1 2 0 2400 1200 1201
4428 1 2 0 2401 1201 1265
4429 1 2 0 2402 1201 1202
4430 1 2 0 2403 1202 1266
4431 1 2 0 2404 1202 1203
4432 1 2 0 2405 1203 1267
4433 1 2 0 2406 1203 2028
4434 1 2 0 2406 2028 1204
4435 1 2 0 2407 1204 1268
4436 1 2 0 2408 1204 2029
4437 1 2 0 2408 2029 1205
4438 1 2 0 2409 1205 2030
4439 1 2 0 2409 2030 1269
4440 1 2 0 2410 1205 2031
4441 1 2 0 2410 2031 1206
4442 1 2 0 2411 1206 2032
4443 1 2 0 2411 2032 1270
4444 1 2 0 2412 1206 2033
4445 1 2 0 2412 2033 1207
4446 1 2 0 2413 1207 2034
4447 1 2 0 2413 2034 1271
4448 1 2 0 2414 1207 1208
4449 1 2 0 2415 1208 2035
4450 1 2 0 2415 2035 1272
4451 1 2 0 2416 1208 1209
4452 1 2 0 2417 1209 2036
4453 1 2 0 2417 2036 1273
4454 1 2 0 2418 1209 1210
4455 1 2 0 2419 1210 2037
4456 1 2 0 2419 2037 1274
4457 1 2 0 2420 1210 1211
4458 1 2 0 2421 1211 2038
4459 1 2 0 2421 2038 1275
4460 1 2 0 2422 1211 1212
4461 1 2 0 2423 1212 2039
4462 1 2 0 2423 2039 1276
4463 1 2 0 2424 1212 2040
4464 1 2 0 2424 2040 1213
4465 1 2 0 2425 1213 2041
4466 1 2 0 2425 2041 1277
4467 1 2 0 2426 1213 2042
4468 1 2 0 2426 2042 1214
4469 1 2 0 2427 1214 2043
4470 1 2 0 2427 2043 1278
4471 1 2 0 2428 1214 2044
4472 1 2 0 2428 2044 1215
4473 1 2 0 2429 1215 1279
4474 1 2 0 2430 1215 2045
4475 1 2 0 2430 2045 1216
4476 1 2 0 2431 1216 1280
4477 1 2 0 2432 1216 2046
4478 1 2 0 2432 2046 1153
4479 1 2 0 2433 1217 1281
4480 1 2 0 2434 1217 2047
4481 1 2 0 2434 2047 1218
4482 1 2 0 2435 1218 1282
4483 1 2 0 2436 1218 2048
4484 1 2 0 2436 2048 1219
4485 1 2 0 2437 1219 1283
4486 1 2 0 2438 1219 2049
4487 1 2 0 2438 2049 1220
4488 1 2 0 2439 1220 1284
4489 1 2 0 2440 1220 2050
4490 1 2 0 2440 2050 1221
4491 1 2 0 2441 1221 2051
4492 1 2 0 2441 2051 1285
4493 1 2 0 2442 1221 2052
4494 1 2 0 2442 2052 1222
4495 1 2 0 2443 1222 2053
4496 1 2 0 2443 2053 1286
4497 1 2 0 2444 1222 1223
4498 1 2 0 2445 1223 2054
4499 1 2 0 2445 2054 1287
4500 1 2 0 2446 1223 1224
4501 1 2 0 2447 1224 2055
4502 1 2 0 2447 2055 1288
4503 1 2 0 2448 1224 1225
4504 1 2 0 2449 1225 2056
4505 1 2 0 2449 2056 1289
4506 1 2 0 2450 1225 1226
4507 1 2 0 2451 1226 2057
4508 1 2 0 2451 2057 1290
4509 1 2 0 2452 1226 1227
4510 1 2 0 2453 1227 2058
4511 1 2 0 2453 2058 1291
4512 1 2 0 2454 1227 2059
4513 1 2 0 2454 2059 1228
4514 1 2 0 2455 1228 2060
4515 1 2 0 2455 2060 1292
4516 1 2 0 2456 1228 2061
4517 1 2 0 2456 2061 1229
4518 1 2 0 2457 1229 1293
4519 1 2 0 2458 1229 2062
4520 1 2 0 2458 2062 1230
4521 1 2 0 2459 1230 1294
4522 1 2 0 2460 1230 2063
4523 1 2 0 2460 2063 1231
4524 1 2 0 2461 1231 1295
4525 1 2 0 2462 1231 2064
4526 1 2 0 2462 2064 1232
4527 1 2 0 2463 1232 1296
4528 1 2 0 2464 1232 2065
4529 1 2 0 2464 2065 1233
4530 1 2 0 2465 1233 1297
4531 1 2 0 2466 1233 2066
4532 1 2 0 2466 2066 1234
4533 1 2 0 2467 1234 1298
4534 1 2 0 2468 1234 2067
4535 1 2 0 2468 2067 1235
4536 1 2 0 2469 1235 1299
4537 1 2 0 2470 1235 2068
4538 1 2 0 2470 2068 1236
4539 1 2 0 2471 1236 1300
4540 1 2 0 2472 1236 2069
4541 1 2 0 2472 2069 1237
4542 1 2 0 2473 1237 1301
4543 1 2 0 2474 1237 2070
4544 1 2 0 2474 2070 1238
4545 1 2 0 2475 1238 2071
4546 1 2 0 2475 2071 1302
4547 1 2 0 2476 1238 2072
4548 1 2 0 2476 2072 1239
4549 1 2 0 2477 1239 2073
4550 1 2 0 2477 2073 1303
4551 1 2 0 2478 1239 1240
4552 1 2 0 2479 1240 2074
4553 1 2 0 2479 2074 1304
4554 1 2 0 2480 1240 1241
4555 1 2 0 2481 1241 2075
4556 1 2 0 2481 2075 1305
4557 1 2 0 2482 1241 1242
4558 1 2 0 2483 1242 2076
4559 1 2 0 2483 2076 1306
4560 1 2 0 2484 1242 1243
4561 1 2 0 2485 1243 2077
4562 1 2 0 2485 2077 1307
4563 1 2 0 2486 1243 1244
4564 1 2 0 2487 1244 2078
4565 1 2 0 2487 2078 1308
4566 1 2 0 2488 1244 2079
4567 1 2 0 2488 2079 1245
4568 1 2 0 2489 1245 2080
4569 1 2 0 2489 2080 1309
4570 1 2 0 2490 1245 2081
4571 1 2 0 2490 2081 1246
4572 1 2 0 2491 1246 1310
4573 1 2 0 2492 1246 2082
4574 1 2 0 2492 2082 1247
4575 1 2 0 2493 1247 1311
4576 1 2 0 2494 1247 2083
4577 1 2 0 2494 2083 1248
4578 1 2 0 2495 1248 1312
4579 1 2 0 2496 1248 2084
4580 1 2 0 2496 2084 1249
4581 1 2 0 2497 1249 1313
4582 1 2 0 2498 1249 2085
4583 1 2 0 2498 2085 1250
4584 1 2 0 2499 1250 1314
4585 1 2 0 2500 1250 2086
4586 1 2 0 2500 2086 1251
4587 1 2 0 2501 1251 1315
4588 1 2 0 2502 1251 2087
4589 1 2 0 2502 2087 1252
4590 1 2 0 2503 1252 1316
4591 1 2 0 2504 1252 2088
4592 1 2 0 2504 2088 1253
4593 1 2 0 2505 1253 2089
4594 1 2 0 2505 2089 1317
4595 1 2 0 2506 1253 2090
4596 1 2 0 2506 2090 1254
4597 1 2 0 2507 1254 2091
4598 1 2 0 2507 2091 1318
4599 1 2 0 2508 1254 1255
4600 1 2 0 2509 1255 2092
4601 1 2 0 2509 2092 1319
4602 1 2 0 2510 1255 1256
4603 1 2 0 2511 1256 2093
4604 1 2 0 2511 2093 1320
4605 1 2 0 2512 1256 1257
4606 1 2 0 2513 1257 2094
4607 1 2 0 2513 2094 1321
4608 1 2 0 2514 1257 1258
4609 1 2 0 2515 1258 2095
4610 1 2 0 2515 2095 1322
4611 1 2 0 2516 1258 1259
4612 1 2 0 2517 1259 2096
4613 1 2 0 2517 2096 1323
4614 1 2 0 2518 1259 2097
4615 1 2 0 2518 2097 1260
4616 1 2 0 2519 1260 2098
4617 1 2 0 2519 2098 1324
4618 1 2 0 2520 1260 2099
4619 1 2 0 2520 2099 1261
4620 1 2 0 2521 1261 1325
4621 1 2 0 2522 1261 2100
4622 1 2 0 2522 2100 1262
4623 1 2 0 2523 1262 1326
4624 1 2 0 2524 1262 2101
4625 1 2 0 2524 2101 1263
4626 1 2 0 2525 1263 1327
4627 1 2 0 2526 1263 2102
4628 1 2 0 2526 2102 1264
4629 1 2 0 2527 1264 1328
4630 1 2 0 2528 1264 2103
4631 1 2 0 2528 2103 1265
4632 1 2 0 2529 1265 1329
4633 1 2 0 2530 1265 2104
4634 1 2 0 2530 2104 1266
4635 1 2 0 2531 1266 1330
4636 1 2 0 2532 1266 2105
4637 1 2 0 2532 2105 1267
4638 1 2 0 2533 1267 1331
4639 1 2 0 2534 1267 2106
4640 1 2 0 2534 2106 1268
4641 1 2 0 2535 1268 1332
4642 1 2 0 2536 1268 2107
4643 1 2 0 2536 2107 1269
4644 1 2 0 2537 1269 1333
4645 1 2 0 2538 1269 2108
4646 1 2 0 2538 2108 1270
4647 1 2 0 2539 1270 2109
4648 1 2 0 2539 2109 1334
4649 1 2 0 2540 1270 2110
4650 1 2 0 2540 2110 1271
4651 1 2 0 2541 1271 2111
4652 1 2 0 2541 2111 1335
4653 1 2 0 2542 1271 1272
4654 1 2 0 2543 1272 2112
4655 1 2 0 2543 2112 1336
4656 1 2 0 2544 1272 1273
4657 1 2 0 2545 1273 2113
4658 1 2 0 2545 2113 1337
4659 1 2 0 2546 1273 1274
4660 1 2 0 2547 1274 2114
4661 1 2 0 2547 2114 1338
4662 1 2 0 2548 1274 1275
4663 1 2 0 2549 1275 2115
4664 1 2 0 2549 2115 1339
4665 1 2 0 2550 1275 1276
4666 1 2 0 2551 1276 2116
4667 1 2 0 2551 2116 1340
4668 1 2 0 2552 1276 2117
4669 1 2 0 2552 2117 1277
4670 1 2 0 2553 1277 2118
4671 1 2 0 2553 2118 1341
4672 1 2 0 2554 1277 2119
4673 1 2 0 2554 2119 1278
4674 1 2 0 2555 1278 1342
4675 1 2 0 2556 1278 2120
4676 1 2 0 2556 2120 1279
4677 1 2 0 2557 1279 1343
4678 1 2 0 2558 1279 2121
4679 1 2 0 2558 2121 1280
4680 1 2 0 2559 1280 1344
4681 1 2 0 2560 1280 2122
4682 1 2 0 2560 2122 1217
4683 1 2 0 2561 1281 1345
4684 1 2 0 2562 1281 2123
4685 1 2 0 2562 2123 1282
4686 1 2 0 2563 1282 1346
4687 1 2 0 2564 1282 2124
4688 1 2 0 2564 2124 1283
4689 1 2 0 2565 1283 1347
4690 1 2 0 2566 1283 2125
4691 1 2 0 2566 2125 1284
4692 1 2 0 2567 1284 1348
4693 1 2 0 2568 1284 2126
4694 1 2 0 2568 2126 1285
4695 1 2 0 2569 1285 1349
4696 1 2 0 2570 1285 2127
4697 1 2 0 2570 2127 2128
4698 1 2 0 2570 2128 1286
4699 1 2 0 2571 1286 2129
4700 1 2 0 2571 2129 1350
4701 1 2 0 2572 1286 1287
4702 1 2 0 2573 1287 2130
4703 1 2 0 2573 2130 1351
4704 1 2 0 2574 1287 1288
4705 1 2 0 2575 1288 2131
4706 1 2 0 2575 2131 1352
4707 1 2 0 2576 1288 1289
4708 1 2 0 2577 1289 2132
4709 1 2 0 2577 2132 1353
4710 1 2 0 2578 1289 1290
4711 1 2 0 2579 1290 2133
4712 1 2 0 2579 2133 1354
4713 1 2 0 2580 1290 1291
4714 1 2 0 2581 1291 2134
4715 1 2 0 2581 2134 1355
4716 1 2 0 2582 1291 2135
4717 1 2 0 2582 2135 2136
4718 1 2 0 2582 2136 1292
4719 1 2 0 2583 1292 1356
4720 1 2 0 2584 1292 2137
4721 1 2 0 2584 2137 1293
4722 1 2 0 2585 1293 1357
4723 1 2 0 2586 1293 2138
4724 1 2 0 2586 2138 1294
4725 1 2 0 2587 1294 1358
4726 1 2 0 2588 1294 2139
4727 1 2 0 2588 2139 1295
4728 1 2 0 2589 1295 1359
4729 1 2 0 2590 1295 2140
4730 1 2 0 2590 2140 1296
4731 1 2 0 2591 1296 1360
4732 1 2 0 2592 1296 2141
4733 1 2 0 2592 2141 1297
4734 1 2 0 2593 1297 1361
4735 1 2 0 2594 1297 2142
4736 1 2 0 2594 2142 1298
4737 1 2 0 2595 1298 1362
4738 1 2 0 2596 1298 2143
4739 1 2 0 2596 2143 1299
4740 1 2 0 2597 1299 1363
4741 1 2 0 2598 1299 2144
4742 1 2 0 2598 2144 1300
4743 1 2 0 2599 1300 1364
4744 1 2 0 2600 1300 2145
4745 1 2 0 2600 2145 1301
4746 1 2 0 2601 1301 1365
4747 1 2 0 2602 1301 2146
4748 1 2 0 2602 2146 1302
4749 1 2 0 2603 1302 1366
4750 1 2 0 2604 1302 2147
4751 1 2 0 2604 2147 2148
4752 1 2 0 2604 2148 1303
4753 1 2 0 2605 1303 2149
4754 1 2 0 2605 2149 1367
4755 1 2 0 2606 1303 1304
4756 1 2 0 2607 1304 2150
4757 1 2 0 2607 2150 1368
4758 1 2 0 2608 1304 1305
4759 1 2 0 2609 1305 2151
4760 1 2 0 2609 2151 1369
4761 1 2 0 2610 1305 1306
4762 1 2 0 2611 1306 2152
4763 1 2 0 2611 2152 1370
4764 1 2 0 2612 1306 1307
4765 1 2 0 2613 1307 2153
4766 1 2 0 2613 2153 1371
4767 1 2 0 2614 1307 1308
4768 1 2 0 2615 1308 2154
4769 1 2 0 2615 2154 1372
4770 1 2 0 2616 1308 2155
4771 1 2 0 2616 2155 2156
4772 1 2 0 2616 2156 1309
4773 1 2 0 2617 1309 1373
4774 1 2 0 2618 1309 2157
4775 1 2 0 2618 2157 1310
4776 1 2 0 2619 1310 1374
4777 1 2 0 2620 1310 2158
4778 1 2 0 2620 2158 1311
4779 1 2 0 2621 1311 1375
4780 1 2 0 2622 1311 2159
4781 1 2 0 2622 2159 1312
4782 1 2 0 2623 1312 1376
4783 1 2 0 2624 1312 2160
4784 1 2 0 2624 2160 1313
4785 1 2 0 2625 1313 1377
4786 1 2 0 2626 1313 2161
4787 1 2 0 2626 2161 1314
4788 1 2 0 2627 1314 1378
4789 1 2 0 2628 1314 2162
4790 1 2 0 2628 2162 1315
4791 1 2 0 2629 1315 1379
4792 1 2 0 2630 1315 2163
4793 1 2 0 2630 2163 1316
4794 1 2 0 2631 1316 1380
4795 1 2 0 2632 1316 2164
4796 1 2 0 2632 2164 1317
4797 1 2 0 2633 1317 1381
4798 1 2 0 2634 1317 2165
4799 1 2 0 2634 2165 2166
4800 1 2 0 2634 2166 1318
4801 1 2 0 2635 1318 2167
4802 1 2 0 2635 2167 1382
4803 1 2 0 2636 1318 1319
4804 1 2 0 2637 1319 2168
4805 1 2 0 2637 2168 1383
4806 1 2 0 2638 1319 1320
4807 1 2 0 2639 1320 2169
4808 1 2 0 2639 2169 1384
4809 1 2 0 2640 1320 1321
4810 1 2 0 2641 1321 2170
4811 1 2 0 2641 2170 1385
4812 1 2 0 2642 1321 1322
4813 1 2 0 2643 1322 2171
4814 1 2 0 2643 2171 1386
4815 1 2 0 2644 1322 1323
4816 1 2 0 2645 1323 2172
4817 1 2 0 2645 2172 1387
4818 1 2 0 2646 1323 2173
4819 1 2 0 2646 2173 2174
4820 1 2 0 2646 2174 1324
4821 1 2 0 2647 1324 1388
4822 1 2 0 2648 1324 2175
4823 1 2 0 2648 2175 1325
4824 1 2 0 2649 1325 1389
4825 1 2 0 2650 1325 2176
4826 1 2 0 2650 2176 1326
4827 1 2 0 2651 1326 1390
4828 1 2 0 2652 1326 2177
4829 1 2 0 2652 2177 1327
4830 1 2 0 2653 1327 1391
4831 1 2 0 2654 1327 2178
4832 1 2 0 2654 2178 1328
4833 1 2 0 2655 1328 1392
4834 1 2 0 2656 1328 2179
4835 1 2 0 2656 2179 1329
4836 1 2 0 2657 1329 1393
4837 1 2 0 2658 1329 2180
4838 1 2 0 2658 2180 1330
4839 1 2 0 2659 1330 1394
4840 1 2 0 2660 1330 2181
4841 1 2 0 2660 2181 1331
4842 1 2 0 2661 1331 1395
4843 1 2 0 2662 1331 2182
4844 1 2 0 2662 2182 1332
4845 1 2 0 2663 1332 1396
4846 1 2 0 2664 1332 2183
4847 1 2 0 2664 2183 1333
4848 1 2 0 2665 1333 1397
4849 1 2 0 2666 1333 2184
4850 1 2 0 2666 2184 1334
4851 1 2 0 2667 1334 1398
4852 1 2 0 2668 1334 2185
4853 1 2 0 2668 2185 2186
4854 1 2 0 2668 2186 1335
4855 1 2 0 2669 1335 2187
4856 1 2 0 2669 2187 1399
4857 1 2 0 2670 1335 1336
4858 1 2 0 2671 1336 2188
4859 1 2 0 2671 2188 1400
4860 1 2 0 2672 1336 1337
4861 1 2 0 2673 1337 2189
4862 1 2 0 2673 2189 1401
4863 1 2 0 2674 1337 1338
4864 1 2 0 2675 1338 2190
4865 1 2 0 2675 2190 1402
4866 1 2 0 2676 1338 1339
4867 1 2 0 2677 1339 2191
4868 1 2 0 2677 2191 1403
4869 1 2 0 2678 1339 1340
4870 1 2 0 2679 1340 2192
4871 1 2 0 2679 2192 1404
4872 1 2 0 2680 1340 2193
4873 1 2 0 2680 2193 2194
4874 1 2 0 2680 2194 1341
4875 1 2 0 2681 1341 1405
4876 1 2 0 2682 1341 2195
4877 1 2 0 2682 2195 1342
4878 1 2 0 2683 1342 1406
4879 1 2 0 2684 1342 2196
4880 1 2 0 2684 2196 1343
4881 1 2 0 2685 1343 1407
4882 1 2 0 2686 1343 2197
4883 1 2 0 2686 2197 1344
4884 1 2 0 2687 1344 1408
4885 1 2 0 2688 1344 2198
4886 1 2 0 2688 2198 1281
4887 1 2 0 2689 1345 1409
4888 1 2 0 2690 1345 2199
4889 1 2 0 2690 2199 1346
4890 1 2 0 2691 1346 1410
4891 1 2 0 2692 1346 2200
4892 1 2 0 2692 2200 1347
4893 1 2 0 2693 1347 1411
4894 1 2 0 2694 1347 2201
4895 1 2 0 2694 2201 1348
4896 1 2 0 2695 1348 1412
4897 1 2 0 2696 1348 2202
4898 1 2 0 2696 2202 1349
4899 1 2 0 2697 1349 1413
4900 1 2 0 2698 1349 2203
4901 1 2 0 2698 2203 2204
4902 1 2 0 2698 2204 1350
4903 1 2 0 2699 1350 1414
4904 1 2 0 2700 1350 1351
4905 1 2 0 2701 1351 1415
4906 1 2 0 2702 1351 1352
4907 1 2 0 2703 1352 1416
4908 1 2 0 2704 1352 1353
4909 1 2 0 2705 1353 1417
4910 1 2 0 2706 1353 1354
4911 1 2 0 2707 1354 1418
4912 1 2 0 2708 1354 1355
4913 1 2 0 2709 1355 1419
4914 1 2 0 2710 1355 2205
4915 1 2 0 2710 2205 2206
4916 1 2 0 2710 2206 1356
4917 1 2 0 2711 1356 1420
4918 1 2 0 2712 1356 2207
4919 1 2 0 2712 2207 1357
4920 1 2 0 2713 1357 1421
4921 1 2 0 2714 1357 2208
4922 1 2 0 2714 2208 1358
4923 1 2 0 2715 1358 1422
4924 1 2 0 2716 1358 2209
4925 1 2 0 2716 2209 1359
4926 1 2 0 2717 1359 1423
4927 1 2 0 2718 1359 2210
4928 1 2 0 2718 2210 1360
4929 1 2 0 2719 1360 1424
4930 1 2 0 2720 1360 2211
4931 1 2 0 2720 2211 1361
4932 1 2 0 2721 1361 1425
4933 1 2 0 2722 1361 2212
4934 1 2 0 2722 2212 1362
4935 1 2 0 2723 1362 1426
4936 1 2 0 2724 1362 2213
4937 1 2 0 2724 2213 1363
4938 1 2 0 2725 1363 1427
4939 1 2 0 2726 1363 2214
4940 1 2 0 2726 2214 1364
4941 1 2 0 2727 1364 1428
4942 1 2 0 2728 1364 2215
4943 1 2 0 2728 2215 1365
4944 1 2 0 2729 1365 1429
4945 1 2 0 2730 1365 2216
4946 1 2 0 2730 2216 1366
4947 1 2 0 2731 1366 1430
4948 1 2 0 2732 1366 2217
4949 1 2 0 2732 2217 2218
4950 1 2 0 2732 2218 1367
4951 1 2 0 2733 1367 1431
4952 1 2 0 2734 1367 1368
4953 1 2 0 2735 1368 1432
4954 1 2 0 2736 1368 1369
4955 1 2 0 2737 1369 1433
4956 1 2 0 2738 1369 1370
4957 1 2 0 2739 1370 1434
4958 1 2 0 2740 1370 1371
4959 1 2 0 2741 1371 1435
4960 1 2 0 2742 1371 1372
4961 1 2 0 2743 1372 1436
4962 1 2 0 2744 1372 2219
4963 1 2 0 2744 2219 2220
4964 1 2 0 2744 2220 1373
4965 1 2 0 2745 1373 1437
4966 1 2 0 2746 1373 2221
4967 1 2 0 2746 2221 1374
4968 1 2 0 2747 1374 1438
4969 1 2 0 2748 1374 2222
4970 1 2 0 2748 2222 1375
4971 1 2 0 2749 1375 1439
4972 1 2 0 2750 1375 2223
4973 1 2 0 2750 2223 1376
4974 1 2 0 2751 1376 1440
4975 1 2 0 2752 1376 2224
4976 1 2 0 2752 2224 1377
4977 1 2 0 2753 1377 1441
4978 1 2 0 2754 1377 2225
4979 1 2 0 2754 2225 1378
4980 1 2 0 2755 1378 1442
4981 1 2 0 2756 1378 2226
4982 1 2 0 2756 2226 1379
4983 1 2 0 2757 1379 1443
4984 1 2 0 2758 1379 2227
4985 1 2 0 2758 2227 1380
4986 1 2 0 2759 1380 1444
4987 1 2 0 2760 1380 2228
4988 1 2 0 2760 2228 1381
4989 1 2 0 2761 1381 1445
4990 1 2 0 2762 1381 2229
4991 1 2 0 2762 2229 2230
4992 1 2 0 2762 2230 1382
4993 1 2 0 2763 1382 1446
4994 1 2 0 2764 1382 1383
4995 1 2 0 2765 1383 1447
4996 1 2 0 2766 1383 1384
4997 1 2 0 2767 1384 1448
4998 1 2 0 2768 1384 1385
4999 1 2 0 2769 1385 1449
5000 1 2 0 2770 1385 1386
5001 1 2 0 2771 1386 1450
5002 1 2 0 2772 1386 1387
5003 1 2 0 2773 1387 1451
5004 1 2 0 2774 1387 2231
5005 1 2 0 2774 2231 2232
5006 1 2 0 2774 2232 1388
5007 1 2 0 2775 1388 1452
5008 1 2 0 2776 1388 2233
5009 1 2 0 2776 2233 1389
5010 1 2 0 2777 1389 1453
5011 1 2 0 2778 1389 2234
5012 1 2 0 2778 2234 1390
5013 1 2 0 2779 1390 1454
5014 1 2 0 2780 1390 2235
5015 1 2 0 2780 2235 1391
5016 1 2 0 2781 1391 1455
5017 1 2 0 2782 1391 2236
5018 1 2 0 2782 2236 1392
5019 1 2 0 2783 1392 1456
5020 1 2 0 2784 1392 2237
5021 1 2 0 2784 2237 1393
5022 1 2 0 2785 1393 1457
5023 1 2 0 2786 1393 2238
5024 1 2 0 2786 2238 1394
5025 1 2 0 2787 1394 1458
5026 1 2 0 2788 1394 2239
5027 1 2 0 2788 2239 1395
5028 1 2 0 2789 1395 1459
5029 1 2 0 2790 1395 2240
5030 1 2 0 2790 2240 1396
5031 1 2 0 2791 1396 1460
5032 1 2 0 2792 1396 2241
5033 1 2 0 2792 2241 1397
5034 1 2 0 2793 1397 1461
5035 1 2 0 2794 1397 2242
5036 1 2 0 2794 2242 1398
5037 1 2 0 2795 1398 1462
5038 1 2 0 2796 1398 2243
5039 1 2 0 2796 2243 2244
5040 1 2 0 2796 2244 1399
5041 1 2 0 2797 1399 1463
5042 1 2 0 2798 1399 1400
5043 1 2 0 2799 1400 1464
5044 1 2 0 2800 1400 1401
5045 1 2 0 2801 1401 1465
5046 1 2 0 2802 1401 1402
5047 1 2 0 2803 1402 1466
5048 1 2 0 2804 1402 1403
5049 1 2 0 2805 1403 1467
5050 1 2 0 2806 1403 1404
5051 1 2 0 2807 1404 1468
5052 1 2 0 2808 1404 2245
5053 1 2 0 2808 2245 2246
5054 1 2 0 2808 2246 1405
5055 1 2 0 2809 1405 1469
5056 1 2 0 2810 1405 2247
5057 1 2 0 2810 2247 1406
5058 1 2 0 2811 1406 1470
5059 1 2 0 2812 1406 2248
5060 1 2 0 2812 2248 1407
5061 1 2 0 2813 1407 1471
5062 1 2 0 2814 1407 2249
5063 1 2 0 2814 2249 1408
5064 1 2 0 2815 1408 1472
5065 1 2 0 2816 1408 2250
5066 1 2 0 2816 2250 1345
5067 1 2 0 2817 1409 1473
5068 1 2 0 2818 1409 2251
5069 1 2 0 2818 2251 1410
5070 1 2 0 2819 1410 1474
5071 1 2 0 2820 1410 2252
5072 1 2 0 2820 2252 1411
5073 1 2 0 2821 1411 1475
5074 1 2 0 2822 1411 2253
5075 1 2 0 2822 2253 1412
5076 1 2 0 2823 1412 1476
5077 1 2 0 2824 1412 2254
5078 1 2 0 2824 2254 2255
5079 1 2 0 2824 2255 1413
5080 1 2 0 2825 1413 1477
5081 1 2 0 2826 1413 2256
5082 1 2 0 2826 2256 2257
5083 1 2 0 2826 2257 1414
5084 1 2 0 2827 1414 1478
5085 1 2 0 2828 1414 1415
5086 1 2 0 2829 1415 1479
5087 1 2 0 2830 1415 1416
5088 1 2 0 2831 1416 1480
5089 1 2 0 2832 1416 1417
5090 1 2 0 2833 1417 1481
5091 1 2 0 2834 1417 1418
5092 1 2 0 2835 1418 1482
5093 1 2 0 2836 1418 1419
5094 1 2 0 2837 1419 1483
5095 1 2 0 2838 1419 2258
5096 1 2 0 2838 2258 2259
5097 1 2 0 2838 2259 1420
5098 1 2 0 2839 1420 1484
5099 1 2 0 2840 1420 2260
5100 1 2 0 2840 2260 2261
5101 1 2 0 2840 2261 1421
5102 1 2 0 2841 1421 1485
5103 1 2 0 2842 1421 2262
5104 1 2 0 2842 2262 1422
5105 1 2 0 2843 1422 1486
5106 1 2 0 2844 1422 2263
5107 1 2 0 2844 2263 1423
5108 1 2 0 2845 1423 1487
5109 1 2 0 2846 1423 2264
5110 1 2 0 2846 2264 1424
5111 1 2 0 2847 1424 1488
5112 1 2 0 2848 1424 2265
5113 1 2 0 2848 2265 1425
5114 1 2 0 2849 1425 1489
5115 1 2 0 2850 1425 2266
5116 1 2 0 2850 2266 1426
5117 1 2 0 2851 1426 1490
5118 1 2 0 2852 1426 2267
5119 1 2 0 2852 2267 1427
5120 1 2 0 2853 1427 1491
5121 1 2 0 2854 1427 2268
5122 1 2 0 2854 2268 1428
5123 1 2 0 2855 1428 1492
5124 1 2 0 2856 1428 2269
5125 1 2 0 2856 2269 1429
5126 1 2 0 2857 1429 1493
5127 1 2 0 2858 1429 2270
5128 1 2 0 2858 2270 2271
5129 1 2 0 2858 2271 1430
5130 1 2 0 2859 1430 1494
5131 1 2 0 2860 1430 2272
5132 1 2 0 2860 2272 2273
5133 1 2 0 2860 2273 1431
5134 1 2 0 2861 1431 1495
5135 1 2 0 2862 1431 1432
5136 1 2 0 2863 1432 1496
5137 1 2 0 2864 1432 1433
5138 1 2 0 2865 1433 1497
5139 1 2 0 2866 1433 1434
5140 1 2 0 2867 1434 1498
5141 1 2 0 2868 1434 1435
5142 1 2 0 2869 1435 1499
5143 1 2 0 2870 1435 1436
5144 1 2 0 2871 1436 1500
5145 1 2 0 2872 1436 2274
5146 1 2 0 2872 2274 2275
5147 1 2 0 2872 2275 1437
5148 1 2 0 2873 1437 1501
5149 1 2 0 2874 1437 2276
5150 1 2 0 2874 2276 2277
5151 1 2 0 2874 2277 1438
5152 1 2 0 2875 1438 1502
5153 1 2 0 2876 1438 2278
5154 1 2 0 2876 2278 1439
5155 1 2 0 2877 1439 1503
5156 1 2 0 2878 1439 2279
5157 1 2 0 2878 2279 1440
5158 1 2 0 2879 1440 1504
5159 1 2 0 2880 1440 2280
5160 1 2 0 2880 2280 1441
5161 1 2 0 2881 1441 1505
5162 1 2 0 2882 1441 2281
5163 1 2 0 2882 2281 1442
5164 1 2 0 2883 1442 1506
5165 1 2 0 2884 1442 2282
5166 1 2 0 2884 2282 1443
5167 1 2 0 2885 1443 1507
5168 1 2 0 2886 1443 2283
5169 1 2 0 2886 2283 1444
5170 1 2 0 2887 1444 1508
5171 1 2 0 2888 1444 2284
5172 1 2 0 2888 2284 2285
5173 1 2 0 2888 2285 1445
5174 1 2 0 2889 1445 1509
5175 1 2 0 2890 1445 2286
5176 1 2 0 2890 2286 2287
5177 1 2 0 2890 2287 1446
5178 1 2 0 2891 1446 1510
5179 1 2 0 2892 1446 1447
5180 1 2 0 2893 1447 1511
5181 1 2 0 2894 1447 1448
5182 1 2 0 2895 1448 1512
5183 1 2 0 2896 1448 1449
5184 1 2 0 2897 1449 1513
5185 1 2 0 2898 1449 1450
5186 1 2 0 2899 1450 1514
5187 1 2 0 2900 1450 1451
5188 1 2 0 2901 1451 1515
5189 1 2 0 2902 1451 2288
5190 1 2 0 2902 2288 2289
5191 1 2 0 2902 2289 1452
5192 1 2 0 2903 1452 1516
5193 1 2 0 2904 1452 2290
5194 1 2 0 2904 2290 2291
5195 1 2 0 2904 2291 1453
5196 1 2 0 2905 1453 1517
5197 1 2 0 2906 1453 2292
5198 1 2 0 2906 2292 1454
5199 1 2 0 2907 1454 1518
5200 1 2 0 2908 1454 2293
5201 1 2 0 2908 2293 1455
5202 1 2 0 2909 1455 1519
5203 1 2 0 2910 1455 2294
5204 1 2 0 2910 2294 1456
5205 1 2 0 2911 1456 1520
5206 1 2 0 2912 1456 2295
5207 1 2 0 2912 2295 1457
5208 1 2 0 2913 1457 1521
5209 1 2 0 2914 1457 2296
5210 1 2 0 2914 2296 1458
5211 1 2 0 2915 1458 1522
5212 1 2 0 2916 1458 2297
5213 1 2 0 2916 2297 1459
5214 1 2 0 2917 1459 1523
5215 1 2 0 2918 1459 2298
5216 1 2 0 2918 2298 1460
5217 1 2 0 2919 1460 1524
5218 1 2 0 2920 1460 2299
5219 1 2 0 2920 2299 1461
5220 1 2 0 2921 1461 1525
5221 1 2 0 2922 1461 2300
5222 1 2 0 2922 2300 2301
5223 1 2 0 2922 2301 1462
5224 1 2 0 2923 1462 1526
5225 1 2 0 2924 1462 2302
5226 1 2 0 2924 2302 2303
5227 1 2 0 2924 2303 1463
5228 1 2 0 2925 1463 1527
5229 1 2 0 2926 1463 1464
5230 1 2 0 2927 1464 1528
5231 1 2 0 2928 1464 1465
5232 1 2 0 2929 1465 1529
5233 1 2 0 2930 1465 1466
5234 1 2 0 2931 1466 1530
5235 1 2 0 2932 1466 1467
5236 1 2 0 2933 1467 1531
5237 1 2 0 2934 1467 1468
5238 1 2 0 2935 1468 1532
5239 1 2 0 2936 1468 2304
5240 1 2 0 2936 2304 2305
5241 1 2 0 2936 2305 1469
5242 1 2 0 2937 1469 1533
5243 1 2 0 2938 1469 2306
5244 1 2 0 2938 2306 2307
5245 1 2 0 2938 2307 1470
5246 1 2 0 2939 1470 1534
5247 1 2 0 2940 1470 2308
5248 1 2 0 2940 2308 1471
5249 1 2 0 2941 1471 1535
5250 1 2 0 2942 1471 2309
5251 1 2 0 2942 2309 1472
5252 1 2 0 2943 1472 1536
5253 1 2 0 2944 1472 2310
5254 1 2 0 2944 2310 1409
5255 1 2 0 2945 1473 1537
5256 1 2 0 2946 1473 2311
5257 1 2 0 2946 2311 1474
5258 1 2 0 2947 1474 1538
5259 1 2 0 2948 1474 2312
5260 1 2 0 2948 2312 1475
5261 1 2 0 2949 1475 1539
5262 1 2 0 2950 1475 2313
5263 1 2 0 2950 2313 1476
5264 1 2 0 2951 1476 1540
5265 1 2 0 2952 1476 2314
5266 1 2 0 2952 2314 2315
5267 1 2 0 2952 2315 1477
5268 1 2 0 2953 1477 1541
5269 1 2 0 2954 1477 2316
5270 1 2 0 2954 2316 2317
5271 1 2 0 2954 2317 1478
5272 1 2 0 2955 1478 1542
5273 1 2 0 2956 1478 1479
5274 1 2 0 2957 1479 1543
5275 1 2 0 2958 1479 1480
5276 1 2 0 2959 1480 1544
5277 1 2 0 2960 1480 1481
5278 1 2 0 2961 1481 1545
5279 1 2 0 2962 1481 1482
5280 1 2 0 2963 1482 1546
5281 1 2 0 2964 1482 1483
5282 1 2 0 2965 1483 1547
5283 1 2 0 2966 1483 2318
5284 1 2 0 2966 2318 2319
5285 1 2 0 2966 2319 1484
5286 1 2 0 2967 1484 1548
5287 1 2 0 2968 1484 2320
5288 1 2 0 2968 2320 2321
5289 1 2 0 2968 2321 1485
5290 1 2 0 2969 1485 1549
5291 1 2 0 2970 1485 2322
5292 1 2 0 2970 2322 1486
5293 1 2 0 2971 1486 1550
5294 1 2 0 2972 1486 2323
5295 1 2 0 2972 2323 1487
5296 1 2 0 2973 1487 1551
5297 1 2 0 2974 1487 2324
5298 1 2 0 2974 2324 1488
5299 1 2 0 2975 1488 1552
5300 1 2 0 2976 1488 2325
5301 1 2 0 2976 2325 1489
5302 1 2 0 2977 1489 1553
5303 1 2 0 2978 1489 2326
5304 1 2 0 2978 2326 1490
5305 1 2 0 2979 1490 1554
5306 1 2 0 2980 1490 2327
5307 1 2 0 2980 2327 1491
5308 1 2 0 2981 1491 1555
5309 1 2 0 2982 1491 2328
5310 1 2 0 2982 2328 1492
5311 1 2 0 2983 1492 1556
5312 1 2 0 2984 1492 2329
5313 1 2 0 2984 2329 1493
5314 1 2 0 2985 1493 1557
5315 1 2 0 2986 1493 2330
5316 1 2 0 2986 2330 2331
5317 1 2 0 2986 2331 1494
5318 1 2 0 2987 1494 1558
5319 1 2 0 2988 1494 2332
5320 1 2 0 2988 2332 2333
5321 1 2 0 2988 2333 1495
5322 1 2 0 2989 1495 1559
5323 1 2 0 2990 1495 1496
5324 1 2 0 2991 1496 1560
5325 1 2 0 2992 1496 1497
5326 1 2 0 2993 1497 1561
5327 1 2 0 2994 1497 1498
5328 1 2 0 2995 1498 1562
5329 1 2 0 2996 1498 1499
5330 1 2 0 2997 1499 1563
5331 1 2 0 2998 1499 1500
5332 1 2 0 2999 1500 1564
5333 1 2 0 3000 1500 2334
5334 1 2 0 3000 2334 2335
5335 1 2 0 3000 2335 1501
5336 1 2 0 3001 1501 1565
5337 1 2 0 3002 1501 2336
5338 1 2 0 3002 2336 2337
5339 1 2 0 3002 2337 1502
5340 1 2 0 3003 1502 1566
5341 1 2 0 3004 1502 2338
5342 1 2 0 3004 2338 1503
5343 1 2 0 3005 1503 1567
5344 1 2 0 3006 1503 2339
5345 1 2 0 3006 2339 1504
5346 1 2 0 3007 1504 1568
5347 1 2 0 3008 1504 2340
5348 1 2 0 3008 2340 1505
5349 1 2 0 3009 1505 1569
5350 1 2 0 3010 1505 2341
5351 1 2 0 3010 2341 1506
5352 1 2 0 3011 1506 1570
5353 1 2 0 3012 1506 2342
5354 1 2 0 3012 2342 1507
5355 1 2 0 3013 1507 1571
5356 1 2 0 3014 1507 2343
5357 1 2 0 3014 2343 1508
5358 1 2 0 3015 1508 1572
5359 1 2 0 3016 1508 2344
5360 1 2 0 3016 2344 2345
5361 1 2 0 3016 2345 1509
5362 1 2 0 3017 1509 1573
5363 1 2 0 3018 1509 2346
5364 1 2 0 3018 2346 2347
5365 1 2 0 3018 2347 1510
5366 1 2 0 3019 1510 1574
5367 1 2 0 3020 1510 1511
5368 1 2 0 3021 1511 1575
5369 1 2 0 3022 1511 1512
5370 1 2 0 3023 1512 1576
5371 1 2 0 3024 1512 1513
5372 1 2 0 3025 1513 1577
5373 1 2 0 3026 1513 1514
5374 1 2 0 3027 1514 1578
5375 1 2 0 3028 1514 1515
5376 1 2 0 3029 1515 1579
5377 1 2 0 3030 1515 2348
5378 1 2 0 3030 2348 2349
5379 1 2 0 3030 2349 1516
5380 1 2 0 3031 1516 1580
5381 1 2 0 3032 1516 2350
5382 1 2 0 3032 2350 2351
5383 1 2 0 3032 2351 1517
5384 1 2 0 3033 1517 1581
5385 1 2 0 3034 1517 2352
5386 1 2 0 3034 2352 1518
5387 1 2 0 3035 1518 1582
5388 1 2 0 3036 1518 2353
5389 1 2 0 3036 2353 1519
5390 1 2 0 3037 1519 1583
5391 1 2 0 3038 1519 2354
5392 1 2 0 3038 2354 1520
5393 1 2 0 3039 1520 1584
5394 1 2 0 3040 1520 2355
5395 1 2 0 3040 2355 1521
5396 1 2 0 3041 1521 1585
5397 1 2 0 3042 1521 2356
5398 1 2 0 3042 2356 1522
5399 1 2 0 3043 1522 1586
5400 1 2 0 3044 1522 2357
5401 1 2 0 3044 2357 1523
5402 1 2 0 3045 1523 1587
5403 1 2 0 3046 1523 2358
5404 1 2 0 3046 2358 1524
5405 1 2 0 3047 1524 1588
5406 1 2 0 3048 1524 2359
5407 1 2 0 3048 2359 1525
5408 1 2 0 3049 1525 1589
5409 1 2 0 3050 1525 2360
5410 1 2 0 3050 2360 2361
5411 1 2 0 3050 2361 1526
5412 1 2 0 3051 1526 1590
5413 1 2 0 3052 1526 2362
5414 1 2 0 3052 2362 2363
5415 1 2 0 3052 2363 1527
5416 1 2 0 3053 1527 1591
5417 1 2 0 3054 1527 1528
5418 1 2 0 3055 1528 1592
5419 1 2 0 3056 1528 1529
5420 1 2 0 3057 1529 1593
5421 1 2 0 3058 1529 1530
5422 1 2 0 3059 1530 1594
5423 1 2 0 3060 1530 1531
5424 1 2 0 3061 1531 1595
5425 1 2 0 3062 1531 1532
5426 1 2 0 3063 1532 1596
5427 1 2 0 3064 1532 2364
5428 1 2 0 3064 2364 2365
5429 1 2 0 3064 2365 1533
5430 1 2 0 3065 1533 1597
5431 1 2 0 3066 1533 2366
5432 1 2 0 3066 2366 2367
5433 1 2 0 3066 2367 1534
5434 1 2 0 3067 1534 1598
5435 1 2 0 3068 1534 2368
5436 1 2 0 3068 2368 1535
5437 1 2 0 3069 1535 1599
5438 1 2 0 3070 1535 2369
5439 1 2 0 3070 2369 1536
5440 1 2 0 3071 1536 1600
5441 1 2 0 3072 1536 2370
5442 1 2 0 3072 2370 1473
5443 1 2 0 3074 1537 2371
5444 1 2 0 3074 2371 1538
5445 1 2 0 3076 1538 2372
5446 1 2 0 3076 2372 1539
5447 1 2 0 3078 1539 2373
5448 1 2 0 3078 2373 1540
5449 1 2 0 3080 1540 2374
5450 1 2 0 3080 2374 2375
5451 1 2 0 3080 2375 1541
5452 1 2 0 3082 1541 2376
5453 1 2 0 3082 2376 2377
5454 1 2 0 3082 2377 1542
5455 1 2 0 3084 1542 1543
5456 1 2 0 3086 1543 1544
5457 1 2 0 3088 1544 1545
5458 1 2 0 3090 1545 1546
5459 1 2 0 3092 1546 1547
5460 1 2 0 3094 1547 2378
5461 1 2 0 3094 2378 2379
5462 1 2 0 3094 2379 1548
5463 1 2 0 3096 1548 2380
5464 1 2 0 3096 2380 2381
5465 1 2 0 3096 2381 1549
5466 1 2 0 3098 1549 2382
5467 1 2 0 3098 2382 1550
5468 1 2 0 3100 1550 2383
5469 1 2 0 3100 2383 1551
5470 1 2 0 3102 1551 2384
5471 1 2 0 3102 2384 1552
5472 1 2 0 3104 1552 2385
5473 1 2 0 3104 2385 1553
5474 1 2 0 3106 1553 2386
5475 1 2 0 3106 2386 1554
5476 1 2 0 3108 1554 2387
5477 1 2 0 3108 2387 1555
5478 1 2 0 3110 1555 2388
5479 1 2 0 3110 2388 1556
5480 1 2 0 3112 1556 2389
5481 1 2 0 3112 2389 1557
5482 1 2 0 3114 1557 2390
5483 1 2 0 3114 2390 2391
5484 1 2 0 3114 2391 1558
5485 1 2 0 3116 1558 2392
5486 1 2 0 3116 2392 2393
5487 1 2 0 3116 2393 1559
5488 1 2 0 3118 1559 1560
5489 1 2 0 3120 1560 1561
5490 1 2 0 3122 1561 1562
5491 1 2 0 3124 1562 1563
5492 1 2 0 3126 1563 1564
5493 1 2 0 3128 1564 2394
5494 1 2 0 3128 2394 2395
5495 1 2 0 3128 2395 1565
5496 1 2 0 3130 1565 2396
5497 1 2 0 3130 2396 2397
5498 1 2 0 3130 2397 1566
5499 1 2 0 3132 1566 2398
5500 1 2 0 3132 2398 1567
5501 1 2 0 3134 1567 2399
5502 1 2 0 3134 2399 1568
5503 1 2 0 3136 1568 2400
5504 1 2 0 3136 2400 1569
5505 1 2 0 3138 1569 2401
5506 1 2 0 3138 2401 1570
5507 1 2 0 3140 1570 2402
5508 1 2 0 3140 2402 1571
5509 1 2 0 3142 1571 2403
5510 1 2 0 3142 2403 1572
5511 1 2 0 3144 1572 2404
5512 1 2 0 3144 2404 2405
5513 1 2 0 3144 2405 1573
5514 1 2 0 3146 1573 2406
5515 1 2 0 3146 2406 2407
5516 1 2 0 3146 2407 1574
5517 1 2 0 3148 1574 1575
5518 1 2 0 3150 1575 1576
5519 1 2 0 3152 1576 1577
5520 1 2 0 3154 1577 1578
5521 1 2 0 3156 1578 1579
5522 1 2 0 3158 1579 2408
5523 1 2 0 3158 2408 2409
5524 1 2 0 3158 2409 1580
5525 1 2 0 3160 1580 2410
5526 1 2 0 3160 2410 2411
5527 1 2 0 3160 2411 1581
5528 1 2 0 3162 1581 2412
5529 1 2 0 3162 2412 1582
5530 1 2 0 3164 1582 2413
5531 1 2 0 3164 2413 1583
5532 1 2 0 3166 1583 2414
5533 1 2 0 3166 2414 1584
5534 1 2 0 3168 1584 2415
5535 1 2 0 3168 2415 1585
5536 1 2 0 3170 1585 2416
5537 1 2 0 3170 2416 1586
5538 1 2 0 3172 1586 2417
5539 1 2 0 3172 2417 1587
5540 1 2 0 3174 1587 2418
5541 1 2 0 3174 2418 1588
5542 1 2 0 3176 1588 2419
5543 1 2 0 3176 2419 1589
5544 1 2 0 3178 1589 2420
5545 1 2 0 3178 2420 2421
5546 1 2 0 3178 2421 1590
5547 1 2 0 3180 1590 2422
5548 1 2 0 3180 2422 2423
5549 1 2 0 3180 2423 1591
5550 1 2 0 3182 1591 1592
5551 1 2 0 3184 1592 1593
5552 1 2 0 3186 1593 1594
5553 1 2 0 3188 1594 1595
5554 1 2 0 3190 1595 1596
5555 1 2 0 3192 1596 2424
5556 1 2 0 3192 2424 2425
5557 1 2 0 3192 2425 1597
5558 1 2 0 3194 1597 2426
5559 1 2 0 3194 2426 2427
5560 1 2 0 3194 2427 1598
5561 1 2 0 3196 1598 2428
5562 1 2 0 3196 2428 1599
5563 1 2 0 3198 1599 2429
5564 1 2 0 3198 2429 1600
5565 1 2 0 3200 1600 2430
5566 1 2 0 3200 2430 1537
5567 2 2 0 62 2 1 2431
5568 2 2 0 62 65 66 2431
5569 2 2 0 62 1 65 2431
5570 2 2 0 62 66 2 2431
5571 2 2 0 63 3 2 2432
5572 2 2 0 63 66 67 2432
5573 2 2 0 63 2 66 2432
5574 2 2 0 63 67 3 2432
5575 2 2 0 64 4 3 2433
5576 2 2 0 64 67 68 2433
5577 2 2 0 64 3 67 2433
5578 2 2 0 64 68 4 2433
5579 2 2 0 65 5 4 2434
5580 2 2 0 65 68 69 2434
5581 2 2 0 65 4 68 2434
5582 2 2 0 65 69 5 2434
5583 2 2 0 66 6 5 2435
5584 2 2 0 66 69 70 2435
5585 2 2 0 66 5 69 2435
5586 2 2 0 66 70 6 2435
5587 2 2 0 67 71 7 6
5588 2 2 0 67 70 71 6
5589 2 2 0 68 72 8 7
5590 2 2 0 68 71 72 7
5591 2 2 0 69 73 9 8
5592 2 2 0 69 72 73 8
5593 2 2 0 70 74 10 9
5594 2 2 0 70 73 74 9
5595 2 2 0 71 75 11 10
5596 2 2 0 71 74 75 10
5597 2 2 0 72 75 76 2436
5598 2 2 0 72 12 11 2436
5599 2 2 0 72 11 75 2436
5600 2 2 0 72 76 12 2436
5601 2 2 0 73 76 77 2437
5602 2 2 0 73 13 12 2437
5603 2 2 0 73 12 76 2437
5604 2 2 0 73 77 13 2437
5605 2 2 0 74 77 78 2438
5606 2 2 0 74 14 13 2438
5607 2 2 0 74 13 77 2438
5608 2 2 0 74 78 14 2438
5609 2 2 0 75 78 79 2439
5610 2 2 0 75 15 14 2439
5611 2 2 0 75 14 78 2439
5612 2 2 0 75 79 15 2439
5613 2 2 0 76 79 80 2440
5614 2 2 0 76 16 15 2440
5615 2 2 0 76 15 79 2440
5616 2 2 0 76 80 16 2440
5617 2 2 0 77 80 81 2441
5618 2 2 0 77 17 16 2441
5619 2 2 0 77 16 80 2441
5620 2 2 0 77 81 17 2441
5621 2 2 0 78 81 82 2442
5622 2 2 0 78 18 17 2442
5623 2 2 0 78 17 81 2442
5624 2 2 0 78 82 18 2442
5625 2 2 0 79 82 83 2443
5626 2 2 0 79 19 18 2443
5627 2 2 0 79 18 82 2443
5628 2 2 0 79 83 19 2443
5629 2 2 0 80 83 84 2444
5630 2 2 0 80 20 19 2444
5631 2 2 0 80 19 83 2444
5632 2 2 0 80 84 20 2444
5633 2 2 0 81 84 85 2445
5634 2 2 0 81 21 20 2445
5635 2 2 0 81 20 84 2445
5636 2 2 0 81 85 21 2445
5637 2 2 0 82 85 86 2446
5638 2 2 0 82 22 21 2446
5639 2 2 0 82 21 85 2446
5640 2 2 0 82 86 22 2446
5641 2 2 0 83 86 87 2447
5642 2 2 0 83 23 22 2447
5643 2 2 0 83 22 86 2447
5644 2 2 0 83 87 23 2447
5645 2 2 0 84 87 24 23
5646 2 2 0 84 24 87 88
5647 2 2 0 85 88 25 24
5648 2 2 0 85 25 88 89
5649 2 2 0 86 89 26 25
5650 2 2 0 86 26 89 90
5651 2 2 0 87 90 27 26
5652 2 2 0 87 27 90 91
5653 2 2 0 88 91 28 27
5654 2 2 0 88 28 91 92
5655 2 2 0 89 29 28 2448
5656 2 2 0 89 92 93 2448
5657 2 2 0 89 28 92 2448
5658 2 2 0 89 93 29 2448
5659 2 2 0 90 30 29 2449
5660 2 2 0 90 93 94 2449
5661 2 2 0 90 29 93 2449
5662 2 2 0 90 94 30 2449
5663 2 2 0 91 31 30 2450
5664 2 2 0 91 94 95 2450
5665 2 2 0 91 30 94 2450
5666 2 2 0 91 95 31 2450
5667 2 2 0 92 32 31 2451
5668 2 2 0 92 95 96 2451
5669 2 2 0 92 31 95 2451
5670 2 2 0 92 96 32 2451
5671 2 2 0 93 33 32 2452
5672 2 2 0 93 96 97 2452
5673 2 2 0 93 32 96 2452
5674 2 2 0 93 97 33 2452
5675 2 2 0 94 34 33 2453
5676 2 2 0 94 97 98 2453
5677 2 2 0 94 33 97 2453
5678 2 2 0 94 98 34 2453
5679 2 2 0 95 35 34 2454
5680 2 2 0 95 98 99 2454
5681 2 2 0 95 34 98 2454
5682 2 2 0 95 99 35 2454
5683 2 2 0 96 36 35 2455
5684 2 2 0 96 99 100 2455
5685 2 2 0 96 35 99 2455
5686 2 2 0 96 100 36 2455
5687 2 2 0 97 37 36 2456
5688 2 2 0 97 100 101 2456
5689 2 2 0 97 36 100 2456
5690 2 2 0 97 101 37 2456
5691 2 2 0 98 38 37 2457
5692 2 2 0 98 101 102 2457
5693 2 2 0 98 37 101 2457
5694 2 2 0 98 102 38 2457
5695 2 2 0 99 103 39 38
5696 2 2 0 99 102 103 38
5697 2 2 0 100 104 40 39
5698 2 2 0 100 103 104 39
5699 2 2 0 101 105 41 40
5700 2 2 0 101 104 105 40
5701 2 2 0 102 106 42 41
5702 2 2 0 102 105 106 41
5703 2 2 0 103 107 43 42
5704 2 2 0 103 106 107 42
5705 2 2 0 104 107 108 2458
5706 2 2 0 104 44 43 2458
5707 2 2 0 104 43 107 2458
5708 2 2 0 104 108 44 2458
5709 2 2 0 105 108 109 2459
5710 2 2 0 105 45 44 2459
5711 2 2 0 105 44 108 2459
5712 2 2 0 105 109 45 2459
5713 2 2 0 106 109 110 2460
5714 2 2 0 106 46 45 2460
5715 2 2 0 106 45 109 2460
5716 2 2 0 106 110 46 2460
5717 2 2 0 107 110 111 2461
5718 2 2 0 107 47 46 2461
5719 2 2 0 107 46 110 2461
5720 2 2 0 107 111 47 2461
5721 2 2 0 108 111 112 2462
5722 2 2 0 108 48 47 2462
5723 2 2 0 108 47 111 2462
5724 2 2 0 108 112 48 2462
5725 2 2 0 109 112 113 2463
5726 2 2 0 109 49 48 2463
5727 2 2 0 109 48 112 2463
5728 2 2 0 109 113 49 2463
5729 2 2 0 110 113 114 2464
5730 2 2 0 110 50 49 2464
5731 2 2 0 110 49 113 2464
5732 2 2 0 110 114 50 2464
5733 2 2 0 111 114 115 2465
5734 2 2 0 111 51 50 2465
5735 2 2 0 111 50 114 2465
5736 2 2 0 111 115 51 2465
5737 2 2 0 112 115 116 2466
5738 2 2 0 112 52 51 2466
5739 2 2 0 112 51 115 2466
5740 2 2 0 112 116 52 2466
5741 2 2 0 113 116 117 2467
5742 2 2 0 113 53 52 2467
5743 2 2 0 113 52 116 2467
5744 2 2 0 113 117 53 2467
5745 2 2 0 114 117 118 2468
5746 2 2 0 114 54 53 2468
5747 2 2 0 114 53 117 2468
5748 2 2 0 114 118 54 2468
5749 2 2 0 115 118 119 2469
5750 2 2 0 115 55 54 2469
5751 2 2 0 115 54 118 2469
5752 2 2 0 115 119 55 2469
5753 2 2 0 116 119 56 55
5754 2 2 0 116 56 119 120
5755 2 2 0 117 120 57 56
5756 2 2 0 117 57 120 121
5757 2 2 0 118 121 58 57
5758 2 2 0 118 58 121 122
5759 2 2 0 119 122 59 58
5760 2 2 0 119 59 122 123
5761 2 2 0 120 123 60 59
5762 2 2 0 120 60 123 124
5763 2 2 0 121 61 60 2470
5764 2 2 0 121 124 125 2470
5765 2 2 0 121 60 124 2470
5766 2 2 0 121 125 61 2470
5767 2 2 0 122 62 61 2471
5768 2 2 0 122 125 126 2471
5769 2 2 0 122 61 125 2471
5770 2 2 0 122 126 62 2471
5771 2 2 0 123 63 62 2472
5772 2 2 0 123 126 127 2472
5773 2 2 0 123 62 126 2472
5774 2 2 0 123 127 63 2472
5775 2 2 0 124 64 63 2473
5776 2 2 0 124 127 128 2473
5777 2 2 0 124 63 127 2473
5778 2 2 0 124 128 64 2473
5779 2 2 0 125 1 64 2474
5780 2 2 0 125 128 65 2474
5781 2 2 0 125 65 1 2474
5782 2 2 0 125 64 128 2474
5783 2 2 0 126 129 66 65
5784 2 2 0 126 66 129 130
5785 2 2 0 127 130 67 66
5786 2 2 0 127 67 130 131
5787 2 2 0 128 131 68 67
5788 2 2 0 128 68 131 132
5789 2 2 0 129 133 69 68
5790 2 2 0 129 132 133 68
5791 2 2 0 130 134 70 69
5792 2 2 0 130 133 134 69
5793 2 2 0 131 134 135 70
5794 2 2 0 131 135 71 70
5795 2 2 0 132 135 136 71
5796 2 2 0 132 136 72 71
5797 2 2 0 133 136 137 72
5798 2 2 0 133 137 73 72
5799 2 2 0 134 137 138 73
5800 2 2 0 134 138 74 73
5801 2 2 0 135 138 139 74
5802 2 2 0 135 139 75 74
5803 2 2 0 136 140 76 75
5804 2 2 0 136 139 140 75
5805 2 2 0 137 141 77 76
5806 2 2 0 137 140 141 76
5807 2 2 0 138 142 78 77
5808 2 2 0 138 141 142 77
5809 2 2 0 139 143 79 78
5810 2 2 0 139 142 143 78
5811 2 2 0 140 144 80 79
5812 2 2 0 140 143 144 79
5813 2 2 0 141 145 81 80
5814 2 2 0 141 144 145 80
5815 2 2 0 142 145 82 81
5816 2 2 0 142 82 145 146
5817 2 2 0 143 146 83 82
5818 2 2 0 143 83 146 147
5819 2 2 0 144 147 84 83
5820 2 2 0 144 84 147 148
5821 2 2 0 145 148 85 84
5822 2 2 0 145 85 148 149
5823 2 2 0 146 149 86 85
5824 2 2 0 146 86 149 150
5825 2 2 0 147 150 87 86
5826 2 2 0 147 87 150 151
5827 2 2 0 148 88 151 152
5828 2 2 0 148 151 88 87
5829 2 2 0 149 89 152 153
5830 2 2 0 149 152 89 88
5831 2 2 0 150 90 153 154
5832 2 2 0 150 153 90 89
5833 2 2 0 151 91 154 155
5834 2 2 0 151 154 91 90
5835 2 2 0 152 92 155 156
5836 2 2 0 152 155 92 91
5837 2 2 0 153 156 93 92
5838 2 2 0 153 93 156 157
5839 2 2 0 154 157 94 93
5840 2 2 0 154 94 157 158
5841 2 2 0 155 159 95 94
5842 2 2 0 155 158 159 94
5843 2 2 0 156 160 96 95
5844 2 2 0 156 159 160 95
5845 2 2 0 157 161 97 96
5846 2 2 0 157 160 161 96
5847 2 2 0 158 161 98 97
5848 2 2 0 158 98 161 162
5849 2 2 0 159 162 99 98
5850 2 2 0 159 99 162 163
5851 2 2 0 160 163 100 99
5852 2 2 0 160 100 163 164
5853 2 2 0 161 165 101 100
5854 2 2 0 161 164 165 100
5855 2 2 0 162 166 102 101
5856 2 2 0 162 165 166 101
5857 2 2 0 163 166 167 102
5858 2 2 0 163 167 103 102
5859 2 2 0 164 167 168 103
5860 2 2 0 164 168 104 103
5861 2 2 0 165 168 169 104
5862 2 2 0 165 169 105 104
5863 2 2 0 166 169 170 105
5864 2 2 0 166 170 106 105
5865 2 2 0 167 170 171 106
5866 2 2 0 167 171 107 106
5867 2 2 0 168 172 108 107
5868 2 2 0 168 171 172 107
5869 2 2 0 169 173 109 108
5870 2 2 0 169 172 173 108
5871 2 2 0 170 174 110 109
5872 2 2 0 170 173 174 109
5873 2 2 0 171 175 111 110
5874 2 2 0 171 174 175 110
5875 2 2 0 172 176 112 111
5876 2 2 0 172 175 176 111
5877 2 2 0 173 177 113 112
5878 2 2 0 173 176 177 112
5879 2 2 0 174 177 114 113
5880 2 2 0 174 114 177 178
5881 2 2 0 175 178 115 114
5882 2 2 0 175 115 178 179
5883 2 2 0 176 179 116 115
5884 2 2 0 176 116 179 180
5885 2 2 0 177 180 117 116
5886 2 2 0 177 117 180 181
5887 2 2 0 178 181 118 117
5888 2 2 0 178 118 181 182
5889 2 2 0 179 182 119 118
5890 2 2 0 179 119 182 183
5891 2 2 0 180 120 183 184
5892 2 2 0 180 183 120 119
5893 2 2 0 181 121 184 185
5894 2 2 0 181 184 121 120
5895 2 2 0 182 122 185 186
5896 2 2 0 182 185 122 121
5897 2 2 0 183 123 186 187
5898 2 2 0 183 186 123 122
5899 2 2 0 184 124 187 188
5900 2 2 0 184 187 124 123
5901 2 2 0 185 188 125 124
5902 2 2 0 185 125 188 189
5903 2 2 0 186 189 126 125
5904 2 2 0 186 126 189 190
5905 2 2 0 187 191 127 126
5906 2 2 0 187 190 191 126
5907 2 2 0 188 192 128 127
5908 2 2 0 188 191 192 127
5909 2 2 0 189 129 65 128
5910 2 2 0 189 192 129 128
5911 2 2 0 190 193 130 129
5912 2 2 0 190 130 193 194
5913 2 2 0 191 194 131 130
5914 2 2 0 191 131 194 195
5915 2 2 0 192 195 132 131
5916 2 2 0 192 132 195 196
5917 2 2 0 193 197 133 132
5918 2 2 0 193 196 197 132
5919 2 2 0 194 198 134 133
5920 2 2 0 194 197 198 133
5921 2 2 0 195 199 135 134
5922 2 2 0 195 198 199 134
5923 2 2 0 196 200 136 135
5924 2 2 0 196 199 200 135
5925 2 2 0 197 201 137 136
5926 2 2 0 197 200 201 136
5927 2 2 0 198 202 138 137
5928 2 2 0 198 201 202 137
5929 2 2 0 199 203 139 138
5930 2 2 0 199 202 203 138
5931 2 2 0 200 204 140 139
5932 2 2 0 200 203 204 139
5933 2 2 0 201 205 141 140
5934 2 2 0 201 204 205 140
5935 2 2 0 202 206 142 141
5936 2 2 0 202 205 206 141
5937 2 2 0 203 207 143 142
5938 2 2 0 203 206 207 142
5939 2 2 0 204 208 144 143
5940 2 2 0 204 207 208 143
5941 2 2 0 205 209 145 144
5942 2 2 0 205 208 209 144
5943 2 2 0 206 209 146 145
5944 2 2 0 206 146 209 210
5945 2 2 0 207 210 147 146
5946 2 2 0 207 147 210 211
5947 2 2 0 208 211 148 147
5948 2 2 0 208 148 211 212
5949 2 2 0 209 212 149 148
5950 2 2 0 209 149 212 213
5951 2 2 0 210 213 150 149
5952 2 2 0 210 150 213 214
5953 2 2 0 211 214 151 150
5954 2 2 0 211 151 214 215
5955 2 2 0 212 215 152 151
5956 2 2 0 212 152 215 216
5957 2 2 0 213 216 153 152
5958 2 2 0 213 153 216 217
5959 2 2 0 214 217 154 153
5960 2 2 0 214 154 217 218
5961 2 2 0 215 218 155 154
5962 2 2 0 215 218 219 155
5963 2 2 0 216 219 156 155
5964 2 2 0 216 219 220 156
5965 2 2 0 217 220 157 156
5966 2 2 0 217 157 220 221
5967 2 2 0 218 221 158 157
5968 2 2 0 218 158 221 222
5969 2 2 0 219 223 159 158
5970 2 2 0 219 222 223 158
5971 2 2 0 220 224 160 159
5972 2 2 0 220 223 224 159
5973 2 2 0 221 225 161 160
5974 2 2 0 221 224 225 160
5975 2 2 0 222 225 162 161
5976 2 2 0 222 162 225 226
5977 2 2 0 223 226 163 162
5978 2 2 0 223 163 226 227
5979 2 2 0 224 227 164 163
5980 2 2 0 224 164 227 228
5981 2 2 0 225 229 165 164
5982 2 2 0 225 228 229 164
5983 2 2 0 226 230 166 165
5984 2 2 0 226 229 230 165
5985 2 2 0 227 231 167 166
5986 2 2 0 227 230 231 166
5987 2 2 0 228 232 168 167
5988 2 2 0 228 231 232 167
5989 2 2 0 229 233 169 168
5990 2 2 0 229 232 233 168
5991 2 2 0 230 234 170 169
5992 2 2 0 230 233 234 169
5993 2 2 0 231 235 171 170
5994 2 2 0 231 234 235 170
5995 2 2 0 232 236 172 171
5996 2 2 0 232 235 236 171
5997 2 2 0 233 237 173 172
5998 2 2 0 233 236 237 172
5999 2 2 0 234 238 174 173
6000 2 2 0 234 237 238 173
6001 2 2 0 235 239 175 174
6002 2 2 0 235 238 239 174
6003 2 2 0 236 240 176 175
6004 2 2 0 236 239 240 175
6005 2 2 0 237 241 177 176
6006 2 2 0 237 240 241 176
6007 2 2 0 238 241 178 177
6008 2 2 0 238 178 241 242
6009 2 2 0 239 242 179 178
6010 2 2 0 239 179 242 243
6011 2 2 0 240 243 180 179
6012 2 2 0 240 180 243 244
6013 2 2 0 241 244 181 180
6014 2 2 0 241 181 244 245
6015 2 2 0 242 245 182 181
6016 2 2 0 242 182 245 246
6017 2 2 0 243 246 183 182
6018 2 2 0 243 183 246 247
6019 2 2 0 244 247 184 183
6020 2 2 0 244 184 247 248
6021 2 2 0 245 248 185 184
6022 2 2 0 245 185 248 249
6023 2 2 0 246 249 186 185
6024 2 2 0 246 186 249 250
6025 2 2 0 247 250 187 186
6026 2 2 0 247 250 251 187
6027 2 2 0 248 251 188 187
6028 2 2 0 248 251 252 188
6029 2 2 0 249 252 189 188
6030 2 2 0 249 189 252 253
6031 2 2 0 250 253 190 189
6032 2 2 0 250 190 253 254
6033 2 2 0 251 255 191 190
6034 2 2 0 251 254 255 190
6035 2 2 0 252 256 192 191
6036 2 2 0 252 255 256 191
6037 2 2 0 253 193 129 192
6038 2 2 0 253 256 193 192
6039 2 2 0 254 257 194 193
6040 2 2 0 254 194 257 258
6041 2 2 0 255 258 195 194
6042 2 2 0 255 195 258 259
6043 2 2 0 256 259 196 195
6044 2 2 0 256 196 259 260
6045 2 2 0 257 261 197 196
6046 2 2 0 257 260 261 196
6047 2 2 0 258 262 198 197
6048 2 2 0 258 261 262 197
6049 2 2 0 259 198 263 199
6050 2 2 0 259 262 263 198
6051 2 2 0 260 199 264 200
6052 2 2 0 260 263 264 199
6053 2 2 0 261 200 265 201
6054 2 2 0 261 264 265 200
6055 2 2 0 262 201 266 202
6056 2 2 0 262 265 266 201
6057 2 2 0 263 202 267 203
6058 2 2 0 263 266 267 202
6059 2 2 0 264 268 204 203
6060 2 2 0 264 267 268 203
6061 2 2 0 265 269 205 204
6062 2 2 0 265 268 269 204
6063 2 2 0 266 270 206 205
6064 2 2 0 266 269 270 205
6065 2 2 0 267 271 207 206
6066 2 2 0 267 270 271 206
6067 2 2 0 268 272 208 207
6068 2 2 0 268 271 272 207
6069 2 2 0 269 273 209 208
6070 2 2 0 269 272 273 208
6071 2 2 0 270 273 210 209
6072 2 2 0 270 210 273 274
6073 2 2 0 271 274 211 210
6074 2 2 0 271 211 274 275
6075 2 2 0 272 275 212 211
6076 2 2 0 272 212 275 276
6077 2 2 0 273 276 213 212
6078 2 2 0 273 213 276 277
6079 2 2 0 274 277 214 213
6080 2 2 0 274 214 277 278
6081 2 2 0 275 278 215 214
6082 2 2 0 275 215 278 279
6083 2 2 0 276 279 216 215
6084 2 2 0 276 279 280 216
6085 2 2 0 277 280 217 216
6086 2 2 0 277 280 281 217
6087 2 2 0 278 281 218 217
6088 2 2 0 278 281 282 218
6089 2 2 0 279 282 219 218
6090 2 2 0 279 282 283 219
6091 2 2 0 280 283 220 219
6092 2 2 0 280 283 284 220
6093 2 2 0 281 284 221 220
6094 2 2 0 281 221 284 285
6095 2 2 0 282 285 222 221
6096 2 2 0 282 222 285 286
6097 2 2 0 283 287 223 222
6098 2 2 0 283 286 287 222
6099 2 2 0 284 288 224 223
6100 2 2 0 284 287 288 223
6101 2 2 0 285 289 225 224
6102 2 2 0 285 288 289 224
6103 2 2 0 286 289 226 225
6104 2 2 0 286 226 289 290
6105 2 2 0 287 290 227 226
6106 2 2 0 287 227 290 291
6107 2 2 0 288 291 228 227
6108 2 2 0 288 228 291 292
6109 2 2 0 289 293 229 228
6110 2 2 0 289 292 293 228
6111 2 2 0 290 294 230 229
6112 2 2 0 290 293 294 229
6113 2 2 0 291 230 295 231
6114 2 2 0 291 294 295 230
6115 2 2 0 292 231 296 232
6116 2 2 0 292 295 296 231
6117 2 2 0 293 232 297 233
6118 2 2 0 293 296 297 232
6119 2 2 0 294 233 298 234
6120 2 2 0 294 297 298 233
6121 2 2 0 295 234 299 235
6122 2 2 0 295 298 299 234
6123 2 2 0 296 300 236 235
6124 2 2 0 296 299 300 235
6125 2 2 0 297 301 237 236
6126 2 2 0 297 300 301 236
6127 2 2 0 298 302 238 237
6128 2 2 0 298 301 302 237
6129 2 2 0 299 303 239 238
6130 2 2 0 299 302 303 238
6131 2 2 0 300 304 240 239
6132 2 2 0 300 303 304 239
6133 2 2 0 301 305 241 240
6134 2 2 0 301 304 305 240
6135 2 2 0 302 305 242 241
6136 2 2 0 302 242 305 306
6137 2 2 0 303 306 243 242
6138 2 2 0 303 243 306 307
6139 2 2 0 304 307 244 243
6140 2 2 0 304 244 307 308
6141 2 2 0 305 308 245 244
6142 2 2 0 305 245 308 309
6143 2 2 0 306 309 246 245
6144 2 2 0 306 246 309 310
6145 2 2 0 307 310 247 246
6146 2 2 0 307 247 310 311
6147 2 2 0 308 311 248 247
6148 2 2 0 308 311 312 248
6149 2 2 0 309 312 249 248
6150 2 2 0 309 312 313 249
6151 2 2 0 310 313 250 249
6152 2 2 0 310 313 314 250
6153 2 2 0 311 314 251 250
6154 2 2 0 311 314 315 251
6155 2 2 0 312 315 252 251
6156 2 2 0 312 315 316 252
6157 2 2 0 313 316 253 252
6158 2 2 0 313 253 316 317
6159 2 2 0 314 317 254 253
6160 2 2 0 314 254 317 318
6161 2 2 0 315 319 255 254
6162 2 2 0 315 318 319 254
6163 2 2 0 316 320 256 255
6164 2 2 0 316 319 320 255
6165 2 2 0 317 257 193 256
6166 2 2 0 317 320 257 256
6167 2 2 0 318 321 258 257
6168 2 2 0 318 258 321 322
6169 2 2 0 319 322 259 258
6170 2 2 0 319 259 322 323
6171 2 2 0 320 323 260 259
6172 2 2 0 320 260 323 324
6173 2 2 0 321 325 261 260
6174 2 2 0 321 324 325 260
6175 2 2 0 322 326 262 261
6176 2 2 0 322 325 326 261
6177 2 2 0 323 262 327 263
6178 2 2 0 323 326 327 262
6179 2 2 0 324 263 328 264
6180 2 2 0 324 327 328 263
6181 2 2 0 325 264 329 265
6182 2 2 0 325 328 329 264
6183 2 2 0 326 265 330 266
6184 2 2 0 326 329 330 265
6185 2 2 0 327 266 331 267
6186 2 2 0 327 330 331 266
6187 2 2 0 328 332 268 267
6188 2 2 0 328 331 332 267
6189 2 2 0 329 333 269 268
6190 2 2 0 329 332 333 268
6191 2 2 0 330 334 270 269
6192 2 2 0 330 333 334 269
6193 2 2 0 331 335 271 270
6194 2 2 0 331 334 335 270
6195 2 2 0 332 336 272 271
6196 2 2 0 332 335 336 271
6197 2 2 0 333 337 273 272
6198 2 2 0 333 336 337 272
6199 2 2 0 334 337 274 273
6200 2 2 0 334 274 337 338
6201 2 2 0 335 338 275 274
6202 2 2 0 335 275 338 339
6203 2 2 0 336 339 276 275
6204 2 2 0 336 276 339 340
6205 2 2 0 337 340 277 276
6206 2 2 0 337 277 340 341
6207 2 2 0 338 341 278 277
6208 2 2 0 338 278 341 342
6209 2 2 0 339 342 279 278
6210 2 2 0 339 279 342 343
6211 2 2 0 340 343 280 279
6212 2 2 0 340 343 344 280
6213 2 2 0 341 344 281 280
6214 2 2 0 341 344 345 281
6215 2 2 0 342 345 282 281
6216 2 2 0 342 345 346 282
6217 2 2 0 343 346 283 282
6218 2 2 0 343 346 347 283
6219 2 2 0 344 347 284 283
6220 2 2 0 344 347 348 284
6221 2 2 0 345 348 285 284
6222 2 2 0 345 285 348 349
6223 2 2 0 346 349 286 285
6224 2 2 0 346 286 349 350
6225 2 2 0 347 351 287 286
6226 2 2 0 347 350 351 286
6227 2 2 0 348 352 288 287
6228 2 2 0 348 351 352 287
6229 2 2 0 349 353 289 288
6230 2 2 0 349 352 353 288
6231 2 2 0 350 353 290 289
6232 2 2 0 350 290 353 354
6233 2 2 0 351 354 291 290
6234 2 2 0 351 291 354 355
6235 2 2 0 352 355 292 291
6236 2 2 0 352 292 355 356
6237 2 2 0 353 357 293 292
6238 2 2 0 353 356 357 292
6239 2 2 0 354 358 294 293
6240 2 2 0 354 357 358 293
6241 2 2 0 355 294 359 295
6242 2 2 0 355 358 359 294
6243 2 2 0 356 295 360 296
6244 2 2 0 356 359 360 295
6245 2 2 0 357 296 361 297
6246 2 2 0 357 360 361 296
6247 2 2 0 358 297 362 298
6248 2 2 0 358 361 362 297
6249 2 2 0 359 298 363 299
6250 2 2 0 359 362 363 298
6251 2 2 0 360 364 300 299
6252 2 2 0 360 363 364 299
6253 2 2 0 361 365 301 300
6254 2 2 0 361 364 365 300
6255 2 2 0 362 366 302 301
6256 2 2 0 362 365 366 301
6257 2 2 0 363 367 303 302
6258 2 2 0 363 366 367 302
6259 2 2 0 364 368 304 303
6260 2 2 0 364 367 368 303
6261 2 2 0 365 369 305 304
6262 2 2 0 365 368 369 304
6263 2 2 0 366 369 306 305
6264 2 2 0 366 306 369 370
6265 2 2 0 367 370 307 306
6266 2 2 0 367 307 370 371
6267 2 2 0 368 371 308 307
6268 2 2 0 368 308 371 372
6269 2 2 0 369 372 309 308
6270 2 2 0 369 309 372 373
6271 2 2 0 370 373 310 309
6272 2 2 0 370 310 373 374
6273 2 2 0 371 374 311 310
6274 2 2 0 371 311 374 375
6275 2 2 0 372 375 312 311
6276 2 2 0 372 375 376 312
6277 2 2 0 373 376 313 312
6278 2 2 0 373 376 377 313
6279 2 2 0 374 377 314 313
6280 2 2 0 374 377 378 314
6281 2 2 0 375 378 315 314
6282 2 2 0 375 378 379 315
6283 2 2 0 376 379 316 315
6284 2 2 0 376 379 380 316
6285 2 2 0 377 380 317 316
6286 2 2 0 377 317 380 381
6287 2 2 0 378 381 318 317
6288 2 2 0 378 318 381 382
6289 2 2 0 379 383 319 318
6290 2 2 0 379 382 383 318
6291 2 2 0 380 384 320 319
6292 2 2 0 380 383 384 319
6293 2 2 0 381 321 257 320
6294 2 2 0 381 384 321 320
6295 2 2 0 382 385 322 321
6296 2 2 0 382 322 385 386
6297 2 2 0 383 386 323 322
6298 2 2 0 383 323 386 387
6299 2 2 0 384 387 324 323
6300 2 2 0 384 324 387 388
6301 2 2 0 385 389 325 324
6302 2 2 0 385 388 389 324
6303 2 2 0 386 390 326 325
6304 2 2 0 386 389 390 325
6305 2 2 0 387 326 391 327
6306 2 2 0 387 390 391 326
6307 2 2 0 388 327 392 328
6308 2 2 0 388 391 392 327
6309 2 2 0 389 328 393 329
6310 2 2 0 389 392 393 328
6311 2 2 0 390 329 394 330
6312 2 2 0 390 393 394 329
6313 2 2 0 391 330 395 331
6314 2 2 0 391 394 395 330
6315 2 2 0 392 396 332 331
6316 2 2 0 392 395 396 331
6317 2 2 0 393 397 333 332
6318 2 2 0 393 396 397 332
6319 2 2 0 394 398 334 333
6320 2 2 0 394 397 398 333
6321 2 2 0 395 399 335 334
6322 2 2 0 395 398 399 334
6323 2 2 0 396 400 336 335
6324 2 2 0 396 399 400 335
6325 2 2 0 397 401 337 336
6326 2 2 0 397 400 401 336
6327 2 2 0 398 401 338 337
6328 2 2 0 398 338 401 402
6329 2 2 0 399 402 339 338
6330 2 2 0 399 339 402 403
6331 2 2 0 400 403 340 339
6332 2 2 0 400 340 403 404
6333 2 2 0 401 404 341 340
6334 2 2 0 401 341 404 405
6335 2 2 0 402 405 342 341
6336 2 2 0 402 342 405 406
6337 2 2 0 403 406 343 342
6338 2 2 0 403 343 406 407
6339 2 2 0 404 407 344 343
6340 2 2 0 404 407 408 344
6341 2 2 0 405 408 345 344
6342 2 2 0 405 408 409 345
6343 2 2 0 406 409 346 345
6344 2 2 0 406 409 410 346
6345 2 2 0 407 410 347 346
6346 2 2 0 407 410 411 347
6347 2 2 0 408 411 348 347
6348 2 2 0 408 411 412 348
6349 2 2 0 409 412 349 348
6350 2 2 0 409 349 412 413
6351 2 2 0 410 413 350 349
6352 2 2 0 410 350 413 414
6353 2 2 0 411 415 351 350
6354 2 2 0 411 414 415 350
6355 2 2 0 412 416 352 351
6356 2 2 0 412 415 416 351
6357 2 2 0 413 417 353 352
6358 2 2 0 413 416 417 352
6359 2 2 0 414 417 354 353
6360 2 2 0 414 354 417 418
6361 2 2 0 415 418 355 354
6362 2 2 0 415 355 418 419
6363 2 2 0 416 419 356 355
6364 2 2 0 416 356 419 420
6365 2 2 0 417 421 357 356
6366 2 2 0 417 420 421 356
6367 2 2 0 418 422 358 357
6368 2 2 0 418 421 422 357
6369 2 2 0 419 358 423 359
6370 2 2 0 419 422 423 358
6371 2 2 0 420 359 424 360
6372 2 2 0 420 423 424 359
6373 2 2 0 421 360 425 361
6374 2 2 0 421 424 425 360
6375 2 2 0 422 361 426 362
6376 2 2 0 422 425 426 361
6377 2 2 0 423 362 427 363
6378 2 2 0 423 426 427 362
6379 2 2 0 424 428 364 363
6380 2 2 0 424 427 428 363
6381 2 2 0 425 429 365 364
6382 2 2 0 425 428 429 364
6383 2 2 0 426 430 366 365
6384 2 2 0 426 429 430 365
6385 2 2 0 427 431 367 366
6386 2 2 0 427 430 431 366
6387 2 2 0 428 432 368 367
6388 2 2 0 428 431 432 367
6389 2 2 0 429 433 369 368
6390 2 2 0 429 432 433 368
6391 2 2 0 430 433 370 369
6392 2 2 0 430 370 433 434
6393 2 2 0 431 434 371 370
6394 2 2 0 431 371 434 435
6395 2 2 0 432 435 372 371
6396 2 2 0 432 372 435 436
6397 2 2 0 433 436 373 372
6398 2 2 0 433 373 436 437
6399 2 2 0 434 437 374 373
6400 2 2 0 434 374 437 438
6401 2 2 0 435 438 375 374
6402 2 2 0 435 375 438 439
6403 2 2 0 436 439 376 375
6404 2 2 0 436 439 440 376
6405 2 2 0 437 440 377 376
6406 2 2 0 437 440 441 377
6407 2 2 0 438 441 378 377
6408 2 2 0 438 441 442 378
6409 2 2 0 439 442 379 378
6410 2 2 0 439 442 443 379
6411 2 2 0 440 443 380 379
6412 2 2 0 440 443 444 380
6413 2 2 0 441 444 381 380
6414 2 2 0 441 381 444 445
6415 2 2 0 442 445 382 381
6416 2 2 0 442 382 445 446
6417 2 2 0 443 447 383 382
6418 2 2 0 443 446 447 382
6419 2 2 0 444 448 384 383
6420 2 2 0 444 447 448 383
6421 2 2 0 445 385 321 384
6422 2 2 0 445 448 385 384
6423 2 2 0 446 449 386 385
6424 2 2 0 446 386 449 450
6425 2 2 0 447 450 387 386
6426 2 2 0 447 387 450 451
6427 2 2 0 448 451 388 387
6428 2 2 0 448 388 451 452
6429 2 2 0 449 453 389 388
6430 2 2 0 449 452 453 388
6431 2 2 0 450 454 390 389
6432 2 2 0 450 453 454 389
6433 2 2 0 451 390 455 391
6434 2 2 0 451 454 455 390
6435 2 2 0 452 391 456 392
6436 2 2 0 452 455 456 391
6437 2 2 0 453 392 457 393
6438 2 2 0 453 456 457 392
6439 2 2 0 454 393 458 394
6440 2 2 0 454 457 458 393
6441 2 2 0 455 394 459 395
6442 2 2 0 455 458 459 394
6443 2 2 0 456 460 396 395
6444 2 2 0 456 459 460 395
6445 2 2 0 457 461 397 396
6446 2 2 0 457 460 461 396
6447 2 2 0 458 462 398 397
6448 2 2 0 458 461 462 397
6449 2 2 0 459 463 399 398
6450 2 2 0 459 462 463 398
6451 2 2 0 460 464 400 399
6452 2 2 0 460 463 464 399
6453 2 2 0 461 465 401 400
6454 2 2 0 461 464 465 400
6455 2 2 0 462 465 402 401
6456 2 2 0 462 402 465 466
6457 2 2 0 463 466 403 402
6458 2 2 0 463 403 466 467
6459 2 2 0 464 467 404 403
6460 2 2 0 464 404 467 468
6461 2 2 0 465 468 405 404
6462 2 2 0 465 405 468 469
6463 2 2 0 466 469 406 405
6464 2 2 0 466 406 469 470
6465 2 2 0 467 470 407 406
6466 2 2 0 467 407 470 471
6467 2 2 0 468 471 408 407
6468 2 2 0 468 471 472 408
6469 2 2 0 469 472 409 408
6470 2 2 0 469 472 473 409
6471 2 2 0 470 473 410 409
6472 2 2 0 470 473 474 410
6473 2 2 0 471 474 411 410
6474 2 2 0 471 474 475 411
6475 2 2 0 472 475 412 411
6476 2 2 0 472 475 476 412
6477 2 2 0 473 476 413 412
6478 2 2 0 473 413 476 477
6479 2 2 0 474 477 414 413
6480 2 2 0 474 414 477 478
6481 2 2 0 475 479 415 414
6482 2 2 0 475 478 479 414
6483 2 2 0 476 480 416 415
6484 2 2 0 476 479 480 415
6485 2 2 0 477 481 417 416
6486 2 2 0 477 480 481 416
6487 2 2 0 478 481 418 417
6488 2 2 0 478 418 481 482
6489 2 2 0 479 482 419 418
6490 2 2 0 479 419 482 483
6491 2 2 0 480 483 420 419
6492 2 2 0 480 420 483 484
6493 2 2 0 481 485 421 420
6494 2 2 0 481 484 485 420
6495 2 2 0 482 486 422 421
6496 2 2 0 482 485 486 421
6497 2 2 0 483 422 487 423
6498 2 2 0 483 486 487 422
6499 2 2 0 484 423 488 424
6500 2 2 0 484 487 488 423
6501 2 2 0 485 424 489 425
6502 2 2 0 485 488 489 424
6503 2 2 0 486 425 490 426
6504 2 2 0 486 489 490 425
6505 2 2 0 487 426 491 427
6506 2 2 0 487 490 491 426
6507 2 2 0 488 492 428 427
6508 2 2 0 488 491 492 427
6509 2 2 0 489 493 429 428
6510 2 2 0 489 492 493 428
6511 2 2 0 490 494 430 429
6512 2 2 0 490 493 494 429
6513 2 2 0 491 495 431 430
6514 2 2 0 491 494 495 430
6515 2 2 0 492 496 432 431
6516 2 2 0 492 495 496 431
6517 2 2 0 493 497 433 432
6518 2 2 0 493 496 497 432
6519 2 2 0 494 497 434 433
6520 2 2 0 494 434 497 498
6521 2 2 0 495 498 435 434
6522 2 2 0 495 435 498 499
6523 2 2 0 496 499 436 435
6524 2 2 0 496 436 499 500
6525 2 2 0 497 500 437 436
6526 2 2 0 497 437 500 501
6527 2 2 0 498 501 438 437
6528 2 2 0 498 438 501 502
6529 2 2 0 499 502 439 438
6530 2 2 0 499 439 502 503
6531 2 2 0 500 503 440 439
6532 2 2 0 500 503 504 440
6533 2 2 0 501 504 441 440
6534 2 2 0 501 504 505 441
6535 2 2 0 502 505 442 441
6536 2 2 0 502 505 506 442
6537 2 2 0 503 506 443 442
6538 2 2 0 503 506 507 443
6539 2 2 0 504 507 444 443
6540 2 2 0 504 507 508 444
6541 2 2 0 505 508 445 444
6542 2 2 0 505 445 508 509
6543 2 2 0 506 509 446 445
6544 2 2 0 506 446 509 510
6545 2 2 0 507 511 447 446
6546 2 2 0 507 510 511 446
6547 2 2 0 508 512 448 447
6548 2 2 0 508 511 512 447
6549 2 2 0 509 449 385 448
6550 2 2 0 509 512 449 448
6551 2 2 0 510 513 450 449
6552 2 2 0 510 450 513 514
6553 2 2 0 511 514 451 450
6554 2 2 0 511 451 514 515
6555 2 2 0 512 515 452 451
6556 2 2 0 512 452 515 516
6557 2 2 0 513 517 453 452
6558 2 2 0 513 516 517 452
6559 2 2 0 514 518 454 453
6560 2 2 0 514 517 518 453
6561 2 2 0 515 454 519 455
6562 2 2 0 515 518 519 454
6563 2 2 0 516 455 520 456
6564 2 2 0 516 519 520 455
6565 2 2 0 517 456 521 457
6566 2 2 0 517 520 521 456
6567 2 2 0 518 457 522 458
6568 2 2 0 518 521 522 457
6569 2 2 0 519 458 523 459
6570 2 2 0 519 522 523 458
6571 2 2 0 520 524 460 459
6572 2 2 0 520 523 524 459
6573 2 2 0 521 525 461 460
6574 2 2 0 521 524 525 460
6575 2 2 0 522 526 462 461
6576 2 2 0 522 525 526 461
6577 2 2 0 523 527 463 462
6578 2 2 0 523 526 527 462
6579 2 2 0 524 528 464 463
6580 2 2 0 524 527 528 463
6581 2 2 0 525 529 465 464
6582 2 2 0 525 528 529 464
6583 2 2 0 526 529 466 465
6584 2 2 0 526 466 529 530
6585 2 2 0 527 530 467 466
6586 2 2 0 527 467 530 531
6587 2 2 0 528 531 468 467
6588 2 2 0 528 468 531 532
6589 2 2 0 529 532 469 468
6590 2 2 0 529 469 532 533
6591 2 2 0 530 533 470 469
6592 2 2 0 530 470 533 534
6593 2 2 0 531 534 471 470
6594 2 2 0 531 471 534 535
6595 2 2 0 532 535 472 471
6596 2 2 0 532 535 536 472
6597 2 2 0 533 536 473 472
6598 2 2 0 533 536 537 473
6599 2 2 0 534 537 474 473
6600 2 2 0 534 537 538 474
6601 2 2 0 535 538 475 474
6602 2 2 0 535 538 539 475
6603 2 2 0 536 539 476 475
6604 2 2 0 536 539 540 476
6605 2 2 0 537 540 477 476
6606 2 2 0 537 477 540 541
6607 2 2 0 538 541 478 477
6608 2 2 0 538 478 541 542
6609 2 2 0 539 543 479 478
6610 2 2 0 539 542 543 478
6611 2 2 0 540 544 480 479
6612 2 2 0 540 543 544 479
6613 2 2 0 541 545 481 480
6614 2 2 0 541 544 545 480
6615 2 2 0 542 545 482 481
6616 2 2 0 542 482 545 546
6617 2 2 0 543 546 483 482
6618 2 2 0 543 483 546 547
6619 2 2 0 544 547 484 483
6620 2 2 0 544 484 547 548
6621 2 2 0 545 549 485 484
6622 2 2 0 545 548 549 484
6623 2 2 0 546 550 486 485
6624 2 2 0 546 549 550 485
6625 2 2 0 547 486 551 487
6626 2 2 0 547 550 551 486
6627 2 2 0 548 487 552 488
6628 2 2 0 548 551 552 487
6629 2 2 0 549 488 553 489
6630 2 2 0 549 552 553 488
6631 2 2 0 550 489 554 490
6632 2 2 0 550 553 554 489
6633 2 2 0 551 490 555 491
6634 2 2 0 551 554 555 490
6635 2 2 0 552 556 492 491
6636 2 2 0 552 555 556 491
6637 2 2 0 553 557 493 492
6638 2 2 0 553 556 557 492
6639 2 2 0 554 558 494 493
6640 2 2 0 554 557 558 493
6641 2 2 0 555 559 495 494
6642 2 2 0 555 558 559 494
6643 2 2 0 556 560 496 495
6644 2 2 0 556 559 560 495
6645 2 2 0 557 561 497 496
6646 2 2 0 557 560 561 496
6647 2 2 0 558 561 498 497
6648 2 2 0 558 498 561 562
6649 2 2 0 559 562 499 498
6650 2 2 0 559 499 562 563
6651 2 2 0 560 563 500 499
6652 2 2 0 560 500 563 564
6653 2 2 0 561 564 501 500
6654 2 2 0 561 501 564 565
6655 2 2 0 562 565 502 501
6656 2 2 0 562 502 565 566
6657 2 2 0 563 566 503 502
6658 2 2 0 563 503 566 567
6659 2 2 0 564 567 504 503
6660 2 2 0 564 567 568 504
6661 2 2 0 565 568 505 504
6662 2 2 0 565 568 569 505
6663 2 2 0 566 569 506 505
6664 2 2 0 566 569 570 506
6665 2 2 0 567 570 507 506
6666 2 2 0 567 570 571 507
6667 2 2 0 568 571 508 507
6668 2 2 0 568 571 572 508
6669 2 2 0 569 572 509 508
6670 2 2 0 569 509 572 573
6671 2 2 0 570 573 510 509
6672 2 2 0 570 510 573 574
6673 2 2 0 571 575 511 510
6674 2 2 0 571 574 575 510
6675 2 2 0 572 576 512 511
6676 2 2 0 572 575 576 511
6677 2 2 0 573 513 449 512
6678 2 2 0 573 576 513 512
6679 2 2 0 574 577 514 513
6680 2 2 0 574 514 577 578
6681 2 2 0 575 578 515 514
6682 2 2 0 575 515 578 579
6683 2 2 0 576 579 516 515
6684 2 2 0 576 516 579 580
6685 2 2 0 577 581 517 516
6686 2 2 0 577 580 581 516
6687 2 2 0 578 582 518 517
6688 2 2 0 578 581 582 517
6689 2 2 0 579 518 583 519
6690 2 2 0 579 582 583 518
6691 2 2 0 580 519 584 520
6692 2 2 0 580 583 584 519
6693 2 2 0 581 520 585 521
6694 2 2 0 581 584 585 520
6695 2 2 0 582 521 586 522
6696 2 2 0 582 585 586 521
6697 2 2 0 583 522 587 523
6698 2 2 0 583 586 587 522
6699 2 2 0 584 588 524 523
6700 2 2 0 584 587 588 523
6701 2 2 0 585 589 525 524
6702 2 2 0 585 588 589 524
6703 2 2 0 586 590 526 525
6704 2 2 0 586 589 590 525
6705 2 2 0 587 591 527 526
6706 2 2 0 587 590 591 526
6707 2 2 0 588 592 528 527
6708 2 2 0 588 591 592 527
6709 2 2 0 589 593 529 528
6710 2 2 0 589 592 593 528
6711 2 2 0 590 593 530 529
6712 2 2 0 590 530 593 594
6713 2 2 0 591 594 531 530
6714 2 2 0 591 531 594 595
6715 2 2 0 592 595 532 531
6716 2 2 0 592 532 595 596
6717 2 2 0 593 596 533 532
6718 2 2 0 593 533 596 597
6719 2 2 0 594 597 534 533
6720 2 2 0 594 534 597 598
6721 2 2 0 595 598 535 534
6722 2 2 0 595 535 598 599
6723 2 2 0 596 599 536 535
6724 2 2 0 596 599 600 536
6725 2 2 0 597 600 537 536
6726 2 2 0 597 600 601 537
6727 2 2 0 598 601 538 537
6728 2 2 0 598 601 602 538
6729 2 2 0 599 602 539 538
6730 2 2 0 599 602 603 539
6731 2 2 0 600 603 540 539
6732 2 2 0 600 603 604 540
6733 2 2 0 601 604 541 540
6734 2 2 0 601 541 604 605
6735 2 2 0 602 605 542 541
6736 2 2 0 602 542 605 606
6737 2 2 0 603 607 543 542
6738 2 2 0 603 606 607 542
6739 2 2 0 604 608 544 543
6740 2 2 0 604 607 608 543
6741 2 2 0 605 609 545 544
6742 2 2 0 605 608 609 544
6743 2 2 0 606 609 546 545
6744 2 2 0 606 546 609 610
6745 2 2 0 607 610 547 546
6746 2 2 0 607 547 610 611
6747 2 2 0 608 611 548 547
6748 2 2 0 608 548 611 612
6749 2 2 0 609 613 549 548
6750 2 2 0 609 612 613 548
6751 2 2 0 610 614 550 549
6752 2 2 0 610 613 614 549
6753 2 2 0 611 550 615 551
6754 2 2 0 611 614 615 550
6755 2 2 0 612 551 616 552
6756 2 2 0 612 615 616 551
6757 2 2 0 613 552 617 553
6758 2 2 0 613 616 617 552
6759 2 2 0 614 553 618 554
6760 2 2 0 614 617 618 553
6761 2 2 0 615 554 619 555
6762 2 2 0 615 618 619 554
6763 2 2 0 616 620 556 555
6764 2 2 0 616 619 620 555
6765 2 2 0 617 621 557 556
6766 2 2 0 617 620 621 556
6767 2 2 0 618 622 558 557
6768 2 2 0 618 621 622 557
6769 2 2 0 619 623 559 558
6770 2 2 0 619 622 623 558
6771 2 2 0 620 624 560 559
6772 2 2 0 620 623 624 559
6773 2 2 0 621 625 561 560
6774 2 2 0 621 624 625 560
6775 2 2 0 622 625 562 561
6776 2 2 0 622 562 625 626
6777 2 2 0 623 626 563 562
6778 2 2 0 623 563 626 627
6779 2 2 0 624 627 564 563
6780 2 2 0 624 564 627 628
6781 2 2 0 625 628 565 564
6782 2 2 0 625 565 628 629
6783 2 2 0 626 629 566 565
6784 2 2 0 626 566 629 630
6785 2 2 0 627 630 567 566
6786 2 2 0 627 567 630 631
6787 2 2 0 628 631 568 567
6788 2 2 0 628 631 632 568
6789 2 2 0 629 632 569 568
6790 2 2 0 629 632 633 569
6791 2 2 0 630 633 570 569
6792 2 2 0 630 633 634 570
6793 2 2 0 631 634 571 570
6794 2 2 0 631 634 635 571
6795 2 2 0 632 635 572 571
6796 2 2 0 632 635 636 572
6797 2 2 0 633 636 573 572
6798 2 2 0 633 573 636 637
6799 2 2 0 634 637 574 573
6800 2 2 0 634 574 637 638
6801 2 2 0 635 639 575 574
6802 2 2 0 635 638 639 574
6803 2 2 0 636 640 576 575
6804 2 2 0 636 639 640 575
6805 2 2 0 637 577 513 576
6806 2 2 0 637 640 577 576
6807 2 2 0 638 641 578 577
6808 2 2 0 638 578 641 642
6809 2 2 0 639 642 579 578
6810 2 2 0 639 579 642 643
6811 2 2 0 640 643 580 579
6812 2 2 0 640 580 643 644
6813 2 2 0 641 644 645 2475
6814 2 2 0 641 581 580 2475
6815 2 2 0 641 580 644 2475
6816 2 2 0 641 645 581 2475
6817 2 2 0 642 646 582 581
6818 2 2 0 642 645 646 581
6819 2 2 0 643 582 647 583
6820 2 2 0 643 646 647 582
6821 2 2 0 644 583 648 584
6822 2 2 0 644 647 648 583
6823 2 2 0 645 584 649 585
6824 2 2 0 645 648 649 584
6825 2 2 0 646 585 650 586
6826 2 2 0 646 649 650 585
6827 2 2 0 647 586 651 587
6828 2 2 0 647 650 651 586
6829 2 2 0 648 652 588 587
6830 2 2 0 648 651 652 587
6831 2 2 0 649 653 589 588
6832 2 2 0 649 652 653 588
6833 2 2 0 650 654 590 589
6834 2 2 0 650 653 654 589
6835 2 2 0 651 655 591 590
6836 2 2 0 651 654 655 590
6837 2 2 0 652 656 592 591
6838 2 2 0 652 655 656 591
6839 2 2 0 653 657 593 592
6840 2 2 0 653 656 657 592
6841 2 2 0 654 657 594 593
6842 2 2 0 654 594 657 658
6843 2 2 0 655 658 595 594
6844 2 2 0 655 595 658 659
6845 2 2 0 656 659 596 595
6846 2 2 0 656 596 659 660
6847 2 2 0 657 660 597 596
6848 2 2 0 657 597 660 661
6849 2 2 0 658 661 598 597
6850 2 2 0 658 598 661 662
6851 2 2 0 659 662 599 598
6852 2 2 0 659 599 662 663
6853 2 2 0 660 663 600 599
6854 2 2 0 660 663 664 600
6855 2 2 0 661 664 601 600
6856 2 2 0 661 664 665 601
6857 2 2 0 662 665 602 601
6858 2 2 0 662 665 666 602
6859 2 2 0 663 666 603 602
6860 2 2 0 663 666 667 603
6861 2 2 0 664 667 604 603
6862 2 2 0 664 667 668 604
6863 2 2 0 665 668 605 604
6864 2 2 0 665 605 668 669
6865 2 2 0 666 669 670 2476
6866 2 2 0 666 606 605 2476
6867 2 2 0 666 605 669 2476
6868 2 2 0 666 670 606 2476
6869 2 2 0 667 671 607 606
6870 2 2 0 667 670 671 606
6871 2 2 0 668 672 608 607
6872 2 2 0 668 671 672 607
6873 2 2 0 669 673 609 608
6874 2 2 0 669 672 673 608
6875 2 2 0 670 673 610 609
6876 2 2 0 670 610 673 674
6877 2 2 0 671 674 611 610
6878 2 2 0 671 611 674 675
6879 2 2 0 672 675 612 611
6880 2 2 0 672 612 675 676
6881 2 2 0 673 676 677 2477
6882 2 2 0 673 613 612 2477
6883 2 2 0 673 612 676 2477
6884 2 2 0 673 677 613 2477
6885 2 2 0 674 678 614 613
6886 2 2 0 674 677 678 613
6887 2 2 0 675 614 679 615
6888 2 2 0 675 678 679 614
6889 2 2 0 676 615 680 616
6890 2 2 0 676 679 680 615
6891 2 2 0 677 616 681 617
6892 2 2 0 677 680 681 616
6893 2 2 0 678 617 682 618
6894 2 2 0 678 681 682 617
6895 2 2 0 679 618 683 619
6896 2 2 0 679 682 683 618
6897 2 2 0 680 684 620 619
6898 2 2 0 680 683 684 619
6899 2 2 0 681 685 621 620
6900 2 2 0 681 684 685 620
6901 2 2 0 682 686 622 621
6902 2 2 0 682 685 686 621
6903 2 2 0 683 687 623 622
6904 2 2 0 683 686 687 622
6905 2 2 0 684 688 624 623
6906 2 2 0 684 687 688 623
6907 2 2 0 685 689 625 624
6908 2 2 0 685 688 689 624
6909 2 2 0 686 689 626 625
6910 2 2 0 686 626 689 690
6911 2 2 0 687 690 627 626
6912 2 2 0 687 627 690 691
6913 2 2 0 688 691 628 627
6914 2 2 0 688 628 691 692
6915 2 2 0 689 692 629 628
6916 2 2 0 689 629 692 693
6917 2 2 0 690 693 630 629
6918 2 2 0 690 630 693 694
6919 2 2 0 691 694 631 630
6920 2 2 0 691 631 694 695
6921 2 2 0 692 695 632 631
6922 2 2 0 692 695 696 632
6923 2 2 0 693 696 633 632
6924 2 2 0 693 696 697 633
6925 2 2 0 694 697 634 633
6926 2 2 0 694 697 698 634
6927 2 2 0 695 698 635 634
6928 2 2 0 695 698 699 635
6929 2 2 0 696 699 636 635
6930 2 2 0 696 699 700 636
6931 2 2 0 697 700 637 636
6932 2 2 0 697 637 700 701
6933 2 2 0 698 701 702 2478
6934 2 2 0 698 638 637 2478
6935 2 2 0 698 637 701 2478
6936 2 2 0 698 702 638 2478
6937 2 2 0 699 703 639 638
6938 2 2 0 699 702 703 638
6939 2 2 0 700 704 640 639
6940 2 2 0 700 703 704 639
6941 2 2 0 701 641 577 640
6942 2 2 0 701 704 641 640
6943 2 2 0 702 705 642 641
6944 2 2 0 702 642 705 706
6945 2 2 0 703 706 643 642
6946 2 2 0 703 643 706 707
6947 2 2 0 704 707 644 643
6948 2 2 0 704 644 707 708
6949 2 2 0 705 708 709 2479
6950 2 2 0 705 645 644 2479
6951 2 2 0 705 644 708 2479
6952 2 2 0 705 709 645 2479
6953 2 2 0 706 710 646 645
6954 2 2 0 706 709 710 645
6955 2 2 0 707 646 711 647
6956 2 2 0 707 710 711 646
6957 2 2 0 708 647 712 648
6958 2 2 0 708 711 712 647
6959 2 2 0 709 648 713 649
6960 2 2 0 709 712 713 648
6961 2 2 0 710 649 714 650
6962 2 2 0 710 713 714 649
6963 2 2 0 711 650 715 651
6964 2 2 0 711 714 715 650
6965 2 2 0 712 716 652 651
6966 2 2 0 712 715 716 651
6967 2 2 0 713 717 653 652
6968 2 2 0 713 716 717 652
6969 2 2 0 714 718 654 653
6970 2 2 0 714 717 718 653
6971 2 2 0 715 719 655 654
6972 2 2 0 715 718 719 654
6973 2 2 0 716 720 656 655
6974 2 2 0 716 719 720 655
6975 2 2 0 717 721 657 656
6976 2 2 0 717 720 721 656
6977 2 2 0 718 721 658 657
6978 2 2 0 718 658 721 722
6979 2 2 0 719 722 659 658
6980 2 2 0 719 659 722 723
6981 2 2 0 720 723 660 659
6982 2 2 0 720 660 723 724
6983 2 2 0 721 724 661 660
6984 2 2 0 721 661 724 725
6985 2 2 0 722 725 662 661
6986 2 2 0 722 662 725 726
6987 2 2 0 723 726 663 662
6988 2 2 0 723 663 726 727
6989 2 2 0 724 727 664 663
6990 2 2 0 724 727 728 664
6991 2 2 0 725 728 665 664
6992 2 2 0 725 728 729 665
6993 2 2 0 726 729 666 665
6994 2 2 0 726 729 730 666
6995 2 2 0 727 730 667 666
6996 2 2 0 727 730 731 667
6997 2 2 0 728 731 668 667
6998 2 2 0 728 731 732 668
6999 2 2 0 729 732 669 668
7000 2 2 0 729 669 732 733
7001 2 2 0 730 733 734 2480
7002 2 2 0 730 670 669 2480
7003 2 2 0 730 669 733 2480
7004 2 2 0 730 734 670 2480
7005 2 2 0 731 735 671 670
7006 2 2 0 731 734 735 670
7007 2 2 0 732 736 672 671
7008 2 2 0 732 735 736 671
7009 2 2 0 733 737 673 672
7010 2 2 0 733 736 737 672
7011 2 2 0 734 737 674 673
7012 2 2 0 734 674 737 738
7013 2 2 0 735 738 675 674
7014 2 2 0 735 675 738 739
7015 2 2 0 736 739 676 675
7016 2 2 0 736 676 739 740
7017 2 2 0 737 740 741 2481
7018 2 2 0 737 677 676 2481
7019 2 2 0 737 676 740 2481
7020 2 2 0 737 741 677 2481
7021 2 2 0 738 742 678 677
7022 2 2 0 738 741 742 677
7023 2 2 0 739 678 743 679
7024 2 2 0 739 742 743 678
7025 2 2 0 740 679 744 680
7026 2 2 0 740 743 744 679
7027 2 2 0 741 680 745 681
7028 2 2 0 741 744 745 680
7029 2 2 0 742 681 746 682
7030 2 2 0 742 745 746 681
7031 2 2 0 743 682 747 683
7032 2 2 0 743 746 747 682
7033 2 2 0 744 748 684 683
7034 2 2 0 744 747 748 683
7035 2 2 0 745 749 685 684
7036 2 2 0 745 748 749 684
7037 2 2 0 746 750 686 685
7038 2 2 0 746 749 750 685
7039 2 2 0 747 751 687 686
7040 2 2 0 747 750 751 686
7041 2 2 0 748 752 688 687
7042 2 2 0 748 751 752 687
7043 2 2 0 749 753 689 688
7044 2 2 0 749 752 753 688
7045 2 2 0 750 753 690 689
7046 2 2 0 750 690 753 754
7047 2 2 0 751 754 691 690
7048 2 2 0 751 691 754 755
7049 2 2 0 752 755 692 691
7050 2 2 0 752 692 755 756
7051 2 2 0 753 756 693 692
7052 2 2 0 753 693 756 757
7053 2 2 0 754 757 694 693
7054 2 2 0 754 694 757 758
7055 2 2 0 755 758 695 694
7056 2 2 0 755 695 758 759
7057 2 2 0 756 759 696 695
7058 2 2 0 756 759 760 696
7059 2 2 0 757 760 697 696
7060 2 2 0 757 760 761 697
7061 2 2 0 758 761 698 697
7062 2 2 0 758 761 762 698
7063 2 2 0 759 762 699 698
7064 2 2 0 759 762 763 699
7065 2 2 0 760 763 700 699
7066 2 2 0 760 763 764 700
7067 2 2 0 761 764 701 700
7068 2 2 0 761 701 764 765
7069 2 2 0 762 765 766 2482
7070 2 2 0 762 702 701 2482
7071 2 2 0 762 701 765 2482
7072 2 2 0 762 766 702 2482
7073 2 2 0 763 767 703 702
7074 2 2 0 763 766 767 702
7075 2 2 0 764 768 704 703
7076 2 2 0 764 767 768 703
7077 2 2 0 765 705 641 704
7078 2 2 0 765 768 705 704
7079 2 2 0 766 769 706 705
7080 2 2 0 766 706 769 770
7081 2 2 0 767 770 707 706
7082 2 2 0 767 707 770 771
7083 2 2 0 768 771 708 707
7084 2 2 0 768 708 771 772
7085 2 2 0 769 772 773 2483
7086 2 2 0 769 709 708 2483
7087 2 2 0 769 708 772 2483
7088 2 2 0 769 773 709 2483
7089 2 2 0 770 773 774 2484
7090 2 2 0 770 710 709 2484
7091 2 2 0 770 709 773 2484
7092 2 2 0 770 774 710 2484
7093 2 2 0 771 710 775 711
7094 2 2 0 771 774 775 710
7095 2 2 0 772 711 776 712
7096 2 2 0 772 775 776 711
7097 2 2 0 773 712 777 713
7098 2 2 0 773 776 777 712
7099 2 2 0 774 713 778 714
7100 2 2 0 774 777 778 713
7101 2 2 0 775 714 779 715
7102 2 2 0 775 778 779 714
7103 2 2 0 776 780 716 715
7104 2 2 0 776 779 780 715
7105 2 2 0 777 781 717 716
7106 2 2 0 777 780 781 716
7107 2 2 0 778 782 718 717
7108 2 2 0 778 781 782 717
7109 2 2 0 779 783 719 718
7110 2 2 0 779 782 783 718
7111 2 2 0 780 784 720 719
7112 2 2 0 780 783 784 719
7113 2 2 0 781 785 721 720
7114 2 2 0 781 784 785 720
7115 2 2 0 782 785 722 721
7116 2 2 0 782 722 785 786
7117 2 2 0 783 786 723 722
7118 2 2 0 783 723 786 787
7119 2 2 0 784 787 724 723
7120 2 2 0 784 724 787 788
7121 2 2 0 785 788 725 724
7122 2 2 0 785 725 788 789
7123 2 2 0 786 789 726 725
7124 2 2 0 786 726 789 790
7125 2 2 0 787 790 727 726
7126 2 2 0 787 727 790 791
7127 2 2 0 788 791 728 727
7128 2 2 0 788 791 792 728
7129 2 2 0 789 792 729 728
7130 2 2 0 789 792 793 729
7131 2 2 0 790 793 730 729
7132 2 2 0 790 793 794 730
7133 2 2 0 791 794 731 730
7134 2 2 0 791 794 795 731
7135 2 2 0 792 795 732 731
7136 2 2 0 792 795 796 732
7137 2 2 0 793 796 797 2485
7138 2 2 0 793 733 732 2485
7139 2 2 0 793 732 796 2485
7140 2 2 0 793 797 733 2485
7141 2 2 0 794 797 798 2486
7142 2 2 0 794 734 733 2486
7143 2 2 0 794 733 797 2486
7144 2 2 0 794 798 734 2486
7145 2 2 0 795 799 735 734
7146 2 2 0 795 798 799 734
7147 2 2 0 796 800 736 735
7148 2 2 0 796 799 800 735
7149 2 2 0 797 801 737 736
7150 2 2 0 797 800 801 736
7151 2 2 0 798 801 738 737
7152 2 2 0 798 738 801 802
7153 2 2 0 799 802 739 738
7154 2 2 0 799 739 802 803
7155 2 2 0 800 803 740 739
7156 2 2 0 800 740 803 804
7157 2 2 0 801 804 805 2487
7158 2 2 0 801 741 740 2487
7159 2 2 0 801 740 804 2487
7160 2 2 0 801 805 741 2487
7161 2 2 0 802 805 806 2488
7162 2 2 0 802 742 741 2488
7163 2 2 0 802 741 805 2488
7164 2 2 0 802 806 742 2488
7165 2 2 0 803 742 807 743
7166 2 2 0 803 806 807 742
7167 2 2 0 804 743 808 744
7168 2 2 0 804 807 808 743
7169 2 2 0 805 744 809 745
7170 2 2 0 805 808 809 744
7171 2 2 0 806 745 810 746
7172 2 2 0 806 809 810 745
7173 2 2 0 807 746 811 747
7174 2 2 0 807 810 811 746
7175 2 2 0 808 812 748 747
7176 2 2 0 808 811 812 747
7177 2 2 0 809 813 749 748
7178 2 2 0 809 812 813 748
7179 2 2 0 810 814 750 749
7180 2 2 0 810 813 814 749
7181 2 2 0 811 815 751 750
7182 2 2 0 811 814 815 750
7183 2 2 0 812 816 752 751
7184 2 2 0 812 815 816 751
7185 2 2 0 813 817 753 752
7186 2 2 0 813 816 817 752
7187 2 2 0 814 817 754 753
7188 2 2 0 814 754 817 818
7189 2 2 0 815 818 755 754
7190 2 2 0 815 755 818 819
7191 2 2 0 816 819 756 755
7192 2 2 0 816 756 819 820
7193 2 2 0 817 820 757 756
7194 2 2 0 817 757 820 821
7195 2 2 0 818 821 758 757
7196 2 2 0 818 758 821 822
7197 2 2 0 819 822 759 758
7198 2 2 0 819 759 822 823
7199 2 2 0 820 823 760 759
7200 2 2 0 820 823 824 760
7201 2 2 0 821 824 761 760
7202 2 2 0 821 824 825 761
7203 2 2 0 822 825 762 761
7204 2 2 0 822 825 826 762
7205 2 2 0 823 826 763 762
7206 2 2 0 823 826 827 763
7207 2 2 0 824 827 764 763
7208 2 2 0 824 827 828 764
7209 2 2 0 825 828 829 2489
7210 2 2 0 825 765 764 2489
7211 2 2 0 825 764 828 2489
7212 2 2 0 825 829 765 2489
7213 2 2 0 826 829 830 2490
7214 2 2 0 826 766 765 2490
7215 2 2 0 826 765 829 2490
7216 2 2 0 826 830 766 2490
7217 2 2 0 827 831 767 766
7218 2 2 0 827 830 831 766
7219 2 2 0 828 832 768 767
7220 2 2 0 828 831 832 767
7221 2 2 0 829 769 705 768
7222 2 2 0 829 832 769 768
7223 2 2 0 830 833 770 769
7224 2 2 0 830 770 833 834
7225 2 2 0 831 834 771 770
7226 2 2 0 831 771 834 835
7227 2 2 0 832 835 772 771
7228 2 2 0 832 772 835 836
7229 2 2 0 833 836 1601 2491
7230 2 2 0 833 1601 836 837
7231 2 2 0 833 1601 773 2491
7232 2 2 0 833 773 772 2491
7233 2 2 0 833 772 836 2491
7234 2 2 0 834 1602 1601 837
7235 2 2 0 834 1602 837 838
7236 2 2 0 834 1602 774 2492
7237 2 2 0 834 773 1601 2492
7238 2 2 0 834 1601 1602 2492
7239 2 2 0 834 774 773 2492
7240 2 2 0 835 1603 775 774
7241 2 2 0 835 1602 1603 774
7242 2 2 0 835 1602 838 839
7243 2 2 0 835 1603 1602 839
7244 2 2 0 836 1604 776 775
7245 2 2 0 836 1603 1604 775
7246 2 2 0 836 1603 839 840
7247 2 2 0 836 1604 1603 840
7248 2 2 0 837 1605 777 776
7249 2 2 0 837 1604 1605 776
7250 2 2 0 837 1604 840 841
7251 2 2 0 837 1605 1604 841
7252 2 2 0 838 1606 778 777
7253 2 2 0 838 1605 1606 777
7254 2 2 0 838 1605 841 842
7255 2 2 0 838 1606 1605 842
7256 2 2 0 839 1607 779 778
7257 2 2 0 839 1606 1607 778
7258 2 2 0 839 1606 842 843
7259 2 2 0 839 1607 1606 843
7260 2 2 0 840 1607 843 844
7261 2 2 0 840 780 1607 844
7262 2 2 0 840 1607 780 779
7263 2 2 0 841 845 781 780
7264 2 2 0 841 844 845 780
7265 2 2 0 842 846 782 781
7266 2 2 0 842 845 846 781
7267 2 2 0 843 847 783 782
7268 2 2 0 843 846 847 782
7269 2 2 0 844 848 784 783
7270 2 2 0 844 847 848 783
7271 2 2 0 845 849 785 784
7272 2 2 0 845 848 849 784
7273 2 2 0 846 849 786 785
7274 2 2 0 846 786 849 850
7275 2 2 0 847 850 787 786
7276 2 2 0 847 787 850 851
7277 2 2 0 848 851 788 787
7278 2 2 0 848 788 851 852
7279 2 2 0 849 852 789 788
7280 2 2 0 849 789 852 853
7281 2 2 0 850 853 790 789
7282 2 2 0 850 790 853 854
7283 2 2 0 851 1608 854 855
7284 2 2 0 851 854 1608 790
7285 2 2 0 851 1608 791 790
7286 2 2 0 852 1608 792 791
7287 2 2 0 852 792 1608 1609
7288 2 2 0 852 1609 855 856
7289 2 2 0 852 1609 1608 855
7290 2 2 0 853 1609 793 792
7291 2 2 0 853 793 1609 1610
7292 2 2 0 853 1610 856 857
7293 2 2 0 853 1610 1609 856
7294 2 2 0 854 1610 794 793
7295 2 2 0 854 794 1610 1611
7296 2 2 0 854 1611 857 858
7297 2 2 0 854 1611 1610 857
7298 2 2 0 855 1611 795 794
7299 2 2 0 855 795 1611 1612
7300 2 2 0 855 1612 858 859
7301 2 2 0 855 1612 1611 858
7302 2 2 0 856 1612 796 795
7303 2 2 0 856 796 1612 1613
7304 2 2 0 856 1613 859 860
7305 2 2 0 856 1613 1612 859
7306 2 2 0 857 1614 1613 861
7307 2 2 0 857 1613 860 861
7308 2 2 0 857 796 1613 2493
7309 2 2 0 857 1614 797 2493
7310 2 2 0 857 1613 1614 2493
7311 2 2 0 857 797 796 2493
7312 2 2 0 858 1614 862 2494
7313 2 2 0 858 1614 861 862
7314 2 2 0 858 797 1614 2494
7315 2 2 0 858 798 797 2494
7316 2 2 0 858 862 798 2494
7317 2 2 0 859 863 799 798
7318 2 2 0 859 862 863 798
7319 2 2 0 860 864 800 799
7320 2 2 0 860 863 864 799
7321 2 2 0 861 865 801 800
7322 2 2 0 861 864 865 800
7323 2 2 0 862 865 802 801
7324 2 2 0 862 802 865 866
7325 2 2 0 863 866 803 802
7326 2 2 0 863 803 866 867
7327 2 2 0 864 867 804 803
7328 2 2 0 864 804 867 868
7329 2 2 0 865 868 1615 2495
7330 2 2 0 865 1615 868 869
7331 2 2 0 865 1615 805 2495
7332 2 2 0 865 805 804 2495
7333 2 2 0 865 804 868 2495
7334 2 2 0 866 1616 1615 869
7335 2 2 0 866 1616 869 870
7336 2 2 0 866 1616 806 2496
7337 2 2 0 866 805 1615 2496
7338 2 2 0 866 1615 1616 2496
7339 2 2 0 866 806 805 2496
7340 2 2 0 867 1617 807 806
7341 2 2 0 867 1616 1617 806
7342 2 2 0 867 1616 870 871
7343 2 2 0 867 1617 1616 871
7344 2 2 0 868 1618 808 807
7345 2 2 0 868 1617 1618 807
7346 2 2 0 868 1617 871 872
7347 2 2 0 868 1618 1617 872
7348 2 2 0 869 1619 809 808
7349 2 2 0 869 1618 1619 808
7350 2 2 0 869 1618 872 873
7351 2 2 0 869 1619 1618 873
7352 2 2 0 870 1620 810 809
7353 2 2 0 870 1619 1620 809
7354 2 2 0 870 1619 873 874
7355 2 2 0 870 1620 1619 874
7356 2 2 0 871 1621 811 810
7357 2 2 0 871 1620 1621 810
7358 2 2 0 871 1620 874 875
7359 2 2 0 871 1621 1620 875
7360 2 2 0 872 1621 875 876
7361 2 2 0 872 812 1621 876
7362 2 2 0 872 1621 812 811
7363 2 2 0 873 877 813 812
7364 2 2 0 873 876 877 812
7365 2 2 0 874 878 814 813
7366 2 2 0 874 877 878 813
7367 2 2 0 875 879 815 814
7368 2 2 0 875 878 879 814
7369 2 2 0 876 880 816 815
7370 2 2 0 876 879 880 815
7371 2 2 0 877 881 817 816
7372 2 2 0 877 880 881 816
7373 2 2 0 878 881 818 817
7374 2 2 0 878 818 881 882
7375 2 2 0 879 882 819 818
7376 2 2 0 879 819 882 883
7377 2 2 0 880 883 820 819
7378 2 2 0 880 820 883 884
7379 2 2 0 881 884 821 820
7380 2 2 0 881 821 884 885
7381 2 2 0 882 885 822 821
7382 2 2 0 882 822 885 886
7383 2 2 0 883 1622 886 887
7384 2 2 0 883 886 1622 822
7385 2 2 0 883 1622 823 822
7386 2 2 0 884 1622 824 823
7387 2 2 0 884 1623 824 1622
7388 2 2 0 884 1623 887 888
7389 2 2 0 884 1623 1622 887
7390 2 2 0 885 1623 825 824
7391 2 2 0 885 1624 825 1623
7392 2 2 0 885 1624 888 889
7393 2 2 0 885 1624 1623 888
7394 2 2 0 886 1624 826 825
7395 2 2 0 886 1625 826 1624
7396 2 2 0 886 1625 889 890
7397 2 2 0 886 1625 1624 889
7398 2 2 0 887 1625 827 826
7399 2 2 0 887 1626 827 1625
7400 2 2 0 887 1626 890 891
7401 2 2 0 887 1626 1625 890
7402 2 2 0 888 1626 828 827
7403 2 2 0 888 1627 828 1626
7404 2 2 0 888 1627 891 892
7405 2 2 0 888 1627 1626 891
7406 2 2 0 889 1628 1627 893
7407 2 2 0 889 1627 892 893
7408 2 2 0 889 828 1627 2497
7409 2 2 0 889 1628 829 2497
7410 2 2 0 889 1627 1628 2497
7411 2 2 0 889 829 828 2497
7412 2 2 0 890 1628 894 2498
7413 2 2 0 890 1628 893 894
7414 2 2 0 890 829 1628 2498
7415 2 2 0 890 830 829 2498
7416 2 2 0 890 894 830 2498
7417 2 2 0 891 895 831 830
7418 2 2 0 891 894 895 830
7419 2 2 0 892 896 832 831
7420 2 2 0 892 895 896 831
7421 2 2 0 893 833 769 832
7422 2 2 0 893 896 833 832
7423 2 2 0 894 897 834 833
7424 2 2 0 894 834 897 898
7425 2 2 0 895 1629 898 899
7426 2 2 0 895 1629 835 834
7427 2 2 0 895 898 1629 834
7428 2 2 0 896 899 900 2499
7429 2 2 0 896 1629 836 835
7430 2 2 0 896 836 1629 2499
7431 2 2 0 896 1630 836 2499
7432 2 2 0 896 900 1630 2499
7433 2 2 0 896 1629 899 2499
7434 2 2 0 897 1631 837 1630
7435 2 2 0 897 1630 837 836
7436 2 2 0 897 900 901 2500
7437 2 2 0 897 1631 1630 2500
7438 2 2 0 897 901 1631 2500
7439 2 2 0 897 1630 900 2500
7440 2 2 0 898 1632 1631 901
7441 2 2 0 898 1632 838 1631
7442 2 2 0 898 1631 838 837
7443 2 2 0 898 1632 901 902
7444 2 2 0 899 1633 839 838
7445 2 2 0 899 1632 1633 838
7446 2 2 0 899 1632 902 903
7447 2 2 0 899 1633 1632 903
7448 2 2 0 900 1634 840 839
7449 2 2 0 900 1633 1634 839
7450 2 2 0 900 1633 903 904
7451 2 2 0 900 1634 1633 904
7452 2 2 0 901 1635 841 840
7453 2 2 0 901 1634 1635 840
7454 2 2 0 901 1634 904 905
7455 2 2 0 901 1635 1634 905
7456 2 2 0 902 1636 842 841
7457 2 2 0 902 1635 1636 841
7458 2 2 0 902 1635 905 906
7459 2 2 0 902 1636 1635 906
7460 2 2 0 903 1637 843 842
7461 2 2 0 903 1636 1637 842
7462 2 2 0 903 1636 906 907
7463 2 2 0 903 1637 1636 907
7464 2 2 0 904 1637 907 908
7465 2 2 0 904 1637 1638 843
7466 2 2 0 904 1638 1637 908
7467 2 2 0 904 1638 844 843
7468 2 2 0 905 1638 908 909
7469 2 2 0 905 1638 1639 844
7470 2 2 0 905 1639 845 844
7471 2 2 0 905 1639 1638 909
7472 2 2 0 906 1639 909 910
7473 2 2 0 906 1639 846 845
7474 2 2 0 906 846 1639 910
7475 2 2 0 907 911 847 846
7476 2 2 0 907 910 911 846
7477 2 2 0 908 912 848 847
7478 2 2 0 908 911 912 847
7479 2 2 0 909 912 913 2501
7480 2 2 0 909 849 848 2501
7481 2 2 0 909 848 912 2501
7482 2 2 0 909 913 849 2501
7483 2 2 0 910 913 914 2502
7484 2 2 0 910 850 849 2502
7485 2 2 0 910 849 913 2502
7486 2 2 0 910 914 850 2502
7487 2 2 0 911 914 851 850
7488 2 2 0 911 851 914 915
7489 2 2 0 912 915 852 851
7490 2 2 0 912 852 915 916
7491 2 2 0 913 1640 916 917
7492 2 2 0 913 1640 853 852
7493 2 2 0 913 916 1640 852
7494 2 2 0 914 1641 917 918
7495 2 2 0 914 1641 854 1640
7496 2 2 0 914 1640 854 853
7497 2 2 0 914 1641 1640 917
7498 2 2 0 915 1642 918 919
7499 2 2 0 915 1642 855 1641
7500 2 2 0 915 1642 1641 918
7501 2 2 0 915 1641 855 854
7502 2 2 0 916 1642 856 855
7503 2 2 0 916 1643 856 1642
7504 2 2 0 916 1643 919 920
7505 2 2 0 916 1643 1642 919
7506 2 2 0 917 1643 857 856
7507 2 2 0 917 1644 857 1643
7508 2 2 0 917 1644 920 921
7509 2 2 0 917 1644 1643 920
7510 2 2 0 918 1644 858 857
7511 2 2 0 918 1645 858 1644
7512 2 2 0 918 1645 921 922
7513 2 2 0 918 1645 1644 921
7514 2 2 0 919 1645 859 858
7515 2 2 0 919 1646 859 1645
7516 2 2 0 919 1646 922 923
7517 2 2 0 919 1646 1645 922
7518 2 2 0 920 1646 860 859
7519 2 2 0 920 1647 860 1646
7520 2 2 0 920 1647 923 924
7521 2 2 0 920 1647 1646 923
7522 2 2 0 921 1648 1647 925
7523 2 2 0 921 1647 1648 860
7524 2 2 0 921 1648 861 860
7525 2 2 0 921 1647 924 925
7526 2 2 0 922 1648 1649 861
7527 2 2 0 922 1649 862 861
7528 2 2 0 922 925 926 2503
7529 2 2 0 922 1649 1648 2503
7530 2 2 0 922 1648 925 2503
7531 2 2 0 922 926 1649 2503
7532 2 2 0 923 926 927 2504
7533 2 2 0 923 1650 863 862
7534 2 2 0 923 1650 862 2504
7535 2 2 0 923 862 1649 2504
7536 2 2 0 923 1649 926 2504
7537 2 2 0 923 927 1650 2504
7538 2 2 0 924 1650 927 928
7539 2 2 0 924 1650 864 863
7540 2 2 0 924 864 1650 928
7541 2 2 0 925 929 865 864
7542 2 2 0 925 928 929 864
7543 2 2 0 926 929 866 865
7544 2 2 0 926 866 929 930
7545 2 2 0 927 1651 930 931
7546 2 2 0 927 1651 867 866
7547 2 2 0 927 930 1651 866
7548 2 2 0 928 931 932 2505
7549 2 2 0 928 1651 868 867
7550 2 2 0 928 868 1651 2505
7551 2 2 0 928 1652 868 2505
7552 2 2 0 928 932 1652 2505
7553 2 2 0 928 1651 931 2505
7554 2 2 0 929 1653 869 1652
7555 2 2 0 929 1652 869 868
7556 2 2 0 929 932 933 2506
7557 2 2 0 929 1653 1652 2506
7558 2 2 0 929 933 1653 2506
7559 2 2 0 929 1652 932 2506
7560 2 2 0 930 1654 1653 933
7561 2 2 0 930 1654 870 1653
7562 2 2 0 930 1653 870 869
7563 2 2 0 930 1654 933 934
7564 2 2 0 931 1655 871 870
7565 2 2 0 931 1654 1655 870
7566 2 2 0 931 1654 934 935
7567 2 2 0 931 1655 1654 935
7568 2 2 0 932 1656 872 871
7569 2 2 0 932 1655 1656 871
7570 2 2 0 932 1655 935 936
7571 2 2 0 932 1656 1655 936
7572 2 2 0 933 1657 873 872
7573 2 2 0 933 1656 1657 872
7574 2 2 0 933 1656 936 937
7575 2 2 0 933 1657 1656 937
7576 2 2 0 934 1658 874 873
7577 2 2 0 934 1657 1658 873
7578 2 2 0 934 1657 937 938
7579 2 2 0 934 1658 1657 938
7580 2 2 0 935 1659 875 874
7581 2 2 0 935 1658 1659 874
7582 2 2 0 935 1658 938 939
7583 2 2 0 935 1659 1658 939
7584 2 2 0 936 1659 939 940
7585 2 2 0 936 1659 1660 875
7586 2 2 0 936 1660 1659 940
7587 2 2 0 936 1660 876 875
7588 2 2 0 937 1660 940 941
7589 2 2 0 937 1660 1661 876
7590 2 2 0 937 1661 877 876
7591 2 2 0 937 1661 1660 941
7592 2 2 0 938 1661 941 942
7593 2 2 0 938 1661 878 877
7594 2 2 0 938 878 1661 942
7595 2 2 0 939 943 879 878
7596 2 2 0 939 942 943 878
7597 2 2 0 940 944 880 879
7598 2 2 0 940 943 944 879
7599 2 2 0 941 944 945 2507
7600 2 2 0 941 881 880 2507
7601 2 2 0 941 880 944 2507
7602 2 2 0 941 945 881 2507
7603 2 2 0 942 945 946 2508
7604 2 2 0 942 882 881 2508
7605 2 2 0 942 881 945 2508
7606 2 2 0 942 946 882 2508
7607 2 2 0 943 946 883 882
7608 2 2 0 943 883 946 947
7609 2 2 0 944 947 884 883
7610 2 2 0 944 884 947 948
7611 2 2 0 945 1662 948 949
7612 2 2 0 945 1662 885 884
7613 2 2 0 945 948 1662 884
7614 2 2 0 946 1663 949 950
7615 2 2 0 946 1663 886 1662
7616 2 2 0 946 1662 886 885
7617 2 2 0 946 1663 1662 949
7618 2 2 0 947 1664 950 951
7619 2 2 0 947 1664 887 1663
7620 2 2 0 947 1664 1663 950
7621 2 2 0 947 1663 887 886
7622 2 2 0 948 1664 888 887
7623 2 2 0 948 1665 888 1664
7624 2 2 0 948 1665 951 952
7625 2 2 0 948 1665 1664 951
7626 2 2 0 949 1665 889 888
7627 2 2 0 949 1666 889 1665
7628 2 2 0 949 1666 952 953
7629 2 2 0 949 1666 1665 952
7630 2 2 0 950 1666 890 889
7631 2 2 0 950 1667 890 1666
7632 2 2 0 950 1667 953 954
7633 2 2 0 950 1667 1666 953
7634 2 2 0 951 1667 891 890
7635 2 2 0 951 1668 891 1667
7636 2 2 0 951 1668 954 955
7637 2 2 0 951 1668 1667 954
7638 2 2 0 952 1668 892 891
7639 2 2 0 952 1669 892 1668
7640 2 2 0 952 1669 955 956
7641 2 2 0 952 1669 1668 955
7642 2 2 0 953 1670 1669 957
7643 2 2 0 953 1669 1670 892
7644 2 2 0 953 1670 893 892
7645 2 2 0 953 1669 956 957
7646 2 2 0 954 1670 1671 893
7647 2 2 0 954 1671 894 893
7648 2 2 0 954 957 958 2509
7649 2 2 0 954 1671 1670 2509
7650 2 2 0 954 1670 957 2509
7651 2 2 0 954 958 1671 2509
7652 2 2 0 955 958 959 2510
7653 2 2 0 955 1672 895 894
7654 2 2 0 955 1672 894 2510
7655 2 2 0 955 894 1671 2510
7656 2 2 0 955 1671 958 2510
7657 2 2 0 955 959 1672 2510
7658 2 2 0 956 1672 959 960
7659 2 2 0 956 1672 896 895
7660 2 2 0 956 896 1672 960
7661 2 2 0 957 897 833 896
7662 2 2 0 957 960 897 896
7663 2 2 0 958 961 962 2511
7664 2 2 0 958 898 897 2512
7665 2 2 0 958 962 1674 2511
7666 2 2 0 958 897 1673 2512
7667 2 2 0 958 1673 961 2511
7668 2 2 0 958 1674 898 2512
7669 2 2 0 958 1673 2511 2512
7670 2 2 0 958 2511 1674 2512
7671 2 2 0 959 899 1674 2513
7672 2 2 0 959 1675 899 2513
7673 2 2 0 959 963 1675 2513
7674 2 2 0 959 1674 962 2513
7675 2 2 0 959 962 963 2513
7676 2 2 0 959 1674 899 898
7677 2 2 0 960 900 1675 2514
7678 2 2 0 960 964 1676 2514
7679 2 2 0 960 1676 900 2514
7680 2 2 0 960 1675 963 2514
7681 2 2 0 960 963 964 2514
7682 2 2 0 960 1675 900 899
7683 2 2 0 961 901 900 2516
7684 2 2 0 961 965 1677 2515
7685 2 2 0 961 900 1676 2516
7686 2 2 0 961 1677 901 2516
7687 2 2 0 961 1676 964 2515
7688 2 2 0 961 2515 1677 2516
7689 2 2 0 961 1676 2515 2516
7690 2 2 0 961 964 965 2515
7691 2 2 0 962 1677 902 901
7692 2 2 0 962 902 1677 2517
7693 2 2 0 962 1678 902 2517
7694 2 2 0 962 966 1678 2517
7695 2 2 0 962 1677 965 2517
7696 2 2 0 962 965 966 2517
7697 2 2 0 963 1679 903 902
7698 2 2 0 963 1678 1679 902
7699 2 2 0 963 1678 966 967
7700 2 2 0 963 1679 1678 967
7701 2 2 0 964 1680 904 903
7702 2 2 0 964 1679 1680 903
7703 2 2 0 964 1679 967 968
7704 2 2 0 964 1680 1679 968
7705 2 2 0 965 1681 905 904
7706 2 2 0 965 1680 1681 904
7707 2 2 0 965 1680 968 969
7708 2 2 0 965 1681 1680 969
7709 2 2 0 966 1682 906 905
7710 2 2 0 966 1681 1682 905
7711 2 2 0 966 1681 969 970
7712 2 2 0 966 1682 1681 970
7713 2 2 0 967 1683 907 906
7714 2 2 0 967 1682 1683 906
7715 2 2 0 967 1682 970 971
7716 2 2 0 967 1683 1682 971
7717 2 2 0 968 1684 1683 972
7718 2 2 0 968 1683 1684 907
7719 2 2 0 968 1684 908 907
7720 2 2 0 968 1683 971 972
7721 2 2 0 969 1684 972 973
7722 2 2 0 969 1685 1684 973
7723 2 2 0 969 1684 1685 908
7724 2 2 0 969 1685 909 908
7725 2 2 0 970 1685 973 974
7726 2 2 0 970 1686 1685 974
7727 2 2 0 970 1685 1686 909
7728 2 2 0 970 1686 910 909
7729 2 2 0 971 1686 974 975
7730 2 2 0 971 1687 1686 975
7731 2 2 0 971 1686 1687 910
7732 2 2 0 971 1687 911 910
7733 2 2 0 972 1687 976 2518
7734 2 2 0 972 1687 975 976
7735 2 2 0 972 911 1687 2518
7736 2 2 0 972 912 911 2518
7737 2 2 0 972 976 912 2518
7738 2 2 0 973 913 912 2519
7739 2 2 0 973 976 977 2519
7740 2 2 0 973 912 976 2519
7741 2 2 0 973 977 913 2519
7742 2 2 0 974 914 913 2520
7743 2 2 0 974 977 978 2520
7744 2 2 0 974 913 977 2520
7745 2 2 0 974 978 914 2520
7746 2 2 0 975 978 1688 2521
7747 2 2 0 975 1688 978 979
7748 2 2 0 975 1688 915 2521
7749 2 2 0 975 915 914 2521
7750 2 2 0 975 914 978 2521
7751 2 2 0 976 1689 979 980
7752 2 2 0 976 1689 1688 979
7753 2 2 0 976 1689 916 1688
7754 2 2 0 976 1688 916 915
7755 2 2 0 977 1690 980 981
7756 2 2 0 977 1690 1689 980
7757 2 2 0 977 1690 917 1689
7758 2 2 0 977 1689 917 916
7759 2 2 0 978 1691 981 982
7760 2 2 0 978 1691 1690 981
7761 2 2 0 978 1691 918 1690
7762 2 2 0 978 1690 918 917
7763 2 2 0 979 1692 1691 982
7764 2 2 0 979 1692 919 1691
7765 2 2 0 979 1691 919 918
7766 2 2 0 979 1692 982 983
7767 2 2 0 980 1692 920 919
7768 2 2 0 980 1693 920 1692
7769 2 2 0 980 1693 983 984
7770 2 2 0 980 1693 1692 983
7771 2 2 0 981 1693 921 920
7772 2 2 0 981 1694 921 1693
7773 2 2 0 981 1694 984 985
7774 2 2 0 981 1694 1693 984
7775 2 2 0 982 1694 922 921
7776 2 2 0 982 1695 922 1694
7777 2 2 0 982 1695 985 986
7778 2 2 0 982 1695 1694 985
7779 2 2 0 983 1695 923 922
7780 2 2 0 983 1696 923 1695
7781 2 2 0 983 1696 986 987
7782 2 2 0 983 1696 1695 986
7783 2 2 0 984 1696 924 923
7784 2 2 0 984 1697 924 1696
7785 2 2 0 984 1697 987 988
7786 2 2 0 984 1697 1696 987
7787 2 2 0 985 1698 925 924
7788 2 2 0 985 1698 924 2522
7789 2 2 0 985 924 1697 2522
7790 2 2 0 985 1697 988 2522
7791 2 2 0 985 989 1698 2522
7792 2 2 0 985 988 989 2522
7793 2 2 0 986 926 925 2524
7794 2 2 0 986 1698 989 2523
7795 2 2 0 986 1699 926 2524
7796 2 2 0 986 925 1698 2524
7797 2 2 0 986 990 1699 2523
7798 2 2 0 986 1698 2523 2524
7799 2 2 0 986 2523 1699 2524
7800 2 2 0 986 989 990 2523
7801 2 2 0 987 1700 926 2525
7802 2 2 0 987 1699 990 2525
7803 2 2 0 987 926 1699 2525
7804 2 2 0 987 991 1700 2525
7805 2 2 0 987 990 991 2525
7806 2 2 0 987 1700 927 926
7807 2 2 0 988 1701 927 2526
7808 2 2 0 988 927 1700 2526
7809 2 2 0 988 1700 991 2526
7810 2 2 0 988 992 1701 2526
7811 2 2 0 988 991 992 2526
7812 2 2 0 988 1701 928 927
7813 2 2 0 989 992 993 2527
7814 2 2 0 989 929 928 2528
7815 2 2 0 989 1701 992 2527
7816 2 2 0 989 1702 929 2528
7817 2 2 0 989 993 1702 2527
7818 2 2 0 989 928 1701 2528
7819 2 2 0 989 2527 1702 2528
7820 2 2 0 989 1701 2527 2528
7821 2 2 0 990 993 994 2529
7822 2 2 0 990 930 929 2530
7823 2 2 0 990 994 1703 2529
7824 2 2 0 990 929 1702 2530
7825 2 2 0 990 1702 993 2529
7826 2 2 0 990 1703 930 2530
7827 2 2 0 990 1702 2529 2530
7828 2 2 0 990 2529 1703 2530
7829 2 2 0 991 931 1703 2531
7830 2 2 0 991 1704 931 2531
7831 2 2 0 991 995 1704 2531
7832 2 2 0 991 1703 994 2531
7833 2 2 0 991 994 995 2531
7834 2 2 0 991 1703 931 930
7835 2 2 0 992 932 1704 2532
7836 2 2 0 992 996 1705 2532
7837 2 2 0 992 1705 932 2532
7838 2 2 0 992 1704 995 2532
7839 2 2 0 992 995 996 2532
7840 2 2 0 992 1704 932 931
7841 2 2 0 993 933 932 2534
7842 2 2 0 993 997 1706 2533
7843 2 2 0 993 932 1705 2534
7844 2 2 0 993 1706 933 2534
7845 2 2 0 993 1705 996 2533
7846 2 2 0 993 2533 1706 2534
7847 2 2 0 993 1705 2533 2534
7848 2 2 0 993 996 997 2533
7849 2 2 0 994 1706 934 933
7850 2 2 0 994 934 1706 2535
7851 2 2 0 994 1707 934 2535
7852 2 2 0 994 998 1707 2535
7853 2 2 0 994 1706 997 2535
7854 2 2 0 994 997 998 2535
7855 2 2 0 995 1708 935 934
7856 2 2 0 995 1707 1708 934
7857 2 2 0 995 1707 998 999
7858 2 2 0 995 1708 1707 999
7859 2 2 0 996 1709 936 935
7860 2 2 0 996 1708 1709 935
7861 2 2 0 996 1708 999 1000
7862 2 2 0 996 1709 1708 1000
7863 2 2 0 997 1710 937 936
7864 2 2 0 997 1709 1710 936
7865 2 2 0 997 1709 1000 1001
7866 2 2 0 997 1710 1709 1001
7867 2 2 0 998 1711 938 937
7868 2 2 0 998 1710 1711 937
7869 2 2 0 998 1710 1001 1002
7870 2 2 0 998 1711 1710 1002
7871 2 2 0 999 1712 939 938
7872 2 2 0 999 1711 1712 938
7873 2 2 0 999 1711 1002 1003
7874 2 2 0 999 1712 1711 1003
7875 2 2 0 1000 1713 1712 1004
7876 2 2 0 1000 1712 1713 939
7877 2 2 0 1000 1713 940 939
7878 2 2 0 1000 1712 1003 1004
7879 2 2 0 1001 1713 1004 1005
7880 2 2 0 1001 1714 1713 1005
7881 2 2 0 1001 1713 1714 940
7882 2 2 0 1001 1714 941 940
7883 2 2 0 1002 1714 1005 1006
7884 2 2 0 1002 1715 1714 1006
7885 2 2 0 1002 1714 1715 941
7886 2 2 0 1002 1715 942 941
7887 2 2 0 1003 1715 1006 1007
7888 2 2 0 1003 1716 1715 1007
7889 2 2 0 1003 1715 1716 942
7890 2 2 0 1003 1716 943 942
7891 2 2 0 1004 1716 1008 2536
7892 2 2 0 1004 1716 1007 1008
7893 2 2 0 1004 943 1716 2536
7894 2 2 0 1004 944 943 2536
7895 2 2 0 1004 1008 944 2536
7896 2 2 0 1005 945 944 2537
7897 2 2 0 1005 1008 1009 2537
7898 2 2 0 1005 944 1008 2537
7899 2 2 0 1005 1009 945 2537
7900 2 2 0 1006 946 945 2538
7901 2 2 0 1006 1009 1010 2538
7902 2 2 0 1006 945 1009 2538
7903 2 2 0 1006 1010 946 2538
7904 2 2 0 1007 1010 1717 2539
7905 2 2 0 1007 1717 1010 1011
7906 2 2 0 1007 1717 947 2539
7907 2 2 0 1007 947 946 2539
7908 2 2 0 1007 946 1010 2539
7909 2 2 0 1008 1718 1011 1012
7910 2 2 0 1008 1718 1717 1011
7911 2 2 0 1008 1718 948 1717
7912 2 2 0 1008 1717 948 947
7913 2 2 0 1009 1719 1012 1013
7914 2 2 0 1009 1719 1718 1012
7915 2 2 0 1009 1719 949 1718
7916 2 2 0 1009 1718 949 948
7917 2 2 0 1010 1720 1013 1014
7918 2 2 0 1010 1720 1719 1013
7919 2 2 0 1010 1720 950 1719
7920 2 2 0 1010 1719 950 949
7921 2 2 0 1011 1721 1720 1014
7922 2 2 0 1011 1721 951 1720
7923 2 2 0 1011 1720 951 950
7924 2 2 0 1011 1721 1014 1015
7925 2 2 0 1012 1721 952 951
7926 2 2 0 1012 1722 952 1721
7927 2 2 0 1012 1722 1015 1016
7928 2 2 0 1012 1722 1721 1015
7929 2 2 0 1013 1722 953 952
7930 2 2 0 1013 1723 953 1722
7931 2 2 0 1013 1723 1016 1017
7932 2 2 0 1013 1723 1722 1016
7933 2 2 0 1014 1723 954 953
7934 2 2 0 1014 1724 954 1723
7935 2 2 0 1014 1724 1017 1018
7936 2 2 0 1014 1724 1723 1017
7937 2 2 0 1015 1724 955 954
7938 2 2 0 1015 1725 955 1724
7939 2 2 0 1015 1725 1018 1019
7940 2 2 0 1015 1725 1724 1018
7941 2 2 0 1016 1725 956 955
7942 2 2 0 1016 1726 956 1725
7943 2 2 0 1016 1726 1019 1020
7944 2 2 0 1016 1726 1725 1019
7945 2 2 0 1017 1727 957 956
7946 2 2 0 1017 1727 956 2540
7947 2 2 0 1017 956 1726 2540
7948 2 2 0 1017 1726 1020 2540
7949 2 2 0 1017 1021 1727 2540
7950 2 2 0 1017 1020 1021 2540
7951 2 2 0 1018 958 957 2542
7952 2 2 0 1018 1727 1021 2541
7953 2 2 0 1018 1728 958 2542
7954 2 2 0 1018 957 1727 2542
7955 2 2 0 1018 1022 1728 2541
7956 2 2 0 1018 1727 2541 2542
7957 2 2 0 1018 2541 1728 2542
7958 2 2 0 1018 1021 1022 2541
7959 2 2 0 1019 1729 958 2543
7960 2 2 0 1019 1728 1022 2543
7961 2 2 0 1019 958 1728 2543
7962 2 2 0 1019 1023 1729 2543
7963 2 2 0 1019 1022 1023 2543
7964 2 2 0 1019 1729 959 958
7965 2 2 0 1020 1730 959 2544
7966 2 2 0 1020 959 1729 2544
7967 2 2 0 1020 1729 1023 2544
7968 2 2 0 1020 1024 1730 2544
7969 2 2 0 1020 1023 1024 2544
7970 2 2 0 1020 1730 960 959
7971 2 2 0 1021 1024 961 2545
7972 2 2 0 1021 897 960 2546
7973 2 2 0 1021 1730 1024 2545
7974 2 2 0 1021 1673 897 2546
7975 2 2 0 1021 961 1673 2545
7976 2 2 0 1021 960 1730 2546
7977 2 2 0 1021 2545 1673 2546
7978 2 2 0 1021 1730 2545 2546
7979 2 2 0 1022 962 961 2548
7980 2 2 0 1022 1026 1732 2547
7981 2 2 0 1022 961 1731 2548
7982 2 2 0 1022 1731 1025 2547
7983 2 2 0 1022 1732 962 2548
7984 2 2 0 1022 2547 1732 2548
7985 2 2 0 1022 1731 2547 2548
7986 2 2 0 1022 1025 1026 2547
7987 2 2 0 1023 1027 1733 2549
7988 2 2 0 1023 1733 963 2550
7989 2 2 0 1023 962 1732 2550
7990 2 2 0 1023 2549 1733 2550
7991 2 2 0 1023 1732 1026 2549
7992 2 2 0 1023 1732 2549 2550
7993 2 2 0 1023 963 962 2550
7994 2 2 0 1023 1026 1027 2549
7995 2 2 0 1024 1734 1798 1028
7996 2 2 0 1024 1734 964 2551
7997 2 2 0 1024 1733 1027 2551
7998 2 2 0 1024 1027 1798 2551
7999 2 2 0 1024 1798 1734 2551
8000 2 2 0 1024 1733 964 963
8001 2 2 0 1024 964 1733 2551
8002 2 2 0 1025 1735 1800 1029
8003 2 2 0 1025 1735 965 2552
8004 2 2 0 1025 1734 1028 2552
8005 2 2 0 1025 1028 1800 2552
8006 2 2 0 1025 1800 1735 2552
8007 2 2 0 1025 1734 965 964
8008 2 2 0 1025 965 1734 2552
8009 2 2 0 1026 1736 1802 1030
8010 2 2 0 1026 2553 1736 2554
8011 2 2 0 1026 1736 966 2554
8012 2 2 0 1026 1802 1736 2553
8013 2 2 0 1026 1735 1029 2553
8014 2 2 0 1026 965 1735 2554
8015 2 2 0 1026 1029 1802 2553
8016 2 2 0 1026 1735 2553 2554
8017 2 2 0 1026 966 965 2554
8018 2 2 0 1027 1737 967 966
8019 2 2 0 1027 1736 1737 966
8020 2 2 0 1027 1736 1030 1031
8021 2 2 0 1027 1737 1736 1031
8022 2 2 0 1028 1738 968 967
8023 2 2 0 1028 1737 1738 967
8024 2 2 0 1028 1737 1031 1032
8025 2 2 0 1028 1738 1737 1032
8026 2 2 0 1029 1739 969 968
8027 2 2 0 1029 1738 1739 968
8028 2 2 0 1029 1738 1032 1033
8029 2 2 0 1029 1739 1738 1033
8030 2 2 0 1030 1740 970 969
8031 2 2 0 1030 1739 1740 969
8032 2 2 0 1030 1739 1033 1034
8033 2 2 0 1030 1740 1739 1034
8034 2 2 0 1031 1741 971 970
8035 2 2 0 1031 1740 1741 970
8036 2 2 0 1031 1740 1034 1035
8037 2 2 0 1031 1741 1740 1035
8038 2 2 0 1032 1809 1741 1035
8039 2 2 0 1032 1742 971 2555
8040 2 2 0 1032 1741 1809 2555
8041 2 2 0 1032 1809 1036 2555
8042 2 2 0 1032 971 1741 2555
8043 2 2 0 1032 1036 1742 2555
8044 2 2 0 1032 1742 972 971
8045 2 2 0 1033 1743 973 972
8046 2 2 0 1033 1743 972 2556
8047 2 2 0 1033 972 1742 2556
8048 2 2 0 1033 1037 1743 2556
8049 2 2 0 1033 1036 1037 2556
8050 2 2 0 1033 1742 1036 2556
8051 2 2 0 1034 1744 974 973
8052 2 2 0 1034 1744 973 2557
8053 2 2 0 1034 1743 1037 2557
8054 2 2 0 1034 973 1743 2557
8055 2 2 0 1034 1038 1744 2557
8056 2 2 0 1034 1037 1038 2557
8057 2 2 0 1035 975 974 2559
8058 2 2 0 1035 1744 1038 2558
8059 2 2 0 1035 1745 975 2559
8060 2 2 0 1035 974 1744 2559
8061 2 2 0 1035 1039 1745 2558
8062 2 2 0 1035 1744 2558 2559
8063 2 2 0 1035 2558 1745 2559
8064 2 2 0 1035 1038 1039 2558
8065 2 2 0 1036 976 975 2561
8066 2 2 0 1036 1745 1039 2560
8067 2 2 0 1036 1746 976 2561
8068 2 2 0 1036 1040 1746 2560
8069 2 2 0 1036 975 1745 2561
8070 2 2 0 1036 2560 1746 2561
8071 2 2 0 1036 1745 2560 2561
8072 2 2 0 1036 1039 1040 2560
8073 2 2 0 1037 977 976 2563
8074 2 2 0 1037 1041 1747 2562
8075 2 2 0 1037 2562 1747 2563
8076 2 2 0 1037 1746 1040 2562
8077 2 2 0 1037 1747 977 2563
8078 2 2 0 1037 1746 2562 2563
8079 2 2 0 1037 976 1746 2563
8080 2 2 0 1037 1040 1041 2562
8081 2 2 0 1038 978 977 2565
8082 2 2 0 1038 1747 1041 2564
8083 2 2 0 1038 1747 2564 2565
8084 2 2 0 1038 1042 1748 2564
8085 2 2 0 1038 977 1747 2565
8086 2 2 0 1038 2564 1748 2565
8087 2 2 0 1038 1748 978 2565
8088 2 2 0 1038 1041 1042 2564
8089 2 2 0 1039 979 978 2567
8090 2 2 0 1039 1043 1749 2566
8091 2 2 0 1039 978 1748 2567
8092 2 2 0 1039 1748 1042 2566
8093 2 2 0 1039 1749 979 2567
8094 2 2 0 1039 1748 2566 2567
8095 2 2 0 1039 2566 1749 2567
8096 2 2 0 1039 1042 1043 2566
8097 2 2 0 1040 980 979 2569
8098 2 2 0 1040 1044 1750 2568
8099 2 2 0 1040 979 1749 2569
8100 2 2 0 1040 1750 980 2569
8101 2 2 0 1040 1749 1043 2568
8102 2 2 0 1040 2568 1750 2569
8103 2 2 0 1040 1749 2568 2569
8104 2 2 0 1040 1043 1044 2568
8105 2 2 0 1041 1750 981 980
8106 2 2 0 1041 981 1750 2570
8107 2 2 0 1041 1045 1751 2570
8108 2 2 0 1041 1751 981 2570
8109 2 2 0 1041 1750 1044 2570
8110 2 2 0 1041 1044 1045 2570
8111 2 2 0 1042 1751 982 981
8112 2 2 0 1042 982 1751 2571
8113 2 2 0 1042 1752 982 2571
8114 2 2 0 1042 1751 1045 2571
8115 2 2 0 1042 1045 1046 2571
8116 2 2 0 1042 1046 1752 2571
8117 2 2 0 1043 1753 1821 1047
8118 2 2 0 1043 983 1752 2572
8119 2 2 0 1043 1821 1753 2572
8120 2 2 0 1043 1046 1821 2572
8121 2 2 0 1043 1753 983 2572
8122 2 2 0 1043 1752 1046 2572
8123 2 2 0 1043 1752 983 982
8124 2 2 0 1044 1753 984 983
8125 2 2 0 1044 1754 984 1753
8126 2 2 0 1044 1754 1047 1048
8127 2 2 0 1044 1754 1753 1047
8128 2 2 0 1045 1754 985 984
8129 2 2 0 1045 1755 985 1754
8130 2 2 0 1045 1755 1048 1049
8131 2 2 0 1045 1755 1754 1048
8132 2 2 0 1046 1755 986 985
8133 2 2 0 1046 1756 986 1755
8134 2 2 0 1046 1756 1049 1050
8135 2 2 0 1046 1756 1755 1049
8136 2 2 0 1047 1756 987 986
8137 2 2 0 1047 1757 987 1756
8138 2 2 0 1047 1757 1050 1051
8139 2 2 0 1047 1757 1756 1050
8140 2 2 0 1048 1757 988 987
8141 2 2 0 1048 1758 988 1757
8142 2 2 0 1048 1758 1051 1052
8143 2 2 0 1048 1758 1757 1051
8144 2 2 0 1049 1828 1758 1052
8145 2 2 0 1049 1758 2573 2574
8146 2 2 0 1049 988 1758 2574
8147 2 2 0 1049 1758 1828 2573
8148 2 2 0 1049 1053 1759 2573
8149 2 2 0 1049 1759 989 2574
8150 2 2 0 1049 1828 1053 2573
8151 2 2 0 1049 2573 1759 2574
8152 2 2 0 1049 989 988 2574
8153 2 2 0 1050 1830 1759 1053
8154 2 2 0 1050 989 1759 2575
8155 2 2 0 1050 1054 1760 2575
8156 2 2 0 1050 1830 1054 2575
8157 2 2 0 1050 1759 1830 2575
8158 2 2 0 1050 1760 990 989
8159 2 2 0 1050 1760 989 2575
8160 2 2 0 1051 1832 1760 1054
8161 2 2 0 1051 990 1760 2576
8162 2 2 0 1051 1055 1761 2576
8163 2 2 0 1051 1832 1055 2576
8164 2 2 0 1051 1760 1832 2576
8165 2 2 0 1051 1761 991 990
8166 2 2 0 1051 1761 990 2576
8167 2 2 0 1052 1761 1055 2577
8168 2 2 0 1052 991 1761 2578
8169 2 2 0 1052 1762 992 2578
8170 2 2 0 1052 1761 2577 2578
8171 2 2 0 1052 1056 1762 2577
8172 2 2 0 1052 2577 1762 2578
8173 2 2 0 1052 992 991 2578
8174 2 2 0 1052 1055 1056 2577
8175 2 2 0 1053 993 992 2580
8176 2 2 0 1053 1762 1056 2579
8177 2 2 0 1053 1763 993 2580
8178 2 2 0 1053 1057 1763 2579
8179 2 2 0 1053 992 1762 2580
8180 2 2 0 1053 1762 2579 2580
8181 2 2 0 1053 2579 1763 2580
8182 2 2 0 1053 1056 1057 2579
8183 2 2 0 1054 994 993 2582
8184 2 2 0 1054 1058 1764 2581
8185 2 2 0 1054 993 1763 2582
8186 2 2 0 1054 1763 1057 2581
8187 2 2 0 1054 1764 994 2582
8188 2 2 0 1054 2581 1764 2582
8189 2 2 0 1054 1763 2581 2582
8190 2 2 0 1054 1057 1058 2581
8191 2 2 0 1055 1059 1765 2583
8192 2 2 0 1055 1765 995 2584
8193 2 2 0 1055 994 1764 2584
8194 2 2 0 1055 2583 1765 2584
8195 2 2 0 1055 1764 1058 2583
8196 2 2 0 1055 1764 2583 2584
8197 2 2 0 1055 995 994 2584
8198 2 2 0 1055 1058 1059 2583
8199 2 2 0 1056 1766 1838 1060
8200 2 2 0 1056 1766 996 2585
8201 2 2 0 1056 1765 1059 2585
8202 2 2 0 1056 1059 1838 2585
8203 2 2 0 1056 1838 1766 2585
8204 2 2 0 1056 1765 996 995
8205 2 2 0 1056 996 1765 2585
8206 2 2 0 1057 1767 1840 1061
8207 2 2 0 1057 1767 997 2586
8208 2 2 0 1057 1766 1060 2586
8209 2 2 0 1057 1060 1840 2586
8210 2 2 0 1057 1840 1767 2586
8211 2 2 0 1057 1766 997 996
8212 2 2 0 1057 997 1766 2586
8213 2 2 0 1058 1768 1842 1062
8214 2 2 0 1058 2587 1768 2588
8215 2 2 0 1058 1768 998 2588
8216 2 2 0 1058 1842 1768 2587
8217 2 2 0 1058 1767 1061 2587
8218 2 2 0 1058 997 1767 2588
8219 2 2 0 1058 1061 1842 2587
8220 2 2 0 1058 1767 2587 2588
8221 2 2 0 1058 998 997 2588
8222 2 2 0 1059 1769 999 998
8223 2 2 0 1059 1768 1769 998
8224 2 2 0 1059 1768 1062 1063
8225 2 2 0 1059 1769 1768 1063
8226 2 2 0 1060 1770 1000 999
8227 2 2 0 1060 1769 1770 999
8228 2 2 0 1060 1769 1063 1064
8229 2 2 0 1060 1770 1769 1064
8230 2 2 0 1061 1771 1001 1000
8231 2 2 0 1061 1770 1771 1000
8232 2 2 0 1061 1770 1064 1065
8233 2 2 0 1061 1771 1770 1065
8234 2 2 0 1062 1772 1002 1001
8235 2 2 0 1062 1771 1772 1001
8236 2 2 0 1062 1771 1065 1066
8237 2 2 0 1062 1772 1771 1066
8238 2 2 0 1063 1773 1003 1002
8239 2 2 0 1063 1772 1773 1002
8240 2 2 0 1063 1772 1066 1067
8241 2 2 0 1063 1773 1772 1067
8242 2 2 0 1064 1849 1773 1067
8243 2 2 0 1064 1774 1003 2589
8244 2 2 0 1064 1773 1849 2589
8245 2 2 0 1064 1849 1068 2589
8246 2 2 0 1064 1003 1773 2589
8247 2 2 0 1064 1068 1774 2589
8248 2 2 0 1064 1774 1004 1003
8249 2 2 0 1065 1775 1005 1004
8250 2 2 0 1065 1775 1004 2590
8251 2 2 0 1065 1004 1774 2590
8252 2 2 0 1065 1069 1775 2590
8253 2 2 0 1065 1068 1069 2590
8254 2 2 0 1065 1774 1068 2590
8255 2 2 0 1066 1776 1006 1005
8256 2 2 0 1066 1776 1005 2591
8257 2 2 0 1066 1775 1069 2591
8258 2 2 0 1066 1005 1775 2591
8259 2 2 0 1066 1070 1776 2591
8260 2 2 0 1066 1069 1070 2591
8261 2 2 0 1067 1007 1006 2593
8262 2 2 0 1067 1776 1070 2592
8263 2 2 0 1067 1777 1007 2593
8264 2 2 0 1067 1006 1776 2593
8265 2 2 0 1067 1071 1777 2592
8266 2 2 0 1067 1776 2592 2593
8267 2 2 0 1067 2592 1777 2593
8268 2 2 0 1067 1070 1071 2592
8269 2 2 0 1068 1008 1007 2595
8270 2 2 0 1068 1777 1071 2594
8271 2 2 0 1068 1778 1008 2595
8272 2 2 0 1068 1072 1778 2594
8273 2 2 0 1068 1007 1777 2595
8274 2 2 0 1068 2594 1778 2595
8275 2 2 0 1068 1777 2594 2595
8276 2 2 0 1068 1071 1072 2594
8277 2 2 0 1069 1009 1008 2597
8278 2 2 0 1069 1073 1779 2596
8279 2 2 0 1069 2596 1779 2597
8280 2 2 0 1069 1778 1072 2596
8281 2 2 0 1069 1779 1009 2597
8282 2 2 0 1069 1778 2596 2597
8283 2 2 0 1069 1008 1778 2597
8284 2 2 0 1069 1072 1073 2596
8285 2 2 0 1070 1010 1009 2599
8286 2 2 0 1070 1779 1073 2598
8287 2 2 0 1070 1779 2598 2599
8288 2 2 0 1070 1074 1780 2598
8289 2 2 0 1070 1009 1779 2599
8290 2 2 0 1070 2598 1780 2599
8291 2 2 0 1070 1780 1010 2599
8292 2 2 0 1070 1073 1074 2598
8293 2 2 0 1071 1011 1010 2601
8294 2 2 0 1071 1075 1781 2600
8295 2 2 0 1071 1010 1780 2601
8296 2 2 0 1071 1780 1074 2600
8297 2 2 0 1071 1781 1011 2601
8298 2 2 0 1071 1780 2600 2601
8299 2 2 0 1071 2600 1781 2601
8300 2 2 0 1071 1074 1075 2600
8301 2 2 0 1072 1012 1011 2603
8302 2 2 0 1072 1076 1782 2602
8303 2 2 0 1072 1011 1781 2603
8304 2 2 0 1072 1782 1012 2603
8305 2 2 0 1072 1781 1075 2602
8306 2 2 0 1072 2602 1782 2603
8307 2 2 0 1072 1781 2602 2603
8308 2 2 0 1072 1075 1076 2602
8309 2 2 0 1073 1782 1013 1012
8310 2 2 0 1073 1013 1782 2604
8311 2 2 0 1073 1077 1783 2604
8312 2 2 0 1073 1783 1013 2604
8313 2 2 0 1073 1782 1076 2604
8314 2 2 0 1073 1076 1077 2604
8315 2 2 0 1074 1783 1014 1013
8316 2 2 0 1074 1014 1783 2605
8317 2 2 0 1074 1784 1014 2605
8318 2 2 0 1074 1783 1077 2605
8319 2 2 0 1074 1077 1078 2605
8320 2 2 0 1074 1078 1784 2605
8321 2 2 0 1075 1785 1861 1079
8322 2 2 0 1075 1015 1784 2606
8323 2 2 0 1075 1861 1785 2606
8324 2 2 0 1075 1078 1861 2606
8325 2 2 0 1075 1785 1015 2606
8326 2 2 0 1075 1784 1078 2606
8327 2 2 0 1075 1784 1015 1014
8328 2 2 0 1076 1785 1016 1015
8329 2 2 0 1076 1786 1016 1785
8330 2 2 0 1076 1786 1079 1080
8331 2 2 0 1076 1786 1785 1079
8332 2 2 0 1077 1786 1017 1016
8333 2 2 0 1077 1787 1017 1786
8334 2 2 0 1077 1787 1080 1081
8335 2 2 0 1077 1787 1786 1080
8336 2 2 0 1078 1787 1018 1017
8337 2 2 0 1078 1788 1018 1787
8338 2 2 0 1078 1788 1081 1082
8339 2 2 0 1078 1788 1787 1081
8340 2 2 0 1079 1788 1019 1018
8341 2 2 0 1079 1789 1019 1788
8342 2 2 0 1079 1789 1082 1083
8343 2 2 0 1079 1789 1788 1082
8344 2 2 0 1080 1789 1020 1019
8345 2 2 0 1080 1790 1020 1789
8346 2 2 0 1080 1790 1083 1084
8347 2 2 0 1080 1790 1789 1083
8348 2 2 0 1081 1868 1790 1084
8349 2 2 0 1081 1790 2607 2608
8350 2 2 0 1081 1020 1790 2608
8351 2 2 0 1081 1790 1868 2607
8352 2 2 0 1081 1085 1791 2607
8353 2 2 0 1081 1791 1021 2608
8354 2 2 0 1081 1868 1085 2607
8355 2 2 0 1081 2607 1791 2608
8356 2 2 0 1081 1021 1020 2608
8357 2 2 0 1082 1870 1791 1085
8358 2 2 0 1082 1021 1791 2609
8359 2 2 0 1082 1086 1792 2609
8360 2 2 0 1082 1870 1086 2609
8361 2 2 0 1082 1791 1870 2609
8362 2 2 0 1082 1792 1022 1021
8363 2 2 0 1082 1792 1021 2609
8364 2 2 0 1083 1872 1792 1086
8365 2 2 0 1083 1022 1792 2610
8366 2 2 0 1083 1087 1793 2610
8367 2 2 0 1083 1872 1087 2610
8368 2 2 0 1083 1792 1872 2610
8369 2 2 0 1083 1793 1023 1022
8370 2 2 0 1083 1793 1022 2610
8371 2 2 0 1084 1793 1087 2611
8372 2 2 0 1084 1023 1793 2612
8373 2 2 0 1084 1794 1024 2612
8374 2 2 0 1084 1793 2611 2612
8375 2 2 0 1084 1088 1794 2611
8376 2 2 0 1084 2611 1794 2612
8377 2 2 0 1084 1024 1023 2612
8378 2 2 0 1084 1087 1088 2611
8379 2 2 0 1085 961 1024 2614
8380 2 2 0 1085 1794 1088 2613
8381 2 2 0 1085 1731 961 2614
8382 2 2 0 1085 1025 1731 2613
8383 2 2 0 1085 1024 1794 2614
8384 2 2 0 1085 1794 2613 2614
8385 2 2 0 1085 2613 1731 2614
8386 2 2 0 1085 1088 1025 2613
8387 2 2 0 1086 1876 1796 2616
8388 2 2 0 1086 1796 1876 1090
8389 2 2 0 1086 1796 2615 2616
8390 2 2 0 1086 1025 1795 2615
8391 2 2 0 1086 1796 1026 2615
8392 2 2 0 1086 1795 1089 2616
8393 2 2 0 1086 1089 1876 2616
8394 2 2 0 1086 2615 1795 2616
8395 2 2 0 1086 1026 1025 2615
8396 2 2 0 1087 1090 1878 2617
8397 2 2 0 1087 1026 1796 2617
8398 2 2 0 1087 1796 1090 2617
8399 2 2 0 1087 1878 1797 2617
8400 2 2 0 1087 1797 1878 1091
8401 2 2 0 1087 1797 1027 2617
8402 2 2 0 1087 1027 1026 2617
8403 2 2 0 1088 1797 1798 1027
8404 2 2 0 1088 1091 1880 2618
8405 2 2 0 1088 1797 1091 2618
8406 2 2 0 1088 1798 1797 2618
8407 2 2 0 1088 1028 1798 2618
8408 2 2 0 1088 1799 1028 2618
8409 2 2 0 1088 1799 1880 1092
8410 2 2 0 1088 1880 1799 2618
8411 2 2 0 1089 1799 1800 1028
8412 2 2 0 1089 1092 1882 2619
8413 2 2 0 1089 1799 1092 2619
8414 2 2 0 1089 1800 1799 2619
8415 2 2 0 1089 1029 1800 2619
8416 2 2 0 1089 1801 1029 2619
8417 2 2 0 1089 1801 1882 1093
8418 2 2 0 1089 1882 1801 2619
8419 2 2 0 1090 1093 1884 2620
8420 2 2 0 1090 1801 1802 1029
8421 2 2 0 1090 1802 1801 2620
8422 2 2 0 1090 1801 1093 2620
8423 2 2 0 1090 1803 1030 2620
8424 2 2 0 1090 1030 1802 2620
8425 2 2 0 1090 1803 1884 1094
8426 2 2 0 1090 1884 1803 2620
8427 2 2 0 1091 1804 1031 1030
8428 2 2 0 1091 1803 1804 1030
8429 2 2 0 1091 1804 1094 1095
8430 2 2 0 1091 1804 1803 1094
8431 2 2 0 1092 1805 1032 1031
8432 2 2 0 1092 1804 1805 1031
8433 2 2 0 1092 1805 1804 1096
8434 2 2 0 1092 1804 1095 1096
8435 2 2 0 1093 1806 1033 1032
8436 2 2 0 1093 1805 1806 1032
8437 2 2 0 1093 1805 1096 1097
8438 2 2 0 1093 1806 1805 1097
8439 2 2 0 1094 1807 1034 1033
8440 2 2 0 1094 1806 1807 1033
8441 2 2 0 1094 1806 1097 1098
8442 2 2 0 1094 1807 1806 1098
8443 2 2 0 1095 1808 1035 1034
8444 2 2 0 1095 1807 1808 1034
8445 2 2 0 1095 1807 1098 1099
8446 2 2 0 1095 1808 1807 1099
8447 2 2 0 1096 1810 1809 2621
8448 2 2 0 1096 1809 1035 2621
8449 2 2 0 1096 1035 1808 2621
8450 2 2 0 1096 1891 1808 1099
8451 2 2 0 1096 1891 1100 2621
8452 2 2 0 1096 1100 1810 2621
8453 2 2 0 1096 1809 1810 1036
8454 2 2 0 1096 1808 1891 2621
8455 2 2 0 1097 1893 1810 1100
8456 2 2 0 1097 1036 1810 2622
8457 2 2 0 1097 1893 1101 2622
8458 2 2 0 1097 1810 1893 2622
8459 2 2 0 1097 1101 1811 2622
8460 2 2 0 1097 1811 1037 1036
8461 2 2 0 1097 1811 1036 2622
8462 2 2 0 1098 1811 1101 1895
8463 2 2 0 1098 1811 2623 2624
8464 2 2 0 1098 1037 1811 2624
8465 2 2 0 1098 1811 1895 2623
8466 2 2 0 1098 1102 1812 2623
8467 2 2 0 1098 1812 1038 2624
8468 2 2 0 1098 1895 1102 2623
8469 2 2 0 1098 2623 1812 2624
8470 2 2 0 1098 1038 1037 2624
8471 2 2 0 1099 1812 1102 2625
8472 2 2 0 1099 1813 1039 2626
8473 2 2 0 1099 1038 1812 2626
8474 2 2 0 1099 1103 1813 2625
8475 2 2 0 1099 1812 2625 2626
8476 2 2 0 1099 2625 1813 2626
8477 2 2 0 1099 1039 1038 2626
8478 2 2 0 1099 1102 1103 2625
8479 2 2 0 1100 1813 1103 2627
8480 2 2 0 1100 1813 2627 2628
8481 2 2 0 1100 1039 1813 2628
8482 2 2 0 1100 1104 1814 2627
8483 2 2 0 1100 2627 1814 2628
8484 2 2 0 1100 1814 1040 2628
8485 2 2 0 1100 1040 1039 2628
8486 2 2 0 1100 1103 1104 2627
8487 2 2 0 1101 1041 1040 2630
8488 2 2 0 1101 1105 1815 2629
8489 2 2 0 1101 2629 1815 2630
8490 2 2 0 1101 1815 1041 2630
8491 2 2 0 1101 1814 1104 2629
8492 2 2 0 1101 1814 2629 2630
8493 2 2 0 1101 1040 1814 2630
8494 2 2 0 1101 1104 1105 2629
8495 2 2 0 1102 1042 1041 2632
8496 2 2 0 1102 1815 1105 2631
8497 2 2 0 1102 1815 2631 2632
8498 2 2 0 1102 1041 1815 2632
8499 2 2 0 1102 1106 1816 2631
8500 2 2 0 1102 2631 1816 2632
8501 2 2 0 1102 1816 1042 2632
8502 2 2 0 1102 1105 1106 2631
8503 2 2 0 1103 1107 1817 2633
8504 2 2 0 1103 2633 1817 2634
8505 2 2 0 1103 1817 1043 2634
8506 2 2 0 1103 1816 1106 2633
8507 2 2 0 1103 1816 2633 2634
8508 2 2 0 1103 1042 1816 2634
8509 2 2 0 1103 1043 1042 2634
8510 2 2 0 1103 1106 1107 2633
8511 2 2 0 1104 1108 1818 2635
8512 2 2 0 1104 1043 1817 2636
8513 2 2 0 1104 1818 1044 2636
8514 2 2 0 1104 1817 1107 2635
8515 2 2 0 1104 2635 1818 2636
8516 2 2 0 1104 1817 2635 2636
8517 2 2 0 1104 1044 1043 2636
8518 2 2 0 1104 1107 1108 2635
8519 2 2 0 1105 1819 1903 1109
8520 2 2 0 1105 2637 1819 2638
8521 2 2 0 1105 1819 1045 2638
8522 2 2 0 1105 1903 1819 2637
8523 2 2 0 1105 1818 1108 2637
8524 2 2 0 1105 1044 1818 2638
8525 2 2 0 1105 1108 1903 2637
8526 2 2 0 1105 1818 2637 2638
8527 2 2 0 1105 1045 1044 2638
8528 2 2 0 1106 1820 1905 1110
8529 2 2 0 1106 1820 1046 2639
8530 2 2 0 1106 1109 1905 2639
8531 2 2 0 1106 1905 1820 2639
8532 2 2 0 1106 1819 1109 2639
8533 2 2 0 1106 1819 1046 1045
8534 2 2 0 1106 1046 1819 2639
8535 2 2 0 1107 1821 1820 2640
8536 2 2 0 1107 1047 1821 2640
8537 2 2 0 1107 1822 1047 2640
8538 2 2 0 1107 1822 1907 1111
8539 2 2 0 1107 1110 1907 2640
8540 2 2 0 1107 1820 1110 2640
8541 2 2 0 1107 1820 1821 1046
8542 2 2 0 1107 1907 1822 2640
8543 2 2 0 1108 1822 1048 1047
8544 2 2 0 1108 1823 1048 1822
8545 2 2 0 1108 1823 1111 1112
8546 2 2 0 1108 1823 1822 1111
8547 2 2 0 1109 1823 1049 1048
8548 2 2 0 1109 1824 1049 1823
8549 2 2 0 1109 1824 1112 1113
8550 2 2 0 1109 1824 1823 1112
8551 2 2 0 1110 1824 1050 1049
8552 2 2 0 1110 1825 1050 1824
8553 2 2 0 1110 1825 1113 1114
8554 2 2 0 1110 1825 1824 1113
8555 2 2 0 1111 1825 1051 1050
8556 2 2 0 1111 1826 1051 1825
8557 2 2 0 1111 1826 1825 1114
8558 2 2 0 1111 1826 1114 1115
8559 2 2 0 1112 1826 1052 1051
8560 2 2 0 1112 1827 1052 1826
8561 2 2 0 1112 1826 1115 1116
8562 2 2 0 1112 1827 1826 1116
8563 2 2 0 1113 1914 1117 2641
8564 2 2 0 1113 1828 1829 1053
8565 2 2 0 1113 1829 1828 2641
8566 2 2 0 1113 1117 1829 2641
8567 2 2 0 1113 1052 1827 2641
8568 2 2 0 1113 1828 1052 2641
8569 2 2 0 1113 1914 1827 1116
8570 2 2 0 1113 1827 1914 2641
8571 2 2 0 1114 1830 1831 1054
8572 2 2 0 1114 1916 1118 2642
8573 2 2 0 1114 1118 1831 2642
8574 2 2 0 1114 1831 1830 2642
8575 2 2 0 1114 1830 1053 2642
8576 2 2 0 1114 1053 1829 2642
8577 2 2 0 1114 1916 1829 1117
8578 2 2 0 1114 1829 1916 2642
8579 2 2 0 1115 1055 1832 1833
8580 2 2 0 1115 1918 1119 2643
8581 2 2 0 1115 1119 1833 2643
8582 2 2 0 1115 1833 1832 2643
8583 2 2 0 1115 1832 1054 2643
8584 2 2 0 1115 1054 1831 2643
8585 2 2 0 1115 1918 1831 1118
8586 2 2 0 1115 1831 1918 2643
8587 2 2 0 1116 1920 1120 2644
8588 2 2 0 1116 1834 1056 2644
8589 2 2 0 1116 1120 1834 2644
8590 2 2 0 1116 1833 1920 2644
8591 2 2 0 1116 1920 1833 1119
8592 2 2 0 1116 1055 1833 2644
8593 2 2 0 1116 1056 1055 2644
8594 2 2 0 1117 1834 1922 2646
8595 2 2 0 1117 1922 1834 1120
8596 2 2 0 1117 2645 1834 2646
8597 2 2 0 1117 1835 1057 2645
8598 2 2 0 1117 1056 1834 2645
8599 2 2 0 1117 1121 1835 2646
8600 2 2 0 1117 1922 1121 2646
8601 2 2 0 1117 1835 2645 2646
8602 2 2 0 1117 1057 1056 2645
8603 2 2 0 1118 1924 1836 2648
8604 2 2 0 1118 1836 1924 1122
8605 2 2 0 1118 1836 2647 2648
8606 2 2 0 1118 1057 1835 2647
8607 2 2 0 1118 1836 1058 2647
8608 2 2 0 1118 1835 1121 2648
8609 2 2 0 1118 1121 1924 2648
8610 2 2 0 1118 2647 1835 2648
8611 2 2 0 1118 1058 1057 2647
8612 2 2 0 1119 1122 1926 2649
8613 2 2 0 1119 1058 1836 2649
8614 2 2 0 1119 1836 1122 2649
8615 2 2 0 1119 1926 1837 2649
8616 2 2 0 1119 1837 1926 1123
8617 2 2 0 1119 1837 1059 2649
8618 2 2 0 1119 1059 1058 2649
8619 2 2 0 1120 1837 1838 1059
8620 2 2 0 1120 1123 1928 2650
8621 2 2 0 1120 1837 1123 2650
8622 2 2 0 1120 1838 1837 2650
8623 2 2 0 1120 1060 1838 2650
8624 2 2 0 1120 1839 1060 2650
8625 2 2 0 1120 1839 1928 1124
8626 2 2 0 1120 1928 1839 2650
8627 2 2 0 1121 1839 1840 1060
8628 2 2 0 1121 1124 1930 2651
8629 2 2 0 1121 1839 1124 2651
8630 2 2 0 1121 1840 1839 2651
8631 2 2 0 1121 1061 1840 2651
8632 2 2 0 1121 1841 1061 2651
8633 2 2 0 1121 1841 1930 1125
8634 2 2 0 1121 1930 1841 2651
8635 2 2 0 1122 1125 1932 2652
8636 2 2 0 1122 1841 1842 1061
8637 2 2 0 1122 1842 1841 2652
8638 2 2 0 1122 1841 1125 2652
8639 2 2 0 1122 1843 1062 2652
8640 2 2 0 1122 1062 1842 2652
8641 2 2 0 1122 1843 1932 1126
8642 2 2 0 1122 1932 1843 2652
8643 2 2 0 1123 1844 1063 1062
8644 2 2 0 1123 1843 1844 1062
8645 2 2 0 1123 1844 1126 1127
8646 2 2 0 1123 1844 1843 1126
8647 2 2 0 1124 1845 1064 1063
8648 2 2 0 1124 1844 1845 1063
8649 2 2 0 1124 1845 1844 1128
8650 2 2 0 1124 1844 1127 1128
8651 2 2 0 1125 1846 1065 1064
8652 2 2 0 1125 1845 1846 1064
8653 2 2 0 1125 1845 1128 1129
8654 2 2 0 1125 1846 1845 1129
8655 2 2 0 1126 1847 1066 1065
8656 2 2 0 1126 1846 1847 1065
8657 2 2 0 1126 1846 1129 1130
8658 2 2 0 1126 1847 1846 1130
8659 2 2 0 1127 1848 1067 1066
8660 2 2 0 1127 1847 1848 1066
8661 2 2 0 1127 1847 1130 1131
8662 2 2 0 1127 1848 1847 1131
8663 2 2 0 1128 1850 1849 2653
8664 2 2 0 1128 1849 1067 2653
8665 2 2 0 1128 1067 1848 2653
8666 2 2 0 1128 1939 1848 1131
8667 2 2 0 1128 1939 1132 2653
8668 2 2 0 1128 1132 1850 2653
8669 2 2 0 1128 1849 1850 1068
8670 2 2 0 1128 1848 1939 2653
8671 2 2 0 1129 1941 1850 1132
8672 2 2 0 1129 1068 1850 2654
8673 2 2 0 1129 1941 1133 2654
8674 2 2 0 1129 1850 1941 2654
8675 2 2 0 1129 1133 1851 2654
8676 2 2 0 1129 1851 1069 1068
8677 2 2 0 1129 1851 1068 2654
8678 2 2 0 1130 1943 1851 1133
8679 2 2 0 1130 1851 2655 2656
8680 2 2 0 1130 1069 1851 2656
8681 2 2 0 1130 1851 1943 2655
8682 2 2 0 1130 1134 1852 2655
8683 2 2 0 1130 1852 1070 2656
8684 2 2 0 1130 1943 1134 2655
8685 2 2 0 1130 2655 1852 2656
8686 2 2 0 1130 1070 1069 2656
8687 2 2 0 1131 1852 1134 2657
8688 2 2 0 1131 1853 1071 2658
8689 2 2 0 1131 1070 1852 2658
8690 2 2 0 1131 1135 1853 2657
8691 2 2 0 1131 1852 2657 2658
8692 2 2 0 1131 2657 1853 2658
8693 2 2 0 1131 1071 1070 2658
8694 2 2 0 1131 1134 1135 2657
8695 2 2 0 1132 1853 1135 2659
8696 2 2 0 1132 1853 2659 2660
8697 2 2 0 1132 1071 1853 2660
8698 2 2 0 1132 1136 1854 2659
8699 2 2 0 1132 2659 1854 2660
8700 2 2 0 1132 1854 1072 2660
8701 2 2 0 1132 1072 1071 2660
8702 2 2 0 1132 1135 1136 2659
8703 2 2 0 1133 1073 1072 2662
8704 2 2 0 1133 1137 1855 2661
8705 2 2 0 1133 2661 1855 2662
8706 2 2 0 1133 1855 1073 2662
8707 2 2 0 1133 1854 1136 2661
8708 2 2 0 1133 1854 2661 2662
8709 2 2 0 1133 1072 1854 2662
8710 2 2 0 1133 1136 1137 2661
8711 2 2 0 1134 1074 1073 2664
8712 2 2 0 1134 1855 1137 2663
8713 2 2 0 1134 1855 2663 2664
8714 2 2 0 1134 1073 1855 2664
8715 2 2 0 1134 1138 1856 2663
8716 2 2 0 1134 2663 1856 2664
8717 2 2 0 1134 1856 1074 2664
8718 2 2 0 1134 1137 1138 2663
8719 2 2 0 1135 1139 1857 2665
8720 2 2 0 1135 2665 1857 2666
8721 2 2 0 1135 1857 1075 2666
8722 2 2 0 1135 1856 1138 2665
8723 2 2 0 1135 1856 2665 2666
8724 2 2 0 1135 1074 1856 2666
8725 2 2 0 1135 1075 1074 2666
8726 2 2 0 1135 1138 1139 2665
8727 2 2 0 1136 1140 1858 2667
8728 2 2 0 1136 1075 1857 2668
8729 2 2 0 1136 1858 1076 2668
8730 2 2 0 1136 1857 1139 2667
8731 2 2 0 1136 2667 1858 2668
8732 2 2 0 1136 1857 2667 2668
8733 2 2 0 1136 1076 1075 2668
8734 2 2 0 1136 1139 1140 2667
8735 2 2 0 1137 1859 1951 1141
8736 2 2 0 1137 2669 1859 2670
8737 2 2 0 1137 1859 1077 2670
8738 2 2 0 1137 1951 1859 2669
8739 2 2 0 1137 1858 1140 2669
8740 2 2 0 1137 1076 1858 2670
8741 2 2 0 1137 1140 1951 2669
8742 2 2 0 1137 1858 2669 2670
8743 2 2 0 1137 1077 1076 2670
8744 2 2 0 1138 1860 1953 1142
8745 2 2 0 1138 1860 1078 2671
8746 2 2 0 1138 1141 1953 2671
8747 2 2 0 1138 1953 1860 2671
8748 2 2 0 1138 1859 1141 2671
8749 2 2 0 1138 1859 1078 1077
8750 2 2 0 1138 1078 1859 2671
8751 2 2 0 1139 1861 1860 2672
8752 2 2 0 1139 1079 1861 2672
8753 2 2 0 1139 1862 1079 2672
8754 2 2 0 1139 1862 1955 1143
8755 2 2 0 1139 1142 1955 2672
8756 2 2 0 1139 1860 1142 2672
8757 2 2 0 1139 1860 1861 1078
8758 2 2 0 1139 1955 1862 2672
8759 2 2 0 1140 1862 1080 1079
8760 2 2 0 1140 1863 1080 1862
8761 2 2 0 1140 1863 1143 1144
8762 2 2 0 1140 1863 1862 1143
8763 2 2 0 1141 1863 1081 1080
8764 2 2 0 1141 1864 1081 1863
8765 2 2 0 1141 1864 1144 1145
8766 2 2 0 1141 1864 1863 1144
8767 2 2 0 1142 1864 1082 1081
8768 2 2 0 1142 1865 1082 1864
8769 2 2 0 1142 1865 1145 1146
8770 2 2 0 1142 1865 1864 1145
8771 2 2 0 1143 1865 1083 1082
8772 2 2 0 1143 1866 1083 1865
8773 2 2 0 1143 1866 1865 1146
8774 2 2 0 1143 1866 1146 1147
8775 2 2 0 1144 1866 1084 1083
8776 2 2 0 1144 1867 1084 1866
8777 2 2 0 1144 1866 1147 1148
8778 2 2 0 1144 1867 1866 1148
8779 2 2 0 1145 1962 1149 2673
8780 2 2 0 1145 1868 1869 1085
8781 2 2 0 1145 1869 1868 2673
8782 2 2 0 1145 1149 1869 2673
8783 2 2 0 1145 1084 1867 2673
8784 2 2 0 1145 1868 1084 2673
8785 2 2 0 1145 1962 1867 1148
8786 2 2 0 1145 1867 1962 2673
8787 2 2 0 1146 1870 1871 1086
8788 2 2 0 1146 1964 1150 2674
8789 2 2 0 1146 1150 1871 2674
8790 2 2 0 1146 1871 1870 2674
8791 2 2 0 1146 1870 1085 2674
8792 2 2 0 1146 1085 1869 2674
8793 2 2 0 1146 1964 1869 1149
8794 2 2 0 1146 1869 1964 2674
8795 2 2 0 1147 1872 1873 1087
8796 2 2 0 1147 1966 1151 2675
8797 2 2 0 1147 1151 1873 2675
8798 2 2 0 1147 1873 1872 2675
8799 2 2 0 1147 1872 1086 2675
8800 2 2 0 1147 1086 1871 2675
8801 2 2 0 1147 1966 1871 1150
8802 2 2 0 1147 1871 1966 2675
8803 2 2 0 1148 1968 1152 2676
8804 2 2 0 1148 1874 1088 2676
8805 2 2 0 1148 1152 1874 2676
8806 2 2 0 1148 1873 1968 2676
8807 2 2 0 1148 1968 1873 1151
8808 2 2 0 1148 1087 1873 2676
8809 2 2 0 1148 1088 1087 2676
8810 2 2 0 1149 1874 1970 2678
8811 2 2 0 1149 1970 1874 1152
8812 2 2 0 1149 2677 1874 2678
8813 2 2 0 1149 1795 1025 2677
8814 2 2 0 1149 1088 1874 2677
8815 2 2 0 1149 1089 1795 2678
8816 2 2 0 1149 1970 1089 2678
8817 2 2 0 1149 1795 2677 2678
8818 2 2 0 1149 1025 1088 2677
8819 2 2 0 1150 1875 1153 2679
8820 2 2 0 1150 1875 1876 1089
8821 2 2 0 1150 1876 1875 2679
8822 2 2 0 1150 1153 1971 2679
8823 2 2 0 1150 1090 1876 2679
8824 2 2 0 1150 1877 1971 1154
8825 2 2 0 1150 1877 1090 2679
8826 2 2 0 1150 1971 1877 2679
8827 2 2 0 1151 1879 1091 2680
8828 2 2 0 1151 1877 1878 1090
8829 2 2 0 1151 1879 1972 1155
8830 2 2 0 1151 1091 1878 2680
8831 2 2 0 1151 1878 1877 2680
8832 2 2 0 1151 1877 1154 2680
8833 2 2 0 1151 1972 1879 2680
8834 2 2 0 1151 1154 1972 2680
8835 2 2 0 1152 1879 1880 1091
8836 2 2 0 1152 1880 1879 2682
8837 2 2 0 1152 1881 1973 1156
8838 2 2 0 1152 2681 1880 2682
8839 2 2 0 1152 1973 1881 2681
8840 2 2 0 1152 1155 1973 2682
8841 2 2 0 1152 1092 1880 2681
8842 2 2 0 1152 1881 1092 2681
8843 2 2 0 1152 1973 2681 2682
8844 2 2 0 1152 1879 1155 2682
8845 2 2 0 1153 1881 1882 1092
8846 2 2 0 1153 1882 1881 2684
8847 2 2 0 1153 1883 1975 1157
8848 2 2 0 1153 1156 1975 2684
8849 2 2 0 1153 2683 1882 2684
8850 2 2 0 1153 1975 1883 2683
8851 2 2 0 1153 1093 1882 2683
8852 2 2 0 1153 1883 1093 2683
8853 2 2 0 1153 1975 2683 2684
8854 2 2 0 1153 1881 1156 2684
8855 2 2 0 1154 1885 1094 2685
8856 2 2 0 1154 1157 1977 2685
8857 2 2 0 1154 1885 1977 1158
8858 2 2 0 1154 1977 1885 2685
8859 2 2 0 1154 1883 1884 1093
8860 2 2 0 1154 1884 1883 2685
8861 2 2 0 1154 1883 1157 2685
8862 2 2 0 1154 1094 1884 2685
8863 2 2 0 1155 1885 1095 1094
8864 2 2 0 1155 1095 1885 1886
8865 2 2 0 1155 1886 1158 1159
8866 2 2 0 1155 1886 1885 1158
8867 2 2 0 1156 1887 1096 1095
8868 2 2 0 1156 1886 1887 1095
8869 2 2 0 1156 1886 1159 1160
8870 2 2 0 1156 1887 1886 1160
8871 2 2 0 1157 1888 1097 1096
8872 2 2 0 1157 1887 1888 1096
8873 2 2 0 1157 1888 1887 1161
8874 2 2 0 1157 1887 1160 1161
8875 2 2 0 1158 1889 1098 1097
8876 2 2 0 1158 1888 1889 1097
8877 2 2 0 1158 1888 1161 1162
8878 2 2 0 1158 1889 1888 1162
8879 2 2 0 1159 1890 1099 1098
8880 2 2 0 1159 1889 1890 1098
8881 2 2 0 1159 1889 1162 1163
8882 2 2 0 1159 1890 1889 1163
8883 2 2 0 1160 1892 1891 2686
8884 2 2 0 1160 1984 1890 1163
8885 2 2 0 1160 1984 1164 2686
8886 2 2 0 1160 1164 1892 2686
8887 2 2 0 1160 1890 1984 2686
8888 2 2 0 1160 1099 1890 2686
8889 2 2 0 1160 1100 1891 1892
8890 2 2 0 1160 1891 1099 2686
8891 2 2 0 1161 1986 1165 2687
8892 2 2 0 1161 1100 1892 2687
8893 2 2 0 1161 1892 1986 2687
8894 2 2 0 1161 1986 1892 1164
8895 2 2 0 1161 1894 1893 2687
8896 2 2 0 1161 1165 1894 2687
8897 2 2 0 1161 1893 1100 2687
8898 2 2 0 1161 1894 1101 1893
8899 2 2 0 1162 1895 1896 1102
8900 2 2 0 1162 1988 1166 2688
8901 2 2 0 1162 1896 1895 2688
8902 2 2 0 1162 1166 1896 2688
8903 2 2 0 1162 1895 1101 2688
8904 2 2 0 1162 1101 1894 2688
8905 2 2 0 1162 1165 1988 1894
8906 2 2 0 1162 1894 1988 2688
8907 2 2 0 1163 1989 1167 2689
8908 2 2 0 1163 1167 1897 2689
8909 2 2 0 1163 1896 1989 2689
8910 2 2 0 1163 1989 1896 1166
8911 2 2 0 1163 1102 1896 2689
8912 2 2 0 1163 1103 1102 2689
8913 2 2 0 1163 1897 1103 2689
8914 2 2 0 1164 1897 1167 2690
8915 2 2 0 1164 1103 1897 2691
8916 2 2 0 1164 1897 2690 2691
8917 2 2 0 1164 1168 1898 2690
8918 2 2 0 1164 1898 1104 2691
8919 2 2 0 1164 2690 1898 2691
8920 2 2 0 1164 1104 1103 2691
8921 2 2 0 1164 1167 1168 2690
8922 2 2 0 1165 1898 1168 2692
8923 2 2 0 1165 1898 2692 2693
8924 2 2 0 1165 1104 1898 2693
8925 2 2 0 1165 1169 1899 2692
8926 2 2 0 1165 2692 1899 2693
8927 2 2 0 1165 1899 1105 2693
8928 2 2 0 1165 1105 1104 2693
8929 2 2 0 1165 1168 1169 2692
8930 2 2 0 1166 1170 1900 2694
8931 2 2 0 1166 2694 1900 2695
8932 2 2 0 1166 1900 1106 2695
8933 2 2 0 1166 1899 1169 2694
8934 2 2 0 1166 1899 2694 2695
8935 2 2 0 1166 1105 1899 2695
8936 2 2 0 1166 1106 1105 2695
8937 2 2 0 1166 1169 1170 2694
8938 2 2 0 1167 1171 1901 2696
8939 2 2 0 1167 1901 1107 2697
8940 2 2 0 1167 2696 1901 2697
8941 2 2 0 1167 1900 1170 2696
8942 2 2 0 1167 1106 1900 2697
8943 2 2 0 1167 1900 2696 2697
8944 2 2 0 1167 1107 1106 2697
8945 2 2 0 1167 1170 1171 2696
8946 2 2 0 1168 1171 1990 2698
8947 2 2 0 1168 1901 1171 2698
8948 2 2 0 1168 1990 1902 2698
8949 2 2 0 1168 1902 1990 1172
8950 2 2 0 1168 1902 1108 2698
8951 2 2 0 1168 1108 1107 2698
8952 2 2 0 1168 1107 1901 2698
8953 2 2 0 1169 1902 1903 1108
8954 2 2 0 1169 1172 1991 2699
8955 2 2 0 1169 1903 1902 2699
8956 2 2 0 1169 1902 1172 2699
8957 2 2 0 1169 1109 1903 2699
8958 2 2 0 1169 1904 1109 2699
8959 2 2 0 1169 1904 1991 1173
8960 2 2 0 1169 1991 1904 2699
8961 2 2 0 1170 1173 1993 2700
8962 2 2 0 1170 1906 1110 2700
8963 2 2 0 1170 1993 1906 2700
8964 2 2 0 1170 1906 1993 1174
8965 2 2 0 1170 1905 1904 2700
8966 2 2 0 1170 1904 1173 2700
8967 2 2 0 1170 1110 1905 2700
8968 2 2 0 1170 1904 1905 1109
8969 2 2 0 1171 1907 1906 2701
8970 2 2 0 1171 1908 1995 1175
8971 2 2 0 1171 1174 1995 2701
8972 2 2 0 1171 1906 1174 2701
8973 2 2 0 1171 1995 1908 2701
8974 2 2 0 1171 1908 1111 2701
8975 2 2 0 1171 1906 1907 1110
8976 2 2 0 1171 1111 1907 2701
8977 2 2 0 1172 1908 1112 1111
8978 2 2 0 1172 1909 1112 1908
8979 2 2 0 1172 1909 1175 1176
8980 2 2 0 1172 1909 1908 1175
8981 2 2 0 1173 1909 1113 1112
8982 2 2 0 1173 1910 1113 1909
8983 2 2 0 1173 1910 1176 1177
8984 2 2 0 1173 1910 1909 1176
8985 2 2 0 1174 1910 1114 1113
8986 2 2 0 1174 1911 1114 1910
8987 2 2 0 1174 1911 1910 1177
8988 2 2 0 1174 1911 1177 1178
8989 2 2 0 1175 1911 1115 1114
8990 2 2 0 1175 1912 1115 1911
8991 2 2 0 1175 1912 1178 1179
8992 2 2 0 1175 1912 1911 1178
8993 2 2 0 1176 1913 1116 1115
8994 2 2 0 1176 1912 1913 1115
8995 2 2 0 1176 1912 1179 1180
8996 2 2 0 1176 1913 1912 1180
8997 2 2 0 1177 1116 1913 2702
8998 2 2 0 1177 2002 1181 2702
8999 2 2 0 1177 2002 1913 1180
9000 2 2 0 1177 1913 2002 2702
9001 2 2 0 1177 1914 1915 1117
9002 2 2 0 1177 1915 1914 2702
9003 2 2 0 1177 1181 1915 2702
9004 2 2 0 1177 1914 1116 2702
9005 2 2 0 1178 1916 1917 1118
9006 2 2 0 1178 1917 1916 2704
9007 2 2 0 1178 2004 1915 1181
9008 2 2 0 1178 2004 1182 2704
9009 2 2 0 1178 1916 2703 2704
9010 2 2 0 1178 1915 2004 2703
9011 2 2 0 1178 1916 1117 2703
9012 2 2 0 1178 1117 1915 2703
9013 2 2 0 1178 2703 2004 2704
9014 2 2 0 1178 1182 1917 2704
9015 2 2 0 1179 1918 1919 1119
9016 2 2 0 1179 1919 1918 2706
9017 2 2 0 1179 2006 1917 1182
9018 2 2 0 1179 1918 2705 2706
9019 2 2 0 1179 1917 2006 2705
9020 2 2 0 1179 2006 1183 2706
9021 2 2 0 1179 1918 1118 2705
9022 2 2 0 1179 1118 1917 2705
9023 2 2 0 1179 2705 2006 2706
9024 2 2 0 1179 1183 1919 2706
9025 2 2 0 1180 1119 1919 2707
9026 2 2 0 1180 1920 1921 1120
9027 2 2 0 1180 2007 1919 1183
9028 2 2 0 1180 1920 1119 2707
9029 2 2 0 1180 1921 1920 2707
9030 2 2 0 1180 1184 1921 2707
9031 2 2 0 1180 1919 2007 2707
9032 2 2 0 1180 2007 1184 2707
9033 2 2 0 1181 1185 1923 2708
9034 2 2 0 1181 1922 1923 1121
9035 2 2 0 1181 1923 1922 2708
9036 2 2 0 1181 2008 1185 2708
9037 2 2 0 1181 1922 1120 2708
9038 2 2 0 1181 2008 1921 1184
9039 2 2 0 1181 1120 1921 2708
9040 2 2 0 1181 1921 2008 2708
9041 2 2 0 1182 1923 1185 2709
9042 2 2 0 1182 1923 1924 1121
9043 2 2 0 1182 1924 1923 2709
9044 2 2 0 1182 1185 2009 2709
9045 2 2 0 1182 1122 1924 2709
9046 2 2 0 1182 1925 2009 1186
9047 2 2 0 1182 1925 1122 2709
9048 2 2 0 1182 2009 1925 2709
9049 2 2 0 1183 1927 1123 2710
9050 2 2 0 1183 1925 1926 1122
9051 2 2 0 1183 1927 2010 1187
9052 2 2 0 1183 1123 1926 2710
9053 2 2 0 1183 1926 1925 2710
9054 2 2 0 1183 1925 1186 2710
9055 2 2 0 1183 2010 1927 2710
9056 2 2 0 1183 1186 2010 2710
9057 2 2 0 1184 1927 1928 1123
9058 2 2 0 1184 1928 1927 2712
9059 2 2 0 1184 1929 2011 1188
9060 2 2 0 1184 2711 1928 2712
9061 2 2 0 1184 2011 1929 2711
9062 2 2 0 1184 1187 2011 2712
9063 2 2 0 1184 1124 1928 2711
9064 2 2 0 1184 1929 1124 2711
9065 2 2 0 1184 2011 2711 2712
9066 2 2 0 1184 1927 1187 2712
9067 2 2 0 1185 1929 1930 1124
9068 2 2 0 1185 1930 1929 2714
9069 2 2 0 1185 1931 2013 1189
9070 2 2 0 1185 1188 2013 2714
9071 2 2 0 1185 2713 1930 2714
9072 2 2 0 1185 2013 1931 2713
9073 2 2 0 1185 1125 1930 2713
9074 2 2 0 1185 1931 1125 2713
9075 2 2 0 1185 2013 2713 2714
9076 2 2 0 1185 1929 1188 2714
9077 2 2 0 1186 1933 1126 2715
9078 2 2 0 1186 1189 2015 2715
9079 2 2 0 1186 1933 2015 1190
9080 2 2 0 1186 2015 1933 2715
9081 2 2 0 1186 1931 1932 1125
9082 2 2 0 1186 1932 1931 2715
9083 2 2 0 1186 1931 1189 2715
9084 2 2 0 1186 1126 1932 2715
9085 2 2 0 1187 1933 1127 1126
9086 2 2 0 1187 1934 1127 1933
9087 2 2 0 1187 1934 1190 1191
9088 2 2 0 1187 1934 1933 1190
9089 2 2 0 1188 1935 1128 1127
9090 2 2 0 1188 1934 1935 1127
9091 2 2 0 1188 1934 1191 1192
9092 2 2 0 1188 1935 1934 1192
9093 2 2 0 1189 1936 1129 1128
9094 2 2 0 1189 1935 1936 1128
9095 2 2 0 1189 1936 1935 1193
9096 2 2 0 1189 1935 1192 1193
9097 2 2 0 1190 1937 1130 1129
9098 2 2 0 1190 1936 1937 1129
9099 2 2 0 1190 1936 1193 1194
9100 2 2 0 1190 1937 1936 1194
9101 2 2 0 1191 1938 1131 1130
9102 2 2 0 1191 1937 1938 1130
9103 2 2 0 1191 1937 1194 1195
9104 2 2 0 1191 1938 1937 1195
9105 2 2 0 1192 1940 1939 2716
9106 2 2 0 1192 2022 1938 1195
9107 2 2 0 1192 2022 1196 2716
9108 2 2 0 1192 1196 1940 2716
9109 2 2 0 1192 1938 2022 2716
9110 2 2 0 1192 1131 1938 2716
9111 2 2 0 1192 1939 1940 1132
9112 2 2 0 1192 1939 1131 2716
9113 2 2 0 1193 2024 1197 2717
9114 2 2 0 1193 1132 1940 2717
9115 2 2 0 1193 1940 2024 2717
9116 2 2 0 1193 2024 1940 1196
9117 2 2 0 1193 1942 1941 2717
9118 2 2 0 1193 1197 1942 2717
9119 2 2 0 1193 1941 1132 2717
9120 2 2 0 1193 1941 1942 1133
9121 2 2 0 1194 1943 1944 1134
9122 2 2 0 1194 2026 1198 2718
9123 2 2 0 1194 1944 1943 2718
9124 2 2 0 1194 1198 1944 2718
9125 2 2 0 1194 1943 1133 2718
9126 2 2 0 1194 1133 1942 2718
9127 2 2 0 1194 2026 1942 1197
9128 2 2 0 1194 1942 2026 2718
9129 2 2 0 1195 2027 1199 2719
9130 2 2 0 1195 1199 1945 2719
9131 2 2 0 1195 1944 2027 2719
9132 2 2 0 1195 2027 1944 1198
9133 2 2 0 1195 1134 1944 2719
9134 2 2 0 1195 1135 1134 2719
9135 2 2 0 1195 1945 1135 2719
9136 2 2 0 1196 1945 1199 2720
9137 2 2 0 1196 1135 1945 2721
9138 2 2 0 1196 1945 2720 2721
9139 2 2 0 1196 1200 1946 2720
9140 2 2 0 1196 1946 1136 2721
9141 2 2 0 1196 2720 1946 2721
9142 2 2 0 1196 1136 1135 2721
9143 2 2 0 1196 1199 1200 2720
9144 2 2 0 1197 1946 1200 2722
9145 2 2 0 1197 1946 2722 2723
9146 2 2 0 1197 1136 1946 2723
9147 2 2 0 1197 1201 1947 2722
9148 2 2 0 1197 2722 1947 2723
9149 2 2 0 1197 1947 1137 2723
9150 2 2 0 1197 1137 1136 2723
9151 2 2 0 1197 1200 1201 2722
9152 2 2 0 1198 1202 1948 2724
9153 2 2 0 1198 2724 1948 2725
9154 2 2 0 1198 1948 1138 2725
9155 2 2 0 1198 1947 1201 2724
9156 2 2 0 1198 1947 2724 2725
9157 2 2 0 1198 1137 1947 2725
9158 2 2 0 1198 1138 1137 2725
9159 2 2 0 1198 1201 1202 2724
9160 2 2 0 1199 1203 1949 2726
9161 2 2 0 1199 1949 1139 2727
9162 2 2 0 1199 2726 1949 2727
9163 2 2 0 1199 1948 1202 2726
9164 2 2 0 1199 1138 1948 2727
9165 2 2 0 1199 1948 2726 2727
9166 2 2 0 1199 1139 1138 2727
9167 2 2 0 1199 1202 1203 2726
9168 2 2 0 1200 1203 2028 2728
9169 2 2 0 1200 1949 1203 2728
9170 2 2 0 1200 2028 1950 2728
9171 2 2 0 1200 1950 2028 1204
9172 2 2 0 1200 1950 1140 2728
9173 2 2 0 1200 1140 1139 2728
9174 2 2 0 1200 1139 1949 2728
9175 2 2 0 1201 1950 1951 1140
9176 2 2 0 1201 1204 2029 2729
9177 2 2 0 1201 1951 1950 2729
9178 2 2 0 1201 1950 1204 2729
9179 2 2 0 1201 1141 1951 2729
9180 2 2 0 1201 1952 1141 2729
9181 2 2 0 1201 1952 2029 1205
9182 2 2 0 1201 2029 1952 2729
9183 2 2 0 1202 1205 2031 2730
9184 2 2 0 1202 1954 1142 2730
9185 2 2 0 1202 2031 1954 2730
9186 2 2 0 1202 1954 2031 1206
9187 2 2 0 1202 1953 1952 2730
9188 2 2 0 1202 1952 1205 2730
9189 2 2 0 1202 1142 1953 2730
9190 2 2 0 1202 1952 1953 1141
9191 2 2 0 1203 1955 1954 2731
9192 2 2 0 1203 1956 2033 1207
9193 2 2 0 1203 1206 2033 2731
9194 2 2 0 1203 1954 1206 2731
9195 2 2 0 1203 2033 1956 2731
9196 2 2 0 1203 1956 1143 2731
9197 2 2 0 1203 1954 1955 1142
9198 2 2 0 1203 1143 1955 2731
9199 2 2 0 1204 1956 1144 1143
9200 2 2 0 1204 1957 1144 1956
9201 2 2 0 1204 1957 1207 1208
9202 2 2 0 1204 1957 1956 1207
9203 2 2 0 1205 1957 1145 1144
9204 2 2 0 1205 1958 1145 1957
9205 2 2 0 1205 1958 1208 1209
9206 2 2 0 1205 1958 1957 1208
9207 2 2 0 1206 1958 1146 1145
9208 2 2 0 1206 1959 1146 1958
9209 2 2 0 1206 1959 1958 1209
9210 2 2 0 1206 1959 1209 1210
9211 2 2 0 1207 1959 1147 1146
9212 2 2 0 1207 1960 1147 1959
9213 2 2 0 1207 1960 1210 1211
9214 2 2 0 1207 1960 1959 1210
9215 2 2 0 1208 1961 1148 1147
9216 2 2 0 1208 1960 1961 1147
9217 2 2 0 1208 1960 1211 1212
9218 2 2 0 1208 1961 1960 1212
9219 2 2 0 1209 1148 1961 2732
9220 2 2 0 1209 2040 1213 2732
9221 2 2 0 1209 2040 1961 1212
9222 2 2 0 1209 1961 2040 2732
9223 2 2 0 1209 1963 1149 1962
9224 2 2 0 1209 1963 1962 2732
9225 2 2 0 1209 1213 1963 2732
9226 2 2 0 1209 1962 1148 2732
9227 2 2 0 1210 1965 1150 1964
9228 2 2 0 1210 1965 1964 2734
9229 2 2 0 1210 2042 1963 1213
9230 2 2 0 1210 2042 1214 2734
9231 2 2 0 1210 1964 2733 2734
9232 2 2 0 1210 1963 2042 2733
9233 2 2 0 1210 1964 1149 2733
9234 2 2 0 1210 1149 1963 2733
9235 2 2 0 1210 2733 2042 2734
9236 2 2 0 1210 1214 1965 2734
9237 2 2 0 1211 1967 1151 1966
9238 2 2 0 1211 1967 1966 2736
9239 2 2 0 1211 2044 1965 1214
9240 2 2 0 1211 1966 2735 2736
9241 2 2 0 1211 1965 2044 2735
9242 2 2 0 1211 2044 1215 2736
9243 2 2 0 1211 1966 1150 2735
9244 2 2 0 1211 1150 1965 2735
9245 2 2 0 1211 2735 2044 2736
9246 2 2 0 1211 1215 1967 2736
9247 2 2 0 1212 1151 1967 2737
9248 2 2 0 1212 1152 1968 1969
9249 2 2 0 1212 2045 1967 1215
9250 2 2 0 1212 1968 1151 2737
9251 2 2 0 1212 1969 1968 2737
9252 2 2 0 1212 1216 1969 2737
9253 2 2 0 1212 1967 2045 2737
9254 2 2 0 1212 2045 1216 2737
9255 2 2 0 1213 1153 1875 2738
9256 2 2 0 1213 1875 1089 1970
9257 2 2 0 1213 1875 1970 2738
9258 2 2 0 1213 2046 1153 2738
9259 2 2 0 1213 1970 1152 2738
9260 2 2 0 1213 2046 1969 1216
9261 2 2 0 1213 1152 1969 2738
9262 2 2 0 1213 1969 2046 2738
9263 2 2 0 1214 2047 1218 2740
9264 2 2 0 1214 1217 2047 2739
9265 2 2 0 1214 1971 1153 2739
9266 2 2 0 1214 2739 2047 2740
9267 2 2 0 1214 1154 1971 2740
9268 2 2 0 1214 1971 2739 2740
9269 2 2 0 1214 1153 1217 2739
9270 2 2 0 1214 1218 1154 2740
9271 2 2 0 1215 2048 1219 2741
9272 2 2 0 1215 1218 2048 2742
9273 2 2 0 1215 1972 1154 2742
9274 2 2 0 1215 1155 1972 2741
9275 2 2 0 1215 2048 2741 2742
9276 2 2 0 1215 2741 1972 2742
9277 2 2 0 1215 1154 1218 2742
9278 2 2 0 1215 1219 1155 2741
9279 2 2 0 1216 1974 2049 1220
9280 2 2 0 1216 2049 1974 2743
9281 2 2 0 1216 1156 1973 2743
9282 2 2 0 1216 1973 1155 2744
9283 2 2 0 1216 1974 1156 2743
9284 2 2 0 1216 1219 2049 2744
9285 2 2 0 1216 2049 2743 2744
9286 2 2 0 1216 2743 1973 2744
9287 2 2 0 1216 1155 1219 2744
9288 2 2 0 1217 1976 2050 1221
9289 2 2 0 1217 1974 1975 1156
9290 2 2 0 1217 1220 2050 2745
9291 2 2 0 1217 1157 1975 2746
9292 2 2 0 1217 1975 1974 2745
9293 2 2 0 1217 2050 1976 2746
9294 2 2 0 1217 1974 1220 2745
9295 2 2 0 1217 1976 1157 2746
9296 2 2 0 1217 1975 2745 2746
9297 2 2 0 1217 2745 2050 2746
9298 2 2 0 1218 1221 2052 2747
9299 2 2 0 1218 1978 2052 1222
9300 2 2 0 1218 1976 1977 1157
9301 2 2 0 1218 1158 1977 2748
9302 2 2 0 1218 1976 1221 2747
9303 2 2 0 1218 1977 1976 2747
9304 2 2 0 1218 1977 2747 2748
9305 2 2 0 1218 2052 1978 2748
9306 2 2 0 1218 1978 1158 2748
9307 2 2 0 1218 2747 2052 2748
9308 2 2 0 1219 1978 1159 1158
9309 2 2 0 1219 1979 1159 1978
9310 2 2 0 1219 1979 1222 1223
9311 2 2 0 1219 1979 1978 1222
9312 2 2 0 1220 1980 1160 1159
9313 2 2 0 1220 1979 1980 1159
9314 2 2 0 1220 1980 1223 1224
9315 2 2 0 1220 1980 1979 1223
9316 2 2 0 1221 1981 1161 1160
9317 2 2 0 1221 1980 1981 1160
9318 2 2 0 1221 1980 1224 1225
9319 2 2 0 1221 1981 1980 1225
9320 2 2 0 1222 1982 1162 1161
9321 2 2 0 1222 1981 1982 1161
9322 2 2 0 1222 1981 1225 1226
9323 2 2 0 1222 1982 1981 1226
9324 2 2 0 1223 1983 1163 1162
9325 2 2 0 1223 1982 1983 1162
9326 2 2 0 1223 1982 1226 1227
9327 2 2 0 1223 1983 1982 1227
9328 2 2 0 1224 1983 2059 1163
9329 2 2 0 1224 1163 2059 2749
9330 2 2 0 1224 1984 1985 1164
9331 2 2 0 1224 1228 1985 2749
9332 2 2 0 1224 1985 1984 2749
9333 2 2 0 1224 1984 1163 2749
9334 2 2 0 1224 2059 1983 1227
9335 2 2 0 1224 2059 1228 2749
9336 2 2 0 1225 1164 1985 2750
9337 2 2 0 1225 1985 2061 2750
9338 2 2 0 1225 1985 1228 2061
9339 2 2 0 1225 2061 1229 2750
9340 2 2 0 1225 1986 1987 1165
9341 2 2 0 1225 1986 1164 2750
9342 2 2 0 1225 1229 1987 2750
9343 2 2 0 1225 1987 1986 2750
9344 2 2 0 1226 1987 1229 2062
9345 2 2 0 1226 2062 1230 2751
9346 2 2 0 1226 1987 2062 2751
9347 2 2 0 1226 1165 1987 2751
9348 2 2 0 1226 1988 1165 2751
9349 2 2 0 1226 1166 1988 1230
9350 2 2 0 1226 1230 1988 2751
9351 2 2 0 1227 1230 2063 2752
9352 2 2 0 1227 2063 1231 2752
9353 2 2 0 1227 1989 1166 2752
9354 2 2 0 1227 1166 1230 2752
9355 2 2 0 1227 1167 1989 1231
9356 2 2 0 1227 1231 1989 2752
9357 2 2 0 1228 1232 1168 2753
9358 2 2 0 1228 1167 2064 2753
9359 2 2 0 1228 1168 1167 2753
9360 2 2 0 1228 2064 1232 2753
9361 2 2 0 1228 1231 2064 1167
9362 2 2 0 1229 2065 1169 1168
9363 2 2 0 1229 1232 2065 1168
9364 2 2 0 1229 1169 2065 1233
9365 2 2 0 1230 2066 1170 1169
9366 2 2 0 1230 1233 2066 1169
9367 2 2 0 1230 1170 2066 1234
9368 2 2 0 1231 1170 1234 2754
9369 2 2 0 1231 2067 1171 2754
9370 2 2 0 1231 1171 1170 2754
9371 2 2 0 1231 1234 2067 2754
9372 2 2 0 1231 1171 2067 1235
9373 2 2 0 1232 2068 1236 2755
9374 2 2 0 1232 1235 2068 2755
9375 2 2 0 1232 1172 1990 2755
9376 2 2 0 1232 1236 1172 2755
9377 2 2 0 1232 1235 1990 1171
9378 2 2 0 1232 1990 1235 2755
9379 2 2 0 1233 1992 2069 1237
9380 2 2 0 1233 1236 2069 2756
9381 2 2 0 1233 2069 1992 2756
9382 2 2 0 1233 1992 1173 2756
9383 2 2 0 1233 1173 1991 2756
9384 2 2 0 1233 1236 1991 1172
9385 2 2 0 1233 1991 1236 2756
9386 2 2 0 1234 1994 1174 2757
9387 2 2 0 1234 2070 1994 2757
9388 2 2 0 1234 1994 2070 1238
9389 2 2 0 1234 1237 2070 2757
9390 2 2 0 1234 1992 1993 1173
9391 2 2 0 1234 1174 1993 2757
9392 2 2 0 1234 1992 1237 2757
9393 2 2 0 1234 1993 1992 2757
9394 2 2 0 1235 1996 1175 2072
9395 2 2 0 1235 2072 1175 2758
9396 2 2 0 1235 1994 1995 1174
9397 2 2 0 1235 1994 1238 2758
9398 2 2 0 1235 1995 1994 2758
9399 2 2 0 1235 1175 1995 2758
9400 2 2 0 1235 1238 2072 2758
9401 2 2 0 1235 1996 2072 1239
9402 2 2 0 1236 1996 1176 1175
9403 2 2 0 1236 1997 1176 1996
9404 2 2 0 1236 1997 1239 1240
9405 2 2 0 1236 1997 1996 1239
9406 2 2 0 1237 1997 1177 1176
9407 2 2 0 1237 1998 1177 1997
9408 2 2 0 1237 1998 1240 1241
9409 2 2 0 1237 1998 1997 1240
9410 2 2 0 1238 1998 1178 1177
9411 2 2 0 1238 1999 1178 1998
9412 2 2 0 1238 1999 1241 1242
9413 2 2 0 1238 1999 1998 1241
9414 2 2 0 1239 1999 1179 1178
9415 2 2 0 1239 2000 1179 1999
9416 2 2 0 1239 1999 1242 1243
9417 2 2 0 1239 2000 1999 1243
9418 2 2 0 1240 2001 1180 1179
9419 2 2 0 1240 2000 2001 1179
9420 2 2 0 1240 2000 1243 1244
9421 2 2 0 1240 2001 2000 1244
9422 2 2 0 1241 2079 1245 2759
9423 2 2 0 1241 2079 2001 1244
9424 2 2 0 1241 2002 2003 1181
9425 2 2 0 1241 2002 1180 2760
9426 2 2 0 1241 1245 2003 2759
9427 2 2 0 1241 2003 2002 2759
9428 2 2 0 1241 2759 2002 2760
9429 2 2 0 1241 2001 2079 2760
9430 2 2 0 1241 1180 2001 2760
9431 2 2 0 1241 2079 2759 2760
9432 2 2 0 1242 2081 2003 1245
9433 2 2 0 1242 2004 2005 1182
9434 2 2 0 1242 2081 1246 2761
9435 2 2 0 1242 2004 1181 2762
9436 2 2 0 1242 2005 2004 2761
9437 2 2 0 1242 2003 2081 2762
9438 2 2 0 1242 1246 2005 2761
9439 2 2 0 1242 1181 2003 2762
9440 2 2 0 1242 2761 2004 2762
9441 2 2 0 1242 2081 2761 2762
9442 2 2 0 1243 2082 2005 1246
9443 2 2 0 1243 2005 2082 2763
9444 2 2 0 1243 2006 1182 2763
9445 2 2 0 1243 1183 2006 2764
9446 2 2 0 1243 1182 2005 2763
9447 2 2 0 1243 2082 1247 2764
9448 2 2 0 1243 2763 2082 2764
9449 2 2 0 1243 2006 2763 2764
9450 2 2 0 1243 1247 1183 2764
9451 2 2 0 1244 1247 2083 2765
9452 2 2 0 1244 2083 1248 2766
9453 2 2 0 1244 1184 2007 2766
9454 2 2 0 1244 2007 1183 2765
9455 2 2 0 1244 2765 2083 2766
9456 2 2 0 1244 2007 2765 2766
9457 2 2 0 1244 1183 1247 2765
9458 2 2 0 1244 1248 1184 2766
9459 2 2 0 1245 1248 2084 2768
9460 2 2 0 1245 2084 1249 2767
9461 2 2 0 1245 1185 2008 2767
9462 2 2 0 1245 2084 2767 2768
9463 2 2 0 1245 2008 1184 2768
9464 2 2 0 1245 2767 2008 2768
9465 2 2 0 1245 1184 1248 2768
9466 2 2 0 1245 1249 1185 2767
9467 2 2 0 1246 2085 1250 2770
9468 2 2 0 1246 1249 2085 2769
9469 2 2 0 1246 2009 1185 2769
9470 2 2 0 1246 2769 2085 2770
9471 2 2 0 1246 1186 2009 2770
9472 2 2 0 1246 2009 2769 2770
9473 2 2 0 1246 1185 1249 2769
9474 2 2 0 1246 1250 1186 2770
9475 2 2 0 1247 2086 1251 2771
9476 2 2 0 1247 1250 2086 2772
9477 2 2 0 1247 2010 1186 2772
9478 2 2 0 1247 1187 2010 2771
9479 2 2 0 1247 2086 2771 2772
9480 2 2 0 1247 2771 2010 2772
9481 2 2 0 1247 1186 1250 2772
9482 2 2 0 1247 1251 1187 2771
9483 2 2 0 1248 2012 2087 1252
9484 2 2 0 1248 2087 2012 2773
9485 2 2 0 1248 1188 2011 2773
9486 2 2 0 1248 2011 1187 2774
9487 2 2 0 1248 2012 1188 2773
9488 2 2 0 1248 1251 2087 2774
9489 2 2 0 1248 2087 2773 2774
9490 2 2 0 1248 2773 2011 2774
9491 2 2 0 1248 1187 1251 2774
9492 2 2 0 1249 2014 2088 1253
9493 2 2 0 1249 2012 2013 1188
9494 2 2 0 1249 1252 2088 2775
9495 2 2 0 1249 1189 2013 2776
9496 2 2 0 1249 2013 2012 2775
9497 2 2 0 1249 2088 2014 2776
9498 2 2 0 1249 2012 1252 2775
9499 2 2 0 1249 2014 1189 2776
9500 2 2 0 1249 2013 2775 2776
9501 2 2 0 1249 2775 2088 2776
9502 2 2 0 1250 1253 2090 2777
9503 2 2 0 1250 2016 2090 1254
9504 2 2 0 1250 2014 2015 1189
9505 2 2 0 1250 1190 2015 2778
9506 2 2 0 1250 2014 1253 2777
9507 2 2 0 1250 2015 2014 2777
9508 2 2 0 1250 2015 2777 2778
9509 2 2 0 1250 2090 2016 2778
9510 2 2 0 1250 2016 1190 2778
9511 2 2 0 1250 2777 2090 2778
9512 2 2 0 1251 2016 1191 1190
9513 2 2 0 1251 2017 1191 2016
9514 2 2 0 1251 2017 1254 1255
9515 2 2 0 1251 2017 2016 1254
9516 2 2 0 1252 2018 1192 1191
9517 2 2 0 1252 2017 2018 1191
9518 2 2 0 1252 2018 1255 1256
9519 2 2 0 1252 2018 2017 1255
9520 2 2 0 1253 2019 1193 1192
9521 2 2 0 1253 2018 2019 1192
9522 2 2 0 1253 2018 1256 1257
9523 2 2 0 1253 2019 2018 1257
9524 2 2 0 1254 2020 1194 1193
9525 2 2 0 1254 2019 2020 1193
9526 2 2 0 1254 2019 1257 1258
9527 2 2 0 1254 2020 2019 1258
9528 2 2 0 1255 2021 1195 1194
9529 2 2 0 1255 2020 2021 1194
9530 2 2 0 1255 2020 1258 1259
9531 2 2 0 1255 2021 2020 1259
9532 2 2 0 1256 2021 2097 1195
9533 2 2 0 1256 1195 2097 2779
9534 2 2 0 1256 2022 2023 1196
9535 2 2 0 1256 1260 2023 2779
9536 2 2 0 1256 2023 2022 2779
9537 2 2 0 1256 2022 1195 2779
9538 2 2 0 1256 2097 2021 1259
9539 2 2 0 1256 2097 1260 2779
9540 2 2 0 1257 1196 2023 2780
9541 2 2 0 1257 2023 2099 2780
9542 2 2 0 1257 2099 2023 1260
9543 2 2 0 1257 2099 1261 2780
9544 2 2 0 1257 2024 2025 1197
9545 2 2 0 1257 2024 1196 2780
9546 2 2 0 1257 1261 2025 2780
9547 2 2 0 1257 2025 2024 2780
9548 2 2 0 1258 2100 2025 1261
9549 2 2 0 1258 2100 1262 2781
9550 2 2 0 1258 2025 2100 2781
9551 2 2 0 1258 1197 2025 2781
9552 2 2 0 1258 2026 1197 2781
9553 2 2 0 1258 1198 2026 1262
9554 2 2 0 1258 1262 2026 2781
9555 2 2 0 1259 1262 2101 2782
9556 2 2 0 1259 2101 1263 2782
9557 2 2 0 1259 2027 1198 2782
9558 2 2 0 1259 1198 1262 2782
9559 2 2 0 1259 1199 2027 1263
9560 2 2 0 1259 1263 2027 2782
9561 2 2 0 1260 1264 1200 2783
9562 2 2 0 1260 1199 2102 2783
9563 2 2 0 1260 1200 1199 2783
9564 2 2 0 1260 2102 1264 2783
9565 2 2 0 1260 1263 2102 1199
9566 2 2 0 1261 2103 1201 1200
9567 2 2 0 1261 1264 2103 1200
9568 2 2 0 1261 1201 2103 1265
9569 2 2 0 1262 2104 1202 1201
9570 2 2 0 1262 1265 2104 1201
9571 2 2 0 1262 1202 2104 1266
9572 2 2 0 1263 1202 1266 2784
9573 2 2 0 1263 2105 1203 2784
9574 2 2 0 1263 1203 1202 2784
9575 2 2 0 1263 1266 2105 2784
9576 2 2 0 1263 1203 2105 1267
9577 2 2 0 1264 2106 1268 2785
9578 2 2 0 1264 1267 2106 2785
9579 2 2 0 1264 1204 2028 2785
9580 2 2 0 1264 1268 1204 2785
9581 2 2 0 1264 1267 2028 1203
9582 2 2 0 1264 2028 1267 2785
9583 2 2 0 1265 2030 2107 1269
9584 2 2 0 1265 1268 2107 2786
9585 2 2 0 1265 2107 2030 2786
9586 2 2 0 1265 2030 1205 2786
9587 2 2 0 1265 1205 2029 2786
9588 2 2 0 1265 1268 2029 1204
9589 2 2 0 1265 2029 1268 2786
9590 2 2 0 1266 2032 1206 2787
9591 2 2 0 1266 2108 2032 2787
9592 2 2 0 1266 2032 2108 1270
9593 2 2 0 1266 1269 2108 2787
9594 2 2 0 1266 2030 2031 1205
9595 2 2 0 1266 1206 2031 2787
9596 2 2 0 1266 2030 1269 2787
9597 2 2 0 1266 2031 2030 2787
9598 2 2 0 1267 2034 1207 2110
9599 2 2 0 1267 2110 1207 2788
9600 2 2 0 1267 2032 2033 1206
9601 2 2 0 1267 2032 1270 2788
9602 2 2 0 1267 2033 2032 2788
9603 2 2 0 1267 1207 2033 2788
9604 2 2 0 1267 1270 2110 2788
9605 2 2 0 1267 2034 2110 1271
9606 2 2 0 1268 2034 1208 1207
9607 2 2 0 1268 2035 1208 2034
9608 2 2 0 1268 2035 1271 1272
9609 2 2 0 1268 2035 2034 1271
9610 2 2 0 1269 2035 1209 1208
9611 2 2 0 1269 2036 1209 2035
9612 2 2 0 1269 2036 1272 1273
9613 2 2 0 1269 2036 2035 1272
9614 2 2 0 1270 2036 1210 1209
9615 2 2 0 1270 2037 1210 2036
9616 2 2 0 1270 2037 1273 1274
9617 2 2 0 1270 2037 2036 1273
9618 2 2 0 1271 2037 1211 1210
9619 2 2 0 1271 2038 1211 2037
9620 2 2 0 1271 2037 1274 1275
9621 2 2 0 1271 2038 2037 1275
9622 2 2 0 1272 2039 1212 1211
9623 2 2 0 1272 2038 2039 1211
9624 2 2 0 1272 2038 1275 1276
9625 2 2 0 1272 2039 2038 1276
9626 2 2 0 1273 2117 1277 2789
9627 2 2 0 1273 2117 2039 1276
9628 2 2 0 1273 2040 2041 1213
9629 2 2 0 1273 2040 1212 2790
9630 2 2 0 1273 1277 2041 2789
9631 2 2 0 1273 2041 2040 2789
9632 2 2 0 1273 2789 2040 2790
9633 2 2 0 1273 2039 2117 2790
9634 2 2 0 1273 1212 2039 2790
9635 2 2 0 1273 2117 2789 2790
9636 2 2 0 1274 2119 2041 1277
9637 2 2 0 1274 2042 2043 1214
9638 2 2 0 1274 2119 1278 2791
9639 2 2 0 1274 2042 1213 2792
9640 2 2 0 1274 2043 2042 2791
9641 2 2 0 1274 2041 2119 2792
9642 2 2 0 1274 1278 2043 2791
9643 2 2 0 1274 1213 2041 2792
9644 2 2 0 1274 2791 2042 2792
9645 2 2 0 1274 2119 2791 2792
9646 2 2 0 1275 2120 2043 1278
9647 2 2 0 1275 2043 2120 2793
9648 2 2 0 1275 2044 1214 2793
9649 2 2 0 1275 1215 2044 2794
9650 2 2 0 1275 1214 2043 2793
9651 2 2 0 1275 2120 1279 2794
9652 2 2 0 1275 2793 2120 2794
9653 2 2 0 1275 2044 2793 2794
9654 2 2 0 1275 1279 1215 2794
9655 2 2 0 1276 1279 2121 2795
9656 2 2 0 1276 2121 1280 2796
9657 2 2 0 1276 1216 2045 2796
9658 2 2 0 1276 2045 1215 2795
9659 2 2 0 1276 2795 2121 2796
9660 2 2 0 1276 2045 2795 2796
9661 2 2 0 1276 1215 1279 2795
9662 2 2 0 1276 1280 1216 2796
9663 2 2 0 1277 1280 2122 2798
9664 2 2 0 1277 2122 1217 2797
9665 2 2 0 1277 1153 2046 2797
9666 2 2 0 1277 2122 2797 2798
9667 2 2 0 1277 2046 1216 2798
9668 2 2 0 1277 2797 2046 2798
9669 2 2 0 1277 1217 1153 2797
9670 2 2 0 1277 1216 1280 2798
9671 2 2 0 1278 1282 1218 2800
9672 2 2 0 1278 2123 1282 2800
9673 2 2 0 1278 1281 2123 2799
9674 2 2 0 1278 2047 1217 2799
9675 2 2 0 1278 1218 2047 2800
9676 2 2 0 1278 2799 2123 2800
9677 2 2 0 1278 2047 2799 2800
9678 2 2 0 1278 1217 1281 2799
9679 2 2 0 1279 1283 1219 2802
9680 2 2 0 1279 1218 1282 2801
9681 2 2 0 1279 2124 1283 2802
9682 2 2 0 1279 2048 1218 2801
9683 2 2 0 1279 1282 2124 2801
9684 2 2 0 1279 1219 2048 2802
9685 2 2 0 1279 2048 2801 2802
9686 2 2 0 1279 2801 2124 2802
9687 2 2 0 1280 1283 2049 1219
9688 2 2 0 1280 2125 2049 1283
9689 2 2 0 1280 1220 2049 2125
9690 2 2 0 1280 1220 2125 1284
9691 2 2 0 1281 2050 2126 2803
9692 2 2 0 1281 2126 2050 1284
9693 2 2 0 1281 1284 2050 1220
9694 2 2 0 1281 1221 2050 2803
9695 2 2 0 1281 2126 2051 2803
9696 2 2 0 1281 2051 1221 2803
9697 2 2 0 1281 2051 2126 1285
9698 2 2 0 1282 1222 2052 2804
9699 2 2 0 1282 2052 2051 2805
9700 2 2 0 1282 2053 2128 1286
9701 2 2 0 1282 2127 2804 2805
9702 2 2 0 1282 2128 2053 2804
9703 2 2 0 1282 2053 1222 2804
9704 2 2 0 1282 2804 2052 2805
9705 2 2 0 1282 1285 2127 2805
9706 2 2 0 1282 2127 2128 2804
9707 2 2 0 1282 2051 1285 2805
9708 2 2 0 1282 2051 2052 1221
9709 2 2 0 1283 2053 1223 1222
9710 2 2 0 1283 1223 2053 2054
9711 2 2 0 1283 2054 1286 1287
9712 2 2 0 1283 2053 1286 2054
9713 2 2 0 1284 2054 2055 2806
9714 2 2 0 1284 1224 1223 2806
9715 2 2 0 1284 1223 2054 2806
9716 2 2 0 1284 2055 1224 2806
9717 2 2 0 1284 2055 1287 1288
9718 2 2 0 1284 2054 1287 2055
9719 2 2 0 1285 2056 1225 1224
9720 2 2 0 1285 2055 2056 1224
9721 2 2 0 1285 2055 1288 1289
9722 2 2 0 1285 2056 2055 1289
9723 2 2 0 1286 2057 1226 1225
9724 2 2 0 1286 2056 2057 1225
9725 2 2 0 1286 2056 1289 1290
9726 2 2 0 1286 2057 2056 1290
9727 2 2 0 1287 2058 1227 1226
9728 2 2 0 1287 2057 2058 1226
9729 2 2 0 1287 2057 1290 1291
9730 2 2 0 1287 2058 2057 1291
9731 2 2 0 1288 2135 2058 1291
9732 2 2 0 1288 2059 2807 2808
9733 2 2 0 1288 2058 2135 2807
9734 2 2 0 1288 1292 2060 2808
9735 2 2 0 1288 2060 2059 2808
9736 2 2 0 1288 1227 2058 2807
9737 2 2 0 1288 2135 2136 2807
9738 2 2 0 1288 2136 1292 2808
9739 2 2 0 1288 2807 2136 2808
9740 2 2 0 1288 2060 1228 2059
9741 2 2 0 1288 2059 1227 2807
9742 2 2 0 1289 1229 2061 1293
9743 2 2 0 1289 1228 2060 2809
9744 2 2 0 1289 2137 1293 2809
9745 2 2 0 1289 2060 2137 2809
9746 2 2 0 1289 1293 2061 2809
9747 2 2 0 1289 2061 1228 2809
9748 2 2 0 1289 1292 2137 2060
9749 2 2 0 1290 1293 2138 2810
9750 2 2 0 1290 1294 2062 2810
9751 2 2 0 1290 2138 1294 2810
9752 2 2 0 1290 2062 1229 2810
9753 2 2 0 1290 1229 1293 2810
9754 2 2 0 1290 1230 2062 1294
9755 2 2 0 1291 1294 2139 2811
9756 2 2 0 1291 1231 2063 2812
9757 2 2 0 1291 2139 1295 2812
9758 2 2 0 1291 2063 1230 2811
9759 2 2 0 1291 2811 2139 2812
9760 2 2 0 1291 2063 2811 2812
9761 2 2 0 1291 1295 1231 2812
9762 2 2 0 1291 1230 1294 2811
9763 2 2 0 1292 1295 2140 2813
9764 2 2 0 1292 1232 2064 2814
9765 2 2 0 1292 2140 1296 2814
9766 2 2 0 1292 2064 1231 2813
9767 2 2 0 1292 2813 2140 2814
9768 2 2 0 1292 2064 2813 2814
9769 2 2 0 1292 1231 1295 2813
9770 2 2 0 1292 1296 1232 2814
9771 2 2 0 1293 1296 2141 2816
9772 2 2 0 1293 1233 2065 2815
9773 2 2 0 1293 2141 1297 2815
9774 2 2 0 1293 2065 1232 2816
9775 2 2 0 1293 2815 2065 2816
9776 2 2 0 1293 2141 2815 2816
9777 2 2 0 1293 1232 1296 2816
9778 2 2 0 1293 1297 1233 2815
9779 2 2 0 1294 2142 1298 2818
9780 2 2 0 1294 2066 1233 2817
9781 2 2 0 1294 1297 2142 2817
9782 2 2 0 1294 1234 2066 2818
9783 2 2 0 1294 2066 2817 2818
9784 2 2 0 1294 2817 2142 2818
9785 2 2 0 1294 1233 1297 2817
9786 2 2 0 1294 1298 1234 2818
9787 2 2 0 1295 2143 1299 2819
9788 2 2 0 1295 2067 1234 2820
9789 2 2 0 1295 1298 2143 2820
9790 2 2 0 1295 1235 2067 2819
9791 2 2 0 1295 2143 2819 2820
9792 2 2 0 1295 2819 2067 2820
9793 2 2 0 1295 1234 1298 2820
9794 2 2 0 1295 1299 1235 2819
9795 2 2 0 1296 2144 1300 2821
9796 2 2 0 1296 2068 1235 2822
9797 2 2 0 1296 1299 2144 2822
9798 2 2 0 1296 1236 2068 2821
9799 2 2 0 1296 2144 2821 2822
9800 2 2 0 1296 2821 2068 2822
9801 2 2 0 1296 1235 1299 2822
9802 2 2 0 1296 1300 1236 2821
9803 2 2 0 1297 2145 1301 2823
9804 2 2 0 1297 2069 1300 2823
9805 2 2 0 1297 1300 2145 2823
9806 2 2 0 1297 1237 2069 2823
9807 2 2 0 1297 1300 2069 1236
9808 2 2 0 1297 1301 1237 2823
9809 2 2 0 1298 1301 2070 1237
9810 2 2 0 1298 2071 1238 2824
9811 2 2 0 1298 1301 2146 2824
9812 2 2 0 1298 2146 2071 2824
9813 2 2 0 1298 2070 1301 2824
9814 2 2 0 1298 1238 2070 2824
9815 2 2 0 1298 2071 2146 1302
9816 2 2 0 1299 2073 2148 1303
9817 2 2 0 1299 2825 2072 2826
9818 2 2 0 1299 2148 2073 2825
9819 2 2 0 1299 2071 1302 2826
9820 2 2 0 1299 2072 2071 2826
9821 2 2 0 1299 2073 1239 2825
9822 2 2 0 1299 2147 2148 2825
9823 2 2 0 1299 1302 2147 2826
9824 2 2 0 1299 2147 2825 2826
9825 2 2 0 1299 2071 2072 1238
9826 2 2 0 1299 1239 2072 2825
9827 2 2 0 1300 2073 1240 1239
9828 2 2 0 1300 2074 1240 2073
9829 2 2 0 1300 2074 1303 1304
9830 2 2 0 1300 2074 2073 1303
9831 2 2 0 1301 2074 1241 1240
9832 2 2 0 1301 2075 1241 2074
9833 2 2 0 1301 2075 1304 1305
9834 2 2 0 1301 2075 2074 1304
9835 2 2 0 1302 2075 1242 1241
9836 2 2 0 1302 2076 1242 2075
9837 2 2 0 1302 2076 1305 1306
9838 2 2 0 1302 2076 2075 1305
9839 2 2 0 1303 2076 2077 2827
9840 2 2 0 1303 1243 1242 2827
9841 2 2 0 1303 1242 2076 2827
9842 2 2 0 1303 2077 1243 2827
9843 2 2 0 1303 2076 1306 1307
9844 2 2 0 1303 2077 2076 1307
9845 2 2 0 1304 2078 1244 1243
9846 2 2 0 1304 2077 2078 1243
9847 2 2 0 1304 2077 1307 1308
9848 2 2 0 1304 2078 2077 1308
9849 2 2 0 1305 2079 1244 2828
9850 2 2 0 1305 2080 2079 2829
9851 2 2 0 1305 2155 2078 1308
9852 2 2 0 1305 2828 2156 2829
9853 2 2 0 1305 2078 2155 2828
9854 2 2 0 1305 1244 2078 2828
9855 2 2 0 1305 2079 2828 2829
9856 2 2 0 1305 2156 1309 2829
9857 2 2 0 1305 2155 2156 2828
9858 2 2 0 1305 1309 2080 2829
9859 2 2 0 1305 2079 2080 1245
9860 2 2 0 1306 2157 2081 2830
9861 2 2 0 1306 2081 2157 1310
9862 2 2 0 1306 1246 2081 1310
9863 2 2 0 1306 2081 1245 2830
9864 2 2 0 1306 2080 2157 2830
9865 2 2 0 1306 1245 2080 2830
9866 2 2 0 1306 2157 2080 1309
9867 2 2 0 1307 1247 2082 1311
9868 2 2 0 1307 2082 2158 1311
9869 2 2 0 1307 2158 2082 1246
9870 2 2 0 1307 1310 2158 1246
9871 2 2 0 1308 1247 1311 2832
9872 2 2 0 1308 1312 1248 2831
9873 2 2 0 1308 1311 2159 2832
9874 2 2 0 1308 1248 2083 2831
9875 2 2 0 1308 2159 1312 2831
9876 2 2 0 1308 2083 1247 2832
9877 2 2 0 1308 2831 2083 2832
9878 2 2 0 1308 2159 2831 2832
9879 2 2 0 1309 1248 1312 2834
9880 2 2 0 1309 1312 2160 2834
9881 2 2 0 1309 2160 1313 2833
9882 2 2 0 1309 1249 2084 2833
9883 2 2 0 1309 2084 1248 2834
9884 2 2 0 1309 2160 2833 2834
9885 2 2 0 1309 2833 2084 2834
9886 2 2 0 1309 1313 1249 2833
9887 2 2 0 1310 1314 1250 2836
9888 2 2 0 1310 2161 1314 2836
9889 2 2 0 1310 1313 2161 2835
9890 2 2 0 1310 2085 1249 2835
9891 2 2 0 1310 1250 2085 2836
9892 2 2 0 1310 2835 2161 2836
9893 2 2 0 1310 2085 2835 2836
9894 2 2 0 1310 1249 1313 2835
9895 2 2 0 1311 1315 1251 2838
9896 2 2 0 1311 1250 1314 2837
9897 2 2 0 1311 2162 1315 2838
9898 2 2 0 1311 2086 1250 2837
9899 2 2 0 1311 1314 2162 2837
9900 2 2 0 1311 1251 2086 2838
9901 2 2 0 1311 2086 2837 2838
9902 2 2 0 1311 2837 2162 2838
9903 2 2 0 1312 1315 2087 1251
9904 2 2 0 1312 2163 2087 1315
9905 2 2 0 1312 1252 2087 2163
9906 2 2 0 1312 1252 2163 1316
9907 2 2 0 1313 2088 2164 2839
9908 2 2 0 1313 2164 2088 1316
9909 2 2 0 1313 1316 2088 1252
9910 2 2 0 1313 1253 2088 2839
9911 2 2 0 1313 2164 2089 2839
9912 2 2 0 1313 2089 1253 2839
9913 2 2 0 1313 2089 2164 1317
9914 2 2 0 1314 1254 2090 2840
9915 2 2 0 1314 2090 2089 2841
9916 2 2 0 1314 2091 2166 1318
9917 2 2 0 1314 2165 2840 2841
9918 2 2 0 1314 2166 2091 2840
9919 2 2 0 1314 2091 1254 2840
9920 2 2 0 1314 2840 2090 2841
9921 2 2 0 1314 1317 2165 2841
9922 2 2 0 1314 2165 2166 2840
9923 2 2 0 1314 2089 1317 2841
9924 2 2 0 1314 2089 2090 1253
9925 2 2 0 1315 2091 1255 1254
9926 2 2 0 1315 2092 1255 2091
9927 2 2 0 1315 2092 1318 1319
9928 2 2 0 1315 2092 2091 1318
9929 2 2 0 1316 2092 2093 2842
9930 2 2 0 1316 1256 1255 2842
9931 2 2 0 1316 1255 2092 2842
9932 2 2 0 1316 2093 1256 2842
9933 2 2 0 1316 2093 1319 1320
9934 2 2 0 1316 2093 2092 1319
9935 2 2 0 1317 2094 1257 1256
9936 2 2 0 1317 2093 2094 1256
9937 2 2 0 1317 2093 1320 1321
9938 2 2 0 1317 2094 2093 1321
9939 2 2 0 1318 2095 1258 1257
9940 2 2 0 1318 2094 2095 1257
9941 2 2 0 1318 2094 1321 1322
9942 2 2 0 1318 2095 2094 1322
9943 2 2 0 1319 2096 1259 1258
9944 2 2 0 1319 2095 2096 1258
9945 2 2 0 1319 2095 1322 1323
9946 2 2 0 1319 2096 2095 1323
9947 2 2 0 1320 2173 2096 1323
9948 2 2 0 1320 2097 2843 2844
9949 2 2 0 1320 2096 2173 2843
9950 2 2 0 1320 1324 2098 2844
9951 2 2 0 1320 2098 2097 2844
9952 2 2 0 1320 1259 2096 2843
9953 2 2 0 1320 2173 2174 2843
9954 2 2 0 1320 2174 1324 2844
9955 2 2 0 1320 2843 2174 2844
9956 2 2 0 1320 2097 2098 1260
9957 2 2 0 1320 2097 1259 2843
9958 2 2 0 1321 1261 2099 1325
9959 2 2 0 1321 1260 2098 2845
9960 2 2 0 1321 2175 1325 2845
9961 2 2 0 1321 2098 2175 2845
9962 2 2 0 1321 1325 2099 2845
9963 2 2 0 1321 2099 1260 2845
9964 2 2 0 1321 2175 2098 1324
9965 2 2 0 1322 1325 2176 2846
9966 2 2 0 1322 1326 2100 2846
9967 2 2 0 1322 2176 1326 2846
9968 2 2 0 1322 2100 1261 2846
9969 2 2 0 1322 1261 1325 2846
9970 2 2 0 1322 1262 2100 1326
9971 2 2 0 1323 1326 2177 2847
9972 2 2 0 1323 1263 2101 2848
9973 2 2 0 1323 2177 1327 2848
9974 2 2 0 1323 2101 1262 2847
9975 2 2 0 1323 2847 2177 2848
9976 2 2 0 1323 2101 2847 2848
9977 2 2 0 1323 1327 1263 2848
9978 2 2 0 1323 1262 1326 2847
9979 2 2 0 1324 1327 2178 2849
9980 2 2 0 1324 1264 2102 2850
9981 2 2 0 1324 2178 1328 2850
9982 2 2 0 1324 2102 1263 2849
9983 2 2 0 1324 2849 2178 2850
9984 2 2 0 1324 2102 2849 2850
9985 2 2 0 1324 1263 1327 2849
9986 2 2 0 1324 1328 1264 2850
9987 2 2 0 1325 1328 2179 2852
9988 2 2 0 1325 1265 2103 2851
9989 2 2 0 1325 2179 1329 2851
9990 2 2 0 1325 2103 1264 2852
9991 2 2 0 1325 2851 2103 2852
9992 2 2 0 1325 2179 2851 2852
9993 2 2 0 1325 1264 1328 2852
9994 2 2 0 1325 1329 1265 2851
9995 2 2 0 1326 2180 1330 2854
9996 2 2 0 1326 2104 1265 2853
9997 2 2 0 1326 1329 2180 2853
9998 2 2 0 1326 1266 2104 2854
9999 2 2 0 1326 2104 2853 2854
10000 2 2 0 1326 2853 2180 2854
10001 2 2 0 1326 1265 1329 2853
10002 2 2 0 1326 1330 1266 2854
10003 2 2 0 1327 2181 1331 2855
10004 2 2 0 1327 2105 1266 2856
10005 2 2 0 1327 1330 2181 2856
10006 2 2 0 1327 1267 2105 2855
10007 2 2 0 1327 2181 2855 2856
10008 2 2 0 1327 2855 2105 2856
10009 2 2 0 1327 1266 1330 2856
10010 2 2 0 1327 1331 1267 2855
10011 2 2 0 1328 2182 1332 2857
10012 2 2 0 1328 2106 1267 2858
10013 2 2 0 1328 1331 2182 2858
10014 2 2 0 1328 1268 2106 2857
10015 2 2 0 1328 2182 2857 2858
10016 2 2 0 1328 2857 2106 2858
10017 2 2 0 1328 1267 1331 2858
10018 2 2 0 1328 1332 1268 2857
10019 2 2 0 1329 2183 1333 2859
10020 2 2 0 1329 2107 1332 2859
10021 2 2 0 1329 1332 2183 2859
10022 2 2 0 1329 1269 2107 2859
10023 2 2 0 1329 1332 2107 1268
10024 2 2 0 1329 1333 1269 2859
10025 2 2 0 1330 1333 2108 1269
10026 2 2 0 1330 2109 1270 2860
10027 2 2 0 1330 1333 2184 2860
10028 2 2 0 1330 2184 2109 2860
10029 2 2 0 1330 2108 1333 2860
10030 2 2 0 1330 1270 2108 2860
10031 2 2 0 1330 2109 2184 1334
10032 2 2 0 1331 2111 2186 1335
10033 2 2 0 1331 2861 2110 2862
10034 2 2 0 1331 2186 2111 2861
10035 2 2 0 1331 2109 1334 2862
10036 2 2 0 1331 2110 2109 2862
10037 2 2 0 1331 2111 1271 2861
10038 2 2 0 1331 2185 2186 2861
10039 2 2 0 1331 1334 2185 2862
10040 2 2 0 1331 2185 2861 2862
10041 2 2 0 1331 2109 2110 1270
10042 2 2 0 1331 1271 2110 2861
10043 2 2 0 1332 2111 1272 1271
10044 2 2 0 1332 2112 1272 2111
10045 2 2 0 1332 2112 1335 1336
10046 2 2 0 1332 2112 2111 1335
10047 2 2 0 1333 2112 1273 1272
10048 2 2 0 1333 2113 1273 2112
10049 2 2 0 1333 2113 1336 1337
10050 2 2 0 1333 2113 2112 1336
10051 2 2 0 1334 2113 1274 1273
10052 2 2 0 1334 2114 1274 2113
10053 2 2 0 1334 2114 1337 1338
10054 2 2 0 1334 2114 2113 1337
10055 2 2 0 1335 2114 2115 2863
10056 2 2 0 1335 1275 1274 2863
10057 2 2 0 1335 1274 2114 2863
10058 2 2 0 1335 2115 1275 2863
10059 2 2 0 1335 2114 1338 1339
10060 2 2 0 1335 2115 2114 1339
10061 2 2 0 1336 2116 1276 1275
10062 2 2 0 1336 2115 2116 1275
10063 2 2 0 1336 2115 1339 1340
10064 2 2 0 1336 2116 2115 1340
10065 2 2 0 1337 2117 1276 2864
10066 2 2 0 1337 2118 2117 2865
10067 2 2 0 1337 2193 2116 1340
10068 2 2 0 1337 2864 2194 2865
10069 2 2 0 1337 2116 2193 2864
10070 2 2 0 1337 1276 2116 2864
10071 2 2 0 1337 2117 2864 2865
10072 2 2 0 1337 2194 1341 2865
10073 2 2 0 1337 2193 2194 2864
10074 2 2 0 1337 1341 2118 2865
10075 2 2 0 1337 2117 2118 1277
10076 2 2 0 1338 2195 2119 2866
10077 2 2 0 1338 2119 2195 1342
10078 2 2 0 1338 1278 2119 1342
10079 2 2 0 1338 2119 1277 2866
10080 2 2 0 1338 2118 2195 2866
10081 2 2 0 1338 1277 2118 2866
10082 2 2 0 1338 2195 2118 1341
10083 2 2 0 1339 1279 2120 1343
10084 2 2 0 1339 2120 2196 1343
10085 2 2 0 1339 2196 2120 1278
10086 2 2 0 1339 1342 2196 1278
10087 2 2 0 1340 1279 1343 2868
10088 2 2 0 1340 1344 1280 2867
10089 2 2 0 1340 1343 2197 2868
10090 2 2 0 1340 1280 2121 2867
10091 2 2 0 1340 2197 1344 2867
10092 2 2 0 1340 2121 1279 2868
10093 2 2 0 1340 2867 2121 2868
10094 2 2 0 1340 2197 2867 2868
10095 2 2 0 1341 1280 1344 2870
10096 2 2 0 1341 1344 2198 2870
10097 2 2 0 1341 2198 1281 2869
10098 2 2 0 1341 1217 2122 2869
10099 2 2 0 1341 2122 1280 2870
10100 2 2 0 1341 2198 2869 2870
10101 2 2 0 1341 2869 2122 2870
10102 2 2 0 1341 1281 1217 2869
10103 2 2 0 1342 1281 1345 2871
10104 2 2 0 1342 1346 1282 2872
10105 2 2 0 1342 2199 1346 2872
10106 2 2 0 1342 1345 2199 2871
10107 2 2 0 1342 2123 1281 2871
10108 2 2 0 1342 1282 2123 2872
10109 2 2 0 1342 2123 2871 2872
10110 2 2 0 1342 2871 2199 2872
10111 2 2 0 1343 1346 2124 1282
10112 2 2 0 1343 2200 2124 1346
10113 2 2 0 1343 1283 2124 2200
10114 2 2 0 1343 1283 2200 1347
10115 2 2 0 1344 2201 2125 1347
10116 2 2 0 1344 1347 2125 1283
10117 2 2 0 1344 1284 2201 1348
10118 2 2 0 1344 1284 2125 2201
10119 2 2 0 1345 2202 2126 1348
10120 2 2 0 1345 1348 2126 1284
10121 2 2 0 1345 1285 2202 1349
10122 2 2 0 1345 1285 2126 2202
10123 2 2 0 1346 2129 2204 1350
10124 2 2 0 1346 2128 2127 2203
10125 2 2 0 1346 2203 2127 1349
10126 2 2 0 1346 1349 2127 1285
10127 2 2 0 1346 2129 1286 2873
10128 2 2 0 1346 2204 2129 2873
10129 2 2 0 1346 2203 2204 2873
10130 2 2 0 1346 2128 2203 2873
10131 2 2 0 1346 1286 2128 2873
10132 2 2 0 1347 2129 1287 1286
10133 2 2 0 1347 1287 2129 2130
10134 2 2 0 1347 2130 1350 1351
10135 2 2 0 1347 2130 2129 1350
10136 2 2 0 1348 2130 1288 1287
10137 2 2 0 1348 1288 2130 2131
10138 2 2 0 1348 2131 1351 1352
10139 2 2 0 1348 2131 2130 1351
10140 2 2 0 1349 2132 2131 2874
10141 2 2 0 1349 1352 1353 2874
10142 2 2 0 1349 2131 1352 2874
10143 2 2 0 1349 1353 2132 2874
10144 2 2 0 1349 2132 1289 1288
10145 2 2 0 1349 2131 2132 1288
10146 2 2 0 1350 2133 1290 1289
10147 2 2 0 1350 2132 2133 1289
10148 2 2 0 1350 2132 1353 1354
10149 2 2 0 1350 2133 2132 1354
10150 2 2 0 1351 2134 1291 1290
10151 2 2 0 1351 2133 2134 1290
10152 2 2 0 1351 2133 1354 1355
10153 2 2 0 1351 2134 2133 1355
10154 2 2 0 1352 2135 2206 2136
10155 2 2 0 1352 2136 2206 1356
10156 2 2 0 1352 1292 2136 1356
10157 2 2 0 1352 1291 2134 2875
10158 2 2 0 1352 2134 2205 2875
10159 2 2 0 1352 2205 2206 2875
10160 2 2 0 1352 2135 1291 2875
10161 2 2 0 1352 2206 2135 2875
10162 2 2 0 1352 2205 2134 1355
10163 2 2 0 1353 2137 2207 1357
10164 2 2 0 1353 1356 2207 1292
10165 2 2 0 1353 2207 2137 1292
10166 2 2 0 1353 1293 2137 1357
10167 2 2 0 1354 1357 2208 1293
10168 2 2 0 1354 2138 2208 1358
10169 2 2 0 1354 1294 2138 1358
10170 2 2 0 1354 2208 2138 1293
10171 2 2 0 1355 1295 2139 1359
10172 2 2 0 1355 2139 2209 1359
10173 2 2 0 1355 2209 2139 1294
10174 2 2 0 1355 1358 2209 1294
10175 2 2 0 1356 1360 1296 2876
10176 2 2 0 1356 1295 1359 2877
10177 2 2 0 1356 1359 2210 2877
10178 2 2 0 1356 2210 1360 2876
10179 2 2 0 1356 2210 2876 2877
10180 2 2 0 1356 1296 2140 2876
10181 2 2 0 1356 2140 1295 2877
10182 2 2 0 1356 2876 2140 2877
10183 2 2 0 1357 1361 1297 2878
10184 2 2 0 1357 1296 1360 2879
10185 2 2 0 1357 1360 2211 2879
10186 2 2 0 1357 2211 1361 2878
10187 2 2 0 1357 1297 2141 2878
10188 2 2 0 1357 2141 1296 2879
10189 2 2 0 1357 2878 2141 2879
10190 2 2 0 1357 2211 2878 2879
10191 2 2 0 1358 1297 1361 2880
10192 2 2 0 1358 1362 1298 2881
10193 2 2 0 1358 2212 1362 2881
10194 2 2 0 1358 1361 2212 2880
10195 2 2 0 1358 2142 1297 2880
10196 2 2 0 1358 1298 2142 2881
10197 2 2 0 1358 2142 2880 2881
10198 2 2 0 1358 2880 2212 2881
10199 2 2 0 1359 1298 1362 2882
10200 2 2 0 1359 1363 1299 2883
10201 2 2 0 1359 2213 1363 2883
10202 2 2 0 1359 1362 2213 2882
10203 2 2 0 1359 2882 2213 2883
10204 2 2 0 1359 2143 1298 2882
10205 2 2 0 1359 1299 2143 2883
10206 2 2 0 1359 2143 2882 2883
10207 2 2 0 1360 1363 2144 1299
10208 2 2 0 1360 1363 2214 2144
10209 2 2 0 1360 2214 1300 2144
10210 2 2 0 1360 1300 2214 1364
10211 2 2 0 1361 1301 2215 1365
10212 2 2 0 1361 1364 2215 2145
10213 2 2 0 1361 1364 2145 1300
10214 2 2 0 1361 2215 1301 2145
10215 2 2 0 1362 1365 2216 2146
10216 2 2 0 1362 1302 2216 1366
10217 2 2 0 1362 2216 1302 2146
10218 2 2 0 1362 1365 2146 1301
10219 2 2 0 1363 2217 2148 2147
10220 2 2 0 1363 1366 2217 2147
10221 2 2 0 1363 1366 2147 1302
10222 2 2 0 1363 2149 1303 2884
10223 2 2 0 1363 2218 2149 2884
10224 2 2 0 1363 2217 2218 2884
10225 2 2 0 1363 1303 2148 2884
10226 2 2 0 1363 2148 2217 2884
10227 2 2 0 1363 2149 2218 1367
10228 2 2 0 1364 2149 1304 1303
10229 2 2 0 1364 2150 1304 2149
10230 2 2 0 1364 2150 1367 1368
10231 2 2 0 1364 2150 2149 1367
10232 2 2 0 1365 2150 1305 1304
10233 2 2 0 1365 2151 1305 2150
10234 2 2 0 1365 2151 1368 1369
10235 2 2 0 1365 2151 2150 1368
10236 2 2 0 1366 2152 2151 2885
10237 2 2 0 1366 1369 1370 2885
10238 2 2 0 1366 2151 1369 2885
10239 2 2 0 1366 1370 2152 2885
10240 2 2 0 1366 2151 1306 1305
10241 2 2 0 1366 2152 1306 2151
10242 2 2 0 1367 2153 1307 1306
10243 2 2 0 1367 2152 2153 1306
10244 2 2 0 1367 2152 1370 1371
10245 2 2 0 1367 2153 2152 1371
10246 2 2 0 1368 2154 1308 1307
10247 2 2 0 1368 2153 2154 1307
10248 2 2 0 1368 2153 1371 1372
10249 2 2 0 1368 2154 2153 1372
10250 2 2 0 1369 2219 2154 1372
10251 2 2 0 1369 2156 2155 2220
10252 2 2 0 1369 2156 2220 1373
10253 2 2 0 1369 1309 2156 1373
10254 2 2 0 1369 1308 2154 2886
10255 2 2 0 1369 2154 2219 2886
10256 2 2 0 1369 2219 2220 2886
10257 2 2 0 1369 2220 2155 2886
10258 2 2 0 1369 2155 1308 2886
10259 2 2 0 1370 2157 2221 1374
10260 2 2 0 1370 1310 2157 1374
10261 2 2 0 1370 1373 2221 1309
10262 2 2 0 1370 2221 2157 1309
10263 2 2 0 1371 2158 2222 1375
10264 2 2 0 1371 1311 2158 1375
10265 2 2 0 1371 1374 2222 1310
10266 2 2 0 1371 2222 2158 1310
10267 2 2 0 1372 1312 2159 1376
10268 2 2 0 1372 2159 2223 1376
10269 2 2 0 1372 2223 2159 1311
10270 2 2 0 1372 1375 2223 1311
10271 2 2 0 1373 1377 1313 2887
10272 2 2 0 1373 1312 1376 2888
10273 2 2 0 1373 1376 2224 2888
10274 2 2 0 1373 2224 1377 2887
10275 2 2 0 1373 1313 2160 2887
10276 2 2 0 1373 2160 1312 2888
10277 2 2 0 1373 2887 2160 2888
10278 2 2 0 1373 2224 2887 2888
10279 2 2 0 1374 1313 1377 2889
10280 2 2 0 1374 1378 1314 2890
10281 2 2 0 1374 2225 1378 2890
10282 2 2 0 1374 1377 2225 2889
10283 2 2 0 1374 2161 1313 2889
10284 2 2 0 1374 1314 2161 2890
10285 2 2 0 1374 2161 2889 2890
10286 2 2 0 1374 2889 2225 2890
10287 2 2 0 1375 1378 2162 1314
10288 2 2 0 1375 2226 2162 1378
10289 2 2 0 1375 1315 2162 2226
10290 2 2 0 1375 1315 2226 1379
10291 2 2 0 1376 2227 2163 1379
10292 2 2 0 1376 1379 2163 1315
10293 2 2 0 1376 1316 2227 1380
10294 2 2 0 1376 1316 2163 2227
10295 2 2 0 1377 2228 2164 1380
10296 2 2 0 1377 1380 2164 1316
10297 2 2 0 1377 1317 2228 1381
10298 2 2 0 1377 1317 2164 2228
10299 2 2 0 1378 2167 2230 1382
10300 2 2 0 1378 2166 2165 2229
10301 2 2 0 1378 2229 2165 1381
10302 2 2 0 1378 1381 2165 1317
10303 2 2 0 1378 2167 1318 2891
10304 2 2 0 1378 2230 2167 2891
10305 2 2 0 1378 2229 2230 2891
10306 2 2 0 1378 2166 2229 2891
10307 2 2 0 1378 1318 2166 2891
10308 2 2 0 1379 2167 1319 1318
10309 2 2 0 1379 2168 1319 2167
10310 2 2 0 1379 2168 1382 1383
10311 2 2 0 1379 2168 2167 1382
10312 2 2 0 1380 2168 1320 1319
10313 2 2 0 1380 2169 1320 2168
10314 2 2 0 1380 2169 1383 1384
10315 2 2 0 1380 2169 2168 1383
10316 2 2 0 1381 2170 2169 2892
10317 2 2 0 1381 1384 1385 2892
10318 2 2 0 1381 2169 1384 2892
10319 2 2 0 1381 1385 2170 2892
10320 2 2 0 1381 2170 1321 1320
10321 2 2 0 1381 2169 2170 1320
10322 2 2 0 1382 2171 1322 1321
10323 2 2 0 1382 2170 2171 1321
10324 2 2 0 1382 2170 1385 1386
10325 2 2 0 1382 2171 2170 1386
10326 2 2 0 1383 2172 1323 1322
10327 2 2 0 1383 2171 2172 1322
10328 2 2 0 1383 2171 1386 1387
10329 2 2 0 1383 2172 2171 1387
10330 2 2 0 1384 2174 2173 2232
10331 2 2 0 1384 2174 2232 1388
10332 2 2 0 1384 1324 2174 1388
10333 2 2 0 1384 1323 2172 2893
10334 2 2 0 1384 2172 2231 2893
10335 2 2 0 1384 2231 2232 2893
10336 2 2 0 1384 2173 1323 2893
10337 2 2 0 1384 2232 2173 2893
10338 2 2 0 1384 2231 2172 1387
10339 2 2 0 1385 2175 2233 1389
10340 2 2 0 1385 1388 2233 1324
10341 2 2 0 1385 2233 2175 1324
10342 2 2 0 1385 1325 2175 1389
10343 2 2 0 1386 1389 2234 1325
10344 2 2 0 1386 2176 2234 1390
10345 2 2 0 1386 1326 2176 1390
10346 2 2 0 1386 2234 2176 1325
10347 2 2 0 1387 1327 2177 1391
10348 2 2 0 1387 2177 2235 1391
10349 2 2 0 1387 2235 2177 1326
10350 2 2 0 1387 1390 2235 1326
10351 2 2 0 1388 1392 1328 2894
10352 2 2 0 1388 1327 1391 2895
10353 2 2 0 1388 1391 2236 2895
10354 2 2 0 1388 2236 1392 2894
10355 2 2 0 1388 2236 2894 2895
10356 2 2 0 1388 1328 2178 2894
10357 2 2 0 1388 2178 1327 2895
10358 2 2 0 1388 2894 2178 2895
10359 2 2 0 1389 1393 1329 2896
10360 2 2 0 1389 1328 1392 2897
10361 2 2 0 1389 1392 2237 2897
10362 2 2 0 1389 2237 1393 2896
10363 2 2 0 1389 1329 2179 2896
10364 2 2 0 1389 2179 1328 2897
10365 2 2 0 1389 2896 2179 2897
10366 2 2 0 1389 2237 2896 2897
10367 2 2 0 1390 1329 1393 2898
10368 2 2 0 1390 1394 1330 2899
10369 2 2 0 1390 2238 1394 2899
10370 2 2 0 1390 1393 2238 2898
10371 2 2 0 1390 2180 1329 2898
10372 2 2 0 1390 1330 2180 2899
10373 2 2 0 1390 2180 2898 2899
10374 2 2 0 1390 2898 2238 2899
10375 2 2 0 1391 1330 1394 2900
10376 2 2 0 1391 1395 1331 2901
10377 2 2 0 1391 2239 1395 2901
10378 2 2 0 1391 1394 2239 2900
10379 2 2 0 1391 2900 2239 2901
10380 2 2 0 1391 2181 1330 2900
10381 2 2 0 1391 1331 2181 2901
10382 2 2 0 1391 2181 2900 2901
10383 2 2 0 1392 1395 2182 1331
10384 2 2 0 1392 2240 2182 1395
10385 2 2 0 1392 1332 2182 2240
10386 2 2 0 1392 1332 2240 1396
10387 2 2 0 1393 1333 2241 1397
10388 2 2 0 1393 2241 2183 1396
10389 2 2 0 1393 1396 2183 1332
10390 2 2 0 1393 1333 2183 2241
10391 2 2 0 1394 2242 2184 1397
10392 2 2 0 1394 1334 2242 1398
10393 2 2 0 1394 1334 2184 2242
10394 2 2 0 1394 1397 2184 1333
10395 2 2 0 1395 2186 2185 2243
10396 2 2 0 1395 2243 2185 1398
10397 2 2 0 1395 1398 2185 1334
10398 2 2 0 1395 2187 1335 2902
10399 2 2 0 1395 2244 2187 2902
10400 2 2 0 1395 2243 2244 2902
10401 2 2 0 1395 1335 2186 2902
10402 2 2 0 1395 2186 2243 2902
10403 2 2 0 1395 2187 2244 1399
10404 2 2 0 1396 2187 1336 1335
10405 2 2 0 1396 2188 1336 2187
10406 2 2 0 1396 2188 1399 1400
10407 2 2 0 1396 2188 2187 1399
10408 2 2 0 1397 2188 1337 1336
10409 2 2 0 1397 2189 1337 2188
10410 2 2 0 1397 2189 1400 1401
10411 2 2 0 1397 2189 2188 1400
10412 2 2 0 1398 2190 2189 2903
10413 2 2 0 1398 1401 1402 2903
10414 2 2 0 1398 2189 1401 2903
10415 2 2 0 1398 1402 2190 2903
10416 2 2 0 1398 2189 1338 1337
10417 2 2 0 1398 2190 1338 2189
10418 2 2 0 1399 2191 1339 1338
10419 2 2 0 1399 2190 2191 1338
10420 2 2 0 1399 2190 1402 1403
10421 2 2 0 1399 2191 2190 1403
10422 2 2 0 1400 2192 1340 1339
10423 2 2 0 1400 2191 2192 1339
10424 2 2 0 1400 2191 1403 1404
10425 2 2 0 1400 2192 2191 1404
10426 2 2 0 1401 2245 2192 1404
10427 2 2 0 1401 2246 2194 2193
10428 2 2 0 1401 2194 2246 1405
10429 2 2 0 1401 1341 2194 1405
10430 2 2 0 1401 1340 2192 2904
10431 2 2 0 1401 2192 2245 2904
10432 2 2 0 1401 2245 2246 2904
10433 2 2 0 1401 2246 2193 2904
10434 2 2 0 1401 2193 1340 2904
10435 2 2 0 1402 2195 2247 1406
10436 2 2 0 1402 1342 2195 1406
10437 2 2 0 1402 1405 2247 1341
10438 2 2 0 1402 2247 2195 1341
10439 2 2 0 1403 2196 2248 1407
10440 2 2 0 1403 1343 2196 1407
10441 2 2 0 1403 1406 2248 1342
10442 2 2 0 1403 2248 2196 1342
10443 2 2 0 1404 1344 2197 1408
10444 2 2 0 1404 2197 2249 1408
10445 2 2 0 1404 2249 2197 1343
10446 2 2 0 1404 1407 2249 1343
10447 2 2 0 1405 1345 1281 2905
10448 2 2 0 1405 1344 1408 2906
10449 2 2 0 1405 1408 2250 2906
10450 2 2 0 1405 2250 1345 2905
10451 2 2 0 1405 1281 2198 2905
10452 2 2 0 1405 2198 1344 2906
10453 2 2 0 1405 2905 2198 2906
10454 2 2 0 1405 2250 2905 2906
10455 2 2 0 1406 1346 2251 1410
10456 2 2 0 1406 1346 2199 2251
10457 2 2 0 1406 1409 2251 2907
10458 2 2 0 1406 2199 1345 2907
10459 2 2 0 1406 1345 1409 2907
10460 2 2 0 1406 2251 2199 2907
10461 2 2 0 1407 2252 2200 1410
10462 2 2 0 1407 1410 2200 1346
10463 2 2 0 1407 1347 2252 1411
10464 2 2 0 1407 1347 2200 2252
10465 2 2 0 1408 2253 2201 1411
10466 2 2 0 1408 1411 2201 1347
10467 2 2 0 1408 1348 2253 1412
10468 2 2 0 1408 1348 2201 2253
10469 2 2 0 1409 2254 2202 1412
10470 2 2 0 1409 1349 2255 1413
10471 2 2 0 1409 2255 1349 2908
10472 2 2 0 1409 2202 2254 2908
10473 2 2 0 1409 2254 2255 2908
10474 2 2 0 1409 1349 2202 2908
10475 2 2 0 1409 1412 2202 1348
10476 2 2 0 1410 2257 2204 2256
10477 2 2 0 1410 1350 2257 1414
10478 2 2 0 1410 2257 1350 2204
10479 2 2 0 1410 2256 2203 1413
10480 2 2 0 1410 2204 2203 2256
10481 2 2 0 1410 1413 2203 1349
10482 2 2 0 1411 1414 1351 1350
10483 2 2 0 1411 1414 1415 1351
10484 2 2 0 1412 1415 1352 1351
10485 2 2 0 1412 1352 1415 1416
10486 2 2 0 1413 1417 1353 1352
10487 2 2 0 1413 1416 1417 1352
10488 2 2 0 1414 1418 1354 1353
10489 2 2 0 1414 1417 1418 1353
10490 2 2 0 1415 1354 1419 1355
10491 2 2 0 1415 1418 1419 1354
10492 2 2 0 1416 2259 2205 2258
10493 2 2 0 1416 2258 2205 1355
10494 2 2 0 1416 1419 2258 1355
10495 2 2 0 1416 2206 2259 1420
10496 2 2 0 1416 2205 2259 2206
10497 2 2 0 1416 1356 2206 1420
10498 2 2 0 1417 1357 2207 1421
10499 2 2 0 1417 2207 2261 1421
10500 2 2 0 1417 1420 2260 1356
10501 2 2 0 1417 2260 2207 1356
10502 2 2 0 1417 2261 2207 2260
10503 2 2 0 1418 2208 2262 1422
10504 2 2 0 1418 1358 2208 1422
10505 2 2 0 1418 1421 2262 1357
10506 2 2 0 1418 2262 2208 1357
10507 2 2 0 1419 2209 2263 1423
10508 2 2 0 1419 1359 2209 1423
10509 2 2 0 1419 1422 2263 1358
10510 2 2 0 1419 2263 2209 1358
10511 2 2 0 1420 1360 2210 1424
10512 2 2 0 1420 2210 2264 1424
10513 2 2 0 1420 2264 2210 1359
10514 2 2 0 1420 1423 2264 1359
10515 2 2 0 1421 2265 2211 1360
10516 2 2 0 1421 1424 2265 1360
10517 2 2 0 1421 1425 1361 2909
10518 2 2 0 1421 2211 2265 2909
10519 2 2 0 1421 2265 1425 2909
10520 2 2 0 1421 1361 2211 2909
10521 2 2 0 1422 1362 2212 2266
10522 2 2 0 1422 1362 2266 1426
10523 2 2 0 1422 1361 1425 2910
10524 2 2 0 1422 2266 2212 2910
10525 2 2 0 1422 1425 2266 2910
10526 2 2 0 1422 2212 1361 2910
10527 2 2 0 1423 1426 2213 1362
10528 2 2 0 1423 2267 2213 1426
10529 2 2 0 1423 1363 2213 2267
10530 2 2 0 1423 1363 2267 1427
10531 2 2 0 1424 2268 2214 1427
10532 2 2 0 1424 1427 2214 1363
10533 2 2 0 1424 1364 2268 1428
10534 2 2 0 1424 1364 2214 2268
10535 2 2 0 1425 2269 2215 1428
10536 2 2 0 1425 1428 2215 1364
10537 2 2 0 1425 1365 2269 1429
10538 2 2 0 1425 1365 2215 2269
10539 2 2 0 1426 1429 2216 1365
10540 2 2 0 1426 2270 2216 1429
10541 2 2 0 1426 1366 2271 1430
10542 2 2 0 1426 1366 2216 2271
10543 2 2 0 1426 2271 2216 2270
10544 2 2 0 1427 2273 2218 2272
10545 2 2 0 1427 1367 2218 2273
10546 2 2 0 1427 1367 2273 1431
10547 2 2 0 1427 2272 2217 1430
10548 2 2 0 1427 2218 2217 2272
10549 2 2 0 1427 1430 2217 1366
10550 2 2 0 1428 1431 1368 1367
10551 2 2 0 1428 1431 1432 1368
10552 2 2 0 1429 1432 1369 1368
10553 2 2 0 1429 1369 1432 1433
10554 2 2 0 1430 1433 1370 1369
10555 2 2 0 1430 1370 1433 1434
10556 2 2 0 1431 1435 1371 1370
10557 2 2 0 1431 1434 1435 1370
10558 2 2 0 1432 1436 1372 1371
10559 2 2 0 1432 1435 1436 1371
10560 2 2 0 1433 2275 2219 2274
10561 2 2 0 1433 1436 2274 1372
10562 2 2 0 1433 2274 2219 1372
10563 2 2 0 1433 2220 2275 1437
10564 2 2 0 1433 2220 2219 2275
10565 2 2 0 1433 1373 2220 1437
10566 2 2 0 1434 2221 2277 1438
10567 2 2 0 1434 1437 2276 1373
10568 2 2 0 1434 1373 2276 2911
10569 2 2 0 1434 2277 2221 2911
10570 2 2 0 1434 2276 2277 2911
10571 2 2 0 1434 2221 1373 2911
10572 2 2 0 1434 1374 2221 1438
10573 2 2 0 1435 2222 2278 1439
10574 2 2 0 1435 1375 2222 1439
10575 2 2 0 1435 1438 2278 1374
10576 2 2 0 1435 2278 2222 1374
10577 2 2 0 1436 2223 2279 1440
10578 2 2 0 1436 1376 2223 1440
10579 2 2 0 1436 1439 2279 1375
10580 2 2 0 1436 2279 2223 1375
10581 2 2 0 1437 1440 2280 1376
10582 2 2 0 1437 2280 2224 1376
10583 2 2 0 1437 2280 1441 2912
10584 2 2 0 1437 1377 2224 2912
10585 2 2 0 1437 1441 1377 2912
10586 2 2 0 1437 2224 2280 2912
10587 2 2 0 1438 1378 2281 1442
10588 2 2 0 1438 1378 2225 2281
10589 2 2 0 1438 1441 2281 2913
10590 2 2 0 1438 2225 1377 2913
10591 2 2 0 1438 1377 1441 2913
10592 2 2 0 1438 2281 2225 2913
10593 2 2 0 1439 2282 2226 1442
10594 2 2 0 1439 1442 2226 1378
10595 2 2 0 1439 1379 2282 1443
10596 2 2 0 1439 1379 2226 2282
10597 2 2 0 1440 2283 2227 1443
10598 2 2 0 1440 1443 2227 1379
10599 2 2 0 1440 1380 2283 1444
10600 2 2 0 1440 1380 2227 2283
10601 2 2 0 1441 2284 2228 1444
10602 2 2 0 1441 1381 2285 1445
10603 2 2 0 1441 2285 1381 2914
10604 2 2 0 1441 2228 2284 2914
10605 2 2 0 1441 2284 2285 2914
10606 2 2 0 1441 1381 2228 2914
10607 2 2 0 1441 1444 2228 1380
10608 2 2 0 1442 2287 2230 2286
10609 2 2 0 1442 1382 2287 1446
10610 2 2 0 1442 1382 2230 2287
10611 2 2 0 1442 2286 2229 1445
10612 2 2 0 1442 2230 2229 2286
10613 2 2 0 1442 1445 2229 1381
10614 2 2 0 1443 1446 1383 1382
10615 2 2 0 1443 1446 1447 1383
10616 2 2 0 1444 1447 1384 1383
10617 2 2 0 1444 1384 1447 1448
10618 2 2 0 1445 1449 1385 1384
10619 2 2 0 1445 1448 1449 1384
10620 2 2 0 1446 1450 1386 1385
10621 2 2 0 1446 1449 1450 1385
10622 2 2 0 1447 1386 1451 1387
10623 2 2 0 1447 1450 1451 1386
10624 2 2 0 1448 2288 2289 2231
10625 2 2 0 1448 2288 2231 1387
10626 2 2 0 1448 1451 2288 1387
10627 2 2 0 1448 2232 2289 1452
10628 2 2 0 1448 2231 2289 2232
10629 2 2 0 1448 1388 2232 1452
10630 2 2 0 1449 1389 2233 1453
10631 2 2 0 1449 2233 2291 1453
10632 2 2 0 1449 1452 2290 1388
10633 2 2 0 1449 2290 2233 1388
10634 2 2 0 1449 2290 2291 2233
10635 2 2 0 1450 2234 2292 1454
10636 2 2 0 1450 1390 2234 1454
10637 2 2 0 1450 1453 2292 1389
10638 2 2 0 1450 2292 2234 1389
10639 2 2 0 1451 2235 2293 1455
10640 2 2 0 1451 1391 2235 1455
10641 2 2 0 1451 1454 2293 1390
10642 2 2 0 1451 2293 2235 1390
10643 2 2 0 1452 1392 2236 1456
10644 2 2 0 1452 2236 2294 1456
10645 2 2 0 1452 2294 2236 1391
10646 2 2 0 1452 1455 2294 1391
10647 2 2 0 1453 2295 2237 1392
10648 2 2 0 1453 1456 2295 1392
10649 2 2 0 1453 1457 1393 2915
10650 2 2 0 1453 2237 2295 2915
10651 2 2 0 1453 2295 1457 2915
10652 2 2 0 1453 1393 2237 2915
10653 2 2 0 1454 2296 1394 2238
10654 2 2 0 1454 1394 2296 1458
10655 2 2 0 1454 1393 1457 2916
10656 2 2 0 1454 2296 2238 2916
10657 2 2 0 1454 1457 2296 2916
10658 2 2 0 1454 2238 1393 2916
10659 2 2 0 1455 1458 2239 1394
10660 2 2 0 1455 1458 2297 2239
10661 2 2 0 1455 2297 1395 2239
10662 2 2 0 1455 1395 2297 1459
10663 2 2 0 1456 1459 2298 2240
10664 2 2 0 1456 1459 2240 1395
10665 2 2 0 1456 1396 2298 1460
10666 2 2 0 1456 2298 1396 2240
10667 2 2 0 1457 1460 2299 2241
10668 2 2 0 1457 1460 2241 1396
10669 2 2 0 1457 1397 2299 1461
10670 2 2 0 1457 2299 1397 2241
10671 2 2 0 1458 1461 2242 1397
10672 2 2 0 1458 1461 2300 2242
10673 2 2 0 1458 1398 2301 1462
10674 2 2 0 1458 2301 1398 2242
10675 2 2 0 1458 2300 2301 2242
10676 2 2 0 1459 2303 2244 2302
10677 2 2 0 1459 1399 2244 2303
10678 2 2 0 1459 1399 2303 1463
10679 2 2 0 1459 1462 2302 2243
10680 2 2 0 1459 2302 2244 2243
10681 2 2 0 1459 1462 2243 1398
10682 2 2 0 1460 1463 1400 1399
10683 2 2 0 1460 1463 1464 1400
10684 2 2 0 1461 1464 1401 1400
10685 2 2 0 1461 1401 1464 1465
10686 2 2 0 1462 1465 1402 1401
10687 2 2 0 1462 1402 1465 1466
10688 2 2 0 1463 1467 1403 1402
10689 2 2 0 1463 1466 1467 1402
10690 2 2 0 1464 1468 1404 1403
10691 2 2 0 1464 1467 1468 1403
10692 2 2 0 1465 2305 2245 2304
10693 2 2 0 1465 1468 2304 1404
10694 2 2 0 1465 2304 2245 1404
10695 2 2 0 1465 2246 2305 1469
10696 2 2 0 1465 2246 2245 2305
10697 2 2 0 1465 1405 2246 1469
10698 2 2 0 1466 2247 2307 1470
10699 2 2 0 1466 1469 2306 1405
10700 2 2 0 1466 1405 2306 2917
10701 2 2 0 1466 2307 2247 2917
10702 2 2 0 1466 2306 2307 2917
10703 2 2 0 1466 2247 1405 2917
10704 2 2 0 1466 1406 2247 1470
10705 2 2 0 1467 2248 2308 1471
10706 2 2 0 1467 1407 2248 1471
10707 2 2 0 1467 1470 2308 1406
10708 2 2 0 1467 2308 2248 1406
10709 2 2 0 1468 2249 2309 1472
10710 2 2 0 1468 1408 2249 1472
10711 2 2 0 1468 1471 2309 1407
10712 2 2 0 1468 2309 2249 1407
10713 2 2 0 1469 1472 2310 1408
10714 2 2 0 1469 2310 2250 1408
10715 2 2 0 1469 2310 1409 2918
10716 2 2 0 1469 1345 2250 2918
10717 2 2 0 1469 1409 1345 2918
10718 2 2 0 1469 2250 2310 2918
10719 2 2 0 1470 2251 1409 2919
10720 2 2 0 1470 1410 2251 2920
10721 2 2 0 1470 2251 2311 2920
10722 2 2 0 1470 1409 1473 2919
10723 2 2 0 1470 2311 2251 2919
10724 2 2 0 1470 1474 1410 2920
10725 2 2 0 1470 1473 2311 2919
10726 2 2 0 1470 2311 1474 2920
10727 2 2 0 1471 2312 2252 2921
10728 2 2 0 1471 1410 1474 2921
10729 2 2 0 1471 2252 1410 2921
10730 2 2 0 1471 1474 2312 2921
10731 2 2 0 1471 1411 2312 1475
10732 2 2 0 1471 1411 2252 2312
10733 2 2 0 1472 1475 2253 1411
10734 2 2 0 1472 1412 2313 1476
10735 2 2 0 1472 1412 2253 2313
10736 2 2 0 1472 2313 2253 1475
10737 2 2 0 1473 2314 2254 1476
10738 2 2 0 1473 1476 2254 1412
10739 2 2 0 1473 2315 2255 2314
10740 2 2 0 1473 2255 2254 2314
10741 2 2 0 1473 1413 2315 1477
10742 2 2 0 1473 1413 2255 2315
10743 2 2 0 1474 2316 2256 1477
10744 2 2 0 1474 2316 2317 2257
10745 2 2 0 1474 1477 2256 1413
10746 2 2 0 1474 1414 2317 1478
10747 2 2 0 1474 2317 1414 2257
10748 2 2 0 1474 2256 2316 2257
10749 2 2 0 1475 1478 1415 1414
10750 2 2 0 1475 1415 1478 1479
10751 2 2 0 1476 1479 1416 1415
10752 2 2 0 1476 1416 1479 1480
10753 2 2 0 1477 1417 1416 2922
10754 2 2 0 1477 1480 1481 2922
10755 2 2 0 1477 1416 1480 2922
10756 2 2 0 1477 1481 1417 2922
10757 2 2 0 1478 1482 1418 1417
10758 2 2 0 1478 1481 1482 1417
10759 2 2 0 1479 1418 1483 1419
10760 2 2 0 1479 1482 1483 1418
10761 2 2 0 1480 2319 2258 2318
10762 2 2 0 1480 2318 2258 1419
10763 2 2 0 1480 2259 2319 1484
10764 2 2 0 1480 1483 2318 1419
10765 2 2 0 1480 2259 2258 2319
10766 2 2 0 1480 1420 2259 1484
10767 2 2 0 1481 2321 2260 2320
10768 2 2 0 1481 2320 2260 1420
10769 2 2 0 1481 1484 2320 1420
10770 2 2 0 1481 2261 2321 1485
10771 2 2 0 1481 2261 2260 2321
10772 2 2 0 1481 1421 2261 1485
10773 2 2 0 1482 2322 2262 1421
10774 2 2 0 1482 1485 2322 1421
10775 2 2 0 1482 1422 2262 1486
10776 2 2 0 1482 2262 2322 1486
10777 2 2 0 1483 1486 2323 1422
10778 2 2 0 1483 2323 2263 1422
10779 2 2 0 1483 1423 2263 1487
10780 2 2 0 1483 2263 2323 1487
10781 2 2 0 1484 2324 2264 1423
10782 2 2 0 1484 1424 2264 2923
10783 2 2 0 1484 2324 1488 2923
10784 2 2 0 1484 2264 2324 2923
10785 2 2 0 1484 1488 1424 2923
10786 2 2 0 1484 1487 2324 1423
10787 2 2 0 1485 1488 2325 2925
10788 2 2 0 1485 2325 1489 2924
10789 2 2 0 1485 1425 2265 2924
10790 2 2 0 1485 2265 1424 2925
10791 2 2 0 1485 2325 2265 2925
10792 2 2 0 1485 1489 1425 2924
10793 2 2 0 1485 2265 2325 2924
10794 2 2 0 1485 1424 1488 2925
10795 2 2 0 1486 2326 1490 2927
10796 2 2 0 1486 1489 2326 2926
10797 2 2 0 1486 2266 1425 2926
10798 2 2 0 1486 1426 2266 2927
10799 2 2 0 1486 2266 2326 2927
10800 2 2 0 1486 1425 1489 2926
10801 2 2 0 1486 2326 2266 2926
10802 2 2 0 1486 1490 1426 2927
10803 2 2 0 1487 1427 2267 2327
10804 2 2 0 1487 2267 1426 2928
10805 2 2 0 1487 1490 2327 2928
10806 2 2 0 1487 2327 2267 2928
10807 2 2 0 1487 1426 1490 2928
10808 2 2 0 1487 1427 2327 1491
10809 2 2 0 1488 1428 2328 1492
10810 2 2 0 1488 1428 2268 2328
10811 2 2 0 1488 1491 2268 1427
10812 2 2 0 1488 2328 2268 1491
10813 2 2 0 1489 1429 2269 2329
10814 2 2 0 1489 1492 2269 1428
10815 2 2 0 1489 1429 2329 1493
10816 2 2 0 1489 2329 2269 1492
10817 2 2 0 1490 2331 2271 2330
10818 2 2 0 1490 1430 2271 2331
10819 2 2 0 1490 1430 2331 1494
10820 2 2 0 1490 2330 2270 1493
10821 2 2 0 1490 2271 2270 2330
10822 2 2 0 1490 1493 2270 1429
10823 2 2 0 1491 2333 2273 2332
10824 2 2 0 1491 1431 2273 2333
10825 2 2 0 1491 2332 2272 1494
10826 2 2 0 1491 1431 2333 1495
10827 2 2 0 1491 2273 2272 2332
10828 2 2 0 1491 1494 2272 1430
10829 2 2 0 1492 1495 1432 1431
10830 2 2 0 1492 1495 1496 1432
10831 2 2 0 1493 1496 1433 1432
10832 2 2 0 1493 1433 1496 1497
10833 2 2 0 1494 1434 1433 2929
10834 2 2 0 1494 1497 1498 2929
10835 2 2 0 1494 1433 1497 2929
10836 2 2 0 1494 1498 1434 2929
10837 2 2 0 1495 1499 1435 1434
10838 2 2 0 1495 1498 1499 1434
10839 2 2 0 1496 1500 1436 1435
10840 2 2 0 1496 1499 1500 1435
10841 2 2 0 1497 2275 2335 1501
10842 2 2 0 1497 2335 2274 2334
10843 2 2 0 1497 1437 2275 1501
10844 2 2 0 1497 1500 2334 1436
10845 2 2 0 1497 2334 2274 1436
10846 2 2 0 1497 2275 2274 2335
10847 2 2 0 1498 2277 2337 1502
10848 2 2 0 1498 1438 2277 1502
10849 2 2 0 1498 2337 2276 2336
10850 2 2 0 1498 2277 2276 2337
10851 2 2 0 1498 1501 2336 1437
10852 2 2 0 1498 2336 2276 1437
10853 2 2 0 1499 1502 2338 1438
10854 2 2 0 1499 2338 2278 1438
10855 2 2 0 1499 1439 2278 1503
10856 2 2 0 1499 2278 2338 1503
10857 2 2 0 1500 2279 2339 2930
10858 2 2 0 1500 1504 1440 2930
10859 2 2 0 1500 1440 2279 2930
10860 2 2 0 1500 2339 1504 2930
10861 2 2 0 1500 1503 2339 1439
10862 2 2 0 1500 2339 2279 1439
10863 2 2 0 1501 1441 2280 2931
10864 2 2 0 1501 2280 1440 2932
10865 2 2 0 1501 2340 2280 2932
10866 2 2 0 1501 1505 1441 2931
10867 2 2 0 1501 2280 2340 2931
10868 2 2 0 1501 1440 1504 2932
10869 2 2 0 1501 1504 2340 2932
10870 2 2 0 1501 2340 1505 2931
10871 2 2 0 1502 2281 1441 2933
10872 2 2 0 1502 1442 2281 2934
10873 2 2 0 1502 2281 2341 2934
10874 2 2 0 1502 1441 1505 2933
10875 2 2 0 1502 2341 2281 2933
10876 2 2 0 1502 1506 1442 2934
10877 2 2 0 1502 1505 2341 2933
10878 2 2 0 1502 2341 1506 2934
10879 2 2 0 1503 2342 2282 2935
10880 2 2 0 1503 1442 1506 2935
10881 2 2 0 1503 2282 1442 2935
10882 2 2 0 1503 1506 2342 2935
10883 2 2 0 1503 1443 2342 1507
10884 2 2 0 1503 1443 2282 2342
10885 2 2 0 1504 1507 2283 1443
10886 2 2 0 1504 1444 2343 1508
10887 2 2 0 1504 1444 2283 2343
10888 2 2 0 1504 2343 2283 1507
10889 2 2 0 1505 2344 2284 1508
10890 2 2 0 1505 1508 2284 1444
10891 2 2 0 1505 2345 2285 2344
10892 2 2 0 1505 2285 2284 2344
10893 2 2 0 1505 1445 2345 1509
10894 2 2 0 1505 1445 2285 2345
10895 2 2 0 1506 2346 2286 1509
10896 2 2 0 1506 2347 2287 2346
10897 2 2 0 1506 1509 2286 1445
10898 2 2 0 1506 1446 2347 1510
10899 2 2 0 1506 1446 2287 2347
10900 2 2 0 1506 2287 2286 2346
10901 2 2 0 1507 1510 1447 1446
10902 2 2 0 1507 1447 1510 1511
10903 2 2 0 1508 1511 1448 1447
10904 2 2 0 1508 1448 1511 1512
10905 2 2 0 1509 1449 1448 2936
10906 2 2 0 1509 1512 1513 2936
10907 2 2 0 1509 1448 1512 2936
10908 2 2 0 1509 1513 1449 2936
10909 2 2 0 1510 1514 1450 1449
10910 2 2 0 1510 1513 1514 1449
10911 2 2 0 1511 1450 1515 1451
10912 2 2 0 1511 1514 1515 1450
10913 2 2 0 1512 2349 2288 2348
10914 2 2 0 1512 2348 2288 1451
10915 2 2 0 1512 2289 2349 1516
10916 2 2 0 1512 1515 2348 1451
10917 2 2 0 1512 2289 2288 2349
10918 2 2 0 1512 1452 2289 1516
10919 2 2 0 1513 2351 2290 2350
10920 2 2 0 1513 2350 2290 1452
10921 2 2 0 1513 1516 2350 1452
10922 2 2 0 1513 2291 2351 1517
10923 2 2 0 1513 2291 2290 2351
10924 2 2 0 1513 1453 2291 1517
10925 2 2 0 1514 2352 2292 1453
10926 2 2 0 1514 1517 2352 1453
10927 2 2 0 1514 1454 2292 1518
10928 2 2 0 1514 2292 2352 1518
10929 2 2 0 1515 1518 2353 1454
10930 2 2 0 1515 2353 2293 1454
10931 2 2 0 1515 1455 2293 1519
10932 2 2 0 1515 2293 2353 1519
10933 2 2 0 1516 2354 2294 1455
10934 2 2 0 1516 1456 2294 2937
10935 2 2 0 1516 2354 1520 2937
10936 2 2 0 1516 2294 2354 2937
10937 2 2 0 1516 1520 1456 2937
10938 2 2 0 1516 1519 2354 1455
10939 2 2 0 1517 1520 2355 2939
10940 2 2 0 1517 2355 1521 2938
10941 2 2 0 1517 1457 2295 2938
10942 2 2 0 1517 2295 1456 2939
10943 2 2 0 1517 2355 2295 2939
10944 2 2 0 1517 1521 1457 2938
10945 2 2 0 1517 2295 2355 2938
10946 2 2 0 1517 1456 1520 2939
10947 2 2 0 1518 2356 1522 2941
10948 2 2 0 1518 1521 2356 2940
10949 2 2 0 1518 2296 1457 2940
10950 2 2 0 1518 1458 2296 2941
10951 2 2 0 1518 2296 2356 2941
10952 2 2 0 1518 1457 1521 2940
10953 2 2 0 1518 2356 2296 2940
10954 2 2 0 1518 1522 1458 2941
10955 2 2 0 1519 1459 2297 2357
10956 2 2 0 1519 2297 1458 2942
10957 2 2 0 1519 1522 2357 2942
10958 2 2 0 1519 2357 2297 2942
10959 2 2 0 1519 1458 1522 2942
10960 2 2 0 1519 1459 2357 1523
10961 2 2 0 1520 1460 2358 1524
10962 2 2 0 1520 1460 2298 2358
10963 2 2 0 1520 1523 2298 1459
10964 2 2 0 1520 2358 2298 1523
10965 2 2 0 1521 1461 2299 2359
10966 2 2 0 1521 1524 2299 1460
10967 2 2 0 1521 1461 2359 1525
10968 2 2 0 1521 2359 2299 1524
10969 2 2 0 1522 2361 2301 2360
10970 2 2 0 1522 1462 2301 2361
10971 2 2 0 1522 1462 2361 1526
10972 2 2 0 1522 2360 2300 1525
10973 2 2 0 1522 2301 2300 2360
10974 2 2 0 1522 1525 2300 1461
10975 2 2 0 1523 2363 2303 2362
10976 2 2 0 1523 1463 2303 2363
10977 2 2 0 1523 2362 2302 1526
10978 2 2 0 1523 1463 2363 1527
10979 2 2 0 1523 2303 2302 2362
10980 2 2 0 1523 1526 2302 1462
10981 2 2 0 1524 1527 1464 1463
10982 2 2 0 1524 1527 1528 1464
10983 2 2 0 1525 1528 1465 1464
10984 2 2 0 1525 1465 1528 1529
10985 2 2 0 1526 1466 1465 2943
10986 2 2 0 1526 1529 1530 2943
10987 2 2 0 1526 1465 1529 2943
10988 2 2 0 1526 1530 1466 2943
10989 2 2 0 1527 1531 1467 1466
10990 2 2 0 1527 1530 1531 1466
10991 2 2 0 1528 1532 1468 1467
10992 2 2 0 1528 1531 1532 1467
10993 2 2 0 1529 2305 2365 1533
10994 2 2 0 1529 2304 2364 2365
10995 2 2 0 1529 1469 2305 1533
10996 2 2 0 1529 1532 2364 1468
10997 2 2 0 1529 2364 2304 1468
10998 2 2 0 1529 2305 2304 2365
10999 2 2 0 1530 2307 2367 1534
11000 2 2 0 1530 1470 2307 1534
11001 2 2 0 1530 2367 2306 2366
11002 2 2 0 1530 2307 2306 2367
11003 2 2 0 1530 1533 2366 1469
11004 2 2 0 1530 2366 2306 1469
11005 2 2 0 1531 1534 2368 1470
11006 2 2 0 1531 2368 2308 1470
11007 2 2 0 1531 1471 2308 1535
11008 2 2 0 1531 2308 2368 1535
11009 2 2 0 1532 2309 2369 2944
11010 2 2 0 1532 1536 1472 2944
11011 2 2 0 1532 1472 2309 2944
11012 2 2 0 1532 2369 1536 2944
11013 2 2 0 1532 1535 2369 1471
11014 2 2 0 1532 2369 2309 1471
11015 2 2 0 1533 1409 2310 2945
11016 2 2 0 1533 2310 1472 2946
11017 2 2 0 1533 2370 2310 2946
11018 2 2 0 1533 1473 1409 2945
11019 2 2 0 1533 2310 2370 2945
11020 2 2 0 1533 1472 1536 2946
11021 2 2 0 1533 2370 1473 2945
11022 2 2 0 1533 1536 2370 2946
11023 2 2 0 1534 1538 1474 2948
11024 2 2 0 1534 1473 1537 2947
11025 2 2 0 1534 2371 2311 2947
11026 2 2 0 1534 2311 2371 2948
11027 2 2 0 1534 2311 1473 2947
11028 2 2 0 1534 1474 2311 2948
11029 2 2 0 1534 1537 2371 2947
11030 2 2 0 1534 2371 1538 2948
11031 2 2 0 1535 1538 2312 1474
11032 2 2 0 1535 1475 2372 1539
11033 2 2 0 1535 1475 2312 2372
11034 2 2 0 1535 2372 2312 1538
11035 2 2 0 1536 1539 2313 1475
11036 2 2 0 1536 1476 2373 1540
11037 2 2 0 1536 1476 2313 2373
11038 2 2 0 1536 2373 2313 1539
11039 2 2 0 1537 2315 2375 1477
11040 2 2 0 1537 1540 2314 1476
11041 2 2 0 1537 1477 2375 1541
11042 2 2 0 1537 2374 2314 1540
11043 2 2 0 1537 2315 2314 2374
11044 2 2 0 1537 2375 2315 2374
11045 2 2 0 1538 1541 2316 1477
11046 2 2 0 1538 1478 2377 1542
11047 2 2 0 1538 1478 2317 2377
11048 2 2 0 1538 2376 2316 1541
11049 2 2 0 1538 2317 2316 2376
11050 2 2 0 1538 2377 2317 2376
11051 2 2 0 1539 1542 1479 1478
11052 2 2 0 1539 1479 1542 1543
11053 2 2 0 1540 1543 1480 1479
11054 2 2 0 1540 1480 1543 1544
11055 2 2 0 1541 1544 1545 2949
11056 2 2 0 1541 1481 1480 2949
11057 2 2 0 1541 1480 1544 2949
11058 2 2 0 1541 1545 1481 2949
11059 2 2 0 1542 1546 1482 1481
11060 2 2 0 1542 1545 1546 1481
11061 2 2 0 1543 1547 1483 1482
11062 2 2 0 1543 1546 1547 1482
11063 2 2 0 1544 1547 2378 1483
11064 2 2 0 1544 2378 2318 1483
11065 2 2 0 1544 2319 2379 1548
11066 2 2 0 1544 2319 2318 2379
11067 2 2 0 1544 2318 2378 2379
11068 2 2 0 1544 1484 2319 1548
11069 2 2 0 1545 1485 2321 1549
11070 2 2 0 1545 2320 2380 2381
11071 2 2 0 1545 2321 2320 2381
11072 2 2 0 1545 1548 2380 1484
11073 2 2 0 1545 2380 2320 1484
11074 2 2 0 1545 2321 2381 1549
11075 2 2 0 1546 1549 2382 1485
11076 2 2 0 1546 2382 2322 1485
11077 2 2 0 1546 1486 2322 1550
11078 2 2 0 1546 2322 2382 1550
11079 2 2 0 1547 1550 2383 1486
11080 2 2 0 1547 2383 2323 1486
11081 2 2 0 1547 1487 2323 1551
11082 2 2 0 1547 2323 2383 1551
11083 2 2 0 1548 1551 2384 1487
11084 2 2 0 1548 2384 2324 1487
11085 2 2 0 1548 1488 2324 1552
11086 2 2 0 1548 2324 2384 1552
11087 2 2 0 1549 2385 2325 2951
11088 2 2 0 1549 1553 1489 2950
11089 2 2 0 1549 2325 2385 2950
11090 2 2 0 1549 1488 1552 2951
11091 2 2 0 1549 2325 1488 2951
11092 2 2 0 1549 1489 2325 2950
11093 2 2 0 1549 1552 2385 2951
11094 2 2 0 1549 2385 1553 2950
11095 2 2 0 1550 2326 2386 2953
11096 2 2 0 1550 1489 1553 2952
11097 2 2 0 1550 2386 2326 2952
11098 2 2 0 1550 1554 1490 2953
11099 2 2 0 1550 2326 1489 2952
11100 2 2 0 1550 1490 2326 2953
11101 2 2 0 1550 1553 2386 2952
11102 2 2 0 1550 2386 1554 2953
11103 2 2 0 1551 1554 2327 1490
11104 2 2 0 1551 1491 2387 1555
11105 2 2 0 1551 1491 2327 2387
11106 2 2 0 1551 2327 1554 2387
11107 2 2 0 1552 1555 2328 1491
11108 2 2 0 1552 1492 2388 1556
11109 2 2 0 1552 1492 2328 2388
11110 2 2 0 1552 2328 1555 2388
11111 2 2 0 1553 1556 2329 1492
11112 2 2 0 1553 1493 2389 1557
11113 2 2 0 1553 1493 2329 2389
11114 2 2 0 1553 2329 1556 2389
11115 2 2 0 1554 1557 2330 1493
11116 2 2 0 1554 2391 2331 2390
11117 2 2 0 1554 2331 2330 2390
11118 2 2 0 1554 1494 2391 1558
11119 2 2 0 1554 1494 2331 2391
11120 2 2 0 1554 2330 1557 2390
11121 2 2 0 1555 1495 2393 1559
11122 2 2 0 1555 2333 2393 1495
11123 2 2 0 1555 2392 2332 1558
11124 2 2 0 1555 2333 2332 2392
11125 2 2 0 1555 2393 2333 2392
11126 2 2 0 1555 1558 2332 1494
11127 2 2 0 1556 1559 1496 1495
11128 2 2 0 1556 1496 1559 1560
11129 2 2 0 1557 1560 1497 1496
11130 2 2 0 1557 1497 1560 1561
11131 2 2 0 1558 1561 1562 2954
11132 2 2 0 1558 1498 1497 2954
11133 2 2 0 1558 1497 1561 2954
11134 2 2 0 1558 1562 1498 2954
11135 2 2 0 1559 1563 1499 1498
11136 2 2 0 1559 1562 1563 1498
11137 2 2 0 1560 1564 1500 1499
11138 2 2 0 1560 1563 1564 1499
11139 2 2 0 1561 1564 2394 1500
11140 2 2 0 1561 2394 2334 1500
11141 2 2 0 1561 1501 2335 1565
11142 2 2 0 1561 2335 2395 1565
11143 2 2 0 1561 2335 2334 2395
11144 2 2 0 1561 2395 2334 2394
11145 2 2 0 1562 2396 2336 1501
11146 2 2 0 1562 1565 2396 1501
11147 2 2 0 1562 1502 2337 1566
11148 2 2 0 1562 2337 2397 1566
11149 2 2 0 1562 2337 2336 2397
11150 2 2 0 1562 2336 2396 2397
11151 2 2 0 1563 1566 2398 1502
11152 2 2 0 1563 2398 2338 1502
11153 2 2 0 1563 1503 2338 1567
11154 2 2 0 1563 2338 2398 1567
11155 2 2 0 1564 1567 2399 1503
11156 2 2 0 1564 2399 2339 1503
11157 2 2 0 1564 1504 2339 1568
11158 2 2 0 1564 2339 2399 1568
11159 2 2 0 1565 1504 1568 2956
11160 2 2 0 1565 1569 1505 2955
11161 2 2 0 1565 2340 2400 2955
11162 2 2 0 1565 2400 2340 2956
11163 2 2 0 1565 2340 1504 2956
11164 2 2 0 1565 1505 2340 2955
11165 2 2 0 1565 1568 2400 2956
11166 2 2 0 1565 2400 1569 2955
11167 2 2 0 1566 1570 1506 2958
11168 2 2 0 1566 1505 1569 2957
11169 2 2 0 1566 2401 2341 2957
11170 2 2 0 1566 2341 2401 2958
11171 2 2 0 1566 2341 1505 2957
11172 2 2 0 1566 1506 2341 2958
11173 2 2 0 1566 1569 2401 2957
11174 2 2 0 1566 2401 1570 2958
11175 2 2 0 1567 1570 2342 1506
11176 2 2 0 1567 1507 2402 1571
11177 2 2 0 1567 1507 2342 2402
11178 2 2 0 1567 2402 2342 1570
11179 2 2 0 1568 1571 2343 1507
11180 2 2 0 1568 1508 2403 1572
11181 2 2 0 1568 1508 2343 2403
11182 2 2 0 1568 2403 2343 1571
11183 2 2 0 1569 1509 2345 2405
11184 2 2 0 1569 1572 2344 1508
11185 2 2 0 1569 1509 2405 1573
11186 2 2 0 1569 2404 2344 1572
11187 2 2 0 1569 2345 2344 2404
11188 2 2 0 1569 2345 2404 2405
11189 2 2 0 1570 1573 2346 1509
11190 2 2 0 1570 1510 2407 1574
11191 2 2 0 1570 1510 2347 2407
11192 2 2 0 1570 2346 1573 2406
11193 2 2 0 1570 2347 2346 2406
11194 2 2 0 1570 2407 2347 2406
11195 2 2 0 1571 1574 1511 1510
11196 2 2 0 1571 1511 1574 1575
11197 2 2 0 1572 1575 1512 1511
11198 2 2 0 1572 1512 1575 1576
11199 2 2 0 1573 1576 1577 2959
11200 2 2 0 1573 1513 1512 2959
11201 2 2 0 1573 1512 1576 2959
11202 2 2 0 1573 1577 1513 2959
11203 2 2 0 1574 1578 1514 1513
11204 2 2 0 1574 1577 1578 1513
11205 2 2 0 1575 1579 1515 1514
11206 2 2 0 1575 1578 1579 1514
11207 2 2 0 1576 1579 2408 1515
11208 2 2 0 1576 2408 2348 1515
11209 2 2 0 1576 2349 2409 1580
11210 2 2 0 1576 2349 2348 2409
11211 2 2 0 1576 2409 2348 2408
11212 2 2 0 1576 1516 2349 1580
11213 2 2 0 1577 1517 2351 1581
11214 2 2 0 1577 2411 2350 2410
11215 2 2 0 1577 2351 2350 2411
11216 2 2 0 1577 1580 2410 1516
11217 2 2 0 1577 2410 2350 1516
11218 2 2 0 1577 2351 2411 1581
11219 2 2 0 1578 1581 2412 1517
11220 2 2 0 1578 2412 2352 1517
11221 2 2 0 1578 1518 2352 1582
11222 2 2 0 1578 2352 2412 1582
11223 2 2 0 1579 1582 2413 1518
11224 2 2 0 1579 2413 2353 1518
11225 2 2 0 1579 1519 2353 1583
11226 2 2 0 1579 2353 2413 1583
11227 2 2 0 1580 1583 2414 1519
11228 2 2 0 1580 2414 2354 1519
11229 2 2 0 1580 1520 2354 1584
11230 2 2 0 1580 2354 2414 1584
11231 2 2 0 1581 2415 2355 2961
11232 2 2 0 1581 1585 1521 2960
11233 2 2 0 1581 2355 2415 2960
11234 2 2 0 1581 1520 1584 2961
11235 2 2 0 1581 2355 1520 2961
11236 2 2 0 1581 1521 2355 2960
11237 2 2 0 1581 1584 2415 2961
11238 2 2 0 1581 2415 1585 2960
11239 2 2 0 1582 2356 2416 2963
11240 2 2 0 1582 1521 1585 2962
11241 2 2 0 1582 2416 2356 2962
11242 2 2 0 1582 1586 1522 2963
11243 2 2 0 1582 2356 1521 2962
11244 2 2 0 1582 1522 2356 2963
11245 2 2 0 1582 1585 2416 2962
11246 2 2 0 1582 2416 1586 2963
11247 2 2 0 1583 1586 2357 1522
11248 2 2 0 1583 1523 2417 1587
11249 2 2 0 1583 1523 2357 2417
11250 2 2 0 1583 2417 2357 1586
11251 2 2 0 1584 1587 2358 1523
11252 2 2 0 1584 1524 2418 1588
11253 2 2 0 1584 1524 2358 2418
11254 2 2 0 1584 2418 2358 1587
11255 2 2 0 1585 1588 2359 1524
11256 2 2 0 1585 1525 2419 1589
11257 2 2 0 1585 1525 2359 2419
11258 2 2 0 1585 2419 2359 1588
11259 2 2 0 1586 1589 2360 1525
11260 2 2 0 1586 2361 2420 2421
11261 2 2 0 1586 2361 2360 2420
11262 2 2 0 1586 1526 2421 1590
11263 2 2 0 1586 1526 2361 2421
11264 2 2 0 1586 2420 2360 1589
11265 2 2 0 1587 1527 2423 1591
11266 2 2 0 1587 1527 2363 2423
11267 2 2 0 1587 2422 2362 1590
11268 2 2 0 1587 2363 2362 2422
11269 2 2 0 1587 2363 2422 2423
11270 2 2 0 1587 1590 2362 1526
11271 2 2 0 1588 1591 1528 1527
11272 2 2 0 1588 1528 1591 1592
11273 2 2 0 1589 1592 1529 1528
11274 2 2 0 1589 1529 1592 1593
11275 2 2 0 1590 1593 1594 2964
11276 2 2 0 1590 1530 1529 2964
11277 2 2 0 1590 1529 1593 2964
11278 2 2 0 1590 1594 1530 2964
11279 2 2 0 1591 1595 1531 1530
11280 2 2 0 1591 1594 1595 1530
11281 2 2 0 1592 1596 1532 1531
11282 2 2 0 1592 1595 1596 1531
11283 2 2 0 1593 1596 2424 1532
11284 2 2 0 1593 2424 2364 1532
11285 2 2 0 1593 1533 2365 1597
11286 2 2 0 1593 2365 2425 1597
11287 2 2 0 1593 2425 2365 2364
11288 2 2 0 1593 2424 2425 2364
11289 2 2 0 1594 2426 2366 1533
11290 2 2 0 1594 1597 2426 1533
11291 2 2 0 1594 1534 2367 1598
11292 2 2 0 1594 2367 2427 1598
11293 2 2 0 1594 2367 2366 2427
11294 2 2 0 1594 2427 2366 2426
11295 2 2 0 1595 1598 2428 1534
11296 2 2 0 1595 2428 2368 1534
11297 2 2 0 1595 1535 2368 1599
11298 2 2 0 1595 2368 2428 1599
11299 2 2 0 1596 1599 2429 1535
11300 2 2 0 1596 2429 2369 1535
11301 2 2 0 1596 1536 2369 1600
11302 2 2 0 1596 2369 2429 1600
11303 2 2 0 1597 1536 1600 2966
11304 2 2 0 1597 1537 1473 2965
11305 2 2 0 1597 2370 2430 2965
11306 2 2 0 1597 2430 2370 2966
11307 2 2 0 1597 1473 2370 2965
11308 2 2 0 1597 2370 1536 2966
11309 2 2 0 1597 2430 1537 2965
11310 2 2 0 1597 1600 2430 2966
$EndElements
