$MeshFormat
2.2 0 8
$EndMeshFormat
$PhysicalNames
4
2 1 "SD1G0"
2 2 "SD1D1001"
2 3 "SD2G0"
2 4 "I1-2"
$EndPhysicalNames
$Nodes
4596
1 11.538 0 0
2 8.439 7.868 0
3 0 11.538 0
4 12.226 0 2.529
5 9.045 8.433 2.529
6 0 12.143 2.529
7 13.867 0 6.041
8 10.648 9.928000000000001 6.041
9 0 13.44 6.041
10 17.022 0 10.887
11 13.752 12.822 10.887
12 0 15.87 10.887
13 21.716 0 16.873
14 18.281 17.045 16.873
15 0 19.508 16.873
16 28.254 0 24.432
17 24.471 22.815 24.432
18 0 24.645 24.432
19 36.473 0 33.456
20 32.152 29.977 33.456
21 0 31.182 33.456
22 46.826 0 44.509
23 41.752 38.927 44.509
24 0 39.485 44.509
25 59.122 0 57.417
26 53.095 49.504 57.417
27 0 49.401 57.417
28 73.154 0 71.85299999999999
29 66.023 61.556 71.85299999999999
30 0 60.785 71.85299999999999
31 90.265 0 88.324
32 81.93899999999999 76.396 88.324
33 0 74.889 88.324
34 111.173 0 106.016
35 101.79 94.904 106.016
36 0 92.57899999999999 106.016
37 137.023 0 124.293
38 126.945 118.357 124.293
39 0 115.117 124.293
40 169.272 0 142.788
41 159.044 148.285 142.788
42 0 144.029 142.788
43 206.767 0 160.15
44 197.003 183.677 160.15
45 0 178.407 160.15
46 248.865 0 176.099
47 240.085 223.844 176.099
48 0 217.654 176.099
49 292.363 0 189.875
50 284.841 265.573 189.875
51 0 258.703 189.875
52 337.187 0 201.991
53 330.999 308.608 201.991
54 0 301.381 201.991
55 380.592 0 212.161
56 375.54 350.136 212.161
57 0 342.995 212.161
58 419.992 0 220.266
59 415.654 387.536 220.266
60 0 380.971 220.266
61 456.296 0 226.849
62 452.136 421.55 226.849
63 0 416.123 226.849
64 487.861 0 231.848
65 483.234 450.545 231.848
66 0 446.815 231.848
67 516.152 0 235.654
68 510.307 475.786 235.654
69 0 474.443 235.654
70 539.256 0 238.152
71 531.526 495.571 238.152
72 0 497.113 238.152
73 557.279 0 239.601
74 547.265 510.244 239.601
75 0 514.884 239.601
76 0 0 239.601
77 0 0 0
78 0 0 -70.399
79 558 0 239.601
80 568 0 229.601
81 568 0 -60.399
82 558 0 -70.399
83 0 515 239.601
84 0 525 229.601
85 0 525 -60.399
86 0 515 -70.399
87 558 515 239.601
88 568 515 229.601
89 568 515 -60.399
90 558 515 -70.399
91 558 525 229.601
92 558 525 -60.399
93 10.71490429008651 4.280988379389735 0
94 4.648389158438841 10.56083976883882 0
95 11.36636753247921 4.552657202277737 2.529
96 4.928503362261507 11.14148495418233 2.529
97 12.92906651455073 5.274896660383136 6.041
98 5.654054317096658 12.43295109368274 6.040999999999999
99 16.52953169472689 4.536302758406707 10.887
100 15.09736086011606 8.868529465073753 10.887
101 9.448511520033913 14.19195796054034 10.887
102 4.793925246863772 15.42714244334495 10.887
103 21.12084758388761 5.994384828499396 16.873
104 19.38958810223899 11.76420617949718 16.873
105 12.49544401015545 18.01812169328895 16.873
106 6.290042991988986 19.11869792028891 16.873
107 15.99095766153237 14.90968341900005 13.84624057450492
108 19.34252710603523 0 13.84624057450509
109 0 17.66848267051639 13.84624058980514
110 27.83683927556514 6.015784737027333 24.432
111 26.61133351066223 11.9196128529192 24.432
112 24.57358507111758 17.59069625807351 24.432
113 18.75189197666491 22.98870916163162 24.432
114 12.55165121395805 23.99700219659685 24.432
115 6.284236374126756 24.48258139296493 24.432
116 21.33177706933304 19.88877765590495 20.59849658595936
117 24.938290869031 0 20.59849658595982
118 0 22.03979996853852 20.59849658598067
119 36.14053500791093 6.320867576476362 33.456
120 35.15731821383434 12.57280739906359 33.456
121 33.55080971862271 18.69440677301536 33.45600000000001
122 31.18126960380052 24.55695916518937 33.456
123 26.22362261748965 29.32359185491714 33.456
124 19.75510987511932 30.50818461787306 33.456
125 13.17975115582033 30.9509980318091 33.456
126 6.591101771565508 31.13173601417974 33.456
127 28.24704442527373 26.33589964507362 28.86827455977999
128 32.29452976582942 0 28.86827455978157
129 0 27.85864437028377 28.86827455980431
130 46.41161346292911 8.201220774182039 44.50899999999999
131 45.18375500663527 16.31961306608308 44.509
132 43.17269169416717 24.28035652746929 44.50899999999999
133 40.17222671942912 31.91554645186153 44.509
134 35.44281509106949 37.40931006281186 44.509
135 28.48594329282115 38.89842563353724 44.509
136 21.37702079913435 39.37837061753638 44.50900000000001
137 14.25223912257939 39.5051251191332 44.509
138 7.126119925025376 39.49875125804527 44.509
139 35.28513252052163 32.89799333944464 37.06334518222141
140 38.4846628179392 35.88088877297456 40.74713772152938
141 41.56808842139436 0 38.89558391979831
142 0 35.26820874751824 38.89558391982647
143 58.76501083515021 8.691713327948461 57.41700000000001
144 57.70327430540874 17.32438186621333 57.417
145 55.95840158873771 25.84528981232109 57.41699999999999
146 53.5373918617474 34.19907526057924 57.41700000000001
147 50.17542947489743 42.21956293483741 57.41700000000001
148 46.3531924097712 47.09037793156511 57.41700000000001
149 38.7927742193731 48.85052039300509 57.417
150 31.05629352074862 49.47406140260171 57.417
151 23.29390981667706 49.63877081232201 57.41700000000001
152 15.52920247975646 49.57052550079216 57.41699999999999
153 7.764948848792922 49.45293201506141 57.417
154 45.43023983775495 42.35684596349591 48.69472862785338
155 49.21030173012443 45.88163787353663 52.99632775565954
156 50.81327291755596 0 48.69472859627621
157 54.91092267462602 0 52.99632773943337
158 0 44.34147937466976 50.83084709239989
159 72.8288409484671 9.260210313304734 71.85299999999999
160 71.88444286270889 18.47633160506354 71.85299999999999
161 70.31833128439307 27.60769684098447 71.85299999999999
162 68.14402798581941 36.61362262653886 71.85300000000001
163 65.26955202532197 45.41667143922993 71.85299999999999
164 61.79917269486102 53.99808999577191 71.85299999999999
165 58.84659355187476 58.25020261285749 71.85299999999998
166 50.60499321719817 60.08666601553205 71.85300000000001
167 42.2261246376765 61.07210494043064 71.85299999999999
168 33.78329133455586 61.33157640846629 71.85299999999999
169 25.33659620047365 61.25606222634489 71.85299999999999
170 16.89191799569453 61.05064135650159 71.85299999999999
171 8.446859688636309 60.86012034242199 71.85300000000001
172 57.296047584505 53.42038501612424 62.10808314742529
173 61.60446684750568 57.43686621644017 66.91906245440842
174 63.68180041041401 0 62.10808314742992
175 68.35814161542613 0 66.91906245441075
176 0 54.98527654387057 64.4983963622027
177 89.95464840153656 10.03157830781924 88.324
178 89.10918165106904 20.03060908536333 88.32400000000001
179 87.6781093674477 29.96327979233653 88.32399999999998
180 85.69613755785404 39.80070232315599 88.32399999999998
181 83.175054093749 49.51411964773307 88.324
182 79.82877566393671 58.96799178827946 88.32399999999998
183 76.66860501151724 68.43227718091963 88.32399999999998
184 74.1762901888887 72.25426177711246 88.324
185 65.03889049527126 73.98350369516365 88.324
186 55.84662486024496 75.38921217881695 88.324
187 46.54349270106547 75.74705420150524 88.32400000000001
188 37.23321589152143 75.75912528389939 88.324
189 27.92483450246299 75.53153493870533 88.324
190 18.61867326640585 75.22544396806616 88.32399999999998
191 9.310720932606085 74.98192165914256 88.324
192 71.1874286870174 66.37128786851837 77.19751526161497
193 76.49150351288776 71.3167811090258 82.68654620261212
194 78.70618300740671 0 77.19751559318543
195 84.40849825197921 0 82.68654805144934
196 0 70.06169003810354 82.68654804435646
197 0 65.36147062906488 77.19751557936243
198 110.8750872240171 11.01552631088319 106.016
199 110.1343549583733 22.00858358028179 106.016
200 108.8487568212727 32.95194554616238 106.016
201 107.0760897585429 43.82714926270104 106.016
202 104.8131603325323 54.61108190769389 106.016
203 102.0739038369211 65.28360429693684 106.016
204 98.4626682845594 75.69048566351037 106.016
205 95.90593632373694 86.26046103506523 106.016
206 93.20595679733901 90.09838258849162 106.016
207 82.94499286534284 91.60959988707394 106.016
208 72.7010081470265 93.31280539432089 106.016
209 62.32517070011361 93.82998752319847 106.016
210 51.93482994298311 93.92361339513667 106.016
211 41.54681018819488 93.68541729216837 106.016
212 31.16182936984041 93.33540048316102 106.016
213 20.77757128396748 92.96237683572006 106.016
214 10.3904186023061 92.68551573165348 106.016
215 88.37380384192814 82.39546347823314 94.05895287750705
216 94.98911662411501 88.56322374082517 99.95478249528199
217 97.04243586325877 0 94.05895290284934
218 104.0099940954665 0 99.95478417529142
219 0 86.51846933904437 99.95478414620538
220 0 80.62330470118931 94.05895301150035
221 136.7436769703955 12.26418982865354 124.293
222 136.1188646955191 24.51440633482759 124.293
223 135.0038567615049 36.73037677821035 124.293
224 133.4632845349634 48.90012082948235 124.293
225 131.5083986480615 61.0101135107626 124.293
226 129.164739674789 73.05108389219528 124.293
227 126.3738620697682 84.99537306239179 124.293
228 122.8244379467837 96.73753931695123 124.293
229 120.7219690290042 108.6711425085271 124.293
230 117.2011768323422 113.1261480493109 124.293
231 105.5421328592701 114.4128696159977 124.293
232 93.9300246536919 116.1845827634154 124.293
233 82.20496298332523 116.8632120799999 124.293
234 70.4577923839726 116.9623367238735 124.293
235 58.71165739382585 116.8015316264781 124.293
236 46.97003175863899 116.4188611069421 124.293
237 35.2316088466215 115.9483663945075 124.293
238 23.49129441814774 115.5275989511539 124.293
239 11.74726506207138 115.2348387487412 124.293
240 107.8802113706882 100.5821445945836 110.4409967490387
241 114.1009088174146 106.3819465114222 114.9608014492501
242 120.4548859052218 112.3060103015371 119.5774438358075
243 119.5472922211202 0 111.9369647553352
244 128.1616651532919 0 118.0276763252115
245 0 107.3910130247973 118.0276763712051
246 0 99.88034618154065 111.9369647777096
247 169.0435509497633 12.69203280369895 142.788
248 168.6402315911609 25.37917040421143 142.788
249 167.8630342768398 38.04917723857059 142.788
250 166.7840467665515 50.69705843276484 142.788
251 165.4255676564221 63.31803008382281 142.788
252 163.7859752273731 75.90554170438251 142.788
253 161.8937161390926 88.45764752624402 142.788
254 159.7419333031125 100.967789668127 142.788
255 157.1212470005335 113.3866564234948 142.788
256 154.2300112152058 125.7470150843292 142.788
257 153.2309874035601 138.1997856119625 142.788
258 148.7475496224496 143.0180402414626 142.788
259 136.3753428263499 143.7957761010811 142.788
260 124.0532951585514 145.3022693233239 142.788
261 111.6816460287191 146.2795207345345 142.788
262 99.27094788897801 146.5219243500768 142.788
263 86.85730062962782 146.4612115862164 142.788
264 74.44642898978762 146.206529281706 142.788
265 62.04027257727812 145.7700943788911 142.788
266 49.6358638998592 145.2874044214582 142.788
267 37.23153130423457 144.8025760582555 142.788
268 24.82447760949873 144.3929350839028 142.788
269 12.41329514778637 144.1448037571099 142.788
270 134.7585098644651 125.6420469866261 128.7950363545058
271 142.7111863501178 133.0568481287991 133.3772585920256
272 150.805509056724 140.6037153197805 138.0410954236615
273 147.5206480754999 0 130.3134657867336
274 158.268329579178 0 136.4773272835405
275 0 134.1639462245259 136.477327283571
276 0 124.5283926373055 130.3134657867656
277 206.5862973210697 13.37750639351496 160.15
278 206.3314017271386 26.75367183110576 160.15
279 205.8052784652098 40.12190482109436 160.15
280 205.0705657297117 53.48033276110166 160.15
281 204.137394727809 66.82638678858116 160.15
282 203.0236068077629 80.15858593319227 160.15
283 201.7240446840033 93.47395720397115 160.15
284 200.2625068609738 106.7725656447242 160.15
285 198.6409849438535 120.0525912003958 160.15
286 196.8087363328863 133.3048799286807 160.15
287 194.6126589834508 146.5020308855999 160.15
288 192.43574961188 159.7022759205139 160.15
289 191.8644169509213 172.9468138575381 160.15
290 185.8703400839213 178.7504323360472 160.15
291 172.6005536207326 179.2016265048595 160.15
292 159.3598368313114 180.317585302201 160.15
293 146.1085024679713 181.2923330579559 160.15
294 132.8263414880833 181.644565597194 160.15
295 119.5389061317034 181.6141896039543 160.15
296 106.2525433585917 181.4253374333977 160.15
297 92.96942553941403 181.0824315015404 160.15
298 79.69060400317936 180.5966767686191 160.15
299 66.41220545534027 180.0997722838151 160.15
300 53.13520637628501 179.5663869022989 160.15
301 39.85543722441968 179.1073013805828 160.15
302 26.57319962959206 178.7275894265713 160.1500000000001
303 13.28721937633487 178.5209191766663 160.15
304 166.436837712856 155.1778926561131 146.1693969907165
305 173.9278437104989 162.1623149082425 149.5956949999126
306 181.5183224657068 169.2394830134169 153.0674906780895
307 189.20959942575 176.4106327847452 156.5853902692345
308 178.415192114317 0 147.021740538439
309 187.7103931126216 0 151.3258685483754
310 197.1601434432818 0 155.7015603803776
311 0 166.6948219794037 154.2349719357265
312 0 155.2373362924728 148.4485717234834
313 248.730945660827 14.19532764332577 176.099
314 248.5710314915115 28.39036173573238 176.099
315 248.2411823136443 42.58239391015322 176.099
316 247.7653586517002 56.77033875183066 176.099
317 247.1586975169852 70.95329120145885 176.099
318 246.4311347254246 85.13057236617463 176.099
319 245.5896935425854 99.30154428476744 176.099
320 244.6306155983209 113.4650415321877 176.099
321 243.5718715184369 127.621454629868 176.099
322 242.4164508037046 141.7702959059161 176.099
323 241.1542850457299 155.9100124157929 176.099
324 239.6744932669645 170.0283725207715 176.099
325 238.0482501806464 184.1308864282452 176.099
326 236.509417007991 198.2430510478625 176.099
327 236.07556679826 212.3883725987143 176.099
328 227.9998954628259 219.6360204776388 176.099
329 213.7493702037435 219.8603008040888 176.099
330 199.511458476705 220.5970445159511 176.099
331 185.2732122196982 221.3272111492096 176.099
332 171.0224769097817 221.720560785701 176.099
333 156.7656837976468 221.7254015194376 176.099
334 142.5103671087909 221.5098822681413 176.099
335 128.2563855092205 221.2157172545981 176.099
336 114.0055426198652 220.7988967822233 176.099
337 99.75812882393929 220.2758125065733 176.099
338 85.51049486980574 219.7587209604295 176.099
339 71.26405915212031 219.2095166868818 176.099
340 57.01586996350793 218.7086081200898 176.099
341 42.76549215817676 218.2739059377544 176.099
342 28.51249244567709 217.9376454967775 176.099
343 14.25656991439905 217.7663713399251 176.099
344 205.4302553088694 191.5340531542491 163.2697784439246
345 213.9510409919177 199.4783082615097 166.4241819270251
346 222.566389247443 207.5107276798209 169.6135925701562
347 231.2773588261533 215.6322985230514 172.8384023239014
348 217.0747122943414 0 164.055119088376
349 227.5256168833455 0 168.0144871650073
350 238.1217091224064 0 172.0288601784707
351 0 204.3302881437867 170.684576467125
352 0 191.2494319410512 165.3688434027524
353 292.2726631419136 14.93610104659489 189.875
354 292.1772461746933 29.87216785756521 189.875
355 291.9899661939459 44.80732701522078 189.875
356 291.7045583491449 59.74096230703995 189.875
357 291.3408116106768 74.67289390604645 189.875
358 290.899299508695 89.60273085063511 189.875
359 290.3901068865016 104.5304154532899 189.875
360 289.8118145496584 119.4555812239878 189.875
361 289.1617739942598 134.3777942911331 189.875
362 288.4531098150554 149.2973448966574 189.875
363 287.6878815511339 164.2140982824002 189.875
364 286.8581517340409 179.1273999886187 189.875
365 285.9350335517606 194.0351406953095 189.875
366 284.8579321469708 208.9326128020921 189.875
367 283.7504382435097 223.8278764214605 189.8749999999999
368 282.7335582300626 238.7295079398481 189.875
369 282.4646980258241 253.6471565708065 189.875
370 271.9961396914836 262.3730654082509 189.875
371 256.8824310445535 262.4165629752796 189.875
372 241.7723887190558 262.8339144918207 189.875
373 226.6632818017718 263.2850962390227 189.875
374 211.5509521496146 263.6035367181535 189.875
375 196.4352973739561 263.6041634784133 189.875
376 181.3209329604673 263.3983237688788 189.875
377 166.2088131837851 263.0635789065368 189.875
378 151.0975143215849 262.6929426578491 189.875
379 135.9888691830059 262.2275909576303 189.875
380 120.882703971023 261.6867713936496 189.875
381 105.7761376648383 261.1572922737687 189.875
382 90.67007691910271 260.6135114025012 189.875
383 75.56336786827225 260.0882658038357 189.875
384 60.45436864493216 259.6336013085682 189.875
385 45.34367971390873 259.2394593042997 189.875
386 30.2306023047986 258.9530276999577 189.875
387 15.1154561979449 258.8109001526888 189.875
388 248.8954111260189 232.0585331548316 178.8108648599525
389 257.7756580510143 240.3381788768159 181.54422533986
390 266.7263011389583 248.6834596306102 184.299253921045
391 275.7478919734118 257.0948896943092 187.0761203821995
392 263.1739540379772 0 180.6307060744672
393 277.6724514547155 0 185.2224413361571
394 0 244.8395504797287 185.2224413361773
395 0 231.1573393329798 180.6307060744751
396 337.1352739859197 15.61901312064571 201.991
397 337.0852790970384 31.23803219163857 201.991
398 336.9954833239859 46.85686460290931 201.991
399 336.8490243636949 62.47527413096628 201.991
400 336.662970634387 78.09326155307676 201.991
401 336.4351013056102 93.71069432677041 201.991
402 336.1671474780764 109.3274930980776 201.991
403 335.8652225895774 124.943671077258 201.991
404 335.5249024228351 140.5590593996915 201.991
405 335.1434237391766 156.1734956687975 201.991
406 334.730561453982 171.7871359439176 201.991
407 334.2871905467554 187.3999389597146 201.991
408 333.8063112979214 203.0116296073952 201.991
409 333.2836139960134 218.6219744805426 201.991
410 332.6637788781543 234.2287456981283 201.991
411 331.9867958845377 249.8331679147962 201.991
412 331.3135375141446 265.4377508012389 201.991
413 330.7142748020484 281.0453044359025 201.991
414 330.6282736958674 296.657261582723 201.991
415 317.7433289117043 306.6390354691022 201.991
416 301.853327894213 306.5371039005381 201.991
417 285.9629400260256 306.6978097541943 201.991
418 270.0729863800973 306.898713139099 201.991
419 254.1825126963518 307.0506140845896 201.991
420 238.2914752146797 307.0289898989753 201.991
421 222.4017027523145 306.8182770410409 201.991
422 206.5140194155491 306.4842252545088 201.991
423 190.6279835538851 306.0784211991045 201.991
424 174.7423072073614 305.6587277294642 201.991
425 158.858641510322 305.1692277259094 201.991
426 142.9766110864066 304.6288512657542 201.991
427 127.0942217828322 304.0992156203961 201.991
428 111.2116797967604 303.5740782263691 201.991
429 95.32895620642974 303.0545051803317 201.991
430 79.44453543200551 302.5901206800532 201.991
431 63.55859273811524 302.1807848874527 201.991
432 47.67106711539773 301.8388974412777 201.991
433 31.78164544042774 301.6029980435945 201.991
434 15.89088776545616 301.4834184534317 201.991
435 293.932894927936 274.0497472209308 192.2615288562518
436 303.0941092497178 282.5911237610296 194.6662533400403
437 312.3251774938492 291.1976279831838 197.089313759597
438 321.6266266390497 299.8697512113069 199.5308484414127
439 307.1155864247654 0 193.8626480707312
440 322.0561222279731 0 197.9010991637097
441 0 286.9745302170829 197.9010991637419
442 0 272.7492895644942 193.8626480707487
443 380.5723405866723 16.13339533703044 212.161
444 380.5546468160396 32.26679289628841 212.161
445 380.5247944858841 48.40017200633201 212.161
446 380.4733065747499 64.53349652171677 212.161
447 380.4074970562061 80.66676910568137 212.161
448 380.3258406642906 96.79996884831047 212.161
449 380.2260605433278 112.9330670053082 212.1609999999999
450 380.1118932871539 129.0660703763857 212.161
451 379.9840444093242 145.1989700515668 212.161
452 379.8375141260442 161.3317112846203 212.161
453 379.6690358622752 177.4642381604268 212.161
454 379.4861862229688 193.596608304801 212.161
455 379.2890874495766 209.7288104308906 212.161
456 379.0716392631507 225.8607513920256 212.161
457 378.8298441196807 241.9923447289331 212.161
458 378.5460525474059 258.1232431505674 212.161
459 378.2093077710389 274.2531352254999 212.161
460 377.8572413812258 290.3827030740543 212.161
461 377.5163381806267 306.5125072851477 212.161
462 377.2281412121359 322.6433227002599 212.161
463 377.3024849971107 338.7729754102553 212.161
464 362.4829871217032 349.4881836094348 212.1610000000001
465 346.0045319486064 349.2826918533065 212.161
466 329.5244301629911 349.2567597291408 212.161
467 313.0443001135699 349.2647716087183 212.161
468 296.5641731947392 349.2564750683981 212.161
469 280.0842599330604 349.1774943647231 212.161
470 263.6056591202247 348.9559538027353 212.161
471 247.1287110986343 348.633060808291 212.161
472 230.6533614069588 348.2365031821075 212.161
473 214.1789363898915 347.8029333854633 212.161
474 197.7046048364881 347.3658330639837 212.161
475 181.2316530811352 346.8796538098209 212.161
476 164.7596858816661 346.3610316084525 212.161
477 148.2874657769997 345.8505597405327 212.161
478 131.8146606829633 345.3592471972051 212.161
479 115.3417866058114 344.8702450929189 212.161
480 98.86794422253227 344.4152822068913 212.161
481 82.3926654611962 344.0155841760832 212.161
482 65.91633505240273 343.6620524002532 212.161
483 49.43871122806358 343.3755068558929 212.1610000000001
484 32.95968685951926 343.1877829609493 212.161
485 16.47986247797343 343.0883785963426 212.161
486 341.9819331719741 318.8479867260668 204.4987216577755
487 353.0657911193771 329.1820711166228 207.029487364093
488 364.2515013962831 339.6111179808456 209.5835089064053
489 351.4792361578032 0 205.339739585874
490 365.9468524017057 0 208.7295715683757
491 0 328.9541482052426 208.7295715683981
492 0 315.0835023724014 205.3397395858923
493 419.9949984082692 16.40372155792458 220.266
494 419.9978786300117 32.80744293264459 220.266
495 420.001140807435 49.21116440478729 220.266
496 420.0053648730585 65.61488573169885 220.266
497 420.0120975858227 82.01860580945214 220.266
498 420.0193532581636 98.42232581711406 220.266
499 420.0242486961367 114.8260465416966 220.266
500 420.0250738867282 131.2297687193943 220.266
501 420.0260113169505 147.6334904140772 220.266
502 420.024158490936 164.0372115963041 220.266
503 420.0152856250398 180.4409301572193 220.266
504 419.9963048578134 196.8446413927353 220.266
505 419.9734371204426 213.2483471512272 220.266
506 419.9461897508394 229.6520454815597 220.266
507 419.9091975417168 246.055724171 220.266
508 419.8584441729489 262.4593672397091 220.266
509 419.7894151302104 278.8629427139248 220.266
510 419.6877550528159 295.2663486253387 220.266
511 419.5697088575012 311.6696458129381 220.266
512 419.4486065262433 328.0729212154241 220.266
513 419.3363317484406 344.4762587230089 220.266
514 419.2555152570914 360.8797745752063 220.266
515 419.4331246523905 377.2802547588863 220.266
516 403.3819341614673 388.152773908849 220.2659999999999
517 386.5732667718804 387.8962136911402 220.266
518 369.7630685148341 387.7549593239089 220.266
519 352.9526884688201 387.6367103349467 220.266
520 336.1423430250624 387.5137067850997 220.266
521 319.3322366214477 387.3619310399369 220.266
522 302.5229389634212 387.1394463768732 220.266
523 285.7149286514693 386.8339558559306 220.266
524 268.9081081892158 386.4687398546758 220.266
525 252.102248304072 386.0615355239516 220.266
526 235.296796295704 385.6377388715686 220.266
527 218.4913178104243 385.214997178129 220.266
528 201.6866914074615 384.7597335756324 220.266
529 184.8825954247107 384.2852016780431 220.266
530 168.0783156715572 383.8172498733317 220.266
531 151.2734157788685 383.3720790188903 220.266
532 134.4684068251469 382.9310442979686 220.266
533 117.6628478474341 382.5116068688822 220.266
534 100.8562605663752 382.1357697268739 220.266
535 84.04882322030809 381.7999686802679 220.266
536 67.2405474377188 381.5093364366187 220.266
537 50.43134588695271 381.2786405418582 220.266
538 33.62118517766258 381.1350246066906 220.266
539 16.81059049911142 381.0534225732098 220.266
540 385.4796677648077 359.4031779030715 214.1693015215079
541 395.4783221875631 368.7253515933305 216.189521247699
542 405.5363165557717 378.1028504558474 218.2217305600172
543 393.6218561075584 0 214.841380298268
544 406.7549107086609 0 217.5429896267435
545 0 368.2123273369059 217.5429896267543
546 0 355.5539293284124 214.8413802982616
547 456.3136714771481 17.16949881137753 226.849
548 456.3290644989902 34.33899978339196 226.849
549 456.3502278323908 51.50849453079839 226.849
550 456.3846497484193 68.67796737378634 226.849
551 456.4330037548478 85.84740679077639 226.849
552 456.4911620475955 103.0168157527904 226.849
553 456.5561381677058 120.1862004926698 226.849
554 456.6250523642216 137.3555705807481 226.849
555 456.7002159749011 154.524913384602 226.849
556 456.7811619184674 171.6942302056737 226.849
557 456.8637078202475 188.863539521691 226.849
558 456.9442050921 206.0328586298587 226.849
559 457.0227556862172 223.2021870267921 226.849
560 457.1043792149251 240.3715005154988 226.849
561 457.1844781610026 257.5408220848054 226.849
562 457.2586591199136 274.7101686336478 226.849
563 457.323587285756 291.879553702198 226.8489999999999
564 457.3754371304793 309.0489834225556 226.849
565 457.41404755774 326.2184485959324 226.849
566 457.4467365824678 343.3879259518113 226.849
567 457.477698333653 360.5574067066479 226.849
568 457.5108432881359 377.7268833841458 226.849
569 457.5536755384783 394.8963380837248 226.849
570 457.7275127531237 412.0641644490256 226.849
571 441.0151753381012 423.3445619008629 226.849
572 424.0524157076148 423.0902588160163 226.849
573 407.08882752189 422.8942115266997 226.849
574 390.1251278850214 422.7079857400698 226.849
575 373.1614581576279 422.5190586169823 226.849
576 356.1979314761824 422.3177473053749 226.849
577 339.2347451036995 422.0898001277408 226.849
578 322.2723054602772 421.8118127572143 226.849
579 305.3106381894797 421.4901610715198 226.849
580 288.3496508927923 421.1343761241985 226.849
581 271.3891325524034 420.7568441018144 226.849
582 254.4287248260125 420.3743322671107 226.849
583 237.4682582517793 419.9944312553093 226.849
584 220.5082469939918 419.5947791089471 226.849
585 203.5484719681598 419.1851666049045 226.849
586 186.5885544885173 418.781497134288 226.849
587 169.6281679439387 418.3980654895635 226.849
588 152.6676214786219 418.0217463744207 226.849
589 135.706763159717 417.6597956780304 226.849
590 118.7453221843996 417.3263879274036 226.849
591 101.7832052724951 417.0292561688151 226.849
592 84.82057601976581 416.7630738833699 226.849
593 67.85736689588855 416.5369530133611 226.849
594 50.89356142839633 416.3615559475278 226.849
595 33.92917737035233 416.25624432825 226.849
596 16.9645795459854 416.1918299559813 226.849
597 427.7442415105019 398.8083390915577 222.4476254553926
598 439.9047687304207 410.1462090783545 224.6419336262365
599 432.0232517898257 0 222.4476254553884
600 444.1244463568498 0 224.6419336262434
601 0 404.337674590621 224.6419336262533
602 0 392.6204756202631 222.4476254553992
603 487.8851552227341 17.68045341808137 231.848
604 487.9057989625406 35.36091115357119 231.848
605 487.933511313121 53.04135900068663 231.848
606 487.9782960175119 70.72177118551885 231.848
607 488.0422506104981 88.40212508014676 231.848
608 488.119713324414 106.0824250657885 231.848
609 488.2082733656484 123.7626731713916 231.848
610 488.3053623383303 141.4428758449577 231.848
611 488.4107452588413 159.123031858302 231.848
612 488.5261044307614 176.8031255535949 231.848
613 488.6479365540211 194.4831750191096 231.848
614 488.772795700476 212.1632048043812 231.848
615 488.8979373644616 229.8432314020954 231.848
616 489.0275426595222 247.5232258125255 231.848
617 489.1607852638575 265.203192930363 231.848
618 489.2936937428045 282.8831637124249 231.848
619 489.4229640993255 300.5631602964388 231.848
620 489.5460723434792 318.2432005359794 231.848
621 489.6648156039302 335.9232742270091 231.848
622 489.7824334375571 353.603353784276 231.848
623 489.8982984007607 371.2834448381952 231.848
624 490.0115407658089 388.9635528268424 231.848
625 490.1204991187713 406.6436878784202 231.848
626 490.2205533874659 424.3238753765003 231.848
627 490.3346445802564 442.0038942117401 231.848
628 472.8167793537801 453.3230495909222 231.848
629 455.3044179872677 453.1157276945571 231.848
630 437.7919978270471 452.9129731416246 231.848
631 420.2796201969354 452.7065945418001 231.848
632 402.7673063852601 452.4948668605736 231.848
633 385.2550875811917 452.2754472486437 231.848
634 367.743023506932 452.0439979666826 231.848
635 350.2312637154972 451.7905813871843 231.848
636 332.7199323581331 451.5092792527051 231.848
637 315.2089909365728 451.2047014656112 231.848
638 297.6983346042558 450.8839725256033 231.848
639 280.1877953003888 450.5569614195595 231.848
640 262.6771626842782 450.2349619072385 231.848
641 245.1666565726794 449.9061762154237 231.848
642 227.6563161999358 449.5686902105875 231.848
643 210.1459618358731 449.2319292851096 231.848
644 192.635377643275 448.9073817160484 231.848
645 175.1245317505784 448.5972338207815 231.848
646 157.6135485507546 448.2948786809338 231.8480000000001
647 140.1022918867171 448.0089118283347 231.848
648 122.5906312756333 447.7488902594027 231.848
649 105.0785935092996 447.5156353263424 231.848
650 87.56622877388264 447.3084073528473 231.848
651 70.05350904793498 447.1338610575432 231.848
652 52.54043129535685 447.0003361312243 231.848
653 35.02702392808705 446.9208436471145 231.848
654 17.51350442827923 446.8703081249479 231.848
655 462.4429934216538 431.1599837372452 228.5058480325052
656 472.8088785836569 440.8248766651596 230.1721629056435
657 472.0110554586149 0 229.3378186991166
658 0 431.4034207868693 229.3378186991255
659 516.173841944229 17.36573419145554 235.654
660 516.1920805032148 34.73147241487722 235.654
661 516.2150195682621 52.09720505876521 235.654
662 516.2506309554457 69.462915793082 235.654
663 516.3035259802839 86.82858300327322 235.654
664 516.3686609520001 104.1942085528105 235.654
665 516.444129384005 121.5597916962145 235.654
666 516.5282547457863 138.9253354605885 235.654
667 516.6193503287218 156.2908452025461 235.654
668 516.7186462479023 173.6563093529839 235.6540000000001
669 516.8257122939126 191.0217260803249 235.654
670 516.9383474236122 208.3871088549356 235.654
671 517.0544491810563 225.7524689685363 235.654
672 517.172323362552 243.117816850219 235.654
673 517.2947087778709 260.4831338398162 235.654
674 517.4210719007095 277.8484206902947 235.654
675 517.5488897008111 295.2136973833622 235.654
676 517.6759686801576 312.5789822211482 235.654
677 517.8005336954817 329.9442835367815 235.654
678 517.9239457461146 347.3095926564108 235.654
679 518.0540428813154 364.6748537784438 235.654
680 518.1864189091666 382.0400978633299 235.654
681 518.3174295141957 399.4053523472758 235.654
682 518.4434759192493 416.7706430557589 235.654
683 518.5588212080195 434.1360084774114 235.654
684 518.6479798048557 451.5015237599997 235.654
685 518.4976252537515 466.4263191138673 235.654
686 500.6483210458861 479.3860394990182 235.654
687 482.7674497820569 479.2674083862549 235.654
688 464.8869000257583 479.1063348774071 235.654
689 447.0064937310839 478.929947134806 235.654
690 429.1261734028655 478.7450657738642 235.654
691 411.2459130247119 478.5544602646114 235.654
692 393.3656992001252 478.3595359304031 235.654
693 375.485526108467 478.1609168422939 235.654
694 357.6054793196437 477.9513732855394 235.654
695 339.7255933761567 477.728349401385 235.654
696 321.8458353375858 477.4954885230152 235.654
697 303.966139393878 477.2579059720943 235.654
698 286.08641887778 477.0221145642402 235.654
699 268.20666438026 476.7888132963197 235.654
700 250.3269799874382 476.550317087403 235.6540000000001
701 232.44730570402 476.3110883164074 235.654
702 214.5675617776082 476.0771000128755 235.654
703 196.6876717775946 475.8545172620713 235.654
704 178.8076944372961 475.6390720124224 235.6539999999999
705 160.9276181417711 475.4320497573291 235.654
706 143.0473878905127 475.2388140674296 235.654
707 125.1669623634356 475.0645258293138 235.654
708 107.2863776162545 474.9074686322035 235.654
709 89.40563736896402 474.7692851893055 235.654
710 71.52473702409071 474.6537243978582 235.654
711 53.64367607055659 474.5667613853942 235.654
712 35.76247714256287 474.5151644470343 235.654
713 17.88123436231453 474.4810987502475 235.654
714 492.2245574785272 458.92717638664 233.1119183601106
715 501.2488476186713 467.3408027829528 234.3805789545548
716 501.9667665662752 0 233.7456546446306
717 0 460.5901977199233 233.7456546446369
718 539.2691893828779 17.48282775440846 238.152
719 539.2801279160766 34.96565686131571 238.152
720 539.2934308785209 52.44848415913388 238.152
721 539.3135597019685 69.93130497451227 238.152
722 539.3437233143479 87.41411186507914 238.152
723 539.3812781362501 104.8969041279219 238.152
724 539.4249926664667 122.3796817722693 238.152
725 539.4740788997664 139.862444961217 238.152
726 539.5276769218958 157.3451961743107 238.152
727 539.5857120226837 174.8279320481958 238.152
728 539.6486958781138 192.3106516224416 238.152
729 539.7155874195699 209.7933549004618 238.152
730 539.7853099970816 227.2760495353133 238.152
731 539.8568557288289 244.7587343427104 238.152
732 539.9302031713961 262.2414143327561 238.152
733 540.0066347457926 279.7240788484657 238.152
734 540.0849879423541 297.2067362161274 238.152
735 540.164062878909 314.6893882821036 238.152
736 540.2428266496206 332.1720457664036 238.152
737 540.3204442860567 349.6547040958846 238.152
738 540.4035429072458 367.1373407612531 238.152
739 540.4967464366605 384.6199253091315 238.152
740 540.59274980135 402.1024951451817 238.152
741 540.6866923128948 419.5850759374687 238.152
742 540.7734490521168 437.0676938222375 238.152
743 540.8445681955034 454.5503816918298 238.152
744 540.8764256934551 472.0331758514655 238.152
745 540.4578189694738 485.6342492236121 238.152
746 523.1528895583331 499.7590445492928 238.152
747 505.7142477799946 499.7650950214464 238.152
748 488.2757128436602 499.691394050387 238.152
749 470.8372963067885 499.5932591500958 238.152
750 453.3989476960103 499.4836378480786 238.152
751 435.9606352518127 499.368366500773 238.152
752 418.5223331412631 499.2515233987174 238.152
753 401.0840115602555 499.1376462044698 238.152
754 383.6456474875525 499.0303087045972 238.152
755 366.207312651313 498.9188378899246 238.152
756 348.7690047516819 498.8028804529563 238.152
757 331.3307190049918 498.6840273292871 238.152
758 313.8924368282446 498.5643789257563 238.152
759 296.4541431204995 498.4464842325107 238.152
760 279.0158411762814 498.3295290843454 238.152
761 261.5775526136752 498.2110694336583 238.152
762 244.1392587771826 498.0930037448516 238.152
763 226.7009484263262 497.9776461298246 238.152
764 209.2626036981049 497.8675563431656 238.152
765 191.8242319330608 497.761673343563 238.152
766 174.3858383618548 497.6596115801979 238.152
767 156.947411867557 497.5633455728899 238.152
768 139.508943892762 497.4749307466946 238.1519999999999
769 122.0704342974881 497.3950839880605 238.152
770 104.6318901375891 497.3230888483569 238.152
771 87.19331070401667 497.2604044632396 238.152
772 69.75469615953186 497.2083856540855 238.152
773 52.31604483596963 497.1706806096536 238.152
774 34.87736744657513 497.1479171504171 238.152
775 17.4386825312279 497.1316986439729 238.152
776 520.901723801767 485.664722391157 236.9012604767809
777 527.6879111511466 0 236.9012604767817
778 0 485.7622133742451 236.9012604767915
779 557.2789999999999 17.41083655861727 239.601
780 557.2789999999999 34.82167285613139 239.601
781 557.279 52.23250908570229 239.601
782 557.279 69.64334531732456 239.601
783 557.2790000000001 87.05418244635167 239.601
784 557.279 104.4650187585558 239.601
785 557.279 121.8758547883874 239.601
786 557.279 139.2866914023714 239.601
787 557.2790000000001 156.6975279520832 239.601
788 557.279 174.1083644879076 239.601
789 557.2790000000001 191.5192004307844 239.601
790 557.279 208.9300365832161 239.601
791 557.279 226.340872821435 239.601
792 557.279 243.7517089570748 239.601
793 557.279 261.1625467407965 239.601
794 557.279 278.5733826570215 239.601
795 557.2790000000001 295.9842187380448 239.601
796 557.279 313.3950555003404 239.601
797 557.279 330.8058900515424 239.601
798 557.279 348.2167274084013 239.601
799 557.2792655099241 365.6275638627373 239.601
800 557.2912533230015 383.0383967974479 239.601
801 557.3123787956131 400.4492211455573 239.601
802 557.3355458089807 417.8600426654287 239.601
803 557.355599152427 435.2708680823691 239.601
804 557.3666750692738 452.6817011684468 239.601
805 557.3586605682035 470.0925352544394 239.601
806 557.3020874276269 487.5032642314537 239.601
807 556.6494228554022 499.6710247522729 239.601
808 538.9193582643858 514.8180379429782 239.601
809 520.9559128175677 514.9465044149669 239.601
810 502.9919346412096 514.9714374222324 239.601
811 485.0279356178352 514.9664936296945 239.601
812 467.0639448383037 514.9483108519454 239.601
813 449.0999603103801 514.9246575908583 239.601
814 431.1359753007654 514.9013638112264 239.601
815 413.1719821839418 514.8855438885749 239.6009999999999
816 395.2079804356376 514.884 239.601
817 377.2439822704899 514.8840000000001 239.601
818 359.2799848539153 514.884 239.601
819 341.3159861038845 514.884 239.601
820 323.3519858187429 514.884 239.601
821 305.3879873996752 514.884 239.6009999999999
822 287.4239867020218 514.884 239.601
823 269.4599881890491 514.884 239.601
824 251.4959902111669 514.884 239.601
825 233.5319902764734 514.884 239.601
826 215.5679905628917 514.884 239.601
827 197.6039924072304 514.884 239.601
828 179.6399930308906 514.884 239.601
829 161.6759933866481 514.8839999999999 239.601
830 143.7119944998904 514.8840000000001 239.601
831 125.7479946583293 514.8840000000001 239.601
832 107.783995827941 514.884 239.601
833 89.81999643494729 514.8839999999999 239.601
834 71.85599737408782 514.884 239.601
835 53.89199791328105 514.884 239.601
836 35.92799852310131 514.884 239.601
837 17.96399940748822 514.884 239.601
838 539.3954999999887 502.9074999999895 238.8764999999989
839 539.3022580645805 0 239.601
840 521.3255161291497 0 239.601
841 503.3487741936999 0 239.601
842 485.3720322582723 0 239.601
843 467.3952903228553 0 239.601
844 449.4185483874331 0 239.601
845 431.4418064519786 0 239.601
846 413.4650645164998 0 239.601
847 395.4883225810535 0 239.601
848 377.5115806455997 0 239.601
849 359.5348387101822 0 239.601
850 341.5580967747663 0 239.601
851 323.5813548393516 0 239.601
852 305.6046129039107 0 239.601
853 287.6278709684552 0 239.601
854 269.651129032976 0 239.601
855 251.6743870974398 0 239.601
856 233.6976451619258 0 239.601
857 215.7209032263896 0 239.601
858 197.7441612908535 0 239.601
859 179.7674193553173 0 239.601
860 161.7906774198034 0 239.601
861 143.8139354842672 0 239.601
862 125.837193548731 0 239.601
863 107.8604516131974 0 239.601
864 89.88370967768094 0 239.601
865 71.90696774214473 0 239.601
866 53.93022580660852 0 239.601
867 35.95348387107231 0 239.601
868 17.97674193553621 0 239.601
869 0 17.75462068963467 239.601
870 0 35.50924137926965 239.601
871 0 53.26386206891551 239.601
872 0 71.01848275854962 239.601
873 0 88.77310344817124 239.601
874 0 106.5277241377928 239.601
875 0 124.2823448274144 239.601
876 0 142.0369655170176 239.601
877 0 159.7915862066147 239.601
878 0 177.5462068962118 239.601
879 0 195.3008275858088 239.601
880 0 213.0554482754058 239.601
881 0 230.8100689650029 239.601
882 0 248.5646896545999 239.601
883 0 266.3193103442472 239.601
884 0 284.0739310339445 239.601
885 0 301.8285517236416 239.601
886 0 319.5831724133345 239.601
887 0 337.3377931030273 239.601
888 0 355.0924137927202 239.601
889 0 372.8470344824129 239.601
890 0 390.6016551721069 239.601
891 0 408.3562758618044 239.601
892 0 426.1108965515018 239.601
893 0 443.8655172411993 239.601
894 0 461.6201379308967 239.601
895 0 479.3747586205922 239.601
896 0 497.1293793102849 239.601
897 5.76899999998555 0 0
898 0 5.769000000014591 0
899 565.0710678164058 0 236.6720678073251
900 568 0 205.4343333334342
901 568 0 181.2676666668684
902 568 0 157.1010000003025
903 568 0 132.9343333337367
904 568 0 108.7676666670728
905 568 0 84.60100000046631
906 568 0 60.4343333336692
907 568 0 36.26766666686652
908 568 0 12.10100000006381
909 568 0 -12.06566666673885
910 568 0 -36.23233333343421
911 565.0710677897453 0 -67.47006783398569
912 533.739130434886 0 -70.399
913 509.4782608697718 0 -70.399
914 485.2173913046577 0 -70.399
915 460.9565217395436 0 -70.399
916 436.6956521744295 0 -70.399
917 412.4347826093154 0 -70.399
918 388.1739130442014 0 -70.399
919 363.9130434790873 0 -70.399
920 339.6521739139732 0 -70.399
921 315.3913043488591 0 -70.399
922 291.130434783745 0 -70.399
923 266.8695652185074 0 -70.399
924 242.6086956531461 0 -70.399
925 218.3478260877849 0 -70.399
926 194.0869565224236 0 -70.399
927 169.8260869570624 0 -70.399
928 145.5652173917011 0 -70.399
929 121.3043478263399 0 -70.399
930 97.04347826097865 0 -70.399
931 72.7826086956174 0 -70.399
932 48.52173913025621 0 -70.399
933 24.26086956511415 0 -70.399
934 0 522.0710678164058 236.6720678073251
935 0 525 205.4343333334342
936 0 525 181.2676666668684
937 0 525 157.1010000003025
938 0 525 132.9343333337367
939 0 525 108.7676666670728
940 0 525 84.60100000046631
941 0 525 60.4343333336692
942 0 525 36.26766666686652
943 0 525 12.10100000006381
944 0 525 -12.06566666673885
945 0 525 -36.23233333343421
946 0 522.0710677897453 -67.47006783398569
947 0 490.4761904763047 -70.399
948 0 465.9523809526315 -70.399
949 0 441.4285714289584 -70.399
950 0 416.9047619052853 -70.399
951 0 392.3809523816121 -70.399
952 0 367.857142857939 -70.399
953 0 343.3333333342659 -70.399
954 0 318.8095238105929 -70.399
955 0 294.2857142869196 -70.399
956 0 269.7619047632465 -70.399
957 0 245.2380952394381 -70.399
958 0 220.7142857154943 -70.399
959 0 196.1904761915505 -70.399
960 0 171.6666666676066 -70.399
961 0 147.1428571436629 -70.399
962 0 122.6190476197191 -70.399
963 0 98.09523809577519 -70.399
964 0 73.5714285718314 -70.399
965 0 49.04761904788768 -70.399
966 0 24.52380952394378 -70.399
967 24.26086956514522 515 239.601
968 48.52173913030152 515 239.601
969 72.78260869546276 515 239.601
970 97.04347826057165 515 239.601
971 121.3043478256797 515 239.601
972 145.5652173907877 515 239.601
973 169.8260869558957 515 239.601
974 194.0869565210037 515 239.601
975 218.3478260861118 515 239.601
976 242.6086956512198 515 239.601
977 266.8695652163278 515 239.601
978 291.1304347815594 515 239.601
979 315.3913043469146 515 239.601
980 339.6521739122697 515 239.601
981 363.913043477625 515 239.601
982 388.1739130429801 515 239.601
983 412.4347826083352 515 239.601
984 436.6956521736905 515 239.601
985 460.9565217390456 515 239.601
986 485.2173913044008 515 239.601
987 509.478260869756 515 239.601
988 533.739130434892 515 239.601
989 565.0710678164058 515 236.6720678073251
990 568 515 205.4343333334342
991 568 515 181.2676666668684
992 568 515 157.1010000003025
993 568 515 132.9343333337367
994 568 515 108.7676666670728
995 568 515 84.60100000046631
996 568 515 60.4343333336692
997 568 515 36.26766666686652
998 568 515 12.10100000006381
999 568 515 -12.06566666673885
1000 568 515 -36.23233333343421
1001 565.0710677897453 515 -67.47006783398569
1002 533.739130434886 515 -70.399
1003 509.4782608697718 515 -70.399
1004 485.2173913046577 515 -70.399
1005 460.9565217395436 515 -70.399
1006 436.6956521744295 515 -70.399
1007 412.4347826093154 515 -70.399
1008 388.1739130442014 515 -70.399
1009 363.9130434790873 515 -70.399
1010 339.6521739139732 515 -70.399
1011 315.3913043488591 515 -70.399
1012 291.130434783745 515 -70.399
1013 266.8695652185074 515 -70.399
1014 242.6086956531461 515 -70.399
1015 218.3478260877849 515 -70.399
1016 194.0869565224236 515 -70.399
1017 169.8260869570624 515 -70.399
1018 145.5652173917011 515 -70.399
1019 121.3043478263399 515 -70.399
1020 97.04347826097865 515 -70.399
1021 72.7826086956174 515 -70.399
1022 48.52173913025621 515 -70.399
1023 24.26086956511415 515 -70.399
1024 24.26086956514522 525 229.601
1025 48.52173913030152 525 229.601
1026 72.78260869546276 525 229.601
1027 97.04347826057165 525 229.601
1028 121.3043478256797 525 229.601
1029 145.5652173907877 525 229.601
1030 169.8260869558957 525 229.601
1031 194.0869565210037 525 229.601
1032 218.3478260861118 525 229.601
1033 242.6086956512198 525 229.601
1034 266.8695652163278 525 229.601
1035 291.1304347815594 525 229.601
1036 315.3913043469146 525 229.601
1037 339.6521739122697 525 229.601
1038 363.913043477625 525 229.601
1039 388.1739130429801 525 229.601
1040 412.4347826083352 525 229.601
1041 436.6956521736905 525 229.601
1042 460.9565217390456 525 229.601
1043 485.2173913044008 525 229.601
1044 509.478260869756 525 229.601
1045 533.739130434892 525 229.601
1046 558 525 205.4343333334342
1047 558 525 181.2676666668684
1048 558 525 157.1010000003025
1049 558 525 132.9343333337367
1050 558 525 108.7676666670728
1051 558 525 84.60100000046631
1052 558 525 60.4343333336692
1053 558 525 36.26766666686652
1054 558 525 12.10100000006381
1055 558 525 -12.06566666673885
1056 558 525 -36.23233333343421
1057 533.739130434886 525 -60.399
1058 509.4782608697718 525 -60.399
1059 485.2173913046577 525 -60.399
1060 460.9565217395436 525 -60.399
1061 436.6956521744295 525 -60.399
1062 412.4347826093154 525 -60.399
1063 388.1739130442014 525 -60.399
1064 363.9130434790873 525 -60.399
1065 339.6521739139732 525 -60.399
1066 315.3913043488591 525 -60.399
1067 291.130434783745 525 -60.399
1068 266.8695652185074 525 -60.399
1069 242.6086956531461 525 -60.399
1070 218.3478260877849 525 -60.399
1071 194.0869565224236 525 -60.399
1072 169.8260869570624 525 -60.399
1073 145.5652173917011 525 -60.399
1074 121.3043478263399 525 -60.399
1075 97.04347826097865 525 -60.399
1076 72.7826086956174 525 -60.399
1077 48.52173913025621 525 -60.399
1078 24.26086956511415 525 -60.399
1079 558 522.0710678164058 236.6720678073251
1080 565.0710678118654 522.0710678118655 229.601
1081 565.0710678118654 522.0710678118655 -60.399
1082 558 522.0710678032927 -67.47006782043819
1083 558 24.52380952372602 239.601
1084 558 49.04761904745119 239.601
1085 558 73.57142857117633 239.601
1086 558 98.09523809490149 239.601
1087 558 122.6190476186267 239.601
1088 558 147.1428571422955 239.601
1089 558 171.666666665953 239.601
1090 558 196.1904761896105 239.601
1091 558 220.714285713268 239.601
1092 558 245.2380952369255 239.601
1093 558 269.7619047607183 239.601
1094 558 294.2857142846464 239.601
1095 558 318.8095238085746 239.601
1096 558 343.3333333325028 239.601
1097 558 367.857142856431 239.601
1098 558 392.3809523803591 239.601
1099 558 416.9047619042873 239.601
1100 558 441.4285714282155 239.601
1101 558 465.9523809521438 239.601
1102 558 490.4761904760718 239.601
1103 568 24.52380952372602 229.601
1104 568 49.04761904745119 229.601
1105 568 73.57142857117633 229.601
1106 568 98.09523809490149 229.601
1107 568 122.6190476186267 229.601
1108 568 147.1428571422955 229.601
1109 568 171.666666665953 229.601
1110 568 196.1904761896105 229.601
1111 568 220.714285713268 229.601
1112 568 245.2380952369255 229.601
1113 568 269.7619047607183 229.601
1114 568 294.2857142846464 229.601
1115 568 318.8095238085746 229.601
1116 568 343.3333333325028 229.601
1117 568 367.857142856431 229.601
1118 568 392.3809523803591 229.601
1119 568 416.9047619042873 229.601
1120 568 441.4285714282155 229.601
1121 568 465.9523809521438 229.601
1122 568 490.4761904760718 229.601
1123 568 24.52380952372602 -60.399
1124 568 49.04761904745119 -60.399
1125 568 73.57142857117633 -60.399
1126 568 98.09523809490149 -60.399
1127 568 122.6190476186267 -60.399
1128 568 147.1428571422955 -60.399
1129 568 171.666666665953 -60.399
1130 568 196.1904761896105 -60.399
1131 568 220.714285713268 -60.399
1132 568 245.2380952369255 -60.399
1133 568 269.7619047607183 -60.399
1134 568 294.2857142846464 -60.399
1135 568 318.8095238085746 -60.399
1136 568 343.3333333325028 -60.399
1137 568 367.857142856431 -60.399
1138 568 392.3809523803591 -60.399
1139 568 416.9047619042873 -60.399
1140 568 441.4285714282155 -60.399
1141 568 465.9523809521438 -60.399
1142 568 490.4761904760718 -60.399
1143 558 24.52380952372602 -70.399
1144 558 49.04761904745119 -70.399
1145 558 73.57142857117633 -70.399
1146 558 98.09523809490149 -70.399
1147 558 122.6190476186267 -70.399
1148 558 147.1428571422955 -70.399
1149 558 171.666666665953 -70.399
1150 558 196.1904761896105 -70.399
1151 558 220.714285713268 -70.399
1152 558 245.2380952369255 -70.399
1153 558 269.7619047607183 -70.399
1154 558 294.2857142846464 -70.399
1155 558 318.8095238085746 -70.399
1156 558 343.3333333325028 -70.399
1157 558 367.857142856431 -70.399
1158 558 392.3809523803591 -70.399
1159 558 416.9047619042873 -70.399
1160 558 441.4285714282155 -70.399
1161 558 465.9523809521438 -70.399
1162 558 490.4761904760718 -70.399
1163 10.79655571195217 7.613387966711399 4.326179797178659
1164 19.17511535364339 3.257980573706044 13.89721315068709
1165 18.17612086615309 7.766766026506774 13.88
1166 16.4815396971069 11.21951374612714 13.5192144442138
1167 3.34824406905762 17.4845829290515 13.80233515206865
1168 8.07365927530639 16.65090219401104 13.64989363453951
1169 11.92252743298647 15.41757355447446 13.41760479685454
1170 24.82428464273159 3.732906312070138 20.68554679444615
1171 22.2017191809677 14.7279156907353 20.87262777287006
1172 23.81411225110074 9.029206177302225 20.58955836704982
1173 3.94347344341514 21.96236527254678 20.63353095533831
1174 15.60771151657846 20.53166757017168 20.6947434770123
1175 9.851728109656424 21.45946352045509 20.64549636773816
1176 33.5742323172678 4.162839008414805 30.45221328332805
1177 30.52262881192604 4.087523582835631 27.1140527066601
1178 31.45189883353759 9.645889437949045 28.93285024953838
1179 28.43237026910879 20.56242080092962 29.22875917220577
1180 30.17100264270395 14.96005728379556 28.92555291707089
1181 21.50900658795172 26.15650070974006 28.64891301037719
1182 15.3531553115735 27.26542725196357 28.88555263161787
1183 9.92145445710641 27.677068273123 28.93792938831138
1184 4.034889136218553 27.86501721874814 28.93055505843434
1185 41.51883619758647 4.624999142435861 39.01560079189981
1186 39.36607696732351 17.93286765230588 38.98250000000002
1187 37.53978465311397 24.21842244527154 39.06957760226792
1188 40.81528256806943 11.15021609378499 39.03107787592826
1189 35.0278055083229 28.40392436050165 38.46953475768389
1190 4.415706881092489 35.30921222251476 38.95751139454043
1191 24.9822459681327 34.58903077298623 38.96069600611914
1192 31.67281560188837 35.01884103012453 40.94839334477067
1193 29.68169097099094 31.7866104897565 37.0258504113372
1194 17.18906328827109 35.17928570713789 39.02065197232264
1195 10.66700949672934 35.2456367049261 38.92349669644742
1196 46.28146959787316 35.81701344687933 51.47357326092344
1197 48.48932808629552 28.78214517021001 50.94173954743874
1198 54.99996867490714 4.461713403608774 53.23302367953084
1199 51.00556658454494 4.211369555922986 49.03338823125203
1200 51.92224284746571 12.04450032270417 50.677813720119
1201 50.61965153441572 20.99972417176611 50.9692122982993
1202 4.847545874632516 44.42848040544016 50.92201307483825
1203 18.65594115317494 44.6163896086175 51.03613694551898
1204 11.61111438484251 44.4735355077181 50.90432996397028
1205 43.22101479132429 44.61109038116131 54.04017138509019
1206 39.03861198664532 42.29366037491622 50.5329217312099
1207 33.28080395807098 43.8136497978191 50.83483451108537
1208 26.11996961540401 44.46587482178646 51.01238595709357
1209 68.88374351571264 5.812888018699372 67.63877779660535
1210 64.16571650014609 4.682335651630154 62.74985457182404
1211 65.25754777066497 12.57879988032987 64.40966543119499
1212 55.30540932312729 49.81691723379024 63.07493717755634
1213 64.08384801329308 22.36625661480441 64.66421378991946
1214 58.06649599310494 45.20161387961944 65.47829770198301
1215 62.1495381883781 30.91554051601702 64.64077839962204
1216 60.48320478344947 38.75619300709189 65.2551793045354
1217 54.86955305392472 40.86884704391243 61.0181804641971
1218 5.283381205116061 55.18916720944222 64.7153777345352
1219 42.01873166159875 54.69222001067156 64.42072828204941
1220 47.25331970201456 56.93492872510782 67.78400596958859
1221 48.07457939227885 51.56645172790803 62.46247048157993
1222 20.30016667473679 55.47464880468705 64.72276425846113
1223 12.68017186226353 55.19471017999835 64.57247825133146
1224 53.72326347448842 55.15999220819508 67.5388084112757
1225 35.61173977406035 55.28392276199767 64.5984574424315
1226 28.14407499274218 55.5103400844839 64.66726165648052
1227 85.23465719490869 6.95522753359764 83.67359337412938
1228 79.1048474327998 6.321913769584986 77.75808250361982
1229 82.83409477534553 15.53571453775164 81.90614521985232
1230 77.01278429743334 13.17547852399099 76.1466154747831
1231 74.49860844017456 34.96350653007739 77.16050398245874
1232 72.19390615534572 42.66996787317953 76.9460153794796
1233 69.58724938762573 50.65369255807899 77.16178732409898
1234 76.22800438236118 48.50231281701662 82.01339024472766
1235 74.49449621850262 56.75727478738187 83.24331122421758
1236 80.39107774417073 33.32478540544368 82.1822856176386
1237 76.0655799396188 26.84242809032324 77.02135253523781
1238 82.17768739966166 24.46492390090792 82.34874127772706
1239 79.06390420579397 41.5651397132704 82.74579085181313
1240 68.16459500457027 57.3789700918603 78.28238895310237
1241 77.77210146960024 20.60860548402896 77.6775746775925
1242 49.806582361329 70.11887646726936 82.18866834060307
1243 54.3948657253031 64.22449460469831 76.65028047243922
1244 46.84862246960249 64.89768642754217 76.31648849965273
1245 62.28628794151464 64.28166652281593 78.45122786074062
1246 67.07338440497264 68.64974015424727 83.64376277361521
1247 29.61490418307595 65.76853758050451 76.978666051308
1248 21.66864862355934 65.59259265935496 76.98714976135469
1249 58.15443574540738 69.71431952245736 82.7542313029691
1250 38.07826752066266 65.56945842567279 76.70235569209952
1251 15.48058904745415 70.10807213964264 82.45759475640551
1252 24.23609722338275 70.64526197958834 82.77628219814176
1253 13.53626689109526 65.00155803768983 76.55762664386955
1254 5.498472180521283 65.22829782042541 76.99353913781694
1255 8.354928514391855 69.42696387417158 81.85587250466079
1256 31.91848605661465 71.07748282741187 83.052834213184
1257 41.19394178710613 70.59731889896833 82.41998208826351
1258 4.487250757620873 72.51204252343226 85.50527402217823
1259 95.26419785227722 28.54635258895081 94.33565122969193
1260 97.78252473721273 21.11458655739712 95.63836036164847
1261 104.8159611907108 16.78735772123948 101.1885415042225
1262 97.15628630974069 13.65713980675959 94.56302682564726
1263 87.03153004510452 71.56248282421238 96.84429316278087
1264 91.7672934344218 76.49986099825185 101.4612336420304
1265 94.39232707741117 67.289880874734 100.8773748517912
1266 86.98010930545311 56.60841481367663 92.77945391156626
1267 93.34096749893831 53.32400112613026 96.87034356869773
1268 90.39192759795654 46.95729260108244 93.33596481921508
1269 99.14011599183156 46.20481524017662 100.0654815956423
1270 93.31226191355219 37.70000827545407 94.02007448264487
1271 97.22330545364018 58.02228234947239 100.8037012142427
1272 97.62907261460485 5.547106967821556 94.68509876690268
1273 104.9954825237224 8.318436411933568 100.9751310491869
1274 102.991879945726 27.09253346508435 100.5394802949158
1275 101.5019596542383 36.13361593671328 100.4073655224457
1276 83.07799318088649 65.99497567772349 92.58034664774003
1277 90.53742717556753 61.97810593535571 96.71169630275132
1278 8.359338077913311 86.56051852401501 99.91845564321828
1279 14.6144562172824 80.86568998227563 94.09094429774652
1280 5.980687971351751 80.66904429100221 94.05274459594419
1281 23.23760236565789 80.41995699199234 93.37777753803441
1282 17.79125480944085 86.39368923954262 99.53274028911557
1283 32.72996299046822 79.77059457675496 92.40860428069534
1284 28.43858488492408 85.87292875255132 98.64788038833225
1285 36.28706827699664 89.45828750908885 101.9546442482914
1286 46.02159024718779 89.43586946161717 101.6771396814001
1287 38.7802626229128 84.82494063971244 97.28080676134441
1288 42.31440225905133 80.21040136042272 92.63501455245569
1289 51.25721943873173 79.89634980083132 92.4077138021422
1290 55.84473026099338 89.34484690581016 101.593
1291 48.86683112975966 84.72840536130651 97.03750089126024
1292 63.99142056343265 79.25328328004284 92.56882605564637
1293 58.98541718463316 83.7346821532612 96.29096850265702
1294 65.92841415628033 89.0246532681282 101.593
1295 69.38517499000049 83.65144005735132 97.11666662358513
1296 76.04614813937334 87.85422042123449 101.7256091694576
1297 78.90321775804155 82.32981831295595 97.64582797522887
1298 85.36691045705763 86.10888915682605 101.793315038257
1299 80.52792976232611 77.39658055451707 93.38727802532064
1300 72.59845096994241 78.34321771237313 93.27570687809103
1301 114.5290170294446 98.96765831924056 119.6860610598487
1302 108.5309484992068 92.07635969789064 115.0010505837835
1303 122.9219785882306 62.95364408955797 118.8962082293722
1304 117.0858298237095 59.11781191658525 114.5861277833515
1305 115.3073332670158 70.22054344867109 115.0533698671285
1306 103.7058095349874 83.63077467872716 110.6450367866243
1307 117.8002279680303 87.44104836981356 119.5953475902225
1308 112.2783646166205 81.70167222312945 115.2346929696032
1309 126.0823931606335 50.57682901519502 119.4877972855946
1310 119.4540764333225 50.95191734330342 115.1033360736081
1311 116.8119174610725 8.247347280829487 110.1482355294682
1312 118.3540182645117 19.2033517902312 111.5914989774136
1313 123.9845751703497 9.854251910371341 115.2413076182121
1314 129.5441777683916 18.54592619579238 119.4051597079254
1315 130.3465984181783 28.59663959050449 120.5002131318342
1316 120.7303901354513 76.25987792127823 119.3935305421383
1317 123.7567578202704 28.68415329787658 115.929179719769
1318 131.3169519960205 7.847635114147504 120.3873697107693
1319 106.8859493431244 73.69128534145668 110.476710525791
1320 121.4999265239329 40.1134298470478 115.3223815210042
1321 116.3385742193881 30.9981354571192 110.9763639638639
1322 128.2284805241181 38.79527858244029 119.7998065992639
1323 109.9360292476703 62.71941404060122 110.5060375956156
1324 114.5652941119198 41.90978825276981 110.8064847109021
1325 112.6117961607258 52.14624660460316 110.7343708178505
1326 67.87628818170813 109.360990841183 118.2740188414706
1327 56.44842510069648 109.1962612521968 118.2051958073464
1328 47.42052129523836 106.5719603602691 116.3028497000293
1329 47.34486966622678 100.1399172997892 111.0972618155879
1330 36.90476532610448 102.3713775207676 113.183337506262
1331 79.1580057664533 108.4204731109998 117.7013293976263
1332 73.03084880299213 102.3868645553621 112.8816451002221
1333 88.35271329586016 111.1365244336097 120.1922900451245
1334 10.13975857141699 105.2382899838111 116.2018576114348
1335 16.73357442945489 100.6638488055218 112.3790635428306
1336 6.664492083128687 99.46943751112937 111.5540380349439
1337 98.03737779185388 97.96585119666331 112.1259414672309
1338 103.1449767963094 105.0108902269128 117.5493774560319
1339 55.58043511222557 101.1650526129301 111.7702863850927
1340 97.56654129061502 110.0893499273221 120.3967680773136
1341 8.032162184981464 110.5178225891381 120.5026975107317
1342 18.86055599659092 108.9823074257808 119.0895821242319
1343 82.32865630531396 99.4905050320378 111.3063594739886
1344 29.95823664317382 109.9123044325346 119.5430429498729
1345 90.89344917165363 104.0626711687545 115.4656884305654
1346 64.59592851513639 101.6173258448992 112.1491223917038
1347 40.04874028375553 110.5350607061568 119.72375
1348 26.0913801313437 101.4979541081396 112.8097565938896
1349 110.0416012379429 109.035945016731 120.9811217075874
1350 90.37915125728958 95.86722481014901 109.849587723284
1351 147.7596168699625 122.3997153203322 139.2852539642442
1352 147.5423366268273 109.2659935350449 137.6363181149643
1353 139.8434052505805 120.0733827395952 135.1808249320141
1354 138.6357204579615 111.3324880579056 133.6313096683713
1355 143.3363148236483 8.786829988542237 128.02194689608
1356 144.1163477333311 20.92959725138282 128.7000546635889
1357 151.1277315904733 10.4565723947805 132.5032558042467
1358 130.3597078315582 116.7346838536641 128.2308887943569
1359 147.7566768328252 132.2610010790307 138.0671285978496
1360 144.9727430570307 82.1966442899498 133.3742416574418
1361 135.7962888249254 92.32858343593119 129.8199259968237
1362 149.2496076853485 94.93611686470202 136.8334875854627
1363 140.5100593070232 101.0006324861297 133.2100419110234
1364 131.0333661489443 105.0562397771437 129.2460817372857
1365 160.7160908477813 10.29708564293732 137.9935427213794
1366 160.5501120853465 22.48289539496651 138.1009222108661
1367 153.3717292936769 19.48629362936986 133.9331982312414
1368 159.846724994767 34.88208418092464 138.1340128031451
1369 150.960236049335 31.23817731835373 132.9646329816585
1370 150.6403646372933 43.73434752769445 133.4120930291295
1371 142.5933254302088 41.00334645902016 128.7747248871739
1372 158.8703756951567 47.11050171884084 138.184817730173
1373 149.8877265084399 55.61543054140605 133.7566946097438
1374 141.4988604373984 52.66603222072354 128.9601162313882
1375 157.7923730554413 58.80984146583177 138.3053032022005
1376 148.6160769646464 68.64087211656226 134.0731586675936
1377 140.0924044817124 63.80455550714684 129.107833991649
1378 152.9025915630368 85.51709130092348 137.8123528316647
1379 135.3814979649771 81.42034546496518 128.3683603456048
1380 139.9878668199745 73.05713049383623 129.9006793555543
1381 141.5683278462592 31.46690197260063 127.6810660218398
1382 154.9298632516868 77.90544100896025 138.2143682120453
1383 158.4448429595955 68.80755316784696 139.3706220463671
1384 18.07522914077004 130.2632612806905 133.8420638330651
1385 8.625581859237016 125.0977600341034 130.6266746892088
1386 9.79908750402611 135.5961551329036 137.3359285270114
1387 20.42422477718234 123.7643691828666 129.6381505247029
1388 63.97434325006773 134.9251470235641 135.78781468577
1389 76.51290887144455 134.3422053738546 135.2044201037225
1390 70.87456508616839 125.856385342693 129.8840153037121
1391 89.19917921043108 131.9143208553185 133.6608527814794
1392 84.10485373737359 139.7339115898203 138.5659572534729
1393 80.08600051393647 124.9804280163293 129.3159657591006
1394 28.22211755489288 130.5546200312091 133.8390168323695
1395 21.08668295146316 136.9561955059301 138.0846753945561
1396 32.31391311096788 137.8149375724526 138.4110106501474
1397 121.7376794962181 132.5957891554693 135.5376441041059
1398 116.1802880383864 138.3955276933158 138.3629460630524
1399 130.8173135168049 133.0129671157704 136.4049389243215
1400 95.20919544401495 139.1089826822562 138.1600793223211
1401 90.86821625078855 123.6607206843703 128.6033968280522
1402 100.4788366808027 130.2970127454413 132.8655328857234
1403 51.92802880941076 137.1464229865819 137.4890620204546
1404 51.83191402314172 129.3580115291022 132.4866985599243
1405 61.77979087218509 124.3260656726012 129.0449738773931
1406 31.85237050896392 123.5698264747944 129.2714207375591
1407 126.7970695761848 122.9294016689323 130.3800204427123
1408 117.8543198042191 123.7279591556386 130.3720551902653
1409 42.96785010658807 123.3992947422678 128.8811441788295
1410 41.64984828157895 131.5462056942822 134.1595566448881
1411 105.595240636645 138.9483220401597 138.2092062482648
1412 43.77243252987883 139.9034386374205 139.4806469561533
1413 100.9196008730858 122.5803976372407 128.3888244715208
1414 111.2043737685196 130.2750428911811 133.4476216693932
1415 109.3310303394649 122.0674440394297 128.7706275441722
1416 136.6509638716923 138.7415547609445 139.9700713898402
1417 53.03990203602538 121.9392688893223 127.7040943511842
1418 192.7661988066371 81.54071715940307 155.6832962027656
1419 191.1287174979009 92.04429524843282 155.474041393292
1420 166.3311743159408 143.6996847928341 148.7846391901219
1421 172.6516977593999 154.6883402354152 150.4412219092405
1422 180.1337020216494 147.469199366702 154.4827726351447
1423 184.3087787811968 135.7192220385878 155.2769097320746
1424 173.6819438385632 137.578126189452 151.2383329398308
1425 172.3907729953766 87.31535364930542 147.1570344138533
1426 170.1555519134649 99.60815498518269 146.9825012119919
1427 180.3842504109917 99.08051936211963 151.2493414497575
1428 190.0828157982018 102.8174720286207 155.5847449335301
1429 177.9465000474625 159.3071897967013 152.6917922043663
1430 185.9363050091198 159.1675150569153 157.5131112916977
1431 187.0244364878149 23.9090678420901 151.2143892886158
1432 177.5032005673868 19.03910795753738 146.7589935371522
1433 177.3101181183813 31.379389150273 146.9043710417479
1434 186.7083695986679 35.93443354630732 151.316452915634
1435 177.7715285836435 112.8383163152379 151.0065960970684
1436 189.6603058240739 112.7325684815382 155.9572095339154
1437 195.7452166357021 44.22310044048545 155.6544139367984
1438 195.9847636871417 31.99818542686451 155.4795868801285
1439 175.8328436753224 125.5640971595237 151.1416462210667
1440 186.9769050883783 123.6648673989458 155.4959596314588
1441 164.2536684557903 130.870431741003 147.0542833939779
1442 166.3844301157304 109.6031421441651 146.1245573643338
1443 187.721385527827 12.7388253674057 151.4225662070411
1444 178.3104497410455 7.15981975914285 147.0323365126459
1445 174.1862898774298 74.76102032397446 147.2222883569518
1446 182.2492882470212 85.12683799157865 151.2729326945869
1447 197.2953782712764 7.4372249596211 155.8177289168826
1448 196.4832272394237 18.56452654506571 155.5166897975172
1449 175.6674671076444 60.77782510728524 147.1921099760529
1450 183.7190582081552 71.94580513331111 151.2624107160083
1451 165.971661263874 119.8352382167831 146.7934327180565
1452 177.8108900599281 46.3701495993896 147.5790515088947
1453 185.2606523975881 58.84550826193371 151.3933479918445
1454 186.8946932517124 46.83227654947962 151.7071515676377
1455 193.7088069628295 68.74640668007022 155.5558060522779
1456 194.9096498106243 56.49127888661316 155.6460685619114
1457 123.9785467739472 171.5946124774039 155.1872884624775
1458 115.4571645375621 160.5954919152811 149.75892544473
1459 113.3290539201977 172.3043425460359 155.5444194728478
1460 128.4474082390977 162.5556004843637 150.8791596269502
1461 11.65419863569165 166.7098797512238 154.1912634433792
1462 21.67116325350707 171.4062837748639 156.4985811202622
1463 24.70646532775618 162.2862235887708 151.8506948998269
1464 34.75068579397518 170.1530132753484 155.6921094930478
1465 174.9812865360095 173.3961366333335 157.557457888961
1466 87.40949525876931 172.0446132119017 155.6638320046874
1467 99.97909524140988 172.2281580717057 155.5909047739455
1468 91.77318507287676 163.4179240687295 151.2435307573674
1469 103.5632697434722 163.2460740254817 151.0802689389102
1470 162.2318666104509 160.3167404888801 151.2050853794948
1471 168.987291128624 165.4884537195525 153.7414461070403
1472 148.7498240646985 170.5510204891119 155.2882285488217
1473 158.5838202637548 168.7818364906958 154.9119996375489
1474 152.4424174421949 160.7372554320804 151.0499579011255
1475 135.9337616456658 171.9535838003365 155.5002154067418
1476 104.9017275567748 153.9668605820657 146.4680191683723
1477 94.31188537603848 154.4616497018955 146.7462607134083
1478 80.69995502372271 163.422505238622 151.4087056246957
1479 76.04776355878337 171.8344259687871 155.767541752799
1480 83.31823592571008 154.3334927966824 146.7666199354329
1481 60.3348379725638 157.7173207494113 148.8889578497526
1482 50.03559359747845 160.492464821236 150.5156106021299
1483 55.80025053174816 168.1148167077142 154.2733664624932
1484 68.46041527246945 164.4683832279327 152.164284416922
1485 64.00470041172181 172.7295066787156 156.4501502150698
1486 122.5981053047891 153.3998416404488 146.416196233404
1487 45.07561940867281 169.4631176782986 155.1666976272248
1488 37.46099015288166 160.2969841120251 150.6480057876204
1489 43.60735160895131 152.425256900979 146.5423934143803
1490 30.130933144434 152.6794839188413 146.9066942434377
1491 155.2746319364713 152.7683368980144 147.5471989291822
1492 166.7722961785358 173.6605549947815 157.4313653263257
1493 18.55579749697215 154.0827975055152 147.766823579199
1494 140.5704025941288 161.8077288681177 150.9830248464351
1495 144.8578728962849 152.1913183211663 146.9068442371448
1496 7.651020891003983 154.9057426597414 148.2459978227494
1497 71.8049819636944 154.7389257309807 147.1640284904351
1498 53.63798459698432 152.3069406630621 146.2751990007709
1499 132.6876251085936 153.6110763865206 146.9327939394638
1500 221.0206778694208 118.6244158436724 167.8508901159526
1501 233.1330853165159 122.6467824542793 172.2520158702935
1502 232.2579539589117 107.4408188077812 171.4926907156724
1503 237.4447378153213 22.69638422730676 171.8637188249167
1504 225.7704510140308 24.8946843251033 167.466595496381
1505 228.9818498954212 33.76078291939761 168.7576320168728
1506 222.764668348868 128.3605583717963 168.7961610312776
1507 226.664569975488 46.36716942634693 168.0555916124891
1508 225.2860566977816 59.49056716823101 167.7724288871983
1509 236.4303719546526 52.89321781273512 171.8069854714291
1510 208.9910800855693 128.1856617120165 164.0307626191672
1511 209.5214715434004 116.1518100619373 163.7403614272682
1512 214.9488476267379 65.37256941368835 164.0800864016015
1513 215.9849609578847 50.93688552228507 164.1487114380939
1514 227.2352247506903 173.2343819232041 172.077143591207
1515 227.8774869053553 159.9513823072652 171.7301713326013
1516 235.1086930671164 66.49225525199461 171.550740635382
1517 224.3203058997935 71.69422112096463 167.6779949531784
1518 234.0810536352438 80.72087229473831 171.469420897966
1519 222.2363771740261 84.0020638221384 167.2227487202273
1520 238.2154441336315 7.63981338117968 172.0970303963268
1521 227.1989278130403 13.24153979518377 167.9477974730742
1522 225.4541616432219 185.1221646910847 171.9742415470116
1523 217.1942743496486 20.04007912851234 164.1958216347447
1524 216.9655133585825 7.536221193468871 164.0520651947319
1525 223.4351504238385 101.2847087496786 168.1500587575547
1526 219.3106194473432 109.459497388478 166.9405642639584
1527 210.2289402551839 87.7637634960446 162.9898580159253
1528 219.6463874761355 93.68026336141169 166.5603267690978
1529 210.9501991105717 102.5748673143331 163.7460350378688
1530 232.6252496967859 93.60809244582599 171.2491385278056
1531 213.1215027700387 76.69877345146114 163.7056216736383
1532 219.0910108248757 138.8317973758522 167.9087280136131
1533 206.2719623015632 140.7299135692394 163.6559675377444
1534 228.8010932507085 204.7987025303379 172.4938582332664
1535 232.9136523407938 134.9371261143277 172.5589517722354
1536 228.9181646820024 146.9711070437191 171.5800236200375
1537 237.4331171777798 37.53091305374698 171.9795629370745
1538 217.6854691952392 35.50559070497403 164.5315464542628
1539 204.999875248654 155.8101225475952 163.9933186100446
1540 216.7725386151822 152.0355081257516 167.6765670975243
1541 203.1327263047536 181.8178040805945 163.2055034384104
1542 211.6399888867887 189.4325730364075 166.2811286258988
1543 214.7911567384628 178.7229581454342 168.2251076436673
1544 204.3273873491548 169.6638792209427 164.4394319754514
1545 215.9827503475768 163.707627166588 167.9545178582299
1546 229.4854501686556 193.68610053697 173.6143682054311
1547 220.4321727541621 197.3006458848106 169.4558348972767
1548 218.0450108467321 187.6557701366081 169.6189125647833
1549 10.85683097683825 207.7759716082713 172.0489045771037
1550 21.45790216442277 211.4367154223003 173.4975406298478
1551 23.22102282605304 201.8036906646264 169.5697516779009
1552 190.3154740526485 200.66961561233 168.4850299901315
1553 202.6884961847763 200.9759738819749 168.8330669368832
1554 195.6892764858694 191.7558648052471 165.2540181264003
1555 186.3852656276995 190.2440894666299 164.5458990961654
1556 146.983104340375 202.0393436986767 168.2587015535114
1557 141.7422434791029 211.4854621441607 172.0565454375647
1558 151.6723881218729 212.299124860858 172.3423424472788
1559 138.3444180565013 202.3960872904257 168.417914678699
1560 150.6602478945917 192.1128351259776 164.3766870116623
1561 137.6550486759963 192.8929002105051 164.6190085879198
1562 127.7920365823462 201.9031114974721 168.282313444299
1563 124.1569395890433 192.047500509055 164.3272278031876
1564 119.3280342961293 211.6588894966004 172.3028894343685
1565 132.2264220722892 211.724992132212 172.2213979051715
1566 115.6584480100098 201.5840922815414 168.2443711162156
1567 162.2426262416261 213.0441925023242 172.647372209948
1568 170.1611710836045 207.3953878633187 170.5310592082897
1569 43.39514335825895 197.6327390003394 167.6684961318382
1570 33.38314811507861 207.1292869998288 171.6554160866281
1571 48.45917737310226 208.0697724784997 171.8652265588109
1572 32.11868037319341 196.1192971343351 167.1815948313864
1573 173.6693495358289 187.7194792941467 163.2889765295699
1574 161.8195850676222 191.4292094106009 164.3276840415049
1575 168.2786699705223 197.617178658777 166.799608426287
1576 195.3452406930913 210.2753706761532 172.1594054337037
1577 181.541601800384 210.5837762244587 171.963179797499
1578 222.0356556825149 211.1634633392155 171.1948242539598
1579 207.6141735824379 211.4964131607202 172.8624183616189
1580 8.017608492105929 186.4604684617215 163.394380769818
1581 20.43764924169908 190.3129385825221 164.9119158663037
1582 75.40144941246196 201.0563266317992 168.594527563637
1583 69.08285587946433 210.873202213694 172.719063384369
1584 81.60764014782832 210.1589215811425 172.2265725704484
1585 88.82406919333596 198.2834880052128 167.2563949077268
1586 77.09250139468348 190.2890013459758 164.156061786486
1587 95.24123133718274 210.885351372016 172.3210053567277
1588 100.0642108709131 190.0316494747048 163.7122129874424
1589 103.6321412026949 201.0383178798124 168.1624864655225
1590 66.48658730473107 193.1806274232282 165.5115384673262
1591 55.32944452463936 197.7322879420039 167.5492725635109
1592 61.65618179623874 205.0394852549641 170.4457844838191
1593 10.69781134242055 195.6435403059903 167.1184066453239
1594 158.80161352537 202.7635988381754 168.5969084762368
1595 32.39840951724219 187.7148932604171 163.7530494717604
1596 112.1719936006741 191.4250921849553 164.1547652692539
1597 107.6647574443396 211.6698204406852 172.4544427199007
1598 59.76516514256053 186.213900587193 162.7667275554162
1599 50.57683931390094 189.8854028172865 164.4075442455156
1600 179.0067317385264 198.5105781858896 167.4039305451715
1601 88.17043255793747 188.3052294840894 163.1783490106486
1602 214.483129089806 204.6162126582446 170.1493329363604
1603 41.62882730319054 188.5459250669566 163.9811032243409
1604 280.5510604531109 78.6666780671959 186.5515202642975
1605 280.1076860660645 63.01362183247859 186.2667255739109
1606 269.0504490891881 71.40361992912487 182.8978034329406
1607 269.2550035965611 56.23057896066395 182.8111388328168
1608 275.8357438392413 234.7349110378648 187.8573925106201
1609 266.0231489210273 238.1046854938552 184.2351660917651
1610 275.3543183736855 246.4591032822005 187.0299217217431
1611 259.3737512355029 225.6329695957154 183.0545642217211
1612 271.9332097447327 227.0249219125158 186.6147879728671
1613 272.4938775943698 215.3042061863039 186.5180611651136
1614 271.721056890222 198.7585280762333 185.9099345880977
1615 248.7335220770369 216.911949216732 179.9076360450363
1616 260.8963258453648 211.5555538194845 183.1860000778938
1617 261.2900416535413 187.57527581836 182.6777420179496
1618 274.4462488538466 184.9312126514072 186.3680525756754
1619 259.8466954248806 198.993629798648 182.5738375999206
1620 269.3719056109394 41.28798355979932 182.7324332229399
1621 280.1303766758008 51.11872217461551 186.1823722516788
1622 280.3141860059677 35.88976917528068 186.1504609122001
1623 261.7413272829207 28.56704635185719 180.2571704567499
1624 257.4869307963843 37.4031300454749 178.9643239078502
1625 259.5944028535888 81.26127405519135 180.089317731798
1626 271.1387220647537 83.77923133953168 183.6898932241789
1627 271.6212333302809 28.70511190174264 183.3776865316355
1628 282.8480606625698 9.376986987263571 186.8829230510704
1629 279.9487130776818 21.85414258254889 185.9900440976765
1630 263.3671377386028 174.8794726793519 182.9506311749178
1631 249.7346245705529 177.8856546677428 179.1547101890109
1632 258.3067480307657 65.08209212004053 179.4823739005559
1633 258.101934963692 50.69750685942677 179.2669879400229
1634 268.1455490200201 108.5955272551183 183.113796388833
1635 257.7546539264791 96.24104019705112 179.7481948957324
1636 256.8086300089159 110.5439691349457 179.7055231829725
1637 277.2784795838887 153.3929845519189 186.6031305350338
1638 265.8908385268875 140.4481510065655 182.9844209342126
1639 264.6579156316875 158.4721004949733 182.9739531728719
1640 278.6169534895534 142.325201641259 186.8174026344979
1641 252.2879971215157 149.4505935874365 179.1604320138823
1642 252.964561185421 136.5860106392331 179.0738509693203
1643 250.9989387659323 163.5576657597573 179.1212215633609
1644 276.2994939949227 168.3861438114026 186.5823487227885
1645 269.1903581500601 95.22749741870496 183.2378296741367
1646 266.5901231462332 122.825793911763 182.8762119012052
1647 255.5141064191671 125.0596765729634 179.5934324714051
1648 273.8828098121788 9.672071616409225 184.0462529885376
1649 280.6182530301476 92.96505697350173 186.7294557156227
1650 249.2602784211902 194.0218062540224 179.4910838621171
1651 248.569685354409 205.8026103970298 179.6217429524022
1652 266.4517585539389 16.15609425026116 181.7089181995561
1653 256.2876388001271 7.380975044117435 178.4724446341309
1654 256.2025295656996 19.17726803025212 178.4752511068057
1655 275.7951501524573 131.4583135947483 185.794049451254
1656 278.4543247403519 120.468287057455 186.4286860548582
1657 279.5186785817212 106.902205889347 186.5642339409695
1658 73.19226805719842 251.0898090498164 186.8605935657653
1659 63.86700627712298 248.0003240671072 185.9160224320454
1660 215.4206135873977 247.9922849895997 184.9041610962313
1661 227.0340198321244 254.2777910870295 187.0205951595138
1662 111.4256307375138 240.8701303635914 182.9353199719133
1663 121.0741324505229 230.8015193639541 179.4048783691948
1664 108.9296038610395 230.8482890767244 179.5683418864067
1665 125.588679276651 240.4942478474418 182.6351010349131
1666 61.23557383736511 239.594426887323 183.1058373475757
1667 51.24798516075357 248.0943934982888 186.0709869881271
1668 50.88450901156097 236.4622628514492 182.1531757405305
1669 262.3379284360304 257.5636546094903 188.3523293310507
1670 252.7412149095807 251.351232230996 186.3419251095722
1671 226.0052057587686 241.2806876116253 182.9264306790366
1672 240.1779227455421 248.5971517226332 185.3781658476933
1673 213.9034236180053 234.6198847339899 180.6838792423483
1674 201.0754965069273 228.8803888314586 178.70271479212
1675 236.5972962534154 236.8302124122976 181.6467473085475
1676 247.2231944176062 238.9031417257244 182.3186072717965
1677 235.5916931195771 228.487987893121 178.9710015242207
1678 86.82735946338882 234.2449959526857 180.9917108573923
1679 74.7056701348989 239.4568778666503 182.909501156972
1680 87.64684672128237 248.9442902804898 185.9610234216431
1681 100.3362397101743 240.3461304298127 182.8918401265437
1682 96.09272818200724 229.1454581564688 179.1488746018267
1683 117.1099271723608 251.7822730976666 186.5641095570481
1684 132.3202770353712 252.4014220455846 186.5898092246412
1685 139.9654089662239 241.4215974058217 182.8049070068141
1686 135.6308339288956 230.391282757394 179.1285034602417
1687 190.3245039622125 235.9475831923086 180.8111124451408
1688 175.6255683685458 232.5972059529246 179.6681827645237
1689 181.0922705412601 243.1170047841633 183.130873703527
1690 25.4717794333124 249.9428745783114 186.8680971006287
1691 11.99715167296806 248.829563132455 186.5315297007799
1692 12.30206249787566 236.6251963448229 182.4343282507593
1693 22.35112537150844 241.0633475358171 183.8971386298783
1694 63.61027325993398 228.5696156786278 179.3576978423925
1695 37.99679424024562 251.000413446053 187.1563536240641
1696 36.16290249542451 240.518931269468 183.6430235212312
1697 38.02445016760686 228.7894553320973 179.6820393361308
1698 23.91784010406169 229.6087046941734 180.0441812746162
1699 168.6007050654567 242.9804692053133 183.1257615292221
1700 160.2987766605459 252.6470695224536 186.4207309220664
1701 175.1015514052374 252.290825230338 186.1990660152102
1702 224.7551849462891 229.3704196618192 179.1954293042199
1703 10.0480423425024 226.5679065553275 179.0636867716885
1704 163.5097942200438 232.3955090402982 179.621980834097
1705 153.9448634918446 242.3870274836929 183.0227895567744
1706 205.027926819922 253.6392292579714 186.6144408399181
1707 147.8640439709489 231.7372977202317 179.4922313250131
1708 143.9962119844735 253.1107057930054 186.7085573988643
1709 102.0035434796237 251.0082633156542 186.4828965410097
1710 203.6765923956903 241.7655148064006 182.7983349226575
1711 192.7266406095231 251.131596563922 185.7651073222942
1712 76.48693968085368 228.0268439236931 179.0179893656363
1713 49.89248362119647 226.0199123830381 178.6414194346395
1714 308.784063815456 269.6002702538981 196.5261588286574
1715 313.2711439521029 280.7498795326556 197.1782776739596
1716 318.1832704781221 259.1115926133115 198.7122045032604
1717 320.7313253490071 274.1258742754301 199.4885421705702
1718 321.940929701966 288.1575599834234 199.3028746944881
1719 319.1852191867049 244.7649611052725 198.7835473048087
1720 300.6143658722586 261.9557270092703 194.4675465603203
1721 308.464222834806 214.0941425759885 195.7387825959961
1722 319.7064618865089 226.7647267042147 198.6867446729999
1723 321.5967705885328 210.0191556798424 198.9648694990266
1724 307.0144864163217 226.8729458727916 195.5629823871068
1725 322.1887481848351 10.79877897368574 197.9497493387571
1726 305.6207300083732 12.42175597466021 193.4764407592126
1727 296.9006448967278 185.8509831208923 192.482186194228
1728 296.2419305686566 201.9642293640229 192.542290549739
1729 306.5430745795066 190.674658287301 194.9652731689044
1730 311.2742987932119 201.8483746851878 196.2833396387818
1731 316.1511849494191 37.28441419948002 196.3545811235632
1732 304.1467948580805 26.50578085441651 193.0970786145138
1733 303.9892970550566 41.39350980283125 193.0894205972873
1734 315.6013897771692 22.04762678707409 196.1824274992184
1735 325.9591866970086 26.07315661677938 198.9827864258691
1736 292.4529535309755 252.4400755921161 192.3918517031804
1737 308.9788206412569 175.6213432493506 195.4147306514062
1738 295.2625864970577 172.2633354233595 191.8953781024606
1739 303.7642086351676 113.8136451946384 193.4689758894664
1740 314.4619914606475 116.5979044008769 196.3016237418261
1741 313.6851408260208 101.4154354146954 195.9910739037726
1742 324.9919090334055 112.7799225822784 199.0520011577794
1743 318.1913567264395 188.3563340893723 197.8879915176112
1744 314.6400085433479 53.9557775212498 195.9982129641971
1745 325.8501168758875 51.41807985399009 199.0029963100058
1746 313.6723359945545 86.34163850544256 195.8934647170862
1747 301.3166511129088 81.50768977583517 192.5765539297266
1748 302.3799692865213 97.50856752954917 192.9736257040188
1749 324.9578532937516 97.2281605363039 198.9546448948216
1750 313.1435639257801 70.20135870290241 195.6662686965329
1751 303.0105472610954 55.85058878964567 192.8842472346287
1752 325.1820193540077 67.48380153014634 198.8775612136564
1753 299.8733824919345 67.20530170009062 192.1027386807848
1754 324.8870752564894 81.64575017687824 198.8580137738017
1755 295.5474218353571 217.9772967893545 192.6269629892512
1756 294.858475766429 231.5969770619505 192.6789669057908
1757 308.1294621444696 237.6710982557118 195.9887718121264
1758 296.7327245939365 242.5286359864525 193.2967295753992
1759 306.8649695563619 251.0553780986176 195.8630433924184
1760 323.5034458963652 178.3665823366222 199.1520286554244
1761 322.1627196410096 166.3228374285412 198.7045741276561
1762 312.043743496573 143.5701383116309 195.8898490496947
1763 301.8390684904366 131.1139096602869 193.1230423817367
1764 300.5259638524959 145.5822623588049 192.9309475218545
1765 324.9473921965135 127.80415691243 199.1353172041165
1766 324.0989755230444 198.1432236058977 199.4815969519087
1767 310.666970273116 157.6998312414332 195.6658181525518
1768 299.2513645506633 160.5753636014497 192.7687293831262
1769 328.8398076606376 39.52852838564545 199.7790798693532
1770 313.2314208063212 129.3851122746628 196.0775244524164
1771 321.3771606987208 153.5586087535307 198.3957806889415
1772 324.0415267056238 141.8305016240971 198.9969137385132
1773 249.7228614656673 295.4826749188727 198.7886731362478
1774 265.1210177170277 295.4511550443199 198.8440225601247
1775 295.7696675453274 294.651989235024 198.7393778014427
1776 279.1587675888148 295.9522465931113 199.0432212317761
1777 280.6570706019152 273.73187983671 193.0048997871831
1778 286.8388033513165 285.975125185695 196.3611989379944
1779 95.63115985124412 287.2358161685927 197.4580467522525
1780 108.4146253198829 291.7706616874428 198.6334408908153
1781 105.1789511153705 276.7937689686869 194.3690453821906
1782 119.6072284575942 282.1434514575183 195.7630204315787
1783 272.9513105407086 282.8605081667222 195.4702065776568
1784 135.5545552520132 283.3890805422616 195.962347201475
1785 123.6099002729631 293.2321443856544 198.906466958531
1786 212.6612851826571 297.3289680315851 199.347810376783
1787 224.3174000999073 294.3039147648656 198.4469708106368
1788 214.2157370411506 286.0309140631553 196.1449195805106
1789 227.5347864529955 284.9300813098416 195.8180131425762
1790 139.6087833639974 294.1989731594883 199.0280095735572
1791 26.68305861591013 270.2605748369901 193.1004695477724
1792 11.66041952724353 289.6154016493615 198.628121685787
1793 23.78531478872324 294.391470277062 199.9624862377084
1794 264.6745410568952 272.8626868646089 192.7301173330687
1795 247.9816481629819 274.389604368922 193.033061182248
1796 233.2440976903244 274.1422481730604 192.8698917883157
1797 218.3967515810845 274.8112136899009 192.995436736583
1798 242.1246622688552 284.3940968289717 195.71685847665
1799 307.2059243982986 299.521268624076 200.0640614149025
1800 234.6277639125127 296.1511803711075 198.9471386658437
1801 256.6900865935037 283.712719935154 195.6108194005164
1802 84.87203543944413 279.1166620058762 195.2346954389855
1803 69.88764307795651 274.7553279195564 194.116743047632
1804 81.79798103898696 289.5771655078653 198.2541204320372
1805 54.94780083052552 268.6034875123265 192.4771807163585
1806 54.92854952441377 279.5402646146102 195.5956213490143
1807 67.45334108647913 289.6810081228608 198.3974221807429
1808 203.1411280213007 276.5824835446524 193.5144676847295
1809 198.4803734677457 293.5002834738352 198.341707055773
1810 93.85755537368038 271.6856713845787 193.0181083613138
1811 25.0230537975708 282.2634091947543 196.5147881867548
1812 39.54813961464809 280.6298357952887 195.9978410666452
1813 36.82366638642002 291.5528611473795 199.116878400728
1814 188.0699633734026 284.5858073152384 195.8684564950369
1815 181.6501745102498 294.7000601151015 198.804451346885
1816 129.287166619787 272.5700869221999 192.916563188517
1817 116.093978281977 271.0122082044415 192.602441412229
1818 82.95822059817831 269.5571055737832 192.5158307819873
1819 41.58351470895435 269.7303792114498 192.8854454158104
1820 51.67541471767296 290.9195379599993 198.8591764624065
1821 172.0751128465334 282.9532773405807 195.5163465909704
1822 186.4077573747348 274.1632650385654 192.908291021353
1823 153.2849175077385 284.7036597056726 196.1665581483439
1824 165.7332042631231 294.5620049443189 198.8854423930565
1825 160.3812088361076 273.4767414701736 192.8908146046431
1826 154.1131238552165 295.8136008792189 199.3490159263474
1827 10.75056564114622 273.3894900363475 194.0225010574663
1828 173.5502892484283 270.9146049960401 192.0659105191199
1829 144.6827217566004 273.0242586740638 192.8930272225095
1830 367.5969072532076 316.7181575840739 210.0658635799527
1831 364.6995680343998 304.830183430655 209.3934984987025
1832 365.5616563812455 281.4792366899217 209.4513095468523
1833 368.2355178231706 268.423229933053 209.9559576405823
1834 367.9693216254017 133.6827662638389 209.3779222678817
1835 357.135526043044 144.1516021889584 206.9287881849654
1836 368.148084435098 151.200996326402 209.4658903247004
1837 356.898429894234 205.5267092801783 207.1306850263951
1838 344.4539649832082 194.1345935619904 204.296375004842
1839 345.0599193867504 207.4111132937701 204.5084704300302
1840 356.0481989369369 190.2018393799066 206.8696740869927
1841 367.6490640733115 164.7497824228286 209.3931174698124
1842 356.3997045745094 159.4317179160661 206.8184930874705
1843 356.8505411620531 131.0528974320326 206.8193988814918
1844 365.9027715974339 294.2615219353155 209.5972560832032
1845 365.8763126446601 327.7978434092022 209.3910187088458
1846 366.3595070273802 38.2199831175268 208.843053785925
1847 369.3790043158443 23.48946713298078 209.542707125644
1848 353.2621458255533 28.27589884576967 205.7731708500447
1849 342.7356939872105 308.4237543780346 204.1509739071116
1850 354.4215325371503 318.2691519318862 206.9284087383529
1851 354.3790821971954 296.5315280812148 207.1369177773164
1852 355.0296668916867 307.9548816226098 207.3309464827388
1853 369.2315703467838 57.25798720886539 209.5308343428031
1854 359.1122601886128 52.32549400116874 207.162783660618
1855 359.3811616646346 13.19675000087228 207.1981572974578
1856 346.4578435438444 14.95963111208771 204.1731768444074
1857 350.0251260709412 42.19900782655927 205.0277123754405
1858 351.4290430645012 247.2858184056839 206.1646633292229
1859 351.1223808823393 233.7928490449265 206.0051431105936
1860 341.7078472232278 244.4843456030509 204.0349621415591
1861 364.8215101107285 244.7872025843484 209.0773326814666
1862 343.337693540538 222.777056026936 204.2248538711471
1863 355.074712166811 218.7205810463109 206.7909922715984
1864 365.6327284983504 228.06763393543 209.177055940573
1865 342.8340966634274 274.7763761839876 204.5231700744714
1866 342.0881735387636 289.1310361633042 204.4664273710629
1867 353.6715121636691 284.6619654702401 206.9122464518382
1868 360.1909683347569 68.61957215011428 207.4384323289113
1869 370.9442853248567 69.28940738789562 209.9443111066128
1870 358.7224403970332 86.49789267198766 207.13064873089
1871 348.2458466910607 74.42672824584272 204.6707042418578
1872 369.7263529509114 83.89727988872826 209.6812091735093
1873 356.7742553905288 172.6124003268787 206.9572232969454
1874 367.5396130993018 181.644035285824 209.4244597765677
1875 344.9996974367743 163.7281416023637 204.2567879553623
1876 357.8927219916557 118.2412840418798 207.0196589930519
1877 358.3415673546468 102.7301827668061 207.0806499353649
1878 347.257569876935 105.9519297927035 204.5314945584446
1879 369.1001145096538 115.882072986727 209.5965278060805
1880 347.610789168386 90.53760593459974 204.5651183254146
1881 369.4136638735625 99.82349679923743 209.6360439763686
1882 346.9114001645957 121.2681618688883 204.5057504352259
1883 346.6090100250772 136.6145274611148 204.4968745585121
1884 349.0472430647199 58.26279610374019 204.8238736357752
1885 367.8445395453896 213.4922440964486 209.6088463274764
1886 367.8911968121749 197.9416927208183 209.5608707262671
1887 344.6243519445607 179.4876436292063 204.2538072018916
1888 344.549437420753 299.8722274527919 205.048774510481
1889 354.7577712216093 269.4429264561351 207.0424364867274
1890 364.9455081163521 258.7426416160641 209.1832825211301
1891 355.3830109946846 256.3246965507192 207.0869594547196
1892 342.6596951943403 259.7608266536182 204.3661039325011
1893 345.8870800188188 150.7724140920558 204.3947561904894
1894 371.2391782814078 10.38242875578166 209.973849426509
1895 11.24134500299384 310.867990348605 204.2915263639915
1896 26.45081434274361 313.3916630650456 204.8860332315356
1897 238.0624718699 334.0972321180396 208.6270760954614
1898 257.0143591496625 338.3783638386019 209.5940645452201
1899 252.2807006592696 328.2317356952549 207.1275340907058
1900 296.7171457962963 331.4043779920921 207.8793657364184
1901 287.8717943600027 341.4843430343 210.2906237091453
1902 295.2639415767097 318.1876952430567 204.7335734517246
1903 283.1175963150011 319.6410209702253 205.0532428924417
1904 351.2851267906843 339.5562018504413 209.809578695271
1905 340.9062160185895 326.1169412754132 206.5805594773464
1906 211.972742261483 325.8102302669254 206.7340162524783
1907 228.654938467917 318.9713469300732 204.9502665624479
1908 214.0203393713583 315.5494491870379 204.1853907517548
1909 222.187363625413 334.9564605806302 208.9309300269093
1910 26.72283902095087 331.6797030115708 209.3577273008028
1911 42.02189364323945 322.716502431921 207.1282271876191
1912 12.38155301468913 322.4069546027848 207.1106164614808
1913 271.8211016968866 320.8130886452492 205.3146271157441
1914 279.3059417460217 333.718616476451 208.4202474182906
1915 259.5397873927145 318.0793760170118 204.6482488874277
1916 312.5559132094145 338.1560731189135 209.5059681371633
1917 326.2733412066528 331.2606496162754 207.8742642715223
1918 328.818690925486 317.1634922946643 204.4881210507213
1919 312.1264624839088 320.6009058527454 205.3344308636119
1920 266.2543811157943 330.2057734486617 207.5768992119553
1921 338.0990075092549 338.8624469088373 209.6806319826725
1922 188.8645109838202 336.0560561669977 209.4215323818964
1923 205.7018092522748 336.9795976609672 209.5383789089194
1924 196.9092444880207 327.4695843267516 207.2425996499565
1925 199.4372906081203 317.2707569021826 204.702721546237
1926 181.3071876954159 321.8280523187213 205.9502743142273
1927 168.5318957660384 326.3549284545761 207.1699012694105
1928 158.6146982155188 335.8045893104162 209.5932530685864
1929 174.8264957758495 336.2739351959896 209.5805890750508
1930 164.7778210676566 316.129001523664 204.6628648201547
1931 153.2830190755372 325.637381338976 207.1157445580459
1932 142.5732591457824 335.1689912195317 209.5609101460693
1933 148.3954153648536 315.1382140047793 204.552379898179
1934 118.0857424948704 313.1737532688 204.3094491473894
1935 103.52574209291 319.0877167114129 205.8853197308574
1936 92.08198745802443 332.0269115900419 209.15447208615
1937 106.3948789232721 333.0920161837753 209.3194872596565
1938 76.5804002892351 331.5136111542976 209.121892932463
1939 137.0800791223708 324.7867765685934 207.033525205664
1940 125.2970885195557 334.2831706108358 209.4724801929116
1941 132.2958549896246 314.725227307256 204.5803703659605
1942 119.7359763006031 323.7894282304381 206.9214120617016
1943 58.53556354522816 330.3318559029752 208.9264650891631
1944 244.0503339228553 318.9521188446807 204.8849652847921
1945 271.0270616236901 340.2564928815314 210.0099493830697
1946 42.14032664905825 333.9650793791783 209.8816823838586
1947 58.70772933472742 316.6787254866045 205.5766979091001
1948 41.85706454571583 311.3302287238856 204.3406386068597
1949 11.35148146812895 333.8890457808373 209.9186288639948
1950 72.49245404758136 318.306458836038 205.9002299283802
1951 89.16340382752526 318.8022660893434 205.9176640661051
1952 395.4062779533911 23.83275624524441 215.2115069341376
1953 409.820322331099 27.67663298813469 218.1743665334883
1954 408.2098456262028 12.50779228772551 217.8428655890279
1955 399.1684995217747 260.0090408587749 216.190553855269
1956 408.8955869194622 271.8330649023979 218.1190260146113
1957 410.5489860909428 254.5682900371657 218.4209550866744
1958 406.8533099407289 301.1093381996189 217.7801994950579
1959 406.8217094441488 286.5278510587406 217.7421386456873
1960 388.7318721238111 249.4693668812876 214.1209985732116
1961 387.8748657250737 265.9117687207219 214.0007251506597
1962 408.5819619582476 335.0707306296984 218.184179418358
1963 407.3556869528866 318.785289171675 217.9159665972856
1964 398.1714958116693 342.0871689824223 216.2016448001165
1965 397.5652120747451 326.2435789859364 216.0528139904615
1966 408.2542646463606 351.3074673591478 218.1456866726872
1967 388.3287877702022 347.9517499371627 214.0862179409527
1968 397.9354708761758 356.7487766809224 215.964174115298
1969 388.0491211890745 334.1517650342515 214.2520317267956
1970 409.2682086776075 366.9694833321472 218.1358405697294
1971 394.1216057978954 9.619032111610391 214.9457214099284
1972 392.2553455216914 169.1782866674448 214.6694705689985
1973 392.8282889435578 183.6263712591068 214.8057235315258
1974 394.3850799791049 309.2301457959683 215.3968873095497
1975 387.0739448296443 319.2559352553432 214.0277166016972
1976 392.0832979186863 200.0477834001977 214.6829037712832
1977 392.4439406087549 292.8519073016459 214.973000714065
1978 390.685085343525 216.9157244009492 214.434754264107
1979 402.1908665866159 229.5056087043866 216.7363983409844
1980 389.3664546868484 234.9528821374726 214.2113192909386
1981 399.336901717896 244.1688797600172 216.1945930651085
1982 410.6414159790824 238.2504365534876 218.4219757144947
1983 397.4017779107986 276.3993346998036 215.8844966790475
1984 386.934286452347 280.2328845742464 213.8672686533285
1985 407.2391447792512 218.3784037787522 217.7267947553856
1986 406.917149887708 171.4424514170352 217.6225507436574
1987 404.9853128568729 189.4013443446613 217.2490868488258
1988 404.9305958479944 205.2596130654815 217.2534933036706
1989 400.0229912364745 154.5798633827607 216.2186836211172
1990 400.3242305688978 40.68742859841881 216.2241507958723
1991 400.3057621307398 56.96279294594138 216.2236729844805
1992 400.2791764080247 73.23776262926347 216.2231764305655
1993 400.2459400052924 89.51226538454245 216.2224479116514
1994 400.20374754376 105.7867395460441 216.2216194063469
1995 400.1514862718891 122.0614691037585 216.2208992775459
1996 400.0914573728405 138.3358657575506 216.2198694908174
1997 383.7025944495164 374.921306039039 217.5175050081963
1998 399.1149897679427 379.7248496764028 218.4530109689004
1999 370.4703996209587 361.859518872631 214.7775563316985
2000 296.5025885256242 371.6153552705857 216.9404638255792
2001 363.0565516629895 374.7642290948424 217.5244053477455
2002 334.4825051547672 362.417807801191 214.9375092574307
2003 274.3477725254286 368.1798344869068 216.2756029700023
2004 91.57255727473765 363.1551273627962 216.2295777643298
2005 352.4633724645666 361.7811923069756 214.792271709789
2006 329.3804172051009 375.9268564584245 217.8067538448738
2007 316.2802310053918 367.9151841601189 216.1158582679645
2008 344.9458137492219 375.1057373260243 217.6159992361302
2009 10.85877392752639 370.1004389295564 217.9333751483209
2010 9.836244467802915 356.1003528277463 214.9458320527106
2011 108.218190862873 363.546954003968 216.2306216821484
2012 320.0424825971758 358.0041803207558 214.0090840905844
2013 304.8840024846559 359.7346330585966 214.3847860573281
2014 312.209738391922 377.8839038351543 218.2501439858958
2015 174.7936665323182 365.3999347340979 216.2299911134747
2016 158.1502679567899 364.9143651909084 216.230585472221
2017 208.0813079772486 366.3492206142888 216.2264518841611
2018 141.5069931292196 364.4421592754758 216.2293559820201
2019 191.4368266026046 365.8863468908355 216.2280303953122
2020 41.62701235577576 362.3067380469249 216.2301098852039
2021 23.29288668544973 361.5052526819527 216.0860641573284
2022 257.7628913136922 367.675522033539 216.2416762364877
2023 241.3703052636625 367.2054538204613 216.2259593458211
2024 58.27662491748369 362.5192943998929 216.2296449395948
2025 74.9250669021098 362.8099552490499 216.2296203143428
2026 289.0984912621731 359.9521832332027 214.4533650707785
2027 124.8628613452044 363.9819647189577 216.2301565040552
2028 224.7254279333747 366.7868232430864 216.2281754548164
2029 447.2997026376402 385.9110677980827 225.0866194123609
2030 444.5253808017363 367.8821273358506 224.6104088921803
2031 447.1615574351145 402.9557382663244 225.0224294097464
2032 445.2548777307322 11.44145693232803 224.8452018353355
2033 432.4619884848858 10.36246573641174 222.5262141045811
2034 437.713414672823 25.15197485125173 223.4767587133479
2035 432.9400184319434 389.1581294288768 222.5099677733209
2036 435.2021043362759 377.8800103078204 223.007145609506
2037 445.665721581672 352.5614328186641 224.8054294841656
2038 444.155496098707 337.0483813927156 224.5412351285981
2039 430.3365953668908 366.7466172065237 222.1698892868507
2040 431.650530993043 335.5003312741092 222.376943514354
2041 438.5959002555794 318.8721098958526 223.5702939002419
2042 438.4790335248972 202.6268757827504 223.556651045137
2043 433.196782703375 352.1860862073328 222.6543920478949
2044 435.4604191778311 189.9515244684693 223.0218433043581
2045 441.5230206226511 180.1568823547693 224.1091538341975
2046 438.3075460286332 41.9800511774956 223.5825367325616
2047 438.5883521967028 301.9123778164443 223.5624980162178
2048 438.5818030082658 218.4255852676411 223.5699919235287
2049 438.3231876052149 58.77227942076968 223.5824809297815
2050 438.346508035848 75.56444537844085 223.5822442296576
2051 438.641702632346 234.8733905875264 223.5754972705876
2052 438.6607015092294 251.6573145383648 223.5745834180287
2053 438.3765187528579 92.35642808421994 223.5819703249758
2054 438.4101516883335 109.1512940228557 223.5816488221095
2055 438.3447219146875 125.9496719017638 223.5633030857209
2056 438.6699580898408 268.4277877010386 223.5736569444836
2057 438.6628063629246 285.1888120120752 223.5720767505298
2058 438.4413219743907 142.3089161497367 223.5741634341893
2059 438.412477760181 157.9875020763164 223.5621330435394
2060 435.3341409138144 170.5157210414715 223.0053634896769
2061 415.8431805755295 411.1066818158559 224.5971860903021
2062 400.0623363574933 409.9767589710049 224.4169033880864
2063 433.8470087427623 412.1964237395631 224.6000650640209
2064 406.6889819677425 397.5006639619778 222.0391125922709
2065 378.4313099067953 402.0445371778189 222.9545438958647
2066 393.8078315617996 398.0952712567891 222.1810478717003
2067 327.5675691094875 404.5722614308548 223.5311222656303
2068 386.6468316201583 411.3821573871504 224.7081968514379
2069 309.7492704999073 404.4183761142575 223.5550454922362
2070 346.5961525682158 404.6835394987355 223.5105745477433
2071 293.5530023107907 404.0264828820434 223.5392483823473
2072 430.7707048186539 416.3780270499967 225.5566835903429
2073 362.4639459004883 404.9146011056274 223.5252995777632
2074 26.72978317237698 398.698804514579 223.5645019601955
2075 11.08860044296381 398.6198677503116 223.5613028374127
2076 59.11965120555958 398.94828528839 223.5645777129224
2077 143.5609703418082 400.5235708663734 223.5653893174192
2078 42.22895858874739 398.7843388540684 223.5645474731461
2079 76.00968009283284 399.1791799318624 223.5646230096688
2080 126.6745885162174 400.134507090062 223.565580432196
2081 92.89889718680897 399.4590285687372 223.5646964133039
2082 109.7873108927579 399.7778886821437 223.5652116008865
2083 277.8872668876995 403.8007504869486 223.5609303327886
2084 160.4472612947866 400.929729216323 223.5651594100078
2085 177.3326283981031 401.3480462614623 223.5662072769567
2086 194.2178096059725 401.7804698217881 223.5657865676595
2087 211.1023510100206 402.2161231839156 223.5648231712913
2088 227.9883202613338 402.6378116597218 223.563918436351
2089 244.874459509417 403.0444654112883 223.5650886633872
2090 261.7607034008127 403.4427329137187 223.5642720138898
2091 478.4744898763766 431.4574328704505 230.1272013494433
2092 479.2115365300483 415.2846000971161 230.1627601714084
2093 467.4965845350354 419.8828061067732 228.3250874741084
2094 480.0302924268116 400.2993742783292 230.2994875991957
2095 468.8853049089188 404.4193508400289 228.5835722149262
2096 474.6110350096955 365.7598769614553 229.4885649033936
2097 473.6718591329142 348.5359355015712 229.3548355800324
2098 474.5039933642695 386.6911353521874 229.4582713368538
2099 470.4166077014967 301.9908332542568 228.8814248159318
2100 473.4366537984009 314.9277431846639 229.3418746743049
2101 475.1344501414084 292.5275771837019 229.6249254329035
2102 472.1549632627421 11.57803986204909 229.3582778924683
2103 472.1563342196056 28.055943175249 229.3558005568752
2104 472.2067561122643 43.57558638314048 229.3608974313058
2105 473.6002699601444 330.9622681103159 229.3557274671688
2106 472.238748883428 61.00684951644757 229.3610175908987
2107 472.2866379225371 78.43797939647062 229.3608396112099
2108 472.3486337667629 95.86806694454162 229.360729232417
2109 472.420916243645 113.2980566617077 229.3605953653379
2110 472.5007801828595 130.7278176317708 229.36044561163
2111 472.5874139233158 148.1581546776145 229.3604487667757
2112 472.6816169332643 165.588523869597 229.3602606782907
2113 472.8840926424839 200.4467538991797 229.3598186658884
2114 472.9863236887477 217.8767858012667 229.3597248450834
2115 472.7817372555683 183.017750084632 229.3600455953847
2116 473.0900732243172 235.3072819469321 229.3596415725359
2117 473.1961146611351 252.7362015615757 229.3593584208746
2118 473.1967030384092 268.8486214887588 229.3439724560502
2119 470.50237609136 282.2048398461474 228.9107769232951
2120 461.5743236898587 445.6595691427672 230.5777956707075
2121 447.1091062889041 438.1852377413636 229.3469886039578
2122 381.3140541091559 437.4678266590415 229.3554411698522
2123 399.0826823506058 438.1662086291971 229.4378685188121
2124 367.5046224975137 435.2929224966099 229.0169473729403
2125 413.6256562774324 437.8640077014259 229.3587950837832
2126 353.6561183905395 437.0247530923936 229.3408406439396
2127 325.7745117112574 436.6864855253961 229.358848948757
2128 339.5260092957374 436.6417141471754 229.3120347472952
2129 428.2968997913928 437.6365342929319 229.29224678083
2130 309.4447816186952 436.4614800248215 229.3717148053954
2131 112.0827494743131 432.4873797822685 229.3631898144019
2132 43.10904949962524 431.7161119433348 229.3629641787863
2133 94.84071779593111 432.2362109375747 229.3631224399832
2134 11.44195113732713 431.5765264887141 229.3589144314313
2135 27.71745363136841 431.6176458598106 229.3572859507929
2136 245.0878999222525 433.1366847299436 229.0318472697597
2137 259.9456328205819 435.3363731130549 229.3507165368034
2138 275.7227954120357 435.7476128748223 229.3657387199578
2139 231.5285419573745 434.743893679944 229.3504097886964
2140 291.923474305379 436.0651142698983 229.363288181513
2141 215.5465945536648 434.4041977199672 229.3514187550442
2142 198.2782348500162 434.1096677904551 229.3641425130447
2143 60.35438095789289 431.8397778923274 229.3631718306408
2144 77.59819039071124 432.0174522068156 229.363072939209
2145 129.3250108708029 432.7686284439013 229.3636364452917
2146 146.5672422599947 433.0792285748246 229.3636301907862
2147 163.8077763887341 433.41097925953 229.3635625848957
2148 181.0479905388058 433.7541187790957 229.3636820985582
2149 504.2497968914037 429.9431543329758 233.7314547338844
2150 503.1874492525611 443.885018091754 233.5804166002348
2151 507.0527978436913 459.9523379801557 234.3646302409396
2152 506.4378328568506 406.4859305464472 234.0456885940592
2153 502.0344844117507 417.935068611871 233.4427084271386
2154 495.9428010356119 451.1883719014072 232.8932890616815
2155 504.0767827631609 392.7469882675813 233.7400953147065
2156 503.9986735022709 375.0871500486101 233.7462256097985
2157 502.0283136408153 28.25916480818993 233.7492705539954
2158 502.0572504549576 43.83961169382887 233.7506058267398
2159 501.9882111602899 11.65536521975237 233.7463683720186
2160 503.79611455118 341.6733135821378 233.7509999999999
2161 503.9212124522003 359.2393618547317 233.751
2162 502.0896761256033 61.37221403518382 233.7507291426799
2163 502.1403140331271 78.91008319200242 233.7508472148386
2164 502.2057759442839 96.4420033075276 233.7509094593792
2165 502.2830963605005 113.9710418589095 233.7509867769293
2166 502.369667251363 131.501005834574 233.7509981815493
2167 502.8738221383535 219.07684860379 233.7455001674984
2168 502.9959696566533 236.6042480431646 233.7455941734542
2169 502.4575116338827 149.0220654850409 233.7501620289826
2170 503.3798175295003 289.1683960707103 233.7452880980307
2171 503.506835537133 306.6928966077227 233.7451089039435
2172 502.7540520508179 201.5519196077491 233.7455801497672
2173 503.1218053104542 254.1294287485904 233.7455752409965
2174 502.637395460881 184.0290497620886 233.7456438312952
2175 503.2506220571931 271.6498810177225 233.7454477509115
2176 502.5264637012614 166.5099334123158 233.7456770660751
2177 503.6618390163796 324.1868908462349 233.7493072484563
2178 478.7310539698784 466.2089120526504 233.739827036714
2179 491.2441632830281 472.3345554467772 234.626183247644
2180 412.1390700066794 466.699392061211 233.9154591700144
2181 432.8067907085904 465.8332635829923 233.7544023168795
2182 450.5595846598238 465.9425727878826 233.7422243777827
2183 466.5187312747106 464.0423769157593 233.4384718820038
2184 393.7241197909057 462.7199863437903 233.3637084947032
2185 380.2200331012208 464.9672265981281 233.7168723843998
2186 28.5049347254272 460.7061670423917 233.7518500722493
2187 44.25724124126577 460.7558211965583 233.7524119083324
2188 61.96412055214991 460.8418734003291 233.752413618375
2189 203.5888610949743 462.5138786650822 233.7521653437963
2190 221.2376439095297 462.846357927099 233.7598385193027
2191 362.5105990065965 464.9756924776594 233.751
2192 345.1442322804304 464.7594393659215 233.7544151846304
2193 327.4224566715095 464.4801715506155 233.7520107786165
2194 11.76003769550526 460.6968767954793 233.7558340578512
2195 309.718213379287 464.2590279853567 233.7599294629756
2196 292.0253099117793 463.9790832631178 233.7601130427035
2197 274.3193573113776 463.6992517687887 233.7598585654495
2198 256.6104976723889 463.4185804322477 233.7596742030449
2199 238.9196745218219 463.1328079550352 233.7597787259392
2200 185.8816812428014 462.2484375933597 233.7521821487956
2201 168.1817047318925 461.9902746543473 233.7522527261896
2202 150.4830281125419 461.7435118181754 233.7522752971744
2203 132.7821768750731 461.5158095003494 233.7523025877145
2204 115.0738557571018 461.3116677706325 233.7523121598684
2205 97.37191061680065 461.1285216659601 233.7523657841767
2206 79.67027776937175 460.9701589262398 233.7523763040532
2207 530.8679019968686 477.3813376045936 237.1735215546371
2208 528.9634847839083 322.3823010371044 236.903
2209 529.0627201116338 339.5778284229795 236.903
2210 528.861256149173 304.9875987482598 236.903
2211 528.7584591359489 287.5984374173245 236.903
2212 528.6566438137231 270.2137137439241 236.903
2213 528.5575487413969 252.822257505719 236.903
2214 529.8481471477387 443.5900219650072 236.9197567435097
2215 530.1123105787119 460.5307775282691 236.9425123885342
2216 529.6158500946975 427.9601809626432 236.903
2217 527.7253492447953 11.08259631854339 236.9040360789104
2218 527.7288111674162 26.30764849808188 236.903
2219 528.4618003517069 235.3095091462058 236.903
2220 527.7442713352107 43.72069784407775 236.903
2221 527.7663278294128 61.1317904151292 236.903
2222 527.8008808903284 78.5824251138545 236.903
2223 527.8473400065129 96.01079000628016 236.9029999999999
2224 529.5071179521403 410.0450921929515 236.903
2225 528.3683687329471 217.9031830273314 236.9029999999999
2226 529.2767177149692 374.5133140218906 236.903
2227 529.3927796906892 392.276164066954 236.903
2228 527.9024729699308 113.4160131121573 236.903
2229 528.2774687601727 200.5060964765228 236.9030000000001
2230 528.0342919604387 148.2274403215781 236.903
2231 528.1092388706404 165.7127560891541 236.903
2232 527.965202798184 130.8202372193936 236.903
2233 528.1905661587057 183.110758950738 236.903
2234 529.16269213158 356.6260034708264 236.903
2235 512.060929802353 489.720290538977 236.9207374279702
2236 496.701879388829 489.5134794969138 236.9006645366883
2237 132.235039170877 486.2784883551581 236.903
2238 114.5569323219504 486.1602951777573 236.903
2239 96.88444925998176 486.0548992702056 236.9030000000001
2240 79.21564974283052 485.9648328953419 236.903
2241 202.9358930528519 486.8658462187922 236.903
2242 185.26160463867 486.706715658178 236.9030000000001
2243 167.5874807761095 486.553429019546 236.903
2244 149.91445860672 486.4094944276785 236.903
2245 220.6102542173036 487.0306754147882 236.9029999999999
2246 236.0091934124848 487.1684155135807 236.9015388693437
2247 11.09984985761774 485.7575638469482 236.8986682271844
2248 61.52602168188368 485.8925509968064 236.903
2249 43.85494221518189 485.8459543380732 236.903
2250 26.19154731028301 485.8175622316851 236.903
2251 546.1162969119467 495.3576915664879 238.8794604243849
2252 546.6833614691202 482.9930328161321 238.6662685059257
2253 548.2709679437945 8.578573928070274 238.8765
2254 548.2766308287137 26.01707978967822 238.8765
2255 548.2822413201748 43.45799250463185 238.8764999999999
2256 548.2887011594745 60.93881550451719 238.8763964522835
2257 548.2996811904147 78.42036375937407 238.8763207009288
2258 548.3162975430216 95.87920264213055 238.8763315480506
2259 548.3364316658215 113.3504449165604 238.8763683961414
2260 548.3585942161516 130.760533938152 238.8763460304549
2261 548.3840488670351 147.6148818201236 238.8764605827638
2262 548.4084165061431 163.21991956531 238.8764924071717
2263 532.8799237797616 506.8024331006412 238.9160529364354
2264 8.840450712642758 506.0035943761744 238.8765
2265 298.3809449841108 257.0780271170035 239.601
2266 166.6369299493949 350.8226103036204 239.601
2267 162.6124364498589 164.6885878130646 239.601
2268 411.5395930260646 364.1196043008622 239.601
2269 404.5020849430542 151.6001058306285 239.601
2270 283.347873845544 392.8751419228553 239.601
2271 285.1145574491882 124.1567865083442 239.601
2272 446.2601629650942 258.4670973422661 239.601
2273 108.1064502123226 258.2497530640957 239.601
2274 96.83545666118145 417.7888927065501 239.601
2275 96.83373102857877 97.09622387531276 239.601
2276 203.0256867151856 261.5197125628987 239.601
2277 469.4615541205002 426.6666779386766 239.601
2278 468.720229037561 88.14359526353586 239.601
2279 205.0408080040958 427.8275470520594 239.601
2280 205.0821368187543 87.07165401024015 239.601
2281 356.192896052613 431.1896347338608 239.601
2282 357.4011175941757 82.73068503283575 239.601
2283 80.71917304759836 333.8403265858149 239.601
2284 80.86737282140228 180.4909582781767 239.601
2285 480.8928420251819 187.6080673067238 239.601
2286 476.375218981207 329.9271501021232 239.601
2287 372.731570331305 291.8596318770336 239.601
2288 239.2265732571661 191.657442973214 239.601
2289 335.7627060579101 186.8521620762658 239.601
2290 255.4546186239745 319.0120954902831 239.601
2291 339.8249220613043 349.7130756795214 239.601
2292 394.984770557087 215.8511660955293 239.601
2293 265.5304520771545 451.730689320748 239.601
2294 266.1361364377955 64.19288350137833 239.601
2295 148.0972355555742 452.8428431519247 239.601
2296 148.1222217763314 62.06005643164651 239.601
2297 413.1849173676969 452.8810052356679 239.601
2298 410.3667584123024 58.98510484010773 239.601
2299 222.8605398468619 366.6496941897286 239.601
2300 158.6357415468709 223.2045911189 239.601
2301 498.6651660094589 240.9005083319928 239.601
2302 152.9603379853132 295.9967563782584 239.601
2303 57.52494559521594 284.5148234334716 239.601
2304 500.6592015233139 135.4035846769811 239.601
2305 501.2384310456354 380.4171376414392 239.601
2306 425.3910799032522 310.5292673587433 239.601
2307 56.28463752614988 231.8656156769828 239.601
2308 55.92312091762754 458.7715070466483 239.601
2309 55.92321861668769 56.11407665437087 239.601
2310 229.6830877627804 136.8660987607735 239.601
2311 55.52858876741443 379.8508150868831 239.601
2312 55.08517280288051 134.6229799283425 239.601
2313 353.5817764625643 136.5391000432698 239.601
2314 145.6148096292985 400.0048466393654 239.601
2315 149.927359951627 112.698539169342 239.601
2316 307.5169396579362 309.7528978250089 239.601
2317 349.7914412296907 243.9115464962214 239.601
2318 505.9663990342163 462.5410171797018 239.601
2319 204.1587143025647 316.2274804113293 239.601
2320 506.4703976492613 50.97248891696362 239.601
2321 315.1126124069795 463.2655847766623 239.601
2322 315.4570233617331 51.39981968021251 239.601
2323 288.2589842919143 207.2872970581126 239.601
2324 508.9831433027269 290.3191224258287 239.601
2325 250.8367507558917 242.30381344553 239.601
2326 452.5487573969143 383.4995601272532 239.601
2327 452.2292710333019 131.7393746251571 239.601
2328 103.7860067921462 467.8752375209661 239.601
2329 103.7998265442704 47.01261008921339 239.601
2330 397.5162848570326 105.1219423428947 239.601
2331 440.0276022104316 212.2118833914288 239.601
2332 396.7762107778166 411.9940045902272 239.601
2333 533.3108401414923 490.2973493975368 239.601
2334 116.226631072838 211.1672931769585 239.601
2335 105.7565339549783 375.3497309008588 239.601
2336 107.7046348595018 140.3989474050199 239.601
2337 223.148797080634 468.8256308679506 239.601
2338 223.2055106143665 46.08209481104301 239.601
2339 456.4292881913476 472.5660271874115 239.601
2340 456.1778619283557 42.50927365894494 239.601
2341 329.0915368572836 395.9236941259839 239.601
2342 194.6344827631556 197.5919415338775 239.601
2343 109.7252947053785 300.3591343501358 239.601
2344 400.8377570719732 257.8477985256418 239.601
2345 245.6963057076525 411.5239449866875 239.601
2346 376.1635080414685 467.0052745565142 239.601
2347 514.545531103658 421.2243023259785 239.601
2348 517.8073276607896 95.29789767481951 239.601
2349 374.3728257859159 46.82313780818321 239.601
2350 314.3020190294222 94.76660286895059 239.601
2351 187.7085593560861 128.0732242522478 239.601
2352 272.2836170016495 166.1968610032095 239.601
2353 43.30590562832299 324.9214984573778 239.601
2354 287.6929298114395 349.9189223862473 239.601
2355 43.29503468002098 185.702876144017 239.601
2356 516.3596387532028 201.5531776848336 239.601
2357 377.9525539657017 332.6201250702979 239.601
2358 516.7011411362374 342.4621297998089 239.601
2359 188.5821767007986 388.6830795967855 239.601
2360 375.6650781591684 178.1760687626696 239.601
2361 368.5880353360166 384.9461075666923 239.601
2362 467.2604811842625 290.1568963690054 239.601
2363 316.4139348149441 149.7775450551045 239.601
2364 40.31461264047931 421.2280818218902 239.601
2365 40.31454177572024 93.65758063119672 239.601
2366 250.1761330576127 102.4714422339144 239.601
2367 182.7582310858403 474.2596257803755 239.601
2368 182.7964972184651 40.6427334995355 239.601
2369 242.3675794229619 280.9479011019415 239.601
2370 302.8085984039627 426.1152519739596 239.601
2371 126.2751287941235 339.3661001085366 239.601
2372 440.2591726208354 171.7893917587668 239.601
2373 337.4045426611575 283.4458408985462 239.601
2374 126.518844412448 174.8034238790141 239.601
2375 442.7043989456736 343.3980849308929 239.601
2376 520.9432020572765 165.771156960044 239.601
2377 437.9417333742564 411.8743837917375 239.601
2378 277.2870122321755 287.7388500097036 239.601
2379 438.5244242195541 103.6317363503674 239.601
2380 212.6569057823617 231.650543136367 239.601
2381 198.4841565011146 160.2532903528295 239.601
2382 324.5153905603593 219.1413350878439 239.601
2383 349.6017793703972 318.7550311183911 239.601
2384 144.7410687132569 257.9995982784441 239.601
2385 36.1633462490699 256.9785463511428 239.601
2386 257.8093382727621 365.65586361553 239.601
2387 170.4796429754747 421.5208486078279 239.601
2388 168.8375787520218 89.01083194370808 239.601
2389 283.6002763769196 482.7055313936412 239.601
2390 284.906994114005 33.3558490539106 239.601
2391 360.4429539637771 209.6685640987338 239.601
2392 408.3299148182117 180.874445295146 239.601
2393 472.8353120275395 218.7868523179714 239.601
2394 32.79834899339031 357.539174987135 239.601
2395 525.4161752809837 259.01060352587 239.601
2396 73.76415587663303 256.1438177451356 239.601
2397 132.7558915041751 482.3624323249283 239.601
2398 132.7784395252978 32.53865364114952 239.601
2399 32.94969028573934 481.9669634413688 239.601
2400 32.95062352483107 32.91583476508838 239.601
2401 197.6645702656755 344.8752120713826 239.601
2402 343.218584285153 483.9661356859871 239.601
2403 228.2220325047448 337.3433970994608 239.601
2404 281.774649467152 94.65321243392829 239.601
2405 347.0908284631775 31.75431814190764 239.601
2406 127.6364442152789 427.1509587924573 239.601
2407 127.636489319187 87.73455764951943 239.601
2408 32.1030502250107 155.3378408180088 239.601
2409 427.1746733642285 482.3513751484363 239.601
2410 426.7721022285237 32.72978033396249 239.601
2411 311.4323880965587 367.2113598524342 239.601
2412 306.0114081791853 180.6936557113266 239.601
2413 251.7309096932257 482.3380159191669 239.601
2414 251.7780717160499 32.55276526957003 239.601
2415 475.0661730322482 259.8210819583674 239.601
2416 479.9385365274239 362.9314264124055 239.601
2417 476.8679414213439 153.1278018110943 239.601
2418 84.60910133920078 209.4365751102726 239.601
2419 175.0288986623978 320.6092377031069 239.601
2420 182.3356554237982 288.6727024493036 239.601
2421 137.7881037433312 148.6396746478812 239.601
2422 135.1447862290981 368.2432046264034 239.601
2423 74.16816612609547 483.9487176082573 239.601
2424 74.18310177842031 30.94270690096001 239.601
2425 234.790014701363 74.64858359414026 239.601
2426 151.9791781953498 193.3291291410879 239.601
2427 528.0298092259493 313.7260753075689 239.601
2428 173.8456405934798 249.0487668190943 239.601
2429 234.3004895787226 438.1548214494829 239.601
2430 388.4113212818456 439.5835649378121 239.601
2431 421.7192307003175 236.3761734761678 239.601
2432 387.4821553595973 76.15526187755142 239.601
2433 423.9383188885154 276.8386051728934 239.601
2434 80.08198459467341 305.5066370037837 239.601
2435 486.3360678891618 484.3887317481216 239.601
2436 528.8437936306402 29.20366332780245 239.601
2437 485.3867032018578 30.22385545404834 239.601
2438 527.9788513697305 394.9709938458206 239.601
2439 442.8731102058936 72.51835121825235 239.601
2440 529.094342230614 230.181686786081 239.601
2441 216.7826526334686 400.1156737039923 239.601
2442 328.726743969801 121.3982614227683 239.601
2443 442.4475057420823 443.223023156618 239.601
2444 27.22036329325227 299.7643809246611 239.601
2445 526.2680705689427 119.3860100783611 239.601
2446 478.0893780437347 116.8622853441259 239.601
2447 478.1731469113079 398.0198021695318 239.601
2448 68.73118012447834 431.1552570878981 239.601
2449 68.73052110012843 83.72992531395471 239.601
2450 80.77175804661893 363.9471893938214 239.601
2451 79.91847940355544 150.1966363670467 239.601
2452 27.9541561282707 212.2287468624422 239.601
2453 408.2329480393969 334.2187854559206 239.601
2454 257.7472807361408 215.581748916338 239.601
2455 260.2318795103939 138.0164996657305 239.601
2456 385.3459800653636 131.8927720776188 239.601
2457 279.0522941988644 235.3681670300855 239.601
2458 530.0687602751823 446.6584611647219 239.601
2459 27.50809630908241 449.6900079682585 239.601
2460 27.50802334240362 65.19491587836147 239.601
2461 529.2587869443485 67.55393440096316 239.601
2462 273.3280932064362 422.2978853430438 239.601
2463 394.0669321198955 309.8741138952693 239.601
2464 422.9831543419752 388.8850213772681 239.601
2465 328.9435495812804 435.0824034409979 239.601
2466 450.1734737571641 316.9604277255833 239.601
2467 27.38739564682456 392.3578963446622 239.601
2468 314.5995755618452 337.0692954086389 239.601
2469 26.63269350812445 123.2985593720697 239.601
2470 378.7959211139394 239.5317356709785 239.601
2471 478.7050417047787 453.9651296305335 239.601
2472 81.61087644498431 394.1896206481997 239.601
2473 81.60923978258819 120.697366181539 239.601
2474 424.4786656672213 128.5726356159271 239.601
2475 478.3691634186573 61.10135789554656 239.601
2476 395.8676890848393 487.2402625200722 239.601
2477 395.7406423304554 27.66327114574488 239.601
2478 187.5159731417622 225.0534392662857 239.601
2479 240.2580696747917 163.2554894082341 239.601
2480 222.735950249308 109.3634881740776 239.601
2481 90.16481567432089 279.6007461099877 239.601
2482 366.0074555293594 108.7777745590133 239.601
2483 529.8968386998758 366.1410143878672 239.601
2484 117.3391892697067 399.819591367153 239.601
2485 117.3319657918326 115.0683456556109 239.601
2486 231.4579436742314 306.4884911135547 239.601
2487 125.9465112098226 278.9355917098069 239.601
2488 126.5386095923666 237.9492248692297 239.601
2489 292.5061538553267 66.88795817337325 239.601
2490 351.0175092661707 163.5677852776879 239.601
2491 340.1954147658289 61.50299727423272 239.601
2492 354.5464818766227 403.811588317471 239.601
2493 369.7173798619522 265.2414549110387 239.601
2494 135.6622813062497 312.1203930996413 239.601
2495 498.0878700248294 312.253220344907 239.601
2496 186.0411685449026 447.2723938397623 239.601
2497 267.7810346142395 262.4222726462521 239.601
2498 186.067079960933 67.63582646884414 239.601
2499 282.5612376643015 320.4295505088832 239.601
2500 91.98730804751393 234.4694954422074 239.601
2501 157.702287842396 488.1870321697591 239.601
2502 157.7354772524772 26.7057905604865 239.601
2503 57.1420352048014 165.6991712453481 239.601
2504 291.4928111802776 450.4265875506798 239.601
2505 58.11053313127648 346.6181703521171 239.601
2506 307.4942569271823 283.0305510219802 239.601
2507 204.9020932418785 489.1921810338309 239.601
2508 204.9446567218956 25.71831962625124 239.601
2509 326.7221461197166 255.0138628211708 239.601
2510 314.4434754040558 488.741841321659 239.601
2511 313.7321614968388 25.99305931721372 239.601
2512 347.2061028232341 454.3025890790791 239.601
2513 212.2106741820453 287.5802161555231 239.601
2514 534.3421432380096 287.3097005628567 239.601
2515 163.8802406049134 377.2010969252936 239.601
2516 228.9008396683911 257.3382653734604 239.601
2517 91.25516095301607 444.2987112540511 239.601
2518 91.25568858559471 70.58653346359124 239.601
2519 163.8516686847649 137.607054220121 239.601
2520 241.0698844673347 386.5172732926383 239.601
2521 452.3508088694511 233.5710032774082 239.601
2522 215.4222973301036 183.1244496683746 239.601
2523 381.7091398701893 358.57635043138 239.601
2524 498.8386843099309 263.6368261190026 239.601
2525 496.5975969367277 168.9436170683438 239.601
2526 123.3272172455405 453.2332397430755 239.601
2527 123.3456972894386 61.65121526097087 239.601
2528 415.185995961892 86.19565098404556 239.601
2529 414.4254858167422 431.577571862276 239.601
2530 493.61321299502 81.92570820046227 239.601
2531 504.5200312792265 490.9200790478264 239.601
2532 105.696086507559 188.555439280169 239.601
2533 103.7379816828393 350.4032644425701 239.601
2534 344.283541904415 376.1819284046262 239.601
2535 394.3326236335598 282.2750039319357 239.601
2536 293.3440729152897 149.3126668057199 239.601
2537 393.0200748456389 385.9880340801285 239.601
2538 533.4745077593063 144.0221175911429 239.601
2539 493.8200019747287 433.2865436023797 239.601
2540 58.75543307307851 203.773838266126 239.601
2541 263.8202519466165 189.4802928022532 239.601
2542 443.2159875212091 292.192878264431 239.601
2543 457.1680318398738 193.8703292847299 239.601
2544 98.82292807279953 491.9201619604967 239.601
2545 98.83585245253069 22.96937324835061 239.601
2546 496.7241939523691 215.5411268226702 239.601
2547 373.148756772626 154.2982599625053 239.601
2548 104.75325246585 325.0067017120291 239.601
2549 534.1013231359836 185.4519831421133 239.601
2550 102.5572750536796 164.3043903104431 239.601
2551 262.3156477051936 336.4243091540906 239.601
2552 303.6710523088093 400.2904752500028 239.601
2553 58.05355388468232 407.4480563296265 239.601
2554 58.05351777078846 107.4370244564181 239.601
2555 336.2025228757147 98.0446399523707 239.601
2556 415.6904340140487 207.9269368522363 239.601
2557 167.5866642715098 273.3352239609432 239.601
2558 428.0005657753799 363.9839371707038 239.601
2559 24.44064298804593 239.1171503768399 239.601
2560 374.6422869969558 415.96701169535 239.601
2561 137.6940419490356 212.9403898367397 239.601
2562 497.9595126057444 111.2320692021714 239.601
2563 149.4213832619729 333.419867042346 239.601
2564 306.4195952383421 117.8396977959583 239.601
2565 497.4411263904245 403.6087414766469 239.601
2566 169.7248566913982 208.131057580034 239.601
2567 535.2740438563685 467.4941756220961 239.601
2568 429.1510629027341 150.6859296631065 239.601
2569 192.2624544571099 102.220250712749 239.601
2570 303.3133077384936 232.2279766878143 239.601
2571 209.4844392846435 455.3173587321285 239.601
2572 209.6035811664898 59.62025020946871 239.601
2573 238.3986008069542 212.6496170456659 239.601
2574 499.3476044833347 357.5195975225477 239.601
2575 457.6176561247656 20.36422745476218 239.601
2576 457.2958290402991 494.5018416357272 239.601
2577 184.0724381448929 176.7810351817793 239.601
2578 192.816735477693 372.281009064073 239.601
2579 504.9801927139409 23.10780054136385 239.601
2580 232.1733998698053 492.0723447699493 239.601
2581 232.2194888288689 22.81206931674973 239.601
2582 362.2546445930381 490.0864720291326 239.601
2583 53.04103110866966 490.2480140704119 239.601
2584 53.05785702170466 24.63960440116977 239.601
2585 363.8037800983664 23.39665112330695 239.601
2586 22.67751764104421 337.7560719625131 239.601
2587 20.73314289407264 274.897640325849 239.601
2588 452.1749997463979 402.7247259661785 239.601
2589 323.9403764849501 70.29497944394355 239.601
2590 452.1751953535939 112.5481474847424 239.601
2591 317.5401814484331 198.3847420340473 239.601
2592 242.4472910526764 463.2535599603705 239.601
2593 242.3309748598561 53.76695431564215 239.601
2594 60.66048557506515 302.776835784255 239.601
2595 166.7311326175112 114.0648969959488 239.601
2596 207.3912893765088 137.6837842730555 239.601
2597 537.9164500306399 95.64985118018704 239.601
2598 539.0669877728183 427.3088672340753 239.601
2599 367.5703137841172 314.4987645128473 239.601
2600 352.6073864020045 336.546638112662 239.601
2601 264.4979387841853 394.2514826922707 239.601
2602 334.0242347195053 414.5308535779049 239.601
2603 256.2295134899065 296.0972749197845 239.601
2604 22.93850085056424 171.3343871049816 239.601
2605 215.27559138415 205.1978779703563 239.601
2606 167.6595392113754 403.1856484566501 239.601
2607 190.7225954681679 415.5308563644768 239.601
2608 182.7342885562626 151.0076366668502 239.601
2609 278.9152691958538 366.888315943915 239.601
2610 393.9455712325733 457.8840981561769 239.601
2611 392.8966824464355 55.87585493219295 239.601
2612 367.4988444354815 64.74422032570233 239.601
2613 530.4925755138115 334.5254157749765 239.601
2614 438.0709035206263 52.24757633154138 239.601
2615 359.1827238724964 359.6791476677802 239.601
2616 460.5264869945331 169.7665463983799 239.601
2617 77.97418509341297 461.7324089570059 239.601
2618 77.97214032496845 53.15789507019035 239.601
2619 434.2711673698059 188.3135951491732 239.601
2620 382.3105064765173 203.9424587901665 239.601
2621 357.2756397849818 188.3818227530049 239.601
2622 260.250673268233 120.1230944693645 239.601
2623 325.4461068520836 300.4481079394543 239.601
2624 534.4957731110144 210.5105472111171 239.601
2625 420.873984553464 257.5456169726415 239.601
2626 225.6109896711579 420.0554677201426 239.601
2627 23.17964482711069 372.314716154392 239.601
2628 486.8938379062449 282.9370591640185 239.601
2629 349.5076263160288 291.6180273498088 239.601
2630 367.1066173576978 451.1109807734515 239.601
2631 399.8477995824552 236.3636427114963 239.601
2632 479.4907401970503 308.0746073236625 239.601
2633 148.6041043773069 93.36078188038702 239.601
2634 148.4038822218298 421.4121154010199 239.601
2635 436.9812480080366 463.4138197945633 239.601
2636 394.9004161831545 168.746994254055 239.601
2637 535.5937595793739 49.35140965876381 239.601
2638 499.3673329658842 187.3458318685684 239.601
2639 19.2531104061532 417.6925257863705 239.601
2640 19.25287249318243 97.19166878292707 239.601
2641 478.2748200716711 239.1735577488692 239.601
2642 253.9750669530497 432.168872753746 239.601
2643 55.7814937418477 248.2461471920513 239.601
2644 64.83393148499491 331.4783972493263 239.601
2645 537.741390381809 502.4081866040752 239.601
2646 238.2302219977729 355.5498802005301 239.601
2647 337.5677491237059 148.6205233679755 239.601
2648 20.54064034387691 314.9750004425063 239.601
2649 344.3401571998955 220.8997266761201 239.601
2650 201.3536229050206 243.4865470928648 239.601
2651 463.539196597188 344.5861046522096 239.601
2652 170.0848304645666 457.7762300622632 239.601
2653 170.1270973150895 57.17511816911311 239.601
2654 263.0278882199243 85.71570198268569 239.601
2655 496.5678501048102 337.5441162649204 239.601
2656 403.5904365281567 124.5377804706267 239.601
2657 322.3632597972577 170.8115979232362 239.601
2658 285.0346725429943 188.9500148407281 239.601
2659 458.755969821198 271.8582887802851 239.601
2660 350.6717809547227 262.8936913295601 239.601
2661 20.61618195599446 197.4527410282135 239.601
2662 250.7967221429043 262.4317576659067 239.601
2663 20.64201538554311 139.6876787253161 239.601
2664 182.5258236216559 497.4098084391455 239.601
2665 182.5863887666985 17.48765361639769 239.601
2666 124.7054009430096 193.419731787832 239.601
2667 380.7446763357826 95.48920243706111 239.601
2668 268.9609452138832 492.5533018298693 239.601
2669 427.484839632843 330.4900100330007 239.601
2670 240.4364941969619 120.2454802166965 239.601
2671 269.2546929882653 22.54193519762894 239.601
2672 18.24721878148927 467.0905361609276 239.601
2673 18.24726792068315 47.79355955518499 239.601
2674 51.37673869672989 438.2351460160312 239.601
2675 51.37599563431928 76.65042248136153 239.601
2676 221.8113092857312 155.7879261020035 239.601
2677 450.2176125992561 153.2272674490232 239.601
2678 178.3023208774401 363.3006777589413 239.601
2679 63.30978796429507 184.0890037697237 239.601
2680 537.4321769538152 245.9228805541356 239.601
2681 120.5884375240531 155.66805421155 239.601
2682 108.7764047328774 434.356232413356 239.601
2683 146.9686722429656 164.0309586184827 239.601
2684 108.7754155073252 80.5313298340067 239.601
2685 121.0908278278645 354.1703854433112 239.601
2686 202.7114622013292 117.1149385954401 239.601
2687 333.5002458265345 334.6999559366513 239.601
2688 452.5905519985893 362.0410830400491 239.601
2689 509.6631207055987 443.9323807032102 239.601
2690 179.8184560296843 337.932304265642 239.601
2691 115.1893593192219 15.80406735610288 239.601
2692 115.1431805038824 499.0841706679382 239.601
2693 298.5252021076886 16.69742105902666 239.601
2694 297.6619634208305 497.3025867755034 239.601
2695 509.9652435950369 70.56010728395647 239.601
2696 414.7468254657168 405.2425409507082 239.601
2697 421.2146065508011 168.3952727601738 239.601
2698 202.5690435981618 471.6807199416945 239.601
2699 334.2743104372951 205.2734172390035 239.601
2700 202.4669449524488 43.84688782912244 239.601
2701 409.09770386535 295.0489557567103 239.601
2702 414.2343026589093 111.4139179233071 239.601
2703 286.6129254169996 408.9469162224807 239.601
2704 461.928552957255 444.2451738565272 239.601
2705 507.6348246368412 153.1921057845807 239.601
2706 451.9525299366133 424.288449063618 239.601
2707 99.98670482572462 392.3737225451052 239.601
2708 99.98270935822232 122.5120754338834 239.601
2709 481.2274122629752 134.6410047243576 239.601
2710 267.9152322366093 471.3956597371067 239.601
2711 268.4870707336351 43.38089695102469 239.601
2712 482.0073517308422 379.7166732351279 239.601
2713 40.46434118895041 275.400288263604 239.601
2714 539.8583104950316 163.6441774283307 239.601
2715 348.4643548835769 119.2091154668998 239.601
2716 125.1643892063142 382.8734450084402 239.601
2717 125.1035456678502 133.4440900310574 239.601
2718 378.1903459542958 397.3475614774578 239.601
2719 19.26214935544899 495.6053070810223 239.601
2720 19.26178349290367 19.27924959151084 239.601
2721 291.4565008182608 303.7744112790713 239.601
2722 451.7521350020507 90.88499387787535 239.601
2723 439.4573577157022 17.62963114519478 239.601
2724 155.9987447190811 243.0981023518736 239.601
2725 73.37919393870989 236.8352619382761 239.601
2726 439.2301507574108 497.3725074074983 239.601
2727 461.9094288697837 70.51246064767709 239.601
2728 75.85771022386004 412.9554536475084 239.601
2729 75.85667021814746 101.9296443795009 239.601
2730 308.9966855126178 443.6532333240651 239.601
2731 483.6076455935807 96.37369822723551 239.601
2732 483.7334494214606 418.682335105641 239.601
2733 540.7618356412194 271.2266013833764 239.601
2734 408.5942310343618 473.1946613478468 239.601
2735 140.7228703033312 349.4672910964612 239.601
2736 376.2284835535226 220.8287369536982 239.601
2737 330.365515657725 498.2316881346094 239.601
2738 148.7660785361308 471.9366875174725 239.601
2739 148.7990151016302 42.96011691804065 239.601
2740 408.0038980920251 41.26277945787307 239.601
2741 232.3531599244018 236.5115213689867 239.601
2742 210.1940505845921 333.5043198992857 239.601
2743 519.0418874151926 472.1405335558861 239.601
2744 186.27856355507 270.2507306070351 239.601
2745 520.1026415762841 183.2373865451701 239.601
2746 330.7436693299371 17.36868188039432 239.601
2747 216.6061419275778 350.1056619945384 239.601
2748 154.089250856302 313.5702780661439 239.601
2749 355.2306553495272 49.82451264648948 239.601
2750 292.0214671510892 273.0049246782798 239.601
2751 539.0734628501402 350.6238286616069 239.601
2752 382.0022797620329 497.3645677517399 239.601
2753 232.6773741334487 92.93035034852805 239.601
2754 382.0657384529153 16.69867088611656 239.601
2755 147.6384585176623 275.9529070037952 239.601
2756 422.2094255658874 348.8317650033248 239.601
2757 261.8811278698594 277.198795993958 239.601
2758 49.46171576940304 363.0763448038695 239.601
2759 305.4544395076391 137.513066457306 239.601
2760 315.9823306022569 415.1064767551944 239.601
2761 484.8963459569109 202.5780058617747 239.601
2762 301.1368116980175 383.0579021570925 239.601
2763 169.6628462278446 302.6958742614132 239.601
2764 298.2630411112267 83.14907540878265 239.601
2765 37.19764382969004 464.1162104511286 239.601
2766 37.19876226487947 50.76792559932568 239.601
2767 15.20906735842943 254.2607860604133 239.601
2768 543.4941959922505 480.9371876626282 239.601
2769 541.170429779506 407.6398621314108 239.601
2770 299.5059873780112 49.10692363777281 239.601
2771 517.5608825171064 243.6073090257805 239.601
2772 135.9978283087433 295.017565511098 239.601
2773 258.404136622259 172.5634040403919 239.601
2774 73.31385498465605 273.7884507821776 239.601
2775 413.1795709738129 495.6238728072707 239.601
2776 413.0327966610039 19.25981931386989 239.601
2777 127.3791954058693 258.6576748524884 239.601
2778 305.8915668979967 215.6388499947285 239.601
2779 296.8821403395792 332.1760405523511 239.601
2780 108.1853756013385 284.1093933966364 239.601
2781 460.8201151796166 248.5677901496486 239.601
2782 15.23859810561369 437.0754784063155 239.601
2783 15.23846305675576 77.80906527615555 239.601
2784 246.0067846707316 336.7962539422593 239.601
2785 109.9109270479278 229.8111486599449 239.601
2786 330.6454166492891 238.9690879741281 239.601
2787 167.1788869031221 181.6367538194218 239.601
2788 440.7125423991348 276.4329161540231 239.601
2789 301.3621294315182 476.2995921088241 239.601
2790 541.7389984647027 302.2277209677437 239.601
2791 41.65192796516111 236.9298753255886 239.601
2792 388.7542192765442 186.9982417454908 239.601
2793 398.9489846796372 349.411903672513 239.601
2794 48.47712737947151 149.9718093185957 239.601
2795 159.0571546398154 438.1629585135735 239.601
2796 158.8482227693138 76.06091697820578 239.601
2797 546.1880293301668 493.0085033820321 239.601
2798 539.8891908342056 378.271381248667 239.601
2799 143.8142428184664 496.5209685714691 239.601
2800 143.8412346606915 18.36992422682818 239.601
2801 224.7549885665912 274.6815361652618 239.601
2802 289.7109909606121 108.799568343668 239.601
2803 455.1809140253633 207.0996265101462 239.601
2804 339.2976096281235 81.57113559770913 239.601
2805 271.9637315956421 308.4789134039585 239.601
2806 510.4943731136073 324.2540351246195 239.601
2807 203.8351320783005 388.228326293346 239.601
2808 540.9610353747823 16.49749083976006 239.601
2809 333.0058153746411 468.9958043973726 239.601
2810 323.8013165495942 318.3488226654243 239.601
2811 362.5679299991527 230.6389188938649 239.601
2812 186.0021076159671 85.61092992969292 239.601
2813 330.2441793527004 367.7097351200825 239.601
2814 514.4187400396961 217.0725927474072 239.601
2815 440.3526874197683 393.6921307977904 239.601
2816 56.88062101653032 266.9241323653294 239.601
2817 186.9171595574188 309.6124972207118 239.601
2818 519.1612209650489 135.7041935138213 239.601
2819 41.04327084981528 341.0747980658235 239.601
2820 120.4956805529049 469.62973420068 239.601
2821 120.5063044925021 45.25533118141567 239.601
2822 304.4427951051552 350.8678824340298 239.601
2823 266.4208793914509 103.2962142022648 239.601
2824 386.5250561947322 268.1278756368695 239.601
2825 518.7908136520537 376.9429966804855 239.601
2826 440.4614391339994 121.5570762262384 239.601
2827 357.7276371789459 471.4662961069766 239.601
2828 286.1511606181504 433.9496654224745 239.601
2829 488.9291052351182 47.3634293467647 239.601
2830 393.2644084745361 329.8352871427535 239.601
2831 91.36183168947915 261.8882515733652 239.601
2832 383.0147909155176 114.7338082990737 239.601
2833 489.4015156515995 467.5096418310279 239.601
2834 288.0263700272819 168.9889699921073 239.601
2835 541.9792091400934 77.79667481159611 239.601
2836 358.8252843635043 280.4851771772878 239.601
2837 37.79115254150479 136.1239971267954 239.601
2838 476.0836219425651 498.8180805883335 239.601
2839 276.0485503456158 141.0719256077352 239.601
2840 541.4122500077101 130.1227288392517 239.601
2841 61.42298311688158 474.1969116948433 239.601
2842 61.43005802048714 40.69069020112507 239.601
2843 90.26210242740473 193.1907409975938 239.601
2844 521.1109118614937 278.8230015464048 239.601
2845 114.0135287015923 416.7446967211975 239.601
2846 114.011316478606 98.14144468870212 239.601
2847 131.8626279179212 410.5281913221974 239.601
2848 131.8549791604096 104.3597893368352 239.601
2849 494.7522918005103 296.6616017338355 239.601
2850 541.5077857750018 113.0591797407519 239.601
2851 172.8353161603091 233.3519438384802 239.601
2852 83.34392367801294 15.901096216556 239.601
2853 83.30053517806957 498.9892475759166 239.601
2854 16.96347164215296 352.4866628379153 239.601
2855 476.1914867612828 15.80738054789862 239.601
2856 94.44176765069096 296.0972201251842 239.601
2857 493.3915004856976 500.7376172801716 239.601
2858 423.4711403515408 68.53567058300909 239.601
2859 140.396745768584 230.7767295298265 239.601
2860 326.7569835351596 37.67607362651673 239.601
2861 186.5500487967969 430.0525399119405 239.601
2862 203.3289325665501 214.6286613318669 239.601
2863 275.2518571853348 219.2542049270059 239.601
2864 320.7645307831389 270.3689211977125 239.601
2865 45.24272373229018 397.590870701137 239.601
2866 45.2429863076793 117.2938025235137 239.601
2867 278.698298401296 75.31252833951619 239.601
2868 38.51310726362313 378.1693174936569 239.601
2869 97.80174786173404 218.8413202655694 239.601
2870 15.20090735940767 223.5171645557468 239.601
2871 89.28134657170096 321.6953685470807 239.601
2872 437.4562507010256 227.6092434383504 239.601
2873 432.5933091971555 428.9112198243709 239.601
2874 89.82401268448788 378.2655312915421 239.601
2875 90.00546582530373 136.8043238346319 239.601
2876 386.6910403667122 150.0386648205547 239.601
2877 141.6293048314899 437.0779036357362 239.601
2878 141.6318803265389 77.81404895989837 239.601
2879 262.8957695902553 230.7632685501369 239.601
2880 269.1110899680074 379.4980839681608 239.601
2881 409.5896520058789 318.3327366070662 239.601
2882 145.1752855152527 382.6432733164452 239.601
2883 37.79471863384161 498.9863521379925 239.601
2884 121.3946289017009 322.5042592037535 239.601
2885 40.58802536244773 170.2758759217569 239.601
2886 37.80681083684998 15.89935226732138 239.601
2887 146.0105548293925 132.5388155617774 239.601
2888 246.5464315665542 16.18451555000949 239.601
2889 411.1986114758157 223.293086278338 239.601
2890 246.4949797144718 498.681809906587 239.601
2891 72.80224310170631 378.5570484190679 239.601
2892 72.4672169298139 135.8465159240145 239.601
2893 474.2301591426756 470.3341446130223 239.601
2894 443.4222378722646 482.0411142347273 239.601
2895 480.0613400834923 348.2712212679226 239.601
2896 216.6684872747178 247.2093385701058 239.601
2897 443.6191763035946 33.09609778488116 239.601
2898 350.7827831759864 501.1367596765656 239.601
2899 398.4013385528135 88.84294023959733 239.601
2900 281.5552216654333 55.11604795865785 239.601
2901 398.6976658190612 427.4441296066623 239.601
2902 473.9153907204912 44.57964112181613 239.601
2903 401.4376228533187 199.2911791775293 239.601
2904 221.3044223792993 319.6954542802193 239.601
2905 205.7632148391011 411.7050721781881 239.601
2906 199.7584774226705 297.7009482252116 239.601
2907 40.31938454832958 200.3746197524213 239.601
2908 351.8757371757201 13.78595736297543 239.601
2909 228.6078632942651 176.4563164260318 239.601
2910 242.987881108767 146.9648256308045 239.601
2911 73.84279031166763 164.7112453744483 239.601
2912 511.8841017040549 305.2894208594656 239.601
2913 70.32182002940294 445.8472172971491 239.601
2914 70.31962400161314 69.0393222105405 239.601
2915 282.5321146969552 254.3754110312013 239.601
2916 14.68964876578474 155.6551120543602 239.601
2917 516.0685752807436 359.9597804390457 239.601
2918 251.4964146510987 70.58166924289392 239.601
2919 455.2163600957272 331.1623287127755 239.601
2920 520.5180884860908 45.03805378180421 239.601
2921 108.6876541880425 62.47105282868665 239.601
2922 108.6811041043223 452.4136622959077 239.601
2923 367.5142250653956 125.3214070767813 239.601
2924 300.1630422536356 196.7954569511517 239.601
2925 512.8685774223959 407.4802426723131 239.601
2926 407.4428528107487 379.7667577013042 239.601
2927 74.42973958643756 290.5653655781824 239.601
2928 192.2969749003888 327.1268419285763 239.601
2929 15.15667302368128 291.6643066569836 239.601
2930 295.6089375232454 366.0100217770511 239.601
2931 490.4509536098514 254.0784343300249 239.601
2932 513.5219615250834 108.635183327975 239.601
2933 88.36664964415888 350.1679143959199 239.601
2934 153.0573459318042 362.3101388529118 239.601
2935 520.825274168847 459.1504507411907 239.601
2936 317.6677202178498 384.3796804712403 239.601
2937 466.4996810475019 373.3741460412971 239.601
2938 407.2234605439355 272.9103592015909 239.601
2939 465.2852469613473 141.9997038631704 239.601
2940 493.4649340712398 450.3153197941906 239.601
2941 154.1116648585303 151.000817369525 239.601
2942 479.3964916702143 169.1085394976994 239.601
2943 168.4924857735466 500.794614951841 239.601
2944 218.2081065165255 125.0521551360581 239.601
2945 73.63363889558201 197.1122491636822 239.601
2946 168.5597651952954 14.09213762036166 239.601
2947 523.4304068685262 501.140646403628 239.601
2948 233.698894727079 400.4882818165957 239.601
2949 224.5130360791909 384.2343275197902 239.601
2950 39.93351995389032 311.3968030265725 239.601
2951 368.2403395131062 346.9809781315648 239.601
2952 493.2941617366177 64.47658259330676 239.601
2953 248.4463123627288 227.5619938653315 239.601
2954 135.1373462448557 51.94169321857343 239.601
2955 135.1178314135445 462.9518404111828 239.601
2956 322.3406843340164 351.211884071893 239.601
2957 402.1664909441378 441.9737787679827 239.601
2958 282.4238984524554 463.8574051346748 239.601
2959 308.2146992842406 163.0447812965043 239.601
2960 218.193513676404 77.50899177279194 239.601
2961 225.3604910847531 61.50902355065608 239.601
2962 139.3689309062803 180.3479841758465 239.601
2963 67.64779202058136 217.4630946700472 239.601
2964 403.3946754078277 72.62233960937394 239.601
2965 272.6477062733684 203.0389308839715 239.601
2966 518.7680952072307 15.90088377620196 239.601
2967 199.2581921392992 181.7223295025435 239.601
2968 366.0522882456711 249.0898135790501 239.601
2969 238.8758327683984 320.6828946007269 239.601
2970 490.7337834227125 151.2309522053732 239.601
2971 378.9794518676589 305.5446157001524 239.601
2972 435.717947145479 243.9656590039031 239.601
2973 227.5892384610198 291.364511849926 239.601
2974 90.73771172383402 478.0519169977908 239.601
2975 90.75071910361441 36.83916039676985 239.601
2976 290.7286423546232 224.529298704584 239.601
2977 217.885318295169 437.4294065438902 239.601
2978 236.5350890103555 477.329831444417 239.601
2979 227.9486895554465 452.2313050300517 239.601
2980 236.1578247766687 37.61050215165972 239.601
2981 84.63730340374936 429.7683183367014 239.601
2982 84.63685860476869 85.11670254692727 239.601
2983 215.5942505729799 303.4363571641337 239.601
2984 543.6759582457607 322.3652443886905 239.601
2985 261.3066864775487 154.6300220327992 239.601
2986 311.8553120018838 249.660964269815 239.601
2987 15.22426274119911 400.6585361626333 239.601
2988 14.44546311718392 114.5358713803403 239.601
2989 160.6305751527583 259.0133220303958 239.601
2990 307.3380338673842 66.67586859883939 239.601
2991 544.2779511327632 63.31557465486998 239.601
2992 301.0429856228801 33.35025447990856 239.601
2993 187.6697182849423 254.6771004341026 239.601
2994 355.8699088070014 389.8878754964599 239.601
2995 350.0647568420102 99.49994509108743 239.601
2996 12.19878263923707 451.8683355415194 239.601
2997 12.19875086396851 63.01597710743342 239.601
2998 153.6819905719302 205.2374693661166 239.601
2999 545.3801667640707 443.9288448884044 239.601
3000 372.4443829494712 435.6144071060219 239.601
3001 266.4725566415142 246.7991775640805 239.601
3002 338.2656839764035 132.3232545360975 239.601
3003 427.4746728075197 294.7643653258598 239.601
3004 544.084139077002 222.9105508086816 239.601
3005 467.5435312019914 410.6319889868232 239.601
3006 164.5802997667118 333.7414341063707 239.601
3007 467.6638008411492 104.2520868415887 239.601
3008 523.8244063998379 81.77619092838309 239.601
3009 343.4422273740421 440.4738013740453 239.601
3010 261.4656725090461 411.5888965077115 239.601
3011 55.99362246010338 421.9817118672204 239.601
3012 198.5485634071957 280.0260022215021 239.601
3013 55.99354838455329 92.90425241131676 239.601
3014 437.5510364515046 318.9745313336622 239.601
3015 436.8307301823352 374.6476544228367 239.601
3016 217.1147962696973 499.1819769123409 239.601
3017 541.8564241019086 34.48420726524098 239.601
3018 217.144504934773 15.71334423743144 239.601
3019 437.7590235551306 137.4634829315646 239.601
3020 491.0558378258107 13.82780730866216 239.601
3021 110.747646202712 481.8835816007467 239.601
3022 110.7697281754754 32.99925165092107 239.601
3023 432.272016243064 86.57359771200856 239.601
3024 372.9472805589448 80.10255131836821 239.601
3025 278.619301667172 336.0653806935607 239.601
3026 324.2077263260979 106.8074685592773 239.601
3027 166.5282451242845 475.8309629419171 239.601
3028 166.5641139560229 39.07606701215792 239.601
3029 319.8464364012508 134.6079132106437 239.601
3030 337.2871004857134 167.4678143785538 239.601
3031 501.4009080805158 96.08413665153093 239.601
3032 475.1987943574455 277.2088619602844 239.601
3033 180.2144124132084 191.8247790474509 239.601
3034 426.9972081093438 445.7573029366671 239.601
3035 208.5445055540486 101.6877976060063 239.601
3036 410.8196929770525 247.0333079214869 239.601
3037 469.2947006729594 198.9099252773794 239.601
3038 252.6136672693449 198.9516328946753 239.601
3039 328.6526001052834 451.5035125321409 239.601
3040 394.7304085034833 369.5195833665652 239.601
3041 44.69087153103249 218.1188433811478 239.601
3042 452.0177622235127 59.16611793917189 239.601
3043 42.75689234678888 292.9271246188078 239.601
3044 404.3710317096208 395.0105060047602 239.601
3045 327.265860220036 483.2729899607025 239.601
3046 239.6412774753318 372.9871390942699 239.601
3047 451.8357430007226 456.000221388953 239.601
3048 239.8957129776458 425.4757767275148 239.601
3049 488.992695779519 228.5230453796277 239.601
3050 464.769179507497 317.4963841728491 239.601
3051 501.5686360503839 477.3513417672319 239.601
3052 14.8874574446203 481.7821659866837 239.601
3053 386.1727885092696 252.8780084155285 239.601
3054 14.88749326582095 33.10225068486721 239.601
3055 269.6261630497437 351.1463978729582 239.601
3056 479.0532274734562 76.83821206625667 239.601
3057 64.48880367203172 150.1747263596326 239.601
3058 96.32328750316857 363.3252885607476 239.601
3059 490.9106321921003 123.4596550039597 239.601
3060 500.3001873442688 37.49932912108438 239.601
3061 464.2427727945052 391.1484786836483 239.601
3062 479.2708909671583 438.2583329037458 239.601
3063 543.2833276848954 196.2149014569919 239.601
3064 464.4626742661146 123.8983491506126 239.601
3065 96.17022835788296 151.6954516909319 239.601
3066 32.70674675060965 435.8025962160903 239.601
3067 244.4764111627601 307.3365783589449 239.601
3068 32.706560687733 79.08227530233606 239.601
3069 456.7272665755836 302.2032575509684 239.601
3070 126.0795324854661 223.7016777227746 239.601
3071 490.9619561500272 391.2708358942247 239.601
3072 388.7307385097059 474.4754247474788 239.601
3073 500.5529224504633 419.5062089858749 239.601
3074 388.546133541348 40.39992468016361 239.601
3075 246.9695884268886 449.8770175379223 239.601
3076 246.7657461962519 86.51777838246726 239.601
3077 185.4828455209115 209.6648290617662 239.601
3078 67.28441520537822 14.29668150373715 239.601
3079 101.7149589230494 203.1394818815093 239.601
3080 67.25154554004071 500.5907958509172 239.601
3081 359.3083749368669 151.2255349811007 239.601
3082 522.828676870173 431.8563981831365 239.601
3083 413.110067368783 141.5295789869714 239.601
3084 271.7193694965512 437.6370435143488 239.601
3085 527.014568162816 414.1764931308261 239.601
3086 91.56455077700193 404.5733241904661 239.601
3087 161.6095760332705 102.0592872163918 239.601
3088 91.5615709997879 110.3124225111837 239.601
3089 363.9115389216271 168.3950838031401 239.601
3090 320.420762697699 184.4318875395944 239.601
3091 187.237338305361 239.1760750597703 239.601
3092 65.03283459473019 363.2498423777272 239.601
3093 353.0165282846946 68.90683838831288 239.601
3094 82.82692555548171 223.8920436762939 239.601
3095 114.3161125370409 245.5818628437733 239.601
3096 32.24364519812631 407.4314865488795 239.601
3097 32.06101311065083 107.582110744094 239.601
3098 218.615037264103 483.7816812794843 239.601
3099 320.3614127732625 286.736487198326 239.601
3100 218.6619934388185 31.12041189341039 239.601
3101 508.0800998967055 122.3034493005449 239.601
3102 254.1138769983266 349.9176993820258 239.601
3103 509.2035325853856 392.0615462024492 239.601
3104 465.0995538843723 56.04932846534974 239.601
3105 73.5221687519621 347.449486210605 239.601
3106 190.4990941949338 460.1288818216631 239.601
3107 190.3420172021944 54.43733095307102 239.601
3108 293.8822131798867 288.4095409596808 239.601
3109 425.0503559247857 219.0599933742185 239.601
3110 111.9700666721903 175.4147459461402 239.601
3111 399.7799462519399 500.9914794740615 239.601
3112 465.0492867487482 458.9350487109422 239.601
3113 133.0312603076987 395.1738695307203 239.601
3114 177.3188337809077 376.0196567651897 239.601
3115 134.0456810802224 119.6219159509246 239.601
3116 316.4901169247343 428.7593862316336 239.601
3117 520.9464605448659 150.8476590042102 239.601
3118 519.1159674193999 57.89476486025381 239.601
3119 224.3634280054903 195.4899575641505 239.601
3120 352.7756268852943 417.0804342482558 239.601
3121 399.6469305484139 13.98053906462508 239.601
3122 98.73391172741476 309.9202069600968 239.601
3123 377.5741739118158 279.7918941977219 239.601
3124 135.2321014743491 327.6415015513283 239.601
3125 308.3052025239775 323.3305869882352 239.601
3126 300.5889189306318 460.9586237995472 239.601
3127 299.2485423849459 99.39150131085948 239.601
3128 329.6462716632181 53.39052503044585 239.601
3129 213.4505380373548 169.9685112067539 239.601
3130 88.21217464132697 165.364757124603 239.601
3131 120.7316732519682 292.8561984717007 239.601
3132 191.9213065427632 141.7009549761378 239.601
3133 506.0881747831517 253.1126688146581 239.601
3134 114.4366896301474 270.4238474084752 239.601
3135 387.7395334244055 228.1647987737475 239.601
3136 464.5697119632179 231.7779454415156 239.601
3137 199.2501461867569 443.0046879835739 239.601
3138 199.2150727401237 71.98083055735147 239.601
3139 342.454010166067 395.1063305843246 239.601
3140 111.8455277505892 338.0357655222511 239.601
3141 524.7689977851759 297.1312427062243 239.601
3142 282.1688057760989 13.34307236307865 239.601
3143 174.8389466122504 219.8811721730932 239.601
3144 159.1056426697159 393.0995063811748 239.601
3145 12.20958934401486 326.9292163794421 239.601
3146 217.8960299521302 93.17572618568174 239.601
3147 153.6216209395153 176.8066827135807 239.601
3148 282.0465642457332 501.567022118884 239.601
3149 543.4119300552301 364.0793010436078 239.601
3150 93.21741800190844 459.7416869633822 239.601
3151 71.57422888719545 319.1037955641879 239.601
3152 93.22217868790918 55.14337107765139 239.601
3153 47.50732770511611 474.5524897554553 239.601
3154 47.51263773855705 40.33235251127835 239.601
3155 544.8080404467487 393.5190209793767 239.601
3156 530.2617670830721 508.3283438414119 239.601
3157 96.59417968726046 177.8868386561876 239.601
3158 492.2678080771905 369.6310710674329 239.601
3159 64.27000468325292 393.2822127081818 239.601
3160 96.45065519378944 336.5248902009443 239.601
3161 64.26903307264922 121.6041665428782 239.601
3162 236.6104700895777 106.5955044614456 239.601
3163 12.75424908873457 208.3109856615234 239.601
3164 86.88977609543758 248.4717651517992 239.601
3165 348.1949086723899 201.4994768250716 239.601
3166 269.7859358209645 324.0075493832611 239.601
3167 545.0896613066196 456.1711436196217 239.601
3168 173.2656426316835 126.3768035075203 239.601
3169 164.9063606332882 287.3657086115883 239.601
3170 139.0108728398316 245.6962659763724 239.601
3171 273.5054265612282 404.5410788386523 239.601
3172 546.6375131844447 147.9921096772287 239.601
3173 486.4560894254952 268.6613292147466 239.601
3174 470.0749932412098 484.1217651545232 239.601
3175 379.7953615356447 319.6790445100438 239.601
3176 454.0655734702043 285.6293825800995 239.601
3177 370.9316922782547 141.5526231603051 239.601
3178 12.86049074922083 183.7135181348142 239.601
3179 314.2787001313497 503.159387045434 239.601
3180 12.90855024362946 383.2456781898264 239.601
3181 314.536284259355 11.26686972540594 239.601
3182 332.7481976996633 383.8602737412515 239.601
3183 175.0924949626429 486.6849086637876 239.601
3184 175.1385887091868 28.21390842285977 239.601
3185 491.1693957409514 324.1774007473182 239.601
3186 408.6191703118869 164.7862222763525 239.601
3187 546.7956036105911 287.2788006975345 239.601
3188 502.3532503336126 204.8181469970509 239.601
3189 527.8293548065562 106.5341930859473 239.601
3190 326.2075661231457 89.53366278984056 239.601
3191 197.381101588085 400.8428982121263 239.601
3192 379.5856450056492 164.385883048133 239.601
3193 42.1310467933161 450.485329655536 239.601
3194 42.13116406651666 64.39918358782108 239.601
3195 509.6072478056843 231.0262061959846 239.601
3196 11.48326023096911 365.1676023349724 239.601
3197 276.6884116674205 272.8761823574877 239.601
3198 480.6315441471748 291.9816752424118 239.601
3199 247.1459891238085 133.3102043001901 239.601
3200 425.7765659906064 13.31571108521611 239.601
3201 380.720710714441 63.64552886132385 239.601
3202 296.7763859410714 317.8321044643944 239.601
3203 197.5314584434109 13.92669196555221 239.601
3204 197.4801570401928 500.9663524306344 239.601
3205 174.4878563643591 75.62613606550389 239.601
3206 339.1481619954229 253.3715650698378 239.601
3207 334.4718611035003 265.7318493961237 239.601
3208 389.2301668772723 295.1702072248793 239.601
3209 177.2405002070062 164.2815324019934 239.601
3210 469.8578197473507 30.69687564749405 239.601
3211 122.8611309449088 306.1221904329471 239.601
3212 380.882660675701 451.1823705964791 239.601
3213 316.9940333487843 233.1791916190441 239.601
3214 529.5832433361945 196.1565305529961 239.601
3215 259.4242682046556 503.5639293605204 239.601
3216 156.2027350298974 409.1474555649596 239.601
3217 104.2948276813881 406.3301626893675 239.601
3218 425.8665176731911 501.7553639498685 239.601
3219 104.2910288215462 108.5549623611491 239.601
3220 131.3643631330661 501.8880456339106 239.601
3221 259.4664132012716 11.37348835340709 239.601
3222 131.4028342176719 13.00783318789915 239.601
3223 307.6929050347687 295.3586660372536 239.601
3224 249.5077343598339 397.5046025640448 239.601
3225 176.1861066103274 101.3787814817745 239.601
3226 253.5371915927166 381.758613692938 239.601
3227 544.7415545913219 181.319650217056 239.601
3228 353.215820644273 349.9120483860031 239.601
3229 465.0599016985325 157.1797748566001 239.601
3230 174.7869870002102 438.7829416258152 239.601
3231 546.9609606418445 501.332928684595 239.601
3232 140.4879105782704 197.8883579306662 239.601
3233 421.8348341743661 464.252666129394 239.601
3234 276.4755982065111 113.4632497431619 239.601
3235 440.0889195027055 305.937454593208 239.601
3236 170.066040144393 151.1726987764054 239.601
3237 513.3134591719054 33.62036991087007 239.601
3238 546.3810770108369 338.3868763458248 239.601
3239 10.22766807618878 168.6688965514132 239.601
3240 510.2910527412706 502.7431985023462 239.601
3241 156.1161454850232 12.46280563167194 239.601
3242 156.0810190672006 502.4076099224274 239.601
3243 185.8444412969692 353.6288645521215 239.601
3244 349.2003767061856 175.6929697606671 239.601
3245 376.1515696231114 482.9989761208468 239.601
3246 207.7646715277101 194.0751653638251 239.601
3247 245.8468901512242 180.6210232756357 239.601
3248 420.7240250831089 373.7293281164037 239.601
3249 278.559807953912 155.2079551055427 239.601
3250 306.103302369481 266.6286776569582 239.601
3251 398.7604710271094 138.7020568291069 239.601
3252 100.2629563988375 246.5734655062418 239.601
3253 368.5232096778911 10.19609303224369 239.601
3254 31.29137964022279 226.3453826360713 239.601
3255 466.5874959484463 183.0371103219883 239.601
3256 377.0220713412104 31.34461197506563 239.601
3257 190.8879739250619 486.6989327149113 239.601
3258 450.27745346339 184.2157850482104 239.601
3259 190.9107558020176 28.30603249328647 239.601
3260 444.3440489183184 198.3480994066076 239.601
3261 314.0102073232258 80.88403782207135 239.601
3262 428.7590953621492 113.6032074095686 239.601
3263 279.4635383649178 447.5202781885851 239.601
3264 453.7367666328381 221.8427590628034 239.601
3265 112.384174792251 387.116408125256 239.601
3266 544.7029028958435 257.3313374344296 239.601
3267 112.5307139193517 127.8558646313929 239.601
3268 360.3802618654962 300.9199796644139 239.601
3269 367.7545781501061 504.4826774746129 239.601
3270 370.7425129361988 367.1604768938985 239.601
3271 545.9139059655562 235.4473763648224 239.601
3272 159.9572717429958 124.6572218909419 239.601
3273 383.9986809476043 344.4135274237181 239.601
3274 204.5247942676761 359.4995573507314 239.601
3275 506.7129106155678 368.4382274941538 239.601
3276 101.7796411703908 270.9616825763836 239.601
3277 501.3975851996939 278.1746491077518 239.601
3278 10.30096426493788 239.5294320112297 239.601
3279 428.7469458685728 402.0765031688969 239.601
3280 357.5711112248428 373.4836676884932 239.601
3281 346.7599444929285 363.0464701015025 239.601
3282 51.5124217538755 177.8948715862003 239.601
3283 518.0890871950904 487.4725860163068 239.601
3284 509.32221974624 85.12880814783044 239.601
3285 327.4373074557879 157.3617576081486 239.601
3286 509.4626580775213 171.3067132205464 239.601
3287 365.9612890951619 328.1800969093011 239.601
3288 366.0788441795868 93.97530799161883 239.601
3289 386.19437356503 426.1206235872148 239.601
3290 418.4675248321549 194.1225036461275 239.601
3291 237.5420629883088 267.6129266702906 239.601
3292 241.8431278751078 252.2049714767105 239.601
3293 422.9536736933243 99.96641606366656 239.601
3294 422.8603202459312 416.0064780161695 239.601
3295 507.6620179518417 430.3408139566976 239.601
3296 209.7100475499445 374.1785828835338 239.601
3297 363.5040322076395 36.62864633899058 239.601
3298 489.3279068076209 178.8274197561144 239.601
3299 183.1442263123412 114.8714825909468 239.601
3300 217.1964333015841 262.8676352973371 239.601
3301 381.1634195743037 377.256352302687 239.601
3302 122.7835300313505 440.5864531318176 239.601
3303 122.7877216236841 74.29716560089358 239.601
3304 285.6239964461337 377.665893153815 239.601
3305 294.3104359958218 242.2066408067506 239.601
3306 356.931076477007 443.0726561277714 239.601
3307 340.8113921005429 46.46188278885167 239.601
3308 222.6610952686461 216.343329022702 239.601
3309 98.80199613144423 505.1586662745478 239.601
3310 98.87208064543914 9.72605134713573 239.601
3311 366.714312660793 404.2439906611517 239.601
3312 526.1240665618225 351.2692046248177 239.601
3313 273.3167077021751 178.665208016529 239.601
3314 372.0236532972776 192.4327542612028 239.601
3315 134.1910238154999 449.3384560147474 239.601
3316 409.397715878961 98.32880565127363 239.601
3317 409.5013016250536 418.4529450052086 239.601
3318 134.2049734521697 65.55283589439654 239.601
3319 512.7481377914554 266.1836035504259 239.601
3320 389.3999900568655 401.2614235695847 239.601
3321 211.1472692345203 273.3350204805046 239.601
3322 429.1391246010464 204.3773770559573 239.601
3323 52.21057023162196 191.2042857016781 239.601
3324 293.276243091215 133.9788286350127 239.601
3325 423.363894976535 181.5264619858899 239.601
3326 12.30616073211704 128.3383351812552 239.601
3327 256.913530034679 462.2424661940617 239.601
3328 312.5799868101678 38.80398303435764 239.601
3329 29.61260025564869 325.6524389655457 239.601
3330 257.6701870333736 53.16788068543101 239.601
3331 340.4179837335161 302.94082539891 239.601
3332 421.3369605210037 50.75218230929875 239.601
3333 181.3629785364302 403.5737939564037 239.601
3334 46.6324808884054 410.9114465215942 239.601
3335 46.80237551303775 104.1471219195155 239.601
3336 240.3947543924357 295.4454090369342 239.601
3337 439.1036218965305 357.386917044373 239.601
3338 12.24883348040352 305.7117196535233 239.601
3339 317.3973876563486 476.204967584713 239.601
3340 299.3068927047473 413.6728633787032 239.601
3341 415.3193984154518 155.3994219034465 239.601
3342 442.0738756653263 329.1235858033615 239.601
3343 317.6413365153567 402.4905022583998 239.601
3344 29.26628254934909 286.930748157981 239.601
3345 134.2465977658156 164.6980191065549 239.601
3346 144.6774246141521 304.1762482637854 239.601
3347 289.3470540470647 421.5030503095508 239.601
3348 111.4650992551087 313.2750735976926 239.601
3349 433.5111671630986 264.4155194556554 239.601
3350 199.5531741233135 229.9344256008106 239.601
3351 342.881954114339 427.6763757444812 239.601
3352 172.9849019173569 390.2937970135829 239.601
3353 52.23241862870992 332.6836144679024 239.601
3354 120.0685443289657 371.1336906961383 239.601
3355 113.1827070158378 198.6659582889799 239.601
3356 109.3954350595633 362.8764720087252 239.601
3357 154.3062885078074 345.6290061878643 239.601
3358 531.3905502670277 174.6645375276854 239.601
3359 10.28912259655475 504.6841519742577 239.601
3360 10.28961171362527 10.19483041427933 239.601
3361 448.7872585399103 246.1428874433065 239.601
3362 271.560735347383 127.8849917905942 239.601
3363 529.8401396812766 12.32040758875289 239.601
3364 108.1370335086745 153.0810228153838 239.601
3365 164.5558649550018 196.0318377908223 239.601
3366 548.7053233598408 8.477081849594329 239.601
3367 26.96511290330426 9.083339434459058 239.601
3368 26.94599896529476 505.8057592990979 239.601
3369 175.2890774946173 261.8626583869637 239.601
3370 468.525861250839 358.2407962827767 239.601
3371 166.9787137499212 362.9726447454894 239.601
3372 337.3812701863245 109.9059063666761 239.601
3373 29.68724238222778 185.146480791733 239.601
3374 178.2579176526588 139.3230620665471 239.601
3375 145.5610225585102 484.4829889960842 239.601
3376 145.5883549312797 30.41203732055954 239.601
3377 54.27322167044961 319.6032909260819 239.601
3378 529.8420109200789 479.6683664508908 239.601
3379 4.786994136048271 4.739597855844744 0
3380 564.227872774369 13.43971540150187 237.424912110081
3381 564.2399707321391 501.5501613157022 237.4152667769948
3382 568 145.015603328702 84.60100000000001
3383 568 365.1453236080641 82.15206034962128
3384 568 257.4999999999908 113.9893269443355
3385 568 217.1376689661275 35.5639054230634
3386 568 307.3920598320384 24.3961602335837
3387 568 84.41516412354166 145.0176666670196
3388 568 83.62207478304484 23.09600911040658
3389 568 430.584835876548 145.0176666670197
3390 568 432.4918931553167 23.23950570467668
3391 568 187.7348091824061 151.054681916433
3392 568 325.5239083743742 150.3754702168605
3393 568 152.0777458510879 7.4731383609308
3394 568 366.6320595113889 5.183043952312881
3395 568 64.0456886895481 83.77383321148699
3396 568 450.9543113104729 83.77383321147984
3397 568 314.0139946490118 87.54069185636691
3398 568 202.3553696746285 88.8262892359739
3399 568 242.1903692451544 167.0160844686328
3400 568 133.3594307723011 172.3920584875184
3401 568 382.9619631061395 172.2977856522106
3402 568 261.5682144709682 -5.943328412563564
3403 568 265.1690098733692 62.12910296158137
3404 568 49.48939985219025 -10.89779339418816
3405 568 47.69971089455122 181.4037309602842
3406 568 469.4347924198814 -9.968724571901019
3407 568 467.3002891054758 181.4037309603094
3408 568 196.3755994513242 -11.86793405419074
3409 568 289.998084381465 181.6039854970931
3410 568 111.750881123793 -14.38837147556484
3411 568 176.2033575756051 49.71704067575418
3412 568 127.3383707028635 127.4707163106203
3413 568 387.6616292973105 127.4707163105042
3414 568 326.7370767812064 -15.15211979808924
3415 568 408.538478699936 -15.64794119486948
3416 568 345.827386654114 43.8389590139702
3417 568 101.4658878146722 60.02597164143835
3418 568 413.4338585808647 60.89131383220429
3419 568 45.80249467839025 122.1330789492569
3420 568 41.3901530302449 45.45605821082027
3421 568 469.1975053216349 122.1330789492339
3422 568 473.60984696978 45.45605821084389
3423 568 95.42582160984534 191.2200226645101
3424 568 419.5741783901668 191.2200226645105
3425 568 207.4844718635352 192.2832209986702
3426 568 343.144749460988 190.3195307484733
3427 568 339.3309725134711 111.7122188963699
3428 568 298.2769980575483 122.375161517492
3429 568 172.8698206715751 115.8392395870746
3430 568 219.7807546389902 127.0437181626105
3431 568 139.9181654890391 47.32821846788661
3432 568 97.30859474918671 102.4967008063354
3433 568 417.6914052508735 102.4967008062315
3434 568 167.5803757826249 191.9293979393748
3435 568 385.2253186992178 37.1287901521107
3436 568 291.6519651691515 -24.24945139206222
3437 568 159.4047619041243 -26.32303115244878
3438 568 230.6412143752399 -26.24680170305758
3439 568 272.4237832777566 150.2536906259423
3440 568 271.1426945644006 27.30025207935572
3441 568 238.4262185117139 85.32384938106972
3442 568 75.82649622255856 -22.11278996396072
3443 568 359.1117374372929 -27.29549345371133
3444 568 31.91397439372799 75.13450320244617
3445 568 483.0860256062828 75.13450320247608
3446 568 116.4083559575191 25.65364677551878
3447 568 152.9227373905186 151.0402927848764
3448 568 359.6254630052729 146.7851679938148
3449 568 265.8992394422235 198.4047097721906
3450 568 293.3654377353772 55.92379419423455
3451 568 182.8942875572944 17.91953246634718
3452 568 434.6172715363047 -25.7569117543988
3453 568 273.7068086153876 86.41612293735179
3454 568 75.45203296268777 59.37466596740099
3455 568 439.4005927519715 59.52287285533939
3456 568 31.52026410455793 154.0205620464926
3457 568 483.4797358954344 154.020562046482
3458 568 32.065075326772 12.85265706001845
3459 568 483.2686144922789 12.9316595108966
3460 568 336.9213384446791 14.50492448103086
3461 568 336.168241923735 77.16049317122513
3462 568 400.0435295458369 13.75526507518995
3463 568 218.1608379563923 59.14540846038584
3464 568 174.808750622895 79.43110330694266
3465 568 313.1722540614698 197.2595037312055
3466 568 215.1065188954134 152.7377117003789
3467 568 120.8981912574104 198.6175115695252
3468 568 389.5347095740763 193.4085694722875
3469 568 232.4054893598923 4.332227717200735
3470 568 228.4297004375325 205.5272001230347
3471 568 112.7513585107064 152.8099023013747
3472 568 402.1725160227947 153.2469775509732
3473 568 244.8565059609387 140.7213906712969
3474 568 72.7683687272305 118.0214301140239
3475 568 442.2316312727954 118.0214301139853
3476 568 32.48513570010359 -28.40151562430557
3477 568 483.6112560309678 -28.29104199113829
3478 568 28.81561004657089 200.7193253433061
3479 568 486.1843899534551 200.7193253432966
3480 568 70.72895878625609 199.5725777640039
3481 568 444.2710412136961 199.572577764059
3482 568 255.7727832662387 -34.16548082186386
3483 568 287.5472463692137 3.972170998982344
3484 568 27.30592782044721 102.7199143622353
3485 568 487.6940721795853 102.7199143622303
3486 568 134.9697781092079 -36.39566071278847
3487 568 379.7847397395759 -34.5663066864093
3488 568 250.7294980387223 40.22119728410684
3489 568 302.358446226356 158.3513340528659
3490 568 366.7908649290145 202.6670941321309
3491 568 58.80691056404166 14.75233714430955
3492 568 57.2997928618562 155.3431946585708
3493 568 454.9664292260039 10.51653246039277
3494 568 457.7002071381676 155.3431946585803
3495 568 180.6698260327956 -35.51005624243681
3496 568 329.4706024948787 54.83404221634663
3497 568 431.679634360907 -2.438858799269309
3498 568 124.3076079511275 101.1415459716257
3499 568 390.6923920489406 101.1415459715051
3500 568 89.38840981814238 -4.6667506616036
3501 568 364.1258788951549 111.282581412721
3502 568 410.487434744123 34.4122955361471
3503 568 57.57701814458677 -39.27747655404183
3504 568 146.2250026661285 109.2444184218874
3505 568 370.5830506740427 53.9351911115528
3506 568 316.9353827814246 174.306213860601
3507 568 145.3324527712435 199.5502780065125
3508 568 102.2516259396281 127.3764000385094
3509 568 412.7483740605484 127.376400038418
3510 568 102.9842308348555 38.24723649100496
3511 568 288.5971629463929 208.0351336284073
3512 568 200.2796329658607 110.8873614760713
3513 568 138.9556481386232 -12.92523481469453
3514 568 169.7699771945823 165.270770316747
3515 568 456.6536091271627 -36.19033430688144
3516 568 313.0920497335458 -32.54517411214293
3517 568 186.6398023542013 205.4847025085969
3518 568 172.5414731281056 -5.415450116491062
3519 568 210.638822057883 -35.52749863945716
3520 568 155.1521526916906 62.2799354995966
3521 568 196.5421565406822 65.73689006381424
3522 568 20.64949928286534 174.3359614621307
3523 568 494.3505007171417 174.3359614621272
3524 568 21.14266815327312 -8.426719770872808
3525 568 493.7208808009127 -8.115095916606869
3526 568 73.78050905879324 173.7034197137538
3527 568 441.2194909412386 173.7034197137908
3528 568 317.2436417282744 107.8417732647936
3529 568 158.3908739383994 33.3086563317415
3530 568 210.9178213923467 13.7737789389109
3531 568 108.393475041825 -39.08247268976369
3532 568 17.51970926845558 53.15647449879279
3533 568 497.4802907315512 53.15647449880149
3534 568 264.9407537064374 172.4970832156946
3535 568 127.9424506573869 70.14833856267175
3536 568 87.38621405508309 81.31764288094232
3537 568 427.6137859449714 81.31764288084541
3538 568 311.192226489017 2.709489293707576
3539 568 359.327849487634 166.366972507215
3540 568 337.6175548652797 -36.15437679128613
3541 568 364.5831216007625 28.92627399747865
3542 568 196.6149583514744 37.99243600872128
3543 568 219.806208440709 101.4836228448771
3544 568 385.6081529131997 -8.189330930325431
3545 568 418.6159048372751 -38.19688250751525
3546 568 23.52887848174725 129.7678748023682
3547 568 491.4711215182568 129.7678748023591
3548 568 348.6392105337366 -8.768949788080494
3549 568 388.9555274287137 71.43443721512024
3550 568 50.16632548612976 102.9313721899385
3551 568 464.8336745139137 102.9313721899081
3552 568 52.78834631590081 64.88172259592682
3553 568 462.2027023791351 64.89072447203041
3554 568 251.8280065032189 12.2244340412587
3555 568 274.9269048876308 128.0206316984703
3556 568 89.40808978923415 211.6211355385034
3557 568 425.5919102105468 211.6211355385165
3558 568 330.9031264247832 211.7607530668149
3559 568 325.5704815706441 36.28707837005845
3560 568 95.85218740614367 167.7531637250071
3561 568 419.132587500593 167.840578774938
3562 568 207.8917473116295 212.4994247260604
3563 568 192.7330232427052 175.4502420367988
3564 568 322.5788428785279 127.2162606663761
3565 568 239.8494685315367 63.97022877825283
3566 568 112.0090224302958 176.4031819006699
3567 568 402.6751909187541 175.6027868229839
3568 568 295.5747432260696 98.17927359218555
3569 568 63.82561837146093 36.62761767140837
3570 568 451.2126843477666 37.30149646469594
3571 568 171.8665603596911 139.4803892741687
3572 568 48.80697745540454 208.2423355849446
3573 568 466.1930225446495 208.2423355849657
3574 568 277.9431619171306 -40.65064576761256
3575 568 108.3759841135168 83.66206427143429
3576 568 407.6773938508728 83.4563281411813
3577 568 133.4198954765357 147.8669658192028
3578 568 379.1545761068504 148.6465804145906
3579 568 348.1456577378754 94.93573830105991
3580 568 222.2834121019541 177.3024937637878
3581 568 198.1623505676105 133.3327599474065
3582 568 136.8689751772552 24.89845035716126
3583 568 257.2074368606551 94.88067960559388
3584 568 218.7834903862151 -10.28033875475341
3585 568 162.7864955985423 96.410435761367
3586 568 330.9805017104736 95.8381830979631
3587 568 69.10275296613685 -2.364005714081482
3588 568 345.9032581558764 132.2265934370064
3589 568 237.9054137756075 115.1538758602079
3590 568 275.5463616790809 45.12076247733349
3591 568 337.5224039487733 167.6102607486089
3592 568 61.49361856691798 135.3954213068288
3593 568 453.5063814331047 135.3954213068349
3594 568 76.03714503849832 98.22660856527362
3595 568 438.9628549615071 98.22660856522761
3596 568 380.9587619303817 16.3910732563651
3597 568 183.8809136561712 97.78631001983159
3598 568 232.9761904750968 -44.91144611795833
3599 568 163.6724309432636 211.2332756908968
3600 568 291.8042039114933 76.32245461305789
3601 568 19.25623272591687 29.62677251865644
3602 568 495.7582443070512 29.63020001635332
3603 568 272.9326889144332 -21.1463431879388
3604 568 85.33576891355406 -42.20651595234733
3605 568 153.6330687409999 176.8296455403386
3606 568 276.198815274547 107.3101993825715
3607 568 14.72976601514765 145.0176666670197
3608 568 500.2702339848514 145.0176666670197
3609 568 159.4047619041243 -45.56717894403372
3610 568 307.4727089739788 139.7876102742103
3611 568 383.1615490644214 213.8896580313232
3612 568 120.5587232421046 46.10533789414548
3613 568 108.1389669076946 213.679774653153
3614 568 404.5246769206429 211.5568976177729
3615 568 395.6275003180652 53.36538934424946
3616 568 242.5469262184095 -11.45702243001953
3617 568 357.5409016462164 -43.76283538628135
3618 568 249.3286906953423 210.9135141257952
3619 568 104.2326605609113 11.48097128530593
3620 568 367.8406842206161 132.4023606649257
3621 568 255.2069525515562 156.8342125828017
3622 568 289.2699428255115 142.2784679296754
3623 568 150.7737312112188 131.823670366305
3624 568 306.0441129084269 -13.05301700192089
3625 568 13.17554589130297 72.55609926191023
3626 568 501.8244541087022 72.55609926191579
3627 568 220.1401072405537 79.09257108754107
3628 568 245.5120276047741 188.6101809115226
3629 568 350.4058434007439 212.7898755894838
3630 568 448.3613212637871 -12.50121478496142
3631 568 289.6773557260411 32.91283101916113
3632 568 296.9565415005887 -42.5720837773213
3633 568 428.8335645989767 42.80230710264512
3634 568 231.9940114770493 44.14705546312002
3635 568 307.2259658965071 215.8769093158738
3636 568 283.8540280750412 163.5408979326699
3637 568 308.24102042751 43.86130590536083
3638 568 155.7449072554852 -9.297644430675893
3639 568 16.12865882121414 -44.3917684587026
3640 568 497.4142223634318 -42.82196175748066
3641 568 14.05901932185851 212.2705993706502
3642 568 500.9409806781177 212.2705993706679
3643 568 125.1517967672215 5.292659335908835
3644 568 401.033152477023 -43.5548050098963
3645 568 270.3106389776715 9.28317468093951
3646 568 44.33320602869216 140.3177049921491
3647 568 470.6667939713117 140.3177049921382
3648 568 44.75152194369358 26.79572057503852
3649 568 469.6563032463171 26.42009840938094
3650 568 419.1856986031628 10.38147198187242
3651 568 368.2072362771606 -13.80101614115934
3652 568 36.7857142855886 -47.46139522027824
3653 568 478.3723568500531 -46.98213459727494
3654 568 46.14702064051139 85.67959610032861
3655 568 468.8529793594902 85.67959610031019
3656 568 12.81639804057287 -24.14900000008653
3657 568 12.81639804053521 193.3510000001513
3658 568 502.1836019594438 -24.14900000008653
3659 568 502.1836019594817 193.3510000001513
3660 568 311.2681013844516 66.45625751005922
3661 568 85.75228219554086 42.98013926729043
3662 568 94.1390062239746 -24.49138014864803
3663 568 433.6440237666491 -44.1884257137591
3664 568 254.8717884785325 78.54399673276991
3665 568 366.898875052857 184.5361411126544
3666 568 130.9946175575983 214.1372750184858
3667 568 232.9565115570571 24.12684387561422
3668 568 351.1132620693317 62.39873330727054
3669 568 345.0232223403153 153.1381508879897
3670 568 15.72795389446405 89.19968506450084
3671 568 499.2720461055447 89.19968506449618
3672 566.2089852338671 13.47290829813334 -66.10974088277061
3673 566.2089846666532 501.5270917021044 -66.10974169812033
3674 279.0000000011262 257.5 -70.399
3675 399.8365664567725 155.1114652299326 -70.399
3676 398.8816983300177 358.1122737771219 -70.399
3677 159.1183016711583 156.8877262234328 -70.399
3678 158.1634335445921 359.8885347694281 -70.399
3679 279.9365576327521 124.8619188232564 -70.399
3680 281.4042175682902 387.4851458419702 -70.399
3681 447.3134129322317 257.5400666345215 -70.399
3682 110.6865870678664 257.4599333654635 -70.399
3683 91.0763575318735 418.1338386054872 -70.399
3684 466.9236424686461 96.86616139403833 -70.399
3685 91.07635753185718 96.86616139454046 -70.399
3686 466.9236424686585 418.1338386059407 -70.399
3687 195.5535304228414 279.7614436361719 -70.399
3688 362.4464695785601 235.2385563631663 -70.399
3689 201.6920501734123 431.0505763895192 -70.399
3690 354.4746078965479 85.4212383810713 -70.399
3691 203.4984973199708 84.9159266110516 -70.399
3692 354.4103653662348 426.9076129030768 -70.399
3693 231.1183039903448 196.3646255030908 -70.399
3694 326.88169601126 318.63537449707 -70.399
3695 80.07896756737924 333.4040631207619 -70.399
3696 477.9210324329694 181.5959368796696 -70.399
3697 81.42747887770906 180.6066790773253 -70.399
3698 476.5725211225664 334.393320922637 -70.399
3699 252.4723139192003 322.0477672215383 -70.399
3700 305.5276860822281 192.9522327787457 -70.399
3701 392.698459553874 295.8410826007267 -70.399
3702 165.3015404461036 219.1589173996317 -70.399
3703 294.7641028592996 63.39251313456552 -70.399
3704 294.7641028592999 451.6074868654346 -70.399
3705 146.0632684033473 453.1195467238739 -70.399
3706 411.936731597719 61.88045327564888 -70.399
3707 146.063268403321 61.88045327614395 -70.399
3708 411.9367315977393 453.1195467243374 -70.399
3709 342.317121193428 143.2587730298451 -70.399
3710 215.6828788074014 371.7412269698708 -70.399
3711 57.83046754082731 281.8710512468266 -70.399
3712 500.1695324594666 233.1289487537113 -70.399
3713 138.8907278331725 300.887521296065 -70.399
3714 419.1092721681002 214.1124787032542 -70.399
3715 335.8848106847178 383.2244204151247 -70.399
3716 226.3237976965338 133.0048925091775 -70.399
3717 509.7254115281983 130.117840611196 -70.399
3718 48.27458847196809 384.8821593887601 -70.399
3719 503.4799339442313 382.0023178972808 -70.399
3720 54.52006605571616 132.997682102551 -70.399
3721 59.60465166000107 463.6748246614176 -70.399
3722 498.3953483404058 51.32517533838173 -70.399
3723 59.60465165998501 51.32517533858073 -70.399
3724 498.3953483404176 463.6748246616195 -70.399
3725 53.42886404903943 227.365217849839 -70.399
3726 504.5711359514074 287.6347821502211 -70.399
3727 244.611794240075 462.8150984903801 -70.399
3728 244.6117942400754 52.18490150962049 -70.399
3729 327.8389775737409 272.6781268110876 -70.399
3730 230.1610224286136 242.3218731888515 -70.399
3731 448.0563569260127 139.9745512597343 -70.399
3732 109.9436430751429 375.0254487400537 -70.399
3733 445.3363328429683 373.4841642766137 -70.399
3734 112.6636671582379 141.5158357235745 -70.399
3735 394.7397736036532 102.2400056082724 -70.399
3736 397.2467170368038 406.6262573726585 -70.399
3737 163.2602263978078 412.7599943913009 -70.399
3738 160.7532829647368 108.3737426277803 -70.399
3739 195.029310361487 329.5206402528809 -70.399
3740 362.9706896397947 185.4793597461599 -70.399
3741 429.6696862060306 324.5522091646473 -70.399
3742 128.3303137942876 190.4477908353243 -70.399
3743 456.0507216000714 46.46998714521491 -70.399
3744 101.9492784007714 468.5300128545322 -70.399
3745 456.0507216000971 468.5300128547758 -70.399
3746 101.949278400738 46.46998714547991 -70.399
3747 335.3117039701186 44.51534352364443 -70.399
3748 335.3117039701193 470.4846564763556 -70.399
3749 185.3980968733139 475.5555641887256 -70.399
3750 185.3980968732951 39.44443581127658 -70.399
3751 287.3534086975097 300.4407420212543 -70.399
3752 270.6465913043222 214.5592579790158 -70.399
3753 289.5633646005743 346.4818515897763 -70.399
3754 268.4366354009346 168.5181484101544 -70.399
3755 241.6123632131332 416.8255858547826 -70.399
3756 243.3069584147865 98.85547566731945 -70.399
3757 315.6985943570579 100.8604995590156 -70.399
3758 190.0311158458502 185.9246497140904 -70.399
3759 367.9688841552995 329.075350286797 -70.399
3760 315.8062802837973 234.6998779870291 -70.399
3761 242.1937197183082 280.3001220129674 -70.399
3762 399.8431084607743 250.7836748282647 -70.399
3763 158.1568915400327 264.2163251714592 -70.399
3764 376.9336958325383 38.82751586287574 -70.399
3765 376.9336958325479 476.1724841371176 -70.399
3766 519.5634782975162 96.14613653091662 -70.399
3767 38.43652170252405 418.8538634690312 -70.399
3768 519.5634782975251 418.8538634690101 -70.399
3769 38.43652170251137 96.14613653106176 -70.399
3770 39.16843014874485 316.5190148799288 -70.399
3771 518.8315698513187 198.480985120666 -70.399
3772 313.4508834263355 415.8730179010152 -70.399
3773 101.8579077891104 297.9460187440172 -70.399
3774 456.1420922118594 217.0539812562061 -70.399
3775 42.68147611171884 186.4572610918539 -70.399
3776 515.3185238884876 328.542738908182 -70.399
3777 94.98496110642213 220.0164590477063 -70.399
3778 463.0150388935322 294.9835409522188 -70.399
3779 121.4534618349639 335.2069588623776 -70.399
3780 436.5465381659857 179.7930411371835 -70.399
3781 253.1682446613862 363.3325695442201 -70.399
3782 305.0226961808351 151.5239733068304 -70.399
3783 187.4166734878952 134.4765692423962 -70.399
3784 370.5833265139623 380.5234307583439 -70.399
3785 200.880971506565 220.7563669558767 -70.399
3786 357.1190284935495 294.2436330460886 -70.399
3787 127.902906806538 422.7185333852202 -70.399
3788 127.9029068065101 92.28146661481352 -70.399
3789 430.097093194391 92.28146661400925 -70.399
3790 430.0970931944125 422.7185333859651 -70.399
3791 272.4723077327884 482.7153113181134 -70.399
3792 272.4723077327886 32.28468868188664 -70.399
3793 427.2039782574964 284.601552375676 -70.399
3794 130.7960217424173 230.3984476244417 -70.399
3795 523.9862900081835 161.854299631525 -70.399
3796 34.01370999157718 353.1457003689636 -70.399
3797 32.90881331440261 255.4001003934644 -70.399
3798 525.0911866858251 259.5998996066415 -70.399
3799 481.4666096215522 263.2107099117679 -70.399
3800 76.53339037841951 251.7892900887163 -70.399
3801 364.4621757457092 117.4398468035598 -70.399
3802 193.5378242557012 397.5601531963641 -70.399
3803 336.683201160081 207.9421932283923 -70.399
3804 221.3167988412388 307.0578067707019 -70.399
3805 128.9119918480594 488.6990551961092 -70.399
3806 426.1305789647688 31.66617907027841 -70.399
3807 128.911991848038 26.30094480390079 -70.399
3808 426.1305789647898 483.333820929711 -70.399
3809 278.6409067036737 422.9653207696788 -70.399
3810 278.6409067036741 92.03467923032142 -70.399
3811 217.4797302598388 482.2577152881078 -70.399
3812 217.4797302598234 32.74228471189952 -70.399
3813 373.3684979316616 266.436086308466 -70.399
3814 184.6315020683762 248.5639136919345 -70.399
3815 309.3883370864867 32.06670395904771 -70.399
3816 310.4029632503008 482.4781644512005 -70.399
3817 33.11641038923644 484.9289364651614 -70.399
3818 33.11641038923326 30.07106353482511 -70.399
3819 524.8835896108766 30.07106353471937 -70.399
3820 524.8835896108784 484.9289364652913 -70.399
3821 331.8803886649291 174.4091409914275 -70.399
3822 226.1196113360469 340.590859008204 -70.399
3823 212.024174930021 165.6386247201153 -70.399
3824 345.9758250710898 349.3613752799511 -70.399
3825 172.4955560274754 435.9037170343051 -70.399
3826 386.9431411221079 79.19291658720854 -70.399
3827 172.4955560274709 79.09628296568886 -70.399
3828 387.6863544926537 435.1145566509876 -70.399
3829 175.5127652745409 298.5671300336169 -70.399
3830 382.4872347268172 216.432869965411 -70.399
3831 151.2528657402791 190.5356474736685 -70.399
3832 406.7471342603175 324.4643525267163 -70.399
3833 416.37755747994 134.6582925491334 -70.399
3834 141.6224425214006 380.3417074505128 -70.399
3835 414.2374115410491 387.8251245008528 -70.399
3836 143.7625884604185 127.1748754994506 -70.399
3837 30.56293452503278 161.0955092980883 -70.399
3838 527.437065474969 353.9044907019928 -70.399
3839 82.93773226842799 397.4484089868544 -70.399
3840 475.0622677320942 117.5515910126316 -70.399
3841 82.93773226845659 117.5515910131742 -70.399
3842 475.0622677320721 397.4484089873463 -70.399
3843 73.30926671898681 485.5585998790332 -70.399
3844 484.690733281557 29.44140012077693 -70.399
3845 73.30926671898581 29.44140012095423 -70.399
3846 484.6907332815576 485.5585998792328 -70.399
3847 369.5737538474185 157.4581784314145 -70.399
3848 188.4262461537376 357.5418215676264 -70.399
3849 320.640620526522 72.39799414027054 -70.399
3850 236.6962707160325 386.4145859340872 -70.399
3851 303.3481385516236 372.3677046780309 -70.399
3852 249.7364515131713 145.0312029283444 -70.399
3853 482.4754726003243 156.674412387553 -70.399
3854 477.6256189981309 358.1612143988858 -70.399
3855 75.52452739991158 358.3255876121162 -70.399
3856 80.37438100236636 156.8387856014222 -70.399
3857 434.4206498327935 348.0713359719053 -70.399
3858 123.5793501681202 166.9286640283203 -70.399
3859 165.1483017941907 485.6655959128927 -70.399
3860 165.1483017941689 29.33440408710744 -70.399
3861 31.94296135663971 292.3923593506399 -70.399
3862 526.0570386435163 222.6076406498782 -70.399
3863 158.8948145858209 328.4682581410722 -70.399
3864 399.1051854157742 186.5317418582385 -70.399
3865 73.76745345319725 304.2548668821419 -70.399
3866 484.232546547439 210.7451331181935 -70.399
3867 26.81536331939392 210.8510698771095 -70.399
3868 531.1846366807746 304.148930123086 -70.399
3869 320.2847954387329 442.6985854479165 -70.399
3870 80.30092501044911 449.3018718137986 -70.399
3871 477.6990749900855 65.69812818597072 -70.399
3872 80.30092501044048 65.69812818621887 -70.399
3873 477.6990749900922 449.3018718140157 -70.399
3874 33.62705671042195 446.0832598462835 -70.399
3875 524.3729432897081 68.91674015362965 -70.399
3876 524.3729432897392 446.0832598462606 -70.399
3877 33.62705671038007 68.91674015385841 -70.399
3878 529.1834725841592 119.6319350055323 -70.399
3879 28.81652741577712 395.3680649945335 -70.399
3880 529.1834725841608 395.3680649943149 -70.399
3881 28.81652741577274 119.6319350056631 -70.399
3882 354.034130699053 398.2854486369285 -70.399
3883 204.9691567818894 115.5212683222748 -70.399
3884 131.9962637393765 275.7798963159651 -70.399
3885 426.0037362614754 239.2201036837088 -70.399
3886 219.2494944874392 454.8897261782898 -70.399
3887 217.3532816907677 60.66853121941985 -70.399
3888 220.3463318769281 268.3709165786153 -70.399
3889 337.6536681250149 246.6290834213995 -70.399
3890 300.409597016293 274.0094559823343 -70.399
3891 257.5904029860137 240.9905440177218 -70.399
3892 242.4615909714961 217.3441177760617 -70.399
3893 315.5384090310004 297.6558822238171 -70.399
3894 321.0215210651893 128.8380689363945 -70.399
3895 267.3229418400617 448.195512216352 -70.399
3896 267.3229418400617 66.80448778364847 -70.399
3897 221.8789547705297 406.8190375028785 -70.399
3898 401.9429723452205 20.6259624344164 -70.399
3899 401.9429723452269 494.3740375655777 -70.399
3900 177.9797962562472 380.009450314992 -70.399
3901 380.0202037449877 134.990549684473 -70.399
3902 237.3960920703712 171.9165908755552 -70.399
3903 319.9017065114135 343.4261102111966 -70.399
3904 60.735339861284 201.0084490616215 -70.399
3905 497.2646601393376 313.9915509382807 -70.399
3906 119.4073122201128 447.6597965964492 -70.399
3907 119.4073122200776 67.34020340357849 -70.399
3908 438.5926877807158 67.34020340294987 -70.399
3909 438.5926877807425 447.6597965970293 -70.399
3910 84.24589281956035 280.8295042466112 -70.399
3911 473.7541071808709 234.1704957538459 -70.399
3912 448.5337356344321 113.4170571807946 -70.399
3913 448.4057907568294 401.7651448778836 -70.399
3914 109.4662643663057 401.5829428188221 -70.399
3915 109.5942092437946 113.2348551224504 -70.399
3916 354.075406669989 25.12519361848047 -70.399
3917 354.0754066700003 489.8748063815124 -70.399
3918 249.2239301200239 489.115424969114 -70.399
3919 249.2239301200242 25.88457503088574 -70.399
3920 100.2161666139345 161.0670353586042 -70.399
3921 457.783833386741 353.9329646417255 -70.399
3922 66.4295433418648 414.2254549568459 -70.399
3923 66.4295433418561 100.7745450432117 -70.399
3924 491.570456658426 100.7745450427622 -70.399
3925 491.5704566584322 414.2254549571929 -70.399
3926 358.6116026271593 57.50474661461296 -70.399
3927 358.5956255145228 457.4972469736373 -70.399
3928 183.7972223734011 160.5657746047482 -70.399
3929 374.2027776278424 354.434225396048 -70.399
3930 334.7335687266208 110.0456010054966 -70.399
3931 287.4522772998668 233.9254239069039 -70.399
3932 270.5477227022875 281.0745760930101 -70.399
3933 255.3863513028562 193.6713201973384 -70.399
3934 302.4966151289003 321.3857966506518 -70.399
3935 500.5275381971488 356.0849117908956 -70.399
3936 57.47246180307757 158.9150882091316 -70.399
3937 127.8331418764492 361.4883339562423 -70.399
3938 430.1668581245764 153.5116660433812 -70.399
3939 456.0663679567531 316.6326963977767 -70.399
3940 101.9336320433131 198.3673036022266 -70.399
3941 58.68277055575735 346.3440346013901 -70.399
3942 499.3172294437973 168.6559653979598 -70.399
3943 100.8899510107046 351.4717622952302 -70.399
3944 457.1100489901519 163.5282377046367 -70.399
3945 110.0150290021356 491.8685087225678 -70.399
3946 444.2168020279737 22.52893505321068 -70.399
3947 110.0150290021205 23.13149127743677 -70.399
3948 444.2168020279842 492.471064946785 -70.399
3949 373.6006537858552 416.2758116525485 -70.399
3950 184.9112052638313 101.7202811925123 -70.399
3951 275.7411059216441 321.6748193607966 -70.399
3952 282.258894079668 193.3251806401523 -70.399
3953 243.1594969397202 120.1887712719102 -70.399
3954 133.600934136193 251.6856696310952 -70.399
3955 424.3990658643368 263.3143303688513 -70.399
3956 326.4509752915376 19.22105010644691 -70.399
3957 326.6200796521753 495.7030946285931 -70.399
3958 536.4309291708087 181.4281618825705 -70.399
3959 21.56907082902491 333.5718381178446 -70.399
3960 59.11223675421542 437.2995237365182 -70.399
3961 498.8877632461101 77.70047626327242 -70.399
3962 59.11223675419453 77.70047626353445 -70.399
3963 498.8877632461256 437.2995237366866 -70.399
3964 163.2958581592375 133.4473678488915 -70.399
3965 394.7041418423263 381.5526321517046 -70.399
3966 539.097978179961 277.3205042212163 -70.399
3967 18.90202182015819 237.6794957789242 -70.399
3968 303.3992504949593 395.5620425976188 -70.399
3969 413.8672811590353 304.5325800637997 -70.399
3970 144.132718840839 210.4674199362498 -70.399
3971 437.6717858823748 203.3317707884241 -70.399
3972 120.3282141188684 311.6682292114302 -70.399
3973 358.9751774134381 208.2238137739404 -70.399
3974 199.0248225878618 306.7761862251219 -70.399
3975 207.6887602178611 201.6232483888919 -70.399
3976 350.3112397832323 313.3767516120755 -70.399
3977 242.7921093071363 439.954323944364 -70.399
3978 239.4717075755506 76.87552796720527 -70.399
3979 275.7040417175886 365.527262942781 -70.399
3980 279.2969241863478 145.9000506664124 -70.399
3981 386.1543100899104 235.4674166160041 -70.399
3982 171.8456899114232 279.5325833833051 -70.399
3983 183.5223277059428 496.6842245535282 -70.399
3984 183.5223277059287 18.31577544647232 -70.399
3985 51.64805188584199 490.4582713907829 -70.399
3986 51.64805188584032 24.54172860921007 -70.399
3987 506.3519481143716 24.54172860909084 -70.399
3988 506.3519481143724 490.4582713909149 -70.399
3989 258.9039532592127 301.2154887221681 -70.399
3990 299.0960467428794 213.7845112780288 -70.399
3991 292.2040145889084 172.2430859010715 -70.399
3992 265.6492446520331 343.0083427011902 -70.399
3993 149.9107199530009 430.1274300713762 -70.399
3994 149.1560272337689 85.67270335167923 -70.399
3995 408.797627222001 85.4107854262249 -70.399
3996 408.9386343025538 429.2930591619084 -70.399
3997 202.282667314564 247.2772450707172 -70.399
3998 355.7173326864015 267.7227549294221 -70.399
3999 222.9564230679903 96.43338623052767 -70.399
4000 100.1801994160028 320.9800632286352 -70.399
4001 457.8198005854476 194.0199367724808 -70.399
4002 300.6111051046348 251.0263578712027 -70.399
4003 257.3888948975934 263.9736421288354 -70.399
4004 533.6031657613626 141.7998676393493 -70.399
4005 24.39683423857819 373.2001323608647 -70.399
4006 192.0093000199055 453.9802293330206 -70.399
4007 191.9943390782079 61.27389740002765 -70.399
4008 168.1836004056186 462.7815056193404 -70.399
4009 168.1811069153206 52.26084883617191 -70.399
4010 313.1074002996537 51.71481467748124 -70.399
4011 185.3486242017653 210.0859975377912 -70.399
4012 372.6513757986705 304.914002463066 -70.399
4013 263.8708326721857 404.4783723075552 -70.399
4014 298.232275230955 85.27782939103702 -70.399
4015 293.7281228790005 109.4345772505194 -70.399
4016 400.9272918633091 278.8021326470487 -70.399
4017 157.0727081367664 236.1978673530978 -70.399
4018 386.7433632673923 58.42338147596014 -70.399
4019 385.472821831122 456.0686583509379 -70.399
4020 502.7513508927783 260.4071794341913 -70.399
4021 55.24864910745416 254.5928205661708 -70.399
4022 265.3945425412059 108.1861112561111 -70.399
4023 538.9450389500309 426.7328932063643 -70.399
4024 538.945038949932 88.26710679344006 -70.399
4025 19.05496104991853 88.26710679354099 -70.399
4026 19.05496105004956 426.7328932067108 -70.399
4027 372.6577734322196 96.9920794942677 -70.399
4028 184.9987560425872 415.6199044717478 -70.399
4029 447.2129712159697 279.4313339900891 -70.399
4030 110.7870287838322 235.5686660099887 -70.399
4031 377.0078062742073 16.91573438315453 -70.399
4032 377.0078062742128 498.0842656168415 -70.399
4033 296.004708289135 429.9206028032173 -70.399
4034 312.8955698750995 463.5436396060146 -70.399
4035 539.4639075331288 203.8843099111986 -70.399
4036 18.53609246688189 311.1156900891852 -70.399
4037 18.92453530621189 180.9442908386406 -70.399
4038 539.0754646938578 334.0557091614674 -70.399
4039 380.5367684596841 175.8575485652615 -70.399
4040 177.4632315418453 339.1424514337797 -70.399
4041 337.0521323844679 90.26258475896886 -70.399
4042 337.0317083134316 417.7658077564545 -70.399
4043 440.9904229049311 300.6961757605411 -70.399
4044 117.0095770947825 214.3038242395355 -70.399
4045 352.2224398537632 370.2848801276559 -70.399
4046 206.8304208382785 143.8572979327159 -70.399
4047 73.53484140338847 229.3666325960367 -70.399
4048 484.4651585970181 285.6333674040699 -70.399
4049 140.9170686876995 341.2909287780598 -70.399
4050 417.0829313135866 173.7090712213756 -70.399
4051 57.9067710102527 323.0359701582954 -70.399
4052 500.093228989786 191.9640298420316 -70.399
4053 52.51525556532475 302.2105126472734 -70.399
4054 505.4847444350057 212.7894873533241 -70.399
4055 419.5145318869153 111.3937189652433 -70.399
4056 421.2476250815438 405.6582734086127 -70.399
4057 138.5866605677019 403.6831689626576 -70.399
4058 136.763644150117 109.3376507004517 -70.399
4059 297.6199982183145 132.8673261894891 -70.399
4060 326.7568815939052 399.3064003996075 -70.399
4061 221.6491694642044 223.2187402574156 -70.399
4062 336.3508305372528 291.7812597418159 -70.399
4063 110.086537491804 278.4728359039121 -70.399
4064 447.9134625088509 236.5271640962812 -70.399
4065 475.4767493418415 309.1268953229967 -70.399
4066 82.52325065842336 205.8731046769833 -70.399
4067 508.4348446316089 113.0871084837231 -70.399
4068 509.2543457756953 398.8272631125474 -70.399
4069 49.56515536848745 401.9128915161608 -70.399
4070 48.74565422434073 116.17273688754 -70.399
4071 341.3759447022286 225.81502118068 -70.399
4072 216.6240552993746 289.1849788188267 -70.399
4073 20.74287042892896 272.4076406549962 -70.399
4074 537.2571295712851 242.5923593453959 -70.399
4075 196.550986467125 376.4526761656225 -70.399
4076 361.195385437175 138.8649731484035 -70.399
4077 154.4528490360278 287.0398047302766 -70.399
4078 403.5471509651518 227.96019526899 -70.399
4079 230.6576027050064 16.84190516003767 -70.399
4080 230.6576027050161 498.1580948399646 -70.399
4081 99.58388671887836 442.0452013757143 -70.399
4082 458.4161132817464 72.95479862391343 -70.399
4083 99.58388671885373 72.95479862432131 -70.399
4084 458.4161132817655 442.0452013760595 -70.399
4085 18.22787460286527 141.0245586704787 -70.399
4086 539.7721253971216 373.9754413295784 -70.399
4087 243.9413855724448 342.4056192985523 -70.399
4088 314.0638763430063 172.6072344458988 -70.399
4089 231.9570448747152 359.8534639085337 -70.399
4090 326.0392238051036 155.1518312576878 -70.399
4091 538.2830229171892 47.56668354119245 -70.399
4092 19.71697708279025 467.4333164588168 -70.399
4093 538.2830229171918 467.4333164587823 -70.399
4094 19.71697708278535 47.56668354121516 -70.399
4095 286.0592655510565 20.03070902879129 -70.399
4096 286.2042121458869 494.9042721726726 -70.399
4097 204.2284551117123 494.9548411382943 -70.399
4098 204.2284551116978 20.0451588617124 -70.399
4099 262.1687214670966 381.4475873141228 -70.399
4100 348.3617714958323 163.7649752929404 -70.399
4101 209.6014628740656 351.2811596322331 -70.399
4102 409.3191403122034 42.20970025492925 -70.399
4103 409.3191403122177 472.7902997450613 -70.399
4104 375.1106518159856 286.1056219835567 -70.399
4105 182.8893481834027 228.8943780168728 -70.399
4106 286.4971963724308 45.0032321566467 -70.399
4107 286.6325881344437 469.959382685526 -70.399
4108 145.9721173498083 171.7981348242773 -70.399
4109 412.0278826511108 343.2018651760894 -70.399
4110 222.7416418349191 426.698367283482 -70.399
4111 468.1418873442737 20.31524353104205 -70.399
4112 468.1418873442816 494.6847564689652 -70.399
4113 89.62923941962556 494.6481580586544 -70.399
4114 89.62923941961512 20.35184194133605 -70.399
4115 145.8292849152022 475.5950886419204 -70.399
4116 145.828869333464 39.41197043400696 -70.399
4117 124.2097144699921 469.7950919251454 -70.399
4118 124.2096649959522 45.20574844105113 -70.399
4119 435.2067766716293 47.30790168799758 -70.399
4120 435.20677667165 467.6920983119877 -70.399
4121 343.0861404242874 444.4283213168387 -70.399
4122 496.9247316326779 333.4080313614745 -70.399
4123 61.07526836773856 181.591968638417 -70.399
4124 165.9119386652177 178.3117262652668 -70.399
4125 392.0880613357782 336.6882737353206 -70.399
4126 231.8829942099068 323.4265373688166 -70.399
4127 326.1170057907529 191.5734626307896 -70.399
4128 239.6143868869967 259.5889129413555 -70.399
4129 318.3856131152567 255.4110870587587 -70.399
4130 542.7994209917606 159.8541927146925 -70.399
4131 15.20057900807185 355.1458072856556 -70.399
4132 342.5463066243615 70.06053770159984 -70.399
4133 211.1298134820766 390.6797868597595 -70.399
4134 50.67404293166328 364.0635888917122 -70.399
4135 507.3259570685811 150.9364111082125 -70.399
4136 18.91426023080433 495.6957128128098 -70.399
4137 18.91426023080298 19.30428718723117 -70.399
4138 539.0857397692134 19.304287187167 -70.399
4139 539.0857397692141 495.6957128127996 -70.399
4140 261.2144202271897 430.3016536428971 -70.399
4141 262.7402112693815 86.33233304595247 -70.399
4142 418.0567357277038 193.5756676323358 -70.399
4143 139.9432642735861 321.4243323671147 -70.399
4144 176.9105664030118 118.8061986963534 -70.399
4145 378.0337939756001 396.6527161144368 -70.399
4146 437.368069806532 222.0490997055748 -70.399
4147 120.6319301944664 292.9509002942779 -70.399
4148 262.8050793105055 467.3877159941241 -70.399
4149 262.7980305931999 47.61033767321134 -70.399
4150 145.5381415562392 497.0459571784343 -70.399
4151 145.538123526323 17.95434907746545 -70.399
4152 92.4637973348857 241.7127056326495 -70.399
4153 465.5362026649987 273.2872943673675 -70.399
4154 518.3851131655923 242.6056451631879 -70.399
4155 39.61488683463958 272.394354837027 -70.399
4156 205.0704541420204 468.3504943049084 -70.399
4157 205.0704541420012 46.64950569510628 -70.399
4158 450.9026117009769 335.5165054197384 -70.399
4159 107.0973882994729 179.4834945803602 -70.399
4160 238.6152657823647 300.8219583079086 -70.399
4161 319.3847342195278 214.1780416920679 -70.399
4162 109.4873455287417 426.4280625563386 -70.399
4163 109.5129345042186 88.53549703194085 -70.399
4164 448.5126544719863 88.57193744314108 -70.399
4165 448.4870654964817 426.4645029685757 -70.399
4166 475.7903625997701 45.00583435315892 -70.399
4167 82.18628298899804 469.9904311149894 -70.399
4168 475.7903625997899 469.9941656468372 -70.399
4169 82.18628298897238 45.00956888501533 -70.399
4170 226.7975770562117 114.005289576082 -70.399
4171 344.164705694138 188.5654909439417 -70.399
4172 213.8291667017679 326.4421982096597 -70.399
4173 91.87810351568234 261.8061665875101 -70.399
4174 466.1218964844205 253.1938334128874 -70.399
4175 265.2706896811559 497.3908904425466 -70.399
4176 265.2631435235746 17.60572457210678 -70.399
4177 123.2340699882141 387.0042933828295 -70.399
4178 126.796228312281 127.7188557190018 -70.399
4179 434.7733055562671 128.0013106935509 -70.399
4180 431.2053815790084 387.2805620109603 -70.399
4181 515.5743567931628 179.7844989817069 -70.399
4182 42.42564320650216 335.2155010186077 -70.399
4183 91.89997663490931 377.2290952733081 -70.399
4184 91.21571590514873 139.1281194535159 -70.399
4185 466.1000233657579 137.7709047264157 -70.399
4186 466.7842840956955 375.871880547592 -70.399
4187 36.10521571080613 501.0444836892935 -70.399
4188 521.8947842892237 13.95551631064846 -70.399
4189 36.10521571080581 13.95551631069221 -70.399
4190 521.8947842892238 501.0444836893628 -70.399
4191 418.6876426598963 368.5039939807497 -70.399
4192 139.3125873256088 146.4959228381355 -70.399
4193 424.5652173918721 13.54836344237582 -70.399
4194 424.5652173918721 501.4516365576168 -70.399
4195 36.50034779526031 136.2532410501042 -70.399
4196 521.4996522046844 378.7467589499064 -70.399
4197 17.26160203367014 410.0481071914346 -70.399
4198 540.7383979663215 104.9518928086834 -70.399
4199 540.7383979663433 410.0481071908671 -70.399
4200 17.26160203364053 104.951892809152 -70.399
4201 286.583350765758 406.6169222063679 -70.399
4202 366.9961324949647 74.5991500424534 -70.399
4203 367.1419935691126 439.3820346413378 -70.399
4204 13.54306888682199 160.3747765236954 -70.399
4205 544.4569311131897 354.6252234763945 -70.399
4206 77.81853218749312 431.9350668686406 -70.399
4207 480.1814678130111 83.06493313104394 -70.399
4208 480.1814678130312 431.9350668689382 -70.399
4209 77.81853218746676 83.0649331313825 -70.399
4210 375.8505374354468 248.6696717597956 -70.399
4211 182.1494625655801 266.3303282399996 -70.399
4212 177.8782671722087 319.5896684848476 -70.399
4213 380.1217328291676 195.4103315142305 -70.399
4214 234.930331243845 478.3797205730328 -70.399
4215 234.9303312438371 36.62027942696538 -70.399
4216 352.6438983191087 103.9918602246125 -70.399
4217 14.51074111269795 256.0974473660139 -70.399
4218 543.4892588874143 258.9025526341795 -70.399
4219 329.0122377695903 367.2986926337437 -70.399
4220 226.4569526424532 152.8923028892153 -70.399
4221 494.0310477723719 119.4021327926914 -70.399
4222 63.96895222794227 395.5978672070787 -70.399
4223 492.3890297085438 394.9908944729105 -70.399
4224 65.61097029192206 120.0091055274561 -70.399
4225 346.8166722598918 124.5785084140711 -70.399
4226 38.80529762457135 237.0098567441681 -70.399
4227 519.1947023756704 277.9901432558334 -70.399
4228 45.7371569483791 210.6949253989355 -70.399
4229 512.2628430519868 304.3050746009321 -70.399
4230 318.2403824112735 384.3236788937287 -70.399
4231 135.8210518457497 438.4063266942298 -70.399
4232 135.4450497216006 76.43939669613196 -70.399
4233 422.3560349487067 76.72822717970823 -70.399
4234 422.5718541249611 438.5544894675555 -70.399
4235 263.5047945626395 128.8336109892069 -70.399
4236 203.7727264262138 412.1665178351569 -70.399
4237 384.5929860785371 368.6556405208046 -70.399
4238 173.407013922923 146.3443594798671 -70.399
4239 159.2868012313891 389.1708319739526 -70.399
4240 398.7300641788509 125.8419826802745 -70.399
4241 391.4882350760919 314.4685026517131 -70.399
4242 166.5117649245233 200.5314973488118 -70.399
4243 215.6516894108896 184.2935478403487 -70.399
4244 342.2078703064591 330.774992377418 -70.399
4245 70.99538736119018 267.3165629465018 -70.399
4246 487.0046126390426 247.6834370540695 -70.399
4247 382.1219981410841 115.5008928541695 -70.399
4248 175.8126808367465 399.0240668696715 -70.399
4249 157.5954480292262 309.3294525088321 -70.399
4250 400.4045519721192 205.67054749041 -70.399
4251 220.8199774135699 79.72334300705111 -70.399
4252 39.54262954565834 470.5157217644925 -70.399
4253 39.5426295456448 44.48427823553789 -70.399
4254 518.4573704545103 44.4842782354028 -70.399
4255 518.4573704545198 470.5157217645738 -70.399
4256 488.0463809541671 135.4290811655054 -70.399
4257 485.9781121126371 377.4266046824851 -70.399
4258 69.9536190462302 379.5709188342956 -70.399
4259 72.02188788778123 137.5733953178752 -70.399
4260 356.2331022749513 41.4931999049034 -70.399
4261 356.2291079967976 473.5072984921558 -70.399
4262 304.8869257597991 13.61905953750886 -70.399
4263 304.8869257597992 501.3809404624907 -70.399
4264 280.3400875806744 78.76836851710499 -70.399
4265 279.589415983872 436.5981152595159 -70.399
4266 544.6812770915092 520.7413472540311 237.7886084242364
4267 13.31872255549638 520.7413474922997 237.7886082571567
4268 566.2227316880189 520.6909299404268 -47.11288098676676
4269 566.2224891851405 520.6912803129212 216.315008964281
4270 544.6812770887982 523.1876088234164 -66.14034668476924
4271 13.31872300182317 523.1876084451258 -66.1403472242413
4272 153.4944527264589 525 82.59862064563885
4273 400.9538653554123 525 82.60442621120305
4274 276.5123115381765 525 107.5465849714698
4275 329.7450783190637 525 26.7916574948676
4276 229.5725564785259 525 29.02418613197394
4277 84.87291342938153 525 139.7097494980611
4278 473.1270865706365 525 139.7097494980985
4279 469.4446445959206 525 31.60143282163974
4280 88.55535540415227 525 31.60143282165913
4281 208.6685539299227 525 148.4646261930772
4282 349.9727745830559 525 150.0189356569655
4283 398.3226573676555 525 11.7593796059547
4284 159.6773426325167 525 11.75937960591914
4285 148.9480020710467 525 165.3644038610143
4286 409.0519979290387 525 165.3644038611047
4287 495.763991373285 525 84.60100000002836
4288 62.23600862670697 525 84.60100000000577
4289 275.8687004738607 525 168.3351978128123
4290 336.759920931223 525 89.46415309766307
4291 221.2400790690175 525 89.46415309770413
4292 279.0000000001228 525 -5.750146593238616
4293 279.0000000000563 525 53.05055615511555
4294 51.89781333675592 525 177.6896593461879
4295 506.1021866632547 525 177.6896593462025
4296 512.0004841107797 525 -3.272939030836902
4297 45.99951588925371 525 -3.272939030830533
4298 353.7526717920697 525 -12.2009029256621
4299 204.2473282082618 525 -12.2009029256066
4300 109.9658304000202 525 96.55455405433986
4301 448.034169600013 525 96.55455405439787
4302 443.2057823911713 525 -10.91338260719245
4303 114.7942176091111 525 -10.91338260718094
4304 370.3324206730266 525 48.97364595112057
4305 187.6741049453922 525 46.2203375175667
4306 105.6379099833333 525 184.2166966221543
4307 452.3620900165456 525 184.2166966221278
4308 426.8697358283594 525 47.72182477444533
4309 130.7635649447892 525 47.63904325753266
4310 42.21694229960976 525 128.1336342614738
4311 515.7830577003942 525 128.1336342614899
4312 510.9857499307313 525 50.21136007185319
4313 47.01425006929342 525 50.2113600718275
4314 317.3661771808482 525 186.3343027478064
4315 236.3298904937929 525 184.5605516911808
4316 171.6761400334505 525 130.1207824421641
4317 386.3737887664852 525 130.59772053201
4318 187.0465668405817 525 183.902774363583
4319 370.9534331590913 525 183.9027743637679
4320 307.3351025730319 525 140.7214955805875
4321 247.8008630508496 525 138.5880552164702
4322 318.0754946877248 525 -20.52377358282045
4323 239.9245053127579 525 -20.52377358285597
4324 127.1172787283115 525 132.0526160572886
4325 430.8827212717136 525 132.052616057321
4326 399.5268370171271 525 -23.07744269450609
4327 158.4731629836845 525 -23.07744269455617
4328 467.0141456377925 525 64.80968102436167
4329 90.98585436220533 525 64.80968102437396
4330 474.4362249856202 525 -25.90473703991747
4331 83.56377501443848 525 -25.90473703984249
4332 311.6251342408784 525 64.30750367269606
4333 254.7414361724769 525 80.12769957750992
4334 188.5441486637946 525 99.10233118995393
4335 369.0049732278808 525 94.94889460334016
4336 136.5876827188528 525 196.3493361483473
4337 421.4123172811295 525 196.3493361484937
4338 32.62208663400388 525 101.9364161599025
4339 525.3779133659978 525 101.9364161599133
4340 296.8099610568329 525 22.19871862350613
4341 262.5764096288016 525 25.01098221908095
4342 293.2355565943703 525 196.9986454643615
4343 74.5237027150001 525 202.7936675823913
4344 483.4762972849218 525 202.7936675823701
4345 81.22123385149904 525 110.0620681335606
4346 476.7787661485342 525 110.0620681336088
4347 367.7337215795658 525 17.24972048926938
4348 189.2373312836791 525 16.6616218234404
4349 310.4064918180593 525 106.2948615154166
4350 223.6201155898258 525 119.6820180372364
4351 214.532158170386 525 60.07078616461811
4352 32.38230561708006 525 155.1374280455692
4353 525.6176943829247 525 155.1374280455805
4354 528.5091974684518 525 14.89041679858249
4355 29.49080253154406 525 14.89041679856187
4356 437.7030512526645 525 25.10095403190808
4357 120.244563143628 525 25.08912810092756
4358 32.55047884871217 525 197.1129631001464
4359 525.4495211513007 525 197.1129631001556
4360 32.31638974258255 525 -26.7488145633955
4361 525.6836102574354 525 -26.74881456339913
4362 173.7365220798702 525 157.9195561963245
4363 384.2288772580658 525 158.1132766025586
4364 339.0904714871988 525 119.3200669229707
4365 255.8825218469941 525 196.2800707243566
4366 279.0000000011262 525 -32.99622919320507
4367 30.26856117391425 525 65.4490021810911
4368 527.7314388260944 525 65.44900218110972
4369 346.5333697504299 525 56.76918431949657
4370 398.5977214303 525 41.24634746857282
4371 158.9729939893587 525 40.98139093868956
4372 346.8687397134397 525 197.7318472778279
4373 210.1240626145803 525 196.1692252304579
4374 74.3923238991504 525 165.5680247202707
4375 483.6076761008693 525 165.5680247202924
4376 280.892448950406 525 139.1131597246487
4377 249.9200256293638 525 108.5260740430038
4378 291.7611737366384 525 78.91541946058832
4379 254.3231929499213 525 47.71971741814531
4380 137.4809224892475 525 105.15273083987
4381 420.9062269090939 525 104.8643711173489
4382 496.0240832922089 525 16.49910072569528
4383 61.97591670786452 525 16.4991007256972
4384 429.2600173246565 525 76.86101711895914
4385 127.8688217703237 525 76.80677455062666
4386 114.6801758449855 525 156.8966680298799
4387 443.3198241550161 525 156.896668029922
4388 377.4651802629504 525 -35.92547325439708
4389 180.5348197379131 525 -35.92547325435265
4390 158.6954962281938 525 203.4780710542392
4391 399.3045037714559 525 203.4780710543887
4392 465.1070437139932 525 -0.7083103706346248
4393 92.8929562861336 525 -0.7083103705939189
4394 59.02758687613112 525 149.2914206024037
4395 498.9724131238798 525 149.29142060243
4396 422.8882549117888 525 -34.63183653026378
4397 135.1117450889131 525 -34.63183653030339
4398 330.9979250437413 525 2.493667599325927
4399 227.0020749565068 525 2.493667599420114
4400 499.4151041395432 525 -34.83221420586746
4401 58.58489586053396 525 -34.83221420584992
4402 338.1260071796567 525 -32.77706494335547
4403 219.8739928207036 525 -32.77706494330017
4404 196.1326808382533 525 123.577540176812
4405 491.3497083792859 525 58.24392956702516
4406 66.65029162070208 525 58.2439295670083
4407 235.6474968772285 525 158.1349800763585
4408 304.985723755282 525 164.0788614183854
4409 196.3747059524454 525 73.92656199476183
4410 380.6697696008358 525 -7.773031747661054
4411 177.3302303995824 525 -7.773031747211186
4412 211.9746200467141 525 174.5778915676615
4413 345.8155553729739 525 173.4915332714093
4414 378.4639346460497 525 76.33153668198526
4415 360.190521557493 525 127.7034020849292
4416 105.1135347129125 525 -36.24206080725632
4417 452.8864652874915 525 -36.24206080726741
4418 142.0801246272615 525 -4.81283350785947
4419 415.9198753731567 525 -4.812833507830636
4420 104.3671620217461 525 121.1521662897992
4421 453.6328379782697 525 121.1521662898459
4422 302.9073696325719 525 1.648111245833657
4423 255.1441851766426 525 1.752690572733698
4424 17.86100941106468 525 118.5064226756657
4425 540.1389905889342 525 118.5064226756745
4426 110.1470913936171 525 209.5720636770771
4427 447.8529086059391 525 209.5720636770446
4428 150.0394912723172 525 142.7957990026211
4429 407.9623335060276 525 142.8756392998165
4430 452.9103669484674 525 42.9652491134347
4431 105.0468692933589 525 42.95559529225268
4432 55.05581689844196 525 205.0599320468984
4433 502.9441831015484 525 205.0599320469019
4434 257.3569375436501 525 174.4109452604641
4435 169.0779647585805 525 63.65777188101869
4436 348.8962935386361 525 35.43297447034509
4437 209.6884077364948 525 35.53209255784476
4438 326.7419973414375 525 158.7320057885215
4439 418.1933889744884 525 20.72008350495652
4440 139.6652161238685 525 20.66015617531427
4441 21.682933016124 525 176.9432861932042
4442 536.3170669838805 525 176.9432861932101
4443 536.9628065592601 525 -6.86709416706164
4444 21.03719344074264 525 -6.867094167065056
4445 471.9722268574818 525 86.39545743422448
4446 86.0277731424889 525 86.39545743419556
4447 534.1909869383431 525 39.45432328250352
4448 23.80901306166704 525 39.4543232824844
4449 408.7632370232457 525 61.98337410103605
4450 256.3369414487233 525 -39.35021782579906
4451 301.6630585528446 525 -39.35021782610202
4452 329.3266803897273 525 212.2559938943054
4453 232.0356454900043 525 209.9428954069668
4454 55.24834574824393 525 106.6712886275181
4455 502.7516542517608 525 106.6712886275469
4456 64.51740444097308 525 126.7736322246034
4457 493.4825955590411 525 126.7736322246348
4458 127.3342488870831 525 176.1908589815251
4459 430.6657511129272 525 176.1908589816679
4460 187.6660934106355 525 210.0019629360429
4461 370.9731949436132 525 209.871568552536
4462 165.4478661204687 525 105.1561941580922
4463 397.7398560850987 525 107.3616510897711
4464 164.1875207030677 525 179.5888138779219
4465 393.8099573828699 525 179.6029334412363
4466 314.60314291631 525 87.7427768829252
4467 236.2490531381088 525 69.49234566259791
4468 148.0355596379022 525 62.33672025470128
4469 354.9330038889734 525 78.02931893542868
4470 303.9617566892239 525 41.24944907665997
4471 293.5027738223201 525 119.6287535891175
4472 261.8811263878746 525 -19.373535324473
4473 296.129184574878 525 -19.3944511899065
4474 264.8965103224836 525 125.848458279733
4475 207.9468397634739 525 105.6432580974753
4476 483.5820262137578 525 -7.324101709299333
4477 74.41797378632128 525 -7.324101709276812
4478 489.5439291998977 525 35.38181891940723
4479 68.45607080015358 525 35.38181891939782
4480 111.5709144376653 525 62.34333647024413
4481 446.1729607843089 525 62.37267205152427
4482 277.8754615801084 525 210.6614154291413
4483 503.6396103075026 525 69.58572380434494
4484 54.36038969249351 525 69.585723804324
4485 133.6238393607488 525 154.6600691864658
4486 424.3765255949446 525 154.6760372459664
4487 346.2251380546154 525 13.95342342562918
4488 211.3454205653806 525 14.7263868696961
4489 175.4986666128003 525 84.04801324858482
4490 383.7466302626369 525 29.80727337872936
4491 173.8904432127367 525 28.90568247140395
4492 352.0218677294415 525 104.2571280719368
4493 389.9280851330898 525 59.98088649856641
4494 363.068813963635 525 162.6864372141833
4495 195.2567387122072 525 162.9204856703119
4496 400.1568090712714 525 -43.4768255910345
4497 157.8431909297196 525 -43.47682559106364
4498 304.8990784899442 525 213.008106372244
4499 149.5021715743858 525 122.7766100274532
4500 408.7729853076837 525 123.5503996192535
4501 236.9379915047658 525 -41.69925770869668
4502 321.0620084961199 525 -41.69925770905748
4503 18.4920514655509 525 138.3625636633495
4504 539.5079485344506 525 138.3625636633568
4505 227.5820969906517 525 139.4425175163703
4506 264.6027935342277 525 151.2380428174357
4507 355.9156790805737 525 -42.6764220839131
4508 202.0843209199951 525 -42.67642208397803
4509 473.8499080370347 525 -44.38952666794967
4510 84.15009196329709 525 -44.3895266679332
4511 189.0941271187407 525 144.6005981357379
4512 90.71349330368569 525 209.0936144152109
4513 467.2865066960574 525 209.0936144151346
4514 328.275425434674 525 49.51982317191713
4515 240.3772558429079 525 91.77739714850277
4516 272.8304693607669 525 88.60804651586655
4517 544.6750461016986 525 25.67835168700408
4518 13.32495389830277 525 25.67835168699414
4519 312.9316344305568 525 17.84875778351391
4520 245.0683655694511 525 17.84875778361491
4521 279.1520244221875 525 14.48132688481998
4522 276.2563043152816 525 187.589238959264
4523 19.07578740072459 525 82.75937661162941
4524 538.9242125992818 525 82.75937661164987
4525 472.8597508764823 525 46.72384295278044
4526 85.13588547475594 525 46.72285786898656
4527 319.3929004594767 525 122.9202771402284
4528 368.4220597865591 525 145.4597210104795
4529 279.3038907911705 525 33.95179172955464
4530 272.2115384015789 525 69.62397202307575
4531 540.9092345848212 525 212.5380004124378
4532 17.09076541518678 525 212.5380004124405
4533 17.09076541518527 525 -43.3360004124329
4534 540.9092345848245 525 -43.33600041244242
4535 293.9645306937137 525 178.4769411840058
4536 332.1216661937481 525 70.97212668002111
4537 335.5951180140131 525 -15.57859256923911
4538 222.4048819862987 525 -15.57859256919051
4539 119.7327984098313 525 113.7280168103244
4540 438.3639889397726 525 113.6559268797284
4541 133.0282338214424 525 214.3519074640808
4542 424.9717661778961 525 214.351907464233
4543 294.9618108696679 525 62.21812805227861
4544 453.1535137955415 525 78.00065116232976
4545 104.6854453925717 525 77.98871142666421
4546 461.4397644054499 525 -16.20360170553554
4547 96.56023559469364 525 -16.20360170550998
4548 106.4283130927427 525 139.8541127481776
4549 451.5716869072735 525 139.8541127482127
4550 294.6017211370897 525 97.55239700481266
4551 95.58696915461562 525 161.8054344372192
4552 462.4130308453806 525 161.8054344372392
4553 288.4601350037142 525 156.2058222120986
4554 254.7391304337737 525 216.1287132347954
4555 476.7896673959232 525 15.18907265448512
4556 81.2103326041574 525 15.18907265450724
4557 228.8730736946874 525 48.367825587036
4558 35.75175407903348 525 215.2179514759773
4559 522.2482459209953 525 215.2179514759822
4560 521.7775330844454 525 -45.70339913629768
4561 36.2224669155775 525 -45.70339913629283
4562 544.7329997058036 525 193.3510000001513
4563 13.26700029419588 525 193.3510000001513
4564 544.7329997058189 525 -24.14900000008653
4565 13.26700029418591 525 -24.14900000008652
4566 398.5734421822813 525 -6.210590395656907
4567 159.4265578181028 525 -6.210590395687403
4568 334.9766505834331 525 137.7469060559749
4569 147.3108441153787 525 183.7607693998391
4570 410.6891558848263 525 183.760769399886
4571 328.1766384804688 525 105.0969334318622
4572 124.3218941365004 525 7.473888716387696
4573 433.6504229344044 525 7.484139182188811
4574 454.1158541760777 525 15.81702211797563
4575 103.8665983538631 525 15.81248922970849
4576 512.752636762993 525 24.74315059197843
4577 45.24736323704848 525 24.74315059190952
4578 514.9870747329874 525 85.34354910787756
4579 43.01292526701079 525 85.34354910785787
4580 68.67596710548979 525 187.139727740104
4581 489.3240328945074 525 187.1397277401097
4582 84.9217276935458 525 185.1028609195584
4583 473.0782723063803 525 185.1028609195456
4584 375.6126887942726 525 112.5120507327136
4585 180.4502089139917 525 114.4892119917556
4586 241.7329451088612 525 124.8263240287252
4587 208.4521168244671 525 215.0632167146935
4588 351.7826086949476 525 217.2597069679541
4589 384.8617186855339 525 94.68181311788975
4590 482.7973537384646 525 73.22446553872884
4591 75.2026462615096 525 73.22446553870506
4592 203.5264433621828 525 92.03407609497377
4593 120.2532919024198 525 194.8644891028414
4594 437.7467080974352 525 194.8644891026956
4595 14.20113759566566 525 99.22911432306033
4596 543.7988624043255 525 99.22911432308283
$EndNodes
$Elements
8995
1 2 2 1 1 1 4 93
2 2 2 1 1 95 5 2
3 2 2 1 1 93 95 2
4 2 2 1 1 93 4 95
5 2 2 1 2 94 2 96
6 2 2 1 2 6 3 94
7 2 2 1 2 96 2 5
8 2 2 1 2 6 94 96
9 2 2 1 3 4 7 95
10 2 2 1 3 95 7 97
11 2 2 1 3 1163 5 95
12 2 2 1 3 1163 97 8
13 2 2 1 3 5 1163 8
14 2 2 1 3 97 1163 95
15 2 2 1 4 96 5 98
16 2 2 1 4 9 6 96
17 2 2 1 4 98 5 8
18 2 2 1 4 9 96 98
19 2 2 1 5 7 10 99
20 2 2 1 5 7 99 97
21 2 2 1 5 100 11 8
22 2 2 1 5 97 100 8
23 2 2 1 5 97 99 100
24 2 2 1 6 98 8 101
25 2 2 1 6 12 9 102
26 2 2 1 6 101 8 11
27 2 2 1 6 102 9 98
28 2 2 1 6 102 98 101
29 2 2 1 7 1164 108 13
30 2 2 1 7 103 1164 13
31 2 2 1 7 1164 103 1165
32 2 2 1 7 104 14 107
33 2 2 1 7 99 1164 1165
34 2 2 1 7 104 1166 1165
35 2 2 1 7 1166 100 1165
36 2 2 1 7 11 1166 107
37 2 2 1 7 1166 104 107
38 2 2 1 7 108 1164 10
39 2 2 1 7 1164 99 10
40 2 2 1 7 1166 11 100
41 2 2 1 7 1165 100 99
42 2 2 1 7 1165 103 104
43 2 2 1 8 109 1167 15
44 2 2 1 8 105 107 14
45 2 2 1 8 1167 106 15
46 2 2 1 8 1168 106 1167
47 2 2 1 8 1168 1167 102
48 2 2 1 8 1169 105 1168
49 2 2 1 8 107 105 1169
50 2 2 1 8 1168 105 106
51 2 2 1 8 11 1169 101
52 2 2 1 8 1167 109 12
53 2 2 1 8 102 1167 12
54 2 2 1 8 1168 101 1169
55 2 2 1 8 101 1168 102
56 2 2 1 8 1169 11 107
57 2 2 1 9 117 16 1170
58 2 2 1 9 1170 16 110
59 2 2 1 9 112 17 116
60 2 2 1 9 117 1170 13
61 2 2 1 9 1170 103 13
62 2 2 1 9 116 1171 112
63 2 2 1 9 111 1171 1172
64 2 2 1 9 1171 111 112
65 2 2 1 9 104 1172 1171
66 2 2 1 9 111 1172 110
67 2 2 1 9 1170 110 1172
68 2 2 1 9 14 1171 116
69 2 2 1 9 1171 14 104
70 2 2 1 9 103 1172 104
71 2 2 1 9 103 1170 1172
72 2 2 1 10 118 1173 18
73 2 2 1 10 1173 115 18
74 2 2 1 10 1173 118 15
75 2 2 1 10 106 1173 15
76 2 2 1 10 1174 114 1175
77 2 2 1 10 105 1174 1175
78 2 2 1 10 113 1174 116
79 2 2 1 10 1174 14 116
80 2 2 1 10 116 17 113
81 2 2 1 10 1173 106 1175
82 2 2 1 10 115 1173 1175
83 2 2 1 10 1174 113 114
84 2 2 1 10 1174 105 14
85 2 2 1 10 1175 106 105
86 2 2 1 10 1175 114 115
87 2 2 1 11 1176 1178 1177
88 2 2 1 11 1177 1178 110
89 2 2 1 11 128 19 1176
90 2 2 1 11 122 20 127
91 2 2 1 11 1176 19 119
92 2 2 1 11 17 1179 127
93 2 2 1 11 112 1179 17
94 2 2 1 11 1178 120 1180
95 2 2 1 11 111 1178 1180
96 2 2 1 11 122 127 1179
97 2 2 1 11 122 1179 121
98 2 2 1 11 110 1178 111
99 2 2 1 11 120 1178 119
100 2 2 1 11 128 1177 16
101 2 2 1 11 1177 128 1176
102 2 2 1 11 1177 110 16
103 2 2 1 11 111 1180 112
104 2 2 1 11 121 1180 120
105 2 2 1 11 121 1179 1180
106 2 2 1 11 1176 119 1178
107 2 2 1 11 1179 112 1180
108 2 2 1 12 127 123 1181
109 2 2 1 12 1181 113 17
110 2 2 1 12 1181 17 127
111 2 2 1 12 123 124 1181
112 2 2 1 12 1182 125 1183
113 2 2 1 12 114 1182 1183
114 2 2 1 12 129 1184 21
115 2 2 1 12 20 123 127
116 2 2 1 12 1184 126 21
117 2 2 1 12 1184 129 18
118 2 2 1 12 115 1184 18
119 2 2 1 12 1184 115 1183
120 2 2 1 12 126 1184 1183
121 2 2 1 12 114 1183 115
122 2 2 1 12 126 1183 125
123 2 2 1 12 1182 124 125
124 2 2 1 12 1182 114 113
125 2 2 1 12 1181 124 1182
126 2 2 1 12 113 1181 1182
127 2 2 1 13 141 22 1185
128 2 2 1 13 1185 22 130
129 2 2 1 13 141 1185 19
130 2 2 1 13 23 140 133
131 2 2 1 13 1185 119 19
132 2 2 1 13 1186 132 1187
133 2 2 1 13 121 1186 1187
134 2 2 1 13 131 1186 1188
135 2 2 1 13 1186 120 1188
136 2 2 1 13 139 20 1189
137 2 2 1 13 20 122 1189
138 2 2 1 13 119 1185 1188
139 2 2 1 13 1185 130 1188
140 2 2 1 13 1187 132 133
141 2 2 1 13 140 139 133
142 2 2 1 13 1187 122 121
143 2 2 1 13 1186 131 132
144 2 2 1 13 1186 121 120
145 2 2 1 13 1188 130 131
146 2 2 1 13 1188 120 119
147 2 2 1 13 133 1189 1187
148 2 2 1 13 1189 133 139
149 2 2 1 13 1189 122 1187
150 2 2 1 14 142 1190 24
151 2 2 1 14 23 134 140
152 2 2 1 14 1190 138 24
153 2 2 1 14 1191 1193 1192
154 2 2 1 14 1193 1191 123
155 2 2 1 14 142 21 1190
156 2 2 1 14 1190 21 126
157 2 2 1 14 1191 1192 135
158 2 2 1 14 135 1192 134
159 2 2 1 14 136 1194 1191
160 2 2 1 14 1194 124 1191
161 2 2 1 14 1194 137 1195
162 2 2 1 14 125 1194 1195
163 2 2 1 14 139 1193 20
164 2 2 1 14 1193 139 1192
165 2 2 1 14 1193 123 20
166 2 2 1 14 1192 139 140
167 2 2 1 14 134 1192 140
168 2 2 1 14 136 1191 135
169 2 2 1 14 123 1191 124
170 2 2 1 14 124 1194 125
171 2 2 1 14 137 1194 136
172 2 2 1 14 125 1195 126
173 2 2 1 14 138 1195 137
174 2 2 1 14 1190 126 1195
175 2 2 1 14 138 1190 1195
176 2 2 1 15 1196 1197 146
177 2 2 1 15 1196 146 147
178 2 2 1 15 26 155 147
179 2 2 1 15 1198 1200 1199
180 2 2 1 15 1199 1200 130
181 2 2 1 15 157 25 1198
182 2 2 1 15 25 143 1198
183 2 2 1 15 147 155 154
184 2 2 1 15 1201 145 1197
185 2 2 1 15 132 1201 1197
186 2 2 1 15 1196 154 23
187 2 2 1 15 1197 1196 133
188 2 2 1 15 133 1196 23
189 2 2 1 15 130 1200 131
190 2 2 1 15 154 1196 147
191 2 2 1 15 144 1201 1200
192 2 2 1 15 1201 131 1200
193 2 2 1 15 22 156 1199
194 2 2 1 15 130 22 1199
195 2 2 1 15 145 1201 144
196 2 2 1 15 157 1199 156
197 2 2 1 15 1199 157 1198
198 2 2 1 15 131 1201 132
199 2 2 1 15 132 1197 133
200 2 2 1 15 146 1197 145
201 2 2 1 15 1198 143 1200
202 2 2 1 15 144 1200 143
203 2 2 1 16 158 24 1202
204 2 2 1 16 1202 24 138
205 2 2 1 16 158 1202 27
206 2 2 1 16 148 155 26
207 2 2 1 16 1202 153 27
208 2 2 1 16 1203 152 1204
209 2 2 1 16 137 1203 1204
210 2 2 1 16 1205 149 1206
211 2 2 1 16 150 1208 1207
212 2 2 1 16 149 1205 148
213 2 2 1 16 1208 135 1207
214 2 2 1 16 151 1203 1208
215 2 2 1 16 1203 136 1208
216 2 2 1 16 23 154 1206
217 2 2 1 16 134 23 1206
218 2 2 1 16 148 1205 155
219 2 2 1 16 1205 154 155
220 2 2 1 16 1205 1206 154
221 2 2 1 16 134 1207 135
222 2 2 1 16 150 1207 149
223 2 2 1 16 135 1208 136
224 2 2 1 16 151 1208 150
225 2 2 1 16 1202 138 1204
226 2 2 1 16 153 1202 1204
227 2 2 1 16 1206 149 1207
228 2 2 1 16 134 1206 1207
229 2 2 1 16 137 1204 138
230 2 2 1 16 153 1204 152
231 2 2 1 16 136 1203 137
232 2 2 1 16 152 1203 151
233 2 2 1 17 1209 1211 1210
234 2 2 1 17 1210 1211 143
235 2 2 1 17 172 1212 164
236 2 2 1 17 172 164 173
237 2 2 1 17 1209 175 28
238 2 2 1 17 173 164 29
239 2 2 1 17 159 1209 28
240 2 2 1 17 25 174 1210
241 2 2 1 17 143 25 1210
242 2 2 1 17 160 1213 1211
243 2 2 1 17 1213 144 1211
244 2 2 1 17 1212 147 1214
245 2 2 1 17 147 1212 26
246 2 2 1 17 1215 162 1216
247 2 2 1 17 146 1215 1216
248 2 2 1 17 1213 161 1215
249 2 2 1 17 145 1213 1215
250 2 2 1 17 164 1212 1214
251 2 2 1 17 163 164 1214
252 2 2 1 17 26 1212 172
253 2 2 1 17 143 1211 144
254 2 2 1 17 160 1211 159
255 2 2 1 17 144 1213 145
256 2 2 1 17 161 1213 160
257 2 2 1 17 162 1215 161
258 2 2 1 17 175 1210 174
259 2 2 1 17 1210 175 1209
260 2 2 1 17 1209 159 1211
261 2 2 1 17 145 1215 146
262 2 2 1 17 147 1217 1214
263 2 2 1 17 163 1216 162
264 2 2 1 17 163 1214 1216
265 2 2 1 17 1216 1217 146
266 2 2 1 17 1217 147 146
267 2 2 1 17 1217 1216 1214
268 2 2 1 18 176 1218 30
269 2 2 1 18 1219 1220 167
270 2 2 1 18 1218 171 30
271 2 2 1 18 165 173 29
272 2 2 1 18 1219 1221 1220
273 2 2 1 18 176 27 1218
274 2 2 1 18 1218 27 153
275 2 2 1 18 1219 149 1221
276 2 2 1 18 148 1221 149
277 2 2 1 18 1222 170 1223
278 2 2 1 18 152 1222 1223
279 2 2 1 18 167 1220 166
280 2 2 1 18 173 165 1224
281 2 2 1 18 172 173 1224
282 2 2 1 18 1220 1224 166
283 2 2 1 18 166 1224 165
284 2 2 1 18 168 1226 1225
285 2 2 1 18 1226 150 1225
286 2 2 1 18 169 1222 1226
287 2 2 1 18 1222 151 1226
288 2 2 1 18 172 1221 26
289 2 2 1 18 1221 172 1224
290 2 2 1 18 1221 148 26
291 2 2 1 18 1221 1224 1220
292 2 2 1 18 168 1225 167
293 2 2 1 18 149 1225 150
294 2 2 1 18 171 1223 170
295 2 2 1 18 152 1223 153
296 2 2 1 18 1218 153 1223
297 2 2 1 18 171 1218 1223
298 2 2 1 18 150 1226 151
299 2 2 1 18 169 1226 168
300 2 2 1 18 170 1222 169
301 2 2 1 18 151 1222 152
302 2 2 1 18 1219 167 1225
303 2 2 1 18 149 1219 1225
304 2 2 1 19 1227 1229 1228
305 2 2 1 19 1228 1229 1230
306 2 2 1 19 1227 195 31
307 2 2 1 19 1231 1232 162
308 2 2 1 19 1232 1234 1233
309 2 2 1 19 1232 1233 163
310 2 2 1 19 193 183 32
311 2 2 1 19 177 1227 31
312 2 2 1 19 192 1235 183
313 2 2 1 19 1236 1231 1237
314 2 2 1 19 1237 1238 1236
315 2 2 1 19 1235 182 183
316 2 2 1 19 1231 1239 1232
317 2 2 1 19 1231 1236 1239
318 2 2 1 19 1231 162 161
319 2 2 1 19 1232 1239 1234
320 2 2 1 19 1232 163 162
321 2 2 1 19 164 1233 1240
322 2 2 1 19 180 1239 1236
323 2 2 1 19 1233 164 163
324 2 2 1 19 28 194 1228
325 2 2 1 19 159 28 1228
326 2 2 1 19 178 1238 1229
327 2 2 1 19 1228 1230 159
328 2 2 1 19 1234 1235 1233
329 2 2 1 19 1233 1235 1240
330 2 2 1 19 1234 181 1235
331 2 2 1 19 182 1235 181
332 2 2 1 19 1235 192 1240
333 2 2 1 19 192 29 1240
334 2 2 1 19 181 1239 180
335 2 2 1 19 180 1236 179
336 2 2 1 19 1237 1231 161
337 2 2 1 19 179 1238 178
338 2 2 1 19 195 1228 194
339 2 2 1 19 1228 195 1227
340 2 2 1 19 1227 177 1229
341 2 2 1 19 160 1230 1241
342 2 2 1 19 178 1229 177
343 2 2 1 19 164 1240 29
344 2 2 1 19 183 193 192
345 2 2 1 19 181 1234 1239
346 2 2 1 19 179 1236 1238
347 2 2 1 19 1237 161 160
348 2 2 1 19 1230 1229 1241
349 2 2 1 19 1230 160 159
350 2 2 1 19 1241 1238 1237
351 2 2 1 19 1238 1241 1229
352 2 2 1 19 160 1241 1237
353 2 2 1 20 1242 1244 1243
354 2 2 1 20 193 32 184
355 2 2 1 20 192 1246 1245
356 2 2 1 20 192 1245 29
357 2 2 1 20 1247 1248 169
358 2 2 1 20 1249 1245 1246
359 2 2 1 20 1250 1247 168
360 2 2 1 20 1249 1246 185
361 2 2 1 20 1244 1250 167
362 2 2 1 20 186 1249 185
363 2 2 1 20 186 1242 1249
364 2 2 1 20 1242 186 187
365 2 2 1 20 1248 1252 1251
366 2 2 1 20 190 1251 1252
367 2 2 1 20 1243 1244 166
368 2 2 1 20 1248 1251 1253
369 2 2 1 20 1245 1249 1243
370 2 2 1 20 1245 1243 165
371 2 2 1 20 193 184 1246
372 2 2 1 20 192 193 1246
373 2 2 1 20 197 30 1254
374 2 2 1 20 1254 30 171
375 2 2 1 20 1253 1255 1254
376 2 2 1 20 185 1246 184
377 2 2 1 20 1247 1252 1248
378 2 2 1 20 1247 1256 1252
379 2 2 1 20 189 1252 1256
380 2 2 1 20 1248 170 169
381 2 2 1 20 1244 1257 1250
382 2 2 1 20 1247 169 168
383 2 2 1 20 1244 1242 1257
384 2 2 1 20 1250 168 167
385 2 2 1 20 187 1257 1242
386 2 2 1 20 1244 167 166
387 2 2 1 20 1250 1256 1247
388 2 2 1 20 1243 166 165
389 2 2 1 20 1250 1257 1256
390 2 2 1 20 188 1256 1257
391 2 2 1 20 1245 165 29
392 2 2 1 20 1242 1243 1249
393 2 2 1 20 171 1253 1254
394 2 2 1 20 191 1251 190
395 2 2 1 20 1248 1253 170
396 2 2 1 20 191 1258 1255
397 2 2 1 20 196 1258 33
398 2 2 1 20 1258 196 1255
399 2 2 1 20 1258 191 33
400 2 2 1 20 188 1257 187
401 2 2 1 20 190 1252 189
402 2 2 1 20 189 1256 188
403 2 2 1 20 191 1255 1251
404 2 2 1 20 1253 1251 1255
405 2 2 1 20 196 1254 1255
406 2 2 1 20 1254 196 197
407 2 2 1 20 1253 171 170
408 2 2 1 21 216 205 35
409 2 2 1 21 178 1260 1259
410 2 2 1 21 1260 1262 1261
411 2 2 1 21 1263 1265 1264
412 2 2 1 21 1264 1265 204
413 2 2 1 21 1266 1268 1267
414 2 2 1 21 1260 178 1262
415 2 2 1 21 177 1262 178
416 2 2 1 21 1267 1268 1269
417 2 2 1 21 1269 1268 1270
418 2 2 1 21 179 1259 1270
419 2 2 1 21 1271 1267 1269
420 2 2 1 21 1271 1269 202
421 2 2 1 21 202 1269 201
422 2 2 1 21 1264 215 1263
423 2 2 1 21 31 217 1272
424 2 2 1 21 1261 1273 198
425 2 2 1 21 177 31 1272
426 2 2 1 21 1272 1262 177
427 2 2 1 21 1260 1261 1274
428 2 2 1 21 1274 1261 199
429 2 2 1 21 1270 1268 180
430 2 2 1 21 1274 1259 1260
431 2 2 1 21 1270 180 179
432 2 2 1 21 1275 1274 200
433 2 2 1 21 1259 1274 1275
434 2 2 1 21 1272 1273 1262
435 2 2 1 21 1270 1275 1269
436 2 2 1 21 1269 1275 201
437 2 2 1 21 1261 1262 1273
438 2 2 1 21 1272 218 1273
439 2 2 1 21 215 32 1263
440 2 2 1 21 1276 1263 32
441 2 2 1 21 183 1276 32
442 2 2 1 21 1265 1277 1271
443 2 2 1 21 1270 1259 1275
444 2 2 1 21 1266 1267 1277
445 2 2 1 21 1271 1277 1267
446 2 2 1 21 205 216 215
447 2 2 1 21 203 1265 1271
448 2 2 1 21 1268 181 180
449 2 2 1 21 1266 1277 1276
450 2 2 1 21 182 1266 1276
451 2 2 1 21 1266 182 181
452 2 2 1 21 1271 202 203
453 2 2 1 21 1265 1263 1277
454 2 2 1 21 204 1265 203
455 2 2 1 21 181 1268 1266
456 2 2 1 21 218 1272 217
457 2 2 1 21 1264 204 205
458 2 2 1 21 199 1261 198
459 2 2 1 21 215 1264 205
460 2 2 1 21 200 1274 199
461 2 2 1 21 201 1275 200
462 2 2 1 21 1263 1276 1277
463 2 2 1 21 198 1273 34
464 2 2 1 21 1273 218 34
465 2 2 1 21 1259 179 178
466 2 2 1 21 182 1276 183
467 2 2 1 22 1278 1280 1279
468 2 2 1 22 216 35 206
469 2 2 1 22 1279 1280 191
470 2 2 1 22 1281 1282 1279
471 2 2 1 22 1281 1279 190
472 2 2 1 22 1283 1284 1281
473 2 2 1 22 1283 1281 189
474 2 2 1 22 1285 1287 1286
475 2 2 1 22 1285 1286 211
476 2 2 1 22 1288 1287 1283
477 2 2 1 22 1288 1283 188
478 2 2 1 22 219 1278 36
479 2 2 1 22 1284 1285 212
480 2 2 1 22 1278 214 36
481 2 2 1 22 1279 1282 1278
482 2 2 1 22 214 1278 1282
483 2 2 1 22 1289 1288 187
484 2 2 1 22 214 1282 213
485 2 2 1 22 1286 1291 1290
486 2 2 1 22 1286 1290 210
487 2 2 1 22 1281 1284 1282
488 2 2 1 22 213 1282 1284
489 2 2 1 22 213 1284 212
490 2 2 1 22 1292 1293 186
491 2 2 1 22 1293 1289 186
492 2 2 1 22 1290 1293 1294
493 2 2 1 22 1290 1294 209
494 2 2 1 22 1292 1295 1293
495 2 2 1 22 1295 1294 1293
496 2 2 1 22 1294 1295 1296
497 2 2 1 22 1294 1296 208
498 2 2 1 22 1295 1297 1296
499 2 2 1 22 220 33 1280
500 2 2 1 22 1280 33 191
501 2 2 1 22 185 1292 186
502 2 2 1 22 1285 211 212
503 2 2 1 22 1291 1293 1290
504 2 2 1 22 1289 1293 1291
505 2 2 1 22 1291 1288 1289
506 2 2 1 22 1296 1298 207
507 2 2 1 22 1287 1291 1286
508 2 2 1 22 1288 1291 1287
509 2 2 1 22 1284 1287 1285
510 2 2 1 22 1283 1287 1284
511 2 2 1 22 1297 1298 1296
512 2 2 1 22 1298 1297 215
513 2 2 1 22 1297 1300 1299
514 2 2 1 22 1300 184 1299
515 2 2 1 22 1279 191 190
516 2 2 1 22 1295 1292 1300
517 2 2 1 22 211 1286 210
518 2 2 1 22 1292 185 1300
519 2 2 1 22 210 1290 209
520 2 2 1 22 1298 216 206
521 2 2 1 22 1281 190 189
522 2 2 1 22 1298 215 216
523 2 2 1 22 209 1294 208
524 2 2 1 22 207 1298 206
525 2 2 1 22 1283 189 188
526 2 2 1 22 219 1280 1278
527 2 2 1 22 1288 188 187
528 2 2 1 22 1280 219 220
529 2 2 1 22 1289 187 186
530 2 2 1 22 1299 184 32
531 2 2 1 22 208 1296 207
532 2 2 1 22 1300 1297 1295
533 2 2 1 22 1300 185 184
534 2 2 1 22 1299 215 1297
535 2 2 1 22 215 1299 32
536 2 2 1 23 240 1302 1301
537 2 2 1 23 1303 1305 1304
538 2 2 1 23 240 1301 241
539 2 2 1 23 240 35 1302
540 2 2 1 23 1302 35 1306
541 2 2 1 23 35 205 1306
542 2 2 1 23 1307 1302 1308
543 2 2 1 23 1302 1306 1308
544 2 2 1 23 242 229 38
545 2 2 1 23 1303 1310 1309
546 2 2 1 23 1303 1309 225
547 2 2 1 23 225 1309 224
548 2 2 1 23 1311 1313 1312
549 2 2 1 23 1311 243 1313
550 2 2 1 23 244 1313 243
551 2 2 1 23 1314 1312 1313
552 2 2 1 23 222 1315 1314
553 2 2 1 23 1305 1303 1316
554 2 2 1 23 1316 1303 226
555 2 2 1 23 241 229 242
556 2 2 1 23 226 1303 225
557 2 2 1 23 1317 1312 1314
558 2 2 1 23 1313 1318 1314
559 2 2 1 23 1314 1318 221
560 2 2 1 23 1311 1312 198
561 2 2 1 23 198 1312 199
562 2 2 1 23 1319 1308 1306
563 2 2 1 23 1306 204 1319
564 2 2 1 23 241 1301 229
565 2 2 1 23 228 229 1301
566 2 2 1 23 1320 1321 1317
567 2 2 1 23 1322 1320 1317
568 2 2 1 23 1309 1320 1322
569 2 2 1 23 1309 1322 224
570 2 2 1 23 224 1322 223
571 2 2 1 23 1323 1305 1319
572 2 2 1 23 1308 1319 1305
573 2 2 1 23 203 1323 1319
574 2 2 1 23 1315 1317 1314
575 2 2 1 23 1316 1308 1305
576 2 2 1 23 1310 1324 1320
577 2 2 1 23 1309 1310 1320
578 2 2 1 23 1323 1304 1305
579 2 2 1 23 1308 1316 1307
580 2 2 1 23 227 1307 1316
581 2 2 1 23 228 1301 1307
582 2 2 1 23 228 1307 227
583 2 2 1 23 1320 1324 1321
584 2 2 1 23 200 1321 1324
585 2 2 1 23 1314 221 222
586 2 2 1 23 200 1324 201
587 2 2 1 23 1317 1321 1312
588 2 2 1 23 199 1312 1321
589 2 2 1 23 227 1316 226
590 2 2 1 23 1315 222 223
591 2 2 1 23 199 1321 200
592 2 2 1 23 1310 1325 1324
593 2 2 1 23 201 1324 1325
594 2 2 1 23 201 1325 202
595 2 2 1 23 1304 1325 1310
596 2 2 1 23 1303 1304 1310
597 2 2 1 23 1322 1317 1315
598 2 2 1 23 223 1322 1315
599 2 2 1 23 202 1323 203
600 2 2 1 23 1304 1323 1325
601 2 2 1 23 202 1325 1323
602 2 2 1 23 1311 198 34
603 2 2 1 23 243 1311 34
604 2 2 1 23 221 1318 37
605 2 2 1 23 244 1318 1313
606 2 2 1 23 1318 244 37
607 2 2 1 23 204 1306 205
608 2 2 1 23 1302 1307 1301
609 2 2 1 23 1319 204 203
610 2 2 1 24 235 1327 1326
611 2 2 1 24 235 1326 234
612 2 2 1 24 1328 1330 1329
613 2 2 1 24 1329 1330 211
614 2 2 1 24 1326 1332 1331
615 2 2 1 24 1331 1333 233
616 2 2 1 24 1326 1331 234
617 2 2 1 24 230 242 38
618 2 2 1 24 234 1331 233
619 2 2 1 24 1334 1336 1335
620 2 2 1 24 1335 1336 214
621 2 2 1 24 1335 214 213
622 2 2 1 24 1337 35 240
623 2 2 1 24 1338 1337 240
624 2 2 1 24 1328 1329 1339
625 2 2 1 24 1340 232 1333
626 2 2 1 24 1333 232 233
627 2 2 1 24 1341 1334 1342
628 2 2 1 24 1341 1342 239
629 2 2 1 24 1339 1327 1328
630 2 2 1 24 1327 236 1328
631 2 2 1 24 1343 1331 1332
632 2 2 1 24 1342 1344 238
633 2 2 1 24 1343 1345 1331
634 2 2 1 24 1345 1333 1331
635 2 2 1 24 1346 1332 1326
636 2 2 1 24 1344 1347 237
637 2 2 1 24 1345 1338 1340
638 2 2 1 24 1338 1345 1337
639 2 2 1 24 1330 1348 212
640 2 2 1 24 1339 1329 210
641 2 2 1 24 1330 212 211
642 2 2 1 24 1342 1348 1344
643 2 2 1 24 1342 1335 1348
644 2 2 1 24 236 1327 235
645 2 2 1 24 1327 1339 1346
646 2 2 1 24 1346 1339 209
647 2 2 1 24 209 1339 210
648 2 2 1 24 1346 1326 1327
649 2 2 1 24 1348 1335 213
650 2 2 1 24 1348 213 212
651 2 2 1 24 1334 1335 1342
652 2 2 1 24 1349 231 1338
653 2 2 1 24 246 36 1336
654 2 2 1 24 1336 36 214
655 2 2 1 24 241 1349 1338
656 2 2 1 24 1342 238 239
657 2 2 1 24 1338 240 241
658 2 2 1 24 208 1332 1346
659 2 2 1 24 208 1346 209
660 2 2 1 24 1338 231 1340
661 2 2 1 24 1340 231 232
662 2 2 1 24 1344 1330 1347
663 2 2 1 24 242 230 241
664 2 2 1 24 1344 1348 1330
665 2 2 1 24 1337 206 35
666 2 2 1 24 1332 208 1343
667 2 2 1 24 1344 237 238
668 2 2 1 24 207 1343 208
669 2 2 1 24 1345 1343 1350
670 2 2 1 24 1343 207 1350
671 2 2 1 24 245 1336 1334
672 2 2 1 24 1336 245 246
673 2 2 1 24 231 1349 230
674 2 2 1 24 1349 241 230
675 2 2 1 24 1341 239 39
676 2 2 1 24 1341 245 1334
677 2 2 1 24 245 1341 39
678 2 2 1 24 206 1350 207
679 2 2 1 24 1345 1350 1337
680 2 2 1 24 1350 206 1337
681 2 2 1 24 1333 1345 1340
682 2 2 1 24 1347 1328 236
683 2 2 1 24 1328 1347 1330
684 2 2 1 24 237 1347 236
685 2 2 1 24 210 1329 211
686 2 2 1 25 272 257 41
687 2 2 1 25 1351 1353 1352
688 2 2 1 25 1351 255 256
689 2 2 1 25 1354 1352 1353
690 2 2 1 25 1355 1357 1356
691 2 2 1 25 1355 273 1357
692 2 2 1 25 274 1357 273
693 2 2 1 25 1351 271 1353
694 2 2 1 25 1353 270 1358
695 2 2 1 25 270 1353 271
696 2 2 1 25 1359 272 271
697 2 2 1 25 1359 1351 256
698 2 2 1 25 1360 1362 1361
699 2 2 1 25 1361 1362 1363
700 2 2 1 25 1364 1354 1358
701 2 2 1 25 229 1364 1358
702 2 2 1 25 1365 247 1366
703 2 2 1 25 1367 1365 1366
704 2 2 1 25 248 1366 247
705 2 2 1 25 1352 1363 1362
706 2 2 1 25 255 1352 254
707 2 2 1 25 254 1352 1362
708 2 2 1 25 1368 1370 1369
709 2 2 1 25 1370 1371 1369
710 2 2 1 25 1372 1373 1370
711 2 2 1 25 1373 1374 1370
712 2 2 1 25 1375 1376 1373
713 2 2 1 25 1376 1377 1373
714 2 2 1 25 1362 1360 1378
715 2 2 1 25 253 1362 1378
716 2 2 1 25 1362 253 254
717 2 2 1 25 228 1361 1364
718 2 2 1 25 1361 1363 1364
719 2 2 1 25 227 1361 228
720 2 2 1 25 1379 1360 1361
721 2 2 1 25 1377 1376 1380
722 2 2 1 25 1380 226 1377
723 2 2 1 25 272 256 257
724 2 2 1 25 1377 226 225
725 2 2 1 25 1374 1373 1377
726 2 2 1 25 1377 225 1374
727 2 2 1 25 1374 225 224
728 2 2 1 25 1367 1356 1357
729 2 2 1 25 1355 1356 221
730 2 2 1 25 1375 1373 1372
731 2 2 1 25 1372 250 1375
732 2 2 1 25 1375 250 251
733 2 2 1 25 1371 1370 1374
734 2 2 1 25 1374 224 1371
735 2 2 1 25 1371 224 223
736 2 2 1 25 1372 1370 1368
737 2 2 1 25 1368 249 1372
738 2 2 1 25 1372 249 250
739 2 2 1 25 1356 1369 1381
740 2 2 1 25 1356 1367 1369
741 2 2 1 25 1367 1366 1369
742 2 2 1 25 1368 1369 1366
743 2 2 1 25 1366 248 1368
744 2 2 1 25 1368 248 249
745 2 2 1 25 1360 1382 1378
746 2 2 1 25 1380 1360 1379
747 2 2 1 25 1376 1382 1360
748 2 2 1 25 1380 1376 1360
749 2 2 1 25 222 1356 1381
750 2 2 1 25 270 38 1358
751 2 2 1 25 229 1358 38
752 2 2 1 25 226 1380 1379
753 2 2 1 25 227 1379 1361
754 2 2 1 25 1381 1369 1371
755 2 2 1 25 1371 223 1381
756 2 2 1 25 1383 1376 1375
757 2 2 1 25 1375 251 1383
758 2 2 1 25 1365 274 40
759 2 2 1 25 274 1365 1357
760 2 2 1 25 247 1365 40
761 2 2 1 25 1365 1367 1357
762 2 2 1 25 1382 1376 1383
763 2 2 1 25 252 1382 1383
764 2 2 1 25 255 1351 1352
765 2 2 1 25 1356 222 221
766 2 2 1 25 253 1378 1382
767 2 2 1 25 1382 252 253
768 2 2 1 25 1381 223 222
769 2 2 1 25 273 1355 37
770 2 2 1 25 1355 221 37
771 2 2 1 25 1352 1354 1363
772 2 2 1 25 228 1364 229
773 2 2 1 25 1354 1364 1363
774 2 2 1 25 1379 227 226
775 2 2 1 25 1354 1353 1358
776 2 2 1 25 1383 251 252
777 2 2 1 25 272 1359 256
778 2 2 1 25 1351 1359 271
779 2 2 1 26 1384 1386 1385
780 2 2 1 26 1384 1385 1387
781 2 2 1 26 41 258 272
782 2 2 1 26 1388 1390 1389
783 2 2 1 26 1391 1392 1389
784 2 2 1 26 1389 1390 1393
785 2 2 1 26 1393 1391 1389
786 2 2 1 26 1394 1396 1395
787 2 2 1 26 1394 1395 1384
788 2 2 1 26 268 1395 1396
789 2 2 1 26 275 1386 42
790 2 2 1 26 1386 269 42
791 2 2 1 26 1397 260 1398
792 2 2 1 26 1397 1399 260
793 2 2 1 26 1385 239 1387
794 2 2 1 26 1391 1400 1392
795 2 2 1 26 1401 1402 1391
796 2 2 1 26 1402 1400 1391
797 2 2 1 26 1389 264 1388
798 2 2 1 26 1403 1404 1388
799 2 2 1 26 1388 264 265
800 2 2 1 26 1388 265 1403
801 2 2 1 26 1388 1405 1390
802 2 2 1 26 1404 1405 1388
803 2 2 1 26 1387 1394 1384
804 2 2 1 26 1406 1394 1387
805 2 2 1 26 1387 238 1406
806 2 2 1 26 270 1407 38
807 2 2 1 26 1408 230 1407
808 2 2 1 26 1407 230 38
809 2 2 1 26 1397 1408 1407
810 2 2 1 26 1409 1404 1410
811 2 2 1 26 1404 1403 1410
812 2 2 1 26 1410 1396 1394
813 2 2 1 26 1406 1410 1394
814 2 2 1 26 275 1385 1386
815 2 2 1 26 276 1385 275
816 2 2 1 26 1398 261 1411
817 2 2 1 26 1411 261 262
818 2 2 1 26 1398 260 261
819 2 2 1 26 1409 1410 1406
820 2 2 1 26 1406 237 1409
821 2 2 1 26 1387 239 238
822 2 2 1 26 1409 237 236
823 2 2 1 26 1403 265 266
824 2 2 1 26 1406 238 237
825 2 2 1 26 1396 1410 1412
826 2 2 1 26 276 39 1385
827 2 2 1 26 1385 39 239
828 2 2 1 26 267 1396 1412
829 2 2 1 26 1413 1402 1401
830 2 2 1 26 1401 232 1413
831 2 2 1 26 263 1392 1400
832 2 2 1 26 1401 1391 1393
833 2 2 1 26 1393 233 1401
834 2 2 1 26 1401 233 232
835 2 2 1 26 1414 1415 1408
836 2 2 1 26 1415 230 1408
837 2 2 1 26 230 1415 231
838 2 2 1 26 234 1390 1405
839 2 2 1 26 260 1416 259
840 2 2 1 26 260 1399 1416
841 2 2 1 26 1417 1404 1409
842 2 2 1 26 1409 236 1417
843 2 2 1 26 1412 1410 1403
844 2 2 1 26 1403 266 1412
845 2 2 1 26 271 258 1416
846 2 2 1 26 258 271 272
847 2 2 1 26 1416 258 259
848 2 2 1 26 271 1416 1399
849 2 2 1 26 1397 1407 1399
850 2 2 1 26 1399 1407 270
851 2 2 1 26 1390 234 1393
852 2 2 1 26 1393 234 233
853 2 2 1 26 1400 1402 1411
854 2 2 1 26 262 1400 1411
855 2 2 1 26 1386 1384 1395
856 2 2 1 26 269 1386 1395
857 2 2 1 26 1402 1415 1414
858 2 2 1 26 1415 1402 1413
859 2 2 1 26 231 1415 1413
860 2 2 1 26 264 1389 1392
861 2 2 1 26 1392 263 264
862 2 2 1 26 1405 1404 1417
863 2 2 1 26 235 1405 1417
864 2 2 1 26 1400 262 263
865 2 2 1 26 1397 1414 1408
866 2 2 1 26 1414 1397 1398
867 2 2 1 26 1411 1414 1398
868 2 2 1 26 1414 1411 1402
869 2 2 1 26 1413 232 231
870 2 2 1 26 1405 235 234
871 2 2 1 26 1417 236 235
872 2 2 1 26 1412 266 267
873 2 2 1 26 1396 267 268
874 2 2 1 26 1395 268 269
875 2 2 1 26 1399 270 271
876 2 2 1 27 283 1419 1418
877 2 2 1 27 283 1418 282
878 2 2 1 27 1420 1422 1421
879 2 2 1 27 1423 1422 1424
880 2 2 1 27 307 306 289
881 2 2 1 27 1422 1420 1424
882 2 2 1 27 287 1423 286
883 2 2 1 27 1425 1426 253
884 2 2 1 27 1425 1427 1426
885 2 2 1 27 1426 254 253
886 2 2 1 27 1428 1419 283
887 2 2 1 27 289 44 307
888 2 2 1 27 1427 1419 1428
889 2 2 1 27 284 1428 283
890 2 2 1 27 1429 1422 1430
891 2 2 1 27 287 1430 1422
892 2 2 1 27 1431 1433 1432
893 2 2 1 27 1434 1433 1431
894 2 2 1 27 1433 248 1432
895 2 2 1 27 1435 1426 1427
896 2 2 1 27 1428 1435 1427
897 2 2 1 27 1436 1435 1428
898 2 2 1 27 1434 1438 1437
899 2 2 1 27 279 1437 1438
900 2 2 1 27 279 1438 278
901 2 2 1 27 1439 1440 1423
902 2 2 1 27 286 1423 1440
903 2 2 1 27 286 1440 285
904 2 2 1 27 1441 1424 1420
905 2 2 1 27 1420 257 1441
906 2 2 1 27 1430 287 288
907 2 2 1 27 1435 1442 1426
908 2 2 1 27 1432 1444 1443
909 2 2 1 27 1444 309 1443
910 2 2 1 27 1445 1425 252
911 2 2 1 27 1445 1446 1425
912 2 2 1 27 1425 253 252
913 2 2 1 27 1439 1423 1424
914 2 2 1 27 1447 1448 1443
915 2 2 1 27 309 1447 1443
916 2 2 1 27 1449 1445 251
917 2 2 1 27 1426 1442 254
918 2 2 1 27 1449 1450 1445
919 2 2 1 27 1445 252 251
920 2 2 1 27 1451 1439 1441
921 2 2 1 27 1441 1439 1424
922 2 2 1 27 308 1444 40
923 2 2 1 27 1441 257 256
924 2 2 1 27 1444 247 40
925 2 2 1 27 1452 1449 250
926 2 2 1 27 1452 1453 1449
927 2 2 1 27 1449 251 250
928 2 2 1 27 1447 310 43
929 2 2 1 27 277 1447 43
930 2 2 1 27 1428 284 1436
931 2 2 1 27 1436 284 285
932 2 2 1 27 1452 1434 1454
933 2 2 1 27 1434 1437 1454
934 2 2 1 27 1453 1455 1450
935 2 2 1 27 1449 1453 1450
936 2 2 1 27 1446 1419 1427
937 2 2 1 27 1425 1446 1427
938 2 2 1 27 1442 1435 1451
939 2 2 1 27 1439 1451 1435
940 2 2 1 27 255 1442 1451
941 2 2 1 27 1450 1418 1446
942 2 2 1 27 1445 1450 1446
943 2 2 1 27 289 306 1430
944 2 2 1 27 288 289 1430
945 2 2 1 27 1452 1454 1453
946 2 2 1 27 1454 1456 1453
947 2 2 1 27 287 1422 1423
948 2 2 1 27 1422 1429 1421
949 2 2 1 27 1421 1429 305
950 2 2 1 27 1433 1434 1452
951 2 2 1 27 1452 249 1433
952 2 2 1 27 1450 1455 1418
953 2 2 1 27 282 1418 1455
954 2 2 1 27 282 1455 281
955 2 2 1 27 1453 1456 1455
956 2 2 1 27 281 1455 1456
957 2 2 1 27 281 1456 280
958 2 2 1 27 1454 1437 1456
959 2 2 1 27 280 1456 1437
960 2 2 1 27 280 1437 279
961 2 2 1 27 305 1429 306
962 2 2 1 27 1446 1418 1419
963 2 2 1 27 304 1421 305
964 2 2 1 27 1438 1431 1448
965 2 2 1 27 278 1438 1448
966 2 2 1 27 1420 1421 304
967 2 2 1 27 1420 304 41
968 2 2 1 27 257 1420 41
969 2 2 1 27 1433 249 248
970 2 2 1 27 1452 250 249
971 2 2 1 27 1430 306 1429
972 2 2 1 27 1438 1434 1431
973 2 2 1 27 1440 1439 1435
974 2 2 1 27 1435 1436 1440
975 2 2 1 27 1436 285 1440
976 2 2 1 27 1441 256 1451
977 2 2 1 27 247 1444 1432
978 2 2 1 27 309 1444 308
979 2 2 1 27 1447 309 310
980 2 2 1 27 1447 277 1448
981 2 2 1 27 278 1448 277
982 2 2 1 27 1432 248 247
983 2 2 1 27 1431 1443 1448
984 2 2 1 27 1443 1431 1432
985 2 2 1 27 1451 256 255
986 2 2 1 27 1442 255 254
987 2 2 1 28 1457 1459 1458
988 2 2 1 28 1457 1458 1460
989 2 2 1 28 1461 1463 1462
990 2 2 1 28 1462 1463 1464
991 2 2 1 28 1465 306 290
992 2 2 1 28 291 1465 290
993 2 2 1 28 1466 1468 1467
994 2 2 1 28 1467 1468 1469
995 2 2 1 28 305 1471 1470
996 2 2 1 28 1472 1473 292
997 2 2 1 28 1472 1474 1473
998 2 2 1 28 1472 292 293
999 2 2 1 28 1475 1472 293
1000 2 2 1 28 1475 293 294
1001 2 2 1 28 290 307 44
1002 2 2 1 28 1473 1474 1470
1003 2 2 1 28 1459 1467 1469
1004 2 2 1 28 1458 1459 1469
1005 2 2 1 28 1469 1476 1458
1006 2 2 1 28 1476 1469 1477
1007 2 2 1 28 1478 1466 1479
1008 2 2 1 28 1480 1468 1478
1009 2 2 1 28 1468 1466 1478
1010 2 2 1 28 311 1461 45
1011 2 2 1 28 1461 303 45
1012 2 2 1 28 1481 1483 1482
1013 2 2 1 28 1484 1485 1483
1014 2 2 1 28 1481 1484 1483
1015 2 2 1 28 1486 1460 1458
1016 2 2 1 28 1464 1488 1487
1017 2 2 1 28 1489 1488 1490
1018 2 2 1 28 1490 1488 1463
1019 2 2 1 28 1488 1464 1463
1020 2 2 1 28 1491 1470 1474
1021 2 2 1 28 1457 294 295
1022 2 2 1 28 1471 1492 1473
1023 2 2 1 28 306 1471 305
1024 2 2 1 28 1461 1493 1463
1025 2 2 1 28 1494 1474 1472
1026 2 2 1 28 1494 1472 1475
1027 2 2 1 28 1491 1474 1495
1028 2 2 1 28 1491 1495 258
1029 2 2 1 28 1491 41 304
1030 2 2 1 28 290 306 307
1031 2 2 1 28 1496 1493 1461
1032 2 2 1 28 1496 269 1493
1033 2 2 1 28 1484 1479 1485
1034 2 2 1 28 1497 1478 1484
1035 2 2 1 28 1478 1479 1484
1036 2 2 1 28 305 1470 304
1037 2 2 1 28 1481 1482 1498
1038 2 2 1 28 1494 1499 1495
1039 2 2 1 28 1499 259 1495
1040 2 2 1 28 1493 269 268
1041 2 2 1 28 311 1496 1461
1042 2 2 1 28 312 1496 311
1043 2 2 1 28 312 42 1496
1044 2 2 1 28 1496 42 269
1045 2 2 1 28 1457 1475 294
1046 2 2 1 28 1457 1460 1475
1047 2 2 1 28 1494 1475 1460
1048 2 2 1 28 1487 1482 1483
1049 2 2 1 28 1498 1482 1489
1050 2 2 1 28 1482 1487 1488
1051 2 2 1 28 1483 300 1487
1052 2 2 1 28 1487 300 301
1053 2 2 1 28 1490 1463 1493
1054 2 2 1 28 268 1490 1493
1055 2 2 1 28 1487 301 1464
1056 2 2 1 28 1464 301 302
1057 2 2 1 28 1471 1473 1470
1058 2 2 1 28 1488 1489 1482
1059 2 2 1 28 1489 266 1498
1060 2 2 1 28 1476 261 1458
1061 2 2 1 28 1477 1469 1468
1062 2 2 1 28 1477 262 1476
1063 2 2 1 28 1480 1478 1497
1064 2 2 1 28 1497 264 1480
1065 2 2 1 28 1464 302 1462
1066 2 2 1 28 1497 1484 1481
1067 2 2 1 28 1481 265 1497
1068 2 2 1 28 1497 265 264
1069 2 2 1 28 291 1492 1465
1070 2 2 1 28 1465 1492 1471
1071 2 2 1 28 292 1492 291
1072 2 2 1 28 1477 1468 1480
1073 2 2 1 28 1480 263 1477
1074 2 2 1 28 1477 263 262
1075 2 2 1 28 265 1481 1498
1076 2 2 1 28 296 1467 1459
1077 2 2 1 28 298 1479 1466
1078 2 2 1 28 297 1466 1467
1079 2 2 1 28 1458 261 1486
1080 2 2 1 28 1486 261 260
1081 2 2 1 28 299 1485 1479
1082 2 2 1 28 1491 258 41
1083 2 2 1 28 303 1461 1462
1084 2 2 1 28 1460 1486 1499
1085 2 2 1 28 1486 260 1499
1086 2 2 1 28 295 1459 1457
1087 2 2 1 28 298 1466 297
1088 2 2 1 28 1473 1492 292
1089 2 2 1 28 1480 264 263
1090 2 2 1 28 300 1483 1485
1091 2 2 1 28 1485 299 300
1092 2 2 1 28 1479 298 299
1093 2 2 1 28 306 1465 1471
1094 2 2 1 28 1462 302 303
1095 2 2 1 28 1489 267 266
1096 2 2 1 28 296 1459 295
1097 2 2 1 28 267 1489 1490
1098 2 2 1 28 297 1467 296
1099 2 2 1 28 304 1470 1491
1100 2 2 1 28 1490 268 267
1101 2 2 1 28 258 1495 259
1102 2 2 1 28 1494 1495 1474
1103 2 2 1 28 259 1499 260
1104 2 2 1 28 1460 1499 1494
1105 2 2 1 28 1476 262 261
1106 2 2 1 28 1498 266 265
1107 2 2 1 29 1500 1502 1501
1108 2 2 1 29 1503 1505 1504
1109 2 2 1 29 1500 1501 1506
1110 2 2 1 29 1507 1509 1508
1111 2 2 1 29 1510 1511 1500
1112 2 2 1 29 1510 1500 1506
1113 2 2 1 29 280 1513 1512
1114 2 2 1 29 280 1512 281
1115 2 2 1 29 1514 1515 324
1116 2 2 1 29 324 1515 323
1117 2 2 1 29 1516 1518 1517
1118 2 2 1 29 1519 1517 1518
1119 2 2 1 29 347 327 47
1120 2 2 1 29 1520 1503 1521
1121 2 2 1 29 1504 1521 1503
1122 2 2 1 29 1520 313 1503
1123 2 2 1 29 324 325 1514
1124 2 2 1 29 1514 325 1522
1125 2 2 1 29 1501 1502 320
1126 2 2 1 29 1523 1524 1521
1127 2 2 1 29 1525 1502 1526
1128 2 2 1 29 1521 1504 1523
1129 2 2 1 29 277 1524 1523
1130 2 2 1 29 1523 278 277
1131 2 2 1 29 1527 1519 1528
1132 2 2 1 29 1527 1528 1529
1133 2 2 1 29 283 1527 1529
1134 2 2 1 29 1530 319 1502
1135 2 2 1 29 1525 1530 1502
1136 2 2 1 29 320 1502 319
1137 2 2 1 29 1531 1517 1519
1138 2 2 1 29 1510 1506 1532
1139 2 2 1 29 1532 1533 1510
1140 2 2 1 29 1508 1509 1516
1141 2 2 1 29 1512 1508 1517
1142 2 2 1 29 347 346 1534
1143 2 2 1 29 1508 1516 1517
1144 2 2 1 29 1535 1532 1506
1145 2 2 1 29 1506 1501 1535
1146 2 2 1 29 347 1534 327
1147 2 2 1 29 1536 1535 322
1148 2 2 1 29 1536 323 1515
1149 2 2 1 29 323 1536 322
1150 2 2 1 29 1509 1507 1537
1151 2 2 1 29 1505 1537 1507
1152 2 2 1 29 1538 1505 1507
1153 2 2 1 29 1513 1508 1512
1154 2 2 1 29 349 1520 1521
1155 2 2 1 29 1533 1540 1539
1156 2 2 1 29 1540 1536 1515
1157 2 2 1 29 1533 1539 287
1158 2 2 1 29 1529 1528 1525
1159 2 2 1 29 1529 1525 1526
1160 2 2 1 29 348 1524 43
1161 2 2 1 29 1524 277 43
1162 2 2 1 29 1520 350 46
1163 2 2 1 29 1533 1532 1540
1164 2 2 1 29 313 1520 46
1165 2 2 1 29 1519 1518 1530
1166 2 2 1 29 1518 318 1530
1167 2 2 1 29 319 1530 318
1168 2 2 1 29 1516 317 1518
1169 2 2 1 29 318 1518 317
1170 2 2 1 29 1509 316 1516
1171 2 2 1 29 317 1516 316
1172 2 2 1 29 1524 349 1521
1173 2 2 1 29 1541 1543 1542
1174 2 2 1 29 289 1544 1541
1175 2 2 1 29 1537 1505 1503
1176 2 2 1 29 1503 314 1537
1177 2 2 1 29 1515 1545 1540
1178 2 2 1 29 1537 314 315
1179 2 2 1 29 1546 325 326
1180 2 2 1 29 1545 1539 1540
1181 2 2 1 29 1540 1532 1536
1182 2 2 1 29 1546 1534 1547
1183 2 2 1 29 1519 1530 1528
1184 2 2 1 29 1507 1513 1538
1185 2 2 1 29 1503 313 314
1186 2 2 1 29 279 1538 1513
1187 2 2 1 29 1547 346 345
1188 2 2 1 29 279 1513 280
1189 2 2 1 29 1511 1526 1500
1190 2 2 1 29 1502 1500 1526
1191 2 2 1 29 315 1509 1537
1192 2 2 1 29 316 1509 315
1193 2 2 1 29 1523 1504 1538
1194 2 2 1 29 1505 1538 1504
1195 2 2 1 29 278 1523 1538
1196 2 2 1 29 278 1538 279
1197 2 2 1 29 1510 1533 286
1198 2 2 1 29 1535 1501 321
1199 2 2 1 29 1531 1519 1527
1200 2 2 1 29 282 1531 1527
1201 2 2 1 29 1532 1535 1536
1202 2 2 1 29 1546 326 1534
1203 2 2 1 29 327 1534 326
1204 2 2 1 29 1529 1526 1511
1205 2 2 1 29 284 1529 1511
1206 2 2 1 29 1522 325 1546
1207 2 2 1 29 345 1542 1547
1208 2 2 1 29 345 344 1542
1209 2 2 1 29 1539 1545 1544
1210 2 2 1 29 288 1539 1544
1211 2 2 1 29 344 1541 1542
1212 2 2 1 29 285 1511 1510
1213 2 2 1 29 1513 1507 1508
1214 2 2 1 29 1530 1525 1528
1215 2 2 1 29 1541 344 44
1216 2 2 1 29 289 1541 44
1217 2 2 1 29 1547 1534 346
1218 2 2 1 29 1520 349 350
1219 2 2 1 29 349 1524 348
1220 2 2 1 29 1547 1522 1546
1221 2 2 1 29 1543 1514 1522
1222 2 2 1 29 1514 1543 1545
1223 2 2 1 29 288 1544 289
1224 2 2 1 29 1543 1544 1545
1225 2 2 1 29 287 1539 288
1226 2 2 1 29 1543 1541 1544
1227 2 2 1 29 1522 1548 1543
1228 2 2 1 29 1548 1542 1543
1229 2 2 1 29 1542 1548 1547
1230 2 2 1 29 286 1533 287
1231 2 2 1 29 285 1510 286
1232 2 2 1 29 284 1511 285
1233 2 2 1 29 283 1529 284
1234 2 2 1 29 1545 1515 1514
1235 2 2 1 29 1548 1522 1547
1236 2 2 1 29 1512 1517 1531
1237 2 2 1 29 321 1501 320
1238 2 2 1 29 281 1512 1531
1239 2 2 1 29 282 1527 283
1240 2 2 1 29 322 1535 321
1241 2 2 1 29 281 1531 282
1242 2 2 1 30 1549 1551 1550
1243 2 2 1 30 1549 1550 343
1244 2 2 1 30 1552 1554 1553
1245 2 2 1 30 1554 1552 1555
1246 2 2 1 30 1556 1558 1557
1247 2 2 1 30 1556 1557 1559
1248 2 2 1 30 1560 1556 1561
1249 2 2 1 30 1561 1556 1559
1250 2 2 1 30 1562 1563 1561
1251 2 2 1 30 1562 1561 1559
1252 2 2 1 30 1562 1565 1564
1253 2 2 1 30 1562 1564 1566
1254 2 2 1 30 1567 1568 332
1255 2 2 1 30 1567 332 333
1256 2 2 1 30 1569 1571 1570
1257 2 2 1 30 1569 1570 1572
1258 2 2 1 30 1573 1575 1574
1259 2 2 1 30 1573 1574 292
1260 2 2 1 30 1554 344 1553
1261 2 2 1 30 1576 331 1577
1262 2 2 1 30 331 332 1577
1263 2 2 1 30 1578 329 1579
1264 2 2 1 30 1576 1577 1552
1265 2 2 1 30 1576 1552 1553
1266 2 2 1 30 1580 303 1581
1267 2 2 1 30 1581 303 302
1268 2 2 1 30 1582 1584 1583
1269 2 2 1 30 1585 1584 1582
1270 2 2 1 30 1586 1585 1582
1271 2 2 1 30 1585 1587 1584
1272 2 2 1 30 1588 1589 1585
1273 2 2 1 30 1587 1585 1589
1274 2 2 1 30 328 347 47
1275 2 2 1 30 290 1555 1573
1276 2 2 1 30 1579 329 330
1277 2 2 1 30 290 1573 291
1278 2 2 1 30 1590 1592 1591
1279 2 2 1 30 1582 1583 1592
1280 2 2 1 30 1590 1582 1592
1281 2 2 1 30 1576 330 331
1282 2 2 1 30 1579 330 1576
1283 2 2 1 30 1593 351 352
1284 2 2 1 30 1560 1594 1556
1285 2 2 1 30 1595 1572 1581
1286 2 2 1 30 1570 1551 1572
1287 2 2 1 30 1551 1581 1572
1288 2 2 1 30 1554 1555 44
1289 2 2 1 30 1563 1566 1596
1290 2 2 1 30 295 1563 1596
1291 2 2 1 30 1551 1549 1593
1292 2 2 1 30 1563 1562 1566
1293 2 2 1 30 294 1563 295
1294 2 2 1 30 1597 1589 1566
1295 2 2 1 30 1596 1566 1589
1296 2 2 1 30 1574 1594 1560
1297 2 2 1 30 292 1574 1560
1298 2 2 1 30 292 1560 293
1299 2 2 1 30 1590 1591 1598
1300 2 2 1 30 328 1578 347
1301 2 2 1 30 290 44 1555
1302 2 2 1 30 1568 1577 332
1303 2 2 1 30 344 1554 44
1304 2 2 1 30 1593 1549 351
1305 2 2 1 30 1593 1580 1581
1306 2 2 1 30 1569 1599 1591
1307 2 2 1 30 1594 1575 1568
1308 2 2 1 30 1568 1575 1600
1309 2 2 1 30 1591 1571 1569
1310 2 2 1 30 1594 1567 1558
1311 2 2 1 30 352 45 1580
1312 2 2 1 30 1580 45 303
1313 2 2 1 30 1558 1556 1594
1314 2 2 1 30 1567 333 1558
1315 2 2 1 30 1571 341 1570
1316 2 2 1 30 1570 341 342
1317 2 2 1 30 1598 1591 1599
1318 2 2 1 30 300 1598 1599
1319 2 2 1 30 1571 1591 1592
1320 2 2 1 30 340 1571 1592
1321 2 2 1 30 1571 340 341
1322 2 2 1 30 1566 1564 1597
1323 2 2 1 30 1564 336 1597
1324 2 2 1 30 338 1584 1587
1325 2 2 1 30 1585 1601 1588
1326 2 2 1 30 1601 297 1588
1327 2 2 1 30 1565 1559 1557
1328 2 2 1 30 1565 1562 1559
1329 2 2 1 30 1587 1589 1597
1330 2 2 1 30 337 1587 1597
1331 2 2 1 30 1589 1588 1596
1332 2 2 1 30 1588 296 1596
1333 2 2 1 30 1563 294 1561
1334 2 2 1 30 1578 1579 1602
1335 2 2 1 30 1576 1553 1579
1336 2 2 1 30 302 1595 1581
1337 2 2 1 30 1550 1551 1570
1338 2 2 1 30 1570 342 1550
1339 2 2 1 30 1565 335 1564
1340 2 2 1 30 299 1590 1598
1341 2 2 1 30 339 1583 1584
1342 2 2 1 30 339 1584 338
1343 2 2 1 30 1601 1585 1586
1344 2 2 1 30 1586 298 1601
1345 2 2 1 30 1579 1553 1602
1346 2 2 1 30 346 1602 345
1347 2 2 1 30 345 1602 1553
1348 2 2 1 30 1561 293 1560
1349 2 2 1 30 1578 328 329
1350 2 2 1 30 346 347 1578
1351 2 2 1 30 346 1578 1602
1352 2 2 1 30 1558 334 1557
1353 2 2 1 30 1557 334 1565
1354 2 2 1 30 335 1565 334
1355 2 2 1 30 1550 342 343
1356 2 2 1 30 1553 344 345
1357 2 2 1 30 1586 1582 1590
1358 2 2 1 30 1590 299 1586
1359 2 2 1 30 1586 299 298
1360 2 2 1 30 1572 1603 1569
1361 2 2 1 30 1603 1572 1595
1362 2 2 1 30 301 1603 1595
1363 2 2 1 30 340 1592 1583
1364 2 2 1 30 1583 339 340
1365 2 2 1 30 1569 1603 1599
1366 2 2 1 30 300 1599 1603
1367 2 2 1 30 1603 301 300
1368 2 2 1 30 1581 1551 1593
1369 2 2 1 30 337 1597 336
1370 2 2 1 30 351 1549 48
1371 2 2 1 30 1567 1594 1568
1372 2 2 1 30 1549 343 48
1373 2 2 1 30 352 1580 1593
1374 2 2 1 30 1552 1600 1555
1375 2 2 1 30 1600 1552 1577
1376 2 2 1 30 291 1573 292
1377 2 2 1 30 1600 1573 1555
1378 2 2 1 30 1598 300 299
1379 2 2 1 30 293 1561 294
1380 2 2 1 30 1600 1575 1573
1381 2 2 1 30 297 1601 298
1382 2 2 1 30 1595 302 301
1383 2 2 1 30 295 1596 296
1384 2 2 1 30 296 1588 297
1385 2 2 1 30 338 1587 337
1386 2 2 1 30 1594 1574 1575
1387 2 2 1 30 1568 1600 1577
1388 2 2 1 30 334 1558 333
1389 2 2 1 30 336 1564 335
1390 2 2 1 31 1604 1606 1605
1391 2 2 1 31 1605 1606 1607
1392 2 2 1 31 1608 1610 1609
1393 2 2 1 31 1609 1610 390
1394 2 2 1 31 1611 1613 1612
1395 2 2 1 31 1611 1612 1609
1396 2 2 1 31 1613 1614 366
1397 2 2 1 31 366 1614 365
1398 2 2 1 31 391 390 1610
1399 2 2 1 31 391 1610 369
1400 2 2 1 31 1615 1616 1611
1401 2 2 1 31 1615 1611 388
1402 2 2 1 31 389 388 1611
1403 2 2 1 31 1617 1618 1614
1404 2 2 1 31 1614 1619 1617
1405 2 2 1 31 1618 365 1614
1406 2 2 1 31 369 1610 368
1407 2 2 1 31 1615 388 47
1408 2 2 1 31 327 1615 47
1409 2 2 1 31 1620 1622 1621
1410 2 2 1 31 1620 1624 1623
1411 2 2 1 31 1625 1606 1626
1412 2 2 1 31 1620 1623 1627
1413 2 2 1 31 1622 1620 1627
1414 2 2 1 31 1628 353 1629
1415 2 2 1 31 354 1622 1629
1416 2 2 1 31 354 1629 353
1417 2 2 1 31 1618 1617 1630
1418 2 2 1 31 1631 1630 1617
1419 2 2 1 31 1632 1607 1606
1420 2 2 1 31 1607 1621 1605
1421 2 2 1 31 1607 1633 1620
1422 2 2 1 31 1621 1607 1620
1423 2 2 1 31 1634 1636 1635
1424 2 2 1 31 1636 319 1635
1425 2 2 1 31 319 1636 320
1426 2 2 1 31 1637 1639 1638
1427 2 2 1 31 1638 1640 1637
1428 2 2 1 31 391 369 50
1429 2 2 1 31 1641 1638 1639
1430 2 2 1 31 1642 1638 1641
1431 2 2 1 31 1643 1630 1631
1432 2 2 1 31 1643 1639 1630
1433 2 2 1 31 1644 1630 1639
1434 2 2 1 31 1645 1635 1625
1435 2 2 1 31 1635 318 1625
1436 2 2 1 31 318 1635 319
1437 2 2 1 31 355 1621 1622
1438 2 2 1 31 355 1622 354
1439 2 2 1 31 1646 1647 1636
1440 2 2 1 31 1647 320 1636
1441 2 2 1 31 1628 1648 393
1442 2 2 1 31 320 1647 321
1443 2 2 1 31 1641 1639 1643
1444 2 2 1 31 1630 1644 1618
1445 2 2 1 31 1644 364 1618
1446 2 2 1 31 1626 1604 1649
1447 2 2 1 31 358 1649 1604
1448 2 2 1 31 358 1604 357
1449 2 2 1 31 1643 1631 324
1450 2 2 1 31 1606 1625 1632
1451 2 2 1 31 1625 317 1632
1452 2 2 1 31 317 1625 318
1453 2 2 1 31 1619 1651 1650
1454 2 2 1 31 1651 326 1650
1455 2 2 1 31 322 1642 1641
1456 2 2 1 31 1641 1643 323
1457 2 2 1 31 1620 1633 1624
1458 2 2 1 31 1652 1653 392
1459 2 2 1 31 1633 315 1624
1460 2 2 1 31 313 1654 314
1461 2 2 1 31 356 1605 1621
1462 2 2 1 31 356 1621 355
1463 2 2 1 31 357 1604 1605
1464 2 2 1 31 314 1654 1623
1465 2 2 1 31 357 1605 356
1466 2 2 1 31 1654 1652 1623
1467 2 2 1 31 1648 1652 392
1468 2 2 1 31 1646 1656 1655
1469 2 2 1 31 393 1648 392
1470 2 2 1 31 361 1655 1656
1471 2 2 1 31 361 1656 360
1472 2 2 1 31 1634 1657 1656
1473 2 2 1 31 360 1656 1657
1474 2 2 1 31 360 1657 359
1475 2 2 1 31 1631 1617 1650
1476 2 2 1 31 325 1631 1650
1477 2 2 1 31 1645 1649 1657
1478 2 2 1 31 359 1657 1649
1479 2 2 1 31 359 1649 358
1480 2 2 1 31 1609 1612 1608
1481 2 2 1 31 1608 1612 367
1482 2 2 1 31 389 1609 390
1483 2 2 1 31 1634 1656 1646
1484 2 2 1 31 1636 1634 1646
1485 2 2 1 31 1645 1657 1634
1486 2 2 1 31 1635 1645 1634
1487 2 2 1 31 1626 1649 1645
1488 2 2 1 31 1625 1626 1645
1489 2 2 1 31 1629 1648 1628
1490 2 2 1 31 1652 1648 1629
1491 2 2 1 31 1629 1627 1652
1492 2 2 1 31 314 1623 1624
1493 2 2 1 31 1627 1623 1652
1494 2 2 1 31 1652 1654 1653
1495 2 2 1 31 313 1653 1654
1496 2 2 1 31 1639 1637 1644
1497 2 2 1 31 1637 363 1644
1498 2 2 1 31 389 1611 1609
1499 2 2 1 31 1638 1655 1640
1500 2 2 1 31 1638 1642 1647
1501 2 2 1 31 1646 1655 1638
1502 2 2 1 31 1647 1646 1638
1503 2 2 1 31 1607 1632 1633
1504 2 2 1 31 1632 316 1633
1505 2 2 1 31 1640 362 1637
1506 2 2 1 31 1655 361 1640
1507 2 2 1 31 1627 1629 1622
1508 2 2 1 31 368 1608 367
1509 2 2 1 31 1642 321 1647
1510 2 2 1 31 1612 1613 367
1511 2 2 1 31 366 367 1613
1512 2 2 1 31 368 1610 1608
1513 2 2 1 31 314 1624 315
1514 2 2 1 31 1628 393 49
1515 2 2 1 31 353 1628 49
1516 2 2 1 31 392 1653 46
1517 2 2 1 31 1616 1614 1613
1518 2 2 1 31 1653 313 46
1519 2 2 1 31 1614 1616 1619
1520 2 2 1 31 326 1651 327
1521 2 2 1 31 1616 1651 1619
1522 2 2 1 31 1611 1616 1613
1523 2 2 1 31 325 1650 326
1524 2 2 1 31 1619 1650 1617
1525 2 2 1 31 324 1631 325
1526 2 2 1 31 323 1643 324
1527 2 2 1 31 322 1641 323
1528 2 2 1 31 365 1618 364
1529 2 2 1 31 321 1642 322
1530 2 2 1 31 1616 1615 1651
1531 2 2 1 31 1615 327 1651
1532 2 2 1 31 1604 1626 1606
1533 2 2 1 31 364 1644 363
1534 2 2 1 31 363 1637 362
1535 2 2 1 31 362 1640 361
1536 2 2 1 31 316 1632 317
1537 2 2 1 31 315 1633 316
1538 2 2 1 32 384 1659 1658
1539 2 2 1 32 1660 1661 374
1540 2 2 1 32 384 1658 383
1541 2 2 1 32 1662 1664 1663
1542 2 2 1 32 1662 1663 1665
1543 2 2 1 32 1666 1659 1667
1544 2 2 1 32 1666 1667 1668
1545 2 2 1 32 390 391 1669
1546 2 2 1 32 371 1670 1669
1547 2 2 1 32 1669 391 370
1548 2 2 1 32 1661 372 373
1549 2 2 1 32 1660 1671 1661
1550 2 2 1 32 1661 1671 1672
1551 2 2 1 32 1673 1674 329
1552 2 2 1 32 329 1674 330
1553 2 2 1 32 372 1661 1672
1554 2 2 1 32 50 370 391
1555 2 2 1 32 371 372 1670
1556 2 2 1 32 372 1672 1670
1557 2 2 1 32 1661 373 374
1558 2 2 1 32 388 1676 1675
1559 2 2 1 32 388 1675 1677
1560 2 2 1 32 1676 1672 1675
1561 2 2 1 32 1676 389 1670
1562 2 2 1 32 1678 1680 1679
1563 2 2 1 32 1681 1680 1678
1564 2 2 1 32 1682 1681 1678
1565 2 2 1 32 1672 1676 1670
1566 2 2 1 32 1665 1684 1683
1567 2 2 1 32 1684 1665 1685
1568 2 2 1 32 1686 1685 1665
1569 2 2 1 32 1687 1689 1688
1570 2 2 1 32 331 1687 1688
1571 2 2 1 32 387 1691 1690
1572 2 2 1 32 394 1692 1691
1573 2 2 1 32 1691 1693 1690
1574 2 2 1 32 1693 1691 1692
1575 2 2 1 32 1659 1679 1658
1576 2 2 1 32 1666 1694 1679
1577 2 2 1 32 1679 1659 1666
1578 2 2 1 32 1690 1696 1695
1579 2 2 1 32 1697 1696 1698
1580 2 2 1 32 1690 1693 1696
1581 2 2 1 32 1693 1698 1696
1582 2 2 1 32 1697 1668 1696
1583 2 2 1 32 1668 1667 1696
1584 2 2 1 32 1699 1701 1700
1585 2 2 1 32 328 1702 329
1586 2 2 1 32 1701 377 1700
1587 2 2 1 32 329 1702 1673
1588 2 2 1 32 377 1701 376
1589 2 2 1 32 1698 1692 1703
1590 2 2 1 32 1693 1692 1698
1591 2 2 1 32 1703 343 1698
1592 2 2 1 32 342 1698 343
1593 2 2 1 32 1699 1704 1688
1594 2 2 1 32 1699 1700 1705
1595 2 2 1 32 1704 1699 1705
1596 2 2 1 32 1699 1688 1689
1597 2 2 1 32 1706 1660 374
1598 2 2 1 32 1706 374 375
1599 2 2 1 32 1701 1699 1689
1600 2 2 1 32 1705 1707 1704
1601 2 2 1 32 1671 1673 1702
1602 2 2 1 32 1673 1671 1660
1603 2 2 1 32 1707 1705 1685
1604 2 2 1 32 1705 1708 1685
1605 2 2 1 32 1664 1681 1682
1606 2 2 1 32 1662 1709 1681
1607 2 2 1 32 1664 1662 1681
1608 2 2 1 32 1679 1680 1658
1609 2 2 1 32 1710 1673 1660
1610 2 2 1 32 1706 375 1711
1611 2 2 1 32 395 1703 1692
1612 2 2 1 32 395 1692 394
1613 2 2 1 32 1679 1712 1678
1614 2 2 1 32 332 1688 1704
1615 2 2 1 32 1689 1687 1711
1616 2 2 1 32 1711 1687 1710
1617 2 2 1 32 395 48 1703
1618 2 2 1 32 1703 48 343
1619 2 2 1 32 332 1704 333
1620 2 2 1 32 1689 1711 1701
1621 2 2 1 32 1711 375 376
1622 2 2 1 32 1711 376 1701
1623 2 2 1 32 342 1697 1698
1624 2 2 1 32 1697 342 341
1625 2 2 1 32 1712 1679 1694
1626 2 2 1 32 339 1712 1694
1627 2 2 1 32 1707 1685 1686
1628 2 2 1 32 334 1707 1686
1629 2 2 1 32 1659 384 1667
1630 2 2 1 32 1667 384 385
1631 2 2 1 32 390 1669 1670
1632 2 2 1 32 390 1670 389
1633 2 2 1 32 1710 1660 1706
1634 2 2 1 32 1676 388 389
1635 2 2 1 32 1690 386 387
1636 2 2 1 32 331 1688 332
1637 2 2 1 32 386 1690 1695
1638 2 2 1 32 1705 1700 1708
1639 2 2 1 32 1700 378 1708
1640 2 2 1 32 1684 1685 1708
1641 2 2 1 32 379 1684 1708
1642 2 2 1 32 1681 1709 1680
1643 2 2 1 32 382 1680 1709
1644 2 2 1 32 1695 385 386
1645 2 2 1 32 1709 381 382
1646 2 2 1 32 1665 1663 1686
1647 2 2 1 32 1663 335 1686
1648 2 2 1 32 1662 1683 1709
1649 2 2 1 32 381 1709 1683
1650 2 2 1 32 1664 336 1663
1651 2 2 1 32 335 1663 336
1652 2 2 1 32 1665 1683 1662
1653 2 2 1 32 380 1683 1684
1654 2 2 1 32 1713 1668 1697
1655 2 2 1 32 1697 341 1713
1656 2 2 1 32 1695 1696 1667
1657 2 2 1 32 1667 385 1695
1658 2 2 1 32 1682 337 1664
1659 2 2 1 32 333 1704 1707
1660 2 2 1 32 1712 338 1678
1661 2 2 1 32 336 1664 337
1662 2 2 1 32 383 1658 1680
1663 2 2 1 32 1680 382 383
1664 2 2 1 32 381 1683 380
1665 2 2 1 32 1677 328 47
1666 2 2 1 32 328 1677 1702
1667 2 2 1 32 1678 338 1682
1668 2 2 1 32 1682 338 337
1669 2 2 1 32 1694 1668 1713
1670 2 2 1 32 1668 1694 1666
1671 2 2 1 32 340 1694 1713
1672 2 2 1 32 47 388 1677
1673 2 2 1 32 370 371 1669
1674 2 2 1 32 1711 1710 1706
1675 2 2 1 32 1687 331 1674
1676 2 2 1 32 1710 1687 1674
1677 2 2 1 32 1675 1672 1671
1678 2 2 1 32 394 1691 51
1679 2 2 1 32 1691 387 51
1680 2 2 1 32 378 1700 377
1681 2 2 1 32 379 1708 378
1682 2 2 1 32 380 1684 379
1683 2 2 1 32 330 1674 331
1684 2 2 1 32 1710 1674 1673
1685 2 2 1 32 1712 339 338
1686 2 2 1 32 1694 340 339
1687 2 2 1 32 1713 341 340
1688 2 2 1 32 334 1686 335
1689 2 2 1 32 333 1707 334
1690 2 2 1 32 1677 1675 1702
1691 2 2 1 32 1675 1671 1702
1692 2 2 1 33 1714 1715 436
1693 2 2 1 33 1714 436 435
1694 2 2 1 33 1716 411 412
1695 2 2 1 33 413 1718 1717
1696 2 2 1 33 413 1717 412
1697 2 2 1 33 438 414 53
1698 2 2 1 33 1719 411 1716
1699 2 2 1 33 1716 412 1717
1700 2 2 1 33 50 1720 435
1701 2 2 1 33 411 1719 410
1702 2 2 1 33 1716 1717 1714
1703 2 2 1 33 1714 1717 1715
1704 2 2 1 33 1721 1723 1722
1705 2 2 1 33 1722 1724 1721
1706 2 2 1 33 1723 409 1722
1707 2 2 1 33 435 1720 1714
1708 2 2 1 33 438 437 1718
1709 2 2 1 33 1725 440 52
1710 2 2 1 33 396 1725 52
1711 2 2 1 33 1726 49 439
1712 2 2 1 33 1726 353 49
1713 2 2 1 33 1727 1729 1728
1714 2 2 1 33 1730 1728 1729
1715 2 2 1 33 1726 439 1725
1716 2 2 1 33 439 440 1725
1717 2 2 1 33 1731 1733 1732
1718 2 2 1 33 1734 1735 1731
1719 2 2 1 33 1732 1734 1731
1720 2 2 1 33 353 1726 1732
1721 2 2 1 33 353 1732 354
1722 2 2 1 33 1716 1714 1720
1723 2 2 1 33 1715 1718 437
1724 2 2 1 33 1736 50 369
1725 2 2 1 33 1718 1715 1717
1726 2 2 1 33 413 414 1718
1727 2 2 1 33 1729 1727 1737
1728 2 2 1 33 1738 1737 1727
1729 2 2 1 33 364 1738 1727
1730 2 2 1 33 1739 1741 1740
1731 2 2 1 33 1742 1740 1741
1732 2 2 1 33 1743 1730 1729
1733 2 2 1 33 1744 1733 1731
1734 2 2 1 33 1745 1744 1731
1735 2 2 1 33 1746 1748 1747
1736 2 2 1 33 1741 1748 1746
1737 2 2 1 33 1749 1741 1746
1738 2 2 1 33 1750 1751 1744
1739 2 2 1 33 1752 1750 1744
1740 2 2 1 33 1750 1747 1753
1741 2 2 1 33 1746 1747 1750
1742 2 2 1 33 1754 1746 1750
1743 2 2 1 33 1724 1756 1755
1744 2 2 1 33 1757 1756 1724
1745 2 2 1 33 1756 1757 1758
1746 2 2 1 33 1758 1757 1759
1747 2 2 1 33 1756 367 1755
1748 2 2 1 33 438 1718 414
1749 2 2 1 33 1760 1737 1761
1750 2 2 1 33 1737 1760 1743
1751 2 2 1 33 1743 1729 1737
1752 2 2 1 33 1762 1764 1763
1753 2 2 1 33 1764 361 1763
1754 2 2 1 33 1719 1722 410
1755 2 2 1 33 410 1722 409
1756 2 2 1 33 361 1764 362
1757 2 2 1 33 1740 1742 1765
1758 2 2 1 33 403 1765 1742
1759 2 2 1 33 403 1742 402
1760 2 2 1 33 1730 1766 1723
1761 2 2 1 33 1728 1730 1721
1762 2 2 1 33 1730 1723 1721
1763 2 2 1 33 1741 1739 1748
1764 2 2 1 33 1739 359 1748
1765 2 2 1 33 359 1739 360
1766 2 2 1 33 1728 1721 1755
1767 2 2 1 33 366 1728 1755
1768 2 2 1 33 1716 1720 1759
1769 2 2 1 33 50 1736 1720
1770 2 2 1 33 1759 1720 1736
1771 2 2 1 33 1767 1768 1764
1772 2 2 1 33 1768 362 1764
1773 2 2 1 33 362 1768 363
1774 2 2 1 33 1747 357 1753
1775 2 2 1 33 1741 1749 1742
1776 2 2 1 33 402 1742 1749
1777 2 2 1 33 402 1749 401
1778 2 2 1 33 1744 1751 1733
1779 2 2 1 33 355 1733 1751
1780 2 2 1 33 355 1751 356
1781 2 2 1 33 398 1769 397
1782 2 2 1 33 1715 437 436
1783 2 2 1 33 1746 1754 1749
1784 2 2 1 33 401 1749 1754
1785 2 2 1 33 401 1754 400
1786 2 2 1 33 1770 1763 1739
1787 2 2 1 33 1763 360 1739
1788 2 2 1 33 360 1763 361
1789 2 2 1 33 1762 1772 1771
1790 2 2 1 33 405 1771 1772
1791 2 2 1 33 405 1772 404
1792 2 2 1 33 1750 1752 1754
1793 2 2 1 33 400 1754 1752
1794 2 2 1 33 400 1752 399
1795 2 2 1 33 1770 1765 1772
1796 2 2 1 33 404 1772 1765
1797 2 2 1 33 404 1765 403
1798 2 2 1 33 1744 1745 1752
1799 2 2 1 33 399 1752 1745
1800 2 2 1 33 399 1745 398
1801 2 2 1 33 1770 1772 1762
1802 2 2 1 33 1763 1770 1762
1803 2 2 1 33 1740 1765 1770
1804 2 2 1 33 1739 1740 1770
1805 2 2 1 33 1748 358 1747
1806 2 2 1 33 1725 396 1735
1807 2 2 1 33 1734 1725 1735
1808 2 2 1 33 397 1735 396
1809 2 2 1 33 1762 1771 1767
1810 2 2 1 33 1764 1762 1767
1811 2 2 1 33 1737 1768 1767
1812 2 2 1 33 1737 1738 1768
1813 2 2 1 33 363 1768 1738
1814 2 2 1 33 1733 354 1732
1815 2 2 1 33 354 1733 355
1816 2 2 1 33 1761 1767 1771
1817 2 2 1 33 1761 1737 1767
1818 2 2 1 33 1727 1728 365
1819 2 2 1 33 1731 1735 1769
1820 2 2 1 33 1735 397 1769
1821 2 2 1 33 1761 406 1760
1822 2 2 1 33 1750 1753 1751
1823 2 2 1 33 356 1751 1753
1824 2 2 1 33 1731 1769 1745
1825 2 2 1 33 398 1745 1769
1826 2 2 1 33 1725 1734 1726
1827 2 2 1 33 1760 407 1743
1828 2 2 1 33 1766 1730 1743
1829 2 2 1 33 1743 407 1766
1830 2 2 1 33 408 1766 407
1831 2 2 1 33 1766 408 1723
1832 2 2 1 33 1771 405 1761
1833 2 2 1 33 406 1761 405
1834 2 2 1 33 1734 1732 1726
1835 2 2 1 33 356 1753 357
1836 2 2 1 33 357 1747 358
1837 2 2 1 33 358 1748 359
1838 2 2 1 33 1759 1719 1716
1839 2 2 1 33 1719 1759 1757
1840 2 2 1 33 407 1760 406
1841 2 2 1 33 1758 368 1756
1842 2 2 1 33 1757 1722 1719
1843 2 2 1 33 1722 1757 1724
1844 2 2 1 33 366 1755 367
1845 2 2 1 33 1724 1755 1721
1846 2 2 1 33 1736 369 368
1847 2 2 1 33 1758 1759 1736
1848 2 2 1 33 1756 368 367
1849 2 2 1 33 365 1728 366
1850 2 2 1 33 364 1727 365
1851 2 2 1 33 1723 408 409
1852 2 2 1 33 363 1738 364
1853 2 2 1 33 368 1758 1736
1854 2 2 1 34 1773 1774 419
1855 2 2 1 34 417 1776 1775
1856 2 2 1 34 417 1775 416
1857 2 2 1 34 1777 435 1778
1858 2 2 1 34 435 1777 50
1859 2 2 1 34 1779 1781 1780
1860 2 2 1 34 1780 1781 1782
1861 2 2 1 34 53 415 438
1862 2 2 1 34 1777 1778 1783
1863 2 2 1 34 1778 435 436
1864 2 2 1 34 1784 1785 1782
1865 2 2 1 34 1786 1788 1787
1866 2 2 1 34 1787 1788 1789
1867 2 2 1 34 1784 1790 1785
1868 2 2 1 34 427 1785 1790
1869 2 2 1 34 1791 387 386
1870 2 2 1 34 441 1792 54
1871 2 2 1 34 1793 434 1792
1872 2 2 1 34 1792 434 54
1873 2 2 1 34 1774 1783 1776
1874 2 2 1 34 1794 1795 371
1875 2 2 1 34 371 1795 372
1876 2 2 1 34 1796 1797 373
1877 2 2 1 34 373 1797 374
1878 2 2 1 34 1795 1798 1796
1879 2 2 1 34 1796 1798 1789
1880 2 2 1 34 1795 1796 372
1881 2 2 1 34 372 1796 373
1882 2 2 1 34 1776 1783 1778
1883 2 2 1 34 437 438 1799
1884 2 2 1 34 1776 417 418
1885 2 2 1 34 1776 418 1774
1886 2 2 1 34 1799 438 415
1887 2 2 1 34 1798 1773 1800
1888 2 2 1 34 1798 1800 1789
1889 2 2 1 34 1775 1776 1778
1890 2 2 1 34 436 1775 1778
1891 2 2 1 34 1773 419 420
1892 2 2 1 34 1801 1783 1774
1893 2 2 1 34 1774 1773 1801
1894 2 2 1 34 1786 1787 421
1895 2 2 1 34 1786 421 422
1896 2 2 1 34 1774 418 419
1897 2 2 1 34 1801 1773 1798
1898 2 2 1 34 1777 370 50
1899 2 2 1 34 1802 1804 1803
1900 2 2 1 34 1805 1803 1806
1901 2 2 1 34 1803 1807 1806
1902 2 2 1 34 1807 1803 1804
1903 2 2 1 34 374 1797 1808
1904 2 2 1 34 1808 1788 1809
1905 2 2 1 34 1788 1808 1797
1906 2 2 1 34 374 1808 375
1907 2 2 1 34 1810 1779 1802
1908 2 2 1 34 1779 1810 1781
1909 2 2 1 34 1795 1794 1801
1910 2 2 1 34 1794 370 1777
1911 2 2 1 34 1811 1791 1812
1912 2 2 1 34 1813 1811 1812
1913 2 2 1 34 1814 1809 1815
1914 2 2 1 34 1809 423 1815
1915 2 2 1 34 1782 1785 1780
1916 2 2 1 34 1777 1783 1794
1917 2 2 1 34 1782 1817 1816
1918 2 2 1 34 1782 1816 1784
1919 2 2 1 34 1794 371 370
1920 2 2 1 34 1814 1808 1809
1921 2 2 1 34 1795 1801 1798
1922 2 2 1 34 1810 382 381
1923 2 2 1 34 437 1775 436
1924 2 2 1 34 437 1799 1775
1925 2 2 1 34 416 1799 415
1926 2 2 1 34 1793 1792 1811
1927 2 2 1 34 1818 383 382
1928 2 2 1 34 1819 1806 1812
1929 2 2 1 34 1806 1820 1812
1930 2 2 1 34 1821 1822 1814
1931 2 2 1 34 1815 1821 1814
1932 2 2 1 34 1821 1824 1823
1933 2 2 1 34 1800 1773 420
1934 2 2 1 34 1800 420 421
1935 2 2 1 34 1825 1821 1823
1936 2 2 1 34 1826 1823 1824
1937 2 2 1 34 1799 416 1775
1938 2 2 1 34 1783 1801 1794
1939 2 2 1 34 1796 1789 1797
1940 2 2 1 34 1793 433 434
1941 2 2 1 34 1785 427 428
1942 2 2 1 34 1791 1811 1827
1943 2 2 1 34 1811 1792 1827
1944 2 2 1 34 1800 421 1787
1945 2 2 1 34 1827 387 1791
1946 2 2 1 34 376 1828 377
1947 2 2 1 34 1829 1823 1784
1948 2 2 1 34 1823 1790 1784
1949 2 2 1 34 1784 1816 1829
1950 2 2 1 34 1816 379 1829
1951 2 2 1 34 1805 384 1803
1952 2 2 1 34 1803 384 383
1953 2 2 1 34 1805 1806 1819
1954 2 2 1 34 1819 385 1805
1955 2 2 1 34 1805 385 384
1956 2 2 1 34 1804 1802 1779
1957 2 2 1 34 429 1804 1779
1958 2 2 1 34 1804 429 430
1959 2 2 1 34 1814 1822 1808
1960 2 2 1 34 375 1808 1822
1961 2 2 1 34 375 1822 376
1962 2 2 1 34 1813 1812 1820
1963 2 2 1 34 1820 432 1813
1964 2 2 1 34 1813 432 433
1965 2 2 1 34 1804 430 1807
1966 2 2 1 34 1807 430 431
1967 2 2 1 34 1820 1806 1807
1968 2 2 1 34 1807 431 1820
1969 2 2 1 34 1820 431 432
1970 2 2 1 34 1827 442 51
1971 2 2 1 34 387 1827 51
1972 2 2 1 34 425 1826 1824
1973 2 2 1 34 442 1827 441
1974 2 2 1 34 441 1827 1792
1975 2 2 1 34 1819 1812 1791
1976 2 2 1 34 1791 386 1819
1977 2 2 1 34 1819 386 385
1978 2 2 1 34 428 1780 1785
1979 2 2 1 34 1823 1829 1825
1980 2 2 1 34 1829 378 1825
1981 2 2 1 34 1793 1811 1813
1982 2 2 1 34 1813 433 1793
1983 2 2 1 34 425 1824 424
1984 2 2 1 34 1788 1797 1789
1985 2 2 1 34 377 1825 378
1986 2 2 1 34 426 1826 425
1987 2 2 1 34 378 1829 379
1988 2 2 1 34 1818 1802 1803
1989 2 2 1 34 1803 383 1818
1990 2 2 1 34 1821 1828 1822
1991 2 2 1 34 376 1822 1828
1992 2 2 1 34 1786 422 1809
1993 2 2 1 34 1788 1786 1809
1994 2 2 1 34 423 1809 422
1995 2 2 1 34 424 1815 423
1996 2 2 1 34 1810 381 1781
1997 2 2 1 34 1810 1802 1818
1998 2 2 1 34 382 1810 1818
1999 2 2 1 34 429 1779 1780
2000 2 2 1 34 1780 428 429
2001 2 2 1 34 1821 1825 1828
2002 2 2 1 34 1825 377 1828
2003 2 2 1 34 1817 1782 1781
2004 2 2 1 34 1781 381 1817
2005 2 2 1 34 1817 381 380
2006 2 2 1 34 1817 380 1816
2007 2 2 1 34 1790 1823 1826
2008 2 2 1 34 1787 1789 1800
2009 2 2 1 34 426 1790 1826
2010 2 2 1 34 1821 1815 1824
2011 2 2 1 34 1815 424 1824
2012 2 2 1 34 379 1816 380
2013 2 2 1 34 427 1790 426
2014 2 2 1 35 1830 1831 461
2015 2 2 1 35 1830 461 462
2016 2 2 1 35 1832 1833 459
2017 2 2 1 35 459 1833 458
2018 2 2 1 35 1834 1836 1835
2019 2 2 1 35 1837 1839 1838
2020 2 2 1 35 1837 1838 1840
2021 2 2 1 35 1841 1842 1836
2022 2 2 1 35 1836 1842 1835
2023 2 2 1 35 1834 1835 1843
2024 2 2 1 35 488 463 56
2025 2 2 1 35 461 1844 460
2026 2 2 1 35 1844 461 1831
2027 2 2 1 35 462 1845 1830
2028 2 2 1 35 1846 1848 1847
2029 2 2 1 35 1849 1850 486
2030 2 2 1 35 1831 1852 1851
2031 2 2 1 35 1851 1844 1831
2032 2 2 1 35 1849 1852 1850
2033 2 2 1 35 1850 487 486
2034 2 2 1 35 1853 1854 1846
2035 2 2 1 35 1848 1856 1855
2036 2 2 1 35 1846 1857 1848
2037 2 2 1 35 1854 1857 1846
2038 2 2 1 35 1858 1860 1859
2039 2 2 1 35 1861 1858 1859
2040 2 2 1 35 1862 1863 1859
2041 2 2 1 35 1859 1864 1861
2042 2 2 1 35 1863 1864 1859
2043 2 2 1 35 1848 397 1856
2044 2 2 1 35 1847 1848 1855
2045 2 2 1 35 396 1856 397
2046 2 2 1 35 52 489 1856
2047 2 2 1 35 52 1856 396
2048 2 2 1 35 1865 1867 1866
2049 2 2 1 35 413 1865 1866
2050 2 2 1 35 1853 1868 1854
2051 2 2 1 35 1868 1853 1869
2052 2 2 1 35 1853 446 1869
2053 2 2 1 35 446 1853 445
2054 2 2 1 35 1853 1846 445
2055 2 2 1 35 445 1846 444
2056 2 2 1 35 1855 1856 489
2057 2 2 1 35 489 490 1855
2058 2 2 1 35 1851 1867 1844
2059 2 2 1 35 444 1846 1847
2060 2 2 1 35 1870 1871 1868
2061 2 2 1 35 1872 1870 1868
2062 2 2 1 35 1873 1841 1874
2063 2 2 1 35 1873 1875 1842
2064 2 2 1 35 1841 1873 1842
2065 2 2 1 35 1876 1878 1877
2066 2 2 1 35 1879 1876 1877
2067 2 2 1 35 1877 1880 1870
2068 2 2 1 35 1881 1877 1870
2069 2 2 1 35 1843 1882 1876
2070 2 2 1 35 1834 1843 1876
2071 2 2 1 35 1835 1883 1843
2072 2 2 1 35 487 1850 1845
2073 2 2 1 35 1868 1884 1854
2074 2 2 1 35 1837 1886 1885
2075 2 2 1 35 455 1885 1886
2076 2 2 1 35 455 1886 454
2077 2 2 1 35 487 1845 488
2078 2 2 1 35 1830 1845 1850
2079 2 2 1 35 1840 1874 1886
2080 2 2 1 35 1840 1838 1887
2081 2 2 1 35 1866 1867 1851
2082 2 2 1 35 1844 1867 1832
2083 2 2 1 35 414 1866 1888
2084 2 2 1 35 1833 1832 1889
2085 2 2 1 35 1889 1832 1867
2086 2 2 1 35 1833 1890 458
2087 2 2 1 35 1840 1887 1873
2088 2 2 1 35 1874 1840 1873
2089 2 2 1 35 1890 1861 458
2090 2 2 1 35 1861 1891 1858
2091 2 2 1 35 1891 1861 1890
2092 2 2 1 35 458 1861 457
2093 2 2 1 35 1889 1865 1892
2094 2 2 1 35 1865 412 1892
2095 2 2 1 35 1842 1875 1893
2096 2 2 1 35 1893 1835 1842
2097 2 2 1 35 1850 1852 1830
2098 2 2 1 35 1875 405 1893
2099 2 2 1 35 460 1832 459
2100 2 2 1 35 460 1844 1832
2101 2 2 1 35 454 1886 1874
2102 2 2 1 35 454 1874 453
2103 2 2 1 35 1843 1883 1882
2104 2 2 1 35 1855 1894 1847
2105 2 2 1 35 1847 1894 443
2106 2 2 1 35 403 1882 1883
2107 2 2 1 35 403 1883 404
2108 2 2 1 35 453 1874 1841
2109 2 2 1 35 453 1841 452
2110 2 2 1 35 1876 1882 1878
2111 2 2 1 35 402 1878 1882
2112 2 2 1 35 402 1882 403
2113 2 2 1 35 452 1841 1836
2114 2 2 1 35 452 1836 451
2115 2 2 1 35 1877 1878 1880
2116 2 2 1 35 1847 443 444
2117 2 2 1 35 1886 1837 1840
2118 2 2 1 35 401 1880 1878
2119 2 2 1 35 401 1878 402
2120 2 2 1 35 447 1869 446
2121 2 2 1 35 451 1836 1834
2122 2 2 1 35 451 1834 450
2123 2 2 1 35 1863 1885 1864
2124 2 2 1 35 456 1864 1885
2125 2 2 1 35 456 1885 455
2126 2 2 1 35 1870 1880 1871
2127 2 2 1 35 400 1871 1880
2128 2 2 1 35 400 1880 401
2129 2 2 1 35 1876 1879 1834
2130 2 2 1 35 450 1834 1879
2131 2 2 1 35 450 1879 449
2132 2 2 1 35 1877 1881 1879
2133 2 2 1 35 449 1879 1881
2134 2 2 1 35 449 1881 448
2135 2 2 1 35 1868 1871 1884
2136 2 2 1 35 399 1884 1871
2137 2 2 1 35 399 1871 400
2138 2 2 1 35 1864 457 1861
2139 2 2 1 35 457 1864 456
2140 2 2 1 35 1870 1872 1881
2141 2 2 1 35 448 1881 1872
2142 2 2 1 35 448 1872 447
2143 2 2 1 35 1839 1863 1862
2144 2 2 1 35 1839 1837 1863
2145 2 2 1 35 1837 1885 1863
2146 2 2 1 35 1854 1884 1857
2147 2 2 1 35 398 1857 1884
2148 2 2 1 35 398 1884 399
2149 2 2 1 35 1873 1887 1875
2150 2 2 1 35 1887 406 1875
2151 2 2 1 35 1860 410 1859
2152 2 2 1 35 404 1893 405
2153 2 2 1 35 405 1875 406
2154 2 2 1 35 397 1848 1857
2155 2 2 1 35 397 1857 398
2156 2 2 1 35 1839 408 1838
2157 2 2 1 35 1858 1892 1860
2158 2 2 1 35 1892 1858 1891
2159 2 2 1 35 1892 411 1860
2160 2 2 1 35 1835 1893 1883
2161 2 2 1 35 404 1883 1893
2162 2 2 1 35 1868 1869 1872
2163 2 2 1 35 447 1872 1869
2164 2 2 1 35 1862 409 1839
2165 2 2 1 35 408 1839 409
2166 2 2 1 35 406 1887 407
2167 2 2 1 35 407 1838 408
2168 2 2 1 35 1859 410 1862
2169 2 2 1 35 409 1862 410
2170 2 2 1 35 1838 407 1887
2171 2 2 1 35 410 1860 411
2172 2 2 1 35 1849 486 53
2173 2 2 1 35 414 1888 1849
2174 2 2 1 35 414 1849 53
2175 2 2 1 35 1845 462 463
2176 2 2 1 35 488 1845 463
2177 2 2 1 35 1892 1891 1889
2178 2 2 1 35 1892 412 411
2179 2 2 1 35 1865 1889 1867
2180 2 2 1 35 443 1894 55
2181 2 2 1 35 490 1894 1855
2182 2 2 1 35 1894 490 55
2183 2 2 1 35 1852 1831 1830
2184 2 2 1 35 1865 413 412
2185 2 2 1 35 1889 1890 1833
2186 2 2 1 35 1890 1889 1891
2187 2 2 1 35 1866 414 413
2188 2 2 1 35 1888 1851 1852
2189 2 2 1 35 1849 1888 1852
2190 2 2 1 35 1851 1888 1866
2191 2 2 1 36 1895 434 1896
2192 2 2 1 36 1896 434 433
2193 2 2 1 36 1897 1899 1898
2194 2 2 1 36 468 1901 1900
2195 2 2 1 36 1902 1903 417
2196 2 2 1 36 417 1903 418
2197 2 2 1 36 1904 1905 487
2198 2 2 1 36 1906 1908 1907
2199 2 2 1 36 1906 1907 1909
2200 2 2 1 36 1907 1897 1909
2201 2 2 1 36 1910 1896 1911
2202 2 2 1 36 1896 1910 1912
2203 2 2 1 36 1897 1898 471
2204 2 2 1 36 1913 1903 1914
2205 2 2 1 36 488 56 464
2206 2 2 1 36 1914 1903 1900
2207 2 2 1 36 1913 1915 418
2208 2 2 1 36 1895 1896 1912
2209 2 2 1 36 1897 471 472
2210 2 2 1 36 418 1915 419
2211 2 2 1 36 1916 1917 466
2212 2 2 1 36 466 467 1916
2213 2 2 1 36 486 1918 53
2214 2 2 1 36 416 415 1919
2215 2 2 1 36 1905 486 487
2216 2 2 1 36 1920 1913 1914
2217 2 2 1 36 1904 1921 1905
2218 2 2 1 36 1921 465 466
2219 2 2 1 36 1914 1901 469
2220 2 2 1 36 1901 1914 1900
2221 2 2 1 36 1916 467 468
2222 2 2 1 36 1903 1902 1900
2223 2 2 1 36 468 1900 1916
2224 2 2 1 36 1904 465 1921
2225 2 2 1 36 1903 1913 418
2226 2 2 1 36 1901 468 469
2227 2 2 1 36 1916 1900 1919
2228 2 2 1 36 1916 1919 1917
2229 2 2 1 36 1922 1924 1923
2230 2 2 1 36 1922 1923 474
2231 2 2 1 36 1925 1924 1926
2232 2 2 1 36 1925 1926 423
2233 2 2 1 36 1927 1929 1928
2234 2 2 1 36 1928 1929 476
2235 2 2 1 36 466 1917 1921
2236 2 2 1 36 1927 1930 1926
2237 2 2 1 36 1926 1930 424
2238 2 2 1 36 1923 1906 1909
2239 2 2 1 36 1904 488 464
2240 2 2 1 36 1923 1909 473
2241 2 2 1 36 1913 1920 1915
2242 2 2 1 36 1908 1906 1925
2243 2 2 1 36 1908 1925 422
2244 2 2 1 36 1931 1928 1932
2245 2 2 1 36 1932 1928 477
2246 2 2 1 36 1931 1933 1930
2247 2 2 1 36 1934 1935 428
2248 2 2 1 36 1930 1933 425
2249 2 2 1 36 1936 1937 480
2250 2 2 1 36 1904 464 465
2251 2 2 1 36 1909 1897 472
2252 2 2 1 36 1919 1902 416
2253 2 2 1 36 1938 1936 481
2254 2 2 1 36 1907 1908 421
2255 2 2 1 36 1939 1932 1940
2256 2 2 1 36 1940 1932 478
2257 2 2 1 36 1939 1941 1933
2258 2 2 1 36 1933 1941 426
2259 2 2 1 36 1942 1940 1937
2260 2 2 1 36 1937 1940 479
2261 2 2 1 36 1943 1938 482
2262 2 2 1 36 1942 1934 1941
2263 2 2 1 36 1941 1934 427
2264 2 2 1 36 1915 1899 1944
2265 2 2 1 36 1915 1944 419
2266 2 2 1 36 1897 1907 1944
2267 2 2 1 36 1897 1944 1899
2268 2 2 1 36 1920 1945 1898
2269 2 2 1 36 1946 1943 483
2270 2 2 1 36 1898 1945 470
2271 2 2 1 36 417 416 1902
2272 2 2 1 36 1947 1911 1948
2273 2 2 1 36 1910 1946 484
2274 2 2 1 36 1947 1948 432
2275 2 2 1 36 1948 1896 433
2276 2 2 1 36 1947 432 431
2277 2 2 1 36 1942 1935 1934
2278 2 2 1 36 1937 1935 1942
2279 2 2 1 36 1949 1912 1910
2280 2 2 1 36 486 1905 1918
2281 2 2 1 36 1949 1910 485
2282 2 2 1 36 1929 1927 1926
2283 2 2 1 36 1929 1922 475
2284 2 2 1 36 1926 1922 1929
2285 2 2 1 36 1924 1922 1926
2286 2 2 1 36 492 1895 1912
2287 2 2 1 36 1912 491 492
2288 2 2 1 36 1943 1950 1938
2289 2 2 1 36 1943 1947 1950
2290 2 2 1 36 1938 1951 1936
2291 2 2 1 36 1938 1950 1951
2292 2 2 1 36 1935 1951 429
2293 2 2 1 36 1935 429 428
2294 2 2 1 36 487 488 1904
2295 2 2 1 36 1951 1950 430
2296 2 2 1 36 1951 430 429
2297 2 2 1 36 1915 1920 1899
2298 2 2 1 36 1917 1905 1921
2299 2 2 1 36 53 1918 415
2300 2 2 1 36 1936 1935 1937
2301 2 2 1 36 1936 1951 1935
2302 2 2 1 36 1950 1947 431
2303 2 2 1 36 1950 431 430
2304 2 2 1 36 1946 1911 1943
2305 2 2 1 36 1911 1947 1943
2306 2 2 1 36 1931 1939 1933
2307 2 2 1 36 1932 1939 1931
2308 2 2 1 36 1918 1919 415
2309 2 2 1 36 1905 1917 1918
2310 2 2 1 36 1927 1931 1930
2311 2 2 1 36 1928 1931 1927
2312 2 2 1 36 1906 1924 1925
2313 2 2 1 36 1898 470 471
2314 2 2 1 36 470 1945 469
2315 2 2 1 36 1906 1923 1924
2316 2 2 1 36 1942 1939 1940
2317 2 2 1 36 1941 1939 1942
2318 2 2 1 36 1914 1945 1920
2319 2 2 1 36 1945 1914 469
2320 2 2 1 36 1910 1911 1946
2321 2 2 1 36 1948 1911 1896
2322 2 2 1 36 1910 484 485
2323 2 2 1 36 1898 1899 1920
2324 2 2 1 36 1946 483 484
2325 2 2 1 36 1944 420 419
2326 2 2 1 36 1943 482 483
2327 2 2 1 36 420 1944 1907
2328 2 2 1 36 1938 481 482
2329 2 2 1 36 491 1949 57
2330 2 2 1 36 1936 480 481
2331 2 2 1 36 1929 475 476
2332 2 2 1 36 1900 1902 1919
2333 2 2 1 36 1937 479 480
2334 2 2 1 36 420 1907 421
2335 2 2 1 36 421 1908 422
2336 2 2 1 36 1934 428 427
2337 2 2 1 36 422 1925 423
2338 2 2 1 36 1940 478 479
2339 2 2 1 36 1919 1918 1917
2340 2 2 1 36 473 1909 472
2341 2 2 1 36 1932 477 478
2342 2 2 1 36 1941 427 426
2343 2 2 1 36 1948 433 432
2344 2 2 1 36 474 1923 473
2345 2 2 1 36 475 1922 474
2346 2 2 1 36 1928 476 477
2347 2 2 1 36 1933 426 425
2348 2 2 1 36 1930 425 424
2349 2 2 1 36 1926 424 423
2350 2 2 1 36 1895 492 54
2351 2 2 1 36 434 1895 54
2352 2 2 1 36 1949 485 57
2353 2 2 1 36 1949 491 1912
2354 2 2 1 37 1952 1954 1953
2355 2 2 1 37 1953 1954 493
2356 2 2 1 37 1955 1957 1956
2357 2 2 1 37 542 515 59
2358 2 2 1 37 1956 1957 508
2359 2 2 1 37 1958 1959 510
2360 2 2 1 37 510 1959 509
2361 2 2 1 37 1955 1961 1960
2362 2 2 1 37 1962 1963 512
2363 2 2 1 37 1960 1961 458
2364 2 2 1 37 1964 1965 1962
2365 2 2 1 37 1965 1963 1962
2366 2 2 1 37 1966 513 514
2367 2 2 1 37 1964 1962 1966
2368 2 2 1 37 463 1967 56
2369 2 2 1 37 1968 540 1967
2370 2 2 1 37 513 1962 512
2371 2 2 1 37 1967 540 56
2372 2 2 1 37 1969 1967 463
2373 2 2 1 37 514 1970 1966
2374 2 2 1 37 1963 1958 511
2375 2 2 1 37 511 1958 510
2376 2 2 1 37 544 58 1954
2377 2 2 1 37 58 493 1954
2378 2 2 1 37 1962 513 1966
2379 2 2 1 37 512 1963 511
2380 2 2 1 37 1954 1952 1971
2381 2 2 1 37 1971 1952 443
2382 2 2 1 37 1966 1968 1964
2383 2 2 1 37 1972 1973 453
2384 2 2 1 37 1974 1975 461
2385 2 2 1 37 1973 1976 454
2386 2 2 1 37 1977 461 460
2387 2 2 1 37 1976 1978 455
2388 2 2 1 37 1979 1980 1978
2389 2 2 1 37 1978 1980 456
2390 2 2 1 37 1981 1982 1957
2391 2 2 1 37 1957 1982 507
2392 2 2 1 37 1981 1960 1980
2393 2 2 1 37 1980 1960 457
2394 2 2 1 37 1959 1956 509
2395 2 2 1 37 1983 1984 1961
2396 2 2 1 37 1961 1984 459
2397 2 2 1 37 461 1977 1974
2398 2 2 1 37 1959 1983 1956
2399 2 2 1 37 1983 1977 1984
2400 2 2 1 37 1985 1979 1978
2401 2 2 1 37 1959 1977 1983
2402 2 2 1 37 1982 1979 506
2403 2 2 1 37 1986 1973 1972
2404 2 2 1 37 1987 1973 1986
2405 2 2 1 37 1986 503 1987
2406 2 2 1 37 1987 1976 1973
2407 2 2 1 37 1969 1965 1964
2408 2 2 1 37 1988 1976 1987
2409 2 2 1 37 1984 1977 460
2410 2 2 1 37 1987 504 1988
2411 2 2 1 37 1988 1978 1976
2412 2 2 1 37 1975 1965 1969
2413 2 2 1 37 1975 1969 462
2414 2 2 1 37 1985 1978 1988
2415 2 2 1 37 1988 505 1985
2416 2 2 1 37 1986 1972 1989
2417 2 2 1 37 1989 502 1986
2418 2 2 1 37 1972 452 1989
2419 2 2 1 37 507 1982 506
2420 2 2 1 37 55 543 1971
2421 2 2 1 37 443 55 1971
2422 2 2 1 37 452 1972 453
2423 2 2 1 37 1968 541 540
2424 2 2 1 37 453 1973 454
2425 2 2 1 37 1990 444 1952
2426 2 2 1 37 1955 1983 1961
2427 2 2 1 37 508 1957 507
2428 2 2 1 37 1955 1956 1983
2429 2 2 1 37 454 1976 455
2430 2 2 1 37 1955 1981 1957
2431 2 2 1 37 1955 1960 1981
2432 2 2 1 37 458 1961 459
2433 2 2 1 37 1968 1967 1964
2434 2 2 1 37 455 1978 456
2435 2 2 1 37 1990 495 1991
2436 2 2 1 37 445 1990 1991
2437 2 2 1 37 457 1960 458
2438 2 2 1 37 1991 496 1992
2439 2 2 1 37 456 1980 457
2440 2 2 1 37 446 1991 1992
2441 2 2 1 37 1992 497 1993
2442 2 2 1 37 509 1956 508
2443 2 2 1 37 447 1992 1993
2444 2 2 1 37 459 1984 460
2445 2 2 1 37 1993 498 1994
2446 2 2 1 37 448 1993 1994
2447 2 2 1 37 1994 499 1995
2448 2 2 1 37 449 1994 1995
2449 2 2 1 37 1977 1959 1958
2450 2 2 1 37 1995 500 1996
2451 2 2 1 37 450 1995 1996
2452 2 2 1 37 1996 501 1989
2453 2 2 1 37 1964 1967 1969
2454 2 2 1 37 1969 463 462
2455 2 2 1 37 1975 1974 1965
2456 2 2 1 37 1975 462 461
2457 2 2 1 37 1958 1974 1977
2458 2 2 1 37 1974 1958 1963
2459 2 2 1 37 451 1996 1989
2460 2 2 1 37 1981 1979 1982
2461 2 2 1 37 1981 1980 1979
2462 2 2 1 37 1970 541 1968
2463 2 2 1 37 1953 494 1990
2464 2 2 1 37 1992 496 497
2465 2 2 1 37 1963 1965 1974
2466 2 2 1 37 1995 499 500
2467 2 2 1 37 1966 1970 1968
2468 2 2 1 37 1995 450 449
2469 2 2 1 37 1991 495 496
2470 2 2 1 37 506 1979 1985
2471 2 2 1 37 1993 497 498
2472 2 2 1 37 542 1970 515
2473 2 2 1 37 1970 514 515
2474 2 2 1 37 1993 448 447
2475 2 2 1 37 1994 498 499
2476 2 2 1 37 1994 449 448
2477 2 2 1 37 1992 447 446
2478 2 2 1 37 1985 505 506
2479 2 2 1 37 1988 504 505
2480 2 2 1 37 1987 503 504
2481 2 2 1 37 1986 502 503
2482 2 2 1 37 1952 1953 1990
2483 2 2 1 37 1952 444 443
2484 2 2 1 37 1989 452 451
2485 2 2 1 37 1989 501 502
2486 2 2 1 37 1990 494 495
2487 2 2 1 37 1990 445 444
2488 2 2 1 37 1996 451 450
2489 2 2 1 37 1996 500 501
2490 2 2 1 37 1991 446 445
2491 2 2 1 37 541 1970 542
2492 2 2 1 37 544 1971 543
2493 2 2 1 37 1971 544 1954
2494 2 2 1 37 494 1953 493
2495 2 2 1 38 1997 517 518
2496 2 2 1 38 1997 540 541
2497 2 2 1 38 542 59 1998
2498 2 2 1 38 540 1997 1999
2499 2 2 1 38 1998 59 516
2500 2 2 1 38 516 517 1998
2501 2 2 1 38 2000 522 523
2502 2 2 1 38 1999 1997 2001
2503 2 2 1 38 542 1998 541
2504 2 2 1 38 541 1998 1997
2505 2 2 1 38 1998 517 1997
2506 2 2 1 38 465 2002 466
2507 2 2 1 38 2003 2000 523
2508 2 2 1 38 2003 523 524
2509 2 2 1 38 535 2004 534
2510 2 2 1 38 2005 464 1999
2511 2 2 1 38 2006 2007 2002
2512 2 2 1 38 2006 2002 2008
2513 2 2 1 38 545 2010 2009
2514 2 2 1 38 2005 465 464
2515 2 2 1 38 534 2011 533
2516 2 2 1 38 1997 518 2001
2517 2 2 1 38 2001 519 2008
2518 2 2 1 38 2001 518 519
2519 2 2 1 38 480 2004 481
2520 2 2 1 38 1999 2001 2005
2521 2 2 1 38 2008 2002 2005
2522 2 2 1 38 2012 2002 2007
2523 2 2 1 38 2012 2007 2013
2524 2 2 1 38 2000 2007 2014
2525 2 2 1 38 530 2015 529
2526 2 2 1 38 2000 2014 522
2527 2 2 1 38 465 2005 2002
2528 2 2 1 38 2006 520 521
2529 2 2 1 38 2008 519 520
2530 2 2 1 38 2012 2013 467
2531 2 2 1 38 467 2013 468
2532 2 2 1 38 520 2006 2008
2533 2 2 1 38 476 2016 477
2534 2 2 1 38 473 2017 474
2535 2 2 1 38 531 2016 530
2536 2 2 1 38 540 1999 56
2537 2 2 1 38 477 2018 478
2538 2 2 1 38 474 2019 475
2539 2 2 1 38 2014 2006 521
2540 2 2 1 38 545 2009 60
2541 2 2 1 38 2009 539 60
2542 2 2 1 38 2010 546 57
2543 2 2 1 38 2006 2014 2007
2544 2 2 1 38 485 2010 57
2545 2 2 1 38 2008 2005 2001
2546 2 2 1 38 2020 538 2021
2547 2 2 1 38 484 2020 2021
2548 2 2 1 38 525 2023 2022
2549 2 2 1 38 2021 2009 2010
2550 2 2 1 38 2021 2010 485
2551 2 2 1 38 522 2014 521
2552 2 2 1 38 469 2003 470
2553 2 2 1 38 529 2019 528
2554 2 2 1 38 2023 471 2022
2555 2 2 1 38 537 2020 2024
2556 2 2 1 38 2020 483 2024
2557 2 2 1 38 536 2024 2025
2558 2 2 1 38 2024 482 2025
2559 2 2 1 38 2013 2000 2026
2560 2 2 1 38 535 2025 2004
2561 2 2 1 38 2025 481 2004
2562 2 2 1 38 534 2004 2011
2563 2 2 1 38 2004 480 2011
2564 2 2 1 38 533 2011 2027
2565 2 2 1 38 2011 479 2027
2566 2 2 1 38 532 2018 531
2567 2 2 1 38 478 2027 479
2568 2 2 1 38 2013 2026 468
2569 2 2 1 38 532 2027 2018
2570 2 2 1 38 2027 478 2018
2571 2 2 1 38 531 2018 2016
2572 2 2 1 38 2018 477 2016
2573 2 2 1 38 530 2016 2015
2574 2 2 1 38 2016 476 2015
2575 2 2 1 38 529 2015 2019
2576 2 2 1 38 2015 475 2019
2577 2 2 1 38 528 2019 2017
2578 2 2 1 38 2019 474 2017
2579 2 2 1 38 527 2017 2028
2580 2 2 1 38 2017 473 2028
2581 2 2 1 38 526 2028 2023
2582 2 2 1 38 2028 472 2023
2583 2 2 1 38 2002 2012 466
2584 2 2 1 38 475 2015 476
2585 2 2 1 38 469 2026 2003
2586 2 2 1 38 470 2003 2022
2587 2 2 1 38 2003 524 2022
2588 2 2 1 38 1999 464 56
2589 2 2 1 38 2026 469 468
2590 2 2 1 38 539 2009 2021
2591 2 2 1 38 2026 2000 2003
2592 2 2 1 38 525 2022 524
2593 2 2 1 38 470 2022 471
2594 2 2 1 38 526 2023 525
2595 2 2 1 38 2000 2013 2007
2596 2 2 1 38 467 466 2012
2597 2 2 1 38 471 2023 472
2598 2 2 1 38 527 2028 526
2599 2 2 1 38 472 2028 473
2600 2 2 1 38 528 2017 527
2601 2 2 1 38 539 2021 538
2602 2 2 1 38 484 2021 485
2603 2 2 1 38 538 2020 537
2604 2 2 1 38 483 2020 484
2605 2 2 1 38 533 2027 532
2606 2 2 1 38 479 2011 480
2607 2 2 1 38 537 2024 536
2608 2 2 1 38 482 2024 483
2609 2 2 1 38 536 2025 535
2610 2 2 1 38 481 2025 482
2611 2 2 1 38 2010 545 546
2612 2 2 1 39 2029 568 569
2613 2 2 1 39 2029 2030 568
2614 2 2 1 39 62 2031 570
2615 2 2 1 39 2032 2034 2033
2616 2 2 1 39 2033 2034 493
2617 2 2 1 39 570 2031 569
2618 2 2 1 39 568 2030 567
2619 2 2 1 39 62 598 2031
2620 2 2 1 39 2035 515 2036
2621 2 2 1 39 2037 2038 566
2622 2 2 1 39 566 2038 565
2623 2 2 1 39 600 61 2032
2624 2 2 1 39 61 547 2032
2625 2 2 1 39 2036 515 2039
2626 2 2 1 39 2031 597 2035
2627 2 2 1 39 2031 598 597
2628 2 2 1 39 2040 2041 2038
2629 2 2 1 39 2038 2041 565
2630 2 2 1 39 512 2041 2040
2631 2 2 1 39 2035 2029 2031
2632 2 2 1 39 558 2042 557
2633 2 2 1 39 2043 514 513
2634 2 2 1 39 2043 2030 2039
2635 2 2 1 39 2043 2039 514
2636 2 2 1 39 503 2045 2044
2637 2 2 1 39 503 2044 504
2638 2 2 1 39 2035 597 59
2639 2 2 1 39 599 2033 58
2640 2 2 1 39 2033 493 58
2641 2 2 1 39 548 2046 2034
2642 2 2 1 39 2046 494 2034
2643 2 2 1 39 2047 564 2041
2644 2 2 1 39 511 2047 2041
2645 2 2 1 39 2042 558 2048
2646 2 2 1 39 505 2042 2048
2647 2 2 1 39 2046 549 2049
2648 2 2 1 39 495 2046 2049
2649 2 2 1 39 2049 550 2050
2650 2 2 1 39 496 2049 2050
2651 2 2 1 39 2048 559 2051
2652 2 2 1 39 506 2048 2051
2653 2 2 1 39 2051 560 2052
2654 2 2 1 39 2038 2043 2040
2655 2 2 1 39 2043 2038 2037
2656 2 2 1 39 2031 2029 569
2657 2 2 1 39 507 2051 2052
2658 2 2 1 39 2050 551 2053
2659 2 2 1 39 497 2050 2053
2660 2 2 1 39 2054 553 2055
2661 2 2 1 39 2037 2030 2043
2662 2 2 1 39 499 2054 2055
2663 2 2 1 39 2053 552 2054
2664 2 2 1 39 498 2053 2054
2665 2 2 1 39 2056 562 2057
2666 2 2 1 39 509 2056 2057
2667 2 2 1 39 2052 561 2056
2668 2 2 1 39 508 2052 2056
2669 2 2 1 39 2055 554 2058
2670 2 2 1 39 500 2055 2058
2671 2 2 1 39 2058 555 2059
2672 2 2 1 39 501 2058 2059
2673 2 2 1 39 563 2047 2057
2674 2 2 1 39 2047 510 2057
2675 2 2 1 39 504 2042 505
2676 2 2 1 39 2030 2037 567
2677 2 2 1 39 566 567 2037
2678 2 2 1 39 2044 557 2042
2679 2 2 1 39 557 2044 2045
2680 2 2 1 39 600 2033 599
2681 2 2 1 39 2033 600 2032
2682 2 2 1 39 2060 556 2045
2683 2 2 1 39 2032 547 2034
2684 2 2 1 39 503 2060 2045
2685 2 2 1 39 2060 503 502
2686 2 2 1 39 2035 59 515
2687 2 2 1 39 504 2044 2042
2688 2 2 1 39 557 2045 556
2689 2 2 1 39 2059 555 556
2690 2 2 1 39 2059 502 501
2691 2 2 1 39 2058 554 555
2692 2 2 1 39 2058 501 500
2693 2 2 1 39 2040 513 512
2694 2 2 1 39 513 2040 2043
2695 2 2 1 39 565 2041 564
2696 2 2 1 39 511 2041 512
2697 2 2 1 39 510 2047 511
2698 2 2 1 39 564 2047 563
2699 2 2 1 39 563 2057 562
2700 2 2 1 39 509 2057 510
2701 2 2 1 39 2034 494 493
2702 2 2 1 39 2034 547 548
2703 2 2 1 39 508 2056 509
2704 2 2 1 39 562 2056 561
2705 2 2 1 39 2046 495 494
2706 2 2 1 39 2046 548 549
2707 2 2 1 39 561 2052 560
2708 2 2 1 39 507 2052 508
2709 2 2 1 39 2049 496 495
2710 2 2 1 39 2049 549 550
2711 2 2 1 39 2050 550 551
2712 2 2 1 39 2050 497 496
2713 2 2 1 39 506 2051 507
2714 2 2 1 39 560 2051 559
2715 2 2 1 39 2053 498 497
2716 2 2 1 39 2053 551 552
2717 2 2 1 39 556 2060 2059
2718 2 2 1 39 505 2048 506
2719 2 2 1 39 2060 502 2059
2720 2 2 1 39 559 2048 558
2721 2 2 1 39 2054 552 553
2722 2 2 1 39 2054 499 498
2723 2 2 1 39 2055 500 499
2724 2 2 1 39 2055 553 554
2725 2 2 1 39 2029 2035 2036
2726 2 2 1 39 2030 2036 2039
2727 2 2 1 39 2039 515 514
2728 2 2 1 39 2036 2030 2029
2729 2 2 1 40 2061 572 573
2730 2 2 1 40 573 2062 2061
2731 2 2 1 40 2063 598 62
2732 2 2 1 40 2062 2064 2061
2733 2 2 1 40 2063 597 598
2734 2 2 1 40 517 2066 2065
2735 2 2 1 40 517 2065 518
2736 2 2 1 40 2067 577 578
2737 2 2 1 40 597 2063 2061
2738 2 2 1 40 2068 2065 2066
2739 2 2 1 40 2069 2067 578
2740 2 2 1 40 2067 2069 521
2741 2 2 1 40 2068 574 575
2742 2 2 1 40 516 2066 517
2743 2 2 1 40 2064 2066 516
2744 2 2 1 40 2070 576 577
2745 2 2 1 40 2067 2070 577
2746 2 2 1 40 2064 59 597
2747 2 2 1 40 2069 578 579
2748 2 2 1 40 2061 2064 597
2749 2 2 1 40 521 2069 522
2750 2 2 1 40 522 2069 2071
2751 2 2 1 40 522 2071 523
2752 2 2 1 40 2069 579 2071
2753 2 2 1 40 2071 579 580
2754 2 2 1 40 2072 572 2061
2755 2 2 1 40 2070 519 2073
2756 2 2 1 40 2067 520 2070
2757 2 2 1 40 519 2070 520
2758 2 2 1 40 576 2070 2073
2759 2 2 1 40 575 576 2073
2760 2 2 1 40 575 2065 2068
2761 2 2 1 40 2062 574 2068
2762 2 2 1 40 575 2073 2065
2763 2 2 1 40 2063 62 571
2764 2 2 1 40 596 2074 595
2765 2 2 1 40 538 2074 539
2766 2 2 1 40 63 601 2075
2767 2 2 1 40 596 63 2075
2768 2 2 1 40 594 2076 593
2769 2 2 1 40 536 2076 537
2770 2 2 1 40 2068 2066 2062
2771 2 2 1 40 2075 602 60
2772 2 2 1 40 2075 601 602
2773 2 2 1 40 539 2075 60
2774 2 2 1 40 531 2077 532
2775 2 2 1 40 2064 516 59
2776 2 2 1 40 589 2077 588
2777 2 2 1 40 2078 595 2074
2778 2 2 1 40 538 2078 2074
2779 2 2 1 40 594 2078 2076
2780 2 2 1 40 2078 537 2076
2781 2 2 1 40 593 2076 2079
2782 2 2 1 40 2076 536 2079
2783 2 2 1 40 595 2078 594
2784 2 2 1 40 532 2080 533
2785 2 2 1 40 590 2080 589
2786 2 2 1 40 592 2079 2081
2787 2 2 1 40 2073 519 518
2788 2 2 1 40 2079 535 2081
2789 2 2 1 40 591 2081 2082
2790 2 2 1 40 2081 534 2082
2791 2 2 1 40 590 2082 2080
2792 2 2 1 40 2082 533 2080
2793 2 2 1 40 589 2080 2077
2794 2 2 1 40 2080 532 2077
2795 2 2 1 40 2062 573 574
2796 2 2 1 40 533 2082 534
2797 2 2 1 40 2071 580 2083
2798 2 2 1 40 588 2077 2084
2799 2 2 1 40 2075 539 2074
2800 2 2 1 40 2077 531 2084
2801 2 2 1 40 587 2084 2085
2802 2 2 1 40 2084 530 2085
2803 2 2 1 40 586 2085 2086
2804 2 2 1 40 2085 529 2086
2805 2 2 1 40 585 2086 2087
2806 2 2 1 40 591 2082 590
2807 2 2 1 40 523 2071 2083
2808 2 2 1 40 2086 528 2087
2809 2 2 1 40 584 2087 2088
2810 2 2 1 40 2087 527 2088
2811 2 2 1 40 583 2088 2089
2812 2 2 1 40 2088 526 2089
2813 2 2 1 40 582 2089 2090
2814 2 2 1 40 2089 525 2090
2815 2 2 1 40 581 2090 2083
2816 2 2 1 40 2090 524 2083
2817 2 2 1 40 596 2075 2074
2818 2 2 1 40 581 2083 580
2819 2 2 1 40 523 2083 524
2820 2 2 1 40 521 520 2067
2821 2 2 1 40 582 2090 581
2822 2 2 1 40 592 2081 591
2823 2 2 1 40 524 2090 525
2824 2 2 1 40 537 2078 538
2825 2 2 1 40 518 2065 2073
2826 2 2 1 40 2072 2063 571
2827 2 2 1 40 583 2089 582
2828 2 2 1 40 534 2081 535
2829 2 2 1 40 525 2089 526
2830 2 2 1 40 584 2088 583
2831 2 2 1 40 526 2088 527
2832 2 2 1 40 527 2087 528
2833 2 2 1 40 2062 2066 2064
2834 2 2 1 40 585 2087 584
2835 2 2 1 40 586 2086 585
2836 2 2 1 40 593 2079 592
2837 2 2 1 40 535 2079 536
2838 2 2 1 40 528 2086 529
2839 2 2 1 40 529 2085 530
2840 2 2 1 40 587 2085 586
2841 2 2 1 40 530 2084 531
2842 2 2 1 40 588 2084 587
2843 2 2 1 40 572 2072 571
2844 2 2 1 40 2063 2072 2061
2845 2 2 1 41 2091 2093 2092
2846 2 2 1 41 2093 2091 655
2847 2 2 1 41 626 2091 2092
2848 2 2 1 41 2092 2095 2094
2849 2 2 1 41 625 2094 624
2850 2 2 1 41 2092 2094 625
2851 2 2 1 41 626 2092 625
2852 2 2 1 41 623 2096 622
2853 2 2 1 41 2096 2097 622
2854 2 2 1 41 567 2097 2096
2855 2 2 1 41 568 2096 2098
2856 2 2 1 41 2099 619 2100
2857 2 2 1 41 2096 568 567
2858 2 2 1 41 2094 2095 2098
2859 2 2 1 41 2094 2098 624
2860 2 2 1 41 624 2098 623
2861 2 2 1 41 2098 2096 623
2862 2 2 1 41 563 2101 2099
2863 2 2 1 41 563 2099 564
2864 2 2 1 41 657 2102 61
2865 2 2 1 41 2102 547 61
2866 2 2 1 41 2102 657 64
2867 2 2 1 41 603 2102 64
2868 2 2 1 41 604 2104 2103
2869 2 2 1 41 2104 548 2103
2870 2 2 1 41 621 2097 2105
2871 2 2 1 41 2097 566 2105
2872 2 2 1 41 655 62 2093
2873 2 2 1 41 2093 62 570
2874 2 2 1 41 2100 620 2105
2875 2 2 1 41 565 2100 2105
2876 2 2 1 41 2095 2092 2093
2877 2 2 1 41 605 2106 2104
2878 2 2 1 41 2106 549 2104
2879 2 2 1 41 2095 2093 570
2880 2 2 1 41 606 2107 2106
2881 2 2 1 41 2107 550 2106
2882 2 2 1 41 607 2108 2107
2883 2 2 1 41 2108 551 2107
2884 2 2 1 41 608 2109 2108
2885 2 2 1 41 2109 552 2108
2886 2 2 1 41 610 2111 2110
2887 2 2 1 41 2111 554 2110
2888 2 2 1 41 609 2110 2109
2889 2 2 1 41 2110 553 2109
2890 2 2 1 41 611 2112 2111
2891 2 2 1 41 2112 555 2111
2892 2 2 1 41 614 2114 2113
2893 2 2 1 41 2114 558 2113
2894 2 2 1 41 612 2115 2112
2895 2 2 1 41 2115 556 2112
2896 2 2 1 41 613 2113 2115
2897 2 2 1 41 2113 557 2115
2898 2 2 1 41 615 2116 2114
2899 2 2 1 41 2116 559 2114
2900 2 2 1 41 547 2102 2103
2901 2 2 1 41 2102 603 2103
2902 2 2 1 41 616 2117 2116
2903 2 2 1 41 2117 560 2116
2904 2 2 1 41 617 2118 2117
2905 2 2 1 41 2118 561 2117
2906 2 2 1 41 65 2091 627
2907 2 2 1 41 65 656 2091
2908 2 2 1 41 2091 626 627
2909 2 2 1 41 618 2119 2118
2910 2 2 1 41 2119 562 2118
2911 2 2 1 41 619 2099 2101
2912 2 2 1 41 564 2099 2100
2913 2 2 1 41 563 2119 2101
2914 2 2 1 41 2119 618 2101
2915 2 2 1 41 655 2091 656
2916 2 2 1 41 2119 563 562
2917 2 2 1 41 619 2101 618
2918 2 2 1 41 2095 570 569
2919 2 2 1 41 2098 569 568
2920 2 2 1 41 569 2098 2095
2921 2 2 1 41 2103 548 547
2922 2 2 1 41 2103 603 604
2923 2 2 1 41 2104 549 548
2924 2 2 1 41 2104 604 605
2925 2 2 1 41 2106 550 549
2926 2 2 1 41 2106 605 606
2927 2 2 1 41 2107 551 550
2928 2 2 1 41 2107 606 607
2929 2 2 1 41 2108 552 551
2930 2 2 1 41 2108 607 608
2931 2 2 1 41 2109 608 609
2932 2 2 1 41 2109 553 552
2933 2 2 1 41 2110 609 610
2934 2 2 1 41 2110 554 553
2935 2 2 1 41 2111 555 554
2936 2 2 1 41 2111 610 611
2937 2 2 1 41 2112 556 555
2938 2 2 1 41 2112 611 612
2939 2 2 1 41 622 2097 621
2940 2 2 1 41 566 2097 567
2941 2 2 1 41 2115 557 556
2942 2 2 1 41 2115 612 613
2943 2 2 1 41 2113 613 614
2944 2 2 1 41 2113 558 557
2945 2 2 1 41 565 2105 566
2946 2 2 1 41 621 2105 620
2947 2 2 1 41 2114 614 615
2948 2 2 1 41 2114 559 558
2949 2 2 1 41 2116 615 616
2950 2 2 1 41 2116 560 559
2951 2 2 1 41 564 2100 565
2952 2 2 1 41 620 2100 619
2953 2 2 1 41 2117 616 617
2954 2 2 1 41 2117 561 560
2955 2 2 1 41 2118 617 618
2956 2 2 1 41 2118 562 561
2957 2 2 1 42 655 656 2120
2958 2 2 1 42 655 2121 62
2959 2 2 1 42 65 628 656
2960 2 2 1 42 655 2120 2121
2961 2 2 1 42 2120 629 2121
2962 2 2 1 42 574 2122 575
2963 2 2 1 42 2122 574 2123
2964 2 2 1 42 2122 2124 575
2965 2 2 1 42 2123 574 573
2966 2 2 1 42 2123 2125 632
2967 2 2 1 42 2125 2123 573
2968 2 2 1 42 2124 2122 634
2969 2 2 1 42 2126 2124 634
2970 2 2 1 42 633 2122 2123
2971 2 2 1 42 633 2123 632
2972 2 2 1 42 2127 2128 636
2973 2 2 1 42 2127 636 637
2974 2 2 1 42 571 2121 2129
2975 2 2 1 42 2127 637 2130
2976 2 2 1 42 2130 637 638
2977 2 2 1 42 578 2127 2130
2978 2 2 1 42 578 2130 579
2979 2 2 1 42 2129 572 571
2980 2 2 1 42 2128 635 636
2981 2 2 1 42 2126 2128 577
2982 2 2 1 42 2120 656 628
2983 2 2 1 42 635 2126 634
2984 2 2 1 42 2128 2127 577
2985 2 2 1 42 577 2127 578
2986 2 2 1 42 2128 2126 635
2987 2 2 1 42 631 632 2125
2988 2 2 1 42 2125 2129 631
2989 2 2 1 42 629 2120 628
2990 2 2 1 42 2125 572 2129
2991 2 2 1 42 572 2125 573
2992 2 2 1 42 633 634 2122
2993 2 2 1 42 2121 629 630
2994 2 2 1 42 62 2121 571
2995 2 2 1 42 2129 2121 630
2996 2 2 1 42 631 2129 630
2997 2 2 1 42 2124 2126 576
2998 2 2 1 42 576 2126 577
2999 2 2 1 42 649 2131 648
3000 2 2 1 42 653 2132 652
3001 2 2 1 42 594 2132 595
3002 2 2 1 42 591 2133 592
3003 2 2 1 42 2134 596 2135
3004 2 2 1 42 575 2124 576
3005 2 2 1 42 654 2134 2135
3006 2 2 1 42 2136 582 2137
3007 2 2 1 42 641 2136 2137
3008 2 2 1 42 582 2136 583
3009 2 2 1 42 2137 582 581
3010 2 2 1 42 2137 640 641
3011 2 2 1 42 2138 581 580
3012 2 2 1 42 2138 639 640
3013 2 2 1 42 583 2139 584
3014 2 2 1 42 642 2139 641
3015 2 2 1 42 2140 638 639
3016 2 2 1 42 2140 580 579
3017 2 2 1 42 584 2141 585
3018 2 2 1 42 643 2141 642
3019 2 2 1 42 2134 658 63
3020 2 2 1 42 596 2134 63
3021 2 2 1 42 2132 653 2135
3022 2 2 1 42 585 2142 586
3023 2 2 1 42 595 2132 2135
3024 2 2 1 42 658 2134 66
3025 2 2 1 42 2134 654 66
3026 2 2 1 42 2138 640 2137
3027 2 2 1 42 581 2138 2137
3028 2 2 1 42 2143 652 2132
3029 2 2 1 42 594 2143 2132
3030 2 2 1 42 2144 651 2143
3031 2 2 1 42 593 2144 2143
3032 2 2 1 42 2139 642 2141
3033 2 2 1 42 644 2142 643
3034 2 2 1 42 584 2139 2141
3035 2 2 1 42 2133 650 2144
3036 2 2 1 42 592 2133 2144
3037 2 2 1 42 2145 648 2131
3038 2 2 1 42 590 2145 2131
3039 2 2 1 42 2131 649 2133
3040 2 2 1 42 591 2131 2133
3041 2 2 1 42 2146 647 2145
3042 2 2 1 42 589 2146 2145
3043 2 2 1 42 2147 646 2146
3044 2 2 1 42 588 2147 2146
3045 2 2 1 42 2148 645 2147
3046 2 2 1 42 587 2148 2147
3047 2 2 1 42 2140 639 2138
3048 2 2 1 42 580 2140 2138
3049 2 2 1 42 2142 644 2148
3050 2 2 1 42 586 2142 2148
3051 2 2 1 42 643 2142 2141
3052 2 2 1 42 2142 585 2141
3053 2 2 1 42 586 2148 587
3054 2 2 1 42 645 2148 644
3055 2 2 1 42 587 2147 588
3056 2 2 1 42 646 2147 645
3057 2 2 1 42 650 2133 649
3058 2 2 1 42 2136 641 2139
3059 2 2 1 42 583 2136 2139
3060 2 2 1 42 588 2146 589
3061 2 2 1 42 647 2146 646
3062 2 2 1 42 2130 638 2140
3063 2 2 1 42 589 2145 590
3064 2 2 1 42 579 2130 2140
3065 2 2 1 42 648 2145 647
3066 2 2 1 42 654 2135 653
3067 2 2 1 42 595 2135 596
3068 2 2 1 42 652 2143 651
3069 2 2 1 42 651 2144 650
3070 2 2 1 42 590 2131 591
3071 2 2 1 42 592 2144 593
3072 2 2 1 42 593 2143 594
3073 2 2 1 43 2149 2150 627
3074 2 2 1 43 68 715 2151
3075 2 2 1 43 68 2151 685
3076 2 2 1 43 685 2151 684
3077 2 2 1 43 684 2150 683
3078 2 2 1 43 2151 2150 684
3079 2 2 1 43 2150 2149 683
3080 2 2 1 43 682 2153 2152
3081 2 2 1 43 682 2152 681
3082 2 2 1 43 2151 715 714
3083 2 2 1 43 683 2149 682
3084 2 2 1 43 714 2154 2151
3085 2 2 1 43 2151 2154 2150
3086 2 2 1 43 625 2152 2153
3087 2 2 1 43 2149 2153 682
3088 2 2 1 43 2153 2149 626
3089 2 2 1 43 625 2153 626
3090 2 2 1 43 626 2149 627
3091 2 2 1 43 681 2152 2155
3092 2 2 1 43 625 2155 2152
3093 2 2 1 43 2155 625 624
3094 2 2 1 43 2155 624 2156
3095 2 2 1 43 681 2155 680
3096 2 2 1 43 660 2158 2157
3097 2 2 1 43 2158 604 2157
3098 2 2 1 43 2159 716 67
3099 2 2 1 43 659 2159 67
3100 2 2 1 43 680 2155 2156
3101 2 2 1 43 716 2159 64
3102 2 2 1 43 623 2156 624
3103 2 2 1 43 680 2156 679
3104 2 2 1 43 714 65 2154
3105 2 2 1 43 2154 65 627
3106 2 2 1 43 2159 603 64
3107 2 2 1 43 678 2161 2160
3108 2 2 1 43 2161 622 2160
3109 2 2 1 43 2154 627 2150
3110 2 2 1 43 679 2161 678
3111 2 2 1 43 2161 679 2156
3112 2 2 1 43 623 2161 2156
3113 2 2 1 43 662 2163 2162
3114 2 2 1 43 2163 606 2162
3115 2 2 1 43 661 2162 2158
3116 2 2 1 43 2162 605 2158
3117 2 2 1 43 663 2164 2163
3118 2 2 1 43 2164 607 2163
3119 2 2 1 43 665 2166 2165
3120 2 2 1 43 2166 609 2165
3121 2 2 1 43 664 2165 2164
3122 2 2 1 43 2165 608 2164
3123 2 2 1 43 671 2168 2167
3124 2 2 1 43 2168 615 2167
3125 2 2 1 43 666 2169 2166
3126 2 2 1 43 2169 610 2166
3127 2 2 1 43 675 2171 2170
3128 2 2 1 43 603 2159 2157
3129 2 2 1 43 2159 659 2157
3130 2 2 1 43 2171 619 2170
3131 2 2 1 43 670 2167 2172
3132 2 2 1 43 2167 614 2172
3133 2 2 1 43 672 2173 2168
3134 2 2 1 43 2173 616 2168
3135 2 2 1 43 669 2172 2174
3136 2 2 1 43 2172 613 2174
3137 2 2 1 43 673 2175 2173
3138 2 2 1 43 2175 617 2173
3139 2 2 1 43 674 2170 2175
3140 2 2 1 43 2170 618 2175
3141 2 2 1 43 668 2174 2176
3142 2 2 1 43 2174 612 2176
3143 2 2 1 43 667 2176 2169
3144 2 2 1 43 2176 611 2169
3145 2 2 1 43 676 2177 2171
3146 2 2 1 43 2177 620 2171
3147 2 2 1 43 2177 677 2160
3148 2 2 1 43 621 2177 2160
3149 2 2 1 43 622 2161 623
3150 2 2 1 43 678 2160 677
3151 2 2 1 43 621 2160 622
3152 2 2 1 43 677 2177 676
3153 2 2 1 43 620 2177 621
3154 2 2 1 43 660 2157 659
3155 2 2 1 43 603 2157 604
3156 2 2 1 43 604 2158 605
3157 2 2 1 43 661 2158 660
3158 2 2 1 43 605 2162 606
3159 2 2 1 43 662 2162 661
3160 2 2 1 43 606 2163 607
3161 2 2 1 43 663 2163 662
3162 2 2 1 43 607 2164 608
3163 2 2 1 43 664 2164 663
3164 2 2 1 43 608 2165 609
3165 2 2 1 43 665 2165 664
3166 2 2 1 43 609 2166 610
3167 2 2 1 43 666 2166 665
3168 2 2 1 43 610 2169 611
3169 2 2 1 43 667 2169 666
3170 2 2 1 43 611 2176 612
3171 2 2 1 43 668 2176 667
3172 2 2 1 43 612 2174 613
3173 2 2 1 43 669 2174 668
3174 2 2 1 43 613 2172 614
3175 2 2 1 43 670 2172 669
3176 2 2 1 43 614 2167 615
3177 2 2 1 43 671 2167 670
3178 2 2 1 43 615 2168 616
3179 2 2 1 43 672 2168 671
3180 2 2 1 43 616 2173 617
3181 2 2 1 43 673 2173 672
3182 2 2 1 43 617 2175 618
3183 2 2 1 43 674 2175 673
3184 2 2 1 43 618 2170 619
3185 2 2 1 43 675 2170 674
3186 2 2 1 43 676 2171 675
3187 2 2 1 43 619 2171 620
3188 2 2 1 44 68 686 715
3189 2 2 1 44 714 2179 2178
3190 2 2 1 44 2179 715 686
3191 2 2 1 44 691 2180 690
3192 2 2 1 44 2180 2181 690
3193 2 2 1 44 2182 2181 630
3194 2 2 1 44 689 2181 2182
3195 2 2 1 44 689 2182 688
3196 2 2 1 44 2178 687 688
3197 2 2 1 44 2178 688 2183
3198 2 2 1 44 2180 691 692
3199 2 2 1 44 2180 692 2184
3200 2 2 1 44 631 2181 2180
3201 2 2 1 44 630 2181 631
3202 2 2 1 44 2184 692 2185
3203 2 2 1 44 2185 692 693
3204 2 2 1 44 2182 629 2183
3205 2 2 1 44 628 2183 629
3206 2 2 1 44 688 2182 2183
3207 2 2 1 44 629 2182 630
3208 2 2 1 44 631 2180 632
3209 2 2 1 44 2180 2184 632
3210 2 2 1 44 2179 687 2178
3211 2 2 1 44 628 2178 2183
3212 2 2 1 44 2178 628 65
3213 2 2 1 44 714 2178 65
3214 2 2 1 44 713 2186 712
3215 2 2 1 44 714 715 2179
3216 2 2 1 44 2181 689 690
3217 2 2 1 44 2184 2185 633
3218 2 2 1 44 633 2185 634
3219 2 2 1 44 653 2186 654
3220 2 2 1 44 712 2187 711
3221 2 2 1 44 652 2187 653
3222 2 2 1 44 651 2188 652
3223 2 2 1 44 632 2184 633
3224 2 2 1 44 2189 643 2190
3225 2 2 1 44 702 2189 2190
3226 2 2 1 44 2191 694 2192
3227 2 2 1 44 2191 634 2185
3228 2 2 1 44 2191 635 634
3229 2 2 1 44 2192 635 2191
3230 2 2 1 44 2193 636 2192
3231 2 2 1 44 2194 654 2186
3232 2 2 1 44 713 2194 2186
3233 2 2 1 44 695 2192 694
3234 2 2 1 44 635 2192 636
3235 2 2 1 44 696 2193 695
3236 2 2 1 44 636 2193 637
3237 2 2 1 44 697 2195 696
3238 2 2 1 44 2185 693 2191
3239 2 2 1 44 2191 693 694
3240 2 2 1 44 637 2195 638
3241 2 2 1 44 698 2196 697
3242 2 2 1 44 638 2196 639
3243 2 2 1 44 699 2197 698
3244 2 2 1 44 639 2197 640
3245 2 2 1 44 700 2198 699
3246 2 2 1 44 640 2198 641
3247 2 2 1 44 701 2199 700
3248 2 2 1 44 641 2199 642
3249 2 2 1 44 702 2190 701
3250 2 2 1 44 642 2190 643
3251 2 2 1 44 703 2189 702
3252 2 2 1 44 643 2189 644
3253 2 2 1 44 704 2200 703
3254 2 2 1 44 644 2200 645
3255 2 2 1 44 705 2201 704
3256 2 2 1 44 645 2201 646
3257 2 2 1 44 706 2202 705
3258 2 2 1 44 646 2202 647
3259 2 2 1 44 707 2203 706
3260 2 2 1 44 647 2203 648
3261 2 2 1 44 687 2179 686
3262 2 2 1 44 708 2204 707
3263 2 2 1 44 648 2204 649
3264 2 2 1 44 2187 712 2186
3265 2 2 1 44 653 2187 2186
3266 2 2 1 44 2194 717 66
3267 2 2 1 44 654 2194 66
3268 2 2 1 44 717 2194 69
3269 2 2 1 44 2194 713 69
3270 2 2 1 44 2203 707 2204
3271 2 2 1 44 709 2205 708
3272 2 2 1 44 649 2205 650
3273 2 2 1 44 648 2203 2204
3274 2 2 1 44 2188 711 2187
3275 2 2 1 44 652 2188 2187
3276 2 2 1 44 2189 703 2200
3277 2 2 1 44 644 2189 2200
3278 2 2 1 44 2206 710 2188
3279 2 2 1 44 651 2206 2188
3280 2 2 1 44 2205 709 2206
3281 2 2 1 44 650 2205 2206
3282 2 2 1 44 2204 708 2205
3283 2 2 1 44 649 2204 2205
3284 2 2 1 44 2196 698 2197
3285 2 2 1 44 639 2196 2197
3286 2 2 1 44 2202 706 2203
3287 2 2 1 44 647 2202 2203
3288 2 2 1 44 710 2206 709
3289 2 2 1 44 650 2206 651
3290 2 2 1 44 2200 704 2201
3291 2 2 1 44 645 2200 2201
3292 2 2 1 44 2201 705 2202
3293 2 2 1 44 646 2201 2202
3294 2 2 1 44 711 2188 710
3295 2 2 1 44 699 2198 2197
3296 2 2 1 44 2198 640 2197
3297 2 2 1 44 700 2199 2198
3298 2 2 1 44 2199 641 2198
3299 2 2 1 44 696 2195 2193
3300 2 2 1 44 2195 637 2193
3301 2 2 1 44 697 2196 2195
3302 2 2 1 44 2196 638 2195
3303 2 2 1 44 701 2190 2199
3304 2 2 1 44 2190 642 2199
3305 2 2 1 44 695 2193 2192
3306 2 2 1 45 776 2207 71
3307 2 2 1 45 2207 745 71
3308 2 2 1 45 685 776 68
3309 2 2 1 45 2208 736 2209
3310 2 2 1 45 2208 2209 677
3311 2 2 1 45 2210 735 2208
3312 2 2 1 45 2210 2208 676
3313 2 2 1 45 2211 734 2210
3314 2 2 1 45 2211 2210 675
3315 2 2 1 45 2212 733 2211
3316 2 2 1 45 2212 2211 674
3317 2 2 1 45 2213 732 2212
3318 2 2 1 45 2213 2212 673
3319 2 2 1 45 743 2215 2214
3320 2 2 1 45 2214 2215 684
3321 2 2 1 45 742 2214 2216
3322 2 2 1 45 2216 2214 683
3323 2 2 1 45 718 2218 2217
3324 2 2 1 45 2219 731 2213
3325 2 2 1 45 2219 2213 672
3326 2 2 1 45 2218 719 2220
3327 2 2 1 45 2218 2220 660
3328 2 2 1 45 2220 720 2221
3329 2 2 1 45 2220 2221 661
3330 2 2 1 45 2221 721 2222
3331 2 2 1 45 2221 2222 662
3332 2 2 1 45 2222 722 2223
3333 2 2 1 45 2222 2223 663
3334 2 2 1 45 2224 741 2216
3335 2 2 1 45 2224 2216 682
3336 2 2 1 45 2225 730 2219
3337 2 2 1 45 2225 2219 671
3338 2 2 1 45 2226 739 2227
3339 2 2 1 45 2226 2227 680
3340 2 2 1 45 2223 723 2228
3341 2 2 1 45 2223 2228 664
3342 2 2 1 45 2227 740 2224
3343 2 2 1 45 2227 2224 681
3344 2 2 1 45 2229 729 2225
3345 2 2 1 45 2229 2225 670
3346 2 2 1 45 2230 726 2231
3347 2 2 1 45 2230 2231 667
3348 2 2 1 45 2228 724 2232
3349 2 2 1 45 2228 2232 665
3350 2 2 1 45 2232 725 2230
3351 2 2 1 45 2232 2230 666
3352 2 2 1 45 2231 727 2233
3353 2 2 1 45 2231 2233 668
3354 2 2 1 45 2233 728 2229
3355 2 2 1 45 2233 2229 669
3356 2 2 1 45 2234 738 2226
3357 2 2 1 45 2234 2226 679
3358 2 2 1 45 2209 737 2234
3359 2 2 1 45 2209 2234 678
3360 2 2 1 45 2215 744 2207
3361 2 2 1 45 685 2215 2207
3362 2 2 1 45 777 2217 67
3363 2 2 1 45 2217 2218 659
3364 2 2 1 45 2217 659 67
3365 2 2 1 45 745 2207 744
3366 2 2 1 45 685 2207 776
3367 2 2 1 45 2217 777 70
3368 2 2 1 45 718 2217 70
3369 2 2 1 45 2216 741 742
3370 2 2 1 45 2216 683 682
3371 2 2 1 45 2224 740 741
3372 2 2 1 45 2224 682 681
3373 2 2 1 45 2227 739 740
3374 2 2 1 45 2227 681 680
3375 2 2 1 45 2214 742 743
3376 2 2 1 45 2214 684 683
3377 2 2 1 45 2226 738 739
3378 2 2 1 45 2226 680 679
3379 2 2 1 45 2234 737 738
3380 2 2 1 45 2234 679 678
3381 2 2 1 45 2209 736 737
3382 2 2 1 45 2209 678 677
3383 2 2 1 45 2208 735 736
3384 2 2 1 45 2208 677 676
3385 2 2 1 45 2210 734 735
3386 2 2 1 45 2210 676 675
3387 2 2 1 45 2211 733 734
3388 2 2 1 45 2211 675 674
3389 2 2 1 45 2212 732 733
3390 2 2 1 45 2212 674 673
3391 2 2 1 45 2213 731 732
3392 2 2 1 45 2213 673 672
3393 2 2 1 45 2219 730 731
3394 2 2 1 45 2219 672 671
3395 2 2 1 45 2225 729 730
3396 2 2 1 45 2225 671 670
3397 2 2 1 45 2229 728 729
3398 2 2 1 45 2229 670 669
3399 2 2 1 45 2233 727 728
3400 2 2 1 45 2233 669 668
3401 2 2 1 45 2231 726 727
3402 2 2 1 45 2231 668 667
3403 2 2 1 45 2230 725 726
3404 2 2 1 45 2230 667 666
3405 2 2 1 45 2232 724 725
3406 2 2 1 45 2232 666 665
3407 2 2 1 45 2228 723 724
3408 2 2 1 45 2228 665 664
3409 2 2 1 45 2223 722 723
3410 2 2 1 45 2223 664 663
3411 2 2 1 45 2222 721 722
3412 2 2 1 45 2222 663 662
3413 2 2 1 45 2221 662 661
3414 2 2 1 45 2221 720 721
3415 2 2 1 45 2220 719 720
3416 2 2 1 45 2220 661 660
3417 2 2 1 45 2218 660 659
3418 2 2 1 45 2218 718 719
3419 2 2 1 45 744 2215 743
3420 2 2 1 45 684 2215 685
3421 2 2 1 46 747 2236 2235
3422 2 2 1 46 2235 2236 686
3423 2 2 1 46 686 68 2235
3424 2 2 1 46 750 751 689
3425 2 2 1 46 690 751 752
3426 2 2 1 46 689 751 690
3427 2 2 1 46 688 687 749
3428 2 2 1 46 776 2235 68
3429 2 2 1 46 690 752 691
3430 2 2 1 46 687 748 749
3431 2 2 1 46 747 2235 746
3432 2 2 1 46 71 746 2235
3433 2 2 1 46 2235 776 71
3434 2 2 1 46 749 750 688
3435 2 2 1 46 688 750 689
3436 2 2 1 46 692 754 693
3437 2 2 1 46 754 755 693
3438 2 2 1 46 752 753 691
3439 2 2 1 46 769 2238 2237
3440 2 2 1 46 2239 2240 709
3441 2 2 1 46 753 754 692
3442 2 2 1 46 691 753 692
3443 2 2 1 46 686 2236 687
3444 2 2 1 46 693 755 694
3445 2 2 1 46 2236 748 687
3446 2 2 1 46 748 2236 747
3447 2 2 1 46 700 761 762
3448 2 2 1 46 2241 2242 703
3449 2 2 1 46 759 697 758
3450 2 2 1 46 758 697 696
3451 2 2 1 46 765 2242 2241
3452 2 2 1 46 2242 2243 704
3453 2 2 1 46 766 2243 2242
3454 2 2 1 46 2243 2244 705
3455 2 2 1 46 757 758 696
3456 2 2 1 46 757 696 695
3457 2 2 1 46 699 760 761
3458 2 2 1 46 699 761 700
3459 2 2 1 46 767 2244 2243
3460 2 2 1 46 2244 2237 706
3461 2 2 1 46 768 2237 2244
3462 2 2 1 46 2241 703 702
3463 2 2 1 46 2241 764 765
3464 2 2 1 46 2245 702 701
3465 2 2 1 46 2245 763 764
3466 2 2 1 46 2246 701 700
3467 2 2 1 46 2246 762 763
3468 2 2 1 46 762 2246 700
3469 2 2 1 46 2247 778 69
3470 2 2 1 46 713 2247 69
3471 2 2 1 46 2242 765 766
3472 2 2 1 46 2242 704 703
3473 2 2 1 46 2243 766 767
3474 2 2 1 46 2243 705 704
3475 2 2 1 46 2244 767 768
3476 2 2 1 46 2244 706 705
3477 2 2 1 46 2237 768 769
3478 2 2 1 46 2237 707 706
3479 2 2 1 46 2238 769 770
3480 2 2 1 46 2238 708 707
3481 2 2 1 46 2237 2238 707
3482 2 2 1 46 2239 709 708
3483 2 2 1 46 2239 770 771
3484 2 2 1 46 2240 771 772
3485 2 2 1 46 2240 710 709
3486 2 2 1 46 2248 772 773
3487 2 2 1 46 697 759 698
3488 2 2 1 46 2248 711 710
3489 2 2 1 46 2249 773 774
3490 2 2 1 46 2249 712 711
3491 2 2 1 46 778 2247 72
3492 2 2 1 46 2247 2250 775
3493 2 2 1 46 2247 775 72
3494 2 2 1 46 2250 774 775
3495 2 2 1 46 2250 713 712
3496 2 2 1 46 2246 2245 701
3497 2 2 1 46 763 2245 2246
3498 2 2 1 46 2245 2241 702
3499 2 2 1 46 764 2241 2245
3500 2 2 1 46 2250 2247 713
3501 2 2 1 46 774 2250 2249
3502 2 2 1 46 2249 2250 712
3503 2 2 1 46 773 2249 2248
3504 2 2 1 46 2248 2249 711
3505 2 2 1 46 698 760 699
3506 2 2 1 46 698 759 760
3507 2 2 1 46 772 2248 2240
3508 2 2 1 46 2240 2248 710
3509 2 2 1 46 770 2239 2238
3510 2 2 1 46 2238 2239 708
3511 2 2 1 46 756 695 694
3512 2 2 1 46 756 757 695
3513 2 2 1 46 694 755 756
3514 2 2 1 46 771 2240 2239
3515 2 2 1 47 2251 838 71
3516 2 2 1 47 838 2251 74
3517 2 2 1 47 807 2251 806
3518 2 2 1 47 2251 807 74
3519 2 2 1 47 2251 2252 806
3520 2 2 1 47 779 2254 2253
3521 2 2 1 47 2253 2254 718
3522 2 2 1 47 2255 781 2256
3523 2 2 1 47 790 729 728
3524 2 2 1 47 2255 2256 720
3525 2 2 1 47 2257 783 2258
3526 2 2 1 47 2257 2258 722
3527 2 2 1 47 2254 780 2255
3528 2 2 1 47 790 728 789
3529 2 2 1 47 2254 2255 719
3530 2 2 1 47 2256 782 2257
3531 2 2 1 47 727 788 789
3532 2 2 1 47 2256 2257 721
3533 2 2 1 47 2258 784 2259
3534 2 2 1 47 2258 2259 723
3535 2 2 1 47 2259 785 2260
3536 2 2 1 47 2259 2260 724
3537 2 2 1 47 2260 786 2261
3538 2 2 1 47 2260 2261 725
3539 2 2 1 47 2261 787 2262
3540 2 2 1 47 2261 2262 726
3541 2 2 1 47 805 806 2252
3542 2 2 1 47 2251 71 745
3543 2 2 1 47 2262 788 727
3544 2 2 1 47 799 737 798
3545 2 2 1 47 788 2262 787
3546 2 2 1 47 726 2262 727
3547 2 2 1 47 787 2261 786
3548 2 2 1 47 798 736 797
3549 2 2 1 47 730 729 791
3550 2 2 1 47 725 2261 726
3551 2 2 1 47 786 2260 785
3552 2 2 1 47 797 735 796
3553 2 2 1 47 724 2260 725
3554 2 2 1 47 70 2253 718
3555 2 2 1 47 779 2253 73
3556 2 2 1 47 796 734 795
3557 2 2 1 47 2253 70 73
3558 2 2 1 47 805 2252 744
3559 2 2 1 47 737 736 798
3560 2 2 1 47 795 733 794
3561 2 2 1 47 803 804 742
3562 2 2 1 47 731 730 792
3563 2 2 1 47 736 735 797
3564 2 2 1 47 794 732 793
3565 2 2 1 47 804 743 742
3566 2 2 1 47 789 728 727
3567 2 2 1 47 735 734 796
3568 2 2 1 47 793 731 792
3569 2 2 1 47 805 743 804
3570 2 2 1 47 732 731 793
3571 2 2 1 47 734 733 795
3572 2 2 1 47 792 730 791
3573 2 2 1 47 791 729 790
3574 2 2 1 47 733 732 794
3575 2 2 1 47 785 2259 784
3576 2 2 1 47 723 2259 724
3577 2 2 1 47 784 2258 783
3578 2 2 1 47 722 2258 723
3579 2 2 1 47 800 739 738
3580 2 2 1 47 783 2257 782
3581 2 2 1 47 799 738 737
3582 2 2 1 47 799 800 738
3583 2 2 1 47 801 739 800
3584 2 2 1 47 721 2257 722
3585 2 2 1 47 801 740 739
3586 2 2 1 47 720 2256 721
3587 2 2 1 47 802 740 801
3588 2 2 1 47 782 2256 781
3589 2 2 1 47 802 741 740
3590 2 2 1 47 719 2255 720
3591 2 2 1 47 803 741 802
3592 2 2 1 47 781 2255 780
3593 2 2 1 47 718 2254 719
3594 2 2 1 47 780 2254 779
3595 2 2 1 47 805 744 743
3596 2 2 1 47 803 742 741
3597 2 2 1 47 2252 2251 745
3598 2 2 1 47 744 2252 745
3599 2 2 1 48 810 811 748
3600 2 2 1 48 810 748 747
3601 2 2 1 48 838 74 2263
3602 2 2 1 48 838 2263 71
3603 2 2 1 48 751 814 752
3604 2 2 1 48 809 810 747
3605 2 2 1 48 809 747 746
3606 2 2 1 48 812 750 749
3607 2 2 1 48 812 749 811
3608 2 2 1 48 815 752 814
3609 2 2 1 48 748 811 749
3610 2 2 1 48 752 815 753
3611 2 2 1 48 815 816 753
3612 2 2 1 48 2263 74 808
3613 2 2 1 48 812 813 750
3614 2 2 1 48 813 814 751
3615 2 2 1 48 750 813 751
3616 2 2 1 48 808 809 2263
3617 2 2 1 48 2263 809 746
3618 2 2 1 48 71 2263 746
3619 2 2 1 48 766 828 829
3620 2 2 1 48 766 829 767
3621 2 2 1 48 768 830 831
3622 2 2 1 48 768 831 769
3623 2 2 1 48 774 836 837
3624 2 2 1 48 829 830 767
3625 2 2 1 48 767 830 768
3626 2 2 1 48 774 837 775
3627 2 2 1 48 769 831 832
3628 2 2 1 48 769 832 770
3629 2 2 1 48 832 833 770
3630 2 2 1 48 770 833 771
3631 2 2 1 48 833 834 771
3632 2 2 1 48 771 834 772
3633 2 2 1 48 72 2264 75
3634 2 2 1 48 837 2264 775
3635 2 2 1 48 2264 837 75
3636 2 2 1 48 2264 72 775
3637 2 2 1 48 818 819 756
3638 2 2 1 48 756 819 757
3639 2 2 1 48 755 817 818
3640 2 2 1 48 755 818 756
3641 2 2 1 48 754 817 755
3642 2 2 1 48 757 819 820
3643 2 2 1 48 820 821 758
3644 2 2 1 48 758 821 759
3645 2 2 1 48 757 820 758
3646 2 2 1 48 760 822 823
3647 2 2 1 48 760 823 761
3648 2 2 1 48 823 824 761
3649 2 2 1 48 753 816 754
3650 2 2 1 48 761 824 762
3651 2 2 1 48 821 822 759
3652 2 2 1 48 759 822 760
3653 2 2 1 48 824 825 762
3654 2 2 1 48 762 825 763
3655 2 2 1 48 765 827 828
3656 2 2 1 48 765 828 766
3657 2 2 1 48 754 816 817
3658 2 2 1 48 825 826 763
3659 2 2 1 48 763 826 764
3660 2 2 1 48 826 827 764
3661 2 2 1 48 764 827 765
3662 2 2 1 48 773 836 774
3663 2 2 1 48 773 835 836
3664 2 2 1 48 772 835 773
3665 2 2 1 48 834 835 772
3666 2 2 4 49 2714 2538 3117
3667 2 2 4 49 803 802 2598
3668 2 2 4 49 2387 2634 2795
3669 2 2 4 49 2633 2388 2796
3670 2 2 4 49 843 844 2575
3671 2 2 4 49 813 812 2576
3672 2 2 4 49 2440 2624 2814
3673 2 2 4 49 2758 2394 2868
3674 2 2 4 49 2624 2356 2814
3675 2 2 4 49 2574 2358 2655
3676 2 2 4 49 2394 2627 2868
3677 2 2 4 49 2351 2596 2686
3678 2 2 4 49 2596 2381 2676
3679 2 2 4 49 2310 2596 2676
3680 2 2 4 49 2363 2536 2959
3681 2 2 4 49 2560 2332 3320
3682 2 2 4 49 2529 2297 3034
3683 2 2 4 49 2334 2561 2666
3684 2 2 4 49 2730 2370 2828
3685 2 2 4 49 2504 2730 2828
3686 2 2 4 49 2606 2387 3333
3687 2 2 4 49 2387 2607 3333
3688 2 2 4 49 2536 2363 2759
3689 2 2 4 49 2281 2560 3120
3690 2 2 4 49 2568 2372 2677
3691 2 2 4 49 2651 2286 2919
3692 2 2 4 49 3243 2578 3274
3693 2 2 4 49 2632 2362 3069
3694 2 2 4 49 2361 2994 3311
3695 2 2 4 49 2741 2573 3308
3696 2 2 4 49 2385 2559 2767
3697 2 2 4 49 2588 2377 2706
3698 2 2 4 49 2718 2361 3311
3699 2 2 4 49 2599 2383 3287
3700 2 2 4 49 2383 2600 3287
3701 2 2 4 49 2297 2529 2957
3702 2 2 4 49 2552 2270 2703
3703 2 2 4 49 3050 2632 3069
3704 2 2 4 49 2678 2578 3243
3705 2 2 4 49 2643 2385 2816
3706 2 2 4 49 2268 2558 2756
3707 2 2 4 49 2668 2389 2710
3708 2 2 4 49 2413 2668 2710
3709 2 2 4 49 2291 2687 2956
3710 2 2 4 49 883 884 2587
3711 2 2 4 49 2390 2671 2711
3712 2 2 4 49 2671 2414 2711
3713 2 2 4 49 2557 2755 3169
3714 2 2 4 49 2613 2427 2806
3715 2 2 4 49 2864 2986 3250
3716 2 2 4 49 2358 2613 2806
3717 2 2 4 49 2337 2571 2698
3718 2 2 4 49 2487 2755 2777
3719 2 2 4 49 2572 2338 2700
3720 2 2 4 49 2755 2384 2777
3721 2 2 4 49 2325 2662 3001
3722 2 2 4 49 2795 2634 2877
3723 2 2 4 49 808 74 2645
3724 2 2 4 49 2633 2796 2878
3725 2 2 4 49 2373 2629 2836
3726 2 2 4 49 2621 2360 3089
3727 2 2 4 49 2942 2525 2970
3728 2 2 4 49 2376 2714 3117
3729 2 2 4 49 2268 2756 2793
3730 2 2 4 49 2379 2590 2722
3731 2 2 4 49 2919 2286 3050
3732 2 2 4 49 2755 2557 2989
3733 2 2 4 49 2465 2602 3116
3734 2 2 4 49 2670 2480 2944
3735 2 2 4 49 2662 2497 3001
3736 2 2 4 49 2718 2560 3320
3737 2 2 4 49 2913 2517 2981
3738 2 2 4 49 2864 2509 2986
3739 2 2 4 49 2518 2914 2982
3740 2 2 4 49 2652 2295 2738
3741 2 2 4 49 2586 887 2854
3742 2 2 4 49 2656 2330 2832
3743 2 2 4 49 2564 2271 3324
3744 2 2 4 49 2456 2656 2832
3745 2 2 4 49 2296 2653 2739
3746 2 2 4 49 2385 2713 2816
3747 2 2 4 49 2291 2600 2687
3748 2 2 4 49 2393 2546 2761
3749 2 2 4 49 2600 2383 2687
3750 2 2 4 49 2573 2288 3119
3751 2 2 4 49 2818 2538 2840
3752 2 2 4 49 2563 2748 3124
3753 2 2 4 49 2409 2734 2775
3754 2 2 4 49 2532 2666 3110
3755 2 2 4 49 2402 2582 2827
3756 2 2 4 49 835 2583 2883
3757 2 2 4 49 2734 2476 2775
3758 2 2 4 49 2584 866 2886
3759 2 2 4 49 2728 2472 3159
3760 2 2 4 49 2445 2818 2840
3761 2 2 4 49 2473 2729 3161
3762 2 2 4 49 2793 2830 3273
3763 2 2 4 49 2394 2758 2819
3764 2 2 4 49 2748 2494 3124
3765 2 2 4 49 2336 2681 2717
3766 2 2 4 49 3258 2619 3260
3767 2 2 4 49 2553 2728 3159
3768 2 2 4 49 2729 2554 3161
3769 2 2 4 49 2758 2505 2819
3770 2 2 4 49 784 783 2597
3771 2 2 4 49 2681 2421 2717
3772 2 2 4 49 2435 2531 3051
3773 2 2 4 49 2372 2619 3258
3774 2 2 4 49 2442 2564 3029
3775 2 2 4 49 2289 2591 2699
3776 2 2 4 49 2591 2382 2699
3777 2 2 4 49 2372 2568 2697
3778 2 2 4 49 2755 2302 3169
3779 2 2 4 49 2682 2274 2981
3780 2 2 4 49 2517 2682 2981
3781 2 2 4 49 2275 2684 2982
3782 2 2 4 49 2684 2518 2982
3783 2 2 4 49 2270 2552 2762
3784 2 2 4 49 2531 2435 2857
3785 2 2 4 49 2621 3089 3244
3786 2 2 4 49 2740 2410 2776
3787 2 2 4 49 2477 2740 2776
3788 2 2 4 49 2660 2373 2836
3789 2 2 4 49 2630 2512 2827
3790 2 2 4 49 2346 2630 2827
3791 2 2 4 49 2300 2561 2859
3792 2 2 4 49 2551 2290 2784
3793 2 2 4 49 2666 2374 3110
3794 2 2 4 49 2565 2447 2732
3795 2 2 4 49 805 2567 2768
3796 2 2 4 49 2577 2381 3209
3797 2 2 4 49 2793 2453 2830
3798 2 2 4 49 2646 2403 2747
3799 2 2 4 49 2299 2646 2747
3800 2 2 4 49 2417 2942 2970
3801 2 2 4 49 2446 2562 2731
3802 2 2 4 49 894 895 2672
3803 2 2 4 49 870 871 2673
3804 2 2 4 49 2307 2643 2725
3805 2 2 4 49 2637 781 3017
3806 2 2 4 49 2602 2760 3116
3807 2 2 4 49 2643 2396 2725
3808 2 2 4 49 2546 2393 3049
3809 2 2 4 49 2557 2420 2744
3810 2 2 4 49 2575 844 2723
3811 2 2 4 49 2290 2551 3166
3812 2 2 4 49 2844 2324 3141
3813 2 2 4 49 2588 2706 3005
3814 2 2 4 49 2817 2419 2928
3815 2 2 4 49 841 2579 2966
3816 2 2 4 49 2687 2468 2956
3817 2 2 4 49 2568 2474 3083
3818 2 2 4 49 2581 856 3018
3819 2 2 4 49 813 2576 2726
3820 2 2 4 49 2559 2385 2791
3821 2 2 4 49 825 2580 3016
3822 2 2 4 49 2611 2298 2740
3823 2 2 4 49 2303 2594 2927
3824 2 2 4 49 2594 2434 2927
3825 2 2 4 49 2660 2493 2968
3826 2 2 4 49 2748 2563 3006
3827 2 2 4 49 2310 2670 2944
3828 2 2 4 49 2317 2660 2968
3829 2 2 4 49 2288 2573 3038
3830 2 2 4 49 2600 2291 3228
3831 2 2 4 49 2380 2741 3308
3832 2 2 4 49 2573 2454 3038
3833 2 2 4 49 2672 895 3052
3834 2 2 4 49 2297 2610 2734
3835 2 2 4 49 870 2673 3054
3836 2 2 4 49 803 2598 2999
3837 2 2 4 49 2561 2334 3070
3838 2 2 4 49 2620 2292 2903
3839 2 2 4 49 2491 2589 2804
3840 2 2 4 49 2722 2278 2727
3841 2 2 4 49 74 807 3231
3842 2 2 4 49 2750 2915 3197
3843 2 2 4 49 3120 2560 3311
3844 2 2 4 49 2439 2722 2727
3845 2 2 4 49 800 799 2798
3846 2 2 4 49 2622 2366 2670
3847 2 2 4 49 2311 2891 3092
3848 2 2 4 49 2853 2544 2974
3849 2 2 4 49 2798 799 3149
3850 2 2 4 49 2573 3119 3308
3851 2 2 4 49 2759 2564 3324
3852 2 2 4 49 2439 2614 2858
3853 2 2 4 49 2416 2574 2895
3854 2 2 4 49 2573 2741 2953
3855 2 2 4 49 2649 2391 3165
3856 2 2 4 49 2627 2394 2854
3857 2 2 4 49 2545 2852 2975
3858 2 2 4 49 2722 2590 3007
3859 2 2 4 49 2612 2349 2749
3860 2 2 4 49 2372 2616 2677
3861 2 2 4 49 2535 2701 2938
3862 2 2 4 49 2556 2292 2889
3863 2 2 4 49 2704 2277 2706
3864 2 2 4 49 2403 2646 2784
3865 2 2 4 49 2627 2854 3196
3866 2 2 4 49 2385 2587 2713
3867 2 2 4 49 2419 2690 2928
3868 2 2 4 49 2617 2308 2841
3869 2 2 4 49 2375 2669 2756
3870 2 2 4 49 2381 2608 3209
3871 2 2 4 49 2309 2618 2842
3872 2 2 4 49 2756 2453 2793
3873 2 2 4 49 2423 2853 2974
3874 2 2 4 49 2423 2617 2841
3875 2 2 4 49 2425 2593 2961
3876 2 2 4 49 2443 2704 2706
3877 2 2 4 49 2827 2582 3245
3878 2 2 4 49 2614 2340 2897
3879 2 2 4 49 781 780 3017
3880 2 2 4 49 2564 2442 3026
3881 2 2 4 49 2350 2564 3026
3882 2 2 4 49 2618 2424 2842
3883 2 2 4 49 2382 2591 2778
3884 2 2 4 49 2369 2603 2757
3885 2 2 4 49 2377 2588 2815
3886 2 2 4 49 2589 2491 3128
3887 2 2 4 49 2322 2589 3128
3888 2 2 4 49 2852 2424 2975
3889 2 2 4 49 2345 2642 3010
3890 2 2 4 49 2558 2268 3248
3891 2 2 4 49 2858 2614 3332
3892 2 2 4 49 2292 2620 2736
3893 2 2 4 49 2586 2394 2819
3894 2 2 4 49 2620 2391 2736
3895 2 2 4 49 2617 2517 2913
3896 2 2 4 49 2562 2446 3059
3897 2 2 4 49 2420 2557 3169
3898 2 2 4 49 2479 2676 2909
3899 2 2 4 49 2518 2618 2914
3900 2 2 4 49 2666 2532 3355
3901 2 2 4 49 2448 2913 2981
3902 2 2 4 49 2699 2649 3165
3903 2 2 4 49 2593 2425 2918
3904 2 2 4 49 2914 2449 2982
3905 2 2 4 49 2598 802 2769
3906 2 2 4 49 2292 2556 2903
3907 2 2 4 49 2659 2415 2781
3908 2 2 4 49 2580 825 2890
3909 2 2 4 49 2298 2858 3332
3910 2 2 4 49 2381 2577 2967
3911 2 2 4 49 2676 2479 2910
3912 2 2 4 49 2590 2379 2826
3913 2 2 4 49 2310 2676 2910
3914 2 2 4 49 2383 2599 3268
3915 2 2 4 49 2979 2592 3075
3916 2 2 4 49 2419 2748 3006
3917 2 2 4 49 856 2581 2888
3918 2 2 4 49 2272 2659 2781
3919 2 2 4 49 2603 2290 2805
3920 2 2 4 49 2279 2626 2905
3921 2 2 4 49 2528 2858 2964
3922 2 2 4 49 2447 2565 3071
3923 2 2 4 49 3119 2605 3308
3924 2 2 4 49 2560 2281 3000
3925 2 2 4 49 2604 2408 2916
3926 2 2 4 49 2344 2631 3053
3927 2 2 4 49 2381 2596 3132
3928 2 2 4 49 2340 2575 2897
3929 2 2 4 49 2626 2441 2905
3930 2 2 4 49 2758 2311 3092
3931 2 2 4 49 2271 2564 2802
3932 2 2 4 49 2569 2280 2812
3933 2 2 4 49 2561 2300 2998
3934 2 2 4 49 2429 2979 3075
3935 2 2 4 49 2280 2569 3035
3936 2 2 4 49 2384 2755 2989
3937 2 2 4 49 2602 2341 3343
3938 2 2 4 49 2373 2623 3331
3939 2 2 4 49 2359 2578 3114
3940 2 2 4 49 2777 2488 3095
3941 2 2 4 49 2629 2373 3331
3942 2 2 4 49 2332 2560 3289
3943 2 2 4 49 2512 2809 2827
3944 2 2 4 49 2856 2481 2927
3945 2 2 4 49 2809 2402 2827
3946 2 2 4 49 2661 2452 2907
3947 2 2 4 49 2576 2339 2894
3948 2 2 4 49 2701 2433 2938
3949 2 2 4 49 883 2587 2767
3950 2 2 4 49 2401 3243 3274
3951 2 2 4 49 2474 2568 3019
3952 2 2 4 49 843 2575 2855
3953 2 2 4 49 2300 2566 2998
3954 2 2 4 49 2546 3049 3195
3955 2 2 4 49 2391 2620 3314
3956 2 2 4 49 2963 2540 3041
3957 2 2 4 49 806 805 2768
3958 2 2 4 49 2360 2621 3314
3959 2 2 4 49 2587 2385 2767
3960 2 2 4 49 2621 2391 3314
3961 2 2 4 49 2858 2298 2964
3962 2 2 4 49 2542 2788 3003
3963 2 2 4 49 2706 2277 3005
3964 2 2 4 49 2788 2433 3003
3965 2 2 4 49 2514 2844 3141
3966 2 2 4 49 2566 2300 3143
3967 2 2 4 49 2346 2827 3245
3968 2 2 4 49 2655 2806 3185
3969 2 2 4 49 2636 2269 2876
3970 2 2 4 49 2337 2592 2979
3971 2 2 4 49 2804 2555 2995
3972 2 2 4 49 2282 2804 2995
3973 2 2 4 49 779 2808 3017
3974 2 2 4 49 2593 2338 2961
3975 2 2 4 49 2317 2649 2786
3976 2 2 4 49 891 892 2639
3977 2 2 4 49 2564 2350 3127
3978 2 2 4 49 2638 2285 2761
3979 2 2 4 49 873 874 2640
3980 2 2 4 49 2342 2862 3246
3981 2 2 4 49 2608 2381 3132
3982 2 2 4 49 2422 2716 2882
3983 2 2 4 49 780 779 3017
3984 2 2 4 49 2488 2777 3170
3985 2 2 4 49 2299 2949 3046
3986 2 2 4 49 2882 2716 3113
3987 2 2 4 49 2383 3268 3331
3988 2 2 4 49 2652 2738 3027
3989 2 2 4 49 2642 2462 3010
3990 2 2 4 49 2539 2732 3062
3991 2 2 4 49 2739 2653 3028
3992 2 2 4 49 3038 2541 3247
3993 2 2 4 49 2862 2605 3246
3994 2 2 4 49 2578 2359 2807
3995 2 2 4 49 2651 2375 2688
3996 2 2 4 49 2732 2277 3062
3997 2 2 4 49 2598 2458 2999
3998 2 2 4 49 2535 3123 3208
3999 2 2 4 49 2340 2614 3042
4000 2 2 4 49 3015 2688 3337
4001 2 2 4 49 790 2624 3004
4002 2 2 4 49 2656 2474 2702
4003 2 2 4 49 2717 2421 2887
4004 2 2 4 49 2596 2351 3132
4005 2 2 4 49 2750 2265 2915
4006 2 2 4 49 2326 2688 3015
4007 2 2 4 49 2575 2340 3210
4008 2 2 4 49 2415 2641 2781
4009 2 2 4 49 2571 2337 2979
4010 2 2 4 49 2339 2576 3174
4011 2 2 4 49 2363 2647 3029
4012 2 2 4 49 2731 2530 3056
4013 2 2 4 49 3106 2571 3137
4014 2 2 4 49 2602 2492 3139
4015 2 2 4 49 2611 2740 3074
4016 2 2 4 49 3136 2393 3264
4017 2 2 4 49 2341 2602 3139
4018 2 2 4 49 2717 2887 3115
4019 2 2 4 49 2909 2676 3129
4020 2 2 4 49 2514 2733 2844
4021 2 2 4 49 2625 2344 2938
4022 2 2 4 49 2572 3107 3138
4023 2 2 4 49 2375 2756 3337
4024 2 2 4 49 2278 2731 3056
4025 2 2 4 49 2576 812 2838
4026 2 2 4 49 2810 2383 3331
4027 2 2 4 49 2389 2789 2958
4028 2 2 4 49 2910 2479 2985
4029 2 2 4 49 2382 2649 2699
4030 2 2 4 49 3268 2629 3331
4031 2 2 4 49 2338 2572 2961
4032 2 2 4 49 2661 2907 3373
4033 2 2 4 49 847 848 2754
4034 2 2 4 49 2371 2735 3124
4035 2 2 4 49 2358 2574 2917
4036 2 2 4 49 2454 2573 2953
4037 2 2 4 49 2603 2378 2757
4038 2 2 4 49 2582 2402 2898
4039 2 2 4 49 2423 2583 3080
4040 2 2 4 49 2735 2563 3124
4041 2 2 4 49 2587 884 2929
4042 2 2 4 49 2584 2424 3078
4043 2 2 4 49 2278 2722 3007
4044 2 2 4 49 2958 2789 3126
4045 2 2 4 49 2393 2803 3264
4046 2 2 4 49 2806 2495 3185
4047 2 2 4 49 2733 2395 2844
4048 2 2 4 49 2444 2648 2950
4049 2 2 4 49 2396 2643 2816
4050 2 2 4 49 2631 2470 3053
4051 2 2 4 49 2623 2810 3331
4052 2 2 4 49 2592 2413 3327
4053 2 2 4 49 2574 2416 3158
4054 2 2 4 49 2414 2593 3330
4055 2 2 4 49 2437 2579 3020
4056 2 2 4 49 2458 2567 3167
4057 2 2 4 49 2658 2834 3313
4058 2 2 4 49 2307 2963 3041
4059 2 2 4 49 2405 2585 2908
4060 2 2 4 49 2986 2265 3250
4061 2 2 4 49 2734 2610 3072
4062 2 2 4 49 2662 2369 2757
4063 2 2 4 49 2579 2437 3060
4064 2 2 4 49 2371 2685 2735
4065 2 2 4 49 2583 2423 2841
4066 2 2 4 49 2685 2422 2735
4067 2 2 4 49 2424 2584 2842
4068 2 2 4 49 887 2586 3145
4069 2 2 4 49 2792 2620 2903
4070 2 2 4 49 2588 2326 2815
4071 2 2 4 49 2378 2603 2805
4072 2 2 4 49 2490 2647 3030
4073 2 2 4 49 2591 2289 3090
4074 2 2 4 49 2410 2614 2897
4075 2 2 4 49 817 816 2752
4076 2 2 4 49 2581 2414 2888
4077 2 2 4 49 2413 2580 2890
4078 2 2 4 49 2414 2581 2980
4079 2 2 4 49 2580 2413 2978
4080 2 2 4 49 2408 2604 2885
4081 2 2 4 49 2680 2440 2771
4082 2 2 4 49 2354 2609 2930
4083 2 2 4 49 2644 2505 3105
4084 2 2 4 49 2567 805 3167
4085 2 2 4 49 2395 2680 2771
4086 2 2 4 49 2728 2553 3011
4087 2 2 4 49 2315 2595 3087
4088 2 2 4 49 2326 2588 3061
4089 2 2 4 49 2669 2306 2881
4090 2 2 4 49 2399 2583 3153
4091 2 2 4 49 2283 2644 3105
4092 2 2 4 49 2554 2729 3013
4093 2 2 4 49 2330 2656 2702
4094 2 2 4 49 2584 2400 3154
4095 2 2 4 49 2448 2728 3011
4096 2 2 4 49 2626 2345 2948
4097 2 2 4 49 2328 2820 2922
4098 2 2 4 49 2820 2526 2922
4099 2 2 4 49 2441 2626 2948
4100 2 2 4 49 2821 2329 2921
4101 2 2 4 49 2729 2449 3013
4102 2 2 4 49 2527 2821 2921
4103 2 2 4 49 3123 2287 3208
4104 2 2 4 49 2583 2399 2883
4105 2 2 4 49 2453 2669 2881
4106 2 2 4 49 2400 2584 2886
4107 2 2 4 49 2579 841 3020
4108 2 2 4 49 2658 2412 2834
4109 2 2 4 49 2404 2764 2867
4110 2 2 4 49 2764 2489 2867
4111 2 2 4 49 2760 2602 3343
4112 2 2 4 49 2585 2405 3297
4113 2 2 4 49 2647 3002 3029
4114 2 2 4 49 2655 2358 2806
4115 2 2 4 49 3018 857 3203
4116 2 2 4 49 2434 2594 3151
4117 2 2 4 49 2394 2586 2854
4118 2 2 4 49 2601 2270 2880
4119 2 2 4 49 887 888 2854
4120 2 2 4 49 2433 2625 2938
4121 2 2 4 49 2612 2749 3093
4122 2 2 4 49 2503 2679 2911
4123 2 2 4 49 2650 2276 2896
4124 2 2 4 49 2679 2284 2911
4125 2 2 4 49 2616 2372 3258
4126 2 2 4 49 2533 2685 3140
4127 2 2 4 49 2327 2590 2826
4128 2 2 4 49 2543 3258 3260
4129 2 2 4 49 826 3016 3204
4130 2 2 4 49 2685 2371 3140
4131 2 2 4 49 2663 2408 2837
4132 2 2 4 49 2525 2638 3286
4133 2 2 4 49 2583 835 3080
4134 2 2 4 49 866 2584 3078
4135 2 2 4 49 2915 2497 3197
4136 2 2 4 49 2567 2458 2935
4137 2 2 4 49 2385 2643 2791
4138 2 2 4 49 866 867 2886
4139 2 2 4 49 836 835 2883
4140 2 2 4 49 2638 2356 2745
4141 2 2 4 49 2590 2327 3064
4142 2 2 4 49 2594 2303 3043
4143 2 2 4 49 2389 2694 2789
4144 2 2 4 49 2564 2759 3029
4145 2 2 4 49 2694 2510 2789
4146 2 2 4 49 2538 2714 3172
4147 2 2 4 49 2617 2423 2974
4148 2 2 4 49 2306 2701 2881
4149 2 2 4 49 2424 2618 2975
4150 2 2 4 49 2387 2606 3216
4151 2 2 4 49 2344 2824 2938
4152 2 2 4 49 2824 2535 2938
4153 2 2 4 49 2834 2352 3313
4154 2 2 4 49 3074 2477 3256
4155 2 2 4 49 2633 2407 2848
4156 2 2 4 49 2315 2633 2848
4157 2 2 4 49 2597 783 2835
4158 2 2 4 49 2701 2463 2881
4159 2 2 4 49 2647 2490 3081
4160 2 2 4 49 2406 2634 2847
4161 2 2 4 49 2634 2314 2847
4162 2 2 4 49 2313 2647 3081
4163 2 2 4 49 2477 2754 3256
4164 2 2 4 49 2610 2297 2957
4165 2 2 4 49 2430 2610 2957
4166 2 2 4 49 2396 2774 2831
4167 2 2 4 49 2298 2611 2964
4168 2 2 4 49 2774 2481 2831
4169 2 2 4 49 2461 2695 3008
4170 2 2 4 49 2611 2432 2964
4171 2 2 4 49 2664 828 3204
4172 2 2 4 49 2596 2310 2944
4173 2 2 4 49 2701 2535 3208
4174 2 2 4 49 2610 2430 3212
4175 2 2 4 49 2574 2655 2895
4176 2 2 4 49 2589 2322 2990
4177 2 2 4 49 832 831 2692
4178 2 2 4 49 3008 2695 3284
4179 2 2 4 49 2476 3072 3245
4180 2 2 4 49 2752 2476 3245
4181 2 2 4 49 784 2597 2850
4182 2 2 4 49 859 2665 3203
4183 2 2 4 49 862 863 2691
4184 2 2 4 49 2386 2609 3055
4185 2 2 4 49 2461 2637 3118
4186 2 2 4 49 2496 3106 3137
4187 2 2 4 49 2458 2598 3082
4188 2 2 4 49 2592 2337 2978
4189 2 2 4 49 2413 2592 2978
4190 2 2 4 49 2591 2412 2924
4191 2 2 4 49 2687 2383 2810
4192 2 2 4 49 2480 2670 3162
4193 2 2 4 49 2338 2593 2980
4194 2 2 4 49 2968 2493 3053
4195 2 2 4 49 2859 2561 3070
4196 2 2 4 49 2593 2414 2980
4197 2 2 4 49 2700 2338 3100
4198 2 2 4 49 2595 2315 3272
4199 2 2 4 49 3107 2498 3138
4200 2 2 4 49 2337 2698 3098
4201 2 2 4 49 2492 2602 3120
4202 2 2 4 49 2279 2607 2861
4203 2 2 4 49 2468 2687 2810
4204 2 2 4 49 2412 2591 3090
4205 2 2 4 49 2568 3083 3341
4206 2 2 4 49 2432 2611 3201
4207 2 2 4 49 2498 2653 3205
4208 2 2 4 49 847 2754 3121
4209 2 2 4 49 2613 2358 3312
4210 2 2 4 49 3049 2301 3195
4211 2 2 4 49 2681 2550 3110
4212 2 2 4 49 856 857 3018
4213 2 2 4 49 2611 2349 3201
4214 2 2 4 49 857 858 3203
4215 2 2 4 49 2349 2612 3201
4216 2 2 4 49 2597 2348 3189
4217 2 2 4 49 2631 2344 3036
4218 2 2 4 49 2304 2705 2818
4219 2 2 4 49 2568 2677 3019
4220 2 2 4 49 2949 2520 3046
4221 2 2 4 49 2482 2715 2923
4222 2 2 4 49 2346 2610 3212
4223 2 2 4 49 2715 2313 2923
4224 2 2 4 49 2497 2662 2757
4225 2 2 4 49 2287 2836 3268
4226 2 2 4 49 2392 2636 2792
4227 2 2 4 49 2696 2464 3044
4228 2 2 4 49 826 825 3016
4229 2 2 4 49 2836 2629 3268
4230 2 2 4 49 2634 2387 3216
4231 2 2 4 49 827 826 3204
4232 2 2 4 49 2447 2712 3061
4233 2 2 4 49 2496 2652 3106
4234 2 2 4 49 2950 2648 3329
4235 2 2 4 49 896 2719 3052
4236 2 2 4 49 2686 2596 2944
4237 2 2 4 49 2652 2367 3106
4238 2 2 4 49 2653 2498 3107
4239 2 2 4 49 2720 869 3054
4240 2 2 4 49 2636 2360 2792
4241 2 2 4 49 2368 2653 3107
4242 2 2 4 49 840 841 2966
4243 2 2 4 49 2876 2456 3177
4244 2 2 4 49 2639 892 2782
4245 2 2 4 49 873 2640 2783
4246 2 2 4 49 2762 2552 2936
4247 2 2 4 49 2351 2686 3299
4248 2 2 4 49 2686 2569 3299
4249 2 2 4 49 2642 2345 3048
4250 2 2 4 49 2327 2677 2939
4251 2 2 4 49 2794 2408 2885
4252 2 2 4 49 852 853 2693
4253 2 2 4 49 2603 2369 3336
4254 2 2 4 49 2503 2794 2885
4255 2 2 4 49 2374 2681 3110
4256 2 2 4 49 2778 2591 2924
4257 2 2 4 49 2292 2631 2889
4258 2 2 4 49 822 821 2694
4259 2 2 4 49 2709 2446 3064
4260 2 2 4 49 2525 2705 2970
4261 2 2 4 49 2630 2346 3212
4262 2 2 4 49 2633 2315 3087
4263 2 2 4 49 2348 2597 3008
4264 2 2 4 49 2712 2937 3061
4265 2 2 4 49 2677 2327 3019
4266 2 2 4 49 2652 2496 3230
4267 2 2 4 49 2293 2710 2958
4268 2 2 4 49 2621 2289 3165
4269 2 2 4 49 2434 2856 2927
4270 2 2 4 49 2270 2601 3171
4271 2 2 4 49 2753 2425 2960
4272 2 2 4 49 2752 816 3111
4273 2 2 4 49 2448 2674 2913
4274 2 2 4 49 2784 2646 3102
4275 2 2 4 49 2635 2443 3034
4276 2 2 4 49 2339 2635 2894
4277 2 2 4 49 2674 2308 2913
4278 2 2 4 49 2675 2449 2914
4279 2 2 4 49 2646 2299 3046
4280 2 2 4 49 2309 2675 2914
4281 2 2 4 49 2607 2387 2861
4282 2 2 4 49 2638 2745 3286
4283 2 2 4 49 2408 2794 2837
4284 2 2 4 49 2431 2625 2972
4285 2 2 4 49 2635 2409 2894
4286 2 2 4 49 828 827 3204
4287 2 2 4 49 2798 2483 2825
4288 2 2 4 49 2638 2525 3298
4289 2 2 4 49 2374 2666 2962
4290 2 2 4 49 2438 2798 2825
4291 2 2 4 49 2623 2316 2810
4292 2 2 4 49 2698 2571 3106
4293 2 2 4 49 2626 2279 2977
4294 2 2 4 49 2470 2736 2811
4295 2 2 4 49 2470 2811 2968
4296 2 2 4 49 2740 2477 3074
4297 2 2 4 49 2285 2638 3298
4298 2 2 4 49 2619 2372 3325
4299 2 2 4 49 2572 2700 3107
4300 2 2 4 49 2356 2624 3214
4301 2 2 4 49 2602 2465 3351
4302 2 2 4 49 2463 2701 3208
4303 2 2 4 49 2468 2779 2822
4304 2 2 4 49 2779 2354 2822
4305 2 2 4 49 2389 2668 3148
4306 2 2 4 49 2405 2746 2860
4307 2 2 4 49 2495 2632 3185
4308 2 2 4 49 2746 2511 2860
4309 2 2 4 49 858 859 3203
4310 2 2 4 49 832 2692 3309
4311 2 2 4 49 2404 2654 2823
4312 2 2 4 49 2288 3038 3247
4313 2 2 4 49 2671 2390 3142
4314 2 2 4 49 2654 2366 2823
4315 2 2 4 49 895 896 3052
4316 2 2 4 49 869 870 3054
4317 2 2 4 49 2692 2397 3021
4318 2 2 4 49 2632 2286 3185
4319 2 2 4 49 2830 2357 3273
4320 2 2 4 49 2669 2453 2756
4321 2 2 4 49 2398 2691 3022
4322 2 2 4 49 2643 2307 2791
4323 2 2 4 49 2649 2382 2786
4324 2 2 4 49 2939 2709 3064
4325 2 2 4 49 2391 2649 2811
4326 2 2 4 49 2668 2413 3215
4327 2 2 4 49 2476 2734 3072
4328 2 2 4 49 2290 2603 3067
4329 2 2 4 49 2366 2622 2823
4330 2 2 4 49 2892 2312 3057
4331 2 2 4 49 2614 2439 3042
4332 2 2 4 49 2753 2960 3146
4333 2 2 4 49 2691 863 3310
4334 2 2 4 49 2459 2672 2765
4335 2 2 4 49 2636 2876 3192
4336 2 2 4 49 2673 2460 2766
4337 2 2 4 49 2429 2626 2977
4338 2 2 4 49 2659 2272 2788
4339 2 2 4 49 2455 2622 3199
4340 2 2 4 49 2609 2386 2880
4341 2 2 4 49 2314 2634 3216
4342 2 2 4 49 2698 2507 3098
4343 2 2 4 49 2344 2625 3036
4344 2 2 4 49 2672 2399 2765
4345 2 2 4 49 2414 2671 3221
4346 2 2 4 49 2508 2700 3100
4347 2 2 4 49 2400 2673 2766
4348 2 2 4 49 2607 2279 2905
4349 2 2 4 49 2479 2773 2985
4350 2 2 4 49 2749 2491 3093
4351 2 2 4 49 2294 2867 2900
4352 2 2 4 49 2578 2678 3114
4353 2 2 4 49 2663 876 2916
4354 2 2 4 49 2774 2396 2816
4355 2 2 4 49 2512 3009 3039
4356 2 2 4 49 2302 2748 2763
4357 2 2 4 49 2286 2651 2895
4358 2 2 4 49 2748 2419 2763
4359 2 2 4 49 2936 2552 3343
4360 2 2 4 49 2364 2639 3066
4361 2 2 4 49 2640 2365 3068
4362 2 2 4 49 791 790 3004
4363 2 2 4 49 2694 2389 3148
4364 2 2 4 49 2517 2617 3150
4365 2 2 4 49 2362 2632 3198
4366 2 2 4 49 2645 74 3231
4367 2 2 4 49 2618 2518 3152
4368 2 2 4 49 2390 2693 3142
4369 2 2 4 49 2391 2621 3165
4370 2 2 4 49 2512 2630 3306
4371 2 2 4 49 2632 2495 2849
4372 2 2 4 49 2636 2392 3186
4373 2 2 4 49 2658 2541 2965
4374 2 2 4 49 2547 2876 3177
4375 2 2 4 49 2323 2658 2965
4376 2 2 4 49 2295 2652 2795
4377 2 2 4 49 2284 2679 2945
4378 2 2 4 49 2653 2296 2796
4379 2 2 4 49 2624 790 3063
4380 2 2 4 49 2925 2565 3073
4381 2 2 4 49 797 2984 3238
4382 2 2 4 49 2321 2730 3126
4383 2 2 4 49 2667 2330 2899
4384 2 2 4 49 2756 2558 3337
4385 2 2 4 49 2612 2282 3024
4386 2 2 4 49 2427 2613 2984
4387 2 2 4 49 2432 2667 2899
4388 2 2 4 49 3030 2647 3285
4389 2 2 4 49 2825 2483 2917
4390 2 2 4 49 2614 2410 3332
4391 2 2 4 49 2627 2467 2868
4392 2 2 4 49 2386 3055 3102
4393 2 2 4 49 2464 2926 3044
4394 2 2 4 49 891 2639 2987
4395 2 2 4 49 2640 874 2988
4396 2 2 4 49 2420 2763 2817
4397 2 2 4 49 2609 2354 3055
4398 2 2 4 49 2282 2612 3093
4399 2 2 4 49 2755 2487 2772
4400 2 2 4 49 2721 2316 3223
4401 2 2 4 49 2302 2755 2772
4402 2 2 4 49 2586 2819 3329
4403 2 2 4 49 844 845 2723
4404 2 2 4 49 2649 2317 2811
4405 2 2 4 49 3000 2630 3212
4406 2 2 4 49 2347 2925 3073
4407 2 2 4 49 3108 2721 3223
4408 2 2 4 49 2308 2617 2913
4409 2 2 4 49 2767 2559 3278
4410 2 2 4 49 2653 2796 3205
4411 2 2 4 49 2618 2309 2914
4412 2 2 4 49 2730 2321 3039
4413 2 2 4 49 2839 2455 2985
4414 2 2 4 49 2604 2916 3239
4415 2 2 4 49 2634 2406 2877
4416 2 2 4 49 2407 2633 2878
4417 2 2 4 49 2393 2641 3049
4418 2 2 4 49 2814 2546 3195
4419 2 2 4 49 2430 3000 3212
4420 2 2 4 49 2631 2431 2889
4421 2 2 4 49 814 813 2726
4422 2 2 4 49 2689 2318 2935
4423 2 2 4 49 2472 2874 2891
4424 2 2 4 49 2875 2473 2892
4425 2 2 4 49 2610 2346 3072
4426 2 2 4 49 2293 2958 3263
4427 2 2 4 49 2481 2774 2927
4428 2 2 4 49 2796 2296 2878
4429 2 2 4 49 2349 2611 3074
4430 2 2 4 49 2333 2645 2797
4431 2 2 4 49 2458 2689 2935
4432 2 2 4 49 2301 2641 2931
4433 2 2 4 49 2295 2795 2877
4434 2 2 4 49 2330 2667 2832
4435 2 2 4 49 2667 2482 2832
4436 2 2 4 49 2380 2650 2896
4437 2 2 4 49 2523 2951 3270
4438 2 2 4 49 2541 2773 3247
4439 2 2 4 49 781 2637 2991
4440 2 2 4 49 2641 2415 2931
4441 2 2 4 49 2381 2967 3129
4442 2 2 4 49 2807 2441 2949
4443 2 2 4 49 2984 2613 3238
4444 2 2 4 49 2312 2794 3057
4445 2 2 4 49 2491 2804 3093
4446 2 2 4 49 802 801 2769
4447 2 2 4 49 2742 2401 2747
4448 2 2 4 49 2403 2742 2747
4449 2 2 4 49 798 2751 3149
4450 2 2 4 49 2489 2764 2990
4451 2 2 4 49 2268 2793 3040
4452 2 2 4 49 2311 2758 2868
4453 2 2 4 49 2793 2523 3040
4454 2 2 4 49 2907 2355 3373
4455 2 2 4 49 2413 2710 3327
4456 2 2 4 49 2631 2292 3135
4457 2 2 4 49 2692 2544 3309
4458 2 2 4 49 2711 2414 3330
4459 2 2 4 49 2644 2283 3151
4460 2 2 4 49 2409 2635 3233
4461 2 2 4 49 788 787 2714
4462 2 2 4 49 2839 2985 3249
4463 2 2 4 49 2623 2373 3099
4464 2 2 4 49 2467 2627 3180
4465 2 2 4 49 2647 2363 3285
4466 2 2 4 49 2569 2686 3035
4467 2 2 4 49 2545 2691 3310
4468 2 2 4 49 2356 2638 3188
4469 2 2 4 49 2654 2404 2867
4470 2 2 4 49 2806 2427 2912
4471 2 2 4 49 2269 2636 3186
4472 2 2 4 49 2294 2654 2867
4473 2 2 4 49 2674 3066 3193
4474 2 2 4 49 3068 2675 3194
4475 2 2 4 49 2360 2636 3192
4476 2 2 4 49 2625 2433 3349
4477 2 2 4 49 2880 2270 3304
4478 2 2 4 49 2715 2995 3372
4479 2 2 4 49 2323 2778 2924
4480 2 2 4 49 2495 2806 2912
4481 2 2 4 49 2680 2395 3266
4482 2 2 4 49 2307 2725 2963
4483 2 2 4 49 2470 2631 3135
4484 2 2 4 49 2895 2651 3370
4485 2 2 4 49 2638 2761 3188
4486 2 2 4 49 2289 2621 3244
4487 2 2 4 49 2462 2642 3084
4488 2 2 4 49 2443 2635 3047
4489 2 2 4 49 2642 2293 3084
4490 2 2 4 49 2624 2440 3004
4491 2 2 4 49 2265 2986 3305
4492 2 2 4 49 2635 2339 3047
4493 2 2 4 49 2706 2377 2873
4494 2 2 4 49 2867 2489 2900
4495 2 2 4 49 2622 2455 3362
4496 2 2 4 49 2616 2942 3229
4497 2 2 4 49 2558 3015 3337
4498 2 2 4 49 2743 3051 3283
4499 2 2 4 49 2443 2706 2873
4500 2 2 4 49 2536 2834 2959
4501 2 2 4 49 2316 2623 3223
4502 2 2 4 49 2397 2820 3021
4503 2 2 4 49 852 2693 3181
4504 2 2 4 49 2951 2615 3270
4505 2 2 4 49 2431 2631 3036
4506 2 2 4 49 2345 2626 3048
4507 2 2 4 49 2626 2429 3048
4508 2 2 4 49 2674 2364 3066
4509 2 2 4 49 2821 2398 3022
4510 2 2 4 49 2365 2675 3068
4511 2 2 4 49 2625 2431 3036
4512 2 2 4 49 2472 2707 2874
4513 2 2 4 49 2987 2639 3096
4514 2 2 4 49 820 819 2737
4515 2 2 4 49 2640 2988 3097
4516 2 2 4 49 2825 2917 3275
4517 2 2 4 49 2795 2652 3230
4518 2 2 4 49 2708 2473 2875
4519 2 2 4 49 799 798 3149
4520 2 2 4 49 2317 2786 3206
4521 2 2 4 49 2694 821 3179
4522 2 2 4 49 2802 2404 3234
4523 2 2 4 49 2413 2890 3215
4524 2 2 4 49 2620 2792 3314
4525 2 2 4 49 2388 2633 3087
4526 2 2 4 49 2792 2360 3314
4527 2 2 4 49 2715 2482 2995
4528 2 2 4 49 2648 2444 3338
4529 2 2 4 49 2416 2895 3370
4530 2 2 4 49 850 851 2746
4531 2 2 4 49 2493 2660 2836
4532 2 2 4 49 2550 2681 3364
4533 2 2 4 49 2721 2378 2805
4534 2 2 4 49 2493 2824 3053
4535 2 2 4 49 2404 2823 3234
4536 2 2 4 49 2286 2632 3050
4537 2 2 4 49 2390 2711 2900
4538 2 2 4 49 2637 2436 2920
4539 2 2 4 49 2768 2333 2797
4540 2 2 4 49 2888 2414 3221
4541 2 2 4 49 2751 2613 3312
4542 2 2 4 49 2622 2670 3199
4543 2 2 4 49 2293 2642 3075
4544 2 2 4 49 806 2768 2797
4545 2 2 4 49 2942 2417 3229
4546 2 2 4 49 2787 2577 3209
4547 2 2 4 49 2267 2787 3209
4548 2 2 4 49 794 793 2733
4549 2 2 4 49 2781 2641 3136
4550 2 2 4 49 2469 2663 2837
4551 2 2 4 49 3151 2594 3377
4552 2 2 4 49 2575 2723 2897
4553 2 2 4 49 2440 2680 3271
4554 2 2 4 49 2395 2771 3133
4555 2 2 4 49 2393 2761 3037
4556 2 2 4 49 825 824 2890
4557 2 2 4 49 2813 2411 2936
4558 2 2 4 49 2609 2880 3304
4559 2 2 4 49 2942 2616 3255
4560 2 2 4 49 2690 2401 2928
4561 2 2 4 49 2289 2699 3165
4562 2 2 4 49 2637 2920 3118
4563 2 2 4 49 2530 2952 3056
4564 2 2 4 49 2637 2461 2991
4565 2 2 4 49 2382 2778 3213
4566 2 2 4 49 2688 2326 2937
4567 2 2 4 49 855 856 2888
4568 2 2 4 49 2455 2910 2985
4569 2 2 4 49 2778 2570 3213
4570 2 2 4 49 2932 2348 3031
4571 2 2 4 49 2617 2974 3150
4572 2 2 4 49 2940 2539 3062
4573 2 2 4 49 2975 2618 3152
4574 2 2 4 49 2562 2932 3031
4575 2 2 4 49 2492 3120 3311
4576 2 2 4 49 2873 2529 3034
4577 2 2 4 49 2628 2849 3277
4578 2 2 4 49 2372 2697 3325
4579 2 2 4 49 2994 2492 3311
4580 2 2 4 49 2849 2324 3277
4581 2 2 4 49 2807 2949 3296
4582 2 2 4 49 796 795 2790
4583 2 2 4 49 2641 2393 3136
4584 2 2 4 49 2509 2786 2986
4585 2 2 4 49 2862 2342 3077
4586 2 2 4 49 2395 2733 3266
4587 2 2 4 49 2412 2658 2924
4588 2 2 4 49 2658 2323 2924
4589 2 2 4 49 2375 2651 2919
4590 2 2 4 49 2745 2356 3214
4591 2 2 4 49 2726 2576 2894
4592 2 2 4 49 2713 2303 2816
4593 2 2 4 49 2436 2637 3017
4594 2 2 4 49 2818 2705 3117
4595 2 2 4 49 2541 2658 3313
4596 2 2 4 49 2639 2364 3096
4597 2 2 4 49 2641 2301 3049
4598 2 2 4 49 2365 2640 3097
4599 2 2 4 49 2549 2745 3214
4600 2 2 4 49 2655 2286 2895
4601 2 2 4 49 2770 2489 2990
4602 2 2 4 49 2322 2770 2990
4603 2 2 4 49 2399 2719 2883
4604 2 2 4 49 2736 2391 2811
4605 2 2 4 49 2720 2400 2886
4606 2 2 4 49 2342 2967 3033
4607 2 2 4 49 2819 2353 3329
4608 2 2 4 49 2967 2577 3033
4609 2 2 4 49 2693 2511 3181
4610 2 2 4 49 2885 2604 3373
4611 2 2 4 49 2803 2393 3037
4612 2 2 4 49 2377 2815 3279
4613 2 2 4 49 2418 2945 2963
4614 2 2 4 49 2285 2942 3255
4615 2 2 4 49 2805 2290 3166
4616 2 2 4 49 2392 2697 3186
4617 2 2 4 49 2593 2918 3330
4618 2 2 4 49 2510 2694 3179
4619 2 2 4 49 2429 2642 3048
4620 2 2 4 49 2945 2540 2963
4621 2 2 4 49 2822 2354 2930
4622 2 2 4 49 2730 2504 3126
4623 2 2 4 49 886 2648 3338
4624 2 2 4 49 2488 2859 3070
4625 2 2 4 49 2319 2742 2904
4626 2 2 4 49 2324 2912 3141
4627 2 2 4 49 2887 2421 2941
4628 2 2 4 49 2466 3050 3069
4629 2 2 4 49 2896 2276 3300
4630 2 2 4 49 2654 2294 2918
4631 2 2 4 49 2519 2887 2941
4632 2 2 4 49 2770 2390 2900
4633 2 2 4 49 2642 2429 3075
4634 2 2 4 49 2274 2682 2845
4635 2 2 4 49 2684 2275 2846
4636 2 2 4 49 2682 2406 2845
4637 2 2 4 49 2364 2674 3011
4638 2 2 4 49 2407 2684 2846
4639 2 2 4 49 2675 2365 3013
4640 2 2 4 49 2420 2817 2906
4641 2 2 4 49 2939 2677 3229
4642 2 2 4 49 2665 859 2946
4643 2 2 4 49 828 2664 2943
4644 2 2 4 49 2319 2817 2928
4645 2 2 4 49 3051 2531 3283
4646 2 2 4 49 2397 2738 2955
4647 2 2 4 49 2674 2448 3011
4648 2 2 4 49 2276 2650 2993
4649 2 2 4 49 2449 2675 3013
4650 2 2 4 49 2647 2313 3002
4651 2 2 4 49 2739 2398 2954
4652 2 2 4 49 2505 2644 3353
4653 2 2 4 49 2403 2784 2969
4654 2 2 4 49 2569 2812 3225
4655 2 2 4 49 2319 2904 2983
4656 2 2 4 49 2975 2329 3022
4657 2 2 4 49 2348 3008 3284
4658 2 2 4 49 2648 886 3145
4659 2 2 4 49 2711 2294 2900
4660 2 2 4 49 2328 2974 3021
4661 2 2 4 49 2395 3133 3319
4662 2 2 4 49 2436 2808 3363
4663 2 2 4 49 2986 2570 3305
4664 2 2 4 49 2972 2625 3349
4665 2 2 4 49 2530 2695 2952
4666 2 2 4 49 2904 2403 2969
4667 2 2 4 49 882 883 2767
4668 2 2 4 49 2386 2646 3046
4669 2 2 4 49 2646 2386 3102
4670 2 2 4 49 2499 2721 2805
4671 2 2 4 49 2689 2539 2940
4672 2 2 4 49 2273 2777 3095
4673 2 2 4 49 2467 2987 3096
4674 2 2 4 49 2988 2469 3097
4675 2 2 4 49 2266 2678 3243
4676 2 2 4 49 2635 3034 3233
4677 2 2 4 49 2990 2764 3261
4678 2 2 4 49 876 877 2916
4679 2 2 4 49 2422 2882 2934
4680 2 2 4 49 2300 2724 2851
4681 2 2 4 49 2995 2555 3372
4682 2 2 4 49 2724 2428 2851
4683 2 2 4 49 2882 2515 2934
4684 2 2 4 49 2324 2849 2912
4685 2 2 4 49 2650 2380 3350
4686 2 2 4 49 2535 2824 3123
4687 2 2 4 49 2966 2436 3363
4688 2 2 4 49 2408 2663 2916
4689 2 2 4 49 2465 2730 3039
4690 2 2 4 49 2849 2495 2912
4691 2 2 4 49 2843 2284 2945
4692 2 2 4 49 3066 2459 3193
4693 2 2 4 49 2460 3068 3194
4694 2 2 4 49 2811 2317 2968
4695 2 2 4 49 2874 2450 2891
4696 2 2 4 49 2843 2418 3079
4697 2 2 4 49 2354 2779 3025
4698 2 2 4 49 2401 2742 2928
4699 2 2 4 49 2779 2499 3025
4700 2 2 4 49 2451 2875 2892
4701 2 2 4 49 2741 2325 2953
4702 2 2 4 49 2308 2765 3153
4703 2 2 4 49 2412 2657 2959
4704 2 2 4 49 2397 2692 3220
4705 2 2 4 49 2766 2309 3154
4706 2 2 4 49 2468 2810 3125
4707 2 2 4 49 2678 2266 3371
4708 2 2 4 49 2691 2398 3222
4709 2 2 4 49 2367 2652 3027
4710 2 2 4 49 2653 2368 3028
4711 2 2 4 49 811 810 2857
4712 2 2 4 49 2452 2661 3163
4713 2 2 4 49 2418 2869 3079
4714 2 2 4 49 2353 2950 3329
4715 2 2 4 49 892 893 2782
4716 2 2 4 49 872 873 2783
4717 2 2 4 49 2369 2662 3291
4718 2 2 4 49 2661 879 3163
4719 2 2 4 49 3055 2551 3102
4720 2 2 4 49 2662 2325 3292
4721 2 2 4 49 2812 2388 3225
4722 2 2 4 49 2314 2882 3113
4723 2 2 4 49 2441 2807 3191
4724 2 2 4 49 2657 2412 3090
4725 2 2 4 49 2612 3024 3201
4726 2 2 4 49 2826 2379 3262
4727 2 2 4 49 2399 2672 3052
4728 2 2 4 49 2669 2375 3342
4729 2 2 4 49 2471 2940 3062
4730 2 2 4 49 2673 2400 3054
4731 2 2 4 49 2809 2512 3039
4732 2 2 4 49 2962 2666 3232
4733 2 2 4 49 2334 2666 3355
4734 2 2 4 49 2659 2362 3032
4735 2 2 4 49 2402 2737 2898
4736 2 2 4 49 2484 2845 2847
4737 2 2 4 49 2845 2406 2847
4738 2 2 4 49 2846 2485 2848
4739 2 2 4 49 2974 2544 3021
4740 2 2 4 49 2545 2975 3022
4741 2 2 4 49 2407 2846 2848
4742 2 2 4 49 2668 823 3148
4743 2 2 4 49 2791 2307 3041
4744 2 2 4 49 2690 2266 3243
4745 2 2 4 49 2887 2315 3115
4746 2 2 4 49 2682 2517 2922
4747 2 2 4 49 854 2671 3142
4748 2 2 4 49 2780 2481 2856
4749 2 2 4 49 2518 2684 2921
4750 2 2 4 49 2343 2780 2856
4751 2 2 4 49 2952 2475 3056
4752 2 2 4 49 2384 2724 3170
4753 2 2 4 49 889 3180 3196
4754 2 2 4 49 2644 3151 3377
4755 2 2 4 49 2286 2655 3185
4756 2 2 4 49 876 2663 3326
4757 2 2 4 49 2858 2528 3023
4758 2 2 4 49 2454 2965 3038
4759 2 2 4 49 849 2908 3253
4760 2 2 4 49 2446 3007 3064
4761 2 2 4 49 894 2672 2996
4762 2 2 4 49 2673 871 2997
4763 2 2 4 49 2670 2310 3199
4764 2 2 4 49 3007 2590 3064
4765 2 2 4 49 2732 2447 3005
4766 2 2 4 49 3009 2465 3039
4767 2 2 4 49 2689 2458 3082
4768 2 2 4 49 2470 2968 3053
4769 2 2 4 49 2746 2405 2908
4770 2 2 4 49 2761 2546 3188
4771 2 2 4 49 792 2680 3266
4772 2 2 4 49 2735 2422 2934
4773 2 2 4 49 2500 2785 2869
4774 2 2 4 49 2299 2747 3274
4775 2 2 4 49 3005 2447 3061
4776 2 2 4 49 2663 2469 3326
4777 2 2 4 49 2813 2936 3182
4778 2 2 4 49 2366 2654 3076
4779 2 2 4 49 2639 2782 3066
4780 2 2 4 49 2783 2640 3068
4781 2 2 4 49 2474 2656 3083
4782 2 2 4 49 3024 2432 3201
4783 2 2 4 49 2905 2441 3191
4784 2 2 4 49 2588 3005 3061
4785 2 2 4 49 2741 2380 2896
4786 2 2 4 49 2657 2289 3030
4787 2 2 4 49 2764 2404 3127
4788 2 2 4 49 2415 2659 3032
4789 2 2 4 49 2656 2456 3251
4790 2 2 4 49 812 811 2838
4791 2 2 4 49 2405 2749 3297
4792 2 2 4 49 2769 2438 3085
4793 2 2 4 49 2299 3274 3296
4794 2 2 4 49 2660 2317 3206
4795 2 2 4 49 2857 810 3240
4796 2 2 4 49 2373 2660 3207
4797 2 2 4 49 2469 2837 2866
4798 2 2 4 49 2630 3000 3306
4799 2 2 4 49 2837 2312 2866
4800 2 2 4 49 2840 785 2850
4801 2 2 4 49 2362 2659 3176
4802 2 2 4 49 2363 2959 3285
4803 2 2 4 49 783 782 2835
4804 2 2 4 49 2763 2419 2817
4805 2 2 4 49 2959 2657 3285
4806 2 2 4 49 2681 2336 3364
4807 2 2 4 49 2679 2540 2945
4808 2 2 4 49 2421 2683 2941
4809 2 2 4 49 2683 2267 2941
4810 2 2 4 49 2277 2704 3062
4811 2 2 4 49 2794 2312 2837
4812 2 2 4 49 2704 2471 3062
4813 2 2 4 49 2841 2308 3153
4814 2 2 4 49 2309 2842 3154
4815 2 2 4 49 2289 2657 3090
4816 2 2 4 49 2820 2397 2955
4817 2 2 4 49 786 785 2840
4818 2 2 4 49 2965 2541 3038
4819 2 2 4 49 2398 2821 2954
4820 2 2 4 49 2707 2335 2874
4821 2 2 4 49 2898 818 3269
4822 2 2 4 49 2963 2725 3094
4823 2 2 4 49 2336 2708 2875
4824 2 2 4 49 2724 2300 2859
4825 2 2 4 49 785 784 2850
4826 2 2 4 49 2306 2669 3014
4827 2 2 4 49 2475 2829 2902
4828 2 2 4 49 2666 2561 3232
4829 2 2 4 49 2272 2972 3349
4830 2 2 4 49 797 796 2984
4831 2 2 4 49 2672 2459 2996
4832 2 2 4 49 2460 2673 2997
4833 2 2 4 49 2830 2463 3175
4834 2 2 4 49 879 2661 3178
4835 2 2 4 49 3277 2844 3319
4836 2 2 4 49 2303 2774 2816
4837 2 2 4 49 2667 2432 3024
4838 2 2 4 49 2355 2885 3373
4839 2 2 4 49 2813 2291 2956
4840 2 2 4 49 2422 2685 3354
4841 2 2 4 49 2540 2679 3323
4842 2 2 4 49 2986 2786 3213
4843 2 2 4 49 2681 2374 3345
4844 2 2 4 49 2743 2318 3051
4845 2 2 4 49 2421 2681 3345
4846 2 2 4 49 2683 2421 3345
4847 2 2 4 49 2462 2703 3171
4848 2 2 4 49 3032 2362 3198
4849 2 2 4 49 2480 2686 2944
4850 2 2 4 49 3004 2440 3271
4851 2 2 4 49 2521 2872 2972
4852 2 2 4 49 2919 2466 3342
4853 2 2 4 49 2404 2802 3127
4854 2 2 4 49 2466 2919 3050
4855 2 2 4 49 2714 787 3172
4856 2 2 4 49 2466 3014 3342
4857 2 2 4 49 2853 2423 3080
4858 2 2 4 49 788 2714 3227
4859 2 2 4 49 2540 2907 3041
4860 2 2 4 49 807 806 2797
4861 2 2 4 49 3023 2528 3293
4862 2 2 4 49 786 2840 3172
4863 2 2 4 49 2374 2962 3345
4864 2 2 4 49 2901 2332 3289
4865 2 2 4 49 3180 2627 3196
4866 2 2 4 49 2962 2683 3345
4867 2 2 4 49 2303 2713 3043
4868 2 2 4 49 2718 2537 3301
4869 2 2 4 49 2424 2852 3078
4870 2 2 4 49 2466 3069 3235
4871 2 2 4 49 2738 2501 3027
4872 2 2 4 49 2361 2718 3301
4873 2 2 4 49 2318 2689 2940
4874 2 2 4 49 2502 2739 3028
4875 2 2 4 49 2737 819 2898
4876 2 2 4 49 2833 2471 2893
4877 2 2 4 49 2266 2690 3006
4878 2 2 4 49 2877 3302 3315
4879 2 2 4 49 3303 2878 3318
4880 2 2 4 49 2776 846 3121
4881 2 2 4 49 2733 2514 3187
4882 2 2 4 49 2628 3032 3198
4883 2 2 4 49 2320 2920 3237
4884 2 2 4 49 2482 2667 3288
4885 2 2 4 49 2918 2294 3330
4886 2 2 4 49 2705 2304 2970
4887 2 2 4 49 2446 2731 3007
4888 2 2 4 49 2651 2688 3370
4889 2 2 4 49 2304 2709 2970
4890 2 2 4 49 2877 2406 3302
4891 2 2 4 49 2324 2844 3277
4892 2 2 4 49 2407 2878 3303
4893 2 2 4 49 2908 2585 3253
4894 2 2 4 49 2456 2832 2923
4895 2 2 4 49 2376 2705 3286
4896 2 2 4 49 2693 2390 2992
4897 2 2 4 49 850 2746 2908
4898 2 2 4 49 2832 2482 2923
4899 2 2 4 49 2838 811 2857
4900 2 2 4 49 2409 2726 2894
4901 2 2 4 49 2695 2320 2952
4902 2 2 4 49 2410 2740 3332
4903 2 2 4 49 849 850 2908
4904 2 2 4 49 2705 2525 3286
4905 2 2 4 49 2587 2929 3344
4906 2 2 4 49 2762 2411 2930
4907 2 2 4 49 2734 2409 3233
4908 2 2 4 49 2723 2410 2897
4909 2 2 4 49 823 2668 3215
4910 2 2 4 49 2670 2366 3162
4911 2 2 4 49 2726 2409 3218
4912 2 2 4 49 2727 2278 3056
4913 2 2 4 49 819 818 2898
4914 2 2 4 49 2685 2533 3356
4915 2 2 4 49 2671 854 3221
4916 2 2 4 49 2475 2727 3056
4917 2 2 4 49 2830 2453 2881
4918 2 2 4 49 2677 2616 3229
4919 2 2 4 49 2521 2781 3136
4920 2 2 4 49 2463 2830 2881
4921 2 2 4 49 3060 2320 3237
4922 2 2 4 49 2410 2723 3200
4923 2 2 4 49 2463 2971 3175
4924 2 2 4 49 2926 2268 3040
4925 2 2 4 49 2719 2399 3052
4926 2 2 4 49 2537 2926 3040
4927 2 2 4 49 794 2733 3187
4928 2 2 4 49 2400 2720 3054
4929 2 2 4 49 2308 2674 3193
4930 2 2 4 49 2891 2450 3092
4931 2 2 4 49 2675 2309 3194
4932 2 2 4 49 2562 3059 3101
4933 2 2 4 49 2967 2522 3129
4934 2 2 4 49 2544 2853 3309
4935 2 2 4 49 815 2775 3111
4936 2 2 4 49 2728 2448 2981
4937 2 2 4 49 2467 2865 2868
4938 2 2 4 49 2449 2729 2982
4939 2 2 4 49 2852 2545 3310
4940 2 2 4 49 2274 2728 2981
4941 2 2 4 49 2702 2474 3262
4942 2 2 4 49 846 847 3121
4943 2 2 4 49 2416 2712 3158
4944 2 2 4 49 2865 2311 2868
4945 2 2 4 49 2729 2275 2982
4946 2 2 4 49 808 2645 3156
4947 2 2 4 49 2511 2693 2992
4948 2 2 4 49 2676 2381 3129
4949 2 2 4 49 3002 2442 3029
4950 2 2 4 49 2680 792 3271
4951 2 2 4 49 2516 2741 2896
4952 2 2 4 49 3227 2714 3358
4953 2 2 4 49 2804 2282 3093
4954 2 2 4 49 3224 2601 3226
4955 2 2 4 49 2799 2397 3220
4956 2 2 4 49 2690 2419 3006
4957 2 2 4 49 2582 2898 3269
4958 2 2 4 49 2398 2800 3222
4959 2 2 4 49 2406 2682 3302
4960 2 2 4 49 2684 2407 3303
4961 2 2 4 49 2712 2416 2937
4962 2 2 4 49 2417 2709 2939
4963 2 2 4 49 2277 2732 3005
4964 2 2 4 49 2703 2270 3171
4965 2 2 4 49 2276 2744 3012
4966 2 2 4 49 2679 2503 3282
4967 2 2 4 49 2724 2859 3170
4968 2 2 4 49 2472 2728 3086
4969 2 2 4 49 2729 2473 3088
4970 2 2 4 49 2686 2480 3035
4971 2 2 4 49 2688 2375 3337
4972 2 2 4 49 2544 2692 3021
4973 2 2 4 49 2691 2545 3022
4974 2 2 4 49 2742 2403 2904
4975 2 2 4 49 2716 2422 3354
4976 2 2 4 49 2876 2547 3192
4977 2 2 4 49 2340 2902 3210
4978 2 2 4 49 3089 2490 3244
4979 2 2 4 49 2433 2701 3003
4980 2 2 4 49 2809 2321 3339
4981 2 2 4 49 2737 2510 3179
4982 2 2 4 49 2428 2724 2989
4983 2 2 4 49 2710 2389 2958
4984 2 2 4 49 820 2737 3179
4985 2 2 4 49 2785 2334 2869
4986 2 2 4 49 2893 2339 3174
4987 2 2 4 49 3139 2534 3182
4988 2 2 4 49 796 2790 2984
4989 2 2 4 49 2978 2337 3098
4990 2 2 4 49 2731 2278 3007
4991 2 2 4 49 2580 2978 3098
4992 2 2 4 49 2531 2857 3240
4993 2 2 4 49 2785 2500 3252
4994 2 2 4 49 2701 2306 3003
4995 2 2 4 49 3000 2281 3306
4996 2 2 4 49 2445 2840 2850
4997 2 2 4 49 2338 2980 3100
4998 2 2 4 49 2980 2581 3100
4999 2 2 4 49 2904 2486 2983
5000 2 2 4 49 816 815 3111
5001 2 2 4 49 2438 2925 3085
5002 2 2 4 49 2709 2417 2970
5003 2 2 4 49 2476 2752 3111
5004 2 2 4 49 2840 2538 3172
5005 2 2 4 49 2392 2792 2903
5006 2 2 4 49 864 865 2852
5007 2 2 4 49 834 833 2853
5008 2 2 4 49 880 881 2870
5009 2 2 4 49 2742 2319 2928
5010 2 2 4 49 2754 2477 3121
5011 2 2 4 49 2791 3041 3254
5012 2 2 4 49 2763 2420 3169
5013 2 2 4 49 2725 2396 3164
5014 2 2 4 49 2332 2696 3044
5015 2 2 4 49 2500 2725 3164
5016 2 2 4 49 790 789 3063
5017 2 2 4 49 2409 2775 3218
5018 2 2 4 49 3083 2269 3341
5019 2 2 4 49 2511 2746 3181
5020 2 2 4 49 842 843 2855
5021 2 2 4 49 2489 2770 2900
5022 2 2 4 49 2425 2753 3076
5023 2 2 4 49 2267 2683 3147
5024 2 2 4 49 2814 2356 3188
5025 2 2 4 49 2746 851 3181
5026 2 2 4 49 2311 2865 3159
5027 2 2 4 49 2833 2435 3051
5028 2 2 4 49 2866 2312 3161
5029 2 2 4 49 2865 2553 3159
5030 2 2 4 49 3144 2314 3216
5031 2 2 4 49 2554 2866 3161
5032 2 2 4 49 2698 2367 3257
5033 2 2 4 49 2546 2814 3188
5034 2 2 4 49 882 2767 3278
5035 2 2 4 49 2507 2698 3257
5036 2 2 4 49 2539 2689 3295
5037 2 2 4 49 3071 2565 3103
5038 2 2 4 49 2313 2715 3002
5039 2 2 4 49 2715 2442 3002
5040 2 2 4 49 2368 2700 3259
5041 2 2 4 49 2283 2871 3151
5042 2 2 4 49 2700 2508 3259
5043 2 2 4 49 2521 2972 3361
5044 2 2 4 49 2776 2410 3200
5045 2 2 4 49 782 781 2991
5046 2 2 4 49 2697 2568 3341
5047 2 2 4 49 2743 2567 2935
5048 2 2 4 49 2855 2437 3020
5049 2 2 4 49 2521 3136 3264
5050 2 2 4 49 3059 2304 3101
5051 2 2 4 49 2738 2295 2955
5052 2 2 4 49 2296 2739 2954
5053 2 2 4 49 2737 2402 3045
5054 2 2 4 49 2510 2737 3045
5055 2 2 4 49 2770 2322 3328
5056 2 2 4 49 3092 2450 3105
5057 2 2 4 49 2786 2509 3206
5058 2 2 4 49 2444 2929 3338
5059 2 2 4 49 2728 2274 3086
5060 2 2 4 49 2401 2690 3243
5061 2 2 4 49 2724 2384 2989
5062 2 2 4 49 2275 2729 3088
5063 2 2 4 49 2695 2461 3118
5064 2 2 4 49 2695 2530 3284
5065 2 2 4 49 2856 2434 3122
5066 2 2 4 49 2435 2838 2857
5067 2 2 4 49 2334 2785 3070
5068 2 2 4 49 2785 2488 3070
5069 2 2 4 49 2480 2753 3146
5070 2 2 4 49 2420 2906 3012
5071 2 2 4 49 862 2691 3222
5072 2 2 4 49 841 842 3020
5073 2 2 4 49 2906 2513 3012
5074 2 2 4 49 2692 831 3220
5075 2 2 4 49 2411 2762 2936
5076 2 2 4 49 2704 2443 3047
5077 2 2 4 49 2950 2594 3043
5078 2 2 4 49 2999 2458 3167
5079 2 2 4 49 2998 2566 3365
5080 2 2 4 49 2722 2439 3023
5081 2 2 4 49 2774 2303 2927
5082 2 2 4 49 2320 2695 3118
5083 2 2 4 49 2500 2869 3094
5084 2 2 4 49 2348 2932 3189
5085 2 2 4 49 2434 2871 3122
5086 2 2 4 49 2552 2703 3340
5087 2 2 4 49 2437 2829 3060
5088 2 2 4 49 2464 2696 3279
5089 2 2 4 49 2899 2528 2964
5090 2 2 4 49 2696 2332 3317
5091 2 2 4 49 2697 2392 3325
5092 2 2 4 49 2693 853 3142
5093 2 2 4 49 2835 782 2991
5094 2 2 4 49 2833 2318 2940
5095 2 2 4 49 822 2694 3148
5096 2 2 4 49 3045 2809 3339
5097 2 2 4 49 2320 2829 2952
5098 2 2 4 49 859 860 2946
5099 2 2 4 49 2760 2552 3340
5100 2 2 4 49 2457 2863 2879
5101 2 2 4 49 2565 2732 3073
5102 2 2 4 49 2790 2427 2984
5103 2 2 4 49 2426 2787 3147
5104 2 2 4 49 2370 2760 3340
5105 2 2 4 49 2367 2698 3106
5106 2 2 4 49 2605 2862 3308
5107 2 2 4 49 2862 2380 3308
5108 2 2 4 49 829 828 2943
5109 2 2 4 49 2471 2833 2940
5110 2 2 4 49 2829 2475 2952
5111 2 2 4 49 2801 2513 2973
5112 2 2 4 49 2369 2801 2973
5113 2 2 4 49 2700 2368 3107
5114 2 2 4 49 2378 2721 3108
5115 2 2 4 49 2379 2722 3023
5116 2 2 4 49 2446 2709 3059
5117 2 2 4 49 2777 2384 3170
5118 2 2 4 49 2735 2934 3357
5119 2 2 4 49 2744 2276 2993
5120 2 2 4 49 2450 2933 3105
5121 2 2 4 49 2703 2462 3347
5122 2 2 4 49 2318 2743 2935
5123 2 2 4 49 2802 2564 3127
5124 2 2 4 49 2712 2447 3071
5125 2 2 4 49 3034 2297 3233
5126 2 2 4 49 793 792 3266
5127 2 2 4 49 3040 2523 3301
5128 2 2 4 49 2523 3270 3301
5129 2 2 4 49 2836 2287 3123
5130 2 2 4 49 2280 2960 3138
5131 2 2 4 49 2682 2922 3302
5132 2 2 4 49 2960 2572 3138
5133 2 2 4 49 3033 2566 3077
5134 2 2 4 49 2342 3033 3077
5135 2 2 4 49 2745 2549 3358
5136 2 2 4 49 2709 2304 3059
5137 2 2 4 49 2551 2784 3102
5138 2 2 4 49 2782 893 2996
5139 2 2 4 49 865 866 3078
5140 2 2 4 49 2731 2562 3031
5141 2 2 4 49 872 2783 2997
5142 2 2 4 49 835 834 3080
5143 2 2 4 49 2778 2323 2976
5144 2 2 4 49 2529 2901 2957
5145 2 2 4 49 2497 2757 3197
5146 2 2 4 49 2921 2684 3303
5147 2 2 4 49 2659 2788 3176
5148 2 2 4 49 2376 2745 3358
5149 2 2 4 49 2871 2283 3160
5150 2 2 4 49 2459 2782 2996
5151 2 2 4 49 2783 2460 2997
5152 2 2 4 49 2530 2731 3031
5153 2 2 4 49 2974 2328 3150
5154 2 2 4 49 2471 2704 3112
5155 2 2 4 49 2548 2871 3160
5156 2 2 4 49 2817 2319 2906
5157 2 2 4 49 2775 815 3218
5158 2 2 4 49 2994 2534 3139
5159 2 2 4 49 2305 2712 3071
5160 2 2 4 49 2390 2770 2992
5161 2 2 4 49 2329 2975 3152
5162 2 2 4 49 3016 2507 3204
5163 2 2 4 49 2347 3082 3085
5164 2 2 4 49 846 2776 3200
5165 2 2 4 49 2761 2285 3037
5166 2 2 4 49 2305 3071 3103
5167 2 2 4 49 2352 2773 3313
5168 2 2 4 49 2773 2541 3313
5169 2 2 4 49 2284 2843 3157
5170 2 2 4 49 2721 2499 3202
5171 2 2 4 49 3082 2598 3085
5172 2 2 4 49 2316 2721 3202
5173 2 2 4 49 2508 3018 3203
5174 2 2 4 49 2843 2532 3157
5175 2 2 4 49 2744 2420 3012
5176 2 2 4 49 2411 2813 2956
5177 2 2 4 49 2433 2788 3349
5178 2 2 4 49 2435 2833 2893
5179 2 2 4 49 2803 2543 3260
5180 2 2 4 49 2855 2575 3210
5181 2 2 4 49 2331 2803 3260
5182 2 2 4 49 2439 2727 3042
5183 2 2 4 49 805 804 3167
5184 2 2 4 49 2330 2702 3316
5185 2 2 4 49 2707 2472 3086
5186 2 2 4 49 2922 2526 3302
5187 2 2 4 49 2863 2454 2879
5188 2 2 4 49 2473 2708 3088
5189 2 2 4 49 2951 2523 3273
5190 2 2 4 49 2451 2892 3057
5191 2 2 4 49 2822 2411 2956
5192 2 2 4 49 823 822 3148
5193 2 2 4 49 2527 2921 3303
5194 2 2 4 49 853 854 3142
5195 2 2 4 49 2705 2376 3117
5196 2 2 4 49 2713 2587 3344
5197 2 2 4 49 2442 2715 3372
5198 2 2 4 49 2438 2769 3155
5199 2 2 4 49 2710 2293 3327
5200 2 2 4 49 2750 2378 3108
5201 2 2 4 49 2929 2444 3344
5202 2 2 4 49 2522 2909 3129
5203 2 2 4 49 2438 2825 3103
5204 2 2 4 49 2829 2437 2902
5205 2 2 4 49 2294 2711 3330
5206 2 2 4 49 2714 2376 3358
5207 2 2 4 49 889 890 3180
5208 2 2 4 49 884 885 2929
5209 2 2 4 49 2977 2279 3137
5210 2 2 4 49 2483 2798 3149
5211 2 2 4 49 2571 2977 3137
5212 2 2 4 49 2451 2911 3130
5213 2 2 4 49 2808 2436 3017
5214 2 2 4 49 2773 2352 2985
5215 2 2 4 49 2367 3183 3257
5216 2 2 4 49 3184 2368 3259
5217 2 2 4 49 2499 2805 3166
5218 2 2 4 49 2719 896 3359
5219 2 2 4 49 2689 3082 3295
5220 2 2 4 49 869 2720 3360
5221 2 2 4 49 2784 2290 2969
5222 2 2 4 49 2732 2539 3073
5223 2 2 4 49 879 880 3163
5224 2 2 4 49 2484 2707 3217
5225 2 2 4 49 2570 2778 2976
5226 2 2 4 49 2708 2485 3219
5227 2 2 4 49 2688 2937 3370
5228 2 2 4 49 815 814 3218
5229 2 2 4 49 885 886 3338
5230 2 2 4 49 2606 3144 3216
5231 2 2 4 49 2879 2454 2953
5232 2 2 4 49 893 894 2996
5233 2 2 4 49 871 872 2997
5234 2 2 4 49 2870 881 3278
5235 2 2 4 49 845 846 3200
5236 2 2 4 49 2712 2305 3158
5237 2 2 4 49 2771 2440 3195
5238 2 2 4 49 2335 2707 3265
5239 2 2 4 49 2716 2484 3113
5240 2 2 4 49 875 876 3326
5241 2 2 4 49 2870 2559 3254
5242 2 2 4 49 2485 2717 3115
5243 2 2 4 49 2452 2870 3254
5244 2 2 4 49 2708 2336 3267
5245 2 2 4 49 2450 2874 3058
5246 2 2 4 49 2800 861 3222
5247 2 2 4 49 2707 2484 3265
5248 2 2 4 49 2973 2513 2983
5249 2 2 4 49 2486 2973 2983
5250 2 2 4 49 2486 2904 2969
5251 2 2 4 49 2485 2708 3267
5252 2 2 4 49 2354 3025 3055
5253 2 2 4 49 3025 2551 3055
5254 2 2 4 49 2759 2363 3029
5255 2 2 4 49 830 2799 3220
5256 2 2 4 49 2341 2936 3343
5257 2 2 4 49 2336 2875 3065
5258 2 2 4 49 2411 2822 2930
5259 2 2 4 49 3240 2947 3283
5260 2 2 4 49 2577 2787 3033
5261 2 2 4 49 2475 2902 3104
5262 2 2 4 49 2788 2542 3176
5263 2 2 4 49 861 862 3222
5264 2 2 4 49 3095 2785 3252
5265 2 2 4 49 2725 2500 3094
5266 2 2 4 49 2741 2516 3292
5267 2 2 4 49 2454 2863 2965
5268 2 2 4 49 2325 2741 3292
5269 2 2 4 49 2727 2475 3104
5270 2 2 4 49 831 830 3220
5271 2 2 4 49 2537 2718 3320
5272 2 2 4 49 3183 2664 3257
5273 2 2 4 49 2559 2870 3278
5274 2 2 4 49 2665 3184 3259
5275 2 2 4 49 2478 2862 3077
5276 2 2 4 49 2497 2915 3001
5277 2 2 4 49 2915 2457 3001
5278 2 2 4 49 2551 3025 3166
5279 2 2 4 49 2757 2378 3197
5280 2 2 4 49 2560 2718 3311
5281 2 2 4 49 2370 2730 3116
5282 2 2 4 49 2730 2465 3116
5283 2 2 4 49 2818 2445 3101
5284 2 2 4 49 2865 2467 3096
5285 2 2 4 49 2469 2866 3097
5286 2 2 4 49 2526 2820 2955
5287 2 2 4 49 2293 3075 3327
5288 2 2 4 49 2484 2716 3265
5289 2 2 4 49 2520 3224 3226
5290 2 2 4 49 3069 2542 3235
5291 2 2 4 49 2717 2485 3267
5292 2 2 4 49 2336 2717 3267
5293 2 2 4 49 2821 2527 2954
5294 2 2 4 49 2549 3227 3358
5295 2 2 4 49 2461 2835 2991
5296 2 2 4 49 2884 2548 3140
5297 2 2 4 49 2820 2328 3021
5298 2 2 4 49 2371 2884 3140
5299 2 2 4 49 2601 2880 3226
5300 2 2 4 49 2329 2821 3022
5301 2 2 4 49 2804 2589 3190
5302 2 2 4 49 864 2852 3310
5303 2 2 4 49 2853 833 3309
5304 2 2 4 49 2798 2438 3155
5305 2 2 4 49 2279 2861 3137
5306 2 2 4 49 2790 795 3187
5307 2 2 4 49 2753 2366 3076
5308 2 2 4 49 2504 2958 3126
5309 2 2 4 49 2960 2425 2961
5310 2 2 4 49 2572 2960 2961
5311 2 2 4 49 2834 2412 2959
5312 2 2 4 49 2514 2790 3187
5313 2 2 4 49 2515 3114 3371
5314 2 2 4 49 2468 2822 2956
5315 2 2 4 49 2531 3240 3283
5316 2 2 4 49 2723 845 3200
5317 2 2 4 49 2933 2450 3058
5318 2 2 4 49 2870 2452 3163
5319 2 2 4 49 2418 2843 2945
5320 2 2 4 49 3065 2451 3130
5321 2 2 4 49 2429 2977 2979
5322 2 2 4 49 3190 2589 3261
5323 2 2 4 49 2736 2470 3135
5324 2 2 4 49 2977 2571 2979
5325 2 2 4 49 2750 2506 3250
5326 2 2 4 49 800 2798 3155
5327 2 2 4 49 2893 2471 3112
5328 2 2 4 49 2323 2863 2976
5329 2 2 4 49 2265 2750 3250
5330 2 2 4 49 2925 2438 3103
5331 2 2 4 49 2292 2736 3135
5332 2 2 4 49 814 2726 3218
5333 2 2 4 49 890 891 2987
5334 2 2 4 49 874 875 2988
5335 2 2 4 49 2392 2903 3290
5336 2 2 4 49 2483 2751 3312
5337 2 2 4 49 2951 2357 3287
5338 2 2 4 49 2799 830 3242
5339 2 2 4 49 2815 2326 3015
5340 2 2 4 49 2600 2951 3287
5341 2 2 4 49 2563 2735 3357
5342 2 2 4 49 2327 2826 3019
5343 2 2 4 49 2752 2582 3269
5344 2 2 4 49 3114 2678 3371
5345 2 2 4 49 817 2752 3269
5346 2 2 4 49 2738 2397 3375
5347 2 2 4 49 2464 2815 3015
5348 2 2 4 49 804 803 2999
5349 2 2 4 49 861 2800 3241
5350 2 2 4 49 2826 2474 3019
5351 2 2 4 49 2398 2739 3376
5352 2 2 4 49 3010 2462 3171
5353 2 2 4 49 2431 2872 3109
5354 2 2 4 49 2494 2772 3211
5355 2 2 4 49 2992 2770 3328
5356 2 2 4 49 801 800 3155
5357 2 2 4 49 2918 2425 3076
5358 2 2 4 49 2869 2418 3094
5359 2 2 4 49 2567 2743 3378
5360 2 2 4 49 830 829 3242
5361 2 2 4 49 3010 2601 3224
5362 2 2 4 49 2948 2520 2949
5363 2 2 4 49 2345 3010 3224
5364 2 2 4 49 2733 793 3266
5365 2 2 4 49 2506 2750 3108
5366 2 2 4 49 2441 2948 2949
5367 2 2 4 49 2937 2326 3061
5368 2 2 4 49 2720 2886 3367
5369 2 2 4 49 2883 2719 3368
5370 2 2 4 49 2599 2971 3268
5371 2 2 4 49 2971 2287 3268
5372 2 2 4 49 860 861 3241
5373 2 2 4 49 2297 2734 3233
5374 2 2 4 49 2645 2333 2947
5375 2 2 4 49 2505 2758 3092
5376 2 2 4 49 2585 2754 3253
5377 2 2 4 49 2889 2431 3109
5378 2 2 4 49 2310 2910 3199
5379 2 2 4 49 2773 2479 3247
5380 2 2 4 49 2754 848 3253
5381 2 2 4 49 2557 2744 3369
5382 2 2 4 49 2962 2426 3147
5383 2 2 4 49 2879 2325 3001
5384 2 2 4 49 2740 2298 3332
5385 2 2 4 49 2327 2939 3064
5386 2 2 4 49 2765 2308 3193
5387 2 2 4 49 2831 2273 3252
5388 2 2 4 49 2934 2266 3357
5389 2 2 4 49 2309 2766 3194
5390 2 2 4 49 2440 2814 3195
5391 2 2 4 49 2834 2536 3249
5392 2 2 4 49 2352 2834 3249
5393 2 2 4 49 2863 2323 2965
5394 2 2 4 49 2777 2273 3134
5395 2 2 4 49 2782 2459 3066
5396 2 2 4 49 2487 2777 3134
5397 2 2 4 49 2460 2783 3068
5398 2 2 4 49 2456 2923 3177
5399 2 2 4 49 2597 2835 3008
5400 2 2 4 49 2501 2738 3375
5401 2 2 4 49 2325 2879 2953
5402 2 2 4 49 2598 2769 3085
5403 2 2 4 49 2739 2502 3376
5404 2 2 4 49 2288 2909 3119
5405 2 2 4 49 2909 2522 3119
5406 2 2 4 49 2751 2483 3149
5407 2 2 4 49 2583 2841 3153
5408 2 2 4 49 2780 2343 3131
5409 2 2 4 49 2487 2780 3131
5410 2 2 4 49 2760 2370 3116
5411 2 2 4 49 2835 2461 3008
5412 2 2 4 49 2842 2584 3154
5413 2 2 4 49 2300 2851 3143
5414 2 2 4 49 2291 2813 3281
5415 2 2 4 49 2457 2879 3001
5416 2 2 4 49 2366 2753 3162
5417 2 2 4 49 2813 2534 3281
5418 2 2 4 49 2863 2457 2976
5419 2 2 4 49 2543 2803 3037
5420 2 2 4 49 2753 2480 3162
5421 2 2 4 49 2494 2748 3346
5422 2 2 4 49 2493 2836 3123
5423 2 2 4 49 3283 2333 3378
5424 2 2 4 49 2790 2514 3141
5425 2 2 4 49 2751 798 3238
5426 2 2 4 49 2882 2314 3144
5427 2 2 4 49 2427 2790 3141
5428 2 2 4 49 2613 2751 3238
5429 2 2 4 49 2378 2750 3197
5430 2 2 4 49 2745 2376 3286
5431 2 2 4 49 2748 2302 3346
5432 2 2 4 49 2747 2401 3274
5433 2 2 4 49 2350 2764 3127
5434 2 2 4 49 2491 2749 3307
5435 2 2 4 49 2903 2556 3290
5436 2 2 4 49 2872 2431 2972
5437 2 2 4 49 2794 2503 3057
5438 2 2 4 49 2915 2265 3305
5439 2 2 4 49 2906 2319 2983
5440 2 2 4 49 3014 2466 3235
5441 2 2 4 49 2901 2430 2957
5442 2 2 4 49 2749 2405 3307
5443 2 2 4 49 2749 2349 3297
5444 2 2 4 49 2445 2932 3101
5445 2 2 4 49 2321 2809 3039
5446 2 2 4 49 2797 2645 3231
5447 2 2 4 49 2405 2860 3307
5448 2 2 4 49 2373 2864 3099
5449 2 2 4 49 2504 2828 3263
5450 2 2 4 49 2582 2752 3245
5451 2 2 4 49 2432 2899 2964
5452 2 2 4 49 2402 2809 3045
5453 2 2 4 49 2987 2467 3180
5454 2 2 4 49 2864 2506 3099
5455 2 2 4 49 2436 2966 3237
5456 2 2 4 49 2754 2585 3256
5457 2 2 4 49 2287 2971 3208
5458 2 2 4 49 2455 2839 3362
5459 2 2 4 49 2765 2399 3153
5460 2 2 4 49 2400 2766 3154
5461 2 2 4 49 886 887 3145
5462 2 2 4 49 2819 2505 3353
5463 2 2 4 49 2302 2763 3169
5464 2 2 4 49 3043 2713 3344
5465 2 2 4 49 2439 2858 3023
5466 2 2 4 49 2772 2487 3131
5467 2 2 4 49 2769 801 3155
5468 2 2 4 49 2812 2280 3138
5469 2 2 4 49 2966 2579 3237
5470 2 2 4 49 2498 2812 3138
5471 2 2 4 49 2775 2476 3111
5472 2 2 4 49 2771 2301 3133
5473 2 2 4 49 2503 2911 3057
5474 2 2 4 49 2911 2451 3057
5475 2 2 4 49 2488 2785 3095
5476 2 2 4 49 2552 2760 3343
5477 2 2 4 49 2477 2776 3121
5478 2 2 4 49 2538 2818 3117
5479 2 2 4 49 2459 2765 3193
5480 2 2 4 49 2766 2460 3194
5481 2 2 4 49 2872 2331 3109
5482 2 2 4 49 2536 2759 3324
5483 2 2 4 49 3274 2578 3296
5484 2 2 4 49 2513 2906 2983
5485 2 2 4 49 2779 2468 3125
5486 2 2 4 49 2506 3108 3223
5487 2 2 4 49 2270 2762 3304
5488 2 2 4 49 842 2855 3020
5489 2 2 4 49 878 879 3178
5490 2 2 4 49 2469 2988 3326
5491 2 2 4 49 2743 3283 3378
5492 2 2 4 49 2283 2933 3160
5493 2 2 4 49 2933 2533 3160
5494 2 2 4 49 2824 2344 3053
5495 2 2 4 49 2780 2487 3134
5496 2 2 4 49 2764 2350 3261
5497 2 2 4 49 2318 2833 3051
5498 2 2 4 49 2871 2548 3122
5499 2 2 4 49 2301 2771 3195
5500 2 2 4 49 2437 2855 3210
5501 2 2 4 49 2787 2267 3147
5502 2 2 4 49 2829 2320 3060
5503 2 2 4 49 3035 2480 3146
5504 2 2 4 49 2426 2962 3232
5505 2 2 4 49 2305 2825 3275
5506 2 2 4 49 2302 2772 3346
5507 2 2 4 49 2789 2321 3126
5508 2 2 4 49 2861 2496 3137
5509 2 2 4 49 2926 2537 3044
5510 2 2 4 49 2315 2887 3272
5511 2 2 4 49 810 809 3240
5512 2 2 4 49 2772 2494 3346
5513 2 2 4 49 2443 2873 3034
5514 2 2 4 49 2481 2780 3276
5515 2 2 4 49 2534 2813 3182
5516 2 2 4 49 2985 2352 3249
5517 2 2 4 49 2462 2828 3347
5518 2 2 4 49 2499 2779 3202
5519 2 2 4 49 888 889 3196
5520 2 2 4 49 2884 2494 3211
5521 2 2 4 49 2932 2562 3101
5522 2 2 4 49 3075 2592 3327
5523 2 2 4 49 2268 2926 3248
5524 2 2 4 49 807 2797 3231
5525 2 2 4 49 2865 3096 3334
5526 2 2 4 49 3097 2866 3335
5527 2 2 4 49 2426 2998 3365
5528 2 2 4 49 2823 2622 3234
5529 2 2 4 49 2472 2891 3159
5530 2 2 4 49 2786 2382 3213
5531 2 2 4 49 2892 2473 3161
5532 2 2 4 49 2828 2462 3084
5533 2 2 4 49 854 855 3221
5534 2 2 4 49 2532 2843 3079
5535 2 2 4 49 2810 2316 3125
5536 2 2 4 49 2801 2369 3291
5537 2 2 4 49 2516 2801 3291
5538 2 2 4 49 824 823 3215
5539 2 2 4 49 2781 2521 3361
5540 2 2 4 49 2800 2502 3241
5541 2 2 4 49 2501 2799 3242
5542 2 2 4 49 2478 2851 3091
5543 2 2 4 49 2874 2335 3058
5544 2 2 4 49 2272 2781 3361
5545 2 2 4 49 2852 865 3078
5546 2 2 4 49 834 2853 3080
5547 2 2 4 49 2875 2451 3065
5548 2 2 4 49 2565 2925 3103
5549 2 2 4 49 2869 2334 3079
5550 2 2 4 49 792 791 3271
5551 2 2 4 49 2304 2818 3101
5552 2 2 4 49 3082 2347 3295
5553 2 2 4 49 2519 3236 3374
5554 2 2 4 49 2907 2452 3041
5555 2 2 4 49 2524 2931 3173
5556 2 2 4 49 2815 2464 3279
5557 2 2 4 49 2969 2290 3067
5558 2 2 4 49 2418 2963 3094
5559 2 2 4 49 2825 2305 3103
5560 2 2 4 49 2931 2415 3173
5561 2 2 4 49 2561 2998 3232
5562 2 2 4 49 2998 2426 3232
5563 2 2 4 49 2787 2426 3365
5564 2 2 4 49 2387 2795 3230
5565 2 2 4 49 2341 3139 3182
5566 2 2 4 49 2478 3091 3350
5567 2 2 4 49 2524 3277 3319
5568 2 2 4 49 2838 2435 3174
5569 2 2 4 49 2788 2272 3349
5570 2 2 4 49 2336 3065 3364
5571 2 2 4 49 2796 2388 3205
5572 2 2 4 49 3262 2379 3293
5573 2 2 4 49 2702 3262 3293
5574 2 2 4 49 2559 2791 3254
5575 2 2 4 49 2576 2838 3174
5576 2 2 4 49 2851 2428 3091
5577 2 2 4 49 787 786 3172
5578 2 2 4 49 2824 2493 3123
5579 2 2 4 49 73 839 3366
5580 2 2 4 49 2744 2993 3369
5581 2 2 4 49 2789 2510 3339
5582 2 2 4 49 2555 2804 3190
5583 2 2 4 49 2271 2839 3324
5584 2 2 4 49 2839 2536 3324
5585 2 2 4 49 821 820 3179
5586 2 2 4 49 2321 2789 3339
5587 2 2 4 49 2273 2831 3276
5588 2 2 4 49 851 852 3181
5589 2 2 4 49 2533 2933 3058
5590 2 2 4 49 3114 2515 3352
5591 2 2 4 49 2350 3190 3261
5592 2 2 4 49 795 794 3187
5593 2 2 4 49 2516 2896 3300
5594 2 2 4 49 2484 2847 3113
5595 2 2 4 49 2518 2921 3152
5596 2 2 4 49 2474 2826 3262
5597 2 2 4 49 2848 2485 3115
5598 2 2 4 49 2379 3023 3293
5599 2 2 4 49 3091 2650 3350
5600 2 2 4 49 2922 2517 3150
5601 2 2 4 49 2921 2329 3152
5602 2 2 4 49 2993 2428 3369
5603 2 2 4 49 2444 2950 3043
5604 2 2 4 49 2328 2922 3150
5605 2 2 4 49 2388 2812 3205
5606 2 2 4 49 868 76 3360
5607 2 2 4 49 2854 888 3196
5608 2 2 4 49 75 837 3359
5609 2 2 4 49 2812 2498 3205
5610 2 2 4 49 2271 2802 3234
5611 2 2 4 49 2523 2793 3273
5612 2 2 4 49 2508 3203 3259
5613 2 2 4 49 3203 2665 3259
5614 2 2 4 49 2799 2501 3375
5615 2 2 4 49 3204 2507 3257
5616 2 2 4 49 2664 3204 3257
5617 2 2 4 49 2654 2918 3076
5618 2 2 4 49 2502 2800 3376
5619 2 2 4 49 2479 2909 3247
5620 2 2 4 49 2807 2359 3191
5621 2 2 4 49 2976 2457 3305
5622 2 2 4 49 2380 2862 3350
5623 2 2 4 49 2357 2951 3273
5624 2 2 4 49 2949 2299 3296
5625 2 2 4 49 2847 2314 3113
5626 2 2 4 49 2315 2848 3115
5627 2 2 4 49 2456 2876 3251
5628 2 2 4 49 2547 3081 3089
5629 2 2 4 49 3081 2490 3089
5630 2 2 4 49 2873 2377 3294
5631 2 2 4 49 2849 2628 3198
5632 2 2 4 49 2513 2801 3321
5633 2 2 4 49 2465 3009 3351
5634 2 2 4 49 2950 2353 3377
5635 2 2 4 49 2529 2873 3294
5636 2 2 4 49 2803 2331 3264
5637 2 2 4 49 2594 2950 3377
5638 2 2 4 49 2762 2930 3304
5639 2 2 4 49 2570 2976 3305
5640 2 2 4 49 789 788 3227
5641 2 2 4 49 2274 2845 3217
5642 2 2 4 49 896 75 3359
5643 2 2 4 49 76 869 3360
5644 2 2 4 49 2846 2275 3219
5645 2 2 4 49 2860 3128 3307
5646 2 2 4 49 877 878 3239
5647 2 2 4 49 2937 2416 3370
5648 2 2 4 49 798 797 3238
5649 2 2 4 49 3164 2831 3252
5650 2 2 4 49 2396 2831 3164
5651 2 2 4 49 2801 2516 3300
5652 2 2 4 49 2931 2524 3133
5653 2 2 4 49 2301 2931 3133
5654 2 2 4 49 2623 3099 3223
5655 2 2 4 49 848 849 3253
5656 2 2 4 49 2343 2856 3122
5657 2 2 4 49 818 817 3269
5658 2 2 4 49 3026 2555 3190
5659 2 2 4 49 2350 3026 3190
5660 2 2 4 49 2397 2799 3375
5661 2 2 4 49 3015 2558 3248
5662 2 2 4 49 2800 2398 3376
5663 2 2 4 49 2872 2521 3264
5664 2 2 4 49 2464 3015 3248
5665 2 2 4 49 2331 2872 3264
5666 2 2 4 49 2357 2830 3175
5667 2 2 4 49 881 882 3278
5668 2 2 4 49 2925 2347 3085
5669 2 2 4 49 2860 2322 3128
5670 2 2 4 49 2808 779 3366
5671 2 2 4 49 2851 2478 3143
5672 2 2 4 49 2917 2483 3312
5673 2 2 4 49 2505 3092 3105
5674 2 2 4 49 2864 2373 3207
5675 2 2 4 49 833 832 3309
5676 2 2 4 49 863 864 3310
5677 2 2 4 49 2884 2371 3124
5678 2 2 4 49 2494 2884 3124
5679 2 2 4 49 2377 3279 3294
5680 2 2 4 49 2509 2864 3207
5681 2 2 4 49 839 840 3363
5682 2 2 4 49 3279 2696 3294
5683 2 2 4 49 2876 2269 3251
5684 2 2 4 49 2578 2807 3296
5685 2 2 4 49 2417 2939 3229
5686 2 2 4 49 2486 2969 3067
5687 2 2 4 49 2828 3084 3263
5688 2 2 4 49 867 868 3367
5689 2 2 4 49 2556 2889 3109
5690 2 2 4 49 2657 3030 3285
5691 2 2 4 49 837 836 3368
5692 2 2 4 49 2850 2597 3189
5693 2 2 4 49 2902 2340 3104
5694 2 2 4 49 2333 2768 3378
5695 2 2 4 49 2445 2850 3189
5696 2 2 4 49 2266 3006 3357
5697 2 2 4 49 2339 2893 3112
5698 2 2 4 49 3037 2285 3255
5699 2 2 4 49 3072 2346 3245
5700 2 2 4 49 2349 3074 3256
5701 2 2 4 49 2515 3144 3352
5702 2 2 4 49 779 73 3366
5703 2 2 4 49 3030 2289 3244
5704 2 2 4 49 2335 3265 3354
5705 2 2 4 49 2973 2486 3336
5706 2 2 4 49 3265 2716 3354
5707 2 2 4 49 880 2870 3163
5708 2 2 4 49 2859 2488 3170
5709 2 2 4 49 2995 2482 3288
5710 2 2 4 49 2871 2434 3151
5711 2 2 4 49 2632 2849 3198
5712 2 2 4 49 2515 2882 3144
5713 2 2 4 49 839 2808 3366
5714 2 2 4 49 2607 2905 3191
5715 2 2 4 49 2276 3012 3321
5716 2 2 4 49 2831 2481 3276
5717 2 2 4 49 2808 839 3363
5718 2 2 4 49 2916 877 3239
5719 2 2 4 49 3109 2331 3322
5720 2 2 4 49 2861 2387 3230
5721 2 2 4 49 2920 2320 3118
5722 2 2 4 49 3119 2522 3246
5723 2 2 4 49 2845 2484 3217
5724 2 2 4 49 2605 3119 3246
5725 2 2 4 49 2485 2846 3219
5726 2 2 4 49 2891 2311 3159
5727 2 2 4 49 2312 2892 3161
5728 2 2 4 49 2353 2819 3353
5729 2 2 4 49 2428 2989 3369
5730 2 2 4 49 2933 2283 3105
5731 2 2 4 49 2536 2839 3249
5732 2 2 4 49 3234 2622 3362
5733 2 2 4 49 2911 2284 3130
5734 2 2 4 49 2507 3016 3098
5735 2 2 4 49 3016 2580 3098
5736 2 2 4 49 2589 2990 3261
5737 2 2 4 49 3018 2508 3100
5738 2 2 4 49 2581 3018 3100
5739 2 2 4 49 2444 3043 3344
5740 2 2 4 49 2648 3145 3329
5741 2 2 4 49 3145 2586 3329
5742 2 2 4 49 2355 2907 3323
5743 2 2 4 49 2912 2427 3141
5744 2 2 4 49 2907 2540 3323
5745 2 2 4 49 3033 2787 3365
5746 2 2 4 49 2828 2370 3347
5747 2 2 4 49 2428 2993 3091
5748 2 2 4 49 2993 2650 3091
5749 2 2 4 49 2435 2893 3174
5750 2 2 4 49 2496 2861 3230
5751 2 2 4 49 2884 3211 3348
5752 2 2 4 49 2901 2529 3317
5753 2 2 4 49 2332 2901 3317
5754 2 2 4 49 2527 3303 3318
5755 2 2 4 49 2880 2386 3226
5756 2 2 4 49 3302 2526 3315
5757 2 2 4 49 2367 3027 3183
5758 2 2 4 49 3028 2368 3184
5759 2 2 4 49 2503 2885 3282
5760 2 2 4 49 2506 2864 3250
5761 2 2 4 49 2887 2519 3272
5762 2 2 4 49 2528 2899 3316
5763 2 2 4 49 2899 2330 3316
5764 2 2 4 49 2486 3067 3336
5765 2 2 4 49 2960 2280 3146
5766 2 2 4 49 2844 2395 3319
5767 2 2 4 49 2768 2567 3378
5768 2 2 4 49 2860 2511 3328
5769 2 2 4 49 3067 2603 3336
5770 2 2 4 49 3006 2563 3357
5771 2 2 4 49 2890 824 3215
5772 2 2 4 49 2839 2271 3362
5773 2 2 4 49 3236 2608 3374
5774 2 2 4 49 855 2888 3221
5775 2 2 4 49 2948 2345 3224
5776 2 2 4 49 2520 2948 3224
5777 2 2 4 49 2923 2313 3177
5778 2 2 4 49 2943 2501 3242
5779 2 2 4 49 2502 2946 3241
5780 2 2 4 49 3069 2362 3176
5781 2 2 4 49 2910 2455 3199
5782 2 2 4 49 2524 3173 3277
5783 2 2 4 49 2543 3037 3255
5784 2 2 4 49 2322 2860 3328
5785 2 2 4 49 3173 2628 3277
5786 2 2 4 49 2683 2962 3147
5787 2 2 4 49 2542 3069 3176
5788 2 2 4 49 2902 2437 3210
5789 2 2 4 49 2958 2504 3263
5790 2 2 4 49 2772 3131 3211
5791 2 2 4 49 2553 2865 3334
5792 2 2 4 49 2866 2554 3335
5793 2 2 4 49 2932 2445 3189
5794 2 2 4 49 2862 2478 3350
5795 2 2 4 49 2885 2355 3282
5796 2 2 4 49 2936 2341 3182
5797 2 2 4 49 2971 2599 3175
5798 2 2 4 49 2340 3042 3104
5799 2 2 4 49 2570 2986 3213
5800 2 2 4 49 2947 2333 3283
5801 2 2 4 49 3042 2727 3104
5802 2 2 4 49 2645 2947 3156
5803 2 2 4 49 2295 2877 3315
5804 2 2 4 49 2492 2994 3139
5805 2 2 4 49 3178 2661 3373
5806 2 2 4 49 2604 3178 3373
5807 2 2 4 49 2501 2943 3183
5808 2 2 4 49 2943 2664 3183
5809 2 2 4 49 2878 2296 3318
5810 2 2 4 49 791 3004 3271
5811 2 2 4 49 2615 2951 3228
5812 2 2 4 49 2951 2600 3228
5813 2 2 4 49 2519 2941 3236
5814 2 2 4 49 2941 2267 3236
5815 2 2 4 49 2946 2502 3184
5816 2 2 4 49 2566 3033 3365
5817 2 2 4 49 2665 2946 3184
5818 2 2 4 49 836 2883 3368
5819 2 2 4 49 2909 2288 3247
5820 2 2 4 49 2542 3003 3235
5821 2 2 4 49 2967 2342 3246
5822 2 2 4 49 2522 2967 3246
5823 2 2 4 49 2989 2557 3369
5824 2 2 4 49 2886 867 3367
5825 2 2 4 49 3003 2306 3235
5826 2 2 4 49 2920 2436 3237
5827 2 2 4 49 2607 3191 3333
5828 2 2 4 49 2280 3035 3146
5829 2 2 4 49 2704 3047 3112
5830 2 2 4 49 3047 2339 3112
5831 2 2 4 49 2430 2901 3289
5832 2 2 4 49 2926 2464 3248
5833 2 2 4 49 878 3178 3239
5834 2 2 4 49 2525 2942 3298
5835 2 2 4 49 3178 2604 3239
5836 2 2 4 49 2516 3291 3292
5837 2 2 4 49 3291 2662 3292
5838 2 2 4 49 2942 2285 3298
5839 2 2 4 49 3041 2452 3254
5840 2 2 4 49 2548 2884 3348
5841 2 2 4 49 3032 2628 3173
5842 2 2 4 49 2415 3032 3173
5843 2 2 4 49 809 2947 3240
5844 2 2 4 49 804 2999 3167
5845 2 2 4 49 2917 2574 3275
5846 2 2 4 49 2526 2955 3315
5847 2 2 4 49 2550 3065 3130
5848 2 2 4 49 890 2987 3180
5849 2 2 4 49 2954 2527 3318
5850 2 2 4 49 2994 2361 3280
5851 2 2 4 49 3122 2548 3348
5852 2 2 4 49 2267 3209 3236
5853 2 2 4 49 3209 2608 3236
5854 2 2 4 49 2534 2994 3280
5855 2 2 4 49 2971 2463 3208
5856 2 2 4 49 2601 3010 3171
5857 2 2 4 49 2457 2915 3305
5858 2 2 4 49 829 2943 3242
5859 2 2 4 49 2946 860 3241
5860 2 2 4 49 2934 2515 3371
5861 2 2 4 49 2271 3234 3362
5862 2 2 4 49 2358 2917 3312
5863 2 2 4 49 3025 2499 3166
5864 2 2 4 49 2532 3110 3157
5865 2 2 4 49 3110 2550 3157
5866 2 2 4 49 2955 2295 3315
5867 2 2 4 49 3077 2566 3143
5868 2 2 4 49 3063 789 3227
5869 2 2 4 49 2478 3077 3143
5870 2 2 4 49 2296 2954 3318
5871 2 2 4 49 3133 2524 3319
5872 2 2 4 49 2269 3083 3251
5873 2 2 4 49 3009 2512 3306
5874 2 2 4 49 2549 3063 3227
5875 2 2 4 49 3175 2599 3287
5876 2 2 4 49 2930 2609 3304
5877 2 2 4 49 3360 2720 3367
5878 2 2 4 49 3086 2274 3217
5879 2 2 4 49 2719 3359 3368
5880 2 2 4 49 2275 3088 3219
5881 2 2 4 49 2282 2995 3288
5882 2 2 4 49 868 3360 3367
5883 2 2 4 49 3359 837 3368
5884 2 2 4 49 3027 2501 3183
5885 2 2 4 49 2707 3086 3217
5886 2 2 4 49 3088 2708 3219
5887 2 2 4 49 2502 3028 3184
5888 2 2 4 49 2375 2919 3342
5889 2 2 4 49 3089 2360 3192
5890 2 2 4 49 3168 2519 3374
5891 2 2 4 49 2547 3089 3192
5892 2 2 4 49 2364 3011 3334
5893 2 2 4 49 3013 2365 3335
5894 2 2 4 49 3011 2553 3334
5895 2 2 4 49 3096 2364 3334
5896 2 2 4 49 2365 3097 3335
5897 2 2 4 49 2554 3013 3335
5898 2 2 4 49 2357 3175 3287
5899 2 2 4 49 2929 885 3338
5900 2 2 4 49 3191 2359 3333
5901 2 2 4 49 3130 2284 3157
5902 2 2 4 49 2624 3063 3214
5903 2 2 4 49 3063 2549 3214
5904 2 2 4 49 2550 3130 3157
5905 2 2 4 49 2560 3000 3289
5906 2 2 4 49 3000 2430 3289
5907 2 2 4 49 3024 2282 3288
5908 2 2 4 49 3134 2273 3276
5909 2 2 4 49 2306 3014 3235
5910 2 2 4 49 3140 2548 3160
5911 2 2 4 49 2533 3140 3160
5912 2 2 4 49 2615 3228 3281
5913 2 2 4 49 3228 2291 3281
5914 2 2 4 49 2579 3060 3237
5915 2 2 4 49 2556 3109 3322
5916 2 2 4 49 3009 2281 3351
5917 2 2 4 49 2386 3046 3226
5918 2 2 4 49 2266 2934 3371
5919 2 2 4 49 2779 3125 3202
5920 2 2 4 49 3125 2316 3202
5921 2 2 4 49 2511 2992 3328
5922 2 2 4 49 3065 2550 3364
5923 2 2 4 49 3081 2547 3177
5924 2 2 4 49 2313 3081 3177
5925 2 2 4 49 3012 2513 3321
5926 2 2 4 49 2490 3030 3244
5927 2 2 4 49 3031 2348 3284
5928 2 2 4 49 3046 2520 3226
5929 2 2 4 49 2972 2272 3361
5930 2 2 4 49 2530 3031 3284
5931 2 2 4 49 2369 2973 3336
5932 2 2 4 49 3168 2351 3299
5933 2 2 4 49 2595 3168 3299
5934 2 2 4 49 2667 3024 3288
5935 2 2 4 49 2988 875 3326
5936 2 2 4 49 2281 3009 3306
5937 2 2 4 49 3026 2442 3372
5938 2 2 4 49 2555 3026 3372
5939 2 2 4 49 3270 2615 3280
5940 2 2 4 49 2361 3270 3280
5941 2 2 4 49 840 2966 3363
5942 2 2 4 49 3087 2595 3225
5943 2 2 4 49 3014 2669 3342
5944 2 2 4 49 2388 3087 3225
5945 2 2 4 49 2574 3158 3275
5946 2 2 4 49 3158 2305 3275
5947 2 2 4 49 2537 3040 3301
5948 2 2 4 49 3270 2361 3301
5949 2 2 4 49 2273 3095 3252
5950 2 2 4 49 2780 3134 3276
5951 2 2 4 49 2510 3045 3339
5952 2 2 4 49 2533 3058 3356
5953 2 2 4 49 3044 2537 3320
5954 2 2 4 49 2660 3206 3207
5955 2 2 4 49 2347 3073 3295
5956 2 2 4 49 2332 3044 3320
5957 2 2 4 49 3206 2509 3207
5958 2 2 4 49 3099 2506 3223
5959 2 2 4 49 3073 2539 3295
5960 2 2 4 49 3083 2656 3251
5961 2 2 4 49 3211 2343 3348
5962 2 2 4 49 3079 2334 3355
5963 2 2 4 49 3131 2343 3211
5964 2 2 4 49 3128 2491 3307
5965 2 2 4 49 3280 2615 3281
5966 2 2 4 49 3084 2293 3263
5967 2 2 4 49 2534 3280 3281
5968 2 2 4 49 2331 3260 3322
5969 2 2 4 49 2519 3168 3272
5970 2 2 4 49 3260 2619 3322
5971 2 2 4 49 2359 3114 3352
5972 2 2 4 49 2281 3120 3351
5973 2 2 4 49 3225 2595 3299
5974 2 2 4 49 2569 3225 3299
5975 2 2 4 49 2619 3290 3322
5976 2 2 4 49 3290 2556 3322
5977 2 2 4 49 3058 2335 3356
5978 2 2 4 49 2500 3164 3252
5979 2 2 4 49 2532 3079 3355
5980 2 2 4 49 3168 2595 3272
5981 2 2 4 49 2343 3122 3348
5982 2 2 4 49 3282 2355 3323
5983 2 2 4 49 2679 3282 3323
5984 2 2 4 49 2349 3256 3297
5985 2 2 4 49 2543 3255 3258
5986 2 2 4 49 3255 2616 3258
5987 2 2 4 49 3256 2585 3297
5988 2 2 4 49 2702 3293 3316
5989 2 2 4 49 3120 2602 3351
5990 2 2 4 49 3132 2351 3374
5991 2 2 4 49 3294 2696 3317
5992 2 2 4 49 2392 3290 3325
5993 2 2 4 49 3186 2697 3341
5994 2 2 4 49 3144 2606 3352
5995 2 2 4 49 2351 3168 3374
5996 2 2 4 49 3300 2276 3321
5997 2 2 4 49 2801 3300 3321
5998 2 2 4 49 2608 3132 3374
5999 2 2 4 49 2269 3186 3341
6000 2 2 4 49 2947 809 3156
6001 2 2 4 49 2335 3354 3356
6002 2 2 4 49 3354 2685 3356
6003 2 2 4 49 3293 2528 3316
6004 2 2 4 49 2529 3294 3317
6005 2 2 4 49 3290 2619 3325
6006 2 2 4 49 2353 3353 3377
6007 2 2 4 49 3353 2644 3377
6008 2 2 4 49 2606 3333 3352
6009 2 2 4 49 3333 2359 3352
6010 2 2 4 49 2370 3340 3347
6011 2 2 4 49 3340 2703 3347
6012 2 2 4 49 809 808 3156
6013 2 2 2 50 93 897 1
6014 2 2 2 50 898 94 3
6015 2 2 2 50 897 93 3379
6016 2 2 2 50 93 2 3379
6017 2 2 2 50 94 898 3379
6018 2 2 2 50 2 94 3379
6019 2 2 2 50 898 77 3379
6020 2 2 2 50 77 897 3379
6021 2 2 3 51 74 87 808
6022 2 2 3 51 79 1083 779
6023 2 2 3 51 837 967 83
6024 2 2 3 51 1102 87 807
6025 2 2 3 51 808 87 988
6026 2 2 3 51 779 1083 780
6027 2 2 3 51 780 1084 781
6028 2 2 3 51 1084 780 1083
6029 2 2 3 51 781 1084 782
6030 2 2 3 51 782 1085 783
6031 2 2 3 51 1084 1085 782
6032 2 2 3 51 783 1086 784
6033 2 2 3 51 1085 1086 783
6034 2 2 3 51 784 1087 785
6035 2 2 3 51 1086 1087 784
6036 2 2 3 51 785 1087 786
6037 2 2 3 51 786 1088 787
6038 2 2 3 51 1087 1088 786
6039 2 2 3 51 787 1089 788
6040 2 2 3 51 1088 1089 787
6041 2 2 3 51 788 1089 789
6042 2 2 3 51 789 1090 790
6043 2 2 3 51 1089 1090 789
6044 2 2 3 51 790 1091 791
6045 2 2 3 51 1090 1091 790
6046 2 2 3 51 791 1092 792
6047 2 2 3 51 1091 1092 791
6048 2 2 3 51 792 1092 793
6049 2 2 3 51 793 1093 794
6050 2 2 3 51 1092 1093 793
6051 2 2 3 51 794 1094 795
6052 2 2 3 51 1093 1094 794
6053 2 2 3 51 795 1094 796
6054 2 2 3 51 796 1095 797
6055 2 2 3 51 1094 1095 796
6056 2 2 3 51 797 1096 798
6057 2 2 3 51 1095 1096 797
6058 2 2 3 51 798 1097 799
6059 2 2 3 51 1096 1097 798
6060 2 2 3 51 799 1097 800
6061 2 2 3 51 800 1098 801
6062 2 2 3 51 1097 1098 800
6063 2 2 3 51 801 1099 802
6064 2 2 3 51 1098 1099 801
6065 2 2 3 51 802 1099 803
6066 2 2 3 51 803 1100 804
6067 2 2 3 51 1099 1100 803
6068 2 2 3 51 1101 805 804
6069 2 2 3 51 1100 1101 804
6070 2 2 3 51 1102 806 805
6071 2 2 3 51 1101 1102 805
6072 2 2 3 51 1102 807 806
6073 2 2 3 51 988 809 808
6074 2 2 3 51 987 810 809
6075 2 2 3 51 809 988 987
6076 2 2 3 51 810 986 811
6077 2 2 3 51 810 987 986
6078 2 2 3 51 811 986 812
6079 2 2 3 51 985 813 812
6080 2 2 3 51 812 986 985
6081 2 2 3 51 984 814 813
6082 2 2 3 51 813 985 984
6083 2 2 3 51 983 815 814
6084 2 2 3 51 814 984 983
6085 2 2 3 51 815 983 816
6086 2 2 3 51 982 817 816
6087 2 2 3 51 816 983 982
6088 2 2 3 51 981 818 817
6089 2 2 3 51 817 982 981
6090 2 2 3 51 980 819 818
6091 2 2 3 51 818 981 980
6092 2 2 3 51 980 820 819
6093 2 2 3 51 979 821 820
6094 2 2 3 51 820 980 979
6095 2 2 3 51 978 822 821
6096 2 2 3 51 821 979 978
6097 2 2 3 51 823 822 977
6098 2 2 3 51 822 978 977
6099 2 2 3 51 977 824 823
6100 2 2 3 51 976 825 824
6101 2 2 3 51 824 977 976
6102 2 2 3 51 975 826 825
6103 2 2 3 51 825 976 975
6104 2 2 3 51 975 827 826
6105 2 2 3 51 974 828 827
6106 2 2 3 51 827 975 974
6107 2 2 3 51 973 829 828
6108 2 2 3 51 828 974 973
6109 2 2 3 51 972 830 829
6110 2 2 3 51 829 973 972
6111 2 2 3 51 830 972 831
6112 2 2 3 51 971 832 831
6113 2 2 3 51 972 971 831
6114 2 2 3 51 970 833 832
6115 2 2 3 51 832 971 970
6116 2 2 3 51 969 834 833
6117 2 2 3 51 833 970 969
6118 2 2 3 51 834 969 835
6119 2 2 3 51 968 836 835
6120 2 2 3 51 835 969 968
6121 2 2 3 51 836 967 837
6122 2 2 3 51 836 968 967
6123 2 2 3 51 73 79 779
6124 2 2 3 51 807 87 74
6125 2 2 3 51 83 75 837
6126 2 2 3 52 1093 1113 1114
6127 2 2 3 52 1093 1114 1094
6128 2 2 3 52 1101 1121 1122
6129 2 2 3 52 1101 1122 1102
6130 2 2 3 52 1090 1110 1111
6131 2 2 3 52 1090 1111 1091
6132 2 2 3 52 1109 1110 1090
6133 2 2 3 52 1109 1090 1089
6134 2 2 3 52 1085 1105 1106
6135 2 2 3 52 1085 1106 1086
6136 2 2 3 52 1091 1111 1112
6137 2 2 3 52 1091 1112 1092
6138 2 2 3 52 1103 3380 80
6139 2 2 3 52 3380 899 80
6140 2 2 3 52 3381 1122 88
6141 2 2 3 52 989 3381 88
6142 2 2 3 52 1114 1115 1094
6143 2 2 3 52 1115 1095 1094
6144 2 2 3 52 1112 1113 1092
6145 2 2 3 52 1115 1116 1095
6146 2 2 3 52 1102 3381 87
6147 2 2 3 52 3381 1102 1122
6148 2 2 3 52 3381 989 87
6149 2 2 3 52 3380 1083 79
6150 2 2 3 52 1083 3380 1103
6151 2 2 3 52 899 3380 79
6152 2 2 3 52 1120 1121 1101
6153 2 2 3 52 1120 1101 1100
6154 2 2 3 52 1119 1120 1100
6155 2 2 3 52 1119 1100 1099
6156 2 2 3 52 1119 1099 1098
6157 2 2 3 52 1117 1097 1116
6158 2 2 3 52 1116 1097 1096
6159 2 2 3 52 1116 1096 1095
6160 2 2 3 52 1103 1104 1083
6161 2 2 3 52 1083 1104 1084
6162 2 2 3 52 1117 1118 1098
6163 2 2 3 52 1117 1098 1097
6164 2 2 3 52 1118 1119 1098
6165 2 2 3 52 1109 1089 1108
6166 2 2 3 52 1108 1089 1088
6167 2 2 3 52 1108 1088 1087
6168 2 2 3 52 1106 1107 1087
6169 2 2 3 52 1106 1087 1086
6170 2 2 3 52 1107 1108 1087
6171 2 2 3 52 1085 1084 1104
6172 2 2 3 52 1104 1105 1085
6173 2 2 3 52 1093 1092 1113
6174 2 2 3 53 3466 3430 3473
6175 2 2 3 53 3399 3466 3473
6176 2 2 3 53 1137 3487 3617
6177 2 2 3 53 3403 3450 3600
6178 2 2 3 53 3432 3498 3508
6179 2 2 3 53 3499 3433 3509
6180 2 2 3 53 3498 3412 3508
6181 2 2 3 53 3413 3499 3509
6182 2 2 3 53 3467 3400 3507
6183 2 2 3 53 3442 3404 3503
6184 2 2 3 53 3420 3444 3532
6185 2 2 3 53 3445 3422 3533
6186 2 2 3 53 3517 3434 3563
6187 2 2 3 53 3404 3442 3587
6188 2 2 3 53 3453 3403 3600
6189 2 2 3 53 3400 3447 3605
6190 2 2 3 53 3458 908 3524
6191 2 2 3 53 998 3459 3525
6192 2 2 3 53 3563 3466 3580
6193 2 2 3 53 3382 3498 3535
6194 2 2 3 53 3473 3384 3555
6195 2 2 3 53 3535 3498 3575
6196 2 2 3 53 3522 902 3607
6197 2 2 3 53 992 3523 3608
6198 2 2 3 53 3460 3386 3538
6199 2 2 3 53 3385 3463 3542
6200 2 2 3 53 3439 3473 3555
6201 2 2 3 53 3456 3522 3607
6202 2 2 3 53 3523 3457 3608
6203 2 2 3 53 3450 3403 3590
6204 2 2 3 53 3446 3582 3612
6205 2 2 3 53 3386 3460 3559
6206 2 2 3 53 1137 1138 3487
6207 2 2 3 53 3393 3451 3529
6208 2 2 3 53 3451 3411 3529
6209 2 2 3 53 1113 3449 3511
6210 2 2 3 53 3458 3404 3491
6211 2 2 3 53 3405 3456 3492
6212 2 2 3 53 3406 3459 3493
6213 2 2 3 53 3457 3407 3494
6214 2 2 3 53 3444 3420 3552
6215 2 2 3 53 3422 3445 3553
6216 2 2 3 53 3395 3454 3536
6217 2 2 3 53 3455 3396 3537
6218 2 2 3 53 3454 3417 3536
6219 2 2 3 53 3418 3455 3537
6220 2 2 3 53 3415 3452 3497
6221 2 2 3 53 3437 3495 3518
6222 2 2 3 53 3495 3408 3518
6223 2 2 3 53 3391 3466 3563
6224 2 2 3 53 3463 3521 3542
6225 2 2 3 53 3463 3385 3634
6226 2 2 3 53 3582 3431 3612
6227 2 2 3 53 3447 3400 3577
6228 2 2 3 53 3487 3443 3617
6229 2 2 3 53 3425 3517 3563
6230 2 2 3 53 3387 3474 3508
6231 2 2 3 53 3475 3389 3509
6232 2 2 3 53 3474 3432 3508
6233 2 2 3 53 3433 3475 3509
6234 2 2 3 53 3414 3460 3538
6235 2 2 3 53 1120 3481 3573
6236 2 2 3 53 3480 1105 3572
6237 2 2 3 53 3401 3539 3578
6238 2 2 3 53 3539 3448 3578
6239 2 2 3 53 3441 3583 3589
6240 2 2 3 53 3571 3429 3581
6241 2 2 3 53 1103 3478 3572
6242 2 2 3 53 3479 1122 3573
6243 2 2 3 53 3429 3512 3581
6244 2 2 3 53 3449 3409 3511
6245 2 2 3 53 3409 3465 3511
6246 2 2 3 53 3451 3393 3518
6247 2 2 3 53 3408 3451 3518
6248 2 2 3 53 3426 3465 3506
6249 2 2 3 53 3507 3400 3605
6250 2 2 3 53 3460 3394 3541
6251 2 2 3 53 3416 3460 3541
6252 2 2 3 53 1112 1111 3470
6253 2 2 3 53 3461 3397 3660
6254 2 2 3 53 3393 3582 3643
6255 2 2 3 53 3409 3449 3534
6256 2 2 3 53 3425 3563 3580
6257 2 2 3 53 3513 3393 3643
6258 2 2 3 53 3449 1113 3618
6259 2 2 3 53 3414 3540 3548
6260 2 2 3 53 1121 1120 3573
6261 2 2 3 53 1105 1104 3572
6262 2 2 3 53 3540 3443 3548
6263 2 2 3 53 3451 3408 3530
6264 2 2 3 53 3403 3488 3590
6265 2 2 3 53 3488 3440 3590
6266 2 2 3 53 3503 1125 3604
6267 2 2 3 53 3492 3387 3526
6268 2 2 3 53 3389 3494 3527
6269 2 2 3 53 3456 3405 3522
6270 2 2 3 53 3404 3458 3524
6271 2 2 3 53 3407 3457 3523
6272 2 2 3 53 3459 3406 3525
6273 2 2 3 53 1140 3515 3663
6274 2 2 3 53 3493 3390 3497
6275 2 2 3 53 3411 3451 3542
6276 2 2 3 53 3465 3409 3506
6277 2 2 3 53 3429 3571 3623
6278 2 2 3 53 1127 1128 3486
6279 2 2 3 53 1104 1103 3572
6280 2 2 3 53 1122 1121 3573
6281 2 2 3 53 3452 3415 3545
6282 2 2 3 53 1112 3470 3618
6283 2 2 3 53 1140 1141 3515
6284 2 2 3 53 3417 3454 3661
6285 2 2 3 53 3447 3514 3605
6286 2 2 3 53 3415 3462 3544
6287 2 2 3 53 3403 3453 3664
6288 2 2 3 53 3388 3491 3587
6289 2 2 3 53 3456 3546 3646
6290 2 2 3 53 3547 3457 3647
6291 2 2 3 53 3514 3447 3571
6292 2 2 3 53 3391 3514 3571
6293 2 2 3 53 3552 3420 3569
6294 2 2 3 53 3422 3553 3570
6295 2 2 3 53 3435 3505 3541
6296 2 2 3 53 3435 3462 3502
6297 2 2 3 53 3454 3395 3552
6298 2 2 3 53 3396 3455 3553
6299 2 2 3 53 3455 3418 3633
6300 2 2 3 53 3505 3416 3541
6301 2 2 3 53 3454 3552 3569
6302 2 2 3 53 3553 3455 3570
6303 2 2 3 53 3471 3387 3508
6304 2 2 3 53 3389 3472 3509
6305 2 2 3 53 3394 3460 3548
6306 2 2 3 53 3412 3471 3508
6307 2 2 3 53 3472 3413 3509
6308 2 2 3 53 3460 3414 3548
6309 2 2 3 53 908 3458 3601
6310 2 2 3 53 3459 998 3602
6311 2 2 3 53 3510 3446 3612
6312 2 2 3 53 3500 3388 3587
6313 2 2 3 53 3401 3468 3665
6314 2 2 3 53 3496 3461 3660
6315 2 2 3 53 901 902 3522
6316 2 2 3 53 992 991 3523
6317 2 2 3 53 908 909 3524
6318 2 2 3 53 999 998 3525
6319 2 2 3 53 3460 3416 3559
6320 2 2 3 53 3404 3476 3503
6321 2 2 3 53 3408 3519 3584
6322 2 2 3 53 3504 3429 3623
6323 2 2 3 53 3546 3456 3607
6324 2 2 3 53 3457 3547 3608
6325 2 2 3 53 3383 3461 3668
6326 2 2 3 53 1132 1133 3482
6327 2 2 3 53 3411 3464 3520
6328 2 2 3 53 3464 3382 3520
6329 2 2 3 53 3486 3437 3513
6330 2 2 3 53 3486 1128 3609
6331 2 2 3 53 3423 3467 3613
6332 2 2 3 53 3468 3424 3614
6333 2 2 3 53 3442 3503 3604
6334 2 2 3 53 3499 3383 3549
6335 2 2 3 53 3408 3495 3519
6336 2 2 3 53 3583 3384 3589
6337 2 2 3 53 1124 1125 3503
6338 2 2 3 53 3543 3441 3589
6339 2 2 3 53 3461 3383 3579
6340 2 2 3 53 3397 3461 3586
6341 2 2 3 53 3468 3490 3665
6342 2 2 3 53 3526 3387 3560
6343 2 2 3 53 3389 3527 3561
6344 2 2 3 53 3430 3466 3581
6345 2 2 3 53 3466 3391 3581
6346 2 2 3 53 3409 3489 3506
6347 2 2 3 53 3480 3405 3526
6348 2 2 3 53 3407 3481 3527
6349 2 2 3 53 3423 3480 3526
6350 2 2 3 53 3481 3424 3527
6351 2 2 3 53 3474 3419 3550
6352 2 2 3 53 3421 3475 3551
6353 2 2 3 53 3464 3411 3521
6354 2 2 3 53 3398 3464 3521
6355 2 2 3 53 3462 3415 3650
6356 2 2 3 53 3462 3435 3596
6357 2 2 3 53 3478 3405 3572
6358 2 2 3 53 3407 3479 3573
6359 2 2 3 53 3483 3402 3603
6360 2 2 3 53 3476 3404 3524
6361 2 2 3 53 3405 3478 3522
6362 2 2 3 53 3406 3477 3525
6363 2 2 3 53 3479 3407 3523
6364 2 2 3 53 3470 3425 3580
6365 2 2 3 53 3477 3406 3515
6366 2 2 3 53 3493 3497 3630
6367 2 2 3 53 3436 3483 3603
6368 2 2 3 53 3420 3601 3648
6369 2 2 3 53 3602 3422 3649
6370 2 2 3 53 3383 3499 3501
6371 2 2 3 53 3405 3480 3572
6372 2 2 3 53 3481 3407 3573
6373 2 2 3 53 3478 1103 3641
6374 2 2 3 53 1122 3479 3642
6375 2 2 3 53 3520 3431 3529
6376 2 2 3 53 3411 3520 3529
6377 2 2 3 53 3437 3486 3609
6378 2 2 3 53 3473 3439 3621
6379 2 2 3 53 3399 3473 3621
6380 2 2 3 53 3384 3473 3589
6381 2 2 3 53 3499 3549 3576
6382 2 2 3 53 3544 3462 3596
6383 2 2 3 53 3498 3382 3504
6384 2 2 3 53 3415 3487 3644
6385 2 2 3 53 3500 3410 3619
6386 2 2 3 53 3420 3532 3601
6387 2 2 3 53 3533 3422 3602
6388 2 2 3 53 3451 3530 3542
6389 2 2 3 53 3530 3385 3542
6390 2 2 3 53 1129 1130 3495
6391 2 2 3 53 3467 3423 3566
6392 2 2 3 53 3424 3468 3567
6393 2 2 3 53 3400 3467 3566
6394 2 2 3 53 3468 3401 3567
6395 2 2 3 53 3515 3452 3663
6396 2 2 3 53 904 3484 3546
6397 2 2 3 53 3485 994 3547
6398 2 2 3 53 3556 3423 3613
6399 2 2 3 53 3424 3557 3614
6400 2 2 3 53 3519 3438 3584
6401 2 2 3 53 1127 3486 3531
6402 2 2 3 53 3499 3413 3501
6403 2 2 3 53 3382 3464 3585
6404 2 2 3 53 3489 3392 3506
6405 2 2 3 53 3502 3462 3650
6406 2 2 3 53 3390 3502 3650
6407 2 2 3 53 3465 3426 3558
6408 2 2 3 53 3464 3398 3597
6409 2 2 3 53 3546 3419 3646
6410 2 2 3 53 3421 3547 3647
6411 2 2 3 53 3516 1135 3540
6412 2 2 3 53 1105 3480 3556
6413 2 2 3 53 3481 1120 3557
6414 2 2 3 53 3619 3410 3643
6415 2 2 3 53 3400 3471 3577
6416 2 2 3 53 3472 3401 3578
6417 2 2 3 53 3425 3470 3562
6418 2 2 3 53 3470 1111 3562
6419 2 2 3 53 1135 1136 3540
6420 2 2 3 53 3410 3486 3513
6421 2 2 3 53 3496 3416 3668
6422 2 2 3 53 3461 3496 3668
6423 2 2 3 53 3483 3436 3624
6424 2 2 3 53 3473 3430 3589
6425 2 2 3 53 3434 3514 3563
6426 2 2 3 53 1110 1109 3517
6427 2 2 3 53 3483 3386 3631
6428 2 2 3 53 3440 3483 3631
6429 2 2 3 53 1114 1113 3511
6430 2 2 3 53 3427 3501 3588
6431 2 2 3 53 3402 3483 3645
6432 2 2 3 53 3438 3482 3616
6433 2 2 3 53 3428 3528 3564
6434 2 2 3 53 3474 3387 3592
6435 2 2 3 53 3389 3475 3593
6436 2 2 3 53 3513 3437 3638
6437 2 2 3 53 3530 3469 3667
6438 2 2 3 53 3466 3399 3580
6439 2 2 3 53 3482 3438 3598
6440 2 2 3 53 3402 3554 3616
6441 2 2 3 53 3511 3465 3635
6442 2 2 3 53 3412 3498 3504
6443 2 2 3 53 3486 3410 3531
6444 2 2 3 53 3471 3400 3566
6445 2 2 3 53 3401 3472 3567
6446 2 2 3 53 3482 3402 3616
6447 2 2 3 53 3387 3471 3560
6448 2 2 3 53 3472 3389 3561
6449 2 2 3 53 3554 3469 3616
6450 2 2 3 53 1132 3482 3598
6451 2 2 3 53 3474 3550 3594
6452 2 2 3 53 3551 3475 3595
6453 2 2 3 53 3545 3415 3644
6454 2 2 3 53 3406 3493 3630
6455 2 2 3 53 3419 3474 3592
6456 2 2 3 53 3475 3421 3593
6457 2 2 3 53 3495 1130 3519
6458 2 2 3 53 3385 3530 3667
6459 2 2 3 53 3428 3564 3610
6460 2 2 3 53 3532 3444 3625
6461 2 2 3 53 3445 3533 3626
6462 2 2 3 53 3398 3521 3627
6463 2 2 3 53 3521 3463 3627
6464 2 2 3 53 3386 3483 3538
6465 2 2 3 53 3471 3412 3577
6466 2 2 3 53 3413 3472 3578
6467 2 2 3 53 3432 3474 3594
6468 2 2 3 53 3475 3433 3595
6469 2 2 3 53 3426 3506 3591
6470 2 2 3 53 3405 3492 3526
6471 2 2 3 53 3494 3407 3527
6472 2 2 3 53 3483 3440 3645
6473 2 2 3 53 3510 3417 3661
6474 2 2 3 53 3521 3411 3542
6475 2 2 3 53 3431 3520 3535
6476 2 2 3 53 3505 3383 3668
6477 2 2 3 53 3520 3382 3535
6478 2 2 3 53 3487 3415 3544
6479 2 2 3 53 3588 3501 3620
6480 2 2 3 53 1135 3516 3632
6481 2 2 3 53 3488 3403 3565
6482 2 2 3 53 3480 3423 3556
6483 2 2 3 53 3424 3481 3557
6484 2 2 3 53 3484 3419 3546
6485 2 2 3 53 3421 3485 3547
6486 2 2 3 53 1134 1135 3632
6487 2 2 3 53 3419 3484 3550
6488 2 2 3 53 3485 3421 3551
6489 2 2 3 53 3443 3487 3651
6490 2 2 3 53 3415 3497 3650
6491 2 2 3 53 1129 3495 3609
6492 2 2 3 53 3394 3544 3596
6493 2 2 3 53 3512 3398 3543
6494 2 2 3 53 3430 3512 3543
6495 2 2 3 53 3558 1115 3635
6496 2 2 3 53 903 904 3546
6497 2 2 3 53 994 993 3547
6498 2 2 3 53 3487 1138 3644
6499 2 2 3 53 3418 3502 3633
6500 2 2 3 53 1126 1127 3531
6501 2 2 3 53 3482 1133 3574
6502 2 2 3 53 3495 3437 3609
6503 2 2 3 53 3402 3482 3603
6504 2 2 3 53 3484 3444 3654
6505 2 2 3 53 3445 3485 3655
6506 2 2 3 53 3484 904 3670
6507 2 2 3 53 994 3485 3671
6508 2 2 3 53 3517 1109 3599
6509 2 2 3 53 3426 3490 3629
6510 2 2 3 53 3505 3435 3615
6511 2 2 3 53 3470 3580 3628
6512 2 2 3 53 3440 3488 3554
6513 2 2 3 53 1130 1131 3519
6514 2 2 3 53 3515 3406 3630
6515 2 2 3 53 3538 3483 3624
6516 2 2 3 53 1113 1112 3618
6517 2 2 3 53 3442 3500 3587
6518 2 2 3 53 3387 3492 3592
6519 2 2 3 53 3494 3389 3593
6520 2 2 3 53 3465 3558 3635
6521 2 2 3 53 3452 3515 3630
6522 2 2 3 53 3550 3395 3594
6523 2 2 3 53 3396 3551 3595
6524 2 2 3 53 3491 3388 3569
6525 2 2 3 53 3390 3493 3570
6526 2 2 3 53 1106 1105 3556
6527 2 2 3 53 1120 1119 3557
6528 2 2 3 53 3582 3446 3643
6529 2 2 3 53 3444 3484 3670
6530 2 2 3 53 3485 3445 3671
6531 2 2 3 53 3383 3501 3579
6532 2 2 3 53 3416 3496 3559
6533 2 2 3 53 3489 3409 3636
6534 2 2 3 53 3453 3583 3664
6535 2 2 3 53 3414 3516 3540
6536 2 2 3 53 3549 3505 3615
6537 2 2 3 53 906 907 3532
6538 2 2 3 53 997 996 3533
6539 2 2 3 53 3434 3507 3605
6540 2 2 3 53 3510 3388 3619
6541 2 2 3 53 3490 3426 3665
6542 2 2 3 53 3446 3510 3619
6543 2 2 3 53 3392 3489 3610
6544 2 2 3 53 3458 3491 3648
6545 2 2 3 53 3493 3459 3649
6546 2 2 3 53 3492 3456 3646
6547 2 2 3 53 3457 3494 3647
6548 2 2 3 53 1116 1115 3558
6549 2 2 3 53 3601 3458 3648
6550 2 2 3 53 3459 3602 3649
6551 2 2 3 53 3571 3447 3623
6552 2 2 3 53 1133 1134 3574
6553 2 2 3 53 3501 3427 3579
6554 2 2 3 53 3504 3382 3585
6555 2 2 3 53 3383 3505 3549
6556 2 2 3 53 3490 1117 3629
6557 2 2 3 53 3417 3535 3575
6558 2 2 3 53 3534 3449 3628
6559 2 2 3 53 3491 3404 3587
6560 2 2 3 53 3503 3476 3652
6561 2 2 3 53 3490 3468 3611
6562 2 2 3 53 1117 3490 3611
6563 2 2 3 53 3399 3534 3628
6564 2 2 3 53 1108 3507 3599
6565 2 2 3 53 3498 3432 3575
6566 2 2 3 53 3433 3499 3576
6567 2 2 3 53 3500 3442 3662
6568 2 2 3 53 3410 3500 3662
6569 2 2 3 53 3391 3571 3581
6570 2 2 3 53 3487 3544 3651
6571 2 2 3 53 3392 3564 3588
6572 2 2 3 53 1110 3517 3562
6573 2 2 3 53 907 908 3601
6574 2 2 3 53 998 997 3602
6575 2 2 3 53 3469 3530 3584
6576 2 2 3 53 1109 1108 3599
6577 2 2 3 53 3438 3519 3598
6578 2 2 3 53 3519 1131 3598
6579 2 2 3 53 3397 3568 3600
6580 2 2 3 53 1111 1110 3562
6581 2 2 3 53 3497 3390 3650
6582 2 2 3 53 3568 3453 3600
6583 2 2 3 53 3423 3526 3560
6584 2 2 3 53 3527 3424 3561
6585 2 2 3 53 906 3532 3625
6586 2 2 3 53 3533 996 3626
6587 2 2 3 53 904 905 3670
6588 2 2 3 53 995 994 3671
6589 2 2 3 53 3558 3426 3629
6590 2 2 3 53 3497 3452 3630
6591 2 2 3 53 3434 3517 3599
6592 2 2 3 53 3514 3391 3563
6593 2 2 3 53 3517 3425 3562
6594 2 2 3 53 3565 3441 3627
6595 2 2 3 53 3463 3565 3627
6596 2 2 3 53 3392 3588 3669
6597 2 2 3 53 3580 3399 3628
6598 2 2 3 53 3528 3427 3564
6599 2 2 3 53 3429 3504 3585
6600 2 2 3 53 3388 3500 3619
6601 2 2 3 53 3529 3431 3582
6602 2 2 3 53 3393 3529 3582
6603 2 2 3 53 3432 3536 3575
6604 2 2 3 53 3537 3433 3576
6605 2 2 3 53 3397 3528 3568
6606 2 2 3 53 3536 3417 3575
6607 2 2 3 53 3418 3537 3576
6608 2 2 3 53 3550 3484 3654
6609 2 2 3 53 3485 3551 3655
6610 2 2 3 53 1114 3511 3635
6611 2 2 3 53 3501 3413 3620
6612 2 2 3 53 3528 3428 3568
6613 2 2 3 53 1124 3503 3652
6614 2 2 3 53 1126 3531 3604
6615 2 2 3 53 3512 3430 3581
6616 2 2 3 53 3506 3392 3591
6617 2 2 3 53 3390 3570 3633
6618 2 2 3 53 3384 3583 3606
6619 2 2 3 53 3584 3438 3616
6620 2 2 3 53 3469 3584 3616
6621 2 2 3 53 3502 3418 3615
6622 2 2 3 53 3435 3502 3615
6623 2 2 3 53 3398 3512 3597
6624 2 2 3 53 3528 3397 3586
6625 2 2 3 53 3428 3555 3606
6626 2 2 3 53 1118 3611 3614
6627 2 2 3 53 3426 3539 3665
6628 2 2 3 53 3450 3631 3637
6629 2 2 3 53 3530 3408 3584
6630 2 2 3 53 3502 3390 3633
6631 2 2 3 53 3507 1108 3666
6632 2 2 3 53 1138 1139 3644
6633 2 2 3 53 81 1123 3639
6634 2 2 3 53 1142 89 3640
6635 2 2 3 53 1103 80 3641
6636 2 2 3 53 88 1122 3642
6637 2 2 3 53 910 81 3639
6638 2 2 3 53 89 1000 3640
6639 2 2 3 53 80 900 3641
6640 2 2 3 53 990 88 3642
6641 2 2 3 53 3583 3453 3606
6642 2 2 3 53 3568 3428 3606
6643 2 2 3 53 3560 3471 3566
6644 2 2 3 53 3472 3561 3567
6645 2 2 3 53 3427 3528 3586
6646 2 2 3 53 3507 3434 3599
6647 2 2 3 53 3549 3418 3576
6648 2 2 3 53 3417 3510 3612
6649 2 2 3 53 1117 1116 3629
6650 2 2 3 53 3574 1134 3632
6651 2 2 3 53 3512 3429 3597
6652 2 2 3 53 3412 3504 3623
6653 2 2 3 53 3416 3505 3668
6654 2 2 3 53 3516 3414 3624
6655 2 2 3 53 3436 3516 3624
6656 2 2 3 53 3604 3531 3662
6657 2 2 3 53 3488 3634 3667
6658 2 2 3 53 1119 1118 3614
6659 2 2 3 53 1107 1106 3613
6660 2 2 3 53 3611 3468 3614
6661 2 2 3 53 3570 3455 3633
6662 2 2 3 53 1108 1107 3666
6663 2 2 3 53 3488 3565 3634
6664 2 2 3 53 3423 3560 3566
6665 2 2 3 53 3561 3424 3567
6666 2 2 3 53 3450 3590 3631
6667 2 2 3 53 3569 3388 3661
6668 2 2 3 53 1139 1140 3663
6669 2 2 3 53 3514 3434 3605
6670 2 2 3 53 1118 1117 3611
6671 2 2 3 53 3467 3507 3666
6672 2 2 3 53 3554 3402 3645
6673 2 2 3 53 3435 3541 3596
6674 2 2 3 53 3541 3394 3596
6675 2 2 3 53 1139 3545 3644
6676 2 2 3 53 1131 1132 3598
6677 2 2 3 53 3477 3515 3653
6678 2 2 3 53 3543 3398 3627
6679 2 2 3 53 3441 3543 3627
6680 2 2 3 53 3439 3534 3621
6681 2 2 3 53 3534 3399 3621
6682 2 2 3 53 3446 3619 3643
6683 2 2 3 53 3388 3510 3661
6684 2 2 3 53 3515 1141 3653
6685 2 2 3 53 3539 3426 3591
6686 2 2 3 53 3536 3432 3594
6687 2 2 3 53 3433 3537 3595
6688 2 2 3 53 1125 1126 3604
6689 2 2 3 53 3535 3417 3612
6690 2 2 3 53 3634 3385 3667
6691 2 2 3 53 902 903 3607
6692 2 2 3 53 993 992 3608
6693 2 2 3 53 1128 1129 3609
6694 2 2 3 53 3393 3513 3638
6695 2 2 3 53 3532 907 3601
6696 2 2 3 53 997 3533 3602
6697 2 2 3 53 3395 3536 3594
6698 2 2 3 53 3537 3396 3595
6699 2 2 3 53 3410 3513 3643
6700 2 2 3 53 3516 3436 3632
6701 2 2 3 53 3430 3543 3589
6702 2 2 3 53 901 3522 3657
6703 2 2 3 53 3523 991 3659
6704 2 2 3 53 3524 909 3656
6705 2 2 3 53 999 3525 3658
6706 2 2 3 53 3518 3393 3638
6707 2 2 3 53 903 3546 3607
6708 2 2 3 53 3547 993 3608
6709 2 2 3 53 3437 3518 3638
6710 2 2 3 53 1136 1137 3617
6711 2 2 3 53 3522 3478 3657
6712 2 2 3 53 3476 3524 3656
6713 2 2 3 53 3479 3523 3659
6714 2 2 3 53 3525 3477 3658
6715 2 2 3 53 905 906 3625
6716 2 2 3 53 996 995 3626
6717 2 2 3 53 1115 1114 3635
6718 2 2 3 53 3545 1139 3663
6719 2 2 3 53 3454 3569 3661
6720 2 2 3 53 3443 3540 3617
6721 2 2 3 53 1141 1142 3653
6722 2 2 3 53 1123 1124 3652
6723 2 2 3 53 3540 1136 3617
6724 2 2 3 53 3431 3535 3612
6725 2 2 3 53 3534 3439 3636
6726 2 2 3 53 3409 3534 3636
6727 2 2 3 53 3439 3622 3636
6728 2 2 3 53 909 910 3656
6729 2 2 3 53 1000 999 3658
6730 2 2 3 53 900 901 3657
6731 2 2 3 53 991 990 3659
6732 2 2 3 53 3622 3489 3636
6733 2 2 3 53 3564 3392 3610
6734 2 2 3 53 3448 3588 3620
6735 2 2 3 53 3585 3464 3597
6736 2 2 3 53 3429 3585 3597
6737 2 2 3 53 3531 3410 3662
6738 2 2 3 53 3448 3539 3669
6739 2 2 3 53 3394 3548 3651
6740 2 2 3 53 3548 3443 3651
6741 2 2 3 53 3564 3427 3588
6742 2 2 3 53 3579 3427 3586
6743 2 2 3 53 1107 3613 3666
6744 2 2 3 53 3444 3552 3654
6745 2 2 3 53 3553 3445 3655
6746 2 2 3 53 3552 3395 3654
6747 2 2 3 53 3396 3553 3655
6748 2 2 3 53 3442 3604 3662
6749 2 2 3 53 3555 3384 3606
6750 2 2 3 53 3414 3538 3624
6751 2 2 3 53 3637 3496 3660
6752 2 2 3 53 3450 3637 3660
6753 2 2 3 53 3461 3579 3586
6754 2 2 3 53 3440 3554 3645
6755 2 2 3 53 3413 3578 3620
6756 2 2 3 53 3418 3549 3615
6757 2 2 3 53 3578 3448 3620
6758 2 2 3 53 3554 3488 3667
6759 2 2 3 53 3539 3401 3665
6760 2 2 3 53 3577 3412 3623
6761 2 2 3 53 3447 3577 3623
6762 2 2 3 53 3565 3463 3634
6763 2 2 3 53 3559 3496 3637
6764 2 2 3 53 3386 3559 3637
6765 2 2 3 53 3544 3394 3651
6766 2 2 3 53 3574 3436 3603
6767 2 2 3 53 3569 3420 3648
6768 2 2 3 53 3422 3570 3649
6769 2 2 3 53 3482 3574 3603
6770 2 2 3 53 3491 3569 3648
6771 2 2 3 53 3570 3493 3649
6772 2 2 3 53 3452 3545 3663
6773 2 2 3 53 3453 3568 3606
6774 2 2 3 53 3613 3467 3666
6775 2 2 3 53 1106 3556 3613
6776 2 2 3 53 3557 1119 3614
6777 2 2 3 53 3395 3550 3654
6778 2 2 3 53 3551 3396 3655
6779 2 2 3 53 3439 3555 3622
6780 2 2 3 53 3555 3428 3622
6781 2 2 3 53 3631 3386 3637
6782 2 2 3 53 3449 3618 3628
6783 2 2 3 53 3618 3470 3628
6784 2 2 3 53 1116 3558 3629
6785 2 2 3 53 3588 3448 3669
6786 2 2 3 53 3469 3554 3667
6787 2 2 3 53 3539 3591 3669
6788 2 2 3 53 3436 3574 3632
6789 2 2 3 53 3441 3565 3664
6790 2 2 3 53 3565 3403 3664
6791 2 2 3 53 3428 3610 3622
6792 2 2 3 53 3610 3489 3622
6793 2 2 3 53 3625 3444 3670
6794 2 2 3 53 3445 3626 3671
6795 2 2 3 53 3640 3477 3653
6796 2 2 3 53 3476 3639 3652
6797 2 2 3 53 1142 3640 3653
6798 2 2 3 53 3639 1123 3652
6799 2 2 3 53 3590 3440 3631
6800 2 2 3 53 3641 900 3657
6801 2 2 3 53 990 3642 3659
6802 2 2 3 53 910 3639 3656
6803 2 2 3 53 3640 1000 3658
6804 2 2 3 53 3478 3641 3657
6805 2 2 3 53 3639 3476 3656
6806 2 2 3 53 3642 3479 3659
6807 2 2 3 53 3477 3640 3658
6808 2 2 3 53 3583 3441 3664
6809 2 2 3 53 3419 3592 3646
6810 2 2 3 53 3593 3421 3647
6811 2 2 3 53 3592 3492 3646
6812 2 2 3 53 3494 3593 3647
6813 2 2 3 53 3397 3600 3660
6814 2 2 3 53 3600 3450 3660
6815 2 2 3 53 3591 3392 3669
6816 2 2 3 53 905 3625 3670
6817 2 2 3 53 3626 995 3671
6818 2 2 3 54 1141 1161 1162
6819 2 2 3 54 1141 1162 1142
6820 2 2 3 54 1126 1146 1147
6821 2 2 3 54 1126 1147 1127
6822 2 2 3 54 1144 1124 1143
6823 2 2 3 54 1143 1124 1123
6824 2 2 3 54 1130 1150 1151
6825 2 2 3 54 1130 1151 1131
6826 2 2 3 54 1149 1150 1130
6827 2 2 3 54 1149 1130 1129
6828 2 2 3 54 1131 1151 1152
6829 2 2 3 54 1131 1152 1132
6830 2 2 3 54 1133 1153 1154
6831 2 2 3 54 1133 1154 1134
6832 2 2 3 54 1143 3672 82
6833 2 2 3 54 3672 911 82
6834 2 2 3 54 3673 1162 90
6835 2 2 3 54 1001 3673 90
6836 2 2 3 54 1154 1155 1134
6837 2 2 3 54 1155 1135 1134
6838 2 2 3 54 1155 1156 1135
6839 2 2 3 54 1153 1132 1152
6840 2 2 3 54 1142 3673 89
6841 2 2 3 54 3673 1142 1162
6842 2 2 3 54 3673 1001 89
6843 2 2 3 54 3672 1123 81
6844 2 2 3 54 1123 3672 1143
6845 2 2 3 54 911 3672 81
6846 2 2 3 54 1160 1161 1141
6847 2 2 3 54 1160 1141 1140
6848 2 2 3 54 1159 1160 1140
6849 2 2 3 54 1159 1140 1139
6850 2 2 3 54 1159 1139 1138
6851 2 2 3 54 1157 1158 1138
6852 2 2 3 54 1157 1138 1137
6853 2 2 3 54 1158 1159 1138
6854 2 2 3 54 1156 1157 1137
6855 2 2 3 54 1156 1137 1136
6856 2 2 3 54 1145 1146 1126
6857 2 2 3 54 1145 1126 1125
6858 2 2 3 54 1148 1127 1147
6859 2 2 3 54 1149 1129 1148
6860 2 2 3 54 1148 1129 1128
6861 2 2 3 54 1148 1128 1127
6862 2 2 3 54 1144 1145 1125
6863 2 2 3 54 1144 1125 1124
6864 2 2 3 54 1156 1136 1135
6865 2 2 3 54 1133 1132 1153
6866 2 2 3 55 3762 3813 4016
6867 2 2 3 55 3763 3814 4017
6868 2 2 3 55 3775 3837 4037
6869 2 2 3 55 3776 3838 4038
6870 2 2 3 55 3698 3854 3935
6871 2 2 3 55 3697 3856 3936
6872 2 2 3 55 3758 3823 3928
6873 2 2 3 55 3759 3824 3929
6874 2 2 3 55 3694 3976 4062
6875 2 2 3 55 3693 3975 4061
6876 2 2 3 55 3725 4021 4047
6877 2 2 3 55 3726 4020 4048
6878 2 2 3 55 3805 1019 4150
6879 2 2 3 55 929 3807 4151
6880 2 2 3 55 3697 3936 4123
6881 2 2 3 55 3698 3935 4122
6882 2 2 3 55 4016 3813 4104
6883 2 2 3 55 4017 3814 4105
6884 2 2 3 55 1019 3805 3945
6885 2 2 3 55 3807 929 3947
6886 2 2 3 55 3847 3675 3901
6887 2 2 3 55 3848 3678 3900
6888 2 2 3 55 3878 3717 4004
6889 2 2 3 55 3879 3718 4005
6890 2 2 3 55 4107 3895 4148
6891 2 2 3 55 3896 4106 4149
6892 2 2 3 55 3893 3694 4062
6893 2 2 3 55 3892 3693 4061
6894 2 2 3 55 3688 3998 4210
6895 2 2 3 55 3687 3997 4211
6896 2 2 3 55 3688 3889 3998
6897 2 2 3 55 3687 3888 3997
6898 2 2 3 55 3755 3850 3897
6899 2 2 3 55 3754 3902 3933
6900 2 2 3 55 3753 3903 3934
6901 2 2 3 55 3896 3703 4106
6902 2 2 3 55 3704 3895 4107
6903 2 2 3 55 3732 3937 3943
6904 2 2 3 55 3731 3938 3944
6905 2 2 3 55 3843 3721 3985
6906 2 2 3 55 3844 3722 3987
6907 2 2 3 55 3723 3845 3986
6908 2 2 3 55 3724 3846 3988
6909 2 2 3 55 3874 3721 3960
6910 2 2 3 55 3723 3877 3962
6911 2 2 3 55 3875 3722 3961
6912 2 2 3 55 3724 3876 3963
6913 2 2 3 55 3767 3874 3960
6914 2 2 3 55 3877 3769 3962
6915 2 2 3 55 3766 3875 3961
6916 2 2 3 55 3876 3768 3963
6917 2 2 3 55 3753 3851 3903
6918 2 2 3 55 3754 3852 3902
6919 2 2 3 55 3970 3794 4017
6920 2 2 3 55 3969 3793 4016
6921 2 2 3 55 4005 3718 4134
6922 2 2 3 55 4004 3717 4135
6923 2 2 3 55 4021 3800 4047
6924 2 2 3 55 4020 3799 4048
6925 2 2 3 55 959 958 3867
6926 2 2 3 55 1155 1154 3868
6927 2 2 3 55 914 3844 3987
6928 2 2 3 55 1021 3843 3985
6929 2 2 3 55 3846 1004 3988
6930 2 2 3 55 3845 931 3986
6931 2 2 3 55 3839 3683 3914
6932 2 2 3 55 3840 3684 3912
6933 2 2 3 55 3686 3842 3913
6934 2 2 3 55 3685 3841 3915
6935 2 2 3 55 3720 3936 4259
6936 2 2 3 55 3719 3935 4257
6937 2 2 3 55 3936 3856 4259
6938 2 2 3 55 3935 3854 4257
6939 2 2 3 55 4178 3734 4192
6940 2 2 3 55 4180 3733 4191
6941 2 2 3 55 4038 3838 4205
6942 2 2 3 55 4037 3837 4204
6943 2 2 3 55 3937 3779 3943
6944 2 2 3 55 3938 3780 3944
6945 2 2 3 55 3733 3857 4191
6946 2 2 3 55 3734 3858 4192
6947 2 2 3 55 3702 3970 4017
6948 2 2 3 55 3701 3969 4016
6949 2 2 3 55 3683 3839 3922
6950 2 2 3 55 3841 3685 3923
6951 2 2 3 55 3684 3840 3924
6952 2 2 3 55 3842 3686 3925
6953 2 2 3 55 3898 3764 4102
6954 2 2 3 55 3765 3899 4103
6955 2 2 3 55 3935 3719 4196
6956 2 2 3 55 3936 3720 4195
6957 2 2 3 55 3715 3882 4045
6958 2 2 3 55 3716 3883 4046
6959 2 2 3 55 3902 3693 3933
6960 2 2 3 55 3903 3694 3934
6961 2 2 3 55 3882 3784 4045
6962 2 2 3 55 3883 3783 4046
6963 2 2 3 55 3675 3833 4240
6964 2 2 3 55 3678 3834 4239
6965 2 2 3 55 3764 4018 4102
6966 2 2 3 55 4019 3765 4103
6967 2 2 3 55 3894 3757 4015
6968 2 2 3 55 3773 3865 4000
6969 2 2 3 55 3774 3866 4001
6970 2 2 3 55 3865 3695 4000
6971 2 2 3 55 3866 3696 4001
6972 2 2 3 55 3727 3895 3977
6973 2 2 3 55 3896 3728 3978
6974 2 2 3 55 3764 3926 4018
6975 2 2 3 55 3927 3765 4019
6976 2 2 3 55 4091 1143 4138
6977 2 2 3 55 4092 947 4136
6978 2 2 3 55 1162 4093 4139
6979 2 2 3 55 966 4094 4137
6980 2 2 3 55 3891 3674 3931
6981 2 2 3 55 3890 3674 3932
6982 2 2 3 55 3752 3891 3931
6983 2 2 3 55 3751 3890 3932
6984 2 2 3 55 3866 3774 3911
6985 2 2 3 55 3865 3773 3910
6986 2 2 3 55 3893 3751 3934
6987 2 2 3 55 3892 3752 3933
6988 2 2 3 55 1160 3876 4093
6989 2 2 3 55 964 3877 4094
6990 2 2 3 55 3875 1145 4091
6991 2 2 3 55 3874 949 4092
6992 2 2 3 55 3904 4047 4066
6993 2 2 3 55 3905 4048 4065
6994 2 2 3 55 3694 3893 3934
6995 2 2 3 55 3693 3892 3933
6996 2 2 3 55 3712 3866 3911
6997 2 2 3 55 3711 3865 3910
6998 2 2 3 55 3856 3697 3920
6999 2 2 3 55 3854 3698 3921
7000 2 2 3 55 3952 3752 3990
7001 2 2 3 55 3951 3751 3989
7002 2 2 3 55 4018 3926 4202
7003 2 2 3 55 3927 4019 4203
7004 2 2 3 55 3998 3786 4104
7005 2 2 3 55 3997 3785 4105
7006 2 2 3 55 3904 3725 4047
7007 2 2 3 55 3905 3726 4048
7008 2 2 3 55 3838 3935 4196
7009 2 2 3 55 3837 3936 4195
7010 2 2 3 55 3691 3827 3950
7011 2 2 3 55 3827 3738 3950
7012 2 2 3 55 3828 3736 3949
7013 2 2 3 55 959 3867 4037
7014 2 2 3 55 1155 3868 4038
7015 2 2 3 55 3838 3776 3935
7016 2 2 3 55 3837 3775 3936
7017 2 2 3 55 3815 3747 3956
7018 2 2 3 55 3748 3816 3957
7019 2 2 3 55 3701 4016 4104
7020 2 2 3 55 3702 4017 4105
7021 2 2 3 55 3834 3678 3937
7022 2 2 3 55 3833 3675 3938
7023 2 2 3 55 3894 4015 4059
7024 2 2 3 55 3710 3850 4089
7025 2 2 3 55 3850 3781 4089
7026 2 2 3 55 3857 3733 3921
7027 2 2 3 55 3858 3734 3920
7028 2 2 3 55 3813 3762 4210
7029 2 2 3 55 3814 3763 4211
7030 2 2 3 55 3721 3843 4167
7031 2 2 3 55 3845 3723 4169
7032 2 2 3 55 3722 3844 4166
7033 2 2 3 55 3846 3724 4168
7034 2 2 3 55 3761 3888 4072
7035 2 2 3 55 3760 3889 4071
7036 2 2 3 55 3747 3815 4010
7037 2 2 3 55 3816 3748 4034
7038 2 2 3 55 4111 3743 4166
7039 2 2 3 55 3745 4112 4168
7040 2 2 3 55 4113 3744 4167
7041 2 2 3 55 3746 4114 4169
7042 2 2 3 55 3851 3753 3979
7043 2 2 3 55 3852 3754 3980
7044 2 2 3 55 3890 3751 3893
7045 2 2 3 55 3891 3752 3892
7046 2 2 3 55 3680 3851 3979
7047 2 2 3 55 3826 3735 3995
7048 2 2 3 55 3825 3737 3993
7049 2 2 3 55 3736 3828 3996
7050 2 2 3 55 3738 3827 3994
7051 2 2 3 55 3814 3997 4105
7052 2 2 3 55 3813 3998 4104
7053 2 2 3 55 3735 3826 4027
7054 2 2 3 55 3737 3825 4028
7055 2 2 3 55 3730 3891 3892
7056 2 2 3 55 3729 3890 3893
7057 2 2 3 55 965 964 4094
7058 2 2 3 55 1161 1160 4093
7059 2 2 3 55 1145 1144 4091
7060 2 2 3 55 949 948 4092
7061 2 2 3 55 3859 3749 4008
7062 2 2 3 55 3750 3860 4009
7063 2 2 3 55 3696 3853 3944
7064 2 2 3 55 3695 3855 3943
7065 2 2 3 55 3839 3914 4183
7066 2 2 3 55 3915 3841 4184
7067 2 2 3 55 3840 3912 4185
7068 2 2 3 55 3913 3842 4186
7069 2 2 3 55 3914 3732 4183
7070 2 2 3 55 3734 3915 4184
7071 2 2 3 55 3912 3731 4185
7072 2 2 3 55 3733 3913 4186
7073 2 2 3 55 3761 4072 4160
7074 2 2 3 55 3760 4071 4161
7075 2 2 3 55 3970 3742 4044
7076 2 2 3 55 3969 3741 4043
7077 2 2 3 55 3860 927 4151
7078 2 2 3 55 1017 3859 4150
7079 2 2 3 55 3977 3895 4140
7080 2 2 3 55 3896 3978 4141
7081 2 2 3 55 3752 3931 3990
7082 2 2 3 55 3751 3932 3989
7083 2 2 3 55 3901 3675 4240
7084 2 2 3 55 3900 3678 4239
7085 2 2 3 55 3836 4178 4192
7086 2 2 3 55 3835 4180 4191
7087 2 2 3 55 3823 3758 4243
7088 2 2 3 55 3824 3759 4244
7089 2 2 3 55 3772 3869 4042
7090 2 2 3 55 3831 3742 3970
7091 2 2 3 55 3832 3741 3969
7092 2 2 3 55 3742 3831 4108
7093 2 2 3 55 3741 3832 4109
7094 2 2 3 55 955 3861 4073
7095 2 2 3 55 1151 3862 4074
7096 2 2 3 55 3687 3829 3974
7097 2 2 3 55 3688 3830 3973
7098 2 2 3 55 3705 3825 3993
7099 2 2 3 55 3706 3826 3995
7100 2 2 3 55 3827 3707 3994
7101 2 2 3 55 3828 3708 3996
7102 2 2 3 55 3829 4077 4249
7103 2 2 3 55 3830 4078 4250
7104 2 2 3 55 1147 3878 4004
7105 2 2 3 55 951 3879 4005
7106 2 2 3 55 3819 4091 4138
7107 2 2 3 55 3817 4092 4136
7108 2 2 3 55 4093 3820 4139
7109 2 2 3 55 4094 3818 4137
7110 2 2 3 55 3830 3688 3981
7111 2 2 3 55 3829 3687 3982
7112 2 2 3 55 3736 3835 3965
7113 2 2 3 55 3738 3836 3964
7114 2 2 3 55 3739 3848 4101
7115 2 2 3 55 3740 3847 4100
7116 2 2 3 55 3852 3716 4220
7117 2 2 3 55 3944 3780 4001
7118 2 2 3 55 3943 3779 4000
7119 2 2 3 55 3689 3825 4006
7120 2 2 3 55 3827 3691 4007
7121 2 2 3 55 3825 3705 4008
7122 2 2 3 55 3707 3827 4009
7123 2 2 3 55 3825 3689 4028
7124 2 2 3 55 3826 3706 4018
7125 2 2 3 55 3708 3828 4019
7126 2 2 3 55 3853 3696 3942
7127 2 2 3 55 3855 3695 3941
7128 2 2 3 55 3749 4097 4156
7129 2 2 3 55 4098 3750 4157
7130 2 2 3 55 3921 3698 4158
7131 2 2 3 55 3920 3697 4159
7132 2 2 3 55 3696 3944 4001
7133 2 2 3 55 3695 3943 4000
7134 2 2 3 55 3678 3848 4040
7135 2 2 3 55 3675 3847 4039
7136 2 2 3 55 3835 3736 4056
7137 2 2 3 55 3836 3738 4058
7138 2 2 3 55 948 947 4092
7139 2 2 3 55 1144 1143 4091
7140 2 2 3 55 1162 1161 4093
7141 2 2 3 55 966 965 4094
7142 2 2 3 55 3698 3939 4158
7143 2 2 3 55 3697 3940 4159
7144 2 2 3 55 3784 3882 4145
7145 2 2 3 55 3783 3883 4144
7146 2 2 3 55 4033 3772 4201
7147 2 2 3 55 3829 3982 4077
7148 2 2 3 55 3830 3981 4078
7149 2 2 3 55 3794 3970 4044
7150 2 2 3 55 3793 3969 4043
7151 2 2 3 55 3997 3814 4211
7152 2 2 3 55 3998 3813 4210
7153 2 2 3 55 3985 3721 4252
7154 2 2 3 55 3723 3986 4253
7155 2 2 3 55 3987 3722 4254
7156 2 2 3 55 3724 3988 4255
7157 2 2 3 55 3937 3732 4177
7158 2 2 3 55 3938 3731 4179
7159 2 2 3 55 3849 3703 4014
7160 2 2 3 55 3757 3849 4014
7161 2 2 3 55 3850 3710 4133
7162 2 2 3 55 3867 3775 4037
7163 2 2 3 55 3868 3776 4038
7164 2 2 3 55 1010 1009 3917
7165 2 2 3 55 919 920 3916
7166 2 2 3 55 3870 3721 4167
7167 2 2 3 55 3723 3872 4169
7168 2 2 3 55 3871 3722 4166
7169 2 2 3 55 3724 3873 4168
7170 2 2 3 55 3914 3787 4057
7171 2 2 3 55 3788 3915 4058
7172 2 2 3 55 3912 3789 4055
7173 2 2 3 55 3790 3913 4056
7174 2 2 3 55 3844 914 4111
7175 2 2 3 55 3843 1021 4113
7176 2 2 3 55 1004 3846 4112
7177 2 2 3 55 931 3845 4114
7178 2 2 3 55 3946 3743 4111
7179 2 2 3 55 3745 3948 4112
7180 2 2 3 55 3945 3744 4113
7181 2 2 3 55 3746 3947 4114
7182 2 2 3 55 3834 3937 4177
7183 2 2 3 55 3833 3938 4179
7184 2 2 3 55 3786 3998 4062
7185 2 2 3 55 3785 3997 4061
7186 2 2 3 55 3844 4111 4166
7187 2 2 3 55 4112 3846 4168
7188 2 2 3 55 3843 4113 4167
7189 2 2 3 55 4114 3845 4169
7190 2 2 3 55 3716 3852 3953
7191 2 2 3 55 3852 3980 4235
7192 2 2 3 55 3739 4101 4172
7193 2 2 3 55 3740 4100 4171
7194 2 2 3 55 3759 4125 4241
7195 2 2 3 55 3758 4124 4242
7196 2 2 3 55 3809 4013 4140
7197 2 2 3 55 917 918 3898
7198 2 2 3 55 1008 1007 3899
7199 2 2 3 55 3757 3894 3930
7200 2 2 3 55 927 928 4151
7201 2 2 3 55 1018 1017 4150
7202 2 2 3 55 3749 3983 4097
7203 2 2 3 55 3984 3750 4098
7204 2 2 3 55 4219 3851 4230
7205 2 2 3 55 4042 3869 4121
7206 2 2 3 55 913 914 3987
7207 2 2 3 55 1022 1021 3985
7208 2 2 3 55 1004 1003 3988
7209 2 2 3 55 931 932 3986
7210 2 2 3 55 3863 3678 4040
7211 2 2 3 55 3864 3675 4039
7212 2 2 3 55 3857 3741 4109
7213 2 2 3 55 3858 3742 4108
7214 2 2 3 55 3847 3740 4039
7215 2 2 3 55 3848 3739 4040
7216 2 2 3 55 3704 3869 4033
7217 2 2 3 55 3851 3680 3968
7218 2 2 3 55 3869 3772 4033
7219 2 2 3 55 1010 3917 3957
7220 2 2 3 55 3916 920 3956
7221 2 2 3 55 3772 3968 4201
7222 2 2 3 55 3882 3949 4145
7223 2 2 3 55 3883 3950 4144
7224 2 2 3 55 3754 3933 3952
7225 2 2 3 55 3753 3934 3951
7226 2 2 3 55 3747 3849 4132
7227 2 2 3 55 3882 3692 3949
7228 2 2 3 55 3883 3691 3950
7229 2 2 3 55 3859 1017 3983
7230 2 2 3 55 927 3860 3984
7231 2 2 3 55 3902 3852 4220
7232 2 2 3 55 3903 3851 4219
7233 2 2 3 55 3867 958 3967
7234 2 2 3 55 3868 1154 3966
7235 2 2 3 55 3894 3709 4225
7236 2 2 3 55 4021 3725 4226
7237 2 2 3 55 4020 3726 4227
7238 2 2 3 55 3886 3811 4214
7239 2 2 3 55 3812 3887 4215
7240 2 2 3 55 3928 3823 4046
7241 2 2 3 55 3929 3824 4045
7242 2 2 3 55 3727 3886 4214
7243 2 2 3 55 3887 3728 4215
7244 2 2 3 55 1019 1018 4150
7245 2 2 3 55 928 929 4151
7246 2 2 3 55 3791 4107 4148
7247 2 2 3 55 4106 3792 4149
7248 2 2 3 55 3885 3762 3955
7249 2 2 3 55 3884 3763 3954
7250 2 2 3 55 3980 3679 4235
7251 2 2 3 55 3849 3747 4010
7252 2 2 3 55 3681 3885 3955
7253 2 2 3 55 3682 3884 3954
7254 2 2 3 55 3703 3849 4010
7255 2 2 3 55 3914 4057 4177
7256 2 2 3 55 4058 3915 4178
7257 2 2 3 55 3912 4055 4179
7258 2 2 3 55 4056 3913 4180
7259 2 2 3 55 3868 4227 4229
7260 2 2 3 55 3867 4226 4228
7261 2 2 3 55 4101 3822 4172
7262 2 2 3 55 4100 3821 4171
7263 2 2 3 55 3850 3755 4013
7264 2 2 3 55 3861 955 4036
7265 2 2 3 55 3862 1151 4035
7266 2 2 3 55 3749 3859 3983
7267 2 2 3 55 3860 3750 3984
7268 2 2 3 55 3849 3757 4041
7269 2 2 3 55 3954 3794 4030
7270 2 2 3 55 3955 3793 4029
7271 2 2 3 55 3682 3954 4030
7272 2 2 3 55 3681 3955 4029
7273 2 2 3 55 3930 3894 4225
7274 2 2 3 55 922 923 4095
7275 2 2 3 55 1013 1012 4096
7276 2 2 3 55 3781 3850 4099
7277 2 2 3 55 3918 1014 4175
7278 2 2 3 55 924 3919 4176
7279 2 2 3 55 1148 1147 4004
7280 2 2 3 55 952 951 4005
7281 2 2 3 55 956 955 4073
7282 2 2 3 55 1152 1151 4074
7283 2 2 3 55 4013 3809 4201
7284 2 2 3 55 3886 3689 4006
7285 2 2 3 55 3691 3887 4007
7286 2 2 3 55 4102 3706 4119
7287 2 2 3 55 3708 4103 4120
7288 2 2 3 55 3897 3850 4133
7289 2 2 3 55 3721 3870 3960
7290 2 2 3 55 3722 3871 3961
7291 2 2 3 55 3872 3723 3962
7292 2 2 3 55 3873 3724 3963
7293 2 2 3 55 3890 3729 4129
7294 2 2 3 55 3891 3730 4128
7295 2 2 3 55 3711 3861 4053
7296 2 2 3 55 3712 3862 4054
7297 2 2 3 55 4095 923 4176
7298 2 2 3 55 1013 4096 4175
7299 2 2 3 55 3861 3770 4053
7300 2 2 3 55 3862 3771 4054
7301 2 2 3 55 3693 3902 4243
7302 2 2 3 55 3694 3903 4244
7303 2 2 3 55 3870 3744 4081
7304 2 2 3 55 3871 3743 4082
7305 2 2 3 55 3746 3872 4083
7306 2 2 3 55 3745 3873 4084
7307 2 2 3 55 3902 3823 4243
7308 2 2 3 55 3903 3824 4244
7309 2 2 3 55 3775 3867 4228
7310 2 2 3 55 3776 3868 4229
7311 2 2 3 55 3689 3886 4110
7312 2 2 3 55 3766 3878 4198
7313 2 2 3 55 3767 3879 4197
7314 2 2 3 55 3880 3768 4199
7315 2 2 3 55 3881 3769 4200
7316 2 2 3 55 3678 3863 4049
7317 2 2 3 55 3675 3864 4050
7318 2 2 3 55 4015 3810 4022
7319 2 2 3 55 3679 4015 4022
7320 2 2 3 55 3741 3857 4158
7321 2 2 3 55 3742 3858 4159
7322 2 2 3 55 3869 3748 4121
7323 2 2 3 55 3847 3901 4076
7324 2 2 3 55 3848 3900 4075
7325 2 2 3 55 923 924 4176
7326 2 2 3 55 1014 1013 4175
7327 2 2 3 55 3747 3916 3956
7328 2 2 3 55 3917 3748 3957
7329 2 2 3 55 4227 3726 4229
7330 2 2 3 55 4226 3725 4228
7331 2 2 3 55 4115 3705 4117
7332 2 2 3 55 3707 4116 4118
7333 2 2 3 55 3862 3712 4154
7334 2 2 3 55 3861 3711 4155
7335 2 2 3 55 4012 3759 4241
7336 2 2 3 55 4011 3758 4242
7337 2 2 3 55 3706 3908 4119
7338 2 2 3 55 3705 3906 4117
7339 2 2 3 55 3909 3708 4120
7340 2 2 3 55 3907 3707 4118
7341 2 2 3 55 3744 3870 4167
7342 2 2 3 55 3872 3746 4169
7343 2 2 3 55 3743 3871 4166
7344 2 2 3 55 3873 3745 4168
7345 2 2 3 55 3770 3861 4036
7346 2 2 3 55 3771 3862 4035
7347 2 2 3 55 3856 3920 4184
7348 2 2 3 55 3854 3921 4186
7349 2 2 3 55 4125 3832 4241
7350 2 2 3 55 4124 3831 4242
7351 2 2 3 55 949 3874 4026
7352 2 2 3 55 1145 3875 4024
7353 2 2 3 55 3876 1160 4023
7354 2 2 3 55 3877 964 4025
7355 2 2 3 55 3709 3894 4090
7356 2 2 3 55 3859 4008 4115
7357 2 2 3 55 4009 3860 4116
7358 2 2 3 55 3894 3782 4090
7359 2 2 3 55 3748 3869 4034
7360 2 2 3 55 3691 3883 3999
7361 2 2 3 55 3755 3897 4110
7362 2 2 3 55 917 3898 4193
7363 2 2 3 55 3899 1007 4194
7364 2 2 3 55 3754 3952 3991
7365 2 2 3 55 3753 3951 3992
7366 2 2 3 55 3921 3733 4186
7367 2 2 3 55 3920 3734 4184
7368 2 2 3 55 4013 3755 4140
7369 2 2 3 55 3997 3730 4061
7370 2 2 3 55 3998 3729 4062
7371 2 2 3 55 3695 3865 4051
7372 2 2 3 55 3696 3866 4052
7373 2 2 3 55 3922 3767 3960
7374 2 2 3 55 3769 3923 3962
7375 2 2 3 55 3924 3766 3961
7376 2 2 3 55 3768 3925 3963
7377 2 2 3 55 3865 3711 4053
7378 2 2 3 55 3866 3712 4054
7379 2 2 3 55 3868 3966 4227
7380 2 2 3 55 3867 3967 4226
7381 2 2 3 55 3715 4219 4230
7382 2 2 3 55 3828 3949 4203
7383 2 2 3 55 3886 3727 3977
7384 2 2 3 55 3728 3887 3978
7385 2 2 3 55 3785 3975 4011
7386 2 2 3 55 3786 3976 4012
7387 2 2 3 55 3975 3758 4011
7388 2 2 3 55 3976 3759 4012
7389 2 2 3 55 3945 3805 4117
7390 2 2 3 55 3807 3947 4118
7391 2 2 3 55 3946 3806 4119
7392 2 2 3 55 3808 3948 4120
7393 2 2 3 55 3744 3945 4117
7394 2 2 3 55 3947 3746 4118
7395 2 2 3 55 3743 3946 4119
7396 2 2 3 55 3948 3745 4120
7397 2 2 3 55 3869 3704 4034
7398 2 2 3 55 3887 3691 4251
7399 2 2 3 55 3699 3951 3989
7400 2 2 3 55 3700 3952 3990
7401 2 2 3 55 3874 3767 4026
7402 2 2 3 55 3875 3766 4024
7403 2 2 3 55 3768 3876 4023
7404 2 2 3 55 3769 3877 4025
7405 2 2 3 55 3796 4005 4134
7406 2 2 3 55 3795 4004 4135
7407 2 2 3 55 3882 3715 4060
7408 2 2 3 55 3853 4135 4256
7409 2 2 3 55 3855 4134 4258
7410 2 2 3 55 3898 3806 4193
7411 2 2 3 55 3808 3899 4194
7412 2 2 3 55 3676 3965 4191
7413 2 2 3 55 3677 3964 4192
7414 2 2 3 55 3744 3906 4081
7415 2 2 3 55 3743 3908 4082
7416 2 2 3 55 3907 3746 4083
7417 2 2 3 55 3909 3745 4084
7418 2 2 3 55 3949 3692 4203
7419 2 2 3 55 3934 3751 3951
7420 2 2 3 55 3933 3752 3952
7421 2 2 3 55 3995 3735 4055
7422 2 2 3 55 3736 3996 4056
7423 2 2 3 55 3993 3737 4057
7424 2 2 3 55 3738 3994 4058
7425 2 2 3 55 3880 1158 4086
7426 2 2 3 55 3881 962 4085
7427 2 2 3 55 3888 3730 3997
7428 2 2 3 55 3889 3729 3998
7429 2 2 3 55 3703 3896 4264
7430 2 2 3 55 3895 3704 4265
7431 2 2 3 55 1006 1005 3948
7432 2 2 3 55 915 916 3946
7433 2 2 3 55 929 930 3947
7434 2 2 3 55 1020 1019 3945
7435 2 2 3 55 3721 3874 4252
7436 2 2 3 55 3722 3875 4254
7437 2 2 3 55 3877 3723 4253
7438 2 2 3 55 3876 3724 4255
7439 2 2 3 55 3692 3882 4042
7440 2 2 3 55 3878 3766 4067
7441 2 2 3 55 3879 3767 4069
7442 2 2 3 55 3768 3880 4068
7443 2 2 3 55 3769 3881 4070
7444 2 2 3 55 3717 3878 4067
7445 2 2 3 55 3718 3879 4069
7446 2 2 3 55 3714 3885 4146
7447 2 2 3 55 3713 3884 4147
7448 2 2 3 55 3910 3773 4063
7449 2 2 3 55 3911 3774 4064
7450 2 2 3 55 3905 3776 4229
7451 2 2 3 55 3904 3775 4228
7452 2 2 3 55 3674 3890 4002
7453 2 2 3 55 3674 3891 4003
7454 2 2 3 55 3783 3928 4046
7455 2 2 3 55 3784 3929 4045
7456 2 2 3 55 3883 3716 4170
7457 2 2 3 55 4097 3811 4156
7458 2 2 3 55 3812 4098 4157
7459 2 2 3 55 1008 3899 4032
7460 2 2 3 55 3898 918 4031
7461 2 2 3 55 3764 3898 4031
7462 2 2 3 55 3899 3765 4032
7463 2 2 3 55 4002 3890 4129
7464 2 2 3 55 4003 3891 4128
7465 2 2 3 55 3965 3835 4191
7466 2 2 3 55 3964 3836 4192
7467 2 2 3 55 3878 1147 4198
7468 2 2 3 55 3879 951 4197
7469 2 2 3 55 1158 3880 4199
7470 2 2 3 55 962 3881 4200
7471 2 2 3 55 3762 3885 4078
7472 2 2 3 55 3763 3884 4077
7473 2 2 3 55 3817 3985 4252
7474 2 2 3 55 3986 3818 4253
7475 2 2 3 55 3819 3987 4254
7476 2 2 3 55 3988 3820 4255
7477 2 2 3 55 3884 3682 4063
7478 2 2 3 55 3885 3681 4064
7479 2 2 3 55 3884 3713 4077
7480 2 2 3 55 3885 3714 4078
7481 2 2 3 55 3853 3942 4135
7482 2 2 3 55 3855 3941 4134
7483 2 2 3 55 4077 3713 4249
7484 2 2 3 55 4078 3714 4250
7485 2 2 3 55 3953 3756 4170
7486 2 2 3 55 3886 3977 4110
7487 2 2 3 55 3926 3747 4132
7488 2 2 3 55 3748 3927 4121
7489 2 2 3 55 3901 3801 4076
7490 2 2 3 55 3900 3802 4075
7491 2 2 3 55 4047 3777 4066
7492 2 2 3 55 4048 3778 4065
7493 2 2 3 55 3918 3791 4148
7494 2 2 3 55 3792 3919 4149
7495 2 2 3 55 3727 3918 4148
7496 2 2 3 55 3919 3728 4149
7497 2 2 3 55 3976 3786 4062
7498 2 2 3 55 3975 3785 4061
7499 2 2 3 55 954 953 3959
7500 2 2 3 55 1150 1149 3958
7501 2 2 3 55 3756 3999 4170
7502 2 2 3 55 920 921 3956
7503 2 2 3 55 1011 1010 3957
7504 2 2 3 55 3794 3954 4017
7505 2 2 3 55 3793 3955 4016
7506 2 2 3 55 3789 3995 4055
7507 2 2 3 55 3996 3790 4056
7508 2 2 3 55 3787 3993 4057
7509 2 2 3 55 3994 3788 4058
7510 2 2 3 55 958 957 3967
7511 2 2 3 55 1154 1153 3966
7512 2 2 3 55 3931 3674 4002
7513 2 2 3 55 3932 3674 4003
7514 2 2 3 55 3760 3931 4002
7515 2 2 3 55 3761 3932 4003
7516 2 2 3 55 3756 3978 3999
7517 2 2 3 55 3980 3754 3991
7518 2 2 3 55 3979 3753 3992
7519 2 2 3 55 3782 3980 3991
7520 2 2 3 55 3781 3979 3992
7521 2 2 3 55 3811 3886 4156
7522 2 2 3 55 3887 3812 4157
7523 2 2 3 55 4072 3804 4160
7524 2 2 3 55 4071 3803 4161
7525 2 2 3 55 3888 3761 4128
7526 2 2 3 55 3889 3760 4129
7527 2 2 3 55 919 3916 4031
7528 2 2 3 55 3917 1009 4032
7529 2 2 3 55 3739 3974 4212
7530 2 2 3 55 3740 3973 4213
7531 2 2 3 55 3916 3764 4031
7532 2 2 3 55 3765 3917 4032
7533 2 2 3 55 4079 925 4098
7534 2 2 3 55 1015 4080 4097
7535 2 2 3 55 3932 3761 3989
7536 2 2 3 55 3931 3760 3990
7537 2 2 3 55 3677 4108 4124
7538 2 2 3 55 3676 4109 4125
7539 2 2 3 55 3888 3687 4072
7540 2 2 3 55 3889 3688 4071
7541 2 2 3 55 3802 3900 4248
7542 2 2 3 55 3801 3901 4247
7543 2 2 3 55 3806 4102 4119
7544 2 2 3 55 4103 3808 4120
7545 2 2 3 55 3742 3940 4044
7546 2 2 3 55 3741 3939 4043
7547 2 2 3 55 3730 3892 4061
7548 2 2 3 55 3729 3893 4062
7549 2 2 3 55 4127 3700 4161
7550 2 2 3 55 4126 3699 4160
7551 2 2 3 55 3789 3912 4164
7552 2 2 3 55 3913 3790 4165
7553 2 2 3 55 3787 3914 4162
7554 2 2 3 55 3915 3788 4163
7555 2 2 3 55 3912 3684 4164
7556 2 2 3 55 3686 3913 4165
7557 2 2 3 55 3914 3683 4162
7558 2 2 3 55 3685 3915 4163
7559 2 2 3 55 1017 1016 3983
7560 2 2 3 55 926 927 3984
7561 2 2 3 55 3782 3894 4059
7562 2 2 3 55 3730 3888 4128
7563 2 2 3 55 3729 3889 4129
7564 2 2 3 55 3680 4013 4201
7565 2 2 3 55 3780 3971 4001
7566 2 2 3 55 3779 3972 4000
7567 2 2 3 55 3759 3976 4244
7568 2 2 3 55 3758 3975 4243
7569 2 2 3 55 1006 3948 4194
7570 2 2 3 55 3946 916 4193
7571 2 2 3 55 3692 4042 4121
7572 2 2 3 55 3895 3727 4148
7573 2 2 3 55 3728 3896 4149
7574 2 2 3 55 4024 3766 4198
7575 2 2 3 55 4026 3767 4197
7576 2 2 3 55 3768 4023 4199
7577 2 2 3 55 3769 4025 4200
7578 2 2 3 55 3951 3699 3992
7579 2 2 3 55 3952 3700 3991
7580 2 2 3 55 3916 3747 4260
7581 2 2 3 55 3748 3917 4261
7582 2 2 3 55 955 954 4036
7583 2 2 3 55 1151 1150 4035
7584 2 2 3 55 3906 3705 4231
7585 2 2 3 55 3908 3706 4233
7586 2 2 3 55 3707 3907 4232
7587 2 2 3 55 3708 3909 4234
7588 2 2 3 55 3711 3910 4245
7589 2 2 3 55 3712 3911 4246
7590 2 2 3 55 3974 3829 4212
7591 2 2 3 55 3973 3830 4213
7592 2 2 3 55 4135 3717 4256
7593 2 2 3 55 4134 3718 4258
7594 2 2 3 55 3725 3904 4228
7595 2 2 3 55 3726 3905 4229
7596 2 2 3 55 3858 3920 4159
7597 2 2 3 55 3857 3921 4158
7598 2 2 3 55 3823 3902 4220
7599 2 2 3 55 3824 3903 4219
7600 2 2 3 55 3886 4006 4156
7601 2 2 3 55 4007 3887 4157
7602 2 2 3 55 3697 3904 4066
7603 2 2 3 55 3698 3905 4065
7604 2 2 3 55 3806 3946 4193
7605 2 2 3 55 3948 3808 4194
7606 2 2 3 55 3968 3772 4060
7607 2 2 3 55 3764 3916 4260
7608 2 2 3 55 3917 3765 4261
7609 2 2 3 55 3942 3696 4052
7610 2 2 3 55 3941 3695 4051
7611 2 2 3 55 3937 3678 4049
7612 2 2 3 55 3938 3675 4050
7613 2 2 3 55 3928 3677 4124
7614 2 2 3 55 3929 3676 4125
7615 2 2 3 55 3906 3787 4162
7616 2 2 3 55 3788 3907 4163
7617 2 2 3 55 3908 3789 4164
7618 2 2 3 55 3790 3909 4165
7619 2 2 3 55 3806 3898 4102
7620 2 2 3 55 3899 3808 4103
7621 2 2 3 55 3755 3977 4140
7622 2 2 3 55 3978 3756 4141
7623 2 2 3 55 3731 3944 4185
7624 2 2 3 55 3732 3943 4183
7625 2 2 3 55 3812 4079 4098
7626 2 2 3 55 4080 3811 4097
7627 2 2 3 55 3775 3904 4123
7628 2 2 3 55 3776 3905 4122
7629 2 2 3 55 3944 3853 4185
7630 2 2 3 55 3943 3855 4183
7631 2 2 3 55 3700 3990 4161
7632 2 2 3 55 3699 3989 4160
7633 2 2 3 55 3787 3906 4231
7634 2 2 3 55 3907 3788 4232
7635 2 2 3 55 3789 3908 4233
7636 2 2 3 55 3909 3790 4234
7637 2 2 3 55 1146 1145 4024
7638 2 2 3 55 950 949 4026
7639 2 2 3 55 1160 1159 4023
7640 2 2 3 55 964 963 4025
7641 2 2 3 55 3805 4115 4117
7642 2 2 3 55 4116 3807 4118
7643 2 2 3 55 3904 3697 4123
7644 2 2 3 55 3905 3698 4122
7645 2 2 3 55 3926 3764 4260
7646 2 2 3 55 3765 3927 4261
7647 2 2 3 55 3973 3740 4171
7648 2 2 3 55 3974 3739 4172
7649 2 2 3 55 3906 3744 4117
7650 2 2 3 55 3746 3907 4118
7651 2 2 3 55 3908 3743 4119
7652 2 2 3 55 3745 3909 4120
7653 2 2 3 55 3731 3912 4179
7654 2 2 3 55 3913 3733 4180
7655 2 2 3 55 3732 3914 4177
7656 2 2 3 55 3915 3734 4178
7657 2 2 3 55 4076 3709 4100
7658 2 2 3 55 4075 3710 4101
7659 2 2 3 55 3847 4076 4100
7660 2 2 3 55 3848 4075 4101
7661 2 2 3 55 3826 4018 4202
7662 2 2 3 55 4019 3828 4203
7663 2 2 3 55 3756 3953 4022
7664 2 2 3 55 3757 3930 4041
7665 2 2 3 55 1014 3918 4080
7666 2 2 3 55 3919 924 4079
7667 2 2 3 55 4108 3831 4124
7668 2 2 3 55 4109 3832 4125
7669 2 2 3 55 3767 3922 4069
7670 2 2 3 55 3923 3769 4070
7671 2 2 3 55 3766 3924 4067
7672 2 2 3 55 3925 3768 4068
7673 2 2 3 55 3910 4063 4173
7674 2 2 3 55 3911 4064 4174
7675 2 2 3 55 3762 3981 4210
7676 2 2 3 55 3763 3982 4211
7677 2 2 3 55 3747 3926 4260
7678 2 2 3 55 3927 3748 4261
7679 2 2 3 55 3749 4006 4008
7680 2 2 3 55 4007 3750 4009
7681 2 2 3 55 4006 3825 4008
7682 2 2 3 55 3827 4007 4009
7683 2 2 3 55 3809 4033 4201
7684 2 2 3 55 3737 4028 4248
7685 2 2 3 55 3735 4027 4247
7686 2 2 3 55 3918 3727 4214
7687 2 2 3 55 3728 3919 4215
7688 2 2 3 55 3922 3839 4222
7689 2 2 3 55 3841 3923 4224
7690 2 2 3 55 3924 3840 4221
7691 2 2 3 55 3842 3925 4223
7692 2 2 3 55 3682 4030 4152
7693 2 2 3 55 3681 4029 4153
7694 2 2 3 55 947 86 4136
7695 2 2 3 55 78 966 4137
7696 2 2 3 55 1143 82 4138
7697 2 2 3 55 90 1162 4139
7698 2 2 3 55 3972 3773 4000
7699 2 2 3 55 3971 3774 4001
7700 2 2 3 55 86 1023 4136
7701 2 2 3 55 933 78 4137
7702 2 2 3 55 82 912 4138
7703 2 2 3 55 1002 90 4139
7704 2 2 3 55 3791 3918 4175
7705 2 2 3 55 3919 3792 4176
7706 2 2 3 55 4068 3880 4196
7707 2 2 3 55 4070 3881 4195
7708 2 2 3 55 3682 4152 4173
7709 2 2 3 55 3681 4153 4174
7710 2 2 3 55 3683 3922 4206
7711 2 2 3 55 3923 3685 4209
7712 2 2 3 55 3684 3924 4207
7713 2 2 3 55 3925 3686 4208
7714 2 2 3 55 1021 1020 4113
7715 2 2 3 55 930 931 4114
7716 2 2 3 55 914 915 4111
7717 2 2 3 55 1005 1004 4112
7718 2 2 3 55 3719 4068 4196
7719 2 2 3 55 3720 4070 4195
7720 2 2 3 55 3956 921 4262
7721 2 2 3 55 1011 3957 4263
7722 2 2 3 55 4015 3679 4059
7723 2 2 3 55 3803 3973 4171
7724 2 2 3 55 3804 3974 4172
7725 2 2 3 55 3939 3778 4043
7726 2 2 3 55 3940 3777 4044
7727 2 2 3 55 3677 3928 4238
7728 2 2 3 55 3676 3929 4237
7729 2 2 3 55 1150 3958 4035
7730 2 2 3 55 954 3959 4036
7731 2 2 3 55 3955 3762 4016
7732 2 2 3 55 3954 3763 4017
7733 2 2 3 55 3779 3937 4049
7734 2 2 3 55 3780 3938 4050
7735 2 2 3 55 4121 3927 4203
7736 2 2 3 55 4014 3810 4015
7737 2 2 3 55 3692 4121 4203
7738 2 2 3 55 3757 4014 4015
7739 2 2 3 55 925 926 4098
7740 2 2 3 55 1016 1015 4097
7741 2 2 3 55 3758 3928 4124
7742 2 2 3 55 3759 3929 4125
7743 2 2 3 55 3939 3698 4065
7744 2 2 3 55 3940 3697 4066
7745 2 2 3 55 3942 4052 4181
7746 2 2 3 55 3941 4051 4182
7747 2 2 3 55 962 961 4085
7748 2 2 3 55 1158 1157 4086
7749 2 2 3 55 3935 3776 4122
7750 2 2 3 55 3936 3775 4123
7751 2 2 3 55 3958 3771 4035
7752 2 2 3 55 3959 3770 4036
7753 2 2 3 55 3928 3783 4238
7754 2 2 3 55 3929 3784 4237
7755 2 2 3 55 3977 3755 4110
7756 2 2 3 55 3778 3939 4065
7757 2 2 3 55 3777 3940 4066
7758 2 2 3 55 1009 1008 4032
7759 2 2 3 55 918 919 4031
7760 2 2 3 55 3999 3978 4251
7761 2 2 3 55 3815 3956 4262
7762 2 2 3 55 3957 3816 4263
7763 2 2 3 55 3795 3958 4130
7764 2 2 3 55 3796 3959 4131
7765 2 2 3 55 3958 1149 4130
7766 2 2 3 55 3959 953 4131
7767 2 2 3 55 4008 3705 4115
7768 2 2 3 55 3707 4009 4116
7769 2 2 3 55 3971 3714 4146
7770 2 2 3 55 3972 3713 4147
7771 2 2 3 55 3926 4132 4202
7772 2 2 3 55 4132 3690 4202
7773 2 2 3 55 3968 4060 4230
7774 2 2 3 55 960 959 4037
7775 2 2 3 55 1156 1155 4038
7776 2 2 3 55 3710 4089 4101
7777 2 2 3 55 3709 4090 4100
7778 2 2 3 55 4089 3822 4101
7779 2 2 3 55 4090 3821 4100
7780 2 2 3 55 4018 3706 4102
7781 2 2 3 55 3708 4019 4103
7782 2 2 3 55 3797 4021 4226
7783 2 2 3 55 3798 4020 4227
7784 2 2 3 55 3980 3782 4059
7785 2 2 3 55 3679 3980 4059
7786 2 2 3 55 963 962 4200
7787 2 2 3 55 1159 1158 4199
7788 2 2 3 55 1147 1146 4198
7789 2 2 3 55 951 950 4197
7790 2 2 3 55 3871 4082 4207
7791 2 2 3 55 3870 4081 4206
7792 2 2 3 55 4084 3873 4208
7793 2 2 3 55 4083 3872 4209
7794 2 2 3 55 4082 3684 4207
7795 2 2 3 55 4081 3683 4206
7796 2 2 3 55 3686 4084 4208
7797 2 2 3 55 3685 4083 4209
7798 2 2 3 55 1015 1014 4080
7799 2 2 3 55 924 925 4079
7800 2 2 3 55 3965 3676 4237
7801 2 2 3 55 3964 3677 4238
7802 2 2 3 55 4010 3815 4106
7803 2 2 3 55 3972 3779 4143
7804 2 2 3 55 3971 3780 4142
7805 2 2 3 55 3941 3796 4134
7806 2 2 3 55 3942 3795 4135
7807 2 2 3 55 3703 4010 4106
7808 2 2 3 55 3939 3741 4158
7809 2 2 3 55 3940 3742 4159
7810 2 2 3 55 3922 3960 4206
7811 2 2 3 55 3924 3961 4207
7812 2 2 3 55 3962 3923 4209
7813 2 2 3 55 3963 3925 4208
7814 2 2 3 55 915 3946 4111
7815 2 2 3 55 3948 1005 4112
7816 2 2 3 55 1020 3945 4113
7817 2 2 3 55 3947 930 4114
7818 2 2 3 55 4006 3749 4156
7819 2 2 3 55 3750 4007 4157
7820 2 2 3 55 3796 3941 4182
7821 2 2 3 55 3795 3942 4181
7822 2 2 3 55 3992 3699 4087
7823 2 2 3 55 3991 3700 4088
7824 2 2 3 55 4022 3810 4141
7825 2 2 3 55 3756 4022 4141
7826 2 2 3 55 3981 3762 4078
7827 2 2 3 55 3982 3763 4077
7828 2 2 3 55 4042 3882 4060
7829 2 2 3 55 960 4037 4204
7830 2 2 3 55 1156 4038 4205
7831 2 2 3 55 3760 4002 4129
7832 2 2 3 55 3761 4003 4128
7833 2 2 3 55 3687 3974 4072
7834 2 2 3 55 3688 3973 4071
7835 2 2 3 55 3973 3803 4071
7836 2 2 3 55 3974 3804 4072
7837 2 2 3 55 3950 3738 4144
7838 2 2 3 55 3949 3736 4145
7839 2 2 3 55 3690 4027 4202
7840 2 2 3 55 4027 3826 4202
7841 2 2 3 55 3850 4013 4099
7842 2 2 3 55 3831 3970 4242
7843 2 2 3 55 3832 3969 4241
7844 2 2 3 55 4063 3682 4173
7845 2 2 3 55 4064 3681 4174
7846 2 2 3 55 4052 3866 4054
7847 2 2 3 55 4051 3865 4053
7848 2 2 3 55 3771 4052 4054
7849 2 2 3 55 3770 4051 4053
7850 2 2 3 55 3716 3953 4170
7851 2 2 3 55 4051 3770 4182
7852 2 2 3 55 4052 3771 4181
7853 2 2 3 55 3781 3992 4087
7854 2 2 3 55 3782 3991 4088
7855 2 2 3 55 3771 3958 4181
7856 2 2 3 55 3770 3959 4182
7857 2 2 3 55 3958 3795 4181
7858 2 2 3 55 3959 3796 4182
7859 2 2 3 55 3804 4126 4160
7860 2 2 3 55 3803 4127 4161
7861 2 2 3 55 3979 3781 4099
7862 2 2 3 55 3680 3979 4099
7863 2 2 3 55 3815 4095 4106
7864 2 2 3 55 4096 3816 4107
7865 2 2 3 55 4095 3792 4106
7866 2 2 3 55 3791 4096 4107
7867 2 2 3 55 3797 3967 4217
7868 2 2 3 55 3798 3966 4218
7869 2 2 3 55 3967 957 4217
7870 2 2 3 55 3966 1153 4218
7871 2 2 3 55 4029 3793 4043
7872 2 2 3 55 4030 3794 4044
7873 2 2 3 55 3778 4029 4043
7874 2 2 3 55 3777 4030 4044
7875 2 2 3 55 4055 3833 4179
7876 2 2 3 55 3835 4056 4180
7877 2 2 3 55 4057 3834 4177
7878 2 2 3 55 3836 4058 4178
7879 2 2 3 55 3983 1016 4097
7880 2 2 3 55 926 3984 4098
7881 2 2 3 55 3689 4110 4236
7882 2 2 3 55 4110 3897 4236
7883 2 2 3 55 957 956 4217
7884 2 2 3 55 1153 1152 4218
7885 2 2 3 55 1149 1148 4130
7886 2 2 3 55 953 952 4131
7887 2 2 3 55 3970 3702 4242
7888 2 2 3 55 3969 3701 4241
7889 2 2 3 55 4087 3699 4126
7890 2 2 3 55 4088 3700 4127
7891 2 2 3 55 3822 4087 4126
7892 2 2 3 55 3821 4088 4127
7893 2 2 3 55 3816 4034 4107
7894 2 2 3 55 4034 3704 4107
7895 2 2 3 55 3953 3852 4235
7896 2 2 3 55 3801 4216 4225
7897 2 2 3 55 3859 4115 4150
7898 2 2 3 55 4116 3860 4151
7899 2 2 3 55 4115 3805 4150
7900 2 2 3 55 3807 4116 4151
7901 2 2 3 55 4216 3930 4225
7902 2 2 3 55 4142 3864 4250
7903 2 2 3 55 4143 3863 4249
7904 2 2 3 55 3690 4041 4216
7905 2 2 3 55 4041 3930 4216
7906 2 2 3 55 921 922 4262
7907 2 2 3 55 1012 1011 4263
7908 2 2 3 55 3738 3964 4144
7909 2 2 3 55 3736 3965 4145
7910 2 2 3 55 3849 4041 4132
7911 2 2 3 55 4041 3690 4132
7912 2 2 3 55 1023 1022 4187
7913 2 2 3 55 932 933 4189
7914 2 2 3 55 912 913 4188
7915 2 2 3 55 1003 1002 4190
7916 2 2 3 55 3779 4049 4143
7917 2 2 3 55 3780 4050 4142
7918 2 2 3 55 916 917 4193
7919 2 2 3 55 1007 1006 4194
7920 2 2 3 55 3786 4012 4104
7921 2 2 3 55 3785 4011 4105
7922 2 2 3 55 4012 3701 4104
7923 2 2 3 55 4011 3702 4105
7924 2 2 3 55 961 960 4204
7925 2 2 3 55 1157 1156 4205
7926 2 2 3 55 3964 3783 4144
7927 2 2 3 55 3965 3784 4145
7928 2 2 3 55 4013 3680 4099
7929 2 2 3 55 3772 4042 4060
7930 2 2 3 55 3783 3964 4238
7931 2 2 3 55 3784 3965 4237
7932 2 2 3 55 3773 3972 4147
7933 2 2 3 55 3774 3971 4146
7934 2 2 3 55 3714 3971 4142
7935 2 2 3 55 3713 3972 4143
7936 2 2 3 55 3897 4133 4236
7937 2 2 3 55 4133 3802 4236
7938 2 2 3 55 3792 4095 4176
7939 2 2 3 55 4096 3791 4175
7940 2 2 3 55 3712 4020 4154
7941 2 2 3 55 3711 4021 4155
7942 2 2 3 55 4022 3953 4235
7943 2 2 3 55 4020 3798 4154
7944 2 2 3 55 4021 3797 4155
7945 2 2 3 55 3960 3870 4206
7946 2 2 3 55 3961 3871 4207
7947 2 2 3 55 3872 3962 4209
7948 2 2 3 55 3873 3963 4208
7949 2 2 3 55 4108 3677 4192
7950 2 2 3 55 4109 3676 4191
7951 2 2 3 55 3858 4108 4192
7952 2 2 3 55 3857 4109 4191
7953 2 2 3 55 3851 3968 4230
7954 2 2 3 55 4082 3908 4164
7955 2 2 3 55 4081 3906 4162
7956 2 2 3 55 3909 4084 4165
7957 2 2 3 55 3907 4083 4163
7958 2 2 3 55 3968 3680 4201
7959 2 2 3 55 3715 4045 4219
7960 2 2 3 55 3716 4046 4220
7961 2 2 3 55 4045 3824 4219
7962 2 2 3 55 4046 3823 4220
7963 2 2 3 55 3967 3797 4226
7964 2 2 3 55 3966 3798 4227
7965 2 2 3 55 1022 3985 4187
7966 2 2 3 55 3986 932 4189
7967 2 2 3 55 913 3987 4188
7968 2 2 3 55 3988 1003 4190
7969 2 2 3 55 1148 4004 4130
7970 2 2 3 55 952 4005 4131
7971 2 2 3 55 3985 3817 4187
7972 2 2 3 55 3818 3986 4189
7973 2 2 3 55 3987 3819 4188
7974 2 2 3 55 3820 3988 4190
7975 2 2 3 55 4004 3795 4130
7976 2 2 3 55 4005 3796 4131
7977 2 2 3 55 4049 3863 4143
7978 2 2 3 55 4050 3864 4142
7979 2 2 3 55 3989 3761 4160
7980 2 2 3 55 3990 3760 4161
7981 2 2 3 55 4028 3802 4248
7982 2 2 3 55 4027 3801 4247
7983 2 2 3 55 3837 4085 4204
7984 2 2 3 55 3838 4086 4205
7985 2 2 3 55 4088 3821 4090
7986 2 2 3 55 4087 3822 4089
7987 2 2 3 55 3782 4088 4090
7988 2 2 3 55 3781 4087 4089
7989 2 2 3 55 4085 961 4204
7990 2 2 3 55 4086 1157 4205
7991 2 2 3 55 3975 3693 4243
7992 2 2 3 55 3976 3694 4244
7993 2 2 3 55 3981 3688 4210
7994 2 2 3 55 3982 3687 4211
7995 2 2 3 55 3993 3787 4231
7996 2 2 3 55 3788 3994 4232
7997 2 2 3 55 3995 3789 4233
7998 2 2 3 55 3790 3996 4234
7999 2 2 3 55 3714 4142 4250
8000 2 2 3 55 3713 4143 4249
8001 2 2 3 55 3911 4174 4246
8002 2 2 3 55 3910 4173 4245
8003 2 2 3 55 4174 3799 4246
8004 2 2 3 55 4173 3800 4245
8005 2 2 3 55 3978 3887 4251
8006 2 2 3 55 3864 4213 4250
8007 2 2 3 55 3863 4212 4249
8008 2 2 3 55 3691 3999 4251
8009 2 2 3 55 3999 3883 4170
8010 2 2 3 55 4140 3895 4265
8011 2 2 3 55 3896 4141 4264
8012 2 2 3 55 3809 4140 4265
8013 2 2 3 55 4141 3810 4264
8014 2 2 3 55 3705 3993 4231
8015 2 2 3 55 3994 3707 4232
8016 2 2 3 55 3706 3995 4233
8017 2 2 3 55 3996 3708 4234
8018 2 2 3 55 4055 3735 4240
8019 2 2 3 55 4057 3737 4239
8020 2 2 3 55 3833 4055 4240
8021 2 2 3 55 3834 4057 4239
8022 2 2 3 55 3864 4039 4213
8023 2 2 3 55 3863 4040 4212
8024 2 2 3 55 3875 4091 4254
8025 2 2 3 55 4093 3876 4255
8026 2 2 3 55 3874 4092 4252
8027 2 2 3 55 4094 3877 4253
8028 2 2 3 55 4014 3703 4264
8029 2 2 3 55 3810 4014 4264
8030 2 2 3 55 4073 3861 4155
8031 2 2 3 55 4074 3862 4154
8032 2 2 3 55 3710 4075 4133
8033 2 2 3 55 4075 3802 4133
8034 2 2 3 55 4027 3690 4216
8035 2 2 3 55 3801 4027 4216
8036 2 2 3 55 4029 3778 4153
8037 2 2 3 55 4030 3777 4152
8038 2 2 3 55 4152 3800 4173
8039 2 2 3 55 4153 3799 4174
8040 2 2 3 55 956 4073 4217
8041 2 2 3 55 1152 4074 4218
8042 2 2 3 55 3778 4048 4153
8043 2 2 3 55 3777 4047 4152
8044 2 2 3 55 4048 3799 4153
8045 2 2 3 55 4047 3800 4152
8046 2 2 3 55 950 4026 4197
8047 2 2 3 55 1146 4024 4198
8048 2 2 3 55 4023 1159 4199
8049 2 2 3 55 4025 963 4200
8050 2 2 3 55 3702 4011 4242
8051 2 2 3 55 3701 4012 4241
8052 2 2 3 55 3704 4033 4265
8053 2 2 3 55 4033 3809 4265
8054 2 2 3 55 4080 3918 4214
8055 2 2 3 55 3919 4079 4215
8056 2 2 3 55 3811 4080 4214
8057 2 2 3 55 4079 3812 4215
8058 2 2 3 55 4063 3773 4147
8059 2 2 3 55 4064 3774 4146
8060 2 2 3 55 3799 4020 4246
8061 2 2 3 55 3800 4021 4245
8062 2 2 3 55 4028 3689 4236
8063 2 2 3 55 3802 4028 4236
8064 2 2 3 55 4020 3712 4246
8065 2 2 3 55 4021 3711 4245
8066 2 2 3 55 3822 4126 4172
8067 2 2 3 55 3821 4127 4171
8068 2 2 3 55 4213 3830 4250
8069 2 2 3 55 4212 3829 4249
8070 2 2 3 55 3885 4064 4146
8071 2 2 3 55 3884 4063 4147
8072 2 2 3 55 3679 4022 4235
8073 2 2 3 55 3797 4073 4155
8074 2 2 3 55 3798 4074 4154
8075 2 2 3 55 4240 3735 4247
8076 2 2 3 55 4239 3737 4248
8077 2 2 3 55 3901 4240 4247
8078 2 2 3 55 3900 4239 4248
8079 2 2 3 55 4039 3740 4213
8080 2 2 3 55 4040 3739 4212
8081 2 2 3 55 3683 4081 4162
8082 2 2 3 55 4083 3685 4163
8083 2 2 3 55 3684 4082 4164
8084 2 2 3 55 4084 3686 4165
8085 2 2 3 55 922 4095 4262
8086 2 2 3 55 4096 1012 4263
8087 2 2 3 55 3880 4086 4196
8088 2 2 3 55 3881 4085 4195
8089 2 2 3 55 4086 3838 4196
8090 2 2 3 55 4085 3837 4195
8091 2 2 3 55 4076 3801 4225
8092 2 2 3 55 4069 3922 4222
8093 2 2 3 55 3923 4070 4224
8094 2 2 3 55 4067 3924 4221
8095 2 2 3 55 3925 4068 4223
8096 2 2 3 55 3718 4069 4222
8097 2 2 3 55 4070 3720 4224
8098 2 2 3 55 3717 4067 4221
8099 2 2 3 55 4068 3719 4223
8100 2 2 3 55 4060 3715 4230
8101 2 2 3 55 4073 3797 4217
8102 2 2 3 55 4074 3798 4218
8103 2 2 3 55 3709 4076 4225
8104 2 2 3 55 4136 1023 4187
8105 2 2 3 55 4138 912 4188
8106 2 2 3 55 933 4137 4189
8107 2 2 3 55 1002 4139 4190
8108 2 2 3 55 3817 4136 4187
8109 2 2 3 55 3819 4138 4188
8110 2 2 3 55 4139 3820 4190
8111 2 2 3 55 4137 3818 4189
8112 2 2 3 55 4127 3803 4171
8113 2 2 3 55 4126 3804 4172
8114 2 2 3 55 4092 3817 4252
8115 2 2 3 55 4091 3819 4254
8116 2 2 3 55 3818 4094 4253
8117 2 2 3 55 3820 4093 4255
8118 2 2 3 55 4095 3815 4262
8119 2 2 3 55 3816 4096 4263
8120 2 2 3 55 3839 4183 4258
8121 2 2 3 55 4184 3841 4259
8122 2 2 3 55 3840 4185 4256
8123 2 2 3 55 4186 3842 4257
8124 2 2 3 55 4183 3855 4258
8125 2 2 3 55 3856 4184 4259
8126 2 2 3 55 4185 3853 4256
8127 2 2 3 55 3854 4186 4257
8128 2 2 3 55 3718 4222 4258
8129 2 2 3 55 3717 4221 4256
8130 2 2 3 55 4224 3720 4259
8131 2 2 3 55 4223 3719 4257
8132 2 2 3 55 4221 3840 4256
8133 2 2 3 55 3842 4223 4257
8134 2 2 3 55 4222 3839 4258
8135 2 2 3 55 3841 4224 4259
8136 2 2 3 56 1031 974 1032
8137 2 2 3 56 1032 974 975
8138 2 2 3 56 1025 968 1026
8139 2 2 3 56 1026 968 969
8140 2 2 3 56 1026 969 1027
8141 2 2 3 56 1027 969 970
8142 2 2 3 56 1033 1032 976
8143 2 2 3 56 976 1032 975
8144 2 2 3 56 972 1029 1028
8145 2 2 3 56 972 1028 971
8146 2 2 3 56 977 1034 1033
8147 2 2 3 56 977 1033 976
8148 2 2 3 56 4266 1079 91
8149 2 2 3 56 1045 4266 91
8150 2 2 3 56 4267 1024 84
8151 2 2 3 56 934 4267 84
8152 2 2 3 56 1035 1034 977
8153 2 2 3 56 979 1036 1035
8154 2 2 3 56 977 978 1035
8155 2 2 3 56 1037 979 980
8156 2 2 3 56 988 4266 1045
8157 2 2 3 56 1079 4266 87
8158 2 2 3 56 4266 988 87
8159 2 2 3 56 967 4267 83
8160 2 2 3 56 4267 967 1024
8161 2 2 3 56 4267 934 83
8162 2 2 3 56 988 1045 1044
8163 2 2 3 56 1043 986 1044
8164 2 2 3 56 1044 986 987
8165 2 2 3 56 1041 984 1042
8166 2 2 3 56 1042 984 985
8167 2 2 3 56 988 1044 987
8168 2 2 3 56 1042 985 986
8169 2 2 3 56 1040 983 1041
8170 2 2 3 56 1041 983 984
8171 2 2 3 56 986 1043 1042
8172 2 2 3 56 971 1028 970
8173 2 2 3 56 968 1025 967
8174 2 2 3 56 1028 1027 970
8175 2 2 3 56 974 1031 973
8176 2 2 3 56 972 1030 1029
8177 2 2 3 56 1025 1024 967
8178 2 2 3 56 983 1040 1039
8179 2 2 3 56 983 1039 982
8180 2 2 3 56 1031 1030 973
8181 2 2 3 56 973 1030 972
8182 2 2 3 56 982 1039 1038
8183 2 2 3 56 982 1038 981
8184 2 2 3 56 981 1038 1037
8185 2 2 3 56 981 1037 980
8186 2 2 3 56 979 1035 978
8187 2 2 3 56 1036 979 1037
8188 2 2 3 57 1079 87 989
8189 2 2 3 57 989 88 1080
8190 2 2 3 57 1079 989 1080
8191 2 2 3 57 1079 1080 91
8192 2 2 3 58 4268 1081 92
8193 2 2 3 58 1056 4268 92
8194 2 2 3 58 1080 4269 91
8195 2 2 3 58 4269 1046 91
8196 2 2 3 58 1050 994 995
8197 2 2 3 58 1050 995 1051
8198 2 2 3 58 1050 1049 994
8199 2 2 3 58 999 1055 998
8200 2 2 3 58 1000 4268 1056
8201 2 2 3 58 1081 4268 89
8202 2 2 3 58 4268 1000 89
8203 2 2 3 58 4269 990 1046
8204 2 2 3 58 4269 1080 88
8205 2 2 3 58 990 4269 88
8206 2 2 3 58 1055 999 1056
8207 2 2 3 58 1056 999 1000
8208 2 2 3 58 1048 1047 991
8209 2 2 3 58 1048 991 992
8210 2 2 3 58 1054 1053 998
8211 2 2 3 58 998 1053 997
8212 2 2 3 58 1049 1048 993
8213 2 2 3 58 1049 993 994
8214 2 2 3 58 1047 1046 991
8215 2 2 3 58 1048 992 993
8216 2 2 3 58 1055 1054 998
8217 2 2 3 58 1053 1052 997
8218 2 2 3 58 997 1052 996
8219 2 2 3 58 996 1052 995
8220 2 2 3 58 995 1052 1051
8221 2 2 3 58 1046 990 991
8222 2 2 3 59 1081 89 1001
8223 2 2 3 59 1001 90 1082
8224 2 2 3 59 1081 1001 1082
8225 2 2 3 59 1082 92 1081
8226 2 2 3 60 1059 1058 1003
8227 2 2 3 60 1059 1003 1004
8228 2 2 3 60 1010 1065 1064
8229 2 2 3 60 1010 1064 1009
8230 2 2 3 60 1062 1061 1006
8231 2 2 3 60 1062 1006 1007
8232 2 2 3 60 4270 1082 90
8233 2 2 3 60 1002 4270 90
8234 2 2 3 60 4271 1023 86
8235 2 2 3 60 946 4271 86
8236 2 2 3 60 1013 1014 1069
8237 2 2 3 60 1015 1069 1014
8238 2 2 3 60 1070 1069 1015
8239 2 2 3 60 1016 1070 1015
8240 2 2 3 60 1078 4271 85
8241 2 2 3 60 4271 1078 1023
8242 2 2 3 60 4271 946 85
8243 2 2 3 60 1057 4270 1002
8244 2 2 3 60 1082 4270 92
8245 2 2 3 60 4270 1057 92
8246 2 2 3 60 1057 1002 1003
8247 2 2 3 60 1058 1057 1003
8248 2 2 3 60 1078 1077 1023
8249 2 2 3 60 1023 1077 1022
8250 2 2 3 60 1060 1059 1004
8251 2 2 3 60 1060 1004 1005
8252 2 2 3 60 1077 1076 1021
8253 2 2 3 60 1077 1021 1022
8254 2 2 3 60 1075 1021 1076
8255 2 2 3 60 1074 1019 1075
8256 2 2 3 60 1075 1019 1020
8257 2 2 3 60 1064 1063 1009
8258 2 2 3 60 1060 1005 1006
8259 2 2 3 60 1075 1020 1021
8260 2 2 3 60 1062 1008 1063
8261 2 2 3 60 1063 1008 1009
8262 2 2 3 60 1061 1060 1006
8263 2 2 3 60 1062 1007 1008
8264 2 2 3 60 1066 1065 1010
8265 2 2 3 60 1066 1010 1011
8266 2 2 3 60 1073 1018 1074
8267 2 2 3 60 1074 1018 1019
8268 2 2 3 60 1068 1067 1012
8269 2 2 3 60 1068 1012 1013
8270 2 2 3 60 1072 1017 1073
8271 2 2 3 60 1073 1017 1018
8272 2 2 3 60 1067 1066 1012
8273 2 2 3 60 1072 1071 1017
8274 2 2 3 60 1017 1071 1016
8275 2 2 3 60 1066 1011 1012
8276 2 2 3 60 1071 1070 1016
8277 2 2 3 60 1069 1068 1013
8278 2 2 3 61 4374 4277 4394
8279 2 2 3 61 4278 4375 4395
8280 2 2 3 61 4354 4296 4576
8281 2 2 3 61 4297 4355 4577
8282 2 2 3 61 4291 4350 4515
8283 2 2 3 61 4338 4310 4454
8284 2 2 3 61 4311 4339 4455
8285 2 2 3 61 4314 4342 4498
8286 2 2 3 61 1029 4390 4541
8287 2 2 3 61 4391 1040 4542
8288 2 2 3 61 4341 4379 4529
8289 2 2 3 61 4379 4341 4520
8290 2 2 3 61 4379 4293 4529
8291 2 2 3 61 4276 4379 4520
8292 2 2 3 61 4296 4382 4576
8293 2 2 3 61 4383 4297 4577
8294 2 2 3 61 1026 4343 4432
8295 2 2 3 61 4344 1043 4433
8296 2 2 3 61 4310 4338 4424
8297 2 2 3 61 4339 4311 4425
8298 2 2 3 61 4314 4413 4438
8299 2 2 3 61 4285 4362 4428
8300 2 2 3 61 4363 4286 4429
8301 2 2 3 61 4362 4316 4428
8302 2 2 3 61 4317 4363 4429
8303 2 2 3 61 4291 4351 4409
8304 2 2 3 61 4381 4301 4384
8305 2 2 3 61 4300 4380 4385
8306 2 2 3 61 4273 4381 4384
8307 2 2 3 61 4380 4272 4385
8308 2 2 3 61 4350 4377 4515
8309 2 2 3 61 4310 4352 4394
8310 2 2 3 61 4353 4311 4395
8311 2 2 3 61 4347 4283 4410
8312 2 2 3 61 4284 4348 4411
8313 2 2 3 61 4298 4347 4410
8314 2 2 3 61 4348 4299 4411
8315 2 2 3 61 4352 4294 4394
8316 2 2 3 61 4295 4353 4395
8317 2 2 3 61 4315 4365 4434
8318 2 2 3 61 4304 4369 4469
8319 2 2 3 61 4452 4314 4498
8320 2 2 3 61 4352 937 4441
8321 2 2 3 61 1048 4353 4442
8322 2 2 3 61 4354 1054 4443
8323 2 2 3 61 943 4355 4444
8324 2 2 3 61 1029 1030 4390
8325 2 2 3 61 1039 1040 4391
8326 2 2 3 61 4296 4361 4400
8327 2 2 3 61 4360 4297 4401
8328 2 2 3 61 4281 4350 4404
8329 2 2 3 61 4293 4470 4529
8330 2 2 3 61 1054 4354 4517
8331 2 2 3 61 4355 943 4518
8332 2 2 3 61 4414 4304 4469
8333 2 2 3 61 4350 4281 4505
8334 2 2 3 61 4390 4336 4541
8335 2 2 3 61 4337 4391 4542
8336 2 2 3 61 1067 1068 4366
8337 2 2 3 61 4283 4347 4490
8338 2 2 3 61 4348 4284 4491
8339 2 2 3 61 4294 4352 4441
8340 2 2 3 61 4353 4295 4442
8341 2 2 3 61 4296 4354 4443
8342 2 2 3 61 4355 4297 4444
8343 2 2 3 61 4351 4305 4409
8344 2 2 3 61 4291 4409 4592
8345 2 2 3 61 4470 4293 4543
8346 2 2 3 61 1063 1064 4388
8347 2 2 3 61 1071 1072 4389
8348 2 2 3 61 4294 4374 4394
8349 2 2 3 61 4375 4295 4395
8350 2 2 3 61 4345 4277 4420
8351 2 2 3 61 4278 4346 4421
8352 2 2 3 61 4300 4345 4420
8353 2 2 3 61 4346 4301 4421
8354 2 2 3 61 4358 4294 4441
8355 2 2 3 61 4295 4359 4442
8356 2 2 3 61 4361 4296 4443
8357 2 2 3 61 4297 4360 4444
8358 2 2 3 61 4294 4358 4432
8359 2 2 3 61 4359 4295 4433
8360 2 2 3 61 4356 4308 4430
8361 2 2 3 61 4309 4357 4431
8362 2 2 3 61 4447 4354 4576
8363 2 2 3 61 4355 4448 4577
8364 2 2 3 61 4302 4396 4419
8365 2 2 3 61 4397 4303 4418
8366 2 2 3 61 4396 4326 4419
8367 2 2 3 61 4327 4397 4418
8368 2 2 3 61 4372 4319 4413
8369 2 2 3 61 4318 4373 4412
8370 2 2 3 61 4365 4315 4453
8371 2 2 3 61 4352 4310 4503
8372 2 2 3 61 4311 4353 4504
8373 2 2 3 61 4345 4300 4446
8374 2 2 3 61 4301 4346 4445
8375 2 2 3 61 4284 4418 4440
8376 2 2 3 61 4419 4283 4439
8377 2 2 3 61 4408 4314 4438
8378 2 2 3 61 4374 4294 4580
8379 2 2 3 61 4295 4375 4581
8380 2 2 3 61 4354 4447 4517
8381 2 2 3 61 4448 4355 4518
8382 2 2 3 61 4462 4334 4489
8383 2 2 3 61 4347 4298 4487
8384 2 2 3 61 4299 4348 4488
8385 2 2 3 61 4342 4314 4535
8386 2 2 3 61 1063 4388 4496
8387 2 2 3 61 4389 1072 4497
8388 2 2 3 61 4434 4365 4522
8389 2 2 3 61 4377 4350 4586
8390 2 2 3 61 4305 4351 4437
8391 2 2 3 61 4440 4418 4572
8392 2 2 3 61 4419 4439 4573
8393 2 2 3 61 4288 4345 4446
8394 2 2 3 61 4346 4287 4445
8395 2 2 3 61 4304 4347 4436
8396 2 2 3 61 4348 4305 4437
8397 2 2 3 61 4345 4288 4454
8398 2 2 3 61 4287 4346 4455
8399 2 2 3 61 4277 4345 4456
8400 2 2 3 61 4346 4278 4457
8401 2 2 3 61 4347 4304 4490
8402 2 2 3 61 4305 4348 4491
8403 2 2 3 61 4302 4573 4574
8404 2 2 3 61 4572 4303 4575
8405 2 2 3 61 4343 1026 4512
8406 2 2 3 61 1043 4344 4513
8407 2 2 3 61 4392 4302 4574
8408 2 2 3 61 4303 4393 4575
8409 2 2 3 61 4373 4315 4412
8410 2 2 3 61 4314 4372 4413
8411 2 2 3 61 4298 4388 4507
8412 2 2 3 61 4389 4299 4508
8413 2 2 3 61 4394 4277 4456
8414 2 2 3 61 4278 4395 4457
8415 2 2 3 61 4350 4291 4475
8416 2 2 3 61 4377 4274 4516
8417 2 2 3 61 4333 4377 4516
8418 2 2 3 61 4296 4400 4476
8419 2 2 3 61 4401 4297 4477
8420 2 2 3 61 4400 4330 4476
8421 2 2 3 61 4331 4401 4477
8422 2 2 3 61 4326 4388 4410
8423 2 2 3 61 4389 4327 4411
8424 2 2 3 61 4388 4298 4410
8425 2 2 3 61 4299 4389 4411
8426 2 2 3 61 1058 1059 4400
8427 2 2 3 61 1076 1077 4401
8428 2 2 3 61 941 4367 4448
8429 2 2 3 61 4368 1052 4447
8430 2 2 3 61 4321 4407 4506
8431 2 2 3 61 1061 1062 4396
8432 2 2 3 61 1073 1074 4397
8433 2 2 3 61 4470 4340 4529
8434 2 2 3 61 4402 4298 4507
8435 2 2 3 61 4299 4403 4508
8436 2 2 3 61 4319 4372 4461
8437 2 2 3 61 4373 4318 4460
8438 2 2 3 61 4512 4306 4582
8439 2 2 3 61 4307 4513 4583
8440 2 2 3 61 4369 4304 4436
8441 2 2 3 61 4351 4291 4467
8442 2 2 3 61 4362 4285 4464
8443 2 2 3 61 4286 4363 4465
8444 2 2 3 61 4318 4362 4464
8445 2 2 3 61 4363 4319 4465
8446 2 2 3 61 4308 4356 4439
8447 2 2 3 61 4357 4309 4440
8448 2 2 3 61 1025 1026 4432
8449 2 2 3 61 1043 1044 4433
8450 2 2 3 61 937 4352 4503
8451 2 2 3 61 4353 1048 4504
8452 2 2 3 61 4407 4434 4506
8453 2 2 3 61 4426 4306 4512
8454 2 2 3 61 4307 4427 4513
8455 2 2 3 61 4397 1074 4416
8456 2 2 3 61 1061 4396 4417
8457 2 2 3 61 4409 4305 4435
8458 2 2 3 61 1054 1055 4443
8459 2 2 3 61 944 943 4444
8460 2 2 3 61 1047 1048 4442
8461 2 2 3 61 937 936 4441
8462 2 2 3 61 4367 941 4523
8463 2 2 3 61 1052 4368 4524
8464 2 2 3 61 4382 4296 4476
8465 2 2 3 61 4297 4383 4477
8466 2 2 3 61 4363 4317 4528
8467 2 2 3 61 4448 4313 4577
8468 2 2 3 61 4312 4447 4576
8469 2 2 3 61 4400 1059 4509
8470 2 2 3 61 1076 4401 4510
8471 2 2 3 61 4396 4302 4417
8472 2 2 3 61 4303 4397 4416
8473 2 2 3 61 4388 4326 4496
8474 2 2 3 61 4327 4389 4497
8475 2 2 3 61 4398 4322 4422
8476 2 2 3 61 4323 4399 4423
8477 2 2 3 61 4277 4374 4551
8478 2 2 3 61 4375 4278 4552
8479 2 2 3 61 4316 4362 4511
8480 2 2 3 61 4413 4282 4438
8481 2 2 3 61 4272 4462 4489
8482 2 2 3 61 4362 4318 4495
8483 2 2 3 61 4319 4363 4494
8484 2 2 3 61 4313 4367 4484
8485 2 2 3 61 4368 4312 4483
8486 2 2 3 61 4315 4407 4412
8487 2 2 3 61 4407 4281 4412
8488 2 2 3 61 4366 1068 4450
8489 2 2 3 61 1067 4366 4451
8490 2 2 3 61 4379 4276 4557
8491 2 2 3 61 4312 4368 4447
8492 2 2 3 61 4367 4313 4448
8493 2 2 3 61 4305 4371 4435
8494 2 2 3 61 4293 4379 4530
8495 2 2 3 61 4379 4333 4530
8496 2 2 3 61 4308 4370 4449
8497 2 2 3 61 4356 4430 4574
8498 2 2 3 61 4431 4357 4575
8499 2 2 3 61 4370 4308 4439
8500 2 2 3 61 4309 4371 4440
8501 2 2 3 61 4283 4370 4439
8502 2 2 3 61 4371 4284 4440
8503 2 2 3 61 4304 4370 4490
8504 2 2 3 61 4371 4305 4491
8505 2 2 3 61 4310 4424 4503
8506 2 2 3 61 4425 4311 4504
8507 2 2 3 61 1073 4397 4497
8508 2 2 3 61 4396 1062 4496
8509 2 2 3 61 4333 4379 4467
8510 2 2 3 61 4332 4378 4466
8511 2 2 3 61 4415 4364 4568
8512 2 2 3 61 4282 4415 4568
8513 2 2 3 61 4372 4314 4452
8514 2 2 3 61 4315 4373 4453
8515 2 2 3 61 4378 4332 4543
8516 2 2 3 61 4371 4309 4468
8517 2 2 3 61 1074 1075 4416
8518 2 2 3 61 1060 1061 4417
8519 2 2 3 61 4376 4471 4474
8520 2 2 3 61 4366 4292 4473
8521 2 2 3 61 4292 4366 4472
8522 2 2 3 61 4401 4331 4510
8523 2 2 3 61 4330 4400 4509
8524 2 2 3 61 1032 4453 4587
8525 2 2 3 61 4452 1037 4588
8526 2 2 3 61 4384 4308 4449
8527 2 2 3 61 4306 4386 4551
8528 2 2 3 61 4387 4307 4552
8529 2 2 3 61 4385 4272 4468
8530 2 2 3 61 4300 4385 4545
8531 2 2 3 61 4384 4301 4544
8532 2 2 3 61 4376 4320 4471
8533 2 2 3 61 4273 4384 4449
8534 2 2 3 61 4298 4398 4487
8535 2 2 3 61 4399 4299 4488
8536 2 2 3 61 4334 4462 4585
8537 2 2 3 61 4390 1030 4460
8538 2 2 3 61 1039 4391 4461
8539 2 2 3 61 4409 4435 4489
8540 2 2 3 61 4386 4306 4458
8541 2 2 3 61 4307 4387 4459
8542 2 2 3 61 4294 4432 4580
8543 2 2 3 61 4433 4295 4581
8544 2 2 3 61 4397 4327 4497
8545 2 2 3 61 4326 4396 4496
8546 2 2 3 61 4370 4283 4490
8547 2 2 3 61 4284 4371 4491
8548 2 2 3 61 4380 4300 4539
8549 2 2 3 61 4301 4381 4540
8550 2 2 3 61 4471 4274 4474
8551 2 2 3 61 4430 4279 4574
8552 2 2 3 61 4280 4431 4575
8553 2 2 3 61 4453 4373 4587
8554 2 2 3 61 4372 4452 4588
8555 2 2 3 61 4370 4304 4493
8556 2 2 3 61 4365 4453 4554
8557 2 2 3 61 4377 4333 4515
8558 2 2 3 61 4338 4454 4579
8559 2 2 3 61 4455 4339 4578
8560 2 2 3 61 4320 4376 4553
8561 2 2 3 61 4272 4380 4462
8562 2 2 3 61 4381 4273 4463
8563 2 2 3 61 1051 1052 4524
8564 2 2 3 61 941 940 4523
8565 2 2 3 61 4414 4273 4493
8566 2 2 3 61 4357 4572 4575
8567 2 2 3 61 4573 4356 4574
8568 2 2 3 61 4385 4309 4480
8569 2 2 3 61 4308 4384 4481
8570 2 2 3 61 4306 4551 4582
8571 2 2 3 61 4552 4307 4583
8572 2 2 3 61 4274 4377 4474
8573 2 2 3 61 4369 4436 4514
8574 2 2 3 61 4312 4405 4483
8575 2 2 3 61 4406 4313 4484
8576 2 2 3 61 4310 4394 4456
8577 2 2 3 61 4395 4311 4457
8578 2 2 3 61 4309 4385 4468
8579 2 2 3 61 942 941 4448
8580 2 2 3 61 1052 1053 4447
8581 2 2 3 61 4314 4408 4535
8582 2 2 3 61 4289 4434 4522
8583 2 2 3 61 4380 4324 4499
8584 2 2 3 61 4325 4381 4500
8585 2 2 3 61 4413 4319 4494
8586 2 2 3 61 4318 4412 4495
8587 2 2 3 61 4437 4351 4557
8588 2 2 3 61 4324 4380 4539
8589 2 2 3 61 4381 4325 4540
8590 2 2 3 61 1032 1033 4453
8591 2 2 3 61 1036 1037 4452
8592 2 2 3 61 4382 4476 4555
8593 2 2 3 61 4477 4383 4556
8594 2 2 3 61 4407 4315 4434
8595 2 2 3 61 4318 4390 4460
8596 2 2 3 61 4391 4319 4461
8597 2 2 3 61 4292 4423 4521
8598 2 2 3 61 4340 4422 4521
8599 2 2 3 61 4423 4341 4521
8600 2 2 3 61 4422 4292 4521
8601 2 2 3 61 4390 4318 4464
8602 2 2 3 61 4319 4391 4465
8603 2 2 3 61 4402 1065 4502
8604 2 2 3 61 1070 4403 4501
8605 2 2 3 61 4273 4449 4493
8606 2 2 3 61 4360 4401 4561
8607 2 2 3 61 4400 4361 4560
8608 2 2 3 61 4324 4386 4485
8609 2 2 3 61 4387 4325 4486
8610 2 2 3 61 4492 4415 4584
8611 2 2 3 61 4386 4324 4548
8612 2 2 3 61 4325 4387 4549
8613 2 2 3 61 4320 4408 4438
8614 2 2 3 61 4388 1064 4507
8615 2 2 3 61 1071 4389 4508
8616 2 2 3 61 4313 4479 4577
8617 2 2 3 61 4478 4312 4576
8618 2 2 3 61 4398 4275 4487
8619 2 2 3 61 4276 4399 4488
8620 2 2 3 61 4405 4312 4478
8621 2 2 3 61 4313 4406 4479
8622 2 2 3 61 4276 4437 4557
8623 2 2 3 61 4474 4321 4506
8624 2 2 3 61 4376 4474 4506
8625 2 2 3 61 4336 4390 4569
8626 2 2 3 61 4391 4337 4570
8627 2 2 3 61 939 938 4424
8628 2 2 3 61 1049 1050 4425
8629 2 2 3 61 4432 4343 4580
8630 2 2 3 61 4344 4433 4581
8631 2 2 3 61 4404 4316 4511
8632 2 2 3 61 4335 4492 4584
8633 2 2 3 61 4335 4414 4469
8634 2 2 3 61 4317 4415 4528
8635 2 2 3 61 1027 1028 4426
8636 2 2 3 61 1041 1042 4427
8637 2 2 3 61 4302 4392 4546
8638 2 2 3 61 4393 4303 4547
8639 2 2 3 61 4436 4275 4514
8640 2 2 3 61 1068 1069 4450
8641 2 2 3 61 1066 1067 4451
8642 2 2 3 61 4404 4350 4475
8643 2 2 3 61 4335 4469 4492
8644 2 2 3 61 4479 4383 4577
8645 2 2 3 61 4382 4478 4576
8646 2 2 3 61 4398 4422 4519
8647 2 2 3 61 4423 4399 4520
8648 2 2 3 61 4461 4372 4588
8649 2 2 3 61 4373 4460 4587
8650 2 2 3 61 1030 1031 4460
8651 2 2 3 61 1038 1039 4461
8652 2 2 3 61 4275 4398 4519
8653 2 2 3 61 4399 4276 4520
8654 2 2 3 61 1058 4400 4560
8655 2 2 3 61 4401 1077 4561
8656 2 2 3 61 4551 4374 4582
8657 2 2 3 61 4375 4552 4583
8658 2 2 3 61 4364 4415 4492
8659 2 2 3 61 1065 4402 4507
8660 2 2 3 61 4403 1070 4508
8661 2 2 3 61 4398 4298 4537
8662 2 2 3 61 4299 4399 4538
8663 2 2 3 61 4322 4398 4537
8664 2 2 3 61 4399 4323 4538
8665 2 2 3 61 4334 4404 4475
8666 2 2 3 61 1065 1066 4502
8667 2 2 3 61 1069 1070 4501
8668 2 2 3 61 4392 4476 4546
8669 2 2 3 61 4477 4393 4547
8670 2 2 3 61 4476 4330 4546
8671 2 2 3 61 4331 4477 4547
8672 2 2 3 61 4524 4368 4578
8673 2 2 3 61 4367 4523 4579
8674 2 2 3 61 4439 4356 4573
8675 2 2 3 61 4357 4440 4572
8676 2 2 3 61 4272 4435 4468
8677 2 2 3 61 4408 4320 4553
8678 2 2 3 61 4407 4321 4505
8679 2 2 3 61 4454 4310 4456
8680 2 2 3 61 4311 4455 4457
8681 2 2 3 61 4322 4402 4502
8682 2 2 3 61 4403 4323 4501
8683 2 2 3 61 4345 4454 4456
8684 2 2 3 61 4455 4346 4457
8685 2 2 3 61 4320 4438 4568
8686 2 2 3 61 4417 4302 4546
8687 2 2 3 61 4303 4416 4547
8688 2 2 3 61 4542 4427 4594
8689 2 2 3 61 4426 4541 4593
8690 2 2 3 61 4316 4404 4585
8691 2 2 3 61 4404 4334 4585
8692 2 2 3 61 4385 4480 4545
8693 2 2 3 61 4481 4384 4544
8694 2 2 3 61 4328 4405 4525
8695 2 2 3 61 4406 4329 4526
8696 2 2 3 61 4482 1035 4498
8697 2 2 3 61 4343 4512 4582
8698 2 2 3 61 4513 4344 4583
8699 2 2 3 61 4290 4469 4536
8700 2 2 3 61 4469 4369 4536
8701 2 2 3 61 4402 4322 4537
8702 2 2 3 61 4323 4403 4538
8703 2 2 3 61 4435 4371 4468
8704 2 2 3 61 4469 4290 4492
8705 2 2 3 61 4527 4320 4568
8706 2 2 3 61 4298 4402 4537
8707 2 2 3 61 4403 4299 4538
8708 2 2 3 61 4467 4379 4557
8709 2 2 3 61 4426 1028 4541
8710 2 2 3 61 1041 4427 4542
8711 2 2 3 61 4386 4458 4485
8712 2 2 3 61 4459 4387 4486
8713 2 2 3 61 938 937 4503
8714 2 2 3 61 1048 1049 4504
8715 2 2 3 61 4506 4289 4553
8716 2 2 3 61 4405 4328 4590
8717 2 2 3 61 4329 4406 4591
8718 2 2 3 61 1042 1043 4513
8719 2 2 3 61 1026 1027 4512
8720 2 2 3 61 4281 4404 4511
8721 2 2 3 61 4309 4431 4480
8722 2 2 3 61 4430 4308 4481
8723 2 2 3 61 4342 4482 4498
8724 2 2 3 61 4334 4409 4489
8725 2 2 3 61 4466 4378 4550
8726 2 2 3 61 4275 4436 4487
8727 2 2 3 61 4437 4276 4488
8728 2 2 3 61 4331 4416 4510
8729 2 2 3 61 4417 4330 4509
8730 2 2 3 61 4416 1075 4510
8731 2 2 3 61 1060 4417 4509
8732 2 2 3 61 4304 4414 4493
8733 2 2 3 61 4424 4338 4595
8734 2 2 3 61 4339 4425 4596
8735 2 2 3 61 4412 4281 4495
8736 2 2 3 61 4282 4413 4494
8737 2 2 3 61 4409 4334 4592
8738 2 2 3 61 4281 4407 4505
8739 2 2 3 61 4339 4524 4578
8740 2 2 3 61 4523 4338 4579
8741 2 2 3 61 4458 4285 4485
8742 2 2 3 61 4286 4459 4486
8743 2 2 3 61 4410 4283 4566
8744 2 2 3 61 4284 4411 4567
8745 2 2 3 61 1070 1071 4508
8746 2 2 3 61 1064 1065 4507
8747 2 2 3 61 4287 4483 4590
8748 2 2 3 61 4484 4288 4591
8749 2 2 3 61 4483 4405 4590
8750 2 2 3 61 4406 4484 4591
8751 2 2 3 61 4414 4335 4589
8752 2 2 3 61 4273 4414 4589
8753 2 2 3 61 4326 4410 4566
8754 2 2 3 61 4411 4327 4567
8755 2 2 3 61 4454 4288 4579
8756 2 2 3 61 4287 4455 4578
8757 2 2 3 61 4323 4423 4472
8758 2 2 3 61 4422 4322 4473
8759 2 2 3 61 4423 4292 4472
8760 2 2 3 61 4292 4422 4473
8761 2 2 3 61 4376 4506 4553
8762 2 2 3 61 4478 4382 4555
8763 2 2 3 61 4383 4479 4556
8764 2 2 3 61 84 1024 4532
8765 2 2 3 61 1078 85 4533
8766 2 2 3 61 1045 91 4531
8767 2 2 3 61 92 1057 4534
8768 2 2 3 61 4279 4478 4555
8769 2 2 3 61 4479 4280 4556
8770 2 2 3 61 85 945 4533
8771 2 2 3 61 91 1046 4531
8772 2 2 3 61 935 84 4532
8773 2 2 3 61 1056 92 4534
8774 2 2 3 61 4446 4300 4545
8775 2 2 3 61 4301 4445 4544
8776 2 2 3 61 4337 4542 4594
8777 2 2 3 61 4541 4336 4593
8778 2 2 3 61 4428 4316 4499
8779 2 2 3 61 4317 4429 4500
8780 2 2 3 61 4322 4451 4473
8781 2 2 3 61 4450 4323 4472
8782 2 2 3 61 4451 4366 4473
8783 2 2 3 61 4366 4450 4472
8784 2 2 3 61 4330 4417 4546
8785 2 2 3 61 4416 4331 4547
8786 2 2 3 61 4324 4428 4499
8787 2 2 3 61 4429 4325 4500
8788 2 2 3 61 4434 4289 4506
8789 2 2 3 61 4332 4470 4543
8790 2 2 3 61 4415 4317 4584
8791 2 2 3 61 4420 4324 4539
8792 2 2 3 61 4325 4421 4540
8793 2 2 3 61 4324 4420 4548
8794 2 2 3 61 4421 4325 4549
8795 2 2 3 61 4415 4282 4528
8796 2 2 3 61 1034 1035 4482
8797 2 2 3 61 939 4424 4595
8798 2 2 3 61 4425 1050 4596
8799 2 2 3 61 4365 4482 4522
8800 2 2 3 61 4482 4342 4522
8801 2 2 3 61 4428 4324 4485
8802 2 2 3 61 4325 4429 4486
8803 2 2 3 61 4390 4464 4569
8804 2 2 3 61 4465 4391 4570
8805 2 2 3 61 4431 4329 4480
8806 2 2 3 61 4328 4430 4481
8807 2 2 3 61 4450 1069 4501
8808 2 2 3 61 1066 4451 4502
8809 2 2 3 61 1035 1036 4498
8810 2 2 3 61 4530 4378 4543
8811 2 2 3 61 4289 4535 4553
8812 2 2 3 61 4535 4408 4553
8813 2 2 3 61 4351 4467 4557
8814 2 2 3 61 4285 4428 4485
8815 2 2 3 61 4429 4286 4486
8816 2 2 3 61 4349 4471 4527
8817 2 2 3 61 4471 4320 4527
8818 2 2 3 61 4419 4326 4566
8819 2 2 3 61 4327 4418 4567
8820 2 2 3 61 4418 4303 4572
8821 2 2 3 61 4302 4419 4573
8822 2 2 3 61 4323 4450 4501
8823 2 2 3 61 4451 4322 4502
8824 2 2 3 61 4418 4284 4567
8825 2 2 3 61 4283 4419 4566
8826 2 2 3 61 4300 4420 4539
8827 2 2 3 61 4421 4301 4540
8828 2 2 3 61 4290 4466 4571
8829 2 2 3 61 4466 4349 4571
8830 2 2 3 61 4420 4277 4548
8831 2 2 3 61 4278 4421 4549
8832 2 2 3 61 4349 4466 4550
8833 2 2 3 61 4435 4272 4489
8834 2 2 3 61 4474 4377 4586
8835 2 2 3 61 4424 938 4503
8836 2 2 3 61 1049 4425 4504
8837 2 2 3 61 4321 4474 4586
8838 2 2 3 61 4316 4462 4499
8839 2 2 3 61 4463 4317 4500
8840 2 2 3 61 4584 4463 4589
8841 2 2 3 61 4436 4347 4487
8842 2 2 3 61 4348 4437 4488
8843 2 2 3 61 4470 4275 4519
8844 2 2 3 61 4340 4470 4519
8845 2 2 3 61 4447 1053 4517
8846 2 2 3 61 942 4448 4518
8847 2 2 3 61 4422 4340 4519
8848 2 2 3 61 4341 4423 4520
8849 2 2 3 61 1027 4426 4512
8850 2 2 3 61 4427 1042 4513
8851 2 2 3 61 4293 4530 4543
8852 2 2 3 61 1062 1063 4496
8853 2 2 3 61 1072 1073 4497
8854 2 2 3 61 4368 4483 4578
8855 2 2 3 61 4484 4367 4579
8856 2 2 3 61 4317 4463 4584
8857 2 2 3 61 4430 4328 4525
8858 2 2 3 61 4329 4431 4526
8859 2 2 3 61 4279 4430 4525
8860 2 2 3 61 4431 4280 4526
8861 2 2 3 61 1059 1060 4509
8862 2 2 3 61 1075 1076 4510
8863 2 2 3 61 4453 1033 4554
8864 2 2 3 61 4505 4321 4586
8865 2 2 3 61 4462 4316 4585
8866 2 2 3 61 1053 1054 4517
8867 2 2 3 61 943 942 4518
8868 2 2 3 61 4274 4471 4550
8869 2 2 3 61 4471 4349 4550
8870 2 2 3 61 4432 4358 4558
8871 2 2 3 61 4359 4433 4559
8872 2 2 3 61 1025 4432 4558
8873 2 2 3 61 4433 1044 4559
8874 2 2 3 61 4449 4370 4493
8875 2 2 3 61 1034 4482 4554
8876 2 2 3 61 4482 4365 4554
8877 2 2 3 61 1050 1051 4596
8878 2 2 3 61 940 939 4595
8879 2 2 3 61 4285 4458 4569
8880 2 2 3 61 4459 4286 4570
8881 2 2 3 61 4458 4336 4569
8882 2 2 3 61 4337 4459 4570
8883 2 2 3 61 1038 4461 4588
8884 2 2 3 61 4460 1031 4587
8885 2 2 3 61 4306 4426 4593
8886 2 2 3 61 4427 4307 4594
8887 2 2 3 61 1028 1029 4541
8888 2 2 3 61 1040 1041 4542
8889 2 2 3 61 1036 4452 4498
8890 2 2 3 61 1033 1034 4554
8891 2 2 3 61 1044 1045 4559
8892 2 2 3 61 1024 1025 4558
8893 2 2 3 61 1077 1078 4561
8894 2 2 3 61 1057 1058 4560
8895 2 2 3 61 1055 1056 4564
8896 2 2 3 61 945 944 4565
8897 2 2 3 61 936 935 4563
8898 2 2 3 61 1046 1047 4562
8899 2 2 3 61 4405 4478 4525
8900 2 2 3 61 4479 4406 4526
8901 2 2 3 61 1037 1038 4588
8902 2 2 3 61 1031 1032 4587
8903 2 2 3 61 4441 936 4563
8904 2 2 3 61 1047 4442 4562
8905 2 2 3 61 4443 1055 4564
8906 2 2 3 61 944 4444 4565
8907 2 2 3 61 4358 4441 4563
8908 2 2 3 61 4442 4359 4562
8909 2 2 3 61 4361 4443 4564
8910 2 2 3 61 4444 4360 4565
8911 2 2 3 61 4369 4514 4536
8912 2 2 3 61 4514 4332 4536
8913 2 2 3 61 4445 4328 4544
8914 2 2 3 61 4329 4446 4545
8915 2 2 3 61 4378 4516 4550
8916 2 2 3 61 4516 4274 4550
8917 2 2 3 61 4328 4445 4590
8918 2 2 3 61 4446 4329 4591
8919 2 2 3 61 4462 4380 4499
8920 2 2 3 61 4381 4463 4500
8921 2 2 3 61 4438 4282 4568
8922 2 2 3 61 4333 4467 4515
8923 2 2 3 61 4467 4291 4515
8924 2 2 3 61 4476 4392 4555
8925 2 2 3 61 4393 4477 4556
8926 2 2 3 61 4458 4306 4593
8927 2 2 3 61 4307 4459 4594
8928 2 2 3 61 4336 4458 4593
8929 2 2 3 61 4459 4337 4594
8930 2 2 3 61 4445 4287 4590
8931 2 2 3 61 4288 4446 4591
8932 2 2 3 61 4275 4470 4514
8933 2 2 3 61 4470 4332 4514
8934 2 2 3 61 4492 4290 4571
8935 2 2 3 61 4364 4492 4571
8936 2 2 3 61 4548 4277 4551
8937 2 2 3 61 4278 4549 4552
8938 2 2 3 61 4386 4548 4551
8939 2 2 3 61 4549 4387 4552
8940 2 2 3 61 4335 4584 4589
8941 2 2 3 61 4362 4495 4511
8942 2 2 3 61 4495 4281 4511
8943 2 2 3 61 4466 4290 4536
8944 2 2 3 61 4332 4466 4536
8945 2 2 3 61 4350 4505 4586
8946 2 2 3 61 4464 4285 4569
8947 2 2 3 61 4286 4465 4570
8948 2 2 3 61 4279 4555 4574
8949 2 2 3 61 4556 4280 4575
8950 2 2 3 61 4555 4392 4574
8951 2 2 3 61 4393 4556 4575
8952 2 2 3 61 4516 4378 4530
8953 2 2 3 61 4463 4273 4589
8954 2 2 3 61 4364 4527 4568
8955 2 2 3 61 4478 4279 4525
8956 2 2 3 61 4280 4479 4526
8957 2 2 3 61 4494 4363 4528
8958 2 2 3 61 4282 4494 4528
8959 2 2 3 61 4328 4481 4544
8960 2 2 3 61 4480 4329 4545
8961 2 2 3 61 4334 4475 4592
8962 2 2 3 61 1051 4524 4596
8963 2 2 3 61 4523 940 4595
8964 2 2 3 61 4289 4522 4535
8965 2 2 3 61 4522 4342 4535
8966 2 2 3 61 4521 4341 4529
8967 2 2 3 61 4475 4291 4592
8968 2 2 3 61 4349 4527 4571
8969 2 2 3 61 4527 4364 4571
8970 2 2 3 61 4333 4516 4530
8971 2 2 3 61 4358 4532 4558
8972 2 2 3 61 4531 4359 4559
8973 2 2 3 61 4361 4534 4560
8974 2 2 3 61 4533 4360 4561
8975 2 2 3 61 4532 1024 4558
8976 2 2 3 61 1045 4531 4559
8977 2 2 3 61 1078 4533 4561
8978 2 2 3 61 4534 1057 4560
8979 2 2 3 61 1056 4534 4564
8980 2 2 3 61 4533 945 4565
8981 2 2 3 61 935 4532 4563
8982 2 2 3 61 4531 1046 4562
8983 2 2 3 61 4534 4361 4564
8984 2 2 3 61 4360 4533 4565
8985 2 2 3 61 4532 4358 4563
8986 2 2 3 61 4359 4531 4562
8987 2 2 3 61 4340 4521 4529
8988 2 2 3 61 4483 4287 4578
8989 2 2 3 61 4288 4484 4579
8990 2 2 3 61 4374 4580 4582
8991 2 2 3 61 4581 4375 4583
8992 2 2 3 61 4580 4343 4582
8993 2 2 3 61 4344 4581 4583
8994 2 2 3 61 4338 4523 4595
8995 2 2 3 61 4524 4339 4596
$EndElements
