$MeshFormat
2.2 0 8
$EndMeshFormat
$PhysicalNames
4
2 1 "SD1G0"
2 2 "SD1D1001"
2 3 "SD2G0"
2 4 "I1-2"
$EndPhysicalNames
$Nodes
1889
1 12.7 0 0
2 9.269 8.682 0
3 0 12.7 0
4 13.269 0 3.166
5 9.706 9.092000000000001 3.166
6 0 13.257 3.166
7 14.094 0 7.564
8 10.403 9.744 7.564
9 0 14.029 7.564
10 15.285 0 13.631
11 11.5 10.772 13.631
12 0 15.09 13.631
13 16.823 0 21.126
14 13.02 12.196 21.126
15 0 16.396 21.126
16 18.848 0 30.59
17 15.119 14.162 30.59
18 0 18.041 30.59
19 21.357 0 41.89
20 17.799 16.672 41.89
21 0 20.006 41.89
22 24.535 0 55.729
23 21.248 19.903 55.729
24 0 22.426 55.729
25 28.379 0 71.89100000000001
26 25.443 23.832 71.89100000000001
27 0 25.298 71.89100000000001
28 32.856 0 89.96599999999999
29 30.312 28.392 89.96599999999999
30 0 28.615 89.96599999999999
31 38.282 0 110.589
32 36.145 33.856 110.589
33 0 32.653 110.589
34 44.774 0 132.741
35 42.998 40.276 132.741
36 0 37.593 132.741
37 52.835 0 155.625
38 51.337 48.087 155.625
39 0 43.973 155.625
40 63.493 0 178.783
41 62.184 58.247 178.783
42 0 52.813 178.783
43 77.274 0 200.521
44 76.074 71.25700000000001 200.521
45 0 64.718 200.521
46 94.874 0 220.49
47 93.71899999999999 87.785 220.49
48 0 80.381 220.49
49 115.57 0 237.739
50 114.371 107.13 237.739
51 0 99.173 237.739
52 139.615 0 252.909
53 138.218 129.466 252.909
54 0 121.315 252.909
55 165.583 0 265.642
56 163.728 153.361 265.642
57 0 145.48 265.642
58 191.548 0 275.791
59 188.888 176.929 275.791
60 0 169.849 275.791
61 217.678 0 284.033
62 213.735 200.202 284.033
63 0 194.566 284.033
64 242.388 0 290.293
65 236.64 221.656 290.293
66 0 218.124 290.293
67 266.468 0 295.059
68 258.225 241.875 295.059
69 0 241.28 295.059
70 287.853 0 298.186
71 276.613 259.098 298.186
72 0 262.034 298.186
73 305.831 0 300
74 291.403 272.953 300
75 0 279.637 300
76 0 0 300
77 0 0 0
78 0 0 -10
79 306 0 300
80 316 0 290
81 316 0 0
82 306 0 -10
83 0 280 300
84 0 290 290
85 0 290 0
86 0 280 -10
87 306 280 300
88 316 280 290
89 316 280 0
90 306 280 -10
91 306 290 290
92 306 290 0
93 11.8111794904668 4.668368597596042 0
94 5.051704782102287 11.65219843973548 0
95 12.34340824527732 4.880628336352572 3.166
96 5.279006138867338 12.16823371755 3.166
97 13.12294788826889 5.197991416328628 7.564000000000001
98 5.617258777005937 12.89542048949599 7.563999999999999
99 14.25593155909572 5.682662143513623 13.631
100 6.137182007284566 13.90770146743449 13.631
101 15.72591049548682 6.358480769805411 21.126
102 9.02776160168604 14.28703773743038 21.126
103 4.629129930028958 15.84066250739321 21.126
104 12.24865424440649 11.47337081844398 17.32255497488596
105 16.04251988677448 0 17.32255497488603
106 0 15.7332516073684 17.3225549749052
107 18.3140755612837 4.921750081008057 30.59
108 16.73499172046684 9.610949686492946 30.59
109 10.44133471548957 15.94604239655028 30.59
110 5.314443172291149 17.47212528709117 30.59
111 14.05833399981766 13.16854151674203 25.80765458517118
112 17.82472765585076 0 25.80765458517117
113 0 17.20974913278162 25.80765458519469
114 20.77770798006054 5.754449707882806 41.88999999999999
115 19.04867371033494 11.26899896361627 41.89
116 12.3074562534474 18.04827783526892 41.89
117 6.218263779090901 19.44927795504455 41.89
118 16.44088880149059 15.40003764617216 36.16363561822526
119 20.08554440408207 0 36.16363561822538
120 0 19.01022070707098 36.16363561827077
121 23.90886276198686 6.845054464403381 55.729
122 22.00180072313979 13.44191550374497 55.729
123 14.76912041274337 20.80028221015382 55.72899999999999
124 7.417703842378876 21.93270467630476 55.729
125 19.49074500544868 18.25681534143365 48.67807165277014
126 22.91581867999879 0 48.67807165277008
127 0 21.19301737118257 48.67807165280811
128 27.70797846540283 8.18633949310008 71.89100000000001
129 25.59136734553726 16.11158775764389 71.89100000000001
130 17.79639622830777 24.23030766284984 71.89100000000001
131 8.908303749222755 24.94685698732982 71.89100000000001
132 23.30255132882558 21.82727465338634 63.64453243777807
133 26.41764488867834 0 63.6445324377782
134 0 23.83259628520144 63.64453243782232
135 32.44957920642085 7.325458840155187 89.96599999999999
136 31.25409660624266 14.56123927707307 89.96600000000001
137 28.87454154643216 21.49636220812688 89.96599999999998
138 23.97372125725751 28.07320065122544 89.96600000000001
139 15.98935739158269 28.40515668897469 89.96600000000001
140 7.995060967661962 28.54225155371083 89.96599999999999
141 27.02521694685907 25.31380515047799 77.76460265238811
142 28.64787268568177 26.83348273705255 83.78832466496159
143 29.83383369708123 0 77.76460265238849
144 31.32585048547887 0 83.78832466496105
145 0 26.92511220098512 80.75746157154235
146 37.85028377890457 8.7355550386975 110.589
147 36.55815612765788 17.38129828824823 110.589
148 33.88572333168169 25.70389066049798 110.589
149 28.70918746066336 33.12428117446489 110.589
150 19.14177471340591 33.08530992756786 110.589
151 9.572885808943584 32.77655746401499 110.589
152 32.20469378752157 30.16496054431988 96.65775792560557
153 34.14856643449602 31.98586233466248 103.5304624684744
154 34.61663029163257 0 96.65775792560606
155 36.42486841652273 0 103.5304624684755
156 0 31.27093266973075 103.5304624685134
157 0 29.92525158821475 96.6577579256446
158 44.3190044033226 10.38547586818732 132.741
159 42.92937999737363 20.68158995450985 132.741
160 39.95925313086882 30.63791793717036 132.741
161 36.50221571532327 39.2057605431614 132.741
162 27.36803376420144 39.09180511635417 132.741
163 18.25421280407904 38.41935958365585 132.741
164 9.134605788342853 37.83331174937732 132.741
165 38.36643527132503 35.93707608958218 117.769684974521
166 40.6501867322933 38.07653098224471 125.1518040994836
167 40.38641525286425 0 117.769684947851
168 42.54986403597074 0 125.1518040857708
169 0 35.90057368110747 125.1518040858083
170 0 34.25432645551454 117.7696849478862
171 52.53242504348378 9.896669758414017 155.625
172 51.70136425117219 19.76333466821941 155.625
173 49.80887749192809 29.47622025192396 155.625
174 47.54732559380113 39.04010959872114 155.625
175 43.51917113020175 46.76120512432751 155.625
176 32.62086853246145 46.4039313798637 155.625
177 21.76389196192037 45.34761601207568 155.625
178 10.89842009837451 44.38607618331449 155.625
179 45.70697236542439 42.81344851257105 140.1749997134395
180 48.48603506488327 45.41654945338809 147.8013422982119
181 47.39266245805065 0 140.1749997134389
182 50.07907862549715 0 147.8013422982108
183 0 41.79178447224821 147.8013422982646
184 0 39.66557988865822 140.1749997134882
185 63.19872902893616 11.92021375625051 178.783
186 62.39433878301518 23.81717327125823 178.783
187 60.48279615187212 35.58126118274753 178.783
188 58.01155960164731 47.21098023959638 178.783
189 54.6002609227389 56.99108677870458 178.783
190 43.66058249492954 56.47716026347061 178.783
191 32.75329916629076 55.43584398305296 178.783
192 21.86090903215646 54.23150549496231 178.783
193 10.9491068947914 53.22420806949368 178.783
194 54.8672319290558 51.39364297955259 163.1619328858739
195 58.4822203364328 54.77967434481029 170.8798181571965
196 56.30372055866879 0 163.1619328858746
197 59.85572078415201 0 170.8798181571957
198 0 48.31435947261711 166.9979867270211
199 77.09275567460199 12.0633186295103 200.521
200 76.58287348785035 24.11724222140693 200.521
201 75.60055733536262 36.13808881970233 200.521
202 73.71804877555621 48.05306633625874 200.521
203 72.43022585404499 59.91336199244599 200.521
204 66.21294986559407 69.96594480481015 200.521
205 52.94075102259459 69.30811585008919 200.521
206 39.71878941914385 67.96409133799033 200.521
207 26.5111327115436 66.47485798813833 200.521
208 13.27912297191371 65.2279603243214 200.521
209 66.71184170167406 62.48798060034411 185.8691211598985
210 71.34108418342717 66.8239377412806 193.1139356356616
211 70.26905130445134 0 189.4714698683813
212 0 58.66663114286867 189.4714698684317
213 94.74247786377232 14.75804354043316 220.49
214 94.3704447069544 29.51199821043693 220.49
215 93.62406277692362 44.24923142315401 220.49
216 92.08370559626798 58.92637729933774 220.49
217 90.53069366143141 73.58526450402255 220.49
218 83.03525831899935 86.90356235541783 220.49
219 69.17629108456367 86.06196386139216 220.49
220 55.33842179877012 84.91297434186269 220.49
221 41.53219609190985 83.40652272313365 220.49
222 27.72136651655752 81.94383800943972 220.49
223 13.87984019175083 80.81641855467819 220.49
224 81.84706281714917 76.66460454756823 207.0544254120517
225 87.72805601786737 82.17330704807662 213.7099965781124
226 85.95175547832338 0 210.3668010878772
227 0 72.44070932145929 210.3668010879283
228 115.5229549821385 15.36955732837312 237.739
229 115.3819160350129 30.73852418266436 237.739
230 115.1818990204952 46.10672402287663 237.739
231 114.476627434585 61.45936878424603 237.739
232 113.3997144165226 76.79065074657699 237.739
233 112.6376646726266 92.12491265754227 237.739
234 102.4821506862263 106.8374209786485 237.739
235 87.83143939076065 105.8517779980566 237.739
236 73.18225278125537 104.8280837359351 237.739
237 58.56945588557824 103.3584497737748 237.739
238 43.95841998356148 101.8709598316061 237.739
239 29.33431159558209 100.5192667185228 237.739
240 14.68123760618883 99.53786913693423 237.739
241 100.4972335181709 94.1342604788406 226.1513281984762
242 107.3806905264079 100.5820851846485 231.9005413466013
243 105.1024545134045 0 229.0148652832294
244 0 89.66845251338131 229.0148652832756
245 139.6249384299688 14.425718555085 252.909
246 139.6477816187666 28.85142124639992 252.909
247 139.6857730069174 43.2770830391098 252.909
248 139.718958179365 57.70266019960311 252.909
249 139.471240541339 72.12607382897205 252.909
250 139.0741613716842 86.54629210725059 252.909
251 138.5277607861438 100.9616520529497 252.909
252 138.8871562195017 115.3216920338825 252.909
253 124.8725469904735 129.9489990347162 252.909
254 109.2598376322958 128.8785107511689 252.909
255 93.64041155687619 127.895700779027 252.909
256 78.05129941317838 126.5086959309639 252.909
257 62.4670438538703 125.0666897417668 252.909
258 46.8790450041455 123.6663872181138 252.909
259 31.27533750409529 122.4557982258799 252.909
260 15.64758255414643 121.6167192148446 252.909
261 122.2195839833835 114.4812799032521 242.7317881506239
262 130.1681596861146 121.9262158237538 247.78818490537
263 127.4783532290177 0 245.2519847570887
264 0 110.13888717814 245.2519847571305
265 165.6268513711632 15.3963438866962 265.6420000000001
266 165.7299952746214 30.7923836275115 265.6420000000001
267 165.8976427787195 46.18787268977606 265.642
268 166.1397998813343 61.58236434857378 265.642
269 166.2805942247345 76.97801721717303 265.6419999999999
270 166.2817108719404 92.37440737194778 265.642
271 166.2214218794933 107.7706680717595 265.642
272 166.1051399273819 123.1666348512485 265.6420000000001
273 166.6366731435613 138.5215365668214 265.642
274 148.9824634098838 154.7642118040025 265.642
275 132.4294569491134 153.6747052167925 265.642
276 115.8688749974914 152.6976427992723 265.642
277 99.32788998798003 151.4325643474182 265.642
278 82.79509541525469 150.0628806321861 265.642
279 66.2610374572178 148.7084554131723 265.642
280 49.71864348911669 147.4605937478452 265.642
281 33.16189446466752 146.4232378824115 265.642
282 16.58743595832738 145.7299325956789 265.642
283 146.6347966127023 137.3499417899068 257.1101396028827
284 155.1378360851511 145.3146665329159 261.3543262592015
285 152.4997341969202 0 259.226826576147
286 0 133.3051263813316 259.2268265761844
287 191.6122444717396 16.18820605021773 275.7909999999999
288 191.7514593375426 32.37589751253366 275.791
289 191.991822532976 48.56243156519353 275.7910000000001
290 192.3168391956733 64.74747178578268 275.791
291 192.669098559812 80.93195979241682 275.791
292 192.9311747210708 97.11816372646956 275.791
293 193.1535260185125 113.3049710236539 275.791
294 193.352379387733 129.4920832325641 275.791
295 193.5391990270699 145.6793425147211 275.7909999999999
296 194.0437037367836 161.85229152875 275.791
297 174.4890680904938 179.4258390490644 275.7910000000001
298 158.6310459464091 178.4354529458207 275.7910000000001
299 142.7659690649053 177.5589433461138 275.7909999999999
300 126.9064855892579 176.5880411055845 275.791
301 111.0567535039447 175.4681735026743 275.7909999999999
302 95.20842203256881 174.3284176989824 275.791
303 79.35905953194022 173.2029999054109 275.7910000000001
304 63.50463561903123 172.1517677928097 275.7910000000001
305 47.64283255504263 171.2191519249794 275.791
306 31.77055992183136 170.4869380553654 275.7910000000001
307 15.88820700667573 170.0307175871164 275.791
308 172.048195472684 161.1547347734585 268.9981869575624
309 180.4346820938997 169.0105661203906 272.3811143311204
310 178.4882249248091 0 270.6862953114534
311 0 157.5919748197591 270.6862953114914
312 217.7506200312552 16.84247632530035 284.033
313 217.8932454267122 33.68445705493687 284.033
314 218.1516075877531 50.52508986041119 284.033
315 218.4919792729377 67.36426516004376 284.033
316 218.90834115947 84.20175033347803 284.033
317 219.3040908226525 101.0397299415855 284.0330000000001
318 219.6758757067975 117.8782611966003 284.033
319 220.0407919623741 134.7169420503751 284.033
320 220.414749578468 151.5554276490045 284.033
321 220.7763080006131 168.3941816136121 284.033
322 220.8168267898604 185.2138063439876 284.0330000000001
323 198.4554540787522 203.6797537778033 284.0329999999999
324 181.9200440931926 202.8268704841476 284.033
325 165.3833333423848 201.9987139871546 284.033
326 148.8485960383228 201.1323238426623 284.0330000000001
327 132.3190181140241 200.1725892682254 284.0330000000001
328 115.7918935360736 199.1712325935856 284.0330000000001
329 99.26321457658253 198.1958604055269 284.033
330 82.73305148389507 197.2461671391015 284.033
331 66.19817283846362 196.382508568293 284.033
332 49.65761430542052 195.6366652021248 284.033
333 33.11037745762125 195.0580995165258 284.033
334 16.55675947496172 194.7142608912336 284.033
335 197.1062138564895 184.6266090104271 278.5170642574632
336 205.3883773610889 192.3841166066173 281.264341256896
337 204.5370424622288 0 279.8880412542553
338 0 182.1356499249967 279.8880412542713
339 242.4567644579053 17.26202611743403 290.293
340 242.5776755714927 34.5237326927992 290.2930000000001
341 242.8067407316347 51.78436093594441 290.293
342 243.1096751188185 69.04385836005545 290.2929999999999
343 243.4862981892107 86.30190408091194 290.2929999999999
344 243.8911742619509 103.5593203806312 290.293
345 244.2894678913073 120.8168903736129 290.293
346 244.6917215635778 138.0743685326296 290.293
347 245.1035947465732 155.3316167451062 290.293
348 245.5445248956921 172.5881512170088 290.293
349 245.9487407372797 189.8455675467896 290.293
350 245.2776464937504 207.0022080622794 290.293
351 220.8516627686937 226.0604605150486 290.293
352 203.8632518402689 225.4096511599023 290.293
353 186.8772550202308 224.6978560365523 290.293
354 169.8921789377898 223.9644107735849 290.293
355 152.9084952090825 223.1995721713972 290.293
356 135.92665127044 222.3947922348384 290.2930000000001
357 118.944078759755 221.6055833277072 290.293
358 101.960843122431 220.8307361007242 290.293
359 84.97538718507815 220.1064823956007 290.2929999999999
360 67.98716029650662 219.4504624475572 290.2929999999999
361 50.99519358234481 218.9004252888231 290.293
362 33.99959076782493 218.4780167116417 290.2929999999999
363 17.00051727172219 218.23782739934 290.293
364 225.154779497893 210.8983522963456 287.1540573960625
365 229.9977009994832 0 287.154057396065
366 0 206.3113466672027 287.154057396073
367 266.5217519266883 17.53335876409373 295.059
368 266.6054306209939 35.0665864746547 295.0590000000001
369 266.7701359490392 52.59924727065776 295.059
370 266.9917215150123 70.13128416585276 295.0590000000001
371 267.2641872536061 87.6626022448509 295.059
372 267.5774378495017 105.193245093987 295.059
373 267.8995149315439 122.7237300622888 295.0590000000001
374 268.2320958882631 140.25401764156 295.059
375 268.5702408529022 157.784199241395 295.059
376 268.9393999307885 175.3137448363373 295.059
377 269.3339476716466 192.8427489731873 295.0590000000001
378 269.6582632743239 210.3731387355753 295.059
379 268.0825320826773 227.6450644960159 295.059
380 242.1932460578251 247.1472916627113 295.059
381 224.8922676767808 246.77134862329 295.059
382 207.5948698883692 246.2488234010867 295.059
383 190.2982514583962 245.7008883835216 295.059
384 173.0011941213338 245.1671016326752 295.059
385 155.7047470027753 244.6138679759993 295.059
386 138.4082585600187 244.061950846334 295.059
387 121.1112601246056 243.5262064226795 295.059
388 103.8137085707731 243.0087538285639 295.0590000000001
389 86.51489093842179 242.535546299576 295.059
390 69.21478174543699 242.1124179033874 295.059
391 51.91301636621638 241.7636842883565 295.059
392 34.6097712836912 241.4989758508995 295.059
393 17.3051271808116 241.3551700513659 295.059
394 247.4020135708897 231.7369428950577 292.669268551256
395 254.3939896588723 0 292.6692685512535
396 0 229.6692947069119 292.6692685512672
397 287.8811872035104 17.55915013652287 298.186
398 287.9209722938359 35.11827480021979 298.1859999999999
399 288.0023729569515 52.67725728598697 298.186
400 288.1143491431107 70.23607196460526 298.1859999999999
401 288.2510226611273 87.7947126085038 298.186
402 288.4120849215741 105.3531461471637 298.186
403 288.5855714784408 122.9114624797791 298.186
404 288.766154931174 140.4697073523505 298.186
405 288.954292302734 158.0278725231992 298.186
406 289.1461996993306 175.5859975276322 298.186
407 289.3913473028131 193.1434555282949 298.186
408 289.6406597175198 210.7008579044093 298.186
409 289.7839117921348 228.2593320319542 298.1859999999999
410 287.2404531581116 245.3551263740219 298.186
411 260.6457973159534 265.0886567823992 298.186
412 243.2686211034992 265.0339087910222 298.186
413 225.8930116557003 264.7549885433974 298.186
414 208.5180155966164 264.4394115210958 298.186
415 191.1424777496612 264.1556987982225 298.186
416 173.7667835829024 263.8813780054144 298.186
417 156.3911337709448 263.6042865528905 298.186
418 139.015339809635 263.3363357351375 298.186
419 121.6394515947192 263.0745466244814 298.1859999999999
420 104.2633151256025 262.8299147856314 298.1859999999999
421 86.88688683021985 262.6069417030907 298.186
422 69.51012260243988 262.4120485889677 298.1859999999999
423 52.13300167632371 262.2520440122692 298.186
424 34.75556095144109 262.1322322953272 298.186
425 17.37782134280435 262.0701014491306 298.186
426 267.3933191558048 250.4624462051569 296.6181328040136
427 277.1306335189849 0 296.6181328040153
428 0 251.6280147792503 296.6181328040241
429 305.831 17.36006035763637 300
430 305.831 34.72011998790168 300.0000000000001
431 305.831 52.08018136864797 299.9999999999999
432 305.831 69.44024234151827 300
433 305.8310000000001 86.80030308677695 299.9999999999999
434 305.831 104.1603637594561 300
435 305.831 121.5204242822572 300
436 305.831 138.8804855294332 299.9999999999999
437 305.8310000000001 156.2405461179846 300.0000000000001
438 305.831 173.6006060483177 300
439 305.8431467417846 190.9606560295884 299.9999999999999
440 305.9083658639544 208.3205946115794 300
441 305.9571567137855 225.6805817356647 300
442 305.8637447233485 243.0401799536525 299.9999999999999
443 302.4055071693945 259.7214108638581 300
444 275.7302343044461 279.4832236371429 300.0000000000001
445 258.500162192806 279.7578520931899 299.9999999999999
446 241.2668332525753 279.7408285856675 300
447 224.0336008713412 279.6746763648266 300
448 206.800295466147 279.6369999999999 300
449 189.5669384665742 279.637 300.0000000000001
450 172.3335805379246 279.6369999999999 299.9999999999999
451 155.1002214154216 279.6370000000001 300
452 137.8668634669235 279.637 300.0000000000001
453 120.6335056301851 279.6369999999999 300
454 103.4001474614144 279.637 300
455 86.16678922504096 279.637 300
456 68.93343003844684 279.6369999999999 300
457 51.70007330025452 279.6370000000001 300
458 34.46671496340341 279.6370000000001 300
459 17.23335767948991 279.637 299.9999999999999
460 284.0079999999773 266.0254999999787 299.0929999999972
461 287.8409411764948 0 300
462 269.8508823530006 0 300
463 251.8608235295152 0 300
464 233.8707647060344 0 300
465 215.8807058825439 0 300
466 197.8906470590905 0 300
467 179.9005882355963 0 300
468 161.9105294121035 0 300
469 143.920470588594 0 300
470 125.9304117650163 0 300
471 107.9403529414386 0 300
472 89.95029411786092 0 300
473 71.96023529429431 0 300
474 53.97017647071655 0 300
475 35.98011764715483 0 300
476 17.99005882357778 0 300
477 0 17.47731249995967 300
478 0 34.9546249999261 300
479 0 52.43193749987101 300
480 0 69.90924999981176 300
481 0 87.38656249975118 300
482 0 104.8638749996989 300
483 0 122.3411874996466 300
484 0 139.8184999995971 300
485 0 157.2958124996281 300
486 0 174.7731249996535 300
487 0 192.2504374997011 300
488 0 209.7277499997597 300
489 0 227.2050624998184 300
490 0 244.6823749998659 300
491 0 262.159687499908 300
492 4.233333333322931 0 0
493 8.46666666665539 0 0
494 0 8.466666666676733 0
495 0 4.233333333344325 0
496 313.0710678217876 0 297.0710678019434
497 316 0 265.8333333334231
498 316 0 241.6666666668461
499 316 0 217.5000000002692
500 316 0 193.3333333336923
501 316 0 169.1666666671154
502 316 0 145.0000000005329
503 316 0 120.8333333337247
504 316 0 96.66666666691091
505 316 0 72.50000000009715
506 316 0 48.33333333328335
507 316 0 24.16666666657693
508 313.0710677915254 0 -7.071067832205529
509 282.4615384616127 0 -10
510 258.9230769232255 0 -10
511 235.3846153848383 0 -10
512 211.846153846451 0 -10
513 188.3076923080638 0 -10
514 164.7692307696765 0 -10
515 141.23076923118 0 -10
516 117.6923076925741 0 -10
517 94.15384615396826 0 -10
518 70.61538461536239 0 -10
519 47.07692307677451 0 -10
520 23.5384615383872 0 -10
521 0 287.0710678217876 297.0710678019434
522 0 290 265.8333333334231
523 0 290 241.6666666668461
524 0 290 217.5000000002692
525 0 290 193.3333333336923
526 0 290 169.1666666671154
527 0 290 145.0000000005329
528 0 290 120.8333333337247
529 0 290 96.66666666691091
530 0 290 72.50000000009715
531 0 290 48.33333333328335
532 0 290 24.16666666657693
533 0 287.0710677915254 -7.071067832205529
534 0 256.6666666665751 -10
535 0 233.3333333333759 -10
536 0 210.0000000001804 -10
537 0 186.666666666985 -10
538 0 163.3333333337894 -10
539 0 140.0000000005884 -10
540 0 116.6666666671616 -10
541 0 93.33333333372931 -10
542 0 70.00000000029698 -10
543 0 46.66666666686461 -10
544 0 23.33333333343234 -10
545 23.53846153841923 280 300
546 47.07692307683512 280 300
547 70.61538461521684 280 300
548 94.15384615359856 280 300
549 117.6923076919803 280 300
550 141.230769230362 280 300
551 164.769230768853 280 300
552 188.3076923074534 280 300
553 211.8461538460538 280 300
554 235.3846153846541 280 300
555 258.9230769232366 280 300
556 282.4615384616183 280 300
557 313.0710678217876 280 297.0710678019434
558 316 280 265.8333333334231
559 316 280 241.6666666668461
560 316 280 217.5000000002692
561 316 280 193.3333333336923
562 316 280 169.1666666671154
563 316 280 145.0000000005329
564 316 280 120.8333333337247
565 316 280 96.66666666691091
566 316 280 72.50000000009715
567 316 280 48.33333333328335
568 316 280 24.16666666657693
569 313.0710677915254 280 -7.071067832205529
570 282.4615384616127 280 -10
571 258.9230769232255 280 -10
572 235.3846153848383 280 -10
573 211.846153846451 280 -10
574 188.3076923080638 280 -10
575 164.7692307696765 280 -10
576 141.23076923118 280 -10
577 117.6923076925741 280 -10
578 94.15384615396826 280 -10
579 70.61538461536239 280 -10
580 47.07692307677451 280 -10
581 23.5384615383872 280 -10
582 23.53846153841923 290 290
583 47.07692307683512 290 290
584 70.61538461521684 290 290
585 94.15384615359856 290 290
586 117.6923076919803 290 290
587 141.230769230362 290 290
588 164.769230768853 290 290
589 188.3076923074534 290 290
590 211.8461538460538 290 290
591 235.3846153846541 290 290
592 258.9230769232366 290 290
593 282.4615384616183 290 290
594 306 290 265.8333333334231
595 306 290 241.6666666668461
596 306 290 217.5000000002692
597 306 290 193.3333333336923
598 306 290 169.1666666671154
599 306 290 145.0000000005329
600 306 290 120.8333333337247
601 306 290 96.66666666691091
602 306 290 72.50000000009715
603 306 290 48.33333333328335
604 306 290 24.16666666657693
605 282.4615384616127 290 0
606 258.9230769232255 290 0
607 235.3846153848383 290 0
608 211.846153846451 290 0
609 188.3076923080638 290 0
610 164.7692307696765 290 0
611 141.23076923118 290 0
612 117.6923076925741 290 0
613 94.15384615396826 290 0
614 70.61538461536239 290 0
615 47.07692307677451 290 0
616 23.5384615383872 290 0
617 306 287.0710678217876 297.0710678019434
618 313.0710678019434 287.0710678217876 290
619 313.0710678019434 287.0710678217876 0
620 306 287.07106781737 -7.071067806360912
621 306 23.33333333326259 300
622 306 46.66666666652287 300
623 306 69.99999999976927 300
624 306 93.33333333297035 300
625 306 116.6666666661714 300
626 306 139.999999999378 300
627 306 163.3333333328104 300
628 306 186.6666666662483 300
629 306 209.9999999996863 300
630 306 233.3333333331242 300
631 306 256.6666666665621 300
632 316 23.33333333326259 290
633 316 46.66666666652287 290
634 316 69.99999999976927 290
635 316 93.33333333297035 290
636 316 116.6666666661714 290
637 316 139.999999999378 290
638 316 163.3333333328104 290
639 316 186.6666666662483 290
640 316 209.9999999996863 290
641 316 233.3333333331242 290
642 316 256.6666666665621 290
643 316 23.33333333326259 0
644 316 46.66666666652287 0
645 316 69.99999999976927 0
646 316 93.33333333297035 0
647 316 116.6666666661714 0
648 316 139.999999999378 0
649 316 163.3333333328104 0
650 316 186.6666666662483 0
651 316 209.9999999996863 0
652 316 233.3333333331242 0
653 316 256.6666666665621 0
654 306 23.33333333326259 -10
655 306 46.66666666652287 -10
656 306 69.99999999976927 -10
657 306 93.33333333297035 -10
658 306 116.6666666661714 -10
659 306 139.999999999378 -10
660 306 163.3333333328104 -10
661 306 186.6666666662483 -10
662 306 209.9999999996863 -10
663 306 233.3333333331242 -10
664 306 256.6666666665621 -10
665 11.17897760979344 7.922381484386124 5.384962860443018
666 14.43825488364104 2.754721907580218 10.5975
667 12.45907898985671 7.939154520725966 10.60893744505307
668 8.899553223169523 11.80349909468067 10.62657334991955
669 2.973296002156852 14.26922573150942 10.5975
670 14.00840729943867 8.215877423334863 17.39693549480288
671 15.68826077500298 3.546866523638077 17.37024058541673
672 2.965797901604099 15.49351799653631 17.37216275954323
673 9.774854427852398 12.94135823147562 17.17968412085362
674 6.495841603591265 14.62390199489796 17.78167275846671
675 15.7473432816036 9.253475283633854 26.15729280644885
676 17.24217198512341 4.15349388473071 25.07065989574253
677 2.962733602351251 17.013634554828 25.83647049081836
678 10.79852387780167 14.45043576424105 25.07964413006842
679 7.317980232169517 15.98323478210795 25.74363604627191
680 19.89571238829885 3.210053453285227 36.2138584701952
681 17.11183816171737 11.50841590141359 35.4009199952075
682 18.89739554265991 7.728829248508148 36.08109507420249
683 3.419996940439652 18.81642791564465 36.21309175968285
684 12.56594341118116 16.36207245837892 35.33683838905585
685 8.310630432688594 17.84170456794895 36.0614532582957
686 19.75712567072132 13.40912145565417 47.90293309759688
687 21.8763315938169 8.431648297187383 48.80571600222933
688 23.47968696730108 3.898147273391968 52.08166018989031
689 22.23946239584273 3.644957133920824 46.65206883809098
690 4.016880630788909 21.02118693903176 48.78347412402115
691 14.80606264812186 18.8431382479212 47.73795285575328
692 9.926412625169856 20.10768666317336 48.59565130007115
693 22.93769058299456 15.98810104857311 62.77061454703593
694 25.31965470391419 10.0374391510445 63.81615992022579
695 27.13191718759408 4.647608479191777 67.63374002424783
696 25.6320494195313 4.325991638653111 61.29463754326608
697 4.764836472975212 23.70351198094667 63.78916735300645
698 17.71286913143187 21.97165833776742 62.59281421377548
699 11.8501843295928 22.98698134177523 63.57238351468355
700 30.68277836601708 4.464151918430984 81.88404511162133
701 29.3278785001316 4.375471384796962 76.4473498981462
702 29.09783026267642 9.556198423329498 78.07836491563305
703 30.9304026082751 9.012083864662532 84.85168315548911
704 31.98559964848076 3.56553627021229 86.87716233248057
705 28.61808056123518 15.38406656324119 81.39728122391611
706 25.66452271902265 21.11494232081601 77.99195113927266
707 27.40859513099722 21.47634108643287 84.98663807293859
708 22.29826087757343 26.7058705073885 83.86045317164643
709 20.94817287804011 25.22342090088526 77.40223255924924
710 14.32491843808548 26.47814807496526 80.77223470342815
711 5.277305082748738 26.84983366660423 80.7751093753761
712 36.11257133884856 13.06639472191077 106.0833756074435
713 36.93118544948094 5.850513562285538 106.2394607041959
714 35.30219062750145 6.903168633546231 100.4424444795354
715 33.49196423169447 9.271474836313455 94.67624427667761
716 33.9340301004558 13.8603812314051 98.74982466510608
717 31.54205981093809 20.35723620474695 96.85796046844963
718 31.53596951024974 26.16984533031885 101.4313706693204
719 33.85209701575962 4.742195654762047 94.36105887830118
720 30.46983205348063 25.4875601439775 95.33726003229494
721 34.1923856315581 19.39722442944919 104.4375523461347
722 4.926207237668342 31.22054302570805 103.1975298025247
723 13.25320722862551 31.07838772861599 102.0859236619822
724 22.15557218303782 31.42774820611501 102.9497508764554
725 28.5586147402143 31.11450109266422 102.6679025352193
726 26.57501740687248 29.61253064744698 96.55019491432931
727 19.09479715816183 29.80513225883679 96.11887591763545
728 6.330785039641562 29.80115797067868 96.0838251117906
729 12.47493343389284 29.49842854937941 94.738090022159
730 42.84886162104198 6.60540475887249 126.8525019911026
731 40.56754732526598 6.241956938187516 119.0608541029288
732 41.55340620779462 15.18532027177309 125.2298736285852
733 39.35471134424121 12.95407473429246 117.1137580378681
734 36.85577275507045 30.66396890297806 120.4978613001888
735 38.15629000686193 21.66624738386757 118.9049375249347
736 40.07550190708595 23.33339447409544 126.0764795366579
737 23.11675653268654 36.0618173753741 121.7294257405444
738 31.70205356875531 37.48155928825189 126.4964995567764
739 32.32993025429597 35.64340225934254 119.9014723683786
740 12.52177257076826 36.21632830588737 124.925957509857
741 5.953607344445713 34.61450971273187 119.0510354236569
742 5.529935201924873 36.35664023442629 126.8363381854481
743 13.81052725166131 34.57441846642553 117.6430950017818
744 33.79965742994053 34.50754835282017 114.6806488165908
745 50.49713938472905 6.15365522819468 149.3549945775279
746 47.58799126149368 6.79018211988164 141.2216062887331
747 49.3547357310449 13.6922471010866 147.552385501719
748 47.68403678589304 23.84774654005991 146.8249113121007
749 46.15862893752887 16.2033165690495 139.3917598950603
750 44.47767126696738 24.29797196461012 138.9083379912338
751 47.24963091326919 39.45044288808516 151.6509134667403
752 45.67835494413154 38.67740621239628 145.7573257613552
753 42.78953177380566 32.74402972148656 141.0616323041447
754 46.15284773984153 32.16449902504685 148.7010417013262
755 14.89877210461005 40.82940174720425 141.9913578043639
756 5.575912460069716 39.9415284378085 140.800433791705
757 8.247127436858825 42.28340691286861 148.7275274787555
758 24.84665239749903 43.33199243559673 147.6854453998858
759 25.66669352996911 40.87096418294157 139.0912360308338
760 40.40823150207252 44.24337923985852 148.1368320452975
761 39.99970628533993 41.58371320573251 139.4527260328379
762 33.0365542924883 42.88141458199234 144.0708034216017
763 17.98095981341337 43.28008627189818 149.6752307174932
764 52.79734547810223 39.75704741996415 166.5022012856451
765 55.64197075423975 28.20185586009968 166.3717480443014
766 51.70066637302489 33.88371435236091 161.4144999999999
767 60.12917600357631 6.067820411862357 171.6777027581434
768 56.70501090581625 5.486854605194804 164.2279565616619
769 57.53288160653568 15.22719501652632 167.0873227041351
770 55.96444868844425 46.63045557135686 171.9975025301739
771 6.771853714321027 48.53117268577421 167.134136790484
772 49.13744857730426 53.21809063294155 170.618840088441
773 47.18925612236233 49.93417483621525 162.7829547219924
774 39.11293754446767 51.37424759249839 166.8537229229991
775 27.28639586256908 50.38098601589613 167.2051734037011
776 16.78167746475558 49.23123029946105 167.0271865627259
777 72.49338058236586 7.335385343372026 193.116374700767
778 66.79992503544108 6.241726635774403 184.1272349341907
779 69.690434485198 16.6168548642133 189.2528967996426
780 68.94266923071639 30.02482936892473 189.5750582248991
781 67.20860685331306 41.19281353473249 189.6581796713107
782 64.78601269346768 53.07940934948537 189.1409451298285
783 69.64681148165805 58.55531763013774 194.132414848266
784 58.19578962236107 61.45357604367774 186.3686961588093
785 49.28573297930517 63.03092159583854 189.8106767978427
786 60.32387034391432 65.57479275163693 193.5137411735266
787 8.570599310321786 59.99623765807037 191.474364104409
788 36.61484641582958 61.82999046576645 189.8132313564602
789 18.10882513849383 59.78547364325206 189.7555737157964
790 27.24255676090148 59.81814623134001 188.0367759361172
791 82.12702858579982 65.33120813217671 211.4120036459304
792 86.02311844758964 8.835133766607338 210.5306733558056
793 85.77031785677272 21.11799879178853 210.593961488392
794 85.31856968745399 33.01734085992667 210.6296574075358
795 82.90624996543647 53.54688021338805 210.5055
796 82.78632883690491 43.10735403097053 208.9325513402801
797 8.876132124863846 72.66945256788281 210.3949977953096
798 33.96164805685473 74.9990997105328 210.5903896236261
799 21.58208261563191 73.41206782208687 210.1913841137109
800 60.03383898637268 77.5900518697827 210.4503453445169
801 47.49593775549782 76.48514431415188 210.5623038118287
802 77.65093948188752 81.53592344513048 214.1709552586529
803 70.85246775780683 77.15078544702315 209.2948598221475
804 104.9553023161315 87.36668525214085 231.0362382970493
805 105.0360509190994 23.90315526698515 229.1323473435881
806 104.7523445470515 37.77326162346311 229.1149997461456
807 105.223564612885 9.914583450707973 229.1494150733302
808 103.9661877935098 52.85317004500315 229.0894778543616
809 102.7942700613372 66.56335721239651 229.0859824639987
810 100.6542733817374 78.09141871626412 228.3604774612114
811 8.663032360927826 89.82194576797531 229.0062418480439
812 77.79265865774607 95.78887249133351 228.9956779717816
813 64.59924508651814 94.95199512741115 229.1485431624173
814 35.73387621426889 92.01412190624373 229.2156325710503
815 20.6553059015245 90.69030753322087 229.2176369276276
816 88.91337719786138 95.25661338249415 227.9434788474467
817 49.95621117180572 93.48021609633473 229.2008078562536
818 96.4431984610102 100.1997831220222 231.9369108596104
819 129.7782972148165 100.5539148979923 247.8593125743833
820 120.5282569941788 99.84907105799627 242.1727632863434
821 127.8500365957066 90.41165124821228 246.4926600968033
822 127.7164638199087 79.38228479872583 246.0684664945747
823 119.4887500821408 84.81797944031123 241.5314999999999
824 127.4758986094074 9.83285751355228 245.254806931614
825 127.4573285462629 23.74223255737798 245.259535111043
826 127.3575626246349 37.35728905029036 245.2292390595734
827 127.1906600700526 52.27946152095991 245.1732043144342
828 126.810624106836 66.48675474565577 245.206722211615
829 131.9146932437888 110.6777757317178 248.4180714555958
830 9.267050150272802 110.2593528149071 245.2323712963804
831 82.30335627214458 116.2402159592561 245.2985774578705
832 68.21500005435571 115.0634822151522 245.4153595769078
833 37.95450128709444 112.2386866472504 245.4284899498111
834 21.9212815265585 111.0535808338826 245.4184152218817
835 93.82965994754417 115.3018166137572 244.068598801466
836 104.0074362290826 118.3464615331971 245.8021591571541
837 110.9269971186934 113.4962137135563 241.8712330539877
838 116.848521161006 121.8726407591299 247.6234993159155
839 53.09081721458298 113.6096257796522 245.4203583803163
840 150.7197204693601 110.3234530650078 258.540158403065
841 147.5121927255804 122.2084813100505 256.9352962731979
842 157.3310080153851 132.6443788070079 261.2006986687537
843 157.6547387984798 118.7977159840939 261.7589947398889
844 152.7338795288258 9.840403529103931 259.3330014304594
845 152.7580547433963 23.76307230341708 259.3231332276465
846 152.8817884556379 37.36044337791388 259.3421390156831
847 152.9260032356091 82.09325920197708 259.3138308462246
848 152.6996879970556 95.96611244191854 259.3012858379062
849 153.0056668864341 52.27727214888676 259.3329860243778
850 153.0521904692664 67.18873005124783 259.3136012592088
851 9.916195945351022 133.3767403338824 259.1928700337755
852 140.337118196656 145.2168973445388 260.7064912250693
853 111.9842145316183 140.7688655934445 259.2724924576343
854 124.5880647205624 142.0960286074441 259.6051789992486
855 40.33432376501874 135.1136366425646 259.3614522299686
856 23.26530216341873 134.0888128624771 259.3487879213789
857 134.3737152502711 137.138450089929 256.3980453116397
858 72.59469795791395 137.6385410221436 259.3061133166383
859 56.44640419059077 136.3438184117868 259.3569233934238
860 87.18547911334808 138.9128139318001 259.3083879928692
861 99.24819341724508 138.3407419036134 258.4255567691446
862 179.2841039317683 132.013312987817 270.5232617134944
863 177.0831872396229 146.5884910987279 269.5732554590015
864 184.3995440220564 155.0030352271778 272.2049405706682
865 184.6321649655741 164.4844110371915 272.866709183384
866 178.6930511478998 10.43361077045457 270.7525830953455
867 178.7644120457122 25.21357394089279 270.7493705239643
868 178.9511031588896 39.54024221694861 270.7597826668327
869 179.6949376161033 102.6501559561185 270.7165000000001
870 179.7819073241982 117.279553586526 270.7228342808096
871 179.1953858712038 55.35486641449599 270.7597640672602
872 179.4639515918522 71.17140329390111 270.7453138459296
873 179.6521975566437 86.95816210933701 270.7432729055237
874 166.3353022569234 170.07805258139 271.871483620525
875 10.67317963550789 157.7432159817379 270.6975042294132
876 151.3186005758219 167.8672200766068 271.3619049051492
877 136.6728530259171 165.4675443548358 270.6751080327653
878 40.74948494277751 158.8519414957642 270.7173352469712
879 25.74707719526459 158.123229387967 270.7023024659136
880 121.7225122680301 164.7676328784984 270.76423030186
881 57.02425020852773 159.8426937631079 270.7151767890725
882 73.26776051710891 160.9891081069661 270.713687346774
883 89.41060095667206 162.2336738093464 270.7206703896011
884 105.5449404554472 163.462272697136 270.7140880446572
885 159.8303845994849 161.7014766894308 268.263014135104
886 204.8024090846944 26.41581872880482 279.9287830450031
887 205.0188724109266 41.34412646639008 279.9374108886702
888 204.8151679067297 154.7885983730806 279.205842987843
889 211.6336500980477 163.9406973168258 281.2502780305474
890 209.5988907225602 188.4260039295959 281.5503766004494
891 206.9262394056323 140.6151990644522 279.9277909373652
892 204.730602460422 10.92390022123593 279.9347652648368
893 206.6435297773374 123.9460214036363 279.9302634768505
894 205.3243978023054 57.86321382403224 279.9425973448963
895 205.6845425144106 74.39371396341042 279.9370016654005
896 206.0412143744333 90.92107914108311 279.9327745457421
897 206.3547207983391 107.4431445588229 279.9323849008952
898 201.1133183332461 170.2570995279075 278.0278942360316
899 210.3971539280283 177.3447582438938 280.862301932121
900 176.5526643374044 192.4013231657456 280.4230765220152
901 190.9800583289295 194.4272562690289 280.8368723766734
902 185.5331042685917 185.5905114625997 277.5957516901294
903 162.1305710147656 190.2764517684986 279.9367929717309
904 10.67019708086402 182.3949155856424 279.9401803953054
905 40.58055047619692 183.1338521082986 279.9342416096084
906 25.74978535217119 182.6616097650855 279.9449939411121
907 56.82613291437957 183.9149611129038 279.9460592042327
908 105.4348800060979 186.8802175248804 279.9524364608307
909 89.22295494853876 185.8318819050948 279.9517709978529
910 73.01755640550385 184.833293286517 279.9519329647251
911 136.3401728207867 188.8140479956067 279.9248815735502
912 121.6178053578257 187.939011463364 279.9496342255472
913 148.3940245725294 188.1517753172806 279.4420002804544
914 233.0713206937975 196.0840782543241 287.163
915 230.122486373881 11.22696712247692 287.1736532792568
916 232.9763981911524 162.4058611159291 287.1608894649957
917 233.2843099791246 179.2029614752655 287.1428257449657
918 230.1959895763718 27.09525700447779 287.1710609103278
919 230.3674008816591 42.67946597283729 287.1685159022878
920 232.5840180910602 145.0296578073359 287.1669609610997
921 230.6502347367664 59.74822030022807 287.1682125895683
922 231.0086541327974 76.82882155785373 287.1673433358623
923 231.4176085793186 93.89745137697108 287.1666206966192
924 232.2265477193145 127.9583453664091 287.1746554142226
925 231.8190218574708 110.9621689201419 287.1689099275089
926 198.6139794700463 215.6833690422113 287.5415870011035
927 211.0643632678687 213.7632212687363 286.8051440577926
928 11.03463673383637 206.4788133486024 287.1761672390347
929 184.8664795040729 213.6992723994978 287.1463905905984
930 41.97678679755501 207.0203015882987 287.170959735907
931 26.62766868894814 206.6574615103708 287.1754679851608
932 58.77575744426809 207.5908349542936 287.1707270037687
933 125.8811552364739 210.8174611469306 287.1665785540832
934 109.6244012151869 210.0199260539283 287.1816713634118
935 172.5258023567521 212.8316321486741 287.0608872805712
936 159.3766192003027 212.5770156820868 287.1678779982069
937 142.5553221084479 211.7003143850358 287.163
938 92.3325045581019 209.0871892975157 287.169500572462
939 75.55003159367499 208.2957033295511 287.170102703463
940 254.4952951281774 11.04373988924345 292.6813558121011
941 256.7036480419498 217.3099128581135 292.676
942 257.523711487836 199.9913283700713 292.6186456666413
943 256.2716774469469 130.6963775673517 292.6759999999999
944 256.6321823602388 147.7017760596944 292.676
945 255.9099909596396 113.392985535102 292.676
946 255.5486378278953 95.92825105753845 292.676
947 255.2034027953117 78.27861093215633 292.6774203500538
948 257.3181182258115 182.0874226004684 292.6536694691636
949 257.0149693572245 164.909376692214 292.676
950 254.5706979594262 26.19120503191827 292.6845315061116
951 254.9327954142738 60.93849290976335 292.6809636672703
952 254.684307673145 43.54289003065725 292.6771911897344
953 180.2326019703056 234.8634297947599 292.6791574559214
954 162.8175344260837 234.196503875694 292.676
955 10.95288237109166 229.7911012806162 292.6819010824875
956 26.06013881926491 229.8690567289709 292.676
957 215.0551874465225 236.1477155126161 292.6826339868556
958 197.4111888555657 235.5416638942894 292.6884219038112
959 233.8945385768005 236.4874718698736 292.6318477777301
960 43.2203079494098 230.1441873317274 292.676
961 60.33906759540898 230.538435371504 292.676
962 77.43392438937943 231.0294961093843 292.676
963 94.56835519798113 231.594362906124 292.676
964 111.6373501546316 232.2125937940945 292.6759999999999
965 128.7306790810164 232.8627666296688 292.676
966 145.8857146957823 233.5302642420331 292.6760000000001
967 277.1889311317661 11.19754840759974 296.6226878432162
968 277.225360239558 26.63116044857469 296.6225
969 277.3173417182402 44.22317117239805 296.6225
970 279.4470872182275 202.0804722977936 296.6143007279325
971 279.1658827875926 219.5098020989834 296.5346506483804
972 278.609072340857 149.2551998378478 296.6225000000001
973 278.8610510305935 166.135417607505 296.6225
974 275.5708956630054 236.286305297053 296.3598131154636
975 277.4606517846145 61.70181558638619 296.6225
976 278.1033722446367 114.2476592157858 296.6225
977 278.3528323576531 131.8492570337666 296.6225
978 279.1742504835303 184.2418060815169 296.6225
979 277.6427633873589 79.27186792775869 296.6225000000001
980 277.8618806921884 96.7608988289814 296.6225
981 256.3515082399131 255.0468511571396 296.5034760357625
982 233.4846438447921 255.8206565364951 296.6092209703417
983 196.9702503674018 255.0802935276245 296.6321949709599
984 181.7747913993775 254.6727862312086 296.6225
985 217.428433010174 255.5276528272665 296.6225
986 11.06565194251895 251.6988839839342 296.6233827058418
987 26.32111155446136 251.7505694695035 296.6225000000001
988 43.69201445582588 251.8998252243663 296.6225000000001
989 60.95890603641054 252.1197931432517 296.6225000000001
990 78.31822220297069 252.3965672205376 296.6224999999999
991 95.55292095009338 252.7197169898466 296.6225000000001
992 112.9386876995604 253.0788499832989 296.6225000000001
993 130.1253383750115 253.4631961043606 296.6225000000001
994 164.7601185521885 254.2712824709755 296.6225000000001
995 147.5465460083364 253.8628693196351 296.6225
996 296.8857607838385 43.4527261858821 299.0925583973251
997 296.9230464119934 58.71297285913735 299.092387560186
998 296.8369252466817 11.30869737727044 299.0915455859126
999 296.8525733797977 27.0938534351498 299.0918573041299
1000 287.7644624111004 261.2052111272155 299.0096814351939
1001 272.9094289164162 270.7930274638777 299.0266190605683
1002 58.18878828704229 270.9634984939632 299.0931368519412
1003 43.0702226831221 270.9027954111841 299.0926921567776
1004 26.84006461118701 270.8572152702425 299.0921903072333
1005 11.20373051406454 270.8371307675083 299.0919587218369
1006 147.1821474571064 140.5220932809094 300
1007 214.7034001037466 192.8048701410164 300
1008 221.0025995279597 88.46099322815601 300
1009 87.3987818879436 193.1897870634869 300
1010 86.61286832869742 87.89131025961474 300
1011 151.2852412594892 210.6655302636805 300
1012 158.0894672221199 63.79332758937282 300
1013 57.65695016840682 140.383771908935 300
1014 247.5707176041205 143.0866972868324 300
1015 254.3461137936346 228.2501228227104 300
1016 256.5587460010243 52.55853799558376 300
1017 196.5076384147614 146.0733340730344 300
1018 49.06283198714026 230.5322486176973 300
1019 48.70572329644331 49.01713421004244 300
1020 193.5706550058217 232.0178558321848 300
1021 110.9210561568266 232.9724613886865 300
1022 193.6686884444535 47.23084012619815 300
1023 110.9374588423687 46.19734150326966 300
1024 101.7657831900167 155.215473789276 300
1025 264.1171241424919 183.7225404240656 300
1026 262.1655426401902 97.20865673395826 300
1027 176.5265876546798 105.8870717258431 300
1028 39.57326937505552 184.3891580122243 300
1029 42.9006096273171 98.66658461940941 300
1030 123.5656312135966 102.5749302854562 300
1031 168.4551496470442 171.5513720824413 300
1032 121.9051057027301 188.5659318681155 300
1033 91.5406212831916 120.234347857655 300
1034 160.7283365416651 246.4321965365526 300
1035 224.8974072220477 245.5376287630575 300
1036 79.21962740178911 246.3159285305323 300
1037 161.4325264680592 34.76224641835958 300
1038 225.0965050364558 33.2565784731332 300
1039 79.38007810604536 33.28122867566158 300
1040 219.683145431888 121.7836162140162 300
1041 185.5936995873275 200.5901221767051 300
1042 29.80513092982486 150.2660666450325 300
1043 274.7658061399545 126.1718365860048 300
1044 223.751906820426 161.2068388258581 300
1045 188.7666173171028 77.63120367676215 300
1046 72.81549151987858 166.9181315975892 300
1047 29.51809297358145 209.7641973707526 300
1048 275.6579629131037 30.13827974643565 300
1049 29.50162506417078 69.7955876848049 300
1050 277.2400552839277 155.2367592091802 300
1051 276.3607401319338 208.5818373291854 300
1052 275.4315379427482 248.4819270246221 300
1053 276.2418064530657 72.08598626687235 300
1054 26.44821490899583 253.3972065916368 300
1055 112.121812632989 75.5351588714279 300
1056 29.16518424902136 26.69658224714387 300
1057 132.7887818014353 251.6932241271674 300
1058 119.3106983401769 130.8954792992153 300
1059 141.3836163731487 166.7617716319781 300
1060 225.956693647441 218.5345218495936 300
1061 196.0207789341334 173.5015506940232 300
1062 132.9009473448742 27.22926707087706 300
1063 225.5164428465882 60.55413443342222 300
1064 27.87934460458994 122.9286908984565 300
1065 58.29604678863305 204.4086655349737 300
1066 148.7651175738219 111.0536029510441 300
1067 57.98517839081536 77.36314486508741 300
1068 171.8923148984504 132.4735389162548 300
1069 249.7177215062848 254.6775395383129 300
1070 67.01438540557507 113.6116052928883 300
1071 86.42697683601941 221.4863721338174 300
1072 86.25908508045572 58.74815368066633 300
1073 249.3407615919585 25.08316877320515 300
1074 126.3686075882465 213.1296195963158 300
1075 182.4744062765021 255.4667514020743 300
1076 55.3280179848271 254.3455847128377 300
1077 243.8972402913537 114.774422310142 300
1078 248.2626829103979 76.14960914616017 300
1079 249.1103248783254 203.8533217962803 300
1080 55.82493206097467 24.92463522357794 300
1081 181.2740917761803 23.95495327575622 300
1082 102.1658638031447 255.7907977016508 300
1083 194.6610191514423 121.9309633832654 300
1084 172.2643547293283 223.6553927653664 300
1085 104.0694661541739 27.29690898835347 300
1086 238.4430441291101 181.8579823790178 300
1087 98.68850080042623 176.8202556432754 300
1088 134.2925608570291 51.82990436830887 300
1089 172.3359041703875 59.09342487999916 300
1090 87.1053099769745 141.1292186405146 300
1091 284.7496335200963 95.60771401547137 300
1092 205.9293558796996 216.5887278656972 300
1093 160.3785994465279 95.28867065280539 300
1094 283.9483297674412 182.3887862859298 300
1095 22.92984514849348 228.8025911520189 300
1096 105.9740182148862 207.933944635483 300
1097 22.49126738463379 51.22831708020796 300
1098 205.4040979407782 258.0216207506409 300
1099 101.1629371534714 100.8800472644515 300
1100 139.3221568176377 230.6233982929978 300
1101 251.7422121403427 161.6292049540297 300
1102 150.5090024015174 190.5781034027816 300
1103 20.51518136433857 183.2351491485113 300
1104 14.95000593115404 96.104326223821 300
1105 197.1002556578954 96.31602964526178 300
1106 283.5947147657649 50.76534495838316 300
1107 133.5457234529306 82.40961647528971 300
1108 205.7649000853785 18.44416847805088 300
1109 283.3139159580697 229.1950497936907 300
1110 54.75370871465891 159.9904010381577 300
1111 121.882927200622 154.1125370002353 300
1112 176.7705556002778 152.8287814891793 300
1113 205.3159213523119 64.46151120804682 300
1114 67.52942283406915 181.554254141577 300
1115 237.5541370998837 95.41732947206165 300
1116 227.0528925551452 141.7604312493004 300
1117 66.70872258489852 221.836458078067 300
1118 43.43780633744806 126.3286682977858 300
1119 66.33888918377534 58.44103469419427 300
1120 167.0619399197559 199.4616464019224 300
1121 67.54617158607775 93.83712756464459 300
1122 155.4157375528842 157.2842580107381 300
1123 147.3331303774169 261.5509007944877 300
1124 116.4411513755726 172.1056539712986 300
1125 212.9726919156529 231.0483168515662 300
1126 17.74456521112002 164.5920013357107 300
1127 233.2928303546123 262.8564353648983 300
1128 150.0134600912632 18.40202249806708 300
1129 284.7133178795638 140.3367640176666 300
1130 290.7534667532017 111.1357380809501 300
1131 82.35184805093621 104.6269137686947 300
1132 102.0429538127204 135.8250723723485 300
1133 212.4447630878212 47.13045614386323 300
1134 264.7766512427987 141.5213301824996 300
1135 109.526148891055 116.1875509120845 300
1136 265.110089220149 263.0381760674312 300
1137 118.3178779468099 261.3622615986101 300
1138 17.97958043333673 138.0421131499517 300
1139 77.55010963174385 264.0487568788835 300
1140 137.7702128215027 125.2367361446537 300
1141 170.7827229700134 75.78558615552133 300
1142 237.2705945537112 232.2835333176516 300
1143 117.5400767494122 15.6584197498011 300
1144 167.236213533794 262.8399910401612 300
1145 134.6026660830719 200.6001426011408 300
1146 150.674025365154 50.00807904639827 300
1147 260.3614010632469 113.6597386210458 300
1148 237.1363801480969 46.41474990685101 300
1149 42.83419306865127 264.0821571057166 300
1150 290.8423185359071 167.7104437168553 300
1151 234.1121429636262 17.84945310097639 300
1152 80.56437021601478 15.55781955365912 300
1153 289.0297539394589 18.16076405013344 300
1154 211.1697596480509 176.3985281619776 300
1155 221.0861366659524 105.5260054518031 300
1156 95.07384653515388 238.5250272147793 300
1157 291.0777385643862 197.26785912319 300
1158 197.9660491854913 188.3866285288321 300
1159 179.9383938034737 183.9828853303218 300
1160 178.3546366453608 43.22706172958019 300
1161 233.058299020402 198.921140602508 300
1162 63.02068980977086 240.3623860071677 300
1163 166.9062391966405 15.42384443843657 300
1164 175.9516571410946 240.6904431212896 300
1165 262.0152228622254 16.68532121407605 300
1166 94.21103783262375 42.05483444174408 300
1167 141.6604204040612 97.43892107614818 300
1168 206.1672235659516 160.4157393943579 300
1169 208.2001245469963 133.999654578429 300
1170 73.53610392144995 128.821840057227 300
1171 15.62316931292709 200.8159764980369 300
1172 14.65258849187858 78.71094143259469 300
1173 231.404501542379 78.05428689970927 300
1174 16.66814784803377 262.9592601371596 300
1175 40.90757006642792 16.43926451098795 300
1176 63.55315884801347 40.25481282879517 300
1177 291.1461371070706 81.07722326185728 300
1178 15.22911907455841 111.9062858677523 300
1179 43.84715950094895 139.9561871616899 300
1180 187.9026891537424 215.1417824769878 300
1181 126.6936371304693 66.94329448919247 300
1182 42.75684621632739 199.837364562062 300
1183 47.10281136204102 215.3077138294548 300
1184 155.1880948679132 127.6634334432872 300
1185 46.36327610671898 65.28017181894218 300
1186 15.32215312872931 17.16581546266511 300
1187 43.30271544185522 81.33781276205761 300
1188 95.02589045352366 72.98152110925471 300
1189 37.34741899188221 167.0633325084417 300
1190 237.7192183288183 154.1087370036437 300
1191 269.2761948142405 222.6929256014717 300
1192 260.7213503265417 244.3516290390757 300
1193 290.5833228286501 246.2364496604 300
1194 262.4627060145182 80.98774143513479 300
1195 155.9163053684684 228.4634601931537 300
1196 268.9348618772149 45.59601757725439 300
1197 263.9424174421828 198.0721231241744 300
1198 292.5795301070768 216.385432947416 300
1199 126.2327500135414 237.2924913725152 300
1200 43.67454500203306 245.7736388398969 300
1201 259.8582188166758 67.0569545021238 300
1202 81.44632458952893 179.6342421835269 300
1203 89.82334543202683 165.3975441423851 300
1204 268.7538179161224 168.625623476251 300
1205 76.75150274411939 207.2591749816081 300
1206 290.1247744457299 36.38433481548758 300
1207 274.8436295176098 104.8020693242144 300
1208 15.44122748308432 242.4841264570141 300
1209 71.39694039225871 149.4561117391254 300
1210 135.1615472128515 179.4988437236979 300
1211 43.59408176243517 34.01467818804149 300
1212 180.0456642509473 91.95786581359593 300
1213 235.7936809631975 128.6750644121106 300
1214 15.73908123248464 37.00565547396623 300
1215 75.53408733110967 74.29425990577423 300
1216 206.0970120280078 82.49472131499098 300
1217 13.32909618813663 64.41520673945807 300
1218 13.61422148700041 215.2631155040773 300
1219 187.728027787216 61.82424572589176 300
1220 283.4439485775646 261.6523645422424 300
1221 217.7670667601294 264.3830258790807 300
1222 118.0685943339279 32.30060459300912 300
1223 106.5214422236306 61.06842858726482 300
1224 113.6838023589697 90.81561289372503 300
1225 243.446264615705 217.8291097085454 300
1226 182.814429090517 168.3115534849671 300
1227 102.0365313284738 221.230309075178 300
1228 30.52095242677221 107.9405413158727 300
1229 206.55481931181 112.3896229101431 300
1230 242.9100472726608 61.84477935250218 300
1231 144.2369962014726 36.95730846405073 300
1232 292.1979949442879 63.09725179138918 300
1233 134.061073307832 12.25794186374905 300
1234 161.2770387585539 142.5271011531682 300
1235 145.0988453240044 243.9157320520457 300
1236 105.5243885041815 192.6490008248323 300
1237 193.6053935566458 265.5641832768621 300
1238 194.7240327394614 247.5835145443962 300
1239 132.0275007003872 266.2648629483056 300
1240 115.7221860686198 247.4772022929016 300
1241 164.2417376980436 114.167528213693 300
1242 220.2360264082471 15.94196354170805 300
1243 66.17733926611632 13.37335336136136 300
1244 255.8710234148803 128.8531917872212 300
1245 196.6158849031468 32.48732589826189 300
1246 187.3097126139863 134.6350636067594 300
1247 129.8147192635899 141.3380544372608 300
1248 180.6689695703377 119.7868127406065 300
1249 217.1262972686289 206.117811970885 300
1250 137.9770529855364 153.6881978684082 300
1251 94.12533867015446 266.7740147626973 300
1252 249.870272831581 190.2584562307729 300
1253 152.9354643399529 174.2534909001278 300
1254 77.91742106666064 232.8732012482312 300
1255 60.58640164885064 267.110088017369 300
1256 124.3778394370963 117.1469965202027 300
1257 292.7821487971918 127.5121779307917 300
1258 77.79305623095379 46.90251704583051 300
1259 217.7378294132188 74.08357419267136 300
1260 193.2839096085101 13.84203068988728 300
1261 249.8119294533117 268.5166688028474 300
1262 12.84888542881809 151.2726813365738 300
1263 175.1763316310193 210.6460203619744 300
1264 260.046419933253 212.4645472602788 300
1265 113.071605141163 144.3554421984254 300
1266 192.2591336173868 159.9651237463407 300
1267 118.1855006048632 203.4700159870378 300
1268 275.8892700096871 194.006629257309 300
1269 91.44451565857814 207.792985062858 300
1270 52.25758726406876 109.3451258508912 300
1271 238.758261767929 246.9275831963682 300
1272 150.6307856277722 79.75745786663937 300
1273 210.1272970810476 245.2955173024325 300
1274 36.08136061279076 224.5723849675967 300
1275 180.5443480713666 268.6589167388076 300
1276 101.4787005604201 85.54767389396324 300
1277 139.2198776085746 217.2230679458093 300
1278 36.31712581247639 54.28371908534647 300
1279 256.0081929947364 36.80624887097906 300
1280 251.9140525949027 90.54026956316207 300
1281 13.23649857090863 125.3286227471542 300
1282 292.8842458135102 152.6979946680903 300
1283 213.507105261654 148.4763121053791 300
1284 268.617822567047 234.5943308563141 300
1285 272.7613249671734 58.66603318858576 300
1286 29.59731184844601 195.6083691183174 300
1287 251.1784747379155 102.320083340074 300
1288 135.2278442900157 110.690237395501 300
1289 237.2947007670553 168.4616294292061 300
1290 246.7477877600828 12.66479589287666 300
1291 211.8854984099567 30.63200488914456 300
1292 296.0637791728068 234.3073959093671 300
1293 31.14513911481385 135.8669270985901 300
1294 54.43628705170721 175.3677846370147 300
1295 251.7035286544505 175.7592394822238 300
1296 29.30474949719132 88.75929900642669 300
1297 52.79845246202683 92.10995913241803 300
1298 68.14821856461874 254.3325729911634 300
1299 189.2595525995187 108.0447277031193 300
1300 275.7569043119909 86.86521146486054 300
1301 98.20363215024162 13.94660068615774 300
1302 239.8341169099143 32.20527497631853 300
1303 262.8362581657721 154.5680006851049 300
1304 225.0344950772213 180.8146299026242 300
1305 78.77231832536175 116.6322137640389 300
1306 116.1444690201568 221.2086707391256 300
1307 31.91811293946073 238.2309250054981 300
1308 121.3515360876331 53.65787668000315 300
1309 28.26267337042957 268.0935036346604 300
1310 210.8674899910784 98.29009454872698 300
1311 165.3515302072848 48.97942190690337 300
1312 28.118388850188 11.79471844053477 300
1313 163.4637444421687 184.5464506273639 300
1314 44.68207366114436 151.5319518524514 300
1315 32.41616953590272 41.72971517849049 300
1316 276.7452451899925 11.70347421502531 300
1317 59.34072308994051 124.5875791911556 300
1318 106.5694296770874 267.3104825216355 300
1319 230.3344980573102 115.5095637974478 300
1320 142.3210332759125 65.79027997253357 300
1321 128.1328175053934 40.4299447839331 300
1322 71.13986525534 194.6642780713245 300
1323 225.2743468347132 231.8510001954672 300
1324 89.08900526547279 254.2384952327851 300
1325 171.597653373264 251.3573455250194 300
1326 248.4487804167757 240.0172187154511 300
1327 83.21687993897812 154.8419322081758 300
1328 69.09997569943292 25.47836992861103 300
1329 296.9055978430753 95.48033342311663 300
1330 129.4575722096314 223.8954495893527 300
1331 129.8690016327703 164.8774734145758 300
1332 296.616243450287 182.3125441667991 300
1333 297.1331737789884 8.880206101942452 300
1334 9.081073178988763 253.1395694274476 300
1335 200.6940128264884 203.1885403531806 300
1336 90.67757855774259 26.06718628512021 300
1337 224.9951652530589 47.5218346929105 300
1338 163.9745889197065 214.522052280554 300
1339 55.32951471671545 190.6810640734539 300
1340 5.225756587209509 5.225756587204497 0
1341 8.458581735004394 3.452625704637357 0
1342 3.491974927700725 8.421785757451918 0
1343 2.950698889720848 2.950698889727331 0
1344 312.2490919280036 12.8022343862683 297.8069744507944
1345 312.2490903882145 267.1977828128589 297.8069756833183
1346 316 141.4169559753066 139.2019964220055
1347 316 82.17637411759955 202.6447245326623
1348 316 198.7435709805713 203.9181692497292
1349 316 198.7313937749235 78.88823519740581
1350 316 82.28876096131705 80.0509801233805
1351 316 64.59333465197273 143.6188489852394
1352 316 215.4066653482037 143.6188489855473
1353 316 142.2456240574564 59.80507860166996
1354 316 139.9999999999788 229.4522333121789
1355 316 49.81030926379677 246.7886042646376
1356 316 230.1896907362053 246.7886042646351
1357 316 231.1753883359809 44.12219915984041
1358 316 48.82461166373656 44.12219915962373
1359 316 122.8584881296692 186.1080942776608
1360 316 41.00165046509856 184.6262894427376
1361 316 239.6685268179517 184.5493196883062
1362 316 97.95687828882097 247.0965272664598
1363 316 184.7380068641237 246.3478713360724
1364 316 236.2663190771498 104.4085616674313
1365 316 41.68031944350057 105.0872439250969
1366 316 177.9483441534314 164.8168241340328
1367 316 103.3904858846545 44.03182241302208
1368 316 178.9207388622087 42.60220003308055
1369 316 122.8213036926983 95.57687755588245
1370 316 182.0517892514359 122.1218264812047
1371 316 102.1668481226213 152.8021767665678
1372 316 159.9535926111069 200.8610538553277
1373 316 88.4435056622292 116.6590640635782
1374 316 162.2878060656726 88.44922443397734
1375 316 35.79804983277758 149.1548703371362
1376 316 247.5191551371373 152.9229947336707
1377 316 151.1551751843042 259.7261166562001
1378 316 149.0744166499488 30.78955262488106
1379 316 84.94873759441903 174.3692202707572
1380 316 30.41274035215609 215.9190881724659
1381 316 249.5872596479023 215.9190881725784
1382 316 34.53812240217272 80.27699993761007
1383 316 245.1196506845411 80.16388622805118
1384 316 72.99387563598556 30.4535098315433
1385 316 209.1823659343099 30.65615099279172
1386 316 200.5884408574337 178.1211517828367
1387 316 109.0183280156275 71.52431555656872
1388 316 117.8974762391651 213.562507339319
1389 316 72.54310760409675 259.9930690357055
1390 316 208.5791287932501 259.1165116337633
1391 316 207.4175727305802 111.5822108794438
1392 316 31.49331231048665 259.3538188974313
1393 316 248.5066876894788 259.35381889743
1394 316 120.4311226959917 261.2324964006434
1395 316 147.0292642695419 111.114818446955
1396 316 248.920570753044 30.57159640383122
1397 316 31.07942924676696 30.57159640376746
1398 316 148.7935605985294 165.5393816617439
1399 316 71.97051638191921 230.8954934255011
1400 316 209.0521739841237 230.5105695343964
1401 316 110.2372737417751 129.1921023793307
1402 316 127.9253481457656 25.19698253994858
1403 316 252.4554757025369 126.7359161093698
1404 316 26.91797961428828 126.0704439378846
1405 316 60.90650240403239 210.2296372719324
1406 316 218.9515296783657 210.2358171339318
1407 316 165.8253923025173 224.7171834188418
1408 316 211.1701517713002 58.36718012660275
1409 316 70.77176404398966 57.53805779522742
1410 316 100.6887711533316 184.7657248065696
1411 316 189.8762438194315 143.1448044041508
1412 316 223.8408133812817 82.11743370642377
1413 316 57.70598924707347 81.24957475524162
1414 316 166.0610934982238 64.70897219734742
1415 316 166.8185272173576 143.2777193412753
1416 316 64.43844369919452 119.8011218899828
1417 316 26.03930014364116 237.3854818753215
1418 316 253.9606998563928 237.3854818753672
1419 316 171.9528885327668 268.6314366730604
1420 316 142.3347945519915 88.48147132421956
1421 316 256.2251009626585 57.29423501756534
1422 316 23.73212067313775 57.30837423117264
1423 316 125.4150443708371 160.9507751096643
1424 316 55.17589283986339 18.81582926234465
1425 316 229.6019430593314 19.61441235802798
1426 316 137.087415852956 205.9733745979255
1427 316 19.22986069647358 180.1676878565791
1428 316 260.8271271677236 180.1611428094589
1429 316 170.8005938871495 20.9187718699632
1430 316 50.93501141195512 269.0876201628823
1431 316 229.205301535895 269.6044958505024
1432 316 179.9316558483148 187.8663610637515
1433 316 99.18094665819672 269.8281934336078
1434 316 57.02319186668065 165.8556464776684
1435 316 227.3672132608899 126.4351603259862
1436 316 225.210280151162 165.2628594755174
1437 316 96.30796902055143 95.83786869913752
1438 316 21.425331737657 94.94449864433409
1439 316 258.0955505838056 94.78613945096146
1440 316 118.1861851166971 236.659371598975
1441 316 186.6681413369568 97.31185893449344
1442 316 97.12203695221292 22.53420047044902
1443 316 123.0281284064617 49.57611340028337
1444 316 85.80860337636409 138.0456043680944
1445 316 188.5039022678836 61.41029760580117
1446 316 98.24623182583505 222.1062598195095
1447 316 61.70332059673144 189.8712459005381
1448 316 70.65309011359216 99.17072072577537
1449 316 91.24419834282928 60.52095195511113
1450 316 47.04696307950978 131.0046228490961
1451 316 187.0441542491889 222.3952410122336
1452 316 219.1226941762987 190.9496390892323
1453 316 160.6738086470093 244.1916115920887
1454 316 136.6620054058836 249.0439205733537
1455 316 202.9104070826117 128.8969640154733
1456 316 146.3969121061781 187.4578971333803
1457 316 259.4871105174282 201.5910438561068
1458 316 21.63674086244162 202.100475511087
1459 316 193.5019071422704 272.530085995674
1460 316 192.7401993022494 20.26359712621276
1461 316 162.6048130635121 181.3083035696473
1462 316 81.66666666636982 14.22697184988375
1463 316 202.1735480381647 157.8732435022478
1464 316 167.7722540859236 108.7678422482289
1465 316 83.76434689875828 277.4553156173283
1466 316 159.8551281590837 44.88380202482553
1467 316 177.8888028887023 207.5318330920201
1468 316 16.64773531308396 158.4085518858589
1469 316 263.7539543100446 158.856358951304
1470 316 161.0177581599131 124.8968405879339
1471 316 126.3376068463641 120.5126532452763
1472 316 180.4504673887321 78.15371767380503
1473 316 137.5016409592965 271.7005140044102
1474 316 47.22747513600963 64.64478031414872
1475 316 233.2159124591503 64.86902722273616
1476 316 78.90814312241156 154.9382993736654
1477 316 150.6381464781773 14.78463090004501
1478 316 17.12558885663413 272.7121767907598
1479 316 262.8744111432894 272.7121767907536
1480 316 108.8295317927236 111.5557131886411
1481 316 108.5278929326934 170.7124500685225
1482 316 16.24893339369176 111.3592201249993
1483 316 264.3689553890748 112.2878458372595
1484 316 262.9932444232907 17.2207984436738
1485 316 17.00675557659693 17.22079844364482
1486 316 14.35885375758395 254.9216396520073
1487 316 265.6411462424095 254.9216396520127
1488 316 34.99999999989272 277.3359085135701
1489 316 244.9999999998431 277.3359085135337
1490 316 86.18258936097409 43.24839654040627
1491 316 196.1087990672095 42.99423702884373
1492 316 122.2230364110133 142.503351496186
1493 316 266.9181355414486 36.05927893918877
1494 316 13.07963734666291 36.06001504984656
1495 316 47.21713927968401 223.7867104028882
1496 316 232.9296477950882 223.7235863981024
1497 316 232.8116030785759 143.6160200455273
1498 316 244.9999999998431 12.33652759170453
1499 316 34.99999999989272 12.33652759159437
1500 316 150.7166001916398 215.2509612960685
1501 316 43.81301566002402 204.4222411169415
1502 316 236.6244614388391 204.4947490563763
1503 316 33.96950214498231 168.3776051372447
1504 316 246.3315237872385 169.7297347533943
1505 316 139.5184976000827 43.6402270884636
1506 316 15.87275295202996 139.8934398990274
1507 316 264.1121641048878 140.4082326449713
1508 316 210.7211464326079 93.23628772302922
1509 316 263.888060446201 80.2821854727172
1510 316 15.93911496259349 80.33930789602499
1511 316 16.64946739080463 221.6549723643941
1512 316 263.3505326092617 221.6549723645062
1513 316 102.8631789140286 201.8087956730199
1514 316 151.6873558899598 73.86282674238687
1515 316 129.3087674753264 73.30673301633938
1516 316 153.6967456441357 276.0554796963897
1517 314.0161926657669 267.3033333778112 -5.978348864469571
1518 314.0161943607537 12.69667005482806 -5.978346591710697
1519 153.0000000002736 140.0000000000345 -10
1520 86.33067773176981 193.2122170740578 -10
1521 219.6693222685398 86.78778292567991 -10
1522 85.67111237192265 88.99712877823215 -10
1523 220.3288876283291 191.0028712219812 -10
1524 153.7194066076796 212.1190968957467 -10
1525 152.2805933925808 67.88090310424214 -10
1526 245.4378404075889 139.5917823434321 -10
1527 60.56215959236147 140.4082176565609 -10
1528 44.32723912470921 224.9180103683335 -10
1529 261.6727608754045 55.08198963167204 -10
1530 44.32723912471317 55.08198963168686 -10
1531 261.6727608753917 224.9180103683107 -10
1532 103.0643264713308 153.6702815842194 -10
1533 202.9356735289281 126.3297184155274 -10
1534 196.171570797958 47.8604817547533 -10
1535 196.4377416143069 232.2276037562224 -10
1536 109.8284292023187 232.1395182452804 -10
1537 109.5622583859807 47.77239624375201 -10
1538 126.2250236210148 102.3687389264632 -10
1539 179.7749763793736 177.6312610737455 -10
1540 41.59176342692606 179.8213354959707 -10
1541 264.4082365732211 100.1786645040745 -10
1542 45.44240422347233 106.7874219283914 -10
1543 260.5575957765788 173.2125780715884 -10
1544 141.1920283505413 177.5545845409158 -10
1545 164.8079716497632 102.4454154590666 -10
1546 153.0000000003329 34.69094618077802 -10
1547 153.0000000003457 245.3090538192244 -10
1548 216.8156304892223 159.3346819831503 -10
1549 89.18436951048172 120.6653180169344 -10
1550 226.087475512982 33.03265153881559 -10
1551 226.0874755130033 246.9673484612051 -10
1552 79.91252448711374 246.9673484611511 -10
1553 79.91252448709218 33.03265153883239 -10
1554 188.5564884720215 79.54772879024559 -10
1555 117.443511528275 200.4522712097018 -10
1556 275.9858648797953 128.3333333327747 -10
1557 30.01413512016044 151.6666666671889 -10
1558 228.9867075953452 118.9729911519307 -10
1559 77.01329240489048 161.0270088478695 -10
1560 116.637878379226 82.92366720163201 -10
1561 189.3621216211003 197.0763327985057 -10
1562 278.2828771123477 70.58860347324844 -10
1563 27.71712288767369 209.4113965267923 -10
1564 277.5421086968933 207.3486120413562 -10
1565 28.45789130309968 72.65138795858849 -10
1566 31.10113555545819 247.4819901420033 -10
1567 274.8988644445798 32.51800985795137 -10
1568 31.10113555546154 32.51800985802472 -10
1569 274.8988644445665 247.4819901419999 -10
1570 29.23600496746195 121.5083216461844 -10
1571 276.7639950325472 158.4916783537982 -10
1572 246.1757777723857 76.3220707656337 -10
1573 59.82422222798859 203.6779292342973 -10
1574 245.8569923582969 206.5292382734869 -10
1575 60.14300764199322 73.47076172657344 -10
1576 181.3635732442409 148.1220162937492 -10
1577 124.6364267561552 131.8779837063981 -10
1578 217.8331594765246 58.44440129817888 -10
1579 88.16684052357084 221.5555987016836 -10
1580 217.4430464274245 222.023553395109 -10
1581 88.55695357272194 57.97644660502145 -10
1582 130.4598350032829 255.5595471234186 -10
1583 130.4218106009392 24.42786923215272 -10
1584 175.5401649972767 24.44045287669373 -10
1585 175.5781893996225 255.5721307677383 -10
1586 106.5054812093173 177.5330746759122 -10
1587 199.4945187911705 102.4669253237278 -10
1588 56.91415518339095 255.2533923708837 -10
1589 249.0858448166942 24.74660762908782 -10
1590 56.91415518338421 24.74660762911325 -10
1591 249.0858448166987 255.2533923709168 -10
1592 239.0414913188828 162.2197628255585 -10
1593 66.95850868102583 117.7802371744836 -10
1594 102.7208756722846 256.7004412422197 -10
1595 102.7208756722675 23.29955875776227 -10
1596 203.2791243280074 23.29955875821634 -10
1597 203.2791243280247 256.7004412418017 -10
1598 135.7464632238114 50.74424199404434 -10
1599 137.0555024100057 227.1177227595657 -10
1600 168.9444975903906 52.88227724044555 -10
1601 170.2535367765115 229.2557580056506 -10
1602 158.2243702748538 187.8230447094396 -10
1603 147.7756297253471 92.17695529052055 -10
1604 147.4324764589524 116.4113299898595 -10
1605 158.5675235416327 163.5886700101547 -10
1606 20.65407902383042 173.845539814085 -10
1607 285.345920976233 106.1544601858751 -10
1608 101.7386723959932 99.75749315330994 -10
1609 204.261327604201 180.24250684698 -10
1610 286.6711256830877 51.64254493817612 -10
1611 19.32887431695575 228.3574550617768 -10
1612 285.723341789076 228.3202252229394 -10
1613 20.27665821092925 51.67977477705244 -10
1614 23.01741462724695 96.3753807184665 -10
1615 282.9825853727872 183.6246192814778 -10
1616 176.1195400006418 118.6870396553004 -10
1617 129.8804599997706 161.3129603446407 -10
1618 56.32542476235428 162.2682807165214 -10
1619 249.6745752379474 117.7317192836396 -10
1620 223.5301242045176 138.9348348445894 -10
1621 82.46987579521662 141.0651651552514 -10
1622 66.3371413528594 185.4728306600855 -10
1623 239.6628586474354 94.52716933982718 -10
1624 135.8940627574621 201.2733797016982 -10
1625 170.1059372428456 78.72662029829085 -10
1626 108.1666074456332 117.9692525590167 -10
1627 197.833392554371 162.0307474411531 -10
1628 239.4863620132352 187.1557335990871 -10
1629 66.5136379869478 92.84426640100222 -10
1630 172.2495026461327 203.6799718766364 -10
1631 133.7504973541761 76.32002812335422 -10
1632 234.6001080774146 51.74357628013772 -10
1633 234.4988368684043 228.7306042530589 -10
1634 71.39989192275452 228.2564237197622 -10
1635 71.50116313175972 51.26939574703966 -10
1636 258.4782674647058 155.0796703100229 -10
1637 47.52173253524143 124.9203296900889 -10
1638 18.75656816915615 193.3746769405735 -10
1639 287.243431830878 86.62532305941643 -10
1640 224.3915367391905 15.3813622540307 -10
1641 224.3915367391949 264.6186377459786 -10
1642 81.6084632610728 264.6186377460095 -10
1643 81.60846326106818 15.38136225398287 -10
1644 152.9961199593328 15.62259053505512 -10
1645 153.0038800414453 264.3774094649461 -10
1646 99.53283684845898 206.855798783911 -10
1647 206.4671631517496 73.14420121599795 -10
1648 293.1311735174202 196.9099744971921 -10
1649 12.86882648258666 83.09002550277032 -10
1650 18.01345800457847 138.0989725602621 -10
1651 287.9865419954334 141.9010274396251 -10
1652 223.9867398107741 175.9911112953514 -10
1653 82.01326018927422 104.0088887047925 -10
1654 16.71191178818282 263.2909391835483 -10
1655 289.2880882118434 16.70906081638019 -10
1656 16.71191178817988 16.70906081645797 -10
1657 289.2880882118699 263.2909391835902 -10
1658 120.6734732411073 216.1700590028739 -10
1659 185.3265267592341 63.8299409971373 -10
1660 204.495678804256 146.9503997956338 -10
1661 101.5043211957635 133.049600204364 -10
1662 212.6507381239995 42.8446607690827 -10
1663 212.6390131426929 237.2089742130727 -10
1664 93.34926187609265 237.1553392308341 -10
1665 93.36098685740595 42.79102578700913 -10
1666 35.13685310819362 265.750095822877 -10
1667 270.8631468918277 14.24990417709731 -10
1668 35.13685310819272 14.24990417712713 -10
1669 270.8631468918302 265.7500958228964 -10
1670 12.82774833389342 244.9999999999755 -10
1671 293.1722516661942 34.99999999989274 -10
1672 12.82774833387144 35.00000000014848 -10
1673 293.1722516661587 244.9999999998432 -10
1674 180.9556555455387 95.9916391052725 -10
1675 125.0443444548076 184.0083608946527 -10
1676 99.99277821091739 72.82726701592965 -10
1677 206.0072217893606 207.1727329842189 -10
1678 119.8166821757005 64.54680263785646 -10
1679 186.1833178246246 215.4531973621315 -10
1680 153.5071114486356 228.4504078700469 -10
1681 152.4928885517789 51.5495921298775 -10
1682 228.5423676537093 72.63716634160848 -10
1683 227.2702245141751 207.1024556211569 -10
1684 77.45763234659054 207.3628336581753 -10
1685 78.72977548604378 72.89754437896642 -10
1686 88.65408555867799 175.8240881315507 -10
1687 217.3459144416993 104.1759118681936 -10
1688 43.09234286488551 199.4460298710088 -10
1689 262.9076571352787 80.5539701289787 -10
1690 44.05916237106042 82.23634389485025 -10
1691 261.9408376291085 197.7636561049826 -10
1692 263.5538735448092 138.2203993738634 -10
1693 42.44612645518596 141.7796006261915 -10
1694 39.97122998723174 164.9056964835716 -10
1695 266.0287700129073 115.0943035164212 -10
1696 292.3381741565836 125.9608228555446 -10
1697 13.66182584335669 154.0391771443252 -10
1698 12.80621740931855 285.9799674585325 298.0149852897489
1699 293.1937825448175 285.9799677986118 298.0149850360162
1700 314.2231779859945 285.6902850377334 13.28636032982394
1701 314.2235979042283 285.6896781551832 276.7134141854231
1702 293.1937825807303 285.9799672762407 -8.014985425756517
1703 12.80621743640808 288.0149850813595 -5.979967737838007
1704 153.9853670274323 290 147.9692162261582
1705 88.41114466592032 290 199.6509470623754
1706 217.7234151155334 290 201.5845535368404
1707 218.4980711404243 290 89.73988292916729
1708 87.50192885950862 290 89.7398829290118
1709 153.549712720485 290 223.4599631136074
1710 153.8950949316538 290 71.67268864575126
1711 66.30715686388852 290 144.8341897141784
1712 239.6928431359938 290 144.8341897141112
1713 254.9226516449261 290 239.0103114790659
1714 254.9226516449132 290 50.98968852094034
1715 51.07734835492835 290 239.0103114792018
1716 51.07734835493452 290 50.98968852079207
1717 195.6641273901063 290 159.9110992449115
1718 111.2053129032124 290 158.9952702254769
1719 110.7367692251983 290 241.39665744985
1720 192.5846140124377 290 244.5162276877159
1721 195.5720247988685 290 48.39662612412572
1722 110.4279752018434 290 48.39662612417948
1723 131.3507630262936 290 110.2040659391378
1724 175.1736934608707 290 111.0130134862791
1725 262.1614601701659 290 183.1695668782185
1726 43.83853982973368 290 183.1695668781854
1727 261.9907412955367 290 106.168955190464
1728 44.0092587044107 290 106.1689551905214
1729 165.0683639357118 290 183.6429729315607
1730 126.6368952522531 290 189.9571494567345
1731 96.23561259980274 290 124.7531789303476
1732 209.7643873998901 290 124.7531789303294
1733 152.8556989240712 290 255.8577639313478
1734 153.0140208145883 290 34.42071323924215
1735 226.1966404322939 290 257.2412867304199
1736 79.80335956736808 290 257.2412867305393
1737 79.80335956767968 290 32.7587132696006
1738 226.1966404326805 290 32.75871326939358
1739 185.8798111311052 290 210.6764301721492
1740 273.9717944958996 290 128.3881616469775
1741 32.02820550410219 290 128.3881616470219
1742 81.57712442132565 290 170.8662034197596
1743 229.1707440735665 290 170.7841357208389
1744 182.9624356784907 290 72.61905601004577
1745 126.2774513259458 290 70.76543971644529
1746 29.79853035909792 290 215.4670517288986
1747 276.2014696409244 290 215.467051728937
1748 26.50215501936151 290 73.67128008450436
1749 279.4978449806292 290 73.67128008453562
1750 273.5173832096393 290 257.6123130590904
1751 273.5173832096648 290 32.38768694090883
1752 32.48261679030245 290 257.6123130591338
1753 32.48261679032881 290 32.38768694089299
1754 123.3797841529886 290 135.1516845100255
1755 183.3408696514724 290 137.091173394143
1756 134.6294439031363 290 168.5204851356814
1757 276.0485333014476 290 165.650124797722
1758 29.95146669848014 290 165.6501247977181
1759 246.6479499295728 290 216.7439939122866
1760 246.4321285609927 290 70.82118991110531
1761 59.35205007030126 290 216.743993912485
1762 59.56787143893945 290 70.82118991101062
1763 218.4907946134131 290 59.11538394612297
1764 88.121042951834 290 231.0806126193215
1765 219.3191265462188 290 227.1113735972403
1766 87.50920538727314 290 59.11538394605344
1767 239.4273450634155 290 118.8023458575745
1768 66.57265493647546 290 118.802345857583
1769 153.5028043740353 290 116.1478200723368
1770 130.4069764244466 290 266.1017133862575
1771 175.0795253702779 290 266.0795246306699
1772 175.5289157532052 290 24.37637979535257
1773 130.4750901944429 290 24.37637979538249
1774 126.734657094537 290 216.356071269449
1775 197.5439058827202 290 186.6177520981946
1776 248.3619061931073 290 265.7441057263322
1777 57.63809380686049 290 24.2558942736672
1778 57.6380938067372 290 265.7441057263953
1779 248.3619061932644 290 24.25589427358031
1780 154.5608897921605 290 96.46526436509666
1781 171.3490100991891 290 157.600836647976
1782 168.9301895167666 290 242.0118671276138
1783 135.3886225448655 290 50.29227933614709
1784 170.6113774558892 290 50.29227933614708
1785 102.5719358751378 290 266.7897304896398
1786 204.2917248529665 290 267.1225440465775
1787 102.571935875621 290 23.21026951049101
1788 203.4280641249221 290 23.2102695103354
1789 103.8676755436722 290 183.6146784304593
1790 216.7075499789716 290 148.7614823334728
1791 88.12048758913679 290 146.4717495560058
1792 287.9048996928355 290 111.9772901426126
1793 18.09510030716448 290 111.9772901426225
1794 105.1343217753041 290 102.4069078979398
1795 196.9246650638164 290 98.44434066798719
1796 24.72022345990727 290 235.3564613344954
1797 281.2797765400432 290 235.3564613344498
1798 24.24931269709263 290 54.52044321035793
1799 281.7506873028599 290 54.52044321041289
1800 147.3528116653467 290 200.4954502108195
1801 135.8331456981516 290 242.0705748163844
1802 284.3726046197181 290 184.9218477809548
1803 21.62739538023904 290 184.9218477809465
1804 250.2505746392438 290 167.158821480057
1805 56.49080860072921 290 166.9918196986849
1806 102.0769911407066 290 217.2348412648788
1807 242.4457782474085 290 194.218423827566
1808 64.35762339773379 290 193.9300608908943
1809 101.7264623067705 290 76.63530631385191
1810 204.6714856627952 290 73.25383680313148
1811 66.33045665370638 290 93.19953643100524
1812 239.6695433462366 290 93.19953643112294
1813 255.3208746181155 290 129.000007048041
1814 50.67912538186474 290 129.0000070481144
1815 201.8681763671705 290 223.1004200758119
1816 168.3940716918267 290 206.9144778212927
1817 42.59983486468168 290 147.7567731968751
1818 263.4884250448354 290 147.7766543612552
1819 84.18324029963023 290 109.1713957276661
1820 220.6005582779297 290 107.5890785585602
1821 152.2206054871658 290 165.5536957111745
1822 106.0080437151159 290 140.487080972013
1823 199.9919562840842 290 140.4870809715086
1824 136.9821096241841 290 88.28303642550401
1825 191.9524849590273 290 119.7844587356464
1826 114.0475150404363 290 119.7844587353579
1827 71.23745975470946 290 50.0821389829706
1828 233.9217619400386 290 238.360506625899
1829 72.28397655948639 290 238.9275407720182
1830 234.7625402454819 290 50.08213898283445
1831 287.9123126240891 290 89.53972438103676
1832 18.08768737590625 290 89.53972438103411
1833 14.6750073569687 290 205.4166666669807
1834 291.324992643031 290 205.4166666669807
1835 81.65599733298117 290 274.776946040473
1836 224.3440026670664 290 15.22305395949591
1837 224.7588299913976 290 274.4820235629737
1838 81.65599733325362 290 15.22305395957754
1839 152.9328776240946 290 274.6253167583172
1840 153.0018394658315 290 15.49840515781043
1841 182.179523096391 290 176.1129418932195
1842 286.5859981165746 290 147.5235924220362
1843 19.42450901549855 290 147.521225616755
1844 118.7755584970811 290 174.7838694333818
1845 289.310024122469 290 273.1238348264379
1846 289.310024122465 290 16.87616517356431
1847 16.6899758774769 290 273.1238348265013
1848 16.68997587747464 290 16.87616517350544
1849 135.7874011635546 290 149.9465648085533
1850 183.4462388274967 290 194.5685535237976
1851 209.5570866180692 290 173.5281297062547
1852 291.6837092847604 290 254.4418013172167
1853 291.7509822508832 290 35.54061361780094
1854 14.31629071520796 290 254.4418013172385
1855 14.24901774909248 290 35.54061361778242
1856 145.841158148268 290 182.0378593852701
1857 143.1711495762567 290 131.7255258627488
1858 164.1203309298863 290 131.4926663798047
1859 93.58793661265915 290 246.3876550585892
1860 213.0303406918543 290 242.9087264606107
1861 212.4120633875401 290 43.61234494156593
1862 93.58793661314689 290 43.61234494140016
1863 270.5655063278465 290 275.7899208936245
1864 270.5655063278672 290 14.21007910636398
1865 35.43449367214647 290 275.7899208936546
1866 35.43449367214104 290 14.21007910635719
1867 152.7921867148686 290 240.8500422472383
1868 179.9664343573405 290 225.9322947860346
1869 153.2272789367492 290 51.66949013932189
1870 79.37755623523947 290 131.4524087213867
1871 226.6224437646008 290 131.4524087212911
1872 172.7033557853984 290 90.04287263503198
1873 199.4079573484397 290 203.3767440095269
1874 108.9495338650553 290 200.3079601769957
1875 230.8264908087349 290 215.9373456032261
1876 78.33119520382932 290 216.2680433605003
1877 77.34491885567623 290 73.55132916138668
1878 228.3141545362069 290 73.19824885296305
1879 119.8748294497474 290 90.41574331643673
1880 41.28199410935217 290 203.3455801377002
1881 264.7999856503374 290 203.3750049271525
1882 43.50331474466205 290 83.48529993184687
1883 262.4966852552834 290 83.48529993190991
1884 262.177962130826 290 222.2346406259755
1885 43.83040315067832 290 222.2316380965616
1886 265.0199995489357 290 66.69758033178083
1887 40.98000045099803 290 66.69758033170238
1888 14.44545025856772 290 130.2668996365219
1889 291.5545497414877 290 130.2668996365616
$EndNodes
$Elements
3615
1 2 2 1 1 1 4 93
2 2 2 1 1 95 5 2
3 2 2 1 1 93 95 2
4 2 2 1 1 93 4 95
5 2 2 1 2 94 2 96
6 2 2 1 2 6 3 94
7 2 2 1 2 96 2 5
8 2 2 1 2 6 94 96
9 2 2 1 3 4 7 95
10 2 2 1 3 95 7 97
11 2 2 1 3 665 5 95
12 2 2 1 3 665 97 8
13 2 2 1 3 5 665 8
14 2 2 1 3 97 665 95
15 2 2 1 4 96 5 98
16 2 2 1 4 9 6 96
17 2 2 1 4 98 5 8
18 2 2 1 4 9 96 98
19 2 2 1 5 10 666 7
20 2 2 1 5 97 666 99
21 2 2 1 5 666 97 7
22 2 2 1 5 666 10 99
23 2 2 1 5 8 667 11
24 2 2 1 5 99 667 97
25 2 2 1 5 667 99 11
26 2 2 1 5 667 8 97
27 2 2 1 6 8 668 98
28 2 2 1 6 100 668 11
29 2 2 1 6 668 100 98
30 2 2 1 6 668 8 11
31 2 2 1 6 12 669 100
32 2 2 1 6 98 669 9
33 2 2 1 6 669 98 100
34 2 2 1 6 669 12 9
35 2 2 1 7 14 104 670
36 2 2 1 7 101 14 670
37 2 2 1 7 671 670 99
38 2 2 1 7 671 105 13
39 2 2 1 7 670 671 101
40 2 2 1 7 101 671 13
41 2 2 1 7 105 671 10
42 2 2 1 7 671 99 10
43 2 2 1 7 99 670 11
44 2 2 1 7 670 104 11
45 2 2 1 8 106 672 15
46 2 2 1 8 672 103 15
47 2 2 1 8 673 104 14
48 2 2 1 8 102 673 14
49 2 2 1 8 103 672 674
50 2 2 1 8 672 100 674
51 2 2 1 8 674 100 673
52 2 2 1 8 674 102 103
53 2 2 1 8 102 674 673
54 2 2 1 8 100 672 12
55 2 2 1 8 672 106 12
56 2 2 1 8 673 100 11
57 2 2 1 8 104 673 11
58 2 2 1 9 17 111 675
59 2 2 1 9 17 675 108
60 2 2 1 9 112 16 107
61 2 2 1 9 111 14 675
62 2 2 1 9 14 101 675
63 2 2 1 9 112 676 13
64 2 2 1 9 676 101 13
65 2 2 1 9 676 107 675
66 2 2 1 9 107 676 112
67 2 2 1 9 108 675 107
68 2 2 1 9 101 676 675
69 2 2 1 10 677 113 15
70 2 2 1 10 109 111 17
71 2 2 1 10 103 677 15
72 2 2 1 10 113 677 18
73 2 2 1 10 677 110 18
74 2 2 1 10 14 111 678
75 2 2 1 10 102 14 678
76 2 2 1 10 678 109 679
77 2 2 1 10 109 678 111
78 2 2 1 10 102 679 103
79 2 2 1 10 110 679 109
80 2 2 1 10 102 678 679
81 2 2 1 10 110 677 679
82 2 2 1 10 677 103 679
83 2 2 1 11 119 19 680
84 2 2 1 11 680 19 114
85 2 2 1 11 115 20 118
86 2 2 1 11 119 680 16
87 2 2 1 11 680 107 16
88 2 2 1 11 118 17 681
89 2 2 1 11 17 108 681
90 2 2 1 11 682 114 115
91 2 2 1 11 682 108 107
92 2 2 1 11 115 681 682
93 2 2 1 11 681 115 118
94 2 2 1 11 107 680 682
95 2 2 1 11 680 114 682
96 2 2 1 11 681 108 682
97 2 2 1 12 683 120 18
98 2 2 1 12 110 683 18
99 2 2 1 12 120 683 21
100 2 2 1 12 683 117 21
101 2 2 1 12 17 118 684
102 2 2 1 12 118 20 116
103 2 2 1 12 109 17 684
104 2 2 1 12 684 116 685
105 2 2 1 12 116 684 118
106 2 2 1 12 117 685 116
107 2 2 1 12 109 685 110
108 2 2 1 12 109 684 685
109 2 2 1 12 117 683 685
110 2 2 1 12 683 110 685
111 2 2 1 13 125 20 686
112 2 2 1 13 687 688 121
113 2 2 1 13 20 115 686
114 2 2 1 13 689 687 114
115 2 2 1 13 122 23 125
116 2 2 1 13 688 126 22
117 2 2 1 13 687 689 688
118 2 2 1 13 121 688 22
119 2 2 1 13 126 689 19
120 2 2 1 13 126 688 689
121 2 2 1 13 689 114 19
122 2 2 1 13 686 115 687
123 2 2 1 13 686 122 125
124 2 2 1 13 122 686 687
125 2 2 1 13 687 121 122
126 2 2 1 13 687 115 114
127 2 2 1 14 127 21 690
128 2 2 1 14 690 21 117
129 2 2 1 14 127 690 24
130 2 2 1 14 690 124 24
131 2 2 1 14 125 691 20
132 2 2 1 14 691 116 20
133 2 2 1 14 125 23 123
134 2 2 1 14 116 692 117
135 2 2 1 14 124 692 123
136 2 2 1 14 691 123 692
137 2 2 1 14 123 691 125
138 2 2 1 14 690 117 692
139 2 2 1 14 124 690 692
140 2 2 1 14 116 691 692
141 2 2 1 15 132 23 693
142 2 2 1 15 694 695 128
143 2 2 1 15 26 132 129
144 2 2 1 15 23 122 693
145 2 2 1 15 696 694 121
146 2 2 1 15 695 133 25
147 2 2 1 15 694 696 695
148 2 2 1 15 128 695 25
149 2 2 1 15 133 696 22
150 2 2 1 15 133 695 696
151 2 2 1 15 696 121 22
152 2 2 1 15 129 693 694
153 2 2 1 15 693 129 132
154 2 2 1 15 694 128 129
155 2 2 1 15 694 122 121
156 2 2 1 15 693 122 694
157 2 2 1 16 134 24 697
158 2 2 1 16 697 24 124
159 2 2 1 16 134 697 27
160 2 2 1 16 697 131 27
161 2 2 1 16 132 698 23
162 2 2 1 16 698 123 23
163 2 2 1 16 132 26 130
164 2 2 1 16 131 699 130
165 2 2 1 16 123 699 124
166 2 2 1 16 698 130 699
167 2 2 1 16 130 698 132
168 2 2 1 16 697 124 699
169 2 2 1 16 131 697 699
170 2 2 1 16 123 698 699
171 2 2 1 17 700 701 143
172 2 2 1 17 700 143 144
173 2 2 1 17 700 702 701
174 2 2 1 17 701 702 128
175 2 2 1 17 700 704 703
176 2 2 1 17 703 704 135
177 2 2 1 17 704 144 28
178 2 2 1 17 144 704 700
179 2 2 1 17 135 704 28
180 2 2 1 17 705 702 703
181 2 2 1 17 705 703 136
182 2 2 1 17 141 26 706
183 2 2 1 17 26 129 706
184 2 2 1 17 141 706 707
185 2 2 1 17 141 707 142
186 2 2 1 17 143 701 25
187 2 2 1 17 701 128 25
188 2 2 1 17 705 129 702
189 2 2 1 17 29 142 707
190 2 2 1 17 129 705 706
191 2 2 1 17 29 707 137
192 2 2 1 17 705 136 707
193 2 2 1 17 128 702 129
194 2 2 1 17 703 135 136
195 2 2 1 17 703 702 700
196 2 2 1 17 707 136 137
197 2 2 1 17 707 706 705
198 2 2 1 18 708 710 709
199 2 2 1 18 139 710 708
200 2 2 1 18 145 27 711
201 2 2 1 18 711 27 131
202 2 2 1 18 145 711 30
203 2 2 1 18 711 140 30
204 2 2 1 18 142 29 138
205 2 2 1 18 708 141 142
206 2 2 1 18 138 708 142
207 2 2 1 18 141 709 26
208 2 2 1 18 709 141 708
209 2 2 1 18 709 130 26
210 2 2 1 18 710 139 140
211 2 2 1 18 710 131 130
212 2 2 1 18 708 138 139
213 2 2 1 18 709 710 130
214 2 2 1 18 711 131 710
215 2 2 1 18 140 711 710
216 2 2 1 19 712 714 713
217 2 2 1 19 714 716 715
218 2 2 1 19 714 712 716
219 2 2 1 19 716 717 136
220 2 2 1 19 716 136 715
221 2 2 1 19 153 148 32
222 2 2 1 19 153 152 718
223 2 2 1 19 148 153 718
224 2 2 1 19 719 715 135
225 2 2 1 19 712 713 146
226 2 2 1 19 717 718 720
227 2 2 1 19 137 717 720
228 2 2 1 19 136 717 137
229 2 2 1 19 719 714 715
230 2 2 1 19 719 154 714
231 2 2 1 19 155 714 154
232 2 2 1 19 717 716 721
233 2 2 1 19 721 716 712
234 2 2 1 19 717 721 718
235 2 2 1 19 147 712 146
236 2 2 1 19 721 148 718
237 2 2 1 19 721 712 147
238 2 2 1 19 137 720 29
239 2 2 1 19 148 721 147
240 2 2 1 19 152 720 718
241 2 2 1 19 720 152 29
242 2 2 1 19 146 713 31
243 2 2 1 19 155 713 714
244 2 2 1 19 713 155 31
245 2 2 1 19 135 715 136
246 2 2 1 19 719 135 28
247 2 2 1 19 154 719 28
248 2 2 1 20 156 722 33
249 2 2 1 20 722 723 151
250 2 2 1 20 32 149 153
251 2 2 1 20 724 726 725
252 2 2 1 20 724 725 149
253 2 2 1 20 726 724 727
254 2 2 1 20 726 727 138
255 2 2 1 20 723 722 728
256 2 2 1 20 722 151 33
257 2 2 1 20 727 139 138
258 2 2 1 20 728 157 30
259 2 2 1 20 727 724 723
260 2 2 1 20 140 728 30
261 2 2 1 20 150 723 724
262 2 2 1 20 723 729 727
263 2 2 1 20 729 139 727
264 2 2 1 20 140 729 728
265 2 2 1 20 729 723 728
266 2 2 1 20 29 152 726
267 2 2 1 20 138 29 726
268 2 2 1 20 722 157 728
269 2 2 1 20 725 152 153
270 2 2 1 20 152 725 726
271 2 2 1 20 149 725 153
272 2 2 1 20 156 157 722
273 2 2 1 20 150 724 149
274 2 2 1 20 729 140 139
275 2 2 1 20 151 723 150
276 2 2 1 21 730 732 731
277 2 2 1 21 731 732 733
278 2 2 1 21 165 32 734
279 2 2 1 21 35 166 160
280 2 2 1 21 32 148 734
281 2 2 1 21 31 167 731
282 2 2 1 21 146 31 731
283 2 2 1 21 735 732 736
284 2 2 1 21 731 733 146
285 2 2 1 21 166 165 734
286 2 2 1 21 160 166 734
287 2 2 1 21 730 168 34
288 2 2 1 21 158 730 34
289 2 2 1 21 736 732 159
290 2 2 1 21 734 148 735
291 2 2 1 21 736 160 734
292 2 2 1 21 735 148 147
293 2 2 1 21 147 733 735
294 2 2 1 21 732 158 159
295 2 2 1 21 168 731 167
296 2 2 1 21 731 168 730
297 2 2 1 21 730 158 732
298 2 2 1 21 733 147 146
299 2 2 1 21 733 732 735
300 2 2 1 21 160 736 159
301 2 2 1 21 735 736 734
302 2 2 1 22 737 739 738
303 2 2 1 22 737 738 162
304 2 2 1 22 740 742 741
305 2 2 1 22 740 741 743
306 2 2 1 22 161 166 35
307 2 2 1 22 162 738 161
308 2 2 1 22 166 738 739
309 2 2 1 22 165 166 739
310 2 2 1 22 738 166 161
311 2 2 1 22 163 740 737
312 2 2 1 22 169 742 36
313 2 2 1 22 742 164 36
314 2 2 1 22 740 163 164
315 2 2 1 22 743 741 151
316 2 2 1 22 149 744 739
317 2 2 1 22 165 744 32
318 2 2 1 22 744 165 739
319 2 2 1 22 744 149 32
320 2 2 1 22 743 150 737
321 2 2 1 22 741 170 33
322 2 2 1 22 151 741 33
323 2 2 1 22 149 739 737
324 2 2 1 22 737 150 149
325 2 2 1 22 741 169 170
326 2 2 1 22 169 741 742
327 2 2 1 22 737 162 163
328 2 2 1 22 164 742 740
329 2 2 1 22 150 743 151
330 2 2 1 22 740 743 737
331 2 2 1 23 745 747 746
332 2 2 1 23 748 750 749
333 2 2 1 23 38 180 751
334 2 2 1 23 38 751 174
335 2 2 1 23 745 182 37
336 2 2 1 23 171 745 37
337 2 2 1 23 34 181 746
338 2 2 1 23 158 34 746
339 2 2 1 23 172 748 747
340 2 2 1 23 749 750 159
341 2 2 1 23 179 753 752
342 2 2 1 23 753 179 35
343 2 2 1 23 746 747 749
344 2 2 1 23 753 748 754
345 2 2 1 23 173 748 172
346 2 2 1 23 746 749 158
347 2 2 1 23 160 753 35
348 2 2 1 23 752 754 751
349 2 2 1 23 754 752 753
350 2 2 1 23 754 748 173
351 2 2 1 23 751 180 752
352 2 2 1 23 751 173 174
353 2 2 1 23 182 746 181
354 2 2 1 23 746 182 745
355 2 2 1 23 754 173 751
356 2 2 1 23 749 747 748
357 2 2 1 23 172 747 171
358 2 2 1 23 179 752 180
359 2 2 1 23 745 171 747
360 2 2 1 23 750 160 159
361 2 2 1 23 750 748 753
362 2 2 1 23 749 159 158
363 2 2 1 23 160 750 753
364 2 2 1 24 755 757 756
365 2 2 1 24 755 756 164
366 2 2 1 24 39 183 757
367 2 2 1 24 184 36 756
368 2 2 1 24 756 36 164
369 2 2 1 24 178 39 757
370 2 2 1 24 758 755 759
371 2 2 1 24 175 180 38
372 2 2 1 24 760 762 761
373 2 2 1 24 163 759 755
374 2 2 1 24 758 759 762
375 2 2 1 24 759 163 162
376 2 2 1 24 762 759 161
377 2 2 1 24 161 759 162
378 2 2 1 24 760 179 180
379 2 2 1 24 175 760 180
380 2 2 1 24 757 755 763
381 2 2 1 24 179 761 35
382 2 2 1 24 761 179 760
383 2 2 1 24 761 161 35
384 2 2 1 24 758 176 177
385 2 2 1 24 757 763 178
386 2 2 1 24 762 176 758
387 2 2 1 24 177 763 758
388 2 2 1 24 163 755 164
389 2 2 1 24 756 183 184
390 2 2 1 24 183 756 757
391 2 2 1 24 176 762 760
392 2 2 1 24 763 755 758
393 2 2 1 24 760 175 176
394 2 2 1 24 763 177 178
395 2 2 1 24 762 161 761
396 2 2 1 25 764 766 765
397 2 2 1 25 765 187 764
398 2 2 1 25 41 195 188
399 2 2 1 25 767 769 768
400 2 2 1 25 768 769 171
401 2 2 1 25 194 38 764
402 2 2 1 25 765 766 173
403 2 2 1 25 766 764 174
404 2 2 1 25 38 174 764
405 2 2 1 25 173 766 174
406 2 2 1 25 186 765 769
407 2 2 1 25 765 172 769
408 2 2 1 25 764 770 194
409 2 2 1 25 194 770 195
410 2 2 1 25 770 188 195
411 2 2 1 25 37 196 768
412 2 2 1 25 171 37 768
413 2 2 1 25 767 197 40
414 2 2 1 25 185 767 40
415 2 2 1 25 765 186 187
416 2 2 1 25 765 173 172
417 2 2 1 25 769 172 171
418 2 2 1 25 769 185 186
419 2 2 1 25 767 185 769
420 2 2 1 25 770 187 188
421 2 2 1 25 197 768 196
422 2 2 1 25 768 197 767
423 2 2 1 25 187 770 764
424 2 2 1 26 198 771 42
425 2 2 1 26 771 193 42
426 2 2 1 26 198 39 771
427 2 2 1 26 195 41 189
428 2 2 1 26 771 39 178
429 2 2 1 26 772 774 773
430 2 2 1 26 772 190 774
431 2 2 1 26 190 772 189
432 2 2 1 26 773 774 175
433 2 2 1 26 191 775 774
434 2 2 1 26 775 176 774
435 2 2 1 26 775 192 776
436 2 2 1 26 177 775 776
437 2 2 1 26 772 194 195
438 2 2 1 26 189 772 195
439 2 2 1 26 177 776 178
440 2 2 1 26 194 773 38
441 2 2 1 26 773 194 772
442 2 2 1 26 773 175 38
443 2 2 1 26 193 776 192
444 2 2 1 26 191 774 190
445 2 2 1 26 175 774 176
446 2 2 1 26 176 775 177
447 2 2 1 26 771 178 776
448 2 2 1 26 193 771 776
449 2 2 1 26 192 775 191
450 2 2 1 27 777 779 778
451 2 2 1 27 778 779 185
452 2 2 1 27 44 210 203
453 2 2 1 27 211 778 40
454 2 2 1 27 778 211 777
455 2 2 1 27 778 185 40
456 2 2 1 27 200 780 779
457 2 2 1 27 780 186 779
458 2 2 1 27 780 201 781
459 2 2 1 27 187 780 781
460 2 2 1 27 777 211 43
461 2 2 1 27 199 777 43
462 2 2 1 27 209 41 782
463 2 2 1 27 41 188 782
464 2 2 1 27 209 783 210
465 2 2 1 27 783 203 210
466 2 2 1 27 202 781 201
467 2 2 1 27 187 781 188
468 2 2 1 27 202 783 782
469 2 2 1 27 783 209 782
470 2 2 1 27 783 202 203
471 2 2 1 27 777 199 779
472 2 2 1 27 185 779 186
473 2 2 1 27 200 779 199
474 2 2 1 27 186 780 187
475 2 2 1 27 201 780 200
476 2 2 1 27 202 782 781
477 2 2 1 27 782 188 781
478 2 2 1 28 784 786 785
479 2 2 1 28 784 785 189
480 2 2 1 28 212 787 45
481 2 2 1 28 787 208 45
482 2 2 1 28 206 788 785
483 2 2 1 28 204 210 44
484 2 2 1 28 788 190 785
485 2 2 1 28 42 193 212
486 2 2 1 28 205 786 204
487 2 2 1 28 786 205 785
488 2 2 1 28 192 790 789
489 2 2 1 28 207 790 788
490 2 2 1 28 790 191 788
491 2 2 1 28 786 209 210
492 2 2 1 28 204 786 210
493 2 2 1 28 209 784 41
494 2 2 1 28 784 209 786
495 2 2 1 28 784 189 41
496 2 2 1 28 785 205 206
497 2 2 1 28 785 190 189
498 2 2 1 28 788 206 207
499 2 2 1 28 788 191 190
500 2 2 1 28 192 789 193
501 2 2 1 28 208 789 207
502 2 2 1 28 790 192 191
503 2 2 1 28 790 207 789
504 2 2 1 28 787 193 789
505 2 2 1 28 208 787 789
506 2 2 1 28 193 787 212
507 2 2 1 29 791 224 44
508 2 2 1 29 44 203 791
509 2 2 1 29 226 792 43
510 2 2 1 29 792 199 43
511 2 2 1 29 792 226 46
512 2 2 1 29 213 792 46
513 2 2 1 29 214 794 793
514 2 2 1 29 794 200 793
515 2 2 1 29 225 224 217
516 2 2 1 29 217 224 791
517 2 2 1 29 216 217 791
518 2 2 1 29 216 791 795
519 2 2 1 29 791 203 795
520 2 2 1 29 215 796 794
521 2 2 1 29 225 217 47
522 2 2 1 29 796 201 794
523 2 2 1 29 199 792 793
524 2 2 1 29 792 213 793
525 2 2 1 29 216 795 215
526 2 2 1 29 202 795 203
527 2 2 1 29 793 200 199
528 2 2 1 29 793 213 214
529 2 2 1 29 796 202 201
530 2 2 1 29 796 215 795
531 2 2 1 29 202 796 795
532 2 2 1 29 794 214 215
533 2 2 1 29 794 201 200
534 2 2 1 30 227 45 797
535 2 2 1 30 797 45 208
536 2 2 1 30 227 797 48
537 2 2 1 30 797 223 48
538 2 2 1 30 798 222 799
539 2 2 1 30 218 225 47
540 2 2 1 30 207 798 799
541 2 2 1 30 800 220 801
542 2 2 1 30 205 800 801
543 2 2 1 30 801 221 798
544 2 2 1 30 206 801 798
545 2 2 1 30 219 803 802
546 2 2 1 30 802 224 225
547 2 2 1 30 803 224 802
548 2 2 1 30 218 802 225
549 2 2 1 30 803 44 224
550 2 2 1 30 803 219 800
551 2 2 1 30 44 803 204
552 2 2 1 30 219 802 218
553 2 2 1 30 204 803 800
554 2 2 1 30 207 799 208
555 2 2 1 30 223 799 222
556 2 2 1 30 204 800 205
557 2 2 1 30 220 800 219
558 2 2 1 30 222 798 221
559 2 2 1 30 206 798 207
560 2 2 1 30 797 208 799
561 2 2 1 30 223 797 799
562 2 2 1 30 205 801 206
563 2 2 1 30 221 801 220
564 2 2 1 31 241 804 242
565 2 2 1 31 242 804 233
566 2 2 1 31 50 242 233
567 2 2 1 31 232 233 804
568 2 2 1 31 229 806 805
569 2 2 1 31 806 214 805
570 2 2 1 31 807 243 49
571 2 2 1 31 228 807 49
572 2 2 1 31 243 807 46
573 2 2 1 31 807 213 46
574 2 2 1 31 808 231 809
575 2 2 1 31 216 808 809
576 2 2 1 31 230 808 806
577 2 2 1 31 808 215 806
578 2 2 1 31 810 804 47
579 2 2 1 31 213 807 805
580 2 2 1 31 807 228 805
581 2 2 1 31 217 810 47
582 2 2 1 31 232 809 231
583 2 2 1 31 216 809 217
584 2 2 1 31 808 216 215
585 2 2 1 31 808 230 231
586 2 2 1 31 806 215 214
587 2 2 1 31 806 229 230
588 2 2 1 31 805 214 213
589 2 2 1 31 805 228 229
590 2 2 1 31 47 804 241
591 2 2 1 31 810 217 809
592 2 2 1 31 810 232 804
593 2 2 1 31 232 810 809
594 2 2 1 32 244 811 51
595 2 2 1 32 811 240 51
596 2 2 1 32 234 242 50
597 2 2 1 32 812 236 813
598 2 2 1 32 218 812 219
599 2 2 1 32 219 812 813
600 2 2 1 32 814 239 815
601 2 2 1 32 244 48 811
602 2 2 1 32 811 48 223
603 2 2 1 32 222 814 815
604 2 2 1 32 812 816 235
605 2 2 1 32 235 236 812
606 2 2 1 32 237 817 813
607 2 2 1 32 817 220 813
608 2 2 1 32 817 238 814
609 2 2 1 32 221 817 814
610 2 2 1 32 816 818 235
611 2 2 1 32 235 818 234
612 2 2 1 32 241 818 816
613 2 2 1 32 218 816 812
614 2 2 1 32 818 241 242
615 2 2 1 32 811 223 815
616 2 2 1 32 818 242 234
617 2 2 1 32 222 815 223
618 2 2 1 32 241 816 47
619 2 2 1 32 240 811 815
620 2 2 1 32 816 218 47
621 2 2 1 32 240 815 239
622 2 2 1 32 221 814 222
623 2 2 1 32 239 814 238
624 2 2 1 32 220 817 221
625 2 2 1 32 238 817 237
626 2 2 1 32 219 813 220
627 2 2 1 32 237 813 236
628 2 2 1 33 819 261 820
629 2 2 1 33 819 820 821
630 2 2 1 33 820 261 50
631 2 2 1 33 822 823 232
632 2 2 1 33 262 252 53
633 2 2 1 33 821 820 823
634 2 2 1 33 823 820 233
635 2 2 1 33 824 263 52
636 2 2 1 33 245 824 52
637 2 2 1 33 821 823 822
638 2 2 1 33 232 823 233
639 2 2 1 33 250 822 249
640 2 2 1 33 822 250 821
641 2 2 1 33 233 820 50
642 2 2 1 33 251 819 250
643 2 2 1 33 250 819 821
644 2 2 1 33 246 826 825
645 2 2 1 33 826 229 825
646 2 2 1 33 263 824 49
647 2 2 1 33 824 228 49
648 2 2 1 33 247 827 826
649 2 2 1 33 827 230 826
650 2 2 1 33 827 248 828
651 2 2 1 33 231 827 828
652 2 2 1 33 261 829 262
653 2 2 1 33 829 252 262
654 2 2 1 33 251 829 819
655 2 2 1 33 829 261 819
656 2 2 1 33 228 825 229
657 2 2 1 33 246 825 245
658 2 2 1 33 247 826 246
659 2 2 1 33 229 826 230
660 2 2 1 33 249 828 248
661 2 2 1 33 829 251 252
662 2 2 1 33 228 824 825
663 2 2 1 33 824 245 825
664 2 2 1 33 231 828 232
665 2 2 1 33 230 827 231
666 2 2 1 33 248 827 247
667 2 2 1 33 249 822 828
668 2 2 1 33 822 232 828
669 2 2 1 34 262 53 253
670 2 2 1 34 264 830 54
671 2 2 1 34 830 260 54
672 2 2 1 34 831 256 832
673 2 2 1 34 235 831 236
674 2 2 1 34 236 831 832
675 2 2 1 34 833 259 834
676 2 2 1 34 234 836 835
677 2 2 1 34 234 835 235
678 2 2 1 34 239 833 834
679 2 2 1 34 837 261 838
680 2 2 1 34 264 51 830
681 2 2 1 34 830 51 240
682 2 2 1 34 255 836 254
683 2 2 1 34 839 258 833
684 2 2 1 34 238 839 833
685 2 2 1 34 832 257 839
686 2 2 1 34 237 832 839
687 2 2 1 34 254 836 838
688 2 2 1 34 836 837 838
689 2 2 1 34 235 835 831
690 2 2 1 34 838 262 253
691 2 2 1 34 254 838 253
692 2 2 1 34 261 837 50
693 2 2 1 34 255 835 836
694 2 2 1 34 837 234 50
695 2 2 1 34 836 234 837
696 2 2 1 34 838 261 262
697 2 2 1 34 260 834 259
698 2 2 1 34 239 834 240
699 2 2 1 34 238 833 239
700 2 2 1 34 259 833 258
701 2 2 1 34 237 839 238
702 2 2 1 34 258 839 257
703 2 2 1 34 236 832 237
704 2 2 1 34 257 832 256
705 2 2 1 34 256 831 255
706 2 2 1 34 835 255 831
707 2 2 1 34 830 240 834
708 2 2 1 34 260 830 834
709 2 2 1 35 840 841 252
710 2 2 1 35 251 840 252
711 2 2 1 35 283 842 284
712 2 2 1 35 843 840 271
713 2 2 1 35 842 273 284
714 2 2 1 35 842 272 273
715 2 2 1 35 285 844 52
716 2 2 1 35 844 245 52
717 2 2 1 35 844 285 55
718 2 2 1 35 265 844 55
719 2 2 1 35 266 846 845
720 2 2 1 35 846 246 845
721 2 2 1 35 842 843 272
722 2 2 1 35 847 270 848
723 2 2 1 35 843 271 272
724 2 2 1 35 250 847 848
725 2 2 1 35 267 849 846
726 2 2 1 35 849 247 846
727 2 2 1 35 849 268 850
728 2 2 1 35 248 849 850
729 2 2 1 35 284 273 56
730 2 2 1 35 850 269 847
731 2 2 1 35 249 850 847
732 2 2 1 35 841 283 53
733 2 2 1 35 283 841 842
734 2 2 1 35 252 841 53
735 2 2 1 35 841 840 843
736 2 2 1 35 843 842 841
737 2 2 1 35 845 265 266
738 2 2 1 35 845 246 245
739 2 2 1 35 245 844 845
740 2 2 1 35 844 265 845
741 2 2 1 35 848 251 250
742 2 2 1 35 848 270 271
743 2 2 1 35 846 247 246
744 2 2 1 35 846 266 267
745 2 2 1 35 847 250 249
746 2 2 1 35 847 269 270
747 2 2 1 35 850 249 248
748 2 2 1 35 850 268 269
749 2 2 1 35 849 248 247
750 2 2 1 35 849 267 268
751 2 2 1 35 271 840 848
752 2 2 1 35 840 251 848
753 2 2 1 36 286 851 57
754 2 2 1 36 851 282 57
755 2 2 1 36 852 284 274
756 2 2 1 36 274 284 56
757 2 2 1 36 283 284 852
758 2 2 1 36 253 854 853
759 2 2 1 36 253 853 254
760 2 2 1 36 855 281 856
761 2 2 1 36 259 855 856
762 2 2 1 36 286 54 851
763 2 2 1 36 851 54 260
764 2 2 1 36 275 854 852
765 2 2 1 36 852 854 857
766 2 2 1 36 858 279 859
767 2 2 1 36 257 858 859
768 2 2 1 36 859 280 855
769 2 2 1 36 258 859 855
770 2 2 1 36 860 278 858
771 2 2 1 36 256 860 858
772 2 2 1 36 276 854 275
773 2 2 1 36 861 277 860
774 2 2 1 36 255 861 860
775 2 2 1 36 852 274 275
776 2 2 1 36 253 857 854
777 2 2 1 36 282 856 281
778 2 2 1 36 259 856 260
779 2 2 1 36 281 855 280
780 2 2 1 36 258 855 259
781 2 2 1 36 280 859 279
782 2 2 1 36 257 859 258
783 2 2 1 36 279 858 278
784 2 2 1 36 256 858 257
785 2 2 1 36 276 853 854
786 2 2 1 36 853 276 277
787 2 2 1 36 255 860 256
788 2 2 1 36 278 860 277
789 2 2 1 36 254 861 255
790 2 2 1 36 851 260 856
791 2 2 1 36 282 851 856
792 2 2 1 36 277 861 853
793 2 2 1 36 861 254 853
794 2 2 1 36 857 253 53
795 2 2 1 36 857 283 852
796 2 2 1 36 283 857 53
797 2 2 1 37 295 863 862
798 2 2 1 37 296 864 295
799 2 2 1 37 864 863 295
800 2 2 1 37 295 862 294
801 2 2 1 37 862 863 273
802 2 2 1 37 272 862 273
803 2 2 1 37 59 309 865
804 2 2 1 37 59 865 296
805 2 2 1 37 310 866 55
806 2 2 1 37 866 265 55
807 2 2 1 37 288 868 867
808 2 2 1 37 868 266 867
809 2 2 1 37 866 310 58
810 2 2 1 37 287 866 58
811 2 2 1 37 863 308 56
812 2 2 1 37 308 863 864
813 2 2 1 37 273 863 56
814 2 2 1 37 869 293 870
815 2 2 1 37 271 869 870
816 2 2 1 37 289 871 868
817 2 2 1 37 871 267 868
818 2 2 1 37 290 872 871
819 2 2 1 37 872 268 871
820 2 2 1 37 291 873 872
821 2 2 1 37 873 269 872
822 2 2 1 37 292 869 873
823 2 2 1 37 308 865 309
824 2 2 1 37 869 270 873
825 2 2 1 37 296 865 864
826 2 2 1 37 865 308 864
827 2 2 1 37 867 287 288
828 2 2 1 37 265 866 867
829 2 2 1 37 866 287 867
830 2 2 1 37 867 266 265
831 2 2 1 37 868 267 266
832 2 2 1 37 868 288 289
833 2 2 1 37 871 268 267
834 2 2 1 37 871 289 290
835 2 2 1 37 870 272 271
836 2 2 1 37 870 293 294
837 2 2 1 37 873 270 269
838 2 2 1 37 873 291 292
839 2 2 1 37 872 269 268
840 2 2 1 37 872 290 291
841 2 2 1 37 869 271 270
842 2 2 1 37 869 292 293
843 2 2 1 37 294 862 870
844 2 2 1 37 862 272 870
845 2 2 1 38 297 298 874
846 2 2 1 38 309 297 874
847 2 2 1 38 874 308 309
848 2 2 1 38 875 311 57
849 2 2 1 38 282 875 57
850 2 2 1 38 876 874 298
851 2 2 1 38 877 299 300
852 2 2 1 38 876 298 299
853 2 2 1 38 878 306 879
854 2 2 1 38 281 878 879
855 2 2 1 38 300 880 877
856 2 2 1 38 880 275 877
857 2 2 1 38 297 309 59
858 2 2 1 38 311 875 60
859 2 2 1 38 875 307 60
860 2 2 1 38 881 305 878
861 2 2 1 38 280 881 878
862 2 2 1 38 882 304 881
863 2 2 1 38 876 877 274
864 2 2 1 38 279 882 881
865 2 2 1 38 883 303 882
866 2 2 1 38 278 883 882
867 2 2 1 38 301 884 880
868 2 2 1 38 884 276 880
869 2 2 1 38 884 302 883
870 2 2 1 38 277 884 883
871 2 2 1 38 308 874 885
872 2 2 1 38 308 885 56
873 2 2 1 38 885 876 274
874 2 2 1 38 876 299 877
875 2 2 1 38 274 877 275
876 2 2 1 38 879 282 281
877 2 2 1 38 879 306 307
878 2 2 1 38 878 281 280
879 2 2 1 38 878 305 306
880 2 2 1 38 881 280 279
881 2 2 1 38 881 304 305
882 2 2 1 38 882 279 278
883 2 2 1 38 882 303 304
884 2 2 1 38 883 278 277
885 2 2 1 38 883 302 303
886 2 2 1 38 884 301 302
887 2 2 1 38 884 277 276
888 2 2 1 38 880 276 275
889 2 2 1 38 880 300 301
890 2 2 1 38 307 875 879
891 2 2 1 38 875 282 879
892 2 2 1 38 56 885 274
893 2 2 1 38 876 885 874
894 2 2 1 39 313 887 886
895 2 2 1 39 887 288 886
896 2 2 1 39 888 320 889
897 2 2 1 39 62 336 890
898 2 2 1 39 62 890 322
899 2 2 1 39 320 888 891
900 2 2 1 39 888 295 891
901 2 2 1 39 295 888 296
902 2 2 1 39 337 892 58
903 2 2 1 39 892 287 58
904 2 2 1 39 892 337 61
905 2 2 1 39 312 892 61
906 2 2 1 39 893 319 891
907 2 2 1 39 294 893 891
908 2 2 1 39 314 894 887
909 2 2 1 39 894 289 887
910 2 2 1 39 315 895 894
911 2 2 1 39 895 290 894
912 2 2 1 39 316 896 895
913 2 2 1 39 287 892 886
914 2 2 1 39 892 312 886
915 2 2 1 39 896 291 895
916 2 2 1 39 317 897 896
917 2 2 1 39 897 292 896
918 2 2 1 39 318 893 897
919 2 2 1 39 893 293 897
920 2 2 1 39 889 320 321
921 2 2 1 39 889 898 888
922 2 2 1 39 899 898 889
923 2 2 1 39 888 898 296
924 2 2 1 39 899 321 322
925 2 2 1 39 886 312 313
926 2 2 1 39 886 288 287
927 2 2 1 39 898 335 59
928 2 2 1 39 335 898 899
929 2 2 1 39 296 898 59
930 2 2 1 39 887 289 288
931 2 2 1 39 887 313 314
932 2 2 1 39 889 321 899
933 2 2 1 39 894 290 289
934 2 2 1 39 894 314 315
935 2 2 1 39 895 291 290
936 2 2 1 39 895 315 316
937 2 2 1 39 896 316 317
938 2 2 1 39 896 292 291
939 2 2 1 39 897 293 292
940 2 2 1 39 897 317 318
941 2 2 1 39 893 294 293
942 2 2 1 39 322 890 899
943 2 2 1 39 335 890 336
944 2 2 1 39 890 335 899
945 2 2 1 39 893 318 319
946 2 2 1 39 891 295 294
947 2 2 1 39 891 319 320
948 2 2 1 40 900 901 324
949 2 2 1 40 62 323 336
950 2 2 1 40 335 901 902
951 2 2 1 40 335 902 59
952 2 2 1 40 900 325 903
953 2 2 1 40 900 324 325
954 2 2 1 40 338 904 63
955 2 2 1 40 903 325 326
956 2 2 1 40 904 334 63
957 2 2 1 40 905 333 906
958 2 2 1 40 306 905 906
959 2 2 1 40 904 338 60
960 2 2 1 40 307 904 60
961 2 2 1 40 332 905 907
962 2 2 1 40 905 305 907
963 2 2 1 40 908 329 909
964 2 2 1 40 302 908 909
965 2 2 1 40 909 330 910
966 2 2 1 40 303 909 910
967 2 2 1 40 910 331 907
968 2 2 1 40 304 910 907
969 2 2 1 40 327 912 911
970 2 2 1 40 912 300 911
971 2 2 1 40 912 328 908
972 2 2 1 40 301 912 908
973 2 2 1 40 902 900 297
974 2 2 1 40 913 326 911
975 2 2 1 40 299 913 911
976 2 2 1 40 900 903 297
977 2 2 1 40 323 324 901
978 2 2 1 40 336 323 901
979 2 2 1 40 336 901 335
980 2 2 1 40 297 903 298
981 2 2 1 40 306 906 307
982 2 2 1 40 334 906 333
983 2 2 1 40 333 905 332
984 2 2 1 40 305 905 306
985 2 2 1 40 304 907 305
986 2 2 1 40 332 907 331
987 2 2 1 40 303 910 304
988 2 2 1 40 331 910 330
989 2 2 1 40 302 909 303
990 2 2 1 40 330 909 329
991 2 2 1 40 301 908 302
992 2 2 1 40 329 908 328
993 2 2 1 40 300 912 301
994 2 2 1 40 328 912 327
995 2 2 1 40 299 911 300
996 2 2 1 40 327 911 326
997 2 2 1 40 298 913 299
998 2 2 1 40 326 913 903
999 2 2 1 40 913 298 903
1000 2 2 1 40 334 904 906
1001 2 2 1 40 904 307 906
1002 2 2 1 40 59 902 297
1003 2 2 1 40 900 902 901
1004 2 2 1 41 914 364 62
1005 2 2 1 41 322 914 62
1006 2 2 1 41 365 915 61
1007 2 2 1 41 915 312 61
1008 2 2 1 41 348 917 916
1009 2 2 1 41 917 321 916
1010 2 2 1 41 321 917 322
1011 2 2 1 41 915 365 64
1012 2 2 1 41 339 915 64
1013 2 2 1 41 340 919 918
1014 2 2 1 41 919 313 918
1015 2 2 1 41 920 347 916
1016 2 2 1 41 320 920 916
1017 2 2 1 41 342 922 921
1018 2 2 1 41 922 315 921
1019 2 2 1 41 341 921 919
1020 2 2 1 41 921 314 919
1021 2 2 1 41 343 923 922
1022 2 2 1 41 923 316 922
1023 2 2 1 41 350 65 364
1024 2 2 1 41 346 920 924
1025 2 2 1 41 920 319 924
1026 2 2 1 41 344 925 923
1027 2 2 1 41 925 317 923
1028 2 2 1 41 345 924 925
1029 2 2 1 41 924 318 925
1030 2 2 1 41 917 349 914
1031 2 2 1 41 322 917 914
1032 2 2 1 41 917 348 349
1033 2 2 1 41 914 350 364
1034 2 2 1 41 312 915 918
1035 2 2 1 41 915 339 918
1036 2 2 1 41 350 914 349
1037 2 2 1 41 918 313 312
1038 2 2 1 41 918 339 340
1039 2 2 1 41 919 314 313
1040 2 2 1 41 919 340 341
1041 2 2 1 41 921 315 314
1042 2 2 1 41 921 341 342
1043 2 2 1 41 922 316 315
1044 2 2 1 41 922 342 343
1045 2 2 1 41 923 317 316
1046 2 2 1 41 923 343 344
1047 2 2 1 41 925 318 317
1048 2 2 1 41 925 344 345
1049 2 2 1 41 924 319 318
1050 2 2 1 41 924 345 346
1051 2 2 1 41 920 320 319
1052 2 2 1 41 920 346 347
1053 2 2 1 41 916 321 320
1054 2 2 1 41 916 347 348
1055 2 2 1 42 65 351 364
1056 2 2 1 42 926 323 927
1057 2 2 1 42 927 323 62
1058 2 2 1 42 366 63 928
1059 2 2 1 42 63 334 928
1060 2 2 1 42 366 928 66
1061 2 2 1 42 928 363 66
1062 2 2 1 42 929 353 354
1063 2 2 1 42 930 362 931
1064 2 2 1 42 333 930 931
1065 2 2 1 42 932 361 930
1066 2 2 1 42 332 932 930
1067 2 2 1 42 357 934 933
1068 2 2 1 42 354 936 935
1069 2 2 1 42 935 936 325
1070 2 2 1 42 356 933 937
1071 2 2 1 42 937 933 327
1072 2 2 1 42 355 937 936
1073 2 2 1 42 936 937 326
1074 2 2 1 42 926 929 323
1075 2 2 1 42 934 328 933
1076 2 2 1 42 938 359 939
1077 2 2 1 42 330 938 939
1078 2 2 1 42 939 360 932
1079 2 2 1 42 331 939 932
1080 2 2 1 42 934 358 938
1081 2 2 1 42 329 934 938
1082 2 2 1 42 926 927 352
1083 2 2 1 42 927 62 364
1084 2 2 1 42 929 926 353
1085 2 2 1 42 926 352 353
1086 2 2 1 42 352 927 351
1087 2 2 1 42 927 364 351
1088 2 2 1 42 935 324 929
1089 2 2 1 42 363 928 931
1090 2 2 1 42 323 929 324
1091 2 2 1 42 363 931 362
1092 2 2 1 42 333 931 334
1093 2 2 1 42 332 930 333
1094 2 2 1 42 362 930 361
1095 2 2 1 42 331 932 332
1096 2 2 1 42 361 932 360
1097 2 2 1 42 330 939 331
1098 2 2 1 42 360 939 359
1099 2 2 1 42 359 938 358
1100 2 2 1 42 329 938 330
1101 2 2 1 42 358 934 357
1102 2 2 1 42 328 934 329
1103 2 2 1 42 327 933 328
1104 2 2 1 42 357 933 356
1105 2 2 1 42 356 937 355
1106 2 2 1 42 326 937 327
1107 2 2 1 42 325 936 326
1108 2 2 1 42 355 936 354
1109 2 2 1 42 324 935 325
1110 2 2 1 42 354 935 929
1111 2 2 1 42 928 334 931
1112 2 2 1 43 68 394 379
1113 2 2 1 43 395 940 64
1114 2 2 1 43 940 339 64
1115 2 2 1 43 350 942 941
1116 2 2 1 43 942 378 941
1117 2 2 1 43 943 374 944
1118 2 2 1 43 943 944 346
1119 2 2 1 43 945 373 943
1120 2 2 1 43 945 943 345
1121 2 2 1 43 946 372 945
1122 2 2 1 43 946 945 344
1123 2 2 1 43 947 371 946
1124 2 2 1 43 947 946 343
1125 2 2 1 43 948 377 942
1126 2 2 1 43 948 942 349
1127 2 2 1 43 949 376 948
1128 2 2 1 43 949 948 348
1129 2 2 1 43 944 375 949
1130 2 2 1 43 944 949 347
1131 2 2 1 43 942 377 378
1132 2 2 1 43 349 942 350
1133 2 2 1 43 941 394 65
1134 2 2 1 43 350 941 65
1135 2 2 1 43 940 367 950
1136 2 2 1 43 339 940 950
1137 2 2 1 43 951 370 947
1138 2 2 1 43 342 951 947
1139 2 2 1 43 950 368 952
1140 2 2 1 43 340 950 952
1141 2 2 1 43 369 951 952
1142 2 2 1 43 951 341 952
1143 2 2 1 43 941 379 394
1144 2 2 1 43 379 941 378
1145 2 2 1 43 950 340 339
1146 2 2 1 43 950 367 368
1147 2 2 1 43 952 341 340
1148 2 2 1 43 952 368 369
1149 2 2 1 43 951 342 341
1150 2 2 1 43 951 369 370
1151 2 2 1 43 940 395 67
1152 2 2 1 43 367 940 67
1153 2 2 1 43 947 343 342
1154 2 2 1 43 947 370 371
1155 2 2 1 43 946 344 343
1156 2 2 1 43 946 371 372
1157 2 2 1 43 945 345 344
1158 2 2 1 43 945 372 373
1159 2 2 1 43 943 346 345
1160 2 2 1 43 948 376 377
1161 2 2 1 43 948 349 348
1162 2 2 1 43 949 375 376
1163 2 2 1 43 949 348 347
1164 2 2 1 43 944 374 375
1165 2 2 1 43 944 347 346
1166 2 2 1 43 943 373 374
1167 2 2 1 44 384 954 953
1168 2 2 1 44 380 394 68
1169 2 2 1 44 953 954 354
1170 2 2 1 44 955 396 66
1171 2 2 1 44 956 955 363
1172 2 2 1 44 363 955 66
1173 2 2 1 44 957 382 958
1174 2 2 1 44 957 958 352
1175 2 2 1 44 959 351 65
1176 2 2 1 44 957 351 959
1177 2 2 1 44 957 959 381
1178 2 2 1 44 959 65 394
1179 2 2 1 44 383 958 382
1180 2 2 1 44 352 958 353
1181 2 2 1 44 351 957 352
1182 2 2 1 44 384 953 383
1183 2 2 1 44 381 382 957
1184 2 2 1 44 353 953 354
1185 2 2 1 44 396 955 69
1186 2 2 1 44 959 394 380
1187 2 2 1 44 381 959 380
1188 2 2 1 44 955 393 69
1189 2 2 1 44 362 956 363
1190 2 2 1 44 393 956 392
1191 2 2 1 44 361 960 362
1192 2 2 1 44 392 960 391
1193 2 2 1 44 391 961 390
1194 2 2 1 44 383 953 958
1195 2 2 1 44 360 961 361
1196 2 2 1 44 359 962 360
1197 2 2 1 44 390 962 389
1198 2 2 1 44 358 963 359
1199 2 2 1 44 389 963 388
1200 2 2 1 44 357 964 358
1201 2 2 1 44 388 964 387
1202 2 2 1 44 356 965 357
1203 2 2 1 44 956 393 955
1204 2 2 1 44 392 956 960
1205 2 2 1 44 960 956 362
1206 2 2 1 44 391 960 961
1207 2 2 1 44 961 960 361
1208 2 2 1 44 389 962 963
1209 2 2 1 44 963 962 359
1210 2 2 1 44 390 961 962
1211 2 2 1 44 962 961 360
1212 2 2 1 44 385 966 954
1213 2 2 1 44 954 966 355
1214 2 2 1 44 388 963 964
1215 2 2 1 44 964 963 358
1216 2 2 1 44 387 964 965
1217 2 2 1 44 965 964 357
1218 2 2 1 44 386 965 966
1219 2 2 1 44 966 965 356
1220 2 2 1 44 387 965 386
1221 2 2 1 44 355 966 356
1222 2 2 1 44 386 966 385
1223 2 2 1 44 354 954 355
1224 2 2 1 44 385 954 384
1225 2 2 1 44 958 953 353
1226 2 2 1 45 427 967 67
1227 2 2 1 45 967 968 367
1228 2 2 1 45 397 968 967
1229 2 2 1 45 71 426 410
1230 2 2 1 45 968 398 969
1231 2 2 1 45 968 969 368
1232 2 2 1 45 970 408 971
1233 2 2 1 45 970 971 378
1234 2 2 1 45 972 405 973
1235 2 2 1 45 972 973 375
1236 2 2 1 45 971 409 974
1237 2 2 1 45 410 974 409
1238 2 2 1 45 969 399 975
1239 2 2 1 45 969 975 369
1240 2 2 1 45 976 403 977
1241 2 2 1 45 976 977 373
1242 2 2 1 45 977 404 972
1243 2 2 1 45 977 972 374
1244 2 2 1 45 407 970 978
1245 2 2 1 45 978 970 377
1246 2 2 1 45 975 400 979
1247 2 2 1 45 975 979 370
1248 2 2 1 45 980 402 976
1249 2 2 1 45 980 976 372
1250 2 2 1 45 973 406 978
1251 2 2 1 45 973 978 376
1252 2 2 1 45 979 401 980
1253 2 2 1 45 979 980 371
1254 2 2 1 45 967 367 67
1255 2 2 1 45 968 397 398
1256 2 2 1 45 968 368 367
1257 2 2 1 45 967 427 70
1258 2 2 1 45 397 967 70
1259 2 2 1 45 978 406 407
1260 2 2 1 45 978 377 376
1261 2 2 1 45 971 974 379
1262 2 2 1 45 969 398 399
1263 2 2 1 45 969 369 368
1264 2 2 1 45 973 405 406
1265 2 2 1 45 973 376 375
1266 2 2 1 45 972 404 405
1267 2 2 1 45 972 375 374
1268 2 2 1 45 974 426 68
1269 2 2 1 45 426 974 410
1270 2 2 1 45 379 974 68
1271 2 2 1 45 977 403 404
1272 2 2 1 45 977 374 373
1273 2 2 1 45 976 402 403
1274 2 2 1 45 976 373 372
1275 2 2 1 45 409 971 408
1276 2 2 1 45 378 971 379
1277 2 2 1 45 980 401 402
1278 2 2 1 45 980 372 371
1279 2 2 1 45 377 970 378
1280 2 2 1 45 408 970 407
1281 2 2 1 45 979 371 370
1282 2 2 1 45 979 400 401
1283 2 2 1 45 975 370 369
1284 2 2 1 45 975 399 400
1285 2 2 1 46 68 981 380
1286 2 2 1 46 982 412 413
1287 2 2 1 46 415 984 983
1288 2 2 1 46 983 984 383
1289 2 2 1 46 982 413 985
1290 2 2 1 46 982 985 381
1291 2 2 1 46 986 428 69
1292 2 2 1 46 987 986 393
1293 2 2 1 46 393 986 69
1294 2 2 1 46 982 381 380
1295 2 2 1 46 982 380 412
1296 2 2 1 46 981 412 380
1297 2 2 1 46 426 981 68
1298 2 2 1 46 983 382 414
1299 2 2 1 46 985 414 382
1300 2 2 1 46 415 983 414
1301 2 2 1 46 981 71 411
1302 2 2 1 46 382 983 383
1303 2 2 1 46 426 71 981
1304 2 2 1 46 412 981 411
1305 2 2 1 46 392 987 393
1306 2 2 1 46 425 987 424
1307 2 2 1 46 424 988 423
1308 2 2 1 46 391 988 392
1309 2 2 1 46 381 985 382
1310 2 2 1 46 390 989 391
1311 2 2 1 46 423 989 422
1312 2 2 1 46 389 990 390
1313 2 2 1 46 422 990 421
1314 2 2 1 46 421 991 420
1315 2 2 1 46 388 991 389
1316 2 2 1 46 387 992 388
1317 2 2 1 46 420 992 419
1318 2 2 1 46 419 993 418
1319 2 2 1 46 386 993 387
1320 2 2 1 46 986 425 72
1321 2 2 1 46 987 425 986
1322 2 2 1 46 424 987 988
1323 2 2 1 46 988 987 392
1324 2 2 1 46 423 988 989
1325 2 2 1 46 989 988 391
1326 2 2 1 46 422 989 990
1327 2 2 1 46 990 989 390
1328 2 2 1 46 421 990 991
1329 2 2 1 46 991 990 389
1330 2 2 1 46 420 991 992
1331 2 2 1 46 992 991 388
1332 2 2 1 46 416 994 984
1333 2 2 1 46 984 994 384
1334 2 2 1 46 419 992 993
1335 2 2 1 46 993 992 387
1336 2 2 1 46 417 995 994
1337 2 2 1 46 994 995 385
1338 2 2 1 46 418 993 995
1339 2 2 1 46 995 993 386
1340 2 2 1 46 428 986 72
1341 2 2 1 46 385 995 386
1342 2 2 1 46 418 995 417
1343 2 2 1 46 384 994 385
1344 2 2 1 46 417 994 416
1345 2 2 1 46 383 984 384
1346 2 2 1 46 416 984 415
1347 2 2 1 46 414 985 413
1348 2 2 1 47 996 431 997
1349 2 2 1 47 996 997 399
1350 2 2 1 47 437 404 436
1351 2 2 1 47 429 999 998
1352 2 2 1 47 998 999 397
1353 2 2 1 47 999 430 996
1354 2 2 1 47 999 996 398
1355 2 2 1 47 399 997 400
1356 2 2 1 47 432 997 431
1357 2 2 1 47 997 432 400
1358 2 2 1 47 70 998 397
1359 2 2 1 47 429 998 73
1360 2 2 1 47 998 70 73
1361 2 2 1 47 402 401 434
1362 2 2 1 47 436 403 435
1363 2 2 1 47 398 996 399
1364 2 2 1 47 435 402 434
1365 2 2 1 47 431 996 430
1366 2 2 1 47 430 999 429
1367 2 2 1 47 397 999 398
1368 2 2 1 47 406 438 439
1369 2 2 1 47 434 401 433
1370 2 2 1 47 460 1000 74
1371 2 2 1 47 405 438 406
1372 2 2 1 47 405 404 437
1373 2 2 1 47 433 400 432
1374 2 2 1 47 437 438 405
1375 2 2 1 47 1000 443 74
1376 2 2 1 47 404 403 436
1377 2 2 1 47 440 408 407
1378 2 2 1 47 433 401 400
1379 2 2 1 47 403 402 435
1380 2 2 1 47 441 409 408
1381 2 2 1 47 1000 410 443
1382 2 2 1 47 1000 460 71
1383 2 2 1 47 410 1000 71
1384 2 2 1 47 439 407 406
1385 2 2 1 47 439 440 407
1386 2 2 1 47 443 410 442
1387 2 2 1 47 442 410 409
1388 2 2 1 47 442 409 441
1389 2 2 1 47 440 441 408
1390 2 2 1 48 447 413 446
1391 2 2 1 48 412 445 446
1392 2 2 1 48 446 413 412
1393 2 2 1 48 411 445 412
1394 2 2 1 48 455 422 421
1395 2 2 1 48 444 445 1001
1396 2 2 1 48 455 421 454
1397 2 2 1 48 1001 445 411
1398 2 2 1 48 454 421 420
1399 2 2 1 48 451 452 418
1400 2 2 1 48 454 420 453
1401 2 2 1 48 457 1003 1002
1402 2 2 1 48 448 414 447
1403 2 2 1 48 447 414 413
1404 2 2 1 48 1001 411 71
1405 2 2 1 48 418 452 419
1406 2 2 1 48 1002 1003 423
1407 2 2 1 48 460 1001 71
1408 2 2 1 48 420 419 453
1409 2 2 1 48 451 417 450
1410 2 2 1 48 450 417 416
1411 2 2 1 48 456 422 455
1412 2 2 1 48 419 452 453
1413 2 2 1 48 1001 74 444
1414 2 2 1 48 460 74 1001
1415 2 2 1 48 1004 425 424
1416 2 2 1 48 417 451 418
1417 2 2 1 48 1004 458 459
1418 2 2 1 48 1005 72 425
1419 2 2 1 48 1005 459 75
1420 2 2 1 48 72 1005 75
1421 2 2 1 48 1003 424 423
1422 2 2 1 48 1003 457 458
1423 2 2 1 48 456 1002 422
1424 2 2 1 48 1002 456 457
1425 2 2 1 48 1002 423 422
1426 2 2 1 48 450 416 449
1427 2 2 1 48 449 416 415
1428 2 2 1 48 448 449 415
1429 2 2 1 48 448 415 414
1430 2 2 1 48 1003 1004 424
1431 2 2 1 48 458 1004 1003
1432 2 2 1 48 1004 1005 425
1433 2 2 1 48 1004 459 1005
1434 2 2 4 49 1080 474 1175
1435 2 2 4 49 477 478 1186
1436 2 2 4 49 1027 1093 1241
1437 2 2 4 49 1093 1066 1241
1438 2 2 4 49 1186 478 1214
1439 2 2 4 49 1087 1009 1236
1440 2 2 4 49 1060 1092 1125
1441 2 2 4 49 430 429 1153
1442 2 2 4 49 486 487 1103
1443 2 2 4 49 1012 1089 1311
1444 2 2 4 49 481 482 1104
1445 2 2 4 49 474 1080 1243
1446 2 2 4 49 1081 467 1163
1447 2 2 4 49 430 1153 1206
1448 2 2 4 49 1024 1087 1124
1449 2 2 4 49 1037 1081 1163
1450 2 2 4 49 465 466 1108
1451 2 2 4 49 1081 1037 1160
1452 2 2 4 49 1089 1012 1141
1453 2 2 4 49 1018 1117 1183
1454 2 2 4 49 1117 1065 1183
1455 2 2 4 49 1156 1082 1240
1456 2 2 4 49 467 1081 1260
1457 2 2 4 49 1032 1124 1236
1458 2 2 4 49 1124 1087 1236
1459 2 2 4 49 1204 1101 1295
1460 2 2 4 49 1102 1011 1120
1461 2 2 4 49 486 1103 1126
1462 2 2 4 49 1146 1012 1311
1463 2 2 4 49 1021 1156 1240
1464 2 2 4 49 1023 1085 1166
1465 2 2 4 49 1236 1009 1269
1466 2 2 4 49 1092 1020 1125
1467 2 2 4 49 1020 1084 1164
1468 2 2 4 49 1105 1045 1212
1469 2 2 4 49 1096 1236 1269
1470 2 2 4 49 1228 1118 1270
1471 2 2 4 49 1084 1020 1180
1472 2 2 4 49 1095 489 1208
1473 2 2 4 49 479 1097 1214
1474 2 2 4 49 1085 1023 1222
1475 2 2 4 49 75 459 1174
1476 2 2 4 49 1045 1105 1216
1477 2 2 4 49 1064 1118 1228
1478 2 2 4 49 1033 1090 1132
1479 2 2 4 49 1106 431 1206
1480 2 2 4 49 1099 1010 1131
1481 2 2 4 49 1031 1112 1122
1482 2 2 4 49 1090 1024 1132
1483 2 2 4 49 1009 1087 1202
1484 2 2 4 49 491 75 1174
1485 2 2 4 49 1087 1024 1203
1486 2 2 4 49 1090 1033 1170
1487 2 2 4 49 1092 1060 1249
1488 2 2 4 49 1011 1102 1145
1489 2 2 4 49 1103 1028 1189
1490 2 2 4 49 1083 1169 1229
1491 2 2 4 49 1025 1204 1295
1492 2 2 4 49 1067 1119 1185
1493 2 2 4 49 1020 1092 1180
1494 2 2 4 49 1093 1027 1212
1495 2 2 4 49 1066 1093 1167
1496 2 2 4 49 1119 1019 1185
1497 2 2 4 49 1188 1072 1215
1498 2 2 4 49 1109 1052 1193
1499 2 2 4 49 1048 1165 1279
1500 2 2 4 49 1141 1012 1272
1501 2 2 4 49 1033 1099 1131
1502 2 2 4 49 1030 1099 1135
1503 2 2 4 49 1169 1040 1229
1504 2 2 4 49 465 1108 1242
1505 2 2 4 49 1111 1024 1124
1506 2 2 4 49 1101 1204 1303
1507 2 2 4 49 76 477 1186
1508 2 2 4 49 1113 1063 1133
1509 2 2 4 49 1014 1101 1303
1510 2 2 4 49 1141 1045 1219
1511 2 2 4 49 1093 1141 1272
1512 2 2 4 49 1089 1141 1219
1513 2 2 4 49 1221 1035 1273
1514 2 2 4 49 452 451 1123
1515 2 2 4 49 1050 1129 1134
1516 2 2 4 49 1112 1017 1246
1517 2 2 4 49 1099 1033 1135
1518 2 2 4 49 1129 1043 1134
1519 2 2 4 49 1024 1090 1327
1520 2 2 4 49 1068 1112 1246
1521 2 2 4 49 1030 1107 1224
1522 2 2 4 49 1107 1055 1224
1523 2 2 4 49 476 76 1186
1524 2 2 4 49 1095 1047 1218
1525 2 2 4 49 1110 1189 1294
1526 2 2 4 49 1094 1025 1268
1527 2 2 4 49 1047 1095 1274
1528 2 2 4 49 1207 1091 1300
1529 2 2 4 49 1103 487 1171
1530 2 2 4 49 1026 1207 1300
1531 2 2 4 49 1025 1094 1204
1532 2 2 4 49 1189 1028 1294
1533 2 2 4 49 481 1104 1172
1534 2 2 4 49 448 1098 1237
1535 2 2 4 49 489 1095 1218
1536 2 2 4 49 1049 1097 1217
1537 2 2 4 49 1033 1132 1135
1538 2 2 4 49 1098 1221 1273
1539 2 2 4 49 1097 479 1217
1540 2 2 4 49 1169 1083 1246
1541 2 2 4 49 1124 1032 1210
1542 2 2 4 49 1132 1058 1135
1543 2 2 4 49 1097 1049 1278
1544 2 2 4 49 443 1193 1220
1545 2 2 4 49 1034 1164 1195
1546 2 2 4 49 1098 448 1221
1547 2 2 4 49 1166 1072 1223
1548 2 2 4 49 1164 1084 1195
1549 2 2 4 49 1249 1007 1335
1550 2 2 4 49 1099 1030 1224
1551 2 2 4 49 1161 1086 1304
1552 2 2 4 49 1010 1188 1215
1553 2 2 4 49 74 443 1220
1554 2 2 4 49 1010 1099 1276
1555 2 2 4 49 1052 1109 1284
1556 2 2 4 49 1046 1110 1294
1557 2 2 4 49 1028 1103 1286
1558 2 2 4 49 1104 482 1178
1559 2 2 4 49 1077 1115 1319
1560 2 2 4 49 1086 1161 1252
1561 2 2 4 49 1110 1013 1314
1562 2 2 4 49 1101 1014 1190
1563 2 2 4 49 1160 1089 1219
1564 2 2 4 49 1022 1160 1219
1565 2 2 4 49 1170 1013 1209
1566 2 2 4 49 1123 451 1144
1567 2 2 4 49 1090 1170 1209
1568 2 2 4 49 1022 1113 1133
1569 2 2 4 49 1108 466 1260
1570 2 2 4 49 1124 1210 1331
1571 2 2 4 49 1165 1073 1279
1572 2 2 4 49 452 1123 1239
1573 2 2 4 49 468 469 1128
1574 2 2 4 49 1228 1029 1296
1575 2 2 4 49 1110 1046 1209
1576 2 2 4 49 1017 1169 1246
1577 2 2 4 49 1013 1110 1209
1578 2 2 4 49 1067 1121 1215
1579 2 2 4 49 1107 1030 1167
1580 2 2 4 49 1120 1041 1159
1581 2 2 4 49 1121 1010 1215
1582 2 2 4 49 431 430 1206
1583 2 2 4 49 1010 1121 1131
1584 2 2 4 49 1046 1114 1202
1585 2 2 4 49 1104 1228 1296
1586 2 2 4 49 431 1106 1232
1587 2 2 4 49 1114 1046 1294
1588 2 2 4 49 1007 1158 1335
1589 2 2 4 49 1055 1107 1181
1590 2 2 4 49 1127 1035 1221
1591 2 2 4 49 1121 1070 1131
1592 2 2 4 49 1176 1080 1211
1593 2 2 4 49 1133 1063 1337
1594 2 2 4 49 1070 1121 1270
1595 2 2 4 49 1023 1166 1223
1596 2 2 4 49 1060 1125 1323
1597 2 2 4 49 1115 1155 1319
1598 2 2 4 49 1126 1103 1189
1599 2 2 4 49 1048 1106 1206
1600 2 2 4 49 1117 1071 1205
1601 2 2 4 49 1105 1212 1299
1602 2 2 4 49 1106 1048 1196
1603 2 2 4 49 1019 1176 1211
1604 2 2 4 49 485 486 1126
1605 2 2 4 49 1125 1020 1273
1606 2 2 4 49 1051 1109 1198
1607 2 2 4 49 1109 1051 1191
1608 2 2 4 49 1072 1119 1215
1609 2 2 4 49 1112 1068 1234
1610 2 2 4 49 1270 1121 1297
1611 2 2 4 49 478 479 1214
1612 2 2 4 49 1024 1111 1265
1613 2 2 4 49 1134 1014 1303
1614 2 2 4 49 1077 1213 1244
1615 2 2 4 49 1029 1228 1270
1616 2 2 4 49 489 490 1208
1617 2 2 4 49 1034 1123 1144
1618 2 2 4 49 451 450 1144
1619 2 2 4 49 468 1128 1163
1620 2 2 4 49 1109 1193 1292
1621 2 2 4 49 1136 1052 1192
1622 2 2 4 49 1022 1133 1245
1623 2 2 4 49 1195 1011 1277
1624 2 2 4 49 1069 1136 1192
1625 2 2 4 49 1020 1238 1273
1626 2 2 4 49 1115 1008 1155
1627 2 2 4 49 1245 1133 1291
1628 2 2 4 49 1115 1078 1173
1629 2 2 4 49 1008 1115 1173
1630 2 2 4 49 1118 1064 1293
1631 2 2 4 49 1149 457 1255
1632 2 2 4 49 1017 1112 1266
1633 2 2 4 49 1112 1031 1226
1634 2 2 4 49 1117 1018 1162
1635 2 2 4 49 1045 1113 1219
1636 2 2 4 49 1076 1162 1200
1637 2 2 4 49 435 434 1130
1638 2 2 4 49 1081 1160 1245
1639 2 2 4 49 1162 1018 1200
1640 2 2 4 49 1113 1022 1219
1641 2 2 4 49 447 446 1127
1642 2 2 4 49 1140 1006 1184
1643 2 2 4 49 1066 1140 1184
1644 2 2 4 49 1007 1161 1304
1645 2 2 4 49 1078 1115 1280
1646 2 2 4 49 1212 1027 1299
1647 2 2 4 49 1115 1077 1287
1648 2 2 4 49 1128 1037 1163
1649 2 2 4 49 1100 1195 1277
1650 2 2 4 49 1113 1045 1216
1651 2 2 4 49 1063 1113 1259
1652 2 2 4 49 445 444 1136
1653 2 2 4 49 1013 1179 1314
1654 2 2 4 49 1040 1116 1213
1655 2 2 4 49 1160 1022 1245
1656 2 2 4 49 462 463 1165
1657 2 2 4 49 1007 1154 1158
1658 2 2 4 49 474 475 1175
1659 2 2 4 49 1014 1116 1190
1660 2 2 4 49 1116 1044 1190
1661 2 2 4 49 1154 1061 1158
1662 2 2 4 49 1216 1105 1310
1663 2 2 4 49 1141 1093 1212
1664 2 2 4 49 458 457 1149
1665 2 2 4 49 1116 1040 1169
1666 2 2 4 49 441 1198 1292
1667 2 2 4 49 1120 1159 1313
1668 2 2 4 49 467 468 1163
1669 2 2 4 49 1041 1158 1159
1670 2 2 4 49 1158 1061 1159
1671 2 2 4 49 1189 1110 1314
1672 2 2 4 49 1148 1279 1302
1673 2 2 4 49 1148 1016 1279
1674 2 2 4 49 470 471 1143
1675 2 2 4 49 1202 1114 1322
1676 2 2 4 49 1267 1096 1306
1677 2 2 4 49 1122 1112 1234
1678 2 2 4 49 1013 1118 1179
1679 2 2 4 49 1143 471 1301
1680 2 2 4 49 1020 1164 1238
1681 2 2 4 49 1055 1181 1223
1682 2 2 4 49 1011 1145 1277
1683 2 2 4 49 1019 1119 1176
1684 2 2 4 49 1130 434 1329
1685 2 2 4 49 1107 1272 1320
1686 2 2 4 49 1161 1079 1252
1687 2 2 4 49 1076 1149 1255
1688 2 2 4 49 1213 1014 1244
1689 2 2 4 49 1199 1057 1235
1690 2 2 4 49 1038 1242 1291
1691 2 2 4 49 1100 1199 1235
1692 2 2 4 49 1179 1118 1293
1693 2 2 4 49 1161 1060 1225
1694 2 2 4 49 1079 1161 1225
1695 2 2 4 49 1198 1109 1292
1696 2 2 4 49 1205 1071 1269
1697 2 2 4 49 1123 1057 1239
1698 2 2 4 49 1118 1013 1317
1699 2 2 4 49 1116 1014 1213
1700 2 2 4 49 1031 1122 1253
1701 2 2 4 49 1165 463 1290
1702 2 2 4 49 1223 1181 1308
1703 2 2 4 49 1043 1130 1207
1704 2 2 4 49 1136 444 1220
1705 2 2 4 49 1241 1068 1248
1706 2 2 4 49 1092 1249 1335
1707 2 2 4 49 1065 1117 1205
1708 2 2 4 49 456 455 1139
1709 2 2 4 49 1091 1130 1329
1710 2 2 4 49 1151 464 1242
1711 2 2 4 49 464 465 1242
1712 2 2 4 49 1184 1068 1241
1713 2 2 4 49 1044 1116 1283
1714 2 2 4 49 1164 1075 1238
1715 2 2 4 49 1037 1128 1231
1716 2 2 4 49 1196 1048 1279
1717 2 2 4 49 1056 1186 1214
1718 2 2 4 49 438 437 1150
1719 2 2 4 49 1128 1062 1231
1720 2 2 4 49 440 439 1157
1721 2 2 4 49 1053 1232 1285
1722 2 2 4 49 1085 1143 1301
1723 2 2 4 49 1147 1077 1244
1724 2 2 4 49 1059 1122 1250
1725 2 2 4 49 1127 446 1261
1726 2 2 4 49 1008 1216 1310
1727 2 2 4 49 1180 1092 1335
1728 2 2 4 49 1119 1067 1215
1729 2 2 4 49 1061 1154 1168
1730 2 2 4 49 1122 1006 1250
1731 2 2 4 49 436 1129 1282
1732 2 2 4 49 1069 1127 1261
1733 2 2 4 49 1122 1059 1253
1734 2 2 4 49 1071 1117 1254
1735 2 2 4 49 449 448 1237
1736 2 2 4 49 1057 1123 1235
1737 2 2 4 49 482 483 1178
1738 2 2 4 49 1173 1078 1230
1739 2 2 4 49 1123 1034 1235
1740 2 2 4 49 1063 1173 1230
1741 2 2 4 49 484 1138 1281
1742 2 2 4 49 1167 1093 1272
1743 2 2 4 49 1203 1024 1327
1744 2 2 4 49 441 440 1198
1745 2 2 4 49 1147 1043 1207
1746 2 2 4 49 1043 1129 1257
1747 2 2 4 49 1289 1044 1304
1748 2 2 4 49 1126 1042 1262
1749 2 2 4 49 1149 1076 1200
1750 2 2 4 49 472 473 1152
1751 2 2 4 49 1153 1048 1206
1752 2 2 4 49 1054 1149 1200
1753 2 2 4 49 483 484 1281
1754 2 2 4 49 1130 1043 1257
1755 2 2 4 49 1042 1126 1189
1756 2 2 4 49 1102 1120 1313
1757 2 2 4 49 1119 1072 1258
1758 2 2 4 49 1134 1043 1244
1759 2 2 4 49 1242 1108 1291
1760 2 2 4 49 1044 1154 1304
1761 2 2 4 49 1082 1156 1324
1762 2 2 4 49 1156 1021 1227
1763 2 2 4 49 1272 1012 1320
1764 2 2 4 49 1038 1151 1242
1765 2 2 4 49 1196 1016 1285
1766 2 2 4 49 1071 1156 1227
1767 2 2 4 49 1225 1015 1264
1768 2 2 4 49 1170 1033 1305
1769 2 2 4 49 1210 1102 1253
1770 2 2 4 49 1204 1050 1303
1771 2 2 4 49 1034 1144 1325
1772 2 2 4 49 1059 1210 1253
1773 2 2 4 49 1232 1106 1285
1774 2 2 4 49 1129 436 1257
1775 2 2 4 49 1120 1011 1338
1776 2 2 4 49 1041 1120 1263
1777 2 2 4 49 1065 1182 1183
1778 2 2 4 49 1182 1047 1183
1779 2 2 4 49 1127 1069 1271
1780 2 2 4 49 1040 1155 1229
1781 2 2 4 49 1145 1074 1277
1782 2 2 4 49 1094 1150 1204
1783 2 2 4 49 1035 1127 1271
1784 2 2 4 49 1150 1050 1204
1785 2 2 4 49 1088 1146 1231
1786 2 2 4 49 1183 1047 1274
1787 2 2 4 49 1006 1122 1234
1788 2 2 4 49 1047 1171 1218
1789 2 2 4 49 1121 1067 1297
1790 2 2 4 49 1074 1267 1306
1791 2 2 4 49 1143 1085 1222
1792 2 2 4 49 1016 1201 1285
1793 2 2 4 49 1025 1197 1268
1794 2 2 4 49 453 1137 1318
1795 2 2 4 49 1166 1085 1336
1796 2 2 4 49 1043 1147 1244
1797 2 2 4 49 437 436 1282
1798 2 2 4 49 466 467 1260
1799 2 2 4 49 1172 1049 1217
1800 2 2 4 49 1174 1054 1334
1801 2 2 4 49 1210 1059 1331
1802 2 2 4 49 1062 1128 1233
1803 2 2 4 49 1185 1049 1187
1804 2 2 4 49 1137 453 1239
1805 2 2 4 49 1177 1091 1329
1806 2 2 4 49 1129 1050 1282
1807 2 2 4 49 487 488 1171
1808 2 2 4 49 480 481 1172
1809 2 2 4 49 1067 1185 1187
1810 2 2 4 49 1154 1044 1168
1811 2 2 4 49 1111 1124 1331
1812 2 2 4 49 1128 469 1233
1813 2 2 4 49 1137 1057 1240
1814 2 2 4 49 1029 1187 1296
1815 2 2 4 49 444 74 1220
1816 2 2 4 49 433 432 1177
1817 2 2 4 49 1072 1188 1223
1818 2 2 4 49 1182 1028 1286
1819 2 2 4 49 456 1139 1255
1820 2 2 4 49 1159 1031 1313
1821 2 2 4 49 1194 1026 1300
1822 2 2 4 49 447 1127 1221
1823 2 2 4 49 1042 1138 1262
1824 2 2 4 49 1078 1201 1230
1825 2 2 4 49 1130 1091 1207
1826 2 2 4 49 448 447 1221
1827 2 2 4 49 1247 1058 1265
1828 2 2 4 49 440 1157 1198
1829 2 2 4 49 1011 1195 1338
1830 2 2 4 49 454 453 1318
1831 2 2 4 49 1054 1208 1334
1832 2 2 4 49 1096 1227 1306
1833 2 2 4 49 1049 1185 1278
1834 2 2 4 49 488 489 1218
1835 2 2 4 49 1009 1202 1322
1836 2 2 4 49 1111 1247 1265
1837 2 2 4 49 479 480 1217
1838 2 2 4 49 1074 1145 1267
1839 2 2 4 49 1181 1107 1320
1840 2 2 4 49 1145 1032 1267
1841 2 2 4 49 1131 1070 1305
1842 2 2 4 49 1053 1177 1232
1843 2 2 4 49 432 431 1232
1844 2 2 4 49 453 452 1239
1845 2 2 4 49 473 474 1243
1846 2 2 4 49 1103 1171 1286
1847 2 2 4 49 1201 1016 1230
1848 2 2 4 49 455 454 1251
1849 2 2 4 49 1034 1195 1235
1850 2 2 4 49 1175 1056 1211
1851 2 2 4 49 1195 1100 1235
1852 2 2 4 49 1125 1035 1323
1853 2 2 4 49 1015 1192 1284
1854 2 2 4 49 1191 1015 1284
1855 2 2 4 49 1091 1177 1300
1856 2 2 4 49 1080 1175 1211
1857 2 2 4 49 1030 1135 1256
1858 2 2 4 49 1035 1125 1273
1859 2 2 4 49 1200 1018 1307
1860 2 2 4 49 1029 1270 1297
1861 2 2 4 49 1082 1137 1240
1862 2 2 4 49 1138 484 1262
1863 2 2 4 49 1048 1153 1316
1864 2 2 4 49 485 1126 1262
1865 2 2 4 49 472 1152 1301
1866 2 2 4 49 1021 1199 1306
1867 2 2 4 49 1237 1098 1238
1868 2 2 4 49 1075 1237 1238
1869 2 2 4 49 1172 1104 1296
1870 2 2 4 49 443 442 1193
1871 2 2 4 49 1193 1052 1220
1872 2 2 4 49 1012 1146 1320
1873 2 2 4 49 436 435 1257
1874 2 2 4 49 1026 1147 1207
1875 2 2 4 49 1142 1015 1225
1876 2 2 4 49 1146 1088 1320
1877 2 2 4 49 1060 1142 1225
1878 2 2 4 49 445 1136 1261
1879 2 2 4 49 1136 1069 1261
1880 2 2 4 49 1165 1048 1316
1881 2 2 4 49 1017 1168 1283
1882 2 2 4 49 1117 1162 1254
1883 2 2 4 49 1157 1051 1198
1884 2 2 4 49 1169 1017 1283
1885 2 2 4 49 1018 1274 1307
1886 2 2 4 49 1036 1156 1254
1887 2 2 4 49 1041 1180 1335
1888 2 2 4 49 1143 1062 1233
1889 2 2 4 49 1294 1028 1339
1890 2 2 4 49 1156 1071 1254
1891 2 2 4 49 1145 1102 1210
1892 2 2 4 49 1301 1152 1336
1893 2 2 4 49 1032 1145 1210
1894 2 2 4 49 435 1130 1257
1895 2 2 4 49 1088 1231 1321
1896 2 2 4 49 1052 1136 1220
1897 2 2 4 49 470 1143 1233
1898 2 2 4 49 1019 1211 1315
1899 2 2 4 49 484 485 1262
1900 2 2 4 49 1045 1141 1212
1901 2 2 4 49 1016 1148 1230
1902 2 2 4 49 1148 1063 1230
1903 2 2 4 49 1306 1199 1330
1904 2 2 4 49 463 464 1290
1905 2 2 4 49 1278 1019 1315
1906 2 2 4 49 1073 1165 1290
1907 2 2 4 49 464 1151 1290
1908 2 2 4 49 1166 1039 1258
1909 2 2 4 49 1072 1166 1258
1910 2 2 4 49 438 1150 1332
1911 2 2 4 49 1050 1150 1282
1912 2 2 4 49 1150 1094 1332
1913 2 2 4 49 433 1177 1329
1914 2 2 4 49 1079 1225 1264
1915 2 2 4 49 1057 1199 1240
1916 2 2 4 49 1061 1168 1266
1917 2 2 4 49 1147 1026 1287
1918 2 2 4 49 1077 1147 1287
1919 2 2 4 49 1058 1132 1265
1920 2 2 4 49 1062 1143 1222
1921 2 2 4 49 1014 1134 1244
1922 2 2 4 49 1015 1191 1264
1923 2 2 4 49 1023 1308 1321
1924 2 2 4 49 1107 1167 1272
1925 2 2 4 49 1245 1108 1260
1926 2 2 4 49 1081 1245 1260
1927 2 2 4 49 1255 1139 1298
1928 2 2 4 49 1156 1036 1324
1929 2 2 4 49 1202 1087 1203
1930 2 2 4 49 1046 1202 1203
1931 2 2 4 49 1132 1024 1265
1932 2 2 4 49 1149 1054 1309
1933 2 2 4 49 1157 439 1332
1934 2 2 4 49 1057 1137 1239
1935 2 2 4 49 1038 1133 1337
1936 2 2 4 49 1094 1157 1332
1937 2 2 4 49 1078 1194 1201
1938 2 2 4 49 1033 1131 1305
1939 2 2 4 49 1135 1058 1256
1940 2 2 4 49 1146 1037 1231
1941 2 2 4 49 1229 1155 1310
1942 2 2 4 49 1159 1061 1226
1943 2 2 4 49 1031 1159 1226
1944 2 2 4 49 1162 1036 1254
1945 2 2 4 49 1140 1058 1247
1946 2 2 4 49 1079 1197 1252
1947 2 2 4 49 1006 1140 1247
1948 2 2 4 49 1197 1025 1252
1949 2 2 4 49 1139 455 1251
1950 2 2 4 49 1070 1270 1317
1951 2 2 4 49 1222 1023 1321
1952 2 2 4 49 1171 1047 1286
1953 2 2 4 49 1178 483 1281
1954 2 2 4 49 1071 1227 1269
1955 2 2 4 49 469 470 1233
1956 2 2 4 49 1058 1140 1256
1957 2 2 4 49 1227 1096 1269
1958 2 2 4 49 1150 437 1282
1959 2 2 4 49 1133 1038 1291
1960 2 2 4 49 1194 1053 1201
1961 2 2 4 49 1009 1205 1269
1962 2 2 4 49 1040 1213 1319
1963 2 2 4 49 1080 1176 1328
1964 2 2 4 49 1279 1073 1302
1965 2 2 4 49 1270 1118 1317
1966 2 2 4 49 480 1172 1217
1967 2 2 4 49 1054 1174 1309
1968 2 2 4 49 1104 1178 1228
1969 2 2 4 49 1178 1064 1228
1970 2 2 4 49 1171 488 1218
1971 2 2 4 49 1050 1134 1303
1972 2 2 4 49 1138 1064 1281
1973 2 2 4 49 459 458 1309
1974 2 2 4 49 1101 1289 1295
1975 2 2 4 49 1039 1166 1336
1976 2 2 4 49 1138 1042 1293
1977 2 2 4 49 1035 1142 1323
1978 2 2 4 49 1114 1294 1339
1979 2 2 4 49 1036 1139 1324
1980 2 2 4 49 1177 1053 1300
1981 2 2 4 49 1056 1175 1312
1982 2 2 4 49 1049 1172 1296
1983 2 2 4 49 1068 1184 1234
1984 2 2 4 49 1152 473 1243
1985 2 2 4 49 1184 1006 1234
1986 2 2 4 49 1060 1161 1249
1987 2 2 4 49 1251 454 1318
1988 2 2 4 49 1188 1010 1276
1989 2 2 4 49 1039 1152 1328
1990 2 2 4 49 1144 450 1275
1991 2 2 4 49 1075 1144 1275
1992 2 2 4 49 1112 1226 1266
1993 2 2 4 49 1177 432 1232
1994 2 2 4 49 1151 1038 1302
1995 2 2 4 49 457 456 1255
1996 2 2 4 49 1073 1151 1302
1997 2 2 4 49 1142 1035 1271
1998 2 2 4 49 1137 1082 1318
1999 2 2 4 49 1140 1066 1288
2000 2 2 4 49 1064 1138 1293
2001 2 2 4 49 1186 1056 1312
2002 2 2 4 49 1148 1038 1337
2003 2 2 4 49 1173 1063 1259
2004 2 2 4 49 1188 1055 1223
2005 2 2 4 49 461 462 1316
2006 2 2 4 49 1161 1007 1249
2007 2 2 4 49 1162 1076 1298
2008 2 2 4 49 1139 1036 1298
2009 2 2 4 49 1036 1162 1298
2010 2 2 4 49 1174 459 1309
2011 2 2 4 49 1101 1190 1289
2012 2 2 4 49 1028 1182 1339
2013 2 2 4 49 446 445 1261
2014 2 2 4 49 450 449 1275
2015 2 2 4 49 475 476 1312
2016 2 2 4 49 1168 1044 1283
2017 2 2 4 49 1042 1189 1314
2018 2 2 4 49 1065 1322 1339
2019 2 2 4 49 1153 461 1316
2020 2 2 4 49 1083 1229 1299
2021 2 2 4 49 1229 1105 1299
2022 2 2 4 49 1037 1146 1311
2023 2 2 4 49 1191 1051 1264
2024 2 2 4 49 1027 1241 1248
2025 2 2 4 49 1208 1054 1307
2026 2 2 4 49 1051 1157 1268
2027 2 2 4 49 73 461 1333
2028 2 2 4 49 1095 1208 1307
2029 2 2 4 49 1086 1289 1304
2030 2 2 4 49 1015 1142 1326
2031 2 2 4 49 1051 1197 1264
2032 2 2 4 49 1180 1041 1263
2033 2 2 4 49 1142 1060 1323
2034 2 2 4 49 442 441 1292
2035 2 2 4 49 1157 1094 1268
2036 2 2 4 49 1144 1075 1325
2037 2 2 4 49 1066 1184 1241
2038 2 2 4 49 1008 1173 1259
2039 2 2 4 49 1167 1030 1288
2040 2 2 4 49 1038 1148 1302
2041 2 2 4 49 1065 1205 1322
2042 2 2 4 49 1176 1119 1258
2043 2 2 4 49 1039 1176 1258
2044 2 2 4 49 1151 1073 1290
2045 2 2 4 49 471 472 1301
2046 2 2 4 49 1160 1037 1311
2047 2 2 4 49 1214 1097 1315
2048 2 2 4 49 1231 1062 1321
2049 2 2 4 49 458 1149 1309
2050 2 2 4 49 1063 1148 1337
2051 2 2 4 49 1064 1178 1281
2052 2 2 4 49 1195 1084 1338
2053 2 2 4 49 1056 1214 1315
2054 2 2 4 49 1168 1017 1266
2055 2 2 4 49 1154 1007 1304
2056 2 2 4 49 1153 429 1333
2057 2 2 4 49 1199 1021 1240
2058 2 2 4 49 1067 1187 1297
2059 2 2 4 49 490 491 1334
2060 2 2 4 49 1084 1180 1263
2061 2 2 4 49 1238 1098 1273
2062 2 2 4 49 1246 1083 1248
2063 2 2 4 49 1068 1246 1248
2064 2 2 4 49 1042 1179 1293
2065 2 2 4 49 1152 1039 1336
2066 2 2 4 49 1176 1039 1328
2067 2 2 4 49 439 438 1332
2068 2 2 4 49 434 433 1329
2069 2 2 4 49 1085 1301 1336
2070 2 2 4 49 1155 1008 1310
2071 2 2 4 49 1247 1111 1250
2072 2 2 4 49 1193 442 1292
2073 2 2 4 49 1155 1040 1319
2074 2 2 4 49 1006 1247 1250
2075 2 2 4 49 429 73 1333
2076 2 2 4 49 1055 1188 1276
2077 2 2 4 49 1089 1160 1311
2078 2 2 4 49 1026 1194 1280
2079 2 2 4 49 461 1153 1333
2080 2 2 4 49 1194 1078 1280
2081 2 2 4 49 476 1186 1312
2082 2 2 4 49 1069 1192 1326
2083 2 2 4 49 1158 1041 1335
2084 2 2 4 49 1116 1169 1283
2085 2 2 4 49 1289 1086 1295
2086 2 2 4 49 1076 1255 1298
2087 2 2 4 49 1018 1183 1274
2088 2 2 4 49 1066 1167 1288
2089 2 2 4 49 1170 1070 1317
2090 2 2 4 49 1216 1008 1259
2091 2 2 4 49 1109 1191 1284
2092 2 2 4 49 1075 1164 1325
2093 2 2 4 49 1113 1216 1259
2094 2 2 4 49 1236 1096 1267
2095 2 2 4 49 1032 1236 1267
2096 2 2 4 49 1164 1034 1325
2097 2 2 4 49 1106 1196 1285
2098 2 2 4 49 1197 1051 1268
2099 2 2 4 49 1070 1170 1305
2100 2 2 4 49 1185 1019 1278
2101 2 2 4 49 1023 1223 1308
2102 2 2 4 49 1047 1182 1286
2103 2 2 4 49 1197 1079 1264
2104 2 2 4 49 462 1165 1316
2105 2 2 4 49 1013 1170 1317
2106 2 2 4 49 1175 475 1312
2107 2 2 4 49 1179 1042 1314
2108 2 2 4 49 1181 1088 1308
2109 2 2 4 49 1263 1120 1338
2110 2 2 4 49 1226 1061 1266
2111 2 2 4 49 1152 1243 1328
2112 2 2 4 49 1187 1049 1296
2113 2 2 4 49 1187 1029 1297
2114 2 2 4 49 491 1174 1334
2115 2 2 4 49 1088 1181 1320
2116 2 2 4 49 1224 1055 1276
2117 2 2 4 49 1192 1052 1284
2118 2 2 4 49 1322 1114 1339
2119 2 2 4 49 1016 1196 1279
2120 2 2 4 49 1059 1250 1331
2121 2 2 4 49 1250 1111 1331
2122 2 2 4 49 1190 1044 1289
2123 2 2 4 49 1182 1065 1339
2124 2 2 4 49 1053 1194 1300
2125 2 2 4 49 1201 1053 1285
2126 2 2 4 49 1108 1245 1291
2127 2 2 4 49 1253 1102 1313
2128 2 2 4 49 1031 1253 1313
2129 2 2 4 49 449 1237 1275
2130 2 2 4 49 1046 1203 1327
2131 2 2 4 49 1213 1077 1319
2132 2 2 4 49 1030 1256 1288
2133 2 2 4 49 1054 1200 1307
2134 2 2 4 49 1308 1088 1321
2135 2 2 4 49 1099 1224 1276
2136 2 2 4 49 1209 1046 1327
2137 2 2 4 49 1082 1251 1318
2138 2 2 4 49 1139 1251 1324
2139 2 2 4 49 1271 1069 1326
2140 2 2 4 49 1192 1015 1326
2141 2 2 4 49 1237 1075 1275
2142 2 2 4 49 1252 1025 1295
2143 2 2 4 49 1086 1252 1295
2144 2 2 4 49 1205 1009 1322
2145 2 2 4 49 1199 1100 1330
2146 2 2 4 49 1211 1056 1315
2147 2 2 4 49 1105 1229 1310
2148 2 2 4 49 1248 1083 1299
2149 2 2 4 49 1227 1021 1306
2150 2 2 4 49 1027 1248 1299
2151 2 2 4 49 1090 1209 1327
2152 2 2 4 49 1256 1140 1288
2153 2 2 4 49 1208 490 1334
2154 2 2 4 49 1062 1222 1321
2155 2 2 4 49 1280 1115 1287
2156 2 2 4 49 1274 1095 1307
2157 2 2 4 49 1097 1278 1315
2158 2 2 4 49 1026 1280 1287
2159 2 2 4 49 1243 1080 1328
2160 2 2 4 49 1251 1082 1324
2161 2 2 4 49 1074 1306 1330
2162 2 2 4 49 1142 1271 1326
2163 2 2 4 49 1100 1277 1330
2164 2 2 4 49 1277 1074 1330
2165 2 2 4 49 1084 1263 1338
2166 2 2 2 50 492 1340 1343
2167 2 2 2 50 1340 495 1343
2168 2 2 2 50 1340 492 1341
2169 2 2 2 50 493 1 1341
2170 2 2 2 50 495 1340 1342
2171 2 2 2 50 3 494 1342
2172 2 2 2 50 492 493 1341
2173 2 2 2 50 1340 2 1342
2174 2 2 2 50 494 495 1342
2175 2 2 2 50 1 93 1341
2176 2 2 2 50 94 3 1342
2177 2 2 2 50 2 1340 1341
2178 2 2 2 50 2 94 1342
2179 2 2 2 50 93 2 1341
2180 2 2 2 50 495 77 1343
2181 2 2 2 50 77 492 1343
2182 2 2 3 51 87 556 74
2183 2 2 3 51 556 444 74
2184 2 2 3 51 621 429 79
2185 2 2 3 51 459 545 83
2186 2 2 3 51 631 87 443
2187 2 2 3 51 621 430 429
2188 2 2 3 51 622 431 430
2189 2 2 3 51 622 430 621
2190 2 2 3 51 432 431 623
2191 2 2 3 51 623 431 622
2192 2 2 3 51 433 432 623
2193 2 2 3 51 624 434 433
2194 2 2 3 51 624 433 623
2195 2 2 3 51 625 435 434
2196 2 2 3 51 625 434 624
2197 2 2 3 51 436 435 626
2198 2 2 3 51 626 435 625
2199 2 2 3 51 437 436 626
2200 2 2 3 51 627 438 437
2201 2 2 3 51 627 437 626
2202 2 2 3 51 628 439 438
2203 2 2 3 51 628 438 627
2204 2 2 3 51 629 440 439
2205 2 2 3 51 628 629 439
2206 2 2 3 51 629 441 440
2207 2 2 3 51 630 442 441
2208 2 2 3 51 630 441 629
2209 2 2 3 51 442 631 443
2210 2 2 3 51 631 442 630
2211 2 2 3 51 444 555 445
2212 2 2 3 51 444 556 555
2213 2 2 3 51 555 446 445
2214 2 2 3 51 554 447 446
2215 2 2 3 51 446 555 554
2216 2 2 3 51 447 553 448
2217 2 2 3 51 447 554 553
2218 2 2 3 51 448 552 449
2219 2 2 3 51 448 553 552
2220 2 2 3 51 449 552 450
2221 2 2 3 51 551 451 450
2222 2 2 3 51 450 552 551
2223 2 2 3 51 451 550 452
2224 2 2 3 51 451 551 550
2225 2 2 3 51 452 549 453
2226 2 2 3 51 550 549 452
2227 2 2 3 51 453 549 454
2228 2 2 3 51 548 455 454
2229 2 2 3 51 454 549 548
2230 2 2 3 51 547 456 455
2231 2 2 3 51 548 547 455
2232 2 2 3 51 547 457 456
2233 2 2 3 51 458 457 546
2234 2 2 3 51 457 547 546
2235 2 2 3 51 459 458 545
2236 2 2 3 51 458 546 545
2237 2 2 3 51 429 73 79
2238 2 2 3 51 87 74 443
2239 2 2 3 51 459 83 75
2240 2 2 3 52 621 632 633
2241 2 2 3 52 621 633 622
2242 2 2 3 52 622 633 634
2243 2 2 3 52 622 634 623
2244 2 2 3 52 632 1344 80
2245 2 2 3 52 1344 496 80
2246 2 2 3 52 1345 642 88
2247 2 2 3 52 557 1345 88
2248 2 2 3 52 626 638 627
2249 2 2 3 52 626 637 638
2250 2 2 3 52 626 625 636
2251 2 2 3 52 634 635 624
2252 2 2 3 52 631 1345 87
2253 2 2 3 52 1345 631 642
2254 2 2 3 52 1345 557 87
2255 2 2 3 52 1344 621 79
2256 2 2 3 52 621 1344 632
2257 2 2 3 52 496 1344 79
2258 2 2 3 52 641 642 631
2259 2 2 3 52 641 631 630
2260 2 2 3 52 640 641 630
2261 2 2 3 52 640 630 629
2262 2 2 3 52 640 629 628
2263 2 2 3 52 639 640 628
2264 2 2 3 52 639 628 627
2265 2 2 3 52 623 634 624
2266 2 2 3 52 636 625 635
2267 2 2 3 52 637 626 636
2268 2 2 3 52 635 625 624
2269 2 2 3 52 638 639 627
2270 2 2 3 53 1379 1371 1481
2271 2 2 3 53 1362 1389 1399
2272 2 2 3 53 1390 1363 1400
2273 2 2 3 53 1402 648 1477
2274 2 2 3 53 1389 1355 1399
2275 2 2 3 53 1356 1390 1400
2276 2 2 3 53 1375 1351 1434
2277 2 2 3 53 1385 651 1425
2278 2 2 3 53 1351 1375 1450
2279 2 2 3 53 1424 645 1462
2280 2 2 3 53 1347 1379 1410
2281 2 2 3 53 647 648 1402
2282 2 2 3 53 1384 1424 1462
2283 2 2 3 53 1389 1362 1433
2284 2 2 3 53 1389 634 1430
2285 2 2 3 53 640 1390 1431
2286 2 2 3 53 1410 1379 1481
2287 2 2 3 53 634 1389 1465
2288 2 2 3 53 1371 1379 1476
2289 2 2 3 53 1385 1357 1408
2290 2 2 3 53 1358 1384 1409
2291 2 2 3 53 1378 1402 1477
2292 2 2 3 53 1383 1364 1412
2293 2 2 3 53 1365 1382 1413
2294 2 2 3 53 1379 1347 1447
2295 2 2 3 53 1386 1348 1432
2296 2 2 3 53 1366 1386 1432
2297 2 2 3 53 1350 1387 1437
2298 2 2 3 53 1373 1401 1444
2299 2 2 3 53 1359 1388 1513
2300 2 2 3 53 1387 1369 1437
2301 2 2 3 53 1409 1350 1413
2302 2 2 3 53 1349 1408 1412
2303 2 2 3 53 1355 1389 1430
2304 2 2 3 53 1390 1356 1431
2305 2 2 3 53 1363 1390 1459
2306 2 2 3 53 1366 1398 1415
2307 2 2 3 53 1421 566 1509
2308 2 2 3 53 505 1422 1510
2309 2 2 3 53 1398 1346 1415
2310 2 2 3 53 1391 1364 1435
2311 2 2 3 53 1401 1371 1444
2312 2 2 3 53 1382 1365 1438
2313 2 2 3 53 1364 1383 1439
2314 2 2 3 53 1387 1367 1443
2315 2 2 3 53 567 566 1421
2316 2 2 3 53 505 506 1422
2317 2 2 3 53 1384 1358 1424
2318 2 2 3 53 1357 1385 1425
2319 2 2 3 53 1347 1399 1405
2320 2 2 3 53 1400 1348 1406
2321 2 2 3 53 1384 1442 1490
2322 2 2 3 53 1354 1388 1426
2323 2 2 3 53 1392 1355 1430
2324 2 2 3 53 1356 1393 1431
2325 2 2 3 53 1374 1395 1420
2326 2 2 3 53 1399 1355 1495
2327 2 2 3 53 1356 1400 1496
2328 2 2 3 53 1389 1433 1465
2329 2 2 3 53 1395 1369 1420
2330 2 2 3 53 651 1385 1460
2331 2 2 3 53 1388 1359 1426
2332 2 2 3 53 1369 1387 1515
2333 2 2 3 53 1386 1366 1463
2334 2 2 3 53 1348 1386 1452
2335 2 2 3 53 644 645 1424
2336 2 2 3 53 651 652 1425
2337 2 2 3 53 1394 1362 1440
2338 2 2 3 53 1355 1392 1417
2339 2 2 3 53 1393 1356 1418
2340 2 2 3 53 1367 1387 1449
2341 2 2 3 53 1405 1399 1495
2342 2 2 3 53 1400 1406 1496
2343 2 2 3 53 1387 1350 1449
2344 2 2 3 53 1388 1354 1440
2345 2 2 3 53 1442 1384 1462
2346 2 2 3 53 1458 1360 1501
2347 2 2 3 53 1361 1457 1502
2348 2 2 3 53 1427 1360 1458
2349 2 2 3 53 1361 1428 1457
2350 2 2 3 53 1391 1370 1441
2351 2 2 3 53 1378 1429 1466
2352 2 2 3 53 1390 640 1459
2353 2 2 3 53 641 640 1431
2354 2 2 3 53 634 633 1430
2355 2 2 3 53 1394 636 1433
2356 2 2 3 53 1410 1359 1513
2357 2 2 3 53 1437 1373 1448
2358 2 2 3 53 1409 1413 1474
2359 2 2 3 53 1412 1408 1475
2360 2 2 3 53 1386 1436 1452
2361 2 2 3 53 1351 1416 1444
2362 2 2 3 53 1416 1373 1444
2363 2 2 3 53 1364 1391 1508
2364 2 2 3 53 636 1394 1473
2365 2 2 3 53 1436 1361 1452
2366 2 2 3 53 1419 1377 1453
2367 2 2 3 53 1370 1391 1455
2368 2 2 3 53 1401 1373 1480
2369 2 2 3 53 1397 1358 1422
2370 2 2 3 53 1357 1396 1421
2371 2 2 3 53 1396 1357 1425
2372 2 2 3 53 1358 1397 1424
2373 2 2 3 53 1368 1460 1491
2374 2 2 3 53 1346 1398 1423
2375 2 2 3 53 1391 1435 1455
2376 2 2 3 53 1363 1419 1453
2377 2 2 3 53 1403 1364 1483
2378 2 2 3 53 1365 1404 1482
2379 2 2 3 53 1419 1363 1459
2380 2 2 3 53 1368 1429 1460
2381 2 2 3 53 1404 1365 1450
2382 2 2 3 53 647 1402 1442
2383 2 2 3 53 1369 1395 1471
2384 2 2 3 53 1370 1411 1415
2385 2 2 3 53 1429 1368 1466
2386 2 2 3 53 1442 1367 1490
2387 2 2 3 53 1398 1359 1423
2388 2 2 3 53 1362 1394 1433
2389 2 2 3 53 1383 1421 1509
2390 2 2 3 53 1422 1382 1510
2391 2 2 3 53 1395 1374 1464
2392 2 2 3 53 1350 1437 1448
2393 2 2 3 53 1346 1395 1470
2394 2 2 3 53 1395 1346 1471
2395 2 2 3 53 1364 1439 1483
2396 2 2 3 53 1438 1365 1482
2397 2 2 3 53 1411 1366 1415
2398 2 2 3 53 1429 1378 1477
2399 2 2 3 53 1375 1404 1450
2400 2 2 3 53 1400 1363 1451
2401 2 2 3 53 1399 1347 1446
2402 2 2 3 53 637 636 1473
2403 2 2 3 53 1365 1416 1450
2404 2 2 3 53 636 635 1433
2405 2 2 3 53 1394 1440 1454
2406 2 2 3 53 1403 1376 1497
2407 2 2 3 53 1362 1399 1446
2408 2 2 3 53 1420 1369 1515
2409 2 2 3 53 1364 1403 1435
2410 2 2 3 53 1391 1441 1508
2411 2 2 3 53 1365 1413 1448
2412 2 2 3 53 1406 1348 1452
2413 2 2 3 53 1412 1364 1508
2414 2 2 3 53 1347 1405 1447
2415 2 2 3 53 1402 1367 1442
2416 2 2 3 53 1408 1357 1475
2417 2 2 3 53 1358 1409 1474
2418 2 2 3 53 1354 1407 1453
2419 2 2 3 53 1359 1398 1456
2420 2 2 3 53 1398 1366 1461
2421 2 2 3 53 1354 1453 1454
2422 2 2 3 53 1367 1402 1443
2423 2 2 3 53 646 647 1442
2424 2 2 3 53 1366 1411 1463
2425 2 2 3 53 1416 1365 1448
2426 2 2 3 53 1434 1379 1447
2427 2 2 3 53 1373 1416 1448
2428 2 2 3 53 1360 1434 1447
2429 2 2 3 53 1348 1400 1451
2430 2 2 3 53 1471 1346 1492
2431 2 2 3 53 1422 1358 1474
2432 2 2 3 53 1357 1421 1475
2433 2 2 3 53 1402 1378 1505
2434 2 2 3 53 1363 1407 1451
2435 2 2 3 53 1382 1422 1474
2436 2 2 3 53 1421 1383 1475
2437 2 2 3 53 1403 564 1507
2438 2 2 3 53 503 1404 1506
2439 2 2 3 53 639 638 1419
2440 2 2 3 53 1371 1401 1492
2441 2 2 3 53 1435 1352 1455
2442 2 2 3 53 1414 1353 1466
2443 2 2 3 53 1401 1471 1492
2444 2 2 3 53 564 1403 1483
2445 2 2 3 53 1404 503 1482
2446 2 2 3 53 1441 1349 1508
2447 2 2 3 53 1411 1370 1455
2448 2 2 3 53 1387 1443 1515
2449 2 2 3 53 1355 1417 1495
2450 2 2 3 53 1418 1356 1496
2451 2 2 3 53 500 501 1427
2452 2 2 3 53 562 561 1428
2453 2 2 3 53 1408 1349 1445
2454 2 2 3 53 1350 1409 1449
2455 2 2 3 53 649 650 1429
2456 2 2 3 53 1376 1403 1507
2457 2 2 3 53 1404 1375 1506
2458 2 2 3 53 1415 1346 1470
2459 2 2 3 53 1436 1386 1463
2460 2 2 3 53 1460 1385 1491
2461 2 2 3 53 1417 1380 1495
2462 2 2 3 53 1381 1418 1496
2463 2 2 3 53 1435 1403 1497
2464 2 2 3 53 1385 1408 1491
2465 2 2 3 53 1409 1384 1490
2466 2 2 3 53 1417 498 1511
2467 2 2 3 53 559 1418 1512
2468 2 2 3 53 1407 1354 1500
2469 2 2 3 53 1375 1434 1503
2470 2 2 3 53 1414 1368 1445
2471 2 2 3 53 1466 1353 1505
2472 2 2 3 53 1407 1372 1467
2473 2 2 3 53 1407 1363 1453
2474 2 2 3 53 498 499 1511
2475 2 2 3 53 560 559 1512
2476 2 2 3 53 1453 1377 1454
2477 2 2 3 53 1370 1415 1470
2478 2 2 3 53 1413 1350 1448
2479 2 2 3 53 1377 1419 1516
2480 2 2 3 53 499 500 1458
2481 2 2 3 53 561 560 1457
2482 2 2 3 53 1372 1407 1500
2483 2 2 3 53 640 639 1459
2484 2 2 3 53 1359 1410 1481
2485 2 2 3 53 1440 1362 1446
2486 2 2 3 53 650 651 1460
2487 2 2 3 53 1352 1436 1463
2488 2 2 3 53 1388 1440 1446
2489 2 2 3 53 1427 501 1468
2490 2 2 3 53 562 1428 1469
2491 2 2 3 53 1347 1410 1513
2492 2 2 3 53 502 503 1506
2493 2 2 3 53 564 563 1507
2494 2 2 3 53 1443 1353 1515
2495 2 2 3 53 1380 1458 1501
2496 2 2 3 53 1457 1381 1502
2497 2 2 3 53 649 1429 1477
2498 2 2 3 53 1374 1414 1472
2499 2 2 3 53 1469 1428 1504
2500 2 2 3 53 1427 1468 1503
2501 2 2 3 53 1416 1351 1450
2502 2 2 3 53 80 497 1478
2503 2 2 3 53 558 88 1479
2504 2 2 3 53 1352 1411 1455
2505 2 2 3 53 1349 1412 1508
2506 2 2 3 53 1443 1402 1505
2507 2 2 3 53 632 80 1478
2508 2 2 3 53 88 642 1479
2509 2 2 3 53 1411 1352 1463
2510 2 2 3 53 1379 1434 1476
2511 2 2 3 53 1434 1351 1476
2512 2 2 3 53 1383 1412 1475
2513 2 2 3 53 1413 1382 1474
2514 2 2 3 53 1446 1347 1513
2515 2 2 3 53 1346 1423 1492
2516 2 2 3 53 1444 1371 1476
2517 2 2 3 53 1368 1414 1466
2518 2 2 3 53 89 568 1484
2519 2 2 3 53 507 81 1485
2520 2 2 3 53 1372 1426 1456
2521 2 2 3 53 1426 1359 1456
2522 2 2 3 53 1353 1414 1514
2523 2 2 3 53 1423 1359 1481
2524 2 2 3 53 1419 638 1516
2525 2 2 3 53 499 1458 1511
2526 2 2 3 53 1457 560 1512
2527 2 2 3 53 653 89 1484
2528 2 2 3 53 81 643 1485
2529 2 2 3 53 1414 1374 1514
2530 2 2 3 53 565 564 1483
2531 2 2 3 53 503 504 1482
2532 2 2 3 53 1417 1392 1486
2533 2 2 3 53 1393 1418 1487
2534 2 2 3 53 504 505 1510
2535 2 2 3 53 566 565 1509
2536 2 2 3 53 1423 1371 1492
2537 2 2 3 53 1440 1354 1454
2538 2 2 3 53 1397 1422 1494
2539 2 2 3 53 1421 1396 1493
2540 2 2 3 53 498 1417 1486
2541 2 2 3 53 1418 559 1487
2542 2 2 3 53 1394 1454 1473
2543 2 2 3 53 1454 1377 1473
2544 2 2 3 53 1388 1446 1513
2545 2 2 3 53 639 1419 1459
2546 2 2 3 53 1434 1360 1503
2547 2 2 3 53 1433 635 1465
2548 2 2 3 53 1380 1417 1511
2549 2 2 3 53 1418 1381 1512
2550 2 2 3 53 1414 1445 1472
2551 2 2 3 53 1369 1471 1480
2552 2 2 3 53 1432 1372 1461
2553 2 2 3 53 1428 561 1457
2554 2 2 3 53 500 1427 1458
2555 2 2 3 53 638 637 1516
2556 2 2 3 53 645 646 1462
2557 2 2 3 53 567 1421 1493
2558 2 2 3 53 1422 506 1494
2559 2 2 3 53 635 634 1465
2560 2 2 3 53 1447 1405 1501
2561 2 2 3 53 1360 1447 1501
2562 2 2 3 53 501 502 1468
2563 2 2 3 53 563 562 1469
2564 2 2 3 53 1429 650 1460
2565 2 2 3 53 1471 1401 1480
2566 2 2 3 53 1374 1420 1514
2567 2 2 3 53 1439 565 1483
2568 2 2 3 53 504 1438 1482
2569 2 2 3 53 646 1442 1462
2570 2 2 3 53 1438 504 1510
2571 2 2 3 53 565 1439 1509
2572 2 2 3 53 644 1424 1499
2573 2 2 3 53 1425 652 1498
2574 2 2 3 53 648 649 1477
2575 2 2 3 53 1426 1372 1500
2576 2 2 3 53 497 498 1486
2577 2 2 3 53 559 558 1487
2578 2 2 3 53 506 507 1494
2579 2 2 3 53 568 567 1493
2580 2 2 3 53 1424 1397 1499
2581 2 2 3 53 1396 1425 1498
2582 2 2 3 53 1366 1432 1461
2583 2 2 3 53 1353 1514 1515
2584 2 2 3 53 633 632 1488
2585 2 2 3 53 642 641 1489
2586 2 2 3 53 1514 1420 1515
2587 2 2 3 53 652 653 1498
2588 2 2 3 53 643 644 1499
2589 2 2 3 53 1371 1423 1481
2590 2 2 3 53 1432 1348 1467
2591 2 2 3 53 1372 1432 1467
2592 2 2 3 53 1354 1426 1500
2593 2 2 3 53 1360 1427 1503
2594 2 2 3 53 1428 1361 1504
2595 2 2 3 53 1376 1469 1504
2596 2 2 3 53 1468 1375 1503
2597 2 2 3 53 1374 1441 1464
2598 2 2 3 53 1441 1370 1464
2599 2 2 3 53 1430 633 1488
2600 2 2 3 53 641 1431 1489
2601 2 2 3 53 1445 1368 1491
2602 2 2 3 53 1408 1445 1491
2603 2 2 3 53 1392 1430 1488
2604 2 2 3 53 1431 1393 1489
2605 2 2 3 53 1436 1352 1497
2606 2 2 3 53 1376 1436 1497
2607 2 2 3 53 1361 1436 1504
2608 2 2 3 53 1436 1376 1504
2609 2 2 3 53 1451 1407 1467
2610 2 2 3 53 1437 1369 1480
2611 2 2 3 53 1441 1374 1472
2612 2 2 3 53 1349 1441 1472
2613 2 2 3 53 1373 1437 1480
2614 2 2 3 53 1352 1435 1497
2615 2 2 3 53 1351 1444 1476
2616 2 2 3 53 1445 1349 1472
2617 2 2 3 53 1439 1383 1509
2618 2 2 3 53 1382 1438 1510
2619 2 2 3 53 1367 1449 1490
2620 2 2 3 53 1372 1456 1461
2621 2 2 3 53 1378 1466 1505
2622 2 2 3 53 1449 1409 1490
2623 2 2 3 53 1353 1443 1505
2624 2 2 3 53 1406 1452 1502
2625 2 2 3 53 1452 1361 1502
2626 2 2 3 53 1405 1495 1501
2627 2 2 3 53 1496 1406 1502
2628 2 2 3 53 1381 1457 1512
2629 2 2 3 53 1458 1380 1511
2630 2 2 3 53 1495 1380 1501
2631 2 2 3 53 1381 1496 1502
2632 2 2 3 53 1348 1451 1467
2633 2 2 3 53 1456 1398 1461
2634 2 2 3 53 1485 1397 1494
2635 2 2 3 53 1396 1484 1493
2636 2 2 3 53 1469 1376 1507
2637 2 2 3 53 1375 1468 1506
2638 2 2 3 53 507 1485 1494
2639 2 2 3 53 1484 568 1493
2640 2 2 3 53 1392 1478 1486
2641 2 2 3 53 1479 1393 1487
2642 2 2 3 53 637 1473 1516
2643 2 2 3 53 1478 497 1486
2644 2 2 3 53 558 1479 1487
2645 2 2 3 53 1485 643 1499
2646 2 2 3 53 653 1484 1498
2647 2 2 3 53 1395 1464 1470
2648 2 2 3 53 1464 1370 1470
2649 2 2 3 53 1484 1396 1498
2650 2 2 3 53 1397 1485 1499
2651 2 2 3 53 1479 642 1489
2652 2 2 3 53 632 1478 1488
2653 2 2 3 53 1393 1479 1489
2654 2 2 3 53 1478 1392 1488
2655 2 2 3 53 1468 502 1506
2656 2 2 3 53 563 1469 1507
2657 2 2 3 53 1473 1377 1516
2658 2 2 3 54 643 654 655
2659 2 2 3 54 643 655 644
2660 2 2 3 54 644 655 656
2661 2 2 3 54 644 656 645
2662 2 2 3 54 1517 664 90
2663 2 2 3 54 569 1517 90
2664 2 2 3 54 654 1518 82
2665 2 2 3 54 1518 508 82
2666 2 2 3 54 648 647 658
2667 2 2 3 54 648 660 649
2668 2 2 3 54 648 659 660
2669 2 2 3 54 649 661 650
2670 2 2 3 54 653 1517 89
2671 2 2 3 54 1517 653 664
2672 2 2 3 54 1517 569 89
2673 2 2 3 54 1518 643 81
2674 2 2 3 54 643 1518 654
2675 2 2 3 54 508 1518 81
2676 2 2 3 54 663 664 653
2677 2 2 3 54 663 653 652
2678 2 2 3 54 662 663 652
2679 2 2 3 54 662 652 651
2680 2 2 3 54 657 658 646
2681 2 2 3 54 646 658 647
2682 2 2 3 54 661 662 651
2683 2 2 3 54 661 651 650
2684 2 2 3 54 656 657 646
2685 2 2 3 54 659 648 658
2686 2 2 3 54 645 656 646
2687 2 2 3 54 649 660 661
2688 2 2 3 55 1592 1526 1620
2689 2 2 3 55 1593 1527 1621
2690 2 2 3 55 1548 1592 1620
2691 2 2 3 55 1549 1593 1621
2692 2 2 3 55 1616 1587 1674
2693 2 2 3 55 1617 1586 1675
2694 2 2 3 55 1562 1529 1689
2695 2 2 3 55 1531 1564 1691
2696 2 2 3 55 1563 1528 1688
2697 2 2 3 55 1530 1565 1690
2698 2 2 3 55 1533 1587 1616
2699 2 2 3 55 1532 1586 1617
2700 2 2 3 55 1529 1572 1689
2701 2 2 3 55 1574 1531 1691
2702 2 2 3 55 1528 1573 1688
2703 2 2 3 55 1575 1530 1690
2704 2 2 3 55 1605 1519 1617
2705 2 2 3 55 1604 1519 1616
2706 2 2 3 55 1599 1524 1624
2707 2 2 3 55 1600 1525 1625
2708 2 2 3 55 1599 1624 1658
2709 2 2 3 55 1600 1625 1659
2710 2 2 3 55 1532 1559 1686
2711 2 2 3 55 1533 1558 1687
2712 2 2 3 55 1562 656 1610
2713 2 2 3 55 1563 536 1611
2714 2 2 3 55 662 1564 1612
2715 2 2 3 55 542 1565 1613
2716 2 2 3 55 1564 662 1648
2717 2 2 3 55 1565 542 1649
2718 2 2 3 55 1528 1566 1588
2719 2 2 3 55 1529 1567 1589
2720 2 2 3 55 1568 1530 1590
2721 2 2 3 55 1569 1531 1591
2722 2 2 3 55 1545 1616 1674
2723 2 2 3 55 1544 1617 1675
2724 2 2 3 55 1538 1560 1608
2725 2 2 3 55 1539 1561 1609
2726 2 2 3 55 1528 1563 1611
2727 2 2 3 55 1529 1562 1610
2728 2 2 3 55 1565 1530 1613
2729 2 2 3 55 1564 1531 1612
2730 2 2 3 55 1566 1528 1611
2731 2 2 3 55 1567 1529 1610
2732 2 2 3 55 1530 1568 1613
2733 2 2 3 55 1531 1569 1612
2734 2 2 3 55 1586 1532 1686
2735 2 2 3 55 1587 1533 1687
2736 2 2 3 55 1565 1614 1690
2737 2 2 3 55 1564 1615 1691
2738 2 2 3 55 1559 1532 1621
2739 2 2 3 55 1558 1533 1620
2740 2 2 3 55 1560 1538 1631
2741 2 2 3 55 1561 1539 1630
2742 2 2 3 55 1544 1605 1617
2743 2 2 3 55 1545 1604 1616
2744 2 2 3 55 1615 1564 1648
2745 2 2 3 55 1614 1565 1649
2746 2 2 3 55 1559 1527 1618
2747 2 2 3 55 1558 1526 1619
2748 2 2 3 55 1526 1558 1620
2749 2 2 3 55 1527 1559 1621
2750 2 2 3 55 1588 579 1642
2751 2 2 3 55 518 1590 1643
2752 2 2 3 55 1589 511 1640
2753 2 2 3 55 572 1591 1641
2754 2 2 3 55 580 579 1588
2755 2 2 3 55 518 519 1590
2756 2 2 3 55 510 511 1589
2757 2 2 3 55 572 571 1591
2758 2 2 3 55 513 1584 1596
2759 2 2 3 55 1585 574 1597
2760 2 2 3 55 577 1582 1594
2761 2 2 3 55 1583 516 1595
2762 2 2 3 55 515 516 1583
2763 2 2 3 55 577 576 1582
2764 2 2 3 55 575 574 1585
2765 2 2 3 55 513 514 1584
2766 2 2 3 55 1519 1577 1617
2767 2 2 3 55 1519 1576 1616
2768 2 2 3 55 1586 1520 1646
2769 2 2 3 55 1587 1521 1647
2770 2 2 3 55 1555 1586 1646
2771 2 2 3 55 1554 1587 1647
2772 2 2 3 55 540 1570 1614
2773 2 2 3 55 660 1571 1615
2774 2 2 3 55 1534 1584 1600
2775 2 2 3 55 1585 1535 1601
2776 2 2 3 55 1536 1582 1599
2777 2 2 3 55 1583 1537 1598
2778 2 2 3 55 1584 1546 1600
2779 2 2 3 55 1547 1585 1601
2780 2 2 3 55 1582 1547 1599
2781 2 2 3 55 1546 1583 1598
2782 2 2 3 55 1535 1580 1677
2783 2 2 3 55 1537 1581 1676
2784 2 2 3 55 1535 1677 1679
2785 2 2 3 55 1537 1676 1678
2786 2 2 3 55 656 1562 1639
2787 2 2 3 55 536 1563 1638
2788 2 2 3 55 1539 1576 1605
2789 2 2 3 55 1538 1577 1604
2790 2 2 3 55 1570 540 1650
2791 2 2 3 55 1571 660 1651
2792 2 2 3 55 1576 1519 1605
2793 2 2 3 55 1577 1519 1604
2794 2 2 3 55 1614 1542 1690
2795 2 2 3 55 1615 1543 1691
2796 2 2 3 55 663 662 1612
2797 2 2 3 55 543 542 1613
2798 2 2 3 55 536 535 1611
2799 2 2 3 55 656 655 1610
2800 2 2 3 55 1608 1560 1676
2801 2 2 3 55 1609 1561 1677
2802 2 2 3 55 1578 1534 1647
2803 2 2 3 55 1579 1536 1646
2804 2 2 3 55 1572 1529 1632
2805 2 2 3 55 1573 1528 1634
2806 2 2 3 55 1531 1574 1633
2807 2 2 3 55 1530 1575 1635
2808 2 2 3 55 1529 1589 1632
2809 2 2 3 55 1528 1588 1634
2810 2 2 3 55 1591 1531 1633
2811 2 2 3 55 1590 1530 1635
2812 2 2 3 55 1589 1550 1632
2813 2 2 3 55 1588 1552 1634
2814 2 2 3 55 1551 1591 1633
2815 2 2 3 55 1553 1590 1635
2816 2 2 3 55 515 1583 1644
2817 2 2 3 55 1582 576 1645
2818 2 2 3 55 575 1585 1645
2819 2 2 3 55 1584 514 1644
2820 2 2 3 55 1542 1570 1637
2821 2 2 3 55 1543 1571 1636
2822 2 2 3 55 1540 1638 1688
2823 2 2 3 55 1541 1639 1689
2824 2 2 3 55 1552 1588 1642
2825 2 2 3 55 1590 1553 1643
2826 2 2 3 55 1550 1589 1640
2827 2 2 3 55 1591 1551 1641
2828 2 2 3 55 512 513 1596
2829 2 2 3 55 574 573 1597
2830 2 2 3 55 578 577 1594
2831 2 2 3 55 516 517 1595
2832 2 2 3 55 1582 1536 1594
2833 2 2 3 55 1537 1583 1595
2834 2 2 3 55 1584 1534 1596
2835 2 2 3 55 1535 1585 1597
2836 2 2 3 55 1570 1542 1614
2837 2 2 3 55 1571 1543 1615
2838 2 2 3 55 1647 1534 1659
2839 2 2 3 55 1646 1536 1658
2840 2 2 3 55 1541 1607 1639
2841 2 2 3 55 1540 1606 1638
2842 2 2 3 55 1522 1608 1676
2843 2 2 3 55 1523 1609 1677
2844 2 2 3 55 1532 1577 1661
2845 2 2 3 55 1533 1576 1660
2846 2 2 3 55 1538 1603 1631
2847 2 2 3 55 1539 1602 1630
2848 2 2 3 55 1583 1546 1644
2849 2 2 3 55 1547 1582 1645
2850 2 2 3 55 1585 1547 1645
2851 2 2 3 55 1546 1584 1644
2852 2 2 3 55 1576 1533 1616
2853 2 2 3 55 1577 1532 1617
2854 2 2 3 55 1577 1538 1626
2855 2 2 3 55 1576 1539 1627
2856 2 2 3 55 660 659 1651
2857 2 2 3 55 540 539 1650
2858 2 2 3 55 1544 1602 1605
2859 2 2 3 55 1545 1603 1604
2860 2 2 3 55 1572 1632 1682
2861 2 2 3 55 1633 1574 1683
2862 2 2 3 55 1573 1634 1684
2863 2 2 3 55 1635 1575 1685
2864 2 2 3 55 541 540 1614
2865 2 2 3 55 661 660 1615
2866 2 2 3 55 1593 1542 1637
2867 2 2 3 55 1592 1543 1636
2868 2 2 3 55 1603 1538 1604
2869 2 2 3 55 1602 1539 1605
2870 2 2 3 55 1521 1623 1682
2871 2 2 3 55 1520 1622 1684
2872 2 2 3 55 1623 1572 1682
2873 2 2 3 55 1622 1573 1684
2874 2 2 3 55 1577 1626 1661
2875 2 2 3 55 1576 1627 1660
2876 2 2 3 55 1542 1629 1690
2877 2 2 3 55 1543 1628 1691
2878 2 2 3 55 1525 1598 1631
2879 2 2 3 55 1524 1601 1630
2880 2 2 3 55 1676 1560 1678
2881 2 2 3 55 1677 1561 1679
2882 2 2 3 55 1624 1555 1658
2883 2 2 3 55 1625 1554 1659
2884 2 2 3 55 1543 1592 1628
2885 2 2 3 55 1542 1593 1629
2886 2 2 3 55 538 537 1606
2887 2 2 3 55 658 657 1607
2888 2 2 3 55 1536 1579 1664
2889 2 2 3 55 1534 1578 1662
2890 2 2 3 55 1581 1537 1665
2891 2 2 3 55 1580 1535 1663
2892 2 2 3 55 1629 1575 1690
2893 2 2 3 55 1628 1574 1691
2894 2 2 3 55 1622 1540 1688
2895 2 2 3 55 1623 1541 1689
2896 2 2 3 55 1573 1622 1688
2897 2 2 3 55 1572 1623 1689
2898 2 2 3 55 1520 1586 1686
2899 2 2 3 55 1521 1587 1687
2900 2 2 3 55 1638 1563 1688
2901 2 2 3 55 1639 1562 1689
2902 2 2 3 55 1589 1567 1667
2903 2 2 3 55 1588 1566 1666
2904 2 2 3 55 1569 1591 1669
2905 2 2 3 55 1568 1590 1668
2906 2 2 3 55 1586 1555 1675
2907 2 2 3 55 1587 1554 1674
2908 2 2 3 55 1570 1650 1693
2909 2 2 3 55 1571 1651 1692
2910 2 2 3 55 580 1588 1666
2911 2 2 3 55 1590 519 1668
2912 2 2 3 55 510 1589 1667
2913 2 2 3 55 1591 571 1669
2914 2 2 3 55 1592 1548 1652
2915 2 2 3 55 1593 1549 1653
2916 2 2 3 55 1538 1608 1626
2917 2 2 3 55 1539 1609 1627
2918 2 2 3 55 1525 1603 1625
2919 2 2 3 55 1524 1602 1624
2920 2 2 3 55 1603 1545 1625
2921 2 2 3 55 1602 1544 1624
2922 2 2 3 55 1631 1598 1678
2923 2 2 3 55 1630 1601 1679
2924 2 2 3 55 1526 1592 1636
2925 2 2 3 55 1527 1593 1637
2926 2 2 3 55 1618 1693 1694
2927 2 2 3 55 1619 1692 1695
2928 2 2 3 55 537 536 1638
2929 2 2 3 55 657 656 1639
2930 2 2 3 55 1619 1541 1623
2931 2 2 3 55 1618 1540 1622
2932 2 2 3 55 1558 1619 1623
2933 2 2 3 55 1559 1618 1622
2934 2 2 3 55 1621 1532 1661
2935 2 2 3 55 1620 1533 1660
2936 2 2 3 55 512 1596 1640
2937 2 2 3 55 1597 573 1641
2938 2 2 3 55 578 1594 1642
2939 2 2 3 55 1595 517 1643
2940 2 2 3 55 1594 1552 1642
2941 2 2 3 55 1596 1550 1640
2942 2 2 3 55 1553 1595 1643
2943 2 2 3 55 1551 1597 1641
2944 2 2 3 55 1607 1556 1696
2945 2 2 3 55 1606 1557 1697
2946 2 2 3 55 1618 1527 1693
2947 2 2 3 55 1619 1526 1692
2948 2 2 3 55 1651 1556 1692
2949 2 2 3 55 1650 1557 1693
2950 2 2 3 55 1556 1607 1695
2951 2 2 3 55 1557 1606 1694
2952 2 2 3 55 1578 1632 1662
2953 2 2 3 55 1633 1580 1663
2954 2 2 3 55 1579 1634 1664
2955 2 2 3 55 1635 1581 1665
2956 2 2 3 55 1632 1550 1662
2957 2 2 3 55 1551 1633 1663
2958 2 2 3 55 1634 1552 1664
2959 2 2 3 55 1553 1635 1665
2960 2 2 3 55 82 509 1655
2961 2 2 3 55 86 581 1654
2962 2 2 3 55 520 78 1656
2963 2 2 3 55 570 90 1657
2964 2 2 3 55 534 86 1654
2965 2 2 3 55 654 82 1655
2966 2 2 3 55 78 544 1656
2967 2 2 3 55 90 664 1657
2968 2 2 3 55 1622 1520 1686
2969 2 2 3 55 1623 1521 1687
2970 2 2 3 55 1602 1524 1630
2971 2 2 3 55 1603 1525 1631
2972 2 2 3 55 1552 1594 1664
2973 2 2 3 55 1595 1553 1665
2974 2 2 3 55 1550 1596 1662
2975 2 2 3 55 1597 1551 1663
2976 2 2 3 55 1594 1536 1664
2977 2 2 3 55 1537 1595 1665
2978 2 2 3 55 1596 1534 1662
2979 2 2 3 55 1535 1597 1663
2980 2 2 3 55 1559 1622 1686
2981 2 2 3 55 1558 1623 1687
2982 2 2 3 55 1555 1646 1658
2983 2 2 3 55 1554 1647 1659
2984 2 2 3 55 1608 1549 1626
2985 2 2 3 55 1609 1548 1627
2986 2 2 3 55 538 1606 1697
2987 2 2 3 55 658 1607 1696
2988 2 2 3 55 1574 1628 1683
2989 2 2 3 55 1575 1629 1685
2990 2 2 3 55 1628 1523 1683
2991 2 2 3 55 1629 1522 1685
2992 2 2 3 55 1606 1540 1694
2993 2 2 3 55 1607 1541 1695
2994 2 2 3 55 1536 1599 1658
2995 2 2 3 55 1534 1600 1659
2996 2 2 3 55 1598 1525 1681
2997 2 2 3 55 1524 1599 1680
2998 2 2 3 55 1601 1524 1680
2999 2 2 3 55 1525 1600 1681
3000 2 2 3 55 1598 1537 1678
3001 2 2 3 55 1601 1535 1679
3002 2 2 3 55 1546 1598 1681
3003 2 2 3 55 1599 1547 1680
3004 2 2 3 55 1547 1601 1680
3005 2 2 3 55 1600 1546 1681
3006 2 2 3 55 1606 537 1638
3007 2 2 3 55 1607 657 1639
3008 2 2 3 55 661 1615 1648
3009 2 2 3 55 541 1614 1649
3010 2 2 3 55 1549 1608 1653
3011 2 2 3 55 1548 1609 1652
3012 2 2 3 55 1608 1522 1653
3013 2 2 3 55 1609 1523 1652
3014 2 2 3 55 1636 1571 1692
3015 2 2 3 55 1637 1570 1693
3016 2 2 3 55 1692 1556 1695
3017 2 2 3 55 1693 1557 1694
3018 2 2 3 55 511 512 1640
3019 2 2 3 55 573 572 1641
3020 2 2 3 55 579 578 1642
3021 2 2 3 55 517 518 1643
3022 2 2 3 55 514 515 1644
3023 2 2 3 55 576 575 1645
3024 2 2 3 55 662 661 1648
3025 2 2 3 55 542 541 1649
3026 2 2 3 55 659 658 1696
3027 2 2 3 55 539 538 1697
3028 2 2 3 55 581 580 1666
3029 2 2 3 55 509 510 1667
3030 2 2 3 55 519 520 1668
3031 2 2 3 55 571 570 1669
3032 2 2 3 55 1647 1521 1682
3033 2 2 3 55 1646 1520 1684
3034 2 2 3 55 1578 1647 1682
3035 2 2 3 55 1579 1646 1684
3036 2 2 3 55 535 534 1670
3037 2 2 3 55 655 654 1671
3038 2 2 3 55 544 543 1672
3039 2 2 3 55 664 663 1673
3040 2 2 3 55 1629 1593 1653
3041 2 2 3 55 1628 1592 1652
3042 2 2 3 55 1634 1579 1684
3043 2 2 3 55 1581 1635 1685
3044 2 2 3 55 1632 1578 1682
3045 2 2 3 55 1580 1633 1683
3046 2 2 3 55 1610 655 1671
3047 2 2 3 55 1611 535 1670
3048 2 2 3 55 663 1612 1673
3049 2 2 3 55 543 1613 1672
3050 2 2 3 55 1567 1610 1671
3051 2 2 3 55 1566 1611 1670
3052 2 2 3 55 1612 1569 1673
3053 2 2 3 55 1613 1568 1672
3054 2 2 3 55 1548 1620 1660
3055 2 2 3 55 1549 1621 1661
3056 2 2 3 55 1540 1618 1694
3057 2 2 3 55 1541 1619 1695
3058 2 2 3 55 1561 1630 1679
3059 2 2 3 55 1560 1631 1678
3060 2 2 3 55 1554 1625 1674
3061 2 2 3 55 1555 1624 1675
3062 2 2 3 55 1625 1545 1674
3063 2 2 3 55 1624 1544 1675
3064 2 2 3 55 1523 1677 1683
3065 2 2 3 55 1522 1676 1685
3066 2 2 3 55 1677 1580 1683
3067 2 2 3 55 1676 1581 1685
3068 2 2 3 55 1523 1628 1652
3069 2 2 3 55 1522 1629 1653
3070 2 2 3 55 1626 1549 1661
3071 2 2 3 55 1627 1548 1660
3072 2 2 3 55 1651 659 1696
3073 2 2 3 55 1650 539 1697
3074 2 2 3 55 1566 1654 1666
3075 2 2 3 55 1567 1655 1667
3076 2 2 3 55 1657 1569 1669
3077 2 2 3 55 1656 1568 1668
3078 2 2 3 55 1654 581 1666
3079 2 2 3 55 1655 509 1667
3080 2 2 3 55 570 1657 1669
3081 2 2 3 55 520 1656 1668
3082 2 2 3 55 534 1654 1670
3083 2 2 3 55 1657 664 1673
3084 2 2 3 55 1656 544 1672
3085 2 2 3 55 654 1655 1671
3086 2 2 3 55 1654 1566 1670
3087 2 2 3 55 1569 1657 1673
3088 2 2 3 55 1568 1656 1672
3089 2 2 3 55 1655 1567 1671
3090 2 2 3 55 1526 1636 1692
3091 2 2 3 55 1527 1637 1693
3092 2 2 3 55 1557 1650 1697
3093 2 2 3 55 1556 1651 1696
3094 2 2 3 56 586 549 587
3095 2 2 3 56 587 549 550
3096 2 2 3 56 587 550 588
3097 2 2 3 56 588 550 551
3098 2 2 3 56 1698 582 84
3099 2 2 3 56 521 1698 84
3100 2 2 3 56 1699 617 91
3101 2 2 3 56 593 1699 91
3102 2 2 3 56 552 589 551
3103 2 2 3 56 551 589 588
3104 2 2 3 56 553 589 552
3105 2 2 3 56 553 590 589
3106 2 2 3 56 556 1699 593
3107 2 2 3 56 617 1699 87
3108 2 2 3 56 1699 556 87
3109 2 2 3 56 545 1698 83
3110 2 2 3 56 1698 545 582
3111 2 2 3 56 1698 521 83
3112 2 2 3 56 583 582 545
3113 2 2 3 56 556 593 592
3114 2 2 3 56 546 584 583
3115 2 2 3 56 546 583 545
3116 2 2 3 56 591 555 592
3117 2 2 3 56 592 555 556
3118 2 2 3 56 586 585 549
3119 2 2 3 56 549 585 548
3120 2 2 3 56 590 554 591
3121 2 2 3 56 591 554 555
3122 2 2 3 56 547 585 584
3123 2 2 3 56 547 584 546
3124 2 2 3 56 548 585 547
3125 2 2 3 56 554 590 553
3126 2 2 3 57 617 87 557
3127 2 2 3 57 557 88 618
3128 2 2 3 57 617 557 618
3129 2 2 3 57 618 91 617
3130 2 2 3 58 595 559 596
3131 2 2 3 58 596 559 560
3132 2 2 3 58 1700 619 92
3133 2 2 3 58 604 1700 92
3134 2 2 3 58 618 1701 91
3135 2 2 3 58 1701 594 91
3136 2 2 3 58 599 562 563
3137 2 2 3 58 599 598 562
3138 2 2 3 58 562 597 561
3139 2 2 3 58 562 598 597
3140 2 2 3 58 568 1700 604
3141 2 2 3 58 619 1700 89
3142 2 2 3 58 1700 568 89
3143 2 2 3 58 1701 558 594
3144 2 2 3 58 1701 618 88
3145 2 2 3 58 558 1701 88
3146 2 2 3 58 603 567 604
3147 2 2 3 58 604 567 568
3148 2 2 3 58 567 603 602
3149 2 2 3 58 567 602 566
3150 2 2 3 58 559 595 558
3151 2 2 3 58 561 597 596
3152 2 2 3 58 561 596 560
3153 2 2 3 58 566 602 601
3154 2 2 3 58 566 601 565
3155 2 2 3 58 594 558 595
3156 2 2 3 58 565 601 600
3157 2 2 3 58 565 600 564
3158 2 2 3 58 600 599 564
3159 2 2 3 58 564 599 563
3160 2 2 3 59 619 89 569
3161 2 2 3 59 569 90 620
3162 2 2 3 59 619 569 620
3163 2 2 3 59 620 92 619
3164 2 2 3 60 620 1702 92
3165 2 2 3 60 1702 605 92
3166 2 2 3 60 1703 581 86
3167 2 2 3 60 533 1703 86
3168 2 2 3 60 616 1703 85
3169 2 2 3 60 1703 616 581
3170 2 2 3 60 1703 533 85
3171 2 2 3 60 576 577 612
3172 2 2 3 60 610 575 611
3173 2 2 3 60 612 611 576
3174 2 2 3 60 610 574 575
3175 2 2 3 60 1702 570 605
3176 2 2 3 60 1702 620 90
3177 2 2 3 60 570 1702 90
3178 2 2 3 60 614 579 615
3179 2 2 3 60 615 579 580
3180 2 2 3 60 616 615 581
3181 2 2 3 60 608 607 573
3182 2 2 3 60 573 607 572
3183 2 2 3 60 615 580 581
3184 2 2 3 60 574 609 608
3185 2 2 3 60 574 608 573
3186 2 2 3 60 613 578 614
3187 2 2 3 60 614 578 579
3188 2 2 3 60 572 607 571
3189 2 2 3 60 574 610 609
3190 2 2 3 60 605 570 571
3191 2 2 3 60 605 571 606
3192 2 2 3 60 606 571 607
3193 2 2 3 60 612 577 613
3194 2 2 3 60 613 577 578
3195 2 2 3 60 575 576 611
3196 2 2 3 61 1741 1728 1793
3197 2 2 3 61 1727 1740 1792
3198 2 2 3 61 1746 524 1796
3199 2 2 3 61 596 1747 1797
3200 2 2 3 61 530 1748 1798
3201 2 2 3 61 1749 602 1799
3202 2 2 3 61 1744 1795 1810
3203 2 2 3 61 1744 1721 1784
3204 2 2 3 61 1722 1745 1783
3205 2 2 3 61 524 1746 1833
3206 2 2 3 61 1747 596 1834
3207 2 2 3 61 1710 1744 1784
3208 2 2 3 61 1745 1710 1783
3209 2 2 3 61 1740 1727 1813
3210 2 2 3 61 1728 1741 1814
3211 2 2 3 61 1795 1744 1872
3212 2 2 3 61 1718 1742 1789
3213 2 2 3 61 1742 1705 1789
3214 2 2 3 61 1706 1743 1851
3215 2 2 3 61 1742 1718 1791
3216 2 2 3 61 1723 1769 1780
3217 2 2 3 61 1711 1742 1791
3218 2 2 3 61 1743 1712 1790
3219 2 2 3 61 1750 1713 1776
3220 2 2 3 61 1714 1751 1779
3221 2 2 3 61 1715 1752 1778
3222 2 2 3 61 1753 1716 1777
3223 2 2 3 61 1774 1709 1800
3224 2 2 3 61 1730 1774 1800
3225 2 2 3 61 1721 1744 1810
3226 2 2 3 61 1745 1722 1809
3227 2 2 3 61 1744 1710 1872
3228 2 2 3 61 1713 1750 1797
3229 2 2 3 61 1751 1714 1799
3230 2 2 3 61 1752 1715 1796
3231 2 2 3 61 1716 1753 1798
3232 2 2 3 61 1705 1742 1808
3233 2 2 3 61 1743 1706 1807
3234 2 2 3 61 1710 1745 1824
3235 2 2 3 61 1760 1714 1830
3236 2 2 3 61 1713 1759 1828
3237 2 2 3 61 1761 1715 1829
3238 2 2 3 61 1716 1762 1827
3239 2 2 3 61 1803 1833 1880
3240 2 2 3 61 1834 1802 1881
3241 2 2 3 61 1723 1780 1824
3242 2 2 3 61 1742 1711 1805
3243 2 2 3 61 1712 1743 1804
3244 2 2 3 61 1833 1746 1880
3245 2 2 3 61 1747 1834 1881
3246 2 2 3 61 1816 1709 1868
3247 2 2 3 61 1759 1713 1884
3248 2 2 3 61 1714 1760 1886
3249 2 2 3 61 1715 1761 1885
3250 2 2 3 61 1762 1716 1887
3251 2 2 3 61 1717 1755 1781
3252 2 2 3 61 1709 1782 1868
3253 2 2 3 61 1754 1718 1849
3254 2 2 3 61 1725 1757 1804
3255 2 2 3 61 1758 1726 1805
3256 2 2 3 61 609 610 1772
3257 2 2 3 61 586 587 1770
3258 2 2 3 61 588 589 1771
3259 2 2 3 61 611 612 1773
3260 2 2 3 61 1724 1795 1872
3261 2 2 3 61 1748 530 1832
3262 2 2 3 61 602 1749 1831
3263 2 2 3 61 1718 1756 1849
3264 2 2 3 61 1778 584 1835
3265 2 2 3 61 1779 607 1836
3266 2 2 3 61 614 1777 1838
3267 2 2 3 61 591 1776 1837
3268 2 2 3 61 586 1770 1785
3269 2 2 3 61 609 1772 1788
3270 2 2 3 61 1771 589 1786
3271 2 2 3 61 1773 612 1787
3272 2 2 3 61 531 530 1798
3273 2 2 3 61 524 523 1796
3274 2 2 3 61 602 603 1799
3275 2 2 3 61 595 596 1797
3276 2 2 3 61 1775 1706 1851
3277 2 2 3 61 614 615 1777
3278 2 2 3 61 583 584 1778
3279 2 2 3 61 591 592 1776
3280 2 2 3 61 606 607 1779
3281 2 2 3 61 1760 1830 1878
3282 2 2 3 61 1828 1759 1875
3283 2 2 3 61 1761 1829 1876
3284 2 2 3 61 1827 1762 1877
3285 2 2 3 61 1723 1754 1857
3286 2 2 3 61 1755 1724 1858
3287 2 2 3 61 598 1757 1802
3288 2 2 3 61 1758 526 1803
3289 2 2 3 61 588 1771 1839
3290 2 2 3 61 611 1773 1840
3291 2 2 3 61 1772 610 1840
3292 2 2 3 61 1770 587 1839
3293 2 2 3 61 1733 1771 1782
3294 2 2 3 61 1772 1734 1784
3295 2 2 3 61 1734 1773 1783
3296 2 2 3 61 1771 1720 1782
3297 2 2 3 61 1721 1772 1784
3298 2 2 3 61 1773 1722 1783
3299 2 2 3 61 1764 1719 1806
3300 2 2 3 61 1709 1774 1801
3301 2 2 3 61 1757 598 1842
3302 2 2 3 61 526 1758 1843
3303 2 2 3 61 1769 1724 1780
3304 2 2 3 61 1718 1754 1822
3305 2 2 3 61 1755 1717 1823
3306 2 2 3 61 1763 1721 1810
3307 2 2 3 61 1722 1766 1809
3308 2 2 3 61 1754 1723 1826
3309 2 2 3 61 1724 1755 1825
3310 2 2 3 61 1704 1781 1858
3311 2 2 3 61 1781 1755 1858
3312 2 2 3 61 1765 1706 1815
3313 2 2 3 61 1727 1831 1883
3314 2 2 3 61 1832 1728 1882
3315 2 2 3 61 1795 1707 1810
3316 2 2 3 61 1708 1794 1809
3317 2 2 3 61 1756 1718 1844
3318 2 2 3 61 1809 1794 1879
3319 2 2 3 61 1710 1780 1872
3320 2 2 3 61 1776 1713 1828
3321 2 2 3 61 1715 1778 1829
3322 2 2 3 61 1777 1716 1827
3323 2 2 3 61 1714 1779 1830
3324 2 2 3 61 1727 1792 1831
3325 2 2 3 61 1793 1728 1832
3326 2 2 3 61 1719 1774 1806
3327 2 2 3 61 585 586 1785
3328 2 2 3 61 608 609 1788
3329 2 2 3 61 612 613 1787
3330 2 2 3 61 589 590 1786
3331 2 2 3 61 1736 1778 1835
3332 2 2 3 61 1777 1737 1838
3333 2 2 3 61 1776 1735 1837
3334 2 2 3 61 1738 1779 1836
3335 2 2 3 61 1770 1719 1785
3336 2 2 3 61 1720 1771 1786
3337 2 2 3 61 1772 1721 1788
3338 2 2 3 61 1722 1773 1787
3339 2 2 3 61 1735 1776 1828
3340 2 2 3 61 1737 1777 1827
3341 2 2 3 61 1778 1736 1829
3342 2 2 3 61 1779 1738 1830
3343 2 2 3 61 1724 1769 1858
3344 2 2 3 61 1769 1723 1857
3345 2 2 3 61 1757 1725 1802
3346 2 2 3 61 1726 1758 1803
3347 2 2 3 61 1771 1733 1839
3348 2 2 3 61 1773 1734 1840
3349 2 2 3 61 1734 1772 1840
3350 2 2 3 61 1733 1770 1839
3351 2 2 3 61 1726 1803 1880
3352 2 2 3 61 1802 1725 1881
3353 2 2 3 61 1756 1730 1856
3354 2 2 3 61 1730 1756 1844
3355 2 2 3 61 1706 1765 1875
3356 2 2 3 61 1743 1790 1851
3357 2 2 3 61 1713 1797 1884
3358 2 2 3 61 1799 1714 1886
3359 2 2 3 61 1796 1715 1885
3360 2 2 3 61 1716 1798 1887
3361 2 2 3 61 1719 1770 1801
3362 2 2 3 61 1727 1767 1813
3363 2 2 3 61 1768 1728 1814
3364 2 2 3 61 1774 1719 1801
3365 2 2 3 61 1721 1763 1861
3366 2 2 3 61 1719 1764 1859
3367 2 2 3 61 1766 1722 1862
3368 2 2 3 61 1774 1730 1874
3369 2 2 3 61 1767 1727 1812
3370 2 2 3 61 1728 1768 1811
3371 2 2 3 61 1709 1801 1867
3372 2 2 3 61 1770 1733 1801
3373 2 2 3 61 598 599 1842
3374 2 2 3 61 527 526 1843
3375 2 2 3 61 1815 1706 1873
3376 2 2 3 61 1790 1717 1851
3377 2 2 3 61 1804 1757 1818
3378 2 2 3 61 1758 1805 1817
3379 2 2 3 61 597 598 1802
3380 2 2 3 61 526 525 1803
3381 2 2 3 61 1780 1710 1824
3382 2 2 3 61 1764 1806 1876
3383 2 2 3 61 1806 1705 1876
3384 2 2 3 61 1807 1706 1875
3385 2 2 3 61 1705 1808 1876
3386 2 2 3 61 1767 1712 1813
3387 2 2 3 61 1711 1768 1814
3388 2 2 3 61 1712 1767 1871
3389 2 2 3 61 1768 1711 1870
3390 2 2 3 61 600 601 1792
3391 2 2 3 61 529 528 1793
3392 2 2 3 61 1759 1807 1875
3393 2 2 3 61 1808 1761 1876
3394 2 2 3 61 1806 1774 1874
3395 2 2 3 61 1797 1747 1884
3396 2 2 3 61 1749 1799 1886
3397 2 2 3 61 1746 1796 1885
3398 2 2 3 61 1798 1748 1887
3399 2 2 3 61 1706 1775 1873
3400 2 2 3 61 1812 1727 1883
3401 2 2 3 61 1728 1811 1882
3402 2 2 3 61 1742 1805 1808
3403 2 2 3 61 1804 1743 1807
3404 2 2 3 61 1775 1717 1841
3405 2 2 3 61 1805 1726 1808
3406 2 2 3 61 1725 1804 1807
3407 2 2 3 61 1717 1775 1851
3408 2 2 3 61 1739 1816 1868
3409 2 2 3 61 1741 1793 1888
3410 2 2 3 61 1792 1740 1889
3411 2 2 3 61 1776 592 1863
3412 2 2 3 61 1777 615 1866
3413 2 2 3 61 583 1778 1865
3414 2 2 3 61 606 1779 1864
3415 2 2 3 61 1760 1812 1883
3416 2 2 3 61 1811 1762 1882
3417 2 2 3 61 1750 1776 1863
3418 2 2 3 61 1753 1777 1866
3419 2 2 3 61 1778 1752 1865
3420 2 2 3 61 1779 1751 1864
3421 2 2 3 61 1821 1704 1849
3422 2 2 3 61 1748 1832 1882
3423 2 2 3 61 1831 1749 1883
3424 2 2 3 61 601 602 1831
3425 2 2 3 61 530 529 1832
3426 2 2 3 61 1781 1704 1821
3427 2 2 3 61 1717 1781 1841
3428 2 2 3 61 1729 1800 1816
3429 2 2 3 61 1807 1759 1881
3430 2 2 3 61 1761 1808 1880
3431 2 2 3 61 1756 1821 1849
3432 2 2 3 61 1809 1766 1877
3433 2 2 3 61 1763 1810 1878
3434 2 2 3 61 1725 1807 1881
3435 2 2 3 61 1808 1726 1880
3436 2 2 3 61 1708 1809 1877
3437 2 2 3 61 1810 1707 1878
3438 2 2 3 61 585 1785 1835
3439 2 2 3 61 1786 590 1837
3440 2 2 3 61 1787 613 1838
3441 2 2 3 61 608 1788 1836
3442 2 2 3 61 91 594 1845
3443 2 2 3 61 604 92 1846
3444 2 2 3 61 85 532 1848
3445 2 2 3 61 522 84 1847
3446 2 2 3 61 1735 1786 1837
3447 2 2 3 61 1737 1787 1838
3448 2 2 3 61 1785 1736 1835
3449 2 2 3 61 1788 1738 1836
3450 2 2 3 61 593 91 1845
3451 2 2 3 61 92 605 1846
3452 2 2 3 61 616 85 1848
3453 2 2 3 61 84 582 1847
3454 2 2 3 61 1788 1721 1861
3455 2 2 3 61 1785 1719 1859
3456 2 2 3 61 1720 1786 1860
3457 2 2 3 61 1722 1787 1862
3458 2 2 3 61 1745 1809 1879
3459 2 2 3 61 1730 1800 1856
3460 2 2 3 61 1738 1788 1861
3461 2 2 3 61 1736 1785 1859
3462 2 2 3 61 1786 1735 1860
3463 2 2 3 61 1787 1737 1862
3464 2 2 3 61 1729 1781 1821
3465 2 2 3 61 1819 1768 1870
3466 2 2 3 61 1767 1820 1871
3467 2 2 3 61 1780 1724 1872
3468 2 2 3 61 1815 1720 1860
3469 2 2 3 61 1731 1819 1870
3470 2 2 3 61 1820 1732 1871
3471 2 2 3 61 1765 1815 1860
3472 2 2 3 61 1789 1730 1844
3473 2 2 3 61 1789 1705 1874
3474 2 2 3 61 1781 1729 1841
3475 2 2 3 61 1717 1790 1823
3476 2 2 3 61 1791 1718 1822
3477 2 2 3 61 1790 1732 1823
3478 2 2 3 61 1731 1791 1822
3479 2 2 3 61 1830 1763 1878
3480 2 2 3 61 1829 1764 1876
3481 2 2 3 61 1765 1828 1875
3482 2 2 3 61 1766 1827 1877
3483 2 2 3 61 1817 1741 1843
3484 2 2 3 61 1740 1818 1842
3485 2 2 3 61 1758 1817 1843
3486 2 2 3 61 1818 1757 1842
3487 2 2 3 61 1790 1712 1871
3488 2 2 3 61 1711 1791 1870
3489 2 2 3 61 1782 1720 1868
3490 2 2 3 61 1811 1708 1877
3491 2 2 3 61 1707 1812 1878
3492 2 2 3 61 1733 1782 1867
3493 2 2 3 61 1762 1811 1877
3494 2 2 3 61 1812 1760 1878
3495 2 2 3 61 1782 1709 1867
3496 2 2 3 61 1734 1783 1869
3497 2 2 3 61 1784 1734 1869
3498 2 2 3 61 600 1792 1889
3499 2 2 3 61 1793 528 1888
3500 2 2 3 61 1783 1710 1869
3501 2 2 3 61 1710 1784 1869
3502 2 2 3 61 1712 1804 1818
3503 2 2 3 61 1805 1711 1817
3504 2 2 3 61 1718 1789 1844
3505 2 2 3 61 1731 1794 1819
3506 2 2 3 61 1795 1732 1820
3507 2 2 3 61 1794 1708 1819
3508 2 2 3 61 1707 1795 1820
3509 2 2 3 61 1723 1794 1826
3510 2 2 3 61 1795 1724 1825
3511 2 2 3 61 1730 1789 1874
3512 2 2 3 61 1800 1709 1816
3513 2 2 3 61 1792 601 1831
3514 2 2 3 61 529 1793 1832
3515 2 2 3 61 1732 1795 1825
3516 2 2 3 61 1794 1731 1826
3517 2 2 3 61 597 1802 1834
3518 2 2 3 61 1803 525 1833
3519 2 2 3 61 1732 1790 1871
3520 2 2 3 61 1791 1731 1870
3521 2 2 3 61 1737 1827 1862
3522 2 2 3 61 1735 1828 1860
3523 2 2 3 61 1829 1736 1859
3524 2 2 3 61 1830 1738 1861
3525 2 2 3 61 1729 1816 1850
3526 2 2 3 61 1827 1766 1862
3527 2 2 3 61 1828 1765 1860
3528 2 2 3 61 1764 1829 1859
3529 2 2 3 61 1763 1830 1861
3530 2 2 3 61 528 527 1888
3531 2 2 3 61 599 600 1889
3532 2 2 3 61 525 524 1833
3533 2 2 3 61 596 597 1834
3534 2 2 3 61 584 585 1835
3535 2 2 3 61 590 591 1837
3536 2 2 3 61 613 614 1838
3537 2 2 3 61 607 608 1836
3538 2 2 3 61 587 588 1839
3539 2 2 3 61 610 611 1840
3540 2 2 3 61 1711 1814 1817
3541 2 2 3 61 1813 1712 1818
3542 2 2 3 61 1705 1806 1874
3543 2 2 3 61 1814 1741 1817
3544 2 2 3 61 1740 1813 1818
3545 2 2 3 61 1752 1796 1854
3546 2 2 3 61 1797 1750 1852
3547 2 2 3 61 1798 1753 1855
3548 2 2 3 61 1751 1799 1853
3549 2 2 3 61 1775 1850 1873
3550 2 2 3 61 1800 1729 1856
3551 2 2 3 61 1796 523 1854
3552 2 2 3 61 595 1797 1852
3553 2 2 3 61 531 1798 1855
3554 2 2 3 61 1799 603 1853
3555 2 2 3 61 603 604 1853
3556 2 2 3 61 532 531 1855
3557 2 2 3 61 594 595 1852
3558 2 2 3 61 523 522 1854
3559 2 2 3 61 1850 1739 1873
3560 2 2 3 61 1794 1723 1879
3561 2 2 3 61 582 583 1865
3562 2 2 3 61 592 593 1863
3563 2 2 3 61 605 606 1864
3564 2 2 3 61 615 616 1866
3565 2 2 3 61 1822 1754 1826
3566 2 2 3 61 1755 1823 1825
3567 2 2 3 61 1731 1822 1826
3568 2 2 3 61 1823 1732 1825
3569 2 2 3 61 1811 1768 1819
3570 2 2 3 61 1767 1812 1820
3571 2 2 3 61 1801 1733 1867
3572 2 2 3 61 1708 1811 1819
3573 2 2 3 61 1812 1707 1820
3574 2 2 3 61 1857 1704 1858
3575 2 2 3 61 1769 1857 1858
3576 2 2 3 61 1739 1815 1873
3577 2 2 3 61 1816 1739 1850
3578 2 2 3 61 1720 1815 1868
3579 2 2 3 61 1729 1821 1856
3580 2 2 3 61 527 1843 1888
3581 2 2 3 61 1842 599 1889
3582 2 2 3 61 1775 1841 1850
3583 2 2 3 61 1846 1751 1853
3584 2 2 3 61 1753 1848 1855
3585 2 2 3 61 1847 1752 1854
3586 2 2 3 61 1750 1845 1852
3587 2 2 3 61 1723 1824 1879
3588 2 2 3 61 1824 1745 1879
3589 2 2 3 61 1815 1739 1868
3590 2 2 3 61 1849 1704 1857
3591 2 2 3 61 1848 532 1855
3592 2 2 3 61 604 1846 1853
3593 2 2 3 61 522 1847 1854
3594 2 2 3 61 1845 594 1852
3595 2 2 3 61 1754 1849 1857
3596 2 2 3 61 1821 1756 1856
3597 2 2 3 61 1847 582 1865
3598 2 2 3 61 593 1845 1863
3599 2 2 3 61 616 1848 1866
3600 2 2 3 61 1846 605 1864
3601 2 2 3 61 1752 1847 1865
3602 2 2 3 61 1845 1750 1863
3603 2 2 3 61 1751 1846 1864
3604 2 2 3 61 1848 1753 1866
3605 2 2 3 61 1841 1729 1850
3606 2 2 3 61 1761 1880 1885
3607 2 2 3 61 1882 1762 1887
3608 2 2 3 61 1881 1759 1884
3609 2 2 3 61 1760 1883 1886
3610 2 2 3 61 1880 1746 1885
3611 2 2 3 61 1748 1882 1887
3612 2 2 3 61 1747 1881 1884
3613 2 2 3 61 1883 1749 1886
3614 2 2 3 61 1740 1842 1889
3615 2 2 3 61 1843 1741 1888
$EndElements
